id,industryId,industry,targetName,targetUnit,value,createTime,updateTime,year
1,0,全行业,企业总数,,6895,12/9/2025 10:26:13,5/11/2025 08:56:03,2022
2,7,金融业,金融业企业数量,,297,12/9/2025 10:26:13,12/9/2025 10:26:13,2022
3,4,房地产业,房地产业企业数量,,295,12/9/2025 10:26:13,12/9/2025 10:26:13,2022
4,3,信息传输、软件和信息技术服务业,信息传输、软件和信息技术服务业企业数量,,644,12/9/2025 10:26:13,12/9/2025 10:26:13,2022
5,28,水利、环境和公共设施管理业,水利、环境和公共设施管理业企业数量,,104,12/9/2025 10:26:13,12/9/2025 10:26:13,2022
6,27,铁路、船舶、航空航天和其他运输设备制造业,铁路、船舶、航空航天和其他运输设备制造业企业数量,,99,12/9/2025 10:26:14,12/9/2025 10:26:14,2022
7,24,综合,综合企业数量,,34,12/9/2025 10:26:14,12/9/2025 10:26:14,2022
8,16,建筑业,建筑业企业数量,,148,12/9/2025 10:26:14,12/9/2025 10:26:14,2022
9,22,非金属矿物制品业,非金属矿物制品业企业数量,,125,12/9/2025 10:26:14,12/9/2025 10:26:14,2022
10,6,消费电子及电气业,消费电子及电气业企业数量,,358,12/9/2025 10:26:14,12/9/2025 10:26:14,2022
11,41,文教、工美、体育和娱乐用品制造业,文教、工美、体育和娱乐用品制造业企业数量,,39,12/9/2025 10:26:14,12/9/2025 10:26:14,2022
12,9,批发和零售业,批发和零售业企业数量,,273,12/9/2025 10:26:14,12/9/2025 10:26:14,2022
13,19,半导体业,半导体业企业数量,,172,12/9/2025 10:26:14,12/9/2025 10:26:14,2022
14,13,电力、热力、燃气及水生产和供应业,电力、热力、燃气及水生产和供应业企业数量,,189,12/9/2025 10:26:14,12/9/2025 10:26:14,2022
15,12,汽车制造业,汽车制造业企业数量,,230,12/9/2025 10:26:14,12/9/2025 10:26:14,2022
16,26,金属制品业,金属制品业企业数量,,114,12/9/2025 10:26:14,12/9/2025 10:26:14,2022
17,10,食品饮料业,食品饮料业企业数量,,247,12/9/2025 10:26:14,12/9/2025 10:26:14,2022
18,8,商业电气机械和器材制造业,商业电气机械和器材制造业企业数量,,320,12/9/2025 10:26:14,12/9/2025 10:26:14,2022
19,20,租赁和商务服务业,租赁和商务服务业企业数量,,111,12/9/2025 10:26:15,12/9/2025 10:26:15,2022
20,45,石油加工、炼焦和核燃料加工业,石油加工、炼焦和核燃料加工业企业数量,,21,12/9/2025 10:26:15,12/9/2025 10:26:15,2022
21,29,金属冶炼和压延加工业,金属冶炼和压延加工业企业数量,,145,12/9/2025 10:26:15,12/9/2025 10:26:15,2022
22,21,通信传输设备业,通信传输设备业企业数量,,120,12/9/2025 10:26:15,12/9/2025 10:26:15,2022
23,30,科学研究和技术服务业,科学研究和技术服务业企业数量,,127,12/9/2025 10:26:15,12/9/2025 10:26:15,2022
24,17,交通运输、仓储和邮政业,交通运输、仓储和邮政业企业数量,,176,12/9/2025 10:26:15,12/9/2025 10:26:15,2022
25,1,医药制造业,医药制造业企业数量,,449,12/9/2025 10:26:15,12/9/2025 10:26:15,2022
26,33,文化、体育和娱乐业,文化、体育和娱乐业企业数量,,88,12/9/2025 10:26:15,12/9/2025 10:26:15,2022
27,5,专用设备制造业,专用设备制造业企业数量,,447,12/9/2025 10:26:15,12/9/2025 10:26:15,2022
28,43,化学纤维制造业,化学纤维制造业企业数量,,34,12/9/2025 10:26:15,12/9/2025 10:26:15,2022
29,18,通用设备制造业,通用设备制造业企业数量,,213,12/9/2025 10:26:15,12/9/2025 10:26:15,2022
30,2,化学原料和化学制品制造业,化学原料和化学制品制造业企业数量,,364,12/9/2025 10:26:15,12/9/2025 10:26:15,2022
31,14,采矿业,采矿业企业数量,,143,12/9/2025 10:26:16,12/9/2025 10:26:16,2022
32,37,住宿和餐饮业,住宿和餐饮业企业数量,,35,12/9/2025 10:26:16,12/9/2025 10:26:16,2022
33,15,纺织鞋服业,纺织鞋服业企业数量,,177,12/9/2025 10:26:16,12/9/2025 10:26:16,2022
34,36,造纸和纸制品业,造纸和纸制品业企业数量,,51,12/9/2025 10:26:16,12/9/2025 10:26:16,2022
35,35,卫生和社会工作,卫生和社会工作企业数量,,29,12/9/2025 10:26:16,12/9/2025 10:26:16,2022
36,31,教育,教育企业数量,,60,12/9/2025 10:26:16,12/9/2025 10:26:16,2022
37,34,农、林、牧、渔业,农、林、牧、渔业企业数量,,50,12/9/2025 10:26:16,12/9/2025 10:26:16,2022
38,23,橡胶和塑料制品业,橡胶和塑料制品业企业数量,,107,12/9/2025 10:26:16,12/9/2025 10:26:16,2022
39,38,家具制造业,家具制造业企业数量,,43,12/9/2025 10:26:16,12/9/2025 10:26:16,2022
40,39,印刷和记录媒介复制业,印刷和记录媒介复制业企业数量,,33,12/9/2025 10:26:16,12/9/2025 10:26:16,2022
41,46,废弃资源综合利用业,废弃资源综合利用业企业数量,,27,12/9/2025 10:26:16,12/9/2025 10:26:16,2022
42,47,木材加工和木、竹、藤、棕、草制品业,木材加工和木、竹、藤、棕、草制品业企业数量,,11,12/9/2025 10:26:16,12/9/2025 10:26:16,2022
43,32,仪器仪表制造业,仪器仪表制造业企业数量,,89,12/9/2025 10:26:16,12/9/2025 10:26:16,2022
44,25,其他制造业,其他制造业企业数量,,53,12/9/2025 10:26:16,12/9/2025 10:26:16,2022
45,48,居民服务、修理和其他服务业,居民服务、修理和其他服务业企业数量,,4,12/9/2025 10:26:16,12/9/2025 10:26:16,2022
46,0,全行业,深交所企业数量,,2728,12/9/2025 10:26:16,5/11/2025 08:56:03,2022
47,0,全行业,港交所企业数量,,1849,12/9/2025 10:26:16,5/11/2025 08:56:03,2022
48,0,全行业,北交所企业数量,,162,12/9/2025 10:26:16,5/11/2025 08:56:03,2022
49,0,全行业,上交所企业数量,,2156,12/9/2025 10:26:16,5/11/2025 08:56:03,2022
50,7,金融业,金融业-民营企业企业数量,,112,12/9/2025 10:26:17,12/9/2025 10:26:17,2022
51,4,房地产业,房地产业-地方国有企业企业数量,,76,12/9/2025 10:26:17,12/9/2025 10:26:17,2022
52,3,信息传输、软件和信息技术服务业,信息传输、软件和信息技术服务业-民营企业企业数量,,517,12/9/2025 10:26:17,12/9/2025 10:26:17,2022
53,28,水利、环境和公共设施管理业,水利、环境和公共设施管理业-民营企业企业数量,,69,12/9/2025 10:26:17,12/9/2025 10:26:17,2022
54,4,房地产业,房地产业-民营企业企业数量,,148,12/9/2025 10:26:17,12/9/2025 10:26:17,2022
55,27,铁路、船舶、航空航天和其他运输设备制造业,铁路、船舶、航空航天和其他运输设备制造业-中央国有企业企业数量,,42,12/9/2025 10:26:17,12/9/2025 10:26:17,2022
56,24,综合,综合-民营企业企业数量,,21,12/9/2025 10:26:17,12/9/2025 10:26:17,2022
57,16,建筑业,建筑业-民营企业企业数量,,75,12/9/2025 10:26:17,12/9/2025 10:26:17,2022
58,22,非金属矿物制品业,非金属矿物制品业-民营企业企业数量,,80,12/9/2025 10:26:17,12/9/2025 10:26:17,2022
59,6,消费电子及电气业,消费电子及电气业-中央国有企业企业数量,,13,12/9/2025 10:26:17,12/9/2025 10:26:17,2022
60,41,文教、工美、体育和娱乐用品制造业,文教、工美、体育和娱乐用品制造业-民营企业企业数量,,33,12/9/2025 10:26:17,12/9/2025 10:26:17,2022
61,9,批发和零售业,批发和零售业-地方国有企业企业数量,,65,12/9/2025 10:26:17,12/9/2025 10:26:17,2022
62,6,消费电子及电气业,消费电子及电气业-民营企业企业数量,,269,12/9/2025 10:26:17,12/9/2025 10:26:17,2022
63,19,半导体业,半导体业-中央国有企业企业数量,,12,12/9/2025 10:26:17,12/9/2025 10:26:17,2022
64,9,批发和零售业,批发和零售业-中央国有企业企业数量,,19,12/9/2025 10:26:17,12/9/2025 10:26:17,2022
65,13,电力、热力、燃气及水生产和供应业,电力、热力、燃气及水生产和供应业-地方国有企业企业数量,,81,12/9/2025 10:26:17,12/9/2025 10:26:17,2022
66,12,汽车制造业,汽车制造业-地方国有企业企业数量,,31,12/9/2025 10:26:17,12/9/2025 10:26:17,2022
67,4,房地产业,房地产业-中央国有企业企业数量,,27,12/9/2025 10:26:17,12/9/2025 10:26:17,2022
68,3,信息传输、软件和信息技术服务业,信息传输、软件和信息技术服务业-中央国有企业企业数量,,31,12/9/2025 10:26:17,12/9/2025 10:26:17,2022
69,9,批发和零售业,批发和零售业-民营企业企业数量,,152,12/9/2025 10:26:17,12/9/2025 10:26:17,2022
70,26,金属制品业,金属制品业-地方国有企业企业数量,,8,12/9/2025 10:26:18,12/9/2025 10:26:18,2022
71,13,电力、热力、燃气及水生产和供应业,电力、热力、燃气及水生产和供应业-民营企业企业数量,,56,12/9/2025 10:26:18,12/9/2025 10:26:18,2022
72,4,房地产业,房地产业-外资企业企业数量,,42,12/9/2025 10:26:18,12/9/2025 10:26:18,2022
73,6,消费电子及电气业,消费电子及电气业-地方国有企业企业数量,,36,12/9/2025 10:26:18,12/9/2025 10:26:18,2022
74,10,食品饮料业,食品饮料业-民营企业企业数量,,161,12/9/2025 10:26:18,12/9/2025 10:26:18,2022
75,8,商业电气机械和器材制造业,商业电气机械和器材制造业-地方国有企业企业数量,,30,12/9/2025 10:26:18,12/9/2025 10:26:18,2022
76,26,金属制品业,金属制品业-民营企业企业数量,,94,12/9/2025 10:26:18,12/9/2025 10:26:18,2022
77,20,租赁和商务服务业,租赁和商务服务业-民营企业企业数量,,82,12/9/2025 10:26:18,12/9/2025 10:26:18,2022
78,20,租赁和商务服务业,租赁和商务服务业-地方国有企业企业数量,,18,12/9/2025 10:26:18,12/9/2025 10:26:18,2022
79,45,石油加工、炼焦和核燃料加工业,石油加工、炼焦和核燃料加工业-中央国有企业企业数量,,6,12/9/2025 10:26:18,12/9/2025 10:26:18,2022
80,29,金属冶炼和压延加工业,金属冶炼和压延加工业-地方国有企业企业数量,,36,12/9/2025 10:26:18,12/9/2025 10:26:18,2022
81,21,通信传输设备业,通信传输设备业-民营企业企业数量,,83,12/9/2025 10:26:18,12/9/2025 10:26:18,2022
82,16,建筑业,建筑业-中央国有企业企业数量,,25,12/9/2025 10:26:18,12/9/2025 10:26:18,2022
83,30,科学研究和技术服务业,科学研究和技术服务业-地方国有企业企业数量,,22,12/9/2025 10:26:19,12/9/2025 10:26:19,2022
84,21,通信传输设备业,通信传输设备业-地方国有企业企业数量,,11,12/9/2025 10:26:19,12/9/2025 10:26:19,2022
85,17,交通运输、仓储和邮政业,交通运输、仓储和邮政业-地方国有企业企业数量,,76,12/9/2025 10:26:19,12/9/2025 10:26:19,2022
86,16,建筑业,建筑业-地方国有企业企业数量,,37,12/9/2025 10:26:19,12/9/2025 10:26:19,2022
87,17,交通运输、仓储和邮政业,交通运输、仓储和邮政业-中央国有企业企业数量,,39,12/9/2025 10:26:19,12/9/2025 10:26:19,2022
88,1,医药制造业,医药制造业-民营企业企业数量,,346,12/9/2025 10:26:19,12/9/2025 10:26:19,2022
89,33,文化、体育和娱乐业,文化、体育和娱乐业-地方国有企业企业数量,,33,12/9/2025 10:26:19,12/9/2025 10:26:19,2022
90,5,专用设备制造业,专用设备制造业-地方国有企业企业数量,,46,12/9/2025 10:26:19,12/9/2025 10:26:19,2022
91,3,信息传输、软件和信息技术服务业,信息传输、软件和信息技术服务业-地方国有企业企业数量,,49,12/9/2025 10:26:20,12/9/2025 10:26:20,2022
92,7,金融业,金融业-中央国有企业企业数量,,64,12/9/2025 10:26:20,12/9/2025 10:26:20,2022
93,3,信息传输、软件和信息技术服务业,信息传输、软件和信息技术服务业-外资企业企业数量,,27,12/9/2025 10:26:20,12/9/2025 10:26:20,2022
94,43,化学纤维制造业,化学纤维制造业-民营企业企业数量,,21,12/9/2025 10:26:20,12/9/2025 10:26:20,2022
95,5,专用设备制造业,专用设备制造业-中央国有企业企业数量,,28,12/9/2025 10:26:20,12/9/2025 10:26:20,2022
96,8,商业电气机械和器材制造业,商业电气机械和器材制造业-中央国有企业企业数量,,18,12/9/2025 10:26:20,12/9/2025 10:26:20,2022
97,22,非金属矿物制品业,非金属矿物制品业-地方国有企业企业数量,,20,12/9/2025 10:26:20,12/9/2025 10:26:20,2022
98,18,通用设备制造业,通用设备制造业-地方国有企业企业数量,,36,12/9/2025 10:26:20,12/9/2025 10:26:20,2022
99,13,电力、热力、燃气及水生产和供应业,电力、热力、燃气及水生产和供应业-外资企业企业数量,,5,12/9/2025 10:26:20,12/9/2025 10:26:20,2022
100,2,化学原料和化学制品制造业,化学原料和化学制品制造业-民营企业企业数量,,263,12/9/2025 10:26:20,12/9/2025 10:26:20,2022
101,18,通用设备制造业,通用设备制造业-中央国有企业企业数量,,9,12/9/2025 10:26:20,12/9/2025 10:26:20,2022
102,8,商业电气机械和器材制造业,商业电气机械和器材制造业-国有企业（其他）企业数量,,2,12/9/2025 10:26:20,12/9/2025 10:26:20,2022
103,43,化学纤维制造业,化学纤维制造业-地方国有企业企业数量,,8,12/9/2025 10:26:20,12/9/2025 10:26:20,2022
104,2,化学原料和化学制品制造业,化学原料和化学制品制造业-地方国有企业企业数量,,62,12/9/2025 10:26:20,12/9/2025 10:26:20,2022
105,1,医药制造业,医药制造业-中央国有企业企业数量,,16,12/9/2025 10:26:20,12/9/2025 10:26:20,2022
106,14,采矿业,采矿业-民营企业企业数量,,69,12/9/2025 10:26:21,12/9/2025 10:26:21,2022
107,37,住宿和餐饮业,住宿和餐饮业-地方国有企业企业数量,,7,12/9/2025 10:26:21,12/9/2025 10:26:21,2022
108,28,水利、环境和公共设施管理业,水利、环境和公共设施管理业-地方国有企业企业数量,,24,12/9/2025 10:26:21,12/9/2025 10:26:21,2022
109,15,纺织鞋服业,纺织鞋服业-民营企业企业数量,,135,12/9/2025 10:26:21,12/9/2025 10:26:21,2022
110,36,造纸和纸制品业,造纸和纸制品业-地方国有企业企业数量,,7,12/9/2025 10:26:21,12/9/2025 10:26:21,2022
111,10,食品饮料业,食品饮料业-地方国有企业企业数量,,49,12/9/2025 10:26:21,12/9/2025 10:26:21,2022
112,35,卫生和社会工作,卫生和社会工作-地方国有企业企业数量,,1,12/9/2025 10:26:21,12/9/2025 10:26:21,2022
113,35,卫生和社会工作,卫生和社会工作-民营企业企业数量,,23,12/9/2025 10:26:21,12/9/2025 10:26:21,2022
114,37,住宿和餐饮业,住宿和餐饮业-外资企业企业数量,,9,12/9/2025 10:26:21,12/9/2025 10:26:21,2022
115,17,交通运输、仓储和邮政业,交通运输、仓储和邮政业-民营企业企业数量,,56,12/9/2025 10:26:21,12/9/2025 10:26:21,2022
116,31,教育,教育-民营企业企业数量,,55,12/9/2025 10:26:21,12/9/2025 10:26:21,2022
117,24,综合,综合-地方国有企业企业数量,,6,12/9/2025 10:26:21,12/9/2025 10:26:21,2022
118,8,商业电气机械和器材制造业,商业电气机械和器材制造业-民营企业企业数量,,258,12/9/2025 10:26:21,12/9/2025 10:26:21,2022
119,13,电力、热力、燃气及水生产和供应业,电力、热力、燃气及水生产和供应业-中央国有企业企业数量,,44,12/9/2025 10:26:21,12/9/2025 10:26:21,2022
120,1,医药制造业,医药制造业-地方国有企业企业数量,,49,12/9/2025 10:26:21,12/9/2025 10:26:21,2022
121,12,汽车制造业,汽车制造业-中央国有企业企业数量,,17,12/9/2025 10:26:21,12/9/2025 10:26:21,2022
122,14,采矿业,采矿业-地方国有企业企业数量,,39,12/9/2025 10:26:21,12/9/2025 10:26:21,2022
123,2,化学原料和化学制品制造业,化学原料和化学制品制造业-中央国有企业企业数量,,21,12/9/2025 10:26:21,12/9/2025 10:26:21,2022
124,12,汽车制造业,汽车制造业-民营企业企业数量,,161,12/9/2025 10:26:21,12/9/2025 10:26:21,2022
125,7,金融业,金融业-地方国有企业企业数量,,105,12/9/2025 10:26:21,12/9/2025 10:26:21,2022
126,5,专用设备制造业,专用设备制造业-外资企业企业数量,,27,12/9/2025 10:26:21,12/9/2025 10:26:21,2022
127,5,专用设备制造业,专用设备制造业-民营企业企业数量,,340,12/9/2025 10:26:21,12/9/2025 10:26:21,2022
128,34,农、林、牧、渔业,农、林、牧、渔业-民营企业企业数量,,30,12/9/2025 10:26:22,12/9/2025 10:26:22,2022
129,29,金属冶炼和压延加工业,金属冶炼和压延加工业-民营企业企业数量,,78,12/9/2025 10:26:22,12/9/2025 10:26:22,2022
130,23,橡胶和塑料制品业,橡胶和塑料制品业-地方国有企业企业数量,,10,12/9/2025 10:26:22,12/9/2025 10:26:22,2022
131,29,金属冶炼和压延加工业,金属冶炼和压延加工业-中央国有企业企业数量,,27,12/9/2025 10:26:22,12/9/2025 10:26:22,2022
132,23,橡胶和塑料制品业,橡胶和塑料制品业-中央国有企业企业数量,,2,12/9/2025 10:26:22,12/9/2025 10:26:22,2022
133,45,石油加工、炼焦和核燃料加工业,石油加工、炼焦和核燃料加工业-民营企业企业数量,,10,12/9/2025 10:26:22,12/9/2025 10:26:22,2022
134,23,橡胶和塑料制品业,橡胶和塑料制品业-民营企业企业数量,,87,12/9/2025 10:26:22,12/9/2025 10:26:22,2022
135,38,家具制造业,家具制造业-中央国有企业企业数量,,1,12/9/2025 10:26:22,12/9/2025 10:26:22,2022
136,19,半导体业,半导体业-民营企业企业数量,,111,12/9/2025 10:26:22,12/9/2025 10:26:22,2022
137,18,通用设备制造业,通用设备制造业-民营企业企业数量,,154,12/9/2025 10:26:22,12/9/2025 10:26:22,2022
138,33,文化、体育和娱乐业,文化、体育和娱乐业-民营企业企业数量,,46,12/9/2025 10:26:22,12/9/2025 10:26:22,2022
139,39,印刷和记录媒介复制业,印刷和记录媒介复制业-民营企业企业数量,,24,12/9/2025 10:26:22,12/9/2025 10:26:22,2022
140,27,铁路、船舶、航空航天和其他运输设备制造业,铁路、船舶、航空航天和其他运输设备制造业-民营企业企业数量,,51,12/9/2025 10:26:22,12/9/2025 10:26:22,2022
141,30,科学研究和技术服务业,科学研究和技术服务业-民营企业企业数量,,82,12/9/2025 10:26:22,12/9/2025 10:26:22,2022
142,34,农、林、牧、渔业,农、林、牧、渔业-地方国有企业企业数量,,13,12/9/2025 10:26:22,12/9/2025 10:26:22,2022
143,20,租赁和商务服务业,租赁和商务服务业-中央国有企业企业数量,,6,12/9/2025 10:26:22,12/9/2025 10:26:22,2022
144,14,采矿业,采矿业-中央国有企业企业数量,,28,12/9/2025 10:26:22,12/9/2025 10:26:22,2022
145,26,金属制品业,金属制品业-中央国有企业企业数量,,5,12/9/2025 10:26:22,12/9/2025 10:26:22,2022
146,22,非金属矿物制品业,非金属矿物制品业-中央国有企业企业数量,,16,12/9/2025 10:26:22,12/9/2025 10:26:22,2022
147,1,医药制造业,医药制造业-国有企业（院所）企业数量,,2,12/9/2025 10:26:23,12/9/2025 10:26:23,2022
148,34,农、林、牧、渔业,农、林、牧、渔业-中央国有企业企业数量,,5,12/9/2025 10:26:23,12/9/2025 10:26:23,2022
149,10,食品饮料业,食品饮料业-中央国有企业企业数量,,14,12/9/2025 10:26:23,12/9/2025 10:26:23,2022
150,46,废弃资源综合利用业,废弃资源综合利用业-地方国有企业企业数量,,4,12/9/2025 10:26:23,12/9/2025 10:26:23,2022
151,39,印刷和记录媒介复制业,印刷和记录媒介复制业-外资企业企业数量,,8,12/9/2025 10:26:23,12/9/2025 10:26:23,2022
152,36,造纸和纸制品业,造纸和纸制品业-中央国有企业企业数量,,3,12/9/2025 10:26:23,12/9/2025 10:26:23,2022
153,18,通用设备制造业,通用设备制造业-外资企业企业数量,,10,12/9/2025 10:26:23,12/9/2025 10:26:23,2022
154,46,废弃资源综合利用业,废弃资源综合利用业-民营企业企业数量,,19,12/9/2025 10:26:23,12/9/2025 10:26:23,2022
155,19,半导体业,半导体业-地方国有企业企业数量,,16,12/9/2025 10:26:23,12/9/2025 10:26:23,2022
156,15,纺织鞋服业,纺织鞋服业-地方国有企业企业数量,,12,12/9/2025 10:26:23,12/9/2025 10:26:23,2022
157,10,食品饮料业,食品饮料业-集体企业企业数量,,1,12/9/2025 10:26:23,12/9/2025 10:26:23,2022
158,10,食品饮料业,食品饮料业-外资企业企业数量,,20,12/9/2025 10:26:23,12/9/2025 10:26:23,2022
159,47,木材加工和木、竹、藤、棕、草制品业,木材加工和木、竹、藤、棕、草制品业-民营企业企业数量,,8,12/9/2025 10:26:23,12/9/2025 10:26:23,2022
160,4,房地产业,房地产业-集体企业企业数量,,1,12/9/2025 10:26:23,12/9/2025 10:26:23,2022
161,1,医药制造业,医药制造业-外资企业企业数量,,29,12/9/2025 10:26:23,12/9/2025 10:26:23,2022
162,43,化学纤维制造业,化学纤维制造业-集体企业企业数量,,1,12/9/2025 10:26:23,12/9/2025 10:26:23,2022
163,21,通信传输设备业,通信传输设备业-国有企业（院所）企业数量,,2,12/9/2025 10:26:23,12/9/2025 10:26:23,2022
164,22,非金属矿物制品业,非金属矿物制品业-国有企业（院所）企业数量,,1,12/9/2025 10:26:23,12/9/2025 10:26:23,2022
165,36,造纸和纸制品业,造纸和纸制品业-民营企业企业数量,,34,12/9/2025 10:26:23,12/9/2025 10:26:23,2022
166,38,家具制造业,家具制造业-民营企业企业数量,,40,12/9/2025 10:26:23,12/9/2025 10:26:23,2022
167,32,仪器仪表制造业,仪器仪表制造业-民营企业企业数量,,80,12/9/2025 10:26:24,12/9/2025 10:26:24,2022
168,9,批发和零售业,批发和零售业-外资企业企业数量,,30,12/9/2025 10:26:24,12/9/2025 10:26:24,2022
169,9,批发和零售业,批发和零售业-中外合资经营企业企业数量,,2,12/9/2025 10:26:24,12/9/2025 10:26:24,2022
170,24,综合,综合-外资企业企业数量,,6,12/9/2025 10:26:24,12/9/2025 10:26:24,2022
171,41,文教、工美、体育和娱乐用品制造业,文教、工美、体育和娱乐用品制造业-外资企业企业数量,,2,12/9/2025 10:26:24,12/9/2025 10:26:24,2022
172,23,橡胶和塑料制品业,橡胶和塑料制品业-集体企业企业数量,,1,12/9/2025 10:26:24,12/9/2025 10:26:24,2022
173,25,其他制造业,其他制造业-中央国有企业企业数量,,6,12/9/2025 10:26:24,12/9/2025 10:26:24,2022
174,20,租赁和商务服务业,租赁和商务服务业-外资企业企业数量,,3,12/9/2025 10:26:24,12/9/2025 10:26:24,2022
175,6,消费电子及电气业,消费电子及电气业-外资企业企业数量,,30,12/9/2025 10:26:24,12/9/2025 10:26:24,2022
176,19,半导体业,半导体业-国有企业（院所）企业数量,,2,12/9/2025 10:26:24,12/9/2025 10:26:24,2022
177,28,水利、环境和公共设施管理业,水利、环境和公共设施管理业-中央国有企业企业数量,,8,12/9/2025 10:26:24,12/9/2025 10:26:24,2022
178,34,农、林、牧、渔业,农、林、牧、渔业-集体企业企业数量,,1,12/9/2025 10:26:24,12/9/2025 10:26:24,2022
179,26,金属制品业,金属制品业-外资企业企业数量,,6,12/9/2025 10:26:24,12/9/2025 10:26:24,2022
180,22,非金属矿物制品业,非金属矿物制品业-外资企业企业数量,,7,12/9/2025 10:26:24,12/9/2025 10:26:24,2022
181,25,其他制造业,其他制造业-民营企业企业数量,,38,12/9/2025 10:26:24,12/9/2025 10:26:24,2022
182,30,科学研究和技术服务业,科学研究和技术服务业-中央国有企业企业数量,,14,12/9/2025 10:26:24,12/9/2025 10:26:24,2022
183,32,仪器仪表制造业,仪器仪表制造业-地方国有企业企业数量,,3,12/9/2025 10:26:24,12/9/2025 10:26:24,2022
184,18,通用设备制造业,通用设备制造业-中外合资经营企业企业数量,,2,12/9/2025 10:26:24,12/9/2025 10:26:24,2022
185,6,消费电子及电气业,消费电子及电气业-国有企业（院所）企业数量,,2,12/9/2025 10:26:24,12/9/2025 10:26:24,2022
186,8,商业电气机械和器材制造业,商业电气机械和器材制造业-外资企业企业数量,,10,12/9/2025 10:26:24,12/9/2025 10:26:24,2022
187,3,信息传输、软件和信息技术服务业,信息传输、软件和信息技术服务业-国有企业（院所）企业数量,,8,12/9/2025 10:26:25,12/9/2025 10:26:25,2022
188,1,医药制造业,医药制造业-中外合资经营企业企业数量,,7,12/9/2025 10:26:25,12/9/2025 10:26:25,2022
189,2,化学原料和化学制品制造业,化学原料和化学制品制造业-国有企业（院所）企业数量,,2,12/9/2025 10:26:25,12/9/2025 10:26:25,2022
190,21,通信传输设备业,通信传输设备业-中央国有企业企业数量,,18,12/9/2025 10:26:25,12/9/2025 10:26:25,2022
191,15,纺织鞋服业,纺织鞋服业-外资企业企业数量,,25,12/9/2025 10:26:25,12/9/2025 10:26:25,2022
192,6,消费电子及电气业,消费电子及电气业-中外合资经营企业企业数量,,3,12/9/2025 10:26:25,12/9/2025 10:26:25,2022
193,32,仪器仪表制造业,仪器仪表制造业-国有企业（院所）企业数量,,1,12/9/2025 10:26:25,12/9/2025 10:26:25,2022
194,12,汽车制造业,汽车制造业-外资企业企业数量,,17,12/9/2025 10:26:25,12/9/2025 10:26:25,2022
195,19,半导体业,半导体业-外资企业企业数量,,20,12/9/2025 10:26:25,12/9/2025 10:26:25,2022
196,3,信息传输、软件和信息技术服务业,信息传输、软件和信息技术服务业-中外合资经营企业企业数量,,9,12/9/2025 10:26:25,12/9/2025 10:26:25,2022
197,28,水利、环境和公共设施管理业,水利、环境和公共设施管理业-外资企业企业数量,,1,12/9/2025 10:26:25,12/9/2025 10:26:25,2022
198,9,批发和零售业,批发和零售业-集体企业企业数量,,4,12/9/2025 10:26:25,12/9/2025 10:26:25,2022
199,36,造纸和纸制品业,造纸和纸制品业-外资企业企业数量,,7,12/9/2025 10:26:25,12/9/2025 10:26:25,2022
200,31,教育,教育-地方国有企业企业数量,,2,12/9/2025 10:26:25,12/9/2025 10:26:25,2022
201,12,汽车制造业,汽车制造业-中外合资经营企业企业数量,,4,12/9/2025 10:26:25,12/9/2025 10:26:25,2022
202,24,综合,综合-中央国有企业企业数量,,1,12/9/2025 10:26:25,12/9/2025 10:26:25,2022
203,41,文教、工美、体育和娱乐用品制造业,文教、工美、体育和娱乐用品制造业-地方国有企业企业数量,,4,12/9/2025 10:26:25,12/9/2025 10:26:25,2022
204,45,石油加工、炼焦和核燃料加工业,石油加工、炼焦和核燃料加工业-地方国有企业企业数量,,5,12/9/2025 10:26:25,12/9/2025 10:26:25,2022
205,16,建筑业,建筑业-中外合资经营企业企业数量,,1,12/9/2025 10:26:25,12/9/2025 10:26:25,2022
206,16,建筑业,建筑业-外资企业企业数量,,10,12/9/2025 10:26:25,12/9/2025 10:26:25,2022
207,23,橡胶和塑料制品业,橡胶和塑料制品业-外资企业企业数量,,6,12/9/2025 10:26:26,12/9/2025 10:26:26,2022
208,9,批发和零售业,批发和零售业-国有企业（院所）企业数量,,1,12/9/2025 10:26:26,12/9/2025 10:26:26,2022
209,30,科学研究和技术服务业,科学研究和技术服务业-外资企业企业数量,,6,12/9/2025 10:26:26,12/9/2025 10:26:26,2022
210,19,半导体业,半导体业-中外合资经营企业企业数量,,9,12/9/2025 10:26:26,12/9/2025 10:26:26,2022
211,7,金融业,金融业-中外合资经营企业企业数量,,5,12/9/2025 10:26:26,12/9/2025 10:26:26,2022
212,25,其他制造业,其他制造业-中外合资经营企业企业数量,,1,12/9/2025 10:26:26,12/9/2025 10:26:26,2022
213,2,化学原料和化学制品制造业,化学原料和化学制品制造业-集体企业企业数量,,1,12/9/2025 10:26:26,12/9/2025 10:26:26,2022
214,37,住宿和餐饮业,住宿和餐饮业-中央国有企业企业数量,,1,12/9/2025 10:26:26,12/9/2025 10:26:26,2022
215,19,半导体业,半导体业-国有企业（其他）企业数量,,2,12/9/2025 10:26:26,12/9/2025 10:26:26,2022
216,31,教育,教育-外资企业企业数量,,1,12/9/2025 10:26:26,12/9/2025 10:26:26,2022
217,15,纺织鞋服业,纺织鞋服业-中央国有企业企业数量,,3,12/9/2025 10:26:26,12/9/2025 10:26:26,2022
218,7,金融业,金融业-外资企业企业数量,,7,12/9/2025 10:26:26,12/9/2025 10:26:26,2022
219,38,家具制造业,家具制造业-外资企业企业数量,,2,12/9/2025 10:26:26,12/9/2025 10:26:26,2022
220,37,住宿和餐饮业,住宿和餐饮业-民营企业企业数量,,18,12/9/2025 10:26:26,12/9/2025 10:26:26,2022
221,25,其他制造业,其他制造业-外资企业企业数量,,5,12/9/2025 10:26:26,12/9/2025 10:26:26,2022
222,2,化学原料和化学制品制造业,化学原料和化学制品制造业-外资企业企业数量,,13,12/9/2025 10:26:26,12/9/2025 10:26:26,2022
223,4,房地产业,房地产业-国有企业（其他）企业数量,,1,12/9/2025 10:26:26,12/9/2025 10:26:26,2022
224,48,居民服务、修理和其他服务业,居民服务、修理和其他服务业-民营企业企业数量,,4,12/9/2025 10:26:26,12/9/2025 10:26:26,2022
225,39,印刷和记录媒介复制业,印刷和记录媒介复制业-地方国有企业企业数量,,1,12/9/2025 10:26:26,12/9/2025 10:26:26,2022
226,5,专用设备制造业,专用设备制造业-中外合资经营企业企业数量,,3,12/9/2025 10:26:26,12/9/2025 10:26:26,2022
227,14,采矿业,采矿业-外资企业企业数量,,7,12/9/2025 10:26:26,12/9/2025 10:26:26,2022
228,46,废弃资源综合利用业,废弃资源综合利用业-中央国有企业企业数量,,2,12/9/2025 10:26:27,12/9/2025 10:26:27,2022
229,35,卫生和社会工作,卫生和社会工作-中央国有企业企业数量,,1,12/9/2025 10:26:27,12/9/2025 10:26:27,2022
230,35,卫生和社会工作,卫生和社会工作-外资企业企业数量,,3,12/9/2025 10:26:27,12/9/2025 10:26:27,2022
231,20,租赁和商务服务业,租赁和商务服务业-中外合资经营企业企业数量,,2,12/9/2025 10:26:27,12/9/2025 10:26:27,2022
232,17,交通运输、仓储和邮政业,交通运输、仓储和邮政业-外资企业企业数量,,3,12/9/2025 10:26:27,12/9/2025 10:26:27,2022
233,21,通信传输设备业,通信传输设备业-外资企业企业数量,,6,12/9/2025 10:26:27,12/9/2025 10:26:27,2022
234,13,电力、热力、燃气及水生产和供应业,电力、热力、燃气及水生产和供应业-集体企业企业数量,,2,12/9/2025 10:26:27,12/9/2025 10:26:27,2022
235,46,废弃资源综合利用业,废弃资源综合利用业-外资企业企业数量,,1,12/9/2025 10:26:27,12/9/2025 10:26:27,2022
236,29,金属冶炼和压延加工业,金属冶炼和压延加工业-外资企业企业数量,,2,12/9/2025 10:26:27,12/9/2025 10:26:27,2022
237,18,通用设备制造业,通用设备制造业-集体企业企业数量,,1,12/9/2025 10:26:27,12/9/2025 10:26:27,2022
238,33,文化、体育和娱乐业,文化、体育和娱乐业-外资企业企业数量,,2,12/9/2025 10:26:27,12/9/2025 10:26:27,2022
239,7,金融业,金融业-国有企业（院所）企业数量,,2,12/9/2025 10:26:27,12/9/2025 10:26:27,2022
240,33,文化、体育和娱乐业,文化、体育和娱乐业-中央国有企业企业数量,,4,12/9/2025 10:26:27,12/9/2025 10:26:27,2022
241,6,消费电子及电气业,消费电子及电气业-集体企业企业数量,,5,12/9/2025 10:26:27,12/9/2025 10:26:27,2022
242,7,金融业,金融业-国有企业（其他）企业数量,,1,12/9/2025 10:26:27,12/9/2025 10:26:27,2022
243,27,铁路、船舶、航空航天和其他运输设备制造业,铁路、船舶、航空航天和其他运输设备制造业-地方国有企业企业数量,,5,12/9/2025 10:26:27,12/9/2025 10:26:27,2022
244,18,通用设备制造业,通用设备制造业-国有企业（院所）企业数量,,1,12/9/2025 10:26:27,12/9/2025 10:26:27,2022
245,35,卫生和社会工作,卫生和社会工作-集体企业企业数量,,1,12/9/2025 10:26:27,12/9/2025 10:26:27,2022
246,10,食品饮料业,食品饮料业-国有企业（院所）企业数量,,1,12/9/2025 10:26:28,12/9/2025 10:26:28,2022
247,25,其他制造业,其他制造业-地方国有企业企业数量,,3,12/9/2025 10:26:28,12/9/2025 10:26:28,2022
248,32,仪器仪表制造业,仪器仪表制造业-中央国有企业企业数量,,2,12/9/2025 10:26:28,12/9/2025 10:26:28,2022
249,2,化学原料和化学制品制造业,化学原料和化学制品制造业-中外合资经营企业企业数量,,1,12/9/2025 10:26:28,12/9/2025 10:26:28,2022
250,28,水利、环境和公共设施管理业,水利、环境和公共设施管理业-国有企业（院所）企业数量,,2,12/9/2025 10:26:28,12/9/2025 10:26:28,2022
251,15,纺织鞋服业,纺织鞋服业-集体企业企业数量,,2,12/9/2025 10:26:28,12/9/2025 10:26:28,2022
252,10,食品饮料业,食品饮料业-中外合资经营企业企业数量,,1,12/9/2025 10:26:28,12/9/2025 10:26:28,2022
253,43,化学纤维制造业,化学纤维制造业-中央国有企业企业数量,,3,12/9/2025 10:26:28,12/9/2025 10:26:28,2022
254,30,科学研究和技术服务业,科学研究和技术服务业-中外合资经营企业企业数量,,2,12/9/2025 10:26:28,12/9/2025 10:26:28,2022
255,3,信息传输、软件和信息技术服务业,信息传输、软件和信息技术服务业-国有企业（其他）企业数量,,3,12/9/2025 10:26:28,12/9/2025 10:26:28,2022
256,47,木材加工和木、竹、藤、棕、草制品业,木材加工和木、竹、藤、棕、草制品业-地方国有企业企业数量,,1,12/9/2025 10:26:28,12/9/2025 10:26:28,2022
257,33,文化、体育和娱乐业,文化、体育和娱乐业-国有企业（其他）企业数量,,2,12/9/2025 10:26:28,12/9/2025 10:26:28,2022
258,26,金属制品业,金属制品业-中外合资经营企业企业数量,,1,12/9/2025 10:26:28,12/9/2025 10:26:28,2022
259,46,废弃资源综合利用业,废弃资源综合利用业-集体企业企业数量,,1,12/9/2025 10:26:28,12/9/2025 10:26:28,2022
260,29,金属冶炼和压延加工业,金属冶炼和压延加工业-集体企业企业数量,,1,12/9/2025 10:26:28,12/9/2025 10:26:28,2022
261,13,电力、热力、燃气及水生产和供应业,电力、热力、燃气及水生产和供应业-国有企业（其他）企业数量,,1,12/9/2025 10:26:28,12/9/2025 10:26:28,2022
262,7,金融业,金融业-集体企业企业数量,,1,12/9/2025 10:26:28,12/9/2025 10:26:28,2022
263,29,金属冶炼和压延加工业,金属冶炼和压延加工业-国有企业（其他）企业数量,,1,12/9/2025 10:26:28,12/9/2025 10:26:28,2022
264,34,农、林、牧、渔业,农、林、牧、渔业-国有企业（其他）企业数量,,1,12/9/2025 10:26:28,12/9/2025 10:26:28,2022
265,2,化学原料和化学制品制造业,化学原料和化学制品制造业-国有企业（其他）企业数量,,1,12/9/2025 10:26:28,12/9/2025 10:26:28,2022
266,17,交通运输、仓储和邮政业,交通运输、仓储和邮政业-集体企业企业数量,,2,12/9/2025 10:26:29,12/9/2025 10:26:29,2022
267,31,教育,教育-国有企业（院所）企业数量,,1,12/9/2025 10:26:29,12/9/2025 10:26:29,2022
268,33,文化、体育和娱乐业,文化、体育和娱乐业-国有企业（院所）企业数量,,1,12/9/2025 10:26:29,12/9/2025 10:26:29,2022
269,47,木材加工和木、竹、藤、棕、草制品业,木材加工和木、竹、藤、棕、草制品业-外资企业企业数量,,2,12/9/2025 10:26:29,12/9/2025 10:26:29,2022
270,32,仪器仪表制造业,仪器仪表制造业-外资企业企业数量,,3,12/9/2025 10:26:29,12/9/2025 10:26:29,2022
271,5,专用设备制造业,专用设备制造业-国有企业（院所）企业数量,,1,12/9/2025 10:26:29,12/9/2025 10:26:29,2022
272,5,专用设备制造业,专用设备制造业-集体企业企业数量,,2,12/9/2025 10:26:29,12/9/2025 10:26:29,2022
273,27,铁路、船舶、航空航天和其他运输设备制造业,铁路、船舶、航空航天和其他运输设备制造业-国有企业（院所）企业数量,,1,12/9/2025 10:26:29,12/9/2025 10:26:29,2022
274,22,非金属矿物制品业,非金属矿物制品业-集体企业企业数量,,1,12/9/2025 10:26:29,12/9/2025 10:26:29,2022
275,30,科学研究和技术服务业,科学研究和技术服务业-国有企业（院所）企业数量,,1,12/9/2025 10:26:29,12/9/2025 10:26:29,2022
276,43,化学纤维制造业,化学纤维制造业-外资企业企业数量,,1,12/9/2025 10:26:29,12/9/2025 10:26:29,2022
277,8,商业电气机械和器材制造业,商业电气机械和器材制造业-中外合资经营企业企业数量,,2,12/9/2025 10:26:29,12/9/2025 10:26:29,2022
278,23,橡胶和塑料制品业,橡胶和塑料制品业-中外合资经营企业企业数量,,1,12/9/2025 10:26:29,12/9/2025 10:26:29,2022
279,7,金融业,金融业-深交所企业数量,,38,12/9/2025 10:26:29,12/9/2025 10:26:29,2022
280,4,房地产业,房地产业-深交所企业数量,,51,12/9/2025 10:26:29,12/9/2025 10:26:29,2022
281,3,信息传输、软件和信息技术服务业,信息传输、软件和信息技术服务业-深交所企业数量,,275,12/9/2025 10:26:29,12/9/2025 10:26:29,2022
282,28,水利、环境和公共设施管理业,水利、环境和公共设施管理业-深交所企业数量,,58,12/9/2025 10:26:30,12/9/2025 10:26:30,2022
283,27,铁路、船舶、航空航天和其他运输设备制造业,铁路、船舶、航空航天和其他运输设备制造业-深交所企业数量,,39,12/9/2025 10:26:30,12/9/2025 10:26:30,2022
284,24,综合,综合-深交所企业数量,,7,12/9/2025 10:26:30,12/9/2025 10:26:30,2022
285,16,建筑业,建筑业-深交所企业数量,,54,12/9/2025 10:26:30,12/9/2025 10:26:30,2022
286,22,非金属矿物制品业,非金属矿物制品业-深交所企业数量,,52,12/9/2025 10:26:30,12/9/2025 10:26:30,2022
287,6,消费电子及电气业,消费电子及电气业-深交所企业数量,,201,12/9/2025 10:26:30,12/9/2025 10:26:30,2022
288,41,文教、工美、体育和娱乐用品制造业,文教、工美、体育和娱乐用品制造业-深交所企业数量,,19,12/9/2025 10:26:30,12/9/2025 10:26:30,2022
289,9,批发和零售业,批发和零售业-深交所企业数量,,88,12/9/2025 10:26:30,12/9/2025 10:26:30,2022
290,19,半导体业,半导体业-深交所企业数量,,61,12/9/2025 10:26:30,12/9/2025 10:26:30,2022
291,13,电力、热力、燃气及水生产和供应业,电力、热力、燃气及水生产和供应业-深交所企业数量,,51,12/9/2025 10:26:30,12/9/2025 10:26:30,2022
292,12,汽车制造业,汽车制造业-深交所企业数量,,90,12/9/2025 10:26:30,12/9/2025 10:26:30,2022
293,26,金属制品业,金属制品业-深交所企业数量,,61,12/9/2025 10:26:30,12/9/2025 10:26:30,2022
294,10,食品饮料业,食品饮料业-深交所企业数量,,89,12/9/2025 10:26:30,12/9/2025 10:26:30,2022
295,8,商业电气机械和器材制造业,商业电气机械和器材制造业-深交所企业数量,,151,12/9/2025 10:26:30,12/9/2025 10:26:30,2022
296,20,租赁和商务服务业,租赁和商务服务业-深交所企业数量,,44,12/9/2025 10:26:30,12/9/2025 10:26:30,2022
297,45,石油加工、炼焦和核燃料加工业,石油加工、炼焦和核燃料加工业-深交所企业数量,,7,12/9/2025 10:26:30,12/9/2025 10:26:30,2022
298,29,金属冶炼和压延加工业,金属冶炼和压延加工业-深交所企业数量,,58,12/9/2025 10:26:30,12/9/2025 10:26:30,2022
299,21,通信传输设备业,通信传输设备业-深交所企业数量,,64,12/9/2025 10:26:30,12/9/2025 10:26:30,2022
300,30,科学研究和技术服务业,科学研究和技术服务业-深交所企业数量,,71,12/9/2025 10:26:30,12/9/2025 10:26:30,2022
301,17,交通运输、仓储和邮政业,交通运输、仓储和邮政业-深交所企业数量,,35,12/9/2025 10:26:30,12/9/2025 10:26:30,2022
302,1,医药制造业,医药制造业-港交所企业数量,,132,12/9/2025 10:26:30,12/9/2025 10:26:30,2022
303,1,医药制造业,医药制造业-深交所企业数量,,166,12/9/2025 10:26:31,12/9/2025 10:26:31,2022
304,33,文化、体育和娱乐业,文化、体育和娱乐业-深交所企业数量,,32,12/9/2025 10:26:31,12/9/2025 10:26:31,2022
305,5,专用设备制造业,专用设备制造业-深交所企业数量,,193,12/9/2025 10:26:31,12/9/2025 10:26:31,2022
306,4,房地产业,房地产业-港交所企业数量,,185,12/9/2025 10:26:31,12/9/2025 10:26:31,2022
307,3,信息传输、软件和信息技术服务业,信息传输、软件和信息技术服务业-港交所企业数量,,211,12/9/2025 10:26:31,12/9/2025 10:26:31,2022
308,43,化学纤维制造业,化学纤维制造业-深交所企业数量,,20,12/9/2025 10:26:31,12/9/2025 10:26:31,2022
309,27,铁路、船舶、航空航天和其他运输设备制造业,铁路、船舶、航空航天和其他运输设备制造业-港交所企业数量,,12,12/9/2025 10:26:31,12/9/2025 10:26:31,2022
310,5,专用设备制造业,专用设备制造业-港交所企业数量,,72,12/9/2025 10:26:31,12/9/2025 10:26:31,2022
311,9,批发和零售业,批发和零售业-港交所企业数量,,88,12/9/2025 10:26:31,12/9/2025 10:26:31,2022
312,18,通用设备制造业,通用设备制造业-深交所企业数量,,121,12/9/2025 10:26:31,12/9/2025 10:26:31,2022
313,2,化学原料和化学制品制造业,化学原料和化学制品制造业-深交所企业数量,,193,12/9/2025 10:26:31,12/9/2025 10:26:31,2022
314,8,商业电气机械和器材制造业,商业电气机械和器材制造业-港交所企业数量,,46,12/9/2025 10:26:31,12/9/2025 10:26:31,2022
315,14,采矿业,采矿业-深交所企业数量,,29,12/9/2025 10:26:31,12/9/2025 10:26:31,2022
316,37,住宿和餐饮业,住宿和餐饮业-深交所企业数量,,4,12/9/2025 10:26:31,12/9/2025 10:26:31,2022
317,15,纺织鞋服业,纺织鞋服业-港交所企业数量,,72,12/9/2025 10:26:31,12/9/2025 10:26:31,2022
318,36,造纸和纸制品业,造纸和纸制品业-深交所企业数量,,19,12/9/2025 10:26:31,12/9/2025 10:26:31,2022
319,35,卫生和社会工作,卫生和社会工作-深交所企业数量,,12,12/9/2025 10:26:31,12/9/2025 10:26:31,2022
320,37,住宿和餐饮业,住宿和餐饮业-港交所企业数量,,27,12/9/2025 10:26:31,12/9/2025 10:26:31,2022
321,31,教育,教育-深交所企业数量,,8,12/9/2025 10:26:31,12/9/2025 10:26:31,2022
322,34,农、林、牧、渔业,农、林、牧、渔业-深交所企业数量,,31,12/9/2025 10:26:31,12/9/2025 10:26:31,2022
323,14,采矿业,采矿业-港交所企业数量,,65,12/9/2025 10:26:31,12/9/2025 10:26:31,2022
324,23,橡胶和塑料制品业,橡胶和塑料制品业-深交所企业数量,,68,12/9/2025 10:26:31,12/9/2025 10:26:31,2022
325,38,家具制造业,家具制造业-深交所企业数量,,14,12/9/2025 10:26:32,12/9/2025 10:26:32,2022
326,39,印刷和记录媒介复制业,印刷和记录媒介复制业-深交所企业数量,,9,12/9/2025 10:26:32,12/9/2025 10:26:32,2022
327,20,租赁和商务服务业,租赁和商务服务业-港交所企业数量,,46,12/9/2025 10:26:32,12/9/2025 10:26:32,2022
328,15,纺织鞋服业,纺织鞋服业-深交所企业数量,,54,12/9/2025 10:26:32,12/9/2025 10:26:32,2022
329,10,食品饮料业,食品饮料业-港交所企业数量,,62,12/9/2025 10:26:32,12/9/2025 10:26:32,2022
330,7,金融业,金融业-港交所企业数量,,174,12/9/2025 10:26:32,12/9/2025 10:26:32,2022
331,46,废弃资源综合利用业,废弃资源综合利用业-深交所企业数量,,12,12/9/2025 10:26:32,12/9/2025 10:26:32,2022
332,19,半导体业,半导体业-港交所企业数量,,27,12/9/2025 10:26:32,12/9/2025 10:26:32,2022
333,13,电力、热力、燃气及水生产和供应业,电力、热力、燃气及水生产和供应业-港交所企业数量,,57,12/9/2025 10:26:32,12/9/2025 10:26:32,2022
334,24,综合,综合-港交所企业数量,,20,12/9/2025 10:26:32,12/9/2025 10:26:32,2022
335,47,木材加工和木、竹、藤、棕、草制品业,木材加工和木、竹、藤、棕、草制品业-深交所企业数量,,5,12/9/2025 10:26:32,12/9/2025 10:26:32,2022
336,29,金属冶炼和压延加工业,金属冶炼和压延加工业-港交所企业数量,,29,12/9/2025 10:26:32,12/9/2025 10:26:32,2022
337,17,交通运输、仓储和邮政业,交通运输、仓储和邮政业-港交所企业数量,,64,12/9/2025 10:26:32,12/9/2025 10:26:32,2022
338,32,仪器仪表制造业,仪器仪表制造业-深交所企业数量,,48,12/9/2025 10:26:32,12/9/2025 10:26:32,2022
339,28,水利、环境和公共设施管理业,水利、环境和公共设施管理业-港交所企业数量,,10,12/9/2025 10:26:32,12/9/2025 10:26:32,2022
340,12,汽车制造业,汽车制造业-港交所企业数量,,43,12/9/2025 10:26:32,12/9/2025 10:26:32,2022
341,41,文教、工美、体育和娱乐用品制造业,文教、工美、体育和娱乐用品制造业-港交所企业数量,,14,12/9/2025 10:26:32,12/9/2025 10:26:32,2022
342,2,化学原料和化学制品制造业,化学原料和化学制品制造业-港交所企业数量,,39,12/9/2025 10:26:32,12/9/2025 10:26:32,2022
343,25,其他制造业,其他制造业-深交所企业数量,,25,12/9/2025 10:26:32,12/9/2025 10:26:32,2022
344,6,消费电子及电气业,消费电子及电气业-港交所企业数量,,62,12/9/2025 10:26:32,12/9/2025 10:26:32,2022
345,33,文化、体育和娱乐业,文化、体育和娱乐业-港交所企业数量,,25,12/9/2025 10:26:32,12/9/2025 10:26:32,2022
346,45,石油加工、炼焦和核燃料加工业,石油加工、炼焦和核燃料加工业-港交所企业数量,,5,12/9/2025 10:26:33,12/9/2025 10:26:33,2022
347,39,印刷和记录媒介复制业,印刷和记录媒介复制业-港交所企业数量,,18,12/9/2025 10:26:33,12/9/2025 10:26:33,2022
348,31,教育,教育-港交所企业数量,,47,12/9/2025 10:26:33,12/9/2025 10:26:33,2022
349,35,卫生和社会工作,卫生和社会工作-港交所企业数量,,15,12/9/2025 10:26:33,12/9/2025 10:26:33,2022
350,16,建筑业,建筑业-港交所企业数量,,40,12/9/2025 10:26:33,12/9/2025 10:26:33,2022
351,38,家具制造业,家具制造业-港交所企业数量,,11,12/9/2025 10:26:33,12/9/2025 10:26:33,2022
352,26,金属制品业,金属制品业-港交所企业数量,,12,12/9/2025 10:26:33,12/9/2025 10:26:33,2022
353,21,通信传输设备业,通信传输设备业-港交所企业数量,,20,12/9/2025 10:26:33,12/9/2025 10:26:33,2022
354,18,通用设备制造业,通用设备制造业-港交所企业数量,,12,12/9/2025 10:26:33,12/9/2025 10:26:33,2022
355,46,废弃资源综合利用业,废弃资源综合利用业-港交所企业数量,,12,12/9/2025 10:26:33,12/9/2025 10:26:33,2022
356,32,仪器仪表制造业,仪器仪表制造业-港交所企业数量,,3,12/9/2025 10:26:33,12/9/2025 10:26:33,2022
357,22,非金属矿物制品业,非金属矿物制品业-港交所企业数量,,23,12/9/2025 10:26:33,12/9/2025 10:26:33,2022
358,25,其他制造业,其他制造业-港交所企业数量,,16,12/9/2025 10:26:33,12/9/2025 10:26:33,2022
359,36,造纸和纸制品业,造纸和纸制品业-港交所企业数量,,12,12/9/2025 10:26:33,12/9/2025 10:26:33,2022
360,48,居民服务、修理和其他服务业,居民服务、修理和其他服务业-港交所企业数量,,3,12/9/2025 10:26:33,12/9/2025 10:26:33,2022
361,47,木材加工和木、竹、藤、棕、草制品业,木材加工和木、竹、藤、棕、草制品业-港交所企业数量,,2,12/9/2025 10:26:34,12/9/2025 10:26:34,2022
362,23,橡胶和塑料制品业,橡胶和塑料制品业-港交所企业数量,,2,12/9/2025 10:26:34,12/9/2025 10:26:34,2022
363,30,科学研究和技术服务业,科学研究和技术服务业-港交所企业数量,,12,12/9/2025 10:26:34,12/9/2025 10:26:34,2022
364,34,农、林、牧、渔业,农、林、牧、渔业-港交所企业数量,,2,12/9/2025 10:26:34,12/9/2025 10:26:34,2022
365,48,居民服务、修理和其他服务业,居民服务、修理和其他服务业-深交所企业数量,,1,12/9/2025 10:26:34,12/9/2025 10:26:34,2022
366,1,医药制造业,医药制造业-北交所企业数量,,9,12/9/2025 10:26:34,12/9/2025 10:26:34,2022
367,3,信息传输、软件和信息技术服务业,信息传输、软件和信息技术服务业-北交所企业数量,,17,12/9/2025 10:26:34,12/9/2025 10:26:34,2022
368,19,半导体业,半导体业-北交所企业数量,,2,12/9/2025 10:26:34,12/9/2025 10:26:34,2022
369,6,消费电子及电气业,消费电子及电气业-北交所企业数量,,15,12/9/2025 10:26:34,12/9/2025 10:26:34,2022
370,5,专用设备制造业,专用设备制造业-北交所企业数量,,15,12/9/2025 10:26:34,12/9/2025 10:26:34,2022
371,18,通用设备制造业,通用设备制造业-北交所企业数量,,14,12/9/2025 10:26:34,12/9/2025 10:26:34,2022
372,32,仪器仪表制造业,仪器仪表制造业-北交所企业数量,,10,12/9/2025 10:26:34,12/9/2025 10:26:34,2022
373,2,化学原料和化学制品制造业,化学原料和化学制品制造业-北交所企业数量,,8,12/9/2025 10:26:34,12/9/2025 10:26:34,2022
374,26,金属制品业,金属制品业-北交所企业数量,,5,12/9/2025 10:26:34,12/9/2025 10:26:34,2022
375,7,金融业,金融业-上交所企业数量,,85,12/9/2025 10:26:34,12/9/2025 10:26:34,2022
376,17,交通运输、仓储和邮政业,交通运输、仓储和邮政业-上交所企业数量,,75,12/9/2025 10:26:34,12/9/2025 10:26:34,2022
377,12,汽车制造业,汽车制造业-上交所企业数量,,90,12/9/2025 10:26:34,12/9/2025 10:26:34,2022
378,4,房地产业,房地产业-上交所企业数量,,59,12/9/2025 10:26:34,12/9/2025 10:26:34,2022
379,13,电力、热力、燃气及水生产和供应业,电力、热力、燃气及水生产和供应业-上交所企业数量,,80,12/9/2025 10:26:34,12/9/2025 10:26:34,2022
380,29,金属冶炼和压延加工业,金属冶炼和压延加工业-上交所企业数量,,56,12/9/2025 10:26:34,12/9/2025 10:26:34,2022
381,14,采矿业,采矿业-上交所企业数量,,49,12/9/2025 10:26:35,12/9/2025 10:26:35,2022
382,5,专用设备制造业,专用设备制造业-上交所企业数量,,167,12/9/2025 10:26:35,12/9/2025 10:26:35,2022
383,3,信息传输、软件和信息技术服务业,信息传输、软件和信息技术服务业-上交所企业数量,,141,12/9/2025 10:26:35,12/9/2025 10:26:35,2022
384,27,铁路、船舶、航空航天和其他运输设备制造业,铁路、船舶、航空航天和其他运输设备制造业-上交所企业数量,,48,12/9/2025 10:26:35,12/9/2025 10:26:35,2022
385,16,建筑业,建筑业-上交所企业数量,,52,12/9/2025 10:26:35,12/9/2025 10:26:35,2022
386,9,批发和零售业,批发和零售业-上交所企业数量,,96,12/9/2025 10:26:35,12/9/2025 10:26:35,2022
387,33,文化、体育和娱乐业,文化、体育和娱乐业-上交所企业数量,,31,12/9/2025 10:26:35,12/9/2025 10:26:35,2022
388,28,水利、环境和公共设施管理业,水利、环境和公共设施管理业-上交所企业数量,,33,12/9/2025 10:26:35,12/9/2025 10:26:35,2022
389,20,租赁和商务服务业,租赁和商务服务业-上交所企业数量,,20,12/9/2025 10:26:35,12/9/2025 10:26:35,2022
390,10,食品饮料业,食品饮料业-上交所企业数量,,90,12/9/2025 10:26:35,12/9/2025 10:26:35,2022
391,6,消费电子及电气业,消费电子及电气业-上交所企业数量,,80,12/9/2025 10:26:35,12/9/2025 10:26:35,2022
392,1,医药制造业,医药制造业-上交所企业数量,,142,12/9/2025 10:26:35,12/9/2025 10:26:35,2022
393,23,橡胶和塑料制品业,橡胶和塑料制品业-上交所企业数量,,29,12/9/2025 10:26:35,12/9/2025 10:26:35,2022
394,32,仪器仪表制造业,仪器仪表制造业-上交所企业数量,,28,12/9/2025 10:26:35,12/9/2025 10:26:35,2022
395,2,化学原料和化学制品制造业,化学原料和化学制品制造业-上交所企业数量,,124,12/9/2025 10:26:35,12/9/2025 10:26:35,2022
396,47,木材加工和木、竹、藤、棕、草制品业,木材加工和木、竹、藤、棕、草制品业-上交所企业数量,,4,12/9/2025 10:26:36,12/9/2025 10:26:36,2022
397,8,商业电气机械和器材制造业,商业电气机械和器材制造业-上交所企业数量,,110,12/9/2025 10:26:36,12/9/2025 10:26:36,2022
398,34,农、林、牧、渔业,农、林、牧、渔业-上交所企业数量,,16,12/9/2025 10:26:36,12/9/2025 10:26:36,2022
399,36,造纸和纸制品业,造纸和纸制品业-上交所企业数量,,19,12/9/2025 10:26:36,12/9/2025 10:26:36,2022
400,15,纺织鞋服业,纺织鞋服业-上交所企业数量,,50,12/9/2025 10:26:36,12/9/2025 10:26:36,2022
401,26,金属制品业,金属制品业-上交所企业数量,,36,12/9/2025 10:26:36,12/9/2025 10:26:36,2022
402,19,半导体业,半导体业-上交所企业数量,,82,12/9/2025 10:26:36,12/9/2025 10:26:36,2022
403,22,非金属矿物制品业,非金属矿物制品业-上交所企业数量,,44,12/9/2025 10:26:36,12/9/2025 10:26:36,2022
404,21,通信传输设备业,通信传输设备业-上交所企业数量,,34,12/9/2025 10:26:36,12/9/2025 10:26:36,2022
405,24,综合,综合-上交所企业数量,,7,12/9/2025 10:26:36,12/9/2025 10:26:36,2022
406,46,废弃资源综合利用业,废弃资源综合利用业-上交所企业数量,,3,12/9/2025 10:26:36,12/9/2025 10:26:36,2022
407,18,通用设备制造业,通用设备制造业-上交所企业数量,,66,12/9/2025 10:26:36,12/9/2025 10:26:36,2022
408,37,住宿和餐饮业,住宿和餐饮业-上交所企业数量,,4,12/9/2025 10:26:36,12/9/2025 10:26:36,2022
409,43,化学纤维制造业,化学纤维制造业-上交所企业数量,,13,12/9/2025 10:26:36,12/9/2025 10:26:36,2022
410,25,其他制造业,其他制造业-上交所企业数量,,12,12/9/2025 10:26:36,12/9/2025 10:26:36,2022
411,31,教育,教育-上交所企业数量,,5,12/9/2025 10:26:36,12/9/2025 10:26:36,2022
412,41,文教、工美、体育和娱乐用品制造业,文教、工美、体育和娱乐用品制造业-上交所企业数量,,6,12/9/2025 10:26:36,12/9/2025 10:26:36,2022
413,30,科学研究和技术服务业,科学研究和技术服务业-上交所企业数量,,38,12/9/2025 10:26:36,12/9/2025 10:26:36,2022
414,45,石油加工、炼焦和核燃料加工业,石油加工、炼焦和核燃料加工业-上交所企业数量,,9,12/9/2025 10:26:36,12/9/2025 10:26:36,2022
415,35,卫生和社会工作,卫生和社会工作-上交所企业数量,,2,12/9/2025 10:26:36,12/9/2025 10:26:36,2022
416,39,印刷和记录媒介复制业,印刷和记录媒介复制业-上交所企业数量,,5,12/9/2025 10:26:36,12/9/2025 10:26:36,2022
417,38,家具制造业,家具制造业-上交所企业数量,,16,12/9/2025 10:26:36,12/9/2025 10:26:36,2022
418,16,建筑业,建筑业-北交所企业数量,,2,12/9/2025 10:26:37,12/9/2025 10:26:37,2022
419,13,电力、热力、燃气及水生产和供应业,电力、热力、燃气及水生产和供应业-北交所企业数量,,1,12/9/2025 10:26:37,12/9/2025 10:26:37,2022
420,30,科学研究和技术服务业,科学研究和技术服务业-北交所企业数量,,6,12/9/2025 10:26:37,12/9/2025 10:26:37,2022
421,34,农、林、牧、渔业,农、林、牧、渔业-北交所企业数量,,1,12/9/2025 10:26:37,12/9/2025 10:26:37,2022
422,29,金属冶炼和压延加工业,金属冶炼和压延加工业-北交所企业数量,,2,12/9/2025 10:26:37,12/9/2025 10:26:37,2022
423,12,汽车制造业,汽车制造业-北交所企业数量,,7,12/9/2025 10:26:37,12/9/2025 10:26:37,2022
424,28,水利、环境和公共设施管理业,水利、环境和公共设施管理业-北交所企业数量,,3,12/9/2025 10:26:37,12/9/2025 10:26:37,2022
425,38,家具制造业,家具制造业-北交所企业数量,,2,12/9/2025 10:26:37,12/9/2025 10:26:37,2022
426,8,商业电气机械和器材制造业,商业电气机械和器材制造业-北交所企业数量,,13,12/9/2025 10:26:37,12/9/2025 10:26:37,2022
427,10,食品饮料业,食品饮料业-北交所企业数量,,6,12/9/2025 10:26:37,12/9/2025 10:26:37,2022
428,23,橡胶和塑料制品业,橡胶和塑料制品业-北交所企业数量,,8,12/9/2025 10:26:37,12/9/2025 10:26:37,2022
429,39,印刷和记录媒介复制业,印刷和记录媒介复制业-北交所企业数量,,1,12/9/2025 10:26:37,12/9/2025 10:26:37,2022
430,17,交通运输、仓储和邮政业,交通运输、仓储和邮政业-北交所企业数量,,2,12/9/2025 10:26:37,12/9/2025 10:26:37,2022
431,22,非金属矿物制品业,非金属矿物制品业-北交所企业数量,,6,12/9/2025 10:26:37,12/9/2025 10:26:37,2022
432,21,通信传输设备业,通信传输设备业-北交所企业数量,,2,12/9/2025 10:26:37,12/9/2025 10:26:37,2022
433,43,化学纤维制造业,化学纤维制造业-北交所企业数量,,1,12/9/2025 10:26:37,12/9/2025 10:26:37,2022
434,20,租赁和商务服务业,租赁和商务服务业-北交所企业数量,,1,12/9/2025 10:26:38,12/9/2025 10:26:38,2022
435,9,批发和零售业,批发和零售业-北交所企业数量,,1,12/9/2025 10:26:38,12/9/2025 10:26:38,2022
436,15,纺织鞋服业,纺织鞋服业-北交所企业数量,,1,12/9/2025 10:26:38,12/9/2025 10:26:38,2022
437,36,造纸和纸制品业,造纸和纸制品业-北交所企业数量,,1,12/9/2025 10:26:38,12/9/2025 10:26:38,2022
438,0,全行业,民营企业-深交所企业数量,,1997,12/9/2025 10:26:38,5/11/2025 08:56:03,2022
439,0,全行业,地方国有企业-深交所企业数量,,438,12/9/2025 10:26:38,5/11/2025 08:56:03,2022
440,0,全行业,中央国有企业-深交所企业数量,,169,12/9/2025 10:26:38,5/11/2025 08:56:03,2022
441,0,全行业,外资企业-深交所企业数量,,75,12/9/2025 10:26:38,5/11/2025 08:56:03,2022
442,0,全行业,民营企业-港交所企业数量,,1233,12/9/2025 10:26:38,5/11/2025 08:56:03,2022
443,0,全行业,外资企业-港交所企业数量,,239,12/9/2025 10:26:38,5/11/2025 08:56:03,2022
444,0,全行业,中央国有企业-港交所企业数量,,175,12/9/2025 10:26:39,5/11/2025 08:56:03,2022
445,0,全行业,国有企业（其他）-港交所企业数量,,4,12/9/2025 10:26:39,5/11/2025 08:56:03,2022
446,0,全行业,国有企业（院所）-深交所企业数量,,18,12/9/2025 10:26:39,5/11/2025 08:56:03,2022
447,0,全行业,集体企业-深交所企业数量,,11,12/9/2025 10:26:39,5/11/2025 08:56:03,2022
448,0,全行业,地方国有企业-港交所企业数量,,180,12/9/2025 10:26:39,5/11/2025 08:56:03,2022
449,0,全行业,中外合资经营企业-深交所企业数量,,20,12/9/2025 10:26:39,5/11/2025 08:56:03,2022
450,0,全行业,中外合资经营企业-港交所企业数量,,11,12/9/2025 10:26:39,5/11/2025 08:56:03,2022
451,0,全行业,国有企业（院所）-港交所企业数量,,3,12/9/2025 10:26:39,5/11/2025 08:56:03,2022
452,0,全行业,集体企业-港交所企业数量,,3,12/9/2025 10:26:39,5/11/2025 08:56:03,2022
453,0,全行业,民营企业-北交所企业数量,,141,12/9/2025 10:26:39,5/11/2025 08:56:03,2022
454,0,全行业,中央国有企业-北交所企业数量,,4,12/9/2025 10:26:39,5/11/2025 08:56:03,2022
455,0,全行业,地方国有企业-北交所企业数量,,13,12/9/2025 10:26:40,5/11/2025 08:56:03,2022
456,0,全行业,地方国有企业-上交所企业数量,,516,12/9/2025 10:26:40,5/11/2025 08:56:03,2022
457,0,全行业,中央国有企业-上交所企业数量,,253,12/9/2025 10:26:40,5/11/2025 08:56:03,2022
458,0,全行业,外资企业-上交所企业数量,,106,12/9/2025 10:26:40,5/11/2025 08:56:03,2022
459,0,全行业,民营企业-上交所企业数量,,1222,12/9/2025 10:26:40,5/11/2025 08:56:03,2022
460,0,全行业,国有企业（其他）-上交所企业数量,,11,12/9/2025 10:26:40,5/11/2025 08:56:03,2022
461,0,全行业,中外合资经营企业-上交所企业数量,,23,12/9/2025 10:26:40,5/11/2025 08:56:03,2022
462,0,全行业,集体企业-上交所企业数量,,14,12/9/2025 10:26:40,5/11/2025 08:56:03,2022
463,0,全行业,国有企业（院所）-上交所企业数量,,11,12/9/2025 10:26:40,5/11/2025 08:56:03,2022
464,0,全行业,中外合资经营企业-北交所企业数量,,2,12/9/2025 10:26:40,5/11/2025 08:56:03,2022
465,0,全行业,外资企业-北交所企业数量,,1,12/9/2025 10:26:40,5/11/2025 08:56:03,2022
466,0,全行业,集体企业-北交所企业数量,,1,12/9/2025 10:26:40,5/11/2025 08:56:03,2022
467,7,金融业,金融业-民营企业-深交所企业数量,,14,12/9/2025 10:26:40,12/9/2025 10:26:40,2022
468,4,房地产业,房地产业-地方国有企业-深交所企业数量,,17,12/9/2025 10:26:40,12/9/2025 10:26:40,2022
469,3,信息传输、软件和信息技术服务业,信息传输、软件和信息技术服务业-民营企业-深交所企业数量,,226,12/9/2025 10:26:40,12/9/2025 10:26:40,2022
470,28,水利、环境和公共设施管理业,水利、环境和公共设施管理业-民营企业-深交所企业数量,,40,12/9/2025 10:26:41,12/9/2025 10:26:41,2022
471,4,房地产业,房地产业-民营企业-深交所企业数量,,24,12/9/2025 10:26:41,12/9/2025 10:26:41,2022
472,27,铁路、船舶、航空航天和其他运输设备制造业,铁路、船舶、航空航天和其他运输设备制造业-中央国有企业-深交所企业数量,,10,12/9/2025 10:26:41,12/9/2025 10:26:41,2022
473,24,综合,综合-民营企业-深交所企业数量,,4,12/9/2025 10:26:41,12/9/2025 10:26:41,2022
474,16,建筑业,建筑业-民营企业-深交所企业数量,,28,12/9/2025 10:26:41,12/9/2025 10:26:41,2022
475,22,非金属矿物制品业,非金属矿物制品业-民营企业-深交所企业数量,,36,12/9/2025 10:26:41,12/9/2025 10:26:41,2022
476,6,消费电子及电气业,消费电子及电气业-中央国有企业-深交所企业数量,,9,12/9/2025 10:26:41,12/9/2025 10:26:41,2022
477,41,文教、工美、体育和娱乐用品制造业,文教、工美、体育和娱乐用品制造业-民营企业-深交所企业数量,,15,12/9/2025 10:26:41,12/9/2025 10:26:41,2022
478,9,批发和零售业,批发和零售业-地方国有企业-深交所企业数量,,20,12/9/2025 10:26:41,12/9/2025 10:26:41,2022
479,6,消费电子及电气业,消费电子及电气业-民营企业-深交所企业数量,,157,12/9/2025 10:26:41,12/9/2025 10:26:41,2022
480,19,半导体业,半导体业-中央国有企业-深交所企业数量,,3,12/9/2025 10:26:41,12/9/2025 10:26:41,2022
481,9,批发和零售业,批发和零售业-中央国有企业-深交所企业数量,,8,12/9/2025 10:26:41,12/9/2025 10:26:41,2022
482,13,电力、热力、燃气及水生产和供应业,电力、热力、燃气及水生产和供应业-地方国有企业-深交所企业数量,,25,12/9/2025 10:26:41,12/9/2025 10:26:41,2022
483,12,汽车制造业,汽车制造业-地方国有企业-深交所企业数量,,11,12/9/2025 10:26:42,12/9/2025 10:26:42,2022
484,4,房地产业,房地产业-中央国有企业-深交所企业数量,,7,12/9/2025 10:26:42,12/9/2025 10:26:42,2022
485,3,信息传输、软件和信息技术服务业,信息传输、软件和信息技术服务业-中央国有企业-深交所企业数量,,12,12/9/2025 10:26:42,12/9/2025 10:26:42,2022
486,9,批发和零售业,批发和零售业-民营企业-深交所企业数量,,51,12/9/2025 10:26:42,12/9/2025 10:26:42,2022
487,26,金属制品业,金属制品业-地方国有企业-深交所企业数量,,3,12/9/2025 10:26:42,12/9/2025 10:26:42,2022
488,13,电力、热力、燃气及水生产和供应业,电力、热力、燃气及水生产和供应业-民营企业-深交所企业数量,,15,12/9/2025 10:26:42,12/9/2025 10:26:42,2022
489,4,房地产业,房地产业-外资企业-深交所企业数量,,2,12/9/2025 10:26:42,12/9/2025 10:26:42,2022
490,6,消费电子及电气业,消费电子及电气业-地方国有企业-深交所企业数量,,20,12/9/2025 10:26:42,12/9/2025 10:26:42,2022
491,10,食品饮料业,食品饮料业-民营企业-深交所企业数量,,63,12/9/2025 10:26:42,12/9/2025 10:26:42,2022
492,8,商业电气机械和器材制造业,商业电气机械和器材制造业-地方国有企业-深交所企业数量,,17,12/9/2025 10:26:42,12/9/2025 10:26:42,2022
493,26,金属制品业,金属制品业-民营企业-深交所企业数量,,51,12/9/2025 10:26:42,12/9/2025 10:26:42,2022
494,20,租赁和商务服务业,租赁和商务服务业-民营企业-深交所企业数量,,29,12/9/2025 10:26:42,12/9/2025 10:26:42,2022
495,20,租赁和商务服务业,租赁和商务服务业-地方国有企业-深交所企业数量,,12,12/9/2025 10:26:42,12/9/2025 10:26:42,2022
496,45,石油加工、炼焦和核燃料加工业,石油加工、炼焦和核燃料加工业-中央国有企业-深交所企业数量,,3,12/9/2025 10:26:42,12/9/2025 10:26:42,2022
497,29,金属冶炼和压延加工业,金属冶炼和压延加工业-地方国有企业-深交所企业数量,,14,12/9/2025 10:26:43,12/9/2025 10:26:43,2022
498,21,通信传输设备业,通信传输设备业-民营企业-深交所企业数量,,50,12/9/2025 10:26:43,12/9/2025 10:26:43,2022
499,16,建筑业,建筑业-中央国有企业-深交所企业数量,,4,12/9/2025 10:26:43,12/9/2025 10:26:43,2022
500,30,科学研究和技术服务业,科学研究和技术服务业-地方国有企业-深交所企业数量,,14,12/9/2025 10:26:43,12/9/2025 10:26:43,2022
501,21,通信传输设备业,通信传输设备业-地方国有企业-深交所企业数量,,9,12/9/2025 10:26:43,12/9/2025 10:26:43,2022
502,17,交通运输、仓储和邮政业,交通运输、仓储和邮政业-地方国有企业-深交所企业数量,,15,12/9/2025 10:26:43,12/9/2025 10:26:43,2022
503,16,建筑业,建筑业-地方国有企业-深交所企业数量,,20,12/9/2025 10:26:43,12/9/2025 10:26:43,2022
504,17,交通运输、仓储和邮政业,交通运输、仓储和邮政业-中央国有企业-深交所企业数量,,5,12/9/2025 10:26:43,12/9/2025 10:26:43,2022
505,1,医药制造业,医药制造业-民营企业-港交所企业数量,,105,12/9/2025 10:26:43,12/9/2025 10:26:43,2022
506,1,医药制造业,医药制造业-民营企业-深交所企业数量,,134,12/9/2025 10:26:43,12/9/2025 10:26:43,2022
507,33,文化、体育和娱乐业,文化、体育和娱乐业-地方国有企业-深交所企业数量,,9,12/9/2025 10:26:43,12/9/2025 10:26:43,2022
508,5,专用设备制造业,专用设备制造业-地方国有企业-深交所企业数量,,24,12/9/2025 10:26:43,12/9/2025 10:26:43,2022
509,3,信息传输、软件和信息技术服务业,信息传输、软件和信息技术服务业-地方国有企业-深交所企业数量,,26,12/9/2025 10:26:43,12/9/2025 10:26:43,2022
510,7,金融业,金融业-中央国有企业-深交所企业数量,,5,12/9/2025 10:26:44,12/9/2025 10:26:44,2022
511,4,房地产业,房地产业-外资企业-港交所企业数量,,34,12/9/2025 10:26:44,12/9/2025 10:26:44,2022
512,3,信息传输、软件和信息技术服务业,信息传输、软件和信息技术服务业-外资企业-港交所企业数量,,16,12/9/2025 10:26:44,12/9/2025 10:26:44,2022
513,4,房地产业,房地产业-民营企业-港交所企业数量,,112,12/9/2025 10:26:44,12/9/2025 10:26:44,2022
514,43,化学纤维制造业,化学纤维制造业-民营企业-深交所企业数量,,14,12/9/2025 10:26:44,12/9/2025 10:26:44,2022
515,27,铁路、船舶、航空航天和其他运输设备制造业,铁路、船舶、航空航天和其他运输设备制造业-中央国有企业-港交所企业数量,,7,12/9/2025 10:26:44,12/9/2025 10:26:44,2022
516,5,专用设备制造业,专用设备制造业-中央国有企业-港交所企业数量,,3,12/9/2025 10:26:44,12/9/2025 10:26:44,2022
517,9,批发和零售业,批发和零售业-中央国有企业-港交所企业数量,,4,12/9/2025 10:26:44,12/9/2025 10:26:44,2022
518,8,商业电气机械和器材制造业,商业电气机械和器材制造业-中央国有企业-深交所企业数量,,3,12/9/2025 10:26:44,12/9/2025 10:26:44,2022
519,22,非金属矿物制品业,非金属矿物制品业-地方国有企业-深交所企业数量,,5,12/9/2025 10:26:44,12/9/2025 10:26:44,2022
520,18,通用设备制造业,通用设备制造业-地方国有企业-深交所企业数量,,23,12/9/2025 10:26:44,12/9/2025 10:26:44,2022
521,13,电力、热力、燃气及水生产和供应业,电力、热力、燃气及水生产和供应业-外资企业-深交所企业数量,,1,12/9/2025 10:26:44,12/9/2025 10:26:44,2022
522,2,化学原料和化学制品制造业,化学原料和化学制品制造业-民营企业-深交所企业数量,,146,12/9/2025 10:26:44,12/9/2025 10:26:44,2022
523,18,通用设备制造业,通用设备制造业-中央国有企业-深交所企业数量,,5,12/9/2025 10:26:44,12/9/2025 10:26:44,2022
524,8,商业电气机械和器材制造业,商业电气机械和器材制造业-国有企业（其他）-港交所企业数量,,1,12/9/2025 10:26:44,12/9/2025 10:26:44,2022
525,43,化学纤维制造业,化学纤维制造业-地方国有企业-深交所企业数量,,4,12/9/2025 10:26:44,12/9/2025 10:26:44,2022
526,2,化学原料和化学制品制造业,化学原料和化学制品制造业-地方国有企业-深交所企业数量,,25,12/9/2025 10:26:44,12/9/2025 10:26:44,2022
527,1,医药制造业,医药制造业-中央国有企业-深交所企业数量,,5,12/9/2025 10:26:44,12/9/2025 10:26:44,2022
528,14,采矿业,采矿业-民营企业-深交所企业数量,,17,12/9/2025 10:26:45,12/9/2025 10:26:45,2022
529,37,住宿和餐饮业,住宿和餐饮业-地方国有企业-深交所企业数量,,3,12/9/2025 10:26:45,12/9/2025 10:26:45,2022
530,28,水利、环境和公共设施管理业,水利、环境和公共设施管理业-地方国有企业-深交所企业数量,,10,12/9/2025 10:26:45,12/9/2025 10:26:45,2022
531,15,纺织鞋服业,纺织鞋服业-民营企业-港交所企业数量,,50,12/9/2025 10:26:45,12/9/2025 10:26:45,2022
532,36,造纸和纸制品业,造纸和纸制品业-地方国有企业-深交所企业数量,,2,12/9/2025 10:26:45,12/9/2025 10:26:45,2022
533,10,食品饮料业,食品饮料业-地方国有企业-深交所企业数量,,20,12/9/2025 10:26:45,12/9/2025 10:26:45,2022
534,35,卫生和社会工作,卫生和社会工作-地方国有企业-深交所企业数量,,1,12/9/2025 10:26:45,12/9/2025 10:26:45,2022
535,35,卫生和社会工作,卫生和社会工作-民营企业-深交所企业数量,,10,12/9/2025 10:26:45,12/9/2025 10:26:45,2022
536,5,专用设备制造业,专用设备制造业-中央国有企业-深交所企业数量,,9,12/9/2025 10:26:45,12/9/2025 10:26:45,2022
537,37,住宿和餐饮业,住宿和餐饮业-外资企业-港交所企业数量,,9,12/9/2025 10:26:45,12/9/2025 10:26:45,2022
538,17,交通运输、仓储和邮政业,交通运输、仓储和邮政业-民营企业-深交所企业数量,,15,12/9/2025 10:26:45,12/9/2025 10:26:45,2022
539,31,教育,教育-民营企业-深交所企业数量,,7,12/9/2025 10:26:45,12/9/2025 10:26:45,2022
540,24,综合,综合-地方国有企业-深交所企业数量,,3,12/9/2025 10:26:45,12/9/2025 10:26:45,2022
541,8,商业电气机械和器材制造业,商业电气机械和器材制造业-民营企业-深交所企业数量,,127,12/9/2025 10:26:45,12/9/2025 10:26:45,2022
542,13,电力、热力、燃气及水生产和供应业,电力、热力、燃气及水生产和供应业-中央国有企业-深交所企业数量,,10,12/9/2025 10:26:45,12/9/2025 10:26:45,2022
543,1,医药制造业,医药制造业-地方国有企业-深交所企业数量,,21,12/9/2025 10:26:46,12/9/2025 10:26:46,2022
544,12,汽车制造业,汽车制造业-中央国有企业-深交所企业数量,,5,12/9/2025 10:26:46,12/9/2025 10:26:46,2022
545,14,采矿业,采矿业-地方国有企业-深交所企业数量,,9,12/9/2025 10:26:46,12/9/2025 10:26:46,2022
546,2,化学原料和化学制品制造业,化学原料和化学制品制造业-中央国有企业-深交所企业数量,,13,12/9/2025 10:26:46,12/9/2025 10:26:46,2022
547,12,汽车制造业,汽车制造业-民营企业-深交所企业数量,,71,12/9/2025 10:26:46,12/9/2025 10:26:46,2022
548,7,金融业,金融业-地方国有企业-深交所企业数量,,18,12/9/2025 10:26:46,12/9/2025 10:26:46,2022
549,5,专用设备制造业,专用设备制造业-外资企业-港交所企业数量,,13,12/9/2025 10:26:46,12/9/2025 10:26:46,2022
550,5,专用设备制造业,专用设备制造业-民营企业-深交所企业数量,,153,12/9/2025 10:26:46,12/9/2025 10:26:46,2022
551,34,农、林、牧、渔业,农、林、牧、渔业-民营企业-深交所企业数量,,22,12/9/2025 10:26:46,12/9/2025 10:26:46,2022
552,14,采矿业,采矿业-民营企业-港交所企业数量,,40,12/9/2025 10:26:46,12/9/2025 10:26:46,2022
553,29,金属冶炼和压延加工业,金属冶炼和压延加工业-民营企业-深交所企业数量,,32,12/9/2025 10:26:46,12/9/2025 10:26:46,2022
554,23,橡胶和塑料制品业,橡胶和塑料制品业-地方国有企业-深交所企业数量,,9,12/9/2025 10:26:46,12/9/2025 10:26:46,2022
555,29,金属冶炼和压延加工业,金属冶炼和压延加工业-中央国有企业-深交所企业数量,,12,12/9/2025 10:26:46,12/9/2025 10:26:46,2022
556,23,橡胶和塑料制品业,橡胶和塑料制品业-中央国有企业-深交所企业数量,,1,12/9/2025 10:26:46,12/9/2025 10:26:46,2022
557,45,石油加工、炼焦和核燃料加工业,石油加工、炼焦和核燃料加工业-民营企业-深交所企业数量,,3,12/9/2025 10:26:46,12/9/2025 10:26:46,2022
558,23,橡胶和塑料制品业,橡胶和塑料制品业-民营企业-深交所企业数量,,54,12/9/2025 10:26:46,12/9/2025 10:26:46,2022
559,38,家具制造业,家具制造业-中央国有企业-深交所企业数量,,1,12/9/2025 10:26:47,12/9/2025 10:26:47,2022
560,19,半导体业,半导体业-民营企业-深交所企业数量,,47,12/9/2025 10:26:47,12/9/2025 10:26:47,2022
561,18,通用设备制造业,通用设备制造业-民营企业-深交所企业数量,,86,12/9/2025 10:26:47,12/9/2025 10:26:47,2022
562,33,文化、体育和娱乐业,文化、体育和娱乐业-民营企业-深交所企业数量,,22,12/9/2025 10:26:47,12/9/2025 10:26:47,2022
563,39,印刷和记录媒介复制业,印刷和记录媒介复制业-民营企业-深交所企业数量,,7,12/9/2025 10:26:47,12/9/2025 10:26:47,2022
564,27,铁路、船舶、航空航天和其他运输设备制造业,铁路、船舶、航空航天和其他运输设备制造业-民营企业-深交所企业数量,,26,12/9/2025 10:26:47,12/9/2025 10:26:47,2022
565,30,科学研究和技术服务业,科学研究和技术服务业-民营企业-深交所企业数量,,47,12/9/2025 10:26:47,12/9/2025 10:26:47,2022
566,34,农、林、牧、渔业,农、林、牧、渔业-地方国有企业-深交所企业数量,,5,12/9/2025 10:26:47,12/9/2025 10:26:47,2022
567,20,租赁和商务服务业,租赁和商务服务业-民营企业-港交所企业数量,,41,12/9/2025 10:26:47,12/9/2025 10:26:47,2022
568,20,租赁和商务服务业,租赁和商务服务业-中央国有企业-深交所企业数量,,1,12/9/2025 10:26:47,12/9/2025 10:26:47,2022
569,15,纺织鞋服业,纺织鞋服业-民营企业-深交所企业数量,,47,12/9/2025 10:26:47,12/9/2025 10:26:47,2022
570,10,食品饮料业,食品饮料业-民营企业-港交所企业数量,,41,12/9/2025 10:26:48,12/9/2025 10:26:48,2022
571,14,采矿业,采矿业-中央国有企业-深交所企业数量,,3,12/9/2025 10:26:48,12/9/2025 10:26:48,2022
572,26,金属制品业,金属制品业-中央国有企业-深交所企业数量,,3,12/9/2025 10:26:48,12/9/2025 10:26:48,2022
573,22,非金属矿物制品业,非金属矿物制品业-中央国有企业-深交所企业数量,,7,12/9/2025 10:26:48,12/9/2025 10:26:48,2022
574,1,医药制造业,医药制造业-国有企业（院所）-深交所企业数量,,1,12/9/2025 10:26:48,12/9/2025 10:26:48,2022
575,34,农、林、牧、渔业,农、林、牧、渔业-中央国有企业-深交所企业数量,,3,12/9/2025 10:26:48,12/9/2025 10:26:48,2022
576,10,食品饮料业,食品饮料业-中央国有企业-深交所企业数量,,2,12/9/2025 10:26:48,12/9/2025 10:26:48,2022
577,7,金融业,金融业-民营企业-港交所企业数量,,88,12/9/2025 10:26:48,12/9/2025 10:26:48,2022
578,46,废弃资源综合利用业,废弃资源综合利用业-地方国有企业-深交所企业数量,,2,12/9/2025 10:26:48,12/9/2025 10:26:48,2022
579,4,房地产业,房地产业-中央国有企业-港交所企业数量,,17,12/9/2025 10:26:48,12/9/2025 10:26:48,2022
580,39,印刷和记录媒介复制业,印刷和记录媒介复制业-外资企业-深交所企业数量,,2,12/9/2025 10:26:48,12/9/2025 10:26:48,2022
581,36,造纸和纸制品业,造纸和纸制品业-中央国有企业-深交所企业数量,,1,12/9/2025 10:26:48,12/9/2025 10:26:48,2022
582,18,通用设备制造业,通用设备制造业-外资企业-深交所企业数量,,5,12/9/2025 10:26:48,12/9/2025 10:26:48,2022
583,3,信息传输、软件和信息技术服务业,信息传输、软件和信息技术服务业-民营企业-港交所企业数量,,178,12/9/2025 10:26:48,12/9/2025 10:26:48,2022
584,46,废弃资源综合利用业,废弃资源综合利用业-民营企业-深交所企业数量,,10,12/9/2025 10:26:48,12/9/2025 10:26:48,2022
585,19,半导体业,半导体业-地方国有企业-深交所企业数量,,7,12/9/2025 10:26:48,12/9/2025 10:26:48,2022
586,19,半导体业,半导体业-中央国有企业-港交所企业数量,,2,12/9/2025 10:26:49,12/9/2025 10:26:49,2022
587,15,纺织鞋服业,纺织鞋服业-地方国有企业-深交所企业数量,,3,12/9/2025 10:26:49,12/9/2025 10:26:49,2022
588,10,食品饮料业,食品饮料业-集体企业-深交所企业数量,,1,12/9/2025 10:26:49,12/9/2025 10:26:49,2022
589,10,食品饮料业,食品饮料业-外资企业-深交所企业数量,,1,12/9/2025 10:26:49,12/9/2025 10:26:49,2022
590,13,电力、热力、燃气及水生产和供应业,电力、热力、燃气及水生产和供应业-民营企业-港交所企业数量,,21,12/9/2025 10:26:49,12/9/2025 10:26:49,2022
591,24,综合,综合-民营企业-港交所企业数量,,12,12/9/2025 10:26:49,12/9/2025 10:26:49,2022
592,47,木材加工和木、竹、藤、棕、草制品业,木材加工和木、竹、藤、棕、草制品业-民营企业-深交所企业数量,,5,12/9/2025 10:26:49,12/9/2025 10:26:49,2022
593,4,房地产业,房地产业-集体企业-深交所企业数量,,1,12/9/2025 10:26:49,12/9/2025 10:26:49,2022
594,1,医药制造业,医药制造业-外资企业-深交所企业数量,,4,12/9/2025 10:26:49,12/9/2025 10:26:49,2022
595,43,化学纤维制造业,化学纤维制造业-集体企业-深交所企业数量,,1,12/9/2025 10:26:49,12/9/2025 10:26:49,2022
596,21,通信传输设备业,通信传输设备业-国有企业（院所）-深交所企业数量,,1,12/9/2025 10:26:49,12/9/2025 10:26:49,2022
597,22,非金属矿物制品业,非金属矿物制品业-国有企业（院所）-深交所企业数量,,1,12/9/2025 10:26:49,12/9/2025 10:26:49,2022
598,29,金属冶炼和压延加工业,金属冶炼和压延加工业-地方国有企业-港交所企业数量,,5,12/9/2025 10:26:49,12/9/2025 10:26:49,2022
599,17,交通运输、仓储和邮政业,交通运输、仓储和邮政业-地方国有企业-港交所企业数量,,22,12/9/2025 10:26:49,12/9/2025 10:26:49,2022
600,9,批发和零售业,批发和零售业-民营企业-港交所企业数量,,55,12/9/2025 10:26:49,12/9/2025 10:26:49,2022
601,7,金融业,金融业-中央国有企业-港交所企业数量,,35,12/9/2025 10:26:49,12/9/2025 10:26:49,2022
602,8,商业电气机械和器材制造业,商业电气机械和器材制造业-民营企业-港交所企业数量,,36,12/9/2025 10:26:49,12/9/2025 10:26:49,2022
603,5,专用设备制造业,专用设备制造业-民营企业-港交所企业数量,,50,12/9/2025 10:26:49,12/9/2025 10:26:49,2022
604,36,造纸和纸制品业,造纸和纸制品业-民营企业-深交所企业数量,,14,12/9/2025 10:26:49,12/9/2025 10:26:49,2022
605,4,房地产业,房地产业-地方国有企业-港交所企业数量,,21,12/9/2025 10:26:50,12/9/2025 10:26:50,2022
606,38,家具制造业,家具制造业-民营企业-深交所企业数量,,13,12/9/2025 10:26:50,12/9/2025 10:26:50,2022
607,32,仪器仪表制造业,仪器仪表制造业-民营企业-深交所企业数量,,44,12/9/2025 10:26:50,12/9/2025 10:26:50,2022
608,9,批发和零售业,批发和零售业-外资企业-深交所企业数量,,3,12/9/2025 10:26:50,12/9/2025 10:26:50,2022
609,9,批发和零售业,批发和零售业-中外合资经营企业-深交所企业数量,,2,12/9/2025 10:26:50,12/9/2025 10:26:50,2022
610,24,综合,综合-地方国有企业-港交所企业数量,,2,12/9/2025 10:26:50,12/9/2025 10:26:50,2022
611,13,电力、热力、燃气及水生产和供应业,电力、热力、燃气及水生产和供应业-中央国有企业-港交所企业数量,,13,12/9/2025 10:26:50,12/9/2025 10:26:50,2022
612,24,综合,综合-外资企业-港交所企业数量,,5,12/9/2025 10:26:50,12/9/2025 10:26:50,2022
613,17,交通运输、仓储和邮政业,交通运输、仓储和邮政业-中央国有企业-港交所企业数量,,16,12/9/2025 10:26:50,12/9/2025 10:26:50,2022
614,19,半导体业,半导体业-民营企业-港交所企业数量,,14,12/9/2025 10:26:50,12/9/2025 10:26:50,2022
615,10,食品饮料业,食品饮料业-外资企业-港交所企业数量,,11,12/9/2025 10:26:50,12/9/2025 10:26:50,2022
616,28,水利、环境和公共设施管理业,水利、环境和公共设施管理业-地方国有企业-港交所企业数量,,3,12/9/2025 10:26:50,12/9/2025 10:26:50,2022
617,10,食品饮料业,食品饮料业-地方国有企业-港交所企业数量,,2,12/9/2025 10:26:50,12/9/2025 10:26:50,2022
618,12,汽车制造业,汽车制造业-民营企业-港交所企业数量,,26,12/9/2025 10:26:50,12/9/2025 10:26:50,2022
619,41,文教、工美、体育和娱乐用品制造业,文教、工美、体育和娱乐用品制造业-外资企业-港交所企业数量,,1,12/9/2025 10:26:50,12/9/2025 10:26:50,2022
620,37,住宿和餐饮业,住宿和餐饮业-地方国有企业-港交所企业数量,,1,12/9/2025 10:26:50,12/9/2025 10:26:50,2022
621,5,专用设备制造业,专用设备制造业-地方国有企业-港交所企业数量,,5,12/9/2025 10:26:50,12/9/2025 10:26:50,2022
622,2,化学原料和化学制品制造业,化学原料和化学制品制造业-民营企业-港交所企业数量,,31,12/9/2025 10:26:50,12/9/2025 10:26:50,2022
623,23,橡胶和塑料制品业,橡胶和塑料制品业-集体企业-深交所企业数量,,1,12/9/2025 10:26:50,12/9/2025 10:26:50,2022
624,25,其他制造业,其他制造业-中央国有企业-深交所企业数量,,3,12/9/2025 10:26:50,12/9/2025 10:26:50,2022
625,20,租赁和商务服务业,租赁和商务服务业-外资企业-深交所企业数量,,1,12/9/2025 10:26:50,12/9/2025 10:26:50,2022
626,6,消费电子及电气业,消费电子及电气业-外资企业-深交所企业数量,,12,12/9/2025 10:26:51,12/9/2025 10:26:51,2022
627,19,半导体业,半导体业-国有企业（院所）-深交所企业数量,,1,12/9/2025 10:26:51,12/9/2025 10:26:51,2022
628,28,水利、环境和公共设施管理业,水利、环境和公共设施管理业-中央国有企业-深交所企业数量,,5,12/9/2025 10:26:51,12/9/2025 10:26:51,2022
629,34,农、林、牧、渔业,农、林、牧、渔业-集体企业-深交所企业数量,,1,12/9/2025 10:26:51,12/9/2025 10:26:51,2022
630,26,金属制品业,金属制品业-外资企业-深交所企业数量,,4,12/9/2025 10:26:51,12/9/2025 10:26:51,2022
631,22,非金属矿物制品业,非金属矿物制品业-外资企业-深交所企业数量,,3,12/9/2025 10:26:51,12/9/2025 10:26:51,2022
632,41,文教、工美、体育和娱乐用品制造业,文教、工美、体育和娱乐用品制造业-民营企业-港交所企业数量,,13,12/9/2025 10:26:51,12/9/2025 10:26:51,2022
633,25,其他制造业,其他制造业-民营企业-深交所企业数量,,19,12/9/2025 10:26:51,12/9/2025 10:26:51,2022
634,30,科学研究和技术服务业,科学研究和技术服务业-中央国有企业-深交所企业数量,,5,12/9/2025 10:26:51,12/9/2025 10:26:51,2022
635,32,仪器仪表制造业,仪器仪表制造业-地方国有企业-深交所企业数量,,2,12/9/2025 10:26:52,12/9/2025 10:26:52,2022
636,18,通用设备制造业,通用设备制造业-中外合资经营企业-深交所企业数量,,1,12/9/2025 10:26:52,12/9/2025 10:26:52,2022
637,7,金融业,金融业-地方国有企业-港交所企业数量,,40,12/9/2025 10:26:52,12/9/2025 10:26:52,2022
638,6,消费电子及电气业,消费电子及电气业-国有企业（院所）-深交所企业数量,,1,12/9/2025 10:26:52,12/9/2025 10:26:52,2022
639,8,商业电气机械和器材制造业,商业电气机械和器材制造业-外资企业-深交所企业数量,,4,12/9/2025 10:26:52,12/9/2025 10:26:52,2022
640,3,信息传输、软件和信息技术服务业,信息传输、软件和信息技术服务业-国有企业（院所）-深交所企业数量,,5,12/9/2025 10:26:52,12/9/2025 10:26:52,2022
641,1,医药制造业,医药制造业-中外合资经营企业-深交所企业数量,,1,12/9/2025 10:26:52,12/9/2025 10:26:52,2022
642,2,化学原料和化学制品制造业,化学原料和化学制品制造业-国有企业（院所）-深交所企业数量,,2,12/9/2025 10:26:52,12/9/2025 10:26:52,2022
643,21,通信传输设备业,通信传输设备业-中央国有企业-深交所企业数量,,3,12/9/2025 10:26:52,12/9/2025 10:26:52,2022
644,6,消费电子及电气业,消费电子及电气业-民营企业-港交所企业数量,,45,12/9/2025 10:26:52,12/9/2025 10:26:52,2022
645,15,纺织鞋服业,纺织鞋服业-外资企业-深交所企业数量,,3,12/9/2025 10:26:53,12/9/2025 10:26:53,2022
646,6,消费电子及电气业,消费电子及电气业-中外合资经营企业-深交所企业数量,,2,12/9/2025 10:26:53,12/9/2025 10:26:53,2022
647,32,仪器仪表制造业,仪器仪表制造业-国有企业（院所）-深交所企业数量,,1,12/9/2025 10:26:53,12/9/2025 10:26:53,2022
648,3,信息传输、软件和信息技术服务业,信息传输、软件和信息技术服务业-外资企业-深交所企业数量,,4,12/9/2025 10:26:53,12/9/2025 10:26:53,2022
649,12,汽车制造业,汽车制造业-外资企业-深交所企业数量,,1,12/9/2025 10:26:53,12/9/2025 10:26:53,2022
650,19,半导体业,半导体业-外资企业-深交所企业数量,,2,12/9/2025 10:26:53,12/9/2025 10:26:53,2022
651,3,信息传输、软件和信息技术服务业,信息传输、软件和信息技术服务业-中外合资经营企业-深交所企业数量,,2,12/9/2025 10:26:53,12/9/2025 10:26:53,2022
652,28,水利、环境和公共设施管理业,水利、环境和公共设施管理业-外资企业-深交所企业数量,,1,12/9/2025 10:26:53,12/9/2025 10:26:53,2022
653,9,批发和零售业,批发和零售业-集体企业-深交所企业数量,,3,12/9/2025 10:26:53,12/9/2025 10:26:53,2022
654,36,造纸和纸制品业,造纸和纸制品业-外资企业-深交所企业数量,,2,12/9/2025 10:26:53,12/9/2025 10:26:53,2022
655,28,水利、环境和公共设施管理业,水利、环境和公共设施管理业-中央国有企业-港交所企业数量,,2,12/9/2025 10:26:53,12/9/2025 10:26:53,2022
656,31,教育,教育-地方国有企业-深交所企业数量,,1,12/9/2025 10:26:53,12/9/2025 10:26:53,2022
657,12,汽车制造业,汽车制造业-中外合资经营企业-深交所企业数量,,2,12/9/2025 10:26:53,12/9/2025 10:26:53,2022
658,24,综合,综合-中央国有企业-港交所企业数量,,1,12/9/2025 10:26:53,12/9/2025 10:26:53,2022
659,41,文教、工美、体育和娱乐用品制造业,文教、工美、体育和娱乐用品制造业-地方国有企业-深交所企业数量,,3,12/9/2025 10:26:53,12/9/2025 10:26:53,2022
660,13,电力、热力、燃气及水生产和供应业,电力、热力、燃气及水生产和供应业-地方国有企业-港交所企业数量,,18,12/9/2025 10:26:53,12/9/2025 10:26:53,2022
661,45,石油加工、炼焦和核燃料加工业,石油加工、炼焦和核燃料加工业-地方国有企业-深交所企业数量,,1,12/9/2025 10:26:53,12/9/2025 10:26:53,2022
662,16,建筑业,建筑业-中外合资经营企业-深交所企业数量,,1,12/9/2025 10:26:53,12/9/2025 10:26:53,2022
663,16,建筑业,建筑业-外资企业-深交所企业数量,,1,12/9/2025 10:26:53,12/9/2025 10:26:53,2022
664,23,橡胶和塑料制品业,橡胶和塑料制品业-外资企业-深交所企业数量,,3,12/9/2025 10:26:54,12/9/2025 10:26:54,2022
665,9,批发和零售业,批发和零售业-国有企业（院所）-深交所企业数量,,1,12/9/2025 10:26:54,12/9/2025 10:26:54,2022
666,30,科学研究和技术服务业,科学研究和技术服务业-外资企业-深交所企业数量,,3,12/9/2025 10:26:54,12/9/2025 10:26:54,2022
667,10,食品饮料业,食品饮料业-中央国有企业-港交所企业数量,,8,12/9/2025 10:26:54,12/9/2025 10:26:54,2022
668,19,半导体业,半导体业-中外合资经营企业-深交所企业数量,,1,12/9/2025 10:26:54,12/9/2025 10:26:54,2022
669,7,金融业,金融业-中外合资经营企业-深交所企业数量,,1,12/9/2025 10:26:54,12/9/2025 10:26:54,2022
670,5,专用设备制造业,专用设备制造业-外资企业-深交所企业数量,,6,12/9/2025 10:26:54,12/9/2025 10:26:54,2022
671,25,其他制造业,其他制造业-中外合资经营企业-深交所企业数量,,1,12/9/2025 10:26:54,12/9/2025 10:26:54,2022
672,2,化学原料和化学制品制造业,化学原料和化学制品制造业-中央国有企业-港交所企业数量,,2,12/9/2025 10:26:54,12/9/2025 10:26:54,2022
673,2,化学原料和化学制品制造业,化学原料和化学制品制造业-集体企业-深交所企业数量,,1,12/9/2025 10:26:54,12/9/2025 10:26:54,2022
674,12,汽车制造业,汽车制造业-中外合资经营企业-港交所企业数量,,2,12/9/2025 10:26:54,12/9/2025 10:26:54,2022
675,37,住宿和餐饮业,住宿和餐饮业-中央国有企业-港交所企业数量,,1,12/9/2025 10:26:54,12/9/2025 10:26:54,2022
676,15,纺织鞋服业,纺织鞋服业-地方国有企业-港交所企业数量,,2,12/9/2025 10:26:54,12/9/2025 10:26:54,2022
677,29,金属冶炼和压延加工业,金属冶炼和压延加工业-中央国有企业-港交所企业数量,,6,12/9/2025 10:26:54,12/9/2025 10:26:54,2022
678,33,文化、体育和娱乐业,文化、体育和娱乐业-民营企业-港交所企业数量,,21,12/9/2025 10:26:54,12/9/2025 10:26:54,2022
679,6,消费电子及电气业,消费电子及电气业-地方国有企业-港交所企业数量,,3,12/9/2025 10:26:54,12/9/2025 10:26:54,2022
680,45,石油加工、炼焦和核燃料加工业,石油加工、炼焦和核燃料加工业-中央国有企业-港交所企业数量,,2,12/9/2025 10:26:55,12/9/2025 10:26:55,2022
681,14,采矿业,采矿业-地方国有企业-港交所企业数量,,8,12/9/2025 10:26:55,12/9/2025 10:26:55,2022
682,19,半导体业,半导体业-国有企业（其他）-港交所企业数量,,1,12/9/2025 10:26:55,12/9/2025 10:26:55,2022
683,15,纺织鞋服业,纺织鞋服业-外资企业-港交所企业数量,,18,12/9/2025 10:26:55,12/9/2025 10:26:55,2022
684,39,印刷和记录媒介复制业,印刷和记录媒介复制业-民营企业-港交所企业数量,,12,12/9/2025 10:26:55,12/9/2025 10:26:55,2022
685,31,教育,教育-外资企业-港交所企业数量,,1,12/9/2025 10:26:55,12/9/2025 10:26:55,2022
686,35,卫生和社会工作,卫生和社会工作-民营企业-港交所企业数量,,12,12/9/2025 10:26:55,12/9/2025 10:26:55,2022
687,14,采矿业,采矿业-中央国有企业-港交所企业数量,,11,12/9/2025 10:26:55,12/9/2025 10:26:55,2022
688,16,建筑业,建筑业-中央国有企业-港交所企业数量,,8,12/9/2025 10:26:55,12/9/2025 10:26:55,2022
689,38,家具制造业,家具制造业-民营企业-港交所企业数量,,9,12/9/2025 10:26:55,12/9/2025 10:26:55,2022
690,39,印刷和记录媒介复制业,印刷和记录媒介复制业-外资企业-港交所企业数量,,5,12/9/2025 10:26:55,12/9/2025 10:26:55,2022
691,16,建筑业,建筑业-外资企业-港交所企业数量,,6,12/9/2025 10:26:55,12/9/2025 10:26:55,2022
692,15,纺织鞋服业,纺织鞋服业-中央国有企业-港交所企业数量,,2,12/9/2025 10:26:55,12/9/2025 10:26:55,2022
693,12,汽车制造业,汽车制造业-外资企业-港交所企业数量,,6,12/9/2025 10:26:55,12/9/2025 10:26:55,2022
694,7,金融业,金融业-外资企业-港交所企业数量,,7,12/9/2025 10:26:55,12/9/2025 10:26:55,2022
695,28,水利、环境和公共设施管理业,水利、环境和公共设施管理业-民营企业-港交所企业数量,,5,12/9/2025 10:26:55,12/9/2025 10:26:55,2022
696,8,商业电气机械和器材制造业,商业电气机械和器材制造业-中央国有企业-港交所企业数量,,3,12/9/2025 10:26:55,12/9/2025 10:26:55,2022
697,12,汽车制造业,汽车制造业-中央国有企业-港交所企业数量,,2,12/9/2025 10:26:55,12/9/2025 10:26:55,2022
698,26,金属制品业,金属制品业-民营企业-港交所企业数量,,9,12/9/2025 10:26:55,12/9/2025 10:26:55,2022
699,38,家具制造业,家具制造业-外资企业-港交所企业数量,,2,12/9/2025 10:26:56,12/9/2025 10:26:56,2022
700,37,住宿和餐饮业,住宿和餐饮业-民营企业-港交所企业数量,,16,12/9/2025 10:26:56,12/9/2025 10:26:56,2022
701,3,信息传输、软件和信息技术服务业,信息传输、软件和信息技术服务业-中央国有企业-港交所企业数量,,7,12/9/2025 10:26:56,12/9/2025 10:26:56,2022
702,21,通信传输设备业,通信传输设备业-中央国有企业-港交所企业数量,,5,12/9/2025 10:26:56,12/9/2025 10:26:56,2022
703,45,石油加工、炼焦和核燃料加工业,石油加工、炼焦和核燃料加工业-民营企业-港交所企业数量,,3,12/9/2025 10:26:56,12/9/2025 10:26:56,2022
704,18,通用设备制造业,通用设备制造业-民营企业-港交所企业数量,,5,12/9/2025 10:26:56,12/9/2025 10:26:56,2022
705,1,医药制造业,医药制造业-中央国有企业-港交所企业数量,,4,12/9/2025 10:26:56,12/9/2025 10:26:56,2022
706,29,金属冶炼和压延加工业,金属冶炼和压延加工业-民营企业-港交所企业数量,,17,12/9/2025 10:26:56,12/9/2025 10:26:56,2022
707,46,废弃资源综合利用业,废弃资源综合利用业-民营企业-港交所企业数量,,7,12/9/2025 10:26:56,12/9/2025 10:26:56,2022
708,16,建筑业,建筑业-民营企业-港交所企业数量,,23,12/9/2025 10:26:56,12/9/2025 10:26:56,2022
709,9,批发和零售业,批发和零售业-外资企业-港交所企业数量,,25,12/9/2025 10:26:56,12/9/2025 10:26:56,2022
710,32,仪器仪表制造业,仪器仪表制造业-民营企业-港交所企业数量,,3,12/9/2025 10:26:56,12/9/2025 10:26:56,2022
711,3,信息传输、软件和信息技术服务业,信息传输、软件和信息技术服务业-地方国有企业-港交所企业数量,,9,12/9/2025 10:26:56,12/9/2025 10:26:56,2022
712,31,教育,教育-民营企业-港交所企业数量,,45,12/9/2025 10:26:56,12/9/2025 10:26:56,2022
713,6,消费电子及电气业,消费电子及电气业-外资企业-港交所企业数量,,12,12/9/2025 10:26:56,12/9/2025 10:26:56,2022
714,22,非金属矿物制品业,非金属矿物制品业-民营企业-港交所企业数量,,15,12/9/2025 10:26:56,12/9/2025 10:26:56,2022
715,13,电力、热力、燃气及水生产和供应业,电力、热力、燃气及水生产和供应业-外资企业-港交所企业数量,,4,12/9/2025 10:26:57,12/9/2025 10:26:57,2022
716,25,其他制造业,其他制造业-外资企业-港交所企业数量,,4,12/9/2025 10:26:57,12/9/2025 10:26:57,2022
717,1,医药制造业,医药制造业-地方国有企业-港交所企业数量,,6,12/9/2025 10:26:57,12/9/2025 10:26:57,2022
718,36,造纸和纸制品业,造纸和纸制品业-外资企业-港交所企业数量,,4,12/9/2025 10:26:57,12/9/2025 10:26:57,2022
719,22,非金属矿物制品业,非金属矿物制品业-外资企业-港交所企业数量,,2,12/9/2025 10:26:57,12/9/2025 10:26:57,2022
720,2,化学原料和化学制品制造业,化学原料和化学制品制造业-外资企业-港交所企业数量,,4,12/9/2025 10:26:57,12/9/2025 10:26:57,2022
721,21,通信传输设备业,通信传输设备业-民营企业-港交所企业数量,,13,12/9/2025 10:26:57,12/9/2025 10:26:57,2022
722,1,医药制造业,医药制造业-外资企业-港交所企业数量,,14,12/9/2025 10:26:57,12/9/2025 10:26:57,2022
723,26,金属制品业,金属制品业-外资企业-港交所企业数量,,2,12/9/2025 10:26:57,12/9/2025 10:26:57,2022
724,2,化学原料和化学制品制造业,化学原料和化学制品制造业-地方国有企业-港交所企业数量,,2,12/9/2025 10:26:57,12/9/2025 10:26:57,2022
725,33,文化、体育和娱乐业,文化、体育和娱乐业-地方国有企业-港交所企业数量,,1,12/9/2025 10:26:57,12/9/2025 10:26:57,2022
726,9,批发和零售业,批发和零售业-地方国有企业-港交所企业数量,,4,12/9/2025 10:26:57,12/9/2025 10:26:57,2022
727,4,房地产业,房地产业-国有企业（其他）-港交所企业数量,,1,12/9/2025 10:26:57,12/9/2025 10:26:57,2022
728,25,其他制造业,其他制造业-民营企业-港交所企业数量,,10,12/9/2025 10:26:57,12/9/2025 10:26:57,2022
729,17,交通运输、仓储和邮政业,交通运输、仓储和邮政业-民营企业-港交所企业数量,,23,12/9/2025 10:26:57,12/9/2025 10:26:57,2022
730,46,废弃资源综合利用业,废弃资源综合利用业-地方国有企业-港交所企业数量,,2,12/9/2025 10:26:57,12/9/2025 10:26:57,2022
731,22,非金属矿物制品业,非金属矿物制品业-中央国有企业-港交所企业数量,,4,12/9/2025 10:26:58,12/9/2025 10:26:58,2022
732,22,非金属矿物制品业,非金属矿物制品业-地方国有企业-港交所企业数量,,2,12/9/2025 10:26:58,12/9/2025 10:26:58,2022
733,48,居民服务、修理和其他服务业,居民服务、修理和其他服务业-民营企业-港交所企业数量,,3,12/9/2025 10:26:58,12/9/2025 10:26:58,2022
734,19,半导体业,半导体业-中外合资经营企业-港交所企业数量,,1,12/9/2025 10:26:58,12/9/2025 10:26:58,2022
735,6,消费电子及电气业,消费电子及电气业-国有企业（院所）-港交所企业数量,,1,12/9/2025 10:26:58,12/9/2025 10:26:58,2022
736,39,印刷和记录媒介复制业,印刷和记录媒介复制业-地方国有企业-港交所企业数量,,1,12/9/2025 10:26:58,12/9/2025 10:26:58,2022
737,36,造纸和纸制品业,造纸和纸制品业-民营企业-港交所企业数量,,7,12/9/2025 10:26:58,12/9/2025 10:26:58,2022
738,18,通用设备制造业,通用设备制造业-中央国有企业-港交所企业数量,,1,12/9/2025 10:26:58,12/9/2025 10:26:58,2022
739,12,汽车制造业,汽车制造业-地方国有企业-港交所企业数量,,7,12/9/2025 10:26:58,12/9/2025 10:26:58,2022
740,5,专用设备制造业,专用设备制造业-中外合资经营企业-港交所企业数量,,1,12/9/2025 10:26:58,12/9/2025 10:26:58,2022
741,8,商业电气机械和器材制造业,商业电气机械和器材制造业-外资企业-港交所企业数量,,3,12/9/2025 10:26:58,12/9/2025 10:26:58,2022
742,14,采矿业,采矿业-外资企业-港交所企业数量,,6,12/9/2025 10:26:58,12/9/2025 10:26:58,2022
743,47,木材加工和木、竹、藤、棕、草制品业,木材加工和木、竹、藤、棕、草制品业-民营企业-港交所企业数量,,2,12/9/2025 10:26:58,12/9/2025 10:26:58,2022
744,8,商业电气机械和器材制造业,商业电气机械和器材制造业-地方国有企业-港交所企业数量,,3,12/9/2025 10:26:58,12/9/2025 10:26:58,2022
745,46,废弃资源综合利用业,废弃资源综合利用业-中央国有企业-港交所企业数量,,2,12/9/2025 10:26:58,12/9/2025 10:26:58,2022
746,19,半导体业,半导体业-地方国有企业-港交所企业数量,,2,12/9/2025 10:26:58,12/9/2025 10:26:58,2022
747,19,半导体业,半导体业-外资企业-港交所企业数量,,7,12/9/2025 10:26:58,12/9/2025 10:26:58,2022
748,23,橡胶和塑料制品业,橡胶和塑料制品业-外资企业-港交所企业数量,,1,12/9/2025 10:26:58,12/9/2025 10:26:58,2022
749,30,科学研究和技术服务业,科学研究和技术服务业-民营企业-港交所企业数量,,7,12/9/2025 10:26:58,12/9/2025 10:26:58,2022
750,1,医药制造业,医药制造业-中外合资经营企业-港交所企业数量,,2,12/9/2025 10:26:58,12/9/2025 10:26:58,2022
751,35,卫生和社会工作,卫生和社会工作-中央国有企业-港交所企业数量,,1,12/9/2025 10:26:59,12/9/2025 10:26:59,2022
752,35,卫生和社会工作,卫生和社会工作-外资企业-港交所企业数量,,2,12/9/2025 10:26:59,12/9/2025 10:26:59,2022
753,20,租赁和商务服务业,租赁和商务服务业-中外合资经营企业-港交所企业数量,,1,12/9/2025 10:26:59,12/9/2025 10:26:59,2022
754,17,交通运输、仓储和邮政业,交通运输、仓储和邮政业-外资企业-港交所企业数量,,3,12/9/2025 10:26:59,12/9/2025 10:26:59,2022
755,16,建筑业,建筑业-地方国有企业-港交所企业数量,,3,12/9/2025 10:26:59,12/9/2025 10:26:59,2022
756,27,铁路、船舶、航空航天和其他运输设备制造业,铁路、船舶、航空航天和其他运输设备制造业-民营企业-港交所企业数量,,5,12/9/2025 10:26:59,12/9/2025 10:26:59,2022
757,18,通用设备制造业,通用设备制造业-外资企业-港交所企业数量,,3,12/9/2025 10:26:59,12/9/2025 10:26:59,2022
758,30,科学研究和技术服务业,科学研究和技术服务业-地方国有企业-港交所企业数量,,2,12/9/2025 10:26:59,12/9/2025 10:26:59,2022
759,21,通信传输设备业,通信传输设备业-外资企业-港交所企业数量,,1,12/9/2025 10:26:59,12/9/2025 10:26:59,2022
760,13,电力、热力、燃气及水生产和供应业,电力、热力、燃气及水生产和供应业-集体企业-港交所企业数量,,1,12/9/2025 10:26:59,12/9/2025 10:26:59,2022
761,46,废弃资源综合利用业,废弃资源综合利用业-外资企业-港交所企业数量,,1,12/9/2025 10:26:59,12/9/2025 10:26:59,2022
762,36,造纸和纸制品业,造纸和纸制品业-地方国有企业-港交所企业数量,,1,12/9/2025 10:26:59,12/9/2025 10:26:59,2022
763,20,租赁和商务服务业,租赁和商务服务业-中央国有企业-港交所企业数量,,2,12/9/2025 10:26:59,12/9/2025 10:26:59,2022
764,23,橡胶和塑料制品业,橡胶和塑料制品业-民营企业-港交所企业数量,,1,12/9/2025 10:26:59,12/9/2025 10:26:59,2022
765,25,其他制造业,其他制造业-中央国有企业-港交所企业数量,,2,12/9/2025 10:26:59,12/9/2025 10:26:59,2022
766,20,租赁和商务服务业,租赁和商务服务业-外资企业-港交所企业数量,,2,12/9/2025 10:26:59,12/9/2025 10:26:59,2022
767,26,金属制品业,金属制品业-地方国有企业-港交所企业数量,,1,12/9/2025 10:26:59,12/9/2025 10:26:59,2022
768,29,金属冶炼和压延加工业,金属冶炼和压延加工业-外资企业-港交所企业数量,,1,12/9/2025 10:26:59,12/9/2025 10:26:59,2022
769,30,科学研究和技术服务业,科学研究和技术服务业-中央国有企业-港交所企业数量,,1,12/9/2025 10:26:59,12/9/2025 10:26:59,2022
770,18,通用设备制造业,通用设备制造业-中外合资经营企业-港交所企业数量,,1,12/9/2025 10:26:59,12/9/2025 10:26:59,2022
771,7,金融业,金融业-中外合资经营企业-港交所企业数量,,2,12/9/2025 10:27:00,12/9/2025 10:27:00,2022
772,18,通用设备制造业,通用设备制造业-集体企业-港交所企业数量,,1,12/9/2025 10:27:00,12/9/2025 10:27:00,2022
773,33,文化、体育和娱乐业,文化、体育和娱乐业-外资企业-港交所企业数量,,2,12/9/2025 10:27:00,12/9/2025 10:27:00,2022
774,18,通用设备制造业,通用设备制造业-地方国有企业-港交所企业数量,,1,12/9/2025 10:27:00,12/9/2025 10:27:00,2022
775,7,金融业,金融业-国有企业（院所）-港交所企业数量,,1,12/9/2025 10:27:00,12/9/2025 10:27:00,2022
776,33,文化、体育和娱乐业,文化、体育和娱乐业-中央国有企业-港交所企业数量,,1,12/9/2025 10:27:00,12/9/2025 10:27:00,2022
777,30,科学研究和技术服务业,科学研究和技术服务业-外资企业-港交所企业数量,,2,12/9/2025 10:27:00,12/9/2025 10:27:00,2022
778,3,信息传输、软件和信息技术服务业,信息传输、软件和信息技术服务业-中外合资经营企业-港交所企业数量,,1,12/9/2025 10:27:00,12/9/2025 10:27:00,2022
779,6,消费电子及电气业,消费电子及电气业-集体企业-港交所企业数量,,1,12/9/2025 10:27:00,12/9/2025 10:27:00,2022
780,7,金融业,金融业-国有企业（其他）-港交所企业数量,,1,12/9/2025 10:27:00,12/9/2025 10:27:00,2022
781,1,医药制造业,医药制造业-国有企业（院所）-港交所企业数量,,1,12/9/2025 10:27:00,12/9/2025 10:27:00,2022
782,34,农、林、牧、渔业,农、林、牧、渔业-民营企业-港交所企业数量,,2,12/9/2025 10:27:00,12/9/2025 10:27:00,2022
783,21,通信传输设备业,通信传输设备业-地方国有企业-港交所企业数量,,1,12/9/2025 10:27:00,12/9/2025 10:27:00,2022
784,27,铁路、船舶、航空航天和其他运输设备制造业,铁路、船舶、航空航天和其他运输设备制造业-地方国有企业-深交所企业数量,,3,12/9/2025 10:27:00,12/9/2025 10:27:00,2022
785,18,通用设备制造业,通用设备制造业-国有企业（院所）-深交所企业数量,,1,12/9/2025 10:27:00,12/9/2025 10:27:00,2022
786,35,卫生和社会工作,卫生和社会工作-集体企业-深交所企业数量,,1,12/9/2025 10:27:01,12/9/2025 10:27:01,2022
787,10,食品饮料业,食品饮料业-国有企业（院所）-深交所企业数量,,1,12/9/2025 10:27:01,12/9/2025 10:27:01,2022
788,25,其他制造业,其他制造业-地方国有企业-深交所企业数量,,2,12/9/2025 10:27:01,12/9/2025 10:27:01,2022
789,5,专用设备制造业,专用设备制造业-中外合资经营企业-深交所企业数量,,1,12/9/2025 10:27:01,12/9/2025 10:27:01,2022
790,2,化学原料和化学制品制造业,化学原料和化学制品制造业-外资企业-深交所企业数量,,5,12/9/2025 10:27:01,12/9/2025 10:27:01,2022
791,21,通信传输设备业,通信传输设备业-外资企业-深交所企业数量,,1,12/9/2025 10:27:01,12/9/2025 10:27:01,2022
792,32,仪器仪表制造业,仪器仪表制造业-中央国有企业-深交所企业数量,,1,12/9/2025 10:27:01,12/9/2025 10:27:01,2022
793,48,居民服务、修理和其他服务业,居民服务、修理和其他服务业-民营企业-深交所企业数量,,1,12/9/2025 10:27:01,12/9/2025 10:27:01,2022
794,33,文化、体育和娱乐业,文化、体育和娱乐业-中央国有企业-深交所企业数量,,1,12/9/2025 10:27:01,12/9/2025 10:27:01,2022
795,2,化学原料和化学制品制造业,化学原料和化学制品制造业-中外合资经营企业-深交所企业数量,,1,12/9/2025 10:27:01,12/9/2025 10:27:01,2022
796,28,水利、环境和公共设施管理业,水利、环境和公共设施管理业-国有企业（院所）-深交所企业数量,,2,12/9/2025 10:27:01,12/9/2025 10:27:01,2022
797,15,纺织鞋服业,纺织鞋服业-集体企业-深交所企业数量,,1,12/9/2025 10:27:01,12/9/2025 10:27:01,2022
798,10,食品饮料业,食品饮料业-中外合资经营企业-深交所企业数量,,1,12/9/2025 10:27:01,12/9/2025 10:27:01,2022
799,41,文教、工美、体育和娱乐用品制造业,文教、工美、体育和娱乐用品制造业-外资企业-深交所企业数量,,1,12/9/2025 10:27:01,12/9/2025 10:27:01,2022
800,37,住宿和餐饮业,住宿和餐饮业-民营企业-深交所企业数量,,1,12/9/2025 10:27:01,12/9/2025 10:27:01,2022
801,43,化学纤维制造业,化学纤维制造业-中央国有企业-深交所企业数量,,1,12/9/2025 10:27:01,12/9/2025 10:27:01,2022
802,20,租赁和商务服务业,租赁和商务服务业-中外合资经营企业-深交所企业数量,,1,12/9/2025 10:27:01,12/9/2025 10:27:01,2022
803,30,科学研究和技术服务业,科学研究和技术服务业-中外合资经营企业-深交所企业数量,,2,12/9/2025 10:27:01,12/9/2025 10:27:01,2022
804,1,医药制造业,医药制造业-民营企业-北交所企业数量,,8,12/9/2025 10:27:02,12/9/2025 10:27:02,2022
805,3,信息传输、软件和信息技术服务业,信息传输、软件和信息技术服务业-民营企业-北交所企业数量,,17,12/9/2025 10:27:02,12/9/2025 10:27:02,2022
806,19,半导体业,半导体业-中央国有企业-北交所企业数量,,1,12/9/2025 10:27:02,12/9/2025 10:27:02,2022
807,6,消费电子及电气业,消费电子及电气业-地方国有企业-北交所企业数量,,2,12/9/2025 10:27:02,12/9/2025 10:27:02,2022
808,5,专用设备制造业,专用设备制造业-民营企业-北交所企业数量,,14,12/9/2025 10:27:02,12/9/2025 10:27:02,2022
809,18,通用设备制造业,通用设备制造业-地方国有企业-北交所企业数量,,1,12/9/2025 10:27:02,12/9/2025 10:27:02,2022
810,32,仪器仪表制造业,仪器仪表制造业-民营企业-北交所企业数量,,10,12/9/2025 10:27:02,12/9/2025 10:27:02,2022
811,2,化学原料和化学制品制造业,化学原料和化学制品制造业-地方国有企业-北交所企业数量,,2,12/9/2025 10:27:02,12/9/2025 10:27:02,2022
812,26,金属制品业,金属制品业-民营企业-北交所企业数量,,5,12/9/2025 10:27:02,12/9/2025 10:27:02,2022
813,6,消费电子及电气业,消费电子及电气业-民营企业-北交所企业数量,,12,12/9/2025 10:27:02,12/9/2025 10:27:02,2022
814,7,金融业,金融业-地方国有企业-上交所企业数量,,47,12/9/2025 10:27:02,12/9/2025 10:27:02,2022
815,17,交通运输、仓储和邮政业,交通运输、仓储和邮政业-地方国有企业-上交所企业数量,,39,12/9/2025 10:27:02,12/9/2025 10:27:02,2022
816,12,汽车制造业,汽车制造业-中央国有企业-上交所企业数量,,10,12/9/2025 10:27:02,12/9/2025 10:27:02,2022
817,4,房地产业,房地产业-外资企业-上交所企业数量,,6,12/9/2025 10:27:02,12/9/2025 10:27:02,2022
818,13,电力、热力、燃气及水生产和供应业,电力、热力、燃气及水生产和供应业-地方国有企业-上交所企业数量,,38,12/9/2025 10:27:02,12/9/2025 10:27:02,2022
819,29,金属冶炼和压延加工业,金属冶炼和压延加工业-地方国有企业-上交所企业数量,,17,12/9/2025 10:27:02,12/9/2025 10:27:02,2022
820,13,电力、热力、燃气及水生产和供应业,电力、热力、燃气及水生产和供应业-中央国有企业-上交所企业数量,,21,12/9/2025 10:27:02,12/9/2025 10:27:02,2022
821,7,金融业,金融业-民营企业-上交所企业数量,,10,12/9/2025 10:27:02,12/9/2025 10:27:02,2022
822,29,金属冶炼和压延加工业,金属冶炼和压延加工业-中央国有企业-上交所企业数量,,9,12/9/2025 10:27:02,12/9/2025 10:27:02,2022
823,17,交通运输、仓储和邮政业,交通运输、仓储和邮政业-中央国有企业-上交所企业数量,,18,12/9/2025 10:27:02,12/9/2025 10:27:02,2022
824,14,采矿业,采矿业-中央国有企业-上交所企业数量,,14,12/9/2025 10:27:02,12/9/2025 10:27:02,2022
825,7,金融业,金融业-中央国有企业-上交所企业数量,,24,12/9/2025 10:27:03,12/9/2025 10:27:03,2022
826,5,专用设备制造业,专用设备制造业-民营企业-上交所企业数量,,123,12/9/2025 10:27:03,12/9/2025 10:27:03,2022
827,3,信息传输、软件和信息技术服务业,信息传输、软件和信息技术服务业-国有企业（其他）-上交所企业数量,,3,12/9/2025 10:27:03,12/9/2025 10:27:03,2022
828,27,铁路、船舶、航空航天和其他运输设备制造业,铁路、船舶、航空航天和其他运输设备制造业-中央国有企业-上交所企业数量,,25,12/9/2025 10:27:03,12/9/2025 10:27:03,2022
829,16,建筑业,建筑业-地方国有企业-上交所企业数量,,14,12/9/2025 10:27:03,12/9/2025 10:27:03,2022
830,4,房地产业,房地产业-中央国有企业-上交所企业数量,,3,12/9/2025 10:27:03,12/9/2025 10:27:03,2022
831,3,信息传输、软件和信息技术服务业,信息传输、软件和信息技术服务业-中央国有企业-上交所企业数量,,12,12/9/2025 10:27:03,12/9/2025 10:27:03,2022
832,9,批发和零售业,批发和零售业-民营企业-上交所企业数量,,45,12/9/2025 10:27:03,12/9/2025 10:27:03,2022
833,33,文化、体育和娱乐业,文化、体育和娱乐业-地方国有企业-上交所企业数量,,23,12/9/2025 10:27:03,12/9/2025 10:27:03,2022
834,28,水利、环境和公共设施管理业,水利、环境和公共设施管理业-地方国有企业-上交所企业数量,,11,12/9/2025 10:27:03,12/9/2025 10:27:03,2022
835,9,批发和零售业,批发和零售业-中央国有企业-上交所企业数量,,7,12/9/2025 10:27:03,12/9/2025 10:27:03,2022
836,20,租赁和商务服务业,租赁和商务服务业-地方国有企业-上交所企业数量,,6,12/9/2025 10:27:03,12/9/2025 10:27:03,2022
837,10,食品饮料业,食品饮料业-地方国有企业-上交所企业数量,,27,12/9/2025 10:27:03,12/9/2025 10:27:03,2022
838,6,消费电子及电气业,消费电子及电气业-地方国有企业-上交所企业数量,,11,12/9/2025 10:27:03,12/9/2025 10:27:03,2022
839,1,医药制造业,医药制造业-中央国有企业-上交所企业数量,,7,12/9/2025 10:27:03,12/9/2025 10:27:03,2022
840,23,橡胶和塑料制品业,橡胶和塑料制品业-地方国有企业-上交所企业数量,,1,12/9/2025 10:27:03,12/9/2025 10:27:03,2022
841,4,房地产业,房地产业-地方国有企业-上交所企业数量,,38,12/9/2025 10:27:03,12/9/2025 10:27:03,2022
842,12,汽车制造业,汽车制造业-民营企业-上交所企业数量,,58,12/9/2025 10:27:03,12/9/2025 10:27:03,2022
843,3,信息传输、软件和信息技术服务业,信息传输、软件和信息技术服务业-民营企业-上交所企业数量,,96,12/9/2025 10:27:03,12/9/2025 10:27:03,2022
844,32,仪器仪表制造业,仪器仪表制造业-中央国有企业-上交所企业数量,,1,12/9/2025 10:27:04,12/9/2025 10:27:04,2022
845,16,建筑业,建筑业-中央国有企业-上交所企业数量,,13,12/9/2025 10:27:04,12/9/2025 10:27:04,2022
846,2,化学原料和化学制品制造业,化学原料和化学制品制造业-地方国有企业-上交所企业数量,,33,12/9/2025 10:27:04,12/9/2025 10:27:04,2022
847,47,木材加工和木、竹、藤、棕、草制品业,木材加工和木、竹、藤、棕、草制品业-地方国有企业-上交所企业数量,,1,12/9/2025 10:27:04,12/9/2025 10:27:04,2022
848,4,房地产业,房地产业-民营企业-上交所企业数量,,12,12/9/2025 10:27:04,12/9/2025 10:27:04,2022
849,2,化学原料和化学制品制造业,化学原料和化学制品制造业-民营企业-上交所企业数量,,80,12/9/2025 10:27:04,12/9/2025 10:27:04,2022
850,1,医药制造业,医药制造业-民营企业-上交所企业数量,,99,12/9/2025 10:27:04,12/9/2025 10:27:04,2022
851,9,批发和零售业,批发和零售业-地方国有企业-上交所企业数量,,41,12/9/2025 10:27:04,12/9/2025 10:27:04,2022
852,10,食品饮料业,食品饮料业-中央国有企业-上交所企业数量,,4,12/9/2025 10:27:04,12/9/2025 10:27:04,2022
853,1,医药制造业,医药制造业-地方国有企业-上交所企业数量,,21,12/9/2025 10:27:04,12/9/2025 10:27:04,2022
854,33,文化、体育和娱乐业,文化、体育和娱乐业-国有企业（其他）-上交所企业数量,,2,12/9/2025 10:27:04,12/9/2025 10:27:04,2022
855,8,商业电气机械和器材制造业,商业电气机械和器材制造业-民营企业-上交所企业数量,,84,12/9/2025 10:27:04,12/9/2025 10:27:04,2022
856,34,农、林、牧、渔业,农、林、牧、渔业-地方国有企业-上交所企业数量,,7,12/9/2025 10:27:04,12/9/2025 10:27:04,2022
857,6,消费电子及电气业,消费电子及电气业-中央国有企业-上交所企业数量,,4,12/9/2025 10:27:04,12/9/2025 10:27:04,2022
858,36,造纸和纸制品业,造纸和纸制品业-地方国有企业-上交所企业数量,,4,12/9/2025 10:27:04,12/9/2025 10:27:04,2022
859,12,汽车制造业,汽车制造业-地方国有企业-上交所企业数量,,13,12/9/2025 10:27:04,12/9/2025 10:27:04,2022
860,17,交通运输、仓储和邮政业,交通运输、仓储和邮政业-民营企业-上交所企业数量,,16,12/9/2025 10:27:04,12/9/2025 10:27:04,2022
861,15,纺织鞋服业,纺织鞋服业-民营企业-上交所企业数量,,37,12/9/2025 10:27:04,12/9/2025 10:27:04,2022
862,29,金属冶炼和压延加工业,金属冶炼和压延加工业-民营企业-上交所企业数量,,27,12/9/2025 10:27:05,12/9/2025 10:27:05,2022
863,8,商业电气机械和器材制造业,商业电气机械和器材制造业-地方国有企业-上交所企业数量,,9,12/9/2025 10:27:05,12/9/2025 10:27:05,2022
864,26,金属制品业,金属制品业-中外合资经营企业-上交所企业数量,,1,12/9/2025 10:27:05,12/9/2025 10:27:05,2022
865,14,采矿业,采矿业-地方国有企业-上交所企业数量,,22,12/9/2025 10:27:05,12/9/2025 10:27:05,2022
866,6,消费电子及电气业,消费电子及电气业-民营企业-上交所企业数量,,55,12/9/2025 10:27:05,12/9/2025 10:27:05,2022
867,10,食品饮料业,食品饮料业-外资企业-上交所企业数量,,8,12/9/2025 10:27:05,12/9/2025 10:27:05,2022
868,2,化学原料和化学制品制造业,化学原料和化学制品制造业-中央国有企业-上交所企业数量,,6,12/9/2025 10:27:05,12/9/2025 10:27:05,2022
869,20,租赁和商务服务业,租赁和商务服务业-中央国有企业-上交所企业数量,,3,12/9/2025 10:27:05,12/9/2025 10:27:05,2022
870,23,橡胶和塑料制品业,橡胶和塑料制品业-民营企业-上交所企业数量,,25,12/9/2025 10:27:05,12/9/2025 10:27:05,2022
871,8,商业电气机械和器材制造业,商业电气机械和器材制造业-中央国有企业-上交所企业数量,,12,12/9/2025 10:27:05,12/9/2025 10:27:05,2022
872,15,纺织鞋服业,纺织鞋服业-地方国有企业-上交所企业数量,,7,12/9/2025 10:27:05,12/9/2025 10:27:05,2022
873,13,电力、热力、燃气及水生产和供应业,电力、热力、燃气及水生产和供应业-民营企业-上交所企业数量,,19,12/9/2025 10:27:05,12/9/2025 10:27:05,2022
874,33,文化、体育和娱乐业,文化、体育和娱乐业-中央国有企业-上交所企业数量,,2,12/9/2025 10:27:05,12/9/2025 10:27:05,2022
875,5,专用设备制造业,专用设备制造业-地方国有企业-上交所企业数量,,16,12/9/2025 10:27:05,12/9/2025 10:27:05,2022
876,19,半导体业,半导体业-中央国有企业-上交所企业数量,,6,12/9/2025 10:27:05,12/9/2025 10:27:05,2022
877,22,非金属矿物制品业,非金属矿物制品业-民营企业-上交所企业数量,,23,12/9/2025 10:27:05,12/9/2025 10:27:05,2022
878,22,非金属矿物制品业,非金属矿物制品业-中央国有企业-上交所企业数量,,5,12/9/2025 10:27:05,12/9/2025 10:27:05,2022
879,12,汽车制造业,汽车制造业-外资企业-上交所企业数量,,9,12/9/2025 10:27:05,12/9/2025 10:27:05,2022
880,19,半导体业,半导体业-地方国有企业-上交所企业数量,,7,12/9/2025 10:27:05,12/9/2025 10:27:05,2022
881,5,专用设备制造业,专用设备制造业-中央国有企业-上交所企业数量,,16,12/9/2025 10:27:06,12/9/2025 10:27:06,2022
882,10,食品饮料业,食品饮料业-民营企业-上交所企业数量,,51,12/9/2025 10:27:06,12/9/2025 10:27:06,2022
883,16,建筑业,建筑业-外资企业-上交所企业数量,,3,12/9/2025 10:27:06,12/9/2025 10:27:06,2022
884,21,通信传输设备业,通信传输设备业-中央国有企业-上交所企业数量,,9,12/9/2025 10:27:06,12/9/2025 10:27:06,2022
885,1,医药制造业,医药制造业-外资企业-上交所企业数量,,11,12/9/2025 10:27:06,12/9/2025 10:27:06,2022
886,24,综合,综合-民营企业-上交所企业数量,,5,12/9/2025 10:27:06,12/9/2025 10:27:06,2022
887,46,废弃资源综合利用业,废弃资源综合利用业-集体企业-上交所企业数量,,1,12/9/2025 10:27:06,12/9/2025 10:27:06,2022
888,18,通用设备制造业,通用设备制造业-地方国有企业-上交所企业数量,,11,12/9/2025 10:27:06,12/9/2025 10:27:06,2022
889,29,金属冶炼和压延加工业,金属冶炼和压延加工业-集体企业-上交所企业数量,,1,12/9/2025 10:27:06,12/9/2025 10:27:06,2022
890,16,建筑业,建筑业-民营企业-上交所企业数量,,22,12/9/2025 10:27:06,12/9/2025 10:27:06,2022
891,18,通用设备制造业,通用设备制造业-民营企业-上交所企业数量,,51,12/9/2025 10:27:06,12/9/2025 10:27:06,2022
892,14,采矿业,采矿业-民营企业-上交所企业数量,,12,12/9/2025 10:27:06,12/9/2025 10:27:06,2022
893,34,农、林、牧、渔业,农、林、牧、渔业-民营企业-上交所企业数量,,6,12/9/2025 10:27:06,12/9/2025 10:27:06,2022
894,37,住宿和餐饮业,住宿和餐饮业-地方国有企业-上交所企业数量,,3,12/9/2025 10:27:06,12/9/2025 10:27:06,2022
895,13,电力、热力、燃气及水生产和供应业,电力、热力、燃气及水生产和供应业-国有企业（其他）-上交所企业数量,,1,12/9/2025 10:27:06,12/9/2025 10:27:06,2022
896,28,水利、环境和公共设施管理业,水利、环境和公共设施管理业-中央国有企业-上交所企业数量,,1,12/9/2025 10:27:06,12/9/2025 10:27:06,2022
897,36,造纸和纸制品业,造纸和纸制品业-民营企业-上交所企业数量,,12,12/9/2025 10:27:06,12/9/2025 10:27:06,2022
898,34,农、林、牧、渔业,农、林、牧、渔业-中央国有企业-上交所企业数量,,2,12/9/2025 10:27:06,12/9/2025 10:27:06,2022
899,7,金融业,金融业-集体企业-上交所企业数量,,1,12/9/2025 10:27:06,12/9/2025 10:27:06,2022
900,47,木材加工和木、竹、藤、棕、草制品业,木材加工和木、竹、藤、棕、草制品业-民营企业-上交所企业数量,,1,12/9/2025 10:27:06,12/9/2025 10:27:06,2022
901,22,非金属矿物制品业,非金属矿物制品业-地方国有企业-上交所企业数量,,13,12/9/2025 10:27:06,12/9/2025 10:27:06,2022
902,43,化学纤维制造业,化学纤维制造业-民营企业-上交所企业数量,,7,12/9/2025 10:27:06,12/9/2025 10:27:06,2022
903,25,其他制造业,其他制造业-民营企业-上交所企业数量,,9,12/9/2025 10:27:07,12/9/2025 10:27:07,2022
904,3,信息传输、软件和信息技术服务业,信息传输、软件和信息技术服务业-地方国有企业-上交所企业数量,,14,12/9/2025 10:27:07,12/9/2025 10:27:07,2022
905,19,半导体业,半导体业-民营企业-上交所企业数量,,49,12/9/2025 10:27:07,12/9/2025 10:27:07,2022
906,29,金属冶炼和压延加工业,金属冶炼和压延加工业-国有企业（其他）-上交所企业数量,,1,12/9/2025 10:27:07,12/9/2025 10:27:07,2022
907,21,通信传输设备业,通信传输设备业-民营企业-上交所企业数量,,19,12/9/2025 10:27:07,12/9/2025 10:27:07,2022
908,36,造纸和纸制品业,造纸和纸制品业-中央国有企业-上交所企业数量,,2,12/9/2025 10:27:07,12/9/2025 10:27:07,2022
909,18,通用设备制造业,通用设备制造业-中央国有企业-上交所企业数量,,2,12/9/2025 10:27:07,12/9/2025 10:27:07,2022
910,31,教育,教育-地方国有企业-上交所企业数量,,1,12/9/2025 10:27:07,12/9/2025 10:27:07,2022
911,23,橡胶和塑料制品业,橡胶和塑料制品业-中央国有企业-上交所企业数量,,1,12/9/2025 10:27:07,12/9/2025 10:27:07,2022
912,20,租赁和商务服务业,租赁和商务服务业-民营企业-上交所企业数量,,11,12/9/2025 10:27:07,12/9/2025 10:27:07,2022
913,26,金属制品业,金属制品业-民营企业-上交所企业数量,,29,12/9/2025 10:27:07,12/9/2025 10:27:07,2022
914,34,农、林、牧、渔业,农、林、牧、渔业-国有企业（其他）-上交所企业数量,,1,12/9/2025 10:27:07,12/9/2025 10:27:07,2022
915,26,金属制品业,金属制品业-地方国有企业-上交所企业数量,,4,12/9/2025 10:27:07,12/9/2025 10:27:07,2022
916,6,消费电子及电气业,消费电子及电气业-集体企业-上交所企业数量,,3,12/9/2025 10:27:07,12/9/2025 10:27:07,2022
917,33,文化、体育和娱乐业,文化、体育和娱乐业-民营企业-上交所企业数量,,3,12/9/2025 10:27:07,12/9/2025 10:27:07,2022
918,19,半导体业,半导体业-国有企业（其他）-上交所企业数量,,1,12/9/2025 10:27:07,12/9/2025 10:27:07,2022
919,8,商业电气机械和器材制造业,商业电气机械和器材制造业-国有企业（其他）-上交所企业数量,,1,12/9/2025 10:27:07,12/9/2025 10:27:07,2022
920,19,半导体业,半导体业-国有企业（院所）-上交所企业数量,,1,12/9/2025 10:27:07,12/9/2025 10:27:07,2022
921,2,化学原料和化学制品制造业,化学原料和化学制品制造业-国有企业（其他）-上交所企业数量,,1,12/9/2025 10:27:08,12/9/2025 10:27:08,2022
922,17,交通运输、仓储和邮政业,交通运输、仓储和邮政业-集体企业-上交所企业数量,,2,12/9/2025 10:27:08,12/9/2025 10:27:08,2022
923,41,文教、工美、体育和娱乐用品制造业,文教、工美、体育和娱乐用品制造业-地方国有企业-上交所企业数量,,1,12/9/2025 10:27:08,12/9/2025 10:27:08,2022
924,24,综合,综合-外资企业-上交所企业数量,,1,12/9/2025 10:27:08,12/9/2025 10:27:08,2022
925,30,科学研究和技术服务业,科学研究和技术服务业-地方国有企业-上交所企业数量,,3,12/9/2025 10:27:08,12/9/2025 10:27:08,2022
926,13,电力、热力、燃气及水生产和供应业,电力、热力、燃气及水生产和供应业-集体企业-上交所企业数量,,1,12/9/2025 10:27:08,12/9/2025 10:27:08,2022
927,30,科学研究和技术服务业,科学研究和技术服务业-民营企业-上交所企业数量,,26,12/9/2025 10:27:08,12/9/2025 10:27:08,2022
928,31,教育,教育-民营企业-上交所企业数量,,3,12/9/2025 10:27:08,12/9/2025 10:27:08,2022
929,27,铁路、船舶、航空航天和其他运输设备制造业,铁路、船舶、航空航天和其他运输设备制造业-地方国有企业-上交所企业数量,,2,12/9/2025 10:27:08,12/9/2025 10:27:08,2022
930,45,石油加工、炼焦和核燃料加工业,石油加工、炼焦和核燃料加工业-中央国有企业-上交所企业数量,,1,12/9/2025 10:27:08,12/9/2025 10:27:08,2022
931,45,石油加工、炼焦和核燃料加工业,石油加工、炼焦和核燃料加工业-地方国有企业-上交所企业数量,,4,12/9/2025 10:27:08,12/9/2025 10:27:08,2022
932,31,教育,教育-国有企业（院所）-上交所企业数量,,1,12/9/2025 10:27:08,12/9/2025 10:27:08,2022
933,28,水利、环境和公共设施管理业,水利、环境和公共设施管理业-民营企业-上交所企业数量,,21,12/9/2025 10:27:08,12/9/2025 10:27:08,2022
934,14,采矿业,采矿业-外资企业-上交所企业数量,,1,12/9/2025 10:27:08,12/9/2025 10:27:08,2022
935,35,卫生和社会工作,卫生和社会工作-外资企业-上交所企业数量,,1,12/9/2025 10:27:08,12/9/2025 10:27:08,2022
936,22,非金属矿物制品业,非金属矿物制品业-外资企业-上交所企业数量,,2,12/9/2025 10:27:08,12/9/2025 10:27:08,2022
937,24,综合,综合-地方国有企业-上交所企业数量,,1,12/9/2025 10:27:08,12/9/2025 10:27:08,2022
938,43,化学纤维制造业,化学纤维制造业-地方国有企业-上交所企业数量,,3,12/9/2025 10:27:08,12/9/2025 10:27:08,2022
939,27,铁路、船舶、航空航天和其他运输设备制造业,铁路、船舶、航空航天和其他运输设备制造业-民营企业-上交所企业数量,,20,12/9/2025 10:27:08,12/9/2025 10:27:08,2022
940,9,批发和零售业,批发和零售业-外资企业-上交所企业数量,,2,12/9/2025 10:27:08,12/9/2025 10:27:08,2022
941,39,印刷和记录媒介复制业,印刷和记录媒介复制业-民营企业-上交所企业数量,,4,12/9/2025 10:27:09,12/9/2025 10:27:09,2022
942,6,消费电子及电气业,消费电子及电气业-外资企业-上交所企业数量,,6,12/9/2025 10:27:09,12/9/2025 10:27:09,2022
943,36,造纸和纸制品业,造纸和纸制品业-外资企业-上交所企业数量,,1,12/9/2025 10:27:09,12/9/2025 10:27:09,2022
944,15,纺织鞋服业,纺织鞋服业-集体企业-上交所企业数量,,1,12/9/2025 10:27:09,12/9/2025 10:27:09,2022
945,25,其他制造业,其他制造业-中央国有企业-上交所企业数量,,1,12/9/2025 10:27:09,12/9/2025 10:27:09,2022
946,18,通用设备制造业,通用设备制造业-外资企业-上交所企业数量,,2,12/9/2025 10:27:09,12/9/2025 10:27:09,2022
947,45,石油加工、炼焦和核燃料加工业,石油加工、炼焦和核燃料加工业-民营企业-上交所企业数量,,4,12/9/2025 10:27:09,12/9/2025 10:27:09,2022
948,6,消费电子及电气业,消费电子及电气业-中外合资经营企业-上交所企业数量,,1,12/9/2025 10:27:09,12/9/2025 10:27:09,2022
949,32,仪器仪表制造业,仪器仪表制造业-民营企业-上交所企业数量,,23,12/9/2025 10:27:09,12/9/2025 10:27:09,2022
950,30,科学研究和技术服务业,科学研究和技术服务业-中央国有企业-上交所企业数量,,7,12/9/2025 10:27:09,12/9/2025 10:27:09,2022
951,21,通信传输设备业,通信传输设备业-外资企业-上交所企业数量,,4,12/9/2025 10:27:09,12/9/2025 10:27:09,2022
952,7,金融业,金融业-中外合资经营企业-上交所企业数量,,2,12/9/2025 10:27:09,12/9/2025 10:27:09,2022
953,15,纺织鞋服业,纺织鞋服业-外资企业-上交所企业数量,,4,12/9/2025 10:27:09,12/9/2025 10:27:09,2022
954,29,金属冶炼和压延加工业,金属冶炼和压延加工业-外资企业-上交所企业数量,,1,12/9/2025 10:27:09,12/9/2025 10:27:09,2022
955,39,印刷和记录媒介复制业,印刷和记录媒介复制业-外资企业-上交所企业数量,,1,12/9/2025 10:27:09,12/9/2025 10:27:09,2022
956,25,其他制造业,其他制造业-地方国有企业-上交所企业数量,,1,12/9/2025 10:27:10,12/9/2025 10:27:10,2022
957,8,商业电气机械和器材制造业,商业电气机械和器材制造业-外资企业-上交所企业数量,,3,12/9/2025 10:27:10,12/9/2025 10:27:10,2022
958,15,纺织鞋服业,纺织鞋服业-中央国有企业-上交所企业数量,,1,12/9/2025 10:27:10,12/9/2025 10:27:10,2022
959,33,文化、体育和娱乐业,文化、体育和娱乐业-国有企业（院所）-上交所企业数量,,1,12/9/2025 10:27:10,12/9/2025 10:27:10,2022
960,7,金融业,金融业-国有企业（院所）-上交所企业数量,,1,12/9/2025 10:27:10,12/9/2025 10:27:10,2022
961,26,金属制品业,金属制品业-中央国有企业-上交所企业数量,,2,12/9/2025 10:27:10,12/9/2025 10:27:10,2022
962,47,木材加工和木、竹、藤、棕、草制品业,木材加工和木、竹、藤、棕、草制品业-外资企业-上交所企业数量,,2,12/9/2025 10:27:10,12/9/2025 10:27:10,2022
963,19,半导体业,半导体业-外资企业-上交所企业数量,,11,12/9/2025 10:27:10,12/9/2025 10:27:10,2022
964,38,家具制造业,家具制造业-民营企业-上交所企业数量,,16,12/9/2025 10:27:11,12/9/2025 10:27:11,2022
965,32,仪器仪表制造业,仪器仪表制造业-外资企业-上交所企业数量,,3,12/9/2025 10:27:11,12/9/2025 10:27:11,2022
966,5,专用设备制造业,专用设备制造业-国有企业（院所）-上交所企业数量,,1,12/9/2025 10:27:11,12/9/2025 10:27:11,2022
967,5,专用设备制造业,专用设备制造业-集体企业-上交所企业数量,,2,12/9/2025 10:27:11,12/9/2025 10:27:11,2022
968,32,仪器仪表制造业,仪器仪表制造业-地方国有企业-上交所企业数量,,1,12/9/2025 10:27:11,12/9/2025 10:27:11,2022
969,27,铁路、船舶、航空航天和其他运输设备制造业,铁路、船舶、航空航天和其他运输设备制造业-国有企业（院所）-上交所企业数量,,1,12/9/2025 10:27:11,12/9/2025 10:27:11,2022
970,41,文教、工美、体育和娱乐用品制造业,文教、工美、体育和娱乐用品制造业-民营企业-上交所企业数量,,5,12/9/2025 10:27:11,12/9/2025 10:27:11,2022
971,5,专用设备制造业,专用设备制造业-外资企业-上交所企业数量,,8,12/9/2025 10:27:11,12/9/2025 10:27:11,2022
972,23,橡胶和塑料制品业,橡胶和塑料制品业-外资企业-上交所企业数量,,2,12/9/2025 10:27:11,12/9/2025 10:27:11,2022
973,3,信息传输、软件和信息技术服务业,信息传输、软件和信息技术服务业-外资企业-上交所企业数量,,7,12/9/2025 10:27:11,12/9/2025 10:27:11,2022
974,22,非金属矿物制品业,非金属矿物制品业-集体企业-上交所企业数量,,1,12/9/2025 10:27:12,12/9/2025 10:27:12,2022
975,25,其他制造业,其他制造业-外资企业-上交所企业数量,,1,12/9/2025 10:27:12,12/9/2025 10:27:12,2022
976,2,化学原料和化学制品制造业,化学原料和化学制品制造业-外资企业-上交所企业数量,,4,12/9/2025 10:27:12,12/9/2025 10:27:12,2022
977,21,通信传输设备业,通信传输设备业-地方国有企业-上交所企业数量,,1,12/9/2025 10:27:12,12/9/2025 10:27:12,2022
978,30,科学研究和技术服务业,科学研究和技术服务业-国有企业（院所）-上交所企业数量,,1,12/9/2025 10:27:12,12/9/2025 10:27:12,2022
979,35,卫生和社会工作,卫生和社会工作-民营企业-上交所企业数量,,1,12/9/2025 10:27:12,12/9/2025 10:27:12,2022
980,3,信息传输、软件和信息技术服务业,信息传输、软件和信息技术服务业-国有企业（院所）-上交所企业数量,,3,12/9/2025 10:27:12,12/9/2025 10:27:12,2022
981,9,批发和零售业,批发和零售业-集体企业-上交所企业数量,,1,12/9/2025 10:27:12,12/9/2025 10:27:12,2022
982,37,住宿和餐饮业,住宿和餐饮业-民营企业-上交所企业数量,,1,12/9/2025 10:27:13,12/9/2025 10:27:13,2022
983,5,专用设备制造业,专用设备制造业-中外合资经营企业-上交所企业数量,,1,12/9/2025 10:27:13,12/9/2025 10:27:13,2022
984,19,半导体业,半导体业-中外合资经营企业-上交所企业数量,,7,12/9/2025 10:27:13,12/9/2025 10:27:13,2022
985,21,通信传输设备业,通信传输设备业-国有企业（院所）-上交所企业数量,,1,12/9/2025 10:27:13,12/9/2025 10:27:13,2022
986,3,信息传输、软件和信息技术服务业,信息传输、软件和信息技术服务业-中外合资经营企业-上交所企业数量,,6,12/9/2025 10:27:13,12/9/2025 10:27:13,2022
987,43,化学纤维制造业,化学纤维制造业-外资企业-上交所企业数量,,1,12/9/2025 10:27:13,12/9/2025 10:27:13,2022
988,46,废弃资源综合利用业,废弃资源综合利用业-民营企业-上交所企业数量,,2,12/9/2025 10:27:13,12/9/2025 10:27:13,2022
989,1,医药制造业,医药制造业-中外合资经营企业-上交所企业数量,,4,12/9/2025 10:27:13,12/9/2025 10:27:13,2022
990,30,科学研究和技术服务业,科学研究和技术服务业-外资企业-上交所企业数量,,1,12/9/2025 10:27:13,12/9/2025 10:27:13,2022
991,43,化学纤维制造业,化学纤维制造业-中央国有企业-上交所企业数量,,2,12/9/2025 10:27:13,12/9/2025 10:27:13,2022
992,8,商业电气机械和器材制造业,商业电气机械和器材制造业-中外合资经营企业-上交所企业数量,,1,12/9/2025 10:27:14,12/9/2025 10:27:14,2022
993,2,化学原料和化学制品制造业,化学原料和化学制品制造业-民营企业-北交所企业数量,,6,12/9/2025 10:27:14,12/9/2025 10:27:14,2022
994,18,通用设备制造业,通用设备制造业-民营企业-北交所企业数量,,12,12/9/2025 10:27:14,12/9/2025 10:27:14,2022
995,1,医药制造业,医药制造业-地方国有企业-北交所企业数量,,1,12/9/2025 10:27:14,12/9/2025 10:27:14,2022
996,16,建筑业,建筑业-民营企业-北交所企业数量,,2,12/9/2025 10:27:14,12/9/2025 10:27:14,2022
997,13,电力、热力、燃气及水生产和供应业,电力、热力、燃气及水生产和供应业-民营企业-北交所企业数量,,1,12/9/2025 10:27:14,12/9/2025 10:27:14,2022
998,30,科学研究和技术服务业,科学研究和技术服务业-地方国有企业-北交所企业数量,,3,12/9/2025 10:27:14,12/9/2025 10:27:14,2022
999,34,农、林、牧、渔业,农、林、牧、渔业-地方国有企业-北交所企业数量,,1,12/9/2025 10:27:14,12/9/2025 10:27:14,2022
1000,29,金属冶炼和压延加工业,金属冶炼和压延加工业-民营企业-北交所企业数量,,2,12/9/2025 10:27:14,12/9/2025 10:27:14,2022
1001,12,汽车制造业,汽车制造业-民营企业-北交所企业数量,,6,12/9/2025 10:27:14,12/9/2025 10:27:14,2022
1002,28,水利、环境和公共设施管理业,水利、环境和公共设施管理业-民营企业-北交所企业数量,,3,12/9/2025 10:27:14,12/9/2025 10:27:14,2022
1003,38,家具制造业,家具制造业-民营企业-北交所企业数量,,2,12/9/2025 10:27:14,12/9/2025 10:27:14,2022
1004,8,商业电气机械和器材制造业,商业电气机械和器材制造业-民营企业-北交所企业数量,,11,12/9/2025 10:27:14,12/9/2025 10:27:14,2022
1005,10,食品饮料业,食品饮料业-民营企业-北交所企业数量,,6,12/9/2025 10:27:15,12/9/2025 10:27:15,2022
1006,23,橡胶和塑料制品业,橡胶和塑料制品业-中外合资经营企业-北交所企业数量,,1,12/9/2025 10:27:15,12/9/2025 10:27:15,2022
1007,12,汽车制造业,汽车制造业-外资企业-北交所企业数量,,1,12/9/2025 10:27:15,12/9/2025 10:27:15,2022
1008,23,橡胶和塑料制品业,橡胶和塑料制品业-民营企业-北交所企业数量,,7,12/9/2025 10:27:15,12/9/2025 10:27:15,2022
1009,39,印刷和记录媒介复制业,印刷和记录媒介复制业-民营企业-北交所企业数量,,1,12/9/2025 10:27:15,12/9/2025 10:27:15,2022
1010,17,交通运输、仓储和邮政业,交通运输、仓储和邮政业-民营企业-北交所企业数量,,2,12/9/2025 10:27:15,12/9/2025 10:27:15,2022
1011,30,科学研究和技术服务业,科学研究和技术服务业-民营企业-北交所企业数量,,2,12/9/2025 10:27:15,12/9/2025 10:27:15,2022
1012,22,非金属矿物制品业,非金属矿物制品业-民营企业-北交所企业数量,,6,12/9/2025 10:27:15,12/9/2025 10:27:15,2022
1013,8,商业电气机械和器材制造业,商业电气机械和器材制造业-中外合资经营企业-北交所企业数量,,1,12/9/2025 10:27:15,12/9/2025 10:27:15,2022
1014,21,通信传输设备业,通信传输设备业-中央国有企业-北交所企业数量,,1,12/9/2025 10:27:15,12/9/2025 10:27:15,2022
1015,5,专用设备制造业,专用设备制造业-地方国有企业-北交所企业数量,,1,12/9/2025 10:27:15,12/9/2025 10:27:15,2022
1016,43,化学纤维制造业,化学纤维制造业-地方国有企业-北交所企业数量,,1,12/9/2025 10:27:15,12/9/2025 10:27:15,2022
1017,8,商业电气机械和器材制造业,商业电气机械和器材制造业-地方国有企业-北交所企业数量,,1,12/9/2025 10:27:15,12/9/2025 10:27:15,2022
1018,20,租赁和商务服务业,租赁和商务服务业-民营企业-北交所企业数量,,1,12/9/2025 10:27:15,12/9/2025 10:27:15,2022
1019,19,半导体业,半导体业-民营企业-北交所企业数量,,1,12/9/2025 10:27:15,12/9/2025 10:27:15,2022
1020,9,批发和零售业,批发和零售业-民营企业-北交所企业数量,,1,12/9/2025 10:27:15,12/9/2025 10:27:15,2022
1021,15,纺织鞋服业,纺织鞋服业-民营企业-北交所企业数量,,1,12/9/2025 10:27:15,12/9/2025 10:27:15,2022
1022,6,消费电子及电气业,消费电子及电气业-集体企业-北交所企业数量,,1,12/9/2025 10:27:15,12/9/2025 10:27:15,2022
1023,21,通信传输设备业,通信传输设备业-民营企业-北交所企业数量,,1,12/9/2025 10:27:15,12/9/2025 10:27:15,2022
1024,36,造纸和纸制品业,造纸和纸制品业-民营企业-北交所企业数量,,1,12/9/2025 10:27:15,12/9/2025 10:27:15,2022
1025,18,通用设备制造业,通用设备制造业-中央国有企业-北交所企业数量,,1,12/9/2025 10:27:15,12/9/2025 10:27:15,2022
1026,30,科学研究和技术服务业,科学研究和技术服务业-中央国有企业-北交所企业数量,,1,12/9/2025 10:27:15,12/9/2025 10:27:15,2022
1027,1,医药制造业,总资产合计,十万元,37220422.3221407,12/9/2025 10:27:16,16/9/2025 09:51:03,2022
1028,1,医药制造业,总资产均值,千万元,828.962635236987,12/9/2025 10:27:17,16/9/2025 09:51:03,2022
1029,1,医药制造业,总资产最大值,百万元,215534.0323,12/9/2025 10:27:17,16/9/2025 09:51:03,2022
1030,1,医药制造业,资产合计最小值,元,1150798,12/9/2025 10:27:17,16/9/2025 09:51:03,2022
1031,1,医药制造业,资产总额度中位数,元,3611236727,12/9/2025 10:27:17,16/9/2025 09:51:03,2022
1032,2,化学原料和化学制品制造业,总资产合计,元,3056536338441.91,12/9/2025 10:27:17,16/9/2025 09:51:04,2022
1033,2,化学原料和化学制品制造业,总资产均值,千万元,839.707785286239,12/9/2025 10:27:17,16/9/2025 09:51:04,2022
1034,2,化学原料和化学制品制造业,总资产金额最大值,元,200843104094.19,12/9/2025 10:27:17,16/9/2025 09:51:04,2022
1035,2,化学原料和化学制品制造业,总资产最小值,百万元,181.346259,12/9/2025 10:27:17,16/9/2025 09:51:04,2022
1036,2,化学原料和化学制品制造业,资产总额中位数,元,3353188403,12/9/2025 10:27:17,16/9/2025 09:51:04,2022
1037,3,信息传输、软件和信息技术服务业,总资产合计,十万元,188481099.50318,12/9/2025 10:27:18,16/9/2025 09:51:04,2022
1038,3,信息传输、软件和信息技术服务业,总资产均值,千万元,2926.7251475649,12/9/2025 10:27:18,16/9/2025 09:51:04,2022
1039,3,信息传输、软件和信息技术服务业,资产合计最大值,百万元,1935538.557,12/9/2025 10:27:18,16/9/2025 09:51:04,2022
1040,3,信息传输、软件和信息技术服务业,资产总额最小值,万元,1679.56095,12/9/2025 10:27:18,16/9/2025 09:51:04,2022
1041,3,信息传输、软件和信息技术服务业,总资产中位数,十万元,24891.43739,12/9/2025 10:27:18,16/9/2025 09:51:04,2022
1042,4,房地产业,总资产合计,元,28569786513373.2,12/9/2025 10:27:19,16/9/2025 09:51:05,2022
1043,4,房地产业,总资产金额均值,元,96846733943.6381,12/9/2025 10:27:19,16/9/2025 09:51:05,2022
1044,4,房地产业,资产总额度最大值,百万元,1757163.117,12/9/2025 10:27:19,16/9/2025 09:51:05,2022
1045,4,房地产业,总资产最小值,元,1729717.79,12/9/2025 10:27:19,16/9/2025 09:51:05,2022
1046,4,房地产业,总资产中位数,千万元,1613.10421,12/9/2025 10:27:19,16/9/2025 09:51:05,2022
1047,5,专用设备制造业,总资产合计,千万元,310807.575645856,12/9/2025 10:27:19,16/9/2025 09:51:06,2022
1048,5,专用设备制造业,总资产均值,元,6953189611.76412,12/9/2025 10:27:19,16/9/2025 09:51:06,2022
1049,5,专用设备制造业,资产总额度最大值,百万元,175158.93775084,12/9/2025 10:27:20,16/9/2025 09:51:06,2022
1050,5,专用设备制造业,总资产最小值,百万元,167.2189295,12/9/2025 10:27:20,16/9/2025 09:51:06,2022
1051,5,专用设备制造业,总资产中位数,万元,261934.45814200002,12/9/2025 10:27:20,16/9/2025 09:51:06,2022
1052,6,消费电子及电气业,总资产合计,百万元,6018378.14625875,12/9/2025 10:27:20,16/9/2025 09:51:06,2022
1053,6,消费电子及电气业,总资产金额均值,百万元,16811.1121403876,12/9/2025 10:27:20,16/9/2025 09:51:06,2022
1054,6,消费电子及电气业,资产总额最大值,百万元,422555.2008,12/9/2025 10:27:20,16/9/2025 09:51:06,2022
1055,6,消费电子及电气业,总资产最小值,万元,124.8602,12/9/2025 10:27:20,16/9/2025 09:51:06,2022
1056,6,消费电子及电气业,资产总额度中位数,元,2630007593,12/9/2025 10:27:20,16/9/2025 09:51:06,2022
1057,7,金融业,总资产合计,万元,54383226897.5893,12/9/2025 10:27:20,16/9/2025 09:51:06,2022
1058,7,金融业,资产总额度均值,元,1831085080726.91,12/9/2025 10:27:20,16/9/2025 09:51:06,2022
1059,7,金融业,总资产金额最大值,百万元,39609657.845935,12/9/2025 10:27:21,16/9/2025 09:51:06,2022
1060,7,金融业,资产总额度最小值,十万元,28.63964,12/9/2025 10:27:21,16/9/2025 09:51:07,2022
1061,7,金融业,总资产金额中位数,百万元,80994.46923,12/9/2025 10:27:21,16/9/2025 09:51:07,2022
1062,8,商业电气机械和器材制造业,总资产合计,万元,456767444.280673,12/9/2025 10:27:21,16/9/2025 09:51:07,2022
1063,8,商业电气机械和器材制造业,总资产均值,元,14273982633.771,12/9/2025 10:27:21,16/9/2025 09:51:07,2022
1064,8,商业电气机械和器材制造业,总资产最大值,百万元,600952.3189,12/9/2025 10:27:21,16/9/2025 09:51:07,2022
1065,8,商业电气机械和器材制造业,总资产金额最小值,千万元,5.3166146,12/9/2025 10:27:21,16/9/2025 09:51:07,2022
1066,8,商业电气机械和器材制造业,资产总额中位数,百万元,3868.82101,12/9/2025 10:27:21,16/9/2025 09:51:07,2022
1067,9,批发和零售业,总资产合计,元,5160452135236.19,12/9/2025 10:27:21,16/9/2025 09:51:08,2022
1068,9,批发和零售业,资产合计均值,万元,1890275.5074125198,12/9/2025 10:27:21,16/9/2025 09:51:08,2022
1069,9,批发和零售业,资产合计最大值,元,6.64754E+11,12/9/2025 10:27:22,16/9/2025 09:51:08,2022
1070,9,批发和零售业,总资产最小值,十万元,135.14285759999999,12/9/2025 10:27:22,16/9/2025 09:51:08,2022
1071,9,批发和零售业,总资产中位数,十万元,51540.31135,12/9/2025 10:27:22,16/9/2025 09:51:08,2022
1072,10,食品饮料业,总资产合计,万元,321316272.26196,12/9/2025 10:27:22,16/9/2025 09:51:08,2022
1073,10,食品饮料业,总资产金额均值,百万元,13008.7559620227,12/9/2025 10:27:22,16/9/2025 09:51:08,2022
1074,10,食品饮料业,资产总额最大值,百万元,254500.89435309,12/9/2025 10:27:22,16/9/2025 09:51:08,2022
1075,10,食品饮料业,资产合计最小值,十万元,685.3006028,12/9/2025 10:27:22,16/9/2025 09:51:08,2022
1076,10,食品饮料业,总资产金额中位数,百万元,3933.479151,12/9/2025 10:27:22,16/9/2025 09:51:08,2022
1082,12,汽车制造业,总资产合计,元,6614691738780.92,12/9/2025 10:27:23,16/9/2025 09:51:09,2022
1083,12,汽车制造业,总资产均值,万元,2875952.92990475,12/9/2025 10:27:23,16/9/2025 09:51:10,2022
1084,12,汽车制造业,总资产最大值,元,990107356825.74,12/9/2025 10:27:23,16/9/2025 09:51:10,2022
1085,12,汽车制造业,资产总额最小值,万元,30353.3469,12/9/2025 10:27:23,16/9/2025 09:51:10,2022
1086,12,汽车制造业,总资产中位数,元,4721967993,12/9/2025 10:27:23,16/9/2025 09:51:10,2022
1087,13,电力、热力、燃气及水生产和供应业,总资产合计,百万元,10819000.119561901,12/9/2025 10:27:24,16/9/2025 09:51:10,2022
1088,13,电力、热力、燃气及水生产和供应业,总资产均值,万元,5724338.68759887,12/9/2025 10:27:24,16/9/2025 09:51:10,2022
1089,13,电力、热力、燃气及水生产和供应业,资产总额度最大值,元,5.78454E+11,12/9/2025 10:27:24,16/9/2025 09:51:10,2022
1090,13,电力、热力、燃气及水生产和供应业,总资产最小值,元,29934477.73,12/9/2025 10:27:24,16/9/2025 09:51:10,2022
1091,13,电力、热力、燃气及水生产和供应业,资产总额中位数,十万元,167607.8202,12/9/2025 10:27:24,16/9/2025 09:51:10,2022
1092,14,采矿业,总资产合计,元,16425749597525,12/9/2025 10:27:24,16/9/2025 09:51:11,2022
1093,14,采矿业,总资产金额均值,十万元,1148653.81800874,12/9/2025 10:27:25,16/9/2025 09:51:11,2022
1094,14,采矿业,总资产金额最大值,元,2673751852239,12/9/2025 10:27:25,16/9/2025 09:51:11,2022
1095,14,采矿业,资产合计最小值,千万元,9.5317975,12/9/2025 10:27:25,16/9/2025 09:51:11,2022
1096,14,采矿业,资产合计中位数,元,11270578623,12/9/2025 10:27:25,16/9/2025 09:51:11,2022
1097,15,纺织鞋服业,总资产合计,百万元,892813.72389942,12/9/2025 10:27:26,16/9/2025 09:51:11,2022
1098,15,纺织鞋服业,资产总额均值,元,5044145332.76509,12/9/2025 10:27:26,16/9/2025 09:51:11,2022
1099,15,纺织鞋服业,资产总额度最大值,千万元,7777.706431,12/9/2025 10:27:26,16/9/2025 09:51:11,2022
1100,15,纺织鞋服业,资产合计最小值,百万元,0.7179763,12/9/2025 10:27:26,16/9/2025 09:51:11,2022
1101,15,纺织鞋服业,总资产中位数,万元,219801.7574,12/9/2025 10:27:26,16/9/2025 09:51:11,2022
1102,16,建筑业,总资产合计,千万元,1932082.2555051602,12/9/2025 10:27:26,16/9/2025 09:51:11,2022
1103,16,建筑业,资产总额度均值,百万元,130546.09834494299,12/9/2025 10:27:26,16/9/2025 09:51:11,2022
1104,16,建筑业,资产总额度最大值,千万元,265290.3256,12/9/2025 10:27:26,16/9/2025 09:51:11,2022
1105,16,建筑业,总资产最小值,元,37490464.5,12/9/2025 10:27:26,16/9/2025 09:51:11,2022
1106,16,建筑业,资产合计中位数,元,6947580864,12/9/2025 10:27:26,16/9/2025 09:51:12,2022
1107,17,交通运输、仓储和邮政业,总资产合计,元,8532394942832.69,12/9/2025 10:27:27,16/9/2025 09:51:12,2022
1108,17,交通运输、仓储和邮政业,资产总额均值,百万元,48479.5167206403,12/9/2025 10:27:27,16/9/2025 09:51:12,2022
1109,17,交通运输、仓储和邮政业,资产总额最大值,百万元,511779.76238093,12/9/2025 10:27:27,16/9/2025 09:51:12,2022
1110,17,交通运输、仓储和邮政业,资产合计最小值,十万元,1109.553075,12/9/2025 10:27:27,16/9/2025 09:51:12,2022
1111,17,交通运输、仓储和邮政业,总资产金额中位数,万元,1486546.7775995,12/9/2025 10:27:27,16/9/2025 09:51:12,2022
1112,18,通用设备制造业,总资产合计,百万元,2156986.84168031,12/9/2025 10:27:27,16/9/2025 09:51:12,2022
1113,18,通用设备制造业,资产总额均值,百万元,10126.6987872315,12/9/2025 10:27:27,16/9/2025 09:51:12,2022
1114,18,通用设备制造业,总资产最大值,十万元,2880208.345,12/9/2025 10:27:28,16/9/2025 09:51:12,2022
1115,18,通用设备制造业,总资产最小值,十万元,178.29651,12/9/2025 10:27:28,16/9/2025 09:51:12,2022
1116,18,通用设备制造业,总资产中位数,元,2632141704,12/9/2025 10:27:28,16/9/2025 09:51:12,2022
1117,19,半导体业,总资产合计,百万元,2958033.74858057,12/9/2025 10:27:28,16/9/2025 09:51:13,2022
1118,19,半导体业,资产总额均值,元,17197870631.2824,12/9/2025 10:27:28,16/9/2025 09:51:13,2022
1119,19,半导体业,资产总额最大值,千万元,74854.25567,12/9/2025 10:27:28,16/9/2025 09:51:13,2022
1120,19,半导体业,资产总额最小值,万元,10789.88992,12/9/2025 10:27:28,16/9/2025 09:51:13,2022
1121,19,半导体业,总资产中位数,万元,410707.9519,12/9/2025 10:27:28,16/9/2025 09:51:13,2022
1122,20,租赁和商务服务业,总资产合计,十万元,13395301.7172424,12/9/2025 10:27:29,16/9/2025 09:51:13,2022
1123,20,租赁和商务服务业,总资产均值,千万元,1206.78393849031,12/9/2025 10:27:29,16/9/2025 09:51:13,2022
1124,20,租赁和商务服务业,资产总额最大值,百万元,263644.3544,12/9/2025 10:27:29,16/9/2025 09:51:13,2022
1125,20,租赁和商务服务业,资产合计最小值,十万元,546.0171076,12/9/2025 10:27:29,16/9/2025 09:51:13,2022
1126,20,租赁和商务服务业,总资产中位数,十万元,22922.28574,12/9/2025 10:27:29,16/9/2025 09:51:13,2022
1127,21,通信传输设备业,总资产合计,十万元,23789930.095797002,12/9/2025 10:27:29,16/9/2025 09:51:14,2022
1128,21,通信传输设备业,总资产金额均值,十万元,198249.417464975,12/9/2025 10:27:30,16/9/2025 09:51:14,2022
1129,21,通信传输设备业,资产总额度最大值,十万元,10638049.14,12/9/2025 10:27:30,16/9/2025 09:51:14,2022
1130,21,通信传输设备业,总资产金额最小值,万元,9224.490499,12/9/2025 10:27:30,16/9/2025 09:51:14,2022
1131,21,通信传输设备业,资产总额度中位数,百万元,2822.16427,12/9/2025 10:27:30,16/9/2025 09:51:14,2022
1132,22,非金属矿物制品业,总资产合计,十万元,28900447.900904503,12/9/2025 10:27:30,16/9/2025 09:51:14,2022
1133,22,非金属矿物制品业,总资产均值,千万元,2312.03583207236,12/9/2025 10:27:30,16/9/2025 09:51:14,2022
1134,22,非金属矿物制品业,总资产金额最大值,百万元,482467.3978,12/9/2025 10:27:30,16/9/2025 09:51:14,2022
1135,22,非金属矿物制品业,总资产最小值,十万元,740.86714,12/9/2025 10:27:30,16/9/2025 09:51:14,2022
1136,22,非金属矿物制品业,总资产中位数,千万元,504.59925450699996,12/9/2025 10:27:30,16/9/2025 09:51:15,2022
1137,23,橡胶和塑料制品业,总资产合计,元,476387663666.96,12/9/2025 10:27:30,16/9/2025 09:51:15,2022
1138,23,橡胶和塑料制品业,资产合计均值,千万元,445.22211557659796,12/9/2025 10:27:30,16/9/2025 09:51:15,2022
1139,23,橡胶和塑料制品业,资产合计最大值,十万元,554286.9892,12/9/2025 10:27:30,16/9/2025 09:51:15,2022
1140,23,橡胶和塑料制品业,总资产金额最小值,万元,21394.18515,12/9/2025 10:27:30,16/9/2025 09:51:15,2022
1141,23,橡胶和塑料制品业,总资产中位数,百万元,2316.60172,12/9/2025 10:27:31,16/9/2025 09:51:15,2022
1142,24,综合,总资产合计,千万元,1142274.80717704,12/9/2025 10:27:31,16/9/2025 09:51:15,2022
1143,24,综合,资产合计均值,十万元,3359631.7858148296,12/9/2025 10:27:31,16/9/2025 09:51:16,2022
1144,24,综合,总资产金额最大值,万元,1012237191.0214,12/9/2025 10:27:31,16/9/2025 09:51:16,2022
1145,24,综合,资产总额最小值,十万元,1067.590438,12/9/2025 10:27:31,16/9/2025 09:51:16,2022
1146,24,综合,资产总额中位数,千万元,441.1844294,12/9/2025 10:27:31,16/9/2025 09:51:16,2022
1147,25,其他制造业,总资产合计,万元,13711858.394047,12/9/2025 10:27:31,16/9/2025 09:51:16,2022
1148,25,其他制造业,总资产均值,万元,258714.30932164102,12/9/2025 10:27:31,16/9/2025 09:51:16,2022
1149,25,其他制造业,总资产最大值,元,16378883641,12/9/2025 10:27:31,16/9/2025 09:51:16,2022
1150,25,其他制造业,资产合计最小值,百万元,56.91709932,12/9/2025 10:27:32,16/9/2025 09:51:16,2022
1151,25,其他制造业,总资产中位数,元,1739553236,12/9/2025 10:27:32,16/9/2025 09:51:16,2022
1152,26,金属制品业,总资产合计,元,883648009339.94,12/9/2025 10:27:32,16/9/2025 09:51:17,2022
1153,26,金属制品业,资产总额度均值,千万元,775.129832754333,12/9/2025 10:27:32,16/9/2025 09:51:17,2022
1154,26,金属制品业,总资产最大值,千万元,14589.99842,12/9/2025 10:27:32,16/9/2025 09:51:17,2022
1155,26,金属制品业,总资产金额最小值,万元,4306.0045,12/9/2025 10:27:32,16/9/2025 09:51:17,2022
1156,26,金属制品业,总资产中位数,千万元,280.81097049650003,12/9/2025 10:27:32,16/9/2025 09:51:17,2022
1157,27,铁路、船舶、航空航天和其他运输设备制造业,总资产合计,十万元,27629381.4862381,12/9/2025 10:27:32,16/9/2025 09:51:17,2022
1158,27,铁路、船舶、航空航天和其他运输设备制造业,总资产金额均值,百万元,27908.466147715302,12/9/2025 10:27:32,16/9/2025 09:51:17,2022
1159,27,铁路、船舶、航空航天和其他运输设备制造业,总资产最大值,十万元,4421401.583,12/9/2025 10:27:33,16/9/2025 09:51:18,2022
1160,27,铁路、船舶、航空航天和其他运输设备制造业,资产总额度最小值,万元,31928.36341,12/9/2025 10:27:33,16/9/2025 09:51:18,2022
1161,27,铁路、船舶、航空航天和其他运输设备制造业,总资产金额中位数,千万元,479.5121511,12/9/2025 10:27:33,16/9/2025 09:51:18,2022
1162,28,水利、环境和公共设施管理业,总资产合计,百万元,1002982.1583868101,12/9/2025 10:27:33,16/9/2025 09:51:18,2022
1163,28,水利、环境和公共设施管理业,总资产均值,百万元,9644.05921525779,12/9/2025 10:27:33,16/9/2025 09:51:18,2022
1164,28,水利、环境和公共设施管理业,总资产最大值,千万元,16358.05264,12/9/2025 10:27:33,16/9/2025 09:51:18,2022
1165,28,水利、环境和公共设施管理业,总资产最小值,十万元,3017.208117,12/9/2025 10:27:33,16/9/2025 09:51:18,2022
1166,28,水利、环境和公共设施管理业,总资产中位数,万元,344363.1216,12/9/2025 10:27:33,16/9/2025 09:51:18,2022
1167,29,金属冶炼和压延加工业,总资产合计,万元,489882320.593311,12/9/2025 10:27:33,16/9/2025 09:51:19,2022
1168,29,金属冶炼和压延加工业,总资产金额均值,万元,3378498.7627124903,12/9/2025 10:27:33,16/9/2025 09:51:19,2022
1169,29,金属冶炼和压延加工业,总资产最大值,元,3.98249E+11,12/9/2025 10:27:33,16/9/2025 09:51:19,2022
1170,29,金属冶炼和压延加工业,总资产最小值,万元,25673.68035,12/9/2025 10:27:34,16/9/2025 09:51:19,2022
1171,29,金属冶炼和压延加工业,资产总额中位数,千万元,1167.9453838489999,12/9/2025 10:27:34,16/9/2025 09:51:19,2022
1172,30,科学研究和技术服务业,总资产合计,十万元,7081282.735859499,12/9/2025 10:27:34,16/9/2025 09:51:19,2022
1173,30,科学研究和技术服务业,总资产均值,万元,557581.317784213,12/9/2025 10:27:34,16/9/2025 09:51:19,2022
1174,30,科学研究和技术服务业,总资产最大值,十万元,646903.8880497001,12/9/2025 10:27:34,16/9/2025 09:51:19,2022
1175,30,科学研究和技术服务业,资产总额度最小值,万元,30959.9699,12/9/2025 10:27:34,16/9/2025 09:51:19,2022
1176,30,科学研究和技术服务业,资产总额中位数,千万元,238.8767667,12/9/2025 10:27:34,16/9/2025 09:51:19,2022
1177,31,教育,总资产合计,千万元,26215.873324813,12/9/2025 10:27:34,16/9/2025 09:51:20,2022
1178,31,教育,总资产金额均值,十万元,43693.1222080217,12/9/2025 10:27:34,16/9/2025 09:51:20,2022
1179,31,教育,资产合计最大值,元,33576066144,12/9/2025 10:27:35,16/9/2025 09:51:20,2022
1180,31,教育,资产总额度最小值,千万元,11.319205676000001,12/9/2025 10:27:35,16/9/2025 09:51:20,2022
1181,31,教育,总资产金额中位数,元,2199627714,12/9/2025 10:27:35,16/9/2025 09:51:20,2022
1182,32,仪器仪表制造业,总资产合计,百万元,234236.58844016,12/9/2025 10:27:35,16/9/2025 09:51:20,2022
1183,32,仪器仪表制造业,总资产金额均值,十万元,26318.7178022652,12/9/2025 10:27:35,16/9/2025 09:51:20,2022
1184,32,仪器仪表制造业,资产总额最大值,千万元,2130.05205,12/9/2025 10:27:35,16/9/2025 09:51:20,2022
1185,32,仪器仪表制造业,总资产最小值,千万元,13.01320624,12/9/2025 10:27:35,16/9/2025 09:51:20,2022
1186,32,仪器仪表制造业,资产总额度中位数,十万元,15918.571093900002,12/9/2025 10:27:35,16/9/2025 09:51:20,2022
1187,33,文化、体育和娱乐业,总资产合计,千万元,64447.753355339,12/9/2025 10:27:35,16/9/2025 09:51:20,2022
1188,33,文化、体育和娱乐业,总资产均值,十万元,73236.08335833979,12/9/2025 10:27:35,16/9/2025 09:51:20,2022
1189,33,文化、体育和娱乐业,总资产最大值,十万元,297023.167,12/9/2025 10:27:35,16/9/2025 09:51:21,2022
1190,33,文化、体育和娱乐业,总资产最小值,百万元,65.9870965,12/9/2025 10:27:35,16/9/2025 09:51:21,2022
1191,33,文化、体育和娱乐业,资产总额中位数,万元,406037.5947,12/9/2025 10:27:36,16/9/2025 09:51:21,2022
1192,34,农、林、牧、渔业,总资产合计,千万元,55761.19630844399,12/9/2025 10:27:36,16/9/2025 09:51:21,2022
1193,34,农、林、牧、渔业,总资产金额均值,万元,1115223.9261688802,12/9/2025 10:27:36,16/9/2025 09:51:21,2022
1194,34,农、林、牧、渔业,资产总额最大值,十万元,1929476.702,12/9/2025 10:27:36,16/9/2025 09:51:21,2022
1195,34,农、林、牧、渔业,总资产最小值,十万元,1359.59438,12/9/2025 10:27:36,16/9/2025 09:51:21,2022
1196,34,农、林、牧、渔业,资产总额中位数,十万元,38684.537548600005,12/9/2025 10:27:36,16/9/2025 09:51:21,2022
1197,35,卫生和社会工作,总资产合计,元,178023555833.39,12/9/2025 10:27:36,16/9/2025 09:51:21,2022
1198,35,卫生和社会工作,资产合计均值,千万元,613.874330459966,12/9/2025 10:27:36,16/9/2025 09:51:21,2022
1199,35,卫生和社会工作,总资产最大值,元,26578838999,12/9/2025 10:27:36,16/9/2025 09:51:21,2022
1200,35,卫生和社会工作,资产合计最小值,百万元,286.2633242,12/9/2025 10:27:37,16/9/2025 09:51:21,2022
1201,35,卫生和社会工作,总资产金额中位数,万元,277432.6192,12/9/2025 10:27:37,16/9/2025 09:51:21,2022
1202,36,造纸和纸制品业,总资产合计,百万元,696952.07608942,12/9/2025 10:27:37,16/9/2025 09:51:22,2022
1203,36,造纸和纸制品业,总资产金额均值,万元,1366572.69821455,12/9/2025 10:27:37,16/9/2025 09:51:22,2022
1204,36,造纸和纸制品业,总资产金额最大值,百万元,107080.8597,12/9/2025 10:27:37,16/9/2025 09:51:22,2022
1205,36,造纸和纸制品业,总资产最小值,元,322777156,12/9/2025 10:27:37,16/9/2025 09:51:22,2022
1206,36,造纸和纸制品业,资产合计中位数,万元,309659.65096999996,12/9/2025 10:27:37,16/9/2025 09:51:22,2022
1207,37,住宿和餐饮业,总资产合计,百万元,514172.80332505,12/9/2025 10:27:37,16/9/2025 09:51:22,2022
1208,37,住宿和餐饮业,资产合计均值,千万元,1469.0651523572901,12/9/2025 10:27:37,16/9/2025 09:51:22,2022
1209,37,住宿和餐饮业,总资产最大值,千万元,7948.012894,12/9/2025 10:27:37,16/9/2025 09:51:22,2022
1210,37,住宿和餐饮业,总资产最小值,百万元,18.331615739999997,12/9/2025 10:27:38,16/9/2025 09:51:22,2022
1211,37,住宿和餐饮业,总资产中位数,万元,410051.6971,12/9/2025 10:27:38,16/9/2025 09:51:22,2022
1212,38,家具制造业,总资产合计,万元,21241648.760027,12/9/2025 10:27:38,16/9/2025 09:51:22,2022
1213,38,家具制造业,资产合计均值,万元,493991.831628535,12/9/2025 10:27:38,16/9/2025 09:51:23,2022
1214,38,家具制造业,总资产最大值,十万元,286110.32391659997,12/9/2025 10:27:38,16/9/2025 09:51:23,2022
1215,38,家具制造业,总资产最小值,百万元,77.51403793,12/9/2025 10:27:38,16/9/2025 09:51:23,2022
1216,38,家具制造业,资产总额中位数,十万元,31662.683109499998,12/9/2025 10:27:38,16/9/2025 09:51:23,2022
1217,39,印刷和记录媒介复制业,总资产合计,十万元,749708.1732199001,12/9/2025 10:27:38,16/9/2025 09:51:23,2022
1218,39,印刷和记录媒介复制业,资产总额均值,千万元,227.18429491512097,12/9/2025 10:27:38,16/9/2025 09:51:23,2022
1219,39,印刷和记录媒介复制业,资产总额最大值,元,12104481295,12/9/2025 10:27:38,16/9/2025 09:51:23,2022
1220,39,印刷和记录媒介复制业,总资产最小值,十万元,355.39261,12/9/2025 10:27:38,16/9/2025 09:51:23,2022
1221,39,印刷和记录媒介复制业,总资产金额中位数,万元,82466.25365099999,12/9/2025 10:27:38,16/9/2025 09:51:23,2022
1222,41,文教、工美、体育和娱乐用品制造业,总资产合计,元,126801854242.03,12/9/2025 10:27:39,16/9/2025 09:51:24,2022
1223,41,文教、工美、体育和娱乐用品制造业,总资产均值,千万元,325.132959594949,12/9/2025 10:27:39,16/9/2025 09:51:24,2022
1224,41,文教、工美、体育和娱乐用品制造业,资产合计最大值,百万元,26004.86899,12/9/2025 10:27:39,16/9/2025 09:51:24,2022
1225,41,文教、工美、体育和娱乐用品制造业,资产总额最小值,元,67128475.71,12/9/2025 10:27:39,16/9/2025 09:51:24,2022
1226,41,文教、工美、体育和娱乐用品制造业,总资产中位数,百万元,1408.739687,12/9/2025 10:27:39,16/9/2025 09:51:24,2022
1232,43,化学纤维制造业,总资产合计,十万元,12040809.7490826,12/9/2025 10:27:40,16/9/2025 09:51:24,2022
1233,43,化学纤维制造业,总资产均值,元,35414146320.8312,12/9/2025 10:27:40,16/9/2025 09:51:25,2022
1234,43,化学纤维制造业,总资产最大值,十万元,3625874.4755263003,12/9/2025 10:27:40,16/9/2025 09:51:25,2022
1235,43,化学纤维制造业,总资产金额最小值,万元,76121.90127999999,12/9/2025 10:27:40,16/9/2025 09:51:25,2022
1236,43,化学纤维制造业,总资产中位数,千万元,596.6072332,12/9/2025 10:27:40,16/9/2025 09:51:25,2022
1242,45,石油加工、炼焦和核燃料加工业,总资产合计,十万元,2940213.8082001,12/9/2025 10:27:41,16/9/2025 09:51:25,2022
1243,45,石油加工、炼焦和核燃料加工业,资产总额度均值,万元,1400101.8134286199,12/9/2025 10:27:41,16/9/2025 09:51:25,2022
1244,45,石油加工、炼焦和核燃料加工业,资产总额最大值,万元,4124276.135,12/9/2025 10:27:41,16/9/2025 09:51:25,2022
1245,45,石油加工、炼焦和核燃料加工业,资产总额度最小值,千万元,12.410133676000001,12/9/2025 10:27:41,16/9/2025 09:51:25,2022
1246,45,石油加工、炼焦和核燃料加工业,总资产中位数,百万元,9401.641498469999,12/9/2025 10:27:41,16/9/2025 09:51:26,2022
1247,46,废弃资源综合利用业,总资产合计,元,329014932694.02,12/9/2025 10:27:41,16/9/2025 09:51:26,2022
1248,46,废弃资源综合利用业,资产总额度均值,百万元,12185.7382479267,12/9/2025 10:27:41,16/9/2025 09:51:26,2022
1249,46,废弃资源综合利用业,资产总额度最大值,百万元,75379.88997,12/9/2025 10:27:41,16/9/2025 09:51:26,2022
1250,46,废弃资源综合利用业,总资产最小值,万元,16169.17899,12/9/2025 10:27:41,16/9/2025 09:51:26,2022
1251,46,废弃资源综合利用业,总资产中位数,百万元,2985.492797,12/9/2025 10:27:42,16/9/2025 09:51:26,2022
1252,47,木材加工和木、竹、藤、棕、草制品业,总资产合计,十万元,417317.16684150003,12/9/2025 10:27:42,16/9/2025 09:51:26,2022
1253,47,木材加工和木、竹、藤、棕、草制品业,总资产均值,百万元,3793.79242583182,12/9/2025 10:27:42,16/9/2025 09:51:26,2022
1254,47,木材加工和木、竹、藤、棕、草制品业,资产合计最大值,千万元,954.9628982799999,12/9/2025 10:27:42,16/9/2025 09:51:26,2022
1255,47,木材加工和木、竹、藤、棕、草制品业,资产总额最小值,千万元,14.8077834,12/9/2025 10:27:42,16/9/2025 09:51:26,2022
1256,47,木材加工和木、竹、藤、棕、草制品业,资产合计中位数,元,4133823138,12/9/2025 10:27:42,16/9/2025 09:51:26,2022
1257,48,居民服务、修理和其他服务业,总资产合计,十万元,94383.99242370001,12/9/2025 10:27:43,16/9/2025 09:51:27,2022
1258,48,居民服务、修理和其他服务业,总资产均值,百万元,2359.5998105925,12/9/2025 10:27:43,16/9/2025 09:51:27,2022
1259,48,居民服务、修理和其他服务业,资产总额最大值,万元,781589.5296,12/9/2025 10:27:43,16/9/2025 09:51:27,2022
1260,48,居民服务、修理和其他服务业,资产合计最小值,十万元,1940.259636,12/9/2025 10:27:43,16/9/2025 09:51:27,2022
1261,48,居民服务、修理和其他服务业,资产总额度中位数,元,714238991.4,12/9/2025 10:27:43,16/9/2025 09:51:27,2022
1262,0,全行业,总资产合计,十万元,7220984323.85262,12/9/2025 10:27:44,5/11/2025 08:56:03,2022
1263,0,全行业,总资产均值,万元,10472783.6459066,12/9/2025 10:27:44,5/11/2025 08:56:03,2022
1264,0,全行业,资产合计最大值,十万元,396096578.45935,12/9/2025 10:27:44,5/11/2025 08:56:03,2022
1265,0,全行业,总资产最小值,千万元,0.07179763,12/9/2025 10:27:44,5/11/2025 08:56:03,2022
1266,0,全行业,资产总额中位数,万元,374927.0218,12/9/2025 10:27:44,5/11/2025 08:56:03,2022
1267,1,医药制造业,净利金额合计,百万元,89153.33036780001,12/9/2025 10:27:45,16/9/2025 09:51:27,2022
1268,1,医药制造业,净利润额均值,万元,19855.975583028998,12/9/2025 10:27:45,16/9/2025 09:51:27,2022
1269,1,医药制造业,净利金额最大值,元,7538997240,12/9/2025 10:27:45,16/9/2025 09:51:27,2022
1270,1,医药制造业,净利金额最小值,元,-13642054864,12/9/2025 10:27:45,16/9/2025 09:51:27,2022
1271,1,医药制造业,净利润金额中位数,十万元,1044.289719,12/9/2025 10:27:45,16/9/2025 09:51:27,2022
1272,2,化学原料和化学制品制造业,净利润总额合计,百万元,224634.59616726002,12/9/2025 10:27:46,16/9/2025 09:51:28,2022
1273,2,化学原料和化学制品制造业,净利润均值,千万元,61.7128011448516,12/9/2025 10:27:46,16/9/2025 09:51:28,2022
1274,2,化学原料和化学制品制造业,净利润额最大值,千万元,1967.9965470099999,12/9/2025 10:27:46,16/9/2025 09:51:28,2022
1275,2,化学原料和化学制品制造业,净利润金额最小值,万元,-130416.2595,12/9/2025 10:27:46,16/9/2025 09:51:28,2022
1276,2,化学原料和化学制品制造业,净利润金额中位数,千万元,17.26292401,12/9/2025 10:27:46,16/9/2025 09:51:28,2022
1277,3,信息传输、软件和信息技术服务业,净利润金额合计,百万元,732802.22201922,12/9/2025 10:27:47,16/9/2025 09:51:28,2022
1278,3,信息传输、软件和信息技术服务业,净利润金额均值,元,1137891649.09817,12/9/2025 10:27:47,16/9/2025 09:51:28,2022
1279,3,信息传输、软件和信息技术服务业,净利润额最大值,百万元,188709.0319,12/9/2025 10:27:47,16/9/2025 09:51:28,2022
1280,3,信息传输、软件和信息技术服务业,净利润额最小值,十万元,-136893.5299,12/9/2025 10:27:47,16/9/2025 09:51:28,2022
1281,3,信息传输、软件和信息技术服务业,净利润额中位数,元,23679103.12,12/9/2025 10:27:47,16/9/2025 09:51:28,2022
1282,4,房地产业,净利润合计,百万元,61999.748432019995,12/9/2025 10:27:47,16/9/2025 09:51:29,2022
1283,4,房地产业,净利金额均值,元,210168638.75261,12/9/2025 10:27:47,16/9/2025 09:51:29,2022
1284,4,房地产业,净利金额最大值,千万元,3755.0973261110003,12/9/2025 10:27:48,16/9/2025 09:51:29,2022
1285,4,房地产业,净利润额最小值,万元,-2369482.226,12/9/2025 10:27:48,16/9/2025 09:51:29,2022
1286,4,房地产业,净利金额中位数,万元,6570.5512,12/9/2025 10:27:48,16/9/2025 09:51:29,2022
1287,5,专用设备制造业,净利润总额合计,元,136380358630.63,12/9/2025 10:27:48,16/9/2025 09:51:29,2022
1288,5,专用设备制造业,净利润总额均值,元,305101473.4,12/9/2025 10:27:48,16/9/2025 09:51:29,2022
1289,5,专用设备制造业,净利润金额最大值,万元,1648401.32,12/9/2025 10:27:48,16/9/2025 09:51:29,2022
1290,5,专用设备制造业,净利润总额最小值,百万元,-3952.604366,12/9/2025 10:27:49,16/9/2025 09:51:29,2022
1291,5,专用设备制造业,净利润金额中位数,元,86551601.64,12/9/2025 10:27:49,16/9/2025 09:51:29,2022
1292,6,消费电子及电气业,净利润金额合计,元,229429675195.53,12/9/2025 10:27:49,16/9/2025 09:51:29,2022
1293,6,消费电子及电气业,净利润金额均值,千万元,64.08650145126539,12/9/2025 10:27:50,16/9/2025 09:51:29,2022
1294,6,消费电子及电气业,净利润额最大值,元,29810243692,12/9/2025 10:27:50,16/9/2025 09:51:29,2022
1295,6,消费电子及电气业,净利润总额最小值,十万元,-56955.74263,12/9/2025 10:27:50,16/9/2025 09:51:29,2022
1296,6,消费电子及电气业,净利润额中位数,千万元,10.38761897,12/9/2025 10:27:50,16/9/2025 09:51:30,2022
1297,7,金融业,净利润额合计,千万元,455490.79339240596,12/9/2025 10:27:50,16/9/2025 09:51:30,2022
1298,7,金融业,净利金额均值,千万元,1533.6390349912701,12/9/2025 10:27:50,16/9/2025 09:51:30,2022
1299,7,金融业,净利润金额最大值,万元,36103809.35,12/9/2025 10:27:50,16/9/2025 09:51:30,2022
1300,7,金融业,净利润最小值,百万元,-33381.47566,12/9/2025 10:27:50,16/9/2025 09:51:30,2022
1301,7,金融业,净利润金额中位数,百万元,837.9894457400001,12/9/2025 10:27:51,16/9/2025 09:51:30,2022
1302,8,商业电气机械和器材制造业,净利润合计,元,280895066670,12/9/2025 10:27:51,16/9/2025 09:51:30,2022
1303,8,商业电气机械和器材制造业,净利润总额均值,十万元,8777.9708334375,12/9/2025 10:27:51,16/9/2025 09:51:30,2022
1304,8,商业电气机械和器材制造业,净利润总额最大值,万元,3345710.546,12/9/2025 10:27:51,16/9/2025 09:51:30,2022
1305,8,商业电气机械和器材制造业,净利金额最小值,十万元,-12883.89454,12/9/2025 10:27:51,16/9/2025 09:51:30,2022
1306,8,商业电气机械和器材制造业,净利金额中位数,万元,11794.30619,12/9/2025 10:27:51,16/9/2025 09:51:30,2022
1307,9,批发和零售业,净利润总额合计,千万元,7830.730452,12/9/2025 10:27:52,16/9/2025 09:51:31,2022
1308,9,批发和零售业,净利润金额均值,十万元,2868.39943290879,12/9/2025 10:27:52,16/9/2025 09:51:31,2022
1309,9,批发和零售业,净利润金额最大值,十万元,143454.7646,12/9/2025 10:27:52,16/9/2025 09:51:31,2022
1310,9,批发和零售业,净利润金额最小值,十万元,-202063.7159,12/9/2025 10:27:52,16/9/2025 09:51:31,2022
1311,9,批发和零售业,净利润金额中位数,元,78000847,12/9/2025 10:27:52,16/9/2025 09:51:31,2022
1312,10,食品饮料业,净利润合计,万元,25972961.172317002,12/9/2025 10:27:52,16/9/2025 09:51:31,2022
1313,10,食品饮料业,净利润金额均值,百万元,1051.5368895674899,12/9/2025 10:27:52,16/9/2025 09:51:31,2022
1314,10,食品饮料业,净利润额最大值,百万元,65376.09142,12/9/2025 10:27:52,16/9/2025 09:51:31,2022
1315,10,食品饮料业,净利润金额最小值,万元,-189922.4403,12/9/2025 10:27:52,16/9/2025 09:51:31,2022
1316,10,食品饮料业,净利润额中位数,十万元,1258.654765,12/9/2025 10:27:52,16/9/2025 09:51:31,2022
1322,12,汽车制造业,净利润额合计,千万元,12517.251037083,12/9/2025 10:27:53,16/9/2025 09:51:32,2022
1323,12,汽车制造业,净利润均值,元,544228305.96013,12/9/2025 10:27:53,16/9/2025 09:51:32,2022
1324,12,汽车制造业,净利润最大值,万元,2284263.992,12/9/2025 10:27:53,16/9/2025 09:51:32,2022
1325,12,汽车制造业,净利润总额最小值,千万元,-1443.717929,12/9/2025 10:27:53,16/9/2025 09:51:32,2022
1326,12,汽车制造业,净利润总额中位数,元,98185095.73,12/9/2025 10:27:53,16/9/2025 09:51:32,2022
1327,13,电力、热力、燃气及水生产和供应业,净利润总额合计,元,222800912000.85,12/9/2025 10:27:54,16/9/2025 09:51:32,2022
1328,13,电力、热力、燃气及水生产和供应业,净利金额均值,元,1178840804.2373,12/9/2025 10:27:54,16/9/2025 09:51:32,2022
1329,13,电力、热力、燃气及水生产和供应业,净利润金额最大值,百万元,25101.92143,12/9/2025 10:27:54,16/9/2025 09:51:32,2022
1330,13,电力、热力、燃气及水生产和供应业,净利润总额最小值,元,-10972600334,12/9/2025 10:27:54,16/9/2025 09:51:32,2022
1331,13,电力、热力、燃气及水生产和供应业,净利润金额中位数,千万元,23.9969189,12/9/2025 10:27:54,16/9/2025 09:51:32,2022
1332,14,采矿业,净利润总额合计,百万元,1364676.78601594,12/9/2025 10:27:54,16/9/2025 09:51:33,2022
1333,14,采矿业,净利润金额均值,万元,954319.4307803779,12/9/2025 10:27:54,16/9/2025 09:51:33,2022
1334,14,采矿业,净利润金额最大值,十万元,1639770.757,12/9/2025 10:27:54,16/9/2025 09:51:33,2022
1335,14,采矿业,净利润额最小值,十万元,-11973.83992,12/9/2025 10:27:54,16/9/2025 09:51:33,2022
1336,14,采矿业,净利润金额中位数,百万元,537.335892,12/9/2025 10:27:54,16/9/2025 09:51:33,2022
1337,15,纺织鞋服业,净利润额合计,千万元,3497.717973,12/9/2025 10:27:55,16/9/2025 09:51:33,2022
1338,15,纺织鞋服业,净利润均值,十万元,1976.11184909379,12/9/2025 10:27:55,16/9/2025 09:51:33,2022
1339,15,纺织鞋服业,净利润总额最大值,千万元,824.5006175,12/9/2025 10:27:55,16/9/2025 09:51:33,2022
1340,15,纺织鞋服业,净利润额最小值,百万元,-2035.326089,12/9/2025 10:27:55,16/9/2025 09:51:33,2022
1341,15,纺织鞋服业,净利润金额中位数,十万元,296.866955,12/9/2025 10:27:55,16/9/2025 09:51:33,2022
1342,16,建筑业,净利润总额合计,万元,35830396.542022996,12/9/2025 10:27:55,16/9/2025 09:51:33,2022
1343,16,建筑业,净利金额均值,百万元,2420.97273932588,12/9/2025 10:27:55,16/9/2025 09:51:33,2022
1344,16,建筑业,净利润金额最大值,千万元,6921.171213,12/9/2025 10:27:55,16/9/2025 09:51:33,2022
1345,16,建筑业,净利润最小值,十万元,-55597.06237,12/9/2025 10:27:55,16/9/2025 09:51:33,2022
1346,16,建筑业,净利润中位数,千万元,5.076163339,12/9/2025 10:27:55,16/9/2025 09:51:33,2022
1347,17,交通运输、仓储和邮政业,净利润金额合计,千万元,17469.750352319,12/9/2025 10:27:56,16/9/2025 09:51:34,2022
1348,17,交通运输、仓储和邮政业,净利润额均值,千万元,99.2599451836307,12/9/2025 10:27:56,16/9/2025 09:51:34,2022
1349,17,交通运输、仓储和邮政业,净利润最大值,万元,13141719.98,12/9/2025 10:27:56,16/9/2025 09:51:34,2022
1350,17,交通运输、仓储和邮政业,净利金额最小值,元,-45175938358,12/9/2025 10:27:56,16/9/2025 09:51:34,2022
1351,17,交通运输、仓储和邮政业,净利润金额中位数,千万元,22.90053942,12/9/2025 10:27:56,16/9/2025 09:51:34,2022
1352,18,通用设备制造业,净利润额合计,万元,3836252.221,12/9/2025 10:27:56,16/9/2025 09:51:34,2022
1353,18,通用设备制造业,净利润金额均值,千万元,18.0105738095587,12/9/2025 10:27:57,16/9/2025 09:51:34,2022
1354,18,通用设备制造业,净利润金额最大值,万元,343932.3455,12/9/2025 10:27:57,16/9/2025 09:51:34,2022
1355,18,通用设备制造业,净利润额最小值,千万元,-231.3009785,12/9/2025 10:27:57,16/9/2025 09:51:34,2022
1356,18,通用设备制造业,净利润中位数,万元,7086.447184999999,12/9/2025 10:27:57,16/9/2025 09:51:34,2022
1357,19,半导体业,净利金额合计,千万元,36623.623151928005,12/9/2025 10:27:57,16/9/2025 09:51:35,2022
1358,19,半导体业,净利润总额均值,元,2129280415.80977,12/9/2025 10:27:57,16/9/2025 09:51:35,2022
1359,19,半导体业,净利润金额最大值,百万元,217238.4459,12/9/2025 10:27:58,16/9/2025 09:51:35,2022
1360,19,半导体业,净利润总额最小值,百万元,-747.6321843,12/9/2025 10:27:58,16/9/2025 09:51:35,2022
1361,19,半导体业,净利润中位数,元,153600601.3,12/9/2025 10:27:58,16/9/2025 09:51:35,2022
1362,20,租赁和商务服务业,净利润总额合计,百万元,17309.468629119998,12/9/2025 10:27:58,16/9/2025 09:51:35,2022
1363,20,租赁和商务服务业,净利润金额均值,元,155941158.820901,12/9/2025 10:27:58,16/9/2025 09:51:35,2022
1364,20,租赁和商务服务业,净利润额最大值,千万元,627.1836414,12/9/2025 10:27:58,16/9/2025 09:51:35,2022
1365,20,租赁和商务服务业,净利金额最小值,千万元,-237.0448757,12/9/2025 10:27:59,16/9/2025 09:51:35,2022
1366,20,租赁和商务服务业,净利润金额中位数,元,9128185,12/9/2025 10:27:59,16/9/2025 09:51:35,2022
1367,21,通信传输设备业,净利润金额合计,百万元,82611.62988,12/9/2025 10:27:59,16/9/2025 09:51:35,2022
1368,21,通信传输设备业,净利润金额均值,十万元,6884.3024899458305,12/9/2025 10:27:59,16/9/2025 09:51:35,2022
1369,21,通信传输设备业,净利金额最大值,千万元,3556.204796,12/9/2025 10:27:59,16/9/2025 09:51:35,2022
1370,21,通信传输设备业,净利润最小值,百万元,-1282.774557,12/9/2025 10:28:00,16/9/2025 09:51:35,2022
1371,21,通信传输设备业,净利润中位数,万元,8126.946305500001,12/9/2025 10:28:00,16/9/2025 09:51:35,2022
1372,22,非金属矿物制品业,净利金额合计,百万元,106539.54734457,12/9/2025 10:28:00,16/9/2025 09:51:36,2022
1373,22,非金属矿物制品业,净利金额均值,百万元,852.31637875656,12/9/2025 10:28:00,16/9/2025 09:51:36,2022
1374,22,非金属矿物制品业,净利润最大值,元,16357378111,12/9/2025 10:28:00,16/9/2025 09:51:36,2022
1375,22,非金属矿物制品业,净利润金额最小值,元,-4419949041,12/9/2025 10:28:00,16/9/2025 09:51:36,2022
1376,22,非金属矿物制品业,净利润金额中位数,十万元,1779.123844,12/9/2025 10:28:00,16/9/2025 09:51:36,2022
1377,23,橡胶和塑料制品业,净利润合计,百万元,21951.90368,12/9/2025 10:28:01,16/9/2025 09:51:36,2022
1378,23,橡胶和塑料制品业,净利润额均值,十万元,2051.57978304486,12/9/2025 10:28:01,16/9/2025 09:51:37,2022
1379,23,橡胶和塑料制品业,净利金额最大值,十万元,42121.37214,12/9/2025 10:28:01,16/9/2025 09:51:37,2022
1380,23,橡胶和塑料制品业,净利润总额最小值,千万元,-38.88645516,12/9/2025 10:28:01,16/9/2025 09:51:37,2022
1381,23,橡胶和塑料制品业,净利润金额中位数,万元,7075.807763,12/9/2025 10:28:01,16/9/2025 09:51:37,2022
1382,24,综合,净利润金额合计,元,123246212080.47,12/9/2025 10:28:01,16/9/2025 09:51:37,2022
1383,24,综合,净利润金额均值,元,3624888590.60206,12/9/2025 10:28:01,16/9/2025 09:51:37,2022
1384,24,综合,净利润额最大值,百万元,105574.1672,12/9/2025 10:28:01,16/9/2025 09:51:37,2022
1385,24,综合,净利润金额最小值,十万元,-4256.300747,12/9/2025 10:28:01,16/9/2025 09:51:37,2022
1386,24,综合,净利润金额中位数,十万元,460.1149473,12/9/2025 10:28:01,16/9/2025 09:51:37,2022
1387,25,其他制造业,净利润总额合计,十万元,55580.950074700006,12/9/2025 10:28:02,16/9/2025 09:51:38,2022
1388,25,其他制造业,净利润额均值,百万元,104.869717122075,12/9/2025 10:28:02,16/9/2025 09:51:38,2022
1389,25,其他制造业,净利金额最大值,元,1408731756,12/9/2025 10:28:02,16/9/2025 09:51:38,2022
1390,25,其他制造业,净利润总额最小值,千万元,-24.32629857,12/9/2025 10:28:02,16/9/2025 09:51:38,2022
1391,25,其他制造业,净利润金额中位数,千万元,4.9882768,12/9/2025 10:28:02,16/9/2025 09:51:38,2022
1392,26,金属制品业,净利润金额合计,千万元,3180.130408,12/9/2025 10:28:02,16/9/2025 09:51:38,2022
1393,26,金属制品业,净利润金额均值,千万元,27.895880772578902,12/9/2025 10:28:02,16/9/2025 09:51:38,2022
1394,26,金属制品业,净利润额最大值,千万元,460.1146663,12/9/2025 10:28:02,16/9/2025 09:51:38,2022
1395,26,金属制品业,净利润额最小值,百万元,-841.8781233,12/9/2025 10:28:02,16/9/2025 09:51:38,2022
1396,26,金属制品业,净利润金额中位数,百万元,94.97029016500001,12/9/2025 10:28:02,16/9/2025 09:51:38,2022
1397,27,铁路、船舶、航空航天和其他运输设备制造业,净利润金额合计,元,70023860393,12/9/2025 10:28:03,16/9/2025 09:51:39,2022
1398,27,铁路、船舶、航空航天和其他运输设备制造业,净利润金额均值,元,707311721.13798,12/9/2025 10:28:03,16/9/2025 09:51:39,2022
1399,27,铁路、船舶、航空航天和其他运输设备制造业,净利润金额最大值,万元,1435215.357,12/9/2025 10:28:03,16/9/2025 09:51:39,2022
1400,27,铁路、船舶、航空航天和其他运输设备制造业,净利润最小值,元,-2432715370,12/9/2025 10:28:03,16/9/2025 09:51:39,2022
1401,27,铁路、船舶、航空航天和其他运输设备制造业,净利润总额中位数,百万元,162.1544791,12/9/2025 10:28:03,16/9/2025 09:51:39,2022
1402,28,水利、环境和公共设施管理业,净利金额合计,百万元,7804.221335,12/9/2025 10:28:03,16/9/2025 09:51:39,2022
1403,28,水利、环境和公共设施管理业,净利润总额均值,万元,7504.05897563462,12/9/2025 10:28:03,16/9/2025 09:51:39,2022
1404,28,水利、环境和公共设施管理业,净利润金额最大值,千万元,473.3216367,12/9/2025 10:28:03,16/9/2025 09:51:39,2022
1405,28,水利、环境和公共设施管理业,净利润金额最小值,元,-6110904212,12/9/2025 10:28:03,16/9/2025 09:51:39,2022
1406,28,水利、环境和公共设施管理业,净利润中位数,千万元,3.9172303715000005,12/9/2025 10:28:03,16/9/2025 09:51:39,2022
1407,29,金属冶炼和压延加工业,净利金额合计,百万元,252743.11138575,12/9/2025 10:28:04,16/9/2025 09:51:40,2022
1408,29,金属冶炼和压延加工业,净利金额均值,十万元,17430.5594059138,12/9/2025 10:28:04,16/9/2025 09:51:40,2022
1409,29,金属冶炼和压延加工业,净利润额最大值,元,31108339888,12/9/2025 10:28:04,16/9/2025 09:51:40,2022
1410,29,金属冶炼和压延加工业,净利润总额最小值,元,-3534298506,12/9/2025 10:28:04,16/9/2025 09:51:40,2022
1411,29,金属冶炼和压延加工业,净利润总额中位数,十万元,2037.40017,12/9/2025 10:28:04,16/9/2025 09:51:40,2022
1412,30,科学研究和技术服务业,净利金额合计,千万元,4145.521716,12/9/2025 10:28:04,16/9/2025 09:51:40,2022
1413,30,科学研究和技术服务业,净利润金额均值,元,326419032.759528,12/9/2025 10:28:04,16/9/2025 09:51:41,2022
1414,30,科学研究和技术服务业,净利润额最大值,百万元,8902.617452,12/9/2025 10:28:04,16/9/2025 09:51:41,2022
1415,30,科学研究和技术服务业,净利润额最小值,元,-5637363547,12/9/2025 10:28:04,16/9/2025 09:51:41,2022
1416,30,科学研究和技术服务业,净利润总额中位数,万元,9380.691095999999,12/9/2025 10:28:04,16/9/2025 09:51:41,2022
1417,31,教育,净利金额合计,十万元,60372.24097479999,12/9/2025 10:28:04,16/9/2025 09:51:41,2022
1418,31,教育,净利润总额均值,千万元,10.062040162466701,12/9/2025 10:28:04,16/9/2025 09:51:41,2022
1419,31,教育,净利润额最大值,十万元,19360.01433,12/9/2025 10:28:05,16/9/2025 09:51:41,2022
1420,31,教育,净利金额最小值,千万元,-110.2069537,12/9/2025 10:28:05,16/9/2025 09:51:41,2022
1421,31,教育,净利润金额中位数,元,48638363.88,12/9/2025 10:28:05,16/9/2025 09:51:41,2022
1422,32,仪器仪表制造业,净利润金额合计,万元,959493.7697909999,12/9/2025 10:28:05,16/9/2025 09:51:42,2022
1423,32,仪器仪表制造业,净利润总额均值,千万元,10.780828874056201,12/9/2025 10:28:05,16/9/2025 09:51:42,2022
1424,32,仪器仪表制造业,净利润最大值,百万元,965.0046767,12/9/2025 10:28:05,16/9/2025 09:51:42,2022
1425,32,仪器仪表制造业,净利润额最小值,万元,-44302.71997,12/9/2025 10:28:05,16/9/2025 09:51:42,2022
1426,32,仪器仪表制造业,净利润金额中位数,千万元,7.925956556999999,12/9/2025 10:28:05,16/9/2025 09:51:42,2022
1427,33,文化、体育和娱乐业,净利润额合计,元,3700712171,12/9/2025 10:28:06,16/9/2025 09:51:42,2022
1428,33,文化、体育和娱乐业,净利润额均值,千万元,4.20535473980682,12/9/2025 10:28:06,16/9/2025 09:51:42,2022
1429,33,文化、体育和娱乐业,净利润金额最大值,百万元,2107.301295,12/9/2025 10:28:06,16/9/2025 09:51:42,2022
1430,33,文化、体育和娱乐业,净利润金额最小值,十万元,-53883.35969,12/9/2025 10:28:06,16/9/2025 09:51:42,2022
1431,33,文化、体育和娱乐业,净利润金额中位数,万元,2672.8493780000003,12/9/2025 10:28:06,16/9/2025 09:51:42,2022
1432,34,农、林、牧、渔业,净利润金额合计,元,6837826987,12/9/2025 10:28:06,16/9/2025 09:51:42,2022
1433,34,农、林、牧、渔业,净利润额均值,千万元,13.675653973260001,12/9/2025 10:28:06,16/9/2025 09:51:42,2022
1434,34,农、林、牧、渔业,净利润额最大值,十万元,149334.9403,12/9/2025 10:28:06,16/9/2025 09:51:43,2022
1435,34,农、林、牧、渔业,净利金额最小值,元,-14345880091,12/9/2025 10:28:06,16/9/2025 09:51:43,2022
1436,34,农、林、牧、渔业,净利润中位数,万元,5040.156653,12/9/2025 10:28:06,16/9/2025 09:51:43,2022
1437,35,卫生和社会工作,净利润总额合计,十万元,67453.25302,12/9/2025 10:28:06,16/9/2025 09:51:43,2022
1438,35,卫生和社会工作,净利润均值,千万元,23.259742419241398,12/9/2025 10:28:07,16/9/2025 09:51:43,2022
1439,35,卫生和社会工作,净利润金额最大值,万元,284298.5913,12/9/2025 10:28:07,16/9/2025 09:51:43,2022
1440,35,卫生和社会工作,净利润总额最小值,千万元,-119.5331643,12/9/2025 10:28:07,16/9/2025 09:51:43,2022
1441,35,卫生和社会工作,净利润中位数,万元,2056.878487,12/9/2025 10:28:07,16/9/2025 09:51:43,2022
1442,36,造纸和纸制品业,净利润金额合计,万元,1484318.5205950001,12/9/2025 10:28:07,16/9/2025 09:51:43,2022
1443,36,造纸和纸制品业,净利润金额均值,元,291042847.17549,12/9/2025 10:28:07,16/9/2025 09:51:43,2022
1444,36,造纸和纸制品业,净利润金额最大值,元,3310508987,12/9/2025 10:28:07,16/9/2025 09:51:43,2022
1445,36,造纸和纸制品业,净利润金额最小值,百万元,-2353.282778,12/9/2025 10:28:07,16/9/2025 09:51:43,2022
1446,36,造纸和纸制品业,净利润中位数,百万元,131.0809857,12/9/2025 10:28:07,16/9/2025 09:51:43,2022
1447,37,住宿和餐饮业,净利润金额合计,千万元,-1362.62814,12/9/2025 10:28:08,16/9/2025 09:51:44,2022
1448,37,住宿和餐饮业,净利润均值,十万元,-3893.223257,12/9/2025 10:28:08,16/9/2025 09:51:44,2022
1449,37,住宿和餐饮业,净利润总额最大值,万元,297059.2477,12/9/2025 10:28:08,16/9/2025 09:51:44,2022
1450,37,住宿和餐饮业,净利金额最小值,十万元,-73738.30129,12/9/2025 10:28:08,16/9/2025 09:51:44,2022
1451,37,住宿和餐饮业,净利润金额中位数,千万元,-15.2315358,12/9/2025 10:28:08,16/9/2025 09:51:44,2022
1452,38,家具制造业,净利润金额合计,万元,978671.3825,12/9/2025 10:28:08,16/9/2025 09:51:44,2022
1453,38,家具制造业,净利润总额均值,百万元,227.597995932326,12/9/2025 10:28:08,16/9/2025 09:51:44,2022
1454,38,家具制造业,净利润金额最大值,十万元,26825.19513,12/9/2025 10:28:08,16/9/2025 09:51:44,2022
1455,38,家具制造业,净利润额最小值,万元,-150881.2157,12/9/2025 10:28:08,16/9/2025 09:51:44,2022
1456,38,家具制造业,净利金额中位数,元,52638651,12/9/2025 10:28:08,16/9/2025 09:51:44,2022
1457,39,印刷和记录媒介复制业,净利润金额合计,十万元,-21897.46263,12/9/2025 10:28:08,16/9/2025 09:51:45,2022
1458,39,印刷和记录媒介复制业,净利润总额均值,百万元,-66.35594737,12/9/2025 10:28:09,16/9/2025 09:51:45,2022
1459,39,印刷和记录媒介复制业,净利润总额最大值,十万元,3041.6102533999997,12/9/2025 10:28:09,16/9/2025 09:51:45,2022
1460,39,印刷和记录媒介复制业,净利润金额最小值,千万元,-282.8395744,12/9/2025 10:28:09,16/9/2025 09:51:45,2022
1461,39,印刷和记录媒介复制业,净利润中位数,千万元,0.80800187,12/9/2025 10:28:09,16/9/2025 09:51:45,2022
1462,41,文教、工美、体育和娱乐用品制造业,净利金额合计,十万元,12725.93791,12/9/2025 10:28:09,16/9/2025 09:51:45,2022
1463,41,文教、工美、体育和娱乐用品制造业,净利润额均值,千万元,3.26306100230769,12/9/2025 10:28:09,16/9/2025 09:51:45,2022
1464,41,文教、工美、体育和娱乐用品制造业,净利润总额最大值,千万元,226.785032,12/9/2025 10:28:09,16/9/2025 09:51:45,2022
1465,41,文教、工美、体育和娱乐用品制造业,净利润额最小值,十万元,-37169.24589,12/9/2025 10:28:09,16/9/2025 09:51:45,2022
1466,41,文教、工美、体育和娱乐用品制造业,净利金额中位数,十万元,83.2422686,12/9/2025 10:28:09,16/9/2025 09:51:45,2022
1472,43,化学纤维制造业,净利润合计,十万元,176448.4868,12/9/2025 10:28:10,16/9/2025 09:51:46,2022
1473,43,化学纤维制造业,净利润金额均值,万元,51896.6137556176,12/9/2025 10:28:10,16/9/2025 09:51:46,2022
1474,43,化学纤维制造业,净利润额最大值,万元,636977.1778,12/9/2025 10:28:10,16/9/2025 09:51:46,2022
1475,43,化学纤维制造业,净利润金额最小值,千万元,-92.43941582,12/9/2025 10:28:10,16/9/2025 09:51:46,2022
1476,43,化学纤维制造业,净利润总额中位数,万元,19778.99967,12/9/2025 10:28:10,16/9/2025 09:51:46,2022
1482,45,石油加工、炼焦和核燃料加工业,净利润金额合计,千万元,123.7071873,12/9/2025 10:28:11,16/9/2025 09:51:47,2022
1483,45,石油加工、炼焦和核燃料加工业,净利润总额均值,千万元,5.89081844142857,12/9/2025 10:28:11,16/9/2025 09:51:47,2022
1484,45,石油加工、炼焦和核燃料加工业,净利润金额最大值,千万元,257.3242871,12/9/2025 10:28:11,16/9/2025 09:51:47,2022
1485,45,石油加工、炼焦和核燃料加工业,净利润金额最小值,百万元,-2868.211385,12/9/2025 10:28:11,16/9/2025 09:51:47,2022
1486,45,石油加工、炼焦和核燃料加工业,净利润金额中位数,十万元,389.5397958,12/9/2025 10:28:11,16/9/2025 09:51:47,2022
1487,46,废弃资源综合利用业,净利润额合计,千万元,2446.977675,12/9/2025 10:28:11,16/9/2025 09:51:48,2022
1488,46,废弃资源综合利用业,净利润金额均值,万元,90628.8027925185,12/9/2025 10:28:11,16/9/2025 09:51:48,2022
1489,46,废弃资源综合利用业,净利金额最大值,元,16189529836,12/9/2025 10:28:11,16/9/2025 09:51:48,2022
1490,46,废弃资源综合利用业,净利润总额最小值,千万元,-56.8691419,12/9/2025 10:28:11,16/9/2025 09:51:48,2022
1491,46,废弃资源综合利用业,净利润总额中位数,千万元,11.144995295000001,12/9/2025 10:28:11,16/9/2025 09:51:48,2022
1492,47,木材加工和木、竹、藤、棕、草制品业,净利金额合计,元,546785476.7,12/9/2025 10:28:12,16/9/2025 09:51:48,2022
1493,47,木材加工和木、竹、藤、棕、草制品业,净利润均值,千万元,4.97077706054546,12/9/2025 10:28:12,16/9/2025 09:51:49,2022
1494,47,木材加工和木、竹、藤、棕、草制品业,净利润金额最大值,十万元,4618.427511,12/9/2025 10:28:12,16/9/2025 09:51:49,2022
1495,47,木材加工和木、竹、藤、棕、草制品业,净利润额最小值,百万元,-195.9854105,12/9/2025 10:28:12,16/9/2025 09:51:49,2022
1496,47,木材加工和木、竹、藤、棕、草制品业,净利润金额中位数,百万元,-6.784913,12/9/2025 10:28:12,16/9/2025 09:51:49,2022
1497,48,居民服务、修理和其他服务业,净利润额合计,百万元,869.3531133,12/9/2025 10:28:12,16/9/2025 09:51:49,2022
1498,48,居民服务、修理和其他服务业,净利润均值,千万元,21.73382783,12/9/2025 10:28:12,16/9/2025 09:51:49,2022
1499,48,居民服务、修理和其他服务业,净利润金额最大值,千万元,81.0721398,12/9/2025 10:28:12,16/9/2025 09:51:49,2022
1500,48,居民服务、修理和其他服务业,净利润最小值,元,-32549520.66,12/9/2025 10:28:12,16/9/2025 09:51:49,2022
1501,48,居民服务、修理和其他服务业,净利润金额中位数,百万元,45.590618,12/9/2025 10:28:12,16/9/2025 09:51:49,2022
1502,0,全行业,净利润金额合计,万元,1018228235.6722901,12/9/2025 10:28:13,5/11/2025 08:56:03,2022
1503,0,全行业,净利润金额均值,百万元,1476.76321344784,12/9/2025 10:28:13,5/11/2025 08:56:03,2022
1504,0,全行业,净利润最大值,百万元,361038.0935,12/9/2025 10:28:13,5/11/2025 08:56:03,2022
1505,0,全行业,净利润额最小值,百万元,-45175.93836,12/9/2025 10:28:13,5/11/2025 08:56:03,2022
1506,0,全行业,净利润总额中位数,千万元,9.106090392,12/9/2025 10:28:13,5/11/2025 08:56:03,2022
1507,1,医药制造业,雇员总数合计,人,1363694,12/9/2025 10:28:13,16/9/2025 09:51:50,2022
1508,1,医药制造业,雇员总数均值,人,3057.60986547085,12/9/2025 10:28:13,16/9/2025 09:51:51,2022
1509,1,医药制造业,雇员总数最大值,人,67076,12/9/2025 10:28:14,16/9/2025 09:51:51,2022
1510,1,医药制造业,雇员总数最小值,人,13,12/9/2025 10:28:14,16/9/2025 09:51:51,2022
1511,1,医药制造业,雇员总数中位数,人,1397,12/9/2025 10:28:14,16/9/2025 09:51:51,2022
1512,2,化学原料和化学制品制造业,雇员总数合计,人,925809,12/9/2025 10:28:14,16/9/2025 09:51:51,2022
1513,2,化学原料和化学制品制造业,雇员总数均值,人,2550.43801652893,12/9/2025 10:28:14,16/9/2025 09:51:51,2022
1514,2,化学原料和化学制品制造业,雇员总数最大值,人,26313,12/9/2025 10:28:14,16/9/2025 09:51:51,2022
1515,2,化学原料和化学制品制造业,雇员总数最小值,人,83,12/9/2025 10:28:14,16/9/2025 09:51:51,2022
1516,2,化学原料和化学制品制造业,雇员总数中位数,人,1253,12/9/2025 10:28:14,16/9/2025 09:51:51,2022
1517,3,信息传输、软件和信息技术服务业,雇员总数合计,人,5547873,12/9/2025 10:28:15,16/9/2025 09:51:51,2022
1518,3,信息传输、软件和信息技术服务业,雇员总数均值,人,8641.54672897196,12/9/2025 10:28:15,16/9/2025 09:51:51,2022
1519,3,信息传输、软件和信息技术服务业,雇员总数最大值,人,450682,12/9/2025 10:28:15,16/9/2025 09:51:51,2022
1520,3,信息传输、软件和信息技术服务业,雇员总数最小值,人,9,12/9/2025 10:28:15,16/9/2025 09:51:51,2022
1521,3,信息传输、软件和信息技术服务业,雇员总数中位数,人,1029.5,12/9/2025 10:28:15,16/9/2025 09:51:51,2022
1522,4,房地产业,雇员总数合计,人,2628559,12/9/2025 10:28:15,16/9/2025 09:51:52,2022
1523,4,房地产业,雇员总数均值,人,8971.19112627986,12/9/2025 10:28:16,16/9/2025 09:51:52,2022
1524,4,房地产业,雇员总数最大值,人,227708,12/9/2025 10:28:16,16/9/2025 09:51:52,2022
1525,4,房地产业,雇员总数最小值,人,8,12/9/2025 10:28:16,16/9/2025 09:51:52,2022
1526,4,房地产业,雇员总数中位数,人,1222,12/9/2025 10:28:16,16/9/2025 09:51:52,2022
1527,5,专用设备制造业,雇员总数合计,人,1133740,12/9/2025 10:28:16,16/9/2025 09:51:52,2022
1528,5,专用设备制造业,雇员总数均值,人,2542.01793721973,12/9/2025 10:28:16,16/9/2025 09:51:52,2022
1529,5,专用设备制造业,雇员总数最大值,人,51067,12/9/2025 10:28:17,16/9/2025 09:51:52,2022
1530,5,专用设备制造业,雇员总数最小值,人,23,12/9/2025 10:28:17,16/9/2025 09:51:52,2022
1531,5,专用设备制造业,雇员总数中位数,人,1164.5,12/9/2025 10:28:17,16/9/2025 09:51:52,2022
1532,6,消费电子及电气业,雇员总数合计,人,3114738,12/9/2025 10:28:17,16/9/2025 09:51:52,2022
1533,6,消费电子及电气业,雇员总数均值,人,8724.75630252101,12/9/2025 10:28:18,16/9/2025 09:51:52,2022
1534,6,消费电子及电气业,雇员总数最大值,人,236996,12/9/2025 10:28:18,16/9/2025 09:51:52,2022
1535,6,消费电子及电气业,雇员总数最小值,人,19,12/9/2025 10:28:18,16/9/2025 09:51:53,2022
1536,6,消费电子及电气业,雇员总数中位数,人,1759,12/9/2025 10:28:18,16/9/2025 09:51:53,2022
1537,7,金融业,雇员总数合计,人,7584387,12/9/2025 10:28:18,16/9/2025 09:51:53,2022
1538,7,金融业,雇员总数均值,人,25622.9290540541,12/9/2025 10:28:18,16/9/2025 09:51:53,2022
1539,7,金融业,雇员总数最大值,人,452273,12/9/2025 10:28:19,16/9/2025 09:51:53,2022
1540,7,金融业,雇员总数最小值,人,2,12/9/2025 10:28:19,16/9/2025 09:51:53,2022
1541,7,金融业,雇员总数中位数,人,2939,12/9/2025 10:28:19,16/9/2025 09:51:53,2022
1542,8,商业电气机械和器材制造业,雇员总数合计,人,1425523,12/9/2025 10:28:19,16/9/2025 09:51:53,2022
1543,8,商业电气机械和器材制造业,雇员总数均值,人,4468.72413793103,12/9/2025 10:28:19,16/9/2025 09:51:53,2022
1544,8,商业电气机械和器材制造业,雇员总数最大值,人,118907,12/9/2025 10:28:20,16/9/2025 09:51:53,2022
1545,8,商业电气机械和器材制造业,雇员总数最小值,人,27,12/9/2025 10:28:20,16/9/2025 09:51:53,2022
1546,8,商业电气机械和器材制造业,雇员总数中位数,人,1577,12/9/2025 10:28:20,16/9/2025 09:51:53,2022
1547,9,批发和零售业,雇员总数合计,人,2160625,12/9/2025 10:28:20,16/9/2025 09:51:54,2022
1548,9,批发和零售业,雇员总数均值,人,7943.47426470588,12/9/2025 10:28:20,16/9/2025 09:51:54,2022
1549,9,批发和零售业,雇员总数最大值,人,400077,12/9/2025 10:28:20,16/9/2025 09:51:54,2022
1550,9,批发和零售业,雇员总数最小值,人,21,12/9/2025 10:28:21,16/9/2025 09:51:54,2022
1551,9,批发和零售业,雇员总数中位数,人,1832.5,12/9/2025 10:28:21,16/9/2025 09:51:54,2022
1552,10,食品饮料业,雇员总数合计,人,1570640,12/9/2025 10:28:21,16/9/2025 09:51:54,2022
1553,10,食品饮料业,雇员总数均值,人,6384.71544715447,12/9/2025 10:28:21,16/9/2025 09:51:54,2022
1554,10,食品饮料业,雇员总数最大值,人,104079,12/9/2025 10:28:21,16/9/2025 09:51:54,2022
1555,10,食品饮料业,雇员总数最小值,人,21,12/9/2025 10:28:21,16/9/2025 09:51:54,2022
1556,10,食品饮料业,雇员总数中位数,人,2325,12/9/2025 10:28:21,16/9/2025 09:51:54,2022
1562,12,汽车制造业,雇员总数合计,人,3254510,12/9/2025 10:28:23,16/9/2025 09:51:55,2022
1563,12,汽车制造业,雇员总数均值,人,14150.0434782609,12/9/2025 10:28:23,16/9/2025 09:51:55,2022
1564,12,汽车制造业,雇员总数最大值,人,570173,12/9/2025 10:28:23,16/9/2025 09:51:55,2022
1565,12,汽车制造业,雇员总数最小值,人,62,12/9/2025 10:28:23,16/9/2025 09:51:55,2022
1566,12,汽车制造业,雇员总数中位数,人,3012,12/9/2025 10:28:23,16/9/2025 09:51:55,2022
1567,13,电力、热力、燃气及水生产和供应业,雇员总数合计,人,1031955,12/9/2025 10:28:24,16/9/2025 09:51:56,2022
1568,13,电力、热力、燃气及水生产和供应业,雇员总数均值,人,5548.14516129032,12/9/2025 10:28:24,16/9/2025 09:51:56,2022
1569,13,电力、热力、燃气及水生产和供应业,雇员总数最大值,人,71955,12/9/2025 10:28:24,16/9/2025 09:51:56,2022
1570,13,电力、热力、燃气及水生产和供应业,雇员总数最小值,人,30,12/9/2025 10:28:24,16/9/2025 09:51:56,2022
1571,13,电力、热力、燃气及水生产和供应业,雇员总数中位数,人,2034.5,12/9/2025 10:28:24,16/9/2025 09:51:56,2022
1572,14,采矿业,雇员总数合计,人,3067260,12/9/2025 10:28:24,16/9/2025 09:51:56,2022
1573,14,采矿业,雇员总数均值,人,21449.3706293706,12/9/2025 10:28:24,16/9/2025 09:51:56,2022
1574,14,采矿业,雇员总数最大值,人,398482,12/9/2025 10:28:24,16/9/2025 09:51:56,2022
1575,14,采矿业,雇员总数最小值,人,19,12/9/2025 10:28:24,16/9/2025 09:51:56,2022
1576,14,采矿业,雇员总数中位数,人,3069,12/9/2025 10:28:24,16/9/2025 09:51:57,2022
1577,15,纺织鞋服业,雇员总数合计,人,1061271,12/9/2025 10:28:25,16/9/2025 09:51:57,2022
1578,15,纺织鞋服业,雇员总数均值,人,6099.25862068965,12/9/2025 10:28:25,16/9/2025 09:51:57,2022
1579,15,纺织鞋服业,雇员总数最大值,人,155459,12/9/2025 10:28:25,16/9/2025 09:51:57,2022
1580,15,纺织鞋服业,雇员总数最小值,人,30,12/9/2025 10:28:25,16/9/2025 09:51:57,2022
1581,15,纺织鞋服业,雇员总数中位数,人,1818.5,12/9/2025 10:28:25,16/9/2025 09:51:57,2022
1582,16,建筑业,雇员总数合计,人,2985620,12/9/2025 10:28:25,16/9/2025 09:51:57,2022
1583,16,建筑业,雇员总数均值,人,20449.4520547945,12/9/2025 10:28:25,16/9/2025 09:51:57,2022
1584,16,建筑业,雇员总数最大值,人,382437,12/9/2025 10:28:25,16/9/2025 09:51:57,2022
1585,16,建筑业,雇员总数最小值,人,10,12/9/2025 10:28:25,16/9/2025 09:51:57,2022
1586,16,建筑业,雇员总数中位数,人,1325.5,12/9/2025 10:28:25,16/9/2025 09:51:57,2022
1587,17,交通运输、仓储和邮政业,雇员总数合计,人,2128091,12/9/2025 10:28:25,16/9/2025 09:51:58,2022
1588,17,交通运输、仓储和邮政业,雇员总数均值,人,12230.408045977,12/9/2025 10:28:25,16/9/2025 09:51:58,2022
1589,17,交通运输、仓储和邮政业,雇员总数最大值,人,390002,12/9/2025 10:28:26,16/9/2025 09:51:58,2022
1590,17,交通运输、仓储和邮政业,雇员总数最小值,人,30,12/9/2025 10:28:26,16/9/2025 09:51:58,2022
1591,17,交通运输、仓储和邮政业,雇员总数中位数,人,2946.5,12/9/2025 10:28:26,16/9/2025 09:51:58,2022
1592,18,通用设备制造业,雇员总数合计,人,599211,12/9/2025 10:28:26,16/9/2025 09:51:58,2022
1593,18,通用设备制造业,雇员总数均值,人,2813.19718309859,12/9/2025 10:28:26,16/9/2025 09:51:58,2022
1594,18,通用设备制造业,雇员总数最大值,人,41798,12/9/2025 10:28:26,16/9/2025 09:51:58,2022
1595,18,通用设备制造业,雇员总数最小值,人,11,12/9/2025 10:28:26,16/9/2025 09:51:58,2022
1596,18,通用设备制造业,雇员总数中位数,人,1499,12/9/2025 10:28:26,16/9/2025 09:51:58,2022
1597,19,半导体业,雇员总数合计,人,753598,12/9/2025 10:28:26,16/9/2025 09:51:58,2022
1598,19,半导体业,雇员总数均值,人,4381.38372093023,12/9/2025 10:28:26,16/9/2025 09:51:58,2022
1599,19,半导体业,雇员总数最大值,人,97016,12/9/2025 10:28:26,16/9/2025 09:51:58,2022
1600,19,半导体业,雇员总数最小值,人,100,12/9/2025 10:28:26,16/9/2025 09:51:58,2022
1601,19,半导体业,雇员总数中位数,人,1199,12/9/2025 10:28:26,16/9/2025 09:51:58,2022
1602,20,租赁和商务服务业,雇员总数合计,人,256692,12/9/2025 10:28:27,16/9/2025 09:51:59,2022
1603,20,租赁和商务服务业,雇员总数均值,人,2333.56363636364,12/9/2025 10:28:27,16/9/2025 09:51:59,2022
1604,20,租赁和商务服务业,雇员总数最大值,人,31971,12/9/2025 10:28:27,16/9/2025 09:51:59,2022
1605,20,租赁和商务服务业,雇员总数最小值,人,11,12/9/2025 10:28:27,16/9/2025 09:51:59,2022
1606,20,租赁和商务服务业,雇员总数中位数,人,776.5,12/9/2025 10:28:27,16/9/2025 09:51:59,2022
1607,21,通信传输设备业,雇员总数合计,人,675639,12/9/2025 10:28:27,16/9/2025 09:51:59,2022
1608,21,通信传输设备业,雇员总数均值,人,5677.63865546218,12/9/2025 10:28:27,16/9/2025 09:51:59,2022
1609,21,通信传输设备业,雇员总数最大值,人,207089,12/9/2025 10:28:27,16/9/2025 09:51:59,2022
1610,21,通信传输设备业,雇员总数最小值,人,83,12/9/2025 10:28:27,16/9/2025 09:51:59,2022
1611,21,通信传输设备业,雇员总数中位数,人,1302,12/9/2025 10:28:27,16/9/2025 09:51:59,2022
1612,22,非金属矿物制品业,雇员总数合计,人,863907,12/9/2025 10:28:28,16/9/2025 09:51:59,2022
1613,22,非金属矿物制品业,雇员总数均值,人,6911.256,12/9/2025 10:28:28,16/9/2025 09:52:00,2022
1614,22,非金属矿物制品业,雇员总数最大值,人,150463,12/9/2025 10:28:28,16/9/2025 09:52:00,2022
1615,22,非金属矿物制品业,雇员总数最小值,人,29,12/9/2025 10:28:28,16/9/2025 09:52:00,2022
1616,22,非金属矿物制品业,雇员总数中位数,人,2457,12/9/2025 10:28:28,16/9/2025 09:52:00,2022
1617,23,橡胶和塑料制品业,雇员总数合计,人,218137,12/9/2025 10:28:28,16/9/2025 09:52:00,2022
1618,23,橡胶和塑料制品业,雇员总数均值,人,2038.66355140187,12/9/2025 10:28:28,16/9/2025 09:52:00,2022
1619,23,橡胶和塑料制品业,雇员总数最大值,人,21408,12/9/2025 10:28:28,16/9/2025 09:52:00,2022
1620,23,橡胶和塑料制品业,雇员总数最小值,人,102,12/9/2025 10:28:28,16/9/2025 09:52:00,2022
1621,23,橡胶和塑料制品业,雇员总数中位数,人,1198,12/9/2025 10:28:29,16/9/2025 09:52:00,2022
1622,24,综合,雇员总数合计,人,439485,12/9/2025 10:28:29,16/9/2025 09:52:00,2022
1623,24,综合,雇员总数均值,人,12926.0294117647,12/9/2025 10:28:29,16/9/2025 09:52:01,2022
1624,24,综合,雇员总数最大值,人,161490,12/9/2025 10:28:29,16/9/2025 09:52:01,2022
1625,24,综合,雇员总数最小值,人,13,12/9/2025 10:28:29,16/9/2025 09:52:01,2022
1626,24,综合,雇员总数中位数,人,563.5,12/9/2025 10:28:29,16/9/2025 09:52:01,2022
1627,25,其他制造业,雇员总数合计,人,71136,12/9/2025 10:28:30,16/9/2025 09:52:01,2022
1628,25,其他制造业,雇员总数均值,人,1342.18867924528,12/9/2025 10:28:30,16/9/2025 09:52:01,2022
1629,25,其他制造业,雇员总数最大值,人,6133,12/9/2025 10:28:30,16/9/2025 09:52:01,2022
1630,25,其他制造业,雇员总数最小值,人,47,12/9/2025 10:28:30,16/9/2025 09:52:01,2022
1631,25,其他制造业,雇员总数中位数,人,702,12/9/2025 10:28:30,16/9/2025 09:52:01,2022
1632,26,金属制品业,雇员总数合计,人,405229,12/9/2025 10:28:31,16/9/2025 09:52:01,2022
1633,26,金属制品业,雇员总数均值,人,3554.64035087719,12/9/2025 10:28:31,16/9/2025 09:52:01,2022
1634,26,金属制品业,雇员总数最大值,人,62160,12/9/2025 10:28:31,16/9/2025 09:52:01,2022
1635,26,金属制品业,雇员总数最小值,人,66,12/9/2025 10:28:31,16/9/2025 09:52:01,2022
1636,26,金属制品业,雇员总数中位数,人,1378.5,12/9/2025 10:28:31,16/9/2025 09:52:01,2022
1637,27,铁路、船舶、航空航天和其他运输设备制造业,雇员总数合计,人,807726,12/9/2025 10:28:32,16/9/2025 09:52:02,2022
1638,27,铁路、船舶、航空航天和其他运输设备制造业,雇员总数均值,人,8158.84848484848,12/9/2025 10:28:32,16/9/2025 09:52:02,2022
1639,27,铁路、船舶、航空航天和其他运输设备制造业,雇员总数最大值,人,157211,12/9/2025 10:28:32,16/9/2025 09:52:02,2022
1640,27,铁路、船舶、航空航天和其他运输设备制造业,雇员总数最小值,人,72,12/9/2025 10:28:32,16/9/2025 09:52:02,2022
1641,27,铁路、船舶、航空航天和其他运输设备制造业,雇员总数中位数,人,1611,12/9/2025 10:28:32,16/9/2025 09:52:02,2022
1642,28,水利、环境和公共设施管理业,雇员总数合计,人,486672,12/9/2025 10:28:33,16/9/2025 09:52:02,2022
1643,28,水利、环境和公共设施管理业,雇员总数均值,人,4724.97087378641,12/9/2025 10:28:33,16/9/2025 09:52:02,2022
1644,28,水利、环境和公共设施管理业,雇员总数最大值,人,77480,12/9/2025 10:28:33,16/9/2025 09:52:02,2022
1645,28,水利、环境和公共设施管理业,雇员总数最小值,人,89,12/9/2025 10:28:33,16/9/2025 09:52:02,2022
1646,28,水利、环境和公共设施管理业,雇员总数中位数,人,941,12/9/2025 10:28:33,16/9/2025 09:52:02,2022
1647,29,金属冶炼和压延加工业,雇员总数合计,人,1136156,12/9/2025 10:28:33,16/9/2025 09:52:02,2022
1648,29,金属冶炼和压延加工业,雇员总数均值,人,7835.55862068966,12/9/2025 10:28:33,16/9/2025 09:52:02,2022
1649,29,金属冶炼和压延加工业,雇员总数最大值,人,67377,12/9/2025 10:28:34,16/9/2025 09:52:02,2022
1650,29,金属冶炼和压延加工业,雇员总数最小值,人,22,12/9/2025 10:28:34,16/9/2025 09:52:02,2022
1651,29,金属冶炼和压延加工业,雇员总数中位数,人,3033,12/9/2025 10:28:34,16/9/2025 09:52:03,2022
1652,30,科学研究和技术服务业,雇员总数合计,人,394311,12/9/2025 10:28:34,16/9/2025 09:52:03,2022
1653,30,科学研究和技术服务业,雇员总数均值,人,3104.81102362205,12/9/2025 10:28:34,16/9/2025 09:52:03,2022
1654,30,科学研究和技术服务业,雇员总数最大值,人,44397,12/9/2025 10:28:34,16/9/2025 09:52:03,2022
1655,30,科学研究和技术服务业,雇员总数最小值,人,93,12/9/2025 10:28:34,16/9/2025 09:52:03,2022
1656,30,科学研究和技术服务业,雇员总数中位数,人,1380,12/9/2025 10:28:34,16/9/2025 09:52:03,2022
1657,31,教育,雇员总数合计,人,182887,12/9/2025 10:28:35,16/9/2025 09:52:03,2022
1658,31,教育,雇员总数均值,人,3048.11666666667,12/9/2025 10:28:35,16/9/2025 09:52:03,2022
1659,31,教育,雇员总数最大值,人,22660,12/9/2025 10:28:35,16/9/2025 09:52:03,2022
1660,31,教育,雇员总数最小值,人,16,12/9/2025 10:28:35,16/9/2025 09:52:03,2022
1661,31,教育,雇员总数中位数,人,1372,12/9/2025 10:28:35,16/9/2025 09:52:03,2022
1662,32,仪器仪表制造业,雇员总数合计,人,116087,12/9/2025 10:28:35,16/9/2025 09:52:04,2022
1663,32,仪器仪表制造业,雇员总数均值,人,1304.34831460674,12/9/2025 10:28:35,16/9/2025 09:52:04,2022
1664,32,仪器仪表制造业,雇员总数最大值,人,8130,12/9/2025 10:28:35,16/9/2025 09:52:04,2022
1665,32,仪器仪表制造业,雇员总数最小值,人,24,12/9/2025 10:28:35,16/9/2025 09:52:04,2022
1666,32,仪器仪表制造业,雇员总数中位数,人,801,12/9/2025 10:28:35,16/9/2025 09:52:04,2022
1667,33,文化、体育和娱乐业,雇员总数合计,人,205021,12/9/2025 10:28:36,16/9/2025 09:52:04,2022
1668,33,文化、体育和娱乐业,雇员总数均值,人,2329.78409090909,12/9/2025 10:28:36,16/9/2025 09:52:04,2022
1669,33,文化、体育和娱乐业,雇员总数最大值,人,13851,12/9/2025 10:28:36,16/9/2025 09:52:04,2022
1670,33,文化、体育和娱乐业,雇员总数最小值,人,22,12/9/2025 10:28:36,16/9/2025 09:52:04,2022
1671,33,文化、体育和娱乐业,雇员总数中位数,人,658,12/9/2025 10:28:36,16/9/2025 09:52:04,2022
1672,34,农、林、牧、渔业,雇员总数合计,人,368408,12/9/2025 10:28:36,16/9/2025 09:52:04,2022
1673,34,农、林、牧、渔业,雇员总数均值,人,7368.16,12/9/2025 10:28:36,16/9/2025 09:52:04,2022
1674,34,农、林、牧、渔业,雇员总数最大值,人,140457,12/9/2025 10:28:36,16/9/2025 09:52:04,2022
1675,34,农、林、牧、渔业,雇员总数最小值,人,29,12/9/2025 10:28:36,16/9/2025 09:52:04,2022
1676,34,农、林、牧、渔业,雇员总数中位数,人,1757,12/9/2025 10:28:36,16/9/2025 09:52:04,2022
1677,35,卫生和社会工作,雇员总数合计,人,174035,12/9/2025 10:28:36,16/9/2025 09:52:05,2022
1678,35,卫生和社会工作,雇员总数均值,人,6001.20689655172,12/9/2025 10:28:36,16/9/2025 09:52:05,2022
1679,35,卫生和社会工作,雇员总数最大值,人,36827,12/9/2025 10:28:37,16/9/2025 09:52:05,2022
1680,35,卫生和社会工作,雇员总数最小值,人,112,12/9/2025 10:28:37,16/9/2025 09:52:05,2022
1681,35,卫生和社会工作,雇员总数中位数,人,2636,12/9/2025 10:28:37,16/9/2025 09:52:05,2022
1682,36,造纸和纸制品业,雇员总数合计,人,229429,12/9/2025 10:28:37,16/9/2025 09:52:05,2022
1683,36,造纸和纸制品业,雇员总数均值,人,4498.60784313726,12/9/2025 10:28:37,16/9/2025 09:52:05,2022
1684,36,造纸和纸制品业,雇员总数最大值,人,23097,12/9/2025 10:28:37,16/9/2025 09:52:05,2022
1685,36,造纸和纸制品业,雇员总数最小值,人,119,12/9/2025 10:28:37,16/9/2025 09:52:05,2022
1686,36,造纸和纸制品业,雇员总数中位数,人,1742,12/9/2025 10:28:37,16/9/2025 09:52:05,2022
1687,37,住宿和餐饮业,雇员总数合计,人,701184,12/9/2025 10:28:37,16/9/2025 09:52:05,2022
1688,37,住宿和餐饮业,雇员总数均值,人,21912,12/9/2025 10:28:37,16/9/2025 09:52:06,2022
1689,37,住宿和餐饮业,雇员总数最大值,人,400069,12/9/2025 10:28:37,16/9/2025 09:52:06,2022
1690,37,住宿和餐饮业,雇员总数最小值,人,7,12/9/2025 10:28:37,16/9/2025 09:52:06,2022
1691,37,住宿和餐饮业,雇员总数中位数,人,2993.5,12/9/2025 10:28:38,16/9/2025 09:52:06,2022
1692,38,家具制造业,雇员总数合计,人,213012,12/9/2025 10:28:38,16/9/2025 09:52:06,2022
1693,38,家具制造业,雇员总数均值,人,4953.76744186046,12/9/2025 10:28:38,16/9/2025 09:52:06,2022
1694,38,家具制造业,雇员总数最大值,人,25851,12/9/2025 10:28:38,16/9/2025 09:52:06,2022
1695,38,家具制造业,雇员总数最小值,人,28,12/9/2025 10:28:38,16/9/2025 09:52:06,2022
1696,38,家具制造业,雇员总数中位数,人,2733,12/9/2025 10:28:38,16/9/2025 09:52:06,2022
1697,39,印刷和记录媒介复制业,雇员总数合计,人,44244,12/9/2025 10:28:38,16/9/2025 09:52:06,2022
1698,39,印刷和记录媒介复制业,雇员总数均值,人,1382.625,12/9/2025 10:28:38,16/9/2025 09:52:06,2022
1699,39,印刷和记录媒介复制业,雇员总数最大值,人,5743,12/9/2025 10:28:38,16/9/2025 09:52:06,2022
1700,39,印刷和记录媒介复制业,雇员总数最小值,人,139,12/9/2025 10:28:38,16/9/2025 09:52:06,2022
1701,39,印刷和记录媒介复制业,雇员总数中位数,人,964,12/9/2025 10:28:39,16/9/2025 09:52:06,2022
1702,41,文教、工美、体育和娱乐用品制造业,雇员总数合计,人,63293,12/9/2025 10:28:39,16/9/2025 09:52:07,2022
1703,41,文教、工美、体育和娱乐用品制造业,雇员总数均值,人,1622.89743589744,12/9/2025 10:28:39,16/9/2025 09:52:07,2022
1704,41,文教、工美、体育和娱乐用品制造业,雇员总数最大值,人,7350,12/9/2025 10:28:39,16/9/2025 09:52:07,2022
1705,41,文教、工美、体育和娱乐用品制造业,雇员总数最小值,人,63,12/9/2025 10:28:39,16/9/2025 09:52:07,2022
1706,41,文教、工美、体育和娱乐用品制造业,雇员总数中位数,人,1077,12/9/2025 10:28:39,16/9/2025 09:52:07,2022
1712,43,化学纤维制造业,雇员总数合计,人,210408,12/9/2025 10:28:40,16/9/2025 09:52:08,2022
1713,43,化学纤维制造业,雇员总数均值,人,6188.47058823529,12/9/2025 10:28:40,16/9/2025 09:52:08,2022
1714,43,化学纤维制造业,雇员总数最大值,人,38518,12/9/2025 10:28:40,16/9/2025 09:52:08,2022
1715,43,化学纤维制造业,雇员总数最小值,人,302,12/9/2025 10:28:40,16/9/2025 09:52:08,2022
1716,43,化学纤维制造业,雇员总数中位数,人,2223.5,12/9/2025 10:28:40,16/9/2025 09:52:08,2022
1722,45,石油加工、炼焦和核燃料加工业,雇员总数合计,人,72163,12/9/2025 10:28:41,16/9/2025 09:52:09,2022
1723,45,石油加工、炼焦和核燃料加工业,雇员总数均值,人,3436.33333333333,12/9/2025 10:28:41,16/9/2025 09:52:09,2022
1724,45,石油加工、炼焦和核燃料加工业,雇员总数最大值,人,14712,12/9/2025 10:28:41,16/9/2025 09:52:09,2022
1725,45,石油加工、炼焦和核燃料加工业,雇员总数最小值,人,59,12/9/2025 10:28:41,16/9/2025 09:52:09,2022
1726,45,石油加工、炼焦和核燃料加工业,雇员总数中位数,人,1893,12/9/2025 10:28:41,16/9/2025 09:52:09,2022
1727,46,废弃资源综合利用业,雇员总数合计,人,66509,12/9/2025 10:28:41,16/9/2025 09:52:09,2022
1728,46,废弃资源综合利用业,雇员总数均值,人,2463.2962962963,12/9/2025 10:28:41,16/9/2025 09:52:09,2022
1729,46,废弃资源综合利用业,雇员总数最大值,人,10325,12/9/2025 10:28:41,16/9/2025 09:52:09,2022
1730,46,废弃资源综合利用业,雇员总数最小值,人,14,12/9/2025 10:28:41,16/9/2025 09:52:09,2022
1731,46,废弃资源综合利用业,雇员总数中位数,人,1555,12/9/2025 10:28:41,16/9/2025 09:52:09,2022
1732,47,木材加工和木、竹、藤、棕、草制品业,雇员总数合计,人,19090,12/9/2025 10:28:42,16/9/2025 09:52:10,2022
1733,47,木材加工和木、竹、藤、棕、草制品业,雇员总数均值,人,1735.45454545455,12/9/2025 10:28:42,16/9/2025 09:52:10,2022
1734,47,木材加工和木、竹、藤、棕、草制品业,雇员总数最大值,人,6541,12/9/2025 10:28:42,16/9/2025 09:52:10,2022
1735,47,木材加工和木、竹、藤、棕、草制品业,雇员总数最小值,人,32,12/9/2025 10:28:42,16/9/2025 09:52:10,2022
1736,47,木材加工和木、竹、藤、棕、草制品业,雇员总数中位数,人,1207,12/9/2025 10:28:42,16/9/2025 09:52:10,2022
1737,48,居民服务、修理和其他服务业,雇员总数合计,人,3547,12/9/2025 10:28:42,16/9/2025 09:52:10,2022
1738,48,居民服务、修理和其他服务业,雇员总数均值,人,886.75,12/9/2025 10:28:42,16/9/2025 09:52:10,2022
1739,48,居民服务、修理和其他服务业,雇员总数最大值,人,2409,12/9/2025 10:28:42,16/9/2025 09:52:10,2022
1740,48,居民服务、修理和其他服务业,雇员总数最小值,人,211,12/9/2025 10:28:42,16/9/2025 09:52:10,2022
1741,48,居民服务、修理和其他服务业,雇员总数中位数,人,463.5,12/9/2025 10:28:42,16/9/2025 09:52:10,2022
1742,0,全行业,雇员总数合计,人,50761511,12/9/2025 10:28:42,5/11/2025 08:56:03,2022
1743,0,全行业,雇员总数均值,人,7395.32502913753,12/9/2025 10:28:43,5/11/2025 08:56:03,2022
1744,0,全行业,雇员总数最大值,人,570173,12/9/2025 10:28:43,5/11/2025 08:56:03,2022
1745,0,全行业,雇员总数最小值,人,2,12/9/2025 10:28:43,5/11/2025 08:56:03,2022
1746,0,全行业,雇员总数中位数,人,1506,12/9/2025 10:28:43,5/11/2025 08:56:03,2022
1747,1,医药制造业,营收额合计,十万元,18466018.089316297,12/9/2025 10:28:43,16/9/2025 09:52:11,2022
1748,1,医药制造业,营业收入金额均值,元,4235325249.84319,12/9/2025 10:28:43,16/9/2025 09:52:11,2022
1749,1,医药制造业,营收金额最大值,十万元,2181829.689,12/9/2025 10:28:43,16/9/2025 09:52:11,2022
1750,1,医药制造业,营业收入最小值,万元,2.601638,12/9/2025 10:28:43,16/9/2025 09:52:11,2022
1751,1,医药制造业,营业收入总额中位数,十万元,14091.22601,12/9/2025 10:28:43,16/9/2025 09:52:11,2022
1752,2,化学原料和化学制品制造业,营收额合计,百万元,2170051.6600990603,12/9/2025 10:28:43,16/9/2025 09:52:12,2022
1753,2,化学原料和化学制品制造业,营业收入均值,万元,596168.038488753,12/9/2025 10:28:43,16/9/2025 09:52:12,2022
1754,2,化学原料和化学制品制造业,营业收入金额最大值,万元,16556546.271166,12/9/2025 10:28:43,16/9/2025 09:52:12,2022
1755,2,化学原料和化学制品制造业,营业收入总额最小值,十万元,621.98683,12/9/2025 10:28:43,16/9/2025 09:52:12,2022
1756,2,化学原料和化学制品制造业,营业收入中位数,十万元,24672.07617,12/9/2025 10:28:44,16/9/2025 09:52:12,2022
1757,3,信息传输、软件和信息技术服务业,营业收入总额合计,千万元,1093510.11994583,12/9/2025 10:28:44,16/9/2025 09:52:12,2022
1758,3,信息传输、软件和信息技术服务业,营业收入金额均值,百万元,16979.970806612302,12/9/2025 10:28:44,16/9/2025 09:52:12,2022
1759,3,信息传输、软件和信息技术服务业,营收金额最大值,元,1046236593774,12/9/2025 10:28:44,16/9/2025 09:52:12,2022
1760,3,信息传输、软件和信息技术服务业,营业收入金额最小值,百万元,1.1052347,12/9/2025 10:28:44,16/9/2025 09:52:12,2022
1761,3,信息传输、软件和信息技术服务业,营业收入金额中位数,万元,105759.06139199999,12/9/2025 10:28:44,16/9/2025 09:52:12,2022
1762,4,房地产业,营业收入总额合计,万元,616264868.413783,12/9/2025 10:28:44,16/9/2025 09:52:13,2022
1763,4,房地产业,营业收入金额均值,万元,2089033.4522501098,12/9/2025 10:28:44,16/9/2025 09:52:13,2022
1764,4,房地产业,营业收入总额最大值,万元,50383839.057374,12/9/2025 10:28:44,16/9/2025 09:52:13,2022
1765,4,房地产业,营收金额最小值,千万元,0.302803991,12/9/2025 10:28:44,16/9/2025 09:52:13,2022
1766,4,房地产业,营业收入金额中位数,千万元,314.7341727,12/9/2025 10:28:44,16/9/2025 09:52:13,2022
1767,5,专用设备制造业,营收金额合计,百万元,1506565.85524658,12/9/2025 10:28:45,16/9/2025 09:52:13,2022
1768,5,专用设备制造业,营收额均值,元,3377950348.0865,12/9/2025 10:28:45,16/9/2025 09:52:13,2022
1769,5,专用设备制造业,营收额最大值,千万元,9381.716065,12/9/2025 10:28:45,16/9/2025 09:52:13,2022
1770,5,专用设备制造业,营业收入最小值,万元,2160.3387,12/9/2025 10:28:45,16/9/2025 09:52:13,2022
1771,5,专用设备制造业,营业收入中位数,十万元,11668.43091,12/9/2025 10:28:45,16/9/2025 09:52:14,2022
1772,6,消费电子及电气业,营业收入金额合计,百万元,5240651.889524871,12/9/2025 10:28:46,16/9/2025 09:52:14,2022
1773,6,消费电子及电气业,营收金额均值,万元,1463869.24288404,12/9/2025 10:28:46,16/9/2025 09:52:14,2022
1774,6,消费电子及电气业,营业收入金额最大值,千万元,51184.95022,12/9/2025 10:28:46,16/9/2025 09:52:14,2022
1775,6,消费电子及电气业,营业收入金额最小值,百万元,25.9220526,12/9/2025 10:28:46,16/9/2025 09:52:14,2022
1776,6,消费电子及电气业,营收金额中位数,千万元,165.3988429,12/9/2025 10:28:46,16/9/2025 09:52:14,2022
1777,7,金融业,营业收入金额合计,十万元,205088247.2,12/9/2025 10:28:47,16/9/2025 09:52:14,2022
1778,7,金融业,营业收入金额均值,万元,7023570.10811987,12/9/2025 10:28:47,16/9/2025 09:52:14,2022
1779,7,金融业,营业收入总额最大值,千万元,122135.13,12/9/2025 10:28:47,16/9/2025 09:52:14,2022
1780,7,金融业,营业收入总额最小值,万元,-102729.0111,12/9/2025 10:28:47,16/9/2025 09:52:14,2022
1781,7,金融业,营收额中位数,十万元,49524.053038699996,12/9/2025 10:28:47,16/9/2025 09:52:14,2022
1782,8,商业电气机械和器材制造业,营业收入金额合计,万元,306846442.976224,12/9/2025 10:28:47,16/9/2025 09:52:15,2022
1783,8,商业电气机械和器材制造业,营业收入均值,十万元,95889.51343,12/9/2025 10:28:47,16/9/2025 09:52:15,2022
1784,8,商业电气机械和器材制造业,营业收入金额最大值,万元,32859392.94,12/9/2025 10:28:47,16/9/2025 09:52:15,2022
1785,8,商业电气机械和器材制造业,营收额最小值,千万元,2.74415225,12/9/2025 10:28:47,16/9/2025 09:52:15,2022
1786,8,商业电气机械和器材制造业,营业收入中位数,百万元,2210.5800120999997,12/9/2025 10:28:47,16/9/2025 09:52:15,2022
1787,9,批发和零售业,营业收入金额合计,千万元,712088.5414668099,12/9/2025 10:28:48,16/9/2025 09:52:15,2022
1788,9,批发和零售业,营收金额均值,千万元,2608.38293577586,12/9/2025 10:28:48,16/9/2025 09:52:15,2022
1789,9,批发和零售业,营收金额最大值,百万元,832812.03827532,12/9/2025 10:28:48,16/9/2025 09:52:15,2022
1790,9,批发和零售业,营业收入金额最小值,百万元,5.1423327,12/9/2025 10:28:48,16/9/2025 09:52:15,2022
1791,9,批发和零售业,营业收入金额中位数,十万元,39705.353579200004,12/9/2025 10:28:48,16/9/2025 09:52:15,2022
1792,10,食品饮料业,营业收入金额合计,元,2631504982328.34,12/9/2025 10:28:49,16/9/2025 09:52:16,2022
1793,10,食品饮料业,营业收入金额均值,元,10653866325.216,12/9/2025 10:28:49,16/9/2025 09:52:16,2022
1794,10,食品饮料业,营收额最大值,十万元,2574854.024,12/9/2025 10:28:49,16/9/2025 09:52:16,2022
1795,10,食品饮料业,营业收入总额最小值,百万元,30.172188,12/9/2025 10:28:49,16/9/2025 09:52:16,2022
1796,10,食品饮料业,营收额中位数,十万元,26120.744213899998,12/9/2025 10:28:49,16/9/2025 09:52:16,2022
1802,12,汽车制造业,营业收入金额合计,十万元,46144499.5411947,12/9/2025 10:28:51,16/9/2025 09:52:17,2022
1803,12,汽车制造业,营收额均值,万元,2006282.5887476,12/9/2025 10:28:51,16/9/2025 09:52:17,2022
1804,12,汽车制造业,营业收入总额最大值,万元,72098759.389101,12/9/2025 10:28:51,16/9/2025 09:52:17,2022
1805,12,汽车制造业,营业收入金额最小值,万元,2040.6413,12/9/2025 10:28:51,16/9/2025 09:52:17,2022
1806,12,汽车制造业,营业收入金额中位数,万元,291210.9176,12/9/2025 10:28:51,16/9/2025 09:52:17,2022
1807,13,电力、热力、燃气及水生产和供应业,营业收入金额合计,十万元,37043702.3229807,12/9/2025 10:28:52,16/9/2025 09:52:17,2022
1808,13,电力、热力、燃气及水生产和供应业,营业收入总额均值,元,19599842498.9316,12/9/2025 10:28:52,16/9/2025 09:52:17,2022
1809,13,电力、热力、燃气及水生产和供应业,营业收入金额最大值,千万元,24672.47414,12/9/2025 10:28:52,16/9/2025 09:52:17,2022
1810,13,电力、热力、燃气及水生产和供应业,营业收入最小值,万元,3295.6737,12/9/2025 10:28:52,16/9/2025 09:52:17,2022
1811,13,电力、热力、燃气及水生产和供应业,营业收入金额中位数,万元,452216.1646,12/9/2025 10:28:52,16/9/2025 09:52:17,2022
1812,14,采矿业,营业收入金额合计,元,18206861699735.1,12/9/2025 10:28:53,16/9/2025 09:52:18,2022
1813,14,采矿业,营收额均值,千万元,12732.0711186959,12/9/2025 10:28:53,16/9/2025 09:52:18,2022
1814,14,采矿业,营业收入金额最大值,元,3318168582439,12/9/2025 10:28:53,16/9/2025 09:52:18,2022
1815,14,采矿业,营收额最小值,千万元,0.0137351,12/9/2025 10:28:53,16/9/2025 09:52:18,2022
1816,14,采矿业,营业收入总额中位数,元,6266785975,12/9/2025 10:28:53,16/9/2025 09:52:18,2022
1817,15,纺织鞋服业,营业收入金额合计,万元,59497824.759197,12/9/2025 10:28:53,16/9/2025 09:52:18,2022
1818,15,纺织鞋服业,营业收入金额均值,元,3361459025.94333,12/9/2025 10:28:53,16/9/2025 09:52:18,2022
1819,15,纺织鞋服业,营业收入金额最大值,百万元,53651.019,12/9/2025 10:28:54,16/9/2025 09:52:18,2022
1820,15,纺织鞋服业,营业收入总额最小值,百万元,53.39173949,12/9/2025 10:28:54,16/9/2025 09:52:18,2022
1821,15,纺织鞋服业,营收金额中位数,元,1365165240,12/9/2025 10:28:54,16/9/2025 09:52:18,2022
1822,16,建筑业,营业收入金额合计,千万元,1268342.5500139,12/9/2025 10:28:54,16/9/2025 09:52:19,2022
1823,16,建筑业,营业收入总额均值,元,85698820946.885,12/9/2025 10:28:54,16/9/2025 09:52:19,2022
1824,16,建筑业,营业收入金额最大值,万元,205505223.4,12/9/2025 10:28:55,16/9/2025 09:52:19,2022
1825,16,建筑业,营业收入最小值,元,25258539.5,12/9/2025 10:28:55,16/9/2025 09:52:19,2022
1826,16,建筑业,营业收入总额中位数,十万元,26898.229721350002,12/9/2025 10:28:55,16/9/2025 09:52:19,2022
1827,17,交通运输、仓储和邮政业,营业收入总额合计,万元,337284350.899596,12/9/2025 10:28:55,16/9/2025 09:52:20,2022
1828,17,交通运输、仓储和邮政业,营业收入金额均值,百万元,19163.8835738407,12/9/2025 10:28:55,16/9/2025 09:52:20,2022
1829,17,交通运输、仓储和邮政业,营业收入总额最大值,千万元,39105.848803611996,12/9/2025 10:28:55,16/9/2025 09:52:20,2022
1830,17,交通运输、仓储和邮政业,营业收入金额最小值,十万元,63.935712099999996,12/9/2025 10:28:55,16/9/2025 09:52:20,2022
1831,17,交通运输、仓储和邮政业,营业收入金额中位数,万元,568788.3078600001,12/9/2025 10:28:55,16/9/2025 09:52:20,2022
1832,18,通用设备制造业,营业收入合计,百万元,1005551.6109703,12/9/2025 10:28:56,16/9/2025 09:52:20,2022
1833,18,通用设备制造业,营业收入金额均值,千万元,472.08995820201903,12/9/2025 10:28:56,16/9/2025 09:52:20,2022
1834,18,通用设备制造业,营业收入金额最大值,万元,11762313.97,12/9/2025 10:28:56,16/9/2025 09:52:20,2022
1835,18,通用设备制造业,营业收入总额最小值,元,32213226,12/9/2025 10:28:56,16/9/2025 09:52:20,2022
1836,18,通用设备制造业,营业收入中位数,千万元,145.3898556,12/9/2025 10:28:56,16/9/2025 09:52:20,2022
1837,19,半导体业,营业收入总额合计,万元,149437720.16734198,12/9/2025 10:28:57,16/9/2025 09:52:21,2022
1838,19,半导体业,营业收入金额均值,元,8688239544.61291,12/9/2025 10:28:57,16/9/2025 09:52:21,2022
1839,19,半导体业,营收金额最大值,十万元,4951240.035,12/9/2025 10:28:57,16/9/2025 09:52:21,2022
1840,19,半导体业,营收金额最小值,万元,4738.81498,12/9/2025 10:28:57,16/9/2025 09:52:21,2022
1841,19,半导体业,营业收入金额中位数,百万元,1809.167513,12/9/2025 10:28:57,16/9/2025 09:52:21,2022
1842,20,租赁和商务服务业,营业收入金额合计,十万元,10836568.932342099,12/9/2025 10:28:57,16/9/2025 09:52:21,2022
1843,20,租赁和商务服务业,营收金额均值,万元,976267.471382171,12/9/2025 10:28:57,16/9/2025 09:52:21,2022
1844,20,租赁和商务服务业,营业收入金额最大值,十万元,5381480.9078054,12/9/2025 10:28:57,16/9/2025 09:52:21,2022
1845,20,租赁和商务服务业,营业收入总额最小值,元,4976623,12/9/2025 10:28:57,16/9/2025 09:52:21,2022
1846,20,租赁和商务服务业,营业收入金额中位数,千万元,112.0424723,12/9/2025 10:28:57,16/9/2025 09:52:22,2022
1847,21,通信传输设备业,营收金额合计,百万元,1437982.6040408101,12/9/2025 10:28:57,16/9/2025 09:52:22,2022
1848,21,通信传输设备业,营业收入金额均值,万元,1198318.83670068,12/9/2025 10:28:57,16/9/2025 09:52:22,2022
1849,21,通信传输设备业,营业收入金额最大值,十万元,6423380.9,12/9/2025 10:28:58,16/9/2025 09:52:22,2022
1850,21,通信传输设备业,营收金额最小值,百万元,15.535954,12/9/2025 10:28:58,16/9/2025 09:52:22,2022
1851,21,通信传输设备业,营业收入总额中位数,万元,135995.1098,12/9/2025 10:28:58,16/9/2025 09:52:22,2022
1852,22,非金属矿物制品业,营业收入总额合计,万元,141732637.00333998,12/9/2025 10:28:58,16/9/2025 09:52:23,2022
1853,22,非金属矿物制品业,营业收入总额均值,元,11338610960.2672,12/9/2025 10:28:58,16/9/2025 09:52:23,2022
1854,22,非金属矿物制品业,营业收入金额最大值,十万元,2301677.649,12/9/2025 10:28:58,16/9/2025 09:52:23,2022
1855,22,非金属矿物制品业,营收额最小值,百万元,11.749396,12/9/2025 10:28:58,16/9/2025 09:52:23,2022
1856,22,非金属矿物制品业,营业收入金额中位数,十万元,26875.49888,12/9/2025 10:28:58,16/9/2025 09:52:23,2022
1857,23,橡胶和塑料制品业,营业收入总额合计,千万元,31357.140567869,12/9/2025 10:28:59,16/9/2025 09:52:23,2022
1858,23,橡胶和塑料制品业,营业收入均值,十万元,29305.7388484757,12/9/2025 10:28:59,16/9/2025 09:52:23,2022
1859,23,橡胶和塑料制品业,营业收入最大值,十万元,404123.7751,12/9/2025 10:28:59,16/9/2025 09:52:23,2022
1860,23,橡胶和塑料制品业,营业收入最小值,千万元,12.95298815,12/9/2025 10:28:59,16/9/2025 09:52:23,2022
1861,23,橡胶和塑料制品业,营业收入金额中位数,元,1618318973,12/9/2025 10:28:59,16/9/2025 09:52:23,2022
1862,24,综合,营业收入金额合计,元,1008515172679.21,12/9/2025 10:28:59,16/9/2025 09:52:23,2022
1863,24,综合,营收额均值,万元,2966221.09611532,12/9/2025 10:28:59,16/9/2025 09:52:23,2022
1864,24,综合,营业收入总额最大值,百万元,661824.863,12/9/2025 10:28:59,16/9/2025 09:52:23,2022
1865,24,综合,营业收入总额最小值,百万元,38.374337,12/9/2025 10:28:59,16/9/2025 09:52:23,2022
1866,24,综合,营业收入金额中位数,万元,65731.81453,12/9/2025 10:28:59,16/9/2025 09:52:23,2022
1867,25,其他制造业,营业收入总额合计,十万元,729023.2880378999,12/9/2025 10:29:00,16/9/2025 09:52:24,2022
1868,25,其他制造业,营业收入均值,元,1375515637.80736,12/9/2025 10:29:00,16/9/2025 09:52:24,2022
1869,25,其他制造业,营业收入金额最大值,元,7144241106,12/9/2025 10:29:00,16/9/2025 09:52:24,2022
1870,25,其他制造业,营收额最小值,十万元,190.70857,12/9/2025 10:29:00,16/9/2025 09:52:24,2022
1871,25,其他制造业,营收金额中位数,万元,69483.51907,12/9/2025 10:29:00,16/9/2025 09:52:24,2022
1872,26,金属制品业,营业收入总额合计,万元,74334476.543679,12/9/2025 10:29:00,16/9/2025 09:52:24,2022
1873,26,金属制品业,营收金额均值,十万元,65205.6811786658,12/9/2025 10:29:00,16/9/2025 09:52:24,2022
1874,26,金属制品业,营业收入金额最大值,十万元,1415366.655,12/9/2025 10:29:00,16/9/2025 09:52:24,2022
1875,26,金属制品业,营业收入金额最小值,千万元,6.4279128,12/9/2025 10:29:00,16/9/2025 09:52:24,2022
1876,26,金属制品业,营业收入中位数,万元,193969.2789,12/9/2025 10:29:00,16/9/2025 09:52:24,2022
1877,27,铁路、船舶、航空航天和其他运输设备制造业,营收额合计,千万元,125420.56219529,12/9/2025 10:29:01,16/9/2025 09:52:24,2022
1878,27,铁路、船舶、航空航天和其他运输设备制造业,营业收入总额均值,千万元,1266.8743656089898,12/9/2025 10:29:01,16/9/2025 09:52:25,2022
1879,27,铁路、船舶、航空航天和其他运输设备制造业,营收额最大值,十万元,2229386.55,12/9/2025 10:29:01,16/9/2025 09:52:25,2022
1880,27,铁路、船舶、航空航天和其他运输设备制造业,营收额最小值,十万元,443.17137,12/9/2025 10:29:01,16/9/2025 09:52:25,2022
1881,27,铁路、船舶、航空航天和其他运输设备制造业,营业收入金额中位数,万元,177295.67373399998,12/9/2025 10:29:01,16/9/2025 09:52:25,2022
1882,28,水利、环境和公共设施管理业,营业收入合计,万元,23942009.087919,12/9/2025 10:29:01,16/9/2025 09:52:25,2022
1883,28,水利、环境和公共设施管理业,营业收入金额均值,千万元,230.211625845375,12/9/2025 10:29:02,16/9/2025 09:52:25,2022
1884,28,水利、环境和公共设施管理业,营收额最大值,万元,3203099.782,12/9/2025 10:29:02,16/9/2025 09:52:25,2022
1885,28,水利、环境和公共设施管理业,营业收入金额最小值,千万元,5.3482492200000005,12/9/2025 10:29:02,16/9/2025 09:52:25,2022
1886,28,水利、环境和公共设施管理业,营业收入金额中位数,十万元,8276.874273,12/9/2025 10:29:02,16/9/2025 09:52:25,2022
1887,29,金属冶炼和压延加工业,营业收入总额合计,元,5945198404661.59,12/9/2025 10:29:02,16/9/2025 09:52:25,2022
1888,29,金属冶炼和压延加工业,营业收入金额均值,十万元,410013.68308011,12/9/2025 10:29:02,16/9/2025 09:52:25,2022
1889,29,金属冶炼和压延加工业,营业收入金额最大值,百万元,479938.0194,12/9/2025 10:29:02,16/9/2025 09:52:25,2022
1890,29,金属冶炼和压延加工业,营收金额最小值,百万元,229.3277416,12/9/2025 10:29:02,16/9/2025 09:52:25,2022
1891,29,金属冶炼和压延加工业,营收额中位数,元,13079986722,12/9/2025 10:29:02,16/9/2025 09:52:25,2022
1892,30,科学研究和技术服务业,营业收入金额合计,万元,31973986.634136,12/9/2025 10:29:03,16/9/2025 09:52:26,2022
1893,30,科学研究和技术服务业,营业收入金额均值,百万元,2517.63674284535,12/9/2025 10:29:03,16/9/2025 09:52:26,2022
1894,30,科学研究和技术服务业,营业收入最大值,万元,3935475.446,12/9/2025 10:29:03,16/9/2025 09:52:26,2022
1895,30,科学研究和技术服务业,营收额最小值,十万元,928.14817,12/9/2025 10:29:03,16/9/2025 09:52:26,2022
1896,30,科学研究和技术服务业,营业收入金额中位数,元,845084514.9,12/9/2025 10:29:04,16/9/2025 09:52:26,2022
1897,31,教育,营业收入总额合计,万元,6912679.58,12/9/2025 10:29:04,16/9/2025 09:52:27,2022
1898,31,教育,营业收入均值,百万元,1152.11326330017,12/9/2025 10:29:04,16/9/2025 09:52:27,2022
1899,31,教育,营业收入金额最大值,百万元,6853.682145,12/9/2025 10:29:04,16/9/2025 09:52:27,2022
1900,31,教育,营收金额最小值,千万元,1.33905325,12/9/2025 10:29:05,16/9/2025 09:52:27,2022
1901,31,教育,营业收入总额中位数,百万元,615.345118,12/9/2025 10:29:05,16/9/2025 09:52:27,2022
1902,32,仪器仪表制造业,营业收入金额合计,十万元,959884.6788,12/9/2025 10:29:05,16/9/2025 09:52:27,2022
1903,32,仪器仪表制造业,营业收入金额均值,万元,107852.21109818,12/9/2025 10:29:05,16/9/2025 09:52:27,2022
1904,32,仪器仪表制造业,营业收入总额最大值,千万元,909.8209642,12/9/2025 10:29:05,16/9/2025 09:52:27,2022
1905,32,仪器仪表制造业,营业收入金额最小值,百万元,97.85919018000001,12/9/2025 10:29:05,16/9/2025 09:52:27,2022
1906,32,仪器仪表制造业,营收额中位数,元,622471622.9,12/9/2025 10:29:06,16/9/2025 09:52:27,2022
1907,33,文化、体育和娱乐业,营业收入金额合计,元,242825346428.77,12/9/2025 10:29:06,16/9/2025 09:52:28,2022
1908,33,文化、体育和娱乐业,营收额均值,千万元,275.93789366905696,12/9/2025 10:29:06,16/9/2025 09:52:28,2022
1909,33,文化、体育和娱乐业,营业收入总额最大值,千万元,1370.430298,12/9/2025 10:29:06,16/9/2025 09:52:28,2022
1910,33,文化、体育和娱乐业,营收金额最小值,十万元,33.2956573,12/9/2025 10:29:06,16/9/2025 09:52:28,2022
1911,33,文化、体育和娱乐业,营业收入金额中位数,元,944499386,12/9/2025 10:29:06,16/9/2025 09:52:28,2022
1912,34,农、林、牧、渔业,营收额合计,十万元,3603648.9821401,12/9/2025 10:29:07,16/9/2025 09:52:28,2022
1913,34,农、林、牧、渔业,营收额均值,百万元,7207.2979642802,12/9/2025 10:29:07,16/9/2025 09:52:28,2022
1914,34,农、林、牧、渔业,营业收入金额最大值,千万元,12482.622531969999,12/9/2025 10:29:07,16/9/2025 09:52:28,2022
1915,34,农、林、牧、渔业,营收金额最小值,百万元,10.73553424,12/9/2025 10:29:07,16/9/2025 09:52:28,2022
1916,34,农、林、牧、渔业,营业收入金额中位数,十万元,19904.33119,12/9/2025 10:29:07,16/9/2025 09:52:28,2022
1917,35,卫生和社会工作,营收额合计,万元,10634686.83,12/9/2025 10:29:07,16/9/2025 09:52:28,2022
1918,35,卫生和社会工作,营收额均值,百万元,3667.13339065517,12/9/2025 10:29:07,16/9/2025 09:52:28,2022
1919,35,卫生和社会工作,营业收入最大值,元,20282440683,12/9/2025 10:29:07,16/9/2025 09:52:28,2022
1920,35,卫生和社会工作,营业收入金额最小值,百万元,46.530298,12/9/2025 10:29:07,16/9/2025 09:52:28,2022
1921,35,卫生和社会工作,营业收入金额中位数,千万元,158.9074492,12/9/2025 10:29:07,16/9/2025 09:52:28,2022
1922,36,造纸和纸制品业,营收额合计,十万元,4345057.9121605,12/9/2025 10:29:08,16/9/2025 09:52:29,2022
1923,36,造纸和纸制品业,营业收入金额均值,十万元,85197.2139639314,12/9/2025 10:29:08,16/9/2025 09:52:29,2022
1924,36,造纸和纸制品业,营业收入最大值,万元,6453812.875,12/9/2025 10:29:08,16/9/2025 09:52:29,2022
1925,36,造纸和纸制品业,营业收入金额最小值,十万元,2889.60499,12/9/2025 10:29:08,16/9/2025 09:52:29,2022
1926,36,造纸和纸制品业,营业收入金额中位数,元,2562875838,12/9/2025 10:29:08,16/9/2025 09:52:29,2022
1927,37,住宿和餐饮业,营业收入金额合计,元,190023374828.28,12/9/2025 10:29:08,16/9/2025 09:52:29,2022
1928,37,住宿和餐饮业,营业收入均值,十万元,54292.392808079996,12/9/2025 10:29:08,16/9/2025 09:52:29,2022
1929,37,住宿和餐饮业,营业收入金额最大值,万元,6431135.439,12/9/2025 10:29:08,16/9/2025 09:52:29,2022
1930,37,住宿和餐饮业,营收金额最小值,元,16219113.21,12/9/2025 10:29:08,16/9/2025 09:52:29,2022
1931,37,住宿和餐饮业,营业收入总额中位数,千万元,94.1967832,12/9/2025 10:29:08,16/9/2025 09:52:29,2022
1932,38,家具制造业,营业收入金额合计,百万元,167008.08620514002,12/9/2025 10:29:09,16/9/2025 09:52:29,2022
1933,38,家具制造业,营业收入金额均值,十万元,38839.0898151488,12/9/2025 10:29:09,16/9/2025 09:52:29,2022
1934,38,家具制造业,营业收入总额最大值,十万元,224795.55833580001,12/9/2025 10:29:09,16/9/2025 09:52:29,2022
1935,38,家具制造业,营业收入金额最小值,百万元,85.65580509,12/9/2025 10:29:09,16/9/2025 09:52:29,2022
1936,38,家具制造业,营业收入金额中位数,百万元,2663.333648,12/9/2025 10:29:09,16/9/2025 09:52:29,2022
1937,39,印刷和记录媒介复制业,营业收入金额合计,百万元,43205.472285519994,12/9/2025 10:29:09,16/9/2025 09:52:30,2022
1938,39,印刷和记录媒介复制业,营收额均值,千万元,130.925673592485,12/9/2025 10:29:09,16/9/2025 09:52:30,2022
1939,39,印刷和记录媒介复制业,营业收入总额最大值,元,9538228571,12/9/2025 10:29:09,16/9/2025 09:52:30,2022
1940,39,印刷和记录媒介复制业,营业收入金额最小值,元,37014118,12/9/2025 10:29:09,16/9/2025 09:52:30,2022
1941,39,印刷和记录媒介复制业,营业收入总额中位数,万元,56449.80635,12/9/2025 10:29:09,16/9/2025 09:52:30,2022
1942,41,文教、工美、体育和娱乐用品制造业,营业收入合计,万元,14395271.160776,12/9/2025 10:29:10,16/9/2025 09:52:30,2022
1943,41,文教、工美、体育和娱乐用品制造业,营业收入总额均值,十万元,36910.9516942974,12/9/2025 10:29:10,16/9/2025 09:52:30,2022
1944,41,文教、工美、体育和娱乐用品制造业,营收金额最大值,万元,6301011.038,12/9/2025 10:29:10,16/9/2025 09:52:30,2022
1945,41,文教、工美、体育和娱乐用品制造业,营业收入总额最小值,千万元,8.495968843,12/9/2025 10:29:10,16/9/2025 09:52:30,2022
1946,41,文教、工美、体育和娱乐用品制造业,营业收入金额中位数,元,728733818,12/9/2025 10:29:10,16/9/2025 09:52:30,2022
1952,43,化学纤维制造业,营业收入金额合计,十万元,9585049.9156906,12/9/2025 10:29:11,16/9/2025 09:52:31,2022
1953,43,化学纤维制造业,营业收入金额均值,元,28191323281.4429,12/9/2025 10:29:11,16/9/2025 09:52:31,2022
1954,43,化学纤维制造业,营业收入总额最大值,十万元,2890948.6054179,12/9/2025 10:29:11,16/9/2025 09:52:31,2022
1955,43,化学纤维制造业,营收额最小值,十万元,3943.887148,12/9/2025 10:29:11,16/9/2025 09:52:31,2022
1956,43,化学纤维制造业,营收额中位数,十万元,27123.88444,12/9/2025 10:29:11,16/9/2025 09:52:31,2022
1962,45,石油加工、炼焦和核燃料加工业,营业收入金额合计,元,3.5481E+11,12/9/2025 10:29:11,16/9/2025 09:52:32,2022
1963,45,石油加工、炼焦和核燃料加工业,营业收入金额均值,百万元,16895.703022733298,12/9/2025 10:29:12,16/9/2025 09:52:32,2022
1964,45,石油加工、炼焦和核燃料加工业,营业收入总额最大值,万元,8251835.798,12/9/2025 10:29:12,16/9/2025 09:52:32,2022
1965,45,石油加工、炼焦和核燃料加工业,营业收入最小值,元,71885792.5,12/9/2025 10:29:12,16/9/2025 09:52:32,2022
1966,45,石油加工、炼焦和核燃料加工业,营业收入金额中位数,万元,591434.5324609999,12/9/2025 10:29:12,16/9/2025 09:52:32,2022
1967,46,废弃资源综合利用业,营业收入合计,百万元,118319.33899400999,12/9/2025 10:29:12,16/9/2025 09:52:32,2022
1968,46,废弃资源综合利用业,营业收入均值,万元,455074.38074619195,12/9/2025 10:29:12,16/9/2025 09:52:32,2022
1969,46,废弃资源综合利用业,营收额最大值,元,29391750547,12/9/2025 10:29:12,16/9/2025 09:52:32,2022
1970,46,废弃资源综合利用业,营收金额最小值,百万元,43.510795200000004,12/9/2025 10:29:12,16/9/2025 09:52:32,2022
1971,46,废弃资源综合利用业,营业收入中位数,千万元,231.26567474549998,12/9/2025 10:29:12,16/9/2025 09:52:32,2022
1972,47,木材加工和木、竹、藤、棕、草制品业,营收金额合计,元,24326203287,12/9/2025 10:29:12,16/9/2025 09:52:33,2022
1973,47,木材加工和木、竹、藤、棕、草制品业,营业收入金额均值,千万元,221.14730261118203,12/9/2025 10:29:13,16/9/2025 09:52:33,2022
1974,47,木材加工和木、竹、藤、棕、草制品业,营业收入金额最大值,元,8917384021,12/9/2025 10:29:13,16/9/2025 09:52:33,2022
1975,47,木材加工和木、竹、藤、棕、草制品业,营收金额最小值,百万元,59.487742,12/9/2025 10:29:13,16/9/2025 09:52:33,2022
1976,47,木材加工和木、竹、藤、棕、草制品业,营业收入总额中位数,千万元,88.69807429,12/9/2025 10:29:13,16/9/2025 09:52:33,2022
1977,48,居民服务、修理和其他服务业,营业收入合计,十万元,28345.028568200003,12/9/2025 10:29:13,16/9/2025 09:52:33,2022
1978,48,居民服务、修理和其他服务业,营业收入总额均值,元,708625714.2,12/9/2025 10:29:13,16/9/2025 09:52:33,2022
1979,48,居民服务、修理和其他服务业,营业收入金额最大值,千万元,217.1620314,12/9/2025 10:29:13,16/9/2025 09:52:33,2022
1980,48,居民服务、修理和其他服务业,营业收入总额最小值,元,77969327,12/9/2025 10:29:13,16/9/2025 09:52:33,2022
1981,48,居民服务、修理和其他服务业,营业收入总额中位数,元,292456607.9,12/9/2025 10:29:13,16/9/2025 09:52:33,2022
1982,0,全行业,营业收入金额合计,百万元,124016164.732107,12/9/2025 10:29:14,5/11/2025 08:56:03,2022
1983,0,全行业,营业收入均值,元,18038714870.1246,12/9/2025 10:29:14,5/11/2025 08:56:03,2022
1984,0,全行业,营业收入最大值,千万元,331816.8582,12/9/2025 10:29:14,5/11/2025 08:56:03,2022
1985,0,全行业,营收额最小值,十万元,-10272.90111,12/9/2025 10:29:14,5/11/2025 08:56:03,2022
1986,0,全行业,营业收入金额中位数,元,1805132101,12/9/2025 10:29:14,5/11/2025 08:56:03,2022
1987,1,医药制造业,资产负债率均值,%,182.387772828508,12/9/2025 10:29:14,11/11/2025 07:41:16,2022
1988,1,医药制造业,资产负债率最大值,%,67466.37,12/9/2025 10:29:14,11/11/2025 07:41:16,2022
1989,1,医药制造业,资产负债率最小值,%,-37.12,12/9/2025 10:29:14,11/11/2025 07:41:16,2022
1990,1,医药制造业,资产负债率中位数,%,29.13,12/9/2025 10:29:14,11/11/2025 07:41:16,2022
1991,2,化学原料和化学制品制造业,资产负债率均值,%,38.4876373626374,12/9/2025 10:29:15,11/11/2025 07:41:16,2022
1992,2,化学原料和化学制品制造业,资产负债率最大值,%,239.16,12/9/2025 10:29:15,11/11/2025 07:41:16,2022
1993,2,化学原料和化学制品制造业,资产负债率最小值,%,0.08,12/9/2025 10:29:15,11/11/2025 07:41:16,2022
1994,2,化学原料和化学制品制造业,资产负债率中位数,%,36.815,12/9/2025 10:29:15,11/11/2025 07:41:16,2022
1995,3,信息传输、软件和信息技术服务业,资产负债率均值,%,35.7106677018634,12/9/2025 10:29:15,11/11/2025 07:41:16,2022
1996,3,信息传输、软件和信息技术服务业,资产负债率最大值,%,184.4,12/9/2025 10:29:15,11/11/2025 07:41:16,2022
1997,3,信息传输、软件和信息技术服务业,资产负债率最小值,%,-9.1,12/9/2025 10:29:15,11/11/2025 07:41:16,2022
1998,3,信息传输、软件和信息技术服务业,资产负债率中位数,%,32.01,12/9/2025 10:29:15,11/11/2025 07:41:16,2022
1999,4,房地产业,资产负债率均值,%,333.700542372881,12/9/2025 10:29:15,11/11/2025 07:41:16,2022
2000,4,房地产业,资产负债率最大值,%,80518.87,12/9/2025 10:29:15,11/11/2025 07:41:16,2022
2001,4,房地产业,资产负债率最小值,%,-86.16,12/9/2025 10:29:16,11/11/2025 07:41:16,2022
2002,4,房地产业,资产负债率中位数,%,64.1,12/9/2025 10:29:16,11/11/2025 07:41:16,2022
2003,5,专用设备制造业,资产负债率均值,%,38.1014317673378,12/9/2025 10:29:16,11/11/2025 07:41:16,2022
2004,5,专用设备制造业,资产负债率最大值,%,127.6,12/9/2025 10:29:16,11/11/2025 07:41:16,2022
2005,5,专用设备制造业,资产负债率最小值,%,2.65,12/9/2025 10:29:16,11/11/2025 07:41:16,2022
2006,5,专用设备制造业,资产负债率中位数,%,36.92,12/9/2025 10:29:16,11/11/2025 07:41:16,2022
2007,6,消费电子及电气业,资产负债率均值,%,85.7025698324022,12/9/2025 10:29:16,11/11/2025 07:41:16,2022
2008,6,消费电子及电气业,资产负债率最大值,%,16555.12,12/9/2025 10:29:16,11/11/2025 07:41:16,2022
2009,6,消费电子及电气业,资产负债率最小值,%,-93.48,12/9/2025 10:29:16,11/11/2025 07:41:16,2022
2010,6,消费电子及电气业,资产负债率中位数,%,39.365,12/9/2025 10:29:16,11/11/2025 07:41:16,2022
2011,7,金融业,资产负债率均值,%,518.420572390572,12/9/2025 10:29:17,11/11/2025 07:41:16,2022
2012,7,金融业,资产负债率最大值,%,134285.28,12/9/2025 10:29:17,11/11/2025 07:41:16,2022
2013,7,金融业,资产负债率最小值,%,0,12/9/2025 10:29:17,11/11/2025 07:41:16,2022
2014,7,金融业,资产负债率中位数,%,77.43,12/9/2025 10:29:17,11/11/2025 07:41:16,2022
2015,8,商业电气机械和器材制造业,资产负债率均值,%,46.71325,12/9/2025 10:29:17,11/11/2025 07:41:16,2022
2016,8,商业电气机械和器材制造业,资产负债率最大值,%,205.31,12/9/2025 10:29:18,11/11/2025 07:41:16,2022
2017,8,商业电气机械和器材制造业,资产负债率最小值,%,3.78,12/9/2025 10:29:18,11/11/2025 07:41:16,2022
2018,8,商业电气机械和器材制造业,资产负债率中位数,%,47.555,12/9/2025 10:29:18,11/11/2025 07:41:16,2022
2019,9,批发和零售业,资产负债率均值,%,59.620989010989,12/9/2025 10:29:18,11/11/2025 07:41:16,2022
2020,9,批发和零售业,资产负债率最大值,%,947.59,12/9/2025 10:29:18,11/11/2025 07:41:16,2022
2021,9,批发和零售业,资产负债率最小值,%,0.9,12/9/2025 10:29:19,11/11/2025 07:41:16,2022
2022,9,批发和零售业,资产负债率中位数,%,54.63,12/9/2025 10:29:19,11/11/2025 07:41:16,2022
2023,10,食品饮料业,资产负债率均值,%,254.878704453441,12/9/2025 10:29:19,11/11/2025 07:41:16,2022
2024,10,食品饮料业,资产负债率最大值,%,52539.1,12/9/2025 10:29:19,11/11/2025 07:41:16,2022
2025,10,食品饮料业,资产负债率最小值,%,-58.06,12/9/2025 10:29:19,11/11/2025 07:41:16,2022
2026,10,食品饮料业,资产负债率中位数,%,34.4,12/9/2025 10:29:19,11/11/2025 07:41:16,2022
2031,12,汽车制造业,资产负债率均值,%,46.1366956521739,12/9/2025 10:29:20,11/11/2025 07:41:16,2022
2032,12,汽车制造业,资产负债率最大值,%,139.3,12/9/2025 10:29:20,11/11/2025 07:41:16,2022
2033,12,汽车制造业,资产负债率最小值,%,0.1,12/9/2025 10:29:20,11/11/2025 07:41:16,2022
2034,12,汽车制造业,资产负债率中位数,%,46.325,12/9/2025 10:29:21,11/11/2025 07:41:16,2022
2035,13,电力、热力、燃气及水生产和供应业,资产负债率均值,%,69.0042857142857,12/9/2025 10:29:21,11/11/2025 07:41:16,2022
2036,13,电力、热力、燃气及水生产和供应业,资产负债率最大值,%,1759.1,12/9/2025 10:29:21,11/11/2025 07:41:16,2022
2037,13,电力、热力、燃气及水生产和供应业,资产负债率最小值,%,5.1,12/9/2025 10:29:21,11/11/2025 07:41:16,2022
2038,13,电力、热力、燃气及水生产和供应业,资产负债率中位数,%,58.89,12/9/2025 10:29:21,11/11/2025 07:41:16,2022
2039,14,采矿业,资产负债率均值,%,51.7253846153846,12/9/2025 10:29:22,11/11/2025 07:41:16,2022
2040,14,采矿业,资产负债率最大值,%,695.67,12/9/2025 10:29:22,11/11/2025 07:41:16,2022
2041,14,采矿业,资产负债率最小值,%,-75.75,12/9/2025 10:29:22,11/11/2025 07:41:16,2022
2042,14,采矿业,资产负债率中位数,%,48.15,12/9/2025 10:29:22,11/11/2025 07:41:16,2022
2043,15,纺织鞋服业,资产负债率均值,%,288.581355932203,12/9/2025 10:29:22,11/11/2025 07:41:16,2022
2044,15,纺织鞋服业,资产负债率最大值,%,22671.83,12/9/2025 10:29:23,11/11/2025 07:41:16,2022
2045,15,纺织鞋服业,资产负债率最小值,%,0.49,12/9/2025 10:29:23,11/11/2025 07:41:16,2022
2046,15,纺织鞋服业,资产负债率中位数,%,37.95,12/9/2025 10:29:23,11/11/2025 07:41:16,2022
2047,16,建筑业,资产负债率均值,%,67.5087837837838,12/9/2025 10:29:23,11/11/2025 07:41:16,2022
2048,16,建筑业,资产负债率最大值,%,149.4,12/9/2025 10:29:24,11/11/2025 07:41:16,2022
2049,16,建筑业,资产负债率最小值,%,10.14,12/9/2025 10:29:24,11/11/2025 07:41:16,2022
2050,16,建筑业,资产负债率中位数,%,71.795,12/9/2025 10:29:24,11/11/2025 07:41:16,2022
2051,17,交通运输、仓储和邮政业,资产负债率均值,%,44.3886931818182,12/9/2025 10:29:24,11/11/2025 07:41:16,2022
2052,17,交通运输、仓储和邮政业,资产负债率最大值,%,215.07,12/9/2025 10:29:24,11/11/2025 07:41:16,2022
2053,17,交通运输、仓储和邮政业,资产负债率最小值,%,-167.04,12/9/2025 10:29:24,11/11/2025 07:41:16,2022
2054,17,交通运输、仓储和邮政业,资产负债率中位数,%,44.915,12/9/2025 10:29:24,11/11/2025 07:41:16,2022
2055,18,通用设备制造业,资产负债率均值,%,41.3887323943662,12/9/2025 10:29:25,11/11/2025 07:41:16,2022
2056,18,通用设备制造业,资产负债率最大值,%,109,12/9/2025 10:29:25,11/11/2025 07:41:16,2022
2057,18,通用设备制造业,资产负债率最小值,%,2.09,12/9/2025 10:29:25,11/11/2025 07:41:16,2022
2058,18,通用设备制造业,资产负债率中位数,%,41.37,12/9/2025 10:29:25,11/11/2025 07:41:16,2022
2059,19,半导体业,资产负债率均值,%,31.964011627907,12/9/2025 10:29:25,11/11/2025 07:41:16,2022
2060,19,半导体业,资产负债率最大值,%,97.4,12/9/2025 10:29:25,11/11/2025 07:41:16,2022
2061,19,半导体业,资产负债率最小值,%,1.51,12/9/2025 10:29:26,11/11/2025 07:41:16,2022
2062,19,半导体业,资产负债率中位数,%,30.365,12/9/2025 10:29:26,11/11/2025 07:41:16,2022
2063,20,租赁和商务服务业,资产负债率均值,%,53.7461261261261,12/9/2025 10:29:26,11/11/2025 07:41:16,2022
2064,20,租赁和商务服务业,资产负债率最大值,%,634.17,12/9/2025 10:29:26,11/11/2025 07:41:16,2022
2065,20,租赁和商务服务业,资产负债率最小值,%,-47.1,12/9/2025 10:29:27,11/11/2025 07:41:16,2022
2066,20,租赁和商务服务业,资产负债率中位数,%,47.28,12/9/2025 10:29:27,11/11/2025 07:41:16,2022
2067,21,通信传输设备业,资产负债率均值,%,39.4803333333333,12/9/2025 10:29:27,11/11/2025 07:41:16,2022
2068,21,通信传输设备业,资产负债率最大值,%,169,12/9/2025 10:29:27,11/11/2025 07:41:16,2022
2069,21,通信传输设备业,资产负债率最小值,%,3.7,12/9/2025 10:29:27,11/11/2025 07:41:16,2022
2070,21,通信传输设备业,资产负债率中位数,%,37.85,12/9/2025 10:29:27,11/11/2025 07:41:16,2022
2071,22,非金属矿物制品业,资产负债率均值,%,42.17016,12/9/2025 10:29:28,11/11/2025 07:41:16,2022
2072,22,非金属矿物制品业,资产负债率最大值,%,97.19,12/9/2025 10:29:28,11/11/2025 07:41:16,2022
2073,22,非金属矿物制品业,资产负债率最小值,%,5.5,12/9/2025 10:29:28,11/11/2025 07:41:16,2022
2074,22,非金属矿物制品业,资产负债率中位数,%,43.49,12/9/2025 10:29:28,11/11/2025 07:41:16,2022
2075,23,橡胶和塑料制品业,资产负债率均值,%,36.0729906542056,12/9/2025 10:29:28,11/11/2025 07:41:16,2022
2076,23,橡胶和塑料制品业,资产负债率最大值,%,98,12/9/2025 10:29:28,11/11/2025 07:41:16,2022
2077,23,橡胶和塑料制品业,资产负债率最小值,%,4.02,12/9/2025 10:29:28,11/11/2025 07:41:16,2022
2078,23,橡胶和塑料制品业,资产负债率中位数,%,34.94,12/9/2025 10:29:28,11/11/2025 07:41:16,2022
2079,24,综合,资产负债率均值,%,57.7435294117647,12/9/2025 10:29:29,11/11/2025 07:41:16,2022
2080,24,综合,资产负债率最大值,%,208.55,12/9/2025 10:29:29,11/11/2025 07:41:16,2022
2081,24,综合,资产负债率最小值,%,-25.73,12/9/2025 10:29:29,11/11/2025 07:41:16,2022
2082,24,综合,资产负债率中位数,%,60.905,12/9/2025 10:29:29,11/11/2025 07:41:16,2022
2083,25,其他制造业,资产负债率均值,%,34.4179245283019,12/9/2025 10:29:29,11/11/2025 07:41:16,2022
2084,25,其他制造业,资产负债率最大值,%,91.66,12/9/2025 10:29:29,11/11/2025 07:41:16,2022
2085,25,其他制造业,资产负债率最小值,%,3.85,12/9/2025 10:29:29,11/11/2025 07:41:16,2022
2086,25,其他制造业,资产负债率中位数,%,33.19,12/9/2025 10:29:29,11/11/2025 07:41:16,2022
2087,26,金属制品业,资产负债率均值,%,42.3578947368421,12/9/2025 10:29:30,11/11/2025 07:41:16,2022
2088,26,金属制品业,资产负债率最大值,%,153.09,12/9/2025 10:29:30,11/11/2025 07:41:16,2022
2089,26,金属制品业,资产负债率最小值,%,6.06,12/9/2025 10:29:30,11/11/2025 07:41:16,2022
2090,26,金属制品业,资产负债率中位数,%,41.815,12/9/2025 10:29:30,11/11/2025 07:41:16,2022
2091,27,铁路、船舶、航空航天和其他运输设备制造业,资产负债率均值,%,41.4434343434343,12/9/2025 10:29:30,11/11/2025 07:41:16,2022
2092,27,铁路、船舶、航空航天和其他运输设备制造业,资产负债率最大值,%,110.3,12/9/2025 10:29:30,11/11/2025 07:41:16,2022
2093,27,铁路、船舶、航空航天和其他运输设备制造业,资产负债率最小值,%,7.54,12/9/2025 10:29:30,11/11/2025 07:41:16,2022
2094,27,铁路、船舶、航空航天和其他运输设备制造业,资产负债率中位数,%,40.8,12/9/2025 10:29:30,11/11/2025 07:41:16,2022
2095,28,水利、环境和公共设施管理业,资产负债率均值,%,47.6867307692308,12/9/2025 10:29:31,11/11/2025 07:41:16,2022
2096,28,水利、环境和公共设施管理业,资产负债率最大值,%,97.38,12/9/2025 10:29:31,11/11/2025 07:41:16,2022
2097,28,水利、环境和公共设施管理业,资产负债率最小值,%,3.6,12/9/2025 10:29:31,11/11/2025 07:41:16,2022
2098,28,水利、环境和公共设施管理业,资产负债率中位数,%,48.34,12/9/2025 10:29:31,11/11/2025 07:41:16,2022
2099,29,金属冶炼和压延加工业,资产负债率均值,%,47.8735862068966,12/9/2025 10:29:31,11/11/2025 07:41:16,2022
2100,29,金属冶炼和压延加工业,资产负债率最大值,%,96.66,12/9/2025 10:29:31,11/11/2025 07:41:16,2022
2101,29,金属冶炼和压延加工业,资产负债率最小值,%,7.61,12/9/2025 10:29:31,11/11/2025 07:41:16,2022
2102,29,金属冶炼和压延加工业,资产负债率中位数,%,48.61,12/9/2025 10:29:31,11/11/2025 07:41:16,2022
2103,30,科学研究和技术服务业,资产负债率均值,%,34.388031496063,12/9/2025 10:29:31,11/11/2025 07:41:16,2022
2104,30,科学研究和技术服务业,资产负债率最大值,%,228.6,12/9/2025 10:29:31,11/11/2025 07:41:16,2022
2105,30,科学研究和技术服务业,资产负债率最小值,%,3.02,12/9/2025 10:29:31,11/11/2025 07:41:16,2022
2106,30,科学研究和技术服务业,资产负债率中位数,%,30.39,12/9/2025 10:29:31,11/11/2025 07:41:16,2022
2107,31,教育,资产负债率均值,%,56.6513333333333,12/9/2025 10:29:32,11/11/2025 07:41:16,2022
2108,31,教育,资产负债率最大值,%,217.62,12/9/2025 10:29:32,11/11/2025 07:41:16,2022
2109,31,教育,资产负债率最小值,%,8,12/9/2025 10:29:32,11/11/2025 07:41:16,2022
2110,31,教育,资产负债率中位数,%,52.085,12/9/2025 10:29:32,11/11/2025 07:41:16,2022
2111,32,仪器仪表制造业,资产负债率均值,%,28.8305617977528,12/9/2025 10:29:33,11/11/2025 07:41:16,2022
2112,32,仪器仪表制造业,资产负债率最大值,%,92.14,12/9/2025 10:29:33,11/11/2025 07:41:16,2022
2113,32,仪器仪表制造业,资产负债率最小值,%,4.46,12/9/2025 10:29:33,11/11/2025 07:41:16,2022
2114,32,仪器仪表制造业,资产负债率中位数,%,25.83,12/9/2025 10:29:33,11/11/2025 07:41:16,2022
2115,33,文化、体育和娱乐业,资产负债率均值,%,44.0585227272727,12/9/2025 10:29:33,11/11/2025 07:41:16,2022
2116,33,文化、体育和娱乐业,资产负债率最大值,%,323.53,12/9/2025 10:29:33,11/11/2025 07:41:16,2022
2117,33,文化、体育和娱乐业,资产负债率最小值,%,0.07,12/9/2025 10:29:33,11/11/2025 07:41:16,2022
2118,33,文化、体育和娱乐业,资产负债率中位数,%,35.145,12/9/2025 10:29:33,11/11/2025 07:41:16,2022
2119,34,农、林、牧、渔业,资产负债率均值,%,58.5194,12/9/2025 10:29:34,11/11/2025 07:41:16,2022
2120,34,农、林、牧、渔业,资产负债率最大值,%,227.9,12/9/2025 10:29:34,11/11/2025 07:41:16,2022
2121,34,农、林、牧、渔业,资产负债率最小值,%,14.2,12/9/2025 10:29:34,11/11/2025 07:41:16,2022
2122,34,农、林、牧、渔业,资产负债率中位数,%,52.64,12/9/2025 10:29:34,11/11/2025 07:41:16,2022
2123,35,卫生和社会工作,资产负债率均值,%,48.8486206896552,12/9/2025 10:29:34,11/11/2025 07:41:16,2022
2124,35,卫生和社会工作,资产负债率最大值,%,128.08,12/9/2025 10:29:34,11/11/2025 07:41:16,2022
2125,35,卫生和社会工作,资产负债率最小值,%,11.26,12/9/2025 10:29:34,11/11/2025 07:41:16,2022
2126,35,卫生和社会工作,资产负债率中位数,%,43.78,12/9/2025 10:29:34,11/11/2025 07:41:16,2022
2127,36,造纸和纸制品业,资产负债率均值,%,40.0958823529412,12/9/2025 10:29:35,11/11/2025 07:41:16,2022
2128,36,造纸和纸制品业,资产负债率最大值,%,76.97,12/9/2025 10:29:35,11/11/2025 07:41:16,2022
2129,36,造纸和纸制品业,资产负债率最小值,%,9.25,12/9/2025 10:29:35,11/11/2025 07:41:16,2022
2130,36,造纸和纸制品业,资产负债率中位数,%,34.66,12/9/2025 10:29:35,11/11/2025 07:41:16,2022
2131,37,住宿和餐饮业,资产负债率均值,%,65.5788571428571,12/9/2025 10:29:35,11/11/2025 07:41:16,2022
2132,37,住宿和餐饮业,资产负债率最大值,%,262.36,12/9/2025 10:29:36,11/11/2025 07:41:16,2022
2133,37,住宿和餐饮业,资产负债率最小值,%,2.85,12/9/2025 10:29:36,11/11/2025 07:41:16,2022
2134,37,住宿和餐饮业,资产负债率中位数,%,63.83,12/9/2025 10:29:36,11/11/2025 07:41:16,2022
2135,38,家具制造业,资产负债率均值,%,45.8944186046512,12/9/2025 10:29:36,11/11/2025 07:41:16,2022
2136,38,家具制造业,资产负债率最大值,%,111.1,12/9/2025 10:29:36,11/11/2025 07:41:16,2022
2137,38,家具制造业,资产负债率最小值,%,6.13,12/9/2025 10:29:37,11/11/2025 07:41:16,2022
2138,38,家具制造业,资产负债率中位数,%,47.8,12/9/2025 10:29:37,11/11/2025 07:41:16,2022
2139,39,印刷和记录媒介复制业,资产负债率均值,%,64.0224242424243,12/9/2025 10:29:37,11/11/2025 07:41:16,2022
2140,39,印刷和记录媒介复制业,资产负债率最大值,%,635.08,12/9/2025 10:29:37,11/11/2025 07:41:16,2022
2141,39,印刷和记录媒介复制业,资产负债率最小值,%,0.1,12/9/2025 10:29:38,11/11/2025 07:41:16,2022
2142,39,印刷和记录媒介复制业,资产负债率中位数,%,32.83,12/9/2025 10:29:38,11/11/2025 07:41:16,2022
2143,41,文教、工美、体育和娱乐用品制造业,资产负债率均值,%,49.1894871794872,12/9/2025 10:29:38,11/11/2025 07:41:16,2022
2144,41,文教、工美、体育和娱乐用品制造业,资产负债率最大值,%,259.36,12/9/2025 10:29:38,11/11/2025 07:41:16,2022
2145,41,文教、工美、体育和娱乐用品制造业,资产负债率最小值,%,3.3,12/9/2025 10:29:38,11/11/2025 07:41:16,2022
2146,41,文教、工美、体育和娱乐用品制造业,资产负债率中位数,%,41.54,12/9/2025 10:29:38,11/11/2025 07:41:16,2022
2151,43,化学纤维制造业,资产负债率均值,%,42.5217647058823,12/9/2025 10:29:39,11/11/2025 07:41:16,2022
2152,43,化学纤维制造业,资产负债率最大值,%,99.06,12/9/2025 10:29:39,11/11/2025 07:41:16,2022
2153,43,化学纤维制造业,资产负债率最小值,%,6.13,12/9/2025 10:29:39,11/11/2025 07:41:16,2022
2154,43,化学纤维制造业,资产负债率中位数,%,38.99,12/9/2025 10:29:39,11/11/2025 07:41:16,2022
2159,45,石油加工、炼焦和核燃料加工业,资产负债率均值,%,42.0809523809524,12/9/2025 10:29:40,11/11/2025 07:41:16,2022
2160,45,石油加工、炼焦和核燃料加工业,资产负债率最大值,%,70.57,12/9/2025 10:29:40,11/11/2025 07:41:16,2022
2161,45,石油加工、炼焦和核燃料加工业,资产负债率最小值,%,13.54,12/9/2025 10:29:40,11/11/2025 07:41:16,2022
2162,45,石油加工、炼焦和核燃料加工业,资产负债率中位数,%,38.99,12/9/2025 10:29:40,11/11/2025 07:41:16,2022
2163,46,废弃资源综合利用业,资产负债率均值,%,47.2351851851852,12/9/2025 10:29:41,11/11/2025 07:41:16,2022
2164,46,废弃资源综合利用业,资产负债率最大值,%,78.93,12/9/2025 10:29:41,11/11/2025 07:41:16,2022
2165,46,废弃资源综合利用业,资产负债率最小值,%,5.54,12/9/2025 10:29:41,11/11/2025 07:41:16,2022
2166,46,废弃资源综合利用业,资产负债率中位数,%,55.7,12/9/2025 10:29:41,11/11/2025 07:41:16,2022
2167,47,木材加工和木、竹、藤、棕、草制品业,资产负债率均值,%,41.1663636363636,12/9/2025 10:29:41,11/11/2025 07:41:16,2022
2168,47,木材加工和木、竹、藤、棕、草制品业,资产负债率最大值,%,82.36,12/9/2025 10:29:41,11/11/2025 07:41:16,2022
2169,47,木材加工和木、竹、藤、棕、草制品业,资产负债率最小值,%,13.4,12/9/2025 10:29:41,11/11/2025 07:41:16,2022
2170,47,木材加工和木、竹、藤、棕、草制品业,资产负债率中位数,%,34.32,12/9/2025 10:29:41,11/11/2025 07:41:16,2022
2171,48,居民服务、修理和其他服务业,资产负债率均值,%,34.0025,12/9/2025 10:29:41,11/11/2025 07:41:16,2022
2172,48,居民服务、修理和其他服务业,资产负债率最大值,%,54.04,12/9/2025 10:29:42,11/11/2025 07:41:16,2022
2173,48,居民服务、修理和其他服务业,资产负债率最小值,%,21.78,12/9/2025 10:29:42,11/11/2025 07:41:16,2022
2174,48,居民服务、修理和其他服务业,资产负债率中位数,%,30.095,12/9/2025 10:29:42,11/11/2025 07:41:16,2022
2175,0,全行业,资产负债率均值,%,102.247405366207,12/9/2025 10:29:42,11/11/2025 07:41:16,2022
2176,0,全行业,资产负债率最大值,%,134285.28,12/9/2025 10:29:42,11/11/2025 07:41:16,2022
2177,0,全行业,资产负债率最小值,%,-167.04,12/9/2025 10:29:42,11/11/2025 07:41:16,2022
2178,0,全行业,资产负债率中位数,%,41.8,12/9/2025 10:29:42,11/11/2025 07:41:16,2022
2179,1,医药制造业,研发投入合计,百万元,200672.55437066001,12/9/2025 10:29:42,16/9/2025 09:52:56,2022
2180,1,医药制造业,研发投入金额均值,十万元,4592.04929909977,12/9/2025 10:29:42,16/9/2025 09:52:56,2022
2181,1,医药制造业,研发投入金额最大值,万元,1115203.016,12/9/2025 10:29:42,16/9/2025 09:52:56,2022
2182,1,医药制造业,研发投入金额最小值,百万元,0.75614128,12/9/2025 10:29:42,16/9/2025 09:52:56,2022
2183,1,医药制造业,研发投入中位数,千万元,14.7904565,12/9/2025 10:29:43,16/9/2025 09:52:56,2022
2184,2,化学原料和化学制品制造业,研发投入合计,十万元,568184.4223,12/9/2025 10:29:43,16/9/2025 09:52:56,2022
2185,2,化学原料和化学制品制造业,研发投入均值,千万元,16.2803559393782,12/9/2025 10:29:43,16/9/2025 09:52:56,2022
2186,2,化学原料和化学制品制造业,研发投入金额最大值,元,3420091372,12/9/2025 10:29:43,16/9/2025 09:52:56,2022
2187,2,化学原料和化学制品制造业,研发费用金额最小值,万元,25.983782,12/9/2025 10:29:43,16/9/2025 09:52:56,2022
2188,2,化学原料和化学制品制造业,研发投入金额中位数,百万元,80.39529297,12/9/2025 10:29:43,16/9/2025 09:52:56,2022
2189,3,信息传输、软件和信息技术服务业,研发费用金额合计,百万元,616535.24652223,12/9/2025 10:29:44,16/9/2025 09:52:56,2022
2190,3,信息传输、软件和信息技术服务业,研发费用金额均值,万元,101738.48952511999,12/9/2025 10:29:44,16/9/2025 09:52:56,2022
2191,3,信息传输、软件和信息技术服务业,研发投入金额最大值,元,61401027752,12/9/2025 10:29:44,16/9/2025 09:52:56,2022
2192,3,信息传输、软件和信息技术服务业,研发费用金额最小值,千万元,0.0833531,12/9/2025 10:29:44,16/9/2025 09:52:56,2022
2193,3,信息传输、软件和信息技术服务业,研发投入金额中位数,元,120951532.6,12/9/2025 10:29:44,16/9/2025 09:52:56,2022
2194,4,房地产业,研发投入金额合计,十万元,136589.05917290002,12/9/2025 10:29:44,16/9/2025 09:52:57,2022
2195,4,房地产业,研发投入总额均值,万元,21342.0404957656,12/9/2025 10:29:44,16/9/2025 09:52:57,2022
2196,4,房地产业,研发投入金额最大值,元,2545547215,12/9/2025 10:29:44,16/9/2025 09:52:57,2022
2197,4,房地产业,研发投入最小值,十万元,6.2397177,12/9/2025 10:29:44,16/9/2025 09:52:57,2022
2198,4,房地产业,研发投入金额中位数,百万元,25.90730432,12/9/2025 10:29:44,16/9/2025 09:52:57,2022
2199,5,专用设备制造业,研发投入金额合计,万元,10308677.670799,12/9/2025 10:29:44,16/9/2025 09:52:57,2022
2200,5,专用设备制造业,研发投入金额均值,万元,23482.1814824579,12/9/2025 10:29:45,16/9/2025 09:52:57,2022
2201,5,专用设备制造业,研发投入金额最大值,十万元,78263.47871,12/9/2025 10:29:45,16/9/2025 09:52:57,2022
2202,5,专用设备制造业,研发投入最小值,千万元,0.0542019,12/9/2025 10:29:45,16/9/2025 09:52:57,2022
2203,5,专用设备制造业,研发支出金额中位数,百万元,71.1767298,12/9/2025 10:29:45,16/9/2025 09:52:57,2022
2204,6,消费电子及电气业,研发投入金额合计,元,2.45156E+11,12/9/2025 10:29:45,16/9/2025 09:52:58,2022
2205,6,消费电子及电气业,研发投入均值,十万元,7339.988228224551,12/9/2025 10:29:45,16/9/2025 09:52:58,2022
2206,6,消费电子及电气业,研发费用金额最大值,元,16028154872,12/9/2025 10:29:45,16/9/2025 09:52:58,2022
2207,6,消费电子及电气业,研发费用金额最小值,元,755165.21,12/9/2025 10:29:45,16/9/2025 09:52:58,2022
2208,6,消费电子及电气业,研发支出金额中位数,万元,10233.895588500001,12/9/2025 10:29:45,16/9/2025 09:52:58,2022
2209,7,金融业,研发费用金额合计,千万元,1064.657513,12/9/2025 10:29:46,16/9/2025 09:52:58,2022
2210,7,金融业,研发费用金额均值,百万元,171.718953662258,12/9/2025 10:29:46,16/9/2025 09:52:59,2022
2211,7,金融业,研发投入金额最大值,十万元,13450.03755,12/9/2025 10:29:46,16/9/2025 09:52:59,2022
2212,7,金融业,研发支出金额最小值,万元,41.110079999999996,12/9/2025 10:29:46,16/9/2025 09:52:59,2022
2213,7,金融业,研发投入中位数,元,39807801.16,12/9/2025 10:29:46,16/9/2025 09:52:59,2022
2214,8,商业电气机械和器材制造业,研发投入总额合计,元,130161383609.15,12/9/2025 10:29:46,16/9/2025 09:52:59,2022
2215,8,商业电气机械和器材制造业,研发投入均值,元,426758634.784098,12/9/2025 10:29:46,16/9/2025 09:52:59,2022
2216,8,商业电气机械和器材制造业,研发费用金额最大值,百万元,15510.48886,12/9/2025 10:29:46,16/9/2025 09:52:59,2022
2217,8,商业电气机械和器材制造业,研发费用金额最小值,十万元,16.9933767,12/9/2025 10:29:46,16/9/2025 09:52:59,2022
2218,8,商业电气机械和器材制造业,研发投入金额中位数,万元,10030.0735,12/9/2025 10:29:46,16/9/2025 09:52:59,2022
2219,9,批发和零售业,研发费用金额合计,百万元,18894.885109450002,12/9/2025 10:29:47,16/9/2025 09:52:59,2022
2220,9,批发和零售业,研发投入总额均值,十万元,1321.32063702448,12/9/2025 10:29:47,16/9/2025 09:52:59,2022
2221,9,批发和零售业,研发投入金额最大值,十万元,28002.35364,12/9/2025 10:29:47,16/9/2025 09:52:59,2022
2222,9,批发和零售业,研发投入金额最小值,千万元,0.005101486,12/9/2025 10:29:47,16/9/2025 09:53:00,2022
2223,9,批发和零售业,研发投入金额中位数,元,34269865.69,12/9/2025 10:29:47,16/9/2025 09:53:00,2022
2224,10,食品饮料业,研发支出金额合计,万元,1917453.495,12/9/2025 10:29:47,16/9/2025 09:53:00,2022
2225,10,食品饮料业,研发投入金额均值,元,94455837.1725123,12/9/2025 10:29:47,16/9/2025 09:53:00,2022
2226,10,食品饮料业,研发费用金额最大值,万元,122318.2484,12/9/2025 10:29:47,16/9/2025 09:53:00,2022
2227,10,食品饮料业,研发费用金额最小值,十万元,0.0429723,12/9/2025 10:29:47,16/9/2025 09:53:00,2022
2228,10,食品饮料业,研发费用金额中位数,十万元,319.4380689,12/9/2025 10:29:47,16/9/2025 09:53:00,2022
2234,12,汽车制造业,研发投入金额合计,百万元,248393.495,12/9/2025 10:29:48,16/9/2025 09:53:01,2022
2235,12,汽车制造业,研发投入总额均值,万元,108944.515366184,12/9/2025 10:29:48,16/9/2025 09:53:01,2022
2236,12,汽车制造业,研发支出金额最大值,万元,2086615.458,12/9/2025 10:29:48,16/9/2025 09:53:01,2022
2237,12,汽车制造业,研发费用金额最小值,十万元,2.57499,12/9/2025 10:29:48,16/9/2025 09:53:01,2022
2238,12,汽车制造业,研发支出金额中位数,百万元,128.4421459,12/9/2025 10:29:48,16/9/2025 09:53:01,2022
2239,13,电力、热力、燃气及水生产和供应业,研发支出金额合计,千万元,2852.1950480150003,12/9/2025 10:29:49,16/9/2025 09:53:01,2022
2240,13,电力、热力、燃气及水生产和供应业,研发投入金额均值,元,230015729.678629,12/9/2025 10:29:49,16/9/2025 09:53:01,2022
2241,13,电力、热力、燃气及水生产和供应业,研发投入最大值,元,3852534248,12/9/2025 10:29:49,16/9/2025 09:53:01,2022
2242,13,电力、热力、燃气及水生产和供应业,研发投入金额最小值,千万元,0.0002001,12/9/2025 10:29:49,16/9/2025 09:53:01,2022
2243,13,电力、热力、燃气及水生产和供应业,研发投入金额中位数,元,25299493.66,12/9/2025 10:29:49,16/9/2025 09:53:01,2022
2244,14,采矿业,研发支出金额合计,百万元,168449.92033344,12/9/2025 10:29:50,16/9/2025 09:53:01,2022
2245,14,采矿业,研发投入金额均值,千万元,177.315705614147,12/9/2025 10:29:50,16/9/2025 09:53:01,2022
2246,14,采矿业,研发投入金额最大值,十万元,287180.7322,12/9/2025 10:29:50,16/9/2025 09:53:02,2022
2247,14,采矿业,研发支出金额最小值,十万元,2.56026,12/9/2025 10:29:50,16/9/2025 09:53:02,2022
2248,14,采矿业,研发投入金额中位数,千万元,17.051532480000002,12/9/2025 10:29:50,16/9/2025 09:53:02,2022
2249,15,纺织鞋服业,研发投入金额合计,元,11687942236,12/9/2025 10:29:51,16/9/2025 09:53:02,2022
2250,15,纺织鞋服业,研发投入金额均值,万元,9060.42033805426,12/9/2025 10:29:51,16/9/2025 09:53:02,2022
2251,15,纺织鞋服业,研发投入金额最大值,元,1279007328,12/9/2025 10:29:51,16/9/2025 09:53:02,2022
2252,15,纺织鞋服业,研发投入总额最小值,元,113097,12/9/2025 10:29:51,16/9/2025 09:53:02,2022
2253,15,纺织鞋服业,研发投入金额中位数,百万元,51.7926817,12/9/2025 10:29:51,16/9/2025 09:53:02,2022
2254,16,建筑业,研发投入金额合计,十万元,3304261.3028544,12/9/2025 10:29:51,16/9/2025 09:53:02,2022
2255,16,建筑业,研发支出金额均值,千万元,270.841090397902,12/9/2025 10:29:52,16/9/2025 09:53:02,2022
2256,16,建筑业,研发投入金额最大值,千万元,4975.321795,12/9/2025 10:29:52,16/9/2025 09:53:03,2022
2257,16,建筑业,研发费用金额最小值,元,596808.66,12/9/2025 10:29:52,16/9/2025 09:53:03,2022
2258,16,建筑业,研发费用金额中位数,万元,10001.81048,12/9/2025 10:29:52,16/9/2025 09:53:03,2022
2259,17,交通运输、仓储和邮政业,研发费用金额合计,百万元,17493.69125,12/9/2025 10:29:52,16/9/2025 09:53:03,2022
2260,17,交通运输、仓储和邮政业,研发投入均值,千万元,16.3492441548785,12/9/2025 10:29:52,16/9/2025 09:53:03,2022
2261,17,交通运输、仓储和邮政业,研发投入金额最大值,千万元,352.8149953,12/9/2025 10:29:52,16/9/2025 09:53:03,2022
2262,17,交通运输、仓储和邮政业,研发投入金额最小值,百万元,0.23583008,12/9/2025 10:29:52,16/9/2025 09:53:03,2022
2263,17,交通运输、仓储和邮政业,研发投入金额中位数,千万元,2.8732726260000003,12/9/2025 10:29:52,16/9/2025 09:53:03,2022
2264,18,通用设备制造业,研发支出金额合计,百万元,46325.2865,12/9/2025 10:29:53,16/9/2025 09:53:03,2022
2265,18,通用设备制造业,研发投入金额均值,元,219551120.857867,12/9/2025 10:29:53,16/9/2025 09:53:03,2022
2266,18,通用设备制造业,研发费用金额最大值,元,5064008716,12/9/2025 10:29:53,16/9/2025 09:53:03,2022
2267,18,通用设备制造业,研发支出金额最小值,百万元,4.880245,12/9/2025 10:29:53,16/9/2025 09:53:03,2022
2268,18,通用设备制造业,研发投入金额中位数,十万元,604.3326323,12/9/2025 10:29:53,16/9/2025 09:53:03,2022
2269,19,半导体业,研发投入合计,元,106190452873.52,12/9/2025 10:29:53,16/9/2025 09:53:04,2022
2270,19,半导体业,研发投入金额均值,元,628345874.991243,12/9/2025 10:29:54,16/9/2025 09:53:04,2022
2271,19,半导体业,研发支出金额最大值,万元,3570698.016,12/9/2025 10:29:54,16/9/2025 09:53:04,2022
2272,19,半导体业,研发费用金额最小值,十万元,1.0645,12/9/2025 10:29:54,16/9/2025 09:53:04,2022
2273,19,半导体业,研发支出金额中位数,百万元,142.9902054,12/9/2025 10:29:54,16/9/2025 09:53:04,2022
2274,20,租赁和商务服务业,研发费用金额合计,百万元,4152.163548,12/9/2025 10:29:54,16/9/2025 09:53:04,2022
2275,20,租赁和商务服务业,研发投入金额均值,千万元,5.3924201916753205,12/9/2025 10:29:54,16/9/2025 09:53:04,2022
2276,20,租赁和商务服务业,研发支出金额最大值,百万元,718.380274,12/9/2025 10:29:55,16/9/2025 09:53:04,2022
2277,20,租赁和商务服务业,研发投入金额最小值,元,235237,12/9/2025 10:29:55,16/9/2025 09:53:04,2022
2278,20,租赁和商务服务业,研发投入金额中位数,千万元,1.816742261,12/9/2025 10:29:55,16/9/2025 09:53:04,2022
2279,21,通信传输设备业,研发费用金额合计,万元,24644329.831566002,12/9/2025 10:29:55,16/9/2025 09:53:04,2022
2280,21,通信传输设备业,研发投入均值,百万元,2106.35297705692,12/9/2025 10:29:55,16/9/2025 09:53:04,2022
2281,21,通信传输设备业,研发投入总额最大值,十万元,1615000.866,12/9/2025 10:29:55,16/9/2025 09:53:04,2022
2282,21,通信传输设备业,研发投入金额最小值,十万元,18.86646,12/9/2025 10:29:55,16/9/2025 09:53:04,2022
2283,21,通信传输设备业,研发支出金额中位数,十万元,1227.1261190999999,12/9/2025 10:29:55,16/9/2025 09:53:04,2022
2284,22,非金属矿物制品业,研发投入合计,千万元,2663.088464,12/9/2025 10:29:56,16/9/2025 09:53:05,2022
2285,22,非金属矿物制品业,研发投入均值,百万元,239.917879615586,12/9/2025 10:29:56,16/9/2025 09:53:05,2022
2286,22,非金属矿物制品业,研发投入金额最大值,百万元,3749.112327,12/9/2025 10:29:56,16/9/2025 09:53:05,2022
2287,22,非金属矿物制品业,研发投入最小值,千万元,0.1270563,12/9/2025 10:29:56,16/9/2025 09:53:05,2022
2288,22,非金属矿物制品业,研发投入金额中位数,十万元,933.66754,12/9/2025 10:29:56,16/9/2025 09:53:05,2022
2289,23,橡胶和塑料制品业,研发投入金额合计,元,12179847531,12/9/2025 10:29:57,16/9/2025 09:53:05,2022
2290,23,橡胶和塑料制品业,研发投入金额均值,十万元,1149.04221990377,12/9/2025 10:29:57,16/9/2025 09:53:05,2022
2291,23,橡胶和塑料制品业,研发费用金额最大值,千万元,145.3703556,12/9/2025 10:29:57,16/9/2025 09:53:05,2022
2292,23,橡胶和塑料制品业,研发支出金额最小值,百万元,1.8976715100000001,12/9/2025 10:29:57,16/9/2025 09:53:05,2022
2293,23,橡胶和塑料制品业,研发投入金额中位数,元,47604030.02,12/9/2025 10:29:57,16/9/2025 09:53:05,2022
2294,24,综合,研发投入金额合计,十万元,237222.6715,12/9/2025 10:29:58,16/9/2025 09:53:05,2022
2295,24,综合,研发投入均值,元,1694447653.81643,12/9/2025 10:29:58,16/9/2025 09:53:05,2022
2296,24,综合,研发投入金额最大值,万元,1527687.477,12/9/2025 10:29:58,16/9/2025 09:53:06,2022
2297,24,综合,研发支出金额最小值,十万元,50.7952659,12/9/2025 10:29:58,16/9/2025 09:53:06,2022
2298,24,综合,研发投入金额中位数,千万元,14.84812424,12/9/2025 10:29:58,16/9/2025 09:53:06,2022
2299,25,其他制造业,研发投入金额合计,元,3211362145,12/9/2025 10:29:59,16/9/2025 09:53:06,2022
2300,25,其他制造业,研发投入总额均值,百万元,71.3636032322222,12/9/2025 10:29:59,16/9/2025 09:53:06,2022
2301,25,其他制造业,研发投入金额最大值,千万元,31.7114821,12/9/2025 10:29:59,16/9/2025 09:53:06,2022
2302,25,其他制造业,研发投入总额最小值,元,917453.55,12/9/2025 10:29:59,16/9/2025 09:53:06,2022
2303,25,其他制造业,研发支出金额中位数,万元,3432.0654310000004,12/9/2025 10:29:59,16/9/2025 09:53:06,2022
2304,26,金属制品业,研发支出金额合计,十万元,185723.1039,12/9/2025 10:29:59,16/9/2025 09:53:06,2022
2305,26,金属制品业,研发投入金额均值,元,171965836.927593,12/9/2025 10:30:00,16/9/2025 09:53:06,2022
2306,26,金属制品业,研发投入总额最大值,千万元,252.0394844,12/9/2025 10:30:00,16/9/2025 09:53:06,2022
2307,26,金属制品业,研发投入最小值,十万元,1.9916179,12/9/2025 10:30:00,16/9/2025 09:53:06,2022
2308,26,金属制品业,研发费用金额中位数,千万元,6.2343958,12/9/2025 10:30:00,16/9/2025 09:53:06,2022
2309,27,铁路、船舶、航空航天和其他运输设备制造业,研发投入金额合计,万元,6950594.196,12/9/2025 10:30:00,16/9/2025 09:53:07,2022
2310,27,铁路、船舶、航空航天和其他运输设备制造业,研发投入总额均值,百万元,702.080221861717,12/9/2025 10:30:00,16/9/2025 09:53:07,2022
2311,27,铁路、船舶、航空航天和其他运输设备制造业,研发投入最大值,万元,1329240.297,12/9/2025 10:30:00,16/9/2025 09:53:07,2022
2312,27,铁路、船舶、航空航天和其他运输设备制造业,研发投入金额最小值,千万元,0.172468992,12/9/2025 10:30:00,16/9/2025 09:53:07,2022
2313,27,铁路、船舶、航空航天和其他运输设备制造业,研发费用金额中位数,百万元,111.0020996,12/9/2025 10:30:00,16/9/2025 09:53:07,2022
2314,28,水利、环境和公共设施管理业,研发投入金额合计,百万元,5230.432631,12/9/2025 10:30:01,16/9/2025 09:53:07,2022
2315,28,水利、环境和公共设施管理业,研发支出金额均值,百万元,60.8189840823256,12/9/2025 10:30:01,16/9/2025 09:53:07,2022
2316,28,水利、环境和公共设施管理业,研发投入金额最大值,十万元,3642.3349126999997,12/9/2025 10:30:01,16/9/2025 09:53:07,2022
2317,28,水利、环境和公共设施管理业,研发支出金额最小值,元,181829.55,12/9/2025 10:30:01,16/9/2025 09:53:07,2022
2318,28,水利、环境和公共设施管理业,研发投入中位数,万元,3569.3399200000003,12/9/2025 10:30:01,16/9/2025 09:53:07,2022
2319,29,金属冶炼和压延加工业,研发投入金额合计,千万元,13522.028787985,12/9/2025 10:30:01,16/9/2025 09:53:08,2022
2320,29,金属冶炼和压延加工业,研发支出金额均值,千万元,102.439612030189,12/9/2025 10:30:01,16/9/2025 09:53:08,2022
2321,29,金属冶炼和压延加工业,研发投入总额最大值,万元,1724603.733,12/9/2025 10:30:01,16/9/2025 09:53:08,2022
2322,29,金属冶炼和压延加工业,研发投入最小值,百万元,2.67105332,12/9/2025 10:30:01,16/9/2025 09:53:08,2022
2323,29,金属冶炼和压延加工业,研发投入中位数,千万元,24.99557027,12/9/2025 10:30:02,16/9/2025 09:53:08,2022
2324,30,科学研究和技术服务业,研发投入金额合计,百万元,16698.47645,12/9/2025 10:30:02,16/9/2025 09:53:08,2022
2325,30,科学研究和技术服务业,研发支出金额均值,百万元,134.665132680403,12/9/2025 10:30:02,16/9/2025 09:53:08,2022
2326,30,科学研究和技术服务业,研发费用金额最大值,十万元,16139.58724,12/9/2025 10:30:02,16/9/2025 09:53:08,2022
2327,30,科学研究和技术服务业,研发投入总额最小值,千万元,0.577333579,12/9/2025 10:30:02,16/9/2025 09:53:08,2022
2328,30,科学研究和技术服务业,研发支出金额中位数,千万元,6.451899542,12/9/2025 10:30:02,16/9/2025 09:53:08,2022
2329,31,教育,研发支出金额合计,十万元,29784.4424,12/9/2025 10:30:02,16/9/2025 09:53:09,2022
2330,31,教育,研发投入金额均值,十万元,1191.377696,12/9/2025 10:30:02,16/9/2025 09:53:09,2022
2331,31,教育,研发支出金额最大值,百万元,803.796128,12/9/2025 10:30:02,16/9/2025 09:53:09,2022
2332,31,教育,研发支出金额最小值,百万元,2.490219,12/9/2025 10:30:02,16/9/2025 09:53:09,2022
2333,31,教育,研发投入金额中位数,百万元,29.45590237,12/9/2025 10:30:02,16/9/2025 09:53:09,2022
2334,32,仪器仪表制造业,研发投入金额合计,十万元,86267.95844,12/9/2025 10:30:03,16/9/2025 09:53:09,2022
2335,32,仪器仪表制造业,研发支出金额均值,百万元,96.9302903811236,12/9/2025 10:30:03,16/9/2025 09:53:09,2022
2336,32,仪器仪表制造业,研发投入总额最大值,元,589301729.8,12/9/2025 10:30:03,16/9/2025 09:53:09,2022
2337,32,仪器仪表制造业,研发投入金额最小值,百万元,8.396421,12/9/2025 10:30:03,16/9/2025 09:53:09,2022
2338,32,仪器仪表制造业,研发投入金额中位数,万元,6083.790729,12/9/2025 10:30:03,16/9/2025 09:53:09,2022
2339,33,文化、体育和娱乐业,研发费用金额合计,元,3374726219,12/9/2025 10:30:03,16/9/2025 09:53:09,2022
2340,33,文化、体育和娱乐业,研发投入总额均值,十万元,592.057231345614,12/9/2025 10:30:04,16/9/2025 09:53:09,2022
2341,33,文化、体育和娱乐业,研发投入金额最大值,千万元,50.600754685000005,12/9/2025 10:30:04,16/9/2025 09:53:09,2022
2342,33,文化、体育和娱乐业,研发支出金额最小值,十万元,0.39517,12/9/2025 10:30:04,16/9/2025 09:53:09,2022
2343,33,文化、体育和娱乐业,研发费用金额中位数,十万元,189.11135739999997,12/9/2025 10:30:04,16/9/2025 09:53:09,2022
2344,34,农、林、牧、渔业,研发投入金额合计,十万元,34435.94731,12/9/2025 10:30:04,16/9/2025 09:53:10,2022
2345,34,农、林、牧、渔业,研发费用金额均值,千万元,7.32679729893617,12/9/2025 10:30:04,16/9/2025 09:53:10,2022
2346,34,农、林、牧、渔业,研发投入金额最大值,百万元,1142.405803,12/9/2025 10:30:04,16/9/2025 09:53:10,2022
2347,34,农、林、牧、渔业,研发投入金额最小值,千万元,0.041621455,12/9/2025 10:30:04,16/9/2025 09:53:10,2022
2348,34,农、林、牧、渔业,研发费用金额中位数,元,23057656.68,12/9/2025 10:30:04,16/9/2025 09:53:10,2022
2349,35,卫生和社会工作,研发投入金额合计,十万元,24449.93045,12/9/2025 10:30:05,16/9/2025 09:53:10,2022
2350,35,卫生和社会工作,研发投入金额均值,万元,14382.312030764699,12/9/2025 10:30:05,16/9/2025 09:53:10,2022
2351,35,卫生和社会工作,研发投入金额最大值,千万元,64.08681475499999,12/9/2025 10:30:05,16/9/2025 09:53:10,2022
2352,35,卫生和社会工作,研发支出金额最小值,万元,85.56308,12/9/2025 10:30:05,16/9/2025 09:53:10,2022
2353,35,卫生和社会工作,研发支出金额中位数,元,23825111,12/9/2025 10:30:05,16/9/2025 09:53:11,2022
2354,36,造纸和纸制品业,研发费用金额合计,百万元,9795.484897979999,12/9/2025 10:30:06,16/9/2025 09:53:11,2022
2355,36,造纸和纸制品业,研发费用金额均值,万元,21294.532386912997,12/9/2025 10:30:06,16/9/2025 09:53:11,2022
2356,36,造纸和纸制品业,研发投入最大值,万元,129028.8365,12/9/2025 10:30:06,16/9/2025 09:53:11,2022
2357,36,造纸和纸制品业,研发投入最小值,万元,97.819478,12/9/2025 10:30:06,16/9/2025 09:53:11,2022
2358,36,造纸和纸制品业,研发投入金额中位数,千万元,8.61782705,12/9/2025 10:30:06,16/9/2025 09:53:11,2022
2359,37,住宿和餐饮业,研发投入金额合计,万元,14037.978228999998,12/9/2025 10:30:07,16/9/2025 09:53:12,2022
2360,37,住宿和餐饮业,研发投入金额均值,万元,1754.7472786249998,12/9/2025 10:30:07,16/9/2025 09:53:12,2022
2361,37,住宿和餐饮业,研发投入金额最大值,百万元,60.0180401,12/9/2025 10:30:07,16/9/2025 09:53:12,2022
2362,37,住宿和餐饮业,研发投入金额最小值,千万元,0.1608386,12/9/2025 10:30:07,16/9/2025 09:53:12,2022
2363,37,住宿和餐饮业,研发投入金额中位数,元,3320006.53,12/9/2025 10:30:07,16/9/2025 09:53:12,2022
2364,38,家具制造业,研发投入合计,百万元,5044.016376,12/9/2025 10:30:07,16/9/2025 09:53:12,2022
2365,38,家具制造业,研发投入金额均值,十万元,1327.37273047105,12/9/2025 10:30:07,16/9/2025 09:53:12,2022
2366,38,家具制造业,研发投入总额最大值,十万元,11232.424840999998,12/9/2025 10:30:07,16/9/2025 09:53:12,2022
2367,38,家具制造业,研发费用金额最小值,百万元,0.07336993,12/9/2025 10:30:07,16/9/2025 09:53:12,2022
2368,38,家具制造业,研发投入金额中位数,百万元,79.59125122,12/9/2025 10:30:07,16/9/2025 09:53:12,2022
2369,39,印刷和记录媒介复制业,研发投入合计,百万元,1112.365194,12/9/2025 10:30:08,16/9/2025 09:53:12,2022
2370,39,印刷和记录媒介复制业,研发投入均值,万元,4836.3704106087,12/9/2025 10:30:08,16/9/2025 09:53:12,2022
2371,39,印刷和记录媒介复制业,研发投入金额最大值,十万元,2295.840492,12/9/2025 10:30:08,16/9/2025 09:53:12,2022
2372,39,印刷和记录媒介复制业,研发投入总额最小值,千万元,0.7298213,12/9/2025 10:30:08,16/9/2025 09:53:12,2022
2373,39,印刷和记录媒介复制业,研发投入金额中位数,十万元,279.18229379999997,12/9/2025 10:30:08,16/9/2025 09:53:12,2022
2374,41,文教、工美、体育和娱乐用品制造业,研发投入合计,千万元,168.96536378599998,12/9/2025 10:30:09,16/9/2025 09:53:13,2022
2375,41,文教、工美、体育和娱乐用品制造业,研发费用金额均值,万元,5826.39185468966,12/9/2025 10:30:09,16/9/2025 09:53:13,2022
2376,41,文教、工美、体育和娱乐用品制造业,研发投入金额最大值,千万元,34.9275781,12/9/2025 10:30:09,16/9/2025 09:53:13,2022
2377,41,文教、工美、体育和娱乐用品制造业,研发费用金额最小值,十万元,2.7370072,12/9/2025 10:30:09,16/9/2025 09:53:13,2022
2378,41,文教、工美、体育和娱乐用品制造业,研发投入总额中位数,千万元,2.744934894,12/9/2025 10:30:09,16/9/2025 09:53:13,2022
2384,43,化学纤维制造业,研发投入金额合计,十万元,143440.4276,12/9/2025 10:30:10,16/9/2025 09:53:14,2022
2385,43,化学纤维制造业,研发投入均值,十万元,4346.67962477879,12/9/2025 10:30:10,16/9/2025 09:53:14,2022
2386,43,化学纤维制造业,研发投入总额最大值,元,4367115143,12/9/2025 10:30:11,16/9/2025 09:53:14,2022
2387,43,化学纤维制造业,研发支出金额最小值,元,4887830.8,12/9/2025 10:30:11,16/9/2025 09:53:14,2022
2388,43,化学纤维制造业,研发投入金额中位数,万元,11163.1953,12/9/2025 10:30:11,16/9/2025 09:53:14,2022
2394,45,石油加工、炼焦和核燃料加工业,研发投入金额合计,百万元,2054.592217,12/9/2025 10:30:12,16/9/2025 09:53:15,2022
2395,45,石油加工、炼焦和核燃料加工业,研发费用金额均值,元,128412013.581875,12/9/2025 10:30:12,16/9/2025 09:53:15,2022
2396,45,石油加工、炼焦和核燃料加工业,研发投入金额最大值,元,686637550.3,12/9/2025 10:30:12,16/9/2025 09:53:15,2022
2397,45,石油加工、炼焦和核燃料加工业,研发费用金额最小值,百万元,8.915127,12/9/2025 10:30:12,16/9/2025 09:53:15,2022
2398,45,石油加工、炼焦和核燃料加工业,研发投入中位数,十万元,836.3911580500001,12/9/2025 10:30:12,16/9/2025 09:53:15,2022
2399,46,废弃资源综合利用业,研发投入金额合计,千万元,380.0666469,12/9/2025 10:30:12,16/9/2025 09:53:15,2022
2400,46,废弃资源综合利用业,研发支出金额均值,千万元,16.5246368205217,12/9/2025 10:30:12,16/9/2025 09:53:15,2022
2401,46,废弃资源综合利用业,研发投入总额最大值,万元,147649.2999,12/9/2025 10:30:12,16/9/2025 09:53:15,2022
2402,46,废弃资源综合利用业,研发费用金额最小值,十万元,0.01922,12/9/2025 10:30:12,16/9/2025 09:53:15,2022
2403,46,废弃资源综合利用业,研发投入金额中位数,万元,3802.9529,12/9/2025 10:30:12,16/9/2025 09:53:15,2022
2404,47,木材加工和木、竹、藤、棕、草制品业,研发投入金额合计,元,379043253.6,12/9/2025 10:30:13,16/9/2025 09:53:16,2022
2405,47,木材加工和木、竹、藤、棕、草制品业,研发支出金额均值,万元,4211.59170711111,12/9/2025 10:30:13,16/9/2025 09:53:16,2022
2406,47,木材加工和木、竹、藤、棕、草制品业,研发投入金额最大值,十万元,1304.427392,12/9/2025 10:30:13,16/9/2025 09:53:16,2022
2407,47,木材加工和木、竹、藤、棕、草制品业,研发投入金额最小值,元,14671155,12/9/2025 10:30:13,16/9/2025 09:53:16,2022
2408,47,木材加工和木、竹、藤、棕、草制品业,研发投入中位数,万元,3006.827542,12/9/2025 10:30:13,16/9/2025 09:53:16,2022
2409,48,居民服务、修理和其他服务业,研发投入金额合计,百万元,6.7500596900000005,12/9/2025 10:30:13,16/9/2025 09:53:16,2022
2410,48,居民服务、修理和其他服务业,研发投入金额均值,万元,675.005969,12/9/2025 10:30:13,16/9/2025 09:53:16,2022
2411,48,居民服务、修理和其他服务业,研发投入最大值,百万元,6.7500596900000005,12/9/2025 10:30:13,16/9/2025 09:53:16,2022
2412,48,居民服务、修理和其他服务业,研发投入金额最小值,十万元,67.5005969,12/9/2025 10:30:13,16/9/2025 09:53:16,2022
2413,48,居民服务、修理和其他服务业,研发投入金额中位数,万元,675.005969,12/9/2025 10:30:13,16/9/2025 09:53:16,2022
2414,0,全行业,研发投入总额合计,百万元,2993096.60172487,12/9/2025 10:30:14,5/11/2025 08:56:03,2022
2415,0,全行业,研发投入金额均值,万元,53381.4268187064,12/9/2025 10:30:14,5/11/2025 08:56:03,2022
2416,0,全行业,研发投入最大值,万元,16150008.66,12/9/2025 10:30:14,5/11/2025 08:56:03,2022
2417,0,全行业,研发支出金额最小值,万元,0.1922,12/9/2025 10:30:14,5/11/2025 08:56:03,2022
2418,0,全行业,研发支出金额中位数,十万元,773.3213423999999,12/9/2025 10:30:14,5/11/2025 08:56:03,2022
2419,1,医药制造业,营业收入同比增减幅均值,%,92.299627039627,12/9/2025 10:30:14,16/9/2025 09:53:17,2022
2420,1,医药制造业,营业收入同比增减幅最大值,%,23523.81,12/9/2025 10:30:14,16/9/2025 09:53:17,2022
2421,1,医药制造业,营业收入同比增减幅最小值,%,-91.5,12/9/2025 10:30:15,16/9/2025 09:53:17,2022
2422,1,医药制造业,营业收入同比增减幅中位数,%,8.12,12/9/2025 10:30:15,16/9/2025 09:53:17,2022
2423,2,化学原料和化学制品制造业,营业收入同比增减幅均值,%,28.0379120879121,12/9/2025 10:30:15,16/9/2025 09:53:18,2022
2424,2,化学原料和化学制品制造业,营业收入同比增减幅最大值,%,3080.02,12/9/2025 10:30:15,16/9/2025 09:53:18,2022
2425,2,化学原料和化学制品制造业,营业收入同比增减幅最小值,%,-80.5,12/9/2025 10:30:15,16/9/2025 09:53:18,2022
2426,2,化学原料和化学制品制造业,营业收入同比增减幅中位数,%,10.85,12/9/2025 10:30:15,16/9/2025 09:53:18,2022
2427,3,信息传输、软件和信息技术服务业,营业收入同比增减幅均值,%,18.9832142857143,12/9/2025 10:30:15,16/9/2025 09:53:18,2022
2428,3,信息传输、软件和信息技术服务业,营业收入同比增减幅最大值,%,10054.42,12/9/2025 10:30:15,16/9/2025 09:53:18,2022
2429,3,信息传输、软件和信息技术服务业,营业收入同比增减幅最小值,%,-92.23,12/9/2025 10:30:15,16/9/2025 09:53:18,2022
2430,3,信息传输、软件和信息技术服务业,营业收入同比增减幅中位数,%,0.245,12/9/2025 10:30:15,16/9/2025 09:53:18,2022
2431,4,房地产业,营业收入同比增减幅均值,%,12.7559661016949,12/9/2025 10:30:16,16/9/2025 09:53:18,2022
2432,4,房地产业,营业收入同比增减幅最大值,%,3147.7,12/9/2025 10:30:16,16/9/2025 09:53:18,2022
2433,4,房地产业,营业收入同比增减幅最小值,%,-91.63,12/9/2025 10:30:16,16/9/2025 09:53:19,2022
2434,4,房地产业,营业收入同比增减幅中位数,%,-4.19,12/9/2025 10:30:16,16/9/2025 09:53:19,2022
2435,5,专用设备制造业,营业收入同比增减幅均值,%,21.2777802690583,12/9/2025 10:30:16,16/9/2025 09:53:19,2022
2436,5,专用设备制造业,营业收入同比增减幅最大值,%,991.8,12/9/2025 10:30:16,16/9/2025 09:53:19,2022
2437,5,专用设备制造业,营业收入同比增减幅最小值,%,-67.92,12/9/2025 10:30:16,16/9/2025 09:53:19,2022
2438,5,专用设备制造业,营业收入同比增减幅中位数,%,8.12,12/9/2025 10:30:16,16/9/2025 09:53:19,2022
2439,6,消费电子及电气业,营业收入同比增减幅均值,%,-2.52972067,12/9/2025 10:30:17,16/9/2025 09:53:19,2022
2440,6,消费电子及电气业,营业收入同比增减幅最大值,%,141.73,12/9/2025 10:30:17,16/9/2025 09:53:19,2022
2441,6,消费电子及电气业,营业收入同比增减幅最小值,%,-85.62,12/9/2025 10:30:17,16/9/2025 09:53:19,2022
2442,6,消费电子及电气业,营业收入同比增减幅中位数,%,-3.555,12/9/2025 10:30:17,16/9/2025 09:53:19,2022
2443,7,金融业,营业收入同比增减幅均值,%,-5.492852234,12/9/2025 10:30:17,16/9/2025 09:53:20,2022
2444,7,金融业,营业收入同比增减幅最大值,%,301.89,12/9/2025 10:30:17,16/9/2025 09:53:20,2022
2445,7,金融业,营业收入同比增减幅最小值,%,-183.35,12/9/2025 10:30:17,16/9/2025 09:53:20,2022
2446,7,金融业,营业收入同比增减幅中位数,%,-4.76,12/9/2025 10:30:17,16/9/2025 09:53:20,2022
2447,8,商业电气机械和器材制造业,营业收入同比增减幅均值,%,28.79015625,12/9/2025 10:30:17,16/9/2025 09:53:20,2022
2448,8,商业电气机械和器材制造业,营业收入同比增减幅最大值,%,456.09,12/9/2025 10:30:17,16/9/2025 09:53:20,2022
2449,8,商业电气机械和器材制造业,营业收入同比增减幅最小值,%,-70.04,12/9/2025 10:30:17,16/9/2025 09:53:20,2022
2450,8,商业电气机械和器材制造业,营业收入同比增减幅中位数,%,11.54,12/9/2025 10:30:17,16/9/2025 09:53:20,2022
2451,9,批发和零售业,营业收入同比增减幅均值,%,29.6939926739927,12/9/2025 10:30:18,16/9/2025 09:53:21,2022
2452,9,批发和零售业,营业收入同比增减幅最大值,%,4539.86,12/9/2025 10:30:18,16/9/2025 09:53:21,2022
2453,9,批发和零售业,营业收入同比增减幅最小值,%,-99.99,12/9/2025 10:30:18,16/9/2025 09:53:21,2022
2454,9,批发和零售业,营业收入同比增减幅中位数,%,-1.82,12/9/2025 10:30:18,16/9/2025 09:53:21,2022
2455,10,食品饮料业,营业收入同比增减幅均值,%,11.700971659919,12/9/2025 10:30:18,16/9/2025 09:53:21,2022
2456,10,食品饮料业,营业收入同比增减幅最大值,%,776.41,12/9/2025 10:30:18,16/9/2025 09:53:21,2022
2457,10,食品饮料业,营业收入同比增减幅最小值,%,-73.53,12/9/2025 10:30:18,16/9/2025 09:53:21,2022
2458,10,食品饮料业,营业收入同比增减幅中位数,%,6.25,12/9/2025 10:30:18,16/9/2025 09:53:21,2022
2463,12,汽车制造业,营业收入同比增减幅均值,%,12.0420869565217,12/9/2025 10:30:19,16/9/2025 09:53:22,2022
2464,12,汽车制造业,营业收入同比增减幅最大值,%,301.92,12/9/2025 10:30:19,16/9/2025 09:53:22,2022
2465,12,汽车制造业,营业收入同比增减幅最小值,%,-61.12,12/9/2025 10:30:19,16/9/2025 09:53:22,2022
2466,12,汽车制造业,营业收入同比增减幅中位数,%,8.04,12/9/2025 10:30:19,16/9/2025 09:53:22,2022
2467,13,电力、热力、燃气及水生产和供应业,营业收入同比增减幅均值,%,14.3587830687831,12/9/2025 10:30:19,16/9/2025 09:53:22,2022
2468,13,电力、热力、燃气及水生产和供应业,营业收入同比增减幅最大值,%,361.3,12/9/2025 10:30:20,16/9/2025 09:53:22,2022
2469,13,电力、热力、燃气及水生产和供应业,营业收入同比增减幅最小值,%,-89.5,12/9/2025 10:30:20,16/9/2025 09:53:22,2022
2470,13,电力、热力、燃气及水生产和供应业,营业收入同比增减幅中位数,%,12.61,12/9/2025 10:30:20,16/9/2025 09:53:22,2022
2471,14,采矿业,营业收入同比增减幅均值,%,29.7572727272727,12/9/2025 10:30:20,16/9/2025 09:53:23,2022
2472,14,采矿业,营业收入同比增减幅最大值,%,1005.79,12/9/2025 10:30:20,16/9/2025 09:53:23,2022
2473,14,采矿业,营业收入同比增减幅最小值,%,-99.74,12/9/2025 10:30:20,16/9/2025 09:53:23,2022
2474,14,采矿业,营业收入同比增减幅中位数,%,12.23,12/9/2025 10:30:20,16/9/2025 09:53:23,2022
2475,15,纺织鞋服业,营业收入同比增减幅均值,%,-1.615480226,12/9/2025 10:30:20,16/9/2025 09:53:23,2022
2476,15,纺织鞋服业,营业收入同比增减幅最大值,%,132.69,12/9/2025 10:30:21,16/9/2025 09:53:23,2022
2477,15,纺织鞋服业,营业收入同比增减幅最小值,%,-99.97,12/9/2025 10:30:21,16/9/2025 09:53:24,2022
2478,15,纺织鞋服业,营业收入同比增减幅中位数,%,-1.89,12/9/2025 10:30:21,16/9/2025 09:53:24,2022
2479,16,建筑业,营业收入同比增减幅均值,%,6.04317567567568,12/9/2025 10:30:21,16/9/2025 09:53:24,2022
2480,16,建筑业,营业收入同比增减幅最大值,%,688.42,12/9/2025 10:30:21,16/9/2025 09:53:24,2022
2481,16,建筑业,营业收入同比增减幅最小值,%,-79.73,12/9/2025 10:30:21,16/9/2025 09:53:24,2022
2482,16,建筑业,营业收入同比增减幅中位数,%,0.09,12/9/2025 10:30:21,16/9/2025 09:53:24,2022
2483,17,交通运输、仓储和邮政业,营业收入同比增减幅均值,%,6.51045454545454,12/9/2025 10:30:22,16/9/2025 09:53:25,2022
2484,17,交通运输、仓储和邮政业,营业收入同比增减幅最大值,%,589.68,12/9/2025 10:30:22,16/9/2025 09:53:25,2022
2485,17,交通运输、仓储和邮政业,营业收入同比增减幅最小值,%,-66.96,12/9/2025 10:30:22,16/9/2025 09:53:25,2022
2486,17,交通运输、仓储和邮政业,营业收入同比增减幅中位数,%,0.62,12/9/2025 10:30:22,16/9/2025 09:53:25,2022
2487,18,通用设备制造业,营业收入同比增减幅均值,%,1.99845070422535,12/9/2025 10:30:23,16/9/2025 09:53:25,2022
2488,18,通用设备制造业,营业收入同比增减幅最大值,%,292.9,12/9/2025 10:30:23,16/9/2025 09:53:25,2022
2489,18,通用设备制造业,营业收入同比增减幅最小值,%,-79.07,12/9/2025 10:30:23,16/9/2025 09:53:25,2022
2490,18,通用设备制造业,营业收入同比增减幅中位数,%,1.26,12/9/2025 10:30:23,16/9/2025 09:53:25,2022
2491,19,半导体业,营业收入同比增减幅均值,%,21.7761046511628,12/9/2025 10:30:24,16/9/2025 09:53:26,2022
2492,19,半导体业,营业收入同比增减幅最大值,%,2390.79,12/9/2025 10:30:24,16/9/2025 09:53:26,2022
2493,19,半导体业,营业收入同比增减幅最小值,%,-42.84,12/9/2025 10:30:24,16/9/2025 09:53:26,2022
2494,19,半导体业,营业收入同比增减幅中位数,%,3.57,12/9/2025 10:30:24,16/9/2025 09:53:26,2022
2495,20,租赁和商务服务业,营业收入同比增减幅均值,%,1.32981981981982,12/9/2025 10:30:24,16/9/2025 09:53:26,2022
2496,20,租赁和商务服务业,营业收入同比增减幅最大值,%,444.32,12/9/2025 10:30:24,16/9/2025 09:53:26,2022
2497,20,租赁和商务服务业,营业收入同比增减幅最小值,%,-88.2,12/9/2025 10:30:24,16/9/2025 09:53:26,2022
2498,20,租赁和商务服务业,营业收入同比增减幅中位数,%,-6.49,12/9/2025 10:30:24,16/9/2025 09:53:26,2022
2499,21,通信传输设备业,营业收入同比增减幅均值,%,12.2238333333333,12/9/2025 10:30:24,16/9/2025 09:53:26,2022
2500,21,通信传输设备业,营业收入同比增减幅最大值,%,470.27,12/9/2025 10:30:24,16/9/2025 09:53:26,2022
2501,21,通信传输设备业,营业收入同比增减幅最小值,%,-66.08,12/9/2025 10:30:24,16/9/2025 09:53:27,2022
2502,21,通信传输设备业,营业收入同比增减幅中位数,%,8.105,12/9/2025 10:30:25,16/9/2025 09:53:27,2022
2503,22,非金属矿物制品业,营业收入同比增减幅均值,%,9.54653225806452,12/9/2025 10:30:25,16/9/2025 09:53:27,2022
2504,22,非金属矿物制品业,营业收入同比增减幅最大值,%,181.98,12/9/2025 10:30:25,16/9/2025 09:53:27,2022
2505,22,非金属矿物制品业,营业收入同比增减幅最小值,%,-75.44,12/9/2025 10:30:25,16/9/2025 09:53:27,2022
2506,22,非金属矿物制品业,营业收入同比增减幅中位数,%,-1.315,12/9/2025 10:30:25,16/9/2025 09:53:27,2022
2507,23,橡胶和塑料制品业,营业收入同比增减幅均值,%,2.5611214953271,12/9/2025 10:30:25,16/9/2025 09:53:27,2022
2508,23,橡胶和塑料制品业,营业收入同比增减幅最大值,%,80.43,12/9/2025 10:30:25,16/9/2025 09:53:27,2022
2509,23,橡胶和塑料制品业,营业收入同比增减幅最小值,%,-35.7,12/9/2025 10:30:26,16/9/2025 09:53:27,2022
2510,23,橡胶和塑料制品业,营业收入同比增减幅中位数,%,-1.57,12/9/2025 10:30:26,16/9/2025 09:53:27,2022
2511,24,综合,营业收入同比增减幅均值,%,22.4108823529412,12/9/2025 10:30:26,16/9/2025 09:53:28,2022
2512,24,综合,营业收入同比增减幅最大值,%,488.87,12/9/2025 10:30:26,16/9/2025 09:53:28,2022
2513,24,综合,营业收入同比增减幅最小值,%,-58.08,12/9/2025 10:30:26,16/9/2025 09:53:28,2022
2514,24,综合,营业收入同比增减幅中位数,%,8.46,12/9/2025 10:30:27,16/9/2025 09:53:28,2022
2515,25,其他制造业,营业收入同比增减幅均值,%,1.64433962264151,12/9/2025 10:30:27,16/9/2025 09:53:28,2022
2516,25,其他制造业,营业收入同比增减幅最大值,%,47.76,12/9/2025 10:30:27,16/9/2025 09:53:28,2022
2517,25,其他制造业,营业收入同比增减幅最小值,%,-57.52,12/9/2025 10:30:27,16/9/2025 09:53:28,2022
2518,25,其他制造业,营业收入同比增减幅中位数,%,4.15,12/9/2025 10:30:27,16/9/2025 09:53:28,2022
2519,26,金属制品业,营业收入同比增减幅均值,%,7.37789473684211,12/9/2025 10:30:28,16/9/2025 09:53:28,2022
2520,26,金属制品业,营业收入同比增减幅最大值,%,119.04,12/9/2025 10:30:28,16/9/2025 09:53:28,2022
2521,26,金属制品业,营业收入同比增减幅最小值,%,-57.89,12/9/2025 10:30:28,16/9/2025 09:53:28,2022
2522,26,金属制品业,营业收入同比增减幅中位数,%,1.705,12/9/2025 10:30:28,16/9/2025 09:53:28,2022
2523,27,铁路、船舶、航空航天和其他运输设备制造业,营业收入同比增减幅均值,%,9.16181818181818,12/9/2025 10:30:29,16/9/2025 09:53:29,2022
2524,27,铁路、船舶、航空航天和其他运输设备制造业,营业收入同比增减幅最大值,%,188.74,12/9/2025 10:30:29,16/9/2025 09:53:29,2022
2525,27,铁路、船舶、航空航天和其他运输设备制造业,营业收入同比增减幅最小值,%,-87.55,12/9/2025 10:30:29,16/9/2025 09:53:29,2022
2526,27,铁路、船舶、航空航天和其他运输设备制造业,营业收入同比增减幅中位数,%,6.25,12/9/2025 10:30:29,16/9/2025 09:53:29,2022
2527,28,水利、环境和公共设施管理业,营业收入同比增减幅均值,%,-5.000673077,12/9/2025 10:30:29,16/9/2025 09:53:29,2022
2528,28,水利、环境和公共设施管理业,营业收入同比增减幅最大值,%,308.64,12/9/2025 10:30:29,16/9/2025 09:53:29,2022
2529,28,水利、环境和公共设施管理业,营业收入同比增减幅最小值,%,-69.13,12/9/2025 10:30:29,16/9/2025 09:53:29,2022
2530,28,水利、环境和公共设施管理业,营业收入同比增减幅中位数,%,-9.25,12/9/2025 10:30:30,16/9/2025 09:53:30,2022
2531,29,金属冶炼和压延加工业,营业收入同比增减幅均值,%,21.5103448275862,12/9/2025 10:30:30,16/9/2025 09:53:30,2022
2532,29,金属冶炼和压延加工业,营业收入同比增减幅最大值,%,422.88,12/9/2025 10:30:30,16/9/2025 09:53:30,2022
2533,29,金属冶炼和压延加工业,营业收入同比增减幅最小值,%,-36.53,12/9/2025 10:30:30,16/9/2025 09:53:30,2022
2534,29,金属冶炼和压延加工业,营业收入同比增减幅中位数,%,7.81,12/9/2025 10:30:30,16/9/2025 09:53:30,2022
2535,30,科学研究和技术服务业,营业收入同比增减幅均值,%,10.8561904761905,12/9/2025 10:30:31,16/9/2025 09:53:31,2022
2536,30,科学研究和技术服务业,营业收入同比增减幅最大值,%,237.82,12/9/2025 10:30:31,16/9/2025 09:53:31,2022
2537,30,科学研究和技术服务业,营业收入同比增减幅最小值,%,-60.77,12/9/2025 10:30:31,16/9/2025 09:53:31,2022
2538,30,科学研究和技术服务业,营业收入同比增减幅中位数,%,8.785,12/9/2025 10:30:31,16/9/2025 09:53:31,2022
2539,31,教育,营业收入同比增减幅均值,%,-0.81,12/9/2025 10:30:32,16/9/2025 09:53:31,2022
2540,31,教育,营业收入同比增减幅最大值,%,206.2,12/9/2025 10:30:32,16/9/2025 09:53:31,2022
2541,31,教育,营业收入同比增减幅最小值,%,-95.3,12/9/2025 10:30:32,16/9/2025 09:53:31,2022
2542,31,教育,营业收入同比增减幅中位数,%,1.655,12/9/2025 10:30:32,16/9/2025 09:53:31,2022
2543,32,仪器仪表制造业,营业收入同比增减幅均值,%,8.06550561797753,12/9/2025 10:30:33,16/9/2025 09:53:31,2022
2544,32,仪器仪表制造业,营业收入同比增减幅最大值,%,59.1,12/9/2025 10:30:33,16/9/2025 09:53:31,2022
2545,32,仪器仪表制造业,营业收入同比增减幅最小值,%,-42.86,12/9/2025 10:30:33,16/9/2025 09:53:32,2022
2546,32,仪器仪表制造业,营业收入同比增减幅中位数,%,10.62,12/9/2025 10:30:33,16/9/2025 09:53:32,2022
2547,33,文化、体育和娱乐业,营业收入同比增减幅均值,%,-3.786704545,12/9/2025 10:30:33,16/9/2025 09:53:32,2022
2548,33,文化、体育和娱乐业,营业收入同比增减幅最大值,%,414.48,12/9/2025 10:30:33,16/9/2025 09:53:32,2022
2549,33,文化、体育和娱乐业,营业收入同比增减幅最小值,%,-92.49,12/9/2025 10:30:33,16/9/2025 09:53:32,2022
2550,33,文化、体育和娱乐业,营业收入同比增减幅中位数,%,-3.32,12/9/2025 10:30:33,16/9/2025 09:53:32,2022
2551,34,农、林、牧、渔业,营业收入同比增减幅均值,%,37.2046,12/9/2025 10:30:34,16/9/2025 09:53:32,2022
2552,34,农、林、牧、渔业,营业收入同比增减幅最大值,%,753.4,12/9/2025 10:30:34,16/9/2025 09:53:32,2022
2553,34,农、林、牧、渔业,营业收入同比增减幅最小值,%,-86.23,12/9/2025 10:30:34,16/9/2025 09:53:32,2022
2554,34,农、林、牧、渔业,营业收入同比增减幅中位数,%,15.26,12/9/2025 10:30:34,16/9/2025 09:53:32,2022
2555,35,卫生和社会工作,营业收入同比增减幅均值,%,20.7320689655172,12/9/2025 10:30:34,16/9/2025 09:53:33,2022
2556,35,卫生和社会工作,营业收入同比增减幅最大值,%,207.91,12/9/2025 10:30:34,16/9/2025 09:53:33,2022
2557,35,卫生和社会工作,营业收入同比增减幅最小值,%,-40.76,12/9/2025 10:30:34,16/9/2025 09:53:33,2022
2558,35,卫生和社会工作,营业收入同比增减幅中位数,%,1.52,12/9/2025 10:30:34,16/9/2025 09:53:33,2022
2559,36,造纸和纸制品业,营业收入同比增减幅均值,%,2.84901960784314,12/9/2025 10:30:34,16/9/2025 09:53:33,2022
2560,36,造纸和纸制品业,营业收入同比增减幅最大值,%,61.56,12/9/2025 10:30:35,16/9/2025 09:53:33,2022
2561,36,造纸和纸制品业,营业收入同比增减幅最小值,%,-35,12/9/2025 10:30:35,16/9/2025 09:53:34,2022
2562,36,造纸和纸制品业,营业收入同比增减幅中位数,%,1.85,12/9/2025 10:30:35,16/9/2025 09:53:34,2022
2563,37,住宿和餐饮业,营业收入同比增减幅均值,%,599.818,12/9/2025 10:30:35,16/9/2025 09:53:34,2022
2564,37,住宿和餐饮业,营业收入同比增减幅最大值,%,21217.83,12/9/2025 10:30:35,16/9/2025 09:53:34,2022
2565,37,住宿和餐饮业,营业收入同比增减幅最小值,%,-88.79,12/9/2025 10:30:35,16/9/2025 09:53:34,2022
2566,37,住宿和餐饮业,营业收入同比增减幅中位数,%,-4.17,12/9/2025 10:30:35,16/9/2025 09:53:34,2022
2567,38,家具制造业,营业收入同比增减幅均值,%,-9.56744186,12/9/2025 10:30:35,16/9/2025 09:53:34,2022
2568,38,家具制造业,营业收入同比增减幅最大值,%,49.45,12/9/2025 10:30:35,16/9/2025 09:53:34,2022
2569,38,家具制造业,营业收入同比增减幅最小值,%,-74.81,12/9/2025 10:30:35,16/9/2025 09:53:34,2022
2570,38,家具制造业,营业收入同比增减幅中位数,%,-3.47,12/9/2025 10:30:35,16/9/2025 09:53:34,2022
2571,39,印刷和记录媒介复制业,营业收入同比增减幅均值,%,-5.234242424,12/9/2025 10:30:36,16/9/2025 09:53:35,2022
2572,39,印刷和记录媒介复制业,营业收入同比增减幅最大值,%,78.98,12/9/2025 10:30:36,16/9/2025 09:53:35,2022
2573,39,印刷和记录媒介复制业,营业收入同比增减幅最小值,%,-72.81,12/9/2025 10:30:36,16/9/2025 09:53:35,2022
2574,39,印刷和记录媒介复制业,营业收入同比增减幅中位数,%,-5.04,12/9/2025 10:30:36,16/9/2025 09:53:35,2022
2575,41,文教、工美、体育和娱乐用品制造业,营业收入同比增减幅均值,%,1.91641025641026,12/9/2025 10:30:37,16/9/2025 09:53:35,2022
2576,41,文教、工美、体育和娱乐用品制造业,营业收入同比增减幅最大值,%,195.82,12/9/2025 10:30:37,16/9/2025 09:53:35,2022
2577,41,文教、工美、体育和娱乐用品制造业,营业收入同比增减幅最小值,%,-53,12/9/2025 10:30:37,16/9/2025 09:53:35,2022
2578,41,文教、工美、体育和娱乐用品制造业,营业收入同比增减幅中位数,%,-8.47,12/9/2025 10:30:37,16/9/2025 09:53:35,2022
2583,43,化学纤维制造业,营业收入同比增减幅均值,%,13.4694117647059,12/9/2025 10:30:38,16/9/2025 09:53:36,2022
2584,43,化学纤维制造业,营业收入同比增减幅最大值,%,93.54,12/9/2025 10:30:38,16/9/2025 09:53:36,2022
2585,43,化学纤维制造业,营业收入同比增减幅最小值,%,-33.2,12/9/2025 10:30:38,16/9/2025 09:53:36,2022
2586,43,化学纤维制造业,营业收入同比增减幅中位数,%,4.15,12/9/2025 10:30:38,16/9/2025 09:53:36,2022
2591,45,石油加工、炼焦和核燃料加工业,营业收入同比增减幅均值,%,9.38238095238095,12/9/2025 10:30:39,16/9/2025 09:53:36,2022
2592,45,石油加工、炼焦和核燃料加工业,营业收入同比增减幅最大值,%,109.35,12/9/2025 10:30:39,16/9/2025 09:53:36,2022
2593,45,石油加工、炼焦和核燃料加工业,营业收入同比增减幅最小值,%,-63.52,12/9/2025 10:30:39,16/9/2025 09:53:36,2022
2594,45,石油加工、炼焦和核燃料加工业,营业收入同比增减幅中位数,%,8.73,12/9/2025 10:30:39,16/9/2025 09:53:36,2022
2595,46,废弃资源综合利用业,营业收入同比增减幅均值,%,15.7111538461538,12/9/2025 10:30:40,16/9/2025 09:53:37,2022
2596,46,废弃资源综合利用业,营业收入同比增减幅最大值,%,118.67,12/9/2025 10:30:40,16/9/2025 09:53:37,2022
2597,46,废弃资源综合利用业,营业收入同比增减幅最小值,%,-41.94,12/9/2025 10:30:40,16/9/2025 09:53:37,2022
2598,46,废弃资源综合利用业,营业收入同比增减幅中位数,%,7.1,12/9/2025 10:30:40,16/9/2025 09:53:37,2022
2599,47,木材加工和木、竹、藤、棕、草制品业,营业收入同比增减幅均值,%,-24.29,12/9/2025 10:30:40,16/9/2025 09:53:37,2022
2600,47,木材加工和木、竹、藤、棕、草制品业,营业收入同比增减幅最大值,%,-0.6,12/9/2025 10:30:40,16/9/2025 09:53:37,2022
2601,47,木材加工和木、竹、藤、棕、草制品业,营业收入同比增减幅最小值,%,-65.54,12/9/2025 10:30:40,16/9/2025 09:53:37,2022
2602,47,木材加工和木、竹、藤、棕、草制品业,营业收入同比增减幅中位数,%,-15.83,12/9/2025 10:30:40,16/9/2025 09:53:37,2022
2603,48,居民服务、修理和其他服务业,营业收入同比增减幅均值,%,1.8475,12/9/2025 10:30:41,16/9/2025 09:53:37,2022
2604,48,居民服务、修理和其他服务业,营业收入同比增减幅最大值,%,13.22,12/9/2025 10:30:41,16/9/2025 09:53:37,2022
2605,48,居民服务、修理和其他服务业,营业收入同比增减幅最小值,%,-6.66,12/9/2025 10:30:41,16/9/2025 09:53:37,2022
2606,48,居民服务、修理和其他服务业,营业收入同比增减幅中位数,%,0.415,12/9/2025 10:30:41,16/9/2025 09:53:37,2022
2607,0,全行业,营业收入同比增减幅均值,%,20.7599475600874,12/9/2025 10:30:41,5/11/2025 08:56:03,2022
2608,0,全行业,营业收入同比增减幅最大值,%,23523.81,12/9/2025 10:30:41,5/11/2025 08:56:03,2022
2609,0,全行业,营业收入同比增减幅最小值,%,-183.35,12/9/2025 10:30:42,5/11/2025 08:56:03,2022
2610,0,全行业,营业收入同比增减幅中位数,%,3.3,12/9/2025 10:30:42,5/11/2025 08:56:03,2022
2611,1,医药制造业,营业利润金额合计,十万元,1262110.8853755,12/9/2025 10:30:42,16/9/2025 09:53:38,2022
2612,1,医药制造业,经营利润金额均值,千万元,28.109373839098,12/9/2025 10:30:42,16/9/2025 09:53:38,2022
2613,1,医药制造业,营业利润总额最大值,百万元,8758.383466,12/9/2025 10:30:42,16/9/2025 09:53:38,2022
2614,1,医药制造业,营业利润金额最小值,元,-13425285925,12/9/2025 10:30:42,16/9/2025 09:53:38,2022
2615,1,医药制造业,营业利润金额中位数,元,120598211.9,12/9/2025 10:30:42,16/9/2025 09:53:38,2022
2616,2,化学原料和化学制品制造业,营业利润金额合计,千万元,26696.624483904998,12/9/2025 10:30:43,16/9/2025 09:53:39,2022
2617,2,化学原料和化学制品制造业,营业利润金额均值,千万元,73.342374955783,12/9/2025 10:30:43,16/9/2025 09:53:39,2022
2618,2,化学原料和化学制品制造业,营业利润金额最大值,元,21398672937,12/9/2025 10:30:43,16/9/2025 09:53:39,2022
2619,2,化学原料和化学制品制造业,营业利润金额最小值,百万元,-1350.704397,12/9/2025 10:30:43,16/9/2025 09:53:39,2022
2620,2,化学原料和化学制品制造业,营业利润金额中位数,千万元,20.83843057,12/9/2025 10:30:43,16/9/2025 09:53:39,2022
2621,3,信息传输、软件和信息技术服务业,营业利润金额合计,元,849947529940.01,12/9/2025 10:30:43,16/9/2025 09:53:39,2022
2622,3,信息传输、软件和信息技术服务业,营业利润金额均值,千万元,131.979430114908,12/9/2025 10:30:44,16/9/2025 09:53:39,2022
2623,3,信息传输、软件和信息技术服务业,营业利润金额最大值,十万元,1613060.486,12/9/2025 10:30:44,16/9/2025 09:53:39,2022
2624,3,信息传输、软件和信息技术服务业,营业利润金额最小值,十万元,-125579.4159,12/9/2025 10:30:44,16/9/2025 09:53:39,2022
2625,3,信息传输、软件和信息技术服务业,营业利润总额中位数,百万元,28.22931595,12/9/2025 10:30:44,16/9/2025 09:53:39,2022
2626,4,房地产业,营业利润总额合计,十万元,3502290.9795516,12/9/2025 10:30:44,16/9/2025 09:53:40,2022
2627,4,房地产业,营业利润总额均值,十万元,11872.172812039298,12/9/2025 10:30:44,16/9/2025 09:53:40,2022
2628,4,房地产业,营业利润最大值,万元,8008094.726,12/9/2025 10:30:44,16/9/2025 09:53:40,2022
2629,4,房地产业,营业利润金额最小值,百万元,-23750.23746,12/9/2025 10:30:44,16/9/2025 09:53:40,2022
2630,4,房地产业,营业利润金额中位数,十万元,1303.68786,12/9/2025 10:30:44,16/9/2025 09:53:40,2022
2631,5,专用设备制造业,营业利润合计,十万元,1576673.8463519001,12/9/2025 10:30:44,16/9/2025 09:53:40,2022
2632,5,专用设备制造业,营业利润均值,十万元,3527.23455559709,12/9/2025 10:30:45,16/9/2025 09:53:40,2022
2633,5,专用设备制造业,营业利润金额最大值,元,18311835933,12/9/2025 10:30:45,16/9/2025 09:53:40,2022
2634,5,专用设备制造业,经营利润金额最小值,万元,-340710.4313,12/9/2025 10:30:45,16/9/2025 09:53:40,2022
2635,5,专用设备制造业,营业利润金额中位数,百万元,104.454938,12/9/2025 10:30:45,16/9/2025 09:53:40,2022
2636,6,消费电子及电气业,营业利润金额合计,千万元,27138.133810019,12/9/2025 10:30:45,16/9/2025 09:53:41,2022
2637,6,消费电子及电气业,营业利润金额均值,万元,75804.84304474581,12/9/2025 10:30:45,16/9/2025 09:53:41,2022
2638,6,消费电子及电气业,营业利润总额最大值,百万元,34763.29035,12/9/2025 10:30:45,16/9/2025 09:53:41,2022
2639,6,消费电子及电气业,营业利润最小值,千万元,-531.9567689,12/9/2025 10:30:45,16/9/2025 09:53:41,2022
2640,6,消费电子及电气业,营业利润金额中位数,千万元,11.09418901,12/9/2025 10:30:45,16/9/2025 09:53:41,2022
2641,7,金融业,营业利润金额合计,百万元,5238784.55954095,12/9/2025 10:30:45,16/9/2025 09:53:41,2022
2642,7,金融业,营业利润金额均值,元,17639005250.9796,12/9/2025 10:30:45,16/9/2025 09:53:41,2022
2643,7,金融业,营业利润金额最大值,千万元,42037.8095,12/9/2025 10:30:46,16/9/2025 09:53:41,2022
2644,7,金融业,经营利润金额最小值,万元,-3711629.863,12/9/2025 10:30:46,16/9/2025 09:53:41,2022
2645,7,金融业,营业利润中位数,千万元,101.0930425,12/9/2025 10:30:46,16/9/2025 09:53:41,2022
2646,8,商业电气机械和器材制造业,营业利润总额合计,万元,32195330.941021003,12/9/2025 10:30:46,16/9/2025 09:53:42,2022
2647,8,商业电气机械和器材制造业,营业利润金额均值,元,1006104091.90691,12/9/2025 10:30:46,16/9/2025 09:53:42,2022
2648,8,商业电气机械和器材制造业,营业利润金额最大值,万元,3957383.4314139998,12/9/2025 10:30:46,16/9/2025 09:53:42,2022
2649,8,商业电气机械和器材制造业,营业利润金额最小值,元,-1269477942,12/9/2025 10:30:46,16/9/2025 09:53:42,2022
2650,8,商业电气机械和器材制造业,营业利润总额中位数,十万元,1285.76301,12/9/2025 10:30:46,16/9/2025 09:53:42,2022
2651,9,批发和零售业,营业利润金额合计,万元,13424475.854905,12/9/2025 10:30:46,16/9/2025 09:53:42,2022
2652,9,批发和零售业,营业利润均值,百万元,491.739042304212,12/9/2025 10:30:46,16/9/2025 09:53:43,2022
2653,9,批发和零售业,营业利润总额最大值,百万元,20604.41144,12/9/2025 10:30:46,16/9/2025 09:53:43,2022
2654,9,批发和零售业,经营利润金额最小值,元,-20285451731,12/9/2025 10:30:46,16/9/2025 09:53:43,2022
2655,9,批发和零售业,营业利润中位数,千万元,10.49005038,12/9/2025 10:30:46,16/9/2025 09:53:43,2022
2656,10,食品饮料业,营业利润总额合计,万元,34520451.808079,12/9/2025 10:30:47,16/9/2025 09:53:43,2022
2657,10,食品饮料业,营业利润金额均值,元,1397589142.02749,12/9/2025 10:30:47,16/9/2025 09:53:43,2022
2658,10,食品饮料业,营业利润最大值,千万元,8787.957235335001,12/9/2025 10:30:47,16/9/2025 09:53:43,2022
2659,10,食品饮料业,营业利润最小值,十万元,-14828.05904,12/9/2025 10:30:47,16/9/2025 09:53:43,2022
2660,10,食品饮料业,营业利润金额中位数,元,159976754,12/9/2025 10:30:47,16/9/2025 09:53:43,2022
2666,12,汽车制造业,营业利润金额合计,百万元,131134.27625203,12/9/2025 10:30:48,16/9/2025 09:53:44,2022
2667,12,汽车制造业,营业利润均值,千万元,57.0149027182739,12/9/2025 10:30:48,16/9/2025 09:53:44,2022
2668,12,汽车制造业,经营利润金额最大值,百万元,26022.25092,12/9/2025 10:30:48,16/9/2025 09:53:44,2022
2669,12,汽车制造业,经营利润金额最小值,千万元,-1564.066293,12/9/2025 10:30:48,16/9/2025 09:53:44,2022
2670,12,汽车制造业,营业利润中位数,十万元,1068.796037,12/9/2025 10:30:48,16/9/2025 09:53:44,2022
2671,13,电力、热力、燃气及水生产和供应业,营业利润总额合计,千万元,30335.592587098,12/9/2025 10:30:48,16/9/2025 09:53:44,2022
2672,13,电力、热力、燃气及水生产和供应业,营业利润均值,千万元,160.505780884116,12/9/2025 10:30:48,16/9/2025 09:53:44,2022
2673,13,电力、热力、燃气及水生产和供应业,营业利润总额最大值,万元,3038806.2442650003,12/9/2025 10:30:48,16/9/2025 09:53:45,2022
2674,13,电力、热力、燃气及水生产和供应业,营业利润金额最小值,万元,-1081393.689,12/9/2025 10:30:48,16/9/2025 09:53:45,2022
2675,13,电力、热力、燃气及水生产和供应业,营业利润金额中位数,千万元,33.241873989999995,12/9/2025 10:30:48,16/9/2025 09:53:45,2022
2676,14,采矿业,经营利润金额合计,元,1848766550514.11,12/9/2025 10:30:49,16/9/2025 09:53:45,2022
2677,14,采矿业,营业利润金额均值,十万元,129284.374161826,12/9/2025 10:30:49,16/9/2025 09:53:45,2022
2678,14,采矿业,营业利润总额最大值,百万元,242564.0862,12/9/2025 10:30:49,16/9/2025 09:53:45,2022
2679,14,采矿业,营业利润金额最小值,万元,-117546.8582,12/9/2025 10:30:49,16/9/2025 09:53:45,2022
2680,14,采矿业,营业利润金额中位数,千万元,73.9206789,12/9/2025 10:30:49,16/9/2025 09:53:45,2022
2681,15,纺织鞋服业,经营利润金额合计,万元,4867117.174,12/9/2025 10:30:49,16/9/2025 09:53:46,2022
2682,15,纺织鞋服业,营业利润总额均值,百万元,274.978371419096,12/9/2025 10:30:49,16/9/2025 09:53:46,2022
2683,15,纺织鞋服业,营业利润最大值,元,11230087833,12/9/2025 10:30:49,16/9/2025 09:53:46,2022
2684,15,纺织鞋服业,营业利润金额最小值,十万元,-19940.01627,12/9/2025 10:30:49,16/9/2025 09:53:46,2022
2685,15,纺织鞋服业,营业利润总额中位数,元,42261068.5,12/9/2025 10:30:49,16/9/2025 09:53:46,2022
2686,16,建筑业,营业利润金额合计,千万元,44814.765966968,12/9/2025 10:30:50,16/9/2025 09:53:46,2022
2687,16,建筑业,营业利润金额均值,千万元,302.802472749784,12/9/2025 10:30:50,16/9/2025 09:53:46,2022
2688,16,建筑业,营业利润最大值,百万元,86733.06725,12/9/2025 10:30:50,16/9/2025 09:53:46,2022
2689,16,建筑业,营业利润最小值,千万元,-561.7801644,12/9/2025 10:30:50,16/9/2025 09:53:46,2022
2690,16,建筑业,营业利润总额中位数,千万元,7.444801785,12/9/2025 10:30:50,16/9/2025 09:53:46,2022
2691,17,交通运输、仓储和邮政业,营业利润金额合计,百万元,382996.49779496004,12/9/2025 10:30:50,16/9/2025 09:53:47,2022
2692,17,交通运输、仓储和邮政业,营业利润均值,千万元,217.611646474409,12/9/2025 10:30:50,16/9/2025 09:53:47,2022
2693,17,交通运输、仓储和邮政业,经营利润金额最大值,万元,16726375.364069,12/9/2025 10:30:50,16/9/2025 09:53:47,2022
2694,17,交通运输、仓储和邮政业,营业利润总额最小值,百万元,-46084.57057,12/9/2025 10:30:50,16/9/2025 09:53:47,2022
2695,17,交通运输、仓储和邮政业,营业利润金额中位数,元,278839185,12/9/2025 10:30:50,16/9/2025 09:53:47,2022
2696,18,通用设备制造业,营业利润合计,十万元,456492.52266089997,12/9/2025 10:30:50,16/9/2025 09:53:47,2022
2697,18,通用设备制造业,经营利润金额均值,百万元,214.31573833845098,12/9/2025 10:30:50,16/9/2025 09:53:47,2022
2698,18,通用设备制造业,营业利润金额最大值,万元,386492.8178,12/9/2025 10:30:50,16/9/2025 09:53:47,2022
2699,18,通用设备制造业,经营利润金额最小值,元,-2024453789,12/9/2025 10:30:51,16/9/2025 09:53:47,2022
2700,18,通用设备制造业,经营利润金额中位数,万元,7888.324147,12/9/2025 10:30:51,16/9/2025 09:53:47,2022
2701,19,半导体业,营业利润合计,元,411298557285.26,12/9/2025 10:30:51,16/9/2025 09:53:48,2022
2702,19,半导体业,营业利润均值,万元,239127.068189105,12/9/2025 10:30:51,16/9/2025 09:53:48,2022
2703,19,半导体业,营业利润金额最大值,百万元,245229.2901,12/9/2025 10:30:51,16/9/2025 09:53:48,2022
2704,19,半导体业,营业利润金额最小值,千万元,-98.33549658,12/9/2025 10:30:51,16/9/2025 09:53:48,2022
2705,19,半导体业,营业利润中位数,千万元,16.58295686,12/9/2025 10:30:51,16/9/2025 09:53:48,2022
2706,20,租赁和商务服务业,营业利润总额合计,千万元,2657.480772,12/9/2025 10:30:51,16/9/2025 09:53:48,2022
2707,20,租赁和商务服务业,营业利润金额均值,千万元,23.941268219270302,12/9/2025 10:30:51,16/9/2025 09:53:49,2022
2708,20,租赁和商务服务业,经营利润金额最大值,万元,773218.1836,12/9/2025 10:30:52,16/9/2025 09:53:49,2022
2709,20,租赁和商务服务业,营业利润总额最小值,十万元,-22092.17059,12/9/2025 10:30:52,16/9/2025 09:53:49,2022
2710,20,租赁和商务服务业,营业利润总额中位数,千万元,1.1445832,12/9/2025 10:30:52,16/9/2025 09:53:49,2022
2711,21,通信传输设备业,营业利润金额合计,万元,9782455.318485001,12/9/2025 10:30:52,16/9/2025 09:53:49,2022
2712,21,通信传输设备业,营业利润总额均值,千万元,81.520460987375,12/9/2025 10:30:52,16/9/2025 09:53:49,2022
2713,21,通信传输设备业,营业利润金额最大值,百万元,42216.02495,12/9/2025 10:30:52,16/9/2025 09:53:50,2022
2714,21,通信传输设备业,经营利润金额最小值,千万元,-136.854965,12/9/2025 10:30:52,16/9/2025 09:53:50,2022
2715,21,通信传输设备业,营业利润总额中位数,千万元,8.462349250499999,12/9/2025 10:30:52,16/9/2025 09:53:50,2022
2716,22,非金属矿物制品业,营业利润金额合计,万元,11749852.489171,12/9/2025 10:30:53,16/9/2025 09:53:50,2022
2717,22,非金属矿物制品业,营业利润总额均值,百万元,939.98819913368,12/9/2025 10:30:53,16/9/2025 09:53:50,2022
2718,22,非金属矿物制品业,营业利润总额最大值,千万元,1947.362076,12/9/2025 10:30:53,16/9/2025 09:53:50,2022
2719,22,非金属矿物制品业,营业利润最小值,十万元,-43307.35991,12/9/2025 10:30:53,16/9/2025 09:53:50,2022
2720,22,非金属矿物制品业,营业利润金额中位数,元,194634498.5,12/9/2025 10:30:53,16/9/2025 09:53:50,2022
2721,23,橡胶和塑料制品业,营业利润金额合计,千万元,2460.194428,12/9/2025 10:30:54,16/9/2025 09:53:51,2022
2722,23,橡胶和塑料制品业,营业利润金额均值,十万元,2299.24712858598,12/9/2025 10:30:54,16/9/2025 09:53:51,2022
2723,23,橡胶和塑料制品业,营业利润总额最大值,千万元,476.94104990100004,12/9/2025 10:30:54,16/9/2025 09:53:51,2022
2724,23,橡胶和塑料制品业,营业利润总额最小值,元,-464836322.2,12/9/2025 10:30:54,16/9/2025 09:53:51,2022
2725,23,橡胶和塑料制品业,营业利润金额中位数,千万元,7.578912884999999,12/9/2025 10:30:54,16/9/2025 09:53:51,2022
2726,24,综合,营业利润金额合计,千万元,15750.743843060001,12/9/2025 10:30:55,16/9/2025 09:53:52,2022
2727,24,综合,营业利润均值,百万元,4632.57171854706,12/9/2025 10:30:55,16/9/2025 09:53:52,2022
2728,24,综合,营业利润金额最大值,百万元,126882.8151,12/9/2025 10:30:55,16/9/2025 09:53:52,2022
2729,24,综合,营业利润金额最小值,十万元,-4885.639265,12/9/2025 10:30:55,16/9/2025 09:53:52,2022
2730,24,综合,营业利润金额中位数,十万元,1095.226023,12/9/2025 10:30:55,16/9/2025 09:53:52,2022
2731,25,其他制造业,经营利润金额合计,千万元,593.1331269,12/9/2025 10:30:55,16/9/2025 09:53:52,2022
2732,25,其他制造业,营业利润金额均值,千万元,11.191191074396201,12/9/2025 10:30:55,16/9/2025 09:53:52,2022
2733,25,其他制造业,营业利润最大值,千万元,106.3419625,12/9/2025 10:30:55,16/9/2025 09:53:52,2022
2734,25,其他制造业,营业利润最小值,百万元,-222.9830403,12/9/2025 10:30:55,16/9/2025 09:53:52,2022
2735,25,其他制造业,营业利润金额中位数,千万元,6.098239957,12/9/2025 10:30:55,16/9/2025 09:53:52,2022
2736,26,金属制品业,营业利润金额合计,万元,4207663.093,12/9/2025 10:30:56,16/9/2025 09:53:52,2022
2737,26,金属制品业,营业利润总额均值,万元,36909.3253763684,12/9/2025 10:30:56,16/9/2025 09:53:53,2022
2738,26,金属制品业,营业利润最大值,十万元,75052.09564,12/9/2025 10:30:56,16/9/2025 09:53:53,2022
2739,26,金属制品业,经营利润金额最小值,万元,-80491.74121,12/9/2025 10:30:56,16/9/2025 09:53:53,2022
2740,26,金属制品业,营业利润总额中位数,元,108739364.6,12/9/2025 10:30:56,16/9/2025 09:53:53,2022
2741,27,铁路、船舶、航空航天和其他运输设备制造业,经营利润金额合计,百万元,78215.60022,12/9/2025 10:30:56,16/9/2025 09:53:53,2022
2742,27,铁路、船舶、航空航天和其他运输设备制造业,营业利润金额均值,十万元,7900.56567881515,12/9/2025 10:30:56,16/9/2025 09:53:53,2022
2743,27,铁路、船舶、航空航天和其他运输设备制造业,营业利润总额最大值,十万元,159797.9995,12/9/2025 10:30:56,16/9/2025 09:53:53,2022
2744,27,铁路、船舶、航空航天和其他运输设备制造业,营业利润金额最小值,元,-2576752680,12/9/2025 10:30:56,16/9/2025 09:53:53,2022
2745,27,铁路、船舶、航空航天和其他运输设备制造业,经营利润金额中位数,元,176764498.4,12/9/2025 10:30:56,16/9/2025 09:53:53,2022
2746,28,水利、环境和公共设施管理业,营业利润金额合计,千万元,1651.053055,12/9/2025 10:30:56,16/9/2025 09:53:54,2022
2747,28,水利、环境和公共设施管理业,营业利润均值,百万元,158.755101425481,12/9/2025 10:30:57,16/9/2025 09:53:54,2022
2748,28,水利、环境和公共设施管理业,营业利润最大值,百万元,9097.395421700001,12/9/2025 10:30:57,16/9/2025 09:53:54,2022
2749,28,水利、环境和公共设施管理业,营业利润最小值,百万元,-5594.798661,12/9/2025 10:30:57,16/9/2025 09:53:54,2022
2750,28,水利、环境和公共设施管理业,营业利润金额中位数,元,45999216.15,12/9/2025 10:30:57,16/9/2025 09:53:54,2022
2751,29,金属冶炼和压延加工业,营业利润合计,百万元,306859.09671112,12/9/2025 10:30:57,16/9/2025 09:53:54,2022
2752,29,金属冶炼和压延加工业,营业利润均值,千万元,211.626963249048,12/9/2025 10:30:57,16/9/2025 09:53:54,2022
2753,29,金属冶炼和压延加工业,营业利润最大值,百万元,39911.47492,12/9/2025 10:30:57,16/9/2025 09:53:54,2022
2754,29,金属冶炼和压延加工业,营业利润总额最小值,十万元,-42553.13388,12/9/2025 10:30:57,16/9/2025 09:53:54,2022
2755,29,金属冶炼和压延加工业,营业利润金额中位数,万元,25228.295072999998,12/9/2025 10:30:57,16/9/2025 09:53:54,2022
2756,30,科学研究和技术服务业,营业利润金额合计,元,45378449972,12/9/2025 10:30:57,16/9/2025 09:53:55,2022
2757,30,科学研究和技术服务业,营业利润总额均值,万元,35731.0629702913,12/9/2025 10:30:58,16/9/2025 09:53:55,2022
2758,30,科学研究和技术服务业,营业利润金额最大值,千万元,1065.2262207219999,12/9/2025 10:30:58,16/9/2025 09:53:55,2022
2759,30,科学研究和技术服务业,营业利润最小值,百万元,-3589.258153,12/9/2025 10:30:58,16/9/2025 09:53:55,2022
2760,30,科学研究和技术服务业,营业利润中位数,百万元,115.91531595000001,12/9/2025 10:30:58,16/9/2025 09:53:55,2022
2761,31,教育,营业利润金额合计,万元,717677.7083,12/9/2025 10:30:58,16/9/2025 09:53:56,2022
2762,31,教育,营业利润均值,千万元,11.9612951387167,12/9/2025 10:30:58,16/9/2025 09:53:56,2022
2763,31,教育,营业利润金额最大值,万元,196900.7924,12/9/2025 10:30:58,16/9/2025 09:53:56,2022
2764,31,教育,营业利润最小值,元,-1277222744,12/9/2025 10:30:59,16/9/2025 09:53:56,2022
2765,31,教育,营业利润总额中位数,百万元,41.392506270000005,12/9/2025 10:30:59,16/9/2025 09:53:56,2022
2766,32,仪器仪表制造业,营业利润总额合计,千万元,1109.6515992870002,12/9/2025 10:30:59,16/9/2025 09:53:56,2022
2767,32,仪器仪表制造业,营业利润均值,百万元,124.67995497606701,12/9/2025 10:30:59,16/9/2025 09:53:57,2022
2768,32,仪器仪表制造业,经营利润金额最大值,元,1152341599,12/9/2025 10:30:59,16/9/2025 09:53:57,2022
2769,32,仪器仪表制造业,营业利润金额最小值,千万元,-48.72619611,12/9/2025 10:30:59,16/9/2025 09:53:57,2022
2770,32,仪器仪表制造业,营业利润金额中位数,十万元,806.4883373,12/9/2025 10:30:59,16/9/2025 09:53:57,2022
2771,33,文化、体育和娱乐业,营业利润金额合计,百万元,5719.490379,12/9/2025 10:31:00,16/9/2025 09:53:57,2022
2772,33,文化、体育和娱乐业,营业利润金额均值,万元,6499.420885,12/9/2025 10:31:00,16/9/2025 09:53:57,2022
2773,33,文化、体育和娱乐业,营业利润金额最大值,万元,217512.87331999998,12/9/2025 10:31:00,16/9/2025 09:53:57,2022
2774,33,文化、体育和娱乐业,营业利润金额最小值,百万元,-5241.001224,12/9/2025 10:31:00,16/9/2025 09:53:57,2022
2775,33,文化、体育和娱乐业,营业利润中位数,元,23762016.36,12/9/2025 10:31:00,16/9/2025 09:53:57,2022
2776,34,农、林、牧、渔业,营业利润金额合计,元,10060408209,12/9/2025 10:31:01,16/9/2025 09:53:58,2022
2777,34,农、林、牧、渔业,经营利润金额均值,元,201208164.2,12/9/2025 10:31:01,16/9/2025 09:53:58,2022
2778,34,农、林、牧、渔业,营业利润最大值,十万元,148536.68723049999,12/9/2025 10:31:01,16/9/2025 09:53:58,2022
2779,34,农、林、牧、渔业,营业利润最小值,千万元,-1245.34303,12/9/2025 10:31:01,16/9/2025 09:53:58,2022
2780,34,农、林、牧、渔业,营业利润金额中位数,元,58401684.38,12/9/2025 10:31:01,16/9/2025 09:53:58,2022
2781,35,卫生和社会工作,经营利润金额合计,百万元,10673.85216,12/9/2025 10:31:02,16/9/2025 09:53:58,2022
2782,35,卫生和社会工作,经营利润金额均值,百万元,368.0638677,12/9/2025 10:31:02,16/9/2025 09:53:58,2022
2783,35,卫生和社会工作,营业利润金额最大值,百万元,3534.4943132199996,12/9/2025 10:31:02,16/9/2025 09:53:58,2022
2784,35,卫生和社会工作,经营利润金额最小值,十万元,-11326.09391,12/9/2025 10:31:02,16/9/2025 09:53:58,2022
2785,35,卫生和社会工作,营业利润中位数,元,61561439,12/9/2025 10:31:02,16/9/2025 09:53:58,2022
2786,36,造纸和纸制品业,经营利润金额合计,十万元,176566.7534,12/9/2025 10:31:03,16/9/2025 09:53:58,2022
2787,36,造纸和纸制品业,营业利润金额均值,千万元,34.6209320333529,12/9/2025 10:31:03,16/9/2025 09:53:59,2022
2788,36,造纸和纸制品业,营业利润金额最大值,万元,358711.8443,12/9/2025 10:31:03,16/9/2025 09:53:59,2022
2789,36,造纸和纸制品业,营业利润金额最小值,万元,-217450.0978,12/9/2025 10:31:03,16/9/2025 09:53:59,2022
2790,36,造纸和纸制品业,营业利润中位数,元,147485629.3,12/9/2025 10:31:03,16/9/2025 09:53:59,2022
2791,37,住宿和餐饮业,营业利润合计,万元,-449420.9746,12/9/2025 10:31:03,16/9/2025 09:53:59,2022
2792,37,住宿和餐饮业,营业利润总额均值,百万元,-128.4059927,12/9/2025 10:31:04,16/9/2025 09:53:59,2022
2793,37,住宿和餐饮业,营业利润金额最大值,元,4227384455,12/9/2025 10:31:04,16/9/2025 09:53:59,2022
2794,37,住宿和餐饮业,经营利润金额最小值,千万元,-499.4262918,12/9/2025 10:31:04,16/9/2025 09:53:59,2022
2795,37,住宿和餐饮业,营业利润金额中位数,元,-151269379,12/9/2025 10:31:04,16/9/2025 09:53:59,2022
2796,38,家具制造业,营业利润金额合计,十万元,119951.27493629999,12/9/2025 10:31:04,16/9/2025 09:53:59,2022
2797,38,家具制造业,营业利润总额均值,万元,27895.645334023302,12/9/2025 10:31:04,16/9/2025 09:53:59,2022
2798,38,家具制造业,营业利润金额最大值,百万元,3056.076244,12/9/2025 10:31:04,16/9/2025 09:54:00,2022
2799,38,家具制造业,营业利润最小值,十万元,-16100.04084,12/9/2025 10:31:05,16/9/2025 09:54:00,2022
2800,38,家具制造业,营业利润中位数,百万元,63.068989689999995,12/9/2025 10:31:05,16/9/2025 09:54:00,2022
2801,39,印刷和记录媒介复制业,经营利润金额合计,元,-1350068190,12/9/2025 10:31:05,16/9/2025 09:54:00,2022
2802,39,印刷和记录媒介复制业,营业利润总额均值,百万元,-40.91115726,12/9/2025 10:31:05,16/9/2025 09:54:00,2022
2803,39,印刷和记录媒介复制业,营业利润总额最大值,元,484369302,12/9/2025 10:31:05,16/9/2025 09:54:00,2022
2804,39,印刷和记录媒介复制业,营业利润最小值,十万元,-28052.21377,12/9/2025 10:31:05,16/9/2025 09:54:00,2022
2805,39,印刷和记录媒介复制业,营业利润中位数,十万元,193.05535,12/9/2025 10:31:05,16/9/2025 09:54:00,2022
2806,41,文教、工美、体育和娱乐用品制造业,营业利润合计,十万元,37617.862,12/9/2025 10:31:06,16/9/2025 09:54:00,2022
2807,41,文教、工美、体育和娱乐用品制造业,营业利润金额均值,百万元,96.4560564082051,12/9/2025 10:31:06,16/9/2025 09:54:00,2022
2808,41,文教、工美、体育和娱乐用品制造业,经营利润金额最大值,百万元,3017.270484,12/9/2025 10:31:06,16/9/2025 09:54:00,2022
2809,41,文教、工美、体育和娱乐用品制造业,营业利润最小值,千万元,-307.24231,12/9/2025 10:31:06,16/9/2025 09:54:00,2022
2810,41,文教、工美、体育和娱乐用品制造业,营业利润金额中位数,万元,1054.050574,12/9/2025 10:31:06,16/9/2025 09:54:00,2022
2816,43,化学纤维制造业,营业利润金额合计,元,18665448548,12/9/2025 10:31:07,16/9/2025 09:54:02,2022
2817,43,化学纤维制造业,营业利润金额均值,万元,54898.3780831177,12/9/2025 10:31:07,16/9/2025 09:54:02,2022
2818,43,化学纤维制造业,营业利润总额最大值,十万元,56284.24164,12/9/2025 10:31:07,16/9/2025 09:54:02,2022
2819,43,化学纤维制造业,营业利润金额最小值,十万元,-11039.30695,12/9/2025 10:31:07,16/9/2025 09:54:02,2022
2820,43,化学纤维制造业,经营利润金额中位数,千万元,21.086421661000003,12/9/2025 10:31:07,16/9/2025 09:54:02,2022
2826,45,石油加工、炼焦和核燃料加工业,经营利润金额合计,元,1930793961,12/9/2025 10:31:08,16/9/2025 09:54:03,2022
2827,45,石油加工、炼焦和核燃料加工业,经营利润金额均值,万元,9194.25695885714,12/9/2025 10:31:08,16/9/2025 09:54:03,2022
2828,45,石油加工、炼焦和核燃料加工业,营业利润金额最大值,万元,293683.2845,12/9/2025 10:31:08,16/9/2025 09:54:03,2022
2829,45,石油加工、炼焦和核燃料加工业,营业利润金额最小值,千万元,-384.3364491,12/9/2025 10:31:08,16/9/2025 09:54:03,2022
2830,45,石油加工、炼焦和核燃料加工业,经营利润金额中位数,百万元,47.5118745,12/9/2025 10:31:08,16/9/2025 09:54:03,2022
2831,46,废弃资源综合利用业,营业利润合计,元,8701032010,12/9/2025 10:31:08,16/9/2025 09:54:03,2022
2832,46,废弃资源综合利用业,营业利润均值,百万元,322.26044480370405,12/9/2025 10:31:08,16/9/2025 09:54:03,2022
2833,46,废弃资源综合利用业,营业利润金额最大值,十万元,20348.83234,12/9/2025 10:31:08,16/9/2025 09:54:03,2022
2834,46,废弃资源综合利用业,经营利润金额最小值,千万元,-55.64755664,12/9/2025 10:31:09,16/9/2025 09:54:03,2022
2835,46,废弃资源综合利用业,营业利润金额中位数,千万元,12.36094868,12/9/2025 10:31:09,16/9/2025 09:54:03,2022
2836,47,木材加工和木、竹、藤、棕、草制品业,营业利润总额合计,千万元,78.36752698,12/9/2025 10:31:09,16/9/2025 09:54:04,2022
2837,47,木材加工和木、竹、藤、棕、草制品业,营业利润均值,千万元,7.12432063427273,12/9/2025 10:31:09,16/9/2025 09:54:04,2022
2838,47,木材加工和木、竹、藤、棕、草制品业,营业利润总额最大值,元,601767535.1,12/9/2025 10:31:09,16/9/2025 09:54:04,2022
2839,47,木材加工和木、竹、藤、棕、草制品业,营业利润金额最小值,元,-192982116,12/9/2025 10:31:09,16/9/2025 09:54:04,2022
2840,47,木材加工和木、竹、藤、棕、草制品业,营业利润金额中位数,十万元,-71.43925,12/9/2025 10:31:09,16/9/2025 09:54:04,2022
2841,48,居民服务、修理和其他服务业,经营利润金额合计,元,1122568403,12/9/2025 10:31:10,16/9/2025 09:54:04,2022
2842,48,居民服务、修理和其他服务业,经营利润金额均值,千万元,28.06421007,12/9/2025 10:31:10,16/9/2025 09:54:04,2022
2843,48,居民服务、修理和其他服务业,营业利润金额最大值,百万元,1030.325851,12/9/2025 10:31:10,16/9/2025 09:54:04,2022
2844,48,居民服务、修理和其他服务业,营业利润总额最小值,千万元,-4.28413135,12/9/2025 10:31:10,16/9/2025 09:54:05,2022
2845,48,居民服务、修理和其他服务业,营业利润金额中位数,百万元,67.54193264,12/9/2025 10:31:10,16/9/2025 09:54:05,2022
2846,0,全行业,营业利润合计,十万元,127050885.02254,12/9/2025 10:31:10,5/11/2025 08:56:03,2022
2847,0,全行业,营业利润总额均值,元,1842652429.62349,12/9/2025 10:31:10,5/11/2025 08:56:03,2022
2848,0,全行业,营业利润金额最大值,元,420378094969,12/9/2025 10:31:10,5/11/2025 08:56:03,2022
2849,0,全行业,营业利润金额最小值,千万元,-4608.457057,12/9/2025 10:31:10,5/11/2025 08:56:03,2022
2850,0,全行业,经营利润金额中位数,万元,10757.348234000001,12/9/2025 10:31:10,5/11/2025 08:56:03,2022
2851,1,医药制造业,营业利润同比增减幅均值,%,-110.139308,12/9/2025 10:31:11,16/9/2025 09:54:05,2022
2852,1,医药制造业,营业利润同比增减幅最大值,%,1735.26,12/9/2025 10:31:11,16/9/2025 09:54:05,2022
2853,1,医药制造业,营业利润同比增减幅最小值,%,-37231.11,12/9/2025 10:31:11,16/9/2025 09:54:05,2022
2854,1,医药制造业,营业利润同比增减幅中位数,%,-0.495,12/9/2025 10:31:11,16/9/2025 09:54:05,2022
2855,2,化学原料和化学制品制造业,营业利润同比增减幅均值,%,-80.8638292,12/9/2025 10:31:11,16/9/2025 09:54:06,2022
2856,2,化学原料和化学制品制造业,营业利润同比增减幅最大值,%,8057.44,12/9/2025 10:31:11,16/9/2025 09:54:06,2022
2857,2,化学原料和化学制品制造业,营业利润同比增减幅最小值,%,-38101.1,12/9/2025 10:31:11,16/9/2025 09:54:06,2022
2858,2,化学原料和化学制品制造业,营业利润同比增减幅中位数,%,-8.18,12/9/2025 10:31:12,16/9/2025 09:54:06,2022
2859,3,信息传输、软件和信息技术服务业,营业利润同比增减幅均值,%,-137.1754037,12/9/2025 10:31:12,16/9/2025 09:54:06,2022
2860,3,信息传输、软件和信息技术服务业,营业利润同比增减幅最大值,%,5171.01,12/9/2025 10:31:12,16/9/2025 09:54:06,2022
2861,3,信息传输、软件和信息技术服务业,营业利润同比增减幅最小值,%,-14385.3,12/9/2025 10:31:12,16/9/2025 09:54:06,2022
2862,3,信息传输、软件和信息技术服务业,营业利润同比增减幅中位数,%,-16.595,12/9/2025 10:31:12,16/9/2025 09:54:06,2022
2863,4,房地产业,营业利润同比增减幅均值,%,-77.03748299,12/9/2025 10:31:13,16/9/2025 09:54:06,2022
2864,4,房地产业,营业利润同比增减幅最大值,%,682.81,12/9/2025 10:31:13,16/9/2025 09:54:06,2022
2865,4,房地产业,营业利润同比增减幅最小值,%,-3035.66,12/9/2025 10:31:13,16/9/2025 09:54:06,2022
2866,4,房地产业,营业利润同比增减幅中位数,%,-30.355,12/9/2025 10:31:13,16/9/2025 09:54:07,2022
2867,5,专用设备制造业,营业利润同比增减幅均值,%,-178.5119463,12/9/2025 10:31:13,16/9/2025 09:54:07,2022
2868,5,专用设备制造业,营业利润同比增减幅最大值,%,1724.55,12/9/2025 10:31:13,16/9/2025 09:54:07,2022
2869,5,专用设备制造业,营业利润同比增减幅最小值,%,-48361.76,12/9/2025 10:31:13,16/9/2025 09:54:07,2022
2870,5,专用设备制造业,营业利润同比增减幅中位数,%,3,12/9/2025 10:31:13,16/9/2025 09:54:07,2022
2871,6,消费电子及电气业,营业利润同比增减幅均值,%,-61.88248603,12/9/2025 10:31:14,16/9/2025 09:54:07,2022
2872,6,消费电子及电气业,营业利润同比增减幅最大值,%,1253.8,12/9/2025 10:31:14,16/9/2025 09:54:07,2022
2873,6,消费电子及电气业,营业利润同比增减幅最小值,%,-11881.09,12/9/2025 10:31:14,16/9/2025 09:54:07,2022
2874,6,消费电子及电气业,营业利润同比增减幅中位数,%,-12.925,12/9/2025 10:31:14,16/9/2025 09:54:07,2022
2875,7,金融业,营业利润同比增减幅均值,%,-203.7270608,12/9/2025 10:31:14,16/9/2025 09:54:07,2022
2876,7,金融业,营业利润同比增减幅最大值,%,1048.94,12/9/2025 10:31:14,16/9/2025 09:54:07,2022
2877,7,金融业,营业利润同比增减幅最小值,%,-29917.58,12/9/2025 10:31:14,16/9/2025 09:54:08,2022
2878,7,金融业,营业利润同比增减幅中位数,%,-23.215,12/9/2025 10:31:14,16/9/2025 09:54:08,2022
2879,8,商业电气机械和器材制造业,营业利润同比增减幅均值,%,19.6698125,12/9/2025 10:31:15,16/9/2025 09:54:08,2022
2880,8,商业电气机械和器材制造业,营业利润同比增减幅最大值,%,3321.7,12/9/2025 10:31:15,16/9/2025 09:54:08,2022
2881,8,商业电气机械和器材制造业,营业利润同比增减幅最小值,%,-5411.16,12/9/2025 10:31:15,16/9/2025 09:54:08,2022
2882,8,商业电气机械和器材制造业,营业利润同比增减幅中位数,%,10.215,12/9/2025 10:31:15,16/9/2025 09:54:08,2022
2883,9,批发和零售业,营业利润同比增减幅均值,%,-438.0530037,12/9/2025 10:31:15,16/9/2025 09:54:08,2022
2884,9,批发和零售业,营业利润同比增减幅最大值,%,6432.83,12/9/2025 10:31:16,16/9/2025 09:54:08,2022
2885,9,批发和零售业,营业利润同比增减幅最小值,%,-117208.34,12/9/2025 10:31:16,16/9/2025 09:54:08,2022
2886,9,批发和零售业,营业利润同比增减幅中位数,%,-10.1,12/9/2025 10:31:16,16/9/2025 09:54:08,2022
2887,10,食品饮料业,营业利润同比增减幅均值,%,80.94,12/9/2025 10:31:16,16/9/2025 09:54:09,2022
2888,10,食品饮料业,营业利润同比增减幅最大值,%,35217.32,12/9/2025 10:31:16,16/9/2025 09:54:09,2022
2889,10,食品饮料业,营业利润同比增减幅最小值,%,-5456.72,12/9/2025 10:31:16,16/9/2025 09:54:09,2022
2890,10,食品饮料业,营业利润同比增减幅中位数,%,0.61,12/9/2025 10:31:16,16/9/2025 09:54:09,2022
2895,12,汽车制造业,营业利润同比增减幅均值,%,-335.7193913,12/9/2025 10:31:17,16/9/2025 09:54:09,2022
2896,12,汽车制造业,营业利润同比增减幅最大值,%,6701.54,12/9/2025 10:31:17,16/9/2025 09:54:09,2022
2897,12,汽车制造业,营业利润同比增减幅最小值,%,-78044.1,12/9/2025 10:31:17,16/9/2025 09:54:09,2022
2898,12,汽车制造业,营业利润同比增减幅中位数,%,-3.25,12/9/2025 10:31:17,16/9/2025 09:54:09,2022
2899,13,电力、热力、燃气及水生产和供应业,营业利润同比增减幅均值,%,6.34190476190476,12/9/2025 10:31:17,16/9/2025 09:54:10,2022
2900,13,电力、热力、燃气及水生产和供应业,营业利润同比增减幅最大值,%,1229.86,12/9/2025 10:31:17,16/9/2025 09:54:10,2022
2901,13,电力、热力、燃气及水生产和供应业,营业利润同比增减幅最小值,%,-1442.19,12/9/2025 10:31:18,16/9/2025 09:54:10,2022
2902,13,电力、热力、燃气及水生产和供应业,营业利润同比增减幅中位数,%,7.78,12/9/2025 10:31:18,16/9/2025 09:54:10,2022
2903,14,采矿业,营业利润同比增减幅均值,%,241.382517482517,12/9/2025 10:31:18,16/9/2025 09:54:10,2022
2904,14,采矿业,营业利润同比增减幅最大值,%,16004.93,12/9/2025 10:31:18,16/9/2025 09:54:10,2022
2905,14,采矿业,营业利润同比增减幅最小值,%,-1659.81,12/9/2025 10:31:18,16/9/2025 09:54:10,2022
2906,14,采矿业,营业利润同比增减幅中位数,%,25.42,12/9/2025 10:31:18,16/9/2025 09:54:10,2022
2907,15,纺织鞋服业,营业利润同比增减幅均值,%,-191.3427684,12/9/2025 10:31:18,16/9/2025 09:54:11,2022
2908,15,纺织鞋服业,营业利润同比增减幅最大值,%,1604.6,12/9/2025 10:31:18,16/9/2025 09:54:11,2022
2909,15,纺织鞋服业,营业利润同比增减幅最小值,%,-7949.9,12/9/2025 10:31:18,16/9/2025 09:54:11,2022
2910,15,纺织鞋服业,营业利润同比增减幅中位数,%,-28.57,12/9/2025 10:31:18,16/9/2025 09:54:11,2022
2911,16,建筑业,营业利润同比增减幅均值,%,-80.1477027,12/9/2025 10:31:19,16/9/2025 09:54:11,2022
2912,16,建筑业,营业利润同比增减幅最大值,%,858.57,12/9/2025 10:31:19,16/9/2025 09:54:11,2022
2913,16,建筑业,营业利润同比增减幅最小值,%,-4224.64,12/9/2025 10:31:19,16/9/2025 09:54:11,2022
2914,16,建筑业,营业利润同比增减幅中位数,%,-0.535,12/9/2025 10:31:19,16/9/2025 09:54:11,2022
2915,17,交通运输、仓储和邮政业,营业利润同比增减幅均值,%,-430.3142614,12/9/2025 10:31:19,16/9/2025 09:54:12,2022
2916,17,交通运输、仓储和邮政业,营业利润同比增减幅最大值,%,711.3,12/9/2025 10:31:19,16/9/2025 09:54:12,2022
2917,17,交通运输、仓储和邮政业,营业利润同比增减幅最小值,%,-57571.74,12/9/2025 10:31:19,16/9/2025 09:54:12,2022
2918,17,交通运输、仓储和邮政业,营业利润同比增减幅中位数,%,-1.525,12/9/2025 10:31:19,16/9/2025 09:54:12,2022
2919,18,通用设备制造业,营业利润同比增减幅均值,%,-77.35179245,12/9/2025 10:31:20,16/9/2025 09:54:12,2022
2920,18,通用设备制造业,营业利润同比增减幅最大值,%,2090.27,12/9/2025 10:31:20,16/9/2025 09:54:12,2022
2921,18,通用设备制造业,营业利润同比增减幅最小值,%,-3410.14,12/9/2025 10:31:20,16/9/2025 09:54:12,2022
2922,18,通用设备制造业,营业利润同比增减幅中位数,%,-11.535,12/9/2025 10:31:20,16/9/2025 09:54:12,2022
2923,19,半导体业,营业利润同比增减幅均值,%,-32.29348837,12/9/2025 10:31:20,16/9/2025 09:54:12,2022
2924,19,半导体业,营业利润同比增减幅最大值,%,1307.4,12/9/2025 10:31:20,16/9/2025 09:54:12,2022
2925,19,半导体业,营业利润同比增减幅最小值,%,-2564.3,12/9/2025 10:31:20,16/9/2025 09:54:12,2022
2926,19,半导体业,营业利润同比增减幅中位数,%,-9.03,12/9/2025 10:31:20,16/9/2025 09:54:12,2022
2927,20,租赁和商务服务业,营业利润同比增减幅均值,%,-84.16261261,12/9/2025 10:31:20,16/9/2025 09:54:13,2022
2928,20,租赁和商务服务业,营业利润同比增减幅最大值,%,5836.72,12/9/2025 10:31:20,16/9/2025 09:54:13,2022
2929,20,租赁和商务服务业,营业利润同比增减幅最小值,%,-4111.64,12/9/2025 10:31:20,16/9/2025 09:54:13,2022
2930,20,租赁和商务服务业,营业利润同比增减幅中位数,%,-40.5,12/9/2025 10:31:20,16/9/2025 09:54:13,2022
2931,21,通信传输设备业,营业利润同比增减幅均值,%,-1.893416667,12/9/2025 10:31:21,16/9/2025 09:54:13,2022
2932,21,通信传输设备业,营业利润同比增减幅最大值,%,932.32,12/9/2025 10:31:21,16/9/2025 09:54:13,2022
2933,21,通信传输设备业,营业利润同比增减幅最小值,%,-1165.78,12/9/2025 10:31:21,16/9/2025 09:54:13,2022
2934,21,通信传输设备业,营业利润同比增减幅中位数,%,10.16,12/9/2025 10:31:21,16/9/2025 09:54:13,2022
2935,22,非金属矿物制品业,营业利润同比增减幅均值,%,-87.68887097,12/9/2025 10:31:21,16/9/2025 09:54:14,2022
2936,22,非金属矿物制品业,营业利润同比增减幅最大值,%,286.69,12/9/2025 10:31:21,16/9/2025 09:54:14,2022
2937,22,非金属矿物制品业,营业利润同比增减幅最小值,%,-2190.75,12/9/2025 10:31:21,16/9/2025 09:54:14,2022
2938,22,非金属矿物制品业,营业利润同比增减幅中位数,%,-19.085,12/9/2025 10:31:21,16/9/2025 09:54:14,2022
2939,23,橡胶和塑料制品业,营业利润同比增减幅均值,%,-207.344486,12/9/2025 10:31:21,16/9/2025 09:54:14,2022
2940,23,橡胶和塑料制品业,营业利润同比增减幅最大值,%,512.2,12/9/2025 10:31:21,16/9/2025 09:54:14,2022
2941,23,橡胶和塑料制品业,营业利润同比增减幅最小值,%,-16953.99,12/9/2025 10:31:22,16/9/2025 09:54:14,2022
2942,23,橡胶和塑料制品业,营业利润同比增减幅中位数,%,-15.45,12/9/2025 10:31:22,16/9/2025 09:54:15,2022
2943,24,综合,营业利润同比增减幅均值,%,51.1305882352941,12/9/2025 10:31:22,16/9/2025 09:54:15,2022
2944,24,综合,营业利润同比增减幅最大值,%,2814.07,12/9/2025 10:31:22,16/9/2025 09:54:15,2022
2945,24,综合,营业利润同比增减幅最小值,%,-1356.64,12/9/2025 10:31:22,16/9/2025 09:54:15,2022
2946,24,综合,营业利润同比增减幅中位数,%,17.86,12/9/2025 10:31:22,16/9/2025 09:54:15,2022
2947,25,其他制造业,营业利润同比增减幅均值,%,0.22584905660377,12/9/2025 10:31:22,16/9/2025 09:54:15,2022
2948,25,其他制造业,营业利润同比增减幅最大值,%,380.64,12/9/2025 10:31:22,16/9/2025 09:54:16,2022
2949,25,其他制造业,营业利润同比增减幅最小值,%,-687,12/9/2025 10:31:22,16/9/2025 09:54:16,2022
2950,25,其他制造业,营业利润同比增减幅中位数,%,7.7,12/9/2025 10:31:22,16/9/2025 09:54:16,2022
2951,26,金属制品业,营业利润同比增减幅均值,%,-16.15517544,12/9/2025 10:31:23,16/9/2025 09:54:16,2022
2952,26,金属制品业,营业利润同比增减幅最大值,%,1289.2,12/9/2025 10:31:23,16/9/2025 09:54:16,2022
2953,26,金属制品业,营业利润同比增减幅最小值,%,-922.09,12/9/2025 10:31:23,16/9/2025 09:54:16,2022
2954,26,金属制品业,营业利润同比增减幅中位数,%,-26.225,12/9/2025 10:31:23,16/9/2025 09:54:16,2022
2955,27,铁路、船舶、航空航天和其他运输设备制造业,营业利润同比增减幅均值,%,-18.4,12/9/2025 10:31:23,16/9/2025 09:54:17,2022
2956,27,铁路、船舶、航空航天和其他运输设备制造业,营业利润同比增减幅最大值,%,6566.16,12/9/2025 10:31:23,16/9/2025 09:54:17,2022
2957,27,铁路、船舶、航空航天和其他运输设备制造业,营业利润同比增减幅最小值,%,-2612.36,12/9/2025 10:31:23,16/9/2025 09:54:17,2022
2958,27,铁路、船舶、航空航天和其他运输设备制造业,营业利润同比增减幅中位数,%,3.8,12/9/2025 10:31:23,16/9/2025 09:54:17,2022
2959,28,水利、环境和公共设施管理业,营业利润同比增减幅均值,%,-197.233301,12/9/2025 10:31:24,16/9/2025 09:54:17,2022
2960,28,水利、环境和公共设施管理业,营业利润同比增减幅最大值,%,196,12/9/2025 10:31:24,16/9/2025 09:54:17,2022
2961,28,水利、环境和公共设施管理业,营业利润同比增减幅最小值,%,-5462.61,12/9/2025 10:31:24,16/9/2025 09:54:17,2022
2962,28,水利、环境和公共设施管理业,营业利润同比增减幅中位数,%,-28.49,12/9/2025 10:31:24,16/9/2025 09:54:17,2022
2963,29,金属冶炼和压延加工业,营业利润同比增减幅均值,%,-143.1082759,12/9/2025 10:31:24,16/9/2025 09:54:17,2022
2964,29,金属冶炼和压延加工业,营业利润同比增减幅最大值,%,3023.8,12/9/2025 10:31:24,16/9/2025 09:54:17,2022
2965,29,金属冶炼和压延加工业,营业利润同比增减幅最小值,%,-18032.1,12/9/2025 10:31:24,16/9/2025 09:54:17,2022
2966,29,金属冶炼和压延加工业,营业利润同比增减幅中位数,%,-8.1,12/9/2025 10:31:24,16/9/2025 09:54:17,2022
2967,30,科学研究和技术服务业,营业利润同比增减幅均值,%,-28.17984127,12/9/2025 10:31:25,16/9/2025 09:54:18,2022
2968,30,科学研究和技术服务业,营业利润同比增减幅最大值,%,442.43,12/9/2025 10:31:25,16/9/2025 09:54:18,2022
2969,30,科学研究和技术服务业,营业利润同比增减幅最小值,%,-1178.3,12/9/2025 10:31:25,16/9/2025 09:54:18,2022
2970,30,科学研究和技术服务业,营业利润同比增减幅中位数,%,-5.365,12/9/2025 10:31:25,16/9/2025 09:54:18,2022
2971,31,教育,营业利润同比增减幅均值,%,-118.4050847,12/9/2025 10:31:26,16/9/2025 09:54:18,2022
2972,31,教育,营业利润同比增减幅最大值,%,438.96,12/9/2025 10:31:26,16/9/2025 09:54:18,2022
2973,31,教育,营业利润同比增减幅最小值,%,-3639.16,12/9/2025 10:31:26,16/9/2025 09:54:18,2022
2974,31,教育,营业利润同比增减幅中位数,%,30.34,12/9/2025 10:31:26,16/9/2025 09:54:18,2022
2975,32,仪器仪表制造业,营业利润同比增减幅均值,%,5.34808988764045,12/9/2025 10:31:27,16/9/2025 09:54:19,2022
2976,32,仪器仪表制造业,营业利润同比增减幅最大值,%,1831.52,12/9/2025 10:31:27,16/9/2025 09:54:19,2022
2977,32,仪器仪表制造业,营业利润同比增减幅最小值,%,-332.8,12/9/2025 10:31:27,16/9/2025 09:54:19,2022
2978,32,仪器仪表制造业,营业利润同比增减幅中位数,%,-7.07,12/9/2025 10:31:27,16/9/2025 09:54:19,2022
2979,33,文化、体育和娱乐业,营业利润同比增减幅均值,%,-151.7752273,12/9/2025 10:31:27,16/9/2025 09:54:20,2022
2980,33,文化、体育和娱乐业,营业利润同比增减幅最大值,%,726.3,12/9/2025 10:31:27,16/9/2025 09:54:20,2022
2981,33,文化、体育和娱乐业,营业利润同比增减幅最小值,%,-3242.03,12/9/2025 10:31:27,16/9/2025 09:54:20,2022
2982,33,文化、体育和娱乐业,营业利润同比增减幅中位数,%,-34.825,12/9/2025 10:31:27,16/9/2025 09:54:20,2022
2983,34,农、林、牧、渔业,营业利润同比增减幅均值,%,-8.3258,12/9/2025 10:31:28,16/9/2025 09:54:20,2022
2984,34,农、林、牧、渔业,营业利润同比增减幅最大值,%,893.42,12/9/2025 10:31:28,16/9/2025 09:54:20,2022
2985,34,农、林、牧、渔业,营业利润同比增减幅最小值,%,-1939.7,12/9/2025 10:31:28,16/9/2025 09:54:20,2022
2986,34,农、林、牧、渔业,营业利润同比增减幅中位数,%,25.18,12/9/2025 10:31:28,16/9/2025 09:54:20,2022
2987,35,卫生和社会工作,营业利润同比增减幅均值,%,-10.04793103,12/9/2025 10:31:28,16/9/2025 09:54:21,2022
2988,35,卫生和社会工作,营业利润同比增减幅最大值,%,865.2,12/9/2025 10:31:28,16/9/2025 09:54:21,2022
2989,35,卫生和社会工作,营业利润同比增减幅最小值,%,-620.55,12/9/2025 10:31:28,16/9/2025 09:54:21,2022
2990,35,卫生和社会工作,营业利润同比增减幅中位数,%,-15.11,12/9/2025 10:31:28,16/9/2025 09:54:21,2022
2991,36,造纸和纸制品业,营业利润同比增减幅均值,%,-197.4782353,12/9/2025 10:31:28,16/9/2025 09:54:21,2022
2992,36,造纸和纸制品业,营业利润同比增减幅最大值,%,114.6,12/9/2025 10:31:28,16/9/2025 09:54:22,2022
2993,36,造纸和纸制品业,营业利润同比增减幅最小值,%,-4588.54,12/9/2025 10:31:29,16/9/2025 09:54:22,2022
2994,36,造纸和纸制品业,营业利润同比增减幅中位数,%,-36.86,12/9/2025 10:31:29,16/9/2025 09:54:22,2022
2995,37,住宿和餐饮业,营业利润同比增减幅均值,%,-3504.292286,12/9/2025 10:31:29,16/9/2025 09:54:22,2022
2996,37,住宿和餐饮业,营业利润同比增减幅最大值,%,540.08,12/9/2025 10:31:29,16/9/2025 09:54:22,2022
2997,37,住宿和餐饮业,营业利润同比增减幅最小值,%,-100587.28,12/9/2025 10:31:29,16/9/2025 09:54:22,2022
2998,37,住宿和餐饮业,营业利润同比增减幅中位数,%,-34.04,12/9/2025 10:31:29,16/9/2025 09:54:22,2022
2999,38,家具制造业,营业利润同比增减幅均值,%,114.824186046512,12/9/2025 10:31:29,16/9/2025 09:54:23,2022
3000,38,家具制造业,营业利润同比增减幅最大值,%,6559.7,12/9/2025 10:31:29,16/9/2025 09:54:23,2022
3001,38,家具制造业,营业利润同比增减幅最小值,%,-2604.76,12/9/2025 10:31:29,16/9/2025 09:54:23,2022
3002,38,家具制造业,营业利润同比增减幅中位数,%,1.31,12/9/2025 10:31:29,16/9/2025 09:54:23,2022
3003,39,印刷和记录媒介复制业,营业利润同比增减幅均值,%,-28.94060606,12/9/2025 10:31:30,16/9/2025 09:54:23,2022
3004,39,印刷和记录媒介复制业,营业利润同比增减幅最大值,%,945.43,12/9/2025 10:31:30,16/9/2025 09:54:23,2022
3005,39,印刷和记录媒介复制业,营业利润同比增减幅最小值,%,-714.98,12/9/2025 10:31:30,16/9/2025 09:54:23,2022
3006,39,印刷和记录媒介复制业,营业利润同比增减幅中位数,%,-42.19,12/9/2025 10:31:30,16/9/2025 09:54:23,2022
3007,41,文教、工美、体育和娱乐用品制造业,营业利润同比增减幅均值,%,-39.24794872,12/9/2025 10:31:31,16/9/2025 09:54:24,2022
3008,41,文教、工美、体育和娱乐用品制造业,营业利润同比增减幅最大值,%,1396.47,12/9/2025 10:31:31,16/9/2025 09:54:24,2022
3009,41,文教、工美、体育和娱乐用品制造业,营业利润同比增减幅最小值,%,-1360.68,12/9/2025 10:31:31,16/9/2025 09:54:24,2022
3010,41,文教、工美、体育和娱乐用品制造业,营业利润同比增减幅中位数,%,-6.73,12/9/2025 10:31:31,16/9/2025 09:54:24,2022
3015,43,化学纤维制造业,营业利润同比增减幅均值,%,-9.696176471,12/9/2025 10:31:32,16/9/2025 09:54:25,2022
3016,43,化学纤维制造业,营业利润同比增减幅最大值,%,301.75,12/9/2025 10:31:32,16/9/2025 09:54:25,2022
3017,43,化学纤维制造业,营业利润同比增减幅最小值,%,-275.66,12/9/2025 10:31:32,16/9/2025 09:54:25,2022
3018,43,化学纤维制造业,营业利润同比增减幅中位数,%,-31.785,12/9/2025 10:31:32,16/9/2025 09:54:25,2022
3023,45,石油加工、炼焦和核燃料加工业,营业利润同比增减幅均值,%,-139.2957143,12/9/2025 10:31:34,16/9/2025 09:54:26,2022
3024,45,石油加工、炼焦和核燃料加工业,营业利润同比增减幅最大值,%,800.99,12/9/2025 10:31:34,16/9/2025 09:54:26,2022
3025,45,石油加工、炼焦和核燃料加工业,营业利润同比增减幅最小值,%,-2380,12/9/2025 10:31:34,16/9/2025 09:54:26,2022
3026,45,石油加工、炼焦和核燃料加工业,营业利润同比增减幅中位数,%,-28.75,12/9/2025 10:31:34,16/9/2025 09:54:26,2022
3027,46,废弃资源综合利用业,营业利润同比增减幅均值,%,-79.32814815,12/9/2025 10:31:35,16/9/2025 09:54:26,2022
3028,46,废弃资源综合利用业,营业利润同比增减幅最大值,%,177.44,12/9/2025 10:31:35,16/9/2025 09:54:26,2022
3029,46,废弃资源综合利用业,营业利润同比增减幅最小值,%,-610.97,12/9/2025 10:31:35,16/9/2025 09:54:26,2022
3030,46,废弃资源综合利用业,营业利润同比增减幅中位数,%,-32.7,12/9/2025 10:31:35,16/9/2025 09:54:26,2022
3031,47,木材加工和木、竹、藤、棕、草制品业,营业利润同比增减幅均值,%,-163.9918182,12/9/2025 10:31:35,16/9/2025 09:54:27,2022
3032,47,木材加工和木、竹、藤、棕、草制品业,营业利润同比增减幅最大值,%,56.55,12/9/2025 10:31:35,16/9/2025 09:54:27,2022
3033,47,木材加工和木、竹、藤、棕、草制品业,营业利润同比增减幅最小值,%,-804.28,12/9/2025 10:31:36,16/9/2025 09:54:27,2022
3034,47,木材加工和木、竹、藤、棕、草制品业,营业利润同比增减幅中位数,%,-99.42,12/9/2025 10:31:36,16/9/2025 09:54:27,2022
3035,48,居民服务、修理和其他服务业,营业利润同比增减幅均值,%,-147.275,12/9/2025 10:31:36,16/9/2025 09:54:27,2022
3036,48,居民服务、修理和其他服务业,营业利润同比增减幅最大值,%,176.47,12/9/2025 10:31:36,16/9/2025 09:54:28,2022
3037,48,居民服务、修理和其他服务业,营业利润同比增减幅最小值,%,-799.61,12/9/2025 10:31:36,16/9/2025 09:54:28,2022
3038,48,居民服务、修理和其他服务业,营业利润同比增减幅中位数,%,17.02,12/9/2025 10:31:36,16/9/2025 09:54:28,2022
3039,0,全行业,营业利润同比增减幅均值,%,-127.4975603,12/9/2025 10:31:37,5/11/2025 08:56:03,2022
3040,0,全行业,营业利润同比增减幅最大值,%,35217.32,12/9/2025 10:31:37,5/11/2025 08:56:03,2022
3041,0,全行业,营业利润同比增减幅最小值,%,-117208.34,12/9/2025 10:31:37,5/11/2025 08:56:03,2022
3042,0,全行业,营业利润同比增减幅中位数,%,-7.66,12/9/2025 10:31:37,5/11/2025 08:56:03,2022
3043,1,医药制造业,净利润同比增减幅均值,%,-9.276681514,12/9/2025 10:31:37,16/9/2025 09:54:29,2022
3044,1,医药制造业,净利润同比增减幅最大值,%,3676.04,12/9/2025 10:31:38,16/9/2025 09:54:29,2022
3045,1,医药制造业,净利润同比增减幅最小值,%,-2011.44,12/9/2025 10:31:38,16/9/2025 09:54:29,2022
3046,1,医药制造业,净利润同比增减幅中位数,%,2.68,12/9/2025 10:31:38,16/9/2025 09:54:29,2022
3047,2,化学原料和化学制品制造业,净利润同比增减幅均值,%,3.43826923076923,12/9/2025 10:31:38,16/9/2025 09:54:30,2022
3048,2,化学原料和化学制品制造业,净利润同比增减幅最大值,%,7223.82,12/9/2025 10:31:38,16/9/2025 09:54:30,2022
3049,2,化学原料和化学制品制造业,净利润同比增减幅最小值,%,-4870.08,12/9/2025 10:31:38,16/9/2025 09:54:30,2022
3050,2,化学原料和化学制品制造业,净利润同比增减幅中位数,%,-4.36,12/9/2025 10:31:38,16/9/2025 09:54:30,2022
3051,3,信息传输、软件和信息技术服务业,净利润同比增减幅均值,%,-123.5648137,12/9/2025 10:31:39,16/9/2025 09:54:30,2022
3052,3,信息传输、软件和信息技术服务业,净利润同比增减幅最大值,%,1908.11,12/9/2025 10:31:39,16/9/2025 09:54:30,2022
3053,3,信息传输、软件和信息技术服务业,净利润同比增减幅最小值,%,-15942,12/9/2025 10:31:39,16/9/2025 09:54:30,2022
3054,3,信息传输、软件和信息技术服务业,净利润同比增减幅中位数,%,-15.96,12/9/2025 10:31:39,16/9/2025 09:54:30,2022
3055,4,房地产业,净利润同比增减幅均值,%,-153.482339,12/9/2025 10:31:39,16/9/2025 09:54:30,2022
3056,4,房地产业,净利润同比增减幅最大值,%,740.55,12/9/2025 10:31:39,16/9/2025 09:54:30,2022
3057,4,房地产业,净利润同比增减幅最小值,%,-8591.15,12/9/2025 10:31:39,16/9/2025 09:54:30,2022
3058,4,房地产业,净利润同比增减幅中位数,%,-36.89,12/9/2025 10:31:39,16/9/2025 09:54:30,2022
3059,5,专用设备制造业,净利润同比增减幅均值,%,-339.6040716,12/9/2025 10:31:39,16/9/2025 09:54:31,2022
3060,5,专用设备制造业,净利润同比增减幅最大值,%,1668.18,12/9/2025 10:31:40,16/9/2025 09:54:31,2022
3061,5,专用设备制造业,净利润同比增减幅最小值,%,-120721.31,12/9/2025 10:31:40,16/9/2025 09:54:31,2022
3062,5,专用设备制造业,净利润同比增减幅中位数,%,2.9,12/9/2025 10:31:40,16/9/2025 09:54:31,2022
3063,6,消费电子及电气业,净利润同比增减幅均值,%,-21.29972067,12/9/2025 10:31:40,16/9/2025 09:54:31,2022
3064,6,消费电子及电气业,净利润同比增减幅最大值,%,3807.7,12/9/2025 10:31:40,16/9/2025 09:54:31,2022
3065,6,消费电子及电气业,净利润同比增减幅最小值,%,-3178.83,12/9/2025 10:31:40,16/9/2025 09:54:31,2022
3066,6,消费电子及电气业,净利润同比增减幅中位数,%,-13.025,12/9/2025 10:31:40,16/9/2025 09:54:31,2022
3067,7,金融业,净利润同比增减幅均值,%,-112.6943919,12/9/2025 10:31:41,16/9/2025 09:54:31,2022
3068,7,金融业,净利润同比增减幅最大值,%,1497.38,12/9/2025 10:31:41,16/9/2025 09:54:31,2022
3069,7,金融业,净利润同比增减幅最小值,%,-4184.42,12/9/2025 10:31:41,16/9/2025 09:54:31,2022
3070,7,金融业,净利润同比增减幅中位数,%,-16.535,12/9/2025 10:31:41,16/9/2025 09:54:31,2022
3071,8,商业电气机械和器材制造业,净利润同比增减幅均值,%,29.01125,12/9/2025 10:31:41,16/9/2025 09:54:32,2022
3072,8,商业电气机械和器材制造业,净利润同比增减幅最大值,%,6511.63,12/9/2025 10:31:41,16/9/2025 09:54:32,2022
3073,8,商业电气机械和器材制造业,净利润同比增减幅最小值,%,-3287.79,12/9/2025 10:31:41,16/9/2025 09:54:32,2022
3074,8,商业电气机械和器材制造业,净利润同比增减幅中位数,%,11.415,12/9/2025 10:31:41,16/9/2025 09:54:32,2022
3075,9,批发和零售业,净利润同比增减幅均值,%,-257.1524265,12/9/2025 10:31:42,16/9/2025 09:54:32,2022
3076,9,批发和零售业,净利润同比增减幅最大值,%,2772.34,12/9/2025 10:31:42,16/9/2025 09:54:32,2022
3077,9,批发和零售业,净利润同比增减幅最小值,%,-48331.04,12/9/2025 10:31:42,16/9/2025 09:54:32,2022
3078,9,批发和零售业,净利润同比增减幅中位数,%,-11.55,12/9/2025 10:31:42,16/9/2025 09:54:32,2022
3079,10,食品饮料业,净利润同比增减幅均值,%,-9.412591093,12/9/2025 10:31:42,16/9/2025 09:54:32,2022
3080,10,食品饮料业,净利润同比增减幅最大值,%,10353.94,12/9/2025 10:31:43,16/9/2025 09:54:32,2022
3081,10,食品饮料业,净利润同比增减幅最小值,%,-5590.66,12/9/2025 10:31:43,16/9/2025 09:54:32,2022
3082,10,食品饮料业,净利润同比增减幅中位数,%,0.35,12/9/2025 10:31:43,16/9/2025 09:54:32,2022
3087,12,汽车制造业,净利润同比增减幅均值,%,-67.8413913,12/9/2025 10:31:44,16/9/2025 09:54:34,2022
3088,12,汽车制造业,净利润同比增减幅最大值,%,3986.06,12/9/2025 10:31:44,16/9/2025 09:54:34,2022
3089,12,汽车制造业,净利润同比增减幅最小值,%,-13339.1,12/9/2025 10:31:44,16/9/2025 09:54:34,2022
3090,12,汽车制造业,净利润同比增减幅中位数,%,-0.12,12/9/2025 10:31:44,16/9/2025 09:54:34,2022
3091,13,电力、热力、燃气及水生产和供应业,净利润同比增减幅均值,%,-8.805132275,12/9/2025 10:31:45,16/9/2025 09:54:35,2022
3092,13,电力、热力、燃气及水生产和供应业,净利润同比增减幅最大值,%,1241.96,12/9/2025 10:31:45,16/9/2025 09:54:35,2022
3093,13,电力、热力、燃气及水生产和供应业,净利润同比增减幅最小值,%,-5770.88,12/9/2025 10:31:45,16/9/2025 09:54:35,2022
3094,13,电力、热力、燃气及水生产和供应业,净利润同比增减幅中位数,%,3.67,12/9/2025 10:31:45,16/9/2025 09:54:35,2022
3095,14,采矿业,净利润同比增减幅均值,%,110.802237762238,12/9/2025 10:31:45,16/9/2025 09:54:35,2022
3096,14,采矿业,净利润同比增减幅最大值,%,4059.5,12/9/2025 10:31:45,16/9/2025 09:54:35,2022
3097,14,采矿业,净利润同比增减幅最小值,%,-1222.58,12/9/2025 10:31:45,16/9/2025 09:54:35,2022
3098,14,采矿业,净利润同比增减幅中位数,%,30.3,12/9/2025 10:31:45,16/9/2025 09:54:36,2022
3099,15,纺织鞋服业,净利润同比增减幅均值,%,-260.8424859,12/9/2025 10:31:45,16/9/2025 09:54:36,2022
3100,15,纺织鞋服业,净利润同比增减幅最大值,%,1663.67,12/9/2025 10:31:46,16/9/2025 09:54:36,2022
3101,15,纺织鞋服业,净利润同比增减幅最小值,%,-19056.44,12/9/2025 10:31:46,16/9/2025 09:54:36,2022
3102,15,纺织鞋服业,净利润同比增减幅中位数,%,-17.2,12/9/2025 10:31:46,16/9/2025 09:54:36,2022
3103,16,建筑业,净利润同比增减幅均值,%,-147.1711486,12/9/2025 10:31:46,16/9/2025 09:54:36,2022
3104,16,建筑业,净利润同比增减幅最大值,%,1221.01,12/9/2025 10:31:46,16/9/2025 09:54:36,2022
3105,16,建筑业,净利润同比增减幅最小值,%,-10066.22,12/9/2025 10:31:46,16/9/2025 09:54:36,2022
3106,16,建筑业,净利润同比增减幅中位数,%,-0.62,12/9/2025 10:31:46,16/9/2025 09:54:36,2022
3107,17,交通运输、仓储和邮政业,净利润同比增减幅均值,%,-111.5267614,12/9/2025 10:31:46,16/9/2025 09:54:37,2022
3108,17,交通运输、仓储和邮政业,净利润同比增减幅最大值,%,562.7,12/9/2025 10:31:46,16/9/2025 09:54:37,2022
3109,17,交通运输、仓储和邮政业,净利润同比增减幅最小值,%,-8240.83,12/9/2025 10:31:46,16/9/2025 09:54:37,2022
3110,17,交通运输、仓储和邮政业,净利润同比增减幅中位数,%,-3.91,12/9/2025 10:31:47,16/9/2025 09:54:37,2022
3111,18,通用设备制造业,净利润同比增减幅均值,%,-79.47492958,12/9/2025 10:31:47,16/9/2025 09:54:37,2022
3112,18,通用设备制造业,净利润同比增减幅最大值,%,1575.64,12/9/2025 10:31:47,16/9/2025 09:54:37,2022
3113,18,通用设备制造业,净利润同比增减幅最小值,%,-3938.26,12/9/2025 10:31:47,16/9/2025 09:54:37,2022
3114,18,通用设备制造业,净利润同比增减幅中位数,%,-10.2,12/9/2025 10:31:47,16/9/2025 09:54:37,2022
3115,19,半导体业,净利润同比增减幅均值,%,-24.55174419,12/9/2025 10:31:48,16/9/2025 09:54:37,2022
3116,19,半导体业,净利润同比增减幅最大值,%,2119.8,12/9/2025 10:31:48,16/9/2025 09:54:37,2022
3117,19,半导体业,净利润同比增减幅最小值,%,-1828.2,12/9/2025 10:31:48,16/9/2025 09:54:37,2022
3118,19,半导体业,净利润同比增减幅中位数,%,-10.87,12/9/2025 10:31:48,16/9/2025 09:54:37,2022
3119,20,租赁和商务服务业,净利润同比增减幅均值,%,-131.9652252,12/9/2025 10:31:48,16/9/2025 09:54:38,2022
3120,20,租赁和商务服务业,净利润同比增减幅最大值,%,1691.4,12/9/2025 10:31:48,16/9/2025 09:54:38,2022
3121,20,租赁和商务服务业,净利润同比增减幅最小值,%,-3251.58,12/9/2025 10:31:48,16/9/2025 09:54:38,2022
3122,20,租赁和商务服务业,净利润同比增减幅中位数,%,-43.7,12/9/2025 10:31:48,16/9/2025 09:54:38,2022
3123,21,通信传输设备业,净利润同比增减幅均值,%,-9.14725,12/9/2025 10:31:49,16/9/2025 09:54:38,2022
3124,21,通信传输设备业,净利润同比增减幅最大值,%,1498.1,12/9/2025 10:31:49,16/9/2025 09:54:38,2022
3125,21,通信传输设备业,净利润同比增减幅最小值,%,-2894.54,12/9/2025 10:31:49,16/9/2025 09:54:38,2022
3126,21,通信传输设备业,净利润同比增减幅中位数,%,10.9,12/9/2025 10:31:49,16/9/2025 09:54:38,2022
3127,22,非金属矿物制品业,净利润同比增减幅均值,%,-115.4550806,12/9/2025 10:31:49,16/9/2025 09:54:38,2022
3128,22,非金属矿物制品业,净利润同比增减幅最大值,%,421.26,12/9/2025 10:31:49,16/9/2025 09:54:38,2022
3129,22,非金属矿物制品业,净利润同比增减幅最小值,%,-5086.23,12/9/2025 10:31:49,16/9/2025 09:54:38,2022
3130,22,非金属矿物制品业,净利润同比增减幅中位数,%,-16.52,12/9/2025 10:31:49,16/9/2025 09:54:39,2022
3131,23,橡胶和塑料制品业,净利润同比增减幅均值,%,-109.7820561,12/9/2025 10:31:49,16/9/2025 09:54:39,2022
3132,23,橡胶和塑料制品业,净利润同比增减幅最大值,%,930.1,12/9/2025 10:31:49,16/9/2025 09:54:39,2022
3133,23,橡胶和塑料制品业,净利润同比增减幅最小值,%,-9159.03,12/9/2025 10:31:50,16/9/2025 09:54:39,2022
3134,23,橡胶和塑料制品业,净利润同比增减幅中位数,%,-15.91,12/9/2025 10:31:50,16/9/2025 09:54:39,2022
3135,24,综合,净利润同比增减幅均值,%,-54.64970588,12/9/2025 10:31:50,16/9/2025 09:54:39,2022
3136,24,综合,净利润同比增减幅最大值,%,431.79,12/9/2025 10:31:50,16/9/2025 09:54:39,2022
3137,24,综合,净利润同比增减幅最小值,%,-2573.56,12/9/2025 10:31:50,16/9/2025 09:54:39,2022
3138,24,综合,净利润同比增减幅中位数,%,22.015,12/9/2025 10:31:50,16/9/2025 09:54:39,2022
3139,25,其他制造业,净利润同比增减幅均值,%,2.6911320754717,12/9/2025 10:31:50,16/9/2025 09:54:40,2022
3140,25,其他制造业,净利润同比增减幅最大值,%,343.61,12/9/2025 10:31:50,16/9/2025 09:54:40,2022
3141,25,其他制造业,净利润同比增减幅最小值,%,-686.19,12/9/2025 10:31:50,16/9/2025 09:54:40,2022
3142,25,其他制造业,净利润同比增减幅中位数,%,5.3,12/9/2025 10:31:50,16/9/2025 09:54:40,2022
3143,26,金属制品业,净利润同比增减幅均值,%,-25.87666667,12/9/2025 10:31:51,16/9/2025 09:54:40,2022
3144,26,金属制品业,净利润同比增减幅最大值,%,326.22,12/9/2025 10:31:51,16/9/2025 09:54:40,2022
3145,26,金属制品业,净利润同比增减幅最小值,%,-951.86,12/9/2025 10:31:51,16/9/2025 09:54:40,2022
3146,26,金属制品业,净利润同比增减幅中位数,%,-21.93,12/9/2025 10:31:51,16/9/2025 09:54:40,2022
3147,27,铁路、船舶、航空航天和其他运输设备制造业,净利润同比增减幅均值,%,-62.52787879,12/9/2025 10:31:51,16/9/2025 09:54:40,2022
3148,27,铁路、船舶、航空航天和其他运输设备制造业,净利润同比增减幅最大值,%,1539.93,12/9/2025 10:31:51,16/9/2025 09:54:40,2022
3149,27,铁路、船舶、航空航天和其他运输设备制造业,净利润同比增减幅最小值,%,-2214.2,12/9/2025 10:31:51,16/9/2025 09:54:40,2022
3150,27,铁路、船舶、航空航天和其他运输设备制造业,净利润同比增减幅中位数,%,0.6,12/9/2025 10:31:51,16/9/2025 09:54:40,2022
3151,28,水利、环境和公共设施管理业,净利润同比增减幅均值,%,-734.2433654,12/9/2025 10:31:51,16/9/2025 09:54:41,2022
3152,28,水利、环境和公共设施管理业,净利润同比增减幅最大值,%,184.32,12/9/2025 10:31:52,16/9/2025 09:54:41,2022
3153,28,水利、环境和公共设施管理业,净利润同比增减幅最小值,%,-55960.82,12/9/2025 10:31:52,16/9/2025 09:54:41,2022
3154,28,水利、环境和公共设施管理业,净利润同比增减幅中位数,%,-29.745,12/9/2025 10:31:52,16/9/2025 09:54:41,2022
3155,29,金属冶炼和压延加工业,净利润同比增减幅均值,%,31.473724137931,12/9/2025 10:31:52,16/9/2025 09:54:41,2022
3156,29,金属冶炼和压延加工业,净利润同比增减幅最大值,%,6943.57,12/9/2025 10:31:52,16/9/2025 09:54:41,2022
3157,29,金属冶炼和压延加工业,净利润同比增减幅最小值,%,-2149.3,12/9/2025 10:31:52,16/9/2025 09:54:41,2022
3158,29,金属冶炼和压延加工业,净利润同比增减幅中位数,%,-8.17,12/9/2025 10:31:52,16/9/2025 09:54:41,2022
3159,30,科学研究和技术服务业,净利润同比增减幅均值,%,-34.90611111,12/9/2025 10:31:52,16/9/2025 09:54:41,2022
3160,30,科学研究和技术服务业,净利润同比增减幅最大值,%,493.39,12/9/2025 10:31:52,16/9/2025 09:54:41,2022
3161,30,科学研究和技术服务业,净利润同比增减幅最小值,%,-1820.81,12/9/2025 10:31:52,16/9/2025 09:54:41,2022
3162,30,科学研究和技术服务业,净利润同比增减幅中位数,%,-0.475,12/9/2025 10:31:52,16/9/2025 09:54:41,2022
3163,31,教育,净利润同比增减幅均值,%,-53.7685,12/9/2025 10:31:53,16/9/2025 09:54:42,2022
3164,31,教育,净利润同比增减幅最大值,%,393.4,12/9/2025 10:31:53,16/9/2025 09:54:42,2022
3165,31,教育,净利润同比增减幅最小值,%,-3281.41,12/9/2025 10:31:53,16/9/2025 09:54:42,2022
3166,31,教育,净利润同比增减幅中位数,%,29.755,12/9/2025 10:31:53,16/9/2025 09:54:42,2022
3167,32,仪器仪表制造业,净利润同比增减幅均值,%,13.3424719101124,12/9/2025 10:31:53,16/9/2025 09:54:42,2022
3168,32,仪器仪表制造业,净利润同比增减幅最大值,%,2478.84,12/9/2025 10:31:53,16/9/2025 09:54:42,2022
3169,32,仪器仪表制造业,净利润同比增减幅最小值,%,-375.56,12/9/2025 10:31:53,16/9/2025 09:54:43,2022
3170,32,仪器仪表制造业,净利润同比增减幅中位数,%,-6.91,12/9/2025 10:31:53,16/9/2025 09:54:43,2022
3171,33,文化、体育和娱乐业,净利润同比增减幅均值,%,-205.7854545,12/9/2025 10:31:54,16/9/2025 09:54:43,2022
3172,33,文化、体育和娱乐业,净利润同比增减幅最大值,%,273.22,12/9/2025 10:31:54,16/9/2025 09:54:43,2022
3173,33,文化、体育和娱乐业,净利润同比增减幅最小值,%,-2550.48,12/9/2025 10:31:54,16/9/2025 09:54:43,2022
3174,33,文化、体育和娱乐业,净利润同比增减幅中位数,%,-36.135,12/9/2025 10:31:54,16/9/2025 09:54:43,2022
3175,34,农、林、牧、渔业,净利润同比增减幅均值,%,-52.0078,12/9/2025 10:31:54,16/9/2025 09:54:43,2022
3176,34,农、林、牧、渔业,净利润同比增减幅最大值,%,399.22,12/9/2025 10:31:54,16/9/2025 09:54:43,2022
3177,34,农、林、牧、渔业,净利润同比增减幅最小值,%,-2951.04,12/9/2025 10:31:54,16/9/2025 09:54:43,2022
3178,34,农、林、牧、渔业,净利润同比增减幅中位数,%,21.06,12/9/2025 10:31:54,16/9/2025 09:54:43,2022
3179,35,卫生和社会工作,净利润同比增减幅均值,%,-4.69137931,12/9/2025 10:31:54,16/9/2025 09:54:44,2022
3180,35,卫生和社会工作,净利润同比增减幅最大值,%,505.08,12/9/2025 10:31:54,16/9/2025 09:54:44,2022
3181,35,卫生和社会工作,净利润同比增减幅最小值,%,-393.52,12/9/2025 10:31:54,16/9/2025 09:54:44,2022
3182,35,卫生和社会工作,净利润同比增减幅中位数,%,-21.62,12/9/2025 10:31:54,16/9/2025 09:54:44,2022
3183,36,造纸和纸制品业,净利润同比增减幅均值,%,-206.5592157,12/9/2025 10:31:55,16/9/2025 09:54:44,2022
3184,36,造纸和纸制品业,净利润同比增减幅最大值,%,104.6,12/9/2025 10:31:55,16/9/2025 09:54:44,2022
3185,36,造纸和纸制品业,净利润同比增减幅最小值,%,-3220.47,12/9/2025 10:31:55,16/9/2025 09:54:44,2022
3186,36,造纸和纸制品业,净利润同比增减幅中位数,%,-40.71,12/9/2025 10:31:55,16/9/2025 09:54:44,2022
3187,37,住宿和餐饮业,净利润同比增减幅均值,%,-481.3174286,12/9/2025 10:31:55,16/9/2025 09:54:45,2022
3188,37,住宿和餐饮业,净利润同比增减幅最大值,%,715.82,12/9/2025 10:31:55,16/9/2025 09:54:45,2022
3189,37,住宿和餐饮业,净利润同比增减幅最小值,%,-6774.3,12/9/2025 10:31:55,16/9/2025 09:54:45,2022
3190,37,住宿和餐饮业,净利润同比增减幅中位数,%,-24.62,12/9/2025 10:31:55,16/9/2025 09:54:45,2022
3191,38,家具制造业,净利润同比增减幅均值,%,544.246744186046,12/9/2025 10:31:56,16/9/2025 09:54:45,2022
3192,38,家具制造业,净利润同比增减幅最大值,%,26106.55,12/9/2025 10:31:56,16/9/2025 09:54:45,2022
3193,38,家具制造业,净利润同比增减幅最小值,%,-2387.97,12/9/2025 10:31:56,16/9/2025 09:54:45,2022
3194,38,家具制造业,净利润同比增减幅中位数,%,-5.4,12/9/2025 10:31:56,16/9/2025 09:54:45,2022
3195,39,印刷和记录媒介复制业,净利润同比增减幅均值,%,-61.57151515,12/9/2025 10:31:56,16/9/2025 09:54:46,2022
3196,39,印刷和记录媒介复制业,净利润同比增减幅最大值,%,745.46,12/9/2025 10:31:56,16/9/2025 09:54:46,2022
3197,39,印刷和记录媒介复制业,净利润同比增减幅最小值,%,-1137.63,12/9/2025 10:31:57,16/9/2025 09:54:46,2022
3198,39,印刷和记录媒介复制业,净利润同比增减幅中位数,%,-58.56,12/9/2025 10:31:57,16/9/2025 09:54:46,2022
3199,41,文教、工美、体育和娱乐用品制造业,净利润同比增减幅均值,%,-199.2415789,12/9/2025 10:31:57,16/9/2025 09:54:46,2022
3200,41,文教、工美、体育和娱乐用品制造业,净利润同比增减幅最大值,%,448.17,12/9/2025 10:31:57,16/9/2025 09:54:46,2022
3201,41,文教、工美、体育和娱乐用品制造业,净利润同比增减幅最小值,%,-4062,12/9/2025 10:31:57,16/9/2025 09:54:46,2022
3202,41,文教、工美、体育和娱乐用品制造业,净利润同比增减幅中位数,%,-9.2,12/9/2025 10:31:57,16/9/2025 09:54:46,2022
3207,43,化学纤维制造业,净利润同比增减幅均值,%,-12.57735294,12/9/2025 10:31:59,16/9/2025 09:54:47,2022
3208,43,化学纤维制造业,净利润同比增减幅最大值,%,222.45,12/9/2025 10:31:59,16/9/2025 09:54:47,2022
3209,43,化学纤维制造业,净利润同比增减幅最小值,%,-237.41,12/9/2025 10:31:59,16/9/2025 09:54:47,2022
3210,43,化学纤维制造业,净利润同比增减幅中位数,%,-30.86,12/9/2025 10:31:59,16/9/2025 09:54:47,2022
3215,45,石油加工、炼焦和核燃料加工业,净利润同比增减幅均值,%,-146.1928571,12/9/2025 10:32:00,16/9/2025 09:54:48,2022
3216,45,石油加工、炼焦和核燃料加工业,净利润同比增减幅最大值,%,258.85,12/9/2025 10:32:00,16/9/2025 09:54:48,2022
3217,45,石油加工、炼焦和核燃料加工业,净利润同比增减幅最小值,%,-1757.33,12/9/2025 10:32:00,16/9/2025 09:54:48,2022
3218,45,石油加工、炼焦和核燃料加工业,净利润同比增减幅中位数,%,-28.65,12/9/2025 10:32:00,16/9/2025 09:54:48,2022
3219,46,废弃资源综合利用业,净利润同比增减幅均值,%,-52.27111111,12/9/2025 10:32:00,16/9/2025 09:54:49,2022
3220,46,废弃资源综合利用业,净利润同比增减幅最大值,%,438.73,12/9/2025 10:32:00,16/9/2025 09:54:49,2022
3221,46,废弃资源综合利用业,净利润同比增减幅最小值,%,-787.26,12/9/2025 10:32:00,16/9/2025 09:54:49,2022
3222,46,废弃资源综合利用业,净利润同比增减幅中位数,%,-6.3,12/9/2025 10:32:00,16/9/2025 09:54:49,2022
3223,47,木材加工和木、竹、藤、棕、草制品业,净利润同比增减幅均值,%,-176.1681818,12/9/2025 10:32:00,16/9/2025 09:54:49,2022
3224,47,木材加工和木、竹、藤、棕、草制品业,净利润同比增减幅最大值,%,56.57,12/9/2025 10:32:00,16/9/2025 09:54:49,2022
3225,47,木材加工和木、竹、藤、棕、草制品业,净利润同比增减幅最小值,%,-817.51,12/9/2025 10:32:01,16/9/2025 09:54:49,2022
3226,47,木材加工和木、竹、藤、棕、草制品业,净利润同比增减幅中位数,%,-73.3,12/9/2025 10:32:01,16/9/2025 09:54:49,2022
3227,48,居民服务、修理和其他服务业,净利润同比增减幅均值,%,-111.8475,12/9/2025 10:32:01,16/9/2025 09:54:50,2022
3228,48,居民服务、修理和其他服务业,净利润同比增减幅最大值,%,109.56,12/9/2025 10:32:01,16/9/2025 09:54:50,2022
3229,48,居民服务、修理和其他服务业,净利润同比增减幅最小值,%,-601.14,12/9/2025 10:32:01,16/9/2025 09:54:50,2022
3230,48,居民服务、修理和其他服务业,净利润同比增减幅中位数,%,22.095,12/9/2025 10:32:01,16/9/2025 09:54:50,2022
3231,0,全行业,净利润同比增减幅均值,%,-96.70717126,12/9/2025 10:32:01,5/11/2025 08:56:03,2022
3232,0,全行业,净利润同比增减幅最大值,%,26106.55,12/9/2025 10:32:02,5/11/2025 08:56:03,2022
3233,0,全行业,净利润同比增减幅最小值,%,-120721.31,12/9/2025 10:32:02,5/11/2025 08:56:03,2022
3234,0,全行业,净利润同比增减幅中位数,%,-6.525,12/9/2025 10:32:02,5/11/2025 08:56:03,2022
3235,1,医药制造业,研发投入同比增减幅均值,%,55.2653546910755,12/9/2025 10:32:02,16/9/2025 09:54:50,2022
3236,1,医药制造业,研发投入同比增减幅最大值,%,15825.87,12/9/2025 10:32:02,16/9/2025 09:54:50,2022
3237,1,医药制造业,研发投入同比增减幅最小值,%,-101,12/9/2025 10:32:02,16/9/2025 09:54:51,2022
3238,1,医药制造业,研发投入同比增减幅中位数,%,11.55,12/9/2025 10:32:03,16/9/2025 09:54:51,2022
3239,2,化学原料和化学制品制造业,研发投入同比增减幅均值,%,33.6640173410405,12/9/2025 10:32:03,16/9/2025 09:54:51,2022
3240,2,化学原料和化学制品制造业,研发投入同比增减幅最大值,%,2766.85,12/9/2025 10:32:03,16/9/2025 09:54:51,2022
3241,2,化学原料和化学制品制造业,研发投入同比增减幅最小值,%,-92.9,12/9/2025 10:32:03,16/9/2025 09:54:51,2022
3242,2,化学原料和化学制品制造业,研发投入同比增减幅中位数,%,13.42,12/9/2025 10:32:03,16/9/2025 09:54:51,2022
3243,3,信息传输、软件和信息技术服务业,研发投入同比增减幅均值,%,179.784857142857,12/9/2025 10:32:04,16/9/2025 09:54:52,2022
3244,3,信息传输、软件和信息技术服务业,研发投入同比增减幅最大值,%,99540.03,12/9/2025 10:32:04,16/9/2025 09:54:52,2022
3245,3,信息传输、软件和信息技术服务业,研发投入同比增减幅最小值,%,-78.3,12/9/2025 10:32:04,16/9/2025 09:54:52,2022
3246,3,信息传输、软件和信息技术服务业,研发投入同比增减幅中位数,%,6.48,12/9/2025 10:32:04,16/9/2025 09:54:52,2022
3247,4,房地产业,研发投入同比增减幅均值,%,18.6070175438597,12/9/2025 10:32:05,16/9/2025 09:54:52,2022
3248,4,房地产业,研发投入同比增减幅最大值,%,543.8,12/9/2025 10:32:05,16/9/2025 09:54:52,2022
3249,4,房地产业,研发投入同比增减幅最小值,%,-94.11,12/9/2025 10:32:05,16/9/2025 09:54:52,2022
3250,4,房地产业,研发投入同比增减幅中位数,%,1.68,12/9/2025 10:32:05,16/9/2025 09:54:52,2022
3251,5,专用设备制造业,研发投入同比增减幅均值,%,26.0488787185355,12/9/2025 10:32:05,16/9/2025 09:54:53,2022
3252,5,专用设备制造业,研发投入同比增减幅最大值,%,1609.93,12/9/2025 10:32:06,16/9/2025 09:54:53,2022
3253,5,专用设备制造业,研发投入同比增减幅最小值,%,-75.94,12/9/2025 10:32:06,16/9/2025 09:54:53,2022
3254,5,专用设备制造业,研发投入同比增减幅中位数,%,15.48,12/9/2025 10:32:06,16/9/2025 09:54:53,2022
3255,6,消费电子及电气业,研发投入同比增减幅均值,%,10.4800600600601,12/9/2025 10:32:06,16/9/2025 09:54:54,2022
3256,6,消费电子及电气业,研发投入同比增减幅最大值,%,119.67,12/9/2025 10:32:06,16/9/2025 09:54:54,2022
3257,6,消费电子及电气业,研发投入同比增减幅最小值,%,-81.76,12/9/2025 10:32:06,16/9/2025 09:54:54,2022
3258,6,消费电子及电气业,研发投入同比增减幅中位数,%,8.76,12/9/2025 10:32:06,16/9/2025 09:54:54,2022
3259,7,金融业,研发投入同比增减幅均值,%,55.7864912280702,12/9/2025 10:32:07,16/9/2025 09:54:54,2022
3260,7,金融业,研发投入同比增减幅最大值,%,2070.55,12/9/2025 10:32:07,16/9/2025 09:54:54,2022
3261,7,金融业,研发投入同比增减幅最小值,%,-58.77,12/9/2025 10:32:07,16/9/2025 09:54:54,2022
3262,7,金融业,研发投入同比增减幅中位数,%,18.02,12/9/2025 10:32:07,16/9/2025 09:54:55,2022
3263,8,商业电气机械和器材制造业,研发投入同比增减幅均值,%,28.0092434210526,12/9/2025 10:32:07,16/9/2025 09:54:55,2022
3264,8,商业电气机械和器材制造业,研发投入同比增减幅最大值,%,442,12/9/2025 10:32:07,16/9/2025 09:54:55,2022
3265,8,商业电气机械和器材制造业,研发投入同比增减幅最小值,%,-60.3,12/9/2025 10:32:08,16/9/2025 09:54:55,2022
3266,8,商业电气机械和器材制造业,研发投入同比增减幅中位数,%,15.335,12/9/2025 10:32:08,16/9/2025 09:54:55,2022
3267,9,批发和零售业,研发投入同比增减幅均值,%,44.1907751937985,12/9/2025 10:32:08,16/9/2025 09:54:56,2022
3268,9,批发和零售业,研发投入同比增减幅最大值,%,2221.3,12/9/2025 10:32:08,16/9/2025 09:54:56,2022
3269,9,批发和零售业,研发投入同比增减幅最小值,%,-88.99,12/9/2025 10:32:08,16/9/2025 09:54:56,2022
3270,9,批发和零售业,研发投入同比增减幅中位数,%,14.35,12/9/2025 10:32:08,16/9/2025 09:54:56,2022
3271,10,食品饮料业,研发投入同比增减幅均值,%,17.4836815920398,12/9/2025 10:32:09,16/9/2025 09:54:56,2022
3272,10,食品饮料业,研发投入同比增减幅最大值,%,240.03,12/9/2025 10:32:09,16/9/2025 09:54:56,2022
3273,10,食品饮料业,研发投入同比增减幅最小值,%,-99.48,12/9/2025 10:32:09,16/9/2025 09:54:56,2022
3274,10,食品饮料业,研发投入同比增减幅中位数,%,9.7,12/9/2025 10:32:09,16/9/2025 09:54:56,2022
3279,12,汽车制造业,研发投入同比增减幅均值,%,17.9649122807018,12/9/2025 10:32:10,16/9/2025 09:54:57,2022
3280,12,汽车制造业,研发投入同比增减幅最大值,%,593.95,12/9/2025 10:32:11,16/9/2025 09:54:57,2022
3281,12,汽车制造业,研发投入同比增减幅最小值,%,-96.18,12/9/2025 10:32:11,16/9/2025 09:54:57,2022
3282,12,汽车制造业,研发投入同比增减幅中位数,%,11.045,12/9/2025 10:32:11,16/9/2025 09:54:57,2022
3283,13,电力、热力、燃气及水生产和供应业,研发投入同比增减幅均值,%,99.9257627118644,12/9/2025 10:32:11,16/9/2025 09:54:58,2022
3284,13,电力、热力、燃气及水生产和供应业,研发投入同比增减幅最大值,%,3084.1,12/9/2025 10:32:11,16/9/2025 09:54:58,2022
3285,13,电力、热力、燃气及水生产和供应业,研发投入同比增减幅最小值,%,-99.96,12/9/2025 10:32:11,16/9/2025 09:54:58,2022
3286,13,电力、热力、燃气及水生产和供应业,研发投入同比增减幅中位数,%,11.385,12/9/2025 10:32:11,16/9/2025 09:54:58,2022
3287,14,采矿业,研发投入同比增减幅均值,%,49.0558888888889,12/9/2025 10:32:11,16/9/2025 09:54:58,2022
3288,14,采矿业,研发投入同比增减幅最大值,%,1737.79,12/9/2025 10:32:11,16/9/2025 09:54:58,2022
3289,14,采矿业,研发投入同比增减幅最小值,%,-70.64,12/9/2025 10:32:11,16/9/2025 09:54:58,2022
3290,14,采矿业,研发投入同比增减幅中位数,%,11.925,12/9/2025 10:32:11,16/9/2025 09:54:58,2022
3291,15,纺织鞋服业,研发投入同比增减幅均值,%,23.45304,12/9/2025 10:32:12,16/9/2025 09:54:59,2022
3292,15,纺织鞋服业,研发投入同比增减幅最大值,%,1718.17,12/9/2025 10:32:12,16/9/2025 09:54:59,2022
3293,15,纺织鞋服业,研发投入同比增减幅最小值,%,-89.31,12/9/2025 10:32:12,16/9/2025 09:54:59,2022
3294,15,纺织鞋服业,研发投入同比增减幅中位数,%,6.1,12/9/2025 10:32:12,16/9/2025 09:54:59,2022
3295,16,建筑业,研发投入同比增减幅均值,%,19.0874358974359,12/9/2025 10:32:12,16/9/2025 09:54:59,2022
3296,16,建筑业,研发投入同比增减幅最大值,%,609.49,12/9/2025 10:32:13,16/9/2025 09:54:59,2022
3297,16,建筑业,研发投入同比增减幅最小值,%,-94.8,12/9/2025 10:32:13,16/9/2025 09:54:59,2022
3298,16,建筑业,研发投入同比增减幅中位数,%,8.34,12/9/2025 10:32:13,16/9/2025 09:54:59,2022
3299,17,交通运输、仓储和邮政业,研发投入同比增减幅均值,%,32.4471134020619,12/9/2025 10:32:13,16/9/2025 09:55:00,2022
3300,17,交通运输、仓储和邮政业,研发投入同比增减幅最大值,%,629.09,12/9/2025 10:32:13,16/9/2025 09:55:00,2022
3301,17,交通运输、仓储和邮政业,研发投入同比增减幅最小值,%,-98.52,12/9/2025 10:32:13,16/9/2025 09:55:00,2022
3302,17,交通运输、仓储和邮政业,研发投入同比增减幅中位数,%,14.34,12/9/2025 10:32:13,16/9/2025 09:55:00,2022
3303,18,通用设备制造业,研发投入同比增减幅均值,%,10.1399523809524,12/9/2025 10:32:14,16/9/2025 09:55:00,2022
3304,18,通用设备制造业,研发投入同比增减幅最大值,%,291.05,12/9/2025 10:32:14,16/9/2025 09:55:00,2022
3305,18,通用设备制造业,研发投入同比增减幅最小值,%,-64,12/9/2025 10:32:14,16/9/2025 09:55:00,2022
3306,18,通用设备制造业,研发投入同比增减幅中位数,%,5.4,12/9/2025 10:32:14,16/9/2025 09:55:00,2022
3307,19,半导体业,研发投入同比增减幅均值,%,20.2516666666667,12/9/2025 10:32:14,16/9/2025 09:55:01,2022
3308,19,半导体业,研发投入同比增减幅最大值,%,125.87,12/9/2025 10:32:14,16/9/2025 09:55:01,2022
3309,19,半导体业,研发投入同比增减幅最小值,%,-65,12/9/2025 10:32:14,16/9/2025 09:55:01,2022
3310,19,半导体业,研发投入同比增减幅中位数,%,18.18,12/9/2025 10:32:14,16/9/2025 09:55:01,2022
3311,20,租赁和商务服务业,研发投入同比增减幅均值,%,100.921571428571,12/9/2025 10:32:15,16/9/2025 09:55:02,2022
3312,20,租赁和商务服务业,研发投入同比增减幅最大值,%,6330.19,12/9/2025 10:32:15,16/9/2025 09:55:02,2022
3313,20,租赁和商务服务业,研发投入同比增减幅最小值,%,-93.86,12/9/2025 10:32:15,16/9/2025 09:55:02,2022
3314,20,租赁和商务服务业,研发投入同比增减幅中位数,%,3.965,12/9/2025 10:32:15,16/9/2025 09:55:02,2022
3315,21,通信传输设备业,研发投入同比增减幅均值,%,19.8419658119658,12/9/2025 10:32:16,16/9/2025 09:55:02,2022
3316,21,通信传输设备业,研发投入同比增减幅最大值,%,459.31,12/9/2025 10:32:16,16/9/2025 09:55:02,2022
3317,21,通信传输设备业,研发投入同比增减幅最小值,%,-43.62,12/9/2025 10:32:16,16/9/2025 09:55:02,2022
3318,21,通信传输设备业,研发投入同比增减幅中位数,%,12.29,12/9/2025 10:32:16,16/9/2025 09:55:02,2022
3319,22,非金属矿物制品业,研发投入同比增减幅均值,%,33.5871028037383,12/9/2025 10:32:16,16/9/2025 09:55:03,2022
3320,22,非金属矿物制品业,研发投入同比增减幅最大值,%,806.13,12/9/2025 10:32:17,16/9/2025 09:55:03,2022
3321,22,非金属矿物制品业,研发投入同比增减幅最小值,%,-60.29,12/9/2025 10:32:17,16/9/2025 09:55:03,2022
3322,22,非金属矿物制品业,研发投入同比增减幅中位数,%,12.16,12/9/2025 10:32:17,16/9/2025 09:55:03,2022
3323,23,橡胶和塑料制品业,研发投入同比增减幅均值,%,8.85849056603774,12/9/2025 10:32:17,16/9/2025 09:55:03,2022
3324,23,橡胶和塑料制品业,研发投入同比增减幅最大值,%,211.2,12/9/2025 10:32:17,16/9/2025 09:55:03,2022
3325,23,橡胶和塑料制品业,研发投入同比增减幅最小值,%,-45.82,12/9/2025 10:32:17,16/9/2025 09:55:03,2022
3326,23,橡胶和塑料制品业,研发投入同比增减幅中位数,%,5.03,12/9/2025 10:32:17,16/9/2025 09:55:03,2022
3327,24,综合,研发投入同比增减幅均值,%,12.5216666666667,12/9/2025 10:32:17,16/9/2025 09:55:03,2022
3328,24,综合,研发投入同比增减幅最大值,%,87.32,12/9/2025 10:32:17,16/9/2025 09:55:03,2022
3329,24,综合,研发投入同比增减幅最小值,%,-26.11,12/9/2025 10:32:17,16/9/2025 09:55:03,2022
3330,24,综合,研发投入同比增减幅中位数,%,11.09,12/9/2025 10:32:18,16/9/2025 09:55:03,2022
3331,25,其他制造业,研发投入同比增减幅均值,%,1.54,12/9/2025 10:32:18,16/9/2025 09:55:04,2022
3332,25,其他制造业,研发投入同比增减幅最大值,%,76.74,12/9/2025 10:32:18,16/9/2025 09:55:04,2022
3333,25,其他制造业,研发投入同比增减幅最小值,%,-97.06,12/9/2025 10:32:18,16/9/2025 09:55:04,2022
3334,25,其他制造业,研发投入同比增减幅中位数,%,6.285,12/9/2025 10:32:18,16/9/2025 09:55:04,2022
3335,26,金属制品业,研发投入同比增减幅均值,%,10.0275700934579,12/9/2025 10:32:18,16/9/2025 09:55:04,2022
3336,26,金属制品业,研发投入同比增减幅最大值,%,98.04,12/9/2025 10:32:18,16/9/2025 09:55:04,2022
3337,26,金属制品业,研发投入同比增减幅最小值,%,-96.22,12/9/2025 10:32:18,16/9/2025 09:55:04,2022
3338,26,金属制品业,研发投入同比增减幅中位数,%,6.53,12/9/2025 10:32:18,16/9/2025 09:55:04,2022
3339,27,铁路、船舶、航空航天和其他运输设备制造业,研发投入同比增减幅均值,%,24.4247959183673,12/9/2025 10:32:19,16/9/2025 09:55:05,2022
3340,27,铁路、船舶、航空航天和其他运输设备制造业,研发投入同比增减幅最大值,%,633.44,12/9/2025 10:32:19,16/9/2025 09:55:05,2022
3341,27,铁路、船舶、航空航天和其他运输设备制造业,研发投入同比增减幅最小值,%,-47.26,12/9/2025 10:32:19,16/9/2025 09:55:05,2022
3342,27,铁路、船舶、航空航天和其他运输设备制造业,研发投入同比增减幅中位数,%,12.695,12/9/2025 10:32:19,16/9/2025 09:55:05,2022
3343,28,水利、环境和公共设施管理业,研发投入同比增减幅均值,%,23.8970588235294,12/9/2025 10:32:20,16/9/2025 09:55:05,2022
3344,28,水利、环境和公共设施管理业,研发投入同比增减幅最大值,%,1027.75,12/9/2025 10:32:20,16/9/2025 09:55:05,2022
3345,28,水利、环境和公共设施管理业,研发投入同比增减幅最小值,%,-70.08,12/9/2025 10:32:20,16/9/2025 09:55:05,2022
3346,28,水利、环境和公共设施管理业,研发投入同比增减幅中位数,%,4.12,12/9/2025 10:32:20,16/9/2025 09:55:05,2022
3347,29,金属冶炼和压延加工业,研发投入同比增减幅均值,%,176.862713178295,12/9/2025 10:32:20,16/9/2025 09:55:06,2022
3348,29,金属冶炼和压延加工业,研发投入同比增减幅最大值,%,11404.44,12/9/2025 10:32:20,16/9/2025 09:55:06,2022
3349,29,金属冶炼和压延加工业,研发投入同比增减幅最小值,%,-57.83,12/9/2025 10:32:20,16/9/2025 09:55:06,2022
3350,29,金属冶炼和压延加工业,研发投入同比增减幅中位数,%,13.72,12/9/2025 10:32:20,16/9/2025 09:55:06,2022
3351,30,科学研究和技术服务业,研发投入同比增减幅均值,%,33.7273770491803,12/9/2025 10:32:20,16/9/2025 09:55:06,2022
3352,30,科学研究和技术服务业,研发投入同比增减幅最大值,%,467.57,12/9/2025 10:32:21,16/9/2025 09:55:06,2022
3353,30,科学研究和技术服务业,研发投入同比增减幅最小值,%,-49.63,12/9/2025 10:32:21,16/9/2025 09:55:06,2022
3354,30,科学研究和技术服务业,研发投入同比增减幅中位数,%,18.265,12/9/2025 10:32:21,16/9/2025 09:55:06,2022
3355,31,教育,研发投入同比增减幅均值,%,-35.33125,12/9/2025 10:32:21,16/9/2025 09:55:07,2022
3356,31,教育,研发投入同比增减幅最大值,%,32.35,12/9/2025 10:32:21,16/9/2025 09:55:07,2022
3357,31,教育,研发投入同比增减幅最小值,%,-89.27,12/9/2025 10:32:21,16/9/2025 09:55:07,2022
3358,31,教育,研发投入同比增减幅中位数,%,-33.245,12/9/2025 10:32:21,16/9/2025 09:55:07,2022
3359,32,仪器仪表制造业,研发投入同比增减幅均值,%,100.103707865169,12/9/2025 10:32:21,16/9/2025 09:55:08,2022
3360,32,仪器仪表制造业,研发投入同比增减幅最大值,%,7292.5,12/9/2025 10:32:22,16/9/2025 09:55:08,2022
3361,32,仪器仪表制造业,研发投入同比增减幅最小值,%,-47.05,12/9/2025 10:32:22,16/9/2025 09:55:08,2022
3362,32,仪器仪表制造业,研发投入同比增减幅中位数,%,19.4,12/9/2025 10:32:22,16/9/2025 09:55:08,2022
3363,33,文化、体育和娱乐业,研发投入同比增减幅均值,%,174.896315789474,12/9/2025 10:32:22,16/9/2025 09:55:08,2022
3364,33,文化、体育和娱乐业,研发投入同比增减幅最大值,%,8599.64,12/9/2025 10:32:22,16/9/2025 09:55:08,2022
3365,33,文化、体育和娱乐业,研发投入同比增减幅最小值,%,-94.38,12/9/2025 10:32:22,16/9/2025 09:55:08,2022
3366,33,文化、体育和娱乐业,研发投入同比增减幅中位数,%,2.15,12/9/2025 10:32:22,16/9/2025 09:55:08,2022
3367,34,农、林、牧、渔业,研发投入同比增减幅均值,%,136.181956521739,12/9/2025 10:32:22,16/9/2025 09:55:08,2022
3368,34,农、林、牧、渔业,研发投入同比增减幅最大值,%,3118.99,12/9/2025 10:32:22,16/9/2025 09:55:08,2022
3369,34,农、林、牧、渔业,研发投入同比增减幅最小值,%,-95.22,12/9/2025 10:32:22,16/9/2025 09:55:08,2022
3370,34,农、林、牧、渔业,研发投入同比增减幅中位数,%,33.975,12/9/2025 10:32:22,16/9/2025 09:55:08,2022
3371,35,卫生和社会工作,研发投入同比增减幅均值,%,8.94466666666667,12/9/2025 10:32:23,16/9/2025 09:55:09,2022
3372,35,卫生和社会工作,研发投入同比增减幅最大值,%,95.56,12/9/2025 10:32:23,16/9/2025 09:55:09,2022
3373,35,卫生和社会工作,研发投入同比增减幅最小值,%,-78.34,12/9/2025 10:32:23,16/9/2025 09:55:09,2022
3374,35,卫生和社会工作,研发投入同比增减幅中位数,%,9.34,12/9/2025 10:32:23,16/9/2025 09:55:09,2022
3375,36,造纸和纸制品业,研发投入同比增减幅均值,%,14.5877777777778,12/9/2025 10:32:23,16/9/2025 09:55:09,2022
3376,36,造纸和纸制品业,研发投入同比增减幅最大值,%,123,12/9/2025 10:32:23,16/9/2025 09:55:09,2022
3377,36,造纸和纸制品业,研发投入同比增减幅最小值,%,-34.2,12/9/2025 10:32:23,16/9/2025 09:55:09,2022
3378,36,造纸和纸制品业,研发投入同比增减幅中位数,%,4.97,12/9/2025 10:32:23,16/9/2025 09:55:09,2022
3379,37,住宿和餐饮业,研发投入同比增减幅均值,%,33.7957142857143,12/9/2025 10:32:24,16/9/2025 09:55:09,2022
3380,37,住宿和餐饮业,研发投入同比增减幅最大值,%,80.16,12/9/2025 10:32:24,16/9/2025 09:55:10,2022
3381,37,住宿和餐饮业,研发投入同比增减幅最小值,%,4.13,12/9/2025 10:32:24,16/9/2025 09:55:10,2022
3382,37,住宿和餐饮业,研发投入同比增减幅中位数,%,17.67,12/9/2025 10:32:24,16/9/2025 09:55:10,2022
3383,38,家具制造业,研发投入同比增减幅均值,%,8.89026315789474,12/9/2025 10:32:24,16/9/2025 09:55:10,2022
3384,38,家具制造业,研发投入同比增减幅最大值,%,503,12/9/2025 10:32:24,16/9/2025 09:55:10,2022
3385,38,家具制造业,研发投入同比增减幅最小值,%,-89.67,12/9/2025 10:32:24,16/9/2025 09:55:10,2022
3386,38,家具制造业,研发投入同比增减幅中位数,%,-0.705,12/9/2025 10:32:24,16/9/2025 09:55:10,2022
3387,39,印刷和记录媒介复制业,研发投入同比增减幅均值,%,7.24681818181818,12/9/2025 10:32:24,16/9/2025 09:55:10,2022
3388,39,印刷和记录媒介复制业,研发投入同比增减幅最大值,%,206.35,12/9/2025 10:32:24,16/9/2025 09:55:10,2022
3389,39,印刷和记录媒介复制业,研发投入同比增减幅最小值,%,-35.32,12/9/2025 10:32:24,16/9/2025 09:55:10,2022
3390,39,印刷和记录媒介复制业,研发投入同比增减幅中位数,%,-2.19,12/9/2025 10:32:24,16/9/2025 09:55:10,2022
3391,41,文教、工美、体育和娱乐用品制造业,研发投入同比增减幅均值,%,71.3003571428571,12/9/2025 10:32:25,16/9/2025 09:55:10,2022
3392,41,文教、工美、体育和娱乐用品制造业,研发投入同比增减幅最大值,%,2220.81,12/9/2025 10:32:25,16/9/2025 09:55:11,2022
3393,41,文教、工美、体育和娱乐用品制造业,研发投入同比增减幅最小值,%,-67.24,12/9/2025 10:32:25,16/9/2025 09:55:11,2022
3394,41,文教、工美、体育和娱乐用品制造业,研发投入同比增减幅中位数,%,-9.875,12/9/2025 10:32:25,16/9/2025 09:55:11,2022
3399,43,化学纤维制造业,研发投入同比增减幅均值,%,37.9648484848485,12/9/2025 10:32:26,16/9/2025 09:55:11,2022
3400,43,化学纤维制造业,研发投入同比增减幅最大值,%,573.7,12/9/2025 10:32:26,16/9/2025 09:55:11,2022
3401,43,化学纤维制造业,研发投入同比增减幅最小值,%,-22.43,12/9/2025 10:32:26,16/9/2025 09:55:11,2022
3402,43,化学纤维制造业,研发投入同比增减幅中位数,%,3.5,12/9/2025 10:32:26,16/9/2025 09:55:11,2022
3407,45,石油加工、炼焦和核燃料加工业,研发投入同比增减幅均值,%,34.97375,12/9/2025 10:32:26,16/9/2025 09:55:12,2022
3408,45,石油加工、炼焦和核燃料加工业,研发投入同比增减幅最大值,%,228.9,12/9/2025 10:32:26,16/9/2025 09:55:12,2022
3409,45,石油加工、炼焦和核燃料加工业,研发投入同比增减幅最小值,%,-57.96,12/9/2025 10:32:27,16/9/2025 09:55:12,2022
3410,45,石油加工、炼焦和核燃料加工业,研发投入同比增减幅中位数,%,22.225,12/9/2025 10:32:27,16/9/2025 09:55:12,2022
3411,46,废弃资源综合利用业,研发投入同比增减幅均值,%,24.5527272727273,12/9/2025 10:32:27,16/9/2025 09:55:12,2022
3412,46,废弃资源综合利用业,研发投入同比增减幅最大值,%,184.42,12/9/2025 10:32:27,16/9/2025 09:55:12,2022
3413,46,废弃资源综合利用业,研发投入同比增减幅最小值,%,-99.88,12/9/2025 10:32:27,16/9/2025 09:55:12,2022
3414,46,废弃资源综合利用业,研发投入同比增减幅中位数,%,0.82,12/9/2025 10:32:27,16/9/2025 09:55:12,2022
3415,47,木材加工和木、竹、藤、棕、草制品业,研发投入同比增减幅均值,%,-14.00222222,12/9/2025 10:32:27,16/9/2025 09:55:13,2022
3416,47,木材加工和木、竹、藤、棕、草制品业,研发投入同比增减幅最大值,%,8.03,12/9/2025 10:32:27,16/9/2025 09:55:13,2022
3417,47,木材加工和木、竹、藤、棕、草制品业,研发投入同比增减幅最小值,%,-66.6,12/9/2025 10:32:27,16/9/2025 09:55:13,2022
3418,47,木材加工和木、竹、藤、棕、草制品业,研发投入同比增减幅中位数,%,-13.38,12/9/2025 10:32:28,16/9/2025 09:55:13,2022
3419,48,居民服务、修理和其他服务业,研发投入同比增减幅均值,%,7.22,12/9/2025 10:32:28,16/9/2025 09:55:13,2022
3420,48,居民服务、修理和其他服务业,研发投入同比增减幅最大值,%,7.22,12/9/2025 10:32:28,16/9/2025 09:55:13,2022
3421,48,居民服务、修理和其他服务业,研发投入同比增减幅最小值,%,7.22,12/9/2025 10:32:28,16/9/2025 09:55:14,2022
3422,48,居民服务、修理和其他服务业,研发投入同比增减幅中位数,%,7.22,12/9/2025 10:32:28,16/9/2025 09:55:14,2022
3423,0,全行业,研发投入同比增减幅均值,%,52.8145252819207,12/9/2025 10:32:29,5/11/2025 08:56:03,2022
3424,0,全行业,研发投入同比增减幅最大值,%,99540.03,12/9/2025 10:32:29,5/11/2025 08:56:03,2022
3425,0,全行业,研发投入同比增减幅最小值,%,-101,12/9/2025 10:32:29,5/11/2025 08:56:03,2022
3426,0,全行业,研发投入同比增减幅中位数,%,10.405,12/9/2025 10:32:29,5/11/2025 08:56:03,2022
3427,1,医药制造业,研发投入占比均值,%,2362.02070754717,12/9/2025 10:32:30,16/9/2025 09:55:14,2022
3428,1,医药制造业,研发投入占比最大值,%,934642.8,12/9/2025 10:32:30,16/9/2025 09:55:14,2022
3429,1,医药制造业,研发投入占比最小值,%,0.09,12/9/2025 10:32:30,16/9/2025 09:55:14,2022
3430,1,医药制造业,研发投入占比中位数,%,7.135,12/9/2025 10:32:30,16/9/2025 09:55:14,2022
3431,2,化学原料和化学制品制造业,研发投入占比均值,%,3.96126074498567,12/9/2025 10:32:30,16/9/2025 09:55:15,2022
3432,2,化学原料和化学制品制造业,研发投入占比最大值,%,22.75,12/9/2025 10:32:30,16/9/2025 09:55:15,2022
3433,2,化学原料和化学制品制造业,研发投入占比最小值,%,0.06,12/9/2025 10:32:30,16/9/2025 09:55:15,2022
3434,2,化学原料和化学制品制造业,研发投入占比中位数,%,3.57,12/9/2025 10:32:30,16/9/2025 09:55:15,2022
3435,3,信息传输、软件和信息技术服务业,研发投入占比均值,%,16.9307095709571,12/9/2025 10:32:31,16/9/2025 09:55:15,2022
3436,3,信息传输、软件和信息技术服务业,研发投入占比最大值,%,221.6,12/9/2025 10:32:31,16/9/2025 09:55:15,2022
3437,3,信息传输、软件和信息技术服务业,研发投入占比最小值,%,0.03,12/9/2025 10:32:31,16/9/2025 09:55:15,2022
3438,3,信息传输、软件和信息技术服务业,研发投入占比中位数,%,11.82,12/9/2025 10:32:31,16/9/2025 09:55:15,2022
3439,4,房地产业,研发投入占比均值,%,1.6025,12/9/2025 10:32:31,16/9/2025 09:55:16,2022
3440,4,房地产业,研发投入占比最大值,%,26.8,12/9/2025 10:32:31,16/9/2025 09:55:16,2022
3441,4,房地产业,研发投入占比最小值,%,0,12/9/2025 10:32:31,16/9/2025 09:55:16,2022
3442,4,房地产业,研发投入占比中位数,%,0.345,12/9/2025 10:32:31,16/9/2025 09:55:16,2022
3443,5,专用设备制造业,研发投入占比均值,%,18.8726712328767,12/9/2025 10:32:32,16/9/2025 09:55:16,2022
3444,5,专用设备制造业,研发投入占比最大值,%,3493.6,12/9/2025 10:32:32,16/9/2025 09:55:16,2022
3445,5,专用设备制造业,研发投入占比最小值,%,0.2,12/9/2025 10:32:32,16/9/2025 09:55:16,2022
3446,5,专用设备制造业,研发投入占比中位数,%,6.22,12/9/2025 10:32:32,16/9/2025 09:55:16,2022
3447,6,消费电子及电气业,研发投入占比均值,%,7.77502994011976,12/9/2025 10:32:32,16/9/2025 09:55:16,2022
3448,6,消费电子及电气业,研发投入占比最大值,%,120.6,12/9/2025 10:32:32,16/9/2025 09:55:16,2022
3449,6,消费电子及电气业,研发投入占比最小值,%,0.05,12/9/2025 10:32:32,16/9/2025 09:55:16,2022
3450,6,消费电子及电气业,研发投入占比中位数,%,5.53,12/9/2025 10:32:32,16/9/2025 09:55:16,2022
3451,7,金融业,研发投入占比均值,%,6.78081967213115,12/9/2025 10:32:32,16/9/2025 09:55:17,2022
3452,7,金融业,研发投入占比最大值,%,94.88,12/9/2025 10:32:32,16/9/2025 09:55:17,2022
3453,7,金融业,研发投入占比最小值,%,0.02,12/9/2025 10:32:32,16/9/2025 09:55:17,2022
3454,7,金融业,研发投入占比中位数,%,2.1,12/9/2025 10:32:33,16/9/2025 09:55:17,2022
3455,8,商业电气机械和器材制造业,研发投入占比均值,%,5.28767213114754,12/9/2025 10:32:33,16/9/2025 09:55:17,2022
3456,8,商业电气机械和器材制造业,研发投入占比最大值,%,21.85,12/9/2025 10:32:33,16/9/2025 09:55:18,2022
3457,8,商业电气机械和器材制造业,研发投入占比最小值,%,0.2,12/9/2025 10:32:33,16/9/2025 09:55:18,2022
3458,8,商业电气机械和器材制造业,研发投入占比中位数,%,4.39,12/9/2025 10:32:33,16/9/2025 09:55:18,2022
3459,9,批发和零售业,研发投入占比均值,%,1.02127659574468,12/9/2025 10:32:34,16/9/2025 09:55:18,2022
3460,9,批发和零售业,研发投入占比最大值,%,9.23,12/9/2025 10:32:34,16/9/2025 09:55:18,2022
3461,9,批发和零售业,研发投入占比最小值,%,0,12/9/2025 10:32:34,16/9/2025 09:55:18,2022
3462,9,批发和零售业,研发投入占比中位数,%,0.4,12/9/2025 10:32:34,16/9/2025 09:55:18,2022
3463,10,食品饮料业,研发投入占比均值,%,1.80955445544554,12/9/2025 10:32:34,16/9/2025 09:55:18,2022
3464,10,食品饮料业,研发投入占比最大值,%,16.39,12/9/2025 10:32:34,16/9/2025 09:55:18,2022
3465,10,食品饮料业,研发投入占比最小值,%,0,12/9/2025 10:32:34,16/9/2025 09:55:18,2022
3466,10,食品饮料业,研发投入占比中位数,%,1.17,12/9/2025 10:32:35,16/9/2025 09:55:19,2022
3471,12,汽车制造业,研发投入占比均值,%,6.13368421052632,12/9/2025 10:32:35,16/9/2025 09:55:19,2022
3472,12,汽车制造业,研发投入占比最大值,%,54.1,12/9/2025 10:32:35,16/9/2025 09:55:20,2022
3473,12,汽车制造业,研发投入占比最小值,%,0.51,12/9/2025 10:32:36,16/9/2025 09:55:20,2022
3474,12,汽车制造业,研发投入占比中位数,%,4.615,12/9/2025 10:32:36,16/9/2025 09:55:20,2022
3475,13,电力、热力、燃气及水生产和供应业,研发投入占比均值,%,1.14704918032787,12/9/2025 10:32:36,16/9/2025 09:55:20,2022
3476,13,电力、热力、燃气及水生产和供应业,研发投入占比最大值,%,9.12,12/9/2025 10:32:36,16/9/2025 09:55:20,2022
3477,13,电力、热力、燃气及水生产和供应业,研发投入占比最小值,%,0,12/9/2025 10:32:36,16/9/2025 09:55:20,2022
3478,13,电力、热力、燃气及水生产和供应业,研发投入占比中位数,%,0.625,12/9/2025 10:32:37,16/9/2025 09:55:20,2022
3479,14,采矿业,研发投入占比均值,%,2.23589473684211,12/9/2025 10:32:37,16/9/2025 09:55:20,2022
3480,14,采矿业,研发投入占比最大值,%,12.5,12/9/2025 10:32:37,16/9/2025 09:55:21,2022
3481,14,采矿业,研发投入占比最小值,%,0,12/9/2025 10:32:37,16/9/2025 09:55:21,2022
3482,14,采矿业,研发投入占比中位数,%,1.73,12/9/2025 10:32:37,16/9/2025 09:55:21,2022
3483,15,纺织鞋服业,研发投入占比均值,%,3.1377519379845,12/9/2025 10:32:38,16/9/2025 09:55:21,2022
3484,15,纺织鞋服业,研发投入占比最大值,%,13.13,12/9/2025 10:32:38,16/9/2025 09:55:21,2022
3485,15,纺织鞋服业,研发投入占比最小值,%,0.07,12/9/2025 10:32:38,16/9/2025 09:55:21,2022
3486,15,纺织鞋服业,研发投入占比中位数,%,2.87,12/9/2025 10:32:38,16/9/2025 09:55:21,2022
3487,16,建筑业,研发投入占比均值,%,3.21393442622951,12/9/2025 10:32:38,16/9/2025 09:55:21,2022
3488,16,建筑业,研发投入占比最大值,%,17,12/9/2025 10:32:38,16/9/2025 09:55:21,2022
3489,16,建筑业,研发投入占比最小值,%,0,12/9/2025 10:32:39,16/9/2025 09:55:22,2022
3490,16,建筑业,研发投入占比中位数,%,3.11,12/9/2025 10:32:39,16/9/2025 09:55:22,2022
3491,17,交通运输、仓储和邮政业,研发投入占比均值,%,1.12420560747664,12/9/2025 10:32:39,16/9/2025 09:55:22,2022
3492,17,交通运输、仓储和邮政业,研发投入占比最大值,%,13.55,12/9/2025 10:32:39,16/9/2025 09:55:22,2022
3493,17,交通运输、仓储和邮政业,研发投入占比最小值,%,0.01,12/9/2025 10:32:39,16/9/2025 09:55:22,2022
3494,17,交通运输、仓储和邮政业,研发投入占比中位数,%,0.56,12/9/2025 10:32:39,16/9/2025 09:55:22,2022
3495,18,通用设备制造业,研发投入占比均值,%,5.55350710900474,12/9/2025 10:32:40,16/9/2025 09:55:22,2022
3496,18,通用设备制造业,研发投入占比最大值,%,36.23,12/9/2025 10:32:40,16/9/2025 09:55:23,2022
3497,18,通用设备制造业,研发投入占比最小值,%,0.43,12/9/2025 10:32:40,16/9/2025 09:55:23,2022
3498,18,通用设备制造业,研发投入占比中位数,%,4.51,12/9/2025 10:32:40,16/9/2025 09:55:23,2022
3499,19,半导体业,研发投入占比均值,%,11.1413017751479,12/9/2025 10:32:41,16/9/2025 09:55:23,2022
3500,19,半导体业,研发投入占比最大值,%,57.12,12/9/2025 10:32:41,16/9/2025 09:55:23,2022
3501,19,半导体业,研发投入占比最小值,%,0.04,12/9/2025 10:32:41,16/9/2025 09:55:23,2022
3502,19,半导体业,研发投入占比中位数,%,7.17,12/9/2025 10:32:41,16/9/2025 09:55:23,2022
3503,20,租赁和商务服务业,研发投入占比均值,%,3.53025974025974,12/9/2025 10:32:41,16/9/2025 09:55:23,2022
3504,20,租赁和商务服务业,研发投入占比最大值,%,104.23,12/9/2025 10:32:42,16/9/2025 09:55:24,2022
3505,20,租赁和商务服务业,研发投入占比最小值,%,0,12/9/2025 10:32:42,16/9/2025 09:55:24,2022
3506,20,租赁和商务服务业,研发投入占比中位数,%,0.9,12/9/2025 10:32:42,16/9/2025 09:55:24,2022
3507,21,通信传输设备业,研发投入占比均值,%,13.0511111111111,12/9/2025 10:32:42,16/9/2025 09:55:24,2022
3508,21,通信传输设备业,研发投入占比最大值,%,103.79,12/9/2025 10:32:42,16/9/2025 09:55:24,2022
3509,21,通信传输设备业,研发投入占比最小值,%,0.89,12/9/2025 10:32:42,16/9/2025 09:55:24,2022
3510,21,通信传输设备业,研发投入占比中位数,%,9.92,12/9/2025 10:32:43,16/9/2025 09:55:24,2022
3511,22,非金属矿物制品业,研发投入占比均值,%,3.72117117117117,12/9/2025 10:32:43,16/9/2025 09:55:25,2022
3512,22,非金属矿物制品业,研发投入占比最大值,%,11.57,12/9/2025 10:32:43,16/9/2025 09:55:25,2022
3513,22,非金属矿物制品业,研发投入占比最小值,%,0.3,12/9/2025 10:32:43,16/9/2025 09:55:25,2022
3514,22,非金属矿物制品业,研发投入占比中位数,%,3.76,12/9/2025 10:32:43,16/9/2025 09:55:25,2022
3515,23,橡胶和塑料制品业,研发投入占比均值,%,4.20566037735849,12/9/2025 10:32:43,16/9/2025 09:55:25,2022
3516,23,橡胶和塑料制品业,研发投入占比最大值,%,9.56,12/9/2025 10:32:43,16/9/2025 09:55:25,2022
3517,23,橡胶和塑料制品业,研发投入占比最小值,%,0.1,12/9/2025 10:32:43,16/9/2025 09:55:25,2022
3518,23,橡胶和塑料制品业,研发投入占比中位数,%,4.065,12/9/2025 10:32:43,16/9/2025 09:55:25,2022
3519,24,综合,研发投入占比均值,%,4.00785714285714,12/9/2025 10:32:44,16/9/2025 09:55:26,2022
3520,24,综合,研发投入占比最大值,%,6.46,12/9/2025 10:32:44,16/9/2025 09:55:26,2022
3521,24,综合,研发投入占比最小值,%,0.4,12/9/2025 10:32:44,16/9/2025 09:55:26,2022
3522,24,综合,研发投入占比中位数,%,4.3,12/9/2025 10:32:44,16/9/2025 09:55:26,2022
3523,25,其他制造业,研发投入占比均值,%,6.68355555555556,12/9/2025 10:32:44,16/9/2025 09:55:26,2022
3524,25,其他制造业,研发投入占比最大值,%,34.59,12/9/2025 10:32:44,16/9/2025 09:55:26,2022
3525,25,其他制造业,研发投入占比最小值,%,0.02,12/9/2025 10:32:44,16/9/2025 09:55:26,2022
3526,25,其他制造业,研发投入占比中位数,%,5.81,12/9/2025 10:32:45,16/9/2025 09:55:27,2022
3527,26,金属制品业,研发投入占比均值,%,4.04148148148148,12/9/2025 10:32:45,16/9/2025 09:55:27,2022
3528,26,金属制品业,研发投入占比最大值,%,10.28,12/9/2025 10:32:45,16/9/2025 09:55:27,2022
3529,26,金属制品业,研发投入占比最小值,%,0.01,12/9/2025 10:32:45,16/9/2025 09:55:27,2022
3530,26,金属制品业,研发投入占比中位数,%,3.85,12/9/2025 10:32:45,16/9/2025 09:55:27,2022
3531,27,铁路、船舶、航空航天和其他运输设备制造业,研发投入占比均值,%,9.88171717171717,12/9/2025 10:32:46,16/9/2025 09:55:28,2022
3532,27,铁路、船舶、航空航天和其他运输设备制造业,研发投入占比最大值,%,308.8,12/9/2025 10:32:46,16/9/2025 09:55:28,2022
3533,27,铁路、船舶、航空航天和其他运输设备制造业,研发投入占比最小值,%,0.88,12/9/2025 10:32:46,16/9/2025 09:55:28,2022
3534,27,铁路、船舶、航空航天和其他运输设备制造业,研发投入占比中位数,%,6.48,12/9/2025 10:32:46,16/9/2025 09:55:28,2022
3535,28,水利、环境和公共设施管理业,研发投入占比均值,%,4.31732558139535,12/9/2025 10:32:46,16/9/2025 09:55:28,2022
3536,28,水利、环境和公共设施管理业,研发投入占比最大值,%,15.72,12/9/2025 10:32:46,16/9/2025 09:55:28,2022
3537,28,水利、环境和公共设施管理业,研发投入占比最小值,%,0.1,12/9/2025 10:32:46,16/9/2025 09:55:28,2022
3538,28,水利、环境和公共设施管理业,研发投入占比中位数,%,3.8,12/9/2025 10:32:46,16/9/2025 09:55:29,2022
3539,29,金属冶炼和压延加工业,研发投入占比均值,%,2.97992424242424,12/9/2025 10:32:47,16/9/2025 09:55:29,2022
3540,29,金属冶炼和压延加工业,研发投入占比最大值,%,17.1,12/9/2025 10:32:47,16/9/2025 09:55:29,2022
3541,29,金属冶炼和压延加工业,研发投入占比最小值,%,0,12/9/2025 10:32:47,16/9/2025 09:55:29,2022
3542,29,金属冶炼和压延加工业,研发投入占比中位数,%,3.03,12/9/2025 10:32:47,16/9/2025 09:55:29,2022
3543,30,科学研究和技术服务业,研发投入占比均值,%,7.82451612903226,12/9/2025 10:32:48,16/9/2025 09:55:30,2022
3544,30,科学研究和技术服务业,研发投入占比最大值,%,39.33,12/9/2025 10:32:48,16/9/2025 09:55:30,2022
3545,30,科学研究和技术服务业,研发投入占比最小值,%,1.16,12/9/2025 10:32:48,16/9/2025 09:55:30,2022
3546,30,科学研究和技术服务业,研发投入占比中位数,%,6.105,12/9/2025 10:32:48,16/9/2025 09:55:30,2022
3547,31,教育,研发投入占比均值,%,9.592,12/9/2025 10:32:48,16/9/2025 09:55:30,2022
3548,31,教育,研发投入占比最大值,%,44.42,12/9/2025 10:32:48,16/9/2025 09:55:30,2022
3549,31,教育,研发投入占比最小值,%,0.54,12/9/2025 10:32:49,16/9/2025 09:55:30,2022
3550,31,教育,研发投入占比中位数,%,6.26,12/9/2025 10:32:49,16/9/2025 09:55:30,2022
3551,32,仪器仪表制造业,研发投入占比均值,%,10.9386516853933,12/9/2025 10:32:49,16/9/2025 09:55:30,2022
3552,32,仪器仪表制造业,研发投入占比最大值,%,70.63,12/9/2025 10:32:49,16/9/2025 09:55:30,2022
3553,32,仪器仪表制造业,研发投入占比最小值,%,2.9,12/9/2025 10:32:49,16/9/2025 09:55:30,2022
3554,32,仪器仪表制造业,研发投入占比中位数,%,8.4,12/9/2025 10:32:49,16/9/2025 09:55:31,2022
3555,33,文化、体育和娱乐业,研发投入占比均值,%,10.209649122807,12/9/2025 10:32:49,16/9/2025 09:55:31,2022
3556,33,文化、体育和娱乐业,研发投入占比最大值,%,417.31,12/9/2025 10:32:49,16/9/2025 09:55:31,2022
3557,33,文化、体育和娱乐业,研发投入占比最小值,%,0,12/9/2025 10:32:49,16/9/2025 09:55:31,2022
3558,33,文化、体育和娱乐业,研发投入占比中位数,%,1.6,12/9/2025 10:32:49,16/9/2025 09:55:31,2022
3559,34,农、林、牧、渔业,研发投入占比均值,%,2.17234042553191,12/9/2025 10:32:50,16/9/2025 09:55:31,2022
3560,34,农、林、牧、渔业,研发投入占比最大值,%,14.12,12/9/2025 10:32:50,16/9/2025 09:55:31,2022
3561,34,农、林、牧、渔业,研发投入占比最小值,%,0.01,12/9/2025 10:32:50,16/9/2025 09:55:31,2022
3562,34,农、林、牧、渔业,研发投入占比中位数,%,1.05,12/9/2025 10:32:50,16/9/2025 09:55:32,2022
3563,35,卫生和社会工作,研发投入占比均值,%,1.82588235294118,12/9/2025 10:32:50,16/9/2025 09:55:32,2022
3564,35,卫生和社会工作,研发投入占比最大值,%,8.4,12/9/2025 10:32:51,16/9/2025 09:55:32,2022
3565,35,卫生和社会工作,研发投入占比最小值,%,0.02,12/9/2025 10:32:51,16/9/2025 09:55:32,2022
3566,35,卫生和社会工作,研发投入占比中位数,%,1.48,12/9/2025 10:32:51,16/9/2025 09:55:32,2022
3567,36,造纸和纸制品业,研发投入占比均值,%,3.51130434782609,12/9/2025 10:32:51,16/9/2025 09:55:33,2022
3568,36,造纸和纸制品业,研发投入占比最大值,%,14.16,12/9/2025 10:32:51,16/9/2025 09:55:33,2022
3569,36,造纸和纸制品业,研发投入占比最小值,%,0.16,12/9/2025 10:32:51,16/9/2025 09:55:33,2022
3570,36,造纸和纸制品业,研发投入占比中位数,%,3.345,12/9/2025 10:32:51,16/9/2025 09:55:33,2022
3571,37,住宿和餐饮业,研发投入占比均值,%,0.55875,12/9/2025 10:32:52,16/9/2025 09:55:33,2022
3572,37,住宿和餐饮业,研发投入占比最大值,%,2.1,12/9/2025 10:32:52,16/9/2025 09:55:33,2022
3573,37,住宿和餐饮业,研发投入占比最小值,%,0.01,12/9/2025 10:32:52,16/9/2025 09:55:33,2022
3574,37,住宿和餐饮业,研发投入占比中位数,%,0.25,12/9/2025 10:32:52,16/9/2025 09:55:34,2022
3575,38,家具制造业,研发投入占比均值,%,3.79894736842105,12/9/2025 10:32:52,16/9/2025 09:55:34,2022
3576,38,家具制造业,研发投入占比最大值,%,16.77,12/9/2025 10:32:52,16/9/2025 09:55:34,2022
3577,38,家具制造业,研发投入占比最小值,%,0.05,12/9/2025 10:32:52,16/9/2025 09:55:34,2022
3578,38,家具制造业,研发投入占比中位数,%,3.42,12/9/2025 10:32:52,16/9/2025 09:55:34,2022
3579,39,印刷和记录媒介复制业,研发投入占比均值,%,3.82652173913043,12/9/2025 10:32:53,16/9/2025 09:55:35,2022
3580,39,印刷和记录媒介复制业,研发投入占比最大值,%,6.96,12/9/2025 10:32:53,16/9/2025 09:55:35,2022
3581,39,印刷和记录媒介复制业,研发投入占比最小值,%,0.46,12/9/2025 10:32:53,16/9/2025 09:55:35,2022
3582,39,印刷和记录媒介复制业,研发投入占比中位数,%,4,12/9/2025 10:32:53,16/9/2025 09:55:35,2022
3583,41,文教、工美、体育和娱乐用品制造业,研发投入占比均值,%,5.76206896551724,12/9/2025 10:32:53,16/9/2025 09:55:35,2022
3584,41,文教、工美、体育和娱乐用品制造业,研发投入占比最大值,%,72.81,12/9/2025 10:32:53,16/9/2025 09:55:35,2022
3585,41,文教、工美、体育和娱乐用品制造业,研发投入占比最小值,%,0.02,12/9/2025 10:32:53,16/9/2025 09:55:35,2022
3586,41,文教、工美、体育和娱乐用品制造业,研发投入占比中位数,%,3.7,12/9/2025 10:32:53,16/9/2025 09:55:35,2022
3591,43,化学纤维制造业,研发投入占比均值,%,3.42090909090909,12/9/2025 10:32:54,16/9/2025 09:55:36,2022
3592,43,化学纤维制造业,研发投入占比最大值,%,7.73,12/9/2025 10:32:54,16/9/2025 09:55:36,2022
3593,43,化学纤维制造业,研发投入占比最小值,%,0.17,12/9/2025 10:32:54,16/9/2025 09:55:36,2022
3594,43,化学纤维制造业,研发投入占比中位数,%,3.45,12/9/2025 10:32:54,16/9/2025 09:55:36,2022
3599,45,石油加工、炼焦和核燃料加工业,研发投入占比均值,%,1.608125,12/9/2025 10:32:55,16/9/2025 09:55:37,2022
3600,45,石油加工、炼焦和核燃料加工业,研发投入占比最大值,%,4.04,12/9/2025 10:32:55,16/9/2025 09:55:37,2022
3601,45,石油加工、炼焦和核燃料加工业,研发投入占比最小值,%,0.13,12/9/2025 10:32:55,16/9/2025 09:55:37,2022
3602,45,石油加工、炼焦和核燃料加工业,研发投入占比中位数,%,0.98,12/9/2025 10:32:55,16/9/2025 09:55:37,2022
3603,46,废弃资源综合利用业,研发投入占比均值,%,3.61727272727273,12/9/2025 10:32:55,16/9/2025 09:55:37,2022
3604,46,废弃资源综合利用业,研发投入占比最大值,%,14.88,12/9/2025 10:32:55,16/9/2025 09:55:37,2022
3605,46,废弃资源综合利用业,研发投入占比最小值,%,0.06,12/9/2025 10:32:55,16/9/2025 09:55:37,2022
3606,46,废弃资源综合利用业,研发投入占比中位数,%,3.6,12/9/2025 10:32:55,16/9/2025 09:55:37,2022
3607,47,木材加工和木、竹、藤、棕、草制品业,研发投入占比均值,%,2.62222222222222,12/9/2025 10:32:55,16/9/2025 09:55:38,2022
3608,47,木材加工和木、竹、藤、棕、草制品业,研发投入占比最大值,%,4.09,12/9/2025 10:32:55,16/9/2025 09:55:38,2022
3609,47,木材加工和木、竹、藤、棕、草制品业,研发投入占比最小值,%,0.8,12/9/2025 10:32:55,16/9/2025 09:55:38,2022
3610,47,木材加工和木、竹、藤、棕、草制品业,研发投入占比中位数,%,3.16,12/9/2025 10:32:56,16/9/2025 09:55:38,2022
3611,48,居民服务、修理和其他服务业,研发投入占比均值,%,2.37,12/9/2025 10:32:56,16/9/2025 09:55:39,2022
3612,48,居民服务、修理和其他服务业,研发投入占比最大值,%,2.37,12/9/2025 10:32:56,16/9/2025 09:55:39,2022
3613,48,居民服务、修理和其他服务业,研发投入占比最小值,%,2.37,12/9/2025 10:32:56,16/9/2025 09:55:39,2022
3614,48,居民服务、修理和其他服务业,研发投入占比中位数,%,2.37,12/9/2025 10:32:56,16/9/2025 09:55:39,2022
3615,0,全行业,研发投入占比均值,%,186.406322950233,12/9/2025 10:32:56,5/11/2025 08:56:03,2022
3616,0,全行业,研发投入占比最大值,%,934642.8,12/9/2025 10:32:56,5/11/2025 08:56:03,2022
3617,0,全行业,研发投入占比最小值,%,0,12/9/2025 10:32:56,5/11/2025 08:56:03,2022
3618,0,全行业,研发投入占比中位数,%,4.33,12/9/2025 10:32:56,5/11/2025 08:56:03,2022
3619,1,医药制造业,研发投入占比增减幅均值,%,-10522.54188,12/9/2025 10:32:57,16/9/2025 09:55:40,2022
3620,1,医药制造业,研发投入占比增减幅最大值,%,9710.55,12/9/2025 10:32:57,16/9/2025 09:55:40,2022
3621,1,医药制造业,研发投入占比增减幅最小值,%,-3234076.58,12/9/2025 10:32:57,16/9/2025 09:55:40,2022
3622,1,医药制造业,研发投入占比增减幅中位数,%,0.2,12/9/2025 10:32:57,16/9/2025 09:55:40,2022
3623,2,化学原料和化学制品制造业,研发投入占比增减幅均值,%,-0.020647059,12/9/2025 10:32:57,16/9/2025 09:55:40,2022
3624,2,化学原料和化学制品制造业,研发投入占比增减幅最大值,%,11.67,12/9/2025 10:32:57,16/9/2025 09:55:40,2022
3625,2,化学原料和化学制品制造业,研发投入占比增减幅最小值,%,-54.61,12/9/2025 10:32:57,16/9/2025 09:55:40,2022
3626,2,化学原料和化学制品制造业,研发投入占比增减幅中位数,%,0.11,12/9/2025 10:32:57,16/9/2025 09:55:40,2022
3627,3,信息传输、软件和信息技术服务业,研发投入占比增减幅均值,%,1.98752122241087,12/9/2025 10:32:57,16/9/2025 09:55:40,2022
3628,3,信息传输、软件和信息技术服务业,研发投入占比增减幅最大值,%,161.69,12/9/2025 10:32:58,16/9/2025 09:55:40,2022
3629,3,信息传输、软件和信息技术服务业,研发投入占比增减幅最小值,%,-472,12/9/2025 10:32:58,16/9/2025 09:55:41,2022
3630,3,信息传输、软件和信息技术服务业,研发投入占比增减幅中位数,%,0.48,12/9/2025 10:32:58,16/9/2025 09:55:41,2022
3631,4,房地产业,研发投入占比增减幅均值,%,0.206666666666667,12/9/2025 10:32:58,16/9/2025 09:55:41,2022
3632,4,房地产业,研发投入占比增减幅最大值,%,9.05,12/9/2025 10:32:58,16/9/2025 09:55:41,2022
3633,4,房地产业,研发投入占比增减幅最小值,%,-4.5,12/9/2025 10:32:58,16/9/2025 09:55:41,2022
3634,4,房地产业,研发投入占比增减幅中位数,%,0.03,12/9/2025 10:32:58,16/9/2025 09:55:41,2022
3635,5,专用设备制造业,研发投入占比增减幅均值,%,-33.68306452,12/9/2025 10:32:58,16/9/2025 09:55:41,2022
3636,5,专用设备制造业,研发投入占比增减幅最大值,%,67.61,12/9/2025 10:32:59,16/9/2025 09:55:41,2022
3637,5,专用设备制造业,研发投入占比增减幅最小值,%,-14702.18,12/9/2025 10:32:59,16/9/2025 09:55:41,2022
3638,5,专用设备制造业,研发投入占比增减幅中位数,%,0.255,12/9/2025 10:32:59,16/9/2025 09:55:41,2022
3639,6,消费电子及电气业,研发投入占比增减幅均值,%,1.2841641337386,12/9/2025 10:32:59,16/9/2025 09:55:41,2022
3640,6,消费电子及电气业,研发投入占比增减幅最大值,%,56.52,12/9/2025 10:32:59,16/9/2025 09:55:42,2022
3641,6,消费电子及电气业,研发投入占比增减幅最小值,%,-12.06,12/9/2025 10:32:59,16/9/2025 09:55:42,2022
3642,6,消费电子及电气业,研发投入占比增减幅中位数,%,0.53,12/9/2025 10:32:59,16/9/2025 09:55:42,2022
3643,7,金融业,研发投入占比增减幅均值,%,1.66464285714286,12/9/2025 10:33:00,16/9/2025 09:55:42,2022
3644,7,金融业,研发投入占比增减幅最大值,%,89.72,12/9/2025 10:33:00,16/9/2025 09:55:42,2022
3645,7,金融业,研发投入占比增减幅最小值,%,-38.5,12/9/2025 10:33:00,16/9/2025 09:55:42,2022
3646,7,金融业,研发投入占比增减幅中位数,%,0.2,12/9/2025 10:33:00,16/9/2025 09:55:42,2022
3647,8,商业电气机械和器材制造业,研发投入占比增减幅均值,%,0.0735430463576159,12/9/2025 10:33:00,16/9/2025 09:55:42,2022
3648,8,商业电气机械和器材制造业,研发投入占比增减幅最大值,%,13.6,12/9/2025 10:33:00,16/9/2025 09:55:42,2022
3649,8,商业电气机械和器材制造业,研发投入占比增减幅最小值,%,-16.24,12/9/2025 10:33:00,16/9/2025 09:55:42,2022
3650,8,商业电气机械和器材制造业,研发投入占比增减幅中位数,%,0.035,12/9/2025 10:33:00,16/9/2025 09:55:42,2022
3651,9,批发和零售业,研发投入占比增减幅均值,%,0.0650406504065041,12/9/2025 10:33:01,16/9/2025 09:55:42,2022
3652,9,批发和零售业,研发投入占比增减幅最大值,%,3.95,12/9/2025 10:33:01,16/9/2025 09:55:43,2022
3653,9,批发和零售业,研发投入占比增减幅最小值,%,-8.49,12/9/2025 10:33:01,16/9/2025 09:55:43,2022
3654,9,批发和零售业,研发投入占比增减幅中位数,%,0.05,12/9/2025 10:33:01,16/9/2025 09:55:43,2022
3655,10,食品饮料业,研发投入占比增减幅均值,%,0.0906632653061225,12/9/2025 10:33:02,16/9/2025 09:55:43,2022
3656,10,食品饮料业,研发投入占比增减幅最大值,%,6.95,12/9/2025 10:33:02,16/9/2025 09:55:43,2022
3657,10,食品饮料业,研发投入占比增减幅最小值,%,-1.49,12/9/2025 10:33:02,16/9/2025 09:55:43,2022
3658,10,食品饮料业,研发投入占比增减幅中位数,%,0.03,12/9/2025 10:33:02,16/9/2025 09:55:43,2022
3663,12,汽车制造业,研发投入占比增减幅均值,%,0.202368421052632,12/9/2025 10:33:03,16/9/2025 09:55:43,2022
3664,12,汽车制造业,研发投入占比增减幅最大值,%,26.2,12/9/2025 10:33:03,16/9/2025 09:55:44,2022
3665,12,汽车制造业,研发投入占比增减幅最小值,%,-37.45,12/9/2025 10:33:03,16/9/2025 09:55:44,2022
3666,12,汽车制造业,研发投入占比增减幅中位数,%,0.145,12/9/2025 10:33:03,16/9/2025 09:55:44,2022
3667,13,电力、热力、燃气及水生产和供应业,研发投入占比增减幅均值,%,0.156814159292035,12/9/2025 10:33:03,16/9/2025 09:55:44,2022
3668,13,电力、热力、燃气及水生产和供应业,研发投入占比增减幅最大值,%,2.83,12/9/2025 10:33:03,16/9/2025 09:55:44,2022
3669,13,电力、热力、燃气及水生产和供应业,研发投入占比增减幅最小值,%,-1.4,12/9/2025 10:33:03,16/9/2025 09:55:44,2022
3670,13,电力、热力、燃气及水生产和供应业,研发投入占比增减幅中位数,%,0,12/9/2025 10:33:03,16/9/2025 09:55:44,2022
3671,14,采矿业,研发投入占比增减幅均值,%,0.124444444444444,12/9/2025 10:33:04,16/9/2025 09:55:45,2022
3672,14,采矿业,研发投入占比增减幅最大值,%,9.3,12/9/2025 10:33:04,16/9/2025 09:55:45,2022
3673,14,采矿业,研发投入占比增减幅最小值,%,-2.57,12/9/2025 10:33:04,16/9/2025 09:55:45,2022
3674,14,采矿业,研发投入占比增减幅中位数,%,0.04,12/9/2025 10:33:04,16/9/2025 09:55:45,2022
3675,15,纺织鞋服业,研发投入占比增减幅均值,%,0.285241935483871,12/9/2025 10:33:04,16/9/2025 09:55:45,2022
3676,15,纺织鞋服业,研发投入占比增减幅最大值,%,6.06,12/9/2025 10:33:04,16/9/2025 09:55:45,2022
3677,15,纺织鞋服业,研发投入占比增减幅最小值,%,-2.19,12/9/2025 10:33:04,16/9/2025 09:55:45,2022
3678,15,纺织鞋服业,研发投入占比增减幅中位数,%,0.14,12/9/2025 10:33:04,16/9/2025 09:55:45,2022
3679,16,建筑业,研发投入占比增减幅均值,%,0.317391304347826,12/9/2025 10:33:04,16/9/2025 09:55:46,2022
3680,16,建筑业,研发投入占比增减幅最大值,%,11.71,12/9/2025 10:33:04,16/9/2025 09:55:46,2022
3681,16,建筑业,研发投入占比增减幅最小值,%,-11.79,12/9/2025 10:33:05,16/9/2025 09:55:46,2022
3682,16,建筑业,研发投入占比增减幅中位数,%,0.1,12/9/2025 10:33:05,16/9/2025 09:55:46,2022
3683,17,交通运输、仓储和邮政业,研发投入占比增减幅均值,%,0.0785106382978723,12/9/2025 10:33:05,16/9/2025 09:55:46,2022
3684,17,交通运输、仓储和邮政业,研发投入占比增减幅最大值,%,4.01,12/9/2025 10:33:05,16/9/2025 09:55:46,2022
3685,17,交通运输、仓储和邮政业,研发投入占比增减幅最小值,%,-2.56,12/9/2025 10:33:05,16/9/2025 09:55:46,2022
3686,17,交通运输、仓储和邮政业,研发投入占比增减幅中位数,%,0.045,12/9/2025 10:33:05,16/9/2025 09:55:46,2022
3687,18,通用设备制造业,研发投入占比增减幅均值,%,0.474571428571429,12/9/2025 10:33:06,16/9/2025 09:55:46,2022
3688,18,通用设备制造业,研发投入占比增减幅最大值,%,21.52,12/9/2025 10:33:06,16/9/2025 09:55:46,2022
3689,18,通用设备制造业,研发投入占比增减幅最小值,%,-2.95,12/9/2025 10:33:06,16/9/2025 09:55:46,2022
3690,18,通用设备制造业,研发投入占比增减幅中位数,%,0.21,12/9/2025 10:33:06,16/9/2025 09:55:47,2022
3691,19,半导体业,研发投入占比增减幅均值,%,-0.610180723,12/9/2025 10:33:07,16/9/2025 09:55:47,2022
3692,19,半导体业,研发投入占比增减幅最大值,%,27.04,12/9/2025 10:33:07,16/9/2025 09:55:47,2022
3693,19,半导体业,研发投入占比增减幅最小值,%,-350.35,12/9/2025 10:33:07,16/9/2025 09:55:47,2022
3694,19,半导体业,研发投入占比增减幅中位数,%,0.635,12/9/2025 10:33:07,16/9/2025 09:55:47,2022
3695,20,租赁和商务服务业,研发投入占比增减幅均值,%,1.15014925373134,12/9/2025 10:33:08,16/9/2025 09:55:47,2022
3696,20,租赁和商务服务业,研发投入占比增减幅最大值,%,88,12/9/2025 10:33:08,16/9/2025 09:55:47,2022
3697,20,租赁和商务服务业,研发投入占比增减幅最小值,%,-8.4,12/9/2025 10:33:08,16/9/2025 09:55:47,2022
3698,20,租赁和商务服务业,研发投入占比增减幅中位数,%,0.05,12/9/2025 10:33:08,16/9/2025 09:55:48,2022
3699,21,通信传输设备业,研发投入占比增减幅均值,%,1.47224137931034,12/9/2025 10:33:08,16/9/2025 09:55:48,2022
3700,21,通信传输设备业,研发投入占比增减幅最大值,%,54.46,12/9/2025 10:33:08,16/9/2025 09:55:48,2022
3701,21,通信传输设备业,研发投入占比增减幅最小值,%,-16.66,12/9/2025 10:33:08,16/9/2025 09:55:48,2022
3702,21,通信传输设备业,研发投入占比增减幅中位数,%,0.38,12/9/2025 10:33:09,16/9/2025 09:55:48,2022
3703,22,非金属矿物制品业,研发投入占比增减幅均值,%,0.284245283018868,12/9/2025 10:33:09,16/9/2025 09:55:48,2022
3704,22,非金属矿物制品业,研发投入占比增减幅最大值,%,5.79,12/9/2025 10:33:09,16/9/2025 09:55:49,2022
3705,22,非金属矿物制品业,研发投入占比增减幅最小值,%,-3.44,12/9/2025 10:33:09,16/9/2025 09:55:49,2022
3706,22,非金属矿物制品业,研发投入占比增减幅中位数,%,0.16,12/9/2025 10:33:09,16/9/2025 09:55:49,2022
3707,23,橡胶和塑料制品业,研发投入占比增减幅均值,%,0.155377358490566,12/9/2025 10:33:10,16/9/2025 09:55:49,2022
3708,23,橡胶和塑料制品业,研发投入占比增减幅最大值,%,2.29,12/9/2025 10:33:10,16/9/2025 09:55:49,2022
3709,23,橡胶和塑料制品业,研发投入占比增减幅最小值,%,-2.12,12/9/2025 10:33:10,16/9/2025 09:55:49,2022
3710,23,橡胶和塑料制品业,研发投入占比增减幅中位数,%,0.145,12/9/2025 10:33:10,16/9/2025 09:55:49,2022
3711,24,综合,研发投入占比增减幅均值,%,-0.183333333,12/9/2025 10:33:11,16/9/2025 09:55:49,2022
3712,24,综合,研发投入占比增减幅最大值,%,0.66,12/9/2025 10:33:11,16/9/2025 09:55:49,2022
3713,24,综合,研发投入占比增减幅最小值,%,-1.36,12/9/2025 10:33:11,16/9/2025 09:55:50,2022
3714,24,综合,研发投入占比增减幅中位数,%,0.015,12/9/2025 10:33:11,16/9/2025 09:55:50,2022
3715,25,其他制造业,研发投入占比增减幅均值,%,-0.83,12/9/2025 10:33:11,16/9/2025 09:55:50,2022
3716,25,其他制造业,研发投入占比增减幅最大值,%,4.01,12/9/2025 10:33:11,16/9/2025 09:55:50,2022
3717,25,其他制造业,研发投入占比增减幅最小值,%,-19.89,12/9/2025 10:33:11,16/9/2025 09:55:50,2022
3718,25,其他制造业,研发投入占比增减幅中位数,%,-0.095,12/9/2025 10:33:11,16/9/2025 09:55:50,2022
3719,26,金属制品业,研发投入占比增减幅均值,%,0.191981132075472,12/9/2025 10:33:12,16/9/2025 09:55:50,2022
3720,26,金属制品业,研发投入占比增减幅最大值,%,4.39,12/9/2025 10:33:12,16/9/2025 09:55:50,2022
3721,26,金属制品业,研发投入占比增减幅最小值,%,-3.11,12/9/2025 10:33:12,16/9/2025 09:55:50,2022
3722,26,金属制品业,研发投入占比增减幅中位数,%,0.08,12/9/2025 10:33:12,16/9/2025 09:55:50,2022
3723,27,铁路、船舶、航空航天和其他运输设备制造业,研发投入占比增减幅均值,%,2.91285714285714,12/9/2025 10:33:12,16/9/2025 09:55:51,2022
3724,27,铁路、船舶、航空航天和其他运输设备制造业,研发投入占比增减幅最大值,%,263.31,12/9/2025 10:33:12,16/9/2025 09:55:51,2022
3725,27,铁路、船舶、航空航天和其他运输设备制造业,研发投入占比增减幅最小值,%,-6.76,12/9/2025 10:33:12,16/9/2025 09:55:51,2022
3726,27,铁路、船舶、航空航天和其他运输设备制造业,研发投入占比增减幅中位数,%,0.155,12/9/2025 10:33:13,16/9/2025 09:55:51,2022
3727,28,水利、环境和公共设施管理业,研发投入占比增减幅均值,%,0.499761904761905,12/9/2025 10:33:13,16/9/2025 09:55:51,2022
3728,28,水利、环境和公共设施管理业,研发投入占比增减幅最大值,%,7.75,12/9/2025 10:33:13,16/9/2025 09:55:51,2022
3729,28,水利、环境和公共设施管理业,研发投入占比增减幅最小值,%,-22,12/9/2025 10:33:13,16/9/2025 09:55:51,2022
3730,28,水利、环境和公共设施管理业,研发投入占比增减幅中位数,%,0.125,12/9/2025 10:33:13,16/9/2025 09:55:51,2022
3731,29,金属冶炼和压延加工业,研发投入占比增减幅均值,%,0.230634920634921,12/9/2025 10:33:14,16/9/2025 09:55:52,2022
3732,29,金属冶炼和压延加工业,研发投入占比增减幅最大值,%,9.4,12/9/2025 10:33:14,16/9/2025 09:55:52,2022
3733,29,金属冶炼和压延加工业,研发投入占比增减幅最小值,%,-3,12/9/2025 10:33:14,16/9/2025 09:55:52,2022
3734,29,金属冶炼和压延加工业,研发投入占比增减幅中位数,%,0.06,12/9/2025 10:33:14,16/9/2025 09:55:52,2022
3735,30,科学研究和技术服务业,研发投入占比增减幅均值,%,1.13834710743802,12/9/2025 10:33:15,16/9/2025 09:55:53,2022
3736,30,科学研究和技术服务业,研发投入占比增减幅最大值,%,12.08,12/9/2025 10:33:15,16/9/2025 09:55:53,2022
3737,30,科学研究和技术服务业,研发投入占比增减幅最小值,%,-3.38,12/9/2025 10:33:15,16/9/2025 09:55:53,2022
3738,30,科学研究和技术服务业,研发投入占比增减幅中位数,%,0.69,12/9/2025 10:33:15,16/9/2025 09:55:53,2022
3739,31,教育,研发投入占比增减幅均值,%,-0.296956522,12/9/2025 10:33:15,16/9/2025 09:55:53,2022
3740,31,教育,研发投入占比增减幅最大值,%,10.82,12/9/2025 10:33:15,16/9/2025 09:55:53,2022
3741,31,教育,研发投入占比增减幅最小值,%,-12.12,12/9/2025 10:33:15,16/9/2025 09:55:53,2022
3742,31,教育,研发投入占比增减幅中位数,%,-0.67,12/9/2025 10:33:15,16/9/2025 09:55:53,2022
3743,32,仪器仪表制造业,研发投入占比增减幅均值,%,1.63247191011236,12/9/2025 10:33:16,16/9/2025 09:55:54,2022
3744,32,仪器仪表制造业,研发投入占比增减幅最大值,%,31.4,12/9/2025 10:33:16,16/9/2025 09:55:54,2022
3745,32,仪器仪表制造业,研发投入占比增减幅最小值,%,-3.51,12/9/2025 10:33:16,16/9/2025 09:55:54,2022
3746,32,仪器仪表制造业,研发投入占比增减幅中位数,%,0.72,12/9/2025 10:33:16,16/9/2025 09:55:54,2022
3747,33,文化、体育和娱乐业,研发投入占比增减幅均值,%,7.82160714285714,12/9/2025 10:33:16,16/9/2025 09:55:54,2022
3748,33,文化、体育和娱乐业,研发投入占比增减幅最大值,%,408.2,12/9/2025 10:33:16,16/9/2025 09:55:54,2022
3749,33,文化、体育和娱乐业,研发投入占比增减幅最小值,%,-1.53,12/9/2025 10:33:16,16/9/2025 09:55:54,2022
3750,33,文化、体育和娱乐业,研发投入占比增减幅中位数,%,0.16,12/9/2025 10:33:16,16/9/2025 09:55:54,2022
3751,34,农、林、牧、渔业,研发投入占比增减幅均值,%,0.362173913043478,12/9/2025 10:33:17,16/9/2025 09:55:55,2022
3752,34,农、林、牧、渔业,研发投入占比增减幅最大值,%,9.84,12/9/2025 10:33:17,16/9/2025 09:55:55,2022
3753,34,农、林、牧、渔业,研发投入占比增减幅最小值,%,-2.32,12/9/2025 10:33:17,16/9/2025 09:55:55,2022
3754,34,农、林、牧、渔业,研发投入占比增减幅中位数,%,0.085,12/9/2025 10:33:17,16/9/2025 09:55:55,2022
3755,35,卫生和社会工作,研发投入占比增减幅均值,%,-0.377857143,12/9/2025 10:33:17,16/9/2025 09:55:55,2022
3756,35,卫生和社会工作,研发投入占比增减幅最大值,%,0.7,12/9/2025 10:33:17,16/9/2025 09:55:55,2022
3757,35,卫生和社会工作,研发投入占比增减幅最小值,%,-3.1,12/9/2025 10:33:17,16/9/2025 09:55:55,2022
3758,35,卫生和社会工作,研发投入占比增减幅中位数,%,-0.17,12/9/2025 10:33:17,16/9/2025 09:55:55,2022
3759,36,造纸和纸制品业,研发投入占比增减幅均值,%,0.321555555555556,12/9/2025 10:33:18,16/9/2025 09:55:56,2022
3760,36,造纸和纸制品业,研发投入占比增减幅最大值,%,8.68,12/9/2025 10:33:18,16/9/2025 09:55:56,2022
3761,36,造纸和纸制品业,研发投入占比增减幅最小值,%,-1.25,12/9/2025 10:33:18,16/9/2025 09:55:56,2022
3762,36,造纸和纸制品业,研发投入占比增减幅中位数,%,0.13,12/9/2025 10:33:18,16/9/2025 09:55:56,2022
3763,37,住宿和餐饮业,研发投入占比增减幅均值,%,0.1,12/9/2025 10:33:19,16/9/2025 09:55:56,2022
3764,37,住宿和餐饮业,研发投入占比增减幅最大值,%,0.23,12/9/2025 10:33:19,16/9/2025 09:55:56,2022
3765,37,住宿和餐饮业,研发投入占比增减幅最小值,%,0.01,12/9/2025 10:33:19,16/9/2025 09:55:56,2022
3766,37,住宿和餐饮业,研发投入占比增减幅中位数,%,0.075,12/9/2025 10:33:19,16/9/2025 09:55:56,2022
3767,38,家具制造业,研发投入占比增减幅均值,%,0.626486486486487,12/9/2025 10:33:19,16/9/2025 09:55:57,2022
3768,38,家具制造业,研发投入占比增减幅最大值,%,10.93,12/9/2025 10:33:19,16/9/2025 09:55:57,2022
3769,38,家具制造业,研发投入占比增减幅最小值,%,-0.98,12/9/2025 10:33:19,16/9/2025 09:55:57,2022
3770,38,家具制造业,研发投入占比增减幅中位数,%,0.23,12/9/2025 10:33:19,16/9/2025 09:55:57,2022
3771,39,印刷和记录媒介复制业,研发投入占比增减幅均值,%,0.103809523809524,12/9/2025 10:33:20,16/9/2025 09:55:57,2022
3772,39,印刷和记录媒介复制业,研发投入占比增减幅最大值,%,4.25,12/9/2025 10:33:20,16/9/2025 09:55:57,2022
3773,39,印刷和记录媒介复制业,研发投入占比增减幅最小值,%,-1.72,12/9/2025 10:33:20,16/9/2025 09:55:57,2022
3774,39,印刷和记录媒介复制业,研发投入占比增减幅中位数,%,0.1,12/9/2025 10:33:20,16/9/2025 09:55:57,2022
3775,41,文教、工美、体育和娱乐用品制造业,研发投入占比增减幅均值,%,2.32777777777778,12/9/2025 10:33:21,16/9/2025 09:55:58,2022
3776,41,文教、工美、体育和娱乐用品制造业,研发投入占比增减幅最大值,%,70.28,12/9/2025 10:33:21,16/9/2025 09:55:58,2022
3777,41,文教、工美、体育和娱乐用品制造业,研发投入占比增减幅最小值,%,-11.29,12/9/2025 10:33:21,16/9/2025 09:55:58,2022
3778,41,文教、工美、体育和娱乐用品制造业,研发投入占比增减幅中位数,%,0.04,12/9/2025 10:33:21,16/9/2025 09:55:58,2022
3783,43,化学纤维制造业,研发投入占比增减幅均值,%,0.0851515151515152,12/9/2025 10:33:22,16/9/2025 09:55:59,2022
3784,43,化学纤维制造业,研发投入占比增减幅最大值,%,5,12/9/2025 10:33:22,16/9/2025 09:55:59,2022
3785,43,化学纤维制造业,研发投入占比增减幅最小值,%,-4.06,12/9/2025 10:33:22,16/9/2025 09:55:59,2022
3786,43,化学纤维制造业,研发投入占比增减幅中位数,%,-0.06,12/9/2025 10:33:22,16/9/2025 09:55:59,2022
3791,45,石油加工、炼焦和核燃料加工业,研发投入占比增减幅均值,%,0.132666666666667,12/9/2025 10:33:23,16/9/2025 09:56:00,2022
3792,45,石油加工、炼焦和核燃料加工业,研发投入占比增减幅最大值,%,1.2,12/9/2025 10:33:23,16/9/2025 09:56:00,2022
3793,45,石油加工、炼焦和核燃料加工业,研发投入占比增减幅最小值,%,-0.89,12/9/2025 10:33:23,16/9/2025 09:56:00,2022
3794,45,石油加工、炼焦和核燃料加工业,研发投入占比增减幅中位数,%,0.01,12/9/2025 10:33:23,16/9/2025 09:56:00,2022
3795,46,废弃资源综合利用业,研发投入占比增减幅均值,%,0.231818181818182,12/9/2025 10:33:23,16/9/2025 09:56:01,2022
3796,46,废弃资源综合利用业,研发投入占比增减幅最大值,%,5.2,12/9/2025 10:33:24,16/9/2025 09:56:01,2022
3797,46,废弃资源综合利用业,研发投入占比增减幅最小值,%,-2.48,12/9/2025 10:33:24,16/9/2025 09:56:01,2022
3798,46,废弃资源综合利用业,研发投入占比增减幅中位数,%,-0.03,12/9/2025 10:33:24,16/9/2025 09:56:01,2022
3799,47,木材加工和木、竹、藤、棕、草制品业,研发投入占比增减幅均值,%,0.111111111111111,12/9/2025 10:33:24,16/9/2025 09:56:01,2022
3800,47,木材加工和木、竹、藤、棕、草制品业,研发投入占比增减幅最大值,%,0.8,12/9/2025 10:33:24,16/9/2025 09:56:01,2022
3801,47,木材加工和木、竹、藤、棕、草制品业,研发投入占比增减幅最小值,%,-0.18,12/9/2025 10:33:24,16/9/2025 09:56:01,2022
3802,47,木材加工和木、竹、藤、棕、草制品业,研发投入占比增减幅中位数,%,-0.08,12/9/2025 10:33:24,16/9/2025 09:56:02,2022
3803,48,居民服务、修理和其他服务业,研发投入占比增减幅均值,%,0.22,12/9/2025 10:33:24,16/9/2025 09:56:02,2022
3804,48,居民服务、修理和其他服务业,研发投入占比增减幅最大值,%,0.22,12/9/2025 10:33:24,16/9/2025 09:56:02,2022
3805,48,居民服务、修理和其他服务业,研发投入占比增减幅最小值,%,0.22,12/9/2025 10:33:24,16/9/2025 09:56:02,2022
3806,48,居民服务、修理和其他服务业,研发投入占比增减幅中位数,%,0.22,12/9/2025 10:33:24,16/9/2025 09:56:02,2022
3807,0,全行业,研发投入占比增减幅均值,%,-809.5616901,12/9/2025 10:33:25,5/11/2025 08:56:03,2022
3808,0,全行业,研发投入占比增减幅最大值,%,9710.55,12/9/2025 10:33:25,5/11/2025 08:56:03,2022
3809,0,全行业,研发投入占比增减幅最小值,%,-3234076.58,12/9/2025 10:33:25,5/11/2025 08:56:03,2022
3810,0,全行业,研发投入占比增减幅中位数,%,0.14,12/9/2025 10:33:25,5/11/2025 08:56:03,2022
3811,1,医药制造业,资本化研发投入合计,十万元,182017.5895,12/9/2025 10:33:25,16/9/2025 09:56:03,2022
3812,1,医药制造业,资本化研发投入均值,元,102834796.301582,12/9/2025 10:33:25,16/9/2025 09:56:03,2022
3813,1,医药制造业,资本化研发投入最大值,万元,158300.3526,12/9/2025 10:33:25,16/9/2025 09:56:03,2022
3814,1,医药制造业,资本化研发投入最小值,万元,3.753823,12/9/2025 10:33:25,16/9/2025 09:56:03,2022
3815,1,医药制造业,资本化研发投入中位数,千万元,2.85065071,12/9/2025 10:33:25,16/9/2025 09:56:04,2022
3816,2,化学原料和化学制品制造业,资本化研发投入合计,十万元,12956.21573,12/9/2025 10:33:26,16/9/2025 09:56:04,2022
3817,2,化学原料和化学制品制造业,资本化研发投入均值,百万元,24.9157994871154,12/9/2025 10:33:26,16/9/2025 09:56:04,2022
3818,2,化学原料和化学制品制造业,资本化研发投入最大值,万元,38164.801826999996,12/9/2025 10:33:26,16/9/2025 09:56:04,2022
3819,2,化学原料和化学制品制造业,资本化研发投入最小值,元,13583,12/9/2025 10:33:26,16/9/2025 09:56:04,2022
3820,2,化学原料和化学制品制造业,资本化研发投入中位数,万元,910.413776,12/9/2025 10:33:26,16/9/2025 09:56:04,2022
3821,3,信息传输、软件和信息技术服务业,资本化研发投入合计,元,23819036162,12/9/2025 10:33:26,16/9/2025 09:56:05,2022
3822,3,信息传输、软件和信息技术服务业,资本化研发投入均值,元,136891012.423793,12/9/2025 10:33:26,16/9/2025 09:56:05,2022
3823,3,信息传输、软件和信息技术服务业,资本化研发投入最大值,万元,405528.7084,12/9/2025 10:33:26,16/9/2025 09:56:05,2022
3824,3,信息传输、软件和信息技术服务业,资本化研发投入最小值,百万元,0.039048,12/9/2025 10:33:26,16/9/2025 09:56:05,2022
3825,3,信息传输、软件和信息技术服务业,资本化研发投入中位数,千万元,2.796199252,12/9/2025 10:33:26,16/9/2025 09:56:05,2022
3826,4,房地产业,资本化研发投入合计,元,451425067.3,12/9/2025 10:33:26,16/9/2025 09:56:05,2022
3827,4,房地产业,资本化研发投入均值,万元,6448.92953257143,12/9/2025 10:33:26,16/9/2025 09:56:05,2022
3828,4,房地产业,资本化研发投入最大值,万元,31638.2312,12/9/2025 10:33:27,16/9/2025 09:56:05,2022
3829,4,房地产业,资本化研发投入最小值,千万元,0.047696657,12/9/2025 10:33:27,16/9/2025 09:56:05,2022
3830,4,房地产业,资本化研发投入中位数,百万元,15.49082704,12/9/2025 10:33:27,16/9/2025 09:56:05,2022
3831,5,专用设备制造业,资本化研发投入合计,十万元,98072.07509,12/9/2025 10:33:27,16/9/2025 09:56:06,2022
3832,5,专用设备制造业,资本化研发投入均值,百万元,119.600091575488,12/9/2025 10:33:27,16/9/2025 09:56:06,2022
3833,5,专用设备制造业,资本化研发投入最大值,千万元,197.78069870299998,12/9/2025 10:33:27,16/9/2025 09:56:06,2022
3834,5,专用设备制造业,资本化研发投入最小值,百万元,1.2631238999999999,12/9/2025 10:33:27,16/9/2025 09:56:06,2022
3835,5,专用设备制造业,资本化研发投入中位数,千万元,1.8156370149999999,12/9/2025 10:33:27,16/9/2025 09:56:06,2022
3836,6,消费电子及电气业,资本化研发投入合计,千万元,1396.48147,12/9/2025 10:33:27,16/9/2025 09:56:06,2022
3837,6,消费电子及电气业,资本化研发投入均值,十万元,3247.63132447209,12/9/2025 10:33:27,16/9/2025 09:56:06,2022
3838,6,消费电子及电气业,资本化研发投入最大值,元,4287428372,12/9/2025 10:33:27,16/9/2025 09:56:06,2022
3839,6,消费电子及电气业,资本化研发投入最小值,千万元,0.19926138300000001,12/9/2025 10:33:27,16/9/2025 09:56:06,2022
3840,6,消费电子及电气业,资本化研发投入中位数,十万元,748.5329686,12/9/2025 10:33:28,16/9/2025 09:56:06,2022
3841,7,金融业,资本化研发投入合计,千万元,65.83920064600001,12/9/2025 10:33:28,16/9/2025 09:56:07,2022
3842,7,金融业,资本化研发投入均值,千万元,5.98538187690909,12/9/2025 10:33:28,16/9/2025 09:56:07,2022
3843,7,金融业,资本化研发投入最大值,百万元,187.261241,12/9/2025 10:33:28,16/9/2025 09:56:07,2022
3844,7,金融业,资本化研发投入最小值,百万元,0.94593512,12/9/2025 10:33:28,16/9/2025 09:56:07,2022
3845,7,金融业,资本化研发投入中位数,十万元,414.9386435,12/9/2025 10:33:28,16/9/2025 09:56:07,2022
3846,8,商业电气机械和器材制造业,资本化研发投入合计,万元,383086.6922,12/9/2025 10:33:28,16/9/2025 09:56:07,2022
3847,8,商业电气机械和器材制造业,资本化研发投入均值,十万元,870.651573095455,12/9/2025 10:33:28,16/9/2025 09:56:07,2022
3848,8,商业电气机械和器材制造业,资本化研发投入最大值,千万元,84.76937543,12/9/2025 10:33:28,16/9/2025 09:56:07,2022
3849,8,商业电气机械和器材制造业,资本化研发投入最小值,千万元,0.033551054999999996,12/9/2025 10:33:28,16/9/2025 09:56:07,2022
3850,8,商业电气机械和器材制造业,资本化研发投入中位数,元,18958482.09,12/9/2025 10:33:28,16/9/2025 09:56:07,2022
3851,9,批发和零售业,资本化研发投入合计,元,2537411708,12/9/2025 10:33:29,16/9/2025 09:56:08,2022
3852,9,批发和零售业,资本化研发投入均值,万元,7689.12638827273,12/9/2025 10:33:29,16/9/2025 09:56:08,2022
3853,9,批发和零售业,资本化研发投入最大值,百万元,688.038537,12/9/2025 10:33:29,16/9/2025 09:56:08,2022
3854,9,批发和零售业,资本化研发投入最小值,千万元,0.008124749,12/9/2025 10:33:29,16/9/2025 09:56:08,2022
3855,9,批发和零售业,资本化研发投入中位数,千万元,1.52805051,12/9/2025 10:33:29,16/9/2025 09:56:08,2022
3856,10,食品饮料业,资本化研发投入合计,百万元,524.7583891,12/9/2025 10:33:29,16/9/2025 09:56:08,2022
3857,10,食品饮料业,资本化研发投入均值,万元,2761.88625863158,12/9/2025 10:33:29,16/9/2025 09:56:08,2022
3858,10,食品饮料业,资本化研发投入最大值,元,190534577.6,12/9/2025 10:33:29,16/9/2025 09:56:08,2022
3859,10,食品饮料业,资本化研发投入最小值,万元,83.182829,12/9/2025 10:33:30,16/9/2025 09:56:08,2022
3860,10,食品饮料业,资本化研发投入中位数,元,6980144.7,12/9/2025 10:33:30,16/9/2025 09:56:08,2022
3866,12,汽车制造业,资本化研发投入合计,十万元,470052.25893260003,12/9/2025 10:33:30,16/9/2025 09:56:09,2022
3867,12,汽车制造业,资本化研发投入均值,百万元,1175.1306473315,12/9/2025 10:33:30,16/9/2025 09:56:09,2022
3868,12,汽车制造业,资本化研发投入最大值,百万元,7616.945082,12/9/2025 10:33:30,16/9/2025 09:56:10,2022
3869,12,汽车制造业,资本化研发投入最小值,万元,147.183143,12/9/2025 10:33:30,16/9/2025 09:56:10,2022
3870,12,汽车制造业,资本化研发投入中位数,百万元,172.46785102500002,12/9/2025 10:33:30,16/9/2025 09:56:10,2022
3871,13,电力、热力、燃气及水生产和供应业,资本化研发投入合计,万元,651116.3951,12/9/2025 10:33:31,16/9/2025 09:56:10,2022
3872,13,电力、热力、燃气及水生产和供应业,资本化研发投入均值,百万元,197.307998510909,12/9/2025 10:33:31,16/9/2025 09:56:10,2022
3873,13,电力、热力、燃气及水生产和供应业,资本化研发投入最大值,元,1982740987,12/9/2025 10:33:31,16/9/2025 09:56:10,2022
3874,13,电力、热力、燃气及水生产和供应业,资本化研发投入最小值,千万元,0.0003931,12/9/2025 10:33:31,16/9/2025 09:56:10,2022
3875,13,电力、热力、燃气及水生产和供应业,资本化研发投入中位数,十万元,134.50901380000002,12/9/2025 10:33:31,16/9/2025 09:56:10,2022
3876,14,采矿业,资本化研发投入合计,万元,3521173.428,12/9/2025 10:33:32,16/9/2025 09:56:11,2022
3877,14,采矿业,资本化研发投入均值,千万元,160.053337656227,12/9/2025 10:33:32,16/9/2025 09:56:11,2022
3878,14,采矿业,资本化研发投入最大值,十万元,97370.04196,12/9/2025 10:33:32,16/9/2025 09:56:11,2022
3879,14,采矿业,资本化研发投入最小值,万元,104.689277,12/9/2025 10:33:32,16/9/2025 09:56:11,2022
3880,14,采矿业,资本化研发投入中位数,千万元,10.82879299,12/9/2025 10:33:32,16/9/2025 09:56:11,2022
3881,15,纺织鞋服业,资本化研发投入合计,千万元,1.321348664,12/9/2025 10:33:32,16/9/2025 09:56:11,2022
3882,15,纺织鞋服业,资本化研发投入均值,元,3303371.66,12/9/2025 10:33:32,16/9/2025 09:56:11,2022
3883,15,纺织鞋服业,资本化研发投入最大值,元,5094918,12/9/2025 10:33:32,16/9/2025 09:56:11,2022
3884,15,纺织鞋服业,资本化研发投入最小值,千万元,0.015099734,12/9/2025 10:33:33,16/9/2025 09:56:11,2022
3885,15,纺织鞋服业,资本化研发投入中位数,十万元,39.8378565,12/9/2025 10:33:33,16/9/2025 09:56:11,2022
3886,16,建筑业,资本化研发投入合计,元,790169751.4,12/9/2025 10:33:33,16/9/2025 09:56:12,2022
3887,16,建筑业,资本化研发投入均值,万元,3591.68068836364,12/9/2025 10:33:33,16/9/2025 09:56:12,2022
3888,16,建筑业,资本化研发投入最大值,千万元,23.4710698,12/9/2025 10:33:33,16/9/2025 09:56:12,2022
3889,16,建筑业,资本化研发投入最小值,万元,16.980538,12/9/2025 10:33:33,16/9/2025 09:56:12,2022
3890,16,建筑业,资本化研发投入中位数,元,11067251.58,12/9/2025 10:33:34,16/9/2025 09:56:12,2022
3891,17,交通运输、仓储和邮政业,资本化研发投入合计,千万元,252.9163393,12/9/2025 10:33:34,16/9/2025 09:56:12,2022
3892,17,交通运输、仓储和邮政业,资本化研发投入均值,万元,6835.5767383783805,12/9/2025 10:33:34,16/9/2025 09:56:12,2022
3893,17,交通运输、仓储和邮政业,资本化研发投入最大值,元,1266412775,12/9/2025 10:33:34,16/9/2025 09:56:12,2022
3894,17,交通运输、仓储和邮政业,资本化研发投入最小值,百万元,0.094986,12/9/2025 10:33:34,16/9/2025 09:56:12,2022
3895,17,交通运输、仓储和邮政业,资本化研发投入中位数,万元,1100.0389,12/9/2025 10:33:34,16/9/2025 09:56:12,2022
3896,18,通用设备制造业,资本化研发投入合计,元,3445587080,12/9/2025 10:33:35,16/9/2025 09:56:12,2022
3897,18,通用设备制造业,资本化研发投入均值,千万元,9.84453451362857,12/9/2025 10:33:35,16/9/2025 09:56:12,2022
3898,18,通用设备制造业,资本化研发投入最大值,百万元,632.8728627200001,12/9/2025 10:33:35,16/9/2025 09:56:12,2022
3899,18,通用设备制造业,资本化研发投入最小值,千万元,0.028655557,12/9/2025 10:33:35,16/9/2025 09:56:12,2022
3900,18,通用设备制造业,资本化研发投入中位数,元,36000487,12/9/2025 10:33:35,16/9/2025 09:56:12,2022
3901,19,半导体业,资本化研发投入合计,十万元,40197.16231,12/9/2025 10:33:35,16/9/2025 09:56:13,2022
3902,19,半导体业,资本化研发投入均值,百万元,167.488176287083,12/9/2025 10:33:35,16/9/2025 09:56:13,2022
3903,19,半导体业,资本化研发投入最大值,百万元,1068.025652,12/9/2025 10:33:35,16/9/2025 09:56:13,2022
3904,19,半导体业,资本化研发投入最小值,十万元,1.77864,12/9/2025 10:33:35,16/9/2025 09:56:13,2022
3905,19,半导体业,资本化研发投入中位数,十万元,306.1663244,12/9/2025 10:33:35,16/9/2025 09:56:13,2022
3906,20,租赁和商务服务业,资本化研发投入合计,千万元,26.22950688,12/9/2025 10:33:36,16/9/2025 09:56:13,2022
3907,20,租赁和商务服务业,资本化研发投入均值,元,15429121.6935294,12/9/2025 10:33:36,16/9/2025 09:56:13,2022
3908,20,租赁和商务服务业,资本化研发投入最大值,十万元,651.2093179999999,12/9/2025 10:33:36,16/9/2025 09:56:13,2022
3909,20,租赁和商务服务业,资本化研发投入最小值,百万元,0.36615977,12/9/2025 10:33:36,16/9/2025 09:56:13,2022
3910,20,租赁和商务服务业,资本化研发投入中位数,十万元,77.476965,12/9/2025 10:33:36,16/9/2025 09:56:13,2022
3911,21,通信传输设备业,资本化研发投入合计,百万元,5279.289115,12/9/2025 10:33:36,16/9/2025 09:56:13,2022
3912,21,通信传输设备业,资本化研发投入均值,千万元,15.5273209255882,12/9/2025 10:33:36,16/9/2025 09:56:13,2022
3913,21,通信传输设备业,资本化研发投入最大值,万元,182140.7214,12/9/2025 10:33:36,16/9/2025 09:56:13,2022
3914,21,通信传输设备业,资本化研发投入最小值,元,75834.04,12/9/2025 10:33:36,16/9/2025 09:56:13,2022
3915,21,通信传输设备业,资本化研发投入中位数,百万元,35.11557309,12/9/2025 10:33:36,16/9/2025 09:56:14,2022
3916,22,非金属矿物制品业,资本化研发投入合计,万元,62127.99359,12/9/2025 10:33:37,16/9/2025 09:56:14,2022
3917,22,非金属矿物制品业,资本化研发投入均值,千万元,3.8829995994375,12/9/2025 10:33:37,16/9/2025 09:56:14,2022
3918,22,非金属矿物制品业,资本化研发投入最大值,元,225150763.9,12/9/2025 10:33:37,16/9/2025 09:56:14,2022
3919,22,非金属矿物制品业,资本化研发投入最小值,元,1581861.7,12/9/2025 10:33:37,16/9/2025 09:56:14,2022
3920,22,非金属矿物制品业,资本化研发投入中位数,元,33152992.89,12/9/2025 10:33:37,16/9/2025 09:56:14,2022
3921,23,橡胶和塑料制品业,资本化研发投入合计,元,105451980.4,12/9/2025 10:33:37,16/9/2025 09:56:14,2022
3922,23,橡胶和塑料制品业,资本化研发投入均值,十万元,210.9039608,12/9/2025 10:33:37,16/9/2025 09:56:14,2022
3923,23,橡胶和塑料制品业,资本化研发投入最大值,十万元,628.9640039999999,12/9/2025 10:33:37,16/9/2025 09:56:14,2022
3924,23,橡胶和塑料制品业,资本化研发投入最小值,十万元,0.1433477,12/9/2025 10:33:37,16/9/2025 09:56:14,2022
3925,23,橡胶和塑料制品业,资本化研发投入中位数,千万元,1.024878538,12/9/2025 10:33:37,16/9/2025 09:56:14,2022
3926,24,综合,资本化研发投入合计,千万元,5.179189621,12/9/2025 10:33:38,16/9/2025 09:56:14,2022
3927,24,综合,资本化研发投入均值,百万元,17.263965403333298,12/9/2025 10:33:38,16/9/2025 09:56:15,2022
3928,24,综合,资本化研发投入最大值,百万元,37.832742859999996,12/9/2025 10:33:38,16/9/2025 09:56:15,2022
3929,24,综合,资本化研发投入最小值,万元,133.868748,12/9/2025 10:33:38,16/9/2025 09:56:15,2022
3930,24,综合,资本化研发投入中位数,万元,1262.0465869999998,12/9/2025 10:33:38,16/9/2025 09:56:15,2022
3931,25,其他制造业,资本化研发投入合计,十万元,2489.0150350999997,12/9/2025 10:33:39,16/9/2025 09:56:15,2022
3932,25,其他制造业,资本化研发投入均值,元,31112687.94,12/9/2025 10:33:39,16/9/2025 09:56:15,2022
3933,25,其他制造业,资本化研发投入最大值,万元,14092.76001,12/9/2025 10:33:39,16/9/2025 09:56:15,2022
3934,25,其他制造业,资本化研发投入最小值,万元,92.072034,12/9/2025 10:33:39,16/9/2025 09:56:15,2022
3935,25,其他制造业,资本化研发投入中位数,元,16578977.69,12/9/2025 10:33:39,16/9/2025 09:56:15,2022
3936,26,金属制品业,资本化研发投入合计,万元,24710.87747,12/9/2025 10:33:40,16/9/2025 09:56:16,2022
3937,26,金属制品业,资本化研发投入均值,千万元,3.53012535328571,12/9/2025 10:33:40,16/9/2025 09:56:16,2022
3938,26,金属制品业,资本化研发投入最大值,万元,14742.030243000001,12/9/2025 10:33:40,16/9/2025 09:56:16,2022
3939,26,金属制品业,资本化研发投入最小值,万元,302.60491099999996,12/9/2025 10:33:40,16/9/2025 09:56:16,2022
3940,26,金属制品业,资本化研发投入中位数,百万元,21.389852,12/9/2025 10:33:40,16/9/2025 09:56:16,2022
3941,27,铁路、船舶、航空航天和其他运输设备制造业,资本化研发投入合计,万元,292545.0565,12/9/2025 10:33:40,16/9/2025 09:56:16,2022
3942,27,铁路、船舶、航空航天和其他运输设备制造业,资本化研发投入均值,百万元,97.5150188423333,12/9/2025 10:33:41,16/9/2025 09:56:16,2022
3943,27,铁路、船舶、航空航天和其他运输设备制造业,资本化研发投入最大值,元,353771542.9,12/9/2025 10:33:41,16/9/2025 09:56:16,2022
3944,27,铁路、船舶、航空航天和其他运输设备制造业,资本化研发投入最小值,千万元,0.028790196,12/9/2025 10:33:41,16/9/2025 09:56:16,2022
3945,27,铁路、船舶、航空航天和其他运输设备制造业,资本化研发投入中位数,十万元,498.05039854999995,12/9/2025 10:33:41,16/9/2025 09:56:16,2022
3946,28,水利、环境和公共设施管理业,资本化研发投入合计,百万元,287.1488027,12/9/2025 10:33:41,16/9/2025 09:56:17,2022
3947,28,水利、环境和公共设施管理业,资本化研发投入均值,千万元,1.7946800165624999,12/9/2025 10:33:42,16/9/2025 09:56:17,2022
3948,28,水利、环境和公共设施管理业,资本化研发投入最大值,百万元,54.4714456,12/9/2025 10:33:42,16/9/2025 09:56:17,2022
3949,28,水利、环境和公共设施管理业,资本化研发投入最小值,千万元,0.0091047,12/9/2025 10:33:42,16/9/2025 09:56:17,2022
3950,28,水利、环境和公共设施管理业,资本化研发投入中位数,十万元,100.9400655,12/9/2025 10:33:42,16/9/2025 09:56:17,2022
3951,29,金属冶炼和压延加工业,资本化研发投入合计,百万元,1561.183024,12/9/2025 10:33:42,16/9/2025 09:56:17,2022
3952,29,金属冶炼和压延加工业,资本化研发投入均值,元,91834295.5558823,12/9/2025 10:33:42,16/9/2025 09:56:17,2022
3953,29,金属冶炼和压延加工业,资本化研发投入最大值,百万元,355.066668,12/9/2025 10:33:43,16/9/2025 09:56:17,2022
3954,29,金属冶炼和压延加工业,资本化研发投入最小值,元,58736.3,12/9/2025 10:33:43,16/9/2025 09:56:17,2022
3955,29,金属冶炼和压延加工业,资本化研发投入中位数,千万元,2.6551194899999997,12/9/2025 10:33:43,16/9/2025 09:56:17,2022
3956,30,科学研究和技术服务业,资本化研发投入合计,元,662845742.2,12/9/2025 10:33:43,16/9/2025 09:56:17,2022
3957,30,科学研究和技术服务业,资本化研发投入均值,十万元,315.640829619048,12/9/2025 10:33:43,16/9/2025 09:56:17,2022
3958,30,科学研究和技术服务业,资本化研发投入最大值,十万元,2540.852442,12/9/2025 10:33:44,16/9/2025 09:56:17,2022
3959,30,科学研究和技术服务业,资本化研发投入最小值,元,-1390891.62,12/9/2025 10:33:44,16/9/2025 09:56:18,2022
3960,30,科学研究和技术服务业,资本化研发投入中位数,元,11374070.05,12/9/2025 10:33:44,16/9/2025 09:56:18,2022
3961,31,教育,资本化研发投入合计,万元,1209.294107,12/9/2025 10:33:44,16/9/2025 09:56:18,2022
3962,31,教育,资本化研发投入均值,万元,403.09803566666704,12/9/2025 10:33:44,16/9/2025 09:56:18,2022
3963,31,教育,资本化研发投入最大值,千万元,0.72637215,12/9/2025 10:33:44,16/9/2025 09:56:18,2022
3964,31,教育,资本化研发投入最小值,万元,93.613017,12/9/2025 10:33:44,16/9/2025 09:56:18,2022
3965,31,教育,资本化研发投入中位数,元,3893089.4,12/9/2025 10:33:44,16/9/2025 09:56:18,2022
3966,32,仪器仪表制造业,资本化研发投入合计,百万元,441.9119471,12/9/2025 10:33:45,16/9/2025 09:56:18,2022
3967,32,仪器仪表制造业,资本化研发投入均值,百万元,55.23899339,12/9/2025 10:33:45,16/9/2025 09:56:18,2022
3968,32,仪器仪表制造业,资本化研发投入最大值,千万元,15.687128347999998,12/9/2025 10:33:45,16/9/2025 09:56:18,2022
3969,32,仪器仪表制造业,资本化研发投入最小值,元,5133385.05,12/9/2025 10:33:45,16/9/2025 09:56:18,2022
3970,32,仪器仪表制造业,资本化研发投入中位数,百万元,24.41353205,12/9/2025 10:33:45,16/9/2025 09:56:18,2022
3971,33,文化、体育和娱乐业,资本化研发投入合计,万元,32306.293091000003,12/9/2025 10:33:46,16/9/2025 09:56:19,2022
3972,33,文化、体育和娱乐业,资本化研发投入均值,十万元,230.75923636428598,12/9/2025 10:33:46,16/9/2025 09:56:19,2022
3973,33,文化、体育和娱乐业,资本化研发投入最大值,千万元,10.65286292,12/9/2025 10:33:46,16/9/2025 09:56:19,2022
3974,33,文化、体育和娱乐业,资本化研发投入最小值,千万元,0.060580641000000005,12/9/2025 10:33:46,16/9/2025 09:56:19,2022
3975,33,文化、体育和娱乐业,资本化研发投入中位数,元,10235238.37,12/9/2025 10:33:46,16/9/2025 09:56:19,2022
3976,34,农、林、牧、渔业,资本化研发投入合计,元,143365782,12/9/2025 10:33:47,16/9/2025 09:56:19,2022
3977,34,农、林、牧、渔业,资本化研发投入均值,万元,1792.0722743749998,12/9/2025 10:33:47,16/9/2025 09:56:19,2022
3978,34,农、林、牧、渔业,资本化研发投入最大值,万元,6753.885642,12/9/2025 10:33:47,16/9/2025 09:56:19,2022
3979,34,农、林、牧、渔业,资本化研发投入最小值,十万元,0.26073,12/9/2025 10:33:47,16/9/2025 09:56:19,2022
3980,34,农、林、牧、渔业,资本化研发投入中位数,元,12953931.69,12/9/2025 10:33:47,16/9/2025 09:56:19,2022
3981,35,卫生和社会工作,资本化研发投入合计,千万元,10.73060949,12/9/2025 10:33:47,16/9/2025 09:56:20,2022
3982,35,卫生和社会工作,资本化研发投入均值,十万元,357.686983,12/9/2025 10:33:47,16/9/2025 09:56:20,2022
3983,35,卫生和社会工作,资本化研发投入最大值,百万元,56.887965460000004,12/9/2025 10:33:47,16/9/2025 09:56:20,2022
3984,35,卫生和社会工作,资本化研发投入最小值,元,2395281.94,12/9/2025 10:33:47,16/9/2025 09:56:20,2022
3985,35,卫生和社会工作,资本化研发投入中位数,十万元,480.228475,12/9/2025 10:33:48,16/9/2025 09:56:20,2022
3986,36,造纸和纸制品业,资本化研发投入合计,元,24100547.24,12/9/2025 10:33:48,16/9/2025 09:56:21,2022
3987,36,造纸和纸制品业,资本化研发投入均值,元,12050273.62,12/9/2025 10:33:48,16/9/2025 09:56:21,2022
3988,36,造纸和纸制品业,资本化研发投入最大值,元,23800479.24,12/9/2025 10:33:48,16/9/2025 09:56:21,2022
3989,36,造纸和纸制品业,资本化研发投入最小值,百万元,0.300068,12/9/2025 10:33:48,16/9/2025 09:56:21,2022
3990,36,造纸和纸制品业,资本化研发投入中位数,元,12050273.62,12/9/2025 10:33:48,16/9/2025 09:56:21,2022
3991,37,住宿和餐饮业,资本化研发投入合计,十万元,145.2593584,12/9/2025 10:33:48,16/9/2025 09:56:21,2022
3992,37,住宿和餐饮业,资本化研发投入均值,百万元,14.52593584,12/9/2025 10:33:49,16/9/2025 09:56:21,2022
3993,37,住宿和餐饮业,资本化研发投入最大值,十万元,145.2593584,12/9/2025 10:33:49,16/9/2025 09:56:21,2022
3994,37,住宿和餐饮业,资本化研发投入最小值,元,14525935.84,12/9/2025 10:33:49,16/9/2025 09:56:21,2022
3995,37,住宿和餐饮业,资本化研发投入中位数,元,14525935.84,12/9/2025 10:33:49,16/9/2025 09:56:21,2022
3996,38,家具制造业,资本化研发投入合计,万元,5627.676001,12/9/2025 10:33:49,16/9/2025 09:56:21,2022
3997,38,家具制造业,资本化研发投入均值,百万元,18.7589200033333,12/9/2025 10:33:49,16/9/2025 09:56:21,2022
3998,38,家具制造业,资本化研发投入最大值,元,47736486.61,12/9/2025 10:33:49,16/9/2025 09:56:21,2022
3999,38,家具制造业,资本化研发投入最小值,元,1699168.1,12/9/2025 10:33:49,16/9/2025 09:56:21,2022
4000,38,家具制造业,资本化研发投入中位数,百万元,6.8411053,12/9/2025 10:33:49,16/9/2025 09:56:21,2022
4001,39,印刷和记录媒介复制业,资本化研发投入合计,万元,2415.940791,12/9/2025 10:33:50,16/9/2025 09:56:22,2022
4002,39,印刷和记录媒介复制业,资本化研发投入均值,十万元,120.7970396,12/9/2025 10:33:50,16/9/2025 09:56:22,2022
4003,39,印刷和记录媒介复制业,资本化研发投入最大值,百万元,19.06598991,12/9/2025 10:33:50,16/9/2025 09:56:22,2022
4004,39,印刷和记录媒介复制业,资本化研发投入最小值,万元,509.3418,12/9/2025 10:33:50,16/9/2025 09:56:22,2022
4005,39,印刷和记录媒介复制业,资本化研发投入中位数,千万元,1.207970396,12/9/2025 10:33:50,16/9/2025 09:56:22,2022
4006,41,文教、工美、体育和娱乐用品制造业,资本化研发投入合计,万元,5588.517725,12/9/2025 10:33:50,16/9/2025 09:56:22,2022
4007,41,文教、工美、体育和娱乐用品制造业,资本化研发投入均值,元,18628392.4166667,12/9/2025 10:33:51,16/9/2025 09:56:22,2022
4008,41,文教、工美、体育和娱乐用品制造业,资本化研发投入最大值,千万元,5.09531248,12/9/2025 10:33:51,16/9/2025 09:56:22,2022
4009,41,文教、工美、体育和娱乐用品制造业,资本化研发投入最小值,百万元,1.2878584499999999,12/9/2025 10:33:51,16/9/2025 09:56:22,2022
4010,41,文教、工美、体育和娱乐用品制造业,资本化研发投入中位数,千万元,0.3644194,12/9/2025 10:33:51,16/9/2025 09:56:22,2022
4016,43,化学纤维制造业,资本化研发投入合计,十万元,360.0393137,12/9/2025 10:33:52,16/9/2025 09:56:23,2022
4017,43,化学纤维制造业,资本化研发投入均值,百万元,12.001310456666701,12/9/2025 10:33:52,16/9/2025 09:56:23,2022
4018,43,化学纤维制造业,资本化研发投入最大值,元,19523046.77,12/9/2025 10:33:52,16/9/2025 09:56:24,2022
4019,43,化学纤维制造业,资本化研发投入最小值,元,143922.5,12/9/2025 10:33:52,16/9/2025 09:56:24,2022
4020,43,化学纤维制造业,资本化研发投入中位数,千万元,1.6336962099999999,12/9/2025 10:33:52,16/9/2025 09:56:24,2022
4026,45,石油加工、炼焦和核燃料加工业,资本化研发投入合计,百万元,0,12/9/2025 10:33:53,16/9/2025 09:56:25,2022
4027,45,石油加工、炼焦和核燃料加工业,资本化研发投入均值,元,0,12/9/2025 10:33:53,16/9/2025 09:56:25,2022
4028,45,石油加工、炼焦和核燃料加工业,资本化研发投入最大值,千万元,0,12/9/2025 10:33:53,16/9/2025 09:56:25,2022
4029,45,石油加工、炼焦和核燃料加工业,资本化研发投入最小值,百万元,0,12/9/2025 10:33:53,16/9/2025 09:56:25,2022
4030,45,石油加工、炼焦和核燃料加工业,资本化研发投入中位数,元,0,12/9/2025 10:33:53,16/9/2025 09:56:25,2022
4031,46,废弃资源综合利用业,资本化研发投入合计,百万元,406.00412051999996,12/9/2025 10:33:54,16/9/2025 09:56:25,2022
4032,46,废弃资源综合利用业,资本化研发投入均值,百万元,81.2008241,12/9/2025 10:33:54,16/9/2025 09:56:25,2022
4033,46,废弃资源综合利用业,资本化研发投入最大值,元,339010072.4,12/9/2025 10:33:54,16/9/2025 09:56:25,2022
4034,46,废弃资源综合利用业,资本化研发投入最小值,万元,226.72302599999998,12/9/2025 10:33:54,16/9/2025 09:56:26,2022
4035,46,废弃资源综合利用业,资本化研发投入中位数,万元,789.60201,12/9/2025 10:33:54,16/9/2025 09:56:26,2022
4036,47,木材加工和木、竹、藤、棕、草制品业,资本化研发投入合计,十万元,0,12/9/2025 10:33:54,16/9/2025 09:56:26,2022
4037,47,木材加工和木、竹、藤、棕、草制品业,资本化研发投入均值,元,0,12/9/2025 10:33:54,16/9/2025 09:56:26,2022
4038,47,木材加工和木、竹、藤、棕、草制品业,资本化研发投入最大值,元,0,12/9/2025 10:33:54,16/9/2025 09:56:26,2022
4039,47,木材加工和木、竹、藤、棕、草制品业,资本化研发投入最小值,千万元,0,12/9/2025 10:33:54,16/9/2025 09:56:26,2022
4040,47,木材加工和木、竹、藤、棕、草制品业,资本化研发投入中位数,十万元,0,12/9/2025 10:33:55,16/9/2025 09:56:26,2022
4041,48,居民服务、修理和其他服务业,资本化研发投入合计,十万元,12.488934299999999,12/9/2025 10:33:55,16/9/2025 09:56:26,2022
4042,48,居民服务、修理和其他服务业,资本化研发投入均值,万元,124.889343,12/9/2025 10:33:55,16/9/2025 09:56:27,2022
4043,48,居民服务、修理和其他服务业,资本化研发投入最大值,千万元,0.124889343,12/9/2025 10:33:55,16/9/2025 09:56:27,2022
4044,48,居民服务、修理和其他服务业,资本化研发投入最小值,万元,124.889343,12/9/2025 10:33:55,16/9/2025 09:56:27,2022
4045,48,居民服务、修理和其他服务业,资本化研发投入中位数,元,1248893.43,12/9/2025 10:33:55,16/9/2025 09:56:27,2022
4046,0,全行业,资本化研发投入合计,十万元,1885159.5792627,12/9/2025 10:33:55,5/11/2025 08:56:03,2022
4047,0,全行业,资本化研发投入均值,百万元,173.10923592862298,12/9/2025 10:33:55,5/11/2025 08:56:03,2022
4048,0,全行业,资本化研发投入最大值,十万元,97370.04196,12/9/2025 10:33:55,5/11/2025 08:56:03,2022
4049,0,全行业,资本化研发投入最小值,十万元,-13.9089162,12/9/2025 10:33:55,5/11/2025 08:56:03,2022
4050,0,全行业,资本化研发投入中位数,十万元,226.2246562,12/9/2025 10:33:55,5/11/2025 08:56:03,2022
4051,1,医药制造业,资本化研发投入同比增减幅均值,%,229.31125,12/9/2025 10:33:56,16/9/2025 09:56:27,2022
4052,1,医药制造业,资本化研发投入同比增减幅最大值,%,23177.65,12/9/2025 10:33:56,16/9/2025 09:56:27,2022
4053,1,医药制造业,资本化研发投入同比增减幅最小值,%,-108,12/9/2025 10:33:56,16/9/2025 09:56:27,2022
4054,1,医药制造业,资本化研发投入同比增减幅中位数,%,-5.3,12/9/2025 10:33:56,16/9/2025 09:56:27,2022
4055,2,化学原料和化学制品制造业,资本化研发投入同比增减幅均值,%,99.0136538461539,12/9/2025 10:33:56,16/9/2025 09:56:28,2022
4056,2,化学原料和化学制品制造业,资本化研发投入同比增减幅最大值,%,3491.58,12/9/2025 10:33:56,16/9/2025 09:56:28,2022
4057,2,化学原料和化学制品制造业,资本化研发投入同比增减幅最小值,%,-107,12/9/2025 10:33:56,16/9/2025 09:56:28,2022
4058,2,化学原料和化学制品制造业,资本化研发投入同比增减幅中位数,%,-20.3,12/9/2025 10:33:56,16/9/2025 09:56:28,2022
4059,3,信息传输、软件和信息技术服务业,资本化研发投入同比增减幅均值,%,44.3449689440994,12/9/2025 10:33:57,16/9/2025 09:56:28,2022
4060,3,信息传输、软件和信息技术服务业,资本化研发投入同比增减幅最大值,%,2829.46,12/9/2025 10:33:57,16/9/2025 09:56:29,2022
4061,3,信息传输、软件和信息技术服务业,资本化研发投入同比增减幅最小值,%,-109,12/9/2025 10:33:57,16/9/2025 09:56:29,2022
4062,3,信息传输、软件和信息技术服务业,资本化研发投入同比增减幅中位数,%,5.82,12/9/2025 10:33:57,16/9/2025 09:56:29,2022
4063,4,房地产业,资本化研发投入同比增减幅均值,%,16.9216666666667,12/9/2025 10:33:57,16/9/2025 09:56:29,2022
4064,4,房地产业,资本化研发投入同比增减幅最大值,%,97.59,12/9/2025 10:33:57,16/9/2025 09:56:29,2022
4065,4,房地产业,资本化研发投入同比增减幅最小值,%,-94.67,12/9/2025 10:33:57,16/9/2025 09:56:29,2022
4066,4,房地产业,资本化研发投入同比增减幅中位数,%,36.7,12/9/2025 10:33:57,16/9/2025 09:56:29,2022
4067,5,专用设备制造业,资本化研发投入同比增减幅均值,%,10.8698571428571,12/9/2025 10:33:57,16/9/2025 09:56:30,2022
4068,5,专用设备制造业,资本化研发投入同比增减幅最大值,%,1111.95,12/9/2025 10:33:57,16/9/2025 09:56:30,2022
4069,5,专用设备制造业,资本化研发投入同比增减幅最小值,%,-109,12/9/2025 10:33:57,16/9/2025 09:56:30,2022
4070,5,专用设备制造业,资本化研发投入同比增减幅中位数,%,-7.265,12/9/2025 10:33:57,16/9/2025 09:56:30,2022
4071,6,消费电子及电气业,资本化研发投入同比增减幅均值,%,43.5151282051282,12/9/2025 10:33:58,16/9/2025 09:56:30,2022
4072,6,消费电子及电气业,资本化研发投入同比增减幅最大值,%,654.79,12/9/2025 10:33:58,16/9/2025 09:56:30,2022
4073,6,消费电子及电气业,资本化研发投入同比增减幅最小值,%,-104,12/9/2025 10:33:58,16/9/2025 09:56:30,2022
4074,6,消费电子及电气业,资本化研发投入同比增减幅中位数,%,1,12/9/2025 10:33:58,16/9/2025 09:56:30,2022
4075,7,金融业,资本化研发投入同比增减幅均值,%,-5.207777778,12/9/2025 10:33:58,16/9/2025 09:56:30,2022
4076,7,金融业,资本化研发投入同比增减幅最大值,%,44.67,12/9/2025 10:33:58,16/9/2025 09:56:31,2022
4077,7,金融业,资本化研发投入同比增减幅最小值,%,-92.93,12/9/2025 10:33:58,16/9/2025 09:56:31,2022
4078,7,金融业,资本化研发投入同比增减幅中位数,%,2.14,12/9/2025 10:33:58,16/9/2025 09:56:31,2022
4079,8,商业电气机械和器材制造业,资本化研发投入同比增减幅均值,%,12.9831111111111,12/9/2025 10:33:58,16/9/2025 09:56:31,2022
4080,8,商业电气机械和器材制造业,资本化研发投入同比增减幅最大值,%,957.29,12/9/2025 10:33:59,16/9/2025 09:56:31,2022
4081,8,商业电气机械和器材制造业,资本化研发投入同比增减幅最小值,%,-106,12/9/2025 10:33:59,16/9/2025 09:56:31,2022
4082,8,商业电气机械和器材制造业,资本化研发投入同比增减幅中位数,%,-2.9,12/9/2025 10:33:59,16/9/2025 09:56:31,2022
4083,9,批发和零售业,资本化研发投入同比增减幅均值,%,30.4025714285714,12/9/2025 10:33:59,16/9/2025 09:56:31,2022
4084,9,批发和零售业,资本化研发投入同比增减幅最大值,%,460.43,12/9/2025 10:33:59,16/9/2025 09:56:31,2022
4085,9,批发和零售业,资本化研发投入同比增减幅最小值,%,-105,12/9/2025 10:33:59,16/9/2025 09:56:32,2022
4086,9,批发和零售业,资本化研发投入同比增减幅中位数,%,1.87,12/9/2025 10:33:59,16/9/2025 09:56:32,2022
4087,10,食品饮料业,资本化研发投入同比增减幅均值,%,2849.16384615385,12/9/2025 10:33:59,16/9/2025 09:56:32,2022
4088,10,食品饮料业,资本化研发投入同比增减幅最大值,%,36712.14,12/9/2025 10:33:59,16/9/2025 09:56:32,2022
4089,10,食品饮料业,资本化研发投入同比增减幅最小值,%,-75.11,12/9/2025 10:33:59,16/9/2025 09:56:32,2022
4090,10,食品饮料业,资本化研发投入同比增减幅中位数,%,6.96,12/9/2025 10:33:59,16/9/2025 09:56:32,2022
4095,12,汽车制造业,资本化研发投入同比增减幅均值,%,636.277804878049,12/9/2025 10:34:00,16/9/2025 09:56:33,2022
4096,12,汽车制造业,资本化研发投入同比增减幅最大值,%,25075.11,12/9/2025 10:34:00,16/9/2025 09:56:34,2022
4097,12,汽车制造业,资本化研发投入同比增减幅最小值,%,-108,12/9/2025 10:34:00,16/9/2025 09:56:34,2022
4098,12,汽车制造业,资本化研发投入同比增减幅中位数,%,13.52,12/9/2025 10:34:00,16/9/2025 09:56:34,2022
4099,13,电力、热力、燃气及水生产和供应业,资本化研发投入同比增减幅均值,%,103.191212121212,12/9/2025 10:34:01,16/9/2025 09:56:34,2022
4100,13,电力、热力、燃气及水生产和供应业,资本化研发投入同比增减幅最大值,%,3135.53,12/9/2025 10:34:01,16/9/2025 09:56:34,2022
4101,13,电力、热力、燃气及水生产和供应业,资本化研发投入同比增减幅最小值,%,-108,12/9/2025 10:34:01,16/9/2025 09:56:34,2022
4102,13,电力、热力、燃气及水生产和供应业,资本化研发投入同比增减幅中位数,%,1.52,12/9/2025 10:34:01,16/9/2025 09:56:34,2022
4103,14,采矿业,资本化研发投入同比增减幅均值,%,-0.5675,12/9/2025 10:34:01,16/9/2025 09:56:35,2022
4104,14,采矿业,资本化研发投入同比增减幅最大值,%,117.58,12/9/2025 10:34:01,16/9/2025 09:56:35,2022
4105,14,采矿业,资本化研发投入同比增减幅最小值,%,-106,12/9/2025 10:34:01,16/9/2025 09:56:35,2022
4106,14,采矿业,资本化研发投入同比增减幅中位数,%,4.02,12/9/2025 10:34:01,16/9/2025 09:56:35,2022
4107,15,纺织鞋服业,资本化研发投入同比增减幅均值,%,-61.9375,12/9/2025 10:34:01,16/9/2025 09:56:36,2022
4108,15,纺织鞋服业,资本化研发投入同比增减幅最大值,%,10.06,12/9/2025 10:34:01,16/9/2025 09:56:36,2022
4109,15,纺织鞋服业,资本化研发投入同比增减幅最小值,%,-107,12/9/2025 10:34:02,16/9/2025 09:56:36,2022
4110,15,纺织鞋服业,资本化研发投入同比增减幅中位数,%,-75.405,12/9/2025 10:34:02,16/9/2025 09:56:36,2022
4111,16,建筑业,资本化研发投入同比增减幅均值,%,-33.96176471,12/9/2025 10:34:02,16/9/2025 09:56:37,2022
4112,16,建筑业,资本化研发投入同比增减幅最大值,%,104.33,12/9/2025 10:34:02,16/9/2025 09:56:37,2022
4113,16,建筑业,资本化研发投入同比增减幅最小值,%,-104,12/9/2025 10:34:02,16/9/2025 09:56:37,2022
4114,16,建筑业,资本化研发投入同比增减幅中位数,%,-41.43,12/9/2025 10:34:02,16/9/2025 09:56:37,2022
4115,17,交通运输、仓储和邮政业,资本化研发投入同比增减幅均值,%,10.084,12/9/2025 10:34:02,16/9/2025 09:56:37,2022
4116,17,交通运输、仓储和邮政业,资本化研发投入同比增减幅最大值,%,1318.41,12/9/2025 10:34:02,16/9/2025 09:56:37,2022
4117,17,交通运输、仓储和邮政业,资本化研发投入同比增减幅最小值,%,-103,12/9/2025 10:34:02,16/9/2025 09:56:37,2022
4118,17,交通运输、仓储和邮政业,资本化研发投入同比增减幅中位数,%,-20.22,12/9/2025 10:34:02,16/9/2025 09:56:37,2022
4119,18,通用设备制造业,资本化研发投入同比增减幅均值,%,1.81088235294118,12/9/2025 10:34:03,16/9/2025 09:56:38,2022
4120,18,通用设备制造业,资本化研发投入同比增减幅最大值,%,462.34,12/9/2025 10:34:03,16/9/2025 09:56:38,2022
4121,18,通用设备制造业,资本化研发投入同比增减幅最小值,%,-105,12/9/2025 10:34:03,16/9/2025 09:56:38,2022
4122,18,通用设备制造业,资本化研发投入同比增减幅中位数,%,-14,12/9/2025 10:34:03,16/9/2025 09:56:38,2022
4123,19,半导体业,资本化研发投入同比增减幅均值,%,-1.891666667,12/9/2025 10:34:04,16/9/2025 09:56:38,2022
4124,19,半导体业,资本化研发投入同比增减幅最大值,%,124.42,12/9/2025 10:34:04,16/9/2025 09:56:38,2022
4125,19,半导体业,资本化研发投入同比增减幅最小值,%,-106,12/9/2025 10:34:04,16/9/2025 09:56:38,2022
4126,19,半导体业,资本化研发投入同比增减幅中位数,%,-0.78,12/9/2025 10:34:04,16/9/2025 09:56:38,2022
4127,20,租赁和商务服务业,资本化研发投入同比增减幅均值,%,721.919333333333,12/9/2025 10:34:04,16/9/2025 09:56:38,2022
4128,20,租赁和商务服务业,资本化研发投入同比增减幅最大值,%,10251.79,12/9/2025 10:34:04,16/9/2025 09:56:38,2022
4129,20,租赁和商务服务业,资本化研发投入同比增减幅最小值,%,-108,12/9/2025 10:34:04,16/9/2025 09:56:38,2022
4130,20,租赁和商务服务业,资本化研发投入同比增减幅中位数,%,11.68,12/9/2025 10:34:04,16/9/2025 09:56:39,2022
4131,21,通信传输设备业,资本化研发投入同比增减幅均值,%,5.64764705882353,12/9/2025 10:34:05,16/9/2025 09:56:39,2022
4132,21,通信传输设备业,资本化研发投入同比增减幅最大值,%,289.93,12/9/2025 10:34:05,16/9/2025 09:56:39,2022
4133,21,通信传输设备业,资本化研发投入同比增减幅最小值,%,-108,12/9/2025 10:34:05,16/9/2025 09:56:39,2022
4134,21,通信传输设备业,资本化研发投入同比增减幅中位数,%,3.615,12/9/2025 10:34:05,16/9/2025 09:56:39,2022
4135,22,非金属矿物制品业,资本化研发投入同比增减幅均值,%,53.755625,12/9/2025 10:34:05,16/9/2025 09:56:39,2022
4136,22,非金属矿物制品业,资本化研发投入同比增减幅最大值,%,316.94,12/9/2025 10:34:06,16/9/2025 09:56:39,2022
4137,22,非金属矿物制品业,资本化研发投入同比增减幅最小值,%,-107,12/9/2025 10:34:06,16/9/2025 09:56:39,2022
4138,22,非金属矿物制品业,资本化研发投入同比增减幅中位数,%,22.67,12/9/2025 10:34:06,16/9/2025 09:56:39,2022
4139,23,橡胶和塑料制品业,资本化研发投入同比增减幅均值,%,42.654,12/9/2025 10:34:06,16/9/2025 09:56:40,2022
4140,23,橡胶和塑料制品业,资本化研发投入同比增减幅最大值,%,147.51,12/9/2025 10:34:06,16/9/2025 09:56:40,2022
4141,23,橡胶和塑料制品业,资本化研发投入同比增减幅最小值,%,-24.7,12/9/2025 10:34:06,16/9/2025 09:56:40,2022
4142,23,橡胶和塑料制品业,资本化研发投入同比增减幅中位数,%,-2.81,12/9/2025 10:34:06,16/9/2025 09:56:40,2022
4143,24,综合,资本化研发投入同比增减幅均值,%,15.8933333333333,12/9/2025 10:34:07,16/9/2025 09:56:40,2022
4144,24,综合,资本化研发投入同比增减幅最大值,%,161.2,12/9/2025 10:34:07,16/9/2025 09:56:40,2022
4145,24,综合,资本化研发投入同比增减幅最小值,%,-78.18,12/9/2025 10:34:07,16/9/2025 09:56:40,2022
4146,24,综合,资本化研发投入同比增减幅中位数,%,-35.34,12/9/2025 10:34:07,16/9/2025 09:56:40,2022
4147,25,其他制造业,资本化研发投入同比增减幅均值,%,82.8166666666667,12/9/2025 10:34:07,16/9/2025 09:56:41,2022
4148,25,其他制造业,资本化研发投入同比增减幅最大值,%,769.25,12/9/2025 10:34:07,16/9/2025 09:56:41,2022
4149,25,其他制造业,资本化研发投入同比增减幅最小值,%,-102,12/9/2025 10:34:07,16/9/2025 09:56:41,2022
4150,25,其他制造业,资本化研发投入同比增减幅中位数,%,-20,12/9/2025 10:34:07,16/9/2025 09:56:41,2022
4151,26,金属制品业,资本化研发投入同比增减幅均值,%,-32.16285714,12/9/2025 10:34:07,16/9/2025 09:56:42,2022
4152,26,金属制品业,资本化研发投入同比增减幅最大值,%,53.1,12/9/2025 10:34:07,16/9/2025 09:56:42,2022
4153,26,金属制品业,资本化研发投入同比增减幅最小值,%,-107,12/9/2025 10:34:07,16/9/2025 09:56:42,2022
4154,26,金属制品业,资本化研发投入同比增减幅中位数,%,-56.51,12/9/2025 10:34:08,16/9/2025 09:56:42,2022
4155,27,铁路、船舶、航空航天和其他运输设备制造业,资本化研发投入同比增减幅均值,%,6.98193548387097,12/9/2025 10:34:08,16/9/2025 09:56:42,2022
4156,27,铁路、船舶、航空航天和其他运输设备制造业,资本化研发投入同比增减幅最大值,%,195.87,12/9/2025 10:34:08,16/9/2025 09:56:42,2022
4157,27,铁路、船舶、航空航天和其他运输设备制造业,资本化研发投入同比增减幅最小值,%,-103,12/9/2025 10:34:08,16/9/2025 09:56:42,2022
4158,27,铁路、船舶、航空航天和其他运输设备制造业,资本化研发投入同比增减幅中位数,%,0.91,12/9/2025 10:34:08,16/9/2025 09:56:42,2022
4159,28,水利、环境和公共设施管理业,资本化研发投入同比增减幅均值,%,55.4575,12/9/2025 10:34:08,16/9/2025 09:56:43,2022
4160,28,水利、环境和公共设施管理业,资本化研发投入同比增减幅最大值,%,287.26,12/9/2025 10:34:08,16/9/2025 09:56:43,2022
4161,28,水利、环境和公共设施管理业,资本化研发投入同比增减幅最小值,%,-105,12/9/2025 10:34:08,16/9/2025 09:56:43,2022
4162,28,水利、环境和公共设施管理业,资本化研发投入同比增减幅中位数,%,27.4,12/9/2025 10:34:08,16/9/2025 09:56:43,2022
4163,29,金属冶炼和压延加工业,资本化研发投入同比增减幅均值,%,23.1244444444444,12/9/2025 10:34:09,16/9/2025 09:56:43,2022
4164,29,金属冶炼和压延加工业,资本化研发投入同比增减幅最大值,%,405.64,12/9/2025 10:34:09,16/9/2025 09:56:43,2022
4165,29,金属冶炼和压延加工业,资本化研发投入同比增减幅最小值,%,-107,12/9/2025 10:34:09,16/9/2025 09:56:43,2022
4166,29,金属冶炼和压延加工业,资本化研发投入同比增减幅中位数,%,-17.085,12/9/2025 10:34:09,16/9/2025 09:56:43,2022
4167,30,科学研究和技术服务业,资本化研发投入同比增减幅均值,%,134.707222222222,12/9/2025 10:34:09,16/9/2025 09:56:43,2022
4168,30,科学研究和技术服务业,资本化研发投入同比增减幅最大值,%,1371.79,12/9/2025 10:34:10,16/9/2025 09:56:43,2022
4169,30,科学研究和技术服务业,资本化研发投入同比增减幅最小值,%,-106.38,12/9/2025 10:34:10,16/9/2025 09:56:43,2022
4170,30,科学研究和技术服务业,资本化研发投入同比增减幅中位数,%,55.335,12/9/2025 10:34:10,16/9/2025 09:56:43,2022
4171,31,教育,资本化研发投入同比增减幅均值,%,-45.17333333,12/9/2025 10:34:10,16/9/2025 09:56:44,2022
4172,31,教育,资本化研发投入同比增减幅最大值,%,5.43,12/9/2025 10:34:10,16/9/2025 09:56:44,2022
4173,31,教育,资本化研发投入同比增减幅最小值,%,-105,12/9/2025 10:34:10,16/9/2025 09:56:44,2022
4174,31,教育,资本化研发投入同比增减幅中位数,%,-35.95,12/9/2025 10:34:10,16/9/2025 09:56:44,2022
4175,32,仪器仪表制造业,资本化研发投入同比增减幅均值,%,32.465,12/9/2025 10:34:11,16/9/2025 09:56:44,2022
4176,32,仪器仪表制造业,资本化研发投入同比增减幅最大值,%,410.61,12/9/2025 10:34:11,16/9/2025 09:56:44,2022
4177,32,仪器仪表制造业,资本化研发投入同比增减幅最小值,%,-109,12/9/2025 10:34:11,16/9/2025 09:56:44,2022
4178,32,仪器仪表制造业,资本化研发投入同比增减幅中位数,%,-10.33,12/9/2025 10:34:11,16/9/2025 09:56:44,2022
4179,33,文化、体育和娱乐业,资本化研发投入同比增减幅均值,%,1581.62615384615,12/9/2025 10:34:11,16/9/2025 09:56:44,2022
4180,33,文化、体育和娱乐业,资本化研发投入同比增减幅最大值,%,19079.86,12/9/2025 10:34:12,16/9/2025 09:56:44,2022
4181,33,文化、体育和娱乐业,资本化研发投入同比增减幅最小值,%,-103,12/9/2025 10:34:12,16/9/2025 09:56:44,2022
4182,33,文化、体育和娱乐业,资本化研发投入同比增减幅中位数,%,-0.99,12/9/2025 10:34:12,16/9/2025 09:56:44,2022
4183,34,农、林、牧、渔业,资本化研发投入同比增减幅均值,%,-5.35,12/9/2025 10:34:12,16/9/2025 09:56:45,2022
4184,34,农、林、牧、渔业,资本化研发投入同比增减幅最大值,%,133.75,12/9/2025 10:34:12,16/9/2025 09:56:45,2022
4185,34,农、林、牧、渔业,资本化研发投入同比增减幅最小值,%,-102,12/9/2025 10:34:12,16/9/2025 09:56:45,2022
4186,34,农、林、牧、渔业,资本化研发投入同比增减幅中位数,%,-15.925,12/9/2025 10:34:12,16/9/2025 09:56:45,2022
4187,35,卫生和社会工作,资本化研发投入同比增减幅均值,%,-17.47,12/9/2025 10:34:13,16/9/2025 09:56:45,2022
4188,35,卫生和社会工作,资本化研发投入同比增减幅最大值,%,3.3,12/9/2025 10:34:13,16/9/2025 09:56:45,2022
4189,35,卫生和社会工作,资本化研发投入同比增减幅最小值,%,-38.24,12/9/2025 10:34:13,16/9/2025 09:56:45,2022
4190,35,卫生和社会工作,资本化研发投入同比增减幅中位数,%,-17.47,12/9/2025 10:34:13,16/9/2025 09:56:45,2022
4191,36,造纸和纸制品业,资本化研发投入同比增减幅均值,%,-91.86,12/9/2025 10:34:14,16/9/2025 09:56:45,2022
4192,36,造纸和纸制品业,资本化研发投入同比增减幅最大值,%,-91.86,12/9/2025 10:34:14,16/9/2025 09:56:45,2022
4193,36,造纸和纸制品业,资本化研发投入同比增减幅最小值,%,-91.86,12/9/2025 10:34:14,16/9/2025 09:56:45,2022
4194,36,造纸和纸制品业,资本化研发投入同比增减幅中位数,%,-91.86,12/9/2025 10:34:14,16/9/2025 09:56:46,2022
4195,37,住宿和餐饮业,资本化研发投入同比增减幅均值,%,4361.76,12/9/2025 10:34:15,16/9/2025 09:56:46,2022
4196,37,住宿和餐饮业,资本化研发投入同比增减幅最大值,%,4361.76,12/9/2025 10:34:15,16/9/2025 09:56:46,2022
4197,37,住宿和餐饮业,资本化研发投入同比增减幅最小值,%,4361.76,12/9/2025 10:34:15,16/9/2025 09:56:46,2022
4198,37,住宿和餐饮业,资本化研发投入同比增减幅中位数,%,4361.76,12/9/2025 10:34:15,16/9/2025 09:56:46,2022
4199,38,家具制造业,资本化研发投入同比增减幅均值,%,43,12/9/2025 10:34:15,16/9/2025 09:56:46,2022
4200,38,家具制造业,资本化研发投入同比增减幅最大值,%,191.38,12/9/2025 10:34:15,16/9/2025 09:56:46,2022
4201,38,家具制造业,资本化研发投入同比增减幅最小值,%,-33.18,12/9/2025 10:34:15,16/9/2025 09:56:46,2022
4202,38,家具制造业,资本化研发投入同比增减幅中位数,%,-29.2,12/9/2025 10:34:16,16/9/2025 09:56:46,2022
4203,39,印刷和记录媒介复制业,资本化研发投入同比增减幅均值,%,167.71,12/9/2025 10:34:16,16/9/2025 09:56:47,2022
4204,39,印刷和记录媒介复制业,资本化研发投入同比增减幅最大值,%,653.28,12/9/2025 10:34:16,16/9/2025 09:56:47,2022
4205,39,印刷和记录媒介复制业,资本化研发投入同比增减幅最小值,%,-106,12/9/2025 10:34:16,16/9/2025 09:56:47,2022
4206,39,印刷和记录媒介复制业,资本化研发投入同比增减幅中位数,%,-44.15,12/9/2025 10:34:16,16/9/2025 09:56:47,2022
4207,41,文教、工美、体育和娱乐用品制造业,资本化研发投入同比增减幅均值,%,32.5933333333333,12/9/2025 10:34:17,16/9/2025 09:56:47,2022
4208,41,文教、工美、体育和娱乐用品制造业,资本化研发投入同比增减幅最大值,%,139.86,12/9/2025 10:34:17,16/9/2025 09:56:47,2022
4209,41,文教、工美、体育和娱乐用品制造业,资本化研发投入同比增减幅最小值,%,-24.74,12/9/2025 10:34:17,16/9/2025 09:56:47,2022
4210,41,文教、工美、体育和娱乐用品制造业,资本化研发投入同比增减幅中位数,%,-17.34,12/9/2025 10:34:17,16/9/2025 09:56:47,2022
4215,43,化学纤维制造业,资本化研发投入同比增减幅均值,%,35.4525,12/9/2025 10:34:18,16/9/2025 09:56:48,2022
4216,43,化学纤维制造业,资本化研发投入同比增减幅最大值,%,350.79,12/9/2025 10:34:18,16/9/2025 09:56:48,2022
4217,43,化学纤维制造业,资本化研发投入同比增减幅最小值,%,-101,12/9/2025 10:34:18,16/9/2025 09:56:48,2022
4218,43,化学纤维制造业,资本化研发投入同比增减幅中位数,%,-53.99,12/9/2025 10:34:19,16/9/2025 09:56:48,2022
4223,45,石油加工、炼焦和核燃料加工业,资本化研发投入同比增减幅均值,%,0,12/9/2025 10:34:20,16/9/2025 09:56:49,2022
4224,45,石油加工、炼焦和核燃料加工业,资本化研发投入同比增减幅最大值,%,0,12/9/2025 10:34:20,16/9/2025 09:56:49,2022
4225,45,石油加工、炼焦和核燃料加工业,资本化研发投入同比增减幅最小值,%,0,12/9/2025 10:34:20,16/9/2025 09:56:49,2022
4226,45,石油加工、炼焦和核燃料加工业,资本化研发投入同比增减幅中位数,%,0,12/9/2025 10:34:20,16/9/2025 09:56:49,2022
4227,46,废弃资源综合利用业,资本化研发投入同比增减幅均值,%,35.2325,12/9/2025 10:34:20,16/9/2025 09:56:49,2022
4228,46,废弃资源综合利用业,资本化研发投入同比增减幅最大值,%,126.9,12/9/2025 10:34:20,16/9/2025 09:56:49,2022
4229,46,废弃资源综合利用业,资本化研发投入同比增减幅最小值,%,-43.22,12/9/2025 10:34:20,16/9/2025 09:56:49,2022
4230,46,废弃资源综合利用业,资本化研发投入同比增减幅中位数,%,28.625,12/9/2025 10:34:20,16/9/2025 09:56:49,2022
4231,47,木材加工和木、竹、藤、棕、草制品业,资本化研发投入同比增减幅均值,%,0,12/9/2025 10:34:21,16/9/2025 09:56:49,2022
4232,47,木材加工和木、竹、藤、棕、草制品业,资本化研发投入同比增减幅最大值,%,0,12/9/2025 10:34:21,16/9/2025 09:56:49,2022
4233,47,木材加工和木、竹、藤、棕、草制品业,资本化研发投入同比增减幅最小值,%,0,12/9/2025 10:34:21,16/9/2025 09:56:49,2022
4234,47,木材加工和木、竹、藤、棕、草制品业,资本化研发投入同比增减幅中位数,%,0,12/9/2025 10:34:21,16/9/2025 09:56:49,2022
4235,48,居民服务、修理和其他服务业,资本化研发投入同比增减幅均值,%,0,12/9/2025 10:34:21,16/9/2025 09:56:50,2022
4236,48,居民服务、修理和其他服务业,资本化研发投入同比增减幅最大值,%,0,12/9/2025 10:34:21,16/9/2025 09:56:50,2022
4237,48,居民服务、修理和其他服务业,资本化研发投入同比增减幅最小值,%,0,12/9/2025 10:34:22,16/9/2025 09:56:50,2022
4238,48,居民服务、修理和其他服务业,资本化研发投入同比增减幅中位数,%,0,12/9/2025 10:34:22,16/9/2025 09:56:50,2022
4239,0,全行业,资本化研发投入同比增减幅均值,%,158.220910871694,12/9/2025 10:34:22,5/11/2025 08:56:03,2022
4240,0,全行业,资本化研发投入同比增减幅最大值,%,36712.14,12/9/2025 10:34:22,5/11/2025 08:56:03,2022
4241,0,全行业,资本化研发投入同比增减幅最小值,%,-109,12/9/2025 10:34:22,5/11/2025 08:56:03,2022
4242,0,全行业,资本化研发投入同比增减幅中位数,%,-0.99,12/9/2025 10:34:22,5/11/2025 08:56:03,2022
4243,1,医药制造业,研发人员数量合计,人,165745,12/9/2025 10:34:23,16/9/2025 09:56:50,2022
4244,1,医药制造业,研发人员数量均值,人,430.506493506493,12/9/2025 10:34:23,16/9/2025 09:56:50,2022
4245,1,医药制造业,研发人员数量最大值,人,5017,12/9/2025 10:34:23,16/9/2025 09:56:50,2022
4246,1,医药制造业,研发人员数量最小值,人,6,12/9/2025 10:34:23,16/9/2025 09:56:50,2022
4247,1,医药制造业,研发人员数量中位数,人,240,12/9/2025 10:34:23,16/9/2025 09:56:50,2022
4248,2,化学原料和化学制品制造业,研发人员数量合计,人,97888,12/9/2025 10:34:24,16/9/2025 09:56:51,2022
4249,2,化学原料和化学制品制造业,研发人员数量均值,人,298.439024390244,12/9/2025 10:34:24,16/9/2025 09:56:51,2022
4250,2,化学原料和化学制品制造业,研发人员数量最大值,人,3283,12/9/2025 10:34:24,16/9/2025 09:56:51,2022
4251,2,化学原料和化学制品制造业,研发人员数量最小值,人,2,12/9/2025 10:34:24,16/9/2025 09:56:51,2022
4252,2,化学原料和化学制品制造业,研发人员数量中位数,人,172.5,12/9/2025 10:34:24,16/9/2025 09:56:51,2022
4253,3,信息传输、软件和信息技术服务业,研发人员数量合计,人,658591,12/9/2025 10:34:24,16/9/2025 09:56:51,2022
4254,3,信息传输、软件和信息技术服务业,研发人员数量均值,人,1266.52115384615,12/9/2025 10:34:24,16/9/2025 09:56:51,2022
4255,3,信息传输、软件和信息技术服务业,研发人员数量最大值,人,39771,12/9/2025 10:34:24,16/9/2025 09:56:51,2022
4256,3,信息传输、软件和信息技术服务业,研发人员数量最小值,人,5,12/9/2025 10:34:25,16/9/2025 09:56:51,2022
4257,3,信息传输、软件和信息技术服务业,研发人员数量中位数,人,398,12/9/2025 10:34:25,16/9/2025 09:56:52,2022
4258,4,房地产业,研发人员数量合计,人,9725,12/9/2025 10:34:25,16/9/2025 09:56:52,2022
4259,4,房地产业,研发人员数量均值,人,231.547619047619,12/9/2025 10:34:25,16/9/2025 09:56:52,2022
4260,4,房地产业,研发人员数量最大值,人,1908,12/9/2025 10:34:25,16/9/2025 09:56:52,2022
4261,4,房地产业,研发人员数量最小值,人,7,12/9/2025 10:34:25,16/9/2025 09:56:52,2022
4262,4,房地产业,研发人员数量中位数,人,87,12/9/2025 10:34:25,16/9/2025 09:56:52,2022
4263,5,专用设备制造业,研发人员数量合计,人,191095,12/9/2025 10:34:26,16/9/2025 09:56:53,2022
4264,5,专用设备制造业,研发人员数量均值,人,487.487244897959,12/9/2025 10:34:26,16/9/2025 09:56:53,2022
4265,5,专用设备制造业,研发人员数量最大值,人,7518,12/9/2025 10:34:26,16/9/2025 09:56:53,2022
4266,5,专用设备制造业,研发人员数量最小值,人,3,12/9/2025 10:34:26,16/9/2025 09:56:53,2022
4267,5,专用设备制造业,研发人员数量中位数,人,213.5,12/9/2025 10:34:26,16/9/2025 09:56:53,2022
4268,6,消费电子及电气业,研发人员数量合计,人,433551,12/9/2025 10:34:26,16/9/2025 09:56:53,2022
4269,6,消费电子及电气业,研发人员数量均值,人,1416.83333333333,12/9/2025 10:34:26,16/9/2025 09:56:53,2022
4270,6,消费电子及电气业,研发人员数量最大值,人,31619,12/9/2025 10:34:26,16/9/2025 09:56:53,2022
4271,6,消费电子及电气业,研发人员数量最小值,人,4,12/9/2025 10:34:26,16/9/2025 09:56:53,2022
4272,6,消费电子及电气业,研发人员数量中位数,人,306,12/9/2025 10:34:26,16/9/2025 09:56:53,2022
4273,7,金融业,研发人员数量合计,人,36894,12/9/2025 10:34:27,16/9/2025 09:56:54,2022
4274,7,金融业,研发人员数量均值,人,683.222222222222,12/9/2025 10:34:27,16/9/2025 09:56:54,2022
4275,7,金融业,研发人员数量最大值,人,10822,12/9/2025 10:34:27,16/9/2025 09:56:54,2022
4276,7,金融业,研发人员数量最小值,人,5,12/9/2025 10:34:27,16/9/2025 09:56:54,2022
4277,7,金融业,研发人员数量中位数,人,242,12/9/2025 10:34:27,16/9/2025 09:56:54,2022
4278,8,商业电气机械和器材制造业,研发人员数量合计,人,169729,12/9/2025 10:34:27,16/9/2025 09:56:54,2022
4279,8,商业电气机械和器材制造业,研发人员数量均值,人,608.347670250896,12/9/2025 10:34:27,16/9/2025 09:56:54,2022
4280,8,商业电气机械和器材制造业,研发人员数量最大值,人,16303,12/9/2025 10:34:27,16/9/2025 09:56:54,2022
4281,8,商业电气机械和器材制造业,研发人员数量最小值,人,9,12/9/2025 10:34:27,16/9/2025 09:56:54,2022
4282,8,商业电气机械和器材制造业,研发人员数量中位数,人,265,12/9/2025 10:34:27,16/9/2025 09:56:54,2022
4283,9,批发和零售业,研发人员数量合计,人,30018,12/9/2025 10:34:28,16/9/2025 09:56:55,2022
4284,9,批发和零售业,研发人员数量均值,人,238.238095238095,12/9/2025 10:34:28,16/9/2025 09:56:55,2022
4285,9,批发和零售业,研发人员数量最大值,人,1868,12/9/2025 10:34:28,16/9/2025 09:56:55,2022
4286,9,批发和零售业,研发人员数量最小值,人,2,12/9/2025 10:34:28,16/9/2025 09:56:55,2022
4287,9,批发和零售业,研发人员数量中位数,人,112.5,12/9/2025 10:34:28,16/9/2025 09:56:55,2022
4288,10,食品饮料业,研发人员数量合计,人,44225,12/9/2025 10:34:28,16/9/2025 09:56:55,2022
4289,10,食品饮料业,研发人员数量均值,人,241.666666666667,12/9/2025 10:34:28,16/9/2025 09:56:55,2022
4290,10,食品饮料业,研发人员数量最大值,人,3386,12/9/2025 10:34:28,16/9/2025 09:56:56,2022
4291,10,食品饮料业,研发人员数量最小值,人,3,12/9/2025 10:34:28,16/9/2025 09:56:56,2022
4292,10,食品饮料业,研发人员数量中位数,人,112,12/9/2025 10:34:28,16/9/2025 09:56:56,2022
4298,12,汽车制造业,研发人员数量合计,人,388739,12/9/2025 10:34:29,16/9/2025 09:56:57,2022
4299,12,汽车制造业,研发人员数量均值,人,1868.9375,12/9/2025 10:34:29,16/9/2025 09:56:57,2022
4300,12,汽车制造业,研发人员数量最大值,人,69609,12/9/2025 10:34:29,16/9/2025 09:56:57,2022
4301,12,汽车制造业,研发人员数量最小值,人,18,12/9/2025 10:34:29,16/9/2025 09:56:57,2022
4302,12,汽车制造业,研发人员数量中位数,人,399.5,12/9/2025 10:34:29,16/9/2025 09:56:57,2022
4303,13,电力、热力、燃气及水生产和供应业,研发人员数量合计,人,49696,12/9/2025 10:34:29,16/9/2025 09:56:58,2022
4304,13,电力、热力、燃气及水生产和供应业,研发人员数量均值,人,492.039603960396,12/9/2025 10:34:29,16/9/2025 09:56:58,2022
4305,13,电力、热力、燃气及水生产和供应业,研发人员数量最大值,人,13028,12/9/2025 10:34:30,16/9/2025 09:56:58,2022
4306,13,电力、热力、燃气及水生产和供应业,研发人员数量最小值,人,1,12/9/2025 10:34:30,16/9/2025 09:56:58,2022
4307,13,电力、热力、燃气及水生产和供应业,研发人员数量中位数,人,102,12/9/2025 10:34:30,16/9/2025 09:56:58,2022
4308,14,采矿业,研发人员数量合计,人,118673,12/9/2025 10:34:30,16/9/2025 09:56:58,2022
4309,14,采矿业,研发人员数量均值,人,1521.44871794872,12/9/2025 10:34:30,16/9/2025 09:56:58,2022
4310,14,采矿业,研发人员数量最大值,人,13172,12/9/2025 10:34:30,16/9/2025 09:56:58,2022
4311,14,采矿业,研发人员数量最小值,人,4,12/9/2025 10:34:30,16/9/2025 09:56:58,2022
4312,14,采矿业,研发人员数量中位数,人,447,12/9/2025 10:34:30,16/9/2025 09:56:58,2022
4313,15,纺织鞋服业,研发人员数量合计,人,29918,12/9/2025 10:34:30,16/9/2025 09:56:59,2022
4314,15,纺织鞋服业,研发人员数量均值,人,299.18,12/9/2025 10:34:30,16/9/2025 09:56:59,2022
4315,15,纺织鞋服业,研发人员数量最大值,人,2826,12/9/2025 10:34:30,16/9/2025 09:56:59,2022
4316,15,纺织鞋服业,研发人员数量最小值,人,3,12/9/2025 10:34:30,16/9/2025 09:56:59,2022
4317,15,纺织鞋服业,研发人员数量中位数,人,205.5,12/9/2025 10:34:30,16/9/2025 09:56:59,2022
4318,16,建筑业,研发人员数量合计,人,286021,12/9/2025 10:34:31,16/9/2025 09:56:59,2022
4319,16,建筑业,研发人员数量均值,人,2698.31132075472,12/9/2025 10:34:31,16/9/2025 09:56:59,2022
4320,16,建筑业,研发人员数量最大值,人,35029,12/9/2025 10:34:31,16/9/2025 09:56:59,2022
4321,16,建筑业,研发人员数量最小值,人,4,12/9/2025 10:34:31,16/9/2025 09:56:59,2022
4322,16,建筑业,研发人员数量中位数,人,282.5,12/9/2025 10:34:31,16/9/2025 09:56:59,2022
4323,17,交通运输、仓储和邮政业,研发人员数量合计,人,39242,12/9/2025 10:34:31,16/9/2025 09:57:00,2022
4324,17,交通运输、仓储和邮政业,研发人员数量均值,人,451.057471264368,12/9/2025 10:34:31,16/9/2025 09:57:00,2022
4325,17,交通运输、仓储和邮政业,研发人员数量最大值,人,5656,12/9/2025 10:34:31,16/9/2025 09:57:00,2022
4326,17,交通运输、仓储和邮政业,研发人员数量最小值,人,3,12/9/2025 10:34:31,16/9/2025 09:57:00,2022
4327,17,交通运输、仓储和邮政业,研发人员数量中位数,人,139,12/9/2025 10:34:31,16/9/2025 09:57:00,2022
4328,18,通用设备制造业,研发人员数量合计,人,88982,12/9/2025 10:34:32,16/9/2025 09:57:00,2022
4329,18,通用设备制造业,研发人员数量均值,人,436.186274509804,12/9/2025 10:34:32,16/9/2025 09:57:00,2022
4330,18,通用设备制造业,研发人员数量最大值,人,5808,12/9/2025 10:34:32,16/9/2025 09:57:00,2022
4331,18,通用设备制造业,研发人员数量最小值,人,24,12/9/2025 10:34:32,16/9/2025 09:57:00,2022
4332,18,通用设备制造业,研发人员数量中位数,人,200,12/9/2025 10:34:32,16/9/2025 09:57:00,2022
4333,19,半导体业,研发人员数量合计,人,137893,12/9/2025 10:34:32,16/9/2025 09:57:01,2022
4334,19,半导体业,研发人员数量均值,人,872.740506329114,12/9/2025 10:34:32,16/9/2025 09:57:01,2022
4335,19,半导体业,研发人员数量最大值,人,21926,12/9/2025 10:34:32,16/9/2025 09:57:01,2022
4336,19,半导体业,研发人员数量最小值,人,31,12/9/2025 10:34:32,16/9/2025 09:57:01,2022
4337,19,半导体业,研发人员数量中位数,人,363,12/9/2025 10:34:32,16/9/2025 09:57:01,2022
4338,20,租赁和商务服务业,研发人员数量合计,人,7960,12/9/2025 10:34:33,16/9/2025 09:57:01,2022
4339,20,租赁和商务服务业,研发人员数量均值,人,132.666666666667,12/9/2025 10:34:33,16/9/2025 09:57:01,2022
4340,20,租赁和商务服务业,研发人员数量最大值,人,981,12/9/2025 10:34:33,16/9/2025 09:57:01,2022
4341,20,租赁和商务服务业,研发人员数量最小值,人,2,12/9/2025 10:34:33,16/9/2025 09:57:01,2022
4342,20,租赁和商务服务业,研发人员数量中位数,人,61,12/9/2025 10:34:33,16/9/2025 09:57:01,2022
4343,21,通信传输设备业,研发人员数量合计,人,269865,12/9/2025 10:34:33,16/9/2025 09:57:02,2022
4344,21,通信传输设备业,研发人员数量均值,人,2570.14285714286,12/9/2025 10:34:33,16/9/2025 09:57:02,2022
4345,21,通信传输设备业,研发人员数量最大值,人,114091,12/9/2025 10:34:33,16/9/2025 09:57:02,2022
4346,21,通信传输设备业,研发人员数量最小值,人,20,12/9/2025 10:34:33,16/9/2025 09:57:02,2022
4347,21,通信传输设备业,研发人员数量中位数,人,375,12/9/2025 10:34:33,16/9/2025 09:57:02,2022
4348,22,非金属矿物制品业,研发人员数量合计,人,65867,12/9/2025 10:34:33,16/9/2025 09:57:02,2022
4349,22,非金属矿物制品业,研发人员数量均值,人,652.148514851485,12/9/2025 10:34:33,16/9/2025 09:57:02,2022
4350,22,非金属矿物制品业,研发人员数量最大值,人,11458,12/9/2025 10:34:34,16/9/2025 09:57:02,2022
4351,22,非金属矿物制品业,研发人员数量最小值,人,20,12/9/2025 10:34:34,16/9/2025 09:57:02,2022
4352,22,非金属矿物制品业,研发人员数量中位数,人,229,12/9/2025 10:34:34,16/9/2025 09:57:02,2022
4353,23,橡胶和塑料制品业,研发人员数量合计,人,27407,12/9/2025 10:34:34,16/9/2025 09:57:03,2022
4354,23,橡胶和塑料制品业,研发人员数量均值,人,261.019047619048,12/9/2025 10:34:34,16/9/2025 09:57:03,2022
4355,23,橡胶和塑料制品业,研发人员数量最大值,人,3146,12/9/2025 10:34:34,16/9/2025 09:57:03,2022
4356,23,橡胶和塑料制品业,研发人员数量最小值,人,14,12/9/2025 10:34:34,16/9/2025 09:57:03,2022
4357,23,橡胶和塑料制品业,研发人员数量中位数,人,137,12/9/2025 10:34:34,16/9/2025 09:57:03,2022
4358,24,综合,研发人员数量合计,人,3725,12/9/2025 10:34:35,16/9/2025 09:57:03,2022
4359,24,综合,研发人员数量均值,人,372.5,12/9/2025 10:34:35,16/9/2025 09:57:03,2022
4360,24,综合,研发人员数量最大值,人,1550,12/9/2025 10:34:35,16/9/2025 09:57:03,2022
4361,24,综合,研发人员数量最小值,人,27,12/9/2025 10:34:35,16/9/2025 09:57:03,2022
4362,24,综合,研发人员数量中位数,人,165.5,12/9/2025 10:34:35,16/9/2025 09:57:03,2022
4363,25,其他制造业,研发人员数量合计,人,9578,12/9/2025 10:34:36,16/9/2025 09:57:04,2022
4364,25,其他制造业,研发人员数量均值,人,233.609756097561,12/9/2025 10:34:36,16/9/2025 09:57:04,2022
4365,25,其他制造业,研发人员数量最大值,人,1105,12/9/2025 10:34:36,16/9/2025 09:57:04,2022
4366,25,其他制造业,研发人员数量最小值,人,3,12/9/2025 10:34:36,16/9/2025 09:57:04,2022
4367,25,其他制造业,研发人员数量中位数,人,136,12/9/2025 10:34:36,16/9/2025 09:57:04,2022
4368,26,金属制品业,研发人员数量合计,人,41626,12/9/2025 10:34:36,16/9/2025 09:57:04,2022
4369,26,金属制品业,研发人员数量均值,人,400.25,12/9/2025 10:34:36,16/9/2025 09:57:04,2022
4370,26,金属制品业,研发人员数量最大值,人,4986,12/9/2025 10:34:36,16/9/2025 09:57:04,2022
4371,26,金属制品业,研发人员数量最小值,人,2,12/9/2025 10:34:36,16/9/2025 09:57:04,2022
4372,26,金属制品业,研发人员数量中位数,人,188,12/9/2025 10:34:36,16/9/2025 09:57:04,2022
4373,27,铁路、船舶、航空航天和其他运输设备制造业,研发人员数量合计,人,152065,12/9/2025 10:34:37,16/9/2025 09:57:05,2022
4374,27,铁路、船舶、航空航天和其他运输设备制造业,研发人员数量均值,人,1600.68421052632,12/9/2025 10:34:37,16/9/2025 09:57:05,2022
4375,27,铁路、船舶、航空航天和其他运输设备制造业,研发人员数量最大值,人,36371,12/9/2025 10:34:37,16/9/2025 09:57:05,2022
4376,27,铁路、船舶、航空航天和其他运输设备制造业,研发人员数量最小值,人,11,12/9/2025 10:34:37,16/9/2025 09:57:05,2022
4377,27,铁路、船舶、航空航天和其他运输设备制造业,研发人员数量中位数,人,267,12/9/2025 10:34:37,16/9/2025 09:57:05,2022
4378,28,水利、环境和公共设施管理业,研发人员数量合计,人,14955,12/9/2025 10:34:37,16/9/2025 09:57:05,2022
4379,28,水利、环境和公共设施管理业,研发人员数量均值,人,184.62962962963,12/9/2025 10:34:38,16/9/2025 09:57:05,2022
4380,28,水利、环境和公共设施管理业,研发人员数量最大值,人,1419,12/9/2025 10:34:38,16/9/2025 09:57:05,2022
4381,28,水利、环境和公共设施管理业,研发人员数量最小值,人,5,12/9/2025 10:34:38,16/9/2025 09:57:06,2022
4382,28,水利、环境和公共设施管理业,研发人员数量中位数,人,108,12/9/2025 10:34:38,16/9/2025 09:57:06,2022
4383,29,金属冶炼和压延加工业,研发人员数量合计,人,101102,12/9/2025 10:34:38,16/9/2025 09:57:06,2022
4384,29,金属冶炼和压延加工业,研发人员数量均值,人,864.119658119658,12/9/2025 10:34:38,16/9/2025 09:57:06,2022
4385,29,金属冶炼和压延加工业,研发人员数量最大值,人,8047,12/9/2025 10:34:38,16/9/2025 09:57:06,2022
4386,29,金属冶炼和压延加工业,研发人员数量最小值,人,15,12/9/2025 10:34:38,16/9/2025 09:57:06,2022
4387,29,金属冶炼和压延加工业,研发人员数量中位数,人,390,12/9/2025 10:34:38,16/9/2025 09:57:06,2022
4388,30,科学研究和技术服务业,研发人员数量合计,人,109365,12/9/2025 10:34:39,16/9/2025 09:57:07,2022
4389,30,科学研究和技术服务业,研发人员数量均值,人,951,12/9/2025 10:34:39,16/9/2025 09:57:07,2022
4390,30,科学研究和技术服务业,研发人员数量最大值,人,36666,12/9/2025 10:34:39,16/9/2025 09:57:07,2022
4391,30,科学研究和技术服务业,研发人员数量最小值,人,9,12/9/2025 10:34:39,16/9/2025 09:57:07,2022
4392,30,科学研究和技术服务业,研发人员数量中位数,人,226,12/9/2025 10:34:39,16/9/2025 09:57:07,2022
4393,31,教育,研发人员数量合计,人,5994,12/9/2025 10:34:39,16/9/2025 09:57:08,2022
4394,31,教育,研发人员数量均值,人,333,12/9/2025 10:34:39,16/9/2025 09:57:08,2022
4395,31,教育,研发人员数量最大值,人,1699,12/9/2025 10:34:39,16/9/2025 09:57:08,2022
4396,31,教育,研发人员数量最小值,人,27,12/9/2025 10:34:40,16/9/2025 09:57:08,2022
4397,31,教育,研发人员数量中位数,人,159,12/9/2025 10:34:40,16/9/2025 09:57:08,2022
4398,32,仪器仪表制造业,研发人员数量合计,人,27508,12/9/2025 10:34:40,16/9/2025 09:57:09,2022
4399,32,仪器仪表制造业,研发人员数量均值,人,319.860465116279,12/9/2025 10:34:40,16/9/2025 09:57:09,2022
4400,32,仪器仪表制造业,研发人员数量最大值,人,1729,12/9/2025 10:34:40,16/9/2025 09:57:09,2022
4401,32,仪器仪表制造业,研发人员数量最小值,人,23,12/9/2025 10:34:40,16/9/2025 09:57:09,2022
4402,32,仪器仪表制造业,研发人员数量中位数,人,201,12/9/2025 10:34:40,16/9/2025 09:57:09,2022
4403,33,文化、体育和娱乐业,研发人员数量合计,人,8265,12/9/2025 10:34:40,16/9/2025 09:57:09,2022
4404,33,文化、体育和娱乐业,研发人员数量均值,人,179.673913043478,12/9/2025 10:34:40,16/9/2025 09:57:09,2022
4405,33,文化、体育和娱乐业,研发人员数量最大值,人,1084,12/9/2025 10:34:41,16/9/2025 09:57:09,2022
4406,33,文化、体育和娱乐业,研发人员数量最小值,人,19,12/9/2025 10:34:41,16/9/2025 09:57:09,2022
4407,33,文化、体育和娱乐业,研发人员数量中位数,人,90.5,12/9/2025 10:34:41,16/9/2025 09:57:10,2022
4408,34,农、林、牧、渔业,研发人员数量合计,人,13139,12/9/2025 10:34:41,16/9/2025 09:57:10,2022
4409,34,农、林、牧、渔业,研发人员数量均值,人,312.833333333333,12/9/2025 10:34:41,16/9/2025 09:57:10,2022
4410,34,农、林、牧、渔业,研发人员数量最大值,人,6139,12/9/2025 10:34:41,16/9/2025 09:57:10,2022
4411,34,农、林、牧、渔业,研发人员数量最小值,人,4,12/9/2025 10:34:41,16/9/2025 09:57:10,2022
4412,34,农、林、牧、渔业,研发人员数量中位数,人,86,12/9/2025 10:34:41,16/9/2025 09:57:10,2022
4413,35,卫生和社会工作,研发人员数量合计,人,5228,12/9/2025 10:34:42,16/9/2025 09:57:10,2022
4414,35,卫生和社会工作,研发人员数量均值,人,435.666666666667,12/9/2025 10:34:42,16/9/2025 09:57:10,2022
4415,35,卫生和社会工作,研发人员数量最大值,人,1557,12/9/2025 10:34:42,16/9/2025 09:57:10,2022
4416,35,卫生和社会工作,研发人员数量最小值,人,7,12/9/2025 10:34:42,16/9/2025 09:57:10,2022
4417,35,卫生和社会工作,研发人员数量中位数,人,266.5,12/9/2025 10:34:42,16/9/2025 09:57:11,2022
4418,36,造纸和纸制品业,研发人员数量合计,人,16292,12/9/2025 10:34:42,16/9/2025 09:57:11,2022
4419,36,造纸和纸制品业,研发人员数量均值,人,417.74358974359,12/9/2025 10:34:42,16/9/2025 09:57:11,2022
4420,36,造纸和纸制品业,研发人员数量最大值,人,2461,12/9/2025 10:34:42,16/9/2025 09:57:11,2022
4421,36,造纸和纸制品业,研发人员数量最小值,人,28,12/9/2025 10:34:43,16/9/2025 09:57:11,2022
4422,36,造纸和纸制品业,研发人员数量中位数,人,206,12/9/2025 10:34:43,16/9/2025 09:57:11,2022
4423,37,住宿和餐饮业,研发人员数量合计,人,274,12/9/2025 10:34:43,16/9/2025 09:57:11,2022
4424,37,住宿和餐饮业,研发人员数量均值,人,54.8,12/9/2025 10:34:43,16/9/2025 09:57:11,2022
4425,37,住宿和餐饮业,研发人员数量最大值,人,108,12/9/2025 10:34:43,16/9/2025 09:57:11,2022
4426,37,住宿和餐饮业,研发人员数量最小值,人,14,12/9/2025 10:34:44,16/9/2025 09:57:11,2022
4427,37,住宿和餐饮业,研发人员数量中位数,人,61,12/9/2025 10:34:44,16/9/2025 09:57:11,2022
4428,38,家具制造业,研发人员数量合计,人,17222,12/9/2025 10:34:44,16/9/2025 09:57:12,2022
4429,38,家具制造业,研发人员数量均值,人,538.1875,12/9/2025 10:34:44,16/9/2025 09:57:12,2022
4430,38,家具制造业,研发人员数量最大值,人,3025,12/9/2025 10:34:44,16/9/2025 09:57:12,2022
4431,38,家具制造业,研发人员数量最小值,人,33,12/9/2025 10:34:44,16/9/2025 09:57:12,2022
4432,38,家具制造业,研发人员数量中位数,人,382,12/9/2025 10:34:44,16/9/2025 09:57:12,2022
4433,39,印刷和记录媒介复制业,研发人员数量合计,人,2530,12/9/2025 10:34:45,16/9/2025 09:57:12,2022
4434,39,印刷和记录媒介复制业,研发人员数量均值,人,168.666666666667,12/9/2025 10:34:45,16/9/2025 09:57:12,2022
4435,39,印刷和记录媒介复制业,研发人员数量最大值,人,516,12/9/2025 10:34:45,16/9/2025 09:57:13,2022
4436,39,印刷和记录媒介复制业,研发人员数量最小值,人,24,12/9/2025 10:34:45,16/9/2025 09:57:13,2022
4437,39,印刷和记录媒介复制业,研发人员数量中位数,人,122,12/9/2025 10:34:45,16/9/2025 09:57:13,2022
4438,41,文教、工美、体育和娱乐用品制造业,研发人员数量合计,人,3981,12/9/2025 10:34:46,16/9/2025 09:57:13,2022
4439,41,文教、工美、体育和娱乐用品制造业,研发人员数量均值,人,173.086956521739,12/9/2025 10:34:46,16/9/2025 09:57:13,2022
4440,41,文教、工美、体育和娱乐用品制造业,研发人员数量最大值,人,621,12/9/2025 10:34:46,16/9/2025 09:57:13,2022
4441,41,文教、工美、体育和娱乐用品制造业,研发人员数量最小值,人,7,12/9/2025 10:34:46,16/9/2025 09:57:13,2022
4442,41,文教、工美、体育和娱乐用品制造业,研发人员数量中位数,人,90,12/9/2025 10:34:46,16/9/2025 09:57:13,2022
4448,43,化学纤维制造业,研发人员数量合计,人,21332,12/9/2025 10:34:47,16/9/2025 09:57:14,2022
4449,43,化学纤维制造业,研发人员数量均值,人,666.625,12/9/2025 10:34:47,16/9/2025 09:57:14,2022
4450,43,化学纤维制造业,研发人员数量最大值,人,3126,12/9/2025 10:34:47,16/9/2025 09:57:15,2022
4451,43,化学纤维制造业,研发人员数量最小值,人,36,12/9/2025 10:34:48,16/9/2025 09:57:15,2022
4452,43,化学纤维制造业,研发人员数量中位数,人,266,12/9/2025 10:34:48,16/9/2025 09:57:15,2022
4458,45,石油加工、炼焦和核燃料加工业,研发人员数量合计,人,2996,12/9/2025 10:34:49,16/9/2025 09:57:15,2022
4459,45,石油加工、炼焦和核燃料加工业,研发人员数量均值,人,199.733333333333,12/9/2025 10:34:49,16/9/2025 09:57:15,2022
4460,45,石油加工、炼焦和核燃料加工业,研发人员数量最大值,人,640,12/9/2025 10:34:49,16/9/2025 09:57:15,2022
4461,45,石油加工、炼焦和核燃料加工业,研发人员数量最小值,人,11,12/9/2025 10:34:49,16/9/2025 09:57:15,2022
4462,45,石油加工、炼焦和核燃料加工业,研发人员数量中位数,人,174,12/9/2025 10:34:49,16/9/2025 09:57:15,2022
4463,46,废弃资源综合利用业,研发人员数量合计,人,4556,12/9/2025 10:34:49,16/9/2025 09:57:16,2022
4464,46,废弃资源综合利用业,研发人员数量均值,人,284.75,12/9/2025 10:34:50,16/9/2025 09:57:16,2022
4465,46,废弃资源综合利用业,研发人员数量最大值,人,1566,12/9/2025 10:34:50,16/9/2025 09:57:16,2022
4466,46,废弃资源综合利用业,研发人员数量最小值,人,4,12/9/2025 10:34:50,16/9/2025 09:57:16,2022
4467,46,废弃资源综合利用业,研发人员数量中位数,人,123,12/9/2025 10:34:50,16/9/2025 09:57:16,2022
4468,47,木材加工和木、竹、藤、棕、草制品业,研发人员数量合计,人,1358,12/9/2025 10:34:50,16/9/2025 09:57:16,2022
4469,47,木材加工和木、竹、藤、棕、草制品业,研发人员数量均值,人,169.75,12/9/2025 10:34:50,16/9/2025 09:57:16,2022
4470,47,木材加工和木、竹、藤、棕、草制品业,研发人员数量最大值,人,563,12/9/2025 10:34:50,16/9/2025 09:57:16,2022
4471,47,木材加工和木、竹、藤、棕、草制品业,研发人员数量最小值,人,37,12/9/2025 10:34:51,16/9/2025 09:57:16,2022
4472,47,木材加工和木、竹、藤、棕、草制品业,研发人员数量中位数,人,95,12/9/2025 10:34:51,16/9/2025 09:57:16,2022
4473,48,居民服务、修理和其他服务业,研发人员数量合计,人,36,12/9/2025 10:34:51,16/9/2025 09:57:16,2022
4474,48,居民服务、修理和其他服务业,研发人员数量均值,人,36,12/9/2025 10:34:51,16/9/2025 09:57:16,2022
4475,48,居民服务、修理和其他服务业,研发人员数量最大值,人,36,12/9/2025 10:34:51,16/9/2025 09:57:16,2022
4476,48,居民服务、修理和其他服务业,研发人员数量最小值,人,36,12/9/2025 10:34:51,16/9/2025 09:57:16,2022
4477,48,居民服务、修理和其他服务业,研发人员数量中位数,人,36,12/9/2025 10:34:51,16/9/2025 09:57:16,2022
4478,0,全行业,研发人员数量合计,人,3910851,12/9/2025 10:34:52,5/11/2025 08:56:03,2022
4479,0,全行业,研发人员数量均值,人,785.153784380646,12/9/2025 10:34:52,5/11/2025 08:56:03,2022
4480,0,全行业,研发人员数量最大值,人,114091,12/9/2025 10:34:52,5/11/2025 08:56:03,2022
4481,0,全行业,研发人员数量最小值,人,1,12/9/2025 10:34:52,5/11/2025 08:56:03,2022
4482,0,全行业,研发人员数量中位数,人,220,12/9/2025 10:34:52,5/11/2025 08:56:03,2022
4483,1,医药制造业,研发人员同比增减幅均值,%,11.5972394366197,12/9/2025 10:34:52,16/9/2025 09:57:17,2022
4484,1,医药制造业,研发人员同比增减幅最大值,%,339.63,12/9/2025 10:34:52,16/9/2025 09:57:17,2022
4485,1,医药制造业,研发人员同比增减幅最小值,%,-77.6,12/9/2025 10:34:52,16/9/2025 09:57:17,2022
4486,1,医药制造业,研发人员同比增减幅中位数,%,4.46,12/9/2025 10:34:52,16/9/2025 09:57:17,2022
4487,2,化学原料和化学制品制造业,研发人员同比增减幅均值,%,19.4887296416938,12/9/2025 10:34:53,16/9/2025 09:57:18,2022
4488,2,化学原料和化学制品制造业,研发人员同比增减幅最大值,%,848.64,12/9/2025 10:34:53,16/9/2025 09:57:18,2022
4489,2,化学原料和化学制品制造业,研发人员同比增减幅最小值,%,-73.37,12/9/2025 10:34:53,16/9/2025 09:57:18,2022
4490,2,化学原料和化学制品制造业,研发人员同比增减幅中位数,%,7.68,12/9/2025 10:34:53,16/9/2025 09:57:18,2022
4491,3,信息传输、软件和信息技术服务业,研发人员同比增减幅均值,%,3.20540650406504,12/9/2025 10:34:53,16/9/2025 09:57:18,2022
4492,3,信息传输、软件和信息技术服务业,研发人员同比增减幅最大值,%,223.63,12/9/2025 10:34:54,16/9/2025 09:57:18,2022
4493,3,信息传输、软件和信息技术服务业,研发人员同比增减幅最小值,%,-90.03,12/9/2025 10:34:54,16/9/2025 09:57:18,2022
4494,3,信息传输、软件和信息技术服务业,研发人员同比增减幅中位数,%,2.365,12/9/2025 10:34:54,16/9/2025 09:57:18,2022
4495,4,房地产业,研发人员同比增减幅均值,%,33.3563636363636,12/9/2025 10:34:54,16/9/2025 09:57:18,2022
4496,4,房地产业,研发人员同比增减幅最大值,%,802,12/9/2025 10:34:54,16/9/2025 09:57:18,2022
4497,4,房地产业,研发人员同比增减幅最小值,%,-67.43,12/9/2025 10:34:54,16/9/2025 09:57:18,2022
4498,4,房地产业,研发人员同比增减幅中位数,%,3.7,12/9/2025 10:34:54,16/9/2025 09:57:18,2022
4499,5,专用设备制造业,研发人员同比增减幅均值,%,18.0418157181572,12/9/2025 10:34:55,16/9/2025 09:57:19,2022
4500,5,专用设备制造业,研发人员同比增减幅最大值,%,535.55,12/9/2025 10:34:55,16/9/2025 09:57:19,2022
4501,5,专用设备制造业,研发人员同比增减幅最小值,%,-78.59,12/9/2025 10:34:55,16/9/2025 09:57:19,2022
4502,5,专用设备制造业,研发人员同比增减幅中位数,%,9.92,12/9/2025 10:34:55,16/9/2025 09:57:19,2022
4503,6,消费电子及电气业,研发人员同比增减幅均值,%,5.88654109589041,12/9/2025 10:34:56,16/9/2025 09:57:19,2022
4504,6,消费电子及电气业,研发人员同比增减幅最大值,%,105.64,12/9/2025 10:34:56,16/9/2025 09:57:19,2022
4505,6,消费电子及电气业,研发人员同比增减幅最小值,%,-54.98,12/9/2025 10:34:56,16/9/2025 09:57:19,2022
4506,6,消费电子及电气业,研发人员同比增减幅中位数,%,5.38,12/9/2025 10:34:56,16/9/2025 09:57:19,2022
4507,7,金融业,研发人员同比增减幅均值,%,17.9839534883721,12/9/2025 10:34:56,16/9/2025 09:57:20,2022
4508,7,金融业,研发人员同比增减幅最大值,%,582,12/9/2025 10:34:57,16/9/2025 09:57:20,2022
4509,7,金融业,研发人员同比增减幅最小值,%,-52.18,12/9/2025 10:34:57,16/9/2025 09:57:20,2022
4510,7,金融业,研发人员同比增减幅中位数,%,7.11,12/9/2025 10:34:57,16/9/2025 09:57:20,2022
4511,8,商业电气机械和器材制造业,研发人员同比增减幅均值,%,18.209305019305,12/9/2025 10:34:57,16/9/2025 09:57:20,2022
4512,8,商业电气机械和器材制造业,研发人员同比增减幅最大值,%,379.14,12/9/2025 10:34:57,16/9/2025 09:57:20,2022
4513,8,商业电气机械和器材制造业,研发人员同比增减幅最小值,%,-77.94,12/9/2025 10:34:57,16/9/2025 09:57:20,2022
4514,8,商业电气机械和器材制造业,研发人员同比增减幅中位数,%,8.04,12/9/2025 10:34:57,16/9/2025 09:57:20,2022
4515,9,批发和零售业,研发人员同比增减幅均值,%,19.2156756756757,12/9/2025 10:34:57,16/9/2025 09:57:20,2022
4516,9,批发和零售业,研发人员同比增减幅最大值,%,408,12/9/2025 10:34:57,16/9/2025 09:57:20,2022
4517,9,批发和零售业,研发人员同比增减幅最小值,%,-107,12/9/2025 10:34:57,16/9/2025 09:57:21,2022
4518,9,批发和零售业,研发人员同比增减幅中位数,%,8.55,12/9/2025 10:34:57,16/9/2025 09:57:21,2022
4519,10,食品饮料业,研发人员同比增减幅均值,%,10.684347826087,12/9/2025 10:34:58,16/9/2025 09:57:21,2022
4520,10,食品饮料业,研发人员同比增减幅最大值,%,142,12/9/2025 10:34:58,16/9/2025 09:57:21,2022
4521,10,食品饮料业,研发人员同比增减幅最小值,%,-77.18,12/9/2025 10:34:58,16/9/2025 09:57:21,2022
4522,10,食品饮料业,研发人员同比增减幅中位数,%,6.07,12/9/2025 10:34:58,16/9/2025 09:57:21,2022
4527,12,汽车制造业,研发人员同比增减幅均值,%,16.6497487437186,12/9/2025 10:34:59,16/9/2025 09:57:22,2022
4528,12,汽车制造业,研发人员同比增减幅最大值,%,680.36,12/9/2025 10:34:59,16/9/2025 09:57:22,2022
4529,12,汽车制造业,研发人员同比增减幅最小值,%,-57.36,12/9/2025 10:34:59,16/9/2025 09:57:22,2022
4530,12,汽车制造业,研发人员同比增减幅中位数,%,7.56,12/9/2025 10:34:59,16/9/2025 09:57:22,2022
4531,13,电力、热力、燃气及水生产和供应业,研发人员同比增减幅均值,%,37.1246511627907,12/9/2025 10:34:59,16/9/2025 09:57:22,2022
4532,13,电力、热力、燃气及水生产和供应业,研发人员同比增减幅最大值,%,365,12/9/2025 10:34:59,16/9/2025 09:57:22,2022
4533,13,电力、热力、燃气及水生产和供应业,研发人员同比增减幅最小值,%,-65.58,12/9/2025 10:34:59,16/9/2025 09:57:22,2022
4534,13,电力、热力、燃气及水生产和供应业,研发人员同比增减幅中位数,%,14.255,12/9/2025 10:34:59,16/9/2025 09:57:22,2022
4535,14,采矿业,研发人员同比增减幅均值,%,18.9434782608696,12/9/2025 10:34:59,16/9/2025 09:57:22,2022
4536,14,采矿业,研发人员同比增减幅最大值,%,370.81,12/9/2025 10:34:59,16/9/2025 09:57:22,2022
4537,14,采矿业,研发人员同比增减幅最小值,%,-79.16,12/9/2025 10:34:59,16/9/2025 09:57:22,2022
4538,14,采矿业,研发人员同比增减幅中位数,%,4.94,12/9/2025 10:35:00,16/9/2025 09:57:22,2022
4539,15,纺织鞋服业,研发人员同比增减幅均值,%,5.63031914893617,12/9/2025 10:35:00,16/9/2025 09:57:23,2022
4540,15,纺织鞋服业,研发人员同比增减幅最大值,%,104,12/9/2025 10:35:00,16/9/2025 09:57:23,2022
4541,15,纺织鞋服业,研发人员同比增减幅最小值,%,-101,12/9/2025 10:35:00,16/9/2025 09:57:23,2022
4542,15,纺织鞋服业,研发人员同比增减幅中位数,%,1.59,12/9/2025 10:35:00,16/9/2025 09:57:23,2022
4543,16,建筑业,研发人员同比增减幅均值,%,2.16644230769231,12/9/2025 10:35:00,16/9/2025 09:57:23,2022
4544,16,建筑业,研发人员同比增减幅最大值,%,193.5,12/9/2025 10:35:00,16/9/2025 09:57:23,2022
4545,16,建筑业,研发人员同比增减幅最小值,%,-61.4,12/9/2025 10:35:00,16/9/2025 09:57:23,2022
4546,16,建筑业,研发人员同比增减幅中位数,%,-0.695,12/9/2025 10:35:00,16/9/2025 09:57:23,2022
4547,17,交通运输、仓储和邮政业,研发人员同比增减幅均值,%,11.8168831168831,12/9/2025 10:35:01,16/9/2025 09:57:24,2022
4548,17,交通运输、仓储和邮政业,研发人员同比增减幅最大值,%,492.9,12/9/2025 10:35:01,16/9/2025 09:57:24,2022
4549,17,交通运输、仓储和邮政业,研发人员同比增减幅最小值,%,-77.54,12/9/2025 10:35:01,16/9/2025 09:57:24,2022
4550,17,交通运输、仓储和邮政业,研发人员同比增减幅中位数,%,4.45,12/9/2025 10:35:01,16/9/2025 09:57:24,2022
4551,18,通用设备制造业,研发人员同比增减幅均值,%,10.69859375,12/9/2025 10:35:01,16/9/2025 09:57:24,2022
4552,18,通用设备制造业,研发人员同比增减幅最大值,%,224.19,12/9/2025 10:35:01,16/9/2025 09:57:24,2022
4553,18,通用设备制造业,研发人员同比增减幅最小值,%,-75.58,12/9/2025 10:35:01,16/9/2025 09:57:24,2022
4554,18,通用设备制造业,研发人员同比增减幅中位数,%,7.145,12/9/2025 10:35:01,16/9/2025 09:57:24,2022
4555,19,半导体业,研发人员同比增减幅均值,%,15.832380952381,12/9/2025 10:35:01,16/9/2025 09:57:25,2022
4556,19,半导体业,研发人员同比增减幅最大值,%,127.79,12/9/2025 10:35:01,16/9/2025 09:57:25,2022
4557,19,半导体业,研发人员同比增减幅最小值,%,-42.61,12/9/2025 10:35:01,16/9/2025 09:57:25,2022
4558,19,半导体业,研发人员同比增减幅中位数,%,12.28,12/9/2025 10:35:02,16/9/2025 09:57:25,2022
4559,20,租赁和商务服务业,研发人员同比增减幅均值,%,-3.903958333,12/9/2025 10:35:02,16/9/2025 09:57:25,2022
4560,20,租赁和商务服务业,研发人员同比增减幅最大值,%,145.61,12/9/2025 10:35:02,16/9/2025 09:57:25,2022
4561,20,租赁和商务服务业,研发人员同比增减幅最小值,%,-93.97,12/9/2025 10:35:02,16/9/2025 09:57:25,2022
4562,20,租赁和商务服务业,研发人员同比增减幅中位数,%,-7.24,12/9/2025 10:35:02,16/9/2025 09:57:25,2022
4563,21,通信传输设备业,研发人员同比增减幅均值,%,7.45631067961165,12/9/2025 10:35:02,16/9/2025 09:57:26,2022
4564,21,通信传输设备业,研发人员同比增减幅最大值,%,72.8,12/9/2025 10:35:02,16/9/2025 09:57:26,2022
4565,21,通信传输设备业,研发人员同比增减幅最小值,%,-38.45,12/9/2025 10:35:02,16/9/2025 09:57:26,2022
4566,21,通信传输设备业,研发人员同比增减幅中位数,%,6.81,12/9/2025 10:35:02,16/9/2025 09:57:26,2022
4567,22,非金属矿物制品业,研发人员同比增减幅均值,%,35.7085106382979,12/9/2025 10:35:03,16/9/2025 09:57:26,2022
4568,22,非金属矿物制品业,研发人员同比增减幅最大值,%,1029.9,12/9/2025 10:35:03,16/9/2025 09:57:26,2022
4569,22,非金属矿物制品业,研发人员同比增减幅最小值,%,-27.62,12/9/2025 10:35:03,16/9/2025 09:57:26,2022
4570,22,非金属矿物制品业,研发人员同比增减幅中位数,%,6.38,12/9/2025 10:35:03,16/9/2025 09:57:26,2022
4571,23,橡胶和塑料制品业,研发人员同比增减幅均值,%,5.84474747474747,12/9/2025 10:35:03,16/9/2025 09:57:27,2022
4572,23,橡胶和塑料制品业,研发人员同比增减幅最大值,%,229.17,12/9/2025 10:35:03,16/9/2025 09:57:27,2022
4573,23,橡胶和塑料制品业,研发人员同比增减幅最小值,%,-69.85,12/9/2025 10:35:03,16/9/2025 09:57:27,2022
4574,23,橡胶和塑料制品业,研发人员同比增减幅中位数,%,3.41,12/9/2025 10:35:03,16/9/2025 09:57:27,2022
4575,24,综合,研发人员同比增减幅均值,%,-7.795555556,12/9/2025 10:35:04,16/9/2025 09:57:27,2022
4576,24,综合,研发人员同比增减幅最大值,%,30.27,12/9/2025 10:35:04,16/9/2025 09:57:27,2022
4577,24,综合,研发人员同比增减幅最小值,%,-87.31,12/9/2025 10:35:04,16/9/2025 09:57:28,2022
4578,24,综合,研发人员同比增减幅中位数,%,1.64,12/9/2025 10:35:04,16/9/2025 09:57:28,2022
4579,25,其他制造业,研发人员同比增减幅均值,%,5.67131578947368,12/9/2025 10:35:04,16/9/2025 09:57:28,2022
4580,25,其他制造业,研发人员同比增减幅最大值,%,76.99,12/9/2025 10:35:04,16/9/2025 09:57:28,2022
4581,25,其他制造业,研发人员同比增减幅最小值,%,-25,12/9/2025 10:35:04,16/9/2025 09:57:28,2022
4582,25,其他制造业,研发人员同比增减幅中位数,%,1.385,12/9/2025 10:35:04,16/9/2025 09:57:28,2022
4583,26,金属制品业,研发人员同比增减幅均值,%,16.7582653061224,12/9/2025 10:35:04,16/9/2025 09:57:29,2022
4584,26,金属制品业,研发人员同比增减幅最大值,%,612.28,12/9/2025 10:35:05,16/9/2025 09:57:29,2022
4585,26,金属制品业,研发人员同比增减幅最小值,%,-95.59,12/9/2025 10:35:05,16/9/2025 09:57:29,2022
4586,26,金属制品业,研发人员同比增减幅中位数,%,4.365,12/9/2025 10:35:05,16/9/2025 09:57:29,2022
4587,27,铁路、船舶、航空航天和其他运输设备制造业,研发人员同比增减幅均值,%,16.6379569892473,12/9/2025 10:35:05,16/9/2025 09:57:29,2022
4588,27,铁路、船舶、航空航天和其他运输设备制造业,研发人员同比增减幅最大值,%,326,12/9/2025 10:35:05,16/9/2025 09:57:30,2022
4589,27,铁路、船舶、航空航天和其他运输设备制造业,研发人员同比增减幅最小值,%,-49.3,12/9/2025 10:35:05,16/9/2025 09:57:30,2022
4590,27,铁路、船舶、航空航天和其他运输设备制造业,研发人员同比增减幅中位数,%,6.41,12/9/2025 10:35:05,16/9/2025 09:57:30,2022
4591,28,水利、环境和公共设施管理业,研发人员同比增减幅均值,%,8.1948,12/9/2025 10:35:05,16/9/2025 09:57:30,2022
4592,28,水利、环境和公共设施管理业,研发人员同比增减幅最大值,%,95.37,12/9/2025 10:35:05,16/9/2025 09:57:30,2022
4593,28,水利、环境和公共设施管理业,研发人员同比增减幅最小值,%,-83.07,12/9/2025 10:35:06,16/9/2025 09:57:30,2022
4594,28,水利、环境和公共设施管理业,研发人员同比增减幅中位数,%,2.65,12/9/2025 10:35:06,16/9/2025 09:57:30,2022
4595,29,金属冶炼和压延加工业,研发人员同比增减幅均值,%,20.0201769911504,12/9/2025 10:35:06,16/9/2025 09:57:30,2022
4596,29,金属冶炼和压延加工业,研发人员同比增减幅最大值,%,356.87,12/9/2025 10:35:06,16/9/2025 09:57:30,2022
4597,29,金属冶炼和压延加工业,研发人员同比增减幅最小值,%,-48.77,12/9/2025 10:35:06,16/9/2025 09:57:30,2022
4598,29,金属冶炼和压延加工业,研发人员同比增减幅中位数,%,8.1,12/9/2025 10:35:06,16/9/2025 09:57:30,2022
4599,30,科学研究和技术服务业,研发人员同比增减幅均值,%,18.2512727272727,12/9/2025 10:35:07,16/9/2025 09:57:31,2022
4600,30,科学研究和技术服务业,研发人员同比增减幅最大值,%,214.17,12/9/2025 10:35:07,16/9/2025 09:57:31,2022
4601,30,科学研究和技术服务业,研发人员同比增减幅最小值,%,-88.5,12/9/2025 10:35:07,16/9/2025 09:57:31,2022
4602,30,科学研究和技术服务业,研发人员同比增减幅中位数,%,13.54,12/9/2025 10:35:07,16/9/2025 09:57:31,2022
4603,31,教育,研发人员同比增减幅均值,%,-27.50125,12/9/2025 10:35:07,16/9/2025 09:57:31,2022
4604,31,教育,研发人员同比增减幅最大值,%,-1.44,12/9/2025 10:35:08,16/9/2025 09:57:31,2022
4605,31,教育,研发人员同比增减幅最小值,%,-57.88,12/9/2025 10:35:08,16/9/2025 09:57:31,2022
4606,31,教育,研发人员同比增减幅中位数,%,-24.145,12/9/2025 10:35:08,16/9/2025 09:57:31,2022
4607,32,仪器仪表制造业,研发人员同比增减幅均值,%,14.3116666666667,12/9/2025 10:35:08,16/9/2025 09:57:32,2022
4608,32,仪器仪表制造业,研发人员同比增减幅最大值,%,139,12/9/2025 10:35:08,16/9/2025 09:57:32,2022
4609,32,仪器仪表制造业,研发人员同比增减幅最小值,%,-52.34,12/9/2025 10:35:08,16/9/2025 09:57:32,2022
4610,32,仪器仪表制造业,研发人员同比增减幅中位数,%,11.81,12/9/2025 10:35:08,16/9/2025 09:57:32,2022
4611,33,文化、体育和娱乐业,研发人员同比增减幅均值,%,13.6879545454545,12/9/2025 10:35:08,16/9/2025 09:57:32,2022
4612,33,文化、体育和娱乐业,研发人员同比增减幅最大值,%,324.05,12/9/2025 10:35:08,16/9/2025 09:57:32,2022
4613,33,文化、体育和娱乐业,研发人员同比增减幅最小值,%,-72.85,12/9/2025 10:35:09,16/9/2025 09:57:32,2022
4614,33,文化、体育和娱乐业,研发人员同比增减幅中位数,%,-2.385,12/9/2025 10:35:09,16/9/2025 09:57:32,2022
4615,34,农、林、牧、渔业,研发人员同比增减幅均值,%,21.6627027027027,12/9/2025 10:35:09,16/9/2025 09:57:33,2022
4616,34,农、林、牧、渔业,研发人员同比增减幅最大值,%,183.62,12/9/2025 10:35:09,16/9/2025 09:57:33,2022
4617,34,农、林、牧、渔业,研发人员同比增减幅最小值,%,-92.9,12/9/2025 10:35:09,16/9/2025 09:57:33,2022
4618,34,农、林、牧、渔业,研发人员同比增减幅中位数,%,7.63,12/9/2025 10:35:09,16/9/2025 09:57:33,2022
4619,35,卫生和社会工作,研发人员同比增减幅均值,%,34.354,12/9/2025 10:35:10,16/9/2025 09:57:33,2022
4620,35,卫生和社会工作,研发人员同比增减幅最大值,%,147.3,12/9/2025 10:35:10,16/9/2025 09:57:34,2022
4621,35,卫生和社会工作,研发人员同比增减幅最小值,%,-20.95,12/9/2025 10:35:10,16/9/2025 09:57:34,2022
4622,35,卫生和社会工作,研发人员同比增减幅中位数,%,5.78,12/9/2025 10:35:10,16/9/2025 09:57:34,2022
4623,36,造纸和纸制品业,研发人员同比增减幅均值,%,19.0247368421053,12/9/2025 10:35:10,16/9/2025 09:57:34,2022
4624,36,造纸和纸制品业,研发人员同比增减幅最大值,%,504.25,12/9/2025 10:35:10,16/9/2025 09:57:34,2022
4625,36,造纸和纸制品业,研发人员同比增减幅最小值,%,-27.85,12/9/2025 10:35:10,16/9/2025 09:57:34,2022
4626,36,造纸和纸制品业,研发人员同比增减幅中位数,%,1.345,12/9/2025 10:35:11,16/9/2025 09:57:34,2022
4627,37,住宿和餐饮业,研发人员同比增减幅均值,%,9.0275,12/9/2025 10:35:11,16/9/2025 09:57:34,2022
4628,37,住宿和餐饮业,研发人员同比增减幅最大值,%,26.66,12/9/2025 10:35:11,16/9/2025 09:57:34,2022
4629,37,住宿和餐饮业,研发人员同比增减幅最小值,%,-4,12/9/2025 10:35:11,16/9/2025 09:57:34,2022
4630,37,住宿和餐饮业,研发人员同比增减幅中位数,%,6.725,12/9/2025 10:35:11,16/9/2025 09:57:35,2022
4631,38,家具制造业,研发人员同比增减幅均值,%,-6.2134375,12/9/2025 10:35:11,16/9/2025 09:57:35,2022
4632,38,家具制造业,研发人员同比增减幅最大值,%,41.42,12/9/2025 10:35:11,16/9/2025 09:57:35,2022
4633,38,家具制造业,研发人员同比增减幅最小值,%,-55.55,12/9/2025 10:35:11,16/9/2025 09:57:35,2022
4634,38,家具制造业,研发人员同比增减幅中位数,%,-4.395,12/9/2025 10:35:11,16/9/2025 09:57:35,2022
4635,39,印刷和记录媒介复制业,研发人员同比增减幅均值,%,8.74642857142857,12/9/2025 10:35:12,16/9/2025 09:57:35,2022
4636,39,印刷和记录媒介复制业,研发人员同比增减幅最大值,%,45.66,12/9/2025 10:35:12,16/9/2025 09:57:35,2022
4637,39,印刷和记录媒介复制业,研发人员同比增减幅最小值,%,-23.19,12/9/2025 10:35:12,16/9/2025 09:57:35,2022
4638,39,印刷和记录媒介复制业,研发人员同比增减幅中位数,%,5.94,12/9/2025 10:35:12,16/9/2025 09:57:35,2022
4639,41,文教、工美、体育和娱乐用品制造业,研发人员同比增减幅均值,%,-4.287727273,12/9/2025 10:35:12,16/9/2025 09:57:36,2022
4640,41,文教、工美、体育和娱乐用品制造业,研发人员同比增减幅最大值,%,107.84,12/9/2025 10:35:12,16/9/2025 09:57:36,2022
4641,41,文教、工美、体育和娱乐用品制造业,研发人员同比增减幅最小值,%,-36.33,12/9/2025 10:35:12,16/9/2025 09:57:36,2022
4642,41,文教、工美、体育和娱乐用品制造业,研发人员同比增减幅中位数,%,-10.59,12/9/2025 10:35:12,16/9/2025 09:57:36,2022
4647,43,化学纤维制造业,研发人员同比增减幅均值,%,19.79125,12/9/2025 10:35:13,16/9/2025 09:57:36,2022
4648,43,化学纤维制造业,研发人员同比增减幅最大值,%,122.55,12/9/2025 10:35:13,16/9/2025 09:57:37,2022
4649,43,化学纤维制造业,研发人员同比增减幅最小值,%,-12.5,12/9/2025 10:35:13,16/9/2025 09:57:37,2022
4650,43,化学纤维制造业,研发人员同比增减幅中位数,%,8.245,12/9/2025 10:35:13,16/9/2025 09:57:37,2022
4655,45,石油加工、炼焦和核燃料加工业,研发人员同比增减幅均值,%,35.0492857142857,12/9/2025 10:35:14,16/9/2025 09:57:38,2022
4656,45,石油加工、炼焦和核燃料加工业,研发人员同比增减幅最大值,%,189.75,12/9/2025 10:35:14,16/9/2025 09:57:38,2022
4657,45,石油加工、炼焦和核燃料加工业,研发人员同比增减幅最小值,%,-11.86,12/9/2025 10:35:14,16/9/2025 09:57:38,2022
4658,45,石油加工、炼焦和核燃料加工业,研发人员同比增减幅中位数,%,13.965,12/9/2025 10:35:14,16/9/2025 09:57:38,2022
4659,46,废弃资源综合利用业,研发人员同比增减幅均值,%,7.23625,12/9/2025 10:35:15,16/9/2025 09:57:39,2022
4660,46,废弃资源综合利用业,研发人员同比增减幅最大值,%,71.19,12/9/2025 10:35:15,16/9/2025 09:57:39,2022
4661,46,废弃资源综合利用业,研发人员同比增减幅最小值,%,-46.32,12/9/2025 10:35:15,16/9/2025 09:57:39,2022
4662,46,废弃资源综合利用业,研发人员同比增减幅中位数,%,4.375,12/9/2025 10:35:15,16/9/2025 09:57:39,2022
4663,47,木材加工和木、竹、藤、棕、草制品业,研发人员同比增减幅均值,%,0.66125,12/9/2025 10:35:15,16/9/2025 09:57:39,2022
4664,47,木材加工和木、竹、藤、棕、草制品业,研发人员同比增减幅最大值,%,31.69,12/9/2025 10:35:16,16/9/2025 09:57:39,2022
4665,47,木材加工和木、竹、藤、棕、草制品业,研发人员同比增减幅最小值,%,-33.97,12/9/2025 10:35:16,16/9/2025 09:57:39,2022
4666,47,木材加工和木、竹、藤、棕、草制品业,研发人员同比增减幅中位数,%,0.83,12/9/2025 10:35:16,16/9/2025 09:57:39,2022
4667,48,居民服务、修理和其他服务业,研发人员同比增减幅均值,%,144,12/9/2025 10:35:16,16/9/2025 09:57:40,2022
4668,48,居民服务、修理和其他服务业,研发人员同比增减幅最大值,%,144,12/9/2025 10:35:17,16/9/2025 09:57:40,2022
4669,48,居民服务、修理和其他服务业,研发人员同比增减幅最小值,%,144,12/9/2025 10:35:17,16/9/2025 09:57:40,2022
4670,48,居民服务、修理和其他服务业,研发人员同比增减幅中位数,%,144,12/9/2025 10:35:17,16/9/2025 09:57:40,2022
4671,0,全行业,研发人员同比增减幅均值,%,13.2654373115037,12/9/2025 10:35:17,5/11/2025 08:56:03,2022
4672,0,全行业,研发人员同比增减幅最大值,%,1029.9,12/9/2025 10:35:17,5/11/2025 08:56:03,2022
4673,0,全行业,研发人员同比增减幅最小值,%,-107,12/9/2025 10:35:17,5/11/2025 08:56:03,2022
4674,0,全行业,研发人员同比增减幅中位数,%,5.99,12/9/2025 10:35:17,5/11/2025 08:56:03,2022
4675,1,医药制造业,雇员同比增减幅均值,%,7.14990990990991,12/9/2025 10:35:18,16/9/2025 09:57:42,2022
4676,1,医药制造业,雇员同比增减幅最大值,%,388.48,12/9/2025 10:35:18,16/9/2025 09:57:42,2022
4677,1,医药制造业,雇员同比增减幅最小值,%,-65.72,12/9/2025 10:35:18,16/9/2025 09:57:42,2022
4678,1,医药制造业,雇员同比增减幅中位数,%,3.9,12/9/2025 10:35:19,16/9/2025 09:57:42,2022
4679,2,化学原料和化学制品制造业,雇员同比增减幅均值,%,8.09437325905293,12/9/2025 10:35:19,16/9/2025 09:57:42,2022
4680,2,化学原料和化学制品制造业,雇员同比增减幅最大值,%,185.83,12/9/2025 10:35:19,16/9/2025 09:57:42,2022
4681,2,化学原料和化学制品制造业,雇员同比增减幅最小值,%,-72.02,12/9/2025 10:35:19,16/9/2025 09:57:42,2022
4682,2,化学原料和化学制品制造业,雇员同比增减幅中位数,%,4.71,12/9/2025 10:35:19,16/9/2025 09:57:42,2022
4683,3,信息传输、软件和信息技术服务业,雇员同比增减幅均值,%,2.11697115384615,12/9/2025 10:35:20,16/9/2025 09:57:43,2022
4684,3,信息传输、软件和信息技术服务业,雇员同比增减幅最大值,%,416.95,12/9/2025 10:35:20,16/9/2025 09:57:43,2022
4685,3,信息传输、软件和信息技术服务业,雇员同比增减幅最小值,%,-71.91,12/9/2025 10:35:20,16/9/2025 09:57:43,2022
4686,3,信息传输、软件和信息技术服务业,雇员同比增减幅中位数,%,0.115,12/9/2025 10:35:20,16/9/2025 09:57:43,2022
4687,4,房地产业,雇员同比增减幅均值,%,-6.024840989,12/9/2025 10:35:20,16/9/2025 09:57:43,2022
4688,4,房地产业,雇员同比增减幅最大值,%,528.65,12/9/2025 10:35:21,16/9/2025 09:57:43,2022
4689,4,房地产业,雇员同比增减幅最小值,%,-84.73,12/9/2025 10:35:21,16/9/2025 09:57:43,2022
4690,4,房地产业,雇员同比增减幅中位数,%,-6.24,12/9/2025 10:35:21,16/9/2025 09:57:43,2022
4691,5,专用设备制造业,雇员同比增减幅均值,%,14.8188248847926,12/9/2025 10:35:21,16/9/2025 09:57:43,2022
4692,5,专用设备制造业,雇员同比增减幅最大值,%,388.13,12/9/2025 10:35:21,16/9/2025 09:57:43,2022
4693,5,专用设备制造业,雇员同比增减幅最小值,%,-41.01,12/9/2025 10:35:21,16/9/2025 09:57:44,2022
4694,5,专用设备制造业,雇员同比增减幅中位数,%,6.665,12/9/2025 10:35:22,16/9/2025 09:57:44,2022
4695,6,消费电子及电气业,雇员同比增减幅均值,%,-3.316543909,12/9/2025 10:35:22,16/9/2025 09:57:44,2022
4696,6,消费电子及电气业,雇员同比增减幅最大值,%,82.28,12/9/2025 10:35:22,16/9/2025 09:57:44,2022
4697,6,消费电子及电气业,雇员同比增减幅最小值,%,-95.89,12/9/2025 10:35:22,16/9/2025 09:57:44,2022
4698,6,消费电子及电气业,雇员同比增减幅中位数,%,-2.11,12/9/2025 10:35:22,16/9/2025 09:57:44,2022
4699,7,金融业,雇员同比增减幅均值,%,26.0008802816901,12/9/2025 10:35:23,16/9/2025 09:57:45,2022
4700,7,金融业,雇员同比增减幅最大值,%,6044.61,12/9/2025 10:35:23,16/9/2025 09:57:45,2022
4701,7,金融业,雇员同比增减幅最小值,%,-99.6,12/9/2025 10:35:23,16/9/2025 09:57:45,2022
4702,7,金融业,雇员同比增减幅中位数,%,1.91,12/9/2025 10:35:23,16/9/2025 09:57:45,2022
4703,8,商业电气机械和器材制造业,雇员同比增减幅均值,%,10.2986392405063,12/9/2025 10:35:23,16/9/2025 09:57:45,2022
4704,8,商业电气机械和器材制造业,雇员同比增减幅最大值,%,148.37,12/9/2025 10:35:24,16/9/2025 09:57:46,2022
4705,8,商业电气机械和器材制造业,雇员同比增减幅最小值,%,-73.66,12/9/2025 10:35:24,16/9/2025 09:57:46,2022
4706,8,商业电气机械和器材制造业,雇员同比增减幅中位数,%,4.14,12/9/2025 10:35:24,16/9/2025 09:57:46,2022
4707,9,批发和零售业,雇员同比增减幅均值,%,-0.730446097,12/9/2025 10:35:24,16/9/2025 09:57:46,2022
4708,9,批发和零售业,雇员同比增减幅最大值,%,309,12/9/2025 10:35:24,16/9/2025 09:57:46,2022
4709,9,批发和零售业,雇员同比增减幅最小值,%,-97.06,12/9/2025 10:35:24,16/9/2025 09:57:46,2022
4710,9,批发和零售业,雇员同比增减幅中位数,%,-4.18,12/9/2025 10:35:25,16/9/2025 09:57:46,2022
4711,10,食品饮料业,雇员同比增减幅均值,%,4.29154166666667,12/9/2025 10:35:25,16/9/2025 09:57:46,2022
4712,10,食品饮料业,雇员同比增减幅最大值,%,246.5,12/9/2025 10:35:25,16/9/2025 09:57:46,2022
4713,10,食品饮料业,雇员同比增减幅最小值,%,-53.19,12/9/2025 10:35:25,16/9/2025 09:57:46,2022
4714,10,食品饮料业,雇员同比增减幅中位数,%,2.14,12/9/2025 10:35:25,16/9/2025 09:57:46,2022
4719,12,汽车制造业,雇员同比增减幅均值,%,10.1607423580786,12/9/2025 10:35:26,16/9/2025 09:57:47,2022
4720,12,汽车制造业,雇员同比增减幅最大值,%,182.04,12/9/2025 10:35:26,16/9/2025 09:57:47,2022
4721,12,汽车制造业,雇员同比增减幅最小值,%,-65.58,12/9/2025 10:35:26,16/9/2025 09:57:47,2022
4722,12,汽车制造业,雇员同比增减幅中位数,%,3.18,12/9/2025 10:35:27,16/9/2025 09:57:47,2022
4723,13,电力、热力、燃气及水生产和供应业,雇员同比增减幅均值,%,2.77236559139785,12/9/2025 10:35:27,16/9/2025 09:57:48,2022
4724,13,电力、热力、燃气及水生产和供应业,雇员同比增减幅最大值,%,303.31,12/9/2025 10:35:27,16/9/2025 09:57:48,2022
4725,13,电力、热力、燃气及水生产和供应业,雇员同比增减幅最小值,%,-91.75,12/9/2025 10:35:27,16/9/2025 09:57:48,2022
4726,13,电力、热力、燃气及水生产和供应业,雇员同比增减幅中位数,%,0.475,12/9/2025 10:35:27,16/9/2025 09:57:48,2022
4727,14,采矿业,雇员同比增减幅均值,%,17.7214705882353,12/9/2025 10:35:28,16/9/2025 09:57:48,2022
4728,14,采矿业,雇员同比增减幅最大值,%,1518.25,12/9/2025 10:35:28,16/9/2025 09:57:48,2022
4729,14,采矿业,雇员同比增减幅最小值,%,-37.43,12/9/2025 10:35:28,16/9/2025 09:57:48,2022
4730,14,采矿业,雇员同比增减幅中位数,%,2.11,12/9/2025 10:35:28,16/9/2025 09:57:48,2022
4731,15,纺织鞋服业,雇员同比增减幅均值,%,-2.222325581,12/9/2025 10:35:29,16/9/2025 09:57:48,2022
4732,15,纺织鞋服业,雇员同比增减幅最大值,%,156.18,12/9/2025 10:35:29,16/9/2025 09:57:48,2022
4733,15,纺织鞋服业,雇员同比增减幅最小值,%,-58.99,12/9/2025 10:35:29,16/9/2025 09:57:48,2022
4734,15,纺织鞋服业,雇员同比增减幅中位数,%,-2.885,12/9/2025 10:35:29,16/9/2025 09:57:48,2022
4735,16,建筑业,雇员同比增减幅均值,%,2.16547945205479,12/9/2025 10:35:29,16/9/2025 09:57:49,2022
4736,16,建筑业,雇员同比增减幅最大值,%,565.94,12/9/2025 10:35:29,16/9/2025 09:57:49,2022
4737,16,建筑业,雇员同比增减幅最小值,%,-81.45,12/9/2025 10:35:29,16/9/2025 09:57:49,2022
4738,16,建筑业,雇员同比增减幅中位数,%,-0.795,12/9/2025 10:35:29,16/9/2025 09:57:49,2022
4739,17,交通运输、仓储和邮政业,雇员同比增减幅均值,%,3.97872832369942,12/9/2025 10:35:29,16/9/2025 09:57:49,2022
4740,17,交通运输、仓储和邮政业,雇员同比增减幅最大值,%,207.2,12/9/2025 10:35:29,16/9/2025 09:57:49,2022
4741,17,交通运输、仓储和邮政业,雇员同比增减幅最小值,%,-26,12/9/2025 10:35:30,16/9/2025 09:57:49,2022
4742,17,交通运输、仓储和邮政业,雇员同比增减幅中位数,%,-0.5,12/9/2025 10:35:30,16/9/2025 09:57:49,2022
4743,18,通用设备制造业,雇员同比增减幅均值,%,4.92504807692308,12/9/2025 10:35:30,16/9/2025 09:57:50,2022
4744,18,通用设备制造业,雇员同比增减幅最大值,%,468.19,12/9/2025 10:35:30,16/9/2025 09:57:50,2022
4745,18,通用设备制造业,雇员同比增减幅最小值,%,-93.48,12/9/2025 10:35:30,16/9/2025 09:57:50,2022
4746,18,通用设备制造业,雇员同比增减幅中位数,%,1.785,12/9/2025 10:35:30,16/9/2025 09:57:50,2022
4747,19,半导体业,雇员同比增减幅均值,%,9.6821686746988,12/9/2025 10:35:30,16/9/2025 09:57:50,2022
4748,19,半导体业,雇员同比增减幅最大值,%,132.09,12/9/2025 10:35:30,16/9/2025 09:57:50,2022
4749,19,半导体业,雇员同比增减幅最小值,%,-33.9,12/9/2025 10:35:30,16/9/2025 09:57:50,2022
4750,19,半导体业,雇员同比增减幅中位数,%,7.69,12/9/2025 10:35:30,16/9/2025 09:57:50,2022
4751,20,租赁和商务服务业,雇员同比增减幅均值,%,2.37177570093458,12/9/2025 10:35:31,16/9/2025 09:57:51,2022
4752,20,租赁和商务服务业,雇员同比增减幅最大值,%,624.98,12/9/2025 10:35:31,16/9/2025 09:57:51,2022
4753,20,租赁和商务服务业,雇员同比增减幅最小值,%,-54.18,12/9/2025 10:35:31,16/9/2025 09:57:51,2022
4754,20,租赁和商务服务业,雇员同比增减幅中位数,%,-6.69,12/9/2025 10:35:31,16/9/2025 09:57:51,2022
4755,21,通信传输设备业,雇员同比增减幅均值,%,2.68784482758621,12/9/2025 10:35:31,16/9/2025 09:57:51,2022
4756,21,通信传输设备业,雇员同比增减幅最大值,%,52.5,12/9/2025 10:35:31,16/9/2025 09:57:51,2022
4757,21,通信传输设备业,雇员同比增减幅最小值,%,-50.8,12/9/2025 10:35:31,16/9/2025 09:57:51,2022
4758,21,通信传输设备业,雇员同比增减幅中位数,%,2.88,12/9/2025 10:35:31,16/9/2025 09:57:51,2022
4759,22,非金属矿物制品业,雇员同比增减幅均值,%,4.51565573770492,12/9/2025 10:35:32,16/9/2025 09:57:51,2022
4760,22,非金属矿物制品业,雇员同比增减幅最大值,%,106.9,12/9/2025 10:35:32,16/9/2025 09:57:52,2022
4761,22,非金属矿物制品业,雇员同比增减幅最小值,%,-73.34,12/9/2025 10:35:32,16/9/2025 09:57:52,2022
4762,22,非金属矿物制品业,雇员同比增减幅中位数,%,-0.8,12/9/2025 10:35:32,16/9/2025 09:57:52,2022
4763,23,橡胶和塑料制品业,雇员同比增减幅均值,%,3.72707547169811,12/9/2025 10:35:32,16/9/2025 09:57:52,2022
4764,23,橡胶和塑料制品业,雇员同比增减幅最大值,%,121.05,12/9/2025 10:35:32,16/9/2025 09:57:52,2022
4765,23,橡胶和塑料制品业,雇员同比增减幅最小值,%,-37.8,12/9/2025 10:35:32,16/9/2025 09:57:52,2022
4766,23,橡胶和塑料制品业,雇员同比增减幅中位数,%,1.96,12/9/2025 10:35:32,16/9/2025 09:57:52,2022
4767,24,综合,雇员同比增减幅均值,%,2.551875,12/9/2025 10:35:32,16/9/2025 09:57:52,2022
4768,24,综合,雇员同比增减幅最大值,%,111.78,12/9/2025 10:35:32,16/9/2025 09:57:52,2022
4769,24,综合,雇员同比增减幅最小值,%,-61.44,12/9/2025 10:35:32,16/9/2025 09:57:52,2022
4770,24,综合,雇员同比增减幅中位数,%,-0.65,12/9/2025 10:35:32,16/9/2025 09:57:52,2022
4771,25,其他制造业,雇员同比增减幅均值,%,0.8358,12/9/2025 10:35:33,16/9/2025 09:57:53,2022
4772,25,其他制造业,雇员同比增减幅最大值,%,54.56,12/9/2025 10:35:33,16/9/2025 09:57:53,2022
4773,25,其他制造业,雇员同比增减幅最小值,%,-42.79,12/9/2025 10:35:33,16/9/2025 09:57:53,2022
4774,25,其他制造业,雇员同比增减幅中位数,%,0.89,12/9/2025 10:35:33,16/9/2025 09:57:53,2022
4775,26,金属制品业,雇员同比增减幅均值,%,9.86868421052632,12/9/2025 10:35:33,16/9/2025 09:57:53,2022
4776,26,金属制品业,雇员同比增减幅最大值,%,370.95,12/9/2025 10:35:33,16/9/2025 09:57:53,2022
4777,26,金属制品业,雇员同比增减幅最小值,%,-37.26,12/9/2025 10:35:33,16/9/2025 09:57:53,2022
4778,26,金属制品业,雇员同比增减幅中位数,%,1.91,12/9/2025 10:35:33,16/9/2025 09:57:53,2022
4779,27,铁路、船舶、航空航天和其他运输设备制造业,雇员同比增减幅均值,%,10.7726262626263,12/9/2025 10:35:33,16/9/2025 09:57:53,2022
4780,27,铁路、船舶、航空航天和其他运输设备制造业,雇员同比增减幅最大值,%,332.9,12/9/2025 10:35:34,16/9/2025 09:57:54,2022
4781,27,铁路、船舶、航空航天和其他运输设备制造业,雇员同比增减幅最小值,%,-37.33,12/9/2025 10:35:34,16/9/2025 09:57:54,2022
4782,27,铁路、船舶、航空航天和其他运输设备制造业,雇员同比增减幅中位数,%,1.5,12/9/2025 10:35:34,16/9/2025 09:57:54,2022
4783,28,水利、环境和公共设施管理业,雇员同比增减幅均值,%,-1.791764706,12/9/2025 10:35:34,16/9/2025 09:57:54,2022
4784,28,水利、环境和公共设施管理业,雇员同比增减幅最大值,%,39.06,12/9/2025 10:35:34,16/9/2025 09:57:54,2022
4785,28,水利、环境和公共设施管理业,雇员同比增减幅最小值,%,-63.23,12/9/2025 10:35:34,16/9/2025 09:57:54,2022
4786,28,水利、环境和公共设施管理业,雇员同比增减幅中位数,%,-1.325,12/9/2025 10:35:34,16/9/2025 09:57:54,2022
4787,29,金属冶炼和压延加工业,雇员同比增减幅均值,%,7.62923076923077,12/9/2025 10:35:34,16/9/2025 09:57:55,2022
4788,29,金属冶炼和压延加工业,雇员同比增减幅最大值,%,104.24,12/9/2025 10:35:34,16/9/2025 09:57:55,2022
4789,29,金属冶炼和压延加工业,雇员同比增减幅最小值,%,-26.3,12/9/2025 10:35:34,16/9/2025 09:57:55,2022
4790,29,金属冶炼和压延加工业,雇员同比增减幅中位数,%,2.07,12/9/2025 10:35:34,16/9/2025 09:57:55,2022
4791,30,科学研究和技术服务业,雇员同比增减幅均值,%,9.91991935483871,12/9/2025 10:35:35,16/9/2025 09:57:55,2022
4792,30,科学研究和技术服务业,雇员同比增减幅最大值,%,121.67,12/9/2025 10:35:35,16/9/2025 09:57:55,2022
4793,30,科学研究和技术服务业,雇员同比增减幅最小值,%,-62.1,12/9/2025 10:35:35,16/9/2025 09:57:55,2022
4794,30,科学研究和技术服务业,雇员同比增减幅中位数,%,7.82,12/9/2025 10:35:35,16/9/2025 09:57:55,2022
4795,31,教育,雇员同比增减幅均值,%,2.91745762711864,12/9/2025 10:35:35,16/9/2025 09:57:56,2022
4796,31,教育,雇员同比增减幅最大值,%,1263.62,12/9/2025 10:35:35,16/9/2025 09:57:56,2022
4797,31,教育,雇员同比增减幅最小值,%,-98.7,12/9/2025 10:35:35,16/9/2025 09:57:56,2022
4798,31,教育,雇员同比增减幅中位数,%,-12.41,12/9/2025 10:35:35,16/9/2025 09:57:56,2022
4799,32,仪器仪表制造业,雇员同比增减幅均值,%,9.24112359550562,12/9/2025 10:35:36,16/9/2025 09:57:56,2022
4800,32,仪器仪表制造业,雇员同比增减幅最大值,%,47.1,12/9/2025 10:35:36,16/9/2025 09:57:56,2022
4801,32,仪器仪表制造业,雇员同比增减幅最小值,%,-36.87,12/9/2025 10:35:36,16/9/2025 09:57:56,2022
4802,32,仪器仪表制造业,雇员同比增减幅中位数,%,8.89,12/9/2025 10:35:36,16/9/2025 09:57:56,2022
4803,33,文化、体育和娱乐业,雇员同比增减幅均值,%,-0.052298851,12/9/2025 10:35:36,16/9/2025 09:57:57,2022
4804,33,文化、体育和娱乐业,雇员同比增减幅最大值,%,201.76,12/9/2025 10:35:36,16/9/2025 09:57:57,2022
4805,33,文化、体育和娱乐业,雇员同比增减幅最小值,%,-63.3,12/9/2025 10:35:36,16/9/2025 09:57:57,2022
4806,33,文化、体育和娱乐业,雇员同比增减幅中位数,%,-4.83,12/9/2025 10:35:36,16/9/2025 09:57:57,2022
4807,34,农、林、牧、渔业,雇员同比增减幅均值,%,3.3269387755102,12/9/2025 10:35:36,16/9/2025 09:57:57,2022
4808,34,农、林、牧、渔业,雇员同比增减幅最大值,%,79.1,12/9/2025 10:35:36,16/9/2025 09:57:57,2022
4809,34,农、林、牧、渔业,雇员同比增减幅最小值,%,-87.04,12/9/2025 10:35:36,16/9/2025 09:57:57,2022
4810,34,农、林、牧、渔业,雇员同比增减幅中位数,%,-0.26,12/9/2025 10:35:36,16/9/2025 09:57:57,2022
4811,35,卫生和社会工作,雇员同比增减幅均值,%,3.98607142857143,12/9/2025 10:35:37,16/9/2025 09:57:57,2022
4812,35,卫生和社会工作,雇员同比增减幅最大值,%,23.28,12/9/2025 10:35:37,16/9/2025 09:57:58,2022
4813,35,卫生和社会工作,雇员同比增减幅最小值,%,-19.54,12/9/2025 10:35:37,16/9/2025 09:57:58,2022
4814,35,卫生和社会工作,雇员同比增减幅中位数,%,4.705,12/9/2025 10:35:37,16/9/2025 09:57:58,2022
4815,36,造纸和纸制品业,雇员同比增减幅均值,%,0.748,12/9/2025 10:35:37,16/9/2025 09:57:58,2022
4816,36,造纸和纸制品业,雇员同比增减幅最大值,%,46.57,12/9/2025 10:35:37,16/9/2025 09:57:58,2022
4817,36,造纸和纸制品业,雇员同比增减幅最小值,%,-20.5,12/9/2025 10:35:37,16/9/2025 09:57:58,2022
4818,36,造纸和纸制品业,雇员同比增减幅中位数,%,-0.46,12/9/2025 10:35:37,16/9/2025 09:57:58,2022
4819,37,住宿和餐饮业,雇员同比增减幅均值,%,-7.509310345,12/9/2025 10:35:38,16/9/2025 09:57:59,2022
4820,37,住宿和餐饮业,雇员同比增减幅最大值,%,37.01,12/9/2025 10:35:38,16/9/2025 09:57:59,2022
4821,37,住宿和餐饮业,雇员同比增减幅最小值,%,-41.94,12/9/2025 10:35:38,16/9/2025 09:57:59,2022
4822,37,住宿和餐饮业,雇员同比增减幅中位数,%,-6.33,12/9/2025 10:35:38,16/9/2025 09:57:59,2022
4823,38,家具制造业,雇员同比增减幅均值,%,-1.837209302,12/9/2025 10:35:38,16/9/2025 09:58:00,2022
4824,38,家具制造业,雇员同比增减幅最大值,%,306.94,12/9/2025 10:35:38,16/9/2025 09:58:00,2022
4825,38,家具制造业,雇员同比增减幅最小值,%,-67.21,12/9/2025 10:35:39,16/9/2025 09:58:00,2022
4826,38,家具制造业,雇员同比增减幅中位数,%,-6.02,12/9/2025 10:35:39,16/9/2025 09:58:00,2022
4827,39,印刷和记录媒介复制业,雇员同比增减幅均值,%,-4.020967742,12/9/2025 10:35:39,16/9/2025 09:58:00,2022
4828,39,印刷和记录媒介复制业,雇员同比增减幅最大值,%,70,12/9/2025 10:35:39,16/9/2025 09:58:00,2022
4829,39,印刷和记录媒介复制业,雇员同比增减幅最小值,%,-47.84,12/9/2025 10:35:39,16/9/2025 09:58:00,2022
4830,39,印刷和记录媒介复制业,雇员同比增减幅中位数,%,-3.8,12/9/2025 10:35:39,16/9/2025 09:58:00,2022
4831,41,文教、工美、体育和娱乐用品制造业,雇员同比增减幅均值,%,6.50894736842105,12/9/2025 10:35:40,16/9/2025 09:58:01,2022
4832,41,文教、工美、体育和娱乐用品制造业,雇员同比增减幅最大值,%,569.76,12/9/2025 10:35:40,16/9/2025 09:58:01,2022
4833,41,文教、工美、体育和娱乐用品制造业,雇员同比增减幅最小值,%,-82.2,12/9/2025 10:35:40,16/9/2025 09:58:01,2022
4834,41,文教、工美、体育和娱乐用品制造业,雇员同比增减幅中位数,%,-7.715,12/9/2025 10:35:40,16/9/2025 09:58:01,2022
4839,43,化学纤维制造业,雇员同比增减幅均值,%,9.48441176470588,12/9/2025 10:35:40,16/9/2025 09:58:02,2022
4840,43,化学纤维制造业,雇员同比增减幅最大值,%,97.73,12/9/2025 10:35:41,16/9/2025 09:58:02,2022
4841,43,化学纤维制造业,雇员同比增减幅最小值,%,-16.4,12/9/2025 10:35:41,16/9/2025 09:58:02,2022
4842,43,化学纤维制造业,雇员同比增减幅中位数,%,5.885,12/9/2025 10:35:41,16/9/2025 09:58:02,2022
4847,45,石油加工、炼焦和核燃料加工业,雇员同比增减幅均值,%,1.3365,12/9/2025 10:35:42,16/9/2025 09:58:03,2022
4848,45,石油加工、炼焦和核燃料加工业,雇员同比增减幅最大值,%,35.79,12/9/2025 10:35:42,16/9/2025 09:58:03,2022
4849,45,石油加工、炼焦和核燃料加工业,雇员同比增减幅最小值,%,-25.25,12/9/2025 10:35:42,16/9/2025 09:58:03,2022
4850,45,石油加工、炼焦和核燃料加工业,雇员同比增减幅中位数,%,-1.095,12/9/2025 10:35:42,16/9/2025 09:58:03,2022
4851,46,废弃资源综合利用业,雇员同比增减幅均值,%,11.2646153846154,12/9/2025 10:35:42,16/9/2025 09:58:03,2022
4852,46,废弃资源综合利用业,雇员同比增减幅最大值,%,126.36,12/9/2025 10:35:43,16/9/2025 09:58:03,2022
4853,46,废弃资源综合利用业,雇员同比增减幅最小值,%,-29,12/9/2025 10:35:43,16/9/2025 09:58:03,2022
4854,46,废弃资源综合利用业,雇员同比增减幅中位数,%,5.805,12/9/2025 10:35:43,16/9/2025 09:58:03,2022
4855,47,木材加工和木、竹、藤、棕、草制品业,雇员同比增减幅均值,%,-17.54636364,12/9/2025 10:35:43,16/9/2025 09:58:04,2022
4856,47,木材加工和木、竹、藤、棕、草制品业,雇员同比增减幅最大值,%,6.98,12/9/2025 10:35:43,16/9/2025 09:58:04,2022
4857,47,木材加工和木、竹、藤、棕、草制品业,雇员同比增减幅最小值,%,-73.32,12/9/2025 10:35:43,16/9/2025 09:58:04,2022
4858,47,木材加工和木、竹、藤、棕、草制品业,雇员同比增减幅中位数,%,-8.43,12/9/2025 10:35:43,16/9/2025 09:58:04,2022
4859,48,居民服务、修理和其他服务业,雇员同比增减幅均值,%,4.58,12/9/2025 10:35:43,16/9/2025 09:58:04,2022
4860,48,居民服务、修理和其他服务业,雇员同比增减幅最大值,%,27.44,12/9/2025 10:35:43,16/9/2025 09:58:04,2022
4861,48,居民服务、修理和其他服务业,雇员同比增减幅最小值,%,-13.61,12/9/2025 10:35:43,16/9/2025 09:58:04,2022
4862,48,居民服务、修理和其他服务业,雇员同比增减幅中位数,%,2.245,12/9/2025 10:35:44,16/9/2025 09:58:04,2022
4863,0,全行业,雇员同比增减幅均值,%,5.71578322197476,12/9/2025 10:35:44,5/11/2025 08:56:03,2022
4864,0,全行业,雇员同比增减幅最大值,%,6044.61,12/9/2025 10:35:44,5/11/2025 08:56:03,2022
4865,0,全行业,雇员同比增减幅最小值,%,-99.6,12/9/2025 10:35:44,5/11/2025 08:56:03,2022
4866,0,全行业,雇员同比增减幅中位数,%,1.32,12/9/2025 10:35:44,5/11/2025 08:56:03,2022
4867,1,医药制造业,政府奖励资金、补贴合计,元,15545858555,12/9/2025 10:35:44,16/9/2025 09:58:05,2022
4868,1,医药制造业,政府奖励资金、补贴均值,千万元,3.6407162891288,12/9/2025 10:35:44,16/9/2025 09:58:05,2022
4869,1,医药制造业,政府奖励资金、补贴最大值,万元,55065.91005,12/9/2025 10:35:44,16/9/2025 09:58:05,2022
4870,1,医药制造业,政府奖励资金、补贴最小值,千万元,0.0003145,12/9/2025 10:35:44,16/9/2025 09:58:05,2022
4871,1,医药制造业,政府奖励资金、补贴中位数,十万元,160.2256162,12/9/2025 10:35:44,16/9/2025 09:58:05,2022
4872,2,化学原料和化学制品制造业,政府奖励资金、补贴合计,千万元,993.5697591290001,12/9/2025 10:35:45,16/9/2025 09:58:06,2022
4873,2,化学原料和化学制品制造业,政府奖励资金、补贴均值,十万元,274.466784289779,12/9/2025 10:35:45,16/9/2025 09:58:06,2022
4874,2,化学原料和化学制品制造业,政府奖励资金、补贴最大值,元,760840377.3,12/9/2025 10:35:45,16/9/2025 09:58:06,2022
4875,2,化学原料和化学制品制造业,政府奖励资金、补贴最小值,万元,6.3765480000000005,12/9/2025 10:35:45,16/9/2025 09:58:06,2022
4876,2,化学原料和化学制品制造业,政府奖励资金、补贴中位数,十万元,100.1902908,12/9/2025 10:35:45,16/9/2025 09:58:06,2022
4877,3,信息传输、软件和信息技术服务业,政府奖励资金、补贴合计,万元,4603319.655,12/9/2025 10:35:45,16/9/2025 09:58:06,2022
4878,3,信息传输、软件和信息技术服务业,政府奖励资金、补贴均值,千万元,8.00577331387652,12/9/2025 10:35:45,16/9/2025 09:58:06,2022
4879,3,信息传输、软件和信息技术服务业,政府奖励资金、补贴最大值,百万元,11119.08415,12/9/2025 10:35:45,16/9/2025 09:58:06,2022
4880,3,信息传输、软件和信息技术服务业,政府奖励资金、补贴最小值,千万元,0.000004,12/9/2025 10:35:45,16/9/2025 09:58:06,2022
4881,3,信息传输、软件和信息技术服务业,政府奖励资金、补贴中位数,元,8723743.79,12/9/2025 10:35:45,16/9/2025 09:58:06,2022
4882,4,房地产业,政府奖励资金、补贴合计,元,10317379885,12/9/2025 10:35:46,16/9/2025 09:58:07,2022
4883,4,房地产业,政府奖励资金、补贴均值,千万元,4.44714650222414,12/9/2025 10:35:46,16/9/2025 09:58:07,2022
4884,4,房地产业,政府奖励资金、补贴最大值,万元,88013.11095,12/9/2025 10:35:46,16/9/2025 09:58:07,2022
4885,4,房地产业,政府奖励资金、补贴最小值,元,608,12/9/2025 10:35:46,16/9/2025 09:58:07,2022
4886,4,房地产业,政府奖励资金、补贴中位数,十万元,91.66065,12/9/2025 10:35:46,16/9/2025 09:58:07,2022
4887,5,专用设备制造业,政府奖励资金、补贴合计,十万元,148891.5868,12/9/2025 10:35:46,16/9/2025 09:58:07,2022
4888,5,专用设备制造业,政府奖励资金、补贴均值,百万元,33.534141169482,12/9/2025 10:35:46,16/9/2025 09:58:07,2022
4889,5,专用设备制造业,政府奖励资金、补贴最大值,元,880533287,12/9/2025 10:35:46,16/9/2025 09:58:07,2022
4890,5,专用设备制造业,政府奖励资金、补贴最小值,万元,10.2053,12/9/2025 10:35:46,16/9/2025 09:58:07,2022
4891,5,专用设备制造业,政府奖励资金、补贴中位数,千万元,1.17628493,12/9/2025 10:35:46,16/9/2025 09:58:07,2022
4892,6,消费电子及电气业,政府奖励资金、补贴合计,元,31502089958,12/9/2025 10:35:47,16/9/2025 09:58:07,2022
4893,6,消费电子及电气业,政府奖励资金、补贴均值,千万元,9.02638680737536,12/9/2025 10:35:47,16/9/2025 09:58:07,2022
4894,6,消费电子及电气业,政府奖励资金、补贴最大值,千万元,545.8661621,12/9/2025 10:35:47,16/9/2025 09:58:07,2022
4895,6,消费电子及电气业,政府奖励资金、补贴最小值,千万元,0.002318,12/9/2025 10:35:47,16/9/2025 09:58:07,2022
4896,6,消费电子及电气业,政府奖励资金、补贴中位数,百万元,14.8705628,12/9/2025 10:35:47,16/9/2025 09:58:08,2022
4897,7,金融业,政府奖励资金、补贴合计,百万元,28327.51927,12/9/2025 10:35:47,16/9/2025 09:58:08,2022
4898,7,金融业,政府奖励资金、补贴均值,百万元,124.790833798943,12/9/2025 10:35:48,16/9/2025 09:58:08,2022
4899,7,金融业,政府奖励资金、补贴最大值,十万元,13647.15834,12/9/2025 10:35:48,16/9/2025 09:58:08,2022
4900,7,金融业,政府奖励资金、补贴最小值,十万元,0.0051,12/9/2025 10:35:48,16/9/2025 09:58:08,2022
4901,7,金融业,政府奖励资金、补贴中位数,万元,3982.1504219999997,12/9/2025 10:35:48,16/9/2025 09:58:08,2022
4902,8,商业电气机械和器材制造业,政府奖励资金、补贴合计,万元,2114255.3247209997,12/9/2025 10:35:48,16/9/2025 09:58:08,2022
4903,8,商业电气机械和器材制造业,政府奖励资金、补贴均值,元,67119216.6578095,12/9/2025 10:35:48,16/9/2025 09:58:08,2022
4904,8,商业电气机械和器材制造业,政府奖励资金、补贴最大值,千万元,270.2026576,12/9/2025 10:35:48,16/9/2025 09:58:09,2022
4905,8,商业电气机械和器材制造业,政府奖励资金、补贴最小值,百万元,0.00479162,12/9/2025 10:35:49,16/9/2025 09:58:09,2022
4906,8,商业电气机械和器材制造业,政府奖励资金、补贴中位数,百万元,14.06285239,12/9/2025 10:35:49,16/9/2025 09:58:09,2022
4907,9,批发和零售业,政府奖励资金、补贴合计,百万元,39254.51989,12/9/2025 10:35:49,16/9/2025 09:58:09,2022
4908,9,批发和零售业,政府奖励资金、补贴均值,千万元,15.639250951868501,12/9/2025 10:35:49,16/9/2025 09:58:09,2022
4909,9,批发和零售业,政府奖励资金、补贴最大值,元,29571598298,12/9/2025 10:35:49,16/9/2025 09:58:09,2022
4910,9,批发和零售业,政府奖励资金、补贴最小值,百万元,0.002008,12/9/2025 10:35:49,16/9/2025 09:58:09,2022
4911,9,批发和零售业,政府奖励资金、补贴中位数,十万元,112.687194,12/9/2025 10:35:50,16/9/2025 09:58:09,2022
4912,10,食品饮料业,政府奖励资金、补贴合计,十万元,132021.54375450002,12/9/2025 10:35:50,16/9/2025 09:58:10,2022
4913,10,食品饮料业,政府奖励资金、补贴均值,千万元,5.5008976564375,12/9/2025 10:35:50,16/9/2025 09:58:10,2022
4914,10,食品饮料业,政府奖励资金、补贴最大值,百万元,1111.257976,12/9/2025 10:35:50,16/9/2025 09:58:10,2022
4915,10,食品饮料业,政府奖励资金、补贴最小值,万元,2.0041,12/9/2025 10:35:50,16/9/2025 09:58:10,2022
4916,10,食品饮料业,政府奖励资金、补贴中位数,万元,1500.071902,12/9/2025 10:35:51,16/9/2025 09:58:10,2022
4922,12,汽车制造业,政府奖励资金、补贴合计,百万元,27693.08817,12/9/2025 10:35:52,16/9/2025 09:58:11,2022
4923,12,汽车制造业,政府奖励资金、补贴均值,千万元,12.3629857891339,12/9/2025 10:35:52,16/9/2025 09:58:11,2022
4924,12,汽车制造业,政府奖励资金、补贴最大值,千万元,365.9336975,12/9/2025 10:35:52,16/9/2025 09:58:11,2022
4925,12,汽车制造业,政府奖励资金、补贴最小值,十万元,0.360675,12/9/2025 10:35:52,16/9/2025 09:58:11,2022
4926,12,汽车制造业,政府奖励资金、补贴中位数,万元,1750.9126820000001,12/9/2025 10:35:52,16/9/2025 09:58:11,2022
4927,13,电力、热力、燃气及水生产和供应业,政府奖励资金、补贴合计,元,16091590134,12/9/2025 10:35:52,16/9/2025 09:58:11,2022
4928,13,电力、热力、燃气及水生产和供应业,政府奖励资金、补贴均值,百万元,89.89715158413411,12/9/2025 10:35:53,16/9/2025 09:58:12,2022
4929,13,电力、热力、燃气及水生产和供应业,政府奖励资金、补贴最大值,千万元,180.4434153,12/9/2025 10:35:53,16/9/2025 09:58:12,2022
4930,13,电力、热力、燃气及水生产和供应业,政府奖励资金、补贴最小值,十万元,0.09635479999999999,12/9/2025 10:35:53,16/9/2025 09:58:12,2022
4931,13,电力、热力、燃气及水生产和供应业,政府奖励资金、补贴中位数,万元,1918.6757719999998,12/9/2025 10:35:53,16/9/2025 09:58:12,2022
4932,14,采矿业,政府奖励资金、补贴合计,百万元,22309.068144470002,12/9/2025 10:35:53,16/9/2025 09:58:12,2022
4933,14,采矿业,政府奖励资金、补贴均值,十万元,1729.3851274782899,12/9/2025 10:35:53,16/9/2025 09:58:12,2022
4934,14,采矿业,政府奖励资金、补贴最大值,百万元,9277.002159,12/9/2025 10:35:53,16/9/2025 09:58:12,2022
4935,14,采矿业,政府奖励资金、补贴最小值,十万元,-595.75527,12/9/2025 10:35:53,16/9/2025 09:58:12,2022
4936,14,采矿业,政府奖励资金、补贴中位数,百万元,17.488792,12/9/2025 10:35:53,16/9/2025 09:58:12,2022
4937,15,纺织鞋服业,政府奖励资金、补贴合计,百万元,6294.319994,12/9/2025 10:35:54,16/9/2025 09:58:13,2022
4938,15,纺织鞋服业,政府奖励资金、补贴均值,十万元,365.948836886628,12/9/2025 10:35:54,16/9/2025 09:58:13,2022
4939,15,纺织鞋服业,政府奖励资金、补贴最大值,万元,190300.7176,12/9/2025 10:35:54,16/9/2025 09:58:13,2022
4940,15,纺织鞋服业,政府奖励资金、补贴最小值,元,-382028,12/9/2025 10:35:54,16/9/2025 09:58:13,2022
4941,15,纺织鞋服业,政府奖励资金、补贴中位数,万元,796.812059,12/9/2025 10:35:54,16/9/2025 09:58:13,2022
4942,16,建筑业,政府奖励资金、补贴合计,元,12861019482,12/9/2025 10:35:55,16/9/2025 09:58:14,2022
4943,16,建筑业,政府奖励资金、补贴均值,元,91212904.1303546,12/9/2025 10:35:55,16/9/2025 09:58:14,2022
4944,16,建筑业,政府奖励资金、补贴最大值,百万元,1480.002376,12/9/2025 10:35:55,16/9/2025 09:58:14,2022
4945,16,建筑业,政府奖励资金、补贴最小值,十万元,-152.0200548,12/9/2025 10:35:55,16/9/2025 09:58:14,2022
4946,16,建筑业,政府奖励资金、补贴中位数,十万元,79.4574356,12/9/2025 10:35:55,16/9/2025 09:58:14,2022
4947,17,交通运输、仓储和邮政业,政府奖励资金、补贴合计,百万元,19209.340083349998,12/9/2025 10:35:56,16/9/2025 09:58:14,2022
4948,17,交通运输、仓储和邮政业,政府奖励资金、补贴均值,万元,11784.8712167791,12/9/2025 10:35:56,16/9/2025 09:58:14,2022
4949,17,交通运输、仓储和邮政业,政府奖励资金、补贴最大值,百万元,4688.008342,12/9/2025 10:35:56,16/9/2025 09:58:14,2022
4950,17,交通运输、仓储和邮政业,政府奖励资金、补贴最小值,十万元,0.10459,12/9/2025 10:35:56,16/9/2025 09:58:15,2022
4951,17,交通运输、仓储和邮政业,政府奖励资金、补贴中位数,元,22595123.86,12/9/2025 10:35:56,16/9/2025 09:58:15,2022
4952,18,通用设备制造业,政府奖励资金、补贴合计,万元,711988.9043,12/9/2025 10:35:57,16/9/2025 09:58:15,2022
4953,18,通用设备制造业,政府奖励资金、补贴均值,元,33904233.5397143,12/9/2025 10:35:57,16/9/2025 09:58:15,2022
4954,18,通用设备制造业,政府奖励资金、补贴最大值,千万元,101.2712445,12/9/2025 10:35:57,16/9/2025 09:58:15,2022
4955,18,通用设备制造业,政府奖励资金、补贴最小值,十万元,6.111836899999999,12/9/2025 10:35:57,16/9/2025 09:58:15,2022
4956,18,通用设备制造业,政府奖励资金、补贴中位数,元,11311240.53,12/9/2025 10:35:57,16/9/2025 09:58:15,2022
4957,19,半导体业,政府奖励资金、补贴合计,元,13966529456,12/9/2025 10:35:57,16/9/2025 09:58:15,2022
4958,19,半导体业,政府奖励资金、补贴均值,百万元,84.645633068303,12/9/2025 10:35:58,16/9/2025 09:58:16,2022
4959,19,半导体业,政府奖励资金、补贴最大值,十万元,19389.7526,12/9/2025 10:35:58,16/9/2025 09:58:16,2022
4960,19,半导体业,政府奖励资金、补贴最小值,千万元,0.017446003,12/9/2025 10:35:58,16/9/2025 09:58:16,2022
4961,19,半导体业,政府奖励资金、补贴中位数,万元,1859.41362,12/9/2025 10:35:58,16/9/2025 09:58:16,2022
4962,20,租赁和商务服务业,政府奖励资金、补贴合计,万元,379984.07923800003,12/9/2025 10:35:58,16/9/2025 09:58:16,2022
4963,20,租赁和商务服务业,政府奖励资金、补贴均值,元,39173616.4162887,12/9/2025 10:35:58,16/9/2025 09:58:16,2022
4964,20,租赁和商务服务业,政府奖励资金、补贴最大值,十万元,7150.426774,12/9/2025 10:35:58,16/9/2025 09:58:16,2022
4965,20,租赁和商务服务业,政府奖励资金、补贴最小值,万元,1.766,12/9/2025 10:35:59,16/9/2025 09:58:16,2022
4966,20,租赁和商务服务业,政府奖励资金、补贴中位数,百万元,6.97459968,12/9/2025 10:35:59,16/9/2025 09:58:16,2022
4967,21,通信传输设备业,政府奖励资金、补贴合计,千万元,1036.533028,12/9/2025 10:35:59,16/9/2025 09:58:17,2022
4968,21,通信传输设备业,政府奖励资金、补贴均值,十万元,901.333067686957,12/9/2025 10:35:59,16/9/2025 09:58:17,2022
4969,21,通信传输设备业,政府奖励资金、补贴最大值,万元,655200.5523,12/9/2025 10:35:59,16/9/2025 09:58:17,2022
4970,21,通信传输设备业,政府奖励资金、补贴最小值,十万元,2.2037628,12/9/2025 10:35:59,16/9/2025 09:58:17,2022
4971,21,通信传输设备业,政府奖励资金、补贴中位数,元,16968170.91,12/9/2025 10:36:00,16/9/2025 09:58:17,2022
4972,22,非金属矿物制品业,政府奖励资金、补贴合计,千万元,861.4396221280001,12/9/2025 10:36:00,16/9/2025 09:58:18,2022
4973,22,非金属矿物制品业,政府奖励资金、补贴均值,万元,6947.09372683871,12/9/2025 10:36:00,16/9/2025 09:58:18,2022
4974,22,非金属矿物制品业,政府奖励资金、补贴最大值,十万元,13354.16926,12/9/2025 10:36:00,16/9/2025 09:58:18,2022
4975,22,非金属矿物制品业,政府奖励资金、补贴最小值,千万元,0.0041127,12/9/2025 10:36:00,16/9/2025 09:58:18,2022
4976,22,非金属矿物制品业,政府奖励资金、补贴中位数,元,18614804.79,12/9/2025 10:36:00,16/9/2025 09:58:18,2022
4977,23,橡胶和塑料制品业,政府奖励资金、补贴合计,元,1966394638,12/9/2025 10:36:00,16/9/2025 09:58:18,2022
4978,23,橡胶和塑料制品业,政府奖励资金、补贴均值,万元,1837.7519982710298,12/9/2025 10:36:01,16/9/2025 09:58:18,2022
4979,23,橡胶和塑料制品业,政府奖励资金、补贴最大值,百万元,310.72064389999997,12/9/2025 10:36:01,16/9/2025 09:58:18,2022
4980,23,橡胶和塑料制品业,政府奖励资金、补贴最小值,万元,38.31531,12/9/2025 10:36:01,16/9/2025 09:58:18,2022
4981,23,橡胶和塑料制品业,政府奖励资金、补贴中位数,元,9217314.61,12/9/2025 10:36:01,16/9/2025 09:58:18,2022
4982,24,综合,政府奖励资金、补贴合计,千万元,145.2833082,12/9/2025 10:36:01,16/9/2025 09:58:18,2022
4983,24,综合,政府奖励资金、补贴均值,万元,4842.77693926667,12/9/2025 10:36:01,16/9/2025 09:58:18,2022
4984,24,综合,政府奖励资金、补贴最大值,千万元,78.8803682,12/9/2025 10:36:01,16/9/2025 09:58:18,2022
4985,24,综合,政府奖励资金、补贴最小值,千万元,0.00007444299999999999,12/9/2025 10:36:01,16/9/2025 09:58:18,2022
4986,24,综合,政府奖励资金、补贴中位数,元,3711108.37,12/9/2025 10:36:01,16/9/2025 09:58:19,2022
4987,25,其他制造业,政府奖励资金、补贴合计,千万元,45.868556412000004,12/9/2025 10:36:01,16/9/2025 09:58:19,2022
4988,25,其他制造业,政府奖励资金、补贴均值,十万元,91.73711282400001,12/9/2025 10:36:01,16/9/2025 09:58:19,2022
4989,25,其他制造业,政府奖励资金、补贴最大值,千万元,5.9006766509999995,12/9/2025 10:36:01,16/9/2025 09:58:19,2022
4990,25,其他制造业,政府奖励资金、补贴最小值,千万元,0.00042921999999999996,12/9/2025 10:36:01,16/9/2025 09:58:19,2022
4991,25,其他制造业,政府奖励资金、补贴中位数,十万元,40.76168345,12/9/2025 10:36:02,16/9/2025 09:58:19,2022
4992,26,金属制品业,政府奖励资金、补贴合计,千万元,342.845343,12/9/2025 10:36:02,16/9/2025 09:58:19,2022
4993,26,金属制品业,政府奖励资金、补贴均值,万元,3007.41528938597,12/9/2025 10:36:02,16/9/2025 09:58:20,2022
4994,26,金属制品业,政府奖励资金、补贴最大值,十万元,5592.47364,12/9/2025 10:36:02,16/9/2025 09:58:20,2022
4995,26,金属制品业,政府奖励资金、补贴最小值,万元,7.5281,12/9/2025 10:36:02,16/9/2025 09:58:20,2022
4996,26,金属制品业,政府奖励资金、补贴中位数,十万元,110.2221306,12/9/2025 10:36:02,16/9/2025 09:58:20,2022
4997,27,铁路、船舶、航空航天和其他运输设备制造业,政府奖励资金、补贴合计,十万元,82631.77781,12/9/2025 10:36:02,16/9/2025 09:58:20,2022
4998,27,铁路、船舶、航空航天和其他运输设备制造业,政府奖励资金、补贴均值,十万元,851.873997998969,12/9/2025 10:36:02,16/9/2025 09:58:20,2022
4999,27,铁路、船舶、航空航天和其他运输设备制造业,政府奖励资金、补贴最大值,十万元,19721.36793,12/9/2025 10:36:03,16/9/2025 09:58:20,2022
5000,27,铁路、船舶、航空航天和其他运输设备制造业,政府奖励资金、补贴最小值,万元,-26.302278,12/9/2025 10:36:03,16/9/2025 09:58:20,2022
5001,27,铁路、船舶、航空航天和其他运输设备制造业,政府奖励资金、补贴中位数,百万元,16.9349772,12/9/2025 10:36:03,16/9/2025 09:58:20,2022
5002,28,水利、环境和公共设施管理业,政府奖励资金、补贴合计,十万元,19061.73291,12/9/2025 10:36:03,16/9/2025 09:58:20,2022
5003,28,水利、环境和公共设施管理业,政府奖励资金、补贴均值,元,18328589.3330769,12/9/2025 10:36:03,16/9/2025 09:58:20,2022
5004,28,水利、环境和公共设施管理业,政府奖励资金、补贴最大值,万元,20736.31555,12/9/2025 10:36:03,16/9/2025 09:58:20,2022
5005,28,水利、环境和公共设施管理业,政府奖励资金、补贴最小值,百万元,0.03202893,12/9/2025 10:36:03,16/9/2025 09:58:20,2022
5006,28,水利、环境和公共设施管理业,政府奖励资金、补贴中位数,万元,872.1711685,12/9/2025 10:36:03,16/9/2025 09:58:20,2022
5007,29,金属冶炼和压延加工业,政府奖励资金、补贴合计,万元,945878.3949219999,12/9/2025 10:36:03,16/9/2025 09:58:21,2022
5008,29,金属冶炼和压延加工业,政府奖励资金、补贴均值,元,65685999.6473611,12/9/2025 10:36:03,16/9/2025 09:58:21,2022
5009,29,金属冶炼和压延加工业,政府奖励资金、补贴最大值,万元,80200.1528,12/9/2025 10:36:03,16/9/2025 09:58:21,2022
5010,29,金属冶炼和压延加工业,政府奖励资金、补贴最小值,万元,4.826956,12/9/2025 10:36:03,16/9/2025 09:58:21,2022
5011,29,金属冶炼和压延加工业,政府奖励资金、补贴中位数,千万元,3.473019296,12/9/2025 10:36:03,16/9/2025 09:58:21,2022
5012,30,科学研究和技术服务业,政府奖励资金、补贴合计,千万元,225.699205,12/9/2025 10:36:04,16/9/2025 09:58:21,2022
5013,30,科学研究和技术服务业,政府奖励资金、补贴均值,百万元,18.2015487933871,12/9/2025 10:36:04,16/9/2025 09:58:21,2022
5014,30,科学研究和技术服务业,政府奖励资金、补贴最大值,元,342679098.8,12/9/2025 10:36:04,16/9/2025 09:58:21,2022
5015,30,科学研究和技术服务业,政府奖励资金、补贴最小值,元,46936,12/9/2025 10:36:04,16/9/2025 09:58:21,2022
5016,30,科学研究和技术服务业,政府奖励资金、补贴中位数,千万元,0.9723255494999999,12/9/2025 10:36:04,16/9/2025 09:58:21,2022
5017,31,教育,政府奖励资金、补贴合计,十万元,8054.763208400001,12/9/2025 10:36:04,16/9/2025 09:58:22,2022
5018,31,教育,政府奖励资金、补贴均值,十万元,157.936533498039,12/9/2025 10:36:04,16/9/2025 09:58:22,2022
5019,31,教育,政府奖励资金、补贴最大值,元,152448533.4,12/9/2025 10:36:04,16/9/2025 09:58:22,2022
5020,31,教育,政府奖励资金、补贴最小值,元,1415,12/9/2025 10:36:04,16/9/2025 09:58:22,2022
5021,31,教育,政府奖励资金、补贴中位数,元,4407557,12/9/2025 10:36:05,16/9/2025 09:58:22,2022
5022,32,仪器仪表制造业,政府奖励资金、补贴合计,千万元,144.23720861500001,12/9/2025 10:36:05,16/9/2025 09:58:22,2022
5023,32,仪器仪表制造业,政府奖励资金、补贴均值,十万元,163.90591888068198,12/9/2025 10:36:05,16/9/2025 09:58:22,2022
5024,32,仪器仪表制造业,政府奖励资金、补贴最大值,百万元,150.6619024,12/9/2025 10:36:05,16/9/2025 09:58:22,2022
5025,32,仪器仪表制造业,政府奖励资金、补贴最小值,百万元,0.2053491,12/9/2025 10:36:05,16/9/2025 09:58:22,2022
5026,32,仪器仪表制造业,政府奖励资金、补贴中位数,百万元,9.32810422,12/9/2025 10:36:05,16/9/2025 09:58:22,2022
5027,33,文化、体育和娱乐业,政府奖励资金、补贴合计,元,2342875284,12/9/2025 10:36:05,16/9/2025 09:58:23,2022
5028,33,文化、体育和娱乐业,政府奖励资金、补贴均值,十万元,275.63238636235303,12/9/2025 10:36:05,16/9/2025 09:58:23,2022
5029,33,文化、体育和娱乐业,政府奖励资金、补贴最大值,十万元,1553.063046,12/9/2025 10:36:05,16/9/2025 09:58:23,2022
5030,33,文化、体育和娱乐业,政府奖励资金、补贴最小值,千万元,0.0013577,12/9/2025 10:36:05,16/9/2025 09:58:23,2022
5031,33,文化、体育和娱乐业,政府奖励资金、补贴中位数,十万元,126.9594777,12/9/2025 10:36:05,16/9/2025 09:58:23,2022
5032,34,农、林、牧、渔业,政府奖励资金、补贴合计,万元,171286.2736,12/9/2025 10:36:06,16/9/2025 09:58:23,2022
5033,34,农、林、牧、渔业,政府奖励资金、补贴均值,万元,3495.63823571429,12/9/2025 10:36:06,16/9/2025 09:58:23,2022
5034,34,农、林、牧、渔业,政府奖励资金、补贴最大值,十万元,3997.87736,12/9/2025 10:36:06,16/9/2025 09:58:23,2022
5035,34,农、林、牧、渔业,政府奖励资金、补贴最小值,千万元,0.008491074000000001,12/9/2025 10:36:06,16/9/2025 09:58:23,2022
5036,34,农、林、牧、渔业,政府奖励资金、补贴中位数,万元,1434.2451,12/9/2025 10:36:06,16/9/2025 09:58:23,2022
5037,35,卫生和社会工作,政府奖励资金、补贴合计,万元,45217.405182999995,12/9/2025 10:36:06,16/9/2025 09:58:23,2022
5038,35,卫生和社会工作,政府奖励资金、补贴均值,元,18840585.4929167,12/9/2025 10:36:06,16/9/2025 09:58:23,2022
5039,35,卫生和社会工作,政府奖励资金、补贴最大值,千万元,8.189826548000001,12/9/2025 10:36:06,16/9/2025 09:58:23,2022
5040,35,卫生和社会工作,政府奖励资金、补贴最小值,元,190509.5,12/9/2025 10:36:06,16/9/2025 09:58:24,2022
5041,35,卫生和社会工作,政府奖励资金、补贴中位数,元,7167082.13,12/9/2025 10:36:06,16/9/2025 09:58:24,2022
5042,36,造纸和纸制品业,政府奖励资金、补贴合计,千万元,240.6459159,12/9/2025 10:36:07,16/9/2025 09:58:24,2022
5043,36,造纸和纸制品业,政府奖励资金、补贴均值,千万元,4.91114114061224,12/9/2025 10:36:07,16/9/2025 09:58:24,2022
5044,36,造纸和纸制品业,政府奖励资金、补贴最大值,元,546164527,12/9/2025 10:36:07,16/9/2025 09:58:24,2022
5045,36,造纸和纸制品业,政府奖励资金、补贴最小值,万元,81.86531,12/9/2025 10:36:07,16/9/2025 09:58:24,2022
5046,36,造纸和纸制品业,政府奖励资金、补贴中位数,千万元,0.96141845,12/9/2025 10:36:07,16/9/2025 09:58:24,2022
5047,37,住宿和餐饮业,政府奖励资金、补贴合计,万元,83283.98849,12/9/2025 10:36:07,16/9/2025 09:58:24,2022
5048,37,住宿和餐饮业,政府奖励资金、补贴均值,千万元,2.8718616721034502,12/9/2025 10:36:07,16/9/2025 09:58:24,2022
5049,37,住宿和餐饮业,政府奖励资金、补贴最大值,万元,29571.4693,12/9/2025 10:36:07,16/9/2025 09:58:24,2022
5050,37,住宿和餐饮业,政府奖励资金、补贴最小值,十万元,1.02923,12/9/2025 10:36:07,16/9/2025 09:58:24,2022
5051,37,住宿和餐饮业,政府奖励资金、补贴中位数,千万元,1.0484715,12/9/2025 10:36:07,16/9/2025 09:58:24,2022
5052,38,家具制造业,政府奖励资金、补贴合计,万元,139449.0274,12/9/2025 10:36:08,16/9/2025 09:58:25,2022
5053,38,家具制造业,政府奖励资金、补贴均值,万元,3486.225686,12/9/2025 10:36:08,16/9/2025 09:58:25,2022
5054,38,家具制造业,政府奖励资金、补贴最大值,千万元,32.02413581,12/9/2025 10:36:08,16/9/2025 09:58:25,2022
5055,38,家具制造业,政府奖励资金、补贴最小值,万元,25.4035,12/9/2025 10:36:08,16/9/2025 09:58:25,2022
5056,38,家具制造业,政府奖励资金、补贴中位数,百万元,14.06488417,12/9/2025 10:36:08,16/9/2025 09:58:25,2022
5057,39,印刷和记录媒介复制业,政府奖励资金、补贴合计,万元,53892.830538999995,12/9/2025 10:36:08,16/9/2025 09:58:25,2022
5058,39,印刷和记录媒介复制业,政府奖励资金、补贴均值,百万元,19.2474394782143,12/9/2025 10:36:08,16/9/2025 09:58:25,2022
5059,39,印刷和记录媒介复制业,政府奖励资金、补贴最大值,元,246037938,12/9/2025 10:36:08,16/9/2025 09:58:25,2022
5060,39,印刷和记录媒介复制业,政府奖励资金、补贴最小值,元,135036,12/9/2025 10:36:08,16/9/2025 09:58:25,2022
5061,39,印刷和记录媒介复制业,政府奖励资金、补贴中位数,百万元,5.267480184999999,12/9/2025 10:36:08,16/9/2025 09:58:25,2022
5062,41,文教、工美、体育和娱乐用品制造业,政府奖励资金、补贴合计,千万元,58.20463681,12/9/2025 10:36:09,16/9/2025 09:58:26,2022
5063,41,文教、工美、体育和娱乐用品制造业,政府奖励资金、补贴均值,千万元,1.61679546697222,12/9/2025 10:36:09,16/9/2025 09:58:26,2022
5064,41,文教、工美、体育和娱乐用品制造业,政府奖励资金、补贴最大值,十万元,1376.810739,12/9/2025 10:36:09,16/9/2025 09:58:26,2022
5065,41,文教、工美、体育和娱乐用品制造业,政府奖励资金、补贴最小值,千万元,0.00318762,12/9/2025 10:36:09,16/9/2025 09:58:26,2022
5066,41,文教、工美、体育和娱乐用品制造业,政府奖励资金、补贴中位数,元,3360677.76,12/9/2025 10:36:09,16/9/2025 09:58:26,2022
5072,43,化学纤维制造业,政府奖励资金、补贴合计,百万元,5253.159641,12/9/2025 10:36:09,16/9/2025 09:58:27,2022
5073,43,化学纤维制造业,政府奖励资金、补贴均值,百万元,154.504695319706,12/9/2025 10:36:09,16/9/2025 09:58:27,2022
5074,43,化学纤维制造业,政府奖励资金、补贴最大值,元,2359470443,12/9/2025 10:36:09,16/9/2025 09:58:27,2022
5075,43,化学纤维制造业,政府奖励资金、补贴最小值,十万元,5.475913,12/9/2025 10:36:10,16/9/2025 09:58:27,2022
5076,43,化学纤维制造业,政府奖励资金、补贴中位数,千万元,1.702628354,12/9/2025 10:36:10,16/9/2025 09:58:27,2022
5082,45,石油加工、炼焦和核燃料加工业,政府奖励资金、补贴合计,元,337558384.2,12/9/2025 10:36:11,16/9/2025 09:58:28,2022
5083,45,石油加工、炼焦和核燃料加工业,政府奖励资金、补贴均值,元,17766230.7484211,12/9/2025 10:36:11,16/9/2025 09:58:28,2022
5084,45,石油加工、炼焦和核燃料加工业,政府奖励资金、补贴最大值,十万元,1113.2109395999998,12/9/2025 10:36:11,16/9/2025 09:58:28,2022
5085,45,石油加工、炼焦和核燃料加工业,政府奖励资金、补贴最小值,万元,5.64801,12/9/2025 10:36:11,16/9/2025 09:58:28,2022
5086,45,石油加工、炼焦和核燃料加工业,政府奖励资金、补贴中位数,万元,945.294122,12/9/2025 10:36:11,16/9/2025 09:58:28,2022
5087,46,废弃资源综合利用业,政府奖励资金、补贴合计,千万元,124.6403684,12/9/2025 10:36:11,16/9/2025 09:58:28,2022
5088,46,废弃资源综合利用业,政府奖励资金、补贴均值,万元,4793.86032473077,12/9/2025 10:36:12,16/9/2025 09:58:28,2022
5089,46,废弃资源综合利用业,政府奖励资金、补贴最大值,元,269162030.8,12/9/2025 10:36:12,16/9/2025 09:58:28,2022
5090,46,废弃资源综合利用业,政府奖励资金、补贴最小值,元,10263,12/9/2025 10:36:12,16/9/2025 09:58:28,2022
5091,46,废弃资源综合利用业,政府奖励资金、补贴中位数,十万元,154.7706644,12/9/2025 10:36:12,16/9/2025 09:58:28,2022
5092,47,木材加工和木、竹、藤、棕、草制品业,政府奖励资金、补贴合计,千万元,17.69738144,12/9/2025 10:36:12,16/9/2025 09:58:29,2022
5093,47,木材加工和木、竹、藤、棕、草制品业,政府奖励资金、补贴均值,百万元,17.69738144,12/9/2025 10:36:12,16/9/2025 09:58:29,2022
5094,47,木材加工和木、竹、藤、棕、草制品业,政府奖励资金、补贴最大值,十万元,714.9069522,12/9/2025 10:36:12,16/9/2025 09:58:29,2022
5095,47,木材加工和木、竹、藤、棕、草制品业,政府奖励资金、补贴最小值,百万元,-5.111728,12/9/2025 10:36:12,16/9/2025 09:58:29,2022
5096,47,木材加工和木、竹、藤、棕、草制品业,政府奖励资金、补贴中位数,元,12359456.26,12/9/2025 10:36:13,16/9/2025 09:58:29,2022
5097,48,居民服务、修理和其他服务业,政府奖励资金、补贴合计,元,29843573.37,12/9/2025 10:36:13,16/9/2025 09:58:29,2022
5098,48,居民服务、修理和其他服务业,政府奖励资金、补贴均值,千万元,0.746089334,12/9/2025 10:36:13,16/9/2025 09:58:29,2022
5099,48,居民服务、修理和其他服务业,政府奖励资金、补贴最大值,十万元,265.97984,12/9/2025 10:36:13,16/9/2025 09:58:29,2022
5100,48,居民服务、修理和其他服务业,政府奖励资金、补贴最小值,元,93032,12/9/2025 10:36:13,16/9/2025 09:58:29,2022
5101,48,居民服务、修理和其他服务业,政府奖励资金、补贴中位数,万元,157.6278685,12/9/2025 10:36:13,16/9/2025 09:58:29,2022
5102,0,全行业,政府奖励资金、补贴合计,元,4.2722E+11,12/9/2025 10:36:14,5/11/2025 08:56:03,2022
5103,0,全行业,政府奖励资金、补贴均值,元,65898580.4653093,12/9/2025 10:36:14,5/11/2025 08:56:03,2022
5104,0,全行业,政府奖励资金、补贴最大值,元,29571598298,12/9/2025 10:36:14,5/11/2025 08:56:03,2022
5105,0,全行业,政府奖励资金、补贴最小值,千万元,-5.9575527,12/9/2025 10:36:14,5/11/2025 08:56:03,2022
5106,0,全行业,政府奖励资金、补贴中位数,十万元,122.9031698,12/9/2025 10:36:14,5/11/2025 08:56:03,2022
5107,1,医药制造业,市场价值合计,万元,591579300,12/9/2025 10:36:14,16/9/2025 09:58:30,2022
5108,1,医药制造业,公司市值均值,千万元,1317.54855233853,12/9/2025 10:36:14,16/9/2025 09:58:30,2022
5109,1,医药制造业,公司市值最大值,百万元,305900,12/9/2025 10:36:14,16/9/2025 09:58:30,2022
5110,1,医药制造业,市场价值最小值,千万元,0.8,12/9/2025 10:36:14,16/9/2025 09:58:30,2022
5111,1,医药制造业,市值中位数,千万元,600,12/9/2025 10:36:14,16/9/2025 09:58:30,2022
5112,2,化学原料和化学制品制造业,市值合计,亿元,34115.3,12/9/2025 10:36:14,16/9/2025 09:58:31,2022
5113,2,化学原料和化学制品制造业,市场价值均值,十万元,93723.3516483517,12/9/2025 10:36:15,16/9/2025 09:58:31,2022
5114,2,化学原料和化学制品制造业,市值最大值,万元,27540000,12/9/2025 10:36:15,16/9/2025 09:58:31,2022
5115,2,化学原料和化学制品制造业,市值最小值,亿元,0.3,12/9/2025 10:36:15,16/9/2025 09:58:31,2022
5116,2,化学原料和化学制品制造业,市场价值中位数,十万元,46500,12/9/2025 10:36:15,16/9/2025 09:58:31,2022
5117,3,信息传输、软件和信息技术服务业,市场价值合计,万元,2036858700,12/9/2025 10:36:15,16/9/2025 09:58:31,2022
5118,3,信息传输、软件和信息技术服务业,市值均值,十万元,316774.29237947095,12/9/2025 10:36:15,16/9/2025 09:58:31,2022
5119,3,信息传输、软件和信息技术服务业,公司市值最大值,千万元,292950,12/9/2025 10:36:15,16/9/2025 09:58:32,2022
5120,3,信息传输、软件和信息技术服务业,公司总市值最小值,十万元,120,12/9/2025 10:36:15,16/9/2025 09:58:32,2022
5121,3,信息传输、软件和信息技术服务业,市值中位数,亿元,52,12/9/2025 10:36:15,16/9/2025 09:58:32,2022
5122,4,房地产业,市场价值合计,百万元,3055922,12/9/2025 10:36:15,16/9/2025 09:58:32,2022
5123,4,房地产业,市值均值,十万元,103590.576271186,12/9/2025 10:36:15,16/9/2025 09:58:32,2022
5124,4,房地产业,市场价值最大值,十万元,2187000,12/9/2025 10:36:16,16/9/2025 09:58:32,2022
5125,4,房地产业,市场价值最小值,万元,2300,12/9/2025 10:36:16,16/9/2025 09:58:32,2022
5126,4,房地产业,市值中位数,万元,270000,12/9/2025 10:36:16,16/9/2025 09:58:32,2022
5127,5,专用设备制造业,市值合计,百万元,4726021,12/9/2025 10:36:16,16/9/2025 09:58:33,2022
5128,5,专用设备制造业,公司总市值均值,百万元,10572.7539149888,12/9/2025 10:36:16,16/9/2025 09:58:33,2022
5129,5,专用设备制造业,市值最大值,万元,36320000,12/9/2025 10:36:16,16/9/2025 09:58:33,2022
5130,5,专用设备制造业,公司市值最小值,万元,2800.0000000000005,12/9/2025 10:36:16,16/9/2025 09:58:33,2022
5131,5,专用设备制造业,公司总市值中位数,百万元,4700,12/9/2025 10:36:16,16/9/2025 09:58:33,2022
5132,6,消费电子及电气业,市场价值合计,千万元,610890.7,12/9/2025 10:36:16,16/9/2025 09:58:33,2022
5133,6,消费电子及电气业,公司市值均值,百万元,17159.851123595497,12/9/2025 10:36:16,16/9/2025 09:58:33,2022
5134,6,消费电子及电气业,公司总市值最大值,亿元,5008,12/9/2025 10:36:17,16/9/2025 09:58:34,2022
5135,6,消费电子及电气业,公司市值最小值,百万元,16,12/9/2025 10:36:17,16/9/2025 09:58:34,2022
5136,6,消费电子及电气业,公司市值中位数,万元,485000,12/9/2025 10:36:17,16/9/2025 09:58:34,2022
5137,7,金融业,市场价值合计,千万元,2495134.5,12/9/2025 10:36:17,16/9/2025 09:58:34,2022
5138,7,金融业,公司市值均值,千万元,8401.12626262626,12/9/2025 10:36:17,16/9/2025 09:58:34,2022
5139,7,金融业,公司市值最大值,万元,163860000,12/9/2025 10:36:17,16/9/2025 09:58:34,2022
5140,7,金融业,公司市值最小值,十万元,100,12/9/2025 10:36:17,16/9/2025 09:58:34,2022
5141,7,金融业,公司市值中位数,十万元,153000,12/9/2025 10:36:17,16/9/2025 09:58:34,2022
5142,8,商业电气机械和器材制造业,市值合计,百万元,5547070,12/9/2025 10:36:17,16/9/2025 09:58:34,2022
5143,8,商业电气机械和器材制造业,公司市值均值,十万元,173889.34169279,12/9/2025 10:36:17,16/9/2025 09:58:34,2022
5144,8,商业电气机械和器材制造业,公司市值最大值,万元,100320000,12/9/2025 10:36:17,16/9/2025 09:58:34,2022
5145,8,商业电气机械和器材制造业,市值最小值,百万元,32,12/9/2025 10:36:18,16/9/2025 09:58:34,2022
5146,8,商业电气机械和器材制造业,公司市值中位数,亿元,54,12/9/2025 10:36:18,16/9/2025 09:58:35,2022
5147,9,批发和零售业,市场价值合计,百万元,2289810,12/9/2025 10:36:18,16/9/2025 09:58:35,2022
5148,9,批发和零售业,市场价值均值,百万元,8387.58241758242,12/9/2025 10:36:18,16/9/2025 09:58:35,2022
5149,9,批发和零售业,市值最大值,十万元,1694000,12/9/2025 10:36:18,16/9/2025 09:58:35,2022
5150,9,批发和零售业,公司总市值最小值,十万元,200,12/9/2025 10:36:18,16/9/2025 09:58:35,2022
5151,9,批发和零售业,公司市值中位数,十万元,39000,12/9/2025 10:36:18,16/9/2025 09:58:35,2022
5152,10,食品饮料业,市场价值合计,千万元,782137.6,12/9/2025 10:36:19,16/9/2025 09:58:35,2022
5153,10,食品饮料业,公司市值均值,千万元,3166.5489878542503,12/9/2025 10:36:19,16/9/2025 09:58:35,2022
5154,10,食品饮料业,公司总市值最大值,千万元,212730,12/9/2025 10:36:19,16/9/2025 09:58:35,2022
5155,10,食品饮料业,公司市值最小值,千万元,3,12/9/2025 10:36:19,16/9/2025 09:58:35,2022
5156,10,食品饮料业,市场价值中位数,十万元,57000,12/9/2025 10:36:19,16/9/2025 09:58:35,2022
5162,12,汽车制造业,公司市值合计,亿元,53641.58,12/9/2025 10:36:20,16/9/2025 09:58:37,2022
5163,12,汽车制造业,市场价值均值,亿元,233.224260869565,12/9/2025 10:36:20,16/9/2025 09:58:37,2022
5164,12,汽车制造业,市值最大值,十万元,7211000,12/9/2025 10:36:20,16/9/2025 09:58:37,2022
5165,12,汽车制造业,市场价值最小值,百万元,41,12/9/2025 10:36:20,16/9/2025 09:58:37,2022
5166,12,汽车制造业,公司市值中位数,十万元,51500,12/9/2025 10:36:21,16/9/2025 09:58:37,2022
5167,13,电力、热力、燃气及水生产和供应业,公司市值合计,万元,406040600,12/9/2025 10:36:21,16/9/2025 09:58:37,2022
5168,13,电力、热力、燃气及水生产和供应业,公司市值均值,千万元,2148.36296296296,12/9/2025 10:36:21,16/9/2025 09:58:37,2022
5169,13,电力、热力、燃气及水生产和供应业,市值最大值,亿元,5397,12/9/2025 10:36:21,16/9/2025 09:58:37,2022
5170,13,电力、热力、燃气及水生产和供应业,公司市值最小值,亿元,0.32,12/9/2025 10:36:21,16/9/2025 09:58:37,2022
5171,13,电力、热力、燃气及水生产和供应业,市值中位数,千万元,810,12/9/2025 10:36:21,16/9/2025 09:58:37,2022
5172,14,采矿业,市场价值合计,十万元,83569810,12/9/2025 10:36:22,16/9/2025 09:58:38,2022
5173,14,采矿业,市场价值均值,亿元,588.519788732394,12/9/2025 10:36:22,16/9/2025 09:58:38,2022
5174,14,采矿业,公司总市值最大值,千万元,131980,12/9/2025 10:36:22,16/9/2025 09:58:38,2022
5175,14,采矿业,公司市值最小值,百万元,23,12/9/2025 10:36:22,16/9/2025 09:58:38,2022
5176,14,采矿业,市值中位数,亿元,93.5,12/9/2025 10:36:22,16/9/2025 09:58:38,2022
5177,15,纺织鞋服业,公司总市值合计,千万元,109421.5,12/9/2025 10:36:23,16/9/2025 09:58:38,2022
5178,15,纺织鞋服业,公司总市值均值,亿元,61.8200564971751,12/9/2025 10:36:23,16/9/2025 09:58:38,2022
5179,15,纺织鞋服业,公司市值最大值,亿元,2098,12/9/2025 10:36:23,16/9/2025 09:58:38,2022
5180,15,纺织鞋服业,公司市值最小值,百万元,28.000000000000004,12/9/2025 10:36:23,16/9/2025 09:58:38,2022
5181,15,纺织鞋服业,公司市值中位数,亿元,24,12/9/2025 10:36:23,16/9/2025 09:58:38,2022
5182,16,建筑业,市值合计,千万元,215064.8,12/9/2025 10:36:23,16/9/2025 09:58:39,2022
5183,16,建筑业,市场价值均值,千万元,1453.1405405405399,12/9/2025 10:36:23,16/9/2025 09:58:39,2022
5184,16,建筑业,市值最大值,十万元,2400000,12/9/2025 10:36:24,16/9/2025 09:58:39,2022
5185,16,建筑业,市值最小值,万元,1500,12/9/2025 10:36:24,16/9/2025 09:58:39,2022
5186,16,建筑业,市值中位数,千万元,365,12/9/2025 10:36:24,16/9/2025 09:58:39,2022
5187,17,交通运输、仓储和邮政业,市场价值合计,亿元,39783.38,12/9/2025 10:36:24,16/9/2025 09:58:39,2022
5188,17,交通运输、仓储和邮政业,公司市值均值,万元,2260419.31818182,12/9/2025 10:36:24,16/9/2025 09:58:39,2022
5189,17,交通运输、仓储和邮政业,公司总市值最大值,万元,25880000,12/9/2025 10:36:24,16/9/2025 09:58:39,2022
5190,17,交通运输、仓储和邮政业,市值最小值,千万元,7,12/9/2025 10:36:24,16/9/2025 09:58:39,2022
5191,17,交通运输、仓储和邮政业,公司市值中位数,亿元,83.5,12/9/2025 10:36:24,16/9/2025 09:58:39,2022
5192,18,通用设备制造业,市场价值合计,百万元,1694368,12/9/2025 10:36:25,16/9/2025 09:58:39,2022
5193,18,通用设备制造业,市场价值均值,万元,795477.9342723001,12/9/2025 10:36:25,16/9/2025 09:58:39,2022
5194,18,通用设备制造业,市值最大值,十万元,1085000,12/9/2025 10:36:25,16/9/2025 09:58:39,2022
5195,18,通用设备制造业,市场价值最小值,万元,2000,12/9/2025 10:36:25,16/9/2025 09:58:40,2022
5196,18,通用设备制造业,公司市值中位数,十万元,40000,12/9/2025 10:36:25,16/9/2025 09:58:40,2022
5197,19,半导体业,市值合计,千万元,733678.3999999999,12/9/2025 10:36:26,16/9/2025 09:58:40,2022
5198,19,半导体业,市场价值均值,十万元,426557.20930232597,12/9/2025 10:36:26,16/9/2025 09:58:40,2022
5199,19,半导体业,公司总市值最大值,百万元,3789900,12/9/2025 10:36:26,16/9/2025 09:58:40,2022
5200,19,半导体业,市场价值最小值,万元,6000,12/9/2025 10:36:26,16/9/2025 09:58:40,2022
5201,19,半导体业,公司市值中位数,千万元,965,12/9/2025 10:36:26,16/9/2025 09:58:40,2022
5202,20,租赁和商务服务业,市值合计,百万元,1042361,12/9/2025 10:36:26,16/9/2025 09:58:41,2022
5203,20,租赁和商务服务业,市值均值,百万元,9476.00909090909,12/9/2025 10:36:26,16/9/2025 09:58:41,2022
5204,20,租赁和商务服务业,公司总市值最大值,千万元,22790,12/9/2025 10:36:26,16/9/2025 09:58:41,2022
5205,20,租赁和商务服务业,市值最小值,亿元,0.21,12/9/2025 10:36:26,16/9/2025 09:58:41,2022
5206,20,租赁和商务服务业,公司市值中位数,十万元,32000,12/9/2025 10:36:27,16/9/2025 09:58:41,2022
5207,21,通信传输设备业,公司市值合计,十万元,17801880,12/9/2025 10:36:27,16/9/2025 09:58:41,2022
5208,21,通信传输设备业,公司总市值均值,亿元,150.863389830508,12/9/2025 10:36:27,16/9/2025 09:58:41,2022
5209,21,通信传输设备业,公司总市值最大值,万元,20350000,12/9/2025 10:36:27,16/9/2025 09:58:42,2022
5210,21,通信传输设备业,公司市值最小值,万元,6100,12/9/2025 10:36:27,16/9/2025 09:58:42,2022
5211,21,通信传输设备业,市场价值中位数,万元,695000,12/9/2025 10:36:28,16/9/2025 09:58:42,2022
5212,22,非金属矿物制品业,公司市值合计,百万元,1499075,12/9/2025 10:36:28,16/9/2025 09:58:42,2022
5213,22,非金属矿物制品业,市场价值均值,十万元,119926,12/9/2025 10:36:28,16/9/2025 09:58:42,2022
5214,22,非金属矿物制品业,公司市值最大值,亿元,1191,12/9/2025 10:36:28,16/9/2025 09:58:42,2022
5215,22,非金属矿物制品业,公司市值最小值,十万元,300,12/9/2025 10:36:28,16/9/2025 09:58:42,2022
5216,22,非金属矿物制品业,市场价值中位数,亿元,56,12/9/2025 10:36:28,16/9/2025 09:58:42,2022
5217,23,橡胶和塑料制品业,公司市值合计,万元,64402600,12/9/2025 10:36:29,16/9/2025 09:58:42,2022
5218,23,橡胶和塑料制品业,公司总市值均值,万元,601893.457943925,12/9/2025 10:36:29,16/9/2025 09:58:42,2022
5219,23,橡胶和塑料制品业,公司总市值最大值,十万元,945000,12/9/2025 10:36:29,16/9/2025 09:58:42,2022
5220,23,橡胶和塑料制品业,公司市值最小值,千万元,13.200000000000001,12/9/2025 10:36:29,16/9/2025 09:58:42,2022
5221,23,橡胶和塑料制品业,公司市值中位数,千万元,290,12/9/2025 10:36:29,16/9/2025 09:58:42,2022
5222,24,综合,公司市值合计,千万元,43023.4,12/9/2025 10:36:29,16/9/2025 09:58:43,2022
5223,24,综合,公司市值均值,亿元,126.539411764706,12/9/2025 10:36:30,16/9/2025 09:58:43,2022
5224,24,综合,公司市值最大值,万元,25060000,12/9/2025 10:36:30,16/9/2025 09:58:43,2022
5225,24,综合,市值最小值,万元,3900,12/9/2025 10:36:30,16/9/2025 09:58:43,2022
5226,24,综合,市值中位数,亿元,23,12/9/2025 10:36:30,16/9/2025 09:58:43,2022
5227,25,其他制造业,公司市值合计,十万元,2464750,12/9/2025 10:36:30,16/9/2025 09:58:43,2022
5228,25,其他制造业,市场价值均值,十万元,46504.7169811321,12/9/2025 10:36:30,16/9/2025 09:58:44,2022
5229,25,其他制造业,市场价值最大值,千万元,2870,12/9/2025 10:36:31,16/9/2025 09:58:44,2022
5230,25,其他制造业,公司市值最小值,亿元,0.2,12/9/2025 10:36:31,16/9/2025 09:58:44,2022
5231,25,其他制造业,市值中位数,十万元,31000,12/9/2025 10:36:31,16/9/2025 09:58:44,2022
5232,26,金属制品业,市场价值合计,十万元,6861590,12/9/2025 10:36:31,16/9/2025 09:58:44,2022
5233,26,金属制品业,公司市值均值,千万元,601.893859649123,12/9/2025 10:36:31,16/9/2025 09:58:44,2022
5234,26,金属制品业,市值最大值,亿元,318,12/9/2025 10:36:31,16/9/2025 09:58:44,2022
5235,26,金属制品业,公司总市值最小值,千万元,3,12/9/2025 10:36:32,16/9/2025 09:58:44,2022
5236,26,金属制品业,市场价值中位数,亿元,40,12/9/2025 10:36:32,16/9/2025 09:58:44,2022
5237,27,铁路、船舶、航空航天和其他运输设备制造业,公司总市值合计,亿元,21359.93,12/9/2025 10:36:32,16/9/2025 09:58:45,2022
5238,27,铁路、船舶、航空航天和其他运输设备制造业,市值均值,百万元,21575.686868686902,12/9/2025 10:36:32,16/9/2025 09:58:45,2022
5239,27,铁路、船舶、航空航天和其他运输设备制造业,公司总市值最大值,亿元,1751,12/9/2025 10:36:32,16/9/2025 09:58:45,2022
5240,27,铁路、船舶、航空航天和其他运输设备制造业,市值最小值,千万元,62,12/9/2025 10:36:32,16/9/2025 09:58:45,2022
5241,27,铁路、船舶、航空航天和其他运输设备制造业,市值中位数,万元,760000,12/9/2025 10:36:32,16/9/2025 09:58:45,2022
5242,28,水利、环境和公共设施管理业,公司总市值合计,百万元,476039.00000000006,12/9/2025 10:36:33,16/9/2025 09:58:45,2022
5243,28,水利、环境和公共设施管理业,市值均值,百万元,4577.29807692308,12/9/2025 10:36:33,16/9/2025 09:58:45,2022
5244,28,水利、环境和公共设施管理业,市场价值最大值,万元,2900000,12/9/2025 10:36:33,16/9/2025 09:58:45,2022
5245,28,水利、环境和公共设施管理业,市场价值最小值,万元,24200,12/9/2025 10:36:33,16/9/2025 09:58:45,2022
5246,28,水利、环境和公共设施管理业,市值中位数,亿元,32.5,12/9/2025 10:36:33,16/9/2025 09:58:46,2022
5247,29,金属冶炼和压延加工业,市值合计,千万元,251524.4,12/9/2025 10:36:33,16/9/2025 09:58:46,2022
5248,29,金属冶炼和压延加工业,公司总市值均值,百万元,17346.510344827602,12/9/2025 10:36:33,16/9/2025 09:58:46,2022
5249,29,金属冶炼和压延加工业,公司总市值最大值,百万元,125600,12/9/2025 10:36:33,16/9/2025 09:58:46,2022
5250,29,金属冶炼和压延加工业,市场价值最小值,万元,4200,12/9/2025 10:36:33,16/9/2025 09:58:46,2022
5251,29,金属冶炼和压延加工业,公司总市值中位数,十万元,88000,12/9/2025 10:36:33,16/9/2025 09:58:46,2022
5252,30,科学研究和技术服务业,公司市值合计,百万元,1272616,12/9/2025 10:36:34,16/9/2025 09:58:47,2022
5253,30,科学研究和技术服务业,市场价值均值,千万元,1002.0598425196899,12/9/2025 10:36:34,16/9/2025 09:58:47,2022
5254,30,科学研究和技术服务业,市值最大值,十万元,1839000,12/9/2025 10:36:34,16/9/2025 09:58:47,2022
5255,30,科学研究和技术服务业,公司市值最小值,万元,20400,12/9/2025 10:36:34,16/9/2025 09:58:47,2022
5256,30,科学研究和技术服务业,公司总市值中位数,十万元,42000,12/9/2025 10:36:34,16/9/2025 09:58:47,2022
5257,31,教育,公司总市值合计,十万元,1823870,12/9/2025 10:36:34,16/9/2025 09:58:47,2022
5258,31,教育,公司市值均值,百万元,3039.78333333333,12/9/2025 10:36:34,16/9/2025 09:58:47,2022
5259,31,教育,市场价值最大值,万元,2950000,12/9/2025 10:36:34,16/9/2025 09:58:48,2022
5260,31,教育,市场价值最小值,百万元,39,12/9/2025 10:36:34,16/9/2025 09:58:48,2022
5261,31,教育,公司市值中位数,十万元,15500,12/9/2025 10:36:34,16/9/2025 09:58:48,2022
5262,32,仪器仪表制造业,公司总市值合计,十万元,4822580,12/9/2025 10:36:35,16/9/2025 09:58:48,2022
5263,32,仪器仪表制造业,公司总市值均值,万元,541862.921348315,12/9/2025 10:36:35,16/9/2025 09:58:48,2022
5264,32,仪器仪表制造业,公司总市值最大值,百万元,26400,12/9/2025 10:36:35,16/9/2025 09:58:48,2022
5265,32,仪器仪表制造业,公司总市值最小值,亿元,0.96,12/9/2025 10:36:35,16/9/2025 09:58:48,2022
5266,32,仪器仪表制造业,市场价值中位数,万元,400000,12/9/2025 10:36:35,16/9/2025 09:58:48,2022
5267,33,文化、体育和娱乐业,公司市值合计,万元,78970500,12/9/2025 10:36:35,16/9/2025 09:58:49,2022
5268,33,文化、体育和娱乐业,公司市值均值,百万元,9182.616279069769,12/9/2025 10:36:35,16/9/2025 09:58:49,2022
5269,33,文化、体育和娱乐业,公司总市值最大值,百万元,64800,12/9/2025 10:36:35,16/9/2025 09:58:49,2022
5270,33,文化、体育和娱乐业,市值最小值,亿元,0.22,12/9/2025 10:36:35,16/9/2025 09:58:49,2022
5271,33,文化、体育和娱乐业,市值中位数,亿元,56,12/9/2025 10:36:35,16/9/2025 09:58:49,2022
5272,34,农、林、牧、渔业,公司市值合计,十万元,6665150,12/9/2025 10:36:35,16/9/2025 09:58:50,2022
5273,34,农、林、牧、渔业,公司总市值均值,千万元,1333.03,12/9/2025 10:36:35,16/9/2025 09:58:50,2022
5274,34,农、林、牧、渔业,公司市值最大值,十万元,2300000,12/9/2025 10:36:35,16/9/2025 09:58:50,2022
5275,34,农、林、牧、渔业,公司市值最小值,百万元,28.999999999999996,12/9/2025 10:36:35,16/9/2025 09:58:50,2022
5276,34,农、林、牧、渔业,公司市值中位数,百万元,4100,12/9/2025 10:36:36,16/9/2025 09:58:50,2022
5277,35,卫生和社会工作,市值合计,千万元,44257.9,12/9/2025 10:36:36,16/9/2025 09:58:50,2022
5278,35,卫生和社会工作,市场价值均值,十万元,152613.448275862,12/9/2025 10:36:36,16/9/2025 09:58:50,2022
5279,35,卫生和社会工作,市值最大值,千万元,17330,12/9/2025 10:36:36,16/9/2025 09:58:50,2022
5280,35,卫生和社会工作,公司市值最小值,万元,20400,12/9/2025 10:36:36,16/9/2025 09:58:50,2022
5281,35,卫生和社会工作,公司总市值中位数,亿元,35,12/9/2025 10:36:36,16/9/2025 09:58:50,2022
5282,36,造纸和纸制品业,市场价值合计,百万元,352744,12/9/2025 10:36:36,16/9/2025 09:58:51,2022
5283,36,造纸和纸制品业,市值均值,百万元,6916.549019607839,12/9/2025 10:36:36,16/9/2025 09:58:51,2022
5284,36,造纸和纸制品业,市场价值最大值,千万元,3580,12/9/2025 10:36:36,16/9/2025 09:58:51,2022
5285,36,造纸和纸制品业,公司总市值最小值,百万元,33,12/9/2025 10:36:36,16/9/2025 09:58:51,2022
5286,36,造纸和纸制品业,公司总市值中位数,亿元,42,12/9/2025 10:36:36,16/9/2025 09:58:51,2022
5287,37,住宿和餐饮业,市场价值合计,百万元,648050,12/9/2025 10:36:37,16/9/2025 09:58:51,2022
5288,37,住宿和餐饮业,公司总市值均值,十万元,185157.142857143,12/9/2025 10:36:37,16/9/2025 09:58:51,2022
5289,37,住宿和餐饮业,公司总市值最大值,十万元,1708000,12/9/2025 10:36:37,16/9/2025 09:58:51,2022
5290,37,住宿和餐饮业,市值最小值,千万元,4.9,12/9/2025 10:36:37,16/9/2025 09:58:51,2022
5291,37,住宿和餐饮业,市场价值中位数,亿元,38,12/9/2025 10:36:37,16/9/2025 09:58:51,2022
5292,38,家具制造业,公司市值合计,十万元,2486560,12/9/2025 10:36:37,16/9/2025 09:58:51,2022
5293,38,家具制造业,公司总市值均值,万元,578269.7674418599,12/9/2025 10:36:37,16/9/2025 09:58:51,2022
5294,38,家具制造业,公司市值最大值,万元,5860000,12/9/2025 10:36:37,16/9/2025 09:58:51,2022
5295,38,家具制造业,公司总市值最小值,千万元,2.1,12/9/2025 10:36:37,16/9/2025 09:58:52,2022
5296,38,家具制造业,公司市值中位数,千万元,300,12/9/2025 10:36:37,16/9/2025 09:58:52,2022
5297,39,印刷和记录媒介复制业,公司市值合计,万元,8624200,12/9/2025 10:36:37,16/9/2025 09:58:52,2022
5298,39,印刷和记录媒介复制业,公司市值均值,亿元,26.1339393939394,12/9/2025 10:36:38,16/9/2025 09:58:52,2022
5299,39,印刷和记录媒介复制业,公司市值最大值,万元,1760000,12/9/2025 10:36:38,16/9/2025 09:58:52,2022
5300,39,印刷和记录媒介复制业,市值最小值,十万元,390,12/9/2025 10:36:38,16/9/2025 09:58:52,2022
5301,39,印刷和记录媒介复制业,公司市值中位数,十万元,19000,12/9/2025 10:36:38,16/9/2025 09:58:52,2022
5302,41,文教、工美、体育和娱乐用品制造业,市场价值合计,万元,20854000,12/9/2025 10:36:38,16/9/2025 09:58:52,2022
5303,41,文教、工美、体育和娱乐用品制造业,公司市值均值,百万元,5347.17948717949,12/9/2025 10:36:38,16/9/2025 09:58:52,2022
5304,41,文教、工美、体育和娱乐用品制造业,市场价值最大值,百万元,41000,12/9/2025 10:36:38,16/9/2025 09:58:52,2022
5305,41,文教、工美、体育和娱乐用品制造业,公司总市值最小值,十万元,290,12/9/2025 10:36:38,16/9/2025 09:58:52,2022
5306,41,文教、工美、体育和娱乐用品制造业,公司市值中位数,百万元,2300,12/9/2025 10:36:38,16/9/2025 09:58:52,2022
5312,43,化学纤维制造业,公司市值合计,十万元,6571000,12/9/2025 10:36:39,16/9/2025 09:58:53,2022
5313,43,化学纤维制造业,市场价值均值,千万元,1932.6470588235302,12/9/2025 10:36:39,16/9/2025 09:58:53,2022
5314,43,化学纤维制造业,公司市值最大值,亿元,1172,12/9/2025 10:36:39,16/9/2025 09:58:53,2022
5315,43,化学纤维制造业,公司市值最小值,亿元,17,12/9/2025 10:36:39,16/9/2025 09:58:53,2022
5316,43,化学纤维制造业,公司总市值中位数,百万元,7650,12/9/2025 10:36:39,16/9/2025 09:58:53,2022
5322,45,石油加工、炼焦和核燃料加工业,市值合计,万元,15697600,12/9/2025 10:36:40,16/9/2025 09:58:54,2022
5323,45,石油加工、炼焦和核燃料加工业,公司市值均值,千万元,747.5047619047621,12/9/2025 10:36:40,16/9/2025 09:58:54,2022
5324,45,石油加工、炼焦和核燃料加工业,公司市值最大值,千万元,3230,12/9/2025 10:36:40,16/9/2025 09:58:54,2022
5325,45,石油加工、炼焦和核燃料加工业,市值最小值,万元,11000,12/9/2025 10:36:40,16/9/2025 09:58:54,2022
5326,45,石油加工、炼焦和核燃料加工业,公司市值中位数,百万元,3400,12/9/2025 10:36:40,16/9/2025 09:58:54,2022
5327,46,废弃资源综合利用业,公司总市值合计,千万元,15828,12/9/2025 10:36:40,16/9/2025 09:58:54,2022
5328,46,废弃资源综合利用业,公司市值均值,千万元,586.222222222222,12/9/2025 10:36:40,16/9/2025 09:58:54,2022
5329,46,废弃资源综合利用业,公司市值最大值,亿元,354,12/9/2025 10:36:40,16/9/2025 09:58:54,2022
5330,46,废弃资源综合利用业,市值最小值,十万元,430,12/9/2025 10:36:40,16/9/2025 09:58:54,2022
5331,46,废弃资源综合利用业,公司市值中位数,千万元,350,12/9/2025 10:36:40,16/9/2025 09:58:54,2022
5332,47,木材加工和木、竹、藤、棕、草制品业,公司市值合计,万元,3208200,12/9/2025 10:36:41,16/9/2025 09:58:55,2022
5333,47,木材加工和木、竹、藤、棕、草制品业,市场价值均值,亿元,29.1654545454545,12/9/2025 10:36:41,16/9/2025 09:58:55,2022
5334,47,木材加工和木、竹、藤、棕、草制品业,公司市值最大值,万元,920000,12/9/2025 10:36:41,16/9/2025 09:58:55,2022
5335,47,木材加工和木、竹、藤、棕、草制品业,公司总市值最小值,亿元,0.42,12/9/2025 10:36:41,16/9/2025 09:58:55,2022
5336,47,木材加工和木、竹、藤、棕、草制品业,市值中位数,亿元,26,12/9/2025 10:36:41,16/9/2025 09:58:55,2022
5337,48,居民服务、修理和其他服务业,公司总市值合计,千万元,1328,12/9/2025 10:36:42,16/9/2025 09:58:55,2022
5338,48,居民服务、修理和其他服务业,市场价值均值,百万元,3320.0000000000005,12/9/2025 10:36:42,16/9/2025 09:58:55,2022
5339,48,居民服务、修理和其他服务业,公司总市值最大值,百万元,11200,12/9/2025 10:36:42,16/9/2025 09:58:55,2022
5340,48,居民服务、修理和其他服务业,市场价值最小值,亿元,0.93,12/9/2025 10:36:42,16/9/2025 09:58:55,2022
5341,48,居民服务、修理和其他服务业,公司总市值中位数,百万元,993.5,12/9/2025 10:36:42,16/9/2025 09:58:55,2022
5342,0,全行业,公司市值合计,百万元,136086063,12/9/2025 10:36:42,5/11/2025 08:56:03,2022
5343,0,全行业,公司市值均值,亿元,197.655864923747,12/9/2025 10:36:42,5/11/2025 08:56:03,2022
5344,0,全行业,公司市值最大值,亿元,37899,12/9/2025 10:36:42,5/11/2025 08:56:03,2022
5345,0,全行业,市值最小值,百万元,8,12/9/2025 10:36:42,5/11/2025 08:56:03,2022
5346,0,全行业,市场价值中位数,百万元,4700,12/9/2025 10:36:43,5/11/2025 08:56:03,2022
5347,1,医药制造业,累计中国专利申请数合计,件,118480,12/9/2025 10:36:43,16/9/2025 09:58:56,2022
5348,1,医药制造业,累计中国专利申请数均值,件,284.807692307692,12/9/2025 10:36:43,16/9/2025 09:58:56,2022
5349,1,医药制造业,累计中国专利申请数最大值,件,3948,12/9/2025 10:36:43,16/9/2025 09:58:56,2022
5350,1,医药制造业,累计中国专利申请数最小值,件,1,12/9/2025 10:36:43,16/9/2025 09:58:56,2022
5351,1,医药制造业,累计中国专利申请数中位数,件,141,12/9/2025 10:36:43,16/9/2025 09:58:56,2022
5352,2,化学原料和化学制品制造业,累计中国专利申请数合计,件,128548,12/9/2025 10:36:43,16/9/2025 09:58:57,2022
5353,2,化学原料和化学制品制造业,累计中国专利申请数均值,件,363.129943502825,12/9/2025 10:36:43,16/9/2025 09:58:57,2022
5354,2,化学原料和化学制品制造业,累计中国专利申请数最大值,件,5073,12/9/2025 10:36:44,16/9/2025 09:58:57,2022
5355,2,化学原料和化学制品制造业,累计中国专利申请数最小值,件,2,12/9/2025 10:36:44,16/9/2025 09:58:57,2022
5356,2,化学原料和化学制品制造业,累计中国专利申请数中位数,件,189.5,12/9/2025 10:36:44,16/9/2025 09:58:57,2022
5357,3,信息传输、软件和信息技术服务业,累计中国专利申请数合计,件,475892,12/9/2025 10:36:44,16/9/2025 09:58:57,2022
5358,3,信息传输、软件和信息技术服务业,累计中国专利申请数均值,件,833.436077057793,12/9/2025 10:36:44,16/9/2025 09:58:57,2022
5359,3,信息传输、软件和信息技术服务业,累计中国专利申请数最大值,件,42882,12/9/2025 10:36:44,16/9/2025 09:58:57,2022
5360,3,信息传输、软件和信息技术服务业,累计中国专利申请数最小值,件,1,12/9/2025 10:36:45,16/9/2025 09:58:57,2022
5361,3,信息传输、软件和信息技术服务业,累计中国专利申请数中位数,件,117,12/9/2025 10:36:45,16/9/2025 09:58:57,2022
5362,4,房地产业,累计中国专利申请数合计,件,24119,12/9/2025 10:36:45,16/9/2025 09:58:57,2022
5363,4,房地产业,累计中国专利申请数均值,件,207.922413793103,12/9/2025 10:36:45,16/9/2025 09:58:57,2022
5364,4,房地产业,累计中国专利申请数最大值,件,5617,12/9/2025 10:36:45,16/9/2025 09:58:57,2022
5365,4,房地产业,累计中国专利申请数最小值,件,1,12/9/2025 10:36:45,16/9/2025 09:58:58,2022
5366,4,房地产业,累计中国专利申请数中位数,件,27.5,12/9/2025 10:36:45,16/9/2025 09:58:58,2022
5367,5,专用设备制造业,累计中国专利申请数合计,件,387824,12/9/2025 10:36:45,16/9/2025 09:58:58,2022
5368,5,专用设备制造业,累计中国专利申请数均值,件,908.252927400468,12/9/2025 10:36:45,16/9/2025 09:58:58,2022
5369,5,专用设备制造业,累计中国专利申请数最大值,件,16918,12/9/2025 10:36:45,16/9/2025 09:58:58,2022
5370,5,专用设备制造业,累计中国专利申请数最小值,件,1,12/9/2025 10:36:46,16/9/2025 09:58:58,2022
5371,5,专用设备制造业,累计中国专利申请数中位数,件,391,12/9/2025 10:36:46,16/9/2025 09:58:58,2022
5372,6,消费电子及电气业,累计中国专利申请数合计,件,1139203,12/9/2025 10:36:46,16/9/2025 09:58:58,2022
5373,6,消费电子及电气业,累计中国专利申请数均值,件,3431.3343373494,12/9/2025 10:36:46,16/9/2025 09:58:58,2022
5374,6,消费电子及电气业,累计中国专利申请数最大值,件,175304,12/9/2025 10:36:46,16/9/2025 09:58:58,2022
5375,6,消费电子及电气业,累计中国专利申请数最小值,件,2,12/9/2025 10:36:46,16/9/2025 09:58:58,2022
5376,6,消费电子及电气业,累计中国专利申请数中位数,件,484,12/9/2025 10:36:46,16/9/2025 09:58:58,2022
5377,7,金融业,累计中国专利申请数合计,件,108508,12/9/2025 10:36:46,16/9/2025 09:58:59,2022
5378,7,金融业,累计中国专利申请数均值,件,627.21387283237,12/9/2025 10:36:46,16/9/2025 09:58:59,2022
5379,7,金融业,累计中国专利申请数最大值,件,23981,12/9/2025 10:36:46,16/9/2025 09:58:59,2022
5380,7,金融业,累计中国专利申请数最小值,件,1,12/9/2025 10:36:46,16/9/2025 09:58:59,2022
5381,7,金融业,累计中国专利申请数中位数,件,30,12/9/2025 10:36:47,16/9/2025 09:58:59,2022
5382,8,商业电气机械和器材制造业,累计中国专利申请数合计,件,315693,12/9/2025 10:36:47,16/9/2025 09:58:59,2022
5383,8,商业电气机械和器材制造业,累计中国专利申请数均值,件,1035.05901639344,12/9/2025 10:36:47,16/9/2025 09:58:59,2022
5384,8,商业电气机械和器材制造业,累计中国专利申请数最大值,件,19112,12/9/2025 10:36:47,16/9/2025 09:58:59,2022
5385,8,商业电气机械和器材制造业,累计中国专利申请数最小值,件,10,12/9/2025 10:36:47,16/9/2025 09:58:59,2022
5386,8,商业电气机械和器材制造业,累计中国专利申请数中位数,件,398,12/9/2025 10:36:47,16/9/2025 09:59:00,2022
5387,9,批发和零售业,累计中国专利申请数合计,件,35897,12/9/2025 10:36:47,16/9/2025 09:59:00,2022
5388,9,批发和零售业,累计中国专利申请数均值,件,203.960227272727,12/9/2025 10:36:47,16/9/2025 09:59:00,2022
5389,9,批发和零售业,累计中国专利申请数最大值,件,3698,12/9/2025 10:36:47,16/9/2025 09:59:00,2022
5390,9,批发和零售业,累计中国专利申请数最小值,件,1,12/9/2025 10:36:47,16/9/2025 09:59:00,2022
5391,9,批发和零售业,累计中国专利申请数中位数,件,43.5,12/9/2025 10:36:47,16/9/2025 09:59:00,2022
5392,10,食品饮料业,累计中国专利申请数合计,件,74941,12/9/2025 10:36:48,16/9/2025 09:59:00,2022
5393,10,食品饮料业,累计中国专利申请数均值,件,331.597345132743,12/9/2025 10:36:48,16/9/2025 09:59:01,2022
5394,10,食品饮料业,累计中国专利申请数最大值,件,4905,12/9/2025 10:36:48,16/9/2025 09:59:01,2022
5395,10,食品饮料业,累计中国专利申请数最小值,件,1,12/9/2025 10:36:48,16/9/2025 09:59:01,2022
5396,10,食品饮料业,累计中国专利申请数中位数,件,149.5,12/9/2025 10:36:48,16/9/2025 09:59:01,2022
5402,12,汽车制造业,累计中国专利申请数合计,件,481453,12/9/2025 10:36:49,16/9/2025 09:59:02,2022
5403,12,汽车制造业,累计中国专利申请数均值,件,2139.79111111111,12/9/2025 10:36:49,16/9/2025 09:59:02,2022
5404,12,汽车制造业,累计中国专利申请数最大值,件,36411,12/9/2025 10:36:49,16/9/2025 09:59:02,2022
5405,12,汽车制造业,累计中国专利申请数最小值,件,2,12/9/2025 10:36:49,16/9/2025 09:59:02,2022
5406,12,汽车制造业,累计中国专利申请数中位数,件,442,12/9/2025 10:36:49,16/9/2025 09:59:02,2022
5407,13,电力、热力、燃气及水生产和供应业,累计中国专利申请数合计,件,77933,12/9/2025 10:36:49,16/9/2025 09:59:02,2022
5408,13,电力、热力、燃气及水生产和供应业,累计中国专利申请数均值,件,496.388535031847,12/9/2025 10:36:49,16/9/2025 09:59:02,2022
5409,13,电力、热力、燃气及水生产和供应业,累计中国专利申请数最大值,件,6719,12/9/2025 10:36:49,16/9/2025 09:59:02,2022
5410,13,电力、热力、燃气及水生产和供应业,累计中国专利申请数最小值,件,1,12/9/2025 10:36:49,16/9/2025 09:59:02,2022
5411,13,电力、热力、燃气及水生产和供应业,累计中国专利申请数中位数,件,101,12/9/2025 10:36:50,16/9/2025 09:59:03,2022
5412,14,采矿业,累计中国专利申请数合计,件,347111,12/9/2025 10:36:50,16/9/2025 09:59:03,2022
5413,14,采矿业,累计中国专利申请数均值,件,3337.60576923077,12/9/2025 10:36:50,16/9/2025 09:59:03,2022
5414,14,采矿业,累计中国专利申请数最大值,件,74430,12/9/2025 10:36:50,16/9/2025 09:59:03,2022
5415,14,采矿业,累计中国专利申请数最小值,件,1,12/9/2025 10:36:50,16/9/2025 09:59:03,2022
5416,14,采矿业,累计中国专利申请数中位数,件,318.5,12/9/2025 10:36:50,16/9/2025 09:59:03,2022
5417,15,纺织鞋服业,累计中国专利申请数合计,件,54982,12/9/2025 10:36:51,16/9/2025 09:59:04,2022
5418,15,纺织鞋服业,累计中国专利申请数均值,件,413.398496240602,12/9/2025 10:36:51,16/9/2025 09:59:04,2022
5419,15,纺织鞋服业,累计中国专利申请数最大值,件,7023,12/9/2025 10:36:51,16/9/2025 09:59:04,2022
5420,15,纺织鞋服业,累计中国专利申请数最小值,件,2,12/9/2025 10:36:51,16/9/2025 09:59:04,2022
5421,15,纺织鞋服业,累计中国专利申请数中位数,件,213,12/9/2025 10:36:51,16/9/2025 09:59:04,2022
5422,16,建筑业,累计中国专利申请数合计,件,281768,12/9/2025 10:36:52,16/9/2025 09:59:05,2022
5423,16,建筑业,累计中国专利申请数均值,件,2309.5737704918,12/9/2025 10:36:52,16/9/2025 09:59:05,2022
5424,16,建筑业,累计中国专利申请数最大值,件,53649,12/9/2025 10:36:52,16/9/2025 09:59:05,2022
5425,16,建筑业,累计中国专利申请数最小值,件,8,12/9/2025 10:36:52,16/9/2025 09:59:05,2022
5426,16,建筑业,累计中国专利申请数中位数,件,290.5,12/9/2025 10:36:52,16/9/2025 09:59:05,2022
5427,17,交通运输、仓储和邮政业,累计中国专利申请数合计,件,21453,12/9/2025 10:36:52,16/9/2025 09:59:05,2022
5428,17,交通运输、仓储和邮政业,累计中国专利申请数均值,件,156.591240875912,12/9/2025 10:36:52,16/9/2025 09:59:05,2022
5429,17,交通运输、仓储和邮政业,累计中国专利申请数最大值,件,3861,12/9/2025 10:36:53,16/9/2025 09:59:05,2022
5430,17,交通运输、仓储和邮政业,累计中国专利申请数最小值,件,1,12/9/2025 10:36:53,16/9/2025 09:59:05,2022
5431,17,交通运输、仓储和邮政业,累计中国专利申请数中位数,件,38,12/9/2025 10:36:53,16/9/2025 09:59:05,2022
5432,18,通用设备制造业,累计中国专利申请数合计,件,152546,12/9/2025 10:36:53,16/9/2025 09:59:06,2022
5433,18,通用设备制造业,累计中国专利申请数均值,件,729.885167464115,12/9/2025 10:36:53,16/9/2025 09:59:06,2022
5434,18,通用设备制造业,累计中国专利申请数最大值,件,12491,12/9/2025 10:36:53,16/9/2025 09:59:06,2022
5435,18,通用设备制造业,累计中国专利申请数最小值,件,1,12/9/2025 10:36:53,16/9/2025 09:59:06,2022
5436,18,通用设备制造业,累计中国专利申请数中位数,件,392,12/9/2025 10:36:53,16/9/2025 09:59:06,2022
5437,19,半导体业,累计中国专利申请数合计,件,149671,12/9/2025 10:36:54,16/9/2025 09:59:06,2022
5438,19,半导体业,累计中国专利申请数均值,件,935.44375,12/9/2025 10:36:54,16/9/2025 09:59:06,2022
5439,19,半导体业,累计中国专利申请数最大值,件,15240,12/9/2025 10:36:54,16/9/2025 09:59:06,2022
5440,19,半导体业,累计中国专利申请数最小值,件,2,12/9/2025 10:36:54,16/9/2025 09:59:06,2022
5441,19,半导体业,累计中国专利申请数中位数,件,357.5,12/9/2025 10:36:54,16/9/2025 09:59:06,2022
5442,20,租赁和商务服务业,累计中国专利申请数合计,件,5970,12/9/2025 10:36:55,16/9/2025 09:59:06,2022
5443,20,租赁和商务服务业,累计中国专利申请数均值,件,86.5217391304348,12/9/2025 10:36:55,16/9/2025 09:59:06,2022
5444,20,租赁和商务服务业,累计中国专利申请数最大值,件,731,12/9/2025 10:36:55,16/9/2025 09:59:06,2022
5445,20,租赁和商务服务业,累计中国专利申请数最小值,件,1,12/9/2025 10:36:55,16/9/2025 09:59:06,2022
5446,20,租赁和商务服务业,累计中国专利申请数中位数,件,25,12/9/2025 10:36:55,16/9/2025 09:59:06,2022
5447,21,通信传输设备业,累计中国专利申请数合计,件,350856,12/9/2025 10:36:55,16/9/2025 09:59:07,2022
5448,21,通信传输设备业,累计中国专利申请数均值,件,2998.76923076923,12/9/2025 10:36:55,16/9/2025 09:59:07,2022
5449,21,通信传输设备业,累计中国专利申请数最大值,件,108994,12/9/2025 10:36:55,16/9/2025 09:59:07,2022
5450,21,通信传输设备业,累计中国专利申请数最小值,件,24,12/9/2025 10:36:55,16/9/2025 09:59:07,2022
5451,21,通信传输设备业,累计中国专利申请数中位数,件,495,12/9/2025 10:36:56,16/9/2025 09:59:07,2022
5452,22,非金属矿物制品业,累计中国专利申请数合计,件,82989,12/9/2025 10:36:56,16/9/2025 09:59:07,2022
5453,22,非金属矿物制品业,累计中国专利申请数均值,件,727.973684210526,12/9/2025 10:36:56,16/9/2025 09:59:07,2022
5454,22,非金属矿物制品业,累计中国专利申请数最大值,件,8746,12/9/2025 10:36:56,16/9/2025 09:59:07,2022
5455,22,非金属矿物制品业,累计中国专利申请数最小值,件,2,12/9/2025 10:36:56,16/9/2025 09:59:07,2022
5456,22,非金属矿物制品业,累计中国专利申请数中位数,件,256,12/9/2025 10:36:56,16/9/2025 09:59:07,2022
5457,23,橡胶和塑料制品业,累计中国专利申请数合计,件,50461,12/9/2025 10:36:57,16/9/2025 09:59:08,2022
5458,23,橡胶和塑料制品业,累计中国专利申请数均值,件,471.598130841121,12/9/2025 10:36:57,16/9/2025 09:59:08,2022
5459,23,橡胶和塑料制品业,累计中国专利申请数最大值,件,6110,12/9/2025 10:36:57,16/9/2025 09:59:08,2022
5460,23,橡胶和塑料制品业,累计中国专利申请数最小值,件,20,12/9/2025 10:36:57,16/9/2025 09:59:08,2022
5461,23,橡胶和塑料制品业,累计中国专利申请数中位数,件,205,12/9/2025 10:36:57,16/9/2025 09:59:08,2022
5462,24,综合,累计中国专利申请数合计,件,5422,12/9/2025 10:36:57,16/9/2025 09:59:08,2022
5463,24,综合,累计中国专利申请数均值,件,451.833333333333,12/9/2025 10:36:58,16/9/2025 09:59:08,2022
5464,24,综合,累计中国专利申请数最大值,件,1385,12/9/2025 10:36:58,16/9/2025 09:59:08,2022
5465,24,综合,累计中国专利申请数最小值,件,8,12/9/2025 10:36:58,16/9/2025 09:59:08,2022
5466,24,综合,累计中国专利申请数中位数,件,256,12/9/2025 10:36:58,16/9/2025 09:59:09,2022
5467,25,其他制造业,累计中国专利申请数合计,件,20532,12/9/2025 10:36:58,16/9/2025 09:59:09,2022
5468,25,其他制造业,累计中国专利申请数均值,件,477.488372093023,12/9/2025 10:36:58,16/9/2025 09:59:09,2022
5469,25,其他制造业,累计中国专利申请数最大值,件,3373,12/9/2025 10:36:58,16/9/2025 09:59:09,2022
5470,25,其他制造业,累计中国专利申请数最小值,件,6,12/9/2025 10:36:58,16/9/2025 09:59:09,2022
5471,25,其他制造业,累计中国专利申请数中位数,件,245,12/9/2025 10:36:58,16/9/2025 09:59:09,2022
5472,26,金属制品业,累计中国专利申请数合计,件,73904,12/9/2025 10:36:59,16/9/2025 09:59:09,2022
5473,26,金属制品业,累计中国专利申请数均值,件,690.691588785047,12/9/2025 10:36:59,16/9/2025 09:59:09,2022
5474,26,金属制品业,累计中国专利申请数最大值,件,11275,12/9/2025 10:36:59,16/9/2025 09:59:10,2022
5475,26,金属制品业,累计中国专利申请数最小值,件,35,12/9/2025 10:36:59,16/9/2025 09:59:10,2022
5476,26,金属制品业,累计中国专利申请数中位数,件,252,12/9/2025 10:36:59,16/9/2025 09:59:10,2022
5477,27,铁路、船舶、航空航天和其他运输设备制造业,累计中国专利申请数合计,件,239867,12/9/2025 10:37:00,16/9/2025 09:59:10,2022
5478,27,铁路、船舶、航空航天和其他运输设备制造业,累计中国专利申请数均值,件,2447.62244897959,12/9/2025 10:37:00,16/9/2025 09:59:10,2022
5479,27,铁路、船舶、航空航天和其他运输设备制造业,累计中国专利申请数最大值,件,53058,12/9/2025 10:37:00,16/9/2025 09:59:10,2022
5480,27,铁路、船舶、航空航天和其他运输设备制造业,累计中国专利申请数最小值,件,1,12/9/2025 10:37:00,16/9/2025 09:59:10,2022
5481,27,铁路、船舶、航空航天和其他运输设备制造业,累计中国专利申请数中位数,件,471.5,12/9/2025 10:37:00,16/9/2025 09:59:10,2022
5482,28,水利、环境和公共设施管理业,累计中国专利申请数合计,件,30800,12/9/2025 10:37:00,16/9/2025 09:59:10,2022
5483,28,水利、环境和公共设施管理业,累计中国专利申请数均值,件,320.833333333333,12/9/2025 10:37:00,16/9/2025 09:59:10,2022
5484,28,水利、环境和公共设施管理业,累计中国专利申请数最大值,件,1906,12/9/2025 10:37:00,16/9/2025 09:59:10,2022
5485,28,水利、环境和公共设施管理业,累计中国专利申请数最小值,件,1,12/9/2025 10:37:01,16/9/2025 09:59:10,2022
5486,28,水利、环境和公共设施管理业,累计中国专利申请数中位数,件,212.5,12/9/2025 10:37:01,16/9/2025 09:59:11,2022
5487,29,金属冶炼和压延加工业,累计中国专利申请数合计,件,152986,12/9/2025 10:37:01,16/9/2025 09:59:11,2022
5488,29,金属冶炼和压延加工业,累计中国专利申请数均值,件,1108.59420289855,12/9/2025 10:37:01,16/9/2025 09:59:11,2022
5489,29,金属冶炼和压延加工业,累计中国专利申请数最大值,件,22579,12/9/2025 10:37:01,16/9/2025 09:59:11,2022
5490,29,金属冶炼和压延加工业,累计中国专利申请数最小值,件,1,12/9/2025 10:37:01,16/9/2025 09:59:11,2022
5491,29,金属冶炼和压延加工业,累计中国专利申请数中位数,件,364.5,12/9/2025 10:37:01,16/9/2025 09:59:11,2022
5492,30,科学研究和技术服务业,累计中国专利申请数合计,件,54898,12/9/2025 10:37:02,16/9/2025 09:59:12,2022
5493,30,科学研究和技术服务业,累计中国专利申请数均值,件,449.983606557377,12/9/2025 10:37:02,16/9/2025 09:59:12,2022
5494,30,科学研究和技术服务业,累计中国专利申请数最大值,件,6738,12/9/2025 10:37:02,16/9/2025 09:59:12,2022
5495,30,科学研究和技术服务业,累计中国专利申请数最小值,件,8,12/9/2025 10:37:02,16/9/2025 09:59:12,2022
5496,30,科学研究和技术服务业,累计中国专利申请数中位数,件,154,12/9/2025 10:37:02,16/9/2025 09:59:12,2022
5497,31,教育,累计中国专利申请数合计,件,4401,12/9/2025 10:37:02,16/9/2025 09:59:12,2022
5498,31,教育,累计中国专利申请数均值,件,183.375,12/9/2025 10:37:02,16/9/2025 09:59:12,2022
5499,31,教育,累计中国专利申请数最大值,件,1101,12/9/2025 10:37:03,16/9/2025 09:59:12,2022
5500,31,教育,累计中国专利申请数最小值,件,1,12/9/2025 10:37:03,16/9/2025 09:59:12,2022
5501,31,教育,累计中国专利申请数中位数,件,34.5,12/9/2025 10:37:03,16/9/2025 09:59:13,2022
5502,32,仪器仪表制造业,累计中国专利申请数合计,件,45214,12/9/2025 10:37:03,16/9/2025 09:59:13,2022
5503,32,仪器仪表制造业,累计中国专利申请数均值,件,513.795454545455,12/9/2025 10:37:03,16/9/2025 09:59:13,2022
5504,32,仪器仪表制造业,累计中国专利申请数最大值,件,3989,12/9/2025 10:37:04,16/9/2025 09:59:13,2022
5505,32,仪器仪表制造业,累计中国专利申请数最小值,件,4,12/9/2025 10:37:04,16/9/2025 09:59:13,2022
5506,32,仪器仪表制造业,累计中国专利申请数中位数,件,327,12/9/2025 10:37:04,16/9/2025 09:59:13,2022
5507,33,文化、体育和娱乐业,累计中国专利申请数合计,件,5420,12/9/2025 10:37:04,16/9/2025 09:59:13,2022
5508,33,文化、体育和娱乐业,累计中国专利申请数均值,件,91.864406779661,12/9/2025 10:37:04,16/9/2025 09:59:14,2022
5509,33,文化、体育和娱乐业,累计中国专利申请数最大值,件,821,12/9/2025 10:37:04,16/9/2025 09:59:14,2022
5510,33,文化、体育和娱乐业,累计中国专利申请数最小值,件,1,12/9/2025 10:37:04,16/9/2025 09:59:14,2022
5511,33,文化、体育和娱乐业,累计中国专利申请数中位数,件,37,12/9/2025 10:37:04,16/9/2025 09:59:14,2022
5512,34,农、林、牧、渔业,累计中国专利申请数合计,件,10151,12/9/2025 10:37:05,16/9/2025 09:59:14,2022
5513,34,农、林、牧、渔业,累计中国专利申请数均值,件,211.479166666667,12/9/2025 10:37:05,16/9/2025 09:59:14,2022
5514,34,农、林、牧、渔业,累计中国专利申请数最大值,件,1853,12/9/2025 10:37:05,16/9/2025 09:59:14,2022
5515,34,农、林、牧、渔业,累计中国专利申请数最小值,件,4,12/9/2025 10:37:05,16/9/2025 09:59:14,2022
5516,34,农、林、牧、渔业,累计中国专利申请数中位数,件,101.5,12/9/2025 10:37:05,16/9/2025 09:59:14,2022
5517,35,卫生和社会工作,累计中国专利申请数合计,件,5909,12/9/2025 10:37:05,16/9/2025 09:59:14,2022
5518,35,卫生和社会工作,累计中国专利申请数均值,件,295.45,12/9/2025 10:37:05,16/9/2025 09:59:15,2022
5519,35,卫生和社会工作,累计中国专利申请数最大值,件,2663,12/9/2025 10:37:05,16/9/2025 09:59:15,2022
5520,35,卫生和社会工作,累计中国专利申请数最小值,件,1,12/9/2025 10:37:05,16/9/2025 09:59:15,2022
5521,35,卫生和社会工作,累计中国专利申请数中位数,件,48,12/9/2025 10:37:05,16/9/2025 09:59:15,2022
5522,36,造纸和纸制品业,累计中国专利申请数合计,件,14330,12/9/2025 10:37:06,16/9/2025 09:59:15,2022
5523,36,造纸和纸制品业,累计中国专利申请数均值,件,304.893617021277,12/9/2025 10:37:06,16/9/2025 09:59:15,2022
5524,36,造纸和纸制品业,累计中国专利申请数最大值,件,1786,12/9/2025 10:37:06,16/9/2025 09:59:15,2022
5525,36,造纸和纸制品业,累计中国专利申请数最小值,件,1,12/9/2025 10:37:06,16/9/2025 09:59:15,2022
5526,36,造纸和纸制品业,累计中国专利申请数中位数,件,200,12/9/2025 10:37:06,16/9/2025 09:59:16,2022
5527,37,住宿和餐饮业,累计中国专利申请数合计,件,364,12/9/2025 10:37:06,16/9/2025 09:59:16,2022
5528,37,住宿和餐饮业,累计中国专利申请数均值,件,36.4,12/9/2025 10:37:06,16/9/2025 09:59:16,2022
5529,37,住宿和餐饮业,累计中国专利申请数最大值,件,236,12/9/2025 10:37:06,16/9/2025 09:59:16,2022
5530,37,住宿和餐饮业,累计中国专利申请数最小值,件,3,12/9/2025 10:37:06,16/9/2025 09:59:16,2022
5531,37,住宿和餐饮业,累计中国专利申请数中位数,件,12,12/9/2025 10:37:06,16/9/2025 09:59:16,2022
5532,38,家具制造业,累计中国专利申请数合计,件,31299,12/9/2025 10:37:07,16/9/2025 09:59:16,2022
5533,38,家具制造业,累计中国专利申请数均值,件,845.918918918919,12/9/2025 10:37:07,16/9/2025 09:59:16,2022
5534,38,家具制造业,累计中国专利申请数最大值,件,4948,12/9/2025 10:37:07,16/9/2025 09:59:16,2022
5535,38,家具制造业,累计中国专利申请数最小值,件,8,12/9/2025 10:37:07,16/9/2025 09:59:16,2022
5536,38,家具制造业,累计中国专利申请数中位数,件,638,12/9/2025 10:37:07,16/9/2025 09:59:16,2022
5537,39,印刷和记录媒介复制业,累计中国专利申请数合计,件,5002,12/9/2025 10:37:07,16/9/2025 09:59:17,2022
5538,39,印刷和记录媒介复制业,累计中国专利申请数均值,件,208.416666666667,12/9/2025 10:37:07,16/9/2025 09:59:17,2022
5539,39,印刷和记录媒介复制业,累计中国专利申请数最大值,件,871,12/9/2025 10:37:07,16/9/2025 09:59:17,2022
5540,39,印刷和记录媒介复制业,累计中国专利申请数最小值,件,3,12/9/2025 10:37:07,16/9/2025 09:59:17,2022
5541,39,印刷和记录媒介复制业,累计中国专利申请数中位数,件,196.5,12/9/2025 10:37:07,16/9/2025 09:59:17,2022
5542,41,文教、工美、体育和娱乐用品制造业,累计中国专利申请数合计,件,38407,12/9/2025 10:37:07,16/9/2025 09:59:17,2022
5543,41,文教、工美、体育和娱乐用品制造业,累计中国专利申请数均值,件,1280.23333333333,12/9/2025 10:37:07,16/9/2025 09:59:17,2022
5544,41,文教、工美、体育和娱乐用品制造业,累计中国专利申请数最大值,件,12474,12/9/2025 10:37:07,16/9/2025 09:59:18,2022
5545,41,文教、工美、体育和娱乐用品制造业,累计中国专利申请数最小值,件,5,12/9/2025 10:37:08,16/9/2025 09:59:18,2022
5546,41,文教、工美、体育和娱乐用品制造业,累计中国专利申请数中位数,件,362.5,12/9/2025 10:37:08,16/9/2025 09:59:18,2022
5552,43,化学纤维制造业,累计中国专利申请数合计,件,10453,12/9/2025 10:37:08,16/9/2025 09:59:19,2022
5553,43,化学纤维制造业,累计中国专利申请数均值,件,307.441176470588,12/9/2025 10:37:08,16/9/2025 09:59:19,2022
5554,43,化学纤维制造业,累计中国专利申请数最大值,件,1600,12/9/2025 10:37:08,16/9/2025 09:59:19,2022
5555,43,化学纤维制造业,累计中国专利申请数最小值,件,24,12/9/2025 10:37:08,16/9/2025 09:59:19,2022
5556,43,化学纤维制造业,累计中国专利申请数中位数,件,195.5,12/9/2025 10:37:09,16/9/2025 09:59:19,2022
5562,45,石油加工、炼焦和核燃料加工业,累计中国专利申请数合计,件,4161,12/9/2025 10:37:09,16/9/2025 09:59:21,2022
5563,45,石油加工、炼焦和核燃料加工业,累计中国专利申请数均值,件,244.764705882353,12/9/2025 10:37:09,16/9/2025 09:59:21,2022
5564,45,石油加工、炼焦和核燃料加工业,累计中国专利申请数最大值,件,1105,12/9/2025 10:37:09,16/9/2025 09:59:21,2022
5565,45,石油加工、炼焦和核燃料加工业,累计中国专利申请数最小值,件,7,12/9/2025 10:37:09,16/9/2025 09:59:21,2022
5566,45,石油加工、炼焦和核燃料加工业,累计中国专利申请数中位数,件,142,12/9/2025 10:37:09,16/9/2025 09:59:21,2022
5567,46,废弃资源综合利用业,累计中国专利申请数合计,件,11409,12/9/2025 10:37:10,16/9/2025 09:59:22,2022
5568,46,废弃资源综合利用业,累计中国专利申请数均值,件,518.590909090909,12/9/2025 10:37:10,16/9/2025 09:59:22,2022
5569,46,废弃资源综合利用业,累计中国专利申请数最大值,件,3278,12/9/2025 10:37:10,16/9/2025 09:59:22,2022
5570,46,废弃资源综合利用业,累计中国专利申请数最小值,件,1,12/9/2025 10:37:10,16/9/2025 09:59:22,2022
5571,46,废弃资源综合利用业,累计中国专利申请数中位数,件,145.5,12/9/2025 10:37:10,16/9/2025 09:59:22,2022
5572,47,木材加工和木、竹、藤、棕、草制品业,累计中国专利申请数合计,件,3714,12/9/2025 10:37:10,16/9/2025 09:59:22,2022
5573,47,木材加工和木、竹、藤、棕、草制品业,累计中国专利申请数均值,件,412.666666666667,12/9/2025 10:37:10,16/9/2025 09:59:22,2022
5574,47,木材加工和木、竹、藤、棕、草制品业,累计中国专利申请数最大值,件,1039,12/9/2025 10:37:10,16/9/2025 09:59:22,2022
5575,47,木材加工和木、竹、藤、棕、草制品业,累计中国专利申请数最小值,件,14,12/9/2025 10:37:10,16/9/2025 09:59:22,2022
5576,47,木材加工和木、竹、藤、棕、草制品业,累计中国专利申请数中位数,件,218,12/9/2025 10:37:10,16/9/2025 09:59:22,2022
5577,48,居民服务、修理和其他服务业,累计中国专利申请数合计,件,37,12/9/2025 10:37:11,16/9/2025 09:59:22,2022
5578,48,居民服务、修理和其他服务业,累计中国专利申请数均值,件,37,12/9/2025 10:37:11,16/9/2025 09:59:22,2022
5579,48,居民服务、修理和其他服务业,累计中国专利申请数最大值,件,37,12/9/2025 10:37:11,16/9/2025 09:59:22,2022
5580,48,居民服务、修理和其他服务业,累计中国专利申请数最小值,件,37,12/9/2025 10:37:11,16/9/2025 09:59:22,2022
5581,48,居民服务、修理和其他服务业,累计中国专利申请数中位数,件,37,12/9/2025 10:37:11,16/9/2025 09:59:22,2022
5582,0,全行业,累计中国专利申请数合计,件,5634978,12/9/2025 10:37:11,5/11/2025 08:56:03,2022
5583,0,全行业,累计中国专利申请数均值,件,965.554832076765,12/9/2025 10:37:11,5/11/2025 08:56:03,2022
5584,0,全行业,累计中国专利申请数最大值,件,175304,12/9/2025 10:37:11,5/11/2025 08:56:03,2022
5585,0,全行业,累计中国专利申请数最小值,件,1,12/9/2025 10:37:11,5/11/2025 08:56:03,2022
5586,0,全行业,累计中国专利申请数中位数,件,218,12/9/2025 10:37:12,5/11/2025 08:56:03,2022
5587,1,医药制造业,累计PCT专利申请数合计,件,7804,12/9/2025 10:37:12,16/9/2025 09:59:23,2022
5588,1,医药制造业,累计PCT专利申请数均值,件,26.5442176870748,12/9/2025 10:37:12,16/9/2025 09:59:23,2022
5589,1,医药制造业,累计PCT专利申请数最大值,件,957,12/9/2025 10:37:12,16/9/2025 09:59:23,2022
5590,1,医药制造业,累计PCT专利申请数最小值,件,1,12/9/2025 10:37:12,16/9/2025 09:59:23,2022
5591,1,医药制造业,累计PCT专利申请数中位数,件,8.5,12/9/2025 10:37:12,16/9/2025 09:59:23,2022
5592,2,化学原料和化学制品制造业,累计PCT专利申请数合计,件,2078,12/9/2025 10:37:12,16/9/2025 09:59:23,2022
5593,2,化学原料和化学制品制造业,累计PCT专利申请数均值,件,12.0115606936416,12/9/2025 10:37:12,16/9/2025 09:59:23,2022
5594,2,化学原料和化学制品制造业,累计PCT专利申请数最大值,件,211,12/9/2025 10:37:12,16/9/2025 09:59:23,2022
5595,2,化学原料和化学制品制造业,累计PCT专利申请数最小值,件,1,12/9/2025 10:37:12,16/9/2025 09:59:24,2022
5596,2,化学原料和化学制品制造业,累计PCT专利申请数中位数,件,4,12/9/2025 10:37:12,16/9/2025 09:59:24,2022
5597,3,信息传输、软件和信息技术服务业,累计PCT专利申请数合计,件,30613,12/9/2025 10:37:13,16/9/2025 09:59:24,2022
5598,3,信息传输、软件和信息技术服务业,累计PCT专利申请数均值,件,166.375,12/9/2025 10:37:13,16/9/2025 09:59:24,2022
5599,3,信息传输、软件和信息技术服务业,累计PCT专利申请数最大值,件,6876,12/9/2025 10:37:13,16/9/2025 09:59:24,2022
5600,3,信息传输、软件和信息技术服务业,累计PCT专利申请数最小值,件,1,12/9/2025 10:37:13,16/9/2025 09:59:24,2022
5601,3,信息传输、软件和信息技术服务业,累计PCT专利申请数中位数,件,7,12/9/2025 10:37:13,16/9/2025 09:59:24,2022
5602,4,房地产业,累计PCT专利申请数合计,件,175,12/9/2025 10:37:13,16/9/2025 09:59:24,2022
5603,4,房地产业,累计PCT专利申请数均值,件,13.4615384615385,12/9/2025 10:37:14,16/9/2025 09:59:24,2022
5604,4,房地产业,累计PCT专利申请数最大值,件,126,12/9/2025 10:37:14,16/9/2025 09:59:24,2022
5605,4,房地产业,累计PCT专利申请数最小值,件,1,12/9/2025 10:37:14,16/9/2025 09:59:24,2022
5606,4,房地产业,累计PCT专利申请数中位数,件,2,12/9/2025 10:37:14,16/9/2025 09:59:25,2022
5607,5,专用设备制造业,累计PCT专利申请数合计,件,10188,12/9/2025 10:37:14,16/9/2025 09:59:25,2022
5608,5,专用设备制造业,累计PCT专利申请数均值,件,38.1573033707865,12/9/2025 10:37:14,16/9/2025 09:59:25,2022
5609,5,专用设备制造业,累计PCT专利申请数最大值,件,1136,12/9/2025 10:37:14,16/9/2025 09:59:25,2022
5610,5,专用设备制造业,累计PCT专利申请数最小值,件,1,12/9/2025 10:37:14,16/9/2025 09:59:25,2022
5611,5,专用设备制造业,累计PCT专利申请数中位数,件,6,12/9/2025 10:37:15,16/9/2025 09:59:25,2022
5612,6,消费电子及电气业,累计PCT专利申请数合计,件,85953,12/9/2025 10:37:15,16/9/2025 09:59:25,2022
5613,6,消费电子及电气业,累计PCT专利申请数均值,件,401.64953271028,12/9/2025 10:37:15,16/9/2025 09:59:25,2022
5614,6,消费电子及电气业,累计PCT专利申请数最大值,件,24907,12/9/2025 10:37:15,16/9/2025 09:59:25,2022
5615,6,消费电子及电气业,累计PCT专利申请数最小值,件,1,12/9/2025 10:37:15,16/9/2025 09:59:25,2022
5616,6,消费电子及电气业,累计PCT专利申请数中位数,件,10.5,12/9/2025 10:37:15,16/9/2025 09:59:25,2022
5617,7,金融业,累计PCT专利申请数合计,件,1369,12/9/2025 10:37:16,16/9/2025 09:59:26,2022
5618,7,金融业,累计PCT专利申请数均值,件,52.6538461538462,12/9/2025 10:37:16,16/9/2025 09:59:26,2022
5619,7,金融业,累计PCT专利申请数最大值,件,1177,12/9/2025 10:37:16,16/9/2025 09:59:26,2022
5620,7,金融业,累计PCT专利申请数最小值,件,1,12/9/2025 10:37:16,16/9/2025 09:59:26,2022
5621,7,金融业,累计PCT专利申请数中位数,件,3,12/9/2025 10:37:16,16/9/2025 09:59:26,2022
5622,8,商业电气机械和器材制造业,累计PCT专利申请数合计,件,6766,12/9/2025 10:37:16,16/9/2025 09:59:26,2022
5623,8,商业电气机械和器材制造业,累计PCT专利申请数均值,件,37.3812154696133,12/9/2025 10:37:16,16/9/2025 09:59:26,2022
5624,8,商业电气机械和器材制造业,累计PCT专利申请数最大值,件,2450,12/9/2025 10:37:17,16/9/2025 09:59:26,2022
5625,8,商业电气机械和器材制造业,累计PCT专利申请数最小值,件,1,12/9/2025 10:37:17,16/9/2025 09:59:26,2022
5626,8,商业电气机械和器材制造业,累计PCT专利申请数中位数,件,7,12/9/2025 10:37:17,16/9/2025 09:59:26,2022
5627,9,批发和零售业,累计PCT专利申请数合计,件,474,12/9/2025 10:37:17,16/9/2025 09:59:26,2022
5628,9,批发和零售业,累计PCT专利申请数均值,件,14.8125,12/9/2025 10:37:17,16/9/2025 09:59:26,2022
5629,9,批发和零售业,累计PCT专利申请数最大值,件,89,12/9/2025 10:37:17,16/9/2025 09:59:26,2022
5630,9,批发和零售业,累计PCT专利申请数最小值,件,1,12/9/2025 10:37:17,16/9/2025 09:59:26,2022
5631,9,批发和零售业,累计PCT专利申请数中位数,件,5,12/9/2025 10:37:17,16/9/2025 09:59:26,2022
5632,10,食品饮料业,累计PCT专利申请数合计,件,634,12/9/2025 10:37:17,16/9/2025 09:59:27,2022
5633,10,食品饮料业,累计PCT专利申请数均值,件,13.4893617021277,12/9/2025 10:37:17,16/9/2025 09:59:27,2022
5634,10,食品饮料业,累计PCT专利申请数最大值,件,80,12/9/2025 10:37:17,16/9/2025 09:59:27,2022
5635,10,食品饮料业,累计PCT专利申请数最小值,件,1,12/9/2025 10:37:17,16/9/2025 09:59:27,2022
5636,10,食品饮料业,累计PCT专利申请数中位数,件,5,12/9/2025 10:37:18,16/9/2025 09:59:27,2022
5642,12,汽车制造业,累计PCT专利申请数合计,件,9652,12/9/2025 10:37:18,16/9/2025 09:59:28,2022
5643,12,汽车制造业,累计PCT专利申请数均值,件,92.8076923076923,12/9/2025 10:37:18,16/9/2025 09:59:28,2022
5644,12,汽车制造业,累计PCT专利申请数最大值,件,2468,12/9/2025 10:37:18,16/9/2025 09:59:28,2022
5645,12,汽车制造业,累计PCT专利申请数最小值,件,1,12/9/2025 10:37:18,16/9/2025 09:59:28,2022
5646,12,汽车制造业,累计PCT专利申请数中位数,件,7.5,12/9/2025 10:37:18,16/9/2025 09:59:28,2022
5647,13,电力、热力、燃气及水生产和供应业,累计PCT专利申请数合计,件,741,12/9/2025 10:37:19,16/9/2025 09:59:28,2022
5648,13,电力、热力、燃气及水生产和供应业,累计PCT专利申请数均值,件,28.5,12/9/2025 10:37:19,16/9/2025 09:59:28,2022
5649,13,电力、热力、燃气及水生产和供应业,累计PCT专利申请数最大值,件,209,12/9/2025 10:37:19,16/9/2025 09:59:28,2022
5650,13,电力、热力、燃气及水生产和供应业,累计PCT专利申请数最小值,件,1,12/9/2025 10:37:19,16/9/2025 09:59:28,2022
5651,13,电力、热力、燃气及水生产和供应业,累计PCT专利申请数中位数,件,3,12/9/2025 10:37:19,16/9/2025 09:59:28,2022
5652,14,采矿业,累计PCT专利申请数合计,件,1825,12/9/2025 10:37:19,16/9/2025 09:59:29,2022
5653,14,采矿业,累计PCT专利申请数均值,件,57.03125,12/9/2025 10:37:19,16/9/2025 09:59:29,2022
5654,14,采矿业,累计PCT专利申请数最大值,件,506,12/9/2025 10:37:19,16/9/2025 09:59:29,2022
5655,14,采矿业,累计PCT专利申请数最小值,件,1,12/9/2025 10:37:19,16/9/2025 09:59:29,2022
5656,14,采矿业,累计PCT专利申请数中位数,件,8.5,12/9/2025 10:37:19,16/9/2025 09:59:29,2022
5657,15,纺织鞋服业,累计PCT专利申请数合计,件,148,12/9/2025 10:37:20,16/9/2025 09:59:29,2022
5658,15,纺织鞋服业,累计PCT专利申请数均值,件,4.11111111111111,12/9/2025 10:37:20,16/9/2025 09:59:29,2022
5659,15,纺织鞋服业,累计PCT专利申请数最大值,件,20,12/9/2025 10:37:20,16/9/2025 09:59:29,2022
5660,15,纺织鞋服业,累计PCT专利申请数最小值,件,1,12/9/2025 10:37:20,16/9/2025 09:59:29,2022
5661,15,纺织鞋服业,累计PCT专利申请数中位数,件,2,12/9/2025 10:37:20,16/9/2025 09:59:29,2022
5662,16,建筑业,累计PCT专利申请数合计,件,859,12/9/2025 10:37:20,16/9/2025 09:59:29,2022
5663,16,建筑业,累计PCT专利申请数均值,件,19.0888888888889,12/9/2025 10:37:20,16/9/2025 09:59:29,2022
5664,16,建筑业,累计PCT专利申请数最大值,件,165,12/9/2025 10:37:20,16/9/2025 09:59:29,2022
5665,16,建筑业,累计PCT专利申请数最小值,件,1,12/9/2025 10:37:20,16/9/2025 09:59:29,2022
5666,16,建筑业,累计PCT专利申请数中位数,件,5,12/9/2025 10:37:20,16/9/2025 09:59:30,2022
5667,17,交通运输、仓储和邮政业,累计PCT专利申请数合计,件,84,12/9/2025 10:37:21,16/9/2025 09:59:30,2022
5668,17,交通运输、仓储和邮政业,累计PCT专利申请数均值,件,5.25,12/9/2025 10:37:21,16/9/2025 09:59:30,2022
5669,17,交通运输、仓储和邮政业,累计PCT专利申请数最大值,件,17,12/9/2025 10:37:21,16/9/2025 09:59:30,2022
5670,17,交通运输、仓储和邮政业,累计PCT专利申请数最小值,件,1,12/9/2025 10:37:21,16/9/2025 09:59:30,2022
5671,17,交通运输、仓储和邮政业,累计PCT专利申请数中位数,件,2,12/9/2025 10:37:21,16/9/2025 09:59:30,2022
5672,18,通用设备制造业,累计PCT专利申请数合计,件,2582,12/9/2025 10:37:22,16/9/2025 09:59:30,2022
5673,18,通用设备制造业,累计PCT专利申请数均值,件,23.6880733944954,12/9/2025 10:37:22,16/9/2025 09:59:30,2022
5674,18,通用设备制造业,累计PCT专利申请数最大值,件,356,12/9/2025 10:37:22,16/9/2025 09:59:30,2022
5675,18,通用设备制造业,累计PCT专利申请数最小值,件,1,12/9/2025 10:37:22,16/9/2025 09:59:31,2022
5676,18,通用设备制造业,累计PCT专利申请数中位数,件,4,12/9/2025 10:37:22,16/9/2025 09:59:31,2022
5677,19,半导体业,累计PCT专利申请数合计,件,4596,12/9/2025 10:37:22,16/9/2025 09:59:31,2022
5678,19,半导体业,累计PCT专利申请数均值,件,47.3814432989691,12/9/2025 10:37:23,16/9/2025 09:59:31,2022
5679,19,半导体业,累计PCT专利申请数最大值,件,1600,12/9/2025 10:37:23,16/9/2025 09:59:31,2022
5680,19,半导体业,累计PCT专利申请数最小值,件,1,12/9/2025 10:37:23,16/9/2025 09:59:31,2022
5681,19,半导体业,累计PCT专利申请数中位数,件,12,12/9/2025 10:37:23,16/9/2025 09:59:31,2022
5682,20,租赁和商务服务业,累计PCT专利申请数合计,件,195,12/9/2025 10:37:23,16/9/2025 09:59:31,2022
5683,20,租赁和商务服务业,累计PCT专利申请数均值,件,21.6666666666667,12/9/2025 10:37:23,16/9/2025 09:59:32,2022
5684,20,租赁和商务服务业,累计PCT专利申请数最大值,件,127,12/9/2025 10:37:23,16/9/2025 09:59:32,2022
5685,20,租赁和商务服务业,累计PCT专利申请数最小值,件,1,12/9/2025 10:37:24,16/9/2025 09:59:32,2022
5686,20,租赁和商务服务业,累计PCT专利申请数中位数,件,6,12/9/2025 10:37:24,16/9/2025 09:59:32,2022
5687,21,通信传输设备业,累计PCT专利申请数合计,件,136559,12/9/2025 10:37:24,16/9/2025 09:59:32,2022
5688,21,通信传输设备业,累计PCT专利申请数均值,件,1728.59493670886,12/9/2025 10:37:24,16/9/2025 09:59:32,2022
5689,21,通信传输设备业,累计PCT专利申请数最大值,件,65106,12/9/2025 10:37:24,16/9/2025 09:59:32,2022
5690,21,通信传输设备业,累计PCT专利申请数最小值,件,1,12/9/2025 10:37:24,16/9/2025 09:59:32,2022
5691,21,通信传输设备业,累计PCT专利申请数中位数,件,7,12/9/2025 10:37:24,16/9/2025 09:59:32,2022
5692,22,非金属矿物制品业,累计PCT专利申请数合计,件,565,12/9/2025 10:37:24,16/9/2025 09:59:33,2022
5693,22,非金属矿物制品业,累计PCT专利申请数均值,件,12.0212765957447,12/9/2025 10:37:25,16/9/2025 09:59:33,2022
5694,22,非金属矿物制品业,累计PCT专利申请数最大值,件,100,12/9/2025 10:37:25,16/9/2025 09:59:33,2022
5695,22,非金属矿物制品业,累计PCT专利申请数最小值,件,1,12/9/2025 10:37:25,16/9/2025 09:59:33,2022
5696,22,非金属矿物制品业,累计PCT专利申请数中位数,件,4,12/9/2025 10:37:25,16/9/2025 09:59:33,2022
5697,23,橡胶和塑料制品业,累计PCT专利申请数合计,件,1276,12/9/2025 10:37:25,16/9/2025 09:59:33,2022
5698,23,橡胶和塑料制品业,累计PCT专利申请数均值,件,22.7857142857143,12/9/2025 10:37:26,16/9/2025 09:59:33,2022
5699,23,橡胶和塑料制品业,累计PCT专利申请数最大值,件,575,12/9/2025 10:37:26,16/9/2025 09:59:33,2022
5700,23,橡胶和塑料制品业,累计PCT专利申请数最小值,件,1,12/9/2025 10:37:26,16/9/2025 09:59:33,2022
5701,23,橡胶和塑料制品业,累计PCT专利申请数中位数,件,3.5,12/9/2025 10:37:26,16/9/2025 09:59:33,2022
5702,24,综合,累计PCT专利申请数合计,件,61,12/9/2025 10:37:26,16/9/2025 09:59:34,2022
5703,24,综合,累计PCT专利申请数均值,件,15.25,12/9/2025 10:37:26,16/9/2025 09:59:34,2022
5704,24,综合,累计PCT专利申请数最大值,件,31,12/9/2025 10:37:26,16/9/2025 09:59:34,2022
5705,24,综合,累计PCT专利申请数最小值,件,4,12/9/2025 10:37:26,16/9/2025 09:59:34,2022
5706,24,综合,累计PCT专利申请数中位数,件,13,12/9/2025 10:37:26,16/9/2025 09:59:34,2022
5707,25,其他制造业,累计PCT专利申请数合计,件,326,12/9/2025 10:37:27,16/9/2025 09:59:34,2022
5708,25,其他制造业,累计PCT专利申请数均值,件,14.8181818181818,12/9/2025 10:37:27,16/9/2025 09:59:34,2022
5709,25,其他制造业,累计PCT专利申请数最大值,件,132,12/9/2025 10:37:27,16/9/2025 09:59:34,2022
5710,25,其他制造业,累计PCT专利申请数最小值,件,1,12/9/2025 10:37:27,16/9/2025 09:59:35,2022
5711,25,其他制造业,累计PCT专利申请数中位数,件,4,12/9/2025 10:37:27,16/9/2025 09:59:35,2022
5712,26,金属制品业,累计PCT专利申请数合计,件,1113,12/9/2025 10:37:28,16/9/2025 09:59:35,2022
5713,26,金属制品业,累计PCT专利申请数均值,件,23.6808510638298,12/9/2025 10:37:28,16/9/2025 09:59:35,2022
5714,26,金属制品业,累计PCT专利申请数最大值,件,280,12/9/2025 10:37:28,16/9/2025 09:59:35,2022
5715,26,金属制品业,累计PCT专利申请数最小值,件,1,12/9/2025 10:37:28,16/9/2025 09:59:35,2022
5716,26,金属制品业,累计PCT专利申请数中位数,件,4,12/9/2025 10:37:28,16/9/2025 09:59:35,2022
5717,27,铁路、船舶、航空航天和其他运输设备制造业,累计PCT专利申请数合计,件,4537,12/9/2025 10:37:28,16/9/2025 09:59:36,2022
5718,27,铁路、船舶、航空航天和其他运输设备制造业,累计PCT专利申请数均值,件,94.5208333333333,12/9/2025 10:37:28,16/9/2025 09:59:36,2022
5719,27,铁路、船舶、航空航天和其他运输设备制造业,累计PCT专利申请数最大值,件,1739,12/9/2025 10:37:28,16/9/2025 09:59:36,2022
5720,27,铁路、船舶、航空航天和其他运输设备制造业,累计PCT专利申请数最小值,件,1,12/9/2025 10:37:28,16/9/2025 09:59:36,2022
5721,27,铁路、船舶、航空航天和其他运输设备制造业,累计PCT专利申请数中位数,件,5,12/9/2025 10:37:28,16/9/2025 09:59:36,2022
5722,28,水利、环境和公共设施管理业,累计PCT专利申请数合计,件,140,12/9/2025 10:37:29,16/9/2025 09:59:37,2022
5723,28,水利、环境和公共设施管理业,累计PCT专利申请数均值,件,5,12/9/2025 10:37:29,16/9/2025 09:59:37,2022
5724,28,水利、环境和公共设施管理业,累计PCT专利申请数最大值,件,25,12/9/2025 10:37:29,16/9/2025 09:59:37,2022
5725,28,水利、环境和公共设施管理业,累计PCT专利申请数最小值,件,1,12/9/2025 10:37:29,16/9/2025 09:59:37,2022
5726,28,水利、环境和公共设施管理业,累计PCT专利申请数中位数,件,3.5,12/9/2025 10:37:29,16/9/2025 09:59:37,2022
5727,29,金属冶炼和压延加工业,累计PCT专利申请数合计,件,1257,12/9/2025 10:37:30,16/9/2025 09:59:37,2022
5728,29,金属冶炼和压延加工业,累计PCT专利申请数均值,件,22.8545454545455,12/9/2025 10:37:30,16/9/2025 09:59:37,2022
5729,29,金属冶炼和压延加工业,累计PCT专利申请数最大值,件,460,12/9/2025 10:37:30,16/9/2025 09:59:37,2022
5730,29,金属冶炼和压延加工业,累计PCT专利申请数最小值,件,1,12/9/2025 10:37:30,16/9/2025 09:59:37,2022
5731,29,金属冶炼和压延加工业,累计PCT专利申请数中位数,件,6,12/9/2025 10:37:30,16/9/2025 09:59:37,2022
5732,30,科学研究和技术服务业,累计PCT专利申请数合计,件,1594,12/9/2025 10:37:30,16/9/2025 09:59:38,2022
5733,30,科学研究和技术服务业,累计PCT专利申请数均值,件,33.9148936170213,12/9/2025 10:37:31,16/9/2025 09:59:38,2022
5734,30,科学研究和技术服务业,累计PCT专利申请数最大值,件,466,12/9/2025 10:37:31,16/9/2025 09:59:38,2022
5735,30,科学研究和技术服务业,累计PCT专利申请数最小值,件,1,12/9/2025 10:37:31,16/9/2025 09:59:38,2022
5736,30,科学研究和技术服务业,累计PCT专利申请数中位数,件,8,12/9/2025 10:37:31,16/9/2025 09:59:38,2022
5737,31,教育,累计PCT专利申请数合计,件,24,12/9/2025 10:37:31,16/9/2025 09:59:38,2022
5738,31,教育,累计PCT专利申请数均值,件,12,12/9/2025 10:37:31,16/9/2025 09:59:38,2022
5739,31,教育,累计PCT专利申请数最大值,件,18,12/9/2025 10:37:31,16/9/2025 09:59:38,2022
5740,31,教育,累计PCT专利申请数最小值,件,6,12/9/2025 10:37:31,16/9/2025 09:59:38,2022
5741,31,教育,累计PCT专利申请数中位数,件,12,12/9/2025 10:37:31,16/9/2025 09:59:38,2022
5742,32,仪器仪表制造业,累计PCT专利申请数合计,件,454,12/9/2025 10:37:32,16/9/2025 09:59:39,2022
5743,32,仪器仪表制造业,累计PCT专利申请数均值,件,11.35,12/9/2025 10:37:32,16/9/2025 09:59:39,2022
5744,32,仪器仪表制造业,累计PCT专利申请数最大值,件,71,12/9/2025 10:37:32,16/9/2025 09:59:39,2022
5745,32,仪器仪表制造业,累计PCT专利申请数最小值,件,1,12/9/2025 10:37:32,16/9/2025 09:59:39,2022
5746,32,仪器仪表制造业,累计PCT专利申请数中位数,件,4.5,12/9/2025 10:37:32,16/9/2025 09:59:39,2022
5747,33,文化、体育和娱乐业,累计PCT专利申请数合计,件,4,12/9/2025 10:37:32,16/9/2025 09:59:39,2022
5748,33,文化、体育和娱乐业,累计PCT专利申请数均值,件,1.33333333333333,12/9/2025 10:37:33,16/9/2025 09:59:39,2022
5749,33,文化、体育和娱乐业,累计PCT专利申请数最大值,件,2,12/9/2025 10:37:33,16/9/2025 09:59:39,2022
5750,33,文化、体育和娱乐业,累计PCT专利申请数最小值,件,1,12/9/2025 10:37:33,16/9/2025 09:59:39,2022
5751,33,文化、体育和娱乐业,累计PCT专利申请数中位数,件,1,12/9/2025 10:37:33,16/9/2025 09:59:39,2022
5752,34,农、林、牧、渔业,累计PCT专利申请数合计,件,43,12/9/2025 10:37:33,16/9/2025 09:59:40,2022
5753,34,农、林、牧、渔业,累计PCT专利申请数均值,件,5.375,12/9/2025 10:37:33,16/9/2025 09:59:40,2022
5754,34,农、林、牧、渔业,累计PCT专利申请数最大值,件,22,12/9/2025 10:37:33,16/9/2025 09:59:40,2022
5755,34,农、林、牧、渔业,累计PCT专利申请数最小值,件,1,12/9/2025 10:37:33,16/9/2025 09:59:40,2022
5756,34,农、林、牧、渔业,累计PCT专利申请数中位数,件,2,12/9/2025 10:37:33,16/9/2025 09:59:40,2022
5757,35,卫生和社会工作,累计PCT专利申请数合计,件,122,12/9/2025 10:37:33,16/9/2025 09:59:40,2022
5758,35,卫生和社会工作,累计PCT专利申请数均值,件,17.4285714285714,12/9/2025 10:37:33,16/9/2025 09:59:40,2022
5759,35,卫生和社会工作,累计PCT专利申请数最大值,件,99,12/9/2025 10:37:34,16/9/2025 09:59:40,2022
5760,35,卫生和社会工作,累计PCT专利申请数最小值,件,1,12/9/2025 10:37:34,16/9/2025 09:59:40,2022
5761,35,卫生和社会工作,累计PCT专利申请数中位数,件,2,12/9/2025 10:37:34,16/9/2025 09:59:40,2022
5762,36,造纸和纸制品业,累计PCT专利申请数合计,件,56,12/9/2025 10:37:34,16/9/2025 09:59:41,2022
5763,36,造纸和纸制品业,累计PCT专利申请数均值,件,4.66666666666667,12/9/2025 10:37:34,16/9/2025 09:59:41,2022
5764,36,造纸和纸制品业,累计PCT专利申请数最大值,件,12,12/9/2025 10:37:34,16/9/2025 09:59:41,2022
5765,36,造纸和纸制品业,累计PCT专利申请数最小值,件,1,12/9/2025 10:37:34,16/9/2025 09:59:41,2022
5766,36,造纸和纸制品业,累计PCT专利申请数中位数,件,4,12/9/2025 10:37:34,16/9/2025 09:59:41,2022
5767,37,住宿和餐饮业,累计PCT专利申请数合计,件,0,12/9/2025 10:37:35,16/9/2025 09:59:41,2022
5768,37,住宿和餐饮业,累计PCT专利申请数均值,件,0,12/9/2025 10:37:35,16/9/2025 09:59:41,2022
5769,37,住宿和餐饮业,累计PCT专利申请数最大值,件,0,12/9/2025 10:37:35,16/9/2025 09:59:41,2022
5770,37,住宿和餐饮业,累计PCT专利申请数最小值,件,0,12/9/2025 10:37:35,16/9/2025 09:59:41,2022
5771,37,住宿和餐饮业,累计PCT专利申请数中位数,件,0,12/9/2025 10:37:35,16/9/2025 09:59:41,2022
5772,38,家具制造业,累计PCT专利申请数合计,件,207,12/9/2025 10:37:36,16/9/2025 09:59:42,2022
5773,38,家具制造业,累计PCT专利申请数均值,件,14.7857142857143,12/9/2025 10:37:36,16/9/2025 09:59:42,2022
5774,38,家具制造业,累计PCT专利申请数最大值,件,64,12/9/2025 10:37:36,16/9/2025 09:59:42,2022
5775,38,家具制造业,累计PCT专利申请数最小值,件,1,12/9/2025 10:37:36,16/9/2025 09:59:42,2022
5776,38,家具制造业,累计PCT专利申请数中位数,件,7,12/9/2025 10:37:36,16/9/2025 09:59:42,2022
5777,39,印刷和记录媒介复制业,累计PCT专利申请数合计,件,10,12/9/2025 10:37:36,16/9/2025 09:59:42,2022
5778,39,印刷和记录媒介复制业,累计PCT专利申请数均值,件,2,12/9/2025 10:37:36,16/9/2025 09:59:42,2022
5779,39,印刷和记录媒介复制业,累计PCT专利申请数最大值,件,4,12/9/2025 10:37:36,16/9/2025 09:59:42,2022
5780,39,印刷和记录媒介复制业,累计PCT专利申请数最小值,件,1,12/9/2025 10:37:36,16/9/2025 09:59:42,2022
5781,39,印刷和记录媒介复制业,累计PCT专利申请数中位数,件,2,12/9/2025 10:37:36,16/9/2025 09:59:42,2022
5782,41,文教、工美、体育和娱乐用品制造业,累计PCT专利申请数合计,件,456,12/9/2025 10:37:37,16/9/2025 09:59:43,2022
5783,41,文教、工美、体育和娱乐用品制造业,累计PCT专利申请数均值,件,50.6666666666667,12/9/2025 10:37:37,16/9/2025 09:59:43,2022
5784,41,文教、工美、体育和娱乐用品制造业,累计PCT专利申请数最大值,件,201,12/9/2025 10:37:37,16/9/2025 09:59:43,2022
5785,41,文教、工美、体育和娱乐用品制造业,累计PCT专利申请数最小值,件,1,12/9/2025 10:37:37,16/9/2025 09:59:43,2022
5786,41,文教、工美、体育和娱乐用品制造业,累计PCT专利申请数中位数,件,4,12/9/2025 10:37:37,16/9/2025 09:59:43,2022
5792,43,化学纤维制造业,累计PCT专利申请数合计,件,140,12/9/2025 10:37:38,16/9/2025 09:59:44,2022
5793,43,化学纤维制造业,累计PCT专利申请数均值,件,8.23529411764706,12/9/2025 10:37:38,16/9/2025 09:59:44,2022
5794,43,化学纤维制造业,累计PCT专利申请数最大值,件,58,12/9/2025 10:37:38,16/9/2025 09:59:44,2022
5795,43,化学纤维制造业,累计PCT专利申请数最小值,件,1,12/9/2025 10:37:38,16/9/2025 09:59:44,2022
5796,43,化学纤维制造业,累计PCT专利申请数中位数,件,4,12/9/2025 10:37:38,16/9/2025 09:59:44,2022
5802,45,石油加工、炼焦和核燃料加工业,累计PCT专利申请数合计,件,2,12/9/2025 10:37:39,16/9/2025 09:59:45,2022
5803,45,石油加工、炼焦和核燃料加工业,累计PCT专利申请数均值,件,1,12/9/2025 10:37:39,16/9/2025 09:59:45,2022
5804,45,石油加工、炼焦和核燃料加工业,累计PCT专利申请数最大值,件,1,12/9/2025 10:37:39,16/9/2025 09:59:45,2022
5805,45,石油加工、炼焦和核燃料加工业,累计PCT专利申请数最小值,件,1,12/9/2025 10:37:39,16/9/2025 09:59:45,2022
5806,45,石油加工、炼焦和核燃料加工业,累计PCT专利申请数中位数,件,1,12/9/2025 10:37:39,16/9/2025 09:59:46,2022
5807,46,废弃资源综合利用业,累计PCT专利申请数合计,件,122,12/9/2025 10:37:39,16/9/2025 09:59:46,2022
5808,46,废弃资源综合利用业,累计PCT专利申请数均值,件,17.4285714285714,12/9/2025 10:37:39,16/9/2025 09:59:46,2022
5809,46,废弃资源综合利用业,累计PCT专利申请数最大值,件,86,12/9/2025 10:37:39,16/9/2025 09:59:46,2022
5810,46,废弃资源综合利用业,累计PCT专利申请数最小值,件,1,12/9/2025 10:37:39,16/9/2025 09:59:46,2022
5811,46,废弃资源综合利用业,累计PCT专利申请数中位数,件,10,12/9/2025 10:37:39,16/9/2025 09:59:46,2022
5812,47,木材加工和木、竹、藤、棕、草制品业,累计PCT专利申请数合计,件,7,12/9/2025 10:37:40,16/9/2025 09:59:46,2022
5813,47,木材加工和木、竹、藤、棕、草制品业,累计PCT专利申请数均值,件,7,12/9/2025 10:37:40,16/9/2025 09:59:46,2022
5814,47,木材加工和木、竹、藤、棕、草制品业,累计PCT专利申请数最大值,件,7,12/9/2025 10:37:40,16/9/2025 09:59:47,2022
5815,47,木材加工和木、竹、藤、棕、草制品业,累计PCT专利申请数最小值,件,7,12/9/2025 10:37:40,16/9/2025 09:59:47,2022
5816,47,木材加工和木、竹、藤、棕、草制品业,累计PCT专利申请数中位数,件,7,12/9/2025 10:37:40,16/9/2025 09:59:47,2022
5817,48,居民服务、修理和其他服务业,累计PCT专利申请数合计,件,0,12/9/2025 10:37:40,16/9/2025 09:59:47,2022
5818,48,居民服务、修理和其他服务业,累计PCT专利申请数均值,件,0,12/9/2025 10:37:40,16/9/2025 09:59:47,2022
5819,48,居民服务、修理和其他服务业,累计PCT专利申请数最大值,件,0,12/9/2025 10:37:40,16/9/2025 09:59:47,2022
5820,48,居民服务、修理和其他服务业,累计PCT专利申请数最小值,件,0,12/9/2025 10:37:40,16/9/2025 09:59:47,2022
5821,48,居民服务、修理和其他服务业,累计PCT专利申请数中位数,件,0,12/9/2025 10:37:40,16/9/2025 09:59:47,2022
5822,0,全行业,累计PCT专利申请数合计,件,315811,12/9/2025 10:37:40,5/11/2025 08:56:03,2022
5823,0,全行业,累计PCT专利申请数均值,件,128.118052738337,12/9/2025 10:37:40,5/11/2025 08:56:03,2022
5824,0,全行业,累计PCT专利申请数最大值,件,65106,12/9/2025 10:37:41,5/11/2025 08:56:03,2022
5825,0,全行业,累计PCT专利申请数最小值,件,1,12/9/2025 10:37:41,5/11/2025 08:56:03,2022
5826,0,全行业,累计PCT专利申请数中位数,件,6,12/9/2025 10:37:41,5/11/2025 08:56:03,2022
5827,1,医药制造业,累计中国发明专利授权数合计,件,32389,12/9/2025 10:37:41,16/9/2025 09:59:48,2022
5828,1,医药制造业,累计中国发明专利授权数均值,件,79.5798525798526,12/9/2025 10:37:41,16/9/2025 09:59:48,2022
5829,1,医药制造业,累计中国发明专利授权数最大值,件,974,12/9/2025 10:37:41,16/9/2025 09:59:48,2022
5830,1,医药制造业,累计中国发明专利授权数最小值,件,1,12/9/2025 10:37:41,16/9/2025 09:59:48,2022
5831,1,医药制造业,累计中国发明专利授权数中位数,件,35,12/9/2025 10:37:41,16/9/2025 09:59:48,2022
5832,2,化学原料和化学制品制造业,累计中国发明专利授权数合计,件,32074,12/9/2025 10:37:41,16/9/2025 09:59:48,2022
5833,2,化学原料和化学制品制造业,累计中国发明专利授权数均值,件,91.64,12/9/2025 10:37:41,16/9/2025 09:59:48,2022
5834,2,化学原料和化学制品制造业,累计中国发明专利授权数最大值,件,2678,12/9/2025 10:37:41,16/9/2025 09:59:48,2022
5835,2,化学原料和化学制品制造业,累计中国发明专利授权数最小值,件,1,12/9/2025 10:37:41,16/9/2025 09:59:48,2022
5836,2,化学原料和化学制品制造业,累计中国发明专利授权数中位数,件,38,12/9/2025 10:37:41,16/9/2025 09:59:48,2022
5837,3,信息传输、软件和信息技术服务业,累计中国发明专利授权数合计,件,134978,12/9/2025 10:37:42,16/9/2025 09:59:49,2022
5838,3,信息传输、软件和信息技术服务业,累计中国发明专利授权数均值,件,252.767790262172,12/9/2025 10:37:42,16/9/2025 09:59:49,2022
5839,3,信息传输、软件和信息技术服务业,累计中国发明专利授权数最大值,件,20650,12/9/2025 10:37:42,16/9/2025 09:59:49,2022
5840,3,信息传输、软件和信息技术服务业,累计中国发明专利授权数最小值,件,1,12/9/2025 10:37:42,16/9/2025 09:59:49,2022
5841,3,信息传输、软件和信息技术服务业,累计中国发明专利授权数中位数,件,27,12/9/2025 10:37:42,16/9/2025 09:59:49,2022
5842,4,房地产业,累计中国发明专利授权数合计,件,2746,12/9/2025 10:37:42,16/9/2025 09:59:49,2022
5843,4,房地产业,累计中国发明专利授权数均值,件,36.6133333333333,12/9/2025 10:37:42,16/9/2025 09:59:49,2022
5844,4,房地产业,累计中国发明专利授权数最大值,件,1055,12/9/2025 10:37:42,16/9/2025 09:59:49,2022
5845,4,房地产业,累计中国发明专利授权数最小值,件,1,12/9/2025 10:37:43,16/9/2025 09:59:49,2022
5846,4,房地产业,累计中国发明专利授权数中位数,件,6,12/9/2025 10:37:43,16/9/2025 09:59:49,2022
5847,5,专用设备制造业,累计中国发明专利授权数合计,件,57606,12/9/2025 10:37:43,16/9/2025 09:59:50,2022
5848,5,专用设备制造业,累计中国发明专利授权数均值,件,137.157142857143,12/9/2025 10:37:43,16/9/2025 09:59:50,2022
5849,5,专用设备制造业,累计中国发明专利授权数最大值,件,3028,12/9/2025 10:37:43,16/9/2025 09:59:50,2022
5850,5,专用设备制造业,累计中国发明专利授权数最小值,件,1,12/9/2025 10:37:43,16/9/2025 09:59:50,2022
5851,5,专用设备制造业,累计中国发明专利授权数中位数,件,40,12/9/2025 10:37:43,16/9/2025 09:59:50,2022
5852,6,消费电子及电气业,累计中国发明专利授权数合计,件,217188,12/9/2025 10:37:44,16/9/2025 09:59:51,2022
5853,6,消费电子及电气业,累计中国发明专利授权数均值,件,666.220858895706,12/9/2025 10:37:44,16/9/2025 09:59:51,2022
5854,6,消费电子及电气业,累计中国发明专利授权数最大值,件,33734,12/9/2025 10:37:44,16/9/2025 09:59:51,2022
5855,6,消费电子及电气业,累计中国发明专利授权数最小值,件,1,12/9/2025 10:37:44,16/9/2025 09:59:51,2022
5856,6,消费电子及电气业,累计中国发明专利授权数中位数,件,43,12/9/2025 10:37:44,16/9/2025 09:59:51,2022
5857,7,金融业,累计中国发明专利授权数合计,件,18539,12/9/2025 10:37:44,16/9/2025 09:59:51,2022
5858,7,金融业,累计中国发明专利授权数均值,件,153.214876033058,12/9/2025 10:37:44,16/9/2025 09:59:52,2022
5859,7,金融业,累计中国发明专利授权数最大值,件,10978,12/9/2025 10:37:44,16/9/2025 09:59:52,2022
5860,7,金融业,累计中国发明专利授权数最小值,件,1,12/9/2025 10:37:44,16/9/2025 09:59:52,2022
5861,7,金融业,累计中国发明专利授权数中位数,件,8,12/9/2025 10:37:44,16/9/2025 09:59:52,2022
5862,8,商业电气机械和器材制造业,累计中国发明专利授权数合计,件,49537,12/9/2025 10:37:45,16/9/2025 09:59:52,2022
5863,8,商业电气机械和器材制造业,累计中国发明专利授权数均值,件,164.574750830565,12/9/2025 10:37:45,16/9/2025 09:59:52,2022
5864,8,商业电气机械和器材制造业,累计中国发明专利授权数最大值,件,7075,12/9/2025 10:37:45,16/9/2025 09:59:52,2022
5865,8,商业电气机械和器材制造业,累计中国发明专利授权数最小值,件,1,12/9/2025 10:37:45,16/9/2025 09:59:52,2022
5866,8,商业电气机械和器材制造业,累计中国发明专利授权数中位数,件,46,12/9/2025 10:37:45,16/9/2025 09:59:53,2022
5867,9,批发和零售业,累计中国发明专利授权数合计,件,3907,12/9/2025 10:37:45,16/9/2025 09:59:53,2022
5868,9,批发和零售业,累计中国发明专利授权数均值,件,30.7637795275591,12/9/2025 10:37:45,16/9/2025 09:59:53,2022
5869,9,批发和零售业,累计中国发明专利授权数最大值,件,555,12/9/2025 10:37:46,16/9/2025 09:59:53,2022
5870,9,批发和零售业,累计中国发明专利授权数最小值,件,1,12/9/2025 10:37:46,16/9/2025 09:59:53,2022
5871,9,批发和零售业,累计中国发明专利授权数中位数,件,7,12/9/2025 10:37:46,16/9/2025 09:59:53,2022
5872,10,食品饮料业,累计中国发明专利授权数合计,件,9636,12/9/2025 10:37:46,16/9/2025 09:59:54,2022
5873,10,食品饮料业,累计中国发明专利授权数均值,件,47.0048780487805,12/9/2025 10:37:46,16/9/2025 09:59:54,2022
5874,10,食品饮料业,累计中国发明专利授权数最大值,件,644,12/9/2025 10:37:46,16/9/2025 09:59:54,2022
5875,10,食品饮料业,累计中国发明专利授权数最小值,件,1,12/9/2025 10:37:46,16/9/2025 09:59:54,2022
5876,10,食品饮料业,累计中国发明专利授权数中位数,件,14,12/9/2025 10:37:47,16/9/2025 09:59:54,2022
5882,12,汽车制造业,累计中国发明专利授权数合计,件,66000,12/9/2025 10:37:48,16/9/2025 09:59:55,2022
5883,12,汽车制造业,累计中国发明专利授权数均值,件,301.369863013699,12/9/2025 10:37:48,16/9/2025 09:59:55,2022
5884,12,汽车制造业,累计中国发明专利授权数最大值,件,7848,12/9/2025 10:37:48,16/9/2025 09:59:55,2022
5885,12,汽车制造业,累计中国发明专利授权数最小值,件,1,12/9/2025 10:37:48,16/9/2025 09:59:55,2022
5886,12,汽车制造业,累计中国发明专利授权数中位数,件,41,12/9/2025 10:37:48,16/9/2025 09:59:55,2022
5887,13,电力、热力、燃气及水生产和供应业,累计中国发明专利授权数合计,件,8257,12/9/2025 10:37:48,16/9/2025 09:59:55,2022
5888,13,电力、热力、燃气及水生产和供应业,累计中国发明专利授权数均值,件,61.162962962963,12/9/2025 10:37:48,16/9/2025 09:59:55,2022
5889,13,电力、热力、燃气及水生产和供应业,累计中国发明专利授权数最大值,件,1339,12/9/2025 10:37:48,16/9/2025 09:59:55,2022
5890,13,电力、热力、燃气及水生产和供应业,累计中国发明专利授权数最小值,件,1,12/9/2025 10:37:48,16/9/2025 09:59:55,2022
5891,13,电力、热力、燃气及水生产和供应业,累计中国发明专利授权数中位数,件,14,12/9/2025 10:37:48,16/9/2025 09:59:55,2022
5892,14,采矿业,累计中国发明专利授权数合计,件,111608,12/9/2025 10:37:49,16/9/2025 09:59:56,2022
5893,14,采矿业,累计中国发明专利授权数均值,件,1116.08,12/9/2025 10:37:49,16/9/2025 09:59:56,2022
5894,14,采矿业,累计中国发明专利授权数最大值,件,33532,12/9/2025 10:37:49,16/9/2025 09:59:56,2022
5895,14,采矿业,累计中国发明专利授权数最小值,件,1,12/9/2025 10:37:49,16/9/2025 09:59:56,2022
5896,14,采矿业,累计中国发明专利授权数中位数,件,29,12/9/2025 10:37:49,16/9/2025 09:59:56,2022
5897,15,纺织鞋服业,累计中国发明专利授权数合计,件,3715,12/9/2025 10:37:49,16/9/2025 09:59:56,2022
5898,15,纺织鞋服业,累计中国发明专利授权数均值,件,31.218487394958,12/9/2025 10:37:49,16/9/2025 09:59:56,2022
5899,15,纺织鞋服业,累计中国发明专利授权数最大值,件,590,12/9/2025 10:37:49,16/9/2025 09:59:56,2022
5900,15,纺织鞋服业,累计中国发明专利授权数最小值,件,1,12/9/2025 10:37:49,16/9/2025 09:59:56,2022
5901,15,纺织鞋服业,累计中国发明专利授权数中位数,件,15,12/9/2025 10:37:49,16/9/2025 09:59:56,2022
5902,16,建筑业,累计中国发明专利授权数合计,件,28475,12/9/2025 10:37:50,16/9/2025 09:59:56,2022
5903,16,建筑业,累计中国发明专利授权数均值,件,243.376068376068,12/9/2025 10:37:50,16/9/2025 09:59:56,2022
5904,16,建筑业,累计中国发明专利授权数最大值,件,5144,12/9/2025 10:37:50,16/9/2025 09:59:56,2022
5905,16,建筑业,累计中国发明专利授权数最小值,件,1,12/9/2025 10:37:50,16/9/2025 09:59:56,2022
5906,16,建筑业,累计中国发明专利授权数中位数,件,35,12/9/2025 10:37:50,16/9/2025 09:59:57,2022
5907,17,交通运输、仓储和邮政业,累计中国发明专利授权数合计,件,1774,12/9/2025 10:37:50,16/9/2025 09:59:57,2022
5908,17,交通运输、仓储和邮政业,累计中国发明专利授权数均值,件,18.6736842105263,12/9/2025 10:37:50,16/9/2025 09:59:57,2022
5909,17,交通运输、仓储和邮政业,累计中国发明专利授权数最大值,件,440,12/9/2025 10:37:50,16/9/2025 09:59:57,2022
5910,17,交通运输、仓储和邮政业,累计中国发明专利授权数最小值,件,1,12/9/2025 10:37:50,16/9/2025 09:59:57,2022
5911,17,交通运输、仓储和邮政业,累计中国发明专利授权数中位数,件,6,12/9/2025 10:37:50,16/9/2025 09:59:57,2022
5912,18,通用设备制造业,累计中国发明专利授权数合计,件,21679,12/9/2025 10:37:50,16/9/2025 09:59:57,2022
5913,18,通用设备制造业,累计中国发明专利授权数均值,件,104.729468599034,12/9/2025 10:37:50,16/9/2025 09:59:57,2022
5914,18,通用设备制造业,累计中国发明专利授权数最大值,件,2200,12/9/2025 10:37:51,16/9/2025 09:59:57,2022
5915,18,通用设备制造业,累计中国发明专利授权数最小值,件,1,12/9/2025 10:37:51,16/9/2025 09:59:57,2022
5916,18,通用设备制造业,累计中国发明专利授权数中位数,件,38,12/9/2025 10:37:51,16/9/2025 09:59:57,2022
5917,19,半导体业,累计中国发明专利授权数合计,件,54069,12/9/2025 10:37:51,16/9/2025 09:59:57,2022
5918,19,半导体业,累计中国发明专利授权数均值,件,340.056603773585,12/9/2025 10:37:51,16/9/2025 09:59:58,2022
5919,19,半导体业,累计中国发明专利授权数最大值,件,8949,12/9/2025 10:37:51,16/9/2025 09:59:58,2022
5920,19,半导体业,累计中国发明专利授权数最小值,件,3,12/9/2025 10:37:51,16/9/2025 09:59:58,2022
5921,19,半导体业,累计中国发明专利授权数中位数,件,60,12/9/2025 10:37:51,16/9/2025 09:59:58,2022
5922,20,租赁和商务服务业,累计中国发明专利授权数合计,件,719,12/9/2025 10:37:51,16/9/2025 09:59:58,2022
5923,20,租赁和商务服务业,累计中国发明专利授权数均值,件,17.1190476190476,12/9/2025 10:37:51,16/9/2025 09:59:58,2022
5924,20,租赁和商务服务业,累计中国发明专利授权数最大值,件,220,12/9/2025 10:37:51,16/9/2025 09:59:58,2022
5925,20,租赁和商务服务业,累计中国发明专利授权数最小值,件,1,12/9/2025 10:37:51,16/9/2025 09:59:58,2022
5926,20,租赁和商务服务业,累计中国发明专利授权数中位数,件,3.5,12/9/2025 10:37:51,16/9/2025 09:59:58,2022
5927,21,通信传输设备业,累计中国发明专利授权数合计,件,146375,12/9/2025 10:37:52,16/9/2025 09:59:58,2022
5928,21,通信传输设备业,累计中国发明专利授权数均值,件,1251.06837606838,12/9/2025 10:37:52,16/9/2025 09:59:58,2022
5929,21,通信传输设备业,累计中国发明专利授权数最大值,件,57963,12/9/2025 10:37:52,16/9/2025 09:59:58,2022
5930,21,通信传输设备业,累计中国发明专利授权数最小值,件,1,12/9/2025 10:37:52,16/9/2025 09:59:58,2022
5931,21,通信传输设备业,累计中国发明专利授权数中位数,件,65,12/9/2025 10:37:52,16/9/2025 09:59:58,2022
5932,22,非金属矿物制品业,累计中国发明专利授权数合计,件,10390,12/9/2025 10:37:52,16/9/2025 09:59:59,2022
5933,22,非金属矿物制品业,累计中国发明专利授权数均值,件,93.6036036036036,12/9/2025 10:37:52,16/9/2025 09:59:59,2022
5934,22,非金属矿物制品业,累计中国发明专利授权数最大值,件,1058,12/9/2025 10:37:53,16/9/2025 09:59:59,2022
5935,22,非金属矿物制品业,累计中国发明专利授权数最小值,件,1,12/9/2025 10:37:53,16/9/2025 09:59:59,2022
5936,22,非金属矿物制品业,累计中国发明专利授权数中位数,件,29,12/9/2025 10:37:53,16/9/2025 09:59:59,2022
5937,23,橡胶和塑料制品业,累计中国发明专利授权数合计,件,8247,12/9/2025 10:37:53,16/9/2025 09:59:59,2022
5938,23,橡胶和塑料制品业,累计中国发明专利授权数均值,件,78.5428571428571,12/9/2025 10:37:53,16/9/2025 09:59:59,2022
5939,23,橡胶和塑料制品业,累计中国发明专利授权数最大值,件,2104,12/9/2025 10:37:53,16/9/2025 09:59:59,2022
5940,23,橡胶和塑料制品业,累计中国发明专利授权数最小值,件,2,12/9/2025 10:37:53,16/9/2025 09:59:59,2022
5941,23,橡胶和塑料制品业,累计中国发明专利授权数中位数,件,31,12/9/2025 10:37:53,16/9/2025 09:59:59,2022
5942,24,综合,累计中国发明专利授权数合计,件,878,12/9/2025 10:37:54,16/9/2025 10:00:00,2022
5943,24,综合,累计中国发明专利授权数均值,件,79.8181818181818,12/9/2025 10:37:54,16/9/2025 10:00:00,2022
5944,24,综合,累计中国发明专利授权数最大值,件,429,12/9/2025 10:37:54,16/9/2025 10:00:00,2022
5945,24,综合,累计中国发明专利授权数最小值,件,4,12/9/2025 10:37:54,16/9/2025 10:00:00,2022
5946,24,综合,累计中国发明专利授权数中位数,件,28,12/9/2025 10:37:54,16/9/2025 10:00:00,2022
5947,25,其他制造业,累计中国发明专利授权数合计,件,2558,12/9/2025 10:37:55,16/9/2025 10:00:00,2022
5948,25,其他制造业,累计中国发明专利授权数均值,件,60.9047619047619,12/9/2025 10:37:55,16/9/2025 10:00:00,2022
5949,25,其他制造业,累计中国发明专利授权数最大值,件,403,12/9/2025 10:37:55,16/9/2025 10:00:00,2022
5950,25,其他制造业,累计中国发明专利授权数最小值,件,2,12/9/2025 10:37:55,16/9/2025 10:00:00,2022
5951,25,其他制造业,累计中国发明专利授权数中位数,件,22,12/9/2025 10:37:55,16/9/2025 10:00:00,2022
5952,26,金属制品业,累计中国发明专利授权数合计,件,8529,12/9/2025 10:37:56,16/9/2025 10:00:01,2022
5953,26,金属制品业,累计中国发明专利授权数均值,件,79.7102803738318,12/9/2025 10:37:56,16/9/2025 10:00:01,2022
5954,26,金属制品业,累计中国发明专利授权数最大值,件,1466,12/9/2025 10:37:56,16/9/2025 10:00:01,2022
5955,26,金属制品业,累计中国发明专利授权数最小值,件,2,12/9/2025 10:37:56,16/9/2025 10:00:01,2022
5956,26,金属制品业,累计中国发明专利授权数中位数,件,30,12/9/2025 10:37:56,16/9/2025 10:00:01,2022
5957,27,铁路、船舶、航空航天和其他运输设备制造业,累计中国发明专利授权数合计,件,49173,12/9/2025 10:37:56,16/9/2025 10:00:01,2022
5958,27,铁路、船舶、航空航天和其他运输设备制造业,累计中国发明专利授权数均值,件,512.21875,12/9/2025 10:37:56,16/9/2025 10:00:01,2022
5959,27,铁路、船舶、航空航天和其他运输设备制造业,累计中国发明专利授权数最大值,件,11278,12/9/2025 10:37:56,16/9/2025 10:00:01,2022
5960,27,铁路、船舶、航空航天和其他运输设备制造业,累计中国发明专利授权数最小值,件,3,12/9/2025 10:37:56,16/9/2025 10:00:01,2022
5961,27,铁路、船舶、航空航天和其他运输设备制造业,累计中国发明专利授权数中位数,件,48,12/9/2025 10:37:57,16/9/2025 10:00:01,2022
5962,28,水利、环境和公共设施管理业,累计中国发明专利授权数合计,件,3888,12/9/2025 10:37:57,16/9/2025 10:00:01,2022
5963,28,水利、环境和公共设施管理业,累计中国发明专利授权数均值,件,44.6896551724138,12/9/2025 10:37:57,16/9/2025 10:00:02,2022
5964,28,水利、环境和公共设施管理业,累计中国发明专利授权数最大值,件,544,12/9/2025 10:37:57,16/9/2025 10:00:02,2022
5965,28,水利、环境和公共设施管理业,累计中国发明专利授权数最小值,件,1,12/9/2025 10:37:57,16/9/2025 10:00:02,2022
5966,28,水利、环境和公共设施管理业,累计中国发明专利授权数中位数,件,21,12/9/2025 10:37:57,16/9/2025 10:00:02,2022
5967,29,金属冶炼和压延加工业,累计中国发明专利授权数合计,件,31770,12/9/2025 10:37:58,16/9/2025 10:00:02,2022
5968,29,金属冶炼和压延加工业,累计中国发明专利授权数均值,件,235.333333333333,12/9/2025 10:37:58,16/9/2025 10:00:02,2022
5969,29,金属冶炼和压延加工业,累计中国发明专利授权数最大值,件,7506,12/9/2025 10:37:58,16/9/2025 10:00:02,2022
5970,29,金属冶炼和压延加工业,累计中国发明专利授权数最小值,件,1,12/9/2025 10:37:58,16/9/2025 10:00:02,2022
5971,29,金属冶炼和压延加工业,累计中国发明专利授权数中位数,件,57,12/9/2025 10:37:58,16/9/2025 10:00:02,2022
5972,30,科学研究和技术服务业,累计中国发明专利授权数合计,件,7172,12/9/2025 10:37:59,16/9/2025 10:00:03,2022
5973,30,科学研究和技术服务业,累计中国发明专利授权数均值,件,59.2727272727273,12/9/2025 10:37:59,16/9/2025 10:00:03,2022
5974,30,科学研究和技术服务业,累计中国发明专利授权数最大值,件,490,12/9/2025 10:37:59,16/9/2025 10:00:03,2022
5975,30,科学研究和技术服务业,累计中国发明专利授权数最小值,件,1,12/9/2025 10:37:59,16/9/2025 10:00:03,2022
5976,30,科学研究和技术服务业,累计中国发明专利授权数中位数,件,29,12/9/2025 10:37:59,16/9/2025 10:00:03,2022
5977,31,教育,累计中国发明专利授权数合计,件,738,12/9/2025 10:37:59,16/9/2025 10:00:03,2022
5978,31,教育,累计中国发明专利授权数均值,件,56.7692307692308,12/9/2025 10:37:59,16/9/2025 10:00:03,2022
5979,31,教育,累计中国发明专利授权数最大值,件,306,12/9/2025 10:37:59,16/9/2025 10:00:03,2022
5980,31,教育,累计中国发明专利授权数最小值,件,1,12/9/2025 10:37:59,16/9/2025 10:00:03,2022
5981,31,教育,累计中国发明专利授权数中位数,件,14,12/9/2025 10:37:59,16/9/2025 10:00:03,2022
5982,32,仪器仪表制造业,累计中国发明专利授权数合计,件,6761,12/9/2025 10:38:00,16/9/2025 10:00:04,2022
5983,32,仪器仪表制造业,累计中国发明专利授权数均值,件,77.7126436781609,12/9/2025 10:38:00,16/9/2025 10:00:04,2022
5984,32,仪器仪表制造业,累计中国发明专利授权数最大值,件,904,12/9/2025 10:38:00,16/9/2025 10:00:04,2022
5985,32,仪器仪表制造业,累计中国发明专利授权数最小值,件,3,12/9/2025 10:38:00,16/9/2025 10:00:04,2022
5986,32,仪器仪表制造业,累计中国发明专利授权数中位数,件,35,12/9/2025 10:38:00,16/9/2025 10:00:04,2022
5987,33,文化、体育和娱乐业,累计中国发明专利授权数合计,件,478,12/9/2025 10:38:00,16/9/2025 10:00:04,2022
5988,33,文化、体育和娱乐业,累计中国发明专利授权数均值,件,10.1702127659574,12/9/2025 10:38:00,16/9/2025 10:00:04,2022
5989,33,文化、体育和娱乐业,累计中国发明专利授权数最大值,件,99,12/9/2025 10:38:00,16/9/2025 10:00:04,2022
5990,33,文化、体育和娱乐业,累计中国发明专利授权数最小值,件,1,12/9/2025 10:38:00,16/9/2025 10:00:04,2022
5991,33,文化、体育和娱乐业,累计中国发明专利授权数中位数,件,4,12/9/2025 10:38:00,16/9/2025 10:00:04,2022
5992,34,农、林、牧、渔业,累计中国发明专利授权数合计,件,1138,12/9/2025 10:38:01,16/9/2025 10:00:05,2022
5993,34,农、林、牧、渔业,累计中国发明专利授权数均值,件,24.7391304347826,12/9/2025 10:38:01,16/9/2025 10:00:05,2022
5994,34,农、林、牧、渔业,累计中国发明专利授权数最大值,件,275,12/9/2025 10:38:01,16/9/2025 10:00:05,2022
5995,34,农、林、牧、渔业,累计中国发明专利授权数最小值,件,1,12/9/2025 10:38:01,16/9/2025 10:00:05,2022
5996,34,农、林、牧、渔业,累计中国发明专利授权数中位数,件,11.5,12/9/2025 10:38:01,16/9/2025 10:00:05,2022
5997,35,卫生和社会工作,累计中国发明专利授权数合计,件,713,12/9/2025 10:38:02,16/9/2025 10:00:05,2022
5998,35,卫生和社会工作,累计中国发明专利授权数均值,件,47.5333333333333,12/9/2025 10:38:02,16/9/2025 10:00:05,2022
5999,35,卫生和社会工作,累计中国发明专利授权数最大值,件,342,12/9/2025 10:38:02,16/9/2025 10:00:05,2022
6000,35,卫生和社会工作,累计中国发明专利授权数最小值,件,1,12/9/2025 10:38:02,16/9/2025 10:00:05,2022
6001,35,卫生和社会工作,累计中国发明专利授权数中位数,件,5,12/9/2025 10:38:02,16/9/2025 10:00:05,2022
6002,36,造纸和纸制品业,累计中国发明专利授权数合计,件,1414,12/9/2025 10:38:03,16/9/2025 10:00:05,2022
6003,36,造纸和纸制品业,累计中国发明专利授权数均值,件,32.1363636363636,12/9/2025 10:38:03,16/9/2025 10:00:06,2022
6004,36,造纸和纸制品业,累计中国发明专利授权数最大值,件,145,12/9/2025 10:38:03,16/9/2025 10:00:06,2022
6005,36,造纸和纸制品业,累计中国发明专利授权数最小值,件,1,12/9/2025 10:38:03,16/9/2025 10:00:06,2022
6006,36,造纸和纸制品业,累计中国发明专利授权数中位数,件,19,12/9/2025 10:38:03,16/9/2025 10:00:06,2022
6007,37,住宿和餐饮业,累计中国发明专利授权数合计,件,15,12/9/2025 10:38:03,16/9/2025 10:00:06,2022
6008,37,住宿和餐饮业,累计中国发明专利授权数均值,件,5,12/9/2025 10:38:03,16/9/2025 10:00:06,2022
6009,37,住宿和餐饮业,累计中国发明专利授权数最大值,件,12,12/9/2025 10:38:03,16/9/2025 10:00:06,2022
6010,37,住宿和餐饮业,累计中国发明专利授权数最小值,件,1,12/9/2025 10:38:03,16/9/2025 10:00:06,2022
6011,37,住宿和餐饮业,累计中国发明专利授权数中位数,件,2,12/9/2025 10:38:03,16/9/2025 10:00:06,2022
6012,38,家具制造业,累计中国发明专利授权数合计,件,883,12/9/2025 10:38:04,16/9/2025 10:00:07,2022
6013,38,家具制造业,累计中国发明专利授权数均值,件,25.9705882352941,12/9/2025 10:38:04,16/9/2025 10:00:07,2022
6014,38,家具制造业,累计中国发明专利授权数最大值,件,131,12/9/2025 10:38:04,16/9/2025 10:00:07,2022
6015,38,家具制造业,累计中国发明专利授权数最小值,件,1,12/9/2025 10:38:04,16/9/2025 10:00:07,2022
6016,38,家具制造业,累计中国发明专利授权数中位数,件,18,12/9/2025 10:38:04,16/9/2025 10:00:07,2022
6017,39,印刷和记录媒介复制业,累计中国发明专利授权数合计,件,540,12/9/2025 10:38:05,16/9/2025 10:00:08,2022
6018,39,印刷和记录媒介复制业,累计中国发明专利授权数均值,件,24.5454545454545,12/9/2025 10:38:05,16/9/2025 10:00:08,2022
6019,39,印刷和记录媒介复制业,累计中国发明专利授权数最大值,件,95,12/9/2025 10:38:05,16/9/2025 10:00:08,2022
6020,39,印刷和记录媒介复制业,累计中国发明专利授权数最小值,件,1,12/9/2025 10:38:05,16/9/2025 10:00:08,2022
6021,39,印刷和记录媒介复制业,累计中国发明专利授权数中位数,件,19,12/9/2025 10:38:05,16/9/2025 10:00:08,2022
6022,41,文教、工美、体育和娱乐用品制造业,累计中国发明专利授权数合计,件,1019,12/9/2025 10:38:05,16/9/2025 10:00:08,2022
6023,41,文教、工美、体育和娱乐用品制造业,累计中国发明专利授权数均值,件,39.1923076923077,12/9/2025 10:38:05,16/9/2025 10:00:08,2022
6024,41,文教、工美、体育和娱乐用品制造业,累计中国发明专利授权数最大值,件,468,12/9/2025 10:38:05,16/9/2025 10:00:08,2022
6025,41,文教、工美、体育和娱乐用品制造业,累计中国发明专利授权数最小值,件,1,12/9/2025 10:38:05,16/9/2025 10:00:08,2022
6026,41,文教、工美、体育和娱乐用品制造业,累计中国发明专利授权数中位数,件,9,12/9/2025 10:38:05,16/9/2025 10:00:09,2022
6032,43,化学纤维制造业,累计中国发明专利授权数合计,件,1573,12/9/2025 10:38:06,16/9/2025 10:00:10,2022
6033,43,化学纤维制造业,累计中国发明专利授权数均值,件,47.6666666666667,12/9/2025 10:38:06,16/9/2025 10:00:10,2022
6034,43,化学纤维制造业,累计中国发明专利授权数最大值,件,296,12/9/2025 10:38:06,16/9/2025 10:00:10,2022
6035,43,化学纤维制造业,累计中国发明专利授权数最小值,件,1,12/9/2025 10:38:06,16/9/2025 10:00:10,2022
6036,43,化学纤维制造业,累计中国发明专利授权数中位数,件,27,12/9/2025 10:38:06,16/9/2025 10:00:10,2022
6042,45,石油加工、炼焦和核燃料加工业,累计中国发明专利授权数合计,件,761,12/9/2025 10:38:08,16/9/2025 10:00:10,2022
6043,45,石油加工、炼焦和核燃料加工业,累计中国发明专利授权数均值,件,44.7647058823529,12/9/2025 10:38:08,16/9/2025 10:00:11,2022
6044,45,石油加工、炼焦和核燃料加工业,累计中国发明专利授权数最大值,件,385,12/9/2025 10:38:08,16/9/2025 10:00:11,2022
6045,45,石油加工、炼焦和核燃料加工业,累计中国发明专利授权数最小值,件,3,12/9/2025 10:38:08,16/9/2025 10:00:11,2022
6046,45,石油加工、炼焦和核燃料加工业,累计中国发明专利授权数中位数,件,19,12/9/2025 10:38:08,16/9/2025 10:00:11,2022
6047,46,废弃资源综合利用业,累计中国发明专利授权数合计,件,1331,12/9/2025 10:38:08,16/9/2025 10:00:11,2022
6048,46,废弃资源综合利用业,累计中国发明专利授权数均值,件,66.55,12/9/2025 10:38:08,16/9/2025 10:00:11,2022
6049,46,废弃资源综合利用业,累计中国发明专利授权数最大值,件,627,12/9/2025 10:38:08,16/9/2025 10:00:11,2022
6050,46,废弃资源综合利用业,累计中国发明专利授权数最小值,件,1,12/9/2025 10:38:08,16/9/2025 10:00:11,2022
6051,46,废弃资源综合利用业,累计中国发明专利授权数中位数,件,8,12/9/2025 10:38:09,16/9/2025 10:00:11,2022
6052,47,木材加工和木、竹、藤、棕、草制品业,累计中国发明专利授权数合计,件,345,12/9/2025 10:38:09,16/9/2025 10:00:12,2022
6053,47,木材加工和木、竹、藤、棕、草制品业,累计中国发明专利授权数均值,件,38.3333333333333,12/9/2025 10:38:09,16/9/2025 10:00:12,2022
6054,47,木材加工和木、竹、藤、棕、草制品业,累计中国发明专利授权数最大值,件,109,12/9/2025 10:38:09,16/9/2025 10:00:12,2022
6055,47,木材加工和木、竹、藤、棕、草制品业,累计中国发明专利授权数最小值,件,1,12/9/2025 10:38:09,16/9/2025 10:00:12,2022
6056,47,木材加工和木、竹、藤、棕、草制品业,累计中国发明专利授权数中位数,件,23,12/9/2025 10:38:09,16/9/2025 10:00:12,2022
6057,48,居民服务、修理和其他服务业,累计中国发明专利授权数合计,件,0,12/9/2025 10:38:09,16/9/2025 10:00:12,2022
6058,48,居民服务、修理和其他服务业,累计中国发明专利授权数均值,件,0,12/9/2025 10:38:09,16/9/2025 10:00:12,2022
6059,48,居民服务、修理和其他服务业,累计中国发明专利授权数最大值,件,0,12/9/2025 10:38:09,16/9/2025 10:00:12,2022
6060,48,居民服务、修理和其他服务业,累计中国发明专利授权数最小值,件,0,12/9/2025 10:38:09,16/9/2025 10:00:12,2022
6061,48,居民服务、修理和其他服务业,累计中国发明专利授权数中位数,件,0,12/9/2025 10:38:09,16/9/2025 10:00:12,2022
6062,0,全行业,累计中国发明专利授权数合计,件,1141585,12/9/2025 10:38:10,5/11/2025 08:56:03,2022
6063,0,全行业,累计中国发明专利授权数均值,件,211.130941372295,12/9/2025 10:38:10,5/11/2025 08:56:03,2022
6064,0,全行业,累计中国发明专利授权数最大值,件,57963,12/9/2025 10:38:10,5/11/2025 08:56:03,2022
6065,0,全行业,累计中国发明专利授权数最小值,件,1,12/9/2025 10:38:10,5/11/2025 08:56:03,2022
6066,0,全行业,累计中国发明专利授权数中位数,件,29,12/9/2025 10:38:10,5/11/2025 08:56:03,2022
6067,1,医药制造业,累计中国发明专利失效数合计,件,23306,12/9/2025 10:38:10,16/9/2025 10:00:13,2022
6068,1,医药制造业,累计中国发明专利失效数均值,件,59.3027989821883,12/9/2025 10:38:10,16/9/2025 10:00:13,2022
6069,1,医药制造业,累计中国发明专利失效数最大值,件,875,12/9/2025 10:38:11,16/9/2025 10:00:13,2022
6070,1,医药制造业,累计中国发明专利失效数最小值,件,1,12/9/2025 10:38:11,16/9/2025 10:00:13,2022
6071,1,医药制造业,累计中国发明专利失效数中位数,件,24,12/9/2025 10:38:11,16/9/2025 10:00:13,2022
6072,2,化学原料和化学制品制造业,累计中国发明专利失效数合计,件,24472,12/9/2025 10:38:11,16/9/2025 10:00:14,2022
6073,2,化学原料和化学制品制造业,累计中国发明专利失效数均值,件,70.3218390804598,12/9/2025 10:38:11,16/9/2025 10:00:14,2022
6074,2,化学原料和化学制品制造业,累计中国发明专利失效数最大值,件,1084,12/9/2025 10:38:11,16/9/2025 10:00:14,2022
6075,2,化学原料和化学制品制造业,累计中国发明专利失效数最小值,件,1,12/9/2025 10:38:11,16/9/2025 10:00:14,2022
6076,2,化学原料和化学制品制造业,累计中国发明专利失效数中位数,件,32,12/9/2025 10:38:11,16/9/2025 10:00:14,2022
6077,3,信息传输、软件和信息技术服务业,累计中国发明专利失效数合计,件,66389,12/9/2025 10:38:11,16/9/2025 10:00:14,2022
6078,3,信息传输、软件和信息技术服务业,累计中国发明专利失效数均值,件,126.696564885496,12/9/2025 10:38:11,16/9/2025 10:00:14,2022
6079,3,信息传输、软件和信息技术服务业,累计中国发明专利失效数最大值,件,4899,12/9/2025 10:38:11,16/9/2025 10:00:14,2022
6080,3,信息传输、软件和信息技术服务业,累计中国发明专利失效数最小值,件,1,12/9/2025 10:38:11,16/9/2025 10:00:14,2022
6081,3,信息传输、软件和信息技术服务业,累计中国发明专利失效数中位数,件,21.5,12/9/2025 10:38:11,16/9/2025 10:00:14,2022
6082,4,房地产业,累计中国发明专利失效数合计,件,2640,12/9/2025 10:38:12,16/9/2025 10:00:15,2022
6083,4,房地产业,累计中国发明专利失效数均值,件,35.6756756756757,12/9/2025 10:38:12,16/9/2025 10:00:15,2022
6084,4,房地产业,累计中国发明专利失效数最大值,件,626,12/9/2025 10:38:12,16/9/2025 10:00:15,2022
6085,4,房地产业,累计中国发明专利失效数最小值,件,1,12/9/2025 10:38:12,16/9/2025 10:00:15,2022
6086,4,房地产业,累计中国发明专利失效数中位数,件,7,12/9/2025 10:38:12,16/9/2025 10:00:15,2022
6087,5,专用设备制造业,累计中国发明专利失效数合计,件,33799,12/9/2025 10:38:12,16/9/2025 10:00:15,2022
6088,5,专用设备制造业,累计中国发明专利失效数均值,件,81.2475961538462,12/9/2025 10:38:12,16/9/2025 10:00:16,2022
6089,5,专用设备制造业,累计中国发明专利失效数最大值,件,1360,12/9/2025 10:38:12,16/9/2025 10:00:16,2022
6090,5,专用设备制造业,累计中国发明专利失效数最小值,件,1,12/9/2025 10:38:12,16/9/2025 10:00:16,2022
6091,5,专用设备制造业,累计中国发明专利失效数中位数,件,27.5,12/9/2025 10:38:12,16/9/2025 10:00:16,2022
6092,6,消费电子及电气业,累计中国发明专利失效数合计,件,142247,12/9/2025 10:38:13,16/9/2025 10:00:16,2022
6093,6,消费电子及电气业,累计中国发明专利失效数均值,件,437.683076923077,12/9/2025 10:38:13,16/9/2025 10:00:16,2022
6094,6,消费电子及电气业,累计中国发明专利失效数最大值,件,16455,12/9/2025 10:38:13,16/9/2025 10:00:16,2022
6095,6,消费电子及电气业,累计中国发明专利失效数最小值,件,1,12/9/2025 10:38:13,16/9/2025 10:00:16,2022
6096,6,消费电子及电气业,累计中国发明专利失效数中位数,件,35,12/9/2025 10:38:13,16/9/2025 10:00:16,2022
6097,7,金融业,累计中国发明专利失效数合计,件,12271,12/9/2025 10:38:13,16/9/2025 10:00:16,2022
6098,7,金融业,累计中国发明专利失效数均值,件,103.117647058824,12/9/2025 10:38:13,16/9/2025 10:00:17,2022
6099,7,金融业,累计中国发明专利失效数最大值,件,5015,12/9/2025 10:38:13,16/9/2025 10:00:17,2022
6100,7,金融业,累计中国发明专利失效数最小值,件,1,12/9/2025 10:38:13,16/9/2025 10:00:17,2022
6101,7,金融业,累计中国发明专利失效数中位数,件,7,12/9/2025 10:38:13,16/9/2025 10:00:17,2022
6102,8,商业电气机械和器材制造业,累计中国发明专利失效数合计,件,46467,12/9/2025 10:38:14,16/9/2025 10:00:17,2022
6103,8,商业电气机械和器材制造业,累计中国发明专利失效数均值,件,154.89,12/9/2025 10:38:14,16/9/2025 10:00:17,2022
6104,8,商业电气机械和器材制造业,累计中国发明专利失效数最大值,件,13330,12/9/2025 10:38:14,16/9/2025 10:00:17,2022
6105,8,商业电气机械和器材制造业,累计中国发明专利失效数最小值,件,1,12/9/2025 10:38:14,16/9/2025 10:00:17,2022
6106,8,商业电气机械和器材制造业,累计中国发明专利失效数中位数,件,41,12/9/2025 10:38:14,16/9/2025 10:00:17,2022
6107,9,批发和零售业,累计中国发明专利失效数合计,件,3494,12/9/2025 10:38:14,16/9/2025 10:00:17,2022
6108,9,批发和零售业,累计中国发明专利失效数均值,件,31.4774774774775,12/9/2025 10:38:14,16/9/2025 10:00:17,2022
6109,9,批发和零售业,累计中国发明专利失效数最大值,件,508,12/9/2025 10:38:14,16/9/2025 10:00:18,2022
6110,9,批发和零售业,累计中国发明专利失效数最小值,件,1,12/9/2025 10:38:14,16/9/2025 10:00:18,2022
6111,9,批发和零售业,累计中国发明专利失效数中位数,件,7,12/9/2025 10:38:14,16/9/2025 10:00:18,2022
6112,10,食品饮料业,累计中国发明专利失效数合计,件,9376,12/9/2025 10:38:15,16/9/2025 10:00:18,2022
6113,10,食品饮料业,累计中国发明专利失效数均值,件,45.0769230769231,12/9/2025 10:38:15,16/9/2025 10:00:18,2022
6114,10,食品饮料业,累计中国发明专利失效数最大值,件,650,12/9/2025 10:38:15,16/9/2025 10:00:18,2022
6115,10,食品饮料业,累计中国发明专利失效数最小值,件,1,12/9/2025 10:38:15,16/9/2025 10:00:18,2022
6116,10,食品饮料业,累计中国发明专利失效数中位数,件,15,12/9/2025 10:38:15,16/9/2025 10:00:18,2022
6122,12,汽车制造业,累计中国发明专利失效数合计,件,43313,12/9/2025 10:38:16,16/9/2025 10:00:19,2022
6123,12,汽车制造业,累计中国发明专利失效数均值,件,197.776255707763,12/9/2025 10:38:16,16/9/2025 10:00:19,2022
6124,12,汽车制造业,累计中国发明专利失效数最大值,件,3121,12/9/2025 10:38:16,16/9/2025 10:00:19,2022
6125,12,汽车制造业,累计中国发明专利失效数最小值,件,1,12/9/2025 10:38:16,16/9/2025 10:00:19,2022
6126,12,汽车制造业,累计中国发明专利失效数中位数,件,36,12/9/2025 10:38:16,16/9/2025 10:00:19,2022
6127,13,电力、热力、燃气及水生产和供应业,累计中国发明专利失效数合计,件,5472,12/9/2025 10:38:16,16/9/2025 10:00:20,2022
6128,13,电力、热力、燃气及水生产和供应业,累计中国发明专利失效数均值,件,40.8358208955224,12/9/2025 10:38:16,16/9/2025 10:00:20,2022
6129,13,电力、热力、燃气及水生产和供应业,累计中国发明专利失效数最大值,件,637,12/9/2025 10:38:16,16/9/2025 10:00:20,2022
6130,13,电力、热力、燃气及水生产和供应业,累计中国发明专利失效数最小值,件,1,12/9/2025 10:38:16,16/9/2025 10:00:20,2022
6131,13,电力、热力、燃气及水生产和供应业,累计中国发明专利失效数中位数,件,10,12/9/2025 10:38:16,16/9/2025 10:00:20,2022
6132,14,采矿业,累计中国发明专利失效数合计,件,48939,12/9/2025 10:38:17,16/9/2025 10:00:20,2022
6133,14,采矿业,累计中国发明专利失效数均值,件,520.627659574468,12/9/2025 10:38:17,16/9/2025 10:00:20,2022
6134,14,采矿业,累计中国发明专利失效数最大值,件,11243,12/9/2025 10:38:17,16/9/2025 10:00:20,2022
6135,14,采矿业,累计中国发明专利失效数最小值,件,1,12/9/2025 10:38:17,16/9/2025 10:00:20,2022
6136,14,采矿业,累计中国发明专利失效数中位数,件,36,12/9/2025 10:38:17,16/9/2025 10:00:20,2022
6137,15,纺织鞋服业,累计中国发明专利失效数合计,件,4810,12/9/2025 10:38:18,16/9/2025 10:00:20,2022
6138,15,纺织鞋服业,累计中国发明专利失效数均值,件,39.7520661157025,12/9/2025 10:38:18,16/9/2025 10:00:21,2022
6139,15,纺织鞋服业,累计中国发明专利失效数最大值,件,986,12/9/2025 10:38:18,16/9/2025 10:00:21,2022
6140,15,纺织鞋服业,累计中国发明专利失效数最小值,件,1,12/9/2025 10:38:18,16/9/2025 10:00:21,2022
6141,15,纺织鞋服业,累计中国发明专利失效数中位数,件,15,12/9/2025 10:38:18,16/9/2025 10:00:21,2022
6142,16,建筑业,累计中国发明专利失效数合计,件,22022,12/9/2025 10:38:19,16/9/2025 10:00:21,2022
6143,16,建筑业,累计中国发明专利失效数均值,件,188.222222222222,12/9/2025 10:38:19,16/9/2025 10:00:21,2022
6144,16,建筑业,累计中国发明专利失效数最大值,件,3414,12/9/2025 10:38:19,16/9/2025 10:00:21,2022
6145,16,建筑业,累计中国发明专利失效数最小值,件,1,12/9/2025 10:38:19,16/9/2025 10:00:21,2022
6146,16,建筑业,累计中国发明专利失效数中位数,件,29,12/9/2025 10:38:19,16/9/2025 10:00:21,2022
6147,17,交通运输、仓储和邮政业,累计中国发明专利失效数合计,件,1831,12/9/2025 10:38:19,16/9/2025 10:00:21,2022
6148,17,交通运输、仓储和邮政业,累计中国发明专利失效数均值,件,20.5730337078652,12/9/2025 10:38:19,16/9/2025 10:00:21,2022
6149,17,交通运输、仓储和邮政业,累计中国发明专利失效数最大值,件,428,12/9/2025 10:38:19,16/9/2025 10:00:21,2022
6150,17,交通运输、仓储和邮政业,累计中国发明专利失效数最小值,件,1,12/9/2025 10:38:19,16/9/2025 10:00:21,2022
6151,17,交通运输、仓储和邮政业,累计中国发明专利失效数中位数,件,4,12/9/2025 10:38:19,16/9/2025 10:00:21,2022
6152,18,通用设备制造业,累计中国发明专利失效数合计,件,16654,12/9/2025 10:38:20,16/9/2025 10:00:22,2022
6153,18,通用设备制造业,累计中国发明专利失效数均值,件,80.8446601941748,12/9/2025 10:38:20,16/9/2025 10:00:22,2022
6154,18,通用设备制造业,累计中国发明专利失效数最大值,件,1946,12/9/2025 10:38:20,16/9/2025 10:00:22,2022
6155,18,通用设备制造业,累计中国发明专利失效数最小值,件,1,12/9/2025 10:38:20,16/9/2025 10:00:22,2022
6156,18,通用设备制造业,累计中国发明专利失效数中位数,件,33.5,12/9/2025 10:38:20,16/9/2025 10:00:22,2022
6157,19,半导体业,累计中国发明专利失效数合计,件,28447,12/9/2025 10:38:20,16/9/2025 10:00:23,2022
6158,19,半导体业,累计中国发明专利失效数均值,件,177.79375,12/9/2025 10:38:20,16/9/2025 10:00:23,2022
6159,19,半导体业,累计中国发明专利失效数最大值,件,3966,12/9/2025 10:38:20,16/9/2025 10:00:23,2022
6160,19,半导体业,累计中国发明专利失效数最小值,件,1,12/9/2025 10:38:20,16/9/2025 10:00:23,2022
6161,19,半导体业,累计中国发明专利失效数中位数,件,43,12/9/2025 10:38:20,16/9/2025 10:00:23,2022
6162,20,租赁和商务服务业,累计中国发明专利失效数合计,件,556,12/9/2025 10:38:21,16/9/2025 10:00:24,2022
6163,20,租赁和商务服务业,累计中国发明专利失效数均值,件,11.8297872340426,12/9/2025 10:38:21,16/9/2025 10:00:24,2022
6164,20,租赁和商务服务业,累计中国发明专利失效数最大值,件,108,12/9/2025 10:38:21,16/9/2025 10:00:24,2022
6165,20,租赁和商务服务业,累计中国发明专利失效数最小值,件,1,12/9/2025 10:38:21,16/9/2025 10:00:24,2022
6166,20,租赁和商务服务业,累计中国发明专利失效数中位数,件,4,12/9/2025 10:38:21,16/9/2025 10:00:24,2022
6167,21,通信传输设备业,累计中国发明专利失效数合计,件,119093,12/9/2025 10:38:21,16/9/2025 10:00:25,2022
6168,21,通信传输设备业,累计中国发明专利失效数均值,件,1026.66379310345,12/9/2025 10:38:21,16/9/2025 10:00:25,2022
6169,21,通信传输设备业,累计中国发明专利失效数最大值,件,38892,12/9/2025 10:38:21,16/9/2025 10:00:25,2022
6170,21,通信传输设备业,累计中国发明专利失效数最小值,件,1,12/9/2025 10:38:21,16/9/2025 10:00:25,2022
6171,21,通信传输设备业,累计中国发明专利失效数中位数,件,46,12/9/2025 10:38:21,16/9/2025 10:00:25,2022
6172,22,非金属矿物制品业,累计中国发明专利失效数合计,件,8042,12/9/2025 10:38:21,16/9/2025 10:00:25,2022
6173,22,非金属矿物制品业,累计中国发明专利失效数均值,件,73.1090909090909,12/9/2025 10:38:21,16/9/2025 10:00:25,2022
6174,22,非金属矿物制品业,累计中国发明专利失效数最大值,件,874,12/9/2025 10:38:22,16/9/2025 10:00:25,2022
6175,22,非金属矿物制品业,累计中国发明专利失效数最小值,件,1,12/9/2025 10:38:22,16/9/2025 10:00:25,2022
6176,22,非金属矿物制品业,累计中国发明专利失效数中位数,件,23.5,12/9/2025 10:38:22,16/9/2025 10:00:26,2022
6177,23,橡胶和塑料制品业,累计中国发明专利失效数合计,件,7081,12/9/2025 10:38:22,16/9/2025 10:00:26,2022
6178,23,橡胶和塑料制品业,累计中国发明专利失效数均值,件,67.4380952380952,12/9/2025 10:38:22,16/9/2025 10:00:26,2022
6179,23,橡胶和塑料制品业,累计中国发明专利失效数最大值,件,1510,12/9/2025 10:38:22,16/9/2025 10:00:26,2022
6180,23,橡胶和塑料制品业,累计中国发明专利失效数最小值,件,1,12/9/2025 10:38:22,16/9/2025 10:00:26,2022
6181,23,橡胶和塑料制品业,累计中国发明专利失效数中位数,件,27,12/9/2025 10:38:22,16/9/2025 10:00:26,2022
6182,24,综合,累计中国发明专利失效数合计,件,668,12/9/2025 10:38:22,16/9/2025 10:00:26,2022
6183,24,综合,累计中国发明专利失效数均值,件,55.6666666666667,12/9/2025 10:38:22,16/9/2025 10:00:26,2022
6184,24,综合,累计中国发明专利失效数最大值,件,220,12/9/2025 10:38:22,16/9/2025 10:00:26,2022
6185,24,综合,累计中国发明专利失效数最小值,件,3,12/9/2025 10:38:22,16/9/2025 10:00:26,2022
6186,24,综合,累计中国发明专利失效数中位数,件,19,12/9/2025 10:38:22,16/9/2025 10:00:26,2022
6187,25,其他制造业,累计中国发明专利失效数合计,件,2120,12/9/2025 10:38:23,16/9/2025 10:00:27,2022
6188,25,其他制造业,累计中国发明专利失效数均值,件,51.7073170731707,12/9/2025 10:38:23,16/9/2025 10:00:27,2022
6189,25,其他制造业,累计中国发明专利失效数最大值,件,430,12/9/2025 10:38:23,16/9/2025 10:00:27,2022
6190,25,其他制造业,累计中国发明专利失效数最小值,件,1,12/9/2025 10:38:23,16/9/2025 10:00:27,2022
6191,25,其他制造业,累计中国发明专利失效数中位数,件,20,12/9/2025 10:38:23,16/9/2025 10:00:27,2022
6192,26,金属制品业,累计中国发明专利失效数合计,件,8433,12/9/2025 10:38:23,16/9/2025 10:00:27,2022
6193,26,金属制品业,累计中国发明专利失效数均值,件,80.3142857142857,12/9/2025 10:38:23,16/9/2025 10:00:27,2022
6194,26,金属制品业,累计中国发明专利失效数最大值,件,1406,12/9/2025 10:38:23,16/9/2025 10:00:27,2022
6195,26,金属制品业,累计中国发明专利失效数最小值,件,1,12/9/2025 10:38:23,16/9/2025 10:00:27,2022
6196,26,金属制品业,累计中国发明专利失效数中位数,件,25,12/9/2025 10:38:24,16/9/2025 10:00:27,2022
6197,27,铁路、船舶、航空航天和其他运输设备制造业,累计中国发明专利失效数合计,件,33092,12/9/2025 10:38:24,16/9/2025 10:00:28,2022
6198,27,铁路、船舶、航空航天和其他运输设备制造业,累计中国发明专利失效数均值,件,341.154639175258,12/9/2025 10:38:24,16/9/2025 10:00:28,2022
6199,27,铁路、船舶、航空航天和其他运输设备制造业,累计中国发明专利失效数最大值,件,7379,12/9/2025 10:38:24,16/9/2025 10:00:28,2022
6200,27,铁路、船舶、航空航天和其他运输设备制造业,累计中国发明专利失效数最小值,件,1,12/9/2025 10:38:24,16/9/2025 10:00:28,2022
6201,27,铁路、船舶、航空航天和其他运输设备制造业,累计中国发明专利失效数中位数,件,33,12/9/2025 10:38:24,16/9/2025 10:00:28,2022
6202,28,水利、环境和公共设施管理业,累计中国发明专利失效数合计,件,3314,12/9/2025 10:38:25,16/9/2025 10:00:28,2022
6203,28,水利、环境和公共设施管理业,累计中国发明专利失效数均值,件,38.5348837209302,12/9/2025 10:38:25,16/9/2025 10:00:28,2022
6204,28,水利、环境和公共设施管理业,累计中国发明专利失效数最大值,件,225,12/9/2025 10:38:25,16/9/2025 10:00:28,2022
6205,28,水利、环境和公共设施管理业,累计中国发明专利失效数最小值,件,1,12/9/2025 10:38:25,16/9/2025 10:00:28,2022
6206,28,水利、环境和公共设施管理业,累计中国发明专利失效数中位数,件,24.5,12/9/2025 10:38:25,16/9/2025 10:00:28,2022
6207,29,金属冶炼和压延加工业,累计中国发明专利失效数合计,件,25410,12/9/2025 10:38:25,16/9/2025 10:00:28,2022
6208,29,金属冶炼和压延加工业,累计中国发明专利失效数均值,件,188.222222222222,12/9/2025 10:38:25,16/9/2025 10:00:28,2022
6209,29,金属冶炼和压延加工业,累计中国发明专利失效数最大值,件,4396,12/9/2025 10:38:26,16/9/2025 10:00:28,2022
6210,29,金属冶炼和压延加工业,累计中国发明专利失效数最小值,件,1,12/9/2025 10:38:26,16/9/2025 10:00:29,2022
6211,29,金属冶炼和压延加工业,累计中国发明专利失效数中位数,件,41,12/9/2025 10:38:26,16/9/2025 10:00:29,2022
6212,30,科学研究和技术服务业,累计中国发明专利失效数合计,件,5981,12/9/2025 10:38:26,16/9/2025 10:00:29,2022
6213,30,科学研究和技术服务业,累计中国发明专利失效数均值,件,51.1196581196581,12/9/2025 10:38:26,16/9/2025 10:00:29,2022
6214,30,科学研究和技术服务业,累计中国发明专利失效数最大值,件,830,12/9/2025 10:38:26,16/9/2025 10:00:29,2022
6215,30,科学研究和技术服务业,累计中国发明专利失效数最小值,件,1,12/9/2025 10:38:26,16/9/2025 10:00:29,2022
6216,30,科学研究和技术服务业,累计中国发明专利失效数中位数,件,22,12/9/2025 10:38:27,16/9/2025 10:00:29,2022
6217,31,教育,累计中国发明专利失效数合计,件,494,12/9/2025 10:38:27,16/9/2025 10:00:29,2022
6218,31,教育,累计中国发明专利失效数均值,件,27.4444444444444,12/9/2025 10:38:27,16/9/2025 10:00:29,2022
6219,31,教育,累计中国发明专利失效数最大值,件,159,12/9/2025 10:38:27,16/9/2025 10:00:29,2022
6220,31,教育,累计中国发明专利失效数最小值,件,1,12/9/2025 10:38:27,16/9/2025 10:00:29,2022
6221,31,教育,累计中国发明专利失效数中位数,件,5.5,12/9/2025 10:38:27,16/9/2025 10:00:29,2022
6222,32,仪器仪表制造业,累计中国发明专利失效数合计,件,4354,12/9/2025 10:38:28,16/9/2025 10:00:30,2022
6223,32,仪器仪表制造业,累计中国发明专利失效数均值,件,50.0459770114943,12/9/2025 10:38:28,16/9/2025 10:00:30,2022
6224,32,仪器仪表制造业,累计中国发明专利失效数最大值,件,406,12/9/2025 10:38:28,16/9/2025 10:00:30,2022
6225,32,仪器仪表制造业,累计中国发明专利失效数最小值,件,1,12/9/2025 10:38:28,16/9/2025 10:00:30,2022
6226,32,仪器仪表制造业,累计中国发明专利失效数中位数,件,29,12/9/2025 10:38:28,16/9/2025 10:00:30,2022
6227,33,文化、体育和娱乐业,累计中国发明专利失效数合计,件,820,12/9/2025 10:38:28,16/9/2025 10:00:30,2022
6228,33,文化、体育和娱乐业,累计中国发明专利失效数均值,件,18.2222222222222,12/9/2025 10:38:28,16/9/2025 10:00:30,2022
6229,33,文化、体育和娱乐业,累计中国发明专利失效数最大值,件,106,12/9/2025 10:38:28,16/9/2025 10:00:30,2022
6230,33,文化、体育和娱乐业,累计中国发明专利失效数最小值,件,1,12/9/2025 10:38:28,16/9/2025 10:00:30,2022
6231,33,文化、体育和娱乐业,累计中国发明专利失效数中位数,件,7,12/9/2025 10:38:28,16/9/2025 10:00:30,2022
6232,34,农、林、牧、渔业,累计中国发明专利失效数合计,件,1848,12/9/2025 10:38:29,16/9/2025 10:00:31,2022
6233,34,农、林、牧、渔业,累计中国发明专利失效数均值,件,39.3191489361702,12/9/2025 10:38:29,16/9/2025 10:00:31,2022
6234,34,农、林、牧、渔业,累计中国发明专利失效数最大值,件,262,12/9/2025 10:38:29,16/9/2025 10:00:31,2022
6235,34,农、林、牧、渔业,累计中国发明专利失效数最小值,件,1,12/9/2025 10:38:29,16/9/2025 10:00:31,2022
6236,34,农、林、牧、渔业,累计中国发明专利失效数中位数,件,15,12/9/2025 10:38:29,16/9/2025 10:00:31,2022
6237,35,卫生和社会工作,累计中国发明专利失效数合计,件,587,12/9/2025 10:38:30,16/9/2025 10:00:31,2022
6238,35,卫生和社会工作,累计中国发明专利失效数均值,件,41.9285714285714,12/9/2025 10:38:30,16/9/2025 10:00:31,2022
6239,35,卫生和社会工作,累计中国发明专利失效数最大值,件,293,12/9/2025 10:38:30,16/9/2025 10:00:31,2022
6240,35,卫生和社会工作,累计中国发明专利失效数最小值,件,1,12/9/2025 10:38:30,16/9/2025 10:00:31,2022
6241,35,卫生和社会工作,累计中国发明专利失效数中位数,件,13.5,12/9/2025 10:38:30,16/9/2025 10:00:31,2022
6242,36,造纸和纸制品业,累计中国发明专利失效数合计,件,1481,12/9/2025 10:38:31,16/9/2025 10:00:32,2022
6243,36,造纸和纸制品业,累计中国发明专利失效数均值,件,33.6590909090909,12/9/2025 10:38:31,16/9/2025 10:00:32,2022
6244,36,造纸和纸制品业,累计中国发明专利失效数最大值,件,145,12/9/2025 10:38:31,16/9/2025 10:00:32,2022
6245,36,造纸和纸制品业,累计中国发明专利失效数最小值,件,1,12/9/2025 10:38:31,16/9/2025 10:00:32,2022
6246,36,造纸和纸制品业,累计中国发明专利失效数中位数,件,17.5,12/9/2025 10:38:31,16/9/2025 10:00:32,2022
6247,37,住宿和餐饮业,累计中国发明专利失效数合计,件,9,12/9/2025 10:38:32,16/9/2025 10:00:32,2022
6248,37,住宿和餐饮业,累计中国发明专利失效数均值,件,2.25,12/9/2025 10:38:32,16/9/2025 10:00:32,2022
6249,37,住宿和餐饮业,累计中国发明专利失效数最大值,件,6,12/9/2025 10:38:32,16/9/2025 10:00:32,2022
6250,37,住宿和餐饮业,累计中国发明专利失效数最小值,件,1,12/9/2025 10:38:32,16/9/2025 10:00:32,2022
6251,37,住宿和餐饮业,累计中国发明专利失效数中位数,件,1,12/9/2025 10:38:32,16/9/2025 10:00:32,2022
6252,38,家具制造业,累计中国发明专利失效数合计,件,729,12/9/2025 10:38:32,16/9/2025 10:00:32,2022
6253,38,家具制造业,累计中国发明专利失效数均值,件,22.0909090909091,12/9/2025 10:38:33,16/9/2025 10:00:32,2022
6254,38,家具制造业,累计中国发明专利失效数最大值,件,94,12/9/2025 10:38:33,16/9/2025 10:00:32,2022
6255,38,家具制造业,累计中国发明专利失效数最小值,件,1,12/9/2025 10:38:33,16/9/2025 10:00:33,2022
6256,38,家具制造业,累计中国发明专利失效数中位数,件,14,12/9/2025 10:38:33,16/9/2025 10:00:33,2022
6257,39,印刷和记录媒介复制业,累计中国发明专利失效数合计,件,493,12/9/2025 10:38:33,16/9/2025 10:00:33,2022
6258,39,印刷和记录媒介复制业,累计中国发明专利失效数均值,件,24.65,12/9/2025 10:38:34,16/9/2025 10:00:33,2022
6259,39,印刷和记录媒介复制业,累计中国发明专利失效数最大值,件,104,12/9/2025 10:38:34,16/9/2025 10:00:33,2022
6260,39,印刷和记录媒介复制业,累计中国发明专利失效数最小值,件,1,12/9/2025 10:38:34,16/9/2025 10:00:33,2022
6261,39,印刷和记录媒介复制业,累计中国发明专利失效数中位数,件,16,12/9/2025 10:38:34,16/9/2025 10:00:33,2022
6262,41,文教、工美、体育和娱乐用品制造业,累计中国发明专利失效数合计,件,632,12/9/2025 10:38:35,16/9/2025 10:00:33,2022
6263,41,文教、工美、体育和娱乐用品制造业,累计中国发明专利失效数均值,件,21.7931034482759,12/9/2025 10:38:35,16/9/2025 10:00:33,2022
6264,41,文教、工美、体育和娱乐用品制造业,累计中国发明专利失效数最大值,件,249,12/9/2025 10:38:35,16/9/2025 10:00:33,2022
6265,41,文教、工美、体育和娱乐用品制造业,累计中国发明专利失效数最小值,件,2,12/9/2025 10:38:35,16/9/2025 10:00:34,2022
6266,41,文教、工美、体育和娱乐用品制造业,累计中国发明专利失效数中位数,件,5,12/9/2025 10:38:35,16/9/2025 10:00:34,2022
6272,43,化学纤维制造业,累计中国发明专利失效数合计,件,1261,12/9/2025 10:38:36,16/9/2025 10:00:34,2022
6273,43,化学纤维制造业,累计中国发明专利失效数均值,件,38.2121212121212,12/9/2025 10:38:36,16/9/2025 10:00:34,2022
6274,43,化学纤维制造业,累计中国发明专利失效数最大值,件,139,12/9/2025 10:38:37,16/9/2025 10:00:34,2022
6275,43,化学纤维制造业,累计中国发明专利失效数最小值,件,2,12/9/2025 10:38:37,16/9/2025 10:00:34,2022
6276,43,化学纤维制造业,累计中国发明专利失效数中位数,件,30,12/9/2025 10:38:37,16/9/2025 10:00:34,2022
6282,45,石油加工、炼焦和核燃料加工业,累计中国发明专利失效数合计,件,903,12/9/2025 10:38:38,16/9/2025 10:00:35,2022
6283,45,石油加工、炼焦和核燃料加工业,累计中国发明专利失效数均值,件,53.1176470588235,12/9/2025 10:38:38,16/9/2025 10:00:35,2022
6284,45,石油加工、炼焦和核燃料加工业,累计中国发明专利失效数最大值,件,445,12/9/2025 10:38:38,16/9/2025 10:00:35,2022
6285,45,石油加工、炼焦和核燃料加工业,累计中国发明专利失效数最小值,件,4,12/9/2025 10:38:38,16/9/2025 10:00:35,2022
6286,45,石油加工、炼焦和核燃料加工业,累计中国发明专利失效数中位数,件,19,12/9/2025 10:38:38,16/9/2025 10:00:36,2022
6287,46,废弃资源综合利用业,累计中国发明专利失效数合计,件,1465,12/9/2025 10:38:38,16/9/2025 10:00:36,2022
6288,46,废弃资源综合利用业,累计中国发明专利失效数均值,件,73.25,12/9/2025 10:38:38,16/9/2025 10:00:36,2022
6289,46,废弃资源综合利用业,累计中国发明专利失效数最大值,件,572,12/9/2025 10:38:39,16/9/2025 10:00:36,2022
6290,46,废弃资源综合利用业,累计中国发明专利失效数最小值,件,1,12/9/2025 10:38:39,16/9/2025 10:00:36,2022
6291,46,废弃资源综合利用业,累计中国发明专利失效数中位数,件,10,12/9/2025 10:38:39,16/9/2025 10:00:36,2022
6292,47,木材加工和木、竹、藤、棕、草制品业,累计中国发明专利失效数合计,件,391,12/9/2025 10:38:39,16/9/2025 10:00:36,2022
6293,47,木材加工和木、竹、藤、棕、草制品业,累计中国发明专利失效数均值,件,43.4444444444444,12/9/2025 10:38:39,16/9/2025 10:00:36,2022
6294,47,木材加工和木、竹、藤、棕、草制品业,累计中国发明专利失效数最大值,件,169,12/9/2025 10:38:39,16/9/2025 10:00:36,2022
6295,47,木材加工和木、竹、藤、棕、草制品业,累计中国发明专利失效数最小值,件,3,12/9/2025 10:38:39,16/9/2025 10:00:36,2022
6296,47,木材加工和木、竹、藤、棕、草制品业,累计中国发明专利失效数中位数,件,26,12/9/2025 10:38:39,16/9/2025 10:00:36,2022
6297,48,居民服务、修理和其他服务业,累计中国发明专利失效数合计,件,5,12/9/2025 10:38:40,16/9/2025 10:00:37,2022
6298,48,居民服务、修理和其他服务业,累计中国发明专利失效数均值,件,5,12/9/2025 10:38:40,16/9/2025 10:00:37,2022
6299,48,居民服务、修理和其他服务业,累计中国发明专利失效数最大值,件,5,12/9/2025 10:38:40,16/9/2025 10:00:37,2022
6300,48,居民服务、修理和其他服务业,累计中国发明专利失效数最小值,件,5,12/9/2025 10:38:40,16/9/2025 10:00:37,2022
6301,48,居民服务、修理和其他服务业,累计中国发明专利失效数中位数,件,5,12/9/2025 10:38:40,16/9/2025 10:00:37,2022
6302,0,全行业,累计中国发明专利失效数合计,件,765211,12/9/2025 10:38:40,5/11/2025 08:56:03,2022
6303,0,全行业,累计中国发明专利失效数均值,件,143.030093457944,12/9/2025 10:38:40,5/11/2025 08:56:03,2022
6304,0,全行业,累计中国发明专利失效数最大值,件,38892,12/9/2025 10:38:40,5/11/2025 08:56:03,2022
6305,0,全行业,累计中国发明专利失效数最小值,件,1,12/9/2025 10:38:40,5/11/2025 08:56:03,2022
6306,0,全行业,累计中国发明专利失效数中位数,件,24,12/9/2025 10:38:40,5/11/2025 08:56:03,2022
6307,1,医药制造业,累计PCT发明专利失效数合计,件,0,12/9/2025 10:38:40,16/9/2025 10:00:38,2022
6308,1,医药制造业,累计PCT发明专利失效数均值,件,0,12/9/2025 10:38:41,16/9/2025 10:00:38,2022
6309,1,医药制造业,累计PCT发明专利失效数最大值,件,0,12/9/2025 10:38:41,16/9/2025 10:00:38,2022
6310,1,医药制造业,累计PCT发明专利失效数最小值,件,0,12/9/2025 10:38:41,16/9/2025 10:00:38,2022
6311,1,医药制造业,累计PCT发明专利失效数中位数,件,0,12/9/2025 10:38:41,16/9/2025 10:00:38,2022
6312,2,化学原料和化学制品制造业,累计PCT发明专利失效数合计,件,0,12/9/2025 10:38:41,16/9/2025 10:00:38,2022
6313,2,化学原料和化学制品制造业,累计PCT发明专利失效数均值,件,0,12/9/2025 10:38:41,16/9/2025 10:00:38,2022
6314,2,化学原料和化学制品制造业,累计PCT发明专利失效数最大值,件,0,12/9/2025 10:38:41,16/9/2025 10:00:38,2022
6315,2,化学原料和化学制品制造业,累计PCT发明专利失效数最小值,件,0,12/9/2025 10:38:41,16/9/2025 10:00:38,2022
6316,2,化学原料和化学制品制造业,累计PCT发明专利失效数中位数,件,0,12/9/2025 10:38:41,16/9/2025 10:00:39,2022
6317,3,信息传输、软件和信息技术服务业,累计PCT发明专利失效数合计,件,0,12/9/2025 10:38:41,16/9/2025 10:00:39,2022
6318,3,信息传输、软件和信息技术服务业,累计PCT发明专利失效数均值,件,0,12/9/2025 10:38:41,16/9/2025 10:00:39,2022
6319,3,信息传输、软件和信息技术服务业,累计PCT发明专利失效数最大值,件,0,12/9/2025 10:38:41,16/9/2025 10:00:39,2022
6320,3,信息传输、软件和信息技术服务业,累计PCT发明专利失效数最小值,件,0,12/9/2025 10:38:42,16/9/2025 10:00:39,2022
6321,3,信息传输、软件和信息技术服务业,累计PCT发明专利失效数中位数,件,0,12/9/2025 10:38:42,16/9/2025 10:00:39,2022
6322,4,房地产业,累计PCT发明专利失效数合计,件,0,12/9/2025 10:38:42,16/9/2025 10:00:40,2022
6323,4,房地产业,累计PCT发明专利失效数均值,件,0,12/9/2025 10:38:42,16/9/2025 10:00:40,2022
6324,4,房地产业,累计PCT发明专利失效数最大值,件,0,12/9/2025 10:38:42,16/9/2025 10:00:40,2022
6325,4,房地产业,累计PCT发明专利失效数最小值,件,0,12/9/2025 10:38:42,16/9/2025 10:00:40,2022
6326,4,房地产业,累计PCT发明专利失效数中位数,件,0,12/9/2025 10:38:42,16/9/2025 10:00:40,2022
6327,5,专用设备制造业,累计PCT发明专利失效数合计,件,0,12/9/2025 10:38:42,16/9/2025 10:00:40,2022
6328,5,专用设备制造业,累计PCT发明专利失效数均值,件,0,12/9/2025 10:38:42,16/9/2025 10:00:41,2022
6329,5,专用设备制造业,累计PCT发明专利失效数最大值,件,0,12/9/2025 10:38:42,16/9/2025 10:00:41,2022
6330,5,专用设备制造业,累计PCT发明专利失效数最小值,件,0,12/9/2025 10:38:42,16/9/2025 10:00:41,2022
6331,5,专用设备制造业,累计PCT发明专利失效数中位数,件,0,12/9/2025 10:38:42,16/9/2025 10:00:41,2022
6332,6,消费电子及电气业,累计PCT发明专利失效数合计,件,0,12/9/2025 10:38:43,16/9/2025 10:00:41,2022
6333,6,消费电子及电气业,累计PCT发明专利失效数均值,件,0,12/9/2025 10:38:43,16/9/2025 10:00:41,2022
6334,6,消费电子及电气业,累计PCT发明专利失效数最大值,件,0,12/9/2025 10:38:43,16/9/2025 10:00:41,2022
6335,6,消费电子及电气业,累计PCT发明专利失效数最小值,件,0,12/9/2025 10:38:43,16/9/2025 10:00:41,2022
6336,6,消费电子及电气业,累计PCT发明专利失效数中位数,件,0,12/9/2025 10:38:43,16/9/2025 10:00:41,2022
6337,7,金融业,累计PCT发明专利失效数合计,件,0,12/9/2025 10:38:43,16/9/2025 10:00:42,2022
6338,7,金融业,累计PCT发明专利失效数均值,件,0,12/9/2025 10:38:43,16/9/2025 10:00:42,2022
6339,7,金融业,累计PCT发明专利失效数最大值,件,0,12/9/2025 10:38:43,16/9/2025 10:00:42,2022
6340,7,金融业,累计PCT发明专利失效数最小值,件,0,12/9/2025 10:38:43,16/9/2025 10:00:42,2022
6341,7,金融业,累计PCT发明专利失效数中位数,件,0,12/9/2025 10:38:43,16/9/2025 10:00:42,2022
6342,8,商业电气机械和器材制造业,累计PCT发明专利失效数合计,件,0,12/9/2025 10:38:44,16/9/2025 10:00:42,2022
6343,8,商业电气机械和器材制造业,累计PCT发明专利失效数均值,件,0,12/9/2025 10:38:44,16/9/2025 10:00:42,2022
6344,8,商业电气机械和器材制造业,累计PCT发明专利失效数最大值,件,0,12/9/2025 10:38:44,16/9/2025 10:00:42,2022
6345,8,商业电气机械和器材制造业,累计PCT发明专利失效数最小值,件,0,12/9/2025 10:38:44,16/9/2025 10:00:42,2022
6346,8,商业电气机械和器材制造业,累计PCT发明专利失效数中位数,件,0,12/9/2025 10:38:44,16/9/2025 10:00:42,2022
6347,9,批发和零售业,累计PCT发明专利失效数合计,件,0,12/9/2025 10:38:44,16/9/2025 10:00:42,2022
6348,9,批发和零售业,累计PCT发明专利失效数均值,件,0,12/9/2025 10:38:44,16/9/2025 10:00:42,2022
6349,9,批发和零售业,累计PCT发明专利失效数最大值,件,0,12/9/2025 10:38:44,16/9/2025 10:00:42,2022
6350,9,批发和零售业,累计PCT发明专利失效数最小值,件,0,12/9/2025 10:38:44,16/9/2025 10:00:42,2022
6351,9,批发和零售业,累计PCT发明专利失效数中位数,件,0,12/9/2025 10:38:44,16/9/2025 10:00:42,2022
6352,10,食品饮料业,累计PCT发明专利失效数合计,件,0,12/9/2025 10:38:45,16/9/2025 10:00:43,2022
6353,10,食品饮料业,累计PCT发明专利失效数均值,件,0,12/9/2025 10:38:45,16/9/2025 10:00:43,2022
6354,10,食品饮料业,累计PCT发明专利失效数最大值,件,0,12/9/2025 10:38:45,16/9/2025 10:00:43,2022
6355,10,食品饮料业,累计PCT发明专利失效数最小值,件,0,12/9/2025 10:38:45,16/9/2025 10:00:43,2022
6356,10,食品饮料业,累计PCT发明专利失效数中位数,件,0,12/9/2025 10:38:45,16/9/2025 10:00:43,2022
6362,12,汽车制造业,累计PCT发明专利失效数合计,件,0,12/9/2025 10:38:46,16/9/2025 10:00:44,2022
6363,12,汽车制造业,累计PCT发明专利失效数均值,件,0,12/9/2025 10:38:46,16/9/2025 10:00:44,2022
6364,12,汽车制造业,累计PCT发明专利失效数最大值,件,0,12/9/2025 10:38:46,16/9/2025 10:00:44,2022
6365,12,汽车制造业,累计PCT发明专利失效数最小值,件,0,12/9/2025 10:38:46,16/9/2025 10:00:44,2022
6366,12,汽车制造业,累计PCT发明专利失效数中位数,件,0,12/9/2025 10:38:46,16/9/2025 10:00:44,2022
6367,13,电力、热力、燃气及水生产和供应业,累计PCT发明专利失效数合计,件,0,12/9/2025 10:38:46,16/9/2025 10:00:44,2022
6368,13,电力、热力、燃气及水生产和供应业,累计PCT发明专利失效数均值,件,0,12/9/2025 10:38:46,16/9/2025 10:00:44,2022
6369,13,电力、热力、燃气及水生产和供应业,累计PCT发明专利失效数最大值,件,0,12/9/2025 10:38:46,16/9/2025 10:00:45,2022
6370,13,电力、热力、燃气及水生产和供应业,累计PCT发明专利失效数最小值,件,0,12/9/2025 10:38:46,16/9/2025 10:00:45,2022
6371,13,电力、热力、燃气及水生产和供应业,累计PCT发明专利失效数中位数,件,0,12/9/2025 10:38:46,16/9/2025 10:00:45,2022
6372,14,采矿业,累计PCT发明专利失效数合计,件,0,12/9/2025 10:38:47,16/9/2025 10:00:45,2022
6373,14,采矿业,累计PCT发明专利失效数均值,件,0,12/9/2025 10:38:47,16/9/2025 10:00:45,2022
6374,14,采矿业,累计PCT发明专利失效数最大值,件,0,12/9/2025 10:38:47,16/9/2025 10:00:45,2022
6375,14,采矿业,累计PCT发明专利失效数最小值,件,0,12/9/2025 10:38:47,16/9/2025 10:00:45,2022
6376,14,采矿业,累计PCT发明专利失效数中位数,件,0,12/9/2025 10:38:47,16/9/2025 10:00:45,2022
6377,15,纺织鞋服业,累计PCT发明专利失效数合计,件,0,12/9/2025 10:38:47,16/9/2025 10:00:46,2022
6378,15,纺织鞋服业,累计PCT发明专利失效数均值,件,0,12/9/2025 10:38:47,16/9/2025 10:00:46,2022
6379,15,纺织鞋服业,累计PCT发明专利失效数最大值,件,0,12/9/2025 10:38:47,16/9/2025 10:00:46,2022
6380,15,纺织鞋服业,累计PCT发明专利失效数最小值,件,0,12/9/2025 10:38:47,16/9/2025 10:00:46,2022
6381,15,纺织鞋服业,累计PCT发明专利失效数中位数,件,0,12/9/2025 10:38:47,16/9/2025 10:00:46,2022
6382,16,建筑业,累计PCT发明专利失效数合计,件,0,12/9/2025 10:38:48,16/9/2025 10:00:46,2022
6383,16,建筑业,累计PCT发明专利失效数均值,件,0,12/9/2025 10:38:48,16/9/2025 10:00:46,2022
6384,16,建筑业,累计PCT发明专利失效数最大值,件,0,12/9/2025 10:38:48,16/9/2025 10:00:46,2022
6385,16,建筑业,累计PCT发明专利失效数最小值,件,0,12/9/2025 10:38:48,16/9/2025 10:00:46,2022
6386,16,建筑业,累计PCT发明专利失效数中位数,件,0,12/9/2025 10:38:48,16/9/2025 10:00:46,2022
6387,17,交通运输、仓储和邮政业,累计PCT发明专利失效数合计,件,0,12/9/2025 10:38:48,16/9/2025 10:00:47,2022
6388,17,交通运输、仓储和邮政业,累计PCT发明专利失效数均值,件,0,12/9/2025 10:38:48,16/9/2025 10:00:47,2022
6389,17,交通运输、仓储和邮政业,累计PCT发明专利失效数最大值,件,0,12/9/2025 10:38:48,16/9/2025 10:00:47,2022
6390,17,交通运输、仓储和邮政业,累计PCT发明专利失效数最小值,件,0,12/9/2025 10:38:48,16/9/2025 10:00:47,2022
6391,17,交通运输、仓储和邮政业,累计PCT发明专利失效数中位数,件,0,12/9/2025 10:38:49,16/9/2025 10:00:47,2022
6392,18,通用设备制造业,累计PCT发明专利失效数合计,件,0,12/9/2025 10:38:49,16/9/2025 10:00:47,2022
6393,18,通用设备制造业,累计PCT发明专利失效数均值,件,0,12/9/2025 10:38:49,16/9/2025 10:00:47,2022
6394,18,通用设备制造业,累计PCT发明专利失效数最大值,件,0,12/9/2025 10:38:49,16/9/2025 10:00:47,2022
6395,18,通用设备制造业,累计PCT发明专利失效数最小值,件,0,12/9/2025 10:38:49,16/9/2025 10:00:47,2022
6396,18,通用设备制造业,累计PCT发明专利失效数中位数,件,0,12/9/2025 10:38:49,16/9/2025 10:00:47,2022
6397,19,半导体业,累计PCT发明专利失效数合计,件,0,12/9/2025 10:38:50,16/9/2025 10:00:48,2022
6398,19,半导体业,累计PCT发明专利失效数均值,件,0,12/9/2025 10:38:50,16/9/2025 10:00:48,2022
6399,19,半导体业,累计PCT发明专利失效数最大值,件,0,12/9/2025 10:38:50,16/9/2025 10:00:48,2022
6400,19,半导体业,累计PCT发明专利失效数最小值,件,0,12/9/2025 10:38:50,16/9/2025 10:00:48,2022
6401,19,半导体业,累计PCT发明专利失效数中位数,件,0,12/9/2025 10:38:50,16/9/2025 10:00:48,2022
6402,20,租赁和商务服务业,累计PCT发明专利失效数合计,件,0,12/9/2025 10:38:51,16/9/2025 10:00:48,2022
6403,20,租赁和商务服务业,累计PCT发明专利失效数均值,件,0,12/9/2025 10:38:51,16/9/2025 10:00:48,2022
6404,20,租赁和商务服务业,累计PCT发明专利失效数最大值,件,0,12/9/2025 10:38:51,16/9/2025 10:00:48,2022
6405,20,租赁和商务服务业,累计PCT发明专利失效数最小值,件,0,12/9/2025 10:38:51,16/9/2025 10:00:48,2022
6406,20,租赁和商务服务业,累计PCT发明专利失效数中位数,件,0,12/9/2025 10:38:51,16/9/2025 10:00:48,2022
6407,21,通信传输设备业,累计PCT发明专利失效数合计,件,0,12/9/2025 10:38:51,16/9/2025 10:00:49,2022
6408,21,通信传输设备业,累计PCT发明专利失效数均值,件,0,12/9/2025 10:38:51,16/9/2025 10:00:49,2022
6409,21,通信传输设备业,累计PCT发明专利失效数最大值,件,0,12/9/2025 10:38:51,16/9/2025 10:00:49,2022
6410,21,通信传输设备业,累计PCT发明专利失效数最小值,件,0,12/9/2025 10:38:51,16/9/2025 10:00:49,2022
6411,21,通信传输设备业,累计PCT发明专利失效数中位数,件,0,12/9/2025 10:38:51,16/9/2025 10:00:49,2022
6412,22,非金属矿物制品业,累计PCT发明专利失效数合计,件,0,12/9/2025 10:38:52,16/9/2025 10:00:49,2022
6413,22,非金属矿物制品业,累计PCT发明专利失效数均值,件,0,12/9/2025 10:38:52,16/9/2025 10:00:49,2022
6414,22,非金属矿物制品业,累计PCT发明专利失效数最大值,件,0,12/9/2025 10:38:52,16/9/2025 10:00:49,2022
6415,22,非金属矿物制品业,累计PCT发明专利失效数最小值,件,0,12/9/2025 10:38:52,16/9/2025 10:00:50,2022
6416,22,非金属矿物制品业,累计PCT发明专利失效数中位数,件,0,12/9/2025 10:38:52,16/9/2025 10:00:50,2022
6417,23,橡胶和塑料制品业,累计PCT发明专利失效数合计,件,0,12/9/2025 10:38:52,16/9/2025 10:00:50,2022
6418,23,橡胶和塑料制品业,累计PCT发明专利失效数均值,件,0,12/9/2025 10:38:52,16/9/2025 10:00:50,2022
6419,23,橡胶和塑料制品业,累计PCT发明专利失效数最大值,件,0,12/9/2025 10:38:52,16/9/2025 10:00:50,2022
6420,23,橡胶和塑料制品业,累计PCT发明专利失效数最小值,件,0,12/9/2025 10:38:52,16/9/2025 10:00:50,2022
6421,23,橡胶和塑料制品业,累计PCT发明专利失效数中位数,件,0,12/9/2025 10:38:52,16/9/2025 10:00:50,2022
6422,24,综合,累计PCT发明专利失效数合计,件,0,12/9/2025 10:38:53,16/9/2025 10:00:50,2022
6423,24,综合,累计PCT发明专利失效数均值,件,0,12/9/2025 10:38:53,16/9/2025 10:00:51,2022
6424,24,综合,累计PCT发明专利失效数最大值,件,0,12/9/2025 10:38:53,16/9/2025 10:00:51,2022
6425,24,综合,累计PCT发明专利失效数最小值,件,0,12/9/2025 10:38:53,16/9/2025 10:00:51,2022
6426,24,综合,累计PCT发明专利失效数中位数,件,0,12/9/2025 10:38:53,16/9/2025 10:00:51,2022
6427,25,其他制造业,累计PCT发明专利失效数合计,件,0,12/9/2025 10:38:53,16/9/2025 10:00:51,2022
6428,25,其他制造业,累计PCT发明专利失效数均值,件,0,12/9/2025 10:38:53,16/9/2025 10:00:51,2022
6429,25,其他制造业,累计PCT发明专利失效数最大值,件,0,12/9/2025 10:38:53,16/9/2025 10:00:51,2022
6430,25,其他制造业,累计PCT发明专利失效数最小值,件,0,12/9/2025 10:38:53,16/9/2025 10:00:51,2022
6431,25,其他制造业,累计PCT发明专利失效数中位数,件,0,12/9/2025 10:38:54,16/9/2025 10:00:51,2022
6432,26,金属制品业,累计PCT发明专利失效数合计,件,0,12/9/2025 10:38:54,16/9/2025 10:00:51,2022
6433,26,金属制品业,累计PCT发明专利失效数均值,件,0,12/9/2025 10:38:54,16/9/2025 10:00:51,2022
6434,26,金属制品业,累计PCT发明专利失效数最大值,件,0,12/9/2025 10:38:54,16/9/2025 10:00:51,2022
6435,26,金属制品业,累计PCT发明专利失效数最小值,件,0,12/9/2025 10:38:54,16/9/2025 10:00:51,2022
6436,26,金属制品业,累计PCT发明专利失效数中位数,件,0,12/9/2025 10:38:54,16/9/2025 10:00:51,2022
6437,27,铁路、船舶、航空航天和其他运输设备制造业,累计PCT发明专利失效数合计,件,0,12/9/2025 10:38:54,16/9/2025 10:00:52,2022
6438,27,铁路、船舶、航空航天和其他运输设备制造业,累计PCT发明专利失效数均值,件,0,12/9/2025 10:38:54,16/9/2025 10:00:52,2022
6439,27,铁路、船舶、航空航天和其他运输设备制造业,累计PCT发明专利失效数最大值,件,0,12/9/2025 10:38:54,16/9/2025 10:00:52,2022
6440,27,铁路、船舶、航空航天和其他运输设备制造业,累计PCT发明专利失效数最小值,件,0,12/9/2025 10:38:55,16/9/2025 10:00:52,2022
6441,27,铁路、船舶、航空航天和其他运输设备制造业,累计PCT发明专利失效数中位数,件,0,12/9/2025 10:38:55,16/9/2025 10:00:52,2022
6442,28,水利、环境和公共设施管理业,累计PCT发明专利失效数合计,件,0,12/9/2025 10:38:55,16/9/2025 10:00:52,2022
6443,28,水利、环境和公共设施管理业,累计PCT发明专利失效数均值,件,0,12/9/2025 10:38:55,16/9/2025 10:00:52,2022
6444,28,水利、环境和公共设施管理业,累计PCT发明专利失效数最大值,件,0,12/9/2025 10:38:55,16/9/2025 10:00:52,2022
6445,28,水利、环境和公共设施管理业,累计PCT发明专利失效数最小值,件,0,12/9/2025 10:38:55,16/9/2025 10:00:52,2022
6446,28,水利、环境和公共设施管理业,累计PCT发明专利失效数中位数,件,0,12/9/2025 10:38:55,16/9/2025 10:00:52,2022
6447,29,金属冶炼和压延加工业,累计PCT发明专利失效数合计,件,0,12/9/2025 10:38:56,16/9/2025 10:00:52,2022
6448,29,金属冶炼和压延加工业,累计PCT发明专利失效数均值,件,0,12/9/2025 10:38:56,16/9/2025 10:00:53,2022
6449,29,金属冶炼和压延加工业,累计PCT发明专利失效数最大值,件,0,12/9/2025 10:38:56,16/9/2025 10:00:53,2022
6450,29,金属冶炼和压延加工业,累计PCT发明专利失效数最小值,件,0,12/9/2025 10:38:56,16/9/2025 10:00:53,2022
6451,29,金属冶炼和压延加工业,累计PCT发明专利失效数中位数,件,0,12/9/2025 10:38:56,16/9/2025 10:00:53,2022
6452,30,科学研究和技术服务业,累计PCT发明专利失效数合计,件,0,12/9/2025 10:38:56,16/9/2025 10:00:53,2022
6453,30,科学研究和技术服务业,累计PCT发明专利失效数均值,件,0,12/9/2025 10:38:56,16/9/2025 10:00:53,2022
6454,30,科学研究和技术服务业,累计PCT发明专利失效数最大值,件,0,12/9/2025 10:38:56,16/9/2025 10:00:53,2022
6455,30,科学研究和技术服务业,累计PCT发明专利失效数最小值,件,0,12/9/2025 10:38:57,16/9/2025 10:00:53,2022
6456,30,科学研究和技术服务业,累计PCT发明专利失效数中位数,件,0,12/9/2025 10:38:57,16/9/2025 10:00:53,2022
6457,31,教育,累计PCT发明专利失效数合计,件,0,12/9/2025 10:38:57,16/9/2025 10:00:53,2022
6458,31,教育,累计PCT发明专利失效数均值,件,0,12/9/2025 10:38:57,16/9/2025 10:00:53,2022
6459,31,教育,累计PCT发明专利失效数最大值,件,0,12/9/2025 10:38:57,16/9/2025 10:00:54,2022
6460,31,教育,累计PCT发明专利失效数最小值,件,0,12/9/2025 10:38:57,16/9/2025 10:00:54,2022
6461,31,教育,累计PCT发明专利失效数中位数,件,0,12/9/2025 10:38:57,16/9/2025 10:00:54,2022
6462,32,仪器仪表制造业,累计PCT发明专利失效数合计,件,0,12/9/2025 10:38:58,16/9/2025 10:00:54,2022
6463,32,仪器仪表制造业,累计PCT发明专利失效数均值,件,0,12/9/2025 10:38:58,16/9/2025 10:00:54,2022
6464,32,仪器仪表制造业,累计PCT发明专利失效数最大值,件,0,12/9/2025 10:38:58,16/9/2025 10:00:54,2022
6465,32,仪器仪表制造业,累计PCT发明专利失效数最小值,件,0,12/9/2025 10:38:58,16/9/2025 10:00:54,2022
6466,32,仪器仪表制造业,累计PCT发明专利失效数中位数,件,0,12/9/2025 10:38:58,16/9/2025 10:00:54,2022
6467,33,文化、体育和娱乐业,累计PCT发明专利失效数合计,件,0,12/9/2025 10:38:59,16/9/2025 10:00:55,2022
6468,33,文化、体育和娱乐业,累计PCT发明专利失效数均值,件,0,12/9/2025 10:38:59,16/9/2025 10:00:55,2022
6469,33,文化、体育和娱乐业,累计PCT发明专利失效数最大值,件,0,12/9/2025 10:38:59,16/9/2025 10:00:55,2022
6470,33,文化、体育和娱乐业,累计PCT发明专利失效数最小值,件,0,12/9/2025 10:38:59,16/9/2025 10:00:55,2022
6471,33,文化、体育和娱乐业,累计PCT发明专利失效数中位数,件,0,12/9/2025 10:38:59,16/9/2025 10:00:55,2022
6472,34,农、林、牧、渔业,累计PCT发明专利失效数合计,件,0,12/9/2025 10:38:59,16/9/2025 10:00:55,2022
6473,34,农、林、牧、渔业,累计PCT发明专利失效数均值,件,0,12/9/2025 10:39:00,16/9/2025 10:00:55,2022
6474,34,农、林、牧、渔业,累计PCT发明专利失效数最大值,件,0,12/9/2025 10:39:00,16/9/2025 10:00:55,2022
6475,34,农、林、牧、渔业,累计PCT发明专利失效数最小值,件,0,12/9/2025 10:39:00,16/9/2025 10:00:55,2022
6476,34,农、林、牧、渔业,累计PCT发明专利失效数中位数,件,0,12/9/2025 10:39:00,16/9/2025 10:00:56,2022
6477,35,卫生和社会工作,累计PCT发明专利失效数合计,件,0,12/9/2025 10:39:00,16/9/2025 10:00:56,2022
6478,35,卫生和社会工作,累计PCT发明专利失效数均值,件,0,12/9/2025 10:39:00,16/9/2025 10:00:56,2022
6479,35,卫生和社会工作,累计PCT发明专利失效数最大值,件,0,12/9/2025 10:39:00,16/9/2025 10:00:56,2022
6480,35,卫生和社会工作,累计PCT发明专利失效数最小值,件,0,12/9/2025 10:39:01,16/9/2025 10:00:56,2022
6481,35,卫生和社会工作,累计PCT发明专利失效数中位数,件,0,12/9/2025 10:39:01,16/9/2025 10:00:56,2022
6482,36,造纸和纸制品业,累计PCT发明专利失效数合计,件,0,12/9/2025 10:39:01,16/9/2025 10:00:57,2022
6483,36,造纸和纸制品业,累计PCT发明专利失效数均值,件,0,12/9/2025 10:39:01,16/9/2025 10:00:57,2022
6484,36,造纸和纸制品业,累计PCT发明专利失效数最大值,件,0,12/9/2025 10:39:01,16/9/2025 10:00:57,2022
6485,36,造纸和纸制品业,累计PCT发明专利失效数最小值,件,0,12/9/2025 10:39:01,16/9/2025 10:00:57,2022
6486,36,造纸和纸制品业,累计PCT发明专利失效数中位数,件,0,12/9/2025 10:39:01,16/9/2025 10:00:57,2022
6487,37,住宿和餐饮业,累计PCT发明专利失效数合计,件,0,12/9/2025 10:39:02,16/9/2025 10:00:57,2022
6488,37,住宿和餐饮业,累计PCT发明专利失效数均值,件,0,12/9/2025 10:39:02,16/9/2025 10:00:58,2022
6489,37,住宿和餐饮业,累计PCT发明专利失效数最大值,件,0,12/9/2025 10:39:02,16/9/2025 10:00:58,2022
6490,37,住宿和餐饮业,累计PCT发明专利失效数最小值,件,0,12/9/2025 10:39:02,16/9/2025 10:00:58,2022
6491,37,住宿和餐饮业,累计PCT发明专利失效数中位数,件,0,12/9/2025 10:39:02,16/9/2025 10:00:58,2022
6492,38,家具制造业,累计PCT发明专利失效数合计,件,0,12/9/2025 10:39:02,16/9/2025 10:00:58,2022
6493,38,家具制造业,累计PCT发明专利失效数均值,件,0,12/9/2025 10:39:02,16/9/2025 10:00:58,2022
6494,38,家具制造业,累计PCT发明专利失效数最大值,件,0,12/9/2025 10:39:02,16/9/2025 10:00:58,2022
6495,38,家具制造业,累计PCT发明专利失效数最小值,件,0,12/9/2025 10:39:02,16/9/2025 10:00:58,2022
6496,38,家具制造业,累计PCT发明专利失效数中位数,件,0,12/9/2025 10:39:02,16/9/2025 10:00:58,2022
6497,39,印刷和记录媒介复制业,累计PCT发明专利失效数合计,件,0,12/9/2025 10:39:03,16/9/2025 10:00:59,2022
6498,39,印刷和记录媒介复制业,累计PCT发明专利失效数均值,件,0,12/9/2025 10:39:03,16/9/2025 10:00:59,2022
6499,39,印刷和记录媒介复制业,累计PCT发明专利失效数最大值,件,0,12/9/2025 10:39:03,16/9/2025 10:00:59,2022
6500,39,印刷和记录媒介复制业,累计PCT发明专利失效数最小值,件,0,12/9/2025 10:39:03,16/9/2025 10:00:59,2022
6501,39,印刷和记录媒介复制业,累计PCT发明专利失效数中位数,件,0,12/9/2025 10:39:03,16/9/2025 10:00:59,2022
6502,41,文教、工美、体育和娱乐用品制造业,累计PCT发明专利失效数合计,件,0,12/9/2025 10:39:03,16/9/2025 10:00:59,2022
6503,41,文教、工美、体育和娱乐用品制造业,累计PCT发明专利失效数均值,件,0,12/9/2025 10:39:03,16/9/2025 10:00:59,2022
6504,41,文教、工美、体育和娱乐用品制造业,累计PCT发明专利失效数最大值,件,0,12/9/2025 10:39:03,16/9/2025 10:00:59,2022
6505,41,文教、工美、体育和娱乐用品制造业,累计PCT发明专利失效数最小值,件,0,12/9/2025 10:39:04,16/9/2025 10:00:59,2022
6506,41,文教、工美、体育和娱乐用品制造业,累计PCT发明专利失效数中位数,件,0,12/9/2025 10:39:04,16/9/2025 10:00:59,2022
6512,43,化学纤维制造业,累计PCT发明专利失效数合计,件,0,12/9/2025 10:39:05,16/9/2025 10:01:00,2022
6513,43,化学纤维制造业,累计PCT发明专利失效数均值,件,0,12/9/2025 10:39:05,16/9/2025 10:01:00,2022
6514,43,化学纤维制造业,累计PCT发明专利失效数最大值,件,0,12/9/2025 10:39:05,16/9/2025 10:01:00,2022
6515,43,化学纤维制造业,累计PCT发明专利失效数最小值,件,0,12/9/2025 10:39:05,16/9/2025 10:01:00,2022
6516,43,化学纤维制造业,累计PCT发明专利失效数中位数,件,0,12/9/2025 10:39:05,16/9/2025 10:01:00,2022
6522,45,石油加工、炼焦和核燃料加工业,累计PCT发明专利失效数合计,件,0,12/9/2025 10:39:06,16/9/2025 10:01:01,2022
6523,45,石油加工、炼焦和核燃料加工业,累计PCT发明专利失效数均值,件,0,12/9/2025 10:39:06,16/9/2025 10:01:01,2022
6524,45,石油加工、炼焦和核燃料加工业,累计PCT发明专利失效数最大值,件,0,12/9/2025 10:39:06,16/9/2025 10:01:01,2022
6525,45,石油加工、炼焦和核燃料加工业,累计PCT发明专利失效数最小值,件,0,12/9/2025 10:39:07,16/9/2025 10:01:01,2022
6526,45,石油加工、炼焦和核燃料加工业,累计PCT发明专利失效数中位数,件,0,12/9/2025 10:39:07,16/9/2025 10:01:01,2022
6527,46,废弃资源综合利用业,累计PCT发明专利失效数合计,件,0,12/9/2025 10:39:07,16/9/2025 10:01:02,2022
6528,46,废弃资源综合利用业,累计PCT发明专利失效数均值,件,0,12/9/2025 10:39:07,16/9/2025 10:01:02,2022
6529,46,废弃资源综合利用业,累计PCT发明专利失效数最大值,件,0,12/9/2025 10:39:07,16/9/2025 10:01:02,2022
6530,46,废弃资源综合利用业,累计PCT发明专利失效数最小值,件,0,12/9/2025 10:39:07,16/9/2025 10:01:02,2022
6531,46,废弃资源综合利用业,累计PCT发明专利失效数中位数,件,0,12/9/2025 10:39:07,16/9/2025 10:01:02,2022
6532,47,木材加工和木、竹、藤、棕、草制品业,累计PCT发明专利失效数合计,件,0,12/9/2025 10:39:08,16/9/2025 10:01:02,2022
6533,47,木材加工和木、竹、藤、棕、草制品业,累计PCT发明专利失效数均值,件,0,12/9/2025 10:39:08,16/9/2025 10:01:02,2022
6534,47,木材加工和木、竹、藤、棕、草制品业,累计PCT发明专利失效数最大值,件,0,12/9/2025 10:39:08,16/9/2025 10:01:02,2022
6535,47,木材加工和木、竹、藤、棕、草制品业,累计PCT发明专利失效数最小值,件,0,12/9/2025 10:39:08,16/9/2025 10:01:02,2022
6536,47,木材加工和木、竹、藤、棕、草制品业,累计PCT发明专利失效数中位数,件,0,12/9/2025 10:39:08,16/9/2025 10:01:02,2022
6537,48,居民服务、修理和其他服务业,累计PCT发明专利失效数合计,件,0,12/9/2025 10:39:08,16/9/2025 10:01:02,2022
6538,48,居民服务、修理和其他服务业,累计PCT发明专利失效数均值,件,0,12/9/2025 10:39:08,16/9/2025 10:01:02,2022
6539,48,居民服务、修理和其他服务业,累计PCT发明专利失效数最大值,件,0,12/9/2025 10:39:08,16/9/2025 10:01:03,2022
6540,48,居民服务、修理和其他服务业,累计PCT发明专利失效数最小值,件,0,12/9/2025 10:39:09,16/9/2025 10:01:03,2022
6541,48,居民服务、修理和其他服务业,累计PCT发明专利失效数中位数,件,0,12/9/2025 10:39:09,16/9/2025 10:01:03,2022
6542,0,全行业,累计PCT发明专利失效数合计,件,0,12/9/2025 10:39:09,5/11/2025 08:56:03,2022
6543,0,全行业,累计PCT发明专利失效数均值,件,0,12/9/2025 10:39:09,5/11/2025 08:56:03,2022
6544,0,全行业,累计PCT发明专利失效数最大值,件,0,12/9/2025 10:39:09,5/11/2025 08:56:03,2022
6545,0,全行业,累计PCT发明专利失效数最小值,件,0,12/9/2025 10:39:09,5/11/2025 08:56:03,2022
6546,0,全行业,累计PCT发明专利失效数中位数,件,0,12/9/2025 10:39:09,5/11/2025 08:56:03,2022
6547,1,医药制造业,年度中国专利申请数合计,件,10138,12/9/2025 10:39:10,16/9/2025 10:01:03,2022
6548,1,医药制造业,年度中国专利申请数均值,件,27.6239782016349,12/9/2025 10:39:10,16/9/2025 10:01:03,2022
6549,1,医药制造业,年度中国专利申请数最大值,件,329,12/9/2025 10:39:10,16/9/2025 10:01:03,2022
6550,1,医药制造业,年度中国专利申请数最小值,件,1,12/9/2025 10:39:10,16/9/2025 10:01:03,2022
6551,1,医药制造业,年度中国专利申请数中位数,件,13,12/9/2025 10:39:10,16/9/2025 10:01:03,2022
6552,2,化学原料和化学制品制造业,年度中国专利申请数合计,件,14363,12/9/2025 10:39:10,16/9/2025 10:01:04,2022
6553,2,化学原料和化学制品制造业,年度中国专利申请数均值,件,43.9235474006116,12/9/2025 10:39:10,16/9/2025 10:01:04,2022
6554,2,化学原料和化学制品制造业,年度中国专利申请数最大值,件,971,12/9/2025 10:39:11,16/9/2025 10:01:04,2022
6555,2,化学原料和化学制品制造业,年度中国专利申请数最小值,件,1,12/9/2025 10:39:11,16/9/2025 10:01:04,2022
6556,2,化学原料和化学制品制造业,年度中国专利申请数中位数,件,23,12/9/2025 10:39:11,16/9/2025 10:01:04,2022
6557,3,信息传输、软件和信息技术服务业,年度中国专利申请数合计,件,62137,12/9/2025 10:39:11,16/9/2025 10:01:04,2022
6558,3,信息传输、软件和信息技术服务业,年度中国专利申请数均值,件,134.787418655098,12/9/2025 10:39:11,16/9/2025 10:01:04,2022
6559,3,信息传输、软件和信息技术服务业,年度中国专利申请数最大值,件,4134,12/9/2025 10:39:11,16/9/2025 10:01:04,2022
6560,3,信息传输、软件和信息技术服务业,年度中国专利申请数最小值,件,1,12/9/2025 10:39:11,16/9/2025 10:01:05,2022
6561,3,信息传输、软件和信息技术服务业,年度中国专利申请数中位数,件,21,12/9/2025 10:39:11,16/9/2025 10:01:05,2022
6562,4,房地产业,年度中国专利申请数合计,件,3149,12/9/2025 10:39:11,16/9/2025 10:01:05,2022
6563,4,房地产业,年度中国专利申请数均值,件,47.7121212121212,12/9/2025 10:39:11,16/9/2025 10:01:05,2022
6564,4,房地产业,年度中国专利申请数最大值,件,775,12/9/2025 10:39:11,16/9/2025 10:01:05,2022
6565,4,房地产业,年度中国专利申请数最小值,件,1,12/9/2025 10:39:12,16/9/2025 10:01:05,2022
6566,4,房地产业,年度中国专利申请数中位数,件,18,12/9/2025 10:39:12,16/9/2025 10:01:05,2022
6567,5,专用设备制造业,年度中国专利申请数合计,件,50077,12/9/2025 10:39:12,16/9/2025 10:01:05,2022
6568,5,专用设备制造业,年度中国专利申请数均值,件,120.667469879518,12/9/2025 10:39:12,16/9/2025 10:01:05,2022
6569,5,专用设备制造业,年度中国专利申请数最大值,件,3066,12/9/2025 10:39:12,16/9/2025 10:01:05,2022
6570,5,专用设备制造业,年度中国专利申请数最小值,件,1,12/9/2025 10:39:12,16/9/2025 10:01:05,2022
6571,5,专用设备制造业,年度中国专利申请数中位数,件,49,12/9/2025 10:39:12,16/9/2025 10:01:05,2022
6572,6,消费电子及电气业,年度中国专利申请数合计,件,132860,12/9/2025 10:39:12,16/9/2025 10:01:06,2022
6573,6,消费电子及电气业,年度中国专利申请数均值,件,420.443037974684,12/9/2025 10:39:13,16/9/2025 10:01:06,2022
6574,6,消费电子及电气业,年度中国专利申请数最大值,件,17780,12/9/2025 10:39:13,16/9/2025 10:01:06,2022
6575,6,消费电子及电气业,年度中国专利申请数最小值,件,1,12/9/2025 10:39:13,16/9/2025 10:01:06,2022
6576,6,消费电子及电气业,年度中国专利申请数中位数,件,56.5,12/9/2025 10:39:13,16/9/2025 10:01:06,2022
6577,7,金融业,年度中国专利申请数合计,件,31621,12/9/2025 10:39:13,16/9/2025 10:01:06,2022
6578,7,金融业,年度中国专利申请数均值,件,277.377192982456,12/9/2025 10:39:13,16/9/2025 10:01:06,2022
6579,7,金融业,年度中国专利申请数最大值,件,4534,12/9/2025 10:39:13,16/9/2025 10:01:06,2022
6580,7,金融业,年度中国专利申请数最小值,件,1,12/9/2025 10:39:13,16/9/2025 10:01:06,2022
6581,7,金融业,年度中国专利申请数中位数,件,16,12/9/2025 10:39:13,16/9/2025 10:01:06,2022
6582,8,商业电气机械和器材制造业,年度中国专利申请数合计,件,39448,12/9/2025 10:39:13,16/9/2025 10:01:07,2022
6583,8,商业电气机械和器材制造业,年度中国专利申请数均值,件,136.498269896194,12/9/2025 10:39:13,16/9/2025 10:01:07,2022
6584,8,商业电气机械和器材制造业,年度中国专利申请数最大值,件,2868,12/9/2025 10:39:13,16/9/2025 10:01:07,2022
6585,8,商业电气机械和器材制造业,年度中国专利申请数最小值,件,2,12/9/2025 10:39:14,16/9/2025 10:01:07,2022
6586,8,商业电气机械和器材制造业,年度中国专利申请数中位数,件,46,12/9/2025 10:39:14,16/9/2025 10:01:07,2022
6587,9,批发和零售业,年度中国专利申请数合计,件,3619,12/9/2025 10:39:14,16/9/2025 10:01:07,2022
6588,9,批发和零售业,年度中国专利申请数均值,件,31.198275862069,12/9/2025 10:39:14,16/9/2025 10:01:07,2022
6589,9,批发和零售业,年度中国专利申请数最大值,件,345,12/9/2025 10:39:14,16/9/2025 10:01:07,2022
6590,9,批发和零售业,年度中国专利申请数最小值,件,1,12/9/2025 10:39:14,16/9/2025 10:01:07,2022
6591,9,批发和零售业,年度中国专利申请数中位数,件,10.5,12/9/2025 10:39:14,16/9/2025 10:01:07,2022
6592,10,食品饮料业,年度中国专利申请数合计,件,6941,12/9/2025 10:39:14,16/9/2025 10:01:07,2022
6593,10,食品饮料业,年度中国专利申请数均值,件,35.9637305699482,12/9/2025 10:39:14,16/9/2025 10:01:08,2022
6594,10,食品饮料业,年度中国专利申请数最大值,件,380,12/9/2025 10:39:14,16/9/2025 10:01:08,2022
6595,10,食品饮料业,年度中国专利申请数最小值,件,1,12/9/2025 10:39:14,16/9/2025 10:01:08,2022
6596,10,食品饮料业,年度中国专利申请数中位数,件,15,12/9/2025 10:39:14,16/9/2025 10:01:08,2022
6602,12,汽车制造业,年度中国专利申请数合计,件,58542,12/9/2025 10:39:15,16/9/2025 10:01:08,2022
6603,12,汽车制造业,年度中国专利申请数均值,件,269.778801843318,12/9/2025 10:39:15,16/9/2025 10:01:08,2022
6604,12,汽车制造业,年度中国专利申请数最大值,件,7350,12/9/2025 10:39:15,16/9/2025 10:01:08,2022
6605,12,汽车制造业,年度中国专利申请数最小值,件,1,12/9/2025 10:39:15,16/9/2025 10:01:08,2022
6606,12,汽车制造业,年度中国专利申请数中位数,件,45,12/9/2025 10:39:15,16/9/2025 10:01:08,2022
6607,13,电力、热力、燃气及水生产和供应业,年度中国专利申请数合计,件,14722,12/9/2025 10:39:16,16/9/2025 10:01:09,2022
6608,13,电力、热力、燃气及水生产和供应业,年度中国专利申请数均值,件,112.381679389313,12/9/2025 10:39:16,16/9/2025 10:01:09,2022
6609,13,电力、热力、燃气及水生产和供应业,年度中国专利申请数最大值,件,1078,12/9/2025 10:39:16,16/9/2025 10:01:09,2022
6610,13,电力、热力、燃气及水生产和供应业,年度中国专利申请数最小值,件,1,12/9/2025 10:39:16,16/9/2025 10:01:09,2022
6611,13,电力、热力、燃气及水生产和供应业,年度中国专利申请数中位数,件,27,12/9/2025 10:39:16,16/9/2025 10:01:09,2022
6612,14,采矿业,年度中国专利申请数合计,件,18567,12/9/2025 10:39:16,16/9/2025 10:01:09,2022
6613,14,采矿业,年度中国专利申请数均值,件,204.032967032967,12/9/2025 10:39:16,16/9/2025 10:01:09,2022
6614,14,采矿业,年度中国专利申请数最大值,件,2284,12/9/2025 10:39:16,16/9/2025 10:01:09,2022
6615,14,采矿业,年度中国专利申请数最小值,件,1,12/9/2025 10:39:16,16/9/2025 10:01:09,2022
6616,14,采矿业,年度中国专利申请数中位数,件,51,12/9/2025 10:39:16,16/9/2025 10:01:10,2022
6617,15,纺织鞋服业,年度中国专利申请数合计,件,4847,12/9/2025 10:39:17,16/9/2025 10:01:10,2022
6618,15,纺织鞋服业,年度中国专利申请数均值,件,42.1478260869565,12/9/2025 10:39:17,16/9/2025 10:01:10,2022
6619,15,纺织鞋服业,年度中国专利申请数最大值,件,484,12/9/2025 10:39:17,16/9/2025 10:01:10,2022
6620,15,纺织鞋服业,年度中国专利申请数最小值,件,1,12/9/2025 10:39:17,16/9/2025 10:01:10,2022
6621,15,纺织鞋服业,年度中国专利申请数中位数,件,20,12/9/2025 10:39:17,16/9/2025 10:01:10,2022
6622,16,建筑业,年度中国专利申请数合计,件,45054,12/9/2025 10:39:17,16/9/2025 10:01:10,2022
6623,16,建筑业,年度中国专利申请数均值,件,388.396551724138,12/9/2025 10:39:17,16/9/2025 10:01:10,2022
6624,16,建筑业,年度中国专利申请数最大值,件,9486,12/9/2025 10:39:17,16/9/2025 10:01:11,2022
6625,16,建筑业,年度中国专利申请数最小值,件,1,12/9/2025 10:39:17,16/9/2025 10:01:11,2022
6626,16,建筑业,年度中国专利申请数中位数,件,33,12/9/2025 10:39:17,16/9/2025 10:01:11,2022
6627,17,交通运输、仓储和邮政业,年度中国专利申请数合计,件,2850,12/9/2025 10:39:18,16/9/2025 10:01:11,2022
6628,17,交通运输、仓储和邮政业,年度中国专利申请数均值,件,25.4464285714286,12/9/2025 10:39:18,16/9/2025 10:01:11,2022
6629,17,交通运输、仓储和邮政业,年度中国专利申请数最大值,件,283,12/9/2025 10:39:18,16/9/2025 10:01:11,2022
6630,17,交通运输、仓储和邮政业,年度中国专利申请数最小值,件,1,12/9/2025 10:39:18,16/9/2025 10:01:11,2022
6631,17,交通运输、仓储和邮政业,年度中国专利申请数中位数,件,8,12/9/2025 10:39:18,16/9/2025 10:01:12,2022
6632,18,通用设备制造业,年度中国专利申请数合计,件,14884,12/9/2025 10:39:18,16/9/2025 10:01:12,2022
6633,18,通用设备制造业,年度中国专利申请数均值,件,72.6048780487805,12/9/2025 10:39:18,16/9/2025 10:01:12,2022
6634,18,通用设备制造业,年度中国专利申请数最大值,件,1144,12/9/2025 10:39:18,16/9/2025 10:01:12,2022
6635,18,通用设备制造业,年度中国专利申请数最小值,件,2,12/9/2025 10:39:18,16/9/2025 10:01:12,2022
6636,18,通用设备制造业,年度中国专利申请数中位数,件,37,12/9/2025 10:39:18,16/9/2025 10:01:12,2022
6637,19,半导体业,年度中国专利申请数合计,件,12187,12/9/2025 10:39:19,16/9/2025 10:01:13,2022
6638,19,半导体业,年度中国专利申请数均值,件,77.6242038216561,12/9/2025 10:39:19,16/9/2025 10:01:13,2022
6639,19,半导体业,年度中国专利申请数最大值,件,1617,12/9/2025 10:39:19,16/9/2025 10:01:13,2022
6640,19,半导体业,年度中国专利申请数最小值,件,1,12/9/2025 10:39:19,16/9/2025 10:01:13,2022
6641,19,半导体业,年度中国专利申请数中位数,件,39,12/9/2025 10:39:19,16/9/2025 10:01:13,2022
6642,20,租赁和商务服务业,年度中国专利申请数合计,件,630,12/9/2025 10:39:19,16/9/2025 10:01:13,2022
6643,20,租赁和商务服务业,年度中国专利申请数均值,件,15.75,12/9/2025 10:39:19,16/9/2025 10:01:13,2022
6644,20,租赁和商务服务业,年度中国专利申请数最大值,件,114,12/9/2025 10:39:19,16/9/2025 10:01:13,2022
6645,20,租赁和商务服务业,年度中国专利申请数最小值,件,1,12/9/2025 10:39:19,16/9/2025 10:01:13,2022
6646,20,租赁和商务服务业,年度中国专利申请数中位数,件,8,12/9/2025 10:39:20,16/9/2025 10:01:13,2022
6647,21,通信传输设备业,年度中国专利申请数合计,件,11476,12/9/2025 10:39:20,16/9/2025 10:01:13,2022
6648,21,通信传输设备业,年度中国专利申请数均值,件,105.284403669725,12/9/2025 10:39:20,16/9/2025 10:01:14,2022
6649,21,通信传输设备业,年度中国专利申请数最大值,件,1970,12/9/2025 10:39:20,16/9/2025 10:01:14,2022
6650,21,通信传输设备业,年度中国专利申请数最小值,件,1,12/9/2025 10:39:20,16/9/2025 10:01:14,2022
6651,21,通信传输设备业,年度中国专利申请数中位数,件,44,12/9/2025 10:39:20,16/9/2025 10:01:14,2022
6652,22,非金属矿物制品业,年度中国专利申请数合计,件,11443,12/9/2025 10:39:21,16/9/2025 10:01:14,2022
6653,22,非金属矿物制品业,年度中国专利申请数均值,件,106.943925233645,12/9/2025 10:39:21,16/9/2025 10:01:14,2022
6654,22,非金属矿物制品业,年度中国专利申请数最大值,件,1610,12/9/2025 10:39:21,16/9/2025 10:01:14,2022
6655,22,非金属矿物制品业,年度中国专利申请数最小值,件,1,12/9/2025 10:39:21,16/9/2025 10:01:14,2022
6656,22,非金属矿物制品业,年度中国专利申请数中位数,件,29,12/9/2025 10:39:21,16/9/2025 10:01:14,2022
6657,23,橡胶和塑料制品业,年度中国专利申请数合计,件,5775,12/9/2025 10:39:21,16/9/2025 10:01:14,2022
6658,23,橡胶和塑料制品业,年度中国专利申请数均值,件,56.0679611650485,12/9/2025 10:39:22,16/9/2025 10:01:14,2022
6659,23,橡胶和塑料制品业,年度中国专利申请数最大值,件,911,12/9/2025 10:39:22,16/9/2025 10:01:14,2022
6660,23,橡胶和塑料制品业,年度中国专利申请数最小值,件,1,12/9/2025 10:39:22,16/9/2025 10:01:14,2022
6661,23,橡胶和塑料制品业,年度中国专利申请数中位数,件,22,12/9/2025 10:39:22,16/9/2025 10:01:15,2022
6662,24,综合,年度中国专利申请数合计,件,534,12/9/2025 10:39:22,16/9/2025 10:01:15,2022
6663,24,综合,年度中国专利申请数均值,件,59.3333333333333,12/9/2025 10:39:22,16/9/2025 10:01:15,2022
6664,24,综合,年度中国专利申请数最大值,件,157,12/9/2025 10:39:22,16/9/2025 10:01:15,2022
6665,24,综合,年度中国专利申请数最小值,件,1,12/9/2025 10:39:22,16/9/2025 10:01:15,2022
6666,24,综合,年度中国专利申请数中位数,件,32,12/9/2025 10:39:22,16/9/2025 10:01:15,2022
6667,25,其他制造业,年度中国专利申请数合计,件,2060,12/9/2025 10:39:23,16/9/2025 10:01:15,2022
6668,25,其他制造业,年度中国专利申请数均值,件,52.8205128205128,12/9/2025 10:39:23,16/9/2025 10:01:15,2022
6669,25,其他制造业,年度中国专利申请数最大值,件,300,12/9/2025 10:39:23,16/9/2025 10:01:16,2022
6670,25,其他制造业,年度中国专利申请数最小值,件,1,12/9/2025 10:39:23,16/9/2025 10:01:16,2022
6671,25,其他制造业,年度中国专利申请数中位数,件,27,12/9/2025 10:39:23,16/9/2025 10:01:16,2022
6672,26,金属制品业,年度中国专利申请数合计,件,6759,12/9/2025 10:39:23,16/9/2025 10:01:16,2022
6673,26,金属制品业,年度中国专利申请数均值,件,66.9207920792079,12/9/2025 10:39:23,16/9/2025 10:01:16,2022
6674,26,金属制品业,年度中国专利申请数最大值,件,877,12/9/2025 10:39:23,16/9/2025 10:01:16,2022
6675,26,金属制品业,年度中国专利申请数最小值,件,1,12/9/2025 10:39:23,16/9/2025 10:01:16,2022
6676,26,金属制品业,年度中国专利申请数中位数,件,27,12/9/2025 10:39:23,16/9/2025 10:01:16,2022
6677,27,铁路、船舶、航空航天和其他运输设备制造业,年度中国专利申请数合计,件,23965,12/9/2025 10:39:24,16/9/2025 10:01:17,2022
6678,27,铁路、船舶、航空航天和其他运输设备制造业,年度中国专利申请数均值,件,249.635416666667,12/9/2025 10:39:24,16/9/2025 10:01:17,2022
6679,27,铁路、船舶、航空航天和其他运输设备制造业,年度中国专利申请数最大值,件,4367,12/9/2025 10:39:24,16/9/2025 10:01:17,2022
6680,27,铁路、船舶、航空航天和其他运输设备制造业,年度中国专利申请数最小值,件,1,12/9/2025 10:39:24,16/9/2025 10:01:17,2022
6681,27,铁路、船舶、航空航天和其他运输设备制造业,年度中国专利申请数中位数,件,44.5,12/9/2025 10:39:24,16/9/2025 10:01:17,2022
6682,28,水利、环境和公共设施管理业,年度中国专利申请数合计,件,3446,12/9/2025 10:39:24,16/9/2025 10:01:17,2022
6683,28,水利、环境和公共设施管理业,年度中国专利申请数均值,件,39.6091954022989,12/9/2025 10:39:24,16/9/2025 10:01:17,2022
6684,28,水利、环境和公共设施管理业,年度中国专利申请数最大值,件,243,12/9/2025 10:39:24,16/9/2025 10:01:17,2022
6685,28,水利、环境和公共设施管理业,年度中国专利申请数最小值,件,1,12/9/2025 10:39:24,16/9/2025 10:01:17,2022
6686,28,水利、环境和公共设施管理业,年度中国专利申请数中位数,件,21,12/9/2025 10:39:25,16/9/2025 10:01:17,2022
6687,29,金属冶炼和压延加工业,年度中国专利申请数合计,件,18009,12/9/2025 10:39:25,16/9/2025 10:01:18,2022
6688,29,金属冶炼和压延加工业,年度中国专利申请数均值,件,138.530769230769,12/9/2025 10:39:25,16/9/2025 10:01:18,2022
6689,29,金属冶炼和压延加工业,年度中国专利申请数最大值,件,1014,12/9/2025 10:39:25,16/9/2025 10:01:18,2022
6690,29,金属冶炼和压延加工业,年度中国专利申请数最小值,件,1,12/9/2025 10:39:25,16/9/2025 10:01:18,2022
6691,29,金属冶炼和压延加工业,年度中国专利申请数中位数,件,48,12/9/2025 10:39:25,16/9/2025 10:01:18,2022
6692,30,科学研究和技术服务业,年度中国专利申请数合计,件,7938,12/9/2025 10:39:25,16/9/2025 10:01:19,2022
6693,30,科学研究和技术服务业,年度中国专利申请数均值,件,65.603305785124,12/9/2025 10:39:25,16/9/2025 10:01:19,2022
6694,30,科学研究和技术服务业,年度中国专利申请数最大值,件,1018,12/9/2025 10:39:25,16/9/2025 10:01:19,2022
6695,30,科学研究和技术服务业,年度中国专利申请数最小值,件,1,12/9/2025 10:39:25,16/9/2025 10:01:19,2022
6696,30,科学研究和技术服务业,年度中国专利申请数中位数,件,24,12/9/2025 10:39:26,16/9/2025 10:01:19,2022
6697,31,教育,年度中国专利申请数合计,件,483,12/9/2025 10:39:26,16/9/2025 10:01:19,2022
6698,31,教育,年度中国专利申请数均值,件,48.3,12/9/2025 10:39:26,16/9/2025 10:01:19,2022
6699,31,教育,年度中国专利申请数最大值,件,176,12/9/2025 10:39:26,16/9/2025 10:01:19,2022
6700,31,教育,年度中国专利申请数最小值,件,2,12/9/2025 10:39:26,16/9/2025 10:01:19,2022
6701,31,教育,年度中国专利申请数中位数,件,29,12/9/2025 10:39:26,16/9/2025 10:01:19,2022
6702,32,仪器仪表制造业,年度中国专利申请数合计,件,5626,12/9/2025 10:39:26,16/9/2025 10:01:20,2022
6703,32,仪器仪表制造业,年度中国专利申请数均值,件,64.6666666666667,12/9/2025 10:39:26,16/9/2025 10:01:20,2022
6704,32,仪器仪表制造业,年度中国专利申请数最大值,件,804,12/9/2025 10:39:26,16/9/2025 10:01:20,2022
6705,32,仪器仪表制造业,年度中国专利申请数最小值,件,2,12/9/2025 10:39:26,16/9/2025 10:01:20,2022
6706,32,仪器仪表制造业,年度中国专利申请数中位数,件,36,12/9/2025 10:39:26,16/9/2025 10:01:20,2022
6707,33,文化、体育和娱乐业,年度中国专利申请数合计,件,645,12/9/2025 10:39:27,16/9/2025 10:01:20,2022
6708,33,文化、体育和娱乐业,年度中国专利申请数均值,件,20.15625,12/9/2025 10:39:27,16/9/2025 10:01:20,2022
6709,33,文化、体育和娱乐业,年度中国专利申请数最大值,件,313,12/9/2025 10:39:27,16/9/2025 10:01:20,2022
6710,33,文化、体育和娱乐业,年度中国专利申请数最小值,件,1,12/9/2025 10:39:27,16/9/2025 10:01:20,2022
6711,33,文化、体育和娱乐业,年度中国专利申请数中位数,件,7,12/9/2025 10:39:27,16/9/2025 10:01:20,2022
6712,34,农、林、牧、渔业,年度中国专利申请数合计,件,1021,12/9/2025 10:39:27,16/9/2025 10:01:21,2022
6713,34,农、林、牧、渔业,年度中国专利申请数均值,件,26.8684210526316,12/9/2025 10:39:28,16/9/2025 10:01:21,2022
6714,34,农、林、牧、渔业,年度中国专利申请数最大值,件,375,12/9/2025 10:39:28,16/9/2025 10:01:21,2022
6715,34,农、林、牧、渔业,年度中国专利申请数最小值,件,2,12/9/2025 10:39:28,16/9/2025 10:01:21,2022
6716,34,农、林、牧、渔业,年度中国专利申请数中位数,件,10,12/9/2025 10:39:28,16/9/2025 10:01:21,2022
6717,35,卫生和社会工作,年度中国专利申请数合计,件,1063,12/9/2025 10:39:28,16/9/2025 10:01:21,2022
6718,35,卫生和社会工作,年度中国专利申请数均值,件,66.4375,12/9/2025 10:39:28,16/9/2025 10:01:21,2022
6719,35,卫生和社会工作,年度中国专利申请数最大值,件,515,12/9/2025 10:39:28,16/9/2025 10:01:21,2022
6720,35,卫生和社会工作,年度中国专利申请数最小值,件,1,12/9/2025 10:39:28,16/9/2025 10:01:22,2022
6721,35,卫生和社会工作,年度中国专利申请数中位数,件,10.5,12/9/2025 10:39:28,16/9/2025 10:01:22,2022
6722,36,造纸和纸制品业,年度中国专利申请数合计,件,1692,12/9/2025 10:39:29,16/9/2025 10:01:22,2022
6723,36,造纸和纸制品业,年度中国专利申请数均值,件,37.6,12/9/2025 10:39:29,16/9/2025 10:01:22,2022
6724,36,造纸和纸制品业,年度中国专利申请数最大值,件,279,12/9/2025 10:39:29,16/9/2025 10:01:22,2022
6725,36,造纸和纸制品业,年度中国专利申请数最小值,件,2,12/9/2025 10:39:29,16/9/2025 10:01:22,2022
6726,36,造纸和纸制品业,年度中国专利申请数中位数,件,27,12/9/2025 10:39:29,16/9/2025 10:01:22,2022
6727,37,住宿和餐饮业,年度中国专利申请数合计,件,14,12/9/2025 10:39:30,16/9/2025 10:01:22,2022
6728,37,住宿和餐饮业,年度中国专利申请数均值,件,4.66666666666667,12/9/2025 10:39:30,16/9/2025 10:01:22,2022
6729,37,住宿和餐饮业,年度中国专利申请数最大值,件,8,12/9/2025 10:39:30,16/9/2025 10:01:22,2022
6730,37,住宿和餐饮业,年度中国专利申请数最小值,件,1,12/9/2025 10:39:30,16/9/2025 10:01:22,2022
6731,37,住宿和餐饮业,年度中国专利申请数中位数,件,5,12/9/2025 10:39:30,16/9/2025 10:01:22,2022
6732,38,家具制造业,年度中国专利申请数合计,件,4576,12/9/2025 10:39:31,16/9/2025 10:01:23,2022
6733,38,家具制造业,年度中国专利申请数均值,件,127.111111111111,12/9/2025 10:39:31,16/9/2025 10:01:23,2022
6734,38,家具制造业,年度中国专利申请数最大值,件,864,12/9/2025 10:39:31,16/9/2025 10:01:23,2022
6735,38,家具制造业,年度中国专利申请数最小值,件,1,12/9/2025 10:39:31,16/9/2025 10:01:23,2022
6736,38,家具制造业,年度中国专利申请数中位数,件,61,12/9/2025 10:39:31,16/9/2025 10:01:23,2022
6737,39,印刷和记录媒介复制业,年度中国专利申请数合计,件,448,12/9/2025 10:39:32,16/9/2025 10:01:23,2022
6738,39,印刷和记录媒介复制业,年度中国专利申请数均值,件,20.3636363636364,12/9/2025 10:39:32,16/9/2025 10:01:23,2022
6739,39,印刷和记录媒介复制业,年度中国专利申请数最大值,件,70,12/9/2025 10:39:32,16/9/2025 10:01:23,2022
6740,39,印刷和记录媒介复制业,年度中国专利申请数最小值,件,1,12/9/2025 10:39:32,16/9/2025 10:01:23,2022
6741,39,印刷和记录媒介复制业,年度中国专利申请数中位数,件,17,12/9/2025 10:39:32,16/9/2025 10:01:23,2022
6742,41,文教、工美、体育和娱乐用品制造业,年度中国专利申请数合计,件,2642,12/9/2025 10:39:32,16/9/2025 10:01:23,2022
6743,41,文教、工美、体育和娱乐用品制造业,年度中国专利申请数均值,件,101.615384615385,12/9/2025 10:39:32,16/9/2025 10:01:24,2022
6744,41,文教、工美、体育和娱乐用品制造业,年度中国专利申请数最大值,件,1017,12/9/2025 10:39:32,16/9/2025 10:01:24,2022
6745,41,文教、工美、体育和娱乐用品制造业,年度中国专利申请数最小值,件,1,12/9/2025 10:39:32,16/9/2025 10:01:24,2022
6746,41,文教、工美、体育和娱乐用品制造业,年度中国专利申请数中位数,件,33.5,12/9/2025 10:39:33,16/9/2025 10:01:24,2022
6752,43,化学纤维制造业,年度中国专利申请数合计,件,1630,12/9/2025 10:39:33,16/9/2025 10:01:24,2022
6753,43,化学纤维制造业,年度中国专利申请数均值,件,47.9411764705882,12/9/2025 10:39:33,16/9/2025 10:01:24,2022
6754,43,化学纤维制造业,年度中国专利申请数最大值,件,283,12/9/2025 10:39:33,16/9/2025 10:01:24,2022
6755,43,化学纤维制造业,年度中国专利申请数最小值,件,1,12/9/2025 10:39:34,16/9/2025 10:01:24,2022
6756,43,化学纤维制造业,年度中国专利申请数中位数,件,21,12/9/2025 10:39:34,16/9/2025 10:01:24,2022
6762,45,石油加工、炼焦和核燃料加工业,年度中国专利申请数合计,件,330,12/9/2025 10:39:35,16/9/2025 10:01:25,2022
6763,45,石油加工、炼焦和核燃料加工业,年度中国专利申请数均值,件,20.625,12/9/2025 10:39:35,16/9/2025 10:01:26,2022
6764,45,石油加工、炼焦和核燃料加工业,年度中国专利申请数最大值,件,72,12/9/2025 10:39:35,16/9/2025 10:01:26,2022
6765,45,石油加工、炼焦和核燃料加工业,年度中国专利申请数最小值,件,4,12/9/2025 10:39:35,16/9/2025 10:01:26,2022
6766,45,石油加工、炼焦和核燃料加工业,年度中国专利申请数中位数,件,16,12/9/2025 10:39:35,16/9/2025 10:01:26,2022
6767,46,废弃资源综合利用业,年度中国专利申请数合计,件,1039,12/9/2025 10:39:35,16/9/2025 10:01:26,2022
6768,46,废弃资源综合利用业,年度中国专利申请数均值,件,54.6842105263158,12/9/2025 10:39:35,16/9/2025 10:01:26,2022
6769,46,废弃资源综合利用业,年度中国专利申请数最大值,件,455,12/9/2025 10:39:35,16/9/2025 10:01:26,2022
6770,46,废弃资源综合利用业,年度中国专利申请数最小值,件,1,12/9/2025 10:39:36,16/9/2025 10:01:26,2022
6771,46,废弃资源综合利用业,年度中国专利申请数中位数,件,26,12/9/2025 10:39:36,16/9/2025 10:01:26,2022
6772,47,木材加工和木、竹、藤、棕、草制品业,年度中国专利申请数合计,件,353,12/9/2025 10:39:36,16/9/2025 10:01:27,2022
6773,47,木材加工和木、竹、藤、棕、草制品业,年度中国专利申请数均值,件,44.125,12/9/2025 10:39:36,16/9/2025 10:01:27,2022
6774,47,木材加工和木、竹、藤、棕、草制品业,年度中国专利申请数最大值,件,94,12/9/2025 10:39:36,16/9/2025 10:01:27,2022
6775,47,木材加工和木、竹、藤、棕、草制品业,年度中国专利申请数最小值,件,4,12/9/2025 10:39:36,16/9/2025 10:01:27,2022
6776,47,木材加工和木、竹、藤、棕、草制品业,年度中国专利申请数中位数,件,35,12/9/2025 10:39:36,16/9/2025 10:01:27,2022
6777,48,居民服务、修理和其他服务业,年度中国专利申请数合计,件,0,12/9/2025 10:39:37,16/9/2025 10:01:27,2022
6778,48,居民服务、修理和其他服务业,年度中国专利申请数均值,件,0,12/9/2025 10:39:37,16/9/2025 10:01:27,2022
6779,48,居民服务、修理和其他服务业,年度中国专利申请数最大值,件,0,12/9/2025 10:39:37,16/9/2025 10:01:28,2022
6780,48,居民服务、修理和其他服务业,年度中国专利申请数最小值,件,0,12/9/2025 10:39:37,16/9/2025 10:01:28,2022
6781,48,居民服务、修理和其他服务业,年度中国专利申请数中位数,件,0,12/9/2025 10:39:37,16/9/2025 10:01:28,2022
6782,0,全行业,年度中国专利申请数合计,件,639603,12/9/2025 10:39:37,5/11/2025 08:56:03,2022
6783,0,全行业,年度中国专利申请数均值,件,124.387981330222,12/9/2025 10:39:37,5/11/2025 08:56:03,2022
6784,0,全行业,年度中国专利申请数最大值,件,17780,12/9/2025 10:39:37,5/11/2025 08:56:03,2022
6785,0,全行业,年度中国专利申请数最小值,件,1,12/9/2025 10:39:37,5/11/2025 08:56:03,2022
6786,0,全行业,年度中国专利申请数中位数,件,27,12/9/2025 10:39:37,5/11/2025 08:56:03,2022
6787,1,医药制造业,年度PCT专利申请数合计,件,1426,12/9/2025 10:39:38,16/9/2025 10:01:29,2022
6788,1,医药制造业,年度PCT专利申请数均值,件,8.9125,12/9/2025 10:39:38,16/9/2025 10:01:29,2022
6789,1,医药制造业,年度PCT专利申请数最大值,件,163,12/9/2025 10:39:38,16/9/2025 10:01:29,2022
6790,1,医药制造业,年度PCT专利申请数最小值,件,1,12/9/2025 10:39:38,16/9/2025 10:01:29,2022
6791,1,医药制造业,年度PCT专利申请数中位数,件,4,12/9/2025 10:39:38,16/9/2025 10:01:29,2022
6792,2,化学原料和化学制品制造业,年度PCT专利申请数合计,件,164,12/9/2025 10:39:38,16/9/2025 10:01:29,2022
6793,2,化学原料和化学制品制造业,年度PCT专利申请数均值,件,3.72727272727273,12/9/2025 10:39:39,16/9/2025 10:01:29,2022
6794,2,化学原料和化学制品制造业,年度PCT专利申请数最大值,件,30,12/9/2025 10:39:39,16/9/2025 10:01:29,2022
6795,2,化学原料和化学制品制造业,年度PCT专利申请数最小值,件,1,12/9/2025 10:39:39,16/9/2025 10:01:29,2022
6796,2,化学原料和化学制品制造业,年度PCT专利申请数中位数,件,2.5,12/9/2025 10:39:39,16/9/2025 10:01:30,2022
6797,3,信息传输、软件和信息技术服务业,年度PCT专利申请数合计,件,2529,12/9/2025 10:39:39,16/9/2025 10:01:30,2022
6798,3,信息传输、软件和信息技术服务业,年度PCT专利申请数均值,件,40.7903225806452,12/9/2025 10:39:39,16/9/2025 10:01:30,2022
6799,3,信息传输、软件和信息技术服务业,年度PCT专利申请数最大值,件,618,12/9/2025 10:39:39,16/9/2025 10:01:30,2022
6800,3,信息传输、软件和信息技术服务业,年度PCT专利申请数最小值,件,1,12/9/2025 10:39:39,16/9/2025 10:01:30,2022
6801,3,信息传输、软件和信息技术服务业,年度PCT专利申请数中位数,件,5,12/9/2025 10:39:40,16/9/2025 10:01:30,2022
6802,4,房地产业,年度PCT专利申请数合计,件,34,12/9/2025 10:39:40,16/9/2025 10:01:31,2022
6803,4,房地产业,年度PCT专利申请数均值,件,17,12/9/2025 10:39:40,16/9/2025 10:01:31,2022
6804,4,房地产业,年度PCT专利申请数最大值,件,33,12/9/2025 10:39:40,16/9/2025 10:01:31,2022
6805,4,房地产业,年度PCT专利申请数最小值,件,1,12/9/2025 10:39:40,16/9/2025 10:01:31,2022
6806,4,房地产业,年度PCT专利申请数中位数,件,17,12/9/2025 10:39:40,16/9/2025 10:01:31,2022
6807,5,专用设备制造业,年度PCT专利申请数合计,件,1105,12/9/2025 10:39:41,16/9/2025 10:01:31,2022
6808,5,专用设备制造业,年度PCT专利申请数均值,件,10.5238095238095,12/9/2025 10:39:41,16/9/2025 10:01:31,2022
6809,5,专用设备制造业,年度PCT专利申请数最大值,件,92,12/9/2025 10:39:41,16/9/2025 10:01:31,2022
6810,5,专用设备制造业,年度PCT专利申请数最小值,件,1,12/9/2025 10:39:41,16/9/2025 10:01:31,2022
6811,5,专用设备制造业,年度PCT专利申请数中位数,件,4,12/9/2025 10:39:41,16/9/2025 10:01:31,2022
6812,6,消费电子及电气业,年度PCT专利申请数合计,件,8686,12/9/2025 10:39:41,16/9/2025 10:01:32,2022
6813,6,消费电子及电气业,年度PCT专利申请数均值,件,103.404761904762,12/9/2025 10:39:41,16/9/2025 10:01:32,2022
6814,6,消费电子及电气业,年度PCT专利申请数最大值,件,2647,12/9/2025 10:39:42,16/9/2025 10:01:32,2022
6815,6,消费电子及电气业,年度PCT专利申请数最小值,件,1,12/9/2025 10:39:42,16/9/2025 10:01:32,2022
6816,6,消费电子及电气业,年度PCT专利申请数中位数,件,6.5,12/9/2025 10:39:42,16/9/2025 10:01:32,2022
6817,7,金融业,年度PCT专利申请数合计,件,40,12/9/2025 10:39:42,16/9/2025 10:01:32,2022
6818,7,金融业,年度PCT专利申请数均值,件,10,12/9/2025 10:39:42,16/9/2025 10:01:32,2022
6819,7,金融业,年度PCT专利申请数最大值,件,34,12/9/2025 10:39:42,16/9/2025 10:01:32,2022
6820,7,金融业,年度PCT专利申请数最小值,件,1,12/9/2025 10:39:42,16/9/2025 10:01:32,2022
6821,7,金融业,年度PCT专利申请数中位数,件,2.5,12/9/2025 10:39:42,16/9/2025 10:01:32,2022
6822,8,商业电气机械和器材制造业,年度PCT专利申请数合计,件,1272,12/9/2025 10:39:42,16/9/2025 10:01:32,2022
6823,8,商业电气机械和器材制造业,年度PCT专利申请数均值,件,20.5161290322581,12/9/2025 10:39:42,16/9/2025 10:01:32,2022
6824,8,商业电气机械和器材制造业,年度PCT专利申请数最大值,件,708,12/9/2025 10:39:43,16/9/2025 10:01:33,2022
6825,8,商业电气机械和器材制造业,年度PCT专利申请数最小值,件,1,12/9/2025 10:39:43,16/9/2025 10:01:33,2022
6826,8,商业电气机械和器材制造业,年度PCT专利申请数中位数,件,3,12/9/2025 10:39:43,16/9/2025 10:01:33,2022
6827,9,批发和零售业,年度PCT专利申请数合计,件,32,12/9/2025 10:39:43,16/9/2025 10:01:33,2022
6828,9,批发和零售业,年度PCT专利申请数均值,件,4.57142857142857,12/9/2025 10:39:43,16/9/2025 10:01:33,2022
6829,9,批发和零售业,年度PCT专利申请数最大值,件,10,12/9/2025 10:39:43,16/9/2025 10:01:33,2022
6830,9,批发和零售业,年度PCT专利申请数最小值,件,1,12/9/2025 10:39:43,16/9/2025 10:01:33,2022
6831,9,批发和零售业,年度PCT专利申请数中位数,件,3,12/9/2025 10:39:43,16/9/2025 10:01:33,2022
6832,10,食品饮料业,年度PCT专利申请数合计,件,69,12/9/2025 10:39:43,16/9/2025 10:01:33,2022
6833,10,食品饮料业,年度PCT专利申请数均值,件,4.05882352941176,12/9/2025 10:39:43,16/9/2025 10:01:33,2022
6834,10,食品饮料业,年度PCT专利申请数最大值,件,17,12/9/2025 10:39:43,16/9/2025 10:01:33,2022
6835,10,食品饮料业,年度PCT专利申请数最小值,件,1,12/9/2025 10:39:43,16/9/2025 10:01:33,2022
6836,10,食品饮料业,年度PCT专利申请数中位数,件,2,12/9/2025 10:39:44,16/9/2025 10:01:33,2022
6842,12,汽车制造业,年度PCT专利申请数合计,件,1098,12/9/2025 10:39:44,16/9/2025 10:01:34,2022
6843,12,汽车制造业,年度PCT专利申请数均值,件,30.5,12/9/2025 10:39:44,16/9/2025 10:01:34,2022
6844,12,汽车制造业,年度PCT专利申请数最大值,件,194,12/9/2025 10:39:44,16/9/2025 10:01:34,2022
6845,12,汽车制造业,年度PCT专利申请数最小值,件,1,12/9/2025 10:39:44,16/9/2025 10:01:34,2022
6846,12,汽车制造业,年度PCT专利申请数中位数,件,5.5,12/9/2025 10:39:44,16/9/2025 10:01:34,2022
6847,13,电力、热力、燃气及水生产和供应业,年度PCT专利申请数合计,件,116,12/9/2025 10:39:45,16/9/2025 10:01:34,2022
6848,13,电力、热力、燃气及水生产和供应业,年度PCT专利申请数均值,件,9.66666666666667,12/9/2025 10:39:45,16/9/2025 10:01:34,2022
6849,13,电力、热力、燃气及水生产和供应业,年度PCT专利申请数最大值,件,36,12/9/2025 10:39:45,16/9/2025 10:01:34,2022
6850,13,电力、热力、燃气及水生产和供应业,年度PCT专利申请数最小值,件,1,12/9/2025 10:39:45,16/9/2025 10:01:34,2022
6851,13,电力、热力、燃气及水生产和供应业,年度PCT专利申请数中位数,件,2,12/9/2025 10:39:45,16/9/2025 10:01:35,2022
6852,14,采矿业,年度PCT专利申请数合计,件,355,12/9/2025 10:39:46,16/9/2025 10:01:35,2022
6853,14,采矿业,年度PCT专利申请数均值,件,22.1875,12/9/2025 10:39:46,16/9/2025 10:01:35,2022
6854,14,采矿业,年度PCT专利申请数最大值,件,119,12/9/2025 10:39:46,16/9/2025 10:01:35,2022
6855,14,采矿业,年度PCT专利申请数最小值,件,1,12/9/2025 10:39:46,16/9/2025 10:01:35,2022
6856,14,采矿业,年度PCT专利申请数中位数,件,2.5,12/9/2025 10:39:46,16/9/2025 10:01:35,2022
6857,15,纺织鞋服业,年度PCT专利申请数合计,件,13,12/9/2025 10:39:46,16/9/2025 10:01:35,2022
6858,15,纺织鞋服业,年度PCT专利申请数均值,件,2.16666666666667,12/9/2025 10:39:46,16/9/2025 10:01:35,2022
6859,15,纺织鞋服业,年度PCT专利申请数最大值,件,7,12/9/2025 10:39:46,16/9/2025 10:01:36,2022
6860,15,纺织鞋服业,年度PCT专利申请数最小值,件,1,12/9/2025 10:39:46,16/9/2025 10:01:36,2022
6861,15,纺织鞋服业,年度PCT专利申请数中位数,件,1,12/9/2025 10:39:46,16/9/2025 10:01:36,2022
6862,16,建筑业,年度PCT专利申请数合计,件,69,12/9/2025 10:39:47,16/9/2025 10:01:36,2022
6863,16,建筑业,年度PCT专利申请数均值,件,4.92857142857143,12/9/2025 10:39:47,16/9/2025 10:01:36,2022
6864,16,建筑业,年度PCT专利申请数最大值,件,14,12/9/2025 10:39:47,16/9/2025 10:01:36,2022
6865,16,建筑业,年度PCT专利申请数最小值,件,1,12/9/2025 10:39:47,16/9/2025 10:01:36,2022
6866,16,建筑业,年度PCT专利申请数中位数,件,2,12/9/2025 10:39:47,16/9/2025 10:01:36,2022
6867,17,交通运输、仓储和邮政业,年度PCT专利申请数合计,件,4,12/9/2025 10:39:47,16/9/2025 10:01:36,2022
6868,17,交通运输、仓储和邮政业,年度PCT专利申请数均值,件,1,12/9/2025 10:39:47,16/9/2025 10:01:37,2022
6869,17,交通运输、仓储和邮政业,年度PCT专利申请数最大值,件,1,12/9/2025 10:39:47,16/9/2025 10:01:37,2022
6870,17,交通运输、仓储和邮政业,年度PCT专利申请数最小值,件,1,12/9/2025 10:39:47,16/9/2025 10:01:37,2022
6871,17,交通运输、仓储和邮政业,年度PCT专利申请数中位数,件,1,12/9/2025 10:39:47,16/9/2025 10:01:37,2022
6872,18,通用设备制造业,年度PCT专利申请数合计,件,286,12/9/2025 10:39:48,16/9/2025 10:01:37,2022
6873,18,通用设备制造业,年度PCT专利申请数均值,件,10.5925925925926,12/9/2025 10:39:48,16/9/2025 10:01:37,2022
6874,18,通用设备制造业,年度PCT专利申请数最大值,件,112,12/9/2025 10:39:48,16/9/2025 10:01:37,2022
6875,18,通用设备制造业,年度PCT专利申请数最小值,件,1,12/9/2025 10:39:48,16/9/2025 10:01:37,2022
6876,18,通用设备制造业,年度PCT专利申请数中位数,件,2,12/9/2025 10:39:48,16/9/2025 10:01:37,2022
6877,19,半导体业,年度PCT专利申请数合计,件,308,12/9/2025 10:39:48,16/9/2025 10:01:37,2022
6878,19,半导体业,年度PCT专利申请数均值,件,8.55555555555556,12/9/2025 10:39:48,16/9/2025 10:01:37,2022
6879,19,半导体业,年度PCT专利申请数最大值,件,69,12/9/2025 10:39:48,16/9/2025 10:01:37,2022
6880,19,半导体业,年度PCT专利申请数最小值,件,1,12/9/2025 10:39:48,16/9/2025 10:01:37,2022
6881,19,半导体业,年度PCT专利申请数中位数,件,4,12/9/2025 10:39:48,16/9/2025 10:01:38,2022
6882,20,租赁和商务服务业,年度PCT专利申请数合计,件,13,12/9/2025 10:39:49,16/9/2025 10:01:38,2022
6883,20,租赁和商务服务业,年度PCT专利申请数均值,件,4.33333333333333,12/9/2025 10:39:49,16/9/2025 10:01:38,2022
6884,20,租赁和商务服务业,年度PCT专利申请数最大值,件,7,12/9/2025 10:39:49,16/9/2025 10:01:38,2022
6885,20,租赁和商务服务业,年度PCT专利申请数最小值,件,2,12/9/2025 10:39:49,16/9/2025 10:01:38,2022
6886,20,租赁和商务服务业,年度PCT专利申请数中位数,件,4,12/9/2025 10:39:49,16/9/2025 10:01:38,2022
6887,21,通信传输设备业,年度PCT专利申请数合计,件,8314,12/9/2025 10:39:49,16/9/2025 10:01:38,2022
6888,21,通信传输设备业,年度PCT专利申请数均值,件,346.416666666667,12/9/2025 10:39:49,16/9/2025 10:01:38,2022
6889,21,通信传输设备业,年度PCT专利申请数最大值,件,5098,12/9/2025 10:39:49,16/9/2025 10:01:38,2022
6890,21,通信传输设备业,年度PCT专利申请数最小值,件,1,12/9/2025 10:39:49,16/9/2025 10:01:38,2022
6891,21,通信传输设备业,年度PCT专利申请数中位数,件,4,12/9/2025 10:39:50,16/9/2025 10:01:38,2022
6892,22,非金属矿物制品业,年度PCT专利申请数合计,件,67,12/9/2025 10:39:50,16/9/2025 10:01:39,2022
6893,22,非金属矿物制品业,年度PCT专利申请数均值,件,4.78571428571429,12/9/2025 10:39:50,16/9/2025 10:01:39,2022
6894,22,非金属矿物制品业,年度PCT专利申请数最大值,件,16,12/9/2025 10:39:50,16/9/2025 10:01:39,2022
6895,22,非金属矿物制品业,年度PCT专利申请数最小值,件,1,12/9/2025 10:39:50,16/9/2025 10:01:39,2022
6896,22,非金属矿物制品业,年度PCT专利申请数中位数,件,2.5,12/9/2025 10:39:50,16/9/2025 10:01:39,2022
6897,23,橡胶和塑料制品业,年度PCT专利申请数合计,件,171,12/9/2025 10:39:50,16/9/2025 10:01:39,2022
6898,23,橡胶和塑料制品业,年度PCT专利申请数均值,件,10.6875,12/9/2025 10:39:50,16/9/2025 10:01:39,2022
6899,23,橡胶和塑料制品业,年度PCT专利申请数最大值,件,99,12/9/2025 10:39:50,16/9/2025 10:01:39,2022
6900,23,橡胶和塑料制品业,年度PCT专利申请数最小值,件,1,12/9/2025 10:39:50,16/9/2025 10:01:39,2022
6901,23,橡胶和塑料制品业,年度PCT专利申请数中位数,件,2,12/9/2025 10:39:50,16/9/2025 10:01:39,2022
6902,24,综合,年度PCT专利申请数合计,件,2,12/9/2025 10:39:51,16/9/2025 10:01:40,2022
6903,24,综合,年度PCT专利申请数均值,件,2,12/9/2025 10:39:51,16/9/2025 10:01:40,2022
6904,24,综合,年度PCT专利申请数最大值,件,2,12/9/2025 10:39:51,16/9/2025 10:01:40,2022
6905,24,综合,年度PCT专利申请数最小值,件,2,12/9/2025 10:39:51,16/9/2025 10:01:40,2022
6906,24,综合,年度PCT专利申请数中位数,件,2,12/9/2025 10:39:51,16/9/2025 10:01:40,2022
6907,25,其他制造业,年度PCT专利申请数合计,件,10,12/9/2025 10:39:51,16/9/2025 10:01:40,2022
6908,25,其他制造业,年度PCT专利申请数均值,件,3.33333333333333,12/9/2025 10:39:51,16/9/2025 10:01:40,2022
6909,25,其他制造业,年度PCT专利申请数最大值,件,8,12/9/2025 10:39:51,16/9/2025 10:01:41,2022
6910,25,其他制造业,年度PCT专利申请数最小值,件,1,12/9/2025 10:39:51,16/9/2025 10:01:41,2022
6911,25,其他制造业,年度PCT专利申请数中位数,件,1,12/9/2025 10:39:51,16/9/2025 10:01:41,2022
6912,26,金属制品业,年度PCT专利申请数合计,件,22,12/9/2025 10:39:52,16/9/2025 10:01:41,2022
6913,26,金属制品业,年度PCT专利申请数均值,件,2,12/9/2025 10:39:52,16/9/2025 10:01:41,2022
6914,26,金属制品业,年度PCT专利申请数最大值,件,6,12/9/2025 10:39:52,16/9/2025 10:01:41,2022
6915,26,金属制品业,年度PCT专利申请数最小值,件,1,12/9/2025 10:39:52,16/9/2025 10:01:41,2022
6916,26,金属制品业,年度PCT专利申请数中位数,件,1,12/9/2025 10:39:52,16/9/2025 10:01:41,2022
6917,27,铁路、船舶、航空航天和其他运输设备制造业,年度PCT专利申请数合计,件,291,12/9/2025 10:39:52,16/9/2025 10:01:42,2022
6918,27,铁路、船舶、航空航天和其他运输设备制造业,年度PCT专利申请数均值,件,13.8571428571429,12/9/2025 10:39:52,16/9/2025 10:01:42,2022
6919,27,铁路、船舶、航空航天和其他运输设备制造业,年度PCT专利申请数最大值,件,119,12/9/2025 10:39:53,16/9/2025 10:01:42,2022
6920,27,铁路、船舶、航空航天和其他运输设备制造业,年度PCT专利申请数最小值,件,1,12/9/2025 10:39:53,16/9/2025 10:01:42,2022
6921,27,铁路、船舶、航空航天和其他运输设备制造业,年度PCT专利申请数中位数,件,3,12/9/2025 10:39:53,16/9/2025 10:01:42,2022
6922,28,水利、环境和公共设施管理业,年度PCT专利申请数合计,件,5,12/9/2025 10:39:53,16/9/2025 10:01:42,2022
6923,28,水利、环境和公共设施管理业,年度PCT专利申请数均值,件,1.25,12/9/2025 10:39:53,16/9/2025 10:01:42,2022
6924,28,水利、环境和公共设施管理业,年度PCT专利申请数最大值,件,2,12/9/2025 10:39:53,16/9/2025 10:01:42,2022
6925,28,水利、环境和公共设施管理业,年度PCT专利申请数最小值,件,1,12/9/2025 10:39:53,16/9/2025 10:01:42,2022
6926,28,水利、环境和公共设施管理业,年度PCT专利申请数中位数,件,1,12/9/2025 10:39:54,16/9/2025 10:01:42,2022
6927,29,金属冶炼和压延加工业,年度PCT专利申请数合计,件,119,12/9/2025 10:39:54,16/9/2025 10:01:43,2022
6928,29,金属冶炼和压延加工业,年度PCT专利申请数均值,件,5.95,12/9/2025 10:39:54,16/9/2025 10:01:43,2022
6929,29,金属冶炼和压延加工业,年度PCT专利申请数最大值,件,48,12/9/2025 10:39:54,16/9/2025 10:01:43,2022
6930,29,金属冶炼和压延加工业,年度PCT专利申请数最小值,件,1,12/9/2025 10:39:54,16/9/2025 10:01:43,2022
6931,29,金属冶炼和压延加工业,年度PCT专利申请数中位数,件,2,12/9/2025 10:39:54,16/9/2025 10:01:43,2022
6932,30,科学研究和技术服务业,年度PCT专利申请数合计,件,251,12/9/2025 10:39:55,16/9/2025 10:01:44,2022
6933,30,科学研究和技术服务业,年度PCT专利申请数均值,件,11.952380952381,12/9/2025 10:39:55,16/9/2025 10:01:44,2022
6934,30,科学研究和技术服务业,年度PCT专利申请数最大值,件,98,12/9/2025 10:39:55,16/9/2025 10:01:44,2022
6935,30,科学研究和技术服务业,年度PCT专利申请数最小值,件,1,12/9/2025 10:39:55,16/9/2025 10:01:44,2022
6936,30,科学研究和技术服务业,年度PCT专利申请数中位数,件,3,12/9/2025 10:39:55,16/9/2025 10:01:44,2022
6937,31,教育,年度PCT专利申请数合计,件,0,12/9/2025 10:39:55,16/9/2025 10:01:45,2022
6938,31,教育,年度PCT专利申请数均值,件,0,12/9/2025 10:39:55,16/9/2025 10:01:45,2022
6939,31,教育,年度PCT专利申请数最大值,件,0,12/9/2025 10:39:55,16/9/2025 10:01:45,2022
6940,31,教育,年度PCT专利申请数最小值,件,0,12/9/2025 10:39:55,16/9/2025 10:01:45,2022
6941,31,教育,年度PCT专利申请数中位数,件,0,12/9/2025 10:39:55,16/9/2025 10:01:45,2022
6942,32,仪器仪表制造业,年度PCT专利申请数合计,件,38,12/9/2025 10:39:56,16/9/2025 10:01:45,2022
6943,32,仪器仪表制造业,年度PCT专利申请数均值,件,5.42857142857143,12/9/2025 10:39:56,16/9/2025 10:01:45,2022
6944,32,仪器仪表制造业,年度PCT专利申请数最大值,件,11,12/9/2025 10:39:56,16/9/2025 10:01:45,2022
6945,32,仪器仪表制造业,年度PCT专利申请数最小值,件,3,12/9/2025 10:39:56,16/9/2025 10:01:45,2022
6946,32,仪器仪表制造业,年度PCT专利申请数中位数,件,4,12/9/2025 10:39:56,16/9/2025 10:01:45,2022
6947,33,文化、体育和娱乐业,年度PCT专利申请数合计,件,0,12/9/2025 10:39:56,16/9/2025 10:01:45,2022
6948,33,文化、体育和娱乐业,年度PCT专利申请数均值,件,0,12/9/2025 10:39:56,16/9/2025 10:01:45,2022
6949,33,文化、体育和娱乐业,年度PCT专利申请数最大值,件,0,12/9/2025 10:39:56,16/9/2025 10:01:45,2022
6950,33,文化、体育和娱乐业,年度PCT专利申请数最小值,件,0,12/9/2025 10:39:56,16/9/2025 10:01:45,2022
6951,33,文化、体育和娱乐业,年度PCT专利申请数中位数,件,0,12/9/2025 10:39:56,16/9/2025 10:01:45,2022
6952,34,农、林、牧、渔业,年度PCT专利申请数合计,件,1,12/9/2025 10:39:57,16/9/2025 10:01:46,2022
6953,34,农、林、牧、渔业,年度PCT专利申请数均值,件,1,12/9/2025 10:39:57,16/9/2025 10:01:46,2022
6954,34,农、林、牧、渔业,年度PCT专利申请数最大值,件,1,12/9/2025 10:39:57,16/9/2025 10:01:46,2022
6955,34,农、林、牧、渔业,年度PCT专利申请数最小值,件,1,12/9/2025 10:39:57,16/9/2025 10:01:46,2022
6956,34,农、林、牧、渔业,年度PCT专利申请数中位数,件,1,12/9/2025 10:39:57,16/9/2025 10:01:46,2022
6957,35,卫生和社会工作,年度PCT专利申请数合计,件,2,12/9/2025 10:39:57,16/9/2025 10:01:46,2022
6958,35,卫生和社会工作,年度PCT专利申请数均值,件,1,12/9/2025 10:39:57,16/9/2025 10:01:46,2022
6959,35,卫生和社会工作,年度PCT专利申请数最大值,件,1,12/9/2025 10:39:57,16/9/2025 10:01:46,2022
6960,35,卫生和社会工作,年度PCT专利申请数最小值,件,1,12/9/2025 10:39:57,16/9/2025 10:01:47,2022
6961,35,卫生和社会工作,年度PCT专利申请数中位数,件,1,12/9/2025 10:39:57,16/9/2025 10:01:47,2022
6962,36,造纸和纸制品业,年度PCT专利申请数合计,件,1,12/9/2025 10:39:58,16/9/2025 10:01:47,2022
6963,36,造纸和纸制品业,年度PCT专利申请数均值,件,1,12/9/2025 10:39:58,16/9/2025 10:01:47,2022
6964,36,造纸和纸制品业,年度PCT专利申请数最大值,件,1,12/9/2025 10:39:58,16/9/2025 10:01:47,2022
6965,36,造纸和纸制品业,年度PCT专利申请数最小值,件,1,12/9/2025 10:39:58,16/9/2025 10:01:47,2022
6966,36,造纸和纸制品业,年度PCT专利申请数中位数,件,1,12/9/2025 10:39:58,16/9/2025 10:01:47,2022
6967,37,住宿和餐饮业,年度PCT专利申请数合计,件,0,12/9/2025 10:39:58,16/9/2025 10:01:47,2022
6968,37,住宿和餐饮业,年度PCT专利申请数均值,件,0,12/9/2025 10:39:58,16/9/2025 10:01:47,2022
6969,37,住宿和餐饮业,年度PCT专利申请数最大值,件,0,12/9/2025 10:39:58,16/9/2025 10:01:48,2022
6970,37,住宿和餐饮业,年度PCT专利申请数最小值,件,0,12/9/2025 10:39:58,16/9/2025 10:01:48,2022
6971,37,住宿和餐饮业,年度PCT专利申请数中位数,件,0,12/9/2025 10:39:58,16/9/2025 10:01:48,2022
6972,38,家具制造业,年度PCT专利申请数合计,件,27,12/9/2025 10:39:59,16/9/2025 10:01:48,2022
6973,38,家具制造业,年度PCT专利申请数均值,件,5.4,12/9/2025 10:39:59,16/9/2025 10:01:48,2022
6974,38,家具制造业,年度PCT专利申请数最大值,件,20,12/9/2025 10:39:59,16/9/2025 10:01:48,2022
6975,38,家具制造业,年度PCT专利申请数最小值,件,1,12/9/2025 10:39:59,16/9/2025 10:01:48,2022
6976,38,家具制造业,年度PCT专利申请数中位数,件,2,12/9/2025 10:39:59,16/9/2025 10:01:48,2022
6977,39,印刷和记录媒介复制业,年度PCT专利申请数合计,件,0,12/9/2025 10:39:59,16/9/2025 10:01:48,2022
6978,39,印刷和记录媒介复制业,年度PCT专利申请数均值,件,0,12/9/2025 10:40:00,16/9/2025 10:01:48,2022
6979,39,印刷和记录媒介复制业,年度PCT专利申请数最大值,件,0,12/9/2025 10:40:00,16/9/2025 10:01:49,2022
6980,39,印刷和记录媒介复制业,年度PCT专利申请数最小值,件,0,12/9/2025 10:40:00,16/9/2025 10:01:49,2022
6981,39,印刷和记录媒介复制业,年度PCT专利申请数中位数,件,0,12/9/2025 10:40:00,16/9/2025 10:01:49,2022
6982,41,文教、工美、体育和娱乐用品制造业,年度PCT专利申请数合计,件,19,12/9/2025 10:40:00,16/9/2025 10:01:49,2022
6983,41,文教、工美、体育和娱乐用品制造业,年度PCT专利申请数均值,件,6.33333333333333,12/9/2025 10:40:01,16/9/2025 10:01:49,2022
6984,41,文教、工美、体育和娱乐用品制造业,年度PCT专利申请数最大值,件,16,12/9/2025 10:40:01,16/9/2025 10:01:49,2022
6985,41,文教、工美、体育和娱乐用品制造业,年度PCT专利申请数最小值,件,1,12/9/2025 10:40:01,16/9/2025 10:01:49,2022
6986,41,文教、工美、体育和娱乐用品制造业,年度PCT专利申请数中位数,件,2,12/9/2025 10:40:01,16/9/2025 10:01:49,2022
6992,43,化学纤维制造业,年度PCT专利申请数合计,件,26,12/9/2025 10:40:02,16/9/2025 10:01:50,2022
6993,43,化学纤维制造业,年度PCT专利申请数均值,件,5.2,12/9/2025 10:40:02,16/9/2025 10:01:50,2022
6994,43,化学纤维制造业,年度PCT专利申请数最大值,件,19,12/9/2025 10:40:02,16/9/2025 10:01:50,2022
6995,43,化学纤维制造业,年度PCT专利申请数最小值,件,1,12/9/2025 10:40:02,16/9/2025 10:01:50,2022
6996,43,化学纤维制造业,年度PCT专利申请数中位数,件,2,12/9/2025 10:40:02,16/9/2025 10:01:50,2022
7002,45,石油加工、炼焦和核燃料加工业,年度PCT专利申请数合计,件,0,12/9/2025 10:40:03,16/9/2025 10:01:51,2022
7003,45,石油加工、炼焦和核燃料加工业,年度PCT专利申请数均值,件,0,12/9/2025 10:40:03,16/9/2025 10:01:51,2022
7004,45,石油加工、炼焦和核燃料加工业,年度PCT专利申请数最大值,件,0,12/9/2025 10:40:04,16/9/2025 10:01:51,2022
7005,45,石油加工、炼焦和核燃料加工业,年度PCT专利申请数最小值,件,0,12/9/2025 10:40:04,16/9/2025 10:01:52,2022
7006,45,石油加工、炼焦和核燃料加工业,年度PCT专利申请数中位数,件,0,12/9/2025 10:40:04,16/9/2025 10:01:52,2022
7007,46,废弃资源综合利用业,年度PCT专利申请数合计,件,22,12/9/2025 10:40:04,16/9/2025 10:01:52,2022
7008,46,废弃资源综合利用业,年度PCT专利申请数均值,件,11,12/9/2025 10:40:04,16/9/2025 10:01:52,2022
7009,46,废弃资源综合利用业,年度PCT专利申请数最大值,件,20,12/9/2025 10:40:05,16/9/2025 10:01:52,2022
7010,46,废弃资源综合利用业,年度PCT专利申请数最小值,件,2,12/9/2025 10:40:05,16/9/2025 10:01:52,2022
7011,46,废弃资源综合利用业,年度PCT专利申请数中位数,件,11,12/9/2025 10:40:05,16/9/2025 10:01:52,2022
7012,47,木材加工和木、竹、藤、棕、草制品业,年度PCT专利申请数合计,件,0,12/9/2025 10:40:05,16/9/2025 10:01:52,2022
7013,47,木材加工和木、竹、藤、棕、草制品业,年度PCT专利申请数均值,件,0,12/9/2025 10:40:05,16/9/2025 10:01:52,2022
7014,47,木材加工和木、竹、藤、棕、草制品业,年度PCT专利申请数最大值,件,0,12/9/2025 10:40:05,16/9/2025 10:01:53,2022
7015,47,木材加工和木、竹、藤、棕、草制品业,年度PCT专利申请数最小值,件,0,12/9/2025 10:40:05,16/9/2025 10:01:53,2022
7016,47,木材加工和木、竹、藤、棕、草制品业,年度PCT专利申请数中位数,件,0,12/9/2025 10:40:05,16/9/2025 10:01:53,2022
7017,48,居民服务、修理和其他服务业,年度PCT专利申请数合计,件,0,12/9/2025 10:40:06,16/9/2025 10:01:53,2022
7018,48,居民服务、修理和其他服务业,年度PCT专利申请数均值,件,0,12/9/2025 10:40:06,16/9/2025 10:01:53,2022
7019,48,居民服务、修理和其他服务业,年度PCT专利申请数最大值,件,0,12/9/2025 10:40:06,16/9/2025 10:01:53,2022
7020,48,居民服务、修理和其他服务业,年度PCT专利申请数最小值,件,0,12/9/2025 10:40:06,16/9/2025 10:01:53,2022
7021,48,居民服务、修理和其他服务业,年度PCT专利申请数中位数,件,0,12/9/2025 10:40:06,16/9/2025 10:01:53,2022
7022,0,全行业,年度PCT专利申请数合计,件,27007,12/9/2025 10:40:07,5/11/2025 08:56:03,2022
7023,0,全行业,年度PCT专利申请数均值,件,31.330626450116,12/9/2025 10:40:07,5/11/2025 08:56:03,2022
7024,0,全行业,年度PCT专利申请数最大值,件,5098,12/9/2025 10:40:07,5/11/2025 08:56:03,2022
7025,0,全行业,年度PCT专利申请数最小值,件,1,12/9/2025 10:40:07,5/11/2025 08:56:03,2022
7026,0,全行业,年度PCT专利申请数中位数,件,3,12/9/2025 10:40:07,5/11/2025 08:56:03,2022
7027,1,医药制造业,年度中国发明专利申请数合计,件,5249,12/9/2025 10:40:07,16/9/2025 10:01:54,2022
7028,1,医药制造业,年度中国发明专利申请数均值,件,15.1705202312139,12/9/2025 10:40:07,16/9/2025 10:01:54,2022
7029,1,医药制造业,年度中国发明专利申请数最大值,件,172,12/9/2025 10:40:08,16/9/2025 10:01:54,2022
7030,1,医药制造业,年度中国发明专利申请数最小值,件,1,12/9/2025 10:40:08,16/9/2025 10:01:54,2022
7031,1,医药制造业,年度中国发明专利申请数中位数,件,7,12/9/2025 10:40:08,16/9/2025 10:01:54,2022
7032,2,化学原料和化学制品制造业,年度中国发明专利申请数合计,件,7398,12/9/2025 10:40:08,16/9/2025 10:01:54,2022
7033,2,化学原料和化学制品制造业,年度中国发明专利申请数均值,件,23.9417475728155,12/9/2025 10:40:08,16/9/2025 10:01:54,2022
7034,2,化学原料和化学制品制造业,年度中国发明专利申请数最大值,件,955,12/9/2025 10:40:08,16/9/2025 10:01:54,2022
7035,2,化学原料和化学制品制造业,年度中国发明专利申请数最小值,件,1,12/9/2025 10:40:08,16/9/2025 10:01:54,2022
7036,2,化学原料和化学制品制造业,年度中国发明专利申请数中位数,件,10,12/9/2025 10:40:08,16/9/2025 10:01:55,2022
7037,3,信息传输、软件和信息技术服务业,年度中国发明专利申请数合计,件,53847,12/9/2025 10:40:09,16/9/2025 10:01:55,2022
7038,3,信息传输、软件和信息技术服务业,年度中国发明专利申请数均值,件,120.463087248322,12/9/2025 10:40:09,16/9/2025 10:01:55,2022
7039,3,信息传输、软件和信息技术服务业,年度中国发明专利申请数最大值,件,3787,12/9/2025 10:40:09,16/9/2025 10:01:55,2022
7040,3,信息传输、软件和信息技术服务业,年度中国发明专利申请数最小值,件,1,12/9/2025 10:40:09,16/9/2025 10:01:55,2022
7041,3,信息传输、软件和信息技术服务业,年度中国发明专利申请数中位数,件,14,12/9/2025 10:40:09,16/9/2025 10:01:55,2022
7042,4,房地产业,年度中国发明专利申请数合计,件,949,12/9/2025 10:40:09,16/9/2025 10:01:55,2022
7043,4,房地产业,年度中国发明专利申请数均值,件,17.5740740740741,12/9/2025 10:40:09,16/9/2025 10:01:55,2022
7044,4,房地产业,年度中国发明专利申请数最大值,件,171,12/9/2025 10:40:09,16/9/2025 10:01:55,2022
7045,4,房地产业,年度中国发明专利申请数最小值,件,1,12/9/2025 10:40:09,16/9/2025 10:01:55,2022
7046,4,房地产业,年度中国发明专利申请数中位数,件,6.5,12/9/2025 10:40:09,16/9/2025 10:01:55,2022
7047,5,专用设备制造业,年度中国发明专利申请数合计,件,20667,12/9/2025 10:40:10,16/9/2025 10:01:56,2022
7048,5,专用设备制造业,年度中国发明专利申请数均值,件,52.8567774936061,12/9/2025 10:40:10,16/9/2025 10:01:56,2022
7049,5,专用设备制造业,年度中国发明专利申请数最大值,件,2258,12/9/2025 10:40:10,16/9/2025 10:01:56,2022
7050,5,专用设备制造业,年度中国发明专利申请数最小值,件,1,12/9/2025 10:40:10,16/9/2025 10:01:56,2022
7051,5,专用设备制造业,年度中国发明专利申请数中位数,件,15,12/9/2025 10:40:10,16/9/2025 10:01:56,2022
7052,6,消费电子及电气业,年度中国发明专利申请数合计,件,63940,12/9/2025 10:40:10,16/9/2025 10:01:56,2022
7053,6,消费电子及电气业,年度中国发明专利申请数均值,件,213.133333333333,12/9/2025 10:40:10,16/9/2025 10:01:56,2022
7054,6,消费电子及电气业,年度中国发明专利申请数最大值,件,8729,12/9/2025 10:40:10,16/9/2025 10:01:56,2022
7055,6,消费电子及电气业,年度中国发明专利申请数最小值,件,1,12/9/2025 10:40:10,16/9/2025 10:01:56,2022
7056,6,消费电子及电气业,年度中国发明专利申请数中位数,件,18,12/9/2025 10:40:10,16/9/2025 10:01:56,2022
7057,7,金融业,年度中国发明专利申请数合计,件,28032,12/9/2025 10:40:11,16/9/2025 10:01:57,2022
7058,7,金融业,年度中国发明专利申请数均值,件,254.836363636364,12/9/2025 10:40:11,16/9/2025 10:01:57,2022
7059,7,金融业,年度中国发明专利申请数最大值,件,4140,12/9/2025 10:40:11,16/9/2025 10:01:57,2022
7060,7,金融业,年度中国发明专利申请数最小值,件,1,12/9/2025 10:40:11,16/9/2025 10:01:57,2022
7061,7,金融业,年度中国发明专利申请数中位数,件,15.5,12/9/2025 10:40:11,16/9/2025 10:01:57,2022
7062,8,商业电气机械和器材制造业,年度中国发明专利申请数合计,件,15636,12/9/2025 10:40:12,16/9/2025 10:01:58,2022
7063,8,商业电气机械和器材制造业,年度中国发明专利申请数均值,件,55.644128113879,12/9/2025 10:40:12,16/9/2025 10:01:58,2022
7064,8,商业电气机械和器材制造业,年度中国发明专利申请数最大值,件,1486,12/9/2025 10:40:12,16/9/2025 10:01:58,2022
7065,8,商业电气机械和器材制造业,年度中国发明专利申请数最小值,件,1,12/9/2025 10:40:12,16/9/2025 10:01:58,2022
7066,8,商业电气机械和器材制造业,年度中国发明专利申请数中位数,件,15,12/9/2025 10:40:12,16/9/2025 10:01:58,2022
7067,9,批发和零售业,年度中国发明专利申请数合计,件,927,12/9/2025 10:40:12,16/9/2025 10:01:58,2022
7068,9,批发和零售业,年度中国发明专利申请数均值,件,10.5340909090909,12/9/2025 10:40:13,16/9/2025 10:01:58,2022
7069,9,批发和零售业,年度中国发明专利申请数最大值,件,68,12/9/2025 10:40:13,16/9/2025 10:01:58,2022
7070,9,批发和零售业,年度中国发明专利申请数最小值,件,1,12/9/2025 10:40:13,16/9/2025 10:01:58,2022
7071,9,批发和零售业,年度中国发明专利申请数中位数,件,5,12/9/2025 10:40:13,16/9/2025 10:01:58,2022
7072,10,食品饮料业,年度中国发明专利申请数合计,件,2212,12/9/2025 10:40:13,16/9/2025 10:01:59,2022
7073,10,食品饮料业,年度中国发明专利申请数均值,件,14.8456375838926,12/9/2025 10:40:14,16/9/2025 10:01:59,2022
7074,10,食品饮料业,年度中国发明专利申请数最大值,件,252,12/9/2025 10:40:14,16/9/2025 10:01:59,2022
7075,10,食品饮料业,年度中国发明专利申请数最小值,件,1,12/9/2025 10:40:14,16/9/2025 10:01:59,2022
7076,10,食品饮料业,年度中国发明专利申请数中位数,件,5,12/9/2025 10:40:14,16/9/2025 10:01:59,2022
7082,12,汽车制造业,年度中国发明专利申请数合计,件,26642,12/9/2025 10:40:14,16/9/2025 10:02:00,2022
7083,12,汽车制造业,年度中国发明专利申请数均值,件,132.547263681592,12/9/2025 10:40:14,16/9/2025 10:02:00,2022
7084,12,汽车制造业,年度中国发明专利申请数最大值,件,6280,12/9/2025 10:40:15,16/9/2025 10:02:00,2022
7085,12,汽车制造业,年度中国发明专利申请数最小值,件,1,12/9/2025 10:40:15,16/9/2025 10:02:00,2022
7086,12,汽车制造业,年度中国发明专利申请数中位数,件,12,12/9/2025 10:40:15,16/9/2025 10:02:00,2022
7087,13,电力、热力、燃气及水生产和供应业,年度中国发明专利申请数合计,件,6050,12/9/2025 10:40:15,16/9/2025 10:02:01,2022
7088,13,电力、热力、燃气及水生产和供应业,年度中国发明专利申请数均值,件,56.5420560747664,12/9/2025 10:40:15,16/9/2025 10:02:01,2022
7089,13,电力、热力、燃气及水生产和供应业,年度中国发明专利申请数最大值,件,755,12/9/2025 10:40:15,16/9/2025 10:02:01,2022
7090,13,电力、热力、燃气及水生产和供应业,年度中国发明专利申请数最小值,件,1,12/9/2025 10:40:15,16/9/2025 10:02:01,2022
7091,13,电力、热力、燃气及水生产和供应业,年度中国发明专利申请数中位数,件,9,12/9/2025 10:40:15,16/9/2025 10:02:01,2022
7092,14,采矿业,年度中国发明专利申请数合计,件,8430,12/9/2025 10:40:15,16/9/2025 10:02:01,2022
7093,14,采矿业,年度中国发明专利申请数均值,件,105.375,12/9/2025 10:40:15,16/9/2025 10:02:01,2022
7094,14,采矿业,年度中国发明专利申请数最大值,件,925,12/9/2025 10:40:15,16/9/2025 10:02:01,2022
7095,14,采矿业,年度中国发明专利申请数最小值,件,1,12/9/2025 10:40:15,16/9/2025 10:02:01,2022
7096,14,采矿业,年度中国发明专利申请数中位数,件,19,12/9/2025 10:40:15,16/9/2025 10:02:01,2022
7097,15,纺织鞋服业,年度中国发明专利申请数合计,件,927,12/9/2025 10:40:16,16/9/2025 10:02:02,2022
7098,15,纺织鞋服业,年度中国发明专利申请数均值,件,10.1868131868132,12/9/2025 10:40:16,16/9/2025 10:02:02,2022
7099,15,纺织鞋服业,年度中国发明专利申请数最大值,件,72,12/9/2025 10:40:16,16/9/2025 10:02:02,2022
7100,15,纺织鞋服业,年度中国发明专利申请数最小值,件,1,12/9/2025 10:40:16,16/9/2025 10:02:02,2022
7101,15,纺织鞋服业,年度中国发明专利申请数中位数,件,6,12/9/2025 10:40:16,16/9/2025 10:02:02,2022
7102,16,建筑业,年度中国发明专利申请数合计,件,16808,12/9/2025 10:40:16,16/9/2025 10:02:03,2022
7103,16,建筑业,年度中国发明专利申请数均值,件,154.201834862385,12/9/2025 10:40:16,16/9/2025 10:02:03,2022
7104,16,建筑业,年度中国发明专利申请数最大值,件,3938,12/9/2025 10:40:17,16/9/2025 10:02:03,2022
7105,16,建筑业,年度中国发明专利申请数最小值,件,1,12/9/2025 10:40:17,16/9/2025 10:02:03,2022
7106,16,建筑业,年度中国发明专利申请数中位数,件,11,12/9/2025 10:40:17,16/9/2025 10:02:03,2022
7107,17,交通运输、仓储和邮政业,年度中国发明专利申请数合计,件,1170,12/9/2025 10:40:17,16/9/2025 10:02:03,2022
7108,17,交通运输、仓储和邮政业,年度中国发明专利申请数均值,件,13.9285714285714,12/9/2025 10:40:17,16/9/2025 10:02:03,2022
7109,17,交通运输、仓储和邮政业,年度中国发明专利申请数最大值,件,200,12/9/2025 10:40:17,16/9/2025 10:02:03,2022
7110,17,交通运输、仓储和邮政业,年度中国发明专利申请数最小值,件,1,12/9/2025 10:40:17,16/9/2025 10:02:03,2022
7111,17,交通运输、仓储和邮政业,年度中国发明专利申请数中位数,件,5,12/9/2025 10:40:17,16/9/2025 10:02:03,2022
7112,18,通用设备制造业,年度中国发明专利申请数合计,件,5659,12/9/2025 10:40:18,16/9/2025 10:02:03,2022
7113,18,通用设备制造业,年度中国发明专利申请数均值,件,29.7842105263158,12/9/2025 10:40:18,16/9/2025 10:02:03,2022
7114,18,通用设备制造业,年度中国发明专利申请数最大值,件,725,12/9/2025 10:40:18,16/9/2025 10:02:04,2022
7115,18,通用设备制造业,年度中国发明专利申请数最小值,件,1,12/9/2025 10:40:18,16/9/2025 10:02:04,2022
7116,18,通用设备制造业,年度中国发明专利申请数中位数,件,13,12/9/2025 10:40:18,16/9/2025 10:02:04,2022
7117,19,半导体业,年度中国发明专利申请数合计,件,8106,12/9/2025 10:40:18,16/9/2025 10:02:04,2022
7118,19,半导体业,年度中国发明专利申请数均值,件,54.4026845637584,12/9/2025 10:40:18,16/9/2025 10:02:04,2022
7119,19,半导体业,年度中国发明专利申请数最大值,件,1522,12/9/2025 10:40:18,16/9/2025 10:02:04,2022
7120,19,半导体业,年度中国发明专利申请数最小值,件,1,12/9/2025 10:40:18,16/9/2025 10:02:04,2022
7121,19,半导体业,年度中国发明专利申请数中位数,件,22,12/9/2025 10:40:19,16/9/2025 10:02:04,2022
7122,20,租赁和商务服务业,年度中国发明专利申请数合计,件,269,12/9/2025 10:40:19,16/9/2025 10:02:05,2022
7123,20,租赁和商务服务业,年度中国发明专利申请数均值,件,9.27586206896552,12/9/2025 10:40:19,16/9/2025 10:02:05,2022
7124,20,租赁和商务服务业,年度中国发明专利申请数最大值,件,50,12/9/2025 10:40:19,16/9/2025 10:02:05,2022
7125,20,租赁和商务服务业,年度中国发明专利申请数最小值,件,1,12/9/2025 10:40:19,16/9/2025 10:02:05,2022
7126,20,租赁和商务服务业,年度中国发明专利申请数中位数,件,4,12/9/2025 10:40:19,16/9/2025 10:02:05,2022
7127,21,通信传输设备业,年度中国发明专利申请数合计,件,6698,12/9/2025 10:40:19,16/9/2025 10:02:05,2022
7128,21,通信传输设备业,年度中国发明专利申请数均值,件,64.4038461538462,12/9/2025 10:40:20,16/9/2025 10:02:05,2022
7129,21,通信传输设备业,年度中国发明专利申请数最大值,件,1434,12/9/2025 10:40:20,16/9/2025 10:02:05,2022
7130,21,通信传输设备业,年度中国发明专利申请数最小值,件,1,12/9/2025 10:40:20,16/9/2025 10:02:05,2022
7131,21,通信传输设备业,年度中国发明专利申请数中位数,件,20.5,12/9/2025 10:40:20,16/9/2025 10:02:05,2022
7132,22,非金属矿物制品业,年度中国发明专利申请数合计,件,3922,12/9/2025 10:40:20,16/9/2025 10:02:05,2022
7133,22,非金属矿物制品业,年度中国发明专利申请数均值,件,41.2842105263158,12/9/2025 10:40:20,16/9/2025 10:02:05,2022
7134,22,非金属矿物制品业,年度中国发明专利申请数最大值,件,467,12/9/2025 10:40:20,16/9/2025 10:02:05,2022
7135,22,非金属矿物制品业,年度中国发明专利申请数最小值,件,1,12/9/2025 10:40:20,16/9/2025 10:02:05,2022
7136,22,非金属矿物制品业,年度中国发明专利申请数中位数,件,12,12/9/2025 10:40:20,16/9/2025 10:02:06,2022
7137,23,橡胶和塑料制品业,年度中国发明专利申请数合计,件,2559,12/9/2025 10:40:20,16/9/2025 10:02:06,2022
7138,23,橡胶和塑料制品业,年度中国发明专利申请数均值,件,26.9368421052632,12/9/2025 10:40:20,16/9/2025 10:02:06,2022
7139,23,橡胶和塑料制品业,年度中国发明专利申请数最大值,件,821,12/9/2025 10:40:20,16/9/2025 10:02:06,2022
7140,23,橡胶和塑料制品业,年度中国发明专利申请数最小值,件,1,12/9/2025 10:40:20,16/9/2025 10:02:06,2022
7141,23,橡胶和塑料制品业,年度中国发明专利申请数中位数,件,9,12/9/2025 10:40:21,16/9/2025 10:02:06,2022
7142,24,综合,年度中国发明专利申请数合计,件,181,12/9/2025 10:40:21,16/9/2025 10:02:07,2022
7143,24,综合,年度中国发明专利申请数均值,件,20.1111111111111,12/9/2025 10:40:21,16/9/2025 10:02:07,2022
7144,24,综合,年度中国发明专利申请数最大值,件,48,12/9/2025 10:40:21,16/9/2025 10:02:07,2022
7145,24,综合,年度中国发明专利申请数最小值,件,1,12/9/2025 10:40:21,16/9/2025 10:02:07,2022
7146,24,综合,年度中国发明专利申请数中位数,件,14,12/9/2025 10:40:21,16/9/2025 10:02:07,2022
7147,25,其他制造业,年度中国发明专利申请数合计,件,598,12/9/2025 10:40:22,16/9/2025 10:02:07,2022
7148,25,其他制造业,年度中国发明专利申请数均值,件,18.6875,12/9/2025 10:40:22,16/9/2025 10:02:07,2022
7149,25,其他制造业,年度中国发明专利申请数最大值,件,108,12/9/2025 10:40:22,16/9/2025 10:02:07,2022
7150,25,其他制造业,年度中国发明专利申请数最小值,件,1,12/9/2025 10:40:22,16/9/2025 10:02:07,2022
7151,25,其他制造业,年度中国发明专利申请数中位数,件,9,12/9/2025 10:40:22,16/9/2025 10:02:07,2022
7152,26,金属制品业,年度中国发明专利申请数合计,件,2295,12/9/2025 10:40:22,16/9/2025 10:02:08,2022
7153,26,金属制品业,年度中国发明专利申请数均值,件,24.945652173913,12/9/2025 10:40:22,16/9/2025 10:02:08,2022
7154,26,金属制品业,年度中国发明专利申请数最大值,件,285,12/9/2025 10:40:22,16/9/2025 10:02:08,2022
7155,26,金属制品业,年度中国发明专利申请数最小值,件,1,12/9/2025 10:40:22,16/9/2025 10:02:08,2022
7156,26,金属制品业,年度中国发明专利申请数中位数,件,8,12/9/2025 10:40:22,16/9/2025 10:02:08,2022
7157,27,铁路、船舶、航空航天和其他运输设备制造业,年度中国发明专利申请数合计,件,13948,12/9/2025 10:40:23,16/9/2025 10:02:08,2022
7158,27,铁路、船舶、航空航天和其他运输设备制造业,年度中国发明专利申请数均值,件,149.978494623656,12/9/2025 10:40:23,16/9/2025 10:02:08,2022
7159,27,铁路、船舶、航空航天和其他运输设备制造业,年度中国发明专利申请数最大值,件,2668,12/9/2025 10:40:23,16/9/2025 10:02:08,2022
7160,27,铁路、船舶、航空航天和其他运输设备制造业,年度中国发明专利申请数最小值,件,1,12/9/2025 10:40:23,16/9/2025 10:02:08,2022
7161,27,铁路、船舶、航空航天和其他运输设备制造业,年度中国发明专利申请数中位数,件,19,12/9/2025 10:40:23,16/9/2025 10:02:08,2022
7162,28,水利、环境和公共设施管理业,年度中国发明专利申请数合计,件,1251,12/9/2025 10:40:23,16/9/2025 10:02:09,2022
7163,28,水利、环境和公共设施管理业,年度中国发明专利申请数均值,件,16.2467532467532,12/9/2025 10:40:23,16/9/2025 10:02:09,2022
7164,28,水利、环境和公共设施管理业,年度中国发明专利申请数最大值,件,115,12/9/2025 10:40:23,16/9/2025 10:02:09,2022
7165,28,水利、环境和公共设施管理业,年度中国发明专利申请数最小值,件,1,12/9/2025 10:40:23,16/9/2025 10:02:09,2022
7166,28,水利、环境和公共设施管理业,年度中国发明专利申请数中位数,件,10,12/9/2025 10:40:23,16/9/2025 10:02:09,2022
7167,29,金属冶炼和压延加工业,年度中国发明专利申请数合计,件,9596,12/9/2025 10:40:24,16/9/2025 10:02:09,2022
7168,29,金属冶炼和压延加工业,年度中国发明专利申请数均值,件,78.655737704918,12/9/2025 10:40:24,16/9/2025 10:02:09,2022
7169,29,金属冶炼和压延加工业,年度中国发明专利申请数最大值,件,624,12/9/2025 10:40:24,16/9/2025 10:02:09,2022
7170,29,金属冶炼和压延加工业,年度中国发明专利申请数最小值,件,1,12/9/2025 10:40:24,16/9/2025 10:02:09,2022
7171,29,金属冶炼和压延加工业,年度中国发明专利申请数中位数,件,21.5,12/9/2025 10:40:24,16/9/2025 10:02:09,2022
7172,30,科学研究和技术服务业,年度中国发明专利申请数合计,件,3379,12/9/2025 10:40:25,16/9/2025 10:02:09,2022
7173,30,科学研究和技术服务业,年度中国发明专利申请数均值,件,31.287037037037,12/9/2025 10:40:25,16/9/2025 10:02:09,2022
7174,30,科学研究和技术服务业,年度中国发明专利申请数最大值,件,322,12/9/2025 10:40:25,16/9/2025 10:02:09,2022
7175,30,科学研究和技术服务业,年度中国发明专利申请数最小值,件,1,12/9/2025 10:40:25,16/9/2025 10:02:10,2022
7176,30,科学研究和技术服务业,年度中国发明专利申请数中位数,件,11.5,12/9/2025 10:40:25,16/9/2025 10:02:10,2022
7177,31,教育,年度中国发明专利申请数合计,件,301,12/9/2025 10:40:26,16/9/2025 10:02:10,2022
7178,31,教育,年度中国发明专利申请数均值,件,37.625,12/9/2025 10:40:26,16/9/2025 10:02:10,2022
7179,31,教育,年度中国发明专利申请数最大值,件,138,12/9/2025 10:40:26,16/9/2025 10:02:10,2022
7180,31,教育,年度中国发明专利申请数最小值,件,1,12/9/2025 10:40:26,16/9/2025 10:02:10,2022
7181,31,教育,年度中国发明专利申请数中位数,件,9,12/9/2025 10:40:26,16/9/2025 10:02:10,2022
7182,32,仪器仪表制造业,年度中国发明专利申请数合计,件,2453,12/9/2025 10:40:26,16/9/2025 10:02:10,2022
7183,32,仪器仪表制造业,年度中国发明专利申请数均值,件,29.9146341463415,12/9/2025 10:40:27,16/9/2025 10:02:10,2022
7184,32,仪器仪表制造业,年度中国发明专利申请数最大值,件,392,12/9/2025 10:40:27,16/9/2025 10:02:10,2022
7185,32,仪器仪表制造业,年度中国发明专利申请数最小值,件,1,12/9/2025 10:40:27,16/9/2025 10:02:10,2022
7186,32,仪器仪表制造业,年度中国发明专利申请数中位数,件,12,12/9/2025 10:40:27,16/9/2025 10:02:10,2022
7187,33,文化、体育和娱乐业,年度中国发明专利申请数合计,件,371,12/9/2025 10:40:27,16/9/2025 10:02:11,2022
7188,33,文化、体育和娱乐业,年度中国发明专利申请数均值,件,16.1304347826087,12/9/2025 10:40:27,16/9/2025 10:02:11,2022
7189,33,文化、体育和娱乐业,年度中国发明专利申请数最大值,件,255,12/9/2025 10:40:27,16/9/2025 10:02:11,2022
7190,33,文化、体育和娱乐业,年度中国发明专利申请数最小值,件,1,12/9/2025 10:40:27,16/9/2025 10:02:11,2022
7191,33,文化、体育和娱乐业,年度中国发明专利申请数中位数,件,4,12/9/2025 10:40:27,16/9/2025 10:02:11,2022
7192,34,农、林、牧、渔业,年度中国发明专利申请数合计,件,292,12/9/2025 10:40:27,16/9/2025 10:02:11,2022
7193,34,农、林、牧、渔业,年度中国发明专利申请数均值,件,9.125,12/9/2025 10:40:28,16/9/2025 10:02:11,2022
7194,34,农、林、牧、渔业,年度中国发明专利申请数最大值,件,58,12/9/2025 10:40:28,16/9/2025 10:02:12,2022
7195,34,农、林、牧、渔业,年度中国发明专利申请数最小值,件,1,12/9/2025 10:40:28,16/9/2025 10:02:12,2022
7196,34,农、林、牧、渔业,年度中国发明专利申请数中位数,件,5.5,12/9/2025 10:40:28,16/9/2025 10:02:12,2022
7197,35,卫生和社会工作,年度中国发明专利申请数合计,件,276,12/9/2025 10:40:28,16/9/2025 10:02:12,2022
7198,35,卫生和社会工作,年度中国发明专利申请数均值,件,25.0909090909091,12/9/2025 10:40:28,16/9/2025 10:02:12,2022
7199,35,卫生和社会工作,年度中国发明专利申请数最大值,件,153,12/9/2025 10:40:28,16/9/2025 10:02:12,2022
7200,35,卫生和社会工作,年度中国发明专利申请数最小值,件,1,12/9/2025 10:40:28,16/9/2025 10:02:12,2022
7201,35,卫生和社会工作,年度中国发明专利申请数中位数,件,11,12/9/2025 10:40:28,16/9/2025 10:02:12,2022
7202,36,造纸和纸制品业,年度中国发明专利申请数合计,件,486,12/9/2025 10:40:28,16/9/2025 10:02:13,2022
7203,36,造纸和纸制品业,年度中国发明专利申请数均值,件,11.8536585365854,12/9/2025 10:40:28,16/9/2025 10:02:13,2022
7204,36,造纸和纸制品业,年度中国发明专利申请数最大值,件,41,12/9/2025 10:40:28,16/9/2025 10:02:13,2022
7205,36,造纸和纸制品业,年度中国发明专利申请数最小值,件,1,12/9/2025 10:40:28,16/9/2025 10:02:13,2022
7206,36,造纸和纸制品业,年度中国发明专利申请数中位数,件,7,12/9/2025 10:40:29,16/9/2025 10:02:13,2022
7207,37,住宿和餐饮业,年度中国发明专利申请数合计,件,0,12/9/2025 10:40:29,16/9/2025 10:02:13,2022
7208,37,住宿和餐饮业,年度中国发明专利申请数均值,件,0,12/9/2025 10:40:29,16/9/2025 10:02:13,2022
7209,37,住宿和餐饮业,年度中国发明专利申请数最大值,件,0,12/9/2025 10:40:29,16/9/2025 10:02:13,2022
7210,37,住宿和餐饮业,年度中国发明专利申请数最小值,件,0,12/9/2025 10:40:29,16/9/2025 10:02:13,2022
7211,37,住宿和餐饮业,年度中国发明专利申请数中位数,件,0,12/9/2025 10:40:29,16/9/2025 10:02:13,2022
7212,38,家具制造业,年度中国发明专利申请数合计,件,633,12/9/2025 10:40:29,16/9/2025 10:02:13,2022
7213,38,家具制造业,年度中国发明专利申请数均值,件,19.78125,12/9/2025 10:40:29,16/9/2025 10:02:14,2022
7214,38,家具制造业,年度中国发明专利申请数最大值,件,219,12/9/2025 10:40:29,16/9/2025 10:02:14,2022
7215,38,家具制造业,年度中国发明专利申请数最小值,件,1,12/9/2025 10:40:29,16/9/2025 10:02:14,2022
7216,38,家具制造业,年度中国发明专利申请数中位数,件,6.5,12/9/2025 10:40:29,16/9/2025 10:02:14,2022
7217,39,印刷和记录媒介复制业,年度中国发明专利申请数合计,件,109,12/9/2025 10:40:30,16/9/2025 10:02:14,2022
7218,39,印刷和记录媒介复制业,年度中国发明专利申请数均值,件,8.38461538461539,12/9/2025 10:40:30,16/9/2025 10:02:14,2022
7219,39,印刷和记录媒介复制业,年度中国发明专利申请数最大值,件,28,12/9/2025 10:40:30,16/9/2025 10:02:14,2022
7220,39,印刷和记录媒介复制业,年度中国发明专利申请数最小值,件,1,12/9/2025 10:40:30,16/9/2025 10:02:14,2022
7221,39,印刷和记录媒介复制业,年度中国发明专利申请数中位数,件,8,12/9/2025 10:40:30,16/9/2025 10:02:14,2022
7222,41,文教、工美、体育和娱乐用品制造业,年度中国发明专利申请数合计,件,205,12/9/2025 10:40:30,16/9/2025 10:02:15,2022
7223,41,文教、工美、体育和娱乐用品制造业,年度中国发明专利申请数均值,件,11.3888888888889,12/9/2025 10:40:31,16/9/2025 10:02:15,2022
7224,41,文教、工美、体育和娱乐用品制造业,年度中国发明专利申请数最大值,件,104,12/9/2025 10:40:31,16/9/2025 10:02:15,2022
7225,41,文教、工美、体育和娱乐用品制造业,年度中国发明专利申请数最小值,件,1,12/9/2025 10:40:31,16/9/2025 10:02:15,2022
7226,41,文教、工美、体育和娱乐用品制造业,年度中国发明专利申请数中位数,件,4,12/9/2025 10:40:31,16/9/2025 10:02:15,2022
7232,43,化学纤维制造业,年度中国发明专利申请数合计,件,614,12/9/2025 10:40:32,16/9/2025 10:02:16,2022
7233,43,化学纤维制造业,年度中国发明专利申请数均值,件,21.1724137931034,12/9/2025 10:40:32,16/9/2025 10:02:16,2022
7234,43,化学纤维制造业,年度中国发明专利申请数最大值,件,116,12/9/2025 10:40:32,16/9/2025 10:02:16,2022
7235,43,化学纤维制造业,年度中国发明专利申请数最小值,件,1,12/9/2025 10:40:32,16/9/2025 10:02:16,2022
7236,43,化学纤维制造业,年度中国发明专利申请数中位数,件,13,12/9/2025 10:40:32,16/9/2025 10:02:16,2022
7242,45,石油加工、炼焦和核燃料加工业,年度中国发明专利申请数合计,件,115,12/9/2025 10:40:33,16/9/2025 10:02:17,2022
7243,45,石油加工、炼焦和核燃料加工业,年度中国发明专利申请数均值,件,8.21428571428571,12/9/2025 10:40:33,16/9/2025 10:02:17,2022
7244,45,石油加工、炼焦和核燃料加工业,年度中国发明专利申请数最大值,件,39,12/9/2025 10:40:34,16/9/2025 10:02:17,2022
7245,45,石油加工、炼焦和核燃料加工业,年度中国发明专利申请数最小值,件,1,12/9/2025 10:40:34,16/9/2025 10:02:17,2022
7246,45,石油加工、炼焦和核燃料加工业,年度中国发明专利申请数中位数,件,6,12/9/2025 10:40:34,16/9/2025 10:02:17,2022
7247,46,废弃资源综合利用业,年度中国发明专利申请数合计,件,480,12/9/2025 10:40:34,16/9/2025 10:02:17,2022
7248,46,废弃资源综合利用业,年度中国发明专利申请数均值,件,26.6666666666667,12/9/2025 10:40:34,16/9/2025 10:02:17,2022
7249,46,废弃资源综合利用业,年度中国发明专利申请数最大值,件,271,12/9/2025 10:40:34,16/9/2025 10:02:17,2022
7250,46,废弃资源综合利用业,年度中国发明专利申请数最小值,件,1,12/9/2025 10:40:34,16/9/2025 10:02:18,2022
7251,46,废弃资源综合利用业,年度中国发明专利申请数中位数,件,9,12/9/2025 10:40:34,16/9/2025 10:02:18,2022
7252,47,木材加工和木、竹、藤、棕、草制品业,年度中国发明专利申请数合计,件,94,12/9/2025 10:40:35,16/9/2025 10:02:18,2022
7253,47,木材加工和木、竹、藤、棕、草制品业,年度中国发明专利申请数均值,件,13.4285714285714,12/9/2025 10:40:35,16/9/2025 10:02:18,2022
7254,47,木材加工和木、竹、藤、棕、草制品业,年度中国发明专利申请数最大值,件,33,12/9/2025 10:40:35,16/9/2025 10:02:18,2022
7255,47,木材加工和木、竹、藤、棕、草制品业,年度中国发明专利申请数最小值,件,1,12/9/2025 10:40:35,16/9/2025 10:02:18,2022
7256,47,木材加工和木、竹、藤、棕、草制品业,年度中国发明专利申请数中位数,件,8,12/9/2025 10:40:35,16/9/2025 10:02:18,2022
7257,48,居民服务、修理和其他服务业,年度中国发明专利申请数合计,件,0,12/9/2025 10:40:36,16/9/2025 10:02:18,2022
7258,48,居民服务、修理和其他服务业,年度中国发明专利申请数均值,件,0,12/9/2025 10:40:36,16/9/2025 10:02:18,2022
7259,48,居民服务、修理和其他服务业,年度中国发明专利申请数最大值,件,0,12/9/2025 10:40:36,16/9/2025 10:02:19,2022
7260,48,居民服务、修理和其他服务业,年度中国发明专利申请数最小值,件,0,12/9/2025 10:40:36,16/9/2025 10:02:19,2022
7261,48,居民服务、修理和其他服务业,年度中国发明专利申请数中位数,件,0,12/9/2025 10:40:36,16/9/2025 10:02:19,2022
7262,0,全行业,年度中国发明专利申请数合计,件,323774,12/9/2025 10:40:37,5/11/2025 08:56:03,2022
7263,0,全行业,年度中国发明专利申请数均值,件,69.3306209850107,12/9/2025 10:40:37,5/11/2025 08:56:03,2022
7264,0,全行业,年度中国发明专利申请数最大值,件,8729,12/9/2025 10:40:37,5/11/2025 08:56:03,2022
7265,0,全行业,年度中国发明专利申请数最小值,件,1,12/9/2025 10:40:37,5/11/2025 08:56:03,2022
7266,0,全行业,年度中国发明专利申请数中位数,件,11,12/9/2025 10:40:37,5/11/2025 08:56:03,2022
7267,1,医药制造业,年度PCT发明专利申请数合计,件,1429,12/9/2025 10:40:37,16/9/2025 10:02:19,2022
7268,1,医药制造业,年度PCT发明专利申请数均值,件,8.93125,12/9/2025 10:40:37,16/9/2025 10:02:19,2022
7269,1,医药制造业,年度PCT发明专利申请数最大值,件,166,12/9/2025 10:40:38,16/9/2025 10:02:19,2022
7270,1,医药制造业,年度PCT发明专利申请数最小值,件,1,12/9/2025 10:40:38,16/9/2025 10:02:19,2022
7271,1,医药制造业,年度PCT发明专利申请数中位数,件,4,12/9/2025 10:40:38,16/9/2025 10:02:19,2022
7272,2,化学原料和化学制品制造业,年度PCT发明专利申请数合计,件,164,12/9/2025 10:40:38,16/9/2025 10:02:20,2022
7273,2,化学原料和化学制品制造业,年度PCT发明专利申请数均值,件,3.72727272727273,12/9/2025 10:40:38,16/9/2025 10:02:20,2022
7274,2,化学原料和化学制品制造业,年度PCT发明专利申请数最大值,件,30,12/9/2025 10:40:38,16/9/2025 10:02:20,2022
7275,2,化学原料和化学制品制造业,年度PCT发明专利申请数最小值,件,1,12/9/2025 10:40:38,16/9/2025 10:02:20,2022
7276,2,化学原料和化学制品制造业,年度PCT发明专利申请数中位数,件,2.5,12/9/2025 10:40:38,16/9/2025 10:02:20,2022
7277,3,信息传输、软件和信息技术服务业,年度PCT发明专利申请数合计,件,2519,12/9/2025 10:40:39,16/9/2025 10:02:20,2022
7278,3,信息传输、软件和信息技术服务业,年度PCT发明专利申请数均值,件,40.6290322580645,12/9/2025 10:40:39,16/9/2025 10:02:20,2022
7279,3,信息传输、软件和信息技术服务业,年度PCT发明专利申请数最大值,件,615,12/9/2025 10:40:39,16/9/2025 10:02:20,2022
7280,3,信息传输、软件和信息技术服务业,年度PCT发明专利申请数最小值,件,1,12/9/2025 10:40:39,16/9/2025 10:02:20,2022
7281,3,信息传输、软件和信息技术服务业,年度PCT发明专利申请数中位数,件,5,12/9/2025 10:40:39,16/9/2025 10:02:20,2022
7282,4,房地产业,年度PCT发明专利申请数合计,件,34,12/9/2025 10:40:40,16/9/2025 10:02:21,2022
7283,4,房地产业,年度PCT发明专利申请数均值,件,17,12/9/2025 10:40:40,16/9/2025 10:02:21,2022
7284,4,房地产业,年度PCT发明专利申请数最大值,件,33,12/9/2025 10:40:40,16/9/2025 10:02:21,2022
7285,4,房地产业,年度PCT发明专利申请数最小值,件,1,12/9/2025 10:40:40,16/9/2025 10:02:21,2022
7286,4,房地产业,年度PCT发明专利申请数中位数,件,17,12/9/2025 10:40:40,16/9/2025 10:02:21,2022
7287,5,专用设备制造业,年度PCT发明专利申请数合计,件,1105,12/9/2025 10:40:40,16/9/2025 10:02:21,2022
7288,5,专用设备制造业,年度PCT发明专利申请数均值,件,10.5238095238095,12/9/2025 10:40:40,16/9/2025 10:02:21,2022
7289,5,专用设备制造业,年度PCT发明专利申请数最大值,件,92,12/9/2025 10:40:40,16/9/2025 10:02:22,2022
7290,5,专用设备制造业,年度PCT发明专利申请数最小值,件,1,12/9/2025 10:40:40,16/9/2025 10:02:22,2022
7291,5,专用设备制造业,年度PCT发明专利申请数中位数,件,4,12/9/2025 10:40:40,16/9/2025 10:02:22,2022
7292,6,消费电子及电气业,年度PCT发明专利申请数合计,件,8686,12/9/2025 10:40:41,16/9/2025 10:02:22,2022
7293,6,消费电子及电气业,年度PCT发明专利申请数均值,件,103.404761904762,12/9/2025 10:40:41,16/9/2025 10:02:22,2022
7294,6,消费电子及电气业,年度PCT发明专利申请数最大值,件,2648,12/9/2025 10:40:41,16/9/2025 10:02:22,2022
7295,6,消费电子及电气业,年度PCT发明专利申请数最小值,件,1,12/9/2025 10:40:41,16/9/2025 10:02:22,2022
7296,6,消费电子及电气业,年度PCT发明专利申请数中位数,件,6.5,12/9/2025 10:40:41,16/9/2025 10:02:23,2022
7297,7,金融业,年度PCT发明专利申请数合计,件,40,12/9/2025 10:40:41,16/9/2025 10:02:23,2022
7298,7,金融业,年度PCT发明专利申请数均值,件,10,12/9/2025 10:40:41,16/9/2025 10:02:23,2022
7299,7,金融业,年度PCT发明专利申请数最大值,件,34,12/9/2025 10:40:41,16/9/2025 10:02:23,2022
7300,7,金融业,年度PCT发明专利申请数最小值,件,1,12/9/2025 10:40:41,16/9/2025 10:02:23,2022
7301,7,金融业,年度PCT发明专利申请数中位数,件,2.5,12/9/2025 10:40:41,16/9/2025 10:02:23,2022
7302,8,商业电气机械和器材制造业,年度PCT发明专利申请数合计,件,1267,12/9/2025 10:40:42,16/9/2025 10:02:24,2022
7303,8,商业电气机械和器材制造业,年度PCT发明专利申请数均值,件,20.4354838709677,12/9/2025 10:40:42,16/9/2025 10:02:24,2022
7304,8,商业电气机械和器材制造业,年度PCT发明专利申请数最大值,件,703,12/9/2025 10:40:42,16/9/2025 10:02:24,2022
7305,8,商业电气机械和器材制造业,年度PCT发明专利申请数最小值,件,1,12/9/2025 10:40:42,16/9/2025 10:02:24,2022
7306,8,商业电气机械和器材制造业,年度PCT发明专利申请数中位数,件,3,12/9/2025 10:40:42,16/9/2025 10:02:24,2022
7307,9,批发和零售业,年度PCT发明专利申请数合计,件,32,12/9/2025 10:40:42,16/9/2025 10:02:24,2022
7308,9,批发和零售业,年度PCT发明专利申请数均值,件,4.57142857142857,12/9/2025 10:40:42,16/9/2025 10:02:24,2022
7309,9,批发和零售业,年度PCT发明专利申请数最大值,件,10,12/9/2025 10:40:42,16/9/2025 10:02:24,2022
7310,9,批发和零售业,年度PCT发明专利申请数最小值,件,1,12/9/2025 10:40:42,16/9/2025 10:02:24,2022
7311,9,批发和零售业,年度PCT发明专利申请数中位数,件,3,12/9/2025 10:40:42,16/9/2025 10:02:24,2022
7312,10,食品饮料业,年度PCT发明专利申请数合计,件,69,12/9/2025 10:40:43,16/9/2025 10:02:25,2022
7313,10,食品饮料业,年度PCT发明专利申请数均值,件,4.05882352941176,12/9/2025 10:40:43,16/9/2025 10:02:25,2022
7314,10,食品饮料业,年度PCT发明专利申请数最大值,件,17,12/9/2025 10:40:43,16/9/2025 10:02:25,2022
7315,10,食品饮料业,年度PCT发明专利申请数最小值,件,1,12/9/2025 10:40:43,16/9/2025 10:02:25,2022
7316,10,食品饮料业,年度PCT发明专利申请数中位数,件,2,12/9/2025 10:40:43,16/9/2025 10:02:25,2022
7322,12,汽车制造业,年度PCT发明专利申请数合计,件,1099,12/9/2025 10:40:45,16/9/2025 10:02:26,2022
7323,12,汽车制造业,年度PCT发明专利申请数均值,件,30.5277777777778,12/9/2025 10:40:45,16/9/2025 10:02:26,2022
7324,12,汽车制造业,年度PCT发明专利申请数最大值,件,193,12/9/2025 10:40:45,16/9/2025 10:02:26,2022
7325,12,汽车制造业,年度PCT发明专利申请数最小值,件,1,12/9/2025 10:40:45,16/9/2025 10:02:26,2022
7326,12,汽车制造业,年度PCT发明专利申请数中位数,件,5.5,12/9/2025 10:40:45,16/9/2025 10:02:26,2022
7327,13,电力、热力、燃气及水生产和供应业,年度PCT发明专利申请数合计,件,116,12/9/2025 10:40:46,16/9/2025 10:02:26,2022
7328,13,电力、热力、燃气及水生产和供应业,年度PCT发明专利申请数均值,件,9.66666666666667,12/9/2025 10:40:46,16/9/2025 10:02:26,2022
7329,13,电力、热力、燃气及水生产和供应业,年度PCT发明专利申请数最大值,件,36,12/9/2025 10:40:46,16/9/2025 10:02:26,2022
7330,13,电力、热力、燃气及水生产和供应业,年度PCT发明专利申请数最小值,件,1,12/9/2025 10:40:46,16/9/2025 10:02:26,2022
7331,13,电力、热力、燃气及水生产和供应业,年度PCT发明专利申请数中位数,件,2,12/9/2025 10:40:46,16/9/2025 10:02:26,2022
7332,14,采矿业,年度PCT发明专利申请数合计,件,343,12/9/2025 10:40:46,16/9/2025 10:02:26,2022
7333,14,采矿业,年度PCT发明专利申请数均值,件,21.4375,12/9/2025 10:40:46,16/9/2025 10:02:26,2022
7334,14,采矿业,年度PCT发明专利申请数最大值,件,114,12/9/2025 10:40:46,16/9/2025 10:02:26,2022
7335,14,采矿业,年度PCT发明专利申请数最小值,件,1,12/9/2025 10:40:46,16/9/2025 10:02:26,2022
7336,14,采矿业,年度PCT发明专利申请数中位数,件,2.5,12/9/2025 10:40:46,16/9/2025 10:02:27,2022
7337,15,纺织鞋服业,年度PCT发明专利申请数合计,件,13,12/9/2025 10:40:47,16/9/2025 10:02:27,2022
7338,15,纺织鞋服业,年度PCT发明专利申请数均值,件,2.16666666666667,12/9/2025 10:40:47,16/9/2025 10:02:27,2022
7339,15,纺织鞋服业,年度PCT发明专利申请数最大值,件,7,12/9/2025 10:40:47,16/9/2025 10:02:27,2022
7340,15,纺织鞋服业,年度PCT发明专利申请数最小值,件,1,12/9/2025 10:40:47,16/9/2025 10:02:27,2022
7341,15,纺织鞋服业,年度PCT发明专利申请数中位数,件,1,12/9/2025 10:40:47,16/9/2025 10:02:27,2022
7342,16,建筑业,年度PCT发明专利申请数合计,件,69,12/9/2025 10:40:47,16/9/2025 10:02:28,2022
7343,16,建筑业,年度PCT发明专利申请数均值,件,4.92857142857143,12/9/2025 10:40:47,16/9/2025 10:02:28,2022
7344,16,建筑业,年度PCT发明专利申请数最大值,件,14,12/9/2025 10:40:47,16/9/2025 10:02:28,2022
7345,16,建筑业,年度PCT发明专利申请数最小值,件,1,12/9/2025 10:40:47,16/9/2025 10:02:28,2022
7346,16,建筑业,年度PCT发明专利申请数中位数,件,2,12/9/2025 10:40:47,16/9/2025 10:02:28,2022
7347,17,交通运输、仓储和邮政业,年度PCT发明专利申请数合计,件,4,12/9/2025 10:40:47,16/9/2025 10:02:28,2022
7348,17,交通运输、仓储和邮政业,年度PCT发明专利申请数均值,件,1,12/9/2025 10:40:47,16/9/2025 10:02:28,2022
7349,17,交通运输、仓储和邮政业,年度PCT发明专利申请数最大值,件,1,12/9/2025 10:40:47,16/9/2025 10:02:28,2022
7350,17,交通运输、仓储和邮政业,年度PCT发明专利申请数最小值,件,1,12/9/2025 10:40:47,16/9/2025 10:02:28,2022
7351,17,交通运输、仓储和邮政业,年度PCT发明专利申请数中位数,件,1,12/9/2025 10:40:48,16/9/2025 10:02:28,2022
7352,18,通用设备制造业,年度PCT发明专利申请数合计,件,284,12/9/2025 10:40:48,16/9/2025 10:02:29,2022
7353,18,通用设备制造业,年度PCT发明专利申请数均值,件,10.5185185185185,12/9/2025 10:40:48,16/9/2025 10:02:29,2022
7354,18,通用设备制造业,年度PCT发明专利申请数最大值,件,110,12/9/2025 10:40:48,16/9/2025 10:02:29,2022
7355,18,通用设备制造业,年度PCT发明专利申请数最小值,件,1,12/9/2025 10:40:48,16/9/2025 10:02:29,2022
7356,18,通用设备制造业,年度PCT发明专利申请数中位数,件,2,12/9/2025 10:40:48,16/9/2025 10:02:29,2022
7357,19,半导体业,年度PCT发明专利申请数合计,件,308,12/9/2025 10:40:48,16/9/2025 10:02:29,2022
7358,19,半导体业,年度PCT发明专利申请数均值,件,8.55555555555556,12/9/2025 10:40:48,16/9/2025 10:02:29,2022
7359,19,半导体业,年度PCT发明专利申请数最大值,件,69,12/9/2025 10:40:48,16/9/2025 10:02:29,2022
7360,19,半导体业,年度PCT发明专利申请数最小值,件,1,12/9/2025 10:40:49,16/9/2025 10:02:29,2022
7361,19,半导体业,年度PCT发明专利申请数中位数,件,4,12/9/2025 10:40:49,16/9/2025 10:02:29,2022
7362,20,租赁和商务服务业,年度PCT发明专利申请数合计,件,13,12/9/2025 10:40:49,16/9/2025 10:02:30,2022
7363,20,租赁和商务服务业,年度PCT发明专利申请数均值,件,4.33333333333333,12/9/2025 10:40:49,16/9/2025 10:02:30,2022
7364,20,租赁和商务服务业,年度PCT发明专利申请数最大值,件,7,12/9/2025 10:40:49,16/9/2025 10:02:30,2022
7365,20,租赁和商务服务业,年度PCT发明专利申请数最小值,件,2,12/9/2025 10:40:49,16/9/2025 10:02:30,2022
7366,20,租赁和商务服务业,年度PCT发明专利申请数中位数,件,4,12/9/2025 10:40:49,16/9/2025 10:02:30,2022
7367,21,通信传输设备业,年度PCT发明专利申请数合计,件,8315,12/9/2025 10:40:50,16/9/2025 10:02:31,2022
7368,21,通信传输设备业,年度PCT发明专利申请数均值,件,346.458333333333,12/9/2025 10:40:50,16/9/2025 10:02:31,2022
7369,21,通信传输设备业,年度PCT发明专利申请数最大值,件,5094,12/9/2025 10:40:50,16/9/2025 10:02:31,2022
7370,21,通信传输设备业,年度PCT发明专利申请数最小值,件,1,12/9/2025 10:40:50,16/9/2025 10:02:31,2022
7371,21,通信传输设备业,年度PCT发明专利申请数中位数,件,4,12/9/2025 10:40:50,16/9/2025 10:02:31,2022
7372,22,非金属矿物制品业,年度PCT发明专利申请数合计,件,67,12/9/2025 10:40:50,16/9/2025 10:02:31,2022
7373,22,非金属矿物制品业,年度PCT发明专利申请数均值,件,4.78571428571429,12/9/2025 10:40:50,16/9/2025 10:02:31,2022
7374,22,非金属矿物制品业,年度PCT发明专利申请数最大值,件,16,12/9/2025 10:40:50,16/9/2025 10:02:31,2022
7375,22,非金属矿物制品业,年度PCT发明专利申请数最小值,件,1,12/9/2025 10:40:51,16/9/2025 10:02:31,2022
7376,22,非金属矿物制品业,年度PCT发明专利申请数中位数,件,2.5,12/9/2025 10:40:51,16/9/2025 10:02:31,2022
7377,23,橡胶和塑料制品业,年度PCT发明专利申请数合计,件,171,12/9/2025 10:40:51,16/9/2025 10:02:32,2022
7378,23,橡胶和塑料制品业,年度PCT发明专利申请数均值,件,10.6875,12/9/2025 10:40:51,16/9/2025 10:02:32,2022
7379,23,橡胶和塑料制品业,年度PCT发明专利申请数最大值,件,99,12/9/2025 10:40:51,16/9/2025 10:02:32,2022
7380,23,橡胶和塑料制品业,年度PCT发明专利申请数最小值,件,1,12/9/2025 10:40:51,16/9/2025 10:02:32,2022
7381,23,橡胶和塑料制品业,年度PCT发明专利申请数中位数,件,2,12/9/2025 10:40:51,16/9/2025 10:02:32,2022
7382,24,综合,年度PCT发明专利申请数合计,件,2,12/9/2025 10:40:51,16/9/2025 10:02:32,2022
7383,24,综合,年度PCT发明专利申请数均值,件,2,12/9/2025 10:40:51,16/9/2025 10:02:32,2022
7384,24,综合,年度PCT发明专利申请数最大值,件,2,12/9/2025 10:40:51,16/9/2025 10:02:32,2022
7385,24,综合,年度PCT发明专利申请数最小值,件,2,12/9/2025 10:40:51,16/9/2025 10:02:32,2022
7386,24,综合,年度PCT发明专利申请数中位数,件,2,12/9/2025 10:40:51,16/9/2025 10:02:32,2022
7387,25,其他制造业,年度PCT发明专利申请数合计,件,10,12/9/2025 10:40:52,16/9/2025 10:02:33,2022
7388,25,其他制造业,年度PCT发明专利申请数均值,件,3.33333333333333,12/9/2025 10:40:52,16/9/2025 10:02:33,2022
7389,25,其他制造业,年度PCT发明专利申请数最大值,件,8,12/9/2025 10:40:52,16/9/2025 10:02:33,2022
7390,25,其他制造业,年度PCT发明专利申请数最小值,件,1,12/9/2025 10:40:52,16/9/2025 10:02:33,2022
7391,25,其他制造业,年度PCT发明专利申请数中位数,件,1,12/9/2025 10:40:52,16/9/2025 10:02:33,2022
7392,26,金属制品业,年度PCT发明专利申请数合计,件,22,12/9/2025 10:40:52,16/9/2025 10:02:34,2022
7393,26,金属制品业,年度PCT发明专利申请数均值,件,2,12/9/2025 10:40:52,16/9/2025 10:02:34,2022
7394,26,金属制品业,年度PCT发明专利申请数最大值,件,6,12/9/2025 10:40:52,16/9/2025 10:02:34,2022
7395,26,金属制品业,年度PCT发明专利申请数最小值,件,1,12/9/2025 10:40:52,16/9/2025 10:02:34,2022
7396,26,金属制品业,年度PCT发明专利申请数中位数,件,1,12/9/2025 10:40:53,16/9/2025 10:02:34,2022
7397,27,铁路、船舶、航空航天和其他运输设备制造业,年度PCT发明专利申请数合计,件,288,12/9/2025 10:40:53,16/9/2025 10:02:34,2022
7398,27,铁路、船舶、航空航天和其他运输设备制造业,年度PCT发明专利申请数均值,件,13.7142857142857,12/9/2025 10:40:53,16/9/2025 10:02:34,2022
7399,27,铁路、船舶、航空航天和其他运输设备制造业,年度PCT发明专利申请数最大值,件,119,12/9/2025 10:40:53,16/9/2025 10:02:34,2022
7400,27,铁路、船舶、航空航天和其他运输设备制造业,年度PCT发明专利申请数最小值,件,1,12/9/2025 10:40:53,16/9/2025 10:02:34,2022
7401,27,铁路、船舶、航空航天和其他运输设备制造业,年度PCT发明专利申请数中位数,件,3,12/9/2025 10:40:53,16/9/2025 10:02:34,2022
7402,28,水利、环境和公共设施管理业,年度PCT发明专利申请数合计,件,5,12/9/2025 10:40:53,16/9/2025 10:02:35,2022
7403,28,水利、环境和公共设施管理业,年度PCT发明专利申请数均值,件,1.25,12/9/2025 10:40:53,16/9/2025 10:02:35,2022
7404,28,水利、环境和公共设施管理业,年度PCT发明专利申请数最大值,件,2,12/9/2025 10:40:53,16/9/2025 10:02:35,2022
7405,28,水利、环境和公共设施管理业,年度PCT发明专利申请数最小值,件,1,12/9/2025 10:40:53,16/9/2025 10:02:35,2022
7406,28,水利、环境和公共设施管理业,年度PCT发明专利申请数中位数,件,1,12/9/2025 10:40:53,16/9/2025 10:02:35,2022
7407,29,金属冶炼和压延加工业,年度PCT发明专利申请数合计,件,119,12/9/2025 10:40:54,16/9/2025 10:02:36,2022
7408,29,金属冶炼和压延加工业,年度PCT发明专利申请数均值,件,5.95,12/9/2025 10:40:54,16/9/2025 10:02:36,2022
7409,29,金属冶炼和压延加工业,年度PCT发明专利申请数最大值,件,48,12/9/2025 10:40:54,16/9/2025 10:02:36,2022
7410,29,金属冶炼和压延加工业,年度PCT发明专利申请数最小值,件,1,12/9/2025 10:40:54,16/9/2025 10:02:36,2022
7411,29,金属冶炼和压延加工业,年度PCT发明专利申请数中位数,件,2,12/9/2025 10:40:54,16/9/2025 10:02:36,2022
7412,30,科学研究和技术服务业,年度PCT发明专利申请数合计,件,251,12/9/2025 10:40:54,16/9/2025 10:02:36,2022
7413,30,科学研究和技术服务业,年度PCT发明专利申请数均值,件,11.952380952381,12/9/2025 10:40:54,16/9/2025 10:02:36,2022
7414,30,科学研究和技术服务业,年度PCT发明专利申请数最大值,件,98,12/9/2025 10:40:54,16/9/2025 10:02:36,2022
7415,30,科学研究和技术服务业,年度PCT发明专利申请数最小值,件,1,12/9/2025 10:40:54,16/9/2025 10:02:36,2022
7416,30,科学研究和技术服务业,年度PCT发明专利申请数中位数,件,3,12/9/2025 10:40:54,16/9/2025 10:02:36,2022
7417,31,教育,年度PCT发明专利申请数合计,件,0,12/9/2025 10:40:55,16/9/2025 10:02:37,2022
7418,31,教育,年度PCT发明专利申请数均值,件,0,12/9/2025 10:40:55,16/9/2025 10:02:37,2022
7419,31,教育,年度PCT发明专利申请数最大值,件,0,12/9/2025 10:40:55,16/9/2025 10:02:37,2022
7420,31,教育,年度PCT发明专利申请数最小值,件,0,12/9/2025 10:40:55,16/9/2025 10:02:37,2022
7421,31,教育,年度PCT发明专利申请数中位数,件,0,12/9/2025 10:40:55,16/9/2025 10:02:37,2022
7422,32,仪器仪表制造业,年度PCT发明专利申请数合计,件,38,12/9/2025 10:40:55,16/9/2025 10:02:37,2022
7423,32,仪器仪表制造业,年度PCT发明专利申请数均值,件,5.42857142857143,12/9/2025 10:40:55,16/9/2025 10:02:37,2022
7424,32,仪器仪表制造业,年度PCT发明专利申请数最大值,件,11,12/9/2025 10:40:55,16/9/2025 10:02:37,2022
7425,32,仪器仪表制造业,年度PCT发明专利申请数最小值,件,3,12/9/2025 10:40:55,16/9/2025 10:02:37,2022
7426,32,仪器仪表制造业,年度PCT发明专利申请数中位数,件,4,12/9/2025 10:40:55,16/9/2025 10:02:37,2022
7427,33,文化、体育和娱乐业,年度PCT发明专利申请数合计,件,0,12/9/2025 10:40:56,16/9/2025 10:02:37,2022
7428,33,文化、体育和娱乐业,年度PCT发明专利申请数均值,件,0,12/9/2025 10:40:56,16/9/2025 10:02:38,2022
7429,33,文化、体育和娱乐业,年度PCT发明专利申请数最大值,件,0,12/9/2025 10:40:56,16/9/2025 10:02:38,2022
7430,33,文化、体育和娱乐业,年度PCT发明专利申请数最小值,件,0,12/9/2025 10:40:56,16/9/2025 10:02:38,2022
7431,33,文化、体育和娱乐业,年度PCT发明专利申请数中位数,件,0,12/9/2025 10:40:56,16/9/2025 10:02:38,2022
7432,34,农、林、牧、渔业,年度PCT发明专利申请数合计,件,1,12/9/2025 10:40:57,16/9/2025 10:02:38,2022
7433,34,农、林、牧、渔业,年度PCT发明专利申请数均值,件,1,12/9/2025 10:40:57,16/9/2025 10:02:38,2022
7434,34,农、林、牧、渔业,年度PCT发明专利申请数最大值,件,1,12/9/2025 10:40:57,16/9/2025 10:02:38,2022
7435,34,农、林、牧、渔业,年度PCT发明专利申请数最小值,件,1,12/9/2025 10:40:57,16/9/2025 10:02:38,2022
7436,34,农、林、牧、渔业,年度PCT发明专利申请数中位数,件,1,12/9/2025 10:40:57,16/9/2025 10:02:38,2022
7437,35,卫生和社会工作,年度PCT发明专利申请数合计,件,2,12/9/2025 10:40:57,16/9/2025 10:02:39,2022
7438,35,卫生和社会工作,年度PCT发明专利申请数均值,件,1,12/9/2025 10:40:58,16/9/2025 10:02:39,2022
7439,35,卫生和社会工作,年度PCT发明专利申请数最大值,件,1,12/9/2025 10:40:58,16/9/2025 10:02:39,2022
7440,35,卫生和社会工作,年度PCT发明专利申请数最小值,件,1,12/9/2025 10:40:58,16/9/2025 10:02:39,2022
7441,35,卫生和社会工作,年度PCT发明专利申请数中位数,件,1,12/9/2025 10:40:58,16/9/2025 10:02:39,2022
7442,36,造纸和纸制品业,年度PCT发明专利申请数合计,件,1,12/9/2025 10:40:58,16/9/2025 10:02:39,2022
7443,36,造纸和纸制品业,年度PCT发明专利申请数均值,件,1,12/9/2025 10:40:58,16/9/2025 10:02:39,2022
7444,36,造纸和纸制品业,年度PCT发明专利申请数最大值,件,1,12/9/2025 10:40:58,16/9/2025 10:02:39,2022
7445,36,造纸和纸制品业,年度PCT发明专利申请数最小值,件,1,12/9/2025 10:40:58,16/9/2025 10:02:39,2022
7446,36,造纸和纸制品业,年度PCT发明专利申请数中位数,件,1,12/9/2025 10:40:59,16/9/2025 10:02:39,2022
7447,37,住宿和餐饮业,年度PCT发明专利申请数合计,件,0,12/9/2025 10:40:59,16/9/2025 10:02:40,2022
7448,37,住宿和餐饮业,年度PCT发明专利申请数均值,件,0,12/9/2025 10:40:59,16/9/2025 10:02:40,2022
7449,37,住宿和餐饮业,年度PCT发明专利申请数最大值,件,0,12/9/2025 10:40:59,16/9/2025 10:02:40,2022
7450,37,住宿和餐饮业,年度PCT发明专利申请数最小值,件,0,12/9/2025 10:40:59,16/9/2025 10:02:40,2022
7451,37,住宿和餐饮业,年度PCT发明专利申请数中位数,件,0,12/9/2025 10:40:59,16/9/2025 10:02:40,2022
7452,38,家具制造业,年度PCT发明专利申请数合计,件,27,12/9/2025 10:40:59,16/9/2025 10:02:40,2022
7453,38,家具制造业,年度PCT发明专利申请数均值,件,5.4,12/9/2025 10:40:59,16/9/2025 10:02:40,2022
7454,38,家具制造业,年度PCT发明专利申请数最大值,件,20,12/9/2025 10:40:59,16/9/2025 10:02:40,2022
7455,38,家具制造业,年度PCT发明专利申请数最小值,件,1,12/9/2025 10:40:59,16/9/2025 10:02:40,2022
7456,38,家具制造业,年度PCT发明专利申请数中位数,件,2,12/9/2025 10:40:59,16/9/2025 10:02:40,2022
7457,39,印刷和记录媒介复制业,年度PCT发明专利申请数合计,件,0,12/9/2025 10:41:00,16/9/2025 10:02:40,2022
7458,39,印刷和记录媒介复制业,年度PCT发明专利申请数均值,件,0,12/9/2025 10:41:00,16/9/2025 10:02:40,2022
7459,39,印刷和记录媒介复制业,年度PCT发明专利申请数最大值,件,0,12/9/2025 10:41:00,16/9/2025 10:02:41,2022
7460,39,印刷和记录媒介复制业,年度PCT发明专利申请数最小值,件,0,12/9/2025 10:41:00,16/9/2025 10:02:41,2022
7461,39,印刷和记录媒介复制业,年度PCT发明专利申请数中位数,件,0,12/9/2025 10:41:00,16/9/2025 10:02:41,2022
7462,41,文教、工美、体育和娱乐用品制造业,年度PCT发明专利申请数合计,件,19,12/9/2025 10:41:00,16/9/2025 10:02:41,2022
7463,41,文教、工美、体育和娱乐用品制造业,年度PCT发明专利申请数均值,件,6.33333333333333,12/9/2025 10:41:00,16/9/2025 10:02:41,2022
7464,41,文教、工美、体育和娱乐用品制造业,年度PCT发明专利申请数最大值,件,16,12/9/2025 10:41:00,16/9/2025 10:02:41,2022
7465,41,文教、工美、体育和娱乐用品制造业,年度PCT发明专利申请数最小值,件,1,12/9/2025 10:41:00,16/9/2025 10:02:41,2022
7466,41,文教、工美、体育和娱乐用品制造业,年度PCT发明专利申请数中位数,件,2,12/9/2025 10:41:00,16/9/2025 10:02:41,2022
7472,43,化学纤维制造业,年度PCT发明专利申请数合计,件,26,12/9/2025 10:41:01,16/9/2025 10:02:42,2022
7473,43,化学纤维制造业,年度PCT发明专利申请数均值,件,5.2,12/9/2025 10:41:01,16/9/2025 10:02:42,2022
7474,43,化学纤维制造业,年度PCT发明专利申请数最大值,件,19,12/9/2025 10:41:01,16/9/2025 10:02:42,2022
7475,43,化学纤维制造业,年度PCT发明专利申请数最小值,件,1,12/9/2025 10:41:01,16/9/2025 10:02:42,2022
7476,43,化学纤维制造业,年度PCT发明专利申请数中位数,件,2,12/9/2025 10:41:01,16/9/2025 10:02:42,2022
7482,45,石油加工、炼焦和核燃料加工业,年度PCT发明专利申请数合计,件,0,12/9/2025 10:41:03,16/9/2025 10:02:43,2022
7483,45,石油加工、炼焦和核燃料加工业,年度PCT发明专利申请数均值,件,0,12/9/2025 10:41:03,16/9/2025 10:02:43,2022
7484,45,石油加工、炼焦和核燃料加工业,年度PCT发明专利申请数最大值,件,0,12/9/2025 10:41:03,16/9/2025 10:02:43,2022
7485,45,石油加工、炼焦和核燃料加工业,年度PCT发明专利申请数最小值,件,0,12/9/2025 10:41:03,16/9/2025 10:02:43,2022
7486,45,石油加工、炼焦和核燃料加工业,年度PCT发明专利申请数中位数,件,0,12/9/2025 10:41:03,16/9/2025 10:02:43,2022
7487,46,废弃资源综合利用业,年度PCT发明专利申请数合计,件,22,12/9/2025 10:41:03,16/9/2025 10:02:44,2022
7488,46,废弃资源综合利用业,年度PCT发明专利申请数均值,件,11,12/9/2025 10:41:03,16/9/2025 10:02:44,2022
7489,46,废弃资源综合利用业,年度PCT发明专利申请数最大值,件,20,12/9/2025 10:41:03,16/9/2025 10:02:44,2022
7490,46,废弃资源综合利用业,年度PCT发明专利申请数最小值,件,2,12/9/2025 10:41:03,16/9/2025 10:02:44,2022
7491,46,废弃资源综合利用业,年度PCT发明专利申请数中位数,件,11,12/9/2025 10:41:03,16/9/2025 10:02:44,2022
7492,47,木材加工和木、竹、藤、棕、草制品业,年度PCT发明专利申请数合计,件,0,12/9/2025 10:41:04,16/9/2025 10:02:44,2022
7493,47,木材加工和木、竹、藤、棕、草制品业,年度PCT发明专利申请数均值,件,0,12/9/2025 10:41:04,16/9/2025 10:02:44,2022
7494,47,木材加工和木、竹、藤、棕、草制品业,年度PCT发明专利申请数最大值,件,0,12/9/2025 10:41:04,16/9/2025 10:02:44,2022
7495,47,木材加工和木、竹、藤、棕、草制品业,年度PCT发明专利申请数最小值,件,0,12/9/2025 10:41:04,16/9/2025 10:02:45,2022
7496,47,木材加工和木、竹、藤、棕、草制品业,年度PCT发明专利申请数中位数,件,0,12/9/2025 10:41:04,16/9/2025 10:02:45,2022
7497,48,居民服务、修理和其他服务业,年度PCT发明专利申请数合计,件,0,12/9/2025 10:41:04,16/9/2025 10:02:45,2022
7498,48,居民服务、修理和其他服务业,年度PCT发明专利申请数均值,件,0,12/9/2025 10:41:04,16/9/2025 10:02:45,2022
7499,48,居民服务、修理和其他服务业,年度PCT发明专利申请数最大值,件,0,12/9/2025 10:41:04,16/9/2025 10:02:45,2022
7500,48,居民服务、修理和其他服务业,年度PCT发明专利申请数最小值,件,0,12/9/2025 10:41:04,16/9/2025 10:02:45,2022
7501,48,居民服务、修理和其他服务业,年度PCT发明专利申请数中位数,件,0,12/9/2025 10:41:04,16/9/2025 10:02:45,2022
7502,0,全行业,年度PCT发明专利申请数合计,件,26980,12/9/2025 10:41:05,5/11/2025 08:56:03,2022
7503,0,全行业,年度PCT发明专利申请数均值,件,31.2993039443155,12/9/2025 10:41:05,5/11/2025 08:56:03,2022
7504,0,全行业,年度PCT发明专利申请数最大值,件,5094,12/9/2025 10:41:05,5/11/2025 08:56:03,2022
7505,0,全行业,年度PCT发明专利申请数最小值,件,1,12/9/2025 10:41:05,5/11/2025 08:56:03,2022
7506,0,全行业,年度PCT发明专利申请数中位数,件,3,12/9/2025 10:41:05,5/11/2025 08:56:03,2022
7507,1,医药制造业,年度中国专利授权数合计,件,9468,12/9/2025 10:41:05,16/9/2025 10:02:46,2022
7508,1,医药制造业,年度中国专利授权数均值,件,25.7282608695652,12/9/2025 10:41:05,16/9/2025 10:02:46,2022
7509,1,医药制造业,年度中国专利授权数最大值,件,337,12/9/2025 10:41:05,16/9/2025 10:02:46,2022
7510,1,医药制造业,年度中国专利授权数最小值,件,1,12/9/2025 10:41:05,16/9/2025 10:02:46,2022
7511,1,医药制造业,年度中国专利授权数中位数,件,12,12/9/2025 10:41:06,16/9/2025 10:02:46,2022
7512,2,化学原料和化学制品制造业,年度中国专利授权数合计,件,13059,12/9/2025 10:41:06,16/9/2025 10:02:47,2022
7513,2,化学原料和化学制品制造业,年度中国专利授权数均值,件,38.9820895522388,12/9/2025 10:41:06,16/9/2025 10:02:47,2022
7514,2,化学原料和化学制品制造业,年度中国专利授权数最大值,件,1365,12/9/2025 10:41:06,16/9/2025 10:02:47,2022
7515,2,化学原料和化学制品制造业,年度中国专利授权数最小值,件,1,12/9/2025 10:41:06,16/9/2025 10:02:47,2022
7516,2,化学原料和化学制品制造业,年度中国专利授权数中位数,件,19,12/9/2025 10:41:06,16/9/2025 10:02:47,2022
7517,3,信息传输、软件和信息技术服务业,年度中国专利授权数合计,件,42455,12/9/2025 10:41:07,16/9/2025 10:02:47,2022
7518,3,信息传输、软件和信息技术服务业,年度中国专利授权数均值,件,91.3010752688172,12/9/2025 10:41:07,16/9/2025 10:02:47,2022
7519,3,信息传输、软件和信息技术服务业,年度中国专利授权数最大值,件,4513,12/9/2025 10:41:07,16/9/2025 10:02:47,2022
7520,3,信息传输、软件和信息技术服务业,年度中国专利授权数最小值,件,1,12/9/2025 10:41:07,16/9/2025 10:02:47,2022
7521,3,信息传输、软件和信息技术服务业,年度中国专利授权数中位数,件,13,12/9/2025 10:41:07,16/9/2025 10:02:47,2022
7522,4,房地产业,年度中国专利授权数合计,件,3637,12/9/2025 10:41:07,16/9/2025 10:02:48,2022
7523,4,房地产业,年度中国专利授权数均值,件,53.4852941176471,12/9/2025 10:41:07,16/9/2025 10:02:48,2022
7524,4,房地产业,年度中国专利授权数最大值,件,863,12/9/2025 10:41:08,16/9/2025 10:02:48,2022
7525,4,房地产业,年度中国专利授权数最小值,件,1,12/9/2025 10:41:08,16/9/2025 10:02:48,2022
7526,4,房地产业,年度中国专利授权数中位数,件,16,12/9/2025 10:41:08,16/9/2025 10:02:48,2022
7527,5,专用设备制造业,年度中国专利授权数合计,件,43121,12/9/2025 10:41:08,16/9/2025 10:02:49,2022
7528,5,专用设备制造业,年度中国专利授权数均值,件,103.906024096386,12/9/2025 10:41:08,16/9/2025 10:02:49,2022
7529,5,专用设备制造业,年度中国专利授权数最大值,件,1835,12/9/2025 10:41:08,16/9/2025 10:02:49,2022
7530,5,专用设备制造业,年度中国专利授权数最小值,件,1,12/9/2025 10:41:09,16/9/2025 10:02:49,2022
7531,5,专用设备制造业,年度中国专利授权数中位数,件,43,12/9/2025 10:41:09,16/9/2025 10:02:49,2022
7532,6,消费电子及电气业,年度中国专利授权数合计,件,127953,12/9/2025 10:41:09,16/9/2025 10:02:49,2022
7533,6,消费电子及电气业,年度中国专利授权数均值,件,399.853125,12/9/2025 10:41:09,16/9/2025 10:02:49,2022
7534,6,消费电子及电气业,年度中国专利授权数最大值,件,15888,12/9/2025 10:41:09,16/9/2025 10:02:49,2022
7535,6,消费电子及电气业,年度中国专利授权数最小值,件,1,12/9/2025 10:41:10,16/9/2025 10:02:49,2022
7536,6,消费电子及电气业,年度中国专利授权数中位数,件,52.5,12/9/2025 10:41:10,16/9/2025 10:02:49,2022
7537,7,金融业,年度中国专利授权数合计,件,7035,12/9/2025 10:41:10,16/9/2025 10:02:50,2022
7538,7,金融业,年度中国专利授权数均值,件,68.3009708737864,12/9/2025 10:41:10,16/9/2025 10:02:50,2022
7539,7,金融业,年度中国专利授权数最大值,件,1085,12/9/2025 10:41:10,16/9/2025 10:02:50,2022
7540,7,金融业,年度中国专利授权数最小值,件,1,12/9/2025 10:41:10,16/9/2025 10:02:50,2022
7541,7,金融业,年度中国专利授权数中位数,件,9,12/9/2025 10:41:11,16/9/2025 10:02:50,2022
7542,8,商业电气机械和器材制造业,年度中国专利授权数合计,件,33441,12/9/2025 10:41:11,16/9/2025 10:02:50,2022
7543,8,商业电气机械和器材制造业,年度中国专利授权数均值,件,113.359322033898,12/9/2025 10:41:11,16/9/2025 10:02:50,2022
7544,8,商业电气机械和器材制造业,年度中国专利授权数最大值,件,1893,12/9/2025 10:41:11,16/9/2025 10:02:50,2022
7545,8,商业电气机械和器材制造业,年度中国专利授权数最小值,件,1,12/9/2025 10:41:11,16/9/2025 10:02:50,2022
7546,8,商业电气机械和器材制造业,年度中国专利授权数中位数,件,41,12/9/2025 10:41:11,16/9/2025 10:02:50,2022
7547,9,批发和零售业,年度中国专利授权数合计,件,3511,12/9/2025 10:41:12,16/9/2025 10:02:51,2022
7548,9,批发和零售业,年度中国专利授权数均值,件,30.008547008547,12/9/2025 10:41:12,16/9/2025 10:02:51,2022
7549,9,批发和零售业,年度中国专利授权数最大值,件,363,12/9/2025 10:41:12,16/9/2025 10:02:51,2022
7550,9,批发和零售业,年度中国专利授权数最小值,件,1,12/9/2025 10:41:12,16/9/2025 10:02:51,2022
7551,9,批发和零售业,年度中国专利授权数中位数,件,10,12/9/2025 10:41:12,16/9/2025 10:02:51,2022
7552,10,食品饮料业,年度中国专利授权数合计,件,7095,12/9/2025 10:41:12,16/9/2025 10:02:51,2022
7553,10,食品饮料业,年度中国专利授权数均值,件,36.1989795918367,12/9/2025 10:41:12,16/9/2025 10:02:51,2022
7554,10,食品饮料业,年度中国专利授权数最大值,件,478,12/9/2025 10:41:12,16/9/2025 10:02:51,2022
7555,10,食品饮料业,年度中国专利授权数最小值,件,1,12/9/2025 10:41:12,16/9/2025 10:02:51,2022
7556,10,食品饮料业,年度中国专利授权数中位数,件,15.5,12/9/2025 10:41:12,16/9/2025 10:02:51,2022
7562,12,汽车制造业,年度中国专利授权数合计,件,49721,12/9/2025 10:41:13,16/9/2025 10:02:52,2022
7563,12,汽车制造业,年度中国专利授权数均值,件,226.004545454545,12/9/2025 10:41:13,16/9/2025 10:02:52,2022
7564,12,汽车制造业,年度中国专利授权数最大值,件,3707,12/9/2025 10:41:13,16/9/2025 10:02:52,2022
7565,12,汽车制造业,年度中国专利授权数最小值,件,1,12/9/2025 10:41:13,16/9/2025 10:02:52,2022
7566,12,汽车制造业,年度中国专利授权数中位数,件,41,12/9/2025 10:41:13,16/9/2025 10:02:52,2022
7567,13,电力、热力、燃气及水生产和供应业,年度中国专利授权数合计,件,12308,12/9/2025 10:41:13,16/9/2025 10:02:52,2022
7568,13,电力、热力、燃气及水生产和供应业,年度中国专利授权数均值,件,92.5413533834586,12/9/2025 10:41:13,16/9/2025 10:02:52,2022
7569,13,电力、热力、燃气及水生产和供应业,年度中国专利授权数最大值,件,899,12/9/2025 10:41:14,16/9/2025 10:02:53,2022
7570,13,电力、热力、燃气及水生产和供应业,年度中国专利授权数最小值,件,1,12/9/2025 10:41:14,16/9/2025 10:02:53,2022
7571,13,电力、热力、燃气及水生产和供应业,年度中国专利授权数中位数,件,22,12/9/2025 10:41:14,16/9/2025 10:02:53,2022
7572,14,采矿业,年度中国专利授权数合计,件,26846,12/9/2025 10:41:14,16/9/2025 10:02:53,2022
7573,14,采矿业,年度中国专利授权数均值,件,291.804347826087,12/9/2025 10:41:14,16/9/2025 10:02:53,2022
7574,14,采矿业,年度中国专利授权数最大值,件,5773,12/9/2025 10:41:14,16/9/2025 10:02:53,2022
7575,14,采矿业,年度中国专利授权数最小值,件,1,12/9/2025 10:41:14,16/9/2025 10:02:53,2022
7576,14,采矿业,年度中国专利授权数中位数,件,38,12/9/2025 10:41:14,16/9/2025 10:02:53,2022
7577,15,纺织鞋服业,年度中国专利授权数合计,件,4534,12/9/2025 10:41:15,16/9/2025 10:02:54,2022
7578,15,纺织鞋服业,年度中国专利授权数均值,件,38.1008403361345,12/9/2025 10:41:15,16/9/2025 10:02:54,2022
7579,15,纺织鞋服业,年度中国专利授权数最大值,件,380,12/9/2025 10:41:15,16/9/2025 10:02:54,2022
7580,15,纺织鞋服业,年度中国专利授权数最小值,件,1,12/9/2025 10:41:15,16/9/2025 10:02:54,2022
7581,15,纺织鞋服业,年度中国专利授权数中位数,件,19,12/9/2025 10:41:15,16/9/2025 10:02:54,2022
7582,16,建筑业,年度中国专利授权数合计,件,39742,12/9/2025 10:41:16,16/9/2025 10:02:54,2022
7583,16,建筑业,年度中国专利授权数均值,件,339.675213675214,12/9/2025 10:41:16,16/9/2025 10:02:55,2022
7584,16,建筑业,年度中国专利授权数最大值,件,8047,12/9/2025 10:41:16,16/9/2025 10:02:55,2022
7585,16,建筑业,年度中国专利授权数最小值,件,1,12/9/2025 10:41:16,16/9/2025 10:02:55,2022
7586,16,建筑业,年度中国专利授权数中位数,件,33,12/9/2025 10:41:16,16/9/2025 10:02:55,2022
7587,17,交通运输、仓储和邮政业,年度中国专利授权数合计,件,2596,12/9/2025 10:41:16,16/9/2025 10:02:55,2022
7588,17,交通运输、仓储和邮政业,年度中国专利授权数均值,件,26.2222222222222,12/9/2025 10:41:16,16/9/2025 10:02:55,2022
7589,17,交通运输、仓储和邮政业,年度中国专利授权数最大值,件,231,12/9/2025 10:41:16,16/9/2025 10:02:55,2022
7590,17,交通运输、仓储和邮政业,年度中国专利授权数最小值,件,1,12/9/2025 10:41:16,16/9/2025 10:02:55,2022
7591,17,交通运输、仓储和邮政业,年度中国专利授权数中位数,件,8,12/9/2025 10:41:17,16/9/2025 10:02:55,2022
7592,18,通用设备制造业,年度中国专利授权数合计,件,14161,12/9/2025 10:41:17,16/9/2025 10:02:56,2022
7593,18,通用设备制造业,年度中国专利授权数均值,件,68.7427184466019,12/9/2025 10:41:17,16/9/2025 10:02:56,2022
7594,18,通用设备制造业,年度中国专利授权数最大值,件,846,12/9/2025 10:41:17,16/9/2025 10:02:56,2022
7595,18,通用设备制造业,年度中国专利授权数最小值,件,2,12/9/2025 10:41:17,16/9/2025 10:02:56,2022
7596,18,通用设备制造业,年度中国专利授权数中位数,件,36.5,12/9/2025 10:41:17,16/9/2025 10:02:56,2022
7597,19,半导体业,年度中国专利授权数合计,件,10113,12/9/2025 10:41:18,16/9/2025 10:02:57,2022
7598,19,半导体业,年度中国专利授权数均值,件,64.8269230769231,12/9/2025 10:41:18,16/9/2025 10:02:57,2022
7599,19,半导体业,年度中国专利授权数最大值,件,781,12/9/2025 10:41:18,16/9/2025 10:02:57,2022
7600,19,半导体业,年度中国专利授权数最小值,件,1,12/9/2025 10:41:18,16/9/2025 10:02:57,2022
7601,19,半导体业,年度中国专利授权数中位数,件,31.5,12/9/2025 10:41:18,16/9/2025 10:02:57,2022
7602,20,租赁和商务服务业,年度中国专利授权数合计,件,450,12/9/2025 10:41:18,16/9/2025 10:02:57,2022
7603,20,租赁和商务服务业,年度中国专利授权数均值,件,12.5,12/9/2025 10:41:18,16/9/2025 10:02:57,2022
7604,20,租赁和商务服务业,年度中国专利授权数最大值,件,53,12/9/2025 10:41:18,16/9/2025 10:02:57,2022
7605,20,租赁和商务服务业,年度中国专利授权数最小值,件,1,12/9/2025 10:41:18,16/9/2025 10:02:57,2022
7606,20,租赁和商务服务业,年度中国专利授权数中位数,件,6.5,12/9/2025 10:41:18,16/9/2025 10:02:57,2022
7607,21,通信传输设备业,年度中国专利授权数合计,件,20739,12/9/2025 10:41:19,16/9/2025 10:02:57,2022
7608,21,通信传输设备业,年度中国专利授权数均值,件,185.169642857143,12/9/2025 10:41:19,16/9/2025 10:02:57,2022
7609,21,通信传输设备业,年度中国专利授权数最大值,件,7068,12/9/2025 10:41:19,16/9/2025 10:02:57,2022
7610,21,通信传输设备业,年度中国专利授权数最小值,件,1,12/9/2025 10:41:19,16/9/2025 10:02:57,2022
7611,21,通信传输设备业,年度中国专利授权数中位数,件,36.5,12/9/2025 10:41:19,16/9/2025 10:02:57,2022
7612,22,非金属矿物制品业,年度中国专利授权数合计,件,10807,12/9/2025 10:41:19,16/9/2025 10:02:58,2022
7613,22,非金属矿物制品业,年度中国专利授权数均值,件,101,12/9/2025 10:41:19,16/9/2025 10:02:58,2022
7614,22,非金属矿物制品业,年度中国专利授权数最大值,件,1618,12/9/2025 10:41:19,16/9/2025 10:02:58,2022
7615,22,非金属矿物制品业,年度中国专利授权数最小值,件,1,12/9/2025 10:41:19,16/9/2025 10:02:58,2022
7616,22,非金属矿物制品业,年度中国专利授权数中位数,件,29,12/9/2025 10:41:19,16/9/2025 10:02:58,2022
7617,23,橡胶和塑料制品业,年度中国专利授权数合计,件,5055,12/9/2025 10:41:19,16/9/2025 10:02:58,2022
7618,23,橡胶和塑料制品业,年度中国专利授权数均值,件,49.0776699029126,12/9/2025 10:41:20,16/9/2025 10:02:58,2022
7619,23,橡胶和塑料制品业,年度中国专利授权数最大值,件,600,12/9/2025 10:41:20,16/9/2025 10:02:58,2022
7620,23,橡胶和塑料制品业,年度中国专利授权数最小值,件,1,12/9/2025 10:41:20,16/9/2025 10:02:58,2022
7621,23,橡胶和塑料制品业,年度中国专利授权数中位数,件,22,12/9/2025 10:41:20,16/9/2025 10:02:58,2022
7622,24,综合,年度中国专利授权数合计,件,550,12/9/2025 10:41:20,16/9/2025 10:02:59,2022
7623,24,综合,年度中国专利授权数均值,件,61.1111111111111,12/9/2025 10:41:20,16/9/2025 10:02:59,2022
7624,24,综合,年度中国专利授权数最大值,件,181,12/9/2025 10:41:20,16/9/2025 10:02:59,2022
7625,24,综合,年度中国专利授权数最小值,件,2,12/9/2025 10:41:20,16/9/2025 10:02:59,2022
7626,24,综合,年度中国专利授权数中位数,件,36,12/9/2025 10:41:20,16/9/2025 10:02:59,2022
7627,25,其他制造业,年度中国专利授权数合计,件,1968,12/9/2025 10:41:21,16/9/2025 10:02:59,2022
7628,25,其他制造业,年度中国专利授权数均值,件,49.2,12/9/2025 10:41:21,16/9/2025 10:03:00,2022
7629,25,其他制造业,年度中国专利授权数最大值,件,299,12/9/2025 10:41:21,16/9/2025 10:03:00,2022
7630,25,其他制造业,年度中国专利授权数最小值,件,1,12/9/2025 10:41:21,16/9/2025 10:03:00,2022
7631,25,其他制造业,年度中国专利授权数中位数,件,24.5,12/9/2025 10:41:21,16/9/2025 10:03:00,2022
7632,26,金属制品业,年度中国专利授权数合计,件,6595,12/9/2025 10:41:21,16/9/2025 10:03:00,2022
7633,26,金属制品业,年度中国专利授权数均值,件,64.656862745098,12/9/2025 10:41:21,16/9/2025 10:03:00,2022
7634,26,金属制品业,年度中国专利授权数最大值,件,837,12/9/2025 10:41:21,16/9/2025 10:03:00,2022
7635,26,金属制品业,年度中国专利授权数最小值,件,1,12/9/2025 10:41:21,16/9/2025 10:03:00,2022
7636,26,金属制品业,年度中国专利授权数中位数,件,25.5,12/9/2025 10:41:21,16/9/2025 10:03:00,2022
7637,27,铁路、船舶、航空航天和其他运输设备制造业,年度中国专利授权数合计,件,20516,12/9/2025 10:41:22,16/9/2025 10:03:01,2022
7638,27,铁路、船舶、航空航天和其他运输设备制造业,年度中国专利授权数均值,件,218.255319148936,12/9/2025 10:41:22,16/9/2025 10:03:01,2022
7639,27,铁路、船舶、航空航天和其他运输设备制造业,年度中国专利授权数最大值,件,4249,12/9/2025 10:41:22,16/9/2025 10:03:01,2022
7640,27,铁路、船舶、航空航天和其他运输设备制造业,年度中国专利授权数最小值,件,2,12/9/2025 10:41:22,16/9/2025 10:03:01,2022
7641,27,铁路、船舶、航空航天和其他运输设备制造业,年度中国专利授权数中位数,件,49,12/9/2025 10:41:22,16/9/2025 10:03:01,2022
7642,28,水利、环境和公共设施管理业,年度中国专利授权数合计,件,3376,12/9/2025 10:41:22,16/9/2025 10:03:01,2022
7643,28,水利、环境和公共设施管理业,年度中国专利授权数均值,件,38.3636363636364,12/9/2025 10:41:22,16/9/2025 10:03:01,2022
7644,28,水利、环境和公共设施管理业,年度中国专利授权数最大值,件,202,12/9/2025 10:41:22,16/9/2025 10:03:01,2022
7645,28,水利、环境和公共设施管理业,年度中国专利授权数最小值,件,1,12/9/2025 10:41:23,16/9/2025 10:03:01,2022
7646,28,水利、环境和公共设施管理业,年度中国专利授权数中位数,件,24.5,12/9/2025 10:41:23,16/9/2025 10:03:01,2022
7647,29,金属冶炼和压延加工业,年度中国专利授权数合计,件,14377,12/9/2025 10:41:23,16/9/2025 10:03:02,2022
7648,29,金属冶炼和压延加工业,年度中国专利授权数均值,件,110.592307692308,12/9/2025 10:41:23,16/9/2025 10:03:02,2022
7649,29,金属冶炼和压延加工业,年度中国专利授权数最大值,件,1036,12/9/2025 10:41:23,16/9/2025 10:03:02,2022
7650,29,金属冶炼和压延加工业,年度中国专利授权数最小值,件,1,12/9/2025 10:41:23,16/9/2025 10:03:02,2022
7651,29,金属冶炼和压延加工业,年度中国专利授权数中位数,件,41.5,12/9/2025 10:41:23,16/9/2025 10:03:02,2022
7652,30,科学研究和技术服务业,年度中国专利授权数合计,件,7048,12/9/2025 10:41:23,16/9/2025 10:03:02,2022
7653,30,科学研究和技术服务业,年度中国专利授权数均值,件,58.7333333333333,12/9/2025 10:41:23,16/9/2025 10:03:02,2022
7654,30,科学研究和技术服务业,年度中国专利授权数最大值,件,827,12/9/2025 10:41:23,16/9/2025 10:03:02,2022
7655,30,科学研究和技术服务业,年度中国专利授权数最小值,件,1,12/9/2025 10:41:24,16/9/2025 10:03:02,2022
7656,30,科学研究和技术服务业,年度中国专利授权数中位数,件,20.5,12/9/2025 10:41:24,16/9/2025 10:03:02,2022
7657,31,教育,年度中国专利授权数合计,件,548,12/9/2025 10:41:24,16/9/2025 10:03:03,2022
7658,31,教育,年度中国专利授权数均值,件,42.1538461538462,12/9/2025 10:41:24,16/9/2025 10:03:03,2022
7659,31,教育,年度中国专利授权数最大值,件,140,12/9/2025 10:41:24,16/9/2025 10:03:03,2022
7660,31,教育,年度中国专利授权数最小值,件,2,12/9/2025 10:41:24,16/9/2025 10:03:03,2022
7661,31,教育,年度中国专利授权数中位数,件,16,12/9/2025 10:41:24,16/9/2025 10:03:03,2022
7662,32,仪器仪表制造业,年度中国专利授权数合计,件,4818,12/9/2025 10:41:24,16/9/2025 10:03:03,2022
7663,32,仪器仪表制造业,年度中国专利授权数均值,件,56.0232558139535,12/9/2025 10:41:24,16/9/2025 10:03:03,2022
7664,32,仪器仪表制造业,年度中国专利授权数最大值,件,841,12/9/2025 10:41:24,16/9/2025 10:03:03,2022
7665,32,仪器仪表制造业,年度中国专利授权数最小值,件,2,12/9/2025 10:41:24,16/9/2025 10:03:03,2022
7666,32,仪器仪表制造业,年度中国专利授权数中位数,件,32.5,12/9/2025 10:41:25,16/9/2025 10:03:03,2022
7667,33,文化、体育和娱乐业,年度中国专利授权数合计,件,620,12/9/2025 10:41:25,16/9/2025 10:03:04,2022
7668,33,文化、体育和娱乐业,年度中国专利授权数均值,件,16.7567567567568,12/9/2025 10:41:25,16/9/2025 10:03:04,2022
7669,33,文化、体育和娱乐业,年度中国专利授权数最大值,件,139,12/9/2025 10:41:25,16/9/2025 10:03:04,2022
7670,33,文化、体育和娱乐业,年度中国专利授权数最小值,件,1,12/9/2025 10:41:25,16/9/2025 10:03:04,2022
7671,33,文化、体育和娱乐业,年度中国专利授权数中位数,件,8,12/9/2025 10:41:25,16/9/2025 10:03:04,2022
7672,34,农、林、牧、渔业,年度中国专利授权数合计,件,1268,12/9/2025 10:41:25,16/9/2025 10:03:04,2022
7673,34,农、林、牧、渔业,年度中国专利授权数均值,件,30.9268292682927,12/9/2025 10:41:25,16/9/2025 10:03:04,2022
7674,34,农、林、牧、渔业,年度中国专利授权数最大值,件,569,12/9/2025 10:41:25,16/9/2025 10:03:04,2022
7675,34,农、林、牧、渔业,年度中国专利授权数最小值,件,1,12/9/2025 10:41:25,16/9/2025 10:03:04,2022
7676,34,农、林、牧、渔业,年度中国专利授权数中位数,件,9,12/9/2025 10:41:25,16/9/2025 10:03:04,2022
7677,35,卫生和社会工作,年度中国专利授权数合计,件,1044,12/9/2025 10:41:26,16/9/2025 10:03:05,2022
7678,35,卫生和社会工作,年度中国专利授权数均值,件,74.5714285714286,12/9/2025 10:41:26,16/9/2025 10:03:05,2022
7679,35,卫生和社会工作,年度中国专利授权数最大值,件,484,12/9/2025 10:41:26,16/9/2025 10:03:05,2022
7680,35,卫生和社会工作,年度中国专利授权数最小值,件,2,12/9/2025 10:41:26,16/9/2025 10:03:05,2022
7681,35,卫生和社会工作,年度中国专利授权数中位数,件,19.5,12/9/2025 10:41:26,16/9/2025 10:03:05,2022
7682,36,造纸和纸制品业,年度中国专利授权数合计,件,1749,12/9/2025 10:41:26,16/9/2025 10:03:05,2022
7683,36,造纸和纸制品业,年度中国专利授权数均值,件,38.8666666666667,12/9/2025 10:41:26,16/9/2025 10:03:06,2022
7684,36,造纸和纸制品业,年度中国专利授权数最大值,件,246,12/9/2025 10:41:26,16/9/2025 10:03:06,2022
7685,36,造纸和纸制品业,年度中国专利授权数最小值,件,2,12/9/2025 10:41:26,16/9/2025 10:03:06,2022
7686,36,造纸和纸制品业,年度中国专利授权数中位数,件,24,12/9/2025 10:41:26,16/9/2025 10:03:06,2022
7687,37,住宿和餐饮业,年度中国专利授权数合计,件,38,12/9/2025 10:41:27,16/9/2025 10:03:06,2022
7688,37,住宿和餐饮业,年度中国专利授权数均值,件,12.6666666666667,12/9/2025 10:41:27,16/9/2025 10:03:06,2022
7689,37,住宿和餐饮业,年度中国专利授权数最大值,件,31,12/9/2025 10:41:27,16/9/2025 10:03:06,2022
7690,37,住宿和餐饮业,年度中国专利授权数最小值,件,1,12/9/2025 10:41:27,16/9/2025 10:03:06,2022
7691,37,住宿和餐饮业,年度中国专利授权数中位数,件,6,12/9/2025 10:41:27,16/9/2025 10:03:06,2022
7692,38,家具制造业,年度中国专利授权数合计,件,4528,12/9/2025 10:41:27,16/9/2025 10:03:06,2022
7693,38,家具制造业,年度中国专利授权数均值,件,129.371428571429,12/9/2025 10:41:27,16/9/2025 10:03:06,2022
7694,38,家具制造业,年度中国专利授权数最大值,件,640,12/9/2025 10:41:28,16/9/2025 10:03:07,2022
7695,38,家具制造业,年度中国专利授权数最小值,件,1,12/9/2025 10:41:28,16/9/2025 10:03:07,2022
7696,38,家具制造业,年度中国专利授权数中位数,件,87,12/9/2025 10:41:28,16/9/2025 10:03:07,2022
7697,39,印刷和记录媒介复制业,年度中国专利授权数合计,件,468,12/9/2025 10:41:28,16/9/2025 10:03:07,2022
7698,39,印刷和记录媒介复制业,年度中国专利授权数均值,件,21.2727272727273,12/9/2025 10:41:28,16/9/2025 10:03:07,2022
7699,39,印刷和记录媒介复制业,年度中国专利授权数最大值,件,66,12/9/2025 10:41:28,16/9/2025 10:03:07,2022
7700,39,印刷和记录媒介复制业,年度中国专利授权数最小值,件,1,12/9/2025 10:41:28,16/9/2025 10:03:07,2022
7701,39,印刷和记录媒介复制业,年度中国专利授权数中位数,件,20,12/9/2025 10:41:28,16/9/2025 10:03:07,2022
7702,41,文教、工美、体育和娱乐用品制造业,年度中国专利授权数合计,件,3066,12/9/2025 10:41:29,16/9/2025 10:03:08,2022
7703,41,文教、工美、体育和娱乐用品制造业,年度中国专利授权数均值,件,117.923076923077,12/9/2025 10:41:29,16/9/2025 10:03:08,2022
7704,41,文教、工美、体育和娱乐用品制造业,年度中国专利授权数最大值,件,1042,12/9/2025 10:41:29,16/9/2025 10:03:08,2022
7705,41,文教、工美、体育和娱乐用品制造业,年度中国专利授权数最小值,件,1,12/9/2025 10:41:29,16/9/2025 10:03:08,2022
7706,41,文教、工美、体育和娱乐用品制造业,年度中国专利授权数中位数,件,27,12/9/2025 10:41:29,16/9/2025 10:03:08,2022
7712,43,化学纤维制造业,年度中国专利授权数合计,件,1507,12/9/2025 10:41:30,16/9/2025 10:03:08,2022
7713,43,化学纤维制造业,年度中国专利授权数均值,件,48.6129032258064,12/9/2025 10:41:30,16/9/2025 10:03:08,2022
7714,43,化学纤维制造业,年度中国专利授权数最大值,件,243,12/9/2025 10:41:30,16/9/2025 10:03:08,2022
7715,43,化学纤维制造业,年度中国专利授权数最小值,件,1,12/9/2025 10:41:30,16/9/2025 10:03:09,2022
7716,43,化学纤维制造业,年度中国专利授权数中位数,件,20,12/9/2025 10:41:30,16/9/2025 10:03:09,2022
7722,45,石油加工、炼焦和核燃料加工业,年度中国专利授权数合计,件,431,12/9/2025 10:41:31,16/9/2025 10:03:09,2022
7723,45,石油加工、炼焦和核燃料加工业,年度中国专利授权数均值,件,26.9375,12/9/2025 10:41:31,16/9/2025 10:03:10,2022
7724,45,石油加工、炼焦和核燃料加工业,年度中国专利授权数最大值,件,119,12/9/2025 10:41:31,16/9/2025 10:03:10,2022
7725,45,石油加工、炼焦和核燃料加工业,年度中国专利授权数最小值,件,3,12/9/2025 10:41:31,16/9/2025 10:03:10,2022
7726,45,石油加工、炼焦和核燃料加工业,年度中国专利授权数中位数,件,18.5,12/9/2025 10:41:31,16/9/2025 10:03:10,2022
7727,46,废弃资源综合利用业,年度中国专利授权数合计,件,963,12/9/2025 10:41:31,16/9/2025 10:03:10,2022
7728,46,废弃资源综合利用业,年度中国专利授权数均值,件,48.15,12/9/2025 10:41:31,16/9/2025 10:03:10,2022
7729,46,废弃资源综合利用业,年度中国专利授权数最大值,件,250,12/9/2025 10:41:32,16/9/2025 10:03:10,2022
7730,46,废弃资源综合利用业,年度中国专利授权数最小值,件,4,12/9/2025 10:41:32,16/9/2025 10:03:10,2022
7731,46,废弃资源综合利用业,年度中国专利授权数中位数,件,26.5,12/9/2025 10:41:32,16/9/2025 10:03:10,2022
7732,47,木材加工和木、竹、藤、棕、草制品业,年度中国专利授权数合计,件,274,12/9/2025 10:41:32,16/9/2025 10:03:11,2022
7733,47,木材加工和木、竹、藤、棕、草制品业,年度中国专利授权数均值,件,34.25,12/9/2025 10:41:32,16/9/2025 10:03:11,2022
7734,47,木材加工和木、竹、藤、棕、草制品业,年度中国专利授权数最大值,件,85,12/9/2025 10:41:32,16/9/2025 10:03:11,2022
7735,47,木材加工和木、竹、藤、棕、草制品业,年度中国专利授权数最小值,件,2,12/9/2025 10:41:32,16/9/2025 10:03:11,2022
7736,47,木材加工和木、竹、藤、棕、草制品业,年度中国专利授权数中位数,件,25.5,12/9/2025 10:41:32,16/9/2025 10:03:11,2022
7737,48,居民服务、修理和其他服务业,年度中国专利授权数合计,件,0,12/9/2025 10:41:32,16/9/2025 10:03:11,2022
7738,48,居民服务、修理和其他服务业,年度中国专利授权数均值,件,0,12/9/2025 10:41:33,16/9/2025 10:03:11,2022
7739,48,居民服务、修理和其他服务业,年度中国专利授权数最大值,件,0,12/9/2025 10:41:33,16/9/2025 10:03:11,2022
7740,48,居民服务、修理和其他服务业,年度中国专利授权数最小值,件,0,12/9/2025 10:41:33,16/9/2025 10:03:11,2022
7741,48,居民服务、修理和其他服务业,年度中国专利授权数中位数,件,0,12/9/2025 10:41:33,16/9/2025 10:03:11,2022
7742,0,全行业,年度中国专利授权数合计,件,563599,12/9/2025 10:41:33,5/11/2025 08:56:03,2022
7743,0,全行业,年度中国专利授权数均值,件,109.182293684618,12/9/2025 10:41:33,5/11/2025 08:56:03,2022
7744,0,全行业,年度中国专利授权数最大值,件,15888,12/9/2025 10:41:33,5/11/2025 08:56:03,2022
7745,0,全行业,年度中国专利授权数最小值,件,1,12/9/2025 10:41:34,5/11/2025 08:56:03,2022
7746,0,全行业,年度中国专利授权数中位数,件,25,12/9/2025 10:41:34,5/11/2025 08:56:03,2022
7747,1,医药制造业,年度中国发明专利授权数合计,件,3768,12/9/2025 10:41:34,16/9/2025 10:03:12,2022
7748,1,医药制造业,年度中国发明专利授权数均值,件,11.2814371257485,12/9/2025 10:41:34,16/9/2025 10:03:12,2022
7749,1,医药制造业,年度中国发明专利授权数最大值,件,203,12/9/2025 10:41:34,16/9/2025 10:03:12,2022
7750,1,医药制造业,年度中国发明专利授权数最小值,件,1,12/9/2025 10:41:34,16/9/2025 10:03:12,2022
7751,1,医药制造业,年度中国发明专利授权数中位数,件,5,12/9/2025 10:41:34,16/9/2025 10:03:12,2022
7752,2,化学原料和化学制品制造业,年度中国发明专利授权数合计,件,5355,12/9/2025 10:41:34,16/9/2025 10:03:12,2022
7753,2,化学原料和化学制品制造业,年度中国发明专利授权数均值,件,17.6732673267327,12/9/2025 10:41:34,16/9/2025 10:03:12,2022
7754,2,化学原料和化学制品制造业,年度中国发明专利授权数最大值,件,1344,12/9/2025 10:41:34,16/9/2025 10:03:12,2022
7755,2,化学原料和化学制品制造业,年度中国发明专利授权数最小值,件,1,12/9/2025 10:41:35,16/9/2025 10:03:12,2022
7756,2,化学原料和化学制品制造业,年度中国发明专利授权数中位数,件,7,12/9/2025 10:41:35,16/9/2025 10:03:12,2022
7757,3,信息传输、软件和信息技术服务业,年度中国发明专利授权数合计,件,32067,12/9/2025 10:41:35,16/9/2025 10:03:12,2022
7758,3,信息传输、软件和信息技术服务业,年度中国发明专利授权数均值,件,73.5481651376147,12/9/2025 10:41:35,16/9/2025 10:03:13,2022
7759,3,信息传输、软件和信息技术服务业,年度中国发明专利授权数最大值,件,4349,12/9/2025 10:41:35,16/9/2025 10:03:13,2022
7760,3,信息传输、软件和信息技术服务业,年度中国发明专利授权数最小值,件,1,12/9/2025 10:41:35,16/9/2025 10:03:13,2022
7761,3,信息传输、软件和信息技术服务业,年度中国发明专利授权数中位数,件,7,12/9/2025 10:41:35,16/9/2025 10:03:13,2022
7762,4,房地产业,年度中国发明专利授权数合计,件,719,12/9/2025 10:41:36,16/9/2025 10:03:13,2022
7763,4,房地产业,年度中国发明专利授权数均值,件,14.9791666666667,12/9/2025 10:41:36,16/9/2025 10:03:13,2022
7764,4,房地产业,年度中国发明专利授权数最大值,件,400,12/9/2025 10:41:36,16/9/2025 10:03:13,2022
7765,4,房地产业,年度中国发明专利授权数最小值,件,1,12/9/2025 10:41:36,16/9/2025 10:03:13,2022
7766,4,房地产业,年度中国发明专利授权数中位数,件,2,12/9/2025 10:41:36,16/9/2025 10:03:13,2022
7767,5,专用设备制造业,年度中国发明专利授权数合计,件,8449,12/9/2025 10:41:36,16/9/2025 10:03:13,2022
7768,5,专用设备制造业,年度中国发明专利授权数均值,件,23.0846994535519,12/9/2025 10:41:36,16/9/2025 10:03:13,2022
7769,5,专用设备制造业,年度中国发明专利授权数最大值,件,676,12/9/2025 10:41:36,16/9/2025 10:03:13,2022
7770,5,专用设备制造业,年度中国发明专利授权数最小值,件,1,12/9/2025 10:41:36,16/9/2025 10:03:14,2022
7771,5,专用设备制造业,年度中国发明专利授权数中位数,件,7,12/9/2025 10:41:36,16/9/2025 10:03:14,2022
7772,6,消费电子及电气业,年度中国发明专利授权数合计,件,43780,12/9/2025 10:41:36,16/9/2025 10:03:14,2022
7773,6,消费电子及电气业,年度中国发明专利授权数均值,件,157.482014388489,12/9/2025 10:41:36,16/9/2025 10:03:14,2022
7774,6,消费电子及电气业,年度中国发明专利授权数最大值,件,5029,12/9/2025 10:41:37,16/9/2025 10:03:14,2022
7775,6,消费电子及电气业,年度中国发明专利授权数最小值,件,1,12/9/2025 10:41:37,16/9/2025 10:03:14,2022
7776,6,消费电子及电气业,年度中国发明专利授权数中位数,件,9,12/9/2025 10:41:37,16/9/2025 10:03:14,2022
7777,7,金融业,年度中国发明专利授权数合计,件,3442,12/9/2025 10:41:37,16/9/2025 10:03:14,2022
7778,7,金融业,年度中国发明专利授权数均值,件,40.9761904761905,12/9/2025 10:41:37,16/9/2025 10:03:14,2022
7779,7,金融业,年度中国发明专利授权数最大值,件,711,12/9/2025 10:41:37,16/9/2025 10:03:14,2022
7780,7,金融业,年度中国发明专利授权数最小值,件,1,12/9/2025 10:41:38,16/9/2025 10:03:14,2022
7781,7,金融业,年度中国发明专利授权数中位数,件,5,12/9/2025 10:41:38,16/9/2025 10:03:14,2022
7782,8,商业电气机械和器材制造业,年度中国发明专利授权数合计,件,7501,12/9/2025 10:41:38,16/9/2025 10:03:15,2022
7783,8,商业电气机械和器材制造业,年度中国发明专利授权数均值,件,29.4156862745098,12/9/2025 10:41:38,16/9/2025 10:03:15,2022
7784,8,商业电气机械和器材制造业,年度中国发明专利授权数最大值,件,1561,12/9/2025 10:41:38,16/9/2025 10:03:15,2022
7785,8,商业电气机械和器材制造业,年度中国发明专利授权数最小值,件,1,12/9/2025 10:41:38,16/9/2025 10:03:15,2022
7786,8,商业电气机械和器材制造业,年度中国发明专利授权数中位数,件,8,12/9/2025 10:41:38,16/9/2025 10:03:15,2022
7787,9,批发和零售业,年度中国发明专利授权数合计,件,594,12/9/2025 10:41:39,16/9/2025 10:03:16,2022
7788,9,批发和零售业,年度中国发明专利授权数均值,件,7.425,12/9/2025 10:41:39,16/9/2025 10:03:16,2022
7789,9,批发和零售业,年度中国发明专利授权数最大值,件,69,12/9/2025 10:41:39,16/9/2025 10:03:16,2022
7790,9,批发和零售业,年度中国发明专利授权数最小值,件,1,12/9/2025 10:41:39,16/9/2025 10:03:16,2022
7791,9,批发和零售业,年度中国发明专利授权数中位数,件,2,12/9/2025 10:41:39,16/9/2025 10:03:16,2022
7792,10,食品饮料业,年度中国发明专利授权数合计,件,1366,12/9/2025 10:41:39,16/9/2025 10:03:16,2022
7793,10,食品饮料业,年度中国发明专利授权数均值,件,10.1940298507463,12/9/2025 10:41:39,16/9/2025 10:03:16,2022
7794,10,食品饮料业,年度中国发明专利授权数最大值,件,98,12/9/2025 10:41:39,16/9/2025 10:03:16,2022
7795,10,食品饮料业,年度中国发明专利授权数最小值,件,1,12/9/2025 10:41:40,16/9/2025 10:03:16,2022
7796,10,食品饮料业,年度中国发明专利授权数中位数,件,3,12/9/2025 10:41:40,16/9/2025 10:03:16,2022
7802,12,汽车制造业,年度中国发明专利授权数合计,件,13870,12/9/2025 10:41:41,16/9/2025 10:03:17,2022
7803,12,汽车制造业,年度中国发明专利授权数均值,件,76.6298342541436,12/9/2025 10:41:41,16/9/2025 10:03:17,2022
7804,12,汽车制造业,年度中国发明专利授权数最大值,件,2531,12/9/2025 10:41:41,16/9/2025 10:03:18,2022
7805,12,汽车制造业,年度中国发明专利授权数最小值,件,1,12/9/2025 10:41:41,16/9/2025 10:03:18,2022
7806,12,汽车制造业,年度中国发明专利授权数中位数,件,6,12/9/2025 10:41:41,16/9/2025 10:03:18,2022
7807,13,电力、热力、燃气及水生产和供应业,年度中国发明专利授权数合计,件,1877,12/9/2025 10:41:42,16/9/2025 10:03:18,2022
7808,13,电力、热力、燃气及水生产和供应业,年度中国发明专利授权数均值,件,20.1827956989247,12/9/2025 10:41:42,16/9/2025 10:03:18,2022
7809,13,电力、热力、燃气及水生产和供应业,年度中国发明专利授权数最大值,件,309,12/9/2025 10:41:42,16/9/2025 10:03:18,2022
7810,13,电力、热力、燃气及水生产和供应业,年度中国发明专利授权数最小值,件,1,12/9/2025 10:41:42,16/9/2025 10:03:18,2022
7811,13,电力、热力、燃气及水生产和供应业,年度中国发明专利授权数中位数,件,5,12/9/2025 10:41:42,16/9/2025 10:03:18,2022
7812,14,采矿业,年度中国发明专利授权数合计,件,14152,12/9/2025 10:41:43,16/9/2025 10:03:19,2022
7813,14,采矿业,年度中国发明专利授权数均值,件,186.210526315789,12/9/2025 10:41:43,16/9/2025 10:03:19,2022
7814,14,采矿业,年度中国发明专利授权数最大值,件,3886,12/9/2025 10:41:43,16/9/2025 10:03:19,2022
7815,14,采矿业,年度中国发明专利授权数最小值,件,1,12/9/2025 10:41:43,16/9/2025 10:03:19,2022
7816,14,采矿业,年度中国发明专利授权数中位数,件,7,12/9/2025 10:41:43,16/9/2025 10:03:19,2022
7817,15,纺织鞋服业,年度中国发明专利授权数合计,件,465,12/9/2025 10:41:43,16/9/2025 10:03:19,2022
7818,15,纺织鞋服业,年度中国发明专利授权数均值,件,5.8125,12/9/2025 10:41:43,16/9/2025 10:03:19,2022
7819,15,纺织鞋服业,年度中国发明专利授权数最大值,件,43,12/9/2025 10:41:43,16/9/2025 10:03:19,2022
7820,15,纺织鞋服业,年度中国发明专利授权数最小值,件,1,12/9/2025 10:41:43,16/9/2025 10:03:19,2022
7821,15,纺织鞋服业,年度中国发明专利授权数中位数,件,3,12/9/2025 10:41:43,16/9/2025 10:03:20,2022
7822,16,建筑业,年度中国发明专利授权数合计,件,5703,12/9/2025 10:41:44,16/9/2025 10:03:20,2022
7823,16,建筑业,年度中国发明专利授权数均值,件,60.0315789473684,12/9/2025 10:41:44,16/9/2025 10:03:20,2022
7824,16,建筑业,年度中国发明专利授权数最大值,件,1258,12/9/2025 10:41:44,16/9/2025 10:03:20,2022
7825,16,建筑业,年度中国发明专利授权数最小值,件,1,12/9/2025 10:41:44,16/9/2025 10:03:20,2022
7826,16,建筑业,年度中国发明专利授权数中位数,件,5,12/9/2025 10:41:44,16/9/2025 10:03:20,2022
7827,17,交通运输、仓储和邮政业,年度中国发明专利授权数合计,件,457,12/9/2025 10:41:44,16/9/2025 10:03:21,2022
7828,17,交通运输、仓储和邮政业,年度中国发明专利授权数均值,件,7.87931034482759,12/9/2025 10:41:44,16/9/2025 10:03:21,2022
7829,17,交通运输、仓储和邮政业,年度中国发明专利授权数最大值,件,117,12/9/2025 10:41:44,16/9/2025 10:03:21,2022
7830,17,交通运输、仓储和邮政业,年度中国发明专利授权数最小值,件,1,12/9/2025 10:41:44,16/9/2025 10:03:21,2022
7831,17,交通运输、仓储和邮政业,年度中国发明专利授权数中位数,件,3,12/9/2025 10:41:44,16/9/2025 10:03:21,2022
7832,18,通用设备制造业,年度中国发明专利授权数合计,件,3095,12/9/2025 10:41:45,16/9/2025 10:03:21,2022
7833,18,通用设备制造业,年度中国发明专利授权数均值,件,17.5852272727273,12/9/2025 10:41:45,16/9/2025 10:03:21,2022
7834,18,通用设备制造业,年度中国发明专利授权数最大值,件,315,12/9/2025 10:41:45,16/9/2025 10:03:21,2022
7835,18,通用设备制造业,年度中国发明专利授权数最小值,件,1,12/9/2025 10:41:45,16/9/2025 10:03:21,2022
7836,18,通用设备制造业,年度中国发明专利授权数中位数,件,5,12/9/2025 10:41:45,16/9/2025 10:03:21,2022
7837,19,半导体业,年度中国发明专利授权数合计,件,5160,12/9/2025 10:41:45,16/9/2025 10:03:22,2022
7838,19,半导体业,年度中国发明专利授权数均值,件,35.3424657534247,12/9/2025 10:41:45,16/9/2025 10:03:22,2022
7839,19,半导体业,年度中国发明专利授权数最大值,件,732,12/9/2025 10:41:45,16/9/2025 10:03:22,2022
7840,19,半导体业,年度中国发明专利授权数最小值,件,1,12/9/2025 10:41:45,16/9/2025 10:03:22,2022
7841,19,半导体业,年度中国发明专利授权数中位数,件,13,12/9/2025 10:41:45,16/9/2025 10:03:22,2022
7842,20,租赁和商务服务业,年度中国发明专利授权数合计,件,116,12/9/2025 10:41:46,16/9/2025 10:03:22,2022
7843,20,租赁和商务服务业,年度中国发明专利授权数均值,件,5.52380952380952,12/9/2025 10:41:46,16/9/2025 10:03:22,2022
7844,20,租赁和商务服务业,年度中国发明专利授权数最大值,件,38,12/9/2025 10:41:46,16/9/2025 10:03:22,2022
7845,20,租赁和商务服务业,年度中国发明专利授权数最小值,件,1,12/9/2025 10:41:46,16/9/2025 10:03:22,2022
7846,20,租赁和商务服务业,年度中国发明专利授权数中位数,件,2,12/9/2025 10:41:46,16/9/2025 10:03:22,2022
7847,21,通信传输设备业,年度中国发明专利授权数合计,件,14962,12/9/2025 10:41:47,16/9/2025 10:03:23,2022
7848,21,通信传输设备业,年度中国发明专利授权数均值,件,145.26213592233,12/9/2025 10:41:47,16/9/2025 10:03:23,2022
7849,21,通信传输设备业,年度中国发明专利授权数最大值,件,6418,12/9/2025 10:41:47,16/9/2025 10:03:23,2022
7850,21,通信传输设备业,年度中国发明专利授权数最小值,件,1,12/9/2025 10:41:47,16/9/2025 10:03:23,2022
7851,21,通信传输设备业,年度中国发明专利授权数中位数,件,15,12/9/2025 10:41:47,16/9/2025 10:03:23,2022
7852,22,非金属矿物制品业,年度中国发明专利授权数合计,件,2134,12/9/2025 10:41:47,16/9/2025 10:03:23,2022
7853,22,非金属矿物制品业,年度中国发明专利授权数均值,件,23.195652173913,12/9/2025 10:41:47,16/9/2025 10:03:23,2022
7854,22,非金属矿物制品业,年度中国发明专利授权数最大值,件,256,12/9/2025 10:41:47,16/9/2025 10:03:23,2022
7855,22,非金属矿物制品业,年度中国发明专利授权数最小值,件,1,12/9/2025 10:41:47,16/9/2025 10:03:23,2022
7856,22,非金属矿物制品业,年度中国发明专利授权数中位数,件,6,12/9/2025 10:41:47,16/9/2025 10:03:23,2022
7857,23,橡胶和塑料制品业,年度中国发明专利授权数合计,件,1353,12/9/2025 10:41:48,16/9/2025 10:03:24,2022
7858,23,橡胶和塑料制品业,年度中国发明专利授权数均值,件,16.3012048192771,12/9/2025 10:41:48,16/9/2025 10:03:24,2022
7859,23,橡胶和塑料制品业,年度中国发明专利授权数最大值,件,455,12/9/2025 10:41:48,16/9/2025 10:03:24,2022
7860,23,橡胶和塑料制品业,年度中国发明专利授权数最小值,件,1,12/9/2025 10:41:48,16/9/2025 10:03:24,2022
7861,23,橡胶和塑料制品业,年度中国发明专利授权数中位数,件,4,12/9/2025 10:41:48,16/9/2025 10:03:24,2022
7862,24,综合,年度中国发明专利授权数合计,件,180,12/9/2025 10:41:49,16/9/2025 10:03:24,2022
7863,24,综合,年度中国发明专利授权数均值,件,25.7142857142857,12/9/2025 10:41:49,16/9/2025 10:03:24,2022
7864,24,综合,年度中国发明专利授权数最大值,件,134,12/9/2025 10:41:49,16/9/2025 10:03:24,2022
7865,24,综合,年度中国发明专利授权数最小值,件,1,12/9/2025 10:41:49,16/9/2025 10:03:24,2022
7866,24,综合,年度中国发明专利授权数中位数,件,6,12/9/2025 10:41:49,16/9/2025 10:03:24,2022
7867,25,其他制造业,年度中国发明专利授权数合计,件,331,12/9/2025 10:41:49,16/9/2025 10:03:24,2022
7868,25,其他制造业,年度中国发明专利授权数均值,件,9.73529411764706,12/9/2025 10:41:50,16/9/2025 10:03:24,2022
7869,25,其他制造业,年度中国发明专利授权数最大值,件,45,12/9/2025 10:41:50,16/9/2025 10:03:24,2022
7870,25,其他制造业,年度中国发明专利授权数最小值,件,1,12/9/2025 10:41:50,16/9/2025 10:03:24,2022
7871,25,其他制造业,年度中国发明专利授权数中位数,件,4,12/9/2025 10:41:50,16/9/2025 10:03:24,2022
7872,26,金属制品业,年度中国发明专利授权数合计,件,1052,12/9/2025 10:41:50,16/9/2025 10:03:25,2022
7873,26,金属制品业,年度中国发明专利授权数均值,件,12.9876543209877,12/9/2025 10:41:50,16/9/2025 10:03:25,2022
7874,26,金属制品业,年度中国发明专利授权数最大值,件,127,12/9/2025 10:41:50,16/9/2025 10:03:25,2022
7875,26,金属制品业,年度中国发明专利授权数最小值,件,1,12/9/2025 10:41:50,16/9/2025 10:03:25,2022
7876,26,金属制品业,年度中国发明专利授权数中位数,件,5,12/9/2025 10:41:50,16/9/2025 10:03:25,2022
7877,27,铁路、船舶、航空航天和其他运输设备制造业,年度中国发明专利授权数合计,件,8120,12/9/2025 10:41:51,16/9/2025 10:03:25,2022
7878,27,铁路、船舶、航空航天和其他运输设备制造业,年度中国发明专利授权数均值,件,99.0243902439024,12/9/2025 10:41:51,16/9/2025 10:03:25,2022
7879,27,铁路、船舶、航空航天和其他运输设备制造业,年度中国发明专利授权数最大值,件,1999,12/9/2025 10:41:51,16/9/2025 10:03:25,2022
7880,27,铁路、船舶、航空航天和其他运输设备制造业,年度中国发明专利授权数最小值,件,1,12/9/2025 10:41:51,16/9/2025 10:03:25,2022
7881,27,铁路、船舶、航空航天和其他运输设备制造业,年度中国发明专利授权数中位数,件,11.5,12/9/2025 10:41:51,16/9/2025 10:03:25,2022
7882,28,水利、环境和公共设施管理业,年度中国发明专利授权数合计,件,596,12/9/2025 10:41:51,16/9/2025 10:03:26,2022
7883,28,水利、环境和公共设施管理业,年度中国发明专利授权数均值,件,8.3943661971831,12/9/2025 10:41:51,16/9/2025 10:03:26,2022
7884,28,水利、环境和公共设施管理业,年度中国发明专利授权数最大值,件,65,12/9/2025 10:41:51,16/9/2025 10:03:26,2022
7885,28,水利、环境和公共设施管理业,年度中国发明专利授权数最小值,件,1,12/9/2025 10:41:51,16/9/2025 10:03:26,2022
7886,28,水利、环境和公共设施管理业,年度中国发明专利授权数中位数,件,6,12/9/2025 10:41:51,16/9/2025 10:03:26,2022
7887,29,金属冶炼和压延加工业,年度中国发明专利授权数合计,件,4776,12/9/2025 10:41:52,16/9/2025 10:03:27,2022
7888,29,金属冶炼和压延加工业,年度中国发明专利授权数均值,件,41.8947368421053,12/9/2025 10:41:52,16/9/2025 10:03:27,2022
7889,29,金属冶炼和压延加工业,年度中国发明专利授权数最大值,件,857,12/9/2025 10:41:52,16/9/2025 10:03:27,2022
7890,29,金属冶炼和压延加工业,年度中国发明专利授权数最小值,件,1,12/9/2025 10:41:52,16/9/2025 10:03:27,2022
7891,29,金属冶炼和压延加工业,年度中国发明专利授权数中位数,件,13,12/9/2025 10:41:52,16/9/2025 10:03:27,2022
7892,30,科学研究和技术服务业,年度中国发明专利授权数合计,件,1480,12/9/2025 10:41:52,16/9/2025 10:03:28,2022
7893,30,科学研究和技术服务业,年度中国发明专利授权数均值,件,13.9622641509434,12/9/2025 10:41:52,16/9/2025 10:03:28,2022
7894,30,科学研究和技术服务业,年度中国发明专利授权数最大值,件,130,12/9/2025 10:41:52,16/9/2025 10:03:28,2022
7895,30,科学研究和技术服务业,年度中国发明专利授权数最小值,件,1,12/9/2025 10:41:52,16/9/2025 10:03:28,2022
7896,30,科学研究和技术服务业,年度中国发明专利授权数中位数,件,6,12/9/2025 10:41:52,16/9/2025 10:03:28,2022
7897,31,教育,年度中国发明专利授权数合计,件,197,12/9/2025 10:41:53,16/9/2025 10:03:28,2022
7898,31,教育,年度中国发明专利授权数均值,件,21.8888888888889,12/9/2025 10:41:53,16/9/2025 10:03:28,2022
7899,31,教育,年度中国发明专利授权数最大值,件,101,12/9/2025 10:41:53,16/9/2025 10:03:28,2022
7900,31,教育,年度中国发明专利授权数最小值,件,1,12/9/2025 10:41:53,16/9/2025 10:03:28,2022
7901,31,教育,年度中国发明专利授权数中位数,件,2,12/9/2025 10:41:53,16/9/2025 10:03:28,2022
7902,32,仪器仪表制造业,年度中国发明专利授权数合计,件,1100,12/9/2025 10:41:54,16/9/2025 10:03:29,2022
7903,32,仪器仪表制造业,年度中国发明专利授权数均值,件,15.0684931506849,12/9/2025 10:41:54,16/9/2025 10:03:29,2022
7904,32,仪器仪表制造业,年度中国发明专利授权数最大值,件,258,12/9/2025 10:41:54,16/9/2025 10:03:29,2022
7905,32,仪器仪表制造业,年度中国发明专利授权数最小值,件,1,12/9/2025 10:41:54,16/9/2025 10:03:29,2022
7906,32,仪器仪表制造业,年度中国发明专利授权数中位数,件,7,12/9/2025 10:41:54,16/9/2025 10:03:29,2022
7907,33,文化、体育和娱乐业,年度中国发明专利授权数合计,件,137,12/9/2025 10:41:54,16/9/2025 10:03:29,2022
7908,33,文化、体育和娱乐业,年度中国发明专利授权数均值,件,5.95652173913043,12/9/2025 10:41:54,16/9/2025 10:03:29,2022
7909,33,文化、体育和娱乐业,年度中国发明专利授权数最大值,件,67,12/9/2025 10:41:54,16/9/2025 10:03:29,2022
7910,33,文化、体育和娱乐业,年度中国发明专利授权数最小值,件,1,12/9/2025 10:41:54,16/9/2025 10:03:29,2022
7911,33,文化、体育和娱乐业,年度中国发明专利授权数中位数,件,2,12/9/2025 10:41:54,16/9/2025 10:03:29,2022
7912,34,农、林、牧、渔业,年度中国发明专利授权数合计,件,181,12/9/2025 10:41:55,16/9/2025 10:03:30,2022
7913,34,农、林、牧、渔业,年度中国发明专利授权数均值,件,6.24137931034483,12/9/2025 10:41:55,16/9/2025 10:03:30,2022
7914,34,农、林、牧、渔业,年度中国发明专利授权数最大值,件,55,12/9/2025 10:41:55,16/9/2025 10:03:30,2022
7915,34,农、林、牧、渔业,年度中国发明专利授权数最小值,件,1,12/9/2025 10:41:55,16/9/2025 10:03:30,2022
7916,34,农、林、牧、渔业,年度中国发明专利授权数中位数,件,2,12/9/2025 10:41:55,16/9/2025 10:03:30,2022
7917,35,卫生和社会工作,年度中国发明专利授权数合计,件,110,12/9/2025 10:41:55,16/9/2025 10:03:30,2022
7918,35,卫生和社会工作,年度中国发明专利授权数均值,件,12.2222222222222,12/9/2025 10:41:55,16/9/2025 10:03:30,2022
7919,35,卫生和社会工作,年度中国发明专利授权数最大值,件,36,12/9/2025 10:41:55,16/9/2025 10:03:30,2022
7920,35,卫生和社会工作,年度中国发明专利授权数最小值,件,1,12/9/2025 10:41:55,16/9/2025 10:03:30,2022
7921,35,卫生和社会工作,年度中国发明专利授权数中位数,件,2,12/9/2025 10:41:55,16/9/2025 10:03:30,2022
7922,36,造纸和纸制品业,年度中国发明专利授权数合计,件,264,12/9/2025 10:41:56,16/9/2025 10:03:31,2022
7923,36,造纸和纸制品业,年度中国发明专利授权数均值,件,7.33333333333333,12/9/2025 10:41:56,16/9/2025 10:03:31,2022
7924,36,造纸和纸制品业,年度中国发明专利授权数最大值,件,82,12/9/2025 10:41:56,16/9/2025 10:03:31,2022
7925,36,造纸和纸制品业,年度中国发明专利授权数最小值,件,1,12/9/2025 10:41:56,16/9/2025 10:03:31,2022
7926,36,造纸和纸制品业,年度中国发明专利授权数中位数,件,3,12/9/2025 10:41:56,16/9/2025 10:03:31,2022
7927,37,住宿和餐饮业,年度中国发明专利授权数合计,件,3,12/9/2025 10:41:56,16/9/2025 10:03:31,2022
7928,37,住宿和餐饮业,年度中国发明专利授权数均值,件,1.5,12/9/2025 10:41:56,16/9/2025 10:03:31,2022
7929,37,住宿和餐饮业,年度中国发明专利授权数最大值,件,2,12/9/2025 10:41:56,16/9/2025 10:03:31,2022
7930,37,住宿和餐饮业,年度中国发明专利授权数最小值,件,1,12/9/2025 10:41:56,16/9/2025 10:03:31,2022
7931,37,住宿和餐饮业,年度中国发明专利授权数中位数,件,1.5,12/9/2025 10:41:56,16/9/2025 10:03:32,2022
7932,38,家具制造业,年度中国发明专利授权数合计,件,218,12/9/2025 10:41:57,16/9/2025 10:03:32,2022
7933,38,家具制造业,年度中国发明专利授权数均值,件,7.03225806451613,12/9/2025 10:41:57,16/9/2025 10:03:32,2022
7934,38,家具制造业,年度中国发明专利授权数最大值,件,49,12/9/2025 10:41:57,16/9/2025 10:03:32,2022
7935,38,家具制造业,年度中国发明专利授权数最小值,件,1,12/9/2025 10:41:57,16/9/2025 10:03:32,2022
7936,38,家具制造业,年度中国发明专利授权数中位数,件,4,12/9/2025 10:41:57,16/9/2025 10:03:32,2022
7937,39,印刷和记录媒介复制业,年度中国发明专利授权数合计,件,70,12/9/2025 10:41:57,16/9/2025 10:03:33,2022
7938,39,印刷和记录媒介复制业,年度中国发明专利授权数均值,件,4.375,12/9/2025 10:41:57,16/9/2025 10:03:33,2022
7939,39,印刷和记录媒介复制业,年度中国发明专利授权数最大值,件,16,12/9/2025 10:41:57,16/9/2025 10:03:33,2022
7940,39,印刷和记录媒介复制业,年度中国发明专利授权数最小值,件,1,12/9/2025 10:41:57,16/9/2025 10:03:33,2022
7941,39,印刷和记录媒介复制业,年度中国发明专利授权数中位数,件,3,12/9/2025 10:41:57,16/9/2025 10:03:33,2022
7942,41,文教、工美、体育和娱乐用品制造业,年度中国发明专利授权数合计,件,131,12/9/2025 10:41:58,16/9/2025 10:03:33,2022
7943,41,文教、工美、体育和娱乐用品制造业,年度中国发明专利授权数均值,件,8.73333333333333,12/9/2025 10:41:58,16/9/2025 10:03:33,2022
7944,41,文教、工美、体育和娱乐用品制造业,年度中国发明专利授权数最大值,件,51,12/9/2025 10:41:58,16/9/2025 10:03:33,2022
7945,41,文教、工美、体育和娱乐用品制造业,年度中国发明专利授权数最小值,件,1,12/9/2025 10:41:58,16/9/2025 10:03:33,2022
7946,41,文教、工美、体育和娱乐用品制造业,年度中国发明专利授权数中位数,件,3,12/9/2025 10:41:58,16/9/2025 10:03:33,2022
7952,43,化学纤维制造业,年度中国发明专利授权数合计,件,369,12/9/2025 10:41:59,16/9/2025 10:03:34,2022
7953,43,化学纤维制造业,年度中国发明专利授权数均值,件,13.6666666666667,12/9/2025 10:41:59,16/9/2025 10:03:34,2022
7954,43,化学纤维制造业,年度中国发明专利授权数最大值,件,127,12/9/2025 10:41:59,16/9/2025 10:03:34,2022
7955,43,化学纤维制造业,年度中国发明专利授权数最小值,件,1,12/9/2025 10:41:59,16/9/2025 10:03:34,2022
7956,43,化学纤维制造业,年度中国发明专利授权数中位数,件,5,12/9/2025 10:41:59,16/9/2025 10:03:34,2022
7962,45,石油加工、炼焦和核燃料加工业,年度中国发明专利授权数合计,件,76,12/9/2025 10:42:00,16/9/2025 10:03:35,2022
7963,45,石油加工、炼焦和核燃料加工业,年度中国发明专利授权数均值,件,5.06666666666667,12/9/2025 10:42:00,16/9/2025 10:03:35,2022
7964,45,石油加工、炼焦和核燃料加工业,年度中国发明专利授权数最大值,件,18,12/9/2025 10:42:00,16/9/2025 10:03:35,2022
7965,45,石油加工、炼焦和核燃料加工业,年度中国发明专利授权数最小值,件,1,12/9/2025 10:42:00,16/9/2025 10:03:35,2022
7966,45,石油加工、炼焦和核燃料加工业,年度中国发明专利授权数中位数,件,3,12/9/2025 10:42:00,16/9/2025 10:03:35,2022
7967,46,废弃资源综合利用业,年度中国发明专利授权数合计,件,189,12/9/2025 10:42:01,16/9/2025 10:03:36,2022
7968,46,废弃资源综合利用业,年度中国发明专利授权数均值,件,15.75,12/9/2025 10:42:01,16/9/2025 10:03:36,2022
7969,46,废弃资源综合利用业,年度中国发明专利授权数最大值,件,72,12/9/2025 10:42:01,16/9/2025 10:03:36,2022
7970,46,废弃资源综合利用业,年度中国发明专利授权数最小值,件,1,12/9/2025 10:42:01,16/9/2025 10:03:36,2022
7971,46,废弃资源综合利用业,年度中国发明专利授权数中位数,件,7,12/9/2025 10:42:01,16/9/2025 10:03:36,2022
7972,47,木材加工和木、竹、藤、棕、草制品业,年度中国发明专利授权数合计,件,34,12/9/2025 10:42:01,16/9/2025 10:03:36,2022
7973,47,木材加工和木、竹、藤、棕、草制品业,年度中国发明专利授权数均值,件,5.66666666666667,12/9/2025 10:42:02,16/9/2025 10:03:36,2022
7974,47,木材加工和木、竹、藤、棕、草制品业,年度中国发明专利授权数最大值,件,12,12/9/2025 10:42:02,16/9/2025 10:03:36,2022
7975,47,木材加工和木、竹、藤、棕、草制品业,年度中国发明专利授权数最小值,件,2,12/9/2025 10:42:02,16/9/2025 10:03:36,2022
7976,47,木材加工和木、竹、藤、棕、草制品业,年度中国发明专利授权数中位数,件,4,12/9/2025 10:42:02,16/9/2025 10:03:37,2022
7977,48,居民服务、修理和其他服务业,年度中国发明专利授权数合计,件,0,12/9/2025 10:42:02,16/9/2025 10:03:37,2022
7978,48,居民服务、修理和其他服务业,年度中国发明专利授权数均值,件,0,12/9/2025 10:42:02,16/9/2025 10:03:37,2022
7979,48,居民服务、修理和其他服务业,年度中国发明专利授权数最大值,件,0,12/9/2025 10:42:02,16/9/2025 10:03:37,2022
7980,48,居民服务、修理和其他服务业,年度中国发明专利授权数最小值,件,0,12/9/2025 10:42:02,16/9/2025 10:03:37,2022
7981,48,居民服务、修理和其他服务业,年度中国发明专利授权数中位数,件,0,12/9/2025 10:42:02,16/9/2025 10:03:37,2022
7982,0,全行业,年度中国发明专利授权数合计,件,189999,12/9/2025 10:42:02,5/11/2025 08:56:03,2022
7983,0,全行业,年度中国发明专利授权数均值,件,43.98125,12/9/2025 10:42:02,5/11/2025 08:56:03,2022
7984,0,全行业,年度中国发明专利授权数最大值,件,6418,12/9/2025 10:42:03,5/11/2025 08:56:03,2022
7985,0,全行业,年度中国发明专利授权数最小值,件,1,12/9/2025 10:42:03,5/11/2025 08:56:03,2022
7986,0,全行业,年度中国发明专利授权数中位数,件,6,12/9/2025 10:42:03,5/11/2025 08:56:03,2022
7987,1,医药制造业,研发人员占比均值,%,20.48992188,12/9/2025 10:42:03,16/9/2025 10:03:38,2022
7988,1,医药制造业,研发人员占比最大值,%,93.26,12/9/2025 10:42:03,16/9/2025 10:03:38,2022
7989,1,医药制造业,研发人员占比最小值,%,0.15,12/9/2025 10:42:03,16/9/2025 10:03:38,2022
7990,1,医药制造业,研发人员占比中位数,%,16.435,12/9/2025 10:42:03,16/9/2025 10:03:38,2022
7991,2,化学原料和化学制品制造业,研发人员占比均值,%,13.8817125382263,12/9/2025 10:42:03,16/9/2025 10:03:39,2022
7992,2,化学原料和化学制品制造业,研发人员占比最大值,%,39.18,12/9/2025 10:42:04,16/9/2025 10:03:39,2022
7993,2,化学原料和化学制品制造业,研发人员占比最小值,%,0.25,12/9/2025 10:42:04,16/9/2025 10:03:39,2022
7994,2,化学原料和化学制品制造业,研发人员占比中位数,%,13.12,12/9/2025 10:42:04,16/9/2025 10:03:39,2022
7995,3,信息传输、软件和信息技术服务业,研发人员占比均值,%,37.5617115384615,12/9/2025 10:42:04,16/9/2025 10:03:39,2022
7996,3,信息传输、软件和信息技术服务业,研发人员占比最大值,%,93.68,12/9/2025 10:42:04,16/9/2025 10:03:39,2022
7997,3,信息传输、软件和信息技术服务业,研发人员占比最小值,%,0.92,12/9/2025 10:42:04,16/9/2025 10:03:39,2022
7998,3,信息传输、软件和信息技术服务业,研发人员占比中位数,%,36.265,12/9/2025 10:42:04,16/9/2025 10:03:39,2022
7999,4,房地产业,研发人员占比均值,%,8.44238095238095,12/9/2025 10:42:05,16/9/2025 10:03:40,2022
8000,4,房地产业,研发人员占比最大值,%,61.49,12/9/2025 10:42:05,16/9/2025 10:03:40,2022
8001,4,房地产业,研发人员占比最小值,%,0.26,12/9/2025 10:42:05,16/9/2025 10:03:40,2022
8002,4,房地产业,研发人员占比中位数,%,2.945,12/9/2025 10:42:05,16/9/2025 10:03:40,2022
8003,5,专用设备制造业,研发人员占比均值,%,20.1012755102041,12/9/2025 10:42:05,16/9/2025 10:03:40,2022
8004,5,专用设备制造业,研发人员占比最大值,%,64.62,12/9/2025 10:42:05,16/9/2025 10:03:40,2022
8005,5,专用设备制造业,研发人员占比最小值,%,0.54,12/9/2025 10:42:05,16/9/2025 10:03:40,2022
8006,5,专用设备制造业,研发人员占比中位数,%,17.97,12/9/2025 10:42:05,16/9/2025 10:03:40,2022
8007,6,消费电子及电气业,研发人员占比均值,%,19.4283660130719,12/9/2025 10:42:06,16/9/2025 10:03:41,2022
8008,6,消费电子及电气业,研发人员占比最大值,%,85.49,12/9/2025 10:42:06,16/9/2025 10:03:41,2022
8009,6,消费电子及电气业,研发人员占比最小值,%,1.87,12/9/2025 10:42:06,16/9/2025 10:03:41,2022
8010,6,消费电子及电气业,研发人员占比中位数,%,15.78,12/9/2025 10:42:06,16/9/2025 10:03:41,2022
8011,7,金融业,研发人员占比均值,%,14.0081481481481,12/9/2025 10:42:06,16/9/2025 10:03:41,2022
8012,7,金融业,研发人员占比最大值,%,64.25,12/9/2025 10:42:06,16/9/2025 10:03:41,2022
8013,7,金融业,研发人员占比最小值,%,0.64,12/9/2025 10:42:06,16/9/2025 10:03:41,2022
8014,7,金融业,研发人员占比中位数,%,6.99,12/9/2025 10:42:07,16/9/2025 10:03:41,2022
8015,8,商业电气机械和器材制造业,研发人员占比均值,%,16.7735483870968,12/9/2025 10:42:07,16/9/2025 10:03:42,2022
8016,8,商业电气机械和器材制造业,研发人员占比最大值,%,58.4,12/9/2025 10:42:07,16/9/2025 10:03:42,2022
8017,8,商业电气机械和器材制造业,研发人员占比最小值,%,1.26,12/9/2025 10:42:07,16/9/2025 10:03:42,2022
8018,8,商业电气机械和器材制造业,研发人员占比中位数,%,14.61,12/9/2025 10:42:07,16/9/2025 10:03:42,2022
8019,9,批发和零售业,研发人员占比均值,%,6.90944444444444,12/9/2025 10:42:07,16/9/2025 10:03:42,2022
8020,9,批发和零售业,研发人员占比最大值,%,46.21,12/9/2025 10:42:08,16/9/2025 10:03:42,2022
8021,9,批发和零售业,研发人员占比最小值,%,0.11,12/9/2025 10:42:08,16/9/2025 10:03:42,2022
8022,9,批发和零售业,研发人员占比中位数,%,4.325,12/9/2025 10:42:08,16/9/2025 10:03:42,2022
8023,10,食品饮料业,研发人员占比均值,%,6.46852459016393,12/9/2025 10:42:08,16/9/2025 10:03:42,2022
8024,10,食品饮料业,研发人员占比最大值,%,37.08,12/9/2025 10:42:08,16/9/2025 10:03:42,2022
8025,10,食品饮料业,研发人员占比最小值,%,0.18,12/9/2025 10:42:08,16/9/2025 10:03:43,2022
8026,10,食品饮料业,研发人员占比中位数,%,5.86,12/9/2025 10:42:08,16/9/2025 10:03:43,2022
8031,12,汽车制造业,研发人员占比均值,%,16.5094230769231,12/9/2025 10:42:09,16/9/2025 10:03:43,2022
8032,12,汽车制造业,研发人员占比最大值,%,73.74,12/9/2025 10:42:09,16/9/2025 10:03:43,2022
8033,12,汽车制造业,研发人员占比最小值,%,4.22,12/9/2025 10:42:10,16/9/2025 10:03:43,2022
8034,12,汽车制造业,研发人员占比中位数,%,13.365,12/9/2025 10:42:10,16/9/2025 10:03:43,2022
8035,13,电力、热力、燃气及水生产和供应业,研发人员占比均值,%,8.10079207920792,12/9/2025 10:42:10,16/9/2025 10:03:44,2022
8036,13,电力、热力、燃气及水生产和供应业,研发人员占比最大值,%,27.98,12/9/2025 10:42:10,16/9/2025 10:03:44,2022
8037,13,电力、热力、燃气及水生产和供应业,研发人员占比最小值,%,0.14,12/9/2025 10:42:10,16/9/2025 10:03:44,2022
8038,13,电力、热力、燃气及水生产和供应业,研发人员占比中位数,%,5.28,12/9/2025 10:42:10,16/9/2025 10:03:44,2022
8039,14,采矿业,研发人员占比均值,%,10.4141025641026,12/9/2025 10:42:11,16/9/2025 10:03:44,2022
8040,14,采矿业,研发人员占比最大值,%,36.98,12/9/2025 10:42:11,16/9/2025 10:03:44,2022
8041,14,采矿业,研发人员占比最小值,%,0,12/9/2025 10:42:11,16/9/2025 10:03:44,2022
8042,14,采矿业,研发人员占比中位数,%,9.56,12/9/2025 10:42:11,16/9/2025 10:03:44,2022
8043,15,纺织鞋服业,研发人员占比均值,%,8.9373,12/9/2025 10:42:11,16/9/2025 10:03:44,2022
8044,15,纺织鞋服业,研发人员占比最大值,%,28.91,12/9/2025 10:42:11,16/9/2025 10:03:44,2022
8045,15,纺织鞋服业,研发人员占比最小值,%,0.71,12/9/2025 10:42:11,16/9/2025 10:03:44,2022
8046,15,纺织鞋服业,研发人员占比中位数,%,8.33,12/9/2025 10:42:11,16/9/2025 10:03:44,2022
8047,16,建筑业,研发人员占比均值,%,17.213619047619,12/9/2025 10:42:12,16/9/2025 10:03:45,2022
8048,16,建筑业,研发人员占比最大值,%,66.03,12/9/2025 10:42:12,16/9/2025 10:03:45,2022
8049,16,建筑业,研发人员占比最小值,%,0.46,12/9/2025 10:42:12,16/9/2025 10:03:45,2022
8050,16,建筑业,研发人员占比中位数,%,15.7,12/9/2025 10:42:12,16/9/2025 10:03:45,2022
8051,17,交通运输、仓储和邮政业,研发人员占比均值,%,4.88770114942529,12/9/2025 10:42:13,16/9/2025 10:03:45,2022
8052,17,交通运输、仓储和邮政业,研发人员占比最大值,%,28.45,12/9/2025 10:42:13,16/9/2025 10:03:45,2022
8053,17,交通运输、仓储和邮政业,研发人员占比最小值,%,0.18,12/9/2025 10:42:13,16/9/2025 10:03:45,2022
8054,17,交通运输、仓储和邮政业,研发人员占比中位数,%,3.3,12/9/2025 10:42:13,16/9/2025 10:03:45,2022
8055,18,通用设备制造业,研发人员占比均值,%,16.0671078431373,12/9/2025 10:42:13,16/9/2025 10:03:46,2022
8056,18,通用设备制造业,研发人员占比最大值,%,64.79,12/9/2025 10:42:14,16/9/2025 10:03:46,2022
8057,18,通用设备制造业,研发人员占比最小值,%,2.58,12/9/2025 10:42:14,16/9/2025 10:03:46,2022
8058,18,通用设备制造业,研发人员占比中位数,%,13.85,12/9/2025 10:42:14,16/9/2025 10:03:46,2022
8059,19,半导体业,研发人员占比均值,%,31.1426582278481,12/9/2025 10:42:14,16/9/2025 10:03:46,2022
8060,19,半导体业,研发人员占比最大值,%,90.43,12/9/2025 10:42:14,16/9/2025 10:03:46,2022
8061,19,半导体业,研发人员占比最小值,%,3.38,12/9/2025 10:42:14,16/9/2025 10:03:46,2022
8062,19,半导体业,研发人员占比中位数,%,20.25,12/9/2025 10:42:14,16/9/2025 10:03:46,2022
8063,20,租赁和商务服务业,研发人员占比均值,%,9.76183333333333,12/9/2025 10:42:15,16/9/2025 10:03:46,2022
8064,20,租赁和商务服务业,研发人员占比最大值,%,63.17,12/9/2025 10:42:15,16/9/2025 10:03:46,2022
8065,20,租赁和商务服务业,研发人员占比最小值,%,0.16,12/9/2025 10:42:15,16/9/2025 10:03:46,2022
8066,20,租赁和商务服务业,研发人员占比中位数,%,5.93,12/9/2025 10:42:15,16/9/2025 10:03:46,2022
8067,21,通信传输设备业,研发人员占比均值,%,32.3580952380952,12/9/2025 10:42:15,16/9/2025 10:03:47,2022
8068,21,通信传输设备业,研发人员占比最大值,%,89.23,12/9/2025 10:42:15,16/9/2025 10:03:47,2022
8069,21,通信传输设备业,研发人员占比最小值,%,5.5,12/9/2025 10:42:15,16/9/2025 10:03:47,2022
8070,21,通信传输设备业,研发人员占比中位数,%,26.69,12/9/2025 10:42:15,16/9/2025 10:03:47,2022
8071,22,非金属矿物制品业,研发人员占比均值,%,12.2144554455446,12/9/2025 10:42:16,16/9/2025 10:03:47,2022
8072,22,非金属矿物制品业,研发人员占比最大值,%,37.24,12/9/2025 10:42:16,16/9/2025 10:03:47,2022
8073,22,非金属矿物制品业,研发人员占比最小值,%,1.05,12/9/2025 10:42:16,16/9/2025 10:03:47,2022
8074,22,非金属矿物制品业,研发人员占比中位数,%,11.89,12/9/2025 10:42:16,16/9/2025 10:03:47,2022
8075,23,橡胶和塑料制品业,研发人员占比均值,%,13.322380952381,12/9/2025 10:42:16,16/9/2025 10:03:48,2022
8076,23,橡胶和塑料制品业,研发人员占比最大值,%,35.1,12/9/2025 10:42:16,16/9/2025 10:03:48,2022
8077,23,橡胶和塑料制品业,研发人员占比最小值,%,0.9,12/9/2025 10:42:16,16/9/2025 10:03:48,2022
8078,23,橡胶和塑料制品业,研发人员占比中位数,%,13.2,12/9/2025 10:42:16,16/9/2025 10:03:48,2022
8079,24,综合,研发人员占比均值,%,13.264,12/9/2025 10:42:17,16/9/2025 10:03:48,2022
8080,24,综合,研发人员占比最大值,%,28.04,12/9/2025 10:42:17,16/9/2025 10:03:49,2022
8081,24,综合,研发人员占比最小值,%,0.97,12/9/2025 10:42:17,16/9/2025 10:03:49,2022
8082,24,综合,研发人员占比中位数,%,10.795,12/9/2025 10:42:17,16/9/2025 10:03:49,2022
8083,25,其他制造业,研发人员占比均值,%,19.3880487804878,12/9/2025 10:42:17,16/9/2025 10:03:49,2022
8084,25,其他制造业,研发人员占比最大值,%,48.62,12/9/2025 10:42:17,16/9/2025 10:03:49,2022
8085,25,其他制造业,研发人员占比最小值,%,5.55,12/9/2025 10:42:17,16/9/2025 10:03:50,2022
8086,25,其他制造业,研发人员占比中位数,%,15.11,12/9/2025 10:42:17,16/9/2025 10:03:50,2022
8087,26,金属制品业,研发人员占比均值,%,12.8069230769231,12/9/2025 10:42:18,16/9/2025 10:03:50,2022
8088,26,金属制品业,研发人员占比最大值,%,26.6,12/9/2025 10:42:18,16/9/2025 10:03:50,2022
8089,26,金属制品业,研发人员占比最小值,%,0.16,12/9/2025 10:42:18,16/9/2025 10:03:50,2022
8090,26,金属制品业,研发人员占比中位数,%,12.78,12/9/2025 10:42:18,16/9/2025 10:03:50,2022
8091,27,铁路、船舶、航空航天和其他运输设备制造业,研发人员占比均值,%,21.5521052631579,12/9/2025 10:42:18,16/9/2025 10:03:51,2022
8092,27,铁路、船舶、航空航天和其他运输设备制造业,研发人员占比最大值,%,55.77,12/9/2025 10:42:19,16/9/2025 10:03:51,2022
8093,27,铁路、船舶、航空航天和其他运输设备制造业,研发人员占比最小值,%,4.78,12/9/2025 10:42:19,16/9/2025 10:03:51,2022
8094,27,铁路、船舶、航空航天和其他运输设备制造业,研发人员占比中位数,%,19.79,12/9/2025 10:42:19,16/9/2025 10:03:51,2022
8095,28,水利、环境和公共设施管理业,研发人员占比均值,%,14.390987654321,12/9/2025 10:42:19,16/9/2025 10:03:51,2022
8096,28,水利、环境和公共设施管理业,研发人员占比最大值,%,47.93,12/9/2025 10:42:19,16/9/2025 10:03:51,2022
8097,28,水利、环境和公共设施管理业,研发人员占比最小值,%,0.03,12/9/2025 10:42:19,16/9/2025 10:03:51,2022
8098,28,水利、环境和公共设施管理业,研发人员占比中位数,%,13.09,12/9/2025 10:42:19,16/9/2025 10:03:51,2022
8099,29,金属冶炼和压延加工业,研发人员占比均值,%,12.2911111111111,12/9/2025 10:42:20,16/9/2025 10:03:52,2022
8100,29,金属冶炼和压延加工业,研发人员占比最大值,%,31.41,12/9/2025 10:42:20,16/9/2025 10:03:52,2022
8101,29,金属冶炼和压延加工业,研发人员占比最小值,%,0.62,12/9/2025 10:42:20,16/9/2025 10:03:52,2022
8102,29,金属冶炼和压延加工业,研发人员占比中位数,%,12.25,12/9/2025 10:42:20,16/9/2025 10:03:52,2022
8103,30,科学研究和技术服务业,研发人员占比均值,%,26.2346086956522,12/9/2025 10:42:21,16/9/2025 10:03:53,2022
8104,30,科学研究和技术服务业,研发人员占比最大值,%,96.01,12/9/2025 10:42:21,16/9/2025 10:03:53,2022
8105,30,科学研究和技术服务业,研发人员占比最小值,%,3.85,12/9/2025 10:42:21,16/9/2025 10:03:53,2022
8106,30,科学研究和技术服务业,研发人员占比中位数,%,18,12/9/2025 10:42:21,16/9/2025 10:03:53,2022
8107,31,教育,研发人员占比均值,%,19.0516666666667,12/9/2025 10:42:21,16/9/2025 10:03:53,2022
8108,31,教育,研发人员占比最大值,%,57.57,12/9/2025 10:42:21,16/9/2025 10:03:53,2022
8109,31,教育,研发人员占比最小值,%,1.43,12/9/2025 10:42:21,16/9/2025 10:03:53,2022
8110,31,教育,研发人员占比中位数,%,10.46,12/9/2025 10:42:21,16/9/2025 10:03:53,2022
8111,32,仪器仪表制造业,研发人员占比均值,%,27.691511627907,12/9/2025 10:42:22,16/9/2025 10:03:54,2022
8112,32,仪器仪表制造业,研发人员占比最大值,%,95.88,12/9/2025 10:42:22,16/9/2025 10:03:54,2022
8113,32,仪器仪表制造业,研发人员占比最小值,%,5.82,12/9/2025 10:42:22,16/9/2025 10:03:54,2022
8114,32,仪器仪表制造业,研发人员占比中位数,%,24.43,12/9/2025 10:42:22,16/9/2025 10:03:54,2022
8115,33,文化、体育和娱乐业,研发人员占比均值,%,11.2278260869565,12/9/2025 10:42:22,16/9/2025 10:03:54,2022
8116,33,文化、体育和娱乐业,研发人员占比最大值,%,56.26,12/9/2025 10:42:22,16/9/2025 10:03:54,2022
8117,33,文化、体育和娱乐业,研发人员占比最小值,%,0.34,12/9/2025 10:42:22,16/9/2025 10:03:54,2022
8118,33,文化、体育和娱乐业,研发人员占比中位数,%,6.725,12/9/2025 10:42:22,16/9/2025 10:03:54,2022
8119,34,农、林、牧、渔业,研发人员占比均值,%,6.99880952380953,12/9/2025 10:42:23,16/9/2025 10:03:54,2022
8120,34,农、林、牧、渔业,研发人员占比最大值,%,24.89,12/9/2025 10:42:23,16/9/2025 10:03:55,2022
8121,34,农、林、牧、渔业,研发人员占比最小值,%,0.33,12/9/2025 10:42:23,16/9/2025 10:03:55,2022
8122,34,农、林、牧、渔业,研发人员占比中位数,%,3.86,12/9/2025 10:42:23,16/9/2025 10:03:55,2022
8123,35,卫生和社会工作,研发人员占比均值,%,5.59,12/9/2025 10:42:23,16/9/2025 10:03:55,2022
8124,35,卫生和社会工作,研发人员占比最大值,%,17.94,12/9/2025 10:42:23,16/9/2025 10:03:55,2022
8125,35,卫生和社会工作,研发人员占比最小值,%,0.27,12/9/2025 10:42:23,16/9/2025 10:03:55,2022
8126,35,卫生和社会工作,研发人员占比中位数,%,4.355,12/9/2025 10:42:23,16/9/2025 10:03:55,2022
8127,36,造纸和纸制品业,研发人员占比均值,%,11.5205128205128,12/9/2025 10:42:23,16/9/2025 10:03:55,2022
8128,36,造纸和纸制品业,研发人员占比最大值,%,20.56,12/9/2025 10:42:23,16/9/2025 10:03:55,2022
8129,36,造纸和纸制品业,研发人员占比最小值,%,3.36,12/9/2025 10:42:24,16/9/2025 10:03:55,2022
8130,36,造纸和纸制品业,研发人员占比中位数,%,11.28,12/9/2025 10:42:24,16/9/2025 10:03:55,2022
8131,37,住宿和餐饮业,研发人员占比均值,%,0.894,12/9/2025 10:42:24,16/9/2025 10:03:56,2022
8132,37,住宿和餐饮业,研发人员占比最大值,%,2.09,12/9/2025 10:42:24,16/9/2025 10:03:56,2022
8133,37,住宿和餐饮业,研发人员占比最小值,%,0.27,12/9/2025 10:42:24,16/9/2025 10:03:56,2022
8134,37,住宿和餐饮业,研发人员占比中位数,%,0.86,12/9/2025 10:42:24,16/9/2025 10:03:56,2022
8135,38,家具制造业,研发人员占比均值,%,11.74125,12/9/2025 10:42:24,16/9/2025 10:03:56,2022
8136,38,家具制造业,研发人员占比最大值,%,28.39,12/9/2025 10:42:24,16/9/2025 10:03:56,2022
8137,38,家具制造业,研发人员占比最小值,%,5,12/9/2025 10:42:24,16/9/2025 10:03:56,2022
8138,38,家具制造业,研发人员占比中位数,%,10.525,12/9/2025 10:42:24,16/9/2025 10:03:56,2022
8139,39,印刷和记录媒介复制业,研发人员占比均值,%,11.396,12/9/2025 10:42:25,16/9/2025 10:03:56,2022
8140,39,印刷和记录媒介复制业,研发人员占比最大值,%,21.3,12/9/2025 10:42:25,16/9/2025 10:03:56,2022
8141,39,印刷和记录媒介复制业,研发人员占比最小值,%,2.73,12/9/2025 10:42:25,16/9/2025 10:03:56,2022
8142,39,印刷和记录媒介复制业,研发人员占比中位数,%,11.31,12/9/2025 10:42:25,16/9/2025 10:03:56,2022
8143,41,文教、工美、体育和娱乐用品制造业,研发人员占比均值,%,11.2569565217391,12/9/2025 10:42:25,16/9/2025 10:03:57,2022
8144,41,文教、工美、体育和娱乐用品制造业,研发人员占比最大值,%,23.13,12/9/2025 10:42:25,16/9/2025 10:03:57,2022
8145,41,文教、工美、体育和娱乐用品制造业,研发人员占比最小值,%,0.62,12/9/2025 10:42:25,16/9/2025 10:03:57,2022
8146,41,文教、工美、体育和娱乐用品制造业,研发人员占比中位数,%,9.59,12/9/2025 10:42:25,16/9/2025 10:03:57,2022
8151,43,化学纤维制造业,研发人员占比均值,%,12.3778125,12/9/2025 10:42:27,16/9/2025 10:03:58,2022
8152,43,化学纤维制造业,研发人员占比最大值,%,20.83,12/9/2025 10:42:27,16/9/2025 10:03:58,2022
8153,43,化学纤维制造业,研发人员占比最小值,%,5.33,12/9/2025 10:42:27,16/9/2025 10:03:58,2022
8154,43,化学纤维制造业,研发人员占比中位数,%,11.615,12/9/2025 10:42:27,16/9/2025 10:03:58,2022
8159,45,石油加工、炼焦和核燃料加工业,研发人员占比均值,%,8.60333333333333,12/9/2025 10:42:27,16/9/2025 10:03:59,2022
8160,45,石油加工、炼焦和核燃料加工业,研发人员占比最大值,%,22.48,12/9/2025 10:42:28,16/9/2025 10:03:59,2022
8161,45,石油加工、炼焦和核燃料加工业,研发人员占比最小值,%,1.5,12/9/2025 10:42:28,16/9/2025 10:03:59,2022
8162,45,石油加工、炼焦和核燃料加工业,研发人员占比中位数,%,6.5,12/9/2025 10:42:28,16/9/2025 10:03:59,2022
8163,46,废弃资源综合利用业,研发人员占比均值,%,13.78625,12/9/2025 10:42:28,16/9/2025 10:04:00,2022
8164,46,废弃资源综合利用业,研发人员占比最大值,%,30.68,12/9/2025 10:42:28,16/9/2025 10:04:00,2022
8165,46,废弃资源综合利用业,研发人员占比最小值,%,3.92,12/9/2025 10:42:28,16/9/2025 10:04:00,2022
8166,46,废弃资源综合利用业,研发人员占比中位数,%,13.87,12/9/2025 10:42:28,16/9/2025 10:04:00,2022
8167,47,木材加工和木、竹、藤、棕、草制品业,研发人员占比均值,%,7.08375,12/9/2025 10:42:28,16/9/2025 10:04:00,2022
8168,47,木材加工和木、竹、藤、棕、草制品业,研发人员占比最大值,%,9.97,12/9/2025 10:42:28,16/9/2025 10:04:00,2022
8169,47,木材加工和木、竹、藤、棕、草制品业,研发人员占比最小值,%,4.87,12/9/2025 10:42:28,16/9/2025 10:04:00,2022
8170,47,木材加工和木、竹、藤、棕、草制品业,研发人员占比中位数,%,6.83,12/9/2025 10:42:28,16/9/2025 10:04:00,2022
8171,48,居民服务、修理和其他服务业,研发人员占比均值,%,5.5,12/9/2025 10:42:29,16/9/2025 10:04:01,2022
8172,48,居民服务、修理和其他服务业,研发人员占比最大值,%,5.5,12/9/2025 10:42:29,16/9/2025 10:04:01,2022
8173,48,居民服务、修理和其他服务业,研发人员占比最小值,%,5.5,12/9/2025 10:42:29,16/9/2025 10:04:01,2022
8174,48,居民服务、修理和其他服务业,研发人员占比中位数,%,5.5,12/9/2025 10:42:29,16/9/2025 10:04:01,2022
8175,0,全行业,研发人员占比均值,%,18.5237324226597,12/9/2025 10:42:29,5/11/2025 08:56:03,2022
8176,0,全行业,研发人员占比最大值,%,96.01,12/9/2025 10:42:29,5/11/2025 08:56:03,2022
8177,0,全行业,研发人员占比最小值,%,0,12/9/2025 10:42:29,5/11/2025 08:56:03,2022
8178,0,全行业,研发人员占比中位数,%,14.195,12/9/2025 10:42:29,5/11/2025 08:56:03,2022
8179,1,医药制造业,国家科技进步奖合计,个,0,12/9/2025 10:42:30,16/9/2025 10:04:02,2022
8180,1,医药制造业,国家科技进步奖均值,个,0,12/9/2025 10:42:30,16/9/2025 10:04:02,2022
8181,1,医药制造业,国家科技进步奖最大值,个,0,12/9/2025 10:42:30,16/9/2025 10:04:02,2022
8182,1,医药制造业,国家科技进步奖最小值,个,0,12/9/2025 10:42:30,16/9/2025 10:04:02,2022
8183,1,医药制造业,国家科技进步奖中位数,个,0,12/9/2025 10:42:30,16/9/2025 10:04:02,2022
8184,2,化学原料和化学制品制造业,国家科技进步奖合计,个,0,12/9/2025 10:42:30,16/9/2025 10:04:03,2022
8185,2,化学原料和化学制品制造业,国家科技进步奖均值,个,0,12/9/2025 10:42:30,16/9/2025 10:04:03,2022
8186,2,化学原料和化学制品制造业,国家科技进步奖最大值,个,0,12/9/2025 10:42:30,16/9/2025 10:04:03,2022
8187,2,化学原料和化学制品制造业,国家科技进步奖最小值,个,0,12/9/2025 10:42:30,16/9/2025 10:04:03,2022
8188,2,化学原料和化学制品制造业,国家科技进步奖中位数,个,0,12/9/2025 10:42:30,16/9/2025 10:04:03,2022
8189,3,信息传输、软件和信息技术服务业,国家科技进步奖合计,个,0,12/9/2025 10:42:31,16/9/2025 10:04:03,2022
8190,3,信息传输、软件和信息技术服务业,国家科技进步奖均值,个,0,12/9/2025 10:42:31,16/9/2025 10:04:03,2022
8191,3,信息传输、软件和信息技术服务业,国家科技进步奖最大值,个,0,12/9/2025 10:42:31,16/9/2025 10:04:03,2022
8192,3,信息传输、软件和信息技术服务业,国家科技进步奖最小值,个,0,12/9/2025 10:42:31,16/9/2025 10:04:03,2022
8193,3,信息传输、软件和信息技术服务业,国家科技进步奖中位数,个,0,12/9/2025 10:42:31,16/9/2025 10:04:03,2022
8194,4,房地产业,国家科技进步奖合计,个,0,12/9/2025 10:42:31,16/9/2025 10:04:04,2022
8195,4,房地产业,国家科技进步奖均值,个,0,12/9/2025 10:42:31,16/9/2025 10:04:04,2022
8196,4,房地产业,国家科技进步奖最大值,个,0,12/9/2025 10:42:31,16/9/2025 10:04:04,2022
8197,4,房地产业,国家科技进步奖最小值,个,0,12/9/2025 10:42:31,16/9/2025 10:04:04,2022
8198,4,房地产业,国家科技进步奖中位数,个,0,12/9/2025 10:42:31,16/9/2025 10:04:04,2022
8199,5,专用设备制造业,国家科技进步奖合计,个,0,12/9/2025 10:42:32,16/9/2025 10:04:05,2022
8200,5,专用设备制造业,国家科技进步奖均值,个,0,12/9/2025 10:42:32,16/9/2025 10:04:05,2022
8201,5,专用设备制造业,国家科技进步奖最大值,个,0,12/9/2025 10:42:32,16/9/2025 10:04:05,2022
8202,5,专用设备制造业,国家科技进步奖最小值,个,0,12/9/2025 10:42:32,16/9/2025 10:04:05,2022
8203,5,专用设备制造业,国家科技进步奖中位数,个,0,12/9/2025 10:42:32,16/9/2025 10:04:05,2022
8204,6,消费电子及电气业,国家科技进步奖合计,个,0,12/9/2025 10:42:32,16/9/2025 10:04:05,2022
8205,6,消费电子及电气业,国家科技进步奖均值,个,0,12/9/2025 10:42:32,16/9/2025 10:04:05,2022
8206,6,消费电子及电气业,国家科技进步奖最大值,个,0,12/9/2025 10:42:32,16/9/2025 10:04:05,2022
8207,6,消费电子及电气业,国家科技进步奖最小值,个,0,12/9/2025 10:42:32,16/9/2025 10:04:05,2022
8208,6,消费电子及电气业,国家科技进步奖中位数,个,0,12/9/2025 10:42:32,16/9/2025 10:04:05,2022
8209,7,金融业,国家科技进步奖合计,个,0,12/9/2025 10:42:33,16/9/2025 10:04:06,2022
8210,7,金融业,国家科技进步奖均值,个,0,12/9/2025 10:42:33,16/9/2025 10:04:06,2022
8211,7,金融业,国家科技进步奖最大值,个,0,12/9/2025 10:42:33,16/9/2025 10:04:06,2022
8212,7,金融业,国家科技进步奖最小值,个,0,12/9/2025 10:42:33,16/9/2025 10:04:06,2022
8213,7,金融业,国家科技进步奖中位数,个,0,12/9/2025 10:42:33,16/9/2025 10:04:06,2022
8214,8,商业电气机械和器材制造业,国家科技进步奖合计,个,0,12/9/2025 10:42:34,16/9/2025 10:04:06,2022
8215,8,商业电气机械和器材制造业,国家科技进步奖均值,个,0,12/9/2025 10:42:34,16/9/2025 10:04:06,2022
8216,8,商业电气机械和器材制造业,国家科技进步奖最大值,个,0,12/9/2025 10:42:34,16/9/2025 10:04:06,2022
8217,8,商业电气机械和器材制造业,国家科技进步奖最小值,个,0,12/9/2025 10:42:34,16/9/2025 10:04:06,2022
8218,8,商业电气机械和器材制造业,国家科技进步奖中位数,个,0,12/9/2025 10:42:34,16/9/2025 10:04:06,2022
8219,9,批发和零售业,国家科技进步奖合计,个,0,12/9/2025 10:42:34,16/9/2025 10:04:07,2022
8220,9,批发和零售业,国家科技进步奖均值,个,0,12/9/2025 10:42:34,16/9/2025 10:04:07,2022
8221,9,批发和零售业,国家科技进步奖最大值,个,0,12/9/2025 10:42:34,16/9/2025 10:04:07,2022
8222,9,批发和零售业,国家科技进步奖最小值,个,0,12/9/2025 10:42:34,16/9/2025 10:04:07,2022
8223,9,批发和零售业,国家科技进步奖中位数,个,0,12/9/2025 10:42:34,16/9/2025 10:04:07,2022
8224,10,食品饮料业,国家科技进步奖合计,个,0,12/9/2025 10:42:35,16/9/2025 10:04:07,2022
8225,10,食品饮料业,国家科技进步奖均值,个,0,12/9/2025 10:42:35,16/9/2025 10:04:07,2022
8226,10,食品饮料业,国家科技进步奖最大值,个,0,12/9/2025 10:42:35,16/9/2025 10:04:07,2022
8227,10,食品饮料业,国家科技进步奖最小值,个,0,12/9/2025 10:42:35,16/9/2025 10:04:07,2022
8228,10,食品饮料业,国家科技进步奖中位数,个,0,12/9/2025 10:42:35,16/9/2025 10:04:07,2022
8234,12,汽车制造业,国家科技进步奖合计,个,0,12/9/2025 10:42:36,16/9/2025 10:04:08,2022
8235,12,汽车制造业,国家科技进步奖均值,个,0,12/9/2025 10:42:36,16/9/2025 10:04:08,2022
8236,12,汽车制造业,国家科技进步奖最大值,个,0,12/9/2025 10:42:36,16/9/2025 10:04:08,2022
8237,12,汽车制造业,国家科技进步奖最小值,个,0,12/9/2025 10:42:36,16/9/2025 10:04:08,2022
8238,12,汽车制造业,国家科技进步奖中位数,个,0,12/9/2025 10:42:36,16/9/2025 10:04:08,2022
8239,13,电力、热力、燃气及水生产和供应业,国家科技进步奖合计,个,0,12/9/2025 10:42:37,16/9/2025 10:04:09,2022
8240,13,电力、热力、燃气及水生产和供应业,国家科技进步奖均值,个,0,12/9/2025 10:42:37,16/9/2025 10:04:09,2022
8241,13,电力、热力、燃气及水生产和供应业,国家科技进步奖最大值,个,0,12/9/2025 10:42:37,16/9/2025 10:04:09,2022
8242,13,电力、热力、燃气及水生产和供应业,国家科技进步奖最小值,个,0,12/9/2025 10:42:37,16/9/2025 10:04:09,2022
8243,13,电力、热力、燃气及水生产和供应业,国家科技进步奖中位数,个,0,12/9/2025 10:42:37,16/9/2025 10:04:09,2022
8244,14,采矿业,国家科技进步奖合计,个,0,12/9/2025 10:42:37,16/9/2025 10:04:09,2022
8245,14,采矿业,国家科技进步奖均值,个,0,12/9/2025 10:42:37,16/9/2025 10:04:09,2022
8246,14,采矿业,国家科技进步奖最大值,个,0,12/9/2025 10:42:37,16/9/2025 10:04:09,2022
8247,14,采矿业,国家科技进步奖最小值,个,0,12/9/2025 10:42:37,16/9/2025 10:04:09,2022
8248,14,采矿业,国家科技进步奖中位数,个,0,12/9/2025 10:42:37,16/9/2025 10:04:09,2022
8249,15,纺织鞋服业,国家科技进步奖合计,个,0,12/9/2025 10:42:37,16/9/2025 10:04:10,2022
8250,15,纺织鞋服业,国家科技进步奖均值,个,0,12/9/2025 10:42:37,16/9/2025 10:04:10,2022
8251,15,纺织鞋服业,国家科技进步奖最大值,个,0,12/9/2025 10:42:38,16/9/2025 10:04:10,2022
8252,15,纺织鞋服业,国家科技进步奖最小值,个,0,12/9/2025 10:42:38,16/9/2025 10:04:10,2022
8253,15,纺织鞋服业,国家科技进步奖中位数,个,0,12/9/2025 10:42:38,16/9/2025 10:04:10,2022
8254,16,建筑业,国家科技进步奖合计,个,0,12/9/2025 10:42:38,16/9/2025 10:04:11,2022
8255,16,建筑业,国家科技进步奖均值,个,0,12/9/2025 10:42:38,16/9/2025 10:04:11,2022
8256,16,建筑业,国家科技进步奖最大值,个,0,12/9/2025 10:42:38,16/9/2025 10:04:11,2022
8257,16,建筑业,国家科技进步奖最小值,个,0,12/9/2025 10:42:38,16/9/2025 10:04:11,2022
8258,16,建筑业,国家科技进步奖中位数,个,0,12/9/2025 10:42:38,16/9/2025 10:04:11,2022
8259,17,交通运输、仓储和邮政业,国家科技进步奖合计,个,0,12/9/2025 10:42:39,16/9/2025 10:04:11,2022
8260,17,交通运输、仓储和邮政业,国家科技进步奖均值,个,0,12/9/2025 10:42:39,16/9/2025 10:04:11,2022
8261,17,交通运输、仓储和邮政业,国家科技进步奖最大值,个,0,12/9/2025 10:42:39,16/9/2025 10:04:11,2022
8262,17,交通运输、仓储和邮政业,国家科技进步奖最小值,个,0,12/9/2025 10:42:39,16/9/2025 10:04:12,2022
8263,17,交通运输、仓储和邮政业,国家科技进步奖中位数,个,0,12/9/2025 10:42:39,16/9/2025 10:04:12,2022
8264,18,通用设备制造业,国家科技进步奖合计,个,0,12/9/2025 10:42:39,16/9/2025 10:04:12,2022
8265,18,通用设备制造业,国家科技进步奖均值,个,0,12/9/2025 10:42:39,16/9/2025 10:04:12,2022
8266,18,通用设备制造业,国家科技进步奖最大值,个,0,12/9/2025 10:42:39,16/9/2025 10:04:12,2022
8267,18,通用设备制造业,国家科技进步奖最小值,个,0,12/9/2025 10:42:39,16/9/2025 10:04:12,2022
8268,18,通用设备制造业,国家科技进步奖中位数,个,0,12/9/2025 10:42:39,16/9/2025 10:04:12,2022
8269,19,半导体业,国家科技进步奖合计,个,0,12/9/2025 10:42:40,16/9/2025 10:04:12,2022
8270,19,半导体业,国家科技进步奖均值,个,0,12/9/2025 10:42:40,16/9/2025 10:04:13,2022
8271,19,半导体业,国家科技进步奖最大值,个,0,12/9/2025 10:42:40,16/9/2025 10:04:13,2022
8272,19,半导体业,国家科技进步奖最小值,个,0,12/9/2025 10:42:40,16/9/2025 10:04:13,2022
8273,19,半导体业,国家科技进步奖中位数,个,0,12/9/2025 10:42:40,16/9/2025 10:04:13,2022
8274,20,租赁和商务服务业,国家科技进步奖合计,个,0,12/9/2025 10:42:40,16/9/2025 10:04:13,2022
8275,20,租赁和商务服务业,国家科技进步奖均值,个,0,12/9/2025 10:42:40,16/9/2025 10:04:13,2022
8276,20,租赁和商务服务业,国家科技进步奖最大值,个,0,12/9/2025 10:42:40,16/9/2025 10:04:13,2022
8277,20,租赁和商务服务业,国家科技进步奖最小值,个,0,12/9/2025 10:42:41,16/9/2025 10:04:13,2022
8278,20,租赁和商务服务业,国家科技进步奖中位数,个,0,12/9/2025 10:42:41,16/9/2025 10:04:13,2022
8279,21,通信传输设备业,国家科技进步奖合计,个,0,12/9/2025 10:42:41,16/9/2025 10:04:13,2022
8280,21,通信传输设备业,国家科技进步奖均值,个,0,12/9/2025 10:42:41,16/9/2025 10:04:13,2022
8281,21,通信传输设备业,国家科技进步奖最大值,个,0,12/9/2025 10:42:41,16/9/2025 10:04:13,2022
8282,21,通信传输设备业,国家科技进步奖最小值,个,0,12/9/2025 10:42:41,16/9/2025 10:04:13,2022
8283,21,通信传输设备业,国家科技进步奖中位数,个,0,12/9/2025 10:42:41,16/9/2025 10:04:14,2022
8284,22,非金属矿物制品业,国家科技进步奖合计,个,0,12/9/2025 10:42:42,16/9/2025 10:04:14,2022
8285,22,非金属矿物制品业,国家科技进步奖均值,个,0,12/9/2025 10:42:42,16/9/2025 10:04:14,2022
8286,22,非金属矿物制品业,国家科技进步奖最大值,个,0,12/9/2025 10:42:42,16/9/2025 10:04:14,2022
8287,22,非金属矿物制品业,国家科技进步奖最小值,个,0,12/9/2025 10:42:42,16/9/2025 10:04:14,2022
8288,22,非金属矿物制品业,国家科技进步奖中位数,个,0,12/9/2025 10:42:42,16/9/2025 10:04:14,2022
8289,23,橡胶和塑料制品业,国家科技进步奖合计,个,0,12/9/2025 10:42:43,16/9/2025 10:04:14,2022
8290,23,橡胶和塑料制品业,国家科技进步奖均值,个,0,12/9/2025 10:42:43,16/9/2025 10:04:14,2022
8291,23,橡胶和塑料制品业,国家科技进步奖最大值,个,0,12/9/2025 10:42:43,16/9/2025 10:04:14,2022
8292,23,橡胶和塑料制品业,国家科技进步奖最小值,个,0,12/9/2025 10:42:43,16/9/2025 10:04:14,2022
8293,23,橡胶和塑料制品业,国家科技进步奖中位数,个,0,12/9/2025 10:42:43,16/9/2025 10:04:14,2022
8294,24,综合,国家科技进步奖合计,个,0,12/9/2025 10:42:43,16/9/2025 10:04:15,2022
8295,24,综合,国家科技进步奖均值,个,0,12/9/2025 10:42:43,16/9/2025 10:04:15,2022
8296,24,综合,国家科技进步奖最大值,个,0,12/9/2025 10:42:43,16/9/2025 10:04:15,2022
8297,24,综合,国家科技进步奖最小值,个,0,12/9/2025 10:42:44,16/9/2025 10:04:15,2022
8298,24,综合,国家科技进步奖中位数,个,0,12/9/2025 10:42:44,16/9/2025 10:04:15,2022
8299,25,其他制造业,国家科技进步奖合计,个,0,12/9/2025 10:42:44,16/9/2025 10:04:15,2022
8300,25,其他制造业,国家科技进步奖均值,个,0,12/9/2025 10:42:44,16/9/2025 10:04:15,2022
8301,25,其他制造业,国家科技进步奖最大值,个,0,12/9/2025 10:42:44,16/9/2025 10:04:15,2022
8302,25,其他制造业,国家科技进步奖最小值,个,0,12/9/2025 10:42:44,16/9/2025 10:04:15,2022
8303,25,其他制造业,国家科技进步奖中位数,个,0,12/9/2025 10:42:44,16/9/2025 10:04:15,2022
8304,26,金属制品业,国家科技进步奖合计,个,0,12/9/2025 10:42:45,16/9/2025 10:04:15,2022
8305,26,金属制品业,国家科技进步奖均值,个,0,12/9/2025 10:42:45,16/9/2025 10:04:16,2022
8306,26,金属制品业,国家科技进步奖最大值,个,0,12/9/2025 10:42:45,16/9/2025 10:04:16,2022
8307,26,金属制品业,国家科技进步奖最小值,个,0,12/9/2025 10:42:45,16/9/2025 10:04:16,2022
8308,26,金属制品业,国家科技进步奖中位数,个,0,12/9/2025 10:42:45,16/9/2025 10:04:16,2022
8309,27,铁路、船舶、航空航天和其他运输设备制造业,国家科技进步奖合计,个,0,12/9/2025 10:42:46,16/9/2025 10:04:16,2022
8310,27,铁路、船舶、航空航天和其他运输设备制造业,国家科技进步奖均值,个,0,12/9/2025 10:42:46,16/9/2025 10:04:16,2022
8311,27,铁路、船舶、航空航天和其他运输设备制造业,国家科技进步奖最大值,个,0,12/9/2025 10:42:46,16/9/2025 10:04:16,2022
8312,27,铁路、船舶、航空航天和其他运输设备制造业,国家科技进步奖最小值,个,0,12/9/2025 10:42:46,16/9/2025 10:04:16,2022
8313,27,铁路、船舶、航空航天和其他运输设备制造业,国家科技进步奖中位数,个,0,12/9/2025 10:42:46,16/9/2025 10:04:16,2022
8314,28,水利、环境和公共设施管理业,国家科技进步奖合计,个,0,12/9/2025 10:42:47,16/9/2025 10:04:16,2022
8315,28,水利、环境和公共设施管理业,国家科技进步奖均值,个,0,12/9/2025 10:42:47,16/9/2025 10:04:16,2022
8316,28,水利、环境和公共设施管理业,国家科技进步奖最大值,个,0,12/9/2025 10:42:47,16/9/2025 10:04:16,2022
8317,28,水利、环境和公共设施管理业,国家科技进步奖最小值,个,0,12/9/2025 10:42:47,16/9/2025 10:04:16,2022
8318,28,水利、环境和公共设施管理业,国家科技进步奖中位数,个,0,12/9/2025 10:42:47,16/9/2025 10:04:16,2022
8319,29,金属冶炼和压延加工业,国家科技进步奖合计,个,0,12/9/2025 10:42:47,16/9/2025 10:04:17,2022
8320,29,金属冶炼和压延加工业,国家科技进步奖均值,个,0,12/9/2025 10:42:47,16/9/2025 10:04:17,2022
8321,29,金属冶炼和压延加工业,国家科技进步奖最大值,个,0,12/9/2025 10:42:47,16/9/2025 10:04:17,2022
8322,29,金属冶炼和压延加工业,国家科技进步奖最小值,个,0,12/9/2025 10:42:47,16/9/2025 10:04:17,2022
8323,29,金属冶炼和压延加工业,国家科技进步奖中位数,个,0,12/9/2025 10:42:47,16/9/2025 10:04:17,2022
8324,30,科学研究和技术服务业,国家科技进步奖合计,个,0,12/9/2025 10:42:48,16/9/2025 10:04:17,2022
8325,30,科学研究和技术服务业,国家科技进步奖均值,个,0,12/9/2025 10:42:48,16/9/2025 10:04:17,2022
8326,30,科学研究和技术服务业,国家科技进步奖最大值,个,0,12/9/2025 10:42:48,16/9/2025 10:04:17,2022
8327,30,科学研究和技术服务业,国家科技进步奖最小值,个,0,12/9/2025 10:42:48,16/9/2025 10:04:17,2022
8328,30,科学研究和技术服务业,国家科技进步奖中位数,个,0,12/9/2025 10:42:48,16/9/2025 10:04:17,2022
8329,31,教育,国家科技进步奖合计,个,0,12/9/2025 10:42:48,16/9/2025 10:04:17,2022
8330,31,教育,国家科技进步奖均值,个,0,12/9/2025 10:42:48,16/9/2025 10:04:18,2022
8331,31,教育,国家科技进步奖最大值,个,0,12/9/2025 10:42:48,16/9/2025 10:04:18,2022
8332,31,教育,国家科技进步奖最小值,个,0,12/9/2025 10:42:48,16/9/2025 10:04:18,2022
8333,31,教育,国家科技进步奖中位数,个,0,12/9/2025 10:42:48,16/9/2025 10:04:18,2022
8334,32,仪器仪表制造业,国家科技进步奖合计,个,0,12/9/2025 10:42:49,16/9/2025 10:04:18,2022
8335,32,仪器仪表制造业,国家科技进步奖均值,个,0,12/9/2025 10:42:49,16/9/2025 10:04:18,2022
8336,32,仪器仪表制造业,国家科技进步奖最大值,个,0,12/9/2025 10:42:49,16/9/2025 10:04:18,2022
8337,32,仪器仪表制造业,国家科技进步奖最小值,个,0,12/9/2025 10:42:49,16/9/2025 10:04:18,2022
8338,32,仪器仪表制造业,国家科技进步奖中位数,个,0,12/9/2025 10:42:49,16/9/2025 10:04:18,2022
8339,33,文化、体育和娱乐业,国家科技进步奖合计,个,0,12/9/2025 10:42:50,16/9/2025 10:04:18,2022
8340,33,文化、体育和娱乐业,国家科技进步奖均值,个,0,12/9/2025 10:42:50,16/9/2025 10:04:18,2022
8341,33,文化、体育和娱乐业,国家科技进步奖最大值,个,0,12/9/2025 10:42:50,16/9/2025 10:04:18,2022
8342,33,文化、体育和娱乐业,国家科技进步奖最小值,个,0,12/9/2025 10:42:50,16/9/2025 10:04:18,2022
8343,33,文化、体育和娱乐业,国家科技进步奖中位数,个,0,12/9/2025 10:42:50,16/9/2025 10:04:18,2022
8344,34,农、林、牧、渔业,国家科技进步奖合计,个,0,12/9/2025 10:42:50,16/9/2025 10:04:19,2022
8345,34,农、林、牧、渔业,国家科技进步奖均值,个,0,12/9/2025 10:42:50,16/9/2025 10:04:19,2022
8346,34,农、林、牧、渔业,国家科技进步奖最大值,个,0,12/9/2025 10:42:50,16/9/2025 10:04:19,2022
8347,34,农、林、牧、渔业,国家科技进步奖最小值,个,0,12/9/2025 10:42:50,16/9/2025 10:04:19,2022
8348,34,农、林、牧、渔业,国家科技进步奖中位数,个,0,12/9/2025 10:42:50,16/9/2025 10:04:19,2022
8349,35,卫生和社会工作,国家科技进步奖合计,个,0,12/9/2025 10:42:51,16/9/2025 10:04:19,2022
8350,35,卫生和社会工作,国家科技进步奖均值,个,0,12/9/2025 10:42:51,16/9/2025 10:04:19,2022
8351,35,卫生和社会工作,国家科技进步奖最大值,个,0,12/9/2025 10:42:51,16/9/2025 10:04:19,2022
8352,35,卫生和社会工作,国家科技进步奖最小值,个,0,12/9/2025 10:42:51,16/9/2025 10:04:19,2022
8353,35,卫生和社会工作,国家科技进步奖中位数,个,0,12/9/2025 10:42:51,16/9/2025 10:04:19,2022
8354,36,造纸和纸制品业,国家科技进步奖合计,个,0,12/9/2025 10:42:52,16/9/2025 10:04:20,2022
8355,36,造纸和纸制品业,国家科技进步奖均值,个,0,12/9/2025 10:42:52,16/9/2025 10:04:20,2022
8356,36,造纸和纸制品业,国家科技进步奖最大值,个,0,12/9/2025 10:42:52,16/9/2025 10:04:20,2022
8357,36,造纸和纸制品业,国家科技进步奖最小值,个,0,12/9/2025 10:42:52,16/9/2025 10:04:20,2022
8358,36,造纸和纸制品业,国家科技进步奖中位数,个,0,12/9/2025 10:42:52,16/9/2025 10:04:20,2022
8359,37,住宿和餐饮业,国家科技进步奖合计,个,0,12/9/2025 10:42:52,16/9/2025 10:04:20,2022
8360,37,住宿和餐饮业,国家科技进步奖均值,个,0,12/9/2025 10:42:52,16/9/2025 10:04:21,2022
8361,37,住宿和餐饮业,国家科技进步奖最大值,个,0,12/9/2025 10:42:52,16/9/2025 10:04:21,2022
8362,37,住宿和餐饮业,国家科技进步奖最小值,个,0,12/9/2025 10:42:52,16/9/2025 10:04:21,2022
8363,37,住宿和餐饮业,国家科技进步奖中位数,个,0,12/9/2025 10:42:52,16/9/2025 10:04:21,2022
8364,38,家具制造业,国家科技进步奖合计,个,0,12/9/2025 10:42:53,16/9/2025 10:04:21,2022
8365,38,家具制造业,国家科技进步奖均值,个,0,12/9/2025 10:42:53,16/9/2025 10:04:21,2022
8366,38,家具制造业,国家科技进步奖最大值,个,0,12/9/2025 10:42:53,16/9/2025 10:04:21,2022
8367,38,家具制造业,国家科技进步奖最小值,个,0,12/9/2025 10:42:53,16/9/2025 10:04:22,2022
8368,38,家具制造业,国家科技进步奖中位数,个,0,12/9/2025 10:42:53,16/9/2025 10:04:22,2022
8369,39,印刷和记录媒介复制业,国家科技进步奖合计,个,0,12/9/2025 10:42:53,16/9/2025 10:04:22,2022
8370,39,印刷和记录媒介复制业,国家科技进步奖均值,个,0,12/9/2025 10:42:53,16/9/2025 10:04:22,2022
8371,39,印刷和记录媒介复制业,国家科技进步奖最大值,个,0,12/9/2025 10:42:53,16/9/2025 10:04:22,2022
8372,39,印刷和记录媒介复制业,国家科技进步奖最小值,个,0,12/9/2025 10:42:54,16/9/2025 10:04:22,2022
8373,39,印刷和记录媒介复制业,国家科技进步奖中位数,个,0,12/9/2025 10:42:54,16/9/2025 10:04:22,2022
8374,41,文教、工美、体育和娱乐用品制造业,国家科技进步奖合计,个,0,12/9/2025 10:42:54,16/9/2025 10:04:23,2022
8375,41,文教、工美、体育和娱乐用品制造业,国家科技进步奖均值,个,0,12/9/2025 10:42:54,16/9/2025 10:04:23,2022
8376,41,文教、工美、体育和娱乐用品制造业,国家科技进步奖最大值,个,0,12/9/2025 10:42:54,16/9/2025 10:04:23,2022
8377,41,文教、工美、体育和娱乐用品制造业,国家科技进步奖最小值,个,0,12/9/2025 10:42:54,16/9/2025 10:04:23,2022
8378,41,文教、工美、体育和娱乐用品制造业,国家科技进步奖中位数,个,0,12/9/2025 10:42:54,16/9/2025 10:04:23,2022
8384,43,化学纤维制造业,国家科技进步奖合计,个,0,12/9/2025 10:42:55,16/9/2025 10:04:24,2022
8385,43,化学纤维制造业,国家科技进步奖均值,个,0,12/9/2025 10:42:55,16/9/2025 10:04:24,2022
8386,43,化学纤维制造业,国家科技进步奖最大值,个,0,12/9/2025 10:42:55,16/9/2025 10:04:24,2022
8387,43,化学纤维制造业,国家科技进步奖最小值,个,0,12/9/2025 10:42:55,16/9/2025 10:04:24,2022
8388,43,化学纤维制造业,国家科技进步奖中位数,个,0,12/9/2025 10:42:55,16/9/2025 10:04:24,2022
8394,45,石油加工、炼焦和核燃料加工业,国家科技进步奖合计,个,0,12/9/2025 10:42:56,16/9/2025 10:04:26,2022
8395,45,石油加工、炼焦和核燃料加工业,国家科技进步奖均值,个,0,12/9/2025 10:42:56,16/9/2025 10:04:26,2022
8396,45,石油加工、炼焦和核燃料加工业,国家科技进步奖最大值,个,0,12/9/2025 10:42:56,16/9/2025 10:04:26,2022
8397,45,石油加工、炼焦和核燃料加工业,国家科技进步奖最小值,个,0,12/9/2025 10:42:56,16/9/2025 10:04:26,2022
8398,45,石油加工、炼焦和核燃料加工业,国家科技进步奖中位数,个,0,12/9/2025 10:42:56,16/9/2025 10:04:26,2022
8399,46,废弃资源综合利用业,国家科技进步奖合计,个,0,12/9/2025 10:42:56,16/9/2025 10:04:26,2022
8400,46,废弃资源综合利用业,国家科技进步奖均值,个,0,12/9/2025 10:42:56,16/9/2025 10:04:26,2022
8401,46,废弃资源综合利用业,国家科技进步奖最大值,个,0,12/9/2025 10:42:57,16/9/2025 10:04:26,2022
8402,46,废弃资源综合利用业,国家科技进步奖最小值,个,0,12/9/2025 10:42:57,16/9/2025 10:04:26,2022
8403,46,废弃资源综合利用业,国家科技进步奖中位数,个,0,12/9/2025 10:42:57,16/9/2025 10:04:26,2022
8404,47,木材加工和木、竹、藤、棕、草制品业,国家科技进步奖合计,个,0,12/9/2025 10:42:57,16/9/2025 10:04:26,2022
8405,47,木材加工和木、竹、藤、棕、草制品业,国家科技进步奖均值,个,0,12/9/2025 10:42:57,16/9/2025 10:04:26,2022
8406,47,木材加工和木、竹、藤、棕、草制品业,国家科技进步奖最大值,个,0,12/9/2025 10:42:57,16/9/2025 10:04:26,2022
8407,47,木材加工和木、竹、藤、棕、草制品业,国家科技进步奖最小值,个,0,12/9/2025 10:42:57,16/9/2025 10:04:26,2022
8408,47,木材加工和木、竹、藤、棕、草制品业,国家科技进步奖中位数,个,0,12/9/2025 10:42:57,16/9/2025 10:04:26,2022
8409,48,居民服务、修理和其他服务业,国家科技进步奖合计,个,0,12/9/2025 10:42:58,16/9/2025 10:04:27,2022
8410,48,居民服务、修理和其他服务业,国家科技进步奖均值,个,0,12/9/2025 10:42:58,16/9/2025 10:04:27,2022
8411,48,居民服务、修理和其他服务业,国家科技进步奖最大值,个,0,12/9/2025 10:42:58,16/9/2025 10:04:27,2022
8412,48,居民服务、修理和其他服务业,国家科技进步奖最小值,个,0,12/9/2025 10:42:58,16/9/2025 10:04:27,2022
8413,48,居民服务、修理和其他服务业,国家科技进步奖中位数,个,0,12/9/2025 10:42:58,16/9/2025 10:04:27,2022
8414,0,全行业,国家科技进步奖合计,个,0,12/9/2025 10:42:58,5/11/2025 08:56:03,2022
8415,0,全行业,国家科技进步奖均值,个,0,12/9/2025 10:42:58,5/11/2025 08:56:03,2022
8416,0,全行业,国家科技进步奖最大值,个,0,12/9/2025 10:42:58,5/11/2025 08:56:03,2022
8417,0,全行业,国家科技进步奖最小值,个,0,12/9/2025 10:42:58,5/11/2025 08:56:03,2022
8418,0,全行业,国家科技进步奖中位数,个,0,12/9/2025 10:42:59,5/11/2025 08:56:03,2022
8419,1,医药制造业,国家技术发明奖合计,个,0,12/9/2025 10:42:59,16/9/2025 10:04:28,2022
8420,1,医药制造业,国家技术发明奖均值,个,0,12/9/2025 10:42:59,16/9/2025 10:04:28,2022
8421,1,医药制造业,国家技术发明奖最大值,个,0,12/9/2025 10:42:59,16/9/2025 10:04:28,2022
8422,1,医药制造业,国家技术发明奖最小值,个,0,12/9/2025 10:42:59,16/9/2025 10:04:28,2022
8423,1,医药制造业,国家技术发明奖中位数,个,0,12/9/2025 10:42:59,16/9/2025 10:04:28,2022
8424,2,化学原料和化学制品制造业,国家技术发明奖合计,个,0,12/9/2025 10:43:00,16/9/2025 10:04:28,2022
8425,2,化学原料和化学制品制造业,国家技术发明奖均值,个,0,12/9/2025 10:43:00,16/9/2025 10:04:28,2022
8426,2,化学原料和化学制品制造业,国家技术发明奖最大值,个,0,12/9/2025 10:43:00,16/9/2025 10:04:28,2022
8427,2,化学原料和化学制品制造业,国家技术发明奖最小值,个,0,12/9/2025 10:43:00,16/9/2025 10:04:28,2022
8428,2,化学原料和化学制品制造业,国家技术发明奖中位数,个,0,12/9/2025 10:43:00,16/9/2025 10:04:28,2022
8429,3,信息传输、软件和信息技术服务业,国家技术发明奖合计,个,0,12/9/2025 10:43:00,16/9/2025 10:04:28,2022
8430,3,信息传输、软件和信息技术服务业,国家技术发明奖均值,个,0,12/9/2025 10:43:00,16/9/2025 10:04:29,2022
8431,3,信息传输、软件和信息技术服务业,国家技术发明奖最大值,个,0,12/9/2025 10:43:00,16/9/2025 10:04:29,2022
8432,3,信息传输、软件和信息技术服务业,国家技术发明奖最小值,个,0,12/9/2025 10:43:00,16/9/2025 10:04:29,2022
8433,3,信息传输、软件和信息技术服务业,国家技术发明奖中位数,个,0,12/9/2025 10:43:00,16/9/2025 10:04:29,2022
8434,4,房地产业,国家技术发明奖合计,个,0,12/9/2025 10:43:00,16/9/2025 10:04:29,2022
8435,4,房地产业,国家技术发明奖均值,个,0,12/9/2025 10:43:01,16/9/2025 10:04:29,2022
8436,4,房地产业,国家技术发明奖最大值,个,0,12/9/2025 10:43:01,16/9/2025 10:04:29,2022
8437,4,房地产业,国家技术发明奖最小值,个,0,12/9/2025 10:43:01,16/9/2025 10:04:29,2022
8438,4,房地产业,国家技术发明奖中位数,个,0,12/9/2025 10:43:01,16/9/2025 10:04:29,2022
8439,5,专用设备制造业,国家技术发明奖合计,个,0,12/9/2025 10:43:01,16/9/2025 10:04:30,2022
8440,5,专用设备制造业,国家技术发明奖均值,个,0,12/9/2025 10:43:01,16/9/2025 10:04:30,2022
8441,5,专用设备制造业,国家技术发明奖最大值,个,0,12/9/2025 10:43:01,16/9/2025 10:04:30,2022
8442,5,专用设备制造业,国家技术发明奖最小值,个,0,12/9/2025 10:43:01,16/9/2025 10:04:30,2022
8443,5,专用设备制造业,国家技术发明奖中位数,个,0,12/9/2025 10:43:01,16/9/2025 10:04:30,2022
8444,6,消费电子及电气业,国家技术发明奖合计,个,0,12/9/2025 10:43:02,16/9/2025 10:04:30,2022
8445,6,消费电子及电气业,国家技术发明奖均值,个,0,12/9/2025 10:43:02,16/9/2025 10:04:30,2022
8446,6,消费电子及电气业,国家技术发明奖最大值,个,0,12/9/2025 10:43:02,16/9/2025 10:04:30,2022
8447,6,消费电子及电气业,国家技术发明奖最小值,个,0,12/9/2025 10:43:02,16/9/2025 10:04:30,2022
8448,6,消费电子及电气业,国家技术发明奖中位数,个,0,12/9/2025 10:43:02,16/9/2025 10:04:30,2022
8449,7,金融业,国家技术发明奖合计,个,0,12/9/2025 10:43:02,16/9/2025 10:04:30,2022
8450,7,金融业,国家技术发明奖均值,个,0,12/9/2025 10:43:02,16/9/2025 10:04:30,2022
8451,7,金融业,国家技术发明奖最大值,个,0,12/9/2025 10:43:02,16/9/2025 10:04:31,2022
8452,7,金融业,国家技术发明奖最小值,个,0,12/9/2025 10:43:02,16/9/2025 10:04:31,2022
8453,7,金融业,国家技术发明奖中位数,个,0,12/9/2025 10:43:02,16/9/2025 10:04:31,2022
8454,8,商业电气机械和器材制造业,国家技术发明奖合计,个,0,12/9/2025 10:43:03,16/9/2025 10:04:31,2022
8455,8,商业电气机械和器材制造业,国家技术发明奖均值,个,0,12/9/2025 10:43:03,16/9/2025 10:04:31,2022
8456,8,商业电气机械和器材制造业,国家技术发明奖最大值,个,0,12/9/2025 10:43:03,16/9/2025 10:04:31,2022
8457,8,商业电气机械和器材制造业,国家技术发明奖最小值,个,0,12/9/2025 10:43:03,16/9/2025 10:04:31,2022
8458,8,商业电气机械和器材制造业,国家技术发明奖中位数,个,0,12/9/2025 10:43:03,16/9/2025 10:04:31,2022
8459,9,批发和零售业,国家技术发明奖合计,个,0,12/9/2025 10:43:03,16/9/2025 10:04:32,2022
8460,9,批发和零售业,国家技术发明奖均值,个,0,12/9/2025 10:43:03,16/9/2025 10:04:32,2022
8461,9,批发和零售业,国家技术发明奖最大值,个,0,12/9/2025 10:43:03,16/9/2025 10:04:32,2022
8462,9,批发和零售业,国家技术发明奖最小值,个,0,12/9/2025 10:43:03,16/9/2025 10:04:32,2022
8463,9,批发和零售业,国家技术发明奖中位数,个,0,12/9/2025 10:43:03,16/9/2025 10:04:32,2022
8464,10,食品饮料业,国家技术发明奖合计,个,0,12/9/2025 10:43:04,16/9/2025 10:04:33,2022
8465,10,食品饮料业,国家技术发明奖均值,个,0,12/9/2025 10:43:04,16/9/2025 10:04:33,2022
8466,10,食品饮料业,国家技术发明奖最大值,个,0,12/9/2025 10:43:04,16/9/2025 10:04:33,2022
8467,10,食品饮料业,国家技术发明奖最小值,个,0,12/9/2025 10:43:04,16/9/2025 10:04:33,2022
8468,10,食品饮料业,国家技术发明奖中位数,个,0,12/9/2025 10:43:04,16/9/2025 10:04:33,2022
8474,12,汽车制造业,国家技术发明奖合计,个,0,12/9/2025 10:43:05,16/9/2025 10:04:34,2022
8475,12,汽车制造业,国家技术发明奖均值,个,0,12/9/2025 10:43:05,16/9/2025 10:04:34,2022
8476,12,汽车制造业,国家技术发明奖最大值,个,0,12/9/2025 10:43:05,16/9/2025 10:04:34,2022
8477,12,汽车制造业,国家技术发明奖最小值,个,0,12/9/2025 10:43:05,16/9/2025 10:04:34,2022
8478,12,汽车制造业,国家技术发明奖中位数,个,0,12/9/2025 10:43:05,16/9/2025 10:04:34,2022
8479,13,电力、热力、燃气及水生产和供应业,国家技术发明奖合计,个,0,12/9/2025 10:43:06,16/9/2025 10:04:35,2022
8480,13,电力、热力、燃气及水生产和供应业,国家技术发明奖均值,个,0,12/9/2025 10:43:06,16/9/2025 10:04:35,2022
8481,13,电力、热力、燃气及水生产和供应业,国家技术发明奖最大值,个,0,12/9/2025 10:43:06,16/9/2025 10:04:35,2022
8482,13,电力、热力、燃气及水生产和供应业,国家技术发明奖最小值,个,0,12/9/2025 10:43:06,16/9/2025 10:04:35,2022
8483,13,电力、热力、燃气及水生产和供应业,国家技术发明奖中位数,个,0,12/9/2025 10:43:06,16/9/2025 10:04:35,2022
8484,14,采矿业,国家技术发明奖合计,个,0,12/9/2025 10:43:06,16/9/2025 10:04:35,2022
8485,14,采矿业,国家技术发明奖均值,个,0,12/9/2025 10:43:06,16/9/2025 10:04:35,2022
8486,14,采矿业,国家技术发明奖最大值,个,0,12/9/2025 10:43:06,16/9/2025 10:04:36,2022
8487,14,采矿业,国家技术发明奖最小值,个,0,12/9/2025 10:43:07,16/9/2025 10:04:36,2022
8488,14,采矿业,国家技术发明奖中位数,个,0,12/9/2025 10:43:07,16/9/2025 10:04:36,2022
8489,15,纺织鞋服业,国家技术发明奖合计,个,0,12/9/2025 10:43:07,16/9/2025 10:04:36,2022
8490,15,纺织鞋服业,国家技术发明奖均值,个,0,12/9/2025 10:43:07,16/9/2025 10:04:36,2022
8491,15,纺织鞋服业,国家技术发明奖最大值,个,0,12/9/2025 10:43:07,16/9/2025 10:04:36,2022
8492,15,纺织鞋服业,国家技术发明奖最小值,个,0,12/9/2025 10:43:07,16/9/2025 10:04:37,2022
8493,15,纺织鞋服业,国家技术发明奖中位数,个,0,12/9/2025 10:43:07,16/9/2025 10:04:37,2022
8494,16,建筑业,国家技术发明奖合计,个,0,12/9/2025 10:43:07,16/9/2025 10:04:37,2022
8495,16,建筑业,国家技术发明奖均值,个,0,12/9/2025 10:43:07,16/9/2025 10:04:37,2022
8496,16,建筑业,国家技术发明奖最大值,个,0,12/9/2025 10:43:08,16/9/2025 10:04:37,2022
8497,16,建筑业,国家技术发明奖最小值,个,0,12/9/2025 10:43:08,16/9/2025 10:04:37,2022
8498,16,建筑业,国家技术发明奖中位数,个,0,12/9/2025 10:43:08,16/9/2025 10:04:37,2022
8499,17,交通运输、仓储和邮政业,国家技术发明奖合计,个,0,12/9/2025 10:43:08,16/9/2025 10:04:37,2022
8500,17,交通运输、仓储和邮政业,国家技术发明奖均值,个,0,12/9/2025 10:43:08,16/9/2025 10:04:37,2022
8501,17,交通运输、仓储和邮政业,国家技术发明奖最大值,个,0,12/9/2025 10:43:08,16/9/2025 10:04:37,2022
8502,17,交通运输、仓储和邮政业,国家技术发明奖最小值,个,0,12/9/2025 10:43:08,16/9/2025 10:04:37,2022
8503,17,交通运输、仓储和邮政业,国家技术发明奖中位数,个,0,12/9/2025 10:43:08,16/9/2025 10:04:37,2022
8504,18,通用设备制造业,国家技术发明奖合计,个,0,12/9/2025 10:43:09,16/9/2025 10:04:38,2022
8505,18,通用设备制造业,国家技术发明奖均值,个,0,12/9/2025 10:43:09,16/9/2025 10:04:38,2022
8506,18,通用设备制造业,国家技术发明奖最大值,个,0,12/9/2025 10:43:09,16/9/2025 10:04:38,2022
8507,18,通用设备制造业,国家技术发明奖最小值,个,0,12/9/2025 10:43:09,16/9/2025 10:04:38,2022
8508,18,通用设备制造业,国家技术发明奖中位数,个,0,12/9/2025 10:43:09,16/9/2025 10:04:38,2022
8509,19,半导体业,国家技术发明奖合计,个,0,12/9/2025 10:43:09,16/9/2025 10:04:38,2022
8510,19,半导体业,国家技术发明奖均值,个,0,12/9/2025 10:43:09,16/9/2025 10:04:38,2022
8511,19,半导体业,国家技术发明奖最大值,个,0,12/9/2025 10:43:09,16/9/2025 10:04:38,2022
8512,19,半导体业,国家技术发明奖最小值,个,0,12/9/2025 10:43:09,16/9/2025 10:04:38,2022
8513,19,半导体业,国家技术发明奖中位数,个,0,12/9/2025 10:43:10,16/9/2025 10:04:38,2022
8514,20,租赁和商务服务业,国家技术发明奖合计,个,0,12/9/2025 10:43:10,16/9/2025 10:04:39,2022
8515,20,租赁和商务服务业,国家技术发明奖均值,个,0,12/9/2025 10:43:10,16/9/2025 10:04:39,2022
8516,20,租赁和商务服务业,国家技术发明奖最大值,个,0,12/9/2025 10:43:10,16/9/2025 10:04:39,2022
8517,20,租赁和商务服务业,国家技术发明奖最小值,个,0,12/9/2025 10:43:10,16/9/2025 10:04:39,2022
8518,20,租赁和商务服务业,国家技术发明奖中位数,个,0,12/9/2025 10:43:10,16/9/2025 10:04:39,2022
8519,21,通信传输设备业,国家技术发明奖合计,个,0,12/9/2025 10:43:10,16/9/2025 10:04:39,2022
8520,21,通信传输设备业,国家技术发明奖均值,个,0,12/9/2025 10:43:10,16/9/2025 10:04:39,2022
8521,21,通信传输设备业,国家技术发明奖最大值,个,0,12/9/2025 10:43:10,16/9/2025 10:04:40,2022
8522,21,通信传输设备业,国家技术发明奖最小值,个,0,12/9/2025 10:43:10,16/9/2025 10:04:40,2022
8523,21,通信传输设备业,国家技术发明奖中位数,个,0,12/9/2025 10:43:11,16/9/2025 10:04:40,2022
8524,22,非金属矿物制品业,国家技术发明奖合计,个,0,12/9/2025 10:43:11,16/9/2025 10:04:40,2022
8525,22,非金属矿物制品业,国家技术发明奖均值,个,0,12/9/2025 10:43:11,16/9/2025 10:04:40,2022
8526,22,非金属矿物制品业,国家技术发明奖最大值,个,0,12/9/2025 10:43:11,16/9/2025 10:04:40,2022
8527,22,非金属矿物制品业,国家技术发明奖最小值,个,0,12/9/2025 10:43:11,16/9/2025 10:04:40,2022
8528,22,非金属矿物制品业,国家技术发明奖中位数,个,0,12/9/2025 10:43:11,16/9/2025 10:04:40,2022
8529,23,橡胶和塑料制品业,国家技术发明奖合计,个,0,12/9/2025 10:43:11,16/9/2025 10:04:41,2022
8530,23,橡胶和塑料制品业,国家技术发明奖均值,个,0,12/9/2025 10:43:11,16/9/2025 10:04:41,2022
8531,23,橡胶和塑料制品业,国家技术发明奖最大值,个,0,12/9/2025 10:43:11,16/9/2025 10:04:41,2022
8532,23,橡胶和塑料制品业,国家技术发明奖最小值,个,0,12/9/2025 10:43:12,16/9/2025 10:04:41,2022
8533,23,橡胶和塑料制品业,国家技术发明奖中位数,个,0,12/9/2025 10:43:12,16/9/2025 10:04:41,2022
8534,24,综合,国家技术发明奖合计,个,0,12/9/2025 10:43:12,16/9/2025 10:04:41,2022
8535,24,综合,国家技术发明奖均值,个,0,12/9/2025 10:43:12,16/9/2025 10:04:41,2022
8536,24,综合,国家技术发明奖最大值,个,0,12/9/2025 10:43:12,16/9/2025 10:04:41,2022
8537,24,综合,国家技术发明奖最小值,个,0,12/9/2025 10:43:12,16/9/2025 10:04:41,2022
8538,24,综合,国家技术发明奖中位数,个,0,12/9/2025 10:43:12,16/9/2025 10:04:41,2022
8539,25,其他制造业,国家技术发明奖合计,个,0,12/9/2025 10:43:12,16/9/2025 10:04:42,2022
8540,25,其他制造业,国家技术发明奖均值,个,0,12/9/2025 10:43:13,16/9/2025 10:04:42,2022
8541,25,其他制造业,国家技术发明奖最大值,个,0,12/9/2025 10:43:13,16/9/2025 10:04:42,2022
8542,25,其他制造业,国家技术发明奖最小值,个,0,12/9/2025 10:43:13,16/9/2025 10:04:42,2022
8543,25,其他制造业,国家技术发明奖中位数,个,0,12/9/2025 10:43:13,16/9/2025 10:04:42,2022
8544,26,金属制品业,国家技术发明奖合计,个,0,12/9/2025 10:43:13,16/9/2025 10:04:42,2022
8545,26,金属制品业,国家技术发明奖均值,个,0,12/9/2025 10:43:13,16/9/2025 10:04:43,2022
8546,26,金属制品业,国家技术发明奖最大值,个,0,12/9/2025 10:43:13,16/9/2025 10:04:43,2022
8547,26,金属制品业,国家技术发明奖最小值,个,0,12/9/2025 10:43:13,16/9/2025 10:04:43,2022
8548,26,金属制品业,国家技术发明奖中位数,个,0,12/9/2025 10:43:14,16/9/2025 10:04:43,2022
8549,27,铁路、船舶、航空航天和其他运输设备制造业,国家技术发明奖合计,个,0,12/9/2025 10:43:14,16/9/2025 10:04:43,2022
8550,27,铁路、船舶、航空航天和其他运输设备制造业,国家技术发明奖均值,个,0,12/9/2025 10:43:14,16/9/2025 10:04:43,2022
8551,27,铁路、船舶、航空航天和其他运输设备制造业,国家技术发明奖最大值,个,0,12/9/2025 10:43:14,16/9/2025 10:04:43,2022
8552,27,铁路、船舶、航空航天和其他运输设备制造业,国家技术发明奖最小值,个,0,12/9/2025 10:43:14,16/9/2025 10:04:43,2022
8553,27,铁路、船舶、航空航天和其他运输设备制造业,国家技术发明奖中位数,个,0,12/9/2025 10:43:14,16/9/2025 10:04:43,2022
8554,28,水利、环境和公共设施管理业,国家技术发明奖合计,个,0,12/9/2025 10:43:15,16/9/2025 10:04:44,2022
8555,28,水利、环境和公共设施管理业,国家技术发明奖均值,个,0,12/9/2025 10:43:15,16/9/2025 10:04:44,2022
8556,28,水利、环境和公共设施管理业,国家技术发明奖最大值,个,0,12/9/2025 10:43:15,16/9/2025 10:04:44,2022
8557,28,水利、环境和公共设施管理业,国家技术发明奖最小值,个,0,12/9/2025 10:43:15,16/9/2025 10:04:44,2022
8558,28,水利、环境和公共设施管理业,国家技术发明奖中位数,个,0,12/9/2025 10:43:15,16/9/2025 10:04:44,2022
8559,29,金属冶炼和压延加工业,国家技术发明奖合计,个,0,12/9/2025 10:43:15,16/9/2025 10:04:44,2022
8560,29,金属冶炼和压延加工业,国家技术发明奖均值,个,0,12/9/2025 10:43:15,16/9/2025 10:04:44,2022
8561,29,金属冶炼和压延加工业,国家技术发明奖最大值,个,0,12/9/2025 10:43:16,16/9/2025 10:04:44,2022
8562,29,金属冶炼和压延加工业,国家技术发明奖最小值,个,0,12/9/2025 10:43:16,16/9/2025 10:04:44,2022
8563,29,金属冶炼和压延加工业,国家技术发明奖中位数,个,0,12/9/2025 10:43:16,16/9/2025 10:04:44,2022
8564,30,科学研究和技术服务业,国家技术发明奖合计,个,0,12/9/2025 10:43:16,16/9/2025 10:04:44,2022
8565,30,科学研究和技术服务业,国家技术发明奖均值,个,0,12/9/2025 10:43:16,16/9/2025 10:04:45,2022
8566,30,科学研究和技术服务业,国家技术发明奖最大值,个,0,12/9/2025 10:43:16,16/9/2025 10:04:45,2022
8567,30,科学研究和技术服务业,国家技术发明奖最小值,个,0,12/9/2025 10:43:16,16/9/2025 10:04:45,2022
8568,30,科学研究和技术服务业,国家技术发明奖中位数,个,0,12/9/2025 10:43:16,16/9/2025 10:04:45,2022
8569,31,教育,国家技术发明奖合计,个,0,12/9/2025 10:43:17,16/9/2025 10:04:45,2022
8570,31,教育,国家技术发明奖均值,个,0,12/9/2025 10:43:17,16/9/2025 10:04:45,2022
8571,31,教育,国家技术发明奖最大值,个,0,12/9/2025 10:43:17,16/9/2025 10:04:45,2022
8572,31,教育,国家技术发明奖最小值,个,0,12/9/2025 10:43:17,16/9/2025 10:04:45,2022
8573,31,教育,国家技术发明奖中位数,个,0,12/9/2025 10:43:17,16/9/2025 10:04:45,2022
8574,32,仪器仪表制造业,国家技术发明奖合计,个,0,12/9/2025 10:43:18,16/9/2025 10:04:45,2022
8575,32,仪器仪表制造业,国家技术发明奖均值,个,0,12/9/2025 10:43:18,16/9/2025 10:04:45,2022
8576,32,仪器仪表制造业,国家技术发明奖最大值,个,0,12/9/2025 10:43:18,16/9/2025 10:04:45,2022
8577,32,仪器仪表制造业,国家技术发明奖最小值,个,0,12/9/2025 10:43:18,16/9/2025 10:04:45,2022
8578,32,仪器仪表制造业,国家技术发明奖中位数,个,0,12/9/2025 10:43:18,16/9/2025 10:04:46,2022
8579,33,文化、体育和娱乐业,国家技术发明奖合计,个,0,12/9/2025 10:43:18,16/9/2025 10:04:46,2022
8580,33,文化、体育和娱乐业,国家技术发明奖均值,个,0,12/9/2025 10:43:18,16/9/2025 10:04:46,2022
8581,33,文化、体育和娱乐业,国家技术发明奖最大值,个,0,12/9/2025 10:43:18,16/9/2025 10:04:46,2022
8582,33,文化、体育和娱乐业,国家技术发明奖最小值,个,0,12/9/2025 10:43:18,16/9/2025 10:04:46,2022
8583,33,文化、体育和娱乐业,国家技术发明奖中位数,个,0,12/9/2025 10:43:18,16/9/2025 10:04:46,2022
8584,34,农、林、牧、渔业,国家技术发明奖合计,个,0,12/9/2025 10:43:19,16/9/2025 10:04:46,2022
8585,34,农、林、牧、渔业,国家技术发明奖均值,个,0,12/9/2025 10:43:19,16/9/2025 10:04:46,2022
8586,34,农、林、牧、渔业,国家技术发明奖最大值,个,0,12/9/2025 10:43:19,16/9/2025 10:04:46,2022
8587,34,农、林、牧、渔业,国家技术发明奖最小值,个,0,12/9/2025 10:43:19,16/9/2025 10:04:46,2022
8588,34,农、林、牧、渔业,国家技术发明奖中位数,个,0,12/9/2025 10:43:19,16/9/2025 10:04:47,2022
8589,35,卫生和社会工作,国家技术发明奖合计,个,0,12/9/2025 10:43:19,16/9/2025 10:04:47,2022
8590,35,卫生和社会工作,国家技术发明奖均值,个,0,12/9/2025 10:43:19,16/9/2025 10:04:47,2022
8591,35,卫生和社会工作,国家技术发明奖最大值,个,0,12/9/2025 10:43:19,16/9/2025 10:04:47,2022
8592,35,卫生和社会工作,国家技术发明奖最小值,个,0,12/9/2025 10:43:20,16/9/2025 10:04:47,2022
8593,35,卫生和社会工作,国家技术发明奖中位数,个,0,12/9/2025 10:43:20,16/9/2025 10:04:47,2022
8594,36,造纸和纸制品业,国家技术发明奖合计,个,0,12/9/2025 10:43:20,16/9/2025 10:04:47,2022
8595,36,造纸和纸制品业,国家技术发明奖均值,个,0,12/9/2025 10:43:20,16/9/2025 10:04:47,2022
8596,36,造纸和纸制品业,国家技术发明奖最大值,个,0,12/9/2025 10:43:20,16/9/2025 10:04:47,2022
8597,36,造纸和纸制品业,国家技术发明奖最小值,个,0,12/9/2025 10:43:20,16/9/2025 10:04:47,2022
8598,36,造纸和纸制品业,国家技术发明奖中位数,个,0,12/9/2025 10:43:20,16/9/2025 10:04:47,2022
8599,37,住宿和餐饮业,国家技术发明奖合计,个,0,12/9/2025 10:43:20,16/9/2025 10:04:48,2022
8600,37,住宿和餐饮业,国家技术发明奖均值,个,0,12/9/2025 10:43:20,16/9/2025 10:04:48,2022
8601,37,住宿和餐饮业,国家技术发明奖最大值,个,0,12/9/2025 10:43:20,16/9/2025 10:04:48,2022
8602,37,住宿和餐饮业,国家技术发明奖最小值,个,0,12/9/2025 10:43:20,16/9/2025 10:04:48,2022
8603,37,住宿和餐饮业,国家技术发明奖中位数,个,0,12/9/2025 10:43:21,16/9/2025 10:04:48,2022
8604,38,家具制造业,国家技术发明奖合计,个,0,12/9/2025 10:43:21,16/9/2025 10:04:48,2022
8605,38,家具制造业,国家技术发明奖均值,个,0,12/9/2025 10:43:21,16/9/2025 10:04:48,2022
8606,38,家具制造业,国家技术发明奖最大值,个,0,12/9/2025 10:43:21,16/9/2025 10:04:48,2022
8607,38,家具制造业,国家技术发明奖最小值,个,0,12/9/2025 10:43:21,16/9/2025 10:04:48,2022
8608,38,家具制造业,国家技术发明奖中位数,个,0,12/9/2025 10:43:22,16/9/2025 10:04:48,2022
8609,39,印刷和记录媒介复制业,国家技术发明奖合计,个,0,12/9/2025 10:43:22,16/9/2025 10:04:48,2022
8610,39,印刷和记录媒介复制业,国家技术发明奖均值,个,0,12/9/2025 10:43:22,16/9/2025 10:04:48,2022
8611,39,印刷和记录媒介复制业,国家技术发明奖最大值,个,0,12/9/2025 10:43:22,16/9/2025 10:04:48,2022
8612,39,印刷和记录媒介复制业,国家技术发明奖最小值,个,0,12/9/2025 10:43:22,16/9/2025 10:04:48,2022
8613,39,印刷和记录媒介复制业,国家技术发明奖中位数,个,0,12/9/2025 10:43:22,16/9/2025 10:04:49,2022
8614,41,文教、工美、体育和娱乐用品制造业,国家技术发明奖合计,个,0,12/9/2025 10:43:23,16/9/2025 10:04:49,2022
8615,41,文教、工美、体育和娱乐用品制造业,国家技术发明奖均值,个,0,12/9/2025 10:43:23,16/9/2025 10:04:49,2022
8616,41,文教、工美、体育和娱乐用品制造业,国家技术发明奖最大值,个,0,12/9/2025 10:43:23,16/9/2025 10:04:49,2022
8617,41,文教、工美、体育和娱乐用品制造业,国家技术发明奖最小值,个,0,12/9/2025 10:43:23,16/9/2025 10:04:49,2022
8618,41,文教、工美、体育和娱乐用品制造业,国家技术发明奖中位数,个,0,12/9/2025 10:43:23,16/9/2025 10:04:49,2022
8624,43,化学纤维制造业,国家技术发明奖合计,个,0,12/9/2025 10:43:25,16/9/2025 10:04:50,2022
8625,43,化学纤维制造业,国家技术发明奖均值,个,0,12/9/2025 10:43:25,16/9/2025 10:04:50,2022
8626,43,化学纤维制造业,国家技术发明奖最大值,个,0,12/9/2025 10:43:25,16/9/2025 10:04:50,2022
8627,43,化学纤维制造业,国家技术发明奖最小值,个,0,12/9/2025 10:43:25,16/9/2025 10:04:50,2022
8628,43,化学纤维制造业,国家技术发明奖中位数,个,0,12/9/2025 10:43:25,16/9/2025 10:04:50,2022
8634,45,石油加工、炼焦和核燃料加工业,国家技术发明奖合计,个,0,12/9/2025 10:43:25,16/9/2025 10:04:50,2022
8635,45,石油加工、炼焦和核燃料加工业,国家技术发明奖均值,个,0,12/9/2025 10:43:25,16/9/2025 10:04:50,2022
8636,45,石油加工、炼焦和核燃料加工业,国家技术发明奖最大值,个,0,12/9/2025 10:43:26,16/9/2025 10:04:50,2022
8637,45,石油加工、炼焦和核燃料加工业,国家技术发明奖最小值,个,0,12/9/2025 10:43:26,16/9/2025 10:04:51,2022
8638,45,石油加工、炼焦和核燃料加工业,国家技术发明奖中位数,个,0,12/9/2025 10:43:26,16/9/2025 10:04:51,2022
8639,46,废弃资源综合利用业,国家技术发明奖合计,个,0,12/9/2025 10:43:26,16/9/2025 10:04:51,2022
8640,46,废弃资源综合利用业,国家技术发明奖均值,个,0,12/9/2025 10:43:26,16/9/2025 10:04:51,2022
8641,46,废弃资源综合利用业,国家技术发明奖最大值,个,0,12/9/2025 10:43:26,16/9/2025 10:04:51,2022
8642,46,废弃资源综合利用业,国家技术发明奖最小值,个,0,12/9/2025 10:43:26,16/9/2025 10:04:51,2022
8643,46,废弃资源综合利用业,国家技术发明奖中位数,个,0,12/9/2025 10:43:26,16/9/2025 10:04:51,2022
8644,47,木材加工和木、竹、藤、棕、草制品业,国家技术发明奖合计,个,0,12/9/2025 10:43:27,16/9/2025 10:04:51,2022
8645,47,木材加工和木、竹、藤、棕、草制品业,国家技术发明奖均值,个,0,12/9/2025 10:43:27,16/9/2025 10:04:51,2022
8646,47,木材加工和木、竹、藤、棕、草制品业,国家技术发明奖最大值,个,0,12/9/2025 10:43:27,16/9/2025 10:04:51,2022
8647,47,木材加工和木、竹、藤、棕、草制品业,国家技术发明奖最小值,个,0,12/9/2025 10:43:27,16/9/2025 10:04:51,2022
8648,47,木材加工和木、竹、藤、棕、草制品业,国家技术发明奖中位数,个,0,12/9/2025 10:43:27,16/9/2025 10:04:51,2022
8649,48,居民服务、修理和其他服务业,国家技术发明奖合计,个,0,12/9/2025 10:43:27,16/9/2025 10:04:52,2022
8650,48,居民服务、修理和其他服务业,国家技术发明奖均值,个,0,12/9/2025 10:43:27,16/9/2025 10:04:52,2022
8651,48,居民服务、修理和其他服务业,国家技术发明奖最大值,个,0,12/9/2025 10:43:27,16/9/2025 10:04:52,2022
8652,48,居民服务、修理和其他服务业,国家技术发明奖最小值,个,0,12/9/2025 10:43:27,16/9/2025 10:04:52,2022
8653,48,居民服务、修理和其他服务业,国家技术发明奖中位数,个,0,12/9/2025 10:43:27,16/9/2025 10:04:52,2022
8654,0,全行业,国家技术发明奖合计,个,0,12/9/2025 10:43:27,5/11/2025 08:56:03,2022
8655,0,全行业,国家技术发明奖均值,个,0,12/9/2025 10:43:27,5/11/2025 08:56:03,2022
8656,0,全行业,国家技术发明奖最大值,个,0,12/9/2025 10:43:27,5/11/2025 08:56:03,2022
8657,0,全行业,国家技术发明奖最小值,个,0,12/9/2025 10:43:28,5/11/2025 08:56:03,2022
8658,0,全行业,国家技术发明奖中位数,个,0,12/9/2025 10:43:28,5/11/2025 08:56:03,2022
8659,1,医药制造业,省/部级科技进步奖合计,个,41,12/9/2025 10:43:28,16/9/2025 10:04:53,2022
8660,1,医药制造业,省/部级科技进步奖均值,个,1.32258064516129,12/9/2025 10:43:28,16/9/2025 10:04:53,2022
8661,1,医药制造业,省/部级科技进步奖最大值,个,3,12/9/2025 10:43:28,16/9/2025 10:04:53,2022
8662,1,医药制造业,省/部级科技进步奖最小值,个,1,12/9/2025 10:43:28,16/9/2025 10:04:53,2022
8663,1,医药制造业,省/部级科技进步奖中位数,个,1,12/9/2025 10:43:28,16/9/2025 10:04:53,2022
8664,2,化学原料和化学制品制造业,省/部级科技进步奖合计,个,26,12/9/2025 10:43:28,16/9/2025 10:04:53,2022
8665,2,化学原料和化学制品制造业,省/部级科技进步奖均值,个,1.18181818181818,12/9/2025 10:43:28,16/9/2025 10:04:53,2022
8666,2,化学原料和化学制品制造业,省/部级科技进步奖最大值,个,5,12/9/2025 10:43:28,16/9/2025 10:04:53,2022
8667,2,化学原料和化学制品制造业,省/部级科技进步奖最小值,个,1,12/9/2025 10:43:28,16/9/2025 10:04:53,2022
8668,2,化学原料和化学制品制造业,省/部级科技进步奖中位数,个,1,12/9/2025 10:43:29,16/9/2025 10:04:53,2022
8669,3,信息传输、软件和信息技术服务业,省/部级科技进步奖合计,个,51,12/9/2025 10:43:29,16/9/2025 10:04:54,2022
8670,3,信息传输、软件和信息技术服务业,省/部级科技进步奖均值,个,1.30769230769231,12/9/2025 10:43:29,16/9/2025 10:04:54,2022
8671,3,信息传输、软件和信息技术服务业,省/部级科技进步奖最大值,个,4,12/9/2025 10:43:29,16/9/2025 10:04:54,2022
8672,3,信息传输、软件和信息技术服务业,省/部级科技进步奖最小值,个,1,12/9/2025 10:43:29,16/9/2025 10:04:54,2022
8673,3,信息传输、软件和信息技术服务业,省/部级科技进步奖中位数,个,1,12/9/2025 10:43:29,16/9/2025 10:04:54,2022
8674,4,房地产业,省/部级科技进步奖合计,个,5,12/9/2025 10:43:30,16/9/2025 10:04:55,2022
8675,4,房地产业,省/部级科技进步奖均值,个,2.5,12/9/2025 10:43:30,16/9/2025 10:04:55,2022
8676,4,房地产业,省/部级科技进步奖最大值,个,3,12/9/2025 10:43:30,16/9/2025 10:04:55,2022
8677,4,房地产业,省/部级科技进步奖最小值,个,2,12/9/2025 10:43:30,16/9/2025 10:04:55,2022
8678,4,房地产业,省/部级科技进步奖中位数,个,2.5,12/9/2025 10:43:30,16/9/2025 10:04:55,2022
8679,5,专用设备制造业,省/部级科技进步奖合计,个,64,12/9/2025 10:43:30,16/9/2025 10:04:55,2022
8680,5,专用设备制造业,省/部级科技进步奖均值,个,1.82857142857143,12/9/2025 10:43:30,16/9/2025 10:04:55,2022
8681,5,专用设备制造业,省/部级科技进步奖最大值,个,11,12/9/2025 10:43:30,16/9/2025 10:04:56,2022
8682,5,专用设备制造业,省/部级科技进步奖最小值,个,1,12/9/2025 10:43:30,16/9/2025 10:04:56,2022
8683,5,专用设备制造业,省/部级科技进步奖中位数,个,1,12/9/2025 10:43:31,16/9/2025 10:04:56,2022
8684,6,消费电子及电气业,省/部级科技进步奖合计,个,29,12/9/2025 10:43:31,16/9/2025 10:04:56,2022
8685,6,消费电子及电气业,省/部级科技进步奖均值,个,1.61111111111111,12/9/2025 10:43:31,16/9/2025 10:04:56,2022
8686,6,消费电子及电气业,省/部级科技进步奖最大值,个,7,12/9/2025 10:43:31,16/9/2025 10:04:56,2022
8687,6,消费电子及电气业,省/部级科技进步奖最小值,个,1,12/9/2025 10:43:31,16/9/2025 10:04:56,2022
8688,6,消费电子及电气业,省/部级科技进步奖中位数,个,1,12/9/2025 10:43:31,16/9/2025 10:04:56,2022
8689,7,金融业,省/部级科技进步奖合计,个,6,12/9/2025 10:43:31,16/9/2025 10:04:57,2022
8690,7,金融业,省/部级科技进步奖均值,个,2,12/9/2025 10:43:31,16/9/2025 10:04:57,2022
8691,7,金融业,省/部级科技进步奖最大值,个,3,12/9/2025 10:43:31,16/9/2025 10:04:57,2022
8692,7,金融业,省/部级科技进步奖最小值,个,1,12/9/2025 10:43:32,16/9/2025 10:04:57,2022
8693,7,金融业,省/部级科技进步奖中位数,个,2,12/9/2025 10:43:32,16/9/2025 10:04:57,2022
8694,8,商业电气机械和器材制造业,省/部级科技进步奖合计,个,102,12/9/2025 10:43:32,16/9/2025 10:04:58,2022
8695,8,商业电气机械和器材制造业,省/部级科技进步奖均值,个,2.21739130434783,12/9/2025 10:43:32,16/9/2025 10:04:58,2022
8696,8,商业电气机械和器材制造业,省/部级科技进步奖最大值,个,22,12/9/2025 10:43:32,16/9/2025 10:04:58,2022
8697,8,商业电气机械和器材制造业,省/部级科技进步奖最小值,个,1,12/9/2025 10:43:32,16/9/2025 10:04:58,2022
8698,8,商业电气机械和器材制造业,省/部级科技进步奖中位数,个,1,12/9/2025 10:43:32,16/9/2025 10:04:58,2022
8699,9,批发和零售业,省/部级科技进步奖合计,个,8,12/9/2025 10:43:32,16/9/2025 10:04:58,2022
8700,9,批发和零售业,省/部级科技进步奖均值,个,1,12/9/2025 10:43:33,16/9/2025 10:04:58,2022
8701,9,批发和零售业,省/部级科技进步奖最大值,个,1,12/9/2025 10:43:33,16/9/2025 10:04:58,2022
8702,9,批发和零售业,省/部级科技进步奖最小值,个,1,12/9/2025 10:43:33,16/9/2025 10:04:58,2022
8703,9,批发和零售业,省/部级科技进步奖中位数,个,1,12/9/2025 10:43:33,16/9/2025 10:04:58,2022
8704,10,食品饮料业,省/部级科技进步奖合计,个,21,12/9/2025 10:43:33,16/9/2025 10:04:58,2022
8705,10,食品饮料业,省/部级科技进步奖均值,个,1.61538461538462,12/9/2025 10:43:33,16/9/2025 10:04:58,2022
8706,10,食品饮料业,省/部级科技进步奖最大值,个,4,12/9/2025 10:43:33,16/9/2025 10:04:58,2022
8707,10,食品饮料业,省/部级科技进步奖最小值,个,1,12/9/2025 10:43:33,16/9/2025 10:04:58,2022
8708,10,食品饮料业,省/部级科技进步奖中位数,个,1,12/9/2025 10:43:34,16/9/2025 10:04:59,2022
8714,12,汽车制造业,省/部级科技进步奖合计,个,53,12/9/2025 10:43:34,16/9/2025 10:04:59,2022
8715,12,汽车制造业,省/部级科技进步奖均值,个,2.40909090909091,12/9/2025 10:43:34,16/9/2025 10:04:59,2022
8716,12,汽车制造业,省/部级科技进步奖最大值,个,7,12/9/2025 10:43:34,16/9/2025 10:04:59,2022
8717,12,汽车制造业,省/部级科技进步奖最小值,个,1,12/9/2025 10:43:35,16/9/2025 10:04:59,2022
8718,12,汽车制造业,省/部级科技进步奖中位数,个,1,12/9/2025 10:43:35,16/9/2025 10:04:59,2022
8719,13,电力、热力、燃气及水生产和供应业,省/部级科技进步奖合计,个,32,12/9/2025 10:43:35,16/9/2025 10:05:00,2022
8720,13,电力、热力、燃气及水生产和供应业,省/部级科技进步奖均值,个,1.6,12/9/2025 10:43:35,16/9/2025 10:05:00,2022
8721,13,电力、热力、燃气及水生产和供应业,省/部级科技进步奖最大值,个,5,12/9/2025 10:43:35,16/9/2025 10:05:00,2022
8722,13,电力、热力、燃气及水生产和供应业,省/部级科技进步奖最小值,个,1,12/9/2025 10:43:35,16/9/2025 10:05:00,2022
8723,13,电力、热力、燃气及水生产和供应业,省/部级科技进步奖中位数,个,1,12/9/2025 10:43:35,16/9/2025 10:05:00,2022
8724,14,采矿业,省/部级科技进步奖合计,个,164,12/9/2025 10:43:35,16/9/2025 10:05:00,2022
8725,14,采矿业,省/部级科技进步奖均值,个,6.07407407407407,12/9/2025 10:43:35,16/9/2025 10:05:00,2022
8726,14,采矿业,省/部级科技进步奖最大值,个,60,12/9/2025 10:43:35,16/9/2025 10:05:00,2022
8727,14,采矿业,省/部级科技进步奖最小值,个,1,12/9/2025 10:43:35,16/9/2025 10:05:00,2022
8728,14,采矿业,省/部级科技进步奖中位数,个,2,12/9/2025 10:43:35,16/9/2025 10:05:00,2022
8729,15,纺织鞋服业,省/部级科技进步奖合计,个,1,12/9/2025 10:43:36,16/9/2025 10:05:01,2022
8730,15,纺织鞋服业,省/部级科技进步奖均值,个,1,12/9/2025 10:43:36,16/9/2025 10:05:01,2022
8731,15,纺织鞋服业,省/部级科技进步奖最大值,个,1,12/9/2025 10:43:36,16/9/2025 10:05:01,2022
8732,15,纺织鞋服业,省/部级科技进步奖最小值,个,1,12/9/2025 10:43:36,16/9/2025 10:05:01,2022
8733,15,纺织鞋服业,省/部级科技进步奖中位数,个,1,12/9/2025 10:43:36,16/9/2025 10:05:01,2022
8734,16,建筑业,省/部级科技进步奖合计,个,296,12/9/2025 10:43:37,16/9/2025 10:05:01,2022
8735,16,建筑业,省/部级科技进步奖均值,个,12.8695652173913,12/9/2025 10:43:37,16/9/2025 10:05:01,2022
8736,16,建筑业,省/部级科技进步奖最大值,个,63,12/9/2025 10:43:37,16/9/2025 10:05:01,2022
8737,16,建筑业,省/部级科技进步奖最小值,个,1,12/9/2025 10:43:37,16/9/2025 10:05:01,2022
8738,16,建筑业,省/部级科技进步奖中位数,个,5,12/9/2025 10:43:37,16/9/2025 10:05:01,2022
8739,17,交通运输、仓储和邮政业,省/部级科技进步奖合计,个,9,12/9/2025 10:43:37,16/9/2025 10:05:02,2022
8740,17,交通运输、仓储和邮政业,省/部级科技进步奖均值,个,2.25,12/9/2025 10:43:37,16/9/2025 10:05:02,2022
8741,17,交通运输、仓储和邮政业,省/部级科技进步奖最大值,个,6,12/9/2025 10:43:37,16/9/2025 10:05:02,2022
8742,17,交通运输、仓储和邮政业,省/部级科技进步奖最小值,个,1,12/9/2025 10:43:37,16/9/2025 10:05:02,2022
8743,17,交通运输、仓储和邮政业,省/部级科技进步奖中位数,个,1,12/9/2025 10:43:37,16/9/2025 10:05:02,2022
8744,18,通用设备制造业,省/部级科技进步奖合计,个,41,12/9/2025 10:43:38,16/9/2025 10:05:02,2022
8745,18,通用设备制造业,省/部级科技进步奖均值,个,2.5625,12/9/2025 10:43:38,16/9/2025 10:05:02,2022
8746,18,通用设备制造业,省/部级科技进步奖最大值,个,12,12/9/2025 10:43:38,16/9/2025 10:05:02,2022
8747,18,通用设备制造业,省/部级科技进步奖最小值,个,1,12/9/2025 10:43:38,16/9/2025 10:05:02,2022
8748,18,通用设备制造业,省/部级科技进步奖中位数,个,1.5,12/9/2025 10:43:38,16/9/2025 10:05:02,2022
8749,19,半导体业,省/部级科技进步奖合计,个,9,12/9/2025 10:43:39,16/9/2025 10:05:02,2022
8750,19,半导体业,省/部级科技进步奖均值,个,1.28571428571429,12/9/2025 10:43:39,16/9/2025 10:05:02,2022
8751,19,半导体业,省/部级科技进步奖最大值,个,3,12/9/2025 10:43:39,16/9/2025 10:05:03,2022
8752,19,半导体业,省/部级科技进步奖最小值,个,1,12/9/2025 10:43:39,16/9/2025 10:05:03,2022
8753,19,半导体业,省/部级科技进步奖中位数,个,1,12/9/2025 10:43:39,16/9/2025 10:05:03,2022
8754,20,租赁和商务服务业,省/部级科技进步奖合计,个,0,12/9/2025 10:43:39,16/9/2025 10:05:03,2022
8755,20,租赁和商务服务业,省/部级科技进步奖均值,个,0,12/9/2025 10:43:39,16/9/2025 10:05:03,2022
8756,20,租赁和商务服务业,省/部级科技进步奖最大值,个,0,12/9/2025 10:43:39,16/9/2025 10:05:03,2022
8757,20,租赁和商务服务业,省/部级科技进步奖最小值,个,0,12/9/2025 10:43:39,16/9/2025 10:05:03,2022
8758,20,租赁和商务服务业,省/部级科技进步奖中位数,个,0,12/9/2025 10:43:39,16/9/2025 10:05:03,2022
8759,21,通信传输设备业,省/部级科技进步奖合计,个,19,12/9/2025 10:43:39,16/9/2025 10:05:04,2022
8760,21,通信传输设备业,省/部级科技进步奖均值,个,1.46153846153846,12/9/2025 10:43:40,16/9/2025 10:05:04,2022
8761,21,通信传输设备业,省/部级科技进步奖最大值,个,5,12/9/2025 10:43:40,16/9/2025 10:05:04,2022
8762,21,通信传输设备业,省/部级科技进步奖最小值,个,1,12/9/2025 10:43:40,16/9/2025 10:05:04,2022
8763,21,通信传输设备业,省/部级科技进步奖中位数,个,1,12/9/2025 10:43:40,16/9/2025 10:05:04,2022
8764,22,非金属矿物制品业,省/部级科技进步奖合计,个,19,12/9/2025 10:43:40,16/9/2025 10:05:05,2022
8765,22,非金属矿物制品业,省/部级科技进步奖均值,个,1.58333333333333,12/9/2025 10:43:40,16/9/2025 10:05:05,2022
8766,22,非金属矿物制品业,省/部级科技进步奖最大值,个,3,12/9/2025 10:43:40,16/9/2025 10:05:05,2022
8767,22,非金属矿物制品业,省/部级科技进步奖最小值,个,1,12/9/2025 10:43:40,16/9/2025 10:05:05,2022
8768,22,非金属矿物制品业,省/部级科技进步奖中位数,个,1,12/9/2025 10:43:40,16/9/2025 10:05:05,2022
8769,23,橡胶和塑料制品业,省/部级科技进步奖合计,个,7,12/9/2025 10:43:41,16/9/2025 10:05:05,2022
8770,23,橡胶和塑料制品业,省/部级科技进步奖均值,个,1.16666666666667,12/9/2025 10:43:41,16/9/2025 10:05:05,2022
8771,23,橡胶和塑料制品业,省/部级科技进步奖最大值,个,2,12/9/2025 10:43:41,16/9/2025 10:05:05,2022
8772,23,橡胶和塑料制品业,省/部级科技进步奖最小值,个,1,12/9/2025 10:43:41,16/9/2025 10:05:06,2022
8773,23,橡胶和塑料制品业,省/部级科技进步奖中位数,个,1,12/9/2025 10:43:41,16/9/2025 10:05:06,2022
8774,24,综合,省/部级科技进步奖合计,个,3,12/9/2025 10:43:41,16/9/2025 10:05:06,2022
8775,24,综合,省/部级科技进步奖均值,个,3,12/9/2025 10:43:41,16/9/2025 10:05:06,2022
8776,24,综合,省/部级科技进步奖最大值,个,3,12/9/2025 10:43:41,16/9/2025 10:05:06,2022
8777,24,综合,省/部级科技进步奖最小值,个,3,12/9/2025 10:43:41,16/9/2025 10:05:06,2022
8778,24,综合,省/部级科技进步奖中位数,个,3,12/9/2025 10:43:42,16/9/2025 10:05:06,2022
8779,25,其他制造业,省/部级科技进步奖合计,个,3,12/9/2025 10:43:42,16/9/2025 10:05:07,2022
8780,25,其他制造业,省/部级科技进步奖均值,个,1,12/9/2025 10:43:42,16/9/2025 10:05:07,2022
8781,25,其他制造业,省/部级科技进步奖最大值,个,1,12/9/2025 10:43:42,16/9/2025 10:05:07,2022
8782,25,其他制造业,省/部级科技进步奖最小值,个,1,12/9/2025 10:43:42,16/9/2025 10:05:07,2022
8783,25,其他制造业,省/部级科技进步奖中位数,个,1,12/9/2025 10:43:42,16/9/2025 10:05:07,2022
8784,26,金属制品业,省/部级科技进步奖合计,个,7,12/9/2025 10:43:43,16/9/2025 10:05:07,2022
8785,26,金属制品业,省/部级科技进步奖均值,个,1,12/9/2025 10:43:43,16/9/2025 10:05:07,2022
8786,26,金属制品业,省/部级科技进步奖最大值,个,1,12/9/2025 10:43:43,16/9/2025 10:05:08,2022
8787,26,金属制品业,省/部级科技进步奖最小值,个,1,12/9/2025 10:43:43,16/9/2025 10:05:08,2022
8788,26,金属制品业,省/部级科技进步奖中位数,个,1,12/9/2025 10:43:43,16/9/2025 10:05:08,2022
8789,27,铁路、船舶、航空航天和其他运输设备制造业,省/部级科技进步奖合计,个,52,12/9/2025 10:43:43,16/9/2025 10:05:08,2022
8790,27,铁路、船舶、航空航天和其他运输设备制造业,省/部级科技进步奖均值,个,2.88888888888889,12/9/2025 10:43:43,16/9/2025 10:05:08,2022
8791,27,铁路、船舶、航空航天和其他运输设备制造业,省/部级科技进步奖最大值,个,20,12/9/2025 10:43:43,16/9/2025 10:05:08,2022
8792,27,铁路、船舶、航空航天和其他运输设备制造业,省/部级科技进步奖最小值,个,1,12/9/2025 10:43:43,16/9/2025 10:05:08,2022
8793,27,铁路、船舶、航空航天和其他运输设备制造业,省/部级科技进步奖中位数,个,1,12/9/2025 10:43:43,16/9/2025 10:05:09,2022
8794,28,水利、环境和公共设施管理业,省/部级科技进步奖合计,个,1,12/9/2025 10:43:44,16/9/2025 10:05:09,2022
8795,28,水利、环境和公共设施管理业,省/部级科技进步奖均值,个,1,12/9/2025 10:43:44,16/9/2025 10:05:09,2022
8796,28,水利、环境和公共设施管理业,省/部级科技进步奖最大值,个,1,12/9/2025 10:43:44,16/9/2025 10:05:09,2022
8797,28,水利、环境和公共设施管理业,省/部级科技进步奖最小值,个,1,12/9/2025 10:43:44,16/9/2025 10:05:09,2022
8798,28,水利、环境和公共设施管理业,省/部级科技进步奖中位数,个,1,12/9/2025 10:43:44,16/9/2025 10:05:09,2022
8799,29,金属冶炼和压延加工业,省/部级科技进步奖合计,个,56,12/9/2025 10:43:44,16/9/2025 10:05:09,2022
8800,29,金属冶炼和压延加工业,省/部级科技进步奖均值,个,2.07407407407407,12/9/2025 10:43:44,16/9/2025 10:05:09,2022
8801,29,金属冶炼和压延加工业,省/部级科技进步奖最大值,个,7,12/9/2025 10:43:44,16/9/2025 10:05:10,2022
8802,29,金属冶炼和压延加工业,省/部级科技进步奖最小值,个,1,12/9/2025 10:43:44,16/9/2025 10:05:10,2022
8803,29,金属冶炼和压延加工业,省/部级科技进步奖中位数,个,2,12/9/2025 10:43:44,16/9/2025 10:05:10,2022
8804,30,科学研究和技术服务业,省/部级科技进步奖合计,个,22,12/9/2025 10:43:45,16/9/2025 10:05:10,2022
8805,30,科学研究和技术服务业,省/部级科技进步奖均值,个,1.46666666666667,12/9/2025 10:43:45,16/9/2025 10:05:10,2022
8806,30,科学研究和技术服务业,省/部级科技进步奖最大值,个,4,12/9/2025 10:43:45,16/9/2025 10:05:10,2022
8807,30,科学研究和技术服务业,省/部级科技进步奖最小值,个,1,12/9/2025 10:43:45,16/9/2025 10:05:10,2022
8808,30,科学研究和技术服务业,省/部级科技进步奖中位数,个,1,12/9/2025 10:43:45,16/9/2025 10:05:10,2022
8809,31,教育,省/部级科技进步奖合计,个,0,12/9/2025 10:43:45,16/9/2025 10:05:11,2022
8810,31,教育,省/部级科技进步奖均值,个,0,12/9/2025 10:43:45,16/9/2025 10:05:11,2022
8811,31,教育,省/部级科技进步奖最大值,个,0,12/9/2025 10:43:45,16/9/2025 10:05:11,2022
8812,31,教育,省/部级科技进步奖最小值,个,0,12/9/2025 10:43:45,16/9/2025 10:05:11,2022
8813,31,教育,省/部级科技进步奖中位数,个,0,12/9/2025 10:43:45,16/9/2025 10:05:11,2022
8814,32,仪器仪表制造业,省/部级科技进步奖合计,个,12,12/9/2025 10:43:46,16/9/2025 10:05:11,2022
8815,32,仪器仪表制造业,省/部级科技进步奖均值,个,1.2,12/9/2025 10:43:46,16/9/2025 10:05:11,2022
8816,32,仪器仪表制造业,省/部级科技进步奖最大值,个,2,12/9/2025 10:43:46,16/9/2025 10:05:11,2022
8817,32,仪器仪表制造业,省/部级科技进步奖最小值,个,1,12/9/2025 10:43:46,16/9/2025 10:05:11,2022
8818,32,仪器仪表制造业,省/部级科技进步奖中位数,个,1,12/9/2025 10:43:46,16/9/2025 10:05:11,2022
8819,33,文化、体育和娱乐业,省/部级科技进步奖合计,个,0,12/9/2025 10:43:46,16/9/2025 10:05:12,2022
8820,33,文化、体育和娱乐业,省/部级科技进步奖均值,个,0,12/9/2025 10:43:47,16/9/2025 10:05:12,2022
8821,33,文化、体育和娱乐业,省/部级科技进步奖最大值,个,0,12/9/2025 10:43:47,16/9/2025 10:05:12,2022
8822,33,文化、体育和娱乐业,省/部级科技进步奖最小值,个,0,12/9/2025 10:43:47,16/9/2025 10:05:12,2022
8823,33,文化、体育和娱乐业,省/部级科技进步奖中位数,个,0,12/9/2025 10:43:47,16/9/2025 10:05:12,2022
8824,34,农、林、牧、渔业,省/部级科技进步奖合计,个,6,12/9/2025 10:43:47,16/9/2025 10:05:12,2022
8825,34,农、林、牧、渔业,省/部级科技进步奖均值,个,1.2,12/9/2025 10:43:48,16/9/2025 10:05:12,2022
8826,34,农、林、牧、渔业,省/部级科技进步奖最大值,个,2,12/9/2025 10:43:48,16/9/2025 10:05:12,2022
8827,34,农、林、牧、渔业,省/部级科技进步奖最小值,个,1,12/9/2025 10:43:48,16/9/2025 10:05:12,2022
8828,34,农、林、牧、渔业,省/部级科技进步奖中位数,个,1,12/9/2025 10:43:48,16/9/2025 10:05:12,2022
8829,35,卫生和社会工作,省/部级科技进步奖合计,个,0,12/9/2025 10:43:48,16/9/2025 10:05:13,2022
8830,35,卫生和社会工作,省/部级科技进步奖均值,个,0,12/9/2025 10:43:48,16/9/2025 10:05:13,2022
8831,35,卫生和社会工作,省/部级科技进步奖最大值,个,0,12/9/2025 10:43:48,16/9/2025 10:05:13,2022
8832,35,卫生和社会工作,省/部级科技进步奖最小值,个,0,12/9/2025 10:43:48,16/9/2025 10:05:13,2022
8833,35,卫生和社会工作,省/部级科技进步奖中位数,个,0,12/9/2025 10:43:48,16/9/2025 10:05:13,2022
8834,36,造纸和纸制品业,省/部级科技进步奖合计,个,0,12/9/2025 10:43:49,16/9/2025 10:05:13,2022
8835,36,造纸和纸制品业,省/部级科技进步奖均值,个,0,12/9/2025 10:43:49,16/9/2025 10:05:13,2022
8836,36,造纸和纸制品业,省/部级科技进步奖最大值,个,0,12/9/2025 10:43:49,16/9/2025 10:05:13,2022
8837,36,造纸和纸制品业,省/部级科技进步奖最小值,个,0,12/9/2025 10:43:49,16/9/2025 10:05:13,2022
8838,36,造纸和纸制品业,省/部级科技进步奖中位数,个,0,12/9/2025 10:43:49,16/9/2025 10:05:13,2022
8839,37,住宿和餐饮业,省/部级科技进步奖合计,个,0,12/9/2025 10:43:49,16/9/2025 10:05:14,2022
8840,37,住宿和餐饮业,省/部级科技进步奖均值,个,0,12/9/2025 10:43:50,16/9/2025 10:05:14,2022
8841,37,住宿和餐饮业,省/部级科技进步奖最大值,个,0,12/9/2025 10:43:50,16/9/2025 10:05:14,2022
8842,37,住宿和餐饮业,省/部级科技进步奖最小值,个,0,12/9/2025 10:43:50,16/9/2025 10:05:14,2022
8843,37,住宿和餐饮业,省/部级科技进步奖中位数,个,0,12/9/2025 10:43:50,16/9/2025 10:05:14,2022
8844,38,家具制造业,省/部级科技进步奖合计,个,0,12/9/2025 10:43:50,16/9/2025 10:05:15,2022
8845,38,家具制造业,省/部级科技进步奖均值,个,0,12/9/2025 10:43:50,16/9/2025 10:05:15,2022
8846,38,家具制造业,省/部级科技进步奖最大值,个,0,12/9/2025 10:43:50,16/9/2025 10:05:15,2022
8847,38,家具制造业,省/部级科技进步奖最小值,个,0,12/9/2025 10:43:50,16/9/2025 10:05:15,2022
8848,38,家具制造业,省/部级科技进步奖中位数,个,0,12/9/2025 10:43:50,16/9/2025 10:05:15,2022
8849,39,印刷和记录媒介复制业,省/部级科技进步奖合计,个,1,12/9/2025 10:43:51,16/9/2025 10:05:15,2022
8850,39,印刷和记录媒介复制业,省/部级科技进步奖均值,个,1,12/9/2025 10:43:51,16/9/2025 10:05:15,2022
8851,39,印刷和记录媒介复制业,省/部级科技进步奖最大值,个,1,12/9/2025 10:43:51,16/9/2025 10:05:15,2022
8852,39,印刷和记录媒介复制业,省/部级科技进步奖最小值,个,1,12/9/2025 10:43:51,16/9/2025 10:05:15,2022
8853,39,印刷和记录媒介复制业,省/部级科技进步奖中位数,个,1,12/9/2025 10:43:51,16/9/2025 10:05:15,2022
8854,41,文教、工美、体育和娱乐用品制造业,省/部级科技进步奖合计,个,1,12/9/2025 10:43:51,16/9/2025 10:05:16,2022
8855,41,文教、工美、体育和娱乐用品制造业,省/部级科技进步奖均值,个,1,12/9/2025 10:43:51,16/9/2025 10:05:16,2022
8856,41,文教、工美、体育和娱乐用品制造业,省/部级科技进步奖最大值,个,1,12/9/2025 10:43:51,16/9/2025 10:05:16,2022
8857,41,文教、工美、体育和娱乐用品制造业,省/部级科技进步奖最小值,个,1,12/9/2025 10:43:51,16/9/2025 10:05:16,2022
8858,41,文教、工美、体育和娱乐用品制造业,省/部级科技进步奖中位数,个,1,12/9/2025 10:43:51,16/9/2025 10:05:16,2022
8864,43,化学纤维制造业,省/部级科技进步奖合计,个,2,12/9/2025 10:43:52,16/9/2025 10:05:17,2022
8865,43,化学纤维制造业,省/部级科技进步奖均值,个,1,12/9/2025 10:43:52,16/9/2025 10:05:17,2022
8866,43,化学纤维制造业,省/部级科技进步奖最大值,个,1,12/9/2025 10:43:53,16/9/2025 10:05:17,2022
8867,43,化学纤维制造业,省/部级科技进步奖最小值,个,1,12/9/2025 10:43:53,16/9/2025 10:05:17,2022
8868,43,化学纤维制造业,省/部级科技进步奖中位数,个,1,12/9/2025 10:43:53,16/9/2025 10:05:17,2022
8874,45,石油加工、炼焦和核燃料加工业,省/部级科技进步奖合计,个,1,12/9/2025 10:43:54,16/9/2025 10:05:18,2022
8875,45,石油加工、炼焦和核燃料加工业,省/部级科技进步奖均值,个,1,12/9/2025 10:43:54,16/9/2025 10:05:18,2022
8876,45,石油加工、炼焦和核燃料加工业,省/部级科技进步奖最大值,个,1,12/9/2025 10:43:54,16/9/2025 10:05:18,2022
8877,45,石油加工、炼焦和核燃料加工业,省/部级科技进步奖最小值,个,1,12/9/2025 10:43:54,16/9/2025 10:05:18,2022
8878,45,石油加工、炼焦和核燃料加工业,省/部级科技进步奖中位数,个,1,12/9/2025 10:43:55,16/9/2025 10:05:18,2022
8879,46,废弃资源综合利用业,省/部级科技进步奖合计,个,3,12/9/2025 10:43:55,16/9/2025 10:05:18,2022
8880,46,废弃资源综合利用业,省/部级科技进步奖均值,个,1.5,12/9/2025 10:43:55,16/9/2025 10:05:18,2022
8881,46,废弃资源综合利用业,省/部级科技进步奖最大值,个,2,12/9/2025 10:43:55,16/9/2025 10:05:18,2022
8882,46,废弃资源综合利用业,省/部级科技进步奖最小值,个,1,12/9/2025 10:43:55,16/9/2025 10:05:18,2022
8883,46,废弃资源综合利用业,省/部级科技进步奖中位数,个,1.5,12/9/2025 10:43:55,16/9/2025 10:05:18,2022
8884,47,木材加工和木、竹、藤、棕、草制品业,省/部级科技进步奖合计,个,0,12/9/2025 10:43:56,16/9/2025 10:05:18,2022
8885,47,木材加工和木、竹、藤、棕、草制品业,省/部级科技进步奖均值,个,0,12/9/2025 10:43:56,16/9/2025 10:05:18,2022
8886,47,木材加工和木、竹、藤、棕、草制品业,省/部级科技进步奖最大值,个,0,12/9/2025 10:43:56,16/9/2025 10:05:18,2022
8887,47,木材加工和木、竹、藤、棕、草制品业,省/部级科技进步奖最小值,个,0,12/9/2025 10:43:56,16/9/2025 10:05:18,2022
8888,47,木材加工和木、竹、藤、棕、草制品业,省/部级科技进步奖中位数,个,0,12/9/2025 10:43:56,16/9/2025 10:05:19,2022
8889,48,居民服务、修理和其他服务业,省/部级科技进步奖合计,个,0,12/9/2025 10:43:57,16/9/2025 10:05:19,2022
8890,48,居民服务、修理和其他服务业,省/部级科技进步奖均值,个,0,12/9/2025 10:43:57,16/9/2025 10:05:19,2022
8891,48,居民服务、修理和其他服务业,省/部级科技进步奖最大值,个,0,12/9/2025 10:43:57,16/9/2025 10:05:19,2022
8892,48,居民服务、修理和其他服务业,省/部级科技进步奖最小值,个,0,12/9/2025 10:43:57,16/9/2025 10:05:19,2022
8893,48,居民服务、修理和其他服务业,省/部级科技进步奖中位数,个,0,12/9/2025 10:43:57,16/9/2025 10:05:19,2022
8894,0,全行业,省/部级科技进步奖合计,个,1173,12/9/2025 10:43:57,5/11/2025 08:56:03,2022
8895,0,全行业,省/部级科技进步奖均值,个,2.53896103896104,12/9/2025 10:43:57,5/11/2025 08:56:03,2022
8896,0,全行业,省/部级科技进步奖最大值,个,63,12/9/2025 10:43:57,5/11/2025 08:56:03,2022
8897,0,全行业,省/部级科技进步奖最小值,个,1,12/9/2025 10:43:57,5/11/2025 08:56:03,2022
8898,0,全行业,省/部级科技进步奖中位数,个,1,12/9/2025 10:43:57,5/11/2025 08:56:03,2022
8899,1,医药制造业,省/部级技术发明奖合计,个,3,12/9/2025 10:43:57,16/9/2025 10:05:20,2022
8900,1,医药制造业,省/部级技术发明奖均值,个,1,12/9/2025 10:43:57,16/9/2025 10:05:20,2022
8901,1,医药制造业,省/部级技术发明奖最大值,个,1,12/9/2025 10:43:58,16/9/2025 10:05:20,2022
8902,1,医药制造业,省/部级技术发明奖最小值,个,1,12/9/2025 10:43:58,16/9/2025 10:05:20,2022
8903,1,医药制造业,省/部级技术发明奖中位数,个,1,12/9/2025 10:43:58,16/9/2025 10:05:20,2022
8904,2,化学原料和化学制品制造业,省/部级技术发明奖合计,个,2,12/9/2025 10:43:58,16/9/2025 10:05:20,2022
8905,2,化学原料和化学制品制造业,省/部级技术发明奖均值,个,1,12/9/2025 10:43:58,16/9/2025 10:05:20,2022
8906,2,化学原料和化学制品制造业,省/部级技术发明奖最大值,个,1,12/9/2025 10:43:58,16/9/2025 10:05:20,2022
8907,2,化学原料和化学制品制造业,省/部级技术发明奖最小值,个,1,12/9/2025 10:43:58,16/9/2025 10:05:20,2022
8908,2,化学原料和化学制品制造业,省/部级技术发明奖中位数,个,1,12/9/2025 10:43:58,16/9/2025 10:05:20,2022
8909,3,信息传输、软件和信息技术服务业,省/部级技术发明奖合计,个,10,12/9/2025 10:43:58,16/9/2025 10:05:21,2022
8910,3,信息传输、软件和信息技术服务业,省/部级技术发明奖均值,个,1,12/9/2025 10:43:58,16/9/2025 10:05:21,2022
8911,3,信息传输、软件和信息技术服务业,省/部级技术发明奖最大值,个,1,12/9/2025 10:43:58,16/9/2025 10:05:21,2022
8912,3,信息传输、软件和信息技术服务业,省/部级技术发明奖最小值,个,1,12/9/2025 10:43:58,16/9/2025 10:05:21,2022
8913,3,信息传输、软件和信息技术服务业,省/部级技术发明奖中位数,个,1,12/9/2025 10:43:59,16/9/2025 10:05:21,2022
8914,4,房地产业,省/部级技术发明奖合计,个,0,12/9/2025 10:43:59,16/9/2025 10:05:21,2022
8915,4,房地产业,省/部级技术发明奖均值,个,0,12/9/2025 10:43:59,16/9/2025 10:05:21,2022
8916,4,房地产业,省/部级技术发明奖最大值,个,0,12/9/2025 10:43:59,16/9/2025 10:05:21,2022
8917,4,房地产业,省/部级技术发明奖最小值,个,0,12/9/2025 10:43:59,16/9/2025 10:05:21,2022
8918,4,房地产业,省/部级技术发明奖中位数,个,0,12/9/2025 10:43:59,16/9/2025 10:05:21,2022
8919,5,专用设备制造业,省/部级技术发明奖合计,个,7,12/9/2025 10:43:59,16/9/2025 10:05:21,2022
8920,5,专用设备制造业,省/部级技术发明奖均值,个,1,12/9/2025 10:43:59,16/9/2025 10:05:21,2022
8921,5,专用设备制造业,省/部级技术发明奖最大值,个,1,12/9/2025 10:43:59,16/9/2025 10:05:22,2022
8922,5,专用设备制造业,省/部级技术发明奖最小值,个,1,12/9/2025 10:43:59,16/9/2025 10:05:22,2022
8923,5,专用设备制造业,省/部级技术发明奖中位数,个,1,12/9/2025 10:43:59,16/9/2025 10:05:22,2022
8924,6,消费电子及电气业,省/部级技术发明奖合计,个,5,12/9/2025 10:44:00,16/9/2025 10:05:22,2022
8925,6,消费电子及电气业,省/部级技术发明奖均值,个,1,12/9/2025 10:44:00,16/9/2025 10:05:22,2022
8926,6,消费电子及电气业,省/部级技术发明奖最大值,个,1,12/9/2025 10:44:00,16/9/2025 10:05:22,2022
8927,6,消费电子及电气业,省/部级技术发明奖最小值,个,1,12/9/2025 10:44:00,16/9/2025 10:05:22,2022
8928,6,消费电子及电气业,省/部级技术发明奖中位数,个,1,12/9/2025 10:44:00,16/9/2025 10:05:22,2022
8929,7,金融业,省/部级技术发明奖合计,个,0,12/9/2025 10:44:00,16/9/2025 10:05:23,2022
8930,7,金融业,省/部级技术发明奖均值,个,0,12/9/2025 10:44:00,16/9/2025 10:05:23,2022
8931,7,金融业,省/部级技术发明奖最大值,个,0,12/9/2025 10:44:00,16/9/2025 10:05:23,2022
8932,7,金融业,省/部级技术发明奖最小值,个,0,12/9/2025 10:44:00,16/9/2025 10:05:23,2022
8933,7,金融业,省/部级技术发明奖中位数,个,0,12/9/2025 10:44:01,16/9/2025 10:05:23,2022
8934,8,商业电气机械和器材制造业,省/部级技术发明奖合计,个,4,12/9/2025 10:44:01,16/9/2025 10:05:23,2022
8935,8,商业电气机械和器材制造业,省/部级技术发明奖均值,个,1,12/9/2025 10:44:01,16/9/2025 10:05:23,2022
8936,8,商业电气机械和器材制造业,省/部级技术发明奖最大值,个,1,12/9/2025 10:44:01,16/9/2025 10:05:23,2022
8937,8,商业电气机械和器材制造业,省/部级技术发明奖最小值,个,1,12/9/2025 10:44:01,16/9/2025 10:05:23,2022
8938,8,商业电气机械和器材制造业,省/部级技术发明奖中位数,个,1,12/9/2025 10:44:01,16/9/2025 10:05:23,2022
8939,9,批发和零售业,省/部级技术发明奖合计,个,2,12/9/2025 10:44:01,16/9/2025 10:05:24,2022
8940,9,批发和零售业,省/部级技术发明奖均值,个,1,12/9/2025 10:44:01,16/9/2025 10:05:24,2022
8941,9,批发和零售业,省/部级技术发明奖最大值,个,1,12/9/2025 10:44:02,16/9/2025 10:05:24,2022
8942,9,批发和零售业,省/部级技术发明奖最小值,个,1,12/9/2025 10:44:02,16/9/2025 10:05:24,2022
8943,9,批发和零售业,省/部级技术发明奖中位数,个,1,12/9/2025 10:44:02,16/9/2025 10:05:24,2022
8944,10,食品饮料业,省/部级技术发明奖合计,个,1,12/9/2025 10:44:02,16/9/2025 10:05:24,2022
8945,10,食品饮料业,省/部级技术发明奖均值,个,1,12/9/2025 10:44:02,16/9/2025 10:05:24,2022
8946,10,食品饮料业,省/部级技术发明奖最大值,个,1,12/9/2025 10:44:02,16/9/2025 10:05:24,2022
8947,10,食品饮料业,省/部级技术发明奖最小值,个,1,12/9/2025 10:44:02,16/9/2025 10:05:24,2022
8948,10,食品饮料业,省/部级技术发明奖中位数,个,1,12/9/2025 10:44:02,16/9/2025 10:05:24,2022
8954,12,汽车制造业,省/部级技术发明奖合计,个,3,12/9/2025 10:44:03,16/9/2025 10:05:25,2022
8955,12,汽车制造业,省/部级技术发明奖均值,个,1,12/9/2025 10:44:03,16/9/2025 10:05:25,2022
8956,12,汽车制造业,省/部级技术发明奖最大值,个,1,12/9/2025 10:44:04,16/9/2025 10:05:25,2022
8957,12,汽车制造业,省/部级技术发明奖最小值,个,1,12/9/2025 10:44:04,16/9/2025 10:05:25,2022
8958,12,汽车制造业,省/部级技术发明奖中位数,个,1,12/9/2025 10:44:04,16/9/2025 10:05:25,2022
8959,13,电力、热力、燃气及水生产和供应业,省/部级技术发明奖合计,个,4,12/9/2025 10:44:04,16/9/2025 10:05:25,2022
8960,13,电力、热力、燃气及水生产和供应业,省/部级技术发明奖均值,个,1,12/9/2025 10:44:04,16/9/2025 10:05:25,2022
8961,13,电力、热力、燃气及水生产和供应业,省/部级技术发明奖最大值,个,1,12/9/2025 10:44:04,16/9/2025 10:05:25,2022
8962,13,电力、热力、燃气及水生产和供应业,省/部级技术发明奖最小值,个,1,12/9/2025 10:44:04,16/9/2025 10:05:26,2022
8963,13,电力、热力、燃气及水生产和供应业,省/部级技术发明奖中位数,个,1,12/9/2025 10:44:04,16/9/2025 10:05:26,2022
8964,14,采矿业,省/部级技术发明奖合计,个,12,12/9/2025 10:44:05,16/9/2025 10:05:26,2022
8965,14,采矿业,省/部级技术发明奖均值,个,4,12/9/2025 10:44:05,16/9/2025 10:05:26,2022
8966,14,采矿业,省/部级技术发明奖最大值,个,6,12/9/2025 10:44:05,16/9/2025 10:05:26,2022
8967,14,采矿业,省/部级技术发明奖最小值,个,2,12/9/2025 10:44:05,16/9/2025 10:05:26,2022
8968,14,采矿业,省/部级技术发明奖中位数,个,4,12/9/2025 10:44:05,16/9/2025 10:05:26,2022
8969,15,纺织鞋服业,省/部级技术发明奖合计,个,1,12/9/2025 10:44:06,16/9/2025 10:05:27,2022
8970,15,纺织鞋服业,省/部级技术发明奖均值,个,1,12/9/2025 10:44:06,16/9/2025 10:05:27,2022
8971,15,纺织鞋服业,省/部级技术发明奖最大值,个,1,12/9/2025 10:44:06,16/9/2025 10:05:27,2022
8972,15,纺织鞋服业,省/部级技术发明奖最小值,个,1,12/9/2025 10:44:06,16/9/2025 10:05:27,2022
8973,15,纺织鞋服业,省/部级技术发明奖中位数,个,1,12/9/2025 10:44:06,16/9/2025 10:05:27,2022
8974,16,建筑业,省/部级技术发明奖合计,个,24,12/9/2025 10:44:06,16/9/2025 10:05:28,2022
8975,16,建筑业,省/部级技术发明奖均值,个,2.66666666666667,12/9/2025 10:44:06,16/9/2025 10:05:28,2022
8976,16,建筑业,省/部级技术发明奖最大值,个,9,12/9/2025 10:44:06,16/9/2025 10:05:28,2022
8977,16,建筑业,省/部级技术发明奖最小值,个,1,12/9/2025 10:44:06,16/9/2025 10:05:28,2022
8978,16,建筑业,省/部级技术发明奖中位数,个,2,12/9/2025 10:44:06,16/9/2025 10:05:28,2022
8979,17,交通运输、仓储和邮政业,省/部级技术发明奖合计,个,0,12/9/2025 10:44:06,16/9/2025 10:05:29,2022
8980,17,交通运输、仓储和邮政业,省/部级技术发明奖均值,个,0,12/9/2025 10:44:07,16/9/2025 10:05:29,2022
8981,17,交通运输、仓储和邮政业,省/部级技术发明奖最大值,个,0,12/9/2025 10:44:07,16/9/2025 10:05:29,2022
8982,17,交通运输、仓储和邮政业,省/部级技术发明奖最小值,个,0,12/9/2025 10:44:07,16/9/2025 10:05:29,2022
8983,17,交通运输、仓储和邮政业,省/部级技术发明奖中位数,个,0,12/9/2025 10:44:07,16/9/2025 10:05:29,2022
8984,18,通用设备制造业,省/部级技术发明奖合计,个,5,12/9/2025 10:44:07,16/9/2025 10:05:29,2022
8985,18,通用设备制造业,省/部级技术发明奖均值,个,1,12/9/2025 10:44:07,16/9/2025 10:05:29,2022
8986,18,通用设备制造业,省/部级技术发明奖最大值,个,1,12/9/2025 10:44:07,16/9/2025 10:05:29,2022
8987,18,通用设备制造业,省/部级技术发明奖最小值,个,1,12/9/2025 10:44:07,16/9/2025 10:05:29,2022
8988,18,通用设备制造业,省/部级技术发明奖中位数,个,1,12/9/2025 10:44:07,16/9/2025 10:05:29,2022
8989,19,半导体业,省/部级技术发明奖合计,个,0,12/9/2025 10:44:08,16/9/2025 10:05:30,2022
8990,19,半导体业,省/部级技术发明奖均值,个,0,12/9/2025 10:44:08,16/9/2025 10:05:30,2022
8991,19,半导体业,省/部级技术发明奖最大值,个,0,12/9/2025 10:44:08,16/9/2025 10:05:30,2022
8992,19,半导体业,省/部级技术发明奖最小值,个,0,12/9/2025 10:44:08,16/9/2025 10:05:30,2022
8993,19,半导体业,省/部级技术发明奖中位数,个,0,12/9/2025 10:44:08,16/9/2025 10:05:30,2022
8994,20,租赁和商务服务业,省/部级技术发明奖合计,个,0,12/9/2025 10:44:08,16/9/2025 10:05:30,2022
8995,20,租赁和商务服务业,省/部级技术发明奖均值,个,0,12/9/2025 10:44:08,16/9/2025 10:05:30,2022
8996,20,租赁和商务服务业,省/部级技术发明奖最大值,个,0,12/9/2025 10:44:08,16/9/2025 10:05:30,2022
8997,20,租赁和商务服务业,省/部级技术发明奖最小值,个,0,12/9/2025 10:44:09,16/9/2025 10:05:30,2022
8998,20,租赁和商务服务业,省/部级技术发明奖中位数,个,0,12/9/2025 10:44:09,16/9/2025 10:05:30,2022
8999,21,通信传输设备业,省/部级技术发明奖合计,个,4,12/9/2025 10:44:09,16/9/2025 10:05:31,2022
9000,21,通信传输设备业,省/部级技术发明奖均值,个,1,12/9/2025 10:44:09,16/9/2025 10:05:31,2022
9001,21,通信传输设备业,省/部级技术发明奖最大值,个,1,12/9/2025 10:44:09,16/9/2025 10:05:31,2022
9002,21,通信传输设备业,省/部级技术发明奖最小值,个,1,12/9/2025 10:44:09,16/9/2025 10:05:31,2022
9003,21,通信传输设备业,省/部级技术发明奖中位数,个,1,12/9/2025 10:44:09,16/9/2025 10:05:31,2022
9004,22,非金属矿物制品业,省/部级技术发明奖合计,个,1,12/9/2025 10:44:10,16/9/2025 10:05:31,2022
9005,22,非金属矿物制品业,省/部级技术发明奖均值,个,1,12/9/2025 10:44:10,16/9/2025 10:05:31,2022
9006,22,非金属矿物制品业,省/部级技术发明奖最大值,个,1,12/9/2025 10:44:10,16/9/2025 10:05:31,2022
9007,22,非金属矿物制品业,省/部级技术发明奖最小值,个,1,12/9/2025 10:44:10,16/9/2025 10:05:31,2022
9008,22,非金属矿物制品业,省/部级技术发明奖中位数,个,1,12/9/2025 10:44:10,16/9/2025 10:05:31,2022
9009,23,橡胶和塑料制品业,省/部级技术发明奖合计,个,1,12/9/2025 10:44:11,16/9/2025 10:05:32,2022
9010,23,橡胶和塑料制品业,省/部级技术发明奖均值,个,1,12/9/2025 10:44:11,16/9/2025 10:05:32,2022
9011,23,橡胶和塑料制品业,省/部级技术发明奖最大值,个,1,12/9/2025 10:44:11,16/9/2025 10:05:32,2022
9012,23,橡胶和塑料制品业,省/部级技术发明奖最小值,个,1,12/9/2025 10:44:11,16/9/2025 10:05:32,2022
9013,23,橡胶和塑料制品业,省/部级技术发明奖中位数,个,1,12/9/2025 10:44:11,16/9/2025 10:05:32,2022
9014,24,综合,省/部级技术发明奖合计,个,0,12/9/2025 10:44:11,16/9/2025 10:05:32,2022
9015,24,综合,省/部级技术发明奖均值,个,0,12/9/2025 10:44:11,16/9/2025 10:05:32,2022
9016,24,综合,省/部级技术发明奖最大值,个,0,12/9/2025 10:44:11,16/9/2025 10:05:32,2022
9017,24,综合,省/部级技术发明奖最小值,个,0,12/9/2025 10:44:11,16/9/2025 10:05:32,2022
9018,24,综合,省/部级技术发明奖中位数,个,0,12/9/2025 10:44:11,16/9/2025 10:05:32,2022
9019,25,其他制造业,省/部级技术发明奖合计,个,1,12/9/2025 10:44:12,16/9/2025 10:05:33,2022
9020,25,其他制造业,省/部级技术发明奖均值,个,1,12/9/2025 10:44:12,16/9/2025 10:05:33,2022
9021,25,其他制造业,省/部级技术发明奖最大值,个,1,12/9/2025 10:44:12,16/9/2025 10:05:33,2022
9022,25,其他制造业,省/部级技术发明奖最小值,个,1,12/9/2025 10:44:12,16/9/2025 10:05:33,2022
9023,25,其他制造业,省/部级技术发明奖中位数,个,1,12/9/2025 10:44:12,16/9/2025 10:05:33,2022
9024,26,金属制品业,省/部级技术发明奖合计,个,1,12/9/2025 10:44:12,16/9/2025 10:05:33,2022
9025,26,金属制品业,省/部级技术发明奖均值,个,1,12/9/2025 10:44:12,16/9/2025 10:05:33,2022
9026,26,金属制品业,省/部级技术发明奖最大值,个,1,12/9/2025 10:44:12,16/9/2025 10:05:33,2022
9027,26,金属制品业,省/部级技术发明奖最小值,个,1,12/9/2025 10:44:12,16/9/2025 10:05:33,2022
9028,26,金属制品业,省/部级技术发明奖中位数,个,1,12/9/2025 10:44:12,16/9/2025 10:05:33,2022
9029,27,铁路、船舶、航空航天和其他运输设备制造业,省/部级技术发明奖合计,个,6,12/9/2025 10:44:13,16/9/2025 10:05:33,2022
9030,27,铁路、船舶、航空航天和其他运输设备制造业,省/部级技术发明奖均值,个,1,12/9/2025 10:44:13,16/9/2025 10:05:33,2022
9031,27,铁路、船舶、航空航天和其他运输设备制造业,省/部级技术发明奖最大值,个,1,12/9/2025 10:44:13,16/9/2025 10:05:33,2022
9032,27,铁路、船舶、航空航天和其他运输设备制造业,省/部级技术发明奖最小值,个,1,12/9/2025 10:44:13,16/9/2025 10:05:33,2022
9033,27,铁路、船舶、航空航天和其他运输设备制造业,省/部级技术发明奖中位数,个,1,12/9/2025 10:44:13,16/9/2025 10:05:33,2022
9034,28,水利、环境和公共设施管理业,省/部级技术发明奖合计,个,2,12/9/2025 10:44:13,16/9/2025 10:05:34,2022
9035,28,水利、环境和公共设施管理业,省/部级技术发明奖均值,个,1,12/9/2025 10:44:13,16/9/2025 10:05:34,2022
9036,28,水利、环境和公共设施管理业,省/部级技术发明奖最大值,个,1,12/9/2025 10:44:14,16/9/2025 10:05:34,2022
9037,28,水利、环境和公共设施管理业,省/部级技术发明奖最小值,个,1,12/9/2025 10:44:14,16/9/2025 10:05:34,2022
9038,28,水利、环境和公共设施管理业,省/部级技术发明奖中位数,个,1,12/9/2025 10:44:14,16/9/2025 10:05:34,2022
9039,29,金属冶炼和压延加工业,省/部级技术发明奖合计,个,6,12/9/2025 10:44:14,16/9/2025 10:05:34,2022
9040,29,金属冶炼和压延加工业,省/部级技术发明奖均值,个,1,12/9/2025 10:44:14,16/9/2025 10:05:34,2022
9041,29,金属冶炼和压延加工业,省/部级技术发明奖最大值,个,1,12/9/2025 10:44:14,16/9/2025 10:05:34,2022
9042,29,金属冶炼和压延加工业,省/部级技术发明奖最小值,个,1,12/9/2025 10:44:14,16/9/2025 10:05:34,2022
9043,29,金属冶炼和压延加工业,省/部级技术发明奖中位数,个,1,12/9/2025 10:44:14,16/9/2025 10:05:34,2022
9044,30,科学研究和技术服务业,省/部级技术发明奖合计,个,3,12/9/2025 10:44:15,16/9/2025 10:05:35,2022
9045,30,科学研究和技术服务业,省/部级技术发明奖均值,个,1.5,12/9/2025 10:44:15,16/9/2025 10:05:35,2022
9046,30,科学研究和技术服务业,省/部级技术发明奖最大值,个,2,12/9/2025 10:44:15,16/9/2025 10:05:35,2022
9047,30,科学研究和技术服务业,省/部级技术发明奖最小值,个,1,12/9/2025 10:44:15,16/9/2025 10:05:35,2022
9048,30,科学研究和技术服务业,省/部级技术发明奖中位数,个,1.5,12/9/2025 10:44:15,16/9/2025 10:05:35,2022
9049,31,教育,省/部级技术发明奖合计,个,0,12/9/2025 10:44:15,16/9/2025 10:05:35,2022
9050,31,教育,省/部级技术发明奖均值,个,0,12/9/2025 10:44:15,16/9/2025 10:05:35,2022
9051,31,教育,省/部级技术发明奖最大值,个,0,12/9/2025 10:44:15,16/9/2025 10:05:35,2022
9052,31,教育,省/部级技术发明奖最小值,个,0,12/9/2025 10:44:15,16/9/2025 10:05:35,2022
9053,31,教育,省/部级技术发明奖中位数,个,0,12/9/2025 10:44:15,16/9/2025 10:05:35,2022
9054,32,仪器仪表制造业,省/部级技术发明奖合计,个,3,12/9/2025 10:44:16,16/9/2025 10:05:35,2022
9055,32,仪器仪表制造业,省/部级技术发明奖均值,个,1,12/9/2025 10:44:16,16/9/2025 10:05:35,2022
9056,32,仪器仪表制造业,省/部级技术发明奖最大值,个,1,12/9/2025 10:44:16,16/9/2025 10:05:36,2022
9057,32,仪器仪表制造业,省/部级技术发明奖最小值,个,1,12/9/2025 10:44:16,16/9/2025 10:05:36,2022
9058,32,仪器仪表制造业,省/部级技术发明奖中位数,个,1,12/9/2025 10:44:16,16/9/2025 10:05:36,2022
9059,33,文化、体育和娱乐业,省/部级技术发明奖合计,个,0,12/9/2025 10:44:16,16/9/2025 10:05:36,2022
9060,33,文化、体育和娱乐业,省/部级技术发明奖均值,个,0,12/9/2025 10:44:17,16/9/2025 10:05:36,2022
9061,33,文化、体育和娱乐业,省/部级技术发明奖最大值,个,0,12/9/2025 10:44:17,16/9/2025 10:05:36,2022
9062,33,文化、体育和娱乐业,省/部级技术发明奖最小值,个,0,12/9/2025 10:44:17,16/9/2025 10:05:36,2022
9063,33,文化、体育和娱乐业,省/部级技术发明奖中位数,个,0,12/9/2025 10:44:17,16/9/2025 10:05:36,2022
9064,34,农、林、牧、渔业,省/部级技术发明奖合计,个,2,12/9/2025 10:44:17,16/9/2025 10:05:37,2022
9065,34,农、林、牧、渔业,省/部级技术发明奖均值,个,1,12/9/2025 10:44:17,16/9/2025 10:05:37,2022
9066,34,农、林、牧、渔业,省/部级技术发明奖最大值,个,1,12/9/2025 10:44:17,16/9/2025 10:05:37,2022
9067,34,农、林、牧、渔业,省/部级技术发明奖最小值,个,1,12/9/2025 10:44:17,16/9/2025 10:05:37,2022
9068,34,农、林、牧、渔业,省/部级技术发明奖中位数,个,1,12/9/2025 10:44:17,16/9/2025 10:05:37,2022
9069,35,卫生和社会工作,省/部级技术发明奖合计,个,0,12/9/2025 10:44:17,16/9/2025 10:05:38,2022
9070,35,卫生和社会工作,省/部级技术发明奖均值,个,0,12/9/2025 10:44:18,16/9/2025 10:05:38,2022
9071,35,卫生和社会工作,省/部级技术发明奖最大值,个,0,12/9/2025 10:44:18,16/9/2025 10:05:38,2022
9072,35,卫生和社会工作,省/部级技术发明奖最小值,个,0,12/9/2025 10:44:18,16/9/2025 10:05:38,2022
9073,35,卫生和社会工作,省/部级技术发明奖中位数,个,0,12/9/2025 10:44:18,16/9/2025 10:05:38,2022
9074,36,造纸和纸制品业,省/部级技术发明奖合计,个,1,12/9/2025 10:44:18,16/9/2025 10:05:39,2022
9075,36,造纸和纸制品业,省/部级技术发明奖均值,个,1,12/9/2025 10:44:18,16/9/2025 10:05:39,2022
9076,36,造纸和纸制品业,省/部级技术发明奖最大值,个,1,12/9/2025 10:44:18,16/9/2025 10:05:39,2022
9077,36,造纸和纸制品业,省/部级技术发明奖最小值,个,1,12/9/2025 10:44:19,16/9/2025 10:05:39,2022
9078,36,造纸和纸制品业,省/部级技术发明奖中位数,个,1,12/9/2025 10:44:19,16/9/2025 10:05:39,2022
9079,37,住宿和餐饮业,省/部级技术发明奖合计,个,0,12/9/2025 10:44:19,16/9/2025 10:05:40,2022
9080,37,住宿和餐饮业,省/部级技术发明奖均值,个,0,12/9/2025 10:44:19,16/9/2025 10:05:40,2022
9081,37,住宿和餐饮业,省/部级技术发明奖最大值,个,0,12/9/2025 10:44:19,16/9/2025 10:05:40,2022
9082,37,住宿和餐饮业,省/部级技术发明奖最小值,个,0,12/9/2025 10:44:19,16/9/2025 10:05:40,2022
9083,37,住宿和餐饮业,省/部级技术发明奖中位数,个,0,12/9/2025 10:44:19,16/9/2025 10:05:40,2022
9084,38,家具制造业,省/部级技术发明奖合计,个,0,12/9/2025 10:44:19,16/9/2025 10:05:41,2022
9085,38,家具制造业,省/部级技术发明奖均值,个,0,12/9/2025 10:44:20,16/9/2025 10:05:41,2022
9086,38,家具制造业,省/部级技术发明奖最大值,个,0,12/9/2025 10:44:20,16/9/2025 10:05:41,2022
9087,38,家具制造业,省/部级技术发明奖最小值,个,0,12/9/2025 10:44:20,16/9/2025 10:05:41,2022
9088,38,家具制造业,省/部级技术发明奖中位数,个,0,12/9/2025 10:44:20,16/9/2025 10:05:41,2022
9089,39,印刷和记录媒介复制业,省/部级技术发明奖合计,个,0,12/9/2025 10:44:20,16/9/2025 10:05:42,2022
9090,39,印刷和记录媒介复制业,省/部级技术发明奖均值,个,0,12/9/2025 10:44:20,16/9/2025 10:05:42,2022
9091,39,印刷和记录媒介复制业,省/部级技术发明奖最大值,个,0,12/9/2025 10:44:20,16/9/2025 10:05:42,2022
9092,39,印刷和记录媒介复制业,省/部级技术发明奖最小值,个,0,12/9/2025 10:44:21,16/9/2025 10:05:42,2022
9093,39,印刷和记录媒介复制业,省/部级技术发明奖中位数,个,0,12/9/2025 10:44:21,16/9/2025 10:05:42,2022
9094,41,文教、工美、体育和娱乐用品制造业,省/部级技术发明奖合计,个,1,12/9/2025 10:44:21,16/9/2025 10:05:42,2022
9095,41,文教、工美、体育和娱乐用品制造业,省/部级技术发明奖均值,个,1,12/9/2025 10:44:21,16/9/2025 10:05:42,2022
9096,41,文教、工美、体育和娱乐用品制造业,省/部级技术发明奖最大值,个,1,12/9/2025 10:44:21,16/9/2025 10:05:42,2022
9097,41,文教、工美、体育和娱乐用品制造业,省/部级技术发明奖最小值,个,1,12/9/2025 10:44:21,16/9/2025 10:05:43,2022
9098,41,文教、工美、体育和娱乐用品制造业,省/部级技术发明奖中位数,个,1,12/9/2025 10:44:21,16/9/2025 10:05:43,2022
9104,43,化学纤维制造业,省/部级技术发明奖合计,个,1,12/9/2025 10:44:22,16/9/2025 10:05:44,2022
9105,43,化学纤维制造业,省/部级技术发明奖均值,个,1,12/9/2025 10:44:22,16/9/2025 10:05:44,2022
9106,43,化学纤维制造业,省/部级技术发明奖最大值,个,1,12/9/2025 10:44:22,16/9/2025 10:05:44,2022
9107,43,化学纤维制造业,省/部级技术发明奖最小值,个,1,12/9/2025 10:44:22,16/9/2025 10:05:44,2022
9108,43,化学纤维制造业,省/部级技术发明奖中位数,个,1,12/9/2025 10:44:22,16/9/2025 10:05:44,2022
9114,45,石油加工、炼焦和核燃料加工业,省/部级技术发明奖合计,个,0,12/9/2025 10:44:23,16/9/2025 10:05:44,2022
9115,45,石油加工、炼焦和核燃料加工业,省/部级技术发明奖均值,个,0,12/9/2025 10:44:23,16/9/2025 10:05:44,2022
9116,45,石油加工、炼焦和核燃料加工业,省/部级技术发明奖最大值,个,0,12/9/2025 10:44:23,16/9/2025 10:05:44,2022
9117,45,石油加工、炼焦和核燃料加工业,省/部级技术发明奖最小值,个,0,12/9/2025 10:44:23,16/9/2025 10:05:44,2022
9118,45,石油加工、炼焦和核燃料加工业,省/部级技术发明奖中位数,个,0,12/9/2025 10:44:23,16/9/2025 10:05:44,2022
9119,46,废弃资源综合利用业,省/部级技术发明奖合计,个,0,12/9/2025 10:44:23,16/9/2025 10:05:45,2022
9120,46,废弃资源综合利用业,省/部级技术发明奖均值,个,0,12/9/2025 10:44:24,16/9/2025 10:05:45,2022
9121,46,废弃资源综合利用业,省/部级技术发明奖最大值,个,0,12/9/2025 10:44:24,16/9/2025 10:05:45,2022
9122,46,废弃资源综合利用业,省/部级技术发明奖最小值,个,0,12/9/2025 10:44:24,16/9/2025 10:05:45,2022
9123,46,废弃资源综合利用业,省/部级技术发明奖中位数,个,0,12/9/2025 10:44:24,16/9/2025 10:05:45,2022
9124,47,木材加工和木、竹、藤、棕、草制品业,省/部级技术发明奖合计,个,0,12/9/2025 10:44:24,16/9/2025 10:05:45,2022
9125,47,木材加工和木、竹、藤、棕、草制品业,省/部级技术发明奖均值,个,0,12/9/2025 10:44:25,16/9/2025 10:05:45,2022
9126,47,木材加工和木、竹、藤、棕、草制品业,省/部级技术发明奖最大值,个,0,12/9/2025 10:44:25,16/9/2025 10:05:45,2022
9127,47,木材加工和木、竹、藤、棕、草制品业,省/部级技术发明奖最小值,个,0,12/9/2025 10:44:25,16/9/2025 10:05:45,2022
9128,47,木材加工和木、竹、藤、棕、草制品业,省/部级技术发明奖中位数,个,0,12/9/2025 10:44:25,16/9/2025 10:05:46,2022
9129,48,居民服务、修理和其他服务业,省/部级技术发明奖合计,个,0,12/9/2025 10:44:25,16/9/2025 10:05:46,2022
9130,48,居民服务、修理和其他服务业,省/部级技术发明奖均值,个,0,12/9/2025 10:44:25,16/9/2025 10:05:46,2022
9131,48,居民服务、修理和其他服务业,省/部级技术发明奖最大值,个,0,12/9/2025 10:44:25,16/9/2025 10:05:47,2022
9132,48,居民服务、修理和其他服务业,省/部级技术发明奖最小值,个,0,12/9/2025 10:44:25,16/9/2025 10:05:47,2022
9133,48,居民服务、修理和其他服务业,省/部级技术发明奖中位数,个,0,12/9/2025 10:44:25,16/9/2025 10:05:47,2022
9134,0,全行业,省/部级技术发明奖合计,个,116,12/9/2025 10:44:26,5/11/2025 08:56:03,2022
9135,0,全行业,省/部级技术发明奖均值,个,1.27472527472527,12/9/2025 10:44:26,5/11/2025 08:56:03,2022
9136,0,全行业,省/部级技术发明奖最大值,个,9,12/9/2025 10:44:26,5/11/2025 08:56:03,2022
9137,0,全行业,省/部级技术发明奖最小值,个,1,12/9/2025 10:44:26,5/11/2025 08:56:03,2022
9138,0,全行业,省/部级技术发明奖中位数,个,1,12/9/2025 10:44:26,5/11/2025 08:56:03,2022
9139,1,医药制造业,国际行业奖项合计,个,0,12/9/2025 10:44:27,16/9/2025 10:05:48,2022
9140,1,医药制造业,国际行业奖项均值,个,0,12/9/2025 10:44:27,16/9/2025 10:05:48,2022
9141,1,医药制造业,国际行业奖项最大值,个,0,12/9/2025 10:44:27,16/9/2025 10:05:48,2022
9142,1,医药制造业,国际行业奖项最小值,个,0,12/9/2025 10:44:27,16/9/2025 10:05:48,2022
9143,1,医药制造业,国际行业奖项中位数,个,0,12/9/2025 10:44:27,16/9/2025 10:05:48,2022
9144,2,化学原料和化学制品制造业,国际行业奖项合计,个,0,12/9/2025 10:44:27,16/9/2025 10:05:48,2022
9145,2,化学原料和化学制品制造业,国际行业奖项均值,个,0,12/9/2025 10:44:28,16/9/2025 10:05:48,2022
9146,2,化学原料和化学制品制造业,国际行业奖项最大值,个,0,12/9/2025 10:44:28,16/9/2025 10:05:48,2022
9147,2,化学原料和化学制品制造业,国际行业奖项最小值,个,0,12/9/2025 10:44:28,16/9/2025 10:05:48,2022
9148,2,化学原料和化学制品制造业,国际行业奖项中位数,个,0,12/9/2025 10:44:28,16/9/2025 10:05:48,2022
9149,3,信息传输、软件和信息技术服务业,国际行业奖项合计,个,0,12/9/2025 10:44:28,16/9/2025 10:05:49,2022
9150,3,信息传输、软件和信息技术服务业,国际行业奖项均值,个,0,12/9/2025 10:44:28,16/9/2025 10:05:49,2022
9151,3,信息传输、软件和信息技术服务业,国际行业奖项最大值,个,0,12/9/2025 10:44:28,16/9/2025 10:05:49,2022
9152,3,信息传输、软件和信息技术服务业,国际行业奖项最小值,个,0,12/9/2025 10:44:28,16/9/2025 10:05:49,2022
9153,3,信息传输、软件和信息技术服务业,国际行业奖项中位数,个,0,12/9/2025 10:44:28,16/9/2025 10:05:49,2022
9154,4,房地产业,国际行业奖项合计,个,0,12/9/2025 10:44:29,16/9/2025 10:05:49,2022
9155,4,房地产业,国际行业奖项均值,个,0,12/9/2025 10:44:29,16/9/2025 10:05:49,2022
9156,4,房地产业,国际行业奖项最大值,个,0,12/9/2025 10:44:29,16/9/2025 10:05:49,2022
9157,4,房地产业,国际行业奖项最小值,个,0,12/9/2025 10:44:29,16/9/2025 10:05:49,2022
9158,4,房地产业,国际行业奖项中位数,个,0,12/9/2025 10:44:29,16/9/2025 10:05:49,2022
9159,5,专用设备制造业,国际行业奖项合计,个,0,12/9/2025 10:44:29,16/9/2025 10:05:49,2022
9160,5,专用设备制造业,国际行业奖项均值,个,0,12/9/2025 10:44:29,16/9/2025 10:05:49,2022
9161,5,专用设备制造业,国际行业奖项最大值,个,0,12/9/2025 10:44:29,16/9/2025 10:05:49,2022
9162,5,专用设备制造业,国际行业奖项最小值,个,0,12/9/2025 10:44:29,16/9/2025 10:05:49,2022
9163,5,专用设备制造业,国际行业奖项中位数,个,0,12/9/2025 10:44:29,16/9/2025 10:05:49,2022
9164,6,消费电子及电气业,国际行业奖项合计,个,0,12/9/2025 10:44:29,16/9/2025 10:05:50,2022
9165,6,消费电子及电气业,国际行业奖项均值,个,0,12/9/2025 10:44:29,16/9/2025 10:05:50,2022
9166,6,消费电子及电气业,国际行业奖项最大值,个,0,12/9/2025 10:44:29,16/9/2025 10:05:50,2022
9167,6,消费电子及电气业,国际行业奖项最小值,个,0,12/9/2025 10:44:30,16/9/2025 10:05:50,2022
9168,6,消费电子及电气业,国际行业奖项中位数,个,0,12/9/2025 10:44:30,16/9/2025 10:05:50,2022
9169,7,金融业,国际行业奖项合计,个,0,12/9/2025 10:44:30,16/9/2025 10:05:50,2022
9170,7,金融业,国际行业奖项均值,个,0,12/9/2025 10:44:30,16/9/2025 10:05:50,2022
9171,7,金融业,国际行业奖项最大值,个,0,12/9/2025 10:44:30,16/9/2025 10:05:50,2022
9172,7,金融业,国际行业奖项最小值,个,0,12/9/2025 10:44:30,16/9/2025 10:05:50,2022
9173,7,金融业,国际行业奖项中位数,个,0,12/9/2025 10:44:30,16/9/2025 10:05:50,2022
9174,8,商业电气机械和器材制造业,国际行业奖项合计,个,0,12/9/2025 10:44:30,16/9/2025 10:05:51,2022
9175,8,商业电气机械和器材制造业,国际行业奖项均值,个,0,12/9/2025 10:44:30,16/9/2025 10:05:51,2022
9176,8,商业电气机械和器材制造业,国际行业奖项最大值,个,0,12/9/2025 10:44:30,16/9/2025 10:05:51,2022
9177,8,商业电气机械和器材制造业,国际行业奖项最小值,个,0,12/9/2025 10:44:30,16/9/2025 10:05:51,2022
9178,8,商业电气机械和器材制造业,国际行业奖项中位数,个,0,12/9/2025 10:44:30,16/9/2025 10:05:51,2022
9179,9,批发和零售业,国际行业奖项合计,个,0,12/9/2025 10:44:31,16/9/2025 10:05:51,2022
9180,9,批发和零售业,国际行业奖项均值,个,0,12/9/2025 10:44:31,16/9/2025 10:05:51,2022
9181,9,批发和零售业,国际行业奖项最大值,个,0,12/9/2025 10:44:31,16/9/2025 10:05:51,2022
9182,9,批发和零售业,国际行业奖项最小值,个,0,12/9/2025 10:44:31,16/9/2025 10:05:51,2022
9183,9,批发和零售业,国际行业奖项中位数,个,0,12/9/2025 10:44:31,16/9/2025 10:05:51,2022
9184,10,食品饮料业,国际行业奖项合计,个,0,12/9/2025 10:44:31,16/9/2025 10:05:51,2022
9185,10,食品饮料业,国际行业奖项均值,个,0,12/9/2025 10:44:31,16/9/2025 10:05:51,2022
9186,10,食品饮料业,国际行业奖项最大值,个,0,12/9/2025 10:44:31,16/9/2025 10:05:51,2022
9187,10,食品饮料业,国际行业奖项最小值,个,0,12/9/2025 10:44:31,16/9/2025 10:05:51,2022
9188,10,食品饮料业,国际行业奖项中位数,个,0,12/9/2025 10:44:31,16/9/2025 10:05:51,2022
9194,12,汽车制造业,国际行业奖项合计,个,0,12/9/2025 10:44:32,16/9/2025 10:05:52,2022
9195,12,汽车制造业,国际行业奖项均值,个,0,12/9/2025 10:44:32,16/9/2025 10:05:52,2022
9196,12,汽车制造业,国际行业奖项最大值,个,0,12/9/2025 10:44:32,16/9/2025 10:05:52,2022
9197,12,汽车制造业,国际行业奖项最小值,个,0,12/9/2025 10:44:32,16/9/2025 10:05:52,2022
9198,12,汽车制造业,国际行业奖项中位数,个,0,12/9/2025 10:44:32,16/9/2025 10:05:52,2022
9199,13,电力、热力、燃气及水生产和供应业,国际行业奖项合计,个,0,12/9/2025 10:44:33,16/9/2025 10:05:53,2022
9200,13,电力、热力、燃气及水生产和供应业,国际行业奖项均值,个,0,12/9/2025 10:44:33,16/9/2025 10:05:53,2022
9201,13,电力、热力、燃气及水生产和供应业,国际行业奖项最大值,个,0,12/9/2025 10:44:33,16/9/2025 10:05:53,2022
9202,13,电力、热力、燃气及水生产和供应业,国际行业奖项最小值,个,0,12/9/2025 10:44:33,16/9/2025 10:05:53,2022
9203,13,电力、热力、燃气及水生产和供应业,国际行业奖项中位数,个,0,12/9/2025 10:44:33,16/9/2025 10:05:53,2022
9204,14,采矿业,国际行业奖项合计,个,0,12/9/2025 10:44:33,16/9/2025 10:05:53,2022
9205,14,采矿业,国际行业奖项均值,个,0,12/9/2025 10:44:33,16/9/2025 10:05:53,2022
9206,14,采矿业,国际行业奖项最大值,个,0,12/9/2025 10:44:33,16/9/2025 10:05:53,2022
9207,14,采矿业,国际行业奖项最小值,个,0,12/9/2025 10:44:33,16/9/2025 10:05:54,2022
9208,14,采矿业,国际行业奖项中位数,个,0,12/9/2025 10:44:33,16/9/2025 10:05:54,2022
9209,15,纺织鞋服业,国际行业奖项合计,个,0,12/9/2025 10:44:34,16/9/2025 10:05:54,2022
9210,15,纺织鞋服业,国际行业奖项均值,个,0,12/9/2025 10:44:34,16/9/2025 10:05:54,2022
9211,15,纺织鞋服业,国际行业奖项最大值,个,0,12/9/2025 10:44:34,16/9/2025 10:05:54,2022
9212,15,纺织鞋服业,国际行业奖项最小值,个,0,12/9/2025 10:44:34,16/9/2025 10:05:54,2022
9213,15,纺织鞋服业,国际行业奖项中位数,个,0,12/9/2025 10:44:34,16/9/2025 10:05:54,2022
9214,16,建筑业,国际行业奖项合计,个,0,12/9/2025 10:44:34,16/9/2025 10:05:54,2022
9215,16,建筑业,国际行业奖项均值,个,0,12/9/2025 10:44:35,16/9/2025 10:05:54,2022
9216,16,建筑业,国际行业奖项最大值,个,0,12/9/2025 10:44:35,16/9/2025 10:05:54,2022
9217,16,建筑业,国际行业奖项最小值,个,0,12/9/2025 10:44:35,16/9/2025 10:05:54,2022
9218,16,建筑业,国际行业奖项中位数,个,0,12/9/2025 10:44:35,16/9/2025 10:05:54,2022
9219,17,交通运输、仓储和邮政业,国际行业奖项合计,个,0,12/9/2025 10:44:35,16/9/2025 10:05:55,2022
9220,17,交通运输、仓储和邮政业,国际行业奖项均值,个,0,12/9/2025 10:44:35,16/9/2025 10:05:55,2022
9221,17,交通运输、仓储和邮政业,国际行业奖项最大值,个,0,12/9/2025 10:44:35,16/9/2025 10:05:55,2022
9222,17,交通运输、仓储和邮政业,国际行业奖项最小值,个,0,12/9/2025 10:44:35,16/9/2025 10:05:55,2022
9223,17,交通运输、仓储和邮政业,国际行业奖项中位数,个,0,12/9/2025 10:44:35,16/9/2025 10:05:55,2022
9224,18,通用设备制造业,国际行业奖项合计,个,0,12/9/2025 10:44:36,16/9/2025 10:05:55,2022
9225,18,通用设备制造业,国际行业奖项均值,个,0,12/9/2025 10:44:36,16/9/2025 10:05:55,2022
9226,18,通用设备制造业,国际行业奖项最大值,个,0,12/9/2025 10:44:36,16/9/2025 10:05:55,2022
9227,18,通用设备制造业,国际行业奖项最小值,个,0,12/9/2025 10:44:36,16/9/2025 10:05:55,2022
9228,18,通用设备制造业,国际行业奖项中位数,个,0,12/9/2025 10:44:36,16/9/2025 10:05:55,2022
9229,19,半导体业,国际行业奖项合计,个,0,12/9/2025 10:44:37,16/9/2025 10:05:56,2022
9230,19,半导体业,国际行业奖项均值,个,0,12/9/2025 10:44:37,16/9/2025 10:05:56,2022
9231,19,半导体业,国际行业奖项最大值,个,0,12/9/2025 10:44:37,16/9/2025 10:05:56,2022
9232,19,半导体业,国际行业奖项最小值,个,0,12/9/2025 10:44:37,16/9/2025 10:05:56,2022
9233,19,半导体业,国际行业奖项中位数,个,0,12/9/2025 10:44:37,16/9/2025 10:05:56,2022
9234,20,租赁和商务服务业,国际行业奖项合计,个,0,12/9/2025 10:44:37,16/9/2025 10:05:56,2022
9235,20,租赁和商务服务业,国际行业奖项均值,个,0,12/9/2025 10:44:37,16/9/2025 10:05:56,2022
9236,20,租赁和商务服务业,国际行业奖项最大值,个,0,12/9/2025 10:44:37,16/9/2025 10:05:56,2022
9237,20,租赁和商务服务业,国际行业奖项最小值,个,0,12/9/2025 10:44:37,16/9/2025 10:05:56,2022
9238,20,租赁和商务服务业,国际行业奖项中位数,个,0,12/9/2025 10:44:37,16/9/2025 10:05:56,2022
9239,21,通信传输设备业,国际行业奖项合计,个,0,12/9/2025 10:44:38,16/9/2025 10:05:57,2022
9240,21,通信传输设备业,国际行业奖项均值,个,0,12/9/2025 10:44:38,16/9/2025 10:05:57,2022
9241,21,通信传输设备业,国际行业奖项最大值,个,0,12/9/2025 10:44:38,16/9/2025 10:05:57,2022
9242,21,通信传输设备业,国际行业奖项最小值,个,0,12/9/2025 10:44:38,16/9/2025 10:05:57,2022
9243,21,通信传输设备业,国际行业奖项中位数,个,0,12/9/2025 10:44:38,16/9/2025 10:05:57,2022
9244,22,非金属矿物制品业,国际行业奖项合计,个,0,12/9/2025 10:44:38,16/9/2025 10:05:57,2022
9245,22,非金属矿物制品业,国际行业奖项均值,个,0,12/9/2025 10:44:38,16/9/2025 10:05:57,2022
9246,22,非金属矿物制品业,国际行业奖项最大值,个,0,12/9/2025 10:44:38,16/9/2025 10:05:57,2022
9247,22,非金属矿物制品业,国际行业奖项最小值,个,0,12/9/2025 10:44:38,16/9/2025 10:05:57,2022
9248,22,非金属矿物制品业,国际行业奖项中位数,个,0,12/9/2025 10:44:38,16/9/2025 10:05:57,2022
9249,23,橡胶和塑料制品业,国际行业奖项合计,个,0,12/9/2025 10:44:39,16/9/2025 10:05:58,2022
9250,23,橡胶和塑料制品业,国际行业奖项均值,个,0,12/9/2025 10:44:39,16/9/2025 10:05:58,2022
9251,23,橡胶和塑料制品业,国际行业奖项最大值,个,0,12/9/2025 10:44:39,16/9/2025 10:05:58,2022
9252,23,橡胶和塑料制品业,国际行业奖项最小值,个,0,12/9/2025 10:44:39,16/9/2025 10:05:58,2022
9253,23,橡胶和塑料制品业,国际行业奖项中位数,个,0,12/9/2025 10:44:39,16/9/2025 10:05:58,2022
9254,24,综合,国际行业奖项合计,个,0,12/9/2025 10:44:39,16/9/2025 10:05:58,2022
9255,24,综合,国际行业奖项均值,个,0,12/9/2025 10:44:39,16/9/2025 10:05:58,2022
9256,24,综合,国际行业奖项最大值,个,0,12/9/2025 10:44:40,16/9/2025 10:05:58,2022
9257,24,综合,国际行业奖项最小值,个,0,12/9/2025 10:44:40,16/9/2025 10:05:58,2022
9258,24,综合,国际行业奖项中位数,个,0,12/9/2025 10:44:40,16/9/2025 10:05:58,2022
9259,25,其他制造业,国际行业奖项合计,个,0,12/9/2025 10:44:40,16/9/2025 10:05:59,2022
9260,25,其他制造业,国际行业奖项均值,个,0,12/9/2025 10:44:40,16/9/2025 10:05:59,2022
9261,25,其他制造业,国际行业奖项最大值,个,0,12/9/2025 10:44:40,16/9/2025 10:05:59,2022
9262,25,其他制造业,国际行业奖项最小值,个,0,12/9/2025 10:44:40,16/9/2025 10:05:59,2022
9263,25,其他制造业,国际行业奖项中位数,个,0,12/9/2025 10:44:40,16/9/2025 10:05:59,2022
9264,26,金属制品业,国际行业奖项合计,个,0,12/9/2025 10:44:40,16/9/2025 10:05:59,2022
9265,26,金属制品业,国际行业奖项均值,个,0,12/9/2025 10:44:40,16/9/2025 10:06:00,2022
9266,26,金属制品业,国际行业奖项最大值,个,0,12/9/2025 10:44:40,16/9/2025 10:06:00,2022
9267,26,金属制品业,国际行业奖项最小值,个,0,12/9/2025 10:44:40,16/9/2025 10:06:00,2022
9268,26,金属制品业,国际行业奖项中位数,个,0,12/9/2025 10:44:41,16/9/2025 10:06:00,2022
9269,27,铁路、船舶、航空航天和其他运输设备制造业,国际行业奖项合计,个,0,12/9/2025 10:44:41,16/9/2025 10:06:00,2022
9270,27,铁路、船舶、航空航天和其他运输设备制造业,国际行业奖项均值,个,0,12/9/2025 10:44:41,16/9/2025 10:06:01,2022
9271,27,铁路、船舶、航空航天和其他运输设备制造业,国际行业奖项最大值,个,0,12/9/2025 10:44:41,16/9/2025 10:06:01,2022
9272,27,铁路、船舶、航空航天和其他运输设备制造业,国际行业奖项最小值,个,0,12/9/2025 10:44:41,16/9/2025 10:06:01,2022
9273,27,铁路、船舶、航空航天和其他运输设备制造业,国际行业奖项中位数,个,0,12/9/2025 10:44:42,16/9/2025 10:06:01,2022
9274,28,水利、环境和公共设施管理业,国际行业奖项合计,个,0,12/9/2025 10:44:42,16/9/2025 10:06:01,2022
9275,28,水利、环境和公共设施管理业,国际行业奖项均值,个,0,12/9/2025 10:44:42,16/9/2025 10:06:01,2022
9276,28,水利、环境和公共设施管理业,国际行业奖项最大值,个,0,12/9/2025 10:44:42,16/9/2025 10:06:01,2022
9277,28,水利、环境和公共设施管理业,国际行业奖项最小值,个,0,12/9/2025 10:44:42,16/9/2025 10:06:01,2022
9278,28,水利、环境和公共设施管理业,国际行业奖项中位数,个,0,12/9/2025 10:44:42,16/9/2025 10:06:01,2022
9279,29,金属冶炼和压延加工业,国际行业奖项合计,个,0,12/9/2025 10:44:43,16/9/2025 10:06:02,2022
9280,29,金属冶炼和压延加工业,国际行业奖项均值,个,0,12/9/2025 10:44:43,16/9/2025 10:06:02,2022
9281,29,金属冶炼和压延加工业,国际行业奖项最大值,个,0,12/9/2025 10:44:43,16/9/2025 10:06:02,2022
9282,29,金属冶炼和压延加工业,国际行业奖项最小值,个,0,12/9/2025 10:44:43,16/9/2025 10:06:02,2022
9283,29,金属冶炼和压延加工业,国际行业奖项中位数,个,0,12/9/2025 10:44:43,16/9/2025 10:06:02,2022
9284,30,科学研究和技术服务业,国际行业奖项合计,个,0,12/9/2025 10:44:43,16/9/2025 10:06:02,2022
9285,30,科学研究和技术服务业,国际行业奖项均值,个,0,12/9/2025 10:44:43,16/9/2025 10:06:02,2022
9286,30,科学研究和技术服务业,国际行业奖项最大值,个,0,12/9/2025 10:44:43,16/9/2025 10:06:02,2022
9287,30,科学研究和技术服务业,国际行业奖项最小值,个,0,12/9/2025 10:44:43,16/9/2025 10:06:02,2022
9288,30,科学研究和技术服务业,国际行业奖项中位数,个,0,12/9/2025 10:44:43,16/9/2025 10:06:02,2022
9289,31,教育,国际行业奖项合计,个,0,12/9/2025 10:44:44,16/9/2025 10:06:02,2022
9290,31,教育,国际行业奖项均值,个,0,12/9/2025 10:44:44,16/9/2025 10:06:03,2022
9291,31,教育,国际行业奖项最大值,个,0,12/9/2025 10:44:44,16/9/2025 10:06:03,2022
9292,31,教育,国际行业奖项最小值,个,0,12/9/2025 10:44:44,16/9/2025 10:06:03,2022
9293,31,教育,国际行业奖项中位数,个,0,12/9/2025 10:44:44,16/9/2025 10:06:03,2022
9294,32,仪器仪表制造业,国际行业奖项合计,个,0,12/9/2025 10:44:44,16/9/2025 10:06:03,2022
9295,32,仪器仪表制造业,国际行业奖项均值,个,0,12/9/2025 10:44:44,16/9/2025 10:06:03,2022
9296,32,仪器仪表制造业,国际行业奖项最大值,个,0,12/9/2025 10:44:44,16/9/2025 10:06:03,2022
9297,32,仪器仪表制造业,国际行业奖项最小值,个,0,12/9/2025 10:44:44,16/9/2025 10:06:03,2022
9298,32,仪器仪表制造业,国际行业奖项中位数,个,0,12/9/2025 10:44:44,16/9/2025 10:06:03,2022
9299,33,文化、体育和娱乐业,国际行业奖项合计,个,0,12/9/2025 10:44:45,16/9/2025 10:06:04,2022
9300,33,文化、体育和娱乐业,国际行业奖项均值,个,0,12/9/2025 10:44:45,16/9/2025 10:06:04,2022
9301,33,文化、体育和娱乐业,国际行业奖项最大值,个,0,12/9/2025 10:44:45,16/9/2025 10:06:04,2022
9302,33,文化、体育和娱乐业,国际行业奖项最小值,个,0,12/9/2025 10:44:45,16/9/2025 10:06:04,2022
9303,33,文化、体育和娱乐业,国际行业奖项中位数,个,0,12/9/2025 10:44:45,16/9/2025 10:06:04,2022
9304,34,农、林、牧、渔业,国际行业奖项合计,个,0,12/9/2025 10:44:46,16/9/2025 10:06:04,2022
9305,34,农、林、牧、渔业,国际行业奖项均值,个,0,12/9/2025 10:44:46,16/9/2025 10:06:04,2022
9306,34,农、林、牧、渔业,国际行业奖项最大值,个,0,12/9/2025 10:44:46,16/9/2025 10:06:04,2022
9307,34,农、林、牧、渔业,国际行业奖项最小值,个,0,12/9/2025 10:44:46,16/9/2025 10:06:04,2022
9308,34,农、林、牧、渔业,国际行业奖项中位数,个,0,12/9/2025 10:44:46,16/9/2025 10:06:04,2022
9309,35,卫生和社会工作,国际行业奖项合计,个,0,12/9/2025 10:44:46,16/9/2025 10:06:05,2022
9310,35,卫生和社会工作,国际行业奖项均值,个,0,12/9/2025 10:44:46,16/9/2025 10:06:05,2022
9311,35,卫生和社会工作,国际行业奖项最大值,个,0,12/9/2025 10:44:46,16/9/2025 10:06:05,2022
9312,35,卫生和社会工作,国际行业奖项最小值,个,0,12/9/2025 10:44:47,16/9/2025 10:06:05,2022
9313,35,卫生和社会工作,国际行业奖项中位数,个,0,12/9/2025 10:44:47,16/9/2025 10:06:05,2022
9314,36,造纸和纸制品业,国际行业奖项合计,个,0,12/9/2025 10:44:47,16/9/2025 10:06:05,2022
9315,36,造纸和纸制品业,国际行业奖项均值,个,0,12/9/2025 10:44:47,16/9/2025 10:06:05,2022
9316,36,造纸和纸制品业,国际行业奖项最大值,个,0,12/9/2025 10:44:47,16/9/2025 10:06:05,2022
9317,36,造纸和纸制品业,国际行业奖项最小值,个,0,12/9/2025 10:44:47,16/9/2025 10:06:05,2022
9318,36,造纸和纸制品业,国际行业奖项中位数,个,0,12/9/2025 10:44:47,16/9/2025 10:06:05,2022
9319,37,住宿和餐饮业,国际行业奖项合计,个,0,12/9/2025 10:44:48,16/9/2025 10:06:05,2022
9320,37,住宿和餐饮业,国际行业奖项均值,个,0,12/9/2025 10:44:48,16/9/2025 10:06:06,2022
9321,37,住宿和餐饮业,国际行业奖项最大值,个,0,12/9/2025 10:44:48,16/9/2025 10:06:06,2022
9322,37,住宿和餐饮业,国际行业奖项最小值,个,0,12/9/2025 10:44:48,16/9/2025 10:06:06,2022
9323,37,住宿和餐饮业,国际行业奖项中位数,个,0,12/9/2025 10:44:48,16/9/2025 10:06:06,2022
9324,38,家具制造业,国际行业奖项合计,个,0,12/9/2025 10:44:48,16/9/2025 10:06:06,2022
9325,38,家具制造业,国际行业奖项均值,个,0,12/9/2025 10:44:48,16/9/2025 10:06:06,2022
9326,38,家具制造业,国际行业奖项最大值,个,0,12/9/2025 10:44:48,16/9/2025 10:06:06,2022
9327,38,家具制造业,国际行业奖项最小值,个,0,12/9/2025 10:44:48,16/9/2025 10:06:06,2022
9328,38,家具制造业,国际行业奖项中位数,个,0,12/9/2025 10:44:49,16/9/2025 10:06:06,2022
9329,39,印刷和记录媒介复制业,国际行业奖项合计,个,0,12/9/2025 10:44:49,16/9/2025 10:06:06,2022
9330,39,印刷和记录媒介复制业,国际行业奖项均值,个,0,12/9/2025 10:44:49,16/9/2025 10:06:06,2022
9331,39,印刷和记录媒介复制业,国际行业奖项最大值,个,0,12/9/2025 10:44:49,16/9/2025 10:06:06,2022
9332,39,印刷和记录媒介复制业,国际行业奖项最小值,个,0,12/9/2025 10:44:49,16/9/2025 10:06:06,2022
9333,39,印刷和记录媒介复制业,国际行业奖项中位数,个,0,12/9/2025 10:44:49,16/9/2025 10:06:06,2022
9334,41,文教、工美、体育和娱乐用品制造业,国际行业奖项合计,个,0,12/9/2025 10:44:49,16/9/2025 10:06:07,2022
9335,41,文教、工美、体育和娱乐用品制造业,国际行业奖项均值,个,0,12/9/2025 10:44:50,16/9/2025 10:06:07,2022
9336,41,文教、工美、体育和娱乐用品制造业,国际行业奖项最大值,个,0,12/9/2025 10:44:50,16/9/2025 10:06:07,2022
9337,41,文教、工美、体育和娱乐用品制造业,国际行业奖项最小值,个,0,12/9/2025 10:44:50,16/9/2025 10:06:07,2022
9338,41,文教、工美、体育和娱乐用品制造业,国际行业奖项中位数,个,0,12/9/2025 10:44:50,16/9/2025 10:06:07,2022
9344,43,化学纤维制造业,国际行业奖项合计,个,0,12/9/2025 10:44:51,16/9/2025 10:06:07,2022
9345,43,化学纤维制造业,国际行业奖项均值,个,0,12/9/2025 10:44:51,16/9/2025 10:06:07,2022
9346,43,化学纤维制造业,国际行业奖项最大值,个,0,12/9/2025 10:44:51,16/9/2025 10:06:08,2022
9347,43,化学纤维制造业,国际行业奖项最小值,个,0,12/9/2025 10:44:51,16/9/2025 10:06:08,2022
9348,43,化学纤维制造业,国际行业奖项中位数,个,0,12/9/2025 10:44:51,16/9/2025 10:06:08,2022
9354,45,石油加工、炼焦和核燃料加工业,国际行业奖项合计,个,0,12/9/2025 10:44:52,16/9/2025 10:06:09,2022
9355,45,石油加工、炼焦和核燃料加工业,国际行业奖项均值,个,0,12/9/2025 10:44:52,16/9/2025 10:06:09,2022
9356,45,石油加工、炼焦和核燃料加工业,国际行业奖项最大值,个,0,12/9/2025 10:44:52,16/9/2025 10:06:09,2022
9357,45,石油加工、炼焦和核燃料加工业,国际行业奖项最小值,个,0,12/9/2025 10:44:52,16/9/2025 10:06:09,2022
9358,45,石油加工、炼焦和核燃料加工业,国际行业奖项中位数,个,0,12/9/2025 10:44:52,16/9/2025 10:06:09,2022
9359,46,废弃资源综合利用业,国际行业奖项合计,个,0,12/9/2025 10:44:53,16/9/2025 10:06:10,2022
9360,46,废弃资源综合利用业,国际行业奖项均值,个,0,12/9/2025 10:44:53,16/9/2025 10:06:10,2022
9361,46,废弃资源综合利用业,国际行业奖项最大值,个,0,12/9/2025 10:44:53,16/9/2025 10:06:10,2022
9362,46,废弃资源综合利用业,国际行业奖项最小值,个,0,12/9/2025 10:44:53,16/9/2025 10:06:10,2022
9363,46,废弃资源综合利用业,国际行业奖项中位数,个,0,12/9/2025 10:44:53,16/9/2025 10:06:10,2022
9364,47,木材加工和木、竹、藤、棕、草制品业,国际行业奖项合计,个,0,12/9/2025 10:44:53,16/9/2025 10:06:11,2022
9365,47,木材加工和木、竹、藤、棕、草制品业,国际行业奖项均值,个,0,12/9/2025 10:44:53,16/9/2025 10:06:11,2022
9366,47,木材加工和木、竹、藤、棕、草制品业,国际行业奖项最大值,个,0,12/9/2025 10:44:53,16/9/2025 10:06:11,2022
9367,47,木材加工和木、竹、藤、棕、草制品业,国际行业奖项最小值,个,0,12/9/2025 10:44:53,16/9/2025 10:06:11,2022
9368,47,木材加工和木、竹、藤、棕、草制品业,国际行业奖项中位数,个,0,12/9/2025 10:44:53,16/9/2025 10:06:11,2022
9369,48,居民服务、修理和其他服务业,国际行业奖项合计,个,0,12/9/2025 10:44:54,16/9/2025 10:06:12,2022
9370,48,居民服务、修理和其他服务业,国际行业奖项均值,个,0,12/9/2025 10:44:54,16/9/2025 10:06:12,2022
9371,48,居民服务、修理和其他服务业,国际行业奖项最大值,个,0,12/9/2025 10:44:54,16/9/2025 10:06:12,2022
9372,48,居民服务、修理和其他服务业,国际行业奖项最小值,个,0,12/9/2025 10:44:54,16/9/2025 10:06:12,2022
9373,48,居民服务、修理和其他服务业,国际行业奖项中位数,个,0,12/9/2025 10:44:54,16/9/2025 10:06:12,2022
9374,0,全行业,国际行业奖项合计,个,0,12/9/2025 10:44:54,5/11/2025 08:56:03,2022
9375,0,全行业,国际行业奖项均值,个,0,12/9/2025 10:44:54,5/11/2025 08:56:03,2022
9376,0,全行业,国际行业奖项最大值,个,0,12/9/2025 10:44:54,5/11/2025 08:56:03,2022
9377,0,全行业,国际行业奖项最小值,个,0,12/9/2025 10:44:54,5/11/2025 08:56:03,2022
9378,0,全行业,国际行业奖项中位数,个,0,12/9/2025 10:44:54,5/11/2025 08:56:03,2022
9379,1,医药制造业,国家自然科学奖合计,个,0,12/9/2025 10:44:55,16/9/2025 10:06:13,2022
9380,1,医药制造业,国家自然科学奖均值,个,0,12/9/2025 10:44:55,16/9/2025 10:06:13,2022
9381,1,医药制造业,国家自然科学奖最大值,个,0,12/9/2025 10:44:55,16/9/2025 10:06:13,2022
9382,1,医药制造业,国家自然科学奖最小值,个,0,12/9/2025 10:44:55,16/9/2025 10:06:13,2022
9383,1,医药制造业,国家自然科学奖中位数,个,0,12/9/2025 10:44:55,16/9/2025 10:06:13,2022
9384,2,化学原料和化学制品制造业,国家自然科学奖合计,个,0,12/9/2025 10:44:55,16/9/2025 10:06:14,2022
9385,2,化学原料和化学制品制造业,国家自然科学奖均值,个,0,12/9/2025 10:44:55,16/9/2025 10:06:14,2022
9386,2,化学原料和化学制品制造业,国家自然科学奖最大值,个,0,12/9/2025 10:44:55,16/9/2025 10:06:14,2022
9387,2,化学原料和化学制品制造业,国家自然科学奖最小值,个,0,12/9/2025 10:44:55,16/9/2025 10:06:14,2022
9388,2,化学原料和化学制品制造业,国家自然科学奖中位数,个,0,12/9/2025 10:44:55,16/9/2025 10:06:14,2022
9389,3,信息传输、软件和信息技术服务业,国家自然科学奖合计,个,0,12/9/2025 10:44:56,16/9/2025 10:06:15,2022
9390,3,信息传输、软件和信息技术服务业,国家自然科学奖均值,个,0,12/9/2025 10:44:56,16/9/2025 10:06:15,2022
9391,3,信息传输、软件和信息技术服务业,国家自然科学奖最大值,个,0,12/9/2025 10:44:56,16/9/2025 10:06:15,2022
9392,3,信息传输、软件和信息技术服务业,国家自然科学奖最小值,个,0,12/9/2025 10:44:56,16/9/2025 10:06:15,2022
9393,3,信息传输、软件和信息技术服务业,国家自然科学奖中位数,个,0,12/9/2025 10:44:56,16/9/2025 10:06:15,2022
9394,4,房地产业,国家自然科学奖合计,个,0,12/9/2025 10:44:57,16/9/2025 10:06:15,2022
9395,4,房地产业,国家自然科学奖均值,个,0,12/9/2025 10:44:57,16/9/2025 10:06:15,2022
9396,4,房地产业,国家自然科学奖最大值,个,0,12/9/2025 10:44:57,16/9/2025 10:06:15,2022
9397,4,房地产业,国家自然科学奖最小值,个,0,12/9/2025 10:44:57,16/9/2025 10:06:15,2022
9398,4,房地产业,国家自然科学奖中位数,个,0,12/9/2025 10:44:57,16/9/2025 10:06:15,2022
9399,5,专用设备制造业,国家自然科学奖合计,个,0,12/9/2025 10:44:57,16/9/2025 10:06:16,2022
9400,5,专用设备制造业,国家自然科学奖均值,个,0,12/9/2025 10:44:57,16/9/2025 10:06:16,2022
9401,5,专用设备制造业,国家自然科学奖最大值,个,0,12/9/2025 10:44:57,16/9/2025 10:06:16,2022
9402,5,专用设备制造业,国家自然科学奖最小值,个,0,12/9/2025 10:44:58,16/9/2025 10:06:16,2022
9403,5,专用设备制造业,国家自然科学奖中位数,个,0,12/9/2025 10:44:58,16/9/2025 10:06:16,2022
9404,6,消费电子及电气业,国家自然科学奖合计,个,0,12/9/2025 10:44:58,16/9/2025 10:06:16,2022
9405,6,消费电子及电气业,国家自然科学奖均值,个,0,12/9/2025 10:44:58,16/9/2025 10:06:16,2022
9406,6,消费电子及电气业,国家自然科学奖最大值,个,0,12/9/2025 10:44:58,16/9/2025 10:06:16,2022
9407,6,消费电子及电气业,国家自然科学奖最小值,个,0,12/9/2025 10:44:58,16/9/2025 10:06:16,2022
9408,6,消费电子及电气业,国家自然科学奖中位数,个,0,12/9/2025 10:44:58,16/9/2025 10:06:16,2022
9409,7,金融业,国家自然科学奖合计,个,0,12/9/2025 10:44:59,16/9/2025 10:06:17,2022
9410,7,金融业,国家自然科学奖均值,个,0,12/9/2025 10:44:59,16/9/2025 10:06:17,2022
9411,7,金融业,国家自然科学奖最大值,个,0,12/9/2025 10:44:59,16/9/2025 10:06:17,2022
9412,7,金融业,国家自然科学奖最小值,个,0,12/9/2025 10:44:59,16/9/2025 10:06:17,2022
9413,7,金融业,国家自然科学奖中位数,个,0,12/9/2025 10:45:00,16/9/2025 10:06:17,2022
9414,8,商业电气机械和器材制造业,国家自然科学奖合计,个,0,12/9/2025 10:45:00,16/9/2025 10:06:17,2022
9415,8,商业电气机械和器材制造业,国家自然科学奖均值,个,0,12/9/2025 10:45:00,16/9/2025 10:06:17,2022
9416,8,商业电气机械和器材制造业,国家自然科学奖最大值,个,0,12/9/2025 10:45:00,16/9/2025 10:06:17,2022
9417,8,商业电气机械和器材制造业,国家自然科学奖最小值,个,0,12/9/2025 10:45:00,16/9/2025 10:06:17,2022
9418,8,商业电气机械和器材制造业,国家自然科学奖中位数,个,0,12/9/2025 10:45:00,16/9/2025 10:06:17,2022
9419,9,批发和零售业,国家自然科学奖合计,个,0,12/9/2025 10:45:00,16/9/2025 10:06:17,2022
9420,9,批发和零售业,国家自然科学奖均值,个,0,12/9/2025 10:45:00,16/9/2025 10:06:18,2022
9421,9,批发和零售业,国家自然科学奖最大值,个,0,12/9/2025 10:45:00,16/9/2025 10:06:18,2022
9422,9,批发和零售业,国家自然科学奖最小值,个,0,12/9/2025 10:45:01,16/9/2025 10:06:18,2022
9423,9,批发和零售业,国家自然科学奖中位数,个,0,12/9/2025 10:45:01,16/9/2025 10:06:18,2022
9424,10,食品饮料业,国家自然科学奖合计,个,0,12/9/2025 10:45:01,16/9/2025 10:06:18,2022
9425,10,食品饮料业,国家自然科学奖均值,个,0,12/9/2025 10:45:01,16/9/2025 10:06:18,2022
9426,10,食品饮料业,国家自然科学奖最大值,个,0,12/9/2025 10:45:01,16/9/2025 10:06:18,2022
9427,10,食品饮料业,国家自然科学奖最小值,个,0,12/9/2025 10:45:01,16/9/2025 10:06:19,2022
9428,10,食品饮料业,国家自然科学奖中位数,个,0,12/9/2025 10:45:01,16/9/2025 10:06:19,2022
9434,12,汽车制造业,国家自然科学奖合计,个,0,12/9/2025 10:45:02,16/9/2025 10:06:20,2022
9435,12,汽车制造业,国家自然科学奖均值,个,0,12/9/2025 10:45:02,16/9/2025 10:06:20,2022
9436,12,汽车制造业,国家自然科学奖最大值,个,0,12/9/2025 10:45:02,16/9/2025 10:06:20,2022
9437,12,汽车制造业,国家自然科学奖最小值,个,0,12/9/2025 10:45:02,16/9/2025 10:06:20,2022
9438,12,汽车制造业,国家自然科学奖中位数,个,0,12/9/2025 10:45:02,16/9/2025 10:06:20,2022
9439,13,电力、热力、燃气及水生产和供应业,国家自然科学奖合计,个,0,12/9/2025 10:45:02,16/9/2025 10:06:20,2022
9440,13,电力、热力、燃气及水生产和供应业,国家自然科学奖均值,个,0,12/9/2025 10:45:02,16/9/2025 10:06:20,2022
9441,13,电力、热力、燃气及水生产和供应业,国家自然科学奖最大值,个,0,12/9/2025 10:45:02,16/9/2025 10:06:20,2022
9442,13,电力、热力、燃气及水生产和供应业,国家自然科学奖最小值,个,0,12/9/2025 10:45:02,16/9/2025 10:06:20,2022
9443,13,电力、热力、燃气及水生产和供应业,国家自然科学奖中位数,个,0,12/9/2025 10:45:02,16/9/2025 10:06:20,2022
9444,14,采矿业,国家自然科学奖合计,个,0,12/9/2025 10:45:03,16/9/2025 10:06:20,2022
9445,14,采矿业,国家自然科学奖均值,个,0,12/9/2025 10:45:03,16/9/2025 10:06:20,2022
9446,14,采矿业,国家自然科学奖最大值,个,0,12/9/2025 10:45:03,16/9/2025 10:06:20,2022
9447,14,采矿业,国家自然科学奖最小值,个,0,12/9/2025 10:45:03,16/9/2025 10:06:21,2022
9448,14,采矿业,国家自然科学奖中位数,个,0,12/9/2025 10:45:03,16/9/2025 10:06:21,2022
9449,15,纺织鞋服业,国家自然科学奖合计,个,0,12/9/2025 10:45:03,16/9/2025 10:06:21,2022
9450,15,纺织鞋服业,国家自然科学奖均值,个,0,12/9/2025 10:45:03,16/9/2025 10:06:21,2022
9451,15,纺织鞋服业,国家自然科学奖最大值,个,0,12/9/2025 10:45:03,16/9/2025 10:06:21,2022
9452,15,纺织鞋服业,国家自然科学奖最小值,个,0,12/9/2025 10:45:03,16/9/2025 10:06:21,2022
9453,15,纺织鞋服业,国家自然科学奖中位数,个,0,12/9/2025 10:45:03,16/9/2025 10:06:21,2022
9454,16,建筑业,国家自然科学奖合计,个,0,12/9/2025 10:45:04,16/9/2025 10:06:21,2022
9455,16,建筑业,国家自然科学奖均值,个,0,12/9/2025 10:45:04,16/9/2025 10:06:21,2022
9456,16,建筑业,国家自然科学奖最大值,个,0,12/9/2025 10:45:04,16/9/2025 10:06:21,2022
9457,16,建筑业,国家自然科学奖最小值,个,0,12/9/2025 10:45:04,16/9/2025 10:06:21,2022
9458,16,建筑业,国家自然科学奖中位数,个,0,12/9/2025 10:45:04,16/9/2025 10:06:21,2022
9459,17,交通运输、仓储和邮政业,国家自然科学奖合计,个,0,12/9/2025 10:45:04,16/9/2025 10:06:22,2022
9460,17,交通运输、仓储和邮政业,国家自然科学奖均值,个,0,12/9/2025 10:45:04,16/9/2025 10:06:22,2022
9461,17,交通运输、仓储和邮政业,国家自然科学奖最大值,个,0,12/9/2025 10:45:04,16/9/2025 10:06:22,2022
9462,17,交通运输、仓储和邮政业,国家自然科学奖最小值,个,0,12/9/2025 10:45:04,16/9/2025 10:06:22,2022
9463,17,交通运输、仓储和邮政业,国家自然科学奖中位数,个,0,12/9/2025 10:45:04,16/9/2025 10:06:22,2022
9464,18,通用设备制造业,国家自然科学奖合计,个,0,12/9/2025 10:45:05,16/9/2025 10:06:22,2022
9465,18,通用设备制造业,国家自然科学奖均值,个,0,12/9/2025 10:45:05,16/9/2025 10:06:22,2022
9466,18,通用设备制造业,国家自然科学奖最大值,个,0,12/9/2025 10:45:05,16/9/2025 10:06:22,2022
9467,18,通用设备制造业,国家自然科学奖最小值,个,0,12/9/2025 10:45:05,16/9/2025 10:06:22,2022
9468,18,通用设备制造业,国家自然科学奖中位数,个,0,12/9/2025 10:45:05,16/9/2025 10:06:22,2022
9469,19,半导体业,国家自然科学奖合计,个,0,12/9/2025 10:45:05,16/9/2025 10:06:22,2022
9470,19,半导体业,国家自然科学奖均值,个,0,12/9/2025 10:45:05,16/9/2025 10:06:23,2022
9471,19,半导体业,国家自然科学奖最大值,个,0,12/9/2025 10:45:05,16/9/2025 10:06:23,2022
9472,19,半导体业,国家自然科学奖最小值,个,0,12/9/2025 10:45:05,16/9/2025 10:06:23,2022
9473,19,半导体业,国家自然科学奖中位数,个,0,12/9/2025 10:45:05,16/9/2025 10:06:23,2022
9474,20,租赁和商务服务业,国家自然科学奖合计,个,0,12/9/2025 10:45:06,16/9/2025 10:06:23,2022
9475,20,租赁和商务服务业,国家自然科学奖均值,个,0,12/9/2025 10:45:06,16/9/2025 10:06:23,2022
9476,20,租赁和商务服务业,国家自然科学奖最大值,个,0,12/9/2025 10:45:06,16/9/2025 10:06:23,2022
9477,20,租赁和商务服务业,国家自然科学奖最小值,个,0,12/9/2025 10:45:06,16/9/2025 10:06:23,2022
9478,20,租赁和商务服务业,国家自然科学奖中位数,个,0,12/9/2025 10:45:06,16/9/2025 10:06:23,2022
9479,21,通信传输设备业,国家自然科学奖合计,个,0,12/9/2025 10:45:06,16/9/2025 10:06:23,2022
9480,21,通信传输设备业,国家自然科学奖均值,个,0,12/9/2025 10:45:06,16/9/2025 10:06:23,2022
9481,21,通信传输设备业,国家自然科学奖最大值,个,0,12/9/2025 10:45:06,16/9/2025 10:06:23,2022
9482,21,通信传输设备业,国家自然科学奖最小值,个,0,12/9/2025 10:45:06,16/9/2025 10:06:23,2022
9483,21,通信传输设备业,国家自然科学奖中位数,个,0,12/9/2025 10:45:06,16/9/2025 10:06:23,2022
9484,22,非金属矿物制品业,国家自然科学奖合计,个,0,12/9/2025 10:45:07,16/9/2025 10:06:24,2022
9485,22,非金属矿物制品业,国家自然科学奖均值,个,0,12/9/2025 10:45:07,16/9/2025 10:06:24,2022
9486,22,非金属矿物制品业,国家自然科学奖最大值,个,0,12/9/2025 10:45:07,16/9/2025 10:06:24,2022
9487,22,非金属矿物制品业,国家自然科学奖最小值,个,0,12/9/2025 10:45:07,16/9/2025 10:06:24,2022
9488,22,非金属矿物制品业,国家自然科学奖中位数,个,0,12/9/2025 10:45:07,16/9/2025 10:06:24,2022
9489,23,橡胶和塑料制品业,国家自然科学奖合计,个,0,12/9/2025 10:45:07,16/9/2025 10:06:24,2022
9490,23,橡胶和塑料制品业,国家自然科学奖均值,个,0,12/9/2025 10:45:07,16/9/2025 10:06:24,2022
9491,23,橡胶和塑料制品业,国家自然科学奖最大值,个,0,12/9/2025 10:45:07,16/9/2025 10:06:24,2022
9492,23,橡胶和塑料制品业,国家自然科学奖最小值,个,0,12/9/2025 10:45:07,16/9/2025 10:06:24,2022
9493,23,橡胶和塑料制品业,国家自然科学奖中位数,个,0,12/9/2025 10:45:07,16/9/2025 10:06:24,2022
9494,24,综合,国家自然科学奖合计,个,0,12/9/2025 10:45:08,16/9/2025 10:06:25,2022
9495,24,综合,国家自然科学奖均值,个,0,12/9/2025 10:45:08,16/9/2025 10:06:25,2022
9496,24,综合,国家自然科学奖最大值,个,0,12/9/2025 10:45:08,16/9/2025 10:06:25,2022
9497,24,综合,国家自然科学奖最小值,个,0,12/9/2025 10:45:08,16/9/2025 10:06:25,2022
9498,24,综合,国家自然科学奖中位数,个,0,12/9/2025 10:45:08,16/9/2025 10:06:25,2022
9499,25,其他制造业,国家自然科学奖合计,个,0,12/9/2025 10:45:09,16/9/2025 10:06:25,2022
9500,25,其他制造业,国家自然科学奖均值,个,0,12/9/2025 10:45:09,16/9/2025 10:06:26,2022
9501,25,其他制造业,国家自然科学奖最大值,个,0,12/9/2025 10:45:09,16/9/2025 10:06:26,2022
9502,25,其他制造业,国家自然科学奖最小值,个,0,12/9/2025 10:45:09,16/9/2025 10:06:26,2022
9503,25,其他制造业,国家自然科学奖中位数,个,0,12/9/2025 10:45:09,16/9/2025 10:06:26,2022
9504,26,金属制品业,国家自然科学奖合计,个,0,12/9/2025 10:45:09,16/9/2025 10:06:26,2022
9505,26,金属制品业,国家自然科学奖均值,个,0,12/9/2025 10:45:09,16/9/2025 10:06:26,2022
9506,26,金属制品业,国家自然科学奖最大值,个,0,12/9/2025 10:45:09,16/9/2025 10:06:26,2022
9507,26,金属制品业,国家自然科学奖最小值,个,0,12/9/2025 10:45:10,16/9/2025 10:06:26,2022
9508,26,金属制品业,国家自然科学奖中位数,个,0,12/9/2025 10:45:10,16/9/2025 10:06:26,2022
9509,27,铁路、船舶、航空航天和其他运输设备制造业,国家自然科学奖合计,个,0,12/9/2025 10:45:10,16/9/2025 10:06:27,2022
9510,27,铁路、船舶、航空航天和其他运输设备制造业,国家自然科学奖均值,个,0,12/9/2025 10:45:10,16/9/2025 10:06:27,2022
9511,27,铁路、船舶、航空航天和其他运输设备制造业,国家自然科学奖最大值,个,0,12/9/2025 10:45:10,16/9/2025 10:06:27,2022
9512,27,铁路、船舶、航空航天和其他运输设备制造业,国家自然科学奖最小值,个,0,12/9/2025 10:45:10,16/9/2025 10:06:27,2022
9513,27,铁路、船舶、航空航天和其他运输设备制造业,国家自然科学奖中位数,个,0,12/9/2025 10:45:10,16/9/2025 10:06:27,2022
9514,28,水利、环境和公共设施管理业,国家自然科学奖合计,个,0,12/9/2025 10:45:11,16/9/2025 10:06:27,2022
9515,28,水利、环境和公共设施管理业,国家自然科学奖均值,个,0,12/9/2025 10:45:11,16/9/2025 10:06:27,2022
9516,28,水利、环境和公共设施管理业,国家自然科学奖最大值,个,0,12/9/2025 10:45:11,16/9/2025 10:06:27,2022
9517,28,水利、环境和公共设施管理业,国家自然科学奖最小值,个,0,12/9/2025 10:45:11,16/9/2025 10:06:27,2022
9518,28,水利、环境和公共设施管理业,国家自然科学奖中位数,个,0,12/9/2025 10:45:11,16/9/2025 10:06:27,2022
9519,29,金属冶炼和压延加工业,国家自然科学奖合计,个,0,12/9/2025 10:45:11,16/9/2025 10:06:27,2022
9520,29,金属冶炼和压延加工业,国家自然科学奖均值,个,0,12/9/2025 10:45:11,16/9/2025 10:06:28,2022
9521,29,金属冶炼和压延加工业,国家自然科学奖最大值,个,0,12/9/2025 10:45:11,16/9/2025 10:06:28,2022
9522,29,金属冶炼和压延加工业,国家自然科学奖最小值,个,0,12/9/2025 10:45:11,16/9/2025 10:06:28,2022
9523,29,金属冶炼和压延加工业,国家自然科学奖中位数,个,0,12/9/2025 10:45:11,16/9/2025 10:06:28,2022
9524,30,科学研究和技术服务业,国家自然科学奖合计,个,0,12/9/2025 10:45:12,16/9/2025 10:06:28,2022
9525,30,科学研究和技术服务业,国家自然科学奖均值,个,0,12/9/2025 10:45:12,16/9/2025 10:06:28,2022
9526,30,科学研究和技术服务业,国家自然科学奖最大值,个,0,12/9/2025 10:45:12,16/9/2025 10:06:28,2022
9527,30,科学研究和技术服务业,国家自然科学奖最小值,个,0,12/9/2025 10:45:12,16/9/2025 10:06:28,2022
9528,30,科学研究和技术服务业,国家自然科学奖中位数,个,0,12/9/2025 10:45:12,16/9/2025 10:06:28,2022
9529,31,教育,国家自然科学奖合计,个,0,12/9/2025 10:45:13,16/9/2025 10:06:28,2022
9530,31,教育,国家自然科学奖均值,个,0,12/9/2025 10:45:13,16/9/2025 10:06:29,2022
9531,31,教育,国家自然科学奖最大值,个,0,12/9/2025 10:45:13,16/9/2025 10:06:29,2022
9532,31,教育,国家自然科学奖最小值,个,0,12/9/2025 10:45:13,16/9/2025 10:06:29,2022
9533,31,教育,国家自然科学奖中位数,个,0,12/9/2025 10:45:13,16/9/2025 10:06:29,2022
9534,32,仪器仪表制造业,国家自然科学奖合计,个,0,12/9/2025 10:45:13,16/9/2025 10:06:29,2022
9535,32,仪器仪表制造业,国家自然科学奖均值,个,0,12/9/2025 10:45:13,16/9/2025 10:06:29,2022
9536,32,仪器仪表制造业,国家自然科学奖最大值,个,0,12/9/2025 10:45:13,16/9/2025 10:06:29,2022
9537,32,仪器仪表制造业,国家自然科学奖最小值,个,0,12/9/2025 10:45:13,16/9/2025 10:06:29,2022
9538,32,仪器仪表制造业,国家自然科学奖中位数,个,0,12/9/2025 10:45:13,16/9/2025 10:06:29,2022
9539,33,文化、体育和娱乐业,国家自然科学奖合计,个,0,12/9/2025 10:45:14,16/9/2025 10:06:30,2022
9540,33,文化、体育和娱乐业,国家自然科学奖均值,个,0,12/9/2025 10:45:14,16/9/2025 10:06:30,2022
9541,33,文化、体育和娱乐业,国家自然科学奖最大值,个,0,12/9/2025 10:45:14,16/9/2025 10:06:30,2022
9542,33,文化、体育和娱乐业,国家自然科学奖最小值,个,0,12/9/2025 10:45:14,16/9/2025 10:06:30,2022
9543,33,文化、体育和娱乐业,国家自然科学奖中位数,个,0,12/9/2025 10:45:14,16/9/2025 10:06:30,2022
9544,34,农、林、牧、渔业,国家自然科学奖合计,个,0,12/9/2025 10:45:14,16/9/2025 10:06:30,2022
9545,34,农、林、牧、渔业,国家自然科学奖均值,个,0,12/9/2025 10:45:14,16/9/2025 10:06:30,2022
9546,34,农、林、牧、渔业,国家自然科学奖最大值,个,0,12/9/2025 10:45:14,16/9/2025 10:06:30,2022
9547,34,农、林、牧、渔业,国家自然科学奖最小值,个,0,12/9/2025 10:45:14,16/9/2025 10:06:30,2022
9548,34,农、林、牧、渔业,国家自然科学奖中位数,个,0,12/9/2025 10:45:14,16/9/2025 10:06:30,2022
9549,35,卫生和社会工作,国家自然科学奖合计,个,0,12/9/2025 10:45:15,16/9/2025 10:06:30,2022
9550,35,卫生和社会工作,国家自然科学奖均值,个,0,12/9/2025 10:45:15,16/9/2025 10:06:30,2022
9551,35,卫生和社会工作,国家自然科学奖最大值,个,0,12/9/2025 10:45:15,16/9/2025 10:06:30,2022
9552,35,卫生和社会工作,国家自然科学奖最小值,个,0,12/9/2025 10:45:15,16/9/2025 10:06:30,2022
9553,35,卫生和社会工作,国家自然科学奖中位数,个,0,12/9/2025 10:45:15,16/9/2025 10:06:30,2022
9554,36,造纸和纸制品业,国家自然科学奖合计,个,0,12/9/2025 10:45:15,16/9/2025 10:06:31,2022
9555,36,造纸和纸制品业,国家自然科学奖均值,个,0,12/9/2025 10:45:15,16/9/2025 10:06:31,2022
9556,36,造纸和纸制品业,国家自然科学奖最大值,个,0,12/9/2025 10:45:15,16/9/2025 10:06:31,2022
9557,36,造纸和纸制品业,国家自然科学奖最小值,个,0,12/9/2025 10:45:15,16/9/2025 10:06:31,2022
9558,36,造纸和纸制品业,国家自然科学奖中位数,个,0,12/9/2025 10:45:15,16/9/2025 10:06:31,2022
9559,37,住宿和餐饮业,国家自然科学奖合计,个,0,12/9/2025 10:45:16,16/9/2025 10:06:32,2022
9560,37,住宿和餐饮业,国家自然科学奖均值,个,0,12/9/2025 10:45:16,16/9/2025 10:06:32,2022
9561,37,住宿和餐饮业,国家自然科学奖最大值,个,0,12/9/2025 10:45:16,16/9/2025 10:06:32,2022
9562,37,住宿和餐饮业,国家自然科学奖最小值,个,0,12/9/2025 10:45:16,16/9/2025 10:06:32,2022
9563,37,住宿和餐饮业,国家自然科学奖中位数,个,0,12/9/2025 10:45:16,16/9/2025 10:06:32,2022
9564,38,家具制造业,国家自然科学奖合计,个,0,12/9/2025 10:45:16,16/9/2025 10:06:32,2022
9565,38,家具制造业,国家自然科学奖均值,个,0,12/9/2025 10:45:16,16/9/2025 10:06:32,2022
9566,38,家具制造业,国家自然科学奖最大值,个,0,12/9/2025 10:45:16,16/9/2025 10:06:32,2022
9567,38,家具制造业,国家自然科学奖最小值,个,0,12/9/2025 10:45:16,16/9/2025 10:06:33,2022
9568,38,家具制造业,国家自然科学奖中位数,个,0,12/9/2025 10:45:16,16/9/2025 10:06:33,2022
9569,39,印刷和记录媒介复制业,国家自然科学奖合计,个,0,12/9/2025 10:45:17,16/9/2025 10:06:33,2022
9570,39,印刷和记录媒介复制业,国家自然科学奖均值,个,0,12/9/2025 10:45:17,16/9/2025 10:06:33,2022
9571,39,印刷和记录媒介复制业,国家自然科学奖最大值,个,0,12/9/2025 10:45:17,16/9/2025 10:06:33,2022
9572,39,印刷和记录媒介复制业,国家自然科学奖最小值,个,0,12/9/2025 10:45:17,16/9/2025 10:06:33,2022
9573,39,印刷和记录媒介复制业,国家自然科学奖中位数,个,0,12/9/2025 10:45:17,16/9/2025 10:06:33,2022
9574,41,文教、工美、体育和娱乐用品制造业,国家自然科学奖合计,个,0,12/9/2025 10:45:18,16/9/2025 10:06:34,2022
9575,41,文教、工美、体育和娱乐用品制造业,国家自然科学奖均值,个,0,12/9/2025 10:45:18,16/9/2025 10:06:34,2022
9576,41,文教、工美、体育和娱乐用品制造业,国家自然科学奖最大值,个,0,12/9/2025 10:45:18,16/9/2025 10:06:34,2022
9577,41,文教、工美、体育和娱乐用品制造业,国家自然科学奖最小值,个,0,12/9/2025 10:45:18,16/9/2025 10:06:34,2022
9578,41,文教、工美、体育和娱乐用品制造业,国家自然科学奖中位数,个,0,12/9/2025 10:45:18,16/9/2025 10:06:34,2022
9584,43,化学纤维制造业,国家自然科学奖合计,个,0,12/9/2025 10:45:19,16/9/2025 10:06:35,2022
9585,43,化学纤维制造业,国家自然科学奖均值,个,0,12/9/2025 10:45:19,16/9/2025 10:06:35,2022
9586,43,化学纤维制造业,国家自然科学奖最大值,个,0,12/9/2025 10:45:19,16/9/2025 10:06:35,2022
9587,43,化学纤维制造业,国家自然科学奖最小值,个,0,12/9/2025 10:45:19,16/9/2025 10:06:35,2022
9588,43,化学纤维制造业,国家自然科学奖中位数,个,0,12/9/2025 10:45:19,16/9/2025 10:06:35,2022
9594,45,石油加工、炼焦和核燃料加工业,国家自然科学奖合计,个,0,12/9/2025 10:45:20,16/9/2025 10:06:36,2022
9595,45,石油加工、炼焦和核燃料加工业,国家自然科学奖均值,个,0,12/9/2025 10:45:20,16/9/2025 10:06:36,2022
9596,45,石油加工、炼焦和核燃料加工业,国家自然科学奖最大值,个,0,12/9/2025 10:45:20,16/9/2025 10:06:36,2022
9597,45,石油加工、炼焦和核燃料加工业,国家自然科学奖最小值,个,0,12/9/2025 10:45:20,16/9/2025 10:06:36,2022
9598,45,石油加工、炼焦和核燃料加工业,国家自然科学奖中位数,个,0,12/9/2025 10:45:20,16/9/2025 10:06:36,2022
9599,46,废弃资源综合利用业,国家自然科学奖合计,个,0,12/9/2025 10:45:21,16/9/2025 10:06:36,2022
9600,46,废弃资源综合利用业,国家自然科学奖均值,个,0,12/9/2025 10:45:21,16/9/2025 10:06:36,2022
9601,46,废弃资源综合利用业,国家自然科学奖最大值,个,0,12/9/2025 10:45:21,16/9/2025 10:06:36,2022
9602,46,废弃资源综合利用业,国家自然科学奖最小值,个,0,12/9/2025 10:45:21,16/9/2025 10:06:36,2022
9603,46,废弃资源综合利用业,国家自然科学奖中位数,个,0,12/9/2025 10:45:21,16/9/2025 10:06:36,2022
9604,47,木材加工和木、竹、藤、棕、草制品业,国家自然科学奖合计,个,0,12/9/2025 10:45:22,16/9/2025 10:06:37,2022
9605,47,木材加工和木、竹、藤、棕、草制品业,国家自然科学奖均值,个,0,12/9/2025 10:45:22,16/9/2025 10:06:37,2022
9606,47,木材加工和木、竹、藤、棕、草制品业,国家自然科学奖最大值,个,0,12/9/2025 10:45:22,16/9/2025 10:06:37,2022
9607,47,木材加工和木、竹、藤、棕、草制品业,国家自然科学奖最小值,个,0,12/9/2025 10:45:22,16/9/2025 10:06:37,2022
9608,47,木材加工和木、竹、藤、棕、草制品业,国家自然科学奖中位数,个,0,12/9/2025 10:45:22,16/9/2025 10:06:37,2022
9609,48,居民服务、修理和其他服务业,国家自然科学奖合计,个,0,12/9/2025 10:45:23,16/9/2025 10:06:37,2022
9610,48,居民服务、修理和其他服务业,国家自然科学奖均值,个,0,12/9/2025 10:45:23,16/9/2025 10:06:37,2022
9611,48,居民服务、修理和其他服务业,国家自然科学奖最大值,个,0,12/9/2025 10:45:23,16/9/2025 10:06:37,2022
9612,48,居民服务、修理和其他服务业,国家自然科学奖最小值,个,0,12/9/2025 10:45:23,16/9/2025 10:06:37,2022
9613,48,居民服务、修理和其他服务业,国家自然科学奖中位数,个,0,12/9/2025 10:45:23,16/9/2025 10:06:37,2022
9614,0,全行业,国家自然科学奖合计,个,0,12/9/2025 10:45:23,5/11/2025 08:56:03,2022
9615,0,全行业,国家自然科学奖均值,个,0,12/9/2025 10:45:23,5/11/2025 08:56:03,2022
9616,0,全行业,国家自然科学奖最大值,个,0,12/9/2025 10:45:23,5/11/2025 08:56:03,2022
9617,0,全行业,国家自然科学奖最小值,个,0,12/9/2025 10:45:23,5/11/2025 08:56:03,2022
9618,0,全行业,国家自然科学奖中位数,个,0,12/9/2025 10:45:24,5/11/2025 08:56:03,2022
9619,1,医药制造业,省/部级自然科学奖合计,个,1,12/9/2025 10:45:24,16/9/2025 10:06:38,2022
9620,1,医药制造业,省/部级自然科学奖均值,个,1,12/9/2025 10:45:24,16/9/2025 10:06:38,2022
9621,1,医药制造业,省/部级自然科学奖最大值,个,1,12/9/2025 10:45:24,16/9/2025 10:06:38,2022
9622,1,医药制造业,省/部级自然科学奖最小值,个,1,12/9/2025 10:45:24,16/9/2025 10:06:38,2022
9623,1,医药制造业,省/部级自然科学奖中位数,个,1,12/9/2025 10:45:24,16/9/2025 10:06:38,2022
9624,2,化学原料和化学制品制造业,省/部级自然科学奖合计,个,0,12/9/2025 10:45:25,16/9/2025 10:06:38,2022
9625,2,化学原料和化学制品制造业,省/部级自然科学奖均值,个,0,12/9/2025 10:45:25,16/9/2025 10:06:38,2022
9626,2,化学原料和化学制品制造业,省/部级自然科学奖最大值,个,0,12/9/2025 10:45:25,16/9/2025 10:06:38,2022
9627,2,化学原料和化学制品制造业,省/部级自然科学奖最小值,个,0,12/9/2025 10:45:25,16/9/2025 10:06:38,2022
9628,2,化学原料和化学制品制造业,省/部级自然科学奖中位数,个,0,12/9/2025 10:45:25,16/9/2025 10:06:38,2022
9629,3,信息传输、软件和信息技术服务业,省/部级自然科学奖合计,个,1,12/9/2025 10:45:25,16/9/2025 10:06:38,2022
9630,3,信息传输、软件和信息技术服务业,省/部级自然科学奖均值,个,1,12/9/2025 10:45:25,16/9/2025 10:06:38,2022
9631,3,信息传输、软件和信息技术服务业,省/部级自然科学奖最大值,个,1,12/9/2025 10:45:25,16/9/2025 10:06:38,2022
9632,3,信息传输、软件和信息技术服务业,省/部级自然科学奖最小值,个,1,12/9/2025 10:45:25,16/9/2025 10:06:38,2022
9633,3,信息传输、软件和信息技术服务业,省/部级自然科学奖中位数,个,1,12/9/2025 10:45:25,16/9/2025 10:06:39,2022
9634,4,房地产业,省/部级自然科学奖合计,个,0,12/9/2025 10:45:25,16/9/2025 10:06:39,2022
9635,4,房地产业,省/部级自然科学奖均值,个,0,12/9/2025 10:45:26,16/9/2025 10:06:39,2022
9636,4,房地产业,省/部级自然科学奖最大值,个,0,12/9/2025 10:45:26,16/9/2025 10:06:39,2022
9637,4,房地产业,省/部级自然科学奖最小值,个,0,12/9/2025 10:45:26,16/9/2025 10:06:39,2022
9638,4,房地产业,省/部级自然科学奖中位数,个,0,12/9/2025 10:45:26,16/9/2025 10:06:39,2022
9639,5,专用设备制造业,省/部级自然科学奖合计,个,0,12/9/2025 10:45:26,16/9/2025 10:06:39,2022
9640,5,专用设备制造业,省/部级自然科学奖均值,个,0,12/9/2025 10:45:26,16/9/2025 10:06:40,2022
9641,5,专用设备制造业,省/部级自然科学奖最大值,个,0,12/9/2025 10:45:26,16/9/2025 10:06:40,2022
9642,5,专用设备制造业,省/部级自然科学奖最小值,个,0,12/9/2025 10:45:26,16/9/2025 10:06:40,2022
9643,5,专用设备制造业,省/部级自然科学奖中位数,个,0,12/9/2025 10:45:26,16/9/2025 10:06:40,2022
9644,6,消费电子及电气业,省/部级自然科学奖合计,个,0,12/9/2025 10:45:26,16/9/2025 10:06:40,2022
9645,6,消费电子及电气业,省/部级自然科学奖均值,个,0,12/9/2025 10:45:26,16/9/2025 10:06:40,2022
9646,6,消费电子及电气业,省/部级自然科学奖最大值,个,0,12/9/2025 10:45:27,16/9/2025 10:06:40,2022
9647,6,消费电子及电气业,省/部级自然科学奖最小值,个,0,12/9/2025 10:45:27,16/9/2025 10:06:40,2022
9648,6,消费电子及电气业,省/部级自然科学奖中位数,个,0,12/9/2025 10:45:27,16/9/2025 10:06:40,2022
9649,7,金融业,省/部级自然科学奖合计,个,0,12/9/2025 10:45:27,16/9/2025 10:06:41,2022
9650,7,金融业,省/部级自然科学奖均值,个,0,12/9/2025 10:45:27,16/9/2025 10:06:41,2022
9651,7,金融业,省/部级自然科学奖最大值,个,0,12/9/2025 10:45:27,16/9/2025 10:06:41,2022
9652,7,金融业,省/部级自然科学奖最小值,个,0,12/9/2025 10:45:27,16/9/2025 10:06:41,2022
9653,7,金融业,省/部级自然科学奖中位数,个,0,12/9/2025 10:45:27,16/9/2025 10:06:41,2022
9654,8,商业电气机械和器材制造业,省/部级自然科学奖合计,个,0,12/9/2025 10:45:28,16/9/2025 10:06:41,2022
9655,8,商业电气机械和器材制造业,省/部级自然科学奖均值,个,0,12/9/2025 10:45:28,16/9/2025 10:06:41,2022
9656,8,商业电气机械和器材制造业,省/部级自然科学奖最大值,个,0,12/9/2025 10:45:28,16/9/2025 10:06:41,2022
9657,8,商业电气机械和器材制造业,省/部级自然科学奖最小值,个,0,12/9/2025 10:45:28,16/9/2025 10:06:41,2022
9658,8,商业电气机械和器材制造业,省/部级自然科学奖中位数,个,0,12/9/2025 10:45:28,16/9/2025 10:06:42,2022
9659,9,批发和零售业,省/部级自然科学奖合计,个,0,12/9/2025 10:45:28,16/9/2025 10:06:42,2022
9660,9,批发和零售业,省/部级自然科学奖均值,个,0,12/9/2025 10:45:28,16/9/2025 10:06:42,2022
9661,9,批发和零售业,省/部级自然科学奖最大值,个,0,12/9/2025 10:45:29,16/9/2025 10:06:42,2022
9662,9,批发和零售业,省/部级自然科学奖最小值,个,0,12/9/2025 10:45:29,16/9/2025 10:06:42,2022
9663,9,批发和零售业,省/部级自然科学奖中位数,个,0,12/9/2025 10:45:29,16/9/2025 10:06:42,2022
9664,10,食品饮料业,省/部级自然科学奖合计,个,0,12/9/2025 10:45:29,16/9/2025 10:06:43,2022
9665,10,食品饮料业,省/部级自然科学奖均值,个,0,12/9/2025 10:45:29,16/9/2025 10:06:43,2022
9666,10,食品饮料业,省/部级自然科学奖最大值,个,0,12/9/2025 10:45:29,16/9/2025 10:06:43,2022
9667,10,食品饮料业,省/部级自然科学奖最小值,个,0,12/9/2025 10:45:29,16/9/2025 10:06:43,2022
9668,10,食品饮料业,省/部级自然科学奖中位数,个,0,12/9/2025 10:45:29,16/9/2025 10:06:43,2022
9674,12,汽车制造业,省/部级自然科学奖合计,个,0,12/9/2025 10:45:31,16/9/2025 10:06:44,2022
9675,12,汽车制造业,省/部级自然科学奖均值,个,0,12/9/2025 10:45:31,16/9/2025 10:06:44,2022
9676,12,汽车制造业,省/部级自然科学奖最大值,个,0,12/9/2025 10:45:31,16/9/2025 10:06:44,2022
9677,12,汽车制造业,省/部级自然科学奖最小值,个,0,12/9/2025 10:45:31,16/9/2025 10:06:44,2022
9678,12,汽车制造业,省/部级自然科学奖中位数,个,0,12/9/2025 10:45:31,16/9/2025 10:06:44,2022
9679,13,电力、热力、燃气及水生产和供应业,省/部级自然科学奖合计,个,0,12/9/2025 10:45:31,16/9/2025 10:06:45,2022
9680,13,电力、热力、燃气及水生产和供应业,省/部级自然科学奖均值,个,0,12/9/2025 10:45:31,16/9/2025 10:06:45,2022
9681,13,电力、热力、燃气及水生产和供应业,省/部级自然科学奖最大值,个,0,12/9/2025 10:45:31,16/9/2025 10:06:45,2022
9682,13,电力、热力、燃气及水生产和供应业,省/部级自然科学奖最小值,个,0,12/9/2025 10:45:31,16/9/2025 10:06:45,2022
9683,13,电力、热力、燃气及水生产和供应业,省/部级自然科学奖中位数,个,0,12/9/2025 10:45:31,16/9/2025 10:06:45,2022
9684,14,采矿业,省/部级自然科学奖合计,个,0,12/9/2025 10:45:32,16/9/2025 10:06:46,2022
9685,14,采矿业,省/部级自然科学奖均值,个,0,12/9/2025 10:45:32,16/9/2025 10:06:46,2022
9686,14,采矿业,省/部级自然科学奖最大值,个,0,12/9/2025 10:45:32,16/9/2025 10:06:46,2022
9687,14,采矿业,省/部级自然科学奖最小值,个,0,12/9/2025 10:45:32,16/9/2025 10:06:46,2022
9688,14,采矿业,省/部级自然科学奖中位数,个,0,12/9/2025 10:45:32,16/9/2025 10:06:46,2022
9689,15,纺织鞋服业,省/部级自然科学奖合计,个,0,12/9/2025 10:45:32,16/9/2025 10:06:47,2022
9690,15,纺织鞋服业,省/部级自然科学奖均值,个,0,12/9/2025 10:45:32,16/9/2025 10:06:47,2022
9691,15,纺织鞋服业,省/部级自然科学奖最大值,个,0,12/9/2025 10:45:32,16/9/2025 10:06:47,2022
9692,15,纺织鞋服业,省/部级自然科学奖最小值,个,0,12/9/2025 10:45:32,16/9/2025 10:06:47,2022
9693,15,纺织鞋服业,省/部级自然科学奖中位数,个,0,12/9/2025 10:45:32,16/9/2025 10:06:47,2022
9694,16,建筑业,省/部级自然科学奖合计,个,0,12/9/2025 10:45:33,16/9/2025 10:06:47,2022
9695,16,建筑业,省/部级自然科学奖均值,个,0,12/9/2025 10:45:33,16/9/2025 10:06:47,2022
9696,16,建筑业,省/部级自然科学奖最大值,个,0,12/9/2025 10:45:33,16/9/2025 10:06:47,2022
9697,16,建筑业,省/部级自然科学奖最小值,个,0,12/9/2025 10:45:33,16/9/2025 10:06:48,2022
9698,16,建筑业,省/部级自然科学奖中位数,个,0,12/9/2025 10:45:33,16/9/2025 10:06:48,2022
9699,17,交通运输、仓储和邮政业,省/部级自然科学奖合计,个,0,12/9/2025 10:45:33,16/9/2025 10:06:48,2022
9700,17,交通运输、仓储和邮政业,省/部级自然科学奖均值,个,0,12/9/2025 10:45:33,16/9/2025 10:06:48,2022
9701,17,交通运输、仓储和邮政业,省/部级自然科学奖最大值,个,0,12/9/2025 10:45:33,16/9/2025 10:06:48,2022
9702,17,交通运输、仓储和邮政业,省/部级自然科学奖最小值,个,0,12/9/2025 10:45:33,16/9/2025 10:06:48,2022
9703,17,交通运输、仓储和邮政业,省/部级自然科学奖中位数,个,0,12/9/2025 10:45:33,16/9/2025 10:06:48,2022
9704,18,通用设备制造业,省/部级自然科学奖合计,个,0,12/9/2025 10:45:34,16/9/2025 10:06:48,2022
9705,18,通用设备制造业,省/部级自然科学奖均值,个,0,12/9/2025 10:45:34,16/9/2025 10:06:48,2022
9706,18,通用设备制造业,省/部级自然科学奖最大值,个,0,12/9/2025 10:45:34,16/9/2025 10:06:48,2022
9707,18,通用设备制造业,省/部级自然科学奖最小值,个,0,12/9/2025 10:45:34,16/9/2025 10:06:48,2022
9708,18,通用设备制造业,省/部级自然科学奖中位数,个,0,12/9/2025 10:45:34,16/9/2025 10:06:48,2022
9709,19,半导体业,省/部级自然科学奖合计,个,0,12/9/2025 10:45:34,16/9/2025 10:06:49,2022
9710,19,半导体业,省/部级自然科学奖均值,个,0,12/9/2025 10:45:34,16/9/2025 10:06:49,2022
9711,19,半导体业,省/部级自然科学奖最大值,个,0,12/9/2025 10:45:34,16/9/2025 10:06:49,2022
9712,19,半导体业,省/部级自然科学奖最小值,个,0,12/9/2025 10:45:34,16/9/2025 10:06:49,2022
9713,19,半导体业,省/部级自然科学奖中位数,个,0,12/9/2025 10:45:34,16/9/2025 10:06:49,2022
9714,20,租赁和商务服务业,省/部级自然科学奖合计,个,0,12/9/2025 10:45:35,16/9/2025 10:06:49,2022
9715,20,租赁和商务服务业,省/部级自然科学奖均值,个,0,12/9/2025 10:45:35,16/9/2025 10:06:49,2022
9716,20,租赁和商务服务业,省/部级自然科学奖最大值,个,0,12/9/2025 10:45:35,16/9/2025 10:06:49,2022
9717,20,租赁和商务服务业,省/部级自然科学奖最小值,个,0,12/9/2025 10:45:35,16/9/2025 10:06:49,2022
9718,20,租赁和商务服务业,省/部级自然科学奖中位数,个,0,12/9/2025 10:45:35,16/9/2025 10:06:49,2022
9719,21,通信传输设备业,省/部级自然科学奖合计,个,0,12/9/2025 10:45:35,16/9/2025 10:06:49,2022
9720,21,通信传输设备业,省/部级自然科学奖均值,个,0,12/9/2025 10:45:35,16/9/2025 10:06:50,2022
9721,21,通信传输设备业,省/部级自然科学奖最大值,个,0,12/9/2025 10:45:35,16/9/2025 10:06:50,2022
9722,21,通信传输设备业,省/部级自然科学奖最小值,个,0,12/9/2025 10:45:35,16/9/2025 10:06:50,2022
9723,21,通信传输设备业,省/部级自然科学奖中位数,个,0,12/9/2025 10:45:35,16/9/2025 10:06:50,2022
9724,22,非金属矿物制品业,省/部级自然科学奖合计,个,0,12/9/2025 10:45:35,16/9/2025 10:06:50,2022
9725,22,非金属矿物制品业,省/部级自然科学奖均值,个,0,12/9/2025 10:45:36,16/9/2025 10:06:50,2022
9726,22,非金属矿物制品业,省/部级自然科学奖最大值,个,0,12/9/2025 10:45:36,16/9/2025 10:06:50,2022
9727,22,非金属矿物制品业,省/部级自然科学奖最小值,个,0,12/9/2025 10:45:36,16/9/2025 10:06:50,2022
9728,22,非金属矿物制品业,省/部级自然科学奖中位数,个,0,12/9/2025 10:45:36,16/9/2025 10:06:50,2022
9729,23,橡胶和塑料制品业,省/部级自然科学奖合计,个,0,12/9/2025 10:45:36,16/9/2025 10:06:51,2022
9730,23,橡胶和塑料制品业,省/部级自然科学奖均值,个,0,12/9/2025 10:45:36,16/9/2025 10:06:51,2022
9731,23,橡胶和塑料制品业,省/部级自然科学奖最大值,个,0,12/9/2025 10:45:36,16/9/2025 10:06:51,2022
9732,23,橡胶和塑料制品业,省/部级自然科学奖最小值,个,0,12/9/2025 10:45:36,16/9/2025 10:06:51,2022
9733,23,橡胶和塑料制品业,省/部级自然科学奖中位数,个,0,12/9/2025 10:45:36,16/9/2025 10:06:51,2022
9734,24,综合,省/部级自然科学奖合计,个,0,12/9/2025 10:45:37,16/9/2025 10:06:52,2022
9735,24,综合,省/部级自然科学奖均值,个,0,12/9/2025 10:45:37,16/9/2025 10:06:52,2022
9736,24,综合,省/部级自然科学奖最大值,个,0,12/9/2025 10:45:37,16/9/2025 10:06:52,2022
9737,24,综合,省/部级自然科学奖最小值,个,0,12/9/2025 10:45:37,16/9/2025 10:06:52,2022
9738,24,综合,省/部级自然科学奖中位数,个,0,12/9/2025 10:45:37,16/9/2025 10:06:52,2022
9739,25,其他制造业,省/部级自然科学奖合计,个,0,12/9/2025 10:45:37,16/9/2025 10:06:52,2022
9740,25,其他制造业,省/部级自然科学奖均值,个,0,12/9/2025 10:45:37,16/9/2025 10:06:52,2022
9741,25,其他制造业,省/部级自然科学奖最大值,个,0,12/9/2025 10:45:38,16/9/2025 10:06:52,2022
9742,25,其他制造业,省/部级自然科学奖最小值,个,0,12/9/2025 10:45:38,16/9/2025 10:06:52,2022
9743,25,其他制造业,省/部级自然科学奖中位数,个,0,12/9/2025 10:45:38,16/9/2025 10:06:52,2022
9744,26,金属制品业,省/部级自然科学奖合计,个,0,12/9/2025 10:45:38,16/9/2025 10:06:53,2022
9745,26,金属制品业,省/部级自然科学奖均值,个,0,12/9/2025 10:45:38,16/9/2025 10:06:53,2022
9746,26,金属制品业,省/部级自然科学奖最大值,个,0,12/9/2025 10:45:38,16/9/2025 10:06:53,2022
9747,26,金属制品业,省/部级自然科学奖最小值,个,0,12/9/2025 10:45:38,16/9/2025 10:06:53,2022
9748,26,金属制品业,省/部级自然科学奖中位数,个,0,12/9/2025 10:45:38,16/9/2025 10:06:53,2022
9749,27,铁路、船舶、航空航天和其他运输设备制造业,省/部级自然科学奖合计,个,0,12/9/2025 10:45:38,16/9/2025 10:06:53,2022
9750,27,铁路、船舶、航空航天和其他运输设备制造业,省/部级自然科学奖均值,个,0,12/9/2025 10:45:38,16/9/2025 10:06:53,2022
9751,27,铁路、船舶、航空航天和其他运输设备制造业,省/部级自然科学奖最大值,个,0,12/9/2025 10:45:38,16/9/2025 10:06:53,2022
9752,27,铁路、船舶、航空航天和其他运输设备制造业,省/部级自然科学奖最小值,个,0,12/9/2025 10:45:38,16/9/2025 10:06:53,2022
9753,27,铁路、船舶、航空航天和其他运输设备制造业,省/部级自然科学奖中位数,个,0,12/9/2025 10:45:39,16/9/2025 10:06:53,2022
9754,28,水利、环境和公共设施管理业,省/部级自然科学奖合计,个,0,12/9/2025 10:45:39,16/9/2025 10:06:53,2022
9755,28,水利、环境和公共设施管理业,省/部级自然科学奖均值,个,0,12/9/2025 10:45:39,16/9/2025 10:06:53,2022
9756,28,水利、环境和公共设施管理业,省/部级自然科学奖最大值,个,0,12/9/2025 10:45:39,16/9/2025 10:06:53,2022
9757,28,水利、环境和公共设施管理业,省/部级自然科学奖最小值,个,0,12/9/2025 10:45:39,16/9/2025 10:06:53,2022
9758,28,水利、环境和公共设施管理业,省/部级自然科学奖中位数,个,0,12/9/2025 10:45:39,16/9/2025 10:06:53,2022
9759,29,金属冶炼和压延加工业,省/部级自然科学奖合计,个,1,12/9/2025 10:45:39,16/9/2025 10:06:54,2022
9760,29,金属冶炼和压延加工业,省/部级自然科学奖均值,个,1,12/9/2025 10:45:39,16/9/2025 10:06:54,2022
9761,29,金属冶炼和压延加工业,省/部级自然科学奖最大值,个,1,12/9/2025 10:45:40,16/9/2025 10:06:54,2022
9762,29,金属冶炼和压延加工业,省/部级自然科学奖最小值,个,1,12/9/2025 10:45:40,16/9/2025 10:06:54,2022
9763,29,金属冶炼和压延加工业,省/部级自然科学奖中位数,个,1,12/9/2025 10:45:40,16/9/2025 10:06:54,2022
9764,30,科学研究和技术服务业,省/部级自然科学奖合计,个,0,12/9/2025 10:45:40,16/9/2025 10:06:54,2022
9765,30,科学研究和技术服务业,省/部级自然科学奖均值,个,0,12/9/2025 10:45:41,16/9/2025 10:06:54,2022
9766,30,科学研究和技术服务业,省/部级自然科学奖最大值,个,0,12/9/2025 10:45:41,16/9/2025 10:06:54,2022
9767,30,科学研究和技术服务业,省/部级自然科学奖最小值,个,0,12/9/2025 10:45:41,16/9/2025 10:06:54,2022
9768,30,科学研究和技术服务业,省/部级自然科学奖中位数,个,0,12/9/2025 10:45:41,16/9/2025 10:06:54,2022
9769,31,教育,省/部级自然科学奖合计,个,0,12/9/2025 10:45:41,16/9/2025 10:06:55,2022
9770,31,教育,省/部级自然科学奖均值,个,0,12/9/2025 10:45:41,16/9/2025 10:06:55,2022
9771,31,教育,省/部级自然科学奖最大值,个,0,12/9/2025 10:45:41,16/9/2025 10:06:55,2022
9772,31,教育,省/部级自然科学奖最小值,个,0,12/9/2025 10:45:41,16/9/2025 10:06:55,2022
9773,31,教育,省/部级自然科学奖中位数,个,0,12/9/2025 10:45:41,16/9/2025 10:06:55,2022
9774,32,仪器仪表制造业,省/部级自然科学奖合计,个,0,12/9/2025 10:45:42,16/9/2025 10:06:55,2022
9775,32,仪器仪表制造业,省/部级自然科学奖均值,个,0,12/9/2025 10:45:42,16/9/2025 10:06:55,2022
9776,32,仪器仪表制造业,省/部级自然科学奖最大值,个,0,12/9/2025 10:45:42,16/9/2025 10:06:55,2022
9777,32,仪器仪表制造业,省/部级自然科学奖最小值,个,0,12/9/2025 10:45:42,16/9/2025 10:06:55,2022
9778,32,仪器仪表制造业,省/部级自然科学奖中位数,个,0,12/9/2025 10:45:42,16/9/2025 10:06:55,2022
9779,33,文化、体育和娱乐业,省/部级自然科学奖合计,个,0,12/9/2025 10:45:42,16/9/2025 10:06:56,2022
9780,33,文化、体育和娱乐业,省/部级自然科学奖均值,个,0,12/9/2025 10:45:42,16/9/2025 10:06:56,2022
9781,33,文化、体育和娱乐业,省/部级自然科学奖最大值,个,0,12/9/2025 10:45:43,16/9/2025 10:06:56,2022
9782,33,文化、体育和娱乐业,省/部级自然科学奖最小值,个,0,12/9/2025 10:45:43,16/9/2025 10:06:56,2022
9783,33,文化、体育和娱乐业,省/部级自然科学奖中位数,个,0,12/9/2025 10:45:43,16/9/2025 10:06:56,2022
9784,34,农、林、牧、渔业,省/部级自然科学奖合计,个,0,12/9/2025 10:45:43,16/9/2025 10:06:56,2022
9785,34,农、林、牧、渔业,省/部级自然科学奖均值,个,0,12/9/2025 10:45:43,16/9/2025 10:06:56,2022
9786,34,农、林、牧、渔业,省/部级自然科学奖最大值,个,0,12/9/2025 10:45:43,16/9/2025 10:06:57,2022
9787,34,农、林、牧、渔业,省/部级自然科学奖最小值,个,0,12/9/2025 10:45:43,16/9/2025 10:06:57,2022
9788,34,农、林、牧、渔业,省/部级自然科学奖中位数,个,0,12/9/2025 10:45:43,16/9/2025 10:06:57,2022
9789,35,卫生和社会工作,省/部级自然科学奖合计,个,0,12/9/2025 10:45:43,16/9/2025 10:06:57,2022
9790,35,卫生和社会工作,省/部级自然科学奖均值,个,0,12/9/2025 10:45:43,16/9/2025 10:06:57,2022
9791,35,卫生和社会工作,省/部级自然科学奖最大值,个,0,12/9/2025 10:45:44,16/9/2025 10:06:57,2022
9792,35,卫生和社会工作,省/部级自然科学奖最小值,个,0,12/9/2025 10:45:44,16/9/2025 10:06:57,2022
9793,35,卫生和社会工作,省/部级自然科学奖中位数,个,0,12/9/2025 10:45:44,16/9/2025 10:06:57,2022
9794,36,造纸和纸制品业,省/部级自然科学奖合计,个,0,12/9/2025 10:45:44,16/9/2025 10:06:58,2022
9795,36,造纸和纸制品业,省/部级自然科学奖均值,个,0,12/9/2025 10:45:44,16/9/2025 10:06:58,2022
9796,36,造纸和纸制品业,省/部级自然科学奖最大值,个,0,12/9/2025 10:45:44,16/9/2025 10:06:58,2022
9797,36,造纸和纸制品业,省/部级自然科学奖最小值,个,0,12/9/2025 10:45:44,16/9/2025 10:06:58,2022
9798,36,造纸和纸制品业,省/部级自然科学奖中位数,个,0,12/9/2025 10:45:44,16/9/2025 10:06:58,2022
9799,37,住宿和餐饮业,省/部级自然科学奖合计,个,0,12/9/2025 10:45:45,16/9/2025 10:06:58,2022
9800,37,住宿和餐饮业,省/部级自然科学奖均值,个,0,12/9/2025 10:45:45,16/9/2025 10:06:58,2022
9801,37,住宿和餐饮业,省/部级自然科学奖最大值,个,0,12/9/2025 10:45:45,16/9/2025 10:06:58,2022
9802,37,住宿和餐饮业,省/部级自然科学奖最小值,个,0,12/9/2025 10:45:45,16/9/2025 10:06:58,2022
9803,37,住宿和餐饮业,省/部级自然科学奖中位数,个,0,12/9/2025 10:45:45,16/9/2025 10:06:58,2022
9804,38,家具制造业,省/部级自然科学奖合计,个,0,12/9/2025 10:45:45,16/9/2025 10:06:59,2022
9805,38,家具制造业,省/部级自然科学奖均值,个,0,12/9/2025 10:45:45,16/9/2025 10:06:59,2022
9806,38,家具制造业,省/部级自然科学奖最大值,个,0,12/9/2025 10:45:45,16/9/2025 10:06:59,2022
9807,38,家具制造业,省/部级自然科学奖最小值,个,0,12/9/2025 10:45:45,16/9/2025 10:06:59,2022
9808,38,家具制造业,省/部级自然科学奖中位数,个,0,12/9/2025 10:45:46,16/9/2025 10:06:59,2022
9809,39,印刷和记录媒介复制业,省/部级自然科学奖合计,个,0,12/9/2025 10:45:46,16/9/2025 10:06:59,2022
9810,39,印刷和记录媒介复制业,省/部级自然科学奖均值,个,0,12/9/2025 10:45:46,16/9/2025 10:06:59,2022
9811,39,印刷和记录媒介复制业,省/部级自然科学奖最大值,个,0,12/9/2025 10:45:46,16/9/2025 10:06:59,2022
9812,39,印刷和记录媒介复制业,省/部级自然科学奖最小值,个,0,12/9/2025 10:45:46,16/9/2025 10:06:59,2022
9813,39,印刷和记录媒介复制业,省/部级自然科学奖中位数,个,0,12/9/2025 10:45:46,16/9/2025 10:06:59,2022
9814,41,文教、工美、体育和娱乐用品制造业,省/部级自然科学奖合计,个,0,12/9/2025 10:45:46,16/9/2025 10:07:00,2022
9815,41,文教、工美、体育和娱乐用品制造业,省/部级自然科学奖均值,个,0,12/9/2025 10:45:46,16/9/2025 10:07:00,2022
9816,41,文教、工美、体育和娱乐用品制造业,省/部级自然科学奖最大值,个,0,12/9/2025 10:45:46,16/9/2025 10:07:00,2022
9817,41,文教、工美、体育和娱乐用品制造业,省/部级自然科学奖最小值,个,0,12/9/2025 10:45:46,16/9/2025 10:07:00,2022
9818,41,文教、工美、体育和娱乐用品制造业,省/部级自然科学奖中位数,个,0,12/9/2025 10:45:47,16/9/2025 10:07:00,2022
9824,43,化学纤维制造业,省/部级自然科学奖合计,个,0,12/9/2025 10:45:47,16/9/2025 10:07:01,2022
9825,43,化学纤维制造业,省/部级自然科学奖均值,个,0,12/9/2025 10:45:47,16/9/2025 10:07:01,2022
9826,43,化学纤维制造业,省/部级自然科学奖最大值,个,0,12/9/2025 10:45:47,16/9/2025 10:07:01,2022
9827,43,化学纤维制造业,省/部级自然科学奖最小值,个,0,12/9/2025 10:45:47,16/9/2025 10:07:01,2022
9828,43,化学纤维制造业,省/部级自然科学奖中位数,个,0,12/9/2025 10:45:48,16/9/2025 10:07:01,2022
9834,45,石油加工、炼焦和核燃料加工业,省/部级自然科学奖合计,个,0,12/9/2025 10:45:48,16/9/2025 10:07:02,2022
9835,45,石油加工、炼焦和核燃料加工业,省/部级自然科学奖均值,个,0,12/9/2025 10:45:48,16/9/2025 10:07:02,2022
9836,45,石油加工、炼焦和核燃料加工业,省/部级自然科学奖最大值,个,0,12/9/2025 10:45:48,16/9/2025 10:07:02,2022
9837,45,石油加工、炼焦和核燃料加工业,省/部级自然科学奖最小值,个,0,12/9/2025 10:45:48,16/9/2025 10:07:02,2022
9838,45,石油加工、炼焦和核燃料加工业,省/部级自然科学奖中位数,个,0,12/9/2025 10:45:48,16/9/2025 10:07:02,2022
9839,46,废弃资源综合利用业,省/部级自然科学奖合计,个,0,12/9/2025 10:45:49,16/9/2025 10:07:02,2022
9840,46,废弃资源综合利用业,省/部级自然科学奖均值,个,0,12/9/2025 10:45:49,16/9/2025 10:07:02,2022
9841,46,废弃资源综合利用业,省/部级自然科学奖最大值,个,0,12/9/2025 10:45:49,16/9/2025 10:07:02,2022
9842,46,废弃资源综合利用业,省/部级自然科学奖最小值,个,0,12/9/2025 10:45:49,16/9/2025 10:07:02,2022
9843,46,废弃资源综合利用业,省/部级自然科学奖中位数,个,0,12/9/2025 10:45:49,16/9/2025 10:07:02,2022
9844,47,木材加工和木、竹、藤、棕、草制品业,省/部级自然科学奖合计,个,0,12/9/2025 10:45:50,16/9/2025 10:07:03,2022
9845,47,木材加工和木、竹、藤、棕、草制品业,省/部级自然科学奖均值,个,0,12/9/2025 10:45:50,16/9/2025 10:07:03,2022
9846,47,木材加工和木、竹、藤、棕、草制品业,省/部级自然科学奖最大值,个,0,12/9/2025 10:45:50,16/9/2025 10:07:03,2022
9847,47,木材加工和木、竹、藤、棕、草制品业,省/部级自然科学奖最小值,个,0,12/9/2025 10:45:50,16/9/2025 10:07:03,2022
9848,47,木材加工和木、竹、藤、棕、草制品业,省/部级自然科学奖中位数,个,0,12/9/2025 10:45:50,16/9/2025 10:07:03,2022
9849,48,居民服务、修理和其他服务业,省/部级自然科学奖合计,个,0,12/9/2025 10:45:50,16/9/2025 10:07:03,2022
9850,48,居民服务、修理和其他服务业,省/部级自然科学奖均值,个,0,12/9/2025 10:45:50,16/9/2025 10:07:03,2022
9851,48,居民服务、修理和其他服务业,省/部级自然科学奖最大值,个,0,12/9/2025 10:45:50,16/9/2025 10:07:03,2022
9852,48,居民服务、修理和其他服务业,省/部级自然科学奖最小值,个,0,12/9/2025 10:45:50,16/9/2025 10:07:03,2022
9853,48,居民服务、修理和其他服务业,省/部级自然科学奖中位数,个,0,12/9/2025 10:45:51,16/9/2025 10:07:03,2022
9854,0,全行业,省/部级自然科学奖合计,个,3,12/9/2025 10:45:51,5/11/2025 08:56:03,2022
9855,0,全行业,省/部级自然科学奖均值,个,1,12/9/2025 10:45:51,5/11/2025 08:56:03,2022
9856,0,全行业,省/部级自然科学奖最大值,个,1,12/9/2025 10:45:51,5/11/2025 08:56:03,2022
9857,0,全行业,省/部级自然科学奖最小值,个,1,12/9/2025 10:45:51,5/11/2025 08:56:03,2022
9858,0,全行业,省/部级自然科学奖中位数,个,1,12/9/2025 10:45:51,5/11/2025 08:56:03,2022
9859,1,医药制造业,省/部级科学技术奖合计,个,4,12/9/2025 10:45:52,16/9/2025 10:07:04,2022
9860,1,医药制造业,省/部级科学技术奖均值,个,1,12/9/2025 10:45:52,16/9/2025 10:07:05,2022
9861,1,医药制造业,省/部级科学技术奖最大值,个,1,12/9/2025 10:45:52,16/9/2025 10:07:05,2022
9862,1,医药制造业,省/部级科学技术奖最小值,个,1,12/9/2025 10:45:52,16/9/2025 10:07:05,2022
9863,1,医药制造业,省/部级科学技术奖中位数,个,1,12/9/2025 10:45:52,16/9/2025 10:07:05,2022
9864,2,化学原料和化学制品制造业,省/部级科学技术奖合计,个,7,12/9/2025 10:45:53,16/9/2025 10:07:05,2022
9865,2,化学原料和化学制品制造业,省/部级科学技术奖均值,个,1.16666666666667,12/9/2025 10:45:53,16/9/2025 10:07:05,2022
9866,2,化学原料和化学制品制造业,省/部级科学技术奖最大值,个,2,12/9/2025 10:45:53,16/9/2025 10:07:05,2022
9867,2,化学原料和化学制品制造业,省/部级科学技术奖最小值,个,1,12/9/2025 10:45:53,16/9/2025 10:07:05,2022
9868,2,化学原料和化学制品制造业,省/部级科学技术奖中位数,个,1,12/9/2025 10:45:53,16/9/2025 10:07:05,2022
9869,3,信息传输、软件和信息技术服务业,省/部级科学技术奖合计,个,7,12/9/2025 10:45:54,16/9/2025 10:07:06,2022
9870,3,信息传输、软件和信息技术服务业,省/部级科学技术奖均值,个,1.16666666666667,12/9/2025 10:45:54,16/9/2025 10:07:06,2022
9871,3,信息传输、软件和信息技术服务业,省/部级科学技术奖最大值,个,2,12/9/2025 10:45:54,16/9/2025 10:07:06,2022
9872,3,信息传输、软件和信息技术服务业,省/部级科学技术奖最小值,个,1,12/9/2025 10:45:54,16/9/2025 10:07:06,2022
9873,3,信息传输、软件和信息技术服务业,省/部级科学技术奖中位数,个,1,12/9/2025 10:45:54,16/9/2025 10:07:06,2022
9874,4,房地产业,省/部级科学技术奖合计,个,0,12/9/2025 10:45:54,16/9/2025 10:07:06,2022
9875,4,房地产业,省/部级科学技术奖均值,个,0,12/9/2025 10:45:54,16/9/2025 10:07:06,2022
9876,4,房地产业,省/部级科学技术奖最大值,个,0,12/9/2025 10:45:55,16/9/2025 10:07:06,2022
9877,4,房地产业,省/部级科学技术奖最小值,个,0,12/9/2025 10:45:55,16/9/2025 10:07:06,2022
9878,4,房地产业,省/部级科学技术奖中位数,个,0,12/9/2025 10:45:55,16/9/2025 10:07:06,2022
9879,5,专用设备制造业,省/部级科学技术奖合计,个,15,12/9/2025 10:45:55,16/9/2025 10:07:07,2022
9880,5,专用设备制造业,省/部级科学技术奖均值,个,1.5,12/9/2025 10:45:55,16/9/2025 10:07:07,2022
9881,5,专用设备制造业,省/部级科学技术奖最大值,个,5,12/9/2025 10:45:55,16/9/2025 10:07:07,2022
9882,5,专用设备制造业,省/部级科学技术奖最小值,个,1,12/9/2025 10:45:55,16/9/2025 10:07:07,2022
9883,5,专用设备制造业,省/部级科学技术奖中位数,个,1,12/9/2025 10:45:55,16/9/2025 10:07:07,2022
9884,6,消费电子及电气业,省/部级科学技术奖合计,个,10,12/9/2025 10:45:56,16/9/2025 10:07:07,2022
9885,6,消费电子及电气业,省/部级科学技术奖均值,个,1.11111111111111,12/9/2025 10:45:56,16/9/2025 10:07:07,2022
9886,6,消费电子及电气业,省/部级科学技术奖最大值,个,2,12/9/2025 10:45:56,16/9/2025 10:07:07,2022
9887,6,消费电子及电气业,省/部级科学技术奖最小值,个,1,12/9/2025 10:45:56,16/9/2025 10:07:07,2022
9888,6,消费电子及电气业,省/部级科学技术奖中位数,个,1,12/9/2025 10:45:56,16/9/2025 10:07:07,2022
9889,7,金融业,省/部级科学技术奖合计,个,0,12/9/2025 10:45:56,16/9/2025 10:07:08,2022
9890,7,金融业,省/部级科学技术奖均值,个,0,12/9/2025 10:45:56,16/9/2025 10:07:08,2022
9891,7,金融业,省/部级科学技术奖最大值,个,0,12/9/2025 10:45:56,16/9/2025 10:07:08,2022
9892,7,金融业,省/部级科学技术奖最小值,个,0,12/9/2025 10:45:57,16/9/2025 10:07:08,2022
9893,7,金融业,省/部级科学技术奖中位数,个,0,12/9/2025 10:45:57,16/9/2025 10:07:08,2022
9894,8,商业电气机械和器材制造业,省/部级科学技术奖合计,个,30,12/9/2025 10:45:57,16/9/2025 10:07:08,2022
9895,8,商业电气机械和器材制造业,省/部级科学技术奖均值,个,2.30769230769231,12/9/2025 10:45:57,16/9/2025 10:07:08,2022
9896,8,商业电气机械和器材制造业,省/部级科学技术奖最大值,个,16,12/9/2025 10:45:57,16/9/2025 10:07:08,2022
9897,8,商业电气机械和器材制造业,省/部级科学技术奖最小值,个,1,12/9/2025 10:45:57,16/9/2025 10:07:08,2022
9898,8,商业电气机械和器材制造业,省/部级科学技术奖中位数,个,1,12/9/2025 10:45:57,16/9/2025 10:07:08,2022
9899,9,批发和零售业,省/部级科学技术奖合计,个,0,12/9/2025 10:45:57,16/9/2025 10:07:08,2022
9900,9,批发和零售业,省/部级科学技术奖均值,个,0,12/9/2025 10:45:57,16/9/2025 10:07:08,2022
9901,9,批发和零售业,省/部级科学技术奖最大值,个,0,12/9/2025 10:45:57,16/9/2025 10:07:08,2022
9902,9,批发和零售业,省/部级科学技术奖最小值,个,0,12/9/2025 10:45:57,16/9/2025 10:07:09,2022
9903,9,批发和零售业,省/部级科学技术奖中位数,个,0,12/9/2025 10:45:57,16/9/2025 10:07:09,2022
9904,10,食品饮料业,省/部级科学技术奖合计,个,1,12/9/2025 10:45:58,16/9/2025 10:07:09,2022
9905,10,食品饮料业,省/部级科学技术奖均值,个,1,12/9/2025 10:45:58,16/9/2025 10:07:09,2022
9906,10,食品饮料业,省/部级科学技术奖最大值,个,1,12/9/2025 10:45:58,16/9/2025 10:07:09,2022
9907,10,食品饮料业,省/部级科学技术奖最小值,个,1,12/9/2025 10:45:58,16/9/2025 10:07:09,2022
9908,10,食品饮料业,省/部级科学技术奖中位数,个,1,12/9/2025 10:45:58,16/9/2025 10:07:09,2022
9914,12,汽车制造业,省/部级科学技术奖合计,个,7,12/9/2025 10:45:59,16/9/2025 10:07:10,2022
9915,12,汽车制造业,省/部级科学技术奖均值,个,1.16666666666667,12/9/2025 10:45:59,16/9/2025 10:07:10,2022
9916,12,汽车制造业,省/部级科学技术奖最大值,个,2,12/9/2025 10:45:59,16/9/2025 10:07:10,2022
9917,12,汽车制造业,省/部级科学技术奖最小值,个,1,12/9/2025 10:45:59,16/9/2025 10:07:10,2022
9918,12,汽车制造业,省/部级科学技术奖中位数,个,1,12/9/2025 10:45:59,16/9/2025 10:07:10,2022
9919,13,电力、热力、燃气及水生产和供应业,省/部级科学技术奖合计,个,2,12/9/2025 10:46:00,16/9/2025 10:07:10,2022
9920,13,电力、热力、燃气及水生产和供应业,省/部级科学技术奖均值,个,1,12/9/2025 10:46:00,16/9/2025 10:07:10,2022
9921,13,电力、热力、燃气及水生产和供应业,省/部级科学技术奖最大值,个,1,12/9/2025 10:46:00,16/9/2025 10:07:10,2022
9922,13,电力、热力、燃气及水生产和供应业,省/部级科学技术奖最小值,个,1,12/9/2025 10:46:00,16/9/2025 10:07:10,2022
9923,13,电力、热力、燃气及水生产和供应业,省/部级科学技术奖中位数,个,1,12/9/2025 10:46:00,16/9/2025 10:07:10,2022
9924,14,采矿业,省/部级科学技术奖合计,个,9,12/9/2025 10:46:00,16/9/2025 10:07:10,2022
9925,14,采矿业,省/部级科学技术奖均值,个,3,12/9/2025 10:46:00,16/9/2025 10:07:10,2022
9926,14,采矿业,省/部级科学技术奖最大值,个,4,12/9/2025 10:46:00,16/9/2025 10:07:10,2022
9927,14,采矿业,省/部级科学技术奖最小值,个,1,12/9/2025 10:46:00,16/9/2025 10:07:11,2022
9928,14,采矿业,省/部级科学技术奖中位数,个,4,12/9/2025 10:46:00,16/9/2025 10:07:11,2022
9929,15,纺织鞋服业,省/部级科学技术奖合计,个,2,12/9/2025 10:46:01,16/9/2025 10:07:11,2022
9930,15,纺织鞋服业,省/部级科学技术奖均值,个,1,12/9/2025 10:46:01,16/9/2025 10:07:11,2022
9931,15,纺织鞋服业,省/部级科学技术奖最大值,个,1,12/9/2025 10:46:01,16/9/2025 10:07:11,2022
9932,15,纺织鞋服业,省/部级科学技术奖最小值,个,1,12/9/2025 10:46:01,16/9/2025 10:07:11,2022
9933,15,纺织鞋服业,省/部级科学技术奖中位数,个,1,12/9/2025 10:46:01,16/9/2025 10:07:11,2022
9934,16,建筑业,省/部级科学技术奖合计,个,22,12/9/2025 10:46:01,16/9/2025 10:07:11,2022
9935,16,建筑业,省/部级科学技术奖均值,个,3.14285714285714,12/9/2025 10:46:02,16/9/2025 10:07:11,2022
9936,16,建筑业,省/部级科学技术奖最大值,个,5,12/9/2025 10:46:02,16/9/2025 10:07:11,2022
9937,16,建筑业,省/部级科学技术奖最小值,个,1,12/9/2025 10:46:02,16/9/2025 10:07:11,2022
9938,16,建筑业,省/部级科学技术奖中位数,个,3,12/9/2025 10:46:02,16/9/2025 10:07:11,2022
9939,17,交通运输、仓储和邮政业,省/部级科学技术奖合计,个,0,12/9/2025 10:46:02,16/9/2025 10:07:12,2022
9940,17,交通运输、仓储和邮政业,省/部级科学技术奖均值,个,0,12/9/2025 10:46:02,16/9/2025 10:07:12,2022
9941,17,交通运输、仓储和邮政业,省/部级科学技术奖最大值,个,0,12/9/2025 10:46:03,16/9/2025 10:07:12,2022
9942,17,交通运输、仓储和邮政业,省/部级科学技术奖最小值,个,0,12/9/2025 10:46:03,16/9/2025 10:07:12,2022
9943,17,交通运输、仓储和邮政业,省/部级科学技术奖中位数,个,0,12/9/2025 10:46:03,16/9/2025 10:07:12,2022
9944,18,通用设备制造业,省/部级科学技术奖合计,个,7,12/9/2025 10:46:03,16/9/2025 10:07:12,2022
9945,18,通用设备制造业,省/部级科学技术奖均值,个,1.75,12/9/2025 10:46:03,16/9/2025 10:07:12,2022
9946,18,通用设备制造业,省/部级科学技术奖最大值,个,3,12/9/2025 10:46:03,16/9/2025 10:07:12,2022
9947,18,通用设备制造业,省/部级科学技术奖最小值,个,1,12/9/2025 10:46:03,16/9/2025 10:07:13,2022
9948,18,通用设备制造业,省/部级科学技术奖中位数,个,1.5,12/9/2025 10:46:03,16/9/2025 10:07:13,2022
9949,19,半导体业,省/部级科学技术奖合计,个,4,12/9/2025 10:46:03,16/9/2025 10:07:13,2022
9950,19,半导体业,省/部级科学技术奖均值,个,1,12/9/2025 10:46:03,16/9/2025 10:07:13,2022
9951,19,半导体业,省/部级科学技术奖最大值,个,1,12/9/2025 10:46:03,16/9/2025 10:07:13,2022
9952,19,半导体业,省/部级科学技术奖最小值,个,1,12/9/2025 10:46:04,16/9/2025 10:07:13,2022
9953,19,半导体业,省/部级科学技术奖中位数,个,1,12/9/2025 10:46:04,16/9/2025 10:07:13,2022
9954,20,租赁和商务服务业,省/部级科学技术奖合计,个,0,12/9/2025 10:46:04,16/9/2025 10:07:14,2022
9955,20,租赁和商务服务业,省/部级科学技术奖均值,个,0,12/9/2025 10:46:04,16/9/2025 10:07:14,2022
9956,20,租赁和商务服务业,省/部级科学技术奖最大值,个,0,12/9/2025 10:46:04,16/9/2025 10:07:14,2022
9957,20,租赁和商务服务业,省/部级科学技术奖最小值,个,0,12/9/2025 10:46:04,16/9/2025 10:07:14,2022
9958,20,租赁和商务服务业,省/部级科学技术奖中位数,个,0,12/9/2025 10:46:04,16/9/2025 10:07:14,2022
9959,21,通信传输设备业,省/部级科学技术奖合计,个,8,12/9/2025 10:46:04,16/9/2025 10:07:14,2022
9960,21,通信传输设备业,省/部级科学技术奖均值,个,1.6,12/9/2025 10:46:04,16/9/2025 10:07:14,2022
9961,21,通信传输设备业,省/部级科学技术奖最大值,个,3,12/9/2025 10:46:04,16/9/2025 10:07:14,2022
9962,21,通信传输设备业,省/部级科学技术奖最小值,个,1,12/9/2025 10:46:04,16/9/2025 10:07:14,2022
9963,21,通信传输设备业,省/部级科学技术奖中位数,个,1,12/9/2025 10:46:04,16/9/2025 10:07:14,2022
9964,22,非金属矿物制品业,省/部级科学技术奖合计,个,2,12/9/2025 10:46:05,16/9/2025 10:07:15,2022
9965,22,非金属矿物制品业,省/部级科学技术奖均值,个,1,12/9/2025 10:46:05,16/9/2025 10:07:15,2022
9966,22,非金属矿物制品业,省/部级科学技术奖最大值,个,1,12/9/2025 10:46:05,16/9/2025 10:07:15,2022
9967,22,非金属矿物制品业,省/部级科学技术奖最小值,个,1,12/9/2025 10:46:05,16/9/2025 10:07:15,2022
9968,22,非金属矿物制品业,省/部级科学技术奖中位数,个,1,12/9/2025 10:46:05,16/9/2025 10:07:15,2022
9969,23,橡胶和塑料制品业,省/部级科学技术奖合计,个,0,12/9/2025 10:46:05,16/9/2025 10:07:15,2022
9970,23,橡胶和塑料制品业,省/部级科学技术奖均值,个,0,12/9/2025 10:46:05,16/9/2025 10:07:16,2022
9971,23,橡胶和塑料制品业,省/部级科学技术奖最大值,个,0,12/9/2025 10:46:05,16/9/2025 10:07:16,2022
9972,23,橡胶和塑料制品业,省/部级科学技术奖最小值,个,0,12/9/2025 10:46:05,16/9/2025 10:07:16,2022
9973,23,橡胶和塑料制品业,省/部级科学技术奖中位数,个,0,12/9/2025 10:46:05,16/9/2025 10:07:16,2022
9974,24,综合,省/部级科学技术奖合计,个,0,12/9/2025 10:46:06,16/9/2025 10:07:16,2022
9975,24,综合,省/部级科学技术奖均值,个,0,12/9/2025 10:46:06,16/9/2025 10:07:16,2022
9976,24,综合,省/部级科学技术奖最大值,个,0,12/9/2025 10:46:06,16/9/2025 10:07:16,2022
9977,24,综合,省/部级科学技术奖最小值,个,0,12/9/2025 10:46:06,16/9/2025 10:07:17,2022
9978,24,综合,省/部级科学技术奖中位数,个,0,12/9/2025 10:46:06,16/9/2025 10:07:17,2022
9979,25,其他制造业,省/部级科学技术奖合计,个,0,12/9/2025 10:46:06,16/9/2025 10:07:17,2022
9980,25,其他制造业,省/部级科学技术奖均值,个,0,12/9/2025 10:46:06,16/9/2025 10:07:17,2022
9981,25,其他制造业,省/部级科学技术奖最大值,个,0,12/9/2025 10:46:06,16/9/2025 10:07:17,2022
9982,25,其他制造业,省/部级科学技术奖最小值,个,0,12/9/2025 10:46:06,16/9/2025 10:07:17,2022
9983,25,其他制造业,省/部级科学技术奖中位数,个,0,12/9/2025 10:46:06,16/9/2025 10:07:17,2022
9984,26,金属制品业,省/部级科学技术奖合计,个,3,12/9/2025 10:46:07,16/9/2025 10:07:18,2022
9985,26,金属制品业,省/部级科学技术奖均值,个,1,12/9/2025 10:46:07,16/9/2025 10:07:18,2022
9986,26,金属制品业,省/部级科学技术奖最大值,个,1,12/9/2025 10:46:07,16/9/2025 10:07:18,2022
9987,26,金属制品业,省/部级科学技术奖最小值,个,1,12/9/2025 10:46:07,16/9/2025 10:07:18,2022
9988,26,金属制品业,省/部级科学技术奖中位数,个,1,12/9/2025 10:46:07,16/9/2025 10:07:18,2022
9989,27,铁路、船舶、航空航天和其他运输设备制造业,省/部级科学技术奖合计,个,11,12/9/2025 10:46:07,16/9/2025 10:07:19,2022
9990,27,铁路、船舶、航空航天和其他运输设备制造业,省/部级科学技术奖均值,个,1.83333333333333,12/9/2025 10:46:07,16/9/2025 10:07:19,2022
9991,27,铁路、船舶、航空航天和其他运输设备制造业,省/部级科学技术奖最大值,个,5,12/9/2025 10:46:07,16/9/2025 10:07:19,2022
9992,27,铁路、船舶、航空航天和其他运输设备制造业,省/部级科学技术奖最小值,个,1,12/9/2025 10:46:07,16/9/2025 10:07:19,2022
9993,27,铁路、船舶、航空航天和其他运输设备制造业,省/部级科学技术奖中位数,个,1,12/9/2025 10:46:07,16/9/2025 10:07:19,2022
9994,28,水利、环境和公共设施管理业,省/部级科学技术奖合计,个,2,12/9/2025 10:46:08,16/9/2025 10:07:19,2022
9995,28,水利、环境和公共设施管理业,省/部级科学技术奖均值,个,1,12/9/2025 10:46:08,16/9/2025 10:07:19,2022
9996,28,水利、环境和公共设施管理业,省/部级科学技术奖最大值,个,1,12/9/2025 10:46:08,16/9/2025 10:07:19,2022
9997,28,水利、环境和公共设施管理业,省/部级科学技术奖最小值,个,1,12/9/2025 10:46:08,16/9/2025 10:07:19,2022
9998,28,水利、环境和公共设施管理业,省/部级科学技术奖中位数,个,1,12/9/2025 10:46:08,16/9/2025 10:07:19,2022
9999,29,金属冶炼和压延加工业,省/部级科学技术奖合计,个,4,12/9/2025 10:46:09,16/9/2025 10:07:20,2022
10000,29,金属冶炼和压延加工业,省/部级科学技术奖均值,个,1.33333333333333,12/9/2025 10:46:09,16/9/2025 10:07:20,2022
10001,29,金属冶炼和压延加工业,省/部级科学技术奖最大值,个,2,12/9/2025 10:46:09,16/9/2025 10:07:20,2022
10002,29,金属冶炼和压延加工业,省/部级科学技术奖最小值,个,1,12/9/2025 10:46:09,16/9/2025 10:07:20,2022
10003,29,金属冶炼和压延加工业,省/部级科学技术奖中位数,个,1,12/9/2025 10:46:09,16/9/2025 10:07:20,2022
10004,30,科学研究和技术服务业,省/部级科学技术奖合计,个,8,12/9/2025 10:46:09,16/9/2025 10:07:20,2022
10005,30,科学研究和技术服务业,省/部级科学技术奖均值,个,1.14285714285714,12/9/2025 10:46:09,16/9/2025 10:07:20,2022
10006,30,科学研究和技术服务业,省/部级科学技术奖最大值,个,2,12/9/2025 10:46:09,16/9/2025 10:07:20,2022
10007,30,科学研究和技术服务业,省/部级科学技术奖最小值,个,1,12/9/2025 10:46:09,16/9/2025 10:07:21,2022
10008,30,科学研究和技术服务业,省/部级科学技术奖中位数,个,1,12/9/2025 10:46:09,16/9/2025 10:07:21,2022
10009,31,教育,省/部级科学技术奖合计,个,0,12/9/2025 10:46:10,16/9/2025 10:07:21,2022
10010,31,教育,省/部级科学技术奖均值,个,0,12/9/2025 10:46:10,16/9/2025 10:07:21,2022
10011,31,教育,省/部级科学技术奖最大值,个,0,12/9/2025 10:46:10,16/9/2025 10:07:21,2022
10012,31,教育,省/部级科学技术奖最小值,个,0,12/9/2025 10:46:10,16/9/2025 10:07:21,2022
10013,31,教育,省/部级科学技术奖中位数,个,0,12/9/2025 10:46:10,16/9/2025 10:07:21,2022
10014,32,仪器仪表制造业,省/部级科学技术奖合计,个,2,12/9/2025 10:46:10,16/9/2025 10:07:21,2022
10015,32,仪器仪表制造业,省/部级科学技术奖均值,个,1,12/9/2025 10:46:10,16/9/2025 10:07:22,2022
10016,32,仪器仪表制造业,省/部级科学技术奖最大值,个,1,12/9/2025 10:46:10,16/9/2025 10:07:22,2022
10017,32,仪器仪表制造业,省/部级科学技术奖最小值,个,1,12/9/2025 10:46:10,16/9/2025 10:07:22,2022
10018,32,仪器仪表制造业,省/部级科学技术奖中位数,个,1,12/9/2025 10:46:10,16/9/2025 10:07:22,2022
10019,33,文化、体育和娱乐业,省/部级科学技术奖合计,个,1,12/9/2025 10:46:11,16/9/2025 10:07:22,2022
10020,33,文化、体育和娱乐业,省/部级科学技术奖均值,个,1,12/9/2025 10:46:11,16/9/2025 10:07:22,2022
10021,33,文化、体育和娱乐业,省/部级科学技术奖最大值,个,1,12/9/2025 10:46:11,16/9/2025 10:07:22,2022
10022,33,文化、体育和娱乐业,省/部级科学技术奖最小值,个,1,12/9/2025 10:46:11,16/9/2025 10:07:22,2022
10023,33,文化、体育和娱乐业,省/部级科学技术奖中位数,个,1,12/9/2025 10:46:11,16/9/2025 10:07:22,2022
10024,34,农、林、牧、渔业,省/部级科学技术奖合计,个,1,12/9/2025 10:46:11,16/9/2025 10:07:23,2022
10025,34,农、林、牧、渔业,省/部级科学技术奖均值,个,1,12/9/2025 10:46:12,16/9/2025 10:07:23,2022
10026,34,农、林、牧、渔业,省/部级科学技术奖最大值,个,1,12/9/2025 10:46:12,16/9/2025 10:07:23,2022
10027,34,农、林、牧、渔业,省/部级科学技术奖最小值,个,1,12/9/2025 10:46:12,16/9/2025 10:07:23,2022
10028,34,农、林、牧、渔业,省/部级科学技术奖中位数,个,1,12/9/2025 10:46:12,16/9/2025 10:07:23,2022
10029,35,卫生和社会工作,省/部级科学技术奖合计,个,0,12/9/2025 10:46:12,16/9/2025 10:07:24,2022
10030,35,卫生和社会工作,省/部级科学技术奖均值,个,0,12/9/2025 10:46:12,16/9/2025 10:07:24,2022
10031,35,卫生和社会工作,省/部级科学技术奖最大值,个,0,12/9/2025 10:46:12,16/9/2025 10:07:24,2022
10032,35,卫生和社会工作,省/部级科学技术奖最小值,个,0,12/9/2025 10:46:13,16/9/2025 10:07:24,2022
10033,35,卫生和社会工作,省/部级科学技术奖中位数,个,0,12/9/2025 10:46:13,16/9/2025 10:07:24,2022
10034,36,造纸和纸制品业,省/部级科学技术奖合计,个,0,12/9/2025 10:46:13,16/9/2025 10:07:24,2022
10035,36,造纸和纸制品业,省/部级科学技术奖均值,个,0,12/9/2025 10:46:13,16/9/2025 10:07:24,2022
10036,36,造纸和纸制品业,省/部级科学技术奖最大值,个,0,12/9/2025 10:46:13,16/9/2025 10:07:24,2022
10037,36,造纸和纸制品业,省/部级科学技术奖最小值,个,0,12/9/2025 10:46:13,16/9/2025 10:07:24,2022
10038,36,造纸和纸制品业,省/部级科学技术奖中位数,个,0,12/9/2025 10:46:14,16/9/2025 10:07:24,2022
10039,37,住宿和餐饮业,省/部级科学技术奖合计,个,0,12/9/2025 10:46:14,16/9/2025 10:07:24,2022
10040,37,住宿和餐饮业,省/部级科学技术奖均值,个,0,12/9/2025 10:46:14,16/9/2025 10:07:24,2022
10041,37,住宿和餐饮业,省/部级科学技术奖最大值,个,0,12/9/2025 10:46:14,16/9/2025 10:07:24,2022
10042,37,住宿和餐饮业,省/部级科学技术奖最小值,个,0,12/9/2025 10:46:14,16/9/2025 10:07:25,2022
10043,37,住宿和餐饮业,省/部级科学技术奖中位数,个,0,12/9/2025 10:46:15,16/9/2025 10:07:25,2022
10044,38,家具制造业,省/部级科学技术奖合计,个,0,12/9/2025 10:46:15,16/9/2025 10:07:25,2022
10045,38,家具制造业,省/部级科学技术奖均值,个,0,12/9/2025 10:46:15,16/9/2025 10:07:25,2022
10046,38,家具制造业,省/部级科学技术奖最大值,个,0,12/9/2025 10:46:15,16/9/2025 10:07:25,2022
10047,38,家具制造业,省/部级科学技术奖最小值,个,0,12/9/2025 10:46:15,16/9/2025 10:07:25,2022
10048,38,家具制造业,省/部级科学技术奖中位数,个,0,12/9/2025 10:46:15,16/9/2025 10:07:25,2022
10049,39,印刷和记录媒介复制业,省/部级科学技术奖合计,个,0,12/9/2025 10:46:16,16/9/2025 10:07:25,2022
10050,39,印刷和记录媒介复制业,省/部级科学技术奖均值,个,0,12/9/2025 10:46:16,16/9/2025 10:07:25,2022
10051,39,印刷和记录媒介复制业,省/部级科学技术奖最大值,个,0,12/9/2025 10:46:16,16/9/2025 10:07:25,2022
10052,39,印刷和记录媒介复制业,省/部级科学技术奖最小值,个,0,12/9/2025 10:46:16,16/9/2025 10:07:25,2022
10053,39,印刷和记录媒介复制业,省/部级科学技术奖中位数,个,0,12/9/2025 10:46:16,16/9/2025 10:07:25,2022
10054,41,文教、工美、体育和娱乐用品制造业,省/部级科学技术奖合计,个,0,12/9/2025 10:46:16,16/9/2025 10:07:26,2022
10055,41,文教、工美、体育和娱乐用品制造业,省/部级科学技术奖均值,个,0,12/9/2025 10:46:16,16/9/2025 10:07:26,2022
10056,41,文教、工美、体育和娱乐用品制造业,省/部级科学技术奖最大值,个,0,12/9/2025 10:46:16,16/9/2025 10:07:26,2022
10057,41,文教、工美、体育和娱乐用品制造业,省/部级科学技术奖最小值,个,0,12/9/2025 10:46:16,16/9/2025 10:07:26,2022
10058,41,文教、工美、体育和娱乐用品制造业,省/部级科学技术奖中位数,个,0,12/9/2025 10:46:16,16/9/2025 10:07:26,2022
10064,43,化学纤维制造业,省/部级科学技术奖合计,个,0,12/9/2025 10:46:17,16/9/2025 10:07:26,2022
10065,43,化学纤维制造业,省/部级科学技术奖均值,个,0,12/9/2025 10:46:17,16/9/2025 10:07:26,2022
10066,43,化学纤维制造业,省/部级科学技术奖最大值,个,0,12/9/2025 10:46:18,16/9/2025 10:07:27,2022
10067,43,化学纤维制造业,省/部级科学技术奖最小值,个,0,12/9/2025 10:46:18,16/9/2025 10:07:27,2022
10068,43,化学纤维制造业,省/部级科学技术奖中位数,个,0,12/9/2025 10:46:18,16/9/2025 10:07:27,2022
10074,45,石油加工、炼焦和核燃料加工业,省/部级科学技术奖合计,个,0,12/9/2025 10:46:18,16/9/2025 10:07:28,2022
10075,45,石油加工、炼焦和核燃料加工业,省/部级科学技术奖均值,个,0,12/9/2025 10:46:18,16/9/2025 10:07:28,2022
10076,45,石油加工、炼焦和核燃料加工业,省/部级科学技术奖最大值,个,0,12/9/2025 10:46:18,16/9/2025 10:07:28,2022
10077,45,石油加工、炼焦和核燃料加工业,省/部级科学技术奖最小值,个,0,12/9/2025 10:46:18,16/9/2025 10:07:28,2022
10078,45,石油加工、炼焦和核燃料加工业,省/部级科学技术奖中位数,个,0,12/9/2025 10:46:18,16/9/2025 10:07:28,2022
10079,46,废弃资源综合利用业,省/部级科学技术奖合计,个,0,12/9/2025 10:46:19,16/9/2025 10:07:28,2022
10080,46,废弃资源综合利用业,省/部级科学技术奖均值,个,0,12/9/2025 10:46:19,16/9/2025 10:07:28,2022
10081,46,废弃资源综合利用业,省/部级科学技术奖最大值,个,0,12/9/2025 10:46:19,16/9/2025 10:07:28,2022
10082,46,废弃资源综合利用业,省/部级科学技术奖最小值,个,0,12/9/2025 10:46:19,16/9/2025 10:07:28,2022
10083,46,废弃资源综合利用业,省/部级科学技术奖中位数,个,0,12/9/2025 10:46:19,16/9/2025 10:07:28,2022
10084,47,木材加工和木、竹、藤、棕、草制品业,省/部级科学技术奖合计,个,0,12/9/2025 10:46:19,16/9/2025 10:07:29,2022
10085,47,木材加工和木、竹、藤、棕、草制品业,省/部级科学技术奖均值,个,0,12/9/2025 10:46:19,16/9/2025 10:07:29,2022
10086,47,木材加工和木、竹、藤、棕、草制品业,省/部级科学技术奖最大值,个,0,12/9/2025 10:46:19,16/9/2025 10:07:29,2022
10087,47,木材加工和木、竹、藤、棕、草制品业,省/部级科学技术奖最小值,个,0,12/9/2025 10:46:19,16/9/2025 10:07:29,2022
10088,47,木材加工和木、竹、藤、棕、草制品业,省/部级科学技术奖中位数,个,0,12/9/2025 10:46:19,16/9/2025 10:07:29,2022
10089,48,居民服务、修理和其他服务业,省/部级科学技术奖合计,个,0,12/9/2025 10:46:20,16/9/2025 10:07:29,2022
10090,48,居民服务、修理和其他服务业,省/部级科学技术奖均值,个,0,12/9/2025 10:46:20,16/9/2025 10:07:29,2022
10091,48,居民服务、修理和其他服务业,省/部级科学技术奖最大值,个,0,12/9/2025 10:46:20,16/9/2025 10:07:29,2022
10092,48,居民服务、修理和其他服务业,省/部级科学技术奖最小值,个,0,12/9/2025 10:46:20,16/9/2025 10:07:29,2022
10093,48,居民服务、修理和其他服务业,省/部级科学技术奖中位数,个,0,12/9/2025 10:46:20,16/9/2025 10:07:29,2022
10094,0,全行业,省/部级科学技术奖合计,个,169,12/9/2025 10:46:20,5/11/2025 08:56:03,2022
10095,0,全行业,省/部级科学技术奖均值,个,1.55045871559633,12/9/2025 10:46:20,5/11/2025 08:56:03,2022
10096,0,全行业,省/部级科学技术奖最大值,个,16,12/9/2025 10:46:20,5/11/2025 08:56:03,2022
10097,0,全行业,省/部级科学技术奖最小值,个,1,12/9/2025 10:46:20,5/11/2025 08:56:03,2022
10098,0,全行业,省/部级科学技术奖中位数,个,1,12/9/2025 10:46:21,5/11/2025 08:56:03,2022
10099,1,医药制造业,省级企业科技创新奖合计,个,1,12/9/2025 10:46:21,16/9/2025 10:07:30,2022
10100,1,医药制造业,省级企业科技创新奖均值,个,1,12/9/2025 10:46:21,16/9/2025 10:07:30,2022
10101,1,医药制造业,省级企业科技创新奖最大值,个,1,12/9/2025 10:46:21,16/9/2025 10:07:30,2022
10102,1,医药制造业,省级企业科技创新奖最小值,个,1,12/9/2025 10:46:21,16/9/2025 10:07:30,2022
10103,1,医药制造业,省级企业科技创新奖中位数,个,1,12/9/2025 10:46:21,16/9/2025 10:07:30,2022
10104,2,化学原料和化学制品制造业,省级企业科技创新奖合计,个,1,12/9/2025 10:46:22,16/9/2025 10:07:31,2022
10105,2,化学原料和化学制品制造业,省级企业科技创新奖均值,个,1,12/9/2025 10:46:22,16/9/2025 10:07:31,2022
10106,2,化学原料和化学制品制造业,省级企业科技创新奖最大值,个,1,12/9/2025 10:46:22,16/9/2025 10:07:31,2022
10107,2,化学原料和化学制品制造业,省级企业科技创新奖最小值,个,1,12/9/2025 10:46:22,16/9/2025 10:07:31,2022
10108,2,化学原料和化学制品制造业,省级企业科技创新奖中位数,个,1,12/9/2025 10:46:22,16/9/2025 10:07:31,2022
10109,3,信息传输、软件和信息技术服务业,省级企业科技创新奖合计,个,0,12/9/2025 10:46:22,16/9/2025 10:07:31,2022
10110,3,信息传输、软件和信息技术服务业,省级企业科技创新奖均值,个,0,12/9/2025 10:46:22,16/9/2025 10:07:31,2022
10111,3,信息传输、软件和信息技术服务业,省级企业科技创新奖最大值,个,0,12/9/2025 10:46:22,16/9/2025 10:07:31,2022
10112,3,信息传输、软件和信息技术服务业,省级企业科技创新奖最小值,个,0,12/9/2025 10:46:22,16/9/2025 10:07:31,2022
10113,3,信息传输、软件和信息技术服务业,省级企业科技创新奖中位数,个,0,12/9/2025 10:46:22,16/9/2025 10:07:31,2022
10114,4,房地产业,省级企业科技创新奖合计,个,0,12/9/2025 10:46:23,16/9/2025 10:07:32,2022
10115,4,房地产业,省级企业科技创新奖均值,个,0,12/9/2025 10:46:23,16/9/2025 10:07:32,2022
10116,4,房地产业,省级企业科技创新奖最大值,个,0,12/9/2025 10:46:23,16/9/2025 10:07:32,2022
10117,4,房地产业,省级企业科技创新奖最小值,个,0,12/9/2025 10:46:23,16/9/2025 10:07:32,2022
10118,4,房地产业,省级企业科技创新奖中位数,个,0,12/9/2025 10:46:23,16/9/2025 10:07:32,2022
10119,5,专用设备制造业,省级企业科技创新奖合计,个,1,12/9/2025 10:46:24,16/9/2025 10:07:32,2022
10120,5,专用设备制造业,省级企业科技创新奖均值,个,1,12/9/2025 10:46:24,16/9/2025 10:07:32,2022
10121,5,专用设备制造业,省级企业科技创新奖最大值,个,1,12/9/2025 10:46:24,16/9/2025 10:07:32,2022
10122,5,专用设备制造业,省级企业科技创新奖最小值,个,1,12/9/2025 10:46:24,16/9/2025 10:07:32,2022
10123,5,专用设备制造业,省级企业科技创新奖中位数,个,1,12/9/2025 10:46:24,16/9/2025 10:07:32,2022
10124,6,消费电子及电气业,省级企业科技创新奖合计,个,0,12/9/2025 10:46:25,16/9/2025 10:07:33,2022
10125,6,消费电子及电气业,省级企业科技创新奖均值,个,0,12/9/2025 10:46:25,16/9/2025 10:07:33,2022
10126,6,消费电子及电气业,省级企业科技创新奖最大值,个,0,12/9/2025 10:46:25,16/9/2025 10:07:33,2022
10127,6,消费电子及电气业,省级企业科技创新奖最小值,个,0,12/9/2025 10:46:25,16/9/2025 10:07:33,2022
10128,6,消费电子及电气业,省级企业科技创新奖中位数,个,0,12/9/2025 10:46:25,16/9/2025 10:07:33,2022
10129,7,金融业,省级企业科技创新奖合计,个,0,12/9/2025 10:46:26,16/9/2025 10:07:33,2022
10130,7,金融业,省级企业科技创新奖均值,个,0,12/9/2025 10:46:26,16/9/2025 10:07:33,2022
10131,7,金融业,省级企业科技创新奖最大值,个,0,12/9/2025 10:46:26,16/9/2025 10:07:33,2022
10132,7,金融业,省级企业科技创新奖最小值,个,0,12/9/2025 10:46:26,16/9/2025 10:07:33,2022
10133,7,金融业,省级企业科技创新奖中位数,个,0,12/9/2025 10:46:26,16/9/2025 10:07:33,2022
10134,8,商业电气机械和器材制造业,省级企业科技创新奖合计,个,1,12/9/2025 10:46:27,16/9/2025 10:07:34,2022
10135,8,商业电气机械和器材制造业,省级企业科技创新奖均值,个,1,12/9/2025 10:46:27,16/9/2025 10:07:34,2022
10136,8,商业电气机械和器材制造业,省级企业科技创新奖最大值,个,1,12/9/2025 10:46:27,16/9/2025 10:07:34,2022
10137,8,商业电气机械和器材制造业,省级企业科技创新奖最小值,个,1,12/9/2025 10:46:27,16/9/2025 10:07:34,2022
10138,8,商业电气机械和器材制造业,省级企业科技创新奖中位数,个,1,12/9/2025 10:46:27,16/9/2025 10:07:34,2022
10139,9,批发和零售业,省级企业科技创新奖合计,个,0,12/9/2025 10:46:28,16/9/2025 10:07:34,2022
10140,9,批发和零售业,省级企业科技创新奖均值,个,0,12/9/2025 10:46:28,16/9/2025 10:07:34,2022
10141,9,批发和零售业,省级企业科技创新奖最大值,个,0,12/9/2025 10:46:28,16/9/2025 10:07:34,2022
10142,9,批发和零售业,省级企业科技创新奖最小值,个,0,12/9/2025 10:46:28,16/9/2025 10:07:34,2022
10143,9,批发和零售业,省级企业科技创新奖中位数,个,0,12/9/2025 10:46:28,16/9/2025 10:07:34,2022
10144,10,食品饮料业,省级企业科技创新奖合计,个,0,12/9/2025 10:46:28,16/9/2025 10:07:35,2022
10145,10,食品饮料业,省级企业科技创新奖均值,个,0,12/9/2025 10:46:28,16/9/2025 10:07:35,2022
10146,10,食品饮料业,省级企业科技创新奖最大值,个,0,12/9/2025 10:46:28,16/9/2025 10:07:35,2022
10147,10,食品饮料业,省级企业科技创新奖最小值,个,0,12/9/2025 10:46:28,16/9/2025 10:07:35,2022
10148,10,食品饮料业,省级企业科技创新奖中位数,个,0,12/9/2025 10:46:28,16/9/2025 10:07:35,2022
10154,12,汽车制造业,省级企业科技创新奖合计,个,0,12/9/2025 10:46:29,16/9/2025 10:07:36,2022
10155,12,汽车制造业,省级企业科技创新奖均值,个,0,12/9/2025 10:46:30,16/9/2025 10:07:36,2022
10156,12,汽车制造业,省级企业科技创新奖最大值,个,0,12/9/2025 10:46:30,16/9/2025 10:07:36,2022
10157,12,汽车制造业,省级企业科技创新奖最小值,个,0,12/9/2025 10:46:30,16/9/2025 10:07:36,2022
10158,12,汽车制造业,省级企业科技创新奖中位数,个,0,12/9/2025 10:46:30,16/9/2025 10:07:36,2022
10159,13,电力、热力、燃气及水生产和供应业,省级企业科技创新奖合计,个,0,12/9/2025 10:46:30,16/9/2025 10:07:36,2022
10160,13,电力、热力、燃气及水生产和供应业,省级企业科技创新奖均值,个,0,12/9/2025 10:46:30,16/9/2025 10:07:37,2022
10161,13,电力、热力、燃气及水生产和供应业,省级企业科技创新奖最大值,个,0,12/9/2025 10:46:30,16/9/2025 10:07:37,2022
10162,13,电力、热力、燃气及水生产和供应业,省级企业科技创新奖最小值,个,0,12/9/2025 10:46:30,16/9/2025 10:07:37,2022
10163,13,电力、热力、燃气及水生产和供应业,省级企业科技创新奖中位数,个,0,12/9/2025 10:46:30,16/9/2025 10:07:37,2022
10164,14,采矿业,省级企业科技创新奖合计,个,0,12/9/2025 10:46:31,16/9/2025 10:07:37,2022
10165,14,采矿业,省级企业科技创新奖均值,个,0,12/9/2025 10:46:31,16/9/2025 10:07:37,2022
10166,14,采矿业,省级企业科技创新奖最大值,个,0,12/9/2025 10:46:31,16/9/2025 10:07:37,2022
10167,14,采矿业,省级企业科技创新奖最小值,个,0,12/9/2025 10:46:31,16/9/2025 10:07:37,2022
10168,14,采矿业,省级企业科技创新奖中位数,个,0,12/9/2025 10:46:31,16/9/2025 10:07:37,2022
10169,15,纺织鞋服业,省级企业科技创新奖合计,个,0,12/9/2025 10:46:31,16/9/2025 10:07:38,2022
10170,15,纺织鞋服业,省级企业科技创新奖均值,个,0,12/9/2025 10:46:31,16/9/2025 10:07:38,2022
10171,15,纺织鞋服业,省级企业科技创新奖最大值,个,0,12/9/2025 10:46:32,16/9/2025 10:07:38,2022
10172,15,纺织鞋服业,省级企业科技创新奖最小值,个,0,12/9/2025 10:46:32,16/9/2025 10:07:38,2022
10173,15,纺织鞋服业,省级企业科技创新奖中位数,个,0,12/9/2025 10:46:32,16/9/2025 10:07:38,2022
10174,16,建筑业,省级企业科技创新奖合计,个,3,12/9/2025 10:46:32,16/9/2025 10:07:38,2022
10175,16,建筑业,省级企业科技创新奖均值,个,1,12/9/2025 10:46:32,16/9/2025 10:07:38,2022
10176,16,建筑业,省级企业科技创新奖最大值,个,1,12/9/2025 10:46:32,16/9/2025 10:07:39,2022
10177,16,建筑业,省级企业科技创新奖最小值,个,1,12/9/2025 10:46:32,16/9/2025 10:07:39,2022
10178,16,建筑业,省级企业科技创新奖中位数,个,1,12/9/2025 10:46:32,16/9/2025 10:07:39,2022
10179,17,交通运输、仓储和邮政业,省级企业科技创新奖合计,个,0,12/9/2025 10:46:32,16/9/2025 10:07:39,2022
10180,17,交通运输、仓储和邮政业,省级企业科技创新奖均值,个,0,12/9/2025 10:46:33,16/9/2025 10:07:39,2022
10181,17,交通运输、仓储和邮政业,省级企业科技创新奖最大值,个,0,12/9/2025 10:46:33,16/9/2025 10:07:39,2022
10182,17,交通运输、仓储和邮政业,省级企业科技创新奖最小值,个,0,12/9/2025 10:46:33,16/9/2025 10:07:39,2022
10183,17,交通运输、仓储和邮政业,省级企业科技创新奖中位数,个,0,12/9/2025 10:46:33,16/9/2025 10:07:39,2022
10184,18,通用设备制造业,省级企业科技创新奖合计,个,0,12/9/2025 10:46:33,16/9/2025 10:07:39,2022
10185,18,通用设备制造业,省级企业科技创新奖均值,个,0,12/9/2025 10:46:33,16/9/2025 10:07:39,2022
10186,18,通用设备制造业,省级企业科技创新奖最大值,个,0,12/9/2025 10:46:33,16/9/2025 10:07:39,2022
10187,18,通用设备制造业,省级企业科技创新奖最小值,个,0,12/9/2025 10:46:34,16/9/2025 10:07:39,2022
10188,18,通用设备制造业,省级企业科技创新奖中位数,个,0,12/9/2025 10:46:34,16/9/2025 10:07:39,2022
10189,19,半导体业,省级企业科技创新奖合计,个,2,12/9/2025 10:46:34,16/9/2025 10:07:40,2022
10190,19,半导体业,省级企业科技创新奖均值,个,1,12/9/2025 10:46:34,16/9/2025 10:07:40,2022
10191,19,半导体业,省级企业科技创新奖最大值,个,1,12/9/2025 10:46:34,16/9/2025 10:07:40,2022
10192,19,半导体业,省级企业科技创新奖最小值,个,1,12/9/2025 10:46:34,16/9/2025 10:07:40,2022
10193,19,半导体业,省级企业科技创新奖中位数,个,1,12/9/2025 10:46:34,16/9/2025 10:07:40,2022
10194,20,租赁和商务服务业,省级企业科技创新奖合计,个,0,12/9/2025 10:46:35,16/9/2025 10:07:40,2022
10195,20,租赁和商务服务业,省级企业科技创新奖均值,个,0,12/9/2025 10:46:35,16/9/2025 10:07:40,2022
10196,20,租赁和商务服务业,省级企业科技创新奖最大值,个,0,12/9/2025 10:46:35,16/9/2025 10:07:40,2022
10197,20,租赁和商务服务业,省级企业科技创新奖最小值,个,0,12/9/2025 10:46:35,16/9/2025 10:07:40,2022
10198,20,租赁和商务服务业,省级企业科技创新奖中位数,个,0,12/9/2025 10:46:35,16/9/2025 10:07:40,2022
10199,21,通信传输设备业,省级企业科技创新奖合计,个,0,12/9/2025 10:46:35,16/9/2025 10:07:40,2022
10200,21,通信传输设备业,省级企业科技创新奖均值,个,0,12/9/2025 10:46:35,16/9/2025 10:07:41,2022
10201,21,通信传输设备业,省级企业科技创新奖最大值,个,0,12/9/2025 10:46:35,16/9/2025 10:07:41,2022
10202,21,通信传输设备业,省级企业科技创新奖最小值,个,0,12/9/2025 10:46:35,16/9/2025 10:07:41,2022
10203,21,通信传输设备业,省级企业科技创新奖中位数,个,0,12/9/2025 10:46:35,16/9/2025 10:07:41,2022
10204,22,非金属矿物制品业,省级企业科技创新奖合计,个,0,12/9/2025 10:46:35,16/9/2025 10:07:41,2022
10205,22,非金属矿物制品业,省级企业科技创新奖均值,个,0,12/9/2025 10:46:35,16/9/2025 10:07:41,2022
10206,22,非金属矿物制品业,省级企业科技创新奖最大值,个,0,12/9/2025 10:46:36,16/9/2025 10:07:41,2022
10207,22,非金属矿物制品业,省级企业科技创新奖最小值,个,0,12/9/2025 10:46:36,16/9/2025 10:07:41,2022
10208,22,非金属矿物制品业,省级企业科技创新奖中位数,个,0,12/9/2025 10:46:36,16/9/2025 10:07:41,2022
10209,23,橡胶和塑料制品业,省级企业科技创新奖合计,个,0,12/9/2025 10:46:36,16/9/2025 10:07:41,2022
10210,23,橡胶和塑料制品业,省级企业科技创新奖均值,个,0,12/9/2025 10:46:36,16/9/2025 10:07:41,2022
10211,23,橡胶和塑料制品业,省级企业科技创新奖最大值,个,0,12/9/2025 10:46:36,16/9/2025 10:07:41,2022
10212,23,橡胶和塑料制品业,省级企业科技创新奖最小值,个,0,12/9/2025 10:46:36,16/9/2025 10:07:41,2022
10213,23,橡胶和塑料制品业,省级企业科技创新奖中位数,个,0,12/9/2025 10:46:36,16/9/2025 10:07:41,2022
10214,24,综合,省级企业科技创新奖合计,个,0,12/9/2025 10:46:37,16/9/2025 10:07:42,2022
10215,24,综合,省级企业科技创新奖均值,个,0,12/9/2025 10:46:37,16/9/2025 10:07:42,2022
10216,24,综合,省级企业科技创新奖最大值,个,0,12/9/2025 10:46:37,16/9/2025 10:07:42,2022
10217,24,综合,省级企业科技创新奖最小值,个,0,12/9/2025 10:46:37,16/9/2025 10:07:42,2022
10218,24,综合,省级企业科技创新奖中位数,个,0,12/9/2025 10:46:37,16/9/2025 10:07:42,2022
10219,25,其他制造业,省级企业科技创新奖合计,个,0,12/9/2025 10:46:37,16/9/2025 10:07:42,2022
10220,25,其他制造业,省级企业科技创新奖均值,个,0,12/9/2025 10:46:37,16/9/2025 10:07:42,2022
10221,25,其他制造业,省级企业科技创新奖最大值,个,0,12/9/2025 10:46:37,16/9/2025 10:07:42,2022
10222,25,其他制造业,省级企业科技创新奖最小值,个,0,12/9/2025 10:46:37,16/9/2025 10:07:42,2022
10223,25,其他制造业,省级企业科技创新奖中位数,个,0,12/9/2025 10:46:37,16/9/2025 10:07:42,2022
10224,26,金属制品业,省级企业科技创新奖合计,个,0,12/9/2025 10:46:37,16/9/2025 10:07:43,2022
10225,26,金属制品业,省级企业科技创新奖均值,个,0,12/9/2025 10:46:38,16/9/2025 10:07:43,2022
10226,26,金属制品业,省级企业科技创新奖最大值,个,0,12/9/2025 10:46:38,16/9/2025 10:07:43,2022
10227,26,金属制品业,省级企业科技创新奖最小值,个,0,12/9/2025 10:46:38,16/9/2025 10:07:43,2022
10228,26,金属制品业,省级企业科技创新奖中位数,个,0,12/9/2025 10:46:38,16/9/2025 10:07:43,2022
10229,27,铁路、船舶、航空航天和其他运输设备制造业,省级企业科技创新奖合计,个,2,12/9/2025 10:46:38,16/9/2025 10:07:43,2022
10230,27,铁路、船舶、航空航天和其他运输设备制造业,省级企业科技创新奖均值,个,1,12/9/2025 10:46:38,16/9/2025 10:07:43,2022
10231,27,铁路、船舶、航空航天和其他运输设备制造业,省级企业科技创新奖最大值,个,1,12/9/2025 10:46:38,16/9/2025 10:07:43,2022
10232,27,铁路、船舶、航空航天和其他运输设备制造业,省级企业科技创新奖最小值,个,1,12/9/2025 10:46:38,16/9/2025 10:07:43,2022
10233,27,铁路、船舶、航空航天和其他运输设备制造业,省级企业科技创新奖中位数,个,1,12/9/2025 10:46:38,16/9/2025 10:07:43,2022
10234,28,水利、环境和公共设施管理业,省级企业科技创新奖合计,个,0,12/9/2025 10:46:38,16/9/2025 10:07:44,2022
10235,28,水利、环境和公共设施管理业,省级企业科技创新奖均值,个,0,12/9/2025 10:46:38,16/9/2025 10:07:44,2022
10236,28,水利、环境和公共设施管理业,省级企业科技创新奖最大值,个,0,12/9/2025 10:46:38,16/9/2025 10:07:44,2022
10237,28,水利、环境和公共设施管理业,省级企业科技创新奖最小值,个,0,12/9/2025 10:46:39,16/9/2025 10:07:44,2022
10238,28,水利、环境和公共设施管理业,省级企业科技创新奖中位数,个,0,12/9/2025 10:46:39,16/9/2025 10:07:44,2022
10239,29,金属冶炼和压延加工业,省级企业科技创新奖合计,个,2,12/9/2025 10:46:39,16/9/2025 10:07:44,2022
10240,29,金属冶炼和压延加工业,省级企业科技创新奖均值,个,1,12/9/2025 10:46:39,16/9/2025 10:07:44,2022
10241,29,金属冶炼和压延加工业,省级企业科技创新奖最大值,个,1,12/9/2025 10:46:39,16/9/2025 10:07:44,2022
10242,29,金属冶炼和压延加工业,省级企业科技创新奖最小值,个,1,12/9/2025 10:46:39,16/9/2025 10:07:44,2022
10243,29,金属冶炼和压延加工业,省级企业科技创新奖中位数,个,1,12/9/2025 10:46:39,16/9/2025 10:07:44,2022
10244,30,科学研究和技术服务业,省级企业科技创新奖合计,个,0,12/9/2025 10:46:39,16/9/2025 10:07:45,2022
10245,30,科学研究和技术服务业,省级企业科技创新奖均值,个,0,12/9/2025 10:46:39,16/9/2025 10:07:45,2022
10246,30,科学研究和技术服务业,省级企业科技创新奖最大值,个,0,12/9/2025 10:46:39,16/9/2025 10:07:45,2022
10247,30,科学研究和技术服务业,省级企业科技创新奖最小值,个,0,12/9/2025 10:46:39,16/9/2025 10:07:45,2022
10248,30,科学研究和技术服务业,省级企业科技创新奖中位数,个,0,12/9/2025 10:46:39,16/9/2025 10:07:45,2022
10249,31,教育,省级企业科技创新奖合计,个,0,12/9/2025 10:46:40,16/9/2025 10:07:45,2022
10250,31,教育,省级企业科技创新奖均值,个,0,12/9/2025 10:46:40,16/9/2025 10:07:45,2022
10251,31,教育,省级企业科技创新奖最大值,个,0,12/9/2025 10:46:40,16/9/2025 10:07:46,2022
10252,31,教育,省级企业科技创新奖最小值,个,0,12/9/2025 10:46:40,16/9/2025 10:07:46,2022
10253,31,教育,省级企业科技创新奖中位数,个,0,12/9/2025 10:46:40,16/9/2025 10:07:46,2022
10254,32,仪器仪表制造业,省级企业科技创新奖合计,个,0,12/9/2025 10:46:41,16/9/2025 10:07:46,2022
10255,32,仪器仪表制造业,省级企业科技创新奖均值,个,0,12/9/2025 10:46:41,16/9/2025 10:07:46,2022
10256,32,仪器仪表制造业,省级企业科技创新奖最大值,个,0,12/9/2025 10:46:41,16/9/2025 10:07:46,2022
10257,32,仪器仪表制造业,省级企业科技创新奖最小值,个,0,12/9/2025 10:46:41,16/9/2025 10:07:46,2022
10258,32,仪器仪表制造业,省级企业科技创新奖中位数,个,0,12/9/2025 10:46:41,16/9/2025 10:07:46,2022
10259,33,文化、体育和娱乐业,省级企业科技创新奖合计,个,0,12/9/2025 10:46:41,16/9/2025 10:07:47,2022
10260,33,文化、体育和娱乐业,省级企业科技创新奖均值,个,0,12/9/2025 10:46:41,16/9/2025 10:07:47,2022
10261,33,文化、体育和娱乐业,省级企业科技创新奖最大值,个,0,12/9/2025 10:46:41,16/9/2025 10:07:47,2022
10262,33,文化、体育和娱乐业,省级企业科技创新奖最小值,个,0,12/9/2025 10:46:41,16/9/2025 10:07:47,2022
10263,33,文化、体育和娱乐业,省级企业科技创新奖中位数,个,0,12/9/2025 10:46:41,16/9/2025 10:07:47,2022
10264,34,农、林、牧、渔业,省级企业科技创新奖合计,个,0,12/9/2025 10:46:42,16/9/2025 10:07:47,2022
10265,34,农、林、牧、渔业,省级企业科技创新奖均值,个,0,12/9/2025 10:46:42,16/9/2025 10:07:47,2022
10266,34,农、林、牧、渔业,省级企业科技创新奖最大值,个,0,12/9/2025 10:46:42,16/9/2025 10:07:47,2022
10267,34,农、林、牧、渔业,省级企业科技创新奖最小值,个,0,12/9/2025 10:46:42,16/9/2025 10:07:47,2022
10268,34,农、林、牧、渔业,省级企业科技创新奖中位数,个,0,12/9/2025 10:46:42,16/9/2025 10:07:47,2022
10269,35,卫生和社会工作,省级企业科技创新奖合计,个,0,12/9/2025 10:46:42,16/9/2025 10:07:48,2022
10270,35,卫生和社会工作,省级企业科技创新奖均值,个,0,12/9/2025 10:46:42,16/9/2025 10:07:48,2022
10271,35,卫生和社会工作,省级企业科技创新奖最大值,个,0,12/9/2025 10:46:42,16/9/2025 10:07:48,2022
10272,35,卫生和社会工作,省级企业科技创新奖最小值,个,0,12/9/2025 10:46:42,16/9/2025 10:07:48,2022
10273,35,卫生和社会工作,省级企业科技创新奖中位数,个,0,12/9/2025 10:46:42,16/9/2025 10:07:48,2022
10274,36,造纸和纸制品业,省级企业科技创新奖合计,个,0,12/9/2025 10:46:42,16/9/2025 10:07:49,2022
10275,36,造纸和纸制品业,省级企业科技创新奖均值,个,0,12/9/2025 10:46:42,16/9/2025 10:07:49,2022
10276,36,造纸和纸制品业,省级企业科技创新奖最大值,个,0,12/9/2025 10:46:42,16/9/2025 10:07:49,2022
10277,36,造纸和纸制品业,省级企业科技创新奖最小值,个,0,12/9/2025 10:46:43,16/9/2025 10:07:49,2022
10278,36,造纸和纸制品业,省级企业科技创新奖中位数,个,0,12/9/2025 10:46:43,16/9/2025 10:07:49,2022
10279,37,住宿和餐饮业,省级企业科技创新奖合计,个,0,12/9/2025 10:46:43,16/9/2025 10:07:50,2022
10280,37,住宿和餐饮业,省级企业科技创新奖均值,个,0,12/9/2025 10:46:43,16/9/2025 10:07:50,2022
10281,37,住宿和餐饮业,省级企业科技创新奖最大值,个,0,12/9/2025 10:46:43,16/9/2025 10:07:50,2022
10282,37,住宿和餐饮业,省级企业科技创新奖最小值,个,0,12/9/2025 10:46:43,16/9/2025 10:07:50,2022
10283,37,住宿和餐饮业,省级企业科技创新奖中位数,个,0,12/9/2025 10:46:43,16/9/2025 10:07:50,2022
10284,38,家具制造业,省级企业科技创新奖合计,个,0,12/9/2025 10:46:44,16/9/2025 10:07:50,2022
10285,38,家具制造业,省级企业科技创新奖均值,个,0,12/9/2025 10:46:44,16/9/2025 10:07:51,2022
10286,38,家具制造业,省级企业科技创新奖最大值,个,0,12/9/2025 10:46:44,16/9/2025 10:07:51,2022
10287,38,家具制造业,省级企业科技创新奖最小值,个,0,12/9/2025 10:46:44,16/9/2025 10:07:51,2022
10288,38,家具制造业,省级企业科技创新奖中位数,个,0,12/9/2025 10:46:44,16/9/2025 10:07:51,2022
10289,39,印刷和记录媒介复制业,省级企业科技创新奖合计,个,0,12/9/2025 10:46:44,16/9/2025 10:07:51,2022
10290,39,印刷和记录媒介复制业,省级企业科技创新奖均值,个,0,12/9/2025 10:46:45,16/9/2025 10:07:51,2022
10291,39,印刷和记录媒介复制业,省级企业科技创新奖最大值,个,0,12/9/2025 10:46:45,16/9/2025 10:07:51,2022
10292,39,印刷和记录媒介复制业,省级企业科技创新奖最小值,个,0,12/9/2025 10:46:45,16/9/2025 10:07:51,2022
10293,39,印刷和记录媒介复制业,省级企业科技创新奖中位数,个,0,12/9/2025 10:46:45,16/9/2025 10:07:51,2022
10294,41,文教、工美、体育和娱乐用品制造业,省级企业科技创新奖合计,个,0,12/9/2025 10:46:45,16/9/2025 10:07:52,2022
10295,41,文教、工美、体育和娱乐用品制造业,省级企业科技创新奖均值,个,0,12/9/2025 10:46:45,16/9/2025 10:07:52,2022
10296,41,文教、工美、体育和娱乐用品制造业,省级企业科技创新奖最大值,个,0,12/9/2025 10:46:45,16/9/2025 10:07:52,2022
10297,41,文教、工美、体育和娱乐用品制造业,省级企业科技创新奖最小值,个,0,12/9/2025 10:46:45,16/9/2025 10:07:52,2022
10298,41,文教、工美、体育和娱乐用品制造业,省级企业科技创新奖中位数,个,0,12/9/2025 10:46:45,16/9/2025 10:07:52,2022
10304,43,化学纤维制造业,省级企业科技创新奖合计,个,0,12/9/2025 10:46:47,16/9/2025 10:07:53,2022
10305,43,化学纤维制造业,省级企业科技创新奖均值,个,0,12/9/2025 10:46:47,16/9/2025 10:07:53,2022
10306,43,化学纤维制造业,省级企业科技创新奖最大值,个,0,12/9/2025 10:46:47,16/9/2025 10:07:53,2022
10307,43,化学纤维制造业,省级企业科技创新奖最小值,个,0,12/9/2025 10:46:47,16/9/2025 10:07:53,2022
10308,43,化学纤维制造业,省级企业科技创新奖中位数,个,0,12/9/2025 10:46:47,16/9/2025 10:07:53,2022
10314,45,石油加工、炼焦和核燃料加工业,省级企业科技创新奖合计,个,0,12/9/2025 10:46:48,16/9/2025 10:07:55,2022
10315,45,石油加工、炼焦和核燃料加工业,省级企业科技创新奖均值,个,0,12/9/2025 10:46:48,16/9/2025 10:07:55,2022
10316,45,石油加工、炼焦和核燃料加工业,省级企业科技创新奖最大值,个,0,12/9/2025 10:46:49,16/9/2025 10:07:55,2022
10317,45,石油加工、炼焦和核燃料加工业,省级企业科技创新奖最小值,个,0,12/9/2025 10:46:49,16/9/2025 10:07:55,2022
10318,45,石油加工、炼焦和核燃料加工业,省级企业科技创新奖中位数,个,0,12/9/2025 10:46:49,16/9/2025 10:07:55,2022
10319,46,废弃资源综合利用业,省级企业科技创新奖合计,个,0,12/9/2025 10:46:49,16/9/2025 10:07:55,2022
10320,46,废弃资源综合利用业,省级企业科技创新奖均值,个,0,12/9/2025 10:46:49,16/9/2025 10:07:55,2022
10321,46,废弃资源综合利用业,省级企业科技创新奖最大值,个,0,12/9/2025 10:46:49,16/9/2025 10:07:55,2022
10322,46,废弃资源综合利用业,省级企业科技创新奖最小值,个,0,12/9/2025 10:46:49,16/9/2025 10:07:55,2022
10323,46,废弃资源综合利用业,省级企业科技创新奖中位数,个,0,12/9/2025 10:46:49,16/9/2025 10:07:55,2022
10324,47,木材加工和木、竹、藤、棕、草制品业,省级企业科技创新奖合计,个,0,12/9/2025 10:46:49,16/9/2025 10:07:56,2022
10325,47,木材加工和木、竹、藤、棕、草制品业,省级企业科技创新奖均值,个,0,12/9/2025 10:46:49,16/9/2025 10:07:56,2022
10326,47,木材加工和木、竹、藤、棕、草制品业,省级企业科技创新奖最大值,个,0,12/9/2025 10:46:50,16/9/2025 10:07:56,2022
10327,47,木材加工和木、竹、藤、棕、草制品业,省级企业科技创新奖最小值,个,0,12/9/2025 10:46:50,16/9/2025 10:07:56,2022
10328,47,木材加工和木、竹、藤、棕、草制品业,省级企业科技创新奖中位数,个,0,12/9/2025 10:46:50,16/9/2025 10:07:56,2022
10329,48,居民服务、修理和其他服务业,省级企业科技创新奖合计,个,0,12/9/2025 10:46:50,16/9/2025 10:07:56,2022
10330,48,居民服务、修理和其他服务业,省级企业科技创新奖均值,个,0,12/9/2025 10:46:50,16/9/2025 10:07:56,2022
10331,48,居民服务、修理和其他服务业,省级企业科技创新奖最大值,个,0,12/9/2025 10:46:50,16/9/2025 10:07:56,2022
10332,48,居民服务、修理和其他服务业,省级企业科技创新奖最小值,个,0,12/9/2025 10:46:50,16/9/2025 10:07:56,2022
10333,48,居民服务、修理和其他服务业,省级企业科技创新奖中位数,个,0,12/9/2025 10:46:50,16/9/2025 10:07:56,2022
10334,0,全行业,省级企业科技创新奖合计,个,13,12/9/2025 10:46:50,5/11/2025 08:56:03,2022
10335,0,全行业,省级企业科技创新奖均值,个,1,12/9/2025 10:46:50,5/11/2025 08:56:03,2022
10336,0,全行业,省级企业科技创新奖最大值,个,1,12/9/2025 10:46:50,5/11/2025 08:56:03,2022
10337,0,全行业,省级企业科技创新奖最小值,个,1,12/9/2025 10:46:50,5/11/2025 08:56:03,2022
10338,0,全行业,省级企业科技创新奖中位数,个,1,12/9/2025 10:46:50,5/11/2025 08:56:03,2022
10339,1,医药制造业,总负债合计,百万元,1332675.02573563,12/9/2025 10:46:51,16/9/2025 10:07:57,2022
10340,1,医药制造业,负债总额度均值,元,2968095825.69183,12/9/2025 10:46:51,16/9/2025 10:07:57,2022
10341,1,医药制造业,负债总额最大值,元,134977022956,12/9/2025 10:46:51,16/9/2025 10:07:57,2022
10342,1,医药制造业,总负债金额最小值,千万元,-2.68408435,12/9/2025 10:46:51,16/9/2025 10:07:57,2022
10343,1,医药制造业,负债合计中位数,千万元,98.31857797,12/9/2025 10:46:51,16/9/2025 10:07:57,2022
10344,2,化学原料和化学制品制造业,总负债合计,千万元,138209.614884525,12/9/2025 10:46:51,16/9/2025 10:07:57,2022
10345,2,化学原料和化学制品制造业,总负债均值,千万元,379.696744188256,12/9/2025 10:46:51,16/9/2025 10:07:57,2022
10346,2,化学原料和化学制品制造业,负债总额度最大值,百万元,119506.23940072,12/9/2025 10:46:51,16/9/2025 10:07:57,2022
10347,2,化学原料和化学制品制造业,负债总额度最小值,百万元,5.721232,12/9/2025 10:46:51,16/9/2025 10:07:57,2022
10348,2,化学原料和化学制品制造业,总负债中位数,万元,124421.60057249998,12/9/2025 10:46:51,16/9/2025 10:07:57,2022
10349,3,信息传输、软件和信息技术服务业,总负债合计,元,7561696485258.45,12/9/2025 10:46:52,16/9/2025 10:07:57,2022
10350,3,信息传输、软件和信息技术服务业,总负债均值,万元,1174176.4728662202,12/9/2025 10:46:52,16/9/2025 10:07:58,2022
10351,3,信息传输、软件和信息技术服务业,负债总额最大值,元,795271048873,12/9/2025 10:46:52,16/9/2025 10:07:58,2022
10352,3,信息传输、软件和信息技术服务业,总负债最小值,十万元,-1521.84384,12/9/2025 10:46:52,16/9/2025 10:07:58,2022
10353,3,信息传输、软件和信息技术服务业,负债合计中位数,千万元,68.50135282,12/9/2025 10:46:52,16/9/2025 10:07:58,2022
10354,4,房地产业,总负债合计,千万元,2146800.42660945,12/9/2025 10:46:52,16/9/2025 10:07:58,2022
10355,4,房地产业,总负债均值,十万元,727728.958172694,12/9/2025 10:46:53,16/9/2025 10:07:58,2022
10356,4,房地产业,总负债最大值,十万元,14348949.26,12/9/2025 10:46:53,16/9/2025 10:07:58,2022
10357,4,房地产业,总负债最小值,万元,-1658285.378,12/9/2025 10:46:53,16/9/2025 10:07:58,2022
10358,4,房地产业,总负债中位数,万元,1025143.0707459999,12/9/2025 10:46:53,16/9/2025 10:07:58,2022
10359,5,专用设备制造业,总负债合计,万元,155800396.730675,12/9/2025 10:46:53,16/9/2025 10:07:59,2022
10360,5,专用设备制造业,负债合计均值,元,3485467488.38199,12/9/2025 10:46:53,16/9/2025 10:07:59,2022
10361,5,专用设备制造业,总负债最大值,百万元,120497.2709,12/9/2025 10:46:53,16/9/2025 10:07:59,2022
10362,5,专用设备制造业,负债总额度最小值,百万元,33.6625695,12/9/2025 10:46:53,16/9/2025 10:07:59,2022
10363,5,专用设备制造业,负债总额度中位数,万元,92787.3498,12/9/2025 10:46:53,16/9/2025 10:07:59,2022
10364,6,消费电子及电气业,总负债合计,万元,335407737.713588,12/9/2025 10:46:54,16/9/2025 10:07:59,2022
10365,6,消费电子及电气业,总负债均值,千万元,936.8931221049941,12/9/2025 10:46:54,16/9/2025 10:07:59,2022
10366,6,消费电子及电气业,负债总额最大值,百万元,270631.4802,12/9/2025 10:46:54,16/9/2025 10:07:59,2022
10367,6,消费电子及电气业,总负债最小值,十万元,-3312.263475,12/9/2025 10:46:54,16/9/2025 10:07:59,2022
10368,6,消费电子及电气业,负债合计中位数,千万元,106.1211391,12/9/2025 10:46:54,16/9/2025 10:07:59,2022
10369,7,金融业,总负债合计,百万元,458563864.276821,12/9/2025 10:46:54,16/9/2025 10:08:00,2022
10370,7,金融业,负债总额均值,百万元,1543986.07500613,12/9/2025 10:46:54,16/9/2025 10:08:00,2022
10371,7,金融业,负债总额度最大值,元,36095831331341,12/9/2025 10:46:54,16/9/2025 10:08:00,2022
10372,7,金融业,负债合计最小值,千万元,0.06608695,12/9/2025 10:46:54,16/9/2025 10:08:00,2022
10373,7,金融业,总负债金额中位数,十万元,587115.9051,12/9/2025 10:46:54,16/9/2025 10:08:00,2022
10374,8,商业电气机械和器材制造业,总负债合计,万元,261459306.995038,12/9/2025 10:46:55,16/9/2025 10:08:00,2022
10375,8,商业电气机械和器材制造业,总负债金额均值,百万元,8170.60334359494,12/9/2025 10:46:55,16/9/2025 10:08:00,2022
10376,8,商业电气机械和器材制造业,总负债金额最大值,元,424043156327,12/9/2025 10:46:55,16/9/2025 10:08:01,2022
10377,8,商业电气机械和器材制造业,负债总额度最小值,十万元,48.257927800000004,12/9/2025 10:46:55,16/9/2025 10:08:01,2022
10378,8,商业电气机械和器材制造业,负债总额中位数,百万元,1564.362173,12/9/2025 10:46:55,16/9/2025 10:08:01,2022
10379,9,批发和零售业,总负债合计,百万元,3385777.61159235,12/9/2025 10:46:55,16/9/2025 10:08:01,2022
10380,9,批发和零售业,总负债金额均值,百万元,12402.1157933786,12/9/2025 10:46:56,16/9/2025 10:08:01,2022
10381,9,批发和零售业,负债合计最大值,十万元,4994105.5979076,12/9/2025 10:46:56,16/9/2025 10:08:01,2022
10382,9,批发和零售业,负债总额度最小值,十万元,61.4537529,12/9/2025 10:46:56,16/9/2025 10:08:01,2022
10383,9,批发和零售业,总负债中位数,十万元,25473.027901999998,12/9/2025 10:46:56,16/9/2025 10:08:01,2022
10384,10,食品饮料业,总负债合计,万元,217796125.569557,12/9/2025 10:46:56,16/9/2025 10:08:01,2022
10385,10,食品饮料业,总负债均值,元,8817656905.65008,12/9/2025 10:46:57,16/9/2025 10:08:02,2022
10386,10,食品饮料业,总负债金额最大值,十万元,7678782.584,12/9/2025 10:46:57,16/9/2025 10:08:02,2022
10387,10,食品饮料业,总负债金额最小值,百万元,-565.2528712,12/9/2025 10:46:57,16/9/2025 10:08:02,2022
10388,10,食品饮料业,负债总额中位数,百万元,1280.675615,12/9/2025 10:46:57,16/9/2025 10:08:02,2022
10394,12,汽车制造业,总负债合计,千万元,396285.47866845096,12/9/2025 10:46:58,16/9/2025 10:08:02,2022
10395,12,汽车制造业,总负债金额均值,元,17229803420.3674,12/9/2025 10:46:58,16/9/2025 10:08:03,2022
10396,12,汽车制造业,负债总额最大值,十万元,6538071.9279809,12/9/2025 10:46:58,16/9/2025 10:08:03,2022
10397,12,汽车制造业,总负债金额最小值,百万元,4.765902,12/9/2025 10:46:58,16/9/2025 10:08:03,2022
10398,12,汽车制造业,负债总额度中位数,十万元,22644.133795749996,12/9/2025 10:46:58,16/9/2025 10:08:03,2022
10399,13,电力、热力、燃气及水生产和供应业,总负债合计,千万元,692610.365289321,12/9/2025 10:46:59,16/9/2025 10:08:03,2022
10400,13,电力、热力、燃气及水生产和供应业,总负债金额均值,元,36646051073.5091,12/9/2025 10:46:59,16/9/2025 10:08:03,2022
10401,13,电力、热力、燃气及水生产和供应业,负债合计最大值,百万元,376905.7813,12/9/2025 10:46:59,16/9/2025 10:08:03,2022
10402,13,电力、热力、燃气及水生产和供应业,负债合计最小值,百万元,82.595323,12/9/2025 10:46:59,16/9/2025 10:08:03,2022
10403,13,电力、热力、燃气及水生产和供应业,总负债中位数,十万元,101360.2625,12/9/2025 10:46:59,16/9/2025 10:08:03,2022
10404,14,采矿业,总负债合计,千万元,754886.4156618151,12/9/2025 10:46:59,16/9/2025 10:08:03,2022
10405,14,采矿业,负债合计均值,千万元,5278.92598364906,12/9/2025 10:46:59,16/9/2025 10:08:03,2022
10406,14,采矿业,总负债金额最大值,十万元,11356488.77,12/9/2025 10:46:59,16/9/2025 10:08:03,2022
10407,14,采矿业,总负债最小值,万元,-301875.2778,12/9/2025 10:47:00,16/9/2025 10:08:03,2022
10408,14,采矿业,总负债中位数,十万元,48566.957326899996,12/9/2025 10:47:00,16/9/2025 10:08:04,2022
10409,15,纺织鞋服业,总负债合计,千万元,40346.243160592996,12/9/2025 10:47:00,16/9/2025 10:08:04,2022
10410,15,纺织鞋服业,负债总额度均值,元,2279448766.1352,12/9/2025 10:47:00,16/9/2025 10:08:04,2022
10411,15,纺织鞋服业,总负债最大值,万元,3966656.148,12/9/2025 10:47:00,16/9/2025 10:08:04,2022
10412,15,纺织鞋服业,总负债金额最小值,千万元,0.1151627,12/9/2025 10:47:00,16/9/2025 10:08:04,2022
10413,15,纺织鞋服业,总负债中位数,元,807093058.9,12/9/2025 10:47:01,16/9/2025 10:08:04,2022
10414,16,建筑业,总负债合计,千万元,1441998.97154234,12/9/2025 10:47:01,16/9/2025 10:08:04,2022
10415,16,建筑业,总负债金额均值,元,97432362942.0501,12/9/2025 10:47:01,16/9/2025 10:08:04,2022
10416,16,建筑业,负债合计最大值,元,1972516839765,12/9/2025 10:47:01,16/9/2025 10:08:04,2022
10417,16,建筑业,负债总额度最小值,元,6982061,12/9/2025 10:47:01,16/9/2025 10:08:04,2022
10418,16,建筑业,总负债金额中位数,元,4815749291,12/9/2025 10:47:01,16/9/2025 10:08:04,2022
10419,17,交通运输、仓储和邮政业,总负债合计,元,4309155215971.47,12/9/2025 10:47:02,16/9/2025 10:08:05,2022
10420,17,交通运输、仓储和邮政业,负债总额度均值,十万元,244838.364543834,12/9/2025 10:47:02,16/9/2025 10:08:05,2022
10421,17,交通运输、仓储和邮政业,负债总额最大值,万元,27345111.52,12/9/2025 10:47:02,16/9/2025 10:08:05,2022
10422,17,交通运输、仓储和邮政业,负债总额度最小值,元,-2.73451E+11,12/9/2025 10:47:02,16/9/2025 10:08:05,2022
10423,17,交通运输、仓储和邮政业,负债总额度中位数,千万元,603.506976,12/9/2025 10:47:02,16/9/2025 10:08:05,2022
10424,18,通用设备制造业,总负债合计,十万元,12876230.71,12/9/2025 10:47:03,16/9/2025 10:08:05,2022
10425,18,通用设备制造业,总负债均值,千万元,604.517873577934,12/9/2025 10:47:03,16/9/2025 10:08:05,2022
10426,18,通用设备制造业,总负债最大值,十万元,1938266.904,12/9/2025 10:47:03,16/9/2025 10:08:05,2022
10427,18,通用设备制造业,总负债最小值,十万元,54.29984,12/9/2025 10:47:03,16/9/2025 10:08:05,2022
10428,18,通用设备制造业,负债总额中位数,百万元,1019.740465,12/9/2025 10:47:03,16/9/2025 10:08:05,2022
10429,19,半导体业,总负债合计,百万元,948009.00887635,12/9/2025 10:47:03,16/9/2025 10:08:06,2022
10430,19,半导体业,负债总额度均值,千万元,551.168028416483,12/9/2025 10:47:03,16/9/2025 10:08:06,2022
10431,19,半导体业,总负债最大值,元,179687394951,12/9/2025 10:47:03,16/9/2025 10:08:06,2022
10432,19,半导体业,负债总额度最小值,万元,4048.0911,12/9/2025 10:47:03,16/9/2025 10:08:06,2022
10433,19,半导体业,总负债中位数,十万元,9577.158196,12/9/2025 10:47:03,16/9/2025 10:08:06,2022
10434,20,租赁和商务服务业,总负债合计,元,793513422328.06,12/9/2025 10:47:04,16/9/2025 10:08:06,2022
10435,20,租赁和商务服务业,负债总额度均值,千万元,714.876957052306,12/9/2025 10:47:04,16/9/2025 10:08:06,2022
10436,20,租赁和商务服务业,总负债最大值,十万元,2203716.386,12/9/2025 10:47:04,16/9/2025 10:08:06,2022
10437,20,租赁和商务服务业,总负债最小值,十万元,-3576.50623,12/9/2025 10:47:04,16/9/2025 10:08:06,2022
10438,20,租赁和商务服务业,总负债中位数,元,927507335.8,12/9/2025 10:47:04,16/9/2025 10:08:06,2022
10439,21,通信传输设备业,总负债合计,元,1268195028143.51,12/9/2025 10:47:04,16/9/2025 10:08:07,2022
10440,21,通信传输设备业,负债合计均值,十万元,105682.919011959,12/9/2025 10:47:04,16/9/2025 10:08:07,2022
10441,21,通信传输设备业,总负债最大值,千万元,62672.80933,12/9/2025 10:47:04,16/9/2025 10:08:07,2022
10442,21,通信传输设备业,总负债最小值,十万元,420.846847,12/9/2025 10:47:04,16/9/2025 10:08:07,2022
10443,21,通信传输设备业,负债总额中位数,百万元,845.6510955,12/9/2025 10:47:05,16/9/2025 10:08:07,2022
10444,22,非金属矿物制品业,总负债合计,百万元,1401935.80064666,12/9/2025 10:47:05,16/9/2025 10:08:07,2022
10445,22,非金属矿物制品业,负债合计均值,万元,1121548.64051733,12/9/2025 10:47:05,16/9/2025 10:08:07,2022
10446,22,非金属矿物制品业,负债合计最大值,元,290128895553,12/9/2025 10:47:05,16/9/2025 10:08:07,2022
10447,22,非金属矿物制品业,负债总额最小值,万元,2354.3196,12/9/2025 10:47:05,16/9/2025 10:08:07,2022
10448,22,非金属矿物制品业,总负债中位数,万元,214323.5788,12/9/2025 10:47:06,16/9/2025 10:08:07,2022
10449,23,橡胶和塑料制品业,总负债合计,千万元,21296.118769784,12/9/2025 10:47:06,16/9/2025 10:08:08,2022
10450,23,橡胶和塑料制品业,总负债均值,元,1990291473.81159,12/9/2025 10:47:06,16/9/2025 10:08:08,2022
10451,23,橡胶和塑料制品业,总负债最大值,万元,3714153.8038339997,12/9/2025 10:47:06,16/9/2025 10:08:08,2022
10452,23,橡胶和塑料制品业,负债合计最小值,千万元,3.468301564,12/9/2025 10:47:06,16/9/2025 10:08:08,2022
10453,23,橡胶和塑料制品业,负债合计中位数,千万元,93.93331668,12/9/2025 10:47:06,16/9/2025 10:08:08,2022
10454,24,综合,总负债合计,元,9829246971915.45,12/9/2025 10:47:06,16/9/2025 10:08:08,2022
10455,24,综合,总负债均值,百万元,289095.499173984,12/9/2025 10:47:06,16/9/2025 10:08:08,2022
10456,24,综合,总负债最大值,百万元,8937927.327,12/9/2025 10:47:06,16/9/2025 10:08:08,2022
10457,24,综合,总负债金额最小值,十万元,-12924.16793,12/9/2025 10:47:06,16/9/2025 10:08:08,2022
10458,24,综合,负债总额中位数,万元,192326.3577,12/9/2025 10:47:06,16/9/2025 10:08:08,2022
10459,25,其他制造业,总负债合计,万元,4679420.674,12/9/2025 10:47:07,16/9/2025 10:08:09,2022
10460,25,其他制造业,总负债均值,千万元,88.2909561120188,12/9/2025 10:47:07,16/9/2025 10:08:09,2022
10461,25,其他制造业,负债总额度最大值,千万元,469.3542455,12/9/2025 10:47:07,16/9/2025 10:08:09,2022
10462,25,其他制造业,总负债金额最小值,千万元,2.047664471,12/9/2025 10:47:07,16/9/2025 10:08:09,2022
10463,25,其他制造业,负债总额度中位数,万元,42127.66786,12/9/2025 10:47:07,16/9/2025 10:08:09,2022
10464,26,金属制品业,总负债合计,元,4.51003E+11,12/9/2025 10:47:07,16/9/2025 10:08:09,2022
10465,26,金属制品业,总负债均值,元,3956164668.48421,12/9/2025 10:47:07,16/9/2025 10:08:09,2022
10466,26,金属制品业,总负债最大值,万元,8324388.148,12/9/2025 10:47:07,16/9/2025 10:08:09,2022
10467,26,金属制品业,负债总额度最小值,百万元,26.6556325,12/9/2025 10:47:07,16/9/2025 10:08:10,2022
10468,26,金属制品业,负债合计中位数,万元,115659.1639,12/9/2025 10:47:07,16/9/2025 10:08:10,2022
10469,27,铁路、船舶、航空航天和其他运输设备制造业,总负债合计,元,1528695118475.28,12/9/2025 10:47:08,16/9/2025 10:08:10,2022
10470,27,铁路、船舶、航空航天和其他运输设备制造业,负债总额均值,千万元,1544.1364833083599,12/9/2025 10:47:08,16/9/2025 10:08:10,2022
10471,27,铁路、船舶、航空航天和其他运输设备制造业,总负债金额最大值,万元,25115429.5,12/9/2025 10:47:08,16/9/2025 10:08:10,2022
10472,27,铁路、船舶、航空航天和其他运输设备制造业,负债总额度最小值,百万元,93.87702173999999,12/9/2025 10:47:08,16/9/2025 10:08:10,2022
10473,27,铁路、船舶、航空航天和其他运输设备制造业,总负债金额中位数,元,2035954956,12/9/2025 10:47:08,16/9/2025 10:08:10,2022
10474,28,水利、环境和公共设施管理业,总负债合计,万元,60689775.373596996,12/9/2025 10:47:08,16/9/2025 10:08:11,2022
10475,28,水利、环境和公共设施管理业,负债总额均值,元,5835555324.38433,12/9/2025 10:47:08,16/9/2025 10:08:11,2022
10476,28,水利、环境和公共设施管理业,负债总额最大值,千万元,10985.509984129,12/9/2025 10:47:08,16/9/2025 10:08:11,2022
10477,28,水利、环境和公共设施管理业,负债合计最小值,元,16079737.74,12/9/2025 10:47:08,16/9/2025 10:08:11,2022
10478,28,水利、环境和公共设施管理业,总负债金额中位数,十万元,16176.86554,12/9/2025 10:47:08,16/9/2025 10:08:11,2022
10479,29,金属冶炼和压延加工业,总负债合计,十万元,25874103.904162,12/9/2025 10:47:09,16/9/2025 10:08:11,2022
10480,29,金属冶炼和压延加工业,总负债均值,百万元,17844.209589077203,12/9/2025 10:47:09,16/9/2025 10:08:11,2022
10481,29,金属冶炼和压延加工业,负债合计最大值,十万元,1867740.4183810002,12/9/2025 10:47:09,16/9/2025 10:08:11,2022
10482,29,金属冶炼和压延加工业,总负债金额最小值,百万元,80.234425,12/9/2025 10:47:09,16/9/2025 10:08:11,2022
10483,29,金属冶炼和压延加工业,负债合计中位数,千万元,522.5432072,12/9/2025 10:47:09,16/9/2025 10:08:11,2022
10484,30,科学研究和技术服务业,总负债合计,十万元,2638849.1055718,12/9/2025 10:47:09,16/9/2025 10:08:12,2022
10485,30,科学研究和技术服务业,总负债均值,十万元,20778.3394139512,12/9/2025 10:47:09,16/9/2025 10:08:12,2022
10486,30,科学研究和技术服务业,总负债最大值,万元,2595171.1167119998,12/9/2025 10:47:09,16/9/2025 10:08:12,2022
10487,30,科学研究和技术服务业,总负债金额最小值,百万元,30.29948209,12/9/2025 10:47:09,16/9/2025 10:08:12,2022
10488,30,科学研究和技术服务业,总负债中位数,十万元,7267.935247,12/9/2025 10:47:09,16/9/2025 10:08:12,2022
10489,31,教育,总负债合计,万元,13628939.422092998,12/9/2025 10:47:09,16/9/2025 10:08:12,2022
10490,31,教育,总负债均值,百万元,2271.48990368217,12/9/2025 10:47:09,16/9/2025 10:08:12,2022
10491,31,教育,负债合计最大值,万元,1699901.619,12/9/2025 10:47:10,16/9/2025 10:08:12,2022
10492,31,教育,负债总额最小值,百万元,30.29813202,12/9/2025 10:47:10,16/9/2025 10:08:12,2022
10493,31,教育,总负债中位数,百万元,901.4346228,12/9/2025 10:47:10,16/9/2025 10:08:12,2022
10494,32,仪器仪表制造业,总负债合计,万元,8815650.431,12/9/2025 10:47:10,16/9/2025 10:08:12,2022
10495,32,仪器仪表制造业,负债总额均值,万元,99052.2520380786,12/9/2025 10:47:10,16/9/2025 10:08:12,2022
10496,32,仪器仪表制造业,负债总额度最大值,千万元,810.3409814,12/9/2025 10:47:10,16/9/2025 10:08:12,2022
10497,32,仪器仪表制造业,负债总额度最小值,元,30626444.6,12/9/2025 10:47:10,16/9/2025 10:08:12,2022
10498,32,仪器仪表制造业,负债合计中位数,十万元,3763.324206,12/9/2025 10:47:10,16/9/2025 10:08:12,2022
10499,33,文化、体育和娱乐业,总负债合计,十万元,2701878.1394458,12/9/2025 10:47:10,16/9/2025 10:08:13,2022
10500,33,文化、体育和娱乐业,总负债金额均值,万元,307031.606755205,12/9/2025 10:47:10,16/9/2025 10:08:13,2022
10501,33,文化、体育和娱乐业,负债总额度最大值,元,19489870322,12/9/2025 10:47:11,16/9/2025 10:08:13,2022
10502,33,文化、体育和娱乐业,总负债最小值,十万元,0.0653011,12/9/2025 10:47:11,16/9/2025 10:08:13,2022
10503,33,文化、体育和娱乐业,负债合计中位数,千万元,164.00880615699998,12/9/2025 10:47:11,16/9/2025 10:08:13,2022
10504,34,农、林、牧、渔业,总负债合计,百万元,323368.07534434,12/9/2025 10:47:11,16/9/2025 10:08:13,2022
10505,34,农、林、牧、渔业,负债合计均值,万元,646736.15068868,12/9/2025 10:47:11,16/9/2025 10:08:13,2022
10506,34,农、林、牧、渔业,总负债最大值,十万元,1048772.1304391,12/9/2025 10:47:11,16/9/2025 10:08:13,2022
10507,34,农、林、牧、渔业,负债总额最小值,千万元,14.715809562999999,12/9/2025 10:47:11,16/9/2025 10:08:13,2022
10508,34,农、林、牧、渔业,总负债金额中位数,万元,184634.9051,12/9/2025 10:47:11,16/9/2025 10:08:13,2022
10509,35,卫生和社会工作,总负债合计,千万元,8017.3117943550005,12/9/2025 10:47:11,16/9/2025 10:08:13,2022
10510,35,卫生和社会工作,负债总额度均值,十万元,27645.9027391552,12/9/2025 10:47:11,16/9/2025 10:08:13,2022
10511,35,卫生和社会工作,总负债最大值,百万元,11553.902282219999,12/9/2025 10:47:11,16/9/2025 10:08:14,2022
10512,35,卫生和社会工作,负债总额最小值,万元,7854.99887,12/9/2025 10:47:11,16/9/2025 10:08:14,2022
10513,35,卫生和社会工作,总负债金额中位数,万元,145658.9854,12/9/2025 10:47:11,16/9/2025 10:08:14,2022
10514,36,造纸和纸制品业,总负债合计,元,386869106927.13,12/9/2025 10:47:12,16/9/2025 10:08:14,2022
10515,36,造纸和纸制品业,总负债金额均值,万元,758566.8763277059,12/9/2025 10:47:12,16/9/2025 10:08:14,2022
10516,36,造纸和纸制品业,负债总额最大值,万元,6057279.484,12/9/2025 10:47:12,16/9/2025 10:08:14,2022
10517,36,造纸和纸制品业,负债总额度最小值,十万元,839.6442109000001,12/9/2025 10:47:12,16/9/2025 10:08:14,2022
10518,36,造纸和纸制品业,总负债中位数,元,1150664126,12/9/2025 10:47:12,16/9/2025 10:08:14,2022
10519,37,住宿和餐饮业,总负债合计,万元,35318773.796477005,12/9/2025 10:47:12,16/9/2025 10:08:14,2022
10520,37,住宿和餐饮业,总负债金额均值,千万元,1009.1078227564899,12/9/2025 10:47:12,16/9/2025 10:08:15,2022
10521,37,住宿和餐饮业,总负债最大值,十万元,646281.7929,12/9/2025 10:47:13,16/9/2025 10:08:15,2022
10522,37,住宿和餐饮业,总负债最小值,元,10224525.27,12/9/2025 10:47:13,16/9/2025 10:08:15,2022
10523,37,住宿和餐饮业,负债总额度中位数,万元,177517.4004,12/9/2025 10:47:13,16/9/2025 10:08:15,2022
10524,38,家具制造业,总负债合计,万元,10626350.739806,12/9/2025 10:47:13,16/9/2025 10:08:15,2022
10525,38,家具制造业,总负债均值,千万元,247.124435809442,12/9/2025 10:47:13,16/9/2025 10:08:15,2022
10526,38,家具制造业,总负债最大值,万元,1209729.085,12/9/2025 10:47:13,16/9/2025 10:08:15,2022
10527,38,家具制造业,负债总额度最小值,十万元,330.778118,12/9/2025 10:47:13,16/9/2025 10:08:15,2022
10528,38,家具制造业,总负债金额中位数,元,1338209930,12/9/2025 10:47:13,16/9/2025 10:08:15,2022
10529,39,印刷和记录媒介复制业,总负债合计,千万元,4105.670820662001,12/9/2025 10:47:13,16/9/2025 10:08:15,2022
10530,39,印刷和记录媒介复制业,负债总额度均值,十万元,12441.4267292788,12/9/2025 10:47:13,16/9/2025 10:08:16,2022
10531,39,印刷和记录媒介复制业,总负债最大值,万元,1477210.596,12/9/2025 10:47:14,16/9/2025 10:08:16,2022
10532,39,印刷和记录媒介复制业,总负债金额最小值,十万元,8.23028,12/9/2025 10:47:14,16/9/2025 10:08:16,2022
10533,39,印刷和记录媒介复制业,总负债中位数,十万元,4949.906978399999,12/9/2025 10:47:14,16/9/2025 10:08:16,2022
10534,41,文教、工美、体育和娱乐用品制造业,总负债合计,元,60777734758,12/9/2025 10:47:14,16/9/2025 10:08:16,2022
10535,41,文教、工美、体育和娱乐用品制造业,负债总额度均值,元,1558403455.33282,12/9/2025 10:47:14,16/9/2025 10:08:16,2022
10536,41,文教、工美、体育和娱乐用品制造业,负债总额最大值,万元,1402331.291,12/9/2025 10:47:14,16/9/2025 10:08:16,2022
10537,41,文教、工美、体育和娱乐用品制造业,总负债最小值,万元,2710.344676,12/9/2025 10:47:14,16/9/2025 10:08:16,2022
10538,41,文教、工美、体育和娱乐用品制造业,总负债中位数,元,541122862.5,12/9/2025 10:47:14,16/9/2025 10:08:16,2022
10544,43,化学纤维制造业,总负债合计,十万元,8203608.082544399,12/9/2025 10:47:15,16/9/2025 10:08:17,2022
10545,43,化学纤维制造业,负债合计均值,千万元,2412.82590663071,12/9/2025 10:47:15,16/9/2025 10:08:17,2022
10546,43,化学纤维制造业,负债总额度最大值,百万元,265421.61545332003,12/9/2025 10:47:15,16/9/2025 10:08:18,2022
10547,43,化学纤维制造业,总负债最小值,千万元,13.40624815,12/9/2025 10:47:15,16/9/2025 10:08:18,2022
10548,43,化学纤维制造业,总负债金额中位数,十万元,21374.60101,12/9/2025 10:47:15,16/9/2025 10:08:18,2022
10554,45,石油加工、炼焦和核燃料加工业,总负债合计,十万元,1325498.424,12/9/2025 10:47:16,16/9/2025 10:08:19,2022
10555,45,石油加工、炼焦和核燃料加工业,总负债金额均值,百万元,6311.89725545714,12/9/2025 10:47:17,16/9/2025 10:08:19,2022
10556,45,石油加工、炼焦和核燃料加工业,总负债最大值,千万元,2002.327122,12/9/2025 10:47:17,16/9/2025 10:08:19,2022
10557,45,石油加工、炼焦和核燃料加工业,负债总额最小值,百万元,33.20449629,12/9/2025 10:47:17,16/9/2025 10:08:19,2022
10558,45,石油加工、炼焦和核燃料加工业,总负债中位数,十万元,48087.125903500004,12/9/2025 10:47:17,16/9/2025 10:08:19,2022
10559,46,废弃资源综合利用业,总负债合计,元,175721965092.76,12/9/2025 10:47:17,16/9/2025 10:08:19,2022
10560,46,废弃资源综合利用业,总负债金额均值,元,6508220929.36148,12/9/2025 10:47:17,16/9/2025 10:08:19,2022
10561,46,废弃资源综合利用业,负债总额最大值,万元,2820740.742,12/9/2025 10:47:17,16/9/2025 10:08:19,2022
10562,46,废弃资源综合利用业,总负债最小值,元,46813291.5,12/9/2025 10:47:17,16/9/2025 10:08:19,2022
10563,46,废弃资源综合利用业,负债合计中位数,万元,179529.0227,12/9/2025 10:47:18,16/9/2025 10:08:19,2022
10564,47,木材加工和木、竹、藤、棕、草制品业,总负债合计,千万元,1707.1832190799998,12/9/2025 10:47:18,16/9/2025 10:08:20,2022
10565,47,木材加工和木、竹、藤、棕、草制品业,负债总额度均值,千万元,155.198474461818,12/9/2025 10:47:18,16/9/2025 10:08:20,2022
10566,47,木材加工和木、竹、藤、棕、草制品业,负债总额最大值,元,3463672857,12/9/2025 10:47:18,16/9/2025 10:08:20,2022
10567,47,木材加工和木、竹、藤、棕、草制品业,负债总额最小值,十万元,1220.09794,12/9/2025 10:47:18,16/9/2025 10:08:20,2022
10568,47,木材加工和木、竹、藤、棕、草制品业,总负债中位数,百万元,1320.1773308900001,12/9/2025 10:47:18,16/9/2025 10:08:20,2022
10569,48,居民服务、修理和其他服务业,总负债合计,百万元,2204.8404523000004,12/9/2025 10:47:19,16/9/2025 10:08:20,2022
10570,48,居民服务、修理和其他服务业,负债总额均值,元,551210113.1,12/9/2025 10:47:19,16/9/2025 10:08:20,2022
10571,48,居民服务、修理和其他服务业,总负债最大值,千万元,170.1880353,12/9/2025 10:47:19,16/9/2025 10:08:21,2022
10572,48,居民服务、修理和其他服务业,总负债最小值,元,69291305.3,12/9/2025 10:47:19,16/9/2025 10:08:21,2022
10573,48,居民服务、修理和其他服务业,总负债金额中位数,百万元,216.834397,12/9/2025 10:47:19,16/9/2025 10:08:21,2022
10574,0,全行业,总负债合计,万元,56518958807.5469,12/9/2025 10:47:20,5/11/2025 08:56:03,2022
10575,0,全行业,负债总额度均值,元,81970933731.0325,12/9/2025 10:47:20,5/11/2025 08:56:03,2022
10576,0,全行业,负债总额最大值,十万元,360958313.31341,12/9/2025 10:47:20,5/11/2025 08:56:03,2022
10577,0,全行业,负债总额最小值,元,-2.73451E+11,12/9/2025 10:47:20,5/11/2025 08:56:03,2022
10578,0,全行业,负债合计中位数,千万元,141.0945175,12/9/2025 10:47:20,5/11/2025 08:56:03,2022
10579,1,医药制造业,累计所有专利被引用数合计,件,302095,12/9/2025 10:47:21,16/9/2025 10:08:22,2022
10580,1,医药制造业,累计所有专利被引用数均值,件,729.69806763285,12/9/2025 10:47:21,16/9/2025 10:08:22,2022
10581,1,医药制造业,累计所有专利被引用数最大值,件,12094,12/9/2025 10:47:21,16/9/2025 10:08:22,2022
10582,1,医药制造业,累计所有专利被引用数最小值,件,1,12/9/2025 10:47:21,16/9/2025 10:08:22,2022
10583,1,医药制造业,累计所有专利被引用数中位数,件,348,12/9/2025 10:47:21,16/9/2025 10:08:22,2022
10584,2,化学原料和化学制品制造业,累计所有专利被引用数合计,件,315353,12/9/2025 10:47:21,16/9/2025 10:08:23,2022
10585,2,化学原料和化学制品制造业,累计所有专利被引用数均值,件,893.351274787535,12/9/2025 10:47:21,16/9/2025 10:08:23,2022
10586,2,化学原料和化学制品制造业,累计所有专利被引用数最大值,件,14943,12/9/2025 10:47:21,16/9/2025 10:08:23,2022
10587,2,化学原料和化学制品制造业,累计所有专利被引用数最小值,件,1,12/9/2025 10:47:21,16/9/2025 10:08:23,2022
10588,2,化学原料和化学制品制造业,累计所有专利被引用数中位数,件,417,12/9/2025 10:47:21,16/9/2025 10:08:23,2022
10589,3,信息传输、软件和信息技术服务业,累计所有专利被引用数合计,件,1811822,12/9/2025 10:47:22,16/9/2025 10:08:24,2022
10590,3,信息传输、软件和信息技术服务业,累计所有专利被引用数均值,件,3258.6726618705,12/9/2025 10:47:22,16/9/2025 10:08:24,2022
10591,3,信息传输、软件和信息技术服务业,累计所有专利被引用数最大值,件,254837,12/9/2025 10:47:22,16/9/2025 10:08:24,2022
10592,3,信息传输、软件和信息技术服务业,累计所有专利被引用数最小值,件,1,12/9/2025 10:47:22,16/9/2025 10:08:24,2022
10593,3,信息传输、软件和信息技术服务业,累计所有专利被引用数中位数,件,340.5,12/9/2025 10:47:22,16/9/2025 10:08:24,2022
10594,4,房地产业,累计所有专利被引用数合计,件,33363,12/9/2025 10:47:22,16/9/2025 10:08:25,2022
10595,4,房地产业,累计所有专利被引用数均值,件,337,12/9/2025 10:47:22,16/9/2025 10:08:25,2022
10596,4,房地产业,累计所有专利被引用数最大值,件,6946,12/9/2025 10:47:22,16/9/2025 10:08:25,2022
10597,4,房地产业,累计所有专利被引用数最小值,件,1,12/9/2025 10:47:22,16/9/2025 10:08:25,2022
10598,4,房地产业,累计所有专利被引用数中位数,件,63,12/9/2025 10:47:22,16/9/2025 10:08:25,2022
10599,5,专用设备制造业,累计所有专利被引用数合计,件,738450,12/9/2025 10:47:22,16/9/2025 10:08:25,2022
10600,5,专用设备制造业,累计所有专利被引用数均值,件,1729.39110070258,12/9/2025 10:47:22,16/9/2025 10:08:26,2022
10601,5,专用设备制造业,累计所有专利被引用数最大值,件,30663,12/9/2025 10:47:23,16/9/2025 10:08:26,2022
10602,5,专用设备制造业,累计所有专利被引用数最小值,件,3,12/9/2025 10:47:23,16/9/2025 10:08:26,2022
10603,5,专用设备制造业,累计所有专利被引用数中位数,件,646,12/9/2025 10:47:23,16/9/2025 10:08:26,2022
10604,6,消费电子及电气业,累计所有专利被引用数合计,件,2603520,12/9/2025 10:47:23,16/9/2025 10:08:26,2022
10605,6,消费电子及电气业,累计所有专利被引用数均值,件,7889.45454545455,12/9/2025 10:47:23,16/9/2025 10:08:26,2022
10606,6,消费电子及电气业,累计所有专利被引用数最大值,件,377743,12/9/2025 10:47:23,16/9/2025 10:08:26,2022
10607,6,消费电子及电气业,累计所有专利被引用数最小值,件,6,12/9/2025 10:47:23,16/9/2025 10:08:27,2022
10608,6,消费电子及电气业,累计所有专利被引用数中位数,件,673,12/9/2025 10:47:23,16/9/2025 10:08:27,2022
10609,7,金融业,累计所有专利被引用数合计,件,266294,12/9/2025 10:47:23,16/9/2025 10:08:27,2022
10610,7,金融业,累计所有专利被引用数均值,件,1718.02580645161,12/9/2025 10:47:24,16/9/2025 10:08:27,2022
10611,7,金融业,累计所有专利被引用数最大值,件,139528,12/9/2025 10:47:24,16/9/2025 10:08:27,2022
10612,7,金融业,累计所有专利被引用数最小值,件,1,12/9/2025 10:47:24,16/9/2025 10:08:27,2022
10613,7,金融业,累计所有专利被引用数中位数,件,85,12/9/2025 10:47:24,16/9/2025 10:08:27,2022
10614,8,商业电气机械和器材制造业,累计所有专利被引用数合计,件,646295,12/9/2025 10:47:24,16/9/2025 10:08:27,2022
10615,8,商业电气机械和器材制造业,累计所有专利被引用数均值,件,2119,12/9/2025 10:47:24,16/9/2025 10:08:27,2022
10616,8,商业电气机械和器材制造业,累计所有专利被引用数最大值,件,64088,12/9/2025 10:47:24,16/9/2025 10:08:27,2022
10617,8,商业电气机械和器材制造业,累计所有专利被引用数最小值,件,1,12/9/2025 10:47:24,16/9/2025 10:08:27,2022
10618,8,商业电气机械和器材制造业,累计所有专利被引用数中位数,件,725,12/9/2025 10:47:24,16/9/2025 10:08:27,2022
10619,9,批发和零售业,累计所有专利被引用数合计,件,49291,12/9/2025 10:47:25,16/9/2025 10:08:28,2022
10620,9,批发和零售业,累计所有专利被引用数均值,件,328.606666666667,12/9/2025 10:47:25,16/9/2025 10:08:28,2022
10621,9,批发和零售业,累计所有专利被引用数最大值,件,5683,12/9/2025 10:47:25,16/9/2025 10:08:28,2022
10622,9,批发和零售业,累计所有专利被引用数最小值,件,1,12/9/2025 10:47:25,16/9/2025 10:08:28,2022
10623,9,批发和零售业,累计所有专利被引用数中位数,件,66.5,12/9/2025 10:47:25,16/9/2025 10:08:28,2022
10624,10,食品饮料业,累计所有专利被引用数合计,件,109586,12/9/2025 10:47:25,16/9/2025 10:08:28,2022
10625,10,食品饮料业,累计所有专利被引用数均值,件,495.864253393665,12/9/2025 10:47:25,16/9/2025 10:08:28,2022
10626,10,食品饮料业,累计所有专利被引用数最大值,件,8481,12/9/2025 10:47:25,16/9/2025 10:08:28,2022
10627,10,食品饮料业,累计所有专利被引用数最小值,件,1,12/9/2025 10:47:25,16/9/2025 10:08:28,2022
10628,10,食品饮料业,累计所有专利被引用数中位数,件,181,12/9/2025 10:47:25,16/9/2025 10:08:28,2022
10634,12,汽车制造业,累计所有专利被引用数合计,件,869549,12/9/2025 10:47:26,16/9/2025 10:08:29,2022
10635,12,汽车制造业,累计所有专利被引用数均值,件,3864.66222222222,12/9/2025 10:47:26,16/9/2025 10:08:29,2022
10636,12,汽车制造业,累计所有专利被引用数最大值,件,113557,12/9/2025 10:47:26,16/9/2025 10:08:29,2022
10637,12,汽车制造业,累计所有专利被引用数最小值,件,1,12/9/2025 10:47:26,16/9/2025 10:08:29,2022
10638,12,汽车制造业,累计所有专利被引用数中位数,件,638,12/9/2025 10:47:26,16/9/2025 10:08:29,2022
10639,13,电力、热力、燃气及水生产和供应业,累计所有专利被引用数合计,件,95234,12/9/2025 10:47:27,16/9/2025 10:08:29,2022
10640,13,电力、热力、燃气及水生产和供应业,累计所有专利被引用数均值,件,630.688741721854,12/9/2025 10:47:27,16/9/2025 10:08:30,2022
10641,13,电力、热力、燃气及水生产和供应业,累计所有专利被引用数最大值,件,8790,12/9/2025 10:47:27,16/9/2025 10:08:30,2022
10642,13,电力、热力、燃气及水生产和供应业,累计所有专利被引用数最小值,件,1,12/9/2025 10:47:27,16/9/2025 10:08:30,2022
10643,13,电力、热力、燃气及水生产和供应业,累计所有专利被引用数中位数,件,165,12/9/2025 10:47:27,16/9/2025 10:08:30,2022
10644,14,采矿业,累计所有专利被引用数合计,件,861749,12/9/2025 10:47:28,16/9/2025 10:08:30,2022
10645,14,采矿业,累计所有专利被引用数均值,件,8286.04807692308,12/9/2025 10:47:28,16/9/2025 10:08:30,2022
10646,14,采矿业,累计所有专利被引用数最大值,件,195455,12/9/2025 10:47:28,16/9/2025 10:08:30,2022
10647,14,采矿业,累计所有专利被引用数最小值,件,2,12/9/2025 10:47:28,16/9/2025 10:08:30,2022
10648,14,采矿业,累计所有专利被引用数中位数,件,525.5,12/9/2025 10:47:28,16/9/2025 10:08:30,2022
10649,15,纺织鞋服业,累计所有专利被引用数合计,件,51689,12/9/2025 10:47:29,16/9/2025 10:08:31,2022
10650,15,纺织鞋服业,累计所有专利被引用数均值,件,394.572519083969,12/9/2025 10:47:29,16/9/2025 10:08:31,2022
10651,15,纺织鞋服业,累计所有专利被引用数最大值,件,7628,12/9/2025 10:47:29,16/9/2025 10:08:31,2022
10652,15,纺织鞋服业,累计所有专利被引用数最小值,件,2,12/9/2025 10:47:29,16/9/2025 10:08:31,2022
10653,15,纺织鞋服业,累计所有专利被引用数中位数,件,241,12/9/2025 10:47:29,16/9/2025 10:08:31,2022
10654,16,建筑业,累计所有专利被引用数合计,件,392529,12/9/2025 10:47:30,16/9/2025 10:08:31,2022
10655,16,建筑业,累计所有专利被引用数均值,件,3244.04132231405,12/9/2025 10:47:30,16/9/2025 10:08:31,2022
10656,16,建筑业,累计所有专利被引用数最大值,件,67199,12/9/2025 10:47:30,16/9/2025 10:08:31,2022
10657,16,建筑业,累计所有专利被引用数最小值,件,4,12/9/2025 10:47:30,16/9/2025 10:08:31,2022
10658,16,建筑业,累计所有专利被引用数中位数,件,552,12/9/2025 10:47:30,16/9/2025 10:08:31,2022
10659,17,交通运输、仓储和邮政业,累计所有专利被引用数合计,件,32174,12/9/2025 10:47:30,16/9/2025 10:08:32,2022
10660,17,交通运输、仓储和邮政业,累计所有专利被引用数均值,件,259.467741935484,12/9/2025 10:47:31,16/9/2025 10:08:32,2022
10661,17,交通运输、仓储和邮政业,累计所有专利被引用数最大值,件,6704,12/9/2025 10:47:31,16/9/2025 10:08:32,2022
10662,17,交通运输、仓储和邮政业,累计所有专利被引用数最小值,件,1,12/9/2025 10:47:31,16/9/2025 10:08:32,2022
10663,17,交通运输、仓储和邮政业,累计所有专利被引用数中位数,件,41,12/9/2025 10:47:31,16/9/2025 10:08:32,2022
10664,18,通用设备制造业,累计所有专利被引用数合计,件,299639,12/9/2025 10:47:31,16/9/2025 10:08:32,2022
10665,18,通用设备制造业,累计所有专利被引用数均值,件,1433.67942583732,12/9/2025 10:47:31,16/9/2025 10:08:32,2022
10666,18,通用设备制造业,累计所有专利被引用数最大值,件,33470,12/9/2025 10:47:31,16/9/2025 10:08:33,2022
10667,18,通用设备制造业,累计所有专利被引用数最小值,件,32,12/9/2025 10:47:31,16/9/2025 10:08:33,2022
10668,18,通用设备制造业,累计所有专利被引用数中位数,件,615,12/9/2025 10:47:31,16/9/2025 10:08:33,2022
10669,19,半导体业,累计所有专利被引用数合计,件,833604,12/9/2025 10:47:32,16/9/2025 10:08:33,2022
10670,19,半导体业,累计所有专利被引用数均值,件,5210.025,12/9/2025 10:47:32,16/9/2025 10:08:33,2022
10671,19,半导体业,累计所有专利被引用数最大值,件,326577,12/9/2025 10:47:32,16/9/2025 10:08:33,2022
10672,19,半导体业,累计所有专利被引用数最小值,件,20,12/9/2025 10:47:32,16/9/2025 10:08:33,2022
10673,19,半导体业,累计所有专利被引用数中位数,件,670.5,12/9/2025 10:47:32,16/9/2025 10:08:33,2022
10674,20,租赁和商务服务业,累计所有专利被引用数合计,件,12306,12/9/2025 10:47:33,16/9/2025 10:08:33,2022
10675,20,租赁和商务服务业,累计所有专利被引用数均值,件,201.737704918033,12/9/2025 10:47:33,16/9/2025 10:08:33,2022
10676,20,租赁和商务服务业,累计所有专利被引用数最大值,件,3335,12/9/2025 10:47:33,16/9/2025 10:08:33,2022
10677,20,租赁和商务服务业,累计所有专利被引用数最小值,件,1,12/9/2025 10:47:33,16/9/2025 10:08:33,2022
10678,20,租赁和商务服务业,累计所有专利被引用数中位数,件,48,12/9/2025 10:47:33,16/9/2025 10:08:33,2022
10679,21,通信传输设备业,累计所有专利被引用数合计,件,2118188,12/9/2025 10:47:34,16/9/2025 10:08:34,2022
10680,21,通信传输设备业,累计所有专利被引用数均值,件,18104.1709401709,12/9/2025 10:47:34,16/9/2025 10:08:34,2022
10681,21,通信传输设备业,累计所有专利被引用数最大值,件,771138,12/9/2025 10:47:34,16/9/2025 10:08:34,2022
10682,21,通信传输设备业,累计所有专利被引用数最小值,件,28,12/9/2025 10:47:34,16/9/2025 10:08:34,2022
10683,21,通信传输设备业,累计所有专利被引用数中位数,件,821,12/9/2025 10:47:34,16/9/2025 10:08:34,2022
10684,22,非金属矿物制品业,累计所有专利被引用数合计,件,132967,12/9/2025 10:47:35,16/9/2025 10:08:34,2022
10685,22,非金属矿物制品业,累计所有专利被引用数均值,件,1176.69911504425,12/9/2025 10:47:35,16/9/2025 10:08:34,2022
10686,22,非金属矿物制品业,累计所有专利被引用数最大值,件,13052,12/9/2025 10:47:35,16/9/2025 10:08:34,2022
10687,22,非金属矿物制品业,累计所有专利被引用数最小值,件,1,12/9/2025 10:47:35,16/9/2025 10:08:34,2022
10688,22,非金属矿物制品业,累计所有专利被引用数中位数,件,404,12/9/2025 10:47:35,16/9/2025 10:08:34,2022
10689,23,橡胶和塑料制品业,累计所有专利被引用数合计,件,120358,12/9/2025 10:47:35,16/9/2025 10:08:35,2022
10690,23,橡胶和塑料制品业,累计所有专利被引用数均值,件,1124.84112149533,12/9/2025 10:47:35,16/9/2025 10:08:35,2022
10691,23,橡胶和塑料制品业,累计所有专利被引用数最大值,件,28620,12/9/2025 10:47:35,16/9/2025 10:08:35,2022
10692,23,橡胶和塑料制品业,累计所有专利被引用数最小值,件,18,12/9/2025 10:47:35,16/9/2025 10:08:35,2022
10693,23,橡胶和塑料制品业,累计所有专利被引用数中位数,件,423,12/9/2025 10:47:35,16/9/2025 10:08:35,2022
10694,24,综合,累计所有专利被引用数合计,件,10971,12/9/2025 10:47:36,16/9/2025 10:08:35,2022
10695,24,综合,累计所有专利被引用数均值,件,914.25,12/9/2025 10:47:36,16/9/2025 10:08:35,2022
10696,24,综合,累计所有专利被引用数最大值,件,3611,12/9/2025 10:47:36,16/9/2025 10:08:35,2022
10697,24,综合,累计所有专利被引用数最小值,件,127,12/9/2025 10:47:36,16/9/2025 10:08:35,2022
10698,24,综合,累计所有专利被引用数中位数,件,295.5,12/9/2025 10:47:36,16/9/2025 10:08:35,2022
10699,25,其他制造业,累计所有专利被引用数合计,件,39374,12/9/2025 10:47:36,16/9/2025 10:08:36,2022
10700,25,其他制造业,累计所有专利被引用数均值,件,915.674418604651,12/9/2025 10:47:36,16/9/2025 10:08:36,2022
10701,25,其他制造业,累计所有专利被引用数最大值,件,7069,12/9/2025 10:47:36,16/9/2025 10:08:36,2022
10702,25,其他制造业,累计所有专利被引用数最小值,件,55,12/9/2025 10:47:37,16/9/2025 10:08:36,2022
10703,25,其他制造业,累计所有专利被引用数中位数,件,335,12/9/2025 10:47:37,16/9/2025 10:08:36,2022
10704,26,金属制品业,累计所有专利被引用数合计,件,131118,12/9/2025 10:47:37,16/9/2025 10:08:36,2022
10705,26,金属制品业,累计所有专利被引用数均值,件,1225.40186915888,12/9/2025 10:47:37,16/9/2025 10:08:36,2022
10706,26,金属制品业,累计所有专利被引用数最大值,件,23799,12/9/2025 10:47:37,16/9/2025 10:08:36,2022
10707,26,金属制品业,累计所有专利被引用数最小值,件,31,12/9/2025 10:47:37,16/9/2025 10:08:36,2022
10708,26,金属制品业,累计所有专利被引用数中位数,件,484,12/9/2025 10:47:37,16/9/2025 10:08:36,2022
10709,27,铁路、船舶、航空航天和其他运输设备制造业,累计所有专利被引用数合计,件,436317,12/9/2025 10:47:38,16/9/2025 10:08:37,2022
10710,27,铁路、船舶、航空航天和其他运输设备制造业,累计所有专利被引用数均值,件,4498.11340206186,12/9/2025 10:47:38,16/9/2025 10:08:37,2022
10711,27,铁路、船舶、航空航天和其他运输设备制造业,累计所有专利被引用数最大值,件,92495,12/9/2025 10:47:38,16/9/2025 10:08:37,2022
10712,27,铁路、船舶、航空航天和其他运输设备制造业,累计所有专利被引用数最小值,件,10,12/9/2025 10:47:38,16/9/2025 10:08:37,2022
10713,27,铁路、船舶、航空航天和其他运输设备制造业,累计所有专利被引用数中位数,件,678,12/9/2025 10:47:38,16/9/2025 10:08:37,2022
10714,28,水利、环境和公共设施管理业,累计所有专利被引用数合计,件,61686,12/9/2025 10:47:38,16/9/2025 10:08:37,2022
10715,28,水利、环境和公共设施管理业,累计所有专利被引用数均值,件,670.5,12/9/2025 10:47:38,16/9/2025 10:08:37,2022
10716,28,水利、环境和公共设施管理业,累计所有专利被引用数最大值,件,4613,12/9/2025 10:47:38,16/9/2025 10:08:37,2022
10717,28,水利、环境和公共设施管理业,累计所有专利被引用数最小值,件,4,12/9/2025 10:47:38,16/9/2025 10:08:37,2022
10718,28,水利、环境和公共设施管理业,累计所有专利被引用数中位数,件,401.5,12/9/2025 10:47:39,16/9/2025 10:08:37,2022
10719,29,金属冶炼和压延加工业,累计所有专利被引用数合计,件,368247,12/9/2025 10:47:39,16/9/2025 10:08:38,2022
10720,29,金属冶炼和压延加工业,累计所有专利被引用数均值,件,2687.93430656934,12/9/2025 10:47:39,16/9/2025 10:08:38,2022
10721,29,金属冶炼和压延加工业,累计所有专利被引用数最大值,件,87826,12/9/2025 10:47:39,16/9/2025 10:08:38,2022
10722,29,金属冶炼和压延加工业,累计所有专利被引用数最小值,件,25,12/9/2025 10:47:39,16/9/2025 10:08:38,2022
10723,29,金属冶炼和压延加工业,累计所有专利被引用数中位数,件,654,12/9/2025 10:47:39,16/9/2025 10:08:38,2022
10724,30,科学研究和技术服务业,累计所有专利被引用数合计,件,96530,12/9/2025 10:47:39,16/9/2025 10:08:38,2022
10725,30,科学研究和技术服务业,累计所有专利被引用数均值,件,791.229508196721,12/9/2025 10:47:39,16/9/2025 10:08:38,2022
10726,30,科学研究和技术服务业,累计所有专利被引用数最大值,件,9640,12/9/2025 10:47:39,16/9/2025 10:08:38,2022
10727,30,科学研究和技术服务业,累计所有专利被引用数最小值,件,5,12/9/2025 10:47:39,16/9/2025 10:08:38,2022
10728,30,科学研究和技术服务业,累计所有专利被引用数中位数,件,265,12/9/2025 10:47:40,16/9/2025 10:08:38,2022
10729,31,教育,累计所有专利被引用数合计,件,7039,12/9/2025 10:47:40,16/9/2025 10:08:39,2022
10730,31,教育,累计所有专利被引用数均值,件,335.190476190476,12/9/2025 10:47:40,16/9/2025 10:08:39,2022
10731,31,教育,累计所有专利被引用数最大值,件,2292,12/9/2025 10:47:40,16/9/2025 10:08:39,2022
10732,31,教育,累计所有专利被引用数最小值,件,2,12/9/2025 10:47:40,16/9/2025 10:08:39,2022
10733,31,教育,累计所有专利被引用数中位数,件,56,12/9/2025 10:47:40,16/9/2025 10:08:39,2022
10734,32,仪器仪表制造业,累计所有专利被引用数合计,件,85051,12/9/2025 10:47:40,16/9/2025 10:08:39,2022
10735,32,仪器仪表制造业,累计所有专利被引用数均值,件,966.488636363636,12/9/2025 10:47:40,16/9/2025 10:08:39,2022
10736,32,仪器仪表制造业,累计所有专利被引用数最大值,件,6296,12/9/2025 10:47:40,16/9/2025 10:08:39,2022
10737,32,仪器仪表制造业,累计所有专利被引用数最小值,件,12,12/9/2025 10:47:40,16/9/2025 10:08:39,2022
10738,32,仪器仪表制造业,累计所有专利被引用数中位数,件,632.5,12/9/2025 10:47:40,16/9/2025 10:08:39,2022
10739,33,文化、体育和娱乐业,累计所有专利被引用数合计,件,7030,12/9/2025 10:47:41,16/9/2025 10:08:39,2022
10740,33,文化、体育和娱乐业,累计所有专利被引用数均值,件,125.535714285714,12/9/2025 10:47:41,16/9/2025 10:08:39,2022
10741,33,文化、体育和娱乐业,累计所有专利被引用数最大值,件,656,12/9/2025 10:47:41,16/9/2025 10:08:40,2022
10742,33,文化、体育和娱乐业,累计所有专利被引用数最小值,件,2,12/9/2025 10:47:41,16/9/2025 10:08:40,2022
10743,33,文化、体育和娱乐业,累计所有专利被引用数中位数,件,52.5,12/9/2025 10:47:41,16/9/2025 10:08:40,2022
10744,34,农、林、牧、渔业,累计所有专利被引用数合计,件,15458,12/9/2025 10:47:41,16/9/2025 10:08:40,2022
10745,34,农、林、牧、渔业,累计所有专利被引用数均值,件,328.893617021277,12/9/2025 10:47:41,16/9/2025 10:08:40,2022
10746,34,农、林、牧、渔业,累计所有专利被引用数最大值,件,2804,12/9/2025 10:47:41,16/9/2025 10:08:40,2022
10747,34,农、林、牧、渔业,累计所有专利被引用数最小值,件,10,12/9/2025 10:47:41,16/9/2025 10:08:40,2022
10748,34,农、林、牧、渔业,累计所有专利被引用数中位数,件,144,12/9/2025 10:47:41,16/9/2025 10:08:40,2022
10749,35,卫生和社会工作,累计所有专利被引用数合计,件,8814,12/9/2025 10:47:42,16/9/2025 10:08:40,2022
10750,35,卫生和社会工作,累计所有专利被引用数均值,件,518.470588235294,12/9/2025 10:47:42,16/9/2025 10:08:40,2022
10751,35,卫生和社会工作,累计所有专利被引用数最大值,件,4544,12/9/2025 10:47:42,16/9/2025 10:08:40,2022
10752,35,卫生和社会工作,累计所有专利被引用数最小值,件,2,12/9/2025 10:47:42,16/9/2025 10:08:40,2022
10753,35,卫生和社会工作,累计所有专利被引用数中位数,件,72,12/9/2025 10:47:42,16/9/2025 10:08:41,2022
10754,36,造纸和纸制品业,累计所有专利被引用数合计,件,18726,12/9/2025 10:47:42,16/9/2025 10:08:41,2022
10755,36,造纸和纸制品业,累计所有专利被引用数均值,件,398.425531914894,12/9/2025 10:47:42,16/9/2025 10:08:41,2022
10756,36,造纸和纸制品业,累计所有专利被引用数最大值,件,1685,12/9/2025 10:47:42,16/9/2025 10:08:41,2022
10757,36,造纸和纸制品业,累计所有专利被引用数最小值,件,1,12/9/2025 10:47:42,16/9/2025 10:08:41,2022
10758,36,造纸和纸制品业,累计所有专利被引用数中位数,件,268,12/9/2025 10:47:42,16/9/2025 10:08:41,2022
10759,37,住宿和餐饮业,累计所有专利被引用数合计,件,200,12/9/2025 10:47:42,16/9/2025 10:08:42,2022
10760,37,住宿和餐饮业,累计所有专利被引用数均值,件,25,12/9/2025 10:47:42,16/9/2025 10:08:42,2022
10761,37,住宿和餐饮业,累计所有专利被引用数最大值,件,156,12/9/2025 10:47:43,16/9/2025 10:08:42,2022
10762,37,住宿和餐饮业,累计所有专利被引用数最小值,件,1,12/9/2025 10:47:43,16/9/2025 10:08:42,2022
10763,37,住宿和餐饮业,累计所有专利被引用数中位数,件,4,12/9/2025 10:47:43,16/9/2025 10:08:42,2022
10764,38,家具制造业,累计所有专利被引用数合计,件,16791,12/9/2025 10:47:43,16/9/2025 10:08:42,2022
10765,38,家具制造业,累计所有专利被引用数均值,件,453.810810810811,12/9/2025 10:47:43,16/9/2025 10:08:42,2022
10766,38,家具制造业,累计所有专利被引用数最大值,件,1555,12/9/2025 10:47:43,16/9/2025 10:08:42,2022
10767,38,家具制造业,累计所有专利被引用数最小值,件,2,12/9/2025 10:47:43,16/9/2025 10:08:42,2022
10768,38,家具制造业,累计所有专利被引用数中位数,件,290,12/9/2025 10:47:43,16/9/2025 10:08:42,2022
10769,39,印刷和记录媒介复制业,累计所有专利被引用数合计,件,7527,12/9/2025 10:47:43,16/9/2025 10:08:43,2022
10770,39,印刷和记录媒介复制业,累计所有专利被引用数均值,件,313.625,12/9/2025 10:47:43,16/9/2025 10:08:43,2022
10771,39,印刷和记录媒介复制业,累计所有专利被引用数最大值,件,1447,12/9/2025 10:47:43,16/9/2025 10:08:43,2022
10772,39,印刷和记录媒介复制业,累计所有专利被引用数最小值,件,1,12/9/2025 10:47:43,16/9/2025 10:08:43,2022
10773,39,印刷和记录媒介复制业,累计所有专利被引用数中位数,件,261,12/9/2025 10:47:43,16/9/2025 10:08:43,2022
10774,41,文教、工美、体育和娱乐用品制造业,累计所有专利被引用数合计,件,15927,12/9/2025 10:47:44,16/9/2025 10:08:43,2022
10775,41,文教、工美、体育和娱乐用品制造业,累计所有专利被引用数均值,件,530.9,12/9/2025 10:47:44,16/9/2025 10:08:43,2022
10776,41,文教、工美、体育和娱乐用品制造业,累计所有专利被引用数最大值,件,6907,12/9/2025 10:47:44,16/9/2025 10:08:43,2022
10777,41,文教、工美、体育和娱乐用品制造业,累计所有专利被引用数最小值,件,4,12/9/2025 10:47:44,16/9/2025 10:08:43,2022
10778,41,文教、工美、体育和娱乐用品制造业,累计所有专利被引用数中位数,件,170,12/9/2025 10:47:44,16/9/2025 10:08:43,2022
10784,43,化学纤维制造业,累计所有专利被引用数合计,件,19845,12/9/2025 10:47:45,16/9/2025 10:08:44,2022
10785,43,化学纤维制造业,累计所有专利被引用数均值,件,583.676470588235,12/9/2025 10:47:45,16/9/2025 10:08:44,2022
10786,43,化学纤维制造业,累计所有专利被引用数最大值,件,2582,12/9/2025 10:47:45,16/9/2025 10:08:44,2022
10787,43,化学纤维制造业,累计所有专利被引用数最小值,件,31,12/9/2025 10:47:45,16/9/2025 10:08:44,2022
10788,43,化学纤维制造业,累计所有专利被引用数中位数,件,507.5,12/9/2025 10:47:45,16/9/2025 10:08:44,2022
10794,45,石油加工、炼焦和核燃料加工业,累计所有专利被引用数合计,件,8420,12/9/2025 10:47:46,16/9/2025 10:08:45,2022
10795,45,石油加工、炼焦和核燃料加工业,累计所有专利被引用数均值,件,495.294117647059,12/9/2025 10:47:46,16/9/2025 10:08:45,2022
10796,45,石油加工、炼焦和核燃料加工业,累计所有专利被引用数最大值,件,3466,12/9/2025 10:47:46,16/9/2025 10:08:45,2022
10797,45,石油加工、炼焦和核燃料加工业,累计所有专利被引用数最小值,件,32,12/9/2025 10:47:47,16/9/2025 10:08:45,2022
10798,45,石油加工、炼焦和核燃料加工业,累计所有专利被引用数中位数,件,228,12/9/2025 10:47:47,16/9/2025 10:08:45,2022
10799,46,废弃资源综合利用业,累计所有专利被引用数合计,件,20176,12/9/2025 10:47:47,16/9/2025 10:08:45,2022
10800,46,废弃资源综合利用业,累计所有专利被引用数均值,件,960.761904761905,12/9/2025 10:47:47,16/9/2025 10:08:45,2022
10801,46,废弃资源综合利用业,累计所有专利被引用数最大值,件,7906,12/9/2025 10:47:47,16/9/2025 10:08:45,2022
10802,46,废弃资源综合利用业,累计所有专利被引用数最小值,件,1,12/9/2025 10:47:47,16/9/2025 10:08:45,2022
10803,46,废弃资源综合利用业,累计所有专利被引用数中位数,件,209,12/9/2025 10:47:47,16/9/2025 10:08:45,2022
10804,47,木材加工和木、竹、藤、棕、草制品业,累计所有专利被引用数合计,件,5577,12/9/2025 10:47:47,16/9/2025 10:08:46,2022
10805,47,木材加工和木、竹、藤、棕、草制品业,累计所有专利被引用数均值,件,619.666666666667,12/9/2025 10:47:47,16/9/2025 10:08:46,2022
10806,47,木材加工和木、竹、藤、棕、草制品业,累计所有专利被引用数最大值,件,2021,12/9/2025 10:47:48,16/9/2025 10:08:46,2022
10807,47,木材加工和木、竹、藤、棕、草制品业,累计所有专利被引用数最小值,件,74,12/9/2025 10:47:48,16/9/2025 10:08:46,2022
10808,47,木材加工和木、竹、藤、棕、草制品业,累计所有专利被引用数中位数,件,382,12/9/2025 10:47:48,16/9/2025 10:08:46,2022
10809,48,居民服务、修理和其他服务业,累计所有专利被引用数合计,件,40,12/9/2025 10:47:48,16/9/2025 10:08:46,2022
10810,48,居民服务、修理和其他服务业,累计所有专利被引用数均值,件,40,12/9/2025 10:47:48,16/9/2025 10:08:46,2022
10811,48,居民服务、修理和其他服务业,累计所有专利被引用数最大值,件,40,12/9/2025 10:47:48,16/9/2025 10:08:46,2022
10812,48,居民服务、修理和其他服务业,累计所有专利被引用数最小值,件,40,12/9/2025 10:47:48,16/9/2025 10:08:46,2022
10813,48,居民服务、修理和其他服务业,累计所有专利被引用数中位数,件,40,12/9/2025 10:47:48,16/9/2025 10:08:46,2022
10814,0,全行业,累计所有专利被引用数合计,件,14076919,12/9/2025 10:47:49,5/11/2025 08:56:03,2022
10815,0,全行业,累计所有专利被引用数均值,件,2469.6349122807,12/9/2025 10:47:49,5/11/2025 08:56:03,2022
10816,0,全行业,累计所有专利被引用数最大值,件,771138,12/9/2025 10:47:49,5/11/2025 08:56:03,2022
10817,0,全行业,累计所有专利被引用数最小值,件,1,12/9/2025 10:47:49,5/11/2025 08:56:03,2022
10818,0,全行业,累计所有专利被引用数中位数,件,376,12/9/2025 10:47:49,5/11/2025 08:56:03,2022
10819,1,医药制造业,累计核心专利被引次数合计,件,0,12/9/2025 10:47:49,16/9/2025 10:08:47,2022
10820,1,医药制造业,累计核心专利被引次数均值,件,0,12/9/2025 10:47:50,16/9/2025 10:08:47,2022
10821,1,医药制造业,累计核心专利被引次数最大值,件,0,12/9/2025 10:47:50,16/9/2025 10:08:47,2022
10822,1,医药制造业,累计核心专利被引次数最小值,件,0,12/9/2025 10:47:50,16/9/2025 10:08:47,2022
10823,1,医药制造业,累计核心专利被引次数中位数,件,0,12/9/2025 10:47:50,16/9/2025 10:08:47,2022
10824,2,化学原料和化学制品制造业,累计核心专利被引次数合计,件,0,12/9/2025 10:47:50,16/9/2025 10:08:48,2022
10825,2,化学原料和化学制品制造业,累计核心专利被引次数均值,件,0,12/9/2025 10:47:50,16/9/2025 10:08:48,2022
10826,2,化学原料和化学制品制造业,累计核心专利被引次数最大值,件,0,12/9/2025 10:47:50,16/9/2025 10:08:48,2022
10827,2,化学原料和化学制品制造业,累计核心专利被引次数最小值,件,0,12/9/2025 10:47:50,16/9/2025 10:08:48,2022
10828,2,化学原料和化学制品制造业,累计核心专利被引次数中位数,件,0,12/9/2025 10:47:50,16/9/2025 10:08:48,2022
10829,3,信息传输、软件和信息技术服务业,累计核心专利被引次数合计,件,0,12/9/2025 10:47:51,16/9/2025 10:08:48,2022
10830,3,信息传输、软件和信息技术服务业,累计核心专利被引次数均值,件,0,12/9/2025 10:47:51,16/9/2025 10:08:48,2022
10831,3,信息传输、软件和信息技术服务业,累计核心专利被引次数最大值,件,0,12/9/2025 10:47:51,16/9/2025 10:08:48,2022
10832,3,信息传输、软件和信息技术服务业,累计核心专利被引次数最小值,件,0,12/9/2025 10:47:51,16/9/2025 10:08:48,2022
10833,3,信息传输、软件和信息技术服务业,累计核心专利被引次数中位数,件,0,12/9/2025 10:47:51,16/9/2025 10:08:48,2022
10834,4,房地产业,累计核心专利被引次数合计,件,0,12/9/2025 10:47:52,16/9/2025 10:08:49,2022
10835,4,房地产业,累计核心专利被引次数均值,件,0,12/9/2025 10:47:52,16/9/2025 10:08:49,2022
10836,4,房地产业,累计核心专利被引次数最大值,件,0,12/9/2025 10:47:52,16/9/2025 10:08:49,2022
10837,4,房地产业,累计核心专利被引次数最小值,件,0,12/9/2025 10:47:52,16/9/2025 10:08:49,2022
10838,4,房地产业,累计核心专利被引次数中位数,件,0,12/9/2025 10:47:52,16/9/2025 10:08:49,2022
10839,5,专用设备制造业,累计核心专利被引次数合计,件,0,12/9/2025 10:47:52,16/9/2025 10:08:49,2022
10840,5,专用设备制造业,累计核心专利被引次数均值,件,0,12/9/2025 10:47:52,16/9/2025 10:08:49,2022
10841,5,专用设备制造业,累计核心专利被引次数最大值,件,0,12/9/2025 10:47:52,16/9/2025 10:08:49,2022
10842,5,专用设备制造业,累计核心专利被引次数最小值,件,0,12/9/2025 10:47:52,16/9/2025 10:08:50,2022
10843,5,专用设备制造业,累计核心专利被引次数中位数,件,0,12/9/2025 10:47:53,16/9/2025 10:08:50,2022
10844,6,消费电子及电气业,累计核心专利被引次数合计,件,0,12/9/2025 10:47:53,16/9/2025 10:08:50,2022
10845,6,消费电子及电气业,累计核心专利被引次数均值,件,0,12/9/2025 10:47:53,16/9/2025 10:08:50,2022
10846,6,消费电子及电气业,累计核心专利被引次数最大值,件,0,12/9/2025 10:47:53,16/9/2025 10:08:50,2022
10847,6,消费电子及电气业,累计核心专利被引次数最小值,件,0,12/9/2025 10:47:53,16/9/2025 10:08:50,2022
10848,6,消费电子及电气业,累计核心专利被引次数中位数,件,0,12/9/2025 10:47:53,16/9/2025 10:08:50,2022
10849,7,金融业,累计核心专利被引次数合计,件,0,12/9/2025 10:47:53,16/9/2025 10:08:50,2022
10850,7,金融业,累计核心专利被引次数均值,件,0,12/9/2025 10:47:53,16/9/2025 10:08:50,2022
10851,7,金融业,累计核心专利被引次数最大值,件,0,12/9/2025 10:47:53,16/9/2025 10:08:50,2022
10852,7,金融业,累计核心专利被引次数最小值,件,0,12/9/2025 10:47:53,16/9/2025 10:08:50,2022
10853,7,金融业,累计核心专利被引次数中位数,件,0,12/9/2025 10:47:53,16/9/2025 10:08:51,2022
10854,8,商业电气机械和器材制造业,累计核心专利被引次数合计,件,0,12/9/2025 10:47:54,16/9/2025 10:08:51,2022
10855,8,商业电气机械和器材制造业,累计核心专利被引次数均值,件,0,12/9/2025 10:47:54,16/9/2025 10:08:51,2022
10856,8,商业电气机械和器材制造业,累计核心专利被引次数最大值,件,0,12/9/2025 10:47:54,16/9/2025 10:08:51,2022
10857,8,商业电气机械和器材制造业,累计核心专利被引次数最小值,件,0,12/9/2025 10:47:54,16/9/2025 10:08:51,2022
10858,8,商业电气机械和器材制造业,累计核心专利被引次数中位数,件,0,12/9/2025 10:47:54,16/9/2025 10:08:51,2022
10859,9,批发和零售业,累计核心专利被引次数合计,件,0,12/9/2025 10:47:54,16/9/2025 10:08:51,2022
10860,9,批发和零售业,累计核心专利被引次数均值,件,0,12/9/2025 10:47:54,16/9/2025 10:08:51,2022
10861,9,批发和零售业,累计核心专利被引次数最大值,件,0,12/9/2025 10:47:54,16/9/2025 10:08:51,2022
10862,9,批发和零售业,累计核心专利被引次数最小值,件,0,12/9/2025 10:47:54,16/9/2025 10:08:51,2022
10863,9,批发和零售业,累计核心专利被引次数中位数,件,0,12/9/2025 10:47:54,16/9/2025 10:08:51,2022
10864,10,食品饮料业,累计核心专利被引次数合计,件,0,12/9/2025 10:47:55,16/9/2025 10:08:52,2022
10865,10,食品饮料业,累计核心专利被引次数均值,件,0,12/9/2025 10:47:55,16/9/2025 10:08:52,2022
10866,10,食品饮料业,累计核心专利被引次数最大值,件,0,12/9/2025 10:47:55,16/9/2025 10:08:52,2022
10867,10,食品饮料业,累计核心专利被引次数最小值,件,0,12/9/2025 10:47:55,16/9/2025 10:08:52,2022
10868,10,食品饮料业,累计核心专利被引次数中位数,件,0,12/9/2025 10:47:55,16/9/2025 10:08:52,2022
10874,12,汽车制造业,累计核心专利被引次数合计,件,0,12/9/2025 10:47:55,16/9/2025 10:08:53,2022
10875,12,汽车制造业,累计核心专利被引次数均值,件,0,12/9/2025 10:47:55,16/9/2025 10:08:53,2022
10876,12,汽车制造业,累计核心专利被引次数最大值,件,0,12/9/2025 10:47:55,16/9/2025 10:08:53,2022
10877,12,汽车制造业,累计核心专利被引次数最小值,件,0,12/9/2025 10:47:56,16/9/2025 10:08:53,2022
10878,12,汽车制造业,累计核心专利被引次数中位数,件,0,12/9/2025 10:47:56,16/9/2025 10:08:53,2022
10879,13,电力、热力、燃气及水生产和供应业,累计核心专利被引次数合计,件,0,12/9/2025 10:47:56,16/9/2025 10:08:54,2022
10880,13,电力、热力、燃气及水生产和供应业,累计核心专利被引次数均值,件,0,12/9/2025 10:47:56,16/9/2025 10:08:54,2022
10881,13,电力、热力、燃气及水生产和供应业,累计核心专利被引次数最大值,件,0,12/9/2025 10:47:56,16/9/2025 10:08:54,2022
10882,13,电力、热力、燃气及水生产和供应业,累计核心专利被引次数最小值,件,0,12/9/2025 10:47:56,16/9/2025 10:08:54,2022
10883,13,电力、热力、燃气及水生产和供应业,累计核心专利被引次数中位数,件,0,12/9/2025 10:47:56,16/9/2025 10:08:54,2022
10884,14,采矿业,累计核心专利被引次数合计,件,0,12/9/2025 10:47:57,16/9/2025 10:08:54,2022
10885,14,采矿业,累计核心专利被引次数均值,件,0,12/9/2025 10:47:57,16/9/2025 10:08:54,2022
10886,14,采矿业,累计核心专利被引次数最大值,件,0,12/9/2025 10:47:57,16/9/2025 10:08:55,2022
10887,14,采矿业,累计核心专利被引次数最小值,件,0,12/9/2025 10:47:57,16/9/2025 10:08:55,2022
10888,14,采矿业,累计核心专利被引次数中位数,件,0,12/9/2025 10:47:57,16/9/2025 10:08:55,2022
10889,15,纺织鞋服业,累计核心专利被引次数合计,件,0,12/9/2025 10:47:57,16/9/2025 10:08:55,2022
10890,15,纺织鞋服业,累计核心专利被引次数均值,件,0,12/9/2025 10:47:57,16/9/2025 10:08:55,2022
10891,15,纺织鞋服业,累计核心专利被引次数最大值,件,0,12/9/2025 10:47:57,16/9/2025 10:08:55,2022
10892,15,纺织鞋服业,累计核心专利被引次数最小值,件,0,12/9/2025 10:47:57,16/9/2025 10:08:55,2022
10893,15,纺织鞋服业,累计核心专利被引次数中位数,件,0,12/9/2025 10:47:57,16/9/2025 10:08:56,2022
10894,16,建筑业,累计核心专利被引次数合计,件,0,12/9/2025 10:47:58,16/9/2025 10:08:56,2022
10895,16,建筑业,累计核心专利被引次数均值,件,0,12/9/2025 10:47:58,16/9/2025 10:08:56,2022
10896,16,建筑业,累计核心专利被引次数最大值,件,0,12/9/2025 10:47:58,16/9/2025 10:08:56,2022
10897,16,建筑业,累计核心专利被引次数最小值,件,0,12/9/2025 10:47:58,16/9/2025 10:08:56,2022
10898,16,建筑业,累计核心专利被引次数中位数,件,0,12/9/2025 10:47:58,16/9/2025 10:08:56,2022
10899,17,交通运输、仓储和邮政业,累计核心专利被引次数合计,件,0,12/9/2025 10:47:58,16/9/2025 10:08:57,2022
10900,17,交通运输、仓储和邮政业,累计核心专利被引次数均值,件,0,12/9/2025 10:47:58,16/9/2025 10:08:57,2022
10901,17,交通运输、仓储和邮政业,累计核心专利被引次数最大值,件,0,12/9/2025 10:47:58,16/9/2025 10:08:57,2022
10902,17,交通运输、仓储和邮政业,累计核心专利被引次数最小值,件,0,12/9/2025 10:47:58,16/9/2025 10:08:57,2022
10903,17,交通运输、仓储和邮政业,累计核心专利被引次数中位数,件,0,12/9/2025 10:47:58,16/9/2025 10:08:57,2022
10904,18,通用设备制造业,累计核心专利被引次数合计,件,0,12/9/2025 10:47:59,16/9/2025 10:08:58,2022
10905,18,通用设备制造业,累计核心专利被引次数均值,件,0,12/9/2025 10:47:59,16/9/2025 10:08:58,2022
10906,18,通用设备制造业,累计核心专利被引次数最大值,件,0,12/9/2025 10:47:59,16/9/2025 10:08:58,2022
10907,18,通用设备制造业,累计核心专利被引次数最小值,件,0,12/9/2025 10:47:59,16/9/2025 10:08:58,2022
10908,18,通用设备制造业,累计核心专利被引次数中位数,件,0,12/9/2025 10:47:59,16/9/2025 10:08:58,2022
10909,19,半导体业,累计核心专利被引次数合计,件,0,12/9/2025 10:48:00,16/9/2025 10:08:59,2022
10910,19,半导体业,累计核心专利被引次数均值,件,0,12/9/2025 10:48:00,16/9/2025 10:08:59,2022
10911,19,半导体业,累计核心专利被引次数最大值,件,0,12/9/2025 10:48:00,16/9/2025 10:08:59,2022
10912,19,半导体业,累计核心专利被引次数最小值,件,0,12/9/2025 10:48:00,16/9/2025 10:08:59,2022
10913,19,半导体业,累计核心专利被引次数中位数,件,0,12/9/2025 10:48:00,16/9/2025 10:08:59,2022
10914,20,租赁和商务服务业,累计核心专利被引次数合计,件,0,12/9/2025 10:48:01,16/9/2025 10:08:59,2022
10915,20,租赁和商务服务业,累计核心专利被引次数均值,件,0,12/9/2025 10:48:01,16/9/2025 10:08:59,2022
10916,20,租赁和商务服务业,累计核心专利被引次数最大值,件,0,12/9/2025 10:48:01,16/9/2025 10:08:59,2022
10917,20,租赁和商务服务业,累计核心专利被引次数最小值,件,0,12/9/2025 10:48:01,16/9/2025 10:08:59,2022
10918,20,租赁和商务服务业,累计核心专利被引次数中位数,件,0,12/9/2025 10:48:01,16/9/2025 10:08:59,2022
10919,21,通信传输设备业,累计核心专利被引次数合计,件,0,12/9/2025 10:48:01,16/9/2025 10:08:59,2022
10920,21,通信传输设备业,累计核心专利被引次数均值,件,0,12/9/2025 10:48:01,16/9/2025 10:08:59,2022
10921,21,通信传输设备业,累计核心专利被引次数最大值,件,0,12/9/2025 10:48:01,16/9/2025 10:09:00,2022
10922,21,通信传输设备业,累计核心专利被引次数最小值,件,0,12/9/2025 10:48:01,16/9/2025 10:09:00,2022
10923,21,通信传输设备业,累计核心专利被引次数中位数,件,0,12/9/2025 10:48:02,16/9/2025 10:09:00,2022
10924,22,非金属矿物制品业,累计核心专利被引次数合计,件,0,12/9/2025 10:48:02,16/9/2025 10:09:00,2022
10925,22,非金属矿物制品业,累计核心专利被引次数均值,件,0,12/9/2025 10:48:02,16/9/2025 10:09:00,2022
10926,22,非金属矿物制品业,累计核心专利被引次数最大值,件,0,12/9/2025 10:48:02,16/9/2025 10:09:00,2022
10927,22,非金属矿物制品业,累计核心专利被引次数最小值,件,0,12/9/2025 10:48:02,16/9/2025 10:09:00,2022
10928,22,非金属矿物制品业,累计核心专利被引次数中位数,件,0,12/9/2025 10:48:03,16/9/2025 10:09:00,2022
10929,23,橡胶和塑料制品业,累计核心专利被引次数合计,件,0,12/9/2025 10:48:03,16/9/2025 10:09:00,2022
10930,23,橡胶和塑料制品业,累计核心专利被引次数均值,件,0,12/9/2025 10:48:03,16/9/2025 10:09:01,2022
10931,23,橡胶和塑料制品业,累计核心专利被引次数最大值,件,0,12/9/2025 10:48:03,16/9/2025 10:09:01,2022
10932,23,橡胶和塑料制品业,累计核心专利被引次数最小值,件,0,12/9/2025 10:48:03,16/9/2025 10:09:01,2022
10933,23,橡胶和塑料制品业,累计核心专利被引次数中位数,件,0,12/9/2025 10:48:03,16/9/2025 10:09:01,2022
10934,24,综合,累计核心专利被引次数合计,件,0,12/9/2025 10:48:04,16/9/2025 10:09:01,2022
10935,24,综合,累计核心专利被引次数均值,件,0,12/9/2025 10:48:04,16/9/2025 10:09:01,2022
10936,24,综合,累计核心专利被引次数最大值,件,0,12/9/2025 10:48:04,16/9/2025 10:09:01,2022
10937,24,综合,累计核心专利被引次数最小值,件,0,12/9/2025 10:48:04,16/9/2025 10:09:01,2022
10938,24,综合,累计核心专利被引次数中位数,件,0,12/9/2025 10:48:04,16/9/2025 10:09:01,2022
10939,25,其他制造业,累计核心专利被引次数合计,件,0,12/9/2025 10:48:04,16/9/2025 10:09:02,2022
10940,25,其他制造业,累计核心专利被引次数均值,件,0,12/9/2025 10:48:05,16/9/2025 10:09:02,2022
10941,25,其他制造业,累计核心专利被引次数最大值,件,0,12/9/2025 10:48:05,16/9/2025 10:09:02,2022
10942,25,其他制造业,累计核心专利被引次数最小值,件,0,12/9/2025 10:48:05,16/9/2025 10:09:02,2022
10943,25,其他制造业,累计核心专利被引次数中位数,件,0,12/9/2025 10:48:05,16/9/2025 10:09:02,2022
10944,26,金属制品业,累计核心专利被引次数合计,件,0,12/9/2025 10:48:06,16/9/2025 10:09:02,2022
10945,26,金属制品业,累计核心专利被引次数均值,件,0,12/9/2025 10:48:06,16/9/2025 10:09:02,2022
10946,26,金属制品业,累计核心专利被引次数最大值,件,0,12/9/2025 10:48:06,16/9/2025 10:09:02,2022
10947,26,金属制品业,累计核心专利被引次数最小值,件,0,12/9/2025 10:48:06,16/9/2025 10:09:02,2022
10948,26,金属制品业,累计核心专利被引次数中位数,件,0,12/9/2025 10:48:06,16/9/2025 10:09:02,2022
10949,27,铁路、船舶、航空航天和其他运输设备制造业,累计核心专利被引次数合计,件,0,12/9/2025 10:48:06,16/9/2025 10:09:02,2022
10950,27,铁路、船舶、航空航天和其他运输设备制造业,累计核心专利被引次数均值,件,0,12/9/2025 10:48:07,16/9/2025 10:09:03,2022
10951,27,铁路、船舶、航空航天和其他运输设备制造业,累计核心专利被引次数最大值,件,0,12/9/2025 10:48:07,16/9/2025 10:09:03,2022
10952,27,铁路、船舶、航空航天和其他运输设备制造业,累计核心专利被引次数最小值,件,0,12/9/2025 10:48:07,16/9/2025 10:09:03,2022
10953,27,铁路、船舶、航空航天和其他运输设备制造业,累计核心专利被引次数中位数,件,0,12/9/2025 10:48:07,16/9/2025 10:09:03,2022
10954,28,水利、环境和公共设施管理业,累计核心专利被引次数合计,件,0,12/9/2025 10:48:07,16/9/2025 10:09:03,2022
10955,28,水利、环境和公共设施管理业,累计核心专利被引次数均值,件,0,12/9/2025 10:48:07,16/9/2025 10:09:03,2022
10956,28,水利、环境和公共设施管理业,累计核心专利被引次数最大值,件,0,12/9/2025 10:48:07,16/9/2025 10:09:03,2022
10957,28,水利、环境和公共设施管理业,累计核心专利被引次数最小值,件,0,12/9/2025 10:48:07,16/9/2025 10:09:03,2022
10958,28,水利、环境和公共设施管理业,累计核心专利被引次数中位数,件,0,12/9/2025 10:48:07,16/9/2025 10:09:03,2022
10959,29,金属冶炼和压延加工业,累计核心专利被引次数合计,件,0,12/9/2025 10:48:08,16/9/2025 10:09:04,2022
10960,29,金属冶炼和压延加工业,累计核心专利被引次数均值,件,0,12/9/2025 10:48:08,16/9/2025 10:09:04,2022
10961,29,金属冶炼和压延加工业,累计核心专利被引次数最大值,件,0,12/9/2025 10:48:08,16/9/2025 10:09:04,2022
10962,29,金属冶炼和压延加工业,累计核心专利被引次数最小值,件,0,12/9/2025 10:48:08,16/9/2025 10:09:04,2022
10963,29,金属冶炼和压延加工业,累计核心专利被引次数中位数,件,0,12/9/2025 10:48:08,16/9/2025 10:09:04,2022
10964,30,科学研究和技术服务业,累计核心专利被引次数合计,件,0,12/9/2025 10:48:08,16/9/2025 10:09:04,2022
10965,30,科学研究和技术服务业,累计核心专利被引次数均值,件,0,12/9/2025 10:48:08,16/9/2025 10:09:04,2022
10966,30,科学研究和技术服务业,累计核心专利被引次数最大值,件,0,12/9/2025 10:48:08,16/9/2025 10:09:04,2022
10967,30,科学研究和技术服务业,累计核心专利被引次数最小值,件,0,12/9/2025 10:48:08,16/9/2025 10:09:04,2022
10968,30,科学研究和技术服务业,累计核心专利被引次数中位数,件,0,12/9/2025 10:48:09,16/9/2025 10:09:04,2022
10969,31,教育,累计核心专利被引次数合计,件,0,12/9/2025 10:48:09,16/9/2025 10:09:05,2022
10970,31,教育,累计核心专利被引次数均值,件,0,12/9/2025 10:48:09,16/9/2025 10:09:05,2022
10971,31,教育,累计核心专利被引次数最大值,件,0,12/9/2025 10:48:09,16/9/2025 10:09:05,2022
10972,31,教育,累计核心专利被引次数最小值,件,0,12/9/2025 10:48:09,16/9/2025 10:09:05,2022
10973,31,教育,累计核心专利被引次数中位数,件,0,12/9/2025 10:48:09,16/9/2025 10:09:05,2022
10974,32,仪器仪表制造业,累计核心专利被引次数合计,件,0,12/9/2025 10:48:10,16/9/2025 10:09:05,2022
10975,32,仪器仪表制造业,累计核心专利被引次数均值,件,0,12/9/2025 10:48:10,16/9/2025 10:09:05,2022
10976,32,仪器仪表制造业,累计核心专利被引次数最大值,件,0,12/9/2025 10:48:10,16/9/2025 10:09:05,2022
10977,32,仪器仪表制造业,累计核心专利被引次数最小值,件,0,12/9/2025 10:48:10,16/9/2025 10:09:05,2022
10978,32,仪器仪表制造业,累计核心专利被引次数中位数,件,0,12/9/2025 10:48:10,16/9/2025 10:09:05,2022
10979,33,文化、体育和娱乐业,累计核心专利被引次数合计,件,0,12/9/2025 10:48:10,16/9/2025 10:09:06,2022
10980,33,文化、体育和娱乐业,累计核心专利被引次数均值,件,0,12/9/2025 10:48:10,16/9/2025 10:09:06,2022
10981,33,文化、体育和娱乐业,累计核心专利被引次数最大值,件,0,12/9/2025 10:48:10,16/9/2025 10:09:06,2022
10982,33,文化、体育和娱乐业,累计核心专利被引次数最小值,件,0,12/9/2025 10:48:10,16/9/2025 10:09:06,2022
10983,33,文化、体育和娱乐业,累计核心专利被引次数中位数,件,0,12/9/2025 10:48:10,16/9/2025 10:09:06,2022
10984,34,农、林、牧、渔业,累计核心专利被引次数合计,件,0,12/9/2025 10:48:11,16/9/2025 10:09:06,2022
10985,34,农、林、牧、渔业,累计核心专利被引次数均值,件,0,12/9/2025 10:48:11,16/9/2025 10:09:06,2022
10986,34,农、林、牧、渔业,累计核心专利被引次数最大值,件,0,12/9/2025 10:48:11,16/9/2025 10:09:06,2022
10987,34,农、林、牧、渔业,累计核心专利被引次数最小值,件,0,12/9/2025 10:48:11,16/9/2025 10:09:06,2022
10988,34,农、林、牧、渔业,累计核心专利被引次数中位数,件,0,12/9/2025 10:48:11,16/9/2025 10:09:06,2022
10989,35,卫生和社会工作,累计核心专利被引次数合计,件,0,12/9/2025 10:48:11,16/9/2025 10:09:07,2022
10990,35,卫生和社会工作,累计核心专利被引次数均值,件,0,12/9/2025 10:48:11,16/9/2025 10:09:07,2022
10991,35,卫生和社会工作,累计核心专利被引次数最大值,件,0,12/9/2025 10:48:11,16/9/2025 10:09:07,2022
10992,35,卫生和社会工作,累计核心专利被引次数最小值,件,0,12/9/2025 10:48:11,16/9/2025 10:09:07,2022
10993,35,卫生和社会工作,累计核心专利被引次数中位数,件,0,12/9/2025 10:48:11,16/9/2025 10:09:07,2022
10994,36,造纸和纸制品业,累计核心专利被引次数合计,件,0,12/9/2025 10:48:12,16/9/2025 10:09:07,2022
10995,36,造纸和纸制品业,累计核心专利被引次数均值,件,0,12/9/2025 10:48:12,16/9/2025 10:09:07,2022
10996,36,造纸和纸制品业,累计核心专利被引次数最大值,件,0,12/9/2025 10:48:12,16/9/2025 10:09:07,2022
10997,36,造纸和纸制品业,累计核心专利被引次数最小值,件,0,12/9/2025 10:48:12,16/9/2025 10:09:07,2022
10998,36,造纸和纸制品业,累计核心专利被引次数中位数,件,0,12/9/2025 10:48:12,16/9/2025 10:09:07,2022
10999,37,住宿和餐饮业,累计核心专利被引次数合计,件,0,12/9/2025 10:48:12,16/9/2025 10:09:08,2022
11000,37,住宿和餐饮业,累计核心专利被引次数均值,件,0,12/9/2025 10:48:12,16/9/2025 10:09:08,2022
11001,37,住宿和餐饮业,累计核心专利被引次数最大值,件,0,12/9/2025 10:48:12,16/9/2025 10:09:08,2022
11002,37,住宿和餐饮业,累计核心专利被引次数最小值,件,0,12/9/2025 10:48:12,16/9/2025 10:09:08,2022
11003,37,住宿和餐饮业,累计核心专利被引次数中位数,件,0,12/9/2025 10:48:12,16/9/2025 10:09:08,2022
11004,38,家具制造业,累计核心专利被引次数合计,件,0,12/9/2025 10:48:12,16/9/2025 10:09:08,2022
11005,38,家具制造业,累计核心专利被引次数均值,件,0,12/9/2025 10:48:12,16/9/2025 10:09:08,2022
11006,38,家具制造业,累计核心专利被引次数最大值,件,0,12/9/2025 10:48:13,16/9/2025 10:09:08,2022
11007,38,家具制造业,累计核心专利被引次数最小值,件,0,12/9/2025 10:48:13,16/9/2025 10:09:08,2022
11008,38,家具制造业,累计核心专利被引次数中位数,件,0,12/9/2025 10:48:13,16/9/2025 10:09:08,2022
11009,39,印刷和记录媒介复制业,累计核心专利被引次数合计,件,0,12/9/2025 10:48:13,16/9/2025 10:09:09,2022
11010,39,印刷和记录媒介复制业,累计核心专利被引次数均值,件,0,12/9/2025 10:48:13,16/9/2025 10:09:09,2022
11011,39,印刷和记录媒介复制业,累计核心专利被引次数最大值,件,0,12/9/2025 10:48:13,16/9/2025 10:09:09,2022
11012,39,印刷和记录媒介复制业,累计核心专利被引次数最小值,件,0,12/9/2025 10:48:13,16/9/2025 10:09:09,2022
11013,39,印刷和记录媒介复制业,累计核心专利被引次数中位数,件,0,12/9/2025 10:48:13,16/9/2025 10:09:09,2022
11014,41,文教、工美、体育和娱乐用品制造业,累计核心专利被引次数合计,件,0,12/9/2025 10:48:13,16/9/2025 10:09:09,2022
11015,41,文教、工美、体育和娱乐用品制造业,累计核心专利被引次数均值,件,0,12/9/2025 10:48:13,16/9/2025 10:09:09,2022
11016,41,文教、工美、体育和娱乐用品制造业,累计核心专利被引次数最大值,件,0,12/9/2025 10:48:13,16/9/2025 10:09:09,2022
11017,41,文教、工美、体育和娱乐用品制造业,累计核心专利被引次数最小值,件,0,12/9/2025 10:48:13,16/9/2025 10:09:09,2022
11018,41,文教、工美、体育和娱乐用品制造业,累计核心专利被引次数中位数,件,0,12/9/2025 10:48:13,16/9/2025 10:09:09,2022
11024,43,化学纤维制造业,累计核心专利被引次数合计,件,0,12/9/2025 10:48:14,16/9/2025 10:09:10,2022
11025,43,化学纤维制造业,累计核心专利被引次数均值,件,0,12/9/2025 10:48:14,16/9/2025 10:09:10,2022
11026,43,化学纤维制造业,累计核心专利被引次数最大值,件,0,12/9/2025 10:48:14,16/9/2025 10:09:10,2022
11027,43,化学纤维制造业,累计核心专利被引次数最小值,件,0,12/9/2025 10:48:14,16/9/2025 10:09:10,2022
11028,43,化学纤维制造业,累计核心专利被引次数中位数,件,0,12/9/2025 10:48:14,16/9/2025 10:09:10,2022
11034,45,石油加工、炼焦和核燃料加工业,累计核心专利被引次数合计,件,0,12/9/2025 10:48:15,16/9/2025 10:09:11,2022
11035,45,石油加工、炼焦和核燃料加工业,累计核心专利被引次数均值,件,0,12/9/2025 10:48:15,16/9/2025 10:09:11,2022
11036,45,石油加工、炼焦和核燃料加工业,累计核心专利被引次数最大值,件,0,12/9/2025 10:48:15,16/9/2025 10:09:11,2022
11037,45,石油加工、炼焦和核燃料加工业,累计核心专利被引次数最小值,件,0,12/9/2025 10:48:15,16/9/2025 10:09:11,2022
11038,45,石油加工、炼焦和核燃料加工业,累计核心专利被引次数中位数,件,0,12/9/2025 10:48:15,16/9/2025 10:09:11,2022
11039,46,废弃资源综合利用业,累计核心专利被引次数合计,件,0,12/9/2025 10:48:16,16/9/2025 10:09:11,2022
11040,46,废弃资源综合利用业,累计核心专利被引次数均值,件,0,12/9/2025 10:48:16,16/9/2025 10:09:11,2022
11041,46,废弃资源综合利用业,累计核心专利被引次数最大值,件,0,12/9/2025 10:48:16,16/9/2025 10:09:12,2022
11042,46,废弃资源综合利用业,累计核心专利被引次数最小值,件,0,12/9/2025 10:48:16,16/9/2025 10:09:12,2022
11043,46,废弃资源综合利用业,累计核心专利被引次数中位数,件,0,12/9/2025 10:48:16,16/9/2025 10:09:12,2022
11044,47,木材加工和木、竹、藤、棕、草制品业,累计核心专利被引次数合计,件,0,12/9/2025 10:48:16,16/9/2025 10:09:12,2022
11045,47,木材加工和木、竹、藤、棕、草制品业,累计核心专利被引次数均值,件,0,12/9/2025 10:48:16,16/9/2025 10:09:12,2022
11046,47,木材加工和木、竹、藤、棕、草制品业,累计核心专利被引次数最大值,件,0,12/9/2025 10:48:16,16/9/2025 10:09:12,2022
11047,47,木材加工和木、竹、藤、棕、草制品业,累计核心专利被引次数最小值,件,0,12/9/2025 10:48:16,16/9/2025 10:09:12,2022
11048,47,木材加工和木、竹、藤、棕、草制品业,累计核心专利被引次数中位数,件,0,12/9/2025 10:48:16,16/9/2025 10:09:12,2022
11049,48,居民服务、修理和其他服务业,累计核心专利被引次数合计,件,0,12/9/2025 10:48:17,16/9/2025 10:09:13,2022
11050,48,居民服务、修理和其他服务业,累计核心专利被引次数均值,件,0,12/9/2025 10:48:17,16/9/2025 10:09:13,2022
11051,48,居民服务、修理和其他服务业,累计核心专利被引次数最大值,件,0,12/9/2025 10:48:17,16/9/2025 10:09:13,2022
11052,48,居民服务、修理和其他服务业,累计核心专利被引次数最小值,件,0,12/9/2025 10:48:17,16/9/2025 10:09:13,2022
11053,48,居民服务、修理和其他服务业,累计核心专利被引次数中位数,件,0,12/9/2025 10:48:17,16/9/2025 10:09:13,2022
11054,0,全行业,累计核心专利被引次数合计,件,0,12/9/2025 10:48:17,5/11/2025 08:56:03,2022
11055,0,全行业,累计核心专利被引次数均值,件,0,12/9/2025 10:48:17,5/11/2025 08:56:03,2022
11056,0,全行业,累计核心专利被引次数最大值,件,0,12/9/2025 10:48:18,5/11/2025 08:56:03,2022
11057,0,全行业,累计核心专利被引次数最小值,件,0,12/9/2025 10:48:18,5/11/2025 08:56:03,2022
11058,0,全行业,累计核心专利被引次数中位数,件,0,12/9/2025 10:48:18,5/11/2025 08:56:03,2022
11059,1,医药制造业,累计中国发明专利申请数合计,件,70515,12/9/2025 10:48:18,16/9/2025 10:09:14,2022
11060,1,医药制造业,累计中国发明专利申请数均值,件,169.915662650602,12/9/2025 10:48:19,16/9/2025 10:09:14,2022
11061,1,医药制造业,累计中国发明专利申请数最大值,件,1984,12/9/2025 10:48:19,16/9/2025 10:09:14,2022
11062,1,医药制造业,累计中国发明专利申请数最小值,件,1,12/9/2025 10:48:19,16/9/2025 10:09:14,2022
11063,1,医药制造业,累计中国发明专利申请数中位数,件,81,12/9/2025 10:48:19,16/9/2025 10:09:14,2022
11064,2,化学原料和化学制品制造业,累计中国发明专利申请数合计,件,73784,12/9/2025 10:48:19,16/9/2025 10:09:14,2022
11065,2,化学原料和化学制品制造业,累计中国发明专利申请数均值,件,210.210826210826,12/9/2025 10:48:19,16/9/2025 10:09:14,2022
11066,2,化学原料和化学制品制造业,累计中国发明专利申请数最大值,件,4930,12/9/2025 10:48:19,16/9/2025 10:09:14,2022
11067,2,化学原料和化学制品制造业,累计中国发明专利申请数最小值,件,1,12/9/2025 10:48:19,16/9/2025 10:09:14,2022
11068,2,化学原料和化学制品制造业,累计中国发明专利申请数中位数,件,100,12/9/2025 10:48:19,16/9/2025 10:09:14,2022
11069,3,信息传输、软件和信息技术服务业,累计中国发明专利申请数合计,件,392727,12/9/2025 10:48:20,16/9/2025 10:09:15,2022
11070,3,信息传输、软件和信息技术服务业,累计中国发明专利申请数均值,件,696.324468085106,12/9/2025 10:48:20,16/9/2025 10:09:15,2022
11071,3,信息传输、软件和信息技术服务业,累计中国发明专利申请数最大值,件,39856,12/9/2025 10:48:20,16/9/2025 10:09:15,2022
11072,3,信息传输、软件和信息技术服务业,累计中国发明专利申请数最小值,件,1,12/9/2025 10:48:20,16/9/2025 10:09:15,2022
11073,3,信息传输、软件和信息技术服务业,累计中国发明专利申请数中位数,件,78,12/9/2025 10:48:20,16/9/2025 10:09:15,2022
11074,4,房地产业,累计中国发明专利申请数合计,件,8927,12/9/2025 10:48:21,16/9/2025 10:09:15,2022
11075,4,房地产业,累计中国发明专利申请数均值,件,98.0989010989011,12/9/2025 10:48:21,16/9/2025 10:09:15,2022
11076,4,房地产业,累计中国发明专利申请数最大值,件,2816,12/9/2025 10:48:21,16/9/2025 10:09:15,2022
11077,4,房地产业,累计中国发明专利申请数最小值,件,1,12/9/2025 10:48:21,16/9/2025 10:09:15,2022
11078,4,房地产业,累计中国发明专利申请数中位数,件,17,12/9/2025 10:48:21,16/9/2025 10:09:15,2022
11079,5,专用设备制造业,累计中国发明专利申请数合计,件,154704,12/9/2025 10:48:21,16/9/2025 10:09:15,2022
11080,5,专用设备制造业,累计中国发明专利申请数均值,件,364.867924528302,12/9/2025 10:48:21,16/9/2025 10:09:15,2022
11081,5,专用设备制造业,累计中国发明专利申请数最大值,件,9101,12/9/2025 10:48:21,16/9/2025 10:09:15,2022
11082,5,专用设备制造业,累计中国发明专利申请数最小值,件,1,12/9/2025 10:48:21,16/9/2025 10:09:16,2022
11083,5,专用设备制造业,累计中国发明专利申请数中位数,件,130,12/9/2025 10:48:22,16/9/2025 10:09:16,2022
11084,6,消费电子及电气业,累计中国发明专利申请数合计,件,582534,12/9/2025 10:48:22,16/9/2025 10:09:16,2022
11085,6,消费电子及电气业,累计中国发明专利申请数均值,件,1781.4495412844,12/9/2025 10:48:22,16/9/2025 10:09:16,2022
11086,6,消费电子及电气业,累计中国发明专利申请数最大值,件,67715,12/9/2025 10:48:22,16/9/2025 10:09:16,2022
11087,6,消费电子及电气业,累计中国发明专利申请数最小值,件,1,12/9/2025 10:48:22,16/9/2025 10:09:16,2022
11088,6,消费电子及电气业,累计中国发明专利申请数中位数,件,144,12/9/2025 10:48:22,16/9/2025 10:09:16,2022
11089,7,金融业,累计中国发明专利申请数合计,件,88295,12/9/2025 10:48:22,16/9/2025 10:09:16,2022
11090,7,金融业,累计中国发明专利申请数均值,件,558.829113924051,12/9/2025 10:48:22,16/9/2025 10:09:16,2022
11091,7,金融业,累计中国发明专利申请数最大值,件,18968,12/9/2025 10:48:22,16/9/2025 10:09:16,2022
11092,7,金融业,累计中国发明专利申请数最小值,件,1,12/9/2025 10:48:22,16/9/2025 10:09:16,2022
11093,7,金融业,累计中国发明专利申请数中位数,件,21,12/9/2025 10:48:22,16/9/2025 10:09:16,2022
11094,8,商业电气机械和器材制造业,累计中国发明专利申请数合计,件,138591,12/9/2025 10:48:23,16/9/2025 10:09:17,2022
11095,8,商业电气机械和器材制造业,累计中国发明专利申请数均值,件,457.39603960396,12/9/2025 10:48:23,16/9/2025 10:09:17,2022
11096,8,商业电气机械和器材制造业,累计中国发明专利申请数最大值,件,17747,12/9/2025 10:48:23,16/9/2025 10:09:17,2022
11097,8,商业电气机械和器材制造业,累计中国发明专利申请数最小值,件,3,12/9/2025 10:48:23,16/9/2025 10:09:17,2022
11098,8,商业电气机械和器材制造业,累计中国发明专利申请数中位数,件,140,12/9/2025 10:48:23,16/9/2025 10:09:17,2022
11099,9,批发和零售业,累计中国发明专利申请数合计,件,10205,12/9/2025 10:48:24,16/9/2025 10:09:17,2022
11100,9,批发和零售业,累计中国发明专利申请数均值,件,71.8661971830986,12/9/2025 10:48:24,16/9/2025 10:09:17,2022
11101,9,批发和零售业,累计中国发明专利申请数最大值,件,1277,12/9/2025 10:48:24,16/9/2025 10:09:17,2022
11102,9,批发和零售业,累计中国发明专利申请数最小值,件,1,12/9/2025 10:48:24,16/9/2025 10:09:17,2022
11103,9,批发和零售业,累计中国发明专利申请数中位数,件,16,12/9/2025 10:48:24,16/9/2025 10:09:18,2022
11104,10,食品饮料业,累计中国发明专利申请数合计,件,26369,12/9/2025 10:48:24,16/9/2025 10:09:18,2022
11105,10,食品饮料业,累计中国发明专利申请数均值,件,120.95871559633,12/9/2025 10:48:25,16/9/2025 10:09:18,2022
11106,10,食品饮料业,累计中国发明专利申请数最大值,件,1706,12/9/2025 10:48:25,16/9/2025 10:09:18,2022
11107,10,食品饮料业,累计中国发明专利申请数最小值,件,1,12/9/2025 10:48:25,16/9/2025 10:09:18,2022
11108,10,食品饮料业,累计中国发明专利申请数中位数,件,37.5,12/9/2025 10:48:25,16/9/2025 10:09:18,2022
11114,12,汽车制造业,累计中国发明专利申请数合计,件,172769,12/9/2025 10:48:25,16/9/2025 10:09:19,2022
11115,12,汽车制造业,累计中国发明专利申请数均值,件,778.238738738739,12/9/2025 10:48:25,16/9/2025 10:09:19,2022
11116,12,汽车制造业,累计中国发明专利申请数最大值,件,18943,12/9/2025 10:48:25,16/9/2025 10:09:19,2022
11117,12,汽车制造业,累计中国发明专利申请数最小值,件,2,12/9/2025 10:48:25,16/9/2025 10:09:19,2022
11118,12,汽车制造业,累计中国发明专利申请数中位数,件,118,12/9/2025 10:48:26,16/9/2025 10:09:19,2022
11119,13,电力、热力、燃气及水生产和供应业,累计中国发明专利申请数合计,件,29684,12/9/2025 10:48:26,16/9/2025 10:09:20,2022
11120,13,电力、热力、燃气及水生产和供应业,累计中国发明专利申请数均值,件,206.138888888889,12/9/2025 10:48:26,16/9/2025 10:09:20,2022
11121,13,电力、热力、燃气及水生产和供应业,累计中国发明专利申请数最大值,件,4203,12/9/2025 10:48:26,16/9/2025 10:09:20,2022
11122,13,电力、热力、燃气及水生产和供应业,累计中国发明专利申请数最小值,件,1,12/9/2025 10:48:26,16/9/2025 10:09:20,2022
11123,13,电力、热力、燃气及水生产和供应业,累计中国发明专利申请数中位数,件,36,12/9/2025 10:48:26,16/9/2025 10:09:20,2022
11124,14,采矿业,累计中国发明专利申请数合计,件,216557,12/9/2025 10:48:26,16/9/2025 10:09:20,2022
11125,14,采矿业,累计中国发明专利申请数均值,件,2082.27884615385,12/9/2025 10:48:26,16/9/2025 10:09:20,2022
11126,14,采矿业,累计中国发明专利申请数最大值,件,59386,12/9/2025 10:48:26,16/9/2025 10:09:20,2022
11127,14,采矿业,累计中国发明专利申请数最小值,件,1,12/9/2025 10:48:27,16/9/2025 10:09:20,2022
11128,14,采矿业,累计中国发明专利申请数中位数,件,83.5,12/9/2025 10:48:27,16/9/2025 10:09:20,2022
11129,15,纺织鞋服业,累计中国发明专利申请数合计,件,11211,12/9/2025 10:48:27,16/9/2025 10:09:21,2022
11130,15,纺织鞋服业,累计中国发明专利申请数均值,件,88.9761904761905,12/9/2025 10:48:27,16/9/2025 10:09:21,2022
11131,15,纺织鞋服业,累计中国发明专利申请数最大值,件,1836,12/9/2025 10:48:27,16/9/2025 10:09:21,2022
11132,15,纺织鞋服业,累计中国发明专利申请数最小值,件,1,12/9/2025 10:48:27,16/9/2025 10:09:21,2022
11133,15,纺织鞋服业,累计中国发明专利申请数中位数,件,47,12/9/2025 10:48:27,16/9/2025 10:09:21,2022
11134,16,建筑业,累计中国发明专利申请数合计,件,99055,12/9/2025 10:48:27,16/9/2025 10:09:21,2022
11135,16,建筑业,累计中国发明专利申请数均值,件,811.926229508197,12/9/2025 10:48:27,16/9/2025 10:09:21,2022
11136,16,建筑业,累计中国发明专利申请数最大值,件,19690,12/9/2025 10:48:28,16/9/2025 10:09:22,2022
11137,16,建筑业,累计中国发明专利申请数最小值,件,2,12/9/2025 10:48:28,16/9/2025 10:09:22,2022
11138,16,建筑业,累计中国发明专利申请数中位数,件,91.5,12/9/2025 10:48:28,16/9/2025 10:09:22,2022
11139,17,交通运输、仓储和邮政业,累计中国发明专利申请数合计,件,8021,12/9/2025 10:48:28,16/9/2025 10:09:22,2022
11140,17,交通运输、仓储和邮政业,累计中国发明专利申请数均值,件,67.9745762711864,12/9/2025 10:48:28,16/9/2025 10:09:22,2022
11141,17,交通运输、仓储和邮政业,累计中国发明专利申请数最大值,件,2185,12/9/2025 10:48:28,16/9/2025 10:09:22,2022
11142,17,交通运输、仓储和邮政业,累计中国发明专利申请数最小值,件,1,12/9/2025 10:48:28,16/9/2025 10:09:22,2022
11143,17,交通运输、仓储和邮政业,累计中国发明专利申请数中位数,件,14.5,12/9/2025 10:48:28,16/9/2025 10:09:22,2022
11144,18,通用设备制造业,累计中国发明专利申请数合计,件,59556,12/9/2025 10:48:29,16/9/2025 10:09:23,2022
11145,18,通用设备制造业,累计中国发明专利申请数均值,件,284.956937799043,12/9/2025 10:48:29,16/9/2025 10:09:23,2022
11146,18,通用设备制造业,累计中国发明专利申请数最大值,件,6355,12/9/2025 10:48:29,16/9/2025 10:09:23,2022
11147,18,通用设备制造业,累计中国发明专利申请数最小值,件,1,12/9/2025 10:48:29,16/9/2025 10:09:23,2022
11148,18,通用设备制造业,累计中国发明专利申请数中位数,件,118,12/9/2025 10:48:29,16/9/2025 10:09:23,2022
11149,19,半导体业,累计中国发明专利申请数合计,件,109066,12/9/2025 10:48:29,16/9/2025 10:09:23,2022
11150,19,半导体业,累计中国发明专利申请数均值,件,681.6625,12/9/2025 10:48:29,16/9/2025 10:09:23,2022
11151,19,半导体业,累计中国发明专利申请数最大值,件,14192,12/9/2025 10:48:29,16/9/2025 10:09:23,2022
11152,19,半导体业,累计中国发明专利申请数最小值,件,2,12/9/2025 10:48:29,16/9/2025 10:09:23,2022
11153,19,半导体业,累计中国发明专利申请数中位数,件,188.5,12/9/2025 10:48:29,16/9/2025 10:09:23,2022
11154,20,租赁和商务服务业,累计中国发明专利申请数合计,件,2099,12/9/2025 10:48:30,16/9/2025 10:09:23,2022
11155,20,租赁和商务服务业,累计中国发明专利申请数均值,件,32.2923076923077,12/9/2025 10:48:30,16/9/2025 10:09:23,2022
11156,20,租赁和商务服务业,累计中国发明专利申请数最大值,件,457,12/9/2025 10:48:30,16/9/2025 10:09:23,2022
11157,20,租赁和商务服务业,累计中国发明专利申请数最小值,件,1,12/9/2025 10:48:30,16/9/2025 10:09:23,2022
11158,20,租赁和商务服务业,累计中国发明专利申请数中位数,件,7,12/9/2025 10:48:30,16/9/2025 10:09:23,2022
11159,21,通信传输设备业,累计中国发明专利申请数合计,件,291715,12/9/2025 10:48:31,16/9/2025 10:09:24,2022
11160,21,通信传输设备业,累计中国发明专利申请数均值,件,2493.2905982906,12/9/2025 10:48:31,16/9/2025 10:09:24,2022
11161,21,通信传输设备业,累计中国发明专利申请数最大值,件,101967,12/9/2025 10:48:31,16/9/2025 10:09:24,2022
11162,21,通信传输设备业,累计中国发明专利申请数最小值,件,4,12/9/2025 10:48:31,16/9/2025 10:09:24,2022
11163,21,通信传输设备业,累计中国发明专利申请数中位数,件,175,12/9/2025 10:48:31,16/9/2025 10:09:24,2022
11164,22,非金属矿物制品业,累计中国发明专利申请数合计,件,26742,12/9/2025 10:48:32,16/9/2025 10:09:24,2022
11165,22,非金属矿物制品业,累计中国发明专利申请数均值,件,238.767857142857,12/9/2025 10:48:32,16/9/2025 10:09:24,2022
11166,22,非金属矿物制品业,累计中国发明专利申请数最大值,件,2807,12/9/2025 10:48:32,16/9/2025 10:09:24,2022
11167,22,非金属矿物制品业,累计中国发明专利申请数最小值,件,1,12/9/2025 10:48:32,16/9/2025 10:09:24,2022
11168,22,非金属矿物制品业,累计中国发明专利申请数中位数,件,81,12/9/2025 10:48:32,16/9/2025 10:09:25,2022
11169,23,橡胶和塑料制品业,累计中国发明专利申请数合计,件,21927,12/9/2025 10:48:32,16/9/2025 10:09:25,2022
11170,23,橡胶和塑料制品业,累计中国发明专利申请数均值,件,204.92523364486,12/9/2025 10:48:32,16/9/2025 10:09:25,2022
11171,23,橡胶和塑料制品业,累计中国发明专利申请数最大值,件,5096,12/9/2025 10:48:32,16/9/2025 10:09:25,2022
11172,23,橡胶和塑料制品业,累计中国发明专利申请数最小值,件,1,12/9/2025 10:48:32,16/9/2025 10:09:25,2022
11173,23,橡胶和塑料制品业,累计中国发明专利申请数中位数,件,78,12/9/2025 10:48:32,16/9/2025 10:09:25,2022
11174,24,综合,累计中国发明专利申请数合计,件,2060,12/9/2025 10:48:33,16/9/2025 10:09:26,2022
11175,24,综合,累计中国发明专利申请数均值,件,171.666666666667,12/9/2025 10:48:33,16/9/2025 10:09:26,2022
11176,24,综合,累计中国发明专利申请数最大值,件,766,12/9/2025 10:48:33,16/9/2025 10:09:26,2022
11177,24,综合,累计中国发明专利申请数最小值,件,3,12/9/2025 10:48:33,16/9/2025 10:09:26,2022
11178,24,综合,累计中国发明专利申请数中位数,件,41.5,12/9/2025 10:48:33,16/9/2025 10:09:26,2022
11179,25,其他制造业,累计中国发明专利申请数合计,件,6816,12/9/2025 10:48:34,16/9/2025 10:09:26,2022
11180,25,其他制造业,累计中国发明专利申请数均值,件,158.511627906977,12/9/2025 10:48:34,16/9/2025 10:09:26,2022
11181,25,其他制造业,累计中国发明专利申请数最大值,件,1319,12/9/2025 10:48:34,16/9/2025 10:09:27,2022
11182,25,其他制造业,累计中国发明专利申请数最小值,件,3,12/9/2025 10:48:34,16/9/2025 10:09:27,2022
11183,25,其他制造业,累计中国发明专利申请数中位数,件,85,12/9/2025 10:48:34,16/9/2025 10:09:27,2022
11184,26,金属制品业,累计中国发明专利申请数合计,件,23779,12/9/2025 10:48:35,16/9/2025 10:09:27,2022
11185,26,金属制品业,累计中国发明专利申请数均值,件,222.233644859813,12/9/2025 10:48:35,16/9/2025 10:09:27,2022
11186,26,金属制品业,累计中国发明专利申请数最大值,件,3869,12/9/2025 10:48:35,16/9/2025 10:09:27,2022
11187,26,金属制品业,累计中国发明专利申请数最小值,件,4,12/9/2025 10:48:35,16/9/2025 10:09:27,2022
11188,26,金属制品业,累计中国发明专利申请数中位数,件,83,12/9/2025 10:48:35,16/9/2025 10:09:27,2022
11189,27,铁路、船舶、航空航天和其他运输设备制造业,累计中国发明专利申请数合计,件,119505,12/9/2025 10:48:35,16/9/2025 10:09:28,2022
11190,27,铁路、船舶、航空航天和其他运输设备制造业,累计中国发明专利申请数均值,件,1232.01030927835,12/9/2025 10:48:35,16/9/2025 10:09:28,2022
11191,27,铁路、船舶、航空航天和其他运输设备制造业,累计中国发明专利申请数最大值,件,26556,12/9/2025 10:48:35,16/9/2025 10:09:28,2022
11192,27,铁路、船舶、航空航天和其他运输设备制造业,累计中国发明专利申请数最小值,件,5,12/9/2025 10:48:36,16/9/2025 10:09:28,2022
11193,27,铁路、船舶、航空航天和其他运输设备制造业,累计中国发明专利申请数中位数,件,149,12/9/2025 10:48:36,16/9/2025 10:09:28,2022
11194,28,水利、环境和公共设施管理业,累计中国发明专利申请数合计,件,11176,12/9/2025 10:48:36,16/9/2025 10:09:29,2022
11195,28,水利、环境和公共设施管理业,累计中国发明专利申请数均值,件,122.813186813187,12/9/2025 10:48:36,16/9/2025 10:09:29,2022
11196,28,水利、环境和公共设施管理业,累计中国发明专利申请数最大值,件,884,12/9/2025 10:48:36,16/9/2025 10:09:29,2022
11197,28,水利、环境和公共设施管理业,累计中国发明专利申请数最小值,件,1,12/9/2025 10:48:37,16/9/2025 10:09:29,2022
11198,28,水利、环境和公共设施管理业,累计中国发明专利申请数中位数,件,81,12/9/2025 10:48:37,16/9/2025 10:09:29,2022
11199,29,金属冶炼和压延加工业,累计中国发明专利申请数合计,件,73997,12/9/2025 10:48:37,16/9/2025 10:09:30,2022
11200,29,金属冶炼和压延加工业,累计中国发明专利申请数均值,件,540.124087591241,12/9/2025 10:48:37,16/9/2025 10:09:30,2022
11201,29,金属冶炼和压延加工业,累计中国发明专利申请数最大值,件,13250,12/9/2025 10:48:37,16/9/2025 10:09:30,2022
11202,29,金属冶炼和压延加工业,累计中国发明专利申请数最小值,件,1,12/9/2025 10:48:38,16/9/2025 10:09:30,2022
11203,29,金属冶炼和压延加工业,累计中国发明专利申请数中位数,件,143,12/9/2025 10:48:38,16/9/2025 10:09:30,2022
11204,30,科学研究和技术服务业,累计中国发明专利申请数合计,件,21938,12/9/2025 10:48:38,16/9/2025 10:09:30,2022
11205,30,科学研究和技术服务业,累计中国发明专利申请数均值,件,179.819672131148,12/9/2025 10:48:38,16/9/2025 10:09:31,2022
11206,30,科学研究和技术服务业,累计中国发明专利申请数最大值,件,2143,12/9/2025 10:48:38,16/9/2025 10:09:31,2022
11207,30,科学研究和技术服务业,累计中国发明专利申请数最小值,件,3,12/9/2025 10:48:38,16/9/2025 10:09:31,2022
11208,30,科学研究和技术服务业,累计中国发明专利申请数中位数,件,74.5,12/9/2025 10:48:38,16/9/2025 10:09:31,2022
11209,31,教育,累计中国发明专利申请数合计,件,1983,12/9/2025 10:48:39,16/9/2025 10:09:31,2022
11210,31,教育,累计中国发明专利申请数均值,件,94.4285714285714,12/9/2025 10:48:39,16/9/2025 10:09:31,2022
11211,31,教育,累计中国发明专利申请数最大值,件,578,12/9/2025 10:48:39,16/9/2025 10:09:31,2022
11212,31,教育,累计中国发明专利申请数最小值,件,1,12/9/2025 10:48:39,16/9/2025 10:09:31,2022
11213,31,教育,累计中国发明专利申请数中位数,件,10,12/9/2025 10:48:39,16/9/2025 10:09:31,2022
11214,32,仪器仪表制造业,累计中国发明专利申请数合计,件,18136,12/9/2025 10:48:39,16/9/2025 10:09:32,2022
11215,32,仪器仪表制造业,累计中国发明专利申请数均值,件,206.090909090909,12/9/2025 10:48:39,16/9/2025 10:09:32,2022
11216,32,仪器仪表制造业,累计中国发明专利申请数最大值,件,2041,12/9/2025 10:48:39,16/9/2025 10:09:32,2022
11217,32,仪器仪表制造业,累计中国发明专利申请数最小值,件,1,12/9/2025 10:48:39,16/9/2025 10:09:32,2022
11218,32,仪器仪表制造业,累计中国发明专利申请数中位数,件,111.5,12/9/2025 10:48:39,16/9/2025 10:09:32,2022
11219,33,文化、体育和娱乐业,累计中国发明专利申请数合计,件,2136,12/9/2025 10:48:40,16/9/2025 10:09:33,2022
11220,33,文化、体育和娱乐业,累计中国发明专利申请数均值,件,38.8363636363636,12/9/2025 10:48:40,16/9/2025 10:09:33,2022
11221,33,文化、体育和娱乐业,累计中国发明专利申请数最大值,件,691,12/9/2025 10:48:40,16/9/2025 10:09:33,2022
11222,33,文化、体育和娱乐业,累计中国发明专利申请数最小值,件,1,12/9/2025 10:48:40,16/9/2025 10:09:33,2022
11223,33,文化、体育和娱乐业,累计中国发明专利申请数中位数,件,11,12/9/2025 10:48:40,16/9/2025 10:09:33,2022
11224,34,农、林、牧、渔业,累计中国发明专利申请数合计,件,3818,12/9/2025 10:48:41,16/9/2025 10:09:33,2022
11225,34,农、林、牧、渔业,累计中国发明专利申请数均值,件,79.5416666666667,12/9/2025 10:48:41,16/9/2025 10:09:33,2022
11226,34,农、林、牧、渔业,累计中国发明专利申请数最大值,件,760,12/9/2025 10:48:41,16/9/2025 10:09:33,2022
11227,34,农、林、牧、渔业,累计中国发明专利申请数最小值,件,2,12/9/2025 10:48:41,16/9/2025 10:09:33,2022
11228,34,农、林、牧、渔业,累计中国发明专利申请数中位数,件,30.5,12/9/2025 10:48:41,16/9/2025 10:09:33,2022
11229,35,卫生和社会工作,累计中国发明专利申请数合计,件,2196,12/9/2025 10:48:41,16/9/2025 10:09:33,2022
11230,35,卫生和社会工作,累计中国发明专利申请数均值,件,129.176470588235,12/9/2025 10:48:41,16/9/2025 10:09:33,2022
11231,35,卫生和社会工作,累计中国发明专利申请数最大值,件,905,12/9/2025 10:48:42,16/9/2025 10:09:33,2022
11232,35,卫生和社会工作,累计中国发明专利申请数最小值,件,1,12/9/2025 10:48:42,16/9/2025 10:09:33,2022
11233,35,卫生和社会工作,累计中国发明专利申请数中位数,件,23,12/9/2025 10:48:42,16/9/2025 10:09:34,2022
11234,36,造纸和纸制品业,累计中国发明专利申请数合计,件,4119,12/9/2025 10:48:42,16/9/2025 10:09:34,2022
11235,36,造纸和纸制品业,累计中国发明专利申请数均值,件,89.5434782608696,12/9/2025 10:48:42,16/9/2025 10:09:34,2022
11236,36,造纸和纸制品业,累计中国发明专利申请数最大值,件,425,12/9/2025 10:48:42,16/9/2025 10:09:34,2022
11237,36,造纸和纸制品业,累计中国发明专利申请数最小值,件,1,12/9/2025 10:48:42,16/9/2025 10:09:34,2022
11238,36,造纸和纸制品业,累计中国发明专利申请数中位数,件,56.5,12/9/2025 10:48:42,16/9/2025 10:09:34,2022
11239,37,住宿和餐饮业,累计中国发明专利申请数合计,件,58,12/9/2025 10:48:42,16/9/2025 10:09:34,2022
11240,37,住宿和餐饮业,累计中国发明专利申请数均值,件,9.66666666666667,12/9/2025 10:48:42,16/9/2025 10:09:35,2022
11241,37,住宿和餐饮业,累计中国发明专利申请数最大值,件,46,12/9/2025 10:48:42,16/9/2025 10:09:35,2022
11242,37,住宿和餐饮业,累计中国发明专利申请数最小值,件,1,12/9/2025 10:48:42,16/9/2025 10:09:35,2022
11243,37,住宿和餐饮业,累计中国发明专利申请数中位数,件,2.5,12/9/2025 10:48:42,16/9/2025 10:09:35,2022
11244,38,家具制造业,累计中国发明专利申请数合计,件,3315,12/9/2025 10:48:43,16/9/2025 10:09:35,2022
11245,38,家具制造业,累计中国发明专利申请数均值,件,94.7142857142857,12/9/2025 10:48:43,16/9/2025 10:09:35,2022
11246,38,家具制造业,累计中国发明专利申请数最大值,件,396,12/9/2025 10:48:43,16/9/2025 10:09:35,2022
11247,38,家具制造业,累计中国发明专利申请数最小值,件,3,12/9/2025 10:48:43,16/9/2025 10:09:35,2022
11248,38,家具制造业,累计中国发明专利申请数中位数,件,66,12/9/2025 10:48:43,16/9/2025 10:09:35,2022
11249,39,印刷和记录媒介复制业,累计中国发明专利申请数合计,件,1404,12/9/2025 10:48:43,16/9/2025 10:09:36,2022
11250,39,印刷和记录媒介复制业,累计中国发明专利申请数均值,件,63.8181818181818,12/9/2025 10:48:43,16/9/2025 10:09:36,2022
11251,39,印刷和记录媒介复制业,累计中国发明专利申请数最大值,件,280,12/9/2025 10:48:43,16/9/2025 10:09:36,2022
11252,39,印刷和记录媒介复制业,累计中国发明专利申请数最小值,件,1,12/9/2025 10:48:43,16/9/2025 10:09:36,2022
11253,39,印刷和记录媒介复制业,累计中国发明专利申请数中位数,件,50.5,12/9/2025 10:48:43,16/9/2025 10:09:36,2022
11254,41,文教、工美、体育和娱乐用品制造业,累计中国发明专利申请数合计,件,2739,12/9/2025 10:48:44,16/9/2025 10:09:36,2022
11255,41,文教、工美、体育和娱乐用品制造业,累计中国发明专利申请数均值,件,94.448275862069,12/9/2025 10:48:44,16/9/2025 10:09:36,2022
11256,41,文教、工美、体育和娱乐用品制造业,累计中国发明专利申请数最大值,件,1155,12/9/2025 10:48:44,16/9/2025 10:09:36,2022
11257,41,文教、工美、体育和娱乐用品制造业,累计中国发明专利申请数最小值,件,2,12/9/2025 10:48:44,16/9/2025 10:09:36,2022
11258,41,文教、工美、体育和娱乐用品制造业,累计中国发明专利申请数中位数,件,25,12/9/2025 10:48:44,16/9/2025 10:09:36,2022
11264,43,化学纤维制造业,累计中国发明专利申请数合计,件,4558,12/9/2025 10:48:45,16/9/2025 10:09:37,2022
11265,43,化学纤维制造业,累计中国发明专利申请数均值,件,134.058823529412,12/9/2025 10:48:45,16/9/2025 10:09:37,2022
11266,43,化学纤维制造业,累计中国发明专利申请数最大值,件,664,12/9/2025 10:48:45,16/9/2025 10:09:37,2022
11267,43,化学纤维制造业,累计中国发明专利申请数最小值,件,11,12/9/2025 10:48:45,16/9/2025 10:09:37,2022
11268,43,化学纤维制造业,累计中国发明专利申请数中位数,件,88.5,12/9/2025 10:48:45,16/9/2025 10:09:37,2022
11274,45,石油加工、炼焦和核燃料加工业,累计中国发明专利申请数合计,件,2082,12/9/2025 10:48:45,16/9/2025 10:09:38,2022
11275,45,石油加工、炼焦和核燃料加工业,累计中国发明专利申请数均值,件,122.470588235294,12/9/2025 10:48:46,16/9/2025 10:09:38,2022
11276,45,石油加工、炼焦和核燃料加工业,累计中国发明专利申请数最大值,件,920,12/9/2025 10:48:46,16/9/2025 10:09:38,2022
11277,45,石油加工、炼焦和核燃料加工业,累计中国发明专利申请数最小值,件,4,12/9/2025 10:48:46,16/9/2025 10:09:38,2022
11278,45,石油加工、炼焦和核燃料加工业,累计中国发明专利申请数中位数,件,54,12/9/2025 10:48:46,16/9/2025 10:09:38,2022
11279,46,废弃资源综合利用业,累计中国发明专利申请数合计,件,4398,12/9/2025 10:48:46,16/9/2025 10:09:39,2022
11280,46,废弃资源综合利用业,累计中国发明专利申请数均值,件,199.909090909091,12/9/2025 10:48:46,16/9/2025 10:09:39,2022
11281,46,废弃资源综合利用业,累计中国发明专利申请数最大值,件,1868,12/9/2025 10:48:46,16/9/2025 10:09:39,2022
11282,46,废弃资源综合利用业,累计中国发明专利申请数最小值,件,1,12/9/2025 10:48:46,16/9/2025 10:09:39,2022
11283,46,废弃资源综合利用业,累计中国发明专利申请数中位数,件,49,12/9/2025 10:48:46,16/9/2025 10:09:39,2022
11284,47,木材加工和木、竹、藤、棕、草制品业,累计中国发明专利申请数合计,件,1000,12/9/2025 10:48:46,16/9/2025 10:09:39,2022
11285,47,木材加工和木、竹、藤、棕、草制品业,累计中国发明专利申请数均值,件,111.111111111111,12/9/2025 10:48:46,16/9/2025 10:09:39,2022
11286,47,木材加工和木、竹、藤、棕、草制品业,累计中国发明专利申请数最大值,件,373,12/9/2025 10:48:46,16/9/2025 10:09:39,2022
11287,47,木材加工和木、竹、藤、棕、草制品业,累计中国发明专利申请数最小值,件,3,12/9/2025 10:48:46,16/9/2025 10:09:39,2022
11288,47,木材加工和木、竹、藤、棕、草制品业,累计中国发明专利申请数中位数,件,69,12/9/2025 10:48:47,16/9/2025 10:09:39,2022
11289,48,居民服务、修理和其他服务业,累计中国发明专利申请数合计,件,6,12/9/2025 10:48:47,16/9/2025 10:09:39,2022
11290,48,居民服务、修理和其他服务业,累计中国发明专利申请数均值,件,6,12/9/2025 10:48:47,16/9/2025 10:09:40,2022
11291,48,居民服务、修理和其他服务业,累计中国发明专利申请数最大值,件,6,12/9/2025 10:48:47,16/9/2025 10:09:40,2022
11292,48,居民服务、修理和其他服务业,累计中国发明专利申请数最小值,件,6,12/9/2025 10:48:47,16/9/2025 10:09:40,2022
11293,48,居民服务、修理和其他服务业,累计中国发明专利申请数中位数,件,6,12/9/2025 10:48:47,16/9/2025 10:09:40,2022
11294,0,全行业,累计中国发明专利申请数合计,件,2906272,12/9/2025 10:48:48,5/11/2025 08:56:03,2022
11295,0,全行业,累计中国发明专利申请数均值,件,513.657122658183,12/9/2025 10:48:48,5/11/2025 08:56:03,2022
11296,0,全行业,累计中国发明专利申请数最大值,件,101967,12/9/2025 10:48:48,5/11/2025 08:56:03,2022
11297,0,全行业,累计中国发明专利申请数最小值,件,1,12/9/2025 10:48:48,5/11/2025 08:56:03,2022
11298,0,全行业,累计中国发明专利申请数中位数,件,81.5,12/9/2025 10:48:48,5/11/2025 08:56:03,2022
11299,1,医药制造业,累计PCT发明专利申请数合计,件,7808,12/9/2025 10:48:48,16/9/2025 10:09:41,2022
11300,1,医药制造业,累计PCT发明专利申请数均值,件,26.5578231292517,12/9/2025 10:48:48,16/9/2025 10:09:41,2022
11301,1,医药制造业,累计PCT发明专利申请数最大值,件,957,12/9/2025 10:48:48,16/9/2025 10:09:41,2022
11302,1,医药制造业,累计PCT发明专利申请数最小值,件,1,12/9/2025 10:48:49,16/9/2025 10:09:41,2022
11303,1,医药制造业,累计PCT发明专利申请数中位数,件,8.5,12/9/2025 10:48:49,16/9/2025 10:09:41,2022
11304,2,化学原料和化学制品制造业,累计PCT发明专利申请数合计,件,2078,12/9/2025 10:48:49,16/9/2025 10:09:41,2022
11305,2,化学原料和化学制品制造业,累计PCT发明专利申请数均值,件,12.0115606936416,12/9/2025 10:48:49,16/9/2025 10:09:41,2022
11306,2,化学原料和化学制品制造业,累计PCT发明专利申请数最大值,件,210,12/9/2025 10:48:49,16/9/2025 10:09:41,2022
11307,2,化学原料和化学制品制造业,累计PCT发明专利申请数最小值,件,1,12/9/2025 10:48:49,16/9/2025 10:09:41,2022
11308,2,化学原料和化学制品制造业,累计PCT发明专利申请数中位数,件,4,12/9/2025 10:48:49,16/9/2025 10:09:41,2022
11309,3,信息传输、软件和信息技术服务业,累计PCT发明专利申请数合计,件,30580,12/9/2025 10:48:49,16/9/2025 10:09:42,2022
11310,3,信息传输、软件和信息技术服务业,累计PCT发明专利申请数均值,件,166.195652173913,12/9/2025 10:48:50,16/9/2025 10:09:42,2022
11311,3,信息传输、软件和信息技术服务业,累计PCT发明专利申请数最大值,件,6870,12/9/2025 10:48:50,16/9/2025 10:09:42,2022
11312,3,信息传输、软件和信息技术服务业,累计PCT发明专利申请数最小值,件,1,12/9/2025 10:48:50,16/9/2025 10:09:42,2022
11313,3,信息传输、软件和信息技术服务业,累计PCT发明专利申请数中位数,件,7,12/9/2025 10:48:50,16/9/2025 10:09:42,2022
11314,4,房地产业,累计PCT发明专利申请数合计,件,172,12/9/2025 10:48:50,16/9/2025 10:09:42,2022
11315,4,房地产业,累计PCT发明专利申请数均值,件,13.2307692307692,12/9/2025 10:48:50,16/9/2025 10:09:42,2022
11316,4,房地产业,累计PCT发明专利申请数最大值,件,123,12/9/2025 10:48:51,16/9/2025 10:09:42,2022
11317,4,房地产业,累计PCT发明专利申请数最小值,件,1,12/9/2025 10:48:51,16/9/2025 10:09:42,2022
11318,4,房地产业,累计PCT发明专利申请数中位数,件,2,12/9/2025 10:48:51,16/9/2025 10:09:42,2022
11319,5,专用设备制造业,累计PCT发明专利申请数合计,件,10171,12/9/2025 10:48:51,16/9/2025 10:09:42,2022
11320,5,专用设备制造业,累计PCT发明专利申请数均值,件,38.0936329588015,12/9/2025 10:48:51,16/9/2025 10:09:42,2022
11321,5,专用设备制造业,累计PCT发明专利申请数最大值,件,1133,12/9/2025 10:48:51,16/9/2025 10:09:42,2022
11322,5,专用设备制造业,累计PCT发明专利申请数最小值,件,1,12/9/2025 10:48:51,16/9/2025 10:09:42,2022
11323,5,专用设备制造业,累计PCT发明专利申请数中位数,件,6,12/9/2025 10:48:52,16/9/2025 10:09:42,2022
11324,6,消费电子及电气业,累计PCT发明专利申请数合计,件,86046,12/9/2025 10:48:52,16/9/2025 10:09:43,2022
11325,6,消费电子及电气业,累计PCT发明专利申请数均值,件,405.877358490566,12/9/2025 10:48:52,16/9/2025 10:09:43,2022
11326,6,消费电子及电气业,累计PCT发明专利申请数最大值,件,24961,12/9/2025 10:48:52,16/9/2025 10:09:43,2022
11327,6,消费电子及电气业,累计PCT发明专利申请数最小值,件,1,12/9/2025 10:48:52,16/9/2025 10:09:43,2022
11328,6,消费电子及电气业,累计PCT发明专利申请数中位数,件,11,12/9/2025 10:48:52,16/9/2025 10:09:43,2022
11329,7,金融业,累计PCT发明专利申请数合计,件,1364,12/9/2025 10:48:53,16/9/2025 10:09:43,2022
11330,7,金融业,累计PCT发明专利申请数均值,件,52.4615384615385,12/9/2025 10:48:53,16/9/2025 10:09:43,2022
11331,7,金融业,累计PCT发明专利申请数最大值,件,1172,12/9/2025 10:48:53,16/9/2025 10:09:43,2022
11332,7,金融业,累计PCT发明专利申请数最小值,件,1,12/9/2025 10:48:53,16/9/2025 10:09:43,2022
11333,7,金融业,累计PCT发明专利申请数中位数,件,3,12/9/2025 10:48:53,16/9/2025 10:09:43,2022
11334,8,商业电气机械和器材制造业,累计PCT发明专利申请数合计,件,6788,12/9/2025 10:48:53,16/9/2025 10:09:44,2022
11335,8,商业电气机械和器材制造业,累计PCT发明专利申请数均值,件,37.5027624309392,12/9/2025 10:48:53,16/9/2025 10:09:44,2022
11336,8,商业电气机械和器材制造业,累计PCT发明专利申请数最大值,件,2457,12/9/2025 10:48:53,16/9/2025 10:09:44,2022
11337,8,商业电气机械和器材制造业,累计PCT发明专利申请数最小值,件,1,12/9/2025 10:48:53,16/9/2025 10:09:44,2022
11338,8,商业电气机械和器材制造业,累计PCT发明专利申请数中位数,件,7,12/9/2025 10:48:53,16/9/2025 10:09:44,2022
11339,9,批发和零售业,累计PCT发明专利申请数合计,件,474,12/9/2025 10:48:54,16/9/2025 10:09:44,2022
11340,9,批发和零售业,累计PCT发明专利申请数均值,件,14.8125,12/9/2025 10:48:54,16/9/2025 10:09:44,2022
11341,9,批发和零售业,累计PCT发明专利申请数最大值,件,89,12/9/2025 10:48:54,16/9/2025 10:09:45,2022
11342,9,批发和零售业,累计PCT发明专利申请数最小值,件,1,12/9/2025 10:48:54,16/9/2025 10:09:45,2022
11343,9,批发和零售业,累计PCT发明专利申请数中位数,件,5,12/9/2025 10:48:54,16/9/2025 10:09:45,2022
11344,10,食品饮料业,累计PCT发明专利申请数合计,件,634,12/9/2025 10:48:54,16/9/2025 10:09:45,2022
11345,10,食品饮料业,累计PCT发明专利申请数均值,件,13.4893617021277,12/9/2025 10:48:54,16/9/2025 10:09:45,2022
11346,10,食品饮料业,累计PCT发明专利申请数最大值,件,80,12/9/2025 10:48:54,16/9/2025 10:09:45,2022
11347,10,食品饮料业,累计PCT发明专利申请数最小值,件,1,12/9/2025 10:48:54,16/9/2025 10:09:45,2022
11348,10,食品饮料业,累计PCT发明专利申请数中位数,件,5,12/9/2025 10:48:54,16/9/2025 10:09:45,2022
11354,12,汽车制造业,累计PCT发明专利申请数合计,件,9654,12/9/2025 10:48:55,16/9/2025 10:09:46,2022
11355,12,汽车制造业,累计PCT发明专利申请数均值,件,92.8269230769231,12/9/2025 10:48:55,16/9/2025 10:09:46,2022
11356,12,汽车制造业,累计PCT发明专利申请数最大值,件,2468,12/9/2025 10:48:55,16/9/2025 10:09:46,2022
11357,12,汽车制造业,累计PCT发明专利申请数最小值,件,1,12/9/2025 10:48:55,16/9/2025 10:09:46,2022
11358,12,汽车制造业,累计PCT发明专利申请数中位数,件,7.5,12/9/2025 10:48:55,16/9/2025 10:09:46,2022
11359,13,电力、热力、燃气及水生产和供应业,累计PCT发明专利申请数合计,件,725,12/9/2025 10:48:56,16/9/2025 10:09:47,2022
11360,13,电力、热力、燃气及水生产和供应业,累计PCT发明专利申请数均值,件,27.8846153846154,12/9/2025 10:48:56,16/9/2025 10:09:47,2022
11361,13,电力、热力、燃气及水生产和供应业,累计PCT发明专利申请数最大值,件,204,12/9/2025 10:48:56,16/9/2025 10:09:47,2022
11362,13,电力、热力、燃气及水生产和供应业,累计PCT发明专利申请数最小值,件,1,12/9/2025 10:48:56,16/9/2025 10:09:47,2022
11363,13,电力、热力、燃气及水生产和供应业,累计PCT发明专利申请数中位数,件,3,12/9/2025 10:48:56,16/9/2025 10:09:47,2022
11364,14,采矿业,累计PCT发明专利申请数合计,件,1835,12/9/2025 10:48:56,16/9/2025 10:09:47,2022
11365,14,采矿业,累计PCT发明专利申请数均值,件,57.34375,12/9/2025 10:48:56,16/9/2025 10:09:47,2022
11366,14,采矿业,累计PCT发明专利申请数最大值,件,505,12/9/2025 10:48:56,16/9/2025 10:09:47,2022
11367,14,采矿业,累计PCT发明专利申请数最小值,件,1,12/9/2025 10:48:56,16/9/2025 10:09:47,2022
11368,14,采矿业,累计PCT发明专利申请数中位数,件,8.5,12/9/2025 10:48:57,16/9/2025 10:09:47,2022
11369,15,纺织鞋服业,累计PCT发明专利申请数合计,件,148,12/9/2025 10:48:57,16/9/2025 10:09:47,2022
11370,15,纺织鞋服业,累计PCT发明专利申请数均值,件,4.11111111111111,12/9/2025 10:48:57,16/9/2025 10:09:47,2022
11371,15,纺织鞋服业,累计PCT发明专利申请数最大值,件,20,12/9/2025 10:48:57,16/9/2025 10:09:47,2022
11372,15,纺织鞋服业,累计PCT发明专利申请数最小值,件,1,12/9/2025 10:48:57,16/9/2025 10:09:48,2022
11373,15,纺织鞋服业,累计PCT发明专利申请数中位数,件,2,12/9/2025 10:48:57,16/9/2025 10:09:48,2022
11374,16,建筑业,累计PCT发明专利申请数合计,件,859,12/9/2025 10:48:58,16/9/2025 10:09:48,2022
11375,16,建筑业,累计PCT发明专利申请数均值,件,19.0888888888889,12/9/2025 10:48:58,16/9/2025 10:09:48,2022
11376,16,建筑业,累计PCT发明专利申请数最大值,件,163,12/9/2025 10:48:58,16/9/2025 10:09:48,2022
11377,16,建筑业,累计PCT发明专利申请数最小值,件,1,12/9/2025 10:48:58,16/9/2025 10:09:48,2022
11378,16,建筑业,累计PCT发明专利申请数中位数,件,5,12/9/2025 10:48:58,16/9/2025 10:09:48,2022
11379,17,交通运输、仓储和邮政业,累计PCT发明专利申请数合计,件,84,12/9/2025 10:48:58,16/9/2025 10:09:48,2022
11380,17,交通运输、仓储和邮政业,累计PCT发明专利申请数均值,件,5.25,12/9/2025 10:48:58,16/9/2025 10:09:48,2022
11381,17,交通运输、仓储和邮政业,累计PCT发明专利申请数最大值,件,17,12/9/2025 10:48:58,16/9/2025 10:09:48,2022
11382,17,交通运输、仓储和邮政业,累计PCT发明专利申请数最小值,件,1,12/9/2025 10:48:58,16/9/2025 10:09:49,2022
11383,17,交通运输、仓储和邮政业,累计PCT发明专利申请数中位数,件,2,12/9/2025 10:48:58,16/9/2025 10:09:49,2022
11384,18,通用设备制造业,累计PCT发明专利申请数合计,件,2596,12/9/2025 10:48:58,16/9/2025 10:09:49,2022
11385,18,通用设备制造业,累计PCT发明专利申请数均值,件,23.8165137614679,12/9/2025 10:48:58,16/9/2025 10:09:49,2022
11386,18,通用设备制造业,累计PCT发明专利申请数最大值,件,355,12/9/2025 10:48:59,16/9/2025 10:09:49,2022
11387,18,通用设备制造业,累计PCT发明专利申请数最小值,件,1,12/9/2025 10:48:59,16/9/2025 10:09:49,2022
11388,18,通用设备制造业,累计PCT发明专利申请数中位数,件,4,12/9/2025 10:48:59,16/9/2025 10:09:49,2022
11389,19,半导体业,累计PCT发明专利申请数合计,件,4589,12/9/2025 10:48:59,16/9/2025 10:09:50,2022
11390,19,半导体业,累计PCT发明专利申请数均值,件,47.3092783505155,12/9/2025 10:48:59,16/9/2025 10:09:50,2022
11391,19,半导体业,累计PCT发明专利申请数最大值,件,1601,12/9/2025 10:48:59,16/9/2025 10:09:50,2022
11392,19,半导体业,累计PCT发明专利申请数最小值,件,1,12/9/2025 10:48:59,16/9/2025 10:09:50,2022
11393,19,半导体业,累计PCT发明专利申请数中位数,件,12,12/9/2025 10:48:59,16/9/2025 10:09:50,2022
11394,20,租赁和商务服务业,累计PCT发明专利申请数合计,件,190,12/9/2025 10:49:00,16/9/2025 10:09:50,2022
11395,20,租赁和商务服务业,累计PCT发明专利申请数均值,件,21.1111111111111,12/9/2025 10:49:00,16/9/2025 10:09:50,2022
11396,20,租赁和商务服务业,累计PCT发明专利申请数最大值,件,122,12/9/2025 10:49:00,16/9/2025 10:09:50,2022
11397,20,租赁和商务服务业,累计PCT发明专利申请数最小值,件,1,12/9/2025 10:49:00,16/9/2025 10:09:50,2022
11398,20,租赁和商务服务业,累计PCT发明专利申请数中位数,件,6,12/9/2025 10:49:00,16/9/2025 10:09:50,2022
11399,21,通信传输设备业,累计PCT发明专利申请数合计,件,136542,12/9/2025 10:49:00,16/9/2025 10:09:51,2022
11400,21,通信传输设备业,累计PCT发明专利申请数均值,件,1728.37974683544,12/9/2025 10:49:00,16/9/2025 10:09:51,2022
11401,21,通信传输设备业,累计PCT发明专利申请数最大值,件,65107,12/9/2025 10:49:00,16/9/2025 10:09:51,2022
11402,21,通信传输设备业,累计PCT发明专利申请数最小值,件,1,12/9/2025 10:49:00,16/9/2025 10:09:51,2022
11403,21,通信传输设备业,累计PCT发明专利申请数中位数,件,7,12/9/2025 10:49:00,16/9/2025 10:09:51,2022
11404,22,非金属矿物制品业,累计PCT发明专利申请数合计,件,567,12/9/2025 10:49:01,16/9/2025 10:09:51,2022
11405,22,非金属矿物制品业,累计PCT发明专利申请数均值,件,12.063829787234,12/9/2025 10:49:01,16/9/2025 10:09:51,2022
11406,22,非金属矿物制品业,累计PCT发明专利申请数最大值,件,102,12/9/2025 10:49:01,16/9/2025 10:09:51,2022
11407,22,非金属矿物制品业,累计PCT发明专利申请数最小值,件,1,12/9/2025 10:49:01,16/9/2025 10:09:51,2022
11408,22,非金属矿物制品业,累计PCT发明专利申请数中位数,件,4,12/9/2025 10:49:01,16/9/2025 10:09:51,2022
11409,23,橡胶和塑料制品业,累计PCT发明专利申请数合计,件,1275,12/9/2025 10:49:01,16/9/2025 10:09:52,2022
11410,23,橡胶和塑料制品业,累计PCT发明专利申请数均值,件,22.7678571428571,12/9/2025 10:49:01,16/9/2025 10:09:52,2022
11411,23,橡胶和塑料制品业,累计PCT发明专利申请数最大值,件,571,12/9/2025 10:49:01,16/9/2025 10:09:52,2022
11412,23,橡胶和塑料制品业,累计PCT发明专利申请数最小值,件,1,12/9/2025 10:49:01,16/9/2025 10:09:52,2022
11413,23,橡胶和塑料制品业,累计PCT发明专利申请数中位数,件,3.5,12/9/2025 10:49:01,16/9/2025 10:09:52,2022
11414,24,综合,累计PCT发明专利申请数合计,件,61,12/9/2025 10:49:02,16/9/2025 10:09:52,2022
11415,24,综合,累计PCT发明专利申请数均值,件,15.25,12/9/2025 10:49:02,16/9/2025 10:09:52,2022
11416,24,综合,累计PCT发明专利申请数最大值,件,31,12/9/2025 10:49:02,16/9/2025 10:09:53,2022
11417,24,综合,累计PCT发明专利申请数最小值,件,4,12/9/2025 10:49:02,16/9/2025 10:09:53,2022
11418,24,综合,累计PCT发明专利申请数中位数,件,13,12/9/2025 10:49:02,16/9/2025 10:09:53,2022
11419,25,其他制造业,累计PCT发明专利申请数合计,件,332,12/9/2025 10:49:02,16/9/2025 10:09:53,2022
11420,25,其他制造业,累计PCT发明专利申请数均值,件,15.0909090909091,12/9/2025 10:49:03,16/9/2025 10:09:53,2022
11421,25,其他制造业,累计PCT发明专利申请数最大值,件,138,12/9/2025 10:49:03,16/9/2025 10:09:53,2022
11422,25,其他制造业,累计PCT发明专利申请数最小值,件,1,12/9/2025 10:49:03,16/9/2025 10:09:53,2022
11423,25,其他制造业,累计PCT发明专利申请数中位数,件,4,12/9/2025 10:49:03,16/9/2025 10:09:53,2022
11424,26,金属制品业,累计PCT发明专利申请数合计,件,1121,12/9/2025 10:49:03,16/9/2025 10:09:54,2022
11425,26,金属制品业,累计PCT发明专利申请数均值,件,23.8510638297872,12/9/2025 10:49:03,16/9/2025 10:09:54,2022
11426,26,金属制品业,累计PCT发明专利申请数最大值,件,288,12/9/2025 10:49:03,16/9/2025 10:09:54,2022
11427,26,金属制品业,累计PCT发明专利申请数最小值,件,1,12/9/2025 10:49:03,16/9/2025 10:09:54,2022
11428,26,金属制品业,累计PCT发明专利申请数中位数,件,4,12/9/2025 10:49:03,16/9/2025 10:09:54,2022
11429,27,铁路、船舶、航空航天和其他运输设备制造业,累计PCT发明专利申请数合计,件,4536,12/9/2025 10:49:04,16/9/2025 10:09:54,2022
11430,27,铁路、船舶、航空航天和其他运输设备制造业,累计PCT发明专利申请数均值,件,94.5,12/9/2025 10:49:04,16/9/2025 10:09:54,2022
11431,27,铁路、船舶、航空航天和其他运输设备制造业,累计PCT发明专利申请数最大值,件,1737,12/9/2025 10:49:04,16/9/2025 10:09:54,2022
11432,27,铁路、船舶、航空航天和其他运输设备制造业,累计PCT发明专利申请数最小值,件,1,12/9/2025 10:49:04,16/9/2025 10:09:54,2022
11433,27,铁路、船舶、航空航天和其他运输设备制造业,累计PCT发明专利申请数中位数,件,5,12/9/2025 10:49:04,16/9/2025 10:09:54,2022
11434,28,水利、环境和公共设施管理业,累计PCT发明专利申请数合计,件,140,12/9/2025 10:49:05,16/9/2025 10:09:54,2022
11435,28,水利、环境和公共设施管理业,累计PCT发明专利申请数均值,件,5,12/9/2025 10:49:05,16/9/2025 10:09:54,2022
11436,28,水利、环境和公共设施管理业,累计PCT发明专利申请数最大值,件,25,12/9/2025 10:49:05,16/9/2025 10:09:54,2022
11437,28,水利、环境和公共设施管理业,累计PCT发明专利申请数最小值,件,1,12/9/2025 10:49:05,16/9/2025 10:09:54,2022
11438,28,水利、环境和公共设施管理业,累计PCT发明专利申请数中位数,件,3.5,12/9/2025 10:49:05,16/9/2025 10:09:54,2022
11439,29,金属冶炼和压延加工业,累计PCT发明专利申请数合计,件,1272,12/9/2025 10:49:06,16/9/2025 10:09:55,2022
11440,29,金属冶炼和压延加工业,累计PCT发明专利申请数均值,件,23.1272727272727,12/9/2025 10:49:06,16/9/2025 10:09:55,2022
11441,29,金属冶炼和压延加工业,累计PCT发明专利申请数最大值,件,468,12/9/2025 10:49:06,16/9/2025 10:09:55,2022
11442,29,金属冶炼和压延加工业,累计PCT发明专利申请数最小值,件,1,12/9/2025 10:49:06,16/9/2025 10:09:55,2022
11443,29,金属冶炼和压延加工业,累计PCT发明专利申请数中位数,件,6,12/9/2025 10:49:06,16/9/2025 10:09:55,2022
11444,30,科学研究和技术服务业,累计PCT发明专利申请数合计,件,1600,12/9/2025 10:49:06,16/9/2025 10:09:55,2022
11445,30,科学研究和技术服务业,累计PCT发明专利申请数均值,件,34.0425531914894,12/9/2025 10:49:06,16/9/2025 10:09:55,2022
11446,30,科学研究和技术服务业,累计PCT发明专利申请数最大值,件,469,12/9/2025 10:49:07,16/9/2025 10:09:55,2022
11447,30,科学研究和技术服务业,累计PCT发明专利申请数最小值,件,1,12/9/2025 10:49:07,16/9/2025 10:09:55,2022
11448,30,科学研究和技术服务业,累计PCT发明专利申请数中位数,件,8,12/9/2025 10:49:07,16/9/2025 10:09:55,2022
11449,31,教育,累计PCT发明专利申请数合计,件,24,12/9/2025 10:49:07,16/9/2025 10:09:56,2022
11450,31,教育,累计PCT发明专利申请数均值,件,12,12/9/2025 10:49:07,16/9/2025 10:09:56,2022
11451,31,教育,累计PCT发明专利申请数最大值,件,18,12/9/2025 10:49:07,16/9/2025 10:09:56,2022
11452,31,教育,累计PCT发明专利申请数最小值,件,6,12/9/2025 10:49:07,16/9/2025 10:09:56,2022
11453,31,教育,累计PCT发明专利申请数中位数,件,12,12/9/2025 10:49:08,16/9/2025 10:09:56,2022
11454,32,仪器仪表制造业,累计PCT发明专利申请数合计,件,454,12/9/2025 10:49:08,16/9/2025 10:09:56,2022
11455,32,仪器仪表制造业,累计PCT发明专利申请数均值,件,11.35,12/9/2025 10:49:08,16/9/2025 10:09:56,2022
11456,32,仪器仪表制造业,累计PCT发明专利申请数最大值,件,71,12/9/2025 10:49:08,16/9/2025 10:09:56,2022
11457,32,仪器仪表制造业,累计PCT发明专利申请数最小值,件,1,12/9/2025 10:49:08,16/9/2025 10:09:56,2022
11458,32,仪器仪表制造业,累计PCT发明专利申请数中位数,件,4.5,12/9/2025 10:49:08,16/9/2025 10:09:56,2022
11459,33,文化、体育和娱乐业,累计PCT发明专利申请数合计,件,4,12/9/2025 10:49:09,16/9/2025 10:09:57,2022
11460,33,文化、体育和娱乐业,累计PCT发明专利申请数均值,件,1.33333333333333,12/9/2025 10:49:09,16/9/2025 10:09:57,2022
11461,33,文化、体育和娱乐业,累计PCT发明专利申请数最大值,件,2,12/9/2025 10:49:09,16/9/2025 10:09:57,2022
11462,33,文化、体育和娱乐业,累计PCT发明专利申请数最小值,件,1,12/9/2025 10:49:09,16/9/2025 10:09:57,2022
11463,33,文化、体育和娱乐业,累计PCT发明专利申请数中位数,件,1,12/9/2025 10:49:09,16/9/2025 10:09:57,2022
11464,34,农、林、牧、渔业,累计PCT发明专利申请数合计,件,43,12/9/2025 10:49:10,16/9/2025 10:09:58,2022
11465,34,农、林、牧、渔业,累计PCT发明专利申请数均值,件,5.375,12/9/2025 10:49:10,16/9/2025 10:09:58,2022
11466,34,农、林、牧、渔业,累计PCT发明专利申请数最大值,件,22,12/9/2025 10:49:10,16/9/2025 10:09:58,2022
11467,34,农、林、牧、渔业,累计PCT发明专利申请数最小值,件,1,12/9/2025 10:49:10,16/9/2025 10:09:58,2022
11468,34,农、林、牧、渔业,累计PCT发明专利申请数中位数,件,2,12/9/2025 10:49:10,16/9/2025 10:09:58,2022
11469,35,卫生和社会工作,累计PCT发明专利申请数合计,件,122,12/9/2025 10:49:11,16/9/2025 10:09:58,2022
11470,35,卫生和社会工作,累计PCT发明专利申请数均值,件,17.4285714285714,12/9/2025 10:49:11,16/9/2025 10:09:59,2022
11471,35,卫生和社会工作,累计PCT发明专利申请数最大值,件,99,12/9/2025 10:49:11,16/9/2025 10:09:59,2022
11472,35,卫生和社会工作,累计PCT发明专利申请数最小值,件,1,12/9/2025 10:49:11,16/9/2025 10:09:59,2022
11473,35,卫生和社会工作,累计PCT发明专利申请数中位数,件,2,12/9/2025 10:49:11,16/9/2025 10:09:59,2022
11474,36,造纸和纸制品业,累计PCT发明专利申请数合计,件,56,12/9/2025 10:49:12,16/9/2025 10:09:59,2022
11475,36,造纸和纸制品业,累计PCT发明专利申请数均值,件,4.66666666666667,12/9/2025 10:49:12,16/9/2025 10:09:59,2022
11476,36,造纸和纸制品业,累计PCT发明专利申请数最大值,件,12,12/9/2025 10:49:12,16/9/2025 10:09:59,2022
11477,36,造纸和纸制品业,累计PCT发明专利申请数最小值,件,1,12/9/2025 10:49:12,16/9/2025 10:09:59,2022
11478,36,造纸和纸制品业,累计PCT发明专利申请数中位数,件,4,12/9/2025 10:49:12,16/9/2025 10:10:00,2022
11479,37,住宿和餐饮业,累计PCT发明专利申请数合计,件,0,12/9/2025 10:49:12,16/9/2025 10:10:00,2022
11480,37,住宿和餐饮业,累计PCT发明专利申请数均值,件,0,12/9/2025 10:49:12,16/9/2025 10:10:00,2022
11481,37,住宿和餐饮业,累计PCT发明专利申请数最大值,件,0,12/9/2025 10:49:12,16/9/2025 10:10:00,2022
11482,37,住宿和餐饮业,累计PCT发明专利申请数最小值,件,0,12/9/2025 10:49:12,16/9/2025 10:10:00,2022
11483,37,住宿和餐饮业,累计PCT发明专利申请数中位数,件,0,12/9/2025 10:49:13,16/9/2025 10:10:00,2022
11484,38,家具制造业,累计PCT发明专利申请数合计,件,207,12/9/2025 10:49:13,16/9/2025 10:10:01,2022
11485,38,家具制造业,累计PCT发明专利申请数均值,件,14.7857142857143,12/9/2025 10:49:13,16/9/2025 10:10:01,2022
11486,38,家具制造业,累计PCT发明专利申请数最大值,件,64,12/9/2025 10:49:13,16/9/2025 10:10:01,2022
11487,38,家具制造业,累计PCT发明专利申请数最小值,件,1,12/9/2025 10:49:13,16/9/2025 10:10:01,2022
11488,38,家具制造业,累计PCT发明专利申请数中位数,件,7,12/9/2025 10:49:13,16/9/2025 10:10:01,2022
11489,39,印刷和记录媒介复制业,累计PCT发明专利申请数合计,件,10,12/9/2025 10:49:13,16/9/2025 10:10:02,2022
11490,39,印刷和记录媒介复制业,累计PCT发明专利申请数均值,件,2,12/9/2025 10:49:13,16/9/2025 10:10:02,2022
11491,39,印刷和记录媒介复制业,累计PCT发明专利申请数最大值,件,4,12/9/2025 10:49:13,16/9/2025 10:10:02,2022
11492,39,印刷和记录媒介复制业,累计PCT发明专利申请数最小值,件,1,12/9/2025 10:49:13,16/9/2025 10:10:02,2022
11493,39,印刷和记录媒介复制业,累计PCT发明专利申请数中位数,件,2,12/9/2025 10:49:14,16/9/2025 10:10:02,2022
11494,41,文教、工美、体育和娱乐用品制造业,累计PCT发明专利申请数合计,件,462,12/9/2025 10:49:14,16/9/2025 10:10:02,2022
11495,41,文教、工美、体育和娱乐用品制造业,累计PCT发明专利申请数均值,件,51.3333333333333,12/9/2025 10:49:14,16/9/2025 10:10:02,2022
11496,41,文教、工美、体育和娱乐用品制造业,累计PCT发明专利申请数最大值,件,207,12/9/2025 10:49:14,16/9/2025 10:10:03,2022
11497,41,文教、工美、体育和娱乐用品制造业,累计PCT发明专利申请数最小值,件,1,12/9/2025 10:49:14,16/9/2025 10:10:03,2022
11498,41,文教、工美、体育和娱乐用品制造业,累计PCT发明专利申请数中位数,件,4,12/9/2025 10:49:14,16/9/2025 10:10:03,2022
11504,43,化学纤维制造业,累计PCT发明专利申请数合计,件,140,12/9/2025 10:49:15,16/9/2025 10:10:04,2022
11505,43,化学纤维制造业,累计PCT发明专利申请数均值,件,8.23529411764706,12/9/2025 10:49:15,16/9/2025 10:10:04,2022
11506,43,化学纤维制造业,累计PCT发明专利申请数最大值,件,58,12/9/2025 10:49:15,16/9/2025 10:10:04,2022
11507,43,化学纤维制造业,累计PCT发明专利申请数最小值,件,1,12/9/2025 10:49:15,16/9/2025 10:10:04,2022
11508,43,化学纤维制造业,累计PCT发明专利申请数中位数,件,4,12/9/2025 10:49:15,16/9/2025 10:10:04,2022
11514,45,石油加工、炼焦和核燃料加工业,累计PCT发明专利申请数合计,件,2,12/9/2025 10:49:16,16/9/2025 10:10:05,2022
11515,45,石油加工、炼焦和核燃料加工业,累计PCT发明专利申请数均值,件,1,12/9/2025 10:49:16,16/9/2025 10:10:05,2022
11516,45,石油加工、炼焦和核燃料加工业,累计PCT发明专利申请数最大值,件,1,12/9/2025 10:49:16,16/9/2025 10:10:05,2022
11517,45,石油加工、炼焦和核燃料加工业,累计PCT发明专利申请数最小值,件,1,12/9/2025 10:49:16,16/9/2025 10:10:05,2022
11518,45,石油加工、炼焦和核燃料加工业,累计PCT发明专利申请数中位数,件,1,12/9/2025 10:49:16,16/9/2025 10:10:05,2022
11519,46,废弃资源综合利用业,累计PCT发明专利申请数合计,件,122,12/9/2025 10:49:16,16/9/2025 10:10:05,2022
11520,46,废弃资源综合利用业,累计PCT发明专利申请数均值,件,17.4285714285714,12/9/2025 10:49:16,16/9/2025 10:10:05,2022
11521,46,废弃资源综合利用业,累计PCT发明专利申请数最大值,件,86,12/9/2025 10:49:16,16/9/2025 10:10:06,2022
11522,46,废弃资源综合利用业,累计PCT发明专利申请数最小值,件,1,12/9/2025 10:49:16,16/9/2025 10:10:06,2022
11523,46,废弃资源综合利用业,累计PCT发明专利申请数中位数,件,10,12/9/2025 10:49:16,16/9/2025 10:10:06,2022
11524,47,木材加工和木、竹、藤、棕、草制品业,累计PCT发明专利申请数合计,件,7,12/9/2025 10:49:16,16/9/2025 10:10:06,2022
11525,47,木材加工和木、竹、藤、棕、草制品业,累计PCT发明专利申请数均值,件,7,12/9/2025 10:49:17,16/9/2025 10:10:06,2022
11526,47,木材加工和木、竹、藤、棕、草制品业,累计PCT发明专利申请数最大值,件,7,12/9/2025 10:49:17,16/9/2025 10:10:06,2022
11527,47,木材加工和木、竹、藤、棕、草制品业,累计PCT发明专利申请数最小值,件,7,12/9/2025 10:49:17,16/9/2025 10:10:06,2022
11528,47,木材加工和木、竹、藤、棕、草制品业,累计PCT发明专利申请数中位数,件,7,12/9/2025 10:49:17,16/9/2025 10:10:06,2022
11529,48,居民服务、修理和其他服务业,累计PCT发明专利申请数合计,件,0,12/9/2025 10:49:17,16/9/2025 10:10:07,2022
11530,48,居民服务、修理和其他服务业,累计PCT发明专利申请数均值,件,0,12/9/2025 10:49:17,16/9/2025 10:10:07,2022
11531,48,居民服务、修理和其他服务业,累计PCT发明专利申请数最大值,件,0,12/9/2025 10:49:17,16/9/2025 10:10:07,2022
11532,48,居民服务、修理和其他服务业,累计PCT发明专利申请数最小值,件,0,12/9/2025 10:49:17,16/9/2025 10:10:07,2022
11533,48,居民服务、修理和其他服务业,累计PCT发明专利申请数中位数,件,0,12/9/2025 10:49:17,16/9/2025 10:10:07,2022
11534,0,全行业,累计PCT发明专利申请数合计,件,315894,12/9/2025 10:49:17,5/11/2025 08:56:03,2022
11535,0,全行业,累计PCT发明专利申请数均值,件,128.255785627284,12/9/2025 10:49:17,5/11/2025 08:56:03,2022
11536,0,全行业,累计PCT发明专利申请数最大值,件,65107,12/9/2025 10:49:17,5/11/2025 08:56:03,2022
11537,0,全行业,累计PCT发明专利申请数最小值,件,1,12/9/2025 10:49:17,5/11/2025 08:56:03,2022
11538,0,全行业,累计PCT发明专利申请数中位数,件,6,12/9/2025 10:49:17,5/11/2025 08:56:03,2022
11539,1,医药制造业,参与起草国家标准合计,个,41,12/9/2025 10:49:18,16/9/2025 10:10:08,2022
11540,1,医药制造业,参与起草国家标准均值,个,1.64,12/9/2025 10:49:18,16/9/2025 10:10:08,2022
11541,1,医药制造业,参与起草国家标准最大值,个,6,12/9/2025 10:49:18,16/9/2025 10:10:08,2022
11542,1,医药制造业,参与起草国家标准最小值,个,1,12/9/2025 10:49:18,16/9/2025 10:10:08,2022
11543,1,医药制造业,参与起草国家标准中位数,个,1,12/9/2025 10:49:18,16/9/2025 10:10:08,2022
11544,2,化学原料和化学制品制造业,参与起草国家标准合计,个,219,12/9/2025 10:49:18,16/9/2025 10:10:08,2022
11545,2,化学原料和化学制品制造业,参与起草国家标准均值,个,2.60714285714286,12/9/2025 10:49:18,16/9/2025 10:10:08,2022
11546,2,化学原料和化学制品制造业,参与起草国家标准最大值,个,30,12/9/2025 10:49:18,16/9/2025 10:10:08,2022
11547,2,化学原料和化学制品制造业,参与起草国家标准最小值,个,1,12/9/2025 10:49:18,16/9/2025 10:10:08,2022
11548,2,化学原料和化学制品制造业,参与起草国家标准中位数,个,1,12/9/2025 10:49:18,16/9/2025 10:10:08,2022
11549,3,信息传输、软件和信息技术服务业,参与起草国家标准合计,个,503,12/9/2025 10:49:19,16/9/2025 10:10:09,2022
11550,3,信息传输、软件和信息技术服务业,参与起草国家标准均值,个,4.22689075630252,12/9/2025 10:49:19,16/9/2025 10:10:09,2022
11551,3,信息传输、软件和信息技术服务业,参与起草国家标准最大值,个,26,12/9/2025 10:49:19,16/9/2025 10:10:09,2022
11552,3,信息传输、软件和信息技术服务业,参与起草国家标准最小值,个,1,12/9/2025 10:49:19,16/9/2025 10:10:09,2022
11553,3,信息传输、软件和信息技术服务业,参与起草国家标准中位数,个,2,12/9/2025 10:49:19,16/9/2025 10:10:09,2022
11554,4,房地产业,参与起草国家标准合计,个,20,12/9/2025 10:49:19,16/9/2025 10:10:09,2022
11555,4,房地产业,参与起草国家标准均值,个,1.66666666666667,12/9/2025 10:49:19,16/9/2025 10:10:09,2022
11556,4,房地产业,参与起草国家标准最大值,个,4,12/9/2025 10:49:19,16/9/2025 10:10:09,2022
11557,4,房地产业,参与起草国家标准最小值,个,1,12/9/2025 10:49:19,16/9/2025 10:10:09,2022
11558,4,房地产业,参与起草国家标准中位数,个,1,12/9/2025 10:49:19,16/9/2025 10:10:09,2022
11559,5,专用设备制造业,参与起草国家标准合计,个,339,12/9/2025 10:49:20,16/9/2025 10:10:10,2022
11560,5,专用设备制造业,参与起草国家标准均值,个,3.16822429906542,12/9/2025 10:49:20,16/9/2025 10:10:10,2022
11561,5,专用设备制造业,参与起草国家标准最大值,个,51,12/9/2025 10:49:20,16/9/2025 10:10:10,2022
11562,5,专用设备制造业,参与起草国家标准最小值,个,1,12/9/2025 10:49:20,16/9/2025 10:10:10,2022
11563,5,专用设备制造业,参与起草国家标准中位数,个,2,12/9/2025 10:49:20,16/9/2025 10:10:10,2022
11564,6,消费电子及电气业,参与起草国家标准合计,个,381,12/9/2025 10:49:20,16/9/2025 10:10:10,2022
11565,6,消费电子及电气业,参与起草国家标准均值,个,5.01315789473684,12/9/2025 10:49:20,16/9/2025 10:10:10,2022
11566,6,消费电子及电气业,参与起草国家标准最大值,个,50,12/9/2025 10:49:20,16/9/2025 10:10:10,2022
11567,6,消费电子及电气业,参与起草国家标准最小值,个,1,12/9/2025 10:49:21,16/9/2025 10:10:10,2022
11568,6,消费电子及电气业,参与起草国家标准中位数,个,2,12/9/2025 10:49:21,16/9/2025 10:10:10,2022
11569,7,金融业,参与起草国家标准合计,个,67,12/9/2025 10:49:21,16/9/2025 10:10:11,2022
11570,7,金融业,参与起草国家标准均值,个,2.91304347826087,12/9/2025 10:49:21,16/9/2025 10:10:11,2022
11571,7,金融业,参与起草国家标准最大值,个,9,12/9/2025 10:49:21,16/9/2025 10:10:11,2022
11572,7,金融业,参与起草国家标准最小值,个,1,12/9/2025 10:49:21,16/9/2025 10:10:11,2022
11573,7,金融业,参与起草国家标准中位数,个,1,12/9/2025 10:49:21,16/9/2025 10:10:11,2022
11574,8,商业电气机械和器材制造业,参与起草国家标准合计,个,657,12/9/2025 10:49:22,16/9/2025 10:10:11,2022
11575,8,商业电气机械和器材制造业,参与起草国家标准均值,个,5.71304347826087,12/9/2025 10:49:22,16/9/2025 10:10:11,2022
11576,8,商业电气机械和器材制造业,参与起草国家标准最大值,个,29,12/9/2025 10:49:22,16/9/2025 10:10:11,2022
11577,8,商业电气机械和器材制造业,参与起草国家标准最小值,个,1,12/9/2025 10:49:22,16/9/2025 10:10:11,2022
11578,8,商业电气机械和器材制造业,参与起草国家标准中位数,个,3,12/9/2025 10:49:22,16/9/2025 10:10:11,2022
11579,9,批发和零售业,参与起草国家标准合计,个,51,12/9/2025 10:49:23,16/9/2025 10:10:12,2022
11580,9,批发和零售业,参与起草国家标准均值,个,2.42857142857143,12/9/2025 10:49:23,16/9/2025 10:10:12,2022
11581,9,批发和零售业,参与起草国家标准最大值,个,8,12/9/2025 10:49:23,16/9/2025 10:10:12,2022
11582,9,批发和零售业,参与起草国家标准最小值,个,1,12/9/2025 10:49:23,16/9/2025 10:10:12,2022
11583,9,批发和零售业,参与起草国家标准中位数,个,1,12/9/2025 10:49:23,16/9/2025 10:10:12,2022
11584,10,食品饮料业,参与起草国家标准合计,个,124,12/9/2025 10:49:24,16/9/2025 10:10:12,2022
11585,10,食品饮料业,参与起草国家标准均值,个,2.48,12/9/2025 10:49:24,16/9/2025 10:10:12,2022
11586,10,食品饮料业,参与起草国家标准最大值,个,11,12/9/2025 10:49:24,16/9/2025 10:10:12,2022
11587,10,食品饮料业,参与起草国家标准最小值,个,1,12/9/2025 10:49:24,16/9/2025 10:10:12,2022
11588,10,食品饮料业,参与起草国家标准中位数,个,2,12/9/2025 10:49:24,16/9/2025 10:10:12,2022
11594,12,汽车制造业,参与起草国家标准合计,个,515,12/9/2025 10:49:25,16/9/2025 10:10:13,2022
11595,12,汽车制造业,参与起草国家标准均值,个,9.03508771929824,12/9/2025 10:49:25,16/9/2025 10:10:13,2022
11596,12,汽车制造业,参与起草国家标准最大值,个,66,12/9/2025 10:49:25,16/9/2025 10:10:13,2022
11597,12,汽车制造业,参与起草国家标准最小值,个,1,12/9/2025 10:49:25,16/9/2025 10:10:13,2022
11598,12,汽车制造业,参与起草国家标准中位数,个,4,12/9/2025 10:49:25,16/9/2025 10:10:13,2022
11599,13,电力、热力、燃气及水生产和供应业,参与起草国家标准合计,个,113,12/9/2025 10:49:25,16/9/2025 10:10:13,2022
11600,13,电力、热力、燃气及水生产和供应业,参与起草国家标准均值,个,3.32352941176471,12/9/2025 10:49:25,16/9/2025 10:10:13,2022
11601,13,电力、热力、燃气及水生产和供应业,参与起草国家标准最大值,个,35,12/9/2025 10:49:25,16/9/2025 10:10:13,2022
11602,13,电力、热力、燃气及水生产和供应业,参与起草国家标准最小值,个,1,12/9/2025 10:49:25,16/9/2025 10:10:13,2022
11603,13,电力、热力、燃气及水生产和供应业,参与起草国家标准中位数,个,1,12/9/2025 10:49:25,16/9/2025 10:10:13,2022
11604,14,采矿业,参与起草国家标准合计,个,277,12/9/2025 10:49:26,16/9/2025 10:10:14,2022
11605,14,采矿业,参与起草国家标准均值,个,11.08,12/9/2025 10:49:26,16/9/2025 10:10:14,2022
11606,14,采矿业,参与起草国家标准最大值,个,88,12/9/2025 10:49:26,16/9/2025 10:10:14,2022
11607,14,采矿业,参与起草国家标准最小值,个,1,12/9/2025 10:49:26,16/9/2025 10:10:14,2022
11608,14,采矿业,参与起草国家标准中位数,个,3,12/9/2025 10:49:26,16/9/2025 10:10:14,2022
11609,15,纺织鞋服业,参与起草国家标准合计,个,80,12/9/2025 10:49:26,16/9/2025 10:10:14,2022
11610,15,纺织鞋服业,参与起草国家标准均值,个,2.35294117647059,12/9/2025 10:49:26,16/9/2025 10:10:14,2022
11611,15,纺织鞋服业,参与起草国家标准最大值,个,9,12/9/2025 10:49:26,16/9/2025 10:10:14,2022
11612,15,纺织鞋服业,参与起草国家标准最小值,个,1,12/9/2025 10:49:26,16/9/2025 10:10:14,2022
11613,15,纺织鞋服业,参与起草国家标准中位数,个,1,12/9/2025 10:49:26,16/9/2025 10:10:14,2022
11614,16,建筑业,参与起草国家标准合计,个,259,12/9/2025 10:49:27,16/9/2025 10:10:14,2022
11615,16,建筑业,参与起草国家标准均值,个,7.84848484848485,12/9/2025 10:49:27,16/9/2025 10:10:14,2022
11616,16,建筑业,参与起草国家标准最大值,个,47,12/9/2025 10:49:27,16/9/2025 10:10:14,2022
11617,16,建筑业,参与起草国家标准最小值,个,1,12/9/2025 10:49:27,16/9/2025 10:10:14,2022
11618,16,建筑业,参与起草国家标准中位数,个,3,12/9/2025 10:49:27,16/9/2025 10:10:14,2022
11619,17,交通运输、仓储和邮政业,参与起草国家标准合计,个,30,12/9/2025 10:49:27,16/9/2025 10:10:15,2022
11620,17,交通运输、仓储和邮政业,参与起草国家标准均值,个,1.66666666666667,12/9/2025 10:49:27,16/9/2025 10:10:15,2022
11621,17,交通运输、仓储和邮政业,参与起草国家标准最大值,个,6,12/9/2025 10:49:27,16/9/2025 10:10:15,2022
11622,17,交通运输、仓储和邮政业,参与起草国家标准最小值,个,1,12/9/2025 10:49:27,16/9/2025 10:10:15,2022
11623,17,交通运输、仓储和邮政业,参与起草国家标准中位数,个,1,12/9/2025 10:49:27,16/9/2025 10:10:15,2022
11624,18,通用设备制造业,参与起草国家标准合计,个,302,12/9/2025 10:49:28,16/9/2025 10:10:15,2022
11625,18,通用设备制造业,参与起草国家标准均值,个,3.775,12/9/2025 10:49:28,16/9/2025 10:10:15,2022
11626,18,通用设备制造业,参与起草国家标准最大值,个,37,12/9/2025 10:49:28,16/9/2025 10:10:15,2022
11627,18,通用设备制造业,参与起草国家标准最小值,个,1,12/9/2025 10:49:28,16/9/2025 10:10:15,2022
11628,18,通用设备制造业,参与起草国家标准中位数,个,2,12/9/2025 10:49:28,16/9/2025 10:10:15,2022
11629,19,半导体业,参与起草国家标准合计,个,70,12/9/2025 10:49:28,16/9/2025 10:10:16,2022
11630,19,半导体业,参与起草国家标准均值,个,3.18181818181818,12/9/2025 10:49:28,16/9/2025 10:10:16,2022
11631,19,半导体业,参与起草国家标准最大值,个,8,12/9/2025 10:49:28,16/9/2025 10:10:16,2022
11632,19,半导体业,参与起草国家标准最小值,个,1,12/9/2025 10:49:28,16/9/2025 10:10:16,2022
11633,19,半导体业,参与起草国家标准中位数,个,3,12/9/2025 10:49:28,16/9/2025 10:10:16,2022
11634,20,租赁和商务服务业,参与起草国家标准合计,个,4,12/9/2025 10:49:29,16/9/2025 10:10:17,2022
11635,20,租赁和商务服务业,参与起草国家标准均值,个,2,12/9/2025 10:49:29,16/9/2025 10:10:17,2022
11636,20,租赁和商务服务业,参与起草国家标准最大值,个,2,12/9/2025 10:49:29,16/9/2025 10:10:17,2022
11637,20,租赁和商务服务业,参与起草国家标准最小值,个,2,12/9/2025 10:49:29,16/9/2025 10:10:17,2022
11638,20,租赁和商务服务业,参与起草国家标准中位数,个,2,12/9/2025 10:49:29,16/9/2025 10:10:17,2022
11639,21,通信传输设备业,参与起草国家标准合计,个,181,12/9/2025 10:49:29,16/9/2025 10:10:17,2022
11640,21,通信传输设备业,参与起草国家标准均值,个,7.54166666666667,12/9/2025 10:49:29,16/9/2025 10:10:17,2022
11641,21,通信传输设备业,参与起草国家标准最大值,个,74,12/9/2025 10:49:29,16/9/2025 10:10:17,2022
11642,21,通信传输设备业,参与起草国家标准最小值,个,1,12/9/2025 10:49:29,16/9/2025 10:10:17,2022
11643,21,通信传输设备业,参与起草国家标准中位数,个,2.5,12/9/2025 10:49:29,16/9/2025 10:10:17,2022
11644,22,非金属矿物制品业,参与起草国家标准合计,个,172,12/9/2025 10:49:30,16/9/2025 10:10:18,2022
11645,22,非金属矿物制品业,参与起草国家标准均值,个,3.58333333333333,12/9/2025 10:49:30,16/9/2025 10:10:18,2022
11646,22,非金属矿物制品业,参与起草国家标准最大值,个,26,12/9/2025 10:49:30,16/9/2025 10:10:18,2022
11647,22,非金属矿物制品业,参与起草国家标准最小值,个,1,12/9/2025 10:49:30,16/9/2025 10:10:18,2022
11648,22,非金属矿物制品业,参与起草国家标准中位数,个,2,12/9/2025 10:49:30,16/9/2025 10:10:18,2022
11649,23,橡胶和塑料制品业,参与起草国家标准合计,个,90,12/9/2025 10:49:30,16/9/2025 10:10:18,2022
11650,23,橡胶和塑料制品业,参与起草国家标准均值,个,2.30769230769231,12/9/2025 10:49:30,16/9/2025 10:10:18,2022
11651,23,橡胶和塑料制品业,参与起草国家标准最大值,个,12,12/9/2025 10:49:30,16/9/2025 10:10:18,2022
11652,23,橡胶和塑料制品业,参与起草国家标准最小值,个,1,12/9/2025 10:49:30,16/9/2025 10:10:18,2022
11653,23,橡胶和塑料制品业,参与起草国家标准中位数,个,1,12/9/2025 10:49:30,16/9/2025 10:10:18,2022
11654,24,综合,参与起草国家标准合计,个,12,12/9/2025 10:49:31,16/9/2025 10:10:19,2022
11655,24,综合,参与起草国家标准均值,个,6,12/9/2025 10:49:31,16/9/2025 10:10:19,2022
11656,24,综合,参与起草国家标准最大值,个,6,12/9/2025 10:49:31,16/9/2025 10:10:19,2022
11657,24,综合,参与起草国家标准最小值,个,6,12/9/2025 10:49:31,16/9/2025 10:10:19,2022
11658,24,综合,参与起草国家标准中位数,个,6,12/9/2025 10:49:31,16/9/2025 10:10:19,2022
11659,25,其他制造业,参与起草国家标准合计,个,25,12/9/2025 10:49:31,16/9/2025 10:10:19,2022
11660,25,其他制造业,参与起草国家标准均值,个,5,12/9/2025 10:49:32,16/9/2025 10:10:19,2022
11661,25,其他制造业,参与起草国家标准最大值,个,8,12/9/2025 10:49:32,16/9/2025 10:10:19,2022
11662,25,其他制造业,参与起草国家标准最小值,个,3,12/9/2025 10:49:32,16/9/2025 10:10:19,2022
11663,25,其他制造业,参与起草国家标准中位数,个,5,12/9/2025 10:49:32,16/9/2025 10:10:19,2022
11664,26,金属制品业,参与起草国家标准合计,个,87,12/9/2025 10:49:32,16/9/2025 10:10:19,2022
11665,26,金属制品业,参与起草国家标准均值,个,3.10714285714286,12/9/2025 10:49:32,16/9/2025 10:10:19,2022
11666,26,金属制品业,参与起草国家标准最大值,个,12,12/9/2025 10:49:32,16/9/2025 10:10:19,2022
11667,26,金属制品业,参与起草国家标准最小值,个,1,12/9/2025 10:49:32,16/9/2025 10:10:19,2022
11668,26,金属制品业,参与起草国家标准中位数,个,3,12/9/2025 10:49:33,16/9/2025 10:10:19,2022
11669,27,铁路、船舶、航空航天和其他运输设备制造业,参与起草国家标准合计,个,180,12/9/2025 10:49:33,16/9/2025 10:10:20,2022
11670,27,铁路、船舶、航空航天和其他运输设备制造业,参与起草国家标准均值,个,5.80645161290323,12/9/2025 10:49:33,16/9/2025 10:10:20,2022
11671,27,铁路、船舶、航空航天和其他运输设备制造业,参与起草国家标准最大值,个,65,12/9/2025 10:49:33,16/9/2025 10:10:20,2022
11672,27,铁路、船舶、航空航天和其他运输设备制造业,参与起草国家标准最小值,个,1,12/9/2025 10:49:33,16/9/2025 10:10:20,2022
11673,27,铁路、船舶、航空航天和其他运输设备制造业,参与起草国家标准中位数,个,2,12/9/2025 10:49:33,16/9/2025 10:10:20,2022
11674,28,水利、环境和公共设施管理业,参与起草国家标准合计,个,25,12/9/2025 10:49:33,16/9/2025 10:10:20,2022
11675,28,水利、环境和公共设施管理业,参与起草国家标准均值,个,1.92307692307692,12/9/2025 10:49:33,16/9/2025 10:10:20,2022
11676,28,水利、环境和公共设施管理业,参与起草国家标准最大值,个,7,12/9/2025 10:49:33,16/9/2025 10:10:20,2022
11677,28,水利、环境和公共设施管理业,参与起草国家标准最小值,个,1,12/9/2025 10:49:34,16/9/2025 10:10:20,2022
11678,28,水利、环境和公共设施管理业,参与起草国家标准中位数,个,1,12/9/2025 10:49:34,16/9/2025 10:10:20,2022
11679,29,金属冶炼和压延加工业,参与起草国家标准合计,个,322,12/9/2025 10:49:34,16/9/2025 10:10:21,2022
11680,29,金属冶炼和压延加工业,参与起草国家标准均值,个,4.6,12/9/2025 10:49:34,16/9/2025 10:10:21,2022
11681,29,金属冶炼和压延加工业,参与起草国家标准最大值,个,25,12/9/2025 10:49:34,16/9/2025 10:10:21,2022
11682,29,金属冶炼和压延加工业,参与起草国家标准最小值,个,1,12/9/2025 10:49:34,16/9/2025 10:10:21,2022
11683,29,金属冶炼和压延加工业,参与起草国家标准中位数,个,3,12/9/2025 10:49:34,16/9/2025 10:10:21,2022
11684,30,科学研究和技术服务业,参与起草国家标准合计,个,237,12/9/2025 10:49:35,16/9/2025 10:10:22,2022
11685,30,科学研究和技术服务业,参与起草国家标准均值,个,6.58333333333333,12/9/2025 10:49:35,16/9/2025 10:10:22,2022
11686,30,科学研究和技术服务业,参与起草国家标准最大值,个,43,12/9/2025 10:49:35,16/9/2025 10:10:22,2022
11687,30,科学研究和技术服务业,参与起草国家标准最小值,个,1,12/9/2025 10:49:35,16/9/2025 10:10:22,2022
11688,30,科学研究和技术服务业,参与起草国家标准中位数,个,2.5,12/9/2025 10:49:35,16/9/2025 10:10:22,2022
11689,31,教育,参与起草国家标准合计,个,2,12/9/2025 10:49:35,16/9/2025 10:10:22,2022
11690,31,教育,参与起草国家标准均值,个,1,12/9/2025 10:49:35,16/9/2025 10:10:22,2022
11691,31,教育,参与起草国家标准最大值,个,1,12/9/2025 10:49:36,16/9/2025 10:10:22,2022
11692,31,教育,参与起草国家标准最小值,个,1,12/9/2025 10:49:36,16/9/2025 10:10:22,2022
11693,31,教育,参与起草国家标准中位数,个,1,12/9/2025 10:49:36,16/9/2025 10:10:22,2022
11694,32,仪器仪表制造业,参与起草国家标准合计,个,152,12/9/2025 10:49:36,16/9/2025 10:10:23,2022
11695,32,仪器仪表制造业,参与起草国家标准均值,个,4.90322580645161,12/9/2025 10:49:36,16/9/2025 10:10:23,2022
11696,32,仪器仪表制造业,参与起草国家标准最大值,个,19,12/9/2025 10:49:36,16/9/2025 10:10:23,2022
11697,32,仪器仪表制造业,参与起草国家标准最小值,个,1,12/9/2025 10:49:36,16/9/2025 10:10:23,2022
11698,32,仪器仪表制造业,参与起草国家标准中位数,个,3,12/9/2025 10:49:36,16/9/2025 10:10:23,2022
11699,33,文化、体育和娱乐业,参与起草国家标准合计,个,19,12/9/2025 10:49:37,16/9/2025 10:10:23,2022
11700,33,文化、体育和娱乐业,参与起草国家标准均值,个,2.11111111111111,12/9/2025 10:49:37,16/9/2025 10:10:23,2022
11701,33,文化、体育和娱乐业,参与起草国家标准最大值,个,5,12/9/2025 10:49:37,16/9/2025 10:10:23,2022
11702,33,文化、体育和娱乐业,参与起草国家标准最小值,个,1,12/9/2025 10:49:37,16/9/2025 10:10:24,2022
11703,33,文化、体育和娱乐业,参与起草国家标准中位数,个,1,12/9/2025 10:49:37,16/9/2025 10:10:24,2022
11704,34,农、林、牧、渔业,参与起草国家标准合计,个,11,12/9/2025 10:49:37,16/9/2025 10:10:24,2022
11705,34,农、林、牧、渔业,参与起草国家标准均值,个,1.1,12/9/2025 10:49:37,16/9/2025 10:10:24,2022
11706,34,农、林、牧、渔业,参与起草国家标准最大值,个,2,12/9/2025 10:49:38,16/9/2025 10:10:24,2022
11707,34,农、林、牧、渔业,参与起草国家标准最小值,个,1,12/9/2025 10:49:38,16/9/2025 10:10:24,2022
11708,34,农、林、牧、渔业,参与起草国家标准中位数,个,1,12/9/2025 10:49:38,16/9/2025 10:10:24,2022
11709,35,卫生和社会工作,参与起草国家标准合计,个,7,12/9/2025 10:49:38,16/9/2025 10:10:25,2022
11710,35,卫生和社会工作,参与起草国家标准均值,个,2.33333333333333,12/9/2025 10:49:38,16/9/2025 10:10:25,2022
11711,35,卫生和社会工作,参与起草国家标准最大值,个,3,12/9/2025 10:49:38,16/9/2025 10:10:25,2022
11712,35,卫生和社会工作,参与起草国家标准最小值,个,1,12/9/2025 10:49:38,16/9/2025 10:10:25,2022
11713,35,卫生和社会工作,参与起草国家标准中位数,个,3,12/9/2025 10:49:38,16/9/2025 10:10:25,2022
11714,36,造纸和纸制品业,参与起草国家标准合计,个,44,12/9/2025 10:49:39,16/9/2025 10:10:25,2022
11715,36,造纸和纸制品业,参与起草国家标准均值,个,2,12/9/2025 10:49:39,16/9/2025 10:10:25,2022
11716,36,造纸和纸制品业,参与起草国家标准最大值,个,6,12/9/2025 10:49:39,16/9/2025 10:10:25,2022
11717,36,造纸和纸制品业,参与起草国家标准最小值,个,1,12/9/2025 10:49:39,16/9/2025 10:10:25,2022
11718,36,造纸和纸制品业,参与起草国家标准中位数,个,1,12/9/2025 10:49:39,16/9/2025 10:10:25,2022
11719,37,住宿和餐饮业,参与起草国家标准合计,个,1,12/9/2025 10:49:40,16/9/2025 10:10:26,2022
11720,37,住宿和餐饮业,参与起草国家标准均值,个,1,12/9/2025 10:49:40,16/9/2025 10:10:26,2022
11721,37,住宿和餐饮业,参与起草国家标准最大值,个,1,12/9/2025 10:49:40,16/9/2025 10:10:26,2022
11722,37,住宿和餐饮业,参与起草国家标准最小值,个,1,12/9/2025 10:49:40,16/9/2025 10:10:26,2022
11723,37,住宿和餐饮业,参与起草国家标准中位数,个,1,12/9/2025 10:49:40,16/9/2025 10:10:26,2022
11724,38,家具制造业,参与起草国家标准合计,个,22,12/9/2025 10:49:41,16/9/2025 10:10:26,2022
11725,38,家具制造业,参与起草国家标准均值,个,2,12/9/2025 10:49:41,16/9/2025 10:10:26,2022
11726,38,家具制造业,参与起草国家标准最大值,个,6,12/9/2025 10:49:41,16/9/2025 10:10:26,2022
11727,38,家具制造业,参与起草国家标准最小值,个,1,12/9/2025 10:49:41,16/9/2025 10:10:26,2022
11728,38,家具制造业,参与起草国家标准中位数,个,1,12/9/2025 10:49:41,16/9/2025 10:10:26,2022
11729,39,印刷和记录媒介复制业,参与起草国家标准合计,个,13,12/9/2025 10:49:42,16/9/2025 10:10:26,2022
11730,39,印刷和记录媒介复制业,参与起草国家标准均值,个,1.44444444444444,12/9/2025 10:49:42,16/9/2025 10:10:26,2022
11731,39,印刷和记录媒介复制业,参与起草国家标准最大值,个,4,12/9/2025 10:49:42,16/9/2025 10:10:27,2022
11732,39,印刷和记录媒介复制业,参与起草国家标准最小值,个,1,12/9/2025 10:49:42,16/9/2025 10:10:27,2022
11733,39,印刷和记录媒介复制业,参与起草国家标准中位数,个,1,12/9/2025 10:49:42,16/9/2025 10:10:27,2022
11734,41,文教、工美、体育和娱乐用品制造业,参与起草国家标准合计,个,20,12/9/2025 10:49:43,16/9/2025 10:10:27,2022
11735,41,文教、工美、体育和娱乐用品制造业,参与起草国家标准均值,个,2.5,12/9/2025 10:49:43,16/9/2025 10:10:27,2022
11736,41,文教、工美、体育和娱乐用品制造业,参与起草国家标准最大值,个,8,12/9/2025 10:49:43,16/9/2025 10:10:27,2022
11737,41,文教、工美、体育和娱乐用品制造业,参与起草国家标准最小值,个,1,12/9/2025 10:49:43,16/9/2025 10:10:27,2022
11738,41,文教、工美、体育和娱乐用品制造业,参与起草国家标准中位数,个,1.5,12/9/2025 10:49:43,16/9/2025 10:10:27,2022
11744,43,化学纤维制造业,参与起草国家标准合计,个,48,12/9/2025 10:49:44,16/9/2025 10:10:28,2022
11745,43,化学纤维制造业,参与起草国家标准均值,个,2.4,12/9/2025 10:49:44,16/9/2025 10:10:28,2022
11746,43,化学纤维制造业,参与起草国家标准最大值,个,7,12/9/2025 10:49:44,16/9/2025 10:10:28,2022
11747,43,化学纤维制造业,参与起草国家标准最小值,个,1,12/9/2025 10:49:44,16/9/2025 10:10:28,2022
11748,43,化学纤维制造业,参与起草国家标准中位数,个,2,12/9/2025 10:49:44,16/9/2025 10:10:28,2022
11754,45,石油加工、炼焦和核燃料加工业,参与起草国家标准合计,个,18,12/9/2025 10:49:45,16/9/2025 10:10:28,2022
11755,45,石油加工、炼焦和核燃料加工业,参与起草国家标准均值,个,6,12/9/2025 10:49:45,16/9/2025 10:10:28,2022
11756,45,石油加工、炼焦和核燃料加工业,参与起草国家标准最大值,个,14,12/9/2025 10:49:45,16/9/2025 10:10:29,2022
11757,45,石油加工、炼焦和核燃料加工业,参与起草国家标准最小值,个,2,12/9/2025 10:49:45,16/9/2025 10:10:29,2022
11758,45,石油加工、炼焦和核燃料加工业,参与起草国家标准中位数,个,2,12/9/2025 10:49:45,16/9/2025 10:10:29,2022
11759,46,废弃资源综合利用业,参与起草国家标准合计,个,14,12/9/2025 10:49:45,16/9/2025 10:10:29,2022
11760,46,废弃资源综合利用业,参与起草国家标准均值,个,4.66666666666667,12/9/2025 10:49:45,16/9/2025 10:10:29,2022
11761,46,废弃资源综合利用业,参与起草国家标准最大值,个,12,12/9/2025 10:49:45,16/9/2025 10:10:29,2022
11762,46,废弃资源综合利用业,参与起草国家标准最小值,个,1,12/9/2025 10:49:45,16/9/2025 10:10:29,2022
11763,46,废弃资源综合利用业,参与起草国家标准中位数,个,1,12/9/2025 10:49:46,16/9/2025 10:10:29,2022
11764,47,木材加工和木、竹、藤、棕、草制品业,参与起草国家标准合计,个,23,12/9/2025 10:49:46,16/9/2025 10:10:30,2022
11765,47,木材加工和木、竹、藤、棕、草制品业,参与起草国家标准均值,个,4.6,12/9/2025 10:49:46,16/9/2025 10:10:30,2022
11766,47,木材加工和木、竹、藤、棕、草制品业,参与起草国家标准最大值,个,12,12/9/2025 10:49:46,16/9/2025 10:10:30,2022
11767,47,木材加工和木、竹、藤、棕、草制品业,参与起草国家标准最小值,个,2,12/9/2025 10:49:46,16/9/2025 10:10:30,2022
11768,47,木材加工和木、竹、藤、棕、草制品业,参与起草国家标准中位数,个,2,12/9/2025 10:49:46,16/9/2025 10:10:30,2022
11769,48,居民服务、修理和其他服务业,参与起草国家标准合计,个,0,12/9/2025 10:49:46,16/9/2025 10:10:31,2022
11770,48,居民服务、修理和其他服务业,参与起草国家标准均值,个,0,12/9/2025 10:49:46,16/9/2025 10:10:31,2022
11771,48,居民服务、修理和其他服务业,参与起草国家标准最大值,个,0,12/9/2025 10:49:46,16/9/2025 10:10:31,2022
11772,48,居民服务、修理和其他服务业,参与起草国家标准最小值,个,0,12/9/2025 10:49:46,16/9/2025 10:10:31,2022
11773,48,居民服务、修理和其他服务业,参与起草国家标准中位数,个,0,12/9/2025 10:49:46,16/9/2025 10:10:31,2022
11774,0,全行业,参与起草国家标准合计,个,5777,12/9/2025 10:49:47,5/11/2025 08:56:03,2022
11775,0,全行业,参与起草国家标准均值,个,4.21678832116788,12/9/2025 10:49:47,5/11/2025 08:56:03,2022
11776,0,全行业,参与起草国家标准最大值,个,88,12/9/2025 10:49:47,5/11/2025 08:56:03,2022
11777,0,全行业,参与起草国家标准最小值,个,1,12/9/2025 10:49:47,5/11/2025 08:56:03,2022
11778,0,全行业,参与起草国家标准中位数,个,2,12/9/2025 10:49:47,5/11/2025 08:56:03,2022
11779,1,医药制造业,参与起草行业标准合计,个,0,12/9/2025 10:49:47,16/9/2025 10:10:32,2022
11780,1,医药制造业,参与起草行业标准均值,个,0,12/9/2025 10:49:47,16/9/2025 10:10:32,2022
11781,1,医药制造业,参与起草行业标准最大值,个,0,12/9/2025 10:49:47,16/9/2025 10:10:33,2022
11782,1,医药制造业,参与起草行业标准最小值,个,0,12/9/2025 10:49:47,16/9/2025 10:10:33,2022
11783,1,医药制造业,参与起草行业标准中位数,个,0,12/9/2025 10:49:47,16/9/2025 10:10:33,2022
11784,2,化学原料和化学制品制造业,参与起草行业标准合计,个,85,12/9/2025 10:49:47,16/9/2025 10:10:33,2022
11785,2,化学原料和化学制品制造业,参与起草行业标准均值,个,2.17948717948718,12/9/2025 10:49:47,16/9/2025 10:10:33,2022
11786,2,化学原料和化学制品制造业,参与起草行业标准最大值,个,16,12/9/2025 10:49:48,16/9/2025 10:10:33,2022
11787,2,化学原料和化学制品制造业,参与起草行业标准最小值,个,1,12/9/2025 10:49:48,16/9/2025 10:10:33,2022
11788,2,化学原料和化学制品制造业,参与起草行业标准中位数,个,1,12/9/2025 10:49:48,16/9/2025 10:10:33,2022
11789,3,信息传输、软件和信息技术服务业,参与起草行业标准合计,个,468,12/9/2025 10:49:48,16/9/2025 10:10:34,2022
11790,3,信息传输、软件和信息技术服务业,参与起草行业标准均值,个,7.2,12/9/2025 10:49:48,16/9/2025 10:10:34,2022
11791,3,信息传输、软件和信息技术服务业,参与起草行业标准最大值,个,98,12/9/2025 10:49:48,16/9/2025 10:10:34,2022
11792,3,信息传输、软件和信息技术服务业,参与起草行业标准最小值,个,1,12/9/2025 10:49:48,16/9/2025 10:10:34,2022
11793,3,信息传输、软件和信息技术服务业,参与起草行业标准中位数,个,2,12/9/2025 10:49:48,16/9/2025 10:10:34,2022
11794,4,房地产业,参与起草行业标准合计,个,3,12/9/2025 10:49:48,16/9/2025 10:10:35,2022
11795,4,房地产业,参与起草行业标准均值,个,1,12/9/2025 10:49:48,16/9/2025 10:10:35,2022
11796,4,房地产业,参与起草行业标准最大值,个,1,12/9/2025 10:49:48,16/9/2025 10:10:35,2022
11797,4,房地产业,参与起草行业标准最小值,个,1,12/9/2025 10:49:48,16/9/2025 10:10:35,2022
11798,4,房地产业,参与起草行业标准中位数,个,1,12/9/2025 10:49:48,16/9/2025 10:10:35,2022
11799,5,专用设备制造业,参与起草行业标准合计,个,26,12/9/2025 10:49:49,16/9/2025 10:10:36,2022
11800,5,专用设备制造业,参与起草行业标准均值,个,1.85714285714286,12/9/2025 10:49:49,16/9/2025 10:10:36,2022
11801,5,专用设备制造业,参与起草行业标准最大值,个,5,12/9/2025 10:49:49,16/9/2025 10:10:36,2022
11802,5,专用设备制造业,参与起草行业标准最小值,个,1,12/9/2025 10:49:49,16/9/2025 10:10:36,2022
11803,5,专用设备制造业,参与起草行业标准中位数,个,1,12/9/2025 10:49:49,16/9/2025 10:10:36,2022
11804,6,消费电子及电气业,参与起草行业标准合计,个,36,12/9/2025 10:49:49,16/9/2025 10:10:36,2022
11805,6,消费电子及电气业,参与起草行业标准均值,个,2.4,12/9/2025 10:49:49,16/9/2025 10:10:37,2022
11806,6,消费电子及电气业,参与起草行业标准最大值,个,7,12/9/2025 10:49:49,16/9/2025 10:10:37,2022
11807,6,消费电子及电气业,参与起草行业标准最小值,个,1,12/9/2025 10:49:49,16/9/2025 10:10:37,2022
11808,6,消费电子及电气业,参与起草行业标准中位数,个,1,12/9/2025 10:49:49,16/9/2025 10:10:37,2022
11809,7,金融业,参与起草行业标准合计,个,69,12/9/2025 10:49:50,16/9/2025 10:10:37,2022
11810,7,金融业,参与起草行业标准均值,个,2.09090909090909,12/9/2025 10:49:50,16/9/2025 10:10:37,2022
11811,7,金融业,参与起草行业标准最大值,个,6,12/9/2025 10:49:50,16/9/2025 10:10:37,2022
11812,7,金融业,参与起草行业标准最小值,个,1,12/9/2025 10:49:50,16/9/2025 10:10:37,2022
11813,7,金融业,参与起草行业标准中位数,个,2,12/9/2025 10:49:50,16/9/2025 10:10:37,2022
11814,8,商业电气机械和器材制造业,参与起草行业标准合计,个,118,12/9/2025 10:49:50,16/9/2025 10:10:38,2022
11815,8,商业电气机械和器材制造业,参与起草行业标准均值,个,3.57575757575758,12/9/2025 10:49:50,16/9/2025 10:10:38,2022
11816,8,商业电气机械和器材制造业,参与起草行业标准最大值,个,22,12/9/2025 10:49:50,16/9/2025 10:10:38,2022
11817,8,商业电气机械和器材制造业,参与起草行业标准最小值,个,1,12/9/2025 10:49:50,16/9/2025 10:10:38,2022
11818,8,商业电气机械和器材制造业,参与起草行业标准中位数,个,1,12/9/2025 10:49:50,16/9/2025 10:10:38,2022
11819,9,批发和零售业,参与起草行业标准合计,个,8,12/9/2025 10:49:51,16/9/2025 10:10:38,2022
11820,9,批发和零售业,参与起草行业标准均值,个,1.33333333333333,12/9/2025 10:49:51,16/9/2025 10:10:38,2022
11821,9,批发和零售业,参与起草行业标准最大值,个,2,12/9/2025 10:49:51,16/9/2025 10:10:38,2022
11822,9,批发和零售业,参与起草行业标准最小值,个,1,12/9/2025 10:49:51,16/9/2025 10:10:38,2022
11823,9,批发和零售业,参与起草行业标准中位数,个,1,12/9/2025 10:49:51,16/9/2025 10:10:38,2022
11824,10,食品饮料业,参与起草行业标准合计,个,2,12/9/2025 10:49:51,16/9/2025 10:10:39,2022
11825,10,食品饮料业,参与起草行业标准均值,个,2,12/9/2025 10:49:51,16/9/2025 10:10:39,2022
11826,10,食品饮料业,参与起草行业标准最大值,个,2,12/9/2025 10:49:51,16/9/2025 10:10:39,2022
11827,10,食品饮料业,参与起草行业标准最小值,个,2,12/9/2025 10:49:51,16/9/2025 10:10:39,2022
11828,10,食品饮料业,参与起草行业标准中位数,个,2,12/9/2025 10:49:51,16/9/2025 10:10:39,2022
11834,12,汽车制造业,参与起草行业标准合计,个,24,12/9/2025 10:49:53,16/9/2025 10:10:40,2022
11835,12,汽车制造业,参与起草行业标准均值,个,1.71428571428571,12/9/2025 10:49:53,16/9/2025 10:10:41,2022
11836,12,汽车制造业,参与起草行业标准最大值,个,3,12/9/2025 10:49:53,16/9/2025 10:10:41,2022
11837,12,汽车制造业,参与起草行业标准最小值,个,1,12/9/2025 10:49:53,16/9/2025 10:10:41,2022
11838,12,汽车制造业,参与起草行业标准中位数,个,2,12/9/2025 10:49:53,16/9/2025 10:10:41,2022
11839,13,电力、热力、燃气及水生产和供应业,参与起草行业标准合计,个,5,12/9/2025 10:49:54,16/9/2025 10:10:41,2022
11840,13,电力、热力、燃气及水生产和供应业,参与起草行业标准均值,个,1.66666666666667,12/9/2025 10:49:54,16/9/2025 10:10:41,2022
11841,13,电力、热力、燃气及水生产和供应业,参与起草行业标准最大值,个,3,12/9/2025 10:49:54,16/9/2025 10:10:41,2022
11842,13,电力、热力、燃气及水生产和供应业,参与起草行业标准最小值,个,1,12/9/2025 10:49:54,16/9/2025 10:10:41,2022
11843,13,电力、热力、燃气及水生产和供应业,参与起草行业标准中位数,个,1,12/9/2025 10:49:54,16/9/2025 10:10:41,2022
11844,14,采矿业,参与起草行业标准合计,个,74,12/9/2025 10:49:55,16/9/2025 10:10:42,2022
11845,14,采矿业,参与起草行业标准均值,个,7.4,12/9/2025 10:49:55,16/9/2025 10:10:42,2022
11846,14,采矿业,参与起草行业标准最大值,个,26,12/9/2025 10:49:55,16/9/2025 10:10:42,2022
11847,14,采矿业,参与起草行业标准最小值,个,1,12/9/2025 10:49:55,16/9/2025 10:10:42,2022
11848,14,采矿业,参与起草行业标准中位数,个,2,12/9/2025 10:49:55,16/9/2025 10:10:42,2022
11849,15,纺织鞋服业,参与起草行业标准合计,个,3,12/9/2025 10:49:55,16/9/2025 10:10:43,2022
11850,15,纺织鞋服业,参与起草行业标准均值,个,1.5,12/9/2025 10:49:56,16/9/2025 10:10:43,2022
11851,15,纺织鞋服业,参与起草行业标准最大值,个,2,12/9/2025 10:49:56,16/9/2025 10:10:43,2022
11852,15,纺织鞋服业,参与起草行业标准最小值,个,1,12/9/2025 10:49:56,16/9/2025 10:10:43,2022
11853,15,纺织鞋服业,参与起草行业标准中位数,个,1.5,12/9/2025 10:49:56,16/9/2025 10:10:43,2022
11854,16,建筑业,参与起草行业标准合计,个,54,12/9/2025 10:49:56,16/9/2025 10:10:43,2022
11855,16,建筑业,参与起草行业标准均值,个,3.375,12/9/2025 10:49:56,16/9/2025 10:10:43,2022
11856,16,建筑业,参与起草行业标准最大值,个,17,12/9/2025 10:49:56,16/9/2025 10:10:43,2022
11857,16,建筑业,参与起草行业标准最小值,个,1,12/9/2025 10:49:56,16/9/2025 10:10:43,2022
11858,16,建筑业,参与起草行业标准中位数,个,2,12/9/2025 10:49:56,16/9/2025 10:10:43,2022
11859,17,交通运输、仓储和邮政业,参与起草行业标准合计,个,13,12/9/2025 10:49:56,16/9/2025 10:10:44,2022
11860,17,交通运输、仓储和邮政业,参与起草行业标准均值,个,1.3,12/9/2025 10:49:56,16/9/2025 10:10:44,2022
11861,17,交通运输、仓储和邮政业,参与起草行业标准最大值,个,3,12/9/2025 10:49:56,16/9/2025 10:10:44,2022
11862,17,交通运输、仓储和邮政业,参与起草行业标准最小值,个,1,12/9/2025 10:49:57,16/9/2025 10:10:44,2022
11863,17,交通运输、仓储和邮政业,参与起草行业标准中位数,个,1,12/9/2025 10:49:57,16/9/2025 10:10:44,2022
11864,18,通用设备制造业,参与起草行业标准合计,个,11,12/9/2025 10:49:57,16/9/2025 10:10:44,2022
11865,18,通用设备制造业,参与起草行业标准均值,个,1.57142857142857,12/9/2025 10:49:57,16/9/2025 10:10:44,2022
11866,18,通用设备制造业,参与起草行业标准最大值,个,4,12/9/2025 10:49:57,16/9/2025 10:10:44,2022
11867,18,通用设备制造业,参与起草行业标准最小值,个,1,12/9/2025 10:49:57,16/9/2025 10:10:44,2022
11868,18,通用设备制造业,参与起草行业标准中位数,个,1,12/9/2025 10:49:57,16/9/2025 10:10:44,2022
11869,19,半导体业,参与起草行业标准合计,个,0,12/9/2025 10:49:57,16/9/2025 10:10:44,2022
11870,19,半导体业,参与起草行业标准均值,个,0,12/9/2025 10:49:57,16/9/2025 10:10:45,2022
11871,19,半导体业,参与起草行业标准最大值,个,0,12/9/2025 10:49:57,16/9/2025 10:10:45,2022
11872,19,半导体业,参与起草行业标准最小值,个,0,12/9/2025 10:49:57,16/9/2025 10:10:45,2022
11873,19,半导体业,参与起草行业标准中位数,个,0,12/9/2025 10:49:57,16/9/2025 10:10:45,2022
11874,20,租赁和商务服务业,参与起草行业标准合计,个,10,12/9/2025 10:49:58,16/9/2025 10:10:45,2022
11875,20,租赁和商务服务业,参与起草行业标准均值,个,3.33333333333333,12/9/2025 10:49:58,16/9/2025 10:10:45,2022
11876,20,租赁和商务服务业,参与起草行业标准最大值,个,7,12/9/2025 10:49:58,16/9/2025 10:10:45,2022
11877,20,租赁和商务服务业,参与起草行业标准最小值,个,1,12/9/2025 10:49:58,16/9/2025 10:10:45,2022
11878,20,租赁和商务服务业,参与起草行业标准中位数,个,2,12/9/2025 10:49:58,16/9/2025 10:10:45,2022
11879,21,通信传输设备业,参与起草行业标准合计,个,334,12/9/2025 10:49:58,16/9/2025 10:10:45,2022
11880,21,通信传输设备业,参与起草行业标准均值,个,10.7741935483871,12/9/2025 10:49:58,16/9/2025 10:10:45,2022
11881,21,通信传输设备业,参与起草行业标准最大值,个,109,12/9/2025 10:49:58,16/9/2025 10:10:45,2022
11882,21,通信传输设备业,参与起草行业标准最小值,个,1,12/9/2025 10:49:59,16/9/2025 10:10:45,2022
11883,21,通信传输设备业,参与起草行业标准中位数,个,3,12/9/2025 10:49:59,16/9/2025 10:10:45,2022
11884,22,非金属矿物制品业,参与起草行业标准合计,个,21,12/9/2025 10:49:59,16/9/2025 10:10:46,2022
11885,22,非金属矿物制品业,参与起草行业标准均值,个,1.75,12/9/2025 10:49:59,16/9/2025 10:10:46,2022
11886,22,非金属矿物制品业,参与起草行业标准最大值,个,3,12/9/2025 10:49:59,16/9/2025 10:10:46,2022
11887,22,非金属矿物制品业,参与起草行业标准最小值,个,1,12/9/2025 10:49:59,16/9/2025 10:10:46,2022
11888,22,非金属矿物制品业,参与起草行业标准中位数,个,1.5,12/9/2025 10:49:59,16/9/2025 10:10:46,2022
11889,23,橡胶和塑料制品业,参与起草行业标准合计,个,7,12/9/2025 10:50:00,16/9/2025 10:10:46,2022
11890,23,橡胶和塑料制品业,参与起草行业标准均值,个,1.16666666666667,12/9/2025 10:50:00,16/9/2025 10:10:46,2022
11891,23,橡胶和塑料制品业,参与起草行业标准最大值,个,2,12/9/2025 10:50:00,16/9/2025 10:10:46,2022
11892,23,橡胶和塑料制品业,参与起草行业标准最小值,个,1,12/9/2025 10:50:00,16/9/2025 10:10:46,2022
11893,23,橡胶和塑料制品业,参与起草行业标准中位数,个,1,12/9/2025 10:50:00,16/9/2025 10:10:46,2022
11894,24,综合,参与起草行业标准合计,个,0,12/9/2025 10:50:00,16/9/2025 10:10:47,2022
11895,24,综合,参与起草行业标准均值,个,0,12/9/2025 10:50:00,16/9/2025 10:10:47,2022
11896,24,综合,参与起草行业标准最大值,个,0,12/9/2025 10:50:00,16/9/2025 10:10:47,2022
11897,24,综合,参与起草行业标准最小值,个,0,12/9/2025 10:50:00,16/9/2025 10:10:47,2022
11898,24,综合,参与起草行业标准中位数,个,0,12/9/2025 10:50:00,16/9/2025 10:10:47,2022
11899,25,其他制造业,参与起草行业标准合计,个,0,12/9/2025 10:50:01,16/9/2025 10:10:47,2022
11900,25,其他制造业,参与起草行业标准均值,个,0,12/9/2025 10:50:01,16/9/2025 10:10:47,2022
11901,25,其他制造业,参与起草行业标准最大值,个,0,12/9/2025 10:50:01,16/9/2025 10:10:47,2022
11902,25,其他制造业,参与起草行业标准最小值,个,0,12/9/2025 10:50:01,16/9/2025 10:10:47,2022
11903,25,其他制造业,参与起草行业标准中位数,个,0,12/9/2025 10:50:01,16/9/2025 10:10:47,2022
11904,26,金属制品业,参与起草行业标准合计,个,8,12/9/2025 10:50:01,16/9/2025 10:10:48,2022
11905,26,金属制品业,参与起草行业标准均值,个,1.6,12/9/2025 10:50:01,16/9/2025 10:10:48,2022
11906,26,金属制品业,参与起草行业标准最大值,个,2,12/9/2025 10:50:01,16/9/2025 10:10:48,2022
11907,26,金属制品业,参与起草行业标准最小值,个,1,12/9/2025 10:50:01,16/9/2025 10:10:48,2022
11908,26,金属制品业,参与起草行业标准中位数,个,2,12/9/2025 10:50:01,16/9/2025 10:10:48,2022
11909,27,铁路、船舶、航空航天和其他运输设备制造业,参与起草行业标准合计,个,12,12/9/2025 10:50:02,16/9/2025 10:10:48,2022
11910,27,铁路、船舶、航空航天和其他运输设备制造业,参与起草行业标准均值,个,1.71428571428571,12/9/2025 10:50:02,16/9/2025 10:10:48,2022
11911,27,铁路、船舶、航空航天和其他运输设备制造业,参与起草行业标准最大值,个,3,12/9/2025 10:50:02,16/9/2025 10:10:48,2022
11912,27,铁路、船舶、航空航天和其他运输设备制造业,参与起草行业标准最小值,个,1,12/9/2025 10:50:02,16/9/2025 10:10:48,2022
11913,27,铁路、船舶、航空航天和其他运输设备制造业,参与起草行业标准中位数,个,1,12/9/2025 10:50:02,16/9/2025 10:10:48,2022
11914,28,水利、环境和公共设施管理业,参与起草行业标准合计,个,4,12/9/2025 10:50:02,16/9/2025 10:10:49,2022
11915,28,水利、环境和公共设施管理业,参与起草行业标准均值,个,1,12/9/2025 10:50:02,16/9/2025 10:10:49,2022
11916,28,水利、环境和公共设施管理业,参与起草行业标准最大值,个,1,12/9/2025 10:50:02,16/9/2025 10:10:49,2022
11917,28,水利、环境和公共设施管理业,参与起草行业标准最小值,个,1,12/9/2025 10:50:02,16/9/2025 10:10:49,2022
11918,28,水利、环境和公共设施管理业,参与起草行业标准中位数,个,1,12/9/2025 10:50:02,16/9/2025 10:10:49,2022
11919,29,金属冶炼和压延加工业,参与起草行业标准合计,个,135,12/9/2025 10:50:02,16/9/2025 10:10:49,2022
11920,29,金属冶炼和压延加工业,参与起草行业标准均值,个,4.35483870967742,12/9/2025 10:50:03,16/9/2025 10:10:49,2022
11921,29,金属冶炼和压延加工业,参与起草行业标准最大值,个,14,12/9/2025 10:50:03,16/9/2025 10:10:49,2022
11922,29,金属冶炼和压延加工业,参与起草行业标准最小值,个,1,12/9/2025 10:50:03,16/9/2025 10:10:49,2022
11923,29,金属冶炼和压延加工业,参与起草行业标准中位数,个,3,12/9/2025 10:50:03,16/9/2025 10:10:49,2022
11924,30,科学研究和技术服务业,参与起草行业标准合计,个,25,12/9/2025 10:50:03,16/9/2025 10:10:50,2022
11925,30,科学研究和技术服务业,参与起草行业标准均值,个,3.125,12/9/2025 10:50:03,16/9/2025 10:10:50,2022
11926,30,科学研究和技术服务业,参与起草行业标准最大值,个,7,12/9/2025 10:50:03,16/9/2025 10:10:50,2022
11927,30,科学研究和技术服务业,参与起草行业标准最小值,个,1,12/9/2025 10:50:03,16/9/2025 10:10:50,2022
11928,30,科学研究和技术服务业,参与起草行业标准中位数,个,2.5,12/9/2025 10:50:03,16/9/2025 10:10:50,2022
11929,31,教育,参与起草行业标准合计,个,0,12/9/2025 10:50:04,16/9/2025 10:10:50,2022
11930,31,教育,参与起草行业标准均值,个,0,12/9/2025 10:50:04,16/9/2025 10:10:50,2022
11931,31,教育,参与起草行业标准最大值,个,0,12/9/2025 10:50:04,16/9/2025 10:10:50,2022
11932,31,教育,参与起草行业标准最小值,个,0,12/9/2025 10:50:04,16/9/2025 10:10:50,2022
11933,31,教育,参与起草行业标准中位数,个,0,12/9/2025 10:50:04,16/9/2025 10:10:50,2022
11934,32,仪器仪表制造业,参与起草行业标准合计,个,2,12/9/2025 10:50:04,16/9/2025 10:10:51,2022
11935,32,仪器仪表制造业,参与起草行业标准均值,个,1,12/9/2025 10:50:05,16/9/2025 10:10:51,2022
11936,32,仪器仪表制造业,参与起草行业标准最大值,个,1,12/9/2025 10:50:05,16/9/2025 10:10:51,2022
11937,32,仪器仪表制造业,参与起草行业标准最小值,个,1,12/9/2025 10:50:05,16/9/2025 10:10:51,2022
11938,32,仪器仪表制造业,参与起草行业标准中位数,个,1,12/9/2025 10:50:05,16/9/2025 10:10:51,2022
11939,33,文化、体育和娱乐业,参与起草行业标准合计,个,1,12/9/2025 10:50:05,16/9/2025 10:10:51,2022
11940,33,文化、体育和娱乐业,参与起草行业标准均值,个,1,12/9/2025 10:50:05,16/9/2025 10:10:51,2022
11941,33,文化、体育和娱乐业,参与起草行业标准最大值,个,1,12/9/2025 10:50:05,16/9/2025 10:10:51,2022
11942,33,文化、体育和娱乐业,参与起草行业标准最小值,个,1,12/9/2025 10:50:05,16/9/2025 10:10:51,2022
11943,33,文化、体育和娱乐业,参与起草行业标准中位数,个,1,12/9/2025 10:50:05,16/9/2025 10:10:51,2022
11944,34,农、林、牧、渔业,参与起草行业标准合计,个,0,12/9/2025 10:50:06,16/9/2025 10:10:51,2022
11945,34,农、林、牧、渔业,参与起草行业标准均值,个,0,12/9/2025 10:50:06,16/9/2025 10:10:51,2022
11946,34,农、林、牧、渔业,参与起草行业标准最大值,个,0,12/9/2025 10:50:06,16/9/2025 10:10:51,2022
11947,34,农、林、牧、渔业,参与起草行业标准最小值,个,0,12/9/2025 10:50:06,16/9/2025 10:10:51,2022
11948,34,农、林、牧、渔业,参与起草行业标准中位数,个,0,12/9/2025 10:50:06,16/9/2025 10:10:51,2022
11949,35,卫生和社会工作,参与起草行业标准合计,个,0,12/9/2025 10:50:06,16/9/2025 10:10:52,2022
11950,35,卫生和社会工作,参与起草行业标准均值,个,0,12/9/2025 10:50:06,16/9/2025 10:10:52,2022
11951,35,卫生和社会工作,参与起草行业标准最大值,个,0,12/9/2025 10:50:06,16/9/2025 10:10:52,2022
11952,35,卫生和社会工作,参与起草行业标准最小值,个,0,12/9/2025 10:50:07,16/9/2025 10:10:52,2022
11953,35,卫生和社会工作,参与起草行业标准中位数,个,0,12/9/2025 10:50:07,16/9/2025 10:10:52,2022
11954,36,造纸和纸制品业,参与起草行业标准合计,个,0,12/9/2025 10:50:07,16/9/2025 10:10:52,2022
11955,36,造纸和纸制品业,参与起草行业标准均值,个,0,12/9/2025 10:50:07,16/9/2025 10:10:53,2022
11956,36,造纸和纸制品业,参与起草行业标准最大值,个,0,12/9/2025 10:50:07,16/9/2025 10:10:53,2022
11957,36,造纸和纸制品业,参与起草行业标准最小值,个,0,12/9/2025 10:50:07,16/9/2025 10:10:53,2022
11958,36,造纸和纸制品业,参与起草行业标准中位数,个,0,12/9/2025 10:50:07,16/9/2025 10:10:53,2022
11959,37,住宿和餐饮业,参与起草行业标准合计,个,0,12/9/2025 10:50:08,16/9/2025 10:10:53,2022
11960,37,住宿和餐饮业,参与起草行业标准均值,个,0,12/9/2025 10:50:08,16/9/2025 10:10:53,2022
11961,37,住宿和餐饮业,参与起草行业标准最大值,个,0,12/9/2025 10:50:08,16/9/2025 10:10:53,2022
11962,37,住宿和餐饮业,参与起草行业标准最小值,个,0,12/9/2025 10:50:08,16/9/2025 10:10:53,2022
11963,37,住宿和餐饮业,参与起草行业标准中位数,个,0,12/9/2025 10:50:08,16/9/2025 10:10:53,2022
11964,38,家具制造业,参与起草行业标准合计,个,0,12/9/2025 10:50:08,16/9/2025 10:10:54,2022
11965,38,家具制造业,参与起草行业标准均值,个,0,12/9/2025 10:50:08,16/9/2025 10:10:54,2022
11966,38,家具制造业,参与起草行业标准最大值,个,0,12/9/2025 10:50:08,16/9/2025 10:10:54,2022
11967,38,家具制造业,参与起草行业标准最小值,个,0,12/9/2025 10:50:08,16/9/2025 10:10:54,2022
11968,38,家具制造业,参与起草行业标准中位数,个,0,12/9/2025 10:50:08,16/9/2025 10:10:54,2022
11969,39,印刷和记录媒介复制业,参与起草行业标准合计,个,0,12/9/2025 10:50:09,16/9/2025 10:10:54,2022
11970,39,印刷和记录媒介复制业,参与起草行业标准均值,个,0,12/9/2025 10:50:09,16/9/2025 10:10:54,2022
11971,39,印刷和记录媒介复制业,参与起草行业标准最大值,个,0,12/9/2025 10:50:09,16/9/2025 10:10:54,2022
11972,39,印刷和记录媒介复制业,参与起草行业标准最小值,个,0,12/9/2025 10:50:09,16/9/2025 10:10:55,2022
11973,39,印刷和记录媒介复制业,参与起草行业标准中位数,个,0,12/9/2025 10:50:09,16/9/2025 10:10:55,2022
11974,41,文教、工美、体育和娱乐用品制造业,参与起草行业标准合计,个,1,12/9/2025 10:50:10,16/9/2025 10:10:55,2022
11975,41,文教、工美、体育和娱乐用品制造业,参与起草行业标准均值,个,1,12/9/2025 10:50:10,16/9/2025 10:10:55,2022
11976,41,文教、工美、体育和娱乐用品制造业,参与起草行业标准最大值,个,1,12/9/2025 10:50:10,16/9/2025 10:10:55,2022
11977,41,文教、工美、体育和娱乐用品制造业,参与起草行业标准最小值,个,1,12/9/2025 10:50:10,16/9/2025 10:10:55,2022
11978,41,文教、工美、体育和娱乐用品制造业,参与起草行业标准中位数,个,1,12/9/2025 10:50:10,16/9/2025 10:10:55,2022
11984,43,化学纤维制造业,参与起草行业标准合计,个,2,12/9/2025 10:50:11,16/9/2025 10:10:56,2022
11985,43,化学纤维制造业,参与起草行业标准均值,个,1,12/9/2025 10:50:11,16/9/2025 10:10:56,2022
11986,43,化学纤维制造业,参与起草行业标准最大值,个,1,12/9/2025 10:50:11,16/9/2025 10:10:56,2022
11987,43,化学纤维制造业,参与起草行业标准最小值,个,1,12/9/2025 10:50:11,16/9/2025 10:10:56,2022
11988,43,化学纤维制造业,参与起草行业标准中位数,个,1,12/9/2025 10:50:12,16/9/2025 10:10:56,2022
11994,45,石油加工、炼焦和核燃料加工业,参与起草行业标准合计,个,0,12/9/2025 10:50:13,16/9/2025 10:10:57,2022
11995,45,石油加工、炼焦和核燃料加工业,参与起草行业标准均值,个,0,12/9/2025 10:50:13,16/9/2025 10:10:57,2022
11996,45,石油加工、炼焦和核燃料加工业,参与起草行业标准最大值,个,0,12/9/2025 10:50:13,16/9/2025 10:10:57,2022
11997,45,石油加工、炼焦和核燃料加工业,参与起草行业标准最小值,个,0,12/9/2025 10:50:13,16/9/2025 10:10:57,2022
11998,45,石油加工、炼焦和核燃料加工业,参与起草行业标准中位数,个,0,12/9/2025 10:50:13,16/9/2025 10:10:57,2022
11999,46,废弃资源综合利用业,参与起草行业标准合计,个,3,12/9/2025 10:50:14,16/9/2025 10:10:58,2022
12000,46,废弃资源综合利用业,参与起草行业标准均值,个,1.5,12/9/2025 10:50:14,16/9/2025 10:10:58,2022
12001,46,废弃资源综合利用业,参与起草行业标准最大值,个,2,12/9/2025 10:50:14,16/9/2025 10:10:58,2022
12002,46,废弃资源综合利用业,参与起草行业标准最小值,个,1,12/9/2025 10:50:14,16/9/2025 10:10:58,2022
12003,46,废弃资源综合利用业,参与起草行业标准中位数,个,1.5,12/9/2025 10:50:14,16/9/2025 10:10:58,2022
12004,47,木材加工和木、竹、藤、棕、草制品业,参与起草行业标准合计,个,0,12/9/2025 10:50:15,16/9/2025 10:10:58,2022
12005,47,木材加工和木、竹、藤、棕、草制品业,参与起草行业标准均值,个,0,12/9/2025 10:50:15,16/9/2025 10:10:58,2022
12006,47,木材加工和木、竹、藤、棕、草制品业,参与起草行业标准最大值,个,0,12/9/2025 10:50:15,16/9/2025 10:10:58,2022
12007,47,木材加工和木、竹、藤、棕、草制品业,参与起草行业标准最小值,个,0,12/9/2025 10:50:15,16/9/2025 10:10:58,2022
12008,47,木材加工和木、竹、藤、棕、草制品业,参与起草行业标准中位数,个,0,12/9/2025 10:50:15,16/9/2025 10:10:58,2022
12009,48,居民服务、修理和其他服务业,参与起草行业标准合计,个,0,12/9/2025 10:50:16,16/9/2025 10:10:58,2022
12010,48,居民服务、修理和其他服务业,参与起草行业标准均值,个,0,12/9/2025 10:50:16,16/9/2025 10:10:58,2022
12011,48,居民服务、修理和其他服务业,参与起草行业标准最大值,个,0,12/9/2025 10:50:16,16/9/2025 10:10:58,2022
12012,48,居民服务、修理和其他服务业,参与起草行业标准最小值,个,0,12/9/2025 10:50:16,16/9/2025 10:10:58,2022
12013,48,居民服务、修理和其他服务业,参与起草行业标准中位数,个,0,12/9/2025 10:50:16,16/9/2025 10:10:59,2022
12014,0,全行业,参与起草行业标准合计,个,1564,12/9/2025 10:50:16,5/11/2025 08:56:03,2022
12015,0,全行业,参与起草行业标准均值,个,4.05181347150259,12/9/2025 10:50:16,5/11/2025 08:56:03,2022
12016,0,全行业,参与起草行业标准最大值,个,109,12/9/2025 10:50:16,5/11/2025 08:56:03,2022
12017,0,全行业,参与起草行业标准最小值,个,1,12/9/2025 10:50:16,5/11/2025 08:56:03,2022
12018,0,全行业,参与起草行业标准中位数,个,2,12/9/2025 10:50:16,5/11/2025 08:56:03,2022
12019,0,全行业,CPI:当月同比（年度）,%,2.02,12/9/2025 10:50:16,5/11/2025 08:56:03,2022
12020,0,全行业,CPI:消费品:当月同比（年度）,%,1.54,12/9/2025 10:50:16,5/11/2025 08:56:03,2022
12021,0,全行业,TFT液晶面板:大尺寸:出货量:平板电脑:当月值（年度）,百万片,30.8,12/9/2025 10:50:16,5/11/2025 08:56:03,2022
12022,0,全行业,一级市场债券净融资量:合计（年度）,亿元,7142.404495701999,12/9/2025 10:50:16,5/11/2025 08:56:03,2022
12023,0,全行业,个人住房公积金贷款利率:5年以上（年度）,%,3.25,12/9/2025 10:50:16,5/11/2025 08:56:03,2022
12024,0,全行业,中长期贷款利率:5年以上（年度）,%,4.9,12/9/2025 10:50:16,5/11/2025 08:56:03,2022
12025,0,全行业,乘用车产量:国内:运动型多用途乘用车(SUV):当期值（年度）,辆,3459153,12/9/2025 10:50:16,5/11/2025 08:56:03,2022
12026,0,全行业,乘用车销量:国内:运动型多用途乘用车销量(SUV):当期值（年度）,辆,3379991,12/9/2025 10:50:16,5/11/2025 08:56:03,2022
12027,0,全行业,产量:原煤:当月值（年度）,万吨,58351.7,12/9/2025 10:50:16,5/11/2025 08:56:03,2022
12028,0,全行业,信托产品:投资领域平均收益:房地产（年度）,%,7.85,12/9/2025 10:50:16,5/11/2025 08:56:03,2022
12029,0,全行业,全社会用电量:工业用电:当月值（年度）,亿千瓦时,9908,12/9/2025 10:50:16,5/11/2025 08:56:03,2022
12030,0,全行业,全社会用电量:当月值（年度）,亿千瓦时,15099,12/9/2025 10:50:16,5/11/2025 08:56:03,2022
12031,0,全行业,全社会用电量:第一产业:当月值（年度）,亿千瓦时,197,12/9/2025 10:50:16,5/11/2025 08:56:03,2022
12032,0,全行业,全社会用电量:第三产业:当月值（年度）,亿千瓦时,2374,12/9/2025 10:50:16,5/11/2025 08:56:03,2022
12033,0,全行业,全社会用电量:第二产业:当月值（年度）,亿千瓦时,10084,12/9/2025 10:50:16,5/11/2025 08:56:03,2022
12034,0,全行业,全部土地:全市:成交面积:当月值（年度）,万平方米,88709.96,12/9/2025 10:50:16,5/11/2025 08:56:03,2022
12035,0,全行业,公路客运量:当月值（年度）,万人,465655,12/9/2025 10:50:16,5/11/2025 08:56:03,2022
12036,0,全行业,公路货运量:当月值（年度）,万吨,1110562,12/9/2025 10:50:16,5/11/2025 08:56:03,2022
12037,0,全行业,出口数量:微型电脑:当月值（年度）,万台,284,12/9/2025 10:50:16,5/11/2025 08:56:03,2022
12038,0,全行业,制造业PMI:产成品库存（年度）,%,46.86,12/9/2025 10:50:16,5/11/2025 08:56:03,2022
12039,0,全行业,制造业PMI:原材料库存（年度）,%,49.36,12/9/2025 10:50:16,5/11/2025 08:56:03,2022
12040,0,全行业,制造业PMI:新出口订单（年度）,%,50.34,12/9/2025 10:50:16,5/11/2025 08:56:03,2022
12041,0,全行业,制造业PMI:进口（年度）,%,50.52,12/9/2025 10:50:16,5/11/2025 08:56:03,2022
12042,0,全行业,发电量:火电:当月值（年度）,亿千瓦小时,15604.8,12/9/2025 10:50:16,5/11/2025 08:56:03,2022
12043,0,全行业,商品房待售面积:累计值（年度）,万平方米,172484,12/9/2025 10:50:16,5/11/2025 08:56:03,2022
12044,0,全行业,固定资产投资完成额:当月值（年度）,亿元,109732,12/9/2025 10:50:16,5/11/2025 08:56:03,2022
12045,0,全行业,存管证券只数（年度）,只,15715,12/9/2025 10:50:16,5/11/2025 08:56:03,2022
12046,0,全行业,存管证券已上市流通市值（年度）,亿元,546016.52,12/9/2025 10:50:16,5/11/2025 08:56:03,2022
12047,0,全行业,存管证券面值（年度）,亿元,153411.05,12/9/2025 10:50:16,5/11/2025 08:56:03,2022
12048,0,全行业,工业增加值:当月同比（年度）,%,6.5775,12/9/2025 10:50:16,5/11/2025 08:56:03,2022
12049,14,采矿业,工业增加值:采矿业:当月同比（年度）,%,-0.65,12/9/2025 10:50:16,5/11/2025 08:56:03,2022
12050,0,全行业,平均汇率:中间价:美元兑人民币（年度）,,6.34958,12/9/2025 10:50:16,5/11/2025 08:56:03,2022
12051,0,全行业,房地产开发投资完成额:当月值（年度）,亿元,19760.8608,12/9/2025 10:50:16,5/11/2025 08:56:03,2022
12052,0,全行业,月均国际现货价格:航空煤油（年度）,美元/桶,82.12812500000001,12/9/2025 10:50:16,5/11/2025 08:56:03,2022
12053,0,全行业,汽车产量:乘用车:当月值（年度）,万辆,796.8899,12/9/2025 10:50:16,5/11/2025 08:56:03,2022
12054,0,全行业,汽车经销商库存系数:自主品牌（年度）,,1.78,12/9/2025 10:50:16,5/11/2025 08:56:03,2022
12055,0,全行业,汽车销量:乘用车:当月值（年度）,万辆,801.4268999999999,12/9/2025 10:50:16,5/11/2025 08:56:03,2022
12056,0,全行业,沪深合计:融资融券余额（年度）,亿元,9888.609091,12/9/2025 10:50:16,5/11/2025 08:56:03,2022
12057,0,全行业,生产资料价格指数:原煤:定基数（年度）,2000=100,63.333333333333336,12/9/2025 10:50:16,5/11/2025 08:56:03,2022
12058,0,全行业,监管进出境总数:火车:当月值（年度）,节,854933,12/9/2025 10:50:16,5/11/2025 08:56:03,2022
12059,0,全行业,进口数量:原油:当月值（年度）,万吨,19057.7,12/9/2025 10:50:16,5/11/2025 08:56:03,2022
12060,0,全行业,进口数量:煤及褐煤(煤炭):当月值（年度）,万吨,24006.6,12/9/2025 10:50:16,5/11/2025 08:56:03,2022
12061,0,全行业,重点发电企业耗煤:全国:当月值（年度）,万吨,40200.2,12/9/2025 10:50:16,5/11/2025 08:56:03,2022
12062,0,全行业,铁路客运量:当月值（年度）,万人,107157.4656,12/9/2025 10:50:16,5/11/2025 08:56:03,2022
12063,0,全行业,铁路货运量:当月值（年度）,万吨,128916.6273,12/9/2025 10:50:16,5/11/2025 08:56:03,2022
12064,0,全行业,销量:煤炭:当月值（年度）,万吨,109200,12/9/2025 10:50:16,5/11/2025 08:56:03,2022
12065,0,全行业,CPI:当月同比（年度）,%,1.5499999999999998,12/9/2025 10:50:16,5/11/2025 08:56:03,2022
12066,0,全行业,CPI:消费品:当月同比（年度）,%,0.7333333333333334,12/9/2025 10:50:16,5/11/2025 08:56:03,2022
12067,0,全行业,TFT液晶面板:大尺寸:出货量:平板电脑:当月值（年度）,百万片,95.6,12/9/2025 10:50:16,5/11/2025 08:56:03,2022
12068,0,全行业,一级市场债券净融资量:合计（年度）,亿元,8729.735575713332,12/9/2025 10:50:16,5/11/2025 08:56:03,2022
12069,0,全行业,个人住房公积金贷款利率:5年以上（年度）,%,3.25,12/9/2025 10:50:16,5/11/2025 08:56:03,2022
12070,0,全行业,中长期贷款利率:5年以上（年度）,%,4.9,12/9/2025 10:50:16,5/11/2025 08:56:03,2022
12071,0,全行业,乘用车产量:国内:运动型多用途乘用车(SUV):当期值（年度）,辆,10035272,12/9/2025 10:50:16,5/11/2025 08:56:03,2022
12072,0,全行业,乘用车销量:国内:运动型多用途乘用车销量(SUV):当期值（年度）,辆,10001362,12/9/2025 10:50:16,5/11/2025 08:56:03,2022
12073,0,全行业,产量:原煤:当月值（年度）,万吨,322208.3,12/9/2025 10:50:16,5/11/2025 08:56:03,2022
12074,0,全行业,信托产品:投资领域平均收益:房地产（年度）,%,7.034999999999999,12/9/2025 10:50:16,5/11/2025 08:56:03,2022
12075,0,全行业,全社会用电量:工业用电:当月值（年度）,亿千瓦时,39493.88334,12/9/2025 10:50:16,5/11/2025 08:56:03,2022
12076,0,全行业,全社会用电量:当月值（年度）,亿千瓦时,57373.3943,12/9/2025 10:50:16,5/11/2025 08:56:03,2022
12077,0,全行业,全社会用电量:第一产业:当月值（年度）,亿千瓦时,1074.269813,12/9/2025 10:50:16,5/11/2025 08:56:03,2022
12078,0,全行业,全社会用电量:第三产业:当月值（年度）,亿千瓦时,8062.290913,12/9/2025 10:50:16,5/11/2025 08:56:03,2022
12079,0,全行业,全社会用电量:第二产业:当月值（年度）,亿千瓦时,40155.45979,12/9/2025 10:50:16,5/11/2025 08:56:03,2022
12080,0,全行业,全部土地:全市:成交面积:当月值（年度）,万平方米,207094.8,12/9/2025 10:50:16,5/11/2025 08:56:03,2022
12081,0,全行业,公路客运量:当月值（年度）,万人,1459099,12/9/2025 10:50:16,5/11/2025 08:56:03,2022
12082,0,全行业,公路货运量:当月值（年度）,万吨,3679518,12/9/2025 10:50:16,5/11/2025 08:56:03,2022
12083,0,全行业,出口数量:微型电脑:当月值（年度）,万台,960,12/9/2025 10:50:16,5/11/2025 08:56:03,2022
12084,0,全行业,制造业PMI:产成品库存（年度）,%,46.23333333333334,12/9/2025 10:50:16,5/11/2025 08:56:03,2022
12085,0,全行业,制造业PMI:原材料库存（年度）,%,48.41666666666666,12/9/2025 10:50:16,5/11/2025 08:56:03,2022
12086,0,全行业,制造业PMI:新出口订单（年度）,%,50.9,12/9/2025 10:50:16,5/11/2025 08:56:03,2022
12087,0,全行业,制造业PMI:进口（年度）,%,50.82500000000001,12/9/2025 10:50:16,5/11/2025 08:56:03,2022
12088,0,全行业,发电量:火电:当月值（年度）,亿千瓦小时,77332.40000000001,12/9/2025 10:50:16,5/11/2025 08:56:03,2022
12089,0,全行业,商品房待售面积:累计值（年度）,万平方米,703204,12/9/2025 10:50:16,5/11/2025 08:56:03,2022
12090,0,全行业,固定资产投资完成额:当月值（年度）,亿元,590306,12/9/2025 10:50:16,5/11/2025 08:56:03,2022
12091,0,全行业,存管证券只数（年度）,只,15452,12/9/2025 10:50:16,5/11/2025 08:56:03,2022
12092,0,全行业,存管证券已上市流通市值（年度）,亿元,560579.67,12/9/2025 10:50:16,5/11/2025 08:56:03,2022
12093,0,全行业,存管证券面值（年度）,亿元,150377.17,12/9/2025 10:50:16,5/11/2025 08:56:03,2022
12094,0,全行业,工业增加值:当月同比（年度）,%,6.583631787208334,12/9/2025 10:50:16,5/11/2025 08:56:03,2022
12095,14,采矿业,工业增加值:采矿业:当月同比（年度）,%,-1.32,12/9/2025 10:50:16,5/11/2025 08:56:03,2022
12096,0,全行业,平均汇率:中间价:美元兑人民币（年度）,,6.754666666666668,12/9/2025 10:50:16,5/11/2025 08:56:03,2022
12097,0,全行业,房地产开发投资完成额:当月值（年度）,亿元,99944.19,12/9/2025 10:50:16,5/11/2025 08:56:03,2022
12098,0,全行业,月均国际现货价格:航空煤油（年度）,美元/桶,66.17725,12/9/2025 10:50:16,5/11/2025 08:56:03,2022
12099,0,全行业,汽车产量:乘用车:当月值（年度）,万辆,2483.1434000000004,12/9/2025 10:50:16,5/11/2025 08:56:03,2022
12100,0,全行业,汽车经销商库存系数:自主品牌（年度）,,0.67,12/9/2025 10:50:16,5/11/2025 08:56:03,2022
12101,0,全行业,汽车销量:乘用车:当月值（年度）,万辆,2474.4226,12/9/2025 10:50:16,5/11/2025 08:56:03,2022
12102,0,全行业,沪深合计:融资融券余额（年度）,亿元,10209.1666666666,12/9/2025 10:50:16,5/11/2025 08:56:03,2022
12103,0,全行业,生产资料价格指数:原煤:定基数（年度）,2000=100,77.39833333333333,12/9/2025 10:50:16,5/11/2025 08:56:03,2022
12104,0,全行业,监管进出境总数:火车:当月值（年度）,节,1890150,12/9/2025 10:50:16,5/11/2025 08:56:03,2022
12105,0,全行业,进口数量:原油:当月值（年度）,万吨,41996,12/9/2025 10:50:16,5/11/2025 08:56:03,2022
12106,0,全行业,进口数量:煤及褐煤(煤炭):当月值（年度）,万吨,54225,12/9/2025 10:50:16,5/11/2025 08:56:03,2022
12107,0,全行业,重点发电企业耗煤:全国:当月值（年度）,万吨,83836.4,12/9/2025 10:50:16,5/11/2025 08:56:03,2022
12108,0,全行业,铁路客运量:当月值（年度）,万人,308379.30340000003,12/9/2025 10:50:16,5/11/2025 08:56:03,2022
12109,0,全行业,铁路货运量:当月值（年度）,万吨,368865.0044,12/9/2025 10:50:16,5/11/2025 08:56:03,2022
12110,0,全行业,销量:煤炭:当月值（年度）,万吨,336700,12/9/2025 10:50:16,5/11/2025 08:56:03,2022
12111,0,全行业,CPI:当月同比（年度）,%,2.0083333333333333,12/9/2025 10:50:16,5/11/2025 08:56:03,2022
12112,0,全行业,CPI:消费品:当月同比（年度）,%,1.8833333333333333,12/9/2025 10:50:16,5/11/2025 08:56:03,2022
12113,0,全行业,TFT液晶面板:大尺寸:出货量:平板电脑:当月值（年度）,百万片,82.3,12/9/2025 10:50:16,5/11/2025 08:56:03,2022
12114,0,全行业,一级市场债券净融资量:合计（年度）,亿元,13266.195484655002,12/9/2025 10:50:16,5/11/2025 08:56:03,2022
12115,0,全行业,个人住房公积金贷款利率:5年以上（年度）,%,3.25,12/9/2025 10:50:16,5/11/2025 08:56:03,2022
12116,0,全行业,中长期贷款利率:5年以上（年度）,%,4.9,12/9/2025 10:50:16,5/11/2025 08:56:03,2022
12117,0,全行业,乘用车产量:国内:运动型多用途乘用车(SUV):当期值（年度）,辆,8823434,12/9/2025 10:50:16,5/11/2025 08:56:03,2022
12118,0,全行业,乘用车销量:国内:运动型多用途乘用车销量(SUV):当期值（年度）,辆,8741251,12/9/2025 10:50:16,5/11/2025 08:56:03,2022
12119,0,全行业,产量:原煤:当月值（年度）,万吨,303901.9,12/9/2025 10:50:16,5/11/2025 08:56:03,2022
12120,0,全行业,信托产品:投资领域平均收益:房地产（年度）,%,7.352499999999999,12/9/2025 10:50:16,5/11/2025 08:56:03,2022
12121,0,全行业,全社会用电量:工业用电:当月值（年度）,亿千瓦时,41374.147,12/9/2025 10:50:16,5/11/2025 08:56:03,2022
12122,0,全行业,全社会用电量:当月值（年度）,亿千瓦时,59179.9063,12/9/2025 10:50:16,5/11/2025 08:56:03,2022
12123,0,全行业,全社会用电量:第一产业:当月值（年度）,亿千瓦时,1075.3915000000002,12/9/2025 10:50:16,5/11/2025 08:56:03,2022
12124,0,全行业,全社会用电量:第三产业:当月值（年度）,亿千瓦时,7954.893099999999,12/9/2025 10:50:16,5/11/2025 08:56:03,2022
12125,0,全行业,全社会用电量:第二产业:当月值（年度）,亿千瓦时,42098.7401,12/9/2025 10:50:16,5/11/2025 08:56:03,2022
12126,0,全行业,全部土地:全市:成交面积:当月值（年度）,万平方米,191806.13,12/9/2025 10:50:16,5/11/2025 08:56:03,2022
12127,0,全行业,公路客运量:当月值（年度）,万人,1424214,12/9/2025 10:50:16,5/11/2025 08:56:03,2022
12128,0,全行业,公路货运量:当月值（年度）,万吨,3026609,12/9/2025 10:50:16,5/11/2025 08:56:03,2022
12129,0,全行业,出口数量:微型电脑:当月值（年度）,万台,774,12/9/2025 10:50:16,5/11/2025 08:56:03,2022
12130,0,全行业,制造业PMI:产成品库存（年度）,%,46.06666666666666,12/9/2025 10:50:16,5/11/2025 08:56:03,2022
12131,0,全行业,制造业PMI:原材料库存（年度）,%,47.65,12/9/2025 10:50:16,5/11/2025 08:56:03,2022
12132,0,全行业,制造业PMI:新出口订单（年度）,%,49.38333333333333,12/9/2025 10:50:16,5/11/2025 08:56:03,2022
12133,0,全行业,制造业PMI:进口（年度）,%,49.208333333333336,12/9/2025 10:50:16,5/11/2025 08:56:03,2022
12134,0,全行业,发电量:火电:当月值（年度）,亿千瓦小时,73829.21039999998,12/9/2025 10:50:16,5/11/2025 08:56:03,2022
12135,0,全行业,商品房待售面积:累计值（年度）,万平方米,783742,12/9/2025 10:50:16,5/11/2025 08:56:03,2022
12136,0,全行业,固定资产投资完成额:当月值（年度）,亿元,558493.2032,12/9/2025 10:50:16,5/11/2025 08:56:03,2022
12137,0,全行业,存管证券只数（年度）,只,13055,12/9/2025 10:50:16,5/11/2025 08:56:03,2022
12138,0,全行业,存管证券已上市流通市值（年度）,亿元,492344.56,12/9/2025 10:50:16,5/11/2025 08:56:03,2022
12139,0,全行业,存管证券面值（年度）,亿元,128291.59,12/9/2025 10:50:16,5/11/2025 08:56:03,2022
12140,0,全行业,工业增加值:当月同比（年度）,%,6.044841749466667,12/9/2025 10:50:16,5/11/2025 08:56:03,2022
12141,14,采矿业,工业增加值:采矿业:当月同比（年度）,%,-1.34,12/9/2025 10:50:16,5/11/2025 08:56:03,2022
12142,0,全行业,平均汇率:中间价:美元兑人民币（年度）,,6.640125,12/9/2025 10:50:16,5/11/2025 08:56:03,2022
12143,0,全行业,房地产开发投资完成额:当月值（年度）,亿元,93529.2092,12/9/2025 10:50:16,5/11/2025 08:56:03,2022
12144,0,全行业,月均国际现货价格:航空煤油（年度）,美元/桶,54.388125,12/9/2025 10:50:16,5/11/2025 08:56:03,2022
12145,0,全行业,汽车产量:乘用车:当月值（年度）,万辆,2431.5020000000004,12/9/2025 10:50:16,5/11/2025 08:56:03,2022
12146,0,全行业,汽车经销商库存系数:自主品牌（年度）,,0.96,12/9/2025 10:50:16,5/11/2025 08:56:03,2022
12147,0,全行业,汽车销量:乘用车:当月值（年度）,万辆,2429.2238,12/9/2025 10:50:16,5/11/2025 08:56:03,2022
12148,0,全行业,沪深合计:融资融券余额（年度）,亿元,9562.935418,12/9/2025 10:50:16,5/11/2025 08:56:03,2022
12149,0,全行业,生产资料价格指数:原煤:定基数（年度）,2000=100,96.85,12/9/2025 10:50:16,5/11/2025 08:56:03,2022
12150,0,全行业,监管进出境总数:火车:当月值（年度）,节,1486105,12/9/2025 10:50:16,5/11/2025 08:56:03,2022
12151,0,全行业,进口数量:原油:当月值（年度）,万吨,38104,12/9/2025 10:50:16,5/11/2025 08:56:03,2022
12152,0,全行业,进口数量:煤及褐煤(煤炭):当月值（年度）,万吨,51134,12/9/2025 10:50:16,5/11/2025 08:56:03,2022
12153,0,全行业,重点发电企业耗煤:全国:当月值（年度）,万吨,117718.2,12/9/2025 10:50:16,5/11/2025 08:56:03,2022
12154,0,全行业,铁路客运量:当月值（年度）,万人,281422.5636,12/9/2025 10:50:16,5/11/2025 08:56:03,2022
12155,0,全行业,铁路货运量:当月值（年度）,万吨,333113.7742,12/9/2025 10:50:16,5/11/2025 08:56:03,2022
12156,0,全行业,销量:煤炭:当月值（年度）,万吨,289600,12/9/2025 10:50:16,5/11/2025 08:56:03,2022
12157,0,全行业,CPI:当月同比（年度）,%,1.4416666666666669,12/9/2025 10:50:16,5/11/2025 08:56:03,2022
12158,0,全行业,CPI:消费品:当月同比（年度）,%,1.1916666666666669,12/9/2025 10:50:16,5/11/2025 08:56:03,2022
12159,0,全行业,TFT液晶面板:大尺寸:出货量:平板电脑:当月值（年度）,百万片,80.39999999999999,12/9/2025 10:50:16,5/11/2025 08:56:03,2022
12160,0,全行业,一级市场债券净融资量:合计（年度）,亿元,10432.603007561667,12/9/2025 10:50:16,5/11/2025 08:56:03,2022
12161,0,全行业,个人住房公积金贷款利率:5年以上（年度）,%,3.625,12/9/2025 10:50:16,5/11/2025 08:56:03,2022
12162,0,全行业,中长期贷款利率:5年以上（年度）,%,5.4625,12/9/2025 10:50:16,5/11/2025 08:56:03,2022
12163,0,全行业,产量:原煤:当月值（年度）,万吨,336487.1927,12/9/2025 10:50:16,5/11/2025 08:56:03,2022
12164,0,全行业,信托产品:投资领域平均收益:房地产（年度）,%,9.280833333333334,12/9/2025 10:50:16,5/11/2025 08:56:03,2022
12165,0,全行业,全社会用电量:工业用电:当月值（年度）,亿千瓦时,39335.58579,12/9/2025 10:50:16,5/11/2025 08:56:03,2022
12166,0,全行业,全社会用电量:当月值（年度）,亿千瓦时,55484.904160000006,12/9/2025 10:50:16,5/11/2025 08:56:03,2022
12167,0,全行业,全社会用电量:第一产业:当月值（年度）,亿千瓦时,1020.243316,12/9/2025 10:50:16,5/11/2025 08:56:03,2022
12168,0,全行业,全社会用电量:第三产业:当月值（年度）,亿千瓦时,7156.746673999999,12/9/2025 10:50:16,5/11/2025 08:56:03,2022
12169,0,全行业,全社会用电量:第二产业:当月值（年度）,亿千瓦时,40032.258250000006,12/9/2025 10:50:16,5/11/2025 08:56:03,2022
12170,0,全行业,全部土地:全市:成交面积:当月值（年度）,万平方米,200950.02,12/9/2025 10:50:16,5/11/2025 08:56:03,2022
12171,0,全行业,公路客运量:当月值（年度）,万人,1890382,12/9/2025 10:50:16,5/11/2025 08:56:03,2022
12172,0,全行业,公路货运量:当月值（年度）,万吨,3545243,12/9/2025 10:50:16,5/11/2025 08:56:03,2022
12173,0,全行业,出口数量:微型电脑:当月值（年度）,万台,826,12/9/2025 10:50:16,5/11/2025 08:56:03,2022
12174,0,全行业,制造业PMI:产成品库存（年度）,%,47.35,12/9/2025 10:50:16,5/11/2025 08:56:03,2022
12175,0,全行业,制造业PMI:原材料库存（年度）,%,47.89166666666666,12/9/2025 10:50:16,5/11/2025 08:56:03,2022
12176,0,全行业,制造业PMI:新出口订单（年度）,%,47.93333333333333,12/9/2025 10:50:16,5/11/2025 08:56:03,2022
12177,0,全行业,制造业PMI:进口（年度）,%,47.525000000000006,12/9/2025 10:50:16,5/11/2025 08:56:03,2022
12178,0,全行业,发电量:火电:当月值（年度）,亿千瓦小时,75408.3416,12/9/2025 10:50:16,5/11/2025 08:56:03,2022
12179,0,全行业,商品房待售面积:累计值（年度）,万平方米,735220,12/9/2025 10:50:16,5/11/2025 08:56:03,2022
12180,0,全行业,固定资产投资完成额:当月值（年度）,亿元,517112.5871,12/9/2025 10:50:16,5/11/2025 08:56:03,2022
12181,0,全行业,存管证券只数（年度）,只,8544,12/9/2025 10:50:16,5/11/2025 08:56:03,2022
12182,0,全行业,存管证券已上市流通市值（年度）,亿元,487494.09,12/9/2025 10:50:16,5/11/2025 08:56:03,2022
12183,0,全行业,存管证券面值（年度）,亿元,87436.95,12/9/2025 10:50:16,5/11/2025 08:56:03,2022
12184,0,全行业,工业增加值:当月同比（年度）,%,6.091610200000001,12/9/2025 10:50:16,5/11/2025 08:56:03,2022
12185,14,采矿业,工业增加值:采矿业:当月同比（年度）,%,2.37,12/9/2025 10:50:16,5/11/2025 08:56:03,2022
12186,0,全行业,平均汇率:中间价:美元兑人民币（年度）,,6.227216666666667,12/9/2025 10:50:16,5/11/2025 08:56:03,2022
12187,0,全行业,房地产开发投资完成额:当月值（年度）,亿元,87192.4879,12/9/2025 10:50:16,5/11/2025 08:56:03,2022
12188,0,全行业,月均国际现货价格:航空煤油（年度）,美元/桶,66.68379166666664,12/9/2025 10:50:16,5/11/2025 08:56:03,2022
12189,0,全行业,汽车产量:乘用车:当月值（年度）,万辆,2104.34,12/9/2025 10:50:16,5/11/2025 08:56:03,2022
12190,0,全行业,汽车经销商库存系数:自主品牌（年度）,,1.24,12/9/2025 10:50:16,5/11/2025 08:56:03,2022
12191,0,全行业,汽车销量:乘用车:当月值（年度）,万辆,2110.8700000000003,12/9/2025 10:50:16,5/11/2025 08:56:03,2022
12192,0,全行业,沪深合计:融资融券余额（年度）,亿元,11804.74427,12/9/2025 10:50:16,5/11/2025 08:56:03,2022
12193,0,全行业,生产资料价格指数:原煤:定基数（年度）,2000=100,104.15500000000002,12/9/2025 10:50:16,5/11/2025 08:56:03,2022
12194,0,全行业,监管进出境总数:火车:当月值（年度）,节,1315683,12/9/2025 10:50:16,5/11/2025 08:56:03,2022
12195,0,全行业,进口数量:原油:当月值（年度）,万吨,33549,12/9/2025 10:50:16,5/11/2025 08:56:03,2022
12196,0,全行业,进口数量:煤及褐煤(煤炭):当月值（年度）,万吨,40836,12/9/2025 10:50:16,5/11/2025 08:56:03,2022
12197,0,全行业,重点发电企业耗煤:全国:当月值（年度）,万吨,113425,12/9/2025 10:50:16,5/11/2025 08:56:03,2022
12198,0,全行业,铁路客运量:当月值（年度）,万人,253436.8455,12/9/2025 10:50:16,5/11/2025 08:56:03,2022
12199,0,全行业,铁路货运量:当月值（年度）,万吨,335833.3596000001,12/9/2025 10:50:16,5/11/2025 08:56:03,2022
12200,0,全行业,销量:煤炭:当月值（年度）,万吨,319000,12/9/2025 10:50:16,5/11/2025 08:56:03,2022
12201,0,全行业,CPI:当月同比（年度）,%,1.9916666666666665,12/9/2025 10:50:16,5/11/2025 08:56:03,2022
12202,0,全行业,CPI:消费品:当月同比（年度）,%,1.775,12/9/2025 10:50:16,5/11/2025 08:56:03,2022
12203,0,全行业,TFT液晶面板:大尺寸:出货量:平板电脑:当月值（年度）,百万片,90.5,12/9/2025 10:50:16,5/11/2025 08:56:03,2022
12204,0,全行业,一级市场债券净融资量:合计（年度）,亿元,5055.0004689975,12/9/2025 10:50:16,5/11/2025 08:56:03,2022
12205,0,全行业,个人住房公积金贷款利率:5年以上（年度）,%,4.458333333333333,12/9/2025 10:50:16,5/11/2025 08:56:03,2022
12206,0,全行业,中长期贷款利率:5年以上（年度）,%,6.483333333333332,12/9/2025 10:50:16,5/11/2025 08:56:03,2022
12207,0,全行业,产量:原煤:当月值（年度）,万吨,325500,12/9/2025 10:50:16,5/11/2025 08:56:03,2022
12208,0,全行业,信托产品:投资领域平均收益:房地产（年度）,%,9.738333333333337,12/9/2025 10:50:16,5/11/2025 08:56:03,2022
12209,0,全行业,全社会用电量:工业用电:当月值（年度）,亿千瓦时,39916.7341,12/9/2025 10:50:16,5/11/2025 08:56:03,2022
12210,0,全行业,全社会用电量:当月值（年度）,亿千瓦时,55223.62359999999,12/9/2025 10:50:16,5/11/2025 08:56:03,2022
12211,0,全行业,全社会用电量:第一产业:当月值（年度）,亿千瓦时,994.4432,12/9/2025 10:50:16,5/11/2025 08:56:03,2022
12212,0,全行业,全社会用电量:第三产业:当月值（年度）,亿千瓦时,6662.4242,12/9/2025 10:50:16,5/11/2025 08:56:03,2022
12213,0,全行业,全社会用电量:第二产业:当月值（年度）,亿千瓦时,40637.3095,12/9/2025 10:50:16,5/11/2025 08:56:03,2022
12214,0,全行业,全部土地:全市:成交面积:当月值（年度）,万平方米,58809.46000000001,12/9/2025 10:50:16,5/11/2025 08:56:03,2022
12215,0,全行业,公路客运量:当月值（年度）,万人,1905302,12/9/2025 10:50:16,5/11/2025 08:56:03,2022
12216,0,全行业,公路货运量:当月值（年度）,万吨,3341556,12/9/2025 10:50:16,5/11/2025 08:56:03,2022
12217,0,全行业,出口数量:微型电脑:当月值（年度）,万台,972,12/9/2025 10:50:16,5/11/2025 08:56:03,2022
12218,0,全行业,制造业PMI:产成品库存（年度）,%,47.50833333333333,12/9/2025 10:50:16,5/11/2025 08:56:03,2022
12219,0,全行业,制造业PMI:原材料库存（年度）,%,48.09166666666667,12/9/2025 10:50:16,5/11/2025 08:56:03,2022
12220,0,全行业,制造业PMI:新出口订单（年度）,%,49.55833333333334,12/9/2025 10:50:16,5/11/2025 08:56:03,2022
12221,0,全行业,制造业PMI:进口（年度）,%,48.28333333333334,12/9/2025 10:50:16,5/11/2025 08:56:03,2022
12222,0,全行业,发电量:火电:当月值（年度）,亿千瓦小时,76468.26000000001,12/9/2025 10:50:16,5/11/2025 08:56:03,2022
12223,0,全行业,商品房待售面积:累计值（年度）,万平方米,612783,12/9/2025 10:50:16,5/11/2025 08:56:03,2022
12224,0,全行业,固定资产投资完成额:当月值（年度）,亿元,471721.8715,12/9/2025 10:50:16,5/11/2025 08:56:03,2022
12225,0,全行业,存管证券只数（年度）,只,6339,12/9/2025 10:50:16,5/11/2025 08:56:03,2022
12226,0,全行业,存管证券已上市流通市值（年度）,亿元,357738.73,12/9/2025 10:50:16,5/11/2025 08:56:03,2022
12227,0,全行业,存管证券面值（年度）,亿元,65918.19,12/9/2025 10:50:16,5/11/2025 08:56:03,2022
12228,0,全行业,工业增加值:当月同比（年度）,%,8.295035274641668,12/9/2025 10:50:16,5/11/2025 08:56:03,2022
12229,14,采矿业,工业增加值:采矿业:当月同比（年度）,%,4.5,12/9/2025 10:50:16,5/11/2025 08:56:03,2022
12230,0,全行业,平均汇率:中间价:美元兑人民币（年度）,,6.142408333333333,12/9/2025 10:50:16,5/11/2025 08:56:03,2022
12231,0,全行业,房地产开发投资完成额:当月值（年度）,亿元,87079.6311,12/9/2025 10:50:16,5/11/2025 08:56:03,2022
12232,0,全行业,月均国际现货价格:航空煤油（年度）,美元/桶,114.42870833333336,12/9/2025 10:50:16,5/11/2025 08:56:03,2022
12233,0,全行业,汽车产量:乘用车:当月值（年度）,万辆,1992.56,12/9/2025 10:50:16,5/11/2025 08:56:03,2022
12234,0,全行业,汽车经销商库存系数:自主品牌（年度）,,1.81,12/9/2025 10:50:16,5/11/2025 08:56:03,2022
12235,0,全行业,汽车销量:乘用车:当月值（年度）,万辆,1970.01,12/9/2025 10:50:16,5/11/2025 08:56:03,2022
12236,0,全行业,沪深合计:融资融券余额（年度）,亿元,9567.649227,12/9/2025 10:50:16,5/11/2025 08:56:03,2022
12237,0,全行业,生产资料价格指数:原煤:定基数（年度）,2000=100,125.0175,12/9/2025 10:50:16,5/11/2025 08:56:03,2022
12238,0,全行业,监管进出境总数:火车:当月值（年度）,节,1540255,12/9/2025 10:50:16,5/11/2025 08:56:03,2022
12239,0,全行业,进口数量:原油:当月值（年度）,万吨,30836.2,12/9/2025 10:50:16,5/11/2025 08:56:03,2022
12240,0,全行业,进口数量:煤及褐煤(煤炭):当月值（年度）,万吨,58324,12/9/2025 10:50:16,5/11/2025 08:56:03,2022
12241,0,全行业,重点发电企业耗煤:全国:当月值（年度）,万吨,124359,12/9/2025 10:50:16,5/11/2025 08:56:03,2022
12242,0,全行业,铁路客运量:当月值（年度）,万人,235704.4024,12/9/2025 10:50:16,5/11/2025 08:56:03,2022
12243,0,全行业,铁路货运量:当月值（年度）,万吨,381263.79670000006,12/9/2025 10:50:16,5/11/2025 08:56:03,2022
12244,0,全行业,销量:煤炭:当月值（年度）,万吨,311636,12/9/2025 10:50:16,5/11/2025 08:56:03,2022
12245,0,全行业,CPI:当月同比（年度）,%,2.6333333333333333,12/9/2025 10:50:16,5/11/2025 08:56:03,2022
12246,0,全行业,CPI:消费品:当月同比（年度）,%,2.5166666666666666,12/9/2025 10:50:16,5/11/2025 08:56:03,2022
12247,0,全行业,TFT液晶面板:大尺寸:出货量:平板电脑:当月值（年度）,百万片,35.9,12/9/2025 10:50:16,5/11/2025 08:56:03,2022
12248,0,全行业,一级市场债券净融资量:合计（年度）,亿元,3126.351007,12/9/2025 10:50:16,5/11/2025 08:56:03,2022
12249,0,全行业,个人住房公积金贷款利率:5年以上（年度）,%,4.5,12/9/2025 10:50:16,5/11/2025 08:56:03,2022
12250,0,全行业,中长期贷款利率:5年以上（年度）,%,6.55,12/9/2025 10:50:16,5/11/2025 08:56:03,2022
12251,0,全行业,产量:原煤:当月值（年度）,万吨,331500,12/9/2025 10:50:16,5/11/2025 08:56:03,2022
12252,0,全行业,信托产品:投资领域平均收益:房地产（年度）,%,9.513333333333334,12/9/2025 10:50:16,5/11/2025 08:56:03,2022
12253,0,全行业,全社会用电量:工业用电:当月值（年度）,亿千瓦时,38507.5615,12/9/2025 10:50:16,5/11/2025 08:56:03,2022
12254,0,全行业,全社会用电量:当月值（年度）,亿千瓦时,53225.707,12/9/2025 10:50:16,5/11/2025 08:56:03,2022
12255,0,全行业,全社会用电量:第一产业:当月值（年度）,亿千瓦时,1010.3077,12/9/2025 10:50:16,5/11/2025 08:56:03,2022
12256,0,全行业,全社会用电量:第三产业:当月值（年度）,亿千瓦时,6259.6001,12/9/2025 10:50:16,5/11/2025 08:56:03,2022
12257,0,全行业,全社会用电量:第二产业:当月值（年度）,亿千瓦时,39180.5088,12/9/2025 10:50:16,5/11/2025 08:56:03,2022
12258,0,全行业,公路客运量:当月值（年度）,万人,3746820,12/9/2025 10:50:16,5/11/2025 08:56:03,2022
12259,0,全行业,公路货运量:当月值（年度）,万吨,3561627,12/9/2025 10:50:16,5/11/2025 08:56:03,2022
12260,0,全行业,出口数量:微型电脑:当月值（年度）,万台,1006,12/9/2025 10:50:16,5/11/2025 08:56:03,2022
12261,0,全行业,制造业PMI:产成品库存（年度）,%,47.55833333333333,12/9/2025 10:50:16,5/11/2025 08:56:03,2022
12262,0,全行业,制造业PMI:原材料库存（年度）,%,48.14166666666667,12/9/2025 10:50:16,5/11/2025 08:56:03,2022
12263,0,全行业,制造业PMI:新出口订单（年度）,%,49.425,12/9/2025 10:50:16,5/11/2025 08:56:03,2022
12264,0,全行业,制造业PMI:进口（年度）,%,49.275,12/9/2025 10:50:16,5/11/2025 08:56:03,2022
12265,0,全行业,发电量:火电:当月值（年度）,亿千瓦小时,83555.78099999999,12/9/2025 10:50:16,5/11/2025 08:56:03,2022
12266,0,全行业,商品房待售面积:累计值（年度）,万平方米,488315,12/9/2025 10:50:16,5/11/2025 08:56:03,2022
12267,0,全行业,固定资产投资完成额:当月值（年度）,亿元,410851.7775,12/9/2025 10:50:16,5/11/2025 08:56:03,2022
12268,0,全行业,存管证券只数（年度）,只,5071,12/9/2025 10:50:16,5/11/2025 08:56:03,2022
12269,0,全行业,存管证券已上市流通市值（年度）,亿元,228900.76,12/9/2025 10:50:16,5/11/2025 08:56:03,2022
12270,0,全行业,存管证券面值（年度）,亿元,56286.92,12/9/2025 10:50:16,5/11/2025 08:56:03,2022
12271,0,全行业,工业增加值:当月同比（年度）,%,9.709026487741664,12/9/2025 10:50:16,5/11/2025 08:56:03,2022
12272,14,采矿业,工业增加值:采矿业:当月同比（年度）,%,5.328571428571429,12/9/2025 10:50:16,5/11/2025 08:56:03,2022
12273,0,全行业,平均汇率:中间价:美元兑人民币（年度）,,6.195641666666667,12/9/2025 10:50:16,5/11/2025 08:56:03,2022
12274,0,全行业,房地产开发投资完成额:当月值（年度）,亿元,79343.6791,12/9/2025 10:50:16,5/11/2025 08:56:03,2022
12275,0,全行业,月均国际现货价格:航空煤油（年度）,美元/桶,124.84795833333332,12/9/2025 10:50:16,5/11/2025 08:56:03,2022
12276,0,全行业,汽车产量:乘用车:当月值（年度）,万辆,1808.4649,12/9/2025 10:50:16,5/11/2025 08:56:03,2022
12277,0,全行业,汽车销量:乘用车:当月值（年度）,万辆,1792.7991,12/9/2025 10:50:16,5/11/2025 08:56:03,2022
12278,0,全行业,沪深合计:融资融券余额（年度）,亿元,3378.899761,12/9/2025 10:50:16,5/11/2025 08:56:03,2022
12279,0,全行业,生产资料价格指数:原煤:定基数（年度）,2000=100,140.195,12/9/2025 10:50:16,5/11/2025 08:56:03,2022
12280,0,全行业,监管进出境总数:火车:当月值（年度）,节,1763572,12/9/2025 10:50:16,5/11/2025 08:56:03,2022
12281,0,全行业,进口数量:煤及褐煤(煤炭):当月值（年度）,万吨,65444,12/9/2025 10:50:16,5/11/2025 08:56:03,2022
12282,0,全行业,重点发电企业耗煤:全国:当月值（年度）,万吨,134301,12/9/2025 10:50:16,5/11/2025 08:56:03,2022
12283,0,全行业,铁路客运量:当月值（年度）,万人,210185.3815,12/9/2025 10:50:16,5/11/2025 08:56:03,2022
12284,0,全行业,铁路货运量:当月值（年度）,万吨,396696.4529,12/9/2025 10:50:16,5/11/2025 08:56:03,2022
12285,0,全行业,销量:煤炭:当月值（年度）,万吨,318450,12/9/2025 10:50:16,5/11/2025 08:56:03,2022
12286,0,全行业,CPI:当月同比（年度）,%,2.643333333333333,12/9/2025 10:50:16,5/11/2025 08:56:03,2022
12287,0,全行业,CPI:消费品:当月同比（年度）,%,2.930294688,12/9/2025 10:50:16,5/11/2025 08:56:03,2022
12288,0,全行业,一级市场债券净融资量:合计（年度）,亿元,3209.187613369167,12/9/2025 10:50:16,5/11/2025 08:56:03,2022
12289,0,全行业,个人住房公积金贷款利率:5年以上（年度）,%,4.683333333333333,12/9/2025 10:50:16,5/11/2025 08:56:03,2022
12290,0,全行业,中长期贷款利率:5年以上（年度）,%,6.779166666666666,12/9/2025 10:50:16,5/11/2025 08:56:03,2022
12291,0,全行业,产量:原煤:当月值（年度）,万吨,348980,12/9/2025 10:50:16,5/11/2025 08:56:03,2022
12292,0,全行业,信托产品:投资领域平均收益:房地产（年度）,%,10.14,12/9/2025 10:50:16,5/11/2025 08:56:03,2022
12293,0,全行业,全社会用电量:工业用电:当月值（年度）,亿千瓦时,36085.9954,12/9/2025 10:50:16,5/11/2025 08:56:03,2022
12294,0,全行业,全社会用电量:当月值（年度）,亿千瓦时,49618.8109,12/9/2025 10:50:16,5/11/2025 08:56:03,2022
12295,0,全行业,全社会用电量:第一产业:当月值（年度）,亿千瓦时,1000.5329,12/9/2025 10:50:16,5/11/2025 08:56:03,2022
12296,0,全行业,全社会用电量:第三产业:当月值（年度）,亿千瓦时,5688.3545,12/9/2025 10:50:16,5/11/2025 08:56:03,2022
12297,0,全行业,全社会用电量:第二产业:当月值（年度）,亿千瓦时,36696.5149,12/9/2025 10:50:16,5/11/2025 08:56:03,2022
12298,0,全行业,公路客运量:当月值（年度）,万人,3543046,12/9/2025 10:50:16,5/11/2025 08:56:03,2022
12299,0,全行业,公路货运量:当月值（年度）,万吨,3219580,12/9/2025 10:50:16,5/11/2025 08:56:03,2022
12300,0,全行业,出口数量:微型电脑:当月值（年度）,万台,906,12/9/2025 10:50:16,5/11/2025 08:56:03,2022
12301,0,全行业,制造业PMI:产成品库存（年度）,%,49.475,12/9/2025 10:50:16,5/11/2025 08:56:03,2022
12302,0,全行业,制造业PMI:原材料库存（年度）,%,47.74166666666667,12/9/2025 10:50:16,5/11/2025 08:56:03,2022
12303,0,全行业,制造业PMI:新出口订单（年度）,%,49.29166666666666,12/9/2025 10:50:16,5/11/2025 08:56:03,2022
12304,0,全行业,制造业PMI:进口（年度）,%,48.325,12/9/2025 10:50:16,5/11/2025 08:56:03,2022
12305,0,全行业,发电量:火电:当月值（年度）,亿千瓦小时,74995,12/9/2025 10:50:16,5/11/2025 08:56:03,2022
12306,0,全行业,商品房待售面积:累计值（年度）,万平方米,352473,12/9/2025 10:50:16,5/11/2025 08:56:03,2022
12307,0,全行业,固定资产投资完成额:当月值（年度）,亿元,343646.2419,12/9/2025 10:50:16,5/11/2025 08:56:03,2022
12308,0,全行业,存管证券只数（年度）,只,4094,12/9/2025 10:50:16,5/11/2025 08:56:03,2022
12309,0,全行业,存管证券已上市流通市值（年度）,亿元,198828.93,12/9/2025 10:50:16,5/11/2025 08:56:03,2022
12310,0,全行业,存管证券面值（年度）,亿元,46926.58,12/9/2025 10:50:16,5/11/2025 08:56:03,2022
12311,0,全行业,工业增加值:当月同比（年度）,%,10.139061784091666,12/9/2025 10:50:16,5/11/2025 08:56:03,2022
12312,0,全行业,平均汇率:中间价:美元兑人民币（年度）,,6.312383333333333,12/9/2025 10:50:16,5/11/2025 08:56:03,2022
12313,0,全行业,房地产开发投资完成额:当月值（年度）,亿元,66372.3278,12/9/2025 10:50:16,5/11/2025 08:56:03,2022
12314,0,全行业,月均国际现货价格:航空煤油（年度）,美元/桶,128.41529166666666,12/9/2025 10:50:16,5/11/2025 08:56:03,2022
12315,0,全行业,汽车产量:乘用车:当月值（年度）,万辆,1552.4422,12/9/2025 10:50:16,5/11/2025 08:56:03,2022
12316,0,全行业,汽车销量:乘用车:当月值（年度）,万辆,1549.3569,12/9/2025 10:50:16,5/11/2025 08:56:03,2022
12317,0,全行业,沪深合计:融资融券余额（年度）,亿元,822.8761071,12/9/2025 10:50:16,5/11/2025 08:56:03,2022
12318,0,全行业,生产资料价格指数:原煤:定基数（年度）,2000=100,164.772,12/9/2025 10:50:16,5/11/2025 08:56:03,2022
12319,0,全行业,监管进出境总数:火车:当月值（年度）,节,1624746,12/9/2025 10:50:16,5/11/2025 08:56:03,2022
12320,0,全行业,进口数量:煤及褐煤(煤炭):当月值（年度）,万吨,57770.36519,12/9/2025 10:50:16,5/11/2025 08:56:03,2022
12321,0,全行业,重点发电企业耗煤:全国:当月值（年度）,万吨,130822,12/9/2025 10:50:16,5/11/2025 08:56:03,2022
12322,0,全行业,铁路客运量:当月值（年度）,万人,191553.854,12/9/2025 10:50:16,5/11/2025 08:56:03,2022
12323,0,全行业,铁路货运量:当月值（年度）,万吨,389841.0506,12/9/2025 10:50:16,5/11/2025 08:56:03,2022
12324,0,全行业,销量:煤炭:当月值（年度）,万吨,334900,12/9/2025 10:50:16,5/11/2025 08:56:03,2022
12325,0,全行业,CPI:当月同比（年度）,%,5.408333333333334,12/9/2025 10:50:16,5/11/2025 08:56:03,2022
12326,0,全行业,CPI:消费品:当月同比（年度）,%,6.212761035833334,12/9/2025 10:50:16,5/11/2025 08:56:03,2022
12327,0,全行业,一级市场债券净融资量:合计（年度）,亿元,1449.898936,12/9/2025 10:50:16,5/11/2025 08:56:03,2022
12328,0,全行业,个人住房公积金贷款利率:5年以上（年度）,%,4.733333333333333,12/9/2025 10:50:16,5/11/2025 08:56:03,2022
12329,0,全行业,中长期贷款利率:5年以上（年度）,%,6.858333333333333,12/9/2025 10:50:16,5/11/2025 08:56:03,2022
12330,0,全行业,产量:原煤:当月值（年度）,万吨,337664.57,12/9/2025 10:50:16,5/11/2025 08:56:03,2022
12331,0,全行业,信托产品:投资领域平均收益:房地产（年度）,%,9.990833333333336,12/9/2025 10:50:16,5/11/2025 08:56:03,2022
12332,0,全行业,全社会用电量:工业用电:当月值（年度）,亿千瓦时,34652.0905,12/9/2025 10:50:16,5/11/2025 08:56:03,2022
12333,0,全行业,全社会用电量:当月值（年度）,亿千瓦时,46941.1096,12/9/2025 10:50:16,5/11/2025 08:56:03,2022
12334,0,全行业,全社会用电量:第一产业:当月值（年度）,亿千瓦时,1012.4897,12/9/2025 10:50:16,5/11/2025 08:56:03,2022
12335,0,全行业,全社会用电量:第三产业:当月值（年度）,亿千瓦时,5092.2598,12/9/2025 10:50:16,5/11/2025 08:56:03,2022
12336,0,全行业,全社会用电量:第二产业:当月值（年度）,亿千瓦时,35221.4314,12/9/2025 10:50:16,5/11/2025 08:56:03,2022
12337,0,全行业,公路客运量:当月值（年度）,万人,3278516,12/9/2025 10:50:16,5/11/2025 08:56:03,2022
12338,0,全行业,公路货运量:当月值（年度）,万吨,2813399,12/9/2025 10:50:16,5/11/2025 08:56:03,2022
12339,0,全行业,出口数量:微型电脑:当月值（年度）,万台,974,12/9/2025 10:50:16,5/11/2025 08:56:03,2022
12340,0,全行业,制造业PMI:产成品库存（年度）,%,49.95,12/9/2025 10:50:16,5/11/2025 08:56:03,2022
12341,0,全行业,制造业PMI:原材料库存（年度）,%,49.333333333333336,12/9/2025 10:50:16,5/11/2025 08:56:03,2022
12342,0,全行业,制造业PMI:新出口订单（年度）,%,49.95000000000001,12/9/2025 10:50:16,5/11/2025 08:56:03,2022
12343,0,全行业,制造业PMI:进口（年度）,%,50.083333333333336,12/9/2025 10:50:16,5/11/2025 08:56:03,2022
12344,0,全行业,发电量:火电:当月值（年度）,亿千瓦小时,75458.59575000001,12/9/2025 10:50:16,5/11/2025 08:56:03,2022
12345,0,全行业,商品房待售面积:累计值（年度）,万平方米,27194,12/9/2025 10:50:16,5/11/2025 08:56:03,2022
12346,0,全行业,固定资产投资完成额:当月值（年度）,亿元,284488.6898,12/9/2025 10:50:16,5/11/2025 08:56:03,2022
12347,0,全行业,存管证券只数（年度）,只,3304,12/9/2025 10:50:16,5/11/2025 08:56:03,2022
12348,0,全行业,存管证券已上市流通市值（年度）,亿元,177053.01,12/9/2025 10:50:16,5/11/2025 08:56:03,2022
12349,0,全行业,存管证券面值（年度）,亿元,40353.6,12/9/2025 10:50:16,5/11/2025 08:56:03,2022
12350,0,全行业,工业增加值:当月同比（年度）,%,13.745454545454548,12/9/2025 10:50:16,5/11/2025 08:56:03,2022
12351,0,全行业,平均汇率:中间价:美元兑人民币（年度）,,6.461416666666668,12/9/2025 10:50:16,5/11/2025 08:56:03,2022
12352,0,全行业,房地产开发投资完成额:当月值（年度）,亿元,57489.4056,12/9/2025 10:50:16,5/11/2025 08:56:03,2022
12353,0,全行业,月均国际现货价格:航空煤油（年度）,美元/桶,126.45466666666664,12/9/2025 10:50:16,5/11/2025 08:56:03,2022
12354,0,全行业,汽车产量:乘用车:当月值（年度）,万辆,1451.2673,12/9/2025 10:50:16,5/11/2025 08:56:03,2022
12355,0,全行业,汽车销量:乘用车:当月值（年度）,万辆,1449.8020000000004,12/9/2025 10:50:16,5/11/2025 08:56:03,2022
12356,0,全行业,沪深合计:融资融券余额（年度）,亿元,380.0470177,12/9/2025 10:50:16,5/11/2025 08:56:03,2022
12357,0,全行业,进口数量:煤及褐煤(煤炭):当月值（年度）,万吨,36644,12/9/2025 10:50:16,5/11/2025 08:56:03,2022
12358,0,全行业,重点发电企业耗煤:全国:当月值（年度）,万吨,136520,12/9/2025 10:50:16,5/11/2025 08:56:03,2022
12359,0,全行业,铁路客运量:当月值（年度）,万人,185933.305,12/9/2025 10:50:16,5/11/2025 08:56:03,2022
12360,0,全行业,铁路货运量:当月值（年度）,万吨,388020.5614,12/9/2025 10:50:16,5/11/2025 08:56:03,2022
12361,0,全行业,销量:煤炭:当月值（年度）,万吨,321160,12/9/2025 10:50:16,5/11/2025 08:56:03,2022
12362,0,全行业,CPI:当月同比（年度）,%,3.3241666666666667,12/9/2025 10:50:16,5/11/2025 08:56:03,2022
12363,0,全行业,CPI:消费品:当月同比（年度）,%,3.73800589,12/9/2025 10:50:16,5/11/2025 08:56:03,2022
12364,0,全行业,一级市场债券净融资量:合计（年度）,亿元,2139.197414495833,12/9/2025 10:50:16,5/11/2025 08:56:03,2022
12365,0,全行业,个人住房公积金贷款利率:5年以上（年度）,%,3.9358333333333326,12/9/2025 10:50:16,5/11/2025 08:56:03,2022
12366,0,全行业,中长期贷款利率:5年以上（年度）,%,6.011666666666666,12/9/2025 10:50:16,5/11/2025 08:56:03,2022
12367,0,全行业,产量:原煤:当月值（年度）,万吨,308919.15,12/9/2025 10:50:16,5/11/2025 08:56:03,2022
12368,0,全行业,信托产品:投资领域平均收益:房地产（年度）,%,8.825,12/9/2025 10:50:16,5/11/2025 08:56:03,2022
12369,0,全行业,全社会用电量:工业用电:当月值（年度）,亿千瓦时,30986.0404,12/9/2025 10:50:16,5/11/2025 08:56:03,2022
12370,0,全行业,全社会用电量:当月值（年度）,亿千瓦时,42024.7455,12/9/2025 10:50:16,5/11/2025 08:56:03,2022
12371,0,全行业,全社会用电量:第一产业:当月值（年度）,亿千瓦时,976.7563,12/9/2025 10:50:16,5/11/2025 08:56:03,2022
12372,0,全行业,全社会用电量:第三产业:当月值（年度）,亿千瓦时,4479.9221,12/9/2025 10:50:16,5/11/2025 08:56:03,2022
12373,0,全行业,全社会用电量:第二产业:当月值（年度）,亿千瓦时,31469.573,12/9/2025 10:50:16,5/11/2025 08:56:03,2022
12374,0,全行业,公路客运量:当月值（年度）,万人,3062627,12/9/2025 10:50:16,5/11/2025 08:56:03,2022
12375,0,全行业,公路货运量:当月值（年度）,万吨,2425267,12/9/2025 10:50:16,5/11/2025 08:56:03,2022
12376,0,全行业,出口数量:微型电脑:当月值（年度）,万台,1045,12/9/2025 10:50:16,5/11/2025 08:56:03,2022
12377,0,全行业,制造业PMI:产成品库存（年度）,%,47.84166666666666,12/9/2025 10:50:16,5/11/2025 08:56:03,2022
12378,0,全行业,制造业PMI:原材料库存（年度）,%,49.75000000000001,12/9/2025 10:50:16,5/11/2025 08:56:03,2022
12379,0,全行业,制造业PMI:新出口订单（年度）,%,52.78333333333333,12/9/2025 10:50:16,5/11/2025 08:56:03,2022
12380,0,全行业,制造业PMI:进口（年度）,%,51.25,12/9/2025 10:50:16,5/11/2025 08:56:03,2022
12381,0,全行业,发电量:火电:当月值（年度）,亿千瓦小时,65917.50437000001,12/9/2025 10:50:16,5/11/2025 08:56:03,2022
12382,0,全行业,固定资产投资完成额:当月值（年度）,亿元,228400.9032,12/9/2025 10:50:16,5/11/2025 08:56:03,2022
12383,0,全行业,存管证券只数（年度）,只,2776,12/9/2025 10:50:16,5/11/2025 08:56:03,2022
12384,0,全行业,存管证券已上市流通市值（年度）,亿元,206709.02,12/9/2025 10:50:16,5/11/2025 08:56:03,2022
12385,0,全行业,存管证券面值（年度）,亿元,35206.24,12/9/2025 10:50:16,5/11/2025 08:56:03,2022
12386,0,全行业,工业增加值:当月同比（年度）,%,14.490909090909092,12/9/2025 10:50:16,5/11/2025 08:56:03,2022
12387,0,全行业,平均汇率:中间价:美元兑人民币（年度）,,6.770425,12/9/2025 10:50:16,5/11/2025 08:56:03,2022
12388,0,全行业,房地产开发投资完成额:当月值（年度）,亿元,45123.428100000005,12/9/2025 10:50:16,5/11/2025 08:56:03,2022
12389,0,全行业,月均国际现货价格:航空煤油（年度）,美元/桶,91.27520833333334,12/9/2025 10:50:16,5/11/2025 08:56:03,2022
12390,0,全行业,汽车产量:乘用车:当月值（年度）,万辆,1388.6703000000002,12/9/2025 10:50:16,5/11/2025 08:56:03,2022
12391,0,全行业,汽车销量:乘用车:当月值（年度）,万辆,1374.8883999999998,12/9/2025 10:50:16,5/11/2025 08:56:03,2022
12392,0,全行业,沪深合计:融资融券余额（年度）,亿元,111.7179898,12/9/2025 10:50:16,5/11/2025 08:56:03,2022
12393,0,全行业,进口数量:煤及褐煤(煤炭):当月值（年度）,万吨,33248,12/9/2025 10:50:16,5/11/2025 08:56:03,2022
12394,0,全行业,重点发电企业耗煤:全国:当月值（年度）,万吨,69998,12/9/2025 10:50:16,5/11/2025 08:56:03,2022
12395,0,全行业,铁路客运量:当月值（年度）,万人,167290.5209,12/9/2025 10:50:16,5/11/2025 08:56:03,2022
12396,0,全行业,铁路货运量:当月值（年度）,万吨,364991.7178,12/9/2025 10:50:16,5/11/2025 08:56:03,2022
12397,0,全行业,销量:煤炭:当月值（年度）,万吨,264110,12/9/2025 10:50:16,5/11/2025 08:56:03,2022
12398,0,全行业,CPI:当月同比（年度）,%,-0.685833333,12/9/2025 10:50:16,5/11/2025 08:56:03,2022
12399,0,全行业,CPI:消费品:当月同比（年度）,%,-0.555442797,12/9/2025 10:50:16,5/11/2025 08:56:03,2022
12400,0,全行业,一级市场债券净融资量:合计（年度）,亿元,1993.4464563233328,12/9/2025 10:50:16,5/11/2025 08:56:03,2022
12401,0,全行业,个人住房公积金贷款利率:5年以上（年度）,%,3.869999999999999,12/9/2025 10:50:16,5/11/2025 08:56:03,2022
12402,0,全行业,中长期贷款利率:5年以上（年度）,%,5.94,12/9/2025 10:50:16,5/11/2025 08:56:03,2022
12403,0,全行业,产量:原煤:当月值（年度）,万吨,298399.34,12/9/2025 10:50:16,5/11/2025 08:56:03,2022
12404,0,全行业,信托产品:投资领域平均收益:房地产（年度）,%,8.156666666666666,12/9/2025 10:50:16,5/11/2025 08:56:03,2022
12405,0,全行业,全社会用电量:工业用电:当月值（年度）,亿千瓦时,14774.631,12/9/2025 10:50:16,5/11/2025 08:56:03,2022
12406,0,全行业,全社会用电量:当月值（年度）,亿千瓦时,20128.5803,12/9/2025 10:50:16,5/11/2025 08:56:03,2022
12407,0,全行业,全社会用电量:第一产业:当月值（年度）,亿千瓦时,513.2816,12/9/2025 10:50:16,5/11/2025 08:56:03,2022
12408,0,全行业,全社会用电量:第三产业:当月值（年度）,亿千瓦时,2157.5727,12/9/2025 10:50:16,5/11/2025 08:56:03,2022
12409,0,全行业,全社会用电量:第二产业:当月值（年度）,亿千瓦时,14984.9435,12/9/2025 10:50:16,5/11/2025 08:56:03,2022
12410,0,全行业,公路客运量:当月值（年度）,万人,2649911,12/9/2025 10:50:16,5/11/2025 08:56:03,2022
12411,0,全行业,公路货运量:当月值（年度）,万吨,2065203,12/9/2025 10:50:16,5/11/2025 08:56:03,2022
12412,0,全行业,出口数量:微型电脑:当月值（年度）,万台,702,12/9/2025 10:50:16,5/11/2025 08:56:03,2022
12413,0,全行业,制造业PMI:产成品库存（年度）,%,45.65833333333334,12/9/2025 10:50:16,5/11/2025 08:56:03,2022
12414,0,全行业,制造业PMI:原材料库存（年度）,%,47.833333333333336,12/9/2025 10:50:16,5/11/2025 08:56:03,2022
12415,0,全行业,制造业PMI:新出口订单（年度）,%,49.45,12/9/2025 10:50:16,5/11/2025 08:56:03,2022
12416,0,全行业,制造业PMI:进口（年度）,%,49.01666666666666,12/9/2025 10:50:16,5/11/2025 08:56:03,2022
12417,0,全行业,发电量:火电:当月值（年度）,亿千瓦小时,58893.08618,12/9/2025 10:50:16,5/11/2025 08:56:03,2022
12418,0,全行业,固定资产投资完成额:当月值（年度）,亿元,183862.832,12/9/2025 10:50:16,5/11/2025 08:56:03,2022
12419,0,全行业,存管证券只数（年度）,只,2240,12/9/2025 10:50:16,5/11/2025 08:56:03,2022
12420,0,全行业,存管证券已上市流通市值（年度）,亿元,160934.92,12/9/2025 10:50:16,5/11/2025 08:56:03,2022
12421,0,全行业,存管证券面值（年度）,亿元,27061.74,12/9/2025 10:50:16,5/11/2025 08:56:03,2022
12422,0,全行业,工业增加值:当月同比（年度）,%,12.454545454545457,12/9/2025 10:50:16,5/11/2025 08:56:03,2022
12423,0,全行业,平均汇率:中间价:美元兑人民币（年度）,,6.831066666666668,12/9/2025 10:50:16,5/11/2025 08:56:03,2022
12424,0,全行业,房地产开发投资完成额:当月值（年度）,亿元,33833.5615,12/9/2025 10:50:16,5/11/2025 08:56:03,2022
12425,0,全行业,月均国际现货价格:航空煤油（年度）,美元/桶,71.11810833333334,12/9/2025 10:50:16,5/11/2025 08:56:03,2022
12426,0,全行业,汽车产量:乘用车:当月值（年度）,万辆,1037.5331,12/9/2025 10:50:16,5/11/2025 08:56:03,2022
12427,0,全行业,汽车销量:乘用车:当月值（年度）,万辆,1030.4274,12/9/2025 10:50:16,5/11/2025 08:56:03,2022
12428,0,全行业,进口数量:煤及褐煤(煤炭):当月值（年度）,万吨,25326,12/9/2025 10:50:16,5/11/2025 08:56:03,2022
12429,0,全行业,铁路客运量:当月值（年度）,万人,152481.7441,12/9/2025 10:50:16,5/11/2025 08:56:03,2022
12430,0,全行业,铁路货运量:当月值（年度）,万吨,328707.1507,12/9/2025 10:50:16,5/11/2025 08:56:03,2022
12431,0,全行业,销量:煤炭:当月值（年度）,万吨,276754,12/9/2025 10:50:16,5/11/2025 08:56:03,2022
12432,0,全行业,CPI:当月同比（年度）,%,5.904166666666668,12/9/2025 10:50:16,5/11/2025 08:56:03,2022
12433,0,全行业,CPI:消费品:当月同比（年度）,%,7.372119015833333,12/9/2025 10:50:16,5/11/2025 08:56:03,2022
12434,0,全行业,一级市场债券净融资量:合计（年度）,亿元,2328.684572924167,12/9/2025 10:50:16,5/11/2025 08:56:03,2022
12435,0,全行业,个人住房公积金贷款利率:5年以上（年度）,%,4.949999999999999,12/9/2025 10:50:16,5/11/2025 08:56:03,2022
12436,0,全行业,中长期贷款利率:5年以上（年度）,%,7.47,12/9/2025 10:50:16,5/11/2025 08:56:03,2022
12437,0,全行业,产量:原煤:当月值（年度）,万吨,258566.43,12/9/2025 10:50:16,5/11/2025 08:56:03,2022
12438,0,全行业,信托产品:投资领域平均收益:房地产（年度）,%,9.945,12/9/2025 10:50:16,5/11/2025 08:56:03,2022
12439,0,全行业,公路客运量:当月值（年度）,万人,2206969,12/9/2025 10:50:16,5/11/2025 08:56:03,2022
12440,0,全行业,公路货运量:当月值（年度）,万吨,1817513,12/9/2025 10:50:16,5/11/2025 08:56:03,2022
12441,0,全行业,出口数量:微型电脑:当月值（年度）,万台,767,12/9/2025 10:50:16,5/11/2025 08:56:03,2022
12442,0,全行业,制造业PMI:产成品库存（年度）,%,48.54999999999999,12/9/2025 10:50:16,5/11/2025 08:56:03,2022
12443,0,全行业,制造业PMI:原材料库存（年度）,%,46.43333333333334,12/9/2025 10:50:16,5/11/2025 08:56:03,2022
12444,0,全行业,制造业PMI:新出口订单（年度）,%,47.24166666666667,12/9/2025 10:50:16,5/11/2025 08:56:03,2022
12445,0,全行业,制造业PMI:进口（年度）,%,46.56666666666666,12/9/2025 10:50:16,5/11/2025 08:56:03,2022
12446,0,全行业,发电量:火电:当月值（年度）,亿千瓦小时,55486.98,12/9/2025 10:50:16,5/11/2025 08:56:03,2022
12447,0,全行业,固定资产投资完成额:当月值（年度）,亿元,140045.957,12/9/2025 10:50:16,5/11/2025 08:56:03,2022
12448,0,全行业,存管证券只数（年度）,只,1944,12/9/2025 10:50:16,5/11/2025 08:56:03,2022
12449,0,全行业,存管证券已上市流通市值（年度）,亿元,124688.92,12/9/2025 10:50:16,5/11/2025 08:56:03,2022
12450,0,全行业,存管证券面值（年度）,亿元,22700.6,12/9/2025 10:50:16,5/11/2025 08:56:03,2022
12451,0,全行业,工业增加值:当月同比（年度）,%,12.645454545454545,12/9/2025 10:50:16,5/11/2025 08:56:03,2022
12452,0,全行业,平均汇率:中间价:美元兑人民币（年度）,,6.947975,12/9/2025 10:50:16,5/11/2025 08:56:03,2022
12453,0,全行业,房地产开发投资完成额:当月值（年度）,亿元,28206.097500000003,12/9/2025 10:50:16,5/11/2025 08:56:03,2022
12454,0,全行业,月均国际现货价格:航空煤油（年度）,美元/桶,122.72029166666668,12/9/2025 10:50:16,5/11/2025 08:56:03,2022
12455,0,全行业,汽车产量:乘用车:当月值（年度）,万辆,672.8682,12/9/2025 10:50:16,5/11/2025 08:56:03,2022
12456,0,全行业,汽车销量:乘用车:当月值（年度）,万辆,674.746,12/9/2025 10:50:16,5/11/2025 08:56:03,2022
12457,0,全行业,进口数量:煤及褐煤(煤炭):当月值（年度）,万吨,8166,12/9/2025 10:50:16,5/11/2025 08:56:03,2022
12458,0,全行业,铁路客运量:当月值（年度）,万人,145407.9709,12/9/2025 10:50:16,5/11/2025 08:56:03,2022
12459,0,全行业,铁路货运量:当月值（年度）,万吨,326415.87,12/9/2025 10:50:16,5/11/2025 08:56:03,2022
12460,0,全行业,销量:煤炭:当月值（年度）,万吨,243019,12/9/2025 10:50:16,5/11/2025 08:56:03,2022
12461,0,全行业,CPI:当月同比（年度）,%,4.7725,12/9/2025 10:50:16,5/11/2025 08:56:03,2022
12462,0,全行业,CPI:消费品:当月同比（年度）,%,5.672835714166667,12/9/2025 10:50:16,5/11/2025 08:56:03,2022
12463,0,全行业,一级市场债券净融资量:合计（年度）,亿元,2591.4730442366667,12/9/2025 10:50:16,5/11/2025 08:56:03,2022
12464,0,全行业,个人住房公积金贷款利率:5年以上（年度）,%,4.8825,12/9/2025 10:50:16,5/11/2025 08:56:03,2022
12465,0,全行业,中长期贷款利率:5年以上（年度）,%,7.38,12/9/2025 10:50:16,5/11/2025 08:56:03,2022
12466,0,全行业,产量:原煤:当月值（年度）,万吨,229892.1,12/9/2025 10:50:16,5/11/2025 08:56:03,2022
12467,0,全行业,信托产品:投资领域平均收益:房地产（年度）,%,7.065000000000001,12/9/2025 10:50:16,5/11/2025 08:56:03,2022
12468,0,全行业,公路客运量:当月值（年度）,万人,2058064,12/9/2025 10:50:16,5/11/2025 08:56:03,2022
12469,0,全行业,公路货运量:当月值（年度）,万吨,1628442,12/9/2025 10:50:16,5/11/2025 08:56:03,2022
12470,0,全行业,出口数量:微型电脑:当月值（年度）,万台,877,12/9/2025 10:50:16,5/11/2025 08:56:03,2022
12471,0,全行业,制造业PMI:产成品库存（年度）,%,46.491666666666674,12/9/2025 10:50:16,5/11/2025 08:56:03,2022
12472,0,全行业,制造业PMI:原材料库存（年度）,%,49.66666666666666,12/9/2025 10:50:16,5/11/2025 08:56:03,2022
12473,0,全行业,制造业PMI:新出口订单（年度）,%,55.85,12/9/2025 10:50:16,5/11/2025 08:56:03,2022
12474,0,全行业,制造业PMI:进口（年度）,%,53.333333333333336,12/9/2025 10:50:16,5/11/2025 08:56:03,2022
12475,0,全行业,发电量:火电:当月值（年度）,亿千瓦小时,53424.77418,12/9/2025 10:50:16,5/11/2025 08:56:03,2022
12476,0,全行业,固定资产投资完成额:当月值（年度）,亿元,110878.9,12/9/2025 10:50:16,5/11/2025 08:56:03,2022
12477,0,全行业,存管证券只数（年度）,只,1850,12/9/2025 10:50:16,5/11/2025 08:56:03,2022
12478,0,全行业,存管证券已上市流通市值（年度）,亿元,330561.88,12/9/2025 10:50:16,5/11/2025 08:56:03,2022
12479,0,全行业,存管证券面值（年度）,亿元,21369.72,12/9/2025 10:50:16,5/11/2025 08:56:03,2022
12480,0,全行业,工业增加值:当月同比（年度）,%,17.463636363636365,12/9/2025 10:50:16,5/11/2025 08:56:03,2022
12481,0,全行业,平均汇率:中间价:美元兑人民币（年度）,,7.6071,12/9/2025 10:50:16,5/11/2025 08:56:03,2022
12482,0,全行业,房地产开发投资完成额:当月值（年度）,亿元,23493.99,12/9/2025 10:50:16,5/11/2025 08:56:03,2022
12483,0,全行业,月均国际现货价格:航空煤油（年度）,美元/桶,88.65579166666667,12/9/2025 10:50:16,5/11/2025 08:56:03,2022
12484,0,全行业,汽车产量:乘用车:当月值（年度）,万辆,638.0004,12/9/2025 10:50:16,5/11/2025 08:56:03,2022
12485,0,全行业,汽车销量:乘用车:当月值（年度）,万辆,629.7921,12/9/2025 10:50:16,5/11/2025 08:56:03,2022
12486,0,全行业,进口数量:煤及褐煤(煤炭):当月值（年度）,万吨,10196,12/9/2025 10:50:16,5/11/2025 08:56:03,2022
12487,0,全行业,铁路客运量:当月值（年度）,万人,135940,12/9/2025 10:50:16,5/11/2025 08:56:03,2022
12488,0,全行业,铁路货运量:当月值（年度）,万吨,311741.1294,12/9/2025 10:50:16,5/11/2025 08:56:03,2022
12489,0,全行业,销量:煤炭:当月值（年度）,万吨,236602,12/9/2025 10:50:16,5/11/2025 08:56:03,2022
12490,0,全行业,CPI:当月同比（年度）,%,1.4675,12/9/2025 10:50:16,5/11/2025 08:56:03,2022
12491,0,全行业,CPI:消费品:当月同比（年度）,%,1.3575,12/9/2025 10:50:16,5/11/2025 08:56:03,2022
12492,0,全行业,一级市场债券净融资量:合计（年度）,亿元,1574.351389,12/9/2025 10:50:16,5/11/2025 08:56:03,2022
12493,0,全行业,个人住房公积金贷款利率:5年以上（年度）,%,4.230000000000001,12/9/2025 10:50:16,5/11/2025 08:56:03,2022
12494,0,全行业,中长期贷款利率:5年以上（年度）,%,6.510000000000001,12/9/2025 10:50:16,5/11/2025 08:56:03,2022
12495,0,全行业,产量:原煤:当月值（年度）,万吨,206367.01,12/9/2025 10:50:16,5/11/2025 08:56:03,2022
12496,0,全行业,信托产品:投资领域平均收益:房地产（年度）,%,5.154166666666667,12/9/2025 10:50:16,5/11/2025 08:56:03,2022
12497,0,全行业,公路客运量:当月值（年度）,万人,1844551,12/9/2025 10:50:16,5/11/2025 08:56:03,2022
12498,0,全行业,公路货运量:当月值（年度）,万吨,1461275,12/9/2025 10:50:16,5/11/2025 08:56:03,2022
12499,0,全行业,出口数量:微型电脑:当月值（年度）,万台,814,12/9/2025 10:50:16,5/11/2025 08:56:03,2022
12500,0,全行业,制造业PMI:产成品库存（年度）,%,45.39166666666667,12/9/2025 10:50:16,5/11/2025 08:56:03,2022
12501,0,全行业,制造业PMI:原材料库存（年度）,%,47.51666666666666,12/9/2025 10:50:16,5/11/2025 08:56:03,2022
12502,0,全行业,制造业PMI:新出口订单（年度）,%,56.78333333333333,12/9/2025 10:50:16,5/11/2025 08:56:03,2022
12503,0,全行业,制造业PMI:进口（年度）,%,52.54166666666666,12/9/2025 10:50:16,5/11/2025 08:56:03,2022
12504,0,全行业,发电量:火电:当月值（年度）,亿千瓦小时,46040.77069,12/9/2025 10:50:16,5/11/2025 08:56:03,2022
12505,0,全行业,固定资产投资完成额:当月值（年度）,亿元,88178.26,12/9/2025 10:50:16,5/11/2025 08:56:03,2022
12506,0,全行业,存管证券只数（年度）,只,1764,12/9/2025 10:50:16,5/11/2025 08:56:03,2022
12507,0,全行业,存管证券已上市流通市值（年度）,亿元,92146.09,12/9/2025 10:50:16,5/11/2025 08:56:03,2022
12508,0,全行业,存管证券面值（年度）,亿元,17389.24,12/9/2025 10:50:16,5/11/2025 08:56:03,2022
12509,0,全行业,工业增加值:当月同比（年度）,%,16.79090909090909,12/9/2025 10:50:16,5/11/2025 08:56:03,2022
12510,0,全行业,平均汇率:中间价:美元兑人民币（年度）,,7.973491666666667,12/9/2025 10:50:16,5/11/2025 08:56:03,2022
12511,0,全行业,房地产开发投资完成额:当月值（年度）,亿元,17946.07,12/9/2025 10:50:16,5/11/2025 08:56:03,2022
12512,0,全行业,月均国际现货价格:航空煤油（年度）,美元/桶,82.99204166666667,12/9/2025 10:50:16,5/11/2025 08:56:03,2022
12513,0,全行业,汽车产量:乘用车:当月值（年度）,万辆,519.7144,12/9/2025 10:50:16,5/11/2025 08:56:03,2022
12514,0,全行业,汽车销量:乘用车:当月值（年度）,万辆,514.8546,12/9/2025 10:50:16,5/11/2025 08:56:03,2022
12515,0,全行业,进口数量:煤及褐煤(煤炭):当月值（年度）,万吨,7648,12/9/2025 10:50:16,5/11/2025 08:56:03,2022
12516,0,全行业,铁路客运量:当月值（年度）,万人,125973,12/9/2025 10:50:16,5/11/2025 08:56:03,2022
12517,0,全行业,铁路货运量:当月值（年度）,万吨,289066.67,12/9/2025 10:50:16,5/11/2025 08:56:03,2022
12518,0,全行业,CPI:当月同比（年度）,%,1.8141666666666667,12/9/2025 10:50:16,5/11/2025 08:56:03,2022
12519,0,全行业,CPI:消费品:当月同比（年度）,%,1.3533333333333335,12/9/2025 10:50:16,5/11/2025 08:56:03,2022
12520,0,全行业,一级市场债券净融资量:合计（年度）,亿元,1624.4855878341666,12/9/2025 10:50:16,5/11/2025 08:56:03,2022
12521,0,全行业,个人住房公积金贷款利率:5年以上（年度）,%,4.230000000000001,12/9/2025 10:50:16,5/11/2025 08:56:03,2022
12522,0,全行业,中长期贷款利率:5年以上（年度）,%,6.12,12/9/2025 10:50:16,5/11/2025 08:56:03,2022
12523,0,全行业,产量:原煤:当月值（年度）,万吨,180990.73,12/9/2025 10:50:16,5/11/2025 08:56:03,2022
12524,0,全行业,信托产品:投资领域平均收益:房地产（年度）,%,5.145833333333334,12/9/2025 10:50:16,5/11/2025 08:56:03,2022
12525,0,全行业,公路客运量:当月值（年度）,万人,1683600,12/9/2025 10:50:16,5/11/2025 08:56:03,2022
12526,0,全行业,公路货运量:当月值（年度）,万吨,1313900,12/9/2025 10:50:16,5/11/2025 08:56:03,2022
12527,0,全行业,出口数量:微型电脑:当月值（年度）,万台,623,12/9/2025 10:50:16,5/11/2025 08:56:03,2022
12528,0,全行业,制造业PMI:产成品库存（年度）,%,46.13333333333333,12/9/2025 10:50:16,5/11/2025 08:56:03,2022
12529,0,全行业,制造业PMI:原材料库存（年度）,%,46.61666666666667,12/9/2025 10:50:16,5/11/2025 08:56:03,2022
12530,0,全行业,制造业PMI:新出口订单（年度）,%,57.39166666666666,12/9/2025 10:50:16,5/11/2025 08:56:03,2022
12531,0,全行业,制造业PMI:进口（年度）,%,52.39166666666666,12/9/2025 10:50:16,5/11/2025 08:56:03,2022
12532,0,全行业,发电量:火电:当月值（年度）,亿千瓦小时,39318.24,12/9/2025 10:50:16,5/11/2025 08:56:03,2022
12533,0,全行业,固定资产投资完成额:当月值（年度）,亿元,70874.7,12/9/2025 10:50:16,5/11/2025 08:56:03,2022
12534,0,全行业,存管证券只数（年度）,只,1684,12/9/2025 10:50:16,5/11/2025 08:56:03,2022
12535,0,全行业,存管证券已上市流通市值（年度）,亿元,19436.11,12/9/2025 10:50:16,5/11/2025 08:56:03,2022
12536,0,全行业,存管证券面值（年度）,亿元,12113.01,12/9/2025 10:50:16,5/11/2025 08:56:03,2022
12537,0,全行业,工业增加值:当月同比（年度）,%,15.445454545454544,12/9/2025 10:50:16,5/11/2025 08:56:03,2022
12538,0,全行业,房地产开发投资完成额:当月值（年度）,亿元,14559.65,12/9/2025 10:50:16,5/11/2025 08:56:03,2022
12539,0,全行业,月均国际现货价格:航空煤油（年度）,美元/桶,70.03980833333334,12/9/2025 10:50:16,5/11/2025 08:56:03,2022
12540,0,全行业,汽车产量:乘用车:当月值（年度）,万辆,393.1807,12/9/2025 10:50:16,5/11/2025 08:56:03,2022
12541,0,全行业,汽车销量:乘用车:当月值（年度）,万辆,397.3624,12/9/2025 10:50:16,5/11/2025 08:56:03,2022
12542,0,全行业,进口数量:煤及褐煤(煤炭):当月值（年度）,万吨,5228,12/9/2025 10:50:16,5/11/2025 08:56:03,2022
12543,0,全行业,铁路客运量:当月值（年度）,万人,115100,12/9/2025 10:50:16,5/11/2025 08:56:03,2022
12544,0,全行业,铁路货运量:当月值（年度）,万吨,267400,12/9/2025 10:50:16,5/11/2025 08:56:03,2022
12545,0,全行业,CPI:当月同比（年度）,%,3.890833333333333,12/9/2025 10:50:16,5/11/2025 08:56:03,2022
12546,0,全行业,CPI:消费品:当月同比（年度）,%,4.59090909090909,12/9/2025 10:50:16,5/11/2025 08:56:03,2022
12547,0,全行业,一级市场债券净融资量:合计（年度）,亿元,1015.9063358458332,12/9/2025 10:50:16,5/11/2025 08:56:03,2022
12548,0,全行业,个人住房公积金贷款利率:5年以上（年度）,%,6.419,12/9/2025 10:50:16,5/11/2025 08:56:03,2022
12549,0,全行业,中长期贷款利率:5年以上（年度）,%,5.8500000000000005,12/9/2025 10:50:16,5/11/2025 08:56:03,2022
12550,0,全行业,产量:原煤:当月值（年度）,万吨,156496.85,12/9/2025 10:50:16,5/11/2025 08:56:03,2022
12551,0,全行业,信托产品:投资领域平均收益:房地产（年度）,%,4.902500000000001,12/9/2025 10:50:16,5/11/2025 08:56:03,2022
12552,0,全行业,公路客运量:当月值（年度）,万人,1629000,12/9/2025 10:50:16,5/11/2025 08:56:03,2022
12553,0,全行业,公路货运量:当月值（年度）,万吨,1213500,12/9/2025 10:50:16,5/11/2025 08:56:03,2022
12554,0,全行业,发电量:火电:当月值（年度）,亿千瓦小时,35005.12,12/9/2025 10:50:16,5/11/2025 08:56:03,2022
12555,0,全行业,固定资产投资完成额:当月值（年度）,亿元,55333.25,12/9/2025 10:50:16,5/11/2025 08:56:03,2022
12556,0,全行业,工业增加值:当月同比（年度）,%,17.07272727272727,12/9/2025 10:50:16,5/11/2025 08:56:03,2022
12557,0,全行业,房地产开发投资完成额:当月值（年度）,亿元,12213.44,12/9/2025 10:50:16,5/11/2025 08:56:03,2022
12558,0,全行业,进口数量:煤及褐煤(煤炭):当月值（年度）,万吨,3716,12/9/2025 10:50:16,5/11/2025 08:56:03,2022
12559,0,全行业,铁路客运量:当月值（年度）,万人,107200,12/9/2025 10:50:16,5/11/2025 08:56:03,2022
12560,0,全行业,铁路货运量:当月值（年度）,万吨,217800,12/9/2025 10:50:16,5/11/2025 08:56:03,2022
12561,0,全行业,CPI:当月同比（年度）,%,1.1700000000000002,12/9/2025 10:50:16,5/11/2025 08:56:03,2022
12562,0,全行业,CPI:消费品:当月同比（年度）,%,0.6599999999999999,12/9/2025 10:50:16,5/11/2025 08:56:03,2022
12563,0,全行业,一级市场债券净融资量:合计（年度）,亿元,889.6852166633334,12/9/2025 10:50:16,5/11/2025 08:56:03,2022
12564,0,全行业,个人住房公积金贷款利率:5年以上（年度）,%,6.4,12/9/2025 10:50:16,5/11/2025 08:56:03,2022
12565,0,全行业,中长期贷款利率:5年以上（年度）,%,5.759999999999999,12/9/2025 10:50:16,5/11/2025 08:56:03,2022
12566,0,全行业,产量:原煤:当月值（年度）,万吨,131299.1,12/9/2025 10:50:16,5/11/2025 08:56:03,2022
12567,0,全行业,信托产品:投资领域平均收益:房地产（年度）,%,4.4816666666666665,12/9/2025 10:50:16,5/11/2025 08:56:03,2022
12568,0,全行业,公路客运量:当月值（年度）,万人,1464900,12/9/2025 10:50:16,5/11/2025 08:56:03,2022
12569,0,全行业,公路货运量:当月值（年度）,万吨,1104200,12/9/2025 10:50:16,5/11/2025 08:56:03,2022
12570,0,全行业,发电量:火电:当月值（年度）,亿千瓦小时,30779.5,12/9/2025 10:50:16,5/11/2025 08:56:03,2022
12571,0,全行业,固定资产投资完成额:当月值（年度）,亿元,40706.98,12/9/2025 10:50:16,5/11/2025 08:56:03,2022
12572,0,全行业,工业增加值:当月同比（年度）,%,16.845454545454547,12/9/2025 10:50:16,5/11/2025 08:56:03,2022
12573,0,全行业,房地产开发投资完成额:当月值（年度）,亿元,9507.86,12/9/2025 10:50:16,5/11/2025 08:56:03,2022
12574,0,全行业,进口数量:煤及褐煤(煤炭):当月值（年度）,万吨,2154,12/9/2025 10:50:16,5/11/2025 08:56:03,2022
12575,0,全行业,铁路客运量:当月值（年度）,万人,93000,12/9/2025 10:50:16,5/11/2025 08:56:03,2022
12576,0,全行业,铁路货运量:当月值（年度）,万吨,198900,12/9/2025 10:50:16,5/11/2025 08:56:03,2022
12577,0,全行业,CPI:当月同比（年度）,%,-0.766666667,12/9/2025 10:50:16,5/11/2025 08:56:03,2022
12578,0,全行业,CPI:消费品:当月同比（年度）,%,-1.588888889,12/9/2025 10:50:16,5/11/2025 08:56:03,2022
12579,0,全行业,一级市场债券净融资量:合计（年度）,亿元,660.5266566666667,12/9/2025 10:50:16,5/11/2025 08:56:03,2022
12580,0,全行业,个人住房公积金贷款利率:5年以上（年度）,%,6,12/9/2025 10:50:16,5/11/2025 08:56:03,2022
12581,0,全行业,中长期贷款利率:5年以上（年度）,%,5.797499999999999,12/9/2025 10:50:16,5/11/2025 08:56:03,2022
12582,0,全行业,产量:原煤:当月值（年度）,万吨,110807.1,12/9/2025 10:50:16,5/11/2025 08:56:03,2022
12583,0,全行业,公路客运量:当月值（年度）,万人,1486200,12/9/2025 10:50:16,5/11/2025 08:56:03,2022
12584,0,全行业,公路货运量:当月值（年度）,万吨,1072300,12/9/2025 10:50:16,5/11/2025 08:56:03,2022
12585,0,全行业,发电量:火电:当月值（年度）,亿千瓦小时,26625.26,12/9/2025 10:50:16,5/11/2025 08:56:03,2022
12586,0,全行业,固定资产投资完成额:当月值（年度）,亿元,31533.77,12/9/2025 10:50:16,5/11/2025 08:56:03,2022
12587,0,全行业,工业增加值:当月同比（年度）,%,12.17272727272727,12/9/2025 10:50:16,5/11/2025 08:56:03,2022
12588,0,全行业,房地产开发投资完成额:当月值（年度）,亿元,7319.84,12/9/2025 10:50:16,5/11/2025 08:56:03,2022
12589,0,全行业,进口数量:煤及褐煤(煤炭):当月值（年度）,万吨,2160,12/9/2025 10:50:16,5/11/2025 08:56:03,2022
12590,0,全行业,铁路客运量:当月值（年度）,万人,99900,12/9/2025 10:50:16,5/11/2025 08:56:03,2022
12591,0,全行业,铁路货运量:当月值（年度）,万吨,186900,12/9/2025 10:50:16,5/11/2025 08:56:03,2022
12592,0,全行业,CPI:当月同比（年度）,%,0.7241666666666666,12/9/2025 10:50:16,5/11/2025 08:56:03,2022
12593,0,全行业,CPI:消费品:当月同比（年度）,%,-1,12/9/2025 10:50:16,5/11/2025 08:56:03,2022
12594,0,全行业,一级市场债券净融资量:合计（年度）,亿元,427.2838351991666,12/9/2025 10:50:16,5/11/2025 08:56:03,2022
12595,0,全行业,个人住房公积金贷款利率:5年以上（年度）,%,6,12/9/2025 10:50:16,5/11/2025 08:56:03,2022
12596,0,全行业,中长期贷款利率:5年以上（年度）,%,6.21,12/9/2025 10:50:16,5/11/2025 08:56:03,2022
12597,0,全行业,产量:原煤:当月值（年度）,万吨,96047.55,12/9/2025 10:50:16,5/11/2025 08:56:03,2022
12598,0,全行业,公路客运量:当月值（年度）,万人,1433300,12/9/2025 10:50:16,5/11/2025 08:56:03,2022
12599,0,全行业,公路货运量:当月值（年度）,万吨,1056200,12/9/2025 10:50:16,5/11/2025 08:56:03,2022
12600,0,全行业,发电量:火电:当月值（年度）,亿千瓦小时,23273.16,12/9/2025 10:50:16,5/11/2025 08:56:03,2022
12601,0,全行业,固定资产投资完成额:当月值（年度）,亿元,26695.89,12/9/2025 10:50:16,5/11/2025 08:56:03,2022
12602,0,全行业,工业增加值:当月同比（年度）,%,10.363636363636363,12/9/2025 10:50:16,5/11/2025 08:56:03,2022
12603,0,全行业,房地产开发投资完成额:当月值（年度）,亿元,5925.549999999999,12/9/2025 10:50:16,5/11/2025 08:56:03,2022
12604,0,全行业,进口数量:煤及褐煤(煤炭):当月值（年度）,万吨,500,12/9/2025 10:50:16,5/11/2025 08:56:03,2022
12605,0,全行业,铁路客运量:当月值（年度）,万人,99800,12/9/2025 10:50:16,5/11/2025 08:56:03,2022
12606,0,全行业,铁路货运量:当月值（年度）,万吨,178600,12/9/2025 10:50:16,5/11/2025 08:56:03,2022
12607,0,全行业,CPI:当月同比（年度）,%,0.3499999999999999,12/9/2025 10:50:16,5/11/2025 08:56:03,2022
12608,0,全行业,一级市场债券净融资量:合计（年度）,亿元,385.5824815,12/9/2025 10:50:16,5/11/2025 08:56:03,2022
12609,0,全行业,个人住房公积金贷款利率:5年以上（年度）,%,6,12/9/2025 10:50:16,5/11/2025 08:56:03,2022
12610,0,全行业,中长期贷款利率:5年以上（年度）,%,6.21,12/9/2025 10:50:16,5/11/2025 08:56:03,2022
12611,0,全行业,产量:原煤:当月值（年度）,万吨,84939.01999999999,12/9/2025 10:50:16,5/11/2025 08:56:03,2022
12612,0,全行业,公路客运量:当月值（年度）,万人,1284800,12/9/2025 10:50:16,5/11/2025 08:56:03,2022
12613,0,全行业,公路货运量:当月值（年度）,万吨,975300,12/9/2025 10:50:16,5/11/2025 08:56:03,2022
12614,0,全行业,发电量:火电:当月值（年度）,亿千瓦小时,21509.22,12/9/2025 10:50:16,5/11/2025 08:56:03,2022
12615,0,全行业,固定资产投资完成额:当月值（年度）,亿元,23287.95,12/9/2025 10:50:16,5/11/2025 08:56:03,2022
12616,0,全行业,工业增加值:当月同比（年度）,%,11.727272727272728,12/9/2025 10:50:16,5/11/2025 08:56:03,2022
12617,0,全行业,房地产开发投资完成额:当月值（年度）,亿元,4655.6900000000005,12/9/2025 10:50:16,5/11/2025 08:56:03,2022
12618,0,全行业,进口数量:煤及褐煤(煤炭):当月值（年度）,万吨,424,12/9/2025 10:50:16,5/11/2025 08:56:03,2022
12619,0,全行业,铁路客运量:当月值（年度）,万人,99400,12/9/2025 10:50:16,5/11/2025 08:56:03,2022
12620,0,全行业,铁路货运量:当月值（年度）,万吨,165600,12/9/2025 10:50:16,5/11/2025 08:56:03,2022
12621,0,全行业,CPI:当月同比（年度）,%,-1.4,12/9/2025 10:50:16,5/11/2025 08:56:03,2022
12622,0,全行业,一级市场债券净融资量:合计（年度）,亿元,352.46083333333337,12/9/2025 10:50:16,5/11/2025 08:56:03,2022
12623,0,全行业,个人住房公积金贷款利率:5年以上（年度）,%,7.666666666666667,12/9/2025 10:50:16,5/11/2025 08:56:03,2022
12624,0,全行业,中长期贷款利率:5年以上（年度）,%,6.772500000000001,12/9/2025 10:50:16,5/11/2025 08:56:03,2022
12625,0,全行业,产量:原煤:当月值（年度）,万吨,96573.78,12/9/2025 10:50:16,5/11/2025 08:56:03,2022
12626,0,全行业,公路客运量:当月值（年度）,万人,1282200,12/9/2025 10:50:16,5/11/2025 08:56:03,2022
12627,0,全行业,公路货运量:当月值（年度）,万吨,959100,12/9/2025 10:50:16,5/11/2025 08:56:03,2022
12628,0,全行业,发电量:火电:当月值（年度）,亿千瓦小时,19786.26,12/9/2025 10:50:16,5/11/2025 08:56:03,2022
12629,0,全行业,固定资产投资完成额:当月值（年度）,亿元,22886.81,12/9/2025 10:50:16,5/11/2025 08:56:03,2022
12630,0,全行业,工业增加值:当月同比（年度）,%,7.927272727272726,12/9/2025 10:50:16,5/11/2025 08:56:03,2022
12631,0,全行业,房地产开发投资完成额:当月值（年度）,亿元,3825.77,12/9/2025 10:50:16,5/11/2025 08:56:03,2022
12632,0,全行业,进口数量:煤及褐煤(煤炭):当月值（年度）,万吨,336,12/9/2025 10:50:16,5/11/2025 08:56:03,2022
12633,0,全行业,铁路客运量:当月值（年度）,万人,96100,12/9/2025 10:50:16,5/11/2025 08:56:03,2022
12634,0,全行业,铁路货运量:当月值（年度）,万吨,156700,12/9/2025 10:50:16,5/11/2025 08:56:03,2022
12635,0,全行业,CPI:当月同比（年度）,%,-0.775,12/9/2025 10:50:16,5/11/2025 08:56:03,2022
12636,0,全行业,一级市场债券净融资量:合计（年度）,亿元,644.1136545454547,12/9/2025 10:50:16,5/11/2025 08:56:03,2022
12637,0,全行业,个人住房公积金贷款利率:5年以上（年度）,%,8,12/9/2025 10:50:16,5/11/2025 08:56:03,2022
12638,0,全行业,中长期贷款利率:5年以上（年度）,%,9.1725,12/9/2025 10:50:16,5/11/2025 08:56:03,2022
12639,0,全行业,产量:原煤:当月值（年度）,万吨,113767.24,12/9/2025 10:50:16,5/11/2025 08:56:03,2022
12640,0,全行业,公路客运量:当月值（年度）,万人,757900,12/9/2025 10:50:16,5/11/2025 08:56:03,2022
12641,0,全行业,公路货运量:当月值（年度）,万吨,414800,12/9/2025 10:50:16,5/11/2025 08:56:03,2022
12642,0,全行业,发电量:火电:当月值（年度）,亿千瓦小时,18350.92,12/9/2025 10:50:16,5/11/2025 08:56:03,2022
12643,0,全行业,固定资产投资完成额:当月值（年度）,亿元,20448.570000000003,12/9/2025 10:50:16,5/11/2025 08:56:03,2022
12644,0,全行业,工业增加值:当月同比（年度）,%,9.8,12/9/2025 10:50:16,5/11/2025 08:56:03,2022
12645,0,全行业,房地产开发投资完成额:当月值（年度）,亿元,3436.66,12/9/2025 10:50:16,5/11/2025 08:56:03,2022
12646,0,全行业,进口数量:煤及褐煤(煤炭):当月值（年度）,万吨,314,12/9/2025 10:50:16,5/11/2025 08:56:03,2022
12647,0,全行业,铁路客运量:当月值（年度）,万人,90900,12/9/2025 10:50:16,5/11/2025 08:56:03,2022
12648,0,全行业,铁路货运量:当月值（年度）,万吨,153700,12/9/2025 10:50:16,5/11/2025 08:56:03,2022
12649,0,全行业,CPI:当月同比（年度）,%,2.808333333333333,12/9/2025 10:50:16,5/11/2025 08:56:03,2022
12650,0,全行业,一级市场债券净融资量:合计（年度）,亿元,340.8544444444445,12/9/2025 10:50:16,5/11/2025 08:56:03,2022
12651,0,全行业,中长期贷款利率:5年以上（年度）,%,11.947499999999998,12/9/2025 10:50:16,5/11/2025 08:56:03,2022
12652,0,全行业,产量:原煤:当月值（年度）,万吨,135781.62,12/9/2025 10:50:16,5/11/2025 08:56:03,2022
12653,0,全行业,公路客运量:当月值（年度）,万人,395000,12/9/2025 10:50:16,5/11/2025 08:56:03,2022
12654,0,全行业,发电量:火电:当月值（年度）,亿千瓦小时,17653.420000000002,12/9/2025 10:50:16,5/11/2025 08:56:03,2022
12655,0,全行业,固定资产投资完成额:当月值（年度）,亿元,18605.61,12/9/2025 10:50:16,5/11/2025 08:56:03,2022
12656,0,全行业,房地产开发投资完成额:当月值（年度）,亿元,2978.25,12/9/2025 10:50:16,5/11/2025 08:56:03,2022
12657,0,全行业,铁路客运量:当月值（年度）,万人,88600,12/9/2025 10:50:16,5/11/2025 08:56:03,2022
12658,0,全行业,铁路货运量:当月值（年度）,万吨,162000,12/9/2025 10:50:16,5/11/2025 08:56:03,2022
12659,0,全行业,CPI:当月同比（年度）,%,8.333333333333334,12/9/2025 10:50:16,5/11/2025 08:56:03,2022
12660,0,全行业,一级市场债券净融资量:合计（年度）,亿元,222.1727272727273,12/9/2025 10:50:16,5/11/2025 08:56:03,2022
12661,0,全行业,中长期贷款利率:5年以上（年度）,%,14.055,12/9/2025 10:50:16,5/11/2025 08:56:03,2022
12662,0,全行业,公路客运量:当月值（年度）,万人,384073,12/9/2025 10:50:16,5/11/2025 08:56:03,2022
12663,0,全行业,发电量:火电:当月值（年度）,亿千瓦小时,17073.92,12/9/2025 10:50:16,5/11/2025 08:56:03,2022
12664,0,全行业,固定资产投资完成额:当月值（年度）,亿元,17092.26,12/9/2025 10:50:16,5/11/2025 08:56:03,2022
12665,0,全行业,房地产开发投资完成额:当月值（年度）,亿元,3729,12/9/2025 10:50:16,5/11/2025 08:56:03,2022
12666,0,全行业,铁路客运量:当月值（年度）,万人,90790,12/9/2025 10:50:16,5/11/2025 08:56:03,2022
12667,0,全行业,铁路货运量:当月值（年度）,万吨,161502,12/9/2025 10:50:16,5/11/2025 08:56:03,2022
12668,0,全行业,CPI:当月同比（年度）,%,17.066666666666666,12/9/2025 10:50:16,5/11/2025 08:56:03,2022
12669,0,全行业,一级市场债券净融资量:合计（年度）,亿元,179.51333333333335,12/9/2025 10:50:16,5/11/2025 08:56:03,2022
12670,0,全行业,中长期贷款利率:5年以上（年度）,%,15.03,12/9/2025 10:50:16,5/11/2025 08:56:03,2022
12671,0,全行业,产量:原煤:当月值（年度）,万吨,129149.22999999998,12/9/2025 10:50:16,5/11/2025 08:56:03,2022
12672,0,全行业,公路客运量:当月值（年度）,万人,334000,12/9/2025 10:50:16,5/11/2025 08:56:03,2022
12673,0,全行业,发电量:火电:当月值（年度）,亿千瓦小时,15702.12,12/9/2025 10:50:16,5/11/2025 08:56:03,2022
12674,0,全行业,固定资产投资完成额:当月值（年度）,亿元,15200.030000000002,12/9/2025 10:50:16,5/11/2025 08:56:03,2022
12675,0,全行业,房地产开发投资完成额:当月值（年度）,亿元,2756.2599999999998,12/9/2025 10:50:16,5/11/2025 08:56:03,2022
12676,0,全行业,铁路客运量:当月值（年度）,万人,101700,12/9/2025 10:50:16,5/11/2025 08:56:03,2022
12677,0,全行业,铁路货运量:当月值（年度）,万吨,159300,12/9/2025 10:50:16,5/11/2025 08:56:03,2022
12678,0,全行业,CPI:当月同比（年度）,%,24.175,12/9/2025 10:50:16,5/11/2025 08:56:03,2022
12679,0,全行业,一级市场债券净融资量:合计（年度）,亿元,140.78166666666667,12/9/2025 10:50:16,5/11/2025 08:56:03,2022
12680,0,全行业,中长期贷款利率:5年以上（年度）,%,14.039999999999996,12/9/2025 10:50:16,5/11/2025 08:56:03,2022
12681,0,全行业,公路客运量:当月值（年度）,万人,367000,12/9/2025 10:50:16,5/11/2025 08:56:03,2022
12682,0,全行业,发电量:火电:当月值（年度）,亿千瓦小时,14381.52,12/9/2025 10:50:16,5/11/2025 08:56:03,2022
12683,0,全行业,固定资产投资完成额:当月值（年度）,亿元,9279.5,12/9/2025 10:50:16,5/11/2025 08:56:03,2022
12684,0,全行业,房地产开发投资完成额:当月值（年度）,亿元,1737.15,12/9/2025 10:50:16,5/11/2025 08:56:03,2022
12685,0,全行业,铁路客运量:当月值（年度）,万人,107600,12/9/2025 10:50:16,5/11/2025 08:56:03,2022
12686,0,全行业,铁路货运量:当月值（年度）,万吨,157100,12/9/2025 10:50:16,5/11/2025 08:56:03,2022
12687,0,全行业,CPI:当月同比（年度）,%,14.558333333333332,12/9/2025 10:50:16,5/11/2025 08:56:03,2022
12688,0,全行业,一级市场债券净融资量:合计（年度）,亿元,70.795,12/9/2025 10:50:16,5/11/2025 08:56:03,2022
12689,0,全行业,中长期贷款利率:5年以上（年度）,%,12.3,12/9/2025 10:50:16,5/11/2025 08:56:03,2022
12690,0,全行业,产量:原煤:当月值（年度）,万吨,115411.30999999998,12/9/2025 10:50:16,5/11/2025 08:56:03,2022
12691,0,全行业,公路客运量:当月值（年度）,万人,387300,12/9/2025 10:50:16,5/11/2025 08:56:03,2022
12692,0,全行业,发电量:火电:当月值（年度）,亿千瓦小时,13305.4,12/9/2025 10:50:16,5/11/2025 08:56:03,2022
12693,0,全行业,固定资产投资完成额:当月值（年度）,亿元,6666.67,12/9/2025 10:50:16,5/11/2025 08:56:03,2022
12694,0,全行业,房地产开发投资完成额:当月值（年度）,亿元,1107.4699999999998,12/9/2025 10:50:16,5/11/2025 08:56:03,2022
12695,0,全行业,铁路客运量:当月值（年度）,万人,104000,12/9/2025 10:50:16,5/11/2025 08:56:03,2022
12696,0,全行业,铁路货运量:当月值（年度）,万吨,156600,12/9/2025 10:50:16,5/11/2025 08:56:03,2022
12697,0,全行业,CPI:当月同比（年度）,%,6.341666666666666,12/9/2025 10:50:16,5/11/2025 08:56:03,2022
12698,0,全行业,一级市场债券净融资量:合计（年度）,亿元,43.25,12/9/2025 10:50:16,5/11/2025 08:56:03,2022
12699,0,全行业,中长期贷款利率:5年以上（年度）,%,9.72,12/9/2025 10:50:16,5/11/2025 08:56:03,2022
12700,0,全行业,产量:原煤:当月值（年度）,万吨,109157,12/9/2025 10:50:16,5/11/2025 08:56:03,2022
12701,0,全行业,公路客运量:当月值（年度）,万人,444300,12/9/2025 10:50:16,5/11/2025 08:56:03,2022
12702,0,全行业,发电量:火电:当月值（年度）,亿千瓦小时,12134.8,12/9/2025 10:50:16,5/11/2025 08:56:03,2022
12703,0,全行业,固定资产投资完成额:当月值（年度）,亿元,2741.99,12/9/2025 10:50:16,5/11/2025 08:56:03,2022
12704,0,全行业,房地产开发投资完成额:当月值（年度）,亿元,471.6499999999999,12/9/2025 10:50:16,5/11/2025 08:56:03,2022
12705,0,全行业,铁路客运量:当月值（年度）,万人,98500,12/9/2025 10:50:16,5/11/2025 08:56:03,2022
12706,0,全行业,铁路货运量:当月值（年度）,万吨,152400,12/9/2025 10:50:16,5/11/2025 08:56:03,2022
12707,0,全行业,CPI:当月同比（年度）,%,3.5583333333333336,12/9/2025 10:50:16,5/11/2025 08:56:03,2022
12708,0,全行业,一级市场债券净融资量:合计（年度）,亿元,31.722500000000004,12/9/2025 10:50:16,5/11/2025 08:56:03,2022
12709,0,全行业,中长期贷款利率:5年以上（年度）,%,9.72,12/9/2025 10:50:16,5/11/2025 08:56:03,2022
12710,0,全行业,产量:原煤:当月值（年度）,万吨,105499,12/9/2025 10:50:16,5/11/2025 08:56:03,2022
12711,0,全行业,公路客运量:当月值（年度）,万人,436900,12/9/2025 10:50:16,5/11/2025 08:56:03,2022
12712,0,全行业,发电量:火电:当月值（年度）,亿千瓦小时,10921.8,12/9/2025 10:50:16,5/11/2025 08:56:03,2022
12713,0,全行业,房地产开发投资完成额:当月值（年度）,亿元,236.43,12/9/2025 10:50:16,5/11/2025 08:56:03,2022
12714,0,全行业,铁路客运量:当月值（年度）,万人,94900,12/9/2025 10:50:16,5/11/2025 08:56:03,2022
12715,0,全行业,铁路货运量:当月值（年度）,万吨,147900,12/9/2025 10:50:16,5/11/2025 08:56:03,2022
12716,0,全行业,CPI:当月同比（年度）,%,3.058333333333333,12/9/2025 10:50:16,5/11/2025 08:56:03,2022
12717,0,全行业,一级市场债券净融资量:合计（年度）,亿元,-1.34,12/9/2025 10:50:16,5/11/2025 08:56:03,2022
12718,0,全行业,产量:原煤:当月值（年度）,万吨,104639,12/9/2025 10:50:16,5/11/2025 08:56:03,2022
12719,0,全行业,公路客运量:当月值（年度）,万人,419500,12/9/2025 10:50:16,5/11/2025 08:56:03,2022
12720,0,全行业,发电量:火电:当月值（年度）,亿千瓦小时,9787.2,12/9/2025 10:50:16,5/11/2025 08:56:03,2022
12721,0,全行业,铁路客运量:当月值（年度）,万人,95200,12/9/2025 10:50:16,5/11/2025 08:56:03,2022
12722,0,全行业,铁路货运量:当月值（年度）,万吨,146300,12/9/2025 10:50:16,5/11/2025 08:56:03,2022
12723,0,全行业,CPI:当月同比（年度）,%,18.816666666666663,12/9/2025 10:50:16,5/11/2025 08:56:03,2022
12724,0,全行业,一级市场债券净融资量:合计（年度）,亿元,61.10666666666666,12/9/2025 10:50:16,5/11/2025 08:56:03,2022
12725,0,全行业,产量:原煤:当月值（年度）,万吨,101865,12/9/2025 10:50:16,5/11/2025 08:56:03,2022
12726,0,全行业,公路客运量:当月值（年度）,万人,428800,12/9/2025 10:50:16,5/11/2025 08:56:03,2022
12727,0,全行业,发电量:火电:当月值（年度）,亿千瓦小时,9253.8,12/9/2025 10:50:16,5/11/2025 08:56:03,2022
12728,0,全行业,铁路客运量:当月值（年度）,万人,112200,12/9/2025 10:50:16,5/11/2025 08:56:03,2022
12729,0,全行业,铁路货运量:当月值（年度）,万吨,147180,12/9/2025 10:50:16,5/11/2025 08:56:03,2022
12730,0,全行业,CPI:当月同比（年度）,%,18.73333333333333,12/9/2025 10:50:16,5/11/2025 08:56:03,2022
12731,0,全行业,一级市场债券净融资量:合计（年度）,亿元,73.705,12/9/2025 10:50:16,5/11/2025 08:56:03,2022
12732,0,全行业,公路客运量:当月值（年度）,万人,440200,12/9/2025 10:50:16,5/11/2025 08:56:03,2022
12733,0,全行业,铁路客运量:当月值（年度）,万人,119300,12/9/2025 10:50:16,5/11/2025 08:56:03,2022
12734,0,全行业,铁路货运量:当月值（年度）,万吨,140840,12/9/2025 10:50:16,5/11/2025 08:56:03,2022
12735,0,全行业,CPI:当月同比（年度）,%,6.675000000000001,12/9/2025 10:50:16,5/11/2025 08:56:03,2022
12736,0,全行业,一级市场债券净融资量:合计（年度）,亿元,72.46,12/9/2025 10:50:16,5/11/2025 08:56:03,2022
12737,0,全行业,公路客运量:当月值（年度）,万人,453400,12/9/2025 10:50:16,5/11/2025 08:56:03,2022
12738,0,全行业,公路货运量:当月值（年度）,万吨,0,12/9/2025 10:50:16,5/11/2025 08:56:03,2022
12739,0,全行业,铁路客运量:当月值（年度）,万人,109000,12/9/2025 10:50:16,5/11/2025 08:56:03,2022
12740,0,全行业,铁路货运量:当月值（年度）,万吨,136521,12/9/2025 10:50:16,5/11/2025 08:56:03,2022
12741,0,全行业,CPI:当月同比（年度）,%,6.5,12/9/2025 10:50:16,5/11/2025 08:56:03,2022
12742,0,全行业,一级市场债券净融资量:合计（年度）,亿元,13.63,12/9/2025 10:50:16,5/11/2025 08:56:03,2022
12743,0,全行业,公路客运量:当月值（年度）,万人,246700,12/9/2025 10:50:16,5/11/2025 08:56:03,2022
12744,0,全行业,铁路客运量:当月值（年度）,万人,107083,12/9/2025 10:50:16,5/11/2025 08:56:03,2022
12745,0,全行业,铁路货运量:当月值（年度）,万吨,132211,12/9/2025 10:50:16,5/11/2025 08:56:03,2022
12746,0,全行业,CPI:当月同比（年度）,%,9.3,12/9/2025 10:50:16,5/11/2025 08:56:03,2022
12747,0,全行业,一级市场债券净融资量:合计（年度）,亿元,61.3,12/9/2025 10:50:16,5/11/2025 08:56:03,2022
12748,0,全行业,铁路客运量:当月值（年度）,万人,110642,12/9/2025 10:50:16,5/11/2025 08:56:03,2022
12749,0,全行业,铁路货运量:当月值（年度）,万吨,127515,12/9/2025 10:50:16,5/11/2025 08:56:03,2022
12750,0,全行业,CPI:当月同比（年度）,%,2.7,12/9/2025 10:50:16,5/11/2025 08:56:03,2022
12751,0,全行业,一级市场债券净融资量:合计（年度）,亿元,42.16,12/9/2025 10:50:16,5/11/2025 08:56:03,2022
12752,0,全行业,铁路客运量:当月值（年度）,万人,112456,12/9/2025 10:50:16,5/11/2025 08:56:03,2022
12753,0,全行业,铁路货运量:当月值（年度）,万吨,121101,12/9/2025 10:50:16,5/11/2025 08:56:03,2022
12754,0,全行业,CPI:当月同比（年度）,%,2,12/9/2025 10:50:16,5/11/2025 08:56:03,2022
12755,0,全行业,一级市场债券净融资量:合计（年度）,亿元,41.7,12/9/2025 10:50:16,5/11/2025 08:56:03,2022
12756,0,全行业,铁路客运量:当月值（年度）,万人,52277,12/9/2025 10:50:16,5/11/2025 08:56:03,2022
12757,0,全行业,铁路货运量:当月值（年度）,万吨,58796,12/9/2025 10:50:16,5/11/2025 08:56:03,2022
12758,0,全行业,CPI:当月同比（年度）,%,2,12/9/2025 10:50:16,5/11/2025 08:56:03,2022
12759,0,全行业,一级市场债券净融资量:合计（年度）,亿元,44.14,12/9/2025 10:50:16,5/11/2025 08:56:03,2022
12760,0,全行业,CPI:当月同比（年度）,%,2.5,12/9/2025 10:50:16,5/11/2025 08:56:03,2022
12761,0,全行业,一级市场债券净融资量:合计（年度）,亿元,48.66,12/9/2025 10:50:16,5/11/2025 08:56:03,2022
12762,0,全行业,CPI:当月同比（年度）,%,7.5,12/9/2025 10:50:16,5/11/2025 08:56:03,2022
12763,0,全行业,CPI:当月同比（年度）,%,1.9,12/9/2025 10:50:16,5/11/2025 08:56:03,2022
12764,0,全行业,CPI:当月同比（年度）,%,0.7,12/9/2025 10:50:16,5/11/2025 08:56:03,2022
12765,0,全行业,CPI:当月同比（年度）,%,2.7,12/9/2025 10:50:16,5/11/2025 08:56:03,2022
12766,0,全行业,CPI:当月同比（年度）,%,0.3,12/9/2025 10:50:16,5/11/2025 08:56:03,2022
12767,0,全行业,CPI:当月同比（年度）,%,0.4,12/9/2025 10:50:16,5/11/2025 08:56:03,2022
12768,0,全行业,CPI:当月同比（年度）,%,0.7,12/9/2025 10:50:16,5/11/2025 08:56:03,2022
12769,0,全行业,CPI:当月同比（年度）,%,0.1,12/9/2025 10:50:16,5/11/2025 08:56:03,2022
12770,0,全行业,CPI:当月同比（年度）,%,0.2,12/9/2025 10:50:16,5/11/2025 08:56:03,2022
12771,0,全行业,CPI:当月同比（年度）,%,-0.1,12/9/2025 10:50:16,5/11/2025 08:56:03,2022
12772,0,全行业,CPI:当月同比（年度）,%,0,12/9/2025 10:50:16,5/11/2025 08:56:03,2022
12773,0,全行业,不分地区:水路货运量:当月值（年度）,万吨,127403,12/9/2025 10:50:16,5/11/2025 08:56:03,2022
12774,0,全行业,民航客运量:当月值（年度）,万人,643757.3779000001,12/9/2025 10:50:16,5/11/2025 08:56:03,2022
12775,0,全行业,规模以上港口:货物吞吐量（年度）,亿吨,8.98700909090909,12/9/2025 10:50:16,5/11/2025 08:56:03,2022
12776,0,全行业,CPI:当月同比（年度）,%,1,12/9/2025 10:50:16,5/11/2025 08:56:03,2022
12777,0,全行业,CPI:当月同比（年度）,%,0.1,12/9/2025 10:50:16,5/11/2025 08:56:03,2022
12778,0,全行业,CPI:当月同比（年度）,%,-0.6,12/9/2025 10:50:16,5/11/2025 08:56:03,2022
12779,0,全行业,CPI:当月同比（年度）,%,-1.2,12/9/2025 10:50:16,5/11/2025 08:56:03,2022
12780,0,全行业,CPI:当月同比（年度）,%,-1.2,12/9/2025 10:50:16,5/11/2025 08:56:03,2022
12781,0,全行业,CPI:当月同比（年度）,%,-3.7,12/9/2025 10:50:16,5/11/2025 08:56:03,2022
12782,0,全行业,CPI:当月同比（年度）,%,-5.9,12/9/2025 10:50:16,5/11/2025 08:56:03,2022
12783,0,全行业,CPI:当月同比（年度）,%,3.8,12/9/2025 10:50:16,5/11/2025 08:56:03,2022
12784,0,全行业,CPI:当月同比（年度）,%,16.1,12/9/2025 10:50:16,5/11/2025 08:56:03,2022
12785,0,全行业,CPI:当月同比（年度）,%,2.5,12/9/2025 10:50:16,5/11/2025 08:56:03,2022
12786,0,全行业,CPI:当月同比（年度）,%,0.3,12/9/2025 10:50:16,5/11/2025 08:56:03,2022
12787,0,全行业,CPI:当月同比（年度）,%,-1.1,12/9/2025 10:50:16,5/11/2025 08:56:03,2022
12788,0,全行业,CPI:当月同比（年度）,%,2.6,12/9/2025 10:50:16,5/11/2025 08:56:03,2022
12789,0,全行业,CPI:当月同比（年度）,%,-0.1,12/9/2025 10:50:16,5/11/2025 08:56:03,2022
12790,0,全行业,CPI:当月同比（年度）,%,0.3,12/9/2025 10:50:16,5/11/2025 08:56:03,2022
12791,0,全行业,CPI:当月同比（年度）,%,1.4,12/9/2025 10:50:16,5/11/2025 08:56:03,2022
12792,0,全行业,CPI:当月同比（年度）,%,5.1,12/9/2025 10:50:16,5/11/2025 08:56:03,2022
12793,0,全行业,CPI:当月同比（年度）,%,2.7,12/9/2025 10:50:16,5/11/2025 08:56:03,2022
12794,0,全行业,CPI:当月同比（年度）,%,12.5,12/9/2025 10:50:16,5/11/2025 08:56:03,2022
