id,province,industryId,industry,year,targetName,targetUnit,value
280,广东省,,,2022,商品房:成交面积:广州（2022年2月19日）,万平方米,0.02
283,广东省,,,2022,商品房:成交面积:广州（2022年2月21日）,万平方米,0.02
402,广东省,,,2022,商品房:成交面积:深圳（2022年2月11日）,万平方米,0.02
610,上海市,,,2022,商品房:成交面积:上海（2021年1月31日）,万平方米,0.02
1275,广东省,,,2022,商品房:成交面积:广州（2021年1月28日）,万平方米,0.02
1276,广东省,,,2022,商品房:成交面积:广州（2021年1月29日）,万平方米,0.02
1278,广东省,,,2022,商品房:成交面积:广州（2021年1月30日）,万平方米,0.02
1631,广东省,,,2022,商品房:成交面积:深圳（2021年1月23日）,万平方米,0.02
282,广东省,,,2022,商品房:成交面积:广州（2022年2月20日）,万平方米,0.03
627,上海市,,,2022,商品房:成交面积:上海（2021年2月1日）,万平方米,0.03
1630,广东省,,,2022,商品房:成交面积:深圳（2021年1月22日）,万平方米,0.03
1657,广东省,,,2022,商品房:成交面积:深圳（2021年2月3日）,万平方米,0.03
279,广东省,,,2022,商品房:成交面积:广州（2022年2月18日）,万平方米,0.04
403,广东省,,,2022,商品房:成交面积:深圳（2022年2月14日）,万平方米,0.04
405,广东省,,,2022,商品房:成交面积:深圳（2022年2月22日）,万平方米,0.04
427,广东省,,,2022,商品房:成交面积:深圳（2022年3月17日）,万平方米,0.04
637,上海市,,,2022,商品房:成交面积:上海（2021年2月2日）,万平方米,0.04
278,广东省,,,2022,商品房:成交面积:广州（2022年2月17日）,万平方米,0.05
1658,广东省,,,2022,商品房:成交面积:深圳（2021年2月5日）,万平方米,0.06
2627,广东省,,,2022,商品房:成交面积:深圳（2020年10月3日）,万平方米,0.06
276,广东省,,,2022,商品房:成交面积:广州（2022年2月15日）,万平方米,0.07
1279,广东省,,,2022,商品房:成交面积:广州（2021年1月31日）,万平方米,0.07
1865,广东省,,,2022,商品房:成交面积:深圳（2021年9月9日）,万平方米,0.08
277,广东省,,,2022,商品房:成交面积:广州（2022年2月16日）,万平方米,0.09
839,北京市,,,2022,商品房:成交面积:北京（2021年10月2日）,万平方米,0.1
842,北京市,,,2022,商品房:成交面积:北京（2021年10月3日）,万平方米,0.1
843,北京市,,,2022,商品房:成交面积:北京（2021年10月4日）,万平方米,0.1
845,北京市,,,2022,商品房:成交面积:北京（2021年10月6日）,万平方米,0.1
2624,广东省,,,2022,商品房:成交面积:深圳（2020年10月2日）,万平方米,0.1
2701,广东省,,,2022,商品房:成交面积:深圳（2020年5月1日）,万平方米,0.1
401,广东省,,,2022,商品房:成交面积:深圳（2022年2月10日）,万平方米,0.12
2795,广东省,,,2022,商品房:成交面积:深圳（2020年8月27日）,万平方米,0.12
34,上海市,,,2022,商品房:成交面积:上海（2022年2月21日）,万平方米,0.14
1274,广东省,,,2022,商品房:成交面积:广州（2021年1月27日）,万平方米,0.14
1628,广东省,,,2022,商品房:成交面积:深圳（2021年1月1日）,万平方米,0.14
1659,广东省,,,2022,商品房:成交面积:深圳（2021年2月6日）,万平方米,0.14
2798,广东省,,,2022,商品房:成交面积:深圳（2020年8月2日）,万平方米,0.14
1306,广东省,,,2022,商品房:成交面积:广州（2021年2月2日）,万平方米,0.15
2712,广东省,,,2022,商品房:成交面积:深圳（2020年5月2日）,万平方米,0.18
197,北京市,,,2022,商品房:成交面积:北京（2022年4月14日）,万平方米,0.2
215,北京市,,,2022,商品房:成交面积:北京（2022年4月30日）,万平方米,0.2
219,北京市,,,2022,商品房:成交面积:北京（2022年4月6日）,万平方米,0.2
225,北京市,,,2022,商品房:成交面积:北京（2022年5月12日）,万平方米,0.2
231,北京市,,,2022,商品房:成交面积:北京（2022年5月5日）,万平方米,0.2
844,北京市,,,2022,商品房:成交面积:北京（2021年10月5日）,万平方米,0.2
924,北京市,,,2022,商品房:成交面积:北京（2021年1月26日）,万平方米,0.2
2339,北京市,,,2022,商品房:成交面积:北京（2020年9月1日）,万平方米,0.2
1640,广东省,,,2022,商品房:成交面积:深圳（2021年2月11日）,万平方米,0.21
2696,广东省,,,2022,商品房:成交面积:深圳（2020年5月15日）,万平方米,0.21
419,广东省,,,2022,商品房:成交面积:深圳（2022年2月9日）,万平方米,0.22
1623,广东省,,,2022,商品房:成交面积:深圳（2021年1月15日）,万平方米,0.22
2615,广东省,,,2022,商品房:成交面积:深圳（2020年10月21日）,万平方米,0.23
2685,广东省,,,2022,商品房:成交面积:深圳（2020年12月4日）,万平方米,0.23
418,广东省,,,2022,商品房:成交面积:深圳（2022年2月8日）,万平方米,0.24
1629,广东省,,,2022,商品房:成交面积:深圳（2021年1月20日）,万平方米,0.24
521,上海市,,,2022,商品房:成交面积:上海（2021年10月2日）,万平方米,0.25
1641,广东省,,,2022,商品房:成交面积:深圳（2021年2月12日）,万平方米,0.25
1666,广东省,,,2022,商品房:成交面积:深圳（2021年3月13日）,万平方米,0.25
1672,广东省,,,2022,商品房:成交面积:深圳（2021年3月19日）,万平方米,0.25
1679,广东省,,,2022,商品房:成交面积:深圳（2021年3月25日）,万平方米,0.25
1688,广东省,,,2022,商品房:成交面积:深圳（2021年3月4日）,万平方米,0.25
2720,广东省,,,2022,商品房:成交面积:深圳（2020年5月8日）,万平方米,0.25
275,广东省,,,2022,商品房:成交面积:广州（2022年2月14日）,万平方米,0.26
2695,广东省,,,2022,商品房:成交面积:深圳（2020年5月14日）,万平方米,0.26
2788,广东省,,,2022,商品房:成交面积:深圳（2020年8月20日）,万平方米,0.27
1726,广东省,,,2022,商品房:成交面积:深圳（2021年5月14日）,万平方米,0.28
1665,广东省,,,2022,商品房:成交面积:深圳（2021年3月12日）,万平方米,0.29
156,北京市,,,2022,商品房:成交面积:北京（2022年2月22日）,万平方米,0.3
168,北京市,,,2022,商品房:成交面积:北京（2022年3月10日）,万平方米,0.3
175,北京市,,,2022,商品房:成交面积:北京（2022年3月17日）,万平方米,0.3
205,北京市,,,2022,商品房:成交面积:北京（2022年4月21日）,万平方米,0.3
213,北京市,,,2022,商品房:成交面积:北京（2022年4月29日）,万平方米,0.3
243,北京市,,,2022,商品房:成交面积:北京（2022年6月9日）,万平方米,0.3
828,北京市,,,2022,商品房:成交面积:北京（2021年10月1日）,万平方米,0.3
830,北京市,,,2022,商品房:成交面积:北京（2021年10月21日）,万平方米,0.3
846,北京市,,,2022,商品房:成交面积:北京（2021年10月7日）,万平方米,0.3
1090,北京市,,,2022,商品房:成交面积:北京（2021年7月1日）,万平方米,0.3
1645,广东省,,,2022,商品房:成交面积:深圳（2021年2月16日）,万平方米,0.3
1661,广东省,,,2022,商品房:成交面积:深圳（2021年2月8日）,万平方米,0.3
1744,广东省,,,2022,商品房:成交面积:深圳（2021年5月30日）,万平方米,0.3
2794,广东省,,,2022,商品房:成交面积:深圳（2020年8月26日）,万平方米,0.3
1689,广东省,,,2022,商品房:成交面积:深圳（2021年3月5日）,万平方米,0.33
284,广东省,,,2022,商品房:成交面积:广州（2022年2月22日）,万平方米,0.34
1307,广东省,,,2022,商品房:成交面积:广州（2021年2月3日）,万平方米,0.34
1664,广东省,,,2022,商品房:成交面积:深圳（2021年3月11日）,万平方米,0.34
1648,广东省,,,2022,商品房:成交面积:深圳（2021年2月19日）,万平方米,0.36
1651,广东省,,,2022,商品房:成交面积:深圳（2021年2月22日）,万平方米,0.36
1678,广东省,,,2022,商品房:成交面积:深圳（2021年3月24日）,万平方米,0.37
511,上海市,,,2022,商品房:成交面积:上海（2021年10月1日）,万平方米,0.38
524,上海市,,,2022,商品房:成交面积:上海（2021年10月3日）,万平方米,0.38
525,上海市,,,2022,商品房:成交面积:上海（2021年10月4日）,万平方米,0.38
526,上海市,,,2022,商品房:成交面积:上海（2021年10月5日）,万平方米,0.38
1680,广东省,,,2022,商品房:成交面积:深圳（2021年3月26日）,万平方米,0.38
1796,广东省,,,2022,商品房:成交面积:深圳（2021年7月30日）,万平方米,0.38
406,广东省,,,2022,商品房:成交面积:深圳（2022年2月23日）,万平方米,0.39
158,北京市,,,2022,商品房:成交面积:北京（2022年2月24日）,万平方米,0.4
217,北京市,,,2022,商品房:成交面积:北京（2022年4月4日）,万平方米,0.4
1013,北京市,,,2022,商品房:成交面积:北京（2021年4月3日）,万平方米,0.4
1121,北京市,,,2022,商品房:成交面积:北京（2021年8月1日）,万平方米,0.4
1671,广东省,,,2022,商品房:成交面积:深圳（2021年3月18日）,万平方米,0.4
2662,广东省,,,2022,商品房:成交面积:深圳（2020年12月11日）,万平方米,0.4
268,广东省,,,2022,商品房:成交面积:广州（2022年1月7日）,万平方米,0.41
1667,广东省,,,2022,商品房:成交面积:深圳（2021年3月14日）,万平方米,0.41
2814,广东省,,,2022,商品房:成交面积:深圳（2020年9月16日）,万平方米,0.41
2828,广东省,,,2022,商品房:成交面积:深圳（2020年9月29日）,万平方米,0.41
2832,广东省,,,2022,商品房:成交面积:深圳（2020年9月4日）,万平方米,0.41
416,广东省,,,2022,商品房:成交面积:深圳（2022年2月6日）,万平方米,0.42
527,上海市,,,2022,商品房:成交面积:上海（2021年10月6日）,万平方米,0.42
2769,广东省,,,2022,商品房:成交面积:深圳（2020年7月31日）,万平方米,0.42
1637,广东省,,,2022,商品房:成交面积:深圳（2021年1月8日）,万平方米,0.43
1684,广东省,,,2022,商品房:成交面积:深圳（2021年3月2日）,万平方米,0.43
32,上海市,,,2022,商品房:成交面积:上海（2022年2月14日）,万平方米,0.44
1662,广东省,,,2022,商品房:成交面积:深圳（2021年2月9日）,万平方米,0.44
1723,广东省,,,2022,商品房:成交面积:深圳（2021年4月9日）,万平方米,0.44
2563,广东省,,,2022,商品房:成交面积:广州（2020年8月2日）,万平方米,0.44
471,广东省,,,2022,商品房:成交面积:深圳（2022年4月6日）,万平方米,0.46
11,上海市,,,2022,商品房:成交面积:上海（2022年1月1日）,万平方米,0.48
1663,广东省,,,2022,商品房:成交面积:深圳（2021年3月10日）,万平方米,0.48
2827,广东省,,,2022,商品房:成交面积:深圳（2020年9月28日）,万平方米,0.48
408,广东省,,,2022,商品房:成交面积:深圳（2022年2月25日）,万平方米,0.49
414,广东省,,,2022,商品房:成交面积:深圳（2022年2月4日）,万平方米,0.49
417,广东省,,,2022,商品房:成交面积:深圳（2022年2月7日）,万平方米,0.49
1652,广东省,,,2022,商品房:成交面积:深圳（2021年2月23日）,万平方米,0.49
2753,广东省,,,2022,商品房:成交面积:深圳（2020年7月16日）,万平方米,0.49
128,北京市,,,2022,商品房:成交面积:北京（2022年1月12日）,万平方米,0.5
167,北京市,,,2022,商品房:成交面积:北京（2022年2月9日）,万平方米,0.5
182,北京市,,,2022,商品房:成交面积:北京（2022年3月23日）,万平方米,0.5
183,北京市,,,2022,商品房:成交面积:北京（2022年3月24日）,万平方米,0.5
196,北京市,,,2022,商品房:成交面积:北京（2022年4月13日）,万平方米,0.5
204,北京市,,,2022,商品房:成交面积:北京（2022年4月20日）,万平方米,0.5
212,北京市,,,2022,商品房:成交面积:北京（2022年4月28日）,万平方米,0.5
238,北京市,,,2022,商品房:成交面积:北京（2022年6月2日）,万平方米,0.5
428,广东省,,,2022,商品房:成交面积:深圳（2022年3月18日）,万平方米,0.5
1109,北京市,,,2022,商品房:成交面积:北京（2021年7月8日）,万平方米,0.5
1134,北京市,,,2022,商品房:成交面积:北京（2021年8月5日）,万平方米,0.5
2668,广东省,,,2022,商品房:成交面积:深圳（2020年12月18日）,万平方米,0.5
2722,广东省,,,2022,商品房:成交面积:深圳（2020年6月10日）,万平方米,0.5
2789,广东省,,,2022,商品房:成交面积:深圳（2020年8月21日）,万平方米,0.5
2808,广东省,,,2022,商品房:成交面积:深圳（2020年9月10日）,万平方米,0.5
1194,广东省,,,2022,商品房:成交面积:广州（2021年10月4日）,万平方米,0.51
1639,广东省,,,2022,商品房:成交面积:深圳（2021年2月10日）,万平方米,0.51
1733,广东省,,,2022,商品房:成交面积:深圳（2021年5月20日）,万平方米,0.51
2630,广东省,,,2022,商品房:成交面积:深圳（2020年10月6日）,万平方米,0.51
2796,广东省,,,2022,商品房:成交面积:深圳（2020年8月28日）,万平方米,0.51
1552,广东省,,,2022,商品房:成交面积:深圳（2021年10月5日）,万平方米,0.52
1626,广东省,,,2022,商品房:成交面积:深圳（2021年1月18日）,万平方米,0.52
1718,广东省,,,2022,商品房:成交面积:深圳（2021年4月4日）,万平方米,0.52
1722,广东省,,,2022,商品房:成交面积:深圳（2021年4月8日）,万平方米,0.52
2790,广东省,,,2022,商品房:成交面积:深圳（2020年8月22日）,万平方米,0.52
1676,广东省,,,2022,商品房:成交面积:深圳（2021年3月22日）,万平方米,0.53
2623,广东省,,,2022,商品房:成交面积:深圳（2020年10月29日）,万平方米,0.53
2813,广东省,,,2022,商品房:成交面积:深圳（2020年9月15日）,万平方米,0.53
2631,广东省,,,2022,商品房:成交面积:深圳（2020年10月7日）,万平方米,0.54
2711,广东省,,,2022,商品房:成交面积:深圳（2020年5月29日）,万平方米,0.54
415,广东省,,,2022,商品房:成交面积:深圳（2022年2月5日）,万平方米,0.55
1627,广东省,,,2022,商品房:成交面积:深圳（2021年1月19日）,万平方米,0.55
2812,广东省,,,2022,商品房:成交面积:深圳（2020年9月14日）,万平方米,0.55
1195,广东省,,,2022,商品房:成交面积:广州（2021年10月5日）,万平方米,0.56
1624,广东省,,,2022,商品房:成交面积:深圳（2021年1月16日）,万平方米,0.56
1687,广东省,,,2022,商品房:成交面积:深圳（2021年3月3日）,万平方米,0.57
2661,广东省,,,2022,商品房:成交面积:深圳（2020年12月10日）,万平方米,0.57
2804,广东省,,,2022,商品房:成交面积:深圳（2020年8月6日）,万平方米,0.57
421,广东省,,,2022,商品房:成交面积:深圳（2022年3月11日）,万平方米,0.58
449,广东省,,,2022,商品房:成交面积:深圳（2022年4月14日）,万平方米,0.58
1555,广东省,,,2022,商品房:成交面积:深圳（2021年10月8日）,万平方米,0.58
2644,广东省,,,2022,商品房:成交面积:深圳（2020年11月1日）,万平方米,0.58
2669,广东省,,,2022,商品房:成交面积:深圳（2020年12月19日）,万平方米,0.58
2770,广东省,,,2022,商品房:成交面积:深圳（2020年7月3日）,万平方米,0.58
1681,广东省,,,2022,商品房:成交面积:深圳（2021年3月27日）,万平方米,0.59
1690,广东省,,,2022,商品房:成交面积:深圳（2021年3月6日）,万平方米,0.59
2676,广东省,,,2022,商品房:成交面积:深圳（2020年12月25日）,万平方米,0.59
2715,广东省,,,2022,商品房:成交面积:深圳（2020年5月3日）,万平方米,0.59
129,北京市,,,2022,商品房:成交面积:北京（2022年1月13日）,万平方米,0.6
157,北京市,,,2022,商品房:成交面积:北京（2022年2月23日）,万平方米,0.6
159,北京市,,,2022,商品房:成交面积:北京（2022年2月25日）,万平方米,0.6
161,北京市,,,2022,商品房:成交面积:北京（2022年2月3日）,万平方米,0.6
169,北京市,,,2022,商品房:成交面积:北京（2022年3月11日）,万平方米,0.6
184,北京市,,,2022,商品房:成交面积:北京（2022年3月25日）,万平方米,0.6
186,北京市,,,2022,商品房:成交面积:北京（2022年3月3日）,万平方米,0.6
218,北京市,,,2022,商品房:成交面积:北京（2022年4月5日）,万平方米,0.6
236,北京市,,,2022,商品房:成交面积:北京（2022年6月10日）,万平方米,0.6
829,北京市,,,2022,商品房:成交面积:北京（2021年10月20日）,万平方米,0.6
1102,北京市,,,2022,商品房:成交面积:北京（2021年7月30日）,万平方米,0.6
1168,北京市,,,2022,商品房:成交面积:北京（2021年9月9日）,万平方米,0.6
1691,广东省,,,2022,商品房:成交面积:深圳（2021年3月7日）,万平方米,0.6
2797,广东省,,,2022,商品房:成交面积:深圳（2020年8月29日）,万平方米,0.6
529,上海市,,,2022,商品房:成交面积:上海（2021年10月8日）,万平方米,0.61
1553,广东省,,,2022,商品房:成交面积:深圳（2021年10月6日）,万平方米,0.61
1638,广东省,,,2022,商品房:成交面积:深圳（2021年1月9日）,万平方米,0.61
1649,广东省,,,2022,商品房:成交面积:深圳（2021年2月20日）,万平方米,0.61
470,广东省,,,2022,商品房:成交面积:深圳（2022年4月5日）,万平方米,0.62
1647,广东省,,,2022,商品房:成交面积:深圳（2021年2月18日）,万平方米,0.62
1682,广东省,,,2022,商品房:成交面积:深圳（2021年3月28日）,万平方米,0.62
1741,广东省,,,2022,商品房:成交面积:深圳（2021年5月28日）,万平方米,0.62
2684,广东省,,,2022,商品房:成交面积:深圳（2020年12月3日）,万平方米,0.62
2746,广东省,,,2022,商品房:成交面积:深圳（2020年6月9日）,万平方米,0.62
447,广东省,,,2022,商品房:成交面积:深圳（2022年4月12日）,万平方米,0.63
1397,广东省,,,2022,商品房:成交面积:广州（2021年5月30日）,万平方米,0.63
1685,广东省,,,2022,商品房:成交面积:深圳（2021年3月30日）,万平方米,0.63
1809,广东省,,,2022,商品房:成交面积:深圳（2021年8月14日）,万平方米,0.63
2815,广东省,,,2022,商品房:成交面积:深圳（2020年9月17日）,万平方米,0.63
274,广东省,,,2022,商品房:成交面积:广州（2022年2月13日）,万平方米,0.64
407,广东省,,,2022,商品房:成交面积:深圳（2022年2月24日）,万平方米,0.64
1717,广东省,,,2022,商品房:成交面积:深圳（2021年4月3日）,万平方米,0.64
1789,广东省,,,2022,商品房:成交面积:深圳（2021年7月24日）,万平方米,0.64
1794,广东省,,,2022,商品房:成交面积:深圳（2021年7月29日）,万平方米,0.64
2655,广东省,,,2022,商品房:成交面积:深圳（2020年11月2日）,万平方米,0.64
2738,广东省,,,2022,商品房:成交面积:深圳（2020年6月25日）,万平方米,0.64
35,上海市,,,2022,商品房:成交面积:上海（2022年2月22日）,万平方米,0.65
1668,广东省,,,2022,商品房:成交面积:深圳（2021年3月15日）,万平方米,0.65
2637,广东省,,,2022,商品房:成交面积:深圳（2020年11月13日）,万平方米,0.65
2776,广东省,,,2022,商品房:成交面积:深圳（2020年7月9日）,万平方米,0.65
1673,广东省,,,2022,商品房:成交面积:深圳（2021年3月1日）,万平方米,0.66
1692,广东省,,,2022,商品房:成交面积:深圳（2021年3月8日）,万平方米,0.66
1731,广东省,,,2022,商品房:成交面积:深圳（2021年5月19日）,万平方米,0.66
2625,广东省,,,2022,商品房:成交面积:深圳（2020年10月30日）,万平方米,0.66
2822,广东省,,,2022,商品房:成交面积:深圳（2020年9月23日）,万平方米,0.66
1716,广东省,,,2022,商品房:成交面积:深圳（2021年4月30日）,万平方米,0.67
1727,广东省,,,2022,商品房:成交面积:深圳（2021年5月15日）,万平方米,0.67
2785,广东省,,,2022,商品房:成交面积:深圳（2020年8月18日）,万平方米,0.67
2786,广东省,,,2022,商品房:成交面积:深圳（2020年8月19日）,万平方米,0.67
1621,广东省,,,2022,商品房:成交面积:深圳（2021年1月13日）,万平方米,0.68
2663,广东省,,,2022,商品房:成交面积:深圳（2020年12月12日）,万平方米,0.68
2730,广东省,,,2022,商品房:成交面积:深圳（2020年6月18日）,万平方米,0.68
2754,广东省,,,2022,商品房:成交面积:深圳（2020年7月17日）,万平方米,0.68
458,广东省,,,2022,商品房:成交面积:深圳（2022年4月22日）,万平方米,0.69
464,广东省,,,2022,商品房:成交面积:深圳（2022年4月28日）,万平方米,0.69
700,上海市,,,2022,商品房:成交面积:上海（2021年4月4日）,万平方米,0.69
1833,广东省,,,2022,商品房:成交面积:深圳（2021年8月7日）,万平方米,0.69
2693,广东省,,,2022,商品房:成交面积:深圳（2020年5月12日）,万平方米,0.69
152,北京市,,,2022,商品房:成交面积:北京（2022年2月10日）,万平方米,0.7
185,北京市,,,2022,商品房:成交面积:北京（2022年3月2日）,万平方米,0.7
187,北京市,,,2022,商品房:成交面积:北京（2022年3月4日）,万平方米,0.7
220,北京市,,,2022,商品房:成交面积:北京（2022年4月7日）,万平方米,0.7
465,广东省,,,2022,商品房:成交面积:深圳（2022年4月29日）,万平方米,0.7
608,上海市,,,2022,商品房:成交面积:上海（2021年1月26日）,万平方米,0.7
822,北京市,,,2022,商品房:成交面积:北京（2021年10月14日）,万平方米,0.7
1110,北京市,,,2022,商品房:成交面积:北京（2021年7月9日）,万平方米,0.7
1133,北京市,,,2022,商品房:成交面积:北京（2021年8月4日）,万平方米,0.7
1145,北京市,,,2022,商品房:成交面积:北京（2021年9月16日）,万平方米,0.7
1734,广东省,,,2022,商品房:成交面积:深圳（2021年5月21日）,万平方米,0.7
1814,广东省,,,2022,商品房:成交面积:深圳（2021年8月19日）,万平方米,0.7
1858,广东省,,,2022,商品房:成交面积:深圳（2021年9月30日）,万平方米,0.7
450,广东省,,,2022,商品房:成交面积:深圳（2022年4月15日）,万平方米,0.71
472,广东省,,,2022,商品房:成交面积:深圳（2022年4月7日）,万平方米,0.71
1197,广东省,,,2022,商品房:成交面积:广州（2021年10月7日）,万平方米,0.71
1610,广东省,,,2022,商品房:成交面积:深圳（2021年12月31日）,万平方米,0.71
2617,广东省,,,2022,商品房:成交面积:深圳（2020年10月23日）,万平方米,0.71
2639,广东省,,,2022,商品房:成交面积:深圳（2020年11月15日）,万平方米,0.71
1554,广东省,,,2022,商品房:成交面积:深圳（2021年10月7日）,万平方米,0.72
1660,广东省,,,2022,商品房:成交面积:深圳（2021年2月7日）,万平方米,0.72
1693,广东省,,,2022,商品房:成交面积:深圳（2021年3月9日）,万平方米,0.72
2792,广东省,,,2022,商品房:成交面积:深圳（2020年8月24日）,万平方米,0.72
2823,广东省,,,2022,商品房:成交面积:深圳（2020年9月24日）,万平方米,0.72
422,广东省,,,2022,商品房:成交面积:深圳（2022年3月12日）,万平方米,0.73
1715,广东省,,,2022,商品房:成交面积:深圳（2021年4月2日）,万平方米,0.73
1791,广东省,,,2022,商品房:成交面积:深圳（2021年7月26日）,万平方米,0.73
1549,广东省,,,2022,商品房:成交面积:深圳（2021年10月2日）,万平方米,0.74
1790,广东省,,,2022,商品房:成交面积:深圳（2021年7月25日）,万平方米,0.74
1817,广东省,,,2022,商品房:成交面积:深圳（2021年8月21日）,万平方米,0.74
1818,广东省,,,2022,商品房:成交面积:深圳（2021年8月22日）,万平方米,0.74
2660,广东省,,,2022,商品房:成交面积:深圳（2020年11月6日）,万平方米,0.74
528,上海市,,,2022,商品房:成交面积:上海（2021年10月7日）,万平方米,0.75
1730,广东省,,,2022,商品房:成交面积:深圳（2021年5月18日）,万平方米,0.75
1742,广东省,,,2022,商品房:成交面积:深圳（2021年5月29日）,万平方米,0.75
2739,广东省,,,2022,商品房:成交面积:深圳（2020年6月26日）,万平方米,0.75
2805,广东省,,,2022,商品房:成交面积:深圳（2020年8月7日）,万平方米,0.75
392,广东省,,,2022,商品房:成交面积:深圳（2022年1月27日）,万平方米,0.76
1646,广东省,,,2022,商品房:成交面积:深圳（2021年2月17日）,万平方米,0.76
2703,广东省,,,2022,商品房:成交面积:深圳（2020年5月21日）,万平方米,0.76
2824,广东省,,,2022,商品房:成交面积:深圳（2020年9月25日）,万平方米,0.76
435,广东省,,,2022,商品房:成交面积:深圳（2022年3月24日）,万平方米,0.77
1198,广东省,,,2022,商品房:成交面积:广州（2021年10月8日）,万平方米,0.77
1797,广东省,,,2022,商品房:成交面积:深圳（2021年7月31日）,万平方米,0.77
2675,广东省,,,2022,商品房:成交面积:深圳（2020年12月24日）,万平方米,0.77
2679,广东省,,,2022,商品房:成交面积:深圳（2020年12月28日）,万平方米,0.77
409,广东省,,,2022,商品房:成交面积:深圳（2022年2月26日）,万平方米,0.78
461,广东省,,,2022,商品房:成交面积:深圳（2022年4月25日）,万平方米,0.78
1675,广东省,,,2022,商品房:成交面积:深圳（2021年3月21日）,万平方米,0.78
1823,广东省,,,2022,商品房:成交面积:深圳（2021年8月27日）,万平方米,0.78
2636,广东省,,,2022,商品房:成交面积:深圳（2020年11月12日）,万平方米,0.78
285,广东省,,,2022,商品房:成交面积:广州（2022年2月23日）,万平方米,0.79
351,广东省,,,2022,商品房:成交面积:广州（2022年4月7日）,万平方米,0.79
410,广东省,,,2022,商品房:成交面积:深圳（2022年2月27日）,万平方米,0.79
638,上海市,,,2022,商品房:成交面积:上海（2021年2月3日）,万平方米,0.79
1807,广东省,,,2022,商品房:成交面积:深圳（2021年8月12日）,万平方米,0.79
2657,广东省,,,2022,商品房:成交面积:深圳（2020年11月3日）,万平方米,0.79
135,北京市,,,2022,商品房:成交面积:北京（2022年1月1日）,万平方米,0.8
174,北京市,,,2022,商品房:成交面积:北京（2022年3月16日）,万平方米,0.8
192,北京市,,,2022,商品房:成交面积:北京（2022年3月9日）,万平方米,0.8
224,北京市,,,2022,商品房:成交面积:北京（2022年5月11日）,万平方米,0.8
227,北京市,,,2022,商品房:成交面积:北京（2022年5月1日）,万平方米,0.8
237,北京市,,,2022,商品房:成交面积:北京（2022年6月1日）,万平方米,0.8
452,广东省,,,2022,商品房:成交面积:深圳（2022年4月17日）,万平方米,0.8
857,北京市,,,2022,商品房:成交面积:北京（2021年11月18日）,万平方米,0.8
872,北京市,,,2022,商品房:成交面积:北京（2021年11月3日）,万平方米,0.8
873,北京市,,,2022,商品房:成交面积:北京（2021年11月4日）,万平方米,0.8
902,北京市,,,2022,商品房:成交面积:北京（2021年12月31日）,万平方米,0.8
1039,北京市,,,2022,商品房:成交面积:北京（2021年5月28日）,万平方米,0.8
1040,北京市,,,2022,商品房:成交面积:北京（2021年5月29日）,万平方米,0.8
1042,北京市,,,2022,商品房:成交面积:北京（2021年5月30日）,万平方米,0.8
1051,北京市,,,2022,商品房:成交面积:北京（2021年6月10日）,万平方米,0.8
1081,北京市,,,2022,商品房:成交面积:北京（2021年7月11日）,万平方米,0.8
1085,北京市,,,2022,商品房:成交面积:北京（2021年7月15日）,万平方米,0.8
1108,北京市,,,2022,商品房:成交面积:北京（2021年7月7日）,万平方米,0.8
1538,广东省,,,2022,商品房:成交面积:深圳（2021年10月1日）,万平方米,0.8
2690,广东省,,,2022,商品房:成交面积:深圳（2020年12月9日）,万平方米,0.8
429,广东省,,,2022,商品房:成交面积:深圳（2022年3月19日）,万平方米,0.81
1196,广东省,,,2022,商品房:成交面积:广州（2021年10月6日）,万平方米,0.81
1622,广东省,,,2022,商品房:成交面积:深圳（2021年1月14日）,万平方米,0.81
1694,广东省,,,2022,商品房:成交面积:深圳（2021年4月10日）,万平方米,0.81
1816,广东省,,,2022,商品房:成交面积:深圳（2021年8月20日）,万平方米,0.81
2780,广东省,,,2022,商品房:成交面积:深圳（2020年8月13日）,万平方米,0.81
1643,广东省,,,2022,商品房:成交面积:深圳（2021年2月14日）,万平方米,0.82
1820,广东省,,,2022,商品房:成交面积:深圳（2021年8月24日）,万平方米,0.82
1827,广东省,,,2022,商品房:成交面积:深圳（2021年8月30日）,万平方米,0.82
2666,广东省,,,2022,商品房:成交面积:深圳（2020年12月16日）,万平方米,0.82
2731,广东省,,,2022,商品房:成交面积:深圳（2020年6月19日）,万平方米,0.82
439,广东省,,,2022,商品房:成交面积:深圳（2022年3月4日）,万平方米,0.83
451,广东省,,,2022,商品房:成交面积:深圳（2022年4月16日）,万平方米,0.83
488,广东省,,,2022,商品房:成交面积:深圳（2022年6月3日）,万平方米,0.83
1565,广东省,,,2022,商品房:成交面积:深圳（2021年11月18日）,万平方米,0.83
1677,广东省,,,2022,商品房:成交面积:深圳（2021年3月23日）,万平方米,0.83
1735,广东省,,,2022,商品房:成交面积:深圳（2021年5月22日）,万平方米,0.83
1819,广东省,,,2022,商品房:成交面积:深圳（2021年8月23日）,万平方米,0.83
1851,广东省,,,2022,商品房:成交面积:深圳（2021年9月24日）,万平方米,0.83
2809,广东省,,,2022,商品房:成交面积:深圳（2020年9月11日）,万平方米,0.83
463,广东省,,,2022,商品房:成交面积:深圳（2022年4月27日）,万平方米,0.84
601,上海市,,,2022,商品房:成交面积:上海（2021年1月1日）,万平方米,0.84
609,上海市,,,2022,商品房:成交面积:上海（2021年1月2日）,万平方米,0.84
1699,广东省,,,2022,商品房:成交面积:深圳（2021年4月15日）,万平方米,0.84
1706,广东省,,,2022,商品房:成交面积:深圳（2021年4月21日）,万平方米,0.84
1810,广东省,,,2022,商品房:成交面积:深圳（2021年8月15日）,万平方米,0.84
2608,广东省,,,2022,商品房:成交面积:深圳（2020年10月15日）,万平方米,0.84
2710,广东省,,,2022,商品房:成交面积:深圳（2020年5月28日）,万平方米,0.84
640,上海市,,,2022,商品房:成交面积:上海（2021年2月5日）,万平方米,0.85
1620,广东省,,,2022,商品房:成交面积:深圳（2021年1月12日）,万平方米,0.85
1822,广东省,,,2022,商品房:成交面积:深圳（2021年8月26日）,万平方米,0.85
467,广东省,,,2022,商品房:成交面积:深圳（2022年4月30日）,万平方米,0.86
1774,广东省,,,2022,商品房:成交面积:深圳（2021年6月30日）,万平方米,0.86
1813,广东省,,,2022,商品房:成交面积:深圳（2021年8月18日）,万平方米,0.86
2747,广东省,,,2022,商品房:成交面积:深圳（2020年7月10日）,万平方米,0.86
2777,广东省,,,2022,商品房:成交面积:深圳（2020年8月10日）,万平方米,0.86
459,广东省,,,2022,商品房:成交面积:深圳（2022年4月23日）,万平方米,0.87
1369,广东省,,,2022,商品房:成交面积:广州（2021年4月4日）,万平方米,0.87
1568,广东省,,,2022,商品房:成交面积:深圳（2021年11月20日）,万平方米,0.87
1642,广东省,,,2022,商品房:成交面积:深圳（2021年2月13日）,万平方米,0.87
1824,广东省,,,2022,商品房:成交面积:深圳（2021年8月28日）,万平方米,0.87
2723,广东省,,,2022,商品房:成交面积:深圳（2020年6月11日）,万平方米,0.87
100,上海市,,,2022,商品房:成交面积:上海（2022年4月5日）,万平方米,0.88
457,广东省,,,2022,商品房:成交面积:深圳（2022年4月21日）,万平方米,0.88
1450,广东省,,,2022,商品房:成交面积:广州（2021年7月23日）,万平方米,0.88
2800,广东省,,,2022,商品房:成交面积:深圳（2020年8月31日）,万平方米,0.88
358,广东省,,,2022,商品房:成交面积:广州（2022年5月1日）,万平方米,0.89
420,广东省,,,2022,商品房:成交面积:深圳（2022年3月10日）,万平方米,0.89
436,广东省,,,2022,商品房:成交面积:深圳（2022年3月25日）,万平方米,0.89
1708,广东省,,,2022,商品房:成交面积:深圳（2021年4月23日）,万平方米,0.89
1832,广东省,,,2022,商品房:成交面积:深圳（2021年8月6日）,万平方米,0.89
2704,广东省,,,2022,商品房:成交面积:深圳（2020年5月22日）,万平方米,0.89
172,北京市,,,2022,商品房:成交面积:北京（2022年3月14日）,万平方米,0.9
889,北京市,,,2022,商品房:成交面积:北京（2021年12月1日）,万平方米,0.9
900,北京市,,,2022,商品房:成交面积:北京（2021年12月2日）,万平方米,0.9
1010,北京市,,,2022,商品房:成交面积:北京（2021年4月29日）,万平方米,0.9
1011,北京市,,,2022,商品房:成交面积:北京（2021年4月2日）,万平方米,0.9
1030,北京市,,,2022,商品房:成交面积:北京（2021年5月1日）,万平方米,0.9
1804,广东省,,,2022,商品房:成交面积:深圳（2021年7月9日）,万平方米,0.9
2646,广东省,,,2022,商品房:成交面积:深圳（2020年11月21日）,万平方米,0.9
411,广东省,,,2022,商品房:成交面积:深圳（2022年2月28日）,万平方米,0.91
431,广东省,,,2022,商品房:成交面积:深圳（2022年3月20日）,万平方米,0.91
440,广东省,,,2022,商品房:成交面积:深圳（2022年3月5日）,万平方米,0.91
445,广东省,,,2022,商品房:成交面积:深圳（2022年4月10日）,万平方米,0.91
1782,广东省,,,2022,商品房:成交面积:深圳（2021年7月10日）,万平方米,0.91
1821,广东省,,,2022,商品房:成交面积:深圳（2021年8月25日）,万平方米,0.91
318,广东省,,,2022,商品房:成交面积:广州（2022年3月4日）,万平方米,0.92
476,广东省,,,2022,商品房:成交面积:深圳（2022年5月1日）,万平方米,0.92
1625,广东省,,,2022,商品房:成交面积:深圳（2021年1月17日）,万平方米,0.92
1683,广东省,,,2022,商品房:成交面积:深圳（2021年3月29日）,万平方米,0.92
1721,广东省,,,2022,商品房:成交面积:深圳（2021年4月7日）,万平方米,0.92
1795,广东省,,,2022,商品房:成交面积:深圳（2021年7月2日）,万平方米,0.92
2677,广东省,,,2022,商品房:成交面积:深圳（2020年12月26日）,万平方米,0.92
2686,广东省,,,2022,商品房:成交面积:深圳（2020年12月5日）,万平方米,0.92
2767,广东省,,,2022,商品房:成交面积:深圳（2020年7月29日）,万平方米,0.92
349,广东省,,,2022,商品房:成交面积:广州（2022年4月5日）,万平方米,0.93
1707,广东省,,,2022,商品房:成交面积:深圳（2021年4月22日）,万平方米,0.93
1714,广东省,,,2022,商品房:成交面积:深圳（2021年4月29日）,万平方米,0.93
2689,广东省,,,2022,商品房:成交面积:深圳（2020年12月8日）,万平方米,0.93
1772,广东省,,,2022,商品房:成交面积:深圳（2021年6月29日）,万平方米,0.94
489,广东省,,,2022,商品房:成交面积:深圳（2022年6月4日）,万平方米,0.95
2793,广东省,,,2022,商品房:成交面积:深圳（2020年8月25日）,万平方米,0.95
2834,广东省,,,2022,商品房:成交面积:深圳（2020年9月6日）,万平方米,0.95
1669,广东省,,,2022,商品房:成交面积:深圳（2021年3月16日）,万平方米,0.96
1830,广东省,,,2022,商品房:成交面积:深圳（2021年8月4日）,万平方米,0.96
1990,上海市,,,2022,商品房:成交面积:上海（2020年5月1日）,万平方米,0.96
2635,广东省,,,2022,商品房:成交面积:深圳（2020年11月11日）,万平方米,0.96
2803,广东省,,,2022,商品房:成交面积:深圳（2020年8月5日）,万平方米,0.96
350,广东省,,,2022,商品房:成交面积:广州（2022年4月6日）,万平方米,0.97
474,广东省,,,2022,商品房:成交面积:深圳（2022年4月9日）,万平方米,0.97
490,广东省,,,2022,商品房:成交面积:深圳（2022年6月6日）,万平方米,0.97
1737,广东省,,,2022,商品房:成交面积:深圳（2021年5月24日）,万平方米,0.97
453,广东省,,,2022,商品房:成交面积:深圳（2022年4月18日）,万平方米,0.98
1803,广东省,,,2022,商品房:成交面积:深圳（2021年7月8日）,万平方米,0.98
460,广东省,,,2022,商品房:成交面积:深圳（2022年4月24日）,万平方米,0.99
1470,广东省,,,2022,商品房:成交面积:广州（2021年8月13日）,万平方米,0.99
1574,广东省,,,2022,商品房:成交面积:深圳（2021年11月26日）,万平方米,0.99
1697,广东省,,,2022,商品房:成交面积:深圳（2021年4月13日）,万平方米,0.99
1792,广东省,,,2022,商品房:成交面积:深圳（2021年7月27日）,万平方米,0.99
1831,广东省,,,2022,商品房:成交面积:深圳（2021年8月5日）,万平方米,0.99
2652,广东省,,,2022,商品房:成交面积:深圳（2020年11月27日）,万平方米,0.99
2718,广东省,,,2022,商品房:成交面积:深圳（2020年5月6日）,万平方米,0.99
162,北京市,,,2022,商品房:成交面积:北京（2022年2月4日）,万平方米,1
173,北京市,,,2022,商品房:成交面积:北京（2022年3月15日）,万平方米,1
198,北京市,,,2022,商品房:成交面积:北京（2022年4月15日）,万平方米,1
241,北京市,,,2022,商品房:成交面积:北京（2022年6月6日）,万平方米,1
473,广东省,,,2022,商品房:成交面积:深圳（2022年4月8日）,万平方米,1
823,北京市,,,2022,商品房:成交面积:北京（2021年10月15日）,万平方米,1
831,北京市,,,2022,商品房:成交面积:北京（2021年10月22日）,万平方米,1
1041,北京市,,,2022,商品房:成交面积:北京（2021年5月2日）,万平方米,1
1074,北京市,,,2022,商品房:成交面积:北京（2021年6月3日）,万平方米,1
1101,北京市,,,2022,商品房:成交面积:北京（2021年7月2日）,万平方米,1
1113,北京市,,,2022,商品房:成交面积:北京（2021年8月12日）,万平方米,1
1395,广东省,,,2022,商品房:成交面积:广州（2021年5月29日）,万平方米,1
1548,广东省,,,2022,商品房:成交面积:深圳（2021年10月29日）,万平方米,1
2645,广东省,,,2022,商品房:成交面积:深圳（2020年11月20日）,万平方米,1
2697,广东省,,,2022,商品房:成交面积:深圳（2020年5月16日）,万平方米,1
386,广东省,,,2022,商品房:成交面积:深圳（2022年1月21日）,万平方米,1.01
1566,广东省,,,2022,商品房:成交面积:深圳（2021年11月19日）,万平方米,1.01
1738,广东省,,,2022,商品房:成交面积:深圳（2021年5月25日）,万平方米,1.01
1856,广东省,,,2022,商品房:成交面积:深圳（2021年9月29日）,万平方米,1.01
1859,广东省,,,2022,商品房:成交面积:深圳（2021年9月3日）,万平方米,1.01
2609,广东省,,,2022,商品房:成交面积:深圳（2020年10月16日）,万平方米,1.01
2775,广东省,,,2022,商品房:成交面积:深圳（2020年7月8日）,万平方米,1.01
385,广东省,,,2022,商品房:成交面积:深圳（2022年1月20日）,万平方米,1.02
444,广东省,,,2022,商品房:成交面积:深圳（2022年3月9日）,万平方米,1.02
1644,广东省,,,2022,商品房:成交面积:深圳（2021年2月15日）,万平方米,1.02
1736,广东省,,,2022,商品房:成交面积:深圳（2021年5月23日）,万平方米,1.02
1812,广东省,,,2022,商品房:成交面积:深圳（2021年8月17日）,万平方米,1.02
1834,广东省,,,2022,商品房:成交面积:深圳（2021年8月8日）,万平方米,1.02
469,广东省,,,2022,商品房:成交面积:深圳（2022年4月4日）,万平方米,1.03
1547,广东省,,,2022,商品房:成交面积:深圳（2021年10月28日）,万平方米,1.03
1582,广东省,,,2022,商品房:成交面积:深圳（2021年11月5日）,万平方米,1.03
1767,广东省,,,2022,商品房:成交面积:深圳（2021年6月24日）,万平方米,1.03
1771,广东省,,,2022,商品房:成交面积:深圳（2021年6月28日）,万平方米,1.03
101,上海市,,,2022,商品房:成交面积:上海（2022年4月6日）,万平方米,1.04
487,广东省,,,2022,商品房:成交面积:深圳（2022年6月2日）,万平方米,1.04
480,广东省,,,2022,商品房:成交面积:深圳（2022年5月5日）,万平方米,1.05
1451,广东省,,,2022,商品房:成交面积:广州（2021年7月24日）,万平方米,1.05
1558,广东省,,,2022,商品房:成交面积:深圳（2021年11月11日）,万平方米,1.05
1602,广东省,,,2022,商品房:成交面积:深圳（2021年12月24日）,万平方米,1.05
1702,广东省,,,2022,商品房:成交面积:深圳（2021年4月18日）,万平方米,1.05
2719,广东省,,,2022,商品房:成交面积:深圳（2020年5月7日）,万平方米,1.05
1569,广东省,,,2022,商品房:成交面积:深圳（2021年11月21日）,万平方米,1.06
1698,广东省,,,2022,商品房:成交面积:深圳（2021年4月14日）,万平方米,1.06
1836,广东省,,,2022,商品房:成交面积:深圳（2021年9月10日）,万平方米,1.06
2667,广东省,,,2022,商品房:成交面积:深圳（2020年12月17日）,万平方米,1.06
2736,广东省,,,2022,商品房:成交面积:深圳（2020年6月23日）,万平方米,1.06
462,广东省,,,2022,商品房:成交面积:深圳（2022年4月26日）,万平方米,1.07
491,广东省,,,2022,商品房:成交面积:深圳（2022年6月7日）,万平方米,1.07
1619,广东省,,,2022,商品房:成交面积:深圳（2021年1月11日）,万平方米,1.07
1701,广东省,,,2022,商品房:成交面积:深圳（2021年4月17日）,万平方米,1.07
1725,广东省,,,2022,商品房:成交面积:深圳（2021年5月11日）,万平方米,1.07
1739,广东省,,,2022,商品房:成交面积:深圳（2021年5月26日）,万平方米,1.07
1769,广东省,,,2022,商品房:成交面积:深圳（2021年6月26日）,万平方米,1.07
2616,广东省,,,2022,商品房:成交面积:深圳（2020年10月22日）,万平方米,1.07
2658,广东省,,,2022,商品房:成交面积:深圳（2020年11月4日）,万平方米,1.07
2659,广东省,,,2022,商品房:成交面积:深圳（2020年11月5日）,万平方米,1.07
2811,广东省,,,2022,商品房:成交面积:深圳（2020年9月13日）,万平方米,1.07
454,广东省,,,2022,商品房:成交面积:深圳（2022年4月19日）,万平方米,1.08
1273,广东省,,,2022,商品房:成交面积:广州（2021年1月26日）,万平方米,1.08
1670,广东省,,,2022,商品房:成交面积:深圳（2021年3月17日）,万平方米,1.08
1740,广东省,,,2022,商品房:成交面积:深圳（2021年5月27日）,万平方米,1.08
1825,广东省,,,2022,商品房:成交面积:深圳（2021年8月29日）,万平方米,1.08
2671,广东省,,,2022,商品房:成交面积:深圳（2020年12月20日）,万平方米,1.08
2683,广东省,,,2022,商品房:成交面积:深圳（2020年12月31日）,万平方米,1.08
1542,广东省,,,2022,商品房:成交面积:深圳（2021年10月23日）,万平方米,1.09
1729,广东省,,,2022,商品房:成交面积:深圳（2021年5月17日）,万平方米,1.09
2629,广东省,,,2022,商品房:成交面积:深圳（2020年10月5日）,万平方米,1.09
142,北京市,,,2022,商品房:成交面积:北京（2022年1月26日）,万平方米,1.1
143,北京市,,,2022,商品房:成交面积:北京（2022年1月27日）,万平方米,1.1
170,北京市,,,2022,商品房:成交面积:北京（2022年3月12日）,万平方米,1.1
221,北京市,,,2022,商品房:成交面积:北京（2022年4月8日）,万平方米,1.1
232,北京市,,,2022,商品房:成交面积:北京（2022年5月6日）,万平方米,1.1
856,北京市,,,2022,商品房:成交面积:北京（2021年11月17日）,万平方米,1.1
864,北京市,,,2022,商品房:成交面积:北京（2021年11月24日）,万平方米,1.1
954,北京市,,,2022,商品房:成交面积:北京（2021年2月5日）,万平方米,1.1
1023,北京市,,,2022,商品房:成交面积:北京（2021年5月13日）,万平方米,1.1
1024,北京市,,,2022,商品房:成交面积:北京（2021年5月14日）,万平方米,1.1
1044,北京市,,,2022,商品房:成交面积:北京（2021年5月3日）,万平方米,1.1
1052,北京市,,,2022,商品房:成交面积:北京（2021年6月11日）,万平方米,1.1
1058,北京市,,,2022,商品房:成交面积:北京（2021年6月17日）,万平方米,1.1
1061,北京市,,,2022,商品房:成交面积:北京（2021年6月1日）,万平方米,1.1
1084,北京市,,,2022,商品房:成交面积:北京（2021年7月14日）,万平方米,1.1
1093,北京市,,,2022,商品房:成交面积:北京（2021年7月22日）,万平方米,1.1
1103,北京市,,,2022,商品房:成交面积:北京（2021年7月31日）,万平方米,1.1
1120,北京市,,,2022,商品房:成交面积:北京（2021年8月19日）,万平方米,1.1
1135,北京市,,,2022,商品房:成交面积:北京（2021年8月6日）,万平方米,1.1
1139,北京市,,,2022,商品房:成交面积:北京（2021年9月10日）,万平方米,1.1
1153,北京市,,,2022,商品房:成交面积:北京（2021年9月23日）,万平方米,1.1
1160,北京市,,,2022,商品房:成交面积:北京（2021年9月2日）,万平方米,1.1
1161,北京市,,,2022,商品房:成交面积:北京（2021年9月30日）,万平方米,1.1
1162,北京市,,,2022,商品房:成交面积:北京（2021年9月3日）,万平方米,1.1
1193,广东省,,,2022,商品房:成交面积:广州（2021年10月3日）,万平方米,1.1
1525,广东省,,,2022,商品房:成交面积:广州（2021年9月7日）,万平方米,1.1
2768,广东省,,,2022,商品房:成交面积:深圳（2020年7月2日）,万平方米,1.1
2782,广东省,,,2022,商品房:成交面积:深圳（2020年8月15日）,万平方米,1.1
2826,广东省,,,2022,商品房:成交面积:深圳（2020年9月27日）,万平方米,1.1
492,广东省,,,2022,商品房:成交面积:深圳（2022年6月9日）,万平方米,1.11
1540,广东省,,,2022,商品房:成交面积:深圳（2021年10月21日）,万平方米,1.11
1564,广东省,,,2022,商品房:成交面积:深圳（2021年11月17日）,万平方米,1.11
102,上海市,,,2022,商品房:成交面积:上海（2022年4月7日）,万平方米,1.12
388,广东省,,,2022,商品房:成交面积:深圳（2022年1月23日）,万平方米,1.12
425,广东省,,,2022,商品房:成交面积:深圳（2022年3月15日）,万平方米,1.12
443,广东省,,,2022,商品房:成交面积:深圳（2022年3月8日）,万平方米,1.12
456,广东省,,,2022,商品房:成交面积:深圳（2022年4月20日）,万平方米,1.12
1759,广东省,,,2022,商品房:成交面积:深圳（2021年6月17日）,万平方米,1.12
1806,广东省,,,2022,商品房:成交面积:深圳（2021年8月11日）,万平方米,1.12
2670,广东省,,,2022,商品房:成交面积:深圳（2020年12月1日）,万平方米,1.12
2729,广东省,,,2022,商品房:成交面积:深圳（2020年6月17日）,万平方米,1.12
441,广东省,,,2022,商品房:成交面积:深圳（2022年3月6日）,万平方米,1.13
1617,广东省,,,2022,商品房:成交面积:深圳（2021年12月9日）,万平方米,1.13
1709,广东省,,,2022,商品房:成交面积:深圳（2021年4月24日）,万平方米,1.13
1768,广东省,,,2022,商品房:成交面积:深圳（2021年6月25日）,万平方米,1.13
1776,广东省,,,2022,商品房:成交面积:深圳（2021年6月4日）,万平方米,1.13
1783,广东省,,,2022,商品房:成交面积:深圳（2021年7月12日）,万平方米,1.13
1308,广东省,,,2022,商品房:成交面积:广州（2021年2月4日）,万平方米,1.14
1719,广东省,,,2022,商品房:成交面积:深圳（2021年4月5日）,万平方米,1.14
1798,广东省,,,2022,商品房:成交面积:深圳（2021年7月3日）,万平方米,1.14
1843,广东省,,,2022,商品房:成交面积:深圳（2021年9月17日）,万平方米,1.14
2708,广东省,,,2022,商品房:成交面积:深圳（2020年5月26日）,万平方米,1.14
2779,广东省,,,2022,商品房:成交面积:深圳（2020年8月12日）,万平方米,1.14
446,广东省,,,2022,商品房:成交面积:深圳（2022年4月11日）,万平方米,1.15
1190,广东省,,,2022,商品房:成交面积:广州（2021年10月2日）,万平方米,1.15
1720,广东省,,,2022,商品房:成交面积:深圳（2021年4月6日）,万平方米,1.15
1750,广东省,,,2022,商品房:成交面积:深圳（2021年5月7日）,万平方米,1.15
379,广东省,,,2022,商品房:成交面积:深圳（2022年1月14日）,万平方米,1.16
432,广东省,,,2022,商品房:成交面积:深圳（2022年3月21日）,万平方米,1.16
639,上海市,,,2022,商品房:成交面积:上海（2021年2月4日）,万平方米,1.16
1541,广东省,,,2022,商品房:成交面积:深圳（2021年10月22日）,万平方米,1.16
1700,广东省,,,2022,商品房:成交面积:深圳（2021年4月16日）,万平方米,1.16
1842,广东省,,,2022,商品房:成交面积:深圳（2021年9月16日）,万平方米,1.16
2680,广东省,,,2022,商品房:成交面积:深圳（2020年12月29日）,万平方米,1.16
2682,广东省,,,2022,商品房:成交面积:深圳（2020年12月30日）,万平方米,1.16
256,广东省,,,2022,商品房:成交面积:广州（2022年1月21日）,万平方米,1.17
438,广东省,,,2022,商品房:成交面积:深圳（2022年3月3日）,万平方米,1.17
486,广东省,,,2022,商品房:成交面积:深圳（2022年6月1日）,万平方米,1.17
1452,广东省,,,2022,商品房:成交面积:广州（2021年7月25日）,万平方米,1.17
2752,广东省,,,2022,商品房:成交面积:深圳（2020年7月15日）,万平方米,1.17
423,广东省,,,2022,商品房:成交面积:深圳（2022年3月13日）,万平方米,1.18
699,上海市,,,2022,商品房:成交面积:上海（2021年4月3日）,万平方米,1.18
1521,广东省,,,2022,商品房:成交面积:广州（2021年9月3日）,万平方米,1.18
1562,广东省,,,2022,商品房:成交面积:深圳（2021年11月15日）,万平方米,1.18
1570,广东省,,,2022,商品房:成交面积:深圳（2021年11月22日）,万平方米,1.18
1571,广东省,,,2022,商品房:成交面积:深圳（2021年11月23日）,万平方米,1.18
1573,广东省,,,2022,商品房:成交面积:深圳（2021年11月25日）,万平方米,1.18
1802,广东省,,,2022,商品房:成交面积:深圳（2021年7月7日）,万平方米,1.18
1656,广东省,,,2022,商品房:成交面积:深圳（2021年2月28日）,万平方米,1.19
1695,广东省,,,2022,商品房:成交面积:深圳（2021年4月11日）,万平方米,1.19
2687,广东省,,,2022,商品房:成交面积:深圳（2020年12月6日）,万平方米,1.19
2699,广东省,,,2022,商品房:成交面积:深圳（2020年5月18日）,万平方米,1.19
2774,广东省,,,2022,商品房:成交面积:深圳（2020年7月7日）,万平方米,1.19
131,北京市,,,2022,商品房:成交面积:北京（2022年1月16日）,万平方米,1.2
133,北京市,,,2022,商品房:成交面积:北京（2022年1月18日）,万平方米,1.2
148,北京市,,,2022,商品房:成交面积:北京（2022年1月6日）,万平方米,1.2
191,北京市,,,2022,商品房:成交面积:北京（2022年3月8日）,万平方米,1.2
193,北京市,,,2022,商品房:成交面积:北京（2022年4月10日）,万平方米,1.2
240,北京市,,,2022,商品房:成交面积:北京（2022年6月4日）,万平方米,1.2
254,广东省,,,2022,商品房:成交面积:广州（2022年1月1日）,万平方米,1.2
378,广东省,,,2022,商品房:成交面积:深圳（2022年1月13日）,万平方米,1.2
477,广东省,,,2022,商品房:成交面积:深圳（2022年5月2日）,万平方米,1.2
821,北京市,,,2022,商品房:成交面积:北京（2021年10月13日）,万平方米,1.2
850,北京市,,,2022,商品房:成交面积:北京（2021年11月11日）,万平方米,1.2
858,北京市,,,2022,商品房:成交面积:北京（2021年11月19日）,万平方米,1.2
893,北京市,,,2022,商品房:成交面积:北京（2021年12月23日）,万平方米,1.2
923,北京市,,,2022,商品房:成交面积:北京（2021年1月25日）,万平方米,1.2
1012,北京市,,,2022,商品房:成交面积:北京（2021年4月30日）,万平方米,1.2
1114,北京市,,,2022,商品房:成交面积:北京（2021年8月13日）,万平方米,1.2
1146,北京市,,,2022,商品房:成交面积:北京（2021年9月17日）,万平方米,1.2
1154,北京市,,,2022,商品房:成交面积:北京（2021年9月24日）,万平方米,1.2
1457,广东省,,,2022,商品房:成交面积:广州（2021年7月2日）,万平方米,1.2
1587,广东省,,,2022,商品房:成交面积:深圳（2021年12月10日）,万平方米,1.2
1861,广东省,,,2022,商品房:成交面积:深圳（2021年9月5日）,万平方米,1.2
2151,北京市,,,2022,商品房:成交面积:北京（2020年10月6日）,万平方米,1.2
44,上海市,,,2022,商品房:成交面积:上海（2022年2月4日）,万平方米,1.21
2641,广东省,,,2022,商品房:成交面积:深圳（2020年11月17日）,万平方米,1.21
2653,广东省,,,2022,商品房:成交面积:深圳（2020年11月28日）,万平方米,1.21
31,上海市,,,2022,商品房:成交面积:上海（2022年2月13日）,万平方米,1.22
389,广东省,,,2022,商品房:成交面积:深圳（2022年1月24日）,万平方米,1.22
1674,广东省,,,2022,商品房:成交面积:深圳（2021年3月20日）,万平方米,1.22
1728,广东省,,,2022,商品房:成交面积:深圳（2021年5月16日）,万平方米,1.22
2634,广东省,,,2022,商品房:成交面积:深圳（2020年11月10日）,万平方米,1.22
2751,广东省,,,2022,商品房:成交面积:深圳（2020年7月14日）,万平方米,1.22
413,广东省,,,2022,商品房:成交面积:深圳（2022年2月3日）,万平方米,1.23
478,广东省,,,2022,商品房:成交面积:深圳（2022年5月3日）,万平方米,1.23
1762,广东省,,,2022,商品房:成交面积:深圳（2021年6月1日）,万平方米,1.23
1766,广东省,,,2022,商品房:成交面积:深圳（2021年6月23日）,万平方米,1.23
1788,广东省,,,2022,商品房:成交面积:深圳（2021年7月1日）,万平方米,1.23
1860,广东省,,,2022,商品房:成交面积:深圳（2021年9月4日）,万平方米,1.23
2688,广东省,,,2022,商品房:成交面积:深圳（2020年12月7日）,万平方米,1.23
1618,广东省,,,2022,商品房:成交面积:深圳（2021年1月10日）,万平方米,1.24
1655,广东省,,,2022,商品房:成交面积:深圳（2021年2月26日）,万平方米,1.24
1850,广东省,,,2022,商品房:成交面积:深圳（2021年9月23日）,万平方米,1.24
2837,广东省,,,2022,商品房:成交面积:深圳（2020年9月9日）,万平方米,1.24
437,广东省,,,2022,商品房:成交面积:深圳（2022年3月2日）,万平方米,1.25
2673,广东省,,,2022,商品房:成交面积:深圳（2020年12月22日）,万平方米,1.25
387,广东省,,,2022,商品房:成交面积:深圳（2022年1月22日）,万平方米,1.26
397,广东省,,,2022,商品房:成交面积:深圳（2022年1月6日）,万平方米,1.26
412,广东省,,,2022,商品房:成交面积:深圳（2022年2月2日）,万平方米,1.26
483,广东省,,,2022,商品房:成交面积:深圳（2022年5月8日）,万平方米,1.26
1575,广东省,,,2022,商品房:成交面积:深圳（2021年11月27日）,万平方米,1.26
1835,广东省,,,2022,商品房:成交面积:深圳（2021年8月9日）,万平方米,1.26
1846,广东省,,,2022,商品房:成交面积:深圳（2021年9月1日）,万平方米,1.26
1862,广东省,,,2022,商品房:成交面积:深圳（2021年9月6日）,万平方米,1.26
2791,广东省,,,2022,商品房:成交面积:深圳（2020年8月23日）,万平方米,1.26
38,上海市,,,2022,商品房:成交面积:上海（2022年2月25日）,万平方米,1.27
346,广东省,,,2022,商品房:成交面积:广州（2022年4月30日）,万平方米,1.27
1808,广东省,,,2022,商品房:成交面积:深圳（2021年8月13日）,万平方米,1.27
2778,广东省,,,2022,商品房:成交面积:深圳（2020年8月11日）,万平方米,1.27
2781,广东省,,,2022,商品房:成交面积:深圳（2020年8月14日）,万平方米,1.27
2833,广东省,,,2022,商品房:成交面积:深圳（2020年9月5日）,万平方米,1.27
36,上海市,,,2022,商品房:成交面积:上海（2022年2月23日）,万平方米,1.28
1221,广东省,,,2022,商品房:成交面积:广州（2021年11月2日）,万平方米,1.28
1408,广东省,,,2022,商品房:成交面积:广州（2021年6月12日）,万平方米,1.28
1764,广东省,,,2022,商品房:成交面积:深圳（2021年6月21日）,万平方米,1.28
1272,广东省,,,2022,商品房:成交面积:广州（2021年1月25日）,万平方米,1.29
1584,广东省,,,2022,商品房:成交面积:深圳（2021年11月7日）,万平方米,1.29
1770,广东省,,,2022,商品房:成交面积:深圳（2021年6月27日）,万平方米,1.29
1780,广东省,,,2022,商品房:成交面积:深圳（2021年6月8日）,万平方米,1.29
2761,广东省,,,2022,商品房:成交面积:深圳（2020年7月23日）,万平方米,1.29
2773,广东省,,,2022,商品房:成交面积:深圳（2020年7月6日）,万平方米,1.29
132,北京市,,,2022,商品房:成交面积:北京（2022年1月17日）,万平方米,1.3
200,北京市,,,2022,商品房:成交面积:北京（2022年4月17日）,万平方米,1.3
203,北京市,,,2022,商品房:成交面积:北京（2022年4月1日）,万平方米,1.3
214,北京市,,,2022,商品房:成交面积:北京（2022年4月2日）,万平方米,1.3
242,北京市,,,2022,商品房:成交面积:北京（2022年6月7日）,万平方米,1.3
300,广东省,,,2022,商品房:成交面积:广州（2022年3月11日）,万平方米,1.3
391,广东省,,,2022,商品房:成交面积:深圳（2022年1月26日）,万平方米,1.3
847,北京市,,,2022,商品房:成交面积:北京（2021年10月8日）,万平方米,1.3
982,北京市,,,2022,商品房:成交面积:北京（2021年3月31日）,万平方米,1.3
1080,北京市,,,2022,商品房:成交面积:北京（2021年7月10日）,万平方米,1.3
1082,北京市,,,2022,商品房:成交面积:北京（2021年7月12日）,万平方米,1.3
1086,北京市,,,2022,商品房:成交面积:北京（2021年7月16日）,万平方米,1.3
1112,北京市,,,2022,商品房:成交面积:北京（2021年8月11日）,万平方米,1.3
1128,北京市,,,2022,商品房:成交面积:北京（2021年8月26日）,万平方米,1.3
1485,广东省,,,2022,商品房:成交面积:广州（2021年8月27日）,万平方米,1.3
1556,广东省,,,2022,商品房:成交面积:深圳（2021年10月9日）,万平方米,1.3
2149,北京市,,,2022,商品房:成交面积:北京（2020年10月4日）,万平方米,1.3
2150,北京市,,,2022,商品房:成交面积:北京（2020年10月5日）,万平方米,1.3
2152,北京市,,,2022,商品房:成交面积:北京（2020年10月7日）,万平方米,1.3
2626,广东省,,,2022,商品房:成交面积:深圳（2020年10月31日）,万平方米,1.3
272,广东省,,,2022,商品房:成交面积:广州（2022年2月11日）,万平方米,1.31
393,广东省,,,2022,商品房:成交面积:深圳（2022年1月2日）,万平方米,1.31
398,广东省,,,2022,商品房:成交面积:深圳（2022年1月7日）,万平方米,1.31
424,广东省,,,2022,商品房:成交面积:深圳（2022年3月14日）,万平方米,1.31
1442,广东省,,,2022,商品房:成交面积:广州（2021年7月16日）,万平方米,1.31
1579,广东省,,,2022,商品房:成交面积:深圳（2021年11月30日）,万平方米,1.31
1864,广东省,,,2022,商品房:成交面积:深圳（2021年9月8日）,万平方米,1.31
2619,广东省,,,2022,商品房:成交面积:深圳（2020年10月25日）,万平方米,1.31
2620,广东省,,,2022,商品房:成交面积:深圳（2020年10月26日）,万平方米,1.31
2678,广东省,,,2022,商品房:成交面积:深圳（2020年12月27日）,万平方米,1.31
2692,广东省,,,2022,商品房:成交面积:深圳（2020年5月11日）,万平方米,1.31
2706,广东省,,,2022,商品房:成交面积:深圳（2020年5月24日）,万平方米,1.31
2721,广东省,,,2022,商品房:成交面积:深圳（2020年5月9日）,万平方米,1.31
481,广东省,,,2022,商品房:成交面积:深圳（2022年5月6日）,万平方米,1.32
1453,广东省,,,2022,商品房:成交面积:广州（2021年7月26日）,万平方米,1.32
1498,广东省,,,2022,商品房:成交面积:广州（2021年9月10日）,万平方米,1.32
1583,广东省,,,2022,商品房:成交面积:深圳（2021年11月6日）,万平方米,1.32
1601,广东省,,,2022,商品房:成交面积:深圳（2021年12月23日）,万平方米,1.32
1800,广东省,,,2022,商品房:成交面积:深圳（2021年7月5日）,万平方米,1.32
1805,广东省,,,2022,商品房:成交面积:深圳（2021年8月10日）,万平方米,1.32
2707,广东省,,,2022,商品房:成交面积:深圳（2020年5月25日）,万平方米,1.32
2750,广东省,,,2022,商品房:成交面积:深圳（2020年7月13日）,万平方米,1.32
316,广东省,,,2022,商品房:成交面积:广州（2022年3月2日）,万平方米,1.33
1202,广东省,,,2022,商品房:成交面积:广州（2021年11月12日）,万平方米,1.33
1494,广东省,,,2022,商品房:成交面积:广州（2021年8月6日）,万平方米,1.33
1594,广东省,,,2022,商品房:成交面积:深圳（2021年12月17日）,万平方米,1.33
1777,广东省,,,2022,商品房:成交面积:深圳（2021年6月5日）,万平方米,1.33
1844,广东省,,,2022,商品房:成交面积:深圳（2021年9月18日）,万平方米,1.33
2643,广东省,,,2022,商品房:成交面积:深圳（2020年11月19日）,万平方米,1.33
2819,广东省,,,2022,商品房:成交面积:深圳（2020年9月20日）,万平方米,1.33
1534,广东省,,,2022,商品房:成交面积:深圳（2021年10月16日）,万平方米,1.34
1703,广东省,,,2022,商品房:成交面积:深圳（2021年4月19日）,万平方米,1.34
1713,广东省,,,2022,商品房:成交面积:深圳（2021年4月28日）,万平方米,1.34
1751,广东省,,,2022,商品房:成交面积:深圳（2021年5月8日）,万平方米,1.34
1775,广东省,,,2022,商品房:成交面积:深圳（2021年6月3日）,万平方米,1.34
466,广东省,,,2022,商品房:成交面积:深圳（2022年4月2日）,万平方米,1.35
482,广东省,,,2022,商品房:成交面积:深圳（2022年5月7日）,万平方米,1.35
2698,广东省,,,2022,商品房:成交面积:深圳（2020年5月17日）,万平方米,1.35
2709,广东省,,,2022,商品房:成交面积:深圳（2020年5月27日）,万平方米,1.35
352,广东省,,,2022,商品房:成交面积:广州（2022年4月8日）,万平方米,1.36
484,广东省,,,2022,商品房:成交面积:深圳（2022年5月9日）,万平方米,1.36
1209,广东省,,,2022,商品房:成交面积:广州（2021年11月19日）,万平方米,1.36
1543,广东省,,,2022,商品房:成交面积:深圳（2021年10月24日）,万平方米,1.36
2825,广东省,,,2022,商品房:成交面积:深圳（2020年9月26日）,万平方米,1.36
25,上海市,,,2022,商品房:成交面积:上海（2022年1月7日）,万平方米,1.37
37,上海市,,,2022,商品房:成交面积:上海（2022年2月24日）,万平方米,1.37
1505,广东省,,,2022,商品房:成交面积:广州（2021年9月17日）,万平方米,1.37
1593,广东省,,,2022,商品房:成交面积:深圳（2021年12月16日）,万平方米,1.37
1785,广东省,,,2022,商品房:成交面积:深圳（2021年7月14日）,万平方米,1.37
1838,广东省,,,2022,商品房:成交面积:深圳（2021年9月12日）,万平方米,1.37
2672,广东省,,,2022,商品房:成交面积:深圳（2020年12月21日）,万平方米,1.37
263,广东省,,,2022,商品房:成交面积:广州（2022年1月2日）,万平方米,1.38
2762,广东省,,,2022,商品房:成交面积:深圳（2020年7月24日）,万平方米,1.38
430,广东省,,,2022,商品房:成交面积:深圳（2022年3月1日）,万平方米,1.39
1557,广东省,,,2022,商品房:成交面积:深圳（2021年11月10日）,万平方米,1.39
1563,广东省,,,2022,商品房:成交面积:深圳（2021年11月16日）,万平方米,1.39
1705,广东省,,,2022,商品房:成交面积:深圳（2021年4月20日）,万平方米,1.39
1760,广东省,,,2022,商品房:成交面积:深圳（2021年6月18日）,万平方米,1.39
1786,广东省,,,2022,商品房:成交面积:深圳（2021年7月15日）,万平方米,1.39
1855,广东省,,,2022,商品房:成交面积:深圳（2021年9月28日）,万平方米,1.39
2784,广东省,,,2022,商品房:成交面积:深圳（2020年8月17日）,万平方米,1.39
69,上海市,,,2022,商品房:成交面积:上海（2022年3月4日）,万平方米,1.4
130,北京市,,,2022,商品房:成交面积:北京（2022年1月15日）,万平方米,1.4
134,北京市,,,2022,商品房:成交面积:北京（2022年1月19日）,万平方米,1.4
149,北京市,,,2022,商品房:成交面积:北京（2022年1月7日）,万平方米,1.4
151,北京市,,,2022,商品房:成交面积:北京（2022年1月9日）,万平方米,1.4
171,北京市,,,2022,商品房:成交面积:北京（2022年3月13日）,万平方米,1.4
176,北京市,,,2022,商品房:成交面积:北京（2022年3月18日）,万平方米,1.4
226,北京市,,,2022,商品房:成交面积:北京（2022年5月13日）,万平方米,1.4
390,广东省,,,2022,商品房:成交面积:深圳（2022年1月25日）,万平方米,1.4
442,广东省,,,2022,商品房:成交面积:深圳（2022年3月7日）,万平方米,1.4
475,广东省,,,2022,商品房:成交面积:深圳（2022年5月10日）,万平方米,1.4
865,北京市,,,2022,商品房:成交面积:北京（2021年11月25日）,万平方米,1.4
953,北京市,,,2022,商品房:成交面积:北京（2021年2月4日）,万平方米,1.4
1014,北京市,,,2022,商品房:成交面积:北京（2021年4月4日）,万平方米,1.4
1015,北京市,,,2022,商品房:成交面积:北京（2021年4月5日）,万平方米,1.4
1018,北京市,,,2022,商品房:成交面积:北京（2021年4月8日）,万平方米,1.4
1021,北京市,,,2022,商品房:成交面积:北京（2021年5月11日）,万平方米,1.4
1057,北京市,,,2022,商品房:成交面积:北京（2021年6月16日）,万平方米,1.4
1083,北京市,,,2022,商品房:成交面积:北京（2021年7月13日）,万平方米,1.4
1092,北京市,,,2022,商品房:成交面积:北京（2021年7月21日）,万平方米,1.4
1138,北京市,,,2022,商品房:成交面积:北京（2021年8月9日）,万平方米,1.4
1141,北京市,,,2022,商品房:成交面积:北京（2021年9月12日）,万平方米,1.4
1449,广东省,,,2022,商品房:成交面积:广州（2021年7月22日）,万平方米,1.4
1773,广东省,,,2022,商品房:成交面积:深圳（2021年6月2日）,万平方米,1.4
1784,广东省,,,2022,商品房:成交面积:深圳（2021年7月13日）,万平方米,1.4
1829,广东省,,,2022,商品房:成交面积:深圳（2021年8月3日）,万平方米,1.4
2622,广东省,,,2022,商品房:成交面积:深圳（2020年10月28日）,万平方米,1.4
1409,广东省,,,2022,商品房:成交面积:广州（2021年6月13日）,万平方米,1.41
1454,广东省,,,2022,商品房:成交面积:广州（2021年7月27日）,万平方米,1.41
1550,广东省,,,2022,商品房:成交面积:深圳（2021年10月30日）,万平方米,1.41
2674,广东省,,,2022,商品房:成交面积:深圳（2020年12月23日）,万平方米,1.41
2694,广东省,,,2022,商品房:成交面积:深圳（2020年5月13日）,万平方米,1.41
251,广东省,,,2022,商品房:成交面积:广州（2022年1月17日）,万平方米,1.42
321,广东省,,,2022,商品房:成交面积:广州（2022年3月7日）,万平方米,1.42
329,广东省,,,2022,商品房:成交面积:广州（2022年4月15日）,万平方米,1.42
1537,广东省,,,2022,商品房:成交面积:深圳（2021年10月19日）,万平方米,1.42
1544,广东省,,,2022,商品房:成交面积:深圳（2021年10月25日）,万平方米,1.42
1585,广东省,,,2022,商品房:成交面积:深圳（2021年11月8日）,万平方米,1.42
1815,广东省,,,2022,商品房:成交面积:深圳（2021年8月1日）,万平方米,1.42
1857,广东省,,,2022,商品房:成交面积:深圳（2021年9月2日）,万平方米,1.42
2651,广东省,,,2022,商品房:成交面积:深圳（2020年11月26日）,万平方米,1.42
1710,广东省,,,2022,商品房:成交面积:深圳（2021年4月25日）,万平方米,1.43
2691,广东省,,,2022,商品房:成交面积:深圳（2020年5月10日）,万平方米,1.43
2737,广东省,,,2022,商品房:成交面积:深圳（2020年6月24日）,万平方米,1.43
434,广东省,,,2022,商品房:成交面积:深圳（2022年3月23日）,万平方米,1.44
1561,广东省,,,2022,商品房:成交面积:深圳（2021年11月14日）,万平方米,1.44
1591,广东省,,,2022,商品房:成交面积:深圳（2021年12月14日）,万平方米,1.44
1609,广东省,,,2022,商品房:成交面积:深圳（2021年12月30日）,万平方米,1.44
1586,广东省,,,2022,商品房:成交面积:深圳（2021年11月9日）,万平方米,1.45
2799,广东省,,,2022,商品房:成交面积:深圳（2020年8月30日）,万平方米,1.45
1545,广东省,,,2022,商品房:成交面积:深圳（2021年10月26日）,万平方米,1.46
1576,广东省,,,2022,商品房:成交面积:深圳（2021年11月28日）,万平方米,1.46
1577,广东省,,,2022,商品房:成交面积:深圳（2021年11月29日）,万平方米,1.46
1686,广东省,,,2022,商品房:成交面积:深圳（2021年3月31日）,万平方米,1.46
1765,广东省,,,2022,商品房:成交面积:深圳（2021年6月22日）,万平方米,1.46
286,广东省,,,2022,商品房:成交面积:广州（2022年2月24日）,万平方米,1.47
1546,广东省,,,2022,商品房:成交面积:深圳（2021年10月27日）,万平方米,1.47
1724,广东省,,,2022,商品房:成交面积:深圳（2021年5月10日）,万平方米,1.47
2745,广东省,,,2022,商品房:成交面积:深圳（2020年6月8日）,万平方米,1.47
2806,广东省,,,2022,商品房:成交面积:深圳（2020年8月8日）,万平方米,1.47
2829,广东省,,,2022,商品房:成交面积:深圳（2020年9月2日）,万平方米,1.47
287,广东省,,,2022,商品房:成交面积:广州（2022年2月25日）,万平方米,1.48
1478,广东省,,,2022,商品房:成交面积:广州（2021年8月20日）,万平方米,1.48
1559,广东省,,,2022,商品房:成交面积:深圳（2021年11月12日）,万平方米,1.48
1732,广东省,,,2022,商品房:成交面积:深圳（2021年5月1日）,万平方米,1.48
1753,广东省,,,2022,商品房:成交面积:深圳（2021年6月11日）,万平方米,1.48
1852,广东省,,,2022,商品房:成交面积:深圳（2021年9月25日）,万平方米,1.48
2621,广东省,,,2022,商品房:成交面积:深圳（2020年10月27日）,万平方米,1.48
2783,广东省,,,2022,商品房:成交面积:深圳（2020年8月16日）,万平方米,1.48
2807,广东省,,,2022,商品房:成交面积:深圳（2020年8月9日）,万平方米,1.48
2665,广东省,,,2022,商品房:成交面积:深圳（2020年12月15日）,万平方米,1.49
147,北京市,,,2022,商品房:成交面积:北京（2022年1月5日）,万平方米,1.5
230,北京市,,,2022,商品房:成交面积:北京（2022年5月4日）,万平方米,1.5
322,广东省,,,2022,商品房:成交面积:广州（2022年3月8日）,万平方米,1.5
952,北京市,,,2022,商品房:成交面积:北京（2021年2月3日）,万平方米,1.5
955,北京市,,,2022,商品房:成交面积:北京（2021年2月6日）,万平方米,1.5
1025,北京市,,,2022,商品房:成交面积:北京（2021年5月15日）,万平方米,1.5
1026,北京市,,,2022,商品房:成交面积:北京（2021年5月16日）,万平方米,1.5
1047,北京市,,,2022,商品房:成交面积:北京（2021年5月6日）,万平方米,1.5
1048,北京市,,,2022,商品房:成交面积:北京（2021年5月7日）,万平方米,1.5
1122,北京市,,,2022,商品房:成交面积:北京（2021年8月20日）,万平方米,1.5
1131,北京市,,,2022,商品房:成交面积:北京（2021年8月2日）,万平方米,1.5
1137,北京市,,,2022,商品房:成交面积:北京（2021年8月8日）,万平方米,1.5
1164,北京市,,,2022,商品房:成交面积:北京（2021年9月5日）,万平方米,1.5
1581,广东省,,,2022,商品房:成交面积:深圳（2021年11月4日）,万平方米,1.5
1745,广东省,,,2022,商品房:成交面积:深圳（2021年5月31日）,万平方米,1.5
1752,广东省,,,2022,商品房:成交面积:深圳（2021年5月9日）,万平方米,1.5
2235,北京市,,,2022,商品房:成交面积:北京（2020年5月2日）,万平方米,1.5
2820,广东省,,,2022,商品房:成交面积:深圳（2020年9月21日）,万平方米,1.5
29,上海市,,,2022,商品房:成交面积:上海（2022年2月11日）,万平方米,1.51
479,广东省,,,2022,商品房:成交面积:深圳（2022年5月4日）,万平方米,1.51
1430,广东省,,,2022,商品房:成交面积:广州（2021年6月4日）,万平方米,1.51
1532,广东省,,,2022,商品房:成交面积:深圳（2021年10月14日）,万平方米,1.51
1539,广东省,,,2022,商品房:成交面积:深圳（2021年10月20日）,万平方米,1.51
1711,广东省,,,2022,商品房:成交面积:深圳（2021年4月26日）,万平方米,1.51
1828,广东省,,,2022,商品房:成交面积:深圳（2021年8月31日）,万平方米,1.51
13,上海市,,,2022,商品房:成交面积:上海（2022年1月21日）,万平方米,1.52
382,广东省,,,2022,商品房:成交面积:深圳（2022年1月17日）,万平方米,1.52
1436,广东省,,,2022,商品房:成交面积:广州（2021年7月10日）,万平方米,1.52
1854,广东省,,,2022,商品房:成交面积:深圳（2021年9月27日）,万平方米,1.52
2638,广东省,,,2022,商品房:成交面积:深圳（2020年11月14日）,万平方米,1.52
2702,广东省,,,2022,商品房:成交面积:深圳（2020年5月20日）,万平方米,1.52
2749,广东省,,,2022,商品房:成交面积:深圳（2020年7月12日）,万平方米,1.52
1572,广东省,,,2022,商品房:成交面积:深圳（2021年11月24日）,万平方米,1.53
1597,广东省,,,2022,商品房:成交面积:深圳（2021年12月1日）,万平方米,1.53
1600,广东省,,,2022,商品房:成交面积:深圳（2021年12月22日）,万平方米,1.53
1793,广东省,,,2022,商品房:成交面积:深圳（2021年7月28日）,万平方米,1.53
246,广东省,,,2022,商品房:成交面积:广州（2022年1月12日）,万平方米,1.54
433,广东省,,,2022,商品房:成交面积:深圳（2022年3月22日）,万平方米,1.54
1801,广东省,,,2022,商品房:成交面积:深圳（2021年7月6日）,万平方米,1.54
1589,广东省,,,2022,商品房:成交面积:深圳（2021年12月12日）,万平方米,1.55
1592,广东省,,,2022,商品房:成交面积:深圳（2021年12月15日）,万平方米,1.55
1758,广东省,,,2022,商品房:成交面积:深圳（2021年6月16日）,万平方米,1.55
1853,广东省,,,2022,商品房:成交面积:深圳（2021年9月26日）,万平方米,1.55
85,上海市,,,2022,商品房:成交面积:上海（2022年4月1日）,万平方米,1.56
1228,广东省,,,2022,商品房:成交面积:广州（2021年11月8日）,万平方米,1.56
1473,广东省,,,2022,商品房:成交面积:广州（2021年8月16日）,万平方米,1.56
1509,广东省,,,2022,商品房:成交面积:广州（2021年9月20日）,万平方米,1.56
1754,广东省,,,2022,商品房:成交面积:深圳（2021年6月12日）,万平方米,1.56
1756,广东省,,,2022,商品房:成交面积:深圳（2021年6月14日）,万平方米,1.56
2725,广东省,,,2022,商品房:成交面积:深圳（2020年6月13日）,万平方米,1.56
2732,广东省,,,2022,商品房:成交面积:深圳（2020年6月1日）,万平方米,1.56
108,上海市,,,2022,商品房:成交面积:上海（2022年5月13日）,万平方米,1.57
1438,广东省,,,2022,商品房:成交面积:广州（2021年7月12日）,万平方米,1.57
1471,广东省,,,2022,商品房:成交面积:广州（2021年8月14日）,万平方米,1.57
1472,广东省,,,2022,商品房:成交面积:广州（2021年8月15日）,万平方米,1.57
1488,广东省,,,2022,商品房:成交面积:广州（2021年8月2日）,万平方米,1.57
1696,广东省,,,2022,商品房:成交面积:深圳（2021年4月12日）,万平方米,1.57
2654,广东省,,,2022,商品房:成交面积:深圳（2020年11月29日）,万平方米,1.57
270,广东省,,,2022,商品房:成交面积:广州（2022年1月9日）,万平方米,1.58
337,广东省,,,2022,商品房:成交面积:广州（2022年4月22日）,万平方米,1.58
485,广东省,,,2022,商品房:成交面积:深圳（2022年6月10日）,万平方米,1.58
1385,广东省,,,2022,商品房:成交面积:广州（2021年5月1日）,万平方米,1.58
1535,广东省,,,2022,商品房:成交面积:深圳（2021年10月17日）,万平方米,1.58
338,广东省,,,2022,商品房:成交面积:广州（2022年4月23日）,万平方米,1.59
381,广东省,,,2022,商品房:成交面积:深圳（2022年1月16日）,万平方米,1.59
1380,广东省,,,2022,商品房:成交面积:广州（2021年5月15日）,万平方米,1.59
2642,广东省,,,2022,商品房:成交面积:深圳（2020年11月18日）,万平方米,1.59
126,北京市,,,2022,商品房:成交面积:北京（2022年1月10日）,万平方米,1.6
139,北京市,,,2022,商品房:成交面积:北京（2022年1月23日）,万平方米,1.6
141,北京市,,,2022,商品房:成交面积:北京（2022年1月25日）,万平方米,1.6
189,北京市,,,2022,商品房:成交面积:北京（2022年3月6日）,万平方米,1.6
206,北京市,,,2022,商品房:成交面积:北京（2022年4月22日）,万平方米,1.6
223,北京市,,,2022,商品房:成交面积:北京（2022年5月10日）,万平方米,1.6
359,广东省,,,2022,商品房:成交面积:广州（2022年5月2日）,万平方米,1.6
820,北京市,,,2022,商品房:成交面积:北京（2021年10月12日）,万平方米,1.6
826,北京市,,,2022,商品房:成交面积:北京（2021年10月18日）,万平方米,1.6
832,北京市,,,2022,商品房:成交面积:北京（2021年10月23日）,万平方米,1.6
1056,北京市,,,2022,商品房:成交面积:北京（2021年6月15日）,万平方米,1.6
1119,北京市,,,2022,商品房:成交面积:北京（2021年8月18日）,万平方米,1.6
1167,北京市,,,2022,商品房:成交面积:北京（2021年9月8日）,万平方米,1.6
1226,广东省,,,2022,商品房:成交面积:广州（2021年11月6日）,万平方米,1.6
2148,北京市,,,2022,商品房:成交面积:北京（2020年10月3日）,万平方米,1.6
2681,广东省,,,2022,商品房:成交面积:深圳（2020年12月2日）,万平方米,1.6
2717,广东省,,,2022,商品房:成交面积:深圳（2020年5月5日）,万平方米,1.6
1528,广东省,,,2022,商品房:成交面积:深圳（2021年10月10日）,万平方米,1.61
2821,广东省,,,2022,商品房:成交面积:深圳（2020年9月22日）,万平方米,1.61
1223,广东省,,,2022,商品房:成交面积:广州（2021年11月3日）,万平方米,1.62
1501,广东省,,,2022,商品房:成交面积:广州（2021年9月13日）,万平方米,1.62
1632,广东省,,,2022,商品房:成交面积:深圳（2021年1月2日）,万平方米,1.62
1778,广东省,,,2022,商品房:成交面积:深圳（2021年6月6日）,万平方米,1.62
273,广东省,,,2022,商品房:成交面积:广州（2022年2月12日）,万平方米,1.63
1508,广东省,,,2022,商品房:成交面积:广州（2021年9月1日）,万平方米,1.63
1533,广东省,,,2022,商品房:成交面积:深圳（2021年10月15日）,万平方米,1.63
1839,广东省,,,2022,商品房:成交面积:深圳（2021年9月13日）,万平方米,1.63
2741,广东省,,,2022,商品房:成交面积:深圳（2020年6月30日）,万平方米,1.63
448,广东省,,,2022,商品房:成交面积:深圳（2022年4月13日）,万平方米,1.64
2647,广东省,,,2022,商品房:成交面积:深圳（2020年11月22日）,万平方米,1.64
2759,广东省,,,2022,商品房:成交面积:深圳（2020年7月21日）,万平方米,1.64
50,上海市,,,2022,商品房:成交面积:上海（2022年3月10日）,万平方米,1.65
264,广东省,,,2022,商品房:成交面积:广州（2022年1月3日）,万平方米,1.65
383,广东省,,,2022,商品房:成交面积:深圳（2022年1月18日）,万平方米,1.65
775,上海市,,,2022,商品房:成交面积:上海（2021年8月26日）,万平方米,1.65
1309,广东省,,,2022,商品房:成交面积:广州（2021年2月5日）,万平方米,1.65
1407,广东省,,,2022,商品房:成交面积:广州（2021年6月11日）,万平方米,1.65
1467,广东省,,,2022,商品房:成交面积:广州（2021年8月10日）,万平方米,1.65
1567,广东省,,,2022,商品房:成交面积:深圳（2021年11月1日）,万平方米,1.65
2743,广东省,,,2022,商品房:成交面积:深圳（2020年6月6日）,万平方米,1.65
2755,广东省,,,2022,商品房:成交面积:深圳（2020年7月18日）,万平方米,1.65
357,广东省,,,2022,商品房:成交面积:广州（2022年5月13日）,万平方米,1.66
1500,广东省,,,2022,商品房:成交面积:广州（2021年9月12日）,万平方米,1.66
1613,广东省,,,2022,商品房:成交面积:深圳（2021年12月5日）,万平方米,1.66
1826,广东省,,,2022,商品房:成交面积:深圳（2021年8月2日）,万平方米,1.66
2771,广东省,,,2022,商品房:成交面积:深圳（2020年7月4日）,万平方米,1.66
367,广东省,,,2022,商品房:成交面积:广州（2022年6月10日）,万平方米,1.67
1755,广东省,,,2022,商品房:成交面积:深圳（2021年6月13日）,万平方米,1.67
1763,广东省,,,2022,商品房:成交面积:深圳（2021年6月20日）,万平方米,1.67
2758,广东省,,,2022,商品房:成交面积:深圳（2020年7月20日）,万平方米,1.67
58,上海市,,,2022,商品房:成交面积:上海（2022年3月18日）,万平方米,1.68
309,广东省,,,2022,商品房:成交面积:广州（2022年3月1日）,万平方米,1.68
1416,广东省,,,2022,商品房:成交面积:广州（2021年6月1日）,万平方米,1.68
1863,广东省,,,2022,商品房:成交面积:深圳（2021年9月7日）,万平方米,1.68
2705,广东省,,,2022,商品房:成交面积:深圳（2020年5月23日）,万平方米,1.68
404,广东省,,,2022,商品房:成交面积:深圳（2022年2月1日）,万平方米,1.69
1207,广东省,,,2022,商品房:成交面积:广州（2021年11月17日）,万平方米,1.69
2830,广东省,,,2022,商品房:成交面积:深圳（2020年9月30日）,万平方米,1.69
201,北京市,,,2022,商品房:成交面积:北京（2022年4月18日）,万平方米,1.7
252,广东省,,,2022,商品房:成交面积:广州（2022年1月18日）,万平方米,1.7
1075,北京市,,,2022,商品房:成交面积:北京（2021年6月4日）,万平方米,1.7
1091,北京市,,,2022,商品房:成交面积:北京（2021年7月20日）,万平方米,1.7
1105,北京市,,,2022,商品房:成交面积:北京（2021年7月4日）,万平方米,1.7
1140,北京市,,,2022,商品房:成交面积:北京（2021年9月11日）,万平方米,1.7
1519,广东省,,,2022,商品房:成交面积:广州（2021年9月2日）,万平方米,1.7
1749,广东省,,,2022,商品房:成交面积:深圳（2021年5月6日）,万平方米,1.7
1841,广东省,,,2022,商品房:成交面积:深圳（2021年9月15日）,万平方米,1.7
2664,广东省,,,2022,商品房:成交面积:深圳（2020年12月14日）,万平方米,1.7
2742,广东省,,,2022,商品房:成交面积:深圳（2020年6月5日）,万平方米,1.7
396,广东省,,,2022,商品房:成交面积:深圳（2022年1月5日）,万平方米,1.71
455,广东省,,,2022,商品房:成交面积:深圳（2022年4月1日）,万平方米,1.71
1179,广东省,,,2022,商品房:成交面积:广州（2021年10月1日）,万平方米,1.71
1277,广东省,,,2022,商品房:成交面积:广州（2021年1月2日）,万平方米,1.71
1394,广东省,,,2022,商品房:成交面积:广州（2021年5月28日）,万平方米,1.71
2628,广东省,,,2022,商品房:成交面积:深圳（2020年10月4日）,万平方米,1.71
2713,广东省,,,2022,商品房:成交面积:深圳（2020年5月30日）,万平方米,1.71
2748,广东省,,,2022,商品房:成交面积:深圳（2020年7月11日）,万平方米,1.71
51,上海市,,,2022,商品房:成交面积:上海（2022年3月11日）,万平方米,1.72
1531,广东省,,,2022,商品房:成交面积:深圳（2021年10月13日）,万平方米,1.72
1781,广东省,,,2022,商品房:成交面积:深圳（2021年6月9日）,万平方米,1.72
248,广东省,,,2022,商品房:成交面积:广州（2022年1月14日）,万平方米,1.73
1506,广东省,,,2022,商品房:成交面积:广州（2021年9月18日）,万平方米,1.73
2648,广东省,,,2022,商品房:成交面积:深圳（2020年11月23日）,万平方米,1.73
2714,广东省,,,2022,商品房:成交面积:深圳（2020年5月31日）,万平方米,1.73
30,上海市,,,2022,商品房:成交面积:上海（2022年2月12日）,万平方米,1.74
1410,广东省,,,2022,商品房:成交面积:广州（2021年6月14日）,万平方米,1.74
1445,广东省,,,2022,商品房:成交面积:广州（2021年7月19日）,万平方米,1.74
1560,广东省,,,2022,商品房:成交面积:深圳（2021年11月13日）,万平方米,1.74
2760,广东省,,,2022,商品房:成交面积:深圳（2020年7月22日）,万平方米,1.74
1186,广东省,,,2022,商品房:成交面积:广州（2021年10月26日）,万平方米,1.75
1443,广东省,,,2022,商品房:成交面积:广州（2021年7月17日）,万平方米,1.75
1507,广东省,,,2022,商品房:成交面积:广州（2021年9月19日）,万平方米,1.75
1551,广东省,,,2022,商品房:成交面积:深圳（2021年10月31日）,万平方米,1.75
1590,广东省,,,2022,商品房:成交面积:深圳（2021年12月13日）,万平方米,1.75
366,广东省,,,2022,商品房:成交面积:广州（2022年5月9日）,万平方米,1.76
384,广东省,,,2022,商品房:成交面积:深圳（2022年1月19日）,万平方米,1.76
1497,广东省,,,2022,商品房:成交面积:广州（2021年8月9日）,万平方米,1.76
1761,广东省,,,2022,商品房:成交面积:深圳（2021年6月19日）,万平方米,1.76
2606,广东省,,,2022,商品房:成交面积:深圳（2020年10月13日）,万平方米,1.76
426,广东省,,,2022,商品房:成交面积:深圳（2022年3月16日）,万平方米,1.77
1491,广东省,,,2022,商品房:成交面积:广州（2021年8月3日）,万平方米,1.77
1499,广东省,,,2022,商品房:成交面积:广州（2021年9月11日）,万平方米,1.77
2640,广东省,,,2022,商品房:成交面积:深圳（2020年11月16日）,万平方米,1.77
12,上海市,,,2022,商品房:成交面积:上海（2022年1月20日）,万平方米,1.78
1580,广东省,,,2022,商品房:成交面积:深圳（2021年11月3日）,万平方米,1.78
2802,广东省,,,2022,商品房:成交面积:深圳（2020年8月4日）,万平方米,1.78
257,广东省,,,2022,商品房:成交面积:广州（2022年1月22日）,万平方米,1.79
319,广东省,,,2022,商品房:成交面积:广州（2022年3月5日）,万平方米,1.79
1225,广东省,,,2022,商品房:成交面积:广州（2021年11月5日）,万平方米,1.79
1616,广东省,,,2022,商品房:成交面积:深圳（2021年12月8日）,万平方米,1.79
1757,广东省,,,2022,商品房:成交面积:深圳（2021年6月15日）,万平方米,1.79
1799,广东省,,,2022,商品房:成交面积:深圳（2021年7月4日）,万平方米,1.79
166,北京市,,,2022,商品房:成交面积:北京（2022年2月8日）,万平方米,1.8
177,北京市,,,2022,商品房:成交面积:北京（2022年3月19日）,万平方米,1.8
179,北京市,,,2022,商品房:成交面积:北京（2022年3月20日）,万平方米,1.8
180,北京市,,,2022,商品房:成交面积:北京（2022年3月21日）,万平方米,1.8
181,北京市,,,2022,商品房:成交面积:北京（2022年3月22日）,万平方米,1.8
866,北京市,,,2022,商品房:成交面积:北京（2021年11月26日）,万平方米,1.8
956,北京市,,,2022,商品房:成交面积:北京（2021年2月7日）,万平方米,1.8
1000,北京市,,,2022,商品房:成交面积:北京（2021年4月1日）,万平方米,1.8
1043,北京市,,,2022,商品房:成交面积:北京（2021年5月31日）,万平方米,1.8
1046,北京市,,,2022,商品房:成交面积:北京（2021年5月5日）,万平方米,1.8
1054,北京市,,,2022,商品房:成交面积:北京（2021年6月13日）,万平方米,1.8
1064,北京市,,,2022,商品房:成交面积:北京（2021年6月22日）,万平方米,1.8
1072,北京市,,,2022,商品房:成交面积:北京（2021年6月2日）,万平方米,1.8
1073,北京市,,,2022,商品房:成交面积:北京（2021年6月30日）,万平方米,1.8
1088,北京市,,,2022,商品房:成交面积:北京（2021年7月18日）,万平方米,1.8
1089,北京市,,,2022,商品房:成交面积:北京（2021年7月19日）,万平方米,1.8
1147,北京市,,,2022,商品房:成交面积:北京（2021年9月18日）,万平方米,1.8
1152,北京市,,,2022,商品房:成交面积:北京（2021年9月22日）,万平方米,1.8
1249,广东省,,,2022,商品房:成交面积:广州（2021年12月3日）,万平方米,1.8
2817,广东省,,,2022,商品房:成交面积:深圳（2020年9月19日）,万平方米,1.8
2801,广东省,,,2022,商品房:成交面积:深圳（2020年8月3日）,万平方米,1.81
2810,广东省,,,2022,商品房:成交面积:深圳（2020年9月12日）,万平方米,1.81
80,上海市,,,2022,商品房:成交面积:上海（2022年4月15日）,万平方米,1.82
1433,广东省,,,2022,商品房:成交面积:广州（2021年6月7日）,万平方米,1.82
1837,广东省,,,2022,商品房:成交面积:深圳（2021年9月11日）,万平方米,1.82
2735,广东省,,,2022,商品房:成交面积:深圳（2020年6月22日）,万平方米,1.82
1474,广东省,,,2022,商品房:成交面积:广州（2021年8月17日）,万平方米,1.83
1493,广东省,,,2022,商品房:成交面积:广州（2021年8月5日）,万平方米,1.83
1495,广东省,,,2022,商品房:成交面积:广州（2021年8月7日）,万平方米,1.83
1526,广东省,,,2022,商品房:成交面积:广州（2021年9月8日）,万平方米,1.83
2605,广东省,,,2022,商品房:成交面积:深圳（2020年10月12日）,万平方米,1.83
2836,广东省,,,2022,商品房:成交面积:深圳（2020年9月8日）,万平方米,1.83
271,广东省,,,2022,商品房:成交面积:广州（2022年2月10日）,万平方米,1.84
1461,广东省,,,2022,商品房:成交面积:广州（2021年7月4日）,万平方米,1.85
1599,广东省,,,2022,商品房:成交面积:深圳（2021年12月21日）,万平方米,1.85
1633,广东省,,,2022,商品房:成交面积:深圳（2021年1月3日）,万平方米,1.85
607,上海市,,,2022,商品房:成交面积:上海（2021年1月25日）,万平方米,1.86
1444,广东省,,,2022,商品房:成交面积:广州（2021年7月18日）,万平方米,1.86
2650,广东省,,,2022,商品房:成交面积:深圳（2020年11月25日）,万平方米,1.86
332,广东省,,,2022,商品房:成交面积:广州（2022年4月18日）,万平方米,1.87
1411,广东省,,,2022,商品房:成交面积:广州（2021年6月15日）,万平方米,1.87
1654,广东省,,,2022,商品房:成交面积:深圳（2021年2月25日）,万平方米,1.87
1848,广东省,,,2022,商品房:成交面积:深圳（2021年9月21日）,万平方米,1.87
371,广东省,,,2022,商品房:成交面积:广州（2022年6月4日）,万平方米,1.88
1636,广东省,,,2022,商品房:成交面积:深圳（2021年1月7日）,万平方米,1.88
370,广东省,,,2022,商品房:成交面积:广州（2022年6月3日）,万平方米,1.89
380,广东省,,,2022,商品房:成交面积:深圳（2022年1月15日）,万平方米,1.89
1203,广东省,,,2022,商品房:成交面积:广州（2021年11月13日）,万平方米,1.89
1439,广东省,,,2022,商品房:成交面积:广州（2021年7月13日）,万平方米,1.89
1748,广东省,,,2022,商品房:成交面积:深圳（2021年5月5日）,万平方米,1.89
1779,广东省,,,2022,商品房:成交面积:深圳（2021年6月7日）,万平方米,1.89
43,上海市,,,2022,商品房:成交面积:上海（2022年2月3日）,万平方米,1.9
146,北京市,,,2022,商品房:成交面积:北京（2022年1月4日）,万平方米,1.9
195,北京市,,,2022,商品房:成交面积:北京（2022年4月12日）,万平方米,1.9
199,北京市,,,2022,商品房:成交面积:北京（2022年4月16日）,万平方米,1.9
222,北京市,,,2022,商品房:成交面积:北京（2022年4月9日）,万平方米,1.9
234,北京市,,,2022,商品房:成交面积:北京（2022年5月8日）,万平方米,1.9
307,广东省,,,2022,商品房:成交面积:广州（2022年3月18日）,万平方米,1.9
995,北京市,,,2022,商品房:成交面积:北京（2021年4月15日）,万平方米,1.9
1115,北京市,,,2022,商品房:成交面积:北京（2021年8月14日）,万平方米,1.9
1117,北京市,,,2022,商品房:成交面积:北京（2021年8月16日）,万平方米,1.9
1149,北京市,,,2022,商品房:成交面积:北京（2021年9月1日）,万平方米,1.9
1165,北京市,,,2022,商品房:成交面积:北京（2021年9月6日）,万平方米,1.9
1166,北京市,,,2022,商品房:成交面积:北京（2021年9月7日）,万平方米,1.9
1466,广东省,,,2022,商品房:成交面积:广州（2021年7月9日）,万平方米,1.9
1536,广东省,,,2022,商品房:成交面积:深圳（2021年10月18日）,万平方米,1.9
2618,广东省,,,2022,商品房:成交面积:深圳（2020年10月24日）,万平方米,1.9
315,广东省,,,2022,商品房:成交面积:广州（2022年3月25日）,万平方米,1.92
1230,广东省,,,2022,商品房:成交面积:广州（2021年12月10日）,万平方米,1.92
269,广东省,,,2022,商品房:成交面积:广州（2022年1月8日）,万平方米,1.93
1578,广东省,,,2022,商品房:成交面积:深圳（2021年11月2日）,万平方米,1.94
2835,广东省,,,2022,商品房:成交面积:深圳（2020年9月7日）,万平方米,1.94
1388,广东省,,,2022,商品房:成交面积:广州（2021年5月22日）,万平方米,1.95
1440,广东省,,,2022,商品房:成交面积:广州（2021年7月14日）,万平方米,1.95
1462,广东省,,,2022,商品房:成交面积:广州（2021年7月5日）,万平方米,1.95
1712,广东省,,,2022,商品房:成交面积:深圳（2021年4月27日）,万平方米,1.95
1368,广东省,,,2022,商品房:成交面积:广州（2021年4月3日）,万平方米,1.96
1917,上海市,,,2022,商品房:成交面积:上海（2020年10月7日）,万平方米,1.96
2740,广东省,,,2022,商品房:成交面积:深圳（2020年6月2日）,万平方米,1.96
320,广东省,,,2022,商品房:成交面积:广州（2022年3月6日）,万平方米,1.97
1382,广东省,,,2022,商品房:成交面积:广州（2021年5月17日）,万平方米,1.98
1522,广东省,,,2022,商品房:成交面积:广州（2021年9月4日）,万平方米,1.99
1743,广东省,,,2022,商品房:成交面积:深圳（2021年5月2日）,万平方米,1.99
2744,广东省,,,2022,商品房:成交面积:深圳（2020年6月7日）,万平方米,1.99
2816,广东省,,,2022,商品房:成交面积:深圳（2020年9月18日）,万平方米,1.99
87,上海市,,,2022,商品房:成交面积:上海（2022年4月21日）,万平方米,2
145,北京市,,,2022,商品房:成交面积:北京（2022年1月3日）,万平方米,2
202,北京市,,,2022,商品房:成交面积:北京（2022年4月19日）,万平方米,2
772,上海市,,,2022,商品房:成交面积:上海（2021年8月23日）,万平方米,2
833,北京市,,,2022,商品房:成交面积:北京（2021年10月24日）,万平方米,2
870,北京市,,,2022,商品房:成交面积:北京（2021年11月2日）,万平方米,2
886,北京市,,,2022,商品房:成交面积:北京（2021年12月17日）,万平方米,2
961,北京市,,,2022,商品房:成交面积:北京（2021年3月12日）,万平方米,2
1063,北京市,,,2022,商品房:成交面积:北京（2021年6月21日）,万平方米,2
1065,北京市,,,2022,商品房:成交面积:北京（2021年6月23日）,万平方米,2
1066,北京市,,,2022,商品房:成交面积:北京（2021年6月24日）,万平方米,2
1079,北京市,,,2022,商品房:成交面积:北京（2021年6月8日）,万平方米,2
1087,北京市,,,2022,商品房:成交面积:北京（2021年7月17日）,万平方米,2
1106,北京市,,,2022,商品房:成交面积:北京（2021年7月5日）,万平方米,2
1163,北京市,,,2022,商品房:成交面积:北京（2021年9月4日）,万平方米,2
1208,广东省,,,2022,商品房:成交面积:广州（2021年11月18日）,万平方米,2
1358,广东省,,,2022,商品房:成交面积:广州（2021年4月22日）,万平方米,2
1429,广东省,,,2022,商品房:成交面积:广州（2021年6月3日）,万平方米,2
1476,广东省,,,2022,商品房:成交面积:广州（2021年8月19日）,万平方米,2
1614,广东省,,,2022,商品房:成交面积:深圳（2021年12月6日）,万平方米,2
2224,北京市,,,2022,商品房:成交面积:北京（2020年5月1日）,万平方米,2
2613,广东省,,,2022,商品房:成交面积:深圳（2020年10月1日）,万平方米,2
2700,广东省,,,2022,商品房:成交面积:深圳（2020年5月19日）,万平方米,2
88,上海市,,,2022,商品房:成交面积:上海（2022年4月22日）,万平方米,2.01
1212,广东省,,,2022,商品房:成交面积:广州（2021年11月21日）,万平方米,2.01
1427,广东省,,,2022,商品房:成交面积:广州（2021年6月2日）,万平方米,2.01
24,上海市,,,2022,商品房:成交面积:上海（2022年1月6日）,万平方米,2.02
354,广东省,,,2022,商品房:成交面积:广州（2022年5月10日）,万平方米,2.02
1271,广东省,,,2022,商品房:成交面积:广州（2021年1月24日）,万平方米,2.02
1529,广东省,,,2022,商品房:成交面积:深圳（2021年10月11日）,万平方米,2.02
317,广东省,,,2022,商品房:成交面积:广州（2022年3月3日）,万平方米,2.03
1224,广东省,,,2022,商品房:成交面积:广州（2021年11月4日）,万平方米,2.03
1432,广东省,,,2022,商品房:成交面积:广州（2021年6月6日）,万平方米,2.03
761,上海市,,,2022,商品房:成交面积:上海（2021年8月13日）,万平方米,2.04
1204,广东省,,,2022,商品房:成交面积:广州（2021年11月14日）,万平方米,2.05
1588,广东省,,,2022,商品房:成交面积:深圳（2021年12月11日）,万平方米,2.05
2756,广东省,,,2022,商品房:成交面积:深圳（2020年7月19日）,万平方米,2.05
1310,广东省,,,2022,商品房:成交面积:广州（2021年2月6日）,万平方米,2.06
1403,广东省,,,2022,商品房:成交面积:广州（2021年5月7日）,万平方米,2.06
2772,广东省,,,2022,商品房:成交面积:深圳（2020年7月5日）,万平方米,2.06
2787,广东省,,,2022,商品房:成交面积:深圳（2020年8月1日）,万平方米,2.06
66,上海市,,,2022,商品房:成交面积:上海（2022年3月25日）,万平方米,2.07
250,广东省,,,2022,商品房:成交面积:广州（2022年1月16日）,万平方米,2.07
298,广东省,,,2022,商品房:成交面积:广州（2022年2月9日）,万平方米,2.07
294,广东省,,,2022,商品房:成交面积:广州（2022年2月5日）,万平方米,2.08
1182,广东省,,,2022,商品房:成交面积:广州（2021年10月22日）,万平方米,2.08
1206,广东省,,,2022,商品房:成交面积:广州（2021年11月16日）,万平方米,2.08
1492,广东省,,,2022,商品房:成交面积:广州（2021年8月4日）,万平方米,2.08
1210,广东省,,,2022,商品房:成交面积:广州（2021年11月1日）,万平方米,2.09
150,北京市,,,2022,商品房:成交面积:北京（2022年1月8日）,万平方米,2.1
233,北京市,,,2022,商品房:成交面积:北京（2022年5月7日）,万平方米,2.1
364,广东省,,,2022,商品房:成交面积:广州（2022年5月7日）,万平方米,2.1
837,北京市,,,2022,商品房:成交面积:北京（2021年10月28日）,万平方米,2.1
874,北京市,,,2022,商品房:成交面积:北京（2021年11月5日）,万平方米,2.1
922,北京市,,,2022,商品房:成交面积:北京（2021年1月24日）,万平方米,2.1
933,北京市,,,2022,商品房:成交面积:北京（2021年2月10日）,万平方米,2.1
934,北京市,,,2022,商品房:成交面积:北京（2021年2月11日）,万平方米,2.1
935,北京市,,,2022,商品房:成交面积:北京（2021年2月12日）,万平方米,2.1
992,北京市,,,2022,商品房:成交面积:北京（2021年4月12日）,万平方米,2.1
1059,北京市,,,2022,商品房:成交面积:北京（2021年6月18日）,万平方米,2.1
1077,北京市,,,2022,商品房:成交面积:北京（2021年6月6日）,万平方米,2.1
1094,北京市,,,2022,商品房:成交面积:北京（2021年7月23日）,万平方米,2.1
1127,北京市,,,2022,商品房:成交面积:北京（2021年8月25日）,万平方米,2.1
1136,北京市,,,2022,商品房:成交面积:北京（2021年8月7日）,万平方米,2.1
1142,北京市,,,2022,商品房:成交面积:北京（2021年9月13日）,万平方米,2.1
1383,广东省,,,2022,商品房:成交面积:广州（2021年5月18日）,万平方米,2.11
1441,广东省,,,2022,商品房:成交面积:广州（2021年7月15日）,万平方米,2.11
1463,广东省,,,2022,商品房:成交面积:广州（2021年7月6日）,万平方米,2.11
293,广东省,,,2022,商品房:成交面积:广州（2022年2月4日）,万平方米,2.13
1205,广东省,,,2022,商品房:成交面积:广州（2021年11月15日）,万平方米,2.14
1510,广东省,,,2022,商品房:成交面积:广州（2021年9月21日）,万平方米,2.14
331,广东省,,,2022,商品房:成交面积:广州（2022年4月17日）,万平方米,2.15
348,广东省,,,2022,商品房:成交面积:广州（2022年4月4日）,万平方米,2.15
1414,广东省,,,2022,商品房:成交面积:广州（2021年6月18日）,万平方米,2.15
259,广东省,,,2022,商品房:成交面积:广州（2022年1月24日）,万平方米,2.16
1653,广东省,,,2022,商品房:成交面积:深圳（2021年2月24日）,万平方米,2.16
247,广东省,,,2022,商品房:成交面积:广州（2022年1月13日）,万平方米,2.17
1251,广东省,,,2022,商品房:成交面积:广州（2021年12月5日）,万平方米,2.17
1635,广东省,,,2022,商品房:成交面积:深圳（2021年1月5日）,万平方米,2.17
121,上海市,,,2022,商品房:成交面积:上海（2022年6月3日）,万平方米,2.18
296,广东省,,,2022,商品房:成交面积:广州（2022年2月7日）,万平方米,2.18
1227,广东省,,,2022,商品房:成交面积:广州（2021年11月7日）,万平方米,2.18
2656,广东省,,,2022,商品房:成交面积:深圳（2020年11月30日）,万平方米,2.19
2757,广东省,,,2022,商品房:成交面积:深圳（2020年7月1日）,万平方米,2.19
127,北京市,,,2022,商品房:成交面积:北京（2022年1月11日）,万平方米,2.2
138,北京市,,,2022,商品房:成交面积:北京（2022年1月22日）,万平方米,2.2
326,广东省,,,2022,商品房:成交面积:广州（2022年4月12日）,万平方米,2.2
818,北京市,,,2022,商品房:成交面积:北京（2021年10月10日）,万平方米,2.2
827,北京市,,,2022,商品房:成交面积:北京（2021年10月19日）,万平方米,2.2
834,北京市,,,2022,商品房:成交面积:北京（2021年10月25日）,万平方米,2.2
851,北京市,,,2022,商品房:成交面积:北京（2021年11月12日）,万平方米,2.2
863,北京市,,,2022,商品房:成交面积:北京（2021年11月23日）,万平方米,2.2
920,北京市,,,2022,商品房:成交面积:北京（2021年1月22日）,万平方米,2.2
969,北京市,,,2022,商品房:成交面积:北京（2021年3月1日）,万平方米,2.2
1104,北京市,,,2022,商品房:成交面积:北京（2021年7月3日）,万平方米,2.2
1107,北京市,,,2022,商品房:成交面积:北京（2021年7月6日）,万平方米,2.2
1455,广东省,,,2022,商品房:成交面积:广州（2021年7月28日）,万平方米,2.2
1464,广东省,,,2022,商品房:成交面积:广州（2021年7月7日）,万平方米,2.2
1530,广东省,,,2022,商品房:成交面积:深圳（2021年10月12日）,万平方米,2.2
1615,广东省,,,2022,商品房:成交面积:深圳（2021年12月7日）,万平方米,2.2
1840,广东省,,,2022,商品房:成交面积:深圳（2021年9月14日）,万平方米,2.2
255,广东省,,,2022,商品房:成交面积:广州（2022年1月20日）,万平方米,2.21
323,广东省,,,2022,商品房:成交面积:广州（2022年3月9日）,万平方米,2.21
507,上海市,,,2022,商品房:成交面积:上海（2021年10月14日）,万平方米,2.21
1849,广东省,,,2022,商品房:成交面积:深圳（2021年9月22日）,万平方米,2.21
302,广东省,,,2022,商品房:成交面积:广州（2022年3月13日）,万平方米,2.22
1419,广东省,,,2022,商品房:成交面积:广州（2021年6月22日）,万平方米,2.22
1596,广东省,,,2022,商品房:成交面积:深圳（2021年12月19日）,万平方米,2.22
760,上海市,,,2022,商品房:成交面积:上海（2021年8月12日）,万平方米,2.23
1486,广东省,,,2022,商品房:成交面积:广州（2021年8月28日）,万平方米,2.23
28,上海市,,,2022,商品房:成交面积:上海（2022年2月10日）,万平方米,2.24
365,广东省,,,2022,商品房:成交面积:广州（2022年5月8日）,万平方米,2.24
795,上海市,,,2022,商品房:成交面积:上海（2021年9月17日）,万平方米,2.24
1484,广东省,,,2022,商品房:成交面积:广州（2021年8月26日）,万平方米,2.24
519,上海市,,,2022,商品房:成交面积:上海（2021年10月28日）,万平方米,2.25
1482,广东省,,,2022,商品房:成交面积:广州（2021年8月24日）,万平方米,2.25
1503,广东省,,,2022,商品房:成交面积:广州（2021年9月15日）,万平方米,2.25
1524,广东省,,,2022,商品房:成交面积:广州（2021年9月6日）,万平方米,2.25
1704,广东省,,,2022,商品房:成交面积:深圳（2021年4月1日）,万平方米,2.25
2734,广东省,,,2022,商品房:成交面积:深圳（2020年6月21日）,万平方米,2.25
290,广东省,,,2022,商品房:成交面积:广州（2022年2月28日）,万平方米,2.26
336,广东省,,,2022,商品房:成交面积:广州（2022年4月21日）,万平方米,2.26
68,上海市,,,2022,商品房:成交面积:上海（2022年3月3日）,万平方米,2.27
325,广东省,,,2022,商品房:成交面积:广州（2022年4月11日）,万平方米,2.27
2649,广东省,,,2022,商品房:成交面积:深圳（2020年11月24日）,万平方米,2.27
308,广东省,,,2022,商品房:成交面积:广州（2022年3月19日）,万平方米,2.28
794,上海市,,,2022,商品房:成交面积:上海（2021年9月16日）,万平方米,2.28
297,广东省,,,2022,商品房:成交面积:广州（2022年2月8日）,万平方米,2.29
353,广东省,,,2022,商品房:成交面积:广州（2022年4月9日）,万平方米,2.29
767,上海市,,,2022,商品房:成交面积:上海（2021年8月19日）,万平方米,2.29
1434,广东省,,,2022,商品房:成交面积:广州（2021年6月8日）,万平方米,2.29
2607,广东省,,,2022,商品房:成交面积:深圳（2020年10月14日）,万平方米,2.29
194,北京市,,,2022,商品房:成交面积:北京（2022年4月11日）,万平方米,2.3
239,北京市,,,2022,商品房:成交面积:北京（2022年6月3日）,万平方米,2.3
681,上海市,,,2022,商品房:成交面积:上海（2021年4月15日）,万平方米,2.3
859,北京市,,,2022,商品房:成交面积:北京（2021年11月1日）,万平方米,2.3
862,北京市,,,2022,商品房:成交面积:北京（2021年11月22日）,万平方米,2.3
903,北京市,,,2022,商品房:成交面积:北京（2021年12月3日）,万平方米,2.3
913,北京市,,,2022,商品房:成交面积:北京（2021年1月13日）,万平方米,2.3
915,北京市,,,2022,商品房:成交面积:北京（2021年1月15日）,万平方米,2.3
925,北京市,,,2022,商品房:成交面积:北京（2021年1月2日）,万平方米,2.3
950,北京市,,,2022,商品房:成交面积:北京（2021年2月27日）,万平方米,2.3
1019,北京市,,,2022,商品房:成交面积:北京（2021年4月9日）,万平方米,2.3
1027,北京市,,,2022,商品房:成交面积:北京（2021年5月17日）,万平方米,2.3
1055,北京市,,,2022,商品房:成交面积:北京（2021年6月14日）,万平方米,2.3
1076,北京市,,,2022,商品房:成交面积:北京（2021年6月5日）,万平方米,2.3
1129,北京市,,,2022,商品房:成交面积:北京（2021年8月27日）,万平方米,2.3
1148,北京市,,,2022,商品房:成交面积:北京（2021年9月19日）,万平方米,2.3
1252,广东省,,,2022,商品房:成交面积:广州（2021年12月6日）,万平方米,2.3
1603,广东省,,,2022,商品房:成交面积:深圳（2021年12月25日）,万平方米,2.3
2165,北京市,,,2022,商品房:成交面积:北京（2020年11月20日）,万平方米,2.3
2238,北京市,,,2022,商品房:成交面积:北京（2020年5月3日）,万平方米,2.3
328,广东省,,,2022,商品房:成交面积:广州（2022年4月14日）,万平方米,2.31
363,广东省,,,2022,商品房:成交面积:广州（2022年5月6日）,万平方米,2.31
1477,广东省,,,2022,商品房:成交面积:广州（2021年8月1日）,万平方米,2.31
303,广东省,,,2022,商品房:成交面积:广州（2022年3月14日）,万平方米,2.32
327,广东省,,,2022,商品房:成交面积:广州（2022年4月13日）,万平方米,2.32
1446,广东省,,,2022,商品房:成交面积:广州（2021年7月1日）,万平方米,2.32
1527,广东省,,,2022,商品房:成交面积:广州（2021年9月9日）,万平方米,2.32
1787,广东省,,,2022,商品房:成交面积:深圳（2021年7月16日）,万平方米,2.32
2766,广东省,,,2022,商品房:成交面积:深圳（2020年7月28日）,万平方米,2.32
1178,广东省,,,2022,商品房:成交面积:广州（2021年10月19日）,万平方米,2.33
1923,上海市,,,2022,商品房:成交面积:上海（2020年11月13日）,万平方米,2.33
2724,广东省,,,2022,商品房:成交面积:深圳（2020年6月12日）,万平方米,2.33
1390,广东省,,,2022,商品房:成交面积:广州（2021年5月24日）,万平方米,2.34
1502,广东省,,,2022,商品房:成交面积:广州（2021年9月14日）,万平方米,2.34
1612,广东省,,,2022,商品房:成交面积:深圳（2021年12月4日）,万平方米,2.34
1233,广东省,,,2022,商品房:成交面积:广州（2021年12月13日）,万平方米,2.35
1381,广东省,,,2022,商品房:成交面积:广州（2021年5月16日）,万平方米,2.35
1431,广东省,,,2022,商品房:成交面积:广州（2021年6月5日）,万平方米,2.35
1458,广东省,,,2022,商品房:成交面积:广州（2021年7月30日）,万平方米,2.35
1747,广东省,,,2022,商品房:成交面积:深圳（2021年5月4日）,万平方米,2.35
1811,广东省,,,2022,商品房:成交面积:深圳（2021年8月16日）,万平方米,2.35
109,上海市,,,2022,商品房:成交面积:上海（2022年5月1日）,万平方米,2.36
360,广东省,,,2022,商品房:成交面积:广州（2022年5月3日）,万平方米,2.36
520,上海市,,,2022,商品房:成交面积:上海（2021年10月29日）,万平方米,2.36
522,上海市,,,2022,商品房:成交面积:上海（2021年10月30日）,万平方米,2.36
698,上海市,,,2022,商品房:成交面积:上海（2021年4月30日）,万平方米,2.36
1201,广东省,,,2022,商品房:成交面积:广州（2021年11月11日）,万平方米,2.36
1595,广东省,,,2022,商品房:成交面积:深圳（2021年12月18日）,万平方米,2.36
1523,广东省,,,2022,商品房:成交面积:广州（2021年9月5日）,万平方米,2.37
344,广东省,,,2022,商品房:成交面积:广州（2022年4月29日）,万平方米,2.38
1253,广东省,,,2022,商品房:成交面积:广州（2021年12月7日）,万平方米,2.38
2482,广东省,,,2022,商品房:成交面积:广州（2020年6月11日）,万平方米,2.38
2764,广东省,,,2022,商品房:成交面积:深圳（2020年7月26日）,万平方米,2.38
395,广东省,,,2022,商品房:成交面积:深圳（2022年1月4日）,万平方米,2.39
468,广东省,,,2022,商品房:成交面积:深圳（2022年4月3日）,万平方米,2.39
619,上海市,,,2022,商品房:成交面积:上海（2021年2月11日）,万平方米,2.39
136,北京市,,,2022,商品房:成交面积:北京（2022年1月20日）,万平方米,2.4
825,北京市,,,2022,商品房:成交面积:北京（2021年10月17日）,万平方米,2.4
838,北京市,,,2022,商品房:成交面积:北京（2021年10月29日）,万平方米,2.4
849,北京市,,,2022,商品房:成交面积:北京（2021年11月10日）,万平方米,2.4
980,北京市,,,2022,商品房:成交面积:北京（2021年3月2日）,万平方米,2.4
990,北京市,,,2022,商品房:成交面积:北京（2021年4月10日）,万平方米,2.4
1003,北京市,,,2022,商品房:成交面积:北京（2021年4月22日）,万平方米,2.4
1050,北京市,,,2022,商品房:成交面积:北京（2021年5月9日）,万平方米,2.4
1053,北京市,,,2022,商品房:成交面积:北京（2021年6月12日）,万平方米,2.4
1062,北京市,,,2022,商品房:成交面积:北京（2021年6月20日）,万平方米,2.4
1155,北京市,,,2022,商品房:成交面积:北京（2021年9月25日）,万平方米,2.4
125,上海市,,,2022,商品房:成交面积:上海（2022年6月9日）,万平方米,2.41
258,广东省,,,2022,商品房:成交面积:广州（2022年1月23日）,万平方米,2.41
1384,广东省,,,2022,商品房:成交面积:广州（2021年5月19日）,万平方米,2.41
312,广东省,,,2022,商品房:成交面积:广州（2022年3月22日）,万平方米,2.42
400,广东省,,,2022,商品房:成交面积:深圳（2022年1月9日）,万平方米,2.42
1311,广东省,,,2022,商品房:成交面积:广州（2021年2月7日）,万平方米,2.42
1389,广东省,,,2022,商品房:成交面积:广州（2021年5月23日）,万平方米,2.42
295,广东省,,,2022,商品房:成交面积:广州（2022年2月6日）,万平方米,2.43
710,上海市,,,2022,商品房:成交面积:上海（2021年5月14日）,万平方米,2.43
1513,广东省,,,2022,商品房:成交面积:广州（2021年9月24日）,万平方米,2.43
301,广东省,,,2022,商品房:成交面积:广州（2022年3月12日）,万平方米,2.44
334,广东省,,,2022,商品房:成交面积:广州（2022年4月1日）,万平方米,2.44
705,上海市,,,2022,商品房:成交面积:上海（2021年4月9日）,万平方米,2.44
2727,广东省,,,2022,商品房:成交面积:深圳（2020年6月15日）,万平方米,2.44
697,上海市,,,2022,商品房:成交面积:上海（2021年4月2日）,万平方米,2.45
1504,广东省,,,2022,商品房:成交面积:广州（2021年9月16日）,万平方米,2.45
1468,广东省,,,2022,商品房:成交面积:广州（2021年8月11日）,万平方米,2.46
1598,广东省,,,2022,商品房:成交面积:深圳（2021年12月20日）,万平方米,2.46
2632,广东省,,,2022,商品房:成交面积:深圳（2020年10月8日）,万平方米,2.47
1611,广东省,,,2022,商品房:成交面积:深圳（2021年12月3日）,万平方米,2.48
811,上海市,,,2022,商品房:成交面积:上海（2021年9月3日）,万平方米,2.49
1412,广东省,,,2022,商品房:成交面积:广州（2021年6月16日）,万平方米,2.49
137,北京市,,,2022,商品房:成交面积:北京（2022年1月21日）,万平方米,2.5
140,北京市,,,2022,商品房:成交面积:北京（2022年1月24日）,万平方米,2.5
163,北京市,,,2022,商品房:成交面积:北京（2022年2月5日）,万平方米,2.5
235,北京市,,,2022,商品房:成交面积:北京（2022年5月9日）,万平方米,2.5
733,上海市,,,2022,商品房:成交面积:上海（2021年5月7日）,万平方米,2.5
880,北京市,,,2022,商品房:成交面积:北京（2021年12月11日）,万平方米,2.5
1031,北京市,,,2022,商品房:成交面积:北京（2021年5月20日）,万平方米,2.5
1049,北京市,,,2022,商品房:成交面积:北京（2021年5月8日）,万平方米,2.5
1124,北京市,,,2022,商品房:成交面积:北京（2021年8月22日）,万平方米,2.5
1132,北京市,,,2022,商品房:成交面积:北京（2021年8月3日）,万平方米,2.5
1143,北京市,,,2022,商品房:成交面积:北京（2021年9月14日）,万平方米,2.5
1289,广东省,,,2022,商品房:成交面积:广州（2021年2月12日）,万平方米,2.5
1391,广东省,,,2022,商品房:成交面积:广州（2021年5月25日）,万平方米,2.5
1211,广东省,,,2022,商品房:成交面积:广州（2021年11月20日）,万平方米,2.51
1634,广东省,,,2022,商品房:成交面积:深圳（2021年1月4日）,万平方米,2.51
2612,广东省,,,2022,商品房:成交面积:深圳（2020年10月19日）,万平方米,2.51
1605,广东省,,,2022,商品房:成交面积:深圳（2021年12月27日）,万平方米,2.52
1608,广东省,,,2022,商品房:成交面积:深圳（2021年12月2日）,万平方米,2.52
1237,广东省,,,2022,商品房:成交面积:广州（2021年12月17日）,万平方米,2.53
682,上海市,,,2022,商品房:成交面积:上海（2021年4月16日）,万平方米,2.54
1405,广东省,,,2022,商品房:成交面积:广州（2021年5月9日）,万平方米,2.54
1415,广东省,,,2022,商品房:成交面积:广州（2021年6月19日）,万平方米,2.54
292,广东省,,,2022,商品房:成交面积:广州（2022年2月3日）,万平方米,2.55
1266,广东省,,,2022,商品房:成交面积:广州（2021年1月1日）,万平方米,2.55
2716,广东省,,,2022,商品房:成交面积:深圳（2020年5月4日）,万平方米,2.55
266,广东省,,,2022,商品房:成交面积:广州（2022年1月5日）,万平方米,2.57
642,上海市,,,2022,商品房:成交面积:上海（2021年2月7日）,万平方米,2.57
1351,广东省,,,2022,商品房:成交面积:广州（2021年4月16日）,万平方米,2.57
1422,广东省,,,2022,商品房:成交面积:广州（2021年6月25日）,万平方米,2.57
1460,广东省,,,2022,商品房:成交面积:广州（2021年7月3日）,万平方米,2.57
1496,广东省,,,2022,商品房:成交面积:广州（2021年8月8日）,万平方米,2.57
330,广东省,,,2022,商品房:成交面积:广州（2022年4月16日）,万平方米,2.58
375,广东省,,,2022,商品房:成交面积:深圳（2022年1月10日）,万平方米,2.59
530,上海市,,,2022,商品房:成交面积:上海（2021年10月9日）,万平方米,2.59
1229,广东省,,,2022,商品房:成交面积:广州（2021年11月9日）,万平方米,2.59
165,北京市,,,2022,商品房:成交面积:北京（2022年2月7日）,万平方米,2.6
209,北京市,,,2022,商品房:成交面积:北京（2022年4月25日）,万平方米,2.6
835,北京市,,,2022,商品房:成交面积:北京（2021年10月26日）,万平方米,2.6
841,北京市,,,2022,商品房:成交面积:北京（2021年10月31日）,万平方米,2.6
885,北京市,,,2022,商品房:成交面积:北京（2021年12月16日）,万平方米,2.6
983,北京市,,,2022,商品房:成交面积:北京（2021年3月3日）,万平方米,2.6
985,北京市,,,2022,商品房:成交面积:北京（2021年3月5日）,万平方米,2.6
993,北京市,,,2022,商品房:成交面积:北京（2021年4月13日）,万平方米,2.6
994,北京市,,,2022,商品房:成交面积:北京（2021年4月14日）,万平方米,2.6
1067,北京市,,,2022,商品房:成交面积:北京（2021年6月25日）,万平方米,2.6
1123,北京市,,,2022,商品房:成交面积:北京（2021年8月21日）,万平方米,2.6
1144,北京市,,,2022,商品房:成交面积:北京（2021年9月15日）,万平方米,2.6
2145,北京市,,,2022,商品房:成交面积:北京（2020年10月2日）,万平方米,2.6
304,广东省,,,2022,商品房:成交面积:广州（2022年3月15日）,万平方米,2.61
97,上海市,,,2022,商品房:成交面积:上海（2022年4月30日）,万平方米,2.62
394,广东省,,,2022,商品房:成交面积:深圳（2022年1月3日）,万平方米,2.62
2386,广东省,,,2022,商品房:成交面积:广州（2020年10月6日）,万平方米,2.62
299,广东省,,,2022,商品房:成交面积:广州（2022年3月10日）,万平方米,2.63
324,广东省,,,2022,商品房:成交面积:广州（2022年4月10日）,万平方米,2.63
345,广东省,,,2022,商品房:成交面积:广州（2022年4月2日）,万平方米,2.64
547,上海市,,,2022,商品房:成交面积:上海（2021年11月26日）,万平方米,2.64
1181,广东省,,,2022,商品房:成交面积:广州（2021年10月21日）,万平方米,2.64
1480,广东省,,,2022,商品房:成交面积:广州（2021年8月22日）,万平方米,2.64
114,上海市,,,2022,商品房:成交面积:上海（2022年5月6日）,万平方米,2.65
1447,广东省,,,2022,商品房:成交面积:广州（2021年7月20日）,万平方米,2.65
107,上海市,,,2022,商品房:成交面积:上海（2022年5月12日）,万平方米,2.66
288,广东省,,,2022,商品房:成交面积:广州（2022年2月26日）,万平方米,2.66
508,上海市,,,2022,商品房:成交面积:上海（2021年10月15日）,万平方米,2.66
1280,广东省,,,2022,商品房:成交面积:广州（2021年1月3日）,万平方米,2.66
555,上海市,,,2022,商品房:成交面积:上海（2021年11月5日）,万平方米,2.67
1469,广东省,,,2022,商品房:成交面积:广州（2021年8月12日）,万平方米,2.67
1845,广东省,,,2022,商品房:成交面积:深圳（2021年9月19日）,万平方米,2.67
1200,广东省,,,2022,商品房:成交面积:广州（2021年11月10日）,万平方米,2.68
1214,广东省,,,2022,商品房:成交面积:广州（2021年11月23日）,万平方米,2.68
2604,广东省,,,2022,商品房:成交面积:深圳（2020年10月11日）,万平方米,2.68
260,广东省,,,2022,商品房:成交面积:广州（2022年1月25日）,万平方米,2.69
153,北京市,,,2022,商品房:成交面积:北京（2022年2月11日）,万平方米,2.7
164,北京市,,,2022,商品房:成交面积:北京（2022年2月6日）,万平方米,2.7
211,北京市,,,2022,商品房:成交面积:北京（2022年4月27日）,万平方米,2.7
539,上海市,,,2022,商品房:成交面积:上海（2021年11月19日）,万平方米,2.7
690,上海市,,,2022,商品房:成交面积:上海（2021年4月23日）,万平方米,2.7
875,北京市,,,2022,商品房:成交面积:北京（2021年11月6日）,万平方米,2.7
882,北京市,,,2022,商品房:成交面积:北京（2021年12月13日）,万平方米,2.7
888,北京市,,,2022,商品房:成交面积:北京（2021年12月19日）,万平方米,2.7
914,北京市,,,2022,商品房:成交面积:北京（2021年1月14日）,万平方米,2.7
921,北京市,,,2022,商品房:成交面积:北京（2021年1月23日）,万平方米,2.7
960,北京市,,,2022,商品房:成交面积:北京（2021年3月11日）,万平方米,2.7
1017,北京市,,,2022,商品房:成交面积:北京（2021年4月7日）,万平方米,2.7
1125,北京市,,,2022,商品房:成交面积:北京（2021年8月23日）,万平方米,2.7
1354,广东省,,,2022,商品房:成交面积:广州（2021年4月19日）,万平方米,2.7
2164,北京市,,,2022,商品房:成交面积:北京（2020年11月1日）,万平方米,2.7
513,上海市,,,2022,商品房:成交面积:上海（2021年10月22日）,万平方米,2.71
1176,广东省,,,2022,商品房:成交面积:广州（2021年10月17日）,万平方米,2.71
265,广东省,,,2022,商品房:成交面积:广州（2022年1月4日）,万平方米,2.72
399,广东省,,,2022,商品房:成交面积:深圳（2022年1月8日）,万平方米,2.72
1348,广东省,,,2022,商品房:成交面积:广州（2021年4月13日）,万平方米,2.72
1417,广东省,,,2022,商品房:成交面积:广州（2021年6月20日）,万平方米,2.72
118,上海市,,,2022,商品房:成交面积:上海（2022年6月10日）,万平方米,2.73
784,上海市,,,2022,商品房:成交面积:上海（2021年8月6日）,万平方米,2.73
1290,广东省,,,2022,商品房:成交面积:广州（2021年2月13日）,万平方米,2.73
1481,广东省,,,2022,商品房:成交面积:广州（2021年8月23日）,万平方米,2.73
2733,广东省,,,2022,商品房:成交面积:深圳（2020年6月20日）,万平方米,2.73
253,广东省,,,2022,商品房:成交面积:广州（2022年1月19日）,万平方米,2.74
291,广东省,,,2022,商品房:成交面积:广州（2022年2月2日）,万平方米,2.74
333,广东省,,,2022,商品房:成交面积:广州（2022年4月19日）,万平方米,2.74
1192,广东省,,,2022,商品房:成交面积:广州（2021年10月31日）,万平方米,2.74
1232,广东省,,,2022,商品房:成交面积:广州（2021年12月12日）,万平方米,2.74
1376,广东省,,,2022,商品房:成交面积:广州（2021年5月11日）,万平方米,2.74
57,上海市,,,2022,商品房:成交面积:上海（2022年3月17日）,万平方米,2.75
79,上海市,,,2022,商品房:成交面积:上海（2022年4月14日）,万平方米,2.75
347,广东省,,,2022,商品房:成交面积:广州（2022年4月3日）,万平方米,2.75
355,广东省,,,2022,商品房:成交面积:广州（2022年5月11日）,万平方米,2.76
727,上海市,,,2022,商品房:成交面积:上海（2021年5月30日）,万平方米,2.76
1175,广东省,,,2022,商品房:成交面积:广州（2021年10月16日）,万平方米,2.76
1406,广东省,,,2022,商品房:成交面积:广州（2021年6月10日）,万平方米,2.76
725,上海市,,,2022,商品房:成交面积:上海（2021年5月29日）,万平方米,2.78
1269,广东省,,,2022,商品房:成交面积:广州（2021年1月22日）,万平方米,2.78
1847,广东省,,,2022,商品房:成交面积:深圳（2021年9月20日）,万平方米,2.78
2104,上海市,,,2022,商品房:成交面积:上海（2020年9月16日）,万平方米,2.78
743,上海市,,,2022,商品房:成交面积:上海（2021年6月17日）,万平方米,2.79
1345,广东省,,,2022,商品房:成交面积:广州（2021年4月10日）,万平方米,2.79
1604,广东省,,,2022,商品房:成交面积:深圳（2021年12月26日）,万平方米,2.79
10,上海市,,,2022,商品房:成交面积:上海（2022年1月19日）,万平方米,2.8
942,北京市,,,2022,商品房:成交面积:北京（2021年2月19日）,万平方米,2.8
978,北京市,,,2022,商品房:成交面积:北京（2021年3月28日）,万平方米,2.8
979,北京市,,,2022,商品房:成交面积:北京（2021年3月29日）,万平方米,2.8
1020,北京市,,,2022,商品房:成交面积:北京（2021年5月10日）,万平方米,2.8
1032,北京市,,,2022,商品房:成交面积:北京（2021年5月21日）,万平方米,2.8
1060,北京市,,,2022,商品房:成交面积:北京（2021年6月19日）,万平方米,2.8
1100,北京市,,,2022,商品房:成交面积:北京（2021年7月29日）,万平方米,2.8
1116,北京市,,,2022,商品房:成交面积:北京（2021年8月15日）,万平方米,2.8
1151,北京市,,,2022,商品房:成交面积:北京（2021年9月21日）,万平方米,2.8
2243,北京市,,,2022,商品房:成交面积:北京（2020年5月8日）,万平方米,2.8
2270,北京市,,,2022,商品房:成交面积:北京（2020年6月5日）,万平方米,2.8
2306,北京市,,,2022,商品房:成交面积:北京（2020年8月18日）,万平方米,2.8
538,上海市,,,2022,商品房:成交面积:上海（2021年11月18日）,万平方米,2.81
1393,广东省,,,2022,商品房:成交面积:广州（2021年5月27日）,万平方米,2.81
1916,上海市,,,2022,商品房:成交面积:上海（2020年10月6日）,万平方米,2.81
46,上海市,,,2022,商品房:成交面积:上海（2022年2月6日）,万平方米,2.82
769,上海市,,,2022,商品房:成交面积:上海（2021年8月20日）,万平方米,2.82
1183,广东省,,,2022,商品房:成交面积:广州（2021年10月23日）,万平方米,2.82
2763,广东省,,,2022,商品房:成交面积:深圳（2020年7月25日）,万平方米,2.84
267,广东省,,,2022,商品房:成交面积:广州（2022年1月6日）,万平方米,2.85
310,广东省,,,2022,商品房:成交面积:广州（2022年3月20日）,万平方米,2.85
776,上海市,,,2022,商品房:成交面积:上海（2021年8月27日）,万平方米,2.85
1370,广东省,,,2022,商品房:成交面积:广州（2021年4月5日）,万平方米,2.85
1487,广东省,,,2022,商品房:成交面积:广州（2021年8月29日）,万平方米,2.85
1746,广东省,,,2022,商品房:成交面积:深圳（2021年5月3日）,万平方米,2.85
581,上海市,,,2022,商品房:成交面积:上海（2021年12月2日）,万平方米,2.86
1180,广东省,,,2022,商品房:成交面积:广州（2021年10月20日）,万平方米,2.86
1245,广东省,,,2022,商品房:成交面积:广州（2021年12月24日）,万平方米,2.86
2535,广东省,,,2022,商品房:成交面积:广州（2020年7月3日）,万平方米,2.87
540,上海市,,,2022,商品房:成交面积:上海（2021年11月1日）,万平方米,2.88
1174,广东省,,,2022,商品房:成交面积:广州（2021年10月15日）,万平方米,2.88
1234,广东省,,,2022,商品房:成交面积:广州（2021年12月14日）,万平方米,2.88
1375,广东省,,,2022,商品房:成交面积:广州（2021年5月10日）,万平方米,2.88
2552,广东省,,,2022,商品房:成交面积:广州（2020年8月1日）,万平方米,2.88
2572,广东省,,,2022,商品房:成交面积:广州（2020年8月9日）,万平方米,2.88
603,上海市,,,2022,商品房:成交面积:上海（2021年1月21日）,万平方米,2.89
144,北京市,,,2022,商品房:成交面积:北京（2022年1月2日）,万平方米,2.9
208,北京市,,,2022,商品房:成交面积:北京（2022年4月24日）,万平方米,2.9
210,北京市,,,2022,商品房:成交面积:北京（2022年4月26日）,万平方米,2.9
918,北京市,,,2022,商品房:成交面积:北京（2021年1月19日）,万平方米,2.9
919,北京市,,,2022,商品房:成交面积:北京（2021年1月1日）,万平方米,2.9
936,北京市,,,2022,商品房:成交面积:北京（2021年2月13日）,万平方米,2.9
939,北京市,,,2022,商品房:成交面积:北京（2021年2月16日）,万平方米,2.9
957,北京市,,,2022,商品房:成交面积:北京（2021年2月8日）,万平方米,2.9
1078,北京市,,,2022,商品房:成交面积:北京（2021年6月7日）,万平方米,2.9
1118,北京市,,,2022,商品房:成交面积:北京（2021年8月17日）,万平方米,2.9
1150,北京市,,,2022,商品房:成交面积:北京（2021年9月20日）,万平方米,2.9
2157,北京市,,,2022,商品房:成交面积:北京（2020年11月13日）,万平方米,2.9
2239,北京市,,,2022,商品房:成交面积:北京（2020年5月4日）,万平方米,2.9
2311,北京市,,,2022,商品房:成交面积:北京（2020年8月22日）,万平方米,2.9
2371,广东省,,,2022,商品房:成交面积:广州（2020年10月21日）,万平方米,2.9
2471,广东省,,,2022,商品房:成交面积:广州（2020年5月2日）,万平方米,2.9
817,上海市,,,2022,商品房:成交面积:上海（2021年9月9日）,万平方米,2.91
1238,广东省,,,2022,商品房:成交面积:广州（2021年12月18日）,万平方米,2.91
1293,广东省,,,2022,商品房:成交面积:广州（2021年2月16日）,万平方米,2.91
1312,广东省,,,2022,商品房:成交面积:广州（2021年2月8日）,万平方米,2.91
1437,广东省,,,2022,商品房:成交面积:广州（2021年7月11日）,万平方米,2.91
305,广东省,,,2022,商品房:成交面积:广州（2022年3月16日）,万平方米,2.92
377,广东省,,,2022,商品房:成交面积:深圳（2022年1月12日）,万平方米,2.92
662,上海市,,,2022,商品房:成交面积:上海（2021年3月26日）,万平方米,2.92
1282,广东省,,,2022,商品房:成交面积:广州（2021年1月5日）,万平方米,2.92
1404,广东省,,,2022,商品房:成交面积:广州（2021年5月8日）,万平方米,2.92
1220,广东省,,,2022,商品房:成交面积:广州（2021年11月29日）,万平方米,2.93
1456,广东省,,,2022,商品房:成交面积:广州（2021年7月29日）,万平方米,2.93
1465,广东省,,,2022,商品房:成交面积:广州（2021年7月8日）,万平方米,2.93
281,广东省,,,2022,商品房:成交面积:广州（2022年2月1日）,万平方米,2.94
1184,广东省,,,2022,商品房:成交面积:广州（2021年10月24日）,万平方米,2.94
1255,广东省,,,2022,商品房:成交面积:广州（2021年12月9日）,万平方米,2.94
2103,上海市,,,2022,商品房:成交面积:上海（2020年9月15日）,万平方米,2.94
506,上海市,,,2022,商品房:成交面积:上海（2021年10月13日）,万平方米,2.95
1347,广东省,,,2022,商品房:成交面积:广州（2021年4月12日）,万平方米,2.95
1398,广东省,,,2022,商品房:成交面积:广州（2021年5月31日）,万平方米,2.95
1607,广东省,,,2022,商品房:成交面积:深圳（2021年12月29日）,万平方米,2.95
2765,广东省,,,2022,商品房:成交面积:深圳（2020年7月27日）,万平方米,2.95
689,上海市,,,2022,商品房:成交面积:上海（2021年4月22日）,万平方米,2.96
1352,广东省,,,2022,商品房:成交面积:广州（2021年4月17日）,万平方米,2.96
1448,广东省,,,2022,商品房:成交面积:广州（2021年7月21日）,万平方米,2.96
2580,广东省,,,2022,商品房:成交面积:广州（2020年9月17日）,万平方米,2.96
1177,广东省,,,2022,商品房:成交面积:广州（2021年10月18日）,万平方米,2.97
1377,广东省,,,2022,商品房:成交面积:广州（2021年5月12日）,万平方米,2.97
289,广东省,,,2022,商品房:成交面积:广州（2022年2月27日）,万平方米,2.98
314,广东省,,,2022,商品房:成交面积:广州（2022年3月24日）,万平方米,2.98
2512,广东省,,,2022,商品房:成交面积:广州（2020年7月11日）,万平方米,2.98
65,上海市,,,2022,商品房:成交面积:上海（2022年3月24日）,万平方米,2.99
596,上海市,,,2022,商品房:成交面积:上海（2021年1月15日）,万平方米,2.99
1386,广东省,,,2022,商品房:成交面积:广州（2021年5月20日）,万平方米,2.99
188,北京市,,,2022,商品房:成交面积:北京（2022年3月5日）,万平方米,3
376,广东省,,,2022,商品房:成交面积:深圳（2022年1月11日）,万平方米,3
584,上海市,,,2022,商品房:成交面积:上海（2021年12月3日）,万平方米,3
585,上海市,,,2022,商品房:成交面积:上海（2021年12月4日）,万平方米,3
878,北京市,,,2022,商品房:成交面积:北京（2021年11月9日）,万平方米,3
881,北京市,,,2022,商品房:成交面积:北京（2021年12月12日）,万平方米,3
991,北京市,,,2022,商品房:成交面积:北京（2021年4月11日）,万平方米,3
1002,北京市,,,2022,商品房:成交面积:北京（2021年4月21日）,万平方米,3
1004,北京市,,,2022,商品房:成交面积:北京（2021年4月23日）,万平方米,3
1009,北京市,,,2022,商品房:成交面积:北京（2021年4月28日）,万平方米,3
1111,北京市,,,2022,商品房:成交面积:北京（2021年8月10日）,万平方米,3
2310,北京市,,,2022,商品房:成交面积:北京（2020年8月21日）,万平方米,3
2536,广东省,,,2022,商品房:成交面积:广州（2020年7月4日）,万平方米,3
2548,广东省,,,2022,商品房:成交面积:广州（2020年8月16日）,万平方米,3
2831,广东省,,,2022,商品房:成交面积:深圳（2020年9月3日）,万平方米,3
339,广东省,,,2022,商品房:成交面积:广州（2022年4月24日）,万平方米,3.02
515,上海市,,,2022,商品房:成交面积:上海（2021年10月24日）,万平方米,3.02
1490,广东省,,,2022,商品房:成交面积:广州（2021年8月31日）,万平方米,3.02
356,广东省,,,2022,商品房:成交面积:广州（2022年5月12日）,万平方米,3.03
570,上海市,,,2022,商品房:成交面积:上海（2021年12月1日）,万平方米,3.03
245,广东省,,,2022,商品房:成交面积:广州（2022年1月11日）,万平方米,3.04
1248,广东省,,,2022,商品房:成交面积:广州（2021年12月2日）,万平方米,3.04
1418,广东省,,,2022,商品房:成交面积:广州（2021年6月21日）,万平方米,3.05
1515,广东省,,,2022,商品房:成交面积:广州（2021年9月26日）,万平方米,3.05
2394,广东省,,,2022,商品房:成交面积:广州（2020年11月14日）,万平方米,3.05
2456,广东省,,,2022,商品房:成交面积:广州（2020年5月16日）,万平方米,3.06
2519,广东省,,,2022,商品房:成交面积:广州（2020年7月18日）,万平方米,3.06
2520,广东省,,,2022,商品房:成交面积:广州（2020年7月19日）,万平方米,3.06
374,广东省,,,2022,商品房:成交面积:广州（2022年6月9日）,万平方米,3.07
1270,广东省,,,2022,商品房:成交面积:广州（2021年1月23日）,万平方米,3.07
1400,广东省,,,2022,商品房:成交面积:广州（2021年5月4日）,万平方米,3.07
2413,广东省,,,2022,商品房:成交面积:广州（2020年11月3日）,万平方米,3.07
2419,广东省,,,2022,商品房:成交面积:广州（2020年11月9日）,万平方米,3.07
361,广东省,,,2022,商品房:成交面积:广州（2022年5月4日）,万平方米,3.08
1185,广东省,,,2022,商品房:成交面积:广州（2021年10月25日）,万平方米,3.08
1254,广东省,,,2022,商品房:成交面积:广州（2021年12月8日）,万平方米,3.09
1489,广东省,,,2022,商品房:成交面积:广州（2021年8月30日）,万平方米,3.09
717,上海市,,,2022,商品房:成交面积:上海（2021年5月21日）,万平方米,3.1
861,北京市,,,2022,商品房:成交面积:北京（2021年11月21日）,万平方米,3.1
909,北京市,,,2022,商品房:成交面积:北京（2021年12月9日）,万平方米,3.1
941,北京市,,,2022,商品房:成交面积:北京（2021年2月18日）,万平方米,3.1
968,北京市,,,2022,商品房:成交面积:北京（2021年3月19日）,万平方米,3.1
977,北京市,,,2022,商品房:成交面积:北京（2021年3月27日）,万平方米,3.1
1071,北京市,,,2022,商品房:成交面积:北京（2021年6月29日）,万平方米,3.1
1421,广东省,,,2022,商品房:成交面积:广州（2021年6月24日）,万平方米,3.1
2153,北京市,,,2022,商品房:成交面积:北京（2020年10月8日）,万平方米,3.1
2283,北京市,,,2022,商品房:成交面积:北京（2020年7月18日）,万平方米,3.1
306,广东省,,,2022,商品房:成交面积:广州（2022年3月17日）,万平方米,3.11
1914,上海市,,,2022,商品房:成交面积:上海（2020年10月4日）,万平方米,3.11
2010,上海市,,,2022,商品房:成交面积:上海（2020年6月10日）,万平方米,3.11
244,广东省,,,2022,商品房:成交面积:广州（2022年1月10日）,万平方米,3.12
2515,广东省,,,2022,商品房:成交面积:广州（2020年7月14日）,万平方米,3.12
1357,广东省,,,2022,商品房:成交面积:广州（2021年4月21日）,万平方米,3.13
1606,广东省,,,2022,商品房:成交面积:深圳（2021年12月28日）,万平方米,3.13
2376,广东省,,,2022,商品房:成交面积:广州（2020年10月26日）,万平方米,3.14
2484,广东省,,,2022,商品房:成交面积:广州（2020年6月13日）,万平方米,3.14
2570,广东省,,,2022,商品房:成交面积:广州（2020年8月7日）,万平方米,3.14
504,上海市,,,2022,商品房:成交面积:上海（2021年10月11日）,万平方米,3.15
792,上海市,,,2022,商品房:成交面积:上海（2021年9月14日）,万平方米,3.16
1353,广东省,,,2022,商品房:成交面积:广州（2021年4月18日）,万平方米,3.16
1915,上海市,,,2022,商品房:成交面积:上海（2020年10月5日）,万平方米,3.16
809,上海市,,,2022,商品房:成交面积:上海（2021年9月2日）,万平方米,3.17
67,上海市,,,2022,商品房:成交面积:上海（2022年3月2日）,万平方米,3.18
2547,广东省,,,2022,商品房:成交面积:广州（2020年8月15日）,万平方米,3.18
2518,广东省,,,2022,商品房:成交面积:广州（2020年7月17日）,万平方米,3.19
160,北京市,,,2022,商品房:成交面积:北京（2022年2月2日）,万平方米,3.2
824,北京市,,,2022,商品房:成交面积:北京（2021年10月16日）,万平方米,3.2
937,北京市,,,2022,商品房:成交面积:北京（2021年2月14日）,万平方米,3.2
975,北京市,,,2022,商品房:成交面积:北京（2021年3月25日）,万平方米,3.2
1007,北京市,,,2022,商品房:成交面积:北京（2021年4月26日）,万平方米,3.2
1033,北京市,,,2022,商品房:成交面积:北京（2021年5月22日）,万平方米,3.2
1034,北京市,,,2022,商品房:成交面积:北京（2021年5月23日）,万平方米,3.2
1035,北京市,,,2022,商品房:成交面积:北京（2021年5月24日）,万平方米,3.2
1037,北京市,,,2022,商品房:成交面积:北京（2021年5月26日）,万平方米,3.2
1096,北京市,,,2022,商品房:成交面积:北京（2021年7月25日）,万平方米,3.2
39,上海市,,,2022,商品房:成交面积:上海（2022年2月26日）,万平方米,3.21
2402,广东省,,,2022,商品房:成交面积:广州（2020年11月21日）,万平方米,3.21
2513,广东省,,,2022,商品房:成交面积:广州（2020年7月12日）,万平方米,3.21
2599,广东省,,,2022,商品房:成交面积:广州（2020年9月6日）,万平方米,3.21
14,上海市,,,2022,商品房:成交面积:上海（2022年1月22日）,万平方米,3.22
86,上海市,,,2022,商品房:成交面积:上海（2022年4月20日）,万平方米,3.22
343,广东省,,,2022,商品房:成交面积:广州（2022年4月28日）,万平方米,3.22
567,上海市,,,2022,商品房:成交面积:上海（2021年12月17日）,万平方米,3.22
1413,广东省,,,2022,商品房:成交面积:广州（2021年6月17日）,万平方米,3.22
1514,广东省,,,2022,商品房:成交面积:广州（2021年9月25日）,万平方米,3.22
77,上海市,,,2022,商品房:成交面积:上海（2022年4月12日）,万平方米,3.23
595,上海市,,,2022,商品房:成交面积:上海（2021年1月14日）,万平方米,3.23
2555,广东省,,,2022,商品房:成交面积:广州（2020年8月22日）,万平方米,3.23
553,上海市,,,2022,商品房:成交面积:上海（2021年11月3日）,万平方米,3.24
1236,广东省,,,2022,商品房:成交面积:广州（2021年12月16日）,万平方米,3.24
2603,广东省,,,2022,商品房:成交面积:深圳（2020年10月10日）,万平方米,3.24
362,广东省,,,2022,商品房:成交面积:广州（2022年5月5日）,万平方米,3.25
2411,广东省,,,2022,商品房:成交面积:广州（2020年11月2日）,万平方米,3.25
1170,广东省,,,2022,商品房:成交面积:广州（2021年10月11日）,万平方米,3.26
1189,广东省,,,2022,商品房:成交面积:广州（2021年10月29日）,万平方米,3.27
1281,广东省,,,2022,商品房:成交面积:广州（2021年1月4日）,万平方米,3.27
1313,广东省,,,2022,商品房:成交面积:广州（2021年2月9日）,万平方米,3.27
616,上海市,,,2022,商品房:成交面积:上海（2021年1月8日）,万平方米,3.28
1199,广东省,,,2022,商品房:成交面积:广州（2021年10月9日）,万平方米,3.28
2481,广东省,,,2022,商品房:成交面积:广州（2020年6月10日）,万平方米,3.28
1511,广东省,,,2022,商品房:成交面积:广州（2021年9月22日）,万平方米,3.29
1950,上海市,,,2022,商品房:成交面积:上海（2020年12月10日）,万平方米,3.29
113,上海市,,,2022,商品房:成交面积:上海（2022年5月5日）,万平方米,3.3
120,上海市,,,2022,商品房:成交面积:上海（2022年6月2日）,万平方米,3.3
228,北京市,,,2022,商品房:成交面积:北京（2022年5月2日）,万平方米,3.3
836,北京市,,,2022,商品房:成交面积:北京（2021年10月27日）,万平方米,3.3
904,北京市,,,2022,商品房:成交面积:北京（2021年12月4日）,万平方米,3.3
905,北京市,,,2022,商品房:成交面积:北京（2021年12月5日）,万平方米,3.3
1006,北京市,,,2022,商品房:成交面积:北京（2021年4月25日）,万平方米,3.3
1016,北京市,,,2022,商品房:成交面积:北京（2021年4月6日）,万平方米,3.3
1068,北京市,,,2022,商品房:成交面积:北京（2021年6月26日）,万平方米,3.3
1126,北京市,,,2022,商品房:成交面积:北京（2021年8月24日）,万平方米,3.3
1349,广东省,,,2022,商品房:成交面积:广州（2021年4月14日）,万平方米,3.3
2271,北京市,,,2022,商品房:成交面积:北京（2020年6月6日）,万平方米,3.3
2334,北京市,,,2022,商品房:成交面积:北京（2020年9月15日）,万平方米,3.3
70,上海市,,,2022,商品房:成交面积:上海（2022年3月5日）,万平方米,3.31
551,上海市,,,2022,商品房:成交面积:上海（2021年11月2日）,万平方米,3.31
783,上海市,,,2022,商品房:成交面积:上海（2021年8月5日）,万平方米,3.31
2375,广东省,,,2022,商品房:成交面积:广州（2020年10月25日）,万平方米,3.31
2431,广东省,,,2022,商品房:成交面积:广州（2020年12月21日）,万平方米,3.31
2571,广东省,,,2022,商品房:成交面积:广州（2020年8月8日）,万平方米,3.31
2726,广东省,,,2022,商品房:成交面积:深圳（2020年6月14日）,万平方米,3.31
103,上海市,,,2022,商品房:成交面积:上海（2022年4月8日）,万平方米,3.32
618,上海市,,,2022,商品房:成交面积:上海（2021年2月10日）,万平方米,3.32
1288,广东省,,,2022,商品房:成交面积:广州（2021年2月11日）,万平方米,3.32
83,上海市,,,2022,商品房:成交面积:上海（2022年4月18日）,万平方米,3.33
503,上海市,,,2022,商品房:成交面积:上海（2021年10月10日）,万平方米,3.33
575,上海市,,,2022,商品房:成交面积:上海（2021年12月24日）,万平方米,3.33
2374,广东省,,,2022,商品房:成交面积:广州（2020年10月24日）,万平方米,3.33
40,上海市,,,2022,商品房:成交面积:上海（2022年2月27日）,万平方米,3.34
311,广东省,,,2022,商品房:成交面积:广州（2022年3月21日）,万平方米,3.34
537,上海市,,,2022,商品房:成交面积:上海（2021年11月17日）,万平方米,3.34
583,上海市,,,2022,商品房:成交面积:上海（2021年12月31日）,万平方米,3.35
2521,广东省,,,2022,商品房:成交面积:广州（2020年7月1日）,万平方米,3.35
2428,广东省,,,2022,商品房:成交面积:广州（2020年12月19日）,万平方米,3.36
546,上海市,,,2022,商品房:成交面积:上海（2021年11月25日）,万平方米,3.37
1972,上海市,,,2022,商品房:成交面积:上海（2020年12月31日）,万平方米,3.37
369,广东省,,,2022,商品房:成交面积:广州（2022年6月2日）,万平方米,3.38
518,上海市,,,2022,商品房:成交面积:上海（2021年10月27日）,万平方米,3.38
1231,广东省,,,2022,商品房:成交面积:广州（2021年12月11日）,万平方米,3.38
2368,广东省,,,2022,商品房:成交面积:广州（2020年10月19日）,万平方米,3.38
2370,广东省,,,2022,商品房:成交面积:广州（2020年10月20日）,万平方米,3.38
2633,广东省,,,2022,商品房:成交面积:深圳（2020年10月9日）,万平方米,3.38
2487,广东省,,,2022,商品房:成交面积:广州（2020年6月16日）,万平方米,3.39
2506,广东省,,,2022,商品房:成交面积:广州（2020年6月5日）,万平方米,3.39
819,北京市,,,2022,商品房:成交面积:北京（2021年10月11日）,万平方米,3.4
908,北京市,,,2022,商品房:成交面积:北京（2021年12月8日）,万平方米,3.4
916,北京市,,,2022,商品房:成交面积:北京（2021年1月16日）,万平方米,3.4
1038,北京市,,,2022,商品房:成交面积:北京（2021年5月27日）,万平方米,3.4
1099,北京市,,,2022,商品房:成交面积:北京（2021年7月28日）,万平方米,3.4
2011,上海市,,,2022,商品房:成交面积:上海（2020年6月11日）,万平方米,3.4
2147,北京市,,,2022,商品房:成交面积:北京（2020年10月31日）,万平方米,3.4
2169,北京市,,,2022,商品房:成交面积:北京（2020年11月24日）,万平方米,3.4
2180,北京市,,,2022,商品房:成交面积:北京（2020年11月6日）,万平方米,3.4
2228,北京市,,,2022,商品房:成交面积:北京（2020年5月23日）,万平方米,3.4
2254,北京市,,,2022,商品房:成交面积:北京（2020年6月19日）,万平方米,3.4
2275,北京市,,,2022,商品房:成交面积:北京（2020年7月10日）,万平方米,3.4
2277,北京市,,,2022,商品房:成交面积:北京（2020年7月12日）,万平方米,3.4
1250,广东省,,,2022,商品房:成交面积:广州（2021年12月4日）,万平方米,3.41
1374,广东省,,,2022,商品房:成交面积:广州（2021年4月9日）,万平方米,3.41
1929,上海市,,,2022,商品房:成交面积:上海（2020年11月19日）,万平方米,3.41
2393,广东省,,,2022,商品房:成交面积:广州（2020年11月13日）,万平方米,3.41
2483,广东省,,,2022,商品房:成交面积:广州（2020年6月12日）,万平方米,3.41
773,上海市,,,2022,商品房:成交面积:上海（2021年8月24日）,万平方米,3.42
2457,广东省,,,2022,商品房:成交面积:广州（2020年5月17日）,万平方米,3.42
2452,广东省,,,2022,商品房:成交面积:广州（2020年5月12日）,万平方米,3.43
2523,广东省,,,2022,商品房:成交面积:广州（2020年7月21日）,万平方米,3.43
2537,广东省,,,2022,商品房:成交面积:广州（2020年7月5日）,万平方米,3.43
2430,广东省,,,2022,商品房:成交面积:广州（2020年12月20日）,万平方米,3.44
84,上海市,,,2022,商品房:成交面积:上海（2022年4月19日）,万平方米,3.45
709,上海市,,,2022,商品房:成交面积:上海（2021年5月13日）,万平方米,3.45
1317,广东省,,,2022,商品房:成交面积:广州（2021年3月13日）,万平方米,3.45
2397,广东省,,,2022,商品房:成交面积:广州（2020年11月17日）,万平方米,3.45
2546,广东省,,,2022,商品房:成交面积:广州（2020年8月14日）,万平方米,3.45
2551,广东省,,,2022,商品房:成交面积:广州（2020年8月19日）,万平方米,3.45
20,上海市,,,2022,商品房:成交面积:上海（2022年1月2日）,万平方米,3.46
48,上海市,,,2022,商品房:成交面积:上海（2022年2月8日）,万平方米,3.46
52,上海市,,,2022,商品房:成交面积:上海（2022年3月12日）,万平方米,3.46
533,上海市,,,2022,商品房:成交面积:上海（2021年11月12日）,万平方米,3.46
1359,广东省,,,2022,商品房:成交面积:广州（2021年4月23日）,万平方米,3.46
1974,上海市,,,2022,商品房:成交面积:上海（2020年12月4日）,万平方米,3.46
1931,上海市,,,2022,商品房:成交面积:上海（2020年11月20日）,万平方米,3.47
2105,上海市,,,2022,商品房:成交面积:上海（2020年9月17日）,万平方米,3.47
1285,广东省,,,2022,商品房:成交面积:广州（2021年1月8日）,万平方米,3.48
1360,广东省,,,2022,商品房:成交面积:广州（2021年4月24日）,万平方米,3.48
2460,广东省,,,2022,商品房:成交面积:广州（2020年5月1日）,万平方米,3.48
4,上海市,,,2022,商品房:成交面积:上海（2022年1月13日）,万平方米,3.49
154,北京市,,,2022,商品房:成交面积:北京（2022年2月12日）,万平方米,3.5
901,北京市,,,2022,商品房:成交面积:北京（2021年12月30日）,万平方米,3.5
987,北京市,,,2022,商品房:成交面积:北京（2021年3月7日）,万平方米,3.5
1045,北京市,,,2022,商品房:成交面积:北京（2021年5月4日）,万平方米,3.5
2308,北京市,,,2022,商品房:成交面积:北京（2020年8月1日）,万平方米,3.5
5,上海市,,,2022,商品房:成交面积:上海（2022年1月14日）,万平方米,3.51
33,上海市,,,2022,商品房:成交面积:上海（2022年2月1日）,万平方米,3.51
45,上海市,,,2022,商品房:成交面积:上海（2022年2月5日）,万平方米,3.51
566,上海市,,,2022,商品房:成交面积:上海（2021年12月16日）,万平方米,3.52
1483,广东省,,,2022,商品房:成交面积:广州（2021年8月25日）,万平方米,3.52
2510,广东省,,,2022,商品房:成交面积:广州（2020年6月9日）,万平方米,3.52
2539,广东省,,,2022,商品房:成交面积:广州（2020年7月7日）,万平方米,3.52
42,上海市,,,2022,商品房:成交面积:上海（2022年2月2日）,万平方米,3.53
545,上海市,,,2022,商品房:成交面积:上海（2021年11月24日）,万平方米,3.53
1291,广东省,,,2022,商品房:成交面积:广州（2021年2月14日）,万平方米,3.53
2039,上海市,,,2022,商品房:成交面积:上海（2020年6月9日）,万平方米,3.53
2522,广东省,,,2022,商品房:成交面积:广州（2020年7月20日）,万平方米,3.53
2508,广东省,,,2022,商品房:成交面积:广州（2020年6月7日）,万平方米,3.54
2542,广东省,,,2022,商品房:成交面积:广州（2020年8月10日）,万平方米,3.54
373,广东省,,,2022,商品房:成交面积:广州（2022年6月7日）,万平方米,3.55
1265,广东省,,,2022,商品房:成交面积:广州（2021年1月19日）,万平方米,3.55
744,上海市,,,2022,商品房:成交面积:上海（2021年6月18日）,万平方米,3.56
770,上海市,,,2022,商品房:成交面积:上海（2021年8月21日）,万平方米,3.56
2373,广东省,,,2022,商品房:成交面积:广州（2020年10月23日）,万平方米,3.56
2432,广东省,,,2022,商品房:成交面积:广州（2020年12月22日）,万平方米,3.56
736,上海市,,,2022,商品房:成交面积:上海（2021年6月10日）,万平方米,3.57
2502,广东省,,,2022,商品房:成交面积:广州（2020年6月2日）,万平方米,3.57
2538,广东省,,,2022,商品房:成交面积:广州（2020年7月6日）,万平方米,3.57
735,上海市,,,2022,商品房:成交面积:上海（2021年5月9日）,万平方米,3.58
1435,广东省,,,2022,商品房:成交面积:广州（2021年6月9日）,万平方米,3.58
1378,广东省,,,2022,商品房:成交面积:广州（2021年5月13日）,万平方米,3.59
2488,广东省,,,2022,商品房:成交面积:广州（2020年6月17日）,万平方米,3.59
216,北京市,,,2022,商品房:成交面积:北京（2022年4月3日）,万平方米,3.6
702,上海市,,,2022,商品房:成交面积:上海（2021年4月6日）,万平方米,3.6
876,北京市,,,2022,商品房:成交面积:北京（2021年11月7日）,万平方米,3.6
887,北京市,,,2022,商品房:成交面积:北京（2021年12月18日）,万平方米,3.6
946,北京市,,,2022,商品房:成交面积:北京（2021年2月23日）,万平方米,3.6
949,北京市,,,2022,商品房:成交面积:北京（2021年2月26日）,万平方米,3.6
951,北京市,,,2022,商品房:成交面积:北京（2021年2月28日）,万平方米,3.6
958,北京市,,,2022,商品房:成交面积:北京（2021年2月9日）,万平方米,3.6
997,北京市,,,2022,商品房:成交面积:北京（2021年4月17日）,万平方米,3.6
1130,北京市,,,2022,商品房:成交面积:北京（2021年8月28日）,万平方米,3.6
1299,广东省,,,2022,商品房:成交面积:广州（2021年2月22日）,万平方米,3.6
2219,北京市,,,2022,商品房:成交面积:北京（2020年5月15日）,万平方米,3.6
2227,北京市,,,2022,商品房:成交面积:北京（2020年5月22日）,万平方米,3.6
2305,北京市,,,2022,商品房:成交面积:北京（2020年8月17日）,万平方米,3.6
2485,广东省,,,2022,商品房:成交面积:广州（2020年6月14日）,万平方米,3.6
2507,广东省,,,2022,商品房:成交面积:广州（2020年6月6日）,万平方米,3.6
1518,广东省,,,2022,商品房:成交面积:广州（2021年9月29日）,万平方米,3.61
641,上海市,,,2022,商品房:成交面积:上海（2021年2月6日）,万平方米,3.62
762,上海市,,,2022,商品房:成交面积:上海（2021年8月14日）,万平方米,3.63
1356,广东省,,,2022,商品房:成交面积:广州（2021年4月20日）,万平方米,3.63
2554,广东省,,,2022,商品房:成交面积:广州（2020年8月21日）,万平方米,3.63
2598,广东省,,,2022,商品房:成交面积:广州（2020年9月5日）,万平方米,3.63
560,上海市,,,2022,商品房:成交面积:上海（2021年12月10日）,万平方米,3.64
2403,广东省,,,2022,商品房:成交面积:广州（2020年11月22日）,万平方米,3.64
2404,广东省,,,2022,商品房:成交面积:广州（2020年11月23日）,万平方米,3.65
505,上海市,,,2022,商品房:成交面积:上海（2021年10月12日）,万平方米,3.66
1263,广东省,,,2022,商品房:成交面积:广州（2021年1月17日）,万平方米,3.66
788,上海市,,,2022,商品房:成交面积:上海（2021年9月10日）,万平方米,3.67
812,上海市,,,2022,商品房:成交面积:上海（2021年9月4日）,万平方米,3.67
2381,广东省,,,2022,商品房:成交面积:广州（2020年10月30日）,万平方米,3.67
704,上海市,,,2022,商品房:成交面积:上海（2021年4月8日）,万平方米,3.68
2529,广东省,,,2022,商品房:成交面积:广州（2020年7月27日）,万平方米,3.68
2543,广东省,,,2022,商品房:成交面积:广州（2020年8月11日）,万平方米,3.68
2514,广东省,,,2022,商品房:成交面积:广州（2020年7月13日）,万平方米,3.69
26,上海市,,,2022,商品房:成交面积:上海（2022年1月8日）,万平方米,3.7
229,北京市,,,2022,商品房:成交面积:北京（2022年5月3日）,万平方米,3.7
602,上海市,,,2022,商品房:成交面积:上海（2021年1月20日）,万平方米,3.7
853,北京市,,,2022,商品房:成交面积:北京（2021年11月14日）,万平方米,3.7
884,北京市,,,2022,商品房:成交面积:北京（2021年12月15日）,万平方米,3.7
910,北京市,,,2022,商品房:成交面积:北京（2021年1月10日）,万平方米,3.7
927,北京市,,,2022,商品房:成交面积:北京（2021年1月4日）,万平方米,3.7
938,北京市,,,2022,商品房:成交面积:北京（2021年2月15日）,万平方米,3.7
945,北京市,,,2022,商品房:成交面积:北京（2021年2月22日）,万平方米,3.7
1292,广东省,,,2022,商品房:成交面积:广州（2021年2月15日）,万平方米,3.7
1420,广东省,,,2022,商品房:成交面积:广州（2021年6月23日）,万平方米,3.7
2154,北京市,,,2022,商品房:成交面积:北京（2020年10月9日）,万平方米,3.7
2266,北京市,,,2022,商品房:成交面积:北京（2020年6月2日）,万平方米,3.7
2276,北京市,,,2022,商品房:成交面积:北京（2020年7月11日）,万平方米,3.7
2295,北京市,,,2022,商品房:成交面积:北京（2020年7月7日）,万平方米,3.7
2335,北京市,,,2022,商品房:成交面积:北京（2020年9月16日）,万平方米,3.7
2336,北京市,,,2022,商品房:成交面积:北京（2020年9月17日）,万平方米,3.7
2395,广东省,,,2022,商品房:成交面积:广州（2020年11月15日）,万平方米,3.7
112,上海市,,,2022,商品房:成交面积:上海（2022年5月4日）,万平方米,3.71
2527,广东省,,,2022,商品房:成交面积:广州（2020年7月25日）,万平方米,3.72
75,上海市,,,2022,商品房:成交面积:上海（2022年4月10日）,万平方米,3.74
517,上海市,,,2022,商品房:成交面积:上海（2021年10月26日）,万平方米,3.74
634,上海市,,,2022,商品房:成交面积:上海（2021年2月26日）,万平方米,3.74
732,上海市,,,2022,商品房:成交面积:上海（2021年5月6日）,万平方米,3.74
8,上海市,,,2022,商品房:成交面积:上海（2022年1月17日）,万平方米,3.75
2509,广东省,,,2022,商品房:成交面积:广州（2020年6月8日）,万平方米,3.75
532,上海市,,,2022,商品房:成交面积:上海（2021年11月11日）,万平方米,3.76
1187,广东省,,,2022,商品房:成交面积:广州（2021年10月27日）,万平方米,3.76
2556,广东省,,,2022,商品房:成交面积:广州（2020年8月23日）,万平方米,3.76
2600,广东省,,,2022,商品房:成交面积:广州（2020年9月7日）,万平方米,3.76
1235,广东省,,,2022,商品房:成交面积:广州（2021年12月15日）,万平方米,3.77
2396,广东省,,,2022,商品房:成交面积:广州（2020年11月16日）,万平方米,3.77
2566,广东省,,,2022,商品房:成交面积:广州（2020年8月3日）,万平方米,3.77
1922,上海市,,,2022,商品房:成交面积:上海（2020年11月12日）,万平方米,3.79
155,北京市,,,2022,商品房:成交面积:北京（2022年2月1日）,万平方米,3.8
932,北京市,,,2022,商品房:成交面积:北京（2021年1月9日）,万平方米,3.8
962,北京市,,,2022,商品房:成交面积:北京（2021年3月13日）,万平方米,3.8
1008,北京市,,,2022,商品房:成交面积:北京（2021年4月27日）,万平方米,3.8
1341,广东省,,,2022,商品房:成交面积:广州（2021年3月6日）,万平方米,3.8
2163,北京市,,,2022,商品房:成交面积:北京（2020年11月19日）,万平方米,3.8
2175,北京市,,,2022,商品房:成交面积:北京（2020年11月2日）,万平方米,3.8
2177,北京市,,,2022,商品房:成交面积:北京（2020年11月3日）,万平方米,3.8
2255,北京市,,,2022,商品房:成交面积:北京（2020年6月1日）,万平方米,3.8
2278,北京市,,,2022,商品房:成交面积:北京（2020年7月13日）,万平方米,3.8
2286,北京市,,,2022,商品房:成交面积:北京（2020年7月21日）,万平方米,3.8
2337,北京市,,,2022,商品房:成交面积:北京（2020年9月18日）,万平方米,3.8
2557,广东省,,,2022,商品房:成交面积:广州（2020年8月24日）,万平方米,3.82
2601,广东省,,,2022,商品房:成交面积:广州（2020年9月8日）,万平方米,3.82
1267,广东省,,,2022,商品房:成交面积:广州（2021年1月20日）,万平方米,3.83
2459,广东省,,,2022,商品房:成交面积:广州（2020年5月19日）,万平方米,3.83
711,上海市,,,2022,商品房:成交面积:上海（2021年5月15日）,万平方米,3.84
1392,广东省,,,2022,商品房:成交面积:广州（2021年5月26日）,万平方米,3.84
2035,上海市,,,2022,商品房:成交面积:上海（2020年6月5日）,万平方米,3.84
656,上海市,,,2022,商品房:成交面积:上海（2021年3月20日）,万平方米,3.85
1512,广东省,,,2022,商品房:成交面积:广州（2021年9月23日）,万平方米,3.85
15,上海市,,,2022,商品房:成交面积:上海（2022年1月23日）,万平方米,3.86
654,上海市,,,2022,商品房:成交面积:上海（2021年3月19日）,万平方米,3.86
782,上海市,,,2022,商品房:成交面积:上海（2021年8月4日）,万平方米,3.86
2391,广东省,,,2022,商品房:成交面积:广州（2020年11月11日）,万平方米,3.86
737,上海市,,,2022,商品房:成交面积:上海（2021年6月11日）,万平方米,3.87
2390,广东省,,,2022,商品房:成交面积:广州（2020年11月10日）,万平方米,3.87
2405,广东省,,,2022,商品房:成交面积:广州（2020年11月24日）,万平方米,3.87
1244,广东省,,,2022,商品房:成交面积:广州（2021年12月23日）,万平方米,3.88
1340,广东省,,,2022,商品房:成交面积:广州（2021年3月5日）,万平方米,3.88
2491,广东省,,,2022,商品房:成交面积:广州（2020年6月1日）,万平方米,3.88
106,上海市,,,2022,商品房:成交面积:上海（2022年5月11日）,万平方米,3.89
178,北京市,,,2022,商品房:成交面积:北京（2022年3月1日）,万平方米,3.9
883,北京市,,,2022,商品房:成交面积:北京（2021年12月14日）,万平方米,3.9
917,北京市,,,2022,商品房:成交面积:北京（2021年1月17日）,万平方米,3.9
2124,北京市,,,2022,商品房:成交面积:北京（2020年10月10日）,万平方米,3.9
2125,北京市,,,2022,商品房:成交面积:北京（2020年10月11日）,万平方米,3.9
2155,北京市,,,2022,商品房:成交面积:北京（2020年11月10日）,万平方米,3.9
2156,北京市,,,2022,商品房:成交面积:北京（2020年11月12日）,万平方米,3.9
2167,北京市,,,2022,商品房:成交面积:北京（2020年11月22日）,万平方米,3.9
2312,北京市,,,2022,商品房:成交面积:北京（2020年8月23日）,万平方米,3.9
1961,上海市,,,2022,商品房:成交面积:上海（2020年12月21日）,万平方米,3.91
2579,广东省,,,2022,商品房:成交面积:广州（2020年9月16日）,万平方米,3.91
110,上海市,,,2022,商品房:成交面积:上海（2022年5月2日）,万平方米,3.92
340,广东省,,,2022,商品房:成交面积:广州（2022年4月25日）,万平方米,3.92
1262,广东省,,,2022,商品房:成交面积:广州（2021年1月16日）,万平方米,3.92
774,上海市,,,2022,商品房:成交面积:上海（2021年8月25日）,万平方米,3.93
800,上海市,,,2022,商品房:成交面积:上海（2021年9月21日）,万平方米,3.93
1318,广东省,,,2022,商品房:成交面积:广州（2021年3月14日）,万平方米,3.93
2486,广东省,,,2022,商品房:成交面积:广州（2020年6月15日）,万平方米,3.93
2511,广东省,,,2022,商品房:成交面积:广州（2020年7月10日）,万平方米,3.93
706,上海市,,,2022,商品房:成交面积:上海（2021年5月10日）,万平方米,3.94
716,上海市,,,2022,商品房:成交面积:上海（2021年5月20日）,万平方米,3.94
2427,广东省,,,2022,商品房:成交面积:广州（2020年12月18日）,万平方米,3.94
6,上海市,,,2022,商品房:成交面积:上海（2022年1月15日）,万平方米,3.95
777,上海市,,,2022,商品房:成交面积:上海（2021年8月29日）,万平方米,3.95
1361,广东省,,,2022,商品房:成交面积:广州（2021年4月25日）,万平方米,3.95
1379,广东省,,,2022,商品房:成交面积:广州（2021年5月14日）,万平方米,3.95
2453,广东省,,,2022,商品房:成交面积:广州（2020年5月13日）,万平方米,3.95
2490,广东省,,,2022,商品房:成交面积:广州（2020年6月19日）,万平方米,3.95
2496,广东省,,,2022,商品房:成交面积:广州（2020年6月24日）,万平方米,3.95
582,上海市,,,2022,商品房:成交面积:上海（2021年12月30日）,万平方米,3.96
606,上海市,,,2022,商品房:成交面积:上海（2021年1月24日）,万平方米,3.96
516,上海市,,,2022,商品房:成交面积:上海（2021年10月25日）,万平方米,3.97
73,上海市,,,2022,商品房:成交面积:上海（2022年3月8日）,万平方米,3.98
1371,广东省,,,2022,商品房:成交面积:广州（2021年4月6日）,万平方米,3.98
2040,上海市,,,2022,商品房:成交面积:上海（2020年7月10日）,万平方米,3.99
2398,广东省,,,2022,商品房:成交面积:广州（2020年11月18日）,万平方米,3.99
2516,广东省,,,2022,商品房:成交面积:广州（2020年7月15日）,万平方米,3.99
854,北京市,,,2022,商品房:成交面积:北京（2021年11月15日）,万平方米,4
879,北京市,,,2022,商品房:成交面积:北京（2021年12月10日）,万平方米,4
926,北京市,,,2022,商品房:成交面积:北京（2021年1月3日）,万平方米,4
963,北京市,,,2022,商品房:成交面积:北京（2021年3月14日）,万平方米,4
971,北京市,,,2022,商品房:成交面积:北京（2021年3月21日）,万平方米,4
1028,北京市,,,2022,商品房:成交面积:北京（2021年5月18日）,万平方米,4
1158,北京市,,,2022,商品房:成交面积:北京（2021年9月28日）,万平方米,4
1399,广东省,,,2022,商品房:成交面积:广州（2021年5月3日）,万平方米,4
2126,北京市,,,2022,商品房:成交面积:北京（2020年10月12日）,万平方米,4
2166,北京市,,,2022,商品房:成交面积:北京（2020年11月21日）,万平方米,4
2192,北京市,,,2022,商品房:成交面积:北京（2020年12月19日）,万平方米,4
2229,北京市,,,2022,商品房:成交面积:北京（2020年5月24日）,万平方米,4
2268,北京市,,,2022,商品房:成交面积:北京（2020年6月3日）,万平方米,4
2330,北京市,,,2022,商品房:成交面积:北京（2020年9月11日）,万平方米,4
600,上海市,,,2022,商品房:成交面积:上海（2021年1月19日）,万平方米,4.01
7,上海市,,,2022,商品房:成交面积:上海（2022年1月16日）,万平方米,4.02
1300,广东省,,,2022,商品房:成交面积:广州（2021年2月23日）,万平方米,4.02
23,上海市,,,2022,商品房:成交面积:上海（2022年1月5日）,万平方米,4.03
1239,广东省,,,2022,商品房:成交面积:广州（2021年12月19日）,万平方米,4.03
1459,广东省,,,2022,商品房:成交面积:广州（2021年7月31日）,万平方米,4.03
60,上海市,,,2022,商品房:成交面积:上海（2022年3月1日）,万平方米,4.04
696,上海市,,,2022,商品房:成交面积:上海（2021年4月29日）,万平方米,4.04
1985,上海市,,,2022,商品房:成交面积:上海（2020年5月15日）,万平方米,4.04
2367,广东省,,,2022,商品房:成交面积:广州（2020年10月18日）,万平方米,4.04
2540,广东省,,,2022,商品房:成交面积:广州（2020年7月8日）,万平方米,4.05
21,上海市,,,2022,商品房:成交面积:上海（2022年1月3日）,万平方米,4.06
1173,广东省,,,2022,商品房:成交面积:广州（2021年10月14日）,万平方米,4.06
105,上海市,,,2022,商品房:成交面积:上海（2022年5月10日）,万平方米,4.07
2567,广东省,,,2022,商品房:成交面积:广州（2020年8月4日）,万平方米,4.07
335,广东省,,,2022,商品房:成交面积:广州（2022年4月20日）,万平方米,4.09
799,上海市,,,2022,商品房:成交面积:上海（2021年9月20日）,万平方米,4.09
95,上海市,,,2022,商品房:成交面积:上海（2022年4月29日）,万平方米,4.1
713,上海市,,,2022,商品房:成交面积:上海（2021年5月17日）,万平方米,4.1
739,上海市,,,2022,商品房:成交面积:上海（2021年6月13日）,万平方米,4.1
801,上海市,,,2022,商品房:成交面积:上海（2021年9月22日）,万平方米,4.1
890,北京市,,,2022,商品房:成交面积:北京（2021年12月20日）,万平方米,4.1
912,北京市,,,2022,商品房:成交面积:北京（2021年1月12日）,万平方米,4.1
959,北京市,,,2022,商品房:成交面积:北京（2021年3月10日）,万平方米,4.1
965,北京市,,,2022,商品房:成交面积:北京（2021年3月16日）,万平方米,4.1
1005,北京市,,,2022,商品房:成交面积:北京（2021年4月24日）,万平方米,4.1
1036,北京市,,,2022,商品房:成交面积:北京（2021年5月25日）,万平方米,4.1
1095,北京市,,,2022,商品房:成交面积:北京（2021年7月24日）,万平方米,4.1
2223,北京市,,,2022,商品房:成交面积:北京（2020年5月19日）,万平方米,4.1
2302,北京市,,,2022,商品房:成交面积:北京（2020年8月14日）,万平方米,4.1
2544,广东省,,,2022,商品房:成交面积:广州（2020年8月12日）,万平方米,4.1
2495,广东省,,,2022,商品房:成交面积:广州（2020年6月23日）,万平方米,4.11
2423,广东省,,,2022,商品房:成交面积:广州（2020年12月13日）,万平方米,4.12
41,上海市,,,2022,商品房:成交面积:上海（2022年2月28日）,万平方米,4.13
89,上海市,,,2022,商品房:成交面积:上海（2022年4月23日）,万平方米,4.13
1243,广东省,,,2022,商品房:成交面积:广州（2021年12月22日）,万平方米,4.13
2526,广东省,,,2022,商品房:成交面积:广州（2020年7月24日）,万平方米,4.14
2528,广东省,,,2022,商品房:成交面积:广州（2020年7月26日）,万平方米,4.14
76,上海市,,,2022,商品房:成交面积:上海（2022年4月11日）,万平方米,4.15
2451,广东省,,,2022,商品房:成交面积:广州（2020年5月11日）,万平方米,4.15
2422,广东省,,,2022,商品房:成交面积:广州（2020年12月12日）,万平方米,4.16
2504,广东省,,,2022,商品房:成交面积:广州（2020年6月3日）,万平方米,4.16
9,上海市,,,2022,商品房:成交面积:上海（2022年1月18日）,万平方米,4.17
16,上海市,,,2022,商品房:成交面积:上海（2022年1月24日）,万平方米,4.18
661,上海市,,,2022,商品房:成交面积:上海（2021年3月25日）,万平方米,4.18
759,上海市,,,2022,商品房:成交面积:上海（2021年8月11日）,万平方米,4.18
763,上海市,,,2022,商品房:成交面积:上海（2021年8月15日）,万平方米,4.18
1259,广东省,,,2022,商品房:成交面积:广州（2021年1月13日）,万平方米,4.18
81,上海市,,,2022,商品房:成交面积:上海（2022年4月16日）,万平方米,4.19
712,上海市,,,2022,商品房:成交面积:上海（2021年5月16日）,万平方米,4.19
877,北京市,,,2022,商品房:成交面积:北京（2021年11月8日）,万平方米,4.2
970,北京市,,,2022,商品房:成交面积:北京（2021年3月20日）,万平方米,4.2
976,北京市,,,2022,商品房:成交面积:北京（2021年3月26日）,万平方米,4.2
2008,上海市,,,2022,商品房:成交面积:上海（2020年5月8日）,万平方米,4.2
2304,北京市,,,2022,商品房:成交面积:北京（2020年8月16日）,万平方米,4.2
2307,北京市,,,2022,商品房:成交面积:北京（2020年8月19日）,万平方米,4.2
2354,北京市,,,2022,商品房:成交面积:北京（2020年9月5日）,万平方米,4.2
2355,北京市,,,2022,商品房:成交面积:北京（2020年9月6日）,万平方米,4.2
2356,北京市,,,2022,商品房:成交面积:北京（2020年9月7日）,万平方米,4.2
2384,广东省,,,2022,商品房:成交面积:广州（2020年10月4日）,万平方米,4.2
2385,广东省,,,2022,商品房:成交面积:广州（2020年10月5日）,万平方米,4.2
2610,广东省,,,2022,商品房:成交面积:深圳（2020年10月17日）,万平方米,4.2
750,上海市,,,2022,商品房:成交面积:上海（2021年6月2日）,万平方米,4.21
1171,广东省,,,2022,商品房:成交面积:广州（2021年10月12日）,万平方米,4.21
1284,广东省,,,2022,商品房:成交面积:广州（2021年1月7日）,万平方米,4.21
2064,上海市,,,2022,商品房:成交面积:上海（2020年7月3日）,万平方米,4.21
313,广东省,,,2022,商品房:成交面积:广州（2022年3月23日）,万平方米,4.22
2458,广东省,,,2022,商品房:成交面积:广州（2020年5月18日）,万平方米,4.23
2492,广东省,,,2022,商品房:成交面积:广州（2020年6月20日）,万平方米,4.23
790,上海市,,,2022,商品房:成交面积:上海（2021年9月12日）,万平方米,4.24
798,上海市,,,2022,商品房:成交面积:上海（2021年9月1日）,万平方米,4.24
2387,广东省,,,2022,商品房:成交面积:广州（2020年10月7日）,万平方米,4.24
249,广东省,,,2022,商品房:成交面积:广州（2022年1月15日）,万平方米,4.25
1286,广东省,,,2022,商品房:成交面积:广州（2021年1月9日）,万平方米,4.25
2383,广东省,,,2022,商品房:成交面积:广州（2020年10月3日）,万平方米,4.25
22,上海市,,,2022,商品房:成交面积:上海（2022年1月4日）,万平方米,4.26
804,上海市,,,2022,商品房:成交面积:上海（2021年9月25日）,万平方米,4.26
1954,上海市,,,2022,商品房:成交面积:上海（2020年12月14日）,万平方米,4.27
2377,广东省,,,2022,商品房:成交面积:广州（2020年10月27日）,万平方米,4.27
2378,广东省,,,2022,商品房:成交面积:广州（2020年10月28日）,万平方米,4.27
647,上海市,,,2022,商品房:成交面积:上海（2021年3月12日）,万平方米,4.28
1372,广东省,,,2022,商品房:成交面积:广州（2021年4月7日）,万平方米,4.28
778,上海市,,,2022,商品房:成交面积:上海（2021年8月2日）,万平方米,4.29
3,上海市,,,2022,商品房:成交面积:上海（2022年1月12日）,万平方米,4.3
701,上海市,,,2022,商品房:成交面积:上海（2021年4月5日）,万平方米,4.3
816,上海市,,,2022,商品房:成交面积:上海（2021年9月8日）,万平方米,4.3
944,北京市,,,2022,商品房:成交面积:北京（2021年2月21日）,万平方米,4.3
1367,广东省,,,2022,商品房:成交面积:广州（2021年4月30日）,万平方米,4.3
2130,北京市,,,2022,商品房:成交面积:北京（2020年10月16日）,万平方米,4.3
2212,北京市,,,2022,商品房:成交面积:北京（2020年12月8日）,万平方米,4.3
2222,北京市,,,2022,商品房:成交面积:北京（2020年5月18日）,万平方米,4.3
1425,广东省,,,2022,商品房:成交面积:广州（2021年6月28日）,万平方米,4.31
1475,广东省,,,2022,商品房:成交面积:广州（2021年8月18日）,万平方米,4.31
2400,广东省,,,2022,商品房:成交面积:广州（2020年11月1日）,万平方米,4.31
2549,广东省,,,2022,商品房:成交面积:广州（2020年8月17日）,万平方米,4.31
2047,上海市,,,2022,商品房:成交面积:上海（2020年7月17日）,万平方米,4.32
2450,广东省,,,2022,商品房:成交面积:广州（2020年5月10日）,万平方米,4.32
559,上海市,,,2022,商品房:成交面积:上海（2021年11月9日）,万平方米,4.33
2581,广东省,,,2022,商品房:成交面积:广州（2020年9月18日）,万平方米,4.33
726,上海市,,,2022,商品房:成交面积:上海（2021年5月2日）,万平方米,4.34
1298,广东省,,,2022,商品房:成交面积:广州（2021年2月21日）,万平方米,4.34
1297,广东省,,,2022,商品房:成交面积:广州（2021年2月20日）,万平方米,4.36
1350,广东省,,,2022,商品房:成交面积:广州（2021年4月15日）,万平方米,4.36
620,上海市,,,2022,商品房:成交面积:上海（2021年2月12日）,万平方米,4.37
671,上海市,,,2022,商品房:成交面积:上海（2021年3月5日）,万平方米,4.37
1296,广东省,,,2022,商品房:成交面积:广州（2021年2月19日）,万平方米,4.37
1952,上海市,,,2022,商品房:成交面积:上海（2020年12月12日）,万平方米,4.37
2499,广东省,,,2022,商品房:成交面积:广州（2020年6月27日）,万平方米,4.37
2597,广东省,,,2022,商品房:成交面积:广州（2020年9月4日）,万平方米,4.37
2611,广东省,,,2022,商品房:成交面积:深圳（2020年10月18日）,万平方米,4.37
1363,广东省,,,2022,商品房:成交面积:广州（2021年4月27日）,万平方米,4.38
1346,广东省,,,2022,商品房:成交面积:广州（2021年4月11日）,万平方米,4.39
2568,广东省,,,2022,商品房:成交面积:广州（2020年8月5日）,万平方米,4.39
580,上海市,,,2022,商品房:成交面积:上海（2021年12月29日）,万平方米,4.4
940,北京市,,,2022,商品房:成交面积:北京（2021年2月17日）,万平方米,4.4
964,北京市,,,2022,商品房:成交面积:北京（2021年3月15日）,万平方米,4.4
966,北京市,,,2022,商品房:成交面积:北京（2021年3月17日）,万平方米,4.4
1366,广东省,,,2022,商品房:成交面积:广州（2021年4月2日）,万平方米,4.4
1973,上海市,,,2022,商品房:成交面积:上海（2020年12月3日）,万平方米,4.4
2100,上海市,,,2022,商品房:成交面积:上海（2020年9月11日）,万平方米,4.4
2209,北京市,,,2022,商品房:成交面积:北京（2020年12月5日）,万平方米,4.4
2226,北京市,,,2022,商品房:成交面积:北京（2020年5月21日）,万平方米,4.4
2256,北京市,,,2022,商品房:成交面积:北京（2020年6月20日）,万平方米,4.4
2297,北京市,,,2022,商品房:成交面积:北京（2020年7月9日）,万平方米,4.4
2353,北京市,,,2022,商品房:成交面积:北京（2020年9月4日）,万平方米,4.4
2461,广东省,,,2022,商品房:成交面积:广州（2020年5月20日）,万平方米,4.4
549,上海市,,,2022,商品房:成交面积:上海（2021年11月28日）,万平方米,4.41
1287,广东省,,,2022,商品房:成交面积:广州（2021年2月10日）,万平方米,4.41
2474,广东省,,,2022,商品房:成交面积:广州（2020年5月3日）,万平方米,4.41
2728,广东省,,,2022,商品房:成交面积:深圳（2020年6月16日）,万平方米,4.41
2372,广东省,,,2022,商品房:成交面积:广州（2020年10月22日）,万平方米,4.43
693,上海市,,,2022,商品房:成交面积:上海（2021年4月26日）,万平方米,4.44
1246,广东省,,,2022,商品房:成交面积:广州（2021年12月25日）,万平方米,4.44
99,上海市,,,2022,商品房:成交面积:上海（2022年4月4日）,万平方米,4.45
122,上海市,,,2022,商品房:成交面积:上海（2022年6月4日）,万平方米,4.45
262,广东省,,,2022,商品房:成交面积:广州（2022年1月27日）,万平方米,4.45
550,上海市,,,2022,商品房:成交面积:上海（2021年11月29日）,万平方米,4.45
670,上海市,,,2022,商品房:成交面积:上海（2021年3月4日）,万平方米,4.45
1948,上海市,,,2022,商品房:成交面积:上海（2020年11月8日）,万平方米,4.45
2414,广东省,,,2022,商品房:成交面积:广州（2020年11月4日）,万平方米,4.45
2561,广东省,,,2022,商品房:成交面积:广州（2020年8月28日）,万平方米,4.45
554,上海市,,,2022,商品房:成交面积:上海（2021年11月4日）,万平方米,4.47
622,上海市,,,2022,商品房:成交面积:上海（2021年2月14日）,万平方米,4.47
678,上海市,,,2022,商品房:成交面积:上海（2021年4月12日）,万平方米,4.47
1938,上海市,,,2022,商品房:成交面积:上海（2020年11月27日）,万平方米,4.48
1975,上海市,,,2022,商品房:成交面积:上海（2020年12月5日）,万平方米,4.48
781,上海市,,,2022,商品房:成交面积:上海（2021年8月3日）,万平方米,4.49
907,北京市,,,2022,商品房:成交面积:北京（2021年12月7日）,万平方米,4.5
967,北京市,,,2022,商品房:成交面积:北京（2021年3月18日）,万平方米,4.5
999,北京市,,,2022,商品房:成交面积:北京（2021年4月19日）,万平方米,4.5
2208,北京市,,,2022,商品房:成交面积:北京（2020年12月4日）,万平方米,4.5
2218,北京市,,,2022,商品房:成交面积:北京（2020年5月14日）,万平方米,4.5
687,上海市,,,2022,商品房:成交面积:上海（2021年4月20日）,万平方米,4.51
2558,广东省,,,2022,商品房:成交面积:广州（2020年8月25日）,万平方米,4.51
2602,广东省,,,2022,商品房:成交面积:广州（2020年9月9日）,万平方米,4.51
2,上海市,,,2022,商品房:成交面积:上海（2022年1月11日）,万平方米,4.52
544,上海市,,,2022,商品房:成交面积:上海（2021年11月23日）,万平方米,4.52
715,上海市,,,2022,商品房:成交面积:上海（2021年5月19日）,万平方米,4.52
724,上海市,,,2022,商品房:成交面积:上海（2021年5月28日）,万平方米,4.52
342,广东省,,,2022,商品房:成交面积:广州（2022年4月27日）,万平方米,4.53
541,上海市,,,2022,商品房:成交面积:上海（2021年11月20日）,万平方米,4.54
574,上海市,,,2022,商品房:成交面积:上海（2021年12月23日）,万平方米,4.54
814,上海市,,,2022,商品房:成交面积:上海（2021年9月6日）,万平方米,4.54
2401,广东省,,,2022,商品房:成交面积:广州（2020年11月20日）,万平方米,4.54
543,上海市,,,2022,商品房:成交面积:上海（2021年11月22日）,万平方米,4.55
644,上海市,,,2022,商品房:成交面积:上海（2021年2月9日）,万平方米,4.55
1169,广东省,,,2022,商品房:成交面积:广州（2021年10月10日）,万平方米,4.55
2455,广东省,,,2022,商品房:成交面积:广州（2020年5月15日）,万平方米,4.56
1396,广东省,,,2022,商品房:成交面积:广州（2021年5月2日）,万平方米,4.57
542,上海市,,,2022,商品房:成交面积:上海（2021年11月21日）,万平方米,4.58
1319,广东省,,,2022,商品房:成交面积:广州（2021年3月15日）,万平方米,4.58
2382,广东省,,,2022,商品房:成交面积:广州（2020年10月31日）,万平方米,4.58
523,上海市,,,2022,商品房:成交面积:上海（2021年10月31日）,万平方米,4.59
906,北京市,,,2022,商品房:成交面积:北京（2021年12月6日）,万平方米,4.6
984,北京市,,,2022,商品房:成交面积:北京（2021年3月4日）,万平方米,4.6
2158,北京市,,,2022,商品房:成交面积:北京（2020年11月14日）,万平方米,4.6
2159,北京市,,,2022,商品房:成交面积:北京（2020年11月15日）,万平方米,4.6
2200,北京市,,,2022,商品房:成交面积:北京（2020年12月26日）,万平方米,4.6
2220,北京市,,,2022,商品房:成交面积:北京（2020年5月16日）,万平方米,4.6
2241,北京市,,,2022,商品房:成交面积:北京（2020年5月6日）,万平方米,4.6
2253,北京市,,,2022,商品房:成交面积:北京（2020年6月18日）,万平方米,4.6
2269,北京市,,,2022,商品房:成交面积:北京（2020年6月4日）,万平方米,4.6
2309,北京市,,,2022,商品房:成交面积:北京（2020年8月20日）,万平方米,4.6
2313,北京市,,,2022,商品房:成交面积:北京（2020年8月24日）,万平方米,4.6
2317,北京市,,,2022,商品房:成交面积:北京（2020年8月28日）,万平方米,4.6
597,上海市,,,2022,商品房:成交面积:上海（2021年1月16日）,万平方米,4.61
1342,广东省,,,2022,商品房:成交面积:广州（2021年3月7日）,万平方米,4.61
514,上海市,,,2022,商品房:成交面积:上海（2021年10月23日）,万平方米,4.62
368,广东省,,,2022,商品房:成交面积:广州（2022年6月1日）,万平方米,4.63
1295,广东省,,,2022,商品房:成交面积:广州（2021年2月18日）,万平方米,4.63
1324,广东省,,,2022,商品房:成交面积:广州（2021年3月1日）,万平方米,4.63
1517,广东省,,,2022,商品房:成交面积:广州（2021年9月28日）,万平方米,4.63
2117,上海市,,,2022,商品房:成交面积:上海（2020年9月3日）,万平方米,4.63
556,上海市,,,2022,商品房:成交面积:上海（2021年11月6日）,万平方米,4.64
766,上海市,,,2022,商品房:成交面积:上海（2021年8月18日）,万平方米,4.64
1240,广东省,,,2022,商品房:成交面积:广州（2021年12月1日）,万平方米,4.64
1316,广东省,,,2022,商品房:成交面积:广州（2021年3月12日）,万平方米,4.64
2575,广东省,,,2022,商品房:成交面积:广州（2020年9月12日）,万平方米,4.64
98,上海市,,,2022,商品房:成交面积:上海（2022年4月3日）,万平方米,4.65
116,上海市,,,2022,商品房:成交面积:上海（2022年5月8日）,万平方米,4.65
1426,广东省,,,2022,商品房:成交面积:广州（2021年6月29日）,万平方米,4.65
1962,上海市,,,2022,商品房:成交面积:上海（2020年12月22日）,万平方米,4.65
598,上海市,,,2022,商品房:成交面积:上海（2021年1月17日）,万平方米,4.66
714,上海市,,,2022,商品房:成交面积:上海（2021年5月18日）,万平方米,4.66
626,上海市,,,2022,商品房:成交面积:上海（2021年2月18日）,万平方米,4.67
2467,广东省,,,2022,商品房:成交面积:广州（2020年5月26日）,万平方米,4.67
1946,上海市,,,2022,商品房:成交面积:上海（2020年11月6日）,万平方米,4.68
1984,上海市,,,2022,商品房:成交面积:上海（2020年5月14日）,万平方米,4.68
751,上海市,,,2022,商品房:成交面积:上海（2021年6月3日）,万平方米,4.69
593,上海市,,,2022,商品房:成交面积:上海（2021年1月12日）,万平方米,4.7
791,上海市,,,2022,商品房:成交面积:上海（2021年9月13日）,万平方米,4.7
855,北京市,,,2022,商品房:成交面积:北京（2021年11月16日）,万平方米,4.7
943,北京市,,,2022,商品房:成交面积:北京（2021年2月20日）,万平方米,4.7
988,北京市,,,2022,商品房:成交面积:北京（2021年3月8日）,万平方米,4.7
1022,北京市,,,2022,商品房:成交面积:北京（2021年5月12日）,万平方米,4.7
1159,北京市,,,2022,商品房:成交面积:北京（2021年9月29日）,万平方米,4.7
2184,北京市,,,2022,商品房:成交面积:北京（2020年12月11日）,万平方米,4.7
2221,北京市,,,2022,商品房:成交面积:北京（2020年5月17日）,万平方米,4.7
2242,北京市,,,2022,商品房:成交面积:北京（2020年5月7日）,万平方米,4.7
90,上海市,,,2022,商品房:成交面积:上海（2022年4月24日）,万平方米,4.72
2464,广东省,,,2022,商品房:成交面积:广州（2020年5月23日）,万平方米,4.72
758,上海市,,,2022,商品房:成交面积:上海（2021年8月10日）,万平方米,4.73
548,上海市,,,2022,商品房:成交面积:上海（2021年11月27日）,万平方米,4.74
2463,广东省,,,2022,商品房:成交面积:广州（2020年5月22日）,万平方米,4.74
1261,广东省,,,2022,商品房:成交面积:广州（2021年1月15日）,万平方米,4.75
1335,广东省,,,2022,商品房:成交面积:广州（2021年3月2日）,万平方米,4.75
1479,广东省,,,2022,商品房:成交面积:广州（2021年8月21日）,万平方米,4.75
2444,广东省,,,2022,商品房:成交面积:广州（2020年12月4日）,万平方米,4.75
764,上海市,,,2022,商品房:成交面积:上海（2021年8月16日）,万平方米,4.76
734,上海市,,,2022,商品房:成交面积:上海（2021年5月8日）,万平方米,4.77
592,上海市,,,2022,商品房:成交面积:上海（2021年1月11日）,万平方米,4.78
1993,上海市,,,2022,商品房:成交面积:上海（2020年5月22日）,万平方米,4.78
372,广东省,,,2022,商品房:成交面积:广州（2022年6月6日）,万平方米,4.79
1898,上海市,,,2022,商品房:成交面积:上海（2020年10月16日）,万平方米,4.79
207,北京市,,,2022,商品房:成交面积:北京（2022年4月23日）,万平方米,4.8
552,上海市,,,2022,商品房:成交面积:上海（2021年11月30日）,万平方米,4.8
867,北京市,,,2022,商品房:成交面积:北京（2021年11月27日）,万平方米,4.8
947,北京市,,,2022,商品房:成交面积:北京（2021年2月24日）,万平方米,4.8
2179,北京市,,,2022,商品房:成交面积:北京（2020年11月5日）,万平方米,4.8
2190,北京市,,,2022,商品房:成交面积:北京（2020年12月17日）,万平方米,4.8
2191,北京市,,,2022,商品房:成交面积:北京（2020年12月18日）,万平方米,4.8
2350,北京市,,,2022,商品房:成交面积:北京（2020年9月2日）,万平方米,4.8
2357,北京市,,,2022,商品房:成交面积:北京（2020年9月8日）,万平方米,4.8
2569,广东省,,,2022,商品房:成交面积:广州（2020年8月6日）,万平方米,4.81
2583,广东省,,,2022,商品房:成交面积:广州（2020年9月1日）,万平方米,4.81
684,上海市,,,2022,商品房:成交面积:上海（2021年4月18日）,万平方米,4.82
1256,广东省,,,2022,商品房:成交面积:广州（2021年1月10日）,万平方米,4.83
2038,上海市,,,2022,商品房:成交面积:上海（2020年6月8日）,万平方米,4.83
2498,广东省,,,2022,商品房:成交面积:广州（2020年6月26日）,万平方米,4.83
757,上海市,,,2022,商品房:成交面积:上海（2021年6月9日）,万平方米,4.84
1301,广东省,,,2022,商品房:成交面积:广州（2021年2月24日）,万平方米,4.85
2480,广东省,,,2022,商品房:成交面积:广州（2020年5月9日）,万平方米,4.85
2585,广东省,,,2022,商品房:成交面积:广州（2020年9月21日）,万平方米,4.86
62,上海市,,,2022,商品房:成交面积:上海（2022年3月21日）,万平方米,4.87
703,上海市,,,2022,商品房:成交面积:上海（2021年4月7日）,万平方米,4.88
2493,广东省,,,2022,商品房:成交面积:广州（2020年6月21日）,万平方米,4.88
55,上海市,,,2022,商品房:成交面积:上海（2022年3月15日）,万平方米,4.89
82,上海市,,,2022,商品房:成交面积:上海（2022年4月17日）,万平方米,4.89
2586,广东省,,,2022,商品房:成交面积:广州（2020年9月22日）,万平方米,4.89
1157,北京市,,,2022,商品房:成交面积:北京（2021年9月27日）,万平方米,4.9
2172,北京市,,,2022,商品房:成交面积:北京（2020年11月27日）,万平方米,4.9
2282,北京市,,,2022,商品房:成交面积:北京（2020年7月17日）,万平方米,4.9
2314,北京市,,,2022,商品房:成交面积:北京（2020年8月25日）,万平方米,4.9
2550,广东省,,,2022,商品房:成交面积:广州（2020年8月18日）,万平方米,4.91
19,上海市,,,2022,商品房:成交面积:上海（2022年1月27日）,万平方米,4.92
71,上海市,,,2022,商品房:成交面积:上海（2022年3月6日）,万平方米,4.92
2435,广东省,,,2022,商品房:成交面积:广州（2020年12月25日）,万平方米,4.92
2574,广东省,,,2022,商品房:成交面积:广州（2020年9月11日）,万平方米,4.93
683,上海市,,,2022,商品房:成交面积:上海（2021年4月17日）,万平方米,4.94
1387,广东省,,,2022,商品房:成交面积:广州（2021年5月21日）,万平方米,4.94
1402,广东省,,,2022,商品房:成交面积:广州（2021年5月6日）,万平方米,4.94
2494,广东省,,,2022,商品房:成交面积:广州（2020年6月22日）,万平方米,4.94
124,上海市,,,2022,商品房:成交面积:上海（2022年6月7日）,万平方米,4.95
2406,广东省,,,2022,商品房:成交面积:广州（2020年11月25日）,万平方米,4.95
1912,上海市,,,2022,商品房:成交面积:上海（2020年10月30日）,万平方米,4.96
2470,广东省,,,2022,商品房:成交面积:广州（2020年5月29日）,万平方米,4.96
18,上海市,,,2022,商品房:成交面积:上海（2022年1月26日）,万平方米,4.97
653,上海市,,,2022,商品房:成交面积:上海（2021年3月18日）,万平方米,4.97
59,上海市,,,2022,商品房:成交面积:上海（2022年3月19日）,万平方米,4.99
753,上海市,,,2022,商品房:成交面积:上海（2021年6月5日）,万平方米,4.99
49,上海市,,,2022,商品房:成交面积:上海（2022年2月9日）,万平方米,5
793,上海市,,,2022,商品房:成交面积:上海（2021年9月15日）,万平方米,5
852,北京市,,,2022,商品房:成交面积:北京（2021年11月13日）,万平方米,5
897,北京市,,,2022,商品房:成交面积:北京（2021年12月27日）,万平方米,5
928,北京市,,,2022,商品房:成交面积:北京（2021年1月5日）,万平方米,5
972,北京市,,,2022,商品房:成交面积:北京（2021年3月22日）,万平方米,5
989,北京市,,,2022,商品房:成交面积:北京（2021年3月9日）,万平方米,5
998,北京市,,,2022,商品房:成交面积:北京（2021年4月18日）,万平方米,5
1268,广东省,,,2022,商品房:成交面积:广州（2021年1月21日）,万平方米,5
1294,广东省,,,2022,商品房:成交面积:广州（2021年2月17日）,万平方米,5
2127,北京市,,,2022,商品房:成交面积:北京（2020年10月13日）,万平方米,5
2160,北京市,,,2022,商品房:成交面积:北京（2020年11月16日）,万平方米,5
2182,北京市,,,2022,商品房:成交面积:北京（2020年11月8日）,万平方米,5
2215,北京市,,,2022,商品房:成交面积:北京（2020年5月11日）,万平方米,5
2217,北京市,,,2022,商品房:成交面积:北京（2020年5月13日）,万平方米,5
2225,北京市,,,2022,商品房:成交面积:北京（2020年5月20日）,万平方米,5
2240,北京市,,,2022,商品房:成交面积:北京（2020年5月5日）,万平方米,5
2285,北京市,,,2022,商品房:成交面积:北京（2020年7月1日）,万平方米,5
2291,北京市,,,2022,商品房:成交面积:北京（2020年7月3日）,万平方米,5
2562,广东省,,,2022,商品房:成交面积:广州（2020年8月29日）,万平方米,5
674,上海市,,,2022,商品房:成交面积:上海（2021年3月8日）,万平方米,5.01
808,上海市,,,2022,商品房:成交面积:上海（2021年9月29日）,万平方米,5.01
96,上海市,,,2022,商品房:成交面积:上海（2022年4月2日）,万平方米,5.02
738,上海市,,,2022,商品房:成交面积:上海（2021年6月12日）,万平方米,5.02
765,上海市,,,2022,商品房:成交面积:上海（2021年8月17日）,万平方米,5.02
1401,广东省,,,2022,商品房:成交面积:广州（2021年5月5日）,万平方米,5.02
2418,广东省,,,2022,商品房:成交面积:广州（2020年11月8日）,万平方米,5.02
2421,广东省,,,2022,商品房:成交面积:广州（2020年12月11日）,万平方米,5.03
2476,广东省,,,2022,商品房:成交面积:广州（2020年5月5日）,万平方米,5.03
2479,广东省,,,2022,商品房:成交面积:广州（2020年5月8日）,万平方米,5.03
91,上海市,,,2022,商品房:成交面积:上海（2022年4月25日）,万平方米,5.04
621,上海市,,,2022,商品房:成交面积:上海（2021年2月13日）,万平方米,5.06
635,上海市,,,2022,商品房:成交面积:上海（2021年2月27日）,万平方米,5.06
2365,广东省,,,2022,商品房:成交面积:广州（2020年10月16日）,万平方米,5.06
2429,广东省,,,2022,商品房:成交面积:广州（2020年12月1日）,万平方米,5.06
2472,广东省,,,2022,商品房:成交面积:广州（2020年5月30日）,万平方米,5.06
117,上海市,,,2022,商品房:成交面积:上海（2022年5月9日）,万平方米,5.07
685,上海市,,,2022,商品房:成交面积:上海（2021年4月19日）,万平方米,5.07
815,上海市,,,2022,商品房:成交面积:上海（2021年9月7日）,万平方米,5.07
756,上海市,,,2022,商品房:成交面积:上海（2021年6月8日）,万平方米,5.08
47,上海市,,,2022,商品房:成交面积:上海（2022年2月7日）,万平方米,5.09
752,上海市,,,2022,商品房:成交面积:上海（2021年6月4日）,万平方米,5.09
895,北京市,,,2022,商品房:成交面积:北京（2021年12月25日）,万平方米,5.1
981,北京市,,,2022,商品房:成交面积:北京（2021年3月30日）,万平方米,5.1
2173,北京市,,,2022,商品房:成交面积:北京（2020年11月28日）,万平方米,5.1
2231,北京市,,,2022,商品房:成交面积:北京（2020年5月26日）,万平方米,5.1
2319,北京市,,,2022,商品房:成交面积:北京（2020年8月2日）,万平方米,5.1
2468,广东省,,,2022,商品房:成交面积:广州（2020年5月27日）,万平方米,5.1
658,上海市,,,2022,商品房:成交面积:上海（2021年3月22日）,万平方米,5.11
2473,广东省,,,2022,商品房:成交面积:广州（2020年5月31日）,万平方米,5.12
557,上海市,,,2022,商品房:成交面积:上海（2021年11月7日）,万平方米,5.13
1343,广东省,,,2022,商品房:成交面积:广州（2021年3月8日）,万平方米,5.13
1905,上海市,,,2022,商品房:成交面积:上海（2020年10月23日）,万平方米,5.13
718,上海市,,,2022,商品房:成交面积:上海（2021年5月22日）,万平方米,5.14
1976,上海市,,,2022,商品房:成交面积:上海（2020年12月6日）,万平方米,5.14
2541,广东省,,,2022,商品房:成交面积:广州（2020年7月9日）,万平方米,5.14
2534,广东省,,,2022,商品房:成交面积:广州（2020年7月31日）,万平方米,5.15
531,上海市,,,2022,商品房:成交面积:上海（2021年11月10日）,万平方米,5.16
1956,上海市,,,2022,商品房:成交面积:上海（2020年12月17日）,万平方米,5.16
652,上海市,,,2022,商品房:成交面积:上海（2021年3月17日）,万平方米,5.17
633,上海市,,,2022,商品房:成交面积:上海（2021年2月25日）,万平方米,5.19
1191,广东省,,,2022,商品房:成交面积:广州（2021年10月30日）,万平方米,5.19
2576,广东省,,,2022,商品房:成交面积:广州（2020年9月13日）,万平方米,5.19
74,上海市,,,2022,商品房:成交面积:上海（2022年3月9日）,万平方米,5.2
558,上海市,,,2022,商品房:成交面积:上海（2021年11月8日）,万平方米,5.2
629,上海市,,,2022,商品房:成交面积:上海（2021年2月21日）,万平方米,5.2
789,上海市,,,2022,商品房:成交面积:上海（2021年9月11日）,万平方米,5.2
894,北京市,,,2022,商品房:成交面积:北京（2021年12月24日）,万平方米,5.2
1283,广东省,,,2022,商品房:成交面积:广州（2021年1月6日）,万平方米,5.2
2129,北京市,,,2022,商品房:成交面积:北京（2020年10月15日）,万平方米,5.2
2131,北京市,,,2022,商品房:成交面积:北京（2020年10月17日）,万平方米,5.2
2331,北京市,,,2022,商品房:成交面积:北京（2020年9月12日）,万平方米,5.2
2332,北京市,,,2022,商品房:成交面积:北京（2020年9月13日）,万平方米,5.2
2345,北京市,,,2022,商品房:成交面积:北京（2020年9月25日）,万平方米,5.2
2436,广东省,,,2022,商品房:成交面积:广州（2020年12月26日）,万平方米,5.2
655,上海市,,,2022,商品房:成交面积:上海（2021年3月1日）,万平方米,5.21
679,上海市,,,2022,商品房:成交面积:上海（2021年4月13日）,万平方米,5.21
646,上海市,,,2022,商品房:成交面积:上海（2021年3月11日）,万平方米,5.22
1344,广东省,,,2022,商品房:成交面积:广州（2021年3月9日）,万平方米,5.22
2034,上海市,,,2022,商品房:成交面积:上海（2020年6月4日）,万平方米,5.22
1,上海市,,,2022,商品房:成交面积:上海（2022年1月10日）,万平方米,5.23
1264,广东省,,,2022,商品房:成交面积:广州（2021年1月18日）,万平方米,5.23
27,上海市,,,2022,商品房:成交面积:上海（2022年1月9日）,万平方米,5.24
561,上海市,,,2022,商品房:成交面积:上海（2021年12月11日）,万平方米,5.24
680,上海市,,,2022,商品房:成交面积:上海（2021年4月14日）,万平方米,5.24
1428,广东省,,,2022,商品房:成交面积:广州（2021年6月30日）,万平方米,5.24
2392,广东省,,,2022,商品房:成交面积:广州（2020年11月12日）,万平方米,5.24
590,上海市,,,2022,商品房:成交面积:上海（2021年12月9日）,万平方米,5.25
771,上海市,,,2022,商品房:成交面积:上海（2021年8月22日）,万平方米,5.25
786,上海市,,,2022,商品房:成交面积:上海（2021年8月8日）,万平方米,5.25
797,上海市,,,2022,商品房:成交面积:上海（2021年9月19日）,万平方米,5.25
1945,上海市,,,2022,商品房:成交面积:上海（2020年11月5日）,万平方米,5.25
1977,上海市,,,2022,商品房:成交面积:上海（2020年12月7日）,万平方米,5.25
806,上海市,,,2022,商品房:成交面积:上海（2021年9月27日）,万平方米,5.26
2475,广东省,,,2022,商品房:成交面积:广州（2020年5月4日）,万平方米,5.26
708,上海市,,,2022,商品房:成交面积:上海（2021年5月12日）,万平方米,5.29
1957,上海市,,,2022,商品房:成交面积:上海（2020年12月18日）,万平方米,5.3
813,上海市,,,2022,商品房:成交面积:上海（2021年9月5日）,万平方米,5.31
803,上海市,,,2022,商品房:成交面积:上海（2021年9月24日）,万平方米,5.32
1320,广东省,,,2022,商品房:成交面积:广州（2021年3月16日）,万平方米,5.32
586,上海市,,,2022,商品房:成交面积:上海（2021年12月5日）,万平方米,5.33
2061,上海市,,,2022,商品房:成交面积:上海（2020年7月2日）,万平方米,5.33
731,上海市,,,2022,商品房:成交面积:上海（2021年5月5日）,万平方米,5.34
745,上海市,,,2022,商品房:成交面积:上海（2021年6月19日）,万平方米,5.34
61,上海市,,,2022,商品房:成交面积:上海（2022年3月20日）,万平方米,5.37
104,上海市,,,2022,商品房:成交面积:上海（2022年4月9日）,万平方米,5.37
2080,上海市,,,2022,商品房:成交面积:上海（2020年8月21日）,万平方米,5.38
2577,广东省,,,2022,商品房:成交面积:广州（2020年9月14日）,万平方米,5.38
2578,广东省,,,2022,商品房:成交面积:广州（2020年9月15日）,万平方米,5.38
948,北京市,,,2022,商品房:成交面积:北京（2021年2月25日）,万平方米,5.4
1097,北京市,,,2022,商品房:成交面积:北京（2021年7月26日）,万平方米,5.4
2138,北京市,,,2022,商品房:成交面积:北京（2020年10月23日）,万平方米,5.4
2252,北京市,,,2022,商品房:成交面积:北京（2020年6月17日）,万平方米,5.4
2259,北京市,,,2022,商品房:成交面积:北京（2020年6月23日）,万平方米,5.4
2262,北京市,,,2022,商品房:成交面积:北京（2020年6月26日）,万平方米,5.4
2280,北京市,,,2022,商品房:成交面积:北京（2020年7月15日）,万平方米,5.4
2289,北京市,,,2022,商品房:成交面积:北京（2020年7月25日）,万平方米,5.4
2316,北京市,,,2022,商品房:成交面积:北京（2020年8月27日）,万平方米,5.4
2517,广东省,,,2022,商品房:成交面积:广州（2020年7月16日）,万平方米,5.4
2532,广东省,,,2022,商品房:成交面积:广州（2020年7月2日）,万平方米,5.4
2007,上海市,,,2022,商品房:成交面积:上海（2020年5月7日）,万平方米,5.41
2433,广东省,,,2022,商品房:成交面积:广州（2020年12月23日）,万平方米,5.41
677,上海市,,,2022,商品房:成交面积:上海（2021年4月11日）,万平方米,5.42
625,上海市,,,2022,商品房:成交面积:上海（2021年2月17日）,万平方米,5.43
666,上海市,,,2022,商品房:成交面积:上海（2021年3月2日）,万平方米,5.43
785,上海市,,,2022,商品房:成交面积:上海（2021年8月7日）,万平方米,5.45
2096,上海市,,,2022,商品房:成交面积:上海（2020年8月7日）,万平方米,5.45
691,上海市,,,2022,商品房:成交面积:上海（2021年4月24日）,万平方米,5.47
645,上海市,,,2022,商品房:成交面积:上海（2021年3月10日）,万平方米,5.48
2425,广东省,,,2022,商品房:成交面积:广州（2020年12月16日）,万平方米,5.49
676,上海市,,,2022,商品房:成交面积:上海（2021年4月10日）,万平方米,5.5
868,北京市,,,2022,商品房:成交面积:北京（2021年11月28日）,万平方米,5.5
1001,北京市,,,2022,商品房:成交面积:北京（2021年4月20日）,万平方米,5.5
1955,上海市,,,2022,商品房:成交面积:上海（2020年12月15日）,万平方米,5.5
2168,北京市,,,2022,商品房:成交面积:北京（2020年11月23日）,万平方米,5.5
2176,北京市,,,2022,商品房:成交面积:北京（2020年11月30日）,万平方米,5.5
2292,北京市,,,2022,商品房:成交面积:北京（2020年7月4日）,万平方米,5.5
2293,北京市,,,2022,商品房:成交面积:北京（2020年7月5日）,万平方米,5.5
2323,北京市,,,2022,商品房:成交面积:北京（2020年8月4日）,万平方米,5.5
2366,广东省,,,2022,商品房:成交面积:广州（2020年10月17日）,万平方米,5.5
768,上海市,,,2022,商品房:成交面积:上海（2021年8月1日）,万平方米,5.51
2505,广东省,,,2022,商品房:成交面积:广州（2020年6月4日）,万平方米,5.51
2553,广东省,,,2022,商品房:成交面积:广州（2020年8月20日）,万平方米,5.52
1920,上海市,,,2022,商品房:成交面积:上海（2020年11月10日）,万平方米,5.53
1949,上海市,,,2022,商品房:成交面积:上海（2020年11月9日）,万平方米,5.53
628,上海市,,,2022,商品房:成交面积:上海（2021年2月20日）,万平方米,5.54
1326,广东省,,,2022,商品房:成交面积:广州（2021年3月21日）,万平方米,5.55
623,上海市,,,2022,商品房:成交面积:上海（2021年2月15日）,万平方米,5.56
688,上海市,,,2022,商品房:成交面积:上海（2021年4月21日）,万平方米,5.58
2448,广东省,,,2022,商品房:成交面积:广州（2020年12月8日）,万平方米,5.58
54,上海市,,,2022,商品房:成交面积:上海（2022年3月14日）,万平方米,5.59
1934,上海市,,,2022,商品房:成交面积:上海（2020年11月23日）,万平方米,5.59
624,上海市,,,2022,商品房:成交面积:上海（2021年2月16日）,万平方米,5.6
675,上海市,,,2022,商品房:成交面积:上海（2021年3月9日）,万平方米,5.6
860,北京市,,,2022,商品房:成交面积:北京（2021年11月20日）,万平方米,5.6
1327,广东省,,,2022,商品房:成交面积:广州（2021年3月22日）,万平方米,5.6
2170,北京市,,,2022,商品房:成交面积:北京（2020年11月25日）,万平方米,5.6
2216,北京市,,,2022,商品房:成交面积:北京（2020年5月12日）,万平方米,5.6
2232,北京市,,,2022,商品房:成交面积:北京（2020年5月27日）,万平方米,5.6
2299,北京市,,,2022,商品房:成交面积:北京（2020年8月11日）,万平方米,5.6
796,上海市,,,2022,商品房:成交面积:上海（2021年9月18日）,万平方米,5.61
1970,上海市,,,2022,商品房:成交面积:上海（2020年12月2日）,万平方米,5.62
577,上海市,,,2022,商品房:成交面积:上海（2021年12月26日）,万平方米,5.63
728,上海市,,,2022,商品房:成交面积:上海（2021年5月31日）,万平方米,5.63
1650,广东省,,,2022,商品房:成交面积:深圳（2021年2月21日）,万平方米,5.63
2424,广东省,,,2022,商品房:成交面积:广州（2020年12月15日）,万平方米,5.63
719,上海市,,,2022,商品房:成交面积:上海（2021年5月23日）,万平方米,5.65
669,上海市,,,2022,商品房:成交面积:上海（2021年3月3日）,万平方米,5.66
692,上海市,,,2022,商品房:成交面积:上海（2021年4月25日）,万平方米,5.66
729,上海市,,,2022,商品房:成交面积:上海（2021年5月3日）,万平方米,5.67
2003,上海市,,,2022,商品房:成交面积:上海（2020年5月3日）,万平方米,5.67
2143,北京市,,,2022,商品房:成交面积:北京（2020年10月28日）,万平方米,5.7
2189,北京市,,,2022,商品房:成交面积:北京（2020年12月16日）,万平方米,5.7
2257,北京市,,,2022,商品房:成交面积:北京（2020年6月21日）,万平方米,5.7
2298,北京市,,,2022,商品房:成交面积:北京（2020年8月10日）,万平方米,5.7
1935,上海市,,,2022,商品房:成交面积:上海（2020年11月24日）,万平方米,5.71
2573,广东省,,,2022,商品房:成交面积:广州（2020年9月10日）,万平方米,5.71
510,上海市,,,2022,商品房:成交面积:上海（2021年10月19日）,万平方米,5.72
2559,广东省,,,2022,商品房:成交面积:广州（2020年8月26日）,万平方米,5.72
2818,广东省,,,2022,商品房:成交面积:深圳（2020年9月1日）,万平方米,5.72
587,上海市,,,2022,商品房:成交面积:上海（2021年12月6日）,万平方米,5.73
588,上海市,,,2022,商品房:成交面积:上海（2021年12月7日）,万平方米,5.73
660,上海市,,,2022,商品房:成交面积:上海（2021年3月24日）,万平方米,5.73
2446,广东省,,,2022,商品房:成交面积:广州（2020年12月6日）,万平方米,5.73
1958,上海市,,,2022,商品房:成交面积:上海（2020年12月19日）,万平方米,5.74
2582,广东省,,,2022,商品房:成交面积:广州（2020年9月19日）,万平方米,5.76
740,上海市,,,2022,商品房:成交面积:上海（2021年6月14日）,万平方米,5.77
1903,上海市,,,2022,商品房:成交面积:上海（2020年10月21日）,万平方米,5.77
2530,广东省,,,2022,商品房:成交面积:广州（2020年7月28日）,万平方米,5.77
755,上海市,,,2022,商品房:成交面积:上海（2021年6月7日）,万平方米,5.78
2081,上海市,,,2022,商品房:成交面积:上海（2020年8月22日）,万平方米,5.78
2440,广东省,,,2022,商品房:成交面积:广州（2020年12月2日）,万平方米,5.78
571,上海市,,,2022,商品房:成交面积:上海（2021年12月20日）,万平方米,5.79
747,上海市,,,2022,商品房:成交面积:上海（2021年6月20日）,万平方米,5.79
190,北京市,,,2022,商品房:成交面积:北京（2022年3月7日）,万平方米,5.8
911,北京市,,,2022,商品房:成交面积:北京（2021年1月11日）,万平方米,5.8
2142,北京市,,,2022,商品房:成交面积:北京（2020年10月27日）,万平方米,5.8
2181,北京市,,,2022,商品房:成交面积:北京（2020年11月7日）,万平方米,5.8
2187,北京市,,,2022,商品房:成交面积:北京（2020年12月14日）,万平方米,5.8
2244,北京市,,,2022,商品房:成交面积:北京（2020年5月9日）,万平方米,5.8
2318,北京市,,,2022,商品房:成交面积:北京（2020年8月29日）,万平方米,5.8
749,上海市,,,2022,商品房:成交面积:上海（2021年6月22日）,万平方米,5.81
1373,广东省,,,2022,商品房:成交面积:广州（2021年4月8日）,万平方米,5.81
1188,广东省,,,2022,商品房:成交面积:广州（2021年10月28日）,万平方米,5.82
1325,广东省,,,2022,商品房:成交面积:广州（2021年3月20日）,万平方米,5.82
1925,上海市,,,2022,商品房:成交面积:上海（2020年11月15日）,万平方米,5.82
636,上海市,,,2022,商品房:成交面积:上海（2021年2月28日）,万平方米,5.83
1924,上海市,,,2022,商品房:成交面积:上海（2020年11月14日）,万平方米,5.84
1944,上海市,,,2022,商品房:成交面积:上海（2020年11月4日）,万平方米,5.84
536,上海市,,,2022,商品房:成交面积:上海（2021年11月16日）,万平方米,5.86
1365,广东省,,,2022,商品房:成交面积:广州（2021年4月29日）,万平方米,5.86
730,上海市,,,2022,商品房:成交面积:上海（2021年5月4日）,万平方米,5.88
1242,广东省,,,2022,商品房:成交面积:广州（2021年12月21日）,万平方米,5.88
2399,广东省,,,2022,商品房:成交面积:广州（2020年11月19日）,万平方米,5.88
534,上海市,,,2022,商品房:成交面积:上海（2021年11月13日）,万平方米,5.89
1303,广东省,,,2022,商品房:成交面积:广州（2021年2月26日）,万平方米,5.89
1156,北京市,,,2022,商品房:成交面积:北京（2021年9月26日）,万平方米,5.9
2230,北京市,,,2022,商品房:成交面积:北京（2020年5月25日）,万平方米,5.9
1257,广东省,,,2022,商品房:成交面积:广州（2021年1月11日）,万平方米,5.92
1304,广东省,,,2022,商品房:成交面积:广州（2021年2月27日）,万平方米,5.92
1364,广东省,,,2022,商品房:成交面积:广州（2021年4月28日）,万平方米,5.92
119,上海市,,,2022,商品房:成交面积:上海（2022年6月1日）,万平方米,5.93
1966,上海市,,,2022,商品房:成交面积:上海（2020年12月26日）,万平方米,5.93
659,上海市,,,2022,商品房:成交面积:上海（2021年3月23日）,万平方米,5.96
2447,广东省,,,2022,商品房:成交面积:广州（2020年12月7日）,万平方米,5.96
565,上海市,,,2022,商品房:成交面积:上海（2021年12月15日）,万平方米,5.97
599,上海市,,,2022,商品房:成交面积:上海（2021年1月18日）,万平方米,5.97
1302,广东省,,,2022,商品房:成交面积:广州（2021年2月25日）,万平方米,5.97
2121,上海市,,,2022,商品房:成交面积:上海（2020年9月7日）,万平方米,5.97
2465,广东省,,,2022,商品房:成交面积:广州（2020年5月24日）,万平方米,5.97
2590,广东省,,,2022,商品房:成交面积:广州（2020年9月26日）,万平方米,5.97
2004,上海市,,,2022,商品房:成交面积:上海（2020年5月4日）,万平方米,5.98
2119,上海市,,,2022,商品房:成交面积:上海（2020年9月5日）,万平方米,5.99
746,上海市,,,2022,商品房:成交面积:上海（2021年6月1日）,万平方米,6
898,北京市,,,2022,商品房:成交面积:北京（2021年12月28日）,万平方米,6
2033,上海市,,,2022,商品房:成交面积:上海（2020年6月3日）,万平方米,6
2065,上海市,,,2022,商品房:成交面积:上海（2020年7月4日）,万平方米,6
2133,北京市,,,2022,商品房:成交面积:北京（2020年10月19日）,万平方米,6
2171,北京市,,,2022,商品房:成交面积:北京（2020年11月26日）,万平方米,6
2193,北京市,,,2022,商品房:成交面积:北京（2020年12月1日）,万平方米,6
2195,北京市,,,2022,商品房:成交面积:北京（2020年12月21日）,万平方米,6
2196,北京市,,,2022,商品房:成交面积:北京（2020年12月22日）,万平方米,6
2201,北京市,,,2022,商品房:成交面积:北京（2020年12月27日）,万平方米,6
2300,北京市,,,2022,商品房:成交面积:北京（2020年8月12日）,万平方米,6
2315,北京市,,,2022,商品房:成交面积:北京（2020年8月26日）,万平方米,6
1362,广东省,,,2022,商品房:成交面积:广州（2021年4月26日）,万平方米,6.01
2122,上海市,,,2022,商品房:成交面积:上海（2020年9月8日）,万平方米,6.02
615,上海市,,,2022,商品房:成交面积:上海（2021年1月7日）,万平方米,6.03
1328,广东省,,,2022,商品房:成交面积:广州（2021年3月23日）,万平方米,6.03
2063,上海市,,,2022,商品房:成交面积:上海（2020年7月31日）,万平方米,6.03
2589,广东省,,,2022,商品房:成交面积:广州（2020年9月25日）,万平方米,6.03
2108,上海市,,,2022,商品房:成交面积:上海（2020年9月1日）,万平方米,6.04
56,上海市,,,2022,商品房:成交面积:上海（2022年3月16日）,万平方米,6.05
2019,上海市,,,2022,商品房:成交面积:上海（2020年6月19日）,万平方米,6.06
2118,上海市,,,2022,商品房:成交面积:上海（2020年9月4日）,万平方米,6.07
1260,广东省,,,2022,商品房:成交面积:广州（2021年1月14日）,万平方米,6.09
742,上海市,,,2022,商品房:成交面积:上海（2021年6月16日）,万平方米,6.1
929,北京市,,,2022,商品房:成交面积:北京（2021年1月6日）,万平方米,6.1
2284,北京市,,,2022,商品房:成交面积:北京（2020年7月19日）,万平方米,6.1
2352,北京市,,,2022,商品房:成交面积:北京（2020年9月3日）,万平方米,6.1
589,上海市,,,2022,商品房:成交面积:上海（2021年12月8日）,万平方米,6.11
1978,上海市,,,2022,商品房:成交面积:上海（2020年12月8日）,万平方米,6.11
1323,广东省,,,2022,商品房:成交面积:广州（2021年3月19日）,万平方米,6.12
1951,上海市,,,2022,商品房:成交面积:上海（2020年12月11日）,万平方米,6.12
2524,广东省,,,2022,商品房:成交面积:广州（2020年7月22日）,万平方米,6.13
562,上海市,,,2022,商品房:成交面积:上海（2021年12月12日）,万平方米,6.14
723,上海市,,,2022,商品房:成交面积:上海（2021年5月27日）,万平方米,6.14
2525,广东省,,,2022,商品房:成交面积:广州（2020年7月23日）,万平方米,6.14
604,上海市,,,2022,商品房:成交面积:上海（2021年1月22日）,万平方米,6.15
605,上海市,,,2022,商品房:成交面积:上海（2021年1月23日）,万平方米,6.15
2078,上海市,,,2022,商品房:成交面积:上海（2020年8月1日）,万平方米,6.15
707,上海市,,,2022,商品房:成交面积:上海（2021年5月11日）,万平方米,6.16
2027,上海市,,,2022,商品房:成交面积:上海（2020年6月26日）,万平方米,6.16
1979,上海市,,,2022,商品房:成交面积:上海（2020年12月9日）,万平方米,6.18
651,上海市,,,2022,商品房:成交面积:上海（2021年3月16日）,万平方米,6.19
111,上海市,,,2022,商品房:成交面积:上海（2022年5月3日）,万平方米,6.2
2211,北京市,,,2022,商品房:成交面积:北京（2020年12月7日）,万平方米,6.2
2251,北京市,,,2022,商品房:成交面积:北京（2020年6月16日）,万平方米,6.2
2279,北京市,,,2022,商品房:成交面积:北京（2020年7月14日）,万平方米,6.2
2327,北京市,,,2022,商品房:成交面积:北京（2020年8月8日）,万平方米,6.2
2328,北京市,,,2022,商品房:成交面积:北京（2020年8月9日）,万平方米,6.2
1992,上海市,,,2022,商品房:成交面积:上海（2020年5月21日）,万平方米,6.21
2445,广东省,,,2022,商品房:成交面积:广州（2020年12月5日）,万平方米,6.21
2466,广东省,,,2022,商品房:成交面积:广州（2020年5月25日）,万平方米,6.21
1901,上海市,,,2022,商品房:成交面积:上海（2020年10月19日）,万平方米,6.22
1943,上海市,,,2022,商品房:成交面积:上海（2020年11月3日）,万平方米,6.23
2073,上海市,,,2022,商品房:成交面积:上海（2020年8月14日）,万平方米,6.23
573,上海市,,,2022,商品房:成交面积:上海（2021年12月22日）,万平方米,6.25
630,上海市,,,2022,商品房:成交面积:上海（2021年2月22日）,万平方米,6.25
1947,上海市,,,2022,商品房:成交面积:上海（2020年11月7日）,万平方米,6.25
2489,广东省,,,2022,商品房:成交面积:广州（2020年6月18日）,万平方米,6.25
1909,上海市,,,2022,商品房:成交面积:上海（2020年10月27日）,万平方米,6.27
1911,上海市,,,2022,商品房:成交面积:上海（2020年10月29日）,万平方米,6.27
1258,广东省,,,2022,商品房:成交面积:广州（2021年1月12日）,万平方米,6.29
2135,北京市,,,2022,商品房:成交面积:北京（2020年10月20日）,万平方米,6.3
2178,北京市,,,2022,商品房:成交面积:北京（2020年11月4日）,万平方米,6.3
572,上海市,,,2022,商品房:成交面积:上海（2021年12月21日）,万平方米,6.31
617,上海市,,,2022,商品房:成交面积:上海（2021年1月9日）,万平方米,6.31
2477,广东省,,,2022,商品房:成交面积:广州（2020年5月6日）,万平方米,6.31
2545,广东省,,,2022,商品房:成交面积:广州（2020年8月13日）,万平方米,6.31
802,上海市,,,2022,商品房:成交面积:上海（2021年9月23日）,万平方米,6.32
1338,广东省,,,2022,商品房:成交面积:广州（2021年3月3日）,万平方米,6.33
2614,广东省,,,2022,商品房:成交面积:深圳（2020年10月20日）,万平方米,6.33
1423,广东省,,,2022,商品房:成交面积:广州（2021年6月26日）,万平方米,6.34
2454,广东省,,,2022,商品房:成交面积:广州（2020年5月14日）,万平方米,6.34
594,上海市,,,2022,商品房:成交面积:上海（2021年1月13日）,万平方米,6.35
2449,广东省,,,2022,商品房:成交面积:广州（2020年12月9日）,万平方米,6.35
2110,上海市,,,2022,商品房:成交面积:上海（2020年9月21日）,万平方米,6.36
2120,上海市,,,2022,商品房:成交面积:上海（2020年9月6日）,万平方米,6.36
2114,上海市,,,2022,商品房:成交面积:上海（2020年9月25日）,万平方米,6.37
672,上海市,,,2022,商品房:成交面积:上海（2021年3月6日）,万平方米,6.38
1902,上海市,,,2022,商品房:成交面积:上海（2020年10月20日）,万平方米,6.39
2006,上海市,,,2022,商品房:成交面积:上海（2020年5月6日）,万平方米,6.39
2408,广东省,,,2022,商品房:成交面积:广州（2020年11月27日）,万平方米,6.39
899,北京市,,,2022,商品房:成交面积:北京（2021年12月29日）,万平方米,6.4
996,北京市,,,2022,商品房:成交面积:北京（2021年4月16日）,万平方米,6.4
2136,北京市,,,2022,商品房:成交面积:北京（2020年10月21日）,万平方米,6.4
2141,北京市,,,2022,商品房:成交面积:北京（2020年10月26日）,万平方米,6.4
2188,北京市,,,2022,商品房:成交面积:北京（2020年12月15日）,万平方米,6.4
2258,北京市,,,2022,商品房:成交面积:北京（2020年6月22日）,万平方米,6.4
2564,广东省,,,2022,商品房:成交面积:广州（2020年8月30日）,万平方米,6.4
741,上海市,,,2022,商品房:成交面积:上海（2021年6月15日）,万平方米,6.41
2069,上海市,,,2022,商品房:成交面积:上海（2020年7月9日）,万平方米,6.41
779,上海市,,,2022,商品房:成交面积:上海（2021年8月30日）,万平方米,6.43
1927,上海市,,,2022,商品房:成交面积:上海（2020年11月17日）,万平方米,6.43
787,上海市,,,2022,商品房:成交面积:上海（2021年8月9日）,万平方米,6.44
2379,广东省,,,2022,商品房:成交面积:广州（2020年10月29日）,万平方米,6.45
115,上海市,,,2022,商品房:成交面积:上海（2022年5月7日）,万平方米,6.46
2099,上海市,,,2022,商品房:成交面积:上海（2020年9月10日）,万平方米,6.46
2426,广东省,,,2022,商品房:成交面积:广州（2020年12月17日）,万平方米,6.47
1172,广东省,,,2022,商品房:成交面积:广州（2021年10月13日）,万平方米,6.48
2462,广东省,,,2022,商品房:成交面积:广州（2020年5月21日）,万平方米,6.49
643,上海市,,,2022,商品房:成交面积:上海（2021年2月8日）,万平方米,6.5
974,北京市,,,2022,商品房:成交面积:北京（2021年3月24日）,万平方米,6.5
1029,北京市,,,2022,商品房:成交面积:北京（2021年5月19日）,万平方米,6.5
1069,北京市,,,2022,商品房:成交面积:北京（2021年6月27日）,万平方米,6.5
1967,上海市,,,2022,商品房:成交面积:上海（2020年12月27日）,万平方米,6.5
2320,北京市,,,2022,商品房:成交面积:北京（2020年8月30日）,万平方米,6.5
2321,北京市,,,2022,商品房:成交面积:北京（2020年8月31日）,万平方米,6.5
648,上海市,,,2022,商品房:成交面积:上海（2021年3月13日）,万平方米,6.51
1928,上海市,,,2022,商品房:成交面积:上海（2020年11月18日）,万平方米,6.51
2020,上海市,,,2022,商品房:成交面积:上海（2020年6月1日）,万平方米,6.51
650,上海市,,,2022,商品房:成交面积:上海（2021年3月15日）,万平方米,6.52
1314,广东省,,,2022,商品房:成交面积:广州（2021年3月10日）,万平方米,6.54
2115,上海市,,,2022,商品房:成交面积:上海（2020年9月2日）,万平方米,6.54
2565,广东省,,,2022,商品房:成交面积:广州（2020年8月31日）,万平方米,6.54
663,上海市,,,2022,商品房:成交面积:上海（2021年3月27日）,万平方米,6.59
649,上海市,,,2022,商品房:成交面积:上海（2021年3月14日）,万平方米,6.6
2144,北京市,,,2022,商品房:成交面积:北京（2020年10月29日）,万平方米,6.6
2274,北京市,,,2022,商品房:成交面积:北京（2020年6月9日）,万平方米,6.6
2380,广东省,,,2022,商品房:成交面积:广州（2020年10月2日）,万平方米,6.6
2531,广东省,,,2022,商品房:成交面积:广州（2020年7月29日）,万平方米,6.6
1893,上海市,,,2022,商品房:成交面积:上海（2020年10月11日）,万平方米,6.61
1991,上海市,,,2022,商品房:成交面积:上海（2020年5月20日）,万平方米,6.62
2012,上海市,,,2022,商品房:成交面积:上海（2020年6月12日）,万平方米,6.62
1516,广东省,,,2022,商品房:成交面积:广州（2021年9月27日）,万平方米,6.63
2584,广东省,,,2022,商品房:成交面积:广州（2020年9月20日）,万平方米,6.63
2587,广东省,,,2022,商品房:成交面积:广州（2020年9月23日）,万平方米,6.63
591,上海市,,,2022,商品房:成交面积:上海（2021年1月10日）,万平方米,6.64
2415,广东省,,,2022,商品房:成交面积:广州（2020年11月5日）,万平方米,6.64
2098,上海市,,,2022,商品房:成交面积:上海（2020年8月9日）,万平方米,6.65
632,上海市,,,2022,商品房:成交面积:上海（2021年2月24日）,万平方米,6.66
576,上海市,,,2022,商品房:成交面积:上海（2021年12月25日）,万平方米,6.67
754,上海市,,,2022,商品房:成交面积:上海（2021年6月6日）,万平方米,6.68
1339,广东省,,,2022,商品房:成交面积:广州（2021年3月4日）,万平方米,6.68
2437,广东省,,,2022,商品房:成交面积:广州（2020年12月27日）,万平方米,6.68
2500,广东省,,,2022,商品房:成交面积:广州（2020年6月28日）,万平方米,6.68
1937,上海市,,,2022,商品房:成交面积:上海（2020年11月26日）,万平方米,6.69
2102,上海市,,,2022,商品房:成交面积:上海（2020年9月14日）,万平方米,6.69
2438,广东省,,,2022,商品房:成交面积:广州（2020年12月28日）,万平方米,6.69
869,北京市,,,2022,商品房:成交面积:北京（2021年11月29日）,万平方米,6.7
2233,北京市,,,2022,商品房:成交面积:北京（2020年5月28日）,万平方米,6.7
2234,北京市,,,2022,商品房:成交面积:北京（2020年5月29日）,万平方米,6.7
2303,北京市,,,2022,商品房:成交面积:北京（2020年8月15日）,万平方米,6.7
2324,北京市,,,2022,商品房:成交面积:北京（2020年8月5日）,万平方米,6.7
2326,北京市,,,2022,商品房:成交面积:北京（2020年8月7日）,万平方米,6.7
2333,北京市,,,2022,商品房:成交面积:北京（2020年9月14日）,万平方米,6.7
341,广东省,,,2022,商品房:成交面积:广州（2022年4月26日）,万平方米,6.71
673,上海市,,,2022,商品房:成交面积:上海（2021年3月7日）,万平方米,6.72
579,上海市,,,2022,商品房:成交面积:上海（2021年12月28日）,万平方米,6.73
748,上海市,,,2022,商品房:成交面积:上海（2021年6月21日）,万平方米,6.75
1983,上海市,,,2022,商品房:成交面积:上海（2020年5月13日）,万平方米,6.75
569,上海市,,,2022,商品房:成交面积:上海（2021年12月19日）,万平方米,6.76
694,上海市,,,2022,商品房:成交面积:上海（2021年4月27日）,万平方米,6.76
1936,上海市,,,2022,商品房:成交面积:上海（2020年11月25日）,万平方米,6.77
1329,广东省,,,2022,商品房:成交面积:广州（2021年3月24日）,万平方米,6.78
1988,上海市,,,2022,商品房:成交面积:上海（2020年5月18日）,万平方米,6.79
2591,广东省,,,2022,商品房:成交面积:广州（2020年9月27日）,万平方米,6.79
2281,北京市,,,2022,商品房:成交面积:北京（2020年7月16日）,万平方米,6.8
2322,北京市,,,2022,商品房:成交面积:北京（2020年8月3日）,万平方米,6.8
613,上海市,,,2022,商品房:成交面积:上海（2021年1月5日）,万平方米,6.87
2009,上海市,,,2022,商品房:成交面积:上海（2020年5月9日）,万平方米,6.87
2112,上海市,,,2022,商品房:成交面积:上海（2020年9月23日）,万平方米,6.89
53,上海市,,,2022,商品房:成交面积:上海（2022年3月13日）,万平方米,6.9
2185,北京市,,,2022,商品房:成交面积:北京（2020年12月12日）,万平方米,6.9
2214,北京市,,,2022,商品房:成交面积:北京（2020年5月10日）,万平方米,6.9
2055,上海市,,,2022,商品房:成交面积:上海（2020年7月24日）,万平方米,6.91
1989,上海市,,,2022,商品房:成交面积:上海（2020年5月19日）,万平方米,6.94
780,上海市,,,2022,商品房:成交面积:上海（2021年8月31日）,万平方米,6.95
78,上海市,,,2022,商品房:成交面积:上海（2022年4月13日）,万平方米,6.96
568,上海市,,,2022,商品房:成交面积:上海（2021年12月18日）,万平方米,6.98
2123,上海市,,,2022,商品房:成交面积:上海（2020年9月9日）,万平方米,6.98
1981,上海市,,,2022,商品房:成交面积:上海（2020年5月11日）,万平方米,6.99
2025,上海市,,,2022,商品房:成交面积:上海（2020年6月24日）,万平方米,6.99
2048,上海市,,,2022,商品房:成交面积:上海（2020年7月18日）,万平方米,6.99
2093,上海市,,,2022,商品房:成交面积:上海（2020年8月4日）,万平方米,6.99
891,北京市,,,2022,商品房:成交面积:北京（2021年12月21日）,万平方米,7
2137,北京市,,,2022,商品房:成交面积:北京（2020年10月22日）,万平方米,7
2146,北京市,,,2022,商品房:成交面积:北京（2020年10月30日）,万平方米,7
2174,北京市,,,2022,商品房:成交面积:北京（2020年11月29日）,万平方米,7
2194,北京市,,,2022,商品房:成交面积:北京（2020年12月20日）,万平方米,7
2204,北京市,,,2022,商品房:成交面积:北京（2020年12月2日）,万平方米,7
2325,北京市,,,2022,商品房:成交面积:北京（2020年8月6日）,万平方米,7
2341,北京市,,,2022,商品房:成交面积:北京（2020年9月21日）,万平方米,7
2358,北京市,,,2022,商品房:成交面积:北京（2020年9月9日）,万平方米,7
2409,广东省,,,2022,商品房:成交面积:广州（2020年11月28日）,万平方米,7
631,上海市,,,2022,商品房:成交面积:上海（2021年2月23日）,万平方米,7.01
1895,上海市,,,2022,商品房:成交面积:上海（2020年10月13日）,万平方米,7.01
1930,上海市,,,2022,商品房:成交面积:上海（2020年11月1日）,万平方米,7.01
1933,上海市,,,2022,商品房:成交面积:上海（2020年11月22日）,万平方米,7.01
2360,广东省,,,2022,商品房:成交面积:广州（2020年10月11日）,万平方米,7.01
2000,上海市,,,2022,商品房:成交面积:上海（2020年5月29日）,万平方米,7.02
664,上海市,,,2022,商品房:成交面积:上海（2021年3月28日）,万平方米,7.04
2067,上海市,,,2022,商品房:成交面积:上海（2020年7月7日）,万平方米,7.04
612,上海市,,,2022,商品房:成交面积:上海（2021年1月4日）,万平方米,7.06
2329,北京市,,,2022,商品房:成交面积:北京（2020年9月10日）,万平方米,7.1
2058,上海市,,,2022,商品房:成交面积:上海（2020年7月27日）,万平方米,7.11
2068,上海市,,,2022,商品房:成交面积:上海（2020年7月8日）,万平方米,7.11
2442,广东省,,,2022,商品房:成交面积:广州（2020年12月31日）,万平方米,7.12
2588,广东省,,,2022,商品房:成交面积:广州（2020年9月24日）,万平方米,7.12
94,上海市,,,2022,商品房:成交面积:上海（2022年4月28日）,万平方米,7.13
509,上海市,,,2022,商品房:成交面积:上海（2021年10月17日）,万平方米,7.14
2420,广东省,,,2022,商品房:成交面积:广州（2020年12月10日）,万平方米,7.14
578,上海市,,,2022,商品房:成交面积:上海（2021年12月27日）,万平方米,7.15
2594,广东省,,,2022,商品房:成交面积:广州（2020年9月2日）,万平方米,7.15
512,上海市,,,2022,商品房:成交面积:上海（2021年10月20日）,万平方米,7.17
1939,上海市,,,2022,商品房:成交面积:上海（2020年11月28日）,万平方米,7.17
1980,上海市,,,2022,商品房:成交面积:上海（2020年5月10日）,万平方米,7.19
840,北京市,,,2022,商品房:成交面积:北京（2021年10月30日）,万平方米,7.2
1894,上海市,,,2022,商品房:成交面积:上海（2020年10月12日）,万平方米,7.2
1926,上海市,,,2022,商品房:成交面积:上海（2020年11月16日）,万平方米,7.2
1921,上海市,,,2022,商品房:成交面积:上海（2020年11月11日）,万平方米,7.25
1987,上海市,,,2022,商品房:成交面积:上海（2020年5月17日）,万平方米,7.25
2037,上海市,,,2022,商品房:成交面积:上海（2020年6月7日）,万平方米,7.25
2066,上海市,,,2022,商品房:成交面积:上海（2020年7月5日）,万平方米,7.25
93,上海市,,,2022,商品房:成交面积:上海（2022年4月27日）,万平方米,7.29
695,上海市,,,2022,商品房:成交面积:上海（2021年4月28日）,万平方米,7.29
1904,上海市,,,2022,商品房:成交面积:上海（2020年10月22日）,万平方米,7.29
2161,北京市,,,2022,商品房:成交面积:北京（2020年11月17日）,万平方米,7.3
2210,北京市,,,2022,商品房:成交面积:北京（2020年12月6日）,万平方米,7.3
2342,北京市,,,2022,商品房:成交面积:北京（2020年9月22日）,万平方米,7.3
2417,广东省,,,2022,商品房:成交面积:广州（2020年11月7日）,万平方米,7.31
1315,广东省,,,2022,商品房:成交面积:广州（2021年3月11日）,万平方米,7.32
2045,上海市,,,2022,商品房:成交面积:上海（2020年7月15日）,万平方米,7.33
2072,上海市,,,2022,商品房:成交面积:上海（2020年8月13日）,万平方米,7.33
1918,上海市,,,2022,商品房:成交面积:上海（2020年10月8日）,万平方米,7.37
2050,上海市,,,2022,商品房:成交面积:上海（2020年7月1日）,万平方米,7.37
2443,广东省,,,2022,商品房:成交面积:广州（2020年12月3日）,万平方米,7.37
930,北京市,,,2022,商品房:成交面积:北京（2021年1月7日）,万平方米,7.4
2273,北京市,,,2022,商品房:成交面积:北京（2020年6月8日）,万平方米,7.4
721,上海市,,,2022,商品房:成交面积:上海（2021年5月25日）,万平方米,7.41
2056,上海市,,,2022,商品房:成交面积:上海（2020年7月25日）,万平方米,7.41
2113,上海市,,,2022,商品房:成交面积:上海（2020年9月24日）,万平方米,7.41
1960,上海市,,,2022,商品房:成交面积:上海（2020年12月20日）,万平方米,7.42
1986,上海市,,,2022,商品房:成交面积:上海（2020年5月16日）,万平方米,7.44
2097,上海市,,,2022,商品房:成交面积:上海（2020年8月8日）,万平方米,7.44
2095,上海市,,,2022,商品房:成交面积:上海（2020年8月6日）,万平方米,7.45
1896,上海市,,,2022,商品房:成交面积:上海（2020年10月14日）,万平方米,7.46
931,北京市,,,2022,商品房:成交面积:北京（2021年1月8日）,万平方米,7.5
1098,北京市,,,2022,商品房:成交面积:北京（2021年7月27日）,万平方米,7.5
1982,上海市,,,2022,商品房:成交面积:上海（2020年5月12日）,万平方米,7.5
2288,北京市,,,2022,商品房:成交面积:北京（2020年7月24日）,万平方米,7.5
2338,北京市,,,2022,商品房:成交面积:北京（2020年9月19日）,万平方米,7.5
2346,北京市,,,2022,商品房:成交面积:北京（2020年9月26日）,万平方米,7.5
2031,上海市,,,2022,商品房:成交面积:上海（2020年6月2日）,万平方米,7.52
123,上海市,,,2022,商品房:成交面积:上海（2022年6月6日）,万平方米,7.56
1520,广东省,,,2022,商品房:成交面积:广州（2021年9月30日）,万平方米,7.56
722,上海市,,,2022,商品房:成交面积:上海（2021年5月26日）,万平方米,7.57
2469,广东省,,,2022,商品房:成交面积:广州（2020年5月28日）,万平方米,7.57
2018,上海市,,,2022,商品房:成交面积:上海（2020年6月18日）,万平方米,7.58
2005,上海市,,,2022,商品房:成交面积:上海（2020年5月5日）,万平方米,7.6
2207,北京市,,,2022,商品房:成交面积:北京（2020年12月3日）,万平方米,7.6
2236,北京市,,,2022,商品房:成交面积:北京（2020年5月30日）,万平方米,7.6
2237,北京市,,,2022,商品房:成交面积:北京（2020年5月31日）,万平方米,7.6
2343,北京市,,,2022,商品房:成交面积:北京（2020年9月23日）,万平方米,7.6
1321,广东省,,,2022,商品房:成交面积:广州（2021年3月17日）,万平方米,7.61
2596,广东省,,,2022,商品房:成交面积:广州（2020年9月3日）,万平方米,7.61
2416,广东省,,,2022,商品房:成交面积:广州（2020年11月6日）,万平方米,7.63
2560,广东省,,,2022,商品房:成交面积:广州（2020年8月27日）,万平方米,7.63
92,上海市,,,2022,商品房:成交面积:上海（2022年4月26日）,万平方米,7.64
2497,广东省,,,2022,商品房:成交面积:广州（2020年6月25日）,万平方米,7.64
1908,上海市,,,2022,商品房:成交面积:上海（2020年10月26日）,万平方米,7.65
611,上海市,,,2022,商品房:成交面积:上海（2021年1月3日）,万平方米,7.66
2041,上海市,,,2022,商品房:成交面积:上海（2020年7月11日）,万平方米,7.67
2106,上海市,,,2022,商品房:成交面积:上海（2020年9月18日）,万平方米,7.67
1213,广东省,,,2022,商品房:成交面积:广州（2021年11月22日）,万平方米,7.69
2089,上海市,,,2022,商品房:成交面积:上海（2020年8月2日）,万平方米,7.69
2434,广东省,,,2022,商品房:成交面积:广州（2020年12月24日）,万平方米,7.69
2134,北京市,,,2022,商品房:成交面积:北京（2020年10月1日）,万平方米,7.7
2202,北京市,,,2022,商品房:成交面积:北京（2020年12月28日）,万平方米,7.7
1305,广东省,,,2022,商品房:成交面积:广州（2021年2月28日）,万平方米,7.72
1995,上海市,,,2022,商品房:成交面积:上海（2020年5月24日）,万平方米,7.74
657,上海市,,,2022,商品房:成交面积:上海（2021年3月21日）,万平方米,7.76
1913,上海市,,,2022,商品房:成交面积:上海（2020年10月31日）,万平方米,7.77
2026,上海市,,,2022,商品房:成交面积:上海（2020年6月25日）,万平方米,7.78
2439,广东省,,,2022,商品房:成交面积:广州（2020年12月29日）,万平方米,7.78
1940,上海市,,,2022,商品房:成交面积:上海（2020年11月29日）,万平方米,7.8
2036,上海市,,,2022,商品房:成交面积:上海（2020年6月6日）,万平方米,7.8
2388,广东省,,,2022,商品房:成交面积:广州（2020年10月8日）,万平方米,7.8
1932,上海市,,,2022,商品房:成交面积:上海（2020年11月21日）,万平方米,7.81
1994,上海市,,,2022,商品房:成交面积:上海（2020年5月23日）,万平方米,7.82
1899,上海市,,,2022,商品房:成交面积:上海（2020年10月17日）,万平方米,7.85
2162,北京市,,,2022,商品房:成交面积:北京（2020年11月18日）,万平方米,7.9
2294,北京市,,,2022,商品房:成交面积:北京（2020年7月6日）,万平方米,7.9
2296,北京市,,,2022,商品房:成交面积:北京（2020年7月8日）,万平方米,7.9
2340,北京市,,,2022,商品房:成交面积:北京（2020年9月20日）,万平方米,7.9
17,上海市,,,2022,商品房:成交面积:上海（2022年1月25日）,万平方米,7.91
1959,上海市,,,2022,商品房:成交面积:上海（2020年12月1日）,万平方米,7.91
563,上海市,,,2022,商品房:成交面积:上海（2021年12月13日）,万平方米,7.94
564,上海市,,,2022,商品房:成交面积:上海（2021年12月14日）,万平方米,7.94
1941,上海市,,,2022,商品房:成交面积:上海（2020年11月2日）,万平方米,7.95
1355,广东省,,,2022,商品房:成交面积:广州（2021年4月1日）,万平方米,7.96
665,上海市,,,2022,商品房:成交面积:上海（2021年3月29日）,万平方米,7.99
2044,上海市,,,2022,商品房:成交面积:上海（2020年7月14日）,万平方米,7.99
2361,广东省,,,2022,商品房:成交面积:广州（2020年10月12日）,万平方米,8
63,上海市,,,2022,商品房:成交面积:上海（2022年3月22日）,万平方米,8.01
2070,上海市,,,2022,商品房:成交面积:上海（2020年8月10日）,万平方米,8.04
2092,上海市,,,2022,商品房:成交面积:上海（2020年8月3日）,万平方米,8.04
2024,上海市,,,2022,商品房:成交面积:上海（2020年6月23日）,万平方米,8.05
2107,上海市,,,2022,商品房:成交面积:上海（2020年9月19日）,万平方米,8.06
2016,上海市,,,2022,商品房:成交面积:上海（2020年6月16日）,万平方米,8.08
261,广东省,,,2022,商品房:成交面积:广州（2022年1月26日）,万平方米,8.09
810,上海市,,,2022,商品房:成交面积:上海（2021年9月30日）,万平方米,8.09
1247,广东省,,,2022,商品房:成交面积:广州（2021年12月26日）,万平方米,8.09
2128,北京市,,,2022,商品房:成交面积:北京（2020年10月14日）,万平方米,8.1
1953,上海市,,,2022,商品房:成交面积:上海（2020年12月13日）,万平方米,8.13
2014,上海市,,,2022,商品房:成交面积:上海（2020年6月14日）,万平方米,8.13
1907,上海市,,,2022,商品房:成交面积:上海（2020年10月25日）,万平方米,8.15
614,上海市,,,2022,商品房:成交面积:上海（2021年1月6日）,万平方米,8.16
2043,上海市,,,2022,商品房:成交面积:上海（2020年7月13日）,万平方米,8.17
2533,广东省,,,2022,商品房:成交面积:广州（2020年7月30日）,万平方米,8.17
686,上海市,,,2022,商品房:成交面积:上海（2021年4月1日）,万平方米,8.21
1999,上海市,,,2022,商品房:成交面积:上海（2020年5月28日）,万平方米,8.24
1965,上海市,,,2022,商品房:成交面积:上海（2020年12月25日）,万平方米,8.25
2094,上海市,,,2022,商品房:成交面积:上海（2020年8月5日）,万平方米,8.27
1331,广东省,,,2022,商品房:成交面积:广州（2021年3月26日）,万平方米,8.28
2301,北京市,,,2022,商品房:成交面积:北京（2020年8月13日）,万平方米,8.3
2441,广东省,,,2022,商品房:成交面积:广州（2020年12月30日）,万平方米,8.34
64,上海市,,,2022,商品房:成交面积:上海（2022年3月23日）,万平方米,8.37
1424,广东省,,,2022,商品房:成交面积:广州（2021年6月27日）,万平方米,8.37
807,上海市,,,2022,商品房:成交面积:上海（2021年9月28日）,万平方米,8.38
1892,上海市,,,2022,商品房:成交面积:上海（2020年10月10日）,万平方米,8.38
2046,上海市,,,2022,商品房:成交面积:上海（2020年7月16日）,万平方米,8.39
2348,北京市,,,2022,商品房:成交面积:北京（2020年9月28日）,万平方米,8.4
2478,广东省,,,2022,商品房:成交面积:广州（2020年5月7日）,万平方米,8.45
2347,北京市,,,2022,商品房:成交面积:北京（2020年9月27日）,万平方米,8.5
1219,广东省,,,2022,商品房:成交面积:广州（2021年11月28日）,万平方米,8.52
1998,上海市,,,2022,商品房:成交面积:上海（2020年5月27日）,万平方米,8.55
1971,上海市,,,2022,商品房:成交面积:上海（2020年12月30日）,万平方米,8.58
2593,广东省,,,2022,商品房:成交面积:广州（2020年9月29日）,万平方米,8.63
1897,上海市,,,2022,商品房:成交面积:上海（2020年10月15日）,万平方米,8.64
2017,上海市,,,2022,商品房:成交面积:上海（2020年6月17日）,万平方米,8.69
2263,北京市,,,2022,商品房:成交面积:北京（2020年6月27日）,万平方米,8.7
2290,北京市,,,2022,商品房:成交面积:北京（2020年7月2日）,万平方米,8.7
2028,上海市,,,2022,商品房:成交面积:上海（2020年6月27日）,万平方米,8.8
2101,上海市,,,2022,商品房:成交面积:上海（2020年9月13日）,万平方米,8.8
2206,北京市,,,2022,商品房:成交面积:北京（2020年12月31日）,万平方米,8.8
2359,广东省,,,2022,商品房:成交面积:广州（2020年10月10日）,万平方米,8.82
1997,上海市,,,2022,商品房:成交面积:上海（2020年5月26日）,万平方米,8.83
720,上海市,,,2022,商品房:成交面积:上海（2021年5月24日）,万平方米,8.85
2053,上海市,,,2022,商品房:成交面积:上海（2020年7月22日）,万平方米,8.85
1996,上海市,,,2022,商品房:成交面积:上海（2020年5月25日）,万平方米,8.87
871,北京市,,,2022,商品房:成交面积:北京（2021年11月30日）,万平方米,8.9
1070,北京市,,,2022,商品房:成交面积:北京（2021年6月28日）,万平方米,8.9
2213,北京市,,,2022,商品房:成交面积:北京（2020年12月9日）,万平方米,8.9
2287,北京市,,,2022,商品房:成交面积:北京（2020年7月23日）,万平方米,8.9
1964,上海市,,,2022,商品房:成交面积:上海（2020年12月24日）,万平方米,8.96
2132,北京市,,,2022,商品房:成交面积:北京（2020年10月18日）,万平方米,9
2023,上海市,,,2022,商品房:成交面积:上海（2020年6月22日）,万平方米,9.02
2077,上海市,,,2022,商品房:成交面积:上海（2020年8月19日）,万平方米,9.08
2592,广东省,,,2022,商品房:成交面积:广州（2020年9月28日）,万平方米,9.09
2260,北京市,,,2022,商品房:成交面积:北京（2020年6月24日）,万平方米,9.1
2264,北京市,,,2022,商品房:成交面积:北京（2020年6月28日）,万平方米,9.1
2071,上海市,,,2022,商品房:成交面积:上海（2020年8月12日）,万平方米,9.12
2109,上海市,,,2022,商品房:成交面积:上海（2020年9月20日）,万平方米,9.18
2246,北京市,,,2022,商品房:成交面积:北京（2020年6月11日）,万平方米,9.2
2364,广东省,,,2022,商品房:成交面积:广州（2020年10月15日）,万平方米,9.23
2059,上海市,,,2022,商品房:成交面积:上海（2020年7月28日）,万平方米,9.24
2001,上海市,,,2022,商品房:成交面积:上海（2020年5月30日）,万平方米,9.25
1900,上海市,,,2022,商品房:成交面积:上海（2020年10月18日）,万平方米,9.27
1906,上海市,,,2022,商品房:成交面积:上海（2020年10月24日）,万平方米,9.28
2002,上海市,,,2022,商品房:成交面积:上海（2020年5月31日）,万平方米,9.29
668,上海市,,,2022,商品房:成交面积:上海（2021年3月31日）,万平方米,9.3
2362,广东省,,,2022,商品房:成交面积:广州（2020年10月13日）,万平方米,9.33
2049,上海市,,,2022,商品房:成交面积:上海（2020年7月19日）,万平方米,9.41
2057,上海市,,,2022,商品房:成交面积:上海（2020年7月26日）,万平方米,9.43
2054,上海市,,,2022,商品房:成交面积:上海（2020年7月23日）,万平方米,9.45
2075,上海市,,,2022,商品房:成交面积:上海（2020年8月16日）,万平方米,9.46
2389,广东省,,,2022,商品房:成交面积:广州（2020年10月9日）,万平方米,9.51
1222,广东省,,,2022,商品房:成交面积:广州（2021年11月30日）,万平方米,9.52
1241,广东省,,,2022,商品房:成交面积:广州（2021年12月20日）,万平方米,9.52
1216,广东省,,,2022,商品房:成交面积:广州（2021年11月25日）,万平方米,9.54
1322,广东省,,,2022,商品房:成交面积:广州（2021年3月18日）,万平方米,9.59
2013,上海市,,,2022,商品房:成交面积:上海（2020年6月13日）,万平方米,9.6
2079,上海市,,,2022,商品房:成交面积:上海（2020年8月20日）,万平方米,9.6
1330,广东省,,,2022,商品房:成交面积:广州（2021年3月25日）,万平方米,9.61
2021,上海市,,,2022,商品房:成交面积:上海（2020年6月20日）,万平方米,9.65
2062,上海市,,,2022,商品房:成交面积:上海（2020年7月30日）,万平方米,9.69
2076,上海市,,,2022,商品房:成交面积:上海（2020年8月17日）,万平方米,9.7
2248,北京市,,,2022,商品房:成交面积:北京（2020年6月13日）,万平方米,9.7
2344,北京市,,,2022,商品房:成交面积:北京（2020年9月24日）,万平方米,9.7
535,上海市,,,2022,商品房:成交面积:上海（2021年11月15日）,万平方米,9.73
1910,上海市,,,2022,商品房:成交面积:上海（2020年10月28日）,万平方米,9.76
2082,上海市,,,2022,商品房:成交面积:上海（2020年8月23日）,万平方米,9.77
2363,广东省,,,2022,商品房:成交面积:广州（2020年10月14日）,万平方米,9.8
1218,广东省,,,2022,商品房:成交面积:广州（2021年11月27日）,万平方米,9.87
1919,上海市,,,2022,商品房:成交面积:上海（2020年10月9日）,万平方米,9.88
1942,上海市,,,2022,商品房:成交面积:上海（2020年11月30日）,万平方米,9.9
2412,广东省,,,2022,商品房:成交面积:广州（2020年11月30日）,万平方米,9.98
2060,上海市,,,2022,商品房:成交面积:上海（2020年7月29日）,万平方米,10.1
2022,上海市,,,2022,商品房:成交面积:上海（2020年6月21日）,万平方米,10.13
2015,上海市,,,2022,商品房:成交面积:上海（2020年6月15日）,万平方米,10.19
2183,北京市,,,2022,商品房:成交面积:北京（2020年12月10日）,万平方米,10.2
2501,广东省,,,2022,商品房:成交面积:广州（2020年6月29日）,万平方米,10.23
2503,广东省,,,2022,商品房:成交面积:广州（2020年6月30日）,万平方米,10.23
1332,广东省,,,2022,商品房:成交面积:广州（2021年3月27日）,万平方米,10.3
2029,上海市,,,2022,商品房:成交面积:上海（2020年6月28日）,万平方米,10.31
2595,广东省,,,2022,商品房:成交面积:广州（2020年9月30日）,万平方米,10.37
2111,上海市,,,2022,商品房:成交面积:上海（2020年9月22日）,万平方米,10.46
1215,广东省,,,2022,商品房:成交面积:广州（2021年11月24日）,万平方米,10.48
1333,广东省,,,2022,商品房:成交面积:广州（2021年3月28日）,万平方米,10.58
896,北京市,,,2022,商品房:成交面积:北京（2021年12月26日）,万平方米,10.6
667,上海市,,,2022,商品房:成交面积:上海（2021年3月30日）,万平方米,10.64
2199,北京市,,,2022,商品房:成交面积:北京（2020年12月25日）,万平方米,10.7
2265,北京市,,,2022,商品房:成交面积:北京（2020年6月29日）,万平方米,10.7
2052,上海市,,,2022,商品房:成交面积:上海（2020年7月21日）,万平方米,10.81
1968,上海市,,,2022,商品房:成交面积:上海（2020年12月28日）,万平方米,10.83
2074,上海市,,,2022,商品房:成交面积:上海（2020年8月15日）,万平方米,10.91
2410,广东省,,,2022,商品房:成交面积:广州（2020年11月29日）,万平方米,11
2087,上海市,,,2022,商品房:成交面积:上海（2020年8月28日）,万平方米,11.1
2186,北京市,,,2022,商品房:成交面积:北京（2020年12月13日）,万平方米,11.1
2261,北京市,,,2022,商品房:成交面积:北京（2020年6月25日）,万平方米,11.1
2407,广东省,,,2022,商品房:成交面积:广州（2020年11月26日）,万平方米,11.13
1969,上海市,,,2022,商品房:成交面积:上海（2020年12月29日）,万平方米,11.28
2139,北京市,,,2022,商品房:成交面积:北京（2020年10月24日）,万平方米,11.3
2203,北京市,,,2022,商品房:成交面积:北京（2020年12月29日）,万平方米,11.3
1217,广东省,,,2022,商品房:成交面积:广州（2021年11月26日）,万平方米,11.45
986,北京市,,,2022,商品房:成交面积:北京（2021年3月6日）,万平方米,11.5
2030,上海市,,,2022,商品房:成交面积:上海（2020年6月29日）,万平方米,11.78
2084,上海市,,,2022,商品房:成交面积:上海（2020年8月25日）,万平方米,11.91
72,上海市,,,2022,商品房:成交面积:上海（2022年3月7日）,万平方米,11.96
2083,上海市,,,2022,商品房:成交面积:上海（2020年8月24日）,万平方米,12
2140,北京市,,,2022,商品房:成交面积:北京（2020年10月25日）,万平方米,12
1334,广东省,,,2022,商品房:成交面积:广州（2021年3月29日）,万平方米,12.2
2272,北京市,,,2022,商品房:成交面积:北京（2020年6月7日）,万平方米,12.3
2051,上海市,,,2022,商品房:成交面积:上海（2020年7月20日）,万平方米,12.44
2198,北京市,,,2022,商品房:成交面积:北京（2020年12月24日）,万平方米,12.7
2197,北京市,,,2022,商品房:成交面积:北京（2020年12月23日）,万平方米,12.8
1963,上海市,,,2022,商品房:成交面积:上海（2020年12月23日）,万平方米,12.83
2116,上海市,,,2022,商品房:成交面积:上海（2020年9月30日）,万平方米,12.85
848,北京市,,,2022,商品房:成交面积:北京（2021年10月9日）,万平方米,13
2267,北京市,,,2022,商品房:成交面积:北京（2020年6月30日）,万平方米,13
2349,北京市,,,2022,商品房:成交面积:北京（2020年9月29日）,万平方米,13
2042,上海市,,,2022,商品房:成交面积:上海（2020年7月12日）,万平方米,13.05
892,北京市,,,2022,商品房:成交面积:北京（2021年12月22日）,万平方米,13.1
2032,上海市,,,2022,商品房:成交面积:上海（2020年6月30日）,万平方米,13.6
2088,上海市,,,2022,商品房:成交面积:上海（2020年8月29日）,万平方米,13.99
2351,北京市,,,2022,商品房:成交面积:北京（2020年9月30日）,万平方米,14
2085,上海市,,,2022,商品房:成交面积:上海（2020年8月26日）,万平方米,14.09
2205,北京市,,,2022,商品房:成交面积:北京（2020年12月30日）,万平方米,14.2
2247,北京市,,,2022,商品房:成交面积:北京（2020年6月12日）,万平方米,14.2
2086,上海市,,,2022,商品房:成交面积:上海（2020年8月27日）,万平方米,14.22
2250,北京市,,,2022,商品房:成交面积:北京（2020年6月15日）,万平方米,15.2
973,北京市,,,2022,商品房:成交面积:北京（2021年3月23日）,万平方米,15.3
805,上海市,,,2022,商品房:成交面积:上海（2021年9月26日）,万平方米,16.02
1337,广东省,,,2022,商品房:成交面积:广州（2021年3月31日）,万平方米,16.29
2245,北京市,,,2022,商品房:成交面积:北京（2020年6月10日）,万平方米,16.3
2091,上海市,,,2022,商品房:成交面积:上海（2020年8月31日）,万平方米,17.13
2369,广东省,,,2022,商品房:成交面积:广州（2020年10月1日）,万平方米,17.4
2090,上海市,,,2022,商品房:成交面积:上海（2020年8月30日）,万平方米,18.05
1336,广东省,,,2022,商品房:成交面积:广州（2021年3月30日）,万平方米,26.28
2249,北京市,,,2022,商品房:成交面积:北京（2020年6月14日）,万平方米,26.9
3180,广东省,,,2022,广东:水路货运量:当月值（1974年1月）,万吨,1437
3112,广东省,,,2022,广东:水路货运量:当月值（2009年6月）,万吨,1456
3181,广东省,,,2022,广东:水路货运量:当月值（1974年1月）,万吨,1487
3182,广东省,,,2022,广东:水路货运量:当月值（1974年1月）,万吨,1493
3183,广东省,,,2022,广东:水路货运量:当月值（1974年1月）,万吨,1513
3184,广东省,,,2022,广东:水路货运量:当月值（1974年1月）,万吨,1517
3185,广东省,,,2022,广东:水路货运量:当月值（1974年1月）,万吨,1542
3186,广东省,,,2022,广东:水路货运量:当月值（1974年1月）,万吨,1551
3187,广东省,,,2022,广东:水路货运量:当月值（1974年1月）,万吨,1559
3188,广东省,,,2022,广东:水路货运量:当月值（1974年1月）,万吨,1582
3189,广东省,,,2022,广东:水路货运量:当月值（1974年1月）,万吨,1603
3190,广东省,,,2022,广东:水路货运量:当月值（1974年1月）,万吨,1631
3191,广东省,,,2022,广东:水路货运量:当月值（1974年1月）,万吨,1635
3192,广东省,,,2022,广东:水路货运量:当月值（1974年1月）,万吨,1635
3130,广东省,,,2022,广东:水路货运量:当月值（2008年1月）,万吨,1638
3193,广东省,,,2022,广东:水路货运量:当月值（1974年1月）,万吨,1652
3194,广东省,,,2022,广东:水路货运量:当月值（1974年1月）,万吨,1675
3195,广东省,,,2022,广东:水路货运量:当月值（1974年1月）,万吨,1676
3196,广东省,,,2022,广东:水路货运量:当月值（1974年1月）,万吨,1681
3197,广东省,,,2022,广东:水路货运量:当月值（1974年1月）,万吨,1684
3198,广东省,,,2022,广东:水路货运量:当月值（1974年1月）,万吨,1689
3105,广东省,,,2022,广东:水路货运量:当月值（2009年10月）,万吨,1690
3199,广东省,,,2022,广东:水路货运量:当月值（1974年1月）,万吨,1691
3113,广东省,,,2022,广东:水路货运量:当月值（2009年7月）,万吨,1693
3200,广东省,,,2022,广东:水路货运量:当月值（1974年1月）,万吨,1694
3201,广东省,,,2022,广东:水路货运量:当月值（1974年1月）,万吨,1702
3202,广东省,,,2022,广东:水路货运量:当月值（1974年1月）,万吨,1704
3106,广东省,,,2022,广东:水路货运量:当月值（2009年11月）,万吨,1720
3203,广东省,,,2022,广东:水路货运量:当月值（1974年1月）,万吨,1722
3133,广东省,,,2022,广东:水路货运量:当月值（2008年5月）,万吨,1731
3114,广东省,,,2022,广东:水路货运量:当月值（2009年8月）,万吨,1733
3204,广东省,,,2022,广东:水路货运量:当月值（1974年1月）,万吨,1735
3205,广东省,,,2022,广东:水路货运量:当月值（1974年1月）,万吨,1749
3108,广东省,,,2022,广东:水路货运量:当月值（2009年2月）,万吨,1754
3152,广东省,,,2022,广东:水路货运量:当月值（2007年11月）,万吨,1754
3206,广东省,,,2022,广东:水路货运量:当月值（1974年1月）,万吨,1758
3131,广东省,,,2022,广东:水路货运量:当月值（2008年2月）,万吨,1769
3151,广东省,,,2022,广东:水路货运量:当月值（2007年10月）,万吨,1770
3153,广东省,,,2022,广东:水路货运量:当月值（2007年8月）,万吨,1774
3115,广东省,,,2022,广东:水路货运量:当月值（2009年9月）,万吨,1778
3134,广东省,,,2022,广东:水路货运量:当月值（2008年6月）,万吨,1790
3135,广东省,,,2022,广东:水路货运量:当月值（2008年7月）,万吨,1800
3154,广东省,,,2022,广东:水路货运量:当月值（2007年9月）,万吨,1824
3128,广东省,,,2022,广东:水路货运量:当月值（2008年10月）,万吨,1831
3132,广东省,,,2022,广东:水路货运量:当月值（2008年4月）,万吨,1831
3111,广东省,,,2022,广东:水路货运量:当月值（2009年5月）,万吨,1834
3109,广东省,,,2022,广东:水路货运量:当月值（2009年3月）,万吨,1850
3083,广东省,,,2022,广东:水路货运量:当月值（2010年1月）,万吨,1901
3137,广东省,,,2022,广东:水路货运量:当月值（2008年9月）,万吨,1905
3110,广东省,,,2022,广东:水路货运量:当月值（2009年4月）,万吨,1936
3129,广东省,,,2022,广东:水路货运量:当月值（2008年11月）,万吨,1946
3107,广东省,,,2022,广东:水路货运量:当月值（2009年1月）,万吨,1969
3136,广东省,,,2022,广东:水路货运量:当月值（2008年8月）,万吨,1979
3084,广东省,,,2022,广东:水路货运量:当月值（2010年2月）,万吨,2008
3085,广东省,,,2022,广东:水路货运量:当月值（2010年3月）,万吨,2131
3060,广东省,,,2022,广东:水路货运量:当月值（2011年2月）,万吨,2135
3059,广东省,,,2022,广东:水路货运量:当月值（2011年1月）,万吨,2182
3061,广东省,,,2022,广东:水路货运量:当月值（2011年3月）,万吨,2256
3086,广东省,,,2022,广东:水路货运量:当月值（2010年4月）,万吨,2264
3091,广东省,,,2022,广东:水路货运量:当月值（2010年9月）,万吨,2285
3089,广东省,,,2022,广东:水路货运量:当月值（2010年7月）,万吨,2292
3090,广东省,,,2022,广东:水路货运量:当月值（2010年8月）,万吨,2309
3081,广东省,,,2022,广东:水路货运量:当月值（2010年10月）,万吨,2343
3087,广东省,,,2022,广东:水路货运量:当月值（2010年5月）,万吨,2368
3082,广东省,,,2022,广东:水路货运量:当月值（2010年11月）,万吨,2382
3036,广东省,,,2022,广东:水路货运量:当月值（2012年2月）,万吨,2385
3088,广东省,,,2022,广东:水路货运量:当月值（2010年6月）,万吨,2404
3066,广东省,,,2022,广东:水路货运量:当月值（2011年8月）,万吨,2584
3034,广东省,,,2022,广东:水路货运量:当月值（2012年11月）,万吨,2590
3057,广东省,,,2022,广东:水路货运量:当月值（2011年10月）,万吨,2604
3035,广东省,,,2022,广东:水路货运量:当月值（2012年1月）,万吨,2630
3067,广东省,,,2022,广东:水路货运量:当月值（2011年9月）,万吨,2649
3065,广东省,,,2022,广东:水路货运量:当月值（2011年7月）,万吨,2653
3058,广东省,,,2022,广东:水路货运量:当月值（2011年11月）,万吨,2662
3037,广东省,,,2022,广东:水路货运量:当月值（2012年3月）,万吨,2680
3062,广东省,,,2022,广东:水路货运量:当月值（2011年4月）,万吨,2691
3063,广东省,,,2022,广东:水路货运量:当月值（2011年5月）,万吨,2697
3041,广东省,,,2022,广东:水路货运量:当月值（2012年7月）,万吨,2715
3064,广东省,,,2022,广东:水路货运量:当月值（2011年6月）,万吨,2735
3040,广东省,,,2022,广东:水路货运量:当月值（2012年6月）,万吨,2752
3038,广东省,,,2022,广东:水路货运量:当月值（2012年4月）,万吨,2776
3043,广东省,,,2022,广东:水路货运量:当月值（2012年9月）,万吨,2825
3033,广东省,,,2022,广东:水路货运量:当月值（2012年10月）,万吨,2848
3042,广东省,,,2022,广东:水路货运量:当月值（2012年8月）,万吨,2856
3039,广东省,,,2022,广东:水路货运量:当月值（2012年5月）,万吨,2877
2978,广东省,,,2022,广东:水路货运量:当月值（2015年2月）,万吨,3240
3002,广东省,,,2022,广东:水路货运量:当月值（2014年4月）,万吨,3504
2979,广东省,,,2022,广东:水路货运量:当月值（2015年3月）,万吨,3517
3004,广东省,,,2022,广东:水路货运量:当月值（2014年6月）,万吨,3612
3003,广东省,,,2022,广东:水路货运量:当月值（2014年5月）,万吨,3615
2977,广东省,,,2022,广东:水路货运量:当月值（2015年1月）,万吨,3636
3006,广东省,,,2022,广东:水路货运量:当月值（2014年8月）,万吨,3651
3005,广东省,,,2022,广东:水路货运量:当月值（2014年7月）,万吨,3680
3001,广东省,,,2022,广东:水路货运量:当月值（2014年11月）,万吨,3740
3007,广东省,,,2022,广东:水路货运量:当月值（2014年9月）,万吨,3746
2952,广东省,,,2022,广东:水路货运量:当月值（2016年1月）,万吨,3905
3000,广东省,,,2022,广东:水路货运量:当月值（2014年10月）,万吨,3906
2958,广东省,,,2022,广东:水路货运量:当月值（2016年7月）,万吨,3927
2953,广东省,,,2022,广东:水路货运量:当月值（2016年2月）,万吨,3937
2980,广东省,,,2022,广东:水路货运量:当月值（2015年4月）,万吨,3993
2981,广东省,,,2022,广东:水路货运量:当月值（2015年5月）,万吨,4066
3145,广东省,,,2022,广东:公路货运量:当月值（2007年5月）,万吨,4096
2983,广东省,,,2022,广东:水路货运量:当月值（2015年7月）,万吨,4106
3142,广东省,,,2022,广东:公路货运量:当月值（2007年2月）,万吨,4170
2982,广东省,,,2022,广东:水路货运量:当月值（2015年6月）,万吨,4171
3141,广东省,,,2022,广东:公路货运量:当月值（2007年1月）,万吨,4172
2954,广东省,,,2022,广东:水路货运量:当月值（2016年3月）,万吨,4204
3176,广东省,,,2022,广东:公路货运量:当月值（2005年7月）,万吨,4215
2976,广东省,,,2022,广东:水路货运量:当月值（2015年11月）,万吨,4265
2984,广东省,,,2022,广东:水路货运量:当月值（2015年8月）,万吨,4270
2975,广东省,,,2022,广东:水路货运量:当月值（2015年10月）,万吨,4331
3177,广东省,,,2022,广东:公路货运量:当月值（2005年8月）,万吨,4351
2955,广东省,,,2022,广东:水路货运量:当月值（2016年4月）,万吨,4360
2985,广东省,,,2022,广东:水路货运量:当月值（2015年9月）,万吨,4392
3168,广东省,,,2022,广东:公路货运量:当月值（2005年10月）,万吨,4396
2957,广东省,,,2022,广东:水路货运量:当月值（2016年6月）,万吨,4405
3178,广东省,,,2022,广东:公路货运量:当月值（2005年9月）,万吨,4423
2878,广东省,,,2022,广东:水路货运量:当月值（2019年12月）,万吨,4432
3146,广东省,,,2022,广东:公路货运量:当月值（2007年6月）,万吨,4442
2956,广东省,,,2022,广东:水路货运量:当月值（2016年5月）,万吨,4443
3172,广东省,,,2022,广东:公路货运量:当月值（2005年3月）,万吨,4457
3173,广东省,,,2022,广东:公路货运量:当月值（2005年4月）,万吨,4501
3175,广东省,,,2022,广东:公路货运量:当月值（2005年6月）,万吨,4526
3171,广东省,,,2022,广东:公路货运量:当月值（2005年2月）,万吨,4602
3174,广东省,,,2022,广东:公路货运量:当月值（2005年5月）,万吨,4615
3144,广东省,,,2022,广东:公路货运量:当月值（2007年4月）,万吨,4617
2929,广东省,,,2022,广东:水路货运量:当月值（2017年2月）,万吨,4836
3100,广东省,,,2022,广东:公路货运量:当月值（2009年6月）,万吨,4949
3162,广东省,,,2022,广东:公路货运量:当月值（2006年5月）,万吨,4975
3143,广东省,,,2022,广东:公路货运量:当月值（2007年3月）,万吨,5020
3163,广东省,,,2022,广东:公路货运量:当月值（2006年6月）,万吨,5025
3159,广东省,,,2022,广东:公路货运量:当月值（2006年2月）,万吨,5028
2959,广东省,,,2022,广东:水路货运量:当月值（2016年8月）,万吨,5083
3124,广东省,,,2022,广东:公路货运量:当月值（2008年7月）,万吨,5098
2930,广东省,,,2022,广东:水路货运量:当月值（2017年3月）,万吨,5176
3125,广东省,,,2022,广东:公路货运量:当月值（2008年8月）,万吨,5278
3147,广东省,,,2022,广东:公路货运量:当月值（2007年7月）,万吨,5312
2950,广东省,,,2022,广东:水路货运量:当月值（2016年10月）,万吨,5313
3170,广东省,,,2022,广东:公路货运量:当月值（2005年1月）,万吨,5339
3169,广东省,,,2022,广东:公路货运量:当月值（2005年11月）,万吨,5348
2960,广东省,,,2022,广东:水路货运量:当月值（2016年9月）,万吨,5355
2928,广东省,,,2022,广东:水路货运量:当月值（2017年1月）,万吨,5397
3161,广东省,,,2022,广东:公路货运量:当月值（2006年4月）,万吨,5426
3156,广东省,,,2022,广东:公路货运量:当月值（2006年10月）,万吨,5450
3140,广东省,,,2022,广东:公路货运量:当月值（2007年11月）,万吨,5458
3164,广东省,,,2022,广东:公路货运量:当月值（2006年7月）,万吨,5459
3157,广东省,,,2022,广东:公路货运量:当月值（2006年11月）,万吨,5460
3165,广东省,,,2022,广东:公路货运量:当月值（2006年8月）,万吨,5461
3166,广东省,,,2022,广东:公路货运量:当月值（2006年9月）,万吨,5471
3139,广东省,,,2022,广东:公路货运量:当月值（2007年10月）,万吨,5500
3117,广东省,,,2022,广东:公路货运量:当月值（2008年10月）,万吨,5507
1883,广东省,,,2022,广东:水路货运量:当月值（2021年2月）,万吨,5519
3148,广东省,,,2022,广东:公路货运量:当月值（2007年8月）,万吨,5531
3160,广东省,,,2022,广东:公路货运量:当月值（2006年3月）,万吨,5560
3149,广东省,,,2022,广东:公路货运量:当月值（2007年9月）,万吨,5585
2932,广东省,,,2022,广东:水路货运量:当月值（2017年5月）,万吨,5592
3126,广东省,,,2022,广东:公路货运量:当月值（2008年9月）,万吨,5598
2880,广东省,,,2022,广东:水路货运量:当月值（2019年2月）,万吨,5641
2855,广东省,,,2022,广东:水路货运量:当月值（2020年2月）,万吨,5657
2935,广东省,,,2022,广东:水路货运量:当月值（2017年8月）,万吨,5670
2951,广东省,,,2022,广东:水路货运量:当月值（2016年11月）,万吨,5677
2905,广东省,,,2022,广东:水路货运量:当月值（2018年2月）,万吨,5725
2926,广东省,,,2022,广东:水路货运量:当月值（2017年10月）,万吨,5784
2934,广东省,,,2022,广东:水路货运量:当月值（2017年7月）,万吨,5797
2906,广东省,,,2022,广东:水路货运量:当月值（2018年3月）,万吨,5799
2904,广东省,,,2022,广东:水路货运量:当月值（2018年1月）,万吨,5808
2856,广东省,,,2022,广东:水路货运量:当月值（2020年3月）,万吨,5811
2882,广东省,,,2022,广东:水路货运量:当月值（2019年4月）,万吨,5839
3071,广东省,,,2022,广东:公路货运量:当月值（2010年1月）,万吨,5855
3101,广东省,,,2022,广东:公路货运量:当月值（2009年7月）,万吨,5867
3093,广东省,,,2022,广东:公路货运量:当月值（2009年10月）,万吨,5879
2933,广东省,,,2022,广东:水路货运量:当月值（2017年6月）,万吨,5914
3119,广东省,,,2022,广东:公路货运量:当月值（2008年1月）,万吨,5927
2881,广东省,,,2022,广东:水路货运量:当月值（2019年3月）,万吨,5944
3122,广东省,,,2022,广东:公路货运量:当月值（2008年5月）,万吨,5947
3102,广东省,,,2022,广东:公路货运量:当月值（2009年8月）,万吨,5957
3123,广东省,,,2022,广东:公路货运量:当月值（2008年6月）,万吨,5968
3103,广东省,,,2022,广东:公路货运量:当月值（2009年9月）,万吨,5991
3120,广东省,,,2022,广东:公路货运量:当月值（2008年2月）,万吨,5999
3096,广东省,,,2022,广东:公路货运量:当月值（2009年2月）,万吨,6058
2931,广东省,,,2022,广东:水路货运量:当月值（2017年4月）,万吨,6094
3158,广东省,,,2022,广东:公路货运量:当月值（2006年1月）,万吨,6099
2936,广东省,,,2022,广东:水路货运量:当月值（2017年9月）,万吨,6108
3095,广东省,,,2022,广东:公路货运量:当月值（2009年1月）,万吨,6137
3099,广东省,,,2022,广东:公路货运量:当月值（2009年5月）,万吨,6150
2927,广东省,,,2022,广东:水路货运量:当月值（2017年11月）,万吨,6168
2907,广东省,,,2022,广东:水路货运量:当月值（2018年4月）,万吨,6230
2883,广东省,,,2022,广东:水路货运量:当月值（2019年5月）,万吨,6242
2862,广东省,,,2022,广东:水路货运量:当月值（2020年9月）,万吨,6262
2879,广东省,,,2022,广东:水路货运量:当月值（2019年1月）,万吨,6291
3121,广东省,,,2022,广东:公路货运量:当月值（2008年4月）,万吨,6320
2854,广东省,,,2022,广东:水路货运量:当月值（2020年1月）,万吨,6376
2857,广东省,,,2022,广东:水路货运量:当月值（2020年4月）,万吨,6388
2884,广东省,,,2022,广东:水路货运量:当月值（2019年6月）,万吨,6457
2908,广东省,,,2022,广东:水路货运量:当月值（2018年5月）,万吨,6479
2861,广东省,,,2022,广东:水路货运量:当月值（2020年8月）,万吨,6491
2909,广东省,,,2022,广东:水路货运量:当月值（2018年6月）,万吨,6503
2911,广东省,,,2022,广东:水路货运量:当月值（2018年8月）,万吨,6509
2886,广东省,,,2022,广东:水路货运量:当月值（2019年8月）,万吨,6595
2910,广东省,,,2022,广东:水路货运量:当月值（2018年7月）,万吨,6599
3097,广东省,,,2022,广东:公路货运量:当月值（2009年3月）,万吨,6665
2860,广东省,,,2022,广东:水路货运量:当月值（2020年7月）,万吨,6711
2885,广东省,,,2022,广东:水路货运量:当月值（2019年7月）,万吨,6711
2901,广东省,,,2022,广东:水路货运量:当月值（2018年10月）,万吨,6763
3118,广东省,,,2022,广东:公路货运量:当月值（2008年11月）,万吨,6814
2912,广东省,,,2022,广东:水路货运量:当月值（2018年9月）,万吨,6832
499,广东省,,,2022,广东:水路货运量:当月值（2022年2月）,万吨,6851
2858,广东省,,,2022,广东:水路货运量:当月值（2020年5月）,万吨,6911
2887,广东省,,,2022,广东:水路货运量:当月值（2019年9月）,万吨,6911
3072,广东省,,,2022,广东:公路货运量:当月值（2010年2月）,万吨,6931
2859,广东省,,,2022,广东:水路货运量:当月值（2020年6月）,万吨,6936
3098,广东省,,,2022,广东:公路货运量:当月值（2009年4月）,万吨,6937
1884,广东省,,,2022,广东:水路货运量:当月值（2021年3月）,万吨,6962
2903,广东省,,,2022,广东:水路货运量:当月值（2018年12月）,万吨,6985
2902,广东省,,,2022,广东:水路货运量:当月值（2018年11月）,万吨,6987
2876,广东省,,,2022,广东:水路货运量:当月值（2019年10月）,万吨,7006
3094,广东省,,,2022,广东:公路货运量:当月值（2009年11月）,万吨,7018
2877,广东省,,,2022,广东:水路货运量:当月值（2019年11月）,万吨,7044
3155,广东省,,,2022,广东:水路货运量:当月值（年度）,万吨,7122
2853,广东省,,,2022,广东:水路货运量:当月值（2020年12月）,万吨,7396
3073,广东省,,,2022,广东:公路货运量:当月值（2010年3月）,万吨,7416
500,广东省,,,2022,广东:水路货运量:当月值（2022年3月）,万吨,7489
1889,广东省,,,2022,广东:水路货运量:当月值（2021年8月）,万吨,7670
1886,广东省,,,2022,广东:水路货运量:当月值（2021年5月）,万吨,7692
3048,广东省,,,2022,广东:公路货运量:当月值（2011年2月）,万吨,7694
2851,广东省,,,2022,广东:水路货运量:当月值（2020年10月）,万吨,7730
3076,广东省,,,2022,广东:公路货运量:当月值（2010年6月）,万吨,7732
3075,广东省,,,2022,广东:公路货运量:当月值（2010年5月）,万吨,7845
3074,广东省,,,2022,广东:公路货运量:当月值（2010年4月）,万吨,7848
1888,广东省,,,2022,广东:水路货运量:当月值（2021年7月）,万吨,7910
1881,广东省,,,2022,广东:水路货运量:当月值（2021年12月）,万吨,8023
1890,广东省,,,2022,广东:水路货运量:当月值（2021年9月）,万吨,8049
501,广东省,,,2022,广东:水路货运量:当月值（2022年4月）,万吨,8093
1885,广东省,,,2022,广东:水路货运量:当月值（2021年4月）,万吨,8097
3077,广东省,,,2022,广东:公路货运量:当月值（2010年7月）,万吨,8110
1887,广东省,,,2022,广东:水路货运量:当月值（2021年6月）,万吨,8189
498,广东省,,,2022,广东:水路货运量:当月值（2022年1月）,万吨,8190
3014,广东省,,,2022,广东:公路货运量:当月值（2013年4月）,万吨,8286
1880,广东省,,,2022,广东:水路货运量:当月值（2021年11月）,万吨,8325
3078,广东省,,,2022,广东:公路货运量:当月值（2010年8月）,万吨,8335
1879,广东省,,,2022,广东:水路货运量:当月值（2021年10月）,万吨,8401
3079,广东省,,,2022,广东:公路货运量:当月值（2010年9月）,万吨,8542
3069,广东省,,,2022,广东:公路货运量:当月值（2010年10月）,万吨,8571
3049,广东省,,,2022,广东:公路货运量:当月值（2011年3月）,万吨,8688
2852,广东省,,,2022,广东:水路货运量:当月值（2020年11月）,万吨,8761
3024,广东省,,,2022,广东:公路货运量:当月值（2012年2月）,万吨,8825
3051,广东省,,,2022,广东:公路货运量:当月值（2011年5月）,万吨,8922
3070,广东省,,,2022,广东:公路货运量:当月值（2010年11月）,万吨,8974
3050,广东省,,,2022,广东:公路货运量:当月值（2011年4月）,万吨,9008
1882,广东省,,,2022,广东:水路货运量:当月值（2021年1月）,万吨,9066
3052,广东省,,,2022,广东:公路货运量:当月值（2011年6月）,万吨,9342
3053,广东省,,,2022,广东:公路货运量:当月值（2011年7月）,万吨,9560
2991,广东省,,,2022,广东:公路货运量:当月值（2014年2月）,万吨,9608
3012,广东省,,,2022,广东:公路货运量:当月值（2013年2月）,万吨,9727
3054,广东省,,,2022,广东:公路货运量:当月值（2011年8月）,万吨,9750
3023,广东省,,,2022,广东:公路货运量:当月值（2012年1月）,万吨,9753
3025,广东省,,,2022,广东:公路货运量:当月值（2012年3月）,万吨,9814
3055,广东省,,,2022,广东:公路货运量:当月值（2011年9月）,万吨,9907
3011,广东省,,,2022,广东:公路货运量:当月值（2013年1月）,万吨,9985
3045,广东省,,,2022,广东:公路货运量:当月值（2011年10月）,万吨,10020
3027,广东省,,,2022,广东:公路货运量:当月值（2012年5月）,万吨,10131
3026,广东省,,,2022,广东:公路货运量:当月值（2012年4月）,万吨,10180
3046,广东省,,,2022,广东:公路货运量:当月值（2011年11月）,万吨,10263
2992,广东省,,,2022,广东:公路货运量:当月值（2014年3月）,万吨,10266
3013,广东省,,,2022,广东:公路货运量:当月值（2013年3月）,万吨,10364
3015,广东省,,,2022,广东:公路货运量:当月值（2013年5月）,万吨,10549
3016,广东省,,,2022,广东:公路货运量:当月值（2013年6月）,万吨,10564
3028,广东省,,,2022,广东:公路货运量:当月值（2012年6月）,万吨,10650
2993,广东省,,,2022,广东:公路货运量:当月值（2014年4月）,万吨,10700
3029,广东省,,,2022,广东:公路货运量:当月值（2012年7月）,万吨,10799
3047,广东省,,,2022,广东:公路货运量:当月值（2011年1月）,万吨,10853
3031,广东省,,,2022,广东:公路货运量:当月值（2012年9月）,万吨,11001
3030,广东省,,,2022,广东:公路货运量:当月值（2012年8月）,万吨,11042
3017,广东省,,,2022,广东:公路货运量:当月值（2013年7月）,万吨,11068
3021,广东省,,,2022,广东:公路货运量:当月值（2012年10月）,万吨,11151
3022,广东省,,,2022,广东:公路货运量:当月值（2012年11月）,万吨,11222
2990,广东省,,,2022,广东:公路货运量:当月值（2014年1月）,万吨,11264
3018,广东省,,,2022,广东:公路货运量:当月值（2013年8月）,万吨,11373
3010,广东省,,,2022,广东:公路货运量:当月值（2013年11月）,万吨,11624
2995,广东省,,,2022,广东:公路货运量:当月值（2014年6月）,万吨,11678
2996,广东省,,,2022,广东:公路货运量:当月值（2014年7月）,万吨,11697
2966,广东省,,,2022,广东:公路货运量:当月值（2015年2月）,万吨,11741
3009,广东省,,,2022,广东:公路货运量:当月值（2013年10月）,万吨,11743
2994,广东省,,,2022,广东:公路货运量:当月值（2014年5月）,万吨,11763
3019,广东省,,,2022,广东:公路货运量:当月值（2013年9月）,万吨,11820
2989,广东省,,,2022,广东:公路货运量:当月值（2014年12月）,万吨,11858
2997,广东省,,,2022,广东:公路货运量:当月值（2014年8月）,万吨,12053
2967,广东省,,,2022,广东:公路货运量:当月值（2015年3月）,万吨,12115
2965,广东省,,,2022,广东:公路货运量:当月值（2015年1月）,万吨,12638
2968,广东省,,,2022,广东:公路货运量:当月值（2015年4月）,万吨,12745
2998,广东省,,,2022,广东:公路货运量:当月值（2014年9月）,万吨,13070
2988,广东省,,,2022,广东:公路货运量:当月值（2014年11月）,万吨,13320
2969,广东省,,,2022,广东:公路货运量:当月值（2015年5月）,万吨,13379
2987,广东省,,,2022,广东:公路货运量:当月值（2014年10月）,万吨,13419
2941,广东省,,,2022,广东:公路货运量:当月值（2016年2月）,万吨,13616
2970,广东省,,,2022,广东:公路货运量:当月值（2015年6月）,万吨,13813
2971,广东省,,,2022,广东:公路货运量:当月值（2015年7月）,万吨,13840
2972,广东省,,,2022,广东:公路货运量:当月值（2015年8月）,万吨,13999
2940,广东省,,,2022,广东:公路货运量:当月值（2016年1月）,万吨,14126
2942,广东省,,,2022,广东:公路货运量:当月值（2016年3月）,万吨,14324
2946,广东省,,,2022,广东:公路货运量:当月值（2016年7月）,万吨,14830
2973,广东省,,,2022,广东:公路货运量:当月值（2015年9月）,万吨,14918
2943,广东省,,,2022,广东:公路货运量:当月值（2016年4月）,万吨,14948
2917,广东省,,,2022,广东:公路货运量:当月值（2017年2月）,万吨,15062
2963,广东省,,,2022,广东:公路货运量:当月值（2015年11月）,万吨,15128
2892,广东省,,,2022,广东:公路货运量:当月值（2018年2月）,万吨,15149
2962,广东省,,,2022,广东:公路货运量:当月值（2015年10月）,万吨,15278
2944,广东省,,,2022,广东:公路货运量:当月值（2016年5月）,万吨,15364
2918,广东省,,,2022,广东:公路货运量:当月值（2017年3月）,万吨,15668
2945,广东省,,,2022,广东:公路货运量:当月值（2016年6月）,万吨,15997
2947,广东省,,,2022,广东:公路货运量:当月值（2016年8月）,万吨,16403
2916,广东省,,,2022,广东:公路货运量:当月值（2017年1月）,万吨,16649
2919,广东省,,,2022,广东:公路货运量:当月值（2017年4月）,万吨,16714
2964,广东省,,,2022,广东:公路货运量:当月值（2015年12月）,万吨,16974
2948,广东省,,,2022,广东:公路货运量:当月值（2016年9月）,万吨,17015
2938,广东省,,,2022,广东:公路货运量:当月值（2016年10月）,万吨,17102
2921,广东省,,,2022,广东:公路货运量:当月值（2017年6月）,万吨,17514
2920,广东省,,,2022,广东:公路货运量:当月值（2017年5月）,万吨,17589
2842,广东省,,,2022,广东:公路货运量:当月值（2020年2月）,万吨,17602
2922,广东省,,,2022,广东:公路货运量:当月值（2017年7月）,万吨,18124
2939,广东省,,,2022,广东:公路货运量:当月值（2016年11月）,万吨,18183
3138,广东省,,,2022,广东:水路货运量:当月值（年度）,万吨,18220
2923,广东省,,,2022,广东:公路货运量:当月值（2017年8月）,万吨,18319
1869,广东省,,,2022,广东:公路货运量:当月值（2021年1月）,万吨,18688
2867,广东省,,,2022,广东:公路货运量:当月值（2019年2月）,万吨,18980
2841,广东省,,,2022,广东:公路货运量:当月值（2020年1月）,万吨,19226
3116,广东省,,,2022,广东:水路货运量:当月值（年度）,万吨,19413
2924,广东省,,,2022,广东:公路货运量:当月值（2017年9月）,万吨,19504
494,广东省,,,2022,广东:公路货运量:当月值（2022年2月）,万吨,19571
2914,广东省,,,2022,广东:公路货运量:当月值（2017年10月）,万吨,19923
2843,广东省,,,2022,广东:公路货运量:当月值（2020年3月）,万吨,20179
2915,广东省,,,2022,广东:公路货运量:当月值（2017年11月）,万吨,20993
2895,广东省,,,2022,广东:公路货运量:当月值（2018年5月）,万吨,21001
2866,广东省,,,2022,广东:公路货运量:当月值（2019年1月）,万吨,21104
493,广东省,,,2022,广东:公路货运量:当月值（2022年1月）,万吨,21204
2896,广东省,,,2022,广东:公路货运量:当月值（2018年6月）,万吨,21236
2868,广东省,,,2022,广东:公路货运量:当月值（2019年3月）,万吨,21255
2844,广东省,,,2022,广东:公路货运量:当月值（2020年4月）,万吨,21502
1870,广东省,,,2022,广东:公路货运量:当月值（2021年2月）,万吨,21636
1871,广东省,,,2022,广东:公路货运量:当月值（2021年3月）,万吨,21706
2897,广东省,,,2022,广东:公路货运量:当月值（2018年7月）,万吨,21811
2898,广东省,,,2022,广东:公路货运量:当月值（2018年8月）,万吨,21817
2869,广东省,,,2022,广东:公路货运量:当月值（2019年4月）,万吨,22133
495,广东省,,,2022,广东:公路货运量:当月值（2022年3月）,万吨,22140
2845,广东省,,,2022,广东:公路货运量:当月值（2020年5月）,万吨,22393
1872,广东省,,,2022,广东:公路货运量:当月值（2021年4月）,万吨,22754
2889,广东省,,,2022,广东:公路货运量:当月值（2018年10月）,万吨,22809
2870,广东省,,,2022,广东:公路货运量:当月值（2019年5月）,万吨,22813
2846,广东省,,,2022,广东:公路货运量:当月值（2020年6月）,万吨,22815
2899,广东省,,,2022,广东:公路货运量:当月值（2018年9月）,万吨,22845
2848,广东省,,,2022,广东:公路货运量:当月值（2020年8月）,万吨,23210
2847,广东省,,,2022,广东:公路货运量:当月值（2020年7月）,万吨,23385
2890,广东省,,,2022,广东:公路货运量:当月值（2018年11月）,万吨,23671
1873,广东省,,,2022,广东:公路货运量:当月值（2021年5月）,万吨,23730
2871,广东省,,,2022,广东:公路货运量:当月值（2019年6月）,万吨,23793
1874,广东省,,,2022,广东:公路货运量:当月值（2021年6月）,万吨,23969
2849,广东省,,,2022,广东:公路货运量:当月值（2020年9月）,万吨,23988
2872,广东省,,,2022,广东:公路货运量:当月值（2019年7月）,万吨,24022
2838,广东省,,,2022,广东:公路货运量:当月值（2020年10月）,万吨,24077
2873,广东省,,,2022,广东:公路货运量:当月值（2019年8月）,万吨,24277
2894,广东省,,,2022,广东:公路货运量:当月值（2018年4月）,万吨,24382
2893,广东省,,,2022,广东:公路货运量:当月值（2018年3月）,万吨,24480
496,广东省,,,2022,广东:公路货运量:当月值（2022年4月）,万吨,24547
3092,广东省,,,2022,广东:水路货运量:当月值（年度）,万吨,24687
2839,广东省,,,2022,广东:公路货运量:当月值（2020年11月）,万吨,24733
1875,广东省,,,2022,广东:公路货运量:当月值（2021年7月）,万吨,24857
1876,广东省,,,2022,广东:公路货运量:当月值（2021年8月）,万吨,24876
2864,广东省,,,2022,广东:公路货运量:当月值（2019年10月）,万吨,25105
1877,广东省,,,2022,广东:公路货运量:当月值（2021年9月）,万吨,25231
2874,广东省,,,2022,广东:公路货运量:当月值（2019年9月）,万吨,25289
2891,广东省,,,2022,广东:公路货运量:当月值（2018年1月）,万吨,25325
2865,广东省,,,2022,广东:公路货运量:当月值（2019年11月）,万吨,25596
1866,广东省,,,2022,广东:公路货运量:当月值（2021年10月）,万吨,25748
1867,广东省,,,2022,广东:公路货运量:当月值（2021年11月）,万吨,26515
3068,广东省,,,2022,广东:水路货运量:当月值（年度）,万吨,27848
1868,广东省,,,2022,广东:公路货运量:当月值（2021年12月）,万吨,28908
3008,广东省,,,2022,广东:水路货运量:当月值（年度）,万吨,29454
3044,广东省,,,2022,广东:水路货运量:当月值（年度）,万吨,29934
2840,广东省,,,2022,广东:公路货运量:当月值（2020年12月）,万吨,30395
502,广东省,,,2022,广东:水路货运量:当月值（年度）,万吨,30623
2986,广东省,,,2022,广东:水路货运量:当月值（年度）,万吨,43987
3207,广东省,,,2022,广东:水路货运量:当月值（年度）,万吨,43997
2961,广东省,,,2022,广东:水路货运量:当月值（年度）,万吨,50609
3179,广东省,,,2022,广东:公路货运量:当月值（年度）,万吨,50773
3150,广东省,,,2022,广东:公路货运量:当月值（年度）,万吨,53903
3127,广东省,,,2022,广东:公路货运量:当月值（年度）,万吨,58456
3167,广东省,,,2022,广东:公路货运量:当月值（年度）,万吨,59414
2937,广东省,,,2022,广东:水路货运量:当月值（年度）,万吨,62536
3104,广东省,,,2022,广东:公路货运量:当月值（年度）,万吨,67608
2888,广东省,,,2022,广东:水路货运量:当月值（年度）,万吨,75113
2913,广东省,,,2022,广东:水路货运量:当月值（年度）,万吨,77219
2863,广东省,,,2022,广东:水路货运量:当月值（年度）,万吨,81430
3080,广东省,,,2022,广东:公路货运量:当月值（年度）,万吨,86159
497,广东省,,,2022,广东:公路货运量:当月值（年度）,万吨,87462
1891,广东省,,,2022,广东:水路货运量:当月值（年度）,万吨,93903
3056,广东省,,,2022,广东:公路货运量:当月值（年度）,万吨,104007
3032,广东省,,,2022,广东:公路货运量:当月值（年度）,万吨,114568
3020,广东省,,,2022,广东:公路货运量:当月值（年度）,万吨,117103
2999,广东省,,,2022,广东:公路货运量:当月值（年度）,万吨,140696
2974,广东省,,,2022,广东:公路货运量:当月值（年度）,万吨,166568
2949,广东省,,,2022,广东:公路货运量:当月值（年度）,万吨,171908
2925,广东省,,,2022,广东:公路货运量:当月值（年度）,万吨,196059
2900,广东省,,,2022,广东:公路货运量:当月值（年度）,万吨,244526
2875,广东省,,,2022,广东:公路货运量:当月值（年度）,万吨,254367
2850,广东省,,,2022,广东:公路货运量:当月值（年度）,万吨,273505
1878,广东省,,,2022,广东:公路货运量:当月值（年度）,万吨,288618
