id,province,industryId,industry,year,targetName,targetUnit,value
1,上海市,,,2022,商品房:成交面积:上海（2022年1月10日）,万平方米,5.23
2,上海市,,,2022,商品房:成交面积:上海（2022年1月11日）,万平方米,4.52
3,上海市,,,2022,商品房:成交面积:上海（2022年1月12日）,万平方米,4.3
4,上海市,,,2022,商品房:成交面积:上海（2022年1月13日）,万平方米,3.49
5,上海市,,,2022,商品房:成交面积:上海（2022年1月14日）,万平方米,3.51
6,上海市,,,2022,商品房:成交面积:上海（2022年1月15日）,万平方米,3.95
7,上海市,,,2022,商品房:成交面积:上海（2022年1月16日）,万平方米,4.02
8,上海市,,,2022,商品房:成交面积:上海（2022年1月17日）,万平方米,3.75
9,上海市,,,2022,商品房:成交面积:上海（2022年1月18日）,万平方米,4.17
10,上海市,,,2022,商品房:成交面积:上海（2022年1月19日）,万平方米,2.8
11,上海市,,,2022,商品房:成交面积:上海（2022年1月1日）,万平方米,0.48
12,上海市,,,2022,商品房:成交面积:上海（2022年1月20日）,万平方米,1.78
13,上海市,,,2022,商品房:成交面积:上海（2022年1月21日）,万平方米,1.52
14,上海市,,,2022,商品房:成交面积:上海（2022年1月22日）,万平方米,3.22
15,上海市,,,2022,商品房:成交面积:上海（2022年1月23日）,万平方米,3.86
16,上海市,,,2022,商品房:成交面积:上海（2022年1月24日）,万平方米,4.18
17,上海市,,,2022,商品房:成交面积:上海（2022年1月25日）,万平方米,7.91
18,上海市,,,2022,商品房:成交面积:上海（2022年1月26日）,万平方米,4.97
19,上海市,,,2022,商品房:成交面积:上海（2022年1月27日）,万平方米,4.92
20,上海市,,,2022,商品房:成交面积:上海（2022年1月2日）,万平方米,3.46
21,上海市,,,2022,商品房:成交面积:上海（2022年1月3日）,万平方米,4.06
22,上海市,,,2022,商品房:成交面积:上海（2022年1月4日）,万平方米,4.26
23,上海市,,,2022,商品房:成交面积:上海（2022年1月5日）,万平方米,4.03
24,上海市,,,2022,商品房:成交面积:上海（2022年1月6日）,万平方米,2.02
25,上海市,,,2022,商品房:成交面积:上海（2022年1月7日）,万平方米,1.37
26,上海市,,,2022,商品房:成交面积:上海（2022年1月8日）,万平方米,3.7
27,上海市,,,2022,商品房:成交面积:上海（2022年1月9日）,万平方米,5.24
28,上海市,,,2022,商品房:成交面积:上海（2022年2月10日）,万平方米,2.24
29,上海市,,,2022,商品房:成交面积:上海（2022年2月11日）,万平方米,1.51
30,上海市,,,2022,商品房:成交面积:上海（2022年2月12日）,万平方米,1.74
31,上海市,,,2022,商品房:成交面积:上海（2022年2月13日）,万平方米,1.22
32,上海市,,,2022,商品房:成交面积:上海（2022年2月14日）,万平方米,0.44
33,上海市,,,2022,商品房:成交面积:上海（2022年2月1日）,万平方米,3.51
34,上海市,,,2022,商品房:成交面积:上海（2022年2月21日）,万平方米,0.14
35,上海市,,,2022,商品房:成交面积:上海（2022年2月22日）,万平方米,0.65
36,上海市,,,2022,商品房:成交面积:上海（2022年2月23日）,万平方米,1.28
37,上海市,,,2022,商品房:成交面积:上海（2022年2月24日）,万平方米,1.37
38,上海市,,,2022,商品房:成交面积:上海（2022年2月25日）,万平方米,1.27
39,上海市,,,2022,商品房:成交面积:上海（2022年2月26日）,万平方米,3.21
40,上海市,,,2022,商品房:成交面积:上海（2022年2月27日）,万平方米,3.34
41,上海市,,,2022,商品房:成交面积:上海（2022年2月28日）,万平方米,4.13
42,上海市,,,2022,商品房:成交面积:上海（2022年2月2日）,万平方米,3.53
43,上海市,,,2022,商品房:成交面积:上海（2022年2月3日）,万平方米,1.9
44,上海市,,,2022,商品房:成交面积:上海（2022年2月4日）,万平方米,1.21
45,上海市,,,2022,商品房:成交面积:上海（2022年2月5日）,万平方米,3.51
46,上海市,,,2022,商品房:成交面积:上海（2022年2月6日）,万平方米,2.82
47,上海市,,,2022,商品房:成交面积:上海（2022年2月7日）,万平方米,5.09
48,上海市,,,2022,商品房:成交面积:上海（2022年2月8日）,万平方米,3.46
49,上海市,,,2022,商品房:成交面积:上海（2022年2月9日）,万平方米,5.0
50,上海市,,,2022,商品房:成交面积:上海（2022年3月10日）,万平方米,1.65
51,上海市,,,2022,商品房:成交面积:上海（2022年3月11日）,万平方米,1.72
52,上海市,,,2022,商品房:成交面积:上海（2022年3月12日）,万平方米,3.46
53,上海市,,,2022,商品房:成交面积:上海（2022年3月13日）,万平方米,6.9
54,上海市,,,2022,商品房:成交面积:上海（2022年3月14日）,万平方米,5.59
55,上海市,,,2022,商品房:成交面积:上海（2022年3月15日）,万平方米,4.89
56,上海市,,,2022,商品房:成交面积:上海（2022年3月16日）,万平方米,6.05
57,上海市,,,2022,商品房:成交面积:上海（2022年3月17日）,万平方米,2.75
58,上海市,,,2022,商品房:成交面积:上海（2022年3月18日）,万平方米,1.68
59,上海市,,,2022,商品房:成交面积:上海（2022年3月19日）,万平方米,4.99
60,上海市,,,2022,商品房:成交面积:上海（2022年3月1日）,万平方米,4.04
61,上海市,,,2022,商品房:成交面积:上海（2022年3月20日）,万平方米,5.37
62,上海市,,,2022,商品房:成交面积:上海（2022年3月21日）,万平方米,4.87
63,上海市,,,2022,商品房:成交面积:上海（2022年3月22日）,万平方米,8.01
64,上海市,,,2022,商品房:成交面积:上海（2022年3月23日）,万平方米,8.37
65,上海市,,,2022,商品房:成交面积:上海（2022年3月24日）,万平方米,2.99
66,上海市,,,2022,商品房:成交面积:上海（2022年3月25日）,万平方米,2.07
67,上海市,,,2022,商品房:成交面积:上海（2022年3月2日）,万平方米,3.18
68,上海市,,,2022,商品房:成交面积:上海（2022年3月3日）,万平方米,2.27
69,上海市,,,2022,商品房:成交面积:上海（2022年3月4日）,万平方米,1.4
70,上海市,,,2022,商品房:成交面积:上海（2022年3月5日）,万平方米,3.31
71,上海市,,,2022,商品房:成交面积:上海（2022年3月6日）,万平方米,4.92
72,上海市,,,2022,商品房:成交面积:上海（2022年3月7日）,万平方米,11.96
73,上海市,,,2022,商品房:成交面积:上海（2022年3月8日）,万平方米,3.98
74,上海市,,,2022,商品房:成交面积:上海（2022年3月9日）,万平方米,5.2
75,上海市,,,2022,商品房:成交面积:上海（2022年4月10日）,万平方米,3.74
76,上海市,,,2022,商品房:成交面积:上海（2022年4月11日）,万平方米,4.15
77,上海市,,,2022,商品房:成交面积:上海（2022年4月12日）,万平方米,3.23
78,上海市,,,2022,商品房:成交面积:上海（2022年4月13日）,万平方米,6.96
79,上海市,,,2022,商品房:成交面积:上海（2022年4月14日）,万平方米,2.75
80,上海市,,,2022,商品房:成交面积:上海（2022年4月15日）,万平方米,1.82
81,上海市,,,2022,商品房:成交面积:上海（2022年4月16日）,万平方米,4.19
82,上海市,,,2022,商品房:成交面积:上海（2022年4月17日）,万平方米,4.89
83,上海市,,,2022,商品房:成交面积:上海（2022年4月18日）,万平方米,3.33
84,上海市,,,2022,商品房:成交面积:上海（2022年4月19日）,万平方米,3.45
85,上海市,,,2022,商品房:成交面积:上海（2022年4月1日）,万平方米,1.56
86,上海市,,,2022,商品房:成交面积:上海（2022年4月20日）,万平方米,3.22
87,上海市,,,2022,商品房:成交面积:上海（2022年4月21日）,万平方米,2.0
88,上海市,,,2022,商品房:成交面积:上海（2022年4月22日）,万平方米,2.01
89,上海市,,,2022,商品房:成交面积:上海（2022年4月23日）,万平方米,4.13
90,上海市,,,2022,商品房:成交面积:上海（2022年4月24日）,万平方米,4.72
91,上海市,,,2022,商品房:成交面积:上海（2022年4月25日）,万平方米,5.04
92,上海市,,,2022,商品房:成交面积:上海（2022年4月26日）,万平方米,7.64
93,上海市,,,2022,商品房:成交面积:上海（2022年4月27日）,万平方米,7.29
94,上海市,,,2022,商品房:成交面积:上海（2022年4月28日）,万平方米,7.13
95,上海市,,,2022,商品房:成交面积:上海（2022年4月29日）,万平方米,4.1
96,上海市,,,2022,商品房:成交面积:上海（2022年4月2日）,万平方米,5.02
97,上海市,,,2022,商品房:成交面积:上海（2022年4月30日）,万平方米,2.62
98,上海市,,,2022,商品房:成交面积:上海（2022年4月3日）,万平方米,4.65
99,上海市,,,2022,商品房:成交面积:上海（2022年4月4日）,万平方米,4.45
100,上海市,,,2022,商品房:成交面积:上海（2022年4月5日）,万平方米,0.88
101,上海市,,,2022,商品房:成交面积:上海（2022年4月6日）,万平方米,1.04
102,上海市,,,2022,商品房:成交面积:上海（2022年4月7日）,万平方米,1.12
103,上海市,,,2022,商品房:成交面积:上海（2022年4月8日）,万平方米,3.32
104,上海市,,,2022,商品房:成交面积:上海（2022年4月9日）,万平方米,5.37
105,上海市,,,2022,商品房:成交面积:上海（2022年5月10日）,万平方米,4.07
106,上海市,,,2022,商品房:成交面积:上海（2022年5月11日）,万平方米,3.89
107,上海市,,,2022,商品房:成交面积:上海（2022年5月12日）,万平方米,2.66
108,上海市,,,2022,商品房:成交面积:上海（2022年5月13日）,万平方米,1.57
109,上海市,,,2022,商品房:成交面积:上海（2022年5月1日）,万平方米,2.36
110,上海市,,,2022,商品房:成交面积:上海（2022年5月2日）,万平方米,3.92
111,上海市,,,2022,商品房:成交面积:上海（2022年5月3日）,万平方米,6.2
112,上海市,,,2022,商品房:成交面积:上海（2022年5月4日）,万平方米,3.71
113,上海市,,,2022,商品房:成交面积:上海（2022年5月5日）,万平方米,3.3
114,上海市,,,2022,商品房:成交面积:上海（2022年5月6日）,万平方米,2.65
115,上海市,,,2022,商品房:成交面积:上海（2022年5月7日）,万平方米,6.46
116,上海市,,,2022,商品房:成交面积:上海（2022年5月8日）,万平方米,4.65
117,上海市,,,2022,商品房:成交面积:上海（2022年5月9日）,万平方米,5.07
118,上海市,,,2022,商品房:成交面积:上海（2022年6月10日）,万平方米,2.73
119,上海市,,,2022,商品房:成交面积:上海（2022年6月1日）,万平方米,5.93
120,上海市,,,2022,商品房:成交面积:上海（2022年6月2日）,万平方米,3.3
121,上海市,,,2022,商品房:成交面积:上海（2022年6月3日）,万平方米,2.18
122,上海市,,,2022,商品房:成交面积:上海（2022年6月4日）,万平方米,4.45
123,上海市,,,2022,商品房:成交面积:上海（2022年6月6日）,万平方米,7.56
124,上海市,,,2022,商品房:成交面积:上海（2022年6月7日）,万平方米,4.95
125,上海市,,,2022,商品房:成交面积:上海（2022年6月9日）,万平方米,2.41
126,北京市,,,2022,商品房:成交面积:北京（2022年1月10日）,万平方米,1.6
127,北京市,,,2022,商品房:成交面积:北京（2022年1月11日）,万平方米,2.2
128,北京市,,,2022,商品房:成交面积:北京（2022年1月12日）,万平方米,0.5
129,北京市,,,2022,商品房:成交面积:北京（2022年1月13日）,万平方米,0.6
130,北京市,,,2022,商品房:成交面积:北京（2022年1月15日）,万平方米,1.4
131,北京市,,,2022,商品房:成交面积:北京（2022年1月16日）,万平方米,1.2
132,北京市,,,2022,商品房:成交面积:北京（2022年1月17日）,万平方米,1.3
133,北京市,,,2022,商品房:成交面积:北京（2022年1月18日）,万平方米,1.2
134,北京市,,,2022,商品房:成交面积:北京（2022年1月19日）,万平方米,1.4
135,北京市,,,2022,商品房:成交面积:北京（2022年1月1日）,万平方米,0.8
136,北京市,,,2022,商品房:成交面积:北京（2022年1月20日）,万平方米,2.4
137,北京市,,,2022,商品房:成交面积:北京（2022年1月21日）,万平方米,2.5
138,北京市,,,2022,商品房:成交面积:北京（2022年1月22日）,万平方米,2.2
139,北京市,,,2022,商品房:成交面积:北京（2022年1月23日）,万平方米,1.6
140,北京市,,,2022,商品房:成交面积:北京（2022年1月24日）,万平方米,2.5
141,北京市,,,2022,商品房:成交面积:北京（2022年1月25日）,万平方米,1.6
142,北京市,,,2022,商品房:成交面积:北京（2022年1月26日）,万平方米,1.1
143,北京市,,,2022,商品房:成交面积:北京（2022年1月27日）,万平方米,1.1
144,北京市,,,2022,商品房:成交面积:北京（2022年1月2日）,万平方米,2.9
145,北京市,,,2022,商品房:成交面积:北京（2022年1月3日）,万平方米,2.0
146,北京市,,,2022,商品房:成交面积:北京（2022年1月4日）,万平方米,1.9
147,北京市,,,2022,商品房:成交面积:北京（2022年1月5日）,万平方米,1.5
148,北京市,,,2022,商品房:成交面积:北京（2022年1月6日）,万平方米,1.2
149,北京市,,,2022,商品房:成交面积:北京（2022年1月7日）,万平方米,1.4
150,北京市,,,2022,商品房:成交面积:北京（2022年1月8日）,万平方米,2.1
151,北京市,,,2022,商品房:成交面积:北京（2022年1月9日）,万平方米,1.4
152,北京市,,,2022,商品房:成交面积:北京（2022年2月10日）,万平方米,0.7
153,北京市,,,2022,商品房:成交面积:北京（2022年2月11日）,万平方米,2.7
154,北京市,,,2022,商品房:成交面积:北京（2022年2月12日）,万平方米,3.5
155,北京市,,,2022,商品房:成交面积:北京（2022年2月1日）,万平方米,3.8
156,北京市,,,2022,商品房:成交面积:北京（2022年2月22日）,万平方米,0.3
157,北京市,,,2022,商品房:成交面积:北京（2022年2月23日）,万平方米,0.6
158,北京市,,,2022,商品房:成交面积:北京（2022年2月24日）,万平方米,0.4
159,北京市,,,2022,商品房:成交面积:北京（2022年2月25日）,万平方米,0.6
160,北京市,,,2022,商品房:成交面积:北京（2022年2月2日）,万平方米,3.2
161,北京市,,,2022,商品房:成交面积:北京（2022年2月3日）,万平方米,0.6
162,北京市,,,2022,商品房:成交面积:北京（2022年2月4日）,万平方米,1.0
163,北京市,,,2022,商品房:成交面积:北京（2022年2月5日）,万平方米,2.5
164,北京市,,,2022,商品房:成交面积:北京（2022年2月6日）,万平方米,2.7
165,北京市,,,2022,商品房:成交面积:北京（2022年2月7日）,万平方米,2.6
166,北京市,,,2022,商品房:成交面积:北京（2022年2月8日）,万平方米,1.8
167,北京市,,,2022,商品房:成交面积:北京（2022年2月9日）,万平方米,0.5
168,北京市,,,2022,商品房:成交面积:北京（2022年3月10日）,万平方米,0.3
169,北京市,,,2022,商品房:成交面积:北京（2022年3月11日）,万平方米,0.6
170,北京市,,,2022,商品房:成交面积:北京（2022年3月12日）,万平方米,1.1
171,北京市,,,2022,商品房:成交面积:北京（2022年3月13日）,万平方米,1.4
172,北京市,,,2022,商品房:成交面积:北京（2022年3月14日）,万平方米,0.9
173,北京市,,,2022,商品房:成交面积:北京（2022年3月15日）,万平方米,1.0
174,北京市,,,2022,商品房:成交面积:北京（2022年3月16日）,万平方米,0.8
175,北京市,,,2022,商品房:成交面积:北京（2022年3月17日）,万平方米,0.3
176,北京市,,,2022,商品房:成交面积:北京（2022年3月18日）,万平方米,1.4
177,北京市,,,2022,商品房:成交面积:北京（2022年3月19日）,万平方米,1.8
178,北京市,,,2022,商品房:成交面积:北京（2022年3月1日）,万平方米,3.9
179,北京市,,,2022,商品房:成交面积:北京（2022年3月20日）,万平方米,1.8
180,北京市,,,2022,商品房:成交面积:北京（2022年3月21日）,万平方米,1.8
181,北京市,,,2022,商品房:成交面积:北京（2022年3月22日）,万平方米,1.8
182,北京市,,,2022,商品房:成交面积:北京（2022年3月23日）,万平方米,0.5
183,北京市,,,2022,商品房:成交面积:北京（2022年3月24日）,万平方米,0.5
184,北京市,,,2022,商品房:成交面积:北京（2022年3月25日）,万平方米,0.6
185,北京市,,,2022,商品房:成交面积:北京（2022年3月2日）,万平方米,0.7
186,北京市,,,2022,商品房:成交面积:北京（2022年3月3日）,万平方米,0.6
187,北京市,,,2022,商品房:成交面积:北京（2022年3月4日）,万平方米,0.7
188,北京市,,,2022,商品房:成交面积:北京（2022年3月5日）,万平方米,3.0
189,北京市,,,2022,商品房:成交面积:北京（2022年3月6日）,万平方米,1.6
190,北京市,,,2022,商品房:成交面积:北京（2022年3月7日）,万平方米,5.8
191,北京市,,,2022,商品房:成交面积:北京（2022年3月8日）,万平方米,1.2
192,北京市,,,2022,商品房:成交面积:北京（2022年3月9日）,万平方米,0.8
193,北京市,,,2022,商品房:成交面积:北京（2022年4月10日）,万平方米,1.2
194,北京市,,,2022,商品房:成交面积:北京（2022年4月11日）,万平方米,2.3
195,北京市,,,2022,商品房:成交面积:北京（2022年4月12日）,万平方米,1.9
196,北京市,,,2022,商品房:成交面积:北京（2022年4月13日）,万平方米,0.5
197,北京市,,,2022,商品房:成交面积:北京（2022年4月14日）,万平方米,0.2
198,北京市,,,2022,商品房:成交面积:北京（2022年4月15日）,万平方米,1.0
199,北京市,,,2022,商品房:成交面积:北京（2022年4月16日）,万平方米,1.9
200,北京市,,,2022,商品房:成交面积:北京（2022年4月17日）,万平方米,1.3
201,北京市,,,2022,商品房:成交面积:北京（2022年4月18日）,万平方米,1.7
202,北京市,,,2022,商品房:成交面积:北京（2022年4月19日）,万平方米,2.0
203,北京市,,,2022,商品房:成交面积:北京（2022年4月1日）,万平方米,1.3
204,北京市,,,2022,商品房:成交面积:北京（2022年4月20日）,万平方米,0.5
205,北京市,,,2022,商品房:成交面积:北京（2022年4月21日）,万平方米,0.3
206,北京市,,,2022,商品房:成交面积:北京（2022年4月22日）,万平方米,1.6
207,北京市,,,2022,商品房:成交面积:北京（2022年4月23日）,万平方米,4.8
208,北京市,,,2022,商品房:成交面积:北京（2022年4月24日）,万平方米,2.9
209,北京市,,,2022,商品房:成交面积:北京（2022年4月25日）,万平方米,2.6
210,北京市,,,2022,商品房:成交面积:北京（2022年4月26日）,万平方米,2.9
211,北京市,,,2022,商品房:成交面积:北京（2022年4月27日）,万平方米,2.7
212,北京市,,,2022,商品房:成交面积:北京（2022年4月28日）,万平方米,0.5
213,北京市,,,2022,商品房:成交面积:北京（2022年4月29日）,万平方米,0.3
214,北京市,,,2022,商品房:成交面积:北京（2022年4月2日）,万平方米,1.3
215,北京市,,,2022,商品房:成交面积:北京（2022年4月30日）,万平方米,0.2
216,北京市,,,2022,商品房:成交面积:北京（2022年4月3日）,万平方米,3.6
217,北京市,,,2022,商品房:成交面积:北京（2022年4月4日）,万平方米,0.4
218,北京市,,,2022,商品房:成交面积:北京（2022年4月5日）,万平方米,0.6
219,北京市,,,2022,商品房:成交面积:北京（2022年4月6日）,万平方米,0.2
220,北京市,,,2022,商品房:成交面积:北京（2022年4月7日）,万平方米,0.7
221,北京市,,,2022,商品房:成交面积:北京（2022年4月8日）,万平方米,1.1
222,北京市,,,2022,商品房:成交面积:北京（2022年4月9日）,万平方米,1.9
223,北京市,,,2022,商品房:成交面积:北京（2022年5月10日）,万平方米,1.6
224,北京市,,,2022,商品房:成交面积:北京（2022年5月11日）,万平方米,0.8
225,北京市,,,2022,商品房:成交面积:北京（2022年5月12日）,万平方米,0.2
226,北京市,,,2022,商品房:成交面积:北京（2022年5月13日）,万平方米,1.4
227,北京市,,,2022,商品房:成交面积:北京（2022年5月1日）,万平方米,0.8
228,北京市,,,2022,商品房:成交面积:北京（2022年5月2日）,万平方米,3.3
229,北京市,,,2022,商品房:成交面积:北京（2022年5月3日）,万平方米,3.7
230,北京市,,,2022,商品房:成交面积:北京（2022年5月4日）,万平方米,1.5
231,北京市,,,2022,商品房:成交面积:北京（2022年5月5日）,万平方米,0.2
232,北京市,,,2022,商品房:成交面积:北京（2022年5月6日）,万平方米,1.1
233,北京市,,,2022,商品房:成交面积:北京（2022年5月7日）,万平方米,2.1
234,北京市,,,2022,商品房:成交面积:北京（2022年5月8日）,万平方米,1.9
235,北京市,,,2022,商品房:成交面积:北京（2022年5月9日）,万平方米,2.5
236,北京市,,,2022,商品房:成交面积:北京（2022年6月10日）,万平方米,0.6
237,北京市,,,2022,商品房:成交面积:北京（2022年6月1日）,万平方米,0.8
238,北京市,,,2022,商品房:成交面积:北京（2022年6月2日）,万平方米,0.5
239,北京市,,,2022,商品房:成交面积:北京（2022年6月3日）,万平方米,2.3
240,北京市,,,2022,商品房:成交面积:北京（2022年6月4日）,万平方米,1.2
241,北京市,,,2022,商品房:成交面积:北京（2022年6月6日）,万平方米,1.0
242,北京市,,,2022,商品房:成交面积:北京（2022年6月7日）,万平方米,1.3
243,北京市,,,2022,商品房:成交面积:北京（2022年6月9日）,万平方米,0.3
244,广东省,,,2022,商品房:成交面积:广州（2022年1月10日）,万平方米,3.12
245,广东省,,,2022,商品房:成交面积:广州（2022年1月11日）,万平方米,3.04
246,广东省,,,2022,商品房:成交面积:广州（2022年1月12日）,万平方米,1.54
247,广东省,,,2022,商品房:成交面积:广州（2022年1月13日）,万平方米,2.17
248,广东省,,,2022,商品房:成交面积:广州（2022年1月14日）,万平方米,1.73
249,广东省,,,2022,商品房:成交面积:广州（2022年1月15日）,万平方米,4.25
250,广东省,,,2022,商品房:成交面积:广州（2022年1月16日）,万平方米,2.07
251,广东省,,,2022,商品房:成交面积:广州（2022年1月17日）,万平方米,1.42
252,广东省,,,2022,商品房:成交面积:广州（2022年1月18日）,万平方米,1.7
253,广东省,,,2022,商品房:成交面积:广州（2022年1月19日）,万平方米,2.74
254,广东省,,,2022,商品房:成交面积:广州（2022年1月1日）,万平方米,1.2
255,广东省,,,2022,商品房:成交面积:广州（2022年1月20日）,万平方米,2.21
256,广东省,,,2022,商品房:成交面积:广州（2022年1月21日）,万平方米,1.17
257,广东省,,,2022,商品房:成交面积:广州（2022年1月22日）,万平方米,1.79
258,广东省,,,2022,商品房:成交面积:广州（2022年1月23日）,万平方米,2.41
259,广东省,,,2022,商品房:成交面积:广州（2022年1月24日）,万平方米,2.16
260,广东省,,,2022,商品房:成交面积:广州（2022年1月25日）,万平方米,2.69
261,广东省,,,2022,商品房:成交面积:广州（2022年1月26日）,万平方米,8.09
262,广东省,,,2022,商品房:成交面积:广州（2022年1月27日）,万平方米,4.45
263,广东省,,,2022,商品房:成交面积:广州（2022年1月2日）,万平方米,1.38
264,广东省,,,2022,商品房:成交面积:广州（2022年1月3日）,万平方米,1.65
265,广东省,,,2022,商品房:成交面积:广州（2022年1月4日）,万平方米,2.72
266,广东省,,,2022,商品房:成交面积:广州（2022年1月5日）,万平方米,2.57
267,广东省,,,2022,商品房:成交面积:广州（2022年1月6日）,万平方米,2.85
268,广东省,,,2022,商品房:成交面积:广州（2022年1月7日）,万平方米,0.41
269,广东省,,,2022,商品房:成交面积:广州（2022年1月8日）,万平方米,1.93
270,广东省,,,2022,商品房:成交面积:广州（2022年1月9日）,万平方米,1.58
271,广东省,,,2022,商品房:成交面积:广州（2022年2月10日）,万平方米,1.84
272,广东省,,,2022,商品房:成交面积:广州（2022年2月11日）,万平方米,1.31
273,广东省,,,2022,商品房:成交面积:广州（2022年2月12日）,万平方米,1.63
274,广东省,,,2022,商品房:成交面积:广州（2022年2月13日）,万平方米,0.64
275,广东省,,,2022,商品房:成交面积:广州（2022年2月14日）,万平方米,0.26
276,广东省,,,2022,商品房:成交面积:广州（2022年2月15日）,万平方米,0.07
277,广东省,,,2022,商品房:成交面积:广州（2022年2月16日）,万平方米,0.09
278,广东省,,,2022,商品房:成交面积:广州（2022年2月17日）,万平方米,0.05
279,广东省,,,2022,商品房:成交面积:广州（2022年2月18日）,万平方米,0.04
280,广东省,,,2022,商品房:成交面积:广州（2022年2月19日）,万平方米,0.02
281,广东省,,,2022,商品房:成交面积:广州（2022年2月1日）,万平方米,2.94
282,广东省,,,2022,商品房:成交面积:广州（2022年2月20日）,万平方米,0.03
283,广东省,,,2022,商品房:成交面积:广州（2022年2月21日）,万平方米,0.02
284,广东省,,,2022,商品房:成交面积:广州（2022年2月22日）,万平方米,0.34
285,广东省,,,2022,商品房:成交面积:广州（2022年2月23日）,万平方米,0.79
286,广东省,,,2022,商品房:成交面积:广州（2022年2月24日）,万平方米,1.47
287,广东省,,,2022,商品房:成交面积:广州（2022年2月25日）,万平方米,1.48
288,广东省,,,2022,商品房:成交面积:广州（2022年2月26日）,万平方米,2.66
289,广东省,,,2022,商品房:成交面积:广州（2022年2月27日）,万平方米,2.98
290,广东省,,,2022,商品房:成交面积:广州（2022年2月28日）,万平方米,2.26
291,广东省,,,2022,商品房:成交面积:广州（2022年2月2日）,万平方米,2.74
292,广东省,,,2022,商品房:成交面积:广州（2022年2月3日）,万平方米,2.55
293,广东省,,,2022,商品房:成交面积:广州（2022年2月4日）,万平方米,2.13
294,广东省,,,2022,商品房:成交面积:广州（2022年2月5日）,万平方米,2.08
295,广东省,,,2022,商品房:成交面积:广州（2022年2月6日）,万平方米,2.43
296,广东省,,,2022,商品房:成交面积:广州（2022年2月7日）,万平方米,2.18
297,广东省,,,2022,商品房:成交面积:广州（2022年2月8日）,万平方米,2.29
298,广东省,,,2022,商品房:成交面积:广州（2022年2月9日）,万平方米,2.07
299,广东省,,,2022,商品房:成交面积:广州（2022年3月10日）,万平方米,2.63
300,广东省,,,2022,商品房:成交面积:广州（2022年3月11日）,万平方米,1.3
301,广东省,,,2022,商品房:成交面积:广州（2022年3月12日）,万平方米,2.44
302,广东省,,,2022,商品房:成交面积:广州（2022年3月13日）,万平方米,2.22
303,广东省,,,2022,商品房:成交面积:广州（2022年3月14日）,万平方米,2.32
304,广东省,,,2022,商品房:成交面积:广州（2022年3月15日）,万平方米,2.61
305,广东省,,,2022,商品房:成交面积:广州（2022年3月16日）,万平方米,2.92
306,广东省,,,2022,商品房:成交面积:广州（2022年3月17日）,万平方米,3.11
307,广东省,,,2022,商品房:成交面积:广州（2022年3月18日）,万平方米,1.9
308,广东省,,,2022,商品房:成交面积:广州（2022年3月19日）,万平方米,2.28
309,广东省,,,2022,商品房:成交面积:广州（2022年3月1日）,万平方米,1.68
310,广东省,,,2022,商品房:成交面积:广州（2022年3月20日）,万平方米,2.85
311,广东省,,,2022,商品房:成交面积:广州（2022年3月21日）,万平方米,3.34
312,广东省,,,2022,商品房:成交面积:广州（2022年3月22日）,万平方米,2.42
313,广东省,,,2022,商品房:成交面积:广州（2022年3月23日）,万平方米,4.22
314,广东省,,,2022,商品房:成交面积:广州（2022年3月24日）,万平方米,2.98
315,广东省,,,2022,商品房:成交面积:广州（2022年3月25日）,万平方米,1.92
316,广东省,,,2022,商品房:成交面积:广州（2022年3月2日）,万平方米,1.33
317,广东省,,,2022,商品房:成交面积:广州（2022年3月3日）,万平方米,2.03
318,广东省,,,2022,商品房:成交面积:广州（2022年3月4日）,万平方米,0.92
319,广东省,,,2022,商品房:成交面积:广州（2022年3月5日）,万平方米,1.79
320,广东省,,,2022,商品房:成交面积:广州（2022年3月6日）,万平方米,1.97
321,广东省,,,2022,商品房:成交面积:广州（2022年3月7日）,万平方米,1.42
322,广东省,,,2022,商品房:成交面积:广州（2022年3月8日）,万平方米,1.5
323,广东省,,,2022,商品房:成交面积:广州（2022年3月9日）,万平方米,2.21
324,广东省,,,2022,商品房:成交面积:广州（2022年4月10日）,万平方米,2.63
325,广东省,,,2022,商品房:成交面积:广州（2022年4月11日）,万平方米,2.27
326,广东省,,,2022,商品房:成交面积:广州（2022年4月12日）,万平方米,2.2
327,广东省,,,2022,商品房:成交面积:广州（2022年4月13日）,万平方米,2.32
328,广东省,,,2022,商品房:成交面积:广州（2022年4月14日）,万平方米,2.31
329,广东省,,,2022,商品房:成交面积:广州（2022年4月15日）,万平方米,1.42
330,广东省,,,2022,商品房:成交面积:广州（2022年4月16日）,万平方米,2.58
331,广东省,,,2022,商品房:成交面积:广州（2022年4月17日）,万平方米,2.15
332,广东省,,,2022,商品房:成交面积:广州（2022年4月18日）,万平方米,1.87
333,广东省,,,2022,商品房:成交面积:广州（2022年4月19日）,万平方米,2.74
334,广东省,,,2022,商品房:成交面积:广州（2022年4月1日）,万平方米,2.44
335,广东省,,,2022,商品房:成交面积:广州（2022年4月20日）,万平方米,4.09
336,广东省,,,2022,商品房:成交面积:广州（2022年4月21日）,万平方米,2.26
337,广东省,,,2022,商品房:成交面积:广州（2022年4月22日）,万平方米,1.58
338,广东省,,,2022,商品房:成交面积:广州（2022年4月23日）,万平方米,1.59
339,广东省,,,2022,商品房:成交面积:广州（2022年4月24日）,万平方米,3.02
340,广东省,,,2022,商品房:成交面积:广州（2022年4月25日）,万平方米,3.92
341,广东省,,,2022,商品房:成交面积:广州（2022年4月26日）,万平方米,6.71
342,广东省,,,2022,商品房:成交面积:广州（2022年4月27日）,万平方米,4.53
343,广东省,,,2022,商品房:成交面积:广州（2022年4月28日）,万平方米,3.22
344,广东省,,,2022,商品房:成交面积:广州（2022年4月29日）,万平方米,2.38
345,广东省,,,2022,商品房:成交面积:广州（2022年4月2日）,万平方米,2.64
346,广东省,,,2022,商品房:成交面积:广州（2022年4月30日）,万平方米,1.27
347,广东省,,,2022,商品房:成交面积:广州（2022年4月3日）,万平方米,2.75
348,广东省,,,2022,商品房:成交面积:广州（2022年4月4日）,万平方米,2.15
349,广东省,,,2022,商品房:成交面积:广州（2022年4月5日）,万平方米,0.93
350,广东省,,,2022,商品房:成交面积:广州（2022年4月6日）,万平方米,0.97
351,广东省,,,2022,商品房:成交面积:广州（2022年4月7日）,万平方米,0.79
352,广东省,,,2022,商品房:成交面积:广州（2022年4月8日）,万平方米,1.36
353,广东省,,,2022,商品房:成交面积:广州（2022年4月9日）,万平方米,2.29
354,广东省,,,2022,商品房:成交面积:广州（2022年5月10日）,万平方米,2.02
355,广东省,,,2022,商品房:成交面积:广州（2022年5月11日）,万平方米,2.76
356,广东省,,,2022,商品房:成交面积:广州（2022年5月12日）,万平方米,3.03
357,广东省,,,2022,商品房:成交面积:广州（2022年5月13日）,万平方米,1.66
358,广东省,,,2022,商品房:成交面积:广州（2022年5月1日）,万平方米,0.89
359,广东省,,,2022,商品房:成交面积:广州（2022年5月2日）,万平方米,1.6
360,广东省,,,2022,商品房:成交面积:广州（2022年5月3日）,万平方米,2.36
361,广东省,,,2022,商品房:成交面积:广州（2022年5月4日）,万平方米,3.08
362,广东省,,,2022,商品房:成交面积:广州（2022年5月5日）,万平方米,3.25
363,广东省,,,2022,商品房:成交面积:广州（2022年5月6日）,万平方米,2.31
364,广东省,,,2022,商品房:成交面积:广州（2022年5月7日）,万平方米,2.1
365,广东省,,,2022,商品房:成交面积:广州（2022年5月8日）,万平方米,2.24
366,广东省,,,2022,商品房:成交面积:广州（2022年5月9日）,万平方米,1.76
367,广东省,,,2022,商品房:成交面积:广州（2022年6月10日）,万平方米,1.67
368,广东省,,,2022,商品房:成交面积:广州（2022年6月1日）,万平方米,4.63
369,广东省,,,2022,商品房:成交面积:广州（2022年6月2日）,万平方米,3.38
370,广东省,,,2022,商品房:成交面积:广州（2022年6月3日）,万平方米,1.89
371,广东省,,,2022,商品房:成交面积:广州（2022年6月4日）,万平方米,1.88
372,广东省,,,2022,商品房:成交面积:广州（2022年6月6日）,万平方米,4.79
373,广东省,,,2022,商品房:成交面积:广州（2022年6月7日）,万平方米,3.55
374,广东省,,,2022,商品房:成交面积:广州（2022年6月9日）,万平方米,3.07
375,广东省,,,2022,商品房:成交面积:深圳（2022年1月10日）,万平方米,2.59
376,广东省,,,2022,商品房:成交面积:深圳（2022年1月11日）,万平方米,3.0
377,广东省,,,2022,商品房:成交面积:深圳（2022年1月12日）,万平方米,2.92
378,广东省,,,2022,商品房:成交面积:深圳（2022年1月13日）,万平方米,1.2
379,广东省,,,2022,商品房:成交面积:深圳（2022年1月14日）,万平方米,1.16
380,广东省,,,2022,商品房:成交面积:深圳（2022年1月15日）,万平方米,1.89
381,广东省,,,2022,商品房:成交面积:深圳（2022年1月16日）,万平方米,1.59
382,广东省,,,2022,商品房:成交面积:深圳（2022年1月17日）,万平方米,1.52
383,广东省,,,2022,商品房:成交面积:深圳（2022年1月18日）,万平方米,1.65
384,广东省,,,2022,商品房:成交面积:深圳（2022年1月19日）,万平方米,1.76
385,广东省,,,2022,商品房:成交面积:深圳（2022年1月20日）,万平方米,1.02
386,广东省,,,2022,商品房:成交面积:深圳（2022年1月21日）,万平方米,1.01
387,广东省,,,2022,商品房:成交面积:深圳（2022年1月22日）,万平方米,1.26
388,广东省,,,2022,商品房:成交面积:深圳（2022年1月23日）,万平方米,1.12
389,广东省,,,2022,商品房:成交面积:深圳（2022年1月24日）,万平方米,1.22
390,广东省,,,2022,商品房:成交面积:深圳（2022年1月25日）,万平方米,1.4
391,广东省,,,2022,商品房:成交面积:深圳（2022年1月26日）,万平方米,1.3
392,广东省,,,2022,商品房:成交面积:深圳（2022年1月27日）,万平方米,0.76
393,广东省,,,2022,商品房:成交面积:深圳（2022年1月2日）,万平方米,1.31
394,广东省,,,2022,商品房:成交面积:深圳（2022年1月3日）,万平方米,2.62
395,广东省,,,2022,商品房:成交面积:深圳（2022年1月4日）,万平方米,2.39
396,广东省,,,2022,商品房:成交面积:深圳（2022年1月5日）,万平方米,1.71
397,广东省,,,2022,商品房:成交面积:深圳（2022年1月6日）,万平方米,1.26
398,广东省,,,2022,商品房:成交面积:深圳（2022年1月7日）,万平方米,1.31
399,广东省,,,2022,商品房:成交面积:深圳（2022年1月8日）,万平方米,2.72
400,广东省,,,2022,商品房:成交面积:深圳（2022年1月9日）,万平方米,2.42
401,广东省,,,2022,商品房:成交面积:深圳（2022年2月10日）,万平方米,0.12
402,广东省,,,2022,商品房:成交面积:深圳（2022年2月11日）,万平方米,0.02
403,广东省,,,2022,商品房:成交面积:深圳（2022年2月14日）,万平方米,0.04
404,广东省,,,2022,商品房:成交面积:深圳（2022年2月1日）,万平方米,1.69
405,广东省,,,2022,商品房:成交面积:深圳（2022年2月22日）,万平方米,0.04
406,广东省,,,2022,商品房:成交面积:深圳（2022年2月23日）,万平方米,0.39
407,广东省,,,2022,商品房:成交面积:深圳（2022年2月24日）,万平方米,0.64
408,广东省,,,2022,商品房:成交面积:深圳（2022年2月25日）,万平方米,0.49
409,广东省,,,2022,商品房:成交面积:深圳（2022年2月26日）,万平方米,0.78
410,广东省,,,2022,商品房:成交面积:深圳（2022年2月27日）,万平方米,0.79
411,广东省,,,2022,商品房:成交面积:深圳（2022年2月28日）,万平方米,0.91
412,广东省,,,2022,商品房:成交面积:深圳（2022年2月2日）,万平方米,1.26
413,广东省,,,2022,商品房:成交面积:深圳（2022年2月3日）,万平方米,1.23
414,广东省,,,2022,商品房:成交面积:深圳（2022年2月4日）,万平方米,0.49
415,广东省,,,2022,商品房:成交面积:深圳（2022年2月5日）,万平方米,0.55
416,广东省,,,2022,商品房:成交面积:深圳（2022年2月6日）,万平方米,0.42
417,广东省,,,2022,商品房:成交面积:深圳（2022年2月7日）,万平方米,0.49
418,广东省,,,2022,商品房:成交面积:深圳（2022年2月8日）,万平方米,0.24
419,广东省,,,2022,商品房:成交面积:深圳（2022年2月9日）,万平方米,0.22
420,广东省,,,2022,商品房:成交面积:深圳（2022年3月10日）,万平方米,0.89
421,广东省,,,2022,商品房:成交面积:深圳（2022年3月11日）,万平方米,0.58
422,广东省,,,2022,商品房:成交面积:深圳（2022年3月12日）,万平方米,0.73
423,广东省,,,2022,商品房:成交面积:深圳（2022年3月13日）,万平方米,1.18
424,广东省,,,2022,商品房:成交面积:深圳（2022年3月14日）,万平方米,1.31
425,广东省,,,2022,商品房:成交面积:深圳（2022年3月15日）,万平方米,1.12
426,广东省,,,2022,商品房:成交面积:深圳（2022年3月16日）,万平方米,1.77
427,广东省,,,2022,商品房:成交面积:深圳（2022年3月17日）,万平方米,0.04
428,广东省,,,2022,商品房:成交面积:深圳（2022年3月18日）,万平方米,0.5
429,广东省,,,2022,商品房:成交面积:深圳（2022年3月19日）,万平方米,0.81
430,广东省,,,2022,商品房:成交面积:深圳（2022年3月1日）,万平方米,1.39
431,广东省,,,2022,商品房:成交面积:深圳（2022年3月20日）,万平方米,0.91
432,广东省,,,2022,商品房:成交面积:深圳（2022年3月21日）,万平方米,1.16
433,广东省,,,2022,商品房:成交面积:深圳（2022年3月22日）,万平方米,1.54
434,广东省,,,2022,商品房:成交面积:深圳（2022年3月23日）,万平方米,1.44
435,广东省,,,2022,商品房:成交面积:深圳（2022年3月24日）,万平方米,0.77
436,广东省,,,2022,商品房:成交面积:深圳（2022年3月25日）,万平方米,0.89
437,广东省,,,2022,商品房:成交面积:深圳（2022年3月2日）,万平方米,1.25
438,广东省,,,2022,商品房:成交面积:深圳（2022年3月3日）,万平方米,1.17
439,广东省,,,2022,商品房:成交面积:深圳（2022年3月4日）,万平方米,0.83
440,广东省,,,2022,商品房:成交面积:深圳（2022年3月5日）,万平方米,0.91
441,广东省,,,2022,商品房:成交面积:深圳（2022年3月6日）,万平方米,1.13
442,广东省,,,2022,商品房:成交面积:深圳（2022年3月7日）,万平方米,1.4
443,广东省,,,2022,商品房:成交面积:深圳（2022年3月8日）,万平方米,1.12
444,广东省,,,2022,商品房:成交面积:深圳（2022年3月9日）,万平方米,1.02
445,广东省,,,2022,商品房:成交面积:深圳（2022年4月10日）,万平方米,0.91
446,广东省,,,2022,商品房:成交面积:深圳（2022年4月11日）,万平方米,1.15
447,广东省,,,2022,商品房:成交面积:深圳（2022年4月12日）,万平方米,0.63
448,广东省,,,2022,商品房:成交面积:深圳（2022年4月13日）,万平方米,1.64
449,广东省,,,2022,商品房:成交面积:深圳（2022年4月14日）,万平方米,0.58
450,广东省,,,2022,商品房:成交面积:深圳（2022年4月15日）,万平方米,0.71
451,广东省,,,2022,商品房:成交面积:深圳（2022年4月16日）,万平方米,0.83
452,广东省,,,2022,商品房:成交面积:深圳（2022年4月17日）,万平方米,0.8
453,广东省,,,2022,商品房:成交面积:深圳（2022年4月18日）,万平方米,0.98
454,广东省,,,2022,商品房:成交面积:深圳（2022年4月19日）,万平方米,1.08
455,广东省,,,2022,商品房:成交面积:深圳（2022年4月1日）,万平方米,1.71
456,广东省,,,2022,商品房:成交面积:深圳（2022年4月20日）,万平方米,1.12
457,广东省,,,2022,商品房:成交面积:深圳（2022年4月21日）,万平方米,0.88
458,广东省,,,2022,商品房:成交面积:深圳（2022年4月22日）,万平方米,0.69
459,广东省,,,2022,商品房:成交面积:深圳（2022年4月23日）,万平方米,0.87
460,广东省,,,2022,商品房:成交面积:深圳（2022年4月24日）,万平方米,0.99
461,广东省,,,2022,商品房:成交面积:深圳（2022年4月25日）,万平方米,0.78
462,广东省,,,2022,商品房:成交面积:深圳（2022年4月26日）,万平方米,1.07
463,广东省,,,2022,商品房:成交面积:深圳（2022年4月27日）,万平方米,0.84
464,广东省,,,2022,商品房:成交面积:深圳（2022年4月28日）,万平方米,0.69
465,广东省,,,2022,商品房:成交面积:深圳（2022年4月29日）,万平方米,0.7
466,广东省,,,2022,商品房:成交面积:深圳（2022年4月2日）,万平方米,1.35
467,广东省,,,2022,商品房:成交面积:深圳（2022年4月30日）,万平方米,0.86
468,广东省,,,2022,商品房:成交面积:深圳（2022年4月3日）,万平方米,2.39
469,广东省,,,2022,商品房:成交面积:深圳（2022年4月4日）,万平方米,1.03
470,广东省,,,2022,商品房:成交面积:深圳（2022年4月5日）,万平方米,0.62
471,广东省,,,2022,商品房:成交面积:深圳（2022年4月6日）,万平方米,0.46
472,广东省,,,2022,商品房:成交面积:深圳（2022年4月7日）,万平方米,0.71
473,广东省,,,2022,商品房:成交面积:深圳（2022年4月8日）,万平方米,1.0
474,广东省,,,2022,商品房:成交面积:深圳（2022年4月9日）,万平方米,0.97
475,广东省,,,2022,商品房:成交面积:深圳（2022年5月10日）,万平方米,1.4
476,广东省,,,2022,商品房:成交面积:深圳（2022年5月1日）,万平方米,0.92
477,广东省,,,2022,商品房:成交面积:深圳（2022年5月2日）,万平方米,1.2
478,广东省,,,2022,商品房:成交面积:深圳（2022年5月3日）,万平方米,1.23
479,广东省,,,2022,商品房:成交面积:深圳（2022年5月4日）,万平方米,1.51
480,广东省,,,2022,商品房:成交面积:深圳（2022年5月5日）,万平方米,1.05
481,广东省,,,2022,商品房:成交面积:深圳（2022年5月6日）,万平方米,1.32
482,广东省,,,2022,商品房:成交面积:深圳（2022年5月7日）,万平方米,1.35
483,广东省,,,2022,商品房:成交面积:深圳（2022年5月8日）,万平方米,1.26
484,广东省,,,2022,商品房:成交面积:深圳（2022年5月9日）,万平方米,1.36
485,广东省,,,2022,商品房:成交面积:深圳（2022年6月10日）,万平方米,1.58
486,广东省,,,2022,商品房:成交面积:深圳（2022年6月1日）,万平方米,1.17
487,广东省,,,2022,商品房:成交面积:深圳（2022年6月2日）,万平方米,1.04
488,广东省,,,2022,商品房:成交面积:深圳（2022年6月3日）,万平方米,0.83
489,广东省,,,2022,商品房:成交面积:深圳（2022年6月4日）,万平方米,0.95
490,广东省,,,2022,商品房:成交面积:深圳（2022年6月6日）,万平方米,0.97
491,广东省,,,2022,商品房:成交面积:深圳（2022年6月7日）,万平方米,1.07
492,广东省,,,2022,商品房:成交面积:深圳（2022年6月9日）,万平方米,1.11
493,广东省,,,2022,广东:公路货运量:当月值（2022年1月）,万吨,21204.0
494,广东省,,,2022,广东:公路货运量:当月值（2022年2月）,万吨,19571.0
495,广东省,,,2022,广东:公路货运量:当月值（2022年3月）,万吨,22140.0
496,广东省,,,2022,广东:公路货运量:当月值（2022年4月）,万吨,24547.0
497,广东省,,,2022,广东:水路货运量:当月值（2022年1月）,万吨,8190.0
498,广东省,,,2022,广东:水路货运量:当月值（2022年2月）,万吨,6851.0
499,广东省,,,2022,广东:水路货运量:当月值（2022年3月）,万吨,7489.0
500,广东省,,,2022,广东:水路货运量:当月值（2022年4月）,万吨,8093.0
501,上海市,,,2021,商品房:成交面积:上海（2021年10月10日）,万平方米,3.33
502,上海市,,,2021,商品房:成交面积:上海（2021年10月11日）,万平方米,3.15
503,上海市,,,2021,商品房:成交面积:上海（2021年10月12日）,万平方米,3.66
504,上海市,,,2021,商品房:成交面积:上海（2021年10月13日）,万平方米,2.95
505,上海市,,,2021,商品房:成交面积:上海（2021年10月14日）,万平方米,2.21
506,上海市,,,2021,商品房:成交面积:上海（2021年10月15日）,万平方米,2.66
507,上海市,,,2021,商品房:成交面积:上海（2021年10月17日）,万平方米,7.14
508,上海市,,,2021,商品房:成交面积:上海（2021年10月19日）,万平方米,5.72
509,上海市,,,2021,商品房:成交面积:上海（2021年10月1日）,万平方米,0.38
510,上海市,,,2021,商品房:成交面积:上海（2021年10月20日）,万平方米,7.17
511,上海市,,,2021,商品房:成交面积:上海（2021年10月22日）,万平方米,2.71
512,上海市,,,2021,商品房:成交面积:上海（2021年10月23日）,万平方米,4.62
513,上海市,,,2021,商品房:成交面积:上海（2021年10月24日）,万平方米,3.02
514,上海市,,,2021,商品房:成交面积:上海（2021年10月25日）,万平方米,3.97
515,上海市,,,2021,商品房:成交面积:上海（2021年10月26日）,万平方米,3.74
516,上海市,,,2021,商品房:成交面积:上海（2021年10月27日）,万平方米,3.38
517,上海市,,,2021,商品房:成交面积:上海（2021年10月28日）,万平方米,2.25
518,上海市,,,2021,商品房:成交面积:上海（2021年10月29日）,万平方米,2.36
519,上海市,,,2021,商品房:成交面积:上海（2021年10月2日）,万平方米,0.25
520,上海市,,,2021,商品房:成交面积:上海（2021年10月30日）,万平方米,2.36
521,上海市,,,2021,商品房:成交面积:上海（2021年10月31日）,万平方米,4.59
522,上海市,,,2021,商品房:成交面积:上海（2021年10月3日）,万平方米,0.38
523,上海市,,,2021,商品房:成交面积:上海（2021年10月4日）,万平方米,0.38
524,上海市,,,2021,商品房:成交面积:上海（2021年10月5日）,万平方米,0.38
525,上海市,,,2021,商品房:成交面积:上海（2021年10月6日）,万平方米,0.42
526,上海市,,,2021,商品房:成交面积:上海（2021年10月7日）,万平方米,0.75
527,上海市,,,2021,商品房:成交面积:上海（2021年10月8日）,万平方米,0.61
528,上海市,,,2021,商品房:成交面积:上海（2021年10月9日）,万平方米,2.59
529,上海市,,,2021,商品房:成交面积:上海（2021年11月10日）,万平方米,5.16
530,上海市,,,2021,商品房:成交面积:上海（2021年11月11日）,万平方米,3.76
531,上海市,,,2021,商品房:成交面积:上海（2021年11月12日）,万平方米,3.46
532,上海市,,,2021,商品房:成交面积:上海（2021年11月13日）,万平方米,5.89
533,上海市,,,2021,商品房:成交面积:上海（2021年11月15日）,万平方米,9.73
534,上海市,,,2021,商品房:成交面积:上海（2021年11月16日）,万平方米,5.86
535,上海市,,,2021,商品房:成交面积:上海（2021年11月17日）,万平方米,3.34
536,上海市,,,2021,商品房:成交面积:上海（2021年11月18日）,万平方米,2.81
537,上海市,,,2021,商品房:成交面积:上海（2021年11月19日）,万平方米,2.7
538,上海市,,,2021,商品房:成交面积:上海（2021年11月1日）,万平方米,2.88
539,上海市,,,2021,商品房:成交面积:上海（2021年11月20日）,万平方米,4.54
540,上海市,,,2021,商品房:成交面积:上海（2021年11月21日）,万平方米,4.58
541,上海市,,,2021,商品房:成交面积:上海（2021年11月22日）,万平方米,4.55
542,上海市,,,2021,商品房:成交面积:上海（2021年11月23日）,万平方米,4.52
543,上海市,,,2021,商品房:成交面积:上海（2021年11月24日）,万平方米,3.53
544,上海市,,,2021,商品房:成交面积:上海（2021年11月25日）,万平方米,3.37
545,上海市,,,2021,商品房:成交面积:上海（2021年11月26日）,万平方米,2.64
546,上海市,,,2021,商品房:成交面积:上海（2021年11月27日）,万平方米,4.74
547,上海市,,,2021,商品房:成交面积:上海（2021年11月28日）,万平方米,4.41
548,上海市,,,2021,商品房:成交面积:上海（2021年11月29日）,万平方米,4.45
549,上海市,,,2021,商品房:成交面积:上海（2021年11月2日）,万平方米,3.31
550,上海市,,,2021,商品房:成交面积:上海（2021年11月30日）,万平方米,4.8
551,上海市,,,2021,商品房:成交面积:上海（2021年11月3日）,万平方米,3.24
552,上海市,,,2021,商品房:成交面积:上海（2021年11月4日）,万平方米,4.47
553,上海市,,,2021,商品房:成交面积:上海（2021年11月5日）,万平方米,2.67
554,上海市,,,2021,商品房:成交面积:上海（2021年11月6日）,万平方米,4.64
555,上海市,,,2021,商品房:成交面积:上海（2021年11月7日）,万平方米,5.13
556,上海市,,,2021,商品房:成交面积:上海（2021年11月8日）,万平方米,5.2
557,上海市,,,2021,商品房:成交面积:上海（2021年11月9日）,万平方米,4.33
558,上海市,,,2021,商品房:成交面积:上海（2021年12月10日）,万平方米,3.64
559,上海市,,,2021,商品房:成交面积:上海（2021年12月11日）,万平方米,5.24
560,上海市,,,2021,商品房:成交面积:上海（2021年12月12日）,万平方米,6.14
561,上海市,,,2021,商品房:成交面积:上海（2021年12月13日）,万平方米,7.94
562,上海市,,,2021,商品房:成交面积:上海（2021年12月14日）,万平方米,7.94
563,上海市,,,2021,商品房:成交面积:上海（2021年12月15日）,万平方米,5.97
564,上海市,,,2021,商品房:成交面积:上海（2021年12月16日）,万平方米,3.52
565,上海市,,,2021,商品房:成交面积:上海（2021年12月17日）,万平方米,3.22
566,上海市,,,2021,商品房:成交面积:上海（2021年12月18日）,万平方米,6.98
567,上海市,,,2021,商品房:成交面积:上海（2021年12月19日）,万平方米,6.76
568,上海市,,,2021,商品房:成交面积:上海（2021年12月1日）,万平方米,3.03
569,上海市,,,2021,商品房:成交面积:上海（2021年12月20日）,万平方米,5.79
570,上海市,,,2021,商品房:成交面积:上海（2021年12月21日）,万平方米,6.31
571,上海市,,,2021,商品房:成交面积:上海（2021年12月22日）,万平方米,6.25
572,上海市,,,2021,商品房:成交面积:上海（2021年12月23日）,万平方米,4.54
573,上海市,,,2021,商品房:成交面积:上海（2021年12月24日）,万平方米,3.33
574,上海市,,,2021,商品房:成交面积:上海（2021年12月25日）,万平方米,6.67
575,上海市,,,2021,商品房:成交面积:上海（2021年12月26日）,万平方米,5.63
576,上海市,,,2021,商品房:成交面积:上海（2021年12月27日）,万平方米,7.15
577,上海市,,,2021,商品房:成交面积:上海（2021年12月28日）,万平方米,6.73
578,上海市,,,2021,商品房:成交面积:上海（2021年12月29日）,万平方米,4.4
579,上海市,,,2021,商品房:成交面积:上海（2021年12月2日）,万平方米,2.86
580,上海市,,,2021,商品房:成交面积:上海（2021年12月30日）,万平方米,3.96
581,上海市,,,2021,商品房:成交面积:上海（2021年12月31日）,万平方米,3.35
582,上海市,,,2021,商品房:成交面积:上海（2021年12月3日）,万平方米,3.0
583,上海市,,,2021,商品房:成交面积:上海（2021年12月4日）,万平方米,3.0
584,上海市,,,2021,商品房:成交面积:上海（2021年12月5日）,万平方米,5.33
585,上海市,,,2021,商品房:成交面积:上海（2021年12月6日）,万平方米,5.73
586,上海市,,,2021,商品房:成交面积:上海（2021年12月7日）,万平方米,5.73
587,上海市,,,2021,商品房:成交面积:上海（2021年12月8日）,万平方米,6.11
588,上海市,,,2021,商品房:成交面积:上海（2021年12月9日）,万平方米,5.25
589,上海市,,,2021,商品房:成交面积:上海（2021年1月10日）,万平方米,6.64
590,上海市,,,2021,商品房:成交面积:上海（2021年1月11日）,万平方米,4.78
591,上海市,,,2021,商品房:成交面积:上海（2021年1月12日）,万平方米,4.7
592,上海市,,,2021,商品房:成交面积:上海（2021年1月13日）,万平方米,6.35
593,上海市,,,2021,商品房:成交面积:上海（2021年1月14日）,万平方米,3.23
594,上海市,,,2021,商品房:成交面积:上海（2021年1月15日）,万平方米,2.99
595,上海市,,,2021,商品房:成交面积:上海（2021年1月16日）,万平方米,4.61
596,上海市,,,2021,商品房:成交面积:上海（2021年1月17日）,万平方米,4.66
597,上海市,,,2021,商品房:成交面积:上海（2021年1月18日）,万平方米,5.97
598,上海市,,,2021,商品房:成交面积:上海（2021年1月19日）,万平方米,4.01
599,上海市,,,2021,商品房:成交面积:上海（2021年1月1日）,万平方米,0.84
600,上海市,,,2021,商品房:成交面积:上海（2021年1月20日）,万平方米,3.7
601,上海市,,,2021,商品房:成交面积:上海（2021年1月21日）,万平方米,2.89
602,上海市,,,2021,商品房:成交面积:上海（2021年1月22日）,万平方米,6.15
603,上海市,,,2021,商品房:成交面积:上海（2021年1月23日）,万平方米,6.15
604,上海市,,,2021,商品房:成交面积:上海（2021年1月24日）,万平方米,3.96
605,上海市,,,2021,商品房:成交面积:上海（2021年1月25日）,万平方米,1.86
606,上海市,,,2021,商品房:成交面积:上海（2021年1月26日）,万平方米,0.7
607,上海市,,,2021,商品房:成交面积:上海（2021年1月2日）,万平方米,0.84
608,上海市,,,2021,商品房:成交面积:上海（2021年1月31日）,万平方米,0.02
609,上海市,,,2021,商品房:成交面积:上海（2021年1月3日）,万平方米,7.66
610,上海市,,,2021,商品房:成交面积:上海（2021年1月4日）,万平方米,7.06
611,上海市,,,2021,商品房:成交面积:上海（2021年1月5日）,万平方米,6.87
612,上海市,,,2021,商品房:成交面积:上海（2021年1月6日）,万平方米,8.16
613,上海市,,,2021,商品房:成交面积:上海（2021年1月7日）,万平方米,6.03
614,上海市,,,2021,商品房:成交面积:上海（2021年1月8日）,万平方米,3.28
615,上海市,,,2021,商品房:成交面积:上海（2021年1月9日）,万平方米,6.31
616,上海市,,,2021,商品房:成交面积:上海（2021年2月10日）,万平方米,3.32
617,上海市,,,2021,商品房:成交面积:上海（2021年2月11日）,万平方米,2.39
618,上海市,,,2021,商品房:成交面积:上海（2021年2月12日）,万平方米,4.37
619,上海市,,,2021,商品房:成交面积:上海（2021年2月13日）,万平方米,5.06
620,上海市,,,2021,商品房:成交面积:上海（2021年2月14日）,万平方米,4.47
621,上海市,,,2021,商品房:成交面积:上海（2021年2月15日）,万平方米,5.56
622,上海市,,,2021,商品房:成交面积:上海（2021年2月16日）,万平方米,5.6
623,上海市,,,2021,商品房:成交面积:上海（2021年2月17日）,万平方米,5.43
624,上海市,,,2021,商品房:成交面积:上海（2021年2月18日）,万平方米,4.67
625,上海市,,,2021,商品房:成交面积:上海（2021年2月1日）,万平方米,0.03
626,上海市,,,2021,商品房:成交面积:上海（2021年2月20日）,万平方米,5.54
627,上海市,,,2021,商品房:成交面积:上海（2021年2月21日）,万平方米,5.2
628,上海市,,,2021,商品房:成交面积:上海（2021年2月22日）,万平方米,6.25
629,上海市,,,2021,商品房:成交面积:上海（2021年2月23日）,万平方米,7.01
630,上海市,,,2021,商品房:成交面积:上海（2021年2月24日）,万平方米,6.66
631,上海市,,,2021,商品房:成交面积:上海（2021年2月25日）,万平方米,5.19
632,上海市,,,2021,商品房:成交面积:上海（2021年2月26日）,万平方米,3.74
633,上海市,,,2021,商品房:成交面积:上海（2021年2月27日）,万平方米,5.06
634,上海市,,,2021,商品房:成交面积:上海（2021年2月28日）,万平方米,5.83
635,上海市,,,2021,商品房:成交面积:上海（2021年2月2日）,万平方米,0.04
636,上海市,,,2021,商品房:成交面积:上海（2021年2月3日）,万平方米,0.79
637,上海市,,,2021,商品房:成交面积:上海（2021年2月4日）,万平方米,1.16
638,上海市,,,2021,商品房:成交面积:上海（2021年2月5日）,万平方米,0.85
639,上海市,,,2021,商品房:成交面积:上海（2021年2月6日）,万平方米,3.62
640,上海市,,,2021,商品房:成交面积:上海（2021年2月7日）,万平方米,2.57
641,上海市,,,2021,商品房:成交面积:上海（2021年2月8日）,万平方米,6.5
642,上海市,,,2021,商品房:成交面积:上海（2021年2月9日）,万平方米,4.55
643,上海市,,,2021,商品房:成交面积:上海（2021年3月10日）,万平方米,5.48
644,上海市,,,2021,商品房:成交面积:上海（2021年3月11日）,万平方米,5.22
645,上海市,,,2021,商品房:成交面积:上海（2021年3月12日）,万平方米,4.28
646,上海市,,,2021,商品房:成交面积:上海（2021年3月13日）,万平方米,6.51
647,上海市,,,2021,商品房:成交面积:上海（2021年3月14日）,万平方米,6.6
648,上海市,,,2021,商品房:成交面积:上海（2021年3月15日）,万平方米,6.52
649,上海市,,,2021,商品房:成交面积:上海（2021年3月16日）,万平方米,6.19
650,上海市,,,2021,商品房:成交面积:上海（2021年3月17日）,万平方米,5.17
651,上海市,,,2021,商品房:成交面积:上海（2021年3月18日）,万平方米,4.97
652,上海市,,,2021,商品房:成交面积:上海（2021年3月19日）,万平方米,3.86
653,上海市,,,2021,商品房:成交面积:上海（2021年3月1日）,万平方米,5.21
654,上海市,,,2021,商品房:成交面积:上海（2021年3月20日）,万平方米,3.85
655,上海市,,,2021,商品房:成交面积:上海（2021年3月21日）,万平方米,7.76
656,上海市,,,2021,商品房:成交面积:上海（2021年3月22日）,万平方米,5.11
657,上海市,,,2021,商品房:成交面积:上海（2021年3月23日）,万平方米,5.96
658,上海市,,,2021,商品房:成交面积:上海（2021年3月24日）,万平方米,5.73
659,上海市,,,2021,商品房:成交面积:上海（2021年3月25日）,万平方米,4.18
660,上海市,,,2021,商品房:成交面积:上海（2021年3月26日）,万平方米,2.92
661,上海市,,,2021,商品房:成交面积:上海（2021年3月27日）,万平方米,6.59
662,上海市,,,2021,商品房:成交面积:上海（2021年3月28日）,万平方米,7.04
663,上海市,,,2021,商品房:成交面积:上海（2021年3月29日）,万平方米,7.99
664,上海市,,,2021,商品房:成交面积:上海（2021年3月2日）,万平方米,5.43
665,上海市,,,2021,商品房:成交面积:上海（2021年3月30日）,万平方米,10.64
666,上海市,,,2021,商品房:成交面积:上海（2021年3月31日）,万平方米,9.3
667,上海市,,,2021,商品房:成交面积:上海（2021年3月3日）,万平方米,5.66
668,上海市,,,2021,商品房:成交面积:上海（2021年3月4日）,万平方米,4.45
669,上海市,,,2021,商品房:成交面积:上海（2021年3月5日）,万平方米,4.37
670,上海市,,,2021,商品房:成交面积:上海（2021年3月6日）,万平方米,6.38
671,上海市,,,2021,商品房:成交面积:上海（2021年3月7日）,万平方米,6.72
672,上海市,,,2021,商品房:成交面积:上海（2021年3月8日）,万平方米,5.01
673,上海市,,,2021,商品房:成交面积:上海（2021年3月9日）,万平方米,5.6
674,上海市,,,2021,商品房:成交面积:上海（2021年4月10日）,万平方米,5.5
675,上海市,,,2021,商品房:成交面积:上海（2021年4月11日）,万平方米,5.42
676,上海市,,,2021,商品房:成交面积:上海（2021年4月12日）,万平方米,4.47
677,上海市,,,2021,商品房:成交面积:上海（2021年4月13日）,万平方米,5.21
678,上海市,,,2021,商品房:成交面积:上海（2021年4月14日）,万平方米,5.24
679,上海市,,,2021,商品房:成交面积:上海（2021年4月15日）,万平方米,2.3
680,上海市,,,2021,商品房:成交面积:上海（2021年4月16日）,万平方米,2.54
681,上海市,,,2021,商品房:成交面积:上海（2021年4月17日）,万平方米,4.94
682,上海市,,,2021,商品房:成交面积:上海（2021年4月18日）,万平方米,4.82
683,上海市,,,2021,商品房:成交面积:上海（2021年4月19日）,万平方米,5.07
684,上海市,,,2021,商品房:成交面积:上海（2021年4月1日）,万平方米,8.21
685,上海市,,,2021,商品房:成交面积:上海（2021年4月20日）,万平方米,4.51
686,上海市,,,2021,商品房:成交面积:上海（2021年4月21日）,万平方米,5.58
687,上海市,,,2021,商品房:成交面积:上海（2021年4月22日）,万平方米,2.96
688,上海市,,,2021,商品房:成交面积:上海（2021年4月23日）,万平方米,2.7
689,上海市,,,2021,商品房:成交面积:上海（2021年4月24日）,万平方米,5.47
690,上海市,,,2021,商品房:成交面积:上海（2021年4月25日）,万平方米,5.66
691,上海市,,,2021,商品房:成交面积:上海（2021年4月26日）,万平方米,4.44
692,上海市,,,2021,商品房:成交面积:上海（2021年4月27日）,万平方米,6.76
693,上海市,,,2021,商品房:成交面积:上海（2021年4月28日）,万平方米,7.29
694,上海市,,,2021,商品房:成交面积:上海（2021年4月29日）,万平方米,4.04
695,上海市,,,2021,商品房:成交面积:上海（2021年4月2日）,万平方米,2.45
696,上海市,,,2021,商品房:成交面积:上海（2021年4月30日）,万平方米,2.36
697,上海市,,,2021,商品房:成交面积:上海（2021年4月3日）,万平方米,1.18
698,上海市,,,2021,商品房:成交面积:上海（2021年4月4日）,万平方米,0.69
699,上海市,,,2021,商品房:成交面积:上海（2021年4月5日）,万平方米,4.3
700,上海市,,,2021,商品房:成交面积:上海（2021年4月6日）,万平方米,3.6
701,上海市,,,2021,商品房:成交面积:上海（2021年4月7日）,万平方米,4.88
702,上海市,,,2021,商品房:成交面积:上海（2021年4月8日）,万平方米,3.68
703,上海市,,,2021,商品房:成交面积:上海（2021年4月9日）,万平方米,2.44
704,上海市,,,2021,商品房:成交面积:上海（2021年5月10日）,万平方米,3.94
705,上海市,,,2021,商品房:成交面积:上海（2021年5月11日）,万平方米,6.16
706,上海市,,,2021,商品房:成交面积:上海（2021年5月12日）,万平方米,5.29
707,上海市,,,2021,商品房:成交面积:上海（2021年5月13日）,万平方米,3.45
708,上海市,,,2021,商品房:成交面积:上海（2021年5月14日）,万平方米,2.43
709,上海市,,,2021,商品房:成交面积:上海（2021年5月15日）,万平方米,3.84
710,上海市,,,2021,商品房:成交面积:上海（2021年5月16日）,万平方米,4.19
711,上海市,,,2021,商品房:成交面积:上海（2021年5月17日）,万平方米,4.1
712,上海市,,,2021,商品房:成交面积:上海（2021年5月18日）,万平方米,4.66
713,上海市,,,2021,商品房:成交面积:上海（2021年5月19日）,万平方米,4.52
714,上海市,,,2021,商品房:成交面积:上海（2021年5月20日）,万平方米,3.94
715,上海市,,,2021,商品房:成交面积:上海（2021年5月21日）,万平方米,3.1
716,上海市,,,2021,商品房:成交面积:上海（2021年5月22日）,万平方米,5.14
717,上海市,,,2021,商品房:成交面积:上海（2021年5月23日）,万平方米,5.65
718,上海市,,,2021,商品房:成交面积:上海（2021年5月24日）,万平方米,8.85
719,上海市,,,2021,商品房:成交面积:上海（2021年5月25日）,万平方米,7.41
720,上海市,,,2021,商品房:成交面积:上海（2021年5月26日）,万平方米,7.57
721,上海市,,,2021,商品房:成交面积:上海（2021年5月27日）,万平方米,6.14
722,上海市,,,2021,商品房:成交面积:上海（2021年5月28日）,万平方米,4.52
723,上海市,,,2021,商品房:成交面积:上海（2021年5月29日）,万平方米,2.78
724,上海市,,,2021,商品房:成交面积:上海（2021年5月2日）,万平方米,4.34
725,上海市,,,2021,商品房:成交面积:上海（2021年5月30日）,万平方米,2.76
726,上海市,,,2021,商品房:成交面积:上海（2021年5月31日）,万平方米,5.63
727,上海市,,,2021,商品房:成交面积:上海（2021年5月3日）,万平方米,5.67
728,上海市,,,2021,商品房:成交面积:上海（2021年5月4日）,万平方米,5.88
729,上海市,,,2021,商品房:成交面积:上海（2021年5月5日）,万平方米,5.34
730,上海市,,,2021,商品房:成交面积:上海（2021年5月6日）,万平方米,3.74
731,上海市,,,2021,商品房:成交面积:上海（2021年5月7日）,万平方米,2.5
732,上海市,,,2021,商品房:成交面积:上海（2021年5月8日）,万平方米,4.77
733,上海市,,,2021,商品房:成交面积:上海（2021年5月9日）,万平方米,3.58
734,上海市,,,2021,商品房:成交面积:上海（2021年6月10日）,万平方米,3.57
735,上海市,,,2021,商品房:成交面积:上海（2021年6月11日）,万平方米,3.87
736,上海市,,,2021,商品房:成交面积:上海（2021年6月12日）,万平方米,5.02
737,上海市,,,2021,商品房:成交面积:上海（2021年6月13日）,万平方米,4.1
738,上海市,,,2021,商品房:成交面积:上海（2021年6月14日）,万平方米,5.77
739,上海市,,,2021,商品房:成交面积:上海（2021年6月15日）,万平方米,6.41
740,上海市,,,2021,商品房:成交面积:上海（2021年6月16日）,万平方米,6.1
741,上海市,,,2021,商品房:成交面积:上海（2021年6月17日）,万平方米,2.79
742,上海市,,,2021,商品房:成交面积:上海（2021年6月18日）,万平方米,3.56
743,上海市,,,2021,商品房:成交面积:上海（2021年6月19日）,万平方米,5.34
744,上海市,,,2021,商品房:成交面积:上海（2021年6月1日）,万平方米,6.0
745,上海市,,,2021,商品房:成交面积:上海（2021年6月20日）,万平方米,5.79
746,上海市,,,2021,商品房:成交面积:上海（2021年6月21日）,万平方米,6.75
747,上海市,,,2021,商品房:成交面积:上海（2021年6月22日）,万平方米,5.81
748,上海市,,,2021,商品房:成交面积:上海（2021年6月2日）,万平方米,4.21
749,上海市,,,2021,商品房:成交面积:上海（2021年6月3日）,万平方米,4.69
750,上海市,,,2021,商品房:成交面积:上海（2021年6月4日）,万平方米,5.09
751,上海市,,,2021,商品房:成交面积:上海（2021年6月5日）,万平方米,4.99
752,上海市,,,2021,商品房:成交面积:上海（2021年6月6日）,万平方米,6.68
753,上海市,,,2021,商品房:成交面积:上海（2021年6月7日）,万平方米,5.78
754,上海市,,,2021,商品房:成交面积:上海（2021年6月8日）,万平方米,5.08
755,上海市,,,2021,商品房:成交面积:上海（2021年6月9日）,万平方米,4.84
756,上海市,,,2021,商品房:成交面积:上海（2021年8月10日）,万平方米,4.73
757,上海市,,,2021,商品房:成交面积:上海（2021年8月11日）,万平方米,4.18
758,上海市,,,2021,商品房:成交面积:上海（2021年8月12日）,万平方米,2.23
759,上海市,,,2021,商品房:成交面积:上海（2021年8月13日）,万平方米,2.04
760,上海市,,,2021,商品房:成交面积:上海（2021年8月14日）,万平方米,3.63
761,上海市,,,2021,商品房:成交面积:上海（2021年8月15日）,万平方米,4.18
762,上海市,,,2021,商品房:成交面积:上海（2021年8月16日）,万平方米,4.76
763,上海市,,,2021,商品房:成交面积:上海（2021年8月17日）,万平方米,5.02
764,上海市,,,2021,商品房:成交面积:上海（2021年8月18日）,万平方米,4.64
765,上海市,,,2021,商品房:成交面积:上海（2021年8月19日）,万平方米,2.29
766,上海市,,,2021,商品房:成交面积:上海（2021年8月1日）,万平方米,5.51
767,上海市,,,2021,商品房:成交面积:上海（2021年8月20日）,万平方米,2.82
768,上海市,,,2021,商品房:成交面积:上海（2021年8月21日）,万平方米,3.56
769,上海市,,,2021,商品房:成交面积:上海（2021年8月22日）,万平方米,5.25
770,上海市,,,2021,商品房:成交面积:上海（2021年8月23日）,万平方米,2.0
771,上海市,,,2021,商品房:成交面积:上海（2021年8月24日）,万平方米,3.42
772,上海市,,,2021,商品房:成交面积:上海（2021年8月25日）,万平方米,3.93
773,上海市,,,2021,商品房:成交面积:上海（2021年8月26日）,万平方米,1.65
774,上海市,,,2021,商品房:成交面积:上海（2021年8月27日）,万平方米,2.85
775,上海市,,,2021,商品房:成交面积:上海（2021年8月29日）,万平方米,3.95
776,上海市,,,2021,商品房:成交面积:上海（2021年8月2日）,万平方米,4.29
777,上海市,,,2021,商品房:成交面积:上海（2021年8月30日）,万平方米,6.43
778,上海市,,,2021,商品房:成交面积:上海（2021年8月31日）,万平方米,6.95
779,上海市,,,2021,商品房:成交面积:上海（2021年8月3日）,万平方米,4.49
780,上海市,,,2021,商品房:成交面积:上海（2021年8月4日）,万平方米,3.86
781,上海市,,,2021,商品房:成交面积:上海（2021年8月5日）,万平方米,3.31
782,上海市,,,2021,商品房:成交面积:上海（2021年8月6日）,万平方米,2.73
783,上海市,,,2021,商品房:成交面积:上海（2021年8月7日）,万平方米,5.45
784,上海市,,,2021,商品房:成交面积:上海（2021年8月8日）,万平方米,5.25
785,上海市,,,2021,商品房:成交面积:上海（2021年8月9日）,万平方米,6.44
786,上海市,,,2021,商品房:成交面积:上海（2021年9月10日）,万平方米,3.67
787,上海市,,,2021,商品房:成交面积:上海（2021年9月11日）,万平方米,5.2
788,上海市,,,2021,商品房:成交面积:上海（2021年9月12日）,万平方米,4.24
789,上海市,,,2021,商品房:成交面积:上海（2021年9月13日）,万平方米,4.7
790,上海市,,,2021,商品房:成交面积:上海（2021年9月14日）,万平方米,3.16
791,上海市,,,2021,商品房:成交面积:上海（2021年9月15日）,万平方米,5.0
792,上海市,,,2021,商品房:成交面积:上海（2021年9月16日）,万平方米,2.28
793,上海市,,,2021,商品房:成交面积:上海（2021年9月17日）,万平方米,2.24
794,上海市,,,2021,商品房:成交面积:上海（2021年9月18日）,万平方米,5.61
795,上海市,,,2021,商品房:成交面积:上海（2021年9月19日）,万平方米,5.25
796,上海市,,,2021,商品房:成交面积:上海（2021年9月1日）,万平方米,4.24
797,上海市,,,2021,商品房:成交面积:上海（2021年9月20日）,万平方米,4.09
798,上海市,,,2021,商品房:成交面积:上海（2021年9月21日）,万平方米,3.93
799,上海市,,,2021,商品房:成交面积:上海（2021年9月22日）,万平方米,4.1
800,上海市,,,2021,商品房:成交面积:上海（2021年9月23日）,万平方米,6.32
801,上海市,,,2021,商品房:成交面积:上海（2021年9月24日）,万平方米,5.32
802,上海市,,,2021,商品房:成交面积:上海（2021年9月25日）,万平方米,4.26
803,上海市,,,2021,商品房:成交面积:上海（2021年9月26日）,万平方米,16.02
804,上海市,,,2021,商品房:成交面积:上海（2021年9月27日）,万平方米,5.26
805,上海市,,,2021,商品房:成交面积:上海（2021年9月28日）,万平方米,8.38
806,上海市,,,2021,商品房:成交面积:上海（2021年9月29日）,万平方米,5.01
807,上海市,,,2021,商品房:成交面积:上海（2021年9月2日）,万平方米,3.17
808,上海市,,,2021,商品房:成交面积:上海（2021年9月30日）,万平方米,8.09
809,上海市,,,2021,商品房:成交面积:上海（2021年9月3日）,万平方米,2.49
810,上海市,,,2021,商品房:成交面积:上海（2021年9月4日）,万平方米,3.67
811,上海市,,,2021,商品房:成交面积:上海（2021年9月5日）,万平方米,5.31
812,上海市,,,2021,商品房:成交面积:上海（2021年9月6日）,万平方米,4.54
813,上海市,,,2021,商品房:成交面积:上海（2021年9月7日）,万平方米,5.07
814,上海市,,,2021,商品房:成交面积:上海（2021年9月8日）,万平方米,4.3
815,上海市,,,2021,商品房:成交面积:上海（2021年9月9日）,万平方米,2.91
816,北京市,,,2021,商品房:成交面积:北京（2021年10月10日）,万平方米,2.2
817,北京市,,,2021,商品房:成交面积:北京（2021年10月11日）,万平方米,3.4
818,北京市,,,2021,商品房:成交面积:北京（2021年10月12日）,万平方米,1.6
819,北京市,,,2021,商品房:成交面积:北京（2021年10月13日）,万平方米,1.2
820,北京市,,,2021,商品房:成交面积:北京（2021年10月14日）,万平方米,0.7
821,北京市,,,2021,商品房:成交面积:北京（2021年10月15日）,万平方米,1.0
822,北京市,,,2021,商品房:成交面积:北京（2021年10月16日）,万平方米,3.2
823,北京市,,,2021,商品房:成交面积:北京（2021年10月17日）,万平方米,2.4
824,北京市,,,2021,商品房:成交面积:北京（2021年10月18日）,万平方米,1.6
825,北京市,,,2021,商品房:成交面积:北京（2021年10月19日）,万平方米,2.2
826,北京市,,,2021,商品房:成交面积:北京（2021年10月1日）,万平方米,0.3
827,北京市,,,2021,商品房:成交面积:北京（2021年10月20日）,万平方米,0.6
828,北京市,,,2021,商品房:成交面积:北京（2021年10月21日）,万平方米,0.3
829,北京市,,,2021,商品房:成交面积:北京（2021年10月22日）,万平方米,1.0
830,北京市,,,2021,商品房:成交面积:北京（2021年10月23日）,万平方米,1.6
831,北京市,,,2021,商品房:成交面积:北京（2021年10月24日）,万平方米,2.0
832,北京市,,,2021,商品房:成交面积:北京（2021年10月25日）,万平方米,2.2
833,北京市,,,2021,商品房:成交面积:北京（2021年10月26日）,万平方米,2.6
834,北京市,,,2021,商品房:成交面积:北京（2021年10月27日）,万平方米,3.3
835,北京市,,,2021,商品房:成交面积:北京（2021年10月28日）,万平方米,2.1
836,北京市,,,2021,商品房:成交面积:北京（2021年10月29日）,万平方米,2.4
837,北京市,,,2021,商品房:成交面积:北京（2021年10月2日）,万平方米,0.1
838,北京市,,,2021,商品房:成交面积:北京（2021年10月30日）,万平方米,7.2
839,北京市,,,2021,商品房:成交面积:北京（2021年10月31日）,万平方米,2.6
840,北京市,,,2021,商品房:成交面积:北京（2021年10月3日）,万平方米,0.1
841,北京市,,,2021,商品房:成交面积:北京（2021年10月4日）,万平方米,0.1
842,北京市,,,2021,商品房:成交面积:北京（2021年10月5日）,万平方米,0.2
843,北京市,,,2021,商品房:成交面积:北京（2021年10月6日）,万平方米,0.1
844,北京市,,,2021,商品房:成交面积:北京（2021年10月7日）,万平方米,0.3
845,北京市,,,2021,商品房:成交面积:北京（2021年10月8日）,万平方米,1.3
846,北京市,,,2021,商品房:成交面积:北京（2021年10月9日）,万平方米,13.0
847,北京市,,,2021,商品房:成交面积:北京（2021年11月10日）,万平方米,2.4
848,北京市,,,2021,商品房:成交面积:北京（2021年11月11日）,万平方米,1.2
849,北京市,,,2021,商品房:成交面积:北京（2021年11月12日）,万平方米,2.2
850,北京市,,,2021,商品房:成交面积:北京（2021年11月13日）,万平方米,5.0
851,北京市,,,2021,商品房:成交面积:北京（2021年11月14日）,万平方米,3.7
852,北京市,,,2021,商品房:成交面积:北京（2021年11月15日）,万平方米,4.0
853,北京市,,,2021,商品房:成交面积:北京（2021年11月16日）,万平方米,4.7
854,北京市,,,2021,商品房:成交面积:北京（2021年11月17日）,万平方米,1.1
855,北京市,,,2021,商品房:成交面积:北京（2021年11月18日）,万平方米,0.8
856,北京市,,,2021,商品房:成交面积:北京（2021年11月19日）,万平方米,1.2
857,北京市,,,2021,商品房:成交面积:北京（2021年11月1日）,万平方米,2.3
858,北京市,,,2021,商品房:成交面积:北京（2021年11月20日）,万平方米,5.6
859,北京市,,,2021,商品房:成交面积:北京（2021年11月21日）,万平方米,3.1
860,北京市,,,2021,商品房:成交面积:北京（2021年11月22日）,万平方米,2.3
861,北京市,,,2021,商品房:成交面积:北京（2021年11月23日）,万平方米,2.2
862,北京市,,,2021,商品房:成交面积:北京（2021年11月24日）,万平方米,1.1
863,北京市,,,2021,商品房:成交面积:北京（2021年11月25日）,万平方米,1.4
864,北京市,,,2021,商品房:成交面积:北京（2021年11月26日）,万平方米,1.8
865,北京市,,,2021,商品房:成交面积:北京（2021年11月27日）,万平方米,4.8
866,北京市,,,2021,商品房:成交面积:北京（2021年11月28日）,万平方米,5.5
867,北京市,,,2021,商品房:成交面积:北京（2021年11月29日）,万平方米,6.7
868,北京市,,,2021,商品房:成交面积:北京（2021年11月2日）,万平方米,2.0
869,北京市,,,2021,商品房:成交面积:北京（2021年11月30日）,万平方米,8.9
870,北京市,,,2021,商品房:成交面积:北京（2021年11月3日）,万平方米,0.8
871,北京市,,,2021,商品房:成交面积:北京（2021年11月4日）,万平方米,0.8
872,北京市,,,2021,商品房:成交面积:北京（2021年11月5日）,万平方米,2.1
873,北京市,,,2021,商品房:成交面积:北京（2021年11月6日）,万平方米,2.7
874,北京市,,,2021,商品房:成交面积:北京（2021年11月7日）,万平方米,3.6
875,北京市,,,2021,商品房:成交面积:北京（2021年11月8日）,万平方米,4.2
876,北京市,,,2021,商品房:成交面积:北京（2021年11月9日）,万平方米,3.0
877,北京市,,,2021,商品房:成交面积:北京（2021年12月10日）,万平方米,4.0
878,北京市,,,2021,商品房:成交面积:北京（2021年12月11日）,万平方米,2.5
879,北京市,,,2021,商品房:成交面积:北京（2021年12月12日）,万平方米,3.0
880,北京市,,,2021,商品房:成交面积:北京（2021年12月13日）,万平方米,2.7
881,北京市,,,2021,商品房:成交面积:北京（2021年12月14日）,万平方米,3.9
882,北京市,,,2021,商品房:成交面积:北京（2021年12月15日）,万平方米,3.7
883,北京市,,,2021,商品房:成交面积:北京（2021年12月16日）,万平方米,2.6
884,北京市,,,2021,商品房:成交面积:北京（2021年12月17日）,万平方米,2.0
885,北京市,,,2021,商品房:成交面积:北京（2021年12月18日）,万平方米,3.6
886,北京市,,,2021,商品房:成交面积:北京（2021年12月19日）,万平方米,2.7
887,北京市,,,2021,商品房:成交面积:北京（2021年12月1日）,万平方米,0.9
888,北京市,,,2021,商品房:成交面积:北京（2021年12月20日）,万平方米,4.1
889,北京市,,,2021,商品房:成交面积:北京（2021年12月21日）,万平方米,7.0
890,北京市,,,2021,商品房:成交面积:北京（2021年12月22日）,万平方米,13.1
891,北京市,,,2021,商品房:成交面积:北京（2021年12月23日）,万平方米,1.2
892,北京市,,,2021,商品房:成交面积:北京（2021年12月24日）,万平方米,5.2
893,北京市,,,2021,商品房:成交面积:北京（2021年12月25日）,万平方米,5.1
894,北京市,,,2021,商品房:成交面积:北京（2021年12月26日）,万平方米,10.6
895,北京市,,,2021,商品房:成交面积:北京（2021年12月27日）,万平方米,5.0
896,北京市,,,2021,商品房:成交面积:北京（2021年12月28日）,万平方米,6.0
897,北京市,,,2021,商品房:成交面积:北京（2021年12月29日）,万平方米,6.4
898,北京市,,,2021,商品房:成交面积:北京（2021年12月2日）,万平方米,0.9
899,北京市,,,2021,商品房:成交面积:北京（2021年12月30日）,万平方米,3.5
900,北京市,,,2021,商品房:成交面积:北京（2021年12月31日）,万平方米,0.8
901,北京市,,,2021,商品房:成交面积:北京（2021年12月3日）,万平方米,2.3
902,北京市,,,2021,商品房:成交面积:北京（2021年12月4日）,万平方米,3.3
903,北京市,,,2021,商品房:成交面积:北京（2021年12月5日）,万平方米,3.3
904,北京市,,,2021,商品房:成交面积:北京（2021年12月6日）,万平方米,4.6
905,北京市,,,2021,商品房:成交面积:北京（2021年12月7日）,万平方米,4.5
906,北京市,,,2021,商品房:成交面积:北京（2021年12月8日）,万平方米,3.4
907,北京市,,,2021,商品房:成交面积:北京（2021年12月9日）,万平方米,3.1
908,北京市,,,2021,商品房:成交面积:北京（2021年1月10日）,万平方米,3.7
909,北京市,,,2021,商品房:成交面积:北京（2021年1月11日）,万平方米,5.8
910,北京市,,,2021,商品房:成交面积:北京（2021年1月12日）,万平方米,4.1
911,北京市,,,2021,商品房:成交面积:北京（2021年1月13日）,万平方米,2.3
912,北京市,,,2021,商品房:成交面积:北京（2021年1月14日）,万平方米,2.7
913,北京市,,,2021,商品房:成交面积:北京（2021年1月15日）,万平方米,2.3
914,北京市,,,2021,商品房:成交面积:北京（2021年1月16日）,万平方米,3.4
915,北京市,,,2021,商品房:成交面积:北京（2021年1月17日）,万平方米,3.9
916,北京市,,,2021,商品房:成交面积:北京（2021年1月19日）,万平方米,2.9
917,北京市,,,2021,商品房:成交面积:北京（2021年1月1日）,万平方米,2.9
918,北京市,,,2021,商品房:成交面积:北京（2021年1月22日）,万平方米,2.2
919,北京市,,,2021,商品房:成交面积:北京（2021年1月23日）,万平方米,2.7
920,北京市,,,2021,商品房:成交面积:北京（2021年1月24日）,万平方米,2.1
921,北京市,,,2021,商品房:成交面积:北京（2021年1月25日）,万平方米,1.2
922,北京市,,,2021,商品房:成交面积:北京（2021年1月26日）,万平方米,0.2
923,北京市,,,2021,商品房:成交面积:北京（2021年1月2日）,万平方米,2.3
924,北京市,,,2021,商品房:成交面积:北京（2021年1月3日）,万平方米,4.0
925,北京市,,,2021,商品房:成交面积:北京（2021年1月4日）,万平方米,3.7
926,北京市,,,2021,商品房:成交面积:北京（2021年1月5日）,万平方米,5.0
927,北京市,,,2021,商品房:成交面积:北京（2021年1月6日）,万平方米,6.1
928,北京市,,,2021,商品房:成交面积:北京（2021年1月7日）,万平方米,7.4
929,北京市,,,2021,商品房:成交面积:北京（2021年1月8日）,万平方米,7.5
930,北京市,,,2021,商品房:成交面积:北京（2021年1月9日）,万平方米,3.8
931,北京市,,,2021,商品房:成交面积:北京（2021年2月10日）,万平方米,2.1
932,北京市,,,2021,商品房:成交面积:北京（2021年2月11日）,万平方米,2.1
933,北京市,,,2021,商品房:成交面积:北京（2021年2月12日）,万平方米,2.1
934,北京市,,,2021,商品房:成交面积:北京（2021年2月13日）,万平方米,2.9
935,北京市,,,2021,商品房:成交面积:北京（2021年2月14日）,万平方米,3.2
936,北京市,,,2021,商品房:成交面积:北京（2021年2月15日）,万平方米,3.7
937,北京市,,,2021,商品房:成交面积:北京（2021年2月16日）,万平方米,2.9
938,北京市,,,2021,商品房:成交面积:北京（2021年2月17日）,万平方米,4.4
939,北京市,,,2021,商品房:成交面积:北京（2021年2月18日）,万平方米,3.1
940,北京市,,,2021,商品房:成交面积:北京（2021年2月19日）,万平方米,2.8
941,北京市,,,2021,商品房:成交面积:北京（2021年2月20日）,万平方米,4.7
942,北京市,,,2021,商品房:成交面积:北京（2021年2月21日）,万平方米,4.3
943,北京市,,,2021,商品房:成交面积:北京（2021年2月22日）,万平方米,3.7
944,北京市,,,2021,商品房:成交面积:北京（2021年2月23日）,万平方米,3.6
945,北京市,,,2021,商品房:成交面积:北京（2021年2月24日）,万平方米,4.8
946,北京市,,,2021,商品房:成交面积:北京（2021年2月25日）,万平方米,5.4
947,北京市,,,2021,商品房:成交面积:北京（2021年2月26日）,万平方米,3.6
948,北京市,,,2021,商品房:成交面积:北京（2021年2月27日）,万平方米,2.3
949,北京市,,,2021,商品房:成交面积:北京（2021年2月28日）,万平方米,3.6
950,北京市,,,2021,商品房:成交面积:北京（2021年2月3日）,万平方米,1.5
951,北京市,,,2021,商品房:成交面积:北京（2021年2月4日）,万平方米,1.4
952,北京市,,,2021,商品房:成交面积:北京（2021年2月5日）,万平方米,1.1
953,北京市,,,2021,商品房:成交面积:北京（2021年2月6日）,万平方米,1.5
954,北京市,,,2021,商品房:成交面积:北京（2021年2月7日）,万平方米,1.8
955,北京市,,,2021,商品房:成交面积:北京（2021年2月8日）,万平方米,2.9
956,北京市,,,2021,商品房:成交面积:北京（2021年2月9日）,万平方米,3.6
957,北京市,,,2021,商品房:成交面积:北京（2021年3月10日）,万平方米,4.1
958,北京市,,,2021,商品房:成交面积:北京（2021年3月11日）,万平方米,2.7
959,北京市,,,2021,商品房:成交面积:北京（2021年3月12日）,万平方米,2.0
960,北京市,,,2021,商品房:成交面积:北京（2021年3月13日）,万平方米,3.8
961,北京市,,,2021,商品房:成交面积:北京（2021年3月14日）,万平方米,4.0
962,北京市,,,2021,商品房:成交面积:北京（2021年3月15日）,万平方米,4.4
963,北京市,,,2021,商品房:成交面积:北京（2021年3月16日）,万平方米,4.1
964,北京市,,,2021,商品房:成交面积:北京（2021年3月17日）,万平方米,4.4
965,北京市,,,2021,商品房:成交面积:北京（2021年3月18日）,万平方米,4.5
966,北京市,,,2021,商品房:成交面积:北京（2021年3月19日）,万平方米,3.1
967,北京市,,,2021,商品房:成交面积:北京（2021年3月1日）,万平方米,2.2
968,北京市,,,2021,商品房:成交面积:北京（2021年3月20日）,万平方米,4.2
969,北京市,,,2021,商品房:成交面积:北京（2021年3月21日）,万平方米,4.0
970,北京市,,,2021,商品房:成交面积:北京（2021年3月22日）,万平方米,5.0
971,北京市,,,2021,商品房:成交面积:北京（2021年3月23日）,万平方米,15.3
972,北京市,,,2021,商品房:成交面积:北京（2021年3月24日）,万平方米,6.5
973,北京市,,,2021,商品房:成交面积:北京（2021年3月25日）,万平方米,3.2
974,北京市,,,2021,商品房:成交面积:北京（2021年3月26日）,万平方米,4.2
975,北京市,,,2021,商品房:成交面积:北京（2021年3月27日）,万平方米,3.1
976,北京市,,,2021,商品房:成交面积:北京（2021年3月28日）,万平方米,2.8
977,北京市,,,2021,商品房:成交面积:北京（2021年3月29日）,万平方米,2.8
978,北京市,,,2021,商品房:成交面积:北京（2021年3月2日）,万平方米,2.4
979,北京市,,,2021,商品房:成交面积:北京（2021年3月30日）,万平方米,5.1
980,北京市,,,2021,商品房:成交面积:北京（2021年3月31日）,万平方米,1.3
981,北京市,,,2021,商品房:成交面积:北京（2021年3月3日）,万平方米,2.6
982,北京市,,,2021,商品房:成交面积:北京（2021年3月4日）,万平方米,4.6
983,北京市,,,2021,商品房:成交面积:北京（2021年3月5日）,万平方米,2.6
984,北京市,,,2021,商品房:成交面积:北京（2021年3月6日）,万平方米,11.5
985,北京市,,,2021,商品房:成交面积:北京（2021年3月7日）,万平方米,3.5
986,北京市,,,2021,商品房:成交面积:北京（2021年3月8日）,万平方米,4.7
987,北京市,,,2021,商品房:成交面积:北京（2021年3月9日）,万平方米,5.0
988,北京市,,,2021,商品房:成交面积:北京（2021年4月10日）,万平方米,2.4
989,北京市,,,2021,商品房:成交面积:北京（2021年4月11日）,万平方米,3.0
990,北京市,,,2021,商品房:成交面积:北京（2021年4月12日）,万平方米,2.1
991,北京市,,,2021,商品房:成交面积:北京（2021年4月13日）,万平方米,2.6
992,北京市,,,2021,商品房:成交面积:北京（2021年4月14日）,万平方米,2.6
993,北京市,,,2021,商品房:成交面积:北京（2021年4月15日）,万平方米,1.9
994,北京市,,,2021,商品房:成交面积:北京（2021年4月16日）,万平方米,6.4
995,北京市,,,2021,商品房:成交面积:北京（2021年4月17日）,万平方米,3.6
996,北京市,,,2021,商品房:成交面积:北京（2021年4月18日）,万平方米,5.0
997,北京市,,,2021,商品房:成交面积:北京（2021年4月19日）,万平方米,4.5
998,北京市,,,2021,商品房:成交面积:北京（2021年4月1日）,万平方米,1.8
999,北京市,,,2021,商品房:成交面积:北京（2021年4月20日）,万平方米,5.5
1000,北京市,,,2021,商品房:成交面积:北京（2021年4月21日）,万平方米,3.0
1001,北京市,,,2021,商品房:成交面积:北京（2021年4月22日）,万平方米,2.4
1002,北京市,,,2021,商品房:成交面积:北京（2021年4月23日）,万平方米,3.0
1003,北京市,,,2021,商品房:成交面积:北京（2021年4月24日）,万平方米,4.1
1004,北京市,,,2021,商品房:成交面积:北京（2021年4月25日）,万平方米,3.3
1005,北京市,,,2021,商品房:成交面积:北京（2021年4月26日）,万平方米,3.2
1006,北京市,,,2021,商品房:成交面积:北京（2021年4月27日）,万平方米,3.8
1007,北京市,,,2021,商品房:成交面积:北京（2021年4月28日）,万平方米,3.0
1008,北京市,,,2021,商品房:成交面积:北京（2021年4月29日）,万平方米,0.9
1009,北京市,,,2021,商品房:成交面积:北京（2021年4月2日）,万平方米,0.9
1010,北京市,,,2021,商品房:成交面积:北京（2021年4月30日）,万平方米,1.2
1011,北京市,,,2021,商品房:成交面积:北京（2021年4月3日）,万平方米,0.4
1012,北京市,,,2021,商品房:成交面积:北京（2021年4月4日）,万平方米,1.4
1013,北京市,,,2021,商品房:成交面积:北京（2021年4月5日）,万平方米,1.4
1014,北京市,,,2021,商品房:成交面积:北京（2021年4月6日）,万平方米,3.3
1015,北京市,,,2021,商品房:成交面积:北京（2021年4月7日）,万平方米,2.7
1016,北京市,,,2021,商品房:成交面积:北京（2021年4月8日）,万平方米,1.4
1017,北京市,,,2021,商品房:成交面积:北京（2021年4月9日）,万平方米,2.3
1018,北京市,,,2021,商品房:成交面积:北京（2021年5月10日）,万平方米,2.8
1019,北京市,,,2021,商品房:成交面积:北京（2021年5月11日）,万平方米,1.4
1020,北京市,,,2021,商品房:成交面积:北京（2021年5月12日）,万平方米,4.7
1021,北京市,,,2021,商品房:成交面积:北京（2021年5月13日）,万平方米,1.1
1022,北京市,,,2021,商品房:成交面积:北京（2021年5月14日）,万平方米,1.1
1023,北京市,,,2021,商品房:成交面积:北京（2021年5月15日）,万平方米,1.5
1024,北京市,,,2021,商品房:成交面积:北京（2021年5月16日）,万平方米,1.5
1025,北京市,,,2021,商品房:成交面积:北京（2021年5月17日）,万平方米,2.3
1026,北京市,,,2021,商品房:成交面积:北京（2021年5月18日）,万平方米,4.0
1027,北京市,,,2021,商品房:成交面积:北京（2021年5月19日）,万平方米,6.5
1028,北京市,,,2021,商品房:成交面积:北京（2021年5月1日）,万平方米,0.9
1029,北京市,,,2021,商品房:成交面积:北京（2021年5月20日）,万平方米,2.5
1030,北京市,,,2021,商品房:成交面积:北京（2021年5月21日）,万平方米,2.8
1031,北京市,,,2021,商品房:成交面积:北京（2021年5月22日）,万平方米,3.2
1032,北京市,,,2021,商品房:成交面积:北京（2021年5月23日）,万平方米,3.2
1033,北京市,,,2021,商品房:成交面积:北京（2021年5月24日）,万平方米,3.2
1034,北京市,,,2021,商品房:成交面积:北京（2021年5月25日）,万平方米,4.1
1035,北京市,,,2021,商品房:成交面积:北京（2021年5月26日）,万平方米,3.2
1036,北京市,,,2021,商品房:成交面积:北京（2021年5月27日）,万平方米,3.4
1037,北京市,,,2021,商品房:成交面积:北京（2021年5月28日）,万平方米,0.8
1038,北京市,,,2021,商品房:成交面积:北京（2021年5月29日）,万平方米,0.8
1039,北京市,,,2021,商品房:成交面积:北京（2021年5月2日）,万平方米,1.0
1040,北京市,,,2021,商品房:成交面积:北京（2021年5月30日）,万平方米,0.8
1041,北京市,,,2021,商品房:成交面积:北京（2021年5月31日）,万平方米,1.8
1042,北京市,,,2021,商品房:成交面积:北京（2021年5月3日）,万平方米,1.1
1043,北京市,,,2021,商品房:成交面积:北京（2021年5月4日）,万平方米,3.5
1044,北京市,,,2021,商品房:成交面积:北京（2021年5月5日）,万平方米,1.8
1045,北京市,,,2021,商品房:成交面积:北京（2021年5月6日）,万平方米,1.5
1046,北京市,,,2021,商品房:成交面积:北京（2021年5月7日）,万平方米,1.5
1047,北京市,,,2021,商品房:成交面积:北京（2021年5月8日）,万平方米,2.5
1048,北京市,,,2021,商品房:成交面积:北京（2021年5月9日）,万平方米,2.4
1049,北京市,,,2021,商品房:成交面积:北京（2021年6月10日）,万平方米,0.8
1050,北京市,,,2021,商品房:成交面积:北京（2021年6月11日）,万平方米,1.1
1051,北京市,,,2021,商品房:成交面积:北京（2021年6月12日）,万平方米,2.4
1052,北京市,,,2021,商品房:成交面积:北京（2021年6月13日）,万平方米,1.8
1053,北京市,,,2021,商品房:成交面积:北京（2021年6月14日）,万平方米,2.3
1054,北京市,,,2021,商品房:成交面积:北京（2021年6月15日）,万平方米,1.6
1055,北京市,,,2021,商品房:成交面积:北京（2021年6月16日）,万平方米,1.4
1056,北京市,,,2021,商品房:成交面积:北京（2021年6月17日）,万平方米,1.1
1057,北京市,,,2021,商品房:成交面积:北京（2021年6月18日）,万平方米,2.1
1058,北京市,,,2021,商品房:成交面积:北京（2021年6月19日）,万平方米,2.8
1059,北京市,,,2021,商品房:成交面积:北京（2021年6月1日）,万平方米,1.1
1060,北京市,,,2021,商品房:成交面积:北京（2021年6月20日）,万平方米,2.4
1061,北京市,,,2021,商品房:成交面积:北京（2021年6月21日）,万平方米,2.0
1062,北京市,,,2021,商品房:成交面积:北京（2021年6月22日）,万平方米,1.8
1063,北京市,,,2021,商品房:成交面积:北京（2021年6月23日）,万平方米,2.0
1064,北京市,,,2021,商品房:成交面积:北京（2021年6月24日）,万平方米,2.0
1065,北京市,,,2021,商品房:成交面积:北京（2021年6月25日）,万平方米,2.6
1066,北京市,,,2021,商品房:成交面积:北京（2021年6月26日）,万平方米,3.3
1067,北京市,,,2021,商品房:成交面积:北京（2021年6月27日）,万平方米,6.5
1068,北京市,,,2021,商品房:成交面积:北京（2021年6月28日）,万平方米,8.9
1069,北京市,,,2021,商品房:成交面积:北京（2021年6月29日）,万平方米,3.1
1070,北京市,,,2021,商品房:成交面积:北京（2021年6月2日）,万平方米,1.8
1071,北京市,,,2021,商品房:成交面积:北京（2021年6月30日）,万平方米,1.8
1072,北京市,,,2021,商品房:成交面积:北京（2021年6月3日）,万平方米,1.0
1073,北京市,,,2021,商品房:成交面积:北京（2021年6月4日）,万平方米,1.7
1074,北京市,,,2021,商品房:成交面积:北京（2021年6月5日）,万平方米,2.3
1075,北京市,,,2021,商品房:成交面积:北京（2021年6月6日）,万平方米,2.1
1076,北京市,,,2021,商品房:成交面积:北京（2021年6月7日）,万平方米,2.9
1077,北京市,,,2021,商品房:成交面积:北京（2021年6月8日）,万平方米,2.0
1078,北京市,,,2021,商品房:成交面积:北京（2021年7月10日）,万平方米,1.3
1079,北京市,,,2021,商品房:成交面积:北京（2021年7月11日）,万平方米,0.8
1080,北京市,,,2021,商品房:成交面积:北京（2021年7月12日）,万平方米,1.3
1081,北京市,,,2021,商品房:成交面积:北京（2021年7月13日）,万平方米,1.4
1082,北京市,,,2021,商品房:成交面积:北京（2021年7月14日）,万平方米,1.1
1083,北京市,,,2021,商品房:成交面积:北京（2021年7月15日）,万平方米,0.8
1084,北京市,,,2021,商品房:成交面积:北京（2021年7月16日）,万平方米,1.3
1085,北京市,,,2021,商品房:成交面积:北京（2021年7月17日）,万平方米,2.0
1086,北京市,,,2021,商品房:成交面积:北京（2021年7月18日）,万平方米,1.8
1087,北京市,,,2021,商品房:成交面积:北京（2021年7月19日）,万平方米,1.8
1088,北京市,,,2021,商品房:成交面积:北京（2021年7月1日）,万平方米,0.3
1089,北京市,,,2021,商品房:成交面积:北京（2021年7月20日）,万平方米,1.7
1090,北京市,,,2021,商品房:成交面积:北京（2021年7月21日）,万平方米,1.4
1091,北京市,,,2021,商品房:成交面积:北京（2021年7月22日）,万平方米,1.1
1092,北京市,,,2021,商品房:成交面积:北京（2021年7月23日）,万平方米,2.1
1093,北京市,,,2021,商品房:成交面积:北京（2021年7月24日）,万平方米,4.1
1094,北京市,,,2021,商品房:成交面积:北京（2021年7月25日）,万平方米,3.2
1095,北京市,,,2021,商品房:成交面积:北京（2021年7月26日）,万平方米,5.4
1096,北京市,,,2021,商品房:成交面积:北京（2021年7月27日）,万平方米,7.5
1097,北京市,,,2021,商品房:成交面积:北京（2021年7月28日）,万平方米,3.4
1098,北京市,,,2021,商品房:成交面积:北京（2021年7月29日）,万平方米,2.8
1099,北京市,,,2021,商品房:成交面积:北京（2021年7月2日）,万平方米,1.0
1100,北京市,,,2021,商品房:成交面积:北京（2021年7月30日）,万平方米,0.6
1101,北京市,,,2021,商品房:成交面积:北京（2021年7月31日）,万平方米,1.1
1102,北京市,,,2021,商品房:成交面积:北京（2021年7月3日）,万平方米,2.2
1103,北京市,,,2021,商品房:成交面积:北京（2021年7月4日）,万平方米,1.7
1104,北京市,,,2021,商品房:成交面积:北京（2021年7月5日）,万平方米,2.0
1105,北京市,,,2021,商品房:成交面积:北京（2021年7月6日）,万平方米,2.2
1106,北京市,,,2021,商品房:成交面积:北京（2021年7月7日）,万平方米,0.8
1107,北京市,,,2021,商品房:成交面积:北京（2021年7月8日）,万平方米,0.5
1108,北京市,,,2021,商品房:成交面积:北京（2021年7月9日）,万平方米,0.7
1109,北京市,,,2021,商品房:成交面积:北京（2021年8月10日）,万平方米,3.0
1110,北京市,,,2021,商品房:成交面积:北京（2021年8月11日）,万平方米,1.3
1111,北京市,,,2021,商品房:成交面积:北京（2021年8月12日）,万平方米,1.0
1112,北京市,,,2021,商品房:成交面积:北京（2021年8月13日）,万平方米,1.2
1113,北京市,,,2021,商品房:成交面积:北京（2021年8月14日）,万平方米,1.9
1114,北京市,,,2021,商品房:成交面积:北京（2021年8月15日）,万平方米,2.8
1115,北京市,,,2021,商品房:成交面积:北京（2021年8月16日）,万平方米,1.9
1116,北京市,,,2021,商品房:成交面积:北京（2021年8月17日）,万平方米,2.9
1117,北京市,,,2021,商品房:成交面积:北京（2021年8月18日）,万平方米,1.6
1118,北京市,,,2021,商品房:成交面积:北京（2021年8月19日）,万平方米,1.1
1119,北京市,,,2021,商品房:成交面积:北京（2021年8月1日）,万平方米,0.4
1120,北京市,,,2021,商品房:成交面积:北京（2021年8月20日）,万平方米,1.5
1121,北京市,,,2021,商品房:成交面积:北京（2021年8月21日）,万平方米,2.6
1122,北京市,,,2021,商品房:成交面积:北京（2021年8月22日）,万平方米,2.5
1123,北京市,,,2021,商品房:成交面积:北京（2021年8月23日）,万平方米,2.7
1124,北京市,,,2021,商品房:成交面积:北京（2021年8月24日）,万平方米,3.3
1125,北京市,,,2021,商品房:成交面积:北京（2021年8月25日）,万平方米,2.1
1126,北京市,,,2021,商品房:成交面积:北京（2021年8月26日）,万平方米,1.3
1127,北京市,,,2021,商品房:成交面积:北京（2021年8月27日）,万平方米,2.3
1128,北京市,,,2021,商品房:成交面积:北京（2021年8月28日）,万平方米,3.6
1129,北京市,,,2021,商品房:成交面积:北京（2021年8月2日）,万平方米,1.5
1130,北京市,,,2021,商品房:成交面积:北京（2021年8月3日）,万平方米,2.5
1131,北京市,,,2021,商品房:成交面积:北京（2021年8月4日）,万平方米,0.7
1132,北京市,,,2021,商品房:成交面积:北京（2021年8月5日）,万平方米,0.5
1133,北京市,,,2021,商品房:成交面积:北京（2021年8月6日）,万平方米,1.1
1134,北京市,,,2021,商品房:成交面积:北京（2021年8月7日）,万平方米,2.1
1135,北京市,,,2021,商品房:成交面积:北京（2021年8月8日）,万平方米,1.5
1136,北京市,,,2021,商品房:成交面积:北京（2021年8月9日）,万平方米,1.4
1137,北京市,,,2021,商品房:成交面积:北京（2021年9月10日）,万平方米,1.1
1138,北京市,,,2021,商品房:成交面积:北京（2021年9月11日）,万平方米,1.7
1139,北京市,,,2021,商品房:成交面积:北京（2021年9月12日）,万平方米,1.4
1140,北京市,,,2021,商品房:成交面积:北京（2021年9月13日）,万平方米,2.1
1141,北京市,,,2021,商品房:成交面积:北京（2021年9月14日）,万平方米,2.5
1142,北京市,,,2021,商品房:成交面积:北京（2021年9月15日）,万平方米,2.6
1143,北京市,,,2021,商品房:成交面积:北京（2021年9月16日）,万平方米,0.7
1144,北京市,,,2021,商品房:成交面积:北京（2021年9月17日）,万平方米,1.2
1145,北京市,,,2021,商品房:成交面积:北京（2021年9月18日）,万平方米,1.8
1146,北京市,,,2021,商品房:成交面积:北京（2021年9月19日）,万平方米,2.3
1147,北京市,,,2021,商品房:成交面积:北京（2021年9月1日）,万平方米,1.9
1148,北京市,,,2021,商品房:成交面积:北京（2021年9月20日）,万平方米,2.9
1149,北京市,,,2021,商品房:成交面积:北京（2021年9月21日）,万平方米,2.8
1150,北京市,,,2021,商品房:成交面积:北京（2021年9月22日）,万平方米,1.8
1151,北京市,,,2021,商品房:成交面积:北京（2021年9月23日）,万平方米,1.1
1152,北京市,,,2021,商品房:成交面积:北京（2021年9月24日）,万平方米,1.2
1153,北京市,,,2021,商品房:成交面积:北京（2021年9月25日）,万平方米,2.4
1154,北京市,,,2021,商品房:成交面积:北京（2021年9月26日）,万平方米,5.9
1155,北京市,,,2021,商品房:成交面积:北京（2021年9月27日）,万平方米,4.9
1156,北京市,,,2021,商品房:成交面积:北京（2021年9月28日）,万平方米,4.0
1157,北京市,,,2021,商品房:成交面积:北京（2021年9月29日）,万平方米,4.7
1158,北京市,,,2021,商品房:成交面积:北京（2021年9月2日）,万平方米,1.1
1159,北京市,,,2021,商品房:成交面积:北京（2021年9月30日）,万平方米,1.1
1160,北京市,,,2021,商品房:成交面积:北京（2021年9月3日）,万平方米,1.1
1161,北京市,,,2021,商品房:成交面积:北京（2021年9月4日）,万平方米,2.0
1162,北京市,,,2021,商品房:成交面积:北京（2021年9月5日）,万平方米,1.5
1163,北京市,,,2021,商品房:成交面积:北京（2021年9月6日）,万平方米,1.9
1164,北京市,,,2021,商品房:成交面积:北京（2021年9月7日）,万平方米,1.9
1165,北京市,,,2021,商品房:成交面积:北京（2021年9月8日）,万平方米,1.6
1166,北京市,,,2021,商品房:成交面积:北京（2021年9月9日）,万平方米,0.6
1167,广东省,,,2021,商品房:成交面积:广州（2021年10月10日）,万平方米,4.55
1168,广东省,,,2021,商品房:成交面积:广州（2021年10月11日）,万平方米,3.26
1169,广东省,,,2021,商品房:成交面积:广州（2021年10月12日）,万平方米,4.21
1170,广东省,,,2021,商品房:成交面积:广州（2021年10月13日）,万平方米,6.48
1171,广东省,,,2021,商品房:成交面积:广州（2021年10月14日）,万平方米,4.06
1172,广东省,,,2021,商品房:成交面积:广州（2021年10月15日）,万平方米,2.88
1173,广东省,,,2021,商品房:成交面积:广州（2021年10月16日）,万平方米,2.76
1174,广东省,,,2021,商品房:成交面积:广州（2021年10月17日）,万平方米,2.71
1175,广东省,,,2021,商品房:成交面积:广州（2021年10月18日）,万平方米,2.97
1176,广东省,,,2021,商品房:成交面积:广州（2021年10月19日）,万平方米,2.33
1177,广东省,,,2021,商品房:成交面积:广州（2021年10月1日）,万平方米,1.71
1178,广东省,,,2021,商品房:成交面积:广州（2021年10月20日）,万平方米,2.86
1179,广东省,,,2021,商品房:成交面积:广州（2021年10月21日）,万平方米,2.64
1180,广东省,,,2021,商品房:成交面积:广州（2021年10月22日）,万平方米,2.08
1181,广东省,,,2021,商品房:成交面积:广州（2021年10月23日）,万平方米,2.82
1182,广东省,,,2021,商品房:成交面积:广州（2021年10月24日）,万平方米,2.94
1183,广东省,,,2021,商品房:成交面积:广州（2021年10月25日）,万平方米,3.08
1184,广东省,,,2021,商品房:成交面积:广州（2021年10月26日）,万平方米,1.75
1185,广东省,,,2021,商品房:成交面积:广州（2021年10月27日）,万平方米,3.76
1186,广东省,,,2021,商品房:成交面积:广州（2021年10月28日）,万平方米,5.82
1187,广东省,,,2021,商品房:成交面积:广州（2021年10月29日）,万平方米,3.27
1188,广东省,,,2021,商品房:成交面积:广州（2021年10月2日）,万平方米,1.15
1189,广东省,,,2021,商品房:成交面积:广州（2021年10月30日）,万平方米,5.19
1190,广东省,,,2021,商品房:成交面积:广州（2021年10月31日）,万平方米,2.74
1191,广东省,,,2021,商品房:成交面积:广州（2021年10月3日）,万平方米,1.1
1192,广东省,,,2021,商品房:成交面积:广州（2021年10月4日）,万平方米,0.51
1193,广东省,,,2021,商品房:成交面积:广州（2021年10月5日）,万平方米,0.56
1194,广东省,,,2021,商品房:成交面积:广州（2021年10月6日）,万平方米,0.81
1195,广东省,,,2021,商品房:成交面积:广州（2021年10月7日）,万平方米,0.71
1196,广东省,,,2021,商品房:成交面积:广州（2021年10月8日）,万平方米,0.77
1197,广东省,,,2021,商品房:成交面积:广州（2021年10月9日）,万平方米,3.28
1198,广东省,,,2021,商品房:成交面积:广州（2021年11月10日）,万平方米,2.68
1199,广东省,,,2021,商品房:成交面积:广州（2021年11月11日）,万平方米,2.36
1200,广东省,,,2021,商品房:成交面积:广州（2021年11月12日）,万平方米,1.33
1201,广东省,,,2021,商品房:成交面积:广州（2021年11月13日）,万平方米,1.89
1202,广东省,,,2021,商品房:成交面积:广州（2021年11月14日）,万平方米,2.05
1203,广东省,,,2021,商品房:成交面积:广州（2021年11月15日）,万平方米,2.14
1204,广东省,,,2021,商品房:成交面积:广州（2021年11月16日）,万平方米,2.08
1205,广东省,,,2021,商品房:成交面积:广州（2021年11月17日）,万平方米,1.69
1206,广东省,,,2021,商品房:成交面积:广州（2021年11月18日）,万平方米,2.0
1207,广东省,,,2021,商品房:成交面积:广州（2021年11月19日）,万平方米,1.36
1208,广东省,,,2021,商品房:成交面积:广州（2021年11月1日）,万平方米,2.09
1209,广东省,,,2021,商品房:成交面积:广州（2021年11月20日）,万平方米,2.51
1210,广东省,,,2021,商品房:成交面积:广州（2021年11月21日）,万平方米,2.01
1211,广东省,,,2021,商品房:成交面积:广州（2021年11月22日）,万平方米,7.69
1212,广东省,,,2021,商品房:成交面积:广州（2021年11月23日）,万平方米,2.68
1213,广东省,,,2021,商品房:成交面积:广州（2021年11月24日）,万平方米,10.48
1214,广东省,,,2021,商品房:成交面积:广州（2021年11月25日）,万平方米,9.54
1215,广东省,,,2021,商品房:成交面积:广州（2021年11月26日）,万平方米,11.45
1216,广东省,,,2021,商品房:成交面积:广州（2021年11月27日）,万平方米,9.87
1217,广东省,,,2021,商品房:成交面积:广州（2021年11月28日）,万平方米,8.52
1218,广东省,,,2021,商品房:成交面积:广州（2021年11月29日）,万平方米,2.93
1219,广东省,,,2021,商品房:成交面积:广州（2021年11月2日）,万平方米,1.28
1220,广东省,,,2021,商品房:成交面积:广州（2021年11月30日）,万平方米,9.52
1221,广东省,,,2021,商品房:成交面积:广州（2021年11月3日）,万平方米,1.62
1222,广东省,,,2021,商品房:成交面积:广州（2021年11月4日）,万平方米,2.03
1223,广东省,,,2021,商品房:成交面积:广州（2021年11月5日）,万平方米,1.79
1224,广东省,,,2021,商品房:成交面积:广州（2021年11月6日）,万平方米,1.6
1225,广东省,,,2021,商品房:成交面积:广州（2021年11月7日）,万平方米,2.18
1226,广东省,,,2021,商品房:成交面积:广州（2021年11月8日）,万平方米,1.56
1227,广东省,,,2021,商品房:成交面积:广州（2021年11月9日）,万平方米,2.59
1228,广东省,,,2021,商品房:成交面积:广州（2021年12月10日）,万平方米,1.92
1229,广东省,,,2021,商品房:成交面积:广州（2021年12月11日）,万平方米,3.38
1230,广东省,,,2021,商品房:成交面积:广州（2021年12月12日）,万平方米,2.74
1231,广东省,,,2021,商品房:成交面积:广州（2021年12月13日）,万平方米,2.35
1232,广东省,,,2021,商品房:成交面积:广州（2021年12月14日）,万平方米,2.88
1233,广东省,,,2021,商品房:成交面积:广州（2021年12月15日）,万平方米,3.77
1234,广东省,,,2021,商品房:成交面积:广州（2021年12月16日）,万平方米,3.24
1235,广东省,,,2021,商品房:成交面积:广州（2021年12月17日）,万平方米,2.53
1236,广东省,,,2021,商品房:成交面积:广州（2021年12月18日）,万平方米,2.91
1237,广东省,,,2021,商品房:成交面积:广州（2021年12月19日）,万平方米,4.03
1238,广东省,,,2021,商品房:成交面积:广州（2021年12月1日）,万平方米,4.64
1239,广东省,,,2021,商品房:成交面积:广州（2021年12月20日）,万平方米,9.52
1240,广东省,,,2021,商品房:成交面积:广州（2021年12月21日）,万平方米,5.88
1241,广东省,,,2021,商品房:成交面积:广州（2021年12月22日）,万平方米,4.13
1242,广东省,,,2021,商品房:成交面积:广州（2021年12月23日）,万平方米,3.88
1243,广东省,,,2021,商品房:成交面积:广州（2021年12月24日）,万平方米,2.86
1244,广东省,,,2021,商品房:成交面积:广州（2021年12月25日）,万平方米,4.44
1245,广东省,,,2021,商品房:成交面积:广州（2021年12月26日）,万平方米,8.09
1246,广东省,,,2021,商品房:成交面积:广州（2021年12月2日）,万平方米,3.04
1247,广东省,,,2021,商品房:成交面积:广州（2021年12月3日）,万平方米,1.8
1248,广东省,,,2021,商品房:成交面积:广州（2021年12月4日）,万平方米,3.41
1249,广东省,,,2021,商品房:成交面积:广州（2021年12月5日）,万平方米,2.17
1250,广东省,,,2021,商品房:成交面积:广州（2021年12月6日）,万平方米,2.3
1251,广东省,,,2021,商品房:成交面积:广州（2021年12月7日）,万平方米,2.38
1252,广东省,,,2021,商品房:成交面积:广州（2021年12月8日）,万平方米,3.09
1253,广东省,,,2021,商品房:成交面积:广州（2021年12月9日）,万平方米,2.94
1254,广东省,,,2021,商品房:成交面积:广州（2021年1月10日）,万平方米,4.83
1255,广东省,,,2021,商品房:成交面积:广州（2021年1月11日）,万平方米,5.92
1256,广东省,,,2021,商品房:成交面积:广州（2021年1月12日）,万平方米,6.29
1257,广东省,,,2021,商品房:成交面积:广州（2021年1月13日）,万平方米,4.18
1258,广东省,,,2021,商品房:成交面积:广州（2021年1月14日）,万平方米,6.09
1259,广东省,,,2021,商品房:成交面积:广州（2021年1月15日）,万平方米,4.75
1260,广东省,,,2021,商品房:成交面积:广州（2021年1月16日）,万平方米,3.92
1261,广东省,,,2021,商品房:成交面积:广州（2021年1月17日）,万平方米,3.66
1262,广东省,,,2021,商品房:成交面积:广州（2021年1月18日）,万平方米,5.23
1263,广东省,,,2021,商品房:成交面积:广州（2021年1月19日）,万平方米,3.55
1264,广东省,,,2021,商品房:成交面积:广州（2021年1月1日）,万平方米,2.55
1265,广东省,,,2021,商品房:成交面积:广州（2021年1月20日）,万平方米,3.83
1266,广东省,,,2021,商品房:成交面积:广州（2021年1月21日）,万平方米,5.0
1267,广东省,,,2021,商品房:成交面积:广州（2021年1月22日）,万平方米,2.78
1268,广东省,,,2021,商品房:成交面积:广州（2021年1月23日）,万平方米,3.07
1269,广东省,,,2021,商品房:成交面积:广州（2021年1月24日）,万平方米,2.02
1270,广东省,,,2021,商品房:成交面积:广州（2021年1月25日）,万平方米,1.29
1271,广东省,,,2021,商品房:成交面积:广州（2021年1月26日）,万平方米,1.08
1272,广东省,,,2021,商品房:成交面积:广州（2021年1月27日）,万平方米,0.14
1273,广东省,,,2021,商品房:成交面积:广州（2021年1月28日）,万平方米,0.02
1274,广东省,,,2021,商品房:成交面积:广州（2021年1月29日）,万平方米,0.02
1275,广东省,,,2021,商品房:成交面积:广州（2021年1月2日）,万平方米,1.71
1276,广东省,,,2021,商品房:成交面积:广州（2021年1月30日）,万平方米,0.02
1277,广东省,,,2021,商品房:成交面积:广州（2021年1月31日）,万平方米,0.07
1278,广东省,,,2021,商品房:成交面积:广州（2021年1月3日）,万平方米,2.66
1279,广东省,,,2021,商品房:成交面积:广州（2021年1月4日）,万平方米,3.27
1280,广东省,,,2021,商品房:成交面积:广州（2021年1月5日）,万平方米,2.92
1281,广东省,,,2021,商品房:成交面积:广州（2021年1月6日）,万平方米,5.2
1282,广东省,,,2021,商品房:成交面积:广州（2021年1月7日）,万平方米,4.21
1283,广东省,,,2021,商品房:成交面积:广州（2021年1月8日）,万平方米,3.48
1284,广东省,,,2021,商品房:成交面积:广州（2021年1月9日）,万平方米,4.25
1285,广东省,,,2021,商品房:成交面积:广州（2021年2月10日）,万平方米,4.41
1286,广东省,,,2021,商品房:成交面积:广州（2021年2月11日）,万平方米,3.32
1287,广东省,,,2021,商品房:成交面积:广州（2021年2月12日）,万平方米,2.5
1288,广东省,,,2021,商品房:成交面积:广州（2021年2月13日）,万平方米,2.73
1289,广东省,,,2021,商品房:成交面积:广州（2021年2月14日）,万平方米,3.53
1290,广东省,,,2021,商品房:成交面积:广州（2021年2月15日）,万平方米,3.7
1291,广东省,,,2021,商品房:成交面积:广州（2021年2月16日）,万平方米,2.91
1292,广东省,,,2021,商品房:成交面积:广州（2021年2月17日）,万平方米,5.0
1293,广东省,,,2021,商品房:成交面积:广州（2021年2月18日）,万平方米,4.63
1294,广东省,,,2021,商品房:成交面积:广州（2021年2月19日）,万平方米,4.37
1295,广东省,,,2021,商品房:成交面积:广州（2021年2月20日）,万平方米,4.36
1296,广东省,,,2021,商品房:成交面积:广州（2021年2月21日）,万平方米,4.34
1297,广东省,,,2021,商品房:成交面积:广州（2021年2月22日）,万平方米,3.6
1298,广东省,,,2021,商品房:成交面积:广州（2021年2月23日）,万平方米,4.02
1299,广东省,,,2021,商品房:成交面积:广州（2021年2月24日）,万平方米,4.85
1300,广东省,,,2021,商品房:成交面积:广州（2021年2月25日）,万平方米,5.97
1301,广东省,,,2021,商品房:成交面积:广州（2021年2月26日）,万平方米,5.89
1302,广东省,,,2021,商品房:成交面积:广州（2021年2月27日）,万平方米,5.92
1303,广东省,,,2021,商品房:成交面积:广州（2021年2月28日）,万平方米,7.72
1304,广东省,,,2021,商品房:成交面积:广州（2021年2月2日）,万平方米,0.15
1305,广东省,,,2021,商品房:成交面积:广州（2021年2月3日）,万平方米,0.34
1306,广东省,,,2021,商品房:成交面积:广州（2021年2月4日）,万平方米,1.14
1307,广东省,,,2021,商品房:成交面积:广州（2021年2月5日）,万平方米,1.65
1308,广东省,,,2021,商品房:成交面积:广州（2021年2月6日）,万平方米,2.06
1309,广东省,,,2021,商品房:成交面积:广州（2021年2月7日）,万平方米,2.42
1310,广东省,,,2021,商品房:成交面积:广州（2021年2月8日）,万平方米,2.91
1311,广东省,,,2021,商品房:成交面积:广州（2021年2月9日）,万平方米,3.27
1312,广东省,,,2021,商品房:成交面积:广州（2021年3月10日）,万平方米,6.54
1313,广东省,,,2021,商品房:成交面积:广州（2021年3月11日）,万平方米,7.32
1314,广东省,,,2021,商品房:成交面积:广州（2021年3月12日）,万平方米,4.64
1315,广东省,,,2021,商品房:成交面积:广州（2021年3月13日）,万平方米,3.45
1316,广东省,,,2021,商品房:成交面积:广州（2021年3月14日）,万平方米,3.93
1317,广东省,,,2021,商品房:成交面积:广州（2021年3月15日）,万平方米,4.58
1318,广东省,,,2021,商品房:成交面积:广州（2021年3月16日）,万平方米,5.32
1319,广东省,,,2021,商品房:成交面积:广州（2021年3月17日）,万平方米,7.61
1320,广东省,,,2021,商品房:成交面积:广州（2021年3月18日）,万平方米,9.59
1321,广东省,,,2021,商品房:成交面积:广州（2021年3月19日）,万平方米,6.12
1322,广东省,,,2021,商品房:成交面积:广州（2021年3月1日）,万平方米,4.63
1323,广东省,,,2021,商品房:成交面积:广州（2021年3月20日）,万平方米,5.82
1324,广东省,,,2021,商品房:成交面积:广州（2021年3月21日）,万平方米,5.55
1325,广东省,,,2021,商品房:成交面积:广州（2021年3月22日）,万平方米,5.6
1326,广东省,,,2021,商品房:成交面积:广州（2021年3月23日）,万平方米,6.03
1327,广东省,,,2021,商品房:成交面积:广州（2021年3月24日）,万平方米,6.78
1328,广东省,,,2021,商品房:成交面积:广州（2021年3月25日）,万平方米,9.61
1329,广东省,,,2021,商品房:成交面积:广州（2021年3月26日）,万平方米,8.28
1330,广东省,,,2021,商品房:成交面积:广州（2021年3月27日）,万平方米,10.3
1331,广东省,,,2021,商品房:成交面积:广州（2021年3月28日）,万平方米,10.58
1332,广东省,,,2021,商品房:成交面积:广州（2021年3月29日）,万平方米,12.2
1333,广东省,,,2021,商品房:成交面积:广州（2021年3月2日）,万平方米,4.75
1334,广东省,,,2021,商品房:成交面积:广州（2021年3月30日）,万平方米,26.28
1335,广东省,,,2021,商品房:成交面积:广州（2021年3月31日）,万平方米,16.29
1336,广东省,,,2021,商品房:成交面积:广州（2021年3月3日）,万平方米,6.33
1337,广东省,,,2021,商品房:成交面积:广州（2021年3月4日）,万平方米,6.68
1338,广东省,,,2021,商品房:成交面积:广州（2021年3月5日）,万平方米,3.88
1339,广东省,,,2021,商品房:成交面积:广州（2021年3月6日）,万平方米,3.8
1340,广东省,,,2021,商品房:成交面积:广州（2021年3月7日）,万平方米,4.61
1341,广东省,,,2021,商品房:成交面积:广州（2021年3月8日）,万平方米,5.13
1342,广东省,,,2021,商品房:成交面积:广州（2021年3月9日）,万平方米,5.22
1343,广东省,,,2021,商品房:成交面积:广州（2021年4月10日）,万平方米,2.79
1344,广东省,,,2021,商品房:成交面积:广州（2021年4月11日）,万平方米,4.39
1345,广东省,,,2021,商品房:成交面积:广州（2021年4月12日）,万平方米,2.95
1346,广东省,,,2021,商品房:成交面积:广州（2021年4月13日）,万平方米,2.72
1347,广东省,,,2021,商品房:成交面积:广州（2021年4月14日）,万平方米,3.3
1348,广东省,,,2021,商品房:成交面积:广州（2021年4月15日）,万平方米,4.36
1349,广东省,,,2021,商品房:成交面积:广州（2021年4月16日）,万平方米,2.57
1350,广东省,,,2021,商品房:成交面积:广州（2021年4月17日）,万平方米,2.96
1351,广东省,,,2021,商品房:成交面积:广州（2021年4月18日）,万平方米,3.16
1352,广东省,,,2021,商品房:成交面积:广州（2021年4月19日）,万平方米,2.7
1353,广东省,,,2021,商品房:成交面积:广州（2021年4月1日）,万平方米,7.96
1354,广东省,,,2021,商品房:成交面积:广州（2021年4月20日）,万平方米,3.63
1355,广东省,,,2021,商品房:成交面积:广州（2021年4月21日）,万平方米,3.13
1356,广东省,,,2021,商品房:成交面积:广州（2021年4月22日）,万平方米,2.0
1357,广东省,,,2021,商品房:成交面积:广州（2021年4月23日）,万平方米,3.46
1358,广东省,,,2021,商品房:成交面积:广州（2021年4月24日）,万平方米,3.48
1359,广东省,,,2021,商品房:成交面积:广州（2021年4月25日）,万平方米,3.95
1360,广东省,,,2021,商品房:成交面积:广州（2021年4月26日）,万平方米,6.01
1361,广东省,,,2021,商品房:成交面积:广州（2021年4月27日）,万平方米,4.38
1362,广东省,,,2021,商品房:成交面积:广州（2021年4月28日）,万平方米,5.92
1363,广东省,,,2021,商品房:成交面积:广州（2021年4月29日）,万平方米,5.86
1364,广东省,,,2021,商品房:成交面积:广州（2021年4月2日）,万平方米,4.4
1365,广东省,,,2021,商品房:成交面积:广州（2021年4月30日）,万平方米,4.3
1366,广东省,,,2021,商品房:成交面积:广州（2021年4月3日）,万平方米,1.96
1367,广东省,,,2021,商品房:成交面积:广州（2021年4月4日）,万平方米,0.87
1368,广东省,,,2021,商品房:成交面积:广州（2021年4月5日）,万平方米,2.85
1369,广东省,,,2021,商品房:成交面积:广州（2021年4月6日）,万平方米,3.98
1370,广东省,,,2021,商品房:成交面积:广州（2021年4月7日）,万平方米,4.28
1371,广东省,,,2021,商品房:成交面积:广州（2021年4月8日）,万平方米,5.81
1372,广东省,,,2021,商品房:成交面积:广州（2021年4月9日）,万平方米,3.41
1373,广东省,,,2021,商品房:成交面积:广州（2021年5月10日）,万平方米,2.88
1374,广东省,,,2021,商品房:成交面积:广州（2021年5月11日）,万平方米,2.74
1375,广东省,,,2021,商品房:成交面积:广州（2021年5月12日）,万平方米,2.97
1376,广东省,,,2021,商品房:成交面积:广州（2021年5月13日）,万平方米,3.59
1377,广东省,,,2021,商品房:成交面积:广州（2021年5月14日）,万平方米,3.95
1378,广东省,,,2021,商品房:成交面积:广州（2021年5月15日）,万平方米,1.59
1379,广东省,,,2021,商品房:成交面积:广州（2021年5月16日）,万平方米,2.35
1380,广东省,,,2021,商品房:成交面积:广州（2021年5月17日）,万平方米,1.98
1381,广东省,,,2021,商品房:成交面积:广州（2021年5月18日）,万平方米,2.11
1382,广东省,,,2021,商品房:成交面积:广州（2021年5月19日）,万平方米,2.41
1383,广东省,,,2021,商品房:成交面积:广州（2021年5月1日）,万平方米,1.58
1384,广东省,,,2021,商品房:成交面积:广州（2021年5月20日）,万平方米,2.99
1385,广东省,,,2021,商品房:成交面积:广州（2021年5月21日）,万平方米,4.94
1386,广东省,,,2021,商品房:成交面积:广州（2021年5月22日）,万平方米,1.95
1387,广东省,,,2021,商品房:成交面积:广州（2021年5月23日）,万平方米,2.42
1388,广东省,,,2021,商品房:成交面积:广州（2021年5月24日）,万平方米,2.34
1389,广东省,,,2021,商品房:成交面积:广州（2021年5月25日）,万平方米,2.5
1390,广东省,,,2021,商品房:成交面积:广州（2021年5月26日）,万平方米,3.84
1391,广东省,,,2021,商品房:成交面积:广州（2021年5月27日）,万平方米,2.81
1392,广东省,,,2021,商品房:成交面积:广州（2021年5月28日）,万平方米,1.71
1393,广东省,,,2021,商品房:成交面积:广州（2021年5月29日）,万平方米,1.0
1394,广东省,,,2021,商品房:成交面积:广州（2021年5月2日）,万平方米,4.57
1395,广东省,,,2021,商品房:成交面积:广州（2021年5月30日）,万平方米,0.63
1396,广东省,,,2021,商品房:成交面积:广州（2021年5月31日）,万平方米,2.95
1397,广东省,,,2021,商品房:成交面积:广州（2021年5月3日）,万平方米,4.0
1398,广东省,,,2021,商品房:成交面积:广州（2021年5月4日）,万平方米,3.07
1399,广东省,,,2021,商品房:成交面积:广州（2021年5月5日）,万平方米,5.02
1400,广东省,,,2021,商品房:成交面积:广州（2021年5月6日）,万平方米,4.94
1401,广东省,,,2021,商品房:成交面积:广州（2021年5月7日）,万平方米,2.06
1402,广东省,,,2021,商品房:成交面积:广州（2021年5月8日）,万平方米,2.92
1403,广东省,,,2021,商品房:成交面积:广州（2021年5月9日）,万平方米,2.54
1404,广东省,,,2021,商品房:成交面积:广州（2021年6月10日）,万平方米,2.76
1405,广东省,,,2021,商品房:成交面积:广州（2021年6月11日）,万平方米,1.65
1406,广东省,,,2021,商品房:成交面积:广州（2021年6月12日）,万平方米,1.28
1407,广东省,,,2021,商品房:成交面积:广州（2021年6月13日）,万平方米,1.41
1408,广东省,,,2021,商品房:成交面积:广州（2021年6月14日）,万平方米,1.74
1409,广东省,,,2021,商品房:成交面积:广州（2021年6月15日）,万平方米,1.87
1410,广东省,,,2021,商品房:成交面积:广州（2021年6月16日）,万平方米,2.49
1411,广东省,,,2021,商品房:成交面积:广州（2021年6月17日）,万平方米,3.22
1412,广东省,,,2021,商品房:成交面积:广州（2021年6月18日）,万平方米,2.15
1413,广东省,,,2021,商品房:成交面积:广州（2021年6月19日）,万平方米,2.54
1414,广东省,,,2021,商品房:成交面积:广州（2021年6月1日）,万平方米,1.68
1415,广东省,,,2021,商品房:成交面积:广州（2021年6月20日）,万平方米,2.72
1416,广东省,,,2021,商品房:成交面积:广州（2021年6月21日）,万平方米,3.05
1417,广东省,,,2021,商品房:成交面积:广州（2021年6月22日）,万平方米,2.22
1418,广东省,,,2021,商品房:成交面积:广州（2021年6月23日）,万平方米,3.7
1419,广东省,,,2021,商品房:成交面积:广州（2021年6月24日）,万平方米,3.1
1420,广东省,,,2021,商品房:成交面积:广州（2021年6月25日）,万平方米,2.57
1421,广东省,,,2021,商品房:成交面积:广州（2021年6月26日）,万平方米,6.34
1422,广东省,,,2021,商品房:成交面积:广州（2021年6月27日）,万平方米,8.37
1423,广东省,,,2021,商品房:成交面积:广州（2021年6月28日）,万平方米,4.31
1424,广东省,,,2021,商品房:成交面积:广州（2021年6月29日）,万平方米,4.65
1425,广东省,,,2021,商品房:成交面积:广州（2021年6月2日）,万平方米,2.01
1426,广东省,,,2021,商品房:成交面积:广州（2021年6月30日）,万平方米,5.24
1427,广东省,,,2021,商品房:成交面积:广州（2021年6月3日）,万平方米,2.0
1428,广东省,,,2021,商品房:成交面积:广州（2021年6月4日）,万平方米,1.51
1429,广东省,,,2021,商品房:成交面积:广州（2021年6月5日）,万平方米,2.35
1430,广东省,,,2021,商品房:成交面积:广州（2021年6月6日）,万平方米,2.03
1431,广东省,,,2021,商品房:成交面积:广州（2021年6月7日）,万平方米,1.82
1432,广东省,,,2021,商品房:成交面积:广州（2021年6月8日）,万平方米,2.29
1433,广东省,,,2021,商品房:成交面积:广州（2021年6月9日）,万平方米,3.58
1434,广东省,,,2021,商品房:成交面积:广州（2021年7月10日）,万平方米,1.52
1435,广东省,,,2021,商品房:成交面积:广州（2021年7月11日）,万平方米,2.91
1436,广东省,,,2021,商品房:成交面积:广州（2021年7月12日）,万平方米,1.57
1437,广东省,,,2021,商品房:成交面积:广州（2021年7月13日）,万平方米,1.89
1438,广东省,,,2021,商品房:成交面积:广州（2021年7月14日）,万平方米,1.95
1439,广东省,,,2021,商品房:成交面积:广州（2021年7月15日）,万平方米,2.11
1440,广东省,,,2021,商品房:成交面积:广州（2021年7月16日）,万平方米,1.31
1441,广东省,,,2021,商品房:成交面积:广州（2021年7月17日）,万平方米,1.75
1442,广东省,,,2021,商品房:成交面积:广州（2021年7月18日）,万平方米,1.86
1443,广东省,,,2021,商品房:成交面积:广州（2021年7月19日）,万平方米,1.74
1444,广东省,,,2021,商品房:成交面积:广州（2021年7月1日）,万平方米,2.32
1445,广东省,,,2021,商品房:成交面积:广州（2021年7月20日）,万平方米,2.65
1446,广东省,,,2021,商品房:成交面积:广州（2021年7月21日）,万平方米,2.96
1447,广东省,,,2021,商品房:成交面积:广州（2021年7月22日）,万平方米,1.4
1448,广东省,,,2021,商品房:成交面积:广州（2021年7月23日）,万平方米,0.88
1449,广东省,,,2021,商品房:成交面积:广州（2021年7月24日）,万平方米,1.05
1450,广东省,,,2021,商品房:成交面积:广州（2021年7月25日）,万平方米,1.17
1451,广东省,,,2021,商品房:成交面积:广州（2021年7月26日）,万平方米,1.32
1452,广东省,,,2021,商品房:成交面积:广州（2021年7月27日）,万平方米,1.41
1453,广东省,,,2021,商品房:成交面积:广州（2021年7月28日）,万平方米,2.2
1454,广东省,,,2021,商品房:成交面积:广州（2021年7月29日）,万平方米,2.93
1455,广东省,,,2021,商品房:成交面积:广州（2021年7月2日）,万平方米,1.2
1456,广东省,,,2021,商品房:成交面积:广州（2021年7月30日）,万平方米,2.35
1457,广东省,,,2021,商品房:成交面积:广州（2021年7月31日）,万平方米,4.03
1458,广东省,,,2021,商品房:成交面积:广州（2021年7月3日）,万平方米,2.57
1459,广东省,,,2021,商品房:成交面积:广州（2021年7月4日）,万平方米,1.85
1460,广东省,,,2021,商品房:成交面积:广州（2021年7月5日）,万平方米,1.95
1461,广东省,,,2021,商品房:成交面积:广州（2021年7月6日）,万平方米,2.11
1462,广东省,,,2021,商品房:成交面积:广州（2021年7月7日）,万平方米,2.2
1463,广东省,,,2021,商品房:成交面积:广州（2021年7月8日）,万平方米,2.93
1464,广东省,,,2021,商品房:成交面积:广州（2021年7月9日）,万平方米,1.9
1465,广东省,,,2021,商品房:成交面积:广州（2021年8月10日）,万平方米,1.65
1466,广东省,,,2021,商品房:成交面积:广州（2021年8月11日）,万平方米,2.46
1467,广东省,,,2021,商品房:成交面积:广州（2021年8月12日）,万平方米,2.67
1468,广东省,,,2021,商品房:成交面积:广州（2021年8月13日）,万平方米,0.99
1469,广东省,,,2021,商品房:成交面积:广州（2021年8月14日）,万平方米,1.57
1470,广东省,,,2021,商品房:成交面积:广州（2021年8月15日）,万平方米,1.57
1471,广东省,,,2021,商品房:成交面积:广州（2021年8月16日）,万平方米,1.56
1472,广东省,,,2021,商品房:成交面积:广州（2021年8月17日）,万平方米,1.83
1473,广东省,,,2021,商品房:成交面积:广州（2021年8月18日）,万平方米,4.31
1474,广东省,,,2021,商品房:成交面积:广州（2021年8月19日）,万平方米,2.0
1475,广东省,,,2021,商品房:成交面积:广州（2021年8月1日）,万平方米,2.31
1476,广东省,,,2021,商品房:成交面积:广州（2021年8月20日）,万平方米,1.48
1477,广东省,,,2021,商品房:成交面积:广州（2021年8月21日）,万平方米,4.75
1478,广东省,,,2021,商品房:成交面积:广州（2021年8月22日）,万平方米,2.64
1479,广东省,,,2021,商品房:成交面积:广州（2021年8月23日）,万平方米,2.73
1480,广东省,,,2021,商品房:成交面积:广州（2021年8月24日）,万平方米,2.25
1481,广东省,,,2021,商品房:成交面积:广州（2021年8月25日）,万平方米,3.52
1482,广东省,,,2021,商品房:成交面积:广州（2021年8月26日）,万平方米,2.24
1483,广东省,,,2021,商品房:成交面积:广州（2021年8月27日）,万平方米,1.3
1484,广东省,,,2021,商品房:成交面积:广州（2021年8月28日）,万平方米,2.23
1485,广东省,,,2021,商品房:成交面积:广州（2021年8月29日）,万平方米,2.85
1486,广东省,,,2021,商品房:成交面积:广州（2021年8月2日）,万平方米,1.57
1487,广东省,,,2021,商品房:成交面积:广州（2021年8月30日）,万平方米,3.09
1488,广东省,,,2021,商品房:成交面积:广州（2021年8月31日）,万平方米,3.02
1489,广东省,,,2021,商品房:成交面积:广州（2021年8月3日）,万平方米,1.77
1490,广东省,,,2021,商品房:成交面积:广州（2021年8月4日）,万平方米,2.08
1491,广东省,,,2021,商品房:成交面积:广州（2021年8月5日）,万平方米,1.83
1492,广东省,,,2021,商品房:成交面积:广州（2021年8月6日）,万平方米,1.33
1493,广东省,,,2021,商品房:成交面积:广州（2021年8月7日）,万平方米,1.83
1494,广东省,,,2021,商品房:成交面积:广州（2021年8月8日）,万平方米,2.57
1495,广东省,,,2021,商品房:成交面积:广州（2021年8月9日）,万平方米,1.76
1496,广东省,,,2021,商品房:成交面积:广州（2021年9月10日）,万平方米,1.32
1497,广东省,,,2021,商品房:成交面积:广州（2021年9月11日）,万平方米,1.77
1498,广东省,,,2021,商品房:成交面积:广州（2021年9月12日）,万平方米,1.66
1499,广东省,,,2021,商品房:成交面积:广州（2021年9月13日）,万平方米,1.62
1500,广东省,,,2021,商品房:成交面积:广州（2021年9月14日）,万平方米,2.34
1501,广东省,,,2021,商品房:成交面积:广州（2021年9月15日）,万平方米,2.25
1502,广东省,,,2021,商品房:成交面积:广州（2021年9月16日）,万平方米,2.45
1503,广东省,,,2021,商品房:成交面积:广州（2021年9月17日）,万平方米,1.37
1504,广东省,,,2021,商品房:成交面积:广州（2021年9月18日）,万平方米,1.73
1505,广东省,,,2021,商品房:成交面积:广州（2021年9月19日）,万平方米,1.75
1506,广东省,,,2021,商品房:成交面积:广州（2021年9月1日）,万平方米,1.63
1507,广东省,,,2021,商品房:成交面积:广州（2021年9月20日）,万平方米,1.56
1508,广东省,,,2021,商品房:成交面积:广州（2021年9月21日）,万平方米,2.14
1509,广东省,,,2021,商品房:成交面积:广州（2021年9月22日）,万平方米,3.29
1510,广东省,,,2021,商品房:成交面积:广州（2021年9月23日）,万平方米,3.85
1511,广东省,,,2021,商品房:成交面积:广州（2021年9月24日）,万平方米,2.43
1512,广东省,,,2021,商品房:成交面积:广州（2021年9月25日）,万平方米,3.22
1513,广东省,,,2021,商品房:成交面积:广州（2021年9月26日）,万平方米,3.05
1514,广东省,,,2021,商品房:成交面积:广州（2021年9月27日）,万平方米,6.63
1515,广东省,,,2021,商品房:成交面积:广州（2021年9月28日）,万平方米,4.63
1516,广东省,,,2021,商品房:成交面积:广州（2021年9月29日）,万平方米,3.61
1517,广东省,,,2021,商品房:成交面积:广州（2021年9月2日）,万平方米,1.7
1518,广东省,,,2021,商品房:成交面积:广州（2021年9月30日）,万平方米,7.56
1519,广东省,,,2021,商品房:成交面积:广州（2021年9月3日）,万平方米,1.18
1520,广东省,,,2021,商品房:成交面积:广州（2021年9月4日）,万平方米,1.99
1521,广东省,,,2021,商品房:成交面积:广州（2021年9月5日）,万平方米,2.37
1522,广东省,,,2021,商品房:成交面积:广州（2021年9月6日）,万平方米,2.25
1523,广东省,,,2021,商品房:成交面积:广州（2021年9月7日）,万平方米,1.1
1524,广东省,,,2021,商品房:成交面积:广州（2021年9月8日）,万平方米,1.83
1525,广东省,,,2021,商品房:成交面积:广州（2021年9月9日）,万平方米,2.32
1526,广东省,,,2021,商品房:成交面积:深圳（2021年10月10日）,万平方米,1.61
1527,广东省,,,2021,商品房:成交面积:深圳（2021年10月11日）,万平方米,2.02
1528,广东省,,,2021,商品房:成交面积:深圳（2021年10月12日）,万平方米,2.2
1529,广东省,,,2021,商品房:成交面积:深圳（2021年10月13日）,万平方米,1.72
1530,广东省,,,2021,商品房:成交面积:深圳（2021年10月14日）,万平方米,1.51
1531,广东省,,,2021,商品房:成交面积:深圳（2021年10月15日）,万平方米,1.63
1532,广东省,,,2021,商品房:成交面积:深圳（2021年10月16日）,万平方米,1.34
1533,广东省,,,2021,商品房:成交面积:深圳（2021年10月17日）,万平方米,1.58
1534,广东省,,,2021,商品房:成交面积:深圳（2021年10月18日）,万平方米,1.9
1535,广东省,,,2021,商品房:成交面积:深圳（2021年10月19日）,万平方米,1.42
1536,广东省,,,2021,商品房:成交面积:深圳（2021年10月1日）,万平方米,0.8
1537,广东省,,,2021,商品房:成交面积:深圳（2021年10月20日）,万平方米,1.51
1538,广东省,,,2021,商品房:成交面积:深圳（2021年10月21日）,万平方米,1.11
1539,广东省,,,2021,商品房:成交面积:深圳（2021年10月22日）,万平方米,1.16
1540,广东省,,,2021,商品房:成交面积:深圳（2021年10月23日）,万平方米,1.09
1541,广东省,,,2021,商品房:成交面积:深圳（2021年10月24日）,万平方米,1.36
1542,广东省,,,2021,商品房:成交面积:深圳（2021年10月25日）,万平方米,1.42
1543,广东省,,,2021,商品房:成交面积:深圳（2021年10月26日）,万平方米,1.46
1544,广东省,,,2021,商品房:成交面积:深圳（2021年10月27日）,万平方米,1.47
1545,广东省,,,2021,商品房:成交面积:深圳（2021年10月28日）,万平方米,1.03
1546,广东省,,,2021,商品房:成交面积:深圳（2021年10月29日）,万平方米,1.0
1547,广东省,,,2021,商品房:成交面积:深圳（2021年10月2日）,万平方米,0.74
1548,广东省,,,2021,商品房:成交面积:深圳（2021年10月30日）,万平方米,1.41
1549,广东省,,,2021,商品房:成交面积:深圳（2021年10月31日）,万平方米,1.75
1550,广东省,,,2021,商品房:成交面积:深圳（2021年10月5日）,万平方米,0.52
1551,广东省,,,2021,商品房:成交面积:深圳（2021年10月6日）,万平方米,0.61
1552,广东省,,,2021,商品房:成交面积:深圳（2021年10月7日）,万平方米,0.72
1553,广东省,,,2021,商品房:成交面积:深圳（2021年10月8日）,万平方米,0.58
1554,广东省,,,2021,商品房:成交面积:深圳（2021年10月9日）,万平方米,1.3
1555,广东省,,,2021,商品房:成交面积:深圳（2021年11月10日）,万平方米,1.39
1556,广东省,,,2021,商品房:成交面积:深圳（2021年11月11日）,万平方米,1.05
1557,广东省,,,2021,商品房:成交面积:深圳（2021年11月12日）,万平方米,1.48
1558,广东省,,,2021,商品房:成交面积:深圳（2021年11月13日）,万平方米,1.74
1559,广东省,,,2021,商品房:成交面积:深圳（2021年11月14日）,万平方米,1.44
1560,广东省,,,2021,商品房:成交面积:深圳（2021年11月15日）,万平方米,1.18
1561,广东省,,,2021,商品房:成交面积:深圳（2021年11月16日）,万平方米,1.39
1562,广东省,,,2021,商品房:成交面积:深圳（2021年11月17日）,万平方米,1.11
1563,广东省,,,2021,商品房:成交面积:深圳（2021年11月18日）,万平方米,0.83
1564,广东省,,,2021,商品房:成交面积:深圳（2021年11月19日）,万平方米,1.01
1565,广东省,,,2021,商品房:成交面积:深圳（2021年11月1日）,万平方米,1.65
1566,广东省,,,2021,商品房:成交面积:深圳（2021年11月20日）,万平方米,0.87
1567,广东省,,,2021,商品房:成交面积:深圳（2021年11月21日）,万平方米,1.06
1568,广东省,,,2021,商品房:成交面积:深圳（2021年11月22日）,万平方米,1.18
1569,广东省,,,2021,商品房:成交面积:深圳（2021年11月23日）,万平方米,1.18
1570,广东省,,,2021,商品房:成交面积:深圳（2021年11月24日）,万平方米,1.53
1571,广东省,,,2021,商品房:成交面积:深圳（2021年11月25日）,万平方米,1.18
1572,广东省,,,2021,商品房:成交面积:深圳（2021年11月26日）,万平方米,0.99
1573,广东省,,,2021,商品房:成交面积:深圳（2021年11月27日）,万平方米,1.26
1574,广东省,,,2021,商品房:成交面积:深圳（2021年11月28日）,万平方米,1.46
1575,广东省,,,2021,商品房:成交面积:深圳（2021年11月29日）,万平方米,1.46
1576,广东省,,,2021,商品房:成交面积:深圳（2021年11月2日）,万平方米,1.94
1577,广东省,,,2021,商品房:成交面积:深圳（2021年11月30日）,万平方米,1.31
1578,广东省,,,2021,商品房:成交面积:深圳（2021年11月3日）,万平方米,1.78
1579,广东省,,,2021,商品房:成交面积:深圳（2021年11月4日）,万平方米,1.5
1580,广东省,,,2021,商品房:成交面积:深圳（2021年11月5日）,万平方米,1.03
1581,广东省,,,2021,商品房:成交面积:深圳（2021年11月6日）,万平方米,1.32
1582,广东省,,,2021,商品房:成交面积:深圳（2021年11月7日）,万平方米,1.29
1583,广东省,,,2021,商品房:成交面积:深圳（2021年11月8日）,万平方米,1.42
1584,广东省,,,2021,商品房:成交面积:深圳（2021年11月9日）,万平方米,1.45
1585,广东省,,,2021,商品房:成交面积:深圳（2021年12月10日）,万平方米,1.2
1586,广东省,,,2021,商品房:成交面积:深圳（2021年12月11日）,万平方米,2.05
1587,广东省,,,2021,商品房:成交面积:深圳（2021年12月12日）,万平方米,1.55
1588,广东省,,,2021,商品房:成交面积:深圳（2021年12月13日）,万平方米,1.75
1589,广东省,,,2021,商品房:成交面积:深圳（2021年12月14日）,万平方米,1.44
1590,广东省,,,2021,商品房:成交面积:深圳（2021年12月15日）,万平方米,1.55
1591,广东省,,,2021,商品房:成交面积:深圳（2021年12月16日）,万平方米,1.37
1592,广东省,,,2021,商品房:成交面积:深圳（2021年12月17日）,万平方米,1.33
1593,广东省,,,2021,商品房:成交面积:深圳（2021年12月18日）,万平方米,2.36
1594,广东省,,,2021,商品房:成交面积:深圳（2021年12月19日）,万平方米,2.22
1595,广东省,,,2021,商品房:成交面积:深圳（2021年12月1日）,万平方米,1.53
1596,广东省,,,2021,商品房:成交面积:深圳（2021年12月20日）,万平方米,2.46
1597,广东省,,,2021,商品房:成交面积:深圳（2021年12月21日）,万平方米,1.85
1598,广东省,,,2021,商品房:成交面积:深圳（2021年12月22日）,万平方米,1.53
1599,广东省,,,2021,商品房:成交面积:深圳（2021年12月23日）,万平方米,1.32
1600,广东省,,,2021,商品房:成交面积:深圳（2021年12月24日）,万平方米,1.05
1601,广东省,,,2021,商品房:成交面积:深圳（2021年12月25日）,万平方米,2.3
1602,广东省,,,2021,商品房:成交面积:深圳（2021年12月26日）,万平方米,2.79
1603,广东省,,,2021,商品房:成交面积:深圳（2021年12月27日）,万平方米,2.52
1604,广东省,,,2021,商品房:成交面积:深圳（2021年12月28日）,万平方米,3.13
1605,广东省,,,2021,商品房:成交面积:深圳（2021年12月29日）,万平方米,2.95
1606,广东省,,,2021,商品房:成交面积:深圳（2021年12月2日）,万平方米,2.52
1607,广东省,,,2021,商品房:成交面积:深圳（2021年12月30日）,万平方米,1.44
1608,广东省,,,2021,商品房:成交面积:深圳（2021年12月31日）,万平方米,0.71
1609,广东省,,,2021,商品房:成交面积:深圳（2021年12月3日）,万平方米,2.48
1610,广东省,,,2021,商品房:成交面积:深圳（2021年12月4日）,万平方米,2.34
1611,广东省,,,2021,商品房:成交面积:深圳（2021年12月5日）,万平方米,1.66
1612,广东省,,,2021,商品房:成交面积:深圳（2021年12月6日）,万平方米,2.0
1613,广东省,,,2021,商品房:成交面积:深圳（2021年12月7日）,万平方米,2.2
1614,广东省,,,2021,商品房:成交面积:深圳（2021年12月8日）,万平方米,1.79
1615,广东省,,,2021,商品房:成交面积:深圳（2021年12月9日）,万平方米,1.13
1616,广东省,,,2021,商品房:成交面积:深圳（2021年1月10日）,万平方米,1.24
1617,广东省,,,2021,商品房:成交面积:深圳（2021年1月11日）,万平方米,1.07
1618,广东省,,,2021,商品房:成交面积:深圳（2021年1月12日）,万平方米,0.85
1619,广东省,,,2021,商品房:成交面积:深圳（2021年1月13日）,万平方米,0.68
1620,广东省,,,2021,商品房:成交面积:深圳（2021年1月14日）,万平方米,0.81
1621,广东省,,,2021,商品房:成交面积:深圳（2021年1月15日）,万平方米,0.22
1622,广东省,,,2021,商品房:成交面积:深圳（2021年1月16日）,万平方米,0.56
1623,广东省,,,2021,商品房:成交面积:深圳（2021年1月17日）,万平方米,0.92
1624,广东省,,,2021,商品房:成交面积:深圳（2021年1月18日）,万平方米,0.52
1625,广东省,,,2021,商品房:成交面积:深圳（2021年1月19日）,万平方米,0.55
1626,广东省,,,2021,商品房:成交面积:深圳（2021年1月1日）,万平方米,0.14
1627,广东省,,,2021,商品房:成交面积:深圳（2021年1月20日）,万平方米,0.24
1628,广东省,,,2021,商品房:成交面积:深圳（2021年1月22日）,万平方米,0.03
1629,广东省,,,2021,商品房:成交面积:深圳（2021年1月23日）,万平方米,0.02
1630,广东省,,,2021,商品房:成交面积:深圳（2021年1月2日）,万平方米,1.62
1631,广东省,,,2021,商品房:成交面积:深圳（2021年1月3日）,万平方米,1.85
1632,广东省,,,2021,商品房:成交面积:深圳（2021年1月4日）,万平方米,2.51
1633,广东省,,,2021,商品房:成交面积:深圳（2021年1月5日）,万平方米,2.17
1634,广东省,,,2021,商品房:成交面积:深圳（2021年1月7日）,万平方米,1.88
1635,广东省,,,2021,商品房:成交面积:深圳（2021年1月8日）,万平方米,0.43
1636,广东省,,,2021,商品房:成交面积:深圳（2021年1月9日）,万平方米,0.61
1637,广东省,,,2021,商品房:成交面积:深圳（2021年2月10日）,万平方米,0.51
1638,广东省,,,2021,商品房:成交面积:深圳（2021年2月11日）,万平方米,0.21
1639,广东省,,,2021,商品房:成交面积:深圳（2021年2月12日）,万平方米,0.25
1640,广东省,,,2021,商品房:成交面积:深圳（2021年2月13日）,万平方米,0.87
1641,广东省,,,2021,商品房:成交面积:深圳（2021年2月14日）,万平方米,0.82
1642,广东省,,,2021,商品房:成交面积:深圳（2021年2月15日）,万平方米,1.02
1643,广东省,,,2021,商品房:成交面积:深圳（2021年2月16日）,万平方米,0.3
1644,广东省,,,2021,商品房:成交面积:深圳（2021年2月17日）,万平方米,0.76
1645,广东省,,,2021,商品房:成交面积:深圳（2021年2月18日）,万平方米,0.62
1646,广东省,,,2021,商品房:成交面积:深圳（2021年2月19日）,万平方米,0.36
1647,广东省,,,2021,商品房:成交面积:深圳（2021年2月20日）,万平方米,0.61
1648,广东省,,,2021,商品房:成交面积:深圳（2021年2月21日）,万平方米,5.63
1649,广东省,,,2021,商品房:成交面积:深圳（2021年2月22日）,万平方米,0.36
1650,广东省,,,2021,商品房:成交面积:深圳（2021年2月23日）,万平方米,0.49
1651,广东省,,,2021,商品房:成交面积:深圳（2021年2月24日）,万平方米,2.16
1652,广东省,,,2021,商品房:成交面积:深圳（2021年2月25日）,万平方米,1.87
1653,广东省,,,2021,商品房:成交面积:深圳（2021年2月26日）,万平方米,1.24
1654,广东省,,,2021,商品房:成交面积:深圳（2021年2月28日）,万平方米,1.19
1655,广东省,,,2021,商品房:成交面积:深圳（2021年2月3日）,万平方米,0.03
1656,广东省,,,2021,商品房:成交面积:深圳（2021年2月5日）,万平方米,0.06
1657,广东省,,,2021,商品房:成交面积:深圳（2021年2月6日）,万平方米,0.14
1658,广东省,,,2021,商品房:成交面积:深圳（2021年2月7日）,万平方米,0.72
1659,广东省,,,2021,商品房:成交面积:深圳（2021年2月8日）,万平方米,0.3
1660,广东省,,,2021,商品房:成交面积:深圳（2021年2月9日）,万平方米,0.44
1661,广东省,,,2021,商品房:成交面积:深圳（2021年3月10日）,万平方米,0.48
1662,广东省,,,2021,商品房:成交面积:深圳（2021年3月11日）,万平方米,0.34
1663,广东省,,,2021,商品房:成交面积:深圳（2021年3月12日）,万平方米,0.29
1664,广东省,,,2021,商品房:成交面积:深圳（2021年3月13日）,万平方米,0.25
1665,广东省,,,2021,商品房:成交面积:深圳（2021年3月14日）,万平方米,0.41
1666,广东省,,,2021,商品房:成交面积:深圳（2021年3月15日）,万平方米,0.65
1667,广东省,,,2021,商品房:成交面积:深圳（2021年3月16日）,万平方米,0.96
1668,广东省,,,2021,商品房:成交面积:深圳（2021年3月17日）,万平方米,1.08
1669,广东省,,,2021,商品房:成交面积:深圳（2021年3月18日）,万平方米,0.4
1670,广东省,,,2021,商品房:成交面积:深圳（2021年3月19日）,万平方米,0.25
1671,广东省,,,2021,商品房:成交面积:深圳（2021年3月1日）,万平方米,0.66
1672,广东省,,,2021,商品房:成交面积:深圳（2021年3月20日）,万平方米,1.22
1673,广东省,,,2021,商品房:成交面积:深圳（2021年3月21日）,万平方米,0.78
1674,广东省,,,2021,商品房:成交面积:深圳（2021年3月22日）,万平方米,0.53
1675,广东省,,,2021,商品房:成交面积:深圳（2021年3月23日）,万平方米,0.83
1676,广东省,,,2021,商品房:成交面积:深圳（2021年3月24日）,万平方米,0.37
1677,广东省,,,2021,商品房:成交面积:深圳（2021年3月25日）,万平方米,0.25
1678,广东省,,,2021,商品房:成交面积:深圳（2021年3月26日）,万平方米,0.38
1679,广东省,,,2021,商品房:成交面积:深圳（2021年3月27日）,万平方米,0.59
1680,广东省,,,2021,商品房:成交面积:深圳（2021年3月28日）,万平方米,0.62
1681,广东省,,,2021,商品房:成交面积:深圳（2021年3月29日）,万平方米,0.92
1682,广东省,,,2021,商品房:成交面积:深圳（2021年3月2日）,万平方米,0.43
1683,广东省,,,2021,商品房:成交面积:深圳（2021年3月30日）,万平方米,0.63
1684,广东省,,,2021,商品房:成交面积:深圳（2021年3月31日）,万平方米,1.46
1685,广东省,,,2021,商品房:成交面积:深圳（2021年3月3日）,万平方米,0.57
1686,广东省,,,2021,商品房:成交面积:深圳（2021年3月4日）,万平方米,0.25
1687,广东省,,,2021,商品房:成交面积:深圳（2021年3月5日）,万平方米,0.33
1688,广东省,,,2021,商品房:成交面积:深圳（2021年3月6日）,万平方米,0.59
1689,广东省,,,2021,商品房:成交面积:深圳（2021年3月7日）,万平方米,0.6
1690,广东省,,,2021,商品房:成交面积:深圳（2021年3月8日）,万平方米,0.66
1691,广东省,,,2021,商品房:成交面积:深圳（2021年3月9日）,万平方米,0.72
1692,广东省,,,2021,商品房:成交面积:深圳（2021年4月10日）,万平方米,0.81
1693,广东省,,,2021,商品房:成交面积:深圳（2021年4月11日）,万平方米,1.19
1694,广东省,,,2021,商品房:成交面积:深圳（2021年4月12日）,万平方米,1.57
1695,广东省,,,2021,商品房:成交面积:深圳（2021年4月13日）,万平方米,0.99
1696,广东省,,,2021,商品房:成交面积:深圳（2021年4月14日）,万平方米,1.06
1697,广东省,,,2021,商品房:成交面积:深圳（2021年4月15日）,万平方米,0.84
1698,广东省,,,2021,商品房:成交面积:深圳（2021年4月16日）,万平方米,1.16
1699,广东省,,,2021,商品房:成交面积:深圳（2021年4月17日）,万平方米,1.07
1700,广东省,,,2021,商品房:成交面积:深圳（2021年4月18日）,万平方米,1.05
1701,广东省,,,2021,商品房:成交面积:深圳（2021年4月19日）,万平方米,1.34
1702,广东省,,,2021,商品房:成交面积:深圳（2021年4月1日）,万平方米,2.25
1703,广东省,,,2021,商品房:成交面积:深圳（2021年4月20日）,万平方米,1.39
1704,广东省,,,2021,商品房:成交面积:深圳（2021年4月21日）,万平方米,0.84
1705,广东省,,,2021,商品房:成交面积:深圳（2021年4月22日）,万平方米,0.93
1706,广东省,,,2021,商品房:成交面积:深圳（2021年4月23日）,万平方米,0.89
1707,广东省,,,2021,商品房:成交面积:深圳（2021年4月24日）,万平方米,1.13
1708,广东省,,,2021,商品房:成交面积:深圳（2021年4月25日）,万平方米,1.43
1709,广东省,,,2021,商品房:成交面积:深圳（2021年4月26日）,万平方米,1.51
1710,广东省,,,2021,商品房:成交面积:深圳（2021年4月27日）,万平方米,1.95
1711,广东省,,,2021,商品房:成交面积:深圳（2021年4月28日）,万平方米,1.34
1712,广东省,,,2021,商品房:成交面积:深圳（2021年4月29日）,万平方米,0.93
1713,广东省,,,2021,商品房:成交面积:深圳（2021年4月2日）,万平方米,0.73
1714,广东省,,,2021,商品房:成交面积:深圳（2021年4月30日）,万平方米,0.67
1715,广东省,,,2021,商品房:成交面积:深圳（2021年4月3日）,万平方米,0.64
1716,广东省,,,2021,商品房:成交面积:深圳（2021年4月4日）,万平方米,0.52
1717,广东省,,,2021,商品房:成交面积:深圳（2021年4月5日）,万平方米,1.14
1718,广东省,,,2021,商品房:成交面积:深圳（2021年4月6日）,万平方米,1.15
1719,广东省,,,2021,商品房:成交面积:深圳（2021年4月7日）,万平方米,0.92
1720,广东省,,,2021,商品房:成交面积:深圳（2021年4月8日）,万平方米,0.52
1721,广东省,,,2021,商品房:成交面积:深圳（2021年4月9日）,万平方米,0.44
1722,广东省,,,2021,商品房:成交面积:深圳（2021年5月10日）,万平方米,1.47
1723,广东省,,,2021,商品房:成交面积:深圳（2021年5月11日）,万平方米,1.07
1724,广东省,,,2021,商品房:成交面积:深圳（2021年5月14日）,万平方米,0.28
1725,广东省,,,2021,商品房:成交面积:深圳（2021年5月15日）,万平方米,0.67
1726,广东省,,,2021,商品房:成交面积:深圳（2021年5月16日）,万平方米,1.22
1727,广东省,,,2021,商品房:成交面积:深圳（2021年5月17日）,万平方米,1.09
1728,广东省,,,2021,商品房:成交面积:深圳（2021年5月18日）,万平方米,0.75
1729,广东省,,,2021,商品房:成交面积:深圳（2021年5月19日）,万平方米,0.66
1730,广东省,,,2021,商品房:成交面积:深圳（2021年5月1日）,万平方米,1.48
1731,广东省,,,2021,商品房:成交面积:深圳（2021年5月20日）,万平方米,0.51
1732,广东省,,,2021,商品房:成交面积:深圳（2021年5月21日）,万平方米,0.7
1733,广东省,,,2021,商品房:成交面积:深圳（2021年5月22日）,万平方米,0.83
1734,广东省,,,2021,商品房:成交面积:深圳（2021年5月23日）,万平方米,1.02
1735,广东省,,,2021,商品房:成交面积:深圳（2021年5月24日）,万平方米,0.97
1736,广东省,,,2021,商品房:成交面积:深圳（2021年5月25日）,万平方米,1.01
1737,广东省,,,2021,商品房:成交面积:深圳（2021年5月26日）,万平方米,1.07
1738,广东省,,,2021,商品房:成交面积:深圳（2021年5月27日）,万平方米,1.08
1739,广东省,,,2021,商品房:成交面积:深圳（2021年5月28日）,万平方米,0.62
1740,广东省,,,2021,商品房:成交面积:深圳（2021年5月29日）,万平方米,0.75
1741,广东省,,,2021,商品房:成交面积:深圳（2021年5月2日）,万平方米,1.99
1742,广东省,,,2021,商品房:成交面积:深圳（2021年5月30日）,万平方米,0.3
1743,广东省,,,2021,商品房:成交面积:深圳（2021年5月31日）,万平方米,1.5
1744,广东省,,,2021,商品房:成交面积:深圳（2021年5月3日）,万平方米,2.85
1745,广东省,,,2021,商品房:成交面积:深圳（2021年5月4日）,万平方米,2.35
1746,广东省,,,2021,商品房:成交面积:深圳（2021年5月5日）,万平方米,1.89
1747,广东省,,,2021,商品房:成交面积:深圳（2021年5月6日）,万平方米,1.7
1748,广东省,,,2021,商品房:成交面积:深圳（2021年5月7日）,万平方米,1.15
1749,广东省,,,2021,商品房:成交面积:深圳（2021年5月8日）,万平方米,1.34
1750,广东省,,,2021,商品房:成交面积:深圳（2021年5月9日）,万平方米,1.5
1751,广东省,,,2021,商品房:成交面积:深圳（2021年6月11日）,万平方米,1.48
1752,广东省,,,2021,商品房:成交面积:深圳（2021年6月12日）,万平方米,1.56
1753,广东省,,,2021,商品房:成交面积:深圳（2021年6月13日）,万平方米,1.67
1754,广东省,,,2021,商品房:成交面积:深圳（2021年6月14日）,万平方米,1.56
1755,广东省,,,2021,商品房:成交面积:深圳（2021年6月15日）,万平方米,1.79
1756,广东省,,,2021,商品房:成交面积:深圳（2021年6月16日）,万平方米,1.55
1757,广东省,,,2021,商品房:成交面积:深圳（2021年6月17日）,万平方米,1.12
1758,广东省,,,2021,商品房:成交面积:深圳（2021年6月18日）,万平方米,1.39
1759,广东省,,,2021,商品房:成交面积:深圳（2021年6月19日）,万平方米,1.76
1760,广东省,,,2021,商品房:成交面积:深圳（2021年6月1日）,万平方米,1.23
1761,广东省,,,2021,商品房:成交面积:深圳（2021年6月20日）,万平方米,1.67
1762,广东省,,,2021,商品房:成交面积:深圳（2021年6月21日）,万平方米,1.28
1763,广东省,,,2021,商品房:成交面积:深圳（2021年6月22日）,万平方米,1.46
1764,广东省,,,2021,商品房:成交面积:深圳（2021年6月23日）,万平方米,1.23
1765,广东省,,,2021,商品房:成交面积:深圳（2021年6月24日）,万平方米,1.03
1766,广东省,,,2021,商品房:成交面积:深圳（2021年6月25日）,万平方米,1.13
1767,广东省,,,2021,商品房:成交面积:深圳（2021年6月26日）,万平方米,1.07
1768,广东省,,,2021,商品房:成交面积:深圳（2021年6月27日）,万平方米,1.29
1769,广东省,,,2021,商品房:成交面积:深圳（2021年6月28日）,万平方米,1.03
1770,广东省,,,2021,商品房:成交面积:深圳（2021年6月29日）,万平方米,0.94
1771,广东省,,,2021,商品房:成交面积:深圳（2021年6月2日）,万平方米,1.4
1772,广东省,,,2021,商品房:成交面积:深圳（2021年6月30日）,万平方米,0.86
1773,广东省,,,2021,商品房:成交面积:深圳（2021年6月3日）,万平方米,1.34
1774,广东省,,,2021,商品房:成交面积:深圳（2021年6月4日）,万平方米,1.13
1775,广东省,,,2021,商品房:成交面积:深圳（2021年6月5日）,万平方米,1.33
1776,广东省,,,2021,商品房:成交面积:深圳（2021年6月6日）,万平方米,1.62
1777,广东省,,,2021,商品房:成交面积:深圳（2021年6月7日）,万平方米,1.89
1778,广东省,,,2021,商品房:成交面积:深圳（2021年6月8日）,万平方米,1.29
1779,广东省,,,2021,商品房:成交面积:深圳（2021年6月9日）,万平方米,1.72
1780,广东省,,,2021,商品房:成交面积:深圳（2021年7月10日）,万平方米,0.91
1781,广东省,,,2021,商品房:成交面积:深圳（2021年7月12日）,万平方米,1.13
1782,广东省,,,2021,商品房:成交面积:深圳（2021年7月13日）,万平方米,1.4
1783,广东省,,,2021,商品房:成交面积:深圳（2021年7月14日）,万平方米,1.37
1784,广东省,,,2021,商品房:成交面积:深圳（2021年7月15日）,万平方米,1.39
1785,广东省,,,2021,商品房:成交面积:深圳（2021年7月16日）,万平方米,2.32
1786,广东省,,,2021,商品房:成交面积:深圳（2021年7月1日）,万平方米,1.23
1787,广东省,,,2021,商品房:成交面积:深圳（2021年7月24日）,万平方米,0.64
1788,广东省,,,2021,商品房:成交面积:深圳（2021年7月25日）,万平方米,0.74
1789,广东省,,,2021,商品房:成交面积:深圳（2021年7月26日）,万平方米,0.73
1790,广东省,,,2021,商品房:成交面积:深圳（2021年7月27日）,万平方米,0.99
1791,广东省,,,2021,商品房:成交面积:深圳（2021年7月28日）,万平方米,1.53
1792,广东省,,,2021,商品房:成交面积:深圳（2021年7月29日）,万平方米,0.64
1793,广东省,,,2021,商品房:成交面积:深圳（2021年7月2日）,万平方米,0.92
1794,广东省,,,2021,商品房:成交面积:深圳（2021年7月30日）,万平方米,0.38
1795,广东省,,,2021,商品房:成交面积:深圳（2021年7月31日）,万平方米,0.77
1796,广东省,,,2021,商品房:成交面积:深圳（2021年7月3日）,万平方米,1.14
1797,广东省,,,2021,商品房:成交面积:深圳（2021年7月4日）,万平方米,1.79
1798,广东省,,,2021,商品房:成交面积:深圳（2021年7月5日）,万平方米,1.32
1799,广东省,,,2021,商品房:成交面积:深圳（2021年7月6日）,万平方米,1.54
1800,广东省,,,2021,商品房:成交面积:深圳（2021年7月7日）,万平方米,1.18
1801,广东省,,,2021,商品房:成交面积:深圳（2021年7月8日）,万平方米,0.98
1802,广东省,,,2021,商品房:成交面积:深圳（2021年7月9日）,万平方米,0.9
1803,广东省,,,2021,商品房:成交面积:深圳（2021年8月10日）,万平方米,1.32
1804,广东省,,,2021,商品房:成交面积:深圳（2021年8月11日）,万平方米,1.12
1805,广东省,,,2021,商品房:成交面积:深圳（2021年8月12日）,万平方米,0.79
1806,广东省,,,2021,商品房:成交面积:深圳（2021年8月13日）,万平方米,1.27
1807,广东省,,,2021,商品房:成交面积:深圳（2021年8月14日）,万平方米,0.63
1808,广东省,,,2021,商品房:成交面积:深圳（2021年8月15日）,万平方米,0.84
1809,广东省,,,2021,商品房:成交面积:深圳（2021年8月16日）,万平方米,2.35
1810,广东省,,,2021,商品房:成交面积:深圳（2021年8月17日）,万平方米,1.02
1811,广东省,,,2021,商品房:成交面积:深圳（2021年8月18日）,万平方米,0.86
1812,广东省,,,2021,商品房:成交面积:深圳（2021年8月19日）,万平方米,0.7
1813,广东省,,,2021,商品房:成交面积:深圳（2021年8月1日）,万平方米,1.42
1814,广东省,,,2021,商品房:成交面积:深圳（2021年8月20日）,万平方米,0.81
1815,广东省,,,2021,商品房:成交面积:深圳（2021年8月21日）,万平方米,0.74
1816,广东省,,,2021,商品房:成交面积:深圳（2021年8月22日）,万平方米,0.74
1817,广东省,,,2021,商品房:成交面积:深圳（2021年8月23日）,万平方米,0.83
1818,广东省,,,2021,商品房:成交面积:深圳（2021年8月24日）,万平方米,0.82
1819,广东省,,,2021,商品房:成交面积:深圳（2021年8月25日）,万平方米,0.91
1820,广东省,,,2021,商品房:成交面积:深圳（2021年8月26日）,万平方米,0.85
1821,广东省,,,2021,商品房:成交面积:深圳（2021年8月27日）,万平方米,0.78
1822,广东省,,,2021,商品房:成交面积:深圳（2021年8月28日）,万平方米,0.87
1823,广东省,,,2021,商品房:成交面积:深圳（2021年8月29日）,万平方米,1.08
1824,广东省,,,2021,商品房:成交面积:深圳（2021年8月2日）,万平方米,1.66
1825,广东省,,,2021,商品房:成交面积:深圳（2021年8月30日）,万平方米,0.82
1826,广东省,,,2021,商品房:成交面积:深圳（2021年8月31日）,万平方米,1.51
1827,广东省,,,2021,商品房:成交面积:深圳（2021年8月3日）,万平方米,1.4
1828,广东省,,,2021,商品房:成交面积:深圳（2021年8月4日）,万平方米,0.96
1829,广东省,,,2021,商品房:成交面积:深圳（2021年8月5日）,万平方米,0.99
1830,广东省,,,2021,商品房:成交面积:深圳（2021年8月6日）,万平方米,0.89
1831,广东省,,,2021,商品房:成交面积:深圳（2021年8月7日）,万平方米,0.69
1832,广东省,,,2021,商品房:成交面积:深圳（2021年8月8日）,万平方米,1.02
1833,广东省,,,2021,商品房:成交面积:深圳（2021年8月9日）,万平方米,1.26
1834,广东省,,,2021,商品房:成交面积:深圳（2021年9月10日）,万平方米,1.06
1835,广东省,,,2021,商品房:成交面积:深圳（2021年9月11日）,万平方米,1.82
1836,广东省,,,2021,商品房:成交面积:深圳（2021年9月12日）,万平方米,1.37
1837,广东省,,,2021,商品房:成交面积:深圳（2021年9月13日）,万平方米,1.63
1838,广东省,,,2021,商品房:成交面积:深圳（2021年9月14日）,万平方米,2.2
1839,广东省,,,2021,商品房:成交面积:深圳（2021年9月15日）,万平方米,1.7
1840,广东省,,,2021,商品房:成交面积:深圳（2021年9月16日）,万平方米,1.16
1841,广东省,,,2021,商品房:成交面积:深圳（2021年9月17日）,万平方米,1.14
1842,广东省,,,2021,商品房:成交面积:深圳（2021年9月18日）,万平方米,1.33
1843,广东省,,,2021,商品房:成交面积:深圳（2021年9月19日）,万平方米,2.67
1844,广东省,,,2021,商品房:成交面积:深圳（2021年9月1日）,万平方米,1.26
1845,广东省,,,2021,商品房:成交面积:深圳（2021年9月20日）,万平方米,2.78
1846,广东省,,,2021,商品房:成交面积:深圳（2021年9月21日）,万平方米,1.87
1847,广东省,,,2021,商品房:成交面积:深圳（2021年9月22日）,万平方米,2.21
1848,广东省,,,2021,商品房:成交面积:深圳（2021年9月23日）,万平方米,1.24
1849,广东省,,,2021,商品房:成交面积:深圳（2021年9月24日）,万平方米,0.83
1850,广东省,,,2021,商品房:成交面积:深圳（2021年9月25日）,万平方米,1.48
1851,广东省,,,2021,商品房:成交面积:深圳（2021年9月26日）,万平方米,1.55
1852,广东省,,,2021,商品房:成交面积:深圳（2021年9月27日）,万平方米,1.52
1853,广东省,,,2021,商品房:成交面积:深圳（2021年9月28日）,万平方米,1.39
1854,广东省,,,2021,商品房:成交面积:深圳（2021年9月29日）,万平方米,1.01
1855,广东省,,,2021,商品房:成交面积:深圳（2021年9月2日）,万平方米,1.42
1856,广东省,,,2021,商品房:成交面积:深圳（2021年9月30日）,万平方米,0.7
1857,广东省,,,2021,商品房:成交面积:深圳（2021年9月3日）,万平方米,1.01
1858,广东省,,,2021,商品房:成交面积:深圳（2021年9月4日）,万平方米,1.23
1859,广东省,,,2021,商品房:成交面积:深圳（2021年9月5日）,万平方米,1.2
1860,广东省,,,2021,商品房:成交面积:深圳（2021年9月6日）,万平方米,1.26
1861,广东省,,,2021,商品房:成交面积:深圳（2021年9月7日）,万平方米,1.68
1862,广东省,,,2021,商品房:成交面积:深圳（2021年9月8日）,万平方米,1.31
1863,广东省,,,2021,商品房:成交面积:深圳（2021年9月9日）,万平方米,0.08
1864,广东省,,,2021,广东:公路货运量:当月值（2021年10月）,万吨,25748.0
1865,广东省,,,2021,广东:公路货运量:当月值（2021年11月）,万吨,26515.0
1866,广东省,,,2021,广东:公路货运量:当月值（2021年12月）,万吨,28908.0
1867,广东省,,,2021,广东:公路货运量:当月值（2021年1月）,万吨,18688.0
1868,广东省,,,2021,广东:公路货运量:当月值（2021年2月）,万吨,21636.0
1869,广东省,,,2021,广东:公路货运量:当月值（2021年3月）,万吨,21706.0
1870,广东省,,,2021,广东:公路货运量:当月值（2021年4月）,万吨,22754.0
1871,广东省,,,2021,广东:公路货运量:当月值（2021年5月）,万吨,23730.0
1872,广东省,,,2021,广东:公路货运量:当月值（2021年6月）,万吨,23969.0
1873,广东省,,,2021,广东:公路货运量:当月值（2021年7月）,万吨,24857.0
1874,广东省,,,2021,广东:公路货运量:当月值（2021年8月）,万吨,24876.0
1875,广东省,,,2021,广东:公路货运量:当月值（2021年9月）,万吨,25231.0
1876,广东省,,,2021,广东:水路货运量:当月值（2021年10月）,万吨,8401.0
1877,广东省,,,2021,广东:水路货运量:当月值（2021年11月）,万吨,8325.0
1878,广东省,,,2021,广东:水路货运量:当月值（2021年12月）,万吨,8023.0
1879,广东省,,,2021,广东:水路货运量:当月值（2021年1月）,万吨,9066.0
1880,广东省,,,2021,广东:水路货运量:当月值（2021年2月）,万吨,5519.0
1881,广东省,,,2021,广东:水路货运量:当月值（2021年3月）,万吨,6962.0
1882,广东省,,,2021,广东:水路货运量:当月值（2021年4月）,万吨,8097.0
1883,广东省,,,2021,广东:水路货运量:当月值（2021年5月）,万吨,7692.0
1884,广东省,,,2021,广东:水路货运量:当月值（2021年6月）,万吨,8189.0
1885,广东省,,,2021,广东:水路货运量:当月值（2021年7月）,万吨,7910.0
1886,广东省,,,2021,广东:水路货运量:当月值（2021年8月）,万吨,7670.0
1887,广东省,,,2021,广东:水路货运量:当月值（2021年9月）,万吨,8049.0
1888,上海市,,,2020,商品房:成交面积:上海（2020年10月10日）,万平方米,8.38
1889,上海市,,,2020,商品房:成交面积:上海（2020年10月11日）,万平方米,6.61
1890,上海市,,,2020,商品房:成交面积:上海（2020年10月12日）,万平方米,7.2
1891,上海市,,,2020,商品房:成交面积:上海（2020年10月13日）,万平方米,7.01
1892,上海市,,,2020,商品房:成交面积:上海（2020年10月14日）,万平方米,7.46
1893,上海市,,,2020,商品房:成交面积:上海（2020年10月15日）,万平方米,8.64
1894,上海市,,,2020,商品房:成交面积:上海（2020年10月16日）,万平方米,4.79
1895,上海市,,,2020,商品房:成交面积:上海（2020年10月17日）,万平方米,7.85
1896,上海市,,,2020,商品房:成交面积:上海（2020年10月18日）,万平方米,9.27
1897,上海市,,,2020,商品房:成交面积:上海（2020年10月19日）,万平方米,6.22
1898,上海市,,,2020,商品房:成交面积:上海（2020年10月20日）,万平方米,6.39
1899,上海市,,,2020,商品房:成交面积:上海（2020年10月21日）,万平方米,5.77
1900,上海市,,,2020,商品房:成交面积:上海（2020年10月22日）,万平方米,7.29
1901,上海市,,,2020,商品房:成交面积:上海（2020年10月23日）,万平方米,5.13
1902,上海市,,,2020,商品房:成交面积:上海（2020年10月24日）,万平方米,9.28
1903,上海市,,,2020,商品房:成交面积:上海（2020年10月25日）,万平方米,8.15
1904,上海市,,,2020,商品房:成交面积:上海（2020年10月26日）,万平方米,7.65
1905,上海市,,,2020,商品房:成交面积:上海（2020年10月27日）,万平方米,6.27
1906,上海市,,,2020,商品房:成交面积:上海（2020年10月28日）,万平方米,9.76
1907,上海市,,,2020,商品房:成交面积:上海（2020年10月29日）,万平方米,6.27
1908,上海市,,,2020,商品房:成交面积:上海（2020年10月30日）,万平方米,4.96
1909,上海市,,,2020,商品房:成交面积:上海（2020年10月31日）,万平方米,7.77
1910,上海市,,,2020,商品房:成交面积:上海（2020年10月4日）,万平方米,3.11
1911,上海市,,,2020,商品房:成交面积:上海（2020年10月5日）,万平方米,3.16
1912,上海市,,,2020,商品房:成交面积:上海（2020年10月6日）,万平方米,2.81
1913,上海市,,,2020,商品房:成交面积:上海（2020年10月7日）,万平方米,1.96
1914,上海市,,,2020,商品房:成交面积:上海（2020年10月8日）,万平方米,7.37
1915,上海市,,,2020,商品房:成交面积:上海（2020年10月9日）,万平方米,9.88
1916,上海市,,,2020,商品房:成交面积:上海（2020年11月10日）,万平方米,5.53
1917,上海市,,,2020,商品房:成交面积:上海（2020年11月11日）,万平方米,7.25
1918,上海市,,,2020,商品房:成交面积:上海（2020年11月12日）,万平方米,3.79
1919,上海市,,,2020,商品房:成交面积:上海（2020年11月13日）,万平方米,2.33
1920,上海市,,,2020,商品房:成交面积:上海（2020年11月14日）,万平方米,5.84
1921,上海市,,,2020,商品房:成交面积:上海（2020年11月15日）,万平方米,5.82
1922,上海市,,,2020,商品房:成交面积:上海（2020年11月16日）,万平方米,7.2
1923,上海市,,,2020,商品房:成交面积:上海（2020年11月17日）,万平方米,6.43
1924,上海市,,,2020,商品房:成交面积:上海（2020年11月18日）,万平方米,6.51
1925,上海市,,,2020,商品房:成交面积:上海（2020年11月19日）,万平方米,3.41
1926,上海市,,,2020,商品房:成交面积:上海（2020年11月1日）,万平方米,7.01
1927,上海市,,,2020,商品房:成交面积:上海（2020年11月20日）,万平方米,3.47
1928,上海市,,,2020,商品房:成交面积:上海（2020年11月21日）,万平方米,7.81
1929,上海市,,,2020,商品房:成交面积:上海（2020年11月22日）,万平方米,7.01
1930,上海市,,,2020,商品房:成交面积:上海（2020年11月23日）,万平方米,5.59
1931,上海市,,,2020,商品房:成交面积:上海（2020年11月24日）,万平方米,5.71
1932,上海市,,,2020,商品房:成交面积:上海（2020年11月25日）,万平方米,6.77
1933,上海市,,,2020,商品房:成交面积:上海（2020年11月26日）,万平方米,6.69
1934,上海市,,,2020,商品房:成交面积:上海（2020年11月27日）,万平方米,4.48
1935,上海市,,,2020,商品房:成交面积:上海（2020年11月28日）,万平方米,7.17
1936,上海市,,,2020,商品房:成交面积:上海（2020年11月29日）,万平方米,7.8
1937,上海市,,,2020,商品房:成交面积:上海（2020年11月2日）,万平方米,7.95
1938,上海市,,,2020,商品房:成交面积:上海（2020年11月30日）,万平方米,9.9
1939,上海市,,,2020,商品房:成交面积:上海（2020年11月3日）,万平方米,6.23
1940,上海市,,,2020,商品房:成交面积:上海（2020年11月4日）,万平方米,5.84
1941,上海市,,,2020,商品房:成交面积:上海（2020年11月5日）,万平方米,5.25
1942,上海市,,,2020,商品房:成交面积:上海（2020年11月6日）,万平方米,4.68
1943,上海市,,,2020,商品房:成交面积:上海（2020年11月7日）,万平方米,6.25
1944,上海市,,,2020,商品房:成交面积:上海（2020年11月8日）,万平方米,4.45
1945,上海市,,,2020,商品房:成交面积:上海（2020年11月9日）,万平方米,5.53
1946,上海市,,,2020,商品房:成交面积:上海（2020年12月10日）,万平方米,3.29
1947,上海市,,,2020,商品房:成交面积:上海（2020年12月11日）,万平方米,6.12
1948,上海市,,,2020,商品房:成交面积:上海（2020年12月12日）,万平方米,4.37
1949,上海市,,,2020,商品房:成交面积:上海（2020年12月13日）,万平方米,8.13
1950,上海市,,,2020,商品房:成交面积:上海（2020年12月14日）,万平方米,4.27
1951,上海市,,,2020,商品房:成交面积:上海（2020年12月15日）,万平方米,5.5
1952,上海市,,,2020,商品房:成交面积:上海（2020年12月17日）,万平方米,5.16
1953,上海市,,,2020,商品房:成交面积:上海（2020年12月18日）,万平方米,5.3
1954,上海市,,,2020,商品房:成交面积:上海（2020年12月19日）,万平方米,5.74
1955,上海市,,,2020,商品房:成交面积:上海（2020年12月1日）,万平方米,7.91
1956,上海市,,,2020,商品房:成交面积:上海（2020年12月20日）,万平方米,7.42
1957,上海市,,,2020,商品房:成交面积:上海（2020年12月21日）,万平方米,3.91
1958,上海市,,,2020,商品房:成交面积:上海（2020年12月22日）,万平方米,4.65
1959,上海市,,,2020,商品房:成交面积:上海（2020年12月23日）,万平方米,12.83
1960,上海市,,,2020,商品房:成交面积:上海（2020年12月24日）,万平方米,8.96
1961,上海市,,,2020,商品房:成交面积:上海（2020年12月25日）,万平方米,8.25
1962,上海市,,,2020,商品房:成交面积:上海（2020年12月26日）,万平方米,5.93
1963,上海市,,,2020,商品房:成交面积:上海（2020年12月27日）,万平方米,6.5
1964,上海市,,,2020,商品房:成交面积:上海（2020年12月28日）,万平方米,10.83
1965,上海市,,,2020,商品房:成交面积:上海（2020年12月29日）,万平方米,11.28
1966,上海市,,,2020,商品房:成交面积:上海（2020年12月2日）,万平方米,5.62
1967,上海市,,,2020,商品房:成交面积:上海（2020年12月30日）,万平方米,8.58
1968,上海市,,,2020,商品房:成交面积:上海（2020年12月31日）,万平方米,3.37
1969,上海市,,,2020,商品房:成交面积:上海（2020年12月3日）,万平方米,4.4
1970,上海市,,,2020,商品房:成交面积:上海（2020年12月4日）,万平方米,3.46
1971,上海市,,,2020,商品房:成交面积:上海（2020年12月5日）,万平方米,4.48
1972,上海市,,,2020,商品房:成交面积:上海（2020年12月6日）,万平方米,5.14
1973,上海市,,,2020,商品房:成交面积:上海（2020年12月7日）,万平方米,5.25
1974,上海市,,,2020,商品房:成交面积:上海（2020年12月8日）,万平方米,6.11
1975,上海市,,,2020,商品房:成交面积:上海（2020年12月9日）,万平方米,6.18
1976,上海市,,,2020,商品房:成交面积:上海（2020年5月10日）,万平方米,7.19
1977,上海市,,,2020,商品房:成交面积:上海（2020年5月11日）,万平方米,6.99
1978,上海市,,,2020,商品房:成交面积:上海（2020年5月12日）,万平方米,7.5
1979,上海市,,,2020,商品房:成交面积:上海（2020年5月13日）,万平方米,6.75
1980,上海市,,,2020,商品房:成交面积:上海（2020年5月14日）,万平方米,4.68
1981,上海市,,,2020,商品房:成交面积:上海（2020年5月15日）,万平方米,4.04
1982,上海市,,,2020,商品房:成交面积:上海（2020年5月16日）,万平方米,7.44
1983,上海市,,,2020,商品房:成交面积:上海（2020年5月17日）,万平方米,7.25
1984,上海市,,,2020,商品房:成交面积:上海（2020年5月18日）,万平方米,6.79
1985,上海市,,,2020,商品房:成交面积:上海（2020年5月19日）,万平方米,6.94
1986,上海市,,,2020,商品房:成交面积:上海（2020年5月1日）,万平方米,0.96
1987,上海市,,,2020,商品房:成交面积:上海（2020年5月20日）,万平方米,6.62
1988,上海市,,,2020,商品房:成交面积:上海（2020年5月21日）,万平方米,6.21
1989,上海市,,,2020,商品房:成交面积:上海（2020年5月22日）,万平方米,4.78
1990,上海市,,,2020,商品房:成交面积:上海（2020年5月23日）,万平方米,7.82
1991,上海市,,,2020,商品房:成交面积:上海（2020年5月24日）,万平方米,7.74
1992,上海市,,,2020,商品房:成交面积:上海（2020年5月25日）,万平方米,8.87
1993,上海市,,,2020,商品房:成交面积:上海（2020年5月26日）,万平方米,8.83
1994,上海市,,,2020,商品房:成交面积:上海（2020年5月27日）,万平方米,8.55
1995,上海市,,,2020,商品房:成交面积:上海（2020年5月28日）,万平方米,8.24
1996,上海市,,,2020,商品房:成交面积:上海（2020年5月29日）,万平方米,7.02
1997,上海市,,,2020,商品房:成交面积:上海（2020年5月30日）,万平方米,9.25
1998,上海市,,,2020,商品房:成交面积:上海（2020年5月31日）,万平方米,9.29
1999,上海市,,,2020,商品房:成交面积:上海（2020年5月3日）,万平方米,5.67
2000,上海市,,,2020,商品房:成交面积:上海（2020年5月4日）,万平方米,5.98
2001,上海市,,,2020,商品房:成交面积:上海（2020年5月5日）,万平方米,7.6
2002,上海市,,,2020,商品房:成交面积:上海（2020年5月6日）,万平方米,6.39
2003,上海市,,,2020,商品房:成交面积:上海（2020年5月7日）,万平方米,5.41
2004,上海市,,,2020,商品房:成交面积:上海（2020年5月8日）,万平方米,4.2
2005,上海市,,,2020,商品房:成交面积:上海（2020年5月9日）,万平方米,6.87
2006,上海市,,,2020,商品房:成交面积:上海（2020年6月10日）,万平方米,3.11
2007,上海市,,,2020,商品房:成交面积:上海（2020年6月11日）,万平方米,3.4
2008,上海市,,,2020,商品房:成交面积:上海（2020年6月12日）,万平方米,6.62
2009,上海市,,,2020,商品房:成交面积:上海（2020年6月13日）,万平方米,9.6
2010,上海市,,,2020,商品房:成交面积:上海（2020年6月14日）,万平方米,8.13
2011,上海市,,,2020,商品房:成交面积:上海（2020年6月15日）,万平方米,10.19
2012,上海市,,,2020,商品房:成交面积:上海（2020年6月16日）,万平方米,8.08
2013,上海市,,,2020,商品房:成交面积:上海（2020年6月17日）,万平方米,8.69
2014,上海市,,,2020,商品房:成交面积:上海（2020年6月18日）,万平方米,7.58
2015,上海市,,,2020,商品房:成交面积:上海（2020年6月19日）,万平方米,6.06
2016,上海市,,,2020,商品房:成交面积:上海（2020年6月1日）,万平方米,6.51
2017,上海市,,,2020,商品房:成交面积:上海（2020年6月20日）,万平方米,9.65
2018,上海市,,,2020,商品房:成交面积:上海（2020年6月21日）,万平方米,10.13
2019,上海市,,,2020,商品房:成交面积:上海（2020年6月22日）,万平方米,9.02
2020,上海市,,,2020,商品房:成交面积:上海（2020年6月23日）,万平方米,8.05
2021,上海市,,,2020,商品房:成交面积:上海（2020年6月24日）,万平方米,6.99
2022,上海市,,,2020,商品房:成交面积:上海（2020年6月25日）,万平方米,7.78
2023,上海市,,,2020,商品房:成交面积:上海（2020年6月26日）,万平方米,6.16
2024,上海市,,,2020,商品房:成交面积:上海（2020年6月27日）,万平方米,8.8
2025,上海市,,,2020,商品房:成交面积:上海（2020年6月28日）,万平方米,10.31
2026,上海市,,,2020,商品房:成交面积:上海（2020年6月29日）,万平方米,11.78
2027,上海市,,,2020,商品房:成交面积:上海（2020年6月2日）,万平方米,7.52
2028,上海市,,,2020,商品房:成交面积:上海（2020年6月30日）,万平方米,13.6
2029,上海市,,,2020,商品房:成交面积:上海（2020年6月3日）,万平方米,6.0
2030,上海市,,,2020,商品房:成交面积:上海（2020年6月4日）,万平方米,5.22
2031,上海市,,,2020,商品房:成交面积:上海（2020年6月5日）,万平方米,3.84
2032,上海市,,,2020,商品房:成交面积:上海（2020年6月6日）,万平方米,7.8
2033,上海市,,,2020,商品房:成交面积:上海（2020年6月7日）,万平方米,7.25
2034,上海市,,,2020,商品房:成交面积:上海（2020年6月8日）,万平方米,4.83
2035,上海市,,,2020,商品房:成交面积:上海（2020年6月9日）,万平方米,3.53
2036,上海市,,,2020,商品房:成交面积:上海（2020年7月10日）,万平方米,3.99
2037,上海市,,,2020,商品房:成交面积:上海（2020年7月11日）,万平方米,7.67
2038,上海市,,,2020,商品房:成交面积:上海（2020年7月12日）,万平方米,13.05
2039,上海市,,,2020,商品房:成交面积:上海（2020年7月13日）,万平方米,8.17
2040,上海市,,,2020,商品房:成交面积:上海（2020年7月14日）,万平方米,7.99
2041,上海市,,,2020,商品房:成交面积:上海（2020年7月15日）,万平方米,7.33
2042,上海市,,,2020,商品房:成交面积:上海（2020年7月16日）,万平方米,8.39
2043,上海市,,,2020,商品房:成交面积:上海（2020年7月17日）,万平方米,4.32
2044,上海市,,,2020,商品房:成交面积:上海（2020年7月18日）,万平方米,6.99
2045,上海市,,,2020,商品房:成交面积:上海（2020年7月19日）,万平方米,9.41
2046,上海市,,,2020,商品房:成交面积:上海（2020年7月1日）,万平方米,7.37
2047,上海市,,,2020,商品房:成交面积:上海（2020年7月20日）,万平方米,12.44
2048,上海市,,,2020,商品房:成交面积:上海（2020年7月21日）,万平方米,10.81
2049,上海市,,,2020,商品房:成交面积:上海（2020年7月22日）,万平方米,8.85
2050,上海市,,,2020,商品房:成交面积:上海（2020年7月23日）,万平方米,9.45
2051,上海市,,,2020,商品房:成交面积:上海（2020年7月24日）,万平方米,6.91
2052,上海市,,,2020,商品房:成交面积:上海（2020年7月25日）,万平方米,7.41
2053,上海市,,,2020,商品房:成交面积:上海（2020年7月26日）,万平方米,9.43
2054,上海市,,,2020,商品房:成交面积:上海（2020年7月27日）,万平方米,7.11
2055,上海市,,,2020,商品房:成交面积:上海（2020年7月28日）,万平方米,9.24
2056,上海市,,,2020,商品房:成交面积:上海（2020年7月29日）,万平方米,10.1
2057,上海市,,,2020,商品房:成交面积:上海（2020年7月2日）,万平方米,5.33
2058,上海市,,,2020,商品房:成交面积:上海（2020年7月30日）,万平方米,9.69
2059,上海市,,,2020,商品房:成交面积:上海（2020年7月31日）,万平方米,6.03
2060,上海市,,,2020,商品房:成交面积:上海（2020年7月3日）,万平方米,4.21
2061,上海市,,,2020,商品房:成交面积:上海（2020年7月4日）,万平方米,6.0
2062,上海市,,,2020,商品房:成交面积:上海（2020年7月5日）,万平方米,7.25
2063,上海市,,,2020,商品房:成交面积:上海（2020年7月7日）,万平方米,7.04
2064,上海市,,,2020,商品房:成交面积:上海（2020年7月8日）,万平方米,7.11
2065,上海市,,,2020,商品房:成交面积:上海（2020年7月9日）,万平方米,6.41
2066,上海市,,,2020,商品房:成交面积:上海（2020年8月10日）,万平方米,8.04
2067,上海市,,,2020,商品房:成交面积:上海（2020年8月12日）,万平方米,9.12
2068,上海市,,,2020,商品房:成交面积:上海（2020年8月13日）,万平方米,7.33
2069,上海市,,,2020,商品房:成交面积:上海（2020年8月14日）,万平方米,6.23
2070,上海市,,,2020,商品房:成交面积:上海（2020年8月15日）,万平方米,10.91
2071,上海市,,,2020,商品房:成交面积:上海（2020年8月16日）,万平方米,9.46
2072,上海市,,,2020,商品房:成交面积:上海（2020年8月17日）,万平方米,9.7
2073,上海市,,,2020,商品房:成交面积:上海（2020年8月19日）,万平方米,9.08
2074,上海市,,,2020,商品房:成交面积:上海（2020年8月1日）,万平方米,6.15
2075,上海市,,,2020,商品房:成交面积:上海（2020年8月20日）,万平方米,9.6
2076,上海市,,,2020,商品房:成交面积:上海（2020年8月21日）,万平方米,5.38
2077,上海市,,,2020,商品房:成交面积:上海（2020年8月22日）,万平方米,5.78
2078,上海市,,,2020,商品房:成交面积:上海（2020年8月23日）,万平方米,9.77
2079,上海市,,,2020,商品房:成交面积:上海（2020年8月24日）,万平方米,12.0
2080,上海市,,,2020,商品房:成交面积:上海（2020年8月25日）,万平方米,11.91
2081,上海市,,,2020,商品房:成交面积:上海（2020年8月26日）,万平方米,14.09
2082,上海市,,,2020,商品房:成交面积:上海（2020年8月27日）,万平方米,14.22
2083,上海市,,,2020,商品房:成交面积:上海（2020年8月28日）,万平方米,11.1
2084,上海市,,,2020,商品房:成交面积:上海（2020年8月29日）,万平方米,13.99
2085,上海市,,,2020,商品房:成交面积:上海（2020年8月2日）,万平方米,7.69
2086,上海市,,,2020,商品房:成交面积:上海（2020年8月30日）,万平方米,18.05
2087,上海市,,,2020,商品房:成交面积:上海（2020年8月31日）,万平方米,17.13
2088,上海市,,,2020,商品房:成交面积:上海（2020年8月3日）,万平方米,8.04
2089,上海市,,,2020,商品房:成交面积:上海（2020年8月4日）,万平方米,6.99
2090,上海市,,,2020,商品房:成交面积:上海（2020年8月5日）,万平方米,8.27
2091,上海市,,,2020,商品房:成交面积:上海（2020年8月6日）,万平方米,7.45
2092,上海市,,,2020,商品房:成交面积:上海（2020年8月7日）,万平方米,5.45
2093,上海市,,,2020,商品房:成交面积:上海（2020年8月8日）,万平方米,7.44
2094,上海市,,,2020,商品房:成交面积:上海（2020年8月9日）,万平方米,6.65
2095,上海市,,,2020,商品房:成交面积:上海（2020年9月10日）,万平方米,6.46
2096,上海市,,,2020,商品房:成交面积:上海（2020年9月11日）,万平方米,4.4
2097,上海市,,,2020,商品房:成交面积:上海（2020年9月13日）,万平方米,8.8
2098,上海市,,,2020,商品房:成交面积:上海（2020年9月14日）,万平方米,6.69
2099,上海市,,,2020,商品房:成交面积:上海（2020年9月15日）,万平方米,2.94
2100,上海市,,,2020,商品房:成交面积:上海（2020年9月16日）,万平方米,2.78
2101,上海市,,,2020,商品房:成交面积:上海（2020年9月17日）,万平方米,3.47
2102,上海市,,,2020,商品房:成交面积:上海（2020年9月18日）,万平方米,7.67
2103,上海市,,,2020,商品房:成交面积:上海（2020年9月19日）,万平方米,8.06
2104,上海市,,,2020,商品房:成交面积:上海（2020年9月1日）,万平方米,6.04
2105,上海市,,,2020,商品房:成交面积:上海（2020年9月20日）,万平方米,9.18
2106,上海市,,,2020,商品房:成交面积:上海（2020年9月21日）,万平方米,6.36
2107,上海市,,,2020,商品房:成交面积:上海（2020年9月22日）,万平方米,10.46
2108,上海市,,,2020,商品房:成交面积:上海（2020年9月23日）,万平方米,6.89
2109,上海市,,,2020,商品房:成交面积:上海（2020年9月24日）,万平方米,7.41
2110,上海市,,,2020,商品房:成交面积:上海（2020年9月25日）,万平方米,6.37
2111,上海市,,,2020,商品房:成交面积:上海（2020年9月2日）,万平方米,6.54
2112,上海市,,,2020,商品房:成交面积:上海（2020年9月30日）,万平方米,12.85
2113,上海市,,,2020,商品房:成交面积:上海（2020年9月3日）,万平方米,4.63
2114,上海市,,,2020,商品房:成交面积:上海（2020年9月4日）,万平方米,6.07
2115,上海市,,,2020,商品房:成交面积:上海（2020年9月5日）,万平方米,5.99
2116,上海市,,,2020,商品房:成交面积:上海（2020年9月6日）,万平方米,6.36
2117,上海市,,,2020,商品房:成交面积:上海（2020年9月7日）,万平方米,5.97
2118,上海市,,,2020,商品房:成交面积:上海（2020年9月8日）,万平方米,6.02
2119,上海市,,,2020,商品房:成交面积:上海（2020年9月9日）,万平方米,6.98
2120,北京市,,,2020,商品房:成交面积:北京（2020年10月10日）,万平方米,3.9
2121,北京市,,,2020,商品房:成交面积:北京（2020年10月11日）,万平方米,3.9
2122,北京市,,,2020,商品房:成交面积:北京（2020年10月12日）,万平方米,4.0
2123,北京市,,,2020,商品房:成交面积:北京（2020年10月13日）,万平方米,5.0
2124,北京市,,,2020,商品房:成交面积:北京（2020年10月14日）,万平方米,8.1
2125,北京市,,,2020,商品房:成交面积:北京（2020年10月15日）,万平方米,5.2
2126,北京市,,,2020,商品房:成交面积:北京（2020年10月16日）,万平方米,4.3
2127,北京市,,,2020,商品房:成交面积:北京（2020年10月17日）,万平方米,5.2
2128,北京市,,,2020,商品房:成交面积:北京（2020年10月18日）,万平方米,9.0
2129,北京市,,,2020,商品房:成交面积:北京（2020年10月19日）,万平方米,6.0
2130,北京市,,,2020,商品房:成交面积:北京（2020年10月1日）,万平方米,7.7
2131,北京市,,,2020,商品房:成交面积:北京（2020年10月20日）,万平方米,6.3
2132,北京市,,,2020,商品房:成交面积:北京（2020年10月21日）,万平方米,6.4
2133,北京市,,,2020,商品房:成交面积:北京（2020年10月22日）,万平方米,7.0
2134,北京市,,,2020,商品房:成交面积:北京（2020年10月23日）,万平方米,5.4
2135,北京市,,,2020,商品房:成交面积:北京（2020年10月24日）,万平方米,11.3
2136,北京市,,,2020,商品房:成交面积:北京（2020年10月25日）,万平方米,12.0
2137,北京市,,,2020,商品房:成交面积:北京（2020年10月26日）,万平方米,6.4
2138,北京市,,,2020,商品房:成交面积:北京（2020年10月27日）,万平方米,5.8
2139,北京市,,,2020,商品房:成交面积:北京（2020年10月28日）,万平方米,5.7
2140,北京市,,,2020,商品房:成交面积:北京（2020年10月29日）,万平方米,6.6
2141,北京市,,,2020,商品房:成交面积:北京（2020年10月2日）,万平方米,2.6
2142,北京市,,,2020,商品房:成交面积:北京（2020年10月30日）,万平方米,7.0
2143,北京市,,,2020,商品房:成交面积:北京（2020年10月31日）,万平方米,3.4
2144,北京市,,,2020,商品房:成交面积:北京（2020年10月3日）,万平方米,1.6
2145,北京市,,,2020,商品房:成交面积:北京（2020年10月4日）,万平方米,1.3
2146,北京市,,,2020,商品房:成交面积:北京（2020年10月5日）,万平方米,1.3
2147,北京市,,,2020,商品房:成交面积:北京（2020年10月6日）,万平方米,1.2
2148,北京市,,,2020,商品房:成交面积:北京（2020年10月7日）,万平方米,1.3
2149,北京市,,,2020,商品房:成交面积:北京（2020年10月8日）,万平方米,3.1
2150,北京市,,,2020,商品房:成交面积:北京（2020年10月9日）,万平方米,3.7
2151,北京市,,,2020,商品房:成交面积:北京（2020年11月10日）,万平方米,3.9
2152,北京市,,,2020,商品房:成交面积:北京（2020年11月12日）,万平方米,3.9
2153,北京市,,,2020,商品房:成交面积:北京（2020年11月13日）,万平方米,2.9
2154,北京市,,,2020,商品房:成交面积:北京（2020年11月14日）,万平方米,4.6
2155,北京市,,,2020,商品房:成交面积:北京（2020年11月15日）,万平方米,4.6
2156,北京市,,,2020,商品房:成交面积:北京（2020年11月16日）,万平方米,5.0
2157,北京市,,,2020,商品房:成交面积:北京（2020年11月17日）,万平方米,7.3
2158,北京市,,,2020,商品房:成交面积:北京（2020年11月18日）,万平方米,7.9
2159,北京市,,,2020,商品房:成交面积:北京（2020年11月19日）,万平方米,3.8
2160,北京市,,,2020,商品房:成交面积:北京（2020年11月1日）,万平方米,2.7
2161,北京市,,,2020,商品房:成交面积:北京（2020年11月20日）,万平方米,2.3
2162,北京市,,,2020,商品房:成交面积:北京（2020年11月21日）,万平方米,4.0
2163,北京市,,,2020,商品房:成交面积:北京（2020年11月22日）,万平方米,3.9
2164,北京市,,,2020,商品房:成交面积:北京（2020年11月23日）,万平方米,5.5
2165,北京市,,,2020,商品房:成交面积:北京（2020年11月24日）,万平方米,3.4
2166,北京市,,,2020,商品房:成交面积:北京（2020年11月25日）,万平方米,5.6
2167,北京市,,,2020,商品房:成交面积:北京（2020年11月26日）,万平方米,6.0
2168,北京市,,,2020,商品房:成交面积:北京（2020年11月27日）,万平方米,4.9
2169,北京市,,,2020,商品房:成交面积:北京（2020年11月28日）,万平方米,5.1
2170,北京市,,,2020,商品房:成交面积:北京（2020年11月29日）,万平方米,7.0
2171,北京市,,,2020,商品房:成交面积:北京（2020年11月2日）,万平方米,3.8
2172,北京市,,,2020,商品房:成交面积:北京（2020年11月30日）,万平方米,5.5
2173,北京市,,,2020,商品房:成交面积:北京（2020年11月3日）,万平方米,3.8
2174,北京市,,,2020,商品房:成交面积:北京（2020年11月4日）,万平方米,6.3
2175,北京市,,,2020,商品房:成交面积:北京（2020年11月5日）,万平方米,4.8
2176,北京市,,,2020,商品房:成交面积:北京（2020年11月6日）,万平方米,3.4
2177,北京市,,,2020,商品房:成交面积:北京（2020年11月7日）,万平方米,5.8
2178,北京市,,,2020,商品房:成交面积:北京（2020年11月8日）,万平方米,5.0
2179,北京市,,,2020,商品房:成交面积:北京（2020年12月10日）,万平方米,10.2
2180,北京市,,,2020,商品房:成交面积:北京（2020年12月11日）,万平方米,4.7
2181,北京市,,,2020,商品房:成交面积:北京（2020年12月12日）,万平方米,6.9
2182,北京市,,,2020,商品房:成交面积:北京（2020年12月13日）,万平方米,11.1
2183,北京市,,,2020,商品房:成交面积:北京（2020年12月14日）,万平方米,5.8
2184,北京市,,,2020,商品房:成交面积:北京（2020年12月15日）,万平方米,6.4
2185,北京市,,,2020,商品房:成交面积:北京（2020年12月16日）,万平方米,5.7
2186,北京市,,,2020,商品房:成交面积:北京（2020年12月17日）,万平方米,4.8
2187,北京市,,,2020,商品房:成交面积:北京（2020年12月18日）,万平方米,4.8
2188,北京市,,,2020,商品房:成交面积:北京（2020年12月19日）,万平方米,4.0
2189,北京市,,,2020,商品房:成交面积:北京（2020年12月1日）,万平方米,6.0
2190,北京市,,,2020,商品房:成交面积:北京（2020年12月20日）,万平方米,7.0
2191,北京市,,,2020,商品房:成交面积:北京（2020年12月21日）,万平方米,6.0
2192,北京市,,,2020,商品房:成交面积:北京（2020年12月22日）,万平方米,6.0
2193,北京市,,,2020,商品房:成交面积:北京（2020年12月23日）,万平方米,12.8
2194,北京市,,,2020,商品房:成交面积:北京（2020年12月24日）,万平方米,12.7
2195,北京市,,,2020,商品房:成交面积:北京（2020年12月25日）,万平方米,10.7
2196,北京市,,,2020,商品房:成交面积:北京（2020年12月26日）,万平方米,4.6
2197,北京市,,,2020,商品房:成交面积:北京（2020年12月27日）,万平方米,6.0
2198,北京市,,,2020,商品房:成交面积:北京（2020年12月28日）,万平方米,7.7
2199,北京市,,,2020,商品房:成交面积:北京（2020年12月29日）,万平方米,11.3
2200,北京市,,,2020,商品房:成交面积:北京（2020年12月2日）,万平方米,7.0
2201,北京市,,,2020,商品房:成交面积:北京（2020年12月30日）,万平方米,14.2
2202,北京市,,,2020,商品房:成交面积:北京（2020年12月31日）,万平方米,8.8
2203,北京市,,,2020,商品房:成交面积:北京（2020年12月3日）,万平方米,7.6
2204,北京市,,,2020,商品房:成交面积:北京（2020年12月4日）,万平方米,4.5
2205,北京市,,,2020,商品房:成交面积:北京（2020年12月5日）,万平方米,4.4
2206,北京市,,,2020,商品房:成交面积:北京（2020年12月6日）,万平方米,7.3
2207,北京市,,,2020,商品房:成交面积:北京（2020年12月7日）,万平方米,6.2
2208,北京市,,,2020,商品房:成交面积:北京（2020年12月8日）,万平方米,4.3
2209,北京市,,,2020,商品房:成交面积:北京（2020年12月9日）,万平方米,8.9
2210,北京市,,,2020,商品房:成交面积:北京（2020年5月10日）,万平方米,6.9
2211,北京市,,,2020,商品房:成交面积:北京（2020年5月11日）,万平方米,5.0
2212,北京市,,,2020,商品房:成交面积:北京（2020年5月12日）,万平方米,5.6
2213,北京市,,,2020,商品房:成交面积:北京（2020年5月13日）,万平方米,5.0
2214,北京市,,,2020,商品房:成交面积:北京（2020年5月14日）,万平方米,4.5
2215,北京市,,,2020,商品房:成交面积:北京（2020年5月15日）,万平方米,3.6
2216,北京市,,,2020,商品房:成交面积:北京（2020年5月16日）,万平方米,4.6
2217,北京市,,,2020,商品房:成交面积:北京（2020年5月17日）,万平方米,4.7
2218,北京市,,,2020,商品房:成交面积:北京（2020年5月18日）,万平方米,4.3
2219,北京市,,,2020,商品房:成交面积:北京（2020年5月19日）,万平方米,4.1
2220,北京市,,,2020,商品房:成交面积:北京（2020年5月1日）,万平方米,2.0
2221,北京市,,,2020,商品房:成交面积:北京（2020年5月20日）,万平方米,5.0
2222,北京市,,,2020,商品房:成交面积:北京（2020年5月21日）,万平方米,4.4
2223,北京市,,,2020,商品房:成交面积:北京（2020年5月22日）,万平方米,3.6
2224,北京市,,,2020,商品房:成交面积:北京（2020年5月23日）,万平方米,3.4
2225,北京市,,,2020,商品房:成交面积:北京（2020年5月24日）,万平方米,4.0
2226,北京市,,,2020,商品房:成交面积:北京（2020年5月25日）,万平方米,5.9
2227,北京市,,,2020,商品房:成交面积:北京（2020年5月26日）,万平方米,5.1
2228,北京市,,,2020,商品房:成交面积:北京（2020年5月27日）,万平方米,5.6
2229,北京市,,,2020,商品房:成交面积:北京（2020年5月28日）,万平方米,6.7
2230,北京市,,,2020,商品房:成交面积:北京（2020年5月29日）,万平方米,6.7
2231,北京市,,,2020,商品房:成交面积:北京（2020年5月2日）,万平方米,1.5
2232,北京市,,,2020,商品房:成交面积:北京（2020年5月30日）,万平方米,7.6
2233,北京市,,,2020,商品房:成交面积:北京（2020年5月31日）,万平方米,7.6
2234,北京市,,,2020,商品房:成交面积:北京（2020年5月3日）,万平方米,2.3
2235,北京市,,,2020,商品房:成交面积:北京（2020年5月4日）,万平方米,2.9
2236,北京市,,,2020,商品房:成交面积:北京（2020年5月5日）,万平方米,5.0
2237,北京市,,,2020,商品房:成交面积:北京（2020年5月6日）,万平方米,4.6
2238,北京市,,,2020,商品房:成交面积:北京（2020年5月7日）,万平方米,4.7
2239,北京市,,,2020,商品房:成交面积:北京（2020年5月8日）,万平方米,2.8
2240,北京市,,,2020,商品房:成交面积:北京（2020年5月9日）,万平方米,5.8
2241,北京市,,,2020,商品房:成交面积:北京（2020年6月10日）,万平方米,16.3
2242,北京市,,,2020,商品房:成交面积:北京（2020年6月11日）,万平方米,9.2
2243,北京市,,,2020,商品房:成交面积:北京（2020年6月12日）,万平方米,14.2
2244,北京市,,,2020,商品房:成交面积:北京（2020年6月13日）,万平方米,9.7
2245,北京市,,,2020,商品房:成交面积:北京（2020年6月14日）,万平方米,26.9
2246,北京市,,,2020,商品房:成交面积:北京（2020年6月15日）,万平方米,15.2
2247,北京市,,,2020,商品房:成交面积:北京（2020年6月16日）,万平方米,6.2
2248,北京市,,,2020,商品房:成交面积:北京（2020年6月17日）,万平方米,5.4
2249,北京市,,,2020,商品房:成交面积:北京（2020年6月18日）,万平方米,4.6
2250,北京市,,,2020,商品房:成交面积:北京（2020年6月19日）,万平方米,3.4
2251,北京市,,,2020,商品房:成交面积:北京（2020年6月1日）,万平方米,3.8
2252,北京市,,,2020,商品房:成交面积:北京（2020年6月20日）,万平方米,4.4
2253,北京市,,,2020,商品房:成交面积:北京（2020年6月21日）,万平方米,5.7
2254,北京市,,,2020,商品房:成交面积:北京（2020年6月22日）,万平方米,6.4
2255,北京市,,,2020,商品房:成交面积:北京（2020年6月23日）,万平方米,5.4
2256,北京市,,,2020,商品房:成交面积:北京（2020年6月24日）,万平方米,9.1
2257,北京市,,,2020,商品房:成交面积:北京（2020年6月25日）,万平方米,11.1
2258,北京市,,,2020,商品房:成交面积:北京（2020年6月26日）,万平方米,5.4
2259,北京市,,,2020,商品房:成交面积:北京（2020年6月27日）,万平方米,8.7
2260,北京市,,,2020,商品房:成交面积:北京（2020年6月28日）,万平方米,9.1
2261,北京市,,,2020,商品房:成交面积:北京（2020年6月29日）,万平方米,10.7
2262,北京市,,,2020,商品房:成交面积:北京（2020年6月2日）,万平方米,3.7
2263,北京市,,,2020,商品房:成交面积:北京（2020年6月30日）,万平方米,13.0
2264,北京市,,,2020,商品房:成交面积:北京（2020年6月3日）,万平方米,4.0
2265,北京市,,,2020,商品房:成交面积:北京（2020年6月4日）,万平方米,4.6
2266,北京市,,,2020,商品房:成交面积:北京（2020年6月5日）,万平方米,2.8
2267,北京市,,,2020,商品房:成交面积:北京（2020年6月6日）,万平方米,3.3
2268,北京市,,,2020,商品房:成交面积:北京（2020年6月7日）,万平方米,12.3
2269,北京市,,,2020,商品房:成交面积:北京（2020年6月8日）,万平方米,7.4
2270,北京市,,,2020,商品房:成交面积:北京（2020年6月9日）,万平方米,6.6
2271,北京市,,,2020,商品房:成交面积:北京（2020年7月10日）,万平方米,3.4
2272,北京市,,,2020,商品房:成交面积:北京（2020年7月11日）,万平方米,3.7
2273,北京市,,,2020,商品房:成交面积:北京（2020年7月12日）,万平方米,3.4
2274,北京市,,,2020,商品房:成交面积:北京（2020年7月13日）,万平方米,3.8
2275,北京市,,,2020,商品房:成交面积:北京（2020年7月14日）,万平方米,6.2
2276,北京市,,,2020,商品房:成交面积:北京（2020年7月15日）,万平方米,5.4
2277,北京市,,,2020,商品房:成交面积:北京（2020年7月16日）,万平方米,6.8
2278,北京市,,,2020,商品房:成交面积:北京（2020年7月17日）,万平方米,4.9
2279,北京市,,,2020,商品房:成交面积:北京（2020年7月18日）,万平方米,3.1
2280,北京市,,,2020,商品房:成交面积:北京（2020年7月19日）,万平方米,6.1
2281,北京市,,,2020,商品房:成交面积:北京（2020年7月1日）,万平方米,5.0
2282,北京市,,,2020,商品房:成交面积:北京（2020年7月21日）,万平方米,3.8
2283,北京市,,,2020,商品房:成交面积:北京（2020年7月23日）,万平方米,8.9
2284,北京市,,,2020,商品房:成交面积:北京（2020年7月24日）,万平方米,7.5
2285,北京市,,,2020,商品房:成交面积:北京（2020年7月25日）,万平方米,5.4
2286,北京市,,,2020,商品房:成交面积:北京（2020年7月2日）,万平方米,8.7
2287,北京市,,,2020,商品房:成交面积:北京（2020年7月3日）,万平方米,5.0
2288,北京市,,,2020,商品房:成交面积:北京（2020年7月4日）,万平方米,5.5
2289,北京市,,,2020,商品房:成交面积:北京（2020年7月5日）,万平方米,5.5
2290,北京市,,,2020,商品房:成交面积:北京（2020年7月6日）,万平方米,7.9
2291,北京市,,,2020,商品房:成交面积:北京（2020年7月7日）,万平方米,3.7
2292,北京市,,,2020,商品房:成交面积:北京（2020年7月8日）,万平方米,7.9
2293,北京市,,,2020,商品房:成交面积:北京（2020年7月9日）,万平方米,4.4
2294,北京市,,,2020,商品房:成交面积:北京（2020年8月10日）,万平方米,5.7
2295,北京市,,,2020,商品房:成交面积:北京（2020年8月11日）,万平方米,5.6
2296,北京市,,,2020,商品房:成交面积:北京（2020年8月12日）,万平方米,6.0
2297,北京市,,,2020,商品房:成交面积:北京（2020年8月13日）,万平方米,8.3
2298,北京市,,,2020,商品房:成交面积:北京（2020年8月14日）,万平方米,4.1
2299,北京市,,,2020,商品房:成交面积:北京（2020年8月15日）,万平方米,6.7
2300,北京市,,,2020,商品房:成交面积:北京（2020年8月16日）,万平方米,4.2
2301,北京市,,,2020,商品房:成交面积:北京（2020年8月17日）,万平方米,3.6
2302,北京市,,,2020,商品房:成交面积:北京（2020年8月18日）,万平方米,2.8
2303,北京市,,,2020,商品房:成交面积:北京（2020年8月19日）,万平方米,4.2
2304,北京市,,,2020,商品房:成交面积:北京（2020年8月1日）,万平方米,3.5
2305,北京市,,,2020,商品房:成交面积:北京（2020年8月20日）,万平方米,4.6
2306,北京市,,,2020,商品房:成交面积:北京（2020年8月21日）,万平方米,3.0
2307,北京市,,,2020,商品房:成交面积:北京（2020年8月22日）,万平方米,2.9
2308,北京市,,,2020,商品房:成交面积:北京（2020年8月23日）,万平方米,3.9
2309,北京市,,,2020,商品房:成交面积:北京（2020年8月24日）,万平方米,4.6
2310,北京市,,,2020,商品房:成交面积:北京（2020年8月25日）,万平方米,4.9
2311,北京市,,,2020,商品房:成交面积:北京（2020年8月26日）,万平方米,6.0
2312,北京市,,,2020,商品房:成交面积:北京（2020年8月27日）,万平方米,5.4
2313,北京市,,,2020,商品房:成交面积:北京（2020年8月28日）,万平方米,4.6
2314,北京市,,,2020,商品房:成交面积:北京（2020年8月29日）,万平方米,5.8
2315,北京市,,,2020,商品房:成交面积:北京（2020年8月2日）,万平方米,5.1
2316,北京市,,,2020,商品房:成交面积:北京（2020年8月30日）,万平方米,6.5
2317,北京市,,,2020,商品房:成交面积:北京（2020年8月31日）,万平方米,6.5
2318,北京市,,,2020,商品房:成交面积:北京（2020年8月3日）,万平方米,6.8
2319,北京市,,,2020,商品房:成交面积:北京（2020年8月4日）,万平方米,5.5
2320,北京市,,,2020,商品房:成交面积:北京（2020年8月5日）,万平方米,6.7
2321,北京市,,,2020,商品房:成交面积:北京（2020年8月6日）,万平方米,7.0
2322,北京市,,,2020,商品房:成交面积:北京（2020年8月7日）,万平方米,6.7
2323,北京市,,,2020,商品房:成交面积:北京（2020年8月8日）,万平方米,6.2
2324,北京市,,,2020,商品房:成交面积:北京（2020年8月9日）,万平方米,6.2
2325,北京市,,,2020,商品房:成交面积:北京（2020年9月10日）,万平方米,7.1
2326,北京市,,,2020,商品房:成交面积:北京（2020年9月11日）,万平方米,4.0
2327,北京市,,,2020,商品房:成交面积:北京（2020年9月12日）,万平方米,5.2
2328,北京市,,,2020,商品房:成交面积:北京（2020年9月13日）,万平方米,5.2
2329,北京市,,,2020,商品房:成交面积:北京（2020年9月14日）,万平方米,6.7
2330,北京市,,,2020,商品房:成交面积:北京（2020年9月15日）,万平方米,3.3
2331,北京市,,,2020,商品房:成交面积:北京（2020年9月16日）,万平方米,3.7
2332,北京市,,,2020,商品房:成交面积:北京（2020年9月17日）,万平方米,3.7
2333,北京市,,,2020,商品房:成交面积:北京（2020年9月18日）,万平方米,3.8
2334,北京市,,,2020,商品房:成交面积:北京（2020年9月19日）,万平方米,7.5
2335,北京市,,,2020,商品房:成交面积:北京（2020年9月1日）,万平方米,0.2
2336,北京市,,,2020,商品房:成交面积:北京（2020年9月20日）,万平方米,7.9
2337,北京市,,,2020,商品房:成交面积:北京（2020年9月21日）,万平方米,7.0
2338,北京市,,,2020,商品房:成交面积:北京（2020年9月22日）,万平方米,7.3
2339,北京市,,,2020,商品房:成交面积:北京（2020年9月23日）,万平方米,7.6
2340,北京市,,,2020,商品房:成交面积:北京（2020年9月24日）,万平方米,9.7
2341,北京市,,,2020,商品房:成交面积:北京（2020年9月25日）,万平方米,5.2
2342,北京市,,,2020,商品房:成交面积:北京（2020年9月26日）,万平方米,7.5
2343,北京市,,,2020,商品房:成交面积:北京（2020年9月27日）,万平方米,8.5
2344,北京市,,,2020,商品房:成交面积:北京（2020年9月28日）,万平方米,8.4
2345,北京市,,,2020,商品房:成交面积:北京（2020年9月29日）,万平方米,13.0
2346,北京市,,,2020,商品房:成交面积:北京（2020年9月2日）,万平方米,4.8
2347,北京市,,,2020,商品房:成交面积:北京（2020年9月30日）,万平方米,14.0
2348,北京市,,,2020,商品房:成交面积:北京（2020年9月3日）,万平方米,6.1
2349,北京市,,,2020,商品房:成交面积:北京（2020年9月4日）,万平方米,4.4
2350,北京市,,,2020,商品房:成交面积:北京（2020年9月5日）,万平方米,4.2
2351,北京市,,,2020,商品房:成交面积:北京（2020年9月6日）,万平方米,4.2
2352,北京市,,,2020,商品房:成交面积:北京（2020年9月7日）,万平方米,4.2
2353,北京市,,,2020,商品房:成交面积:北京（2020年9月8日）,万平方米,4.8
2354,北京市,,,2020,商品房:成交面积:北京（2020年9月9日）,万平方米,7.0
2355,广东省,,,2020,商品房:成交面积:广州（2020年10月10日）,万平方米,8.82
2356,广东省,,,2020,商品房:成交面积:广州（2020年10月11日）,万平方米,7.01
2357,广东省,,,2020,商品房:成交面积:广州（2020年10月12日）,万平方米,8.0
2358,广东省,,,2020,商品房:成交面积:广州（2020年10月13日）,万平方米,9.33
2359,广东省,,,2020,商品房:成交面积:广州（2020年10月14日）,万平方米,9.8
2360,广东省,,,2020,商品房:成交面积:广州（2020年10月15日）,万平方米,9.23
2361,广东省,,,2020,商品房:成交面积:广州（2020年10月16日）,万平方米,5.06
2362,广东省,,,2020,商品房:成交面积:广州（2020年10月17日）,万平方米,5.5
2363,广东省,,,2020,商品房:成交面积:广州（2020年10月18日）,万平方米,4.04
2364,广东省,,,2020,商品房:成交面积:广州（2020年10月19日）,万平方米,3.38
2365,广东省,,,2020,商品房:成交面积:广州（2020年10月1日）,万平方米,17.4
2366,广东省,,,2020,商品房:成交面积:广州（2020年10月20日）,万平方米,3.38
2367,广东省,,,2020,商品房:成交面积:广州（2020年10月21日）,万平方米,2.9
2368,广东省,,,2020,商品房:成交面积:广州（2020年10月22日）,万平方米,4.43
2369,广东省,,,2020,商品房:成交面积:广州（2020年10月23日）,万平方米,3.56
2370,广东省,,,2020,商品房:成交面积:广州（2020年10月24日）,万平方米,3.33
2371,广东省,,,2020,商品房:成交面积:广州（2020年10月25日）,万平方米,3.31
2372,广东省,,,2020,商品房:成交面积:广州（2020年10月26日）,万平方米,3.14
2373,广东省,,,2020,商品房:成交面积:广州（2020年10月27日）,万平方米,4.27
2374,广东省,,,2020,商品房:成交面积:广州（2020年10月28日）,万平方米,4.27
2375,广东省,,,2020,商品房:成交面积:广州（2020年10月29日）,万平方米,6.45
2376,广东省,,,2020,商品房:成交面积:广州（2020年10月2日）,万平方米,6.6
2377,广东省,,,2020,商品房:成交面积:广州（2020年10月30日）,万平方米,3.67
2378,广东省,,,2020,商品房:成交面积:广州（2020年10月31日）,万平方米,4.58
2379,广东省,,,2020,商品房:成交面积:广州（2020年10月3日）,万平方米,4.25
2380,广东省,,,2020,商品房:成交面积:广州（2020年10月4日）,万平方米,4.2
2381,广东省,,,2020,商品房:成交面积:广州（2020年10月5日）,万平方米,4.2
2382,广东省,,,2020,商品房:成交面积:广州（2020年10月6日）,万平方米,2.62
2383,广东省,,,2020,商品房:成交面积:广州（2020年10月7日）,万平方米,4.24
2384,广东省,,,2020,商品房:成交面积:广州（2020年10月8日）,万平方米,7.8
2385,广东省,,,2020,商品房:成交面积:广州（2020年10月9日）,万平方米,9.51
2386,广东省,,,2020,商品房:成交面积:广州（2020年11月10日）,万平方米,3.87
2387,广东省,,,2020,商品房:成交面积:广州（2020年11月11日）,万平方米,3.86
2388,广东省,,,2020,商品房:成交面积:广州（2020年11月12日）,万平方米,5.24
2389,广东省,,,2020,商品房:成交面积:广州（2020年11月13日）,万平方米,3.41
2390,广东省,,,2020,商品房:成交面积:广州（2020年11月14日）,万平方米,3.05
2391,广东省,,,2020,商品房:成交面积:广州（2020年11月15日）,万平方米,3.7
2392,广东省,,,2020,商品房:成交面积:广州（2020年11月16日）,万平方米,3.77
2393,广东省,,,2020,商品房:成交面积:广州（2020年11月17日）,万平方米,3.45
2394,广东省,,,2020,商品房:成交面积:广州（2020年11月18日）,万平方米,3.99
2395,广东省,,,2020,商品房:成交面积:广州（2020年11月19日）,万平方米,5.88
2396,广东省,,,2020,商品房:成交面积:广州（2020年11月1日）,万平方米,4.31
2397,广东省,,,2020,商品房:成交面积:广州（2020年11月20日）,万平方米,4.54
2398,广东省,,,2020,商品房:成交面积:广州（2020年11月21日）,万平方米,3.21
2399,广东省,,,2020,商品房:成交面积:广州（2020年11月22日）,万平方米,3.64
2400,广东省,,,2020,商品房:成交面积:广州（2020年11月23日）,万平方米,3.65
2401,广东省,,,2020,商品房:成交面积:广州（2020年11月24日）,万平方米,3.87
2402,广东省,,,2020,商品房:成交面积:广州（2020年11月25日）,万平方米,4.95
2403,广东省,,,2020,商品房:成交面积:广州（2020年11月26日）,万平方米,11.13
2404,广东省,,,2020,商品房:成交面积:广州（2020年11月27日）,万平方米,6.39
2405,广东省,,,2020,商品房:成交面积:广州（2020年11月28日）,万平方米,7.0
2406,广东省,,,2020,商品房:成交面积:广州（2020年11月29日）,万平方米,11.0
2407,广东省,,,2020,商品房:成交面积:广州（2020年11月2日）,万平方米,3.25
2408,广东省,,,2020,商品房:成交面积:广州（2020年11月30日）,万平方米,9.98
2409,广东省,,,2020,商品房:成交面积:广州（2020年11月3日）,万平方米,3.07
2410,广东省,,,2020,商品房:成交面积:广州（2020年11月4日）,万平方米,4.45
2411,广东省,,,2020,商品房:成交面积:广州（2020年11月5日）,万平方米,6.64
2412,广东省,,,2020,商品房:成交面积:广州（2020年11月6日）,万平方米,7.63
2413,广东省,,,2020,商品房:成交面积:广州（2020年11月7日）,万平方米,7.31
2414,广东省,,,2020,商品房:成交面积:广州（2020年11月8日）,万平方米,5.02
2415,广东省,,,2020,商品房:成交面积:广州（2020年11月9日）,万平方米,3.07
2416,广东省,,,2020,商品房:成交面积:广州（2020年12月10日）,万平方米,7.14
2417,广东省,,,2020,商品房:成交面积:广州（2020年12月11日）,万平方米,5.03
2418,广东省,,,2020,商品房:成交面积:广州（2020年12月12日）,万平方米,4.16
2419,广东省,,,2020,商品房:成交面积:广州（2020年12月13日）,万平方米,4.12
2420,广东省,,,2020,商品房:成交面积:广州（2020年12月15日）,万平方米,5.63
2421,广东省,,,2020,商品房:成交面积:广州（2020年12月16日）,万平方米,5.49
2422,广东省,,,2020,商品房:成交面积:广州（2020年12月17日）,万平方米,6.47
2423,广东省,,,2020,商品房:成交面积:广州（2020年12月18日）,万平方米,3.94
2424,广东省,,,2020,商品房:成交面积:广州（2020年12月19日）,万平方米,3.36
2425,广东省,,,2020,商品房:成交面积:广州（2020年12月1日）,万平方米,5.06
2426,广东省,,,2020,商品房:成交面积:广州（2020年12月20日）,万平方米,3.44
2427,广东省,,,2020,商品房:成交面积:广州（2020年12月21日）,万平方米,3.31
2428,广东省,,,2020,商品房:成交面积:广州（2020年12月22日）,万平方米,3.56
2429,广东省,,,2020,商品房:成交面积:广州（2020年12月23日）,万平方米,5.41
2430,广东省,,,2020,商品房:成交面积:广州（2020年12月24日）,万平方米,7.69
2431,广东省,,,2020,商品房:成交面积:广州（2020年12月25日）,万平方米,4.92
2432,广东省,,,2020,商品房:成交面积:广州（2020年12月26日）,万平方米,5.2
2433,广东省,,,2020,商品房:成交面积:广州（2020年12月27日）,万平方米,6.68
2434,广东省,,,2020,商品房:成交面积:广州（2020年12月28日）,万平方米,6.69
2435,广东省,,,2020,商品房:成交面积:广州（2020年12月29日）,万平方米,7.78
2436,广东省,,,2020,商品房:成交面积:广州（2020年12月2日）,万平方米,5.78
2437,广东省,,,2020,商品房:成交面积:广州（2020年12月30日）,万平方米,8.34
2438,广东省,,,2020,商品房:成交面积:广州（2020年12月31日）,万平方米,7.12
2439,广东省,,,2020,商品房:成交面积:广州（2020年12月3日）,万平方米,7.37
2440,广东省,,,2020,商品房:成交面积:广州（2020年12月4日）,万平方米,4.75
2441,广东省,,,2020,商品房:成交面积:广州（2020年12月5日）,万平方米,6.21
2442,广东省,,,2020,商品房:成交面积:广州（2020年12月6日）,万平方米,5.73
2443,广东省,,,2020,商品房:成交面积:广州（2020年12月7日）,万平方米,5.96
2444,广东省,,,2020,商品房:成交面积:广州（2020年12月8日）,万平方米,5.58
2445,广东省,,,2020,商品房:成交面积:广州（2020年12月9日）,万平方米,6.35
2446,广东省,,,2020,商品房:成交面积:广州（2020年5月10日）,万平方米,4.32
2447,广东省,,,2020,商品房:成交面积:广州（2020年5月11日）,万平方米,4.15
2448,广东省,,,2020,商品房:成交面积:广州（2020年5月12日）,万平方米,3.43
2449,广东省,,,2020,商品房:成交面积:广州（2020年5月13日）,万平方米,3.95
2450,广东省,,,2020,商品房:成交面积:广州（2020年5月14日）,万平方米,6.34
2451,广东省,,,2020,商品房:成交面积:广州（2020年5月15日）,万平方米,4.56
2452,广东省,,,2020,商品房:成交面积:广州（2020年5月16日）,万平方米,3.06
2453,广东省,,,2020,商品房:成交面积:广州（2020年5月17日）,万平方米,3.42
2454,广东省,,,2020,商品房:成交面积:广州（2020年5月18日）,万平方米,4.23
2455,广东省,,,2020,商品房:成交面积:广州（2020年5月19日）,万平方米,3.83
2456,广东省,,,2020,商品房:成交面积:广州（2020年5月1日）,万平方米,3.48
2457,广东省,,,2020,商品房:成交面积:广州（2020年5月20日）,万平方米,4.4
2458,广东省,,,2020,商品房:成交面积:广州（2020年5月21日）,万平方米,6.49
2459,广东省,,,2020,商品房:成交面积:广州（2020年5月22日）,万平方米,4.74
2460,广东省,,,2020,商品房:成交面积:广州（2020年5月23日）,万平方米,4.72
2461,广东省,,,2020,商品房:成交面积:广州（2020年5月24日）,万平方米,5.97
2462,广东省,,,2020,商品房:成交面积:广州（2020年5月25日）,万平方米,6.21
2463,广东省,,,2020,商品房:成交面积:广州（2020年5月26日）,万平方米,4.67
2464,广东省,,,2020,商品房:成交面积:广州（2020年5月27日）,万平方米,5.1
2465,广东省,,,2020,商品房:成交面积:广州（2020年5月28日）,万平方米,7.57
2466,广东省,,,2020,商品房:成交面积:广州（2020年5月29日）,万平方米,4.96
2467,广东省,,,2020,商品房:成交面积:广州（2020年5月2日）,万平方米,2.9
2468,广东省,,,2020,商品房:成交面积:广州（2020年5月30日）,万平方米,5.06
2469,广东省,,,2020,商品房:成交面积:广州（2020年5月31日）,万平方米,5.12
2470,广东省,,,2020,商品房:成交面积:广州（2020年5月3日）,万平方米,4.41
2471,广东省,,,2020,商品房:成交面积:广州（2020年5月4日）,万平方米,5.26
2472,广东省,,,2020,商品房:成交面积:广州（2020年5月5日）,万平方米,5.03
2473,广东省,,,2020,商品房:成交面积:广州（2020年5月6日）,万平方米,6.31
2474,广东省,,,2020,商品房:成交面积:广州（2020年5月7日）,万平方米,8.45
2475,广东省,,,2020,商品房:成交面积:广州（2020年5月8日）,万平方米,5.03
2476,广东省,,,2020,商品房:成交面积:广州（2020年5月9日）,万平方米,4.85
2477,广东省,,,2020,商品房:成交面积:广州（2020年6月10日）,万平方米,3.28
2478,广东省,,,2020,商品房:成交面积:广州（2020年6月11日）,万平方米,2.38
2479,广东省,,,2020,商品房:成交面积:广州（2020年6月12日）,万平方米,3.41
2480,广东省,,,2020,商品房:成交面积:广州（2020年6月13日）,万平方米,3.14
2481,广东省,,,2020,商品房:成交面积:广州（2020年6月14日）,万平方米,3.6
2482,广东省,,,2020,商品房:成交面积:广州（2020年6月15日）,万平方米,3.93
2483,广东省,,,2020,商品房:成交面积:广州（2020年6月16日）,万平方米,3.39
2484,广东省,,,2020,商品房:成交面积:广州（2020年6月17日）,万平方米,3.59
2485,广东省,,,2020,商品房:成交面积:广州（2020年6月18日）,万平方米,6.25
2486,广东省,,,2020,商品房:成交面积:广州（2020年6月19日）,万平方米,3.95
2487,广东省,,,2020,商品房:成交面积:广州（2020年6月1日）,万平方米,3.88
2488,广东省,,,2020,商品房:成交面积:广州（2020年6月20日）,万平方米,4.23
2489,广东省,,,2020,商品房:成交面积:广州（2020年6月21日）,万平方米,4.88
2490,广东省,,,2020,商品房:成交面积:广州（2020年6月22日）,万平方米,4.94
2491,广东省,,,2020,商品房:成交面积:广州（2020年6月23日）,万平方米,4.11
2492,广东省,,,2020,商品房:成交面积:广州（2020年6月24日）,万平方米,3.95
2493,广东省,,,2020,商品房:成交面积:广州（2020年6月25日）,万平方米,7.64
2494,广东省,,,2020,商品房:成交面积:广州（2020年6月26日）,万平方米,4.83
2495,广东省,,,2020,商品房:成交面积:广州（2020年6月27日）,万平方米,4.37
2496,广东省,,,2020,商品房:成交面积:广州（2020年6月28日）,万平方米,6.68
2497,广东省,,,2020,商品房:成交面积:广州（2020年6月29日）,万平方米,10.23
2498,广东省,,,2020,商品房:成交面积:广州（2020年6月2日）,万平方米,3.57
2499,广东省,,,2020,商品房:成交面积:广州（2020年6月30日）,万平方米,10.23
2500,广东省,,,2020,商品房:成交面积:广州（2020年6月3日）,万平方米,4.16
2501,广东省,,,2020,商品房:成交面积:广州（2020年6月4日）,万平方米,5.51
2502,广东省,,,2020,商品房:成交面积:广州（2020年6月5日）,万平方米,3.39
2503,广东省,,,2020,商品房:成交面积:广州（2020年6月6日）,万平方米,3.6
2504,广东省,,,2020,商品房:成交面积:广州（2020年6月7日）,万平方米,3.54
2505,广东省,,,2020,商品房:成交面积:广州（2020年6月8日）,万平方米,3.75
2506,广东省,,,2020,商品房:成交面积:广州（2020年6月9日）,万平方米,3.52
2507,广东省,,,2020,商品房:成交面积:广州（2020年7月10日）,万平方米,3.93
2508,广东省,,,2020,商品房:成交面积:广州（2020年7月11日）,万平方米,2.98
2509,广东省,,,2020,商品房:成交面积:广州（2020年7月12日）,万平方米,3.21
2510,广东省,,,2020,商品房:成交面积:广州（2020年7月13日）,万平方米,3.69
2511,广东省,,,2020,商品房:成交面积:广州（2020年7月14日）,万平方米,3.12
2512,广东省,,,2020,商品房:成交面积:广州（2020年7月15日）,万平方米,3.99
2513,广东省,,,2020,商品房:成交面积:广州（2020年7月16日）,万平方米,5.4
2514,广东省,,,2020,商品房:成交面积:广州（2020年7月17日）,万平方米,3.19
2515,广东省,,,2020,商品房:成交面积:广州（2020年7月18日）,万平方米,3.06
2516,广东省,,,2020,商品房:成交面积:广州（2020年7月19日）,万平方米,3.06
2517,广东省,,,2020,商品房:成交面积:广州（2020年7月1日）,万平方米,3.35
2518,广东省,,,2020,商品房:成交面积:广州（2020年7月20日）,万平方米,3.53
2519,广东省,,,2020,商品房:成交面积:广州（2020年7月21日）,万平方米,3.43
2520,广东省,,,2020,商品房:成交面积:广州（2020年7月22日）,万平方米,6.13
2521,广东省,,,2020,商品房:成交面积:广州（2020年7月23日）,万平方米,6.14
2522,广东省,,,2020,商品房:成交面积:广州（2020年7月24日）,万平方米,4.14
2523,广东省,,,2020,商品房:成交面积:广州（2020年7月25日）,万平方米,3.72
2524,广东省,,,2020,商品房:成交面积:广州（2020年7月26日）,万平方米,4.14
2525,广东省,,,2020,商品房:成交面积:广州（2020年7月27日）,万平方米,3.68
2526,广东省,,,2020,商品房:成交面积:广州（2020年7月28日）,万平方米,5.77
2527,广东省,,,2020,商品房:成交面积:广州（2020年7月29日）,万平方米,6.6
2528,广东省,,,2020,商品房:成交面积:广州（2020年7月2日）,万平方米,5.4
2529,广东省,,,2020,商品房:成交面积:广州（2020年7月30日）,万平方米,8.17
2530,广东省,,,2020,商品房:成交面积:广州（2020年7月31日）,万平方米,5.15
2531,广东省,,,2020,商品房:成交面积:广州（2020年7月3日）,万平方米,2.87
2532,广东省,,,2020,商品房:成交面积:广州（2020年7月4日）,万平方米,3.0
2533,广东省,,,2020,商品房:成交面积:广州（2020年7月5日）,万平方米,3.43
2534,广东省,,,2020,商品房:成交面积:广州（2020年7月6日）,万平方米,3.57
2535,广东省,,,2020,商品房:成交面积:广州（2020年7月7日）,万平方米,3.52
2536,广东省,,,2020,商品房:成交面积:广州（2020年7月8日）,万平方米,4.05
2537,广东省,,,2020,商品房:成交面积:广州（2020年7月9日）,万平方米,5.14
2538,广东省,,,2020,商品房:成交面积:广州（2020年8月10日）,万平方米,3.54
2539,广东省,,,2020,商品房:成交面积:广州（2020年8月11日）,万平方米,3.68
2540,广东省,,,2020,商品房:成交面积:广州（2020年8月12日）,万平方米,4.1
2541,广东省,,,2020,商品房:成交面积:广州（2020年8月13日）,万平方米,6.31
2542,广东省,,,2020,商品房:成交面积:广州（2020年8月14日）,万平方米,3.45
2543,广东省,,,2020,商品房:成交面积:广州（2020年8月15日）,万平方米,3.18
2544,广东省,,,2020,商品房:成交面积:广州（2020年8月16日）,万平方米,3.0
2545,广东省,,,2020,商品房:成交面积:广州（2020年8月17日）,万平方米,4.31
2546,广东省,,,2020,商品房:成交面积:广州（2020年8月18日）,万平方米,4.91
2547,广东省,,,2020,商品房:成交面积:广州（2020年8月19日）,万平方米,3.45
2548,广东省,,,2020,商品房:成交面积:广州（2020年8月1日）,万平方米,2.88
2549,广东省,,,2020,商品房:成交面积:广州（2020年8月20日）,万平方米,5.52
2550,广东省,,,2020,商品房:成交面积:广州（2020年8月21日）,万平方米,3.63
2551,广东省,,,2020,商品房:成交面积:广州（2020年8月22日）,万平方米,3.23
2552,广东省,,,2020,商品房:成交面积:广州（2020年8月23日）,万平方米,3.76
2553,广东省,,,2020,商品房:成交面积:广州（2020年8月24日）,万平方米,3.82
2554,广东省,,,2020,商品房:成交面积:广州（2020年8月25日）,万平方米,4.51
2555,广东省,,,2020,商品房:成交面积:广州（2020年8月26日）,万平方米,5.72
2556,广东省,,,2020,商品房:成交面积:广州（2020年8月27日）,万平方米,7.63
2557,广东省,,,2020,商品房:成交面积:广州（2020年8月28日）,万平方米,4.45
2558,广东省,,,2020,商品房:成交面积:广州（2020年8月29日）,万平方米,5.0
2559,广东省,,,2020,商品房:成交面积:广州（2020年8月2日）,万平方米,0.44
2560,广东省,,,2020,商品房:成交面积:广州（2020年8月30日）,万平方米,6.4
2561,广东省,,,2020,商品房:成交面积:广州（2020年8月31日）,万平方米,6.54
2562,广东省,,,2020,商品房:成交面积:广州（2020年8月3日）,万平方米,3.77
2563,广东省,,,2020,商品房:成交面积:广州（2020年8月4日）,万平方米,4.07
2564,广东省,,,2020,商品房:成交面积:广州（2020年8月5日）,万平方米,4.39
2565,广东省,,,2020,商品房:成交面积:广州（2020年8月6日）,万平方米,4.81
2566,广东省,,,2020,商品房:成交面积:广州（2020年8月7日）,万平方米,3.14
2567,广东省,,,2020,商品房:成交面积:广州（2020年8月8日）,万平方米,3.31
2568,广东省,,,2020,商品房:成交面积:广州（2020年8月9日）,万平方米,2.88
2569,广东省,,,2020,商品房:成交面积:广州（2020年9月10日）,万平方米,5.71
2570,广东省,,,2020,商品房:成交面积:广州（2020年9月11日）,万平方米,4.93
2571,广东省,,,2020,商品房:成交面积:广州（2020年9月12日）,万平方米,4.64
2572,广东省,,,2020,商品房:成交面积:广州（2020年9月13日）,万平方米,5.19
2573,广东省,,,2020,商品房:成交面积:广州（2020年9月14日）,万平方米,5.38
2574,广东省,,,2020,商品房:成交面积:广州（2020年9月15日）,万平方米,5.38
2575,广东省,,,2020,商品房:成交面积:广州（2020年9月16日）,万平方米,3.91
2576,广东省,,,2020,商品房:成交面积:广州（2020年9月17日）,万平方米,2.96
2577,广东省,,,2020,商品房:成交面积:广州（2020年9月18日）,万平方米,4.33
2578,广东省,,,2020,商品房:成交面积:广州（2020年9月19日）,万平方米,5.76
2579,广东省,,,2020,商品房:成交面积:广州（2020年9月1日）,万平方米,4.81
2580,广东省,,,2020,商品房:成交面积:广州（2020年9月20日）,万平方米,6.63
2581,广东省,,,2020,商品房:成交面积:广州（2020年9月21日）,万平方米,4.86
2582,广东省,,,2020,商品房:成交面积:广州（2020年9月22日）,万平方米,4.89
2583,广东省,,,2020,商品房:成交面积:广州（2020年9月23日）,万平方米,6.63
2584,广东省,,,2020,商品房:成交面积:广州（2020年9月24日）,万平方米,7.12
2585,广东省,,,2020,商品房:成交面积:广州（2020年9月25日）,万平方米,6.03
2586,广东省,,,2020,商品房:成交面积:广州（2020年9月26日）,万平方米,5.97
2587,广东省,,,2020,商品房:成交面积:广州（2020年9月27日）,万平方米,6.79
2588,广东省,,,2020,商品房:成交面积:广州（2020年9月28日）,万平方米,9.09
2589,广东省,,,2020,商品房:成交面积:广州（2020年9月29日）,万平方米,8.63
2590,广东省,,,2020,商品房:成交面积:广州（2020年9月2日）,万平方米,7.15
2591,广东省,,,2020,商品房:成交面积:广州（2020年9月30日）,万平方米,10.37
2592,广东省,,,2020,商品房:成交面积:广州（2020年9月3日）,万平方米,7.61
2593,广东省,,,2020,商品房:成交面积:广州（2020年9月4日）,万平方米,4.37
2594,广东省,,,2020,商品房:成交面积:广州（2020年9月5日）,万平方米,3.63
2595,广东省,,,2020,商品房:成交面积:广州（2020年9月6日）,万平方米,3.21
2596,广东省,,,2020,商品房:成交面积:广州（2020年9月7日）,万平方米,3.76
2597,广东省,,,2020,商品房:成交面积:广州（2020年9月8日）,万平方米,3.82
2598,广东省,,,2020,商品房:成交面积:广州（2020年9月9日）,万平方米,4.51
2599,广东省,,,2020,商品房:成交面积:深圳（2020年10月10日）,万平方米,3.24
2600,广东省,,,2020,商品房:成交面积:深圳（2020年10月11日）,万平方米,2.68
2601,广东省,,,2020,商品房:成交面积:深圳（2020年10月12日）,万平方米,1.83
2602,广东省,,,2020,商品房:成交面积:深圳（2020年10月13日）,万平方米,1.76
2603,广东省,,,2020,商品房:成交面积:深圳（2020年10月14日）,万平方米,2.29
2604,广东省,,,2020,商品房:成交面积:深圳（2020年10月15日）,万平方米,0.84
2605,广东省,,,2020,商品房:成交面积:深圳（2020年10月16日）,万平方米,1.01
2606,广东省,,,2020,商品房:成交面积:深圳（2020年10月17日）,万平方米,4.2
2607,广东省,,,2020,商品房:成交面积:深圳（2020年10月18日）,万平方米,4.37
2608,广东省,,,2020,商品房:成交面积:深圳（2020年10月19日）,万平方米,2.51
2609,广东省,,,2020,商品房:成交面积:深圳（2020年10月1日）,万平方米,2.0
2610,广东省,,,2020,商品房:成交面积:深圳（2020年10月20日）,万平方米,6.33
2611,广东省,,,2020,商品房:成交面积:深圳（2020年10月21日）,万平方米,0.23
2612,广东省,,,2020,商品房:成交面积:深圳（2020年10月22日）,万平方米,1.07
2613,广东省,,,2020,商品房:成交面积:深圳（2020年10月23日）,万平方米,0.71
2614,广东省,,,2020,商品房:成交面积:深圳（2020年10月24日）,万平方米,1.9
2615,广东省,,,2020,商品房:成交面积:深圳（2020年10月25日）,万平方米,1.31
2616,广东省,,,2020,商品房:成交面积:深圳（2020年10月26日）,万平方米,1.31
2617,广东省,,,2020,商品房:成交面积:深圳（2020年10月27日）,万平方米,1.48
2618,广东省,,,2020,商品房:成交面积:深圳（2020年10月28日）,万平方米,1.4
2619,广东省,,,2020,商品房:成交面积:深圳（2020年10月29日）,万平方米,0.53
2620,广东省,,,2020,商品房:成交面积:深圳（2020年10月2日）,万平方米,0.1
2621,广东省,,,2020,商品房:成交面积:深圳（2020年10月30日）,万平方米,0.66
2622,广东省,,,2020,商品房:成交面积:深圳（2020年10月31日）,万平方米,1.3
2623,广东省,,,2020,商品房:成交面积:深圳（2020年10月3日）,万平方米,0.06
2624,广东省,,,2020,商品房:成交面积:深圳（2020年10月4日）,万平方米,1.71
2625,广东省,,,2020,商品房:成交面积:深圳（2020年10月5日）,万平方米,1.09
2626,广东省,,,2020,商品房:成交面积:深圳（2020年10月6日）,万平方米,0.51
2627,广东省,,,2020,商品房:成交面积:深圳（2020年10月7日）,万平方米,0.54
2628,广东省,,,2020,商品房:成交面积:深圳（2020年10月8日）,万平方米,2.47
2629,广东省,,,2020,商品房:成交面积:深圳（2020年10月9日）,万平方米,3.38
2630,广东省,,,2020,商品房:成交面积:深圳（2020年11月10日）,万平方米,1.22
2631,广东省,,,2020,商品房:成交面积:深圳（2020年11月11日）,万平方米,0.96
2632,广东省,,,2020,商品房:成交面积:深圳（2020年11月12日）,万平方米,0.78
2633,广东省,,,2020,商品房:成交面积:深圳（2020年11月13日）,万平方米,0.65
2634,广东省,,,2020,商品房:成交面积:深圳（2020年11月14日）,万平方米,1.52
2635,广东省,,,2020,商品房:成交面积:深圳（2020年11月15日）,万平方米,0.71
2636,广东省,,,2020,商品房:成交面积:深圳（2020年11月16日）,万平方米,1.77
2637,广东省,,,2020,商品房:成交面积:深圳（2020年11月17日）,万平方米,1.21
2638,广东省,,,2020,商品房:成交面积:深圳（2020年11月18日）,万平方米,1.59
2639,广东省,,,2020,商品房:成交面积:深圳（2020年11月19日）,万平方米,1.33
2640,广东省,,,2020,商品房:成交面积:深圳（2020年11月1日）,万平方米,0.58
2641,广东省,,,2020,商品房:成交面积:深圳（2020年11月20日）,万平方米,1.0
2642,广东省,,,2020,商品房:成交面积:深圳（2020年11月21日）,万平方米,0.9
2643,广东省,,,2020,商品房:成交面积:深圳（2020年11月22日）,万平方米,1.64
2644,广东省,,,2020,商品房:成交面积:深圳（2020年11月23日）,万平方米,1.73
2645,广东省,,,2020,商品房:成交面积:深圳（2020年11月24日）,万平方米,2.27
2646,广东省,,,2020,商品房:成交面积:深圳（2020年11月25日）,万平方米,1.86
2647,广东省,,,2020,商品房:成交面积:深圳（2020年11月26日）,万平方米,1.42
2648,广东省,,,2020,商品房:成交面积:深圳（2020年11月27日）,万平方米,0.99
2649,广东省,,,2020,商品房:成交面积:深圳（2020年11月28日）,万平方米,1.21
2650,广东省,,,2020,商品房:成交面积:深圳（2020年11月29日）,万平方米,1.57
2651,广东省,,,2020,商品房:成交面积:深圳（2020年11月2日）,万平方米,0.64
2652,广东省,,,2020,商品房:成交面积:深圳（2020年11月30日）,万平方米,2.19
2653,广东省,,,2020,商品房:成交面积:深圳（2020年11月3日）,万平方米,0.79
2654,广东省,,,2020,商品房:成交面积:深圳（2020年11月4日）,万平方米,1.07
2655,广东省,,,2020,商品房:成交面积:深圳（2020年11月5日）,万平方米,1.07
2656,广东省,,,2020,商品房:成交面积:深圳（2020年11月6日）,万平方米,0.74
2657,广东省,,,2020,商品房:成交面积:深圳（2020年12月10日）,万平方米,0.57
2658,广东省,,,2020,商品房:成交面积:深圳（2020年12月11日）,万平方米,0.4
2659,广东省,,,2020,商品房:成交面积:深圳（2020年12月12日）,万平方米,0.68
2660,广东省,,,2020,商品房:成交面积:深圳（2020年12月14日）,万平方米,1.7
2661,广东省,,,2020,商品房:成交面积:深圳（2020年12月15日）,万平方米,1.49
2662,广东省,,,2020,商品房:成交面积:深圳（2020年12月16日）,万平方米,0.82
2663,广东省,,,2020,商品房:成交面积:深圳（2020年12月17日）,万平方米,1.06
2664,广东省,,,2020,商品房:成交面积:深圳（2020年12月18日）,万平方米,0.5
2665,广东省,,,2020,商品房:成交面积:深圳（2020年12月19日）,万平方米,0.58
2666,广东省,,,2020,商品房:成交面积:深圳（2020年12月1日）,万平方米,1.12
2667,广东省,,,2020,商品房:成交面积:深圳（2020年12月20日）,万平方米,1.08
2668,广东省,,,2020,商品房:成交面积:深圳（2020年12月21日）,万平方米,1.37
2669,广东省,,,2020,商品房:成交面积:深圳（2020年12月22日）,万平方米,1.25
2670,广东省,,,2020,商品房:成交面积:深圳（2020年12月23日）,万平方米,1.41
2671,广东省,,,2020,商品房:成交面积:深圳（2020年12月24日）,万平方米,0.77
2672,广东省,,,2020,商品房:成交面积:深圳（2020年12月25日）,万平方米,0.59
2673,广东省,,,2020,商品房:成交面积:深圳（2020年12月26日）,万平方米,0.92
2674,广东省,,,2020,商品房:成交面积:深圳（2020年12月27日）,万平方米,1.31
2675,广东省,,,2020,商品房:成交面积:深圳（2020年12月28日）,万平方米,0.77
2676,广东省,,,2020,商品房:成交面积:深圳（2020年12月29日）,万平方米,1.16
2677,广东省,,,2020,商品房:成交面积:深圳（2020年12月2日）,万平方米,1.6
2678,广东省,,,2020,商品房:成交面积:深圳（2020年12月30日）,万平方米,1.16
2679,广东省,,,2020,商品房:成交面积:深圳（2020年12月31日）,万平方米,1.08
2680,广东省,,,2020,商品房:成交面积:深圳（2020年12月3日）,万平方米,0.62
2681,广东省,,,2020,商品房:成交面积:深圳（2020年12月4日）,万平方米,0.23
2682,广东省,,,2020,商品房:成交面积:深圳（2020年12月5日）,万平方米,0.92
2683,广东省,,,2020,商品房:成交面积:深圳（2020年12月6日）,万平方米,1.19
2684,广东省,,,2020,商品房:成交面积:深圳（2020年12月7日）,万平方米,1.23
2685,广东省,,,2020,商品房:成交面积:深圳（2020年12月8日）,万平方米,0.93
2686,广东省,,,2020,商品房:成交面积:深圳（2020年12月9日）,万平方米,0.8
2687,广东省,,,2020,商品房:成交面积:深圳（2020年5月10日）,万平方米,1.43
2688,广东省,,,2020,商品房:成交面积:深圳（2020年5月11日）,万平方米,1.31
2689,广东省,,,2020,商品房:成交面积:深圳（2020年5月12日）,万平方米,0.69
2690,广东省,,,2020,商品房:成交面积:深圳（2020年5月13日）,万平方米,1.41
2691,广东省,,,2020,商品房:成交面积:深圳（2020年5月14日）,万平方米,0.26
2692,广东省,,,2020,商品房:成交面积:深圳（2020年5月15日）,万平方米,0.21
2693,广东省,,,2020,商品房:成交面积:深圳（2020年5月16日）,万平方米,1.0
2694,广东省,,,2020,商品房:成交面积:深圳（2020年5月17日）,万平方米,1.35
2695,广东省,,,2020,商品房:成交面积:深圳（2020年5月18日）,万平方米,1.19
2696,广东省,,,2020,商品房:成交面积:深圳（2020年5月19日）,万平方米,2.0
2697,广东省,,,2020,商品房:成交面积:深圳（2020年5月1日）,万平方米,0.1
2698,广东省,,,2020,商品房:成交面积:深圳（2020年5月20日）,万平方米,1.52
2699,广东省,,,2020,商品房:成交面积:深圳（2020年5月21日）,万平方米,0.76
2700,广东省,,,2020,商品房:成交面积:深圳（2020年5月22日）,万平方米,0.89
2701,广东省,,,2020,商品房:成交面积:深圳（2020年5月23日）,万平方米,1.68
2702,广东省,,,2020,商品房:成交面积:深圳（2020年5月24日）,万平方米,1.31
2703,广东省,,,2020,商品房:成交面积:深圳（2020年5月25日）,万平方米,1.32
2704,广东省,,,2020,商品房:成交面积:深圳（2020年5月26日）,万平方米,1.14
2705,广东省,,,2020,商品房:成交面积:深圳（2020年5月27日）,万平方米,1.35
2706,广东省,,,2020,商品房:成交面积:深圳（2020年5月28日）,万平方米,0.84
2707,广东省,,,2020,商品房:成交面积:深圳（2020年5月29日）,万平方米,0.54
2708,广东省,,,2020,商品房:成交面积:深圳（2020年5月2日）,万平方米,0.18
2709,广东省,,,2020,商品房:成交面积:深圳（2020年5月30日）,万平方米,1.71
2710,广东省,,,2020,商品房:成交面积:深圳（2020年5月31日）,万平方米,1.73
2711,广东省,,,2020,商品房:成交面积:深圳（2020年5月3日）,万平方米,0.59
2712,广东省,,,2020,商品房:成交面积:深圳（2020年5月4日）,万平方米,2.55
2713,广东省,,,2020,商品房:成交面积:深圳（2020年5月5日）,万平方米,1.6
2714,广东省,,,2020,商品房:成交面积:深圳（2020年5月6日）,万平方米,0.99
2715,广东省,,,2020,商品房:成交面积:深圳（2020年5月7日）,万平方米,1.05
2716,广东省,,,2020,商品房:成交面积:深圳（2020年5月8日）,万平方米,0.25
2717,广东省,,,2020,商品房:成交面积:深圳（2020年5月9日）,万平方米,1.31
2718,广东省,,,2020,商品房:成交面积:深圳（2020年6月10日）,万平方米,0.5
2719,广东省,,,2020,商品房:成交面积:深圳（2020年6月11日）,万平方米,0.87
2720,广东省,,,2020,商品房:成交面积:深圳（2020年6月12日）,万平方米,2.33
2721,广东省,,,2020,商品房:成交面积:深圳（2020年6月13日）,万平方米,1.56
2722,广东省,,,2020,商品房:成交面积:深圳（2020年6月14日）,万平方米,3.31
2723,广东省,,,2020,商品房:成交面积:深圳（2020年6月15日）,万平方米,2.44
2724,广东省,,,2020,商品房:成交面积:深圳（2020年6月16日）,万平方米,4.41
2725,广东省,,,2020,商品房:成交面积:深圳（2020年6月17日）,万平方米,1.12
2726,广东省,,,2020,商品房:成交面积:深圳（2020年6月18日）,万平方米,0.68
2727,广东省,,,2020,商品房:成交面积:深圳（2020年6月19日）,万平方米,0.82
2728,广东省,,,2020,商品房:成交面积:深圳（2020年6月1日）,万平方米,1.56
2729,广东省,,,2020,商品房:成交面积:深圳（2020年6月20日）,万平方米,2.73
2730,广东省,,,2020,商品房:成交面积:深圳（2020年6月21日）,万平方米,2.25
2731,广东省,,,2020,商品房:成交面积:深圳（2020年6月22日）,万平方米,1.82
2732,广东省,,,2020,商品房:成交面积:深圳（2020年6月23日）,万平方米,1.06
2733,广东省,,,2020,商品房:成交面积:深圳（2020年6月24日）,万平方米,1.43
2734,广东省,,,2020,商品房:成交面积:深圳（2020年6月25日）,万平方米,0.64
2735,广东省,,,2020,商品房:成交面积:深圳（2020年6月26日）,万平方米,0.75
2736,广东省,,,2020,商品房:成交面积:深圳（2020年6月2日）,万平方米,1.96
2737,广东省,,,2020,商品房:成交面积:深圳（2020年6月30日）,万平方米,1.63
2738,广东省,,,2020,商品房:成交面积:深圳（2020年6月5日）,万平方米,1.7
2739,广东省,,,2020,商品房:成交面积:深圳（2020年6月6日）,万平方米,1.65
2740,广东省,,,2020,商品房:成交面积:深圳（2020年6月7日）,万平方米,1.99
2741,广东省,,,2020,商品房:成交面积:深圳（2020年6月8日）,万平方米,1.47
2742,广东省,,,2020,商品房:成交面积:深圳（2020年6月9日）,万平方米,0.62
2743,广东省,,,2020,商品房:成交面积:深圳（2020年7月10日）,万平方米,0.86
2744,广东省,,,2020,商品房:成交面积:深圳（2020年7月11日）,万平方米,1.71
2745,广东省,,,2020,商品房:成交面积:深圳（2020年7月12日）,万平方米,1.52
2746,广东省,,,2020,商品房:成交面积:深圳（2020年7月13日）,万平方米,1.32
2747,广东省,,,2020,商品房:成交面积:深圳（2020年7月14日）,万平方米,1.22
2748,广东省,,,2020,商品房:成交面积:深圳（2020年7月15日）,万平方米,1.17
2749,广东省,,,2020,商品房:成交面积:深圳（2020年7月16日）,万平方米,0.49
2750,广东省,,,2020,商品房:成交面积:深圳（2020年7月17日）,万平方米,0.68
2751,广东省,,,2020,商品房:成交面积:深圳（2020年7月18日）,万平方米,1.65
2752,广东省,,,2020,商品房:成交面积:深圳（2020年7月19日）,万平方米,2.05
2753,广东省,,,2020,商品房:成交面积:深圳（2020年7月1日）,万平方米,2.19
2754,广东省,,,2020,商品房:成交面积:深圳（2020年7月20日）,万平方米,1.67
2755,广东省,,,2020,商品房:成交面积:深圳（2020年7月21日）,万平方米,1.64
2756,广东省,,,2020,商品房:成交面积:深圳（2020年7月22日）,万平方米,1.74
2757,广东省,,,2020,商品房:成交面积:深圳（2020年7月23日）,万平方米,1.29
2758,广东省,,,2020,商品房:成交面积:深圳（2020年7月24日）,万平方米,1.38
2759,广东省,,,2020,商品房:成交面积:深圳（2020年7月25日）,万平方米,2.84
2760,广东省,,,2020,商品房:成交面积:深圳（2020年7月26日）,万平方米,2.38
2761,广东省,,,2020,商品房:成交面积:深圳（2020年7月27日）,万平方米,2.95
2762,广东省,,,2020,商品房:成交面积:深圳（2020年7月28日）,万平方米,2.32
2763,广东省,,,2020,商品房:成交面积:深圳（2020年7月29日）,万平方米,0.92
2764,广东省,,,2020,商品房:成交面积:深圳（2020年7月2日）,万平方米,1.1
2765,广东省,,,2020,商品房:成交面积:深圳（2020年7月31日）,万平方米,0.42
2766,广东省,,,2020,商品房:成交面积:深圳（2020年7月3日）,万平方米,0.58
2767,广东省,,,2020,商品房:成交面积:深圳（2020年7月4日）,万平方米,1.66
2768,广东省,,,2020,商品房:成交面积:深圳（2020年7月5日）,万平方米,2.06
2769,广东省,,,2020,商品房:成交面积:深圳（2020年7月6日）,万平方米,1.29
2770,广东省,,,2020,商品房:成交面积:深圳（2020年7月7日）,万平方米,1.19
2771,广东省,,,2020,商品房:成交面积:深圳（2020年7月8日）,万平方米,1.01
2772,广东省,,,2020,商品房:成交面积:深圳（2020年7月9日）,万平方米,0.65
2773,广东省,,,2020,商品房:成交面积:深圳（2020年8月10日）,万平方米,0.86
2774,广东省,,,2020,商品房:成交面积:深圳（2020年8月11日）,万平方米,1.27
2775,广东省,,,2020,商品房:成交面积:深圳（2020年8月12日）,万平方米,1.14
2776,广东省,,,2020,商品房:成交面积:深圳（2020年8月13日）,万平方米,0.81
2777,广东省,,,2020,商品房:成交面积:深圳（2020年8月14日）,万平方米,1.27
2778,广东省,,,2020,商品房:成交面积:深圳（2020年8月15日）,万平方米,1.1
2779,广东省,,,2020,商品房:成交面积:深圳（2020年8月16日）,万平方米,1.48
2780,广东省,,,2020,商品房:成交面积:深圳（2020年8月17日）,万平方米,1.39
2781,广东省,,,2020,商品房:成交面积:深圳（2020年8月18日）,万平方米,0.67
2782,广东省,,,2020,商品房:成交面积:深圳（2020年8月19日）,万平方米,0.67
2783,广东省,,,2020,商品房:成交面积:深圳（2020年8月1日）,万平方米,2.06
2784,广东省,,,2020,商品房:成交面积:深圳（2020年8月20日）,万平方米,0.27
2785,广东省,,,2020,商品房:成交面积:深圳（2020年8月21日）,万平方米,0.5
2786,广东省,,,2020,商品房:成交面积:深圳（2020年8月22日）,万平方米,0.52
2787,广东省,,,2020,商品房:成交面积:深圳（2020年8月23日）,万平方米,1.26
2788,广东省,,,2020,商品房:成交面积:深圳（2020年8月24日）,万平方米,0.72
2789,广东省,,,2020,商品房:成交面积:深圳（2020年8月25日）,万平方米,0.95
2790,广东省,,,2020,商品房:成交面积:深圳（2020年8月26日）,万平方米,0.3
2791,广东省,,,2020,商品房:成交面积:深圳（2020年8月27日）,万平方米,0.12
2792,广东省,,,2020,商品房:成交面积:深圳（2020年8月28日）,万平方米,0.51
2793,广东省,,,2020,商品房:成交面积:深圳（2020年8月29日）,万平方米,0.6
2794,广东省,,,2020,商品房:成交面积:深圳（2020年8月2日）,万平方米,0.14
2795,广东省,,,2020,商品房:成交面积:深圳（2020年8月30日）,万平方米,1.45
2796,广东省,,,2020,商品房:成交面积:深圳（2020年8月31日）,万平方米,0.88
2797,广东省,,,2020,商品房:成交面积:深圳（2020年8月3日）,万平方米,1.81
2798,广东省,,,2020,商品房:成交面积:深圳（2020年8月4日）,万平方米,1.78
2799,广东省,,,2020,商品房:成交面积:深圳（2020年8月5日）,万平方米,0.96
2800,广东省,,,2020,商品房:成交面积:深圳（2020年8月6日）,万平方米,0.57
2801,广东省,,,2020,商品房:成交面积:深圳（2020年8月7日）,万平方米,0.75
2802,广东省,,,2020,商品房:成交面积:深圳（2020年8月8日）,万平方米,1.47
2803,广东省,,,2020,商品房:成交面积:深圳（2020年8月9日）,万平方米,1.48
2804,广东省,,,2020,商品房:成交面积:深圳（2020年9月10日）,万平方米,0.5
2805,广东省,,,2020,商品房:成交面积:深圳（2020年9月11日）,万平方米,0.83
2806,广东省,,,2020,商品房:成交面积:深圳（2020年9月12日）,万平方米,1.81
2807,广东省,,,2020,商品房:成交面积:深圳（2020年9月13日）,万平方米,1.07
2808,广东省,,,2020,商品房:成交面积:深圳（2020年9月14日）,万平方米,0.55
2809,广东省,,,2020,商品房:成交面积:深圳（2020年9月15日）,万平方米,0.53
2810,广东省,,,2020,商品房:成交面积:深圳（2020年9月16日）,万平方米,0.41
2811,广东省,,,2020,商品房:成交面积:深圳（2020年9月17日）,万平方米,0.63
2812,广东省,,,2020,商品房:成交面积:深圳（2020年9月18日）,万平方米,1.99
2813,广东省,,,2020,商品房:成交面积:深圳（2020年9月19日）,万平方米,1.8
2814,广东省,,,2020,商品房:成交面积:深圳（2020年9月1日）,万平方米,5.72
2815,广东省,,,2020,商品房:成交面积:深圳（2020年9月20日）,万平方米,1.33
2816,广东省,,,2020,商品房:成交面积:深圳（2020年9月21日）,万平方米,1.5
2817,广东省,,,2020,商品房:成交面积:深圳（2020年9月22日）,万平方米,1.61
2818,广东省,,,2020,商品房:成交面积:深圳（2020年9月23日）,万平方米,0.66
2819,广东省,,,2020,商品房:成交面积:深圳（2020年9月24日）,万平方米,0.72
2820,广东省,,,2020,商品房:成交面积:深圳（2020年9月25日）,万平方米,0.76
2821,广东省,,,2020,商品房:成交面积:深圳（2020年9月26日）,万平方米,1.36
2822,广东省,,,2020,商品房:成交面积:深圳（2020年9月27日）,万平方米,1.1
2823,广东省,,,2020,商品房:成交面积:深圳（2020年9月28日）,万平方米,0.48
2824,广东省,,,2020,商品房:成交面积:深圳（2020年9月29日）,万平方米,0.41
2825,广东省,,,2020,商品房:成交面积:深圳（2020年9月2日）,万平方米,1.47
2826,广东省,,,2020,商品房:成交面积:深圳（2020年9月30日）,万平方米,1.69
2827,广东省,,,2020,商品房:成交面积:深圳（2020年9月3日）,万平方米,3.0
2828,广东省,,,2020,商品房:成交面积:深圳（2020年9月4日）,万平方米,0.41
2829,广东省,,,2020,商品房:成交面积:深圳（2020年9月5日）,万平方米,1.27
2830,广东省,,,2020,商品房:成交面积:深圳（2020年9月6日）,万平方米,0.95
2831,广东省,,,2020,商品房:成交面积:深圳（2020年9月7日）,万平方米,1.94
2832,广东省,,,2020,商品房:成交面积:深圳（2020年9月8日）,万平方米,1.83
2833,广东省,,,2020,商品房:成交面积:深圳（2020年9月9日）,万平方米,1.24
2834,广东省,,,2020,广东:公路货运量:当月值（2020年10月）,万吨,24077.0
2835,广东省,,,2020,广东:公路货运量:当月值（2020年11月）,万吨,24733.0
2836,广东省,,,2020,广东:公路货运量:当月值（2020年12月）,万吨,30395.0
2837,广东省,,,2020,广东:公路货运量:当月值（2020年1月）,万吨,19226.0
2838,广东省,,,2020,广东:公路货运量:当月值（2020年2月）,万吨,17602.0
2839,广东省,,,2020,广东:公路货运量:当月值（2020年3月）,万吨,20179.0
2840,广东省,,,2020,广东:公路货运量:当月值（2020年4月）,万吨,21502.0
2841,广东省,,,2020,广东:公路货运量:当月值（2020年5月）,万吨,22393.0
2842,广东省,,,2020,广东:公路货运量:当月值（2020年6月）,万吨,22815.0
2843,广东省,,,2020,广东:公路货运量:当月值（2020年7月）,万吨,23385.0
2844,广东省,,,2020,广东:公路货运量:当月值（2020年8月）,万吨,23210.0
2845,广东省,,,2020,广东:公路货运量:当月值（2020年9月）,万吨,23988.0
2846,广东省,,,2020,广东:水路货运量:当月值（2020年10月）,万吨,7730.0
2847,广东省,,,2020,广东:水路货运量:当月值（2020年11月）,万吨,8761.0
2848,广东省,,,2020,广东:水路货运量:当月值（2020年12月）,万吨,7396.0
2849,广东省,,,2020,广东:水路货运量:当月值（2020年1月）,万吨,6376.0
2850,广东省,,,2020,广东:水路货运量:当月值（2020年2月）,万吨,5657.0
2851,广东省,,,2020,广东:水路货运量:当月值（2020年3月）,万吨,5811.0
2852,广东省,,,2020,广东:水路货运量:当月值（2020年4月）,万吨,6388.0
2853,广东省,,,2020,广东:水路货运量:当月值（2020年5月）,万吨,6911.0
2854,广东省,,,2020,广东:水路货运量:当月值（2020年6月）,万吨,6936.0
2855,广东省,,,2020,广东:水路货运量:当月值（2020年7月）,万吨,6711.0
2856,广东省,,,2020,广东:水路货运量:当月值（2020年8月）,万吨,6491.0
2857,广东省,,,2020,广东:水路货运量:当月值（2020年9月）,万吨,6262.0
2858,广东省,,,2019,广东:公路货运量:当月值（2019年10月）,万吨,25105.0
2859,广东省,,,2019,广东:公路货运量:当月值（2019年11月）,万吨,25596.0
2860,广东省,,,2019,广东:公路货运量:当月值（2019年1月）,万吨,21104.0
2861,广东省,,,2019,广东:公路货运量:当月值（2019年2月）,万吨,18980.0
2862,广东省,,,2019,广东:公路货运量:当月值（2019年3月）,万吨,21255.0
2863,广东省,,,2019,广东:公路货运量:当月值（2019年4月）,万吨,22133.0
2864,广东省,,,2019,广东:公路货运量:当月值（2019年5月）,万吨,22813.0
2865,广东省,,,2019,广东:公路货运量:当月值（2019年6月）,万吨,23793.0
2866,广东省,,,2019,广东:公路货运量:当月值（2019年7月）,万吨,24022.0
2867,广东省,,,2019,广东:公路货运量:当月值（2019年8月）,万吨,24277.0
2868,广东省,,,2019,广东:公路货运量:当月值（2019年9月）,万吨,25289.0
2869,广东省,,,2019,广东:水路货运量:当月值（2019年10月）,万吨,7006.0
2870,广东省,,,2019,广东:水路货运量:当月值（2019年11月）,万吨,7044.0
2871,广东省,,,2019,广东:水路货运量:当月值（2019年12月）,万吨,4432.0
2872,广东省,,,2019,广东:水路货运量:当月值（2019年1月）,万吨,6291.0
2873,广东省,,,2019,广东:水路货运量:当月值（2019年2月）,万吨,5641.0
2874,广东省,,,2019,广东:水路货运量:当月值（2019年3月）,万吨,5944.0
2875,广东省,,,2019,广东:水路货运量:当月值（2019年4月）,万吨,5839.0
2876,广东省,,,2019,广东:水路货运量:当月值（2019年5月）,万吨,6242.0
2877,广东省,,,2019,广东:水路货运量:当月值（2019年6月）,万吨,6457.0
2878,广东省,,,2019,广东:水路货运量:当月值（2019年7月）,万吨,6711.0
2879,广东省,,,2019,广东:水路货运量:当月值（2019年8月）,万吨,6595.0
2880,广东省,,,2019,广东:水路货运量:当月值（2019年9月）,万吨,6911.0
2881,广东省,,,2018,广东:公路货运量:当月值（2018年10月）,万吨,22809.0
2882,广东省,,,2018,广东:公路货运量:当月值（2018年11月）,万吨,23671.0
2883,广东省,,,2018,广东:公路货运量:当月值（2018年1月）,万吨,25325.0
2884,广东省,,,2018,广东:公路货运量:当月值（2018年2月）,万吨,15149.0
2885,广东省,,,2018,广东:公路货运量:当月值（2018年3月）,万吨,24480.0
2886,广东省,,,2018,广东:公路货运量:当月值（2018年4月）,万吨,24382.0
2887,广东省,,,2018,广东:公路货运量:当月值（2018年5月）,万吨,21001.0
2888,广东省,,,2018,广东:公路货运量:当月值（2018年6月）,万吨,21236.0
2889,广东省,,,2018,广东:公路货运量:当月值（2018年7月）,万吨,21811.0
2890,广东省,,,2018,广东:公路货运量:当月值（2018年8月）,万吨,21817.0
2891,广东省,,,2018,广东:公路货运量:当月值（2018年9月）,万吨,22845.0
2892,广东省,,,2018,广东:水路货运量:当月值（2018年10月）,万吨,6763.0
2893,广东省,,,2018,广东:水路货运量:当月值（2018年11月）,万吨,6987.0
2894,广东省,,,2018,广东:水路货运量:当月值（2018年12月）,万吨,6985.0
2895,广东省,,,2018,广东:水路货运量:当月值（2018年1月）,万吨,5808.0
2896,广东省,,,2018,广东:水路货运量:当月值（2018年2月）,万吨,5725.0
2897,广东省,,,2018,广东:水路货运量:当月值（2018年3月）,万吨,5799.0
2898,广东省,,,2018,广东:水路货运量:当月值（2018年4月）,万吨,6230.0
2899,广东省,,,2018,广东:水路货运量:当月值（2018年5月）,万吨,6479.0
2900,广东省,,,2018,广东:水路货运量:当月值（2018年6月）,万吨,6503.0
2901,广东省,,,2018,广东:水路货运量:当月值（2018年7月）,万吨,6599.0
2902,广东省,,,2018,广东:水路货运量:当月值（2018年8月）,万吨,6509.0
2903,广东省,,,2018,广东:水路货运量:当月值（2018年9月）,万吨,6832.0
2904,广东省,,,2017,广东:公路货运量:当月值（2017年10月）,万吨,19923.0
2905,广东省,,,2017,广东:公路货运量:当月值（2017年11月）,万吨,20993.0
2906,广东省,,,2017,广东:公路货运量:当月值（2017年1月）,万吨,16649.0
2907,广东省,,,2017,广东:公路货运量:当月值（2017年2月）,万吨,15062.0
2908,广东省,,,2017,广东:公路货运量:当月值（2017年3月）,万吨,15668.0
2909,广东省,,,2017,广东:公路货运量:当月值（2017年4月）,万吨,16714.0
2910,广东省,,,2017,广东:公路货运量:当月值（2017年5月）,万吨,17589.0
2911,广东省,,,2017,广东:公路货运量:当月值（2017年6月）,万吨,17514.0
2912,广东省,,,2017,广东:公路货运量:当月值（2017年7月）,万吨,18124.0
2913,广东省,,,2017,广东:公路货运量:当月值（2017年8月）,万吨,18319.0
2914,广东省,,,2017,广东:公路货运量:当月值（2017年9月）,万吨,19504.0
2915,广东省,,,2017,广东:水路货运量:当月值（2017年10月）,万吨,5784.0
2916,广东省,,,2017,广东:水路货运量:当月值（2017年11月）,万吨,6168.0
2917,广东省,,,2017,广东:水路货运量:当月值（2017年1月）,万吨,5397.0
2918,广东省,,,2017,广东:水路货运量:当月值（2017年2月）,万吨,4836.0
2919,广东省,,,2017,广东:水路货运量:当月值（2017年3月）,万吨,5176.0
2920,广东省,,,2017,广东:水路货运量:当月值（2017年4月）,万吨,6094.0
2921,广东省,,,2017,广东:水路货运量:当月值（2017年5月）,万吨,5592.0
2922,广东省,,,2017,广东:水路货运量:当月值（2017年6月）,万吨,5914.0
2923,广东省,,,2017,广东:水路货运量:当月值（2017年7月）,万吨,5797.0
2924,广东省,,,2017,广东:水路货运量:当月值（2017年8月）,万吨,5670.0
2925,广东省,,,2017,广东:水路货运量:当月值（2017年9月）,万吨,6108.0
2926,广东省,,,2016,广东:公路货运量:当月值（2016年10月）,万吨,17102.0
2927,广东省,,,2016,广东:公路货运量:当月值（2016年11月）,万吨,18183.0
2928,广东省,,,2016,广东:公路货运量:当月值（2016年1月）,万吨,14126.0
2929,广东省,,,2016,广东:公路货运量:当月值（2016年2月）,万吨,13616.0
2930,广东省,,,2016,广东:公路货运量:当月值（2016年3月）,万吨,14324.0
2931,广东省,,,2016,广东:公路货运量:当月值（2016年4月）,万吨,14948.0
2932,广东省,,,2016,广东:公路货运量:当月值（2016年5月）,万吨,15364.0
2933,广东省,,,2016,广东:公路货运量:当月值（2016年6月）,万吨,15997.0
2934,广东省,,,2016,广东:公路货运量:当月值（2016年7月）,万吨,14830.0
2935,广东省,,,2016,广东:公路货运量:当月值（2016年8月）,万吨,16403.0
2936,广东省,,,2016,广东:公路货运量:当月值（2016年9月）,万吨,17015.0
2937,广东省,,,2016,广东:水路货运量:当月值（2016年10月）,万吨,5313.0
2938,广东省,,,2016,广东:水路货运量:当月值（2016年11月）,万吨,5677.0
2939,广东省,,,2016,广东:水路货运量:当月值（2016年1月）,万吨,3905.0
2940,广东省,,,2016,广东:水路货运量:当月值（2016年2月）,万吨,3937.0
2941,广东省,,,2016,广东:水路货运量:当月值（2016年3月）,万吨,4204.0
2942,广东省,,,2016,广东:水路货运量:当月值（2016年4月）,万吨,4360.0
2943,广东省,,,2016,广东:水路货运量:当月值（2016年5月）,万吨,4443.0
2944,广东省,,,2016,广东:水路货运量:当月值（2016年6月）,万吨,4405.0
2945,广东省,,,2016,广东:水路货运量:当月值（2016年7月）,万吨,3927.0
2946,广东省,,,2016,广东:水路货运量:当月值（2016年8月）,万吨,5083.0
2947,广东省,,,2016,广东:水路货运量:当月值（2016年9月）,万吨,5355.0
2948,广东省,,,2015,广东:公路货运量:当月值（2015年10月）,万吨,15278.0
2949,广东省,,,2015,广东:公路货运量:当月值（2015年11月）,万吨,15128.0
2950,广东省,,,2015,广东:公路货运量:当月值（2015年12月）,万吨,16974.0
2951,广东省,,,2015,广东:公路货运量:当月值（2015年1月）,万吨,12638.0
2952,广东省,,,2015,广东:公路货运量:当月值（2015年2月）,万吨,11741.0
2953,广东省,,,2015,广东:公路货运量:当月值（2015年3月）,万吨,12115.0
2954,广东省,,,2015,广东:公路货运量:当月值（2015年4月）,万吨,12745.0
2955,广东省,,,2015,广东:公路货运量:当月值（2015年5月）,万吨,13379.0
2956,广东省,,,2015,广东:公路货运量:当月值（2015年6月）,万吨,13813.0
2957,广东省,,,2015,广东:公路货运量:当月值（2015年7月）,万吨,13840.0
2958,广东省,,,2015,广东:公路货运量:当月值（2015年8月）,万吨,13999.0
2959,广东省,,,2015,广东:公路货运量:当月值（2015年9月）,万吨,14918.0
2960,广东省,,,2015,广东:水路货运量:当月值（2015年10月）,万吨,4331.0
2961,广东省,,,2015,广东:水路货运量:当月值（2015年11月）,万吨,4265.0
2962,广东省,,,2015,广东:水路货运量:当月值（2015年1月）,万吨,3636.0
2963,广东省,,,2015,广东:水路货运量:当月值（2015年2月）,万吨,3240.0
2964,广东省,,,2015,广东:水路货运量:当月值（2015年3月）,万吨,3517.0
2965,广东省,,,2015,广东:水路货运量:当月值（2015年4月）,万吨,3993.0
2966,广东省,,,2015,广东:水路货运量:当月值（2015年5月）,万吨,4066.0
2967,广东省,,,2015,广东:水路货运量:当月值（2015年6月）,万吨,4171.0
2968,广东省,,,2015,广东:水路货运量:当月值（2015年7月）,万吨,4106.0
2969,广东省,,,2015,广东:水路货运量:当月值（2015年8月）,万吨,4270.0
2970,广东省,,,2015,广东:水路货运量:当月值（2015年9月）,万吨,4392.0
2971,广东省,,,2014,广东:公路货运量:当月值（2014年10月）,万吨,13419.0
2972,广东省,,,2014,广东:公路货运量:当月值（2014年11月）,万吨,13320.0
2973,广东省,,,2014,广东:公路货运量:当月值（2014年12月）,万吨,11858.0
2974,广东省,,,2014,广东:公路货运量:当月值（2014年1月）,万吨,11264.0
2975,广东省,,,2014,广东:公路货运量:当月值（2014年2月）,万吨,9608.0
2976,广东省,,,2014,广东:公路货运量:当月值（2014年3月）,万吨,10266.0
2977,广东省,,,2014,广东:公路货运量:当月值（2014年4月）,万吨,10700.0
2978,广东省,,,2014,广东:公路货运量:当月值（2014年5月）,万吨,11763.0
2979,广东省,,,2014,广东:公路货运量:当月值（2014年6月）,万吨,11678.0
2980,广东省,,,2014,广东:公路货运量:当月值（2014年7月）,万吨,11697.0
2981,广东省,,,2014,广东:公路货运量:当月值（2014年8月）,万吨,12053.0
2982,广东省,,,2014,广东:公路货运量:当月值（2014年9月）,万吨,13070.0
2983,广东省,,,2014,广东:水路货运量:当月值（2014年10月）,万吨,3906.0
2984,广东省,,,2014,广东:水路货运量:当月值（2014年11月）,万吨,3740.0
2985,广东省,,,2014,广东:水路货运量:当月值（2014年4月）,万吨,3504.0
2986,广东省,,,2014,广东:水路货运量:当月值（2014年5月）,万吨,3615.0
2987,广东省,,,2014,广东:水路货运量:当月值（2014年6月）,万吨,3612.0
2988,广东省,,,2014,广东:水路货运量:当月值（2014年7月）,万吨,3680.0
2989,广东省,,,2014,广东:水路货运量:当月值（2014年8月）,万吨,3651.0
2990,广东省,,,2014,广东:水路货运量:当月值（2014年9月）,万吨,3746.0
2991,广东省,,,2013,广东:公路货运量:当月值（2013年10月）,万吨,11743.0
2992,广东省,,,2013,广东:公路货运量:当月值（2013年11月）,万吨,11624.0
2993,广东省,,,2013,广东:公路货运量:当月值（2013年1月）,万吨,9985.0
2994,广东省,,,2013,广东:公路货运量:当月值（2013年2月）,万吨,9727.0
2995,广东省,,,2013,广东:公路货运量:当月值（2013年3月）,万吨,10364.0
2996,广东省,,,2013,广东:公路货运量:当月值（2013年4月）,万吨,8286.0
2997,广东省,,,2013,广东:公路货运量:当月值（2013年5月）,万吨,10549.0
2998,广东省,,,2013,广东:公路货运量:当月值（2013年6月）,万吨,10564.0
2999,广东省,,,2013,广东:公路货运量:当月值（2013年7月）,万吨,11068.0
3000,广东省,,,2013,广东:公路货运量:当月值（2013年8月）,万吨,11373.0
3001,广东省,,,2013,广东:公路货运量:当月值（2013年9月）,万吨,11820.0
3002,广东省,,,2012,广东:公路货运量:当月值（2012年10月）,万吨,11151.0
3003,广东省,,,2012,广东:公路货运量:当月值（2012年11月）,万吨,11222.0
3004,广东省,,,2012,广东:公路货运量:当月值（2012年1月）,万吨,9753.0
3005,广东省,,,2012,广东:公路货运量:当月值（2012年2月）,万吨,8825.0
3006,广东省,,,2012,广东:公路货运量:当月值（2012年3月）,万吨,9814.0
3007,广东省,,,2012,广东:公路货运量:当月值（2012年4月）,万吨,10180.0
3008,广东省,,,2012,广东:公路货运量:当月值（2012年5月）,万吨,10131.0
3009,广东省,,,2012,广东:公路货运量:当月值（2012年6月）,万吨,10650.0
3010,广东省,,,2012,广东:公路货运量:当月值（2012年7月）,万吨,10799.0
3011,广东省,,,2012,广东:公路货运量:当月值（2012年8月）,万吨,11042.0
3012,广东省,,,2012,广东:公路货运量:当月值（2012年9月）,万吨,11001.0
3013,广东省,,,2012,广东:水路货运量:当月值（2012年10月）,万吨,2848.0
3014,广东省,,,2012,广东:水路货运量:当月值（2012年11月）,万吨,2590.0
3015,广东省,,,2012,广东:水路货运量:当月值（2012年1月）,万吨,2630.0
3016,广东省,,,2012,广东:水路货运量:当月值（2012年2月）,万吨,2385.0
3017,广东省,,,2012,广东:水路货运量:当月值（2012年3月）,万吨,2680.0
3018,广东省,,,2012,广东:水路货运量:当月值（2012年4月）,万吨,2776.0
3019,广东省,,,2012,广东:水路货运量:当月值（2012年5月）,万吨,2877.0
3020,广东省,,,2012,广东:水路货运量:当月值（2012年6月）,万吨,2752.0
3021,广东省,,,2012,广东:水路货运量:当月值（2012年7月）,万吨,2715.0
3022,广东省,,,2012,广东:水路货运量:当月值（2012年8月）,万吨,2856.0
3023,广东省,,,2012,广东:水路货运量:当月值（2012年9月）,万吨,2825.0
3024,广东省,,,2011,广东:公路货运量:当月值（2011年10月）,万吨,10020.0
3025,广东省,,,2011,广东:公路货运量:当月值（2011年11月）,万吨,10263.0
3026,广东省,,,2011,广东:公路货运量:当月值（2011年1月）,万吨,10853.0
3027,广东省,,,2011,广东:公路货运量:当月值（2011年2月）,万吨,7694.0
3028,广东省,,,2011,广东:公路货运量:当月值（2011年3月）,万吨,8688.0
3029,广东省,,,2011,广东:公路货运量:当月值（2011年4月）,万吨,9008.0
3030,广东省,,,2011,广东:公路货运量:当月值（2011年5月）,万吨,8922.0
3031,广东省,,,2011,广东:公路货运量:当月值（2011年6月）,万吨,9342.0
3032,广东省,,,2011,广东:公路货运量:当月值（2011年7月）,万吨,9560.0
3033,广东省,,,2011,广东:公路货运量:当月值（2011年8月）,万吨,9750.0
3034,广东省,,,2011,广东:公路货运量:当月值（2011年9月）,万吨,9907.0
3035,广东省,,,2011,广东:水路货运量:当月值（2011年10月）,万吨,2604.0
3036,广东省,,,2011,广东:水路货运量:当月值（2011年11月）,万吨,2662.0
3037,广东省,,,2011,广东:水路货运量:当月值（2011年1月）,万吨,2182.0
3038,广东省,,,2011,广东:水路货运量:当月值（2011年2月）,万吨,2135.0
3039,广东省,,,2011,广东:水路货运量:当月值（2011年3月）,万吨,2256.0
3040,广东省,,,2011,广东:水路货运量:当月值（2011年4月）,万吨,2691.0
3041,广东省,,,2011,广东:水路货运量:当月值（2011年5月）,万吨,2697.0
3042,广东省,,,2011,广东:水路货运量:当月值（2011年6月）,万吨,2735.0
3043,广东省,,,2011,广东:水路货运量:当月值（2011年7月）,万吨,2653.0
3044,广东省,,,2011,广东:水路货运量:当月值（2011年8月）,万吨,2584.0
3045,广东省,,,2011,广东:水路货运量:当月值（2011年9月）,万吨,2649.0
3046,广东省,,,2010,广东:公路货运量:当月值（2010年10月）,万吨,8571.0
3047,广东省,,,2010,广东:公路货运量:当月值（2010年11月）,万吨,8974.0
3048,广东省,,,2010,广东:公路货运量:当月值（2010年1月）,万吨,5855.0
3049,广东省,,,2010,广东:公路货运量:当月值（2010年2月）,万吨,6931.0
3050,广东省,,,2010,广东:公路货运量:当月值（2010年3月）,万吨,7416.0
3051,广东省,,,2010,广东:公路货运量:当月值（2010年4月）,万吨,7848.0
3052,广东省,,,2010,广东:公路货运量:当月值（2010年5月）,万吨,7845.0
3053,广东省,,,2010,广东:公路货运量:当月值（2010年6月）,万吨,7732.0
3054,广东省,,,2010,广东:公路货运量:当月值（2010年7月）,万吨,8110.0
3055,广东省,,,2010,广东:公路货运量:当月值（2010年8月）,万吨,8335.0
3056,广东省,,,2010,广东:公路货运量:当月值（2010年9月）,万吨,8542.0
3057,广东省,,,2010,广东:水路货运量:当月值（2010年10月）,万吨,2343.0
3058,广东省,,,2010,广东:水路货运量:当月值（2010年11月）,万吨,2382.0
3059,广东省,,,2010,广东:水路货运量:当月值（2010年1月）,万吨,1901.0
3060,广东省,,,2010,广东:水路货运量:当月值（2010年2月）,万吨,2008.0
3061,广东省,,,2010,广东:水路货运量:当月值（2010年3月）,万吨,2131.0
3062,广东省,,,2010,广东:水路货运量:当月值（2010年4月）,万吨,2264.0
3063,广东省,,,2010,广东:水路货运量:当月值（2010年5月）,万吨,2368.0
3064,广东省,,,2010,广东:水路货运量:当月值（2010年6月）,万吨,2404.0
3065,广东省,,,2010,广东:水路货运量:当月值（2010年7月）,万吨,2292.0
3066,广东省,,,2010,广东:水路货运量:当月值（2010年8月）,万吨,2309.0
3067,广东省,,,2010,广东:水路货运量:当月值（2010年9月）,万吨,2285.0
3068,广东省,,,2009,广东:公路货运量:当月值（2009年10月）,万吨,5879.0
3069,广东省,,,2009,广东:公路货运量:当月值（2009年11月）,万吨,7018.0
3070,广东省,,,2009,广东:公路货运量:当月值（2009年1月）,万吨,6137.0
3071,广东省,,,2009,广东:公路货运量:当月值（2009年2月）,万吨,6058.0
3072,广东省,,,2009,广东:公路货运量:当月值（2009年3月）,万吨,6665.0
3073,广东省,,,2009,广东:公路货运量:当月值（2009年4月）,万吨,6937.0
3074,广东省,,,2009,广东:公路货运量:当月值（2009年5月）,万吨,6150.0
3075,广东省,,,2009,广东:公路货运量:当月值（2009年6月）,万吨,4949.0
3076,广东省,,,2009,广东:公路货运量:当月值（2009年7月）,万吨,5867.0
3077,广东省,,,2009,广东:公路货运量:当月值（2009年8月）,万吨,5957.0
3078,广东省,,,2009,广东:公路货运量:当月值（2009年9月）,万吨,5991.0
3079,广东省,,,2009,广东:水路货运量:当月值（2009年10月）,万吨,1690.0
3080,广东省,,,2009,广东:水路货运量:当月值（2009年11月）,万吨,1720.0
3081,广东省,,,2009,广东:水路货运量:当月值（2009年1月）,万吨,1969.0
3082,广东省,,,2009,广东:水路货运量:当月值（2009年2月）,万吨,1754.0
3083,广东省,,,2009,广东:水路货运量:当月值（2009年3月）,万吨,1850.0
3084,广东省,,,2009,广东:水路货运量:当月值（2009年4月）,万吨,1936.0
3085,广东省,,,2009,广东:水路货运量:当月值（2009年5月）,万吨,1834.0
3086,广东省,,,2009,广东:水路货运量:当月值（2009年6月）,万吨,1456.0
3087,广东省,,,2009,广东:水路货运量:当月值（2009年7月）,万吨,1693.0
3088,广东省,,,2009,广东:水路货运量:当月值（2009年8月）,万吨,1733.0
3089,广东省,,,2009,广东:水路货运量:当月值（2009年9月）,万吨,1778.0
3090,广东省,,,2008,广东:公路货运量:当月值（2008年10月）,万吨,5507.0
3091,广东省,,,2008,广东:公路货运量:当月值（2008年11月）,万吨,6814.0
3092,广东省,,,2008,广东:公路货运量:当月值（2008年1月）,万吨,5927.0
3093,广东省,,,2008,广东:公路货运量:当月值（2008年2月）,万吨,5999.0
3094,广东省,,,2008,广东:公路货运量:当月值（2008年4月）,万吨,6320.0
3095,广东省,,,2008,广东:公路货运量:当月值（2008年5月）,万吨,5947.0
3096,广东省,,,2008,广东:公路货运量:当月值（2008年6月）,万吨,5968.0
3097,广东省,,,2008,广东:公路货运量:当月值（2008年7月）,万吨,5098.0
3098,广东省,,,2008,广东:公路货运量:当月值（2008年8月）,万吨,5278.0
3099,广东省,,,2008,广东:公路货运量:当月值（2008年9月）,万吨,5598.0
3100,广东省,,,2008,广东:水路货运量:当月值（2008年10月）,万吨,1831.0
3101,广东省,,,2008,广东:水路货运量:当月值（2008年11月）,万吨,1946.0
3102,广东省,,,2008,广东:水路货运量:当月值（2008年1月）,万吨,1638.0
3103,广东省,,,2008,广东:水路货运量:当月值（2008年2月）,万吨,1769.0
3104,广东省,,,2008,广东:水路货运量:当月值（2008年4月）,万吨,1831.0
3105,广东省,,,2008,广东:水路货运量:当月值（2008年5月）,万吨,1731.0
3106,广东省,,,2008,广东:水路货运量:当月值（2008年6月）,万吨,1790.0
3107,广东省,,,2008,广东:水路货运量:当月值（2008年7月）,万吨,1800.0
3108,广东省,,,2008,广东:水路货运量:当月值（2008年8月）,万吨,1979.0
3109,广东省,,,2008,广东:水路货运量:当月值（2008年9月）,万吨,1905.0
3110,广东省,,,2007,广东:公路货运量:当月值（2007年10月）,万吨,5500.0
3111,广东省,,,2007,广东:公路货运量:当月值（2007年11月）,万吨,5458.0
3112,广东省,,,2007,广东:公路货运量:当月值（2007年1月）,万吨,4172.0
3113,广东省,,,2007,广东:公路货运量:当月值（2007年2月）,万吨,4170.0
3114,广东省,,,2007,广东:公路货运量:当月值（2007年3月）,万吨,5020.0
3115,广东省,,,2007,广东:公路货运量:当月值（2007年4月）,万吨,4617.0
3116,广东省,,,2007,广东:公路货运量:当月值（2007年5月）,万吨,4096.0
3117,广东省,,,2007,广东:公路货运量:当月值（2007年6月）,万吨,4442.0
3118,广东省,,,2007,广东:公路货运量:当月值（2007年7月）,万吨,5312.0
3119,广东省,,,2007,广东:公路货运量:当月值（2007年8月）,万吨,5531.0
3120,广东省,,,2007,广东:公路货运量:当月值（2007年9月）,万吨,5585.0
3121,广东省,,,2007,广东:水路货运量:当月值（2007年10月）,万吨,1770.0
3122,广东省,,,2007,广东:水路货运量:当月值（2007年11月）,万吨,1754.0
3123,广东省,,,2007,广东:水路货运量:当月值（2007年8月）,万吨,1774.0
3124,广东省,,,2007,广东:水路货运量:当月值（2007年9月）,万吨,1824.0
3125,广东省,,,2006,广东:公路货运量:当月值（2006年10月）,万吨,5450.0
3126,广东省,,,2006,广东:公路货运量:当月值（2006年11月）,万吨,5460.0
3127,广东省,,,2006,广东:公路货运量:当月值（2006年1月）,万吨,6099.0
3128,广东省,,,2006,广东:公路货运量:当月值（2006年2月）,万吨,5028.0
3129,广东省,,,2006,广东:公路货运量:当月值（2006年3月）,万吨,5560.0
3130,广东省,,,2006,广东:公路货运量:当月值（2006年4月）,万吨,5426.0
3131,广东省,,,2006,广东:公路货运量:当月值（2006年5月）,万吨,4975.0
3132,广东省,,,2006,广东:公路货运量:当月值（2006年6月）,万吨,5025.0
3133,广东省,,,2006,广东:公路货运量:当月值（2006年7月）,万吨,5459.0
3134,广东省,,,2006,广东:公路货运量:当月值（2006年8月）,万吨,5461.0
3135,广东省,,,2006,广东:公路货运量:当月值（2006年9月）,万吨,5471.0
3136,广东省,,,2005,广东:公路货运量:当月值（2005年10月）,万吨,4396.0
3137,广东省,,,2005,广东:公路货运量:当月值（2005年11月）,万吨,5348.0
3138,广东省,,,2005,广东:公路货运量:当月值（2005年1月）,万吨,5339.0
3139,广东省,,,2005,广东:公路货运量:当月值（2005年2月）,万吨,4602.0
3140,广东省,,,2005,广东:公路货运量:当月值（2005年3月）,万吨,4457.0
3141,广东省,,,2005,广东:公路货运量:当月值（2005年4月）,万吨,4501.0
3142,广东省,,,2005,广东:公路货运量:当月值（2005年5月）,万吨,4615.0
3143,广东省,,,2005,广东:公路货运量:当月值（2005年6月）,万吨,4526.0
3144,广东省,,,2005,广东:公路货运量:当月值（2005年7月）,万吨,4215.0
3145,广东省,,,2005,广东:公路货运量:当月值（2005年8月）,万吨,4351.0
3146,广东省,,,2005,广东:公路货运量:当月值（2005年9月）,万吨,4423.0
3147,广东省,,,1974,广东:水路货运量:当月值（1974年1月）,万吨,1437.0
3148,广东省,,,1974,广东:水路货运量:当月值（1974年1月）,万吨,1487.0
3149,广东省,,,1974,广东:水路货运量:当月值（1974年1月）,万吨,1493.0
3150,广东省,,,1974,广东:水路货运量:当月值（1974年1月）,万吨,1513.0
3151,广东省,,,1974,广东:水路货运量:当月值（1974年1月）,万吨,1517.0
3152,广东省,,,1974,广东:水路货运量:当月值（1974年1月）,万吨,1542.0
3153,广东省,,,1974,广东:水路货运量:当月值（1974年1月）,万吨,1551.0
3154,广东省,,,1974,广东:水路货运量:当月值（1974年1月）,万吨,1559.0
3155,广东省,,,1974,广东:水路货运量:当月值（1974年1月）,万吨,1582.0
3156,广东省,,,1974,广东:水路货运量:当月值（1974年1月）,万吨,1603.0
3157,广东省,,,1974,广东:水路货运量:当月值（1974年1月）,万吨,1631.0
3158,广东省,,,1974,广东:水路货运量:当月值（1974年1月）,万吨,1635.0
3159,广东省,,,1974,广东:水路货运量:当月值（1974年1月）,万吨,1635.0
3160,广东省,,,1974,广东:水路货运量:当月值（1974年1月）,万吨,1652.0
3161,广东省,,,1974,广东:水路货运量:当月值（1974年1月）,万吨,1675.0
3162,广东省,,,1974,广东:水路货运量:当月值（1974年1月）,万吨,1676.0
3163,广东省,,,1974,广东:水路货运量:当月值（1974年1月）,万吨,1681.0
3164,广东省,,,1974,广东:水路货运量:当月值（1974年1月）,万吨,1684.0
3165,广东省,,,1974,广东:水路货运量:当月值（1974年1月）,万吨,1689.0
3166,广东省,,,1974,广东:水路货运量:当月值（1974年1月）,万吨,1691.0
3167,广东省,,,1974,广东:水路货运量:当月值（1974年1月）,万吨,1694.0
3168,广东省,,,1974,广东:水路货运量:当月值（1974年1月）,万吨,1702.0
3169,广东省,,,1974,广东:水路货运量:当月值（1974年1月）,万吨,1704.0
3170,广东省,,,1974,广东:水路货运量:当月值（1974年1月）,万吨,1722.0
3171,广东省,,,1974,广东:水路货运量:当月值（1974年1月）,万吨,1735.0
3172,广东省,,,1974,广东:水路货运量:当月值（1974年1月）,万吨,1749.0
3173,广东省,,,1974,广东:水路货运量:当月值（1974年1月）,万吨,1758.0
