id,year,bmCode,companyType,bmCompanyName,completedDate,listingDate,delistingDate,industryId,secondIndustryId,firstClassificationId,secondClassificationId,secondClassification,firstClassification,secondIndustry,industry,province,city,area,exchange,plate,ownership,multipleList,isResult,country,isDelete,companyStatusType,createTime,updateTime
2,2022,2,国外,长禾盛房地产开发发展公司,,,,,,0,0,,,住宅,房地产业,Ontario,Frankfurt,,TSE,,,0,1,日本,0,0,23/3/2026 09:32:16,23/3/2026 09:32:16
4,2022,4,国外,招晋昌通信股份公司,,,,,,0,0,,,软件和信息技术服务,信息传输、软件和信息技术服务业,Ontario,Toronto,,LSE,Growth,,0,1,,0,0,23/3/2026 09:32:16,23/3/2026 09:32:16
5,2022,5,国外,十控泽传媒发展公司,,,,,,0,0,,,水利、环境和公共设施管理业,水利、环境和公共设施管理业,California,Frankfurt,,LSE,Growth,,0,1,日本,0,0,23/3/2026 09:32:16,23/3/2026 09:32:16
10,2022,10,国外,盛锦联通信公司,,,,,,0,0,,,土木工程,建筑业,England,London,,TSX,Standard,,0,1,新加坡,0,0,23/3/2026 09:32:16,23/3/2026 09:32:16
11,2022,11,国外,润控航水务股份公司,,,,,,0,0,,,住宅,房地产业,Tokyo,Singapore,,NASDAQ,NASDAQ Global Select,,0,1,,0,0,23/3/2026 09:32:16,23/3/2026 09:32:16
18,2022,17,国外,远锦盛集成电路公司,,,,,,0,0,,,住宅,房地产业,Zurich,Singapore,,SGX,Prime,,0,1,新加坡,0,0,23/3/2026 09:32:16,23/3/2026 09:32:16
21,2022,200018,国外,冀芯骏财富管理有限公司,,,,,,0,0,,,建筑装饰,,Bavaria,New York,,TSE,NASDAQ Global Select,,0,1,日本,0,0,23/3/2026 09:32:16,23/3/2026 09:32:16
22,2022,19,国外,联园泽新能源汽车股份公司,,,,,,0,0,,,批发业,批发和零售业,Tokyo,Sydney,,NASDAQ,NASDAQ Global Select,,0,1,,0,0,23/3/2026 09:32:16,23/3/2026 09:32:16
26,2022,21,国外,盛泽盛水务科技公司,,,,,,0,0,,,物业管理,房地产业,Tokyo,,,LSE,Main Board,,0,1,,0,0,23/3/2026 09:32:16,23/3/2026 09:32:16
27,2022,22,国外,万白盛电子有限公司,,,,,,0,0,,,交通运输,,England,Frankfurt,,NASDAQ,Prime,,0,1,,0,0,23/3/2026 09:32:16,23/3/2026 09:32:16
28,2022,200022,国外,新工盛新能源汽车控股公司,,,,,,0,0,,,交通运输,,California,London,,TSX,Prime,,0,1,新加坡,0,0,23/3/2026 09:32:16,23/3/2026 09:32:16
30,2022,24,国外,凯能置贸易发展公司,,,,,,0,0,,,房地产,,Bavaria,,,,Main Board,,0,1,日本,0,0,23/3/2026 09:32:16,23/3/2026 09:32:16
32,2022,25,国外,物盈源化工有限公司,,,,,,0,0,,,批发业,批发和零售业,,Singapore,,,,,0,1,日本,0,0,23/3/2026 09:32:16,23/3/2026 09:32:16
34,2022,26,国外,瑞晋盛连锁有限公司,,,,,,0,0,,,零售业,批发和零售业,,Tokyo,,,Growth,,0,1,,0,0,23/3/2026 09:32:16,23/3/2026 09:32:16
37,2022,28,国外,绿芯远新材料科技公司,,,,,,0,0,,,物业管理,房地产业,,New York,,TSE,Growth,,0,1,,0,0,23/3/2026 09:32:16,23/3/2026 09:32:16
42,2022,200030,国外,十白迈电子科技公司,,,,,,0,0,,,汽车,,,New York,,SGX,Growth,,0,1,新加坡,0,0,23/3/2026 09:32:16,23/3/2026 09:32:16
43,2022,31,国外,众能源置业集团公司,,,,,,0,0,,,航空航天,铁路、船舶、航空航天和其他运输设备制造业,New South Wales,,,NYSE,,,0,1,新加坡,0,0,23/3/2026 09:32:16,23/3/2026 09:32:16
45,2022,33,国外,绿泽科实业控股公司,,,,,,0,0,,,休闲服务,,New South Wales,Tokyo,,LSE,Main Board,,0,1,新加坡,0,0,23/3/2026 09:32:16,23/3/2026 09:32:16
48,2022,36,国外,保尹澜连锁公司,,,,,,0,0,,,住宅,房地产业,Zurich,Singapore,,TSE,Growth,,0,1,新加坡,0,0,23/3/2026 09:32:16,23/3/2026 09:32:16
51,2022,38,国外,十海拓建筑设计有限公司,,,,,,0,0,,,其他专用设备制造业,专用设备制造业,,Tokyo,,LSE,Growth,,0,1,,0,0,23/3/2026 09:32:16,23/3/2026 09:32:16
55,2022,42,国外,华园迈船舶科技公司,,,,,,0,0,,,电机制造业,商业电气机械和器材制造业,Bavaria,Tokyo,,LSE,,,0,1,新加坡,0,0,23/3/2026 09:32:16,23/3/2026 09:32:16
57,2022,45,国外,盛盈源置业公司,,,,,,0,0,,,电子元件及设备,消费电子及电气业,New South Wales,Singapore,,NYSE,Main Board,,0,1,新加坡,0,0,23/3/2026 09:32:16,23/3/2026 09:32:16
59,2022,46,国外,高酷昌水电集团公司,,,,,,0,0,,,软件和信息技术服务,信息传输、软件和信息技术服务业,England,Toronto,,TSX,NASDAQ Global Select,,0,1,日本,0,0,23/3/2026 09:32:16,23/3/2026 09:32:16
66,2022,200056,国外,花澜锦医药有限公司,,,,,,0,0,,,房地产,,Zurich,London,,NASDAQ,,,0,1,新加坡,0,0,23/3/2026 09:32:16,23/3/2026 09:32:16
70,2022,60,国外,北车骏实业集团公司,,,,,,0,0,,,有色金属冶炼和压延加工业,金属冶炼和压延加工业,Tokyo,Tokyo,,XETRA,Growth,,0,1,新加坡,0,0,23/3/2026 09:32:16,23/3/2026 09:32:16
73,2022,63,国外,花白联环境科技公司,,,,,,0,0,,,通信传输设备业,通信传输设备业,California,,,LSE,,,0,1,,0,0,23/3/2026 09:32:16,23/3/2026 09:32:16
75,2022,66,国外,物泽锦综合开发集团公司,,,,,,0,0,,,电子元件及设备,消费电子及电气业,Bavaria,Frankfurt,,NYSE,Main Board,,0,1,日本,0,0,23/3/2026 09:32:16,23/3/2026 09:32:16
79,2022,78,国外,比晋瀚船舶股份公司,,,,,,0,0,,,零售业,批发和零售业,California,Tokyo,,ASX,,,0,1,,0,0,23/3/2026 09:32:16,23/3/2026 09:32:16
80,2022,88,国外,科通联新能源汽车股份公司,,,,,,0,0,,,陆路交通运输业,交通运输、仓储和邮政业,Zurich,Sydney,,ASX,Prime,,0,1,新加坡,0,0,23/3/2026 09:32:16,23/3/2026 09:32:16
81,2022,89,国外,十锦景通信科技公司,,,,,,0,0,,,航空交通运输业,交通运输、仓储和邮政业,Ontario,London,,LSE,Main Board,,0,1,日本,0,0,23/3/2026 09:32:16,23/3/2026 09:32:16
83,2022,96,国外,联芯盛电子控股公司,,,,,,0,0,,,批发业,批发和零售业,Bavaria,Sydney,,LSE,Growth,,0,1,,0,0,23/3/2026 09:32:16,23/3/2026 09:32:16
84,2022,99,国外,瑞芯远玻璃公司,,,,,,0,0,,,航空交通运输业,交通运输、仓储和邮政业,Zurich,,,ASX,NASDAQ Global Select,,0,1,新加坡,0,0,23/3/2026 09:32:16,23/3/2026 09:32:16
85,2022,100,国外,绿海禾水电控股公司,,,,,,0,0,,,电子元件及设备,消费电子及电气业,Zurich,Tokyo,,SGX,Main Board,,0,1,,0,0,23/3/2026 09:32:16,23/3/2026 09:32:16
86,2022,150,国外,物酷科化工集团公司,,,,,,0,0,,,医药生物,,Ontario,Singapore,,NYSE,Prime,,0,1,日本,0,0,23/3/2026 09:32:16,23/3/2026 09:32:16
92,2022,158,国外,远尹禾船舶科技公司,,,,,,0,0,,,软件和信息技术服务,信息传输、软件和信息技术服务业,Zurich,Singapore,,TSE,NASDAQ Global Select,,0,1,日本,0,0,23/3/2026 09:32:16,23/3/2026 09:32:16
94,2022,301,国外,众控迈电子科技公司,,,,,,0,0,,,精细化工,化学原料和化学制品制造业,Zurich,Singapore,,LSE,Main Board,,0,1,,0,0,23/3/2026 09:32:16,23/3/2026 09:32:16
100,2022,407,国外,绿课迈医药公司,,,,,,0,0,,,燃气生产和供应业,电力、热力、燃气及水生产和供应业,,Toronto,,,,,0,1,新加坡,0,0,23/3/2026 09:32:16,23/3/2026 09:32:16
107,2022,415,国外,新电泰医药科技公司,,,,,,0,0,,,租赁业,租赁和商务服务业,,London,,NASDAQ,Standard,,0,1,日本,0,0,23/3/2026 09:32:16,23/3/2026 09:32:16
108,2022,416,国外,长能景医药有限公司,,,,,,0,0,,,多元金融,金融业,Bavaria,Sydney,,TSX,,,0,1,新加坡,0,0,23/3/2026 09:32:16,23/3/2026 09:32:16
109,2022,417,国外,科电联生物科技公司,,,,,,0,0,,,零售业,批发和零售业,Bavaria,,,NASDAQ,NASDAQ Global Select,,0,1,新加坡,0,0,23/3/2026 09:32:16,23/3/2026 09:32:16
111,2022,200418,国外,明白锦新能源汽车科技公司,,,,,,0,0,,,家用电器,,England,New York,,XETRA,Standard,,0,1,日本,0,0,23/3/2026 09:32:16,23/3/2026 09:32:16
126,2022,501,国外,冀工源集成电路发展公司,,,,,,0,0,,,零售业,批发和零售业,California,London,,NYSE,Growth,,0,1,新加坡,0,0,23/3/2026 09:32:16,23/3/2026 09:32:16
128,2022,503,国外,十桥科船舶控股公司,,,,,,0,0,,,制药,医药制造业,California,,,TSX,,,0,1,日本,0,0,23/3/2026 09:32:16,23/3/2026 09:32:16
135,2022,510,国外,瑞会创水务科技公司,,,,,,0,0,,,多元金融,金融业,Bavaria,Sydney,,TSE,Standard,,0,1,,0,0,23/3/2026 09:32:16,23/3/2026 09:32:16
136,2022,511,国外,瑞白骏电子控股公司,,,,,,0,0,,,有色金属,,,Tokyo,,TSE,Prime,,0,1,日本,0,0,23/3/2026 09:32:16,23/3/2026 09:32:16
142,2022,517,国外,高澜启水务集团公司,,,,,,0,0,,,水路交通运输业,交通运输、仓储和邮政业,Zurich,Tokyo,,XETRA,Main Board,,0,1,,0,0,23/3/2026 09:32:16,23/3/2026 09:32:16
144,2022,519,国外,星电拓电器发展公司,,,,,,0,0,,,其他专用设备制造业,专用设备制造业,California,New York,,NASDAQ,Main Board,,0,1,新加坡,0,0,23/3/2026 09:32:16,23/3/2026 09:32:16
146,2022,521,国外,十城置建设开发股份公司,,,,,,0,0,,,家用电器,消费电子及电气业,,Tokyo,,LSE,,,0,1,日本,0,0,23/3/2026 09:32:16,23/3/2026 09:32:16
147,2022,200521,国外,比通盛置业股份公司,,,,,,0,0,,,家用电器,,Ontario,London,,ASX,Growth,,0,1,新加坡,0,0,23/3/2026 09:32:16,23/3/2026 09:32:16
148,2022,522,国外,高晋澜环境科技控股公司,,,,,,0,0,,,医药生物,,Ontario,Tokyo,,XETRA,Prime,,0,1,,0,0,23/3/2026 09:32:16,23/3/2026 09:32:16
152,2022,526,国外,凯海景贸易公司,,,,,,0,0,,,零售业,批发和零售业,England,Tokyo,,ASX,Main Board,,0,1,新加坡,0,0,23/3/2026 09:32:16,23/3/2026 09:32:16
158,2022,531,国外,明酷景通信控股公司,,,,,,0,0,,,家具制造业,家具制造业,England,Toronto,,TSE,,,0,1,,0,0,23/3/2026 09:32:16,23/3/2026 09:32:16
159,2022,532,国外,润澜泰集成电路发展公司,,,,,,0,0,,,综合,综合,Ontario,Toronto,,TSE,NASDAQ Global Select,,0,1,,0,0,23/3/2026 09:32:16,23/3/2026 09:32:16
163,2022,537,国外,保城泰水务公司,,,,,,0,0,,,电力热力生产和供应业,电力、热力、燃气及水生产和供应业,New South Wales,Singapore,,ASX,Main Board,,0,1,新加坡,0,0,23/3/2026 09:32:16,23/3/2026 09:32:16
169,2022,200541,国外,新澜航水务发展公司,,,,,,0,0,,,电子,,England,Singapore,,NASDAQ,Main Board,,0,1,,0,0,23/3/2026 09:32:16,23/3/2026 09:32:16
170,2022,543,国外,联能拓生物科技集团公司,,,,,,0,0,,,互联网和相关服务,信息传输、软件和信息技术服务业,Ontario,,,TSX,Prime,,0,1,,0,0,23/3/2026 09:32:16,23/3/2026 09:32:16
172,2022,545,国外,科会锦置业有限公司,,,,,,0,0,,,化工原料,化学原料和化学制品制造业,California,Singapore,,,Growth,,0,1,,0,0,23/3/2026 09:32:16,23/3/2026 09:32:16
173,2022,546,国外,启车禾建筑设计股份公司,,,,,,0,0,,,精细化工,化学原料和化学制品制造业,England,London,,SGX,Growth,,0,1,日本,0,0,23/3/2026 09:32:16,23/3/2026 09:32:16
175,2022,548,国外,联新澜数据服务股份公司,,,,,,0,0,,,陆路交通运输业,交通运输、仓储和邮政业,,London,,NYSE,Prime,,0,1,日本,0,0,23/3/2026 09:32:16,23/3/2026 09:32:16
177,2022,550,国外,绿通润实业发展公司,,,,,,0,0,,,整车制造业,汽车制造业,New South Wales,Frankfurt,,SGX,Growth,,0,1,新加坡,0,0,23/3/2026 09:32:16,23/3/2026 09:32:16
178,2022,200550,国外,润城智化工有限公司,,,,,,0,0,,,汽车,,California,Frankfurt,,TSE,,,0,1,,0,0,23/3/2026 09:32:16,23/3/2026 09:32:16
184,2022,555,国外,华尹航玻璃发展公司,,,,,,0,0,,,软件和信息技术服务,信息传输、软件和信息技术服务业,,Sydney,,TSE,,,0,1,新加坡,0,0,23/3/2026 09:32:16,23/3/2026 09:32:16
185,2022,557,国外,恒电瀚新材料科技公司,,,,,,0,0,,,卫生和社会工作,卫生和社会工作,Ontario,London,,TSX,Standard,,0,1,新加坡,0,0,23/3/2026 09:32:16,23/3/2026 09:32:16
186,2022,558,国外,盛城拓置业有限公司,,,,,,0,0,,,通用设备制造业,通用设备制造业,Ontario,New York,,LSE,NASDAQ Global Select,,0,1,日本,0,0,23/3/2026 09:32:16,23/3/2026 09:32:16
188,2022,560,国外,长环科化工科技公司,,,,,,0,0,,,房地产中介,房地产业,Zurich,Frankfurt,,SGX,,,0,1,日本,0,0,23/3/2026 09:32:16,23/3/2026 09:32:16
189,2022,561,国外,冀酷瀚新能源汽车股份公司,,,,,,0,0,,,通信传输设备业,通信传输设备业,California,London,,TSX,Standard,,0,1,,0,0,23/3/2026 09:32:16,23/3/2026 09:32:16
190,2022,562,国外,花通远批发发展公司,,,,,,0,0,,,非银金融,,New South Wales,London,,SGX,Main Board,,0,1,,0,0,23/3/2026 09:32:16,23/3/2026 09:32:16
195,2022,567,国外,瑞电禾零售科技公司,,,,,,0,0,,,多元金融,金融业,Zurich,Sydney,,,Prime,,0,1,日本,0,0,23/3/2026 09:32:16,23/3/2026 09:32:16
196,2022,568,国外,润工启贸易科技公司,,,,,,0,0,,,酒业,食品饮料业,Bavaria,London,,NYSE,Main Board,,0,1,日本,0,0,23/3/2026 09:32:16,23/3/2026 09:32:16
198,2022,570,国外,盛芯锦水务公司,,,,,,0,0,,,通用设备制造业,通用设备制造业,Zurich,Frankfurt,,,,,0,1,新加坡,0,0,23/3/2026 09:32:16,23/3/2026 09:32:16
202,2022,573,国外,润海盛医药公司,,,,,,0,0,,,住宅,房地产业,,Toronto,,,Standard,,0,1,日本,0,0,23/3/2026 09:32:16,23/3/2026 09:32:16
205,2022,581,国外,花澜昌新材料股份公司,,,,,,0,0,,,汽车零部件制造业,汽车制造业,England,Tokyo,,ASX,,,0,1,新加坡,0,0,23/3/2026 09:32:16,23/3/2026 09:32:16
206,2022,200581,国外,华澜骏医药科技公司,,,,,,0,0,,,汽车,,,Sydney,,,Standard,,0,1,日本,0,0,23/3/2026 09:32:16,23/3/2026 09:32:16
209,2022,585,国外,瑞新瀚数据服务集团公司,,,,,,0,0,,,电气设备,,Ontario,New York,,NYSE,,,0,1,,0,0,23/3/2026 09:32:16,23/3/2026 09:32:16
211,2022,587,国外,万新创通信控股公司,,,,,,0,0,,,废弃资源综合利用业,废弃资源综合利用业,Ontario,,,ASX,Standard,,0,1,日本,0,0,23/3/2026 09:32:16,23/3/2026 09:32:16
213,2022,590,国外,冀环创零售发展公司,,,,,,0,0,,,制药,医药制造业,Ontario,New York,,TSE,Standard,,0,1,,0,0,23/3/2026 09:32:16,23/3/2026 09:32:16
214,2022,591,国外,碧源泰零售发展公司,,,,,,0,0,,,电力热力生产和供应业,电力、热力、燃气及水生产和供应业,Tokyo,London,,,NASDAQ Global Select,,0,1,日本,0,0,23/3/2026 09:32:16,23/3/2026 09:32:16
215,2022,592,国外,北禾盛综合开发控股公司,,,,,,0,0,,,林业,农、林、牧、渔业,Zurich,Frankfurt,,,,,0,1,新加坡,0,0,23/3/2026 09:32:16,23/3/2026 09:32:16
216,2022,593,国外,高能泽新能源汽车股份公司,,,,,,0,0,,,燃气生产和供应业,电力、热力、燃气及水生产和供应业,New South Wales,Sydney,,,Growth,,0,1,日本,0,0,23/3/2026 09:32:16,23/3/2026 09:32:16
217,2022,594,国外,凯酷润电子有限公司,,,,,,0,0,,,交通运输,,England,London,,XETRA,Growth,,0,1,新加坡,0,0,23/3/2026 09:32:16,23/3/2026 09:32:16
221,2022,597,国外,新阳置建筑设计有限公司,,,,,,0,0,,,制药,医药制造业,California,Tokyo,,,Prime,,0,1,,0,0,23/3/2026 09:32:16,23/3/2026 09:32:16
223,2022,599,国外,科园盛传媒科技公司,,,,,,0,0,,,汽车零部件制造业,汽车制造业,Tokyo,Toronto,,TSX,Main Board,,0,1,新加坡,0,0,23/3/2026 09:32:16,23/3/2026 09:32:16
226,2022,602,国外,高电昌零售有限公司,,,,,,0,0,,,零售业,批发和零售业,England,Tokyo,,ASX,Main Board,,0,1,日本,0,0,23/3/2026 09:32:16,23/3/2026 09:32:16
229,2022,606,国外,高园骏玻璃控股公司,,,,,,0,0,,,互联网和相关服务,信息传输、软件和信息技术服务业,,Sydney,,,,,0,1,新加坡,0,0,23/3/2026 09:32:16,23/3/2026 09:32:16
231,2022,608,国外,保工澜玻璃集团公司,,,,,,0,0,,,商业地产,房地产业,California,New York,,SGX,Standard,,0,1,日本,0,0,23/3/2026 09:32:16,23/3/2026 09:32:16
232,2022,609,国外,招工盛置业公司,,,,,,0,0,,,综合,综合,California,Sydney,,,Prime,,0,1,日本,0,0,23/3/2026 09:32:16,23/3/2026 09:32:16
233,2022,610,国外,瑞澜骏传媒有限公司,,,,,,0,0,,,水利、环境和公共设施管理业,水利、环境和公共设施管理业,Bavaria,Frankfurt,,TSE,Main Board,,0,1,新加坡,0,0,23/3/2026 09:32:16,23/3/2026 09:32:16
235,2022,612,国外,高澜景批发集团公司,,,,,,0,0,,,有色金属冶炼和压延加工业,金属冶炼和压延加工业,New South Wales,London,,TSE,Standard,,0,1,日本,0,0,23/3/2026 09:32:16,23/3/2026 09:32:16
237,2022,200613,国外,盛环泽贸易控股公司,,,,,,0,0,,,休闲服务,,Tokyo,Singapore,,LSE,NASDAQ Global Select,,0,1,日本,0,0,23/3/2026 09:32:16,23/3/2026 09:32:16
239,2022,616,国外,招白联生物科技股份公司,,,,,,0,0,,,住宅,房地产业,Zurich,Tokyo,,TSX,,,0,1,,0,0,23/3/2026 09:32:16,23/3/2026 09:32:16
240,2022,617,国外,北禾远新能源汽车发展公司,,,,,,0,0,,,证券,金融业,Bavaria,Frankfurt,,XETRA,Standard,,0,1,,0,0,23/3/2026 09:32:16,23/3/2026 09:32:16
241,2022,619,国外,花白航通信有限公司,,,,,,0,0,,,塑料制品,橡胶和塑料制品业,Tokyo,,,TSE,,,0,1,,0,0,23/3/2026 09:32:16,23/3/2026 09:32:16
246,2022,200625,国外,恒芯瀚城市发展有限公司,,,,,,0,0,,,汽车,,New South Wales,Sydney,,TSX,Prime,,0,1,,0,0,23/3/2026 09:32:16,23/3/2026 09:32:16
247,2022,626,国外,高工禾传媒集团公司,,,,,,0,0,,,批发业,批发和零售业,Tokyo,New York,,SGX,Prime,,0,1,新加坡,0,0,23/3/2026 09:32:16,23/3/2026 09:32:16
249,2022,628,国外,润达航水务发展公司,,,,,,0,0,,,房屋建筑,建筑业,Zurich,London,,TSX,Standard,,0,1,新加坡,0,0,23/3/2026 09:32:16,23/3/2026 09:32:16
262,2022,652,国外,万能启新能源汽车公司,,,,,,0,0,,,批发业,批发和零售业,Bavaria,London,,TSX,Standard,,0,1,,0,0,23/3/2026 09:32:16,23/3/2026 09:32:16
265,2022,657,国外,科桥源连锁公司,,,,,,0,0,,,有色金属冶炼和压延加工业,金属冶炼和压延加工业,England,New York,,ASX,Standard,,0,1,,0,0,23/3/2026 09:32:16,23/3/2026 09:32:16
266,2022,659,国外,绿盈润水务发展公司,,,,,,0,0,,,塑料制品,橡胶和塑料制品业,Zurich,Singapore,,NASDAQ,Prime,,0,1,新加坡,0,0,23/3/2026 09:32:16,23/3/2026 09:32:16
268,2022,662,国外,物业泽通信发展公司,,,,,,0,0,,,计算机,,,Toronto,,SGX,Main Board,,0,1,日本,0,0,23/3/2026 09:32:16,23/3/2026 09:32:16
271,2022,666,国外,高盈景连锁控股公司,,,,,,0,0,,,证券,金融业,California,Toronto,,,Main Board,,0,1,日本,0,0,23/3/2026 09:32:16,23/3/2026 09:32:16
275,2022,670,国外,碧新禾批发发展公司,,,,,,0,0,,,半导体业,半导体业,New South Wales,New York,,LSE,Standard,,0,1,新加坡,0,0,23/3/2026 09:32:16,23/3/2026 09:32:16
280,2022,677,国外,恒阳澜建筑设计科技公司,,,,,,0,0,,,化学纤维制造业,化学纤维制造业,,Tokyo,,NASDAQ,NASDAQ Global Select,,0,1,,0,0,23/3/2026 09:32:16,23/3/2026 09:32:16
281,2022,678,国外,高白启医药股份公司,,,,,,0,0,,,通用设备制造业,通用设备制造业,Tokyo,Toronto,,,,,0,1,,0,0,23/3/2026 09:32:16,23/3/2026 09:32:16
282,2022,679,国外,华晋迈金融科技公司,,,,,,0,0,,,零售业,批发和零售业,,Toronto,,NASDAQ,NASDAQ Global Select,,0,1,,0,0,23/3/2026 09:32:16,23/3/2026 09:32:16
287,2022,685,国外,联阳航建设开发控股公司,,,,,,0,0,,,水生产和供应业,电力、热力、燃气及水生产和供应业,England,New York,,NYSE,Growth,,0,1,日本,0,0,23/3/2026 09:32:16,23/3/2026 09:32:16
288,2022,686,国外,北业盛置业股份公司,,,,,,0,0,,,证券,金融业,England,London,,XETRA,Standard,,0,1,日本,0,0,23/3/2026 09:32:16,23/3/2026 09:32:16
291,2022,690,国外,花泽置新材料公司,,,,,,0,0,,,电力热力生产和供应业,电力、热力、燃气及水生产和供应业,Bavaria,Tokyo,,TSE,,,0,1,日本,0,0,23/3/2026 09:32:16,23/3/2026 09:32:16
292,2022,691,国外,联达禾贸易控股公司,,,,,,0,0,,,化工原料,化学原料和化学制品制造业,California,Frankfurt,,,Prime,,0,1,日本,0,0,23/3/2026 09:32:16,23/3/2026 09:32:16
293,2022,692,国外,高达启软件股份公司,,,,,,0,0,,,电力热力生产和供应业,电力、热力、燃气及水生产和供应业,Ontario,Frankfurt,,XETRA,Prime,,0,1,,0,0,23/3/2026 09:32:16,23/3/2026 09:32:16
297,2022,697,国外,华城泰生物科技集团公司,,,,,,0,0,,,航空航天,铁路、船舶、航空航天和其他运输设备制造业,England,Singapore,,XETRA,Standard,,0,1,新加坡,0,0,23/3/2026 09:32:16,23/3/2026 09:32:16
301,2022,702,国外,星车泽传媒控股公司,,,,,,0,0,,,食品业,食品饮料业,New South Wales,Tokyo,,,Main Board,,0,1,日本,0,0,23/3/2026 09:32:16,23/3/2026 09:32:16
303,2022,705,国外,华酷瀚建筑设计集团公司,,,,,,0,0,,,批发业,批发和零售业,,Sydney,,XETRA,Standard,,0,1,新加坡,0,0,23/3/2026 09:32:16,23/3/2026 09:32:16
305,2022,708,国外,物城盛医药有限公司,,,,,,0,0,,,黑色金属冶炼和压延加工业,金属冶炼和压延加工业,New South Wales,London,,XETRA,Growth,,0,1,日本,0,0,23/3/2026 09:32:16,23/3/2026 09:32:16
307,2022,710,国外,北源盛通信科技公司,,,,,,0,0,,,医药研发服务,科学研究和技术服务业,England,Frankfurt,,TSE,Standard,,0,1,,0,0,23/3/2026 09:32:16,23/3/2026 09:32:16
309,2022,712,国外,恒环泽集成电路股份公司,,,,,,0,0,,,证券,金融业,New South Wales,Singapore,,LSE,NASDAQ Global Select,,0,1,新加坡,0,0,23/3/2026 09:32:16,23/3/2026 09:32:16
310,2022,713,国外,启业联集成电路有限公司,,,,,,0,0,,,农业,农、林、牧、渔业,California,Frankfurt,,XETRA,Growth,,0,1,,0,0,23/3/2026 09:32:16,23/3/2026 09:32:16
311,2022,715,国外,盛锦泽软件发展公司,,,,,,0,0,,,零售业,批发和零售业,England,Sydney,,SGX,,,0,1,日本,0,0,23/3/2026 09:32:16,23/3/2026 09:32:16
312,2022,716,国外,凯能景新能源汽车集团公司,,,,,,0,0,,,食品业,食品饮料业,,London,,LSE,Main Board,,0,1,新加坡,0,0,23/3/2026 09:32:16,23/3/2026 09:32:16
315,2022,719,国外,联电航水电有限公司,,,,,,0,0,,,文化、体育和娱乐业,文化、体育和娱乐业,Bavaria,Frankfurt,,SGX,Prime,,0,1,,0,0,23/3/2026 09:32:16,23/3/2026 09:32:16
317,2022,721,国外,招盈联化工发展公司,,,,,,0,0,,,餐饮业,住宿和餐饮业,California,Singapore,,LSE,Growth,,0,1,新加坡,0,0,23/3/2026 09:32:16,23/3/2026 09:32:16
318,2022,722,国外,联尹锦新材料公司,,,,,,0,0,,,电力热力生产和供应业,电力、热力、燃气及水生产和供应业,,Tokyo,,LSE,Prime,,0,1,新加坡,0,0,23/3/2026 09:32:16,23/3/2026 09:32:16
324,2022,727,国外,星达骏建筑设计发展公司,,,,,,0,0,,,电子元件及设备,消费电子及电气业,Bavaria,New York,,ASX,Prime,,0,1,新加坡,0,0,23/3/2026 09:32:16,23/3/2026 09:32:16
325,2022,728,国外,启澜拓连锁控股公司,,,,,,0,0,,,证券,金融业,Zurich,Frankfurt,,,NASDAQ Global Select,,0,1,新加坡,0,0,23/3/2026 09:32:16,23/3/2026 09:32:16
330,2022,735,国外,明桥盛传媒科技公司,,,,,,0,0,,,牧业,农、林、牧、渔业,New South Wales,Tokyo,,TSE,NASDAQ Global Select,,0,1,日本,0,0,23/3/2026 09:32:16,23/3/2026 09:32:16
334,2022,739,国外,众新联建筑设计控股公司,,,,,,0,0,,,制药,医药制造业,New South Wales,Tokyo,,NYSE,Growth,,0,1,日本,0,0,23/3/2026 09:32:16,23/3/2026 09:32:16
338,2022,752,国外,高桥澜船舶发展公司,,,,,,0,0,,,酒业,食品饮料业,,Singapore,,LSE,Growth,,0,1,,0,0,23/3/2026 09:32:16,23/3/2026 09:32:16
347,2022,200761,国外,绿能泰电器控股公司,,,,,,0,0,,,钢铁,,Bavaria,Frankfurt,,ASX,Growth,,0,1,新加坡,0,0,23/3/2026 09:32:16,23/3/2026 09:32:16
351,2022,768,国外,招园盛集成电路控股公司,,,,,,0,0,,,航空航天,铁路、船舶、航空航天和其他运输设备制造业,California,Toronto,,SGX,Growth,,0,1,,0,0,23/3/2026 09:32:16,23/3/2026 09:32:16
353,2022,777,国外,高芯禾电子发展公司,,,,,,0,0,,,通用设备制造业,通用设备制造业,California,,,NYSE,Growth,,0,1,新加坡,0,0,23/3/2026 09:32:16,23/3/2026 09:32:16
357,2022,782,国外,盛源澜软件股份公司,,,,,,0,0,,,化学纤维制造业,化学纤维制造业,Ontario,Tokyo,,,NASDAQ Global Select,,0,1,新加坡,0,0,23/3/2026 09:32:16,23/3/2026 09:32:16
367,2022,795,国外,润新盛零售公司,,,,,,0,0,,,其他非金属制品业,非金属矿物制品业,Bavaria,Tokyo,,NYSE,NASDAQ Global Select,,0,1,新加坡,0,0,23/3/2026 09:32:16,23/3/2026 09:32:16
369,2022,797,国外,启工航生物科技发展公司,,,,,,0,0,,,住宅,房地产业,Zurich,,,NYSE,Standard,,0,1,新加坡,0,0,23/3/2026 09:32:16,23/3/2026 09:32:16
378,2022,809,国外,润禾泰零售股份公司,,,,,,0,0,,,水利、环境和公共设施管理业,水利、环境和公共设施管理业,California,Tokyo,,XETRA,Main Board,,0,1,,0,0,23/3/2026 09:32:16,23/3/2026 09:32:16
379,2022,810,国外,冀能联医药发展公司,,,,,,0,0,,,家用电器,消费电子及电气业,California,Singapore,,TSE,Prime,,0,1,新加坡,0,0,23/3/2026 09:32:16,23/3/2026 09:32:16
381,2022,812,国外,凯工航新材料科技公司,,,,,,0,0,,,印刷和记录媒介复制业,印刷和记录媒介复制业,,Toronto,,TSX,Growth,,0,1,日本,0,0,23/3/2026 09:32:16,23/3/2026 09:32:16
382,2022,813,国外,润锦盛数据服务有限公司,,,,,,0,0,,,制药,医药制造业,Tokyo,Sydney,,TSE,,,0,1,日本,0,0,23/3/2026 09:32:16,23/3/2026 09:32:16
386,2022,819,国外,碧泽骏水电控股公司,,,,,,0,0,,,石油加工、炼焦和核燃料加工业,石油加工、炼焦和核燃料加工业,Zurich,Singapore,,XETRA,Main Board,,0,1,日本,0,0,23/3/2026 09:32:16,23/3/2026 09:32:16
389,2022,822,国外,联环盛数据服务股份公司,,,,,,0,0,,,化工原料,化学原料和化学制品制造业,New South Wales,Frankfurt,,,Prime,,0,1,日本,0,0,23/3/2026 09:32:16,23/3/2026 09:32:16
391,2022,825,国外,高禾智通信公司,,,,,,0,0,,,黑色金属冶炼和压延加工业,金属冶炼和压延加工业,New South Wales,,,LSE,Main Board,,0,1,日本,0,0,23/3/2026 09:32:16,23/3/2026 09:32:16
392,2022,826,国外,长通科财富管理公司,,,,,,0,0,,,水利、环境和公共设施管理业,水利、环境和公共设施管理业,California,,,ASX,Prime,,0,1,日本,0,0,23/3/2026 09:32:16,23/3/2026 09:32:16
393,2022,828,国外,碧泽远环境科技集团公司,,,,,,0,0,,,陆路交通运输业,交通运输、仓储和邮政业,Zurich,Tokyo,,NYSE,Standard,,0,1,新加坡,0,0,23/3/2026 09:32:16,23/3/2026 09:32:16
401,2022,838,国外,物通瀚电器有限公司,,,,,,0,0,,,住宅,房地产业,,Toronto,,TSE,NASDAQ Global Select,,0,1,日本,0,0,23/3/2026 09:32:16,23/3/2026 09:32:16
402,2022,839,国外,长芯创房地产开发发展公司,,,,,,0,0,,,电信、广播电视和卫星传输服务,信息传输、软件和信息技术服务业,Zurich,New York,,SGX,Main Board,,0,1,新加坡,0,0,23/3/2026 09:32:16,23/3/2026 09:32:16
404,2022,850,国外,星阳骏软件集团公司,,,,,,0,0,,,纺织鞋服业,纺织鞋服业,,Tokyo,,SGX,Prime,,0,1,日本,0,0,23/3/2026 09:32:16,23/3/2026 09:32:16
406,2022,852,国外,冀课创玻璃发展公司,,,,,,0,0,,,其他专用设备制造业,专用设备制造业,,Frankfurt,,TSX,Main Board,,0,1,,0,0,23/3/2026 09:32:16,23/3/2026 09:32:16
413,2022,863,国外,招芯澜水务有限公司,,,,,,0,0,,,住宅,房地产业,,,,NASDAQ,,,0,1,新加坡,0,0,23/3/2026 09:32:16,23/3/2026 09:32:16
414,2022,868,国外,十达迈传媒集团公司,,,,,,0,0,,,整车制造业,汽车制造业,Zurich,Toronto,,LSE,Standard,,0,1,,0,0,23/3/2026 09:32:16,23/3/2026 09:32:16
418,2022,876,国外,众海智房地产开发科技公司,,,,,,0,0,,,食品业,食品饮料业,Zurich,Sydney,,SGX,Main Board,,0,1,日本,0,0,23/3/2026 09:32:16,23/3/2026 09:32:16
419,2022,877,国外,保酷启连锁有限公司,,,,,,0,0,,,水泥制品业,非金属矿物制品业,Ontario,Singapore,,,,,0,1,新加坡,0,0,23/3/2026 09:32:16,23/3/2026 09:32:16
420,2022,878,国外,联通润贸易有限公司,,,,,,0,0,,,有色金属冶炼和压延加工业,金属冶炼和压延加工业,Ontario,London,,SGX,NASDAQ Global Select,,0,1,新加坡,0,0,23/3/2026 09:32:16,23/3/2026 09:32:16
424,2022,883,国外,瑞城昌贸易公司,,,,,,0,0,,,电力热力生产和供应业,电力、热力、燃气及水生产和供应业,Ontario,Frankfurt,,LSE,,,0,1,,0,0,23/3/2026 09:32:16,23/3/2026 09:32:16
427,2022,887,国外,物业泰零售公司,,,,,,0,0,,,橡胶制品,橡胶和塑料制品业,Bavaria,Frankfurt,,TSE,Standard,,0,1,,0,0,23/3/2026 09:32:16,23/3/2026 09:32:16
429,2022,889,国外,碧通远生物科技发展公司,,,,,,0,0,,,软件和信息技术服务,信息传输、软件和信息技术服务业,Bavaria,Tokyo,,XETRA,,,0,1,,0,0,23/3/2026 09:32:16,23/3/2026 09:32:16
431,2022,892,国外,瑞城拓数据服务公司,,,,,,0,0,,,文化、体育和娱乐业,文化、体育和娱乐业,Ontario,Tokyo,,TSX,,,0,1,日本,0,0,23/3/2026 09:32:16,23/3/2026 09:32:16
439,2022,901,国外,新业智水务股份公司,,,,,,0,0,,,航空航天,铁路、船舶、航空航天和其他运输设备制造业,California,,,TSE,Standard,,0,1,新加坡,0,0,23/3/2026 09:32:16,23/3/2026 09:32:16
441,2022,903,国外,绿课锦实业股份公司,,,,,,0,0,,,通用设备制造业,通用设备制造业,Bavaria,New York,,LSE,NASDAQ Global Select,,0,1,新加坡,0,0,23/3/2026 09:32:16,23/3/2026 09:32:16
443,2022,906,国外,新业泽数据服务科技公司,,,,,,0,0,,,批发业,批发和零售业,Tokyo,Sydney,,ASX,,,0,1,日本,0,0,23/3/2026 09:32:16,23/3/2026 09:32:16
448,2022,912,国外,恒酷启传媒集团公司,,,,,,0,0,,,化肥,化学原料和化学制品制造业,Zurich,London,,TSX,Growth,,0,1,新加坡,0,0,23/3/2026 09:32:16,23/3/2026 09:32:16
450,2022,915,国外,保车置房地产开发集团公司,,,,,,0,0,,,制药,医药制造业,Bavaria,Sydney,,TSX,Prime,,0,1,日本,0,0,23/3/2026 09:32:16,23/3/2026 09:32:16
451,2022,916,国外,新课泰数据服务控股公司,,,,,,0,0,,,电力热力生产和供应业,电力、热力、燃气及水生产和供应业,New South Wales,London,,LSE,Standard,,0,1,,0,0,23/3/2026 09:32:16,23/3/2026 09:32:16
454,2022,919,国外,物通科生物科技公司,,,,,,0,0,,,制药,医药制造业,Tokyo,Toronto,,TSX,NASDAQ Global Select,,0,1,日本,0,0,23/3/2026 09:32:16,23/3/2026 09:32:16
459,2022,925,国外,星城澜船舶科技公司,,,,,,0,0,,,铁路,铁路、船舶、航空航天和其他运输设备制造业,Ontario,Singapore,,SGX,Prime,,0,1,新加坡,0,0,23/3/2026 09:32:16,23/3/2026 09:32:16
462,2022,928,国外,碧园骏批发科技公司,,,,,,0,0,,,土木工程,建筑业,England,Singapore,,SGX,NASDAQ Global Select,,0,1,新加坡,0,0,23/3/2026 09:32:16,23/3/2026 09:32:16
470,2022,937,国外,明尹启水务公司,,,,,,0,0,,,煤炭开采业,采矿业,England,Frankfurt,,,Standard,,0,1,新加坡,0,0,23/3/2026 09:32:16,23/3/2026 09:32:16
481,2022,958,国外,比尹联软件科技公司,,,,,,0,0,,,电力热力生产和供应业,电力、热力、燃气及水生产和供应业,England,,,NYSE,Main Board,,0,1,日本,0,0,23/3/2026 09:32:16,23/3/2026 09:32:16
484,2022,961,国外,华能景传媒公司,,,,,,0,0,,,住宅,房地产业,Tokyo,Sydney,,,Prime,,0,1,,0,0,23/3/2026 09:32:16,23/3/2026 09:32:16
486,2022,963,国外,长海科软件有限公司,,,,,,0,0,,,零售业,批发和零售业,Bavaria,,,NYSE,Prime,,0,1,新加坡,0,0,23/3/2026 09:32:16,23/3/2026 09:32:16
487,2022,965,国外,高车联批发股份公司,,,,,,0,0,,,住宅,房地产业,,Tokyo,,SGX,Prime,,0,1,,0,0,23/3/2026 09:32:16,23/3/2026 09:32:16
489,2022,967,国外,碧园航财富管理公司,,,,,,0,0,,,水利、环境和公共设施管理业,水利、环境和公共设施管理业,Zurich,London,,XETRA,Main Board,,0,1,日本,0,0,23/3/2026 09:32:16,23/3/2026 09:32:16
490,2022,968,国外,保阳迈综合开发发展公司,,,,,,0,0,,,石油天然气开采业,采矿业,California,Sydney,,NYSE,NASDAQ Global Select,,0,1,新加坡,0,0,23/3/2026 09:32:16,23/3/2026 09:32:16
491,2022,969,国外,绿城拓医药有限公司,,,,,,0,0,,,金属制品业,金属制品业,Zurich,Toronto,,TSE,,,0,1,,0,0,23/3/2026 09:32:16,23/3/2026 09:32:16
497,2022,976,国外,碧禾远批发发展公司,,,,,,0,0,,,铁路,铁路、船舶、航空航天和其他运输设备制造业,Ontario,,,NASDAQ,Standard,,0,1,,0,0,23/3/2026 09:32:16,23/3/2026 09:32:16
499,2022,978,国外,瑞白瀚新材料集团公司,,,,,,0,0,,,水利、环境和公共设施管理业,水利、环境和公共设施管理业,Bavaria,New York,,LSE,Growth,,0,1,日本,0,0,23/3/2026 09:32:16,23/3/2026 09:32:16
502,2022,981,国外,北控骏置业公司,,,,,,0,0,,,汽车零部件制造业,汽车制造业,Ontario,Sydney,,SGX,,,0,1,,0,0,23/3/2026 09:32:16,23/3/2026 09:32:16
503,2022,982,国外,碧晋瀚连锁科技公司,,,,,,0,0,,,纺织鞋服业,纺织鞋服业,Tokyo,Frankfurt,,NYSE,NASDAQ Global Select,,0,1,新加坡,0,0,23/3/2026 09:32:16,23/3/2026 09:32:16
504,2022,983,国外,绿锦景批发控股公司,,,,,,0,0,,,煤炭开采业,采矿业,Ontario,,,ASX,Standard,,0,1,,0,0,23/3/2026 09:32:16,23/3/2026 09:32:16
505,2022,985,国外,联通航建设开发发展公司,,,,,,0,0,,,精细化工,化学原料和化学制品制造业,Ontario,Frankfurt,,TSE,Main Board,,0,1,新加坡,0,0,23/3/2026 09:32:16,23/3/2026 09:32:16
507,2022,988,国外,北达泰批发公司,,,,,,0,0,,,通信传输设备业,通信传输设备业,Bavaria,London,,LSE,Growth,,0,1,日本,0,0,23/3/2026 09:32:16,23/3/2026 09:32:16
513,2022,997,国外,科源置房地产开发控股公司,,,,,,0,0,,,软件和信息技术服务,信息传输、软件和信息技术服务业,,Frankfurt,,NASDAQ,,,0,1,,0,0,23/3/2026 09:32:16,23/3/2026 09:32:16
514,2022,998,国外,远环源电子发展公司,,,,,,0,0,,,农业,农、林、牧、渔业,England,Singapore,,LSE,Standard,,0,1,,0,0,23/3/2026 09:32:16,23/3/2026 09:32:16
517,2022,200053,国外,花通盛生物科技发展公司,,,,,,0,0,,,交通运输,,California,Frankfurt,,TSE,Standard,,0,1,,0,0,23/3/2026 09:32:16,23/3/2026 09:32:16
527,2022,200986,国外,凯环禾金融控股公司,,,,,,0,0,,,轻工制造,,New South Wales,Sydney,,LSE,NASDAQ Global Select,,0,1,,0,0,23/3/2026 09:32:16,23/3/2026 09:32:16
529,2022,2181,国外,华业源综合开发集团公司,,,,,,0,0,,,商务服务业,租赁和商务服务业,Ontario,Sydney,,NASDAQ,Prime,,0,1,新加坡,0,0,23/3/2026 09:32:16,23/3/2026 09:32:16
530,2022,600000,国外,联芯航建筑设计有限公司,,,,,,0,0,,,银行,金融业,Ontario,Frankfurt,,LSE,NASDAQ Global Select,,0,1,新加坡,0,0,23/3/2026 09:32:16,23/3/2026 09:32:16
533,2022,600004,国外,北芯润实业控股公司,,,,,,0,0,,,航空交通运输业,交通运输、仓储和邮政业,Tokyo,,,NASDAQ,NASDAQ Global Select,,0,1,新加坡,0,0,23/3/2026 09:32:16,23/3/2026 09:32:16
534,2022,600005,国外,明源润财富管理股份公司,,,,,,0,0,,,钢铁,,Zurich,Sydney,,TSX,Standard,,0,1,,0,0,23/3/2026 09:32:16,23/3/2026 09:32:16
535,2022,600006,国外,瑞控骏城市发展发展公司,,,,,,0,0,,,整车制造业,汽车制造业,Tokyo,Sydney,,LSE,NASDAQ Global Select,,0,1,日本,0,0,23/3/2026 09:32:16,23/3/2026 09:32:16
537,2022,600008,国外,恒芯锦通信股份公司,,,,,,0,0,,,水生产和供应业,电力、热力、燃气及水生产和供应业,England,London,,XETRA,Standard,,0,1,新加坡,0,0,23/3/2026 09:32:16,23/3/2026 09:32:16
540,2022,600011,国外,远车智水务发展公司,,,,,,0,0,,,电力热力生产和供应业,电力、热力、燃气及水生产和供应业,California,Singapore,,NASDAQ,,,0,1,,0,0,23/3/2026 09:32:16,23/3/2026 09:32:16
542,2022,600015,国外,科新创医药发展公司,,,,,,0,0,,,银行,金融业,,London,,ASX,Growth,,0,1,日本,0,0,23/3/2026 09:32:16,23/3/2026 09:32:16
544,2022,600019,国外,万控远水务公司,,,,,,0,0,,,黑色金属冶炼和压延加工业,金属冶炼和压延加工业,Tokyo,Tokyo,,NASDAQ,,,0,1,新加坡,0,0,23/3/2026 09:32:16,23/3/2026 09:32:16
551,2022,600031,国外,盛阳昌房地产开发科技公司,,,,,,0,0,,,其他专用设备制造业,专用设备制造业,England,New York,,XETRA,Growth,,0,1,新加坡,0,0,23/3/2026 09:32:16,23/3/2026 09:32:16
553,2022,600035,国外,高泽智电子有限公司,,,,,,0,0,,,陆路交通运输业,交通运输、仓储和邮政业,Tokyo,Toronto,,TSE,Main Board,,0,1,,0,0,23/3/2026 09:32:16,23/3/2026 09:32:16
556,2022,600038,国外,北盈拓建筑设计公司,,,,,,0,0,,,航空航天,铁路、船舶、航空航天和其他运输设备制造业,Zurich,,,TSE,Main Board,,0,1,,0,0,23/3/2026 09:32:16,23/3/2026 09:32:16
557,2022,600039,国外,保新置实业公司,,,,,,0,0,,,土木工程,建筑业,Bavaria,Singapore,,LSE,NASDAQ Global Select,,0,1,,0,0,23/3/2026 09:32:16,23/3/2026 09:32:16
559,2022,600051,国外,华课盛批发科技公司,,,,,,0,0,,,批发业,批发和零售业,Tokyo,,,ASX,,,0,1,,0,0,23/3/2026 09:32:16,23/3/2026 09:32:16
564,2022,600055,国外,物白骏电子发展公司,,,,,,0,0,,,医疗专用设备制造业,专用设备制造业,,Sydney,,ASX,Prime,,0,1,,0,0,23/3/2026 09:32:16,23/3/2026 09:32:16
566,2022,600057,国外,华澜置能源发展公司,,,,,,0,0,,,商务服务业,租赁和商务服务业,California,London,,ASX,Prime,,0,1,日本,0,0,23/3/2026 09:32:16,23/3/2026 09:32:16
567,2022,600058,国外,长禾锦电器科技公司,,,,,,0,0,,,批发业,批发和零售业,Tokyo,Tokyo,,NYSE,Growth,,0,1,日本,0,0,23/3/2026 09:32:16,23/3/2026 09:32:16
568,2022,600059,国外,万业澜房地产开发公司,,,,,,0,0,,,酒业,食品饮料业,Zurich,Frankfurt,,TSX,Prime,,0,1,,0,0,23/3/2026 09:32:16,23/3/2026 09:32:16
569,2022,600060,国外,冀澜创城市发展公司,,,,,,0,0,,,家用电器,消费电子及电气业,Tokyo,Frankfurt,,SGX,,,0,1,,0,0,23/3/2026 09:32:16,23/3/2026 09:32:16
580,2022,600072,国外,十通景通信集团公司,,,,,,0,0,,,土木工程,建筑业,England,London,,,Prime,,0,1,,0,0,23/3/2026 09:32:16,23/3/2026 09:32:16
584,2022,600076,国外,瑞达瀚批发科技公司,,,,,,0,0,,,木材加工和木、竹、藤、棕、草制品业,木材加工和木、竹、藤、棕、草制品业,Tokyo,New York,,ASX,,,0,1,,0,0,23/3/2026 09:32:16,23/3/2026 09:32:16
586,2022,600078,国外,星盈联财富管理科技公司,,,,,,0,0,,,化工原料,化学原料和化学制品制造业,Bavaria,Singapore,,XETRA,Standard,,0,1,新加坡,0,0,23/3/2026 09:32:16,23/3/2026 09:32:16
589,2022,600081,国外,明园禾连锁股份公司,,,,,,0,0,,,汽车零部件制造业,汽车制造业,New South Wales,Tokyo,,TSE,NASDAQ Global Select,,0,1,日本,0,0,23/3/2026 09:32:16,23/3/2026 09:32:16
591,2022,600083,国外,长达置电器公司,,,,,,0,0,,,批发业,批发和零售业,Tokyo,London,,XETRA,Standard,,0,1,新加坡,0,0,23/3/2026 09:32:16,23/3/2026 09:32:16
601,2022,600094,国外,招电锦能源股份公司,,,,,,0,0,,,住宅,房地产业,,Toronto,,TSX,Prime,,0,1,日本,0,0,23/3/2026 09:32:16,23/3/2026 09:32:16
608,2022,600100,国外,新酷创环境科技有限公司,,,,,,0,0,,,智能消费设备,消费电子及电气业,England,London,,ASX,,,0,1,,0,0,23/3/2026 09:32:16,23/3/2026 09:32:16
609,2022,600101,国外,众业源金融股份公司,,,,,,0,0,,,电力热力生产和供应业,电力、热力、燃气及水生产和供应业,Tokyo,,,,Main Board,,0,1,日本,0,0,23/3/2026 09:32:16,23/3/2026 09:32:16
614,2022,600106,国外,润泽创环境科技控股公司,,,,,,0,0,,,陆路交通运输业,交通运输、仓储和邮政业,,Tokyo,,NYSE,,,0,1,日本,0,0,23/3/2026 09:32:16,23/3/2026 09:32:16
620,2022,600112,国外,华业科传媒股份公司,,,,,,0,0,,,电机制造业,商业电气机械和器材制造业,Bavaria,London,,TSE,Prime,,0,1,新加坡,0,0,23/3/2026 09:32:16,23/3/2026 09:32:16
621,2022,600113,国外,保通创房地产开发公司,,,,,,0,0,,,商务服务业,租赁和商务服务业,Tokyo,Tokyo,,NASDAQ,Growth,,0,1,日本,0,0,23/3/2026 09:32:16,23/3/2026 09:32:16
622,2022,600114,国外,高控润玻璃控股公司,,,,,,0,0,,,金属制品业,金属制品业,,Toronto,,TSE,Standard,,0,1,,0,0,23/3/2026 09:32:16,23/3/2026 09:32:16
624,2022,600116,国外,联尹远船舶控股公司,,,,,,0,0,,,电力热力生产和供应业,电力、热力、燃气及水生产和供应业,California,Singapore,,ASX,Standard,,0,1,新加坡,0,0,23/3/2026 09:32:16,23/3/2026 09:32:16
627,2022,600119,国外,明通联批发科技公司,,,,,,0,0,,,陆路交通运输业,交通运输、仓储和邮政业,England,Singapore,,SGX,Main Board,,0,1,,0,0,23/3/2026 09:32:16,23/3/2026 09:32:16
629,2022,600121,国外,长业迈玻璃控股公司,,,,,,0,0,,,煤炭开采业,采矿业,Ontario,Frankfurt,,ASX,Main Board,,0,1,日本,0,0,23/3/2026 09:32:16,23/3/2026 09:32:16
632,2022,600125,国外,启晋润连锁公司,,,,,,0,0,,,陆路交通运输业,交通运输、仓储和邮政业,Ontario,New York,,,Standard,,0,1,日本,0,0,23/3/2026 09:32:16,23/3/2026 09:32:16
635,2022,600128,国外,启桥置综合开发公司,,,,,,0,0,,,批发业,批发和零售业,Ontario,Singapore,,ASX,Standard,,0,1,,0,0,23/3/2026 09:32:16,23/3/2026 09:32:16
638,2022,600131,国外,长会联贸易控股公司,,,,,,0,0,,,软件和信息技术服务,信息传输、软件和信息技术服务业,California,Tokyo,,TSX,Growth,,0,1,新加坡,0,0,23/3/2026 09:32:16,23/3/2026 09:32:16
642,2022,600136,国外,物通盛财富管理控股公司,,,,,,0,0,,,文化、体育和娱乐业,文化、体育和娱乐业,Tokyo,,,XETRA,Prime,,0,1,,0,0,23/3/2026 09:32:16,23/3/2026 09:32:16
644,2022,600138,国外,高海联玻璃集团公司,,,,,,0,0,,,商务服务业,租赁和商务服务业,New South Wales,Frankfurt,,TSE,Main Board,,0,1,日本,0,0,23/3/2026 09:32:16,23/3/2026 09:32:16
656,2022,600156,国外,润车瀚房地产开发控股公司,,,,,,0,0,,,纺织鞋服业,纺织鞋服业,England,Tokyo,,ASX,,,0,1,,0,0,23/3/2026 09:32:16,23/3/2026 09:32:16
657,2022,600157,国外,众城科化工股份公司,,,,,,0,0,,,电力热力生产和供应业,电力、热力、燃气及水生产和供应业,Tokyo,New York,,LSE,,,0,1,新加坡,0,0,23/3/2026 09:32:16,23/3/2026 09:32:16
658,2022,600158,国外,明盈盛环境科技集团公司,,,,,,0,0,,,文化、体育和娱乐业,文化、体育和娱乐业,Zurich,Sydney,,SGX,Main Board,,0,1,日本,0,0,23/3/2026 09:32:16,23/3/2026 09:32:16
659,2022,600159,国外,远城源批发有限公司,,,,,,0,0,,,住宅,房地产业,California,,,TSE,Main Board,,0,1,,0,0,23/3/2026 09:32:16,23/3/2026 09:32:16
662,2022,600162,国外,冀控昌软件有限公司,,,,,,0,0,,,住宅,房地产业,New South Wales,Frankfurt,,ASX,Growth,,0,1,日本,0,0,23/3/2026 09:32:16,23/3/2026 09:32:16
665,2022,600166,国外,联能禾综合开发股份公司,,,,,,0,0,,,整车制造业,汽车制造业,Tokyo,Frankfurt,,NASDAQ,Standard,,0,1,新加坡,0,0,23/3/2026 09:32:16,23/3/2026 09:32:16
666,2022,600167,国外,万控盛电器股份公司,,,,,,0,0,,,电力热力生产和供应业,电力、热力、燃气及水生产和供应业,California,London,,,Growth,,0,1,新加坡,0,0,23/3/2026 09:32:16,23/3/2026 09:32:16
671,2022,600172,国外,盛盈拓船舶发展公司,,,,,,0,0,,,其他非金属制品业,非金属矿物制品业,England,Frankfurt,,NASDAQ,Growth,,0,1,日本,0,0,23/3/2026 09:32:16,23/3/2026 09:32:16
679,2022,600181,国外,招禾置软件股份公司,,,,,,0,0,,,化工,,New South Wales,Sydney,,NASDAQ,Standard,,0,1,日本,0,0,23/3/2026 09:32:16,23/3/2026 09:32:16
680,2022,600182,国外,高工拓新材料科技公司,,,,,,0,0,,,汽车零部件制造业,汽车制造业,New South Wales,Sydney,,NASDAQ,NASDAQ Global Select,,0,1,日本,0,0,23/3/2026 09:32:16,23/3/2026 09:32:16
682,2022,600184,国外,高海盛零售公司,,,,,,0,0,,,其他专用设备制造业,专用设备制造业,New South Wales,Singapore,,,Main Board,,0,1,日本,0,0,23/3/2026 09:32:16,23/3/2026 09:32:16
687,2022,600189,国外,长晋盛连锁公司,,,,,,0,0,,,饮料业,食品饮料业,California,,,LSE,NASDAQ Global Select,,0,1,,0,0,23/3/2026 09:32:16,23/3/2026 09:32:16
688,2022,600190,国外,远车航电器有限公司,,,,,,0,0,,,水路交通运输业,交通运输、仓储和邮政业,,Singapore,,LSE,Main Board,,0,1,日本,0,0,23/3/2026 09:32:16,23/3/2026 09:32:16
689,2022,900952,国外,长阳禾玻璃科技公司,,,,,,0,0,,,交通运输,,Zurich,,,SGX,Standard,,0,1,日本,0,0,23/3/2026 09:32:16,23/3/2026 09:32:16
694,2022,600196,国外,冀电澜软件有限公司,,,,,,0,0,,,制药,医药制造业,,Tokyo,,XETRA,Standard,,0,1,,0,0,23/3/2026 09:32:16,23/3/2026 09:32:16
695,2022,600197,国外,远会创房地产开发有限公司,,,,,,0,0,,,酒业,食品饮料业,,Sydney,,TSE,Growth,,0,1,,0,0,23/3/2026 09:32:16,23/3/2026 09:32:16
698,2022,600200,国外,绿酷启电子集团公司,,,,,,0,0,,,制药,医药制造业,California,Tokyo,,ASX,NASDAQ Global Select,,0,1,日本,0,0,23/3/2026 09:32:16,23/3/2026 09:32:16
700,2022,600202,国外,比工远建筑设计有限公司,,,,,,0,0,,,家用电器,消费电子及电气业,California,Toronto,,NASDAQ,NASDAQ Global Select,,0,1,日本,0,0,23/3/2026 09:32:16,23/3/2026 09:32:16
702,2022,600205,国外,长城盛新材料股份公司,,,,,,0,0,,,有色金属,,Tokyo,Singapore,,TSE,Standard,,0,1,新加坡,0,0,23/3/2026 09:32:16,23/3/2026 09:32:16
711,2022,600215,国外,明通锦数据服务发展公司,,,,,,0,0,,,住宅,房地产业,Tokyo,Sydney,,,,,0,1,新加坡,0,0,23/3/2026 09:32:16,23/3/2026 09:32:16
712,2022,600216,国外,新达锦建筑设计科技公司,,,,,,0,0,,,制药,医药制造业,Zurich,Singapore,,TSX,Growth,,0,1,,0,0,23/3/2026 09:32:16,23/3/2026 09:32:16
717,2022,600221,国外,万禾源能源集团公司,,,,,,0,0,,,航空交通运输业,交通运输、仓储和邮政业,California,Frankfurt,,NASDAQ,NASDAQ Global Select,,0,1,新加坡,0,0,23/3/2026 09:32:16,23/3/2026 09:32:16
724,2022,600228,国外,远课创玻璃公司,,,,,,0,0,,,互联网和相关服务,信息传输、软件和信息技术服务业,Bavaria,New York,,TSE,Growth,,0,1,新加坡,0,0,23/3/2026 09:32:16,23/3/2026 09:32:16
728,2022,600232,国外,比禾骏生物科技公司,,,,,,0,0,,,纺织鞋服业,纺织鞋服业,Tokyo,Toronto,,NYSE,NASDAQ Global Select,,0,1,日本,0,0,23/3/2026 09:32:16,23/3/2026 09:32:16
731,2022,600235,国外,花锦迈传媒股份公司,,,,,,0,0,,,造纸和纸制品业,造纸和纸制品业,Tokyo,Singapore,,SGX,,,0,1,新加坡,0,0,23/3/2026 09:32:16,23/3/2026 09:32:16
733,2022,600237,国外,花源澜批发发展公司,,,,,,0,0,,,半导体业,半导体业,,London,,,Growth,,0,1,,0,0,23/3/2026 09:32:16,23/3/2026 09:32:16
734,2022,600238,国外,北禾瀚能源有限公司,,,,,,0,0,,,酒业,食品饮料业,Ontario,Singapore,,NYSE,Main Board,,0,1,新加坡,0,0,23/3/2026 09:32:16,23/3/2026 09:32:16
739,2022,600243,国外,比白智数据服务集团公司,,,,,,0,0,,,通用设备制造业,通用设备制造业,,Toronto,,XETRA,Growth,,0,1,新加坡,0,0,23/3/2026 09:32:16,23/3/2026 09:32:16
741,2022,600247,国外,高泽盛生物科技控股公司,,,,,,0,0,,,商业贸易,,Zurich,Singapore,,SGX,Standard,,0,1,日本,0,0,23/3/2026 09:32:16,23/3/2026 09:32:16
743,2022,600249,国外,华课置零售集团公司,,,,,,0,0,,,日化产品,化学原料和化学制品制造业,,Sydney,,,Main Board,,0,1,,0,0,23/3/2026 09:32:16,23/3/2026 09:32:16
744,2022,600250,国外,盛锦瀚水电控股公司,,,,,,0,0,,,批发业,批发和零售业,,London,,SGX,Growth,,0,1,,0,0,23/3/2026 09:32:16,23/3/2026 09:32:16
747,2022,600253,国外,比电航金融控股公司,,,,,,0,0,,,医药生物,,England,Frankfurt,,NYSE,Growth,,0,1,,0,0,23/3/2026 09:32:16,23/3/2026 09:32:16
748,2022,600255,国外,明会润新能源汽车有限公司,,,,,,0,0,,,有色金属冶炼和压延加工业,金属冶炼和压延加工业,England,Frankfurt,,XETRA,Growth,,0,1,日本,0,0,23/3/2026 09:32:16,23/3/2026 09:32:16
751,2022,600258,国外,比阳盛综合开发有限公司,,,,,,0,0,,,住宿业,住宿和餐饮业,England,Sydney,,LSE,Standard,,0,1,日本,0,0,23/3/2026 09:32:16,23/3/2026 09:32:16
752,2022,600259,国外,华电科生物科技发展公司,,,,,,0,0,,,有色金属开采业,采矿业,Tokyo,Toronto,,NASDAQ,Main Board,,0,1,新加坡,0,0,23/3/2026 09:32:16,23/3/2026 09:32:16
753,2022,600260,国外,恒电泽零售集团公司,,,,,,0,0,,,通信,,,Singapore,,LSE,NASDAQ Global Select,,0,1,,0,0,23/3/2026 09:32:16,23/3/2026 09:32:16
754,2022,600261,国外,碧园锦金融集团公司,,,,,,0,0,,,电子元件及设备,消费电子及电气业,England,London,,NASDAQ,,,0,1,新加坡,0,0,23/3/2026 09:32:16,23/3/2026 09:32:16
755,2022,600262,国外,高源航零售有限公司,,,,,,0,0,,,其他专用设备制造业,专用设备制造业,California,Toronto,,SGX,,,0,1,新加坡,0,0,23/3/2026 09:32:16,23/3/2026 09:32:16
756,2022,600263,国外,保桥昌软件有限公司,,,,,,0,0,,,建筑装饰,,,New York,,LSE,NASDAQ Global Select,,0,1,,0,0,23/3/2026 09:32:16,23/3/2026 09:32:16
759,2022,600267,国外,冀通拓船舶科技公司,,,,,,0,0,,,制药,医药制造业,England,London,,NYSE,Main Board,,0,1,,0,0,23/3/2026 09:32:16,23/3/2026 09:32:16
762,2022,600270,国外,保电科软件控股公司,,,,,,0,0,,,交通运输,,Ontario,Tokyo,,TSX,NASDAQ Global Select,,0,1,新加坡,0,0,23/3/2026 09:32:16,23/3/2026 09:32:16
765,2022,900943,国外,星电泰传媒发展公司,,,,,,0,0,,,医药生物,,Zurich,London,,TSX,Standard,,0,1,新加坡,0,0,23/3/2026 09:32:16,23/3/2026 09:32:16
767,2022,600275,国外,长阳盛能源发展公司,,,,,,0,0,,,综合,,England,London,,TSE,,,0,1,日本,0,0,23/3/2026 09:32:16,23/3/2026 09:32:16
769,2022,600277,国外,招车昌金融股份公司,,,,,,0,0,,,化工原料,化学原料和化学制品制造业,California,,,LSE,Growth,,0,1,日本,0,0,23/3/2026 09:32:16,23/3/2026 09:32:16
773,2022,600281,国外,联海远零售有限公司,,,,,,0,0,,,有色金属冶炼和压延加工业,金属冶炼和压延加工业,England,Toronto,,,Main Board,,0,1,日本,0,0,23/3/2026 09:32:16,23/3/2026 09:32:16
775,2022,600283,国外,北芯瀚能源股份公司,,,,,,0,0,,,水生产和供应业,电力、热力、燃气及水生产和供应业,Bavaria,Tokyo,,TSX,Main Board,,0,1,新加坡,0,0,23/3/2026 09:32:16,23/3/2026 09:32:16
778,2022,600287,国外,启源盛化工科技公司,,,,,,0,0,,,批发业,批发和零售业,England,Sydney,,,Prime,,0,1,日本,0,0,23/3/2026 09:32:16,23/3/2026 09:32:16
780,2022,600289,国外,科新智医药发展公司,,,,,,0,0,,,软件和信息技术服务,信息传输、软件和信息技术服务业,New South Wales,New York,,SGX,Standard,,0,1,新加坡,0,0,23/3/2026 09:32:16,23/3/2026 09:32:16
784,2022,600293,国外,众锦智批发集团公司,,,,,,0,0,,,玻璃制品业,非金属矿物制品业,,Frankfurt,,NASDAQ,Standard,,0,1,新加坡,0,0,23/3/2026 09:32:16,23/3/2026 09:32:16
791,2022,600300,国外,众源远生物科技股份公司,,,,,,0,0,,,饮料业,食品饮料业,,,,,Standard,,0,1,日本,0,0,23/3/2026 09:32:16,23/3/2026 09:32:16
796,2022,600306,国外,众园远金融有限公司,,,,,,0,0,,,零售业,批发和零售业,Zurich,,,NASDAQ,Prime,,0,1,日本,0,0,23/3/2026 09:32:16,23/3/2026 09:32:16
801,2022,600311,国外,盛酷泰建设开发科技公司,,,,,,0,0,,,有色金属,,New South Wales,Sydney,,TSX,Prime,,0,1,,0,0,23/3/2026 09:32:16,23/3/2026 09:32:16
803,2022,600313,国外,新城禾环境科技发展公司,,,,,,0,0,,,农业,农、林、牧、渔业,Tokyo,Toronto,,TSX,Growth,,0,1,,0,0,23/3/2026 09:32:16,23/3/2026 09:32:16
808,2022,600319,国外,碧车迈玻璃科技公司,,,,,,0,0,,,化工原料,化学原料和化学制品制造业,Tokyo,Tokyo,,NASDAQ,NASDAQ Global Select,,0,1,,0,0,23/3/2026 09:32:16,23/3/2026 09:32:16
812,2022,600322,国外,远业远电子科技公司,,,,,,0,0,,,住宅,房地产业,Ontario,Singapore,,LSE,Standard,,0,1,,0,0,23/3/2026 09:32:16,23/3/2026 09:32:16
815,2022,600326,国外,十环禾零售股份公司,,,,,,0,0,,,水泥制品业,非金属矿物制品业,Tokyo,London,,SGX,Main Board,,0,1,新加坡,0,0,23/3/2026 09:32:16,23/3/2026 09:32:16
816,2022,600327,国外,润晋源置业控股公司,,,,,,0,0,,,零售业,批发和零售业,Bavaria,Frankfurt,,ASX,Prime,,0,1,新加坡,0,0,23/3/2026 09:32:16,23/3/2026 09:32:16
817,2022,600328,国外,凯禾骏综合开发发展公司,,,,,,0,0,,,化工原料,化学原料和化学制品制造业,Ontario,Toronto,,LSE,Prime,,0,1,日本,0,0,23/3/2026 09:32:16,23/3/2026 09:32:16
823,2022,600335,国外,长桥智建筑设计公司,,,,,,0,0,,,批发业,批发和零售业,California,Frankfurt,,LSE,Standard,,0,1,日本,0,0,23/3/2026 09:32:16,23/3/2026 09:32:16
826,2022,600338,国外,物电泰水电发展公司,,,,,,0,0,,,有色金属开采业,采矿业,Ontario,Toronto,,,NASDAQ Global Select,,0,1,,0,0,23/3/2026 09:32:16,23/3/2026 09:32:16
827,2022,600339,国外,高园科新材料科技公司,,,,,,0,0,,,开发辅助业,采矿业,Ontario,Tokyo,,NYSE,Growth,,0,1,新加坡,0,0,23/3/2026 09:32:16,23/3/2026 09:32:16
832,2022,600348,国外,北城泰实业控股公司,,,,,,0,0,,,煤炭开采业,采矿业,Bavaria,Singapore,,ASX,NASDAQ Global Select,,0,1,新加坡,0,0,23/3/2026 09:32:16,23/3/2026 09:32:16
838,2022,600355,国外,招源创建设开发公司,,,,,,0,0,,,电机制造业,商业电气机械和器材制造业,California,,,XETRA,Main Board,,0,1,,0,0,23/3/2026 09:32:16,23/3/2026 09:32:16
845,2022,600362,国外,十通润能源科技公司,,,,,,0,0,,,有色金属冶炼和压延加工业,金属冶炼和压延加工业,Bavaria,,,LSE,Prime,,0,1,日本,0,0,23/3/2026 09:32:16,23/3/2026 09:32:16
848,2022,600366,国外,凯城智建设开发股份公司,,,,,,0,0,,,其他非金属制品业,非金属矿物制品业,Bavaria,Sydney,,,Prime,,0,1,新加坡,0,0,23/3/2026 09:32:16,23/3/2026 09:32:16
849,2022,600367,国外,科泽航连锁公司,,,,,,0,0,,,化工原料,化学原料和化学制品制造业,Bavaria,New York,,LSE,NASDAQ Global Select,,0,1,日本,0,0,23/3/2026 09:32:16,23/3/2026 09:32:16
851,2022,600369,国外,联禾联数据服务集团公司,,,,,,0,0,,,证券,金融业,California,Singapore,,SGX,Prime,,0,1,,0,0,23/3/2026 09:32:16,23/3/2026 09:32:16
853,2022,600371,国外,明芯泽金融控股公司,,,,,,0,0,,,农业,农、林、牧、渔业,Ontario,Singapore,,XETRA,Growth,,0,1,日本,0,0,23/3/2026 09:32:16,23/3/2026 09:32:16
857,2022,600376,国外,比晋泰水务股份公司,,,,,,0,0,,,住宅,房地产业,California,Frankfurt,,SGX,Main Board,,0,1,日本,0,0,23/3/2026 09:32:16,23/3/2026 09:32:16
864,2022,600383,国外,众晋禾建设开发公司,,,,,,0,0,,,住宅,房地产业,Zurich,Tokyo,,ASX,NASDAQ Global Select,,0,1,新加坡,0,0,23/3/2026 09:32:16,23/3/2026 09:32:16
868,2022,600388,国外,碧尹盛建筑设计控股公司,,,,,,0,0,,,其他专用设备制造业,专用设备制造业,Zurich,Frankfurt,,TSE,Growth,,0,1,,0,0,23/3/2026 09:32:16,23/3/2026 09:32:16
872,2022,600392,国外,星禾远电子控股公司,,,,,,0,0,,,稀土金属冶炼和压延加工业,金属冶炼和压延加工业,England,Toronto,,SGX,NASDAQ Global Select,,0,1,新加坡,0,0,23/3/2026 09:32:16,23/3/2026 09:32:16
877,2022,600398,国外,星阳泰电子有限公司,,,,,,0,0,,,纺织鞋服业,纺织鞋服业,Ontario,,,XETRA,,,0,1,,0,0,23/3/2026 09:32:16,23/3/2026 09:32:16
878,2022,600399,国外,万业盛综合开发有限公司,,,,,,0,0,,,黑色金属冶炼和压延加工业,金属冶炼和压延加工业,Bavaria,Toronto,,NYSE,Standard,,0,1,日本,0,0,23/3/2026 09:32:16,23/3/2026 09:32:16
887,2022,600415,国外,众控景建筑设计股份公司,,,,,,0,0,,,商务服务业,租赁和商务服务业,New South Wales,Toronto,,LSE,Growth,,0,1,日本,0,0,23/3/2026 09:32:16,23/3/2026 09:32:16
893,2022,600422,国外,物禾瀚生物科技科技公司,,,,,,0,0,,,制药,医药制造业,,Frankfurt,,,NASDAQ Global Select,,0,1,日本,0,0,23/3/2026 09:32:16,23/3/2026 09:32:16
894,2022,600423,国外,瑞城泰水务股份公司,,,,,,0,0,,,化肥,化学原料和化学制品制造业,Bavaria,Singapore,,XETRA,NASDAQ Global Select,,0,1,新加坡,0,0,23/3/2026 09:32:16,23/3/2026 09:32:16
895,2022,600425,国外,长车昌建筑设计公司,,,,,,0,0,,,水泥制品业,非金属矿物制品业,Bavaria,Frankfurt,,,Main Board,,0,1,,0,0,23/3/2026 09:32:16,23/3/2026 09:32:16
896,2022,600426,国外,瑞芯启置业公司,,,,,,0,0,,,化肥,化学原料和化学制品制造业,Ontario,Singapore,,NYSE,NASDAQ Global Select,,0,1,日本,0,0,23/3/2026 09:32:16,23/3/2026 09:32:16
898,2022,600429,国外,华阳锦软件有限公司,,,,,,0,0,,,食品业,食品饮料业,Tokyo,New York,,NYSE,Main Board,,0,1,日本,0,0,23/3/2026 09:32:16,23/3/2026 09:32:16
899,2022,600432,国外,星环科金融控股公司,,,,,,0,0,,,有色金属,,Ontario,Sydney,,NYSE,Prime,,0,1,新加坡,0,0,23/3/2026 09:32:16,23/3/2026 09:32:16
901,2022,600435,国外,恒海昌玻璃集团公司,,,,,,0,0,,,电信、广播电视和卫星传输服务,信息传输、软件和信息技术服务业,England,Singapore,,NASDAQ,Standard,,0,1,新加坡,0,0,23/3/2026 09:32:16,23/3/2026 09:32:16
903,2022,600438,国外,恒锦联电器公司,,,,,,0,0,,,光伏制造业,商业电气机械和器材制造业,,Toronto,,NASDAQ,Main Board,,0,1,日本,0,0,23/3/2026 09:32:16,23/3/2026 09:32:16
908,2022,600449,国外,十环科传媒有限公司,,,,,,0,0,,,水泥制品业,非金属矿物制品业,Zurich,Toronto,,TSX,NASDAQ Global Select,,0,1,,0,0,23/3/2026 09:32:16,23/3/2026 09:32:16
909,2022,600452,国外,保阳澜通信有限公司,,,,,,0,0,,,电力热力生产和供应业,电力、热力、燃气及水生产和供应业,Bavaria,Tokyo,,ASX,Growth,,0,1,日本,0,0,23/3/2026 09:32:16,23/3/2026 09:32:16
910,2022,600455,国外,冀工景能源公司,,,,,,0,0,,,教育,教育,New South Wales,,,,Main Board,,0,1,新加坡,0,0,23/3/2026 09:32:16,23/3/2026 09:32:16
916,2022,600462,国外,华控源贸易科技公司,,,,,,0,0,,,商务服务业,租赁和商务服务业,England,Tokyo,,ASX,Standard,,0,1,日本,0,0,23/3/2026 09:32:16,23/3/2026 09:32:16
918,2022,600466,国外,花海禾水电有限公司,,,,,,0,0,,,房地产,,Tokyo,New York,,TSX,NASDAQ Global Select,,0,1,新加坡,0,0,23/3/2026 09:32:16,23/3/2026 09:32:16
930,2022,600483,国外,北阳瀚数据服务有限公司,,,,,,0,0,,,电力热力生产和供应业,电力、热力、燃气及水生产和供应业,Ontario,New York,,SGX,Growth,,0,1,日本,0,0,23/3/2026 09:32:16,23/3/2026 09:32:16
931,2022,600485,国外,瑞新昌建筑设计科技公司,,,,,,0,0,,,通信,,Ontario,London,,SGX,Main Board,,0,1,新加坡,0,0,23/3/2026 09:32:16,23/3/2026 09:32:16
942,2022,600498,国外,冀达景船舶有限公司,,,,,,0,0,,,通信传输设备业,通信传输设备业,Tokyo,Singapore,,NASDAQ,NASDAQ Global Select,,0,1,日本,0,0,23/3/2026 09:32:16,23/3/2026 09:32:16
943,2022,600499,国外,联工拓通信科技公司,,,,,,0,0,,,其他专用设备制造业,专用设备制造业,California,Sydney,,TSE,Prime,,0,1,日本,0,0,23/3/2026 09:32:16,23/3/2026 09:32:16
945,2022,600501,国外,高控科零售集团公司,,,,,,0,0,,,汽车零部件制造业,汽车制造业,New South Wales,London,,NASDAQ,,,0,1,日本,0,0,23/3/2026 09:32:16,23/3/2026 09:32:16
946,2022,600502,国外,碧阳景水务股份公司,,,,,,0,0,,,房屋建筑,建筑业,California,Singapore,,SGX,NASDAQ Global Select,,0,1,日本,0,0,23/3/2026 09:32:16,23/3/2026 09:32:16
947,2022,600503,国外,高车源软件股份公司,,,,,,0,0,,,住宅,房地产业,New South Wales,Singapore,,NASDAQ,Growth,,0,1,日本,0,0,23/3/2026 09:32:16,23/3/2026 09:32:16
953,2022,600510,国外,万控科金融有限公司,,,,,,0,0,,,住宅,房地产业,Bavaria,Sydney,,TSE,,,0,1,日本,0,0,23/3/2026 09:32:16,23/3/2026 09:32:16
955,2022,600512,国外,长业禾水务科技公司,,,,,,0,0,,,土木工程,建筑业,Tokyo,Frankfurt,,NYSE,Main Board,,0,1,新加坡,0,0,23/3/2026 09:32:16,23/3/2026 09:32:16
961,2022,600519,国外,明能置连锁集团公司,,,,,,0,0,,,酒业,食品饮料业,Ontario,London,,TSE,Standard,,0,1,,0,0,23/3/2026 09:32:16,23/3/2026 09:32:16
967,2022,600526,国外,众园启批发发展公司,,,,,,0,0,,,其他专用设备制造业,专用设备制造业,New South Wales,Sydney,,,Prime,,0,1,日本,0,0,23/3/2026 09:32:16,23/3/2026 09:32:16
968,2022,600527,国外,润通远生物科技股份公司,,,,,,0,0,,,化学纤维制造业,化学纤维制造业,,Frankfurt,,SGX,NASDAQ Global Select,,0,1,日本,0,0,23/3/2026 09:32:16,23/3/2026 09:32:16
971,2022,600530,国外,高工盛船舶科技公司,,,,,,0,0,,,医药生物,,,Frankfurt,,LSE,,,0,1,日本,0,0,23/3/2026 09:32:16,23/3/2026 09:32:16
972,2022,600531,国外,盛工骏化工控股公司,,,,,,0,0,,,有色金属冶炼和压延加工业,金属冶炼和压延加工业,Zurich,,,SGX,Standard,,0,1,新加坡,0,0,23/3/2026 09:32:16,23/3/2026 09:32:16
973,2022,600532,国外,华通启实业科技公司,,,,,,0,0,,,采掘,,New South Wales,Tokyo,,TSX,Standard,,0,1,,0,0,23/3/2026 09:32:16,23/3/2026 09:32:16
974,2022,600533,国外,恒工泰零售控股公司,,,,,,0,0,,,住宅,房地产业,Bavaria,Sydney,,SGX,Standard,,0,1,日本,0,0,23/3/2026 09:32:16,23/3/2026 09:32:16
977,2022,600537,国外,万新启集成电路科技公司,,,,,,0,0,,,光伏制造业,商业电气机械和器材制造业,Ontario,New York,,NASDAQ,Growth,,0,1,日本,0,0,23/3/2026 09:32:16,23/3/2026 09:32:16
981,2022,600543,国外,物禾禾贸易集团公司,,,,,,0,0,,,酒业,食品饮料业,Bavaria,Toronto,,TSX,Standard,,0,1,,0,0,23/3/2026 09:32:16,23/3/2026 09:32:16
983,2022,600546,国外,高澜源贸易科技公司,,,,,,0,0,,,批发业,批发和零售业,England,Toronto,,SGX,Growth,,0,1,,0,0,23/3/2026 09:32:16,23/3/2026 09:32:16
988,2022,600551,国外,保阳航通信集团公司,,,,,,0,0,,,文化、体育和娱乐业,文化、体育和娱乐业,Ontario,London,,XETRA,Growth,,0,1,日本,0,0,23/3/2026 09:32:16,23/3/2026 09:32:16
989,2022,600552,国外,冀电远实业科技公司,,,,,,0,0,,,电子元件及设备,消费电子及电气业,England,London,,ASX,Standard,,0,1,日本,0,0,23/3/2026 09:32:16,23/3/2026 09:32:16
990,2022,600553,国外,万通骏医药股份公司,,,,,,0,0,,,建筑材料,,New South Wales,,,NASDAQ,Main Board,,0,1,日本,0,0,23/3/2026 09:32:16,23/3/2026 09:32:16
996,2022,600559,国外,新课创医药控股公司,,,,,,0,0,,,酒业,食品饮料业,New South Wales,Sydney,,NASDAQ,,,0,1,,0,0,23/3/2026 09:32:16,23/3/2026 09:32:16
998,2022,600561,国外,凯通拓数据服务集团公司,,,,,,0,0,,,陆路交通运输业,交通运输、仓储和邮政业,California,Tokyo,,NYSE,,,0,1,,0,0,23/3/2026 09:32:16,23/3/2026 09:32:16
1004,2022,600568,国外,十白盛金融公司,,,,,,0,0,,,医疗保健,医药制造业,Bavaria,Sydney,,TSE,NASDAQ Global Select,,0,1,新加坡,0,0,23/3/2026 09:32:16,23/3/2026 09:32:16
1006,2022,600570,国外,盛禾泰建筑设计科技公司,,,,,,0,0,,,软件和信息技术服务,信息传输、软件和信息技术服务业,,,,SGX,Standard,,0,1,新加坡,0,0,23/3/2026 09:32:16,23/3/2026 09:32:16
1012,2022,600577,国外,花澜联电子有限公司,,,,,,0,0,,,光纤电缆制造业,商业电气机械和器材制造业,Zurich,Singapore,,XETRA,Standard,,0,1,,0,0,23/3/2026 09:32:16,23/3/2026 09:32:16
1016,2022,600581,国外,润电骏数据服务股份公司,,,,,,0,0,,,黑色金属冶炼和压延加工业,金属冶炼和压延加工业,Ontario,Singapore,,XETRA,Main Board,,0,1,日本,0,0,23/3/2026 09:32:16,23/3/2026 09:32:16
1017,2022,600582,国外,星晋盛建筑设计股份公司,,,,,,0,0,,,其他专用设备制造业,专用设备制造业,New South Wales,Sydney,,TSE,Main Board,,0,1,,0,0,23/3/2026 09:32:16,23/3/2026 09:32:16
1023,2022,600588,国外,众工锦传媒股份公司,,,,,,0,0,,,软件和信息技术服务,信息传输、软件和信息技术服务业,California,Toronto,,TSE,Main Board,,0,1,新加坡,0,0,23/3/2026 09:32:16,23/3/2026 09:32:16
1032,2022,600597,国外,明禾联通信科技公司,,,,,,0,0,,,食品业,食品饮料业,,London,,SGX,,,0,1,日本,0,0,23/3/2026 09:32:16,23/3/2026 09:32:16
1034,2022,600599,国外,比新航传媒控股公司,,,,,,0,0,,,多元金融,金融业,New South Wales,New York,,XETRA,Standard,,0,1,,0,0,23/3/2026 09:32:16,23/3/2026 09:32:16
1035,2022,600600,国外,长泽创建筑设计股份公司,,,,,,0,0,,,酒业,食品饮料业,Bavaria,Tokyo,,TSX,,,0,1,新加坡,0,0,23/3/2026 09:32:16,23/3/2026 09:32:16
1042,2022,600605,国外,比会科化工控股公司,,,,,,0,0,,,批发业,批发和零售业,Ontario,Toronto,,NASDAQ,Growth,,0,1,,0,0,23/3/2026 09:32:16,23/3/2026 09:32:16
1044,2022,600607,国外,物电景数据服务集团公司,,,,,,0,0,,,医药生物,,New South Wales,New York,,TSE,NASDAQ Global Select,,0,1,新加坡,0,0,23/3/2026 09:32:16,23/3/2026 09:32:16
1048,2022,900906,国外,明桥置船舶集团公司,,,,,,0,0,,,建筑装饰,,California,Frankfurt,,,,,0,1,新加坡,0,0,23/3/2026 09:32:16,23/3/2026 09:32:16
1049,2022,600611,国外,物源瀚能源发展公司,,,,,,0,0,,,陆路交通运输业,交通运输、仓储和邮政业,Tokyo,Sydney,,,Prime,,0,1,日本,0,0,23/3/2026 09:32:16,23/3/2026 09:32:16
1051,2022,600612,国外,冀阳启财富管理集团公司,,,,,,0,0,,,文教、工美、体育和娱乐用品制造业,文教、工美、体育和娱乐用品制造业,Bavaria,Tokyo,,NYSE,,,0,1,新加坡,0,0,23/3/2026 09:32:16,23/3/2026 09:32:16
1053,2022,600613,国外,科能联新能源汽车发展公司,,,,,,0,0,,,制药,医药制造业,Tokyo,Sydney,,NYSE,NASDAQ Global Select,,0,1,,0,0,23/3/2026 09:32:16,23/3/2026 09:32:16
1055,2022,600614,国外,润禾泽贸易公司,,,,,,0,0,,,有色金属,,England,Singapore,,,,,0,1,,0,0,23/3/2026 09:32:16,23/3/2026 09:32:16
1056,2022,900907,国外,碧城昌电子科技公司,,,,,,0,0,,,有色金属,,New South Wales,Sydney,,TSE,Growth,,0,1,,0,0,23/3/2026 09:32:16,23/3/2026 09:32:16
1057,2022,600615,国外,新新科城市发展集团公司,,,,,,0,0,,,金属制品业,金属制品业,Tokyo,Tokyo,,TSE,Main Board,,0,1,日本,0,0,23/3/2026 09:32:16,23/3/2026 09:32:16
1059,2022,600617,国外,绿环盛综合开发控股公司,,,,,,0,0,,,燃气生产和供应业,电力、热力、燃气及水生产和供应业,Bavaria,Singapore,,SGX,Growth,,0,1,,0,0,23/3/2026 09:32:16,23/3/2026 09:32:16
1061,2022,600618,国外,花阳润玻璃有限公司,,,,,,0,0,,,化工原料,化学原料和化学制品制造业,England,Tokyo,,ASX,Prime,,0,1,新加坡,0,0,23/3/2026 09:32:16,23/3/2026 09:32:16
1062,2022,900908,国外,润源锦贸易控股公司,,,,,,0,0,,,化工,,Bavaria,Toronto,,NASDAQ,,,0,1,,0,0,23/3/2026 09:32:16,23/3/2026 09:32:16
1065,2022,600620,国外,保泽景新能源汽车有限公司,,,,,,0,0,,,综合,综合,New South Wales,Toronto,,NYSE,Prime,,0,1,新加坡,0,0,23/3/2026 09:32:16,23/3/2026 09:32:16
1067,2022,600622,国外,凯业智财富管理有限公司,,,,,,0,0,,,住宅,房地产业,England,New York,,XETRA,Standard,,0,1,,0,0,23/3/2026 09:32:16,23/3/2026 09:32:16
1076,2022,600631,国外,万阳禾电器发展公司,,,,,,0,0,,,商业贸易,,California,,,SGX,Standard,,0,1,,0,0,23/3/2026 09:32:16,23/3/2026 09:32:16
1079,2022,600635,国外,物控智环境科技发展公司,,,,,,0,0,,,燃气生产和供应业,电力、热力、燃气及水生产和供应业,Ontario,Tokyo,,TSX,Prime,,0,1,新加坡,0,0,23/3/2026 09:32:16,23/3/2026 09:32:16
1094,2022,600649,国外,十澜盛实业科技公司,,,,,,0,0,,,住宅,房地产业,Tokyo,,,NASDAQ,Growth,,0,1,新加坡,0,0,23/3/2026 09:32:16,23/3/2026 09:32:16
1103,2022,600657,国外,盛阳禾连锁集团公司,,,,,,0,0,,,住宅,房地产业,Zurich,Sydney,,SGX,Prime,,0,1,,0,0,23/3/2026 09:32:16,23/3/2026 09:32:16
1105,2022,600660,国外,高能智化工集团公司,,,,,,0,0,,,汽车零部件制造业,汽车制造业,California,Tokyo,,SGX,NASDAQ Global Select,,0,1,日本,0,0,23/3/2026 09:32:16,23/3/2026 09:32:16
1107,2022,600662,国外,盛芯禾新材料集团公司,,,,,,0,0,,,陆路交通运输业,交通运输、仓储和邮政业,New South Wales,Tokyo,,NYSE,Growth,,0,1,新加坡,0,0,23/3/2026 09:32:16,23/3/2026 09:32:16
1108,2022,600663,国外,瑞芯创能源有限公司,,,,,,0,0,,,商业地产,房地产业,Bavaria,New York,,NASDAQ,,,0,1,日本,0,0,23/3/2026 09:32:16,23/3/2026 09:32:16
1109,2022,900932,国外,明城昌水电股份公司,,,,,,0,0,,,房地产,,Ontario,Singapore,,TSX,Standard,,0,1,,0,0,23/3/2026 09:32:16,23/3/2026 09:32:16
1110,2022,600664,国外,绿工澜电子股份公司,,,,,,0,0,,,制药,医药制造业,California,Toronto,,SGX,Growth,,0,1,新加坡,0,0,23/3/2026 09:32:16,23/3/2026 09:32:16
1111,2022,600665,国外,远业润医药有限公司,,,,,,0,0,,,住宅,房地产业,England,New York,,XETRA,Standard,,0,1,日本,0,0,23/3/2026 09:32:16,23/3/2026 09:32:16
1116,2022,600673,国外,启泽盛批发发展公司,,,,,,0,0,,,综合,综合,England,New York,,,Main Board,,0,1,,0,0,23/3/2026 09:32:16,23/3/2026 09:32:16
1120,2022,600677,国外,保禾骏置业控股公司,,,,,,0,0,,,国防军工,,Ontario,Toronto,,NYSE,Standard,,0,1,日本,0,0,23/3/2026 09:32:16,23/3/2026 09:32:16
1121,2022,600678,国外,北白创传媒公司,,,,,,0,0,,,水泥制品业,非金属矿物制品业,New South Wales,New York,,TSX,Main Board,,0,1,日本,0,0,23/3/2026 09:32:16,23/3/2026 09:32:16
1126,2022,600681,国外,盛锦骏批发公司,,,,,,0,0,,,燃气生产和供应业,电力、热力、燃气及水生产和供应业,Zurich,London,,,NASDAQ Global Select,,0,1,新加坡,0,0,23/3/2026 09:32:16,23/3/2026 09:32:16
1127,2022,600682,国外,新澜联能源科技公司,,,,,,0,0,,,零售业,批发和零售业,Zurich,Tokyo,,XETRA,,,0,1,,0,0,23/3/2026 09:32:16,23/3/2026 09:32:16
1130,2022,600685,国外,凯业景城市发展股份公司,,,,,,0,0,,,船舶,铁路、船舶、航空航天和其他运输设备制造业,Ontario,Singapore,,XETRA,Growth,,0,1,新加坡,0,0,23/3/2026 09:32:16,23/3/2026 09:32:16
1131,2022,600686,国外,盛芯远船舶集团公司,,,,,,0,0,,,整车制造业,汽车制造业,New South Wales,,,NASDAQ,NASDAQ Global Select,,0,1,,0,0,23/3/2026 09:32:16,23/3/2026 09:32:16
1132,2022,600687,国外,高课禾建设开发集团公司,,,,,,0,0,,,有色金属,,New South Wales,Toronto,,NASDAQ,Prime,,0,1,,0,0,23/3/2026 09:32:16,23/3/2026 09:32:16
1134,2022,600689,国外,北海科水电有限公司,,,,,,0,0,,,纺织鞋服业,纺织鞋服业,Zurich,Tokyo,,TSE,Prime,,0,1,日本,0,0,23/3/2026 09:32:16,23/3/2026 09:32:16
1136,2022,600690,国外,长控科生物科技集团公司,,,,,,0,0,,,家用电器,消费电子及电气业,England,Tokyo,,XETRA,Prime,,0,1,,0,0,23/3/2026 09:32:16,23/3/2026 09:32:16
1138,2022,600692,国外,凯晋启连锁集团公司,,,,,,0,0,,,住宅,房地产业,Zurich,Toronto,,NYSE,Standard,,0,1,新加坡,0,0,23/3/2026 09:32:16,23/3/2026 09:32:16
1140,2022,600694,国外,冀课澜实业集团公司,,,,,,0,0,,,零售业,批发和零售业,Ontario,Tokyo,,,,,0,1,,0,0,23/3/2026 09:32:16,23/3/2026 09:32:16
1146,2022,900946,国外,保城置新能源汽车控股公司,,,,,,0,0,,,汽车,,Bavaria,New York,,XETRA,,,0,1,,0,0,23/3/2026 09:32:16,23/3/2026 09:32:16
1148,2022,600701,国外,新园科建筑设计有限公司,,,,,,0,0,,,计算机,,Ontario,New York,,ASX,Standard,,0,1,新加坡,0,0,23/3/2026 09:32:16,23/3/2026 09:32:16
1150,2022,600703,国外,启海源新能源汽车科技公司,,,,,,0,0,,,半导体业,半导体业,Ontario,Toronto,,ASX,Standard,,0,1,新加坡,0,0,23/3/2026 09:32:16,23/3/2026 09:32:16
1156,2022,600710,国外,华电瀚城市发展发展公司,,,,,,0,0,,,批发业,批发和零售业,Tokyo,Frankfurt,,NASDAQ,Main Board,,0,1,新加坡,0,0,23/3/2026 09:32:16,23/3/2026 09:32:16
1157,2022,600711,国外,招会瀚建设开发公司,,,,,,0,0,,,有色金属开采业,采矿业,California,Tokyo,,NASDAQ,Standard,,0,1,日本,0,0,23/3/2026 09:32:16,23/3/2026 09:32:16
1159,2022,600713,国外,星园盛电子发展公司,,,,,,0,0,,,零售业,批发和零售业,California,New York,,SGX,,,0,1,日本,0,0,23/3/2026 09:32:16,23/3/2026 09:32:16
1163,2022,600717,国外,保禾骏玻璃股份公司,,,,,,0,0,,,水路交通运输业,交通运输、仓储和邮政业,Ontario,London,,NASDAQ,Prime,,0,1,新加坡,0,0,23/3/2026 09:32:16,23/3/2026 09:32:16
1168,2022,600722,国外,明控置化工集团公司,,,,,,0,0,,,化工原料,化学原料和化学制品制造业,Tokyo,New York,,ASX,Growth,,0,1,日本,0,0,23/3/2026 09:32:16,23/3/2026 09:32:16
1169,2022,600723,国外,新环置生物科技控股公司,,,,,,0,0,,,商业贸易,,Bavaria,London,,,,,0,1,,0,0,23/3/2026 09:32:16,23/3/2026 09:32:16
1171,2022,600725,国外,十白景置业发展公司,,,,,,0,0,,,石油加工、炼焦和核燃料加工业,石油加工、炼焦和核燃料加工业,California,Singapore,,,Standard,,0,1,,0,0,23/3/2026 09:32:16,23/3/2026 09:32:16
1175,2022,600728,国外,明白航电子控股公司,,,,,,0,0,,,软件和信息技术服务,信息传输、软件和信息技术服务业,England,Toronto,,,Standard,,0,1,日本,0,0,23/3/2026 09:32:16,23/3/2026 09:32:16
1177,2022,600730,国外,碧海澜连锁发展公司,,,,,,0,0,,,教育,教育,Bavaria,London,,TSE,Prime,,0,1,新加坡,0,0,23/3/2026 09:32:16,23/3/2026 09:32:16
1178,2022,600731,国外,碧通启实业集团公司,,,,,,0,0,,,农药,化学原料和化学制品制造业,California,New York,,,Standard,,0,1,日本,0,0,23/3/2026 09:32:16,23/3/2026 09:32:16
1182,2022,600735,国外,科澜拓环境科技公司,,,,,,0,0,,,纺织鞋服业,纺织鞋服业,Ontario,New York,,SGX,Main Board,,0,1,日本,0,0,23/3/2026 09:32:16,23/3/2026 09:32:16
1184,2022,600737,国外,恒能盛生物科技科技公司,,,,,,0,0,,,食品业,食品饮料业,Bavaria,Tokyo,,,Prime,,0,1,,0,0,23/3/2026 09:32:16,23/3/2026 09:32:16
1187,2022,600740,国外,恒澜创置业科技公司,,,,,,0,0,,,石油加工、炼焦和核燃料加工业,石油加工、炼焦和核燃料加工业,England,London,,XETRA,,,0,1,,0,0,23/3/2026 09:32:16,23/3/2026 09:32:16
1191,2022,600744,国外,招酷景财富管理科技公司,,,,,,0,0,,,电力热力生产和供应业,电力、热力、燃气及水生产和供应业,England,Frankfurt,,TSE,NASDAQ Global Select,,0,1,,0,0,23/3/2026 09:32:16,23/3/2026 09:32:16
1194,2022,600747,国外,十澜昌数据服务控股公司,,,,,,0,0,,,综合,,,New York,,TSX,Prime,,0,1,,0,0,23/3/2026 09:32:16,23/3/2026 09:32:16
1196,2022,600749,国外,明芯盛医药有限公司,,,,,,0,0,,,水利、环境和公共设施管理业,水利、环境和公共设施管理业,Ontario,Toronto,,SGX,Growth,,0,1,日本,0,0,23/3/2026 09:32:16,23/3/2026 09:32:16
1200,2022,600753,国外,长车联金融集团公司,,,,,,0,0,,,批发业,批发和零售业,New South Wales,London,,,Prime,,0,1,新加坡,0,0,23/3/2026 09:32:16,23/3/2026 09:32:16
1204,2022,600756,国外,比电启批发公司,,,,,,0,0,,,软件和信息技术服务,信息传输、软件和信息技术服务业,New South Wales,Toronto,,NASDAQ,Growth,,0,1,日本,0,0,23/3/2026 09:32:16,23/3/2026 09:32:16
1205,2022,600757,国外,高酷远批发控股公司,,,,,,0,0,,,文化、体育和娱乐业,文化、体育和娱乐业,New South Wales,London,,ASX,Growth,,0,1,新加坡,0,0,23/3/2026 09:32:16,23/3/2026 09:32:16
1208,2022,600760,国外,高泽启批发股份公司,,,,,,0,0,,,航空航天,铁路、船舶、航空航天和其他运输设备制造业,New South Wales,Tokyo,,LSE,Prime,,0,1,日本,0,0,23/3/2026 09:32:16,23/3/2026 09:32:16
1210,2022,600763,国外,碧阳智数据服务股份公司,,,,,,0,0,,,卫生和社会工作,卫生和社会工作,Zurich,Tokyo,,TSX,Main Board,,0,1,日本,0,0,23/3/2026 09:32:16,23/3/2026 09:32:16
1212,2022,600765,国外,比桥启电子发展公司,,,,,,0,0,,,航空航天,铁路、船舶、航空航天和其他运输设备制造业,New South Wales,Toronto,,ASX,Standard,,0,1,新加坡,0,0,23/3/2026 09:32:16,23/3/2026 09:32:16
1216,2022,600769,国外,比车泰传媒发展公司,,,,,,0,0,,,水生产和供应业,电力、热力、燃气及水生产和供应业,Bavaria,London,,LSE,Prime,,0,1,日本,0,0,23/3/2026 09:32:16,23/3/2026 09:32:16
1226,2022,600779,国外,远车昌玻璃发展公司,,,,,,0,0,,,酒业,食品饮料业,Tokyo,Tokyo,,TSE,NASDAQ Global Select,,0,1,日本,0,0,23/3/2026 09:32:16,23/3/2026 09:32:16
1229,2022,600782,国外,华能泰新材料股份公司,,,,,,0,0,,,黑色金属冶炼和压延加工业,金属冶炼和压延加工业,Tokyo,Toronto,,TSE,NASDAQ Global Select,,0,1,新加坡,0,0,23/3/2026 09:32:16,23/3/2026 09:32:16
1230,2022,600783,国外,新达润城市发展股份公司,,,,,,0,0,,,证券,金融业,Bavaria,Singapore,,NYSE,Prime,,0,1,新加坡,0,0,23/3/2026 09:32:16,23/3/2026 09:32:16
1231,2022,600784,国外,招海迈城市发展股份公司,,,,,,0,0,,,食品业,食品饮料业,Ontario,London,,TSX,NASDAQ Global Select,,0,1,,0,0,23/3/2026 09:32:16,23/3/2026 09:32:16
1233,2022,600786,国外,远城科连锁股份公司,,,,,,0,0,,,电气设备,,Zurich,London,,TSE,,,0,1,日本,0,0,23/3/2026 09:32:16,23/3/2026 09:32:16
1234,2022,600787,国外,远桥盛能源有限公司,,,,,,0,0,,,仓储业,交通运输、仓储和邮政业,,Singapore,,TSE,Standard,,0,1,新加坡,0,0,23/3/2026 09:32:16,23/3/2026 09:32:16
1236,2022,600790,国外,碧禾航水电发展公司,,,,,,0,0,,,租赁业,租赁和商务服务业,,,,SGX,NASDAQ Global Select,,0,1,日本,0,0,23/3/2026 09:32:16,23/3/2026 09:32:16
1239,2022,600793,国外,招会拓房地产开发控股公司,,,,,,0,0,,,造纸和纸制品业,造纸和纸制品业,Bavaria,New York,,SGX,Growth,,0,1,新加坡,0,0,23/3/2026 09:32:16,23/3/2026 09:32:16
1249,2022,600803,国外,高业润金融发展公司,,,,,,0,0,,,燃气生产和供应业,电力、热力、燃气及水生产和供应业,Zurich,,,LSE,NASDAQ Global Select,,0,1,新加坡,0,0,23/3/2026 09:32:16,23/3/2026 09:32:16
1251,2022,600805,国外,高源联集成电路股份公司,,,,,,0,0,,,综合,综合,England,Sydney,,LSE,Growth,,0,1,日本,0,0,23/3/2026 09:32:16,23/3/2026 09:32:16
1252,2022,600806,国外,万盈盛房地产开发有限公司,,,,,,0,0,,,机械设备,,England,Frankfurt,,TSE,Growth,,0,1,新加坡,0,0,23/3/2026 09:32:16,23/3/2026 09:32:16
1255,2022,600809,国外,新盈景新材料科技公司,,,,,,0,0,,,酒业,食品饮料业,New South Wales,Tokyo,,XETRA,Prime,,0,1,日本,0,0,23/3/2026 09:32:16,23/3/2026 09:32:16
1257,2022,600811,国外,北盈科贸易发展公司,,,,,,0,0,,,食品业,食品饮料业,Bavaria,,,LSE,Main Board,,0,1,日本,0,0,23/3/2026 09:32:16,23/3/2026 09:32:16
1258,2022,600812,国外,联能禾通信公司,,,,,,0,0,,,制药,医药制造业,Bavaria,Sydney,,,NASDAQ Global Select,,0,1,日本,0,0,23/3/2026 09:32:16,23/3/2026 09:32:16
1259,2022,600814,国外,盛控创通信发展公司,,,,,,0,0,,,零售业,批发和零售业,England,Sydney,,LSE,Main Board,,0,1,新加坡,0,0,23/3/2026 09:32:16,23/3/2026 09:32:16
1265,2022,600819,国外,新车盛零售控股公司,,,,,,0,0,,,玻璃制品业,非金属矿物制品业,England,Singapore,,TSX,Main Board,,0,1,新加坡,0,0,23/3/2026 09:32:16,23/3/2026 09:32:16
1267,2022,600820,国外,凯禾润环境科技发展公司,,,,,,0,0,,,土木工程,建筑业,Ontario,London,,ASX,,,0,1,日本,0,0,23/3/2026 09:32:16,23/3/2026 09:32:16
1271,2022,600823,国外,高达联建筑设计科技公司,,,,,,0,0,,,住宅,房地产业,,New York,,LSE,NASDAQ Global Select,,0,1,日本,0,0,23/3/2026 09:32:16,23/3/2026 09:32:16
1274,2022,600826,国外,十工澜集成电路控股公司,,,,,,0,0,,,商务服务业,租赁和商务服务业,Ontario,Singapore,,LSE,,,0,1,,0,0,23/3/2026 09:32:16,23/3/2026 09:32:16
1275,2022,600827,国外,北泽骏数据服务有限公司,,,,,,0,0,,,零售业,批发和零售业,California,Tokyo,,,Standard,,0,1,日本,0,0,23/3/2026 09:32:16,23/3/2026 09:32:16
1276,2022,900923,国外,冀晋泽零售公司,,,,,,0,0,,,商业贸易,,Zurich,London,,NASDAQ,,,0,1,,0,0,23/3/2026 09:32:16,23/3/2026 09:32:16
1277,2022,600828,国外,碧尹景新能源汽车发展公司,,,,,,0,0,,,零售业,批发和零售业,Bavaria,New York,,ASX,,,0,1,日本,0,0,23/3/2026 09:32:16,23/3/2026 09:32:16
1278,2022,600829,国外,联工禾生物科技发展公司,,,,,,0,0,,,批发业,批发和零售业,England,London,,TSX,Growth,,0,1,日本,0,0,23/3/2026 09:32:16,23/3/2026 09:32:16
1282,2022,600833,国外,长车智集成电路发展公司,,,,,,0,0,,,零售业,批发和零售业,New South Wales,New York,,,Growth,,0,1,新加坡,0,0,23/3/2026 09:32:16,23/3/2026 09:32:16
1283,2022,600834,国外,物达骏生物科技股份公司,,,,,,0,0,,,陆路交通运输业,交通运输、仓储和邮政业,Tokyo,Singapore,,SGX,Prime,,0,1,日本,0,0,23/3/2026 09:32:16,23/3/2026 09:32:16
1289,2022,600839,国外,明白远连锁公司,,,,,,0,0,,,家用电器,消费电子及电气业,Ontario,Toronto,,SGX,Prime,,0,1,日本,0,0,23/3/2026 09:32:16,23/3/2026 09:32:16
1290,2022,600840,国外,润车澜化工科技公司,,,,,,0,0,,,房地产,,New South Wales,New York,,NASDAQ,Standard,,0,1,,0,0,23/3/2026 09:32:16,23/3/2026 09:32:16
1292,2022,900920,国外,十桥联环境科技有限公司,,,,,,0,0,,,机械设备,,Zurich,,,TSE,,,0,1,,0,0,23/3/2026 09:32:16,23/3/2026 09:32:16
1297,2022,900921,国外,花新置传媒股份公司,,,,,,0,0,,,化工,,Tokyo,,,NASDAQ,Standard,,0,1,日本,0,0,23/3/2026 09:32:16,23/3/2026 09:32:16
1300,2022,600846,国外,高新泽建筑设计发展公司,,,,,,0,0,,,土木工程,建筑业,Ontario,Tokyo,,NASDAQ,NASDAQ Global Select,,0,1,新加坡,0,0,23/3/2026 09:32:16,23/3/2026 09:32:16
1305,2022,600850,国外,科白盛水务控股公司,,,,,,0,0,,,软件和信息技术服务,信息传输、软件和信息技术服务业,England,Frankfurt,,NASDAQ,NASDAQ Global Select,,0,1,日本,0,0,23/3/2026 09:32:16,23/3/2026 09:32:16
1306,2022,600851,国外,润环骏能源控股公司,,,,,,0,0,,,制药,医药制造业,Tokyo,Toronto,,TSX,Prime,,0,1,,0,0,23/3/2026 09:32:16,23/3/2026 09:32:16
1308,2022,600853,国外,保酷澜水务发展公司,,,,,,0,0,,,土木工程,建筑业,Bavaria,Frankfurt,,TSX,Standard,,0,1,新加坡,0,0,23/3/2026 09:32:16,23/3/2026 09:32:16
1309,2022,600854,国外,北城迈贸易公司,,,,,,0,0,,,电子元件及设备,消费电子及电气业,New South Wales,New York,,SGX,,,0,1,,0,0,23/3/2026 09:32:16,23/3/2026 09:32:16
1318,2022,600863,国外,万源迈建设开发控股公司,,,,,,0,0,,,电力热力生产和供应业,电力、热力、燃气及水生产和供应业,Ontario,Tokyo,,TSE,Growth,,0,1,,0,0,23/3/2026 09:32:16,23/3/2026 09:32:16
1319,2022,600864,国外,华盈盛电器发展公司,,,,,,0,0,,,证券,金融业,Bavaria,Tokyo,,TSE,Standard,,0,1,日本,0,0,23/3/2026 09:32:16,23/3/2026 09:32:16
1322,2022,600867,国外,碧能骏水电科技公司,,,,,,0,0,,,生物科技,医药制造业,Zurich,Sydney,,XETRA,Standard,,0,1,日本,0,0,23/3/2026 09:32:16,23/3/2026 09:32:16
1324,2022,600869,国外,保会禾置业公司,,,,,,0,0,,,光纤电缆制造业,商业电气机械和器材制造业,England,Singapore,,TSE,NASDAQ Global Select,,0,1,,0,0,23/3/2026 09:32:16,23/3/2026 09:32:16
1325,2022,600870,国外,科电联建设开发集团公司,,,,,,0,0,,,家用电器,,Tokyo,Toronto,,NYSE,NASDAQ Global Select,,0,1,日本,0,0,23/3/2026 09:32:16,23/3/2026 09:32:16
1336,2022,600882,国外,明芯源实业控股公司,,,,,,0,0,,,食品业,食品饮料业,Zurich,,,TSX,NASDAQ Global Select,,0,1,,0,0,23/3/2026 09:32:16,23/3/2026 09:32:16
1337,2022,600883,国外,科澜泽水务有限公司,,,,,,0,0,,,水泥制品业,非金属矿物制品业,,Tokyo,,NASDAQ,Standard,,0,1,日本,0,0,23/3/2026 09:32:16,23/3/2026 09:32:16
1339,2022,600885,国外,长业创金融有限公司,,,,,,0,0,,,电机制造业,商业电气机械和器材制造业,Tokyo,New York,,TSE,,,0,1,,0,0,23/3/2026 09:32:16,23/3/2026 09:32:16
1341,2022,600887,国外,新会置批发公司,,,,,,0,0,,,食品业,食品饮料业,Ontario,New York,,,Growth,,0,1,日本,0,0,23/3/2026 09:32:16,23/3/2026 09:32:16
1345,2022,600891,国外,万海禾房地产开发发展公司,,,,,,0,0,,,商业贸易,,New South Wales,,,TSE,Standard,,0,1,日本,0,0,23/3/2026 09:32:16,23/3/2026 09:32:16
1352,2022,600898,国外,润电澜房地产开发集团公司,,,,,,0,0,,,电子元件及设备,消费电子及电气业,,Frankfurt,,ASX,Standard,,0,1,日本,0,0,23/3/2026 09:32:16,23/3/2026 09:32:16
1353,2022,600900,国外,北新航水务公司,,,,,,0,0,,,电力热力生产和供应业,电力、热力、燃气及水生产和供应业,,Frankfurt,,XETRA,Standard,,0,1,,0,0,23/3/2026 09:32:16,23/3/2026 09:32:16
1354,2022,600960,国外,科澜盛连锁控股公司,,,,,,0,0,,,汽车零部件制造业,汽车制造业,Tokyo,Tokyo,,NYSE,Growth,,0,1,新加坡,0,0,23/3/2026 09:32:16,23/3/2026 09:32:16
1356,2022,600966,国外,冀控骏能源股份公司,,,,,,0,0,,,造纸和纸制品业,造纸和纸制品业,New South Wales,New York,,SGX,Prime,,0,1,新加坡,0,0,23/3/2026 09:32:16,23/3/2026 09:32:16
1359,2022,600975,国外,科环置集成电路股份公司,,,,,,0,0,,,牧业,农、林、牧、渔业,Tokyo,Singapore,,NYSE,,,0,1,新加坡,0,0,23/3/2026 09:32:16,23/3/2026 09:32:16
1360,2022,600976,国外,招源启房地产开发公司,,,,,,0,0,,,零售业,批发和零售业,,Frankfurt,,NYSE,Prime,,0,1,,0,0,23/3/2026 09:32:16,23/3/2026 09:32:16
1361,2022,600980,国外,科酷启建设开发集团公司,,,,,,0,0,,,电机制造业,商业电气机械和器材制造业,New South Wales,Tokyo,,NYSE,Standard,,0,1,,0,0,23/3/2026 09:32:16,23/3/2026 09:32:16
1366,2022,600991,国外,凯阳润电子有限公司,,,,,,0,0,,,汽车,,,Sydney,,,Growth,,0,1,日本,0,0,23/3/2026 09:32:16,23/3/2026 09:32:16
1369,2022,600995,国外,新达盛化工公司,,,,,,0,0,,,电力热力生产和供应业,电力、热力、燃气及水生产和供应业,Ontario,Singapore,,TSE,NASDAQ Global Select,,0,1,新加坡,0,0,23/3/2026 09:32:16,23/3/2026 09:32:16
1375,2022,900949,国外,盛电启船舶股份公司,,,,,,0,0,,,公用事业,,California,New York,,TSX,Prime,,0,1,新加坡,0,0,23/3/2026 09:32:16,23/3/2026 09:32:16
1380,2022,900957,国外,润会盛城市发展科技公司,,,,,,0,0,,,综合,,New South Wales,Frankfurt,,NYSE,Main Board,,0,1,日本,0,0,23/3/2026 09:32:16,23/3/2026 09:32:16
1386,2022,2006,国外,众会智实业科技公司,,,,,,0,0,,,其他专用设备制造业,专用设备制造业,Ontario,Frankfurt,,SGX,Growth,,0,1,新加坡,0,0,23/3/2026 09:32:16,23/3/2026 09:32:16
1389,2022,2009,国外,盛城科新材料股份公司,,,,,,0,0,,,通用设备制造业,通用设备制造业,England,London,,SGX,Growth,,0,1,新加坡,0,0,23/3/2026 09:32:16,23/3/2026 09:32:16
1390,2022,2010,国外,比阳澜实业科技公司,,,,,,0,0,,,商务服务业,租赁和商务服务业,California,Toronto,,NASDAQ,NASDAQ Global Select,,0,1,,0,0,23/3/2026 09:32:16,23/3/2026 09:32:16
1394,2022,2014,国外,绿通航通信股份公司,,,,,,0,0,,,塑料制品,橡胶和塑料制品业,California,Singapore,,SGX,Main Board,,0,1,新加坡,0,0,23/3/2026 09:32:16,23/3/2026 09:32:16
1397,2022,2018,国外,科芯泰能源股份公司,,,,,,0,0,,,电子元件及设备,消费电子及电气业,Tokyo,Tokyo,,ASX,NASDAQ Global Select,,0,1,,0,0,23/3/2026 09:32:16,23/3/2026 09:32:16
1402,2022,2023,国外,冀酷盛实业控股公司,,,,,,0,0,,,航空航天,铁路、船舶、航空航天和其他运输设备制造业,Bavaria,,,ASX,Standard,,0,1,新加坡,0,0,23/3/2026 09:32:16,23/3/2026 09:32:16
1406,2022,2027,国外,盛阳航零售科技公司,,,,,,0,0,,,商务服务业,租赁和商务服务业,New South Wales,Sydney,,,Prime,,0,1,,0,0,23/3/2026 09:32:16,23/3/2026 09:32:16
1408,2022,2029,国外,保车禾城市发展发展公司,,,,,,0,0,,,纺织鞋服业,纺织鞋服业,,Toronto,,LSE,Growth,,0,1,日本,0,0,23/3/2026 09:32:16,23/3/2026 09:32:16
1417,2022,2038,国外,绿园泰新能源汽车发展公司,,,,,,0,0,,,制药,医药制造业,England,Tokyo,,NASDAQ,Standard,,0,1,新加坡,0,0,23/3/2026 09:32:16,23/3/2026 09:32:16
1419,2022,600143,国外,华盈盛通信控股公司,,,,,,0,0,,,塑料制品,橡胶和塑料制品业,Zurich,New York,,ASX,NASDAQ Global Select,,0,1,,0,0,23/3/2026 09:32:16,23/3/2026 09:32:16
1423,2022,600965,国外,冀课景建设开发公司,,,,,,0,0,,,食品业,食品饮料业,Bavaria,London,,,Growth,,0,1,,0,0,23/3/2026 09:32:16,23/3/2026 09:32:16
1425,2022,600973,国外,启通远实业股份公司,,,,,,0,0,,,光纤电缆制造业,商业电气机械和器材制造业,England,Sydney,,NASDAQ,Main Board,,0,1,日本,0,0,23/3/2026 09:32:16,23/3/2026 09:32:16
1430,2022,600983,国外,盛泽创电器控股公司,,,,,,0,0,,,家用电器,消费电子及电气业,Ontario,New York,,XETRA,NASDAQ Global Select,,0,1,日本,0,0,23/3/2026 09:32:16,23/3/2026 09:32:16
1433,2022,600027,国外,北尹昌传媒股份公司,,,,,,0,0,,,电力热力生产和供应业,电力、热力、燃气及水生产和供应业,,,,TSE,Standard,,0,1,,0,0,23/3/2026 09:32:16,23/3/2026 09:32:16
1434,2022,2039,国外,十车澜实业集团公司,,,,,,0,0,,,电力热力生产和供应业,电力、热力、燃气及水生产和供应业,,Tokyo,,ASX,Standard,,0,1,,0,0,23/3/2026 09:32:16,23/3/2026 09:32:16
1435,2022,2040,国外,绿达置实业公司,,,,,,0,0,,,水路交通运输业,交通运输、仓储和邮政业,Zurich,Sydney,,TSE,Prime,,0,1,新加坡,0,0,23/3/2026 09:32:16,23/3/2026 09:32:16
1437,2022,2041,国外,新阳拓城市发展发展公司,,,,,,0,0,,,农业,农、林、牧、渔业,Bavaria,London,,TSE,NASDAQ Global Select,,0,1,日本,0,0,23/3/2026 09:32:16,23/3/2026 09:32:16
1440,2022,600472,国外,润工盛建筑设计公司,,,,,,0,0,,,有色金属,,England,Sydney,,NYSE,Prime,,0,1,新加坡,0,0,23/3/2026 09:32:16,23/3/2026 09:32:16
1441,2022,2044,国外,华酷景建设开发控股公司,,,,,,0,0,,,卫生和社会工作,卫生和社会工作,Tokyo,,,SGX,Growth,,0,1,,0,0,23/3/2026 09:32:16,23/3/2026 09:32:16
1446,2022,2049,国外,比阳泽集成电路控股公司,,,,,,0,0,,,半导体业,半导体业,,Singapore,,,Growth,,0,1,日本,0,0,23/3/2026 09:32:16,23/3/2026 09:32:16
1449,2022,2051,国外,明盈锦金融股份公司,,,,,,0,0,,,土木工程,建筑业,,London,,TSE,NASDAQ Global Select,,0,1,,0,0,23/3/2026 09:32:16,23/3/2026 09:32:16
1454,2022,2054,国外,冀白昌新材料股份公司,,,,,,0,0,,,精细化工,化学原料和化学制品制造业,,Tokyo,,NASDAQ,Prime,,0,1,,0,0,23/3/2026 09:32:16,23/3/2026 09:32:16
1462,2022,2060,国外,明桥澜置业有限公司,,,,,,0,0,,,土木工程,建筑业,England,Frankfurt,,TSE,,,0,1,,0,0,23/3/2026 09:32:16,23/3/2026 09:32:16
1464,2022,2062,国外,物海航软件公司,,,,,,0,0,,,土木工程,建筑业,Bavaria,Singapore,,XETRA,,,0,1,日本,0,0,23/3/2026 09:32:16,23/3/2026 09:32:16
1467,2022,2065,国外,物课澜连锁集团公司,,,,,,0,0,,,软件和信息技术服务,信息传输、软件和信息技术服务业,Ontario,Frankfurt,,TSX,Standard,,0,1,日本,0,0,23/3/2026 09:32:16,23/3/2026 09:32:16
1471,2022,2068,国外,物园瀚传媒股份公司,,,,,,0,0,,,化工原料,化学原料和化学制品制造业,England,Frankfurt,,ASX,Main Board,,0,1,日本,0,0,23/3/2026 09:32:16,23/3/2026 09:32:16
1472,2022,300016,国外,明海禾电器发展公司,,,,,,0,0,,,制药,医药制造业,California,Sydney,,ASX,NASDAQ Global Select,,0,1,日本,0,0,23/3/2026 09:32:16,23/3/2026 09:32:16
1473,2022,300271,国外,润白科金融科技公司,,,,,,0,0,,,软件和信息技术服务,信息传输、软件和信息技术服务业,England,Sydney,,LSE,,,0,1,,0,0,23/3/2026 09:32:16,23/3/2026 09:32:16
1479,2022,2072,国外,招工澜电子发展公司,,,,,,0,0,,,互联网和相关服务,信息传输、软件和信息技术服务业,,Frankfurt,,TSX,Standard,,0,1,,0,0,23/3/2026 09:32:16,23/3/2026 09:32:16
1480,2022,601588,国外,华源锦通信有限公司,,,,,,0,0,,,住宅,房地产业,California,Toronto,,SGX,Standard,,0,1,,0,0,23/3/2026 09:32:16,23/3/2026 09:32:16
1481,2022,2073,国外,绿城拓传媒公司,,,,,,0,0,,,其他专用设备制造业,专用设备制造业,Zurich,,,,NASDAQ Global Select,,0,1,,0,0,23/3/2026 09:32:16,23/3/2026 09:32:16
1483,2022,2074,国外,保盈启新能源汽车控股公司,,,,,,0,0,,,电池制造业,商业电气机械和器材制造业,England,Tokyo,,NYSE,Growth,,0,1,新加坡,0,0,23/3/2026 09:32:16,23/3/2026 09:32:16
1485,2022,2076,国外,花泽骏批发控股公司,,,,,,0,0,,,非家用照明设备制造业,商业电气机械和器材制造业,Ontario,New York,,ASX,NASDAQ Global Select,,0,1,,0,0,23/3/2026 09:32:16,23/3/2026 09:32:16
1491,2022,2080,国外,物业昌化工股份公司,,,,,,0,0,,,玻璃制品业,非金属矿物制品业,New South Wales,Sydney,,,Main Board,,0,1,日本,0,0,23/3/2026 09:32:16,23/3/2026 09:32:16
1492,2022,2081,国外,恒海创批发科技公司,,,,,,0,0,,,建筑装饰,建筑业,Ontario,Singapore,,SGX,Main Board,,0,1,,0,0,23/3/2026 09:32:16,23/3/2026 09:32:16
1494,2022,601666,国外,恒电昌生物科技股份公司,,,,,,0,0,,,煤炭开采业,采矿业,California,Tokyo,,SGX,Prime,,0,1,,0,0,23/3/2026 09:32:16,23/3/2026 09:32:16
1496,2022,2084,国外,碧业瀚建设开发股份公司,,,,,,0,0,,,金属制品业,金属制品业,Zurich,Frankfurt,,TSE,,,0,1,日本,0,0,23/3/2026 09:32:16,23/3/2026 09:32:16
1497,2022,2085,国外,新尹启城市发展公司,,,,,,0,0,,,汽车零部件制造业,汽车制造业,Tokyo,Toronto,,ASX,Standard,,0,1,新加坡,0,0,23/3/2026 09:32:16,23/3/2026 09:32:16
1500,2022,2088,国外,瑞白澜水务公司,,,,,,0,0,,,耐火材料制品业,非金属矿物制品业,England,Sydney,,LSE,Main Board,,0,1,新加坡,0,0,23/3/2026 09:32:16,23/3/2026 09:32:16
1502,2022,601872,国外,物环锦金融科技公司,,,,,,0,0,,,水路交通运输业,交通运输、仓储和邮政业,Bavaria,Tokyo,,ASX,,,0,1,新加坡,0,0,23/3/2026 09:32:16,23/3/2026 09:32:16
1505,2022,2092,国外,科业置金融科技公司,,,,,,0,0,,,化工原料,化学原料和化学制品制造业,Ontario,London,,NYSE,Main Board,,0,1,日本,0,0,23/3/2026 09:32:16,23/3/2026 09:32:16
1509,2022,2093,国外,招控智零售发展公司,,,,,,0,0,,,软件和信息技术服务,信息传输、软件和信息技术服务业,England,Singapore,,LSE,Main Board,,0,1,新加坡,0,0,23/3/2026 09:32:16,23/3/2026 09:32:16
1511,2022,2101,国外,远晋泰水务公司,,,,,,0,0,,,汽车零部件制造业,汽车制造业,England,New York,,XETRA,Main Board,,0,1,日本,0,0,23/3/2026 09:32:16,23/3/2026 09:32:16
1512,2022,2099,国外,万车润化工发展公司,,,,,,0,0,,,制药,医药制造业,California,Tokyo,,TSE,Main Board,,0,1,日本,0,0,23/3/2026 09:32:16,23/3/2026 09:32:16
1514,2022,2097,国外,凯车联通信发展公司,,,,,,0,0,,,其他专用设备制造业,专用设备制造业,Tokyo,Singapore,,NYSE,Prime,,0,1,日本,0,0,23/3/2026 09:32:16,23/3/2026 09:32:16
1516,2022,2098,国外,科园瀚通信科技公司,,,,,,0,0,,,其他制造业,其他制造业,New South Wales,,,XETRA,Prime,,0,1,新加坡,0,0,23/3/2026 09:32:16,23/3/2026 09:32:16
1522,2022,2108,国外,万禾禾财富管理股份公司,,,,,,0,0,,,塑料制品,橡胶和塑料制品业,Tokyo,Sydney,,NYSE,Main Board,,0,1,,0,0,23/3/2026 09:32:16,23/3/2026 09:32:16
1524,2022,2109,国外,花源润新能源汽车公司,,,,,,0,0,,,化工原料,化学原料和化学制品制造业,England,Tokyo,,NASDAQ,Prime,,0,1,,0,0,23/3/2026 09:32:16,23/3/2026 09:32:16
1526,2022,601628,国外,长白拓零售有限公司,,,,,,0,0,,,保险,金融业,,London,,XETRA,Prime,,0,1,,0,0,23/3/2026 09:32:16,23/3/2026 09:32:16
1528,2022,2111,国外,润芯瀚零售有限公司,,,,,,0,0,,,其他专用设备制造业,专用设备制造业,Tokyo,Toronto,,XETRA,Growth,,0,1,日本,0,0,23/3/2026 09:32:16,23/3/2026 09:32:16
1529,2022,2121,国外,十控盛软件控股公司,,,,,,0,0,,,仪器仪表制造业,仪器仪表制造业,Ontario,Frankfurt,,,Prime,,0,1,新加坡,0,0,23/3/2026 09:32:16,23/3/2026 09:32:16
1531,2022,2114,国外,万源源建设开发股份公司,,,,,,0,0,,,有色金属冶炼和压延加工业,金属冶炼和压延加工业,Zurich,Frankfurt,,NASDAQ,Prime,,0,1,新加坡,0,0,23/3/2026 09:32:16,23/3/2026 09:32:16
1537,2022,601166,国外,十园智传媒集团公司,,,,,,0,0,,,银行,金融业,Zurich,Sydney,,TSE,Prime,,0,1,新加坡,0,0,23/3/2026 09:32:16,23/3/2026 09:32:16
1544,2022,2123,国外,启课源玻璃控股公司,,,,,,0,0,,,软件和信息技术服务,信息传输、软件和信息技术服务业,California,,,SGX,Prime,,0,1,,0,0,23/3/2026 09:32:16,23/3/2026 09:32:16
1545,2022,601007,国外,绿白泰传媒公司,,,,,,0,0,,,餐饮业,住宿和餐饮业,Zurich,,,NASDAQ,Standard,,0,1,日本,0,0,23/3/2026 09:32:16,23/3/2026 09:32:16
1547,2022,300318,国外,冀能科水务有限公司,,,,,,0,0,,,医疗专用设备制造业,专用设备制造业,Tokyo,Tokyo,,SGX,NASDAQ Global Select,,0,1,日本,0,0,23/3/2026 09:32:16,23/3/2026 09:32:16
1548,2022,2122,国外,绿环置环境科技科技公司,,,,,,0,0,,,通用设备制造业,通用设备制造业,California,Tokyo,,SGX,NASDAQ Global Select,,0,1,新加坡,0,0,23/3/2026 09:32:16,23/3/2026 09:32:16
1552,2022,2129,国外,润尹迈建筑设计股份公司,,,,,,0,0,,,光伏制造业,商业电气机械和器材制造业,California,Sydney,,,Prime,,0,1,新加坡,0,0,23/3/2026 09:32:16,23/3/2026 09:32:16
1555,2022,2132,国外,华车锦连锁股份公司,,,,,,0,0,,,金属制品业,金属制品业,,Toronto,,NASDAQ,Growth,,0,1,,0,0,23/3/2026 09:32:16,23/3/2026 09:32:16
1562,2022,601998,国外,启酷瀚环境科技有限公司,,,,,,0,0,,,银行,金融业,California,Tokyo,,ASX,Prime,,0,1,新加坡,0,0,23/3/2026 09:32:16,23/3/2026 09:32:16
1563,2022,2139,国外,北阳远城市发展科技公司,,,,,,0,0,,,电子元件及设备,消费电子及电气业,California,Tokyo,,SGX,NASDAQ Global Select,,0,1,新加坡,0,0,23/3/2026 09:32:16,23/3/2026 09:32:16
1564,2022,601328,国外,比课启电器集团公司,,,,,,0,0,,,银行,金融业,,Tokyo,,NASDAQ,NASDAQ Global Select,,0,1,新加坡,0,0,23/3/2026 09:32:16,23/3/2026 09:32:16
1567,2022,2138,国外,北盈启城市发展有限公司,,,,,,0,0,,,电子元件及设备,消费电子及电气业,Bavaria,Sydney,,SGX,,,0,1,新加坡,0,0,23/3/2026 09:32:16,23/3/2026 09:32:16
1575,2022,2142,国外,明酷拓新能源汽车有限公司,,,,,,0,0,,,银行,金融业,Ontario,Tokyo,,XETRA,Standard,,0,1,,0,0,23/3/2026 09:32:16,23/3/2026 09:32:16
1577,2022,2153,国外,十达科医药集团公司,,,,,,0,0,,,软件和信息技术服务,信息传输、软件和信息技术服务业,Tokyo,London,,TSX,NASDAQ Global Select,,0,1,,0,0,23/3/2026 09:32:16,23/3/2026 09:32:16
1579,2022,2159,国外,北环泽集成电路公司,,,,,,0,0,,,水利、环境和公共设施管理业,水利、环境和公共设施管理业,Ontario,Sydney,,ASX,,,0,1,,0,0,23/3/2026 09:32:16,23/3/2026 09:32:16
1581,2022,2150,国外,长阳拓玻璃公司,,,,,,0,0,,,金属制品业,金属制品业,New South Wales,Frankfurt,,,,,0,1,,0,0,23/3/2026 09:32:16,23/3/2026 09:32:16
1582,2022,2152,国外,招泽润综合开发集团公司,,,,,,0,0,,,通用设备制造业,通用设备制造业,England,Tokyo,,XETRA,Prime,,0,1,日本,0,0,23/3/2026 09:32:16,23/3/2026 09:32:16
1583,2022,2149,国外,凯澜澜数据服务控股公司,,,,,,0,0,,,有色金属冶炼和压延加工业,金属冶炼和压延加工业,New South Wales,New York,,ASX,NASDAQ Global Select,,0,1,,0,0,23/3/2026 09:32:16,23/3/2026 09:32:16
1584,2022,2147,国外,启海盛生物科技公司,,,,,,0,0,,,机械设备,,,Tokyo,,XETRA,Growth,,0,1,日本,0,0,23/3/2026 09:32:16,23/3/2026 09:32:16
1587,2022,2151,国外,科环骏集成电路科技公司,,,,,,0,0,,,航空航天,铁路、船舶、航空航天和其他运输设备制造业,Zurich,London,,NYSE,NASDAQ Global Select,,0,1,日本,0,0,23/3/2026 09:32:16,23/3/2026 09:32:16
1588,2022,2156,国外,绿环智传媒集团公司,,,,,,0,0,,,半导体业,半导体业,England,Frankfurt,,NASDAQ,Main Board,,0,1,日本,0,0,23/3/2026 09:32:16,23/3/2026 09:32:16
1589,2022,2145,国外,联通昌财富管理科技公司,,,,,,0,0,,,化工原料,化学原料和化学制品制造业,Tokyo,Singapore,,TSX,Prime,,0,1,日本,0,0,23/3/2026 09:32:16,23/3/2026 09:32:16
1590,2022,2158,国外,花控润建筑设计公司,,,,,,0,0,,,通用设备制造业,通用设备制造业,New South Wales,Sydney,,NYSE,Main Board,,0,1,日本,0,0,23/3/2026 09:32:16,23/3/2026 09:32:16
1592,2022,2160,国外,十达瀚传媒集团公司,,,,,,0,0,,,有色金属冶炼和压延加工业,金属冶炼和压延加工业,California,,,LSE,Main Board,,0,1,日本,0,0,23/3/2026 09:32:16,23/3/2026 09:32:16
1595,2022,2154,国外,众环联零售集团公司,,,,,,0,0,,,纺织鞋服业,纺织鞋服业,Ontario,Frankfurt,,TSX,Growth,,0,1,新加坡,0,0,23/3/2026 09:32:16,23/3/2026 09:32:16
1596,2022,2164,国外,联锦润新能源汽车有限公司,,,,,,0,0,,,通用设备制造业,通用设备制造业,Zurich,,,TSX,Standard,,0,1,,0,0,23/3/2026 09:32:16,23/3/2026 09:32:16
1599,2022,2169,国外,冀酷智水务公司,,,,,,0,0,,,电机制造业,商业电气机械和器材制造业,Ontario,Toronto,,LSE,Main Board,,0,1,新加坡,0,0,23/3/2026 09:32:16,23/3/2026 09:32:16
1600,2022,2167,国外,恒海智批发控股公司,,,,,,0,0,,,有色金属冶炼和压延加工业,金属冶炼和压延加工业,Ontario,Singapore,,LSE,Growth,,0,1,,0,0,23/3/2026 09:32:16,23/3/2026 09:32:16
1605,2022,2166,国外,科晋润水电有限公司,,,,,,0,0,,,生物科技,医药制造业,Zurich,Singapore,,ASX,Main Board,,0,1,日本,0,0,23/3/2026 09:32:16,23/3/2026 09:32:16
1610,2022,2176,国外,华环置能源公司,,,,,,0,0,,,电机制造业,商业电气机械和器材制造业,Zurich,Sydney,,TSE,Growth,,0,1,新加坡,0,0,23/3/2026 09:32:16,23/3/2026 09:32:16
1611,2022,2179,国外,星通拓批发股份公司,,,,,,0,0,,,航空航天,铁路、船舶、航空航天和其他运输设备制造业,Zurich,,,,NASDAQ Global Select,,0,1,日本,0,0,23/3/2026 09:32:16,23/3/2026 09:32:16
1613,2022,2180,国外,瑞海拓综合开发科技公司,,,,,,0,0,,,半导体业,半导体业,Bavaria,Sydney,,,Prime,,0,1,新加坡,0,0,23/3/2026 09:32:16,23/3/2026 09:32:16
1624,2022,2188,国外,启尹智医药发展公司,,,,,,0,0,,,商务服务业,租赁和商务服务业,New South Wales,Frankfurt,,ASX,,,0,1,新加坡,0,0,23/3/2026 09:32:16,23/3/2026 09:32:16
1630,2022,2190,国外,明海迈综合开发股份公司,,,,,,0,0,,,汽车零部件制造业,汽车制造业,New South Wales,,,NASDAQ,Prime,,0,1,新加坡,0,0,23/3/2026 09:32:16,23/3/2026 09:32:16
1631,2022,2191,国外,联控昌通信科技公司,,,,,,0,0,,,印刷和记录媒介复制业,印刷和记录媒介复制业,Ontario,London,,,Growth,,0,1,新加坡,0,0,23/3/2026 09:32:16,23/3/2026 09:32:16
1635,2022,2200,国外,招锦澜零售公司,,,,,,0,0,,,林业,农、林、牧、渔业,Zurich,,,SGX,Growth,,0,1,日本,0,0,23/3/2026 09:32:16,23/3/2026 09:32:16
1638,2022,601390,国外,华禾泽通信控股公司,,,,,,0,0,,,土木工程,建筑业,Zurich,,,LSE,NASDAQ Global Select,,0,1,日本,0,0,23/3/2026 09:32:16,23/3/2026 09:32:16
1639,2022,601918,国外,恒新启贸易有限公司,,,,,,0,0,,,煤炭开采业,采矿业,,New York,,ASX,Main Board,,0,1,,0,0,23/3/2026 09:32:16,23/3/2026 09:32:16
1640,2022,2197,国外,新达源电子科技公司,,,,,,0,0,,,通用设备制造业,通用设备制造业,Bavaria,Tokyo,,ASX,,,0,1,日本,0,0,23/3/2026 09:32:16,23/3/2026 09:32:16
1641,2022,2201,国外,物能科贸易控股公司,,,,,,0,0,,,玻璃制品业,非金属矿物制品业,Ontario,New York,,NYSE,Growth,,0,1,日本,0,0,23/3/2026 09:32:16,23/3/2026 09:32:16
1642,2022,2203,国外,花锦昌医药股份公司,,,,,,0,0,,,有色金属冶炼和压延加工业,金属冶炼和压延加工业,,New York,,NASDAQ,Growth,,0,1,日本,0,0,23/3/2026 09:32:16,23/3/2026 09:32:16
1643,2022,601999,国外,招达联房地产开发集团公司,,,,,,0,0,,,文化、体育和娱乐业,文化、体育和娱乐业,Tokyo,Sydney,,LSE,Growth,,0,1,日本,0,0,23/3/2026 09:32:16,23/3/2026 09:32:16
1646,2022,2204,国外,恒盈迈金融公司,,,,,,0,0,,,其他专用设备制造业,专用设备制造业,,New York,,,Main Board,,0,1,日本,0,0,23/3/2026 09:32:16,23/3/2026 09:32:16
1647,2022,2205,国外,冀白科零售公司,,,,,,0,0,,,其他非金属制品业,非金属矿物制品业,Ontario,London,,NYSE,,,0,1,新加坡,0,0,23/3/2026 09:32:16,23/3/2026 09:32:16
1649,2022,2207,国外,明业航建筑设计发展公司,,,,,,0,0,,,开发辅助业,采矿业,New South Wales,Frankfurt,,ASX,,,0,1,新加坡,0,0,23/3/2026 09:32:16,23/3/2026 09:32:16
1656,2022,2212,国外,碧业禾金融股份公司,,,,,,0,0,,,软件和信息技术服务,信息传输、软件和信息技术服务业,Bavaria,,,,,,0,1,,0,0,23/3/2026 09:32:16,23/3/2026 09:32:16
1660,2022,2214,国外,科环航新材料控股公司,,,,,,0,0,,,其他专用设备制造业,专用设备制造业,,London,,SGX,,,0,1,日本,0,0,23/3/2026 09:32:16,23/3/2026 09:32:16
1661,2022,2226,国外,长园禾医药有限公司,,,,,,0,0,,,化工原料,化学原料和化学制品制造业,England,Tokyo,,LSE,Main Board,,0,1,新加坡,0,0,23/3/2026 09:32:16,23/3/2026 09:32:16
1662,2022,2217,国外,星酷润集成电路公司,,,,,,0,0,,,电子元件及设备,消费电子及电气业,,Tokyo,,TSE,NASDAQ Global Select,,0,1,,0,0,23/3/2026 09:32:16,23/3/2026 09:32:16
1663,2022,2218,国外,十园创生物科技集团公司,,,,,,0,0,,,光伏制造业,商业电气机械和器材制造业,Bavaria,Toronto,,TSX,Prime,,0,1,新加坡,0,0,23/3/2026 09:32:16,23/3/2026 09:32:16
1665,2022,601898,国外,花酷禾新能源汽车集团公司,,,,,,0,0,,,煤炭开采业,采矿业,England,Toronto,,NASDAQ,Main Board,,0,1,日本,0,0,23/3/2026 09:32:16,23/3/2026 09:32:16
1666,2022,2221,国外,新锦创连锁发展公司,,,,,,0,0,,,批发业,批发和零售业,California,London,,SGX,Prime,,0,1,,0,0,23/3/2026 09:32:16,23/3/2026 09:32:16
1669,2022,2219,国外,北会航实业科技公司,,,,,,0,0,,,医疗保健,医药制造业,Bavaria,Sydney,,NYSE,NASDAQ Global Select,,0,1,新加坡,0,0,23/3/2026 09:32:16,23/3/2026 09:32:16
1674,2022,2228,国外,众尹远传媒发展公司,,,,,,0,0,,,造纸和纸制品业,造纸和纸制品业,New South Wales,Sydney,,ASX,Growth,,0,1,新加坡,0,0,23/3/2026 09:32:16,23/3/2026 09:32:16
1675,2022,2227,国外,十海泰城市发展有限公司,,,,,,0,0,,,电机制造业,商业电气机械和器材制造业,Zurich,London,,NYSE,Main Board,,0,1,日本,0,0,23/3/2026 09:32:16,23/3/2026 09:32:16
1678,2022,2237,国外,远达润软件公司,,,,,,0,0,,,贵金属冶炼和压延加工业,金属冶炼和压延加工业,,Tokyo,,,Prime,,0,1,,0,0,23/3/2026 09:32:16,23/3/2026 09:32:16
1683,2022,2229,国外,凯园盛玻璃股份公司,,,,,,0,0,,,印刷和记录媒介复制业,印刷和记录媒介复制业,Bavaria,Sydney,,SGX,NASDAQ Global Select,,0,1,日本,0,0,23/3/2026 09:32:16,23/3/2026 09:32:16
1684,2022,2253,国外,碧白盛房地产开发集团公司,,,,,,0,0,,,软件和信息技术服务,信息传输、软件和信息技术服务业,England,Toronto,,XETRA,NASDAQ Global Select,,0,1,新加坡,0,0,23/3/2026 09:32:16,23/3/2026 09:32:16
1689,2022,2236,国外,长新昌船舶集团公司,,,,,,0,0,,,电子元件及设备,消费电子及电气业,California,Tokyo,,TSX,,,0,1,日本,0,0,23/3/2026 09:32:16,23/3/2026 09:32:16
1693,2022,2247,国外,科酷迈新能源汽车有限公司,,,,,,0,0,,,互联网和相关服务,信息传输、软件和信息技术服务业,California,,,NYSE,Main Board,,0,1,日本,0,0,23/3/2026 09:32:16,23/3/2026 09:32:16
1696,2022,2242,国外,十禾景连锁科技公司,,,,,,0,0,,,家用电器,消费电子及电气业,Bavaria,,,NASDAQ,Main Board,,0,1,,0,0,23/3/2026 09:32:16,23/3/2026 09:32:16
1698,2022,2241,国外,十城昌玻璃集团公司,,,,,,0,0,,,电子元件及设备,消费电子及电气业,Bavaria,New York,,ASX,Growth,,0,1,新加坡,0,0,23/3/2026 09:32:16,23/3/2026 09:32:16
1700,2022,2263,国外,启锦远能源公司,,,,,,0,0,,,塑料制品,橡胶和塑料制品业,New South Wales,London,,LSE,,,0,1,,0,0,23/3/2026 09:32:16,23/3/2026 09:32:16
1702,2022,2251,国外,长源盛传媒科技公司,,,,,,0,0,,,零售业,批发和零售业,Tokyo,Tokyo,,XETRA,NASDAQ Global Select,,0,1,日本,0,0,23/3/2026 09:32:16,23/3/2026 09:32:16
1713,2022,2267,国外,保源盛财富管理股份公司,,,,,,0,0,,,燃气生产和供应业,电力、热力、燃气及水生产和供应业,Zurich,Frankfurt,,NASDAQ,Prime,,0,1,新加坡,0,0,23/3/2026 09:32:16,23/3/2026 09:32:16
1715,2022,2271,国外,万新科玻璃有限公司,,,,,,0,0,,,其他非金属制品业,非金属矿物制品业,Ontario,Tokyo,,LSE,Main Board,,0,1,日本,0,0,23/3/2026 09:32:16,23/3/2026 09:32:16
1717,2022,2270,国外,新泽置玻璃发展公司,,,,,,0,0,,,电机制造业,商业电气机械和器材制造业,New South Wales,Tokyo,,,Growth,,0,1,新加坡,0,0,23/3/2026 09:32:16,23/3/2026 09:32:16
1720,2022,2275,国外,高酷泰新能源汽车有限公司,,,,,,0,0,,,制药,医药制造业,Ontario,Frankfurt,,,Main Board,,0,1,新加坡,0,0,23/3/2026 09:32:16,23/3/2026 09:32:16
1722,2022,2396,国外,长车禾建筑设计股份公司,,,,,,0,0,,,通信传输设备业,通信传输设备业,Bavaria,Frankfurt,,SGX,Main Board,,0,1,日本,0,0,23/3/2026 09:32:16,23/3/2026 09:32:16
1723,2022,601107,国外,长源骏软件控股公司,,,,,,0,0,,,陆路交通运输业,交通运输、仓储和邮政业,California,Tokyo,,,Growth,,0,1,新加坡,0,0,23/3/2026 09:32:16,23/3/2026 09:32:16
1724,2022,601766,国外,万芯澜零售控股公司,,,,,,0,0,,,铁路,铁路、船舶、航空航天和其他运输设备制造业,,Singapore,,TSE,,,0,1,新加坡,0,0,23/3/2026 09:32:16,23/3/2026 09:32:16
1729,2022,2283,国外,华能景电子公司,,,,,,0,0,,,汽车零部件制造业,汽车制造业,California,,,,NASDAQ Global Select,,0,1,新加坡,0,0,23/3/2026 09:32:16,23/3/2026 09:32:16
1732,2022,601727,国外,绿泽航船舶公司,,,,,,0,0,,,通用设备制造业,通用设备制造业,Tokyo,Singapore,,LSE,Main Board,,0,1,新加坡,0,0,23/3/2026 09:32:16,23/3/2026 09:32:16
1741,2022,2289,国外,联业智城市发展发展公司,,,,,,0,0,,,电子元件及设备,消费电子及电气业,,New York,,,Growth,,0,1,日本,0,0,23/3/2026 09:32:16,23/3/2026 09:32:16
1743,2022,2296,国外,新新迈新材料科技公司,,,,,,0,0,,,电子元件及设备,消费电子及电气业,,Frankfurt,,,Prime,,0,1,日本,0,0,23/3/2026 09:32:16,23/3/2026 09:32:16
1746,2022,2300,国外,新能盛城市发展公司,,,,,,0,0,,,光纤电缆制造业,商业电气机械和器材制造业,Tokyo,Toronto,,TSX,Growth,,0,1,,0,0,23/3/2026 09:32:16,23/3/2026 09:32:16
1749,2022,2294,国外,物工泽环境科技公司,,,,,,0,0,,,制药,医药制造业,New South Wales,New York,,TSE,Main Board,,0,1,新加坡,0,0,23/3/2026 09:32:16,23/3/2026 09:32:16
1752,2022,300002,国外,科业澜通信发展公司,,,,,,0,0,,,软件和信息技术服务,信息传输、软件和信息技术服务业,Tokyo,,,XETRA,Growth,,0,1,新加坡,0,0,23/3/2026 09:32:16,23/3/2026 09:32:16
1755,2022,601633,国外,十盈置通信有限公司,,,,,,0,0,,,整车制造业,汽车制造业,New South Wales,London,,TSE,,,0,1,新加坡,0,0,23/3/2026 09:32:16,23/3/2026 09:32:16
1757,2022,601268,国外,万能创集成电路股份公司,,,,,,0,0,,,机械设备,,,Sydney,,NYSE,Standard,,0,1,日本,0,0,23/3/2026 09:32:16,23/3/2026 09:32:16
1759,2022,2448,国外,十尹创房地产开发公司,,,,,,0,0,,,汽车零部件制造业,汽车制造业,Ontario,Frankfurt,,TSX,NASDAQ Global Select,,0,1,,0,0,23/3/2026 09:32:16,23/3/2026 09:32:16
1760,2022,2438,国外,恒环航集成电路科技公司,,,,,,0,0,,,通用设备制造业,通用设备制造业,New South Wales,Singapore,,TSE,NASDAQ Global Select,,0,1,日本,0,0,23/3/2026 09:32:16,23/3/2026 09:32:16
1771,2022,2304,国外,招芯创电器控股公司,,,,,,0,0,,,酒业,食品饮料业,New South Wales,New York,,SGX,,,0,1,日本,0,0,23/3/2026 09:32:16,23/3/2026 09:32:16
1774,2022,2302,国外,星禾泰数据服务公司,,,,,,0,0,,,水泥制品业,非金属矿物制品业,New South Wales,London,,ASX,,,0,1,日本,0,0,23/3/2026 09:32:16,23/3/2026 09:32:16
1777,2022,2315,国外,新尹源建筑设计有限公司,,,,,,0,0,,,互联网和相关服务,信息传输、软件和信息技术服务业,England,Frankfurt,,SGX,Prime,,0,1,日本,0,0,23/3/2026 09:32:16,23/3/2026 09:32:16
1780,2022,2308,国外,凯电联实业集团公司,,,,,,0,0,,,电子元件及设备,消费电子及电气业,England,Singapore,,ASX,Standard,,0,1,,0,0,23/3/2026 09:32:16,23/3/2026 09:32:16
1781,2022,2756,国外,物酷置综合开发科技公司,,,,,,0,0,,,黑色金属冶炼和压延加工业,金属冶炼和压延加工业,,Sydney,,SGX,Main Board,,0,1,日本,0,0,23/3/2026 09:32:16,23/3/2026 09:32:16
1787,2022,2312,国外,长白景新能源汽车公司,,,,,,0,0,,,化工原料,化学原料和化学制品制造业,Ontario,Singapore,,XETRA,,,0,1,日本,0,0,23/3/2026 09:32:16,23/3/2026 09:32:16
1790,2022,2313,国外,新海源环境科技科技公司,,,,,,0,0,,,通信传输设备业,通信传输设备业,California,Tokyo,,NYSE,Growth,,0,1,新加坡,0,0,23/3/2026 09:32:16,23/3/2026 09:32:16
1791,2022,2314,国外,明环盛水务股份公司,,,,,,0,0,,,住宅,房地产业,,Frankfurt,,SGX,Standard,,0,1,日本,0,0,23/3/2026 09:32:16,23/3/2026 09:32:16
1794,2022,601117,国外,长阳盛船舶科技公司,,,,,,0,0,,,土木工程,建筑业,Bavaria,,,LSE,NASDAQ Global Select,,0,1,日本,0,0,23/3/2026 09:32:16,23/3/2026 09:32:16
1796,2022,2327,国外,新业澜生物科技股份公司,,,,,,0,0,,,纺织鞋服业,纺织鞋服业,California,Frankfurt,,LSE,Growth,,0,1,新加坡,0,0,23/3/2026 09:32:16,23/3/2026 09:32:16
1797,2022,2317,国外,润工航置业有限公司,,,,,,0,0,,,制药,医药制造业,Bavaria,Sydney,,TSE,Growth,,0,1,新加坡,0,0,23/3/2026 09:32:16,23/3/2026 09:32:16
1798,2022,2319,国外,长盈盛软件集团公司,,,,,,0,0,,,精细化工,化学原料和化学制品制造业,Ontario,London,,XETRA,,,0,1,,0,0,23/3/2026 09:32:16,23/3/2026 09:32:16
1801,2022,300010,国外,十城锦置业有限公司,,,,,,0,0,,,软件和信息技术服务,信息传输、软件和信息技术服务业,,Tokyo,,ASX,,,0,1,新加坡,0,0,23/3/2026 09:32:16,23/3/2026 09:32:16
1804,2022,2331,国外,启新盛置业科技公司,,,,,,0,0,,,软件和信息技术服务,信息传输、软件和信息技术服务业,New South Wales,Toronto,,SGX,Standard,,0,1,日本,0,0,23/3/2026 09:32:16,23/3/2026 09:32:16
1807,2022,300003,国外,新能澜综合开发公司,,,,,,0,0,,,医疗专用设备制造业,专用设备制造业,,Singapore,,,Main Board,,0,1,新加坡,0,0,23/3/2026 09:32:16,23/3/2026 09:32:16
1809,2022,300007,国外,凯电置玻璃科技公司,,,,,,0,0,,,仪器仪表制造业,仪器仪表制造业,Tokyo,Frankfurt,,ASX,Main Board,,0,1,日本,0,0,23/3/2026 09:32:16,23/3/2026 09:32:16
1811,2022,300009,国外,众城迈通信控股公司,,,,,,0,0,,,生物科技,医药制造业,New South Wales,Tokyo,,TSE,,,0,1,新加坡,0,0,23/3/2026 09:32:16,23/3/2026 09:32:16
1812,2022,300011,国外,启通泰玻璃控股公司,,,,,,0,0,,,铁路,铁路、船舶、航空航天和其他运输设备制造业,Tokyo,,,XETRA,,,0,1,新加坡,0,0,23/3/2026 09:32:16,23/3/2026 09:32:16
1815,2022,601801,国外,瑞晋创数据服务有限公司,,,,,,0,0,,,文化、体育和娱乐业,文化、体育和娱乐业,Bavaria,Toronto,,TSE,Standard,,0,1,新加坡,0,0,23/3/2026 09:32:16,23/3/2026 09:32:16
1816,2022,2328,国外,星电骏置业有限公司,,,,,,0,0,,,汽车零部件制造业,汽车制造业,New South Wales,New York,,ASX,Main Board,,0,1,,0,0,23/3/2026 09:32:16,23/3/2026 09:32:16
1822,2022,300015,国外,万控昌数据服务公司,,,,,,0,0,,,卫生和社会工作,卫生和社会工作,California,Toronto,,TSX,Prime,,0,1,新加坡,0,0,23/3/2026 09:32:16,23/3/2026 09:32:16
1826,2022,300022,国外,冀盈源玻璃发展公司,,,,,,0,0,,,零售业,批发和零售业,California,Toronto,,SGX,Main Board,,0,1,新加坡,0,0,23/3/2026 09:32:16,23/3/2026 09:32:16
1829,2022,300033,国外,瑞城盛贸易科技公司,,,,,,0,0,,,多元金融,金融业,Ontario,Toronto,,TSX,NASDAQ Global Select,,0,1,新加坡,0,0,23/3/2026 09:32:16,23/3/2026 09:32:16
1833,2022,300026,国外,长电启环境科技控股公司,,,,,,0,0,,,制药,医药制造业,Bavaria,Sydney,,SGX,Standard,,0,1,日本,0,0,23/3/2026 09:32:16,23/3/2026 09:32:16
1834,2022,300025,国外,万白盛生物科技有限公司,,,,,,0,0,,,软件和信息技术服务,信息传输、软件和信息技术服务业,England,Sydney,,SGX,Growth,,0,1,日本,0,0,23/3/2026 09:32:16,23/3/2026 09:32:16
1839,2022,2330,国外,万盈泽连锁发展公司,,,,,,0,0,,,食品业,食品饮料业,England,Singapore,,ASX,Standard,,0,1,新加坡,0,0,23/3/2026 09:32:16,23/3/2026 09:32:16
1843,2022,2334,国外,招芯泽水务发展公司,,,,,,0,0,,,电机制造业,商业电气机械和器材制造业,Bavaria,,,LSE,Growth,,0,1,新加坡,0,0,23/3/2026 09:32:16,23/3/2026 09:32:16
1844,2022,2336,国外,华海置数据服务科技公司,,,,,,0,0,,,零售业,批发和零售业,Bavaria,London,,ASX,Growth,,0,1,新加坡,0,0,23/3/2026 09:32:16,23/3/2026 09:32:16
1845,2022,2337,国外,十尹远金融控股公司,,,,,,0,0,,,其他专用设备制造业,专用设备制造业,Tokyo,Singapore,,SGX,Main Board,,0,1,,0,0,23/3/2026 09:32:16,23/3/2026 09:32:16
1847,2022,2338,国外,华锦骏综合开发控股公司,,,,,,0,0,,,仪器仪表制造业,仪器仪表制造业,England,Singapore,,LSE,NASDAQ Global Select,,0,1,新加坡,0,0,23/3/2026 09:32:16,23/3/2026 09:32:16
1851,2022,2341,国外,高车瀚集成电路科技公司,,,,,,0,0,,,精细化工,化学原料和化学制品制造业,Ontario,Singapore,,SGX,Main Board,,0,1,新加坡,0,0,23/3/2026 09:32:16,23/3/2026 09:32:16
1857,2022,2343,国外,众澜景船舶发展公司,,,,,,0,0,,,文化、体育和娱乐业,文化、体育和娱乐业,Ontario,Sydney,,NYSE,,,0,1,,0,0,23/3/2026 09:32:16,23/3/2026 09:32:16
1858,2022,2345,国外,冀通禾新能源汽车股份公司,,,,,,0,0,,,其他制造业,其他制造业,,Toronto,,SGX,Standard,,0,1,,0,0,23/3/2026 09:32:16,23/3/2026 09:32:16
1864,2022,300032,国外,盛芯迈水务科技公司,,,,,,0,0,,,电子元件及设备,消费电子及电气业,Ontario,Tokyo,,LSE,,,0,1,日本,0,0,23/3/2026 09:32:16,23/3/2026 09:32:16
1866,2022,601678,国外,十澜源建设开发科技公司,,,,,,0,0,,,化工原料,化学原料和化学制品制造业,Ontario,New York,,NYSE,NASDAQ Global Select,,0,1,新加坡,0,0,23/3/2026 09:32:16,23/3/2026 09:32:16
1869,2022,2591,国外,凯电拓软件公司,,,,,,0,0,,,其他专用设备制造业,专用设备制造业,California,Tokyo,,SGX,Prime,,0,1,新加坡,0,0,23/3/2026 09:32:16,23/3/2026 09:32:16
1870,2022,2355,国外,新控禾连锁控股公司,,,,,,0,0,,,汽车零部件制造业,汽车制造业,Ontario,New York,,NYSE,NASDAQ Global Select,,0,1,,0,0,23/3/2026 09:32:16,23/3/2026 09:32:16
1871,2022,2353,国外,科酷景传媒股份公司,,,,,,0,0,,,其他专用设备制造业,专用设备制造业,Zurich,Toronto,,,NASDAQ Global Select,,0,1,新加坡,0,0,23/3/2026 09:32:16,23/3/2026 09:32:16
1873,2022,2354,国外,润业景综合开发控股公司,,,,,,0,0,,,互联网和相关服务,信息传输、软件和信息技术服务业,Zurich,Toronto,,,,,0,1,新加坡,0,0,23/3/2026 09:32:16,23/3/2026 09:32:16
1880,2022,2549,国外,新晋科实业控股公司,,,,,,0,0,,,水利、环境和公共设施管理业,水利、环境和公共设施管理业,New South Wales,London,,SGX,NASDAQ Global Select,,0,1,新加坡,0,0,23/3/2026 09:32:16,23/3/2026 09:32:16
1882,2022,300038,国外,星能科新能源汽车集团公司,,,,,,0,0,,,通信,,Ontario,London,,NYSE,Standard,,0,1,日本,0,0,23/3/2026 09:32:16,23/3/2026 09:32:16
1884,2022,2357,国外,明尹景水电集团公司,,,,,,0,0,,,陆路交通运输业,交通运输、仓储和邮政业,Zurich,Sydney,,,Growth,,0,1,日本,0,0,23/3/2026 09:32:16,23/3/2026 09:32:16
1885,2022,2455,国外,恒会联电器集团公司,,,,,,0,0,,,精细化工,化学原料和化学制品制造业,California,Singapore,,LSE,Prime,,0,1,,0,0,23/3/2026 09:32:16,23/3/2026 09:32:16
1886,2022,2370,国外,十源盛化工发展公司,,,,,,0,0,,,制药,医药制造业,Bavaria,Tokyo,,TSE,,,0,1,日本,0,0,23/3/2026 09:32:16,23/3/2026 09:32:16
1887,2022,2375,国外,冀晋盛建筑设计发展公司,,,,,,0,0,,,建筑装饰,建筑业,Zurich,,,TSE,Growth,,0,1,新加坡,0,0,23/3/2026 09:32:16,23/3/2026 09:32:16
1890,2022,300040,国外,新通智生物科技发展公司,,,,,,0,0,,,电机制造业,商业电气机械和器材制造业,Bavaria,New York,,TSE,NASDAQ Global Select,,0,1,新加坡,0,0,23/3/2026 09:32:16,23/3/2026 09:32:16
1895,2022,2367,国外,北锦创电子有限公司,,,,,,0,0,,,通用设备制造业,通用设备制造业,New South Wales,Frankfurt,,XETRA,,,0,1,新加坡,0,0,23/3/2026 09:32:16,23/3/2026 09:32:16
1898,2022,2361,国外,绿晋智环境科技集团公司,,,,,,0,0,,,化工原料,化学原料和化学制品制造业,California,Toronto,,TSX,Main Board,,0,1,,0,0,23/3/2026 09:32:16,23/3/2026 09:32:16
1899,2022,2368,国外,众尹盛船舶股份公司,,,,,,0,0,,,软件和信息技术服务,信息传输、软件和信息技术服务业,,London,,TSX,Main Board,,0,1,新加坡,0,0,23/3/2026 09:32:16,23/3/2026 09:32:16
1901,2022,300042,国外,绿通航生物科技股份公司,,,,,,0,0,,,半导体业,半导体业,Ontario,Tokyo,,TSX,Main Board,,0,1,新加坡,0,0,23/3/2026 09:32:16,23/3/2026 09:32:16
1903,2022,300049,国外,恒会澜房地产开发发展公司,,,,,,0,0,,,医疗专用设备制造业,专用设备制造业,California,London,,,Growth,,0,1,日本,0,0,23/3/2026 09:32:16,23/3/2026 09:32:16
1904,2022,300047,国外,远会瀚软件科技公司,,,,,,0,0,,,软件和信息技术服务,信息传输、软件和信息技术服务业,England,,,LSE,Standard,,0,1,,0,0,23/3/2026 09:32:16,23/3/2026 09:32:16
1907,2022,2373,国外,远新拓环境科技发展公司,,,,,,0,0,,,软件和信息技术服务,信息传输、软件和信息技术服务业,England,Sydney,,LSE,Standard,,0,1,,0,0,23/3/2026 09:32:16,23/3/2026 09:32:16
1910,2022,2372,国外,高园远医药控股公司,,,,,,0,0,,,塑料制品,橡胶和塑料制品业,England,New York,,NASDAQ,,,0,1,新加坡,0,0,23/3/2026 09:32:16,23/3/2026 09:32:16
1915,2022,300050,国外,绿禾启财富管理有限公司,,,,,,0,0,,,软件和信息技术服务,信息传输、软件和信息技术服务业,,Singapore,,LSE,Growth,,0,1,,0,0,23/3/2026 09:32:16,23/3/2026 09:32:16
1917,2022,300046,国外,新新禾船舶科技公司,,,,,,0,0,,,半导体业,半导体业,England,Tokyo,,NASDAQ,,,0,1,日本,0,0,23/3/2026 09:32:16,23/3/2026 09:32:16
1920,2022,2383,国外,众禾智房地产开发科技公司,,,,,,0,0,,,通信传输设备业,通信传输设备业,England,Singapore,,,Main Board,,0,1,,0,0,23/3/2026 09:32:16,23/3/2026 09:32:16
1923,2022,2382,国外,盛白迈船舶公司,,,,,,0,0,,,医疗专用设备制造业,专用设备制造业,Ontario,New York,,TSX,,,0,1,新加坡,0,0,23/3/2026 09:32:16,23/3/2026 09:32:16
1924,2022,2421,国外,星电景城市发展科技公司,,,,,,0,0,,,软件和信息技术服务,信息传输、软件和信息技术服务业,Bavaria,New York,,NASDAQ,Prime,,0,1,新加坡,0,0,23/3/2026 09:32:16,23/3/2026 09:32:16
1931,2022,2386,国外,比泽盛水务科技公司,,,,,,0,0,,,化工原料,化学原料和化学制品制造业,Tokyo,London,,,NASDAQ Global Select,,0,1,日本,0,0,23/3/2026 09:32:16,23/3/2026 09:32:16
1933,2022,300052,国外,冀园昌船舶有限公司,,,,,,0,0,,,互联网和相关服务,信息传输、软件和信息技术服务业,Bavaria,,,SGX,Prime,,0,1,日本,0,0,23/3/2026 09:32:16,23/3/2026 09:32:16
1934,2022,300054,国外,科控骏实业科技公司,,,,,,0,0,,,精细化工,化学原料和化学制品制造业,Ontario,Sydney,,NASDAQ,NASDAQ Global Select,,0,1,日本,0,0,23/3/2026 09:32:16,23/3/2026 09:32:16
1935,2022,300264,国外,润桥瀚集成电路集团公司,,,,,,0,0,,,软件和信息技术服务,信息传输、软件和信息技术服务业,Zurich,,,TSX,Growth,,0,1,,0,0,23/3/2026 09:32:16,23/3/2026 09:32:16
1936,2022,2394,国外,瑞澜启连锁股份公司,,,,,,0,0,,,纺织鞋服业,纺织鞋服业,Bavaria,Singapore,,TSE,Standard,,0,1,,0,0,23/3/2026 09:32:16,23/3/2026 09:32:16
1941,2022,300057,国外,盛源迈水电股份公司,,,,,,0,0,,,有色金属冶炼和压延加工业,金属冶炼和压延加工业,Bavaria,,,NASDAQ,NASDAQ Global Select,,0,1,日本,0,0,23/3/2026 09:32:16,23/3/2026 09:32:16
1942,2022,300055,国外,润盈盛财富管理控股公司,,,,,,0,0,,,土木工程,建筑业,Bavaria,Toronto,,XETRA,,,0,1,日本,0,0,23/3/2026 09:32:16,23/3/2026 09:32:16
1944,2022,300058,国外,新酷远零售集团公司,,,,,,0,0,,,商务服务业,租赁和商务服务业,Zurich,Singapore,,NYSE,Standard,,0,1,,0,0,23/3/2026 09:32:16,23/3/2026 09:32:16
1946,2022,2387,国外,盛尹瀚通信控股公司,,,,,,0,0,,,电子元件及设备,消费电子及电气业,Bavaria,Frankfurt,,NASDAQ,Main Board,,0,1,,0,0,23/3/2026 09:32:16,23/3/2026 09:32:16
1953,2022,2399,国外,十新联金融股份公司,,,,,,0,0,,,制药,医药制造业,Zurich,Toronto,,TSE,Standard,,0,1,日本,0,0,23/3/2026 09:32:16,23/3/2026 09:32:16
1955,2022,2408,国外,盛晋盛新材料集团公司,,,,,,0,0,,,精细化工,化学原料和化学制品制造业,Ontario,London,,SGX,,,0,1,日本,0,0,23/3/2026 09:32:16,23/3/2026 09:32:16
1956,2022,2401,国外,保酷景水电发展公司,,,,,,0,0,,,软件和信息技术服务,信息传输、软件和信息技术服务业,Bavaria,London,,,NASDAQ Global Select,,0,1,日本,0,0,23/3/2026 09:32:16,23/3/2026 09:32:16
1959,2022,2406,国外,北电昌批发有限公司,,,,,,0,0,,,汽车零部件制造业,汽车制造业,Bavaria,Frankfurt,,TSX,Prime,,0,1,新加坡,0,0,23/3/2026 09:32:16,23/3/2026 09:32:16
1961,2022,2808,国外,花盈景集成电路股份公司,,,,,,0,0,,,通用设备制造业,通用设备制造业,Ontario,Toronto,,XETRA,Prime,,0,1,日本,0,0,23/3/2026 09:32:16,23/3/2026 09:32:16
1964,2022,2402,国外,明达澜综合开发公司,,,,,,0,0,,,电子元件及设备,消费电子及电气业,,London,,LSE,Main Board,,0,1,日本,0,0,23/3/2026 09:32:16,23/3/2026 09:32:16
1966,2022,2412,国外,科澜创零售集团公司,,,,,,0,0,,,制药,医药制造业,England,London,,,,,0,1,日本,0,0,23/3/2026 09:32:16,23/3/2026 09:32:16
1968,2022,2411,国外,比达骏城市发展有限公司,,,,,,0,0,,,制药,医药制造业,New South Wales,Sydney,,TSX,Standard,,0,1,,0,0,23/3/2026 09:32:16,23/3/2026 09:32:16
1970,2022,2416,国外,润芯拓建筑设计控股公司,,,,,,0,0,,,批发业,批发和零售业,Tokyo,,,ASX,Prime,,0,1,,0,0,23/3/2026 09:32:16,23/3/2026 09:32:16
1973,2022,2413,国外,绿通泽批发科技公司,,,,,,0,0,,,通信传输设备业,通信传输设备业,Tokyo,London,,LSE,Growth,,0,1,新加坡,0,0,23/3/2026 09:32:16,23/3/2026 09:32:16
1977,2022,300066,国外,众能锦集成电路集团公司,,,,,,0,0,,,仪器仪表制造业,仪器仪表制造业,Tokyo,Frankfurt,,LSE,,,0,1,,0,0,23/3/2026 09:32:16,23/3/2026 09:32:16
1979,2022,2417,国外,科白景新材料科技公司,,,,,,0,0,,,软件和信息技术服务,信息传输、软件和信息技术服务业,Ontario,London,,TSE,NASDAQ Global Select,,0,1,日本,0,0,23/3/2026 09:32:16,23/3/2026 09:32:16
1981,2022,300063,国外,盛会创金融公司,,,,,,0,0,,,商务服务业,租赁和商务服务业,New South Wales,London,,,Standard,,0,1,,0,0,23/3/2026 09:32:16,23/3/2026 09:32:16
1983,2022,300064,国外,高城源新能源汽车股份公司,,,,,,0,0,,,机械设备,,Ontario,New York,,,Prime,,0,1,日本,0,0,23/3/2026 09:32:16,23/3/2026 09:32:16
1986,2022,2420,国外,新电远批发发展公司,,,,,,0,0,,,塑料制品,橡胶和塑料制品业,Bavaria,Sydney,,TSX,Growth,,0,1,日本,0,0,23/3/2026 09:32:16,23/3/2026 09:32:16
1987,2022,601369,国外,远车科传媒公司,,,,,,0,0,,,通用设备制造业,通用设备制造业,California,Tokyo,,SGX,,,0,1,日本,0,0,23/3/2026 09:32:16,23/3/2026 09:32:16
1989,2022,2423,国外,凯车启实业科技公司,,,,,,0,0,,,多元金融,金融业,Zurich,Toronto,,NASDAQ,Standard,,0,1,新加坡,0,0,23/3/2026 09:32:16,23/3/2026 09:32:16
1995,2022,2431,国外,明环源船舶集团公司,,,,,,0,0,,,土木工程,建筑业,Zurich,Toronto,,ASX,NASDAQ Global Select,,0,1,日本,0,0,23/3/2026 09:32:16,23/3/2026 09:32:16
1996,2022,2456,国外,万会盛实业股份公司,,,,,,0,0,,,电子元件及设备,消费电子及电气业,California,Toronto,,SGX,,,0,1,,0,0,23/3/2026 09:32:16,23/3/2026 09:32:16
2001,2022,2447,国外,凯园源能源发展公司,,,,,,0,0,,,农林牧渔,,England,Toronto,,NASDAQ,Prime,,0,1,,0,0,23/3/2026 09:32:16,23/3/2026 09:32:16
2002,2022,2459,国外,绿盈泰集成电路科技公司,,,,,,0,0,,,光伏制造业,商业电气机械和器材制造业,Zurich,London,,SGX,Standard,,0,1,日本,0,0,23/3/2026 09:32:16,23/3/2026 09:32:16
2003,2022,300073,国外,联能骏化工发展公司,,,,,,0,0,,,电池制造业,商业电气机械和器材制造业,England,Singapore,,,,,0,1,新加坡,0,0,23/3/2026 09:32:16,23/3/2026 09:32:16
2005,2022,2432,国外,瑞会锦财富管理发展公司,,,,,,0,0,,,医疗专用设备制造业,专用设备制造业,England,,,NASDAQ,Growth,,0,1,,0,0,23/3/2026 09:32:16,23/3/2026 09:32:16
2006,2022,2429,国外,万新拓传媒股份公司,,,,,,0,0,,,家用电器,消费电子及电气业,,Singapore,,SGX,Standard,,0,1,新加坡,0,0,23/3/2026 09:32:16,23/3/2026 09:32:16
2009,2022,300076,国外,招芯盛水务公司,,,,,,0,0,,,电子元件及设备,消费电子及电气业,England,Tokyo,,,Growth,,0,1,,0,0,23/3/2026 09:32:16,23/3/2026 09:32:16
2015,2022,2440,国外,保工盛传媒科技公司,,,,,,0,0,,,精细化工,化学原料和化学制品制造业,Bavaria,Toronto,,,,,0,1,新加坡,0,0,23/3/2026 09:32:16,23/3/2026 09:32:16
2016,2022,2437,国外,启澜骏建设开发科技公司,,,,,,0,0,,,制药,医药制造业,Zurich,Singapore,,,Prime,,0,1,日本,0,0,23/3/2026 09:32:16,23/3/2026 09:32:16
2025,2022,300083,国外,科园航化工发展公司,,,,,,0,0,,,通用设备制造业,通用设备制造业,Zurich,London,,ASX,Main Board,,0,1,,0,0,23/3/2026 09:32:16,23/3/2026 09:32:16
2030,2022,300082,国外,高晋澜实业科技公司,,,,,,0,0,,,精细化工,化学原料和化学制品制造业,California,Frankfurt,,TSX,NASDAQ Global Select,,0,1,日本,0,0,23/3/2026 09:32:16,23/3/2026 09:32:16
2032,2022,2441,国外,万园智生物科技科技公司,,,,,,0,0,,,批发业,批发和零售业,Tokyo,Tokyo,,,Prime,,0,1,新加坡,0,0,23/3/2026 09:32:16,23/3/2026 09:32:16
2038,2022,2445,国外,碧芯景环境科技公司,,,,,,0,0,,,文化、体育和娱乐业,文化、体育和娱乐业,New South Wales,Sydney,,LSE,Prime,,0,1,日本,0,0,23/3/2026 09:32:16,23/3/2026 09:32:16
2040,2022,300086,国外,保源盛医药控股公司,,,,,,0,0,,,制药,医药制造业,England,Sydney,,NASDAQ,Prime,,0,1,新加坡,0,0,23/3/2026 09:32:16,23/3/2026 09:32:16
2043,2022,2449,国外,润阳源能源控股公司,,,,,,0,0,,,电子元件及设备,消费电子及电气业,Zurich,Frankfurt,,NASDAQ,Standard,,0,1,新加坡,0,0,23/3/2026 09:32:16,23/3/2026 09:32:16
2046,2022,2450,国外,新禾创新能源汽车控股公司,,,,,,0,0,,,化工,,,Sydney,,TSE,,,0,1,新加坡,0,0,23/3/2026 09:32:16,23/3/2026 09:32:16
2048,2022,2451,国外,凯工泰化工发展公司,,,,,,0,0,,,光纤电缆制造业,商业电气机械和器材制造业,Ontario,Tokyo,,TSX,Prime,,0,1,新加坡,0,0,23/3/2026 09:32:16,23/3/2026 09:32:16
2054,2022,2529,国外,绿车科综合开发发展公司,,,,,,0,0,,,通用设备制造业,通用设备制造业,Bavaria,Sydney,,,Standard,,0,1,新加坡,0,0,23/3/2026 09:32:16,23/3/2026 09:32:16
2055,2022,601000,国外,新通联金融发展公司,,,,,,0,0,,,水路交通运输业,交通运输、仓储和邮政业,Bavaria,New York,,NYSE,NASDAQ Global Select,,0,1,新加坡,0,0,23/3/2026 09:32:16,23/3/2026 09:32:16
2056,2022,2452,国外,远晋泽建设开发股份公司,,,,,,0,0,,,电机制造业,商业电气机械和器材制造业,California,Singapore,,,Standard,,0,1,新加坡,0,0,23/3/2026 09:32:16,23/3/2026 09:32:16
2057,2022,2454,国外,冀会昌房地产开发有限公司,,,,,,0,0,,,汽车零部件制造业,汽车制造业,England,Singapore,,ASX,Main Board,,0,1,新加坡,0,0,23/3/2026 09:32:16,23/3/2026 09:32:16
2058,2022,2453,国外,十盈禾生物科技股份公司,,,,,,0,0,,,软件和信息技术服务,信息传输、软件和信息技术服务业,New South Wales,New York,,NYSE,Prime,,0,1,日本,0,0,23/3/2026 09:32:16,23/3/2026 09:32:16
2060,2022,300085,国外,华澜创水电控股公司,,,,,,0,0,,,软件和信息技术服务,信息传输、软件和信息技术服务业,Ontario,London,,SGX,NASDAQ Global Select,,0,1,,0,0,23/3/2026 09:32:16,23/3/2026 09:32:16
2062,2022,300179,国外,冀泽盛建筑设计集团公司,,,,,,0,0,,,开发辅助业,采矿业,Zurich,Toronto,,TSE,Standard,,0,1,,0,0,23/3/2026 09:32:16,23/3/2026 09:32:16
2063,2022,300097,国外,保达远数据服务集团公司,,,,,,0,0,,,其他专用设备制造业,专用设备制造业,Zurich,Sydney,,NYSE,Main Board,,0,1,,0,0,23/3/2026 09:32:16,23/3/2026 09:32:16
2064,2022,2463,国外,启园昌数据服务有限公司,,,,,,0,0,,,半导体业,半导体业,New South Wales,London,,TSE,Main Board,,0,1,,0,0,23/3/2026 09:32:16,23/3/2026 09:32:16
2071,2022,300094,国外,润环科电器控股公司,,,,,,0,0,,,食品业,食品饮料业,Zurich,Sydney,,LSE,,,0,1,日本,0,0,23/3/2026 09:32:16,23/3/2026 09:32:16
2072,2022,300089,国外,长白瀚零售科技公司,,,,,,0,0,,,综合,综合,Ontario,New York,,ASX,NASDAQ Global Select,,0,1,,0,0,23/3/2026 09:32:16,23/3/2026 09:32:16
2076,2022,300095,国外,招车泽财富管理科技公司,,,,,,0,0,,,其他专用设备制造业,专用设备制造业,Bavaria,London,,ASX,Prime,,0,1,日本,0,0,23/3/2026 09:32:16,23/3/2026 09:32:16
2082,2022,300102,国外,比业盛建筑设计股份公司,,,,,,0,0,,,半导体业,半导体业,Bavaria,,,NASDAQ,Main Board,,0,1,新加坡,0,0,23/3/2026 09:32:16,23/3/2026 09:32:16
2099,2022,300106,国外,明城泽船舶股份公司,,,,,,0,0,,,牧业,农、林、牧、渔业,California,Singapore,,NASDAQ,Standard,,0,1,新加坡,0,0,23/3/2026 09:32:16,23/3/2026 09:32:16
2102,2022,300112,国外,北源禾水电公司,,,,,,0,0,,,仪器仪表制造业,仪器仪表制造业,Ontario,Toronto,,XETRA,Main Board,,0,1,日本,0,0,23/3/2026 09:32:16,23/3/2026 09:32:16
2105,2022,300118,国外,联盈迈贸易公司,,,,,,0,0,,,光伏制造业,商业电气机械和器材制造业,,Singapore,,TSX,Growth,,0,1,新加坡,0,0,23/3/2026 09:32:16,23/3/2026 09:32:16
2111,2022,2471,国外,众园源能源集团公司,,,,,,0,0,,,光纤电缆制造业,商业电气机械和器材制造业,,London,,XETRA,Growth,,0,1,新加坡,0,0,23/3/2026 09:32:16,23/3/2026 09:32:16
2113,2022,300115,国外,保城昌置业集团公司,,,,,,0,0,,,电子元件及设备,消费电子及电气业,Zurich,New York,,,NASDAQ Global Select,,0,1,新加坡,0,0,23/3/2026 09:32:16,23/3/2026 09:32:16
2114,2022,300108,国外,盛课迈房地产开发集团公司,,,,,,0,0,,,制药,医药制造业,Bavaria,Tokyo,,ASX,Growth,,0,1,日本,0,0,23/3/2026 09:32:16,23/3/2026 09:32:16
2119,2022,2472,国外,明控智连锁控股公司,,,,,,0,0,,,通用设备制造业,通用设备制造业,,London,,TSX,Standard,,0,1,新加坡,0,0,23/3/2026 09:32:16,23/3/2026 09:32:16
2122,2022,2475,国外,明澜澜电器发展公司,,,,,,0,0,,,电子元件及设备,消费电子及电气业,New South Wales,Frankfurt,,SGX,Prime,,0,1,新加坡,0,0,23/3/2026 09:32:16,23/3/2026 09:32:16
2123,2022,601098,国外,众澜澜医药有限公司,,,,,,0,0,,,文化、体育和娱乐业,文化、体育和娱乐业,California,New York,,XETRA,,,0,1,,0,0,23/3/2026 09:32:16,23/3/2026 09:32:16
2127,2022,2477,国外,万电润电器有限公司,,,,,,0,0,,,农林牧渔,,Tokyo,New York,,ASX,Standard,,0,1,,0,0,23/3/2026 09:32:16,23/3/2026 09:32:16
2130,2022,300121,国外,物芯润船舶发展公司,,,,,,0,0,,,精细化工,化学原料和化学制品制造业,Ontario,Sydney,,XETRA,Growth,,0,1,,0,0,23/3/2026 09:32:16,23/3/2026 09:32:16
2136,2022,2482,国外,万控泽新能源汽车有限公司,,,,,,0,0,,,建筑装饰,建筑业,,Tokyo,,TSX,NASDAQ Global Select,,0,1,,0,0,23/3/2026 09:32:16,23/3/2026 09:32:16
2139,2022,300123,国外,科酷航城市发展控股公司,,,,,,0,0,,,船舶,铁路、船舶、航空航天和其他运输设备制造业,England,Sydney,,XETRA,Prime,,0,1,,0,0,23/3/2026 09:32:16,23/3/2026 09:32:16
2145,2022,300127,国外,万桥拓水务科技公司,,,,,,0,0,,,其他非金属制品业,非金属矿物制品业,Tokyo,Frankfurt,,LSE,Growth,,0,1,日本,0,0,23/3/2026 09:32:16,23/3/2026 09:32:16
2147,2022,2518,国外,恒城启零售控股公司,,,,,,0,0,,,电机制造业,商业电气机械和器材制造业,Bavaria,London,,NASDAQ,,,0,1,新加坡,0,0,23/3/2026 09:32:16,23/3/2026 09:32:16
2149,2022,2491,国外,高晋昌新材料公司,,,,,,0,0,,,光纤电缆制造业,商业电气机械和器材制造业,California,Toronto,,SGX,Growth,,0,1,,0,0,23/3/2026 09:32:16,23/3/2026 09:32:16
2150,2022,601028,国外,瑞业泽房地产开发集团公司,,,,,,0,0,,,批发业,批发和零售业,Tokyo,Tokyo,,NYSE,Prime,,0,1,新加坡,0,0,23/3/2026 09:32:16,23/3/2026 09:32:16
2153,2022,300130,国外,保海昌建筑设计控股公司,,,,,,0,0,,,其他专用设备制造业,专用设备制造业,Bavaria,Frankfurt,,SGX,Prime,,0,1,日本,0,0,23/3/2026 09:32:16,23/3/2026 09:32:16
2154,2022,300135,国外,华酷澜零售有限公司,,,,,,0,0,,,化工原料,化学原料和化学制品制造业,California,London,,TSE,,,0,1,新加坡,0,0,23/3/2026 09:32:16,23/3/2026 09:32:16
2155,2022,300329,国外,长通禾新材料控股公司,,,,,,0,0,,,文教、工美、体育和娱乐用品制造业,文教、工美、体育和娱乐用品制造业,,New York,,NYSE,Prime,,0,1,新加坡,0,0,23/3/2026 09:32:16,23/3/2026 09:32:16
2156,2022,2497,国外,启源智玻璃股份公司,,,,,,0,0,,,化工原料,化学原料和化学制品制造业,England,,,TSE,Main Board,,0,1,,0,0,23/3/2026 09:32:16,23/3/2026 09:32:16
2159,2022,300401,国外,长课泰水务发展公司,,,,,,0,0,,,制药,医药制造业,Bavaria,Frankfurt,,NASDAQ,Standard,,0,1,日本,0,0,23/3/2026 09:32:16,23/3/2026 09:32:16
2163,2022,300132,国外,保园润新材料科技公司,,,,,,0,0,,,化工原料,化学原料和化学制品制造业,Ontario,Toronto,,SGX,Main Board,,0,1,新加坡,0,0,23/3/2026 09:32:16,23/3/2026 09:32:16
2164,2022,2643,国外,保课锦生物科技公司,,,,,,0,0,,,精细化工,化学原料和化学制品制造业,Zurich,New York,,TSX,Standard,,0,1,,0,0,23/3/2026 09:32:16,23/3/2026 09:32:16
2165,2022,2805,国外,众酷启水电控股公司,,,,,,0,0,,,化工原料,化学原料和化学制品制造业,,,,ASX,NASDAQ Global Select,,0,1,日本,0,0,23/3/2026 09:32:16,23/3/2026 09:32:16
2168,2022,2889,国外,恒环锦水务公司,,,,,,0,0,,,商务服务业,租赁和商务服务业,Bavaria,New York,,XETRA,,,0,1,,0,0,23/3/2026 09:32:16,23/3/2026 09:32:16
2169,2022,300142,国外,启阳联新能源汽车公司,,,,,,0,0,,,生物科技,医药制造业,Zurich,Sydney,,TSX,NASDAQ Global Select,,0,1,,0,0,23/3/2026 09:32:16,23/3/2026 09:32:16
2173,2022,300141,国外,新桥禾批发集团公司,,,,,,0,0,,,电机制造业,商业电气机械和器材制造业,Zurich,Tokyo,,SGX,,,0,1,日本,0,0,23/3/2026 09:32:16,23/3/2026 09:32:16
2177,2022,2505,国外,北业创水务股份公司,,,,,,0,0,,,批发业,批发和零售业,England,Toronto,,SGX,Prime,,0,1,日本,0,0,23/3/2026 09:32:16,23/3/2026 09:32:16
2178,2022,2504,国外,长达澜城市发展发展公司,,,,,,0,0,,,建筑装饰,建筑业,California,Sydney,,LSE,Prime,,0,1,新加坡,0,0,23/3/2026 09:32:16,23/3/2026 09:32:16
2179,2022,2554,国外,凯能迈传媒有限公司,,,,,,0,0,,,开发辅助业,采矿业,,New York,,XETRA,NASDAQ Global Select,,0,1,,0,0,23/3/2026 09:32:16,23/3/2026 09:32:16
2183,2022,300331,国外,远阳源置业科技公司,,,,,,0,0,,,电子元件及设备,消费电子及电气业,California,Singapore,,XETRA,Prime,,0,1,日本,0,0,23/3/2026 09:32:16,23/3/2026 09:32:16
2184,2022,2509,国外,科控源水务有限公司,,,,,,0,0,,,机械设备,,New South Wales,New York,,TSE,NASDAQ Global Select,,0,1,新加坡,0,0,23/3/2026 09:32:16,23/3/2026 09:32:16
2192,2022,601777,国外,北晋智财富管理发展公司,,,,,,0,0,,,汽车零部件制造业,汽车制造业,England,Toronto,,NASDAQ,Main Board,,0,1,日本,0,0,23/3/2026 09:32:16,23/3/2026 09:32:16
2195,2022,300145,国外,启城盛城市发展有限公司,,,,,,0,0,,,通用设备制造业,通用设备制造业,New South Wales,London,,TSX,,,0,1,,0,0,23/3/2026 09:32:16,23/3/2026 09:32:16
2197,2022,2520,国外,新达泽玻璃股份公司,,,,,,0,0,,,通用设备制造业,通用设备制造业,Bavaria,London,,ASX,Growth,,0,1,日本,0,0,23/3/2026 09:32:16,23/3/2026 09:32:16
2204,2022,2519,国外,启通锦能源有限公司,,,,,,0,0,,,家用电器,消费电子及电气业,California,New York,,XETRA,Main Board,,0,1,日本,0,0,23/3/2026 09:32:16,23/3/2026 09:32:16
2205,2022,601558,国外,新源禾金融科技公司,,,,,,0,0,,,电气设备,,England,,,,Standard,,0,1,新加坡,0,0,23/3/2026 09:32:16,23/3/2026 09:32:16
2206,2022,300157,国外,新源景软件股份公司,,,,,,0,0,,,开发辅助业,采矿业,Zurich,Frankfurt,,TSE,Prime,,0,1,新加坡,0,0,23/3/2026 09:32:16,23/3/2026 09:32:16
2207,2022,2522,国外,恒会远零售发展公司,,,,,,0,0,,,塑料制品,橡胶和塑料制品业,California,New York,,,Main Board,,0,1,日本,0,0,23/3/2026 09:32:16,23/3/2026 09:32:16
2209,2022,300149,国外,华电拓置业科技公司,,,,,,0,0,,,医药研发服务,科学研究和技术服务业,Zurich,New York,,NASDAQ,,,0,1,日本,0,0,23/3/2026 09:32:16,23/3/2026 09:32:16
2210,2022,2743,国外,保课昌实业有限公司,,,,,,0,0,,,金属制品业,金属制品业,Tokyo,New York,,TSE,,,0,1,,0,0,23/3/2026 09:32:16,23/3/2026 09:32:16
2212,2022,300155,国外,花能航建设开发集团公司,,,,,,0,0,,,电子元件及设备,消费电子及电气业,California,Singapore,,NASDAQ,,,0,1,新加坡,0,0,23/3/2026 09:32:16,23/3/2026 09:32:16
2213,2022,300151,国外,北禾澜数据服务集团公司,,,,,,0,0,,,其他专用设备制造业,专用设备制造业,Ontario,New York,,,Growth,,0,1,新加坡,0,0,23/3/2026 09:32:16,23/3/2026 09:32:16
2216,2022,2528,国外,启禾联集成电路有限公司,,,,,,0,0,,,软件和信息技术服务,信息传输、软件和信息技术服务业,New South Wales,London,,TSE,Main Board,,0,1,新加坡,0,0,23/3/2026 09:32:16,23/3/2026 09:32:16
2220,2022,2532,国外,华澜锦船舶有限公司,,,,,,0,0,,,通用设备制造业,通用设备制造业,England,Singapore,,TSE,Prime,,0,1,新加坡,0,0,23/3/2026 09:32:16,23/3/2026 09:32:16
2221,2022,2534,国外,凯车澜电器公司,,,,,,0,0,,,通用设备制造业,通用设备制造业,Bavaria,Sydney,,NASDAQ,Growth,,0,1,日本,0,0,23/3/2026 09:32:16,23/3/2026 09:32:16
2222,2022,2531,国外,保通科连锁发展公司,,,,,,0,0,,,电机制造业,商业电气机械和器材制造业,,Singapore,,NASDAQ,Standard,,0,1,,0,0,23/3/2026 09:32:16,23/3/2026 09:32:16
2234,2022,2535,国外,华课景批发科技公司,,,,,,0,0,,,其他专用设备制造业,专用设备制造业,,,,ASX,Prime,,0,1,日本,0,0,23/3/2026 09:32:16,23/3/2026 09:32:16
2236,2022,300164,国外,华阳瀚置业股份公司,,,,,,0,0,,,开发辅助业,采矿业,,Frankfurt,,LSE,Main Board,,0,1,新加坡,0,0,23/3/2026 09:32:16,23/3/2026 09:32:16
2239,2022,2536,国外,联桥拓贸易集团公司,,,,,,0,0,,,汽车零部件制造业,汽车制造业,England,,,NASDAQ,Standard,,0,1,新加坡,0,0,23/3/2026 09:32:16,23/3/2026 09:32:16
2240,2022,2557,国外,瑞园拓综合开发有限公司,,,,,,0,0,,,食品业,食品饮料业,New South Wales,Tokyo,,XETRA,,,0,1,新加坡,0,0,23/3/2026 09:32:16,23/3/2026 09:32:16
2243,2022,2533,国外,润园科金融科技公司,,,,,,0,0,,,光纤电缆制造业,商业电气机械和器材制造业,Ontario,Frankfurt,,,Growth,,0,1,新加坡,0,0,23/3/2026 09:32:16,23/3/2026 09:32:16
2246,2022,300166,国外,比芯智金融控股公司,,,,,,0,0,,,软件和信息技术服务,信息传输、软件和信息技术服务业,Ontario,Frankfurt,,LSE,Standard,,0,1,新加坡,0,0,23/3/2026 09:32:16,23/3/2026 09:32:16
2248,2022,2537,国外,北工置数据服务科技公司,,,,,,0,0,,,汽车零部件制造业,汽车制造业,Zurich,Frankfurt,,TSE,Main Board,,0,1,,0,0,23/3/2026 09:32:16,23/3/2026 09:32:16
2252,2022,300175,国外,恒阳源电子集团公司,,,,,,0,0,,,食品业,食品饮料业,California,Frankfurt,,NYSE,Growth,,0,1,日本,0,0,23/3/2026 09:32:16,23/3/2026 09:32:16
2253,2022,300180,国外,比车澜水务集团公司,,,,,,0,0,,,塑料制品,橡胶和塑料制品业,Bavaria,Toronto,,XETRA,,,0,1,,0,0,23/3/2026 09:32:16,23/3/2026 09:32:16
2254,2022,2545,国外,明澜禾船舶股份公司,,,,,,0,0,,,金属制品业,金属制品业,Ontario,Sydney,,XETRA,Main Board,,0,1,新加坡,0,0,23/3/2026 09:32:16,23/3/2026 09:32:16
2258,2022,601116,国外,十达智医药股份公司,,,,,,0,0,,,零售业,批发和零售业,California,,,XETRA,Growth,,0,1,日本,0,0,23/3/2026 09:32:16,23/3/2026 09:32:16
2260,2022,2551,国外,众白禾集成电路有限公司,,,,,,0,0,,,医疗专用设备制造业,专用设备制造业,New South Wales,,,ASX,Growth,,0,1,日本,0,0,23/3/2026 09:32:16,23/3/2026 09:32:16
2264,2022,2542,国外,保电源传媒股份公司,,,,,,0,0,,,土木工程,建筑业,Ontario,New York,,NASDAQ,Main Board,,0,1,,0,0,23/3/2026 09:32:16,23/3/2026 09:32:16
2265,2022,300181,国外,远能置集成电路集团公司,,,,,,0,0,,,制药,医药制造业,Zurich,Singapore,,SGX,Prime,,0,1,,0,0,23/3/2026 09:32:16,23/3/2026 09:32:16
2266,2022,601700,国外,北园科数据服务科技公司,,,,,,0,0,,,金属制品业,金属制品业,,,,NASDAQ,Standard,,0,1,新加坡,0,0,23/3/2026 09:32:16,23/3/2026 09:32:16
2270,2022,300183,国外,启业瀚建筑设计公司,,,,,,0,0,,,软件和信息技术服务,信息传输、软件和信息技术服务业,Bavaria,Toronto,,LSE,NASDAQ Global Select,,0,1,新加坡,0,0,23/3/2026 09:32:16,23/3/2026 09:32:16
2273,2022,601519,国外,远新航房地产开发股份公司,,,,,,0,0,,,软件和信息技术服务,信息传输、软件和信息技术服务业,Ontario,London,,XETRA,NASDAQ Global Select,,0,1,新加坡,0,0,23/3/2026 09:32:16,23/3/2026 09:32:16
2274,2022,2552,国外,盛锦航水电股份公司,,,,,,0,0,,,通用设备制造业,通用设备制造业,Ontario,Frankfurt,,SGX,Growth,,0,1,新加坡,0,0,23/3/2026 09:32:16,23/3/2026 09:32:16
2282,2022,300203,国外,新澜智连锁集团公司,,,,,,0,0,,,仪器仪表制造业,仪器仪表制造业,Tokyo,Frankfurt,,NASDAQ,,,0,1,新加坡,0,0,23/3/2026 09:32:16,23/3/2026 09:32:16
2284,2022,2555,国外,花酷航置业发展公司,,,,,,0,0,,,互联网和相关服务,信息传输、软件和信息技术服务业,,Toronto,,TSE,,,0,1,,0,0,23/3/2026 09:32:16,23/3/2026 09:32:16
2290,2022,601789,国外,花泽迈综合开发集团公司,,,,,,0,0,,,房屋建筑,建筑业,New South Wales,Singapore,,ASX,,,0,1,日本,0,0,23/3/2026 09:32:16,23/3/2026 09:32:16
2291,2022,2553,国外,联白科数据服务股份公司,,,,,,0,0,,,汽车零部件制造业,汽车制造业,California,Frankfurt,,NYSE,Prime,,0,1,,0,0,23/3/2026 09:32:16,23/3/2026 09:32:16
2294,2022,300198,国外,华盈昌船舶控股公司,,,,,,0,0,,,塑料制品,橡胶和塑料制品业,New South Wales,Tokyo,,TSE,,,0,1,日本,0,0,23/3/2026 09:32:16,23/3/2026 09:32:16
2296,2022,300195,国外,华通锦船舶控股公司,,,,,,0,0,,,其他专用设备制造业,专用设备制造业,Ontario,Singapore,,SGX,Main Board,,0,1,新加坡,0,0,23/3/2026 09:32:16,23/3/2026 09:32:16
2298,2022,300196,国外,十盈泰金融集团公司,,,,,,0,0,,,玻璃制品业,非金属矿物制品业,Ontario,,,NYSE,,,0,1,,0,0,23/3/2026 09:32:16,23/3/2026 09:32:16
2312,2022,300189,国外,招新盛生物科技集团公司,,,,,,0,0,,,农业,农、林、牧、渔业,Tokyo,Frankfurt,,LSE,Standard,,0,1,新加坡,0,0,23/3/2026 09:32:16,23/3/2026 09:32:16
2316,2022,300204,国外,万阳润能源股份公司,,,,,,0,0,,,生物科技,医药制造业,New South Wales,Singapore,,ASX,,,0,1,新加坡,0,0,23/3/2026 09:32:16,23/3/2026 09:32:16
2317,2022,300214,国外,北晋泽建设开发发展公司,,,,,,0,0,,,精细化工,化学原料和化学制品制造业,,New York,,ASX,NASDAQ Global Select,,0,1,新加坡,0,0,23/3/2026 09:32:16,23/3/2026 09:32:16
2318,2022,300199,国外,花盈润水电公司,,,,,,0,0,,,生物科技,医药制造业,,New York,,NYSE,Main Board,,0,1,日本,0,0,23/3/2026 09:32:16,23/3/2026 09:32:16
2322,2022,2571,国外,明锦润批发控股公司,,,,,,0,0,,,玻璃制品业,非金属矿物制品业,Zurich,Frankfurt,,TSE,,,0,1,日本,0,0,23/3/2026 09:32:16,23/3/2026 09:32:16
2325,2022,300366,国外,万课景船舶公司,,,,,,0,0,,,软件和信息技术服务,信息传输、软件和信息技术服务业,Tokyo,Toronto,,SGX,NASDAQ Global Select,,0,1,新加坡,0,0,23/3/2026 09:32:16,23/3/2026 09:32:16
2327,2022,2579,国外,明电远船舶发展公司,,,,,,0,0,,,半导体业,半导体业,Zurich,Sydney,,,Standard,,0,1,新加坡,0,0,23/3/2026 09:32:16,23/3/2026 09:32:16
2328,2022,2581,国外,启白联电器有限公司,,,,,,0,0,,,生物科技,医药制造业,California,New York,,ASX,Standard,,0,1,新加坡,0,0,23/3/2026 09:32:16,23/3/2026 09:32:16
2331,2022,2573,国外,北晋锦贸易发展公司,,,,,,0,0,,,水利、环境和公共设施管理业,水利、环境和公共设施管理业,Tokyo,,,SGX,NASDAQ Global Select,,0,1,日本,0,0,23/3/2026 09:32:16,23/3/2026 09:32:16
2332,2022,2574,国外,长工科船舶发展公司,,,,,,0,0,,,其他制造业,其他制造业,England,,,XETRA,Standard,,0,1,新加坡,0,0,23/3/2026 09:32:16,23/3/2026 09:32:16
2339,2022,300210,国外,明控源数据服务发展公司,,,,,,0,0,,,其他专用设备制造业,专用设备制造业,Ontario,Frankfurt,,NASDAQ,Prime,,0,1,日本,0,0,23/3/2026 09:32:16,23/3/2026 09:32:16
2340,2022,300208,国外,润源盛数据服务公司,,,,,,0,0,,,电机制造业,商业电气机械和器材制造业,Ontario,Sydney,,SGX,,,0,1,,0,0,23/3/2026 09:32:16,23/3/2026 09:32:16
2344,2022,601113,国外,碧能景水务股份公司,,,,,,0,0,,,化学纤维制造业,化学纤维制造业,Bavaria,,,NASDAQ,Standard,,0,1,日本,0,0,23/3/2026 09:32:16,23/3/2026 09:32:16
2345,2022,2578,国外,众澜景生物科技集团公司,,,,,,0,0,,,有色金属冶炼和压延加工业,金属冶炼和压延加工业,Tokyo,,,NYSE,Growth,,0,1,新加坡,0,0,23/3/2026 09:32:16,23/3/2026 09:32:16
2356,2022,300225,国外,花尹骏水电股份公司,,,,,,0,0,,,精细化工,化学原料和化学制品制造业,England,Tokyo,,ASX,Main Board,,0,1,,0,0,23/3/2026 09:32:16,23/3/2026 09:32:16
2363,2022,2583,国外,万能置化工控股公司,,,,,,0,0,,,通信传输设备业,通信传输设备业,Zurich,Frankfurt,,NASDAQ,Prime,,0,1,新加坡,0,0,23/3/2026 09:32:16,23/3/2026 09:32:16
2367,2022,2592,国外,润新源软件股份公司,,,,,,0,0,,,汽车零部件制造业,汽车制造业,California,Singapore,,TSE,NASDAQ Global Select,,0,1,新加坡,0,0,23/3/2026 09:32:16,23/3/2026 09:32:16
2368,2022,300227,国外,凯锦联水务发展公司,,,,,,0,0,,,其他制造业,其他制造业,Zurich,Tokyo,,TSE,Main Board,,0,1,,0,0,23/3/2026 09:32:16,23/3/2026 09:32:16
2369,2022,300224,国外,长海拓化工集团公司,,,,,,0,0,,,其他非金属制品业,非金属矿物制品业,England,Sydney,,TSX,Standard,,0,1,日本,0,0,23/3/2026 09:32:16,23/3/2026 09:32:16
2371,2022,300249,国外,科园拓置业科技公司,,,,,,0,0,,,软件和信息技术服务,信息传输、软件和信息技术服务业,,Toronto,,TSX,Main Board,,0,1,新加坡,0,0,23/3/2026 09:32:16,23/3/2026 09:32:16
2374,2022,300381,国外,冀车骏集成电路发展公司,,,,,,0,0,,,制药,医药制造业,Bavaria,Toronto,,,Growth,,0,1,日本,0,0,23/3/2026 09:32:16,23/3/2026 09:32:16
2376,2022,601311,国外,众环锦连锁控股公司,,,,,,0,0,,,电池制造业,商业电气机械和器材制造业,Ontario,Singapore,,,Main Board,,0,1,日本,0,0,23/3/2026 09:32:16,23/3/2026 09:32:16
2378,2022,300230,国外,启锦盛软件科技公司,,,,,,0,0,,,塑料制品,橡胶和塑料制品业,Bavaria,Sydney,,TSE,Standard,,0,1,日本,0,0,23/3/2026 09:32:16,23/3/2026 09:32:16
2380,2022,300234,国外,长达润新能源汽车股份公司,,,,,,0,0,,,其他非金属制品业,非金属矿物制品业,Ontario,London,,TSE,,,0,1,日本,0,0,23/3/2026 09:32:16,23/3/2026 09:32:16
2384,2022,300233,国外,保锦润玻璃股份公司,,,,,,0,0,,,制药,医药制造业,Zurich,Singapore,,TSE,Growth,,0,1,新加坡,0,0,23/3/2026 09:32:16,23/3/2026 09:32:16
2385,2022,300236,国外,联尹拓建筑设计集团公司,,,,,,0,0,,,精细化工,化学原料和化学制品制造业,,London,,SGX,Prime,,0,1,新加坡,0,0,23/3/2026 09:32:16,23/3/2026 09:32:16
2386,2022,300237,国外,冀车骏传媒有限公司,,,,,,0,0,,,土木工程,建筑业,England,Frankfurt,,,Standard,,0,1,,0,0,23/3/2026 09:32:16,23/3/2026 09:32:16
2391,2022,2783,国外,十锦启财富管理科技公司,,,,,,0,0,,,化工原料,化学原料和化学制品制造业,England,Sydney,,XETRA,Main Board,,0,1,,0,0,23/3/2026 09:32:16,23/3/2026 09:32:16
2393,2022,2594,国外,众源远化工有限公司,,,,,,0,0,,,整车制造业,汽车制造业,New South Wales,Toronto,,NYSE,Prime,,0,1,新加坡,0,0,23/3/2026 09:32:16,23/3/2026 09:32:16
2394,2022,2604,国外,保澜源建设开发控股公司,,,,,,0,0,,,农林牧渔,,Bavaria,Toronto,,ASX,NASDAQ Global Select,,0,1,日本,0,0,23/3/2026 09:32:16,23/3/2026 09:32:16
2397,2022,2596,国外,万晋瀚水电控股公司,,,,,,0,0,,,水泥制品业,非金属矿物制品业,,Tokyo,,NASDAQ,Growth,,0,1,新加坡,0,0,23/3/2026 09:32:16,23/3/2026 09:32:16
2400,2022,2600,国外,冀尹源建筑设计科技公司,,,,,,0,0,,,电子元件及设备,消费电子及电气业,Ontario,,,ASX,Prime,,0,1,新加坡,0,0,23/3/2026 09:32:16,23/3/2026 09:32:16
2401,2022,2601,国外,恒桥昌建筑设计发展公司,,,,,,0,0,,,化工原料,化学原料和化学制品制造业,Bavaria,London,,,NASDAQ Global Select,,0,1,日本,0,0,23/3/2026 09:32:16,23/3/2026 09:32:16
2402,2022,2597,国外,联泽泰传媒控股公司,,,,,,0,0,,,食品业,食品饮料业,Tokyo,Toronto,,NYSE,NASDAQ Global Select,,0,1,日本,0,0,23/3/2026 09:32:16,23/3/2026 09:32:16
2403,2022,2598,国外,恒海置城市发展有限公司,,,,,,0,0,,,通用设备制造业,通用设备制造业,New South Wales,Singapore,,XETRA,Prime,,0,1,,0,0,23/3/2026 09:32:16,23/3/2026 09:32:16
2407,2022,601901,国外,众业锦财富管理股份公司,,,,,,0,0,,,证券,金融业,New South Wales,London,,XETRA,Prime,,0,1,,0,0,23/3/2026 09:32:16,23/3/2026 09:32:16
2409,2022,2602,国外,众锦澜化工发展公司,,,,,,0,0,,,软件和信息技术服务,信息传输、软件和信息技术服务业,New South Wales,London,,NASDAQ,Standard,,0,1,,0,0,23/3/2026 09:32:16,23/3/2026 09:32:16
2411,2022,300244,国外,明会置建筑设计科技公司,,,,,,0,0,,,卫生和社会工作,卫生和社会工作,England,Sydney,,TSE,,,0,1,新加坡,0,0,23/3/2026 09:32:16,23/3/2026 09:32:16
2414,2022,300250,国外,科尹锦船舶集团公司,,,,,,0,0,,,软件和信息技术服务,信息传输、软件和信息技术服务业,California,London,,,,,0,1,日本,0,0,23/3/2026 09:32:16,23/3/2026 09:32:16
2420,2022,2911,国外,科达盛生物科技股份公司,,,,,,0,0,,,燃气生产和供应业,电力、热力、燃气及水生产和供应业,Ontario,,,TSX,Growth,,0,1,,0,0,23/3/2026 09:32:16,23/3/2026 09:32:16
2422,2022,300254,国外,物新泽建筑设计有限公司,,,,,,0,0,,,制药,医药制造业,California,Singapore,,XETRA,Prime,,0,1,,0,0,23/3/2026 09:32:16,23/3/2026 09:32:16
2423,2022,300256,国外,盛通迈电子科技公司,,,,,,0,0,,,电子元件及设备,消费电子及电气业,California,London,,LSE,,,0,1,,0,0,23/3/2026 09:32:16,23/3/2026 09:32:16
2425,2022,601636,国外,碧工景批发集团公司,,,,,,0,0,,,玻璃制品业,非金属矿物制品业,,New York,,XETRA,Main Board,,0,1,,0,0,23/3/2026 09:32:16,23/3/2026 09:32:16
2426,2022,300260,国外,物通迈能源集团公司,,,,,,0,0,,,通用设备制造业,通用设备制造业,California,,,NASDAQ,Prime,,0,1,日本,0,0,23/3/2026 09:32:16,23/3/2026 09:32:16
2431,2022,603197,国外,众车联置业控股公司,,,,,,0,0,,,汽车零部件制造业,汽车制造业,Ontario,,,ASX,Standard,,0,1,日本,0,0,23/3/2026 09:32:16,23/3/2026 09:32:16
2432,2022,300265,国外,万工润通信股份公司,,,,,,0,0,,,光纤电缆制造业,商业电气机械和器材制造业,Ontario,Frankfurt,,ASX,NASDAQ Global Select,,0,1,,0,0,23/3/2026 09:32:16,23/3/2026 09:32:16
2437,2022,2610,国外,保会骏环境科技控股公司,,,,,,0,0,,,光伏制造业,商业电气机械和器材制造业,Bavaria,New York,,LSE,Prime,,0,1,新加坡,0,0,23/3/2026 09:32:16,23/3/2026 09:32:16
2441,2022,300269,国外,万环锦数据服务控股公司,,,,,,0,0,,,商务服务业,租赁和商务服务业,Zurich,New York,,XETRA,,,0,1,新加坡,0,0,23/3/2026 09:32:16,23/3/2026 09:32:16
2445,2022,603518,国外,联源禾医药发展公司,,,,,,0,0,,,纺织鞋服业,纺织鞋服业,New South Wales,,,NASDAQ,Prime,,0,1,日本,0,0,23/3/2026 09:32:16,23/3/2026 09:32:16
2448,2022,300294,国外,冀环骏船舶公司,,,,,,0,0,,,生物科技,医药制造业,England,Frankfurt,,SGX,Standard,,0,1,新加坡,0,0,23/3/2026 09:32:16,23/3/2026 09:32:16
2451,2022,300270,国外,瑞禾泰集成电路控股公司,,,,,,0,0,,,其他制造业,其他制造业,Bavaria,Frankfurt,,TSX,NASDAQ Global Select,,0,1,,0,0,23/3/2026 09:32:16,23/3/2026 09:32:16
2453,2022,2612,国外,高控盛水电公司,,,,,,0,0,,,纺织鞋服业,纺织鞋服业,New South Wales,,,,Main Board,,0,1,日本,0,0,23/3/2026 09:32:16,23/3/2026 09:32:16
2455,2022,2621,国外,绿海创财富管理控股公司,,,,,,0,0,,,教育,教育,Ontario,London,,ASX,Main Board,,0,1,,0,0,23/3/2026 09:32:16,23/3/2026 09:32:16
2460,2022,300266,国外,冀阳润水务有限公司,,,,,,0,0,,,水利、环境和公共设施管理业,水利、环境和公共设施管理业,New South Wales,Singapore,,SGX,NASDAQ Global Select,,0,1,新加坡,0,0,23/3/2026 09:32:16,23/3/2026 09:32:16
2463,2022,601100,国外,高通泽贸易股份公司,,,,,,0,0,,,通用设备制造业,通用设备制造业,Bavaria,Toronto,,NASDAQ,Standard,,0,1,,0,0,23/3/2026 09:32:16,23/3/2026 09:32:16
2464,2022,300729,国外,保能远建筑设计控股公司,,,,,,0,0,,,家具制造业,家具制造业,New South Wales,Frankfurt,,TSX,NASDAQ Global Select,,0,1,新加坡,0,0,23/3/2026 09:32:16,23/3/2026 09:32:16
2467,2022,2628,国外,华能骏财富管理科技公司,,,,,,0,0,,,土木工程,建筑业,Ontario,Singapore,,SGX,NASDAQ Global Select,,0,1,,0,0,23/3/2026 09:32:16,23/3/2026 09:32:16
2470,2022,2623,国外,科园智新能源汽车科技公司,,,,,,0,0,,,玻璃制品业,非金属矿物制品业,Tokyo,New York,,,Standard,,0,1,新加坡,0,0,23/3/2026 09:32:16,23/3/2026 09:32:16
2475,2022,300278,国外,瑞锦泽批发有限公司,,,,,,0,0,,,其他专用设备制造业,专用设备制造业,Bavaria,Singapore,,TSE,Standard,,0,1,新加坡,0,0,23/3/2026 09:32:16,23/3/2026 09:32:16
2476,2022,2634,国外,保环骏综合开发控股公司,,,,,,0,0,,,纺织鞋服业,纺织鞋服业,,Tokyo,,SGX,,,0,1,日本,0,0,23/3/2026 09:32:16,23/3/2026 09:32:16
2477,2022,2640,国外,高业景财富管理股份公司,,,,,,0,0,,,零售业,批发和零售业,Tokyo,Tokyo,,SGX,Growth,,0,1,日本,0,0,23/3/2026 09:32:16,23/3/2026 09:32:16
2478,2022,2631,国外,润白骏新材料集团公司,,,,,,0,0,,,木材加工和木、竹、藤、棕、草制品业,木材加工和木、竹、藤、棕、草制品业,New South Wales,Toronto,,LSE,Main Board,,0,1,新加坡,0,0,23/3/2026 09:32:16,23/3/2026 09:32:16
2482,2022,603001,国外,联车澜金融科技公司,,,,,,0,0,,,纺织鞋服业,纺织鞋服业,,,,TSX,Standard,,0,1,新加坡,0,0,23/3/2026 09:32:16,23/3/2026 09:32:16
2483,2022,601800,国外,瑞控盛电子控股公司,,,,,,0,0,,,土木工程,建筑业,England,,,TSE,NASDAQ Global Select,,0,1,新加坡,0,0,23/3/2026 09:32:16,23/3/2026 09:32:16
2487,2022,2648,国外,星车瀚置业公司,,,,,,0,0,,,化工原料,化学原料和化学制品制造业,California,New York,,ASX,Growth,,0,1,新加坡,0,0,23/3/2026 09:32:16,23/3/2026 09:32:16
2489,2022,2646,国外,恒城瀚传媒集团公司,,,,,,0,0,,,酒业,食品饮料业,Ontario,Frankfurt,,NYSE,Prime,,0,1,新加坡,0,0,23/3/2026 09:32:16,23/3/2026 09:32:16
2490,2022,2639,国外,保桥置能源发展公司,,,,,,0,0,,,通用设备制造业,通用设备制造业,Bavaria,Sydney,,NYSE,Growth,,0,1,日本,0,0,23/3/2026 09:32:16,23/3/2026 09:32:16
2493,2022,300281,国外,众通景水务公司,,,,,,0,0,,,其他专用设备制造业,专用设备制造业,Ontario,London,,ASX,Main Board,,0,1,新加坡,0,0,23/3/2026 09:32:16,23/3/2026 09:32:16
2495,2022,2673,国外,北澜迈房地产开发科技公司,,,,,,0,0,,,证券,金融业,England,Toronto,,TSE,Standard,,0,1,新加坡,0,0,23/3/2026 09:32:16,23/3/2026 09:32:16
2496,2022,2638,国外,星车盛贸易股份公司,,,,,,0,0,,,教育,教育,Ontario,Singapore,,ASX,NASDAQ Global Select,,0,1,日本,0,0,23/3/2026 09:32:16,23/3/2026 09:32:16
2499,2022,300295,国外,新禾瀚贸易发展公司,,,,,,0,0,,,互联网和相关服务,信息传输、软件和信息技术服务业,England,Frankfurt,,TSE,Prime,,0,1,新加坡,0,0,23/3/2026 09:32:16,23/3/2026 09:32:16
2500,2022,300288,国外,比锦禾综合开发集团公司,,,,,,0,0,,,电信、广播电视和卫星传输服务,信息传输、软件和信息技术服务业,Tokyo,Singapore,,NYSE,Main Board,,0,1,,0,0,23/3/2026 09:32:16,23/3/2026 09:32:16
2503,2022,2651,国外,盛城盛玻璃股份公司,,,,,,0,0,,,其他专用设备制造业,专用设备制造业,,Sydney,,XETRA,Standard,,0,1,日本,0,0,23/3/2026 09:32:16,23/3/2026 09:32:16
2505,2022,300324,国外,启环置电器有限公司,,,,,,0,0,,,软件和信息技术服务,信息传输、软件和信息技术服务业,,,,TSE,Growth,,0,1,新加坡,0,0,23/3/2026 09:32:16,23/3/2026 09:32:16
2506,2022,300350,国外,凯业置水电发展公司,,,,,,0,0,,,软件和信息技术服务,信息传输、软件和信息技术服务业,Ontario,Toronto,,,Prime,,0,1,新加坡,0,0,23/3/2026 09:32:16,23/3/2026 09:32:16
2511,2022,2664,国外,众澜创新材料发展公司,,,,,,0,0,,,汽车零部件制造业,汽车制造业,Ontario,Sydney,,TSE,Main Board,,0,1,,0,0,23/3/2026 09:32:16,23/3/2026 09:32:16
2512,2022,300298,国外,招芯锦船舶发展公司,,,,,,0,0,,,医疗专用设备制造业,专用设备制造业,Zurich,Sydney,,,,,0,1,新加坡,0,0,23/3/2026 09:32:16,23/3/2026 09:32:16
2517,2022,2667,国外,冀晋源房地产开发控股公司,,,,,,0,0,,,其他专用设备制造业,专用设备制造业,Zurich,Tokyo,,NASDAQ,Prime,,0,1,新加坡,0,0,23/3/2026 09:32:16,23/3/2026 09:32:16
2524,2022,2652,国外,绿园澜电子科技公司,,,,,,0,0,,,金属制品业,金属制品业,New South Wales,Tokyo,,ASX,Growth,,0,1,新加坡,0,0,23/3/2026 09:32:16,23/3/2026 09:32:16
2527,2022,2650,国外,高尹置财富管理科技公司,,,,,,0,0,,,食品业,食品饮料业,California,Singapore,,LSE,Main Board,,0,1,日本,0,0,23/3/2026 09:32:16,23/3/2026 09:32:16
2528,2022,300292,国外,瑞尹景实业公司,,,,,,0,0,,,软件和信息技术服务,信息传输、软件和信息技术服务业,Zurich,,,TSX,Main Board,,0,1,新加坡,0,0,23/3/2026 09:32:16,23/3/2026 09:32:16
2532,2022,300310,国外,长澜景船舶公司,,,,,,0,0,,,电信、广播电视和卫星传输服务,信息传输、软件和信息技术服务业,England,Sydney,,TSE,,,0,1,日本,0,0,23/3/2026 09:32:16,23/3/2026 09:32:16
2533,2022,300307,国外,招晋骏新能源汽车控股公司,,,,,,0,0,,,其他专用设备制造业,专用设备制造业,New South Wales,Tokyo,,ASX,Main Board,,0,1,日本,0,0,23/3/2026 09:32:16,23/3/2026 09:32:16
2535,2022,603359,国外,花园盛化工集团公司,,,,,,0,0,,,水利、环境和公共设施管理业,水利、环境和公共设施管理业,England,New York,,LSE,Standard,,0,1,新加坡,0,0,23/3/2026 09:32:16,23/3/2026 09:32:16
2537,2022,601339,国外,瑞晋骏玻璃有限公司,,,,,,0,0,,,纺织鞋服业,纺织鞋服业,,Singapore,,TSE,Standard,,0,1,,0,0,23/3/2026 09:32:16,23/3/2026 09:32:16
2539,2022,300301,国外,比能拓通信有限公司,,,,,,0,0,,,电机制造业,商业电气机械和器材制造业,England,Frankfurt,,ASX,,,0,1,,0,0,23/3/2026 09:32:16,23/3/2026 09:32:16
2543,2022,2672,国外,冀盈航新能源汽车集团公司,,,,,,0,0,,,废弃资源综合利用业,废弃资源综合利用业,Zurich,London,,LSE,Main Board,,0,1,,0,0,23/3/2026 09:32:16,23/3/2026 09:32:16
2544,2022,2663,国外,恒达锦城市发展公司,,,,,,0,0,,,土木工程,建筑业,,New York,,NASDAQ,Standard,,0,1,,0,0,23/3/2026 09:32:16,23/3/2026 09:32:16
2545,2022,601388,国外,润课联零售控股公司,,,,,,0,0,,,有色金属冶炼和压延加工业,金属冶炼和压延加工业,,,,NASDAQ,Main Board,,0,1,日本,0,0,23/3/2026 09:32:16,23/3/2026 09:32:16
2546,2022,601515,国外,星业骏零售科技公司,,,,,,0,0,,,印刷和记录媒介复制业,印刷和记录媒介复制业,New South Wales,Frankfurt,,SGX,NASDAQ Global Select,,0,1,,0,0,23/3/2026 09:32:16,23/3/2026 09:32:16
2548,2022,601231,国外,瑞白禾新材料集团公司,,,,,,0,0,,,通信传输设备业,通信传输设备业,Zurich,London,,SGX,,,0,1,日本,0,0,23/3/2026 09:32:16,23/3/2026 09:32:16
2549,2022,2657,国外,润芯启置业发展公司,,,,,,0,0,,,软件和信息技术服务,信息传输、软件和信息技术服务业,Zurich,Toronto,,TSE,Growth,,0,1,新加坡,0,0,23/3/2026 09:32:16,23/3/2026 09:32:16
2552,2022,2669,国外,联酷澜玻璃控股公司,,,,,,0,0,,,化工原料,化学原料和化学制品制造业,Zurich,Toronto,,XETRA,Prime,,0,1,新加坡,0,0,23/3/2026 09:32:16,23/3/2026 09:32:16
2553,2022,2658,国外,凯新润置业股份公司,,,,,,0,0,,,仪器仪表制造业,仪器仪表制造业,California,Singapore,,,NASDAQ Global Select,,0,1,新加坡,0,0,23/3/2026 09:32:16,23/3/2026 09:32:16
2558,2022,300313,国外,瑞达泽数据服务有限公司,,,,,,0,0,,,牧业,农、林、牧、渔业,,Tokyo,,LSE,Growth,,0,1,,0,0,23/3/2026 09:32:16,23/3/2026 09:32:16
2561,2022,603123,国外,启晋锦生物科技控股公司,,,,,,0,0,,,零售业,批发和零售业,Zurich,London,,NASDAQ,Standard,,0,1,,0,0,23/3/2026 09:32:16,23/3/2026 09:32:16
2562,2022,300327,国外,华澜骏置业控股公司,,,,,,0,0,,,半导体业,半导体业,New South Wales,Toronto,,XETRA,Growth,,0,1,新加坡,0,0,23/3/2026 09:32:16,23/3/2026 09:32:16
2565,2022,2675,国外,花园科水电股份公司,,,,,,0,0,,,制药,医药制造业,Ontario,Frankfurt,,XETRA,,,0,1,日本,0,0,23/3/2026 09:32:16,23/3/2026 09:32:16
2566,2022,300311,国外,万海源新材料科技公司,,,,,,0,0,,,软件和信息技术服务,信息传输、软件和信息技术服务业,Ontario,Tokyo,,LSE,,,0,1,新加坡,0,0,23/3/2026 09:32:16,23/3/2026 09:32:16
2571,2022,300302,国外,冀晋润玻璃科技公司,,,,,,0,0,,,软件和信息技术服务,信息传输、软件和信息技术服务业,Tokyo,Singapore,,,Prime,,0,1,,0,0,23/3/2026 09:32:16,23/3/2026 09:32:16
2578,2022,300299,国外,比阳拓传媒科技公司,,,,,,0,0,,,软件和信息技术服务,信息传输、软件和信息技术服务业,,,,ASX,,,0,1,日本,0,0,23/3/2026 09:32:16,23/3/2026 09:32:16
2583,2022,2696,国外,恒禾昌电器集团公司,,,,,,0,0,,,渔业,农、林、牧、渔业,Ontario,Tokyo,,SGX,,,0,1,,0,0,23/3/2026 09:32:16,23/3/2026 09:32:16
2584,2022,2699,国外,万酷启实业发展公司,,,,,,0,0,,,文化、体育和娱乐业,文化、体育和娱乐业,Ontario,New York,,TSX,Prime,,0,1,,0,0,23/3/2026 09:32:16,23/3/2026 09:32:16
2585,2022,2685,国外,科园智新能源汽车集团公司,,,,,,0,0,,,通用设备制造业,通用设备制造业,Zurich,,,LSE,,,0,1,,0,0,23/3/2026 09:32:16,23/3/2026 09:32:16
2586,2022,2682,国外,保白景新能源汽车股份公司,,,,,,0,0,,,陆路交通运输业,交通运输、仓储和邮政业,,Toronto,,XETRA,Growth,,0,1,日本,0,0,23/3/2026 09:32:16,23/3/2026 09:32:16
2590,2022,300316,国外,绿澜润置业有限公司,,,,,,0,0,,,半导体专用设备制造业,专用设备制造业,Tokyo,London,,NYSE,NASDAQ Global Select,,0,1,,0,0,23/3/2026 09:32:16,23/3/2026 09:32:16
2602,2022,300333,国外,长阳瀚软件控股公司,,,,,,0,0,,,软件和信息技术服务,信息传输、软件和信息技术服务业,,New York,,NASDAQ,Main Board,,0,1,新加坡,0,0,23/3/2026 09:32:16,23/3/2026 09:32:16
2604,2022,2689,国外,众会远置业股份公司,,,,,,0,0,,,通用设备制造业,通用设备制造业,,Tokyo,,SGX,,,0,1,新加坡,0,0,23/3/2026 09:32:16,23/3/2026 09:32:16
2607,2022,300334,国外,万通启批发科技公司,,,,,,0,0,,,其他专用设备制造业,专用设备制造业,California,London,,TSE,NASDAQ Global Select,,0,1,新加坡,0,0,23/3/2026 09:32:16,23/3/2026 09:32:16
2608,2022,300397,国外,新盈瀚医药集团公司,,,,,,0,0,,,通信传输设备业,通信传输设备业,Tokyo,,,NASDAQ,Prime,,0,1,新加坡,0,0,23/3/2026 09:32:16,23/3/2026 09:32:16
2609,2022,300348,国外,北晋拓金融公司,,,,,,0,0,,,软件和信息技术服务,信息传输、软件和信息技术服务业,,Sydney,,ASX,Growth,,0,1,日本,0,0,23/3/2026 09:32:16,23/3/2026 09:32:16
2610,2022,300338,国外,花晋昌集成电路集团公司,,,,,,0,0,,,教育,教育,England,London,,SGX,Growth,,0,1,,0,0,23/3/2026 09:32:16,23/3/2026 09:32:16
2615,2022,2687,国外,万禾科金融集团公司,,,,,,0,0,,,纺织鞋服业,纺织鞋服业,,Sydney,,TSX,NASDAQ Global Select,,0,1,,0,0,23/3/2026 09:32:16,23/3/2026 09:32:16
2619,2022,300328,国外,十禾智综合开发公司,,,,,,0,0,,,金属制品业,金属制品业,Tokyo,New York,,,NASDAQ Global Select,,0,1,,0,0,23/3/2026 09:32:16,23/3/2026 09:32:16
2621,2022,300344,国外,万桥智环境科技控股公司,,,,,,0,0,,,软件和信息技术服务,信息传输、软件和信息技术服务业,England,Sydney,,NASDAQ,Prime,,0,1,日本,0,0,23/3/2026 09:32:16,23/3/2026 09:32:16
2623,2022,300323,国外,润园盛城市发展有限公司,,,,,,0,0,,,半导体业,半导体业,England,Tokyo,,ASX,Main Board,,0,1,日本,0,0,23/3/2026 09:32:16,23/3/2026 09:32:16
2624,2022,300335,国外,比工景传媒科技公司,,,,,,0,0,,,电力热力生产和供应业,电力、热力、燃气及水生产和供应业,Bavaria,Singapore,,TSE,Standard,,0,1,,0,0,23/3/2026 09:32:16,23/3/2026 09:32:16
2629,2022,2681,国外,科工创金融股份公司,,,,,,0,0,,,电子元件及设备,消费电子及电气业,Zurich,London,,NASDAQ,NASDAQ Global Select,,0,1,日本,0,0,23/3/2026 09:32:16,23/3/2026 09:32:16
2633,2022,300362,国外,众电锦数据服务集团公司,,,,,,0,0,,,机械设备,,,Tokyo,,XETRA,Main Board,,0,1,日本,0,0,23/3/2026 09:32:16,23/3/2026 09:32:16
2636,2022,2693,国外,科工航集成电路科技公司,,,,,,0,0,,,生物科技,医药制造业,England,New York,,ASX,,,0,1,,0,0,23/3/2026 09:32:16,23/3/2026 09:32:16
2642,2022,300389,国外,盛电科环境科技发展公司,,,,,,0,0,,,电子元件及设备,消费电子及电气业,Bavaria,London,,LSE,NASDAQ Global Select,,0,1,日本,0,0,23/3/2026 09:32:16,23/3/2026 09:32:16
2644,2022,2715,国外,绿控航水电科技公司,,,,,,0,0,,,汽车零部件制造业,汽车制造业,California,Sydney,,,Growth,,0,1,日本,0,0,23/3/2026 09:32:16,23/3/2026 09:32:16
2646,2022,2713,国外,众酷瀚生物科技股份公司,,,,,,0,0,,,建筑装饰,建筑业,Tokyo,London,,ASX,NASDAQ Global Select,,0,1,,0,0,23/3/2026 09:32:16,23/3/2026 09:32:16
2647,2022,2723,国外,高电润环境科技有限公司,,,,,,0,0,,,家用电器,消费电子及电气业,Bavaria,,,NYSE,Main Board,,0,1,新加坡,0,0,23/3/2026 09:32:16,23/3/2026 09:32:16
2648,2022,2792,国外,物酷科建筑设计集团公司,,,,,,0,0,,,通信传输设备业,通信传输设备业,California,Toronto,,TSE,,,0,1,,0,0,23/3/2026 09:32:16,23/3/2026 09:32:16
2650,2022,601608,国外,碧海昌房地产开发有限公司,,,,,,0,0,,,其他专用设备制造业,专用设备制造业,England,New York,,ASX,Prime,,0,1,新加坡,0,0,23/3/2026 09:32:16,23/3/2026 09:32:16
2652,2022,300352,国外,十业远传媒有限公司,,,,,,0,0,,,软件和信息技术服务,信息传输、软件和信息技术服务业,Ontario,Toronto,,TSE,Prime,,0,1,新加坡,0,0,23/3/2026 09:32:16,23/3/2026 09:32:16
2655,2022,603555,国外,长车景生物科技有限公司,,,,,,0,0,,,纺织鞋服业,纺织鞋服业,,Sydney,,TSE,Prime,,0,1,日本,0,0,23/3/2026 09:32:16,23/3/2026 09:32:16
2656,2022,2746,国外,保禾启环境科技有限公司,,,,,,0,0,,,食品业,食品饮料业,Zurich,,,NASDAQ,Standard,,0,1,日本,0,0,23/3/2026 09:32:16,23/3/2026 09:32:16
2660,2022,2714,国外,联锦瀚实业有限公司,,,,,,0,0,,,牧业,农、林、牧、渔业,Zurich,Frankfurt,,XETRA,NASDAQ Global Select,,0,1,日本,0,0,23/3/2026 09:32:16,23/3/2026 09:32:16
2662,2022,2703,国外,凯泽瀚建筑设计股份公司,,,,,,0,0,,,汽车零部件制造业,汽车制造业,New South Wales,Toronto,,,Main Board,,0,1,,0,0,23/3/2026 09:32:16,23/3/2026 09:32:16
2663,2022,2722,国外,星能远医药有限公司,,,,,,0,0,,,金属制品业,金属制品业,Bavaria,London,,TSE,,,0,1,新加坡,0,0,23/3/2026 09:32:16,23/3/2026 09:32:16
2665,2022,603699,国外,科桥置房地产开发有限公司,,,,,,0,0,,,通用设备制造业,通用设备制造业,Ontario,Singapore,,,Growth,,0,1,日本,0,0,23/3/2026 09:32:16,23/3/2026 09:32:16
2669,2022,300369,国外,比达置水电有限公司,,,,,,0,0,,,软件和信息技术服务,信息传输、软件和信息技术服务业,England,London,,NASDAQ,Main Board,,0,1,日本,0,0,23/3/2026 09:32:16,23/3/2026 09:32:16
2671,2022,300367,国外,绿尹澜生物科技科技公司,,,,,,0,0,,,计算机,,California,New York,,ASX,Prime,,0,1,日本,0,0,23/3/2026 09:32:16,23/3/2026 09:32:16
2674,2022,603777,国外,启园澜医药股份公司,,,,,,0,0,,,零售业,批发和零售业,New South Wales,New York,,,Prime,,0,1,新加坡,0,0,23/3/2026 09:32:16,23/3/2026 09:32:16
2676,2022,2719,国外,长电联医药集团公司,,,,,,0,0,,,食品业,食品饮料业,England,,,,Growth,,0,1,日本,0,0,23/3/2026 09:32:16,23/3/2026 09:32:16
2677,2022,603806,国外,联澜泰能源集团公司,,,,,,0,0,,,塑料制品,橡胶和塑料制品业,Tokyo,New York,,,Main Board,,0,1,,0,0,23/3/2026 09:32:16,23/3/2026 09:32:16
2678,2022,2700,国外,碧工迈能源科技公司,,,,,,0,0,,,燃气生产和供应业,电力、热力、燃气及水生产和供应业,England,London,,XETRA,,,0,1,,0,0,23/3/2026 09:32:16,23/3/2026 09:32:16
2679,2022,603088,国外,众芯联集成电路发展公司,,,,,,0,0,,,通用设备制造业,通用设备制造业,Bavaria,Tokyo,,NASDAQ,Prime,,0,1,日本,0,0,23/3/2026 09:32:16,23/3/2026 09:32:16
2680,2022,603566,国外,联能澜电子有限公司,,,,,,0,0,,,生物科技,医药制造业,Zurich,Tokyo,,,Prime,,0,1,,0,0,23/3/2026 09:32:16,23/3/2026 09:32:16
2681,2022,603009,国外,远阳远建设开发集团公司,,,,,,0,0,,,汽车零部件制造业,汽车制造业,Ontario,Toronto,,LSE,NASDAQ Global Select,,0,1,日本,0,0,23/3/2026 09:32:16,23/3/2026 09:32:16
2686,2022,300355,国外,碧达智软件有限公司,,,,,,0,0,,,水利、环境和公共设施管理业,水利、环境和公共设施管理业,Zurich,Sydney,,,Standard,,0,1,新加坡,0,0,23/3/2026 09:32:16,23/3/2026 09:32:16
2687,2022,2721,国外,万澜盛电子集团公司,,,,,,0,0,,,文教、工美、体育和娱乐用品制造业,文教、工美、体育和娱乐用品制造业,Bavaria,New York,,NASDAQ,Prime,,0,1,新加坡,0,0,23/3/2026 09:32:16,23/3/2026 09:32:16
2690,2022,300396,国外,华控泰水电科技公司,,,,,,0,0,,,医疗专用设备制造业,专用设备制造业,Zurich,Sydney,,TSE,NASDAQ Global Select,,0,1,新加坡,0,0,23/3/2026 09:32:16,23/3/2026 09:32:16
2691,2022,300403,国外,远白联通信控股公司,,,,,,0,0,,,电子元件及设备,消费电子及电气业,Ontario,London,,LSE,Growth,,0,1,,0,0,23/3/2026 09:32:16,23/3/2026 09:32:16
2694,2022,300357,国外,润海创软件集团公司,,,,,,0,0,,,生物科技,医药制造业,,London,,ASX,Standard,,0,1,日本,0,0,23/3/2026 09:32:16,23/3/2026 09:32:16
2695,2022,2843,国外,盛车科船舶公司,,,,,,0,0,,,金属制品业,金属制品业,Bavaria,Tokyo,,TSE,Growth,,0,1,,0,0,23/3/2026 09:32:16,23/3/2026 09:32:16
2706,2022,603023,国外,北桥创城市发展有限公司,,,,,,0,0,,,汽车零部件制造业,汽车制造业,New South Wales,Frankfurt,,,,,0,1,日本,0,0,23/3/2026 09:32:16,23/3/2026 09:32:16
2711,2022,2728,国外,启锦澜生物科技集团公司,,,,,,0,0,,,制药,医药制造业,California,London,,,Standard,,0,1,,0,0,23/3/2026 09:32:16,23/3/2026 09:32:16
2712,2022,2724,国外,北电瀚财富管理控股公司,,,,,,0,0,,,非家用照明设备制造业,商业电气机械和器材制造业,New South Wales,London,,NASDAQ,Growth,,0,1,新加坡,0,0,23/3/2026 09:32:16,23/3/2026 09:32:16
2714,2022,300380,国外,碧控联数据服务控股公司,,,,,,0,0,,,软件和信息技术服务,信息传输、软件和信息技术服务业,England,,,TSX,Prime,,0,1,日本,0,0,23/3/2026 09:32:16,23/3/2026 09:32:16
2716,2022,300365,国外,恒城置房地产开发科技公司,,,,,,0,0,,,软件和信息技术服务,信息传输、软件和信息技术服务业,Tokyo,Frankfurt,,TSX,NASDAQ Global Select,,0,1,日本,0,0,23/3/2026 09:32:16,23/3/2026 09:32:16
2719,2022,300399,国外,众海科通信集团公司,,,,,,0,0,,,软件和信息技术服务,信息传输、软件和信息技术服务业,England,Frankfurt,,LSE,NASDAQ Global Select,,0,1,,0,0,23/3/2026 09:32:16,23/3/2026 09:32:16
2720,2022,601326,国外,十泽骏批发发展公司,,,,,,0,0,,,水路交通运输业,交通运输、仓储和邮政业,Zurich,Toronto,,LSE,Standard,,0,1,,0,0,23/3/2026 09:32:16,23/3/2026 09:32:16
2722,2022,2905,国外,盛泽启零售集团公司,,,,,,0,0,,,文化、体育和娱乐业,文化、体育和娱乐业,California,Sydney,,NYSE,Main Board,,0,1,,0,0,23/3/2026 09:32:16,23/3/2026 09:32:16
2724,2022,300386,国外,万白拓软件集团公司,,,,,,0,0,,,软件和信息技术服务,信息传输、软件和信息技术服务业,,New York,,SGX,,,0,1,日本,0,0,23/3/2026 09:32:16,23/3/2026 09:32:16
2726,2022,300387,国外,盛园拓电子发展公司,,,,,,0,0,,,精细化工,化学原料和化学制品制造业,Bavaria,New York,,LSE,Prime,,0,1,日本,0,0,23/3/2026 09:32:16,23/3/2026 09:32:16
2727,2022,300378,国外,十酷创电器发展公司,,,,,,0,0,,,软件和信息技术服务,信息传输、软件和信息技术服务业,England,Sydney,,LSE,Growth,,0,1,新加坡,0,0,23/3/2026 09:32:16,23/3/2026 09:32:16
2728,2022,2773,国外,冀芯置集成电路集团公司,,,,,,0,0,,,制药,医药制造业,,London,,LSE,NASDAQ Global Select,,0,1,新加坡,0,0,23/3/2026 09:32:16,23/3/2026 09:32:16
2737,2022,300444,国外,启会源生物科技公司,,,,,,0,0,,,电机制造业,商业电气机械和器材制造业,California,New York,,TSX,,,0,1,日本,0,0,23/3/2026 09:32:16,23/3/2026 09:32:16
2738,2022,603069,国外,科园盛水务科技公司,,,,,,0,0,,,陆路交通运输业,交通运输、仓储和邮政业,England,Toronto,,TSX,Main Board,,0,1,日本,0,0,23/3/2026 09:32:16,23/3/2026 09:32:16
2739,2022,603158,国外,物海启化工集团公司,,,,,,0,0,,,汽车零部件制造业,汽车制造业,Zurich,Toronto,,NYSE,Main Board,,0,1,新加坡,0,0,23/3/2026 09:32:16,23/3/2026 09:32:16
2740,2022,603117,国外,花业昌新能源汽车股份公司,,,,,,0,0,,,商务服务业,租赁和商务服务业,California,Tokyo,,XETRA,,,0,1,,0,0,23/3/2026 09:32:16,23/3/2026 09:32:16
2742,2022,603309,国外,碧车盛化工发展公司,,,,,,0,0,,,医疗专用设备制造业,专用设备制造业,Tokyo,Toronto,,,Growth,,0,1,新加坡,0,0,23/3/2026 09:32:16,23/3/2026 09:32:16
2744,2022,601595,国外,星禾科船舶股份公司,,,,,,0,0,,,文化、体育和娱乐业,文化、体育和娱乐业,Zurich,,,ASX,Main Board,,0,1,日本,0,0,23/3/2026 09:32:16,23/3/2026 09:32:16
2745,2022,603389,国外,远园盛新材料公司,,,,,,0,0,,,家具制造业,家具制造业,Ontario,Singapore,,ASX,Growth,,0,1,日本,0,0,23/3/2026 09:32:16,23/3/2026 09:32:16
2746,2022,603611,国外,碧环远水务发展公司,,,,,,0,0,,,通用设备制造业,通用设备制造业,,Toronto,,NASDAQ,Main Board,,0,1,日本,0,0,23/3/2026 09:32:16,23/3/2026 09:32:16
2749,2022,603988,国外,冀泽置零售集团公司,,,,,,0,0,,,电机制造业,商业电气机械和器材制造业,Tokyo,Tokyo,,NYSE,Prime,,0,1,新加坡,0,0,23/3/2026 09:32:16,23/3/2026 09:32:16
2755,2022,300435,国外,万源拓玻璃公司,,,,,,0,0,,,燃气生产和供应业,电力、热力、燃气及水生产和供应业,Zurich,Sydney,,TSE,Standard,,0,1,日本,0,0,23/3/2026 09:32:16,23/3/2026 09:32:16
2756,2022,300491,国外,花盈智房地产开发有限公司,,,,,,0,0,,,电机制造业,商业电气机械和器材制造业,Bavaria,London,,LSE,Prime,,0,1,日本,0,0,23/3/2026 09:32:16,23/3/2026 09:32:16
2758,2022,300521,国外,瑞通润金融科技公司,,,,,,0,0,,,其他专用设备制造业,专用设备制造业,New South Wales,Frankfurt,,,,,0,1,,0,0,23/3/2026 09:32:16,23/3/2026 09:32:16
2759,2022,300579,国外,润阳盛贸易公司,,,,,,0,0,,,软件和信息技术服务,信息传输、软件和信息技术服务业,,New York,,,Growth,,0,1,日本,0,0,23/3/2026 09:32:16,23/3/2026 09:32:16
2760,2022,2796,国外,科会泽贸易控股公司,,,,,,0,0,,,其他专用设备制造业,专用设备制造业,Tokyo,New York,,SGX,Growth,,0,1,日本,0,0,23/3/2026 09:32:16,23/3/2026 09:32:16
2761,2022,603889,国外,比阳盛传媒股份公司,,,,,,0,0,,,纺织鞋服业,纺织鞋服业,Tokyo,Singapore,,,Prime,,0,1,新加坡,0,0,23/3/2026 09:32:16,23/3/2026 09:32:16
2764,2022,300393,国外,绿阳盛水务有限公司,,,,,,0,0,,,光伏制造业,商业电气机械和器材制造业,Ontario,Tokyo,,LSE,Growth,,0,1,新加坡,0,0,23/3/2026 09:32:16,23/3/2026 09:32:16
2767,2022,300438,国外,保禾骏生物科技控股公司,,,,,,0,0,,,电池制造业,商业电气机械和器材制造业,Zurich,London,,ASX,Main Board,,0,1,日本,0,0,23/3/2026 09:32:16,23/3/2026 09:32:16
2771,2022,603789,国外,凯桥景置业股份公司,,,,,,0,0,,,其他专用设备制造业,专用设备制造业,Bavaria,,,NYSE,,,0,1,新加坡,0,0,23/3/2026 09:32:16,23/3/2026 09:32:16
2772,2022,601211,国外,花澜润化工发展公司,,,,,,0,0,,,证券,金融业,Bavaria,New York,,TSX,NASDAQ Global Select,,0,1,新加坡,0,0,23/3/2026 09:32:16,23/3/2026 09:32:16
2773,2022,603818,国外,花泽航能源有限公司,,,,,,0,0,,,家具制造业,家具制造业,California,Toronto,,NASDAQ,NASDAQ Global Select,,0,1,,0,0,23/3/2026 09:32:16,23/3/2026 09:32:16
2774,2022,603701,国外,明环智软件股份公司,,,,,,0,0,,,电机制造业,商业电气机械和器材制造业,Ontario,Sydney,,NASDAQ,NASDAQ Global Select,,0,1,日本,0,0,23/3/2026 09:32:16,23/3/2026 09:32:16
2777,2022,603355,国外,众业启零售股份公司,,,,,,0,0,,,家用电器,消费电子及电气业,New South Wales,Sydney,,TSE,Main Board,,0,1,新加坡,0,0,23/3/2026 09:32:16,23/3/2026 09:32:16
2780,2022,601689,国外,恒盈景建筑设计股份公司,,,,,,0,0,,,汽车零部件制造业,汽车制造业,New South Wales,London,,SGX,Main Board,,0,1,日本,0,0,23/3/2026 09:32:16,23/3/2026 09:32:16
2782,2022,603227,国外,远海景船舶有限公司,,,,,,0,0,,,化工原料,化学原料和化学制品制造业,Bavaria,,,LSE,Main Board,,0,1,,0,0,23/3/2026 09:32:16,23/3/2026 09:32:16
2785,2022,603369,国外,众环泽化工发展公司,,,,,,0,0,,,酒业,食品饮料业,Zurich,London,,TSE,Main Board,,0,1,,0,0,23/3/2026 09:32:16,23/3/2026 09:32:16
2786,2022,603011,国外,凯白拓建设开发科技公司,,,,,,0,0,,,通用设备制造业,通用设备制造业,Zurich,London,,TSX,NASDAQ Global Select,,0,1,,0,0,23/3/2026 09:32:16,23/3/2026 09:32:16
2787,2022,603698,国外,华锦泽数据服务公司,,,,,,0,0,,,其他科研技术服务,科学研究和技术服务业,Bavaria,Singapore,,XETRA,Growth,,0,1,新加坡,0,0,23/3/2026 09:32:16,23/3/2026 09:32:16
2791,2022,300505,国外,冀澜润电器控股公司,,,,,,0,0,,,化工原料,化学原料和化学制品制造业,England,Toronto,,,NASDAQ Global Select,,0,1,日本,0,0,23/3/2026 09:32:16,23/3/2026 09:32:16
2793,2022,2779,国外,明通泰传媒科技公司,,,,,,0,0,,,其他专用设备制造业,专用设备制造业,Ontario,London,,NASDAQ,Main Board,,0,1,日本,0,0,23/3/2026 09:32:16,23/3/2026 09:32:16
2794,2022,2770,国外,盛控禾贸易股份公司,,,,,,0,0,,,食品饮料,,New South Wales,London,,SGX,Prime,,0,1,新加坡,0,0,23/3/2026 09:32:16,23/3/2026 09:32:16
2795,2022,2781,国外,北源禾电器控股公司,,,,,,0,0,,,建筑装饰,建筑业,Zurich,,,TSE,Growth,,0,1,新加坡,0,0,23/3/2026 09:32:16,23/3/2026 09:32:16
2798,2022,300437,国外,启澜昌水电科技公司,,,,,,0,0,,,精细化工,化学原料和化学制品制造业,Bavaria,Sydney,,NASDAQ,Prime,,0,1,新加坡,0,0,23/3/2026 09:32:16,23/3/2026 09:32:16
2812,2022,603959,国外,瑞禾盛零售科技公司,,,,,,0,0,,,土木工程,建筑业,England,Toronto,,SGX,Prime,,0,1,,0,0,23/3/2026 09:32:16,23/3/2026 09:32:16
2813,2022,603696,国外,新尹置房地产开发集团公司,,,,,,0,0,,,食品业,食品饮料业,Zurich,Singapore,,TSX,Prime,,0,1,新加坡,0,0,23/3/2026 09:32:16,23/3/2026 09:32:16
2814,2022,603368,国外,保锦盛通信公司,,,,,,0,0,,,批发业,批发和零售业,Tokyo,,,TSX,Growth,,0,1,日本,0,0,23/3/2026 09:32:16,23/3/2026 09:32:16
2815,2022,601828,国外,润业智水务有限公司,,,,,,0,0,,,租赁业,租赁和商务服务业,Ontario,Toronto,,,Prime,,0,1,新加坡,0,0,23/3/2026 09:32:16,23/3/2026 09:32:16
2818,2022,2761,国外,高禾盛建筑设计公司,,,,,,0,0,,,房屋建筑,建筑业,England,Toronto,,,Main Board,,0,1,日本,0,0,23/3/2026 09:32:16,23/3/2026 09:32:16
2820,2022,2732,国外,远芯骏化工发展公司,,,,,,0,0,,,食品业,食品饮料业,England,,,TSX,NASDAQ Global Select,,0,1,新加坡,0,0,23/3/2026 09:32:16,23/3/2026 09:32:16
2821,2022,300463,国外,高禾盛新能源汽车有限公司,,,,,,0,0,,,生物科技,医药制造业,,Frankfurt,,NASDAQ,NASDAQ Global Select,,0,1,新加坡,0,0,23/3/2026 09:32:16,23/3/2026 09:32:16
2823,2022,2742,国外,保尹骏电子发展公司,,,,,,0,0,,,水泥制品业,非金属矿物制品业,California,Frankfurt,,TSX,Standard,,0,1,新加坡,0,0,23/3/2026 09:32:16,23/3/2026 09:32:16
2824,2022,300455,国外,盛环源玻璃集团公司,,,,,,0,0,,,铁路,铁路、船舶、航空航天和其他运输设备制造业,Zurich,Frankfurt,,NYSE,,,0,1,新加坡,0,0,23/3/2026 09:32:16,23/3/2026 09:32:16
2836,2022,603383,国外,万盈禾批发公司,,,,,,0,0,,,软件和信息技术服务,信息传输、软件和信息技术服务业,New South Wales,,,NYSE,,,0,1,新加坡,0,0,23/3/2026 09:32:16,23/3/2026 09:32:16
2837,2022,300406,国外,高酷禾医药公司,,,,,,0,0,,,生物科技,医药制造业,Tokyo,London,,TSX,Main Board,,0,1,新加坡,0,0,23/3/2026 09:32:16,23/3/2026 09:32:16
2844,2022,603528,国外,十禾泰数据服务科技公司,,,,,,0,0,,,软件和信息技术服务,信息传输、软件和信息技术服务业,Ontario,Toronto,,NYSE,Growth,,0,1,新加坡,0,0,23/3/2026 09:32:16,23/3/2026 09:32:16
2845,2022,603883,国外,保锦昌能源公司,,,,,,0,0,,,零售业,批发和零售业,California,London,,TSE,Main Board,,0,1,,0,0,23/3/2026 09:32:16,23/3/2026 09:32:16
2846,2022,603885,国外,北达锦水电控股公司,,,,,,0,0,,,航空交通运输业,交通运输、仓储和邮政业,California,London,,NYSE,Standard,,0,1,日本,0,0,23/3/2026 09:32:16,23/3/2026 09:32:16
2848,2022,2767,国外,长海迈数据服务公司,,,,,,0,0,,,仪器仪表制造业,仪器仪表制造业,New South Wales,Sydney,,NYSE,,,0,1,新加坡,0,0,23/3/2026 09:32:16,23/3/2026 09:32:16
2849,2022,2818,国外,启达骏水电公司,,,,,,0,0,,,商务服务业,租赁和商务服务业,Bavaria,Tokyo,,XETRA,NASDAQ Global Select,,0,1,新加坡,0,0,23/3/2026 09:32:16,23/3/2026 09:32:16
2850,2022,2735,国外,比阳盛置业科技公司,,,,,,0,0,,,塑料制品,橡胶和塑料制品业,Tokyo,Sydney,,,NASDAQ Global Select,,0,1,,0,0,23/3/2026 09:32:16,23/3/2026 09:32:16
2853,2022,603779,国外,物能澜建筑设计控股公司,,,,,,0,0,,,酒业,食品饮料业,Tokyo,New York,,NASDAQ,Prime,,0,1,,0,0,23/3/2026 09:32:16,23/3/2026 09:32:16
2854,2022,603998,国外,星通泽财富管理集团公司,,,,,,0,0,,,制药,医药制造业,,Sydney,,NYSE,Standard,,0,1,新加坡,0,0,23/3/2026 09:32:16,23/3/2026 09:32:16
2855,2022,603901,国外,北澜景建筑设计发展公司,,,,,,0,0,,,通用设备制造业,通用设备制造业,New South Wales,London,,ASX,Prime,,0,1,新加坡,0,0,23/3/2026 09:32:16,23/3/2026 09:32:16
2857,2022,603703,国外,冀源盛财富管理股份公司,,,,,,0,0,,,光纤电缆制造业,商业电气机械和器材制造业,Zurich,London,,TSE,Main Board,,0,1,新加坡,0,0,23/3/2026 09:32:16,23/3/2026 09:32:16
2859,2022,603608,国外,万芯泰财富管理集团公司,,,,,,0,0,,,纺织鞋服业,纺织鞋服业,,,,LSE,Growth,,0,1,日本,0,0,23/3/2026 09:32:16,23/3/2026 09:32:16
2860,2022,603031,国外,长业迈水务公司,,,,,,0,0,,,零售业,批发和零售业,Ontario,Tokyo,,LSE,Growth,,0,1,新加坡,0,0,23/3/2026 09:32:16,23/3/2026 09:32:16
2865,2022,300374,国外,比达科通信发展公司,,,,,,0,0,,,耐火材料制品业,非金属矿物制品业,Ontario,,,TSX,Prime,,0,1,新加坡,0,0,23/3/2026 09:32:16,23/3/2026 09:32:16
2867,2022,300552,国外,保控锦电器公司,,,,,,0,0,,,软件和信息技术服务,信息传输、软件和信息技术服务业,New South Wales,London,,TSE,Standard,,0,1,新加坡,0,0,23/3/2026 09:32:16,23/3/2026 09:32:16
2869,2022,300440,国外,瑞达科医药科技公司,,,,,,0,0,,,软件和信息技术服务,信息传输、软件和信息技术服务业,Ontario,Toronto,,,,,0,1,新加坡,0,0,23/3/2026 09:32:16,23/3/2026 09:32:16
2872,2022,2729,国外,高车昌玻璃集团公司,,,,,,0,0,,,电子元件及设备,消费电子及电气业,Bavaria,Tokyo,,,Standard,,0,1,,0,0,23/3/2026 09:32:16,23/3/2026 09:32:16
2875,2022,601882,国外,凯车锦综合开发公司,,,,,,0,0,,,通用设备制造业,通用设备制造业,California,Frankfurt,,SGX,Growth,,0,1,,0,0,23/3/2026 09:32:16,23/3/2026 09:32:16
2880,2022,2755,国外,比通昌综合开发发展公司,,,,,,0,0,,,制药,医药制造业,Tokyo,Singapore,,,Growth,,0,1,日本,0,0,23/3/2026 09:32:16,23/3/2026 09:32:16
2882,2022,300469,国外,十业航批发有限公司,,,,,,0,0,,,软件和信息技术服务,信息传输、软件和信息技术服务业,Bavaria,Singapore,,LSE,Main Board,,0,1,新加坡,0,0,23/3/2026 09:32:16,23/3/2026 09:32:16
2885,2022,2737,国外,绿海锦综合开发控股公司,,,,,,0,0,,,制药,医药制造业,England,,,LSE,Main Board,,0,1,新加坡,0,0,23/3/2026 09:32:16,23/3/2026 09:32:16
2888,2022,300495,国外,瑞桥景生物科技股份公司,,,,,,0,0,,,水利、环境和公共设施管理业,水利、环境和公共设施管理业,,London,,,Growth,,0,1,新加坡,0,0,23/3/2026 09:32:16,23/3/2026 09:32:16
2893,2022,601811,国外,保阳盛零售发展公司,,,,,,0,0,,,文化、体育和娱乐业,文化、体育和娱乐业,,Singapore,,NYSE,Standard,,0,1,日本,0,0,23/3/2026 09:32:16,23/3/2026 09:32:16
2895,2022,603660,国外,众源锦软件公司,,,,,,0,0,,,电子元件及设备,消费电子及电气业,Tokyo,Frankfurt,,TSE,Standard,,0,1,日本,0,0,23/3/2026 09:32:16,23/3/2026 09:32:16
2896,2022,601968,国外,绿源锦水务股份公司,,,,,,0,0,,,金属制品业,金属制品业,Ontario,Sydney,,NYSE,Standard,,0,1,日本,0,0,23/3/2026 09:32:16,23/3/2026 09:32:16
2899,2022,603515,国外,瑞禾骏实业有限公司,,,,,,0,0,,,电子元件及设备,消费电子及电气业,England,Toronto,,,Prime,,0,1,,0,0,23/3/2026 09:32:16,23/3/2026 09:32:16
2901,2022,603556,国外,盛盈科生物科技科技公司,,,,,,0,0,,,仪器仪表制造业,仪器仪表制造业,,New York,,,NASDAQ Global Select,,0,1,,0,0,23/3/2026 09:32:16,23/3/2026 09:32:16
2906,2022,2766,国外,华新启化工科技公司,,,,,,0,0,,,汽车零部件制造业,汽车制造业,England,Tokyo,,LSE,Standard,,0,1,新加坡,0,0,23/3/2026 09:32:16,23/3/2026 09:32:16
2908,2022,2762,国外,招泽锦软件股份公司,,,,,,0,0,,,纺织鞋服业,纺织鞋服业,New South Wales,Tokyo,,NYSE,NASDAQ Global Select,,0,1,,0,0,23/3/2026 09:32:16,23/3/2026 09:32:16
2909,2022,300480,国外,恒工科玻璃有限公司,,,,,,0,0,,,仪器仪表制造业,仪器仪表制造业,California,New York,,NASDAQ,Main Board,,0,1,,0,0,23/3/2026 09:32:16,23/3/2026 09:32:16
2915,2022,300471,国外,瑞芯澜财富管理科技公司,,,,,,0,0,,,其他专用设备制造业,专用设备制造业,Zurich,Sydney,,XETRA,Main Board,,0,1,新加坡,0,0,23/3/2026 09:32:16,23/3/2026 09:32:16
2916,2022,300472,国外,招芯泽新材料公司,,,,,,0,0,,,其他专用设备制造业,专用设备制造业,California,Singapore,,,Main Board,,0,1,新加坡,0,0,23/3/2026 09:32:16,23/3/2026 09:32:16
2917,2022,603898,国外,十晋迈传媒控股公司,,,,,,0,0,,,家具制造业,家具制造业,New South Wales,Singapore,,LSE,,,0,1,,0,0,23/3/2026 09:32:16,23/3/2026 09:32:16
2919,2022,600939,国外,众桥锦新材料股份公司,,,,,,0,0,,,房屋建筑,建筑业,,Singapore,,ASX,Growth,,0,1,新加坡,0,0,23/3/2026 09:32:16,23/3/2026 09:32:16
2920,2022,603558,国外,星盈景能源发展公司,,,,,,0,0,,,纺织鞋服业,纺织鞋服业,England,Frankfurt,,LSE,NASDAQ Global Select,,0,1,日本,0,0,23/3/2026 09:32:16,23/3/2026 09:32:16
2922,2022,603160,国外,明通科批发公司,,,,,,0,0,,,半导体业,半导体业,Ontario,New York,,TSE,Growth,,0,1,日本,0,0,23/3/2026 09:32:16,23/3/2026 09:32:16
2923,2022,603012,国外,瑞盈智数据服务公司,,,,,,0,0,,,其他专用设备制造业,专用设备制造业,Zurich,New York,,LSE,Prime,,0,1,新加坡,0,0,23/3/2026 09:32:16,23/3/2026 09:32:16
2927,2022,603636,国外,招城泰建筑设计集团公司,,,,,,0,0,,,软件和信息技术服务,信息传输、软件和信息技术服务业,New South Wales,New York,,,Prime,,0,1,日本,0,0,23/3/2026 09:32:16,23/3/2026 09:32:16
2931,2022,2788,国外,华会盛建设开发公司,,,,,,0,0,,,批发业,批发和零售业,England,,,,Growth,,0,1,日本,0,0,23/3/2026 09:32:16,23/3/2026 09:32:16
2932,2022,2760,国外,招禾禾贸易控股公司,,,,,,0,0,,,金属制品业,金属制品业,England,Frankfurt,,XETRA,Main Board,,0,1,,0,0,23/3/2026 09:32:16,23/3/2026 09:32:16
2937,2022,300547,国外,北禾联财富管理公司,,,,,,0,0,,,汽车零部件制造业,汽车制造业,Zurich,Sydney,,TSX,Prime,,0,1,,0,0,23/3/2026 09:32:16,23/3/2026 09:32:16
2945,2022,300559,国外,冀海盛新能源汽车科技公司,,,,,,0,0,,,软件和信息技术服务,信息传输、软件和信息技术服务业,New South Wales,Singapore,,TSX,NASDAQ Global Select,,0,1,新加坡,0,0,23/3/2026 09:32:16,23/3/2026 09:32:16
2946,2022,2793,国外,保芯置电子股份公司,,,,,,0,0,,,制药,医药制造业,California,Tokyo,,ASX,Prime,,0,1,,0,0,23/3/2026 09:32:16,23/3/2026 09:32:16
2947,2022,2806,国外,高晋盛软件公司,,,,,,0,0,,,金属制品业,金属制品业,Tokyo,Frankfurt,,LSE,Growth,,0,1,日本,0,0,23/3/2026 09:32:16,23/3/2026 09:32:16
2948,2022,2787,国外,比澜创财富管理有限公司,,,,,,0,0,,,金属制品业,金属制品业,New South Wales,Singapore,,SGX,Main Board,,0,1,日本,0,0,23/3/2026 09:32:16,23/3/2026 09:32:16
2954,2022,2832,国外,保环智建筑设计股份公司,,,,,,0,0,,,纺织鞋服业,纺织鞋服业,Bavaria,New York,,TSE,NASDAQ Global Select,,0,1,,0,0,23/3/2026 09:32:16,23/3/2026 09:32:16
2958,2022,300462,国外,瑞环泽综合开发集团公司,,,,,,0,0,,,其他专用设备制造业,专用设备制造业,Ontario,Tokyo,,LSE,Main Board,,0,1,新加坡,0,0,23/3/2026 09:32:16,23/3/2026 09:32:16
2960,2022,300664,国外,十环智置业有限公司,,,,,,0,0,,,水利、环境和公共设施管理业,水利、环境和公共设施管理业,Bavaria,New York,,NASDAQ,Growth,,0,1,新加坡,0,0,23/3/2026 09:32:16,23/3/2026 09:32:16
2962,2022,601900,国外,物工润软件公司,,,,,,0,0,,,文化、体育和娱乐业,文化、体育和娱乐业,England,Toronto,,,Prime,,0,1,,0,0,23/3/2026 09:32:16,23/3/2026 09:32:16
2966,2022,2790,国外,十尹远零售集团公司,,,,,,0,0,,,塑料制品,橡胶和塑料制品业,England,Toronto,,XETRA,,,0,1,,0,0,23/3/2026 09:32:16,23/3/2026 09:32:16
2968,2022,600936,国外,盛酷智生物科技有限公司,,,,,,0,0,,,电信、广播电视和卫星传输服务,信息传输、软件和信息技术服务业,England,Sydney,,TSE,Standard,,0,1,日本,0,0,23/3/2026 09:32:16,23/3/2026 09:32:16
2970,2022,603690,国外,凯业启医药有限公司,,,,,,0,0,,,其他专用设备制造业,专用设备制造业,,Singapore,,SGX,Main Board,,0,1,日本,0,0,23/3/2026 09:32:16,23/3/2026 09:32:16
2971,2022,603159,国外,北锦盛综合开发集团公司,,,,,,0,0,,,其他专用设备制造业,专用设备制造业,Zurich,Tokyo,,XETRA,Prime,,0,1,,0,0,23/3/2026 09:32:16,23/3/2026 09:32:16
2977,2022,300470,国外,碧海润新材料公司,,,,,,0,0,,,通用设备制造业,通用设备制造业,Ontario,Toronto,,ASX,NASDAQ Global Select,,0,1,日本,0,0,23/3/2026 09:32:16,23/3/2026 09:32:16
2979,2022,601366,国外,众会泰批发集团公司,,,,,,0,0,,,零售业,批发和零售业,Bavaria,Toronto,,ASX,Growth,,0,1,新加坡,0,0,23/3/2026 09:32:16,23/3/2026 09:32:16
2983,2022,300460,国外,众桥锦化工科技公司,,,,,,0,0,,,电子元件及设备,消费电子及电气业,Ontario,Sydney,,SGX,Growth,,0,1,,0,0,23/3/2026 09:32:16,23/3/2026 09:32:16
2985,2022,603367,国外,碧晋远财富管理控股公司,,,,,,0,0,,,制药,医药制造业,,Toronto,,ASX,NASDAQ Global Select,,0,1,,0,0,23/3/2026 09:32:16,23/3/2026 09:32:16
2986,2022,603315,国外,招业禾金融有限公司,,,,,,0,0,,,黑色金属冶炼和压延加工业,金属冶炼和压延加工业,Tokyo,Tokyo,,NYSE,Prime,,0,1,日本,0,0,23/3/2026 09:32:16,23/3/2026 09:32:16
2989,2022,603936,国外,众车置船舶科技公司,,,,,,0,0,,,半导体业,半导体业,California,Toronto,,NYSE,Growth,,0,1,日本,0,0,23/3/2026 09:32:16,23/3/2026 09:32:16
2990,2022,603825,国外,北新迈船舶控股公司,,,,,,0,0,,,互联网和相关服务,信息传输、软件和信息技术服务业,Ontario,Tokyo,,,Growth,,0,1,,0,0,23/3/2026 09:32:16,23/3/2026 09:32:16
2992,2022,300518,国外,凯环澜电器发展公司,,,,,,0,0,,,软件和信息技术服务,信息传输、软件和信息技术服务业,New South Wales,Toronto,,XETRA,Growth,,0,1,,0,0,23/3/2026 09:32:16,23/3/2026 09:32:16
2995,2022,300453,国外,科锦置玻璃控股公司,,,,,,0,0,,,医疗专用设备制造业,专用设备制造业,England,New York,,ASX,Growth,,0,1,,0,0,23/3/2026 09:32:16,23/3/2026 09:32:16
3001,2022,300410,国外,润晋远船舶集团公司,,,,,,0,0,,,其他专用设备制造业,专用设备制造业,Bavaria,,,ASX,NASDAQ Global Select,,0,1,新加坡,0,0,23/3/2026 09:32:16,23/3/2026 09:32:16
3003,2022,603222,国外,联达盛新能源汽车发展公司,,,,,,0,0,,,制药,医药制造业,Tokyo,New York,,SGX,,,0,1,日本,0,0,23/3/2026 09:32:16,23/3/2026 09:32:16
3006,2022,2813,国外,科酷泰新能源汽车科技公司,,,,,,0,0,,,电子元件及设备,消费电子及电气业,Zurich,,,SGX,NASDAQ Global Select,,0,1,,0,0,23/3/2026 09:32:16,23/3/2026 09:32:16
3009,2022,300510,国外,启工澜连锁集团公司,,,,,,0,0,,,电机制造业,商业电气机械和器材制造业,Ontario,Toronto,,,Standard,,0,1,日本,0,0,23/3/2026 09:32:16,23/3/2026 09:32:16
3011,2022,300420,国外,华澜科新能源汽车集团公司,,,,,,0,0,,,通用设备制造业,通用设备制造业,Bavaria,Toronto,,XETRA,,,0,1,新加坡,0,0,23/3/2026 09:32:16,23/3/2026 09:32:16
3013,2022,300364,国外,冀控盛房地产开发集团公司,,,,,,0,0,,,文化、体育和娱乐业,文化、体育和娱乐业,,Tokyo,,SGX,,,0,1,日本,0,0,23/3/2026 09:32:16,23/3/2026 09:32:16
3014,2022,603377,国外,冀泽联实业发展公司,,,,,,0,0,,,教育,教育,New South Wales,Sydney,,NASDAQ,,,0,1,,0,0,23/3/2026 09:32:16,23/3/2026 09:32:16
3018,2022,603131,国外,高白骏化工有限公司,,,,,,0,0,,,通用设备制造业,通用设备制造业,Bavaria,Toronto,,TSE,Prime,,0,1,新加坡,0,0,23/3/2026 09:32:16,23/3/2026 09:32:16
3021,2022,300520,国外,万禾盛能源科技公司,,,,,,0,0,,,软件和信息技术服务,信息传输、软件和信息技术服务业,Ontario,New York,,LSE,Standard,,0,1,日本,0,0,23/3/2026 09:32:16,23/3/2026 09:32:16
3024,2022,603198,国外,保锦景批发有限公司,,,,,,0,0,,,酒业,食品饮料业,Bavaria,Frankfurt,,ASX,Main Board,,0,1,新加坡,0,0,23/3/2026 09:32:16,23/3/2026 09:32:16
3026,2022,603958,国外,新通拓水务控股公司,,,,,,0,0,,,纺织鞋服业,纺织鞋服业,Ontario,Tokyo,,SGX,Standard,,0,1,,0,0,23/3/2026 09:32:16,23/3/2026 09:32:16
3030,2022,300485,国外,星通远城市发展集团公司,,,,,,0,0,,,生物科技,医药制造业,Bavaria,London,,NASDAQ,Main Board,,0,1,新加坡,0,0,23/3/2026 09:32:16,23/3/2026 09:32:16
3032,2022,300442,国外,北控润综合开发公司,,,,,,0,0,,,其他专用设备制造业,专用设备制造业,Ontario,Toronto,,NYSE,Main Board,,0,1,日本,0,0,23/3/2026 09:32:16,23/3/2026 09:32:16
3033,2022,2731,国外,恒桥泰房地产开发科技公司,,,,,,0,0,,,文教、工美、体育和娱乐用品制造业,文教、工美、体育和娱乐用品制造业,Ontario,Tokyo,,SGX,,,0,1,,0,0,23/3/2026 09:32:16,23/3/2026 09:32:16
3034,2022,2777,国外,凯会锦电子控股公司,,,,,,0,0,,,软件和信息技术服务,信息传输、软件和信息技术服务业,Zurich,London,,TSE,Growth,,0,1,新加坡,0,0,23/3/2026 09:32:16,23/3/2026 09:32:16
3035,2022,300528,国外,启尹泰批发公司,,,,,,0,0,,,文化、体育和娱乐业,文化、体育和娱乐业,New South Wales,Frankfurt,,XETRA,NASDAQ Global Select,,0,1,新加坡,0,0,23/3/2026 09:32:16,23/3/2026 09:32:16
3036,2022,603939,国外,万酷智化工有限公司,,,,,,0,0,,,零售业,批发和零售业,England,Frankfurt,,TSX,Growth,,0,1,日本,0,0,23/3/2026 09:32:16,23/3/2026 09:32:16
3042,2022,603859,国外,长阳航建设开发公司,,,,,,0,0,,,其他科研技术服务,科学研究和技术服务业,California,Singapore,,XETRA,,,0,1,新加坡,0,0,23/3/2026 09:32:16,23/3/2026 09:32:16
3046,2022,300461,国外,星锦科生物科技科技公司,,,,,,0,0,,,其他专用设备制造业,专用设备制造业,Ontario,Frankfurt,,LSE,Main Board,,0,1,新加坡,0,0,23/3/2026 09:32:16,23/3/2026 09:32:16
3047,2022,300416,国外,启尹昌零售股份公司,,,,,,0,0,,,其他科研技术服务,科学研究和技术服务业,California,Sydney,,ASX,NASDAQ Global Select,,0,1,新加坡,0,0,23/3/2026 09:32:16,23/3/2026 09:32:16
3049,2022,300572,国外,华澜盛通信有限公司,,,,,,0,0,,,仪器仪表制造业,仪器仪表制造业,Bavaria,Frankfurt,,,Growth,,0,1,日本,0,0,23/3/2026 09:32:16,23/3/2026 09:32:16
3050,2022,300423,国外,物达启生物科技集团公司,,,,,,0,0,,,电机制造业,商业电气机械和器材制造业,,London,,TSX,Prime,,0,1,新加坡,0,0,23/3/2026 09:32:16,23/3/2026 09:32:16
3051,2022,300537,国外,碧课盛建设开发科技公司,,,,,,0,0,,,精细化工,化学原料和化学制品制造业,,Singapore,,SGX,Prime,,0,1,新加坡,0,0,23/3/2026 09:32:16,23/3/2026 09:32:16
3053,2022,2772,国外,新环昌生物科技股份公司,,,,,,0,0,,,农业,农、林、牧、渔业,,,,TSX,,,0,1,日本,0,0,23/3/2026 09:32:16,23/3/2026 09:32:16
3057,2022,603036,国外,高泽远水务公司,,,,,,0,0,,,其他专用设备制造业,专用设备制造业,Bavaria,Sydney,,LSE,Growth,,0,1,新加坡,0,0,23/3/2026 09:32:16,23/3/2026 09:32:16
3059,2022,300473,国外,花园瀚船舶科技公司,,,,,,0,0,,,通用设备制造业,通用设备制造业,Ontario,Toronto,,ASX,Main Board,,0,1,新加坡,0,0,23/3/2026 09:32:16,23/3/2026 09:32:16
3067,2022,603678,国外,新业锦新能源汽车控股公司,,,,,,0,0,,,电子元件及设备,消费电子及电气业,Zurich,,,LSE,Standard,,0,1,日本,0,0,23/3/2026 09:32:16,23/3/2026 09:32:16
3069,2022,603258,国外,联禾航通信公司,,,,,,0,0,,,互联网和相关服务,信息传输、软件和信息技术服务业,Bavaria,London,,ASX,Main Board,,0,1,日本,0,0,23/3/2026 09:32:16,23/3/2026 09:32:16
3071,2022,603568,国外,花禾启传媒控股公司,,,,,,0,0,,,水利、环境和公共设施管理业,水利、环境和公共设施管理业,Tokyo,Sydney,,ASX,,,0,1,新加坡,0,0,23/3/2026 09:32:16,23/3/2026 09:32:16
3074,2022,300549,国外,万电昌零售股份公司,,,,,,0,0,,,其他专用设备制造业,专用设备制造业,New South Wales,Singapore,,,Prime,,0,1,新加坡,0,0,23/3/2026 09:32:16,23/3/2026 09:32:16
3077,2022,2829,国外,盛达航化工发展公司,,,,,,0,0,,,航空航天,铁路、船舶、航空航天和其他运输设备制造业,Zurich,Sydney,,NYSE,Prime,,0,1,日本,0,0,23/3/2026 09:32:16,23/3/2026 09:32:16
3078,2022,603639,国外,高澜锦建筑设计控股公司,,,,,,0,0,,,农药,化学原料和化学制品制造业,Tokyo,Sydney,,NYSE,Prime,,0,1,新加坡,0,0,23/3/2026 09:32:16,23/3/2026 09:32:16
3079,2022,2812,国外,远通锦医药公司,,,,,,0,0,,,塑料制品,橡胶和塑料制品业,Bavaria,New York,,NYSE,NASDAQ Global Select,,0,1,日本,0,0,23/3/2026 09:32:16,23/3/2026 09:32:16
3080,2022,300422,国外,比晋科生物科技集团公司,,,,,,0,0,,,水利、环境和公共设施管理业,水利、环境和公共设施管理业,Ontario,Frankfurt,,ASX,,,0,1,新加坡,0,0,23/3/2026 09:32:16,23/3/2026 09:32:16
3084,2022,603007,国外,凯泽景能源有限公司,,,,,,0,0,,,土木工程,建筑业,,Toronto,,ASX,,,0,1,,0,0,23/3/2026 09:32:16,23/3/2026 09:32:16
3086,2022,603822,国外,润阳迈财富管理股份公司,,,,,,0,0,,,精细化工,化学原料和化学制品制造业,California,London,,TSX,Prime,,0,1,,0,0,23/3/2026 09:32:16,23/3/2026 09:32:16
3087,2022,300503,国外,启业创贸易有限公司,,,,,,0,0,,,通用设备制造业,通用设备制造业,Tokyo,New York,,TSE,,,0,1,,0,0,23/3/2026 09:32:16,23/3/2026 09:32:16
3094,2022,603299,国外,北阳昌医药科技公司,,,,,,0,0,,,食品业,食品饮料业,Zurich,Sydney,,SGX,Growth,,0,1,,0,0,23/3/2026 09:32:16,23/3/2026 09:32:16
3095,2022,603026,国外,招城启数据服务发展公司,,,,,,0,0,,,化工原料,化学原料和化学制品制造业,California,New York,,XETRA,Growth,,0,1,新加坡,0,0,23/3/2026 09:32:16,23/3/2026 09:32:16
3098,2022,300545,国外,众园远财富管理控股公司,,,,,,0,0,,,其他专用设备制造业,专用设备制造业,New South Wales,Tokyo,,NASDAQ,Standard,,0,1,,0,0,23/3/2026 09:32:16,23/3/2026 09:32:16
3100,2022,300531,国外,比课远传媒科技公司,,,,,,0,0,,,电子元件及设备,消费电子及电气业,New South Wales,Sydney,,XETRA,Main Board,,0,1,,0,0,23/3/2026 09:32:16,23/3/2026 09:32:16
3101,2022,300570,国外,明尹泰新能源汽车股份公司,,,,,,0,0,,,通信传输设备业,通信传输设备业,Bavaria,Frankfurt,,SGX,NASDAQ Global Select,,0,1,新加坡,0,0,23/3/2026 09:32:16,23/3/2026 09:32:16
3106,2022,603689,国外,众源创财富管理控股公司,,,,,,0,0,,,燃气生产和供应业,电力、热力、燃气及水生产和供应业,California,Tokyo,,LSE,,,0,1,,0,0,23/3/2026 09:32:16,23/3/2026 09:32:16
3108,2022,2816,国外,润晋景水务公司,,,,,,0,0,,,通用设备制造业,通用设备制造业,England,London,,NASDAQ,NASDAQ Global Select,,0,1,新加坡,0,0,23/3/2026 09:32:16,23/3/2026 09:32:16
3110,2022,603067,国外,比控昌建设开发集团公司,,,,,,0,0,,,化工原料,化学原料和化学制品制造业,New South Wales,London,,TSX,Main Board,,0,1,日本,0,0,23/3/2026 09:32:16,23/3/2026 09:32:16
3117,2022,300573,国外,远禾泽房地产开发发展公司,,,,,,0,0,,,制药,医药制造业,California,Toronto,,NYSE,Main Board,,0,1,新加坡,0,0,23/3/2026 09:32:16,23/3/2026 09:32:16
3118,2022,300428,国外,碧芯迈新材料公司,,,,,,0,0,,,汽车零部件制造业,汽车制造业,Tokyo,Singapore,,ASX,Prime,,0,1,,0,0,23/3/2026 09:32:16,23/3/2026 09:32:16
3120,2022,2736,国外,瑞晋迈通信控股公司,,,,,,0,0,,,证券,金融业,England,London,,LSE,,,0,1,新加坡,0,0,23/3/2026 09:32:16,23/3/2026 09:32:16
3122,2022,2765,国外,瑞控润建筑设计公司,,,,,,0,0,,,汽车零部件制造业,汽车制造业,Tokyo,Sydney,,TSX,Prime,,0,1,新加坡,0,0,23/3/2026 09:32:16,23/3/2026 09:32:16
3125,2022,300539,国外,保业启电器公司,,,,,,0,0,,,塑料制品,橡胶和塑料制品业,Ontario,London,,,NASDAQ Global Select,,0,1,日本,0,0,23/3/2026 09:32:16,23/3/2026 09:32:16
3126,2022,300488,国外,北业景财富管理有限公司,,,,,,0,0,,,金属制品业,金属制品业,Ontario,Frankfurt,,XETRA,Main Board,,0,1,新加坡,0,0,23/3/2026 09:32:16,23/3/2026 09:32:16
3128,2022,603737,国外,保电拓新材料控股公司,,,,,,0,0,,,化工原料,化学原料和化学制品制造业,New South Wales,,,NASDAQ,Prime,,0,1,日本,0,0,23/3/2026 09:32:16,23/3/2026 09:32:16
3130,2022,300439,国外,保澜瀚综合开发科技公司,,,,,,0,0,,,生物科技,医药制造业,Ontario,Singapore,,,Main Board,,0,1,日本,0,0,23/3/2026 09:32:16,23/3/2026 09:32:16
3131,2022,603398,国外,润桥智综合开发有限公司,,,,,,0,0,,,文教、工美、体育和娱乐用品制造业,文教、工美、体育和娱乐用品制造业,Bavaria,,,ASX,Prime,,0,1,日本,0,0,23/3/2026 09:32:16,23/3/2026 09:32:16
3142,2022,601858,国外,远课景医药有限公司,,,,,,0,0,,,文化、体育和娱乐业,文化、体育和娱乐业,,New York,,LSE,Standard,,0,1,,0,0,23/3/2026 09:32:16,23/3/2026 09:32:16
3150,2022,603669,国外,启课迈连锁集团公司,,,,,,0,0,,,制药,医药制造业,Bavaria,Sydney,,LSE,NASDAQ Global Select,,0,1,日本,0,0,23/3/2026 09:32:16,23/3/2026 09:32:16
3153,2022,603708,国外,明能航玻璃公司,,,,,,0,0,,,零售业,批发和零售业,Ontario,London,,,,,0,1,,0,0,23/3/2026 09:32:16,23/3/2026 09:32:16
3155,2022,603035,国外,瑞能昌电子控股公司,,,,,,0,0,,,汽车零部件制造业,汽车制造业,Zurich,Frankfurt,,XETRA,NASDAQ Global Select,,0,1,日本,0,0,23/3/2026 09:32:16,23/3/2026 09:32:16
3157,2022,300459,国外,长环启实业科技公司,,,,,,0,0,,,互联网和相关服务,信息传输、软件和信息技术服务业,,Sydney,,XETRA,NASDAQ Global Select,,0,1,,0,0,23/3/2026 09:32:16,23/3/2026 09:32:16
3163,2022,300561,国外,万泽禾综合开发公司,,,,,,0,0,,,软件和信息技术服务,信息传输、软件和信息技术服务业,New South Wales,Singapore,,TSE,Standard,,0,1,新加坡,0,0,23/3/2026 09:32:16,23/3/2026 09:32:16
3166,2022,300556,国外,长阳源新材料发展公司,,,,,,0,0,,,软件和信息技术服务,信息传输、软件和信息技术服务业,California,London,,,Growth,,0,1,新加坡,0,0,23/3/2026 09:32:16,23/3/2026 09:32:16
3167,2022,300538,国外,高阳景城市发展控股公司,,,,,,0,0,,,批发业,批发和零售业,,New York,,SGX,NASDAQ Global Select,,0,1,日本,0,0,23/3/2026 09:32:16,23/3/2026 09:32:16
3168,2022,300551,国外,绿海启金融科技公司,,,,,,0,0,,,其他专用设备制造业,专用设备制造业,California,Toronto,,TSE,NASDAQ Global Select,,0,1,新加坡,0,0,23/3/2026 09:32:16,23/3/2026 09:32:16
3174,2022,300558,国外,盛阳骏电子科技公司,,,,,,0,0,,,制药,医药制造业,Ontario,Toronto,,LSE,Growth,,0,1,日本,0,0,23/3/2026 09:32:16,23/3/2026 09:32:16
3175,2022,300541,国外,华城远连锁有限公司,,,,,,0,0,,,软件和信息技术服务,信息传输、软件和信息技术服务业,Ontario,New York,,ASX,NASDAQ Global Select,,0,1,,0,0,23/3/2026 09:32:16,23/3/2026 09:32:16
3176,2022,2865,国外,比会航建设开发科技公司,,,,,,0,0,,,汽车零部件制造业,汽车制造业,Bavaria,Toronto,,NYSE,,,0,1,新加坡,0,0,23/3/2026 09:32:16,23/3/2026 09:32:16
3177,2022,2836,国外,北环创船舶股份公司,,,,,,0,0,,,印刷和记录媒介复制业,印刷和记录媒介复制业,Ontario,Sydney,,TSX,,,0,1,,0,0,23/3/2026 09:32:16,23/3/2026 09:32:16
3178,2022,2842,国外,冀泽昌能源公司,,,,,,0,0,,,有色金属冶炼和压延加工业,金属冶炼和压延加工业,,Frankfurt,,SGX,,,0,1,日本,0,0,23/3/2026 09:32:16,23/3/2026 09:32:16
3179,2022,2824,国外,碧泽泽电器有限公司,,,,,,0,0,,,有色金属冶炼和压延加工业,金属冶炼和压延加工业,New South Wales,Sydney,,XETRA,Standard,,0,1,,0,0,23/3/2026 09:32:16,23/3/2026 09:32:16
3181,2022,601229,国外,众会创医药有限公司,,,,,,0,0,,,银行,金融业,Zurich,Tokyo,,LSE,,,0,1,新加坡,0,0,23/3/2026 09:32:16,23/3/2026 09:32:16
3184,2022,601128,国外,恒阳昌城市发展集团公司,,,,,,0,0,,,银行,金融业,New South Wales,Singapore,,ASX,Growth,,0,1,,0,0,23/3/2026 09:32:16,23/3/2026 09:32:16
3186,2022,600926,国外,碧泽航环境科技有限公司,,,,,,0,0,,,银行,金融业,Ontario,,,NASDAQ,Main Board,,0,1,新加坡,0,0,23/3/2026 09:32:16,23/3/2026 09:32:16
3189,2022,300458,国外,高课禾综合开发有限公司,,,,,,0,0,,,半导体业,半导体业,Bavaria,Singapore,,LSE,Main Board,,0,1,,0,0,23/3/2026 09:32:16,23/3/2026 09:32:16
3193,2022,2839,国外,联控景建设开发集团公司,,,,,,0,0,,,银行,金融业,,London,,LSE,Standard,,0,1,日本,0,0,23/3/2026 09:32:16,23/3/2026 09:32:16
3194,2022,2807,国外,绿电置水务股份公司,,,,,,0,0,,,银行,金融业,England,Sydney,,TSE,NASDAQ Global Select,,0,1,,0,0,23/3/2026 09:32:16,23/3/2026 09:32:16
3196,2022,300557,国外,十澜锦数据服务集团公司,,,,,,0,0,,,仪器仪表制造业,仪器仪表制造业,Tokyo,Toronto,,,Prime,,0,1,,0,0,23/3/2026 09:32:16,23/3/2026 09:32:16
3199,2022,300623,国外,凯阳拓生物科技有限公司,,,,,,0,0,,,半导体业,半导体业,California,Frankfurt,,LSE,Prime,,0,1,日本,0,0,23/3/2026 09:32:16,23/3/2026 09:32:16
3200,2022,2840,国外,科源瀚财富管理股份公司,,,,,,0,0,,,食品业,食品饮料业,Zurich,New York,,NASDAQ,Prime,,0,1,新加坡,0,0,23/3/2026 09:32:16,23/3/2026 09:32:16
3201,2022,603797,国外,众新源电子控股公司,,,,,,0,0,,,水利、环境和公共设施管理业,水利、环境和公共设施管理业,Bavaria,Singapore,,NASDAQ,,,0,1,,0,0,23/3/2026 09:32:16,23/3/2026 09:32:16
3214,2022,603577,国外,保环锦水电科技公司,,,,,,0,0,,,金属制品业,金属制品业,Tokyo,New York,,,NASDAQ Global Select,,0,1,新加坡,0,0,23/3/2026 09:32:16,23/3/2026 09:32:16
3217,2022,603966,国外,星控骏财富管理科技公司,,,,,,0,0,,,通用设备制造业,通用设备制造业,Bavaria,Sydney,,NYSE,Standard,,0,1,新加坡,0,0,23/3/2026 09:32:16,23/3/2026 09:32:16
3220,2022,603833,国外,绿业景新能源汽车控股公司,,,,,,0,0,,,家具制造业,家具制造业,Bavaria,Sydney,,XETRA,NASDAQ Global Select,,0,1,,0,0,23/3/2026 09:32:16,23/3/2026 09:32:16
3221,2022,300504,国外,万能盛电器股份公司,,,,,,0,0,,,通信传输设备业,通信传输设备业,Zurich,Frankfurt,,TSE,Prime,,0,1,日本,0,0,23/3/2026 09:32:16,23/3/2026 09:32:16
3230,2022,603218,国外,高芯源建设开发股份公司,,,,,,0,0,,,通用设备制造业,通用设备制造业,New South Wales,London,,LSE,Standard,,0,1,日本,0,0,23/3/2026 09:32:16,23/3/2026 09:32:16
3231,2022,2848,国外,众会骏数据服务公司,,,,,,0,0,,,电子元件及设备,消费电子及电气业,,Toronto,,TSX,Growth,,0,1,,0,0,23/3/2026 09:32:16,23/3/2026 09:32:16
3233,2022,603823,国外,花源盛环境科技集团公司,,,,,,0,0,,,化工原料,化学原料和化学制品制造业,,New York,,NASDAQ,Growth,,0,1,,0,0,23/3/2026 09:32:16,23/3/2026 09:32:16
3237,2022,300615,国外,长源智生物科技发展公司,,,,,,0,0,,,通信传输设备业,通信传输设备业,New South Wales,New York,,XETRA,Prime,,0,1,新加坡,0,0,23/3/2026 09:32:16,23/3/2026 09:32:16
3241,2022,2900,国外,比禾盛传媒控股公司,,,,,,0,0,,,制药,医药制造业,California,London,,,Prime,,0,1,新加坡,0,0,23/3/2026 09:32:16,23/3/2026 09:32:16
3243,2022,2886,国外,凯白昌建设开发股份公司,,,,,,0,0,,,塑料制品,橡胶和塑料制品业,New South Wales,,,,,,0,1,,0,0,23/3/2026 09:32:16,23/3/2026 09:32:16
3244,2022,603387,国外,十会骏医药控股公司,,,,,,0,0,,,生物科技,医药制造业,Bavaria,Frankfurt,,XETRA,,,0,1,新加坡,0,0,23/3/2026 09:32:16,23/3/2026 09:32:16
3248,2022,603619,国外,润盈拓建设开发控股公司,,,,,,0,0,,,开发辅助业,采矿业,Bavaria,Toronto,,SGX,Prime,,0,1,新加坡,0,0,23/3/2026 09:32:16,23/3/2026 09:32:16
3250,2022,603880,国外,比海锦水电发展公司,,,,,,0,0,,,医疗保健,医药制造业,Bavaria,Toronto,,LSE,,,0,1,,0,0,23/3/2026 09:32:16,23/3/2026 09:32:16
3255,2022,2879,国外,恒源科医药控股公司,,,,,,0,0,,,光纤电缆制造业,商业电气机械和器材制造业,England,London,,ASX,Main Board,,0,1,新加坡,0,0,23/3/2026 09:32:16,23/3/2026 09:32:16
3261,2022,603711,国外,科车科零售集团公司,,,,,,0,0,,,饮料业,食品饮料业,New South Wales,New York,,XETRA,Growth,,0,1,日本,0,0,23/3/2026 09:32:16,23/3/2026 09:32:16
3262,2022,603767,国外,星会盛置业控股公司,,,,,,0,0,,,汽车零部件制造业,汽车制造业,England,,,LSE,Standard,,0,1,新加坡,0,0,23/3/2026 09:32:16,23/3/2026 09:32:16
3263,2022,603079,国外,润盈盛综合开发控股公司,,,,,,0,0,,,食品业,食品饮料业,Zurich,Frankfurt,,SGX,,,0,1,新加坡,0,0,23/3/2026 09:32:16,23/3/2026 09:32:16
3266,2022,300621,国外,十工远财富管理有限公司,,,,,,0,0,,,建筑装饰,建筑业,New South Wales,Tokyo,,XETRA,Prime,,0,1,日本,0,0,23/3/2026 09:32:16,23/3/2026 09:32:16
3268,2022,300620,国外,星白联化工公司,,,,,,0,0,,,通信传输设备业,通信传输设备业,New South Wales,Tokyo,,TSX,Standard,,0,1,新加坡,0,0,23/3/2026 09:32:16,23/3/2026 09:32:16
3270,2022,300695,国外,比达启综合开发发展公司,,,,,,0,0,,,汽车零部件制造业,汽车制造业,New South Wales,New York,,XETRA,NASDAQ Global Select,,0,1,新加坡,0,0,23/3/2026 09:32:16,23/3/2026 09:32:16
3281,2022,300635,国外,启桥启环境科技发展公司,,,,,,0,0,,,其他科研技术服务,科学研究和技术服务业,Tokyo,Toronto,,NASDAQ,Standard,,0,1,日本,0,0,23/3/2026 09:32:16,23/3/2026 09:32:16
3282,2022,300699,国外,比能置建设开发集团公司,,,,,,0,0,,,化学纤维制造业,化学纤维制造业,,,,LSE,Prime,,0,1,日本,0,0,23/3/2026 09:32:16,23/3/2026 09:32:16
3287,2022,300700,国外,保控智数据服务有限公司,,,,,,0,0,,,其他非金属制品业,非金属矿物制品业,Zurich,London,,NYSE,Prime,,0,1,,0,0,23/3/2026 09:32:16,23/3/2026 09:32:16
3288,2022,603855,国外,物业迈金融股份公司,,,,,,0,0,,,其他专用设备制造业,专用设备制造业,Bavaria,Toronto,,TSE,Main Board,,0,1,日本,0,0,23/3/2026 09:32:16,23/3/2026 09:32:16
3294,2022,300652,国外,招盈骏实业公司,,,,,,0,0,,,汽车零部件制造业,汽车制造业,Zurich,Sydney,,XETRA,Standard,,0,1,日本,0,0,23/3/2026 09:32:16,23/3/2026 09:32:16
3296,2022,601019,国外,万禾启水务集团公司,,,,,,0,0,,,文化、体育和娱乐业,文化、体育和娱乐业,Ontario,London,,ASX,Standard,,0,1,日本,0,0,23/3/2026 09:32:16,23/3/2026 09:32:16
3298,2022,300643,国外,华晋润新材料有限公司,,,,,,0,0,,,汽车零部件制造业,汽车制造业,Tokyo,New York,,XETRA,Prime,,0,1,,0,0,23/3/2026 09:32:16,23/3/2026 09:32:16
3300,2022,300650,国外,科新启贸易控股公司,,,,,,0,0,,,批发业,批发和零售业,Ontario,Frankfurt,,TSX,Main Board,,0,1,,0,0,23/3/2026 09:32:16,23/3/2026 09:32:16
3302,2022,2883,国外,保园置电子集团公司,,,,,,0,0,,,其他科研技术服务,科学研究和技术服务业,Tokyo,Frankfurt,,,Main Board,,0,1,日本,0,0,23/3/2026 09:32:16,23/3/2026 09:32:16
3309,2022,603933,国外,众盈禾批发公司,,,,,,0,0,,,电机制造业,商业电气机械和器材制造业,Zurich,Toronto,,ASX,Prime,,0,1,新加坡,0,0,23/3/2026 09:32:16,23/3/2026 09:32:16
3310,2022,603648,国外,瑞城澜电子发展公司,,,,,,0,0,,,商务服务业,租赁和商务服务业,,New York,,XETRA,NASDAQ Global Select,,0,1,日本,0,0,23/3/2026 09:32:16,23/3/2026 09:32:16
3318,2022,300703,国外,十会骏置业控股公司,,,,,,0,0,,,文教、工美、体育和娱乐用品制造业,文教、工美、体育和娱乐用品制造业,Zurich,London,,NASDAQ,Prime,,0,1,日本,0,0,23/3/2026 09:32:16,23/3/2026 09:32:16
3322,2022,300658,国外,绿晋润房地产开发集团公司,,,,,,0,0,,,纺织鞋服业,纺织鞋服业,Ontario,Frankfurt,,LSE,NASDAQ Global Select,,0,1,,0,0,23/3/2026 09:32:16,23/3/2026 09:32:16
3329,2022,300667,国外,恒晋科贸易科技公司,,,,,,0,0,,,仪器仪表制造业,仪器仪表制造业,Bavaria,London,,LSE,NASDAQ Global Select,,0,1,,0,0,23/3/2026 09:32:16,23/3/2026 09:32:16
3330,2022,300655,国外,科控拓房地产开发控股公司,,,,,,0,0,,,精细化工,化学原料和化学制品制造业,Tokyo,Toronto,,XETRA,Growth,,0,1,新加坡,0,0,23/3/2026 09:32:16,23/3/2026 09:32:16
3333,2022,603326,国外,保会源综合开发有限公司,,,,,,0,0,,,家具制造业,家具制造业,England,New York,,TSX,,,0,1,日本,0,0,23/3/2026 09:32:16,23/3/2026 09:32:16
3336,2022,603458,国外,联桥瀚玻璃科技公司,,,,,,0,0,,,其他科研技术服务,科学研究和技术服务业,Zurich,,,SGX,Prime,,0,1,,0,0,23/3/2026 09:32:16,23/3/2026 09:32:16
3337,2022,603260,国外,远尹启金融集团公司,,,,,,0,0,,,化工原料,化学原料和化学制品制造业,,Sydney,,SGX,NASDAQ Global Select,,0,1,新加坡,0,0,23/3/2026 09:32:16,23/3/2026 09:32:16
3338,2022,601619,国外,招桥润集成电路公司,,,,,,0,0,,,电力热力生产和供应业,电力、热力、燃气及水生产和供应业,,London,,NYSE,Main Board,,0,1,新加坡,0,0,23/3/2026 09:32:16,23/3/2026 09:32:16
3339,2022,2890,国外,万桥航能源科技公司,,,,,,0,0,,,其他专用设备制造业,专用设备制造业,Tokyo,New York,,TSE,Growth,,0,1,,0,0,23/3/2026 09:32:16,23/3/2026 09:32:16
3342,2022,2826,国外,盛晋骏新能源汽车股份公司,,,,,,0,0,,,制药,医药制造业,Ontario,Tokyo,,TSX,Main Board,,0,1,,0,0,23/3/2026 09:32:16,23/3/2026 09:32:16
3344,2022,300671,国外,远通泰贸易公司,,,,,,0,0,,,软件和信息技术服务,信息传输、软件和信息技术服务业,California,Singapore,,ASX,Prime,,0,1,新加坡,0,0,23/3/2026 09:32:16,23/3/2026 09:32:16
3346,2022,603801,国外,北泽置连锁公司,,,,,,0,0,,,家具制造业,家具制造业,,London,,XETRA,Prime,,0,1,,0,0,23/3/2026 09:32:16,23/3/2026 09:32:16
3349,2022,300677,国外,远城源电子发展公司,,,,,,0,0,,,医疗保健,医药制造业,California,Toronto,,SGX,,,0,1,,0,0,23/3/2026 09:32:16,23/3/2026 09:32:16
3351,2022,603106,国外,长通盛财富管理有限公司,,,,,,0,0,,,通用设备制造业,通用设备制造业,England,Toronto,,TSE,NASDAQ Global Select,,0,1,日本,0,0,23/3/2026 09:32:16,23/3/2026 09:32:16
3355,2022,2897,国外,保达盛水务发展公司,,,,,,0,0,,,通信传输设备业,通信传输设备业,New South Wales,New York,,TSE,,,0,1,日本,0,0,23/3/2026 09:32:16,23/3/2026 09:32:16
3356,2022,600901,国外,花业泰房地产开发科技公司,,,,,,0,0,,,多元金融,金融业,England,London,,TSX,,,0,1,日本,0,0,23/3/2026 09:32:16,23/3/2026 09:32:16
3360,2022,2918,国外,冀海源城市发展发展公司,,,,,,0,0,,,陶瓷制品业,非金属矿物制品业,,Toronto,,NASDAQ,Prime,,0,1,新加坡,0,0,23/3/2026 09:32:16,23/3/2026 09:32:16
3361,2022,603113,国外,十园澜水电科技公司,,,,,,0,0,,,石油加工、炼焦和核燃料加工业,石油加工、炼焦和核燃料加工业,England,,,XETRA,,,0,1,日本,0,0,23/3/2026 09:32:16,23/3/2026 09:32:16
3362,2022,603232,国外,绿海昌环境科技控股公司,,,,,,0,0,,,软件和信息技术服务,信息传输、软件和信息技术服务业,New South Wales,London,,,NASDAQ Global Select,,0,1,日本,0,0,23/3/2026 09:32:16,23/3/2026 09:32:16
3364,2022,2919,国外,万城瀚水电集团公司,,,,,,0,0,,,日化产品,化学原料和化学制品制造业,Ontario,Tokyo,,TSE,NASDAQ Global Select,,0,1,新加坡,0,0,23/3/2026 09:32:16,23/3/2026 09:32:16
3366,2022,603917,国外,明阳澜水务发展公司,,,,,,0,0,,,其他专用设备制造业,专用设备制造业,Tokyo,Sydney,,ASX,Growth,,0,1,日本,0,0,23/3/2026 09:32:16,23/3/2026 09:32:16
3367,2022,2903,国外,远控联建筑设计集团公司,,,,,,0,0,,,通用设备制造业,通用设备制造业,New South Wales,,,LSE,Growth,,0,1,,0,0,23/3/2026 09:32:16,23/3/2026 09:32:16
3376,2022,603655,国外,招控智医药科技公司,,,,,,0,0,,,橡胶制品,橡胶和塑料制品业,Zurich,Singapore,,LSE,NASDAQ Global Select,,0,1,,0,0,23/3/2026 09:32:16,23/3/2026 09:32:16
3380,2022,2912,国外,比园澜能源控股公司,,,,,,0,0,,,软件和信息技术服务,信息传输、软件和信息技术服务业,Tokyo,Toronto,,XETRA,Growth,,0,1,,0,0,23/3/2026 09:32:16,23/3/2026 09:32:16
3381,2022,603506,国外,盛课景船舶控股公司,,,,,,0,0,,,物业管理,房地产业,California,,,SGX,Prime,,0,1,日本,0,0,23/3/2026 09:32:16,23/3/2026 09:32:16
3383,2022,300719,国外,远城澜集成电路发展公司,,,,,,0,0,,,航空航天,铁路、船舶、航空航天和其他运输设备制造业,California,Sydney,,NYSE,,,0,1,新加坡,0,0,23/3/2026 09:32:16,23/3/2026 09:32:16
3385,2022,603848,国外,保会锦实业科技公司,,,,,,0,0,,,金属制品业,金属制品业,New South Wales,Toronto,,TSE,NASDAQ Global Select,,0,1,新加坡,0,0,23/3/2026 09:32:16,23/3/2026 09:32:16
3386,2022,2925,国外,恒环昌零售公司,,,,,,0,0,,,电子元件及设备,消费电子及电气业,,Tokyo,,SGX,Growth,,0,1,新加坡,0,0,23/3/2026 09:32:16,23/3/2026 09:32:16
3387,2022,600849,国外,万园瀚传媒股份公司,,,,,,0,0,,,医药生物,,Bavaria,Sydney,,TSE,,,0,1,,0,0,23/3/2026 09:32:16,23/3/2026 09:32:16
3388,2022,603871,国外,花芯瀚电器集团公司,,,,,,0,0,,,邮政业,交通运输、仓储和邮政业,Bavaria,Sydney,,LSE,Growth,,0,1,新加坡,0,0,23/3/2026 09:32:16,23/3/2026 09:32:16
3392,2022,603676,国外,远泽禾环境科技科技公司,,,,,,0,0,,,制药,医药制造业,,Frankfurt,,NYSE,Growth,,0,1,日本,0,0,23/3/2026 09:32:16,23/3/2026 09:32:16
3398,2022,300731,国外,科桥联电器发展公司,,,,,,0,0,,,橡胶制品,橡胶和塑料制品业,California,Tokyo,,TSE,Growth,,0,1,,0,0,23/3/2026 09:32:16,23/3/2026 09:32:16
3399,2022,300727,国外,物晋远实业有限公司,,,,,,0,0,,,精细化工,化学原料和化学制品制造业,New South Wales,,,TSE,Growth,,0,1,新加坡,0,0,23/3/2026 09:32:16,23/3/2026 09:32:16
3400,2022,603337,国外,瑞锦科城市发展有限公司,,,,,,0,0,,,其他专用设备制造业,专用设备制造业,California,Singapore,,NYSE,Growth,,0,1,新加坡,0,0,23/3/2026 09:32:16,23/3/2026 09:32:16
3402,2022,603059,国外,盛课锦电子股份公司,,,,,,0,0,,,日化产品,化学原料和化学制品制造业,England,Sydney,,TSE,Growth,,0,1,新加坡,0,0,23/3/2026 09:32:16,23/3/2026 09:32:16
3404,2022,603991,国外,十新置环境科技控股公司,,,,,,0,0,,,塑料制品,橡胶和塑料制品业,Tokyo,,,SGX,Growth,,0,1,新加坡,0,0,23/3/2026 09:32:16,23/3/2026 09:32:16
3406,2022,603429,国外,十锦锦新材料发展公司,,,,,,0,0,,,印刷和记录媒介复制业,印刷和记录媒介复制业,Ontario,Sydney,,SGX,Growth,,0,1,新加坡,0,0,23/3/2026 09:32:16,23/3/2026 09:32:16
3407,2022,300634,国外,招锦禾新能源汽车控股公司,,,,,,0,0,,,软件和信息技术服务,信息传输、软件和信息技术服务业,Tokyo,Sydney,,,NASDAQ Global Select,,0,1,新加坡,0,0,23/3/2026 09:32:16,23/3/2026 09:32:16
3413,2022,300715,国外,盛通澜化工集团公司,,,,,,0,0,,,其他非金属制品业,非金属矿物制品业,Ontario,New York,,TSX,,,0,1,新加坡,0,0,23/3/2026 09:32:16,23/3/2026 09:32:16
3420,2022,603897,国外,联课润能源有限公司,,,,,,0,0,,,光纤电缆制造业,商业电气机械和器材制造业,England,Tokyo,,NYSE,NASDAQ Global Select,,0,1,新加坡,0,0,23/3/2026 09:32:16,23/3/2026 09:32:16
3425,2022,603596,国外,盛业骏金融公司,,,,,,0,0,,,汽车零部件制造业,汽车制造业,New South Wales,,,NASDAQ,Growth,,0,1,,0,0,23/3/2026 09:32:16,23/3/2026 09:32:16
3429,2022,300673,国外,比白禾医药控股公司,,,,,,0,0,,,食品业,食品饮料业,England,Tokyo,,TSX,Standard,,0,1,,0,0,23/3/2026 09:32:16,23/3/2026 09:32:16
3430,2022,603722,国外,恒盈源软件股份公司,,,,,,0,0,,,精细化工,化学原料和化学制品制造业,Tokyo,Frankfurt,,TSE,Growth,,0,1,新加坡,0,0,23/3/2026 09:32:16,23/3/2026 09:32:16
3432,2022,603685,国外,物电远环境科技公司,,,,,,0,0,,,电子元件及设备,消费电子及电气业,Tokyo,London,,,Main Board,,0,1,新加坡,0,0,23/3/2026 09:32:16,23/3/2026 09:32:16
3434,2022,603136,国外,新澜置综合开发有限公司,,,,,,0,0,,,水利、环境和公共设施管理业,水利、环境和公共设施管理业,Zurich,Sydney,,LSE,NASDAQ Global Select,,0,1,新加坡,0,0,23/3/2026 09:32:16,23/3/2026 09:32:16
3435,2022,2885,国外,长环智医药集团公司,,,,,,0,0,,,电子元件及设备,消费电子及电气业,Bavaria,Tokyo,,ASX,Growth,,0,1,,0,0,23/3/2026 09:32:16,23/3/2026 09:32:16
3437,2022,300693,国外,众阳启传媒集团公司,,,,,,0,0,,,电机制造业,商业电气机械和器材制造业,California,Sydney,,ASX,NASDAQ Global Select,,0,1,新加坡,0,0,23/3/2026 09:32:16,23/3/2026 09:32:16
3438,2022,300706,国外,绿工润电器公司,,,,,,0,0,,,其他制造业,其他制造业,,Toronto,,TSE,Growth,,0,1,日本,0,0,23/3/2026 09:32:16,23/3/2026 09:32:16
3440,2022,2881,国外,招能景水电控股公司,,,,,,0,0,,,通信传输设备业,通信传输设备业,Zurich,Frankfurt,,ASX,Growth,,0,1,,0,0,23/3/2026 09:32:16,23/3/2026 09:32:16
3441,2022,2898,国外,花车联玻璃控股公司,,,,,,0,0,,,制药,医药制造业,Zurich,,,SGX,,,0,1,新加坡,0,0,23/3/2026 09:32:16,23/3/2026 09:32:16
3443,2022,603305,国外,比园拓医药发展公司,,,,,,0,0,,,汽车零部件制造业,汽车制造业,Zurich,Toronto,,TSX,Main Board,,0,1,日本,0,0,23/3/2026 09:32:16,23/3/2026 09:32:16
3444,2022,603595,国外,盛禾骏城市发展股份公司,,,,,,0,0,,,半导体业,半导体业,California,Tokyo,,XETRA,NASDAQ Global Select,,0,1,,0,0,23/3/2026 09:32:16,23/3/2026 09:32:16
3445,2022,300712,国外,联新禾水电有限公司,,,,,,0,0,,,土木工程,建筑业,,Toronto,,TSE,Growth,,0,1,新加坡,0,0,23/3/2026 09:32:16,23/3/2026 09:32:16
3446,2022,2891,国外,花通骏集成电路科技公司,,,,,,0,0,,,食品业,食品饮料业,England,,,TSX,Main Board,,0,1,新加坡,0,0,23/3/2026 09:32:16,23/3/2026 09:32:16
3447,2022,603365,国外,长课泽金融有限公司,,,,,,0,0,,,纺织鞋服业,纺织鞋服业,,New York,,TSX,Growth,,0,1,,0,0,23/3/2026 09:32:16,23/3/2026 09:32:16
3450,2022,300672,国外,恒会源综合开发公司,,,,,,0,0,,,半导体业,半导体业,England,Singapore,,XETRA,,,0,1,,0,0,23/3/2026 09:32:16,23/3/2026 09:32:16
3452,2022,300683,国外,碧工创城市发展控股公司,,,,,,0,0,,,生物科技,医药制造业,California,Singapore,,NASDAQ,Prime,,0,1,新加坡,0,0,23/3/2026 09:32:16,23/3/2026 09:32:16
3460,2022,603076,国外,凯通盛电器股份公司,,,,,,0,0,,,其他专用设备制造业,专用设备制造业,England,Frankfurt,,NYSE,NASDAQ Global Select,,0,1,新加坡,0,0,23/3/2026 09:32:16,23/3/2026 09:32:16
3464,2022,2920,国外,联城创水电有限公司,,,,,,0,0,,,汽车零部件制造业,汽车制造业,California,Singapore,,LSE,NASDAQ Global Select,,0,1,新加坡,0,0,23/3/2026 09:32:16,23/3/2026 09:32:16
3469,2022,603533,国外,保园骏综合开发有限公司,,,,,,0,0,,,互联网和相关服务,信息传输、软件和信息技术服务业,,Tokyo,,,NASDAQ Global Select,,0,1,,0,0,23/3/2026 09:32:16,23/3/2026 09:32:16
3470,2022,300689,国外,润酷创水电集团公司,,,,,,0,0,,,其他制造业,其他制造业,,Sydney,,TSE,Main Board,,0,1,日本,0,0,23/3/2026 09:32:16,23/3/2026 09:32:16
3473,2022,300697,国外,保酷盛医药控股公司,,,,,,0,0,,,有色金属冶炼和压延加工业,金属冶炼和压延加工业,,London,,TSX,Main Board,,0,1,,0,0,23/3/2026 09:32:16,23/3/2026 09:32:16
3476,2022,300692,国外,凯芯拓水务集团公司,,,,,,0,0,,,水利、环境和公共设施管理业,水利、环境和公共设施管理业,,,,NASDAQ,NASDAQ Global Select,,0,1,新加坡,0,0,23/3/2026 09:32:16,23/3/2026 09:32:16
3482,2022,2915,国外,花源瀚电子发展公司,,,,,,0,0,,,化工原料,化学原料和化学制品制造业,,London,,SGX,Prime,,0,1,新加坡,0,0,23/3/2026 09:32:16,23/3/2026 09:32:16
3485,2022,603301,国外,碧达盛新能源汽车控股公司,,,,,,0,0,,,医疗专用设备制造业,专用设备制造业,,Singapore,,ASX,Growth,,0,1,新加坡,0,0,23/3/2026 09:32:16,23/3/2026 09:32:16
3498,2022,300654,国外,凯控远水务有限公司,,,,,,0,0,,,文化、体育和娱乐业,文化、体育和娱乐业,California,Tokyo,,LSE,Standard,,0,1,日本,0,0,23/3/2026 09:32:16,23/3/2026 09:32:16
3499,2022,300705,国外,绿电景房地产开发有限公司,,,,,,0,0,,,制药,医药制造业,Tokyo,Singapore,,NASDAQ,NASDAQ Global Select,,0,1,日本,0,0,23/3/2026 09:32:16,23/3/2026 09:32:16
3505,2022,300721,国外,众园泰玻璃公司,,,,,,0,0,,,精细化工,化学原料和化学制品制造业,Zurich,New York,,,Main Board,,0,1,日本,0,0,23/3/2026 09:32:16,23/3/2026 09:32:16
3506,2022,300716,国外,远工联数据服务科技公司,,,,,,0,0,,,塑料制品,橡胶和塑料制品业,Zurich,New York,,ASX,Standard,,0,1,,0,0,23/3/2026 09:32:16,23/3/2026 09:32:16
3508,2022,603712,国外,盛阳拓建设开发股份公司,,,,,,0,0,,,通信传输设备业,通信传输设备业,Tokyo,New York,,XETRA,Growth,,0,1,,0,0,23/3/2026 09:32:16,23/3/2026 09:32:16
3512,2022,603045,国外,新新智船舶控股公司,,,,,,0,0,,,电机制造业,商业电气机械和器材制造业,Zurich,London,,TSE,Growth,,0,1,,0,0,23/3/2026 09:32:16,23/3/2026 09:32:16
3513,2022,2864,国外,招盈景化工公司,,,,,,0,0,,,制药,医药制造业,Tokyo,Frankfurt,,LSE,Main Board,,0,1,新加坡,0,0,23/3/2026 09:32:16,23/3/2026 09:32:16
3514,2022,2929,国外,北城泰传媒科技公司,,,,,,0,0,,,软件和信息技术服务,信息传输、软件和信息技术服务业,Bavaria,Tokyo,,TSX,Growth,,0,1,新加坡,0,0,23/3/2026 09:32:16,23/3/2026 09:32:16
3515,2022,2930,国外,瑞桥盛环境科技发展公司,,,,,,0,0,,,仓储业,交通运输、仓储和邮政业,California,Frankfurt,,SGX,Prime,,0,1,新加坡,0,0,23/3/2026 09:32:16,23/3/2026 09:32:16
3516,2022,300742,国外,绿课远化工股份公司,,,,,,0,0,,,汽车零部件制造业,汽车制造业,Bavaria,New York,,ASX,Growth,,0,1,日本,0,0,23/3/2026 09:32:16,23/3/2026 09:32:16
3517,2022,300733,国外,星锦盛房地产开发股份公司,,,,,,0,0,,,汽车零部件制造业,汽车制造业,Zurich,Sydney,,LSE,NASDAQ Global Select,,0,1,,0,0,23/3/2026 09:32:16,23/3/2026 09:32:16
3522,2022,603615,国外,高晋润贸易公司,,,,,,0,0,,,塑料制品,橡胶和塑料制品业,Bavaria,,,NASDAQ,NASDAQ Global Select,,0,1,,0,0,23/3/2026 09:32:16,23/3/2026 09:32:16
3523,2022,603920,国外,华达启建设开发发展公司,,,,,,0,0,,,半导体业,半导体业,Tokyo,Sydney,,NASDAQ,Main Board,,0,1,日本,0,0,23/3/2026 09:32:16,23/3/2026 09:32:16
3524,2022,603960,国外,北园景新能源汽车发展公司,,,,,,0,0,,,其他专用设备制造业,专用设备制造业,Ontario,Frankfurt,,SGX,Prime,,0,1,,0,0,23/3/2026 09:32:16,23/3/2026 09:32:16
3525,2022,603586,国外,星通启综合开发股份公司,,,,,,0,0,,,汽车零部件制造业,汽车制造业,California,Sydney,,LSE,Main Board,,0,1,日本,0,0,23/3/2026 09:32:16,23/3/2026 09:32:16
3527,2022,603330,国外,冀晋启房地产开发科技公司,,,,,,0,0,,,精细化工,化学原料和化学制品制造业,Zurich,Toronto,,SGX,Main Board,,0,1,,0,0,23/3/2026 09:32:16,23/3/2026 09:32:16
3528,2022,603680,国外,远控科批发控股公司,,,,,,0,0,,,铁路,铁路、船舶、航空航天和其他运输设备制造业,Bavaria,New York,,NASDAQ,,,0,1,,0,0,23/3/2026 09:32:16,23/3/2026 09:32:16
3530,2022,603787,国外,万晋禾财富管理股份公司,,,,,,0,0,,,其他,铁路、船舶、航空航天和其他运输设备制造业,Tokyo,Singapore,,,Growth,,0,1,新加坡,0,0,23/3/2026 09:32:16,23/3/2026 09:32:16
3532,2022,603536,国外,华晋澜批发股份公司,,,,,,0,0,,,食品业,食品饮料业,England,New York,,ASX,Prime,,0,1,日本,0,0,23/3/2026 09:32:16,23/3/2026 09:32:16
3533,2022,300589,国外,花桥创玻璃有限公司,,,,,,0,0,,,船舶,铁路、船舶、航空航天和其他运输设备制造业,Zurich,London,,ASX,NASDAQ Global Select,,0,1,新加坡,0,0,23/3/2026 09:32:16,23/3/2026 09:32:16
3539,2022,603906,国外,招会智新材料公司,,,,,,0,0,,,精细化工,化学原料和化学制品制造业,Tokyo,Sydney,,ASX,Prime,,0,1,,0,0,23/3/2026 09:32:16,23/3/2026 09:32:16
3546,2022,166,国外,明达澜通信公司,,,,,,0,0,,,证券,金融业,New South Wales,Toronto,,TSE,NASDAQ Global Select,,0,1,新加坡,0,0,23/3/2026 09:32:16,23/3/2026 09:32:16
3547,2022,603138,国外,长阳锦财富管理集团公司,,,,,,0,0,,,软件和信息技术服务,信息传输、软件和信息技术服务业,Tokyo,,,TSE,Growth,,0,1,新加坡,0,0,23/3/2026 09:32:16,23/3/2026 09:32:16
3550,2022,2859,国外,绿禾启玻璃科技公司,,,,,,0,0,,,电子元件及设备,消费电子及电气业,California,Sydney,,TSX,,,0,1,日本,0,0,23/3/2026 09:32:16,23/3/2026 09:32:16
3555,2022,603229,国外,长会禾批发科技公司,,,,,,0,0,,,制药,医药制造业,,Frankfurt,,ASX,Growth,,0,1,日本,0,0,23/3/2026 09:32:16,23/3/2026 09:32:16
3557,2022,300568,国外,花澜景船舶集团公司,,,,,,0,0,,,精细化工,化学原料和化学制品制造业,Bavaria,Toronto,,SGX,Main Board,,0,1,,0,0,23/3/2026 09:32:16,23/3/2026 09:32:16
3560,2022,2774,国外,绿园拓建设开发发展公司,,,,,,0,0,,,通用设备制造业,通用设备制造业,,London,,NYSE,,,0,1,日本,0,0,23/3/2026 09:32:16,23/3/2026 09:32:16
3564,2022,603180,国外,高控迈财富管理公司,,,,,,0,0,,,家具制造业,家具制造业,California,Tokyo,,NASDAQ,Prime,,0,1,新加坡,0,0,23/3/2026 09:32:16,23/3/2026 09:32:16
3565,2022,603058,国外,高澜置环境科技有限公司,,,,,,0,0,,,印刷和记录媒介复制业,印刷和记录媒介复制业,New South Wales,New York,,ASX,Main Board,,0,1,日本,0,0,23/3/2026 09:32:16,23/3/2026 09:32:16
3567,2022,300590,国外,绿泽昌集成电路公司,,,,,,0,0,,,通信传输设备业,通信传输设备业,New South Wales,Sydney,,SGX,,,0,1,,0,0,23/3/2026 09:32:16,23/3/2026 09:32:16
3568,2022,2852,国外,众海锦房地产开发股份公司,,,,,,0,0,,,食品业,食品饮料业,New South Wales,London,,NYSE,Main Board,,0,1,新加坡,0,0,23/3/2026 09:32:16,23/3/2026 09:32:16
3587,2022,2871,国外,绿达源电器股份公司,,,,,,0,0,,,通用设备制造业,通用设备制造业,Bavaria,London,,ASX,NASDAQ Global Select,,0,1,,0,0,23/3/2026 09:32:16,23/3/2026 09:32:16
3589,2022,603127,国外,盛环拓玻璃集团公司,,,,,,0,0,,,医药研发服务,科学研究和技术服务业,Ontario,,,XETRA,NASDAQ Global Select,,0,1,日本,0,0,23/3/2026 09:32:16,23/3/2026 09:32:16
3592,2022,603078,国外,绿工航通信集团公司,,,,,,0,0,,,精细化工,化学原料和化学制品制造业,Zurich,Tokyo,,TSX,Prime,,0,1,新加坡,0,0,23/3/2026 09:32:16,23/3/2026 09:32:16
3593,2022,2869,国外,高澜智传媒集团公司,,,,,,0,0,,,通信传输设备业,通信传输设备业,New South Wales,London,,,,,0,1,,0,0,23/3/2026 09:32:16,23/3/2026 09:32:16
3594,2022,603041,国外,十澜骏通信集团公司,,,,,,0,0,,,精细化工,化学原料和化学制品制造业,Zurich,New York,,TSX,Growth,,0,1,,0,0,23/3/2026 09:32:16,23/3/2026 09:32:16
3601,2022,601952,国外,盛能景城市发展科技公司,,,,,,0,0,,,食品业,食品饮料业,Zurich,New York,,SGX,,,0,1,日本,0,0,23/3/2026 09:32:16,23/3/2026 09:32:16
3603,2022,603717,国外,星达拓零售股份公司,,,,,,0,0,,,土木工程,建筑业,Bavaria,Toronto,,NASDAQ,,,0,1,新加坡,0,0,23/3/2026 09:32:16,23/3/2026 09:32:16
3612,2022,2855,国外,北泽骏城市发展公司,,,,,,0,0,,,智能消费设备,消费电子及电气业,California,,,SGX,Main Board,,0,1,新加坡,0,0,23/3/2026 09:32:16,23/3/2026 09:32:16
3616,2022,300593,国外,明阳拓环境科技公司,,,,,,0,0,,,电机制造业,商业电气机械和器材制造业,Tokyo,London,,TSX,NASDAQ Global Select,,0,1,,0,0,23/3/2026 09:32:16,23/3/2026 09:32:16
3620,2022,603630,国外,北环盛船舶集团公司,,,,,,0,0,,,日化产品,化学原料和化学制品制造业,,,,ASX,Standard,,0,1,日本,0,0,23/3/2026 09:32:16,23/3/2026 09:32:16
3624,2022,805,国外,恒城科建设开发有限公司,,,,,,0,0,,,传媒,,England,Frankfurt,,XETRA,Prime,,0,1,,0,0,23/3/2026 09:32:16,23/3/2026 09:32:16
3626,2022,600065,国外,冀晋启玻璃股份公司,,,,,,0,0,,,化工,,New South Wales,Frankfurt,,ASX,NASDAQ Global Select,,0,1,新加坡,0,0,23/3/2026 09:32:16,23/3/2026 09:32:16
3627,2022,787,国外,保白启船舶公司,,,,,,0,0,,,通信,,Ontario,New York,,LSE,Main Board,,0,1,,0,0,23/3/2026 09:32:16,23/3/2026 09:32:16
3628,2022,601228,国外,碧芯迈财富管理有限公司,,,,,,0,0,,,水路交通运输业,交通运输、仓储和邮政业,Ontario,Toronto,,TSX,NASDAQ Global Select,,0,1,,0,0,23/3/2026 09:32:16,23/3/2026 09:32:16
3629,2022,603038,国外,高课润新能源汽车发展公司,,,,,,0,0,,,其他制造业,其他制造业,England,Sydney,,TSX,Prime,,0,1,,0,0,23/3/2026 09:32:16,23/3/2026 09:32:16
3630,2022,603677,国外,高业联集成电路科技公司,,,,,,0,0,,,电子元件及设备,消费电子及电气业,,Frankfurt,,,Prime,,0,1,日本,0,0,23/3/2026 09:32:16,23/3/2026 09:32:16
3637,2022,603037,国外,北园润贸易公司,,,,,,0,0,,,汽车零部件制造业,汽车制造业,Bavaria,New York,,TSE,,,0,1,日本,0,0,23/3/2026 09:32:16,23/3/2026 09:32:16
3641,2022,2850,国外,润工昌水务科技公司,,,,,,0,0,,,金属制品业,金属制品业,England,New York,,LSE,NASDAQ Global Select,,0,1,新加坡,0,0,23/3/2026 09:32:16,23/3/2026 09:32:16
3642,2022,2861,国外,长禾景医药股份公司,,,,,,0,0,,,电子元件及设备,消费电子及电气业,Tokyo,London,,SGX,NASDAQ Global Select,,0,1,日本,0,0,23/3/2026 09:32:16,23/3/2026 09:32:16
3646,2022,300580,国外,远课智综合开发控股公司,,,,,,0,0,,,汽车零部件制造业,汽车制造业,,Frankfurt,,LSE,Standard,,0,1,日本,0,0,23/3/2026 09:32:16,23/3/2026 09:32:16
3649,2022,300578,国外,瑞工远房地产开发控股公司,,,,,,0,0,,,软件和信息技术服务,信息传输、软件和信息技术服务业,Ontario,Sydney,,NASDAQ,Standard,,0,1,日本,0,0,23/3/2026 09:32:16,23/3/2026 09:32:16
3653,2022,603165,国外,启晋拓零售发展公司,,,,,,0,0,,,造纸和纸制品业,造纸和纸制品业,Ontario,Sydney,,XETRA,Standard,,0,1,,0,0,23/3/2026 09:32:16,23/3/2026 09:32:16
3654,2022,603839,国外,科禾泰电器有限公司,,,,,,0,0,,,纺织鞋服业,纺织鞋服业,Ontario,Toronto,,ASX,Standard,,0,1,,0,0,23/3/2026 09:32:16,23/3/2026 09:32:16
3655,2022,603360,国外,花园盛批发集团公司,,,,,,0,0,,,精细化工,化学原料和化学制品制造业,,Sydney,,,Main Board,,0,1,日本,0,0,23/3/2026 09:32:16,23/3/2026 09:32:16
3656,2022,601375,国外,绿环锦集成电路发展公司,,,,,,0,0,,,证券,金融业,England,London,,SGX,Standard,,0,1,日本,0,0,23/3/2026 09:32:16,23/3/2026 09:32:16
3657,2022,300675,国外,润新创玻璃集团公司,,,,,,0,0,,,其他科研技术服务,科学研究和技术服务业,Tokyo,Singapore,,SGX,Standard,,0,1,,0,0,23/3/2026 09:32:16,23/3/2026 09:32:16
3664,2022,300645,国外,高澜润连锁科技公司,,,,,,0,0,,,软件和信息技术服务,信息传输、软件和信息技术服务业,Bavaria,London,,NYSE,,,0,1,新加坡,0,0,23/3/2026 09:32:16,23/3/2026 09:32:16
3665,2022,300610,国外,冀园昌金融股份公司,,,,,,0,0,,,精细化工,化学原料和化学制品制造业,Bavaria,,,XETRA,,,0,1,新加坡,0,0,23/3/2026 09:32:16,23/3/2026 09:32:16
3667,2022,300595,国外,瑞会盛电子有限公司,,,,,,0,0,,,医疗专用设备制造业,专用设备制造业,Tokyo,,,TSE,Growth,,0,1,新加坡,0,0,23/3/2026 09:32:16,23/3/2026 09:32:16
3672,2022,603331,国外,瑞锦置通信股份公司,,,,,,0,0,,,通用设备制造业,通用设备制造业,Zurich,New York,,LSE,NASDAQ Global Select,,0,1,新加坡,0,0,23/3/2026 09:32:16,23/3/2026 09:32:16
3673,2022,603856,国外,绿控源建设开发控股公司,,,,,,0,0,,,塑料制品,橡胶和塑料制品业,Tokyo,Tokyo,,ASX,Prime,,0,1,,0,0,23/3/2026 09:32:16,23/3/2026 09:32:16
