id,year,bmCode,companyType,bmCompanyName,completedDate,listingDate,delistingDate,industryId,secondIndustryId,firstClassificationId,secondClassificationId,secondClassification,firstClassification,secondIndustry,industry,province,city,area,exchange,plate,ownership,multipleList,isResult,country,isDelete,companyStatusType,createTime,updateTime
1,2022,1,国外,碧通创置业公司,,,,,,0,0,,,银行,金融业,Zurich,Sydney,,LSE,,,0,1,美国,0,0,23/3/2026 09:32:16,23/3/2026 09:32:16
7,2022,7,国外,万锦泽房地产开发集团公司,,,,,,0,0,,,商业地产,房地产业,New South Wales,New York,,NASDAQ,NASDAQ Global Select,,0,1,加拿大,0,0,23/3/2026 09:32:16,23/3/2026 09:32:16
9,2022,9,国外,凯禾创贸易发展公司,,,,,,0,0,,,综合,综合,California,Frankfurt,,XETRA,NASDAQ Global Select,,0,1,加拿大,0,0,23/3/2026 09:32:16,23/3/2026 09:32:16
13,2022,12,国外,十晋泽传媒集团公司,,,,,,0,0,,,玻璃制品业,非金属矿物制品业,New South Wales,Tokyo,,NASDAQ,Standard,,0,1,加拿大,0,0,23/3/2026 09:32:16,23/3/2026 09:32:16
20,2022,18,国外,明澜联金融控股公司,,,,,,0,0,,,建筑装饰,,England,Toronto,,NASDAQ,Standard,,0,1,加拿大,0,0,23/3/2026 09:32:16,23/3/2026 09:32:16
39,2022,29,国外,长达科软件公司,,,,,,0,0,,,物业管理,房地产业,New South Wales,New York,,LSE,Standard,,0,1,加拿大,0,0,23/3/2026 09:32:16,23/3/2026 09:32:16
46,2022,34,国外,比控盛连锁科技公司,,,,,,0,0,,,物业管理,房地产业,England,Tokyo,,NYSE,Standard,,0,1,美国,0,0,23/3/2026 09:32:16,23/3/2026 09:32:16
50,2022,200037,国外,新环科数据服务集团公司,,,,,,0,0,,,公用事业,,Bavaria,Tokyo,,TSE,,,0,1,美国,0,0,23/3/2026 09:32:16,23/3/2026 09:32:16
52,2022,39,国外,众芯迈环境科技发展公司,,,,,,0,0,,,零售业,批发和零售业,Ontario,Singapore,,TSX,Main Board,,0,1,加拿大,0,0,23/3/2026 09:32:16,23/3/2026 09:32:16
62,2022,50,国外,恒锦锦新能源汽车科技公司,,,,,,0,0,,,电子元件及设备,消费电子及电气业,Tokyo,Toronto,,XETRA,Growth,,0,1,美国,0,0,23/3/2026 09:32:16,23/3/2026 09:32:16
63,2022,55,国外,冀尹创新材料集团公司,,,,,,0,0,,,金属制品业,金属制品业,New South Wales,Singapore,,SGX,,,0,1,美国,0,0,23/3/2026 09:32:16,23/3/2026 09:32:16
67,2022,58,国外,盛阳源电器发展公司,,,,,,0,0,,,商务服务业,租赁和商务服务业,Ontario,New York,,LSE,Main Board,,0,1,美国,0,0,23/3/2026 09:32:16,23/3/2026 09:32:16
69,2022,59,国外,绿通迈化工有限公司,,,,,,0,0,,,石油加工、炼焦和核燃料加工业,石油加工、炼焦和核燃料加工业,Zurich,Sydney,,XETRA,Growth,,0,1,美国,0,0,23/3/2026 09:32:16,23/3/2026 09:32:16
72,2022,62,国外,润控科贸易科技公司,,,,,,0,0,,,批发业,批发和零售业,Tokyo,Sydney,,LSE,Standard,,0,1,加拿大,0,0,23/3/2026 09:32:16,23/3/2026 09:32:16
74,2022,65,国外,花海源化工科技公司,,,,,,0,0,,,煤炭开采业,采矿业,Tokyo,,,NASDAQ,NASDAQ Global Select,,0,1,美国,0,0,23/3/2026 09:32:16,23/3/2026 09:32:16
82,2022,90,国外,冀盈盛建筑设计股份公司,,,,,,0,0,,,电力热力生产和供应业,电力、热力、燃气及水生产和供应业,,Tokyo,,NASDAQ,Standard,,0,1,加拿大,0,0,23/3/2026 09:32:16,23/3/2026 09:32:16
87,2022,151,国外,万桥盛贸易发展公司,,,,,,0,0,,,批发业,批发和零售业,England,Sydney,,TSX,NASDAQ Global Select,,0,1,美国,0,0,23/3/2026 09:32:16,23/3/2026 09:32:16
96,2022,401,国外,明工锦水电股份公司,,,,,,0,0,,,医疗保健,医药制造业,Zurich,Toronto,,NYSE,Main Board,,0,1,美国,0,0,23/3/2026 09:32:16,23/3/2026 09:32:16
98,2022,403,国外,十桥泽财富管理发展公司,,,,,,0,0,,,印刷和记录媒介复制业,印刷和记录媒介复制业,New South Wales,New York,,TSX,Standard,,0,1,加拿大,0,0,23/3/2026 09:32:16,23/3/2026 09:32:16
99,2022,404,国外,招控置实业发展公司,,,,,,0,0,,,通用设备制造业,通用设备制造业,Tokyo,Frankfurt,,ASX,,,0,1,加拿大,0,0,23/3/2026 09:32:16,23/3/2026 09:32:16
101,2022,408,国外,长新联新能源汽车有限公司,,,,,,0,0,,,化工原料,化学原料和化学制品制造业,Bavaria,,,NYSE,,,0,1,美国,0,0,23/3/2026 09:32:16,23/3/2026 09:32:16
102,2022,409,国外,十尹锦财富管理控股公司,,,,,,0,0,,,软件和信息技术服务,信息传输、软件和信息技术服务业,England,Frankfurt,,LSE,Main Board,,0,1,加拿大,0,0,23/3/2026 09:32:16,23/3/2026 09:32:16
103,2022,410,国外,冀盈科集成电路公司,,,,,,0,0,,,商业地产,房地产业,England,Sydney,,NASDAQ,,,0,1,加拿大,0,0,23/3/2026 09:32:16,23/3/2026 09:32:16
104,2022,411,国外,科会源连锁公司,,,,,,0,0,,,食品业,食品饮料业,New South Wales,,,NASDAQ,Standard,,0,1,加拿大,0,0,23/3/2026 09:32:16,23/3/2026 09:32:16
105,2022,413,国外,润锦盛电器有限公司,,,,,,0,0,,,电子元件及设备,消费电子及电气业,California,New York,,ASX,Standard,,0,1,美国,0,0,23/3/2026 09:32:16,23/3/2026 09:32:16
112,2022,419,国外,瑞通科医药股份公司,,,,,,0,0,,,商务服务业,租赁和商务服务业,Tokyo,Toronto,,TSE,Growth,,0,1,美国,0,0,23/3/2026 09:32:16,23/3/2026 09:32:16
114,2022,421,国外,远芯昌金融公司,,,,,,0,0,,,燃气生产和供应业,电力、热力、燃气及水生产和供应业,Bavaria,London,,ASX,NASDAQ Global Select,,0,1,加拿大,0,0,23/3/2026 09:32:16,23/3/2026 09:32:16
117,2022,425,国外,冀海锦城市发展控股公司,,,,,,0,0,,,汽车零部件制造业,汽车制造业,Tokyo,Sydney,,XETRA,,,0,1,美国,0,0,23/3/2026 09:32:16,23/3/2026 09:32:16
119,2022,428,国外,凯业拓城市发展控股公司,,,,,,0,0,,,多元金融,金融业,Bavaria,Singapore,,NYSE,Main Board,,0,1,美国,0,0,23/3/2026 09:32:16,23/3/2026 09:32:16
124,2022,200488,国外,北白泽金融发展公司,,,,,,0,0,,,轻工制造,,Tokyo,,,,Growth,,0,1,加拿大,0,0,23/3/2026 09:32:16,23/3/2026 09:32:16
139,2022,514,国外,万尹置实业科技公司,,,,,,0,0,,,住宅,房地产业,England,,,XETRA,Standard,,0,1,加拿大,0,0,23/3/2026 09:32:16,23/3/2026 09:32:16
149,2022,523,国外,冀晋昌连锁控股公司,,,,,,0,0,,,日化产品,化学原料和化学制品制造业,Zurich,Tokyo,,NASDAQ,Main Board,,0,1,加拿大,0,0,23/3/2026 09:32:16,23/3/2026 09:32:16
151,2022,525,国外,北澜泽传媒公司,,,,,,0,0,,,陆路交通运输业,交通运输、仓储和邮政业,Bavaria,Tokyo,,ASX,,,0,1,美国,0,0,23/3/2026 09:32:16,23/3/2026 09:32:16
156,2022,530,国外,科盈远建设开发公司,,,,,,0,0,,,通用设备制造业,通用设备制造业,California,Frankfurt,,TSX,Main Board,,0,1,加拿大,0,0,23/3/2026 09:32:16,23/3/2026 09:32:16
160,2022,533,国外,明会智房地产开发集团公司,,,,,,0,0,,,电机制造业,商业电气机械和器材制造业,Bavaria,,,SGX,Main Board,,0,1,美国,0,0,23/3/2026 09:32:16,23/3/2026 09:32:16
168,2022,541,国外,万城盛房地产开发有限公司,,,,,,0,0,,,电子元件及设备,消费电子及电气业,England,Toronto,,TSE,Standard,,0,1,加拿大,0,0,23/3/2026 09:32:16,23/3/2026 09:32:16
176,2022,549,国外,碧源拓贸易科技公司,,,,,,0,0,,,交运设备,,Tokyo,Sydney,,TSE,,,0,1,美国,0,0,23/3/2026 09:32:16,23/3/2026 09:32:16
179,2022,551,国外,远通拓水务控股公司,,,,,,0,0,,,综合,综合,Zurich,Singapore,,XETRA,Growth,,0,1,美国,0,0,23/3/2026 09:32:16,23/3/2026 09:32:16
187,2022,559,国外,十控润化工股份公司,,,,,,0,0,,,汽车零部件制造业,汽车制造业,California,Toronto,,TSE,Growth,,0,1,美国,0,0,23/3/2026 09:32:16,23/3/2026 09:32:16
203,2022,576,国外,凯尹启医药发展公司,,,,,,0,0,,,食品业,食品饮料业,New South Wales,Frankfurt,,TSX,Growth,,0,1,美国,0,0,23/3/2026 09:32:16,23/3/2026 09:32:16
208,2022,584,国外,新白润船舶有限公司,,,,,,0,0,,,其他专用设备制造业,专用设备制造业,Tokyo,London,,NYSE,Standard,,0,1,美国,0,0,23/3/2026 09:32:16,23/3/2026 09:32:16
219,2022,596,国外,明控盛环境科技集团公司,,,,,,0,0,,,酒业,食品饮料业,California,Tokyo,,,NASDAQ Global Select,,0,1,加拿大,0,0,23/3/2026 09:32:16,23/3/2026 09:32:16
220,2022,200596,国外,物源航金融发展公司,,,,,,0,0,,,食品饮料,,Ontario,Toronto,,,Main Board,,0,1,加拿大,0,0,23/3/2026 09:32:16,23/3/2026 09:32:16
234,2022,611,国外,润会盛电子股份公司,,,,,,0,0,,,电力热力生产和供应业,电力、热力、燃气及水生产和供应业,New South Wales,,,LSE,,,0,1,美国,0,0,23/3/2026 09:32:16,23/3/2026 09:32:16
236,2022,613,国外,凯城源财富管理科技公司,,,,,,0,0,,,休闲服务,,Bavaria,Toronto,,NYSE,,,0,1,加拿大,0,0,23/3/2026 09:32:16,23/3/2026 09:32:16
243,2022,622,国外,瑞业远金融科技公司,,,,,,0,0,,,其他专用设备制造业,专用设备制造业,England,Frankfurt,,,NASDAQ Global Select,,0,1,加拿大,0,0,23/3/2026 09:32:16,23/3/2026 09:32:16
251,2022,630,国外,比尹昌实业集团公司,,,,,,0,0,,,有色金属冶炼和压延加工业,金属冶炼和压延加工业,Tokyo,Singapore,,TSE,Standard,,0,1,加拿大,0,0,23/3/2026 09:32:16,23/3/2026 09:32:16
254,2022,633,国外,恒能泽建筑设计集团公司,,,,,,0,0,,,有色金属冶炼和压延加工业,金属冶炼和压延加工业,Zurich,Toronto,,XETRA,NASDAQ Global Select,,0,1,美国,0,0,23/3/2026 09:32:16,23/3/2026 09:32:16
259,2022,639,国外,瑞海泽零售科技公司,,,,,,0,0,,,食品业,食品饮料业,Zurich,New York,,NASDAQ,,,0,1,美国,0,0,23/3/2026 09:32:16,23/3/2026 09:32:16
263,2022,655,国外,新尹创能源股份公司,,,,,,0,0,,,黑色金属开采业,采矿业,England,Tokyo,,LSE,Main Board,,0,1,加拿大,0,0,23/3/2026 09:32:16,23/3/2026 09:32:16
264,2022,656,国外,启车骏新能源汽车股份公司,,,,,,0,0,,,住宅,房地产业,Tokyo,Toronto,,XETRA,Prime,,0,1,加拿大,0,0,23/3/2026 09:32:16,23/3/2026 09:32:16
269,2022,663,国外,比阳景连锁集团公司,,,,,,0,0,,,家具制造业,家具制造业,Zurich,London,,NASDAQ,,,0,1,美国,0,0,23/3/2026 09:32:16,23/3/2026 09:32:16
274,2022,669,国外,招能智环境科技控股公司,,,,,,0,0,,,燃气生产和供应业,电力、热力、燃气及水生产和供应业,Tokyo,,,LSE,,,0,1,加拿大,0,0,23/3/2026 09:32:16,23/3/2026 09:32:16
276,2022,671,国外,瑞白景连锁发展公司,,,,,,0,0,,,住宅,房地产业,Ontario,Frankfurt,,LSE,Growth,,0,1,加拿大,0,0,23/3/2026 09:32:16,23/3/2026 09:32:16
277,2022,672,国外,远课禾数据服务股份公司,,,,,,0,0,,,水泥制品业,非金属矿物制品业,Bavaria,New York,,LSE,,,0,1,加拿大,0,0,23/3/2026 09:32:16,23/3/2026 09:32:16
279,2022,676,国外,招桥创化工科技公司,,,,,,0,0,,,互联网和相关服务,信息传输、软件和信息技术服务业,Tokyo,Tokyo,,SGX,Growth,,0,1,美国,0,0,23/3/2026 09:32:16,23/3/2026 09:32:16
286,2022,683,国外,远海联新能源汽车集团公司,,,,,,0,0,,,化工原料,化学原料和化学制品制造业,Ontario,London,,ASX,Prime,,0,1,美国,0,0,23/3/2026 09:32:16,23/3/2026 09:32:16
294,2022,693,国外,科桥泽化工有限公司,,,,,,0,0,,,有色金属,,California,New York,,NYSE,Growth,,0,1,加拿大,0,0,23/3/2026 09:32:16,23/3/2026 09:32:16
304,2022,707,国外,润会创新材料公司,,,,,,0,0,,,化工原料,化学原料和化学制品制造业,California,Toronto,,NASDAQ,Growth,,0,1,美国,0,0,23/3/2026 09:32:16,23/3/2026 09:32:16
314,2022,718,国外,花白智传媒科技公司,,,,,,0,0,,,住宅,房地产业,Zurich,Sydney,,NYSE,Prime,,0,1,美国,0,0,23/3/2026 09:32:16,23/3/2026 09:32:16
319,2022,723,国外,花源盛生物科技有限公司,,,,,,0,0,,,石油加工、炼焦和核燃料加工业,石油加工、炼焦和核燃料加工业,New South Wales,Frankfurt,,NYSE,Growth,,0,1,加拿大,0,0,23/3/2026 09:32:16,23/3/2026 09:32:16
320,2022,725,国外,物晋泽金融控股公司,,,,,,0,0,,,电子元件及设备,消费电子及电气业,Tokyo,Sydney,,,,,0,1,美国,0,0,23/3/2026 09:32:16,23/3/2026 09:32:16
321,2022,200725,国外,远禾澜新能源汽车集团公司,,,,,,0,0,,,电子,,Ontario,Tokyo,,,,,0,1,加拿大,0,0,23/3/2026 09:32:16,23/3/2026 09:32:16
322,2022,726,国外,联锦禾新材料公司,,,,,,0,0,,,纺织鞋服业,纺织鞋服业,England,Toronto,,XETRA,,,0,1,加拿大,0,0,23/3/2026 09:32:16,23/3/2026 09:32:16
327,2022,731,国外,北新景环境科技公司,,,,,,0,0,,,化肥,化学原料和化学制品制造业,California,London,,,Growth,,0,1,加拿大,0,0,23/3/2026 09:32:16,23/3/2026 09:32:16
328,2022,732,国外,润新创化工集团公司,,,,,,0,0,,,住宅,房地产业,,Singapore,,NYSE,Growth,,0,1,加拿大,0,0,23/3/2026 09:32:16,23/3/2026 09:32:16
329,2022,733,国外,保环润水务控股公司,,,,,,0,0,,,半导体业,半导体业,,Tokyo,,NYSE,Standard,,0,1,加拿大,0,0,23/3/2026 09:32:16,23/3/2026 09:32:16
331,2022,736,国外,万澜瀚水电股份公司,,,,,,0,0,,,住宅,房地产业,Tokyo,Toronto,,NYSE,NASDAQ Global Select,,0,1,加拿大,0,0,23/3/2026 09:32:16,23/3/2026 09:32:16
333,2022,738,国外,高白澜集成电路股份公司,,,,,,0,0,,,航空航天,铁路、船舶、航空航天和其他运输设备制造业,,Toronto,,NASDAQ,Standard,,0,1,美国,0,0,23/3/2026 09:32:16,23/3/2026 09:32:16
342,2022,757,国外,启新拓实业有限公司,,,,,,0,0,,,零售业,批发和零售业,California,,,,Standard,,0,1,加拿大,0,0,23/3/2026 09:32:16,23/3/2026 09:32:16
346,2022,761,国外,恒酷联电器股份公司,,,,,,0,0,,,黑色金属冶炼和压延加工业,金属冶炼和压延加工业,New South Wales,Singapore,,TSX,Standard,,0,1,美国,0,0,23/3/2026 09:32:16,23/3/2026 09:32:16
352,2022,776,国外,碧酷源环境科技股份公司,,,,,,0,0,,,证券,金融业,New South Wales,London,,NYSE,Main Board,,0,1,美国,0,0,23/3/2026 09:32:16,23/3/2026 09:32:16
354,2022,778,国外,招会盛传媒发展公司,,,,,,0,0,,,金属制品业,金属制品业,Tokyo,Toronto,,SGX,Growth,,0,1,加拿大,0,0,23/3/2026 09:32:16,23/3/2026 09:32:16
359,2022,785,国外,瑞海智能源科技公司,,,,,,0,0,,,零售业,批发和零售业,Ontario,Singapore,,SGX,,,0,1,美国,0,0,23/3/2026 09:32:16,23/3/2026 09:32:16
361,2022,788,国外,长达源医药发展公司,,,,,,0,0,,,医疗保健,医药制造业,Ontario,London,,LSE,Main Board,,0,1,加拿大,0,0,23/3/2026 09:32:16,23/3/2026 09:32:16
362,2022,789,国外,瑞车创贸易发展公司,,,,,,0,0,,,水泥制品业,非金属矿物制品业,New South Wales,London,,TSX,Prime,,0,1,加拿大,0,0,23/3/2026 09:32:16,23/3/2026 09:32:16
366,2022,793,国外,星泽景置业科技公司,,,,,,0,0,,,文化、体育和娱乐业,文化、体育和娱乐业,Tokyo,New York,,TSE,,,0,1,加拿大,0,0,23/3/2026 09:32:16,23/3/2026 09:32:16
368,2022,796,国外,十阳创软件发展公司,,,,,,0,0,,,商务服务业,租赁和商务服务业,New South Wales,Tokyo,,SGX,,,0,1,加拿大,0,0,23/3/2026 09:32:16,23/3/2026 09:32:16
373,2022,801,国外,花环启建筑设计发展公司,,,,,,0,0,,,智能消费设备,消费电子及电气业,England,London,,,Main Board,,0,1,加拿大,0,0,23/3/2026 09:32:16,23/3/2026 09:32:16
383,2022,815,国外,联禾科医药集团公司,,,,,,0,0,,,造纸和纸制品业,造纸和纸制品业,Tokyo,Sydney,,,,,0,1,美国,0,0,23/3/2026 09:32:16,23/3/2026 09:32:16
384,2022,816,国外,恒尹置传媒股份公司,,,,,,0,0,,,通用设备制造业,通用设备制造业,New South Wales,New York,,TSE,NASDAQ Global Select,,0,1,美国,0,0,23/3/2026 09:32:16,23/3/2026 09:32:16
390,2022,823,国外,新电禾批发公司,,,,,,0,0,,,半导体业,半导体业,Bavaria,Toronto,,NYSE,,,0,1,美国,0,0,23/3/2026 09:32:16,23/3/2026 09:32:16
403,2022,848,国外,碧阳泽生物科技集团公司,,,,,,0,0,,,饮料业,食品饮料业,Tokyo,Toronto,,ASX,Prime,,0,1,加拿大,0,0,23/3/2026 09:32:16,23/3/2026 09:32:16
407,2022,856,国外,比澜盛软件集团公司,,,,,,0,0,,,其他专用设备制造业,专用设备制造业,,New York,,NYSE,Growth,,0,1,美国,0,0,23/3/2026 09:32:16,23/3/2026 09:32:16
408,2022,858,国外,高能源医药股份公司,,,,,,0,0,,,酒业,食品饮料业,Ontario,Tokyo,,NYSE,NASDAQ Global Select,,0,1,美国,0,0,23/3/2026 09:32:16,23/3/2026 09:32:16
410,2022,860,国外,联海科新材料集团公司,,,,,,0,0,,,酒业,食品饮料业,New South Wales,,,ASX,NASDAQ Global Select,,0,1,美国,0,0,23/3/2026 09:32:16,23/3/2026 09:32:16
411,2022,861,国外,花环置水电控股公司,,,,,,0,0,,,租赁业,租赁和商务服务业,Zurich,New York,,TSE,NASDAQ Global Select,,0,1,美国,0,0,23/3/2026 09:32:16,23/3/2026 09:32:16
415,2022,869,国外,长阳创水电集团公司,,,,,,0,0,,,酒业,食品饮料业,California,London,,XETRA,Prime,,0,1,加拿大,0,0,23/3/2026 09:32:16,23/3/2026 09:32:16
440,2022,902,国外,远锦远能源有限公司,,,,,,0,0,,,化肥,化学原料和化学制品制造业,New South Wales,New York,,,Standard,,0,1,美国,0,0,23/3/2026 09:32:16,23/3/2026 09:32:16
442,2022,905,国外,联会航新能源汽车有限公司,,,,,,0,0,,,水路交通运输业,交通运输、仓储和邮政业,,Tokyo,,NASDAQ,Standard,,0,1,加拿大,0,0,23/3/2026 09:32:16,23/3/2026 09:32:16
445,2022,909,国外,华会润通信公司,,,,,,0,0,,,住宅,房地产业,New South Wales,,,LSE,NASDAQ Global Select,,0,1,加拿大,0,0,23/3/2026 09:32:16,23/3/2026 09:32:16
446,2022,910,国外,星阳昌通信股份公司,,,,,,0,0,,,木材加工和木、竹、藤、棕、草制品业,木材加工和木、竹、藤、棕、草制品业,England,Sydney,,,,,0,1,加拿大,0,0,23/3/2026 09:32:16,23/3/2026 09:32:16
453,2022,918,国外,高禾迈连锁有限公司,,,,,,0,0,,,住宅,房地产业,,Toronto,,TSE,NASDAQ Global Select,,0,1,美国,0,0,23/3/2026 09:32:16,23/3/2026 09:32:16
457,2022,922,国外,瑞酷联化工科技公司,,,,,,0,0,,,其他专用设备制造业,专用设备制造业,Zurich,New York,,TSE,Standard,,0,1,美国,0,0,23/3/2026 09:32:16,23/3/2026 09:32:16
460,2022,926,国外,新芯泽通信集团公司,,,,,,0,0,,,住宅,房地产业,Ontario,Toronto,,TSX,NASDAQ Global Select,,0,1,美国,0,0,23/3/2026 09:32:16,23/3/2026 09:32:16
461,2022,927,国外,瑞海润综合开发控股公司,,,,,,0,0,,,批发业,批发和零售业,Ontario,Singapore,,LSE,Growth,,0,1,美国,0,0,23/3/2026 09:32:16,23/3/2026 09:32:16
471,2022,938,国外,物工智综合开发公司,,,,,,0,0,,,通信传输设备业,通信传输设备业,Tokyo,Tokyo,,NASDAQ,,,0,1,美国,0,0,23/3/2026 09:32:16,23/3/2026 09:32:16
475,2022,950,国外,绿工润建设开发有限公司,,,,,,0,0,,,批发业,批发和零售业,California,London,,NASDAQ,NASDAQ Global Select,,0,1,加拿大,0,0,23/3/2026 09:32:16,23/3/2026 09:32:16
482,2022,959,国外,物课联化工发展公司,,,,,,0,0,,,黑色金属冶炼和压延加工业,金属冶炼和压延加工业,Ontario,,,ASX,Prime,,0,1,美国,0,0,23/3/2026 09:32:16,23/3/2026 09:32:16
483,2022,960,国外,科尹远置业有限公司,,,,,,0,0,,,有色金属冶炼和压延加工业,金属冶炼和压延加工业,Bavaria,,,TSE,Standard,,0,1,加拿大,0,0,23/3/2026 09:32:16,23/3/2026 09:32:16
485,2022,962,国外,招控盛建设开发控股公司,,,,,,0,0,,,有色金属冶炼和压延加工业,金属冶炼和压延加工业,Tokyo,Singapore,,XETRA,Growth,,0,1,美国,0,0,23/3/2026 09:32:16,23/3/2026 09:32:16
488,2022,966,国外,高能源通信控股公司,,,,,,0,0,,,电力热力生产和供应业,电力、热力、燃气及水生产和供应业,Zurich,Toronto,,XETRA,Growth,,0,1,美国,0,0,23/3/2026 09:32:16,23/3/2026 09:32:16
492,2022,970,国外,盛课远能源公司,,,,,,0,0,,,其他非金属制品业,非金属矿物制品业,Bavaria,Frankfurt,,SGX,Standard,,0,1,美国,0,0,23/3/2026 09:32:16,23/3/2026 09:32:16
493,2022,971,国外,瑞盈源医药控股公司,,,,,,0,0,,,软件和信息技术服务,信息传输、软件和信息技术服务业,,New York,,SGX,Growth,,0,1,加拿大,0,0,23/3/2026 09:32:16,23/3/2026 09:32:16
495,2022,973,国外,盛课禾连锁公司,,,,,,0,0,,,塑料制品,橡胶和塑料制品业,Bavaria,New York,,TSE,NASDAQ Global Select,,0,1,加拿大,0,0,23/3/2026 09:32:16,23/3/2026 09:32:16
496,2022,975,国外,润晋润零售发展公司,,,,,,0,0,,,有色金属开采业,采矿业,Tokyo,Toronto,,NYSE,Main Board,,0,1,加拿大,0,0,23/3/2026 09:32:16,23/3/2026 09:32:16
498,2022,977,国外,盛源联实业科技公司,,,,,,0,0,,,电子元件及设备,消费电子及电气业,Bavaria,Sydney,,SGX,,,0,1,美国,0,0,23/3/2026 09:32:16,23/3/2026 09:32:16
508,2022,989,国外,远白禾贸易公司,,,,,,0,0,,,制药,医药制造业,Tokyo,New York,,SGX,Main Board,,0,1,美国,0,0,23/3/2026 09:32:16,23/3/2026 09:32:16
510,2022,993,国外,星控瀚批发有限公司,,,,,,0,0,,,电力热力生产和供应业,电力、热力、燃气及水生产和供应业,England,Singapore,,NASDAQ,Growth,,0,1,加拿大,0,0,23/3/2026 09:32:16,23/3/2026 09:32:16
519,2022,200152,国外,比工航财富管理股份公司,,,,,,0,0,,,交通运输,,Tokyo,Tokyo,,TSE,NASDAQ Global Select,,0,1,加拿大,0,0,23/3/2026 09:32:16,23/3/2026 09:32:16
521,2022,200168,国外,润酷盛能源发展公司,,,,,,0,0,,,纺织服装,,New South Wales,Singapore,,XETRA,Standard,,0,1,美国,0,0,23/3/2026 09:32:16,23/3/2026 09:32:16
531,2022,600001,国外,花白远电器科技公司,,,,,,0,0,,,钢铁,,Ontario,Sydney,,NASDAQ,Standard,,0,1,加拿大,0,0,23/3/2026 09:32:16,23/3/2026 09:32:16
539,2022,600010,国外,启酷禾生物科技集团公司,,,,,,0,0,,,黑色金属冶炼和压延加工业,金属冶炼和压延加工业,California,Sydney,,XETRA,Growth,,0,1,加拿大,0,0,23/3/2026 09:32:16,23/3/2026 09:32:16
541,2022,600012,国外,冀环源电器有限公司,,,,,,0,0,,,陆路交通运输业,交通运输、仓储和邮政业,Ontario,Singapore,,SGX,Prime,,0,1,美国,0,0,23/3/2026 09:32:16,23/3/2026 09:32:16
547,2022,600026,国外,科达远建设开发发展公司,,,,,,0,0,,,水路交通运输业,交通运输、仓储和邮政业,Ontario,Sydney,,ASX,Standard,,0,1,美国,0,0,23/3/2026 09:32:16,23/3/2026 09:32:16
548,2022,600028,国外,碧锦昌电子科技公司,,,,,,0,0,,,石油天然气开采业,采矿业,California,London,,NASDAQ,Standard,,0,1,加拿大,0,0,23/3/2026 09:32:16,23/3/2026 09:32:16
550,2022,600030,国外,冀盈智城市发展股份公司,,,,,,0,0,,,证券,金融业,England,Tokyo,,ASX,Standard,,0,1,加拿大,0,0,23/3/2026 09:32:16,23/3/2026 09:32:16
560,2022,600052,国外,科源瀚置业科技公司,,,,,,0,0,,,文化、体育和娱乐业,文化、体育和娱乐业,Ontario,,,XETRA,NASDAQ Global Select,,0,1,美国,0,0,23/3/2026 09:32:16,23/3/2026 09:32:16
562,2022,600054,国外,润园航置业公司,,,,,,0,0,,,水利、环境和公共设施管理业,水利、环境和公共设施管理业,England,Frankfurt,,,,,0,1,加拿大,0,0,23/3/2026 09:32:16,23/3/2026 09:32:16
565,2022,600056,国外,启会润贸易集团公司,,,,,,0,0,,,批发业,批发和零售业,New South Wales,Toronto,,SGX,Prime,,0,1,美国,0,0,23/3/2026 09:32:16,23/3/2026 09:32:16
571,2022,600062,国外,冀澜航新材料控股公司,,,,,,0,0,,,制药,医药制造业,Ontario,,,NASDAQ,Prime,,0,1,加拿大,0,0,23/3/2026 09:32:16,23/3/2026 09:32:16
572,2022,600063,国外,联会锦船舶有限公司,,,,,,0,0,,,塑料制品,橡胶和塑料制品业,Tokyo,London,,TSE,Main Board,,0,1,美国,0,0,23/3/2026 09:32:16,23/3/2026 09:32:16
575,2022,600067,国外,凯锦润建设开发发展公司,,,,,,0,0,,,住宅,房地产业,California,London,,TSE,Growth,,0,1,美国,0,0,23/3/2026 09:32:16,23/3/2026 09:32:16
581,2022,600073,国外,保酷航金融有限公司,,,,,,0,0,,,食品业,食品饮料业,California,Toronto,,XETRA,Prime,,0,1,加拿大,0,0,23/3/2026 09:32:16,23/3/2026 09:32:16
583,2022,600075,国外,凯环骏财富管理科技公司,,,,,,0,0,,,化工原料,化学原料和化学制品制造业,England,Sydney,,TSX,Growth,,0,1,加拿大,0,0,23/3/2026 09:32:16,23/3/2026 09:32:16
598,2022,600090,国外,润源泽水电科技公司,,,,,,0,0,,,医药生物,,Bavaria,New York,,NYSE,Main Board,,0,1,美国,0,0,23/3/2026 09:32:16,23/3/2026 09:32:16
611,2022,600103,国外,明锦源传媒公司,,,,,,0,0,,,造纸和纸制品业,造纸和纸制品业,Tokyo,Tokyo,,ASX,Prime,,0,1,美国,0,0,23/3/2026 09:32:16,23/3/2026 09:32:16
618,2022,600110,国外,新尹联新材料科技公司,,,,,,0,0,,,有色金属冶炼和压延加工业,金属冶炼和压延加工业,Tokyo,Sydney,,ASX,Growth,,0,1,加拿大,0,0,23/3/2026 09:32:16,23/3/2026 09:32:16
623,2022,600115,国外,花阳泰建筑设计控股公司,,,,,,0,0,,,航空交通运输业,交通运输、仓储和邮政业,New South Wales,Singapore,,XETRA,Standard,,0,1,美国,0,0,23/3/2026 09:32:16,23/3/2026 09:32:16
631,2022,600123,国外,绿桥泰批发控股公司,,,,,,0,0,,,煤炭开采业,采矿业,England,,,NASDAQ,,,0,1,美国,0,0,23/3/2026 09:32:16,23/3/2026 09:32:16
634,2022,600127,国外,联澜润电器公司,,,,,,0,0,,,食品业,食品饮料业,England,Frankfurt,,TSX,Growth,,0,1,美国,0,0,23/3/2026 09:32:16,23/3/2026 09:32:16
636,2022,600129,国外,万控泽化工股份公司,,,,,,0,0,,,制药,医药制造业,,Sydney,,XETRA,NASDAQ Global Select,,0,1,加拿大,0,0,23/3/2026 09:32:16,23/3/2026 09:32:16
639,2022,600132,国外,物阳泰医药控股公司,,,,,,0,0,,,酒业,食品饮料业,England,Frankfurt,,NYSE,Prime,,0,1,加拿大,0,0,23/3/2026 09:32:16,23/3/2026 09:32:16
640,2022,600133,国外,众锦昌金融科技公司,,,,,,0,0,,,土木工程,建筑业,New South Wales,Toronto,,NASDAQ,,,0,1,加拿大,0,0,23/3/2026 09:32:16,23/3/2026 09:32:16
648,2022,600146,国外,花通昌建设开发股份公司,,,,,,0,0,,,纺织服装,,Ontario,Tokyo,,TSX,Main Board,,0,1,美国,0,0,23/3/2026 09:32:16,23/3/2026 09:32:16
651,2022,600150,国外,招城昌财富管理发展公司,,,,,,0,0,,,船舶,铁路、船舶、航空航天和其他运输设备制造业,,New York,,SGX,Main Board,,0,1,美国,0,0,23/3/2026 09:32:16,23/3/2026 09:32:16
655,2022,600155,国外,长酷泽玻璃发展公司,,,,,,0,0,,,证券,金融业,California,London,,NYSE,Growth,,0,1,美国,0,0,23/3/2026 09:32:16,23/3/2026 09:32:16
667,2022,600168,国外,高课启连锁集团公司,,,,,,0,0,,,水生产和供应业,电力、热力、燃气及水生产和供应业,England,,,ASX,Main Board,,0,1,美国,0,0,23/3/2026 09:32:16,23/3/2026 09:32:16
668,2022,600169,国外,保新航建筑设计集团公司,,,,,,0,0,,,其他专用设备制造业,专用设备制造业,,,,TSE,Prime,,0,1,加拿大,0,0,23/3/2026 09:32:16,23/3/2026 09:32:16
669,2022,600170,国外,保晋骏生物科技公司,,,,,,0,0,,,房屋建筑,建筑业,England,Sydney,,TSX,Standard,,0,1,加拿大,0,0,23/3/2026 09:32:16,23/3/2026 09:32:16
674,2022,600176,国外,十晋科批发集团公司,,,,,,0,0,,,玻璃制品业,非金属矿物制品业,California,Tokyo,,NYSE,Main Board,,0,1,美国,0,0,23/3/2026 09:32:16,23/3/2026 09:32:16
676,2022,600178,国外,远新昌集成电路科技公司,,,,,,0,0,,,汽车零部件制造业,汽车制造业,Tokyo,Frankfurt,,ASX,Growth,,0,1,加拿大,0,0,23/3/2026 09:32:16,23/3/2026 09:32:16
683,2022,600185,国外,启尹迈玻璃发展公司,,,,,,0,0,,,住宅,房地产业,Zurich,New York,,TSE,Growth,,0,1,加拿大,0,0,23/3/2026 09:32:16,23/3/2026 09:32:16
684,2022,600186,国外,万阳澜房地产开发发展公司,,,,,,0,0,,,食品业,食品饮料业,,New York,,SGX,Main Board,,0,1,加拿大,0,0,23/3/2026 09:32:16,23/3/2026 09:32:16
690,2022,600191,国外,恒控迈化工发展公司,,,,,,0,0,,,食品业,食品饮料业,Bavaria,Tokyo,,SGX,Growth,,0,1,美国,0,0,23/3/2026 09:32:16,23/3/2026 09:32:16
691,2022,600192,国外,科通智贸易控股公司,,,,,,0,0,,,电机制造业,商业电气机械和器材制造业,Tokyo,New York,,TSX,NASDAQ Global Select,,0,1,加拿大,0,0,23/3/2026 09:32:16,23/3/2026 09:32:16
701,2022,600203,国外,保新科电器有限公司,,,,,,0,0,,,电子元件及设备,消费电子及电气业,Zurich,Singapore,,NASDAQ,Standard,,0,1,美国,0,0,23/3/2026 09:32:16,23/3/2026 09:32:16
705,2022,600208,国外,瑞尹骏传媒科技公司,,,,,,0,0,,,住宅,房地产业,New South Wales,Sydney,,NASDAQ,Standard,,0,1,加拿大,0,0,23/3/2026 09:32:16,23/3/2026 09:32:16
706,2022,600209,国外,远会航综合开发有限公司,,,,,,0,0,,,建筑装饰,,England,,,NYSE,,,0,1,美国,0,0,23/3/2026 09:32:16,23/3/2026 09:32:16
707,2022,600210,国外,十芯禾集成电路科技公司,,,,,,0,0,,,塑料制品,橡胶和塑料制品业,Zurich,London,,TSE,Growth,,0,1,美国,0,0,23/3/2026 09:32:16,23/3/2026 09:32:16
710,2022,600213,国外,长业瀚置业公司,,,,,,0,0,,,整车制造业,汽车制造业,,New York,,SGX,Standard,,0,1,美国,0,0,23/3/2026 09:32:16,23/3/2026 09:32:16
716,2022,600220,国外,十园创房地产开发股份公司,,,,,,0,0,,,纺织鞋服业,纺织鞋服业,New South Wales,Singapore,,SGX,Prime,,0,1,美国,0,0,23/3/2026 09:32:16,23/3/2026 09:32:16
720,2022,600223,国外,盛新景建筑设计有限公司,,,,,,0,0,,,住宅,房地产业,,Tokyo,,ASX,Prime,,0,1,加拿大,0,0,23/3/2026 09:32:16,23/3/2026 09:32:16
725,2022,600229,国外,长锦澜新材料集团公司,,,,,,0,0,,,文化、体育和娱乐业,文化、体育和娱乐业,California,Sydney,,,,,0,1,美国,0,0,23/3/2026 09:32:16,23/3/2026 09:32:16
726,2022,600230,国外,盛泽昌电器有限公司,,,,,,0,0,,,化工原料,化学原料和化学制品制造业,California,Toronto,,SGX,,,0,1,加拿大,0,0,23/3/2026 09:32:16,23/3/2026 09:32:16
727,2022,600231,国外,明车瀚能源发展公司,,,,,,0,0,,,黑色金属冶炼和压延加工业,金属冶炼和压延加工业,,London,,NYSE,Growth,,0,1,美国,0,0,23/3/2026 09:32:16,23/3/2026 09:32:16
729,2022,600233,国外,万会润水务控股公司,,,,,,0,0,,,邮政业,交通运输、仓储和邮政业,Bavaria,Sydney,,XETRA,Growth,,0,1,加拿大,0,0,23/3/2026 09:32:16,23/3/2026 09:32:16
740,2022,600246,国外,北园科电子控股公司,,,,,,0,0,,,住宅,房地产业,Tokyo,Frankfurt,,ASX,Growth,,0,1,美国,0,0,23/3/2026 09:32:16,23/3/2026 09:32:16
742,2022,600248,国外,长芯盛传媒科技公司,,,,,,0,0,,,房屋建筑,建筑业,Zurich,London,,XETRA,NASDAQ Global Select,,0,1,美国,0,0,23/3/2026 09:32:16,23/3/2026 09:32:16
750,2022,600257,国外,启阳澜传媒科技公司,,,,,,0,0,,,渔业,农、林、牧、渔业,Ontario,Sydney,,SGX,Main Board,,0,1,美国,0,0,23/3/2026 09:32:16,23/3/2026 09:32:16
757,2022,600265,国外,十通联通信集团公司,,,,,,0,0,,,林业,农、林、牧、渔业,New South Wales,Singapore,,SGX,Main Board,,0,1,美国,0,0,23/3/2026 09:32:16,23/3/2026 09:32:16
760,2022,600268,国外,万车联水电股份公司,,,,,,0,0,,,电机制造业,商业电气机械和器材制造业,Bavaria,London,,TSX,Main Board,,0,1,美国,0,0,23/3/2026 09:32:16,23/3/2026 09:32:16
766,2022,600273,国外,碧环澜置业发展公司,,,,,,0,0,,,化工原料,化学原料和化学制品制造业,England,,,NASDAQ,Standard,,0,1,美国,0,0,23/3/2026 09:32:16,23/3/2026 09:32:16
772,2022,600280,国外,高盈昌零售科技公司,,,,,,0,0,,,零售业,批发和零售业,California,Toronto,,TSX,,,0,1,美国,0,0,23/3/2026 09:32:16,23/3/2026 09:32:16
776,2022,600284,国外,比新迈电器有限公司,,,,,,0,0,,,土木工程,建筑业,Bavaria,Singapore,,SGX,Main Board,,0,1,美国,0,0,23/3/2026 09:32:16,23/3/2026 09:32:16
777,2022,600285,国外,长控盛环境科技股份公司,,,,,,0,0,,,制药,医药制造业,England,Toronto,,SGX,,,0,1,加拿大,0,0,23/3/2026 09:32:16,23/3/2026 09:32:16
781,2022,600290,国外,恒城创城市发展控股公司,,,,,,0,0,,,电机制造业,商业电气机械和器材制造业,England,Singapore,,SGX,,,0,1,美国,0,0,23/3/2026 09:32:16,23/3/2026 09:32:16
785,2022,600295,国外,明新盛数据服务集团公司,,,,,,0,0,,,黑色金属冶炼和压延加工业,金属冶炼和压延加工业,Bavaria,Toronto,,ASX,Main Board,,0,1,加拿大,0,0,23/3/2026 09:32:16,23/3/2026 09:32:16
786,2022,900936,国外,长白航财富管理科技公司,,,,,,0,0,,,采掘,,,London,,TSE,,,0,1,加拿大,0,0,23/3/2026 09:32:16,23/3/2026 09:32:16
787,2022,600296,国外,比晋昌建设开发控股公司,,,,,,0,0,,,有色金属,,Ontario,New York,,ASX,Standard,,0,1,加拿大,0,0,23/3/2026 09:32:16,23/3/2026 09:32:16
788,2022,600297,国外,众环禾化工集团公司,,,,,,0,0,,,零售业,批发和零售业,Zurich,Tokyo,,NASDAQ,NASDAQ Global Select,,0,1,美国,0,0,23/3/2026 09:32:16,23/3/2026 09:32:16
790,2022,600299,国外,瑞园创零售集团公司,,,,,,0,0,,,制药,医药制造业,California,Singapore,,,,,0,1,美国,0,0,23/3/2026 09:32:16,23/3/2026 09:32:16
804,2022,600315,国外,冀泽澜财富管理股份公司,,,,,,0,0,,,日化产品,化学原料和化学制品制造业,England,New York,,TSE,Prime,,0,1,美国,0,0,23/3/2026 09:32:16,23/3/2026 09:32:16
806,2022,600317,国外,高课澜金融集团公司,,,,,,0,0,,,交通运输,,New South Wales,London,,NASDAQ,Standard,,0,1,美国,0,0,23/3/2026 09:32:16,23/3/2026 09:32:16
833,2022,600350,国外,联芯澜电器有限公司,,,,,,0,0,,,陆路交通运输业,交通运输、仓储和邮政业,,,,LSE,Growth,,0,1,美国,0,0,23/3/2026 09:32:16,23/3/2026 09:32:16
834,2022,600351,国外,联盈昌集成电路控股公司,,,,,,0,0,,,制药,医药制造业,California,Sydney,,SGX,Standard,,0,1,加拿大,0,0,23/3/2026 09:32:16,23/3/2026 09:32:16
837,2022,600354,国外,远晋骏船舶公司,,,,,,0,0,,,农业,农、林、牧、渔业,Bavaria,Frankfurt,,NASDAQ,Growth,,0,1,美国,0,0,23/3/2026 09:32:16,23/3/2026 09:32:16
839,2022,600356,国外,星车昌置业科技公司,,,,,,0,0,,,造纸和纸制品业,造纸和纸制品业,Bavaria,Sydney,,TSX,Main Board,,0,1,加拿大,0,0,23/3/2026 09:32:16,23/3/2026 09:32:16
841,2022,600358,国外,科源启化工有限公司,,,,,,0,0,,,互联网和相关服务,信息传输、软件和信息技术服务业,Tokyo,Toronto,,XETRA,Main Board,,0,1,美国,0,0,23/3/2026 09:32:16,23/3/2026 09:32:16
846,2022,600363,国外,碧课启化工有限公司,,,,,,0,0,,,电子元件及设备,消费电子及电气业,,Tokyo,,NASDAQ,NASDAQ Global Select,,0,1,加拿大,0,0,23/3/2026 09:32:16,23/3/2026 09:32:16
852,2022,600370,国外,恒工创置业发展公司,,,,,,0,0,,,化工原料,化学原料和化学制品制造业,England,New York,,TSE,Standard,,0,1,美国,0,0,23/3/2026 09:32:16,23/3/2026 09:32:16
859,2022,600378,国外,高泽瀚批发有限公司,,,,,,0,0,,,化工原料,化学原料和化学制品制造业,Tokyo,Tokyo,,ASX,,,0,1,加拿大,0,0,23/3/2026 09:32:16,23/3/2026 09:32:16
860,2022,600379,国外,盛课澜医药控股公司,,,,,,0,0,,,电机制造业,商业电气机械和器材制造业,Bavaria,Singapore,,SGX,Prime,,0,1,美国,0,0,23/3/2026 09:32:16,23/3/2026 09:32:16
861,2022,600380,国外,明酷昌城市发展科技公司,,,,,,0,0,,,制药,医药制造业,New South Wales,Sydney,,,Standard,,0,1,美国,0,0,23/3/2026 09:32:16,23/3/2026 09:32:16
862,2022,600381,国外,星锦科数据服务控股公司,,,,,,0,0,,,食品业,食品饮料业,Zurich,New York,,NASDAQ,Prime,,0,1,加拿大,0,0,23/3/2026 09:32:16,23/3/2026 09:32:16
866,2022,600386,国外,花酷润新材料控股公司,,,,,,0,0,,,零售业,批发和零售业,Tokyo,Frankfurt,,XETRA,Main Board,,0,1,美国,0,0,23/3/2026 09:32:16,23/3/2026 09:32:16
869,2022,600389,国外,恒澜瀚水电集团公司,,,,,,0,0,,,农药,化学原料和化学制品制造业,Ontario,,,XETRA,,,0,1,美国,0,0,23/3/2026 09:32:16,23/3/2026 09:32:16
871,2022,600391,国外,高盈联实业发展公司,,,,,,0,0,,,航空航天,铁路、船舶、航空航天和其他运输设备制造业,,Sydney,,ASX,,,0,1,加拿大,0,0,23/3/2026 09:32:16,23/3/2026 09:32:16
875,2022,600396,国外,润电拓财富管理公司,,,,,,0,0,,,电力热力生产和供应业,电力、热力、燃气及水生产和供应业,California,Sydney,,NYSE,,,0,1,加拿大,0,0,23/3/2026 09:32:16,23/3/2026 09:32:16
880,2022,600401,国外,绿芯科软件有限公司,,,,,,0,0,,,电气设备,,,Toronto,,,Main Board,,0,1,加拿大,0,0,23/3/2026 09:32:16,23/3/2026 09:32:16
882,2022,600405,国外,瑞桥远化工有限公司,,,,,,0,0,,,通信传输设备业,通信传输设备业,Tokyo,,,,,,0,1,加拿大,0,0,23/3/2026 09:32:16,23/3/2026 09:32:16
884,2022,600408,国外,十海盛建筑设计有限公司,,,,,,0,0,,,黑色金属冶炼和压延加工业,金属冶炼和压延加工业,Ontario,London,,SGX,Growth,,0,1,加拿大,0,0,23/3/2026 09:32:16,23/3/2026 09:32:16
897,2022,600428,国外,高芯景财富管理科技公司,,,,,,0,0,,,水路交通运输业,交通运输、仓储和邮政业,England,Singapore,,,Prime,,0,1,美国,0,0,23/3/2026 09:32:16,23/3/2026 09:32:16
902,2022,600436,国外,盛泽智船舶控股公司,,,,,,0,0,,,制药,医药制造业,Tokyo,London,,ASX,Standard,,0,1,加拿大,0,0,23/3/2026 09:32:16,23/3/2026 09:32:16
906,2022,600446,国外,万新迈水电股份公司,,,,,,0,0,,,软件和信息技术服务,信息传输、软件和信息技术服务业,New South Wales,New York,,,Growth,,0,1,美国,0,0,23/3/2026 09:32:16,23/3/2026 09:32:16
907,2022,600448,国外,招澜启金融有限公司,,,,,,0,0,,,纺织鞋服业,纺织鞋服业,California,,,SGX,Prime,,0,1,加拿大,0,0,23/3/2026 09:32:16,23/3/2026 09:32:16
912,2022,600458,国外,万会启环境科技控股公司,,,,,,0,0,,,橡胶制品,橡胶和塑料制品业,Ontario,Sydney,,NYSE,NASDAQ Global Select,,0,1,加拿大,0,0,23/3/2026 09:32:16,23/3/2026 09:32:16
915,2022,600461,国外,保白源建筑设计科技公司,,,,,,0,0,,,水生产和供应业,电力、热力、燃气及水生产和供应业,New South Wales,Frankfurt,,NASDAQ,Standard,,0,1,美国,0,0,23/3/2026 09:32:16,23/3/2026 09:32:16
921,2022,600469,国外,远尹创环境科技股份公司,,,,,,0,0,,,汽车零部件制造业,汽车制造业,,Toronto,,TSE,,,0,1,美国,0,0,23/3/2026 09:32:16,23/3/2026 09:32:16
925,2022,600477,国外,比海盛实业科技公司,,,,,,0,0,,,金属制品业,金属制品业,Ontario,Toronto,,SGX,,,0,1,美国,0,0,23/3/2026 09:32:16,23/3/2026 09:32:16
933,2022,600487,国外,花课锦综合开发公司,,,,,,0,0,,,光纤电缆制造业,商业电气机械和器材制造业,California,,,,NASDAQ Global Select,,0,1,加拿大,0,0,23/3/2026 09:32:16,23/3/2026 09:32:16
937,2022,600491,国外,十环瀚电器控股公司,,,,,,0,0,,,房屋建筑,建筑业,California,Sydney,,,Standard,,0,1,加拿大,0,0,23/3/2026 09:32:16,23/3/2026 09:32:16
938,2022,600493,国外,物芯航水电科技公司,,,,,,0,0,,,纺织鞋服业,纺织鞋服业,Zurich,Sydney,,NASDAQ,,,0,1,加拿大,0,0,23/3/2026 09:32:16,23/3/2026 09:32:16
939,2022,600495,国外,科业瀚电器发展公司,,,,,,0,0,,,铁路,铁路、船舶、航空航天和其他运输设备制造业,Zurich,,,TSE,Growth,,0,1,美国,0,0,23/3/2026 09:32:16,23/3/2026 09:32:16
940,2022,600496,国外,盛桥景软件控股公司,,,,,,0,0,,,金属制品业,金属制品业,Tokyo,Sydney,,XETRA,,,0,1,美国,0,0,23/3/2026 09:32:16,23/3/2026 09:32:16
948,2022,600505,国外,北海禾零售集团公司,,,,,,0,0,,,电力热力生产和供应业,电力、热力、燃气及水生产和供应业,Bavaria,Sydney,,NASDAQ,Main Board,,0,1,美国,0,0,23/3/2026 09:32:16,23/3/2026 09:32:16
950,2022,600507,国外,盛车景新能源汽车股份公司,,,,,,0,0,,,黑色金属冶炼和压延加工业,金属冶炼和压延加工业,Ontario,Sydney,,,,,0,1,加拿大,0,0,23/3/2026 09:32:16,23/3/2026 09:32:16
954,2022,600511,国外,瑞白泰电子有限公司,,,,,,0,0,,,批发业,批发和零售业,Ontario,Tokyo,,,Standard,,0,1,加拿大,0,0,23/3/2026 09:32:16,23/3/2026 09:32:16
957,2022,600515,国外,保桥拓能源控股公司,,,,,,0,0,,,住宅,房地产业,California,Singapore,,NASDAQ,Main Board,,0,1,加拿大,0,0,23/3/2026 09:32:16,23/3/2026 09:32:16
959,2022,600517,国外,碧盈盛建筑设计控股公司,,,,,,0,0,,,多元金融,金融业,Bavaria,Frankfurt,,NYSE,Standard,,0,1,加拿大,0,0,23/3/2026 09:32:16,23/3/2026 09:32:16
960,2022,600518,国外,北车盛电子公司,,,,,,0,0,,,制药,医药制造业,Tokyo,New York,,TSX,,,0,1,加拿大,0,0,23/3/2026 09:32:16,23/3/2026 09:32:16
963,2022,600521,国外,万园拓电器控股公司,,,,,,0,0,,,制药,医药制造业,Tokyo,Singapore,,XETRA,,,0,1,美国,0,0,23/3/2026 09:32:16,23/3/2026 09:32:16
965,2022,600523,国外,众源航城市发展控股公司,,,,,,0,0,,,汽车零部件制造业,汽车制造业,Ontario,,,XETRA,,,0,1,加拿大,0,0,23/3/2026 09:32:16,23/3/2026 09:32:16
966,2022,600525,国外,启达泰集成电路股份公司,,,,,,0,0,,,光纤电缆制造业,商业电气机械和器材制造业,,London,,LSE,Prime,,0,1,加拿大,0,0,23/3/2026 09:32:16,23/3/2026 09:32:16
969,2022,600528,国外,高车盛生物科技集团公司,,,,,,0,0,,,其他专用设备制造业,专用设备制造业,California,Sydney,,XETRA,,,0,1,美国,0,0,23/3/2026 09:32:16,23/3/2026 09:32:16
970,2022,600529,国外,凯酷泰金融公司,,,,,,0,0,,,玻璃制品业,非金属矿物制品业,England,Frankfurt,,ASX,Standard,,0,1,加拿大,0,0,23/3/2026 09:32:16,23/3/2026 09:32:16
979,2022,600539,国外,比工迈建筑设计有限公司,,,,,,0,0,,,商务服务业,租赁和商务服务业,Ontario,London,,,Growth,,0,1,加拿大,0,0,23/3/2026 09:32:16,23/3/2026 09:32:16
992,2022,900955,国外,花海科实业公司,,,,,,0,0,,,房地产,,California,Frankfurt,,NASDAQ,,,0,1,加拿大,0,0,23/3/2026 09:32:16,23/3/2026 09:32:16
999,2022,600562,国外,保酷拓化工科技公司,,,,,,0,0,,,通信传输设备业,通信传输设备业,California,New York,,TSX,Growth,,0,1,加拿大,0,0,23/3/2026 09:32:16,23/3/2026 09:32:16
1000,2022,600563,国外,华晋联通信股份公司,,,,,,0,0,,,电子元件及设备,消费电子及电气业,England,New York,,NASDAQ,Growth,,0,1,加拿大,0,0,23/3/2026 09:32:16,23/3/2026 09:32:16
1001,2022,600565,国外,比会澜通信科技公司,,,,,,0,0,,,住宅,房地产业,New South Wales,,,NASDAQ,Main Board,,0,1,加拿大,0,0,23/3/2026 09:32:16,23/3/2026 09:32:16
1005,2022,600569,国外,碧电创实业公司,,,,,,0,0,,,黑色金属冶炼和压延加工业,金属冶炼和压延加工业,New South Wales,Singapore,,TSX,,,0,1,加拿大,0,0,23/3/2026 09:32:16,23/3/2026 09:32:16
1007,2022,600571,国外,北环泰实业控股公司,,,,,,0,0,,,软件和信息技术服务,信息传输、软件和信息技术服务业,New South Wales,Toronto,,TSX,Standard,,0,1,加拿大,0,0,23/3/2026 09:32:16,23/3/2026 09:32:16
1008,2022,600572,国外,凯通盛传媒集团公司,,,,,,0,0,,,制药,医药制造业,Ontario,Singapore,,ASX,Main Board,,0,1,美国,0,0,23/3/2026 09:32:16,23/3/2026 09:32:16
1014,2022,600579,国外,冀课盛电子有限公司,,,,,,0,0,,,其他专用设备制造业,专用设备制造业,,,,TSX,Growth,,0,1,加拿大,0,0,23/3/2026 09:32:16,23/3/2026 09:32:16
1015,2022,600580,国外,花工远水务科技公司,,,,,,0,0,,,电机制造业,商业电气机械和器材制造业,Zurich,Tokyo,,NYSE,NASDAQ Global Select,,0,1,美国,0,0,23/3/2026 09:32:16,23/3/2026 09:32:16
1022,2022,600587,国外,众澜澜集成电路公司,,,,,,0,0,,,医疗专用设备制造业,专用设备制造业,California,London,,,Prime,,0,1,加拿大,0,0,23/3/2026 09:32:16,23/3/2026 09:32:16
1024,2022,600589,国外,瑞控盛房地产开发公司,,,,,,0,0,,,精细化工,化学原料和化学制品制造业,Zurich,Toronto,,TSE,Growth,,0,1,美国,0,0,23/3/2026 09:32:16,23/3/2026 09:32:16
1038,2022,900901,国外,科车瀚贸易控股公司,,,,,,0,0,,,计算机,,,New York,,NYSE,Prime,,0,1,加拿大,0,0,23/3/2026 09:32:16,23/3/2026 09:32:16
1046,2022,600609,国外,花泽锦零售股份公司,,,,,,0,0,,,汽车零部件制造业,汽车制造业,England,,,SGX,Growth,,0,1,加拿大,0,0,23/3/2026 09:32:16,23/3/2026 09:32:16
1047,2022,600610,国外,明工盛水务公司,,,,,,0,0,,,化工原料,化学原料和化学制品制造业,Zurich,Toronto,,SGX,Prime,,0,1,美国,0,0,23/3/2026 09:32:16,23/3/2026 09:32:16
1052,2022,900905,国外,碧能联水电发展公司,,,,,,0,0,,,轻工制造,,Tokyo,,,NYSE,,,0,1,美国,0,0,23/3/2026 09:32:16,23/3/2026 09:32:16
1063,2022,600619,国外,物能启批发集团公司,,,,,,0,0,,,通用设备制造业,通用设备制造业,Ontario,London,,NASDAQ,Main Board,,0,1,加拿大,0,0,23/3/2026 09:32:16,23/3/2026 09:32:16
1064,2022,900910,国外,明课泰能源发展公司,,,,,,0,0,,,家用电器,,Ontario,London,,XETRA,Main Board,,0,1,加拿大,0,0,23/3/2026 09:32:16,23/3/2026 09:32:16
1066,2022,600621,国外,盛园禾电子公司,,,,,,0,0,,,证券,金融业,Bavaria,New York,,XETRA,Growth,,0,1,美国,0,0,23/3/2026 09:32:16,23/3/2026 09:32:16
1069,2022,900909,国外,凯电瀚建筑设计有限公司,,,,,,0,0,,,化工,,England,Singapore,,SGX,Prime,,0,1,美国,0,0,23/3/2026 09:32:16,23/3/2026 09:32:16
1073,2022,600628,国外,明酷骏水电公司,,,,,,0,0,,,零售业,批发和零售业,Ontario,Frankfurt,,,Standard,,0,1,加拿大,0,0,23/3/2026 09:32:16,23/3/2026 09:32:16
1075,2022,600630,国外,凯芯启批发控股公司,,,,,,0,0,,,纺织鞋服业,纺织鞋服业,New South Wales,New York,,NASDAQ,Standard,,0,1,美国,0,0,23/3/2026 09:32:16,23/3/2026 09:32:16
1077,2022,600633,国外,明桥智零售集团公司,,,,,,0,0,,,互联网和相关服务,信息传输、软件和信息技术服务业,Tokyo,London,,LSE,Main Board,,0,1,美国,0,0,23/3/2026 09:32:16,23/3/2026 09:32:16
1078,2022,600634,国外,绿工禾电子集团公司,,,,,,0,0,,,综合,,England,Frankfurt,,XETRA,NASDAQ Global Select,,0,1,美国,0,0,23/3/2026 09:32:16,23/3/2026 09:32:16
1081,2022,600637,国外,盛澜泽连锁有限公司,,,,,,0,0,,,电信、广播电视和卫星传输服务,信息传输、软件和信息技术服务业,California,Tokyo,,NASDAQ,Main Board,,0,1,美国,0,0,23/3/2026 09:32:16,23/3/2026 09:32:16
1083,2022,600639,国外,绿晋盛电子集团公司,,,,,,0,0,,,产业地产,房地产业,Bavaria,Toronto,,ASX,NASDAQ Global Select,,0,1,美国,0,0,23/3/2026 09:32:16,23/3/2026 09:32:16
1085,2022,600640,国外,华芯昌水务有限公司,,,,,,0,0,,,互联网和相关服务,信息传输、软件和信息技术服务业,Tokyo,,,TSE,Standard,,0,1,加拿大,0,0,23/3/2026 09:32:16,23/3/2026 09:32:16
1089,2022,600644,国外,恒泽联船舶公司,,,,,,0,0,,,电力热力生产和供应业,电力、热力、燃气及水生产和供应业,,Tokyo,,LSE,Growth,,0,1,美国,0,0,23/3/2026 09:32:16,23/3/2026 09:32:16
1091,2022,600647,国外,瑞尹启化工公司,,,,,,0,0,,,批发业,批发和零售业,Bavaria,Sydney,,TSX,Standard,,0,1,加拿大,0,0,23/3/2026 09:32:16,23/3/2026 09:32:16
1099,2022,600653,国外,高海拓水务发展公司,,,,,,0,0,,,零售业,批发和零售业,Tokyo,New York,,ASX,NASDAQ Global Select,,0,1,美国,0,0,23/3/2026 09:32:16,23/3/2026 09:32:16
1123,2022,900916,国外,新芯拓软件发展公司,,,,,,0,0,,,汽车,,England,New York,,,Main Board,,0,1,美国,0,0,23/3/2026 09:32:16,23/3/2026 09:32:16
1124,2022,600680,国外,冀业泽通信科技公司,,,,,,0,0,,,通信,,Tokyo,Tokyo,,NYSE,Standard,,0,1,美国,0,0,23/3/2026 09:32:16,23/3/2026 09:32:16
1125,2022,900930,国外,北盈智水电科技公司,,,,,,0,0,,,通信,,Zurich,London,,ASX,Standard,,0,1,加拿大,0,0,23/3/2026 09:32:16,23/3/2026 09:32:16
1128,2022,600683,国外,高园骏新能源汽车公司,,,,,,0,0,,,住宅,房地产业,Tokyo,Tokyo,,SGX,,,0,1,加拿大,0,0,23/3/2026 09:32:16,23/3/2026 09:32:16
1133,2022,600688,国外,花电锦医药科技公司,,,,,,0,0,,,石油加工、炼焦和核燃料加工业,石油加工、炼焦和核燃料加工业,California,Singapore,,NASDAQ,Growth,,0,1,美国,0,0,23/3/2026 09:32:16,23/3/2026 09:32:16
1142,2022,900919,国外,远课科新能源汽车股份公司,,,,,,0,0,,,农林牧渔,,Zurich,New York,,SGX,Main Board,,0,1,加拿大,0,0,23/3/2026 09:32:16,23/3/2026 09:32:16
1144,2022,600697,国外,华澜禾新材料股份公司,,,,,,0,0,,,零售业,批发和零售业,Tokyo,New York,,,Standard,,0,1,加拿大,0,0,23/3/2026 09:32:16,23/3/2026 09:32:16
1149,2022,600702,国外,招阳智房地产开发有限公司,,,,,,0,0,,,酒业,食品饮料业,England,New York,,,Main Board,,0,1,加拿大,0,0,23/3/2026 09:32:16,23/3/2026 09:32:16
1153,2022,600706,国外,冀车启生物科技股份公司,,,,,,0,0,,,水利、环境和公共设施管理业,水利、环境和公共设施管理业,Ontario,Frankfurt,,TSX,Growth,,0,1,美国,0,0,23/3/2026 09:32:16,23/3/2026 09:32:16
1162,2022,600716,国外,恒盈科新能源汽车股份公司,,,,,,0,0,,,住宅,房地产业,England,Singapore,,TSE,NASDAQ Global Select,,0,1,加拿大,0,0,23/3/2026 09:32:16,23/3/2026 09:32:16
1164,2022,600718,国外,明工源水务有限公司,,,,,,0,0,,,软件和信息技术服务,信息传输、软件和信息技术服务业,,London,,LSE,Standard,,0,1,加拿大,0,0,23/3/2026 09:32:16,23/3/2026 09:32:16
1165,2022,600719,国外,十能联新能源汽车控股公司,,,,,,0,0,,,电力热力生产和供应业,电力、热力、燃气及水生产和供应业,California,Frankfurt,,NYSE,NASDAQ Global Select,,0,1,美国,0,0,23/3/2026 09:32:16,23/3/2026 09:32:16
1179,2022,600732,国外,盛能盛软件科技公司,,,,,,0,0,,,半导体业,半导体业,,Singapore,,XETRA,Prime,,0,1,加拿大,0,0,23/3/2026 09:32:16,23/3/2026 09:32:16
1180,2022,600733,国外,十桥景传媒控股公司,,,,,,0,0,,,整车制造业,汽车制造业,California,,,LSE,Standard,,0,1,加拿大,0,0,23/3/2026 09:32:16,23/3/2026 09:32:16
1181,2022,600734,国外,保禾润传媒股份公司,,,,,,0,0,,,电子元件及设备,消费电子及电气业,Bavaria,Singapore,,LSE,Standard,,0,1,加拿大,0,0,23/3/2026 09:32:16,23/3/2026 09:32:16
1185,2022,600738,国外,众白联新能源汽车科技公司,,,,,,0,0,,,零售业,批发和零售业,Tokyo,Tokyo,,NYSE,Growth,,0,1,加拿大,0,0,23/3/2026 09:32:16,23/3/2026 09:32:16
1186,2022,600739,国外,高酷迈软件集团公司,,,,,,0,0,,,批发业,批发和零售业,England,Toronto,,ASX,,,0,1,加拿大,0,0,23/3/2026 09:32:16,23/3/2026 09:32:16
1188,2022,600741,国外,明禾智新能源汽车控股公司,,,,,,0,0,,,汽车零部件制造业,汽车制造业,England,Sydney,,ASX,NASDAQ Global Select,,0,1,美国,0,0,23/3/2026 09:32:16,23/3/2026 09:32:16
1190,2022,600743,国外,瑞阳禾电子科技公司,,,,,,0,0,,,住宅,房地产业,New South Wales,Tokyo,,LSE,Standard,,0,1,加拿大,0,0,23/3/2026 09:32:16,23/3/2026 09:32:16
1197,2022,600750,国外,比澜拓生物科技科技公司,,,,,,0,0,,,制药,医药制造业,Bavaria,Toronto,,NASDAQ,NASDAQ Global Select,,0,1,加拿大,0,0,23/3/2026 09:32:16,23/3/2026 09:32:16
1201,2022,600754,国外,长能泽通信有限公司,,,,,,0,0,,,住宿业,住宿和餐饮业,California,New York,,ASX,Prime,,0,1,美国,0,0,23/3/2026 09:32:16,23/3/2026 09:32:16
1207,2022,600759,国外,保能泰水电科技公司,,,,,,0,0,,,石油天然气开采业,采矿业,Zurich,New York,,TSX,,,0,1,美国,0,0,23/3/2026 09:32:16,23/3/2026 09:32:16
1215,2022,600768,国外,新业禾财富管理控股公司,,,,,,0,0,,,有色金属冶炼和压延加工业,金属冶炼和压延加工业,Bavaria,Singapore,,SGX,Main Board,,0,1,加拿大,0,0,23/3/2026 09:32:16,23/3/2026 09:32:16
1227,2022,600780,国外,保达澜财富管理集团公司,,,,,,0,0,,,电力热力生产和供应业,电力、热力、燃气及水生产和供应业,,London,,NASDAQ,Main Board,,0,1,加拿大,0,0,23/3/2026 09:32:16,23/3/2026 09:32:16
1232,2022,600785,国外,北白景玻璃科技公司,,,,,,0,0,,,零售业,批发和零售业,Zurich,Sydney,,,Main Board,,0,1,加拿大,0,0,23/3/2026 09:32:16,23/3/2026 09:32:16
1237,2022,600791,国外,花能瀚玻璃股份公司,,,,,,0,0,,,住宅,房地产业,Ontario,,,ASX,,,0,1,加拿大,0,0,23/3/2026 09:32:16,23/3/2026 09:32:16
1238,2022,600792,国外,启禾航置业公司,,,,,,0,0,,,石油加工、炼焦和核燃料加工业,石油加工、炼焦和核燃料加工业,Tokyo,Sydney,,LSE,NASDAQ Global Select,,0,1,美国,0,0,23/3/2026 09:32:16,23/3/2026 09:32:16
1241,2022,600795,国外,高尹盛贸易集团公司,,,,,,0,0,,,电力热力生产和供应业,电力、热力、燃气及水生产和供应业,Zurich,Frankfurt,,ASX,NASDAQ Global Select,,0,1,美国,0,0,23/3/2026 09:32:16,23/3/2026 09:32:16
1243,2022,600797,国外,凯通澜玻璃集团公司,,,,,,0,0,,,软件和信息技术服务,信息传输、软件和信息技术服务业,New South Wales,New York,,SGX,Growth,,0,1,加拿大,0,0,23/3/2026 09:32:16,23/3/2026 09:32:16
1244,2022,600798,国外,保源禾电器发展公司,,,,,,0,0,,,水路交通运输业,交通运输、仓储和邮政业,Tokyo,Singapore,,LSE,Growth,,0,1,美国,0,0,23/3/2026 09:32:16,23/3/2026 09:32:16
1245,2022,600800,国外,冀能泽零售公司,,,,,,0,0,,,化工原料,化学原料和化学制品制造业,Tokyo,,,SGX,Prime,,0,1,加拿大,0,0,23/3/2026 09:32:16,23/3/2026 09:32:16
1247,2022,900933,国外,联课启船舶集团公司,,,,,,0,0,,,建筑材料,,New South Wales,Singapore,,LSE,Main Board,,0,1,加拿大,0,0,23/3/2026 09:32:16,23/3/2026 09:32:16
1248,2022,600802,国外,科白瀚环境科技有限公司,,,,,,0,0,,,水泥制品业,非金属矿物制品业,Bavaria,,,ASX,NASDAQ Global Select,,0,1,美国,0,0,23/3/2026 09:32:16,23/3/2026 09:32:16
1270,2022,900927,国外,北酷科能源集团公司,,,,,,0,0,,,商业贸易,,Bavaria,Frankfurt,,LSE,NASDAQ Global Select,,0,1,加拿大,0,0,23/3/2026 09:32:16,23/3/2026 09:32:16
1279,2022,600830,国外,瑞课航通信公司,,,,,,0,0,,,租赁业,租赁和商务服务业,California,London,,NYSE,Growth,,0,1,加拿大,0,0,23/3/2026 09:32:16,23/3/2026 09:32:16
1284,2022,600835,国外,高源盛水务发展公司,,,,,,0,0,,,通用设备制造业,通用设备制造业,Ontario,Sydney,,,Growth,,0,1,加拿大,0,0,23/3/2026 09:32:16,23/3/2026 09:32:16
1285,2022,900925,国外,联新禾实业集团公司,,,,,,0,0,,,机械设备,,England,Toronto,,XETRA,Prime,,0,1,美国,0,0,23/3/2026 09:32:16,23/3/2026 09:32:16
1295,2022,900924,国外,远盈泰水务股份公司,,,,,,0,0,,,机械设备,,New South Wales,Sydney,,SGX,,,0,1,美国,0,0,23/3/2026 09:32:16,23/3/2026 09:32:16
1301,2022,600847,国外,恒源润软件股份公司,,,,,,0,0,,,电池制造业,商业电气机械和器材制造业,Zurich,New York,,NYSE,Growth,,0,1,加拿大,0,0,23/3/2026 09:32:16,23/3/2026 09:32:16
1302,2022,600848,国外,物盈昌电子科技公司,,,,,,0,0,,,产业地产,房地产业,California,Tokyo,,TSX,NASDAQ Global Select,,0,1,美国,0,0,23/3/2026 09:32:16,23/3/2026 09:32:16
1310,2022,600855,国外,恒禾锦城市发展控股公司,,,,,,0,0,,,其他专用设备制造业,专用设备制造业,California,Sydney,,TSX,Prime,,0,1,美国,0,0,23/3/2026 09:32:16,23/3/2026 09:32:16
1312,2022,600857,国外,瑞澜盛建筑设计有限公司,,,,,,0,0,,,零售业,批发和零售业,California,Frankfurt,,,NASDAQ Global Select,,0,1,加拿大,0,0,23/3/2026 09:32:16,23/3/2026 09:32:16
1313,2022,600858,国外,花能景集成电路股份公司,,,,,,0,0,,,零售业,批发和零售业,Zurich,Frankfurt,,NYSE,Main Board,,0,1,美国,0,0,23/3/2026 09:32:16,23/3/2026 09:32:16
1321,2022,600866,国外,花能泽建筑设计公司,,,,,,0,0,,,食品业,食品饮料业,California,New York,,ASX,,,0,1,美国,0,0,23/3/2026 09:32:16,23/3/2026 09:32:16
1323,2022,600868,国外,花车置置业科技公司,,,,,,0,0,,,电力热力生产和供应业,电力、热力、燃气及水生产和供应业,Zurich,Tokyo,,XETRA,Main Board,,0,1,加拿大,0,0,23/3/2026 09:32:16,23/3/2026 09:32:16
1327,2022,600872,国外,华电联贸易控股公司,,,,,,0,0,,,食品业,食品饮料业,Bavaria,Sydney,,TSE,NASDAQ Global Select,,0,1,美国,0,0,23/3/2026 09:32:16,23/3/2026 09:32:16
1330,2022,600875,国外,冀城创电器有限公司,,,,,,0,0,,,通用设备制造业,通用设备制造业,,Sydney,,,Main Board,,0,1,美国,0,0,23/3/2026 09:32:16,23/3/2026 09:32:16
1331,2022,600876,国外,招达禾玻璃股份公司,,,,,,0,0,,,玻璃制品业,非金属矿物制品业,Ontario,Sydney,,ASX,NASDAQ Global Select,,0,1,加拿大,0,0,23/3/2026 09:32:16,23/3/2026 09:32:16
1332,2022,600877,国外,华禾启金融有限公司,,,,,,0,0,,,电池制造业,商业电气机械和器材制造业,,Sydney,,TSE,Growth,,0,1,美国,0,0,23/3/2026 09:32:16,23/3/2026 09:32:16
1333,2022,600879,国外,冀盈瀚玻璃发展公司,,,,,,0,0,,,航空航天,铁路、船舶、航空航天和其他运输设备制造业,,Singapore,,TSE,Standard,,0,1,加拿大,0,0,23/3/2026 09:32:16,23/3/2026 09:32:16
1338,2022,600884,国外,十会拓船舶控股公司,,,,,,0,0,,,电池制造业,商业电气机械和器材制造业,New South Wales,,,XETRA,Growth,,0,1,美国,0,0,23/3/2026 09:32:16,23/3/2026 09:32:16
1340,2022,600886,国外,比达智房地产开发科技公司,,,,,,0,0,,,电力热力生产和供应业,电力、热力、燃气及水生产和供应业,California,,,NYSE,Main Board,,0,1,加拿大,0,0,23/3/2026 09:32:16,23/3/2026 09:32:16
1349,2022,600895,国外,明酷科水务控股公司,,,,,,0,0,,,产业地产,房地产业,California,Sydney,,NYSE,Standard,,0,1,加拿大,0,0,23/3/2026 09:32:16,23/3/2026 09:32:16
1350,2022,600896,国外,科园拓新能源汽车科技公司,,,,,,0,0,,,医药生物,,New South Wales,New York,,SGX,,,0,1,美国,0,0,23/3/2026 09:32:16,23/3/2026 09:32:16
1351,2022,600897,国外,碧电禾电器有限公司,,,,,,0,0,,,航空交通运输业,交通运输、仓储和邮政业,New South Wales,Sydney,,ASX,Standard,,0,1,加拿大,0,0,23/3/2026 09:32:16,23/3/2026 09:32:16
1367,2022,600992,国外,瑞业迈医药集团公司,,,,,,0,0,,,金属制品业,金属制品业,Zurich,New York,,NASDAQ,Growth,,0,1,美国,0,0,23/3/2026 09:32:16,23/3/2026 09:32:16
1374,2022,900948,国外,招电远贸易集团公司,,,,,,0,0,,,采掘,,Tokyo,Sydney,,NYSE,Main Board,,0,1,美国,0,0,23/3/2026 09:32:16,23/3/2026 09:32:16
1383,2022,2003,国外,凯白拓批发有限公司,,,,,,0,0,,,纺织鞋服业,纺织鞋服业,England,Tokyo,,TSE,Standard,,0,1,美国,0,0,23/3/2026 09:32:16,23/3/2026 09:32:16
1385,2022,2005,国外,明控远通信发展公司,,,,,,0,0,,,家用电器,消费电子及电气业,New South Wales,Singapore,,LSE,NASDAQ Global Select,,0,1,美国,0,0,23/3/2026 09:32:16,23/3/2026 09:32:16
1387,2022,2007,国外,物盈迈电子股份公司,,,,,,0,0,,,生物科技,医药制造业,Zurich,Sydney,,TSX,,,0,1,美国,0,0,23/3/2026 09:32:16,23/3/2026 09:32:16
1388,2022,2008,国外,瑞工盛电子有限公司,,,,,,0,0,,,其他专用设备制造业,专用设备制造业,New South Wales,London,,TSX,Growth,,0,1,美国,0,0,23/3/2026 09:32:16,23/3/2026 09:32:16
1393,2022,2013,国外,联车源玻璃科技公司,,,,,,0,0,,,软件和信息技术服务,信息传输、软件和信息技术服务业,Zurich,Tokyo,,SGX,Prime,,0,1,美国,0,0,23/3/2026 09:32:16,23/3/2026 09:32:16
1399,2022,2020,国外,润禾昌通信科技公司,,,,,,0,0,,,制药,医药制造业,New South Wales,Sydney,,ASX,Main Board,,0,1,加拿大,0,0,23/3/2026 09:32:16,23/3/2026 09:32:16
1400,2022,2021,国外,明海昌房地产开发股份公司,,,,,,0,0,,,其他专用设备制造业,专用设备制造业,Ontario,London,,NASDAQ,Prime,,0,1,加拿大,0,0,23/3/2026 09:32:16,23/3/2026 09:32:16
1401,2022,2022,国外,联白科零售集团公司,,,,,,0,0,,,生物科技,医药制造业,,New York,,TSX,NASDAQ Global Select,,0,1,美国,0,0,23/3/2026 09:32:16,23/3/2026 09:32:16
1410,2022,2031,国外,瑞新瀚通信发展公司,,,,,,0,0,,,其他专用设备制造业,专用设备制造业,Bavaria,New York,,TSX,NASDAQ Global Select,,0,1,加拿大,0,0,23/3/2026 09:32:16,23/3/2026 09:32:16
1411,2022,2032,国外,万通创城市发展发展公司,,,,,,0,0,,,家用电器,消费电子及电气业,Ontario,Singapore,,XETRA,Main Board,,0,1,加拿大,0,0,23/3/2026 09:32:16,23/3/2026 09:32:16
1412,2022,2033,国外,新源源玻璃发展公司,,,,,,0,0,,,水利、环境和公共设施管理业,水利、环境和公共设施管理业,Zurich,,,XETRA,Main Board,,0,1,美国,0,0,23/3/2026 09:32:16,23/3/2026 09:32:16
1415,2022,2036,国外,保海骏批发科技公司,,,,,,0,0,,,电子元件及设备,消费电子及电气业,,Frankfurt,,NYSE,Standard,,0,1,加拿大,0,0,23/3/2026 09:32:16,23/3/2026 09:32:16
1418,2022,600022,国外,绿尹迈集成电路集团公司,,,,,,0,0,,,黑色金属冶炼和压延加工业,金属冶炼和压延加工业,California,New York,,ASX,NASDAQ Global Select,,0,1,美国,0,0,23/3/2026 09:32:16,23/3/2026 09:32:16
1421,2022,600961,国外,绿车骏通信公司,,,,,,0,0,,,有色金属冶炼和压延加工业,金属冶炼和压延加工业,,Sydney,,LSE,NASDAQ Global Select,,0,1,美国,0,0,23/3/2026 09:32:16,23/3/2026 09:32:16
1424,2022,600971,国外,众环禾医药科技公司,,,,,,0,0,,,煤炭开采业,采矿业,England,Singapore,,TSX,,,0,1,加拿大,0,0,23/3/2026 09:32:16,23/3/2026 09:32:16
1426,2022,600978,国外,招环源通信公司,,,,,,0,0,,,轻工制造,,,London,,NASDAQ,Standard,,0,1,美国,0,0,23/3/2026 09:32:16,23/3/2026 09:32:16
1427,2022,600979,国外,盛工拓化工有限公司,,,,,,0,0,,,电力热力生产和供应业,电力、热力、燃气及水生产和供应业,Tokyo,Toronto,,XETRA,Prime,,0,1,加拿大,0,0,23/3/2026 09:32:16,23/3/2026 09:32:16
1436,2022,600970,国外,启课锦批发有限公司,,,,,,0,0,,,土木工程,建筑业,Tokyo,New York,,,Main Board,,0,1,美国,0,0,23/3/2026 09:32:16,23/3/2026 09:32:16
1444,2022,2047,国外,瑞源泰置业控股公司,,,,,,0,0,,,建筑装饰,建筑业,Zurich,New York,,TSX,Prime,,0,1,美国,0,0,23/3/2026 09:32:16,23/3/2026 09:32:16
1445,2022,2048,国外,科业智财富管理有限公司,,,,,,0,0,,,汽车零部件制造业,汽车制造业,New South Wales,Toronto,,LSE,NASDAQ Global Select,,0,1,加拿大,0,0,23/3/2026 09:32:16,23/3/2026 09:32:16
1455,2022,2055,国外,保园润新能源汽车集团公司,,,,,,0,0,,,电子元件及设备,消费电子及电气业,New South Wales,Sydney,,NASDAQ,,,0,1,加拿大,0,0,23/3/2026 09:32:16,23/3/2026 09:32:16
1456,2022,2056,国外,绿工科新材料有限公司,,,,,,0,0,,,光伏制造业,商业电气机械和器材制造业,New South Wales,Frankfurt,,,,,0,1,加拿大,0,0,23/3/2026 09:32:16,23/3/2026 09:32:16
1463,2022,2061,国外,保课源批发集团公司,,,,,,0,0,,,土木工程,建筑业,California,Sydney,,ASX,NASDAQ Global Select,,0,1,美国,0,0,23/3/2026 09:32:16,23/3/2026 09:32:16
1465,2022,2063,国外,恒芯远建筑设计股份公司,,,,,,0,0,,,软件和信息技术服务,信息传输、软件和信息技术服务业,New South Wales,Frankfurt,,NASDAQ,,,0,1,美国,0,0,23/3/2026 09:32:16,23/3/2026 09:32:16
1466,2022,2064,国外,众酷禾船舶控股公司,,,,,,0,0,,,化学纤维制造业,化学纤维制造业,Tokyo,Toronto,,TSE,Standard,,0,1,美国,0,0,23/3/2026 09:32:16,23/3/2026 09:32:16
1468,2022,2066,国外,高泽远零售股份公司,,,,,,0,0,,,耐火材料制品业,非金属矿物制品业,California,London,,LSE,Standard,,0,1,加拿大,0,0,23/3/2026 09:32:16,23/3/2026 09:32:16
1486,2022,601398,国外,十业置贸易公司,,,,,,0,0,,,银行,金融业,Tokyo,Frankfurt,,TSX,Standard,,0,1,加拿大,0,0,23/3/2026 09:32:16,23/3/2026 09:32:16
1487,2022,2079,国外,保海科连锁控股公司,,,,,,0,0,,,半导体业,半导体业,California,Toronto,,ASX,Prime,,0,1,加拿大,0,0,23/3/2026 09:32:16,23/3/2026 09:32:16
1489,2022,2077,国外,启桥禾环境科技控股公司,,,,,,0,0,,,半导体业,半导体业,England,Tokyo,,TSX,,,0,1,加拿大,0,0,23/3/2026 09:32:16,23/3/2026 09:32:16
1493,2022,2082,国外,物控航电器科技公司,,,,,,0,0,,,医疗保健,医药制造业,Ontario,,,,NASDAQ Global Select,,0,1,美国,0,0,23/3/2026 09:32:16,23/3/2026 09:32:16
1495,2022,2083,国外,十能科零售科技公司,,,,,,0,0,,,纺织鞋服业,纺织鞋服业,Zurich,Singapore,,LSE,Growth,,0,1,美国,0,0,23/3/2026 09:32:16,23/3/2026 09:32:16
1498,2022,2086,国外,联尹创集成电路科技公司,,,,,,0,0,,,渔业,农、林、牧、渔业,Ontario,Singapore,,LSE,,,0,1,美国,0,0,23/3/2026 09:32:16,23/3/2026 09:32:16
1513,2022,2100,国外,物能骏新能源汽车股份公司,,,,,,0,0,,,食品业,食品饮料业,England,Toronto,,NYSE,Prime,,0,1,加拿大,0,0,23/3/2026 09:32:16,23/3/2026 09:32:16
1520,2022,2104,国外,冀课昌电器股份公司,,,,,,0,0,,,其他制造业,其他制造业,Tokyo,New York,,LSE,,,0,1,加拿大,0,0,23/3/2026 09:32:16,23/3/2026 09:32:16
1523,2022,2106,国外,联锦远贸易发展公司,,,,,,0,0,,,电子元件及设备,消费电子及电气业,England,Singapore,,NASDAQ,Growth,,0,1,加拿大,0,0,23/3/2026 09:32:16,23/3/2026 09:32:16
1525,2022,601002,国外,物电昌建筑设计股份公司,,,,,,0,0,,,通用设备制造业,通用设备制造业,California,Frankfurt,,NASDAQ,NASDAQ Global Select,,0,1,美国,0,0,23/3/2026 09:32:16,23/3/2026 09:32:16
1527,2022,2107,国外,润泽澜建筑设计股份公司,,,,,,0,0,,,制药,医药制造业,,London,,TSX,NASDAQ Global Select,,0,1,加拿大,0,0,23/3/2026 09:32:16,23/3/2026 09:32:16
1533,2022,2120,国外,星尹锦城市发展控股公司,,,,,,0,0,,,邮政业,交通运输、仓储和邮政业,New South Wales,Tokyo,,,Growth,,0,1,美国,0,0,23/3/2026 09:32:16,23/3/2026 09:32:16
1535,2022,2116,国外,众通景传媒集团公司,,,,,,0,0,,,其他科研技术服务,科学研究和技术服务业,California,New York,,,Standard,,0,1,加拿大,0,0,23/3/2026 09:32:16,23/3/2026 09:32:16
1540,2022,601003,国外,长工瀚水务发展公司,,,,,,0,0,,,黑色金属冶炼和压延加工业,金属冶炼和压延加工业,Bavaria,,,TSX,Prime,,0,1,加拿大,0,0,23/3/2026 09:32:16,23/3/2026 09:32:16
1541,2022,2124,国外,招控创能源集团公司,,,,,,0,0,,,牧业,农、林、牧、渔业,New South Wales,Tokyo,,NYSE,,,0,1,美国,0,0,23/3/2026 09:32:16,23/3/2026 09:32:16
1542,2022,601005,国外,高业置能源股份公司,,,,,,0,0,,,黑色金属冶炼和压延加工业,金属冶炼和压延加工业,Bavaria,Singapore,,NYSE,Standard,,0,1,加拿大,0,0,23/3/2026 09:32:16,23/3/2026 09:32:16
1549,2022,2126,国外,比尹锦新材料控股公司,,,,,,0,0,,,汽车零部件制造业,汽车制造业,England,New York,,TSE,Prime,,0,1,美国,0,0,23/3/2026 09:32:16,23/3/2026 09:32:16
1554,2022,2131,国外,联锦景新材料有限公司,,,,,,0,0,,,互联网和相关服务,信息传输、软件和信息技术服务业,California,Toronto,,LSE,Prime,,0,1,加拿大,0,0,23/3/2026 09:32:16,23/3/2026 09:32:16
1561,2022,2128,国外,明盈景软件科技公司,,,,,,0,0,,,煤炭开采业,采矿业,Ontario,,,ASX,,,0,1,美国,0,0,23/3/2026 09:32:16,23/3/2026 09:32:16
1565,2022,601600,国外,华芯澜连锁发展公司,,,,,,0,0,,,有色金属冶炼和压延加工业,金属冶炼和压延加工业,Ontario,Tokyo,,ASX,,,0,1,加拿大,0,0,23/3/2026 09:32:16,23/3/2026 09:32:16
1566,2022,2137,国外,冀泽润综合开发发展公司,,,,,,0,0,,,智能消费设备,消费电子及电气业,Bavaria,Singapore,,ASX,Main Board,,0,1,美国,0,0,23/3/2026 09:32:16,23/3/2026 09:32:16
1568,2022,2170,国外,瑞城启新材料公司,,,,,,0,0,,,化肥,化学原料和化学制品制造业,Ontario,Toronto,,NASDAQ,NASDAQ Global Select,,0,1,加拿大,0,0,23/3/2026 09:32:16,23/3/2026 09:32:16
1569,2022,2140,国外,绿车拓置业股份公司,,,,,,0,0,,,土木工程,建筑业,Ontario,New York,,NASDAQ,NASDAQ Global Select,,0,1,加拿大,0,0,23/3/2026 09:32:16,23/3/2026 09:32:16
1570,2022,601919,国外,北园源新材料发展公司,,,,,,0,0,,,水路交通运输业,交通运输、仓储和邮政业,Bavaria,Toronto,,SGX,,,0,1,加拿大,0,0,23/3/2026 09:32:16,23/3/2026 09:32:16
1571,2022,601168,国外,联电远金融公司,,,,,,0,0,,,有色金属开采业,采矿业,,Sydney,,TSX,Prime,,0,1,加拿大,0,0,23/3/2026 09:32:16,23/3/2026 09:32:16
1573,2022,2143,国外,高课拓新能源汽车集团公司,,,,,,0,0,,,传媒,,Tokyo,London,,NYSE,NASDAQ Global Select,,0,1,美国,0,0,23/3/2026 09:32:16,23/3/2026 09:32:16
1576,2022,601009,国外,绿课启数据服务有限公司,,,,,,0,0,,,银行,金融业,Zurich,Sydney,,NASDAQ,Prime,,0,1,美国,0,0,23/3/2026 09:32:16,23/3/2026 09:32:16
1598,2022,2163,国外,瑞尹泰软件控股公司,,,,,,0,0,,,建筑装饰,建筑业,,Sydney,,TSE,,,0,1,美国,0,0,23/3/2026 09:32:16,23/3/2026 09:32:16
1612,2022,2177,国外,科桥智建筑设计集团公司,,,,,,0,0,,,其他专用设备制造业,专用设备制造业,New South Wales,,,,,,0,1,美国,0,0,23/3/2026 09:32:16,23/3/2026 09:32:16
1614,2022,601939,国外,新澜瀚财富管理发展公司,,,,,,0,0,,,银行,金融业,New South Wales,Tokyo,,NYSE,Prime,,0,1,美国,0,0,23/3/2026 09:32:16,23/3/2026 09:32:16
1618,2022,2185,国外,绿课智新材料有限公司,,,,,,0,0,,,半导体业,半导体业,Zurich,,,LSE,NASDAQ Global Select,,0,1,加拿大,0,0,23/3/2026 09:32:16,23/3/2026 09:32:16
1621,2022,601088,国外,物盈拓财富管理发展公司,,,,,,0,0,,,煤炭开采业,采矿业,Tokyo,Toronto,,NYSE,Standard,,0,1,加拿大,0,0,23/3/2026 09:32:16,23/3/2026 09:32:16
1625,2022,2187,国外,明桥盛建筑设计集团公司,,,,,,0,0,,,零售业,批发和零售业,Tokyo,New York,,SGX,Growth,,0,1,加拿大,0,0,23/3/2026 09:32:16,23/3/2026 09:32:16
1644,2022,2202,国外,联环盛船舶科技公司,,,,,,0,0,,,通用设备制造业,通用设备制造业,,Toronto,,SGX,Standard,,0,1,美国,0,0,23/3/2026 09:32:16,23/3/2026 09:32:16
1651,2022,2209,国外,明盈瀚化工公司,,,,,,0,0,,,通用设备制造业,通用设备制造业,England,New York,,SGX,Main Board,,0,1,美国,0,0,23/3/2026 09:32:16,23/3/2026 09:32:16
1655,2022,601099,国外,招澜远建筑设计控股公司,,,,,,0,0,,,证券,金融业,New South Wales,New York,,TSE,Prime,,0,1,加拿大,0,0,23/3/2026 09:32:16,23/3/2026 09:32:16
1672,2022,2223,国外,高晋骏数据服务股份公司,,,,,,0,0,,,医疗专用设备制造业,专用设备制造业,Tokyo,,,SGX,Standard,,0,1,美国,0,0,23/3/2026 09:32:16,23/3/2026 09:32:16
1677,2022,2230,国外,启达盛城市发展股份公司,,,,,,0,0,,,软件和信息技术服务,信息传输、软件和信息技术服务业,Ontario,Frankfurt,,NASDAQ,Main Board,,0,1,加拿大,0,0,23/3/2026 09:32:16,23/3/2026 09:32:16
1681,2022,2231,国外,盛盈澜金融公司,,,,,,0,0,,,通信传输设备业,通信传输设备业,,New York,,SGX,NASDAQ Global Select,,0,1,加拿大,0,0,23/3/2026 09:32:16,23/3/2026 09:32:16
1686,2022,2246,国外,高电创建筑设计集团公司,,,,,,0,0,,,化工原料,化学原料和化学制品制造业,Zurich,Sydney,,XETRA,,,0,1,加拿大,0,0,23/3/2026 09:32:16,23/3/2026 09:32:16
1688,2022,2243,国外,华能盛新能源汽车控股公司,,,,,,0,0,,,塑料制品,橡胶和塑料制品业,Ontario,,,XETRA,Standard,,0,1,加拿大,0,0,23/3/2026 09:32:16,23/3/2026 09:32:16
1690,2022,2265,国外,新城瀚生物科技科技公司,,,,,,0,0,,,汽车零部件制造业,汽车制造业,New South Wales,Singapore,,NYSE,Growth,,0,1,美国,0,0,23/3/2026 09:32:16,23/3/2026 09:32:16
1691,2022,2252,国外,远环启连锁控股公司,,,,,,0,0,,,生物科技,医药制造业,England,New York,,SGX,Prime,,0,1,美国,0,0,23/3/2026 09:32:16,23/3/2026 09:32:16
1695,2022,2238,国外,招达昌综合开发股份公司,,,,,,0,0,,,电信、广播电视和卫星传输服务,信息传输、软件和信息技术服务业,Bavaria,Singapore,,TSX,Growth,,0,1,美国,0,0,23/3/2026 09:32:16,23/3/2026 09:32:16
1709,2022,2260,国外,联锦科建设开发股份公司,,,,,,0,0,,,纺织鞋服业,纺织鞋服业,Zurich,Frankfurt,,ASX,NASDAQ Global Select,,0,1,加拿大,0,0,23/3/2026 09:32:16,23/3/2026 09:32:16
1721,2022,2273,国外,明白创建设开发控股公司,,,,,,0,0,,,电子元件及设备,消费电子及电气业,England,New York,,ASX,Main Board,,0,1,美国,0,0,23/3/2026 09:32:16,23/3/2026 09:32:16
1726,2022,2276,国外,比阳骏生物科技集团公司,,,,,,0,0,,,光纤电缆制造业,商业电气机械和器材制造业,England,Singapore,,TSX,Main Board,,0,1,加拿大,0,0,23/3/2026 09:32:16,23/3/2026 09:32:16
1728,2022,2284,国外,绿源昌集成电路控股公司,,,,,,0,0,,,汽车零部件制造业,汽车制造业,Tokyo,Frankfurt,,TSX,NASDAQ Global Select,,0,1,加拿大,0,0,23/3/2026 09:32:16,23/3/2026 09:32:16
1730,2022,2362,国外,凯通泰贸易公司,,,,,,0,0,,,软件和信息技术服务,信息传输、软件和信息技术服务业,Ontario,Sydney,,SGX,Growth,,0,1,加拿大,0,0,23/3/2026 09:32:16,23/3/2026 09:32:16
1735,2022,2280,国外,冀新盛医药控股公司,,,,,,0,0,,,互联网和相关服务,信息传输、软件和信息技术服务业,Bavaria,New York,,ASX,Standard,,0,1,加拿大,0,0,23/3/2026 09:32:16,23/3/2026 09:32:16
1736,2022,2285,国外,凯环启传媒公司,,,,,,0,0,,,房地产中介,房地产业,California,Frankfurt,,NASDAQ,Standard,,0,1,加拿大,0,0,23/3/2026 09:32:16,23/3/2026 09:32:16
1739,2022,2286,国外,众澜骏城市发展有限公司,,,,,,0,0,,,食品业,食品饮料业,Zurich,Singapore,,,,,0,1,加拿大,0,0,23/3/2026 09:32:16,23/3/2026 09:32:16
1748,2022,2293,国外,联通润环境科技发展公司,,,,,,0,0,,,纺织鞋服业,纺织鞋服业,,New York,,ASX,,,0,1,美国,0,0,23/3/2026 09:32:16,23/3/2026 09:32:16
1756,2022,2467,国外,远晋泰新材料公司,,,,,,0,0,,,互联网和相关服务,信息传输、软件和信息技术服务业,Bavaria,Sydney,,TSX,Prime,,0,1,美国,0,0,23/3/2026 09:32:16,23/3/2026 09:32:16
1769,2022,2489,国外,润会昌环境科技集团公司,,,,,,0,0,,,家具制造业,家具制造业,California,Frankfurt,,TSX,Main Board,,0,1,美国,0,0,23/3/2026 09:32:16,23/3/2026 09:32:16
1772,2022,2306,国外,明车润实业科技公司,,,,,,0,0,,,互联网和相关服务,信息传输、软件和信息技术服务业,,London,,SGX,Growth,,0,1,加拿大,0,0,23/3/2026 09:32:16,23/3/2026 09:32:16
1775,2022,2307,国外,高尹润电器发展公司,,,,,,0,0,,,土木工程,建筑业,Ontario,Frankfurt,,SGX,Growth,,0,1,加拿大,0,0,23/3/2026 09:32:16,23/3/2026 09:32:16
1782,2022,2310,国外,盛园润环境科技集团公司,,,,,,0,0,,,水利、环境和公共设施管理业,水利、环境和公共设施管理业,Tokyo,Toronto,,NYSE,Standard,,0,1,美国,0,0,23/3/2026 09:32:16,23/3/2026 09:32:16
1783,2022,601139,国外,新锦锦新能源汽车控股公司,,,,,,0,0,,,燃气生产和供应业,电力、热力、燃气及水生产和供应业,,Tokyo,,ASX,Growth,,0,1,美国,0,0,23/3/2026 09:32:16,23/3/2026 09:32:16
1789,2022,601618,国外,保晋迈玻璃发展公司,,,,,,0,0,,,土木工程,建筑业,Ontario,,,LSE,NASDAQ Global Select,,0,1,美国,0,0,23/3/2026 09:32:16,23/3/2026 09:32:16
1793,2022,2356,国外,保芯源财富管理控股公司,,,,,,0,0,,,零售业,批发和零售业,Bavaria,Frankfurt,,SGX,Growth,,0,1,美国,0,0,23/3/2026 09:32:16,23/3/2026 09:32:16
1808,2022,300006,国外,华桥泰电子科技公司,,,,,,0,0,,,制药,医药制造业,,Frankfurt,,TSX,NASDAQ Global Select,,0,1,加拿大,0,0,23/3/2026 09:32:16,23/3/2026 09:32:16
1817,2022,300023,国外,比新润新材料公司,,,,,,0,0,,,非银金融,,Tokyo,Toronto,,SGX,,,0,1,美国,0,0,23/3/2026 09:32:16,23/3/2026 09:32:16
1823,2022,300019,国外,明园拓新能源汽车发展公司,,,,,,0,0,,,精细化工,化学原料和化学制品制造业,Ontario,Toronto,,SGX,Main Board,,0,1,加拿大,0,0,23/3/2026 09:32:16,23/3/2026 09:32:16
1824,2022,300020,国外,瑞泽泰综合开发公司,,,,,,0,0,,,软件和信息技术服务,信息传输、软件和信息技术服务业,England,Sydney,,SGX,Standard,,0,1,美国,0,0,23/3/2026 09:32:16,23/3/2026 09:32:16
1825,2022,300028,国外,北工拓财富管理公司,,,,,,0,0,,,通信,,England,Singapore,,XETRA,Growth,,0,1,加拿大,0,0,23/3/2026 09:32:16,23/3/2026 09:32:16
1830,2022,2320,国外,星通远软件有限公司,,,,,,0,0,,,水路交通运输业,交通运输、仓储和邮政业,Ontario,Singapore,,,,,0,1,加拿大,0,0,23/3/2026 09:32:16,23/3/2026 09:32:16
1835,2022,2324,国外,北锦科金融科技公司,,,,,,0,0,,,塑料制品,橡胶和塑料制品业,New South Wales,London,,TSE,Standard,,0,1,美国,0,0,23/3/2026 09:32:16,23/3/2026 09:32:16
1836,2022,2322,国外,联禾润城市发展集团公司,,,,,,0,0,,,软件和信息技术服务,信息传输、软件和信息技术服务业,California,Sydney,,LSE,,,0,1,美国,0,0,23/3/2026 09:32:16,23/3/2026 09:32:16
1837,2022,2323,国外,北禾润连锁发展公司,,,,,,0,0,,,建筑装饰,建筑业,,Singapore,,XETRA,Main Board,,0,1,美国,0,0,23/3/2026 09:32:16,23/3/2026 09:32:16
1840,2022,2329,国外,长控启传媒股份公司,,,,,,0,0,,,食品业,食品饮料业,Bavaria,New York,,SGX,Standard,,0,1,加拿大,0,0,23/3/2026 09:32:16,23/3/2026 09:32:16
1841,2022,2333,国外,招桥骏批发有限公司,,,,,,0,0,,,有色金属冶炼和压延加工业,金属冶炼和压延加工业,,Toronto,,XETRA,Standard,,0,1,美国,0,0,23/3/2026 09:32:16,23/3/2026 09:32:16
1842,2022,2332,国外,物能盛建筑设计有限公司,,,,,,0,0,,,制药,医药制造业,New South Wales,,,TSX,NASDAQ Global Select,,0,1,美国,0,0,23/3/2026 09:32:16,23/3/2026 09:32:16
1849,2022,2561,国外,花达创金融公司,,,,,,0,0,,,零售业,批发和零售业,Ontario,London,,TSE,Prime,,0,1,美国,0,0,23/3/2026 09:32:16,23/3/2026 09:32:16
1852,2022,2344,国外,联锦昌金融发展公司,,,,,,0,0,,,租赁业,租赁和商务服务业,Bavaria,London,,,NASDAQ Global Select,,0,1,加拿大,0,0,23/3/2026 09:32:16,23/3/2026 09:32:16
1854,2022,300139,国外,花禾泰环境科技股份公司,,,,,,0,0,,,金属制品业,金属制品业,Ontario,London,,LSE,Standard,,0,1,加拿大,0,0,23/3/2026 09:32:16,23/3/2026 09:32:16
1862,2022,2381,国外,恒能骏新材料科技公司,,,,,,0,0,,,橡胶制品,橡胶和塑料制品业,,Frankfurt,,NYSE,Prime,,0,1,美国,0,0,23/3/2026 09:32:16,23/3/2026 09:32:16
1867,2022,2351,国外,联晋景化工集团公司,,,,,,0,0,,,智能消费设备,消费电子及电气业,Zurich,Sydney,,TSX,Prime,,0,1,美国,0,0,23/3/2026 09:32:16,23/3/2026 09:32:16
1878,2022,2359,国外,保园置批发公司,,,,,,0,0,,,医药研发服务,科学研究和技术服务业,Bavaria,Sydney,,SGX,Standard,,0,1,美国,0,0,23/3/2026 09:32:16,23/3/2026 09:32:16
1883,2022,300037,国外,万桥航建筑设计集团公司,,,,,,0,0,,,精细化工,化学原料和化学制品制造业,England,Tokyo,,ASX,Standard,,0,1,美国,0,0,23/3/2026 09:32:16,23/3/2026 09:32:16
1888,2022,601688,国外,联白禾水务股份公司,,,,,,0,0,,,证券,金融业,Bavaria,Singapore,,TSX,Main Board,,0,1,美国,0,0,23/3/2026 09:32:16,23/3/2026 09:32:16
1889,2022,2369,国外,联园远能源股份公司,,,,,,0,0,,,通信传输设备业,通信传输设备业,Ontario,Tokyo,,,Main Board,,0,1,美国,0,0,23/3/2026 09:32:16,23/3/2026 09:32:16
1892,2022,2360,国外,恒海泰新能源汽车集团公司,,,,,,0,0,,,化工原料,化学原料和化学制品制造业,Tokyo,London,,XETRA,Prime,,0,1,美国,0,0,23/3/2026 09:32:16,23/3/2026 09:32:16
1894,2022,300039,国外,物达创零售科技公司,,,,,,0,0,,,制药,医药制造业,California,London,,NASDAQ,Prime,,0,1,美国,0,0,23/3/2026 09:32:16,23/3/2026 09:32:16
1914,2022,2378,国外,明课泰新材料发展公司,,,,,,0,0,,,有色金属冶炼和压延加工业,金属冶炼和压延加工业,,Toronto,,SGX,,,0,1,加拿大,0,0,23/3/2026 09:32:16,23/3/2026 09:32:16
1919,2022,603199,国外,十阳骏电器科技公司,,,,,,0,0,,,水利、环境和公共设施管理业,水利、环境和公共设施管理业,California,Sydney,,ASX,Main Board,,0,1,加拿大,0,0,23/3/2026 09:32:16,23/3/2026 09:32:16
1922,2022,2379,国外,花桥航水电公司,,,,,,0,0,,,有色金属冶炼和压延加工业,金属冶炼和压延加工业,Tokyo,Singapore,,LSE,Main Board,,0,1,美国,0,0,23/3/2026 09:32:16,23/3/2026 09:32:16
1938,2022,601158,国外,明会昌通信有限公司,,,,,,0,0,,,水生产和供应业,电力、热力、燃气及水生产和供应业,Bavaria,London,,NYSE,Main Board,,0,1,美国,0,0,23/3/2026 09:32:16,23/3/2026 09:32:16
1940,2022,300053,国外,明控远集成电路控股公司,,,,,,0,0,,,半导体业,半导体业,England,Sydney,,XETRA,Prime,,0,1,美国,0,0,23/3/2026 09:32:16,23/3/2026 09:32:16
1947,2022,2395,国外,华禾航传媒集团公司,,,,,,0,0,,,塑料制品,橡胶和塑料制品业,Tokyo,,,NYSE,Standard,,0,1,美国,0,0,23/3/2026 09:32:16,23/3/2026 09:32:16
1949,2022,2398,国外,北阳启水务发展公司,,,,,,0,0,,,其他科研技术服务,科学研究和技术服务业,Bavaria,Frankfurt,,ASX,NASDAQ Global Select,,0,1,加拿大,0,0,23/3/2026 09:32:16,23/3/2026 09:32:16
1954,2022,2410,国外,联业置通信科技公司,,,,,,0,0,,,软件和信息技术服务,信息传输、软件和信息技术服务业,California,Frankfurt,,TSX,Standard,,0,1,加拿大,0,0,23/3/2026 09:32:16,23/3/2026 09:32:16
1962,2022,2405,国外,招澜启水电发展公司,,,,,,0,0,,,软件和信息技术服务,信息传输、软件和信息技术服务业,Zurich,New York,,ASX,Standard,,0,1,加拿大,0,0,23/3/2026 09:32:16,23/3/2026 09:32:16
1963,2022,2403,国外,星白航城市发展集团公司,,,,,,0,0,,,家用电器,消费电子及电气业,England,Toronto,,,NASDAQ Global Select,,0,1,加拿大,0,0,23/3/2026 09:32:16,23/3/2026 09:32:16
1965,2022,2409,国外,碧澜置化工有限公司,,,,,,0,0,,,精细化工,化学原料和化学制品制造业,England,Toronto,,TSE,Prime,,0,1,美国,0,0,23/3/2026 09:32:16,23/3/2026 09:32:16
1969,2022,300061,国外,招锦澜置业控股公司,,,,,,0,0,,,商务服务业,租赁和商务服务业,Tokyo,Frankfurt,,XETRA,,,0,1,加拿大,0,0,23/3/2026 09:32:16,23/3/2026 09:32:16
1971,2022,2415,国外,北能创传媒股份公司,,,,,,0,0,,,电子元件及设备,消费电子及电气业,Ontario,Tokyo,,XETRA,Standard,,0,1,加拿大,0,0,23/3/2026 09:32:16,23/3/2026 09:32:16
1976,2022,300087,国外,众课盛船舶发展公司,,,,,,0,0,,,农业,农、林、牧、渔业,,Sydney,,,Standard,,0,1,美国,0,0,23/3/2026 09:32:16,23/3/2026 09:32:16
1984,2022,300068,国外,新酷科置业科技公司,,,,,,0,0,,,电池制造业,商业电气机械和器材制造业,Zurich,Toronto,,NYSE,Standard,,0,1,美国,0,0,23/3/2026 09:32:16,23/3/2026 09:32:16
1990,2022,2428,国外,北桥科实业控股公司,,,,,,0,0,,,有色金属冶炼和压延加工业,金属冶炼和压延加工业,,New York,,SGX,Prime,,0,1,加拿大,0,0,23/3/2026 09:32:16,23/3/2026 09:32:16
2000,2022,2430,国外,星锦禾传媒股份公司,,,,,,0,0,,,其他专用设备制造业,专用设备制造业,Tokyo,London,,SGX,,,0,1,加拿大,0,0,23/3/2026 09:32:16,23/3/2026 09:32:16
2007,2022,2434,国外,保海盛化工科技公司,,,,,,0,0,,,汽车零部件制造业,汽车制造业,,London,,TSE,NASDAQ Global Select,,0,1,美国,0,0,23/3/2026 09:32:16,23/3/2026 09:32:16
2008,2022,2436,国外,凯控远财富管理科技公司,,,,,,0,0,,,半导体业,半导体业,Ontario,New York,,SGX,Standard,,0,1,加拿大,0,0,23/3/2026 09:32:16,23/3/2026 09:32:16
2012,2022,300069,国外,保阳昌电器股份公司,,,,,,0,0,,,光纤电缆制造业,商业电气机械和器材制造业,New South Wales,,,TSX,Prime,,0,1,加拿大,0,0,23/3/2026 09:32:16,23/3/2026 09:32:16
2013,2022,300067,国外,盛桥润置业发展公司,,,,,,0,0,,,精细化工,化学原料和化学制品制造业,Tokyo,Tokyo,,NASDAQ,Growth,,0,1,美国,0,0,23/3/2026 09:32:16,23/3/2026 09:32:16
2017,2022,2443,国外,北环航电器科技公司,,,,,,0,0,,,金属制品业,金属制品业,California,London,,NASDAQ,Main Board,,0,1,美国,0,0,23/3/2026 09:32:16,23/3/2026 09:32:16
2023,2022,300074,国外,万通景船舶集团公司,,,,,,0,0,,,软件和信息技术服务,信息传输、软件和信息技术服务业,Zurich,Singapore,,ASX,Main Board,,0,1,美国,0,0,23/3/2026 09:32:16,23/3/2026 09:32:16
2029,2022,300077,国外,花园科实业公司,,,,,,0,0,,,半导体业,半导体业,Zurich,,,LSE,Standard,,0,1,加拿大,0,0,23/3/2026 09:32:16,23/3/2026 09:32:16
2034,2022,300084,国外,联白景新能源汽车公司,,,,,,0,0,,,开发辅助业,采矿业,New South Wales,Singapore,,XETRA,NASDAQ Global Select,,0,1,加拿大,0,0,23/3/2026 09:32:16,23/3/2026 09:32:16
2037,2022,2466,国外,保尹智能源集团公司,,,,,,0,0,,,有色金属冶炼和压延加工业,金属冶炼和压延加工业,,London,,NASDAQ,Main Board,,0,1,美国,0,0,23/3/2026 09:32:16,23/3/2026 09:32:16
2039,2022,300238,国外,华课禾新能源汽车集团公司,,,,,,0,0,,,医疗专用设备制造业,专用设备制造业,Bavaria,New York,,ASX,NASDAQ Global Select,,0,1,加拿大,0,0,23/3/2026 09:32:16,23/3/2026 09:32:16
2049,2022,300272,国外,科尹泽化工有限公司,,,,,,0,0,,,精细化工,化学原料和化学制品制造业,England,New York,,XETRA,Standard,,0,1,加拿大,0,0,23/3/2026 09:32:16,23/3/2026 09:32:16
2061,2022,601717,国外,新芯润电子股份公司,,,,,,0,0,,,其他专用设备制造业,专用设备制造业,California,New York,,NASDAQ,NASDAQ Global Select,,0,1,美国,0,0,23/3/2026 09:32:16,23/3/2026 09:32:16
2068,2022,2464,国外,物车启医药控股公司,,,,,,0,0,,,传媒,,Tokyo,Frankfurt,,NASDAQ,Standard,,0,1,美国,0,0,23/3/2026 09:32:16,23/3/2026 09:32:16
2069,2022,601718,国外,华盈创能源股份公司,,,,,,0,0,,,纺织鞋服业,纺织鞋服业,Zurich,,,LSE,Standard,,0,1,美国,0,0,23/3/2026 09:32:16,23/3/2026 09:32:16
2074,2022,300152,国外,北通泽电器公司,,,,,,0,0,,,水利、环境和公共设施管理业,水利、环境和公共设施管理业,Tokyo,Tokyo,,TSX,Growth,,0,1,美国,0,0,23/3/2026 09:32:16,23/3/2026 09:32:16
2085,2022,2484,国外,明新盛集成电路公司,,,,,,0,0,,,电池制造业,商业电气机械和器材制造业,Ontario,Sydney,,NYSE,NASDAQ Global Select,,0,1,加拿大,0,0,23/3/2026 09:32:16,23/3/2026 09:32:16
2086,2022,300126,国外,新新启软件科技公司,,,,,,0,0,,,通用设备制造业,通用设备制造业,California,Sydney,,XETRA,Growth,,0,1,加拿大,0,0,23/3/2026 09:32:16,23/3/2026 09:32:16
2088,2022,2468,国外,凯盈盛医药公司,,,,,,0,0,,,邮政业,交通运输、仓储和邮政业,New South Wales,Singapore,,SGX,Main Board,,0,1,加拿大,0,0,23/3/2026 09:32:16,23/3/2026 09:32:16
2089,2022,300104,国外,北课远批发有限公司,,,,,,0,0,,,传媒,,,Tokyo,,SGX,Standard,,0,1,加拿大,0,0,23/3/2026 09:32:16,23/3/2026 09:32:16
2090,2022,300110,国外,恒桥远连锁控股公司,,,,,,0,0,,,制药,医药制造业,New South Wales,,,SGX,Growth,,0,1,加拿大,0,0,23/3/2026 09:32:16,23/3/2026 09:32:16
2092,2022,2476,国外,北桥盛通信控股公司,,,,,,0,0,,,化工原料,化学原料和化学制品制造业,,Singapore,,NASDAQ,,,0,1,加拿大,0,0,23/3/2026 09:32:16,23/3/2026 09:32:16
2093,2022,2470,国外,碧澜航贸易股份公司,,,,,,0,0,,,化肥,化学原料和化学制品制造业,California,Singapore,,XETRA,,,0,1,加拿大,0,0,23/3/2026 09:32:16,23/3/2026 09:32:16
2094,2022,300107,国外,高课澜综合开发股份公司,,,,,,0,0,,,精细化工,化学原料和化学制品制造业,Zurich,,,NYSE,Prime,,0,1,美国,0,0,23/3/2026 09:32:16,23/3/2026 09:32:16
2096,2022,601177,国外,比盈禾化工公司,,,,,,0,0,,,通用设备制造业,通用设备制造业,Zurich,New York,,NYSE,Standard,,0,1,加拿大,0,0,23/3/2026 09:32:16,23/3/2026 09:32:16
2098,2022,601377,国外,冀业源城市发展股份公司,,,,,,0,0,,,证券,金融业,,Tokyo,,LSE,Growth,,0,1,加拿大,0,0,23/3/2026 09:32:16,23/3/2026 09:32:16
2106,2022,300116,国外,科芯创建设开发控股公司,,,,,,0,0,,,电池制造业,商业电气机械和器材制造业,Bavaria,New York,,LSE,Prime,,0,1,加拿大,0,0,23/3/2026 09:32:16,23/3/2026 09:32:16
2108,2022,300111,国外,联车置水务股份公司,,,,,,0,0,,,制药,医药制造业,Zurich,Sydney,,LSE,NASDAQ Global Select,,0,1,美国,0,0,23/3/2026 09:32:16,23/3/2026 09:32:16
2110,2022,2478,国外,盛通泰财富管理发展公司,,,,,,0,0,,,金属制品业,金属制品业,,London,,NASDAQ,Main Board,,0,1,美国,0,0,23/3/2026 09:32:16,23/3/2026 09:32:16
2112,2022,300156,国外,恒会智化工股份公司,,,,,,0,0,,,公用事业,,England,London,,SGX,NASDAQ Global Select,,0,1,美国,0,0,23/3/2026 09:32:16,23/3/2026 09:32:16
2121,2022,2595,国外,北芯盛化工控股公司,,,,,,0,0,,,其他专用设备制造业,专用设备制造业,Bavaria,London,,TSE,NASDAQ Global Select,,0,1,加拿大,0,0,23/3/2026 09:32:16,23/3/2026 09:32:16
2124,2022,300120,国外,保尹置连锁集团公司,,,,,,0,0,,,电子元件及设备,消费电子及电气业,Ontario,London,,SGX,Growth,,0,1,加拿大,0,0,23/3/2026 09:32:16,23/3/2026 09:32:16
2125,2022,300128,国外,华盈锦城市发展科技公司,,,,,,0,0,,,电子元件及设备,消费电子及电气业,Zurich,,,TSX,Prime,,0,1,加拿大,0,0,23/3/2026 09:32:16,23/3/2026 09:32:16
2126,2022,2479,国外,万会创传媒发展公司,,,,,,0,0,,,电力热力生产和供应业,电力、热力、燃气及水生产和供应业,Tokyo,New York,,SGX,Prime,,0,1,加拿大,0,0,23/3/2026 09:32:16,23/3/2026 09:32:16
2128,2022,2480,国外,凯禾科通信公司,,,,,,0,0,,,通用设备制造业,通用设备制造业,California,Sydney,,NASDAQ,Standard,,0,1,加拿大,0,0,23/3/2026 09:32:16,23/3/2026 09:32:16
2134,2022,2486,国外,新酷润集成电路公司,,,,,,0,0,,,纺织鞋服业,纺织鞋服业,England,Singapore,,,NASDAQ Global Select,,0,1,加拿大,0,0,23/3/2026 09:32:16,23/3/2026 09:32:16
2135,2022,2485,国外,凯禾航水务科技公司,,,,,,0,0,,,纺织鞋服业,纺织鞋服业,Ontario,New York,,TSE,Growth,,0,1,美国,0,0,23/3/2026 09:32:16,23/3/2026 09:32:16
2138,2022,2521,国外,星禾澜医药集团公司,,,,,,0,0,,,造纸和纸制品业,造纸和纸制品业,Zurich,London,,,Growth,,0,1,加拿大,0,0,23/3/2026 09:32:16,23/3/2026 09:32:16
2140,2022,300122,国外,保锦骏建筑设计发展公司,,,,,,0,0,,,生物科技,医药制造业,Ontario,Toronto,,TSX,Growth,,0,1,加拿大,0,0,23/3/2026 09:32:16,23/3/2026 09:32:16
2157,2022,2494,国外,冀桥景批发控股公司,,,,,,0,0,,,纺织鞋服业,纺织鞋服业,England,Frankfurt,,TSX,Main Board,,0,1,美国,0,0,23/3/2026 09:32:16,23/3/2026 09:32:16
2160,2022,300131,国外,远澜昌新能源汽车科技公司,,,,,,0,0,,,批发业,批发和零售业,England,Singapore,,LSE,Growth,,0,1,美国,0,0,23/3/2026 09:32:16,23/3/2026 09:32:16
2161,2022,2498,国外,瑞源澜船舶股份公司,,,,,,0,0,,,光纤电缆制造业,商业电气机械和器材制造业,England,Toronto,,NASDAQ,NASDAQ Global Select,,0,1,美国,0,0,23/3/2026 09:32:16,23/3/2026 09:32:16
2166,2022,300138,国外,北禾锦船舶控股公司,,,,,,0,0,,,食品业,食品饮料业,Bavaria,Toronto,,SGX,NASDAQ Global Select,,0,1,加拿大,0,0,23/3/2026 09:32:16,23/3/2026 09:32:16
2170,2022,2499,国外,冀澜联房地产开发股份公司,,,,,,0,0,,,机械设备,,New South Wales,Tokyo,,NYSE,Standard,,0,1,美国,0,0,23/3/2026 09:32:16,23/3/2026 09:32:16
2172,2022,2502,国外,众新联软件发展公司,,,,,,0,0,,,文化、体育和娱乐业,文化、体育和娱乐业,Bavaria,Sydney,,TSX,Growth,,0,1,加拿大,0,0,23/3/2026 09:32:16,23/3/2026 09:32:16
2193,2022,601880,国外,万通盛化工有限公司,,,,,,0,0,,,水路交通运输业,交通运输、仓储和邮政业,California,Frankfurt,,NASDAQ,Standard,,0,1,加拿大,0,0,23/3/2026 09:32:16,23/3/2026 09:32:16
2194,2022,2515,国外,招泽瀚环境科技科技公司,,,,,,0,0,,,食品业,食品饮料业,Zurich,New York,,TSX,,,0,1,加拿大,0,0,23/3/2026 09:32:16,23/3/2026 09:32:16
2199,2022,300168,国外,远阳创房地产开发有限公司,,,,,,0,0,,,软件和信息技术服务,信息传输、软件和信息技术服务业,California,Toronto,,TSE,Standard,,0,1,加拿大,0,0,23/3/2026 09:32:16,23/3/2026 09:32:16
2200,2022,300158,国外,盛城智批发科技公司,,,,,,0,0,,,制药,医药制造业,California,Singapore,,TSE,Standard,,0,1,美国,0,0,23/3/2026 09:32:16,23/3/2026 09:32:16
2201,2022,2516,国外,碧业润新材料集团公司,,,,,,0,0,,,纺织鞋服业,纺织鞋服业,Ontario,,,LSE,Main Board,,0,1,加拿大,0,0,23/3/2026 09:32:16,23/3/2026 09:32:16
2203,2022,603167,国外,花锦科能源控股公司,,,,,,0,0,,,水路交通运输业,交通运输、仓储和邮政业,Bavaria,London,,TSE,Standard,,0,1,加拿大,0,0,23/3/2026 09:32:16,23/3/2026 09:32:16
2208,2022,300146,国外,万桥远能源科技公司,,,,,,0,0,,,食品业,食品饮料业,,Tokyo,,TSE,Growth,,0,1,加拿大,0,0,23/3/2026 09:32:16,23/3/2026 09:32:16
2211,2022,2547,国外,万车泰生物科技发展公司,,,,,,0,0,,,金属制品业,金属制品业,California,Sydney,,ASX,Growth,,0,1,加拿大,0,0,23/3/2026 09:32:16,23/3/2026 09:32:16
2217,2022,300147,国外,众电禾数据服务发展公司,,,,,,0,0,,,制药,医药制造业,New South Wales,Singapore,,XETRA,Prime,,0,1,加拿大,0,0,23/3/2026 09:32:16,23/3/2026 09:32:16
2223,2022,300169,国外,凯阳景房地产开发集团公司,,,,,,0,0,,,塑料制品,橡胶和塑料制品业,Zurich,,,TSE,Growth,,0,1,加拿大,0,0,23/3/2026 09:32:16,23/3/2026 09:32:16
2229,2022,601933,国外,科盈拓新材料发展公司,,,,,,0,0,,,零售业,批发和零售业,California,Toronto,,TSX,Growth,,0,1,美国,0,0,23/3/2026 09:32:16,23/3/2026 09:32:16
2230,2022,300191,国外,物新远建设开发发展公司,,,,,,0,0,,,开发辅助业,采矿业,Zurich,Toronto,,LSE,Prime,,0,1,加拿大,0,0,23/3/2026 09:32:16,23/3/2026 09:32:16
2233,2022,300223,国外,万园盛通信控股公司,,,,,,0,0,,,半导体业,半导体业,Bavaria,Sydney,,SGX,Prime,,0,1,加拿大,0,0,23/3/2026 09:32:16,23/3/2026 09:32:16
2235,2022,2609,国外,凯业拓医药公司,,,,,,0,0,,,软件和信息技术服务,信息传输、软件和信息技术服务业,Bavaria,Sydney,,NASDAQ,,,0,1,加拿大,0,0,23/3/2026 09:32:16,23/3/2026 09:32:16
2238,2022,300160,国外,万泽泰批发股份公司,,,,,,0,0,,,玻璃制品业,非金属矿物制品业,Tokyo,New York,,NYSE,NASDAQ Global Select,,0,1,美国,0,0,23/3/2026 09:32:16,23/3/2026 09:32:16
2250,2022,300171,国外,长园禾贸易控股公司,,,,,,0,0,,,其他专用设备制造业,专用设备制造业,New South Wales,Toronto,,,NASDAQ Global Select,,0,1,加拿大,0,0,23/3/2026 09:32:16,23/3/2026 09:32:16
2256,2022,2544,国外,新禾盛城市发展有限公司,,,,,,0,0,,,软件和信息技术服务,信息传输、软件和信息技术服务业,California,Tokyo,,,,,0,1,美国,0,0,23/3/2026 09:32:16,23/3/2026 09:32:16
2261,2022,300177,国外,保酷源环境科技控股公司,,,,,,0,0,,,通信传输设备业,通信传输设备业,California,Sydney,,NYSE,,,0,1,美国,0,0,23/3/2026 09:32:16,23/3/2026 09:32:16
2269,2022,300193,国外,高电联连锁发展公司,,,,,,0,0,,,通用设备制造业,通用设备制造业,California,Singapore,,,Standard,,0,1,加拿大,0,0,23/3/2026 09:32:16,23/3/2026 09:32:16
2275,2022,2546,国外,碧会禾置业发展公司,,,,,,0,0,,,电机制造业,商业电气机械和器材制造业,Tokyo,New York,,ASX,Growth,,0,1,加拿大,0,0,23/3/2026 09:32:16,23/3/2026 09:32:16
2277,2022,300184,国外,明酷润实业集团公司,,,,,,0,0,,,批发业,批发和零售业,England,Singapore,,LSE,Standard,,0,1,美国,0,0,23/3/2026 09:32:16,23/3/2026 09:32:16
2279,2022,2769,国外,瑞酷泰新能源汽车控股公司,,,,,,0,0,,,商务服务业,租赁和商务服务业,Zurich,Singapore,,XETRA,Main Board,,0,1,加拿大,0,0,23/3/2026 09:32:16,23/3/2026 09:32:16
2283,2022,2558,国外,明泽拓金融发展公司,,,,,,0,0,,,互联网和相关服务,信息传输、软件和信息技术服务业,England,Singapore,,ASX,Main Board,,0,1,美国,0,0,23/3/2026 09:32:16,23/3/2026 09:32:16
2286,2022,300229,国外,科白瀚连锁集团公司,,,,,,0,0,,,软件和信息技术服务,信息传输、软件和信息技术服务业,,Frankfurt,,LSE,Main Board,,0,1,美国,0,0,23/3/2026 09:32:16,23/3/2026 09:32:16
2287,2022,2706,国外,润环源化工发展公司,,,,,,0,0,,,电机制造业,商业电气机械和器材制造业,Bavaria,London,,XETRA,Growth,,0,1,美国,0,0,23/3/2026 09:32:16,23/3/2026 09:32:16
2299,2022,300187,国外,华业科连锁控股公司,,,,,,0,0,,,水利、环境和公共设施管理业,水利、环境和公共设施管理业,New South Wales,Toronto,,XETRA,NASDAQ Global Select,,0,1,美国,0,0,23/3/2026 09:32:16,23/3/2026 09:32:16
2306,2022,601258,国外,绿海启能源集团公司,,,,,,0,0,,,汽车,,England,Sydney,,SGX,Standard,,0,1,美国,0,0,23/3/2026 09:32:16,23/3/2026 09:32:16
2310,2022,300211,国外,北课澜电子股份公司,,,,,,0,0,,,通信传输设备业,通信传输设备业,Tokyo,Frankfurt,,LSE,NASDAQ Global Select,,0,1,加拿大,0,0,23/3/2026 09:32:16,23/3/2026 09:32:16
2313,2022,601992,国外,高园锦化工控股公司,,,,,,0,0,,,玻璃制品业,非金属矿物制品业,Tokyo,Toronto,,,Standard,,0,1,美国,0,0,23/3/2026 09:32:16,23/3/2026 09:32:16
2314,2022,2563,国外,科电骏通信集团公司,,,,,,0,0,,,纺织鞋服业,纺织鞋服业,Ontario,Singapore,,TSX,,,0,1,美国,0,0,23/3/2026 09:32:16,23/3/2026 09:32:16
2315,2022,601199,国外,凯锦骏电子科技公司,,,,,,0,0,,,水生产和供应业,电力、热力、燃气及水生产和供应业,Tokyo,Sydney,,XETRA,Growth,,0,1,美国,0,0,23/3/2026 09:32:16,23/3/2026 09:32:16
2319,2022,300200,国外,联课迈船舶集团公司,,,,,,0,0,,,化工原料,化学原料和化学制品制造业,Zurich,Toronto,,TSX,Growth,,0,1,美国,0,0,23/3/2026 09:32:16,23/3/2026 09:32:16
2343,2022,601566,国外,明澜锦房地产开发控股公司,,,,,,0,0,,,纺织鞋服业,纺织鞋服业,New South Wales,Toronto,,TSE,Standard,,0,1,加拿大,0,0,23/3/2026 09:32:16,23/3/2026 09:32:16
2347,2022,300372,国外,比新泰能源有限公司,,,,,,0,0,,,电气设备,,,Tokyo,,,Standard,,0,1,美国,0,0,23/3/2026 09:32:16,23/3/2026 09:32:16
2348,2022,300212,国外,润阳锦水务科技公司,,,,,,0,0,,,软件和信息技术服务,信息传输、软件和信息技术服务业,,Tokyo,,TSX,NASDAQ Global Select,,0,1,加拿大,0,0,23/3/2026 09:32:16,23/3/2026 09:32:16
2358,2022,300257,国外,花课昌生物科技发展公司,,,,,,0,0,,,通用设备制造业,通用设备制造业,Tokyo,London,,LSE,Prime,,0,1,美国,0,0,23/3/2026 09:32:16,23/3/2026 09:32:16
2360,2022,300222,国外,星业源水务公司,,,,,,0,0,,,电机制造业,商业电气机械和器材制造业,,Tokyo,,TSX,Prime,,0,1,加拿大,0,0,23/3/2026 09:32:16,23/3/2026 09:32:16
2361,2022,300217,国外,物海昌房地产开发公司,,,,,,0,0,,,电子元件及设备,消费电子及电气业,California,Tokyo,,TSE,,,0,1,美国,0,0,23/3/2026 09:32:16,23/3/2026 09:32:16
2365,2022,2590,国外,科尹智金融有限公司,,,,,,0,0,,,汽车零部件制造业,汽车制造业,New South Wales,Toronto,,SGX,,,0,1,加拿大,0,0,23/3/2026 09:32:16,23/3/2026 09:32:16
2370,2022,300228,国外,北晋远化工有限公司,,,,,,0,0,,,其他专用设备制造业,专用设备制造业,Ontario,Frankfurt,,SGX,Prime,,0,1,加拿大,0,0,23/3/2026 09:32:16,23/3/2026 09:32:16
2377,2022,2586,国外,冀盈景传媒科技公司,,,,,,0,0,,,土木工程,建筑业,England,Sydney,,ASX,Prime,,0,1,加拿大,0,0,23/3/2026 09:32:16,23/3/2026 09:32:16
2379,2022,300232,国外,润酷瀚连锁有限公司,,,,,,0,0,,,电子元件及设备,消费电子及电气业,Bavaria,New York,,ASX,Prime,,0,1,美国,0,0,23/3/2026 09:32:16,23/3/2026 09:32:16
2381,2022,601798,国外,万环联数据服务科技公司,,,,,,0,0,,,其他专用设备制造业,专用设备制造业,,Toronto,,,Main Board,,0,1,美国,0,0,23/3/2026 09:32:16,23/3/2026 09:32:16
2382,2022,2589,国外,高酷禾软件科技公司,,,,,,0,0,,,批发业,批发和零售业,,Singapore,,NASDAQ,Main Board,,0,1,美国,0,0,23/3/2026 09:32:16,23/3/2026 09:32:16
2388,2022,2778,国外,保工澜置业控股公司,,,,,,0,0,,,石油加工、炼焦和核燃料加工业,石油加工、炼焦和核燃料加工业,New South Wales,Sydney,,NYSE,Standard,,0,1,美国,0,0,23/3/2026 09:32:16,23/3/2026 09:32:16
2390,2022,601567,国外,万海迈生物科技集团公司,,,,,,0,0,,,仪器仪表制造业,仪器仪表制造业,Tokyo,Frankfurt,,NYSE,Standard,,0,1,美国,0,0,23/3/2026 09:32:16,23/3/2026 09:32:16
2395,2022,300239,国外,凯环景软件有限公司,,,,,,0,0,,,制药,医药制造业,Tokyo,,,LSE,Prime,,0,1,美国,0,0,23/3/2026 09:32:16,23/3/2026 09:32:16
2408,2022,2607,国外,高晋源环境科技公司,,,,,,0,0,,,教育,教育,,Frankfurt,,TSX,Prime,,0,1,美国,0,0,23/3/2026 09:32:16,23/3/2026 09:32:16
2410,2022,300243,国外,长城泰医药控股公司,,,,,,0,0,,,精细化工,化学原料和化学制品制造业,California,,,LSE,NASDAQ Global Select,,0,1,美国,0,0,23/3/2026 09:32:16,23/3/2026 09:32:16
2417,2022,603456,国外,花禾昌电子科技公司,,,,,,0,0,,,制药,医药制造业,California,London,,NASDAQ,Prime,,0,1,美国,0,0,23/3/2026 09:32:16,23/3/2026 09:32:16
2429,2022,2717,国外,新海骏软件控股公司,,,,,,0,0,,,水利、环境和公共设施管理业,水利、环境和公共设施管理业,New South Wales,New York,,,Prime,,0,1,美国,0,0,23/3/2026 09:32:16,23/3/2026 09:32:16
2430,2022,2618,国外,瑞酷泽水电发展公司,,,,,,0,0,,,邮政业,交通运输、仓储和邮政业,New South Wales,Singapore,,,,,0,1,加拿大,0,0,23/3/2026 09:32:16,23/3/2026 09:32:16
2436,2022,2629,国外,冀车景建设开发控股公司,,,,,,0,0,,,开发辅助业,采矿业,Tokyo,Frankfurt,,,,,0,1,加拿大,0,0,23/3/2026 09:32:16,23/3/2026 09:32:16
2439,2022,601908,国外,凯晋源房地产开发公司,,,,,,0,0,,,半导体专用设备制造业,专用设备制造业,California,London,,NASDAQ,Main Board,,0,1,美国,0,0,23/3/2026 09:32:16,23/3/2026 09:32:16
2443,2022,300261,国外,新环航传媒公司,,,,,,0,0,,,农药,化学原料和化学制品制造业,England,London,,NASDAQ,Standard,,0,1,加拿大,0,0,23/3/2026 09:32:16,23/3/2026 09:32:16
2446,2022,300268,国外,星尹迈新材料公司,,,,,,0,0,,,食品业,食品饮料业,New South Wales,,,XETRA,NASDAQ Global Select,,0,1,加拿大,0,0,23/3/2026 09:32:16,23/3/2026 09:32:16
2449,2022,2616,国外,星海联城市发展股份公司,,,,,,0,0,,,水利、环境和公共设施管理业,水利、环境和公共设施管理业,Tokyo,London,,LSE,Prime,,0,1,美国,0,0,23/3/2026 09:32:16,23/3/2026 09:32:16
2454,2022,2624,国外,远园盛财富管理集团公司,,,,,,0,0,,,互联网和相关服务,信息传输、软件和信息技术服务业,England,Toronto,,NASDAQ,NASDAQ Global Select,,0,1,美国,0,0,23/3/2026 09:32:16,23/3/2026 09:32:16
2465,2022,300283,国外,凯城盛新能源汽车公司,,,,,,0,0,,,电机制造业,商业电气机械和器材制造业,England,Sydney,,LSE,Main Board,,0,1,加拿大,0,0,23/3/2026 09:32:16,23/3/2026 09:32:16
2466,2022,300275,国外,凯工盛实业科技公司,,,,,,0,0,,,软件和信息技术服务,信息传输、软件和信息技术服务业,California,Frankfurt,,NASDAQ,Standard,,0,1,加拿大,0,0,23/3/2026 09:32:16,23/3/2026 09:32:16
2468,2022,2625,国外,瑞源澜传媒股份公司,,,,,,0,0,,,其他专用设备制造业,专用设备制造业,Ontario,London,,,Prime,,0,1,加拿大,0,0,23/3/2026 09:32:16,23/3/2026 09:32:16
2469,2022,603686,国外,瑞通远连锁有限公司,,,,,,0,0,,,其他专用设备制造业,专用设备制造业,New South Wales,,,NASDAQ,Growth,,0,1,加拿大,0,0,23/3/2026 09:32:16,23/3/2026 09:32:16
2474,2022,601555,国外,花会骏数据服务股份公司,,,,,,0,0,,,证券,金融业,Ontario,,,ASX,NASDAQ Global Select,,0,1,加拿大,0,0,23/3/2026 09:32:16,23/3/2026 09:32:16
2479,2022,2633,国外,新工景生物科技科技公司,,,,,,0,0,,,通用设备制造业,通用设备制造业,Tokyo,Singapore,,ASX,Growth,,0,1,美国,0,0,23/3/2026 09:32:16,23/3/2026 09:32:16
2485,2022,300293,国外,盛源瀚船舶科技公司,,,,,,0,0,,,其他专用设备制造业,专用设备制造业,Ontario,Sydney,,TSX,Prime,,0,1,加拿大,0,0,23/3/2026 09:32:16,23/3/2026 09:32:16
2494,2022,601928,国外,十园景水电集团公司,,,,,,0,0,,,文化、体育和娱乐业,文化、体育和娱乐业,California,Toronto,,XETRA,,,0,1,加拿大,0,0,23/3/2026 09:32:16,23/3/2026 09:32:16
2497,2022,2647,国外,恒车泽零售股份公司,,,,,,0,0,,,多元金融,金融业,Zurich,Frankfurt,,SGX,,,0,1,加拿大,0,0,23/3/2026 09:32:16,23/3/2026 09:32:16
2498,2022,300286,国外,长晋迈通信科技公司,,,,,,0,0,,,仪器仪表制造业,仪器仪表制造业,Ontario,Sydney,,NASDAQ,Main Board,,0,1,加拿大,0,0,23/3/2026 09:32:16,23/3/2026 09:32:16
2510,2022,2649,国外,凯桥泰财富管理科技公司,,,,,,0,0,,,软件和信息技术服务,信息传输、软件和信息技术服务业,California,Toronto,,ASX,,,0,1,加拿大,0,0,23/3/2026 09:32:16,23/3/2026 09:32:16
2514,2022,2656,国外,物园源通信公司,,,,,,0,0,,,纺织鞋服业,纺织鞋服业,Tokyo,New York,,SGX,Prime,,0,1,美国,0,0,23/3/2026 09:32:16,23/3/2026 09:32:16
2515,2022,601368,国外,北环智水电发展公司,,,,,,0,0,,,水生产和供应业,电力、热力、燃气及水生产和供应业,,Sydney,,XETRA,Prime,,0,1,加拿大,0,0,23/3/2026 09:32:16,23/3/2026 09:32:16
2523,2022,300291,国外,润晋禾电子股份公司,,,,,,0,0,,,文化、体育和娱乐业,文化、体育和娱乐业,England,,,XETRA,Prime,,0,1,美国,0,0,23/3/2026 09:32:16,23/3/2026 09:32:16
2525,2022,603729,国外,比源盛传媒股份公司,,,,,,0,0,,,商务服务业,租赁和商务服务业,Tokyo,Toronto,,NYSE,Prime,,0,1,加拿大,0,0,23/3/2026 09:32:16,23/3/2026 09:32:16
2526,2022,300297,国外,冀白盛水电发展公司,,,,,,0,0,,,软件和信息技术服务,信息传输、软件和信息技术服务业,Bavaria,Frankfurt,,ASX,Growth,,0,1,加拿大,0,0,23/3/2026 09:32:16,23/3/2026 09:32:16
2547,2022,300326,国外,高会置玻璃科技公司,,,,,,0,0,,,医疗专用设备制造业,专用设备制造业,California,Toronto,,,NASDAQ Global Select,,0,1,加拿大,0,0,23/3/2026 09:32:16,23/3/2026 09:32:16
2550,2022,300300,国外,长新盛批发公司,,,,,,0,0,,,软件和信息技术服务,信息传输、软件和信息技术服务业,Bavaria,Toronto,,TSX,,,0,1,加拿大,0,0,23/3/2026 09:32:16,23/3/2026 09:32:16
2551,2022,2660,国外,冀城泽环境科技控股公司,,,,,,0,0,,,电机制造业,商业电气机械和器材制造业,Zurich,,,XETRA,,,0,1,美国,0,0,23/3/2026 09:32:16,23/3/2026 09:32:16
2554,2022,2674,国外,众海锦环境科技有限公司,,,,,,0,0,,,纺织鞋服业,纺织鞋服业,,Singapore,,XETRA,Standard,,0,1,加拿大,0,0,23/3/2026 09:32:16,23/3/2026 09:32:16
2559,2022,300314,国外,联园智城市发展集团公司,,,,,,0,0,,,医疗专用设备制造业,专用设备制造业,Bavaria,Tokyo,,XETRA,Prime,,0,1,美国,0,0,23/3/2026 09:32:16,23/3/2026 09:32:16
2563,2022,601965,国外,十城启贸易发展公司,,,,,,0,0,,,其他科研技术服务,科学研究和技术服务业,Ontario,Sydney,,NASDAQ,Standard,,0,1,美国,0,0,23/3/2026 09:32:16,23/3/2026 09:32:16
2574,2022,601038,国外,招能置船舶集团公司,,,,,,0,0,,,其他专用设备制造业,专用设备制造业,Ontario,New York,,,Prime,,0,1,加拿大,0,0,23/3/2026 09:32:16,23/3/2026 09:32:16
2576,2022,300312,国外,联白泽玻璃发展公司,,,,,,0,0,,,通信,,Ontario,New York,,SGX,Standard,,0,1,加拿大,0,0,23/3/2026 09:32:16,23/3/2026 09:32:16
2577,2022,300315,国外,盛能昌电器发展公司,,,,,,0,0,,,互联网和相关服务,信息传输、软件和信息技术服务业,New South Wales,Tokyo,,LSE,Main Board,,0,1,美国,0,0,23/3/2026 09:32:16,23/3/2026 09:32:16
2580,2022,603128,国外,绿能航传媒集团公司,,,,,,0,0,,,邮政业,交通运输、仓储和邮政业,Zurich,,,XETRA,,,0,1,加拿大,0,0,23/3/2026 09:32:16,23/3/2026 09:32:16
2593,2022,300746,国外,比能瀚金融发展公司,,,,,,0,0,,,其他科研技术服务,科学研究和技术服务业,Zurich,London,,TSE,Growth,,0,1,加拿大,0,0,23/3/2026 09:32:16,23/3/2026 09:32:16
2595,2022,2678,国外,招能锦软件公司,,,,,,0,0,,,文教、工美、体育和娱乐用品制造业,文教、工美、体育和娱乐用品制造业,,London,,XETRA,NASDAQ Global Select,,0,1,美国,0,0,23/3/2026 09:32:16,23/3/2026 09:32:16
2597,2022,2851,国外,万电锦玻璃公司,,,,,,0,0,,,电子元件及设备,消费电子及电气业,Bavaria,Tokyo,,NASDAQ,NASDAQ Global Select,,0,1,加拿大,0,0,23/3/2026 09:32:16,23/3/2026 09:32:16
2600,2022,300339,国外,北禾盛传媒集团公司,,,,,,0,0,,,软件和信息技术服务,信息传输、软件和信息技术服务业,,Sydney,,XETRA,NASDAQ Global Select,,0,1,美国,0,0,23/3/2026 09:32:16,23/3/2026 09:32:16
2606,2022,603008,国外,远业源房地产开发股份公司,,,,,,0,0,,,家具制造业,家具制造业,New South Wales,,,ASX,Growth,,0,1,加拿大,0,0,23/3/2026 09:32:16,23/3/2026 09:32:16
2612,2022,603399,国外,启晋润软件公司,,,,,,0,0,,,有色金属冶炼和压延加工业,金属冶炼和压延加工业,Bavaria,Toronto,,NYSE,,,0,1,加拿大,0,0,23/3/2026 09:32:16,23/3/2026 09:32:16
2620,2022,300349,国外,联环盛建设开发集团公司,,,,,,0,0,,,软件和信息技术服务,信息传输、软件和信息技术服务业,Bavaria,Toronto,,NYSE,Prime,,0,1,美国,0,0,23/3/2026 09:32:16,23/3/2026 09:32:16
2622,2022,2698,国外,华泽锦通信有限公司,,,,,,0,0,,,其他专用设备制造业,专用设备制造业,Bavaria,Frankfurt,,LSE,Growth,,0,1,加拿大,0,0,23/3/2026 09:32:16,23/3/2026 09:32:16
2625,2022,2752,国外,星会锦城市发展发展公司,,,,,,0,0,,,金属制品业,金属制品业,New South Wales,Sydney,,SGX,Main Board,,0,1,美国,0,0,23/3/2026 09:32:16,23/3/2026 09:32:16
2628,2022,300341,国外,北泽瀚建筑设计公司,,,,,,0,0,,,电机制造业,商业电气机械和器材制造业,,Tokyo,,SGX,Main Board,,0,1,加拿大,0,0,23/3/2026 09:32:16,23/3/2026 09:32:16
2632,2022,300346,国外,比阳泽连锁公司,,,,,,0,0,,,半导体业,半导体业,Tokyo,London,,NYSE,,,0,1,美国,0,0,23/3/2026 09:32:16,23/3/2026 09:32:16
2637,2022,603126,国外,远晋骏船舶发展公司,,,,,,0,0,,,其他科研技术服务,科学研究和技术服务业,New South Wales,Sydney,,ASX,,,0,1,美国,0,0,23/3/2026 09:32:16,23/3/2026 09:32:16
2640,2022,603288,国外,星能启建设开发公司,,,,,,0,0,,,食品业,食品饮料业,New South Wales,Singapore,,TSX,Main Board,,0,1,美国,0,0,23/3/2026 09:32:16,23/3/2026 09:32:16
2643,2022,2718,国外,招禾远连锁集团公司,,,,,,0,0,,,其他制造业,其他制造业,Bavaria,Sydney,,ASX,Prime,,0,1,美国,0,0,23/3/2026 09:32:16,23/3/2026 09:32:16
2653,2022,2709,国外,高泽盛批发发展公司,,,,,,0,0,,,精细化工,化学原料和化学制品制造业,Zurich,Sydney,,NYSE,NASDAQ Global Select,,0,1,加拿大,0,0,23/3/2026 09:32:16,23/3/2026 09:32:16
2654,2022,2725,国外,万车昌贸易集团公司,,,,,,0,0,,,汽车零部件制造业,汽车制造业,Zurich,New York,,TSX,Main Board,,0,1,加拿大,0,0,23/3/2026 09:32:16,23/3/2026 09:32:16
2658,2022,2695,国外,恒锦科房地产开发有限公司,,,,,,0,0,,,食品业,食品饮料业,New South Wales,Frankfurt,,,,,0,1,加拿大,0,0,23/3/2026 09:32:16,23/3/2026 09:32:16
2659,2022,300382,国外,碧新联能源发展公司,,,,,,0,0,,,其他专用设备制造业,专用设备制造业,Bavaria,,,SGX,Standard,,0,1,美国,0,0,23/3/2026 09:32:16,23/3/2026 09:32:16
2661,2022,2815,国外,冀城迈玻璃集团公司,,,,,,0,0,,,半导体业,半导体业,,,,ASX,Standard,,0,1,加拿大,0,0,23/3/2026 09:32:16,23/3/2026 09:32:16
2667,2022,603166,国外,启新泰批发集团公司,,,,,,0,0,,,汽车零部件制造业,汽车制造业,New South Wales,Frankfurt,,NYSE,Standard,,0,1,加拿大,0,0,23/3/2026 09:32:16,23/3/2026 09:32:16
2670,2022,300354,国外,绿车澜水电科技公司,,,,,,0,0,,,仪器仪表制造业,仪器仪表制造业,Tokyo,,,LSE,Standard,,0,1,加拿大,0,0,23/3/2026 09:32:16,23/3/2026 09:32:16
2672,2022,603308,国外,凯达润综合开发科技公司,,,,,,0,0,,,其他专用设备制造业,专用设备制造业,Tokyo,,,XETRA,Prime,,0,1,加拿大,0,0,23/3/2026 09:32:16,23/3/2026 09:32:16
2673,2022,300388,国外,十课泰集成电路股份公司,,,,,,0,0,,,水利、环境和公共设施管理业,水利、环境和公共设施管理业,Ontario,Toronto,,NYSE,Main Board,,0,1,美国,0,0,23/3/2026 09:32:16,23/3/2026 09:32:16
2683,2022,2782,国外,华通瀚数据服务控股公司,,,,,,0,0,,,电机制造业,商业电气机械和器材制造业,New South Wales,,,NYSE,Standard,,0,1,加拿大,0,0,23/3/2026 09:32:16,23/3/2026 09:32:16
2688,2022,600917,国外,众澜创电器公司,,,,,,0,0,,,燃气生产和供应业,电力、热力、燃气及水生产和供应业,California,New York,,XETRA,,,0,1,美国,0,0,23/3/2026 09:32:16,23/3/2026 09:32:16
2697,2022,300363,国外,长锦瀚电子有限公司,,,,,,0,0,,,制药,医药制造业,Zurich,New York,,SGX,NASDAQ Global Select,,0,1,美国,0,0,23/3/2026 09:32:16,23/3/2026 09:32:16
2700,2022,2748,国外,启业科实业有限公司,,,,,,0,0,,,精细化工,化学原料和化学制品制造业,Ontario,London,,XETRA,Standard,,0,1,加拿大,0,0,23/3/2026 09:32:16,23/3/2026 09:32:16
2701,2022,2705,国外,十控置贸易有限公司,,,,,,0,0,,,家用电器,消费电子及电气业,England,Toronto,,SGX,Prime,,0,1,美国,0,0,23/3/2026 09:32:16,23/3/2026 09:32:16
2704,2022,300391,国外,碧城启综合开发控股公司,,,,,,0,0,,,通用设备制造业,通用设备制造业,Bavaria,Sydney,,ASX,NASDAQ Global Select,,0,1,美国,0,0,23/3/2026 09:32:16,23/3/2026 09:32:16
2705,2022,2838,国外,远泽昌综合开发公司,,,,,,0,0,,,塑料制品,橡胶和塑料制品业,England,London,,TSE,Prime,,0,1,加拿大,0,0,23/3/2026 09:32:16,23/3/2026 09:32:16
2709,2022,300376,国外,明车景贸易集团公司,,,,,,0,0,,,电机制造业,商业电气机械和器材制造业,England,Tokyo,,ASX,Growth,,0,1,加拿大,0,0,23/3/2026 09:32:16,23/3/2026 09:32:16
2717,2022,300379,国外,长车锦通信控股公司,,,,,,0,0,,,软件和信息技术服务,信息传输、软件和信息技术服务业,,Frankfurt,,SGX,Standard,,0,1,美国,0,0,23/3/2026 09:32:16,23/3/2026 09:32:16
2731,2022,603111,国外,星电启贸易科技公司,,,,,,0,0,,,铁路,铁路、船舶、航空航天和其他运输设备制造业,Ontario,Sydney,,NASDAQ,Standard,,0,1,加拿大,0,0,23/3/2026 09:32:16,23/3/2026 09:32:16
2736,2022,300445,国外,润城联通信科技公司,,,,,,0,0,,,仪器仪表制造业,仪器仪表制造业,California,New York,,SGX,,,0,1,加拿大,0,0,23/3/2026 09:32:16,23/3/2026 09:32:16
2741,2022,603979,国外,绿禾昌通信发展公司,,,,,,0,0,,,开发辅助业,采矿业,England,London,,SGX,Standard,,0,1,美国,0,0,23/3/2026 09:32:16,23/3/2026 09:32:16
2748,2022,603010,国外,高盈景批发集团公司,,,,,,0,0,,,化工原料,化学原料和化学制品制造业,,,,SGX,Standard,,0,1,美国,0,0,23/3/2026 09:32:16,23/3/2026 09:32:16
2751,2022,300476,国外,科海科建设开发控股公司,,,,,,0,0,,,半导体业,半导体业,New South Wales,Frankfurt,,NASDAQ,Standard,,0,1,美国,0,0,23/3/2026 09:32:16,23/3/2026 09:32:16
2752,2022,300527,国外,物车盛新材料集团公司,,,,,,0,0,,,其他专用设备制造业,专用设备制造业,England,Frankfurt,,TSX,Growth,,0,1,美国,0,0,23/3/2026 09:32:16,23/3/2026 09:32:16
2753,2022,2798,国外,远达盛化工控股公司,,,,,,0,0,,,家具制造业,家具制造业,England,London,,SGX,Main Board,,0,1,美国,0,0,23/3/2026 09:32:16,23/3/2026 09:32:16
2762,2022,600909,国外,启环科财富管理科技公司,,,,,,0,0,,,证券,金融业,Zurich,Toronto,,NASDAQ,Main Board,,0,1,加拿大,0,0,23/3/2026 09:32:16,23/3/2026 09:32:16
2765,2022,2739,国外,冀阳联数据服务股份公司,,,,,,0,0,,,文化、体育和娱乐业,文化、体育和娱乐业,Bavaria,,,NASDAQ,Prime,,0,1,加拿大,0,0,23/3/2026 09:32:16,23/3/2026 09:32:16
2768,2022,300430,国外,联业置数据服务科技公司,,,,,,0,0,,,仪器仪表制造业,仪器仪表制造业,,Frankfurt,,NYSE,Growth,,0,1,加拿大,0,0,23/3/2026 09:32:16,23/3/2026 09:32:16
2769,2022,300475,国外,十锦航能源集团公司,,,,,,0,0,,,家用电器,消费电子及电气业,New South Wales,London,,,Prime,,0,1,美国,0,0,23/3/2026 09:32:16,23/3/2026 09:32:16
2770,2022,2757,国外,润电瀚环境科技发展公司,,,,,,0,0,,,其他专用设备制造业,专用设备制造业,New South Wales,London,,NYSE,Standard,,0,1,美国,0,0,23/3/2026 09:32:16,23/3/2026 09:32:16
2775,2022,600958,国外,花芯联水务控股公司,,,,,,0,0,,,证券,金融业,Tokyo,,,TSX,NASDAQ Global Select,,0,1,加拿大,0,0,23/3/2026 09:32:16,23/3/2026 09:32:16
2776,2022,601198,国外,凯控骏金融公司,,,,,,0,0,,,证券,金融业,,Singapore,,NYSE,Growth,,0,1,加拿大,0,0,23/3/2026 09:32:16,23/3/2026 09:32:16
2781,2022,601226,国外,众车迈置业有限公司,,,,,,0,0,,,其他科研技术服务,科学研究和技术服务业,Bavaria,New York,,NASDAQ,Main Board,,0,1,加拿大,0,0,23/3/2026 09:32:16,23/3/2026 09:32:16
2796,2022,300501,国外,华城禾化工控股公司,,,,,,0,0,,,精细化工,化学原料和化学制品制造业,New South Wales,Singapore,,XETRA,NASDAQ Global Select,,0,1,加拿大,0,0,23/3/2026 09:32:16,23/3/2026 09:32:16
2797,2022,603860,国外,恒课创电子有限公司,,,,,,0,0,,,其他科研技术服务,科学研究和技术服务业,Tokyo,London,,TSE,Growth,,0,1,美国,0,0,23/3/2026 09:32:16,23/3/2026 09:32:16
2800,2022,300467,国外,花城泽连锁股份公司,,,,,,0,0,,,互联网和相关服务,信息传输、软件和信息技术服务业,California,Singapore,,ASX,Growth,,0,1,加拿大,0,0,23/3/2026 09:32:16,23/3/2026 09:32:16
2802,2022,300530,国外,远环禾能源股份公司,,,,,,0,0,,,精细化工,化学原料和化学制品制造业,Zurich,London,,SGX,Main Board,,0,1,美国,0,0,23/3/2026 09:32:16,23/3/2026 09:32:16
2803,2022,300417,国外,凯白泰软件股份公司,,,,,,0,0,,,仪器仪表制造业,仪器仪表制造业,New South Wales,New York,,NYSE,Growth,,0,1,美国,0,0,23/3/2026 09:32:16,23/3/2026 09:32:16
2809,2022,2768,国外,长能启玻璃有限公司,,,,,,0,0,,,橡胶制品,橡胶和塑料制品业,Ontario,Singapore,,NASDAQ,Main Board,,0,1,加拿大,0,0,23/3/2026 09:32:16,23/3/2026 09:32:16
2810,2022,603015,国外,保禾联电器发展公司,,,,,,0,0,,,仪器仪表制造业,仪器仪表制造业,,,,TSX,Main Board,,0,1,加拿大,0,0,23/3/2026 09:32:16,23/3/2026 09:32:16
2822,2022,300523,国外,冀控禾城市发展科技公司,,,,,,0,0,,,软件和信息技术服务,信息传输、软件和信息技术服务业,Zurich,Singapore,,,,,0,1,加拿大,0,0,23/3/2026 09:32:16,23/3/2026 09:32:16
2825,2022,300449,国外,碧芯澜通信股份公司,,,,,,0,0,,,其他制造业,其他制造业,Zurich,Sydney,,LSE,Growth,,0,1,美国,0,0,23/3/2026 09:32:16,23/3/2026 09:32:16
2830,2022,603730,国外,万城昌电器公司,,,,,,0,0,,,汽车零部件制造业,汽车制造业,,Toronto,,ASX,NASDAQ Global Select,,0,1,加拿大,0,0,23/3/2026 09:32:16,23/3/2026 09:32:16
2831,2022,600959,国外,远业瀚新能源汽车控股公司,,,,,,0,0,,,电信、广播电视和卫星传输服务,信息传输、软件和信息技术服务业,England,Sydney,,NYSE,Standard,,0,1,美国,0,0,23/3/2026 09:32:16,23/3/2026 09:32:16
2833,2022,2786,国外,新会禾城市发展科技公司,,,,,,0,0,,,其他专用设备制造业,专用设备制造业,Zurich,New York,,ASX,Prime,,0,1,美国,0,0,23/3/2026 09:32:16,23/3/2026 09:32:16
2838,2022,2771,国外,冀环泽水电发展公司,,,,,,0,0,,,软件和信息技术服务,信息传输、软件和信息技术服务业,New South Wales,New York,,,Main Board,,0,1,美国,0,0,23/3/2026 09:32:16,23/3/2026 09:32:16
2840,2022,300511,国外,凯通景医药有限公司,,,,,,0,0,,,农业,农、林、牧、渔业,Bavaria,Singapore,,TSX,,,0,1,加拿大,0,0,23/3/2026 09:32:16,23/3/2026 09:32:16
2847,2022,603909,国外,绿会润软件公司,,,,,,0,0,,,其他科研技术服务,科学研究和技术服务业,Ontario,Toronto,,NASDAQ,,,0,1,加拿大,0,0,23/3/2026 09:32:16,23/3/2026 09:32:16
2864,2022,2741,国外,远晋源房地产开发集团公司,,,,,,0,0,,,化工原料,化学原料和化学制品制造业,New South Wales,London,,SGX,Prime,,0,1,美国,0,0,23/3/2026 09:32:16,23/3/2026 09:32:16
2866,2022,300418,国外,启园骏水务集团公司,,,,,,0,0,,,互联网和相关服务,信息传输、软件和信息技术服务业,England,Tokyo,,XETRA,Growth,,0,1,美国,0,0,23/3/2026 09:32:16,23/3/2026 09:32:16
2868,2022,300429,国外,恒通泽玻璃发展公司,,,,,,0,0,,,精细化工,化学原料和化学制品制造业,England,Sydney,,XETRA,Main Board,,0,1,加拿大,0,0,23/3/2026 09:32:16,23/3/2026 09:32:16
2870,2022,300407,国外,万工昌数据服务股份公司,,,,,,0,0,,,电机制造业,商业电气机械和器材制造业,New South Wales,Frankfurt,,XETRA,Main Board,,0,1,加拿大,0,0,23/3/2026 09:32:16,23/3/2026 09:32:16
2873,2022,2733,国外,招源创医药有限公司,,,,,,0,0,,,电池制造业,商业电气机械和器材制造业,Zurich,Toronto,,LSE,Prime,,0,1,加拿大,0,0,23/3/2026 09:32:16,23/3/2026 09:32:16
2876,2022,601985,国外,长尹澜能源股份公司,,,,,,0,0,,,电力热力生产和供应业,电力、热力、燃气及水生产和供应业,Ontario,Frankfurt,,NYSE,Main Board,,0,1,加拿大,0,0,23/3/2026 09:32:16,23/3/2026 09:32:16
2883,2022,2749,国外,招工骏船舶公司,,,,,,0,0,,,化肥,化学原料和化学制品制造业,England,Toronto,,,Main Board,,0,1,加拿大,0,0,23/3/2026 09:32:16,23/3/2026 09:32:16
2884,2022,2750,国外,冀能景连锁科技公司,,,,,,0,0,,,制药,医药制造业,California,Sydney,,TSX,Standard,,0,1,加拿大,0,0,23/3/2026 09:32:16,23/3/2026 09:32:16
2886,2022,300492,国外,招尹创能源股份公司,,,,,,0,0,,,其他科研技术服务,科学研究和技术服务业,Bavaria,Sydney,,LSE,,,0,1,美国,0,0,23/3/2026 09:32:16,23/3/2026 09:32:16
2891,2022,300465,国外,保泽拓传媒有限公司,,,,,,0,0,,,软件和信息技术服务,信息传输、软件和信息技术服务业,Tokyo,Sydney,,SGX,Growth,,0,1,加拿大,0,0,23/3/2026 09:32:16,23/3/2026 09:32:16
2911,2022,300490,国外,远能润环境科技集团公司,,,,,,0,0,,,电机制造业,商业电气机械和器材制造业,,Tokyo,,,Prime,,0,1,美国,0,0,23/3/2026 09:32:16,23/3/2026 09:32:16
2912,2022,300494,国外,冀禾智水务集团公司,,,,,,0,0,,,互联网和相关服务,信息传输、软件和信息技术服务业,Ontario,Singapore,,,Growth,,0,1,美国,0,0,23/3/2026 09:32:16,23/3/2026 09:32:16
2913,2022,300489,国外,高车科城市发展公司,,,,,,0,0,,,有色金属冶炼和压延加工业,金属冶炼和压延加工业,England,Frankfurt,,TSE,Standard,,0,1,美国,0,0,23/3/2026 09:32:16,23/3/2026 09:32:16
2918,2022,603612,国外,十晋联金融控股公司,,,,,,0,0,,,其他非金属制品业,非金属矿物制品业,Bavaria,New York,,,Growth,,0,1,美国,0,0,23/3/2026 09:32:16,23/3/2026 09:32:16
2921,2022,603090,国外,绿能航城市发展公司,,,,,,0,0,,,通用设备制造业,通用设备制造业,Bavaria,Sydney,,NASDAQ,Main Board,,0,1,加拿大,0,0,23/3/2026 09:32:16,23/3/2026 09:32:16
2929,2022,603986,国外,花通创财富管理公司,,,,,,0,0,,,半导体业,半导体业,England,Sydney,,TSE,Prime,,0,1,加拿大,0,0,23/3/2026 09:32:16,23/3/2026 09:32:16
2935,2022,300496,国外,润会瀚水电科技公司,,,,,,0,0,,,软件和信息技术服务,信息传输、软件和信息技术服务业,England,London,,NASDAQ,NASDAQ Global Select,,0,1,美国,0,0,23/3/2026 09:32:16,23/3/2026 09:32:16
2938,2022,300522,国外,北海润医药有限公司,,,,,,0,0,,,化工原料,化学原料和化学制品制造业,California,Toronto,,LSE,Standard,,0,1,美国,0,0,23/3/2026 09:32:16,23/3/2026 09:32:16
2941,2022,603118,国外,物工联综合开发集团公司,,,,,,0,0,,,通信传输设备业,通信传输设备业,Ontario,Frankfurt,,SGX,Growth,,0,1,加拿大,0,0,23/3/2026 09:32:16,23/3/2026 09:32:16
2949,2022,2822,国外,盛控源传媒集团公司,,,,,,0,0,,,建筑装饰,建筑业,,,,TSX,Growth,,0,1,加拿大,0,0,23/3/2026 09:32:16,23/3/2026 09:32:16
2953,2022,2809,国外,比盈置水务股份公司,,,,,,0,0,,,化工原料,化学原料和化学制品制造业,,London,,TSE,Standard,,0,1,美国,0,0,23/3/2026 09:32:16,23/3/2026 09:32:16
2963,2022,2795,国外,新新泽贸易发展公司,,,,,,0,0,,,通用设备制造业,通用设备制造业,England,Sydney,,NASDAQ,Main Board,,0,1,加拿大,0,0,23/3/2026 09:32:16,23/3/2026 09:32:16
2967,2022,2753,国外,瑞城景医药有限公司,,,,,,0,0,,,化工原料,化学原料和化学制品制造业,Zurich,New York,,TSX,NASDAQ Global Select,,0,1,美国,0,0,23/3/2026 09:32:16,23/3/2026 09:32:16
2973,2022,2758,国外,盛芯联连锁股份公司,,,,,,0,0,,,批发业,批发和零售业,New South Wales,New York,,NYSE,Growth,,0,1,美国,0,0,23/3/2026 09:32:16,23/3/2026 09:32:16
2981,2022,300414,国外,长环盛数据服务股份公司,,,,,,0,0,,,通信传输设备业,通信传输设备业,Ontario,Singapore,,ASX,Prime,,0,1,美国,0,0,23/3/2026 09:32:16,23/3/2026 09:32:16
2982,2022,300425,国外,凯盈智实业公司,,,,,,0,0,,,其他专用设备制造业,专用设备制造业,California,Tokyo,,ASX,,,0,1,加拿大,0,0,23/3/2026 09:32:16,23/3/2026 09:32:16
2984,2022,603060,国外,万新远化工股份公司,,,,,,0,0,,,其他科研技术服务,科学研究和技术服务业,England,Singapore,,NASDAQ,Prime,,0,1,美国,0,0,23/3/2026 09:32:16,23/3/2026 09:32:16
2987,2022,603800,国外,绿通景实业股份公司,,,,,,0,0,,,其他专用设备制造业,专用设备制造业,Ontario,Toronto,,SGX,Prime,,0,1,加拿大,0,0,23/3/2026 09:32:16,23/3/2026 09:32:16
2994,2022,300533,国外,碧新骏建设开发股份公司,,,,,,0,0,,,软件和信息技术服务,信息传输、软件和信息技术服务业,,Tokyo,,ASX,NASDAQ Global Select,,0,1,加拿大,0,0,23/3/2026 09:32:16,23/3/2026 09:32:16
2997,2022,603338,国外,华园瀚金融公司,,,,,,0,0,,,其他专用设备制造业,专用设备制造业,Bavaria,New York,,LSE,Standard,,0,1,美国,0,0,23/3/2026 09:32:16,23/3/2026 09:32:16
2998,2022,601966,国外,凯禾昌数据服务集团公司,,,,,,0,0,,,汽车零部件制造业,汽车制造业,,,,NASDAQ,Prime,,0,1,美国,0,0,23/3/2026 09:32:16,23/3/2026 09:32:16
3005,2022,300395,国外,北澜润批发集团公司,,,,,,0,0,,,玻璃制品业,非金属矿物制品业,England,,,NYSE,Growth,,0,1,加拿大,0,0,23/3/2026 09:32:16,23/3/2026 09:32:16
3007,2022,601611,国外,绿通科贸易有限公司,,,,,,0,0,,,土木工程,建筑业,Zurich,Sydney,,XETRA,Prime,,0,1,美国,0,0,23/3/2026 09:32:16,23/3/2026 09:32:16
3015,2022,603508,国外,花锦锦实业股份公司,,,,,,0,0,,,铁路,铁路、船舶、航空航天和其他运输设备制造业,Bavaria,Singapore,,NYSE,Prime,,0,1,加拿大,0,0,23/3/2026 09:32:16,23/3/2026 09:32:16
3016,2022,603929,国外,保泽瀚连锁有限公司,,,,,,0,0,,,建筑装饰,建筑业,England,New York,,TSX,Growth,,0,1,美国,0,0,23/3/2026 09:32:16,23/3/2026 09:32:16
3017,2022,603022,国外,北晋启能源发展公司,,,,,,0,0,,,造纸和纸制品业,造纸和纸制品业,England,Frankfurt,,TSX,NASDAQ Global Select,,0,1,美国,0,0,23/3/2026 09:32:16,23/3/2026 09:32:16
3019,2022,603085,国外,比控航水电公司,,,,,,0,0,,,汽车零部件制造业,汽车制造业,California,,,SGX,Main Board,,0,1,美国,0,0,23/3/2026 09:32:16,23/3/2026 09:32:16
3037,2022,300456,国外,招锦昌环境科技有限公司,,,,,,0,0,,,半导体业,半导体业,Tokyo,Sydney,,LSE,,,0,1,美国,0,0,23/3/2026 09:32:16,23/3/2026 09:32:16
3040,2022,603306,国外,花盈骏能源发展公司,,,,,,0,0,,,汽车零部件制造业,汽车制造业,England,New York,,NYSE,Prime,,0,1,美国,0,0,23/3/2026 09:32:16,23/3/2026 09:32:16
3043,2022,603878,国外,恒酷瀚新能源汽车发展公司,,,,,,0,0,,,黑色金属冶炼和压延加工业,金属冶炼和压延加工业,Tokyo,New York,,NYSE,Standard,,0,1,加拿大,0,0,23/3/2026 09:32:16,23/3/2026 09:32:16
3044,2022,603033,国外,北业拓电子控股公司,,,,,,0,0,,,橡胶制品,橡胶和塑料制品业,,Tokyo,,NYSE,Main Board,,0,1,美国,0,0,23/3/2026 09:32:16,23/3/2026 09:32:16
3048,2022,300468,国外,瑞业置建设开发股份公司,,,,,,0,0,,,软件和信息技术服务,信息传输、软件和信息技术服务业,Ontario,Sydney,,XETRA,Prime,,0,1,美国,0,0,23/3/2026 09:32:16,23/3/2026 09:32:16
3056,2022,603028,国外,碧海联零售控股公司,,,,,,0,0,,,金属制品业,金属制品业,New South Wales,Singapore,,SGX,Main Board,,0,1,加拿大,0,0,23/3/2026 09:32:16,23/3/2026 09:32:16
3061,2022,300474,国外,明白航新能源汽车有限公司,,,,,,0,0,,,半导体业,半导体业,New South Wales,New York,,,Standard,,0,1,加拿大,0,0,23/3/2026 09:32:16,23/3/2026 09:32:16
3065,2022,300482,国外,星课科化工公司,,,,,,0,0,,,生物科技,医药制造业,Tokyo,Frankfurt,,NYSE,NASDAQ Global Select,,0,1,加拿大,0,0,23/3/2026 09:32:16,23/3/2026 09:32:16
3070,2022,603319,国外,瑞阳创建设开发股份公司,,,,,,0,0,,,汽车零部件制造业,汽车制造业,Tokyo,Toronto,,NYSE,Standard,,0,1,美国,0,0,23/3/2026 09:32:16,23/3/2026 09:32:16
3072,2022,603444,国外,盛白润生物科技控股公司,,,,,,0,0,,,互联网和相关服务,信息传输、软件和信息技术服务业,England,New York,,XETRA,Growth,,0,1,美国,0,0,23/3/2026 09:32:16,23/3/2026 09:32:16
3073,2022,603029,国外,瑞会置数据服务科技公司,,,,,,0,0,,,其他专用设备制造业,专用设备制造业,Zurich,New York,,XETRA,Standard,,0,1,加拿大,0,0,23/3/2026 09:32:16,23/3/2026 09:32:16
3075,2022,300600,国外,比尹智玻璃发展公司,,,,,,0,0,,,航空航天,铁路、船舶、航空航天和其他运输设备制造业,,Toronto,,TSE,Growth,,0,1,美国,0,0,23/3/2026 09:32:16,23/3/2026 09:32:16
3076,2022,300586,国外,保锦拓软件控股公司,,,,,,0,0,,,塑料制品,橡胶和塑料制品业,New South Wales,,,TSX,Standard,,0,1,美国,0,0,23/3/2026 09:32:16,23/3/2026 09:32:16
3097,2022,300525,国外,凯桥联新材料科技公司,,,,,,0,0,,,软件和信息技术服务,信息传输、软件和信息技术服务业,Tokyo,New York,,NASDAQ,NASDAQ Global Select,,0,1,美国,0,0,23/3/2026 09:32:16,23/3/2026 09:32:16
3099,2022,300543,国外,万白置环境科技有限公司,,,,,,0,0,,,电子元件及设备,消费电子及电气业,Ontario,Singapore,,TSE,Growth,,0,1,美国,0,0,23/3/2026 09:32:16,23/3/2026 09:32:16
3102,2022,600977,国外,比城润房地产开发公司,,,,,,0,0,,,文化、体育和娱乐业,文化、体育和娱乐业,Zurich,,,ASX,NASDAQ Global Select,,0,1,加拿大,0,0,23/3/2026 09:32:16,23/3/2026 09:32:16
3112,2022,603601,国外,冀芯锦数据服务公司,,,,,,0,0,,,其他非金属制品业,非金属矿物制品业,Tokyo,,,,NASDAQ Global Select,,0,1,加拿大,0,0,23/3/2026 09:32:16,23/3/2026 09:32:16
3116,2022,603345,国外,瑞尹泰城市发展有限公司,,,,,,0,0,,,食品业,食品饮料业,New South Wales,Toronto,,XETRA,,,0,1,加拿大,0,0,23/3/2026 09:32:16,23/3/2026 09:32:16
3119,2022,2835,国外,绿芯骏能源控股公司,,,,,,0,0,,,电子元件及设备,消费电子及电气业,Bavaria,,,,Growth,,0,1,美国,0,0,23/3/2026 09:32:16,23/3/2026 09:32:16
3124,2022,300434,国外,绿泽润船舶股份公司,,,,,,0,0,,,制药,医药制造业,Bavaria,Frankfurt,,ASX,Prime,,0,1,美国,0,0,23/3/2026 09:32:16,23/3/2026 09:32:16
3127,2022,603808,国外,保能盛置业有限公司,,,,,,0,0,,,纺织鞋服业,纺织鞋服业,New South Wales,Toronto,,NYSE,,,0,1,加拿大,0,0,23/3/2026 09:32:16,23/3/2026 09:32:16
3132,2022,603223,国外,比新源通信股份公司,,,,,,0,0,,,陆路交通运输业,交通运输、仓储和邮政业,California,Singapore,,SGX,,,0,1,加拿大,0,0,23/3/2026 09:32:16,23/3/2026 09:32:16
3134,2022,300450,国外,比课瀚数据服务公司,,,,,,0,0,,,其他专用设备制造业,专用设备制造业,Bavaria,Singapore,,,NASDAQ Global Select,,0,1,加拿大,0,0,23/3/2026 09:32:16,23/3/2026 09:32:16
3136,2022,300446,国外,启业润批发公司,,,,,,0,0,,,化工原料,化学原料和化学制品制造业,,New York,,,Standard,,0,1,加拿大,0,0,23/3/2026 09:32:16,23/3/2026 09:32:16
3138,2022,300427,国外,盛晋联新材料集团公司,,,,,,0,0,,,电机制造业,商业电气机械和器材制造业,New South Wales,Singapore,,NASDAQ,Prime,,0,1,美国,0,0,23/3/2026 09:32:16,23/3/2026 09:32:16
3139,2022,300493,国外,绿泽润财富管理有限公司,,,,,,0,0,,,软件和信息技术服务,信息传输、软件和信息技术服务业,England,Sydney,,TSX,NASDAQ Global Select,,0,1,美国,0,0,23/3/2026 09:32:16,23/3/2026 09:32:16
3140,2022,603968,国外,比达启贸易集团公司,,,,,,0,0,,,精细化工,化学原料和化学制品制造业,Bavaria,London,,NASDAQ,NASDAQ Global Select,,0,1,美国,0,0,23/3/2026 09:32:16,23/3/2026 09:32:16
3144,2022,603186,国外,科禾泽水务控股公司,,,,,,0,0,,,其他制造业,其他制造业,,London,,TSX,,,0,1,加拿大,0,0,23/3/2026 09:32:16,23/3/2026 09:32:16
3145,2022,603716,国外,高酷泽金融集团公司,,,,,,0,0,,,批发业,批发和零售业,New South Wales,New York,,LSE,NASDAQ Global Select,,0,1,美国,0,0,23/3/2026 09:32:16,23/3/2026 09:32:16
3151,2022,601163,国外,北电盛批发有限公司,,,,,,0,0,,,汽车零部件制造业,汽车制造业,Ontario,,,,,,0,1,加拿大,0,0,23/3/2026 09:32:16,23/3/2026 09:32:16
3161,2022,300451,国外,众桥景水务股份公司,,,,,,0,0,,,软件和信息技术服务,信息传输、软件和信息技术服务业,Bavaria,Toronto,,SGX,Standard,,0,1,加拿大,0,0,23/3/2026 09:32:16,23/3/2026 09:32:16
3169,2022,300569,国外,远能迈水务发展公司,,,,,,0,0,,,电机制造业,商业电气机械和器材制造业,Zurich,New York,,ASX,,,0,1,美国,0,0,23/3/2026 09:32:16,23/3/2026 09:32:16
3172,2022,300553,国外,碧海智水务股份公司,,,,,,0,0,,,仪器仪表制造业,仪器仪表制造业,Bavaria,Tokyo,,XETRA,NASDAQ Global Select,,0,1,美国,0,0,23/3/2026 09:32:16,23/3/2026 09:32:16
3173,2022,300540,国外,远环润新能源汽车发展公司,,,,,,0,0,,,通用设备制造业,通用设备制造业,Ontario,Sydney,,XETRA,Standard,,0,1,美国,0,0,23/3/2026 09:32:16,23/3/2026 09:32:16
3192,2022,300408,国外,新晋泰城市发展有限公司,,,,,,0,0,,,电子元件及设备,消费电子及电气业,England,Frankfurt,,SGX,Growth,,0,1,加拿大,0,0,23/3/2026 09:32:16,23/3/2026 09:32:16
3198,2022,601881,国外,凯电骏集成电路科技公司,,,,,,0,0,,,证券,金融业,Ontario,Toronto,,ASX,Standard,,0,1,加拿大,0,0,23/3/2026 09:32:16,23/3/2026 09:32:16
3205,2022,300657,国外,保晋迈玻璃股份公司,,,,,,0,0,,,半导体业,半导体业,Zurich,,,NASDAQ,NASDAQ Global Select,,0,1,美国,0,0,23/3/2026 09:32:16,23/3/2026 09:32:16
3212,2022,603388,国外,启控联集成电路控股公司,,,,,,0,0,,,土木工程,建筑业,England,Toronto,,ASX,Prime,,0,1,美国,0,0,23/3/2026 09:32:16,23/3/2026 09:32:16
3218,2022,300587,国外,北锦骏新能源汽车有限公司,,,,,,0,0,,,橡胶制品,橡胶和塑料制品业,Bavaria,Sydney,,ASX,Standard,,0,1,美国,0,0,23/3/2026 09:32:16,23/3/2026 09:32:16
3226,2022,603637,国外,明锦联传媒发展公司,,,,,,0,0,,,土木工程,建筑业,England,Sydney,,LSE,Prime,,0,1,美国,0,0,23/3/2026 09:32:16,23/3/2026 09:32:16
3227,2022,603877,国外,盛电禾房地产开发科技公司,,,,,,0,0,,,纺织鞋服业,纺织鞋服业,New South Wales,Toronto,,SGX,Standard,,0,1,加拿大,0,0,23/3/2026 09:32:16,23/3/2026 09:32:16
3232,2022,2841,国外,比控置玻璃控股公司,,,,,,0,0,,,电子元件及设备,消费电子及电气业,California,Sydney,,NASDAQ,Growth,,0,1,加拿大,0,0,23/3/2026 09:32:16,23/3/2026 09:32:16
3236,2022,603579,国外,冀澜泰软件集团公司,,,,,,0,0,,,家用电器,消费电子及电气业,Bavaria,Toronto,,NASDAQ,Growth,,0,1,美国,0,0,23/3/2026 09:32:16,23/3/2026 09:32:16
3238,2022,300498,国外,长会创新能源汽车公司,,,,,,0,0,,,牧业,农、林、牧、渔业,New South Wales,,,SGX,Growth,,0,1,美国,0,0,23/3/2026 09:32:16,23/3/2026 09:32:16
3245,2022,601108,国外,科环远软件公司,,,,,,0,0,,,证券,金融业,California,Tokyo,,SGX,Growth,,0,1,美国,0,0,23/3/2026 09:32:16,23/3/2026 09:32:16
3247,2022,603985,国外,星芯泽综合开发公司,,,,,,0,0,,,金属制品业,金属制品业,England,Sydney,,XETRA,Prime,,0,1,美国,0,0,23/3/2026 09:32:16,23/3/2026 09:32:16
3267,2022,300661,国外,长能联财富管理发展公司,,,,,,0,0,,,半导体业,半导体业,California,Tokyo,,ASX,,,0,1,美国,0,0,23/3/2026 09:32:16,23/3/2026 09:32:16
3275,2022,300627,国外,招业昌玻璃发展公司,,,,,,0,0,,,通信传输设备业,通信传输设备业,Bavaria,Singapore,,NASDAQ,NASDAQ Global Select,,0,1,加拿大,0,0,23/3/2026 09:32:16,23/3/2026 09:32:16
3277,2022,300628,国外,保电锦玻璃发展公司,,,,,,0,0,,,通信传输设备业,通信传输设备业,Ontario,Frankfurt,,SGX,Main Board,,0,1,加拿大,0,0,23/3/2026 09:32:16,23/3/2026 09:32:16
3280,2022,300603,国外,绿锦智环境科技集团公司,,,,,,0,0,,,软件和信息技术服务,信息传输、软件和信息技术服务业,Ontario,Frankfurt,,SGX,Standard,,0,1,加拿大,0,0,23/3/2026 09:32:16,23/3/2026 09:32:16
3291,2022,603055,国外,启环锦数据服务控股公司,,,,,,0,0,,,纺织鞋服业,纺织鞋服业,Tokyo,New York,,ASX,Growth,,0,1,加拿大,0,0,23/3/2026 09:32:16,23/3/2026 09:32:16
3292,2022,603535,国外,众达迈批发公司,,,,,,0,0,,,仓储业,交通运输、仓储和邮政业,California,Tokyo,,ASX,,,0,1,加拿大,0,0,23/3/2026 09:32:16,23/3/2026 09:32:16
3293,2022,603233,国外,十白骏软件公司,,,,,,0,0,,,零售业,批发和零售业,Zurich,Sydney,,TSX,Prime,,0,1,加拿大,0,0,23/3/2026 09:32:16,23/3/2026 09:32:16
3299,2022,300514,国外,冀会航水电股份公司,,,,,,0,0,,,通信传输设备业,通信传输设备业,Zurich,London,,LSE,Prime,,0,1,加拿大,0,0,23/3/2026 09:32:16,23/3/2026 09:32:16
3301,2022,603110,国外,润业迈综合开发控股公司,,,,,,0,0,,,精细化工,化学原料和化学制品制造业,,Tokyo,,NYSE,Prime,,0,1,加拿大,0,0,23/3/2026 09:32:16,23/3/2026 09:32:16
3303,2022,603963,国外,北工置新能源汽车科技公司,,,,,,0,0,,,制药,医药制造业,Zurich,Singapore,,ASX,NASDAQ Global Select,,0,1,美国,0,0,23/3/2026 09:32:16,23/3/2026 09:32:16
3311,2022,603683,国外,新禾置电器发展公司,,,,,,0,0,,,精细化工,化学原料和化学制品制造业,Tokyo,,,TSX,Prime,,0,1,加拿大,0,0,23/3/2026 09:32:16,23/3/2026 09:32:16
3321,2022,300554,国外,招会润电器有限公司,,,,,,0,0,,,玻璃制品业,非金属矿物制品业,,Tokyo,,,Prime,,0,1,加拿大,0,0,23/3/2026 09:32:16,23/3/2026 09:32:16
3323,2022,300642,国外,冀能航建筑设计控股公司,,,,,,0,0,,,生物科技,医药制造业,,Tokyo,,TSX,NASDAQ Global Select,,0,1,加拿大,0,0,23/3/2026 09:32:16,23/3/2026 09:32:16
3326,2022,1979,国外,高白景化工有限公司,,,,,,0,0,,,商业地产,房地产业,New South Wales,Tokyo,,LSE,NASDAQ Global Select,,0,1,美国,0,0,23/3/2026 09:32:16,23/3/2026 09:32:16
3332,2022,2827,国外,十环骏综合开发公司,,,,,,0,0,,,化工原料,化学原料和化学制品制造业,California,,,XETRA,Standard,,0,1,美国,0,0,23/3/2026 09:32:16,23/3/2026 09:32:16
3334,2022,603980,国外,恒会科水电股份公司,,,,,,0,0,,,精细化工,化学原料和化学制品制造业,Zurich,,,NASDAQ,NASDAQ Global Select,,0,1,美国,0,0,23/3/2026 09:32:16,23/3/2026 09:32:16
3340,2022,601949,国外,物新置集成电路科技公司,,,,,,0,0,,,文化、体育和娱乐业,文化、体育和娱乐业,England,,,LSE,Standard,,0,1,加拿大,0,0,23/3/2026 09:32:16,23/3/2026 09:32:16
3341,2022,603882,国外,明达科金融发展公司,,,,,,0,0,,,卫生和社会工作,卫生和社会工作,England,,,XETRA,Prime,,0,1,美国,0,0,23/3/2026 09:32:16,23/3/2026 09:32:16
3348,2022,300688,国外,物工骏能源有限公司,,,,,,0,0,,,商务服务业,租赁和商务服务业,Tokyo,Sydney,,NYSE,NASDAQ Global Select,,0,1,美国,0,0,23/3/2026 09:32:16,23/3/2026 09:32:16
3353,2022,603500,国外,恒源智软件控股公司,,,,,,0,0,,,铁路,铁路、船舶、航空航天和其他运输设备制造业,Bavaria,Sydney,,NASDAQ,NASDAQ Global Select,,0,1,美国,0,0,23/3/2026 09:32:16,23/3/2026 09:32:16
3357,2022,2901,国外,冀车源玻璃有限公司,,,,,,0,0,,,医疗专用设备制造业,专用设备制造业,Bavaria,Frankfurt,,LSE,Prime,,0,1,加拿大,0,0,23/3/2026 09:32:16,23/3/2026 09:32:16
3358,2022,603605,国外,盛环锦水务公司,,,,,,0,0,,,日化产品,化学原料和化学制品制造业,Zurich,Sydney,,NASDAQ,Standard,,0,1,加拿大,0,0,23/3/2026 09:32:16,23/3/2026 09:32:16
3359,2022,600025,国外,联电骏综合开发有限公司,,,,,,0,0,,,电力热力生产和供应业,电力、热力、燃气及水生产和供应业,New South Wales,Toronto,,ASX,,,0,1,加拿大,0,0,23/3/2026 09:32:16,23/3/2026 09:32:16
3370,2022,2896,国外,凯晋泽化工有限公司,,,,,,0,0,,,通用设备制造业,通用设备制造业,Ontario,Tokyo,,NASDAQ,Prime,,0,1,加拿大,0,0,23/3/2026 09:32:16,23/3/2026 09:32:16
3378,2022,603829,国外,远酷科批发控股公司,,,,,,0,0,,,电机制造业,商业电气机械和器材制造业,,Toronto,,NASDAQ,Main Board,,0,1,美国,0,0,23/3/2026 09:32:16,23/3/2026 09:32:16
3379,2022,603466,国外,联泽盛水电发展公司,,,,,,0,0,,,文化、体育和娱乐业,文化、体育和娱乐业,Ontario,Sydney,,LSE,NASDAQ Global Select,,0,1,加拿大,0,0,23/3/2026 09:32:16,23/3/2026 09:32:16
3382,2022,2922,国外,物车禾财富管理控股公司,,,,,,0,0,,,电机制造业,商业电气机械和器材制造业,,Tokyo,,XETRA,NASDAQ Global Select,,0,1,美国,0,0,23/3/2026 09:32:16,23/3/2026 09:32:16
3384,2022,2913,国外,润业远零售科技公司,,,,,,0,0,,,半导体业,半导体业,Zurich,Toronto,,NYSE,NASDAQ Global Select,,0,1,美国,0,0,23/3/2026 09:32:16,23/3/2026 09:32:16
3393,2022,603661,国外,绿园禾环境科技发展公司,,,,,,0,0,,,家具制造业,家具制造业,Ontario,,,NASDAQ,,,0,1,美国,0,0,23/3/2026 09:32:16,23/3/2026 09:32:16
3403,2022,2916,国外,恒电置生物科技股份公司,,,,,,0,0,,,半导体业,半导体业,New South Wales,,,,Main Board,,0,1,加拿大,0,0,23/3/2026 09:32:16,23/3/2026 09:32:16
3411,2022,603578,国外,北电盛新材料发展公司,,,,,,0,0,,,玻璃制品业,非金属矿物制品业,England,New York,,NYSE,Main Board,,0,1,加拿大,0,0,23/3/2026 09:32:16,23/3/2026 09:32:16
3418,2022,300725,国外,长环启化工股份公司,,,,,,0,0,,,制药,医药制造业,California,Frankfurt,,SGX,Prime,,0,1,加拿大,0,0,23/3/2026 09:32:16,23/3/2026 09:32:16
3421,2022,300640,国外,明澜瀚连锁科技公司,,,,,,0,0,,,文教、工美、体育和娱乐用品制造业,文教、工美、体育和娱乐用品制造业,Zurich,Sydney,,NYSE,Standard,,0,1,美国,0,0,23/3/2026 09:32:16,23/3/2026 09:32:16
3422,2022,300710,国外,瑞晋景建设开发控股公司,,,,,,0,0,,,通信传输设备业,通信传输设备业,Zurich,Frankfurt,,LSE,Prime,,0,1,美国,0,0,23/3/2026 09:32:16,23/3/2026 09:32:16
3424,2022,603890,国外,长晋锦贸易科技公司,,,,,,0,0,,,电子元件及设备,消费电子及电气业,Zurich,New York,,XETRA,NASDAQ Global Select,,0,1,美国,0,0,23/3/2026 09:32:16,23/3/2026 09:32:16
3436,2022,603707,国外,众桥航城市发展发展公司,,,,,,0,0,,,制药,医药制造业,California,Tokyo,,TSE,Growth,,0,1,美国,0,0,23/3/2026 09:32:16,23/3/2026 09:32:16
3439,2022,603380,国外,明澜拓建筑设计集团公司,,,,,,0,0,,,电子元件及设备,消费电子及电气业,Bavaria,Singapore,,NASDAQ,Main Board,,0,1,美国,0,0,23/3/2026 09:32:16,23/3/2026 09:32:16
3442,2022,603922,国外,联达迈通信科技公司,,,,,,0,0,,,汽车零部件制造业,汽车制造业,New South Wales,Toronto,,ASX,Main Board,,0,1,美国,0,0,23/3/2026 09:32:16,23/3/2026 09:32:16
3448,2022,300668,国外,远课锦贸易发展公司,,,,,,0,0,,,其他科研技术服务,科学研究和技术服务业,California,New York,,TSE,NASDAQ Global Select,,0,1,美国,0,0,23/3/2026 09:32:16,23/3/2026 09:32:16
3449,2022,300691,国外,启阳泽新材料集团公司,,,,,,0,0,,,电子元件及设备,消费电子及电气业,Tokyo,London,,XETRA,Standard,,0,1,加拿大,0,0,23/3/2026 09:32:16,23/3/2026 09:32:16
3453,2022,603386,国外,华通智新材料控股公司,,,,,,0,0,,,半导体业,半导体业,New South Wales,Singapore,,SGX,Standard,,0,1,美国,0,0,23/3/2026 09:32:16,23/3/2026 09:32:16
3461,2022,300679,国外,恒能泽新材料公司,,,,,,0,0,,,半导体业,半导体业,Bavaria,Tokyo,,TSE,Standard,,0,1,美国,0,0,23/3/2026 09:32:16,23/3/2026 09:32:16
3462,2022,603083,国外,新晋瀚传媒科技公司,,,,,,0,0,,,通信传输设备业,通信传输设备业,Bavaria,Toronto,,TSX,NASDAQ Global Select,,0,1,美国,0,0,23/3/2026 09:32:16,23/3/2026 09:32:16
3468,2022,603283,国外,科澜联玻璃股份公司,,,,,,0,0,,,半导体专用设备制造业,专用设备制造业,Ontario,New York,,TSX,NASDAQ Global Select,,0,1,美国,0,0,23/3/2026 09:32:16,23/3/2026 09:32:16
3471,2022,603103,国外,润新置城市发展科技公司,,,,,,0,0,,,文化、体育和娱乐业,文化、体育和娱乐业,California,Sydney,,NASDAQ,NASDAQ Global Select,,0,1,美国,0,0,23/3/2026 09:32:16,23/3/2026 09:32:16
3472,2022,603709,国外,万源盛连锁发展公司,,,,,,0,0,,,家具制造业,家具制造业,California,London,,ASX,NASDAQ Global Select,,0,1,加拿大,0,0,23/3/2026 09:32:16,23/3/2026 09:32:16
3474,2022,300717,国外,碧会润软件控股公司,,,,,,0,0,,,塑料制品,橡胶和塑料制品业,Zurich,Toronto,,LSE,Main Board,,0,1,美国,0,0,23/3/2026 09:32:16,23/3/2026 09:32:16
3481,2022,603912,国外,启车锦城市发展发展公司,,,,,,0,0,,,其他专用设备制造业,专用设备制造业,England,Toronto,,,NASDAQ Global Select,,0,1,加拿大,0,0,23/3/2026 09:32:16,23/3/2026 09:32:16
3483,2022,300726,国外,高源联玻璃集团公司,,,,,,0,0,,,电子元件及设备,消费电子及电气业,Tokyo,Sydney,,TSE,Growth,,0,1,美国,0,0,23/3/2026 09:32:16,23/3/2026 09:32:16
3486,2022,2931,国外,恒桥盛批发集团公司,,,,,,0,0,,,其他专用设备制造业,专用设备制造业,California,,,TSX,NASDAQ Global Select,,0,1,加拿大,0,0,23/3/2026 09:32:16,23/3/2026 09:32:16
3488,2022,603773,国外,十盈泽实业股份公司,,,,,,0,0,,,电子元件及设备,消费电子及电气业,New South Wales,London,,TSE,Standard,,0,1,加拿大,0,0,23/3/2026 09:32:16,23/3/2026 09:32:16
3502,2022,300718,国外,启海联金融发展公司,,,,,,0,0,,,通用设备制造业,通用设备制造业,California,Toronto,,TSX,Standard,,0,1,美国,0,0,23/3/2026 09:32:16,23/3/2026 09:32:16
3509,2022,300738,国外,万城联软件控股公司,,,,,,0,0,,,软件和信息技术服务,信息传输、软件和信息技术服务业,Tokyo,Tokyo,,NYSE,Main Board,,0,1,美国,0,0,23/3/2026 09:32:16,23/3/2026 09:32:16
3518,2022,300736,国外,北源景集成电路科技公司,,,,,,0,0,,,居民服务、修理和其他服务业,居民服务、修理和其他服务业,Zurich,Toronto,,LSE,Growth,,0,1,美国,0,0,23/3/2026 09:32:16,23/3/2026 09:32:16
3519,2022,1965,国外,万锦源医药集团公司,,,,,,0,0,,,陆路交通运输业,交通运输、仓储和邮政业,England,Singapore,,ASX,Main Board,,0,1,美国,0,0,23/3/2026 09:32:16,23/3/2026 09:32:16
3520,2022,600929,国外,联盈置零售科技公司,,,,,,0,0,,,食品业,食品饮料业,Zurich,Frankfurt,,SGX,Prime,,0,1,美国,0,0,23/3/2026 09:32:16,23/3/2026 09:32:16
3526,2022,300616,国外,北尹创软件公司,,,,,,0,0,,,家具制造业,家具制造业,,Frankfurt,,NYSE,,,0,1,美国,0,0,23/3/2026 09:32:16,23/3/2026 09:32:16
3531,2022,300583,国外,华通航电器公司,,,,,,0,0,,,制药,医药制造业,Ontario,Tokyo,,NYSE,Main Board,,0,1,加拿大,0,0,23/3/2026 09:32:16,23/3/2026 09:32:16
3535,2022,300613,国外,比新盛生物科技集团公司,,,,,,0,0,,,软件和信息技术服务,信息传输、软件和信息技术服务业,Tokyo,London,,LSE,Growth,,0,1,美国,0,0,23/3/2026 09:32:16,23/3/2026 09:32:16
3536,2022,300647,国外,花环置环境科技有限公司,,,,,,0,0,,,电子元件及设备,消费电子及电气业,England,Toronto,,ASX,NASDAQ Global Select,,0,1,美国,0,0,23/3/2026 09:32:16,23/3/2026 09:32:16
3556,2022,2926,国外,北通迈船舶有限公司,,,,,,0,0,,,证券,金融业,Zurich,Singapore,,NASDAQ,,,0,1,美国,0,0,23/3/2026 09:32:16,23/3/2026 09:32:16
3559,2022,2847,国外,碧工置集成电路集团公司,,,,,,0,0,,,食品业,食品饮料业,Bavaria,Singapore,,TSX,,,0,1,加拿大,0,0,23/3/2026 09:32:16,23/3/2026 09:32:16
3569,2022,300576,国外,保电迈环境科技股份公司,,,,,,0,0,,,精细化工,化学原料和化学制品制造业,,Singapore,,NASDAQ,NASDAQ Global Select,,0,1,加拿大,0,0,23/3/2026 09:32:16,23/3/2026 09:32:16
3570,2022,300659,国外,物业盛化工科技公司,,,,,,0,0,,,软件和信息技术服务,信息传输、软件和信息技术服务业,Ontario,Singapore,,NYSE,NASDAQ Global Select,,0,1,加拿大,0,0,23/3/2026 09:32:16,23/3/2026 09:32:16
3582,2022,603178,国外,保车润传媒股份公司,,,,,,0,0,,,汽车零部件制造业,汽车制造业,Bavaria,Toronto,,NASDAQ,Growth,,0,1,美国,0,0,23/3/2026 09:32:16,23/3/2026 09:32:16
3585,2022,2846,国外,众尹盛批发公司,,,,,,0,0,,,金属制品业,金属制品业,Tokyo,Tokyo,,,,,0,1,加拿大,0,0,23/3/2026 09:32:16,23/3/2026 09:32:16
3586,2022,2902,国外,绿电联船舶公司,,,,,,0,0,,,通信传输设备业,通信传输设备业,Ontario,Tokyo,,NASDAQ,Main Board,,0,1,加拿大,0,0,23/3/2026 09:32:16,23/3/2026 09:32:16
3588,2022,603776,国外,远泽盛电器科技公司,,,,,,0,0,,,其他科研技术服务,科学研究和技术服务业,New South Wales,Singapore,,TSX,Main Board,,0,1,美国,0,0,23/3/2026 09:32:16,23/3/2026 09:32:16
3595,2022,603139,国外,盛新拓贸易公司,,,,,,0,0,,,制药,医药制造业,New South Wales,,,TSX,Standard,,0,1,加拿大,0,0,23/3/2026 09:32:16,23/3/2026 09:32:16
3599,2022,2882,国外,润控源连锁公司,,,,,,0,0,,,光纤电缆制造业,商业电气机械和器材制造业,,Toronto,,NASDAQ,Main Board,,0,1,美国,0,0,23/3/2026 09:32:16,23/3/2026 09:32:16
3600,2022,603269,国外,比会科置业有限公司,,,,,,0,0,,,通用设备制造业,通用设备制造业,England,Singapore,,XETRA,NASDAQ Global Select,,0,1,美国,0,0,23/3/2026 09:32:16,23/3/2026 09:32:16
3604,2022,603826,国外,瑞车智新能源汽车科技公司,,,,,,0,0,,,其他非金属制品业,非金属矿物制品业,California,Sydney,,ASX,,,0,1,加拿大,0,0,23/3/2026 09:32:16,23/3/2026 09:32:16
3608,2022,603238,国外,花白锦数据服务公司,,,,,,0,0,,,纺织鞋服业,纺织鞋服业,Bavaria,New York,,TSX,Standard,,0,1,加拿大,0,0,23/3/2026 09:32:16,23/3/2026 09:32:16
3609,2022,603955,国外,联会泰生物科技股份公司,,,,,,0,0,,,土木工程,建筑业,,Singapore,,TSX,Growth,,0,1,加拿大,0,0,23/3/2026 09:32:16,23/3/2026 09:32:16
3613,2022,603665,国外,绿环澜金融科技公司,,,,,,0,0,,,纺织鞋服业,纺织鞋服业,Zurich,London,,SGX,Growth,,0,1,加拿大,0,0,23/3/2026 09:32:16,23/3/2026 09:32:16
3614,2022,603089,国外,十尹盛通信集团公司,,,,,,0,0,,,汽车零部件制造业,汽车制造业,Tokyo,Singapore,,LSE,Standard,,0,1,美国,0,0,23/3/2026 09:32:16,23/3/2026 09:32:16
3618,2022,603903,国外,凯晋润连锁公司,,,,,,0,0,,,水利、环境和公共设施管理业,水利、环境和公共设施管理业,Tokyo,London,,XETRA,NASDAQ Global Select,,0,1,加拿大,0,0,23/3/2026 09:32:16,23/3/2026 09:32:16
3622,2022,603396,国外,保会盛传媒公司,,,,,,0,0,,,半导体专用设备制造业,专用设备制造业,Ontario,New York,,LSE,Growth,,0,1,美国,0,0,23/3/2026 09:32:16,23/3/2026 09:32:16
3625,2022,600762,国外,比达迈电器控股公司,,,,,,0,0,,,采掘,,Tokyo,Sydney,,NYSE,Standard,,0,1,加拿大,0,0,23/3/2026 09:32:16,23/3/2026 09:32:16
3633,2022,603177,国外,长海盛生物科技控股公司,,,,,,0,0,,,水利、环境和公共设施管理业,水利、环境和公共设施管理业,New South Wales,Singapore,,SGX,Main Board,,0,1,美国,0,0,23/3/2026 09:32:16,23/3/2026 09:32:16
3634,2022,601020,国外,科澜瀚能源控股公司,,,,,,0,0,,,有色金属开采业,采矿业,New South Wales,London,,LSE,Prime,,0,1,加拿大,0,0,23/3/2026 09:32:16,23/3/2026 09:32:16
3638,2022,603811,国外,瑞城航综合开发公司,,,,,,0,0,,,制药,医药制造业,Ontario,Frankfurt,,LSE,,,0,1,加拿大,0,0,23/3/2026 09:32:16,23/3/2026 09:32:16
3643,2022,300606,国外,启城瀚传媒控股公司,,,,,,0,0,,,通用设备制造业,通用设备制造业,New South Wales,London,,NASDAQ,Growth,,0,1,美国,0,0,23/3/2026 09:32:16,23/3/2026 09:32:16
3647,2022,603358,国外,凯工源软件公司,,,,,,0,0,,,汽车零部件制造业,汽车制造业,California,Toronto,,LSE,Prime,,0,1,美国,0,0,23/3/2026 09:32:16,23/3/2026 09:32:16
3650,2022,300571,国外,瑞园泰能源股份公司,,,,,,0,0,,,互联网和相关服务,信息传输、软件和信息技术服务业,England,Frankfurt,,ASX,NASDAQ Global Select,,0,1,加拿大,0,0,23/3/2026 09:32:16,23/3/2026 09:32:16
3658,2022,300638,国外,比控拓能源公司,,,,,,0,0,,,通信传输设备业,通信传输设备业,Tokyo,Singapore,,LSE,Standard,,0,1,加拿大,0,0,23/3/2026 09:32:16,23/3/2026 09:32:16
3668,2022,300584,国外,保晋景电器有限公司,,,,,,0,0,,,制药,医药制造业,Zurich,London,,SGX,Prime,,0,1,加拿大,0,0,23/3/2026 09:32:16,23/3/2026 09:32:16
3675,2022,603679,国外,启盈泰综合开发控股公司,,,,,,0,0,,,非家用照明设备制造业,商业电气机械和器材制造业,Tokyo,Tokyo,,SGX,Growth,,0,1,美国,0,0,23/3/2026 09:32:16,23/3/2026 09:32:16
