id,year,bmCode,companyType,bmCompanyName,completedDate,listingDate,delistingDate,industryId,secondIndustryId,firstClassificationId,secondClassificationId,secondClassification,firstClassification,secondIndustry,industry,province,city,area,exchange,plate,ownership,multipleList,isResult,country,isDelete,companyStatusType,createTime,updateTime
3,2022,200002,国外,比阳澜实业股份公司,,,,,,0,0,,,房地产,,,Toronto,,NYSE,,,0,1,德国,0,0,23/3/2026 09:32:16,23/3/2026 09:32:16
6,2022,6,国外,冀会润水电有限公司,,,,,,0,0,,,住宅,房地产业,New South Wales,Sydney,,LSE,Standard,,0,1,英国,0,0,23/3/2026 09:32:16,23/3/2026 09:32:16
8,2022,8,国外,十环拓批发股份公司,,,,,,0,0,,,铁路,铁路、船舶、航空航天和其他运输设备制造业,Zurich,Frankfurt,,NASDAQ,Growth,,0,1,英国,0,0,23/3/2026 09:32:16,23/3/2026 09:32:16
14,2022,200012,国外,启锦泽医药公司,,,,,,0,0,,,建筑材料,,Zurich,Sydney,,LSE,NASDAQ Global Select,,0,1,英国,0,0,23/3/2026 09:32:16,23/3/2026 09:32:16
15,2022,14,国外,科能迈水务发展公司,,,,,,0,0,,,住宅,房地产业,,Toronto,,LSE,Main Board,,0,1,德国,0,0,23/3/2026 09:32:16,23/3/2026 09:32:16
16,2022,16,国外,星酷骏贸易控股公司,,,,,,0,0,,,电子元件及设备,消费电子及电气业,California,New York,,TSX,Prime,,0,1,英国,0,0,23/3/2026 09:32:16,23/3/2026 09:32:16
17,2022,200016,国外,远能瀚房地产开发科技公司,,,,,,0,0,,,家用电器,,Tokyo,Toronto,,NYSE,Growth,,0,1,德国,0,0,23/3/2026 09:32:16,23/3/2026 09:32:16
19,2022,200017,国外,华城创环境科技科技公司,,,,,,0,0,,,汽车,,New South Wales,,,XETRA,Prime,,0,1,英国,0,0,23/3/2026 09:32:16,23/3/2026 09:32:16
24,2022,20,国外,物园科传媒集团公司,,,,,,0,0,,,软件和信息技术服务,信息传输、软件和信息技术服务业,Ontario,Toronto,,TSE,Growth,,0,1,德国,0,0,23/3/2026 09:32:16,23/3/2026 09:32:16
25,2022,200020,国外,润盈拓电子股份公司,,,,,,0,0,,,电子,,New South Wales,London,,SGX,Standard,,0,1,德国,0,0,23/3/2026 09:32:16,23/3/2026 09:32:16
29,2022,23,国外,新酷联水电科技公司,,,,,,0,0,,,水泥制品业,非金属矿物制品业,England,Sydney,,TSX,Standard,,0,1,法国,0,0,23/3/2026 09:32:16,23/3/2026 09:32:16
31,2022,200024,国外,瑞业源新能源汽车公司,,,,,,0,0,,,房地产,,Zurich,,,XETRA,,,0,1,德国,0,0,23/3/2026 09:32:16,23/3/2026 09:32:16
38,2022,200028,国外,联会禾批发发展公司,,,,,,0,0,,,医药生物,,,Sydney,,TSX,Growth,,0,1,德国,0,0,23/3/2026 09:32:16,23/3/2026 09:32:16
40,2022,200029,国外,冀澜拓数据服务科技公司,,,,,,0,0,,,房地产,,Zurich,Singapore,,SGX,,,0,1,法国,0,0,23/3/2026 09:32:16,23/3/2026 09:32:16
41,2022,30,国外,联泽盛建设开发股份公司,,,,,,0,0,,,汽车零部件制造业,汽车制造业,England,London,,TSX,NASDAQ Global Select,,0,1,德国,0,0,23/3/2026 09:32:16,23/3/2026 09:32:16
44,2022,32,国外,明晋迈建筑设计科技公司,,,,,,0,0,,,软件和信息技术服务,信息传输、软件和信息技术服务业,Bavaria,,,ASX,Growth,,0,1,德国,0,0,23/3/2026 09:32:16,23/3/2026 09:32:16
47,2022,35,国外,比尹源城市发展控股公司,,,,,,0,0,,,水利、环境和公共设施管理业,水利、环境和公共设施管理业,,New York,,SGX,NASDAQ Global Select,,0,1,英国,0,0,23/3/2026 09:32:16,23/3/2026 09:32:16
58,2022,200045,国外,众海置新材料股份公司,,,,,,0,0,,,电子,,England,London,,ASX,Prime,,0,1,英国,0,0,23/3/2026 09:32:16,23/3/2026 09:32:16
60,2022,48,国外,远通启综合开发发展公司,,,,,,0,0,,,纺织鞋服业,纺织鞋服业,England,,,XETRA,Main Board,,0,1,德国,0,0,23/3/2026 09:32:16,23/3/2026 09:32:16
61,2022,49,国外,冀通泽置业科技公司,,,,,,0,0,,,电池制造业,商业电气机械和器材制造业,California,Tokyo,,ASX,Growth,,0,1,法国,0,0,23/3/2026 09:32:16,23/3/2026 09:32:16
64,2022,200055,国外,冀盈源金融有限公司,,,,,,0,0,,,建筑装饰,,Tokyo,New York,,,Main Board,,0,1,英国,0,0,23/3/2026 09:32:16,23/3/2026 09:32:16
65,2022,56,国外,瑞泽澜新能源汽车公司,,,,,,0,0,,,商务服务业,租赁和商务服务业,England,Tokyo,,NASDAQ,NASDAQ Global Select,,0,1,德国,0,0,23/3/2026 09:32:16,23/3/2026 09:32:16
71,2022,61,国外,润课置贸易科技公司,,,,,,0,0,,,商务服务业,租赁和商务服务业,Ontario,New York,,,Growth,,0,1,法国,0,0,23/3/2026 09:32:16,23/3/2026 09:32:16
77,2022,69,国外,科业拓贸易控股公司,,,,,,0,0,,,商业地产,房地产业,Zurich,New York,,SGX,Standard,,0,1,德国,0,0,23/3/2026 09:32:16,23/3/2026 09:32:16
78,2022,70,国外,润桥瀚金融控股公司,,,,,,0,0,,,通信传输设备业,通信传输设备业,Ontario,New York,,XETRA,Prime,,0,1,德国,0,0,23/3/2026 09:32:16,23/3/2026 09:32:16
88,2022,153,国外,润达置新能源汽车科技公司,,,,,,0,0,,,制药,医药制造业,England,Toronto,,NYSE,Standard,,0,1,英国,0,0,23/3/2026 09:32:16,23/3/2026 09:32:16
90,2022,156,国外,明桥瀚房地产开发股份公司,,,,,,0,0,,,文化、体育和娱乐业,文化、体育和娱乐业,Bavaria,Singapore,,NASDAQ,Standard,,0,1,德国,0,0,23/3/2026 09:32:16,23/3/2026 09:32:16
91,2022,157,国外,北泽盛金融公司,,,,,,0,0,,,其他专用设备制造业,专用设备制造业,,Toronto,,NASDAQ,Prime,,0,1,英国,0,0,23/3/2026 09:32:16,23/3/2026 09:32:16
93,2022,159,国外,北锦昌批发公司,,,,,,0,0,,,批发业,批发和零售业,New South Wales,Frankfurt,,SGX,Main Board,,0,1,英国,0,0,23/3/2026 09:32:16,23/3/2026 09:32:16
95,2022,400,国外,恒澜昌连锁发展公司,,,,,,0,0,,,互联网和相关服务,信息传输、软件和信息技术服务业,Zurich,London,,LSE,Prime,,0,1,德国,0,0,23/3/2026 09:32:16,23/3/2026 09:32:16
97,2022,402,国外,远通置化工有限公司,,,,,,0,0,,,商业地产,房地产业,,Frankfurt,,,,,0,1,英国,0,0,23/3/2026 09:32:16,23/3/2026 09:32:16
110,2022,418,国外,碧达科建筑设计发展公司,,,,,,0,0,,,软件和信息技术服务,信息传输、软件和信息技术服务业,California,Singapore,,XETRA,,,0,1,德国,0,0,23/3/2026 09:32:16,23/3/2026 09:32:16
113,2022,420,国外,比车迈城市发展股份公司,,,,,,0,0,,,纺织鞋服业,纺织鞋服业,,Tokyo,,TSE,,,0,1,德国,0,0,23/3/2026 09:32:16,23/3/2026 09:32:16
115,2022,422,国外,招能瀚财富管理公司,,,,,,0,0,,,化肥,化学原料和化学制品制造业,California,Singapore,,ASX,NASDAQ Global Select,,0,1,法国,0,0,23/3/2026 09:32:16,23/3/2026 09:32:16
116,2022,423,国外,众泽远玻璃科技公司,,,,,,0,0,,,制药,医药制造业,Zurich,Singapore,,ASX,Main Board,,0,1,法国,0,0,23/3/2026 09:32:16,23/3/2026 09:32:16
118,2022,426,国外,星盈澜传媒公司,,,,,,0,0,,,有色金属开采业,采矿业,Bavaria,Frankfurt,,XETRA,Main Board,,0,1,法国,0,0,23/3/2026 09:32:16,23/3/2026 09:32:16
120,2022,429,国外,远泽锦批发科技公司,,,,,,0,0,,,陆路交通运输业,交通运输、仓储和邮政业,California,Sydney,,XETRA,Standard,,0,1,法国,0,0,23/3/2026 09:32:16,23/3/2026 09:32:16
121,2022,200429,国外,招晋景数据服务有限公司,,,,,,0,0,,,交通运输,,,,,LSE,Standard,,0,1,法国,0,0,23/3/2026 09:32:16,23/3/2026 09:32:16
122,2022,430,国外,碧锦润集成电路集团公司,,,,,,0,0,,,多元金融,金融业,Zurich,Tokyo,,XETRA,,,0,1,法国,0,0,23/3/2026 09:32:16,23/3/2026 09:32:16
123,2022,488,国外,凯园盛玻璃科技公司,,,,,,0,0,,,造纸和纸制品业,造纸和纸制品业,Bavaria,Toronto,,NYSE,Growth,,0,1,德国,0,0,23/3/2026 09:32:16,23/3/2026 09:32:16
125,2022,498,国外,长泽远集成电路科技公司,,,,,,0,0,,,土木工程,建筑业,Bavaria,Tokyo,,,Growth,,0,1,德国,0,0,23/3/2026 09:32:16,23/3/2026 09:32:16
129,2022,504,国外,启业昌传媒发展公司,,,,,,0,0,,,医药研发服务,科学研究和技术服务业,Ontario,Frankfurt,,NASDAQ,Standard,,0,1,英国,0,0,23/3/2026 09:32:16,23/3/2026 09:32:16
130,2022,505,国外,凯桥景实业集团公司,,,,,,0,0,,,金属制品业,金属制品业,England,Tokyo,,TSX,Standard,,0,1,德国,0,0,23/3/2026 09:32:16,23/3/2026 09:32:16
131,2022,200505,国外,长锦拓生物科技集团公司,,,,,,0,0,,,房地产,,California,,,ASX,Growth,,0,1,法国,0,0,23/3/2026 09:32:16,23/3/2026 09:32:16
132,2022,506,国外,润盈拓生物科技科技公司,,,,,,0,0,,,食品业,食品饮料业,New South Wales,Frankfurt,,ASX,NASDAQ Global Select,,0,1,法国,0,0,23/3/2026 09:32:16,23/3/2026 09:32:16
133,2022,507,国外,冀泽创医药集团公司,,,,,,0,0,,,水路交通运输业,交通运输、仓储和邮政业,England,Sydney,,TSX,Main Board,,0,1,英国,0,0,23/3/2026 09:32:16,23/3/2026 09:32:16
134,2022,509,国外,众城置水电发展公司,,,,,,0,0,,,化肥,化学原料和化学制品制造业,New South Wales,New York,,,,,0,1,法国,0,0,23/3/2026 09:32:16,23/3/2026 09:32:16
137,2022,513,国外,高源盛传媒股份公司,,,,,,0,0,,,制药,医药制造业,Bavaria,Singapore,,NYSE,Growth,,0,1,英国,0,0,23/3/2026 09:32:16,23/3/2026 09:32:16
138,2022,200513,国外,物电昌置业股份公司,,,,,,0,0,,,医药生物,,California,New York,,LSE,Standard,,0,1,英国,0,0,23/3/2026 09:32:16,23/3/2026 09:32:16
140,2022,515,国外,启城智批发科技公司,,,,,,0,0,,,半导体业,半导体业,Bavaria,,,TSX,Prime,,0,1,法国,0,0,23/3/2026 09:32:16,23/3/2026 09:32:16
143,2022,518,国外,冀桥昌城市发展有限公司,,,,,,0,0,,,纺织鞋服业,纺织鞋服业,California,London,,NASDAQ,Prime,,0,1,德国,0,0,23/3/2026 09:32:16,23/3/2026 09:32:16
145,2022,520,国外,华禾科零售股份公司,,,,,,0,0,,,餐饮业,住宿和餐饮业,Tokyo,London,,ASX,Main Board,,0,1,英国,0,0,23/3/2026 09:32:16,23/3/2026 09:32:16
153,2022,527,国外,众芯拓医药集团公司,,,,,,0,0,,,电力热力生产和供应业,电力、热力、燃气及水生产和供应业,England,Singapore,,ASX,Prime,,0,1,法国,0,0,23/3/2026 09:32:16,23/3/2026 09:32:16
154,2022,528,国外,润课泰零售控股公司,,,,,,0,0,,,纺织鞋服业,纺织鞋服业,Zurich,London,,,Prime,,0,1,法国,0,0,23/3/2026 09:32:16,23/3/2026 09:32:16
155,2022,529,国外,润锦迈新能源汽车集团公司,,,,,,0,0,,,食品业,食品饮料业,Zurich,New York,,LSE,Prime,,0,1,德国,0,0,23/3/2026 09:32:16,23/3/2026 09:32:16
157,2022,200530,国外,绿会昌能源公司,,,,,,0,0,,,机械设备,,England,London,,NASDAQ,Prime,,0,1,法国,0,0,23/3/2026 09:32:16,23/3/2026 09:32:16
161,2022,534,国外,润尹泽电子股份公司,,,,,,0,0,,,生物科技,医药制造业,,Frankfurt,,,Prime,,0,1,英国,0,0,23/3/2026 09:32:16,23/3/2026 09:32:16
162,2022,536,国外,盛电盛生物科技发展公司,,,,,,0,0,,,电子元件及设备,消费电子及电气业,California,Singapore,,,Main Board,,0,1,德国,0,0,23/3/2026 09:32:16,23/3/2026 09:32:16
164,2022,538,国外,远新启房地产开发集团公司,,,,,,0,0,,,餐饮业,住宿和餐饮业,California,Frankfurt,,NYSE,Prime,,0,1,英国,0,0,23/3/2026 09:32:16,23/3/2026 09:32:16
165,2022,539,国外,凯新昌房地产开发控股公司,,,,,,0,0,,,电力热力生产和供应业,电力、热力、燃气及水生产和供应业,New South Wales,Tokyo,,XETRA,,,0,1,法国,0,0,23/3/2026 09:32:16,23/3/2026 09:32:16
166,2022,200539,国外,星泽联化工公司,,,,,,0,0,,,公用事业,,Tokyo,Toronto,,NYSE,NASDAQ Global Select,,0,1,法国,0,0,23/3/2026 09:32:16,23/3/2026 09:32:16
167,2022,540,国外,碧源拓船舶科技公司,,,,,,0,0,,,纺织鞋服业,纺织鞋服业,Tokyo,Frankfurt,,TSE,Standard,,0,1,德国,0,0,23/3/2026 09:32:16,23/3/2026 09:32:16
171,2022,544,国外,星泽骏新材料有限公司,,,,,,0,0,,,水生产和供应业,电力、热力、燃气及水生产和供应业,New South Wales,Singapore,,SGX,Prime,,0,1,德国,0,0,23/3/2026 09:32:16,23/3/2026 09:32:16
174,2022,547,国外,华控置贸易股份公司,,,,,,0,0,,,通用设备制造业,通用设备制造业,California,Singapore,,NYSE,,,0,1,法国,0,0,23/3/2026 09:32:16,23/3/2026 09:32:16
180,2022,552,国外,招酷智金融有限公司,,,,,,0,0,,,电信、广播电视和卫星传输服务,信息传输、软件和信息技术服务业,Ontario,Toronto,,TSX,Growth,,0,1,法国,0,0,23/3/2026 09:32:16,23/3/2026 09:32:16
181,2022,553,国外,物通启环境科技科技公司,,,,,,0,0,,,通信传输设备业,通信传输设备业,Zurich,Sydney,,TSE,Main Board,,0,1,英国,0,0,23/3/2026 09:32:16,23/3/2026 09:32:16
182,2022,200553,国外,科源启置业发展公司,,,,,,0,0,,,化工,,Zurich,Toronto,,NASDAQ,NASDAQ Global Select,,0,1,法国,0,0,23/3/2026 09:32:16,23/3/2026 09:32:16
183,2022,554,国外,恒达联能源科技公司,,,,,,0,0,,,石油加工、炼焦和核燃料加工业,石油加工、炼焦和核燃料加工业,Bavaria,Toronto,,TSX,,,0,1,德国,0,0,23/3/2026 09:32:16,23/3/2026 09:32:16
191,2022,563,国外,冀能锦水电股份公司,,,,,,0,0,,,住宅,房地产业,Zurich,Toronto,,,Prime,,0,1,法国,0,0,23/3/2026 09:32:16,23/3/2026 09:32:16
192,2022,564,国外,科澜置数据服务发展公司,,,,,,0,0,,,零售业,批发和零售业,New South Wales,Singapore,,SGX,Prime,,0,1,英国,0,0,23/3/2026 09:32:16,23/3/2026 09:32:16
193,2022,565,国外,联禾置能源控股公司,,,,,,0,0,,,精细化工,化学原料和化学制品制造业,California,New York,,ASX,,,0,1,法国,0,0,23/3/2026 09:32:16,23/3/2026 09:32:16
197,2022,569,国外,新澜联电子控股公司,,,,,,0,0,,,钢铁,,Ontario,,,NYSE,,,0,1,英国,0,0,23/3/2026 09:32:16,23/3/2026 09:32:16
199,2022,200570,国外,恒新锦财富管理有限公司,,,,,,0,0,,,机械设备,,Ontario,Tokyo,,NASDAQ,,,0,1,英国,0,0,23/3/2026 09:32:16,23/3/2026 09:32:16
200,2022,571,国外,科课科船舶公司,,,,,,0,0,,,综合,综合,California,Frankfurt,,NASDAQ,Standard,,0,1,英国,0,0,23/3/2026 09:32:16,23/3/2026 09:32:16
201,2022,572,国外,恒新景集成电路发展公司,,,,,,0,0,,,整车制造业,汽车制造业,California,,,TSX,Growth,,0,1,德国,0,0,23/3/2026 09:32:16,23/3/2026 09:32:16
204,2022,578,国外,启泽澜电子有限公司,,,,,,0,0,,,化工,,Ontario,Singapore,,NYSE,Growth,,0,1,英国,0,0,23/3/2026 09:32:16,23/3/2026 09:32:16
207,2022,582,国外,花园置电子有限公司,,,,,,0,0,,,水路交通运输业,交通运输、仓储和邮政业,New South Wales,,,LSE,Growth,,0,1,英国,0,0,23/3/2026 09:32:16,23/3/2026 09:32:16
210,2022,586,国外,联电盛能源公司,,,,,,0,0,,,通信传输设备业,通信传输设备业,Tokyo,New York,,XETRA,,,0,1,德国,0,0,23/3/2026 09:32:16,23/3/2026 09:32:16
212,2022,589,国外,北车骏医药股份公司,,,,,,0,0,,,汽车零部件制造业,汽车制造业,Bavaria,London,,SGX,Growth,,0,1,英国,0,0,23/3/2026 09:32:16,23/3/2026 09:32:16
218,2022,595,国外,盛芯骏建筑设计控股公司,,,,,,0,0,,,通用设备制造业,通用设备制造业,New South Wales,Sydney,,TSX,Main Board,,0,1,英国,0,0,23/3/2026 09:32:16,23/3/2026 09:32:16
224,2022,600,国外,明禾盛新材料控股公司,,,,,,0,0,,,电力热力生产和供应业,电力、热力、燃气及水生产和供应业,Ontario,Frankfurt,,LSE,,,0,1,法国,0,0,23/3/2026 09:32:16,23/3/2026 09:32:16
225,2022,601,国外,凯城源贸易控股公司,,,,,,0,0,,,电力热力生产和供应业,电力、热力、燃气及水生产和供应业,England,Singapore,,ASX,Standard,,0,1,德国,0,0,23/3/2026 09:32:16,23/3/2026 09:32:16
227,2022,603,国外,碧芯锦能源科技公司,,,,,,0,0,,,有色金属开采业,采矿业,Tokyo,Frankfurt,,NYSE,Standard,,0,1,德国,0,0,23/3/2026 09:32:16,23/3/2026 09:32:16
228,2022,605,国外,恒酷远房地产开发控股公司,,,,,,0,0,,,水生产和供应业,电力、热力、燃气及水生产和供应业,England,Frankfurt,,NYSE,Prime,,0,1,德国,0,0,23/3/2026 09:32:16,23/3/2026 09:32:16
230,2022,607,国外,联城泽环境科技有限公司,,,,,,0,0,,,文化、体育和娱乐业,文化、体育和娱乐业,,Frankfurt,,TSE,,,0,1,法国,0,0,23/3/2026 09:32:16,23/3/2026 09:32:16
238,2022,615,国外,绿城拓生物科技科技公司,,,,,,0,0,,,住宅,房地产业,,Singapore,,XETRA,Main Board,,0,1,德国,0,0,23/3/2026 09:32:16,23/3/2026 09:32:16
244,2022,623,国外,冀尹泽化工控股公司,,,,,,0,0,,,制药,医药制造业,England,,,SGX,Prime,,0,1,英国,0,0,23/3/2026 09:32:16,23/3/2026 09:32:16
248,2022,627,国外,启能迈贸易集团公司,,,,,,0,0,,,保险,金融业,Bavaria,Singapore,,LSE,NASDAQ Global Select,,0,1,英国,0,0,23/3/2026 09:32:16,23/3/2026 09:32:16
250,2022,629,国外,长酷盛船舶发展公司,,,,,,0,0,,,有色金属冶炼和压延加工业,金属冶炼和压延加工业,,New York,,LSE,NASDAQ Global Select,,0,1,英国,0,0,23/3/2026 09:32:16,23/3/2026 09:32:16
255,2022,635,国外,物控锦医药股份公司,,,,,,0,0,,,塑料制品,橡胶和塑料制品业,,,,TSX,,,0,1,法国,0,0,23/3/2026 09:32:16,23/3/2026 09:32:16
256,2022,636,国外,瑞尹航电子公司,,,,,,0,0,,,电子元件及设备,消费电子及电气业,Tokyo,Singapore,,TSE,Growth,,0,1,英国,0,0,23/3/2026 09:32:16,23/3/2026 09:32:16
257,2022,637,国外,启芯澜综合开发发展公司,,,,,,0,0,,,石油加工、炼焦和核燃料加工业,石油加工、炼焦和核燃料加工业,New South Wales,Singapore,,NYSE,Standard,,0,1,德国,0,0,23/3/2026 09:32:16,23/3/2026 09:32:16
258,2022,638,国外,保控泰连锁公司,,,,,,0,0,,,软件和信息技术服务,信息传输、软件和信息技术服务业,Tokyo,Singapore,,XETRA,Standard,,0,1,英国,0,0,23/3/2026 09:32:16,23/3/2026 09:32:16
261,2022,651,国外,冀澜启集成电路有限公司,,,,,,0,0,,,家用电器,消费电子及电气业,Ontario,Toronto,,TSX,Growth,,0,1,法国,0,0,23/3/2026 09:32:16,23/3/2026 09:32:16
267,2022,661,国外,碧桥锦连锁科技公司,,,,,,0,0,,,生物科技,医药制造业,Bavaria,Sydney,,TSX,Growth,,0,1,法国,0,0,23/3/2026 09:32:16,23/3/2026 09:32:16
272,2022,667,国外,明盈智环境科技股份公司,,,,,,0,0,,,住宅,房地产业,Ontario,New York,,TSX,Main Board,,0,1,法国,0,0,23/3/2026 09:32:16,23/3/2026 09:32:16
273,2022,668,国外,十达润贸易发展公司,,,,,,0,0,,,住宅,房地产业,New South Wales,London,,NYSE,Growth,,0,1,德国,0,0,23/3/2026 09:32:16,23/3/2026 09:32:16
278,2022,673,国外,花园禾数据服务集团公司,,,,,,0,0,,,医疗专用设备制造业,专用设备制造业,New South Wales,Toronto,,LSE,Growth,,0,1,英国,0,0,23/3/2026 09:32:16,23/3/2026 09:32:16
283,2022,680,国外,联新启财富管理科技公司,,,,,,0,0,,,其他专用设备制造业,专用设备制造业,England,Tokyo,,TSX,Standard,,0,1,法国,0,0,23/3/2026 09:32:16,23/3/2026 09:32:16
290,2022,688,国外,恒会科综合开发股份公司,,,,,,0,0,,,有色金属开采业,采矿业,California,Toronto,,XETRA,,,0,1,法国,0,0,23/3/2026 09:32:16,23/3/2026 09:32:16
295,2022,695,国外,碧环盛软件控股公司,,,,,,0,0,,,印刷和记录媒介复制业,印刷和记录媒介复制业,Zurich,Toronto,,TSX,NASDAQ Global Select,,0,1,英国,0,0,23/3/2026 09:32:16,23/3/2026 09:32:16
296,2022,1696,国外,北尹迈环境科技公司,,,,,,0,0,,,两轮车辆制造业,铁路、船舶、航空航天和其他运输设备制造业,,New York,,,Main Board,,0,1,法国,0,0,23/3/2026 09:32:16,23/3/2026 09:32:16
298,2022,698,国外,招达昌医药控股公司,,,,,,0,0,,,石油加工、炼焦和核燃料加工业,石油加工、炼焦和核燃料加工业,,Frankfurt,,SGX,NASDAQ Global Select,,0,1,英国,0,0,23/3/2026 09:32:16,23/3/2026 09:32:16
299,2022,700,国外,远阳锦水电集团公司,,,,,,0,0,,,汽车零部件制造业,汽车制造业,England,Tokyo,,LSE,NASDAQ Global Select,,0,1,英国,0,0,23/3/2026 09:32:16,23/3/2026 09:32:16
300,2022,701,国外,比酷源生物科技集团公司,,,,,,0,0,,,批发业,批发和零售业,California,Tokyo,,NYSE,Growth,,0,1,法国,0,0,23/3/2026 09:32:16,23/3/2026 09:32:16
302,2022,703,国外,万城创电子股份公司,,,,,,0,0,,,化学纤维制造业,化学纤维制造业,Bavaria,Tokyo,,NYSE,Prime,,0,1,英国,0,0,23/3/2026 09:32:16,23/3/2026 09:32:16
306,2022,709,国外,高环远电器科技公司,,,,,,0,0,,,黑色金属冶炼和压延加工业,金属冶炼和压延加工业,New South Wales,London,,TSX,,,0,1,法国,0,0,23/3/2026 09:32:16,23/3/2026 09:32:16
308,2022,711,国外,瑞锦拓城市发展有限公司,,,,,,0,0,,,土木工程,建筑业,Bavaria,Singapore,,TSE,,,0,1,德国,0,0,23/3/2026 09:32:16,23/3/2026 09:32:16
313,2022,717,国外,瑞能瀚电子控股公司,,,,,,0,0,,,黑色金属冶炼和压延加工业,金属冶炼和压延加工业,England,,,XETRA,Main Board,,0,1,英国,0,0,23/3/2026 09:32:16,23/3/2026 09:32:16
316,2022,720,国外,北工盛实业公司,,,,,,0,0,,,商务服务业,租赁和商务服务业,,New York,,ASX,Prime,,0,1,法国,0,0,23/3/2026 09:32:16,23/3/2026 09:32:16
326,2022,729,国外,保工澜集成电路集团公司,,,,,,0,0,,,酒业,食品饮料业,,Singapore,,TSX,Main Board,,0,1,德国,0,0,23/3/2026 09:32:16,23/3/2026 09:32:16
332,2022,737,国外,华阳昌金融有限公司,,,,,,0,0,,,化工原料,化学原料和化学制品制造业,England,New York,,TSX,Growth,,0,1,法国,0,0,23/3/2026 09:32:16,23/3/2026 09:32:16
335,2022,748,国外,凯园启水电集团公司,,,,,,0,0,,,计算机,,,London,,XETRA,Standard,,0,1,英国,0,0,23/3/2026 09:32:16,23/3/2026 09:32:16
336,2022,750,国外,远晋创水电股份公司,,,,,,0,0,,,证券,金融业,,London,,NYSE,,,0,1,法国,0,0,23/3/2026 09:32:16,23/3/2026 09:32:16
340,2022,755,国外,众控瀚化工发展公司,,,,,,0,0,,,陆路交通运输业,交通运输、仓储和邮政业,England,Frankfurt,,,Prime,,0,1,英国,0,0,23/3/2026 09:32:16,23/3/2026 09:32:16
341,2022,756,国外,润工昌电子发展公司,,,,,,0,0,,,制药,医药制造业,Bavaria,Singapore,,TSE,Growth,,0,1,法国,0,0,23/3/2026 09:32:16,23/3/2026 09:32:16
343,2022,758,国外,物阳锦化工有限公司,,,,,,0,0,,,有色金属开采业,采矿业,,Tokyo,,LSE,Standard,,0,1,英国,0,0,23/3/2026 09:32:16,23/3/2026 09:32:16
344,2022,759,国外,比园科通信控股公司,,,,,,0,0,,,零售业,批发和零售业,Zurich,Singapore,,LSE,NASDAQ Global Select,,0,1,英国,0,0,23/3/2026 09:32:16,23/3/2026 09:32:16
345,2022,760,国外,润新科生物科技发展公司,,,,,,0,0,,,住宅,房地产业,Tokyo,London,,ASX,Main Board,,0,1,德国,0,0,23/3/2026 09:32:16,23/3/2026 09:32:16
348,2022,762,国外,花车置新材料控股公司,,,,,,0,0,,,黑色金属开采业,采矿业,Ontario,,,LSE,NASDAQ Global Select,,0,1,英国,0,0,23/3/2026 09:32:16,23/3/2026 09:32:16
350,2022,767,国外,比工骏数据服务集团公司,,,,,,0,0,,,电力热力生产和供应业,电力、热力、燃气及水生产和供应业,,Toronto,,,NASDAQ Global Select,,0,1,法国,0,0,23/3/2026 09:32:16,23/3/2026 09:32:16
356,2022,780,国外,科源盛数据服务科技公司,,,,,,0,0,,,商务服务业,租赁和商务服务业,Zurich,Singapore,,SGX,,,0,1,英国,0,0,23/3/2026 09:32:16,23/3/2026 09:32:16
358,2022,783,国外,冀阳源船舶科技公司,,,,,,0,0,,,证券,金融业,England,Frankfurt,,TSX,Standard,,0,1,英国,0,0,23/3/2026 09:32:16,23/3/2026 09:32:16
360,2022,786,国外,科桥昌水务控股公司,,,,,,0,0,,,其他非金属制品业,非金属矿物制品业,England,Toronto,,TSE,Standard,,0,1,英国,0,0,23/3/2026 09:32:16,23/3/2026 09:32:16
363,2022,790,国外,联晋源房地产开发发展公司,,,,,,0,0,,,制药,医药制造业,England,Sydney,,NYSE,,,0,1,英国,0,0,23/3/2026 09:32:16,23/3/2026 09:32:16
365,2022,792,国外,凯酷泰电器控股公司,,,,,,0,0,,,化肥,化学原料和化学制品制造业,Tokyo,Tokyo,,,Growth,,0,1,英国,0,0,23/3/2026 09:32:16,23/3/2026 09:32:16
372,2022,800,国外,瑞能锦零售科技公司,,,,,,0,0,,,整车制造业,汽车制造业,England,Frankfurt,,,,,0,1,德国,0,0,23/3/2026 09:32:16,23/3/2026 09:32:16
374,2022,802,国外,凯禾昌连锁控股公司,,,,,,0,0,,,文化、体育和娱乐业,文化、体育和娱乐业,New South Wales,New York,,NASDAQ,Prime,,0,1,英国,0,0,23/3/2026 09:32:16,23/3/2026 09:32:16
375,2022,803,国外,盛尹盛集成电路控股公司,,,,,,0,0,,,废弃资源综合利用业,废弃资源综合利用业,Tokyo,Sydney,,TSE,Growth,,0,1,德国,0,0,23/3/2026 09:32:16,23/3/2026 09:32:16
376,2022,806,国外,明课拓生物科技科技公司,,,,,,0,0,,,电机制造业,商业电气机械和器材制造业,Zurich,Frankfurt,,NASDAQ,Growth,,0,1,法国,0,0,23/3/2026 09:32:16,23/3/2026 09:32:16
377,2022,807,国外,众晋远数据服务科技公司,,,,,,0,0,,,有色金属冶炼和压延加工业,金属冶炼和压延加工业,Ontario,Tokyo,,XETRA,Growth,,0,1,法国,0,0,23/3/2026 09:32:16,23/3/2026 09:32:16
380,2022,811,国外,盛环拓环境科技控股公司,,,,,,0,0,,,通用设备制造业,通用设备制造业,Ontario,,,LSE,Prime,,0,1,英国,0,0,23/3/2026 09:32:16,23/3/2026 09:32:16
385,2022,818,国外,绿城骏电子科技公司,,,,,,0,0,,,化工原料,化学原料和化学制品制造业,New South Wales,Sydney,,TSE,Standard,,0,1,德国,0,0,23/3/2026 09:32:16,23/3/2026 09:32:16
387,2022,820,国外,长晋澜传媒有限公司,,,,,,0,0,,,废弃资源综合利用业,废弃资源综合利用业,California,Tokyo,,,Main Board,,0,1,法国,0,0,23/3/2026 09:32:16,23/3/2026 09:32:16
388,2022,821,国外,恒电澜玻璃发展公司,,,,,,0,0,,,其他专用设备制造业,专用设备制造业,Tokyo,London,,LSE,Main Board,,0,1,法国,0,0,23/3/2026 09:32:16,23/3/2026 09:32:16
394,2022,829,国外,众尹盛传媒集团公司,,,,,,0,0,,,批发业,批发和零售业,Zurich,Tokyo,,ASX,Growth,,0,1,英国,0,0,23/3/2026 09:32:16,23/3/2026 09:32:16
395,2022,830,国外,北车航水电公司,,,,,,0,0,,,化肥,化学原料和化学制品制造业,England,New York,,ASX,,,0,1,英国,0,0,23/3/2026 09:32:16,23/3/2026 09:32:16
396,2022,831,国外,凯禾景零售公司,,,,,,0,0,,,稀土金属冶炼和压延加工业,金属冶炼和压延加工业,New South Wales,,,LSE,Growth,,0,1,德国,0,0,23/3/2026 09:32:16,23/3/2026 09:32:16
397,2022,833,国外,高工智零售集团公司,,,,,,0,0,,,综合,综合,Zurich,Sydney,,TSX,Prime,,0,1,德国,0,0,23/3/2026 09:32:16,23/3/2026 09:32:16
400,2022,837,国外,长电智城市发展科技公司,,,,,,0,0,,,通用设备制造业,通用设备制造业,Bavaria,London,,NASDAQ,Main Board,,0,1,德国,0,0,23/3/2026 09:32:16,23/3/2026 09:32:16
405,2022,851,国外,凯达迈零售控股公司,,,,,,0,0,,,零售业,批发和零售业,Tokyo,Singapore,,ASX,Growth,,0,1,德国,0,0,23/3/2026 09:32:16,23/3/2026 09:32:16
409,2022,859,国外,润工景零售有限公司,,,,,,0,0,,,塑料制品,橡胶和塑料制品业,Zurich,,,LSE,Growth,,0,1,德国,0,0,23/3/2026 09:32:16,23/3/2026 09:32:16
412,2022,862,国外,启课盛贸易发展公司,,,,,,0,0,,,电力热力生产和供应业,电力、热力、燃气及水生产和供应业,England,Singapore,,XETRA,Main Board,,0,1,法国,0,0,23/3/2026 09:32:16,23/3/2026 09:32:16
416,2022,200869,国外,招阳昌水务科技公司,,,,,,0,0,,,食品饮料,,Bavaria,New York,,NASDAQ,Prime,,0,1,英国,0,0,23/3/2026 09:32:16,23/3/2026 09:32:16
417,2022,875,国外,润业科实业有限公司,,,,,,0,0,,,电力热力生产和供应业,电力、热力、燃气及水生产和供应业,Ontario,Frankfurt,,TSX,Prime,,0,1,法国,0,0,23/3/2026 09:32:16,23/3/2026 09:32:16
421,2022,880,国外,瑞电骏水电控股公司,,,,,,0,0,,,通用设备制造业,通用设备制造业,England,London,,LSE,Standard,,0,1,德国,0,0,23/3/2026 09:32:16,23/3/2026 09:32:16
422,2022,881,国外,联达创生物科技有限公司,,,,,,0,0,,,精细化工,化学原料和化学制品制造业,,Tokyo,,NASDAQ,NASDAQ Global Select,,0,1,法国,0,0,23/3/2026 09:32:16,23/3/2026 09:32:16
423,2022,882,国外,比达锦零售股份公司,,,,,,0,0,,,租赁业,租赁和商务服务业,California,,,ASX,NASDAQ Global Select,,0,1,英国,0,0,23/3/2026 09:32:16,23/3/2026 09:32:16
426,2022,886,国外,盛海置传媒有限公司,,,,,,0,0,,,商业地产,房地产业,California,London,,SGX,Main Board,,0,1,德国,0,0,23/3/2026 09:32:16,23/3/2026 09:32:16
428,2022,888,国外,十能智零售科技公司,,,,,,0,0,,,水利、环境和公共设施管理业,水利、环境和公共设施管理业,Bavaria,Singapore,,,Growth,,0,1,法国,0,0,23/3/2026 09:32:16,23/3/2026 09:32:16
430,2022,890,国外,物晋联能源有限公司,,,,,,0,0,,,金属制品业,金属制品业,California,Toronto,,TSE,NASDAQ Global Select,,0,1,法国,0,0,23/3/2026 09:32:16,23/3/2026 09:32:16
432,2022,893,国外,招车泰生物科技公司,,,,,,0,0,,,化肥,化学原料和化学制品制造业,Tokyo,Sydney,,ASX,Prime,,0,1,法国,0,0,23/3/2026 09:32:16,23/3/2026 09:32:16
434,2022,1896,国外,冀达泽零售有限公司,,,,,,0,0,,,电力热力生产和供应业,电力、热力、燃气及水生产和供应业,California,Singapore,,XETRA,Growth,,0,1,德国,0,0,23/3/2026 09:32:16,23/3/2026 09:32:16
436,2022,898,国外,远园泽批发股份公司,,,,,,0,0,,,黑色金属冶炼和压延加工业,金属冶炼和压延加工业,England,Toronto,,NYSE,Standard,,0,1,德国,0,0,23/3/2026 09:32:16,23/3/2026 09:32:16
437,2022,899,国外,瑞城锦集成电路科技公司,,,,,,0,0,,,电力热力生产和供应业,电力、热力、燃气及水生产和供应业,California,Sydney,,TSX,Prime,,0,1,法国,0,0,23/3/2026 09:32:16,23/3/2026 09:32:16
438,2022,900,国外,恒城智数据服务控股公司,,,,,,0,0,,,陆路交通运输业,交通运输、仓储和邮政业,New South Wales,London,,TSE,NASDAQ Global Select,,0,1,英国,0,0,23/3/2026 09:32:16,23/3/2026 09:32:16
447,2022,911,国外,远禾迈置业股份公司,,,,,,0,0,,,食品业,食品饮料业,New South Wales,Tokyo,,,Standard,,0,1,英国,0,0,23/3/2026 09:32:16,23/3/2026 09:32:16
449,2022,913,国外,保会泽连锁公司,,,,,,0,0,,,两轮车辆制造业,铁路、船舶、航空航天和其他运输设备制造业,Tokyo,Tokyo,,LSE,Standard,,0,1,法国,0,0,23/3/2026 09:32:16,23/3/2026 09:32:16
452,2022,917,国外,远新禾建设开发股份公司,,,,,,0,0,,,电信、广播电视和卫星传输服务,信息传输、软件和信息技术服务业,Zurich,Frankfurt,,NYSE,Standard,,0,1,法国,0,0,23/3/2026 09:32:16,23/3/2026 09:32:16
455,2022,920,国外,凯酷远数据服务集团公司,,,,,,0,0,,,精细化工,化学原料和化学制品制造业,Ontario,New York,,NYSE,Prime,,0,1,德国,0,0,23/3/2026 09:32:16,23/3/2026 09:32:16
464,2022,930,国外,比课航电子股份公司,,,,,,0,0,,,化工原料,化学原料和化学制品制造业,Bavaria,Toronto,,,Prime,,0,1,德国,0,0,23/3/2026 09:32:16,23/3/2026 09:32:16
466,2022,932,国外,众酷泽批发发展公司,,,,,,0,0,,,黑色金属冶炼和压延加工业,金属冶炼和压延加工业,Tokyo,Singapore,,TSX,,,0,1,德国,0,0,23/3/2026 09:32:16,23/3/2026 09:32:16
467,2022,933,国外,比盈盛金融发展公司,,,,,,0,0,,,有色金属冶炼和压延加工业,金属冶炼和压延加工业,Tokyo,Singapore,,LSE,,,0,1,英国,0,0,23/3/2026 09:32:16,23/3/2026 09:32:16
468,2022,935,国外,盛海盛数据服务科技公司,,,,,,0,0,,,水泥制品业,非金属矿物制品业,Zurich,London,,XETRA,NASDAQ Global Select,,0,1,法国,0,0,23/3/2026 09:32:16,23/3/2026 09:32:16
473,2022,948,国外,华酷澜生物科技有限公司,,,,,,0,0,,,软件和信息技术服务,信息传输、软件和信息技术服务业,New South Wales,Frankfurt,,,Standard,,0,1,英国,0,0,23/3/2026 09:32:16,23/3/2026 09:32:16
476,2022,951,国外,润尹盛零售有限公司,,,,,,0,0,,,整车制造业,汽车制造业,,Toronto,,NASDAQ,Prime,,0,1,德国,0,0,23/3/2026 09:32:16,23/3/2026 09:32:16
477,2022,952,国外,瑞车拓新能源汽车科技公司,,,,,,0,0,,,制药,医药制造业,New South Wales,London,,NASDAQ,NASDAQ Global Select,,0,1,德国,0,0,23/3/2026 09:32:16,23/3/2026 09:32:16
478,2022,953,国外,华环航生物科技科技公司,,,,,,0,0,,,制药,医药制造业,Ontario,London,,TSE,NASDAQ Global Select,,0,1,法国,0,0,23/3/2026 09:32:16,23/3/2026 09:32:16
479,2022,955,国外,碧控盛金融公司,,,,,,0,0,,,纺织鞋服业,纺织鞋服业,Zurich,Singapore,,ASX,Growth,,0,1,法国,0,0,23/3/2026 09:32:16,23/3/2026 09:32:16
480,2022,957,国外,润海创化工有限公司,,,,,,0,0,,,整车制造业,汽车制造业,New South Wales,London,,TSX,,,0,1,法国,0,0,23/3/2026 09:32:16,23/3/2026 09:32:16
494,2022,972,国外,远园泽船舶有限公司,,,,,,0,0,,,食品业,食品饮料业,Bavaria,Singapore,,NYSE,NASDAQ Global Select,,0,1,德国,0,0,23/3/2026 09:32:16,23/3/2026 09:32:16
500,2022,979,国外,瑞锦盛玻璃公司,,,,,,0,0,,,房地产,,Zurich,Tokyo,,XETRA,Prime,,0,1,法国,0,0,23/3/2026 09:32:16,23/3/2026 09:32:16
506,2022,987,国外,远澜启集成电路公司,,,,,,0,0,,,多元金融,金融业,Tokyo,,,ASX,Prime,,0,1,法国,0,0,23/3/2026 09:32:16,23/3/2026 09:32:16
509,2022,990,国外,润工创集成电路有限公司,,,,,,0,0,,,精细化工,化学原料和化学制品制造业,Tokyo,Singapore,,TSE,Growth,,0,1,法国,0,0,23/3/2026 09:32:16,23/3/2026 09:32:16
511,2022,995,国外,冀业盛金融控股公司,,,,,,0,0,,,酒业,食品饮料业,Tokyo,Singapore,,NYSE,Prime,,0,1,英国,0,0,23/3/2026 09:32:16,23/3/2026 09:32:16
512,2022,996,国外,启桥锦能源股份公司,,,,,,0,0,,,批发业,批发和零售业,England,Sydney,,SGX,,,0,1,英国,0,0,23/3/2026 09:32:16,23/3/2026 09:32:16
516,2022,2001,国外,北车骏船舶科技公司,,,,,,0,0,,,制药,医药制造业,Ontario,New York,,TSE,NASDAQ Global Select,,0,1,德国,0,0,23/3/2026 09:32:16,23/3/2026 09:32:16
518,2022,200054,国外,凯城迈零售科技公司,,,,,,0,0,,,汽车,,England,Tokyo,,NYSE,Standard,,0,1,德国,0,0,23/3/2026 09:32:16,23/3/2026 09:32:16
520,2022,200160,国外,保桥联生物科技控股公司,,,,,,0,0,,,综合,,,,,SGX,Prime,,0,1,法国,0,0,23/3/2026 09:32:16,23/3/2026 09:32:16
523,2022,200512,国外,长能拓新材料公司,,,,,,0,0,,,家用电器,,California,Tokyo,,TSE,NASDAQ Global Select,,0,1,英国,0,0,23/3/2026 09:32:16,23/3/2026 09:32:16
524,2022,200706,国外,冀盈科集成电路有限公司,,,,,,0,0,,,机械设备,,California,Tokyo,,NYSE,Prime,,0,1,法国,0,0,23/3/2026 09:32:16,23/3/2026 09:32:16
525,2022,200770,国外,联工航水务集团公司,,,,,,0,0,,,电气设备,,California,London,,SGX,Standard,,0,1,法国,0,0,23/3/2026 09:32:16,23/3/2026 09:32:16
526,2022,200771,国外,十晋启实业集团公司,,,,,,0,0,,,机械设备,,California,Singapore,,TSX,Growth,,0,1,德国,0,0,23/3/2026 09:32:16,23/3/2026 09:32:16
528,2022,200992,国外,冀能科软件科技公司,,,,,,0,0,,,农林牧渔,,England,Frankfurt,,LSE,Standard,,0,1,德国,0,0,23/3/2026 09:32:16,23/3/2026 09:32:16
532,2022,600003,国外,凯新科新材料发展公司,,,,,,0,0,,,交通运输,,Bavaria,Frankfurt,,ASX,Standard,,0,1,德国,0,0,23/3/2026 09:32:16,23/3/2026 09:32:16
536,2022,600007,国外,北控远软件股份公司,,,,,,0,0,,,商业地产,房地产业,Tokyo,Sydney,,,NASDAQ Global Select,,0,1,德国,0,0,23/3/2026 09:32:16,23/3/2026 09:32:16
538,2022,600009,国外,联课泰电器发展公司,,,,,,0,0,,,航空交通运输业,交通运输、仓储和邮政业,California,Toronto,,ASX,Prime,,0,1,德国,0,0,23/3/2026 09:32:16,23/3/2026 09:32:16
545,2022,600020,国外,招车澜软件科技公司,,,,,,0,0,,,陆路交通运输业,交通运输、仓储和邮政业,California,Frankfurt,,LSE,Prime,,0,1,法国,0,0,23/3/2026 09:32:16,23/3/2026 09:32:16
546,2022,600021,国外,万通迈批发股份公司,,,,,,0,0,,,电力热力生产和供应业,电力、热力、燃气及水生产和供应业,Zurich,Singapore,,ASX,Main Board,,0,1,英国,0,0,23/3/2026 09:32:16,23/3/2026 09:32:16
549,2022,600029,国外,启源瀚医药集团公司,,,,,,0,0,,,航空交通运输业,交通运输、仓储和邮政业,Zurich,Frankfurt,,NYSE,Growth,,0,1,法国,0,0,23/3/2026 09:32:16,23/3/2026 09:32:16
552,2022,600033,国外,高通置通信科技公司,,,,,,0,0,,,陆路交通运输业,交通运输、仓储和邮政业,Ontario,Tokyo,,,,,0,1,英国,0,0,23/3/2026 09:32:16,23/3/2026 09:32:16
554,2022,600036,国外,恒电置生物科技科技公司,,,,,,0,0,,,银行,金融业,England,New York,,ASX,Main Board,,0,1,德国,0,0,23/3/2026 09:32:16,23/3/2026 09:32:16
555,2022,600037,国外,远工拓生物科技公司,,,,,,0,0,,,电信、广播电视和卫星传输服务,信息传输、软件和信息技术服务业,Zurich,Singapore,,XETRA,Growth,,0,1,德国,0,0,23/3/2026 09:32:16,23/3/2026 09:32:16
558,2022,600050,国外,润车瀚传媒发展公司,,,,,,0,0,,,电信、广播电视和卫星传输服务,信息传输、软件和信息技术服务业,England,Toronto,,TSX,Growth,,0,1,法国,0,0,23/3/2026 09:32:16,23/3/2026 09:32:16
561,2022,600053,国外,比盈骏数据服务有限公司,,,,,,0,0,,,多元金融,金融业,Zurich,,,TSX,NASDAQ Global Select,,0,1,德国,0,0,23/3/2026 09:32:16,23/3/2026 09:32:16
573,2022,600064,国外,恒泽泰新材料股份公司,,,,,,0,0,,,住宅,房地产业,England,Singapore,,TSE,,,0,1,英国,0,0,23/3/2026 09:32:16,23/3/2026 09:32:16
574,2022,600066,国外,联达智房地产开发股份公司,,,,,,0,0,,,整车制造业,汽车制造业,England,Tokyo,,SGX,Prime,,0,1,英国,0,0,23/3/2026 09:32:16,23/3/2026 09:32:16
576,2022,600068,国外,长能智城市发展公司,,,,,,0,0,,,建筑装饰,,Zurich,Frankfurt,,TSX,Growth,,0,1,英国,0,0,23/3/2026 09:32:16,23/3/2026 09:32:16
577,2022,600069,国外,碧海置批发发展公司,,,,,,0,0,,,轻工制造,,Bavaria,Tokyo,,TSE,Prime,,0,1,英国,0,0,23/3/2026 09:32:16,23/3/2026 09:32:16
578,2022,600070,国外,高源联新材料发展公司,,,,,,0,0,,,互联网和相关服务,信息传输、软件和信息技术服务业,England,Singapore,,SGX,,,0,1,法国,0,0,23/3/2026 09:32:16,23/3/2026 09:32:16
579,2022,600071,国外,十源昌建设开发控股公司,,,,,,0,0,,,仪器仪表制造业,仪器仪表制造业,New South Wales,London,,TSX,Prime,,0,1,法国,0,0,23/3/2026 09:32:16,23/3/2026 09:32:16
582,2022,600074,国外,保泽远玻璃有限公司,,,,,,0,0,,,电子,,,London,,SGX,,,0,1,英国,0,0,23/3/2026 09:32:16,23/3/2026 09:32:16
585,2022,600077,国外,众海航批发控股公司,,,,,,0,0,,,住宅,房地产业,Tokyo,Singapore,,ASX,,,0,1,德国,0,0,23/3/2026 09:32:16,23/3/2026 09:32:16
587,2022,600079,国外,新新润船舶有限公司,,,,,,0,0,,,制药,医药制造业,Tokyo,Singapore,,SGX,Prime,,0,1,英国,0,0,23/3/2026 09:32:16,23/3/2026 09:32:16
588,2022,600080,国外,万能创置业发展公司,,,,,,0,0,,,制药,医药制造业,Ontario,New York,,LSE,Prime,,0,1,法国,0,0,23/3/2026 09:32:16,23/3/2026 09:32:16
590,2022,600082,国外,科芯远电子控股公司,,,,,,0,0,,,产业地产,房地产业,Bavaria,Frankfurt,,,Prime,,0,1,英国,0,0,23/3/2026 09:32:16,23/3/2026 09:32:16
592,2022,600084,国外,瑞锦迈电子股份公司,,,,,,0,0,,,酒业,食品饮料业,England,Singapore,,ASX,Prime,,0,1,德国,0,0,23/3/2026 09:32:16,23/3/2026 09:32:16
594,2022,600086,国外,万城拓数据服务股份公司,,,,,,0,0,,,轻工制造,,,Toronto,,LSE,Standard,,0,1,英国,0,0,23/3/2026 09:32:16,23/3/2026 09:32:16
595,2022,600087,国外,盛桥泰零售科技公司,,,,,,0,0,,,交通运输,,New South Wales,Toronto,,ASX,NASDAQ Global Select,,0,1,英国,0,0,23/3/2026 09:32:16,23/3/2026 09:32:16
596,2022,600088,国外,高新航化工发展公司,,,,,,0,0,,,文化、体育和娱乐业,文化、体育和娱乐业,,Frankfurt,,TSX,Standard,,0,1,英国,0,0,23/3/2026 09:32:16,23/3/2026 09:32:16
597,2022,600089,国外,华车润建筑设计集团公司,,,,,,0,0,,,电机制造业,商业电气机械和器材制造业,Ontario,Sydney,,LSE,NASDAQ Global Select,,0,1,英国,0,0,23/3/2026 09:32:16,23/3/2026 09:32:16
600,2022,600093,国外,高阳润电器发展公司,,,,,,0,0,,,非银金融,,California,,,NASDAQ,,,0,1,英国,0,0,23/3/2026 09:32:16,23/3/2026 09:32:16
602,2022,900940,国外,十控航化工发展公司,,,,,,0,0,,,房地产,,,Tokyo,,ASX,Growth,,0,1,法国,0,0,23/3/2026 09:32:16,23/3/2026 09:32:16
603,2022,600095,国外,绿芯泽建设开发发展公司,,,,,,0,0,,,证券,金融业,California,Tokyo,,ASX,,,0,1,法国,0,0,23/3/2026 09:32:16,23/3/2026 09:32:16
604,2022,600096,国外,华环盛财富管理发展公司,,,,,,0,0,,,化肥,化学原料和化学制品制造业,,Toronto,,NYSE,Main Board,,0,1,德国,0,0,23/3/2026 09:32:16,23/3/2026 09:32:16
606,2022,600098,国外,凯通启水务集团公司,,,,,,0,0,,,电力热力生产和供应业,电力、热力、燃气及水生产和供应业,New South Wales,Frankfurt,,XETRA,Growth,,0,1,英国,0,0,23/3/2026 09:32:16,23/3/2026 09:32:16
613,2022,600105,国外,北海科新能源汽车公司,,,,,,0,0,,,光纤电缆制造业,商业电气机械和器材制造业,Tokyo,Toronto,,NYSE,Main Board,,0,1,英国,0,0,23/3/2026 09:32:16,23/3/2026 09:32:16
615,2022,600107,国外,碧新盛水务控股公司,,,,,,0,0,,,纺织鞋服业,纺织鞋服业,,,,ASX,Prime,,0,1,德国,0,0,23/3/2026 09:32:16,23/3/2026 09:32:16
616,2022,600108,国外,凯海瀚数据服务集团公司,,,,,,0,0,,,农业,农、林、牧、渔业,England,Singapore,,ASX,,,0,1,德国,0,0,23/3/2026 09:32:16,23/3/2026 09:32:16
617,2022,600109,国外,联控联置业股份公司,,,,,,0,0,,,证券,金融业,Tokyo,Tokyo,,TSX,Main Board,,0,1,英国,0,0,23/3/2026 09:32:16,23/3/2026 09:32:16
619,2022,600111,国外,长芯锦批发控股公司,,,,,,0,0,,,稀土金属冶炼和压延加工业,金属冶炼和压延加工业,England,Sydney,,SGX,Standard,,0,1,法国,0,0,23/3/2026 09:32:16,23/3/2026 09:32:16
628,2022,600120,国外,保阳泰水电控股公司,,,,,,0,0,,,多元金融,金融业,New South Wales,London,,XETRA,,,0,1,法国,0,0,23/3/2026 09:32:16,23/3/2026 09:32:16
637,2022,600130,国外,联通景通信公司,,,,,,0,0,,,智能消费设备,消费电子及电气业,,Sydney,,TSE,Prime,,0,1,法国,0,0,23/3/2026 09:32:16,23/3/2026 09:32:16
641,2022,600135,国外,润达瀚新材料公司,,,,,,0,0,,,化工原料,化学原料和化学制品制造业,Zurich,London,,ASX,Growth,,0,1,法国,0,0,23/3/2026 09:32:16,23/3/2026 09:32:16
643,2022,600137,国外,瑞电盛建设开发有限公司,,,,,,0,0,,,纺织鞋服业,纺织鞋服业,England,Toronto,,NASDAQ,Prime,,0,1,法国,0,0,23/3/2026 09:32:16,23/3/2026 09:32:16
645,2022,600139,国外,星酷拓能源科技公司,,,,,,0,0,,,综合,,Zurich,Frankfurt,,TSX,NASDAQ Global Select,,0,1,德国,0,0,23/3/2026 09:32:16,23/3/2026 09:32:16
646,2022,600141,国外,启能科能源股份公司,,,,,,0,0,,,化工原料,化学原料和化学制品制造业,,London,,NASDAQ,,,0,1,英国,0,0,23/3/2026 09:32:16,23/3/2026 09:32:16
649,2022,600148,国外,绿锦联财富管理发展公司,,,,,,0,0,,,汽车零部件制造业,汽车制造业,Zurich,London,,,Prime,,0,1,德国,0,0,23/3/2026 09:32:16,23/3/2026 09:32:16
650,2022,600149,国外,十环智水电集团公司,,,,,,0,0,,,电力热力生产和供应业,电力、热力、燃气及水生产和供应业,Bavaria,London,,LSE,Standard,,0,1,英国,0,0,23/3/2026 09:32:16,23/3/2026 09:32:16
652,2022,600151,国外,恒工创水务公司,,,,,,0,0,,,光伏制造业,商业电气机械和器材制造业,New South Wales,,,TSX,NASDAQ Global Select,,0,1,法国,0,0,23/3/2026 09:32:16,23/3/2026 09:32:16
653,2022,600152,国外,盛海启建筑设计股份公司,,,,,,0,0,,,电机制造业,商业电气机械和器材制造业,California,Sydney,,TSE,Prime,,0,1,英国,0,0,23/3/2026 09:32:16,23/3/2026 09:32:16
654,2022,600153,国外,碧业瀚环境科技有限公司,,,,,,0,0,,,批发业,批发和零售业,Bavaria,Sydney,,TSX,Growth,,0,1,英国,0,0,23/3/2026 09:32:16,23/3/2026 09:32:16
660,2022,600160,国外,碧能盛能源股份公司,,,,,,0,0,,,化工原料,化学原料和化学制品制造业,Tokyo,Singapore,,,,,0,1,法国,0,0,23/3/2026 09:32:16,23/3/2026 09:32:16
661,2022,600161,国外,冀晋澜建筑设计集团公司,,,,,,0,0,,,生物科技,医药制造业,California,Singapore,,NYSE,Standard,,0,1,德国,0,0,23/3/2026 09:32:16,23/3/2026 09:32:16
663,2022,600163,国外,保泽远电子公司,,,,,,0,0,,,电力热力生产和供应业,电力、热力、燃气及水生产和供应业,California,Tokyo,,NYSE,Growth,,0,1,英国,0,0,23/3/2026 09:32:16,23/3/2026 09:32:16
664,2022,600165,国外,科会置集成电路有限公司,,,,,,0,0,,,化工原料,化学原料和化学制品制造业,England,Toronto,,LSE,Standard,,0,1,英国,0,0,23/3/2026 09:32:16,23/3/2026 09:32:16
670,2022,600171,国外,物桥远连锁控股公司,,,,,,0,0,,,半导体业,半导体业,Tokyo,Toronto,,SGX,Main Board,,0,1,英国,0,0,23/3/2026 09:32:16,23/3/2026 09:32:16
673,2022,600175,国外,物会智数据服务科技公司,,,,,,0,0,,,综合,,New South Wales,,,SGX,Growth,,0,1,德国,0,0,23/3/2026 09:32:16,23/3/2026 09:32:16
675,2022,600177,国外,冀能瀚财富管理有限公司,,,,,,0,0,,,纺织鞋服业,纺织鞋服业,England,Frankfurt,,LSE,NASDAQ Global Select,,0,1,德国,0,0,23/3/2026 09:32:16,23/3/2026 09:32:16
677,2022,600179,国外,华海智集成电路有限公司,,,,,,0,0,,,邮政业,交通运输、仓储和邮政业,Tokyo,Toronto,,TSX,Standard,,0,1,英国,0,0,23/3/2026 09:32:16,23/3/2026 09:32:16
678,2022,600180,国外,冀新禾批发科技公司,,,,,,0,0,,,批发业,批发和零售业,England,Toronto,,SGX,Standard,,0,1,法国,0,0,23/3/2026 09:32:16,23/3/2026 09:32:16
685,2022,600187,国外,十锦启软件集团公司,,,,,,0,0,,,水生产和供应业,电力、热力、燃气及水生产和供应业,,New York,,ASX,Growth,,0,1,法国,0,0,23/3/2026 09:32:16,23/3/2026 09:32:16
686,2022,600188,国外,绿课启建筑设计有限公司,,,,,,0,0,,,煤炭开采业,采矿业,England,,,SGX,Growth,,0,1,法国,0,0,23/3/2026 09:32:16,23/3/2026 09:32:16
692,2022,600193,国外,盛白航集成电路公司,,,,,,0,0,,,建筑装饰,建筑业,Bavaria,London,,,Main Board,,0,1,德国,0,0,23/3/2026 09:32:16,23/3/2026 09:32:16
693,2022,600195,国外,高桥骏建设开发公司,,,,,,0,0,,,制药,医药制造业,Ontario,New York,,TSE,Growth,,0,1,德国,0,0,23/3/2026 09:32:16,23/3/2026 09:32:16
696,2022,600198,国外,启工远连锁有限公司,,,,,,0,0,,,通信传输设备业,通信传输设备业,California,,,TSE,Growth,,0,1,英国,0,0,23/3/2026 09:32:16,23/3/2026 09:32:16
697,2022,600199,国外,花酷智化工科技公司,,,,,,0,0,,,酒业,食品饮料业,,Frankfurt,,NYSE,,,0,1,英国,0,0,23/3/2026 09:32:16,23/3/2026 09:32:16
699,2022,600201,国外,启工迈水务发展公司,,,,,,0,0,,,生物科技,医药制造业,Zurich,London,,ASX,,,0,1,德国,0,0,23/3/2026 09:32:16,23/3/2026 09:32:16
703,2022,600206,国外,高盈迈贸易控股公司,,,,,,0,0,,,有色金属冶炼和压延加工业,金属冶炼和压延加工业,Tokyo,Tokyo,,NASDAQ,Main Board,,0,1,英国,0,0,23/3/2026 09:32:16,23/3/2026 09:32:16
704,2022,600207,国外,冀海泽传媒发展公司,,,,,,0,0,,,燃气生产和供应业,电力、热力、燃气及水生产和供应业,Zurich,Tokyo,,SGX,Prime,,0,1,英国,0,0,23/3/2026 09:32:16,23/3/2026 09:32:16
708,2022,600211,国外,华桥航建设开发控股公司,,,,,,0,0,,,制药,医药制造业,New South Wales,Tokyo,,TSX,Prime,,0,1,英国,0,0,23/3/2026 09:32:16,23/3/2026 09:32:16
713,2022,600217,国外,长澜泽置业控股公司,,,,,,0,0,,,废弃资源综合利用业,废弃资源综合利用业,Ontario,London,,NYSE,Standard,,0,1,英国,0,0,23/3/2026 09:32:16,23/3/2026 09:32:16
714,2022,600218,国外,绿控航金融集团公司,,,,,,0,0,,,通用设备制造业,通用设备制造业,California,Tokyo,,XETRA,Standard,,0,1,法国,0,0,23/3/2026 09:32:16,23/3/2026 09:32:16
718,2022,900945,国外,新海锦贸易发展公司,,,,,,0,0,,,交通运输,,California,Singapore,,,,,0,1,德国,0,0,23/3/2026 09:32:16,23/3/2026 09:32:16
719,2022,600222,国外,绿源拓能源股份公司,,,,,,0,0,,,制药,医药制造业,Bavaria,Tokyo,,NASDAQ,Growth,,0,1,德国,0,0,23/3/2026 09:32:16,23/3/2026 09:32:16
721,2022,600225,国外,华车远软件科技公司,,,,,,0,0,,,住宅,房地产业,,,,XETRA,Growth,,0,1,法国,0,0,23/3/2026 09:32:16,23/3/2026 09:32:16
730,2022,600234,国外,凯阳泰连锁集团公司,,,,,,0,0,,,建筑装饰,建筑业,Zurich,New York,,NYSE,Prime,,0,1,德国,0,0,23/3/2026 09:32:16,23/3/2026 09:32:16
735,2022,600239,国外,碧能禾电子集团公司,,,,,,0,0,,,住宅,房地产业,,Toronto,,ASX,Prime,,0,1,德国,0,0,23/3/2026 09:32:16,23/3/2026 09:32:16
736,2022,600240,国外,众晋启船舶科技公司,,,,,,0,0,,,房地产,,California,Toronto,,,Prime,,0,1,德国,0,0,23/3/2026 09:32:16,23/3/2026 09:32:16
737,2022,600241,国外,恒业骏数据服务公司,,,,,,0,0,,,纺织鞋服业,纺织鞋服业,Bavaria,Tokyo,,NYSE,Main Board,,0,1,英国,0,0,23/3/2026 09:32:16,23/3/2026 09:32:16
738,2022,600242,国外,瑞会迈软件发展公司,,,,,,0,0,,,传媒,,New South Wales,Singapore,,,NASDAQ Global Select,,0,1,法国,0,0,23/3/2026 09:32:16,23/3/2026 09:32:16
745,2022,600251,国外,启酷科玻璃控股公司,,,,,,0,0,,,食品业,食品饮料业,Zurich,Sydney,,,Prime,,0,1,英国,0,0,23/3/2026 09:32:16,23/3/2026 09:32:16
746,2022,600252,国外,长酷源医药发展公司,,,,,,0,0,,,制药,医药制造业,,Sydney,,NASDAQ,,,0,1,英国,0,0,23/3/2026 09:32:16,23/3/2026 09:32:16
749,2022,600256,国外,新泽启房地产开发发展公司,,,,,,0,0,,,石油天然气开采业,采矿业,Tokyo,Frankfurt,,XETRA,NASDAQ Global Select,,0,1,英国,0,0,23/3/2026 09:32:16,23/3/2026 09:32:16
758,2022,600266,国外,绿新骏环境科技公司,,,,,,0,0,,,住宅,房地产业,Bavaria,New York,,XETRA,Prime,,0,1,法国,0,0,23/3/2026 09:32:16,23/3/2026 09:32:16
761,2022,600269,国外,明达联房地产开发公司,,,,,,0,0,,,陆路交通运输业,交通运输、仓储和邮政业,Tokyo,Singapore,,TSE,Prime,,0,1,法国,0,0,23/3/2026 09:32:16,23/3/2026 09:32:16
763,2022,600271,国外,众课联集成电路有限公司,,,,,,0,0,,,电子元件及设备,消费电子及电气业,Tokyo,New York,,TSX,Main Board,,0,1,德国,0,0,23/3/2026 09:32:16,23/3/2026 09:32:16
764,2022,600272,国外,绿锦拓城市发展科技公司,,,,,,0,0,,,零售业,批发和零售业,California,,,TSE,Main Board,,0,1,法国,0,0,23/3/2026 09:32:16,23/3/2026 09:32:16
768,2022,600276,国外,远芯盛集成电路有限公司,,,,,,0,0,,,制药,医药制造业,Bavaria,Frankfurt,,NYSE,NASDAQ Global Select,,0,1,德国,0,0,23/3/2026 09:32:16,23/3/2026 09:32:16
771,2022,600279,国外,新泽瀚财富管理控股公司,,,,,,0,0,,,水路交通运输业,交通运输、仓储和邮政业,Ontario,Tokyo,,NASDAQ,NASDAQ Global Select,,0,1,德国,0,0,23/3/2026 09:32:16,23/3/2026 09:32:16
779,2022,600288,国外,十酷盛电子控股公司,,,,,,0,0,,,其他专用设备制造业,专用设备制造业,Bavaria,London,,TSX,Main Board,,0,1,德国,0,0,23/3/2026 09:32:16,23/3/2026 09:32:16
782,2022,600291,国外,新环昌综合开发控股公司,,,,,,0,0,,,非银金融,,Zurich,Toronto,,TSX,Main Board,,0,1,英国,0,0,23/3/2026 09:32:16,23/3/2026 09:32:16
783,2022,600292,国外,绿电锦批发集团公司,,,,,,0,0,,,水利、环境和公共设施管理业,水利、环境和公共设施管理业,New South Wales,Tokyo,,LSE,Prime,,0,1,英国,0,0,23/3/2026 09:32:16,23/3/2026 09:32:16
789,2022,600298,国外,众尹创城市发展集团公司,,,,,,0,0,,,食品业,食品饮料业,New South Wales,New York,,XETRA,Main Board,,0,1,英国,0,0,23/3/2026 09:32:16,23/3/2026 09:32:16
794,2022,600303,国外,花芯启批发股份公司,,,,,,0,0,,,汽车零部件制造业,汽车制造业,Ontario,New York,,TSX,Main Board,,0,1,德国,0,0,23/3/2026 09:32:16,23/3/2026 09:32:16
797,2022,600307,国外,众业澜置业公司,,,,,,0,0,,,黑色金属冶炼和压延加工业,金属冶炼和压延加工业,New South Wales,Toronto,,XETRA,Main Board,,0,1,德国,0,0,23/3/2026 09:32:16,23/3/2026 09:32:16
798,2022,600308,国外,科新盛软件发展公司,,,,,,0,0,,,造纸和纸制品业,造纸和纸制品业,England,New York,,NYSE,,,0,1,德国,0,0,23/3/2026 09:32:16,23/3/2026 09:32:16
800,2022,600310,国外,冀禾润化工发展公司,,,,,,0,0,,,电力热力生产和供应业,电力、热力、燃气及水生产和供应业,New South Wales,New York,,SGX,Prime,,0,1,法国,0,0,23/3/2026 09:32:16,23/3/2026 09:32:16
805,2022,600316,国外,众禾锦新能源汽车集团公司,,,,,,0,0,,,航空航天,铁路、船舶、航空航天和其他运输设备制造业,Tokyo,Toronto,,TSE,Growth,,0,1,英国,0,0,23/3/2026 09:32:16,23/3/2026 09:32:16
810,2022,900947,国外,高尹泽电子科技公司,,,,,,0,0,,,机械设备,,California,New York,,ASX,Main Board,,0,1,英国,0,0,23/3/2026 09:32:16,23/3/2026 09:32:16
811,2022,600321,国外,冀桥泽城市发展股份公司,,,,,,0,0,,,木材加工和木、竹、藤、棕、草制品业,木材加工和木、竹、藤、棕、草制品业,Tokyo,Toronto,,ASX,Standard,,0,1,英国,0,0,23/3/2026 09:32:16,23/3/2026 09:32:16
813,2022,600323,国外,新业科金融股份公司,,,,,,0,0,,,水利、环境和公共设施管理业,水利、环境和公共设施管理业,New South Wales,Sydney,,TSX,Prime,,0,1,英国,0,0,23/3/2026 09:32:16,23/3/2026 09:32:16
814,2022,600325,国外,凯阳拓零售发展公司,,,,,,0,0,,,住宅,房地产业,Zurich,London,,,Growth,,0,1,法国,0,0,23/3/2026 09:32:16,23/3/2026 09:32:16
818,2022,600329,国外,恒工启传媒发展公司,,,,,,0,0,,,制药,医药制造业,California,Sydney,,NYSE,Growth,,0,1,法国,0,0,23/3/2026 09:32:16,23/3/2026 09:32:16
819,2022,600330,国外,长桥创医药股份公司,,,,,,0,0,,,电子元件及设备,消费电子及电气业,California,Sydney,,TSE,Standard,,0,1,德国,0,0,23/3/2026 09:32:16,23/3/2026 09:32:16
821,2022,600332,国外,物阳源水务公司,,,,,,0,0,,,制药,医药制造业,California,,,XETRA,Prime,,0,1,德国,0,0,23/3/2026 09:32:16,23/3/2026 09:32:16
822,2022,600333,国外,保酷禾金融股份公司,,,,,,0,0,,,燃气生产和供应业,电力、热力、燃气及水生产和供应业,Bavaria,New York,,NYSE,NASDAQ Global Select,,0,1,德国,0,0,23/3/2026 09:32:16,23/3/2026 09:32:16
825,2022,600337,国外,明通创新能源汽车股份公司,,,,,,0,0,,,零售业,批发和零售业,Ontario,Tokyo,,TSX,Main Board,,0,1,德国,0,0,23/3/2026 09:32:16,23/3/2026 09:32:16
828,2022,600340,国外,星盈拓实业科技公司,,,,,,0,0,,,产业地产,房地产业,England,Toronto,,TSE,,,0,1,德国,0,0,23/3/2026 09:32:16,23/3/2026 09:32:16
830,2022,600345,国外,冀电景生物科技科技公司,,,,,,0,0,,,通信传输设备业,通信传输设备业,Bavaria,New York,,NYSE,,,0,1,法国,0,0,23/3/2026 09:32:16,23/3/2026 09:32:16
836,2022,600353,国外,比阳昌建设开发科技公司,,,,,,0,0,,,其他制造业,其他制造业,Bavaria,London,,TSE,Growth,,0,1,英国,0,0,23/3/2026 09:32:16,23/3/2026 09:32:16
840,2022,600357,国外,星园联批发股份公司,,,,,,0,0,,,钢铁,,New South Wales,New York,,NYSE,NASDAQ Global Select,,0,1,英国,0,0,23/3/2026 09:32:16,23/3/2026 09:32:16
842,2022,600359,国外,比白瀚生物科技科技公司,,,,,,0,0,,,农业,农、林、牧、渔业,Ontario,New York,,TSX,Standard,,0,1,英国,0,0,23/3/2026 09:32:16,23/3/2026 09:32:16
843,2022,600360,国外,远会远金融科技公司,,,,,,0,0,,,半导体业,半导体业,,Frankfurt,,,,,0,1,德国,0,0,23/3/2026 09:32:16,23/3/2026 09:32:16
844,2022,600361,国外,高能景综合开发控股公司,,,,,,0,0,,,零售业,批发和零售业,Ontario,Tokyo,,XETRA,Main Board,,0,1,法国,0,0,23/3/2026 09:32:16,23/3/2026 09:32:16
855,2022,600373,国外,华会航置业有限公司,,,,,,0,0,,,文化、体育和娱乐业,文化、体育和娱乐业,Ontario,Toronto,,ASX,Standard,,0,1,英国,0,0,23/3/2026 09:32:16,23/3/2026 09:32:16
856,2022,600375,国外,十电源软件公司,,,,,,0,0,,,汽车零部件制造业,汽车制造业,Zurich,Tokyo,,ASX,Prime,,0,1,法国,0,0,23/3/2026 09:32:16,23/3/2026 09:32:16
858,2022,600377,国外,冀阳拓置业股份公司,,,,,,0,0,,,陆路交通运输业,交通运输、仓储和邮政业,California,Toronto,,XETRA,Main Board,,0,1,德国,0,0,23/3/2026 09:32:16,23/3/2026 09:32:16
863,2022,600382,国外,远达源财富管理发展公司,,,,,,0,0,,,批发业,批发和零售业,Tokyo,Singapore,,TSE,Main Board,,0,1,法国,0,0,23/3/2026 09:32:16,23/3/2026 09:32:16
865,2022,600385,国外,比盈创综合开发股份公司,,,,,,0,0,,,有色金属,,Ontario,Tokyo,,NYSE,Main Board,,0,1,法国,0,0,23/3/2026 09:32:16,23/3/2026 09:32:16
870,2022,600390,国外,保桥盛玻璃发展公司,,,,,,0,0,,,多元金融,金融业,New South Wales,Singapore,,NYSE,Prime,,0,1,德国,0,0,23/3/2026 09:32:16,23/3/2026 09:32:16
873,2022,600393,国外,瑞白瀚传媒股份公司,,,,,,0,0,,,住宅,房地产业,England,London,,NYSE,,,0,1,法国,0,0,23/3/2026 09:32:16,23/3/2026 09:32:16
876,2022,600397,国外,十盈远实业控股公司,,,,,,0,0,,,煤炭开采业,采矿业,Bavaria,Tokyo,,TSE,,,0,1,德国,0,0,23/3/2026 09:32:16,23/3/2026 09:32:16
879,2022,600400,国外,星工盛零售发展公司,,,,,,0,0,,,纺织鞋服业,纺织鞋服业,New South Wales,Tokyo,,NYSE,Standard,,0,1,英国,0,0,23/3/2026 09:32:16,23/3/2026 09:32:16
881,2022,600403,国外,比盈瀚置业科技公司,,,,,,0,0,,,煤炭开采业,采矿业,Ontario,Sydney,,,Main Board,,0,1,德国,0,0,23/3/2026 09:32:16,23/3/2026 09:32:16
883,2022,600406,国外,星电联批发有限公司,,,,,,0,0,,,电机制造业,商业电气机械和器材制造业,Bavaria,,,TSX,Standard,,0,1,法国,0,0,23/3/2026 09:32:16,23/3/2026 09:32:16
886,2022,600410,国外,万晋润房地产开发发展公司,,,,,,0,0,,,软件和信息技术服务,信息传输、软件和信息技术服务业,England,Singapore,,TSE,NASDAQ Global Select,,0,1,法国,0,0,23/3/2026 09:32:16,23/3/2026 09:32:16
890,2022,600419,国外,华新盛城市发展集团公司,,,,,,0,0,,,食品业,食品饮料业,Tokyo,Frankfurt,,NYSE,,,0,1,法国,0,0,23/3/2026 09:32:16,23/3/2026 09:32:16
900,2022,600433,国外,物阳禾综合开发科技公司,,,,,,0,0,,,造纸和纸制品业,造纸和纸制品业,Bavaria,Toronto,,LSE,Prime,,0,1,法国,0,0,23/3/2026 09:32:16,23/3/2026 09:32:16
904,2022,600439,国外,高课拓贸易公司,,,,,,0,0,,,纺织鞋服业,纺织鞋服业,New South Wales,London,,XETRA,Growth,,0,1,德国,0,0,23/3/2026 09:32:16,23/3/2026 09:32:16
905,2022,600444,国外,保工泰能源有限公司,,,,,,0,0,,,通用设备制造业,通用设备制造业,England,Singapore,,XETRA,Standard,,0,1,法国,0,0,23/3/2026 09:32:16,23/3/2026 09:32:16
911,2022,600456,国外,碧桥迈零售公司,,,,,,0,0,,,有色金属冶炼和压延加工业,金属冶炼和压延加工业,Tokyo,New York,,TSX,,,0,1,法国,0,0,23/3/2026 09:32:16,23/3/2026 09:32:16
914,2022,600460,国外,花阳骏房地产开发股份公司,,,,,,0,0,,,半导体业,半导体业,Tokyo,Singapore,,TSX,,,0,1,德国,0,0,23/3/2026 09:32:16,23/3/2026 09:32:16
919,2022,600467,国外,高芯航生物科技公司,,,,,,0,0,,,渔业,农、林、牧、渔业,New South Wales,New York,,ASX,Growth,,0,1,英国,0,0,23/3/2026 09:32:16,23/3/2026 09:32:16
920,2022,600468,国外,招业昌通信科技公司,,,,,,0,0,,,电机制造业,商业电气机械和器材制造业,Ontario,Tokyo,,SGX,NASDAQ Global Select,,0,1,法国,0,0,23/3/2026 09:32:16,23/3/2026 09:32:16
922,2022,600470,国外,保禾科建筑设计股份公司,,,,,,0,0,,,化肥,化学原料和化学制品制造业,Bavaria,Toronto,,NASDAQ,Standard,,0,1,德国,0,0,23/3/2026 09:32:16,23/3/2026 09:32:16
923,2022,600475,国外,恒海迈零售科技公司,,,,,,0,0,,,水利、环境和公共设施管理业,水利、环境和公共设施管理业,Ontario,Tokyo,,TSE,Growth,,0,1,英国,0,0,23/3/2026 09:32:16,23/3/2026 09:32:16
924,2022,600476,国外,华盈智建筑设计发展公司,,,,,,0,0,,,软件和信息技术服务,信息传输、软件和信息技术服务业,,Sydney,,NYSE,Standard,,0,1,德国,0,0,23/3/2026 09:32:16,23/3/2026 09:32:16
927,2022,600479,国外,明芯源零售发展公司,,,,,,0,0,,,制药,医药制造业,,Tokyo,,XETRA,Growth,,0,1,英国,0,0,23/3/2026 09:32:16,23/3/2026 09:32:16
928,2022,600480,国外,明车启化工股份公司,,,,,,0,0,,,汽车零部件制造业,汽车制造业,California,Toronto,,TSX,Standard,,0,1,英国,0,0,23/3/2026 09:32:16,23/3/2026 09:32:16
929,2022,600481,国外,绿源置批发科技公司,,,,,,0,0,,,其他专用设备制造业,专用设备制造业,New South Wales,New York,,TSX,NASDAQ Global Select,,0,1,英国,0,0,23/3/2026 09:32:16,23/3/2026 09:32:16
932,2022,600486,国外,保尹航传媒科技公司,,,,,,0,0,,,农药,化学原料和化学制品制造业,New South Wales,Sydney,,XETRA,Main Board,,0,1,法国,0,0,23/3/2026 09:32:16,23/3/2026 09:32:16
941,2022,600497,国外,碧环盛医药股份公司,,,,,,0,0,,,有色金属开采业,采矿业,California,Sydney,,NASDAQ,Standard,,0,1,英国,0,0,23/3/2026 09:32:16,23/3/2026 09:32:16
944,2022,600500,国外,碧车锦数据服务发展公司,,,,,,0,0,,,精细化工,化学原料和化学制品制造业,Zurich,,,TSE,Main Board,,0,1,英国,0,0,23/3/2026 09:32:16,23/3/2026 09:32:16
949,2022,600506,国外,花环联环境科技科技公司,,,,,,0,0,,,农业,农、林、牧、渔业,Tokyo,Toronto,,XETRA,Main Board,,0,1,德国,0,0,23/3/2026 09:32:16,23/3/2026 09:32:16
951,2022,600508,国外,华尹景置业有限公司,,,,,,0,0,,,煤炭开采业,采矿业,California,Sydney,,TSE,,,0,1,法国,0,0,23/3/2026 09:32:16,23/3/2026 09:32:16
952,2022,600509,国外,高尹泽建筑设计发展公司,,,,,,0,0,,,电力热力生产和供应业,电力、热力、燃气及水生产和供应业,England,Tokyo,,,Standard,,0,1,英国,0,0,23/3/2026 09:32:16,23/3/2026 09:32:16
956,2022,600513,国外,高海联建筑设计控股公司,,,,,,0,0,,,制药,医药制造业,,New York,,,,,0,1,德国,0,0,23/3/2026 09:32:16,23/3/2026 09:32:16
958,2022,600516,国外,招酷远新能源汽车公司,,,,,,0,0,,,其他非金属制品业,非金属矿物制品业,Ontario,Sydney,,TSX,Standard,,0,1,德国,0,0,23/3/2026 09:32:16,23/3/2026 09:32:16
962,2022,600520,国外,万城拓建设开发股份公司,,,,,,0,0,,,其他专用设备制造业,专用设备制造业,California,Toronto,,ASX,Standard,,0,1,英国,0,0,23/3/2026 09:32:16,23/3/2026 09:32:16
964,2022,600522,国外,启达昌建设开发控股公司,,,,,,0,0,,,光纤电缆制造业,商业电气机械和器材制造业,Tokyo,New York,,XETRA,Main Board,,0,1,德国,0,0,23/3/2026 09:32:16,23/3/2026 09:32:16
975,2022,600535,国外,新禾澜实业集团公司,,,,,,0,0,,,制药,医药制造业,Ontario,Frankfurt,,,Main Board,,0,1,法国,0,0,23/3/2026 09:32:16,23/3/2026 09:32:16
976,2022,600536,国外,花阳置玻璃有限公司,,,,,,0,0,,,软件和信息技术服务,信息传输、软件和信息技术服务业,Zurich,Tokyo,,NYSE,Growth,,0,1,德国,0,0,23/3/2026 09:32:16,23/3/2026 09:32:16
978,2022,600538,国外,启新智房地产开发发展公司,,,,,,0,0,,,批发业,批发和零售业,New South Wales,Sydney,,TSE,NASDAQ Global Select,,0,1,英国,0,0,23/3/2026 09:32:16,23/3/2026 09:32:16
980,2022,600540,国外,十控骏医药发展公司,,,,,,0,0,,,农业,农、林、牧、渔业,Tokyo,New York,,NASDAQ,Growth,,0,1,德国,0,0,23/3/2026 09:32:16,23/3/2026 09:32:16
982,2022,600545,国外,启新泰医药有限公司,,,,,,0,0,,,其他专用设备制造业,专用设备制造业,Bavaria,Sydney,,NYSE,,,0,1,德国,0,0,23/3/2026 09:32:16,23/3/2026 09:32:16
985,2022,600548,国外,瑞电泽贸易公司,,,,,,0,0,,,陆路交通运输业,交通运输、仓储和邮政业,Bavaria,Tokyo,,NASDAQ,Growth,,0,1,德国,0,0,23/3/2026 09:32:16,23/3/2026 09:32:16
986,2022,600549,国外,科澜迈建筑设计股份公司,,,,,,0,0,,,有色金属冶炼和压延加工业,金属冶炼和压延加工业,Tokyo,,,LSE,NASDAQ Global Select,,0,1,英国,0,0,23/3/2026 09:32:16,23/3/2026 09:32:16
987,2022,600550,国外,北工润集成电路公司,,,,,,0,0,,,电机制造业,商业电气机械和器材制造业,England,London,,TSE,Main Board,,0,1,法国,0,0,23/3/2026 09:32:16,23/3/2026 09:32:16
991,2022,600555,国外,十盈置城市发展控股公司,,,,,,0,0,,,房地产,,California,Tokyo,,TSX,NASDAQ Global Select,,0,1,英国,0,0,23/3/2026 09:32:16,23/3/2026 09:32:16
993,2022,600556,国外,招锦置零售股份公司,,,,,,0,0,,,互联网和相关服务,信息传输、软件和信息技术服务业,Zurich,New York,,TSX,Growth,,0,1,英国,0,0,23/3/2026 09:32:16,23/3/2026 09:32:16
995,2022,600558,国外,明能盛财富管理股份公司,,,,,,0,0,,,金属制品业,金属制品业,California,Frankfurt,,TSE,Standard,,0,1,德国,0,0,23/3/2026 09:32:16,23/3/2026 09:32:16
997,2022,600560,国外,花工锦零售有限公司,,,,,,0,0,,,其他专用设备制造业,专用设备制造业,Ontario,Frankfurt,,SGX,Prime,,0,1,英国,0,0,23/3/2026 09:32:16,23/3/2026 09:32:16
1002,2022,600566,国外,碧桥泰数据服务科技公司,,,,,,0,0,,,制药,医药制造业,California,Sydney,,SGX,Growth,,0,1,英国,0,0,23/3/2026 09:32:16,23/3/2026 09:32:16
1003,2022,600567,国外,润海泽房地产开发科技公司,,,,,,0,0,,,造纸和纸制品业,造纸和纸制品业,England,,,SGX,Main Board,,0,1,法国,0,0,23/3/2026 09:32:16,23/3/2026 09:32:16
1009,2022,600573,国外,高课昌电器股份公司,,,,,,0,0,,,酒业,食品饮料业,,Tokyo,,XETRA,Growth,,0,1,英国,0,0,23/3/2026 09:32:16,23/3/2026 09:32:16
1010,2022,600575,国外,招城联生物科技科技公司,,,,,,0,0,,,水路交通运输业,交通运输、仓储和邮政业,New South Wales,Toronto,,NASDAQ,NASDAQ Global Select,,0,1,英国,0,0,23/3/2026 09:32:16,23/3/2026 09:32:16
1011,2022,600576,国外,绿新远电子科技公司,,,,,,0,0,,,文化、体育和娱乐业,文化、体育和娱乐业,Zurich,London,,NYSE,NASDAQ Global Select,,0,1,法国,0,0,23/3/2026 09:32:16,23/3/2026 09:32:16
1018,2022,600583,国外,碧电景批发集团公司,,,,,,0,0,,,开发辅助业,采矿业,,New York,,TSX,NASDAQ Global Select,,0,1,英国,0,0,23/3/2026 09:32:16,23/3/2026 09:32:16
1019,2022,600584,国外,比阳禾电器控股公司,,,,,,0,0,,,半导体业,半导体业,,New York,,,Growth,,0,1,法国,0,0,23/3/2026 09:32:16,23/3/2026 09:32:16
1020,2022,600585,国外,冀能源能源发展公司,,,,,,0,0,,,水泥制品业,非金属矿物制品业,Zurich,Frankfurt,,NYSE,Growth,,0,1,英国,0,0,23/3/2026 09:32:16,23/3/2026 09:32:16
1021,2022,600586,国外,北车泽通信股份公司,,,,,,0,0,,,玻璃制品业,非金属矿物制品业,New South Wales,Tokyo,,LSE,NASDAQ Global Select,,0,1,法国,0,0,23/3/2026 09:32:16,23/3/2026 09:32:16
1025,2022,600590,国外,华桥润医药公司,,,,,,0,0,,,电机制造业,商业电气机械和器材制造业,England,Toronto,,ASX,Prime,,0,1,德国,0,0,23/3/2026 09:32:16,23/3/2026 09:32:16
1026,2022,600591,国外,十锦瀚集成电路集团公司,,,,,,0,0,,,交通运输,,Bavaria,Singapore,,TSX,Main Board,,0,1,德国,0,0,23/3/2026 09:32:16,23/3/2026 09:32:16
1027,2022,600592,国外,万会昌水电股份公司,,,,,,0,0,,,通用设备制造业,通用设备制造业,California,London,,TSX,Main Board,,0,1,法国,0,0,23/3/2026 09:32:16,23/3/2026 09:32:16
1028,2022,600593,国外,高芯瀚软件科技公司,,,,,,0,0,,,水利、环境和公共设施管理业,水利、环境和公共设施管理业,New South Wales,Frankfurt,,XETRA,Standard,,0,1,德国,0,0,23/3/2026 09:32:16,23/3/2026 09:32:16
1029,2022,600594,国外,明白科新材料股份公司,,,,,,0,0,,,制药,医药制造业,,Toronto,,ASX,Main Board,,0,1,德国,0,0,23/3/2026 09:32:16,23/3/2026 09:32:16
1031,2022,600596,国外,十会智水务有限公司,,,,,,0,0,,,农药,化学原料和化学制品制造业,Ontario,Singapore,,ASX,NASDAQ Global Select,,0,1,法国,0,0,23/3/2026 09:32:16,23/3/2026 09:32:16
1033,2022,600598,国外,保能骏连锁有限公司,,,,,,0,0,,,农业,农、林、牧、渔业,Tokyo,London,,ASX,Main Board,,0,1,法国,0,0,23/3/2026 09:32:16,23/3/2026 09:32:16
1037,2022,600602,国外,星酷远环境科技控股公司,,,,,,0,0,,,软件和信息技术服务,信息传输、软件和信息技术服务业,Ontario,London,,,,,0,1,英国,0,0,23/3/2026 09:32:16,23/3/2026 09:32:16
1039,2022,600603,国外,瑞达源环境科技有限公司,,,,,,0,0,,,综合,综合,Tokyo,Tokyo,,TSX,Main Board,,0,1,德国,0,0,23/3/2026 09:32:16,23/3/2026 09:32:16
1040,2022,600604,国外,华达智新能源汽车发展公司,,,,,,0,0,,,产业地产,房地产业,New South Wales,Toronto,,TSE,Standard,,0,1,法国,0,0,23/3/2026 09:32:16,23/3/2026 09:32:16
1041,2022,900902,国外,长盈盛环境科技发展公司,,,,,,0,0,,,房地产,,Bavaria,Frankfurt,,LSE,Growth,,0,1,法国,0,0,23/3/2026 09:32:16,23/3/2026 09:32:16
1043,2022,600606,国外,联环置金融有限公司,,,,,,0,0,,,住宅,房地产业,,New York,,TSE,Standard,,0,1,英国,0,0,23/3/2026 09:32:16,23/3/2026 09:32:16
1045,2022,600608,国外,凯桥航船舶科技公司,,,,,,0,0,,,批发业,批发和零售业,New South Wales,Singapore,,NYSE,Prime,,0,1,法国,0,0,23/3/2026 09:32:16,23/3/2026 09:32:16
1050,2022,900903,国外,北禾泽新能源汽车发展公司,,,,,,0,0,,,交通运输,,New South Wales,Sydney,,,Prime,,0,1,法国,0,0,23/3/2026 09:32:16,23/3/2026 09:32:16
1060,2022,900913,国外,长工禾医药公司,,,,,,0,0,,,公用事业,,Tokyo,Singapore,,NYSE,NASDAQ Global Select,,0,1,法国,0,0,23/3/2026 09:32:16,23/3/2026 09:32:16
1068,2022,600623,国外,冀电拓财富管理股份公司,,,,,,0,0,,,化工原料,化学原料和化学制品制造业,Zurich,London,,SGX,Main Board,,0,1,法国,0,0,23/3/2026 09:32:16,23/3/2026 09:32:16
1070,2022,600624,国外,比白锦财富管理科技公司,,,,,,0,0,,,制药,医药制造业,Tokyo,New York,,,Prime,,0,1,德国,0,0,23/3/2026 09:32:16,23/3/2026 09:32:16
1071,2022,600626,国外,凯控置电子公司,,,,,,0,0,,,纺织鞋服业,纺织鞋服业,New South Wales,London,,NYSE,Prime,,0,1,法国,0,0,23/3/2026 09:32:16,23/3/2026 09:32:16
1072,2022,600627,国外,长达远船舶股份公司,,,,,,0,0,,,电气设备,,New South Wales,,,TSX,Standard,,0,1,法国,0,0,23/3/2026 09:32:16,23/3/2026 09:32:16
1080,2022,600636,国外,众禾泰电子发展公司,,,,,,0,0,,,软件和信息技术服务,信息传输、软件和信息技术服务业,,Singapore,,,Standard,,0,1,英国,0,0,23/3/2026 09:32:16,23/3/2026 09:32:16
1082,2022,600638,国外,冀锦瀚零售发展公司,,,,,,0,0,,,住宅,房地产业,Tokyo,Singapore,,NYSE,,,0,1,法国,0,0,23/3/2026 09:32:16,23/3/2026 09:32:16
1086,2022,600641,国外,绿海源数据服务科技公司,,,,,,0,0,,,住宅,房地产业,,Tokyo,,ASX,Main Board,,0,1,英国,0,0,23/3/2026 09:32:16,23/3/2026 09:32:16
1087,2022,600642,国外,新车迈水电集团公司,,,,,,0,0,,,电力热力生产和供应业,电力、热力、燃气及水生产和供应业,England,Toronto,,TSX,Main Board,,0,1,英国,0,0,23/3/2026 09:32:16,23/3/2026 09:32:16
1088,2022,600643,国外,万晋科玻璃股份公司,,,,,,0,0,,,多元金融,金融业,Tokyo,London,,ASX,,,0,1,德国,0,0,23/3/2026 09:32:16,23/3/2026 09:32:16
1090,2022,600645,国外,冀源科玻璃股份公司,,,,,,0,0,,,医药研发服务,科学研究和技术服务业,California,Toronto,,NASDAQ,Growth,,0,1,德国,0,0,23/3/2026 09:32:16,23/3/2026 09:32:16
1095,2022,600650,国外,保阳航贸易集团公司,,,,,,0,0,,,陆路交通运输业,交通运输、仓储和邮政业,Ontario,,,NASDAQ,Main Board,,0,1,德国,0,0,23/3/2026 09:32:16,23/3/2026 09:32:16
1096,2022,900914,国外,万课科建设开发有限公司,,,,,,0,0,,,交通运输,,Bavaria,London,,NYSE,,,0,1,英国,0,0,23/3/2026 09:32:16,23/3/2026 09:32:16
1097,2022,600651,国外,恒泽盛建筑设计有限公司,,,,,,0,0,,,非家用照明设备制造业,商业电气机械和器材制造业,,Frankfurt,,TSX,Growth,,0,1,英国,0,0,23/3/2026 09:32:16,23/3/2026 09:32:16
1100,2022,600654,国外,物车景水务公司,,,,,,0,0,,,软件和信息技术服务,信息传输、软件和信息技术服务业,Tokyo,,,LSE,Prime,,0,1,德国,0,0,23/3/2026 09:32:16,23/3/2026 09:32:16
1102,2022,600656,国外,瑞达航批发发展公司,,,,,,0,0,,,公用事业,,,Toronto,,NASDAQ,Prime,,0,1,英国,0,0,23/3/2026 09:32:16,23/3/2026 09:32:16
1104,2022,600658,国外,启芯启批发控股公司,,,,,,0,0,,,产业地产,房地产业,England,Toronto,,NYSE,,,0,1,英国,0,0,23/3/2026 09:32:16,23/3/2026 09:32:16
1106,2022,600661,国外,凯芯智综合开发股份公司,,,,,,0,0,,,教育,教育,California,Frankfurt,,TSX,,,0,1,德国,0,0,23/3/2026 09:32:16,23/3/2026 09:32:16
1112,2022,600666,国外,华能泰连锁集团公司,,,,,,0,0,,,半导体业,半导体业,Ontario,Singapore,,SGX,Standard,,0,1,英国,0,0,23/3/2026 09:32:16,23/3/2026 09:32:16
1113,2022,600667,国外,科泽瀚综合开发股份公司,,,,,,0,0,,,土木工程,建筑业,California,Sydney,,ASX,NASDAQ Global Select,,0,1,英国,0,0,23/3/2026 09:32:16,23/3/2026 09:32:16
1114,2022,600668,国外,星澜禾建设开发股份公司,,,,,,0,0,,,水泥制品业,非金属矿物制品业,Tokyo,Toronto,,SGX,Main Board,,0,1,德国,0,0,23/3/2026 09:32:16,23/3/2026 09:32:16
1115,2022,600671,国外,长会联通信股份公司,,,,,,0,0,,,制药,医药制造业,New South Wales,,,TSE,Growth,,0,1,英国,0,0,23/3/2026 09:32:16,23/3/2026 09:32:16
1119,2022,600676,国外,碧芯联新材料控股公司,,,,,,0,0,,,陆路交通运输业,交通运输、仓储和邮政业,Tokyo,Sydney,,ASX,NASDAQ Global Select,,0,1,法国,0,0,23/3/2026 09:32:16,23/3/2026 09:32:16
1122,2022,600679,国外,盛盈创通信控股公司,,,,,,0,0,,,其他,铁路、船舶、航空航天和其他运输设备制造业,,London,,LSE,,,0,1,德国,0,0,23/3/2026 09:32:16,23/3/2026 09:32:16
1135,2022,900922,国外,恒工昌金融集团公司,,,,,,0,0,,,纺织服装,,Zurich,Tokyo,,,,,0,1,法国,0,0,23/3/2026 09:32:16,23/3/2026 09:32:16
1137,2022,600691,国外,凯控远零售控股公司,,,,,,0,0,,,化肥,化学原料和化学制品制造业,,Toronto,,TSX,Main Board,,0,1,法国,0,0,23/3/2026 09:32:16,23/3/2026 09:32:16
1139,2022,600693,国外,保达盛城市发展发展公司,,,,,,0,0,,,零售业,批发和零售业,Bavaria,New York,,,Standard,,0,1,英国,0,0,23/3/2026 09:32:16,23/3/2026 09:32:16
1143,2022,600696,国外,花盈创船舶集团公司,,,,,,0,0,,,酒业,食品饮料业,California,Tokyo,,NYSE,NASDAQ Global Select,,0,1,英国,0,0,23/3/2026 09:32:16,23/3/2026 09:32:16
1145,2022,600698,国外,保晋航船舶发展公司,,,,,,0,0,,,汽车零部件制造业,汽车制造业,Tokyo,Tokyo,,NYSE,Standard,,0,1,英国,0,0,23/3/2026 09:32:16,23/3/2026 09:32:16
1147,2022,600699,国外,瑞车昌新材料股份公司,,,,,,0,0,,,汽车零部件制造业,汽车制造业,Ontario,Frankfurt,,TSX,NASDAQ Global Select,,0,1,德国,0,0,23/3/2026 09:32:16,23/3/2026 09:32:16
1151,2022,600704,国外,新酷骏批发股份公司,,,,,,0,0,,,批发业,批发和零售业,Zurich,Sydney,,TSE,,,0,1,英国,0,0,23/3/2026 09:32:16,23/3/2026 09:32:16
1152,2022,600705,国外,科源航金融集团公司,,,,,,0,0,,,多元金融,金融业,New South Wales,London,,SGX,NASDAQ Global Select,,0,1,法国,0,0,23/3/2026 09:32:16,23/3/2026 09:32:16
1154,2022,600707,国外,十澜润建设开发公司,,,,,,0,0,,,电子元件及设备,消费电子及电气业,California,Sydney,,NYSE,Standard,,0,1,英国,0,0,23/3/2026 09:32:16,23/3/2026 09:32:16
1155,2022,600708,国外,十酷航连锁有限公司,,,,,,0,0,,,住宅,房地产业,Zurich,Frankfurt,,ASX,Prime,,0,1,德国,0,0,23/3/2026 09:32:16,23/3/2026 09:32:16
1158,2022,600712,国外,华新锦新能源汽车集团公司,,,,,,0,0,,,零售业,批发和零售业,,Tokyo,,LSE,Main Board,,0,1,德国,0,0,23/3/2026 09:32:16,23/3/2026 09:32:16
1160,2022,600714,国外,冀业启综合开发发展公司,,,,,,0,0,,,化工原料,化学原料和化学制品制造业,New South Wales,,,TSX,,,0,1,德国,0,0,23/3/2026 09:32:16,23/3/2026 09:32:16
1161,2022,600715,国外,十课迈通信发展公司,,,,,,0,0,,,文化、体育和娱乐业,文化、体育和娱乐业,Tokyo,New York,,LSE,Growth,,0,1,英国,0,0,23/3/2026 09:32:16,23/3/2026 09:32:16
1166,2022,600720,国外,北通科能源有限公司,,,,,,0,0,,,水泥制品业,非金属矿物制品业,Bavaria,Frankfurt,,TSX,Growth,,0,1,法国,0,0,23/3/2026 09:32:16,23/3/2026 09:32:16
1167,2022,600721,国外,招阳盛水电公司,,,,,,0,0,,,医药研发服务,科学研究和技术服务业,Tokyo,Toronto,,TSX,Growth,,0,1,德国,0,0,23/3/2026 09:32:16,23/3/2026 09:32:16
1170,2022,600724,国外,盛控置金融发展公司,,,,,,0,0,,,水泥制品业,非金属矿物制品业,Zurich,New York,,SGX,,,0,1,英国,0,0,23/3/2026 09:32:16,23/3/2026 09:32:16
1172,2022,600726,国外,十芯骏新材料控股公司,,,,,,0,0,,,电力热力生产和供应业,电力、热力、燃气及水生产和供应业,Bavaria,London,,,NASDAQ Global Select,,0,1,英国,0,0,23/3/2026 09:32:16,23/3/2026 09:32:16
1173,2022,900937,国外,万晋智置业发展公司,,,,,,0,0,,,公用事业,,California,Toronto,,TSX,NASDAQ Global Select,,0,1,英国,0,0,23/3/2026 09:32:16,23/3/2026 09:32:16
1174,2022,600727,国外,碧控置新材料集团公司,,,,,,0,0,,,化工原料,化学原料和化学制品制造业,Bavaria,Frankfurt,,TSX,NASDAQ Global Select,,0,1,英国,0,0,23/3/2026 09:32:16,23/3/2026 09:32:16
1183,2022,600736,国外,润海禾集成电路科技公司,,,,,,0,0,,,住宅,房地产业,Tokyo,London,,LSE,Prime,,0,1,德国,0,0,23/3/2026 09:32:16,23/3/2026 09:32:16
1189,2022,600742,国外,科阳瀚建设开发公司,,,,,,0,0,,,汽车零部件制造业,汽车制造业,Zurich,Tokyo,,,NASDAQ Global Select,,0,1,德国,0,0,23/3/2026 09:32:16,23/3/2026 09:32:16
1192,2022,600745,国外,花业源传媒公司,,,,,,0,0,,,电子元件及设备,消费电子及电气业,England,,,NYSE,,,0,1,法国,0,0,23/3/2026 09:32:16,23/3/2026 09:32:16
1193,2022,600746,国外,启工拓综合开发发展公司,,,,,,0,0,,,化工原料,化学原料和化学制品制造业,Tokyo,London,,,Growth,,0,1,德国,0,0,23/3/2026 09:32:16,23/3/2026 09:32:16
1195,2022,600748,国外,长车远传媒科技公司,,,,,,0,0,,,住宅,房地产业,Zurich,New York,,TSE,NASDAQ Global Select,,0,1,德国,0,0,23/3/2026 09:32:16,23/3/2026 09:32:16
1198,2022,600751,国外,北环盛新材料集团公司,,,,,,0,0,,,批发业,批发和零售业,Bavaria,Frankfurt,,NYSE,Prime,,0,1,德国,0,0,23/3/2026 09:32:16,23/3/2026 09:32:16
1199,2022,900938,国外,冀锦景环境科技科技公司,,,,,,0,0,,,交通运输,,,Singapore,,TSX,Main Board,,0,1,德国,0,0,23/3/2026 09:32:16,23/3/2026 09:32:16
1202,2022,900934,国外,盛阳瀚电子集团公司,,,,,,0,0,,,休闲服务,,Tokyo,Tokyo,,TSX,NASDAQ Global Select,,0,1,法国,0,0,23/3/2026 09:32:16,23/3/2026 09:32:16
1203,2022,600755,国外,物阳源化工股份公司,,,,,,0,0,,,批发业,批发和零售业,,London,,,Standard,,0,1,法国,0,0,23/3/2026 09:32:16,23/3/2026 09:32:16
1211,2022,600764,国外,招阳启综合开发集团公司,,,,,,0,0,,,半导体业,半导体业,Tokyo,Singapore,,SGX,Standard,,0,1,英国,0,0,23/3/2026 09:32:16,23/3/2026 09:32:16
1218,2022,600771,国外,高园瀚船舶科技公司,,,,,,0,0,,,制药,医药制造业,,New York,,SGX,NASDAQ Global Select,,0,1,英国,0,0,23/3/2026 09:32:16,23/3/2026 09:32:16
1219,2022,600773,国外,科盈泽置业控股公司,,,,,,0,0,,,住宅,房地产业,,,,ASX,NASDAQ Global Select,,0,1,德国,0,0,23/3/2026 09:32:16,23/3/2026 09:32:16
1220,2022,600774,国外,华尹昌通信发展公司,,,,,,0,0,,,零售业,批发和零售业,Ontario,Singapore,,TSX,NASDAQ Global Select,,0,1,德国,0,0,23/3/2026 09:32:16,23/3/2026 09:32:16
1221,2022,600775,国外,新阳航化工集团公司,,,,,,0,0,,,通信传输设备业,通信传输设备业,,Singapore,,NASDAQ,Main Board,,0,1,德国,0,0,23/3/2026 09:32:16,23/3/2026 09:32:16
1222,2022,600776,国外,十新联电子科技公司,,,,,,0,0,,,通信传输设备业,通信传输设备业,Tokyo,Tokyo,,NYSE,Standard,,0,1,法国,0,0,23/3/2026 09:32:16,23/3/2026 09:32:16
1223,2022,900941,国外,花源盛玻璃有限公司,,,,,,0,0,,,通信,,Zurich,Singapore,,TSX,Main Board,,0,1,德国,0,0,23/3/2026 09:32:16,23/3/2026 09:32:16
1228,2022,600781,国外,绿晋泰软件控股公司,,,,,,0,0,,,医药生物,,Ontario,Toronto,,NASDAQ,Prime,,0,1,德国,0,0,23/3/2026 09:32:16,23/3/2026 09:32:16
1235,2022,600789,国外,碧课置环境科技科技公司,,,,,,0,0,,,制药,医药制造业,Tokyo,Tokyo,,SGX,,,0,1,英国,0,0,23/3/2026 09:32:16,23/3/2026 09:32:16
1240,2022,600794,国外,润控锦新材料集团公司,,,,,,0,0,,,仓储业,交通运输、仓储和邮政业,Zurich,Tokyo,,TSE,Prime,,0,1,法国,0,0,23/3/2026 09:32:16,23/3/2026 09:32:16
1242,2022,600796,国外,星能启新能源汽车公司,,,,,,0,0,,,农药,化学原料和化学制品制造业,England,Toronto,,LSE,,,0,1,英国,0,0,23/3/2026 09:32:16,23/3/2026 09:32:16
1246,2022,600801,国外,启盈科传媒发展公司,,,,,,0,0,,,水泥制品业,非金属矿物制品业,Ontario,,,NYSE,Standard,,0,1,德国,0,0,23/3/2026 09:32:16,23/3/2026 09:32:16
1250,2022,600804,国外,招工禾船舶控股公司,,,,,,0,0,,,互联网和相关服务,信息传输、软件和信息技术服务业,Tokyo,Sydney,,TSE,Main Board,,0,1,英国,0,0,23/3/2026 09:32:16,23/3/2026 09:32:16
1253,2022,600807,国外,联环拓化工控股公司,,,,,,0,0,,,住宅,房地产业,,Frankfurt,,XETRA,NASDAQ Global Select,,0,1,德国,0,0,23/3/2026 09:32:16,23/3/2026 09:32:16
1254,2022,600808,国外,明尹锦玻璃发展公司,,,,,,0,0,,,黑色金属冶炼和压延加工业,金属冶炼和压延加工业,Ontario,Sydney,,SGX,Standard,,0,1,法国,0,0,23/3/2026 09:32:16,23/3/2026 09:32:16
1256,2022,600810,国外,恒源置能源公司,,,,,,0,0,,,化学纤维制造业,化学纤维制造业,Tokyo,Sydney,,SGX,,,0,1,英国,0,0,23/3/2026 09:32:16,23/3/2026 09:32:16
1260,2022,600815,国外,联源锦环境科技有限公司,,,,,,0,0,,,其他专用设备制造业,专用设备制造业,England,Frankfurt,,XETRA,,,0,1,英国,0,0,23/3/2026 09:32:16,23/3/2026 09:32:16
1261,2022,600816,国外,远达禾贸易控股公司,,,,,,0,0,,,多元金融,金融业,Zurich,New York,,XETRA,,,0,1,德国,0,0,23/3/2026 09:32:16,23/3/2026 09:32:16
1262,2022,600817,国外,明通源金融公司,,,,,,0,0,,,通用设备制造业,通用设备制造业,Tokyo,Frankfurt,,ASX,Main Board,,0,1,法国,0,0,23/3/2026 09:32:16,23/3/2026 09:32:16
1263,2022,600818,国外,盛禾禾数据服务控股公司,,,,,,0,0,,,其他,铁路、船舶、航空航天和其他运输设备制造业,,Toronto,,TSX,Standard,,0,1,德国,0,0,23/3/2026 09:32:16,23/3/2026 09:32:16
1264,2022,900915,国外,保盈盛批发控股公司,,,,,,0,0,,,综合,,Zurich,London,,ASX,NASDAQ Global Select,,0,1,英国,0,0,23/3/2026 09:32:16,23/3/2026 09:32:16
1266,2022,900918,国外,绿控智新材料股份公司,,,,,,0,0,,,建筑材料,,Tokyo,Tokyo,,LSE,Prime,,0,1,英国,0,0,23/3/2026 09:32:16,23/3/2026 09:32:16
1268,2022,600821,国外,花芯润综合开发公司,,,,,,0,0,,,电力热力生产和供应业,电力、热力、燃气及水生产和供应业,,Toronto,,SGX,Standard,,0,1,英国,0,0,23/3/2026 09:32:16,23/3/2026 09:32:16
1269,2022,600822,国外,绿工迈综合开发发展公司,,,,,,0,0,,,批发业,批发和零售业,New South Wales,Tokyo,,TSX,,,0,1,德国,0,0,23/3/2026 09:32:16,23/3/2026 09:32:16
1272,2022,600824,国外,华环昌环境科技公司,,,,,,0,0,,,零售业,批发和零售业,New South Wales,Sydney,,NASDAQ,Prime,,0,1,德国,0,0,23/3/2026 09:32:16,23/3/2026 09:32:16
1273,2022,600825,国外,长达盛医药公司,,,,,,0,0,,,文化、体育和娱乐业,文化、体育和娱乐业,,Frankfurt,,SGX,Main Board,,0,1,法国,0,0,23/3/2026 09:32:16,23/3/2026 09:32:16
1280,2022,600831,国外,星源远连锁股份公司,,,,,,0,0,,,电信、广播电视和卫星传输服务,信息传输、软件和信息技术服务业,England,Tokyo,,LSE,Standard,,0,1,德国,0,0,23/3/2026 09:32:16,23/3/2026 09:32:16
1286,2022,600836,国外,联会泽置业集团公司,,,,,,0,0,,,印刷和记录媒介复制业,印刷和记录媒介复制业,Zurich,Tokyo,,TSE,,,0,1,德国,0,0,23/3/2026 09:32:16,23/3/2026 09:32:16
1288,2022,600838,国外,长海拓集成电路有限公司,,,,,,0,0,,,零售业,批发和零售业,California,Toronto,,ASX,Prime,,0,1,德国,0,0,23/3/2026 09:32:16,23/3/2026 09:32:16
1293,2022,600842,国外,比澜拓新能源汽车集团公司,,,,,,0,0,,,医药生物,,,Singapore,,LSE,Standard,,0,1,法国,0,0,23/3/2026 09:32:16,23/3/2026 09:32:16
1294,2022,600843,国外,远海澜批发控股公司,,,,,,0,0,,,其他专用设备制造业,专用设备制造业,Tokyo,Singapore,,LSE,Main Board,,0,1,法国,0,0,23/3/2026 09:32:16,23/3/2026 09:32:16
1296,2022,600844,国外,冀锦润传媒股份公司,,,,,,0,0,,,化工原料,化学原料和化学制品制造业,Ontario,Toronto,,LSE,Growth,,0,1,德国,0,0,23/3/2026 09:32:16,23/3/2026 09:32:16
1299,2022,900926,国外,联控禾建筑设计股份公司,,,,,,0,0,,,计算机,,,Sydney,,TSX,,,0,1,英国,0,0,23/3/2026 09:32:16,23/3/2026 09:32:16
1304,2022,601607,国外,长达瀚化工科技公司,,,,,,0,0,,,零售业,批发和零售业,England,New York,,SGX,Standard,,0,1,英国,0,0,23/3/2026 09:32:16,23/3/2026 09:32:16
1307,2022,900917,国外,启澜源医药科技公司,,,,,,0,0,,,医药生物,,California,,,TSE,Standard,,0,1,法国,0,0,23/3/2026 09:32:16,23/3/2026 09:32:16
1311,2022,600856,国外,物园智实业发展公司,,,,,,0,0,,,公用事业,,Tokyo,London,,TSE,Prime,,0,1,法国,0,0,23/3/2026 09:32:16,23/3/2026 09:32:16
1316,2022,600861,国外,华源景综合开发有限公司,,,,,,0,0,,,零售业,批发和零售业,Zurich,Sydney,,XETRA,Main Board,,0,1,法国,0,0,23/3/2026 09:32:16,23/3/2026 09:32:16
1317,2022,600862,国外,比环昌贸易控股公司,,,,,,0,0,,,航空航天,铁路、船舶、航空航天和其他运输设备制造业,Zurich,Tokyo,,SGX,Growth,,0,1,德国,0,0,23/3/2026 09:32:16,23/3/2026 09:32:16
1320,2022,600865,国外,花澜润连锁集团公司,,,,,,0,0,,,零售业,批发和零售业,California,Singapore,,,Growth,,0,1,德国,0,0,23/3/2026 09:32:16,23/3/2026 09:32:16
1326,2022,600871,国外,华课锦化工集团公司,,,,,,0,0,,,开发辅助业,采矿业,Zurich,Singapore,,SGX,,,0,1,英国,0,0,23/3/2026 09:32:16,23/3/2026 09:32:16
1329,2022,600874,国外,远新航软件发展公司,,,,,,0,0,,,水生产和供应业,电力、热力、燃气及水生产和供应业,England,Sydney,,TSE,Growth,,0,1,英国,0,0,23/3/2026 09:32:16,23/3/2026 09:32:16
1334,2022,600880,国外,碧园泽电子科技公司,,,,,,0,0,,,文化、体育和娱乐业,文化、体育和娱乐业,Tokyo,Sydney,,,Prime,,0,1,英国,0,0,23/3/2026 09:32:16,23/3/2026 09:32:16
1335,2022,600881,国外,凯园拓城市发展有限公司,,,,,,0,0,,,其他非金属制品业,非金属矿物制品业,England,Singapore,,ASX,,,0,1,英国,0,0,23/3/2026 09:32:16,23/3/2026 09:32:16
1342,2022,600888,国外,招园骏水电发展公司,,,,,,0,0,,,金属制品业,金属制品业,England,Toronto,,TSX,Main Board,,0,1,英国,0,0,23/3/2026 09:32:16,23/3/2026 09:32:16
1344,2022,600890,国外,科能联环境科技控股公司,,,,,,0,0,,,房地产,,,New York,,LSE,NASDAQ Global Select,,0,1,法国,0,0,23/3/2026 09:32:16,23/3/2026 09:32:16
1346,2022,600892,国外,华新远化工控股公司,,,,,,0,0,,,软件和信息技术服务,信息传输、软件和信息技术服务业,New South Wales,Frankfurt,,TSE,NASDAQ Global Select,,0,1,法国,0,0,23/3/2026 09:32:16,23/3/2026 09:32:16
1347,2022,600893,国外,保会澜医药科技公司,,,,,,0,0,,,航空航天,铁路、船舶、航空航天和其他运输设备制造业,Zurich,Sydney,,XETRA,NASDAQ Global Select,,0,1,德国,0,0,23/3/2026 09:32:16,23/3/2026 09:32:16
1348,2022,600894,国外,北源润城市发展科技公司,,,,,,0,0,,,通用设备制造业,通用设备制造业,England,,,,NASDAQ Global Select,,0,1,德国,0,0,23/3/2026 09:32:16,23/3/2026 09:32:16
1355,2022,600963,国外,瑞工智电子股份公司,,,,,,0,0,,,造纸和纸制品业,造纸和纸制品业,California,Toronto,,XETRA,,,0,1,法国,0,0,23/3/2026 09:32:16,23/3/2026 09:32:16
1357,2022,600967,国外,润尹智玻璃股份公司,,,,,,0,0,,,铁路,铁路、船舶、航空航天和其他运输设备制造业,California,London,,TSE,NASDAQ Global Select,,0,1,德国,0,0,23/3/2026 09:32:16,23/3/2026 09:32:16
1358,2022,600969,国外,高城盛数据服务控股公司,,,,,,0,0,,,电力热力生产和供应业,电力、热力、燃气及水生产和供应业,Tokyo,Frankfurt,,ASX,NASDAQ Global Select,,0,1,德国,0,0,23/3/2026 09:32:16,23/3/2026 09:32:16
1362,2022,600985,国外,新环盛集成电路控股公司,,,,,,0,0,,,煤炭开采业,采矿业,California,Toronto,,LSE,Main Board,,0,1,德国,0,0,23/3/2026 09:32:16,23/3/2026 09:32:16
1363,2022,600986,国外,瑞车远软件股份公司,,,,,,0,0,,,互联网和相关服务,信息传输、软件和信息技术服务业,Tokyo,Sydney,,TSE,Prime,,0,1,德国,0,0,23/3/2026 09:32:16,23/3/2026 09:32:16
1368,2022,600993,国外,花晋航医药有限公司,,,,,,0,0,,,制药,医药制造业,England,Toronto,,NASDAQ,NASDAQ Global Select,,0,1,英国,0,0,23/3/2026 09:32:16,23/3/2026 09:32:16
1373,2022,900939,国外,瑞达智置业控股公司,,,,,,0,0,,,建筑装饰,,Tokyo,London,,NASDAQ,Main Board,,0,1,德国,0,0,23/3/2026 09:32:16,23/3/2026 09:32:16
1376,2022,900950,国外,高源锦电器科技公司,,,,,,0,0,,,房地产,,California,Toronto,,,Main Board,,0,1,英国,0,0,23/3/2026 09:32:16,23/3/2026 09:32:16
1377,2022,900951,国外,星园景金融股份公司,,,,,,0,0,,,化工,,California,New York,,TSE,Standard,,0,1,德国,0,0,23/3/2026 09:32:16,23/3/2026 09:32:16
1378,2022,900953,国外,保会泽贸易控股公司,,,,,,0,0,,,汽车,,Ontario,Frankfurt,,NYSE,Standard,,0,1,英国,0,0,23/3/2026 09:32:16,23/3/2026 09:32:16
1381,2022,2017,国外,润澜创建设开发科技公司,,,,,,0,0,,,其他制造业,其他制造业,California,Sydney,,NASDAQ,Main Board,,0,1,英国,0,0,23/3/2026 09:32:16,23/3/2026 09:32:16
1382,2022,2002,国外,恒车航电子股份公司,,,,,,0,0,,,化工原料,化学原料和化学制品制造业,Tokyo,Singapore,,ASX,,,0,1,德国,0,0,23/3/2026 09:32:16,23/3/2026 09:32:16
1384,2022,2004,国外,北源瀚传媒集团公司,,,,,,0,0,,,农药,化学原料和化学制品制造业,Ontario,Tokyo,,TSE,Prime,,0,1,德国,0,0,23/3/2026 09:32:16,23/3/2026 09:32:16
1396,2022,2016,国外,万源盛水务集团公司,,,,,,0,0,,,住宅,房地产业,California,Singapore,,,Growth,,0,1,德国,0,0,23/3/2026 09:32:16,23/3/2026 09:32:16
1403,2022,2024,国外,十盈航置业集团公司,,,,,,0,0,,,零售业,批发和零售业,England,Frankfurt,,NASDAQ,Growth,,0,1,德国,0,0,23/3/2026 09:32:16,23/3/2026 09:32:16
1404,2022,2025,国外,明课启数据服务科技公司,,,,,,0,0,,,航空航天,铁路、船舶、航空航天和其他运输设备制造业,Tokyo,New York,,LSE,Standard,,0,1,英国,0,0,23/3/2026 09:32:16,23/3/2026 09:32:16
1405,2022,2026,国外,远新澜能源有限公司,,,,,,0,0,,,金属制品业,金属制品业,California,London,,TSE,,,0,1,英国,0,0,23/3/2026 09:32:16,23/3/2026 09:32:16
1407,2022,2028,国外,高工启能源发展公司,,,,,,0,0,,,电机制造业,商业电气机械和器材制造业,Ontario,Frankfurt,,NYSE,Main Board,,0,1,英国,0,0,23/3/2026 09:32:16,23/3/2026 09:32:16
1409,2022,2030,国外,北工创贸易发展公司,,,,,,0,0,,,生物科技,医药制造业,Ontario,New York,,TSX,Prime,,0,1,德国,0,0,23/3/2026 09:32:16,23/3/2026 09:32:16
1413,2022,2034,国外,十控拓传媒发展公司,,,,,,0,0,,,水利、环境和公共设施管理业,水利、环境和公共设施管理业,California,London,,TSX,Standard,,0,1,英国,0,0,23/3/2026 09:32:16,23/3/2026 09:32:16
1414,2022,2035,国外,新通泰城市发展科技公司,,,,,,0,0,,,家用电器,消费电子及电气业,Bavaria,New York,,NYSE,Prime,,0,1,德国,0,0,23/3/2026 09:32:16,23/3/2026 09:32:16
1416,2022,2037,国外,比源泰通信控股公司,,,,,,0,0,,,化工原料,化学原料和化学制品制造业,England,,,NASDAQ,NASDAQ Global Select,,0,1,英国,0,0,23/3/2026 09:32:16,23/3/2026 09:32:16
1428,2022,600981,国外,华城联建筑设计发展公司,,,,,,0,0,,,批发业,批发和零售业,California,Sydney,,ASX,NASDAQ Global Select,,0,1,法国,0,0,23/3/2026 09:32:16,23/3/2026 09:32:16
1429,2022,600982,国外,碧业智贸易集团公司,,,,,,0,0,,,电力热力生产和供应业,电力、热力、燃气及水生产和供应业,Bavaria,Frankfurt,,SGX,,,0,1,英国,0,0,23/3/2026 09:32:16,23/3/2026 09:32:16
1432,2022,600987,国外,北白航实业有限公司,,,,,,0,0,,,纺织鞋服业,纺织鞋服业,Zurich,Tokyo,,TSE,Standard,,0,1,法国,0,0,23/3/2026 09:32:16,23/3/2026 09:32:16
1438,2022,2042,国外,冀尹盛水电发展公司,,,,,,0,0,,,纺织鞋服业,纺织鞋服业,England,Tokyo,,XETRA,NASDAQ Global Select,,0,1,英国,0,0,23/3/2026 09:32:16,23/3/2026 09:32:16
1439,2022,2043,国外,新白航批发股份公司,,,,,,0,0,,,木材加工和木、竹、藤、棕、草制品业,木材加工和木、竹、藤、棕、草制品业,Zurich,Tokyo,,ASX,Prime,,0,1,英国,0,0,23/3/2026 09:32:16,23/3/2026 09:32:16
1442,2022,2045,国外,润城昌实业集团公司,,,,,,0,0,,,电子元件及设备,消费电子及电气业,Bavaria,New York,,TSX,NASDAQ Global Select,,0,1,德国,0,0,23/3/2026 09:32:16,23/3/2026 09:32:16
1447,2022,2050,国外,星禾智实业集团公司,,,,,,0,0,,,通用设备制造业,通用设备制造业,California,,,TSE,Prime,,0,1,英国,0,0,23/3/2026 09:32:16,23/3/2026 09:32:16
1448,2022,300150,国外,恒尹联金融有限公司,,,,,,0,0,,,软件和信息技术服务,信息传输、软件和信息技术服务业,Bavaria,Frankfurt,,TSX,NASDAQ Global Select,,0,1,德国,0,0,23/3/2026 09:32:16,23/3/2026 09:32:16
1450,2022,2052,国外,高阳泽电器发展公司,,,,,,0,0,,,通信传输设备业,通信传输设备业,Ontario,Tokyo,,ASX,,,0,1,德国,0,0,23/3/2026 09:32:16,23/3/2026 09:32:16
1451,2022,2053,国外,启酷澜连锁集团公司,,,,,,0,0,,,食品业,食品饮料业,California,Sydney,,NYSE,Growth,,0,1,德国,0,0,23/3/2026 09:32:16,23/3/2026 09:32:16
1452,2022,601001,国外,长晋澜建筑设计发展公司,,,,,,0,0,,,煤炭开采业,采矿业,Zurich,,,,Main Board,,0,1,英国,0,0,23/3/2026 09:32:16,23/3/2026 09:32:16
1453,2022,601988,国外,星锦盛新能源汽车发展公司,,,,,,0,0,,,银行,金融业,England,Singapore,,ASX,Prime,,0,1,法国,0,0,23/3/2026 09:32:16,23/3/2026 09:32:16
1457,2022,600048,国外,瑞园泰建筑设计公司,,,,,,0,0,,,住宅,房地产业,England,Tokyo,,XETRA,NASDAQ Global Select,,0,1,英国,0,0,23/3/2026 09:32:16,23/3/2026 09:32:16
1458,2022,2057,国外,瑞阳科城市发展公司,,,,,,0,0,,,化工原料,化学原料和化学制品制造业,New South Wales,Singapore,,NYSE,Main Board,,0,1,德国,0,0,23/3/2026 09:32:16,23/3/2026 09:32:16
1459,2022,2058,国外,物桥骏通信集团公司,,,,,,0,0,,,仪器仪表制造业,仪器仪表制造业,California,Sydney,,TSX,NASDAQ Global Select,,0,1,英国,0,0,23/3/2026 09:32:16,23/3/2026 09:32:16
1461,2022,601006,国外,保车盛水务科技公司,,,,,,0,0,,,陆路交通运输业,交通运输、仓储和邮政业,Ontario,Toronto,,TSE,Main Board,,0,1,英国,0,0,23/3/2026 09:32:16,23/3/2026 09:32:16
1469,2022,601111,国外,高工拓电子控股公司,,,,,,0,0,,,航空交通运输业,交通运输、仓储和邮政业,Zurich,Tokyo,,XETRA,Standard,,0,1,法国,0,0,23/3/2026 09:32:16,23/3/2026 09:32:16
1470,2022,2067,国外,润控智财富管理集团公司,,,,,,0,0,,,造纸和纸制品业,造纸和纸制品业,California,London,,NYSE,Main Board,,0,1,英国,0,0,23/3/2026 09:32:16,23/3/2026 09:32:16
1474,2022,601699,国外,凯泽澜集成电路公司,,,,,,0,0,,,煤炭开采业,采矿业,California,Sydney,,,,,0,1,英国,0,0,23/3/2026 09:32:16,23/3/2026 09:32:16
1478,2022,2071,国外,万会景通信发展公司,,,,,,0,0,,,传媒,,New South Wales,Tokyo,,TSE,,,0,1,英国,0,0,23/3/2026 09:32:16,23/3/2026 09:32:16
1482,2022,600017,国外,比澜泽新材料股份公司,,,,,,0,0,,,水路交通运输业,交通运输、仓储和邮政业,New South Wales,,,NASDAQ,NASDAQ Global Select,,0,1,英国,0,0,23/3/2026 09:32:16,23/3/2026 09:32:16
1484,2022,2075,国外,保能联实业有限公司,,,,,,0,0,,,黑色金属冶炼和压延加工业,金属冶炼和压延加工业,England,London,,LSE,NASDAQ Global Select,,0,1,德国,0,0,23/3/2026 09:32:16,23/3/2026 09:32:16
1490,2022,600018,国外,北控科城市发展股份公司,,,,,,0,0,,,水路交通运输业,交通运输、仓储和邮政业,England,London,,ASX,Prime,,0,1,德国,0,0,23/3/2026 09:32:16,23/3/2026 09:32:16
1499,2022,2087,国外,恒环澜水务控股公司,,,,,,0,0,,,纺织鞋服业,纺织鞋服业,Tokyo,Sydney,,XETRA,Main Board,,0,1,英国,0,0,23/3/2026 09:32:16,23/3/2026 09:32:16
1501,2022,2089,国外,众禾澜财富管理有限公司,,,,,,0,0,,,通信传输设备业,通信传输设备业,California,London,,TSX,,,0,1,法国,0,0,23/3/2026 09:32:16,23/3/2026 09:32:16
1504,2022,2091,国外,启芯泽数据服务发展公司,,,,,,0,0,,,批发业,批发和零售业,California,,,TSX,Main Board,,0,1,法国,0,0,23/3/2026 09:32:16,23/3/2026 09:32:16
1506,2022,601991,国外,凯通启能源集团公司,,,,,,0,0,,,电力热力生产和供应业,电力、热力、燃气及水生产和供应业,Zurich,Frankfurt,,NASDAQ,,,0,1,法国,0,0,23/3/2026 09:32:16,23/3/2026 09:32:16
1510,2022,2102,国外,碧城泽电器有限公司,,,,,,0,0,,,制药,医药制造业,England,Frankfurt,,SGX,Main Board,,0,1,德国,0,0,23/3/2026 09:32:16,23/3/2026 09:32:16
1517,2022,2103,国外,高禾瀚新能源汽车控股公司,,,,,,0,0,,,商务服务业,租赁和商务服务业,California,Singapore,,ASX,,,0,1,英国,0,0,23/3/2026 09:32:16,23/3/2026 09:32:16
1518,2022,2105,国外,润酷远玻璃有限公司,,,,,,0,0,,,其他,铁路、船舶、航空航天和其他运输设备制造业,Tokyo,Toronto,,NYSE,Main Board,,0,1,英国,0,0,23/3/2026 09:32:16,23/3/2026 09:32:16
1519,2022,601333,国外,明禾置生物科技公司,,,,,,0,0,,,陆路交通运输业,交通运输、仓储和邮政业,Zurich,London,,SGX,Main Board,,0,1,德国,0,0,23/3/2026 09:32:16,23/3/2026 09:32:16
1530,2022,2112,国外,新车迈建筑设计科技公司,,,,,,0,0,,,电机制造业,商业电气机械和器材制造业,England,,,XETRA,Growth,,0,1,德国,0,0,23/3/2026 09:32:16,23/3/2026 09:32:16
1532,2022,2115,国外,明能澜建设开发发展公司,,,,,,0,0,,,商务服务业,租赁和商务服务业,New South Wales,,,SGX,Prime,,0,1,法国,0,0,23/3/2026 09:32:16,23/3/2026 09:32:16
1534,2022,2113,国外,万课润新材料控股公司,,,,,,0,0,,,互联网和相关服务,信息传输、软件和信息技术服务业,New South Wales,Tokyo,,LSE,Standard,,0,1,英国,0,0,23/3/2026 09:32:16,23/3/2026 09:32:16
1536,2022,2117,国外,绿晋联生物科技科技公司,,,,,,0,0,,,印刷和记录媒介复制业,印刷和记录媒介复制业,Zurich,Singapore,,LSE,NASDAQ Global Select,,0,1,英国,0,0,23/3/2026 09:32:16,23/3/2026 09:32:16
1539,2022,2119,国外,众业创传媒控股公司,,,,,,0,0,,,半导体业,半导体业,Ontario,London,,ASX,Main Board,,0,1,法国,0,0,23/3/2026 09:32:16,23/3/2026 09:32:16
1543,2022,601318,国外,众盈联电器科技公司,,,,,,0,0,,,保险,金融业,Bavaria,,,NYSE,Prime,,0,1,法国,0,0,23/3/2026 09:32:16,23/3/2026 09:32:16
1546,2022,2125,国外,碧课创通信公司,,,,,,0,0,,,化工原料,化学原料和化学制品制造业,California,London,,ASX,Standard,,0,1,德国,0,0,23/3/2026 09:32:16,23/3/2026 09:32:16
1550,2022,601008,国外,碧业联传媒发展公司,,,,,,0,0,,,水路交通运输业,交通运输、仓储和邮政业,England,London,,XETRA,Main Board,,0,1,英国,0,0,23/3/2026 09:32:16,23/3/2026 09:32:16
1553,2022,2127,国外,花锦骏环境科技控股公司,,,,,,0,0,,,商务服务业,租赁和商务服务业,New South Wales,Frankfurt,,NASDAQ,Main Board,,0,1,英国,0,0,23/3/2026 09:32:16,23/3/2026 09:32:16
1556,2022,2134,国外,比能禾连锁科技公司,,,,,,0,0,,,半导体业,半导体业,England,Frankfurt,,NYSE,Prime,,0,1,英国,0,0,23/3/2026 09:32:16,23/3/2026 09:32:16
1557,2022,2135,国外,华晋润能源有限公司,,,,,,0,0,,,金属制品业,金属制品业,Ontario,,,TSE,Prime,,0,1,英国,0,0,23/3/2026 09:32:16,23/3/2026 09:32:16
1558,2022,2136,国外,华阳景集成电路控股公司,,,,,,0,0,,,化工原料,化学原料和化学制品制造业,Tokyo,Singapore,,TSX,Growth,,0,1,法国,0,0,23/3/2026 09:32:16,23/3/2026 09:32:16
1559,2022,2133,国外,绿阳昌综合开发控股公司,,,,,,0,0,,,住宅,房地产业,Bavaria,Tokyo,,TSE,Standard,,0,1,英国,0,0,23/3/2026 09:32:16,23/3/2026 09:32:16
1560,2022,338,国外,凯晋远金融科技公司,,,,,,0,0,,,石油加工、炼焦和核燃料加工业,石油加工、炼焦和核燃料加工业,Bavaria,Toronto,,SGX,Main Board,,0,1,法国,0,0,23/3/2026 09:32:16,23/3/2026 09:32:16
1572,2022,2144,国外,凯课泽船舶股份公司,,,,,,0,0,,,纺织鞋服业,纺织鞋服业,Zurich,Tokyo,,SGX,NASDAQ Global Select,,0,1,英国,0,0,23/3/2026 09:32:16,23/3/2026 09:32:16
1574,2022,2141,国外,华阳禾财富管理有限公司,,,,,,0,0,,,光纤电缆制造业,商业电气机械和器材制造业,England,Tokyo,,,Growth,,0,1,德国,0,0,23/3/2026 09:32:16,23/3/2026 09:32:16
1578,2022,2146,国外,北达联软件股份公司,,,,,,0,0,,,住宅,房地产业,Bavaria,,,ASX,Standard,,0,1,德国,0,0,23/3/2026 09:32:16,23/3/2026 09:32:16
1586,2022,2155,国外,万会泰实业公司,,,,,,0,0,,,有色金属开采业,采矿业,Ontario,Tokyo,,XETRA,NASDAQ Global Select,,0,1,英国,0,0,23/3/2026 09:32:16,23/3/2026 09:32:16
1593,2022,2161,国外,科桥禾建设开发股份公司,,,,,,0,0,,,软件和信息技术服务,信息传输、软件和信息技术服务业,Ontario,Sydney,,ASX,Main Board,,0,1,德国,0,0,23/3/2026 09:32:16,23/3/2026 09:32:16
1594,2022,2254,国外,联控联零售公司,,,,,,0,0,,,化学纤维制造业,化学纤维制造业,,Tokyo,,XETRA,NASDAQ Global Select,,0,1,德国,0,0,23/3/2026 09:32:16,23/3/2026 09:32:16
1597,2022,2162,国外,比控禾医药集团公司,,,,,,0,0,,,陶瓷制品业,非金属矿物制品业,,Sydney,,,Growth,,0,1,英国,0,0,23/3/2026 09:32:16,23/3/2026 09:32:16
1601,2022,2175,国外,盛车锦玻璃股份公司,,,,,,0,0,,,仪器仪表制造业,仪器仪表制造业,Tokyo,Singapore,,NASDAQ,,,0,1,英国,0,0,23/3/2026 09:32:16,23/3/2026 09:32:16
1602,2022,2171,国外,盛盈昌建筑设计控股公司,,,,,,0,0,,,有色金属冶炼和压延加工业,金属冶炼和压延加工业,,Frankfurt,,TSE,Standard,,0,1,德国,0,0,23/3/2026 09:32:16,23/3/2026 09:32:16
1603,2022,2165,国外,北盈昌置业有限公司,,,,,,0,0,,,化工原料,化学原料和化学制品制造业,,New York,,XETRA,NASDAQ Global Select,,0,1,英国,0,0,23/3/2026 09:32:16,23/3/2026 09:32:16
1604,2022,2192,国外,启阳骏连锁集团公司,,,,,,0,0,,,有色金属开采业,采矿业,Tokyo,Singapore,,TSE,NASDAQ Global Select,,0,1,法国,0,0,23/3/2026 09:32:16,23/3/2026 09:32:16
1608,2022,601169,国外,新芯瀚财富管理有限公司,,,,,,0,0,,,银行,金融业,Bavaria,New York,,SGX,Prime,,0,1,德国,0,0,23/3/2026 09:32:16,23/3/2026 09:32:16
1609,2022,2173,国外,联禾启批发股份公司,,,,,,0,0,,,卫生和社会工作,卫生和社会工作,Bavaria,New York,,XETRA,Standard,,0,1,德国,0,0,23/3/2026 09:32:16,23/3/2026 09:32:16
1616,2022,601808,国外,众会骏新材料控股公司,,,,,,0,0,,,开发辅助业,采矿业,Bavaria,Sydney,,LSE,NASDAQ Global Select,,0,1,德国,0,0,23/3/2026 09:32:16,23/3/2026 09:32:16
1617,2022,2183,国外,恒园联数据服务股份公司,,,,,,0,0,,,商务服务业,租赁和商务服务业,,,,NASDAQ,Prime,,0,1,英国,0,0,23/3/2026 09:32:16,23/3/2026 09:32:16
1619,2022,2182,国外,招新盛批发控股公司,,,,,,0,0,,,有色金属冶炼和压延加工业,金属冶炼和压延加工业,Tokyo,Frankfurt,,TSE,Standard,,0,1,德国,0,0,23/3/2026 09:32:16,23/3/2026 09:32:16
1620,2022,2184,国外,星城骏水务有限公司,,,,,,0,0,,,电机制造业,商业电气机械和器材制造业,Zurich,London,,ASX,Growth,,0,1,德国,0,0,23/3/2026 09:32:16,23/3/2026 09:32:16
1622,2022,2189,国外,花通拓贸易股份公司,,,,,,0,0,,,其他制造业,其他制造业,Zurich,London,,SGX,NASDAQ Global Select,,0,1,英国,0,0,23/3/2026 09:32:16,23/3/2026 09:32:16
1623,2022,601857,国外,招会置贸易科技公司,,,,,,0,0,,,石油天然气开采业,采矿业,Tokyo,Frankfurt,,,Standard,,0,1,法国,0,0,23/3/2026 09:32:16,23/3/2026 09:32:16
1626,2022,2186,国外,科控联批发公司,,,,,,0,0,,,餐饮业,住宿和餐饮业,Tokyo,New York,,TSX,Standard,,0,1,英国,0,0,23/3/2026 09:32:16,23/3/2026 09:32:16
1627,2022,2196,国外,绿酷拓新材料股份公司,,,,,,0,0,,,其他专用设备制造业,专用设备制造业,,Toronto,,,Standard,,0,1,英国,0,0,23/3/2026 09:32:16,23/3/2026 09:32:16
1628,2022,2208,国外,十环景贸易科技公司,,,,,,0,0,,,住宅,房地产业,,Toronto,,NASDAQ,Main Board,,0,1,英国,0,0,23/3/2026 09:32:16,23/3/2026 09:32:16
1629,2022,2193,国外,花园创医药股份公司,,,,,,0,0,,,纺织鞋服业,纺织鞋服业,New South Wales,,,NYSE,Prime,,0,1,法国,0,0,23/3/2026 09:32:16,23/3/2026 09:32:16
1632,2022,2194,国外,星车创玻璃股份公司,,,,,,0,0,,,通信传输设备业,通信传输设备业,California,Frankfurt,,,Prime,,0,1,德国,0,0,23/3/2026 09:32:16,23/3/2026 09:32:16
1636,2022,2199,国外,恒白远房地产开发集团公司,,,,,,0,0,,,半导体业,半导体业,Zurich,Toronto,,ASX,,,0,1,德国,0,0,23/3/2026 09:32:16,23/3/2026 09:32:16
1648,2022,601601,国外,十业迈贸易发展公司,,,,,,0,0,,,保险,金融业,Zurich,Tokyo,,TSE,Standard,,0,1,德国,0,0,23/3/2026 09:32:16,23/3/2026 09:32:16
1650,2022,2206,国外,恒工泽通信控股公司,,,,,,0,0,,,化学纤维制造业,化学纤维制造业,California,,,TSE,NASDAQ Global Select,,0,1,法国,0,0,23/3/2026 09:32:16,23/3/2026 09:32:16
1652,2022,2210,国外,润业泽能源控股公司,,,,,,0,0,,,商务服务业,租赁和商务服务业,Bavaria,Sydney,,TSE,Prime,,0,1,德国,0,0,23/3/2026 09:32:16,23/3/2026 09:32:16
1653,2022,2211,国外,碧能骏水电发展公司,,,,,,0,0,,,橡胶制品,橡胶和塑料制品业,New South Wales,Singapore,,XETRA,,,0,1,英国,0,0,23/3/2026 09:32:16,23/3/2026 09:32:16
1654,2022,2213,国外,盛业澜实业有限公司,,,,,,0,0,,,汽车零部件制造业,汽车制造业,,New York,,LSE,Standard,,0,1,德国,0,0,23/3/2026 09:32:16,23/3/2026 09:32:16
1657,2022,2216,国外,科工创建设开发控股公司,,,,,,0,0,,,食品业,食品饮料业,,,,ASX,NASDAQ Global Select,,0,1,德国,0,0,23/3/2026 09:32:16,23/3/2026 09:32:16
1658,2022,601899,国外,万芯骏环境科技股份公司,,,,,,0,0,,,有色金属开采业,采矿业,California,Singapore,,ASX,Standard,,0,1,法国,0,0,23/3/2026 09:32:16,23/3/2026 09:32:16
1659,2022,2215,国外,花源科城市发展发展公司,,,,,,0,0,,,农药,化学原料和化学制品制造业,England,Tokyo,,TSE,,,0,1,德国,0,0,23/3/2026 09:32:16,23/3/2026 09:32:16
1664,2022,2222,国外,长达科建设开发科技公司,,,,,,0,0,,,电子元件及设备,消费电子及电气业,California,Tokyo,,,NASDAQ Global Select,,0,1,英国,0,0,23/3/2026 09:32:16,23/3/2026 09:32:16
1667,2022,2220,国外,星澜启软件科技公司,,,,,,0,0,,,农林牧渔,,Zurich,New York,,NYSE,Prime,,0,1,德国,0,0,23/3/2026 09:32:16,23/3/2026 09:32:16
1668,2022,2224,国外,远锦盛生物科技控股公司,,,,,,0,0,,,橡胶制品,橡胶和塑料制品业,Ontario,London,,NASDAQ,Prime,,0,1,英国,0,0,23/3/2026 09:32:16,23/3/2026 09:32:16
1670,2022,601958,国外,瑞澜骏化工公司,,,,,,0,0,,,有色金属开采业,采矿业,Bavaria,Toronto,,TSE,NASDAQ Global Select,,0,1,法国,0,0,23/3/2026 09:32:16,23/3/2026 09:32:16
1673,2022,2225,国外,花业景水电控股公司,,,,,,0,0,,,耐火材料制品业,非金属矿物制品业,England,Frankfurt,,,Prime,,0,1,法国,0,0,23/3/2026 09:32:16,23/3/2026 09:32:16
1676,2022,2244,国外,招环盛综合开发集团公司,,,,,,0,0,,,住宅,房地产业,California,,,TSX,Growth,,0,1,法国,0,0,23/3/2026 09:32:16,23/3/2026 09:32:16
1680,2022,2232,国外,远城润财富管理科技公司,,,,,,0,0,,,软件和信息技术服务,信息传输、软件和信息技术服务业,New South Wales,,,TSX,NASDAQ Global Select,,0,1,英国,0,0,23/3/2026 09:32:16,23/3/2026 09:32:16
1682,2022,2249,国外,花酷联水务科技公司,,,,,,0,0,,,电机制造业,商业电气机械和器材制造业,California,Tokyo,,ASX,Prime,,0,1,德国,0,0,23/3/2026 09:32:16,23/3/2026 09:32:16
1685,2022,2234,国外,科芯联生物科技发展公司,,,,,,0,0,,,牧业,农、林、牧、渔业,Zurich,,,LSE,Prime,,0,1,德国,0,0,23/3/2026 09:32:16,23/3/2026 09:32:16
1687,2022,2233,国外,长达科建筑设计公司,,,,,,0,0,,,水泥制品业,非金属矿物制品业,Ontario,Tokyo,,NYSE,NASDAQ Global Select,,0,1,法国,0,0,23/3/2026 09:32:16,23/3/2026 09:32:16
1694,2022,2239,国外,恒晋昌通信集团公司,,,,,,0,0,,,汽车零部件制造业,汽车制造业,Ontario,Tokyo,,XETRA,Standard,,0,1,英国,0,0,23/3/2026 09:32:16,23/3/2026 09:32:16
1697,2022,2245,国外,十桥科生物科技有限公司,,,,,,0,0,,,电池制造业,商业电气机械和器材制造业,Tokyo,,,TSE,Standard,,0,1,德国,0,0,23/3/2026 09:32:16,23/3/2026 09:32:16
1699,2022,2248,国外,万车澜软件科技公司,,,,,,0,0,,,通用设备制造业,通用设备制造业,Bavaria,New York,,LSE,Growth,,0,1,德国,0,0,23/3/2026 09:32:16,23/3/2026 09:32:16
1704,2022,2261,国外,恒禾源传媒发展公司,,,,,,0,0,,,软件和信息技术服务,信息传输、软件和信息技术服务业,,London,,,Growth,,0,1,法国,0,0,23/3/2026 09:32:16,23/3/2026 09:32:16
1705,2022,2255,国外,绿锦源电子集团公司,,,,,,0,0,,,通用设备制造业,通用设备制造业,,Singapore,,LSE,Main Board,,0,1,德国,0,0,23/3/2026 09:32:16,23/3/2026 09:32:16
1706,2022,2259,国外,凯白远实业股份公司,,,,,,0,0,,,燃气生产和供应业,电力、热力、燃气及水生产和供应业,New South Wales,London,,TSX,,,0,1,德国,0,0,23/3/2026 09:32:16,23/3/2026 09:32:16
1707,2022,2262,国外,恒电禾建设开发公司,,,,,,0,0,,,制药,医药制造业,Zurich,Sydney,,ASX,,,0,1,法国,0,0,23/3/2026 09:32:16,23/3/2026 09:32:16
1708,2022,2264,国外,瑞海泰连锁集团公司,,,,,,0,0,,,零售业,批发和零售业,New South Wales,,,TSE,Standard,,0,1,法国,0,0,23/3/2026 09:32:16,23/3/2026 09:32:16
1710,2022,2258,国外,新尹景能源控股公司,,,,,,0,0,,,农药,化学原料和化学制品制造业,Bavaria,Toronto,,XETRA,Growth,,0,1,法国,0,0,23/3/2026 09:32:16,23/3/2026 09:32:16
1714,2022,2268,国外,盛阳澜船舶发展公司,,,,,,0,0,,,软件和信息技术服务,信息传输、软件和信息技术服务业,New South Wales,Tokyo,,TSX,Prime,,0,1,英国,0,0,23/3/2026 09:32:16,23/3/2026 09:32:16
1716,2022,2269,国外,联源昌批发控股公司,,,,,,0,0,,,纺织鞋服业,纺织鞋服业,Ontario,New York,,ASX,Growth,,0,1,法国,0,0,23/3/2026 09:32:16,23/3/2026 09:32:16
1719,2022,2266,国外,启芯骏财富管理集团公司,,,,,,0,0,,,废弃资源综合利用业,废弃资源综合利用业,Bavaria,Tokyo,,LSE,Standard,,0,1,法国,0,0,23/3/2026 09:32:16,23/3/2026 09:32:16
1725,2022,601788,国外,远达盛传媒控股公司,,,,,,0,0,,,证券,金融业,California,New York,,NYSE,Growth,,0,1,法国,0,0,23/3/2026 09:32:16,23/3/2026 09:32:16
1727,2022,2282,国外,远芯泽水电集团公司,,,,,,0,0,,,通用设备制造业,通用设备制造业,Tokyo,Tokyo,,,Main Board,,0,1,德国,0,0,23/3/2026 09:32:16,23/3/2026 09:32:16
1733,2022,2278,国外,联环创电子集团公司,,,,,,0,0,,,其他专用设备制造业,专用设备制造业,New South Wales,London,,NASDAQ,Standard,,0,1,英国,0,0,23/3/2026 09:32:16,23/3/2026 09:32:16
1734,2022,2461,国外,凯通置城市发展控股公司,,,,,,0,0,,,酒业,食品饮料业,England,Toronto,,TSE,Growth,,0,1,英国,0,0,23/3/2026 09:32:16,23/3/2026 09:32:16
1737,2022,2281,国外,比桥启金融科技公司,,,,,,0,0,,,通信传输设备业,通信传输设备业,Bavaria,Toronto,,NYSE,Prime,,0,1,法国,0,0,23/3/2026 09:32:16,23/3/2026 09:32:16
1738,2022,2287,国外,十桥联软件发展公司,,,,,,0,0,,,制药,医药制造业,Bavaria,Toronto,,TSX,Growth,,0,1,德国,0,0,23/3/2026 09:32:16,23/3/2026 09:32:16
1742,2022,2290,国外,招盈远电子集团公司,,,,,,0,0,,,电子元件及设备,消费电子及电气业,Tokyo,New York,,ASX,,,0,1,德国,0,0,23/3/2026 09:32:16,23/3/2026 09:32:16
1744,2022,2295,国外,远达泰船舶发展公司,,,,,,0,0,,,有色金属冶炼和压延加工业,金属冶炼和压延加工业,California,New York,,TSX,,,0,1,法国,0,0,23/3/2026 09:32:16,23/3/2026 09:32:16
1747,2022,2292,国外,远达创连锁发展公司,,,,,,0,0,,,文教、工美、体育和娱乐用品制造业,文教、工美、体育和娱乐用品制造业,California,Tokyo,,ASX,Growth,,0,1,德国,0,0,23/3/2026 09:32:16,23/3/2026 09:32:16
1750,2022,600999,国外,冀泽联房地产开发科技公司,,,,,,0,0,,,证券,金融业,Zurich,Toronto,,ASX,Prime,,0,1,德国,0,0,23/3/2026 09:32:16,23/3/2026 09:32:16
1751,2022,2297,国外,北通启综合开发科技公司,,,,,,0,0,,,其他非金属制品业,非金属矿物制品业,Ontario,Sydney,,SGX,Main Board,,0,1,法国,0,0,23/3/2026 09:32:16,23/3/2026 09:32:16
1753,2022,2599,国外,恒芯启建设开发股份公司,,,,,,0,0,,,印刷和记录媒介复制业,印刷和记录媒介复制业,Zurich,Sydney,,NASDAQ,Standard,,0,1,德国,0,0,23/3/2026 09:32:16,23/3/2026 09:32:16
1754,2022,601126,国外,长桥航能源科技公司,,,,,,0,0,,,电机制造业,商业电气机械和器材制造业,Zurich,Frankfurt,,TSE,NASDAQ Global Select,,0,1,德国,0,0,23/3/2026 09:32:16,23/3/2026 09:32:16
1761,2022,2490,国外,启车泽传媒控股公司,,,,,,0,0,,,其他专用设备制造业,专用设备制造业,California,,,TSE,Standard,,0,1,德国,0,0,23/3/2026 09:32:16,23/3/2026 09:32:16
1762,2022,2419,国外,众新骏贸易有限公司,,,,,,0,0,,,零售业,批发和零售业,Zurich,,,XETRA,Main Board,,0,1,英国,0,0,23/3/2026 09:32:16,23/3/2026 09:32:16
1763,2022,300353,国外,北白骏城市发展控股公司,,,,,,0,0,,,通信传输设备业,通信传输设备业,,Tokyo,,NASDAQ,Prime,,0,1,法国,0,0,23/3/2026 09:32:16,23/3/2026 09:32:16
1765,2022,2506,国外,高晋景电器股份公司,,,,,,0,0,,,半导体专用设备制造业,专用设备制造业,New South Wales,Sydney,,NYSE,NASDAQ Global Select,,0,1,法国,0,0,23/3/2026 09:32:16,23/3/2026 09:32:16
1768,2022,2301,国外,招电泽财富管理集团公司,,,,,,0,0,,,文教、工美、体育和娱乐用品制造业,文教、工美、体育和娱乐用品制造业,,Frankfurt,,NYSE,Prime,,0,1,英国,0,0,23/3/2026 09:32:16,23/3/2026 09:32:16
1770,2022,601989,国外,万白盛电子股份公司,,,,,,0,0,,,船舶,铁路、船舶、航空航天和其他运输设备制造业,Ontario,Toronto,,SGX,Prime,,0,1,英国,0,0,23/3/2026 09:32:16,23/3/2026 09:32:16
1773,2022,2365,国外,明尹创建设开发发展公司,,,,,,0,0,,,制药,医药制造业,Tokyo,Singapore,,ASX,,,0,1,德国,0,0,23/3/2026 09:32:16,23/3/2026 09:32:16
1776,2022,2350,国外,招阳泽建筑设计公司,,,,,,0,0,,,电机制造业,商业电气机械和器材制造业,Bavaria,Tokyo,,TSE,Prime,,0,1,法国,0,0,23/3/2026 09:32:16,23/3/2026 09:32:16
1778,2022,2305,国外,恒新盛建筑设计控股公司,,,,,,0,0,,,商业地产,房地产业,Bavaria,Tokyo,,ASX,Prime,,0,1,英国,0,0,23/3/2026 09:32:16,23/3/2026 09:32:16
1784,2022,2309,国外,远课创零售发展公司,,,,,,0,0,,,光伏制造业,商业电气机械和器材制造业,,Tokyo,,NYSE,Standard,,0,1,英国,0,0,23/3/2026 09:32:16,23/3/2026 09:32:16
1785,2022,601299,国外,润芯拓房地产开发科技公司,,,,,,0,0,,,机械设备,,New South Wales,,,NYSE,,,0,1,法国,0,0,23/3/2026 09:32:16,23/3/2026 09:32:16
1788,2022,2523,国外,华芯创数据服务集团公司,,,,,,0,0,,,通用设备制造业,通用设备制造业,Bavaria,Frankfurt,,TSE,Main Board,,0,1,英国,0,0,23/3/2026 09:32:16,23/3/2026 09:32:16
1792,2022,2316,国外,万环锦实业集团公司,,,,,,0,0,,,软件和信息技术服务,信息传输、软件和信息技术服务业,California,Tokyo,,SGX,NASDAQ Global Select,,0,1,德国,0,0,23/3/2026 09:32:16,23/3/2026 09:32:16
1795,2022,2318,国外,北禾盛电子控股公司,,,,,,0,0,,,金属制品业,金属制品业,,Sydney,,TSE,Growth,,0,1,英国,0,0,23/3/2026 09:32:16,23/3/2026 09:32:16
1800,2022,2321,国外,科控拓零售公司,,,,,,0,0,,,牧业,农、林、牧、渔业,California,Toronto,,LSE,Prime,,0,1,法国,0,0,23/3/2026 09:32:16,23/3/2026 09:32:16
1802,2022,300001,国外,星锦瀚批发发展公司,,,,,,0,0,,,电机制造业,商业电气机械和器材制造业,California,New York,,LSE,NASDAQ Global Select,,0,1,德国,0,0,23/3/2026 09:32:16,23/3/2026 09:32:16
1803,2022,2325,国外,恒通智城市发展控股公司,,,,,,0,0,,,建筑装饰,建筑业,Ontario,Toronto,,,Main Board,,0,1,德国,0,0,23/3/2026 09:32:16,23/3/2026 09:32:16
1805,2022,300004,国外,绿阳联船舶股份公司,,,,,,0,0,,,通用设备制造业,通用设备制造业,California,Sydney,,ASX,NASDAQ Global Select,,0,1,德国,0,0,23/3/2026 09:32:16,23/3/2026 09:32:16
1806,2022,300008,国外,华禾盛化工公司,,,,,,0,0,,,土木工程,建筑业,Ontario,Toronto,,,Main Board,,0,1,英国,0,0,23/3/2026 09:32:16,23/3/2026 09:32:16
1810,2022,300014,国外,润电迈金融发展公司,,,,,,0,0,,,电池制造业,商业电气机械和器材制造业,England,Toronto,,SGX,Prime,,0,1,德国,0,0,23/3/2026 09:32:16,23/3/2026 09:32:16
1813,2022,300005,国外,招白远医药发展公司,,,,,,0,0,,,纺织鞋服业,纺织鞋服业,Zurich,Frankfurt,,XETRA,,,0,1,英国,0,0,23/3/2026 09:32:16,23/3/2026 09:32:16
1818,2022,300012,国外,碧业泰数据服务集团公司,,,,,,0,0,,,其他科研技术服务,科学研究和技术服务业,California,Toronto,,ASX,NASDAQ Global Select,,0,1,法国,0,0,23/3/2026 09:32:16,23/3/2026 09:32:16
1819,2022,300018,国外,花达盛新能源汽车控股公司,,,,,,0,0,,,电机制造业,商业电气机械和器材制造业,Zurich,Singapore,,LSE,NASDAQ Global Select,,0,1,德国,0,0,23/3/2026 09:32:16,23/3/2026 09:32:16
1820,2022,300071,国外,启桥盛贸易发展公司,,,,,,0,0,,,商务服务业,租赁和商务服务业,Bavaria,London,,NASDAQ,Standard,,0,1,德国,0,0,23/3/2026 09:32:16,23/3/2026 09:32:16
1828,2022,300021,国外,星桥瀚置业有限公司,,,,,,0,0,,,塑料制品,橡胶和塑料制品业,Ontario,,,XETRA,Main Board,,0,1,法国,0,0,23/3/2026 09:32:16,23/3/2026 09:32:16
1831,2022,601877,国外,长园联贸易科技公司,,,,,,0,0,,,电机制造业,商业电气机械和器材制造业,New South Wales,Frankfurt,,SGX,Main Board,,0,1,英国,0,0,23/3/2026 09:32:16,23/3/2026 09:32:16
1832,2022,300027,国外,星桥泽零售发展公司,,,,,,0,0,,,文化、体育和娱乐业,文化、体育和娱乐业,California,Sydney,,XETRA,Standard,,0,1,英国,0,0,23/3/2026 09:32:16,23/3/2026 09:32:16
1846,2022,2335,国外,招阳泰贸易控股公司,,,,,,0,0,,,互联网和相关服务,信息传输、软件和信息技术服务业,,New York,,ASX,Main Board,,0,1,法国,0,0,23/3/2026 09:32:16,23/3/2026 09:32:16
1848,2022,2340,国外,瑞控智零售公司,,,,,,0,0,,,废弃资源综合利用业,废弃资源综合利用业,,Sydney,,SGX,Standard,,0,1,英国,0,0,23/3/2026 09:32:16,23/3/2026 09:32:16
1850,2022,2339,国外,联源启建筑设计发展公司,,,,,,0,0,,,电机制造业,商业电气机械和器材制造业,,Frankfurt,,NYSE,NASDAQ Global Select,,0,1,德国,0,0,23/3/2026 09:32:16,23/3/2026 09:32:16
1853,2022,300031,国外,盛澜盛电器发展公司,,,,,,0,0,,,互联网和相关服务,信息传输、软件和信息技术服务业,,Frankfurt,,SGX,Prime,,0,1,英国,0,0,23/3/2026 09:32:16,23/3/2026 09:32:16
1855,2022,2342,国外,润城科综合开发科技公司,,,,,,0,0,,,金属制品业,金属制品业,New South Wales,,,LSE,NASDAQ Global Select,,0,1,德国,0,0,23/3/2026 09:32:16,23/3/2026 09:32:16
1856,2022,2538,国外,保工置零售股份公司,,,,,,0,0,,,化肥,化学原料和化学制品制造业,California,New York,,XETRA,Standard,,0,1,德国,0,0,23/3/2026 09:32:16,23/3/2026 09:32:16
1861,2022,2348,国外,新白拓零售股份公司,,,,,,0,0,,,文教、工美、体育和娱乐用品制造业,文教、工美、体育和娱乐用品制造业,,Frankfurt,,LSE,,,0,1,法国,0,0,23/3/2026 09:32:16,23/3/2026 09:32:16
1863,2022,300034,国外,润业迈化工控股公司,,,,,,0,0,,,有色金属冶炼和压延加工业,金属冶炼和压延加工业,,London,,LSE,Prime,,0,1,法国,0,0,23/3/2026 09:32:16,23/3/2026 09:32:16
1868,2022,2352,国外,长桥泽金融控股公司,,,,,,0,0,,,邮政业,交通运输、仓储和邮政业,California,Toronto,,ASX,NASDAQ Global Select,,0,1,德国,0,0,23/3/2026 09:32:16,23/3/2026 09:32:16
1874,2022,300035,国外,万酷泰金融集团公司,,,,,,0,0,,,电池制造业,商业电气机械和器材制造业,England,Tokyo,,NYSE,Growth,,0,1,法国,0,0,23/3/2026 09:32:16,23/3/2026 09:32:16
1876,2022,300036,国外,高源盛连锁科技公司,,,,,,0,0,,,软件和信息技术服务,信息传输、软件和信息技术服务业,Ontario,Sydney,,TSX,Growth,,0,1,德国,0,0,23/3/2026 09:32:16,23/3/2026 09:32:16
1879,2022,2358,国外,凯澜创能源公司,,,,,,0,0,,,电机制造业,商业电气机械和器材制造业,Zurich,,,NASDAQ,Prime,,0,1,英国,0,0,23/3/2026 09:32:16,23/3/2026 09:32:16
1881,2022,300041,国外,远晋智玻璃控股公司,,,,,,0,0,,,精细化工,化学原料和化学制品制造业,Tokyo,Sydney,,NASDAQ,Growth,,0,1,英国,0,0,23/3/2026 09:32:16,23/3/2026 09:32:16
1891,2022,601058,国外,新酷拓集成电路有限公司,,,,,,0,0,,,汽车零部件制造业,汽车制造业,Bavaria,Frankfurt,,SGX,Standard,,0,1,英国,0,0,23/3/2026 09:32:16,23/3/2026 09:32:16
1893,2022,2364,国外,盛课景金融科技公司,,,,,,0,0,,,电机制造业,商业电气机械和器材制造业,Tokyo,Frankfurt,,TSX,,,0,1,法国,0,0,23/3/2026 09:32:16,23/3/2026 09:32:16
1896,2022,2366,国外,新电泰综合开发公司,,,,,,0,0,,,其他专用设备制造业,专用设备制造业,Tokyo,Singapore,,TSE,Standard,,0,1,德国,0,0,23/3/2026 09:32:16,23/3/2026 09:32:16
1905,2022,2371,国外,比业禾传媒科技公司,,,,,,0,0,,,半导体专用设备制造业,专用设备制造业,Zurich,,,,Main Board,,0,1,德国,0,0,23/3/2026 09:32:16,23/3/2026 09:32:16
1906,2022,300048,国外,高锦禾生物科技股份公司,,,,,,0,0,,,电机制造业,商业电气机械和器材制造业,,London,,LSE,Prime,,0,1,法国,0,0,23/3/2026 09:32:16,23/3/2026 09:32:16
1908,2022,2380,国外,恒桥澜房地产开发有限公司,,,,,,0,0,,,软件和信息技术服务,信息传输、软件和信息技术服务业,England,Frankfurt,,SGX,Standard,,0,1,德国,0,0,23/3/2026 09:32:16,23/3/2026 09:32:16
1909,2022,2566,国外,碧阳迈医药科技公司,,,,,,0,0,,,制药,医药制造业,New South Wales,Tokyo,,NYSE,Main Board,,0,1,德国,0,0,23/3/2026 09:32:16,23/3/2026 09:32:16
1911,2022,2376,国外,物达远能源集团公司,,,,,,0,0,,,其他专用设备制造业,专用设备制造业,Tokyo,London,,NYSE,,,0,1,德国,0,0,23/3/2026 09:32:16,23/3/2026 09:32:16
1912,2022,2397,国外,比业置化工公司,,,,,,0,0,,,纺织鞋服业,纺织鞋服业,New South Wales,Toronto,,ASX,Standard,,0,1,德国,0,0,23/3/2026 09:32:16,23/3/2026 09:32:16
1913,2022,601106,国外,远会禾医药发展公司,,,,,,0,0,,,其他专用设备制造业,专用设备制造业,Ontario,Singapore,,LSE,NASDAQ Global Select,,0,1,法国,0,0,23/3/2026 09:32:16,23/3/2026 09:32:16
1916,2022,300044,国外,冀业创实业有限公司,,,,,,0,0,,,软件和信息技术服务,信息传输、软件和信息技术服务业,Ontario,New York,,ASX,NASDAQ Global Select,,0,1,德国,0,0,23/3/2026 09:32:16,23/3/2026 09:32:16
1921,2022,2363,国外,比电泽生物科技公司,,,,,,0,0,,,汽车零部件制造业,汽车制造业,,Singapore,,SGX,Prime,,0,1,英国,0,0,23/3/2026 09:32:16,23/3/2026 09:32:16
1925,2022,300277,国外,碧海航电子发展公司,,,,,,0,0,,,软件和信息技术服务,信息传输、软件和信息技术服务业,Bavaria,Frankfurt,,,Growth,,0,1,德国,0,0,23/3/2026 09:32:16,23/3/2026 09:32:16
1926,2022,300051,国外,十达锦医药科技公司,,,,,,0,0,,,软件和信息技术服务,信息传输、软件和信息技术服务业,California,Toronto,,NYSE,,,0,1,德国,0,0,23/3/2026 09:32:16,23/3/2026 09:32:16
1927,2022,2392,国外,绿能拓电器控股公司,,,,,,0,0,,,耐火材料制品业,非金属矿物制品业,Tokyo,New York,,,Standard,,0,1,德国,0,0,23/3/2026 09:32:16,23/3/2026 09:32:16
1929,2022,2385,国外,联电拓医药发展公司,,,,,,0,0,,,食品业,食品饮料业,Tokyo,Tokyo,,SGX,Standard,,0,1,法国,0,0,23/3/2026 09:32:16,23/3/2026 09:32:16
1937,2022,2393,国外,万业润软件股份公司,,,,,,0,0,,,制药,医药制造业,England,Singapore,,SGX,Prime,,0,1,法国,0,0,23/3/2026 09:32:16,23/3/2026 09:32:16
1939,2022,2388,国外,十电瀚置业集团公司,,,,,,0,0,,,半导体业,半导体业,England,New York,,ASX,NASDAQ Global Select,,0,1,德国,0,0,23/3/2026 09:32:16,23/3/2026 09:32:16
1945,2022,2407,国外,长新源水务公司,,,,,,0,0,,,化工原料,化学原料和化学制品制造业,Bavaria,London,,ASX,Main Board,,0,1,英国,0,0,23/3/2026 09:32:16,23/3/2026 09:32:16
1948,2022,2389,国外,联桥润水务股份公司,,,,,,0,0,,,航空航天,铁路、船舶、航空航天和其他运输设备制造业,England,London,,XETRA,,,0,1,德国,0,0,23/3/2026 09:32:16,23/3/2026 09:32:16
1950,2022,2390,国外,招盈盛玻璃集团公司,,,,,,0,0,,,制药,医药制造业,California,Frankfurt,,TSX,,,0,1,法国,0,0,23/3/2026 09:32:16,23/3/2026 09:32:16
1951,2022,2391,国外,恒电盛化工集团公司,,,,,,0,0,,,农药,化学原料和化学制品制造业,Bavaria,Frankfurt,,TSX,Prime,,0,1,英国,0,0,23/3/2026 09:32:16,23/3/2026 09:32:16
1957,2022,2400,国外,保禾瀚化工公司,,,,,,0,0,,,商务服务业,租赁和商务服务业,Bavaria,Toronto,,TSX,Prime,,0,1,英国,0,0,23/3/2026 09:32:16,23/3/2026 09:32:16
1958,2022,2404,国外,星阳泽数据服务有限公司,,,,,,0,0,,,纺织鞋服业,纺织鞋服业,New South Wales,London,,SGX,Growth,,0,1,英国,0,0,23/3/2026 09:32:16,23/3/2026 09:32:16
1967,2022,601010,国外,星酷泰贸易股份公司,,,,,,0,0,,,零售业,批发和零售业,Ontario,New York,,NYSE,Growth,,0,1,英国,0,0,23/3/2026 09:32:16,23/3/2026 09:32:16
1972,2022,2414,国外,盛酷盛建设开发科技公司,,,,,,0,0,,,电子元件及设备,消费电子及电气业,Bavaria,London,,LSE,NASDAQ Global Select,,0,1,德国,0,0,23/3/2026 09:32:16,23/3/2026 09:32:16
1974,2022,300098,国外,启电盛实业发展公司,,,,,,0,0,,,软件和信息技术服务,信息传输、软件和信息技术服务业,Bavaria,Sydney,,SGX,,,0,1,英国,0,0,23/3/2026 09:32:16,23/3/2026 09:32:16
1978,2022,2433,国外,盛新拓实业科技公司,,,,,,0,0,,,制药,医药制造业,Zurich,Tokyo,,TSE,NASDAQ Global Select,,0,1,英国,0,0,23/3/2026 09:32:16,23/3/2026 09:32:16
1980,2022,2425,国外,众海拓连锁股份公司,,,,,,0,0,,,互联网和相关服务,信息传输、软件和信息技术服务业,Bavaria,Toronto,,SGX,,,0,1,英国,0,0,23/3/2026 09:32:16,23/3/2026 09:32:16
1982,2022,300065,国外,润园瀚财富管理科技公司,,,,,,0,0,,,船舶,铁路、船舶、航空航天和其他运输设备制造业,New South Wales,Sydney,,LSE,Prime,,0,1,法国,0,0,23/3/2026 09:32:16,23/3/2026 09:32:16
1988,2022,2422,国外,保园昌玻璃集团公司,,,,,,0,0,,,制药,医药制造业,England,New York,,NASDAQ,Prime,,0,1,法国,0,0,23/3/2026 09:32:16,23/3/2026 09:32:16
1991,2022,2442,国外,科阳骏连锁科技公司,,,,,,0,0,,,化工原料,化学原料和化学制品制造业,Ontario,Singapore,,TSX,Prime,,0,1,法国,0,0,23/3/2026 09:32:16,23/3/2026 09:32:16
1992,2022,2424,国外,远电迈连锁发展公司,,,,,,0,0,,,制药,医药制造业,California,Toronto,,SGX,Prime,,0,1,英国,0,0,23/3/2026 09:32:16,23/3/2026 09:32:16
1993,2022,2426,国外,明环瀚城市发展控股公司,,,,,,0,0,,,电子元件及设备,消费电子及电气业,Tokyo,Frankfurt,,,,,0,1,英国,0,0,23/3/2026 09:32:16,23/3/2026 09:32:16
1994,2022,2427,国外,凯禾景房地产开发集团公司,,,,,,0,0,,,化学纤维制造业,化学纤维制造业,,,,NYSE,,,0,1,法国,0,0,23/3/2026 09:32:16,23/3/2026 09:32:16
1999,2022,2644,国外,凯源景电器科技公司,,,,,,0,0,,,制药,医药制造业,,Singapore,,,,,0,1,法国,0,0,23/3/2026 09:32:16,23/3/2026 09:32:16
2004,2022,300070,国外,花课景城市发展发展公司,,,,,,0,0,,,水利、环境和公共设施管理业,水利、环境和公共设施管理业,Zurich,Tokyo,,LSE,,,0,1,英国,0,0,23/3/2026 09:32:16,23/3/2026 09:32:16
2011,2022,300105,国外,远达润化工公司,,,,,,0,0,,,电机制造业,商业电气机械和器材制造业,Bavaria,Sydney,,ASX,Standard,,0,1,德国,0,0,23/3/2026 09:32:16,23/3/2026 09:32:16
2014,2022,2435,国外,新阳启新材料科技公司,,,,,,0,0,,,制药,医药制造业,Zurich,New York,,,Prime,,0,1,英国,0,0,23/3/2026 09:32:16,23/3/2026 09:32:16
2018,2022,2622,国外,华锦泰置业股份公司,,,,,,0,0,,,电机制造业,商业电气机械和器材制造业,,New York,,,Prime,,0,1,德国,0,0,23/3/2026 09:32:16,23/3/2026 09:32:16
2019,2022,300080,国外,恒课禾能源公司,,,,,,0,0,,,电池制造业,商业电气机械和器材制造业,England,London,,NYSE,Prime,,0,1,英国,0,0,23/3/2026 09:32:16,23/3/2026 09:32:16
2021,2022,2613,国外,瑞园禾综合开发股份公司,,,,,,0,0,,,其他专用设备制造业,专用设备制造业,Ontario,Singapore,,ASX,NASDAQ Global Select,,0,1,德国,0,0,23/3/2026 09:32:16,23/3/2026 09:32:16
2022,2022,300078,国外,华达源水务公司,,,,,,0,0,,,电信、广播电视和卫星传输服务,信息传输、软件和信息技术服务业,Zurich,Sydney,,TSE,Standard,,0,1,法国,0,0,23/3/2026 09:32:16,23/3/2026 09:32:16
2026,2022,2439,国外,众泽盛通信发展公司,,,,,,0,0,,,软件和信息技术服务,信息传输、软件和信息技术服务业,Bavaria,,,,Growth,,0,1,英国,0,0,23/3/2026 09:32:16,23/3/2026 09:32:16
2027,2022,603002,国外,盛工澜通信股份公司,,,,,,0,0,,,半导体业,半导体业,New South Wales,New York,,XETRA,,,0,1,英国,0,0,23/3/2026 09:32:16,23/3/2026 09:32:16
2031,2022,2469,国外,保通润置业有限公司,,,,,,0,0,,,其他科研技术服务,科学研究和技术服务业,Bavaria,Singapore,,TSE,Standard,,0,1,英国,0,0,23/3/2026 09:32:16,23/3/2026 09:32:16
2033,2022,300235,国外,盛车禾电子科技公司,,,,,,0,0,,,软件和信息技术服务,信息传输、软件和信息技术服务业,Tokyo,New York,,TSE,,,0,1,英国,0,0,23/3/2026 09:32:16,23/3/2026 09:32:16
2035,2022,2444,国外,瑞车泽新能源汽车科技公司,,,,,,0,0,,,金属制品业,金属制品业,Tokyo,Tokyo,,LSE,NASDAQ Global Select,,0,1,德国,0,0,23/3/2026 09:32:16,23/3/2026 09:32:16
2041,2022,300101,国外,高工景房地产开发有限公司,,,,,,0,0,,,半导体业,半导体业,Bavaria,Singapore,,SGX,Growth,,0,1,英国,0,0,23/3/2026 09:32:16,23/3/2026 09:32:16
2042,2022,601118,国外,瑞阳润金融公司,,,,,,0,0,,,农业,农、林、牧、渔业,New South Wales,Singapore,,NYSE,NASDAQ Global Select,,0,1,法国,0,0,23/3/2026 09:32:16,23/3/2026 09:32:16
2044,2022,300091,国外,盛锦盛房地产开发科技公司,,,,,,0,0,,,通用设备制造业,通用设备制造业,Zurich,,,SGX,Prime,,0,1,德国,0,0,23/3/2026 09:32:16,23/3/2026 09:32:16
2045,2022,300081,国外,十芯航城市发展集团公司,,,,,,0,0,,,其他科研技术服务,科学研究和技术服务业,,Toronto,,NASDAQ,Prime,,0,1,英国,0,0,23/3/2026 09:32:16,23/3/2026 09:32:16
2047,2022,2458,国外,远盈锦电器科技公司,,,,,,0,0,,,牧业,农、林、牧、渔业,,Tokyo,,NYSE,Main Board,,0,1,英国,0,0,23/3/2026 09:32:16,23/3/2026 09:32:16
2050,2022,300088,国外,星晋禾环境科技有限公司,,,,,,0,0,,,电子元件及设备,消费电子及电气业,Bavaria,New York,,LSE,,,0,1,英国,0,0,23/3/2026 09:32:16,23/3/2026 09:32:16
2051,2022,300090,国外,比车科建筑设计有限公司,,,,,,0,0,,,公用事业,,California,Tokyo,,TSE,Growth,,0,1,德国,0,0,23/3/2026 09:32:16,23/3/2026 09:32:16
2053,2022,2457,国外,华园科水电有限公司,,,,,,0,0,,,其他非金属制品业,非金属矿物制品业,Tokyo,New York,,TSX,NASDAQ Global Select,,0,1,英国,0,0,23/3/2026 09:32:16,23/3/2026 09:32:16
2065,2022,2462,国外,明晋科置业发展公司,,,,,,0,0,,,批发业,批发和零售业,New South Wales,Frankfurt,,,Main Board,,0,1,法国,0,0,23/3/2026 09:32:16,23/3/2026 09:32:16
2067,2022,300093,国外,十新科实业有限公司,,,,,,0,0,,,玻璃制品业,非金属矿物制品业,Ontario,New York,,,Main Board,,0,1,英国,0,0,23/3/2026 09:32:16,23/3/2026 09:32:16
2070,2022,300253,国外,众业泰综合开发控股公司,,,,,,0,0,,,软件和信息技术服务,信息传输、软件和信息技术服务业,England,Tokyo,,LSE,,,0,1,英国,0,0,23/3/2026 09:32:16,23/3/2026 09:32:16
2073,2022,300124,国外,新城润医药有限公司,,,,,,0,0,,,电机制造业,商业电气机械和器材制造业,Ontario,Singapore,,TSE,Standard,,0,1,英国,0,0,23/3/2026 09:32:16,23/3/2026 09:32:16
2075,2022,300321,国外,保芯源实业有限公司,,,,,,0,0,,,塑料制品,橡胶和塑料制品业,Ontario,London,,,,,0,1,德国,0,0,23/3/2026 09:32:16,23/3/2026 09:32:16
2077,2022,300245,国外,恒阳源连锁发展公司,,,,,,0,0,,,软件和信息技术服务,信息传输、软件和信息技术服务业,New South Wales,Singapore,,TSE,,,0,1,法国,0,0,23/3/2026 09:32:16,23/3/2026 09:32:16
2079,2022,300100,国外,恒环锦船舶有限公司,,,,,,0,0,,,汽车零部件制造业,汽车制造业,England,Sydney,,XETRA,Growth,,0,1,法国,0,0,23/3/2026 09:32:16,23/3/2026 09:32:16
2080,2022,2496,国外,星锦源贸易集团公司,,,,,,0,0,,,农药,化学原料和化学制品制造业,England,Sydney,,TSE,NASDAQ Global Select,,0,1,法国,0,0,23/3/2026 09:32:16,23/3/2026 09:32:16
2081,2022,300103,国外,明桥启金融控股公司,,,,,,0,0,,,水利、环境和公共设施管理业,水利、环境和公共设施管理业,Bavaria,Frankfurt,,NASDAQ,Growth,,0,1,德国,0,0,23/3/2026 09:32:16,23/3/2026 09:32:16
2084,2022,601018,国外,物能盛电子科技公司,,,,,,0,0,,,水路交通运输业,交通运输、仓储和邮政业,Bavaria,Sydney,,NYSE,NASDAQ Global Select,,0,1,法国,0,0,23/3/2026 09:32:16,23/3/2026 09:32:16
2091,2022,300173,国外,高控源零售股份公司,,,,,,0,0,,,其他专用设备制造业,专用设备制造业,Zurich,Sydney,,TSE,Growth,,0,1,英国,0,0,23/3/2026 09:32:16,23/3/2026 09:32:16
2097,2022,603003,国外,众业锦通信公司,,,,,,0,0,,,批发业,批发和零售业,Tokyo,Frankfurt,,TSE,Prime,,0,1,德国,0,0,23/3/2026 09:32:16,23/3/2026 09:32:16
2100,2022,300113,国外,盛白源船舶公司,,,,,,0,0,,,互联网和相关服务,信息传输、软件和信息技术服务业,Ontario,Toronto,,SGX,,,0,1,英国,0,0,23/3/2026 09:32:16,23/3/2026 09:32:16
2104,2022,300129,国外,凯盈骏城市发展集团公司,,,,,,0,0,,,电机制造业,商业电气机械和器材制造业,Tokyo,Sydney,,SGX,,,0,1,德国,0,0,23/3/2026 09:32:16,23/3/2026 09:32:16
2107,2022,300109,国外,物通景水务集团公司,,,,,,0,0,,,精细化工,化学原料和化学制品制造业,New South Wales,London,,NASDAQ,,,0,1,英国,0,0,23/3/2026 09:32:16,23/3/2026 09:32:16
2109,2022,300117,国外,新源骏集成电路有限公司,,,,,,0,0,,,建筑装饰,建筑业,Ontario,Singapore,,TSX,Standard,,0,1,法国,0,0,23/3/2026 09:32:16,23/3/2026 09:32:16
2115,2022,2473,国外,万阳置新材料有限公司,,,,,,0,0,,,家用电器,,New South Wales,Toronto,,LSE,Prime,,0,1,德国,0,0,23/3/2026 09:32:16,23/3/2026 09:32:16
2116,2022,2527,国外,绿达景电子集团公司,,,,,,0,0,,,电机制造业,商业电气机械和器材制造业,,Tokyo,,LSE,Standard,,0,1,法国,0,0,23/3/2026 09:32:16,23/3/2026 09:32:16
2120,2022,2569,国外,新环置贸易发展公司,,,,,,0,0,,,纺织鞋服业,纺织鞋服业,Bavaria,London,,TSE,,,0,1,德国,0,0,23/3/2026 09:32:16,23/3/2026 09:32:16
2129,2022,2481,国外,联芯泽水电有限公司,,,,,,0,0,,,食品业,食品饮料业,Ontario,New York,,TSE,Prime,,0,1,法国,0,0,23/3/2026 09:32:16,23/3/2026 09:32:16
2131,2022,300119,国外,碧锦泽软件股份公司,,,,,,0,0,,,生物科技,医药制造业,New South Wales,New York,,TSE,NASDAQ Global Select,,0,1,德国,0,0,23/3/2026 09:32:16,23/3/2026 09:32:16
2132,2022,601818,国外,高芯泽船舶集团公司,,,,,,0,0,,,银行,金融业,,Singapore,,NASDAQ,Prime,,0,1,法国,0,0,23/3/2026 09:32:16,23/3/2026 09:32:16
2133,2022,300125,国外,科酷景批发股份公司,,,,,,0,0,,,光伏制造业,商业电气机械和器材制造业,Bavaria,Singapore,,NASDAQ,,,0,1,英国,0,0,23/3/2026 09:32:16,23/3/2026 09:32:16
2137,2022,2500,国外,启会创环境科技集团公司,,,,,,0,0,,,证券,金融业,New South Wales,,,ASX,Standard,,0,1,德国,0,0,23/3/2026 09:32:16,23/3/2026 09:32:16
2142,2022,2487,国外,比桥盛船舶科技公司,,,,,,0,0,,,金属制品业,金属制品业,Bavaria,Frankfurt,,XETRA,Growth,,0,1,法国,0,0,23/3/2026 09:32:16,23/3/2026 09:32:16
2143,2022,2495,国外,绿工源集成电路有限公司,,,,,,0,0,,,食品业,食品饮料业,England,Toronto,,NYSE,Standard,,0,1,法国,0,0,23/3/2026 09:32:16,23/3/2026 09:32:16
2144,2022,2615,国外,润新智综合开发公司,,,,,,0,0,,,金属制品业,金属制品业,New South Wales,Sydney,,LSE,Prime,,0,1,德国,0,0,23/3/2026 09:32:16,23/3/2026 09:32:16
2146,2022,600998,国外,万课泽环境科技发展公司,,,,,,0,0,,,批发业,批发和零售业,Bavaria,New York,,SGX,Main Board,,0,1,法国,0,0,23/3/2026 09:32:16,23/3/2026 09:32:16
2148,2022,2493,国外,润泽拓玻璃股份公司,,,,,,0,0,,,化学纤维制造业,化学纤维制造业,Zurich,Tokyo,,SGX,NASDAQ Global Select,,0,1,英国,0,0,23/3/2026 09:32:16,23/3/2026 09:32:16
2151,2022,2483,国外,高源澜零售集团公司,,,,,,0,0,,,通用设备制造业,通用设备制造业,England,Tokyo,,NASDAQ,NASDAQ Global Select,,0,1,英国,0,0,23/3/2026 09:32:16,23/3/2026 09:32:16
2162,2022,300137,国外,十园迈批发集团公司,,,,,,0,0,,,仪器仪表制造业,仪器仪表制造业,,London,,TSE,,,0,1,德国,0,0,23/3/2026 09:32:16,23/3/2026 09:32:16
2167,2022,300136,国外,瑞源智船舶公司,,,,,,0,0,,,通信传输设备业,通信传输设备业,,,,LSE,Prime,,0,1,法国,0,0,23/3/2026 09:32:16,23/3/2026 09:32:16
2171,2022,2501,国外,明控昌建筑设计控股公司,,,,,,0,0,,,有色金属冶炼和压延加工业,金属冶炼和压延加工业,California,Frankfurt,,SGX,,,0,1,法国,0,0,23/3/2026 09:32:16,23/3/2026 09:32:16
2174,2022,300140,国外,招业联化工股份公司,,,,,,0,0,,,其他专用设备制造业,专用设备制造业,,New York,,NASDAQ,Prime,,0,1,法国,0,0,23/3/2026 09:32:16,23/3/2026 09:32:16
2175,2022,2511,国外,瑞控润能源公司,,,,,,0,0,,,造纸和纸制品业,造纸和纸制品业,Ontario,London,,,Growth,,0,1,德国,0,0,23/3/2026 09:32:16,23/3/2026 09:32:16
2176,2022,2510,国外,万锦科批发控股公司,,,,,,0,0,,,汽车零部件制造业,汽车制造业,California,Singapore,,TSE,NASDAQ Global Select,,0,1,英国,0,0,23/3/2026 09:32:16,23/3/2026 09:32:16
2181,2022,2738,国外,凯尹航城市发展发展公司,,,,,,0,0,,,其他科研技术服务,科学研究和技术服务业,Zurich,London,,,,,0,1,法国,0,0,23/3/2026 09:32:16,23/3/2026 09:32:16
2182,2022,300154,国外,恒通智环境科技科技公司,,,,,,0,0,,,通用设备制造业,通用设备制造业,Bavaria,New York,,,Prime,,0,1,德国,0,0,23/3/2026 09:32:16,23/3/2026 09:32:16
2186,2022,300144,国外,比桥骏贸易股份公司,,,,,,0,0,,,文化、体育和娱乐业,文化、体育和娱乐业,Zurich,New York,,SGX,Standard,,0,1,英国,0,0,23/3/2026 09:32:16,23/3/2026 09:32:16
2187,2022,300143,国外,碧源拓传媒公司,,,,,,0,0,,,卫生和社会工作,卫生和社会工作,Tokyo,Toronto,,NASDAQ,Main Board,,0,1,英国,0,0,23/3/2026 09:32:16,23/3/2026 09:32:16
2189,2022,2514,国外,润尹润连锁集团公司,,,,,,0,0,,,金属制品业,金属制品业,New South Wales,Tokyo,,LSE,Growth,,0,1,德国,0,0,23/3/2026 09:32:16,23/3/2026 09:32:16
2191,2022,2513,国外,比酷泽生物科技有限公司,,,,,,0,0,,,农药,化学原料和化学制品制造业,,Tokyo,,,Main Board,,0,1,德国,0,0,23/3/2026 09:32:16,23/3/2026 09:32:16
2196,2022,300148,国外,华课置城市发展控股公司,,,,,,0,0,,,互联网和相关服务,信息传输、软件和信息技术服务业,Zurich,Toronto,,SGX,NASDAQ Global Select,,0,1,德国,0,0,23/3/2026 09:32:16,23/3/2026 09:32:16
2198,2022,2512,国外,高晋景能源公司,,,,,,0,0,,,家用电器,消费电子及电气业,,Toronto,,NASDAQ,NASDAQ Global Select,,0,1,德国,0,0,23/3/2026 09:32:16,23/3/2026 09:32:16
2202,2022,2517,国外,北工盛建筑设计集团公司,,,,,,0,0,,,互联网和相关服务,信息传输、软件和信息技术服务业,Zurich,New York,,LSE,Standard,,0,1,德国,0,0,23/3/2026 09:32:16,23/3/2026 09:32:16
2215,2022,2524,国外,招尹澜新能源汽车科技公司,,,,,,0,0,,,卫生和社会工作,卫生和社会工作,,New York,,NASDAQ,NASDAQ Global Select,,0,1,德国,0,0,23/3/2026 09:32:16,23/3/2026 09:32:16
2218,2022,300153,国外,凯城禾贸易集团公司,,,,,,0,0,,,电子元件及设备,消费电子及电气业,Ontario,New York,,LSE,Prime,,0,1,德国,0,0,23/3/2026 09:32:16,23/3/2026 09:32:16
2219,2022,2526,国外,保达拓生物科技科技公司,,,,,,0,0,,,其他专用设备制造业,专用设备制造业,Zurich,,,XETRA,Standard,,0,1,英国,0,0,23/3/2026 09:32:16,23/3/2026 09:32:16
2226,2022,2540,国外,盛芯迈建筑设计科技公司,,,,,,0,0,,,有色金属冶炼和压延加工业,金属冶炼和压延加工业,Bavaria,,,LSE,Prime,,0,1,德国,0,0,23/3/2026 09:32:16,23/3/2026 09:32:16
2227,2022,2702,国外,冀会盛房地产开发股份公司,,,,,,0,0,,,食品业,食品饮料业,Bavaria,New York,,TSE,Standard,,0,1,德国,0,0,23/3/2026 09:32:16,23/3/2026 09:32:16
2228,2022,2567,国外,润课智能源有限公司,,,,,,0,0,,,食品业,食品饮料业,California,Singapore,,TSX,Prime,,0,1,法国,0,0,23/3/2026 09:32:16,23/3/2026 09:32:16
2231,2022,300159,国外,物会智财富管理发展公司,,,,,,0,0,,,其他专用设备制造业,专用设备制造业,New South Wales,London,,,NASDAQ Global Select,,0,1,法国,0,0,23/3/2026 09:32:16,23/3/2026 09:32:16
2232,2022,300165,国外,启阳启城市发展集团公司,,,,,,0,0,,,仪器仪表制造业,仪器仪表制造业,England,Singapore,,SGX,Growth,,0,1,英国,0,0,23/3/2026 09:32:16,23/3/2026 09:32:16
2237,2022,300163,国外,启电锦建筑设计科技公司,,,,,,0,0,,,纺织鞋服业,纺织鞋服业,Zurich,London,,XETRA,Main Board,,0,1,英国,0,0,23/3/2026 09:32:16,23/3/2026 09:32:16
2241,2022,2539,国外,明业瀚玻璃发展公司,,,,,,0,0,,,化肥,化学原料和化学制品制造业,Ontario,Sydney,,NASDAQ,Main Board,,0,1,法国,0,0,23/3/2026 09:32:16,23/3/2026 09:32:16
2242,2022,601890,国外,物海润置业公司,,,,,,0,0,,,船舶,铁路、船舶、航空航天和其他运输设备制造业,Tokyo,New York,,TSE,Main Board,,0,1,英国,0,0,23/3/2026 09:32:16,23/3/2026 09:32:16
2245,2022,300174,国外,十控盛建筑设计股份公司,,,,,,0,0,,,化工原料,化学原料和化学制品制造业,California,Toronto,,NYSE,NASDAQ Global Select,,0,1,法国,0,0,23/3/2026 09:32:16,23/3/2026 09:32:16
2247,2022,300167,国外,碧控航水务有限公司,,,,,,0,0,,,软件和信息技术服务,信息传输、软件和信息技术服务业,Ontario,New York,,,NASDAQ Global Select,,0,1,法国,0,0,23/3/2026 09:32:16,23/3/2026 09:32:16
2251,2022,300194,国外,碧桥禾建设开发控股公司,,,,,,0,0,,,制药,医药制造业,Ontario,Singapore,,TSX,,,0,1,法国,0,0,23/3/2026 09:32:16,23/3/2026 09:32:16
2255,2022,2550,国外,保盈拓通信科技公司,,,,,,0,0,,,制药,医药制造业,California,Sydney,,NYSE,Prime,,0,1,英国,0,0,23/3/2026 09:32:16,23/3/2026 09:32:16
2259,2022,2570,国外,十尹航传媒控股公司,,,,,,0,0,,,食品业,食品饮料业,New South Wales,Frankfurt,,TSX,Growth,,0,1,法国,0,0,23/3/2026 09:32:16,23/3/2026 09:32:16
2262,2022,300178,国外,冀新瀚通信集团公司,,,,,,0,0,,,休闲服务,,,Frankfurt,,NYSE,Standard,,0,1,法国,0,0,23/3/2026 09:32:16,23/3/2026 09:32:16
2267,2022,601137,国外,保尹泽贸易集团公司,,,,,,0,0,,,有色金属冶炼和压延加工业,金属冶炼和压延加工业,Zurich,,,TSX,Prime,,0,1,英国,0,0,23/3/2026 09:32:16,23/3/2026 09:32:16
2268,2022,300216,国外,华通联财富管理股份公司,,,,,,0,0,,,医药生物,,Tokyo,Toronto,,TSE,,,0,1,法国,0,0,23/3/2026 09:32:16,23/3/2026 09:32:16
2271,2022,300197,国外,高业置综合开发集团公司,,,,,,0,0,,,水利、环境和公共设施管理业,水利、环境和公共设施管理业,California,Sydney,,NYSE,Prime,,0,1,德国,0,0,23/3/2026 09:32:16,23/3/2026 09:32:16
2272,2022,2543,国外,长能启金融公司,,,,,,0,0,,,家用电器,消费电子及电气业,Zurich,Singapore,,,Growth,,0,1,英国,0,0,23/3/2026 09:32:16,23/3/2026 09:32:16
2276,2022,601799,国外,招城源水电发展公司,,,,,,0,0,,,汽车零部件制造业,汽车制造业,England,Sydney,,NYSE,NASDAQ Global Select,,0,1,德国,0,0,23/3/2026 09:32:16,23/3/2026 09:32:16
2280,2022,601616,国外,凯环远贸易集团公司,,,,,,0,0,,,电机制造业,商业电气机械和器材制造业,Tokyo,Singapore,,LSE,NASDAQ Global Select,,0,1,德国,0,0,23/3/2026 09:32:16,23/3/2026 09:32:16
2285,2022,2548,国外,花城禾集成电路公司,,,,,,0,0,,,食品业,食品饮料业,California,London,,TSE,NASDAQ Global Select,,0,1,英国,0,0,23/3/2026 09:32:16,23/3/2026 09:32:16
2288,2022,2559,国外,科盈泰零售股份公司,,,,,,0,0,,,通用设备制造业,通用设备制造业,Bavaria,Toronto,,SGX,Main Board,,0,1,法国,0,0,23/3/2026 09:32:16,23/3/2026 09:32:16
2289,2022,601216,国外,比晋联贸易股份公司,,,,,,0,0,,,化工原料,化学原料和化学制品制造业,California,London,,NYSE,Main Board,,0,1,法国,0,0,23/3/2026 09:32:16,23/3/2026 09:32:16
2292,2022,300205,国外,启锦润建筑设计公司,,,,,,0,0,,,其他制造业,其他制造业,Ontario,Singapore,,LSE,Standard,,0,1,德国,0,0,23/3/2026 09:32:16,23/3/2026 09:32:16
2293,2022,300220,国外,润酷润财富管理控股公司,,,,,,0,0,,,其他制造业,其他制造业,New South Wales,Toronto,,XETRA,Main Board,,0,1,英国,0,0,23/3/2026 09:32:16,23/3/2026 09:32:16
2300,2022,300345,国外,新控拓连锁股份公司,,,,,,0,0,,,金属制品业,金属制品业,Tokyo,New York,,TSE,NASDAQ Global Select,,0,1,法国,0,0,23/3/2026 09:32:16,23/3/2026 09:32:16
2301,2022,300185,国外,高澜昌船舶集团公司,,,,,,0,0,,,通用设备制造业,通用设备制造业,Tokyo,Tokyo,,NYSE,Standard,,0,1,英国,0,0,23/3/2026 09:32:16,23/3/2026 09:32:16
2302,2022,2556,国外,冀电远软件公司,,,,,,0,0,,,零售业,批发和零售业,England,Singapore,,NYSE,,,0,1,英国,0,0,23/3/2026 09:32:16,23/3/2026 09:32:16
2304,2022,601011,国外,碧课航电子股份公司,,,,,,0,0,,,石油加工、炼焦和核燃料加工业,石油加工、炼焦和核燃料加工业,,New York,,XETRA,Prime,,0,1,法国,0,0,23/3/2026 09:32:16,23/3/2026 09:32:16
2305,2022,2560,国外,北尹泰金融科技公司,,,,,,0,0,,,光纤电缆制造业,商业电气机械和器材制造业,New South Wales,New York,,NASDAQ,,,0,1,英国,0,0,23/3/2026 09:32:16,23/3/2026 09:32:16
2307,2022,2565,国外,联酷盛财富管理发展公司,,,,,,0,0,,,造纸和纸制品业,造纸和纸制品业,England,Toronto,,NASDAQ,Main Board,,0,1,德国,0,0,23/3/2026 09:32:16,23/3/2026 09:32:16
2308,2022,2577,国外,联城景医药公司,,,,,,0,0,,,智能消费设备,消费电子及电气业,Zurich,Frankfurt,,LSE,Main Board,,0,1,法国,0,0,23/3/2026 09:32:16,23/3/2026 09:32:16
2309,2022,300375,国外,明盈泰环境科技公司,,,,,,0,0,,,汽车零部件制造业,汽车制造业,California,Frankfurt,,SGX,Standard,,0,1,英国,0,0,23/3/2026 09:32:16,23/3/2026 09:32:16
2311,2022,300192,国外,华白盛房地产开发有限公司,,,,,,0,0,,,教育,教育,Ontario,Tokyo,,,Prime,,0,1,英国,0,0,23/3/2026 09:32:16,23/3/2026 09:32:16
2320,2022,2562,国外,科新启连锁集团公司,,,,,,0,0,,,制药,医药制造业,Bavaria,Frankfurt,,LSE,,,0,1,法国,0,0,23/3/2026 09:32:16,23/3/2026 09:32:16
2321,2022,2564,国外,新芯骏财富管理集团公司,,,,,,0,0,,,其他科研技术服务,科学研究和技术服务业,New South Wales,Tokyo,,NASDAQ,NASDAQ Global Select,,0,1,德国,0,0,23/3/2026 09:32:16,23/3/2026 09:32:16
2323,2022,2568,国外,冀桥源房地产开发控股公司,,,,,,0,0,,,酒业,食品饮料业,California,,,NYSE,Standard,,0,1,德国,0,0,23/3/2026 09:32:16,23/3/2026 09:32:16
2324,2022,300201,国外,众环盛建筑设计有限公司,,,,,,0,0,,,其他专用设备制造业,专用设备制造业,Bavaria,Toronto,,SGX,Growth,,0,1,德国,0,0,23/3/2026 09:32:16,23/3/2026 09:32:16
2326,2022,603328,国外,比通瀚化工股份公司,,,,,,0,0,,,半导体业,半导体业,Zurich,New York,,TSE,Prime,,0,1,法国,0,0,23/3/2026 09:32:16,23/3/2026 09:32:16
2329,2022,601218,国外,物芯源建设开发股份公司,,,,,,0,0,,,其他专用设备制造业,专用设备制造业,Zurich,Singapore,,ASX,Prime,,0,1,法国,0,0,23/3/2026 09:32:16,23/3/2026 09:32:16
2333,2022,2576,国外,高盈远新能源汽车公司,,,,,,0,0,,,电机制造业,商业电气机械和器材制造业,Tokyo,Singapore,,SGX,Standard,,0,1,英国,0,0,23/3/2026 09:32:16,23/3/2026 09:32:16
2334,2022,603006,国外,科酷泽船舶股份公司,,,,,,0,0,,,汽车零部件制造业,汽车制造业,Zurich,New York,,SGX,Main Board,,0,1,法国,0,0,23/3/2026 09:32:16,23/3/2026 09:32:16
2335,2022,2575,国外,众白创能源集团公司,,,,,,0,0,,,文教、工美、体育和娱乐用品制造业,文教、工美、体育和娱乐用品制造业,England,London,,ASX,Prime,,0,1,法国,0,0,23/3/2026 09:32:16,23/3/2026 09:32:16
2336,2022,300282,国外,明业润数据服务公司,,,,,,0,0,,,其他制造业,其他制造业,Bavaria,,,NASDAQ,,,0,1,德国,0,0,23/3/2026 09:32:16,23/3/2026 09:32:16
2337,2022,300202,国外,物晋景传媒公司,,,,,,0,0,,,计算机,,New South Wales,Toronto,,,NASDAQ Global Select,,0,1,法国,0,0,23/3/2026 09:32:16,23/3/2026 09:32:16
2338,2022,300206,国外,物控泰新材料公司,,,,,,0,0,,,医疗专用设备制造业,专用设备制造业,Ontario,Singapore,,TSE,Main Board,,0,1,法国,0,0,23/3/2026 09:32:16,23/3/2026 09:32:16
2341,2022,300209,国外,十新景贸易科技公司,,,,,,0,0,,,零售业,批发和零售业,Ontario,New York,,LSE,,,0,1,英国,0,0,23/3/2026 09:32:16,23/3/2026 09:32:16
2342,2022,2580,国外,冀新骏新材料控股公司,,,,,,0,0,,,电池制造业,商业电气机械和器材制造业,Bavaria,Tokyo,,ASX,NASDAQ Global Select,,0,1,法国,0,0,23/3/2026 09:32:16,23/3/2026 09:32:16
2346,2022,300207,国外,碧盈创置业控股公司,,,,,,0,0,,,电池制造业,商业电气机械和器材制造业,Ontario,Tokyo,,LSE,NASDAQ Global Select,,0,1,英国,0,0,23/3/2026 09:32:16,23/3/2026 09:32:16
2349,2022,601233,国外,凯晋创零售有限公司,,,,,,0,0,,,化学纤维制造业,化学纤维制造业,Tokyo,Frankfurt,,NASDAQ,NASDAQ Global Select,,0,1,法国,0,0,23/3/2026 09:32:16,23/3/2026 09:32:16
2351,2022,300402,国外,碧新泰建筑设计有限公司,,,,,,0,0,,,其他专用设备制造业,专用设备制造业,Zurich,Sydney,,TSX,,,0,1,德国,0,0,23/3/2026 09:32:16,23/3/2026 09:32:16
2352,2022,300218,国外,保白泰化工控股公司,,,,,,0,0,,,塑料制品,橡胶和塑料制品业,New South Wales,Frankfurt,,NYSE,Standard,,0,1,英国,0,0,23/3/2026 09:32:16,23/3/2026 09:32:16
2354,2022,2582,国外,碧课置电器集团公司,,,,,,0,0,,,食品业,食品饮料业,England,,,ASX,Standard,,0,1,英国,0,0,23/3/2026 09:32:16,23/3/2026 09:32:16
2355,2022,601222,国外,盛晋锦财富管理集团公司,,,,,,0,0,,,仪器仪表制造业,仪器仪表制造业,Ontario,London,,XETRA,Standard,,0,1,英国,0,0,23/3/2026 09:32:16,23/3/2026 09:32:16
2357,2022,300215,国外,花禾润通信集团公司,,,,,,0,0,,,其他科研技术服务,科学研究和技术服务业,Zurich,Toronto,,SGX,Main Board,,0,1,德国,0,0,23/3/2026 09:32:16,23/3/2026 09:32:16
2359,2022,300219,国外,物园景水电股份公司,,,,,,0,0,,,半导体业,半导体业,Zurich,New York,,NASDAQ,NASDAQ Global Select,,0,1,英国,0,0,23/3/2026 09:32:16,23/3/2026 09:32:16
2366,2022,300231,国外,新酷联化工科技公司,,,,,,0,0,,,软件和信息技术服务,信息传输、软件和信息技术服务业,,London,,LSE,Prime,,0,1,英国,0,0,23/3/2026 09:32:16,23/3/2026 09:32:16
2372,2022,300226,国外,盛桥启生物科技股份公司,,,,,,0,0,,,互联网和相关服务,信息传输、软件和信息技术服务业,,Frankfurt,,,,,0,1,英国,0,0,23/3/2026 09:32:16,23/3/2026 09:32:16
2373,2022,300240,国外,启达盛贸易股份公司,,,,,,0,0,,,仓储业,交通运输、仓储和邮政业,California,New York,,ASX,NASDAQ Global Select,,0,1,法国,0,0,23/3/2026 09:32:16,23/3/2026 09:32:16
2375,2022,2585,国外,远工盛实业发展公司,,,,,,0,0,,,塑料制品,橡胶和塑料制品业,New South Wales,London,,NASDAQ,NASDAQ Global Select,,0,1,德国,0,0,23/3/2026 09:32:16,23/3/2026 09:32:16
2383,2022,2587,国外,花车澜水务科技公司,,,,,,0,0,,,非家用照明设备制造业,商业电气机械和器材制造业,Tokyo,Tokyo,,TSE,NASDAQ Global Select,,0,1,英国,0,0,23/3/2026 09:32:16,23/3/2026 09:32:16
2387,2022,603156,国外,润源景新能源汽车公司,,,,,,0,0,,,饮料业,食品饮料业,Bavaria,Sydney,,LSE,Prime,,0,1,德国,0,0,23/3/2026 09:32:16,23/3/2026 09:32:16
2389,2022,2588,国外,联源拓能源集团公司,,,,,,0,0,,,化肥,化学原料和化学制品制造业,Tokyo,Singapore,,,Main Board,,0,1,英国,0,0,23/3/2026 09:32:16,23/3/2026 09:32:16
2392,2022,2605,国外,十业盛建筑设计有限公司,,,,,,0,0,,,互联网和相关服务,信息传输、软件和信息技术服务业,New South Wales,Frankfurt,,LSE,Prime,,0,1,英国,0,0,23/3/2026 09:32:16,23/3/2026 09:32:16
2396,2022,2593,国外,众芯迈集成电路发展公司,,,,,,0,0,,,汽车零部件制造业,汽车制造业,Bavaria,Singapore,,TSE,Growth,,0,1,德国,0,0,23/3/2026 09:32:16,23/3/2026 09:32:16
2398,2022,2734,国外,十晋航新材料控股公司,,,,,,0,0,,,农药,化学原料和化学制品制造业,Zurich,New York,,,Prime,,0,1,德国,0,0,23/3/2026 09:32:16,23/3/2026 09:32:16
2399,2022,2626,国外,远能远软件股份公司,,,,,,0,0,,,食品业,食品饮料业,Zurich,Tokyo,,SGX,Standard,,0,1,英国,0,0,23/3/2026 09:32:16,23/3/2026 09:32:16
2404,2022,300242,国外,恒课航传媒公司,,,,,,0,0,,,互联网和相关服务,信息传输、软件和信息技术服务业,England,New York,,TSE,Growth,,0,1,德国,0,0,23/3/2026 09:32:16,23/3/2026 09:32:16
2405,2022,300258,国外,启源瀚环境科技有限公司,,,,,,0,0,,,汽车零部件制造业,汽车制造业,California,London,,,Main Board,,0,1,英国,0,0,23/3/2026 09:32:16,23/3/2026 09:32:16
2406,2022,300241,国外,联控盛置业发展公司,,,,,,0,0,,,电子元件及设备,消费电子及电气业,England,New York,,TSE,Prime,,0,1,法国,0,0,23/3/2026 09:32:16,23/3/2026 09:32:16
2412,2022,2603,国外,十新联置业控股公司,,,,,,0,0,,,制药,医药制造业,California,Sydney,,LSE,Growth,,0,1,法国,0,0,23/3/2026 09:32:16,23/3/2026 09:32:16
2415,2022,300246,国外,冀阳景软件控股公司,,,,,,0,0,,,医疗专用设备制造业,专用设备制造业,England,Tokyo,,TSE,Growth,,0,1,法国,0,0,23/3/2026 09:32:16,23/3/2026 09:32:16
2418,2022,300251,国外,万业澜房地产开发股份公司,,,,,,0,0,,,文化、体育和娱乐业,文化、体育和娱乐业,Zurich,Tokyo,,NYSE,NASDAQ Global Select,,0,1,德国,0,0,23/3/2026 09:32:16,23/3/2026 09:32:16
2419,2022,2627,国外,保课瀚批发发展公司,,,,,,0,0,,,陆路交通运输业,交通运输、仓储和邮政业,Tokyo,Toronto,,TSE,Standard,,0,1,法国,0,0,23/3/2026 09:32:16,23/3/2026 09:32:16
2424,2022,300255,国外,招泽航水务科技公司,,,,,,0,0,,,制药,医药制造业,Tokyo,Sydney,,TSX,Growth,,0,1,德国,0,0,23/3/2026 09:32:16,23/3/2026 09:32:16
2427,2022,300252,国外,高源景房地产开发发展公司,,,,,,0,0,,,通信传输设备业,通信传输设备业,California,London,,NYSE,Main Board,,0,1,法国,0,0,23/3/2026 09:32:16,23/3/2026 09:32:16
2428,2022,2830,国外,远尹联新能源汽车科技公司,,,,,,0,0,,,建筑装饰,建筑业,Tokyo,,,XETRA,Main Board,,0,1,法国,0,0,23/3/2026 09:32:16,23/3/2026 09:32:16
2433,2022,300267,国外,远禾拓建筑设计股份公司,,,,,,0,0,,,制药,医药制造业,California,Singapore,,,Growth,,0,1,英国,0,0,23/3/2026 09:32:16,23/3/2026 09:32:16
2434,2022,300259,国外,启工拓建设开发控股公司,,,,,,0,0,,,仪器仪表制造业,仪器仪表制造业,Zurich,Singapore,,TSE,NASDAQ Global Select,,0,1,英国,0,0,23/3/2026 09:32:16,23/3/2026 09:32:16
2438,2022,300284,国外,星新启集成电路科技公司,,,,,,0,0,,,其他科研技术服务,科学研究和技术服务业,Tokyo,Frankfurt,,,,,0,1,法国,0,0,23/3/2026 09:32:16,23/3/2026 09:32:16
2440,2022,601886,国外,十禾联生物科技科技公司,,,,,,0,0,,,建筑装饰,建筑业,Bavaria,Frankfurt,,XETRA,,,0,1,德国,0,0,23/3/2026 09:32:16,23/3/2026 09:32:16
2444,2022,2611,国外,长新骏房地产开发公司,,,,,,0,0,,,其他专用设备制造业,专用设备制造业,Ontario,Singapore,,,Prime,,0,1,法国,0,0,23/3/2026 09:32:16,23/3/2026 09:32:16
2447,2022,300263,国外,盛桥迈环境科技控股公司,,,,,,0,0,,,通用设备制造业,通用设备制造业,Ontario,Toronto,,TSX,Standard,,0,1,德国,0,0,23/3/2026 09:32:16,23/3/2026 09:32:16
2452,2022,601677,国外,众锦联置业有限公司,,,,,,0,0,,,有色金属冶炼和压延加工业,金属冶炼和压延加工业,Ontario,London,,LSE,Growth,,0,1,德国,0,0,23/3/2026 09:32:16,23/3/2026 09:32:16
2456,2022,2619,国外,物盈澜置业有限公司,,,,,,0,0,,,传媒,,Zurich,Sydney,,ASX,,,0,1,法国,0,0,23/3/2026 09:32:16,23/3/2026 09:32:16
2457,2022,2745,国外,凯通锦财富管理股份公司,,,,,,0,0,,,电子元件及设备,消费电子及电气业,Zurich,New York,,TSE,NASDAQ Global Select,,0,1,德国,0,0,23/3/2026 09:32:16,23/3/2026 09:32:16
2458,2022,2641,国外,润园澜通信发展公司,,,,,,0,0,,,塑料制品,橡胶和塑料制品业,England,London,,XETRA,NASDAQ Global Select,,0,1,法国,0,0,23/3/2026 09:32:16,23/3/2026 09:32:16
2459,2022,2617,国外,远能骏化工集团公司,,,,,,0,0,,,光纤电缆制造业,商业电气机械和器材制造业,California,Frankfurt,,NASDAQ,Growth,,0,1,德国,0,0,23/3/2026 09:32:16,23/3/2026 09:32:16
2461,2022,601669,国外,明酷科船舶股份公司,,,,,,0,0,,,土木工程,建筑业,Ontario,New York,,NASDAQ,Prime,,0,1,德国,0,0,23/3/2026 09:32:16,23/3/2026 09:32:16
2462,2022,300274,国外,北车泽化工公司,,,,,,0,0,,,光伏制造业,商业电气机械和器材制造业,Tokyo,Tokyo,,XETRA,Main Board,,0,1,德国,0,0,23/3/2026 09:32:16,23/3/2026 09:32:16
2472,2022,2637,国外,盛禾远贸易控股公司,,,,,,0,0,,,精细化工,化学原料和化学制品制造业,Zurich,Frankfurt,,TSE,Standard,,0,1,英国,0,0,23/3/2026 09:32:16,23/3/2026 09:32:16
2473,2022,2636,国外,众酷澜置业控股公司,,,,,,0,0,,,半导体业,半导体业,England,London,,SGX,Prime,,0,1,法国,0,0,23/3/2026 09:32:16,23/3/2026 09:32:16
2480,2022,300276,国外,星海置船舶公司,,,,,,0,0,,,其他专用设备制造业,专用设备制造业,Tokyo,New York,,XETRA,Standard,,0,1,德国,0,0,23/3/2026 09:32:16,23/3/2026 09:32:16
2481,2022,300280,国外,长业泽贸易股份公司,,,,,,0,0,,,商务服务业,租赁和商务服务业,New South Wales,Toronto,,XETRA,Growth,,0,1,德国,0,0,23/3/2026 09:32:16,23/3/2026 09:32:16
2484,2022,2635,国外,新达泽水务发展公司,,,,,,0,0,,,电子元件及设备,消费电子及电气业,California,Singapore,,TSX,Main Board,,0,1,英国,0,0,23/3/2026 09:32:16,23/3/2026 09:32:16
2491,2022,2645,国外,碧会盛实业有限公司,,,,,,0,0,,,其他专用设备制造业,专用设备制造业,,Tokyo,,,Main Board,,0,1,英国,0,0,23/3/2026 09:32:16,23/3/2026 09:32:16
2492,2022,300285,国外,保通盛建设开发科技公司,,,,,,0,0,,,精细化工,化学原料和化学制品制造业,Ontario,Tokyo,,TSE,Standard,,0,1,法国,0,0,23/3/2026 09:32:16,23/3/2026 09:32:16
2501,2022,2668,国外,恒阳景新能源汽车控股公司,,,,,,0,0,,,家用电器,消费电子及电气业,New South Wales,Tokyo,,XETRA,,,0,1,英国,0,0,23/3/2026 09:32:16,23/3/2026 09:32:16
2502,2022,2642,国外,绿源联电器公司,,,,,,0,0,,,软件和信息技术服务,信息传输、软件和信息技术服务业,Ontario,Tokyo,,SGX,NASDAQ Global Select,,0,1,英国,0,0,23/3/2026 09:32:16,23/3/2026 09:32:16
2508,2022,300290,国外,启芯联化工股份公司,,,,,,0,0,,,软件和信息技术服务,信息传输、软件和信息技术服务业,California,Toronto,,TSE,Standard,,0,1,法国,0,0,23/3/2026 09:32:16,23/3/2026 09:32:16
2513,2022,2655,国外,远阳锦电器科技公司,,,,,,0,0,,,电子元件及设备,消费电子及电气业,Zurich,Singapore,,XETRA,,,0,1,法国,0,0,23/3/2026 09:32:16,23/3/2026 09:32:16
2518,2022,300289,国外,碧阳远置业有限公司,,,,,,0,0,,,生物科技,医药制造业,England,Singapore,,,Main Board,,0,1,法国,0,0,23/3/2026 09:32:16,23/3/2026 09:32:16
2519,2022,300532,国外,凯桥创水电发展公司,,,,,,0,0,,,软件和信息技术服务,信息传输、软件和信息技术服务业,New South Wales,Singapore,,SGX,Main Board,,0,1,英国,0,0,23/3/2026 09:32:16,23/3/2026 09:32:16
2520,2022,300483,国外,盛海景环境科技控股公司,,,,,,0,0,,,石油天然气开采业,采矿业,Bavaria,Frankfurt,,SGX,NASDAQ Global Select,,0,1,英国,0,0,23/3/2026 09:32:16,23/3/2026 09:32:16
2521,2022,2662,国外,比晋澜能源股份公司,,,,,,0,0,,,汽车零部件制造业,汽车制造业,Bavaria,New York,,ASX,NASDAQ Global Select,,0,1,法国,0,0,23/3/2026 09:32:16,23/3/2026 09:32:16
2522,2022,2688,国外,比晋瀚新材料控股公司,,,,,,0,0,,,制药,医药制造业,California,Toronto,,TSX,NASDAQ Global Select,,0,1,英国,0,0,23/3/2026 09:32:16,23/3/2026 09:32:16
2529,2022,2666,国外,科业远化工公司,,,,,,0,0,,,精细化工,化学原料和化学制品制造业,Bavaria,New York,,XETRA,,,0,1,德国,0,0,23/3/2026 09:32:16,23/3/2026 09:32:16
2530,2022,601929,国外,凯晋创软件公司,,,,,,0,0,,,电信、广播电视和卫星传输服务,信息传输、软件和信息技术服务业,Bavaria,London,,NASDAQ,Prime,,0,1,德国,0,0,23/3/2026 09:32:16,23/3/2026 09:32:16
2531,2022,300358,国外,保源锦电子发展公司,,,,,,0,0,,,其他专用设备制造业,专用设备制造业,Ontario,,,TSE,Standard,,0,1,法国,0,0,23/3/2026 09:32:16,23/3/2026 09:32:16
2534,2022,2654,国外,润新泰水电科技公司,,,,,,0,0,,,商务服务业,租赁和商务服务业,England,London,,LSE,Standard,,0,1,英国,0,0,23/3/2026 09:32:16,23/3/2026 09:32:16
2536,2022,2653,国外,凯澜联财富管理发展公司,,,,,,0,0,,,制药,医药制造业,,Tokyo,,SGX,Growth,,0,1,法国,0,0,23/3/2026 09:32:16,23/3/2026 09:32:16
2540,2022,300296,国外,招尹泰实业科技公司,,,,,,0,0,,,电子元件及设备,消费电子及电气业,New South Wales,London,,NYSE,Prime,,0,1,英国,0,0,23/3/2026 09:32:16,23/3/2026 09:32:16
2542,2022,300306,国外,星源泽财富管理科技公司,,,,,,0,0,,,仪器仪表制造业,仪器仪表制造业,California,Sydney,,LSE,Growth,,0,1,英国,0,0,23/3/2026 09:32:16,23/3/2026 09:32:16
2556,2022,2659,国外,绿车科实业控股公司,,,,,,0,0,,,教育,教育,Zurich,,,LSE,,,0,1,英国,0,0,23/3/2026 09:32:16,23/3/2026 09:32:16
2557,2022,300320,国外,恒尹禾能源公司,,,,,,0,0,,,橡胶制品,橡胶和塑料制品业,Ontario,Frankfurt,,LSE,Main Board,,0,1,法国,0,0,23/3/2026 09:32:16,23/3/2026 09:32:16
2564,2022,603333,国外,星锦骏通信公司,,,,,,0,0,,,光纤电缆制造业,商业电气机械和器材制造业,Zurich,Sydney,,SGX,NASDAQ Global Select,,0,1,英国,0,0,23/3/2026 09:32:16,23/3/2026 09:32:16
2569,2022,2676,国外,高城航集成电路公司,,,,,,0,0,,,塑料制品,橡胶和塑料制品业,New South Wales,London,,,Prime,,0,1,德国,0,0,23/3/2026 09:32:16,23/3/2026 09:32:16
2570,2022,603861,国外,华能拓玻璃发展公司,,,,,,0,0,,,电机制造业,商业电气机械和器材制造业,New South Wales,Frankfurt,,NYSE,,,0,1,英国,0,0,23/3/2026 09:32:16,23/3/2026 09:32:16
2572,2022,300308,国外,恒酷启财富管理发展公司,,,,,,0,0,,,通信传输设备业,通信传输设备业,Ontario,Singapore,,XETRA,Standard,,0,1,英国,0,0,23/3/2026 09:32:16,23/3/2026 09:32:16
2573,2022,300330,国外,盛达澜财富管理有限公司,,,,,,0,0,,,计算机,,Bavaria,Toronto,,NASDAQ,Growth,,0,1,德国,0,0,23/3/2026 09:32:16,23/3/2026 09:32:16
2581,2022,2671,国外,华新锦城市发展科技公司,,,,,,0,0,,,其他非金属制品业,非金属矿物制品业,Ontario,New York,,SGX,,,0,1,德国,0,0,23/3/2026 09:32:16,23/3/2026 09:32:16
2582,2022,2665,国外,高控澜集成电路股份公司,,,,,,0,0,,,电机制造业,商业电气机械和器材制造业,,Frankfurt,,TSX,Standard,,0,1,英国,0,0,23/3/2026 09:32:16,23/3/2026 09:32:16
2587,2022,603077,国外,长业景财富管理有限公司,,,,,,0,0,,,化工原料,化学原料和化学制品制造业,Bavaria,Sydney,,TSE,Prime,,0,1,英国,0,0,23/3/2026 09:32:16,23/3/2026 09:32:16
2588,2022,603168,国外,碧电昌新材料股份公司,,,,,,0,0,,,制药,医药制造业,Tokyo,Toronto,,NYSE,Standard,,0,1,法国,0,0,23/3/2026 09:32:16,23/3/2026 09:32:16
2589,2022,2692,国外,新工航电器控股公司,,,,,,0,0,,,光纤电缆制造业,商业电气机械和器材制造业,Bavaria,Frankfurt,,TSX,Growth,,0,1,法国,0,0,23/3/2026 09:32:16,23/3/2026 09:32:16
2591,2022,300319,国外,远锦源传媒有限公司,,,,,,0,0,,,电子元件及设备,消费电子及电气业,,Sydney,,SGX,Growth,,0,1,英国,0,0,23/3/2026 09:32:16,23/3/2026 09:32:16
2592,2022,603366,国外,高酷骏连锁股份公司,,,,,,0,0,,,光伏制造业,商业电气机械和器材制造业,Tokyo,Singapore,,SGX,Main Board,,0,1,法国,0,0,23/3/2026 09:32:16,23/3/2026 09:32:16
2594,2022,2690,国外,绿通锦贸易公司,,,,,,0,0,,,其他专用设备制造业,专用设备制造业,Ontario,London,,,NASDAQ Global Select,,0,1,英国,0,0,23/3/2026 09:32:16,23/3/2026 09:32:16
2596,2022,2691,国外,明尹联新能源汽车发展公司,,,,,,0,0,,,其他专用设备制造业,专用设备制造业,Bavaria,London,,ASX,Standard,,0,1,德国,0,0,23/3/2026 09:32:16,23/3/2026 09:32:16
2598,2022,300342,国外,碧禾拓新能源汽车科技公司,,,,,,0,0,,,电子元件及设备,消费电子及电气业,Zurich,London,,,Prime,,0,1,德国,0,0,23/3/2026 09:32:16,23/3/2026 09:32:16
2599,2022,300322,国外,保晋联能源科技公司,,,,,,0,0,,,通信传输设备业,通信传输设备业,England,Singapore,,XETRA,Standard,,0,1,英国,0,0,23/3/2026 09:32:16,23/3/2026 09:32:16
2603,2022,2679,国外,明控联财富管理科技公司,,,,,,0,0,,,林业,农、林、牧、渔业,New South Wales,London,,NYSE,NASDAQ Global Select,,0,1,法国,0,0,23/3/2026 09:32:16,23/3/2026 09:32:16
2605,2022,300336,国外,联盈昌能源有限公司,,,,,,0,0,,,商务服务业,租赁和商务服务业,Tokyo,Frankfurt,,LSE,Growth,,0,1,法国,0,0,23/3/2026 09:32:16,23/3/2026 09:32:16
2614,2022,2711,国外,星通源电器发展公司,,,,,,0,0,,,交通运输,,England,New York,,LSE,Main Board,,0,1,德国,0,0,23/3/2026 09:32:16,23/3/2026 09:32:16
2616,2022,2694,国外,碧锦创批发控股公司,,,,,,0,0,,,塑料制品,橡胶和塑料制品业,England,Tokyo,,NYSE,Main Board,,0,1,法国,0,0,23/3/2026 09:32:16,23/3/2026 09:32:16
2618,2022,300332,国外,凯晋创实业发展公司,,,,,,0,0,,,燃气生产和供应业,电力、热力、燃气及水生产和供应业,England,Toronto,,,Standard,,0,1,法国,0,0,23/3/2026 09:32:16,23/3/2026 09:32:16
2626,2022,603766,国外,花泽盛财富管理公司,,,,,,0,0,,,其他,铁路、船舶、航空航天和其他运输设备制造业,,,,TSX,Standard,,0,1,法国,0,0,23/3/2026 09:32:16,23/3/2026 09:32:16
2627,2022,300347,国外,绿电源通信发展公司,,,,,,0,0,,,医药研发服务,科学研究和技术服务业,,,,TSE,Growth,,0,1,德国,0,0,23/3/2026 09:32:16,23/3/2026 09:32:16
2630,2022,2686,国外,北电盛贸易发展公司,,,,,,0,0,,,通用设备制造业,通用设备制造业,Tokyo,Singapore,,ASX,Main Board,,0,1,德国,0,0,23/3/2026 09:32:16,23/3/2026 09:32:16
2634,2022,300343,国外,瑞源盛实业科技公司,,,,,,0,0,,,化工原料,化学原料和化学制品制造业,Ontario,Sydney,,ASX,NASDAQ Global Select,,0,1,法国,0,0,23/3/2026 09:32:16,23/3/2026 09:32:16
2635,2022,2684,国外,星禾盛新能源汽车科技公司,,,,,,0,0,,,电子,,Zurich,Frankfurt,,TSE,,,0,1,法国,0,0,23/3/2026 09:32:16,23/3/2026 09:32:16
2638,2022,300383,国外,盛电盛新能源汽车科技公司,,,,,,0,0,,,软件和信息技术服务,信息传输、软件和信息技术服务业,England,Sydney,,SGX,Main Board,,0,1,法国,0,0,23/3/2026 09:32:16,23/3/2026 09:32:16
2639,2022,603993,国外,北会远软件有限公司,,,,,,0,0,,,有色金属开采业,采矿业,England,Singapore,,,Standard,,0,1,法国,0,0,23/3/2026 09:32:16,23/3/2026 09:32:16
2645,2022,2716,国外,绿课润化工有限公司,,,,,,0,0,,,贵金属冶炼和压延加工业,金属冶炼和压延加工业,England,Frankfurt,,XETRA,Prime,,0,1,法国,0,0,23/3/2026 09:32:16,23/3/2026 09:32:16
2649,2022,2727,国外,盛桥迈置业科技公司,,,,,,0,0,,,零售业,批发和零售业,Ontario,Sydney,,TSE,Prime,,0,1,德国,0,0,23/3/2026 09:32:16,23/3/2026 09:32:16
2651,2022,601238,国外,北控盛建设开发发展公司,,,,,,0,0,,,整车制造业,汽车制造业,England,Sydney,,ASX,NASDAQ Global Select,,0,1,德国,0,0,23/3/2026 09:32:16,23/3/2026 09:32:16
2657,2022,2708,国外,明澜锦连锁有限公司,,,,,,0,0,,,汽车零部件制造业,汽车制造业,,Toronto,,,Prime,,0,1,法国,0,0,23/3/2026 09:32:16,23/3/2026 09:32:16
2664,2022,300356,国外,众尹瀚电子科技公司,,,,,,0,0,,,仪器仪表制造业,仪器仪表制造业,California,Tokyo,,TSX,Prime,,0,1,德国,0,0,23/3/2026 09:32:16,23/3/2026 09:32:16
2666,2022,601016,国外,保会航电器有限公司,,,,,,0,0,,,电力热力生产和供应业,电力、热力、燃气及水生产和供应业,Tokyo,New York,,LSE,,,0,1,德国,0,0,23/3/2026 09:32:16,23/3/2026 09:32:16
2668,2022,300507,国外,科尹润置业公司,,,,,,0,0,,,汽车零部件制造业,汽车制造业,California,,,XETRA,Standard,,0,1,英国,0,0,23/3/2026 09:32:16,23/3/2026 09:32:16
2675,2022,603989,国外,新阳盛软件发展公司,,,,,,0,0,,,金属制品业,金属制品业,Ontario,Toronto,,TSE,NASDAQ Global Select,,0,1,英国,0,0,23/3/2026 09:32:16,23/3/2026 09:32:16
2682,2022,603688,国外,凯园智数据服务发展公司,,,,,,0,0,,,其他非金属制品业,非金属矿物制品业,Zurich,Singapore,,ASX,Growth,,0,1,法国,0,0,23/3/2026 09:32:16,23/3/2026 09:32:16
2684,2022,601969,国外,华海泽集成电路集团公司,,,,,,0,0,,,黑色金属开采业,采矿业,Bavaria,Frankfurt,,ASX,Main Board,,0,1,法国,0,0,23/3/2026 09:32:16,23/3/2026 09:32:16
2685,2022,300351,国外,星控远传媒控股公司,,,,,,0,0,,,电机制造业,商业电气机械和器材制造业,Zurich,Singapore,,,,,0,1,德国,0,0,23/3/2026 09:32:16,23/3/2026 09:32:16
2692,2022,2697,国外,众业启批发控股公司,,,,,,0,0,,,零售业,批发和零售业,Zurich,New York,,TSE,Prime,,0,1,德国,0,0,23/3/2026 09:32:16,23/3/2026 09:32:16
2696,2022,2707,国外,启芯澜零售有限公司,,,,,,0,0,,,商务服务业,租赁和商务服务业,New South Wales,Toronto,,TSX,Prime,,0,1,法国,0,0,23/3/2026 09:32:16,23/3/2026 09:32:16
2698,2022,300373,国外,绿盈澜玻璃科技公司,,,,,,0,0,,,半导体业,半导体业,,Toronto,,ASX,,,0,1,英国,0,0,23/3/2026 09:32:16,23/3/2026 09:32:16
2702,2022,300546,国外,花酷源生物科技科技公司,,,,,,0,0,,,其他制造业,其他制造业,California,Tokyo,,LSE,,,0,1,法国,0,0,23/3/2026 09:32:16,23/3/2026 09:32:16
2703,2022,300377,国外,花会置财富管理集团公司,,,,,,0,0,,,软件和信息技术服务,信息传输、软件和信息技术服务业,California,Sydney,,LSE,,,0,1,德国,0,0,23/3/2026 09:32:16,23/3/2026 09:32:16
2708,2022,300385,国外,星酷禾软件控股公司,,,,,,0,0,,,其他专用设备制造业,专用设备制造业,,Sydney,,,NASDAQ Global Select,,0,1,英国,0,0,23/3/2026 09:32:16,23/3/2026 09:32:16
2710,2022,300419,国外,启环拓综合开发科技公司,,,,,,0,0,,,软件和信息技术服务,信息传输、软件和信息技术服务业,,London,,NYSE,Prime,,0,1,英国,0,0,23/3/2026 09:32:16,23/3/2026 09:32:16
2713,2022,2726,国外,高海置船舶公司,,,,,,0,0,,,食品业,食品饮料业,California,,,SGX,Prime,,0,1,英国,0,0,23/3/2026 09:32:16,23/3/2026 09:32:16
2718,2022,300359,国外,保白源船舶股份公司,,,,,,0,0,,,软件和信息技术服务,信息传输、软件和信息技术服务业,Ontario,,,,,,0,1,法国,0,0,23/3/2026 09:32:16,23/3/2026 09:32:16
2721,2022,603100,国外,绿车置通信股份公司,,,,,,0,0,,,仪器仪表制造业,仪器仪表制造业,Tokyo,Tokyo,,TSX,Growth,,0,1,英国,0,0,23/3/2026 09:32:16,23/3/2026 09:32:16
2730,2022,603099,国外,物锦泰建设开发科技公司,,,,,,0,0,,,水利、环境和公共设施管理业,水利、环境和公共设施管理业,Ontario,London,,NYSE,Main Board,,0,1,英国,0,0,23/3/2026 09:32:16,23/3/2026 09:32:16
2733,2022,600023,国外,润课拓连锁公司,,,,,,0,0,,,电力热力生产和供应业,电力、热力、燃气及水生产和供应业,Tokyo,New York,,NASDAQ,NASDAQ Global Select,,0,1,英国,0,0,23/3/2026 09:32:16,23/3/2026 09:32:16
2734,2022,300370,国外,绿能泰建设开发公司,,,,,,0,0,,,仪器仪表制造业,仪器仪表制造业,Ontario,Tokyo,,TSX,Standard,,0,1,法国,0,0,23/3/2026 09:32:16,23/3/2026 09:32:16
2743,2022,603997,国外,绿晋盛水电公司,,,,,,0,0,,,汽车零部件制造业,汽车制造业,Ontario,,,TSX,Main Board,,0,1,英国,0,0,23/3/2026 09:32:16,23/3/2026 09:32:16
2747,2022,603843,国外,花课盛生物科技集团公司,,,,,,0,0,,,土木工程,建筑业,Ontario,New York,,TSX,,,0,1,德国,0,0,23/3/2026 09:32:16,23/3/2026 09:32:16
2757,2022,300596,国外,众课盛新材料控股公司,,,,,,0,0,,,精细化工,化学原料和化学制品制造业,Zurich,Frankfurt,,TSX,Growth,,0,1,德国,0,0,23/3/2026 09:32:16,23/3/2026 09:32:16
2788,2022,601021,国外,明源源新材料发展公司,,,,,,0,0,,,航空交通运输业,交通运输、仓储和邮政业,California,Singapore,,,NASDAQ Global Select,,0,1,英国,0,0,23/3/2026 09:32:16,23/3/2026 09:32:16
2799,2022,300409,国外,远达禾水电控股公司,,,,,,0,0,,,电池制造业,商业电气机械和器材制造业,Tokyo,,,,Main Board,,0,1,法国,0,0,23/3/2026 09:32:16,23/3/2026 09:32:16
2801,2022,300415,国外,星环科综合开发发展公司,,,,,,0,0,,,其他专用设备制造业,专用设备制造业,New South Wales,Sydney,,,,,0,1,德国,0,0,23/3/2026 09:32:16,23/3/2026 09:32:16
2804,2022,300452,国外,明业盛房地产开发科技公司,,,,,,0,0,,,制药,医药制造业,California,Toronto,,TSX,Standard,,0,1,德国,0,0,23/3/2026 09:32:16,23/3/2026 09:32:16
2805,2022,2740,国外,保能禾化工股份公司,,,,,,0,0,,,纺织鞋服业,纺织鞋服业,,Frankfurt,,NYSE,Standard,,0,1,德国,0,0,23/3/2026 09:32:16,23/3/2026 09:32:16
2806,2022,603726,国外,长新启城市发展发展公司,,,,,,0,0,,,塑料制品,橡胶和塑料制品业,Tokyo,New York,,NYSE,Prime,,0,1,法国,0,0,23/3/2026 09:32:16,23/3/2026 09:32:16
2808,2022,603013,国外,北城智房地产开发股份公司,,,,,,0,0,,,汽车零部件制造业,汽车制造业,Tokyo,Singapore,,,NASDAQ Global Select,,0,1,英国,0,0,23/3/2026 09:32:16,23/3/2026 09:32:16
2811,2022,603606,国外,绿澜拓传媒公司,,,,,,0,0,,,光纤电缆制造业,商业电气机械和器材制造业,Zurich,Tokyo,,XETRA,,,0,1,英国,0,0,23/3/2026 09:32:16,23/3/2026 09:32:16
2816,2022,603318,国外,比尹锦电子集团公司,,,,,,0,0,,,燃气生产和供应业,电力、热力、燃气及水生产和供应业,California,London,,ASX,,,0,1,法国,0,0,23/3/2026 09:32:16,23/3/2026 09:32:16
2817,2022,2730,国外,凯尹禾零售有限公司,,,,,,0,0,,,其他专用设备制造业,专用设备制造业,Bavaria,Sydney,,LSE,NASDAQ Global Select,,0,1,法国,0,0,23/3/2026 09:32:16,23/3/2026 09:32:16
2819,2022,2791,国外,凯海启财富管理公司,,,,,,0,0,,,金属制品业,金属制品业,New South Wales,,,NASDAQ,,,0,1,英国,0,0,23/3/2026 09:32:16,23/3/2026 09:32:16
2826,2022,300443,国外,长通远贸易股份公司,,,,,,0,0,,,其他专用设备制造业,专用设备制造业,,Singapore,,XETRA,Prime,,0,1,法国,0,0,23/3/2026 09:32:16,23/3/2026 09:32:16
2827,2022,300398,国外,恒通远通信公司,,,,,,0,0,,,精细化工,化学原料和化学制品制造业,,Toronto,,LSE,Prime,,0,1,德国,0,0,23/3/2026 09:32:16,23/3/2026 09:32:16
2828,2022,603116,国外,科桥远软件发展公司,,,,,,0,0,,,纺织鞋服业,纺织鞋服业,California,New York,,TSX,Standard,,0,1,英国,0,0,23/3/2026 09:32:16,23/3/2026 09:32:16
2829,2022,603866,国外,恒白昌房地产开发股份公司,,,,,,0,0,,,食品业,食品饮料业,California,Sydney,,TSE,Standard,,0,1,德国,0,0,23/3/2026 09:32:16,23/3/2026 09:32:16
2834,2022,2776,国外,招锦远置业公司,,,,,,0,0,,,其他科研技术服务,科学研究和技术服务业,Zurich,London,,LSE,NASDAQ Global Select,,0,1,德国,0,0,23/3/2026 09:32:16,23/3/2026 09:32:16
2835,2022,300384,国外,比芯智集成电路控股公司,,,,,,0,0,,,其他科研技术服务,科学研究和技术服务业,England,Toronto,,ASX,NASDAQ Global Select,,0,1,法国,0,0,23/3/2026 09:32:16,23/3/2026 09:32:16
2839,2022,300441,国外,明酷泰批发集团公司,,,,,,0,0,,,通用设备制造业,通用设备制造业,New South Wales,Tokyo,,ASX,Growth,,0,1,法国,0,0,23/3/2026 09:32:16,23/3/2026 09:32:16
2841,2022,300513,国外,物园智传媒发展公司,,,,,,0,0,,,软件和信息技术服务,信息传输、软件和信息技术服务业,Bavaria,Tokyo,,NYSE,Main Board,,0,1,英国,0,0,23/3/2026 09:32:16,23/3/2026 09:32:16
2842,2022,300448,国外,物源瀚水务发展公司,,,,,,0,0,,,软件和信息技术服务,信息传输、软件和信息技术服务业,,New York,,TSX,Standard,,0,1,法国,0,0,23/3/2026 09:32:16,23/3/2026 09:32:16
2843,2022,603101,国外,联环盛新能源汽车科技公司,,,,,,0,0,,,零售业,批发和零售业,Zurich,Frankfurt,,SGX,NASDAQ Global Select,,0,1,英国,0,0,23/3/2026 09:32:16,23/3/2026 09:32:16
2851,2022,603017,国外,比源澜船舶控股公司,,,,,,0,0,,,其他科研技术服务,科学研究和技术服务业,England,Sydney,,TSE,Growth,,0,1,德国,0,0,23/3/2026 09:32:16,23/3/2026 09:32:16
2852,2022,603798,国外,新锦润玻璃股份公司,,,,,,0,0,,,石油加工、炼焦和核燃料加工业,石油加工、炼焦和核燃料加工业,Bavaria,Toronto,,XETRA,,,0,1,法国,0,0,23/3/2026 09:32:16,23/3/2026 09:32:16
2856,2022,603918,国外,冀澜远电子有限公司,,,,,,0,0,,,软件和信息技术服务,信息传输、软件和信息技术服务业,Bavaria,Sydney,,NASDAQ,NASDAQ Global Select,,0,1,法国,0,0,23/3/2026 09:32:16,23/3/2026 09:32:16
2858,2022,603567,国外,高通澜零售集团公司,,,,,,0,0,,,制药,医药制造业,,New York,,ASX,NASDAQ Global Select,,0,1,德国,0,0,23/3/2026 09:32:16,23/3/2026 09:32:16
2862,2022,603999,国外,花课泰新材料控股公司,,,,,,0,0,,,文化、体育和娱乐业,文化、体育和娱乐业,Tokyo,Sydney,,NYSE,NASDAQ Global Select,,0,1,德国,0,0,23/3/2026 09:32:16,23/3/2026 09:32:16
2863,2022,2780,国外,碧会骏批发科技公司,,,,,,0,0,,,零售业,批发和零售业,Bavaria,Sydney,,LSE,,,0,1,英国,0,0,23/3/2026 09:32:16,23/3/2026 09:32:16
2871,2022,300529,国外,北禾航新材料股份公司,,,,,,0,0,,,医疗专用设备制造业,专用设备制造业,Ontario,Sydney,,TSX,Growth,,0,1,法国,0,0,23/3/2026 09:32:16,23/3/2026 09:32:16
2877,2022,601069,国外,碧车盛化工有限公司,,,,,,0,0,,,有色金属开采业,采矿业,Tokyo,Sydney,,XETRA,Standard,,0,1,德国,0,0,23/3/2026 09:32:16,23/3/2026 09:32:16
2892,2022,603969,国外,华盈瀚环境科技公司,,,,,,0,0,,,金属制品业,金属制品业,New South Wales,New York,,LSE,Prime,,0,1,德国,0,0,23/3/2026 09:32:16,23/3/2026 09:32:16
2894,2022,603667,国外,凯晋盛新能源汽车公司,,,,,,0,0,,,通用设备制造业,通用设备制造业,Tokyo,Sydney,,NASDAQ,Standard,,0,1,德国,0,0,23/3/2026 09:32:16,23/3/2026 09:32:16
2897,2022,603868,国外,花酷盛新能源汽车集团公司,,,,,,0,0,,,家用电器,消费电子及电气业,Bavaria,Tokyo,,XETRA,,,0,1,英国,0,0,23/3/2026 09:32:16,23/3/2026 09:32:16
2898,2022,603421,国外,远锦骏玻璃发展公司,,,,,,0,0,,,软件和信息技术服务,信息传输、软件和信息技术服务业,Tokyo,Singapore,,NYSE,Prime,,0,1,法国,0,0,23/3/2026 09:32:16,23/3/2026 09:32:16
2900,2022,603919,国外,高业澜水务公司,,,,,,0,0,,,酒业,食品饮料业,Tokyo,Tokyo,,LSE,Prime,,0,1,法国,0,0,23/3/2026 09:32:16,23/3/2026 09:32:16
2902,2022,601500,国外,比车盛房地产开发控股公司,,,,,,0,0,,,汽车零部件制造业,汽车制造业,,Tokyo,,SGX,Main Board,,0,1,英国,0,0,23/3/2026 09:32:16,23/3/2026 09:32:16
2903,2022,603816,国外,北达智生物科技控股公司,,,,,,0,0,,,家具制造业,家具制造业,Tokyo,Singapore,,TSE,,,0,1,德国,0,0,23/3/2026 09:32:16,23/3/2026 09:32:16
2904,2022,603569,国外,明园澜实业控股公司,,,,,,0,0,,,商务服务业,租赁和商务服务业,,New York,,TSX,Main Board,,0,1,德国,0,0,23/3/2026 09:32:16,23/3/2026 09:32:16
2905,2022,2775,国外,绿电润新材料股份公司,,,,,,0,0,,,土木工程,建筑业,Zurich,New York,,XETRA,Prime,,0,1,法国,0,0,23/3/2026 09:32:16,23/3/2026 09:32:16
2910,2022,300486,国外,物澜锦贸易股份公司,,,,,,0,0,,,其他专用设备制造业,专用设备制造业,England,Sydney,,LSE,Standard,,0,1,英国,0,0,23/3/2026 09:32:16,23/3/2026 09:32:16
2914,2022,300478,国外,长澜润化工发展公司,,,,,,0,0,,,塑料制品,橡胶和塑料制品业,,,,SGX,NASDAQ Global Select,,0,1,法国,0,0,23/3/2026 09:32:16,23/3/2026 09:32:16
2924,2022,603021,国外,新酷昌建设开发股份公司,,,,,,0,0,,,玻璃制品业,非金属矿物制品业,Ontario,Tokyo,,TSE,Growth,,0,1,英国,0,0,23/3/2026 09:32:16,23/3/2026 09:32:16
2925,2022,603887,国外,众盈泽通信有限公司,,,,,,0,0,,,软件和信息技术服务,信息传输、软件和信息技术服务业,,Singapore,,XETRA,Growth,,0,1,英国,0,0,23/3/2026 09:32:16,23/3/2026 09:32:16
2934,2022,300526,国外,科车联新材料控股公司,,,,,,0,0,,,其他专用设备制造业,专用设备制造业,Bavaria,Tokyo,,ASX,Prime,,0,1,法国,0,0,23/3/2026 09:32:16,23/3/2026 09:32:16
2940,2022,300432,国外,凯酷泰零售股份公司,,,,,,0,0,,,汽车零部件制造业,汽车制造业,New South Wales,Singapore,,,Growth,,0,1,英国,0,0,23/3/2026 09:32:16,23/3/2026 09:32:16
2942,2022,603189,国外,绿会润通信股份公司,,,,,,0,0,,,软件和信息技术服务,信息传输、软件和信息技术服务业,New South Wales,London,,TSE,NASDAQ Global Select,,0,1,德国,0,0,23/3/2026 09:32:16,23/3/2026 09:32:16
2943,2022,300535,国外,绿酷澜零售发展公司,,,,,,0,0,,,精细化工,化学原料和化学制品制造业,Bavaria,New York,,TSE,Growth,,0,1,德国,0,0,23/3/2026 09:32:16,23/3/2026 09:32:16
2944,2022,300534,国外,众禾联软件股份公司,,,,,,0,0,,,制药,医药制造业,Zurich,Toronto,,,Growth,,0,1,德国,0,0,23/3/2026 09:32:16,23/3/2026 09:32:16
2951,2022,2811,国外,恒阳锦电器科技公司,,,,,,0,0,,,建筑装饰,建筑业,England,Sydney,,,,,0,1,英国,0,0,23/3/2026 09:32:16,23/3/2026 09:32:16
2952,2022,2821,国外,十白盛电器控股公司,,,,,,0,0,,,医药研发服务,科学研究和技术服务业,England,Frankfurt,,ASX,NASDAQ Global Select,,0,1,英国,0,0,23/3/2026 09:32:16,23/3/2026 09:32:16
2955,2022,2817,国外,启新瀚生物科技科技公司,,,,,,0,0,,,制药,医药制造业,Tokyo,Sydney,,NASDAQ,Growth,,0,1,德国,0,0,23/3/2026 09:32:16,23/3/2026 09:32:16
2957,2022,300433,国外,启车骏玻璃集团公司,,,,,,0,0,,,电子元件及设备,消费电子及电气业,,Sydney,,LSE,NASDAQ Global Select,,0,1,德国,0,0,23/3/2026 09:32:16,23/3/2026 09:32:16
2959,2022,300512,国外,碧能昌水电集团公司,,,,,,0,0,,,通用设备制造业,通用设备制造业,Tokyo,Singapore,,NYSE,NASDAQ Global Select,,0,1,英国,0,0,23/3/2026 09:32:16,23/3/2026 09:32:16
2961,2022,603718,国外,招业骏软件发展公司,,,,,,0,0,,,制药,医药制造业,,,,TSE,Standard,,0,1,德国,0,0,23/3/2026 09:32:16,23/3/2026 09:32:16
2965,2022,300500,国外,绿盈盛连锁控股公司,,,,,,0,0,,,其他科研技术服务,科学研究和技术服务业,Bavaria,London,,,Growth,,0,1,法国,0,0,23/3/2026 09:32:16,23/3/2026 09:32:16
2969,2022,300517,国外,明达骏集成电路集团公司,,,,,,0,0,,,土木工程,建筑业,Bavaria,Tokyo,,SGX,Main Board,,0,1,法国,0,0,23/3/2026 09:32:16,23/3/2026 09:32:16
2974,2022,2759,国外,凯会润医药股份公司,,,,,,0,0,,,金属制品业,金属制品业,California,New York,,NYSE,Prime,,0,1,法国,0,0,23/3/2026 09:32:16,23/3/2026 09:32:16
2975,2022,603977,国外,启电拓贸易控股公司,,,,,,0,0,,,化工原料,化学原料和化学制品制造业,New South Wales,New York,,,Growth,,0,1,德国,0,0,23/3/2026 09:32:16,23/3/2026 09:32:16
2976,2022,300519,国外,长海骏新材料控股公司,,,,,,0,0,,,制药,医药制造业,Tokyo,Toronto,,NYSE,Growth,,0,1,英国,0,0,23/3/2026 09:32:16,23/3/2026 09:32:16
2978,2022,603900,国外,物芯置城市发展科技公司,,,,,,0,0,,,零售业,批发和零售业,,New York,,TSE,Standard,,0,1,法国,0,0,23/3/2026 09:32:16,23/3/2026 09:32:16
2980,2022,601212,国外,远车骏集成电路公司,,,,,,0,0,,,贵金属冶炼和压延加工业,金属冶炼和压延加工业,New South Wales,Sydney,,,Growth,,0,1,德国,0,0,23/3/2026 09:32:16,23/3/2026 09:32:16
2988,2022,603600,国外,启新远化工科技公司,,,,,,0,0,,,家具制造业,家具制造业,Zurich,Sydney,,TSE,Standard,,0,1,德国,0,0,23/3/2026 09:32:16,23/3/2026 09:32:16
2991,2022,603616,国外,十锦盛水务控股公司,,,,,,0,0,,,其他非金属制品业,非金属矿物制品业,Zurich,Sydney,,NYSE,Growth,,0,1,英国,0,0,23/3/2026 09:32:16,23/3/2026 09:32:16
2993,2022,300506,国外,启阳智零售股份公司,,,,,,0,0,,,建筑装饰,建筑业,Tokyo,Sydney,,NASDAQ,,,0,1,英国,0,0,23/3/2026 09:32:16,23/3/2026 09:32:16
2996,2022,2797,国外,瑞能启实业控股公司,,,,,,0,0,,,证券,金融业,New South Wales,Toronto,,LSE,Main Board,,0,1,英国,0,0,23/3/2026 09:32:16,23/3/2026 09:32:16
2999,2022,603018,国外,润阳拓能源集团公司,,,,,,0,0,,,其他科研技术服务,科学研究和技术服务业,New South Wales,New York,,NASDAQ,Prime,,0,1,德国,0,0,23/3/2026 09:32:16,23/3/2026 09:32:16
3002,2022,2751,国外,远能锦船舶公司,,,,,,0,0,,,家具制造业,家具制造业,,,,SGX,NASDAQ Global Select,,0,1,法国,0,0,23/3/2026 09:32:16,23/3/2026 09:32:16
3008,2022,2823,国外,高尹迈水务发展公司,,,,,,0,0,,,电机制造业,商业电气机械和器材制造业,California,,,LSE,Main Board,,0,1,法国,0,0,23/3/2026 09:32:16,23/3/2026 09:32:16
3010,2022,300447,国外,明禾瀚新材料科技公司,,,,,,0,0,,,通信传输设备业,通信传输设备业,California,,,LSE,Standard,,0,1,德国,0,0,23/3/2026 09:32:16,23/3/2026 09:32:16
3012,2022,300516,国外,新禾联通信发展公司,,,,,,0,0,,,电子元件及设备,消费电子及电气业,Ontario,Tokyo,,XETRA,Standard,,0,1,英国,0,0,23/3/2026 09:32:16,23/3/2026 09:32:16
3022,2022,2820,国外,保业锦环境科技发展公司,,,,,,0,0,,,食品业,食品饮料业,England,Tokyo,,ASX,,,0,1,德国,0,0,23/3/2026 09:32:16,23/3/2026 09:32:16
3023,2022,603020,国外,物泽拓贸易控股公司,,,,,,0,0,,,食品业,食品饮料业,Ontario,Singapore,,,Standard,,0,1,法国,0,0,23/3/2026 09:32:16,23/3/2026 09:32:16
3025,2022,601086,国外,科白澜城市发展发展公司,,,,,,0,0,,,零售业,批发和零售业,Ontario,London,,SGX,,,0,1,英国,0,0,23/3/2026 09:32:16,23/3/2026 09:32:16
3027,2022,603738,国外,瑞课昌财富管理有限公司,,,,,,0,0,,,半导体业,半导体业,Bavaria,Singapore,,XETRA,Growth,,0,1,德国,0,0,23/3/2026 09:32:16,23/3/2026 09:32:16
3028,2022,603339,国外,保泽澜建设开发集团公司,,,,,,0,0,,,通用设备制造业,通用设备制造业,England,London,,ASX,Prime,,0,1,法国,0,0,23/3/2026 09:32:16,23/3/2026 09:32:16
3038,2022,2803,国外,冀锦盛传媒公司,,,,,,0,0,,,互联网和相关服务,信息传输、软件和信息技术服务业,,Toronto,,TSE,,,0,1,英国,0,0,23/3/2026 09:32:16,23/3/2026 09:32:16
3039,2022,603603,国外,保白拓集成电路发展公司,,,,,,0,0,,,水利、环境和公共设施管理业,水利、环境和公共设施管理业,California,Sydney,,XETRA,,,0,1,英国,0,0,23/3/2026 09:32:16,23/3/2026 09:32:16
3041,2022,603169,国外,科澜置通信公司,,,,,,0,0,,,其他专用设备制造业,专用设备制造业,England,Sydney,,LSE,NASDAQ Global Select,,0,1,法国,0,0,23/3/2026 09:32:16,23/3/2026 09:32:16
3045,2022,603311,国外,碧工科集成电路控股公司,,,,,,0,0,,,其他专用设备制造业,专用设备制造业,Ontario,Sydney,,TSX,Main Board,,0,1,法国,0,0,23/3/2026 09:32:16,23/3/2026 09:32:16
3054,2022,2828,国外,保会盛实业科技公司,,,,,,0,0,,,开发辅助业,采矿业,,London,,NYSE,Main Board,,0,1,德国,0,0,23/3/2026 09:32:16,23/3/2026 09:32:16
3055,2022,2856,国外,招城澜通信有限公司,,,,,,0,0,,,建筑装饰,建筑业,,Toronto,,ASX,NASDAQ Global Select,,0,1,法国,0,0,23/3/2026 09:32:16,23/3/2026 09:32:16
3058,2022,603838,国外,招课骏通信发展公司,,,,,,0,0,,,陶瓷制品业,非金属矿物制品业,Tokyo,Tokyo,,LSE,NASDAQ Global Select,,0,1,英国,0,0,23/3/2026 09:32:16,23/3/2026 09:32:16
3060,2022,603602,国外,华通禾生物科技控股公司,,,,,,0,0,,,软件和信息技术服务,信息传输、软件和信息技术服务业,Zurich,,,TSX,,,0,1,法国,0,0,23/3/2026 09:32:16,23/3/2026 09:32:16
3062,2022,603066,国外,明业锦金融公司,,,,,,0,0,,,仓储业,交通运输、仓储和邮政业,California,Sydney,,TSX,Growth,,0,1,德国,0,0,23/3/2026 09:32:16,23/3/2026 09:32:16
3063,2022,603027,国外,联源泽新材料公司,,,,,,0,0,,,食品业,食品饮料业,California,Tokyo,,NASDAQ,,,0,1,英国,0,0,23/3/2026 09:32:16,23/3/2026 09:32:16
3064,2022,603987,国外,华芯盛水务有限公司,,,,,,0,0,,,医疗专用设备制造业,专用设备制造业,England,Tokyo,,NYSE,Standard,,0,1,德国,0,0,23/3/2026 09:32:16,23/3/2026 09:32:16
3066,2022,300497,国外,润源禾通信有限公司,,,,,,0,0,,,制药,医药制造业,California,Toronto,,SGX,Standard,,0,1,法国,0,0,23/3/2026 09:32:16,23/3/2026 09:32:16
3081,2022,300542,国外,花电盛环境科技集团公司,,,,,,0,0,,,软件和信息技术服务,信息传输、软件和信息技术服务业,,London,,XETRA,Growth,,0,1,英国,0,0,23/3/2026 09:32:16,23/3/2026 09:32:16
3082,2022,300509,国外,华海科水务发展公司,,,,,,0,0,,,其他专用设备制造业,专用设备制造业,,Sydney,,TSE,Main Board,,0,1,德国,0,0,23/3/2026 09:32:16,23/3/2026 09:32:16
3083,2022,300499,国外,十酷禾新能源汽车集团公司,,,,,,0,0,,,电机制造业,商业电气机械和器材制造业,,Sydney,,NYSE,Prime,,0,1,法国,0,0,23/3/2026 09:32:16,23/3/2026 09:32:16
3085,2022,603658,国外,十环航环境科技集团公司,,,,,,0,0,,,生物科技,医药制造业,New South Wales,Singapore,,TSX,NASDAQ Global Select,,0,1,法国,0,0,23/3/2026 09:32:16,23/3/2026 09:32:16
3089,2022,603043,国外,北园源玻璃公司,,,,,,0,0,,,食品业,食品饮料业,California,Toronto,,,Growth,,0,1,英国,0,0,23/3/2026 09:32:16,23/3/2026 09:32:16
3090,2022,603313,国外,瑞禾迈环境科技发展公司,,,,,,0,0,,,家具制造业,家具制造业,England,Toronto,,TSX,Main Board,,0,1,英国,0,0,23/3/2026 09:32:16,23/3/2026 09:32:16
3091,2022,300508,国外,十锦科金融控股公司,,,,,,0,0,,,软件和信息技术服务,信息传输、软件和信息技术服务业,Tokyo,Tokyo,,TSX,NASDAQ Global Select,,0,1,英国,0,0,23/3/2026 09:32:16,23/3/2026 09:32:16
3092,2022,300412,国外,万酷泽批发发展公司,,,,,,0,0,,,其他专用设备制造业,专用设备制造业,Zurich,,,ASX,Standard,,0,1,英国,0,0,23/3/2026 09:32:16,23/3/2026 09:32:16
3093,2022,603819,国外,冀海拓船舶股份公司,,,,,,0,0,,,电机制造业,商业电气机械和器材制造业,Tokyo,,,ASX,Standard,,0,1,德国,0,0,23/3/2026 09:32:16,23/3/2026 09:32:16
3096,2022,2825,国外,瑞通科电器控股公司,,,,,,0,0,,,塑料制品,橡胶和塑料制品业,Zurich,Singapore,,LSE,Standard,,0,1,法国,0,0,23/3/2026 09:32:16,23/3/2026 09:32:16
3103,2022,603300,国外,启澜禾批发控股公司,,,,,,0,0,,,租赁业,租赁和商务服务业,England,,,TSE,,,0,1,英国,0,0,23/3/2026 09:32:16,23/3/2026 09:32:16
3105,2022,603019,国外,瑞酷迈实业控股公司,,,,,,0,0,,,其他专用设备制造业,专用设备制造业,Zurich,Singapore,,SGX,Main Board,,0,1,德国,0,0,23/3/2026 09:32:16,23/3/2026 09:32:16
3107,2022,603519,国外,科尹盛通信控股公司,,,,,,0,0,,,电子元件及设备,消费电子及电气业,Ontario,Frankfurt,,NYSE,NASDAQ Global Select,,0,1,法国,0,0,23/3/2026 09:32:16,23/3/2026 09:32:16
3109,2022,2785,国外,启芯智连锁有限公司,,,,,,0,0,,,土木工程,建筑业,,Tokyo,,XETRA,Standard,,0,1,法国,0,0,23/3/2026 09:32:16,23/3/2026 09:32:16
3111,2022,300665,国外,远课智置业发展公司,,,,,,0,0,,,精细化工,化学原料和化学制品制造业,New South Wales,Singapore,,NYSE,Standard,,0,1,英国,0,0,23/3/2026 09:32:16,23/3/2026 09:32:16
3113,2022,601878,国外,润园智综合开发控股公司,,,,,,0,0,,,证券,金融业,California,Singapore,,TSE,Growth,,0,1,德国,0,0,23/3/2026 09:32:16,23/3/2026 09:32:16
3114,2022,603886,国外,绿课骏医药控股公司,,,,,,0,0,,,食品业,食品饮料业,Bavaria,Tokyo,,XETRA,Growth,,0,1,德国,0,0,23/3/2026 09:32:16,23/3/2026 09:32:16
3121,2022,300426,国外,绿锦盛能源发展公司,,,,,,0,0,,,文化、体育和娱乐业,文化、体育和娱乐业,Bavaria,New York,,,Prime,,0,1,法国,0,0,23/3/2026 09:32:16,23/3/2026 09:32:16
3123,2022,2810,国外,冀控智玻璃科技公司,,,,,,0,0,,,化工原料,化学原料和化学制品制造业,Bavaria,Tokyo,,XETRA,NASDAQ Global Select,,0,1,法国,0,0,23/3/2026 09:32:16,23/3/2026 09:32:16
3133,2022,603016,国外,北阳创建设开发控股公司,,,,,,0,0,,,电机制造业,商业电气机械和器材制造业,New South Wales,Toronto,,,Growth,,0,1,德国,0,0,23/3/2026 09:32:16,23/3/2026 09:32:16
3137,2022,603628,国外,恒晋澜零售科技公司,,,,,,0,0,,,其他制造业,其他制造业,Ontario,London,,LSE,Prime,,0,1,法国,0,0,23/3/2026 09:32:16,23/3/2026 09:32:16
3143,2022,603239,国外,凯酷润船舶发展公司,,,,,,0,0,,,汽车零部件制造业,汽车制造业,England,Sydney,,,Standard,,0,1,德国,0,0,23/3/2026 09:32:16,23/3/2026 09:32:16
3146,2022,603888,国外,华澜禾零售科技公司,,,,,,0,0,,,互联网和相关服务,信息传输、软件和信息技术服务业,,Singapore,,,Standard,,0,1,德国,0,0,23/3/2026 09:32:16,23/3/2026 09:32:16
3147,2022,603416,国外,远电航建筑设计集团公司,,,,,,0,0,,,仪器仪表制造业,仪器仪表制造业,Zurich,Frankfurt,,NYSE,Standard,,0,1,法国,0,0,23/3/2026 09:32:16,23/3/2026 09:32:16
3148,2022,603633,国外,众城置船舶有限公司,,,,,,0,0,,,电子元件及设备,消费电子及电气业,New South Wales,New York,,NASDAQ,Prime,,0,1,法国,0,0,23/3/2026 09:32:16,23/3/2026 09:32:16
3149,2022,603098,国外,众盈源连锁集团公司,,,,,,0,0,,,建筑装饰,建筑业,New South Wales,Frankfurt,,XETRA,NASDAQ Global Select,,0,1,德国,0,0,23/3/2026 09:32:16,23/3/2026 09:32:16
3152,2022,603505,国外,恒澜禾零售股份公司,,,,,,0,0,,,其他非金属制品业,非金属矿物制品业,California,New York,,,Main Board,,0,1,英国,0,0,23/3/2026 09:32:16,23/3/2026 09:32:16
3154,2022,603203,国外,万控昌城市发展科技公司,,,,,,0,0,,,其他专用设备制造业,专用设备制造业,California,Tokyo,,XETRA,Standard,,0,1,德国,0,0,23/3/2026 09:32:16,23/3/2026 09:32:16
3158,2022,300487,国外,万尹盛软件控股公司,,,,,,0,0,,,化工原料,化学原料和化学制品制造业,Ontario,,,ASX,Standard,,0,1,法国,0,0,23/3/2026 09:32:16,23/3/2026 09:32:16
3159,2022,300457,国外,远城泽实业集团公司,,,,,,0,0,,,其他专用设备制造业,专用设备制造业,,London,,LSE,Growth,,0,1,德国,0,0,23/3/2026 09:32:16,23/3/2026 09:32:16
3160,2022,300548,国外,绿新置软件有限公司,,,,,,0,0,,,通信传输设备业,通信传输设备业,California,Tokyo,,TSX,NASDAQ Global Select,,0,1,法国,0,0,23/3/2026 09:32:16,23/3/2026 09:32:16
3162,2022,300560,国外,联新盛零售股份公司,,,,,,0,0,,,软件和信息技术服务,信息传输、软件和信息技术服务业,California,,,SGX,NASDAQ Global Select,,0,1,德国,0,0,23/3/2026 09:32:16,23/3/2026 09:32:16
3164,2022,300550,国外,招达景医药控股公司,,,,,,0,0,,,软件和信息技术服务,信息传输、软件和信息技术服务业,Zurich,Singapore,,ASX,Growth,,0,1,英国,0,0,23/3/2026 09:32:16,23/3/2026 09:32:16
3165,2022,300394,国外,盛芯航电器集团公司,,,,,,0,0,,,通信传输设备业,通信传输设备业,Ontario,Toronto,,TSE,Growth,,0,1,德国,0,0,23/3/2026 09:32:16,23/3/2026 09:32:16
3170,2022,300631,国外,绿白润生物科技有限公司,,,,,,0,0,,,其他专用设备制造业,专用设备制造业,,,,SGX,Prime,,0,1,德国,0,0,23/3/2026 09:32:16,23/3/2026 09:32:16
3171,2022,300515,国外,明通智城市发展股份公司,,,,,,0,0,,,仪器仪表制造业,仪器仪表制造业,Tokyo,Toronto,,SGX,,,0,1,德国,0,0,23/3/2026 09:32:16,23/3/2026 09:32:16
3180,2022,600908,国外,保桥景数据服务科技公司,,,,,,0,0,,,银行,金融业,England,Singapore,,NASDAQ,,,0,1,英国,0,0,23/3/2026 09:32:16,23/3/2026 09:32:16
3182,2022,603323,国外,冀酷瀚房地产开发控股公司,,,,,,0,0,,,银行,金融业,England,New York,,ASX,Prime,,0,1,英国,0,0,23/3/2026 09:32:16,23/3/2026 09:32:16
3183,2022,600919,国外,恒业泰建设开发股份公司,,,,,,0,0,,,银行,金融业,Zurich,New York,,,Growth,,0,1,德国,0,0,23/3/2026 09:32:16,23/3/2026 09:32:16
3185,2022,601997,国外,十源创环境科技发展公司,,,,,,0,0,,,银行,金融业,Tokyo,New York,,LSE,NASDAQ Global Select,,0,1,德国,0,0,23/3/2026 09:32:16,23/3/2026 09:32:16
3195,2022,300582,国外,明新润数据服务发展公司,,,,,,0,0,,,电子元件及设备,消费电子及电气业,Ontario,Toronto,,NYSE,Prime,,0,1,英国,0,0,23/3/2026 09:32:16,23/3/2026 09:32:16
3197,2022,603336,国外,冀晋迈水电股份公司,,,,,,0,0,,,食品业,食品饮料业,California,Toronto,,NASDAQ,NASDAQ Global Select,,0,1,英国,0,0,23/3/2026 09:32:16,23/3/2026 09:32:16
3202,2022,300563,国外,科工智新材料控股公司,,,,,,0,0,,,通信传输设备业,通信传输设备业,California,Toronto,,TSE,Main Board,,0,1,德国,0,0,23/3/2026 09:32:16,23/3/2026 09:32:16
3204,2022,2833,国外,科禾置城市发展发展公司,,,,,,0,0,,,其他专用设备制造业,专用设备制造业,Tokyo,Tokyo,,NASDAQ,Prime,,0,1,英国,0,0,23/3/2026 09:32:16,23/3/2026 09:32:16
3206,2022,300562,国外,润控科玻璃科技公司,,,,,,0,0,,,医疗专用设备制造业,专用设备制造业,England,Singapore,,TSX,Main Board,,0,1,德国,0,0,23/3/2026 09:32:16,23/3/2026 09:32:16
3207,2022,603585,国外,物海置玻璃发展公司,,,,,,0,0,,,农药,化学原料和化学制品制造业,Ontario,New York,,XETRA,Standard,,0,1,德国,0,0,23/3/2026 09:32:16,23/3/2026 09:32:16
3208,2022,300565,国外,润源瀚玻璃股份公司,,,,,,0,0,,,通信传输设备业,通信传输设备业,Bavaria,Singapore,,XETRA,Standard,,0,1,英国,0,0,23/3/2026 09:32:16,23/3/2026 09:32:16
3210,2022,2845,国外,北电景建设开发公司,,,,,,0,0,,,电子元件及设备,消费电子及电气业,Tokyo,New York,,XETRA,Prime,,0,1,德国,0,0,23/3/2026 09:32:16,23/3/2026 09:32:16
3211,2022,603517,国外,远会澜传媒发展公司,,,,,,0,0,,,食品业,食品饮料业,Tokyo,Singapore,,NYSE,Prime,,0,1,德国,0,0,23/3/2026 09:32:16,23/3/2026 09:32:16
3213,2022,603990,国外,绿泽泽集成电路控股公司,,,,,,0,0,,,软件和信息技术服务,信息传输、软件和信息技术服务业,Bavaria,Singapore,,ASX,Growth,,0,1,法国,0,0,23/3/2026 09:32:16,23/3/2026 09:32:16
3215,2022,603298,国外,润通置实业集团公司,,,,,,0,0,,,通用设备制造业,通用设备制造业,Ontario,Toronto,,SGX,Growth,,0,1,英国,0,0,23/3/2026 09:32:16,23/3/2026 09:32:16
3216,2022,603668,国外,启禾禾集成电路发展公司,,,,,,0,0,,,食品业,食品饮料业,,Sydney,,NASDAQ,Prime,,0,1,英国,0,0,23/3/2026 09:32:16,23/3/2026 09:32:16
3219,2022,300686,国外,物课科传媒有限公司,,,,,,0,0,,,电子元件及设备,消费电子及电气业,Ontario,Sydney,,,Main Board,,0,1,法国,0,0,23/3/2026 09:32:16,23/3/2026 09:32:16
3222,2022,2837,国外,凯城昌数据服务有限公司,,,,,,0,0,,,其他专用设备制造业,专用设备制造业,California,Tokyo,,ASX,,,0,1,法国,0,0,23/3/2026 09:32:16,23/3/2026 09:32:16
3223,2022,300566,国外,瑞阳智环境科技股份公司,,,,,,0,0,,,电子元件及设备,消费电子及电气业,California,Frankfurt,,NYSE,Standard,,0,1,德国,0,0,23/3/2026 09:32:16,23/3/2026 09:32:16
3224,2022,300567,国外,科泽泽玻璃控股公司,,,,,,0,0,,,仪器仪表制造业,仪器仪表制造业,,Sydney,,TSE,NASDAQ Global Select,,0,1,法国,0,0,23/3/2026 09:32:16,23/3/2026 09:32:16
3225,2022,2857,国外,花环澜水务公司,,,,,,0,0,,,仪器仪表制造业,仪器仪表制造业,California,London,,NASDAQ,Standard,,0,1,英国,0,0,23/3/2026 09:32:16,23/3/2026 09:32:16
3228,2022,603928,国外,凯控禾批发股份公司,,,,,,0,0,,,化工原料,化学原料和化学制品制造业,Bavaria,Frankfurt,,XETRA,Standard,,0,1,德国,0,0,23/3/2026 09:32:16,23/3/2026 09:32:16
3234,2022,603228,国外,华园科综合开发股份公司,,,,,,0,0,,,半导体业,半导体业,,,,SGX,,,0,1,德国,0,0,23/3/2026 09:32:16,23/3/2026 09:32:16
3239,2022,603357,国外,北达拓数据服务发展公司,,,,,,0,0,,,其他科研技术服务,科学研究和技术服务业,Tokyo,New York,,NASDAQ,,,0,1,德国,0,0,23/3/2026 09:32:16,23/3/2026 09:32:16
3249,2022,603157,国外,远课禾船舶公司,,,,,,0,0,,,纺织服装,,Zurich,Tokyo,,,NASDAQ Global Select,,0,1,德国,0,0,23/3/2026 09:32:16,23/3/2026 09:32:16
3251,2022,2884,国外,盛园启环境科技控股公司,,,,,,0,0,,,通用设备制造业,通用设备制造业,England,London,,XETRA,Prime,,0,1,德国,0,0,23/3/2026 09:32:16,23/3/2026 09:32:16
3252,2022,603970,国外,星城创玻璃有限公司,,,,,,0,0,,,批发业,批发和零售业,California,Singapore,,,Prime,,0,1,法国,0,0,23/3/2026 09:32:16,23/3/2026 09:32:16
3253,2022,2877,国外,华园润能源有限公司,,,,,,0,0,,,仪器仪表制造业,仪器仪表制造业,New South Wales,,,SGX,NASDAQ Global Select,,0,1,英国,0,0,23/3/2026 09:32:16,23/3/2026 09:32:16
3256,2022,603196,国外,保泽拓环境科技公司,,,,,,0,0,,,纺织鞋服业,纺织鞋服业,Tokyo,Frankfurt,,XETRA,Prime,,0,1,法国,0,0,23/3/2026 09:32:16,23/3/2026 09:32:16
3257,2022,603978,国外,保工景城市发展集团公司,,,,,,0,0,,,有色金属冶炼和压延加工业,金属冶炼和压延加工业,Ontario,London,,TSE,Prime,,0,1,英国,0,0,23/3/2026 09:32:16,23/3/2026 09:32:16
3264,2022,300622,国外,明源航船舶控股公司,,,,,,0,0,,,零售业,批发和零售业,England,Toronto,,TSE,Prime,,0,1,英国,0,0,23/3/2026 09:32:16,23/3/2026 09:32:16
3269,2022,300633,国外,润车润玻璃控股公司,,,,,,0,0,,,医疗专用设备制造业,专用设备制造业,New South Wales,,,TSX,,,0,1,英国,0,0,23/3/2026 09:32:16,23/3/2026 09:32:16
3272,2022,300611,国外,远工盛置业公司,,,,,,0,0,,,通用设备制造业,通用设备制造业,Zurich,Sydney,,TSE,Prime,,0,1,德国,0,0,23/3/2026 09:32:16,23/3/2026 09:32:16
3273,2022,300609,国外,北业骏通信有限公司,,,,,,0,0,,,软件和信息技术服务,信息传输、软件和信息技术服务业,California,Sydney,,TSE,Prime,,0,1,法国,0,0,23/3/2026 09:32:16,23/3/2026 09:32:16
3276,2022,300626,国外,润车创化工有限公司,,,,,,0,0,,,电机制造业,商业电气机械和器材制造业,Tokyo,New York,,ASX,Growth,,0,1,法国,0,0,23/3/2026 09:32:16,23/3/2026 09:32:16
3279,2022,300637,国外,恒课科集成电路科技公司,,,,,,0,0,,,精细化工,化学原料和化学制品制造业,England,London,,,Growth,,0,1,法国,0,0,23/3/2026 09:32:16,23/3/2026 09:32:16
3284,2022,300662,国外,星禾泽贸易发展公司,,,,,,0,0,,,商务服务业,租赁和商务服务业,New South Wales,New York,,XETRA,Standard,,0,1,德国,0,0,23/3/2026 09:32:16,23/3/2026 09:32:16
3285,2022,300670,国外,花白锦城市发展公司,,,,,,0,0,,,电机制造业,商业电气机械和器材制造业,California,New York,,TSE,Standard,,0,1,德国,0,0,23/3/2026 09:32:16,23/3/2026 09:32:16
3286,2022,300663,国外,众达迈新能源汽车集团公司,,,,,,0,0,,,软件和信息技术服务,信息传输、软件和信息技术服务业,Ontario,Toronto,,XETRA,NASDAQ Global Select,,0,1,德国,0,0,23/3/2026 09:32:16,23/3/2026 09:32:16
3289,2022,601155,国外,新白泽船舶控股公司,,,,,,0,0,,,商业地产,房地产业,,Singapore,,TSX,,,0,1,法国,0,0,23/3/2026 09:32:16,23/3/2026 09:32:16
3290,2022,300685,国外,众澜瀚新材料股份公司,,,,,,0,0,,,生物科技,医药制造业,Tokyo,Singapore,,,Standard,,0,1,法国,0,0,23/3/2026 09:32:16,23/3/2026 09:32:16
3295,2022,300648,国外,科晋澜生物科技发展公司,,,,,,0,0,,,仪器仪表制造业,仪器仪表制造业,England,New York,,,NASDAQ Global Select,,0,1,英国,0,0,23/3/2026 09:32:16,23/3/2026 09:32:16
3297,2022,603289,国外,启新联实业发展公司,,,,,,0,0,,,其他专用设备制造业,专用设备制造业,England,London,,TSX,NASDAQ Global Select,,0,1,法国,0,0,23/3/2026 09:32:16,23/3/2026 09:32:16
3304,2022,300653,国外,星达启环境科技科技公司,,,,,,0,0,,,医疗专用设备制造业,专用设备制造业,Zurich,Singapore,,NYSE,Main Board,,0,1,法国,0,0,23/3/2026 09:32:16,23/3/2026 09:32:16
3305,2022,300676,国外,北白昌环境科技集团公司,,,,,,0,0,,,卫生和社会工作,卫生和社会工作,California,Tokyo,,ASX,Main Board,,0,1,英国,0,0,23/3/2026 09:32:16,23/3/2026 09:32:16
3306,2022,603226,国外,招园科电器有限公司,,,,,,0,0,,,木材加工和木、竹、藤、棕、草制品业,木材加工和木、竹、藤、棕、草制品业,Zurich,Sydney,,XETRA,,,0,1,法国,0,0,23/3/2026 09:32:16,23/3/2026 09:32:16
3307,2022,603916,国外,明电景医药控股公司,,,,,,0,0,,,化工原料,化学原料和化学制品制造业,Ontario,Sydney,,NYSE,Standard,,0,1,英国,0,0,23/3/2026 09:32:16,23/3/2026 09:32:16
3308,2022,2887,国外,北会骏玻璃集团公司,,,,,,0,0,,,水利、环境和公共设施管理业,水利、环境和公共设施管理业,Bavaria,,,NASDAQ,,,0,1,德国,0,0,23/3/2026 09:32:16,23/3/2026 09:32:16
3314,2022,300651,国外,物源联环境科技集团公司,,,,,,0,0,,,文教、工美、体育和娱乐用品制造业,文教、工美、体育和娱乐用品制造业,Bavaria,New York,,XETRA,NASDAQ Global Select,,0,1,法国,0,0,23/3/2026 09:32:16,23/3/2026 09:32:16
3316,2022,300690,国外,联能智水务发展公司,,,,,,0,0,,,其他制造业,其他制造业,California,Toronto,,TSX,Prime,,0,1,英国,0,0,23/3/2026 09:32:16,23/3/2026 09:32:16
3319,2022,603809,国外,恒禾景化工控股公司,,,,,,0,0,,,汽车零部件制造业,汽车制造业,,,,TSX,Prime,,0,1,德国,0,0,23/3/2026 09:32:16,23/3/2026 09:32:16
3324,2022,300649,国外,十会澜环境科技公司,,,,,,0,0,,,土木工程,建筑业,Bavaria,,,SGX,NASDAQ Global Select,,0,1,英国,0,0,23/3/2026 09:32:16,23/3/2026 09:32:16
3325,2022,2909,国外,瑞车景玻璃科技公司,,,,,,0,0,,,精细化工,化学原料和化学制品制造业,Tokyo,,,NASDAQ,Main Board,,0,1,英国,0,0,23/3/2026 09:32:16,23/3/2026 09:32:16
3327,2022,300666,国外,十白盛医药科技公司,,,,,,0,0,,,半导体业,半导体业,Bavaria,,,,Standard,,0,1,英国,0,0,23/3/2026 09:32:16,23/3/2026 09:32:16
3331,2022,603757,国外,盛白锦金融股份公司,,,,,,0,0,,,通用设备制造业,通用设备制造业,New South Wales,,,TSX,Standard,,0,1,英国,0,0,23/3/2026 09:32:16,23/3/2026 09:32:16
3343,2022,300656,国外,万尹创数据服务公司,,,,,,0,0,,,其他制造业,其他制造业,,London,,,,,0,1,德国,0,0,23/3/2026 09:32:16,23/3/2026 09:32:16
3345,2022,2888,国外,启尹联电器科技公司,,,,,,0,0,,,电子元件及设备,消费电子及电气业,,London,,,Prime,,0,1,英国,0,0,23/3/2026 09:32:16,23/3/2026 09:32:16
3350,2022,603129,国外,启尹泰实业控股公司,,,,,,0,0,,,其他,铁路、船舶、航空航天和其他运输设备制造业,Zurich,,,NYSE,NASDAQ Global Select,,0,1,法国,0,0,23/3/2026 09:32:16,23/3/2026 09:32:16
3352,2022,2895,国外,星阳泰软件科技公司,,,,,,0,0,,,化工原料,化学原料和化学制品制造业,Tokyo,Singapore,,,,,0,1,法国,0,0,23/3/2026 09:32:16,23/3/2026 09:32:16
3354,2022,603976,国外,润控启生物科技集团公司,,,,,,0,0,,,制药,医药制造业,Zurich,Singapore,,,Standard,,0,1,法国,0,0,23/3/2026 09:32:16,23/3/2026 09:32:16
3363,2022,600996,国外,恒园联实业控股公司,,,,,,0,0,,,电信、广播电视和卫星传输服务,信息传输、软件和信息技术服务业,England,Tokyo,,,Standard,,0,1,法国,0,0,23/3/2026 09:32:16,23/3/2026 09:32:16
3365,2022,2921,国外,科工置房地产开发控股公司,,,,,,0,0,,,金属制品业,金属制品业,Ontario,Sydney,,,Standard,,0,1,英国,0,0,23/3/2026 09:32:16,23/3/2026 09:32:16
3369,2022,603214,国外,万城润电器股份公司,,,,,,0,0,,,零售业,批发和零售业,California,Toronto,,TSX,Standard,,0,1,英国,0,0,23/3/2026 09:32:16,23/3/2026 09:32:16
3372,2022,300720,国外,联园远电器公司,,,,,,0,0,,,仪器仪表制造业,仪器仪表制造业,New South Wales,London,,ASX,Standard,,0,1,法国,0,0,23/3/2026 09:32:16,23/3/2026 09:32:16
3375,2022,300730,国外,比泽泰集成电路股份公司,,,,,,0,0,,,软件和信息技术服务,信息传输、软件和信息技术服务业,Ontario,Tokyo,,XETRA,Prime,,0,1,英国,0,0,23/3/2026 09:32:16,23/3/2026 09:32:16
3389,2022,2917,国外,瑞锦禾医药股份公司,,,,,,0,0,,,化工原料,化学原料和化学制品制造业,Tokyo,New York,,SGX,Standard,,0,1,英国,0,0,23/3/2026 09:32:16,23/3/2026 09:32:16
3390,2022,300575,国外,盛工拓房地产开发股份公司,,,,,,0,0,,,农药,化学原料和化学制品制造业,Zurich,Sydney,,ASX,Growth,,0,1,德国,0,0,23/3/2026 09:32:16,23/3/2026 09:32:16
3391,2022,603356,国外,比阳联生物科技股份公司,,,,,,0,0,,,通用设备制造业,通用设备制造业,,Sydney,,XETRA,Growth,,0,1,德国,0,0,23/3/2026 09:32:16,23/3/2026 09:32:16
3394,2022,2910,国外,润通盛化工有限公司,,,,,,0,0,,,食品业,食品饮料业,New South Wales,London,,TSX,NASDAQ Global Select,,0,1,德国,0,0,23/3/2026 09:32:16,23/3/2026 09:32:16
3395,2022,300607,国外,保电智置业科技公司,,,,,,0,0,,,通用设备制造业,通用设备制造业,England,Frankfurt,,LSE,,,0,1,英国,0,0,23/3/2026 09:32:16,23/3/2026 09:32:16
3396,2022,603278,国外,花澜创能源有限公司,,,,,,0,0,,,金属制品业,金属制品业,Tokyo,Sydney,,SGX,Main Board,,0,1,德国,0,0,23/3/2026 09:32:16,23/3/2026 09:32:16
3397,2022,600903,国外,恒会昌金融控股公司,,,,,,0,0,,,燃气生产和供应业,电力、热力、燃气及水生产和供应业,,London,,NASDAQ,,,0,1,法国,0,0,23/3/2026 09:32:16,23/3/2026 09:32:16
3405,2022,603161,国外,冀桥置玻璃集团公司,,,,,,0,0,,,汽车零部件制造业,汽车制造业,England,Singapore,,,Prime,,0,1,法国,0,0,23/3/2026 09:32:16,23/3/2026 09:32:16
3408,2022,300735,国外,新能景玻璃公司,,,,,,0,0,,,电子元件及设备,消费电子及电气业,Ontario,Tokyo,,XETRA,Standard,,0,1,法国,0,0,23/3/2026 09:32:16,23/3/2026 09:32:16
3412,2022,603486,国外,北白盛水电集团公司,,,,,,0,0,,,家用电器,消费电子及电气业,Bavaria,London,,XETRA,Standard,,0,1,法国,0,0,23/3/2026 09:32:16,23/3/2026 09:32:16
3415,2022,601200,国外,比控置房地产开发控股公司,,,,,,0,0,,,水利、环境和公共设施管理业,水利、环境和公共设施管理业,,,,NASDAQ,Main Board,,0,1,德国,0,0,23/3/2026 09:32:16,23/3/2026 09:32:16
3417,2022,603225,国外,润泽澜船舶发展公司,,,,,,0,0,,,化学纤维制造业,化学纤维制造业,Bavaria,London,,NASDAQ,Standard,,0,1,德国,0,0,23/3/2026 09:32:16,23/3/2026 09:32:16
3419,2022,603733,国外,启源景集成电路公司,,,,,,0,0,,,造纸和纸制品业,造纸和纸制品业,Ontario,Frankfurt,,TSX,Standard,,0,1,德国,0,0,23/3/2026 09:32:16,23/3/2026 09:32:16
3426,2022,603477,国外,招车迈零售有限公司,,,,,,0,0,,,牧业,农、林、牧、渔业,,Frankfurt,,SGX,Standard,,0,1,英国,0,0,23/3/2026 09:32:16,23/3/2026 09:32:16
3427,2022,300745,国外,启业澜玻璃公司,,,,,,0,0,,,汽车零部件制造业,汽车制造业,England,Frankfurt,,NYSE,Main Board,,0,1,法国,0,0,23/3/2026 09:32:16,23/3/2026 09:32:16
3428,2022,300740,国外,联环泰集成电路集团公司,,,,,,0,0,,,日化产品,化学原料和化学制品制造业,Tokyo,Toronto,,,Standard,,0,1,法国,0,0,23/3/2026 09:32:16,23/3/2026 09:32:16
3431,2022,603607,国外,万电昌连锁控股公司,,,,,,0,0,,,造纸和纸制品业,造纸和纸制品业,Bavaria,,,ASX,,,0,1,法国,0,0,23/3/2026 09:32:16,23/3/2026 09:32:16
3433,2022,603617,国外,绿源启玻璃集团公司,,,,,,0,0,,,通用设备制造业,通用设备制造业,Bavaria,Toronto,,TSX,Prime,,0,1,英国,0,0,23/3/2026 09:32:16,23/3/2026 09:32:16
3451,2022,300669,国外,花会远房地产开发公司,,,,,,0,0,,,通用设备制造业,通用设备制造业,Bavaria,Sydney,,NASDAQ,Growth,,0,1,英国,0,0,23/3/2026 09:32:16,23/3/2026 09:32:16
3455,2022,603183,国外,科工远综合开发控股公司,,,,,,0,0,,,其他科研技术服务,科学研究和技术服务业,Bavaria,Frankfurt,,TSE,Standard,,0,1,法国,0,0,23/3/2026 09:32:16,23/3/2026 09:32:16
3457,2022,603181,国外,瑞桥智水务控股公司,,,,,,0,0,,,精细化工,化学原料和化学制品制造业,,,,XETRA,,,0,1,法国,0,0,23/3/2026 09:32:16,23/3/2026 09:32:16
3459,2022,300687,国外,新阳联传媒公司,,,,,,0,0,,,软件和信息技术服务,信息传输、软件和信息技术服务业,New South Wales,Singapore,,NYSE,Standard,,0,1,英国,0,0,23/3/2026 09:32:16,23/3/2026 09:32:16
3463,2022,2892,国外,北泽创玻璃发展公司,,,,,,0,0,,,智能消费设备,消费电子及电气业,California,New York,,LSE,Main Board,,0,1,法国,0,0,23/3/2026 09:32:16,23/3/2026 09:32:16
3465,2022,603499,国外,北澜盛连锁发展公司,,,,,,0,0,,,印刷和记录媒介复制业,印刷和记录媒介复制业,Tokyo,Sydney,,ASX,Prime,,0,1,英国,0,0,23/3/2026 09:32:16,23/3/2026 09:32:16
3466,2022,300723,国外,华禾远建设开发股份公司,,,,,,0,0,,,制药,医药制造业,Ontario,New York,,XETRA,,,0,1,德国,0,0,23/3/2026 09:32:16,23/3/2026 09:32:16
3467,2022,603659,国外,长控盛房地产开发科技公司,,,,,,0,0,,,电池制造业,商业电气机械和器材制造业,Ontario,New York,,TSE,,,0,1,英国,0,0,23/3/2026 09:32:16,23/3/2026 09:32:16
3475,2022,300713,国外,盛园联新能源汽车有限公司,,,,,,0,0,,,电机制造业,商业电气机械和器材制造业,Tokyo,London,,TSX,Main Board,,0,1,法国,0,0,23/3/2026 09:32:16,23/3/2026 09:32:16
3478,2022,2907,国外,万海锦实业集团公司,,,,,,0,0,,,制药,医药制造业,Ontario,Frankfurt,,,Standard,,0,1,英国,0,0,23/3/2026 09:32:16,23/3/2026 09:32:16
3479,2022,300702,国外,盛达航房地产开发科技公司,,,,,,0,0,,,制药,医药制造业,Tokyo,Toronto,,ASX,Standard,,0,1,法国,0,0,23/3/2026 09:32:16,23/3/2026 09:32:16
3480,2022,603895,国外,招环源软件股份公司,,,,,,0,0,,,其他专用设备制造业,专用设备制造业,Ontario,Frankfurt,,ASX,Prime,,0,1,德国,0,0,23/3/2026 09:32:16,23/3/2026 09:32:16
3484,2022,300707,国外,物达景建筑设计股份公司,,,,,,0,0,,,其他专用设备制造业,专用设备制造业,California,,,LSE,Main Board,,0,1,英国,0,0,23/3/2026 09:32:16,23/3/2026 09:32:16
3490,2022,300739,国外,北电科金融发展公司,,,,,,0,0,,,电子元件及设备,消费电子及电气业,England,Singapore,,TSE,NASDAQ Global Select,,0,1,法国,0,0,23/3/2026 09:32:16,23/3/2026 09:32:16
3492,2022,300741,国外,冀城骏金融集团公司,,,,,,0,0,,,精细化工,化学原料和化学制品制造业,Ontario,Singapore,,ASX,Growth,,0,1,法国,0,0,23/3/2026 09:32:16,23/3/2026 09:32:16
3493,2022,300698,国外,保环拓房地产开发股份公司,,,,,,0,0,,,通信传输设备业,通信传输设备业,California,Singapore,,NASDAQ,,,0,1,法国,0,0,23/3/2026 09:32:16,23/3/2026 09:32:16
3494,2022,603527,国外,比控创通信控股公司,,,,,,0,0,,,有色金属冶炼和压延加工业,金属冶炼和压延加工业,England,New York,,NYSE,Standard,,0,1,法国,0,0,23/3/2026 09:32:16,23/3/2026 09:32:16
3495,2022,603876,国外,科达智建筑设计公司,,,,,,0,0,,,有色金属冶炼和压延加工业,金属冶炼和压延加工业,,London,,NASDAQ,Prime,,0,1,英国,0,0,23/3/2026 09:32:16,23/3/2026 09:32:16
3497,2022,603277,国外,启盈禾财富管理公司,,,,,,0,0,,,通用设备制造业,通用设备制造业,Zurich,,,LSE,Main Board,,0,1,法国,0,0,23/3/2026 09:32:16,23/3/2026 09:32:16
3500,2022,603080,国外,润锦盛电器发展公司,,,,,,0,0,,,燃气生产和供应业,电力、热力、燃气及水生产和供应业,Tokyo,Sydney,,ASX,NASDAQ Global Select,,0,1,德国,0,0,23/3/2026 09:32:16,23/3/2026 09:32:16
3501,2022,300454,国外,比白科连锁公司,,,,,,0,0,,,软件和信息技术服务,信息传输、软件和信息技术服务业,California,Tokyo,,TSE,Standard,,0,1,英国,0,0,23/3/2026 09:32:16,23/3/2026 09:32:16
3503,2022,603937,国外,润工昌建设开发控股公司,,,,,,0,0,,,金属制品业,金属制品业,Tokyo,Sydney,,,Main Board,,0,1,法国,0,0,23/3/2026 09:32:16,23/3/2026 09:32:16
3504,2022,300711,国外,远酷景置业发展公司,,,,,,0,0,,,软件和信息技术服务,信息传输、软件和信息技术服务业,England,Sydney,,NYSE,Standard,,0,1,法国,0,0,23/3/2026 09:32:16,23/3/2026 09:32:16
3507,2022,600933,国外,润能科金融发展公司,,,,,,0,0,,,汽车零部件制造业,汽车制造业,,Singapore,,SGX,Prime,,0,1,英国,0,0,23/3/2026 09:32:16,23/3/2026 09:32:16
3510,2022,300732,国外,凯车盛新能源汽车公司,,,,,,0,0,,,其他科研技术服务,科学研究和技术服务业,Tokyo,Tokyo,,NYSE,Growth,,0,1,德国,0,0,23/3/2026 09:32:16,23/3/2026 09:32:16
3511,2022,603348,国外,高业骏批发集团公司,,,,,,0,0,,,金属制品业,金属制品业,,,,LSE,Prime,,0,1,法国,0,0,23/3/2026 09:32:16,23/3/2026 09:32:16
3529,2022,2875,国外,万泽盛数据服务有限公司,,,,,,0,0,,,纺织鞋服业,纺织鞋服业,Tokyo,Toronto,,TSX,Main Board,,0,1,德国,0,0,23/3/2026 09:32:16,23/3/2026 09:32:16
3537,2022,2863,国外,比会昌化工股份公司,,,,,,0,0,,,汽车零部件制造业,汽车制造业,Bavaria,Tokyo,,TSX,NASDAQ Global Select,,0,1,法国,0,0,23/3/2026 09:32:16,23/3/2026 09:32:16
3538,2022,300684,国外,联会锦通信集团公司,,,,,,0,0,,,电子元件及设备,消费电子及电气业,Tokyo,Frankfurt,,LSE,Prime,,0,1,英国,0,0,23/3/2026 09:32:16,23/3/2026 09:32:16
3540,2022,2853,国外,科电泰电子控股公司,,,,,,0,0,,,家具制造业,家具制造业,California,London,,TSX,NASDAQ Global Select,,0,1,英国,0,0,23/3/2026 09:32:16,23/3/2026 09:32:16
3543,2022,603656,国外,碧电昌金融公司,,,,,,0,0,,,其他专用设备制造业,专用设备制造业,Bavaria,Tokyo,,NASDAQ,Main Board,,0,1,法国,0,0,23/3/2026 09:32:16,23/3/2026 09:32:16
3544,2022,603758,国外,联阳泽化工科技公司,,,,,,0,0,,,汽车零部件制造业,汽车制造业,,Sydney,,NYSE,Prime,,0,1,德国,0,0,23/3/2026 09:32:16,23/3/2026 09:32:16
3548,2022,603096,国外,招控盛连锁股份公司,,,,,,0,0,,,文化、体育和娱乐业,文化、体育和娱乐业,California,Toronto,,,NASDAQ Global Select,,0,1,法国,0,0,23/3/2026 09:32:16,23/3/2026 09:32:16
3549,2022,603728,国外,保泽拓新材料控股公司,,,,,,0,0,,,电机制造业,商业电气机械和器材制造业,Bavaria,Singapore,,TSE,NASDAQ Global Select,,0,1,英国,0,0,23/3/2026 09:32:16,23/3/2026 09:32:16
3551,2022,603501,国外,星城泰建筑设计控股公司,,,,,,0,0,,,半导体业,半导体业,England,Frankfurt,,LSE,Prime,,0,1,法国,0,0,23/3/2026 09:32:16,23/3/2026 09:32:16
3553,2022,300629,国外,新桥置电器发展公司,,,,,,0,0,,,其他专用设备制造业,专用设备制造业,New South Wales,New York,,XETRA,,,0,1,德国,0,0,23/3/2026 09:32:16,23/3/2026 09:32:16
3558,2022,603496,国外,冀城联集成电路控股公司,,,,,,0,0,,,电子元件及设备,消费电子及电气业,England,Frankfurt,,LSE,,,0,1,法国,0,0,23/3/2026 09:32:16,23/3/2026 09:32:16
3563,2022,2868,国外,盛禾智金融科技公司,,,,,,0,0,,,制药,医药制造业,,London,,XETRA,Main Board,,0,1,英国,0,0,23/3/2026 09:32:16,23/3/2026 09:32:16
3566,2022,603817,国外,比能瀚水务有限公司,,,,,,0,0,,,水生产和供应业,电力、热力、燃气及水生产和供应业,,London,,TSX,Prime,,0,1,法国,0,0,23/3/2026 09:32:16,23/3/2026 09:32:16
3571,2022,2906,国外,碧控盛连锁股份公司,,,,,,0,0,,,汽车零部件制造业,汽车制造业,England,Sydney,,TSX,,,0,1,英国,0,0,23/3/2026 09:32:16,23/3/2026 09:32:16
3572,2022,603926,国外,高白启集成电路有限公司,,,,,,0,0,,,汽车零部件制造业,汽车制造业,Ontario,Tokyo,,ASX,Growth,,0,1,英国,0,0,23/3/2026 09:32:16,23/3/2026 09:32:16
3573,2022,603879,国外,星环联实业股份公司,,,,,,0,0,,,化工原料,化学原料和化学制品制造业,California,Tokyo,,ASX,Growth,,0,1,法国,0,0,23/3/2026 09:32:16,23/3/2026 09:32:16
3574,2022,603032,国外,十芯景置业发展公司,,,,,,0,0,,,其他专用设备制造业,专用设备制造业,Tokyo,London,,,Prime,,0,1,英国,0,0,23/3/2026 09:32:16,23/3/2026 09:32:16
3575,2022,603385,国外,联禾昌水电公司,,,,,,0,0,,,陶瓷制品业,非金属矿物制品业,England,Tokyo,,XETRA,NASDAQ Global Select,,0,1,德国,0,0,23/3/2026 09:32:16,23/3/2026 09:32:16
3576,2022,603768,国外,新新昌金融有限公司,,,,,,0,0,,,汽车零部件制造业,汽车制造业,Zurich,Toronto,,TSX,Standard,,0,1,英国,0,0,23/3/2026 09:32:16,23/3/2026 09:32:16
3577,2022,603081,国外,润桥联建设开发集团公司,,,,,,0,0,,,其他专用设备制造业,专用设备制造业,California,New York,,,,,0,1,英国,0,0,23/3/2026 09:32:16,23/3/2026 09:32:16
3578,2022,603378,国外,启酷景集成电路控股公司,,,,,,0,0,,,精细化工,化学原料和化学制品制造业,Ontario,,,NYSE,Prime,,0,1,德国,0,0,23/3/2026 09:32:16,23/3/2026 09:32:16
3579,2022,603721,国外,联能启水电公司,,,,,,0,0,,,文化、体育和娱乐业,文化、体育和娱乐业,New South Wales,Toronto,,TSX,Main Board,,0,1,德国,0,0,23/3/2026 09:32:16,23/3/2026 09:32:16
3580,2022,603393,国外,华禾启玻璃公司,,,,,,0,0,,,燃气生产和供应业,电力、热力、燃气及水生产和供应业,New South Wales,Tokyo,,SGX,Growth,,0,1,法国,0,0,23/3/2026 09:32:16,23/3/2026 09:32:16
3583,2022,603050,国外,长能泽实业集团公司,,,,,,0,0,,,电机制造业,商业电气机械和器材制造业,,Sydney,,TSX,Prime,,0,1,法国,0,0,23/3/2026 09:32:16,23/3/2026 09:32:16
3584,2022,300588,国外,明工盛船舶股份公司,,,,,,0,0,,,软件和信息技术服务,信息传输、软件和信息技术服务业,Tokyo,New York,,XETRA,,,0,1,法国,0,0,23/3/2026 09:32:16,23/3/2026 09:32:16
3591,2022,2870,国外,凯晋置房地产开发有限公司,,,,,,0,0,,,汽车零部件制造业,汽车制造业,,,,LSE,,,0,1,法国,0,0,23/3/2026 09:32:16,23/3/2026 09:32:16
3596,2022,603179,国外,冀控创玻璃科技公司,,,,,,0,0,,,汽车零部件制造业,汽车制造业,,London,,NASDAQ,Prime,,0,1,英国,0,0,23/3/2026 09:32:16,23/3/2026 09:32:16
3597,2022,300618,国外,华尹景城市发展发展公司,,,,,,0,0,,,有色金属冶炼和压延加工业,金属冶炼和压延加工业,,London,,,,,0,1,法国,0,0,23/3/2026 09:32:16,23/3/2026 09:32:16
3598,2022,603803,国外,比园航金融有限公司,,,,,,0,0,,,通信传输设备业,通信传输设备业,Ontario,New York,,NASDAQ,Standard,,0,1,德国,0,0,23/3/2026 09:32:16,23/3/2026 09:32:16
3602,2022,2860,国外,星园昌财富管理有限公司,,,,,,0,0,,,电子元件及设备,消费电子及电气业,Tokyo,,,TSX,Main Board,,0,1,法国,0,0,23/3/2026 09:32:16,23/3/2026 09:32:16
3605,2022,300597,国外,明海盛新材料有限公司,,,,,,0,0,,,软件和信息技术服务,信息传输、软件和信息技术服务业,,Sydney,,,,,0,1,法国,0,0,23/3/2026 09:32:16,23/3/2026 09:32:16
3607,2022,300592,国外,万尹禾数据服务集团公司,,,,,,0,0,,,零售业,批发和零售业,Ontario,New York,,LSE,Prime,,0,1,法国,0,0,23/3/2026 09:32:16,23/3/2026 09:32:16
3611,2022,603896,国外,科尹盛能源发展公司,,,,,,0,0,,,制药,医药制造业,Zurich,Tokyo,,NYSE,Prime,,0,1,英国,0,0,23/3/2026 09:32:16,23/3/2026 09:32:16
3615,2022,2872,国外,招控远化工公司,,,,,,0,0,,,批发业,批发和零售业,California,Singapore,,NASDAQ,Standard,,0,1,英国,0,0,23/3/2026 09:32:16,23/3/2026 09:32:16
3617,2022,603996,国外,瑞白禾贸易控股公司,,,,,,0,0,,,家用电器,,England,Tokyo,,TSE,,,0,1,英国,0,0,23/3/2026 09:32:16,23/3/2026 09:32:16
3619,2022,2849,国外,高锦启传媒科技公司,,,,,,0,0,,,仪器仪表制造业,仪器仪表制造业,Bavaria,,,TSX,NASDAQ Global Select,,0,1,英国,0,0,23/3/2026 09:32:16,23/3/2026 09:32:16
3621,2022,300581,国外,联环禾财富管理有限公司,,,,,,0,0,,,电子元件及设备,消费电子及电气业,Zurich,Sydney,,TSE,Growth,,0,1,法国,0,0,23/3/2026 09:32:16,23/3/2026 09:32:16
3623,2022,200041,国外,盛晋润金融有限公司,,,,,,0,0,,,医药生物,,England,London,,ASX,Main Board,,0,1,英国,0,0,23/3/2026 09:32:16,23/3/2026 09:32:16
3631,2022,2858,国外,星业瀚新材料公司,,,,,,0,0,,,文化、体育和娱乐业,文化、体育和娱乐业,Bavaria,Singapore,,LSE,Main Board,,0,1,德国,0,0,23/3/2026 09:32:16,23/3/2026 09:32:16
3632,2022,603538,国外,北泽禾玻璃集团公司,,,,,,0,0,,,制药,医药制造业,Zurich,London,,SGX,Main Board,,0,1,法国,0,0,23/3/2026 09:32:16,23/3/2026 09:32:16
3636,2022,603039,国外,花芯智新材料有限公司,,,,,,0,0,,,软件和信息技术服务,信息传输、软件和信息技术服务业,California,Sydney,,XETRA,Growth,,0,1,英国,0,0,23/3/2026 09:32:16,23/3/2026 09:32:16
3640,2022,603626,国外,万禾盛医药科技公司,,,,,,0,0,,,金属制品业,金属制品业,England,Toronto,,XETRA,Prime,,0,1,英国,0,0,23/3/2026 09:32:16,23/3/2026 09:32:16
3645,2022,603303,国外,启会锦连锁集团公司,,,,,,0,0,,,非家用照明设备制造业,商业电气机械和器材制造业,Zurich,New York,,TSX,Main Board,,0,1,德国,0,0,23/3/2026 09:32:16,23/3/2026 09:32:16
3648,2022,603040,国外,星盈航连锁有限公司,,,,,,0,0,,,金属制品业,金属制品业,Bavaria,,,XETRA,Standard,,0,1,法国,0,0,23/3/2026 09:32:16,23/3/2026 09:32:16
3651,2022,300598,国外,物芯泽医药发展公司,,,,,,0,0,,,软件和信息技术服务,信息传输、软件和信息技术服务业,Bavaria,Sydney,,LSE,NASDAQ Global Select,,0,1,英国,0,0,23/3/2026 09:32:16,23/3/2026 09:32:16
3652,2022,2867,国外,科电盛零售有限公司,,,,,,0,0,,,文教、工美、体育和娱乐用品制造业,文教、工美、体育和娱乐用品制造业,Zurich,Tokyo,,XETRA,NASDAQ Global Select,,0,1,法国,0,0,23/3/2026 09:32:16,23/3/2026 09:32:16
3659,2022,300602,国外,星芯锦建设开发集团公司,,,,,,0,0,,,通信传输设备业,通信传输设备业,Ontario,Singapore,,LSE,Growth,,0,1,英国,0,0,23/3/2026 09:32:16,23/3/2026 09:32:16
3660,2022,300599,国外,保禾远软件股份公司,,,,,,0,0,,,塑料制品,橡胶和塑料制品业,Tokyo,Sydney,,NYSE,NASDAQ Global Select,,0,1,法国,0,0,23/3/2026 09:32:16,23/3/2026 09:32:16
3661,2022,603335,国外,比澜航财富管理发展公司,,,,,,0,0,,,汽车零部件制造业,汽车制造业,Zurich,London,,XETRA,Growth,,0,1,德国,0,0,23/3/2026 09:32:16,23/3/2026 09:32:16
3662,2022,300605,国外,联业泰综合开发股份公司,,,,,,0,0,,,软件和信息技术服务,信息传输、软件和信息技术服务业,,Singapore,,,Prime,,0,1,法国,0,0,23/3/2026 09:32:16,23/3/2026 09:32:16
3663,2022,300608,国外,众城联生物科技集团公司,,,,,,0,0,,,软件和信息技术服务,信息传输、软件和信息技术服务业,England,Frankfurt,,TSE,Standard,,0,1,法国,0,0,23/3/2026 09:32:16,23/3/2026 09:32:16
3666,2022,603056,国外,碧会锦电器集团公司,,,,,,0,0,,,邮政业,交通运输、仓储和邮政业,Bavaria,Sydney,,ASX,Standard,,0,1,德国,0,0,23/3/2026 09:32:16,23/3/2026 09:32:16
3670,2022,300639,国外,联阳禾连锁公司,,,,,,0,0,,,生物科技,医药制造业,England,,,LSE,Main Board,,0,1,英国,0,0,23/3/2026 09:32:16,23/3/2026 09:32:16
3671,2022,603316,国外,明芯锦能源公司,,,,,,0,0,,,土木工程,建筑业,New South Wales,Tokyo,,TSE,NASDAQ Global Select,,0,1,英国,0,0,23/3/2026 09:32:16,23/3/2026 09:32:16
3674,2022,603488,国外,凯园澜建筑设计控股公司,,,,,,0,0,,,电机制造业,商业电气机械和器材制造业,California,Tokyo,,NYSE,Main Board,,0,1,英国,0,0,23/3/2026 09:32:16,23/3/2026 09:32:16
