"id","industryId","industry","targetName","value","createTime","updateTime","year","province"
"1",,,"发布政策数量","602","17/9/2025 11:04:50","17/9/2025 11:04:50","2022",
"2",,,"国务院政策政策数量","23","17/9/2025 11:04:50","17/9/2025 11:04:50","2022",
"3",,,"地方政策政策数量","392","17/9/2025 11:04:50","17/9/2025 11:04:50","2022",
"4",,,"部委政策政策数量","187","17/9/2025 11:04:50","17/9/2025 11:04:50","2022",
"5",,,"工业和信息化部办公厅发布政策数量","27","17/9/2025 11:04:50","17/9/2025 11:04:50","2022",
"6",,,"国务院国有资产监督管理委员会办公厅发布政策数量","1","17/9/2025 11:04:50","17/9/2025 11:04:50","2022",
"7",,,"国家市场监督管理总局办公厅发布政策数量","3","17/9/2025 11:04:51","17/9/2025 11:04:51","2022",
"8",,,"国家知识产权局办公室发布政策数量","6","17/9/2025 11:04:51","17/9/2025 11:04:51","2022",
"9",,,"中共中央办公厅发布政策数量","5","17/9/2025 11:04:51","17/9/2025 11:04:51","2022",
"10",,,"国务院办公厅发布政策数量","12","17/9/2025 11:04:51","17/9/2025 11:04:51","2022",
"11",,,"安徽省人民政府发布政策数量","5","17/9/2025 11:04:51","17/9/2025 11:04:51","2022",
"12",,,"安徽省人民政府办公厅发布政策数量","4","17/9/2025 11:04:51","17/9/2025 11:04:51","2022",
"13",,,"山东省人民政府办公厅发布政策数量","9","17/9/2025 11:04:51","17/9/2025 11:04:51","2022",
"14",,,"湖南省人民政府办公厅发布政策数量","3","17/9/2025 11:04:51","17/9/2025 11:04:51","2022",
"15",,,"宁夏回族自治区人民政府办公厅发布政策数量","2","17/9/2025 11:04:51","17/9/2025 11:04:51","2022",
"16",,,"山西省工业和信息化厅发布政策数量","2","17/9/2025 11:04:51","17/9/2025 11:04:51","2022",
"17",,,"江西省政府办公厅发布政策数量","2","17/9/2025 11:04:51","17/9/2025 11:04:51","2022",
"18",,,"山东省工业和信息化厅发布政策数量","3","17/9/2025 11:04:51","17/9/2025 11:04:51","2022",
"19",,,"河南省人民政府办公厅发布政策数量","9","17/9/2025 11:04:51","17/9/2025 11:04:51","2022",
"20",,,"广东省人民政府办公厅发布政策数量","5","17/9/2025 11:04:51","17/9/2025 11:04:51","2022",
"21",,,"深圳市人民代表大会常务委员会发布政策数量","2","17/9/2025 11:04:51","17/9/2025 11:04:51","2022",
"22",,,"人民银行发布政策数量","8","17/9/2025 11:04:51","17/9/2025 11:04:51","2022",
"23",,,"发展改革委发布政策数量","7","17/9/2025 11:04:51","17/9/2025 11:04:51","2022",
"24",,,"财政部发布政策数量","25","17/9/2025 11:04:51","17/9/2025 11:04:51","2022",
"25",,,"生态环境部发布政策数量","18","17/9/2025 11:04:51","17/9/2025 11:04:51","2022",
"26",,,"银保监会发布政策数量","5","17/9/2025 11:04:52","17/9/2025 11:04:52","2022",
"27",,,"证监会发布政策数量","3","17/9/2025 11:04:52","17/9/2025 11:04:52","2022",
"28",,,"中央网信办发布政策数量","5","17/9/2025 11:04:52","17/9/2025 11:04:52","2022",
"29",,,"农业农村部发布政策数量","14","17/9/2025 11:04:52","17/9/2025 11:04:52","2022",
"30",,,"工业和信息化部发布政策数量","47","17/9/2025 11:04:52","17/9/2025 11:04:52","2022",
"31",,,"国家市场监督管理总局发布政策数量","5","17/9/2025 11:04:52","17/9/2025 11:04:52","2022",
"32",,,"商务部发布政策数量","15","17/9/2025 11:04:52","17/9/2025 11:04:52","2022",
"33",,,"国务院国有资产监督管理委员会发布政策数量","3","17/9/2025 11:04:52","17/9/2025 11:04:52","2022",
"34",,,"教育部办公厅发布政策数量","6","17/9/2025 11:04:52","17/9/2025 11:04:52","2022",
"35",,,"国家发展改革委办公厅发布政策数量","6","17/9/2025 11:04:52","17/9/2025 11:04:52","2022",
"36",,,"国家能源局综合司发布政策数量","5","17/9/2025 11:04:52","17/9/2025 11:04:52","2022",
"37",,,"国家互联网信息办公室发布政策数量","7","17/9/2025 11:04:52","17/9/2025 11:04:52","2022",
"38",,,"福建省工业和信息化厅发布政策数量","7","17/9/2025 11:04:52","17/9/2025 11:04:52","2022",
"39",,,"广东省人民政府发布政策数量","3","17/9/2025 11:04:52","17/9/2025 11:04:52","2022",
"40",,,"中共广东省委发布政策数量","1","17/9/2025 11:04:52","17/9/2025 11:04:52","2022",
"41",,,"山东省能源局发布政策数量","2","17/9/2025 11:04:52","17/9/2025 11:04:52","2022",
"42",,,"四川省科学技术厅发布政策数量","5","17/9/2025 11:04:52","17/9/2025 11:04:52","2022",
"43",,,"四川省发展和改革委员会发布政策数量","6","17/9/2025 11:04:52","17/9/2025 11:04:52","2022",
"44",,,"四川省经济和信息化厅发布政策数量","9","17/9/2025 11:04:52","17/9/2025 11:04:52","2022",
"45",,,"自治区科学技术厅发布政策数量","1","17/9/2025 11:04:52","17/9/2025 11:04:52","2022",
"46",,,"交通运输部发布政策数量","14","17/9/2025 11:04:53","17/9/2025 11:04:53","2022",
"47",,,"国家能源局发布政策数量","13","17/9/2025 11:04:53","17/9/2025 11:04:53","2022",
"48",,,"国家电网有限公司发布政策数量","1","17/9/2025 11:04:53","17/9/2025 11:04:53","2022",
"49",,,"中国南方电网有限责任公司发布政策数量","1","17/9/2025 11:04:53","17/9/2025 11:04:53","2022",
"50",,,"市场监管总局办公厅发布政策数量","2","17/9/2025 11:04:53","17/9/2025 11:04:53","2022",
"51",,,"农业农村部办公厅发布政策数量","5","17/9/2025 11:04:53","17/9/2025 11:04:53","2022",
"52",,,"国家卫生健康委员会办公厅发布政策数量","1","17/9/2025 11:04:53","17/9/2025 11:04:53","2022",
"53",,,"国家矿山安全监察局综合司发布政策数量","1","17/9/2025 11:04:53","17/9/2025 11:04:53","2022",
"54",,,"国家发展改革委发布政策数量","23","17/9/2025 11:04:53","17/9/2025 11:04:53","2022",
"55",,,"国务院国资委发布政策数量","6","17/9/2025 11:04:53","17/9/2025 11:04:53","2022",
"56",,,"市场监管总局发布政策数量","11","17/9/2025 11:04:53","17/9/2025 11:04:53","2022",
"57",,,"国家知识产权局发布政策数量","12","17/9/2025 11:04:53","17/9/2025 11:04:53","2022",
"58",,,"住房和城乡建设部发布政策数量","10","17/9/2025 11:04:53","17/9/2025 11:04:53","2022",
"59",,,"中国科协办公厅发布政策数量","2","17/9/2025 11:04:53","17/9/2025 11:04:53","2022",
"60",,,"北京市科学技术委员会发布政策数量","3","17/9/2025 11:04:53","17/9/2025 11:04:53","2022",
"61",,,"北京市通州区人民政府发布政策数量","2","17/9/2025 11:04:53","17/9/2025 11:04:53","2022",
"62",,,"中关村科技园区管理委员会发布政策数量","3","17/9/2025 11:04:53","17/9/2025 11:04:53","2022",
"63",,,"北京市经济和信息化局发布政策数量","7","17/9/2025 11:04:53","17/9/2025 11:04:53","2022",
"64",,,"河南省工业和信息化厅办公室发布政策数量","1","17/9/2025 11:04:53","17/9/2025 11:04:53","2022",
"65",,,"湖南省工业和信息化厅发布政策数量","3","17/9/2025 11:04:53","17/9/2025 11:04:53","2022",
"66",,,"湖南省发展和改革委员会发布政策数量","3","17/9/2025 11:04:53","17/9/2025 11:04:53","2022",
"67",,,"湖南省教育厅发布政策数量","1","17/9/2025 11:04:54","17/9/2025 11:04:54","2022",
"68",,,"湖南省财政厅发布政策数量","1","17/9/2025 11:04:54","17/9/2025 11:04:54","2022",
"69",,,"湖南省人力资源和社会保障厅发布政策数量","2","17/9/2025 11:04:54","17/9/2025 11:04:54","2022",
"70",,,"湖南省文化和旅游厅发布政策数量","1","17/9/2025 11:04:54","17/9/2025 11:04:54","2022",
"71",,,"湖南省人民政府国有资产监督管理委员会发布政策数量","1","17/9/2025 11:04:54","17/9/2025 11:04:54","2022",
"72",,,"湖南省文物局发布政策数量","1","17/9/2025 11:04:54","17/9/2025 11:04:54","2022",
"73",,,"黑龙江省人民政府办公厅发布政策数量","2","17/9/2025 11:04:54","17/9/2025 11:04:54","2022",
"74",,,"重庆市经济信息委发布政策数量","1","17/9/2025 11:04:54","17/9/2025 11:04:54","2022",
"75",,,"重庆市财政局发布政策数量","2","17/9/2025 11:04:54","17/9/2025 11:04:54","2022",
"76",,,"四川省财政厅发布政策数量","6","17/9/2025 11:04:54","17/9/2025 11:04:54","2022",
"77",,,"四川省人民政府发布政策数量","2","17/9/2025 11:04:54","17/9/2025 11:04:54","2022",
"78",,,"贵州省科技厅发布政策数量","1","17/9/2025 11:04:54","17/9/2025 11:04:54","2022",
"79",,,"甘肃省人民政府办公厅发布政策数量","2","17/9/2025 11:04:54","17/9/2025 11:04:54","2022",
"80",,,"商务部办公厅发布政策数量","2","17/9/2025 11:04:54","17/9/2025 11:04:54","2022",
"81",,,"财政部办公厅发布政策数量","4","17/9/2025 11:04:54","17/9/2025 11:04:54","2022",
"82",,,"自然资源部办公厅发布政策数量","1","17/9/2025 11:04:54","17/9/2025 11:04:54","2022",
"83",,,"生态环境部办公厅发布政策数量","1","17/9/2025 11:04:54","17/9/2025 11:04:54","2022",
"84",,,"住房和城乡建设部办公厅发布政策数量","3","17/9/2025 11:04:54","17/9/2025 11:04:54","2022",
"85",,,"宁夏回族自治区发展和改革委员会发布政策数量","1","17/9/2025 11:04:54","17/9/2025 11:04:54","2022",
"86",,,"中共宁夏回族自治区委员会网络安全和信息化委员会办公室发布政策数量","1","17/9/2025 11:04:54","17/9/2025 11:04:54","2022",
"87",,,"宁夏回族自治区工业和信息化厅发布政策数量","2","17/9/2025 11:04:54","17/9/2025 11:04:54","2022",
"88",,,"宁夏回族自治区通信管理局发布政策数量","1","17/9/2025 11:04:54","17/9/2025 11:04:54","2022",
"89",,,"工业和信息化部装备工业一司发布政策数量","2","17/9/2025 11:04:54","17/9/2025 11:04:54","2022",
"90",,,"市场监管总局标准技术司发布政策数量","1","17/9/2025 11:04:55","17/9/2025 11:04:55","2022",
"91",,,"云南省发展和改革委员会发布政策数量","12","17/9/2025 11:04:55","17/9/2025 11:04:55","2022",
"92",,,"云南省工业和信息化厅发布政策数量","12","17/9/2025 11:04:55","17/9/2025 11:04:55","2022",
"93",,,"科技部发布政策数量","24","17/9/2025 11:04:55","17/9/2025 11:04:55","2022",
"94",,,"住房城乡建设部发布政策数量","6","17/9/2025 11:04:55","17/9/2025 11:04:55","2022",
"95",,,"中科院发布政策数量","4","17/9/2025 11:04:55","17/9/2025 11:04:55","2022",
"96",,,"工程院发布政策数量","2","17/9/2025 11:04:55","17/9/2025 11:04:55","2022",
"97",,,"昆明市人民政府大健康发展管理办公室发布政策数量","1","17/9/2025 11:04:55","17/9/2025 11:04:55","2022",
"98",,,"江西省人民政府发布政策数量","4","17/9/2025 11:04:55","17/9/2025 11:04:55","2022",
"99",,,"广东省发展和改革委员会发布政策数量","2","17/9/2025 11:04:55","17/9/2025 11:04:55","2022",
"100",,,"广东省科学技术厅发布政策数量","3","17/9/2025 11:04:55","17/9/2025 11:04:55","2022",
"101",,,"广东省工业和信息化厅发布政策数量","4","17/9/2025 11:04:55","17/9/2025 11:04:55","2022",
"102",,,"广东省财政厅发布政策数量","2","17/9/2025 11:04:55","17/9/2025 11:04:55","2022",
"103",,,"广东省住房和城乡建设厅发布政策数量","1","17/9/2025 11:04:55","17/9/2025 11:04:55","2022",
"104",,,"广东省应急管理厅发布政策数量","1","17/9/2025 11:04:55","17/9/2025 11:04:55","2022",
"105",,,"广东省市场监督管理局发布政策数量","1","17/9/2025 11:04:55","17/9/2025 11:04:55","2022",
"106",,,"广东省能源局发布政策数量","2","17/9/2025 11:04:55","17/9/2025 11:04:55","2022",
"107",,,"重庆市人民政府办公厅发布政策数量","11","17/9/2025 11:04:55","17/9/2025 11:04:55","2022",
"108",,,"四川省人民政府办公厅发布政策数量","6","17/9/2025 11:04:55","17/9/2025 11:04:55","2022",
"109",,,"陕西省工业和信息化厅发布政策数量","2","17/9/2025 11:04:55","17/9/2025 11:04:55","2022",
"110",,,"陕西省科学技术厅发布政策数量","4","17/9/2025 11:04:55","17/9/2025 11:04:55","2022",
"111",,,"陕西省财政厅发布政策数量","2","17/9/2025 11:04:55","17/9/2025 11:04:55","2022",
"112",,,"陕西省商务厅发布政策数量","1","17/9/2025 11:04:56","17/9/2025 11:04:56","2022",
"113",,,"陕西省人民政府国有资产监督管理委员会发布政策数量","1","17/9/2025 11:04:56","17/9/2025 11:04:56","2022",
"114",,,"中国证券监督管理委员会陕西监管局发布政策数量","1","17/9/2025 11:04:56","17/9/2025 11:04:56","2022",
"115",,,"教育部发布政策数量","10","17/9/2025 11:04:56","17/9/2025 11:04:56","2022",
"116",,,"国家卫生健康委发布政策数量","4","17/9/2025 11:04:56","17/9/2025 11:04:56","2022",
"117",,,"学位管理与研究生教育司发布政策数量","1","17/9/2025 11:04:56","17/9/2025 11:04:56","2022",
"118",,,"河南省发展和改革委员会发布政策数量","1","17/9/2025 11:04:56","17/9/2025 11:04:56","2022",
"119",,,"浙江省人民政府发布政策数量","2","17/9/2025 11:04:56","17/9/2025 11:04:56","2022",
"120",,,"安徽省经济和信息化厅发布政策数量","1","17/9/2025 11:04:56","17/9/2025 11:04:56","2022",
"121",,,"河南省人民政府发布政策数量","3","17/9/2025 11:04:56","17/9/2025 11:04:56","2022",
"122",,,"湖北省人民政府办公厅发布政策数量","2","17/9/2025 11:04:56","17/9/2025 11:04:56","2022",
"123",,,"深圳市商务局发布政策数量","2","17/9/2025 11:04:56","17/9/2025 11:04:56","2022",
"124",,,"北京市城市管理委员会发布政策数量","1","17/9/2025 11:04:56","17/9/2025 11:04:56","2022",
"125",,,"自然科学基金委发布政策数量","1","17/9/2025 11:04:56","17/9/2025 11:04:56","2022",
"126",,,"中共四川省委网络安全和信息化委员会办公室发布政策数量","1","17/9/2025 11:04:56","17/9/2025 11:04:56","2022",
"127",,,"四川省能源局发布政策数量","4","17/9/2025 11:04:56","17/9/2025 11:04:56","2022",
"128",,,"四川省通信管理局发布政策数量","1","17/9/2025 11:04:56","17/9/2025 11:04:56","2022",
"129",,,"四川省大数据中心发布政策数量","1","17/9/2025 11:04:56","17/9/2025 11:04:56","2022",
"130",,,"上海市经济和信息化委员会发布政策数量","10","17/9/2025 11:04:56","17/9/2025 11:04:56","2022",
"131",,,"深圳市科技创新委员会发布政策数量","5","17/9/2025 11:04:56","17/9/2025 11:04:56","2022",
"132",,,"科学技术部发布政策数量","5","17/9/2025 11:04:56","17/9/2025 11:04:56","2022",
"133",,,"人力资源和社会保障部发布政策数量","2","17/9/2025 11:04:56","17/9/2025 11:04:56","2022",
"134",,,"中国科学院发布政策数量","1","17/9/2025 11:04:57","17/9/2025 11:04:57","2022",
"135",,,"横琴粤澳深度合作区执行委员会发布政策数量","1","17/9/2025 11:04:57","17/9/2025 11:04:57","2022",
"136",,,"山东省教育厅发布政策数量","1","17/9/2025 11:04:57","17/9/2025 11:04:57","2022",
"137",,,"海南省人民政府办公厅发布政策数量","4","17/9/2025 11:04:57","17/9/2025 11:04:57","2022",
"138",,,"上海市人民政府发布政策数量","7","17/9/2025 11:04:57","17/9/2025 11:04:57","2022",
"139",,,"江西省人民政府办公厅发布政策数量","1","17/9/2025 11:04:57","17/9/2025 11:04:57","2022",
"140",,,"贵州省工业和信息化厅发布政策数量","2","17/9/2025 11:04:57","17/9/2025 11:04:57","2022",
"141",,,"深圳市发展和改革委员会发布政策数量","4","17/9/2025 11:04:57","17/9/2025 11:04:57","2022",
"142",,,"重庆市经济和信息化委员会发布政策数量","5","17/9/2025 11:04:57","17/9/2025 11:04:57","2022",
"143",,,"南京市财政局发布政策数量","1","17/9/2025 11:05:08","17/9/2025 11:05:08","2022",
"144",,,"南京市交通运输局发布政策数量","1","17/9/2025 11:05:08","17/9/2025 11:05:08","2022",
"145",,,"广州市人民政府发布政策数量","1","17/9/2025 11:05:08","17/9/2025 11:05:08","2022",
"146",,,"中国（上海）自由贸易试验区临港新片区管委会发布政策数量","1","17/9/2025 11:05:08","17/9/2025 11:05:08","2022",
"147",,,"上海市发展和改革委员会发布政策数量","7","17/9/2025 11:05:08","17/9/2025 11:05:08","2022",
"148",,,"自治区人民政府办公厅发布政策数量","2","17/9/2025 11:05:08","17/9/2025 11:05:08","2022",
"149",,,"福建省教育厅发布政策数量","1","17/9/2025 11:05:08","17/9/2025 11:05:08","2022",
"150",,,"福建省发展和改革委员会发布政策数量","3","17/9/2025 11:05:08","17/9/2025 11:05:08","2022",
"151",,,"福建省科学技术厅发布政策数量","1","17/9/2025 11:05:08","17/9/2025 11:05:08","2022",
"152",,,"福建省财政厅发布政策数量","2","17/9/2025 11:05:09","17/9/2025 11:05:09","2022",
"153",,,"福建省生态环境厅发布政策数量","1","17/9/2025 11:05:09","17/9/2025 11:05:09","2022",
"154",,,"福建省文化和旅游厅发布政策数量","1","17/9/2025 11:05:09","17/9/2025 11:05:09","2022",
"155",,,"福建省海洋与渔业局发布政策数量","1","17/9/2025 11:05:09","17/9/2025 11:05:09","2022",
"156",,,"福建省地方金融监督管理局发布政策数量","1","17/9/2025 11:05:09","17/9/2025 11:05:09","2022",
"157",,,"浙江省数字化改革数字经济组发布政策数量","1","17/9/2025 11:05:09","17/9/2025 11:05:09","2022",
"158",,,"浙江省科学技术厅办公室发布政策数量","1","17/9/2025 11:05:09","17/9/2025 11:05:09","2022",
"159",,,"贵州省发展和改革委员会发布政策数量","2","17/9/2025 11:05:09","17/9/2025 11:05:09","2022",
"160",,,"厅数字化与未来产业处发布政策数量","1","17/9/2025 11:05:09","17/9/2025 11:05:09","2022",
"161",,,"云南省财政厅发布政策数量","7","17/9/2025 11:05:09","17/9/2025 11:05:09","2022",
"162",,,"云南省科学技术厅发布政策数量","8","17/9/2025 11:05:09","17/9/2025 11:05:09","2022",
"163",,,"国务院发布政策数量","8","17/9/2025 11:05:09","17/9/2025 11:05:09","2022",
"164",,,"水利部发布政策数量","3","17/9/2025 11:05:09","17/9/2025 11:05:09","2022",
"165",,,"贵州省人民政府办公厅发布政策数量","4","17/9/2025 11:05:09","17/9/2025 11:05:09","2022",
"166",,,"国家发展和改革委员会发布政策数量","11","17/9/2025 11:05:09","17/9/2025 11:05:09","2022",
"167",,,"公安部发布政策数量","4","17/9/2025 11:05:09","17/9/2025 11:05:09","2022",
"168",,,"民政部发布政策数量","3","17/9/2025 11:05:09","17/9/2025 11:05:09","2022",
"169",,,"卫生健康委发布政策数量","1","17/9/2025 11:05:09","17/9/2025 11:05:09","2022",
"170",,,"应急部发布政策数量","2","17/9/2025 11:05:09","17/9/2025 11:05:09","2022",
"171",,,"全国工商联发布政策数量","1","17/9/2025 11:05:10","17/9/2025 11:05:10","2022",
"172",,,"中国物流与采购联合会发布政策数量","1","17/9/2025 11:05:10","17/9/2025 11:05:10","2022",
"173",,,"上海市人民政府办公厅发布政策数量","7","17/9/2025 11:05:10","17/9/2025 11:05:10","2022",
"174",,,"杭州市人民政府办公厅发布政策数量","2","17/9/2025 11:05:10","17/9/2025 11:05:10","2022",
"175",,,"山东省财政厅发布政策数量","1","17/9/2025 11:05:10","17/9/2025 11:05:10","2022",
"176",,,"山东省人民政府发布政策数量","7","17/9/2025 11:05:10","17/9/2025 11:05:10","2022",
"177",,,"云南省人民政府办公厅发布政策数量","9","17/9/2025 11:05:10","17/9/2025 11:05:10","2022",
"178",,,"广西壮族自治区科学技术厅发布政策数量","1","17/9/2025 11:05:10","17/9/2025 11:05:10","2022",
"179",,,"广西壮族自治区高级人民法院发布政策数量","1","17/9/2025 11:05:10","17/9/2025 11:05:10","2022",
"180",,,"广西壮族自治区市场监督管理局发布政策数量","1","17/9/2025 11:05:10","17/9/2025 11:05:10","2022",
"181",,,"中共四川省军民融合发展委员会办公室发布政策数量","1","17/9/2025 11:05:10","17/9/2025 11:05:10","2022",
"182",,,"四川省教育厅发布政策数量","1","17/9/2025 11:05:10","17/9/2025 11:05:10","2022",
"183",,,"四川省人力资源和社会保障厅发布政策数量","1","17/9/2025 11:05:10","17/9/2025 11:05:10","2022",
"184",,,"四川省卫生健康委员会发布政策数量","1","17/9/2025 11:05:10","17/9/2025 11:05:10","2022",
"185",,,"四川省政府国有资产监督管理委员会发布政策数量","1","17/9/2025 11:05:10","17/9/2025 11:05:10","2022",
"186",,,"中国科学院成都分院发布政策数量","1","17/9/2025 11:05:10","17/9/2025 11:05:10","2022",
"187",,,"吉林省人民政府办公厅发布政策数量","2","17/9/2025 11:05:11","17/9/2025 11:05:11","2022",
"188",,,"广州市科学技术局发布政策数量","3","17/9/2025 11:05:11","17/9/2025 11:05:11","2022",
"189",,,"合肥市人民政府办公司发布政策数量","1","17/9/2025 11:05:11","17/9/2025 11:05:11","2022",
"190",,,"上海市科学技术委员会发布政策数量","6","17/9/2025 11:05:11","17/9/2025 11:05:11","2022",
"191",,,"上海市规划和自然资源局发布政策数量","1","17/9/2025 11:05:11","17/9/2025 11:05:11","2022",
"192",,,"上海市住房和城乡建设管理委员会发布政策数量","2","17/9/2025 11:05:11","17/9/2025 11:05:11","2022",
"193",,,"上海市交通委员会发布政策数量","2","17/9/2025 11:05:11","17/9/2025 11:05:11","2022",
"194",,,"上海市应急管理局发布政策数量","1","17/9/2025 11:05:11","17/9/2025 11:05:11","2022",
"195",,,"上海市市场监督管理局发布政策数量","1","17/9/2025 11:05:11","17/9/2025 11:05:11","2022",
"196",,,"人力资源社会保障部发布政策数量","3","17/9/2025 11:05:12","17/9/2025 11:05:12","2022",
"197",,,"运输司发布政策数量","1","17/9/2025 11:05:12","17/9/2025 11:05:12","2022",
"198",,,"人社部发布政策数量","1","17/9/2025 11:05:12","17/9/2025 11:05:12","2022",
"199",,,"工信部发布政策数量","1","17/9/2025 11:05:12","17/9/2025 11:05:12","2022",
"200",,,"国家税务总局办公厅发布政策数量","1","17/9/2025 11:05:12","17/9/2025 11:05:12","2022",
"201",,,"贵州省发展改革委发布政策数量","1","17/9/2025 11:05:12","17/9/2025 11:05:12","2022",
"202",,,"贵州省住房和城乡建设厅发布政策数量","1","17/9/2025 11:05:12","17/9/2025 11:05:12","2022",
"203",,,"贵州省大数据发展管理局发布政策数量","1","17/9/2025 11:05:12","17/9/2025 11:05:12","2022",
"204",,,"贵州省通信管理局发布政策数量","1","17/9/2025 11:05:12","17/9/2025 11:05:12","2022",
"205",,,"中国网信网发布政策数量","2","17/9/2025 11:05:12","17/9/2025 11:05:12","2022",
"206",,,"消费促进司发布政策数量","1","17/9/2025 11:05:12","17/9/2025 11:05:12","2022",
"207",,,"自然资源部发布政策数量","4","17/9/2025 11:05:12","17/9/2025 11:05:12","2022",
"208",,,"文化和旅游部发布政策数量","2","17/9/2025 11:05:12","17/9/2025 11:05:12","2022",
"209",,,"海关总署发布政策数量","4","17/9/2025 11:05:12","17/9/2025 11:05:12","2022",
"210",,,"税务总局发布政策数量","9","17/9/2025 11:05:12","17/9/2025 11:05:12","2022",
"211",,,"体育总局发布政策数量","1","17/9/2025 11:05:13","17/9/2025 11:05:13","2022",
"212",,,"能源局发布政策数量","1","17/9/2025 11:05:13","17/9/2025 11:05:13","2022",
"213",,,"消费品工业司发布政策数量","2","17/9/2025 11:05:13","17/9/2025 11:05:13","2022",
"214",,,"深圳市人民政府发布政策数量","2","17/9/2025 11:05:13","17/9/2025 11:05:13","2022",
"215",,,"深圳市工业和信息化局发布政策数量","5","17/9/2025 11:05:13","17/9/2025 11:05:13","2022",
"216",,,"深圳市规划和自然资源局发布政策数量","1","17/9/2025 11:05:13","17/9/2025 11:05:13","2022",
"217",,,"广州南沙开发区管委会办公室秘书处发布政策数量","1","17/9/2025 11:05:13","17/9/2025 11:05:13","2022",
"218",,,"国家药品监督管理局发布政策数量","2","17/9/2025 11:05:13","17/9/2025 11:05:13","2022",
"219",,,"吉林市人民政府办公室发布政策数量","2","17/9/2025 11:05:13","17/9/2025 11:05:13","2022",
"220",,,"辽宁省人民政府发布政策数量","1","17/9/2025 11:05:13","17/9/2025 11:05:13","2022",
"221",,,"中共山东省委发布政策数量","1","17/9/2025 11:05:13","17/9/2025 11:05:13","2022",
"222",,,"宁夏回族自治区人民政府  发布政策数量","1","17/9/2025 11:05:13","17/9/2025 11:05:13","2022",
"223",,,"国资委发布政策数量","1","17/9/2025 11:05:13","17/9/2025 11:05:13","2022",
"224",,,"中国科协发布政策数量","1","17/9/2025 11:05:13","17/9/2025 11:05:13","2022",
"225",,,"市场监督管理总局发布政策数量","1","17/9/2025 11:05:14","17/9/2025 11:05:14","2022",
"226",,,"科技部办公厅发布政策数量","4","17/9/2025 11:05:14","17/9/2025 11:05:14","2022",
"227",,,"人力资源社会保障部办公厅发布政策数量","1","17/9/2025 11:05:14","17/9/2025 11:05:14","2022",
"228",,,"湖北省科技厅发布政策数量","1","17/9/2025 11:05:14","17/9/2025 11:05:14","2022",
"229",,,"国家机关事务管理局发布政策数量","1","17/9/2025 11:05:14","17/9/2025 11:05:14","2022",
"230",,,"中国银行保险监督管理委员会发布政策数量","3","17/9/2025 11:05:14","17/9/2025 11:05:14","2022",
"231",,,"天津市人民政府办公厅发布政策数量","1","17/9/2025 11:05:14","17/9/2025 11:05:14","2022",
"232",,,"河南省工业和信息化厅发布政策数量","1","17/9/2025 11:05:14","17/9/2025 11:05:14","2022",
"233",,,"北京市人民政府办公厅发布政策数量","1","17/9/2025 11:05:14","17/9/2025 11:05:14","2022",
"234",,,"“十四五”新型储能发展实施方案发布政策数量","1","17/9/2025 11:05:14","17/9/2025 11:05:14","2022",
"235",,,"中华人民共和国国家发展和改革委员会发布政策数量","1","17/9/2025 11:05:14","17/9/2025 11:05:14","2022",
"236",,,"中华人民共和国工业和信息化部发布政策数量","3","17/9/2025 11:05:14","17/9/2025 11:05:14","2022",
"237",,,"中华人民共和国公安部发布政策数量","3","17/9/2025 11:05:14","17/9/2025 11:05:14","2022",
"238",,,"中华人民共和国国家安全部发布政策数量","1","17/9/2025 11:05:14","17/9/2025 11:05:14","2022",
"239",,,"中华人民共和国财政部发布政策数量","1","17/9/2025 11:05:14","17/9/2025 11:05:14","2022",
"240",,,"中华人民共和国商务部发布政策数量","1","17/9/2025 11:05:14","17/9/2025 11:05:14","2022",
"241",,,"中国人民银行发布政策数量","5","17/9/2025 11:05:14","17/9/2025 11:05:14","2022",
"242",,,"国家广播电视总局发布政策数量","3","17/9/2025 11:05:14","17/9/2025 11:05:14","2022",
"243",,,"中国证券监督管理委员会国家保密局发布政策数量","1","17/9/2025 11:05:14","17/9/2025 11:05:14","2022",
"244",,,"国家密码管理局发布政策数量","1","17/9/2025 11:05:14","17/9/2025 11:05:14","2022",
"245",,,"湖南省第十三届人民代表大会常务委员会发布政策数量","1","17/9/2025 11:05:14","17/9/2025 11:05:14","2022",
"246",,,"西安市人民政府发布政策数量","2","17/9/2025 11:05:15","17/9/2025 11:05:15","2022",
"247",,,"中央网信办信息化发展局等发布政策数量","1","17/9/2025 11:05:15","17/9/2025 11:05:15","2022",
"248",,,"北京市科学技术委员会、中关村科技园区管理委员会等发布政策数量","1","17/9/2025 11:05:15","17/9/2025 11:05:15","2022",
"249",,,"黑龙江省人民政府发布政策数量","1","17/9/2025 11:05:15","17/9/2025 11:05:15","2022",
"250",,,"海南省工业和信息化厅发布政策数量","4","17/9/2025 11:05:15","17/9/2025 11:05:15","2022",
"251",,,"国家卫生健康委员会发布政策数量","1","17/9/2025 11:05:15","17/9/2025 11:05:15","2022",
"252",,,"应急管理部发布政策数量","2","17/9/2025 11:05:15","17/9/2025 11:05:15","2022",
"253",,,"国家医疗保障局发布政策数量","1","17/9/2025 11:05:15","17/9/2025 11:05:15","2022",
"254",,,"国家中医药管理局发布政策数量","2","17/9/2025 11:05:15","17/9/2025 11:05:15","2022",
"255",,,"农业农村部科技教育司发布政策数量","1","17/9/2025 11:05:15","17/9/2025 11:05:15","2022",
"256",,,"广州市人民政府办公厅发布政策数量","3","17/9/2025 11:05:15","17/9/2025 11:05:15","2022",
"257",,,"国家药监局发布政策数量","3","17/9/2025 11:05:15","17/9/2025 11:05:15","2022",
"258",,,"中华人民共和国中央人民政府发布政策数量","1","17/9/2025 11:05:15","17/9/2025 11:05:15","2022",
"259",,,"银保监会办公厅发布政策数量","1","17/9/2025 11:05:15","17/9/2025 11:05:15","2022",
"260",,,"应急管理部办公厅发布政策数量","1","17/9/2025 11:05:15","17/9/2025 11:05:15","2022",
"261",,,"交通运输部办公厅发布政策数量","2","17/9/2025 11:05:15","17/9/2025 11:05:15","2022",
"262",,,"公安部办公厅发布政策数量","1","17/9/2025 11:05:15","17/9/2025 11:05:15","2022",
"263",,,"深圳市地方金融监督管理局发布政策数量","1","17/9/2025 11:05:15","17/9/2025 11:05:15","2022",
"264",,,"广州市黄埔区工业和信息化局发布政策数量","2","17/9/2025 11:05:15","17/9/2025 11:05:15","2022",
"265",,,"广州开发区经济和信息化局发布政策数量","2","17/9/2025 11:05:15","17/9/2025 11:05:15","2022",
"266",,,"广州市黄埔区科学技术局发布政策数量","3","17/9/2025 11:05:16","17/9/2025 11:05:16","2022",
"267",,,"广州开发区科技创新局发布政策数量","2","17/9/2025 11:05:16","17/9/2025 11:05:16","2022",
"268",,,"工业互联网专项工作组办公室发布政策数量","1","17/9/2025 11:05:16","17/9/2025 11:05:16","2022",
"269",,,"浙江省人民政府办公厅发布政策数量","2","17/9/2025 11:05:16","17/9/2025 11:05:16","2022",
"270",,,"陕西省人民政府办公厅发布政策数量","1","17/9/2025 11:05:16","17/9/2025 11:05:16","2022",
"271",,,"贵州省人民政府发布政策数量","4","17/9/2025 11:05:16","17/9/2025 11:05:16","2022",
"272",,,"工业和信息化部信息技术发展司发布政策数量","1","17/9/2025 11:05:16","17/9/2025 11:05:16","2022",
"273",,,"中共北京市委、北京市人民政府　　　发布政策数量","1","17/9/2025 11:05:16","17/9/2025 11:05:16","2022",
"274",,,"武汉市人民政府发布政策数量","4","17/9/2025 11:05:16","17/9/2025 11:05:16","2022",
"275",,,"辽宁省人民政府办公厅发布政策数量","2","17/9/2025 11:05:16","17/9/2025 11:05:16","2022",
"276",,,"成都市经济和信息化局发布政策数量","1","17/9/2025 11:05:16","17/9/2025 11:05:16","2022",
"277",,,"云南省人民政府发布政策数量","2","17/9/2025 11:05:16","17/9/2025 11:05:16","2022",
"278",,,"省政府办公厅发布政策数量","4","17/9/2025 11:05:16","17/9/2025 11:05:16","2022",
"279",,,"省国有资产监督管理委员会发布政策数量","1","17/9/2025 11:05:16","17/9/2025 11:05:16","2022",
"280",,,"省科技厅发布政策数量","1","17/9/2025 11:05:16","17/9/2025 11:05:16","2022",
"281",,,"广西壮族自治区人民政府办公厅发布政策数量","2","17/9/2025 11:05:16","17/9/2025 11:05:16","2022",
"282",,,"贵州省科学技术厅发布政策数量","2","17/9/2025 11:05:16","17/9/2025 11:05:16","2022",
"283",,,"贵州省财政厅发布政策数量","1","17/9/2025 11:05:16","17/9/2025 11:05:16","2022",
"284",,,"贵州省自然资源厅发布政策数量","1","17/9/2025 11:05:16","17/9/2025 11:05:16","2022",
"285",,,"贵州省生态环境厅发布政策数量","1","17/9/2025 11:05:16","17/9/2025 11:05:16","2022",
"286",,,"贵州省商务厅发布政策数量","1","17/9/2025 11:05:17","17/9/2025 11:05:17","2022",
"287",,,"贵州省能源局发布政策数量","2","17/9/2025 11:05:17","17/9/2025 11:05:17","2022",
"288",,,"甘肃省发展和改革委员会发布政策数量","2","17/9/2025 11:05:17","17/9/2025 11:05:17","2022",
"289",,,"湖南省市场监督管理局发布政策数量","1","17/9/2025 11:05:17","17/9/2025 11:05:17","2022",
"290",,,"山东省发展和改革委员会发布政策数量","1","17/9/2025 11:05:17","17/9/2025 11:05:17","2022",
"291",,,"湖南省工业和信息化厅   发布政策数量","1","17/9/2025 11:05:17","17/9/2025 11:05:17","2022",
"292",,,"知识产权局发布政策数量","1","17/9/2025 11:05:17","17/9/2025 11:05:17","2022",
"293",,,"外汇局发布政策数量","2","17/9/2025 11:05:17","17/9/2025 11:05:17","2022",
"294",,,"银保监局发布政策数量","1","17/9/2025 11:05:17","17/9/2025 11:05:17","2022",
"295",,,"内蒙古自治区科学技术厅发布政策数量","1","17/9/2025 11:05:17","17/9/2025 11:05:17","2022",
"296",,,"中央政法委发布政策数量","1","17/9/2025 11:05:17","17/9/2025 11:05:17","2022",
"297",,,"上海市财政局发布政策数量","2","17/9/2025 11:05:17","17/9/2025 11:05:17","2022",
"298",,,"合肥市发展和改革委员会发布政策数量","1","17/9/2025 11:05:17","17/9/2025 11:05:17","2022",
"299",,,"市规划和自然资源局发布政策数量","1","17/9/2025 11:05:17","17/9/2025 11:05:17","2022",
"300",,,"中华全国工商业联合会发布政策数量","1","17/9/2025 11:05:17","17/9/2025 11:05:17","2022",
"301",,,"湖北省人民政府发布政策数量","1","17/9/2025 11:05:17","17/9/2025 11:05:17","2022",
"302",,,"山东省科学技术厅发布政策数量","2","17/9/2025 11:05:17","17/9/2025 11:05:17","2022",
"303",,,"四川省经济和信息化厅办公室发布政策数量","1","17/9/2025 11:05:17","17/9/2025 11:05:17","2022",
"304",,,"海南省财政厅发布政策数量","1","17/9/2025 11:05:17","17/9/2025 11:05:17","2022",
"305",,,"江苏省人民政府办公厅发布政策数量","2","17/9/2025 11:05:18","17/9/2025 11:05:18","2022",
"306",,,"省发展改革委发布政策数量","1","17/9/2025 11:05:18","17/9/2025 11:05:18","2022",
"307",,,"山西省人民政府发布政策数量","2","17/9/2025 11:05:18","17/9/2025 11:05:18","2022",
"308",,,"上海市人民代表大会常务委员会发布政策数量","1","17/9/2025 11:05:18","17/9/2025 11:05:18","2022",
"309",,,"最高人民法院发布政策数量","1","17/9/2025 11:05:18","17/9/2025 11:05:18","2022",
"310",,,"广东省药品监督管理局办公室发布政策数量","1","17/9/2025 11:05:18","17/9/2025 11:05:18","2022",
"311",,,"云南省交通运输厅发布政策数量","1","17/9/2025 11:05:18","17/9/2025 11:05:18","2022",
"312",,,"云南省公安厅发布政策数量","1","17/9/2025 11:05:18","17/9/2025 11:05:18","2022",
"313",,,"云南省市场监督管理局发布政策数量","1","17/9/2025 11:05:18","17/9/2025 11:05:18","2022",
"314",,,"青海省科学技术厅发布政策数量","1","17/9/2025 11:05:18","17/9/2025 11:05:18","2022",
"315",,,"陕西省淘汰落后产能工作协调领导小组办公室发布政策数量","1","17/9/2025 11:05:18","17/9/2025 11:05:18","2022",
"316",,,"国家药监局药审中心发布政策数量","7","17/9/2025 11:05:18","17/9/2025 11:05:18","2022",
"317",,,"国家外汇管理局发布政策数量","2","17/9/2025 11:05:18","17/9/2025 11:05:18","2022",
"318",,,"广东省科技厅发布政策数量","1","17/9/2025 11:05:18","17/9/2025 11:05:18","2022",
"319",,,"重庆市渝北区人民政府办公室发布政策数量","1","17/9/2025 11:05:19","17/9/2025 11:05:19","2022",
"320",,,"京市通州区人民政府办公室发布政策数量","1","17/9/2025 11:05:19","17/9/2025 11:05:19","2022",
"321",,,"厦门市工业和信息化局办公室发布政策数量","1","17/9/2025 11:05:19","17/9/2025 11:05:19","2022",
"322",,,"厦门市大数据管理局发布政策数量","1","17/9/2025 11:05:19","17/9/2025 11:05:19","2022",
"323",,,"国家开发银行办公室发布政策数量","1","17/9/2025 11:05:19","17/9/2025 11:05:19","2022",
"324",,,"科技部火炬中心发布政策数量","1","17/9/2025 11:05:19","17/9/2025 11:05:19","2022",
"325",,,"重庆市发展和改革委员会发布政策数量","1","17/9/2025 11:05:19","17/9/2025 11:05:19","2022",
"326",,,"重庆市生态环境局发布政策数量","1","17/9/2025 11:05:19","17/9/2025 11:05:19","2022",
"327",,,"重庆市国有资产监督管理委员会发布政策数量","1","17/9/2025 11:05:19","17/9/2025 11:05:19","2022",
"328",,,"重庆市市场监督管理局发布政策数量","1","17/9/2025 11:05:19","17/9/2025 11:05:19","2022",
"329",,,"中国民用航空局发布政策数量","1","17/9/2025 11:05:19","17/9/2025 11:05:19","2022",
"330",,,"福建省市场监督管理局发布政策数量","1","17/9/2025 11:05:19","17/9/2025 11:05:19","2022",
"331",,,"江西省科学技术厅发布政策数量","1","17/9/2025 11:05:19","17/9/2025 11:05:19","2022",
"332",,,"江西省税务局发布政策数量","1","17/9/2025 11:05:19","17/9/2025 11:05:19","2022",
"333",,,"云南省统计局发布政策数量","1","17/9/2025 11:05:19","17/9/2025 11:05:19","2022",
"334",,,"甘肃省人民政府发布政策数量","1","17/9/2025 11:05:19","17/9/2025 11:05:19","2022",
"335",,,"北京市人民政府发布政策数量","1","17/9/2025 11:05:19","17/9/2025 11:05:19","2022",
"336",,,"云南省商务厅发布政策数量","1","17/9/2025 11:05:19","17/9/2025 11:05:19","2022",
"337",,,"云南省自然资源厅发布政策数量","2","17/9/2025 11:05:19","17/9/2025 11:05:19","2022",
"338",,,"中国银行保险监督管理委员会云南监管局发布政策数量","1","17/9/2025 11:05:19","17/9/2025 11:05:19","2022",
"339",,,"中国人民银行昆明中心支行发布政策数量","1","17/9/2025 11:05:20","17/9/2025 11:05:20","2022",
"340",,,"云南省通信管理局发布政策数量","1","17/9/2025 11:05:20","17/9/2025 11:05:20","2022",
"341",,,"中共云南省委网络安全和信息化委员会办公室发布政策数量","1","17/9/2025 11:05:20","17/9/2025 11:05:20","2022",
"342",,,"自治区经济和信息化厅发布政策数量","1","17/9/2025 11:05:20","17/9/2025 11:05:20","2022",
"343",,,"陕西省教育厅发布政策数量","1","17/9/2025 11:05:20","17/9/2025 11:05:20","2022",
"344",,,"中共宁夏回族自治区科学技术厅党组发布政策数量","1","17/9/2025 11:05:20","17/9/2025 11:05:20","2022",
"345",,,"吉林省人民政府发布政策数量","1","17/9/2025 11:05:20","17/9/2025 11:05:20","2022",
"346",,,"湖南省人民政府发布政策数量","2","17/9/2025 11:05:20","17/9/2025 11:05:20","2022",
"347",,,"河北省人民政府办公厅发布政策数量","2","17/9/2025 11:05:20","17/9/2025 11:05:20","2022",
"348",,,"国家药品监督管理局综合和规划财务司发布政策数量","1","17/9/2025 11:05:20","17/9/2025 11:05:20","2022",
"349",,,"海宁市人民政府办公室发布政策数量","1","17/9/2025 11:05:20","17/9/2025 11:05:20","2022",
"350",,,"通辽市人民政府办公室发布政策数量","1","17/9/2025 11:05:20","17/9/2025 11:05:20","2022",
"351",,,"北京市大兴区人民政府发布政策数量","1","17/9/2025 11:05:20","17/9/2025 11:05:20","2022",
"352",,,"上海市生态环境局发布政策数量","3","17/9/2025 11:05:20","17/9/2025 11:05:20","2022",
"353",,,"四川省统计局发布政策数量","1","17/9/2025 11:05:20","17/9/2025 11:05:20","2022",
"354",,,"国家税务总局四川省税务局发布政策数量","1","17/9/2025 11:05:20","17/9/2025 11:05:20","2022",
"355",,,"中共宁夏回族自治区委员会办公厅发布政策数量","1","17/9/2025 11:05:20","17/9/2025 11:05:20","2022",
"356",,,"无锡市人民政府发布政策数量","1","17/9/2025 11:05:20","17/9/2025 11:05:20","2022",
"357",,,"合肥市经济和信息化局发布政策数量","1","17/9/2025 11:05:20","17/9/2025 11:05:20","2022",
"358",,,"合肥市财政局发布政策数量","1","17/9/2025 11:05:20","17/9/2025 11:05:20","2022",
"359",,,"区投促局发布政策数量","1","17/9/2025 11:05:21","17/9/2025 11:05:21","2022",
"360",,,"天津高新区发布政策数量","3","17/9/2025 11:05:21","17/9/2025 11:05:21","2022",
"361",,,"区政府办公室发布政策数量","1","17/9/2025 11:05:21","17/9/2025 11:05:21","2022",
"362",,,"国家疾控局发布政策数量","1","17/9/2025 11:05:21","17/9/2025 11:05:21","2022",
"363",,,"国家体育总局发布政策数量","1","17/9/2025 11:05:21","17/9/2025 11:05:21","2022",
"364",,,"国家知识产权局保护司发布政策数量","1","17/9/2025 11:05:21","17/9/2025 11:05:21","2022",
"365",,,"省工业和信息化厅发布政策数量","1","17/9/2025 11:05:21","17/9/2025 11:05:21","2022",
"366",,,"甘肃省科技厅发布政策数量","2","17/9/2025 11:05:21","17/9/2025 11:05:21","2022",
"367",,,"气象局发布政策数量","1","17/9/2025 11:05:21","17/9/2025 11:05:21","2022",
"368",,,"林草局发布政策数量","1","17/9/2025 11:05:21","17/9/2025 11:05:21","2022",
"369",,,"中国证监会发布政策数量","2","17/9/2025 11:05:21","17/9/2025 11:05:21","2022",
"370",,,"上海市卫生健康委员会发布政策数量","1","17/9/2025 11:05:21","17/9/2025 11:05:21","2022",
"371",,,"横琴粤澳深度财政局发布政策数量","1","17/9/2025 11:05:22","17/9/2025 11:05:22","2022",
"372",,,"国家税务总局横琴粤澳深度合作区税务局发布政策数量","1","17/9/2025 11:05:22","17/9/2025 11:05:22","2022",
"373",,,"横琴粤澳深度合作区经济发展局发布政策数量","1","17/9/2025 11:05:22","17/9/2025 11:05:22","2022",
"374",,,"中国证监会办公厅、工业和信息化部办公厅发布政策数量","1","17/9/2025 11:05:22","17/9/2025 11:05:22","2022",
"375",,,"中国证券监督管理委员会发布政策数量","1","17/9/2025 11:05:22","17/9/2025 11:05:22","2022",
"376",,,"云南省教育厅发布政策数量","2","17/9/2025 11:05:22","17/9/2025 11:05:22","2022",
"377",,,"云南省人力资源社会保障厅发布政策数量","1","17/9/2025 11:05:22","17/9/2025 11:05:22","2022",
"378",,,"宁夏回族自治区发展改革委发布政策数量","2","17/9/2025 11:05:22","17/9/2025 11:05:22","2022",
"379",,,"湖南省能源局发布政策数量","2","17/9/2025 11:05:22","17/9/2025 11:05:22","2022",
"380",,,"广州市人民政府办公厅秘书处发布政策数量","1","17/9/2025 11:05:22","17/9/2025 11:05:22","2022",
"381",,,"北京市第十五届人民代表大会常务委员会发布政策数量","1","17/9/2025 11:05:22","17/9/2025 11:05:22","2022",
"382",,,"上海市第十五届人民代表大会常务委员会发布政策数量","1","17/9/2025 11:05:22","17/9/2025 11:05:22","2022",
"383",,,"市政府办公厅发布政策数量","1","17/9/2025 11:05:22","17/9/2025 11:05:22","2022",
"384",,,"发改委发布政策数量","1","17/9/2025 11:05:22","17/9/2025 11:05:22","2022",
"385",,,"国家药监局综合司发布政策数量","1","17/9/2025 11:05:22","17/9/2025 11:05:22","2022",
"386",,,"浙江省科学技术厅发布政策数量","4","17/9/2025 11:05:22","17/9/2025 11:05:22","2022",
"387",,,"中共浙江省委人才工作领导小组办公室发布政策数量","1","17/9/2025 11:05:22","17/9/2025 11:05:22","2022",
"388",,,"浙江省教育厅发布政策数量","1","17/9/2025 11:05:23","17/9/2025 11:05:23","2022",
"389",,,"浙江省财政厅发布政策数量","2","17/9/2025 11:05:23","17/9/2025 11:05:23","2022",
"390",,,"浙江省人力资源和社会保障厅发布政策数量","1","17/9/2025 11:05:23","17/9/2025 11:05:23","2022",
"391",,,"浙江省科学技术协会发布政策数量","1","17/9/2025 11:05:23","17/9/2025 11:05:23","2022",
"392",,,"浙江省发展和改革委员会发布政策数量","2","17/9/2025 11:05:23","17/9/2025 11:05:23","2022",
"393",,,"中共浙江省委网络安全和信息化委员会办公室发布政策数量","1","17/9/2025 11:05:23","17/9/2025 11:05:23","2022",
"394",,,"浙江省经济和信息化厅发布政策数量","2","17/9/2025 11:05:23","17/9/2025 11:05:23","2022",
"395",,,"浙江省市场监督管理局发布政策数量","1","17/9/2025 11:05:23","17/9/2025 11:05:23","2022",
"396",,,"深圳科技创新委员会发布政策数量","1","17/9/2025 11:05:23","17/9/2025 11:05:23","2022",
"397",,,"深圳市交通运输局发布政策数量","1","17/9/2025 11:05:23","17/9/2025 11:05:23","2022",
"398",,,"深圳市发展改革委发布政策数量","1","17/9/2025 11:05:23","17/9/2025 11:05:23","2022",
"399",,,"深圳市公安交警局发布政策数量","1","17/9/2025 11:05:23","17/9/2025 11:05:23","2022",
"400",,,"国家广播电视总局办公厅发布政策数量","1","17/9/2025 11:05:23","17/9/2025 11:05:23","2022",
"401",,,"国家林业和草原局办公室发布政策数量","1","17/9/2025 11:05:24","17/9/2025 11:05:24","2022",
"402",,,"国家乡村振兴局综合司发布政策数量","1","17/9/2025 11:05:24","17/9/2025 11:05:24","2022",
"403",,,"浙江省人民政府国有资产监督管理委员会发布政策数量","1","17/9/2025 11:05:24","17/9/2025 11:05:24","2022",
"404",,,"国家税务总局浙江省税务局发布政策数量","1","17/9/2025 11:05:24","17/9/2025 11:05:24","2022",
"405",,,"中国人民银行杭州中心支行发布政策数量","1","17/9/2025 11:05:24","17/9/2025 11:05:24","2022",
"406",,,"中共中央发布政策数量","1","17/9/2025 11:05:24","17/9/2025 11:05:24","2022",
"407",,,"四川省自然资源厅发布政策数量","2","17/9/2025 11:05:24","17/9/2025 11:05:24","2022",
"408",,,"四川省住房和城乡建设厅发布政策数量","2","17/9/2025 11:05:24","17/9/2025 11:05:24","2022",
"409",,,"四川省交通运输厅发布政策数量","2","17/9/2025 11:05:24","17/9/2025 11:05:24","2022",
"410",,,"四川省农业农村厅发布政策数量","2","17/9/2025 11:05:24","17/9/2025 11:05:24","2022",
"411",,,"四川省文化和旅游厅发布政策数量","1","17/9/2025 11:05:24","17/9/2025 11:05:24","2022",
"412",,,"四川省应急管理厅发布政策数量","1","17/9/2025 11:05:24","17/9/2025 11:05:24","2022",
"413",,,"四川省生态环境厅发布政策数量","2","17/9/2025 11:05:24","17/9/2025 11:05:24","2022",
"414",,,"云南省发展改革委发布政策数量","1","17/9/2025 11:05:24","17/9/2025 11:05:24","2022",
"415",,,"云南省科技厅发布政策数量","1","17/9/2025 11:05:24","17/9/2025 11:05:24","2022",
"416",,,"云南省生态环境厅发布政策数量","1","17/9/2025 11:05:24","17/9/2025 11:05:24","2022",
"417",,,"云南省住房城乡建设厅发布政策数量","1","17/9/2025 11:05:24","17/9/2025 11:05:24","2022",
"418",,,"云南省水利厅发布政策数量","1","17/9/2025 11:05:24","17/9/2025 11:05:24","2022",
"419",,,"云南省应急管理厅发布政策数量","1","17/9/2025 11:05:24","17/9/2025 11:05:24","2022",
"420",,,"云南省国资委发布政策数量","1","17/9/2025 11:05:24","17/9/2025 11:05:24","2022",
"421",,,"云南省林草局发布政策数量","1","17/9/2025 11:05:25","17/9/2025 11:05:25","2022",
"422",,,"省地方金融监督管理局发布政策数量","1","17/9/2025 11:05:25","17/9/2025 11:05:25","2022",
"423",,,"昆明海关发布政策数量","1","17/9/2025 11:05:25","17/9/2025 11:05:25","2022",
"424",,,"云南省税务局发布政策数量","1","17/9/2025 11:05:25","17/9/2025 11:05:25","2022",
"425",,,"人民银行昆明中心支行发布政策数量","1","17/9/2025 11:05:25","17/9/2025 11:05:25","2022",
"426",,,"云南银保监局发布政策数量","1","17/9/2025 11:05:25","17/9/2025 11:05:25","2022",
"427",,,"云南证监局发布政策数量","1","17/9/2025 11:05:25","17/9/2025 11:05:25","2022",
"428",,,"云南省人力资源和社会保障厅发布政策数量","1","17/9/2025 11:05:25","17/9/2025 11:05:25","2022",
"429",,,"西藏自治区人民政府办公厅秘书处发布政策数量","1","17/9/2025 11:05:25","17/9/2025 11:05:25","2022",
"430",,,"陕西省人民政府发布政策数量","1","17/9/2025 11:05:25","17/9/2025 11:05:25","2022",
"431",,,"陕西省发展和改革委员会发布政策数量","1","17/9/2025 11:05:25","17/9/2025 11:05:25","2022",
"432",,,"湖北省发展和改革委员会发布政策数量","1","17/9/2025 11:05:25","17/9/2025 11:05:25","2022",
"433",,,"湖北省能源局发布政策数量","1","17/9/2025 11:05:25","17/9/2025 11:05:25","2022",
"434",,,"湖南省科学技术厅发布政策数量","2","17/9/2025 11:05:25","17/9/2025 11:05:25","2022",
"435",,,"湖南省生态环境厅发布政策数量","1","17/9/2025 11:05:25","17/9/2025 11:05:25","2022",
"436",,,"湖南省住房和城乡建设厅发布政策数量","1","17/9/2025 11:05:25","17/9/2025 11:05:25","2022",
"437",,,"湖南省交通运输厅发布政策数量","1","17/9/2025 11:05:25","17/9/2025 11:05:25","2022",
"438",,,"广东省发展改革委发布政策数量","1","17/9/2025 11:05:25","17/9/2025 11:05:25","2022",
"439",,,"广西壮族自治区工业和信息化厅发布政策数量","1","17/9/2025 11:05:25","17/9/2025 11:05:25","2022",
"440",,,"四川省机关事务管理局发布政策数量","1","17/9/2025 11:05:26","17/9/2025 11:05:26","2022",
"441",,,"中国民用航空四川安全监督管理局发布政策数量","1","17/9/2025 11:05:26","17/9/2025 11:05:26","2022",
"442",,,"国家卫生健康委办公厅发布政策数量","3","17/9/2025 11:05:26","17/9/2025 11:05:26","2022",
"443",,,"新疆维吾尔自治区科技厅发布政策数量","2","17/9/2025 11:05:26","17/9/2025 11:05:26","2022",
"444",,,"贵州省人民代表大会常务委员会发布政策数量","1","17/9/2025 11:05:26","17/9/2025 11:05:26","2022",
"445",,,"哈尔滨市人民政府发布政策数量","1","17/9/2025 11:05:26","17/9/2025 11:05:26","2022",
"446",,,"中共宁夏区委人才工作领导小组办公室发布政策数量","1","17/9/2025 11:05:26","17/9/2025 11:05:26","2022",
"447",,,"中共宁夏回族自治区委员会宣传部发布政策数量","1","17/9/2025 11:05:26","17/9/2025 11:05:26","2022",
"448",,,"宁夏回族自治区科学技术厅发布政策数量","1","17/9/2025 11:05:26","17/9/2025 11:05:26","2022",
"449",,,"上海市互联网信息办公室发布政策数量","1","17/9/2025 11:05:26","17/9/2025 11:05:26","2022",
"450",,,"天津市财政局发布政策数量","1","17/9/2025 11:05:26","17/9/2025 11:05:26","2022",
"451",,,"成都市新经济发展委员会发布政策数量","1","17/9/2025 11:05:26","17/9/2025 11:05:26","2022",
"452",,,"深圳证券交易所发布政策数量","1","17/9/2025 11:05:26","17/9/2025 11:05:26","2022",
"453",,,"上海证券交易所发布政策数量","1","17/9/2025 11:05:26","17/9/2025 11:05:26","2022",
"454",,,"江苏省科学技术厅发布政策数量","1","17/9/2025 11:05:26","17/9/2025 11:05:26","2022",
"455",,,"安徽省科学技术厅发布政策数量","1","17/9/2025 11:05:26","17/9/2025 11:05:26","2022",
"456",,,"深圳市前海深港现代服务业合作区管理局发布政策数量","2","17/9/2025 11:05:26","17/9/2025 11:05:26","2022",
"457",,,"深圳市科学技术协会发布政策数量","1","17/9/2025 11:05:26","17/9/2025 11:05:26","2022",
"458",,,"深圳市财政局发布政策数量","1","17/9/2025 11:05:26","17/9/2025 11:05:26","2022",
"459",,,"国家航天局发布政策数量","2","17/9/2025 11:05:27","17/9/2025 11:05:27","2022",
"460",,,"国家原子能机构发布政策数量","1","17/9/2025 11:05:27","17/9/2025 11:05:27","2022",
"461",,,"北京市教育委员会发布政策数量","1","17/9/2025 11:05:27","17/9/2025 11:05:27","2022",
"462",,,"北京市财政局发布政策数量","1","17/9/2025 11:05:27","17/9/2025 11:05:27","2022",
"463",,,"北京市人民政府国有资产监督管理委员会发布政策数量","1","17/9/2025 11:05:27","17/9/2025 11:05:27","2022",
"464",,,"国家中医药局办公室发布政策数量","1","17/9/2025 11:05:27","17/9/2025 11:05:27","2022",
"465",,,"青岛市人民政府办公厅发布政策数量","2","17/9/2025 11:05:27","17/9/2025 11:05:27","2022",
"466",,,"南京市人民政府办公厅发布政策数量","2","17/9/2025 11:05:27","17/9/2025 11:05:27","2022",
"467",,,"厦门市科学技术局发布政策数量","1","17/9/2025 11:05:27","17/9/2025 11:05:27","2022",
"468",,,"合肥市人民政府办公室发布政策数量","6","17/9/2025 11:05:27","17/9/2025 11:05:27","2022",
"469",,,"重庆市科学技术局发布政策数量","1","17/9/2025 11:05:27","17/9/2025 11:05:27","2022",
"470",,,"黑龙江省科学技术厅发布政策数量","3","17/9/2025 11:05:27","17/9/2025 11:05:27","2022",
"471",,,"黑龙江省教育厅发布政策数量","1","17/9/2025 11:05:27","17/9/2025 11:05:27","2022",
"472",,,"黑龙江省财政厅发布政策数量","1","17/9/2025 11:05:27","17/9/2025 11:05:27","2022",
"474","30","科学研究和技术服务业","政策数量","186","17/9/2025 11:05:27","21/10/2025 13:26:53","2022",
"475",,"互联网和相关服务","政策数量","116","17/9/2025 11:05:27","17/9/2025 11:05:27","2022",
"476","13","电力、热力、燃气及水生产和供应业","政策数量","96","17/9/2025 11:05:27","21/10/2025 13:26:53","2022",
"477","1","医药制造业","政策数量","80","17/9/2025 11:05:27","21/10/2025 13:26:53","2022",
"478","17","交通运输、仓储和邮政业","政策数量","71","17/9/2025 11:05:27","21/10/2025 13:26:53","2022",
"479","21","通信传输设备业","政策数量","70","17/9/2025 11:05:28","21/10/2025 13:26:53","2022",
"480","12","汽车制造业","政策数量","69","17/9/2025 11:05:28","21/10/2025 13:26:53","2022",
"481","34","农、林、牧、渔业","政策数量","62","17/9/2025 11:05:28","21/10/2025 13:26:53","2022",
"482","5","专用设备制造业","政策数量","61","17/9/2025 11:05:28","21/10/2025 13:26:53","2022",
"483","2","化学原料和化学制品制造业","政策数量","60","17/9/2025 11:05:28","21/10/2025 13:26:53","2022",
"484",,"电信、广播电视和卫星传输服务","政策数量","51","17/9/2025 11:05:28","17/9/2025 11:05:28","2022",
"485","32","仪器仪表制造业","政策数量","50","17/9/2025 11:05:28","21/10/2025 13:26:53","2022",
"486","18","通用设备制造业","政策数量","47","17/9/2025 11:05:28","21/10/2025 13:26:53","2022",
"487","27","铁路、船舶、航空航天和其他运输设备制造业","政策数量","46","17/9/2025 11:05:28","21/10/2025 13:26:53","2022",
"488","28","水利、环境和公共设施管理业","政策数量","45","17/9/2025 11:05:28","21/10/2025 13:26:52","2022",
"489","19","半导体业","政策数量","44","17/9/2025 11:05:28","21/10/2025 13:26:53","2022",
"490","7","金融业","政策数量","41","17/9/2025 11:05:28","21/10/2025 13:26:52","2022",
"491","29","金属冶炼和压延加工业","政策数量","41","17/9/2025 11:05:28","21/10/2025 13:26:53","2022",
"492","22","非金属矿物制品业","政策数量","39","17/9/2025 11:05:28","21/10/2025 13:26:53","2022",
"493","33","文化、体育和娱乐业","政策数量","33","17/9/2025 11:05:28","21/10/2025 13:26:53","2022",
"494","45","石油加工、炼焦和核燃料加工业","政策数量","31","17/9/2025 11:05:28","21/10/2025 13:26:53","2022",
"495","31","教育","政策数量","29","17/9/2025 11:05:28","21/10/2025 13:26:53","2022",
"496","9","批发和零售业","政策数量","28","17/9/2025 11:05:28","21/10/2025 13:26:53","2022",
"497","16","建筑业","政策数量","28","17/9/2025 11:05:28","21/10/2025 13:26:53","2022",
"498","35","卫生和社会工作","政策数量","28","17/9/2025 11:05:28","21/10/2025 13:26:53","2022",
"499","14","采矿业","政策数量","27","17/9/2025 11:05:29","21/10/2025 13:26:53","2022",
"500","46","废弃资源综合利用业","政策数量","25","17/9/2025 11:05:29","21/10/2025 13:26:53","2022",
"501","25","其他制造业","政策数量","24","17/9/2025 11:05:29","21/10/2025 13:26:53","2022",
"502","23","橡胶和塑料制品业","政策数量","22","17/9/2025 11:05:29","21/10/2025 13:26:53","2022",
"503","15","纺织鞋服业","政策数量","21","17/9/2025 11:05:29","21/10/2025 13:26:53","2022",
"504","36","造纸和纸制品业","政策数量","21","17/9/2025 11:05:29","21/10/2025 13:26:53","2022",
"505","43","化学纤维制造业","政策数量","19","17/9/2025 11:05:29","21/10/2025 13:26:53","2022",
"506","26","金属制品业","政策数量","17","17/9/2025 11:05:29","21/10/2025 13:26:53","2022",
"507","10","食品饮料业","政策数量","16","17/9/2025 11:05:29","21/10/2025 13:26:53","2022",
"508","20","租赁和商务服务业","政策数量","15","17/9/2025 11:05:29","21/10/2025 13:26:53","2022",
"509","38","家具制造业","政策数量","15","17/9/2025 11:05:29","21/10/2025 13:26:53","2022",
"510","41","文教、工美、体育和娱乐用品制造业","政策数量","12","17/9/2025 11:05:29","21/10/2025 13:26:53","2022",
"511","6","消费电子及电气业","政策数量","10","17/9/2025 11:05:29","21/10/2025 13:26:53","2022",
"512","37","住宿和餐饮业","政策数量","10","17/9/2025 11:05:29","21/10/2025 13:26:53","2022",
"513",,"制造业","政策数量","10","17/9/2025 11:05:29","17/9/2025 11:05:29","2022",
"514",,"电气机械和器材制造业","政策数量","9","17/9/2025 11:05:29","17/9/2025 11:05:29","2022",
"515","48","居民服务、修理和其他服务业","政策数量","8","17/9/2025 11:05:29","21/10/2025 13:26:53","2022",
"516","8","商业电气机械和器材制造业","政策数量","8","17/9/2025 11:05:29","21/10/2025 13:26:53","2022",
"517","4","房地产业","政策数量","7","17/9/2025 11:05:29","21/10/2025 13:26:52","2022",
"518","47","木材加工和木、竹、藤、棕、草制品业","政策数量","7","17/9/2025 11:05:30","21/10/2025 13:26:53","2022",
"519","39","印刷和记录媒介复制业","政策数量","5","17/9/2025 11:05:30","21/10/2025 13:26:53","2022",
"520","24","综合","政策数量","5","17/9/2025 11:05:30","21/10/2025 13:26:53","2022",
"521",,"计算机、通信和其他电子设备制造业","政策数量","4","17/9/2025 11:05:30","17/9/2025 11:05:30","2022",
"522",,"开采辅助活动","政策数量","3","17/9/2025 11:05:30","17/9/2025 11:05:30","2022",
"523",,"工业制造业","政策数量","2","17/9/2025 11:05:30","17/9/2025 11:05:30","2022",
"524",,"公共管理、社会保障和社会组织","政策数量","1","17/9/2025 11:05:30","17/9/2025 11:05:30","2022",
"525",,"工业能效提升行动计划","政策数量","1","17/9/2025 11:05:30","17/9/2025 11:05:30","2022",
"526",,"制造业（对应“其他制造业”）","政策数量","1","17/9/2025 11:05:30","17/9/2025 11:05:30","2022",
"528",,"工业设计","政策数量","1","17/9/2025 11:05:30","17/9/2025 11:05:30","2022",
"529",,"新材料与精细化工","政策数量","1","17/9/2025 11:05:30","17/9/2025 11:05:30","2022",
"530",,"新能源与节能环保","政策数量","1","17/9/2025 11:05:30","17/9/2025 11:05:30","2022",
"531",,"数字创意","政策数量","1","17/9/2025 11:05:30","17/9/2025 11:05:30","2022",
"532",,,"部委政策-工业和信息化部办公厅政策数量","27","17/9/2025 11:05:30","17/9/2025 11:05:30","2022",
"533",,,"部委政策-国务院国有资产监督管理委员会办公厅政策数量","1","17/9/2025 11:05:30","17/9/2025 11:05:30","2022",
"534",,,"部委政策-国家市场监督管理总局办公厅政策数量","3","17/9/2025 11:05:30","17/9/2025 11:05:30","2022",
"535",,,"部委政策-国家知识产权局办公室政策数量","6","17/9/2025 11:05:30","17/9/2025 11:05:30","2022",
"536",,,"国务院政策-中共中央办公厅政策数量","5","17/9/2025 11:05:30","17/9/2025 11:05:30","2022",
"537",,,"国务院政策-国务院办公厅政策数量","11","17/9/2025 11:05:30","17/9/2025 11:05:30","2022",
"538",,,"地方政策-安徽省人民政府政策数量","5","17/9/2025 11:05:31","17/9/2025 11:05:31","2022",
"539",,,"地方政策-安徽省人民政府办公厅政策数量","4","17/9/2025 11:05:31","17/9/2025 11:05:31","2022",
"540",,,"地方政策-山东省人民政府办公厅政策数量","9","17/9/2025 11:05:31","17/9/2025 11:05:31","2022",
"541",,,"地方政策-湖南省人民政府办公厅政策数量","3","17/9/2025 11:05:31","17/9/2025 11:05:31","2022",
"542",,,"地方政策-宁夏回族自治区人民政府办公厅政策数量","2","17/9/2025 11:05:31","17/9/2025 11:05:31","2022",
"543",,,"地方政策-山西省工业和信息化厅政策数量","2","17/9/2025 11:05:31","17/9/2025 11:05:31","2022",
"544",,,"地方政策-江西省政府办公厅政策数量","2","17/9/2025 11:05:31","17/9/2025 11:05:31","2022",
"545",,,"地方政策-山东省工业和信息化厅政策数量","3","17/9/2025 11:05:31","17/9/2025 11:05:31","2022",
"546",,,"地方政策-河南省人民政府办公厅政策数量","9","17/9/2025 11:05:31","17/9/2025 11:05:31","2022",
"547",,,"地方政策-广东省人民政府办公厅政策数量","5","17/9/2025 11:05:31","17/9/2025 11:05:31","2022",
"548",,,"地方政策-深圳市人民代表大会常务委员会政策数量","2","17/9/2025 11:05:31","17/9/2025 11:05:31","2022",
"549",,,"部委政策-人民银行政策数量","7","17/9/2025 11:05:31","17/9/2025 11:05:31","2022",
"550",,,"部委政策-发展改革委政策数量","7","17/9/2025 11:05:31","17/9/2025 11:05:31","2022",
"551",,,"部委政策-财政部政策数量","24","17/9/2025 11:05:31","17/9/2025 11:05:31","2022",
"552",,,"部委政策-生态环境部政策数量","18","17/9/2025 11:05:31","17/9/2025 11:05:31","2022",
"553",,,"部委政策-银保监会政策数量","5","17/9/2025 11:05:31","17/9/2025 11:05:31","2022",
"554",,,"部委政策-证监会政策数量","3","17/9/2025 11:05:31","17/9/2025 11:05:31","2022",
"555",,,"部委政策-中央网信办政策数量","4","17/9/2025 11:05:31","17/9/2025 11:05:31","2022",
"556",,,"部委政策-农业农村部政策数量","13","17/9/2025 11:05:31","17/9/2025 11:05:31","2022",
"557",,,"部委政策-工业和信息化部政策数量","46","17/9/2025 11:05:31","17/9/2025 11:05:31","2022",
"558",,,"部委政策-国家市场监督管理总局政策数量","5","17/9/2025 11:05:32","17/9/2025 11:05:32","2022",
"559",,,"部委政策-商务部政策数量","13","17/9/2025 11:05:32","17/9/2025 11:05:32","2022",
"560",,,"部委政策-国务院国有资产监督管理委员会政策数量","3","17/9/2025 11:05:32","17/9/2025 11:05:32","2022",
"561",,,"部委政策-教育部办公厅政策数量","6","17/9/2025 11:05:32","17/9/2025 11:05:32","2022",
"562",,,"部委政策-国家发展改革委办公厅政策数量","6","17/9/2025 11:05:32","17/9/2025 11:05:32","2022",
"563",,,"部委政策-国家能源局综合司政策数量","5","17/9/2025 11:05:32","17/9/2025 11:05:32","2022",
"564",,,"部委政策-国家互联网信息办公室政策数量","7","17/9/2025 11:05:32","17/9/2025 11:05:32","2022",
"565",,,"地方政策-福建省工业和信息化厅政策数量","7","17/9/2025 11:05:32","17/9/2025 11:05:32","2022",
"566",,,"地方政策-广东省人民政府政策数量","3","17/9/2025 11:05:32","17/9/2025 11:05:32","2022",
"567",,,"地方政策-中共广东省委政策数量","1","17/9/2025 11:05:32","17/9/2025 11:05:32","2022",
"568",,,"地方政策-山东省能源局政策数量","2","17/9/2025 11:05:32","17/9/2025 11:05:32","2022",
"569",,,"地方政策-四川省科学技术厅政策数量","5","17/9/2025 11:05:32","17/9/2025 11:05:32","2022",
"570",,,"地方政策-四川省发展和改革委员会政策数量","5","17/9/2025 11:05:32","17/9/2025 11:05:32","2022",
"571",,,"地方政策-四川省经济和信息化厅政策数量","8","17/9/2025 11:05:32","17/9/2025 11:05:32","2022",
"572",,,"地方政策-自治区科学技术厅政策数量","1","17/9/2025 11:05:32","17/9/2025 11:05:32","2022",
"573",,,"部委政策-交通运输部政策数量","13","17/9/2025 11:05:32","17/9/2025 11:05:32","2022",
"574",,,"部委政策-国家能源局政策数量","12","17/9/2025 11:05:32","17/9/2025 11:05:32","2022",
"575",,,"部委政策-国家电网有限公司政策数量","1","17/9/2025 11:05:32","17/9/2025 11:05:32","2022",
"576",,,"部委政策-中国南方电网有限责任公司政策数量","1","17/9/2025 11:05:33","17/9/2025 11:05:33","2022",
"577",,,"部委政策-市场监管总局办公厅政策数量","2","17/9/2025 11:05:33","17/9/2025 11:05:33","2022",
"578",,,"部委政策-农业农村部办公厅政策数量","5","17/9/2025 11:05:33","17/9/2025 11:05:33","2022",
"579",,,"部委政策-国家卫生健康委员会办公厅政策数量","1","17/9/2025 11:05:33","17/9/2025 11:05:33","2022",
"580",,,"部委政策-国家矿山安全监察局综合司政策数量","1","17/9/2025 11:05:33","17/9/2025 11:05:33","2022",
"581",,,"部委政策-国家发展改革委政策数量","21","17/9/2025 11:05:33","17/9/2025 11:05:33","2022",
"582",,,"部委政策-国务院国资委政策数量","5","17/9/2025 11:05:33","17/9/2025 11:05:33","2022",
"583",,,"部委政策-市场监管总局政策数量","10","17/9/2025 11:05:33","17/9/2025 11:05:33","2022",
"584",,,"部委政策-国家知识产权局政策数量","8","17/9/2025 11:05:33","17/9/2025 11:05:33","2022",
"585",,,"部委政策-住房和城乡建设部政策数量","10","17/9/2025 11:05:33","17/9/2025 11:05:33","2022",
"586",,,"部委政策-中国科协办公厅政策数量","2","17/9/2025 11:05:33","17/9/2025 11:05:33","2022",
"587",,,"地方政策-北京市科学技术委员会政策数量","3","17/9/2025 11:05:33","17/9/2025 11:05:33","2022",
"588",,,"地方政策-北京市通州区人民政府政策数量","2","17/9/2025 11:05:33","17/9/2025 11:05:33","2022",
"589",,,"地方政策-中关村科技园区管理委员会政策数量","3","17/9/2025 11:05:33","17/9/2025 11:05:33","2022",
"590",,,"地方政策-北京市经济和信息化局政策数量","7","17/9/2025 11:05:33","17/9/2025 11:05:33","2022",
"591",,,"地方政策-河南省工业和信息化厅办公室政策数量","1","17/9/2025 11:05:33","17/9/2025 11:05:33","2022",
"592",,,"地方政策-湖南省工业和信息化厅政策数量","3","17/9/2025 11:05:33","17/9/2025 11:05:33","2022",
"593",,,"地方政策-湖南省发展和改革委员会政策数量","3","17/9/2025 11:05:33","17/9/2025 11:05:33","2022",
"594",,,"地方政策-湖南省教育厅政策数量","1","17/9/2025 11:05:34","17/9/2025 11:05:34","2022",
"595",,,"地方政策-湖南省财政厅政策数量","1","17/9/2025 11:05:34","17/9/2025 11:05:34","2022",
"596",,,"地方政策-湖南省人力资源和社会保障厅政策数量","2","17/9/2025 11:05:34","17/9/2025 11:05:34","2022",
"597",,,"地方政策-湖南省文化和旅游厅政策数量","1","17/9/2025 11:05:34","17/9/2025 11:05:34","2022",
"598",,,"地方政策-湖南省人民政府国有资产监督管理委员会政策数量","1","17/9/2025 11:05:34","17/9/2025 11:05:34","2022",
"599",,,"地方政策-湖南省文物局政策数量","1","17/9/2025 11:05:34","17/9/2025 11:05:34","2022",
"600",,,"地方政策-黑龙江省人民政府办公厅政策数量","2","17/9/2025 11:05:34","17/9/2025 11:05:34","2022",
"601",,,"地方政策-重庆市经济信息委政策数量","1","17/9/2025 11:05:34","17/9/2025 11:05:34","2022",
"602",,,"地方政策-重庆市财政局政策数量","2","17/9/2025 11:05:34","17/9/2025 11:05:34","2022",
"603",,,"地方政策-四川省财政厅政策数量","6","17/9/2025 11:05:34","17/9/2025 11:05:34","2022",
"604",,,"地方政策-四川省人民政府政策数量","2","17/9/2025 11:05:34","17/9/2025 11:05:34","2022",
"605",,,"地方政策-贵州省科技厅政策数量","1","17/9/2025 11:05:34","17/9/2025 11:05:34","2022",
"606",,,"地方政策-甘肃省人民政府办公厅政策数量","2","17/9/2025 11:05:34","17/9/2025 11:05:34","2022",
"607",,,"部委政策-商务部办公厅政策数量","2","17/9/2025 11:05:34","17/9/2025 11:05:34","2022",
"608",,,"部委政策-财政部办公厅政策数量","4","17/9/2025 11:05:34","17/9/2025 11:05:34","2022",
"609",,,"部委政策-自然资源部办公厅政策数量","1","17/9/2025 11:05:35","17/9/2025 11:05:35","2022",
"610",,,"部委政策-生态环境部办公厅政策数量","1","17/9/2025 11:05:35","17/9/2025 11:05:35","2022",
"611",,,"部委政策-住房和城乡建设部办公厅政策数量","3","17/9/2025 11:05:35","17/9/2025 11:05:35","2022",
"612",,,"地方政策-宁夏回族自治区发展和改革委员会政策数量","1","17/9/2025 11:05:35","17/9/2025 11:05:35","2022",
"613",,,"地方政策-中共宁夏回族自治区委员会网络安全和信息化委员会办公室政策数量","1","17/9/2025 11:05:35","17/9/2025 11:05:35","2022",
"614",,,"地方政策-宁夏回族自治区工业和信息化厅政策数量","2","17/9/2025 11:05:35","17/9/2025 11:05:35","2022",
"615",,,"地方政策-宁夏回族自治区通信管理局政策数量","1","17/9/2025 11:05:35","17/9/2025 11:05:35","2022",
"616",,,"部委政策-工业和信息化部装备工业一司政策数量","2","17/9/2025 11:05:35","17/9/2025 11:05:35","2022",
"617",,,"部委政策-市场监管总局标准技术司政策数量","1","17/9/2025 11:05:36","17/9/2025 11:05:36","2022",
"618",,,"地方政策-云南省发展和改革委员会政策数量","12","17/9/2025 11:05:36","17/9/2025 11:05:36","2022",
"619",,,"地方政策-云南省工业和信息化厅政策数量","12","17/9/2025 11:05:36","17/9/2025 11:05:36","2022",
"620",,,"部委政策-科技部政策数量","22","17/9/2025 11:05:36","17/9/2025 11:05:36","2022",
"621",,,"部委政策-住房城乡建设部政策数量","5","17/9/2025 11:05:36","17/9/2025 11:05:36","2022",
"622",,,"部委政策-中科院政策数量","4","17/9/2025 11:05:36","17/9/2025 11:05:36","2022",
"623",,,"部委政策-工程院政策数量","2","17/9/2025 11:05:36","17/9/2025 11:05:36","2022",
"624",,,"地方政策-昆明市人民政府大健康发展管理办公室政策数量","1","17/9/2025 11:05:36","17/9/2025 11:05:36","2022",
"625",,,"地方政策-江西省人民政府政策数量","4","17/9/2025 11:05:36","17/9/2025 11:05:36","2022",
"626",,,"地方政策-广东省发展和改革委员会政策数量","2","17/9/2025 11:05:36","17/9/2025 11:05:36","2022",
"627",,,"地方政策-广东省科学技术厅政策数量","3","17/9/2025 11:05:36","17/9/2025 11:05:36","2022",
"628",,,"地方政策-广东省工业和信息化厅政策数量","4","17/9/2025 11:05:36","17/9/2025 11:05:36","2022",
"629",,,"地方政策-广东省财政厅政策数量","2","17/9/2025 11:05:36","17/9/2025 11:05:36","2022",
"630",,,"地方政策-广东省住房和城乡建设厅政策数量","1","17/9/2025 11:05:37","17/9/2025 11:05:37","2022",
"631",,,"地方政策-广东省应急管理厅政策数量","1","17/9/2025 11:05:37","17/9/2025 11:05:37","2022",
"632",,,"地方政策-广东省市场监督管理局政策数量","1","17/9/2025 11:05:37","17/9/2025 11:05:37","2022",
"633",,,"地方政策-广东省能源局政策数量","2","17/9/2025 11:05:37","17/9/2025 11:05:37","2022",
"634",,,"地方政策-重庆市人民政府办公厅政策数量","11","17/9/2025 11:05:37","17/9/2025 11:05:37","2022",
"635",,,"地方政策-四川省人民政府办公厅政策数量","6","17/9/2025 11:05:37","17/9/2025 11:05:37","2022",
"636",,,"地方政策-陕西省工业和信息化厅政策数量","2","17/9/2025 11:05:37","17/9/2025 11:05:37","2022",
"637",,,"地方政策-陕西省科学技术厅政策数量","4","17/9/2025 11:05:37","17/9/2025 11:05:37","2022",
"638",,,"地方政策-陕西省财政厅政策数量","2","17/9/2025 11:05:37","17/9/2025 11:05:37","2022",
"639",,,"地方政策-陕西省商务厅政策数量","1","17/9/2025 11:05:37","17/9/2025 11:05:37","2022",
"640",,,"地方政策-陕西省人民政府国有资产监督管理委员会政策数量","1","17/9/2025 11:05:37","17/9/2025 11:05:37","2022",
"641",,,"地方政策-中国证券监督管理委员会陕西监管局政策数量","1","17/9/2025 11:05:37","17/9/2025 11:05:37","2022",
"642",,,"部委政策-教育部政策数量","10","17/9/2025 11:05:37","17/9/2025 11:05:37","2022",
"643",,,"部委政策-国家卫生健康委政策数量","4","17/9/2025 11:05:37","17/9/2025 11:05:37","2022",
"644",,,"部委政策-学位管理与研究生教育司政策数量","1","17/9/2025 11:05:37","17/9/2025 11:05:37","2022",
"645",,,"地方政策-河南省发展和改革委员会政策数量","1","17/9/2025 11:05:37","17/9/2025 11:05:37","2022",
"646",,,"地方政策-浙江省人民政府政策数量","1","17/9/2025 11:05:38","17/9/2025 11:05:38","2022",
"647",,,"地方政策-安徽省经济和信息化厅政策数量","1","17/9/2025 11:05:38","17/9/2025 11:05:38","2022",
"648",,,"地方政策-河南省人民政府政策数量","3","17/9/2025 11:05:38","17/9/2025 11:05:38","2022",
"649",,,"地方政策-湖北省人民政府办公厅政策数量","2","17/9/2025 11:05:38","17/9/2025 11:05:38","2022",
"650",,,"地方政策-深圳市商务局政策数量","2","17/9/2025 11:05:38","17/9/2025 11:05:38","2022",
"651",,,"地方政策-北京市城市管理委员会政策数量","1","17/9/2025 11:05:38","17/9/2025 11:05:38","2022",
"652",,,"部委政策-自然科学基金委政策数量","1","17/9/2025 11:05:38","17/9/2025 11:05:38","2022",
"653",,,"部委政策-四川省发展和改革委员会政策数量","1","17/9/2025 11:05:38","17/9/2025 11:05:38","2022",
"654",,,"部委政策-中共四川省委网络安全和信息化委员会办公室政策数量","1","17/9/2025 11:05:38","17/9/2025 11:05:38","2022",
"655",,,"部委政策-四川省经济和信息化厅政策数量","1","17/9/2025 11:05:38","17/9/2025 11:05:38","2022",
"656",,,"部委政策-四川省能源局政策数量","1","17/9/2025 11:05:38","17/9/2025 11:05:38","2022",
"657",,,"部委政策-四川省通信管理局政策数量","1","17/9/2025 11:05:38","17/9/2025 11:05:38","2022",
"658",,,"部委政策-四川省大数据中心政策数量","1","17/9/2025 11:05:39","17/9/2025 11:05:39","2022",
"659",,,"地方政策-上海市经济和信息化委员会政策数量","10","17/9/2025 11:05:39","17/9/2025 11:05:39","2022",
"660",,,"地方政策-深圳市科技创新委员会政策数量","5","17/9/2025 11:05:39","17/9/2025 11:05:39","2022",
"661",,,"部委政策-科学技术部政策数量","5","17/9/2025 11:05:39","17/9/2025 11:05:39","2022",
"662",,,"部委政策-人力资源和社会保障部政策数量","2","17/9/2025 11:05:39","17/9/2025 11:05:39","2022",
"663",,,"部委政策-中国科学院政策数量","1","17/9/2025 11:05:39","17/9/2025 11:05:39","2022",
"664",,,"地方政策-横琴粤澳深度合作区执行委员会政策数量","1","17/9/2025 11:05:39","17/9/2025 11:05:39","2022",
"665",,,"地方政策-山东省教育厅政策数量","1","17/9/2025 11:05:39","17/9/2025 11:05:39","2022",
"666",,,"地方政策-海南省人民政府办公厅政策数量","4","17/9/2025 11:05:39","17/9/2025 11:05:39","2022",
"667",,,"国务院政策-国家知识产权局政策数量","1","17/9/2025 11:05:39","17/9/2025 11:05:39","2022",
"668",,,"地方政策-上海市人民政府政策数量","7","17/9/2025 11:05:40","17/9/2025 11:05:40","2022",
"669",,,"地方政策-江西省人民政府办公厅政策数量","1","17/9/2025 11:05:40","17/9/2025 11:05:40","2022",
"670",,,"地方政策-贵州省工业和信息化厅政策数量","2","17/9/2025 11:05:40","17/9/2025 11:05:40","2022",
"671",,,"地方政策-深圳市发展和改革委员会政策数量","4","17/9/2025 11:05:40","17/9/2025 11:05:40","2022",
"672",,,"地方政策-重庆市经济和信息化委员会政策数量","5","17/9/2025 11:05:40","17/9/2025 11:05:40","2022",
"673",,,"地方政策-南京市财政局政策数量","1","17/9/2025 11:05:40","17/9/2025 11:05:40","2022",
"674",,,"地方政策-南京市交通运输局政策数量","1","17/9/2025 11:05:40","17/9/2025 11:05:40","2022",
"675",,,"地方政策-广州市人民政府政策数量","1","17/9/2025 11:05:40","17/9/2025 11:05:40","2022",
"676",,,"地方政策-中国（上海）自由贸易试验区临港新片区管委会政策数量","1","17/9/2025 11:05:40","17/9/2025 11:05:40","2022",
"677",,,"地方政策-上海市发展和改革委员会政策数量","7","17/9/2025 11:05:40","17/9/2025 11:05:40","2022",
"678",,,"地方政策-自治区人民政府办公厅政策数量","2","17/9/2025 11:05:41","17/9/2025 11:05:41","2022",
"679",,,"地方政策-福建省教育厅政策数量","1","17/9/2025 11:05:41","17/9/2025 11:05:41","2022",
"680",,,"地方政策-福建省发展和改革委员会政策数量","3","17/9/2025 11:05:41","17/9/2025 11:05:41","2022",
"681",,,"地方政策-福建省科学技术厅政策数量","1","17/9/2025 11:05:41","17/9/2025 11:05:41","2022",
"682",,,"地方政策-福建省财政厅政策数量","2","17/9/2025 11:05:41","17/9/2025 11:05:41","2022",
"683",,,"地方政策-福建省生态环境厅政策数量","1","17/9/2025 11:05:41","17/9/2025 11:05:41","2022",
"684",,,"地方政策-福建省文化和旅游厅政策数量","1","17/9/2025 11:05:41","17/9/2025 11:05:41","2022",
"685",,,"地方政策-福建省海洋与渔业局政策数量","1","17/9/2025 11:05:41","17/9/2025 11:05:41","2022",
"686",,,"地方政策-福建省地方金融监督管理局政策数量","1","17/9/2025 11:05:41","17/9/2025 11:05:41","2022",
"687",,,"地方政策-浙江省数字化改革数字经济组政策数量","1","17/9/2025 11:05:41","17/9/2025 11:05:41","2022",
"688",,,"地方政策-浙江省科学技术厅办公室政策数量","1","17/9/2025 11:05:41","17/9/2025 11:05:41","2022",
"689",,,"地方政策-贵州省发展和改革委员会政策数量","2","17/9/2025 11:05:41","17/9/2025 11:05:41","2022",
"690",,,"地方政策-厅数字化与未来产业处政策数量","1","17/9/2025 11:05:41","17/9/2025 11:05:41","2022",
"691",,,"地方政策-云南省财政厅政策数量","7","17/9/2025 11:05:41","17/9/2025 11:05:41","2022",
"692",,,"地方政策-云南省科学技术厅政策数量","8","17/9/2025 11:05:41","17/9/2025 11:05:41","2022",
"693",,,"国务院政策-国务院政策数量","8","17/9/2025 11:05:41","17/9/2025 11:05:41","2022",
"694",,,"部委政策-水利部政策数量","3","17/9/2025 11:05:41","17/9/2025 11:05:41","2022",
"695",,,"地方政策-贵州省人民政府办公厅政策数量","3","17/9/2025 11:05:42","17/9/2025 11:05:42","2022",
"696",,,"部委政策-国家发展和改革委员会政策数量","11","17/9/2025 11:05:42","17/9/2025 11:05:42","2022",
"697",,,"国务院政策-市场监管总局政策数量","1","17/9/2025 11:05:42","17/9/2025 11:05:42","2022",
"698",,,"国务院政策-中央网信办政策数量","1","17/9/2025 11:05:42","17/9/2025 11:05:42","2022",
"699",,,"国务院政策-国家发展改革委政策数量","2","17/9/2025 11:05:42","17/9/2025 11:05:42","2022",
"700",,,"国务院政策-科技部政策数量","1","17/9/2025 11:05:42","17/9/2025 11:05:42","2022",
"701",,,"国务院政策-工业和信息化部政策数量","1","17/9/2025 11:05:42","17/9/2025 11:05:42","2022",
"702",,,"国务院政策-公安部政策数量","1","17/9/2025 11:05:42","17/9/2025 11:05:42","2022",
"703",,,"国务院政策-民政部政策数量","1","17/9/2025 11:05:42","17/9/2025 11:05:42","2022",
"704",,,"国务院政策-住房城乡建设部政策数量","1","17/9/2025 11:05:42","17/9/2025 11:05:42","2022",
"705",,,"国务院政策-交通运输部政策数量","1","17/9/2025 11:05:42","17/9/2025 11:05:42","2022",
"706",,,"国务院政策-农业农村部政策数量","1","17/9/2025 11:05:42","17/9/2025 11:05:42","2022",
"707",,,"国务院政策-商务部政策数量","1","17/9/2025 11:05:42","17/9/2025 11:05:42","2022",
"708",,,"国务院政策-卫生健康委政策数量","1","17/9/2025 11:05:42","17/9/2025 11:05:42","2022",
"709",,,"国务院政策-应急部政策数量","1","17/9/2025 11:05:42","17/9/2025 11:05:42","2022",
"710",,,"国务院政策-人民银行政策数量","1","17/9/2025 11:05:42","17/9/2025 11:05:42","2022",
"711",,,"国务院政策-国务院国资委政策数量","1","17/9/2025 11:05:42","17/9/2025 11:05:42","2022",
"712",,,"国务院政策-全国工商联政策数量","1","17/9/2025 11:05:43","17/9/2025 11:05:43","2022",
"713",,,"部委政策-中国物流与采购联合会政策数量","1","17/9/2025 11:05:43","17/9/2025 11:05:43","2022",
"714",,,"地方政策-上海市人民政府办公厅政策数量","7","17/9/2025 11:05:43","17/9/2025 11:05:43","2022",
"715",,,"地方政策-杭州市人民政府办公厅政策数量","2","17/9/2025 11:05:43","17/9/2025 11:05:43","2022",
"716",,,"地方政策-山东省财政厅政策数量","1","17/9/2025 11:05:43","17/9/2025 11:05:43","2022",
"717",,,"地方政策-山东省人民政府政策数量","7","17/9/2025 11:05:43","17/9/2025 11:05:43","2022",
"718",,,"地方政策-云南省人民政府办公厅政策数量","9","17/9/2025 11:05:43","17/9/2025 11:05:43","2022",
"719",,,"地方政策-广西壮族自治区科学技术厅政策数量","1","17/9/2025 11:05:43","17/9/2025 11:05:43","2022",
"720",,,"地方政策-广西壮族自治区高级人民法院政策数量","1","17/9/2025 11:05:43","17/9/2025 11:05:43","2022",
"721",,,"地方政策-广西壮族自治区市场监督管理局政策数量","1","17/9/2025 11:05:43","17/9/2025 11:05:43","2022",
"722",,,"地方政策-中共四川省军民融合发展委员会办公室政策数量","1","17/9/2025 11:05:44","17/9/2025 11:05:44","2022",
"723",,,"地方政策-四川省教育厅政策数量","1","17/9/2025 11:05:44","17/9/2025 11:05:44","2022",
"724",,,"地方政策-四川省人力资源和社会保障厅政策数量","1","17/9/2025 11:05:44","17/9/2025 11:05:44","2022",
"725",,,"地方政策-四川省卫生健康委员会政策数量","1","17/9/2025 11:05:44","17/9/2025 11:05:44","2022",
"726",,,"地方政策-四川省政府国有资产监督管理委员会政策数量","1","17/9/2025 11:05:44","17/9/2025 11:05:44","2022",
"727",,,"地方政策-中国科学院成都分院政策数量","1","17/9/2025 11:05:44","17/9/2025 11:05:44","2022",
"728",,,"地方政策-吉林省人民政府办公厅政策数量","2","17/9/2025 11:05:44","17/9/2025 11:05:44","2022",
"729",,,"地方政策-广州市科学技术局政策数量","3","17/9/2025 11:05:44","17/9/2025 11:05:44","2022",
"730",,,"地方政策-合肥市人民政府办公司政策数量","1","17/9/2025 11:05:44","17/9/2025 11:05:44","2022",
"731",,,"地方政策-上海市科学技术委员会政策数量","6","17/9/2025 11:05:44","17/9/2025 11:05:44","2022",
"732",,,"地方政策-上海市规划和自然资源局政策数量","1","17/9/2025 11:05:44","17/9/2025 11:05:44","2022",
"733",,,"地方政策-上海市住房和城乡建设管理委员会政策数量","2","17/9/2025 11:05:44","17/9/2025 11:05:44","2022",
"734",,,"地方政策-上海市交通委员会政策数量","2","17/9/2025 11:05:44","17/9/2025 11:05:44","2022",
"735",,,"地方政策-上海市应急管理局政策数量","1","17/9/2025 11:05:44","17/9/2025 11:05:44","2022",
"736",,,"地方政策-上海市市场监督管理局政策数量","1","17/9/2025 11:05:44","17/9/2025 11:05:44","2022",
"737",,,"部委政策-人力资源社会保障部政策数量","3","17/9/2025 11:05:44","17/9/2025 11:05:44","2022",
"738",,,"部委政策-运输司政策数量","1","17/9/2025 11:05:45","17/9/2025 11:05:45","2022",
"739",,,"部委政策-人社部政策数量","1","17/9/2025 11:05:45","17/9/2025 11:05:45","2022",
"740",,,"部委政策-工信部政策数量","1","17/9/2025 11:05:45","17/9/2025 11:05:45","2022",
"741",,,"部委政策-国家税务总局办公厅政策数量","1","17/9/2025 11:05:45","17/9/2025 11:05:45","2022",
"742",,,"地方政策-贵州省发展改革委政策数量","1","17/9/2025 11:05:45","17/9/2025 11:05:45","2022",
"743",,,"地方政策-贵州省住房和城乡建设厅政策数量","1","17/9/2025 11:05:45","17/9/2025 11:05:45","2022",
"744",,,"地方政策-贵州省大数据发展管理局政策数量","1","17/9/2025 11:05:45","17/9/2025 11:05:45","2022",
"745",,,"地方政策-贵州省通信管理局政策数量","1","17/9/2025 11:05:45","17/9/2025 11:05:45","2022",
"746",,,"部委政策-中国网信网政策数量","2","17/9/2025 11:05:45","17/9/2025 11:05:45","2022",
"747",,,"部委政策-消费促进司政策数量","1","17/9/2025 11:05:45","17/9/2025 11:05:45","2022",
"748",,,"部委政策-公安部政策数量","3","17/9/2025 11:05:45","17/9/2025 11:05:45","2022",
"749",,,"部委政策-自然资源部政策数量","4","17/9/2025 11:05:45","17/9/2025 11:05:45","2022",
"750",,,"部委政策-文化和旅游部政策数量","2","17/9/2025 11:05:45","17/9/2025 11:05:45","2022",
"751",,,"部委政策-海关总署政策数量","3","17/9/2025 11:05:45","17/9/2025 11:05:45","2022",
"752",,,"部委政策-税务总局政策数量","8","17/9/2025 11:05:45","17/9/2025 11:05:45","2022",
"753",,,"部委政策-体育总局政策数量","1","17/9/2025 11:05:45","17/9/2025 11:05:45","2022",
"754",,,"部委政策-能源局政策数量","1","17/9/2025 11:05:45","17/9/2025 11:05:45","2022",
"755",,,"部委政策-消费品工业司政策数量","2","17/9/2025 11:05:46","17/9/2025 11:05:46","2022",
"756",,,"地方政策-深圳市人民政府政策数量","2","17/9/2025 11:05:46","17/9/2025 11:05:46","2022",
"757",,,"地方政策-深圳市工业和信息化局政策数量","5","17/9/2025 11:05:46","17/9/2025 11:05:46","2022",
"758",,,"地方政策-深圳市规划和自然资源局政策数量","1","17/9/2025 11:05:46","17/9/2025 11:05:46","2022",
"759",,,"地方政策-广州南沙开发区管委会办公室秘书处政策数量","1","17/9/2025 11:05:46","17/9/2025 11:05:46","2022",
"760",,,"部委政策-国家药品监督管理局政策数量","2","17/9/2025 11:05:46","17/9/2025 11:05:46","2022",
"761",,,"地方政策-吉林市人民政府办公室政策数量","2","17/9/2025 11:05:46","17/9/2025 11:05:46","2022",
"762",,,"地方政策-辽宁省人民政府政策数量","1","17/9/2025 11:05:46","17/9/2025 11:05:46","2022",
"763",,,"地方政策-中共山东省委政策数量","1","17/9/2025 11:05:46","17/9/2025 11:05:46","2022",
"764",,,"地方政策-宁夏回族自治区人民政府  政策数量","1","17/9/2025 11:05:46","17/9/2025 11:05:46","2022",
"765",,,"部委政策-国资委政策数量","1","17/9/2025 11:05:46","17/9/2025 11:05:46","2022",
"766",,,"部委政策-中国科协政策数量","1","17/9/2025 11:05:46","17/9/2025 11:05:46","2022",
"767",,,"部委政策-市场监督管理总局政策数量","1","17/9/2025 11:05:46","17/9/2025 11:05:46","2022",
"768",,,"部委政策-科技部办公厅政策数量","4","17/9/2025 11:05:46","17/9/2025 11:05:46","2022",
"769",,,"部委政策-人力资源社会保障部办公厅政策数量","1","17/9/2025 11:05:46","17/9/2025 11:05:46","2022",
"770",,,"地方政策-湖北省科技厅政策数量","1","17/9/2025 11:05:47","17/9/2025 11:05:47","2022",
"771",,,"部委政策-国家机关事务管理局政策数量","1","17/9/2025 11:05:47","17/9/2025 11:05:47","2022",
"772",,,"部委政策-中国银行保险监督管理委员会政策数量","3","17/9/2025 11:05:47","17/9/2025 11:05:47","2022",
"773",,,"地方政策-天津市人民政府办公厅政策数量","1","17/9/2025 11:05:47","17/9/2025 11:05:47","2022",
"774",,,"地方政策-河南省工业和信息化厅政策数量","1","17/9/2025 11:05:47","17/9/2025 11:05:47","2022",
"775",,,"地方政策-北京市人民政府办公厅政策数量","1","17/9/2025 11:05:47","17/9/2025 11:05:47","2022",
"776",,,"部委政策-“十四五”新型储能发展实施方案政策数量","1","17/9/2025 11:05:47","17/9/2025 11:05:47","2022",
"777",,,"部委政策-国务院办公厅政策数量","1","17/9/2025 11:05:47","17/9/2025 11:05:47","2022",
"778",,,"部委政策-中华人民共和国国家发展和改革委员会政策数量","1","17/9/2025 11:05:47","17/9/2025 11:05:47","2022",
"779",,,"部委政策-中华人民共和国工业和信息化部政策数量","3","17/9/2025 11:05:47","17/9/2025 11:05:47","2022",
"780",,,"部委政策-中华人民共和国公安部政策数量","3","17/9/2025 11:05:47","17/9/2025 11:05:47","2022",
"781",,,"部委政策-中华人民共和国国家安全部政策数量","1","17/9/2025 11:05:47","17/9/2025 11:05:47","2022",
"782",,,"部委政策-中华人民共和国财政部政策数量","1","17/9/2025 11:05:47","17/9/2025 11:05:47","2022",
"783",,,"部委政策-中华人民共和国商务部政策数量","1","17/9/2025 11:05:47","17/9/2025 11:05:47","2022",
"784",,,"部委政策-中国人民银行政策数量","5","17/9/2025 11:05:47","17/9/2025 11:05:47","2022",
"785",,,"部委政策-国家广播电视总局政策数量","3","17/9/2025 11:05:47","17/9/2025 11:05:47","2022",
"786",,,"部委政策-中国证券监督管理委员会国家保密局政策数量","1","17/9/2025 11:05:47","17/9/2025 11:05:47","2022",
"787",,,"部委政策-国家密码管理局政策数量","1","17/9/2025 11:05:47","17/9/2025 11:05:47","2022",
"788",,,"地方政策-湖南省第十三届人民代表大会常务委员会政策数量","1","17/9/2025 11:05:48","17/9/2025 11:05:48","2022",
"789",,,"地方政策-西安市人民政府政策数量","2","17/9/2025 11:05:48","17/9/2025 11:05:48","2022",
"790",,,"部委政策-中央网信办信息化发展局等政策数量","1","17/9/2025 11:05:48","17/9/2025 11:05:48","2022",
"791",,,"地方政策-北京市科学技术委员会、中关村科技园区管理委员会等政策数量","1","17/9/2025 11:05:48","17/9/2025 11:05:48","2022",
"792",,,"地方政策-黑龙江省人民政府政策数量","1","17/9/2025 11:05:48","17/9/2025 11:05:48","2022",
"793",,,"地方政策-海南省工业和信息化厅政策数量","4","17/9/2025 11:05:48","17/9/2025 11:05:48","2022",
"794",,,"部委政策-国家卫生健康委员会政策数量","1","17/9/2025 11:05:48","17/9/2025 11:05:48","2022",
"795",,,"部委政策-应急管理部政策数量","2","17/9/2025 11:05:48","17/9/2025 11:05:48","2022",
"796",,,"部委政策-国家医疗保障局政策数量","1","17/9/2025 11:05:48","17/9/2025 11:05:48","2022",
"797",,,"部委政策-国家中医药管理局政策数量","2","17/9/2025 11:05:48","17/9/2025 11:05:48","2022",
"798",,,"部委政策-农业农村部科技教育司政策数量","1","17/9/2025 11:05:48","17/9/2025 11:05:48","2022",
"799",,,"部委政策-浙江省人民政府政策数量","1","17/9/2025 11:05:48","17/9/2025 11:05:48","2022",
"800",,,"地方政策-广州市人民政府办公厅政策数量","3","17/9/2025 11:05:48","17/9/2025 11:05:48","2022",
"801",,,"部委政策-国家药监局政策数量","3","17/9/2025 11:05:48","17/9/2025 11:05:48","2022",
"802",,,"国务院政策-中华人民共和国中央人民政府政策数量","1","17/9/2025 11:05:48","17/9/2025 11:05:48","2022",
"803",,,"部委政策-银保监会办公厅政策数量","1","17/9/2025 11:05:48","17/9/2025 11:05:48","2022",
"804",,,"部委政策-应急管理部办公厅政策数量","1","17/9/2025 11:05:48","17/9/2025 11:05:48","2022",
"805",,,"部委政策-交通运输部办公厅政策数量","2","17/9/2025 11:05:49","17/9/2025 11:05:49","2022",
"806",,,"部委政策-公安部办公厅政策数量","1","17/9/2025 11:05:49","17/9/2025 11:05:49","2022",
"807",,,"地方政策-深圳市地方金融监督管理局政策数量","1","17/9/2025 11:05:49","17/9/2025 11:05:49","2022",
"808",,,"地方政策-广州市黄埔区工业和信息化局政策数量","2","17/9/2025 11:05:49","17/9/2025 11:05:49","2022",
"809",,,"地方政策-广州开发区经济和信息化局政策数量","2","17/9/2025 11:05:49","17/9/2025 11:05:49","2022",
"810",,,"地方政策-广州市黄埔区科学技术局政策数量","3","17/9/2025 11:05:49","17/9/2025 11:05:49","2022",
"811",,,"地方政策-广州开发区科技创新局政策数量","2","17/9/2025 11:05:49","17/9/2025 11:05:49","2022",
"812",,,"部委政策-工业互联网专项工作组办公室政策数量","1","17/9/2025 11:05:49","17/9/2025 11:05:49","2022",
"813",,,"地方政策-浙江省人民政府办公厅政策数量","2","17/9/2025 11:05:49","17/9/2025 11:05:49","2022",
"814",,,"地方政策-陕西省人民政府办公厅政策数量","1","17/9/2025 11:05:49","17/9/2025 11:05:49","2022",
"815",,,"地方政策-贵州省人民政府政策数量","4","17/9/2025 11:05:49","17/9/2025 11:05:49","2022",
"816",,,"部委政策-工业和信息化部信息技术发展司政策数量","1","17/9/2025 11:05:49","17/9/2025 11:05:49","2022",
"817",,,"地方政策-中共北京市委、北京市人民政府　　　政策数量","1","17/9/2025 11:05:49","17/9/2025 11:05:49","2022",
"818",,,"地方政策-武汉市人民政府政策数量","4","17/9/2025 11:05:49","17/9/2025 11:05:49","2022",
"819",,,"地方政策-辽宁省人民政府办公厅政策数量","2","17/9/2025 11:05:49","17/9/2025 11:05:49","2022",
"820",,,"地方政策-财政部政策数量","1","17/9/2025 11:05:49","17/9/2025 11:05:49","2022",
"821",,,"地方政策-科技部政策数量","1","17/9/2025 11:05:49","17/9/2025 11:05:49","2022",
"822",,,"地方政策-民政部政策数量","1","17/9/2025 11:05:50","17/9/2025 11:05:50","2022",
"823",,,"地方政策-商务部政策数量","1","17/9/2025 11:05:50","17/9/2025 11:05:50","2022",
"824",,,"地方政策-海关总署政策数量","1","17/9/2025 11:05:50","17/9/2025 11:05:50","2022",
"825",,,"地方政策-税务总局政策数量","1","17/9/2025 11:05:50","17/9/2025 11:05:50","2022",
"826",,,"地方政策-四川省能源局政策数量","3","17/9/2025 11:05:50","17/9/2025 11:05:50","2022",
"827",,,"地方政策-成都市经济和信息化局政策数量","1","17/9/2025 11:05:50","17/9/2025 11:05:50","2022",
"828",,,"地方政策-云南省人民政府政策数量","2","17/9/2025 11:05:50","17/9/2025 11:05:50","2022",
"829",,,"地方政策-省政府办公厅政策数量","4","17/9/2025 11:05:50","17/9/2025 11:05:50","2022",
"830",,,"地方政策-省国有资产监督管理委员会政策数量","1","17/9/2025 11:05:50","17/9/2025 11:05:50","2022",
"831",,,"地方政策-省科技厅政策数量","1","17/9/2025 11:05:50","17/9/2025 11:05:50","2022",
"832",,,"地方政策-广西壮族自治区人民政府办公厅政策数量","2","17/9/2025 11:05:50","17/9/2025 11:05:50","2022",
"833",,,"地方政策-贵州省科学技术厅政策数量","2","17/9/2025 11:05:50","17/9/2025 11:05:50","2022",
"834",,,"地方政策-贵州省财政厅政策数量","1","17/9/2025 11:05:50","17/9/2025 11:05:50","2022",
"835",,,"地方政策-贵州省自然资源厅政策数量","1","17/9/2025 11:05:50","17/9/2025 11:05:50","2022",
"836",,,"地方政策-贵州省生态环境厅政策数量","1","17/9/2025 11:05:50","17/9/2025 11:05:50","2022",
"837",,,"地方政策-贵州省商务厅政策数量","1","17/9/2025 11:05:50","17/9/2025 11:05:50","2022",
"838",,,"地方政策-贵州省能源局政策数量","2","17/9/2025 11:05:50","17/9/2025 11:05:50","2022",
"839",,,"地方政策-甘肃省发展和改革委员会政策数量","2","17/9/2025 11:05:50","17/9/2025 11:05:50","2022",
"840",,,"部委政策-贵州省人民政府办公厅政策数量","1","17/9/2025 11:05:50","17/9/2025 11:05:50","2022",
"841",,,"地方政策-湖南省市场监督管理局政策数量","1","17/9/2025 11:05:51","17/9/2025 11:05:51","2022",
"842",,,"地方政策-山东省发展和改革委员会政策数量","1","17/9/2025 11:05:51","17/9/2025 11:05:51","2022",
"843",,,"地方政策-湖南省工业和信息化厅   政策数量","1","17/9/2025 11:05:51","17/9/2025 11:05:51","2022",
"844",,,"部委政策-知识产权局政策数量","1","17/9/2025 11:05:51","17/9/2025 11:05:51","2022",
"845",,,"部委政策-外汇局政策数量","2","17/9/2025 11:05:51","17/9/2025 11:05:51","2022",
"846",,,"部委政策-银保监局政策数量","1","17/9/2025 11:05:51","17/9/2025 11:05:51","2022",
"847",,,"地方政策-内蒙古自治区科学技术厅政策数量","1","17/9/2025 11:05:51","17/9/2025 11:05:51","2022",
"848",,,"部委政策-民政部政策数量","1","17/9/2025 11:05:51","17/9/2025 11:05:51","2022",
"849",,,"部委政策-中央政法委政策数量","1","17/9/2025 11:05:51","17/9/2025 11:05:51","2022",
"850",,,"地方政策-上海市财政局政策数量","2","17/9/2025 11:05:51","17/9/2025 11:05:51","2022",
"851",,,"地方政策-合肥市发展和改革委员会政策数量","1","17/9/2025 11:05:51","17/9/2025 11:05:51","2022",
"852",,,"地方政策-市规划和自然资源局政策数量","1","17/9/2025 11:05:51","17/9/2025 11:05:51","2022",
"853",,,"部委政策-中华全国工商业联合会政策数量","1","17/9/2025 11:05:51","17/9/2025 11:05:51","2022",
"854",,,"地方政策-湖北省人民政府政策数量","1","17/9/2025 11:05:51","17/9/2025 11:05:51","2022",
"855",,,"地方政策-山东省科学技术厅政策数量","2","17/9/2025 11:05:51","17/9/2025 11:05:51","2022",
"856",,,"地方政策-四川省经济和信息化厅办公室政策数量","1","17/9/2025 11:05:51","17/9/2025 11:05:51","2022",
"857",,,"地方政策-海南省财政厅政策数量","1","17/9/2025 11:05:51","17/9/2025 11:05:51","2022",
"858",,,"地方政策-江苏省人民政府办公厅政策数量","2","17/9/2025 11:05:51","17/9/2025 11:05:51","2022",
"859",,,"地方政策-省发展改革委政策数量","1","17/9/2025 11:05:51","17/9/2025 11:05:51","2022",
"860",,,"地方政策-山西省人民政府政策数量","2","17/9/2025 11:05:51","17/9/2025 11:05:51","2022",
"861",,,"地方政策-上海市人民代表大会常务委员会政策数量","1","17/9/2025 11:05:52","17/9/2025 11:05:52","2022",
"862",,,"部委政策-最高人民法院政策数量","1","17/9/2025 11:05:52","17/9/2025 11:05:52","2022",
"863",,,"地方政策-广东省药品监督管理局办公室政策数量","1","17/9/2025 11:05:52","17/9/2025 11:05:52","2022",
"864",,,"地方政策-云南省交通运输厅政策数量","1","17/9/2025 11:05:52","17/9/2025 11:05:52","2022",
"865",,,"地方政策-云南省公安厅政策数量","1","17/9/2025 11:05:52","17/9/2025 11:05:52","2022",
"866",,,"地方政策-云南省市场监督管理局政策数量","1","17/9/2025 11:05:52","17/9/2025 11:05:52","2022",
"867",,,"地方政策-青海省科学技术厅政策数量","1","17/9/2025 11:05:52","17/9/2025 11:05:52","2022",
"868",,,"地方政策-陕西省淘汰落后产能工作协调领导小组办公室政策数量","1","17/9/2025 11:05:52","17/9/2025 11:05:52","2022",
"869",,,"部委政策-国家药监局药审中心政策数量","7","17/9/2025 11:05:52","17/9/2025 11:05:52","2022",
"870",,,"国务院政策-国家能源局政策数量","1","17/9/2025 11:05:52","17/9/2025 11:05:52","2022",
"871",,,"部委政策-国家外汇管理局政策数量","2","17/9/2025 11:05:52","17/9/2025 11:05:52","2022",
"872",,,"地方政策-广东省科技厅政策数量","1","17/9/2025 11:05:52","17/9/2025 11:05:52","2022",
"873",,,"地方政策-重庆市渝北区人民政府办公室政策数量","1","17/9/2025 11:05:52","17/9/2025 11:05:52","2022",
"874",,,"地方政策-京市通州区人民政府办公室政策数量","1","17/9/2025 11:05:52","17/9/2025 11:05:52","2022",
"875",,,"地方政策-厦门市工业和信息化局办公室政策数量","1","17/9/2025 11:05:52","17/9/2025 11:05:52","2022",
"876",,,"地方政策-厦门市大数据管理局政策数量","1","17/9/2025 11:05:52","17/9/2025 11:05:52","2022",
"877",,,"部委政策-国家开发银行办公室政策数量","1","17/9/2025 11:05:53","17/9/2025 11:05:53","2022",
"878",,,"部委政策-科技部火炬中心政策数量","1","17/9/2025 11:05:53","17/9/2025 11:05:53","2022",
"879",,,"地方政策-重庆市发展和改革委员会政策数量","1","17/9/2025 11:05:53","17/9/2025 11:05:53","2022",
"880",,,"地方政策-重庆市生态环境局政策数量","1","17/9/2025 11:05:53","17/9/2025 11:05:53","2022",
"881",,,"地方政策-重庆市国有资产监督管理委员会政策数量","1","17/9/2025 11:05:53","17/9/2025 11:05:53","2022",
"882",,,"地方政策-重庆市市场监督管理局政策数量","1","17/9/2025 11:05:53","17/9/2025 11:05:53","2022",
"883",,,"部委政策-中国民用航空局政策数量","1","17/9/2025 11:05:53","17/9/2025 11:05:53","2022",
"884",,,"地方政策-福建省市场监督管理局政策数量","1","17/9/2025 11:05:53","17/9/2025 11:05:53","2022",
"885",,,"地方政策-江西省科学技术厅政策数量","1","17/9/2025 11:05:53","17/9/2025 11:05:53","2022",
"886",,,"地方政策-江西省税务局政策数量","1","17/9/2025 11:05:53","17/9/2025 11:05:53","2022",
"887",,,"地方政策-云南省统计局政策数量","1","17/9/2025 11:05:53","17/9/2025 11:05:53","2022",
"888",,,"地方政策-甘肃省人民政府政策数量","1","17/9/2025 11:05:53","17/9/2025 11:05:53","2022",
"889",,,"地方政策-北京市人民政府政策数量","1","17/9/2025 11:05:54","17/9/2025 11:05:54","2022",
"890",,,"地方政策-云南省商务厅政策数量","1","17/9/2025 11:05:54","17/9/2025 11:05:54","2022",
"891",,,"地方政策-云南省自然资源厅政策数量","2","17/9/2025 11:05:54","17/9/2025 11:05:54","2022",
"892",,,"地方政策-中国银行保险监督管理委员会云南监管局政策数量","1","17/9/2025 11:05:54","17/9/2025 11:05:54","2022",
"893",,,"地方政策-中国人民银行昆明中心支行政策数量","1","17/9/2025 11:05:54","17/9/2025 11:05:54","2022",
"894",,,"地方政策-云南省通信管理局政策数量","1","17/9/2025 11:05:54","17/9/2025 11:05:54","2022",
"895",,,"地方政策-中共云南省委网络安全和信息化委员会办公室政策数量","1","17/9/2025 11:05:54","17/9/2025 11:05:54","2022",
"896",,,"地方政策-自治区经济和信息化厅政策数量","1","17/9/2025 11:05:54","17/9/2025 11:05:54","2022",
"897",,,"地方政策-陕西省教育厅政策数量","1","17/9/2025 11:05:54","17/9/2025 11:05:54","2022",
"898",,,"地方政策-中共宁夏回族自治区科学技术厅党组政策数量","1","17/9/2025 11:05:54","17/9/2025 11:05:54","2022",
"899",,,"地方政策-吉林省人民政府政策数量","1","17/9/2025 11:05:54","17/9/2025 11:05:54","2022",
"900",,,"地方政策-国家知识产权局政策数量","3","17/9/2025 11:05:54","17/9/2025 11:05:54","2022",
"901",,,"地方政策-湖南省人民政府政策数量","2","17/9/2025 11:05:54","17/9/2025 11:05:54","2022",
"902",,,"地方政策-河北省人民政府办公厅政策数量","2","17/9/2025 11:05:54","17/9/2025 11:05:54","2022",
"903",,,"部委政策-国家药品监督管理局综合和规划财务司政策数量","1","17/9/2025 11:05:54","17/9/2025 11:05:54","2022",
"904",,,"地方政策-海宁市人民政府办公室政策数量","1","17/9/2025 11:05:54","17/9/2025 11:05:54","2022",
"905",,,"地方政策-通辽市人民政府办公室政策数量","1","17/9/2025 11:05:54","17/9/2025 11:05:54","2022",
"906",,,"地方政策-北京市大兴区人民政府政策数量","1","17/9/2025 11:05:54","17/9/2025 11:05:54","2022",
"907",,,"地方政策-上海市生态环境局政策数量","3","17/9/2025 11:05:54","17/9/2025 11:05:54","2022",
"908",,,"地方政策-四川省统计局政策数量","1","17/9/2025 11:05:55","17/9/2025 11:05:55","2022",
"909",,,"地方政策-国家税务总局四川省税务局政策数量","1","17/9/2025 11:05:55","17/9/2025 11:05:55","2022",
"910",,,"地方政策-中共宁夏回族自治区委员会办公厅政策数量","1","17/9/2025 11:05:55","17/9/2025 11:05:55","2022",
"911",,,"地方政策-无锡市人民政府政策数量","1","17/9/2025 11:05:55","17/9/2025 11:05:55","2022",
"912",,,"地方政策-合肥市经济和信息化局政策数量","1","17/9/2025 11:05:55","17/9/2025 11:05:55","2022",
"913",,,"地方政策-合肥市财政局政策数量","1","17/9/2025 11:05:55","17/9/2025 11:05:55","2022",
"914",,,"地方政策-区投促局政策数量","1","17/9/2025 11:05:55","17/9/2025 11:05:55","2022",
"915",,,"地方政策-天津高新区政策数量","3","17/9/2025 11:05:55","17/9/2025 11:05:55","2022",
"916",,,"地方政策-区政府办公室政策数量","1","17/9/2025 11:05:55","17/9/2025 11:05:55","2022",
"917",,,"部委政策-国家疾控局政策数量","1","17/9/2025 11:05:55","17/9/2025 11:05:55","2022",
"918",,,"部委政策-国家体育总局政策数量","1","17/9/2025 11:05:55","17/9/2025 11:05:55","2022",
"919",,,"部委政策-国家知识产权局保护司政策数量","1","17/9/2025 11:05:55","17/9/2025 11:05:55","2022",
"920",,,"地方政策-省工业和信息化厅政策数量","1","17/9/2025 11:05:55","17/9/2025 11:05:55","2022",
"921",,,"地方政策-甘肃省科技厅政策数量","2","17/9/2025 11:05:55","17/9/2025 11:05:55","2022",
"922",,,"部委政策-气象局政策数量","1","17/9/2025 11:05:55","17/9/2025 11:05:55","2022",
"923",,,"部委政策-林草局政策数量","1","17/9/2025 11:05:55","17/9/2025 11:05:55","2022",
"924",,,"部委政策-应急部政策数量","1","17/9/2025 11:05:55","17/9/2025 11:05:55","2022",
"925",,,"部委政策-中国证监会政策数量","2","17/9/2025 11:05:55","17/9/2025 11:05:55","2022",
"926",,,"地方政策-上海市卫生健康委员会政策数量","1","17/9/2025 11:05:55","17/9/2025 11:05:55","2022",
"927",,,"地方政策-横琴粤澳深度财政局政策数量","1","17/9/2025 11:05:56","17/9/2025 11:05:56","2022",
"928",,,"地方政策-国家税务总局横琴粤澳深度合作区税务局政策数量","1","17/9/2025 11:05:56","17/9/2025 11:05:56","2022",
"929",,,"地方政策-横琴粤澳深度合作区经济发展局政策数量","1","17/9/2025 11:05:56","17/9/2025 11:05:56","2022",
"930",,,"部委政策-中国证监会办公厅、工业和信息化部办公厅政策数量","1","17/9/2025 11:05:56","17/9/2025 11:05:56","2022",
"931",,,"部委政策-中国证券监督管理委员会政策数量","1","17/9/2025 11:05:56","17/9/2025 11:05:56","2022",
"932",,,"地方政策-云南省教育厅政策数量","2","17/9/2025 11:05:56","17/9/2025 11:05:56","2022",
"933",,,"地方政策-云南省人力资源社会保障厅政策数量","1","17/9/2025 11:05:56","17/9/2025 11:05:56","2022",
"934",,,"地方政策-宁夏回族自治区发展改革委政策数量","2","17/9/2025 11:05:56","17/9/2025 11:05:56","2022",
"935",,,"地方政策-湖南省能源局政策数量","2","17/9/2025 11:05:56","17/9/2025 11:05:56","2022",
"936",,,"地方政策-广州市人民政府办公厅秘书处政策数量","1","17/9/2025 11:05:56","17/9/2025 11:05:56","2022",
"937",,,"地方政策-北京市第十五届人民代表大会常务委员会政策数量","1","17/9/2025 11:05:56","17/9/2025 11:05:56","2022",
"938",,,"地方政策-上海市第十五届人民代表大会常务委员会政策数量","1","17/9/2025 11:05:56","17/9/2025 11:05:56","2022",
"939",,,"地方政策-市政府办公厅政策数量","1","17/9/2025 11:05:56","17/9/2025 11:05:56","2022",
"940",,,"部委政策-发改委政策数量","1","17/9/2025 11:05:56","17/9/2025 11:05:56","2022",
"941",,,"部委政策-国家药监局综合司政策数量","1","17/9/2025 11:05:56","17/9/2025 11:05:56","2022",
"942",,,"地方政策-浙江省科学技术厅政策数量","4","17/9/2025 11:05:56","17/9/2025 11:05:56","2022",
"943",,,"地方政策-中共浙江省委人才工作领导小组办公室政策数量","1","17/9/2025 11:05:56","17/9/2025 11:05:56","2022",
"944",,,"地方政策-浙江省教育厅政策数量","1","17/9/2025 11:05:56","17/9/2025 11:05:56","2022",
"945",,,"地方政策-浙江省财政厅政策数量","2","17/9/2025 11:05:56","17/9/2025 11:05:56","2022",
"946",,,"地方政策-浙江省人力资源和社会保障厅政策数量","1","17/9/2025 11:05:56","17/9/2025 11:05:56","2022",
"947",,,"地方政策-浙江省科学技术协会政策数量","1","17/9/2025 11:05:57","17/9/2025 11:05:57","2022",
"948",,,"地方政策-浙江省发展和改革委员会政策数量","2","17/9/2025 11:05:57","17/9/2025 11:05:57","2022",
"949",,,"地方政策-中共浙江省委网络安全和信息化委员会办公室政策数量","1","17/9/2025 11:05:57","17/9/2025 11:05:57","2022",
"950",,,"地方政策-浙江省经济和信息化厅政策数量","2","17/9/2025 11:05:57","17/9/2025 11:05:57","2022",
"951",,,"地方政策-浙江省市场监督管理局政策数量","1","17/9/2025 11:05:57","17/9/2025 11:05:57","2022",
"952",,,"地方政策-深圳科技创新委员会政策数量","1","17/9/2025 11:05:57","17/9/2025 11:05:57","2022",
"953",,,"地方政策-深圳市交通运输局政策数量","1","17/9/2025 11:05:57","17/9/2025 11:05:57","2022",
"954",,,"地方政策-深圳市发展改革委政策数量","1","17/9/2025 11:05:57","17/9/2025 11:05:57","2022",
"955",,,"地方政策-深圳市公安交警局政策数量","1","17/9/2025 11:05:57","17/9/2025 11:05:57","2022",
"956",,,"部委政策-国家广播电视总局办公厅政策数量","1","17/9/2025 11:05:57","17/9/2025 11:05:57","2022",
"957",,,"部委政策-国家林业和草原局办公室政策数量","1","17/9/2025 11:05:57","17/9/2025 11:05:57","2022",
"958",,,"部委政策-国家乡村振兴局综合司政策数量","1","17/9/2025 11:05:57","17/9/2025 11:05:57","2022",
"959",,,"地方政策-浙江省人民政府国有资产监督管理委员会政策数量","1","17/9/2025 11:05:57","17/9/2025 11:05:57","2022",
"960",,,"地方政策-国家税务总局浙江省税务局政策数量","1","17/9/2025 11:05:57","17/9/2025 11:05:57","2022",
"961",,,"地方政策-中国人民银行杭州中心支行政策数量","1","17/9/2025 11:05:57","17/9/2025 11:05:57","2022",
"962",,,"国务院政策-中共中央政策数量","1","17/9/2025 11:05:57","17/9/2025 11:05:57","2022",
"963",,,"地方政策-四川省自然资源厅政策数量","2","17/9/2025 11:05:57","17/9/2025 11:05:57","2022",
"964",,,"地方政策-四川省住房和城乡建设厅政策数量","2","17/9/2025 11:05:57","17/9/2025 11:05:57","2022",
"965",,,"地方政策-四川省交通运输厅政策数量","2","17/9/2025 11:05:57","17/9/2025 11:05:57","2022",
"966",,,"地方政策-四川省农业农村厅政策数量","2","17/9/2025 11:05:57","17/9/2025 11:05:57","2022",
"967",,,"地方政策-四川省文化和旅游厅政策数量","1","17/9/2025 11:05:57","17/9/2025 11:05:57","2022",
"968",,,"地方政策-四川省应急管理厅政策数量","1","17/9/2025 11:05:58","17/9/2025 11:05:58","2022",
"969",,,"地方政策-四川省生态环境厅政策数量","2","17/9/2025 11:05:58","17/9/2025 11:05:58","2022",
"970",,,"地方政策-云南省发展改革委政策数量","1","17/9/2025 11:05:58","17/9/2025 11:05:58","2022",
"971",,,"地方政策-云南省科技厅政策数量","1","17/9/2025 11:05:58","17/9/2025 11:05:58","2022",
"972",,,"地方政策-云南省生态环境厅政策数量","1","17/9/2025 11:05:58","17/9/2025 11:05:58","2022",
"973",,,"地方政策-云南省住房城乡建设厅政策数量","1","17/9/2025 11:05:58","17/9/2025 11:05:58","2022",
"974",,,"地方政策-云南省水利厅政策数量","1","17/9/2025 11:05:58","17/9/2025 11:05:58","2022",
"975",,,"地方政策-云南省应急管理厅政策数量","1","17/9/2025 11:05:58","17/9/2025 11:05:58","2022",
"976",,,"地方政策-云南省国资委政策数量","1","17/9/2025 11:05:58","17/9/2025 11:05:58","2022",
"977",,,"地方政策-云南省林草局政策数量","1","17/9/2025 11:05:58","17/9/2025 11:05:58","2022",
"978",,,"地方政策-省地方金融监督管理局政策数量","1","17/9/2025 11:05:58","17/9/2025 11:05:58","2022",
"979",,,"地方政策-昆明海关政策数量","1","17/9/2025 11:05:58","17/9/2025 11:05:58","2022",
"980",,,"地方政策-云南省税务局政策数量","1","17/9/2025 11:05:58","17/9/2025 11:05:58","2022",
"981",,,"地方政策-人民银行昆明中心支行政策数量","1","17/9/2025 11:05:58","17/9/2025 11:05:58","2022",
"982",,,"地方政策-云南银保监局政策数量","1","17/9/2025 11:05:58","17/9/2025 11:05:58","2022",
"983",,,"地方政策-云南证监局政策数量","1","17/9/2025 11:05:58","17/9/2025 11:05:58","2022",
"984",,,"地方政策-云南省人力资源和社会保障厅政策数量","1","17/9/2025 11:05:58","17/9/2025 11:05:58","2022",
"985",,,"地方政策-西藏自治区人民政府办公厅秘书处政策数量","1","17/9/2025 11:05:58","17/9/2025 11:05:58","2022",
"986",,,"地方政策-陕西省人民政府政策数量","1","17/9/2025 11:05:58","17/9/2025 11:05:58","2022",
"987",,,"地方政策-陕西省发展和改革委员会政策数量","1","17/9/2025 11:05:58","17/9/2025 11:05:58","2022",
"988",,,"地方政策-湖北省发展和改革委员会政策数量","1","17/9/2025 11:05:59","17/9/2025 11:05:59","2022",
"989",,,"地方政策-湖北省能源局政策数量","1","17/9/2025 11:05:59","17/9/2025 11:05:59","2022",
"990",,,"地方政策-湖南省科学技术厅政策数量","2","17/9/2025 11:05:59","17/9/2025 11:05:59","2022",
"991",,,"地方政策-湖南省生态环境厅政策数量","1","17/9/2025 11:05:59","17/9/2025 11:05:59","2022",
"992",,,"地方政策-湖南省住房和城乡建设厅政策数量","1","17/9/2025 11:05:59","17/9/2025 11:05:59","2022",
"993",,,"地方政策-湖南省交通运输厅政策数量","1","17/9/2025 11:05:59","17/9/2025 11:05:59","2022",
"994",,,"地方政策-广东省发展改革委政策数量","1","17/9/2025 11:05:59","17/9/2025 11:05:59","2022",
"995",,,"地方政策-广西壮族自治区工业和信息化厅政策数量","1","17/9/2025 11:05:59","17/9/2025 11:05:59","2022",
"996",,,"地方政策-四川省机关事务管理局政策数量","1","17/9/2025 11:05:59","17/9/2025 11:05:59","2022",
"997",,,"地方政策-中国民用航空四川安全监督管理局政策数量","1","17/9/2025 11:05:59","17/9/2025 11:05:59","2022",
"998",,,"部委政策-国家卫生健康委办公厅政策数量","3","17/9/2025 11:05:59","17/9/2025 11:05:59","2022",
"999",,,"地方政策-新疆维吾尔自治区科技厅政策数量","2","17/9/2025 11:05:59","17/9/2025 11:05:59","2022",
"1000",,,"地方政策-贵州省人民代表大会常务委员会政策数量","1","17/9/2025 11:05:59","17/9/2025 11:05:59","2022",
"1001",,,"地方政策-哈尔滨市人民政府政策数量","1","17/9/2025 11:05:59","17/9/2025 11:05:59","2022",
"1002",,,"地方政策-中共宁夏区委人才工作领导小组办公室政策数量","1","17/9/2025 11:05:59","17/9/2025 11:05:59","2022",
"1003",,,"地方政策-中共宁夏回族自治区委员会宣传部政策数量","1","17/9/2025 11:05:59","17/9/2025 11:05:59","2022",
"1004",,,"地方政策-宁夏回族自治区科学技术厅政策数量","1","17/9/2025 11:05:59","17/9/2025 11:05:59","2022",
"1005",,,"地方政策-上海市互联网信息办公室政策数量","1","17/9/2025 11:05:59","17/9/2025 11:05:59","2022",
"1006",,,"地方政策-天津市财政局政策数量","1","17/9/2025 11:05:59","17/9/2025 11:05:59","2022",
"1007",,,"地方政策-成都市新经济发展委员会政策数量","1","17/9/2025 11:05:59","17/9/2025 11:05:59","2022",
"1008",,,"部委政策-深圳证券交易所政策数量","1","17/9/2025 11:06:00","17/9/2025 11:06:00","2022",
"1009",,,"部委政策-上海证券交易所政策数量","1","17/9/2025 11:06:00","17/9/2025 11:06:00","2022",
"1010",,,"地方政策-江苏省科学技术厅政策数量","1","17/9/2025 11:06:00","17/9/2025 11:06:00","2022",
"1011",,,"地方政策-安徽省科学技术厅政策数量","1","17/9/2025 11:06:00","17/9/2025 11:06:00","2022",
"1012",,,"地方政策-深圳市前海深港现代服务业合作区管理局政策数量","2","17/9/2025 11:06:00","17/9/2025 11:06:00","2022",
"1013",,,"地方政策-深圳市科学技术协会政策数量","1","17/9/2025 11:06:00","17/9/2025 11:06:00","2022",
"1014",,,"地方政策-深圳市财政局政策数量","1","17/9/2025 11:06:00","17/9/2025 11:06:00","2022",
"1015",,,"部委政策-国家航天局政策数量","2","17/9/2025 11:06:00","17/9/2025 11:06:00","2022",
"1016",,,"部委政策-国家原子能机构政策数量","1","17/9/2025 11:06:00","17/9/2025 11:06:00","2022",
"1017",,,"地方政策-北京市教育委员会政策数量","1","17/9/2025 11:06:00","17/9/2025 11:06:00","2022",
"1018",,,"地方政策-北京市财政局政策数量","1","17/9/2025 11:06:00","17/9/2025 11:06:00","2022",
"1019",,,"地方政策-北京市人民政府国有资产监督管理委员会政策数量","1","17/9/2025 11:06:00","17/9/2025 11:06:00","2022",
"1020",,,"部委政策-国家中医药局办公室政策数量","1","17/9/2025 11:06:00","17/9/2025 11:06:00","2022",
"1021",,,"地方政策-青岛市人民政府办公厅政策数量","2","17/9/2025 11:06:00","17/9/2025 11:06:00","2022",
"1022",,,"地方政策-南京市人民政府办公厅政策数量","2","17/9/2025 11:06:00","17/9/2025 11:06:00","2022",
"1023",,,"地方政策-厦门市科学技术局政策数量","1","17/9/2025 11:06:00","17/9/2025 11:06:00","2022",
"1024",,,"地方政策-合肥市人民政府办公室政策数量","6","17/9/2025 11:06:00","17/9/2025 11:06:00","2022",
"1025",,,"地方政策-重庆市科学技术局政策数量","1","17/9/2025 11:06:01","17/9/2025 11:06:01","2022",
"1026",,,"地方政策-黑龙江省科学技术厅政策数量","3","17/9/2025 11:06:01","17/9/2025 11:06:01","2022",
"1027",,,"地方政策-黑龙江省教育厅政策数量","1","17/9/2025 11:06:01","17/9/2025 11:06:01","2022",
"1028",,,"地方政策-黑龙江省财政厅政策数量","1","17/9/2025 11:06:01","17/9/2025 11:06:01","2022",
"1029","2","化学原料和化学制品制造业","部委政策政策数量","11","17/9/2025 11:06:01","21/10/2025 13:26:53","2022",
"1030","22","非金属矿物制品业","部委政策政策数量","9","17/9/2025 11:06:01","21/10/2025 13:26:53","2022",
"1031","23","橡胶和塑料制品业","部委政策政策数量","4","17/9/2025 11:06:01","21/10/2025 13:26:53","2022",
"1032","26","金属制品业","部委政策政策数量","2","17/9/2025 11:06:01","21/10/2025 13:26:53","2022",
"1033","29","金属冶炼和压延加工业","部委政策政策数量","9","17/9/2025 11:06:01","21/10/2025 13:26:53","2022",
"1034","43","化学纤维制造业","部委政策政策数量","7","17/9/2025 11:06:01","21/10/2025 13:26:53","2022",
"1035","45","石油加工、炼焦和核燃料加工业","部委政策政策数量","8","17/9/2025 11:06:01","21/10/2025 13:26:53","2022",
"1036","36","造纸和纸制品业","部委政策政策数量","6","17/9/2025 11:06:01","21/10/2025 13:26:53","2022",
"1037","47","木材加工和木、竹、藤、棕、草制品业","部委政策政策数量","1","17/9/2025 11:06:01","21/10/2025 13:26:53","2022",
"1038","3","信息传输、软件和信息技术服务业","地方政策政策数量","142","17/9/2025 11:06:01","21/10/2025 13:26:52","2022",
"1039",,"互联网和相关服务","地方政策政策数量","77","17/9/2025 11:06:01","17/9/2025 11:06:01","2022",
"1040","19","半导体业","地方政策政策数量","35","17/9/2025 11:06:01","21/10/2025 13:26:53","2022",
"1041","21","通信传输设备业","地方政策政策数量","46","17/9/2025 11:06:01","21/10/2025 13:26:53","2022",
"1042","30","科学研究和技术服务业","地方政策政策数量","140","17/9/2025 11:06:01","21/10/2025 13:26:53","2022",
"1043","4","房地产业","地方政策政策数量","2","17/9/2025 11:06:01","21/10/2025 13:26:52","2022",
"1044","16","建筑业","地方政策政策数量","17","17/9/2025 11:06:01","21/10/2025 13:26:53","2022",
"1045","17","交通运输、仓储和邮政业","地方政策政策数量","52","17/9/2025 11:06:02","21/10/2025 13:26:53","2022",
"1046","8","商业电气机械和器材制造业","地方政策政策数量","7","17/9/2025 11:06:02","21/10/2025 13:26:53","2022",
"1047","7","金融业","地方政策政策数量","28","17/9/2025 11:06:02","21/10/2025 13:26:52","2022",
"1048","2","化学原料和化学制品制造业","地方政策政策数量","48","17/9/2025 11:06:02","21/10/2025 13:26:53","2022",
"1049","45","石油加工、炼焦和核燃料加工业","地方政策政策数量","22","17/9/2025 11:06:02","21/10/2025 13:26:53","2022",
"1050","22","非金属矿物制品业","地方政策政策数量","30","17/9/2025 11:06:02","21/10/2025 13:26:53","2022",
"1051","29","金属冶炼和压延加工业","地方政策政策数量","32","17/9/2025 11:06:02","21/10/2025 13:26:53","2022",
"1052","13","电力、热力、燃气及水生产和供应业","地方政策政策数量","75","17/9/2025 11:06:02","21/10/2025 13:26:53","2022",
"1053","34","农、林、牧、渔业","地方政策政策数量","44","17/9/2025 11:06:02","21/10/2025 13:26:53","2022",
"1054","36","造纸和纸制品业","地方政策政策数量","14","17/9/2025 11:06:02","21/10/2025 13:26:53","2022",
"1055","39","印刷和记录媒介复制业","地方政策政策数量","5","17/9/2025 11:06:02","21/10/2025 13:26:53","2022",
"1056","38","家具制造业","地方政策政策数量","10","17/9/2025 11:06:02","21/10/2025 13:26:53","2022",
"1057","23","橡胶和塑料制品业","地方政策政策数量","17","17/9/2025 11:06:02","21/10/2025 13:26:53","2022",
"1058","18","通用设备制造业","地方政策政策数量","36","17/9/2025 11:06:02","21/10/2025 13:26:53","2022",
"1059","5","专用设备制造业","地方政策政策数量","47","17/9/2025 11:06:02","21/10/2025 13:26:53","2022",
"1060","12","汽车制造业","地方政策政策数量","53","17/9/2025 11:06:02","21/10/2025 13:26:53","2022",
"1061","27","铁路、船舶、航空航天和其他运输设备制造业","地方政策政策数量","36","17/9/2025 11:06:02","21/10/2025 13:26:53","2022",
"1062",,"电气机械和器材制造业","地方政策政策数量","7","17/9/2025 11:06:02","17/9/2025 11:06:02","2022",
"1063",,"计算机、通信和其他电子设备制造业","地方政策政策数量","2","17/9/2025 11:06:02","17/9/2025 11:06:02","2022",
"1064","32","仪器仪表制造业","地方政策政策数量","39","17/9/2025 11:06:02","21/10/2025 13:26:53","2022",
"1065","25","其他制造业","地方政策政策数量","19","17/9/2025 11:06:03","21/10/2025 13:26:53","2022",
"1066","46","废弃资源综合利用业","地方政策政策数量","20","17/9/2025 11:06:03","21/10/2025 13:26:53","2022",
"1067","47","木材加工和木、竹、藤、棕、草制品业","地方政策政策数量","6","17/9/2025 11:06:03","21/10/2025 13:26:53","2022",
"1068","28","水利、环境和公共设施管理业","地方政策政策数量","27","17/9/2025 11:06:03","21/10/2025 13:26:52","2022",
"1069","35","卫生和社会工作","地方政策政策数量","15","17/9/2025 11:06:03","21/10/2025 13:26:53","2022",
"1070","31","教育","地方政策政策数量","20","17/9/2025 11:06:03","21/10/2025 13:26:53","2022",
"1071","9","批发和零售业","地方政策政策数量","24","17/9/2025 11:06:03","21/10/2025 13:26:53","2022",
"1072","37","住宿和餐饮业","地方政策政策数量","10","17/9/2025 11:06:03","21/10/2025 13:26:53","2022",
"1073","20","租赁和商务服务业","地方政策政策数量","12","17/9/2025 11:06:03","21/10/2025 13:26:53","2022",
"1074","33","文化、体育和娱乐业","地方政策政策数量","28","17/9/2025 11:06:03","21/10/2025 13:26:53","2022",
"1075","48","居民服务、修理和其他服务业","地方政策政策数量","6","17/9/2025 11:06:03","21/10/2025 13:26:53","2022",
"1076",,"电信、广播电视和卫星传输服务","地方政策政策数量","26","17/9/2025 11:06:03","17/9/2025 11:06:03","2022",
"1077",,"开采辅助活动","地方政策政策数量","3","17/9/2025 11:06:03","17/9/2025 11:06:03","2022",
"1078","24","综合","地方政策政策数量","4","17/9/2025 11:06:03","21/10/2025 13:26:53","2022",
"1079","26","金属制品业","地方政策政策数量","15","17/9/2025 11:06:03","21/10/2025 13:26:53","2022",
"1080","43","化学纤维制造业","地方政策政策数量","11","17/9/2025 11:06:03","21/10/2025 13:26:53","2022",
"1081","6","消费电子及电气业","地方政策政策数量","6","17/9/2025 11:06:03","21/10/2025 13:26:53","2022",
"1082","15","纺织鞋服业","地方政策政策数量","14","17/9/2025 11:06:03","21/10/2025 13:26:53","2022",
"1083","13","电力、热力、燃气及水生产和供应业","部委政策政策数量","19","17/9/2025 11:06:04","21/10/2025 13:26:53","2022",
"1084","6","消费电子及电气业","部委政策政策数量","4","17/9/2025 11:06:04","21/10/2025 13:26:53","2022",
"1085","18","通用设备制造业","部委政策政策数量","11","17/9/2025 11:06:04","21/10/2025 13:26:53","2022",
"1086","5","专用设备制造业","部委政策政策数量","14","17/9/2025 11:06:04","21/10/2025 13:26:53","2022",
"1087","30","科学研究和技术服务业","部委政策政策数量","43","17/9/2025 11:06:04","21/10/2025 13:26:53","2022",
"1088",,"制造业（对应“其他制造业”）","地方政策政策数量","1","17/9/2025 11:06:04","17/9/2025 11:06:04","2022",
"1089","12","汽车制造业","部委政策政策数量","16","17/9/2025 11:06:04","21/10/2025 13:26:53","2022",
"1090","17","交通运输、仓储和邮政业","部委政策政策数量","16","17/9/2025 11:06:04","21/10/2025 13:26:53","2022",
"1091","19","半导体业","部委政策政策数量","9","17/9/2025 11:06:04","21/10/2025 13:26:53","2022",
"1092","25","其他制造业","部委政策政策数量","5","17/9/2025 11:06:04","21/10/2025 13:26:53","2022",
"1093","34","农、林、牧、渔业","部委政策政策数量","14","17/9/2025 11:06:04","21/10/2025 13:26:53","2022",
"1094","16","建筑业","部委政策政策数量","10","17/9/2025 11:06:04","21/10/2025 13:26:53","2022",
"1095","35","卫生和社会工作","部委政策政策数量","12","17/9/2025 11:06:04","21/10/2025 13:26:53","2022",
"1096","14","采矿业","部委政策政策数量","6","17/9/2025 11:06:04","21/10/2025 13:26:53","2022",
"1097","31","教育","部委政策政策数量","7","17/9/2025 11:06:04","21/10/2025 13:26:53","2022",
"1098","1","医药制造业","地方政策政策数量","55","17/9/2025 11:06:04","21/10/2025 13:26:53","2022",
"1099","10","食品饮料业","地方政策政策数量","13","17/9/2025 11:06:04","21/10/2025 13:26:53","2022",
"1100","46","废弃资源综合利用业","部委政策政策数量","5","17/9/2025 11:06:04","21/10/2025 13:26:53","2022",
"1101","27","铁路、船舶、航空航天和其他运输设备制造业","部委政策政策数量","10","17/9/2025 11:06:04","21/10/2025 13:26:53","2022",
"1102","1","医药制造业","部委政策政策数量","24","17/9/2025 11:06:05","21/10/2025 13:26:53","2022",
"1103","32","仪器仪表制造业","部委政策政策数量","11","17/9/2025 11:06:05","21/10/2025 13:26:53","2022",
"1104","4","房地产业","部委政策政策数量","5","17/9/2025 11:06:05","21/10/2025 13:26:52","2022",
"1105","28","水利、环境和公共设施管理业","部委政策政策数量","16","17/9/2025 11:06:05","21/10/2025 13:26:52","2022",
"1106",,"制造业","地方政策政策数量","8","17/9/2025 11:06:05","17/9/2025 11:06:05","2022",
"1107","38","家具制造业","部委政策政策数量","5","17/9/2025 11:06:05","21/10/2025 13:26:53","2022",
"1108","3","信息传输、软件和信息技术服务业","部委政策政策数量","56","17/9/2025 11:06:05","21/10/2025 13:26:52","2022",
"1109",,"制造业","部委政策政策数量","2","17/9/2025 11:06:05","17/9/2025 11:06:05","2022",
"1110","7","金融业","部委政策政策数量","13","17/9/2025 11:06:05","21/10/2025 13:26:52","2022",
"1111","33","文化、体育和娱乐业","部委政策政策数量","4","17/9/2025 11:06:05","21/10/2025 13:26:53","2022",
"1112","14","采矿业","地方政策政策数量","21","17/9/2025 11:06:05","21/10/2025 13:26:53","2022",
"1113","41","文教、工美、体育和娱乐用品制造业","地方政策政策数量","8","17/9/2025 11:06:05","21/10/2025 13:26:53","2022",
"1114","3","信息传输、软件和信息技术服务业","国务院政策政策数量","8","17/9/2025 11:06:05","21/10/2025 13:26:52","2022",
"1115","30","科学研究和技术服务业","国务院政策政策数量","3","17/9/2025 11:06:05","21/10/2025 13:26:53","2022",
"1116",,"公共管理、社会保障和社会组织","地方政策政策数量","1","17/9/2025 11:06:05","17/9/2025 11:06:05","2022",
"1117","15","纺织鞋服业","部委政策政策数量","6","17/9/2025 11:06:05","21/10/2025 13:26:53","2022",
"1118","41","文教、工美、体育和娱乐用品制造业","部委政策政策数量","4","17/9/2025 11:06:05","21/10/2025 13:26:53","2022",
"1119","9","批发和零售业","部委政策政策数量","4","17/9/2025 11:06:05","21/10/2025 13:26:53","2022",
"1120","20","租赁和商务服务业","部委政策政策数量","3","17/9/2025 11:06:05","21/10/2025 13:26:53","2022",
"1121","10","食品饮料业","部委政策政策数量","3","17/9/2025 11:06:06","21/10/2025 13:26:53","2022",
"1122","21","通信传输设备业","部委政策政策数量","23","17/9/2025 11:06:06","21/10/2025 13:26:53","2022",
"1123",,"电气机械和器材制造业","部委政策政策数量","2","17/9/2025 11:06:06","17/9/2025 11:06:06","2022",
"1124",,"计算机、通信和其他电子设备制造业","部委政策政策数量","2","17/9/2025 11:06:06","17/9/2025 11:06:06","2022",
"1125",,"互联网和相关服务","部委政策政策数量","33","17/9/2025 11:06:06","17/9/2025 11:06:06","2022",
"1126",,"电信、广播电视和卫星传输服务","部委政策政策数量","21","17/9/2025 11:06:06","17/9/2025 11:06:06","2022",
"1127",,"工业能效提升行动计划","部委政策政策数量","1","17/9/2025 11:06:06","17/9/2025 11:06:06","2022",
"1128",,"互联网和相关服务","国务院政策政策数量","6","17/9/2025 11:06:06","17/9/2025 11:06:06","2022",
"1129","21","通信传输设备业","国务院政策政策数量","1","17/9/2025 11:06:06","21/10/2025 13:26:53","2022",
"1130","48","居民服务、修理和其他服务业","部委政策政策数量","1","17/9/2025 11:06:06","21/10/2025 13:26:53","2022",
"1131","28","水利、环境和公共设施管理业","国务院政策政策数量","2","17/9/2025 11:06:06","21/10/2025 13:26:52","2022",
"1132","16","建筑业","国务院政策政策数量","1","17/9/2025 11:06:06","21/10/2025 13:26:53","2022",
"1133","17","交通运输、仓储和邮政业","国务院政策政策数量","3","17/9/2025 11:06:06","21/10/2025 13:26:53","2022",
"1134","13","电力、热力、燃气及水生产和供应业","国务院政策政策数量","2","17/9/2025 11:06:07","21/10/2025 13:26:53","2022",
"1135","34","农、林、牧、渔业","国务院政策政策数量","4","17/9/2025 11:06:07","21/10/2025 13:26:53","2022",
"1136","31","教育","国务院政策政策数量","2","17/9/2025 11:06:07","21/10/2025 13:26:53","2022",
"1137","35","卫生和社会工作","国务院政策政策数量","1","17/9/2025 11:06:07","21/10/2025 13:26:53","2022",
"1138","33","文化、体育和娱乐业","国务院政策政策数量","1","17/9/2025 11:06:07","21/10/2025 13:26:53","2022",
"1139","48","居民服务、修理和其他服务业","国务院政策政策数量","1","17/9/2025 11:06:07","21/10/2025 13:26:53","2022",
"1140","2","化学原料和化学制品制造业","国务院政策政策数量","1","17/9/2025 11:06:07","21/10/2025 13:26:53","2022",
"1141","1","医药制造业","国务院政策政策数量","1","17/9/2025 11:06:07","21/10/2025 13:26:53","2022",
"1142","15","纺织鞋服业","国务院政策政策数量","1","17/9/2025 11:06:07","21/10/2025 13:26:53","2022",
"1143","23","橡胶和塑料制品业","国务院政策政策数量","1","17/9/2025 11:06:08","21/10/2025 13:26:53","2022",
"1144","45","石油加工、炼焦和核燃料加工业","国务院政策政策数量","1","17/9/2025 11:06:08","21/10/2025 13:26:53","2022",
"1145","43","化学纤维制造业","国务院政策政策数量","1","17/9/2025 11:06:08","21/10/2025 13:26:53","2022",
"1146","36","造纸和纸制品业","国务院政策政策数量","1","17/9/2025 11:06:08","21/10/2025 13:26:53","2022",
"1147",,"工业制造业","地方政策政策数量","2","17/9/2025 11:06:08","17/9/2025 11:06:08","2022",
"1149",,"电信、广播电视和卫星传输服务","国务院政策政策数量","4","17/9/2025 11:06:08","17/9/2025 11:06:08","2022",
"1150","24","综合","部委政策政策数量","1","17/9/2025 11:06:08","21/10/2025 13:26:53","2022",
"1151","8","商业电气机械和器材制造业","部委政策政策数量","1","17/9/2025 11:06:08","21/10/2025 13:26:53","2022",
"1152",,"工业设计","地方政策政策数量","1","17/9/2025 11:06:08","17/9/2025 11:06:08","2022",
"1153",,"新材料与精细化工","地方政策政策数量","1","17/9/2025 11:06:08","17/9/2025 11:06:08","2022",
"1154",,"新能源与节能环保","地方政策政策数量","1","17/9/2025 11:06:08","17/9/2025 11:06:08","2022",
"1155",,"数字创意","地方政策政策数量","1","17/9/2025 11:06:09","17/9/2025 11:06:09","2022",
"1156","2","化学原料和化学制品制造业","部委政策-工业和信息化部办公厅政策数量","3","17/9/2025 11:06:09","21/10/2025 13:26:53","2022",
"1157","22","非金属矿物制品业","部委政策-工业和信息化部办公厅政策数量","3","17/9/2025 11:06:09","21/10/2025 13:26:53","2022",
"1158","23","橡胶和塑料制品业","部委政策-工业和信息化部办公厅政策数量","1","17/9/2025 11:06:09","21/10/2025 13:26:53","2022",
"1159","26","金属制品业","部委政策-工业和信息化部办公厅政策数量","1","17/9/2025 11:06:09","21/10/2025 13:26:53","2022",
"1160","29","金属冶炼和压延加工业","部委政策-工业和信息化部办公厅政策数量","2","17/9/2025 11:06:09","21/10/2025 13:26:53","2022",
"1161","43","化学纤维制造业","部委政策-工业和信息化部办公厅政策数量","2","17/9/2025 11:06:09","21/10/2025 13:26:53","2022",
"1162","45","石油加工、炼焦和核燃料加工业","部委政策-工业和信息化部办公厅政策数量","2","17/9/2025 11:06:09","21/10/2025 13:26:53","2022",
"1163","36","造纸和纸制品业","部委政策-工业和信息化部办公厅政策数量","2","17/9/2025 11:06:09","21/10/2025 13:26:53","2022",
"1164","47","木材加工和木、竹、藤、棕、草制品业","部委政策-工业和信息化部办公厅政策数量","1","17/9/2025 11:06:09","21/10/2025 13:26:53","2022",
"1165","2","化学原料和化学制品制造业","部委政策-国务院国有资产监督管理委员会办公厅政策数量","1","17/9/2025 11:06:09","21/10/2025 13:26:53","2022",
"1166","22","非金属矿物制品业","部委政策-国务院国有资产监督管理委员会办公厅政策数量","1","17/9/2025 11:06:09","21/10/2025 13:26:53","2022",
"1167","23","橡胶和塑料制品业","部委政策-国务院国有资产监督管理委员会办公厅政策数量","1","17/9/2025 11:06:09","21/10/2025 13:26:53","2022",
"1168","26","金属制品业","部委政策-国务院国有资产监督管理委员会办公厅政策数量","1","17/9/2025 11:06:09","21/10/2025 13:26:53","2022",
"1169","29","金属冶炼和压延加工业","部委政策-国务院国有资产监督管理委员会办公厅政策数量","1","17/9/2025 11:06:09","21/10/2025 13:26:53","2022",
"1170","43","化学纤维制造业","部委政策-国务院国有资产监督管理委员会办公厅政策数量","1","17/9/2025 11:06:09","21/10/2025 13:26:53","2022",
"1171","45","石油加工、炼焦和核燃料加工业","部委政策-国务院国有资产监督管理委员会办公厅政策数量","1","17/9/2025 11:06:09","21/10/2025 13:26:53","2022",
"1172","36","造纸和纸制品业","部委政策-国务院国有资产监督管理委员会办公厅政策数量","1","17/9/2025 11:06:09","21/10/2025 13:26:53","2022",
"1173","47","木材加工和木、竹、藤、棕、草制品业","部委政策-国务院国有资产监督管理委员会办公厅政策数量","1","17/9/2025 11:06:10","21/10/2025 13:26:53","2022",
"1174","2","化学原料和化学制品制造业","部委政策-国家市场监督管理总局办公厅政策数量","1","17/9/2025 11:06:10","21/10/2025 13:26:53","2022",
"1175","22","非金属矿物制品业","部委政策-国家市场监督管理总局办公厅政策数量","1","17/9/2025 11:06:10","21/10/2025 13:26:53","2022",
"1176","23","橡胶和塑料制品业","部委政策-国家市场监督管理总局办公厅政策数量","1","17/9/2025 11:06:10","21/10/2025 13:26:53","2022",
"1177","26","金属制品业","部委政策-国家市场监督管理总局办公厅政策数量","1","17/9/2025 11:06:10","21/10/2025 13:26:53","2022",
"1178","29","金属冶炼和压延加工业","部委政策-国家市场监督管理总局办公厅政策数量","1","17/9/2025 11:06:10","21/10/2025 13:26:53","2022",
"1179","43","化学纤维制造业","部委政策-国家市场监督管理总局办公厅政策数量","1","17/9/2025 11:06:10","21/10/2025 13:26:53","2022",
"1180","45","石油加工、炼焦和核燃料加工业","部委政策-国家市场监督管理总局办公厅政策数量","1","17/9/2025 11:06:10","21/10/2025 13:26:53","2022",
"1181","36","造纸和纸制品业","部委政策-国家市场监督管理总局办公厅政策数量","1","17/9/2025 11:06:10","21/10/2025 13:26:53","2022",
"1182","47","木材加工和木、竹、藤、棕、草制品业","部委政策-国家市场监督管理总局办公厅政策数量","1","17/9/2025 11:06:10","21/10/2025 13:26:53","2022",
"1183","2","化学原料和化学制品制造业","部委政策-国家知识产权局办公室政策数量","1","17/9/2025 11:06:10","21/10/2025 13:26:53","2022",
"1184","22","非金属矿物制品业","部委政策-国家知识产权局办公室政策数量","1","17/9/2025 11:06:10","21/10/2025 13:26:53","2022",
"1185","23","橡胶和塑料制品业","部委政策-国家知识产权局办公室政策数量","1","17/9/2025 11:06:10","21/10/2025 13:26:53","2022",
"1186","26","金属制品业","部委政策-国家知识产权局办公室政策数量","1","17/9/2025 11:06:11","21/10/2025 13:26:53","2022",
"1187","29","金属冶炼和压延加工业","部委政策-国家知识产权局办公室政策数量","1","17/9/2025 11:06:11","21/10/2025 13:26:53","2022",
"1188","43","化学纤维制造业","部委政策-国家知识产权局办公室政策数量","1","17/9/2025 11:06:11","21/10/2025 13:26:53","2022",
"1189","45","石油加工、炼焦和核燃料加工业","部委政策-国家知识产权局办公室政策数量","1","17/9/2025 11:06:11","21/10/2025 13:26:53","2022",
"1190","36","造纸和纸制品业","部委政策-国家知识产权局办公室政策数量","1","17/9/2025 11:06:11","21/10/2025 13:26:53","2022",
"1191","47","木材加工和木、竹、藤、棕、草制品业","部委政策-国家知识产权局办公室政策数量","1","17/9/2025 11:06:11","21/10/2025 13:26:53","2022",
"1192","31","教育","地方政策-安徽省人民政府政策数量","2","17/9/2025 11:06:11","21/10/2025 13:26:53","2022",
"1193","3","信息传输、软件和信息技术服务业","地方政策-安徽省人民政府办公厅政策数量","2","17/9/2025 11:06:11","21/10/2025 13:26:52","2022",
"1194",,"互联网和相关服务","地方政策-安徽省人民政府办公厅政策数量","2","17/9/2025 11:06:11","17/9/2025 11:06:11","2022",
"1195","19","半导体业","地方政策-安徽省人民政府办公厅政策数量","2","17/9/2025 11:06:11","21/10/2025 13:26:53","2022",
"1196","21","通信传输设备业","地方政策-安徽省人民政府办公厅政策数量","2","17/9/2025 11:06:11","21/10/2025 13:26:53","2022",
"1197","30","科学研究和技术服务业","地方政策-安徽省人民政府办公厅政策数量","3","17/9/2025 11:06:11","21/10/2025 13:26:53","2022",
"1198","30","科学研究和技术服务业","地方政策-山东省人民政府办公厅政策数量","3","17/9/2025 11:06:11","21/10/2025 13:26:53","2022",
"1199","4","房地产业","地方政策-山东省人民政府办公厅政策数量","1","17/9/2025 11:06:11","21/10/2025 13:26:52","2022",
"1200","16","建筑业","地方政策-山东省人民政府办公厅政策数量","1","17/9/2025 11:06:11","21/10/2025 13:26:53","2022",
"1201","17","交通运输、仓储和邮政业","地方政策-山东省人民政府办公厅政策数量","1","17/9/2025 11:06:12","21/10/2025 13:26:53","2022",
"1202","8","商业电气机械和器材制造业","地方政策-山东省人民政府办公厅政策数量","1","17/9/2025 11:06:12","21/10/2025 13:26:53","2022",
"1203","3","信息传输、软件和信息技术服务业","地方政策-山东省人民政府办公厅政策数量","5","17/9/2025 11:06:12","21/10/2025 13:26:52","2022",
"1204","7","金融业","地方政策-山东省人民政府办公厅政策数量","1","17/9/2025 11:06:12","21/10/2025 13:26:52","2022",
"1205","2","化学原料和化学制品制造业","地方政策-湖南省人民政府办公厅政策数量","1","17/9/2025 11:06:12","21/10/2025 13:26:53","2022",
"1206","45","石油加工、炼焦和核燃料加工业","地方政策-湖南省人民政府办公厅政策数量","1","17/9/2025 11:06:12","21/10/2025 13:26:53","2022",
"1207","22","非金属矿物制品业","地方政策-湖南省人民政府办公厅政策数量","1","17/9/2025 11:06:12","21/10/2025 13:26:53","2022",
"1208","29","金属冶炼和压延加工业","地方政策-湖南省人民政府办公厅政策数量","1","17/9/2025 11:06:12","21/10/2025 13:26:53","2022",
"1209","13","电力、热力、燃气及水生产和供应业","地方政策-湖南省人民政府办公厅政策数量","1","17/9/2025 11:06:12","21/10/2025 13:26:53","2022",
"1210","17","交通运输、仓储和邮政业","地方政策-湖南省人民政府办公厅政策数量","1","17/9/2025 11:06:12","21/10/2025 13:26:53","2022",
"1211","16","建筑业","地方政策-湖南省人民政府办公厅政策数量","1","17/9/2025 11:06:12","21/10/2025 13:26:53","2022",
"1212","34","农、林、牧、渔业","地方政策-湖南省人民政府办公厅政策数量","1","17/9/2025 11:06:12","21/10/2025 13:26:53","2022",
"1213","36","造纸和纸制品业","地方政策-湖南省人民政府办公厅政策数量","1","17/9/2025 11:06:13","21/10/2025 13:26:53","2022",
"1214","39","印刷和记录媒介复制业","地方政策-湖南省人民政府办公厅政策数量","1","17/9/2025 11:06:13","21/10/2025 13:26:53","2022",
"1215","38","家具制造业","地方政策-湖南省人民政府办公厅政策数量","1","17/9/2025 11:06:13","21/10/2025 13:26:53","2022",
"1216","23","橡胶和塑料制品业","地方政策-湖南省人民政府办公厅政策数量","1","17/9/2025 11:06:13","21/10/2025 13:26:53","2022",
"1217","18","通用设备制造业","地方政策-湖南省人民政府办公厅政策数量","1","17/9/2025 11:06:13","21/10/2025 13:26:53","2022",
"1218","5","专用设备制造业","地方政策-湖南省人民政府办公厅政策数量","1","17/9/2025 11:06:13","21/10/2025 13:26:53","2022",
"1219","12","汽车制造业","地方政策-湖南省人民政府办公厅政策数量","1","17/9/2025 11:06:13","21/10/2025 13:26:53","2022",
"1220","27","铁路、船舶、航空航天和其他运输设备制造业","地方政策-湖南省人民政府办公厅政策数量","1","17/9/2025 11:06:13","21/10/2025 13:26:53","2022",
"1221",,"电气机械和器材制造业","地方政策-湖南省人民政府办公厅政策数量","1","17/9/2025 11:06:13","17/9/2025 11:06:13","2022",
"1222",,"计算机、通信和其他电子设备制造业","地方政策-湖南省人民政府办公厅政策数量","1","17/9/2025 11:06:13","17/9/2025 11:06:13","2022",
"1223","32","仪器仪表制造业","地方政策-湖南省人民政府办公厅政策数量","2","17/9/2025 11:06:13","21/10/2025 13:26:53","2022",
"1224","25","其他制造业","地方政策-湖南省人民政府办公厅政策数量","1","17/9/2025 11:06:13","21/10/2025 13:26:53","2022",
"1225","46","废弃资源综合利用业","地方政策-湖南省人民政府办公厅政策数量","1","17/9/2025 11:06:13","21/10/2025 13:26:53","2022",
"1226","47","木材加工和木、竹、藤、棕、草制品业","地方政策-湖南省人民政府办公厅政策数量","1","17/9/2025 11:06:13","21/10/2025 13:26:53","2022",
"1227","28","水利、环境和公共设施管理业","地方政策-湖南省人民政府办公厅政策数量","1","17/9/2025 11:06:13","21/10/2025 13:26:52","2022",
"1228","35","卫生和社会工作","地方政策-湖南省人民政府办公厅政策数量","1","17/9/2025 11:06:13","21/10/2025 13:26:53","2022",
"1229","31","教育","地方政策-湖南省人民政府办公厅政策数量","1","17/9/2025 11:06:14","21/10/2025 13:26:53","2022",
"1230","7","金融业","地方政策-湖南省人民政府办公厅政策数量","1","17/9/2025 11:06:14","21/10/2025 13:26:52","2022",
"1231","9","批发和零售业","地方政策-湖南省人民政府办公厅政策数量","1","17/9/2025 11:06:14","21/10/2025 13:26:53","2022",
"1232","37","住宿和餐饮业","地方政策-湖南省人民政府办公厅政策数量","1","17/9/2025 11:06:14","21/10/2025 13:26:53","2022",
"1233","4","房地产业","地方政策-湖南省人民政府办公厅政策数量","1","17/9/2025 11:06:14","21/10/2025 13:26:52","2022",
"1234","20","租赁和商务服务业","地方政策-湖南省人民政府办公厅政策数量","1","17/9/2025 11:06:14","21/10/2025 13:26:53","2022",
"1235","30","科学研究和技术服务业","地方政策-湖南省人民政府办公厅政策数量","1","17/9/2025 11:06:14","21/10/2025 13:26:53","2022",
"1236","33","文化、体育和娱乐业","地方政策-湖南省人民政府办公厅政策数量","1","17/9/2025 11:06:14","21/10/2025 13:26:53","2022",
"1237","48","居民服务、修理和其他服务业","地方政策-湖南省人民政府办公厅政策数量","1","17/9/2025 11:06:14","21/10/2025 13:26:53","2022",
"1238",,"互联网和相关服务","地方政策-湖南省人民政府办公厅政策数量","1","17/9/2025 11:06:14","17/9/2025 11:06:14","2022",
"1239",,"电信、广播电视和卫星传输服务","地方政策-湖南省人民政府办公厅政策数量","1","17/9/2025 11:06:14","17/9/2025 11:06:14","2022",
"1240","3","信息传输、软件和信息技术服务业","地方政策-湖南省人民政府办公厅政策数量","1","17/9/2025 11:06:14","21/10/2025 13:26:52","2022",
"1241",,"开采辅助活动","地方政策-湖南省人民政府办公厅政策数量","1","17/9/2025 11:06:14","17/9/2025 11:06:14","2022",
"1242","24","综合","地方政策-湖南省人民政府办公厅政策数量","1","17/9/2025 11:06:15","21/10/2025 13:26:53","2022",
"1243","13","电力、热力、燃气及水生产和供应业","地方政策-宁夏回族自治区人民政府办公厅政策数量","1","17/9/2025 11:06:15","21/10/2025 13:26:53","2022",
"1244","34","农、林、牧、渔业","地方政策-江西省政府办公厅政策数量","1","17/9/2025 11:06:15","21/10/2025 13:26:53","2022",
"1245","2","化学原料和化学制品制造业","地方政策-山东省工业和信息化厅政策数量","1","17/9/2025 11:06:15","21/10/2025 13:26:53","2022",
"1246","5","专用设备制造业","地方政策-山东省工业和信息化厅政策数量","1","17/9/2025 11:06:15","21/10/2025 13:26:53","2022",
"1247","18","通用设备制造业","地方政策-山东省工业和信息化厅政策数量","1","17/9/2025 11:06:15","21/10/2025 13:26:53","2022",
"1248","12","汽车制造业","地方政策-山东省工业和信息化厅政策数量","1","17/9/2025 11:06:15","21/10/2025 13:26:53","2022",
"1249","19","半导体业","地方政策-山东省工业和信息化厅政策数量","1","17/9/2025 11:06:15","21/10/2025 13:26:53","2022",
"1250","21","通信传输设备业","地方政策-山东省工业和信息化厅政策数量","1","17/9/2025 11:06:15","21/10/2025 13:26:53","2022",
"1251","22","非金属矿物制品业","地方政策-山东省工业和信息化厅政策数量","1","17/9/2025 11:06:15","21/10/2025 13:26:53","2022",
"1252","23","橡胶和塑料制品业","地方政策-山东省工业和信息化厅政策数量","1","17/9/2025 11:06:15","21/10/2025 13:26:53","2022",
"1253","26","金属制品业","地方政策-山东省工业和信息化厅政策数量","1","17/9/2025 11:06:15","21/10/2025 13:26:53","2022",
"1254","27","铁路、船舶、航空航天和其他运输设备制造业","地方政策-山东省工业和信息化厅政策数量","1","17/9/2025 11:06:16","21/10/2025 13:26:53","2022",
"1255","32","仪器仪表制造业","地方政策-山东省工业和信息化厅政策数量","1","17/9/2025 11:06:16","21/10/2025 13:26:53","2022",
"1256","25","其他制造业","地方政策-山东省工业和信息化厅政策数量","1","17/9/2025 11:06:16","21/10/2025 13:26:53","2022",
"1257","43","化学纤维制造业","地方政策-山东省工业和信息化厅政策数量","1","17/9/2025 11:06:16","21/10/2025 13:26:53","2022",
"1258","45","石油加工、炼焦和核燃料加工业","地方政策-山东省工业和信息化厅政策数量","1","17/9/2025 11:06:16","21/10/2025 13:26:53","2022",
"1259","46","废弃资源综合利用业","地方政策-山东省工业和信息化厅政策数量","1","17/9/2025 11:06:16","21/10/2025 13:26:53","2022",
"1260","30","科学研究和技术服务业","地方政策-河南省人民政府办公厅政策数量","4","17/9/2025 11:06:16","21/10/2025 13:26:53","2022",
"1261","13","电力、热力、燃气及水生产和供应业","地方政策-河南省人民政府办公厅政策数量","2","17/9/2025 11:06:16","21/10/2025 13:26:53","2022",
"1262","12","汽车制造业","地方政策-河南省人民政府办公厅政策数量","1","17/9/2025 11:06:16","21/10/2025 13:26:53","2022",
"1263","17","交通运输、仓储和邮政业","地方政策-河南省人民政府办公厅政策数量","3","17/9/2025 11:06:16","21/10/2025 13:26:53","2022",
"1264","2","化学原料和化学制品制造业","地方政策-河南省人民政府办公厅政策数量","2","17/9/2025 11:06:16","21/10/2025 13:26:53","2022",
"1265","5","专用设备制造业","地方政策-河南省人民政府办公厅政策数量","2","17/9/2025 11:06:16","21/10/2025 13:26:53","2022",
"1266","18","通用设备制造业","地方政策-河南省人民政府办公厅政策数量","2","17/9/2025 11:06:16","21/10/2025 13:26:53","2022",
"1267","6","消费电子及电气业","地方政策-广东省人民政府办公厅政策数量","1","17/9/2025 11:06:16","21/10/2025 13:26:53","2022",
"1268","12","汽车制造业","地方政策-广东省人民政府办公厅政策数量","1","17/9/2025 11:06:16","21/10/2025 13:26:53","2022",
"1269","15","纺织鞋服业","地方政策-广东省人民政府办公厅政策数量","1","17/9/2025 11:06:16","21/10/2025 13:26:53","2022",
"1270","5","专用设备制造业","地方政策-广东省人民政府办公厅政策数量","1","17/9/2025 11:06:16","21/10/2025 13:26:53","2022",
"1271","18","通用设备制造业","地方政策-广东省人民政府办公厅政策数量","1","17/9/2025 11:06:16","21/10/2025 13:26:53","2022",
"1272","21","通信传输设备业","地方政策-广东省人民政府办公厅政策数量","1","17/9/2025 11:06:17","21/10/2025 13:26:53","2022",
"1273","19","半导体业","地方政策-广东省人民政府办公厅政策数量","1","17/9/2025 11:06:17","21/10/2025 13:26:53","2022",
"1274","25","其他制造业","地方政策-广东省人民政府办公厅政策数量","1","17/9/2025 11:06:17","21/10/2025 13:26:53","2022",
"1275","3","信息传输、软件和信息技术服务业","地方政策-深圳市人民代表大会常务委员会政策数量","2","17/9/2025 11:06:17","21/10/2025 13:26:52","2022",
"1276","7","金融业","部委政策-人民银行政策数量","3","17/9/2025 11:06:17","21/10/2025 13:26:52","2022",
"1277","7","金融业","部委政策-发展改革委政策数量","3","17/9/2025 11:06:17","21/10/2025 13:26:52","2022",
"1278","7","金融业","部委政策-财政部政策数量","4","17/9/2025 11:06:17","21/10/2025 13:26:52","2022",
"1279","7","金融业","部委政策-生态环境部政策数量","2","17/9/2025 11:06:17","21/10/2025 13:26:52","2022",
"1280","7","金融业","部委政策-银保监会政策数量","3","17/9/2025 11:06:17","21/10/2025 13:26:52","2022",
"1281","7","金融业","部委政策-证监会政策数量","3","17/9/2025 11:06:17","21/10/2025 13:26:52","2022",
"1282","3","信息传输、软件和信息技术服务业","部委政策-中央网信办政策数量","4","17/9/2025 11:06:17","21/10/2025 13:26:52","2022",
"1283",,"互联网和相关服务","部委政策-中央网信办政策数量","4","17/9/2025 11:06:17","17/9/2025 11:06:17","2022",
"1284","21","通信传输设备业","部委政策-中央网信办政策数量","2","17/9/2025 11:06:17","21/10/2025 13:26:53","2022",
"1285",,"电信、广播电视和卫星传输服务","部委政策-中央网信办政策数量","2","17/9/2025 11:06:17","17/9/2025 11:06:17","2022",
"1286","3","信息传输、软件和信息技术服务业","部委政策-农业农村部政策数量","4","17/9/2025 11:06:17","21/10/2025 13:26:52","2022",
"1287",,"互联网和相关服务","部委政策-农业农村部政策数量","4","17/9/2025 11:06:17","17/9/2025 11:06:17","2022",
"1288","21","通信传输设备业","部委政策-农业农村部政策数量","1","17/9/2025 11:06:17","21/10/2025 13:26:53","2022",
"1289",,"电信、广播电视和卫星传输服务","部委政策-农业农村部政策数量","3","17/9/2025 11:06:17","17/9/2025 11:06:17","2022",
"1290","3","信息传输、软件和信息技术服务业","部委政策-工业和信息化部政策数量","16","17/9/2025 11:06:17","21/10/2025 13:26:52","2022",
"1291",,"互联网和相关服务","部委政策-工业和信息化部政策数量","12","17/9/2025 11:06:17","17/9/2025 11:06:17","2022",
"1292","21","通信传输设备业","部委政策-工业和信息化部政策数量","9","17/9/2025 11:06:18","21/10/2025 13:26:53","2022",
"1293",,"电信、广播电视和卫星传输服务","部委政策-工业和信息化部政策数量","7","17/9/2025 11:06:18","17/9/2025 11:06:18","2022",
"1294","3","信息传输、软件和信息技术服务业","部委政策-国家市场监督管理总局政策数量","2","17/9/2025 11:06:18","21/10/2025 13:26:52","2022",
"1295",,"互联网和相关服务","部委政策-国家市场监督管理总局政策数量","3","17/9/2025 11:06:18","17/9/2025 11:06:18","2022",
"1296","21","通信传输设备业","部委政策-国家市场监督管理总局政策数量","2","17/9/2025 11:06:18","21/10/2025 13:26:53","2022",
"1297",,"电信、广播电视和卫星传输服务","部委政策-国家市场监督管理总局政策数量","1","17/9/2025 11:06:18","17/9/2025 11:06:18","2022",
"1298","13","电力、热力、燃气及水生产和供应业","部委政策-工业和信息化部政策数量","7","17/9/2025 11:06:18","21/10/2025 13:26:53","2022",
"1299","6","消费电子及电气业","部委政策-工业和信息化部政策数量","3","17/9/2025 11:06:18","21/10/2025 13:26:53","2022",
"1300","18","通用设备制造业","部委政策-工业和信息化部政策数量","4","17/9/2025 11:06:18","21/10/2025 13:26:53","2022",
"1301","5","专用设备制造业","部委政策-工业和信息化部政策数量","6","17/9/2025 11:06:18","21/10/2025 13:26:53","2022",
"1302","13","电力、热力、燃气及水生产和供应业","部委政策-财政部政策数量","3","17/9/2025 11:06:18","21/10/2025 13:26:53","2022",
"1303","6","消费电子及电气业","部委政策-财政部政策数量","1","17/9/2025 11:06:18","21/10/2025 13:26:53","2022",
"1304","18","通用设备制造业","部委政策-财政部政策数量","2","17/9/2025 11:06:18","21/10/2025 13:26:53","2022",
"1305","5","专用设备制造业","部委政策-财政部政策数量","2","17/9/2025 11:06:18","21/10/2025 13:26:53","2022",
"1306","13","电力、热力、燃气及水生产和供应业","部委政策-商务部政策数量","1","17/9/2025 11:06:18","21/10/2025 13:26:53","2022",
"1307","6","消费电子及电气业","部委政策-商务部政策数量","2","17/9/2025 11:06:18","21/10/2025 13:26:53","2022",
"1308","18","通用设备制造业","部委政策-商务部政策数量","2","17/9/2025 11:06:18","21/10/2025 13:26:53","2022",
"1309","5","专用设备制造业","部委政策-商务部政策数量","2","17/9/2025 11:06:18","21/10/2025 13:26:53","2022",
"1310","13","电力、热力、燃气及水生产和供应业","部委政策-国务院国有资产监督管理委员会政策数量","1","17/9/2025 11:06:18","21/10/2025 13:26:53","2022",
"1311","6","消费电子及电气业","部委政策-国务院国有资产监督管理委员会政策数量","1","17/9/2025 11:06:18","21/10/2025 13:26:53","2022",
"1312","18","通用设备制造业","部委政策-国务院国有资产监督管理委员会政策数量","1","17/9/2025 11:06:19","21/10/2025 13:26:53","2022",
"1313","5","专用设备制造业","部委政策-国务院国有资产监督管理委员会政策数量","1","17/9/2025 11:06:19","21/10/2025 13:26:53","2022",
"1314","13","电力、热力、燃气及水生产和供应业","部委政策-国家市场监督管理总局政策数量","1","17/9/2025 11:06:19","21/10/2025 13:26:53","2022",
"1315","6","消费电子及电气业","部委政策-国家市场监督管理总局政策数量","1","17/9/2025 11:06:19","21/10/2025 13:26:53","2022",
"1316","18","通用设备制造业","部委政策-国家市场监督管理总局政策数量","1","17/9/2025 11:06:19","21/10/2025 13:26:53","2022",
"1317","5","专用设备制造业","部委政策-国家市场监督管理总局政策数量","1","17/9/2025 11:06:19","21/10/2025 13:26:53","2022",
"1318","13","电力、热力、燃气及水生产和供应业","部委政策-教育部办公厅政策数量","1","17/9/2025 11:06:19","21/10/2025 13:26:53","2022",
"1319","30","科学研究和技术服务业","部委政策-教育部办公厅政策数量","3","17/9/2025 11:06:19","21/10/2025 13:26:53","2022",
"1320","13","电力、热力、燃气及水生产和供应业","部委政策-国家发展改革委办公厅政策数量","3","17/9/2025 11:06:19","21/10/2025 13:26:53","2022",
"1321","30","科学研究和技术服务业","部委政策-国家发展改革委办公厅政策数量","1","17/9/2025 11:06:19","21/10/2025 13:26:53","2022",
"1322","13","电力、热力、燃气及水生产和供应业","部委政策-国家能源局综合司政策数量","4","17/9/2025 11:06:19","21/10/2025 13:26:53","2022",
"1323","30","科学研究和技术服务业","部委政策-国家能源局综合司政策数量","1","17/9/2025 11:06:19","21/10/2025 13:26:53","2022",
"1324","3","信息传输、软件和信息技术服务业","部委政策-国家互联网信息办公室政策数量","3","17/9/2025 11:06:19","21/10/2025 13:26:52","2022",
"1325",,"互联网和相关服务","部委政策-国家互联网信息办公室政策数量","6","17/9/2025 11:06:19","17/9/2025 11:06:19","2022",
"1326",,"电信、广播电视和卫星传输服务","部委政策-国家互联网信息办公室政策数量","1","17/9/2025 11:06:20","17/9/2025 11:06:20","2022",
"1327","15","纺织鞋服业","地方政策-福建省工业和信息化厅政策数量","1","17/9/2025 11:06:20","21/10/2025 13:26:53","2022",
"1328","2","化学原料和化学制品制造业","地方政策-福建省工业和信息化厅政策数量","1","17/9/2025 11:06:20","21/10/2025 13:26:53","2022",
"1329","30","科学研究和技术服务业","地方政策-广东省人民政府政策数量","1","17/9/2025 11:06:20","21/10/2025 13:26:53","2022",
"1330",,"制造业（对应“其他制造业”）","地方政策-广东省人民政府政策数量","1","17/9/2025 11:06:20","17/9/2025 11:06:20","2022",
"1331","3","信息传输、软件和信息技术服务业","地方政策-广东省人民政府政策数量","1","17/9/2025 11:06:20","21/10/2025 13:26:52","2022",
"1332","19","半导体业","地方政策-广东省人民政府政策数量","1","17/9/2025 11:06:20","21/10/2025 13:26:53","2022",
"1333","7","金融业","地方政策-广东省人民政府政策数量","1","17/9/2025 11:06:20","21/10/2025 13:26:52","2022",
"1334","17","交通运输、仓储和邮政业","地方政策-广东省人民政府政策数量","1","17/9/2025 11:06:20","21/10/2025 13:26:53","2022",
"1335","31","教育","地方政策-广东省人民政府政策数量","1","17/9/2025 11:06:20","21/10/2025 13:26:53","2022",
"1336","35","卫生和社会工作","地方政策-广东省人民政府政策数量","1","17/9/2025 11:06:20","21/10/2025 13:26:53","2022",
"1337","33","文化、体育和娱乐业","地方政策-广东省人民政府政策数量","1","17/9/2025 11:06:20","21/10/2025 13:26:53","2022",
"1338","30","科学研究和技术服务业","地方政策-中共广东省委政策数量","1","17/9/2025 11:06:20","21/10/2025 13:26:53","2022",
"1339",,"制造业（对应“其他制造业”）","地方政策-中共广东省委政策数量","1","17/9/2025 11:06:20","17/9/2025 11:06:20","2022",
"1340","3","信息传输、软件和信息技术服务业","地方政策-中共广东省委政策数量","1","17/9/2025 11:06:20","21/10/2025 13:26:52","2022",
"1341","19","半导体业","地方政策-中共广东省委政策数量","1","17/9/2025 11:06:20","21/10/2025 13:26:53","2022",
"1342","7","金融业","地方政策-中共广东省委政策数量","1","17/9/2025 11:06:20","21/10/2025 13:26:52","2022",
"1343","17","交通运输、仓储和邮政业","地方政策-中共广东省委政策数量","1","17/9/2025 11:06:20","21/10/2025 13:26:53","2022",
"1344","31","教育","地方政策-中共广东省委政策数量","1","17/9/2025 11:06:20","21/10/2025 13:26:53","2022",
"1345","35","卫生和社会工作","地方政策-中共广东省委政策数量","1","17/9/2025 11:06:21","21/10/2025 13:26:53","2022",
"1346","33","文化、体育和娱乐业","地方政策-中共广东省委政策数量","1","17/9/2025 11:06:21","21/10/2025 13:26:53","2022",
"1347","13","电力、热力、燃气及水生产和供应业","地方政策-山东省能源局政策数量","2","17/9/2025 11:06:21","21/10/2025 13:26:53","2022",
"1348","3","信息传输、软件和信息技术服务业","地方政策-四川省科学技术厅政策数量","2","17/9/2025 11:06:21","21/10/2025 13:26:52","2022",
"1349","3","信息传输、软件和信息技术服务业","地方政策-四川省发展和改革委员会政策数量","1","17/9/2025 11:06:21","21/10/2025 13:26:52","2022",
"1350","3","信息传输、软件和信息技术服务业","地方政策-四川省经济和信息化厅政策数量","3","17/9/2025 11:06:21","21/10/2025 13:26:52","2022",
"1351","30","科学研究和技术服务业","地方政策-自治区科学技术厅政策数量","1","17/9/2025 11:06:21","21/10/2025 13:26:53","2022",
"1352","12","汽车制造业","部委政策-交通运输部政策数量","5","17/9/2025 11:06:21","21/10/2025 13:26:53","2022",
"1353","13","电力、热力、燃气及水生产和供应业","部委政策-交通运输部政策数量","4","17/9/2025 11:06:21","21/10/2025 13:26:53","2022",
"1354","17","交通运输、仓储和邮政业","部委政策-交通运输部政策数量","9","17/9/2025 11:06:21","21/10/2025 13:26:53","2022",
"1355","12","汽车制造业","部委政策-国家能源局政策数量","1","17/9/2025 11:06:21","21/10/2025 13:26:53","2022",
"1356","13","电力、热力、燃气及水生产和供应业","部委政策-国家能源局政策数量","8","17/9/2025 11:06:21","21/10/2025 13:26:53","2022",
"1357","17","交通运输、仓储和邮政业","部委政策-国家能源局政策数量","3","17/9/2025 11:06:21","21/10/2025 13:26:53","2022",
"1358","12","汽车制造业","部委政策-国家电网有限公司政策数量","1","17/9/2025 11:06:21","21/10/2025 13:26:53","2022",
"1359","13","电力、热力、燃气及水生产和供应业","部委政策-国家电网有限公司政策数量","1","17/9/2025 11:06:21","21/10/2025 13:26:53","2022",
"1360","17","交通运输、仓储和邮政业","部委政策-国家电网有限公司政策数量","1","17/9/2025 11:06:21","21/10/2025 13:26:53","2022",
"1361","12","汽车制造业","部委政策-中国南方电网有限责任公司政策数量","1","17/9/2025 11:06:21","21/10/2025 13:26:53","2022",
"1362","13","电力、热力、燃气及水生产和供应业","部委政策-中国南方电网有限责任公司政策数量","1","17/9/2025 11:06:21","21/10/2025 13:26:53","2022",
"1363","17","交通运输、仓储和邮政业","部委政策-中国南方电网有限责任公司政策数量","1","17/9/2025 11:06:21","21/10/2025 13:26:53","2022",
"1364","13","电力、热力、燃气及水生产和供应业","部委政策-工业和信息化部办公厅政策数量","2","17/9/2025 11:06:22","21/10/2025 13:26:53","2022",
"1365","19","半导体业","部委政策-工业和信息化部办公厅政策数量","1","17/9/2025 11:06:22","21/10/2025 13:26:53","2022",
"1366","25","其他制造业","部委政策-工业和信息化部办公厅政策数量","1","17/9/2025 11:06:22","21/10/2025 13:26:53","2022",
"1367","13","电力、热力、燃气及水生产和供应业","部委政策-市场监管总局办公厅政策数量","1","17/9/2025 11:06:22","21/10/2025 13:26:53","2022",
"1368","19","半导体业","部委政策-市场监管总局办公厅政策数量","1","17/9/2025 11:06:22","21/10/2025 13:26:53","2022",
"1369","25","其他制造业","部委政策-市场监管总局办公厅政策数量","1","17/9/2025 11:06:22","21/10/2025 13:26:53","2022",
"1370","19","半导体业","部委政策-国家能源局综合司政策数量","1","17/9/2025 11:06:22","21/10/2025 13:26:53","2022",
"1371","25","其他制造业","部委政策-国家能源局综合司政策数量","1","17/9/2025 11:06:22","21/10/2025 13:26:53","2022",
"1372","34","农、林、牧、渔业","部委政策-工业和信息化部办公厅政策数量","1","17/9/2025 11:06:22","21/10/2025 13:26:53","2022",
"1373","16","建筑业","部委政策-工业和信息化部办公厅政策数量","1","17/9/2025 11:06:22","21/10/2025 13:26:53","2022",
"1374","35","卫生和社会工作","部委政策-工业和信息化部办公厅政策数量","2","17/9/2025 11:06:22","21/10/2025 13:26:53","2022",
"1375","14","采矿业","部委政策-工业和信息化部办公厅政策数量","2","17/9/2025 11:06:22","21/10/2025 13:26:53","2022",
"1376","34","农、林、牧、渔业","部委政策-农业农村部办公厅政策数量","4","17/9/2025 11:06:22","21/10/2025 13:26:53","2022",
"1377","16","建筑业","部委政策-农业农村部办公厅政策数量","1","17/9/2025 11:06:22","21/10/2025 13:26:53","2022",
"1378","35","卫生和社会工作","部委政策-农业农村部办公厅政策数量","1","17/9/2025 11:06:22","21/10/2025 13:26:53","2022",
"1379","14","采矿业","部委政策-农业农村部办公厅政策数量","1","17/9/2025 11:06:22","21/10/2025 13:26:53","2022",
"1380","34","农、林、牧、渔业","部委政策-国家卫生健康委员会办公厅政策数量","1","17/9/2025 11:06:22","21/10/2025 13:26:53","2022",
"1381","16","建筑业","部委政策-国家卫生健康委员会办公厅政策数量","1","17/9/2025 11:06:22","21/10/2025 13:26:53","2022",
"1382","35","卫生和社会工作","部委政策-国家卫生健康委员会办公厅政策数量","1","17/9/2025 11:06:22","21/10/2025 13:26:53","2022",
"1383","14","采矿业","部委政策-国家卫生健康委员会办公厅政策数量","1","17/9/2025 11:06:23","21/10/2025 13:26:53","2022",
"1384","34","农、林、牧、渔业","部委政策-国家矿山安全监察局综合司政策数量","1","17/9/2025 11:06:23","21/10/2025 13:26:53","2022",
"1385","16","建筑业","部委政策-国家矿山安全监察局综合司政策数量","1","17/9/2025 11:06:23","21/10/2025 13:26:53","2022",
"1386","35","卫生和社会工作","部委政策-国家矿山安全监察局综合司政策数量","1","17/9/2025 11:06:23","21/10/2025 13:26:53","2022",
"1387","14","采矿业","部委政策-国家矿山安全监察局综合司政策数量","1","17/9/2025 11:06:23","21/10/2025 13:26:53","2022",
"1388","3","信息传输、软件和信息技术服务业","部委政策-国家发展改革委政策数量","5","17/9/2025 11:06:23","21/10/2025 13:26:52","2022",
"1389","21","通信传输设备业","部委政策-国家发展改革委政策数量","2","17/9/2025 11:06:23","21/10/2025 13:26:53","2022",
"1390",,"电信、广播电视和卫星传输服务","部委政策-国家发展改革委政策数量","2","17/9/2025 11:06:23","17/9/2025 11:06:23","2022",
"1391","3","信息传输、软件和信息技术服务业","部委政策-财政部政策数量","5","17/9/2025 11:06:23","21/10/2025 13:26:52","2022",
"1392","21","通信传输设备业","部委政策-财政部政策数量","2","17/9/2025 11:06:23","21/10/2025 13:26:53","2022",
"1393",,"电信、广播电视和卫星传输服务","部委政策-财政部政策数量","4","17/9/2025 11:06:23","17/9/2025 11:06:23","2022",
"1394","3","信息传输、软件和信息技术服务业","部委政策-生态环境部政策数量","2","17/9/2025 11:06:23","21/10/2025 13:26:52","2022",
"1395","21","通信传输设备业","部委政策-生态环境部政策数量","2","17/9/2025 11:06:23","21/10/2025 13:26:53","2022",
"1396",,"电信、广播电视和卫星传输服务","部委政策-生态环境部政策数量","1","17/9/2025 11:06:23","17/9/2025 11:06:23","2022",
"1397","3","信息传输、软件和信息技术服务业","部委政策-住房和城乡建设部政策数量","1","17/9/2025 11:06:23","21/10/2025 13:26:52","2022",
"1398","21","通信传输设备业","部委政策-住房和城乡建设部政策数量","1","17/9/2025 11:06:23","21/10/2025 13:26:53","2022",
"1399",,"电信、广播电视和卫星传输服务","部委政策-住房和城乡建设部政策数量","1","17/9/2025 11:06:24","17/9/2025 11:06:24","2022",
"1400","3","信息传输、软件和信息技术服务业","部委政策-国务院国资委政策数量","2","17/9/2025 11:06:24","21/10/2025 13:26:52","2022",
"1401","21","通信传输设备业","部委政策-国务院国资委政策数量","2","17/9/2025 11:06:24","21/10/2025 13:26:53","2022",
"1402",,"电信、广播电视和卫星传输服务","部委政策-国务院国资委政策数量","1","17/9/2025 11:06:24","17/9/2025 11:06:24","2022",
"1403","3","信息传输、软件和信息技术服务业","部委政策-国家能源局政策数量","3","17/9/2025 11:06:24","21/10/2025 13:26:52","2022",
"1404","21","通信传输设备业","部委政策-国家能源局政策数量","3","17/9/2025 11:06:24","21/10/2025 13:26:53","2022",
"1405",,"电信、广播电视和卫星传输服务","部委政策-国家能源局政策数量","1","17/9/2025 11:06:24","17/9/2025 11:06:24","2022",
"1406","31","教育","部委政策-教育部办公厅政策数量","3","17/9/2025 11:06:24","21/10/2025 13:26:53","2022",
"1407","34","农、林、牧、渔业","部委政策-教育部办公厅政策数量","3","17/9/2025 11:06:24","21/10/2025 13:26:53","2022",
"1408","31","教育","部委政策-农业农村部办公厅政策数量","2","17/9/2025 11:06:24","21/10/2025 13:26:53","2022",
"1409","31","教育","部委政策-中国科协办公厅政策数量","2","17/9/2025 11:06:24","21/10/2025 13:26:53","2022",
"1410","34","农、林、牧、渔业","部委政策-中国科协办公厅政策数量","2","17/9/2025 11:06:24","21/10/2025 13:26:53","2022",
"1411","3","信息传输、软件和信息技术服务业","地方政策-北京市科学技术委员会政策数量","3","17/9/2025 11:06:24","21/10/2025 13:26:52","2022",
"1412",,"互联网和相关服务","地方政策-北京市科学技术委员会政策数量","2","17/9/2025 11:06:24","17/9/2025 11:06:24","2022",
"1413","30","科学研究和技术服务业","地方政策-北京市科学技术委员会政策数量","2","17/9/2025 11:06:24","21/10/2025 13:26:53","2022",
"1414","3","信息传输、软件和信息技术服务业","地方政策-北京市通州区人民政府政策数量","2","17/9/2025 11:06:25","21/10/2025 13:26:52","2022",
"1415",,"互联网和相关服务","地方政策-北京市通州区人民政府政策数量","2","17/9/2025 11:06:25","17/9/2025 11:06:25","2022",
"1416","30","科学研究和技术服务业","地方政策-北京市通州区人民政府政策数量","1","17/9/2025 11:06:25","21/10/2025 13:26:53","2022",
"1417","3","信息传输、软件和信息技术服务业","地方政策-中关村科技园区管理委员会政策数量","3","17/9/2025 11:06:25","21/10/2025 13:26:52","2022",
"1418",,"互联网和相关服务","地方政策-中关村科技园区管理委员会政策数量","2","17/9/2025 11:06:25","17/9/2025 11:06:25","2022",
"1419","30","科学研究和技术服务业","地方政策-中关村科技园区管理委员会政策数量","2","17/9/2025 11:06:25","21/10/2025 13:26:53","2022",
"1420","3","信息传输、软件和信息技术服务业","地方政策-北京市经济和信息化局政策数量","7","17/9/2025 11:06:25","21/10/2025 13:26:52","2022",
"1421",,"互联网和相关服务","地方政策-北京市经济和信息化局政策数量","5","17/9/2025 11:06:25","17/9/2025 11:06:25","2022",
"1422","30","科学研究和技术服务业","地方政策-北京市经济和信息化局政策数量","4","17/9/2025 11:06:25","21/10/2025 13:26:53","2022",
"1423","22","非金属矿物制品业","地方政策-河南省工业和信息化厅办公室政策数量","1","17/9/2025 11:06:25","21/10/2025 13:26:53","2022",
"1424","2","化学原料和化学制品制造业","地方政策-河南省工业和信息化厅办公室政策数量","1","17/9/2025 11:06:25","21/10/2025 13:26:53","2022",
"1425","46","废弃资源综合利用业","地方政策-河南省工业和信息化厅办公室政策数量","1","17/9/2025 11:06:25","21/10/2025 13:26:53","2022",
"1426","33","文化、体育和娱乐业","地方政策-湖南省工业和信息化厅政策数量","1","17/9/2025 11:06:25","21/10/2025 13:26:53","2022",
"1427","33","文化、体育和娱乐业","地方政策-湖南省发展和改革委员会政策数量","1","17/9/2025 11:06:25","21/10/2025 13:26:53","2022",
"1428","33","文化、体育和娱乐业","地方政策-湖南省教育厅政策数量","1","17/9/2025 11:06:25","21/10/2025 13:26:53","2022",
"1429","33","文化、体育和娱乐业","地方政策-湖南省财政厅政策数量","1","17/9/2025 11:06:25","21/10/2025 13:26:53","2022",
"1430","33","文化、体育和娱乐业","地方政策-湖南省人力资源和社会保障厅政策数量","1","17/9/2025 11:06:25","21/10/2025 13:26:53","2022",
"1431","33","文化、体育和娱乐业","地方政策-湖南省文化和旅游厅政策数量","1","17/9/2025 11:06:25","21/10/2025 13:26:53","2022",
"1432","33","文化、体育和娱乐业","地方政策-湖南省人民政府国有资产监督管理委员会政策数量","1","17/9/2025 11:06:25","21/10/2025 13:26:53","2022",
"1433","33","文化、体育和娱乐业","地方政策-湖南省文物局政策数量","1","17/9/2025 11:06:25","21/10/2025 13:26:53","2022",
"1434","30","科学研究和技术服务业","地方政策-黑龙江省人民政府办公厅政策数量","2","17/9/2025 11:06:26","21/10/2025 13:26:53","2022",
"1435","9","批发和零售业","地方政策-四川省经济和信息化厅政策数量","1","17/9/2025 11:06:26","21/10/2025 13:26:53","2022",
"1436","37","住宿和餐饮业","地方政策-四川省经济和信息化厅政策数量","1","17/9/2025 11:06:26","21/10/2025 13:26:53","2022",
"1437","17","交通运输、仓储和邮政业","地方政策-四川省经济和信息化厅政策数量","2","17/9/2025 11:06:26","21/10/2025 13:26:53","2022",
"1438","30","科学研究和技术服务业","地方政策-四川省经济和信息化厅政策数量","3","17/9/2025 11:06:26","21/10/2025 13:26:53","2022",
"1439","13","电力、热力、燃气及水生产和供应业","地方政策-四川省经济和信息化厅政策数量","4","17/9/2025 11:06:26","21/10/2025 13:26:53","2022",
"1440","34","农、林、牧、渔业","地方政策-四川省经济和信息化厅政策数量","1","17/9/2025 11:06:26","21/10/2025 13:26:53","2022",
"1441","48","居民服务、修理和其他服务业","地方政策-四川省经济和信息化厅政策数量","1","17/9/2025 11:06:26","21/10/2025 13:26:53","2022",
"1442","31","教育","地方政策-四川省经济和信息化厅政策数量","1","17/9/2025 11:06:26","21/10/2025 13:26:53","2022",
"1443","35","卫生和社会工作","地方政策-四川省经济和信息化厅政策数量","1","17/9/2025 11:06:26","21/10/2025 13:26:53","2022",
"1444","33","文化、体育和娱乐业","地方政策-四川省经济和信息化厅政策数量","1","17/9/2025 11:06:26","21/10/2025 13:26:53","2022",
"1445","9","批发和零售业","地方政策-重庆市经济信息委政策数量","1","17/9/2025 11:06:26","21/10/2025 13:26:53","2022",
"1446","37","住宿和餐饮业","地方政策-重庆市经济信息委政策数量","1","17/9/2025 11:06:26","21/10/2025 13:26:53","2022",
"1447","17","交通运输、仓储和邮政业","地方政策-重庆市经济信息委政策数量","1","17/9/2025 11:06:26","21/10/2025 13:26:53","2022",
"1448","30","科学研究和技术服务业","地方政策-重庆市经济信息委政策数量","1","17/9/2025 11:06:26","21/10/2025 13:26:53","2022",
"1449","13","电力、热力、燃气及水生产和供应业","地方政策-重庆市经济信息委政策数量","1","17/9/2025 11:06:26","21/10/2025 13:26:53","2022",
"1450","34","农、林、牧、渔业","地方政策-重庆市经济信息委政策数量","1","17/9/2025 11:06:27","21/10/2025 13:26:53","2022",
"1451","48","居民服务、修理和其他服务业","地方政策-重庆市经济信息委政策数量","1","17/9/2025 11:06:27","21/10/2025 13:26:53","2022",
"1452","31","教育","地方政策-重庆市经济信息委政策数量","1","17/9/2025 11:06:27","21/10/2025 13:26:53","2022",
"1453","35","卫生和社会工作","地方政策-重庆市经济信息委政策数量","1","17/9/2025 11:06:27","21/10/2025 13:26:53","2022",
"1454","33","文化、体育和娱乐业","地方政策-重庆市经济信息委政策数量","1","17/9/2025 11:06:27","21/10/2025 13:26:53","2022",
"1455","9","批发和零售业","地方政策-重庆市财政局政策数量","1","17/9/2025 11:06:27","21/10/2025 13:26:53","2022",
"1456","37","住宿和餐饮业","地方政策-重庆市财政局政策数量","1","17/9/2025 11:06:27","21/10/2025 13:26:53","2022",
"1457","17","交通运输、仓储和邮政业","地方政策-重庆市财政局政策数量","1","17/9/2025 11:06:27","21/10/2025 13:26:53","2022",
"1458","30","科学研究和技术服务业","地方政策-重庆市财政局政策数量","1","17/9/2025 11:06:27","21/10/2025 13:26:53","2022",
"1459","13","电力、热力、燃气及水生产和供应业","地方政策-重庆市财政局政策数量","2","17/9/2025 11:06:27","21/10/2025 13:26:53","2022",
"1460","34","农、林、牧、渔业","地方政策-重庆市财政局政策数量","1","17/9/2025 11:06:27","21/10/2025 13:26:53","2022",
"1461","48","居民服务、修理和其他服务业","地方政策-重庆市财政局政策数量","1","17/9/2025 11:06:27","21/10/2025 13:26:53","2022",
"1462","31","教育","地方政策-重庆市财政局政策数量","1","17/9/2025 11:06:27","21/10/2025 13:26:53","2022",
"1463","35","卫生和社会工作","地方政策-重庆市财政局政策数量","1","17/9/2025 11:06:27","21/10/2025 13:26:53","2022",
"1464","33","文化、体育和娱乐业","地方政策-重庆市财政局政策数量","1","17/9/2025 11:06:27","21/10/2025 13:26:53","2022",
"1465","9","批发和零售业","地方政策-四川省财政厅政策数量","1","17/9/2025 11:06:27","21/10/2025 13:26:53","2022",
"1466","37","住宿和餐饮业","地方政策-四川省财政厅政策数量","1","17/9/2025 11:06:27","21/10/2025 13:26:53","2022",
"1467","17","交通运输、仓储和邮政业","地方政策-四川省财政厅政策数量","2","17/9/2025 11:06:27","21/10/2025 13:26:53","2022",
"1468","30","科学研究和技术服务业","地方政策-四川省财政厅政策数量","3","17/9/2025 11:06:27","21/10/2025 13:26:53","2022",
"1469","13","电力、热力、燃气及水生产和供应业","地方政策-四川省财政厅政策数量","4","17/9/2025 11:06:27","21/10/2025 13:26:53","2022",
"1470","34","农、林、牧、渔业","地方政策-四川省财政厅政策数量","1","17/9/2025 11:06:27","21/10/2025 13:26:53","2022",
"1471","48","居民服务、修理和其他服务业","地方政策-四川省财政厅政策数量","1","17/9/2025 11:06:28","21/10/2025 13:26:53","2022",
"1472","31","教育","地方政策-四川省财政厅政策数量","1","17/9/2025 11:06:28","21/10/2025 13:26:53","2022",
"1473","35","卫生和社会工作","地方政策-四川省财政厅政策数量","1","17/9/2025 11:06:28","21/10/2025 13:26:53","2022",
"1474","33","文化、体育和娱乐业","地方政策-四川省财政厅政策数量","1","17/9/2025 11:06:28","21/10/2025 13:26:53","2022",
"1475","1","医药制造业","地方政策-四川省人民政府政策数量","1","17/9/2025 11:06:28","21/10/2025 13:26:53","2022",
"1476","35","卫生和社会工作","地方政策-四川省人民政府政策数量","2","17/9/2025 11:06:28","21/10/2025 13:26:53","2022",
"1477","30","科学研究和技术服务业","地方政策-四川省人民政府政策数量","2","17/9/2025 11:06:28","21/10/2025 13:26:53","2022",
"1478","31","教育","地方政策-四川省人民政府政策数量","2","17/9/2025 11:06:28","21/10/2025 13:26:53","2022",
"1479","33","文化、体育和娱乐业","地方政策-四川省人民政府政策数量","2","17/9/2025 11:06:28","21/10/2025 13:26:53","2022",
"1480","34","农、林、牧、渔业","地方政策-四川省人民政府政策数量","2","17/9/2025 11:06:28","21/10/2025 13:26:53","2022",
"1481","9","批发和零售业","地方政策-四川省人民政府政策数量","1","17/9/2025 11:06:28","21/10/2025 13:26:53","2022",
"1482","37","住宿和餐饮业","地方政策-四川省人民政府政策数量","2","17/9/2025 11:06:28","21/10/2025 13:26:53","2022",
"1483","3","信息传输、软件和信息技术服务业","地方政策-四川省人民政府政策数量","2","17/9/2025 11:06:28","21/10/2025 13:26:52","2022",
"1484","5","专用设备制造业","地方政策-四川省经济和信息化厅政策数量","2","17/9/2025 11:06:28","21/10/2025 13:26:53","2022",
"1485","18","通用设备制造业","地方政策-四川省经济和信息化厅政策数量","1","17/9/2025 11:06:28","21/10/2025 13:26:53","2022",
"1486","19","半导体业","地方政策-四川省经济和信息化厅政策数量","1","17/9/2025 11:06:28","21/10/2025 13:26:53","2022",
"1487","21","通信传输设备业","地方政策-四川省经济和信息化厅政策数量","1","17/9/2025 11:06:28","21/10/2025 13:26:53","2022",
"1488","22","非金属矿物制品业","地方政策-四川省经济和信息化厅政策数量","1","17/9/2025 11:06:28","21/10/2025 13:26:53","2022",
"1489","26","金属制品业","地方政策-四川省经济和信息化厅政策数量","1","17/9/2025 11:06:28","21/10/2025 13:26:53","2022",
"1490","27","铁路、船舶、航空航天和其他运输设备制造业","地方政策-四川省经济和信息化厅政策数量","1","17/9/2025 11:06:28","21/10/2025 13:26:53","2022",
"1491","32","仪器仪表制造业","地方政策-四川省经济和信息化厅政策数量","1","17/9/2025 11:06:29","21/10/2025 13:26:53","2022",
"1492","25","其他制造业","地方政策-四川省经济和信息化厅政策数量","1","17/9/2025 11:06:29","21/10/2025 13:26:53","2022",
"1493","46","废弃资源综合利用业","地方政策-四川省经济和信息化厅政策数量","1","17/9/2025 11:06:29","21/10/2025 13:26:53","2022",
"1494","3","信息传输、软件和信息技术服务业","地方政策-四川省财政厅政策数量","1","17/9/2025 11:06:29","21/10/2025 13:26:52","2022",
"1495","5","专用设备制造业","地方政策-四川省财政厅政策数量","1","17/9/2025 11:06:29","21/10/2025 13:26:53","2022",
"1496","18","通用设备制造业","地方政策-四川省财政厅政策数量","1","17/9/2025 11:06:29","21/10/2025 13:26:53","2022",
"1497","19","半导体业","地方政策-四川省财政厅政策数量","1","17/9/2025 11:06:29","21/10/2025 13:26:53","2022",
"1498","21","通信传输设备业","地方政策-四川省财政厅政策数量","1","17/9/2025 11:06:29","21/10/2025 13:26:53","2022",
"1499","22","非金属矿物制品业","地方政策-四川省财政厅政策数量","1","17/9/2025 11:06:29","21/10/2025 13:26:53","2022",
"1500","26","金属制品业","地方政策-四川省财政厅政策数量","1","17/9/2025 11:06:29","21/10/2025 13:26:53","2022",
"1501","27","铁路、船舶、航空航天和其他运输设备制造业","地方政策-四川省财政厅政策数量","1","17/9/2025 11:06:29","21/10/2025 13:26:53","2022",
"1502","32","仪器仪表制造业","地方政策-四川省财政厅政策数量","1","17/9/2025 11:06:29","21/10/2025 13:26:53","2022",
"1503","25","其他制造业","地方政策-四川省财政厅政策数量","1","17/9/2025 11:06:29","21/10/2025 13:26:53","2022",
"1504","46","废弃资源综合利用业","地方政策-四川省财政厅政策数量","1","17/9/2025 11:06:29","21/10/2025 13:26:53","2022",
"1505","17","交通运输、仓储和邮政业","地方政策-甘肃省人民政府办公厅政策数量","1","17/9/2025 11:06:29","21/10/2025 13:26:53","2022",
"1506","34","农、林、牧、渔业","地方政策-甘肃省人民政府办公厅政策数量","2","17/9/2025 11:06:29","21/10/2025 13:26:53","2022",
"1507","9","批发和零售业","地方政策-甘肃省人民政府办公厅政策数量","1","17/9/2025 11:06:29","21/10/2025 13:26:53","2022",
"1508","10","食品饮料业","地方政策-甘肃省人民政府办公厅政策数量","1","17/9/2025 11:06:29","21/10/2025 13:26:53","2022",
"1509","1","医药制造业","地方政策-甘肃省人民政府办公厅政策数量","1","17/9/2025 11:06:29","21/10/2025 13:26:53","2022",
"1510","46","废弃资源综合利用业","部委政策-国家发展改革委办公厅政策数量","1","17/9/2025 11:06:29","21/10/2025 13:26:53","2022",
"1511","46","废弃资源综合利用业","部委政策-商务部办公厅政策数量","1","17/9/2025 11:06:30","21/10/2025 13:26:53","2022",
"1512","46","废弃资源综合利用业","部委政策-工业和信息化部办公厅政策数量","1","17/9/2025 11:06:30","21/10/2025 13:26:53","2022",
"1513","46","废弃资源综合利用业","部委政策-财政部办公厅政策数量","1","17/9/2025 11:06:30","21/10/2025 13:26:53","2022",
"1514","46","废弃资源综合利用业","部委政策-自然资源部办公厅政策数量","1","17/9/2025 11:06:30","21/10/2025 13:26:53","2022",
"1515","46","废弃资源综合利用业","部委政策-生态环境部办公厅政策数量","1","17/9/2025 11:06:30","21/10/2025 13:26:53","2022",
"1516","46","废弃资源综合利用业","部委政策-住房和城乡建设部办公厅政策数量","1","17/9/2025 11:06:30","21/10/2025 13:26:53","2022",
"1517","34","农、林、牧、渔业","部委政策-农业农村部政策数量","5","17/9/2025 11:06:30","21/10/2025 13:26:53","2022",
"1518","34","农、林、牧、渔业","部委政策-财政部政策数量","1","17/9/2025 11:06:30","21/10/2025 13:26:53","2022",
"1519","3","信息传输、软件和信息技术服务业","地方政策-宁夏回族自治区发展和改革委员会政策数量","1","17/9/2025 11:06:30","21/10/2025 13:26:52","2022",
"1520","21","通信传输设备业","地方政策-宁夏回族自治区发展和改革委员会政策数量","1","17/9/2025 11:06:30","21/10/2025 13:26:53","2022",
"1521",,"互联网和相关服务","地方政策-宁夏回族自治区发展和改革委员会政策数量","1","17/9/2025 11:06:30","17/9/2025 11:06:30","2022",
"1522","3","信息传输、软件和信息技术服务业","地方政策-中共宁夏回族自治区委员会网络安全和信息化委员会办公室政策数量","1","17/9/2025 11:06:30","21/10/2025 13:26:52","2022",
"1523","21","通信传输设备业","地方政策-中共宁夏回族自治区委员会网络安全和信息化委员会办公室政策数量","1","17/9/2025 11:06:30","21/10/2025 13:26:53","2022",
"1524",,"互联网和相关服务","地方政策-中共宁夏回族自治区委员会网络安全和信息化委员会办公室政策数量","1","17/9/2025 11:06:30","17/9/2025 11:06:30","2022",
"1525","3","信息传输、软件和信息技术服务业","地方政策-宁夏回族自治区工业和信息化厅政策数量","1","17/9/2025 11:06:30","21/10/2025 13:26:52","2022",
"1526","21","通信传输设备业","地方政策-宁夏回族自治区工业和信息化厅政策数量","1","17/9/2025 11:06:30","21/10/2025 13:26:53","2022",
"1527",,"互联网和相关服务","地方政策-宁夏回族自治区工业和信息化厅政策数量","1","17/9/2025 11:06:30","17/9/2025 11:06:30","2022",
"1528","3","信息传输、软件和信息技术服务业","地方政策-宁夏回族自治区通信管理局政策数量","1","17/9/2025 11:06:31","21/10/2025 13:26:52","2022",
"1529","21","通信传输设备业","地方政策-宁夏回族自治区通信管理局政策数量","1","17/9/2025 11:06:31","21/10/2025 13:26:53","2022",
"1530",,"互联网和相关服务","地方政策-宁夏回族自治区通信管理局政策数量","1","17/9/2025 11:06:31","17/9/2025 11:06:31","2022",
"1531","5","专用设备制造业","部委政策-工业和信息化部装备工业一司政策数量","1","17/9/2025 11:06:31","21/10/2025 13:26:53","2022",
"1532","18","通用设备制造业","部委政策-工业和信息化部装备工业一司政策数量","1","17/9/2025 11:06:31","21/10/2025 13:26:53","2022",
"1533","27","铁路、船舶、航空航天和其他运输设备制造业","部委政策-工业和信息化部装备工业一司政策数量","1","17/9/2025 11:06:31","21/10/2025 13:26:53","2022",
"1534","1","医药制造业","部委政策-工业和信息化部装备工业一司政策数量","1","17/9/2025 11:06:31","21/10/2025 13:26:53","2022",
"1535","12","汽车制造业","部委政策-工业和信息化部装备工业一司政策数量","1","17/9/2025 11:06:31","21/10/2025 13:26:53","2022",
"1536","32","仪器仪表制造业","部委政策-工业和信息化部装备工业一司政策数量","1","17/9/2025 11:06:31","21/10/2025 13:26:53","2022",
"1537","16","建筑业","部委政策-住房和城乡建设部政策数量","6","17/9/2025 11:06:31","21/10/2025 13:26:53","2022",
"1538","4","房地产业","部委政策-住房和城乡建设部政策数量","4","17/9/2025 11:06:31","21/10/2025 13:26:52","2022",
"1539","28","水利、环境和公共设施管理业","部委政策-住房和城乡建设部政策数量","3","17/9/2025 11:06:31","21/10/2025 13:26:52","2022",
"1540","16","建筑业","部委政策-国家发展改革委政策数量","4","17/9/2025 11:06:31","21/10/2025 13:26:53","2022",
"1541","4","房地产业","部委政策-国家发展改革委政策数量","2","17/9/2025 11:06:31","21/10/2025 13:26:52","2022",
"1542","28","水利、环境和公共设施管理业","部委政策-国家发展改革委政策数量","7","17/9/2025 11:06:31","21/10/2025 13:26:52","2022",
"1543","17","交通运输、仓储和邮政业","地方政策-云南省发展和改革委员会政策数量","3","17/9/2025 11:06:31","21/10/2025 13:26:53","2022",
"1544","9","批发和零售业","地方政策-云南省发展和改革委员会政策数量","1","17/9/2025 11:06:31","21/10/2025 13:26:53","2022",
"1545","7","金融业","地方政策-云南省发展和改革委员会政策数量","1","17/9/2025 11:06:31","21/10/2025 13:26:52","2022",
"1546","30","科学研究和技术服务业","部委政策-科技部政策数量","18","17/9/2025 11:06:32","21/10/2025 13:26:53","2022",
"1547","30","科学研究和技术服务业","部委政策-财政部政策数量","8","17/9/2025 11:06:32","21/10/2025 13:26:53","2022",
"1548","13","电力、热力、燃气及水生产和供应业","部委政策-科技部政策数量","1","17/9/2025 11:06:32","21/10/2025 13:26:53","2022",
"1549","17","交通运输、仓储和邮政业","部委政策-科技部政策数量","2","17/9/2025 11:06:32","21/10/2025 13:26:53","2022",
"1550","16","建筑业","部委政策-科技部政策数量","2","17/9/2025 11:06:32","21/10/2025 13:26:53","2022",
"1551","28","水利、环境和公共设施管理业","部委政策-科技部政策数量","8","17/9/2025 11:06:32","21/10/2025 13:26:52","2022",
"1552","14","采矿业","部委政策-科技部政策数量","1","17/9/2025 11:06:32","21/10/2025 13:26:53","2022",
"1553","29","金属冶炼和压延加工业","部委政策-科技部政策数量","1","17/9/2025 11:06:32","21/10/2025 13:26:53","2022",
"1554","45","石油加工、炼焦和核燃料加工业","部委政策-科技部政策数量","1","17/9/2025 11:06:32","21/10/2025 13:26:53","2022",
"1555","46","废弃资源综合利用业","部委政策-科技部政策数量","1","17/9/2025 11:06:32","21/10/2025 13:26:53","2022",
"1556","13","电力、热力、燃气及水生产和供应业","部委政策-国家发展改革委政策数量","7","17/9/2025 11:06:32","21/10/2025 13:26:53","2022",
"1557","17","交通运输、仓储和邮政业","部委政策-国家发展改革委政策数量","4","17/9/2025 11:06:32","21/10/2025 13:26:53","2022",
"1558","30","科学研究和技术服务业","部委政策-国家发展改革委政策数量","4","17/9/2025 11:06:32","21/10/2025 13:26:53","2022",
"1559","14","采矿业","部委政策-国家发展改革委政策数量","3","17/9/2025 11:06:32","21/10/2025 13:26:53","2022",
"1560","29","金属冶炼和压延加工业","部委政策-国家发展改革委政策数量","3","17/9/2025 11:06:32","21/10/2025 13:26:53","2022",
"1561","45","石油加工、炼焦和核燃料加工业","部委政策-国家发展改革委政策数量","4","17/9/2025 11:06:32","21/10/2025 13:26:53","2022",
"1562","46","废弃资源综合利用业","部委政策-国家发展改革委政策数量","3","17/9/2025 11:06:32","21/10/2025 13:26:53","2022",
"1563","17","交通运输、仓储和邮政业","部委政策-工业和信息化部政策数量","8","17/9/2025 11:06:32","21/10/2025 13:26:53","2022",
"1564","16","建筑业","部委政策-工业和信息化部政策数量","4","17/9/2025 11:06:32","21/10/2025 13:26:53","2022",
"1565","30","科学研究和技术服务业","部委政策-工业和信息化部政策数量","8","17/9/2025 11:06:33","21/10/2025 13:26:53","2022",
"1566","28","水利、环境和公共设施管理业","部委政策-工业和信息化部政策数量","7","17/9/2025 11:06:33","21/10/2025 13:26:52","2022",
"1567","14","采矿业","部委政策-工业和信息化部政策数量","4","17/9/2025 11:06:33","21/10/2025 13:26:53","2022",
"1568","29","金属冶炼和压延加工业","部委政策-工业和信息化部政策数量","5","17/9/2025 11:06:33","21/10/2025 13:26:53","2022",
"1569","45","石油加工、炼焦和核燃料加工业","部委政策-工业和信息化部政策数量","5","17/9/2025 11:06:33","21/10/2025 13:26:53","2022",
"1570","46","废弃资源综合利用业","部委政策-工业和信息化部政策数量","4","17/9/2025 11:06:33","21/10/2025 13:26:53","2022",
"1571","13","电力、热力、燃气及水生产和供应业","部委政策-生态环境部政策数量","3","17/9/2025 11:06:33","21/10/2025 13:26:53","2022",
"1572","17","交通运输、仓储和邮政业","部委政策-生态环境部政策数量","4","17/9/2025 11:06:33","21/10/2025 13:26:53","2022",
"1573","16","建筑业","部委政策-生态环境部政策数量","2","17/9/2025 11:06:33","21/10/2025 13:26:53","2022",
"1574","30","科学研究和技术服务业","部委政策-生态环境部政策数量","2","17/9/2025 11:06:33","21/10/2025 13:26:53","2022",
"1575","28","水利、环境和公共设施管理业","部委政策-生态环境部政策数量","3","17/9/2025 11:06:33","21/10/2025 13:26:52","2022",
"1576","14","采矿业","部委政策-生态环境部政策数量","2","17/9/2025 11:06:33","21/10/2025 13:26:53","2022",
"1577","29","金属冶炼和压延加工业","部委政策-生态环境部政策数量","5","17/9/2025 11:06:33","21/10/2025 13:26:53","2022",
"1578","45","石油加工、炼焦和核燃料加工业","部委政策-生态环境部政策数量","4","17/9/2025 11:06:33","21/10/2025 13:26:53","2022",
"1579","46","废弃资源综合利用业","部委政策-生态环境部政策数量","2","17/9/2025 11:06:33","21/10/2025 13:26:53","2022",
"1580","13","电力、热力、燃气及水生产和供应业","部委政策-住房城乡建设部政策数量","3","17/9/2025 11:06:33","21/10/2025 13:26:53","2022",
"1581","17","交通运输、仓储和邮政业","部委政策-住房城乡建设部政策数量","1","17/9/2025 11:06:33","21/10/2025 13:26:53","2022",
"1582","16","建筑业","部委政策-住房城乡建设部政策数量","2","17/9/2025 11:06:33","21/10/2025 13:26:53","2022",
"1583","30","科学研究和技术服务业","部委政策-住房城乡建设部政策数量","2","17/9/2025 11:06:33","21/10/2025 13:26:53","2022",
"1584","28","水利、环境和公共设施管理业","部委政策-住房城乡建设部政策数量","4","17/9/2025 11:06:33","21/10/2025 13:26:52","2022",
"1585","14","采矿业","部委政策-住房城乡建设部政策数量","2","17/9/2025 11:06:33","21/10/2025 13:26:53","2022",
"1586","29","金属冶炼和压延加工业","部委政策-住房城乡建设部政策数量","2","17/9/2025 11:06:34","21/10/2025 13:26:53","2022",
"1587","45","石油加工、炼焦和核燃料加工业","部委政策-住房城乡建设部政策数量","2","17/9/2025 11:06:34","21/10/2025 13:26:53","2022",
"1588","46","废弃资源综合利用业","部委政策-住房城乡建设部政策数量","2","17/9/2025 11:06:34","21/10/2025 13:26:53","2022",
"1589","16","建筑业","部委政策-交通运输部政策数量","3","17/9/2025 11:06:34","21/10/2025 13:26:53","2022",
"1590","30","科学研究和技术服务业","部委政策-交通运输部政策数量","2","17/9/2025 11:06:34","21/10/2025 13:26:53","2022",
"1591","28","水利、环境和公共设施管理业","部委政策-交通运输部政策数量","3","17/9/2025 11:06:34","21/10/2025 13:26:52","2022",
"1592","14","采矿业","部委政策-交通运输部政策数量","2","17/9/2025 11:06:34","21/10/2025 13:26:53","2022",
"1593","29","金属冶炼和压延加工业","部委政策-交通运输部政策数量","2","17/9/2025 11:06:34","21/10/2025 13:26:53","2022",
"1594","45","石油加工、炼焦和核燃料加工业","部委政策-交通运输部政策数量","2","17/9/2025 11:06:34","21/10/2025 13:26:53","2022",
"1595","46","废弃资源综合利用业","部委政策-交通运输部政策数量","2","17/9/2025 11:06:34","21/10/2025 13:26:53","2022",
"1596","13","电力、热力、燃气及水生产和供应业","部委政策-中科院政策数量","1","17/9/2025 11:06:34","21/10/2025 13:26:53","2022",
"1597","17","交通运输、仓储和邮政业","部委政策-中科院政策数量","1","17/9/2025 11:06:34","21/10/2025 13:26:53","2022",
"1598","16","建筑业","部委政策-中科院政策数量","1","17/9/2025 11:06:34","21/10/2025 13:26:53","2022",
"1599","30","科学研究和技术服务业","部委政策-中科院政策数量","4","17/9/2025 11:06:34","21/10/2025 13:26:53","2022",
"1600","28","水利、环境和公共设施管理业","部委政策-中科院政策数量","1","17/9/2025 11:06:34","21/10/2025 13:26:52","2022",
"1601","14","采矿业","部委政策-中科院政策数量","1","17/9/2025 11:06:34","21/10/2025 13:26:53","2022",
"1602","29","金属冶炼和压延加工业","部委政策-中科院政策数量","1","17/9/2025 11:06:34","21/10/2025 13:26:53","2022",
"1603","45","石油加工、炼焦和核燃料加工业","部委政策-中科院政策数量","1","17/9/2025 11:06:34","21/10/2025 13:26:53","2022",
"1604","46","废弃资源综合利用业","部委政策-中科院政策数量","1","17/9/2025 11:06:34","21/10/2025 13:26:53","2022",
"1605","13","电力、热力、燃气及水生产和供应业","部委政策-工程院政策数量","1","17/9/2025 11:06:34","21/10/2025 13:26:53","2022",
"1606","17","交通运输、仓储和邮政业","部委政策-工程院政策数量","1","17/9/2025 11:06:35","21/10/2025 13:26:53","2022",
"1607","16","建筑业","部委政策-工程院政策数量","1","17/9/2025 11:06:35","21/10/2025 13:26:53","2022",
"1608","30","科学研究和技术服务业","部委政策-工程院政策数量","2","17/9/2025 11:06:35","21/10/2025 13:26:53","2022",
"1609","28","水利、环境和公共设施管理业","部委政策-工程院政策数量","1","17/9/2025 11:06:35","21/10/2025 13:26:52","2022",
"1610","14","采矿业","部委政策-工程院政策数量","1","17/9/2025 11:06:35","21/10/2025 13:26:53","2022",
"1611","29","金属冶炼和压延加工业","部委政策-工程院政策数量","1","17/9/2025 11:06:35","21/10/2025 13:26:53","2022",
"1612","45","石油加工、炼焦和核燃料加工业","部委政策-工程院政策数量","1","17/9/2025 11:06:35","21/10/2025 13:26:53","2022",
"1613","46","废弃资源综合利用业","部委政策-工程院政策数量","1","17/9/2025 11:06:35","21/10/2025 13:26:53","2022",
"1614","16","建筑业","部委政策-国家能源局政策数量","2","17/9/2025 11:06:35","21/10/2025 13:26:53","2022",
"1615","30","科学研究和技术服务业","部委政策-国家能源局政策数量","1","17/9/2025 11:06:35","21/10/2025 13:26:53","2022",
"1616","28","水利、环境和公共设施管理业","部委政策-国家能源局政策数量","1","17/9/2025 11:06:35","21/10/2025 13:26:52","2022",
"1617","14","采矿业","部委政策-国家能源局政策数量","1","17/9/2025 11:06:35","21/10/2025 13:26:53","2022",
"1618","29","金属冶炼和压延加工业","部委政策-国家能源局政策数量","1","17/9/2025 11:06:35","21/10/2025 13:26:53","2022",
"1619","45","石油加工、炼焦和核燃料加工业","部委政策-国家能源局政策数量","2","17/9/2025 11:06:35","21/10/2025 13:26:53","2022",
"1620","46","废弃资源综合利用业","部委政策-国家能源局政策数量","1","17/9/2025 11:06:35","21/10/2025 13:26:53","2022",
"1621","3","信息传输、软件和信息技术服务业","部委政策-工业和信息化部办公厅政策数量","11","17/9/2025 11:06:35","21/10/2025 13:26:52","2022",
"1622",,"互联网和相关服务","部委政策-工业和信息化部办公厅政策数量","2","17/9/2025 11:06:35","17/9/2025 11:06:35","2022",
"1623",,"电信、广播电视和卫星传输服务","部委政策-工业和信息化部办公厅政策数量","3","17/9/2025 11:06:35","17/9/2025 11:06:35","2022",
"1624","3","信息传输、软件和信息技术服务业","部委政策-财政部办公厅政策数量","1","17/9/2025 11:06:35","21/10/2025 13:26:52","2022",
"1625",,"互联网和相关服务","部委政策-财政部办公厅政策数量","1","17/9/2025 11:06:36","17/9/2025 11:06:36","2022",
"1626",,"电信、广播电视和卫星传输服务","部委政策-财政部办公厅政策数量","1","17/9/2025 11:06:36","17/9/2025 11:06:36","2022",
"1627","1","医药制造业","地方政策-昆明市人民政府大健康发展管理办公室政策数量","1","17/9/2025 11:06:36","21/10/2025 13:26:53","2022",
"1628","30","科学研究和技术服务业","地方政策-昆明市人民政府大健康发展管理办公室政策数量","1","17/9/2025 11:06:36","21/10/2025 13:26:53","2022",
"1629","35","卫生和社会工作","地方政策-昆明市人民政府大健康发展管理办公室政策数量","1","17/9/2025 11:06:36","21/10/2025 13:26:53","2022",
"1630","34","农、林、牧、渔业","地方政策-江西省人民政府政策数量","2","17/9/2025 11:06:36","21/10/2025 13:26:53","2022",
"1631","12","汽车制造业","地方政策-广东省发展和改革委员会政策数量","2","17/9/2025 11:06:36","21/10/2025 13:26:53","2022",
"1632","13","电力、热力、燃气及水生产和供应业","地方政策-广东省发展和改革委员会政策数量","2","17/9/2025 11:06:36","21/10/2025 13:26:53","2022",
"1633","17","交通运输、仓储和邮政业","地方政策-广东省发展和改革委员会政策数量","2","17/9/2025 11:06:36","21/10/2025 13:26:53","2022",
"1634","12","汽车制造业","地方政策-广东省科学技术厅政策数量","1","17/9/2025 11:06:36","21/10/2025 13:26:53","2022",
"1635","13","电力、热力、燃气及水生产和供应业","地方政策-广东省科学技术厅政策数量","1","17/9/2025 11:06:36","21/10/2025 13:26:53","2022",
"1636","17","交通运输、仓储和邮政业","地方政策-广东省科学技术厅政策数量","1","17/9/2025 11:06:36","21/10/2025 13:26:53","2022",
"1637","12","汽车制造业","地方政策-广东省工业和信息化厅政策数量","2","17/9/2025 11:06:36","21/10/2025 13:26:53","2022",
"1638","13","电力、热力、燃气及水生产和供应业","地方政策-广东省工业和信息化厅政策数量","2","17/9/2025 11:06:36","21/10/2025 13:26:53","2022",
"1639","17","交通运输、仓储和邮政业","地方政策-广东省工业和信息化厅政策数量","2","17/9/2025 11:06:37","21/10/2025 13:26:53","2022",
"1640","12","汽车制造业","地方政策-广东省财政厅政策数量","1","17/9/2025 11:06:37","21/10/2025 13:26:53","2022",
"1641","13","电力、热力、燃气及水生产和供应业","地方政策-广东省财政厅政策数量","1","17/9/2025 11:06:37","21/10/2025 13:26:53","2022",
"1642","17","交通运输、仓储和邮政业","地方政策-广东省财政厅政策数量","1","17/9/2025 11:06:37","21/10/2025 13:26:53","2022",
"1643","12","汽车制造业","地方政策-广东省住房和城乡建设厅政策数量","1","17/9/2025 11:06:37","21/10/2025 13:26:53","2022",
"1644","13","电力、热力、燃气及水生产和供应业","地方政策-广东省住房和城乡建设厅政策数量","1","17/9/2025 11:06:37","21/10/2025 13:26:53","2022",
"1645","17","交通运输、仓储和邮政业","地方政策-广东省住房和城乡建设厅政策数量","1","17/9/2025 11:06:37","21/10/2025 13:26:53","2022",
"1646","12","汽车制造业","地方政策-广东省应急管理厅政策数量","1","17/9/2025 11:06:37","21/10/2025 13:26:53","2022",
"1647","13","电力、热力、燃气及水生产和供应业","地方政策-广东省应急管理厅政策数量","1","17/9/2025 11:06:37","21/10/2025 13:26:53","2022",
"1648","17","交通运输、仓储和邮政业","地方政策-广东省应急管理厅政策数量","1","17/9/2025 11:06:37","21/10/2025 13:26:53","2022",
"1649","12","汽车制造业","地方政策-广东省市场监督管理局政策数量","1","17/9/2025 11:06:37","21/10/2025 13:26:53","2022",
"1650","13","电力、热力、燃气及水生产和供应业","地方政策-广东省市场监督管理局政策数量","1","17/9/2025 11:06:37","21/10/2025 13:26:53","2022",
"1651","17","交通运输、仓储和邮政业","地方政策-广东省市场监督管理局政策数量","1","17/9/2025 11:06:37","21/10/2025 13:26:53","2022",
"1652","12","汽车制造业","地方政策-广东省能源局政策数量","2","17/9/2025 11:06:37","21/10/2025 13:26:53","2022",
"1653","13","电力、热力、燃气及水生产和供应业","地方政策-广东省能源局政策数量","2","17/9/2025 11:06:37","21/10/2025 13:26:53","2022",
"1654","17","交通运输、仓储和邮政业","地方政策-广东省能源局政策数量","2","17/9/2025 11:06:37","21/10/2025 13:26:53","2022",
"1655","13","电力、热力、燃气及水生产和供应业","地方政策-重庆市人民政府办公厅政策数量","2","17/9/2025 11:06:37","21/10/2025 13:26:53","2022",
"1656","13","电力、热力、燃气及水生产和供应业","地方政策-四川省人民政府办公厅政策数量","3","17/9/2025 11:06:38","21/10/2025 13:26:53","2022",
"1657",,"制造业","地方政策-陕西省工业和信息化厅政策数量","1","17/9/2025 11:06:38","17/9/2025 11:06:38","2022",
"1658",,"制造业","地方政策-陕西省科学技术厅政策数量","1","17/9/2025 11:06:38","17/9/2025 11:06:38","2022",
"1659",,"制造业","地方政策-陕西省财政厅政策数量","1","17/9/2025 11:06:38","17/9/2025 11:06:38","2022",
"1660",,"制造业","地方政策-陕西省商务厅政策数量","1","17/9/2025 11:06:38","17/9/2025 11:06:38","2022",
"1661",,"制造业","地方政策-陕西省人民政府国有资产监督管理委员会政策数量","1","17/9/2025 11:06:38","17/9/2025 11:06:38","2022",
"1662",,"制造业","地方政策-中国证券监督管理委员会陕西监管局政策数量","1","17/9/2025 11:06:38","17/9/2025 11:06:38","2022",
"1663","38","家具制造业","部委政策-工业和信息化部办公厅政策数量","2","17/9/2025 11:06:38","21/10/2025 13:26:53","2022",
"1664","38","家具制造业","部委政策-住房和城乡建设部办公厅政策数量","1","17/9/2025 11:06:38","21/10/2025 13:26:53","2022",
"1665","38","家具制造业","部委政策-商务部办公厅政策数量","1","17/9/2025 11:06:38","21/10/2025 13:26:53","2022",
"1666","38","家具制造业","部委政策-市场监管总局办公厅政策数量","1","17/9/2025 11:06:38","21/10/2025 13:26:53","2022",
"1667","3","信息传输、软件和信息技术服务业","部委政策-科技部政策数量","8","17/9/2025 11:06:39","21/10/2025 13:26:52","2022",
"1668",,"制造业","部委政策-科技部政策数量","1","17/9/2025 11:06:39","17/9/2025 11:06:39","2022",
"1669","7","金融业","部委政策-科技部政策数量","3","17/9/2025 11:06:39","21/10/2025 13:26:52","2022",
"1670","34","农、林、牧、渔业","部委政策-科技部政策数量","2","17/9/2025 11:06:39","21/10/2025 13:26:53","2022",
"1671","35","卫生和社会工作","部委政策-科技部政策数量","2","17/9/2025 11:06:39","21/10/2025 13:26:53","2022",
"1672","31","教育","部委政策-科技部政策数量","2","17/9/2025 11:06:39","21/10/2025 13:26:53","2022",
"1673","33","文化、体育和娱乐业","部委政策-科技部政策数量","1","17/9/2025 11:06:39","21/10/2025 13:26:53","2022",
"1674","3","信息传输、软件和信息技术服务业","部委政策-教育部政策数量","2","17/9/2025 11:06:39","21/10/2025 13:26:52","2022",
"1675","30","科学研究和技术服务业","部委政策-教育部政策数量","7","17/9/2025 11:06:39","21/10/2025 13:26:53","2022",
"1676",,"制造业","部委政策-教育部政策数量","1","17/9/2025 11:06:39","17/9/2025 11:06:39","2022",
"1677","7","金融业","部委政策-教育部政策数量","1","17/9/2025 11:06:39","21/10/2025 13:26:52","2022",
"1678","17","交通运输、仓储和邮政业","部委政策-教育部政策数量","2","17/9/2025 11:06:39","21/10/2025 13:26:53","2022",
"1679","34","农、林、牧、渔业","部委政策-教育部政策数量","2","17/9/2025 11:06:40","21/10/2025 13:26:53","2022",
"1680","35","卫生和社会工作","部委政策-教育部政策数量","2","17/9/2025 11:06:40","21/10/2025 13:26:53","2022",
"1681","31","教育","部委政策-教育部政策数量","2","17/9/2025 11:06:40","21/10/2025 13:26:53","2022",
"1682","28","水利、环境和公共设施管理业","部委政策-教育部政策数量","2","17/9/2025 11:06:40","21/10/2025 13:26:52","2022",
"1683","33","文化、体育和娱乐业","部委政策-教育部政策数量","2","17/9/2025 11:06:40","21/10/2025 13:26:53","2022",
"1684",,"制造业","部委政策-工业和信息化部政策数量","2","17/9/2025 11:06:40","17/9/2025 11:06:40","2022",
"1685","7","金融业","部委政策-工业和信息化部政策数量","4","17/9/2025 11:06:40","21/10/2025 13:26:52","2022",
"1686","34","农、林、牧、渔业","部委政策-工业和信息化部政策数量","5","17/9/2025 11:06:40","21/10/2025 13:26:53","2022",
"1687","35","卫生和社会工作","部委政策-工业和信息化部政策数量","3","17/9/2025 11:06:40","21/10/2025 13:26:53","2022",
"1688","31","教育","部委政策-工业和信息化部政策数量","2","17/9/2025 11:06:40","21/10/2025 13:26:53","2022",
"1689","33","文化、体育和娱乐业","部委政策-工业和信息化部政策数量","2","17/9/2025 11:06:40","21/10/2025 13:26:53","2022",
"1690","3","信息传输、软件和信息技术服务业","部委政策-交通运输部政策数量","1","17/9/2025 11:06:40","21/10/2025 13:26:52","2022",
"1691",,"制造业","部委政策-交通运输部政策数量","2","17/9/2025 11:06:40","17/9/2025 11:06:40","2022",
"1692","7","金融业","部委政策-交通运输部政策数量","2","17/9/2025 11:06:40","21/10/2025 13:26:52","2022",
"1693","34","农、林、牧、渔业","部委政策-交通运输部政策数量","3","17/9/2025 11:06:40","21/10/2025 13:26:53","2022",
"1694","35","卫生和社会工作","部委政策-交通运输部政策数量","1","17/9/2025 11:06:40","21/10/2025 13:26:53","2022",
"1695","31","教育","部委政策-交通运输部政策数量","1","17/9/2025 11:06:40","21/10/2025 13:26:53","2022",
"1696","33","文化、体育和娱乐业","部委政策-交通运输部政策数量","1","17/9/2025 11:06:41","21/10/2025 13:26:53","2022",
"1697","30","科学研究和技术服务业","部委政策-农业农村部政策数量","2","17/9/2025 11:06:41","21/10/2025 13:26:53","2022",
"1698",,"制造业","部委政策-农业农村部政策数量","1","17/9/2025 11:06:41","17/9/2025 11:06:41","2022",
"1699","7","金融业","部委政策-农业农村部政策数量","1","17/9/2025 11:06:41","21/10/2025 13:26:52","2022",
"1700","17","交通运输、仓储和邮政业","部委政策-农业农村部政策数量","5","17/9/2025 11:06:41","21/10/2025 13:26:53","2022",
"1701","35","卫生和社会工作","部委政策-农业农村部政策数量","1","17/9/2025 11:06:41","21/10/2025 13:26:53","2022",
"1702","31","教育","部委政策-农业农村部政策数量","1","17/9/2025 11:06:41","21/10/2025 13:26:53","2022",
"1703","28","水利、环境和公共设施管理业","部委政策-农业农村部政策数量","2","17/9/2025 11:06:41","21/10/2025 13:26:52","2022",
"1704","33","文化、体育和娱乐业","部委政策-农业农村部政策数量","1","17/9/2025 11:06:41","21/10/2025 13:26:53","2022",
"1705","3","信息传输、软件和信息技术服务业","部委政策-国家卫生健康委政策数量","1","17/9/2025 11:06:41","21/10/2025 13:26:52","2022",
"1706","30","科学研究和技术服务业","部委政策-国家卫生健康委政策数量","3","17/9/2025 11:06:41","21/10/2025 13:26:53","2022",
"1707",,"制造业","部委政策-国家卫生健康委政策数量","1","17/9/2025 11:06:41","17/9/2025 11:06:41","2022",
"1708","7","金融业","部委政策-国家卫生健康委政策数量","1","17/9/2025 11:06:41","21/10/2025 13:26:52","2022",
"1709","17","交通运输、仓储和邮政业","部委政策-国家卫生健康委政策数量","1","17/9/2025 11:06:42","21/10/2025 13:26:53","2022",
"1710","34","农、林、牧、渔业","部委政策-国家卫生健康委政策数量","2","17/9/2025 11:06:42","21/10/2025 13:26:53","2022",
"1711","35","卫生和社会工作","部委政策-国家卫生健康委政策数量","3","17/9/2025 11:06:42","21/10/2025 13:26:53","2022",
"1712","31","教育","部委政策-国家卫生健康委政策数量","2","17/9/2025 11:06:42","21/10/2025 13:26:53","2022",
"1713","28","水利、环境和公共设施管理业","部委政策-国家卫生健康委政策数量","2","17/9/2025 11:06:42","21/10/2025 13:26:52","2022",
"1714","33","文化、体育和娱乐业","部委政策-国家卫生健康委政策数量","1","17/9/2025 11:06:42","21/10/2025 13:26:53","2022",
"1715","31","教育","部委政策-学位管理与研究生教育司政策数量","1","17/9/2025 11:06:42","21/10/2025 13:26:53","2022",
"1716","1","医药制造业","地方政策-河南省发展和改革委员会政策数量","1","17/9/2025 11:06:42","21/10/2025 13:26:53","2022",
"1717","3","信息传输、软件和信息技术服务业","地方政策-安徽省经济和信息化厅政策数量","1","17/9/2025 11:06:42","21/10/2025 13:26:52","2022",
"1718",,"互联网和相关服务","地方政策-安徽省经济和信息化厅政策数量","1","17/9/2025 11:06:43","17/9/2025 11:06:43","2022",
"1719","21","通信传输设备业","地方政策-安徽省经济和信息化厅政策数量","1","17/9/2025 11:06:43","21/10/2025 13:26:53","2022",
"1720","3","信息传输、软件和信息技术服务业","地方政策-湖北省人民政府办公厅政策数量","1","17/9/2025 11:06:43","21/10/2025 13:26:52","2022",
"1721","21","通信传输设备业","地方政策-湖北省人民政府办公厅政策数量","1","17/9/2025 11:06:43","21/10/2025 13:26:53","2022",
"1722","30","科学研究和技术服务业","地方政策-湖北省人民政府办公厅政策数量","1","17/9/2025 11:06:43","21/10/2025 13:26:53","2022",
"1723","17","交通运输、仓储和邮政业","地方政策-北京市城市管理委员会政策数量","1","17/9/2025 11:06:43","21/10/2025 13:26:53","2022",
"1724","13","电力、热力、燃气及水生产和供应业","地方政策-北京市城市管理委员会政策数量","1","17/9/2025 11:06:43","21/10/2025 13:26:53","2022",
"1725","28","水利、环境和公共设施管理业","地方政策-河南省人民政府办公厅政策数量","1","17/9/2025 11:06:43","21/10/2025 13:26:52","2022",
"1726","3","信息传输、软件和信息技术服务业","地方政策-河南省人民政府办公厅政策数量","4","17/9/2025 11:06:43","21/10/2025 13:26:52","2022",
"1727","7","金融业","地方政策-河南省人民政府办公厅政策数量","2","17/9/2025 11:06:43","21/10/2025 13:26:52","2022",
"1728","31","教育","地方政策-河南省人民政府办公厅政策数量","2","17/9/2025 11:06:43","21/10/2025 13:26:53","2022",
"1729","35","卫生和社会工作","地方政策-河南省人民政府办公厅政策数量","1","17/9/2025 11:06:43","21/10/2025 13:26:53","2022",
"1730","33","文化、体育和娱乐业","地方政策-河南省人民政府办公厅政策数量","2","17/9/2025 11:06:44","21/10/2025 13:26:53","2022",
"1731","34","农、林、牧、渔业","地方政策-河南省人民政府办公厅政策数量","3","17/9/2025 11:06:44","21/10/2025 13:26:53","2022",
"1732","16","建筑业","地方政策-河南省人民政府办公厅政策数量","1","17/9/2025 11:06:44","21/10/2025 13:26:53","2022",
"1733","14","采矿业","地方政策-河南省人民政府办公厅政策数量","1","17/9/2025 11:06:44","21/10/2025 13:26:53","2022",
"1734",,"制造业","地方政策-河南省人民政府办公厅政策数量","1","17/9/2025 11:06:44","17/9/2025 11:06:44","2022",
"1735","30","科学研究和技术服务业","部委政策-自然科学基金委政策数量","1","17/9/2025 11:06:44","21/10/2025 13:26:53","2022",
"1736","3","信息传输、软件和信息技术服务业","部委政策-四川省发展和改革委员会政策数量","1","17/9/2025 11:06:44","21/10/2025 13:26:52","2022",
"1737",,"互联网和相关服务","部委政策-四川省发展和改革委员会政策数量","1","17/9/2025 11:06:44","17/9/2025 11:06:44","2022",
"1738",,"电信、广播电视和卫星传输服务","部委政策-四川省发展和改革委员会政策数量","1","17/9/2025 11:06:44","17/9/2025 11:06:44","2022",
"1739","3","信息传输、软件和信息技术服务业","部委政策-中共四川省委网络安全和信息化委员会办公室政策数量","1","17/9/2025 11:06:44","21/10/2025 13:26:52","2022",
"1740",,"互联网和相关服务","部委政策-中共四川省委网络安全和信息化委员会办公室政策数量","1","17/9/2025 11:06:44","17/9/2025 11:06:44","2022",
"1741",,"电信、广播电视和卫星传输服务","部委政策-中共四川省委网络安全和信息化委员会办公室政策数量","1","17/9/2025 11:06:44","17/9/2025 11:06:44","2022",
"1742","3","信息传输、软件和信息技术服务业","部委政策-四川省经济和信息化厅政策数量","1","17/9/2025 11:06:44","21/10/2025 13:26:52","2022",
"1743",,"互联网和相关服务","部委政策-四川省经济和信息化厅政策数量","1","17/9/2025 11:06:45","17/9/2025 11:06:45","2022",
"1744",,"电信、广播电视和卫星传输服务","部委政策-四川省经济和信息化厅政策数量","1","17/9/2025 11:06:45","17/9/2025 11:06:45","2022",
"1745","3","信息传输、软件和信息技术服务业","部委政策-四川省能源局政策数量","1","17/9/2025 11:06:45","21/10/2025 13:26:52","2022",
"1746",,"互联网和相关服务","部委政策-四川省能源局政策数量","1","17/9/2025 11:06:45","17/9/2025 11:06:45","2022",
"1747",,"电信、广播电视和卫星传输服务","部委政策-四川省能源局政策数量","1","17/9/2025 11:06:45","17/9/2025 11:06:45","2022",
"1748","3","信息传输、软件和信息技术服务业","部委政策-四川省通信管理局政策数量","1","17/9/2025 11:06:45","21/10/2025 13:26:52","2022",
"1749",,"互联网和相关服务","部委政策-四川省通信管理局政策数量","1","17/9/2025 11:06:45","17/9/2025 11:06:45","2022",
"1750",,"电信、广播电视和卫星传输服务","部委政策-四川省通信管理局政策数量","1","17/9/2025 11:06:45","17/9/2025 11:06:45","2022",
"1751","3","信息传输、软件和信息技术服务业","部委政策-四川省大数据中心政策数量","1","17/9/2025 11:06:45","21/10/2025 13:26:52","2022",
"1752",,"互联网和相关服务","部委政策-四川省大数据中心政策数量","1","17/9/2025 11:06:45","17/9/2025 11:06:45","2022",
"1753",,"电信、广播电视和卫星传输服务","部委政策-四川省大数据中心政策数量","1","17/9/2025 11:06:45","17/9/2025 11:06:45","2022",
"1754","3","信息传输、软件和信息技术服务业","地方政策-上海市经济和信息化委员会政策数量","3","17/9/2025 11:06:45","21/10/2025 13:26:52","2022",
"1755","1","医药制造业","地方政策-上海市经济和信息化委员会政策数量","3","17/9/2025 11:06:45","21/10/2025 13:26:53","2022",
"1756","12","汽车制造业","地方政策-上海市经济和信息化委员会政策数量","2","17/9/2025 11:06:45","21/10/2025 13:26:53","2022",
"1757","5","专用设备制造业","地方政策-上海市经济和信息化委员会政策数量","2","17/9/2025 11:06:45","21/10/2025 13:26:53","2022",
"1758","18","通用设备制造业","地方政策-上海市经济和信息化委员会政策数量","2","17/9/2025 11:06:45","21/10/2025 13:26:53","2022",
"1759","27","铁路、船舶、航空航天和其他运输设备制造业","地方政策-上海市经济和信息化委员会政策数量","1","17/9/2025 11:06:45","21/10/2025 13:26:53","2022",
"1760","32","仪器仪表制造业","地方政策-上海市经济和信息化委员会政策数量","1","17/9/2025 11:06:46","21/10/2025 13:26:53","2022",
"1761","2","化学原料和化学制品制造业","地方政策-上海市经济和信息化委员会政策数量","2","17/9/2025 11:06:46","21/10/2025 13:26:53","2022",
"1762","22","非金属矿物制品业","地方政策-上海市经济和信息化委员会政策数量","1","17/9/2025 11:06:46","21/10/2025 13:26:53","2022",
"1763","29","金属冶炼和压延加工业","地方政策-上海市经济和信息化委员会政策数量","2","17/9/2025 11:06:46","21/10/2025 13:26:53","2022",
"1764","26","金属制品业","地方政策-上海市经济和信息化委员会政策数量","1","17/9/2025 11:06:46","21/10/2025 13:26:53","2022",
"1765","23","橡胶和塑料制品业","地方政策-上海市经济和信息化委员会政策数量","1","17/9/2025 11:06:46","21/10/2025 13:26:53","2022",
"1766","43","化学纤维制造业","地方政策-上海市经济和信息化委员会政策数量","1","17/9/2025 11:06:46","21/10/2025 13:26:53","2022",
"1767","15","纺织鞋服业","地方政策-上海市经济和信息化委员会政策数量","1","17/9/2025 11:06:46","21/10/2025 13:26:53","2022",
"1768","38","家具制造业","地方政策-上海市经济和信息化委员会政策数量","1","17/9/2025 11:06:46","21/10/2025 13:26:53","2022",
"1769","36","造纸和纸制品业","地方政策-上海市经济和信息化委员会政策数量","1","17/9/2025 11:06:46","21/10/2025 13:26:53","2022",
"1770","41","文教、工美、体育和娱乐用品制造业","地方政策-上海市经济和信息化委员会政策数量","1","17/9/2025 11:06:46","21/10/2025 13:26:53","2022",
"1771","45","石油加工、炼焦和核燃料加工业","地方政策-上海市经济和信息化委员会政策数量","2","17/9/2025 11:06:46","21/10/2025 13:26:53","2022",
"1772","13","电力、热力、燃气及水生产和供应业","地方政策-上海市经济和信息化委员会政策数量","5","17/9/2025 11:06:46","21/10/2025 13:26:53","2022",
"1773","25","其他制造业","地方政策-上海市经济和信息化委员会政策数量","1","17/9/2025 11:06:46","21/10/2025 13:26:53","2022",
"1774","17","交通运输、仓储和邮政业","地方政策-河南省人民政府政策数量","1","17/9/2025 11:06:46","21/10/2025 13:26:53","2022",
"1775","3","信息传输、软件和信息技术服务业","地方政策-深圳市科技创新委员会政策数量","3","17/9/2025 11:06:47","21/10/2025 13:26:52","2022",
"1776","30","科学研究和技术服务业","地方政策-深圳市科技创新委员会政策数量","5","17/9/2025 11:06:47","21/10/2025 13:26:53","2022",
"1777",,"互联网和相关服务","地方政策-深圳市科技创新委员会政策数量","1","17/9/2025 11:06:47","17/9/2025 11:06:47","2022",
"1778","21","通信传输设备业","地方政策-深圳市科技创新委员会政策数量","1","17/9/2025 11:06:47","21/10/2025 13:26:53","2022",
"1779","19","半导体业","地方政策-深圳市科技创新委员会政策数量","1","17/9/2025 11:06:47","21/10/2025 13:26:53","2022",
"1780","5","专用设备制造业","地方政策-福建省工业和信息化厅政策数量","1","17/9/2025 11:06:47","21/10/2025 13:26:53","2022",
"1781","18","通用设备制造业","地方政策-福建省工业和信息化厅政策数量","1","17/9/2025 11:06:47","21/10/2025 13:26:53","2022",
"1782","32","仪器仪表制造业","地方政策-福建省工业和信息化厅政策数量","1","17/9/2025 11:06:47","21/10/2025 13:26:53","2022",
"1783","12","汽车制造业","地方政策-福建省工业和信息化厅政策数量","1","17/9/2025 11:06:47","21/10/2025 13:26:53","2022",
"1784","27","铁路、船舶、航空航天和其他运输设备制造业","地方政策-福建省工业和信息化厅政策数量","1","17/9/2025 11:06:47","21/10/2025 13:26:53","2022",
"1785","21","通信传输设备业","地方政策-福建省工业和信息化厅政策数量","1","17/9/2025 11:06:48","21/10/2025 13:26:53","2022",
"1786","19","半导体业","地方政策-福建省工业和信息化厅政策数量","1","17/9/2025 11:06:48","21/10/2025 13:26:53","2022",
"1787","25","其他制造业","地方政策-福建省工业和信息化厅政策数量","1","17/9/2025 11:06:48","21/10/2025 13:26:53","2022",
"1788","30","科学研究和技术服务业","部委政策-科学技术部政策数量","1","17/9/2025 11:06:48","21/10/2025 13:26:53","2022",
"1789","30","科学研究和技术服务业","部委政策-人力资源和社会保障部政策数量","1","17/9/2025 11:06:48","21/10/2025 13:26:53","2022",
"1790","30","科学研究和技术服务业","部委政策-国务院国有资产监督管理委员会政策数量","1","17/9/2025 11:06:48","21/10/2025 13:26:53","2022",
"1791","30","科学研究和技术服务业","部委政策-中国科学院政策数量","1","17/9/2025 11:06:48","21/10/2025 13:26:53","2022",
"1792","19","半导体业","地方政策-横琴粤澳深度合作区执行委员会政策数量","1","17/9/2025 11:06:48","21/10/2025 13:26:53","2022",
"1793","3","信息传输、软件和信息技术服务业","地方政策-安徽省人民政府政策数量","2","17/9/2025 11:06:48","21/10/2025 13:26:52","2022",
"1794","30","科学研究和技术服务业","地方政策-安徽省人民政府政策数量","3","17/9/2025 11:06:48","21/10/2025 13:26:53","2022",
"1795","30","科学研究和技术服务业","地方政策-山东省教育厅政策数量","1","17/9/2025 11:06:48","21/10/2025 13:26:53","2022",
"1796","3","信息传输、软件和信息技术服务业","国务院政策-国家知识产权局政策数量","1","17/9/2025 11:06:48","21/10/2025 13:26:52","2022",
"1797","30","科学研究和技术服务业","国务院政策-国家知识产权局政策数量","1","17/9/2025 11:06:48","21/10/2025 13:26:53","2022",
"1798","13","电力、热力、燃气及水生产和供应业","地方政策-上海市人民政府政策数量","2","17/9/2025 11:06:48","21/10/2025 13:26:53","2022",
"1799","29","金属冶炼和压延加工业","地方政策-上海市人民政府政策数量","2","17/9/2025 11:06:48","21/10/2025 13:26:53","2022",
"1800","45","石油加工、炼焦和核燃料加工业","地方政策-上海市人民政府政策数量","2","17/9/2025 11:06:48","21/10/2025 13:26:53","2022",
"1801","17","交通运输、仓储和邮政业","地方政策-上海市人民政府政策数量","2","17/9/2025 11:06:48","21/10/2025 13:26:53","2022",
"1802","16","建筑业","地方政策-上海市人民政府政策数量","1","17/9/2025 11:06:48","21/10/2025 13:26:53","2022",
"1803","3","信息传输、软件和信息技术服务业","地方政策-上海市人民政府政策数量","5","17/9/2025 11:06:49","21/10/2025 13:26:52","2022",
"1804","30","科学研究和技术服务业","地方政策-上海市人民政府政策数量","4","17/9/2025 11:06:49","21/10/2025 13:26:53","2022",
"1805","28","水利、环境和公共设施管理业","地方政策-上海市人民政府政策数量","1","17/9/2025 11:06:49","21/10/2025 13:26:52","2022",
"1806","34","农、林、牧、渔业","地方政策-上海市人民政府政策数量","2","17/9/2025 11:06:49","21/10/2025 13:26:53","2022",
"1807","7","金融业","地方政策-上海市人民政府政策数量","2","17/9/2025 11:06:49","21/10/2025 13:26:52","2022",
"1808","22","非金属矿物制品业","地方政策-河南省人民政府办公厅政策数量","1","17/9/2025 11:06:49","21/10/2025 13:26:53","2022",
"1809","29","金属冶炼和压延加工业","地方政策-河南省人民政府办公厅政策数量","1","17/9/2025 11:06:49","21/10/2025 13:26:53","2022",
"1810","1","医药制造业","地方政策-河南省人民政府办公厅政策数量","2","17/9/2025 11:06:49","21/10/2025 13:26:53","2022",
"1811","27","铁路、船舶、航空航天和其他运输设备制造业","地方政策-河南省人民政府办公厅政策数量","1","17/9/2025 11:06:49","21/10/2025 13:26:53","2022",
"1812","1","医药制造业","地方政策-江西省人民政府办公厅政策数量","1","17/9/2025 11:06:49","21/10/2025 13:26:53","2022",
"1813","3","信息传输、软件和信息技术服务业","地方政策-江西省人民政府办公厅政策数量","1","17/9/2025 11:06:49","21/10/2025 13:26:52","2022",
"1814","5","专用设备制造业","地方政策-江西省人民政府办公厅政策数量","1","17/9/2025 11:06:49","21/10/2025 13:26:53","2022",
"1815","6","消费电子及电气业","地方政策-江西省人民政府办公厅政策数量","1","17/9/2025 11:06:49","21/10/2025 13:26:53","2022",
"1816","8","商业电气机械和器材制造业","地方政策-江西省人民政府办公厅政策数量","1","17/9/2025 11:06:49","21/10/2025 13:26:53","2022",
"1817","12","汽车制造业","地方政策-江西省人民政府办公厅政策数量","1","17/9/2025 11:06:49","21/10/2025 13:26:53","2022",
"1818","18","通用设备制造业","地方政策-江西省人民政府办公厅政策数量","1","17/9/2025 11:06:50","21/10/2025 13:26:53","2022",
"1819","19","半导体业","地方政策-江西省人民政府办公厅政策数量","1","17/9/2025 11:06:50","21/10/2025 13:26:53","2022",
"1820","21","通信传输设备业","地方政策-江西省人民政府办公厅政策数量","1","17/9/2025 11:06:50","21/10/2025 13:26:53","2022",
"1821","27","铁路、船舶、航空航天和其他运输设备制造业","地方政策-江西省人民政府办公厅政策数量","1","17/9/2025 11:06:50","21/10/2025 13:26:53","2022",
"1822","32","仪器仪表制造业","地方政策-江西省人民政府办公厅政策数量","1","17/9/2025 11:06:50","21/10/2025 13:26:53","2022",
"1823","1","医药制造业","地方政策-深圳市发展和改革委员会政策数量","1","17/9/2025 11:06:50","21/10/2025 13:26:53","2022",
"1824","5","专用设备制造业","地方政策-深圳市发展和改革委员会政策数量","1","17/9/2025 11:06:50","21/10/2025 13:26:53","2022",
"1825","3","信息传输、软件和信息技术服务业","地方政策-重庆市人民政府办公厅政策数量","4","17/9/2025 11:06:50","21/10/2025 13:26:52","2022",
"1826",,"互联网和相关服务","地方政策-重庆市人民政府办公厅政策数量","2","17/9/2025 11:06:50","17/9/2025 11:06:50","2022",
"1827",,"电信、广播电视和卫星传输服务","地方政策-重庆市人民政府办公厅政策数量","2","17/9/2025 11:06:50","17/9/2025 11:06:50","2022",
"1828","3","信息传输、软件和信息技术服务业","地方政策-重庆市经济和信息化委员会政策数量","2","17/9/2025 11:06:50","21/10/2025 13:26:52","2022",
"1829","12","汽车制造业","地方政策-重庆市经济和信息化委员会政策数量","2","17/9/2025 11:06:50","21/10/2025 13:26:53","2022",
"1830","18","通用设备制造业","地方政策-重庆市经济和信息化委员会政策数量","1","17/9/2025 11:06:50","21/10/2025 13:26:53","2022",
"1831","5","专用设备制造业","地方政策-重庆市经济和信息化委员会政策数量","1","17/9/2025 11:06:50","21/10/2025 13:26:53","2022",
"1832","27","铁路、船舶、航空航天和其他运输设备制造业","地方政策-重庆市经济和信息化委员会政策数量","1","17/9/2025 11:06:50","21/10/2025 13:26:53","2022",
"1833","32","仪器仪表制造业","地方政策-重庆市经济和信息化委员会政策数量","1","17/9/2025 11:06:50","21/10/2025 13:26:53","2022",
"1834","21","通信传输设备业","地方政策-重庆市经济和信息化委员会政策数量","2","17/9/2025 11:06:50","21/10/2025 13:26:53","2022",
"1835","19","半导体业","地方政策-重庆市经济和信息化委员会政策数量","1","17/9/2025 11:06:50","21/10/2025 13:26:53","2022",
"1836","6","消费电子及电气业","地方政策-重庆市经济和信息化委员会政策数量","1","17/9/2025 11:06:50","21/10/2025 13:26:53","2022",
"1837","8","商业电气机械和器材制造业","地方政策-重庆市经济和信息化委员会政策数量","1","17/9/2025 11:06:50","21/10/2025 13:26:53","2022",
"1838","25","其他制造业","地方政策-重庆市经济和信息化委员会政策数量","1","17/9/2025 11:06:50","21/10/2025 13:26:53","2022",
"1839","17","交通运输、仓储和邮政业","地方政策-南京市财政局政策数量","1","17/9/2025 11:06:51","21/10/2025 13:26:53","2022",
"1840","17","交通运输、仓储和邮政业","地方政策-南京市交通运输局政策数量","1","17/9/2025 11:06:51","21/10/2025 13:26:53","2022",
"1841",,"互联网和相关服务","地方政策-重庆市经济和信息化委员会政策数量","1","17/9/2025 11:06:51","17/9/2025 11:06:51","2022",
"1842","12","汽车制造业","地方政策-广州市人民政府政策数量","1","17/9/2025 11:06:51","21/10/2025 13:26:53","2022",
"1843","13","电力、热力、燃气及水生产和供应业","地方政策-自治区人民政府办公厅政策数量","2","17/9/2025 11:06:51","21/10/2025 13:26:53","2022",
"1844","14","采矿业","地方政策-自治区人民政府办公厅政策数量","1","17/9/2025 11:06:51","21/10/2025 13:26:53","2022",
"1845","2","化学原料和化学制品制造业","地方政策-自治区人民政府办公厅政策数量","1","17/9/2025 11:06:51","21/10/2025 13:26:53","2022",
"1846","29","金属冶炼和压延加工业","地方政策-自治区人民政府办公厅政策数量","1","17/9/2025 11:06:51","21/10/2025 13:26:53","2022",
"1847","3","信息传输、软件和信息技术服务业","地方政策-自治区人民政府办公厅政策数量","1","17/9/2025 11:06:51","21/10/2025 13:26:52","2022",
"1848","34","农、林、牧、渔业","地方政策-自治区人民政府办公厅政策数量","1","17/9/2025 11:06:51","21/10/2025 13:26:53","2022",
"1849","30","科学研究和技术服务业","地方政策-自治区人民政府办公厅政策数量","1","17/9/2025 11:06:51","21/10/2025 13:26:53","2022",
"1850","17","交通运输、仓储和邮政业","地方政策-自治区人民政府办公厅政策数量","1","17/9/2025 11:06:51","21/10/2025 13:26:53","2022",
"1851","9","批发和零售业","地方政策-自治区人民政府办公厅政策数量","1","17/9/2025 11:06:51","21/10/2025 13:26:53","2022",
"1852","7","金融业","地方政策-自治区人民政府办公厅政策数量","1","17/9/2025 11:06:51","21/10/2025 13:26:52","2022",
"1853","28","水利、环境和公共设施管理业","地方政策-自治区人民政府办公厅政策数量","1","17/9/2025 11:06:51","21/10/2025 13:26:52","2022",
"1854","25","其他制造业","地方政策-自治区人民政府办公厅政策数量","1","17/9/2025 11:06:51","21/10/2025 13:26:53","2022",
"1855",,"互联网和相关服务","地方政策-上海市经济和信息化委员会政策数量","1","17/9/2025 11:06:51","17/9/2025 11:06:51","2022",
"1856",,"电信、广播电视和卫星传输服务","地方政策-上海市经济和信息化委员会政策数量","1","17/9/2025 11:06:51","17/9/2025 11:06:51","2022",
"1857","3","信息传输、软件和信息技术服务业","地方政策-上海市发展和改革委员会政策数量","2","17/9/2025 11:06:51","21/10/2025 13:26:52","2022",
"1858",,"互联网和相关服务","地方政策-上海市发展和改革委员会政策数量","1","17/9/2025 11:06:51","17/9/2025 11:06:51","2022",
"1859",,"电信、广播电视和卫星传输服务","地方政策-上海市发展和改革委员会政策数量","1","17/9/2025 11:06:52","17/9/2025 11:06:52","2022",
"1860","3","信息传输、软件和信息技术服务业","地方政策-福建省教育厅政策数量","1","17/9/2025 11:06:52","21/10/2025 13:26:52","2022",
"1861",,"互联网和相关服务","地方政策-福建省教育厅政策数量","1","17/9/2025 11:06:52","17/9/2025 11:06:52","2022",
"1862","30","科学研究和技术服务业","地方政策-福建省教育厅政策数量","1","17/9/2025 11:06:52","21/10/2025 13:26:53","2022",
"1863","33","文化、体育和娱乐业","地方政策-福建省教育厅政策数量","1","17/9/2025 11:06:52","21/10/2025 13:26:53","2022",
"1864","34","农、林、牧、渔业","地方政策-福建省教育厅政策数量","1","17/9/2025 11:06:52","21/10/2025 13:26:53","2022",
"1865","28","水利、环境和公共设施管理业","地方政策-福建省教育厅政策数量","1","17/9/2025 11:06:52","21/10/2025 13:26:52","2022",
"1866","3","信息传输、软件和信息技术服务业","地方政策-福建省发展和改革委员会政策数量","1","17/9/2025 11:06:52","21/10/2025 13:26:52","2022",
"1867",,"互联网和相关服务","地方政策-福建省发展和改革委员会政策数量","1","17/9/2025 11:06:52","17/9/2025 11:06:52","2022",
"1868","30","科学研究和技术服务业","地方政策-福建省发展和改革委员会政策数量","1","17/9/2025 11:06:52","21/10/2025 13:26:53","2022",
"1869","33","文化、体育和娱乐业","地方政策-福建省发展和改革委员会政策数量","1","17/9/2025 11:06:52","21/10/2025 13:26:53","2022",
"1870","34","农、林、牧、渔业","地方政策-福建省发展和改革委员会政策数量","1","17/9/2025 11:06:52","21/10/2025 13:26:53","2022",
"1871","28","水利、环境和公共设施管理业","地方政策-福建省发展和改革委员会政策数量","1","17/9/2025 11:06:52","21/10/2025 13:26:52","2022",
"1872","3","信息传输、软件和信息技术服务业","地方政策-福建省科学技术厅政策数量","1","17/9/2025 11:06:52","21/10/2025 13:26:52","2022",
"1873",,"互联网和相关服务","地方政策-福建省科学技术厅政策数量","1","17/9/2025 11:06:52","17/9/2025 11:06:52","2022",
"1874","30","科学研究和技术服务业","地方政策-福建省科学技术厅政策数量","1","17/9/2025 11:06:52","21/10/2025 13:26:53","2022",
"1875","33","文化、体育和娱乐业","地方政策-福建省科学技术厅政策数量","1","17/9/2025 11:06:52","21/10/2025 13:26:53","2022",
"1876","34","农、林、牧、渔业","地方政策-福建省科学技术厅政策数量","1","17/9/2025 11:06:52","21/10/2025 13:26:53","2022",
"1877","28","水利、环境和公共设施管理业","地方政策-福建省科学技术厅政策数量","1","17/9/2025 11:06:52","21/10/2025 13:26:52","2022",
"1878","3","信息传输、软件和信息技术服务业","地方政策-福建省工业和信息化厅政策数量","2","17/9/2025 11:06:53","21/10/2025 13:26:52","2022",
"1879",,"互联网和相关服务","地方政策-福建省工业和信息化厅政策数量","1","17/9/2025 11:06:53","17/9/2025 11:06:53","2022",
"1880","30","科学研究和技术服务业","地方政策-福建省工业和信息化厅政策数量","1","17/9/2025 11:06:53","21/10/2025 13:26:53","2022",
"1881","33","文化、体育和娱乐业","地方政策-福建省工业和信息化厅政策数量","1","17/9/2025 11:06:53","21/10/2025 13:26:53","2022",
"1882","34","农、林、牧、渔业","地方政策-福建省工业和信息化厅政策数量","1","17/9/2025 11:06:53","21/10/2025 13:26:53","2022",
"1883","28","水利、环境和公共设施管理业","地方政策-福建省工业和信息化厅政策数量","1","17/9/2025 11:06:53","21/10/2025 13:26:52","2022",
"1884","3","信息传输、软件和信息技术服务业","地方政策-福建省财政厅政策数量","1","17/9/2025 11:06:53","21/10/2025 13:26:52","2022",
"1885",,"互联网和相关服务","地方政策-福建省财政厅政策数量","1","17/9/2025 11:06:53","17/9/2025 11:06:53","2022",
"1886","30","科学研究和技术服务业","地方政策-福建省财政厅政策数量","1","17/9/2025 11:06:53","21/10/2025 13:26:53","2022",
"1887","33","文化、体育和娱乐业","地方政策-福建省财政厅政策数量","1","17/9/2025 11:06:53","21/10/2025 13:26:53","2022",
"1888","34","农、林、牧、渔业","地方政策-福建省财政厅政策数量","1","17/9/2025 11:06:53","21/10/2025 13:26:53","2022",
"1889","28","水利、环境和公共设施管理业","地方政策-福建省财政厅政策数量","1","17/9/2025 11:06:53","21/10/2025 13:26:52","2022",
"1890","3","信息传输、软件和信息技术服务业","地方政策-福建省生态环境厅政策数量","1","17/9/2025 11:06:53","21/10/2025 13:26:52","2022",
"1891",,"互联网和相关服务","地方政策-福建省生态环境厅政策数量","1","17/9/2025 11:06:53","17/9/2025 11:06:53","2022",
"1892","30","科学研究和技术服务业","地方政策-福建省生态环境厅政策数量","1","17/9/2025 11:06:53","21/10/2025 13:26:53","2022",
"1893","33","文化、体育和娱乐业","地方政策-福建省生态环境厅政策数量","1","17/9/2025 11:06:53","21/10/2025 13:26:53","2022",
"1894","34","农、林、牧、渔业","地方政策-福建省生态环境厅政策数量","1","17/9/2025 11:06:53","21/10/2025 13:26:53","2022",
"1895","28","水利、环境和公共设施管理业","地方政策-福建省生态环境厅政策数量","1","17/9/2025 11:06:53","21/10/2025 13:26:52","2022",
"1896","3","信息传输、软件和信息技术服务业","地方政策-福建省文化和旅游厅政策数量","1","17/9/2025 11:06:53","21/10/2025 13:26:52","2022",
"1897",,"互联网和相关服务","地方政策-福建省文化和旅游厅政策数量","1","17/9/2025 11:06:53","17/9/2025 11:06:53","2022",
"1898","30","科学研究和技术服务业","地方政策-福建省文化和旅游厅政策数量","1","17/9/2025 11:06:54","21/10/2025 13:26:53","2022",
"1899","33","文化、体育和娱乐业","地方政策-福建省文化和旅游厅政策数量","1","17/9/2025 11:06:54","21/10/2025 13:26:53","2022",
"1900","34","农、林、牧、渔业","地方政策-福建省文化和旅游厅政策数量","1","17/9/2025 11:06:54","21/10/2025 13:26:53","2022",
"1901","28","水利、环境和公共设施管理业","地方政策-福建省文化和旅游厅政策数量","1","17/9/2025 11:06:54","21/10/2025 13:26:52","2022",
"1902","3","信息传输、软件和信息技术服务业","地方政策-福建省海洋与渔业局政策数量","1","17/9/2025 11:06:54","21/10/2025 13:26:52","2022",
"1903",,"互联网和相关服务","地方政策-福建省海洋与渔业局政策数量","1","17/9/2025 11:06:54","17/9/2025 11:06:54","2022",
"1904","30","科学研究和技术服务业","地方政策-福建省海洋与渔业局政策数量","1","17/9/2025 11:06:54","21/10/2025 13:26:53","2022",
"1905","33","文化、体育和娱乐业","地方政策-福建省海洋与渔业局政策数量","1","17/9/2025 11:06:54","21/10/2025 13:26:53","2022",
"1906","34","农、林、牧、渔业","地方政策-福建省海洋与渔业局政策数量","1","17/9/2025 11:06:54","21/10/2025 13:26:53","2022",
"1907","28","水利、环境和公共设施管理业","地方政策-福建省海洋与渔业局政策数量","1","17/9/2025 11:06:54","21/10/2025 13:26:52","2022",
"1908","3","信息传输、软件和信息技术服务业","地方政策-福建省地方金融监督管理局政策数量","1","17/9/2025 11:06:54","21/10/2025 13:26:52","2022",
"1909",,"互联网和相关服务","地方政策-福建省地方金融监督管理局政策数量","1","17/9/2025 11:06:54","17/9/2025 11:06:54","2022",
"1910","30","科学研究和技术服务业","地方政策-福建省地方金融监督管理局政策数量","1","17/9/2025 11:06:54","21/10/2025 13:26:53","2022",
"1911","33","文化、体育和娱乐业","地方政策-福建省地方金融监督管理局政策数量","1","17/9/2025 11:06:54","21/10/2025 13:26:53","2022",
"1912","34","农、林、牧、渔业","地方政策-福建省地方金融监督管理局政策数量","1","17/9/2025 11:06:54","21/10/2025 13:26:53","2022",
"1913","28","水利、环境和公共设施管理业","地方政策-福建省地方金融监督管理局政策数量","1","17/9/2025 11:06:54","21/10/2025 13:26:52","2022",
"1914","3","信息传输、软件和信息技术服务业","地方政策-浙江省数字化改革数字经济组政策数量","1","17/9/2025 11:06:54","21/10/2025 13:26:52","2022",
"1915","13","电力、热力、燃气及水生产和供应业","地方政策-江西省人民政府政策数量","2","17/9/2025 11:06:55","21/10/2025 13:26:53","2022",
"1916","29","金属冶炼和压延加工业","地方政策-江西省人民政府政策数量","1","17/9/2025 11:06:55","21/10/2025 13:26:53","2022",
"1917","22","非金属矿物制品业","地方政策-江西省人民政府政策数量","1","17/9/2025 11:06:55","21/10/2025 13:26:53","2022",
"1918","2","化学原料和化学制品制造业","地方政策-江西省人民政府政策数量","2","17/9/2025 11:06:55","21/10/2025 13:26:53","2022",
"1919","17","交通运输、仓储和邮政业","地方政策-江西省人民政府政策数量","1","17/9/2025 11:06:55","21/10/2025 13:26:53","2022",
"1920","16","建筑业","地方政策-江西省人民政府政策数量","1","17/9/2025 11:06:55","21/10/2025 13:26:53","2022",
"1921","14","采矿业","地方政策-江西省人民政府政策数量","2","17/9/2025 11:06:55","21/10/2025 13:26:53","2022",
"1922","28","水利、环境和公共设施管理业","地方政策-江西省人民政府政策数量","1","17/9/2025 11:06:55","21/10/2025 13:26:52","2022",
"1923","30","科学研究和技术服务业","地方政策-江西省人民政府政策数量","1","17/9/2025 11:06:55","21/10/2025 13:26:53","2022",
"1924","31","教育","地方政策-江西省人民政府政策数量","1","17/9/2025 11:06:55","21/10/2025 13:26:53","2022",
"1925","7","金融业","地方政策-江西省人民政府政策数量","1","17/9/2025 11:06:55","21/10/2025 13:26:52","2022",
"1926","9","批发和零售业","地方政策-江西省人民政府政策数量","1","17/9/2025 11:06:55","21/10/2025 13:26:53","2022",
"1927","3","信息传输、软件和信息技术服务业","地方政策-江西省人民政府政策数量","1","17/9/2025 11:06:55","21/10/2025 13:26:52","2022",
"1928",,"互联网和相关服务","地方政策-江西省人民政府政策数量","1","17/9/2025 11:06:55","17/9/2025 11:06:55","2022",
"1929","20","租赁和商务服务业","地方政策-江西省人民政府政策数量","1","17/9/2025 11:06:55","21/10/2025 13:26:53","2022",
"1930","33","文化、体育和娱乐业","地方政策-江西省人民政府政策数量","1","17/9/2025 11:06:55","21/10/2025 13:26:53","2022",
"1931","35","卫生和社会工作","地方政策-江西省人民政府政策数量","1","17/9/2025 11:06:56","21/10/2025 13:26:53","2022",
"1932","48","居民服务、修理和其他服务业","地方政策-江西省人民政府政策数量","1","17/9/2025 11:06:56","21/10/2025 13:26:53","2022",
"1933","24","综合","地方政策-江西省人民政府政策数量","1","17/9/2025 11:06:56","21/10/2025 13:26:53","2022",
"1934","30","科学研究和技术服务业","地方政策-浙江省科学技术厅办公室政策数量","1","17/9/2025 11:06:56","21/10/2025 13:26:53","2022",
"1935","28","水利、环境和公共设施管理业","地方政策-山东省人民政府办公厅政策数量","1","17/9/2025 11:06:56","21/10/2025 13:26:52","2022",
"1936","17","交通运输、仓储和邮政业","地方政策-贵州省发展和改革委员会政策数量","1","17/9/2025 11:06:56","21/10/2025 13:26:53","2022",
"1937","10","食品饮料业","地方政策-厅数字化与未来产业处政策数量","1","17/9/2025 11:06:56","21/10/2025 13:26:53","2022",
"1938","30","科学研究和技术服务业","地方政策-云南省财政厅政策数量","3","17/9/2025 11:06:56","21/10/2025 13:26:53","2022",
"1939","30","科学研究和技术服务业","地方政策-云南省科学技术厅政策数量","4","17/9/2025 11:06:56","21/10/2025 13:26:53","2022",
"1940","3","信息传输、软件和信息技术服务业","国务院政策-国务院政策数量","3","17/9/2025 11:06:56","21/10/2025 13:26:52","2022",
"1941",,"互联网和相关服务","国务院政策-国务院政策数量","3","17/9/2025 11:06:56","17/9/2025 11:06:56","2022",
"1942",,"电信、广播电视和卫星传输服务","国务院政策-国务院政策数量","1","17/9/2025 11:06:56","17/9/2025 11:06:56","2022",
"1943","13","电力、热力、燃气及水生产和供应业","部委政策-水利部政策数量","2","17/9/2025 11:06:56","21/10/2025 13:26:53","2022",
"1944","28","水利、环境和公共设施管理业","部委政策-水利部政策数量","2","17/9/2025 11:06:56","21/10/2025 13:26:52","2022",
"1945","28","水利、环境和公共设施管理业","部委政策-财政部政策数量","1","17/9/2025 11:06:56","21/10/2025 13:26:52","2022",
"1946","13","电力、热力、燃气及水生产和供应业","地方政策-四川省人民政府政策数量","1","17/9/2025 11:06:56","21/10/2025 13:26:53","2022",
"1947","29","金属冶炼和压延加工业","地方政策-四川省人民政府政策数量","1","17/9/2025 11:06:56","21/10/2025 13:26:53","2022",
"1948","22","非金属矿物制品业","地方政策-四川省人民政府政策数量","1","17/9/2025 11:06:56","21/10/2025 13:26:53","2022",
"1949","45","石油加工、炼焦和核燃料加工业","地方政策-四川省人民政府政策数量","1","17/9/2025 11:06:57","21/10/2025 13:26:53","2022",
"1950","2","化学原料和化学制品制造业","地方政策-四川省人民政府政策数量","1","17/9/2025 11:06:57","21/10/2025 13:26:53","2022",
"1951","43","化学纤维制造业","地方政策-四川省人民政府政策数量","1","17/9/2025 11:06:57","21/10/2025 13:26:53","2022",
"1952","36","造纸和纸制品业","地方政策-四川省人民政府政策数量","1","17/9/2025 11:06:57","21/10/2025 13:26:53","2022",
"1953","15","纺织鞋服业","地方政策-四川省人民政府政策数量","1","17/9/2025 11:06:57","21/10/2025 13:26:53","2022",
"1954","38","家具制造业","地方政策-四川省人民政府政策数量","1","17/9/2025 11:06:57","21/10/2025 13:26:53","2022",
"1955","23","橡胶和塑料制品业","地方政策-四川省人民政府政策数量","1","17/9/2025 11:06:57","21/10/2025 13:26:53","2022",
"1956","12","汽车制造业","地方政策-四川省人民政府政策数量","1","17/9/2025 11:06:57","21/10/2025 13:26:53","2022",
"1957","27","铁路、船舶、航空航天和其他运输设备制造业","地方政策-四川省人民政府政策数量","1","17/9/2025 11:06:57","21/10/2025 13:26:53","2022",
"1958","18","通用设备制造业","地方政策-四川省人民政府政策数量","1","17/9/2025 11:06:57","21/10/2025 13:26:53","2022",
"1959","5","专用设备制造业","地方政策-四川省人民政府政策数量","1","17/9/2025 11:06:57","21/10/2025 13:26:53","2022",
"1960",,"电气机械和器材制造业","地方政策-四川省人民政府政策数量","1","17/9/2025 11:06:57","17/9/2025 11:06:57","2022",
"1961","32","仪器仪表制造业","地方政策-四川省人民政府政策数量","1","17/9/2025 11:06:57","21/10/2025 13:26:53","2022",
"1962","25","其他制造业","地方政策-四川省人民政府政策数量","1","17/9/2025 11:06:57","21/10/2025 13:26:53","2022",
"1963","46","废弃资源综合利用业","地方政策-四川省人民政府政策数量","1","17/9/2025 11:06:57","21/10/2025 13:26:53","2022",
"1964","14","采矿业","地方政策-四川省人民政府政策数量","1","17/9/2025 11:06:57","21/10/2025 13:26:53","2022",
"1965","16","建筑业","地方政策-四川省人民政府政策数量","1","17/9/2025 11:06:57","21/10/2025 13:26:53","2022",
"1966","17","交通运输、仓储和邮政业","地方政策-四川省人民政府政策数量","1","17/9/2025 11:06:57","21/10/2025 13:26:53","2022",
"1967","28","水利、环境和公共设施管理业","地方政策-四川省人民政府政策数量","1","17/9/2025 11:06:57","21/10/2025 13:26:52","2022",
"1968",,"公共管理、社会保障和社会组织","地方政策-四川省人民政府政策数量","1","17/9/2025 11:06:58","17/9/2025 11:06:58","2022",
"1969","22","非金属矿物制品业","部委政策-生态环境部政策数量","4","17/9/2025 11:06:58","21/10/2025 13:26:53","2022",
"1970","34","农、林、牧、渔业","部委政策-生态环境部政策数量","1","17/9/2025 11:06:58","21/10/2025 13:26:53","2022",
"1971","2","化学原料和化学制品制造业","部委政策-生态环境部政策数量","3","17/9/2025 11:06:58","21/10/2025 13:26:53","2022",
"1972","12","汽车制造业","部委政策-生态环境部政策数量","3","17/9/2025 11:06:58","21/10/2025 13:26:53","2022",
"1973","36","造纸和纸制品业","部委政策-生态环境部政策数量","3","17/9/2025 11:06:58","21/10/2025 13:26:53","2022",
"1974","23","橡胶和塑料制品业","部委政策-生态环境部政策数量","2","17/9/2025 11:06:58","21/10/2025 13:26:53","2022",
"1975","43","化学纤维制造业","部委政策-生态环境部政策数量","2","17/9/2025 11:06:58","21/10/2025 13:26:53","2022",
"1976","15","纺织鞋服业","部委政策-生态环境部政策数量","2","17/9/2025 11:06:58","21/10/2025 13:26:53","2022",
"1977","38","家具制造业","部委政策-生态环境部政策数量","2","17/9/2025 11:06:58","21/10/2025 13:26:53","2022",
"1978","41","文教、工美、体育和娱乐用品制造业","部委政策-生态环境部政策数量","2","17/9/2025 11:06:58","21/10/2025 13:26:53","2022",
"1979","13","电力、热力、燃气及水生产和供应业","部委政策-国家发展和改革委员会政策数量","1","17/9/2025 11:06:58","21/10/2025 13:26:53","2022",
"1980","29","金属冶炼和压延加工业","部委政策-国家发展和改革委员会政策数量","3","17/9/2025 11:06:58","21/10/2025 13:26:53","2022",
"1981","22","非金属矿物制品业","部委政策-国家发展和改革委员会政策数量","2","17/9/2025 11:06:58","21/10/2025 13:26:53","2022",
"1982","45","石油加工、炼焦和核燃料加工业","部委政策-国家发展和改革委员会政策数量","2","17/9/2025 11:06:58","21/10/2025 13:26:53","2022",
"1983","17","交通运输、仓储和邮政业","部委政策-国家发展和改革委员会政策数量","1","17/9/2025 11:06:58","21/10/2025 13:26:53","2022",
"1984","16","建筑业","部委政策-国家发展和改革委员会政策数量","1","17/9/2025 11:06:58","21/10/2025 13:26:53","2022",
"1985","34","农、林、牧、渔业","部委政策-国家发展和改革委员会政策数量","1","17/9/2025 11:06:58","21/10/2025 13:26:53","2022",
"1986","2","化学原料和化学制品制造业","部委政策-国家发展和改革委员会政策数量","2","17/9/2025 11:06:58","21/10/2025 13:26:53","2022",
"1987","12","汽车制造业","部委政策-国家发展和改革委员会政策数量","2","17/9/2025 11:06:58","21/10/2025 13:26:53","2022",
"1988","14","采矿业","部委政策-国家发展和改革委员会政策数量","1","17/9/2025 11:06:59","21/10/2025 13:26:53","2022",
"1989","36","造纸和纸制品业","部委政策-国家发展和改革委员会政策数量","1","17/9/2025 11:06:59","21/10/2025 13:26:53","2022",
"1990","23","橡胶和塑料制品业","部委政策-国家发展和改革委员会政策数量","1","17/9/2025 11:06:59","21/10/2025 13:26:53","2022",
"1991","43","化学纤维制造业","部委政策-国家发展和改革委员会政策数量","2","17/9/2025 11:06:59","21/10/2025 13:26:53","2022",
"1992","15","纺织鞋服业","部委政策-国家发展和改革委员会政策数量","1","17/9/2025 11:06:59","21/10/2025 13:26:53","2022",
"1993","38","家具制造业","部委政策-国家发展和改革委员会政策数量","1","17/9/2025 11:06:59","21/10/2025 13:26:53","2022",
"1994","41","文教、工美、体育和娱乐用品制造业","部委政策-国家发展和改革委员会政策数量","1","17/9/2025 11:06:59","21/10/2025 13:26:53","2022",
"1995","46","废弃资源综合利用业","部委政策-国家发展和改革委员会政策数量","1","17/9/2025 11:06:59","21/10/2025 13:26:53","2022",
"1996","28","水利、环境和公共设施管理业","部委政策-国家发展和改革委员会政策数量","1","17/9/2025 11:06:59","21/10/2025 13:26:52","2022",
"1997","22","非金属矿物制品业","部委政策-工业和信息化部政策数量","4","17/9/2025 11:06:59","21/10/2025 13:26:53","2022",
"1998","2","化学原料和化学制品制造业","部委政策-工业和信息化部政策数量","4","17/9/2025 11:06:59","21/10/2025 13:26:53","2022",
"1999","12","汽车制造业","部委政策-工业和信息化部政策数量","6","17/9/2025 11:06:59","21/10/2025 13:26:53","2022",
"2000","36","造纸和纸制品业","部委政策-工业和信息化部政策数量","3","17/9/2025 11:06:59","21/10/2025 13:26:53","2022",
"2001","23","橡胶和塑料制品业","部委政策-工业和信息化部政策数量","3","17/9/2025 11:06:59","21/10/2025 13:26:53","2022",
"2002","43","化学纤维制造业","部委政策-工业和信息化部政策数量","5","17/9/2025 11:06:59","21/10/2025 13:26:53","2022",
"2003","15","纺织鞋服业","部委政策-工业和信息化部政策数量","4","17/9/2025 11:06:59","21/10/2025 13:26:53","2022",
"2004","38","家具制造业","部委政策-工业和信息化部政策数量","3","17/9/2025 11:06:59","21/10/2025 13:26:53","2022",
"2005","41","文教、工美、体育和娱乐用品制造业","部委政策-工业和信息化部政策数量","3","17/9/2025 11:06:59","21/10/2025 13:26:53","2022",
"2006","22","非金属矿物制品业","部委政策-交通运输部政策数量","1","17/9/2025 11:06:59","21/10/2025 13:26:53","2022",
"2007","2","化学原料和化学制品制造业","部委政策-交通运输部政策数量","1","17/9/2025 11:06:59","21/10/2025 13:26:53","2022",
"2008","36","造纸和纸制品业","部委政策-交通运输部政策数量","1","17/9/2025 11:07:00","21/10/2025 13:26:53","2022",
"2009","23","橡胶和塑料制品业","部委政策-交通运输部政策数量","1","17/9/2025 11:07:00","21/10/2025 13:26:53","2022",
"2010","43","化学纤维制造业","部委政策-交通运输部政策数量","1","17/9/2025 11:07:00","21/10/2025 13:26:53","2022",
"2011","15","纺织鞋服业","部委政策-交通运输部政策数量","1","17/9/2025 11:07:00","21/10/2025 13:26:53","2022",
"2012","38","家具制造业","部委政策-交通运输部政策数量","1","17/9/2025 11:07:00","21/10/2025 13:26:53","2022",
"2013","41","文教、工美、体育和娱乐用品制造业","部委政策-交通运输部政策数量","1","17/9/2025 11:07:00","21/10/2025 13:26:53","2022",
"2014","13","电力、热力、燃气及水生产和供应业","部委政策-住房和城乡建设部政策数量","2","17/9/2025 11:07:00","21/10/2025 13:26:53","2022",
"2015","29","金属冶炼和压延加工业","部委政策-住房和城乡建设部政策数量","1","17/9/2025 11:07:00","21/10/2025 13:26:53","2022",
"2016","22","非金属矿物制品业","部委政策-住房和城乡建设部政策数量","2","17/9/2025 11:07:00","21/10/2025 13:26:53","2022",
"2017","45","石油加工、炼焦和核燃料加工业","部委政策-住房和城乡建设部政策数量","1","17/9/2025 11:07:00","21/10/2025 13:26:53","2022",
"2018","17","交通运输、仓储和邮政业","部委政策-住房和城乡建设部政策数量","3","17/9/2025 11:07:00","21/10/2025 13:26:53","2022",
"2019","34","农、林、牧、渔业","部委政策-住房和城乡建设部政策数量","2","17/9/2025 11:07:00","21/10/2025 13:26:53","2022",
"2020","2","化学原料和化学制品制造业","部委政策-住房和城乡建设部政策数量","1","17/9/2025 11:07:00","21/10/2025 13:26:53","2022",
"2021","12","汽车制造业","部委政策-住房和城乡建设部政策数量","2","17/9/2025 11:07:00","21/10/2025 13:26:53","2022",
"2022","14","采矿业","部委政策-住房和城乡建设部政策数量","1","17/9/2025 11:07:00","21/10/2025 13:26:53","2022",
"2023","36","造纸和纸制品业","部委政策-住房和城乡建设部政策数量","1","17/9/2025 11:07:00","21/10/2025 13:26:53","2022",
"2024","23","橡胶和塑料制品业","部委政策-住房和城乡建设部政策数量","1","17/9/2025 11:07:00","21/10/2025 13:26:53","2022",
"2025","43","化学纤维制造业","部委政策-住房和城乡建设部政策数量","1","17/9/2025 11:07:00","21/10/2025 13:26:53","2022",
"2026","15","纺织鞋服业","部委政策-住房和城乡建设部政策数量","1","17/9/2025 11:07:01","21/10/2025 13:26:53","2022",
"2027","38","家具制造业","部委政策-住房和城乡建设部政策数量","1","17/9/2025 11:07:01","21/10/2025 13:26:53","2022",
"2028","41","文教、工美、体育和娱乐用品制造业","部委政策-住房和城乡建设部政策数量","1","17/9/2025 11:07:01","21/10/2025 13:26:53","2022",
"2029","46","废弃资源综合利用业","部委政策-住房和城乡建设部政策数量","1","17/9/2025 11:07:01","21/10/2025 13:26:53","2022",
"2030","13","电力、热力、燃气及水生产和供应业","部委政策-农业农村部政策数量","2","17/9/2025 11:07:01","21/10/2025 13:26:53","2022",
"2031","29","金属冶炼和压延加工业","部委政策-农业农村部政策数量","1","17/9/2025 11:07:01","21/10/2025 13:26:53","2022",
"2032","22","非金属矿物制品业","部委政策-农业农村部政策数量","1","17/9/2025 11:07:01","21/10/2025 13:26:53","2022",
"2033","45","石油加工、炼焦和核燃料加工业","部委政策-农业农村部政策数量","1","17/9/2025 11:07:01","21/10/2025 13:26:53","2022",
"2034","16","建筑业","部委政策-农业农村部政策数量","2","17/9/2025 11:07:01","21/10/2025 13:26:53","2022",
"2035","2","化学原料和化学制品制造业","部委政策-农业农村部政策数量","1","17/9/2025 11:07:01","21/10/2025 13:26:53","2022",
"2036","12","汽车制造业","部委政策-农业农村部政策数量","1","17/9/2025 11:07:01","21/10/2025 13:26:53","2022",
"2037","14","采矿业","部委政策-农业农村部政策数量","1","17/9/2025 11:07:01","21/10/2025 13:26:53","2022",
"2038","36","造纸和纸制品业","部委政策-农业农村部政策数量","1","17/9/2025 11:07:01","21/10/2025 13:26:53","2022",
"2039","23","橡胶和塑料制品业","部委政策-农业农村部政策数量","1","17/9/2025 11:07:01","21/10/2025 13:26:53","2022",
"2040","43","化学纤维制造业","部委政策-农业农村部政策数量","1","17/9/2025 11:07:01","21/10/2025 13:26:53","2022",
"2041","15","纺织鞋服业","部委政策-农业农村部政策数量","1","17/9/2025 11:07:02","21/10/2025 13:26:53","2022",
"2042","38","家具制造业","部委政策-农业农村部政策数量","1","17/9/2025 11:07:02","21/10/2025 13:26:53","2022",
"2043","41","文教、工美、体育和娱乐用品制造业","部委政策-农业农村部政策数量","1","17/9/2025 11:07:02","21/10/2025 13:26:53","2022",
"2044","46","废弃资源综合利用业","部委政策-农业农村部政策数量","1","17/9/2025 11:07:02","21/10/2025 13:26:53","2022",
"2045","9","批发和零售业","部委政策-商务部政策数量","3","17/9/2025 11:07:02","21/10/2025 13:26:53","2022",
"2046","17","交通运输、仓储和邮政业","部委政策-商务部政策数量","4","17/9/2025 11:07:02","21/10/2025 13:26:53","2022",
"2047","20","租赁和商务服务业","部委政策-商务部政策数量","3","17/9/2025 11:07:02","21/10/2025 13:26:53","2022",
"2048","9","批发和零售业","部委政策-工业和信息化部政策数量","3","17/9/2025 11:07:02","21/10/2025 13:26:53","2022",
"2049","20","租赁和商务服务业","部委政策-工业和信息化部政策数量","2","17/9/2025 11:07:02","21/10/2025 13:26:53","2022",
"2050","9","批发和零售业","部委政策-生态环境部政策数量","2","17/9/2025 11:07:02","21/10/2025 13:26:53","2022",
"2051","20","租赁和商务服务业","部委政策-生态环境部政策数量","1","17/9/2025 11:07:02","21/10/2025 13:26:53","2022",
"2052","9","批发和零售业","部委政策-农业农村部政策数量","2","17/9/2025 11:07:02","21/10/2025 13:26:53","2022",
"2053","20","租赁和商务服务业","部委政策-农业农村部政策数量","2","17/9/2025 11:07:02","21/10/2025 13:26:53","2022",
"2054","9","批发和零售业","部委政策-人民银行政策数量","3","17/9/2025 11:07:02","21/10/2025 13:26:53","2022",
"2055","17","交通运输、仓储和邮政业","部委政策-人民银行政策数量","3","17/9/2025 11:07:02","21/10/2025 13:26:53","2022",
"2056","20","租赁和商务服务业","部委政策-人民银行政策数量","2","17/9/2025 11:07:03","21/10/2025 13:26:53","2022",
"2057","9","批发和零售业","部委政策-市场监管总局政策数量","3","17/9/2025 11:07:03","21/10/2025 13:26:53","2022",
"2058","17","交通运输、仓储和邮政业","部委政策-市场监管总局政策数量","3","17/9/2025 11:07:03","21/10/2025 13:26:53","2022",
"2059","20","租赁和商务服务业","部委政策-市场监管总局政策数量","2","17/9/2025 11:07:03","21/10/2025 13:26:53","2022",
"2060","9","批发和零售业","部委政策-银保监会政策数量","2","17/9/2025 11:07:03","21/10/2025 13:26:53","2022",
"2061","17","交通运输、仓储和邮政业","部委政策-银保监会政策数量","2","17/9/2025 11:07:03","21/10/2025 13:26:53","2022",
"2062","20","租赁和商务服务业","部委政策-银保监会政策数量","1","17/9/2025 11:07:03","21/10/2025 13:26:53","2022",
"2063","9","批发和零售业","部委政策-中国物流与采购联合会政策数量","1","17/9/2025 11:07:03","21/10/2025 13:26:53","2022",
"2064","17","交通运输、仓储和邮政业","部委政策-中国物流与采购联合会政策数量","1","17/9/2025 11:07:03","21/10/2025 13:26:53","2022",
"2065","20","租赁和商务服务业","部委政策-中国物流与采购联合会政策数量","1","17/9/2025 11:07:03","21/10/2025 13:26:53","2022",
"2066",,"互联网和相关服务","地方政策-上海市人民政府政策数量","1","17/9/2025 11:07:03","17/9/2025 11:07:03","2022",
"2067","20","租赁和商务服务业","地方政策-上海市人民政府政策数量","2","17/9/2025 11:07:03","21/10/2025 13:26:53","2022",
"2068","9","批发和零售业","地方政策-上海市人民政府政策数量","1","17/9/2025 11:07:03","21/10/2025 13:26:53","2022",
"2069","33","文化、体育和娱乐业","地方政策-上海市人民政府政策数量","2","17/9/2025 11:07:03","21/10/2025 13:26:53","2022",
"2070","3","信息传输、软件和信息技术服务业","地方政策-上海市人民政府办公厅政策数量","3","17/9/2025 11:07:03","21/10/2025 13:26:52","2022",
"2071",,"互联网和相关服务","地方政策-上海市人民政府办公厅政策数量","2","17/9/2025 11:07:03","17/9/2025 11:07:03","2022",
"2072","7","金融业","地方政策-上海市人民政府办公厅政策数量","1","17/9/2025 11:07:04","21/10/2025 13:26:52","2022",
"2073","9","批发和零售业","地方政策-上海市人民政府办公厅政策数量","1","17/9/2025 11:07:04","21/10/2025 13:26:53","2022",
"2074","30","科学研究和技术服务业","地方政策-上海市人民政府办公厅政策数量","2","17/9/2025 11:07:04","21/10/2025 13:26:53","2022",
"2075",,"电信、广播电视和卫星传输服务","地方政策-上海市人民政府办公厅政策数量","1","17/9/2025 11:07:04","17/9/2025 11:07:04","2022",
"2076","3","信息传输、软件和信息技术服务业","地方政策-湖南省人力资源和社会保障厅政策数量","1","17/9/2025 11:07:04","21/10/2025 13:26:52","2022",
"2077",,"互联网和相关服务","地方政策-湖南省人力资源和社会保障厅政策数量","1","17/9/2025 11:07:04","17/9/2025 11:07:04","2022",
"2078","21","通信传输设备业","地方政策-湖南省人力资源和社会保障厅政策数量","1","17/9/2025 11:07:04","21/10/2025 13:26:53","2022",
"2079","30","科学研究和技术服务业","地方政策-湖南省人力资源和社会保障厅政策数量","1","17/9/2025 11:07:04","21/10/2025 13:26:53","2022",
"2080","3","信息传输、软件和信息技术服务业","地方政策-湖南省工业和信息化厅政策数量","1","17/9/2025 11:07:04","21/10/2025 13:26:52","2022",
"2081",,"互联网和相关服务","地方政策-湖南省工业和信息化厅政策数量","1","17/9/2025 11:07:04","17/9/2025 11:07:04","2022",
"2082","21","通信传输设备业","地方政策-湖南省工业和信息化厅政策数量","1","17/9/2025 11:07:04","21/10/2025 13:26:53","2022",
"2083","30","科学研究和技术服务业","地方政策-湖南省工业和信息化厅政策数量","1","17/9/2025 11:07:04","21/10/2025 13:26:53","2022",
"2084","19","半导体业","地方政策-杭州市人民政府办公厅政策数量","1","17/9/2025 11:07:04","21/10/2025 13:26:53","2022",
"2085","2","化学原料和化学制品制造业","地方政策-云南省发展和改革委员会政策数量","1","17/9/2025 11:07:04","21/10/2025 13:26:53","2022",
"2086","29","金属冶炼和压延加工业","地方政策-云南省发展和改革委员会政策数量","3","17/9/2025 11:07:04","21/10/2025 13:26:53","2022",
"2087","22","非金属矿物制品业","地方政策-云南省发展和改革委员会政策数量","1","17/9/2025 11:07:04","21/10/2025 13:26:53","2022",
"2088","5","专用设备制造业","地方政策-云南省发展和改革委员会政策数量","1","17/9/2025 11:07:04","21/10/2025 13:26:53","2022",
"2089","19","半导体业","地方政策-云南省发展和改革委员会政策数量","1","17/9/2025 11:07:04","21/10/2025 13:26:53","2022",
"2090","21","通信传输设备业","地方政策-云南省发展和改革委员会政策数量","1","17/9/2025 11:07:05","21/10/2025 13:26:53","2022",
"2091","30","科学研究和技术服务业","地方政策-云南省发展和改革委员会政策数量","1","17/9/2025 11:07:05","21/10/2025 13:26:53","2022",
"2092","2","化学原料和化学制品制造业","地方政策-云南省工业和信息化厅政策数量","1","17/9/2025 11:07:05","21/10/2025 13:26:53","2022",
"2093","29","金属冶炼和压延加工业","地方政策-云南省工业和信息化厅政策数量","3","17/9/2025 11:07:05","21/10/2025 13:26:53","2022",
"2094","22","非金属矿物制品业","地方政策-云南省工业和信息化厅政策数量","1","17/9/2025 11:07:05","21/10/2025 13:26:53","2022",
"2095","5","专用设备制造业","地方政策-云南省工业和信息化厅政策数量","1","17/9/2025 11:07:05","21/10/2025 13:26:53","2022",
"2096","19","半导体业","地方政策-云南省工业和信息化厅政策数量","1","17/9/2025 11:07:05","21/10/2025 13:26:53","2022",
"2097","21","通信传输设备业","地方政策-云南省工业和信息化厅政策数量","2","17/9/2025 11:07:05","21/10/2025 13:26:53","2022",
"2098","30","科学研究和技术服务业","地方政策-云南省工业和信息化厅政策数量","1","17/9/2025 11:07:05","21/10/2025 13:26:53","2022",
"2099","34","农、林、牧、渔业","地方政策-云南省人民政府办公厅政策数量","2","17/9/2025 11:07:05","21/10/2025 13:26:53","2022",
"2100","10","食品饮料业","地方政策-云南省人民政府办公厅政策数量","2","17/9/2025 11:07:05","21/10/2025 13:26:53","2022",
"2101","23","橡胶和塑料制品业","地方政策-云南省人民政府办公厅政策数量","1","17/9/2025 11:07:05","21/10/2025 13:26:53","2022",
"2102","1","医药制造业","地方政策-云南省人民政府办公厅政策数量","2","17/9/2025 11:07:05","21/10/2025 13:26:53","2022",
"2103","9","批发和零售业","地方政策-云南省人民政府办公厅政策数量","2","17/9/2025 11:07:05","21/10/2025 13:26:53","2022",
"2104","33","文化、体育和娱乐业","地方政策-云南省人民政府办公厅政策数量","2","17/9/2025 11:07:05","21/10/2025 13:26:53","2022",
"2105","20","租赁和商务服务业","地方政策-云南省人民政府办公厅政策数量","2","17/9/2025 11:07:05","21/10/2025 13:26:53","2022",
"2106","17","交通运输、仓储和邮政业","地方政策-云南省人民政府办公厅政策数量","2","17/9/2025 11:07:05","21/10/2025 13:26:53","2022",
"2107","30","科学研究和技术服务业","地方政策-广西壮族自治区科学技术厅政策数量","1","17/9/2025 11:07:05","21/10/2025 13:26:53","2022",
"2108","30","科学研究和技术服务业","地方政策-广西壮族自治区高级人民法院政策数量","1","17/9/2025 11:07:06","21/10/2025 13:26:53","2022",
"2109","30","科学研究和技术服务业","地方政策-广西壮族自治区市场监督管理局政策数量","1","17/9/2025 11:07:06","21/10/2025 13:26:53","2022",
"2110","30","科学研究和技术服务业","地方政策-四川省科学技术厅政策数量","3","17/9/2025 11:07:06","21/10/2025 13:26:53","2022",
"2111","30","科学研究和技术服务业","地方政策-中共四川省军民融合发展委员会办公室政策数量","1","17/9/2025 11:07:06","21/10/2025 13:26:53","2022",
"2112","30","科学研究和技术服务业","地方政策-四川省教育厅政策数量","1","17/9/2025 11:07:06","21/10/2025 13:26:53","2022",
"2113","30","科学研究和技术服务业","地方政策-四川省人力资源和社会保障厅政策数量","1","17/9/2025 11:07:06","21/10/2025 13:26:53","2022",
"2114","30","科学研究和技术服务业","地方政策-四川省卫生健康委员会政策数量","1","17/9/2025 11:07:06","21/10/2025 13:26:53","2022",
"2115","30","科学研究和技术服务业","地方政策-四川省政府国有资产监督管理委员会政策数量","1","17/9/2025 11:07:06","21/10/2025 13:26:53","2022",
"2116","30","科学研究和技术服务业","地方政策-中国科学院成都分院政策数量","1","17/9/2025 11:07:06","21/10/2025 13:26:53","2022",
"2117","34","农、林、牧、渔业","地方政策-吉林省人民政府办公厅政策数量","1","17/9/2025 11:07:06","21/10/2025 13:26:53","2022",
"2118","10","食品饮料业","地方政策-吉林省人民政府办公厅政策数量","1","17/9/2025 11:07:06","21/10/2025 13:26:53","2022",
"2119","31","教育","地方政策-山东省人民政府办公厅政策数量","1","17/9/2025 11:07:06","21/10/2025 13:26:53","2022",
"2120","34","农、林、牧、渔业","地方政策-合肥市人民政府办公司政策数量","1","17/9/2025 11:07:06","21/10/2025 13:26:53","2022",
"2121","13","电力、热力、燃气及水生产和供应业","地方政策-上海市发展和改革委员会政策数量","4","17/9/2025 11:07:06","21/10/2025 13:26:53","2022",
"2122","13","电力、热力、燃气及水生产和供应业","地方政策-上海市科学技术委员会政策数量","3","17/9/2025 11:07:06","21/10/2025 13:26:53","2022",
"2123","13","电力、热力、燃气及水生产和供应业","地方政策-上海市规划和自然资源局政策数量","1","17/9/2025 11:07:06","21/10/2025 13:26:53","2022",
"2124","13","电力、热力、燃气及水生产和供应业","地方政策-上海市住房和城乡建设管理委员会政策数量","2","17/9/2025 11:07:06","21/10/2025 13:26:53","2022",
"2125","13","电力、热力、燃气及水生产和供应业","地方政策-上海市交通委员会政策数量","2","17/9/2025 11:07:06","21/10/2025 13:26:53","2022",
"2126","13","电力、热力、燃气及水生产和供应业","地方政策-上海市应急管理局政策数量","1","17/9/2025 11:07:06","21/10/2025 13:26:53","2022",
"2127","13","电力、热力、燃气及水生产和供应业","地方政策-上海市市场监督管理局政策数量","1","17/9/2025 11:07:07","21/10/2025 13:26:53","2022",
"2128","1","医药制造业","地方政策-上海市人民政府政策数量","2","17/9/2025 11:07:07","21/10/2025 13:26:53","2022",
"2129","2","化学原料和化学制品制造业","地方政策-上海市人民政府政策数量","1","17/9/2025 11:07:07","21/10/2025 13:26:53","2022",
"2130","5","专用设备制造业","地方政策-上海市人民政府政策数量","2","17/9/2025 11:07:07","21/10/2025 13:26:53","2022",
"2131","27","铁路、船舶、航空航天和其他运输设备制造业","地方政策-上海市人民政府政策数量","2","17/9/2025 11:07:07","21/10/2025 13:26:53","2022",
"2132","10","食品饮料业","部委政策-工业和信息化部政策数量","2","17/9/2025 11:07:07","21/10/2025 13:26:53","2022",
"2133","25","其他制造业","部委政策-工业和信息化部政策数量","3","17/9/2025 11:07:07","21/10/2025 13:26:53","2022",
"2134","36","造纸和纸制品业","部委政策-人力资源社会保障部政策数量","1","17/9/2025 11:07:07","21/10/2025 13:26:53","2022",
"2135","38","家具制造业","部委政策-人力资源社会保障部政策数量","1","17/9/2025 11:07:07","21/10/2025 13:26:53","2022",
"2136","41","文教、工美、体育和娱乐用品制造业","部委政策-人力资源社会保障部政策数量","1","17/9/2025 11:07:07","21/10/2025 13:26:53","2022",
"2137","10","食品饮料业","部委政策-人力资源社会保障部政策数量","1","17/9/2025 11:07:07","21/10/2025 13:26:53","2022",
"2138","23","橡胶和塑料制品业","部委政策-人力资源社会保障部政策数量","1","17/9/2025 11:07:07","21/10/2025 13:26:53","2022",
"2139","22","非金属矿物制品业","部委政策-人力资源社会保障部政策数量","1","17/9/2025 11:07:07","21/10/2025 13:26:53","2022",
"2140","15","纺织鞋服业","部委政策-人力资源社会保障部政策数量","1","17/9/2025 11:07:07","21/10/2025 13:26:53","2022",
"2141","25","其他制造业","部委政策-人力资源社会保障部政策数量","1","17/9/2025 11:07:07","21/10/2025 13:26:53","2022",
"2142","10","食品饮料业","部委政策-生态环境部政策数量","1","17/9/2025 11:07:07","21/10/2025 13:26:53","2022",
"2143","25","其他制造业","部委政策-生态环境部政策数量","2","17/9/2025 11:07:07","21/10/2025 13:26:53","2022",
"2144","36","造纸和纸制品业","部委政策-商务部政策数量","2","17/9/2025 11:07:07","21/10/2025 13:26:53","2022",
"2145","38","家具制造业","部委政策-商务部政策数量","2","17/9/2025 11:07:07","21/10/2025 13:26:53","2022",
"2146","41","文教、工美、体育和娱乐用品制造业","部委政策-商务部政策数量","2","17/9/2025 11:07:08","21/10/2025 13:26:53","2022",
"2147","10","食品饮料业","部委政策-商务部政策数量","2","17/9/2025 11:07:08","21/10/2025 13:26:53","2022",
"2148","23","橡胶和塑料制品业","部委政策-商务部政策数量","2","17/9/2025 11:07:08","21/10/2025 13:26:53","2022",
"2149","22","非金属矿物制品业","部委政策-商务部政策数量","1","17/9/2025 11:07:08","21/10/2025 13:26:53","2022",
"2150","15","纺织鞋服业","部委政策-商务部政策数量","2","17/9/2025 11:07:08","21/10/2025 13:26:53","2022",
"2151","25","其他制造业","部委政策-商务部政策数量","3","17/9/2025 11:07:08","21/10/2025 13:26:53","2022",
"2152","1","医药制造业","地方政策-云南省发展和改革委员会政策数量","2","17/9/2025 11:07:08","21/10/2025 13:26:53","2022",
"2153","1","医药制造业","地方政策-云南省科学技术厅政策数量","1","17/9/2025 11:07:08","21/10/2025 13:26:53","2022",
"2154","17","交通运输、仓储和邮政业","部委政策-运输司政策数量","1","17/9/2025 11:07:08","21/10/2025 13:26:53","2022",
"2155","5","专用设备制造业","部委政策-人社部政策数量","1","17/9/2025 11:07:08","21/10/2025 13:26:53","2022",
"2156","18","通用设备制造业","部委政策-人社部政策数量","1","17/9/2025 11:07:08","21/10/2025 13:26:53","2022",
"2157","12","汽车制造业","部委政策-人社部政策数量","1","17/9/2025 11:07:08","21/10/2025 13:26:53","2022",
"2158","27","铁路、船舶、航空航天和其他运输设备制造业","部委政策-人社部政策数量","1","17/9/2025 11:07:08","21/10/2025 13:26:53","2022",
"2159","32","仪器仪表制造业","部委政策-人社部政策数量","1","17/9/2025 11:07:08","21/10/2025 13:26:53","2022",
"2160","25","其他制造业","部委政策-人社部政策数量","1","17/9/2025 11:07:08","21/10/2025 13:26:53","2022",
"2161","5","专用设备制造业","部委政策-工信部政策数量","1","17/9/2025 11:07:08","21/10/2025 13:26:53","2022",
"2162","18","通用设备制造业","部委政策-工信部政策数量","1","17/9/2025 11:07:08","21/10/2025 13:26:53","2022",
"2163","12","汽车制造业","部委政策-工信部政策数量","1","17/9/2025 11:07:08","21/10/2025 13:26:53","2022",
"2164","27","铁路、船舶、航空航天和其他运输设备制造业","部委政策-工信部政策数量","1","17/9/2025 11:07:08","21/10/2025 13:26:53","2022",
"2165","32","仪器仪表制造业","部委政策-工信部政策数量","1","17/9/2025 11:07:09","21/10/2025 13:26:53","2022",
"2166","25","其他制造业","部委政策-工信部政策数量","1","17/9/2025 11:07:09","21/10/2025 13:26:53","2022",
"2167","5","专用设备制造业","部委政策-国务院国资委政策数量","2","17/9/2025 11:07:09","21/10/2025 13:26:53","2022",
"2168","18","通用设备制造业","部委政策-国务院国资委政策数量","2","17/9/2025 11:07:09","21/10/2025 13:26:53","2022",
"2169","12","汽车制造业","部委政策-国务院国资委政策数量","1","17/9/2025 11:07:09","21/10/2025 13:26:53","2022",
"2170","27","铁路、船舶、航空航天和其他运输设备制造业","部委政策-国务院国资委政策数量","2","17/9/2025 11:07:09","21/10/2025 13:26:53","2022",
"2171","32","仪器仪表制造业","部委政策-国务院国资委政策数量","2","17/9/2025 11:07:09","21/10/2025 13:26:53","2022",
"2172","25","其他制造业","部委政策-国务院国资委政策数量","1","17/9/2025 11:07:09","21/10/2025 13:26:53","2022",
"2173","3","信息传输、软件和信息技术服务业","部委政策-国家税务总局办公厅政策数量","1","17/9/2025 11:07:09","21/10/2025 13:26:52","2022",
"2174","30","科学研究和技术服务业","部委政策-国家税务总局办公厅政策数量","1","17/9/2025 11:07:09","21/10/2025 13:26:53","2022",
"2175","5","专用设备制造业","部委政策-国家税务总局办公厅政策数量","1","17/9/2025 11:07:09","21/10/2025 13:26:53","2022",
"2176","18","通用设备制造业","部委政策-国家税务总局办公厅政策数量","1","17/9/2025 11:07:09","21/10/2025 13:26:53","2022",
"2177","32","仪器仪表制造业","部委政策-国家税务总局办公厅政策数量","1","17/9/2025 11:07:09","21/10/2025 13:26:53","2022",
"2178","1","医药制造业","部委政策-国家税务总局办公厅政策数量","1","17/9/2025 11:07:09","21/10/2025 13:26:53","2022",
"2179","12","汽车制造业","部委政策-国家税务总局办公厅政策数量","1","17/9/2025 11:07:09","21/10/2025 13:26:53","2022",
"2180","27","铁路、船舶、航空航天和其他运输设备制造业","部委政策-国家税务总局办公厅政策数量","1","17/9/2025 11:07:09","21/10/2025 13:26:53","2022",
"2181","19","半导体业","部委政策-国家税务总局办公厅政策数量","1","17/9/2025 11:07:09","21/10/2025 13:26:53","2022",
"2182","21","通信传输设备业","部委政策-国家税务总局办公厅政策数量","1","17/9/2025 11:07:10","21/10/2025 13:26:53","2022",
"2183","2","化学原料和化学制品制造业","部委政策-国家税务总局办公厅政策数量","1","17/9/2025 11:07:10","21/10/2025 13:26:53","2022",
"2184","22","非金属矿物制品业","部委政策-国家税务总局办公厅政策数量","1","17/9/2025 11:07:10","21/10/2025 13:26:53","2022",
"2185","26","金属制品业","部委政策-国家税务总局办公厅政策数量","1","17/9/2025 11:07:10","21/10/2025 13:26:53","2022",
"2186","29","金属冶炼和压延加工业","部委政策-国家税务总局办公厅政策数量","1","17/9/2025 11:07:10","21/10/2025 13:26:53","2022",
"2187",,"电气机械和器材制造业","部委政策-国家税务总局办公厅政策数量","1","17/9/2025 11:07:10","17/9/2025 11:07:10","2022",
"2188",,"计算机、通信和其他电子设备制造业","部委政策-国家税务总局办公厅政策数量","1","17/9/2025 11:07:10","17/9/2025 11:07:10","2022",
"2189",,"互联网和相关服务","部委政策-国家税务总局办公厅政策数量","1","17/9/2025 11:07:10","17/9/2025 11:07:10","2022",
"2190",,"电信、广播电视和卫星传输服务","部委政策-国家税务总局办公厅政策数量","1","17/9/2025 11:07:10","17/9/2025 11:07:10","2022",
"2191","3","信息传输、软件和信息技术服务业","地方政策-贵州省发展改革委政策数量","1","17/9/2025 11:07:10","21/10/2025 13:26:52","2022",
"2192",,"互联网和相关服务","地方政策-贵州省发展改革委政策数量","1","17/9/2025 11:07:10","17/9/2025 11:07:10","2022",
"2193","21","通信传输设备业","地方政策-贵州省发展改革委政策数量","1","17/9/2025 11:07:10","21/10/2025 13:26:53","2022",
"2194",,"电信、广播电视和卫星传输服务","地方政策-贵州省发展改革委政策数量","1","17/9/2025 11:07:10","17/9/2025 11:07:10","2022",
"2195","3","信息传输、软件和信息技术服务业","地方政策-贵州省住房和城乡建设厅政策数量","1","17/9/2025 11:07:10","21/10/2025 13:26:52","2022",
"2196",,"互联网和相关服务","地方政策-贵州省住房和城乡建设厅政策数量","1","17/9/2025 11:07:10","17/9/2025 11:07:10","2022",
"2197","21","通信传输设备业","地方政策-贵州省住房和城乡建设厅政策数量","1","17/9/2025 11:07:11","21/10/2025 13:26:53","2022",
"2198",,"电信、广播电视和卫星传输服务","地方政策-贵州省住房和城乡建设厅政策数量","1","17/9/2025 11:07:11","17/9/2025 11:07:11","2022",
"2199","3","信息传输、软件和信息技术服务业","地方政策-贵州省大数据发展管理局政策数量","1","17/9/2025 11:07:11","21/10/2025 13:26:52","2022",
"2200",,"互联网和相关服务","地方政策-贵州省大数据发展管理局政策数量","1","17/9/2025 11:07:11","17/9/2025 11:07:11","2022",
"2201","21","通信传输设备业","地方政策-贵州省大数据发展管理局政策数量","1","17/9/2025 11:07:11","21/10/2025 13:26:53","2022",
"2202",,"电信、广播电视和卫星传输服务","地方政策-贵州省大数据发展管理局政策数量","1","17/9/2025 11:07:11","17/9/2025 11:07:11","2022",
"2203","3","信息传输、软件和信息技术服务业","地方政策-贵州省通信管理局政策数量","1","17/9/2025 11:07:11","21/10/2025 13:26:52","2022",
"2204",,"互联网和相关服务","地方政策-贵州省通信管理局政策数量","1","17/9/2025 11:07:11","17/9/2025 11:07:11","2022",
"2205","21","通信传输设备业","地方政策-贵州省通信管理局政策数量","1","17/9/2025 11:07:11","21/10/2025 13:26:53","2022",
"2206",,"电信、广播电视和卫星传输服务","地方政策-贵州省通信管理局政策数量","1","17/9/2025 11:07:11","17/9/2025 11:07:11","2022",
"2207","3","信息传输、软件和信息技术服务业","部委政策-中国网信网政策数量","2","17/9/2025 11:07:11","21/10/2025 13:26:52","2022",
"2208",,"互联网和相关服务","部委政策-中国网信网政策数量","2","17/9/2025 11:07:12","17/9/2025 11:07:12","2022",
"2209","12","汽车制造业","部委政策-消费促进司政策数量","1","17/9/2025 11:07:12","21/10/2025 13:26:53","2022",
"2210","9","批发和零售业","部委政策-消费促进司政策数量","1","17/9/2025 11:07:12","21/10/2025 13:26:53","2022",
"2211","7","金融业","部委政策-消费促进司政策数量","1","17/9/2025 11:07:12","21/10/2025 13:26:52","2022",
"2212","17","交通运输、仓储和邮政业","部委政策-消费促进司政策数量","1","17/9/2025 11:07:12","21/10/2025 13:26:53","2022",
"2213","12","汽车制造业","部委政策-商务部政策数量","2","17/9/2025 11:07:12","21/10/2025 13:26:53","2022",
"2214","7","金融业","部委政策-商务部政策数量","2","17/9/2025 11:07:12","21/10/2025 13:26:52","2022",
"2215","12","汽车制造业","部委政策-发展改革委政策数量","2","17/9/2025 11:07:12","21/10/2025 13:26:53","2022",
"2216","9","批发和零售业","部委政策-发展改革委政策数量","2","17/9/2025 11:07:12","21/10/2025 13:26:53","2022",
"2217","17","交通运输、仓储和邮政业","部委政策-发展改革委政策数量","2","17/9/2025 11:07:12","21/10/2025 13:26:53","2022",
"2218","12","汽车制造业","部委政策-公安部政策数量","2","17/9/2025 11:07:12","21/10/2025 13:26:53","2022",
"2219","9","批发和零售业","部委政策-公安部政策数量","1","17/9/2025 11:07:12","21/10/2025 13:26:53","2022",
"2220","7","金融业","部委政策-公安部政策数量","1","17/9/2025 11:07:12","21/10/2025 13:26:52","2022",
"2221","17","交通运输、仓储和邮政业","部委政策-公安部政策数量","1","17/9/2025 11:07:12","21/10/2025 13:26:53","2022",
"2222","12","汽车制造业","部委政策-财政部政策数量","3","17/9/2025 11:07:12","21/10/2025 13:26:53","2022",
"2223","9","批发和零售业","部委政策-财政部政策数量","2","17/9/2025 11:07:13","21/10/2025 13:26:53","2022",
"2224","17","交通运输、仓储和邮政业","部委政策-财政部政策数量","2","17/9/2025 11:07:13","21/10/2025 13:26:53","2022",
"2225","12","汽车制造业","部委政策-自然资源部政策数量","2","17/9/2025 11:07:13","21/10/2025 13:26:53","2022",
"2226","9","批发和零售业","部委政策-自然资源部政策数量","1","17/9/2025 11:07:13","21/10/2025 13:26:53","2022",
"2227","7","金融业","部委政策-自然资源部政策数量","1","17/9/2025 11:07:13","21/10/2025 13:26:52","2022",
"2228","17","交通运输、仓储和邮政业","部委政策-自然资源部政策数量","1","17/9/2025 11:07:13","21/10/2025 13:26:53","2022",
"2229","9","批发和零售业","部委政策-住房和城乡建设部政策数量","1","17/9/2025 11:07:13","21/10/2025 13:26:53","2022",
"2230","7","金融业","部委政策-住房和城乡建设部政策数量","1","17/9/2025 11:07:13","21/10/2025 13:26:52","2022",
"2231","12","汽车制造业","部委政策-文化和旅游部政策数量","1","17/9/2025 11:07:13","21/10/2025 13:26:53","2022",
"2232","9","批发和零售业","部委政策-文化和旅游部政策数量","1","17/9/2025 11:07:13","21/10/2025 13:26:53","2022",
"2233","7","金融业","部委政策-文化和旅游部政策数量","1","17/9/2025 11:07:14","21/10/2025 13:26:52","2022",
"2234","17","交通运输、仓储和邮政业","部委政策-文化和旅游部政策数量","1","17/9/2025 11:07:14","21/10/2025 13:26:53","2022",
"2235","12","汽车制造业","部委政策-人民银行政策数量","1","17/9/2025 11:07:14","21/10/2025 13:26:53","2022",
"2236","12","汽车制造业","部委政策-海关总署政策数量","2","17/9/2025 11:07:14","21/10/2025 13:26:53","2022",
"2237","9","批发和零售业","部委政策-海关总署政策数量","2","17/9/2025 11:07:14","21/10/2025 13:26:53","2022",
"2238","7","金融业","部委政策-海关总署政策数量","1","17/9/2025 11:07:14","21/10/2025 13:26:52","2022",
"2239","17","交通运输、仓储和邮政业","部委政策-海关总署政策数量","2","17/9/2025 11:07:14","21/10/2025 13:26:53","2022",
"2240","12","汽车制造业","部委政策-税务总局政策数量","4","17/9/2025 11:07:14","21/10/2025 13:26:53","2022",
"2241","9","批发和零售业","部委政策-税务总局政策数量","2","17/9/2025 11:07:14","21/10/2025 13:26:53","2022",
"2242","7","金融业","部委政策-税务总局政策数量","1","17/9/2025 11:07:14","21/10/2025 13:26:52","2022",
"2243","17","交通运输、仓储和邮政业","部委政策-税务总局政策数量","2","17/9/2025 11:07:15","21/10/2025 13:26:53","2022",
"2244","12","汽车制造业","部委政策-市场监管总局政策数量","2","17/9/2025 11:07:15","21/10/2025 13:26:53","2022",
"2245","7","金融业","部委政策-市场监管总局政策数量","1","17/9/2025 11:07:15","21/10/2025 13:26:52","2022",
"2246","12","汽车制造业","部委政策-体育总局政策数量","1","17/9/2025 11:07:15","21/10/2025 13:26:53","2022",
"2247","9","批发和零售业","部委政策-体育总局政策数量","1","17/9/2025 11:07:15","21/10/2025 13:26:53","2022",
"2248","7","金融业","部委政策-体育总局政策数量","1","17/9/2025 11:07:15","21/10/2025 13:26:52","2022",
"2249","17","交通运输、仓储和邮政业","部委政策-体育总局政策数量","1","17/9/2025 11:07:15","21/10/2025 13:26:53","2022",
"2250","12","汽车制造业","部委政策-银保监会政策数量","2","17/9/2025 11:07:15","21/10/2025 13:26:53","2022",
"2251","12","汽车制造业","部委政策-能源局政策数量","1","17/9/2025 11:07:15","21/10/2025 13:26:53","2022",
"2252","9","批发和零售业","部委政策-能源局政策数量","1","17/9/2025 11:07:15","21/10/2025 13:26:53","2022",
"2253","7","金融业","部委政策-能源局政策数量","1","17/9/2025 11:07:15","21/10/2025 13:26:52","2022",
"2254","17","交通运输、仓储和邮政业","部委政策-能源局政策数量","1","17/9/2025 11:07:16","21/10/2025 13:26:53","2022",
"2255","9","批发和零售业","部委政策-交通运输部政策数量","2","17/9/2025 11:07:16","21/10/2025 13:26:53","2022",
"2256","9","批发和零售业","部委政策-消费品工业司政策数量","1","17/9/2025 11:07:16","21/10/2025 13:26:53","2022",
"2257","38","家具制造业","部委政策-消费品工业司政策数量","2","17/9/2025 11:07:16","21/10/2025 13:26:53","2022",
"2258","15","纺织鞋服业","部委政策-消费品工业司政策数量","2","17/9/2025 11:07:16","21/10/2025 13:26:53","2022",
"2259","10","食品饮料业","部委政策-消费品工业司政策数量","2","17/9/2025 11:07:16","21/10/2025 13:26:53","2022",
"2260","6","消费电子及电气业","部委政策-消费品工业司政策数量","2","17/9/2025 11:07:16","21/10/2025 13:26:53","2022",
"2261","9","批发和零售业","部委政策-工业和信息化部办公厅政策数量","1","17/9/2025 11:07:16","21/10/2025 13:26:53","2022",
"2262","15","纺织鞋服业","部委政策-工业和信息化部办公厅政策数量","2","17/9/2025 11:07:16","21/10/2025 13:26:53","2022",
"2263","10","食品饮料业","部委政策-工业和信息化部办公厅政策数量","1","17/9/2025 11:07:16","21/10/2025 13:26:53","2022",
"2264","6","消费电子及电气业","部委政策-工业和信息化部办公厅政策数量","1","17/9/2025 11:07:16","21/10/2025 13:26:53","2022",
"2265",,"工业能效提升行动计划","部委政策-市场监管总局政策数量","1","17/9/2025 11:07:16","17/9/2025 11:07:16","2022",
"2266","13","电力、热力、燃气及水生产和供应业","部委政策-市场监管总局政策数量","1","17/9/2025 11:07:16","21/10/2025 13:26:53","2022",
"2267","29","金属冶炼和压延加工业","部委政策-市场监管总局政策数量","1","17/9/2025 11:07:16","21/10/2025 13:26:53","2022",
"2268","2","化学原料和化学制品制造业","部委政策-市场监管总局政策数量","1","17/9/2025 11:07:17","21/10/2025 13:26:53","2022",
"2269","22","非金属矿物制品业","部委政策-市场监管总局政策数量","1","17/9/2025 11:07:17","21/10/2025 13:26:53","2022",
"2270","36","造纸和纸制品业","部委政策-市场监管总局政策数量","1","17/9/2025 11:07:17","21/10/2025 13:26:53","2022",
"2271","45","石油加工、炼焦和核燃料加工业","部委政策-市场监管总局政策数量","1","17/9/2025 11:07:17","21/10/2025 13:26:53","2022",
"2272",,"工业能效提升行动计划","部委政策-国务院国资委政策数量","1","17/9/2025 11:07:17","17/9/2025 11:07:17","2022",
"2273","13","电力、热力、燃气及水生产和供应业","部委政策-国务院国资委政策数量","1","17/9/2025 11:07:17","21/10/2025 13:26:53","2022",
"2274","29","金属冶炼和压延加工业","部委政策-国务院国资委政策数量","1","17/9/2025 11:07:17","21/10/2025 13:26:53","2022",
"2275","2","化学原料和化学制品制造业","部委政策-国务院国资委政策数量","1","17/9/2025 11:07:17","21/10/2025 13:26:53","2022",
"2276","22","非金属矿物制品业","部委政策-国务院国资委政策数量","1","17/9/2025 11:07:17","21/10/2025 13:26:53","2022",
"2277","36","造纸和纸制品业","部委政策-国务院国资委政策数量","1","17/9/2025 11:07:17","21/10/2025 13:26:53","2022",
"2278","45","石油加工、炼焦和核燃料加工业","部委政策-国务院国资委政策数量","1","17/9/2025 11:07:17","21/10/2025 13:26:53","2022",
"2279",,"工业能效提升行动计划","部委政策-生态环境部政策数量","1","17/9/2025 11:07:17","17/9/2025 11:07:17","2022",
"2280",,"工业能效提升行动计划","部委政策-财政部政策数量","1","17/9/2025 11:07:17","17/9/2025 11:07:17","2022",
"2281","29","金属冶炼和压延加工业","部委政策-财政部政策数量","1","17/9/2025 11:07:17","21/10/2025 13:26:53","2022",
"2282","2","化学原料和化学制品制造业","部委政策-财政部政策数量","2","17/9/2025 11:07:17","21/10/2025 13:26:53","2022",
"2283","22","非金属矿物制品业","部委政策-财政部政策数量","1","17/9/2025 11:07:17","21/10/2025 13:26:53","2022",
"2284","36","造纸和纸制品业","部委政策-财政部政策数量","1","17/9/2025 11:07:17","21/10/2025 13:26:53","2022",
"2285","45","石油加工、炼焦和核燃料加工业","部委政策-财政部政策数量","1","17/9/2025 11:07:17","21/10/2025 13:26:53","2022",
"2286",,"工业能效提升行动计划","部委政策-国家发展改革委政策数量","1","17/9/2025 11:07:17","17/9/2025 11:07:17","2022",
"2287","2","化学原料和化学制品制造业","部委政策-国家发展改革委政策数量","2","17/9/2025 11:07:18","21/10/2025 13:26:53","2022",
"2288","22","非金属矿物制品业","部委政策-国家发展改革委政策数量","2","17/9/2025 11:07:18","21/10/2025 13:26:53","2022",
"2289","36","造纸和纸制品业","部委政策-国家发展改革委政策数量","1","17/9/2025 11:07:18","21/10/2025 13:26:53","2022",
"2290","26","金属制品业","地方政策-云南省发展和改革委员会政策数量","1","17/9/2025 11:07:18","21/10/2025 13:26:53","2022",
"2291","27","铁路、船舶、航空航天和其他运输设备制造业","地方政策-云南省发展和改革委员会政策数量","1","17/9/2025 11:07:18","21/10/2025 13:26:53","2022",
"2292","13","电力、热力、燃气及水生产和供应业","地方政策-云南省发展和改革委员会政策数量","4","17/9/2025 11:07:18","21/10/2025 13:26:53","2022",
"2293","26","金属制品业","地方政策-云南省工业和信息化厅政策数量","1","17/9/2025 11:07:18","21/10/2025 13:26:53","2022",
"2294","27","铁路、船舶、航空航天和其他运输设备制造业","地方政策-云南省工业和信息化厅政策数量","1","17/9/2025 11:07:18","21/10/2025 13:26:53","2022",
"2295","13","电力、热力、燃气及水生产和供应业","地方政策-云南省工业和信息化厅政策数量","3","17/9/2025 11:07:18","21/10/2025 13:26:53","2022",
"2296","3","信息传输、软件和信息技术服务业","地方政策-深圳市人民政府政策数量","1","17/9/2025 11:07:18","21/10/2025 13:26:52","2022",
"2297","5","专用设备制造业","地方政策-深圳市人民政府政策数量","2","17/9/2025 11:07:18","21/10/2025 13:26:53","2022",
"2298","21","通信传输设备业","地方政策-深圳市人民政府政策数量","2","17/9/2025 11:07:19","21/10/2025 13:26:53","2022",
"2299","19","半导体业","地方政策-深圳市人民政府政策数量","2","17/9/2025 11:07:19","21/10/2025 13:26:53","2022",
"2300","12","汽车制造业","地方政策-深圳市人民政府政策数量","2","17/9/2025 11:07:19","21/10/2025 13:26:53","2022",
"2301","32","仪器仪表制造业","地方政策-深圳市人民政府政策数量","2","17/9/2025 11:07:19","21/10/2025 13:26:53","2022",
"2302","30","科学研究和技术服务业","地方政策-深圳市人民政府政策数量","1","17/9/2025 11:07:19","21/10/2025 13:26:53","2022",
"2303","1","医药制造业","地方政策-深圳市人民政府政策数量","1","17/9/2025 11:07:19","21/10/2025 13:26:53","2022",
"2304","2","化学原料和化学制品制造业","地方政策-深圳市人民政府政策数量","1","17/9/2025 11:07:19","21/10/2025 13:26:53","2022",
"2305",,"互联网和相关服务","地方政策-深圳市人民政府政策数量","1","17/9/2025 11:07:19","17/9/2025 11:07:19","2022",
"2306","13","电力、热力、燃气及水生产和供应业","地方政策-深圳市人民政府政策数量","1","17/9/2025 11:07:19","21/10/2025 13:26:53","2022",
"2307","27","铁路、船舶、航空航天和其他运输设备制造业","地方政策-深圳市人民政府政策数量","1","17/9/2025 11:07:19","21/10/2025 13:26:53","2022",
"2308","18","通用设备制造业","地方政策-深圳市人民政府政策数量","1","17/9/2025 11:07:19","21/10/2025 13:26:53","2022",
"2309","26","金属制品业","地方政策-深圳市人民政府政策数量","1","17/9/2025 11:07:19","21/10/2025 13:26:53","2022",
"2310","22","非金属矿物制品业","地方政策-深圳市人民政府政策数量","1","17/9/2025 11:07:19","21/10/2025 13:26:53","2022",
"2311","41","文教、工美、体育和娱乐用品制造业","地方政策-深圳市人民政府政策数量","1","17/9/2025 11:07:20","21/10/2025 13:26:53","2022",
"2312","38","家具制造业","地方政策-深圳市人民政府政策数量","1","17/9/2025 11:07:20","21/10/2025 13:26:53","2022",
"2313","15","纺织鞋服业","地方政策-深圳市人民政府政策数量","1","17/9/2025 11:07:20","21/10/2025 13:26:53","2022",
"2314","9","批发和零售业","地方政策-深圳市人民政府政策数量","1","17/9/2025 11:07:20","21/10/2025 13:26:53","2022",
"2315","33","文化、体育和娱乐业","地方政策-深圳市人民政府政策数量","1","17/9/2025 11:07:20","21/10/2025 13:26:53","2022",
"2316","20","租赁和商务服务业","地方政策-深圳市人民政府政策数量","1","17/9/2025 11:07:20","21/10/2025 13:26:53","2022",
"2317","28","水利、环境和公共设施管理业","地方政策-深圳市人民政府政策数量","1","17/9/2025 11:07:20","21/10/2025 13:26:52","2022",
"2318","24","综合","地方政策-深圳市人民政府政策数量","1","17/9/2025 11:07:20","21/10/2025 13:26:53","2022",
"2319","5","专用设备制造业","地方政策-深圳市工业和信息化局政策数量","2","17/9/2025 11:07:20","21/10/2025 13:26:53","2022",
"2320","21","通信传输设备业","地方政策-深圳市工业和信息化局政策数量","3","17/9/2025 11:07:20","21/10/2025 13:26:53","2022",
"2321","19","半导体业","地方政策-深圳市工业和信息化局政策数量","2","17/9/2025 11:07:20","21/10/2025 13:26:53","2022",
"2322","12","汽车制造业","地方政策-深圳市工业和信息化局政策数量","2","17/9/2025 11:07:20","21/10/2025 13:26:53","2022",
"2323","32","仪器仪表制造业","地方政策-深圳市工业和信息化局政策数量","2","17/9/2025 11:07:20","21/10/2025 13:26:53","2022",
"2324","1","医药制造业","地方政策-深圳市工业和信息化局政策数量","1","17/9/2025 11:07:20","21/10/2025 13:26:53","2022",
"2325","2","化学原料和化学制品制造业","地方政策-深圳市工业和信息化局政策数量","1","17/9/2025 11:07:20","21/10/2025 13:26:53","2022",
"2326","18","通用设备制造业","地方政策-深圳市工业和信息化局政策数量","2","17/9/2025 11:07:20","21/10/2025 13:26:53","2022",
"2327","27","铁路、船舶、航空航天和其他运输设备制造业","地方政策-深圳市工业和信息化局政策数量","1","17/9/2025 11:07:20","21/10/2025 13:26:53","2022",
"2328",,"电气机械和器材制造业","地方政策-深圳市工业和信息化局政策数量","1","17/9/2025 11:07:20","17/9/2025 11:07:20","2022",
"2329","25","其他制造业","地方政策-深圳市工业和信息化局政策数量","2","17/9/2025 11:07:20","21/10/2025 13:26:53","2022",
"2330","5","专用设备制造业","地方政策-深圳市规划和自然资源局政策数量","1","17/9/2025 11:07:20","21/10/2025 13:26:53","2022",
"2331","21","通信传输设备业","地方政策-深圳市规划和自然资源局政策数量","1","17/9/2025 11:07:21","21/10/2025 13:26:53","2022",
"2332","19","半导体业","地方政策-深圳市规划和自然资源局政策数量","1","17/9/2025 11:07:21","21/10/2025 13:26:53","2022",
"2333","12","汽车制造业","地方政策-深圳市规划和自然资源局政策数量","1","17/9/2025 11:07:21","21/10/2025 13:26:53","2022",
"2334","32","仪器仪表制造业","地方政策-深圳市规划和自然资源局政策数量","1","17/9/2025 11:07:21","21/10/2025 13:26:53","2022",
"2335","1","医药制造业","地方政策-深圳市规划和自然资源局政策数量","1","17/9/2025 11:07:21","21/10/2025 13:26:53","2022",
"2336","2","化学原料和化学制品制造业","地方政策-深圳市规划和自然资源局政策数量","1","17/9/2025 11:07:21","21/10/2025 13:26:53","2022",
"2337","18","通用设备制造业","地方政策-深圳市规划和自然资源局政策数量","1","17/9/2025 11:07:21","21/10/2025 13:26:53","2022",
"2338","27","铁路、船舶、航空航天和其他运输设备制造业","地方政策-深圳市规划和自然资源局政策数量","1","17/9/2025 11:07:21","21/10/2025 13:26:53","2022",
"2339",,"电气机械和器材制造业","地方政策-深圳市规划和自然资源局政策数量","1","17/9/2025 11:07:21","17/9/2025 11:07:21","2022",
"2340","25","其他制造业","地方政策-深圳市规划和自然资源局政策数量","1","17/9/2025 11:07:21","21/10/2025 13:26:53","2022",
"2341","3","信息传输、软件和信息技术服务业","地方政策-广州南沙开发区管委会办公室秘书处政策数量","1","17/9/2025 11:07:21","21/10/2025 13:26:52","2022",
"2342","30","科学研究和技术服务业","地方政策-广州南沙开发区管委会办公室秘书处政策数量","1","17/9/2025 11:07:21","21/10/2025 13:26:53","2022",
"2343","7","金融业","地方政策-广州南沙开发区管委会办公室秘书处政策数量","1","17/9/2025 11:07:21","21/10/2025 13:26:52","2022",
"2344","20","租赁和商务服务业","地方政策-广州南沙开发区管委会办公室秘书处政策数量","1","17/9/2025 11:07:21","21/10/2025 13:26:53","2022",
"2345","24","综合","地方政策-广州南沙开发区管委会办公室秘书处政策数量","1","17/9/2025 11:07:21","21/10/2025 13:26:53","2022",
"2346","1","医药制造业","部委政策-消费品工业司政策数量","1","17/9/2025 11:07:21","21/10/2025 13:26:53","2022",
"2347","41","文教、工美、体育和娱乐用品制造业","部委政策-消费品工业司政策数量","1","17/9/2025 11:07:21","21/10/2025 13:26:53","2022",
"2348","36","造纸和纸制品业","部委政策-消费品工业司政策数量","1","17/9/2025 11:07:21","21/10/2025 13:26:53","2022",
"2349","43","化学纤维制造业","部委政策-消费品工业司政策数量","1","17/9/2025 11:07:21","21/10/2025 13:26:53","2022",
"2350","23","橡胶和塑料制品业","部委政策-消费品工业司政策数量","1","17/9/2025 11:07:21","21/10/2025 13:26:53","2022",
"2351","25","其他制造业","部委政策-消费品工业司政策数量","1","17/9/2025 11:07:22","21/10/2025 13:26:53","2022",
"2352","15","纺织鞋服业","部委政策-国家知识产权局政策数量","1","17/9/2025 11:07:22","21/10/2025 13:26:53","2022",
"2353","10","食品饮料业","部委政策-国家知识产权局政策数量","1","17/9/2025 11:07:22","21/10/2025 13:26:53","2022",
"2354","1","医药制造业","部委政策-国家知识产权局政策数量","1","17/9/2025 11:07:22","21/10/2025 13:26:53","2022",
"2355","6","消费电子及电气业","部委政策-国家知识产权局政策数量","1","17/9/2025 11:07:22","21/10/2025 13:26:53","2022",
"2356","38","家具制造业","部委政策-国家知识产权局政策数量","1","17/9/2025 11:07:22","21/10/2025 13:26:53","2022",
"2357","41","文教、工美、体育和娱乐用品制造业","部委政策-国家知识产权局政策数量","1","17/9/2025 11:07:22","21/10/2025 13:26:53","2022",
"2358","36","造纸和纸制品业","部委政策-国家知识产权局政策数量","1","17/9/2025 11:07:22","21/10/2025 13:26:53","2022",
"2359","43","化学纤维制造业","部委政策-国家知识产权局政策数量","1","17/9/2025 11:07:22","21/10/2025 13:26:53","2022",
"2360","23","橡胶和塑料制品业","部委政策-国家知识产权局政策数量","1","17/9/2025 11:07:22","21/10/2025 13:26:53","2022",
"2361","25","其他制造业","部委政策-国家知识产权局政策数量","1","17/9/2025 11:07:22","21/10/2025 13:26:53","2022",
"2362","15","纺织鞋服业","部委政策-国家药品监督管理局政策数量","1","17/9/2025 11:07:22","21/10/2025 13:26:53","2022",
"2363","10","食品饮料业","部委政策-国家药品监督管理局政策数量","1","17/9/2025 11:07:22","21/10/2025 13:26:53","2022",
"2364","1","医药制造业","部委政策-国家药品监督管理局政策数量","2","17/9/2025 11:07:22","21/10/2025 13:26:53","2022",
"2365","6","消费电子及电气业","部委政策-国家药品监督管理局政策数量","1","17/9/2025 11:07:22","21/10/2025 13:26:53","2022",
"2366","38","家具制造业","部委政策-国家药品监督管理局政策数量","1","17/9/2025 11:07:22","21/10/2025 13:26:53","2022",
"2367","41","文教、工美、体育和娱乐用品制造业","部委政策-国家药品监督管理局政策数量","1","17/9/2025 11:07:22","21/10/2025 13:26:53","2022",
"2368","36","造纸和纸制品业","部委政策-国家药品监督管理局政策数量","1","17/9/2025 11:07:22","21/10/2025 13:26:53","2022",
"2369","43","化学纤维制造业","部委政策-国家药品监督管理局政策数量","1","17/9/2025 11:07:22","21/10/2025 13:26:53","2022",
"2370","23","橡胶和塑料制品业","部委政策-国家药品监督管理局政策数量","1","17/9/2025 11:07:22","21/10/2025 13:26:53","2022",
"2371","25","其他制造业","部委政策-国家药品监督管理局政策数量","1","17/9/2025 11:07:23","21/10/2025 13:26:53","2022",
"2372","1","医药制造业","部委政策-工业和信息化部政策数量","5","17/9/2025 11:07:23","21/10/2025 13:26:53","2022",
"2373","1","医药制造业","部委政策-商务部政策数量","3","17/9/2025 11:07:23","21/10/2025 13:26:53","2022",
"2374","43","化学纤维制造业","部委政策-商务部政策数量","1","17/9/2025 11:07:23","21/10/2025 13:26:53","2022",
"2375","12","汽车制造业","地方政策-深圳市人民代表大会常务委员会政策数量","1","17/9/2025 11:07:23","21/10/2025 13:26:53","2022",
"2376",,"互联网和相关服务","地方政策-深圳市人民代表大会常务委员会政策数量","1","17/9/2025 11:07:23","17/9/2025 11:07:23","2022",
"2377","21","通信传输设备业","地方政策-深圳市人民代表大会常务委员会政策数量","1","17/9/2025 11:07:23","21/10/2025 13:26:53","2022",
"2378","13","电力、热力、燃气及水生产和供应业","地方政策-吉林市人民政府办公室政策数量","1","17/9/2025 11:07:23","21/10/2025 13:26:53","2022",
"2379","13","电力、热力、燃气及水生产和供应业","地方政策-辽宁省人民政府政策数量","1","17/9/2025 11:07:23","21/10/2025 13:26:53","2022",
"2380","29","金属冶炼和压延加工业","地方政策-辽宁省人民政府政策数量","1","17/9/2025 11:07:23","21/10/2025 13:26:53","2022",
"2381","22","非金属矿物制品业","地方政策-辽宁省人民政府政策数量","1","17/9/2025 11:07:23","21/10/2025 13:26:53","2022",
"2382","45","石油加工、炼焦和核燃料加工业","地方政策-辽宁省人民政府政策数量","1","17/9/2025 11:07:23","21/10/2025 13:26:53","2022",
"2383","17","交通运输、仓储和邮政业","地方政策-辽宁省人民政府政策数量","1","17/9/2025 11:07:23","21/10/2025 13:26:53","2022",
"2384","2","化学原料和化学制品制造业","地方政策-辽宁省人民政府政策数量","1","17/9/2025 11:07:23","21/10/2025 13:26:53","2022",
"2385","43","化学纤维制造业","地方政策-辽宁省人民政府政策数量","1","17/9/2025 11:07:23","21/10/2025 13:26:53","2022",
"2386","36","造纸和纸制品业","地方政策-辽宁省人民政府政策数量","1","17/9/2025 11:07:23","21/10/2025 13:26:53","2022",
"2387","15","纺织鞋服业","地方政策-辽宁省人民政府政策数量","1","17/9/2025 11:07:23","21/10/2025 13:26:53","2022",
"2388","23","橡胶和塑料制品业","地方政策-辽宁省人民政府政策数量","1","17/9/2025 11:07:23","21/10/2025 13:26:53","2022",
"2389","38","家具制造业","地方政策-辽宁省人民政府政策数量","1","17/9/2025 11:07:23","21/10/2025 13:26:53","2022",
"2390","41","文教、工美、体育和娱乐用品制造业","地方政策-辽宁省人民政府政策数量","1","17/9/2025 11:07:23","21/10/2025 13:26:53","2022",
"2391","39","印刷和记录媒介复制业","地方政策-辽宁省人民政府政策数量","1","17/9/2025 11:07:24","21/10/2025 13:26:53","2022",
"2392","1","医药制造业","地方政策-辽宁省人民政府政策数量","1","17/9/2025 11:07:24","21/10/2025 13:26:53","2022",
"2393","18","通用设备制造业","地方政策-辽宁省人民政府政策数量","1","17/9/2025 11:07:24","21/10/2025 13:26:53","2022",
"2394","5","专用设备制造业","地方政策-辽宁省人民政府政策数量","1","17/9/2025 11:07:24","21/10/2025 13:26:53","2022",
"2395","12","汽车制造业","地方政策-辽宁省人民政府政策数量","1","17/9/2025 11:07:24","21/10/2025 13:26:53","2022",
"2396","27","铁路、船舶、航空航天和其他运输设备制造业","地方政策-辽宁省人民政府政策数量","1","17/9/2025 11:07:24","21/10/2025 13:26:53","2022",
"2397",,"电气机械和器材制造业","地方政策-辽宁省人民政府政策数量","1","17/9/2025 11:07:24","17/9/2025 11:07:24","2022",
"2398",,"计算机、通信和其他电子设备制造业","地方政策-辽宁省人民政府政策数量","1","17/9/2025 11:07:24","17/9/2025 11:07:24","2022",
"2399","32","仪器仪表制造业","地方政策-辽宁省人民政府政策数量","1","17/9/2025 11:07:24","21/10/2025 13:26:53","2022",
"2400","25","其他制造业","地方政策-辽宁省人民政府政策数量","1","17/9/2025 11:07:24","21/10/2025 13:26:53","2022",
"2401","46","废弃资源综合利用业","地方政策-辽宁省人民政府政策数量","1","17/9/2025 11:07:24","21/10/2025 13:26:53","2022",
"2402","14","采矿业","地方政策-辽宁省人民政府政策数量","1","17/9/2025 11:07:24","21/10/2025 13:26:53","2022",
"2403","16","建筑业","地方政策-辽宁省人民政府政策数量","1","17/9/2025 11:07:24","21/10/2025 13:26:53","2022",
"2404","28","水利、环境和公共设施管理业","地方政策-辽宁省人民政府政策数量","1","17/9/2025 11:07:24","21/10/2025 13:26:52","2022",
"2405","34","农、林、牧、渔业","地方政策-辽宁省人民政府政策数量","1","17/9/2025 11:07:24","21/10/2025 13:26:53","2022",
"2406","13","电力、热力、燃气及水生产和供应业","地方政策-宁夏回族自治区人民政府  政策数量","1","17/9/2025 11:07:24","21/10/2025 13:26:53","2022",
"2407","2","化学原料和化学制品制造业","地方政策-宁夏回族自治区人民政府  政策数量","1","17/9/2025 11:07:24","21/10/2025 13:26:53","2022",
"2408","29","金属冶炼和压延加工业","地方政策-宁夏回族自治区人民政府  政策数量","1","17/9/2025 11:07:24","21/10/2025 13:26:53","2022",
"2409","22","非金属矿物制品业","地方政策-宁夏回族自治区人民政府  政策数量","1","17/9/2025 11:07:24","21/10/2025 13:26:53","2022",
"2410","36","造纸和纸制品业","地方政策-宁夏回族自治区人民政府  政策数量","1","17/9/2025 11:07:24","21/10/2025 13:26:53","2022",
"2411","45","石油加工、炼焦和核燃料加工业","地方政策-宁夏回族自治区人民政府  政策数量","1","17/9/2025 11:07:25","21/10/2025 13:26:53","2022",
"2412","17","交通运输、仓储和邮政业","地方政策-宁夏回族自治区人民政府  政策数量","1","17/9/2025 11:07:25","21/10/2025 13:26:53","2022",
"2413","16","建筑业","地方政策-宁夏回族自治区人民政府  政策数量","1","17/9/2025 11:07:25","21/10/2025 13:26:53","2022",
"2414","14","采矿业","地方政策-宁夏回族自治区人民政府  政策数量","1","17/9/2025 11:07:25","21/10/2025 13:26:53","2022",
"2415",,"制造业","地方政策-宁夏回族自治区人民政府  政策数量","1","17/9/2025 11:07:25","17/9/2025 11:07:25","2022",
"2416","12","汽车制造业","地方政策-上海市人民政府办公厅政策数量","2","17/9/2025 11:07:25","21/10/2025 13:26:53","2022",
"2417","13","电力、热力、燃气及水生产和供应业","地方政策-上海市人民政府办公厅政策数量","1","17/9/2025 11:07:25","21/10/2025 13:26:53","2022",
"2418","17","交通运输、仓储和邮政业","地方政策-上海市人民政府办公厅政策数量","1","17/9/2025 11:07:25","21/10/2025 13:26:53","2022",
"2419","30","科学研究和技术服务业","部委政策-自然资源部政策数量","1","17/9/2025 11:07:25","21/10/2025 13:26:53","2022",
"2420","30","科学研究和技术服务业","部委政策-国资委政策数量","1","17/9/2025 11:07:25","21/10/2025 13:26:53","2022",
"2421","30","科学研究和技术服务业","部委政策-中国科协政策数量","1","17/9/2025 11:07:25","21/10/2025 13:26:53","2022",
"2422","1","医药制造业","部委政策-市场监督管理总局政策数量","1","17/9/2025 11:07:25","21/10/2025 13:26:53","2022",
"2423","3","信息传输、软件和信息技术服务业","部委政策-市场监督管理总局政策数量","1","17/9/2025 11:07:25","21/10/2025 13:26:52","2022",
"2424","5","专用设备制造业","部委政策-市场监督管理总局政策数量","1","17/9/2025 11:07:25","21/10/2025 13:26:53","2022",
"2425","6","消费电子及电气业","部委政策-市场监督管理总局政策数量","1","17/9/2025 11:07:25","21/10/2025 13:26:53","2022",
"2426","12","汽车制造业","部委政策-市场监督管理总局政策数量","1","17/9/2025 11:07:25","21/10/2025 13:26:53","2022",
"2427","18","通用设备制造业","部委政策-市场监督管理总局政策数量","1","17/9/2025 11:07:25","21/10/2025 13:26:53","2022",
"2428","19","半导体业","部委政策-市场监督管理总局政策数量","1","17/9/2025 11:07:26","21/10/2025 13:26:53","2022",
"2429","21","通信传输设备业","部委政策-市场监督管理总局政策数量","1","17/9/2025 11:07:26","21/10/2025 13:26:53","2022",
"2430","32","仪器仪表制造业","部委政策-市场监督管理总局政策数量","1","17/9/2025 11:07:26","21/10/2025 13:26:53","2022",
"2431","19","半导体业","部委政策-工业和信息化部政策数量","3","17/9/2025 11:07:26","21/10/2025 13:26:53","2022",
"2432","32","仪器仪表制造业","部委政策-工业和信息化部政策数量","4","17/9/2025 11:07:26","21/10/2025 13:26:53","2022",
"2433","30","科学研究和技术服务业","部委政策-科技部办公厅政策数量","4","17/9/2025 11:07:26","21/10/2025 13:26:53","2022",
"2434","30","科学研究和技术服务业","部委政策-财政部办公厅政策数量","2","17/9/2025 11:07:26","21/10/2025 13:26:53","2022",
"2435","30","科学研究和技术服务业","部委政策-人力资源社会保障部办公厅政策数量","1","17/9/2025 11:07:26","21/10/2025 13:26:53","2022",
"2436","3","信息传输、软件和信息技术服务业","地方政策-湖北省科技厅政策数量","1","17/9/2025 11:07:26","21/10/2025 13:26:52","2022",
"2437","12","汽车制造业","地方政策-湖北省科技厅政策数量","1","17/9/2025 11:07:26","21/10/2025 13:26:53","2022",
"2438","2","化学原料和化学制品制造业","地方政策-湖北省科技厅政策数量","1","17/9/2025 11:07:26","21/10/2025 13:26:53","2022",
"2439","1","医药制造业","地方政策-湖北省科技厅政策数量","1","17/9/2025 11:07:26","21/10/2025 13:26:53","2022",
"2440","27","铁路、船舶、航空航天和其他运输设备制造业","地方政策-湖北省科技厅政策数量","1","17/9/2025 11:07:26","21/10/2025 13:26:53","2022",
"2441","34","农、林、牧、渔业","地方政策-湖北省科技厅政策数量","1","17/9/2025 11:07:26","21/10/2025 13:26:53","2022",
"2442","30","科学研究和技术服务业","国务院政策-中共中央办公厅政策数量","2","17/9/2025 11:07:26","21/10/2025 13:26:53","2022",
"2443","30","科学研究和技术服务业","国务院政策-国务院办公厅政策数量","2","17/9/2025 11:07:27","21/10/2025 13:26:53","2022",
"2444","3","信息传输、软件和信息技术服务业","部委政策-国家发展和改革委员会政策数量","1","17/9/2025 11:07:27","21/10/2025 13:26:52","2022",
"2445",,"互联网和相关服务","部委政策-国家发展和改革委员会政策数量","1","17/9/2025 11:07:27","17/9/2025 11:07:27","2022",
"2446","21","通信传输设备业","部委政策-国家发展和改革委员会政策数量","1","17/9/2025 11:07:27","21/10/2025 13:26:53","2022",
"2447","3","信息传输、软件和信息技术服务业","部委政策-商务部政策数量","3","17/9/2025 11:07:27","21/10/2025 13:26:52","2022",
"2448",,"互联网和相关服务","部委政策-商务部政策数量","3","17/9/2025 11:07:27","17/9/2025 11:07:27","2022",
"2449","21","通信传输设备业","部委政策-商务部政策数量","1","17/9/2025 11:07:27","21/10/2025 13:26:53","2022",
"2450","3","信息传输、软件和信息技术服务业","部委政策-国家机关事务管理局政策数量","1","17/9/2025 11:07:27","21/10/2025 13:26:52","2022",
"2451",,"互联网和相关服务","部委政策-国家机关事务管理局政策数量","1","17/9/2025 11:07:27","17/9/2025 11:07:27","2022",
"2452","21","通信传输设备业","部委政策-国家机关事务管理局政策数量","1","17/9/2025 11:07:27","21/10/2025 13:26:53","2022",
"2453","3","信息传输、软件和信息技术服务业","部委政策-中国银行保险监督管理委员会政策数量","1","17/9/2025 11:07:27","21/10/2025 13:26:52","2022",
"2454",,"互联网和相关服务","部委政策-中国银行保险监督管理委员会政策数量","1","17/9/2025 11:07:27","17/9/2025 11:07:27","2022",
"2455","21","通信传输设备业","部委政策-中国银行保险监督管理委员会政策数量","1","17/9/2025 11:07:27","21/10/2025 13:26:53","2022",
"2456",,"互联网和相关服务","部委政策-国家能源局政策数量","2","17/9/2025 11:07:27","17/9/2025 11:07:27","2022",
"2457","5","专用设备制造业","地方政策-安徽省人民政府办公厅政策数量","1","17/9/2025 11:07:27","21/10/2025 13:26:53","2022",
"2458","18","通用设备制造业","地方政策-安徽省人民政府办公厅政策数量","1","17/9/2025 11:07:28","21/10/2025 13:26:53","2022",
"2459","32","仪器仪表制造业","地方政策-安徽省人民政府办公厅政策数量","1","17/9/2025 11:07:28","21/10/2025 13:26:53","2022",
"2460","12","汽车制造业","地方政策-安徽省人民政府办公厅政策数量","1","17/9/2025 11:07:28","21/10/2025 13:26:53","2022",
"2461","27","铁路、船舶、航空航天和其他运输设备制造业","地方政策-安徽省人民政府办公厅政策数量","1","17/9/2025 11:07:28","21/10/2025 13:26:53","2022",
"2462",,"电气机械和器材制造业","地方政策-安徽省人民政府办公厅政策数量","1","17/9/2025 11:07:28","17/9/2025 11:07:28","2022",
"2463","2","化学原料和化学制品制造业","地方政策-安徽省人民政府办公厅政策数量","1","17/9/2025 11:07:28","21/10/2025 13:26:53","2022",
"2464","1","医药制造业","地方政策-安徽省人民政府办公厅政策数量","1","17/9/2025 11:07:28","21/10/2025 13:26:53","2022",
"2465","23","橡胶和塑料制品业","地方政策-安徽省人民政府办公厅政策数量","1","17/9/2025 11:07:28","21/10/2025 13:26:53","2022",
"2466","22","非金属矿物制品业","地方政策-安徽省人民政府办公厅政策数量","1","17/9/2025 11:07:28","21/10/2025 13:26:53","2022",
"2467","26","金属制品业","地方政策-安徽省人民政府办公厅政策数量","1","17/9/2025 11:07:28","21/10/2025 13:26:53","2022",
"2468","29","金属冶炼和压延加工业","地方政策-安徽省人民政府办公厅政策数量","1","17/9/2025 11:07:28","21/10/2025 13:26:53","2022",
"2469","25","其他制造业","地方政策-安徽省人民政府办公厅政策数量","1","17/9/2025 11:07:28","21/10/2025 13:26:53","2022",
"2470","5","专用设备制造业","地方政策-天津市人民政府办公厅政策数量","1","17/9/2025 11:07:28","21/10/2025 13:26:53","2022",
"2471","18","通用设备制造业","地方政策-天津市人民政府办公厅政策数量","1","17/9/2025 11:07:28","21/10/2025 13:26:53","2022",
"2472","32","仪器仪表制造业","地方政策-天津市人民政府办公厅政策数量","1","17/9/2025 11:07:28","21/10/2025 13:26:53","2022",
"2473","27","铁路、船舶、航空航天和其他运输设备制造业","地方政策-天津市人民政府办公厅政策数量","1","17/9/2025 11:07:29","21/10/2025 13:26:53","2022",
"2474","7","金融业","地方政策-河南省工业和信息化厅政策数量","1","17/9/2025 11:07:29","21/10/2025 13:26:52","2022",
"2475","1","医药制造业","地方政策-山东省人民政府办公厅政策数量","1","17/9/2025 11:07:29","21/10/2025 13:26:53","2022",
"2476","9","批发和零售业","地方政策-山东省人民政府办公厅政策数量","1","17/9/2025 11:07:29","21/10/2025 13:26:53","2022",
"2477","27","铁路、船舶、航空航天和其他运输设备制造业","地方政策-山东省人民政府办公厅政策数量","1","17/9/2025 11:07:29","21/10/2025 13:26:53","2022",
"2478","34","农、林、牧、渔业","地方政策-山东省人民政府办公厅政策数量","1","17/9/2025 11:07:29","21/10/2025 13:26:53","2022",
"2479","30","科学研究和技术服务业","地方政策-北京市人民政府办公厅政策数量","1","17/9/2025 11:07:29","21/10/2025 13:26:53","2022",
"2480","13","电力、热力、燃气及水生产和供应业","部委政策-“十四五”新型储能发展实施方案政策数量","1","17/9/2025 11:07:29","21/10/2025 13:26:53","2022",
"2481","34","农、林、牧、渔业","部委政策-国家能源局政策数量","1","17/9/2025 11:07:29","21/10/2025 13:26:53","2022",
"2482","21","通信传输设备业","部委政策-国家互联网信息办公室政策数量","2","17/9/2025 11:07:29","21/10/2025 13:26:53","2022",
"2483","3","信息传输、软件和信息技术服务业","部委政策-中华人民共和国国家发展和改革委员会政策数量","1","17/9/2025 11:07:29","21/10/2025 13:26:52","2022",
"2484",,"互联网和相关服务","部委政策-中华人民共和国国家发展和改革委员会政策数量","1","17/9/2025 11:07:29","17/9/2025 11:07:29","2022",
"2485","21","通信传输设备业","部委政策-中华人民共和国国家发展和改革委员会政策数量","1","17/9/2025 11:07:29","21/10/2025 13:26:53","2022",
"2486","3","信息传输、软件和信息技术服务业","部委政策-中华人民共和国工业和信息化部政策数量","1","17/9/2025 11:07:29","21/10/2025 13:26:52","2022",
"2487",,"互联网和相关服务","部委政策-中华人民共和国工业和信息化部政策数量","3","17/9/2025 11:07:29","17/9/2025 11:07:29","2022",
"2488","21","通信传输设备业","部委政策-中华人民共和国工业和信息化部政策数量","1","17/9/2025 11:07:29","21/10/2025 13:26:53","2022",
"2489","3","信息传输、软件和信息技术服务业","部委政策-中华人民共和国公安部政策数量","1","17/9/2025 11:07:29","21/10/2025 13:26:52","2022",
"2490",,"互联网和相关服务","部委政策-中华人民共和国公安部政策数量","3","17/9/2025 11:07:29","17/9/2025 11:07:29","2022",
"2491","21","通信传输设备业","部委政策-中华人民共和国公安部政策数量","1","17/9/2025 11:07:29","21/10/2025 13:26:53","2022",
"2492","3","信息传输、软件和信息技术服务业","部委政策-中华人民共和国国家安全部政策数量","1","17/9/2025 11:07:30","21/10/2025 13:26:52","2022",
"2493",,"互联网和相关服务","部委政策-中华人民共和国国家安全部政策数量","1","17/9/2025 11:07:30","17/9/2025 11:07:30","2022",
"2494","21","通信传输设备业","部委政策-中华人民共和国国家安全部政策数量","1","17/9/2025 11:07:30","21/10/2025 13:26:53","2022",
"2495","3","信息传输、软件和信息技术服务业","部委政策-中华人民共和国财政部政策数量","1","17/9/2025 11:07:30","21/10/2025 13:26:52","2022",
"2496",,"互联网和相关服务","部委政策-中华人民共和国财政部政策数量","1","17/9/2025 11:07:30","17/9/2025 11:07:30","2022",
"2497","21","通信传输设备业","部委政策-中华人民共和国财政部政策数量","1","17/9/2025 11:07:30","21/10/2025 13:26:53","2022",
"2498","3","信息传输、软件和信息技术服务业","部委政策-中华人民共和国商务部政策数量","1","17/9/2025 11:07:30","21/10/2025 13:26:52","2022",
"2499",,"互联网和相关服务","部委政策-中华人民共和国商务部政策数量","1","17/9/2025 11:07:30","17/9/2025 11:07:30","2022",
"2500","21","通信传输设备业","部委政策-中华人民共和国商务部政策数量","1","17/9/2025 11:07:30","21/10/2025 13:26:53","2022",
"2501","3","信息传输、软件和信息技术服务业","部委政策-中国人民银行政策数量","2","17/9/2025 11:07:30","21/10/2025 13:26:52","2022",
"2502",,"互联网和相关服务","部委政策-中国人民银行政策数量","1","17/9/2025 11:07:30","17/9/2025 11:07:30","2022",
"2503","21","通信传输设备业","部委政策-中国人民银行政策数量","1","17/9/2025 11:07:30","21/10/2025 13:26:53","2022",
"2504","3","信息传输、软件和信息技术服务业","部委政策-国家广播电视总局政策数量","3","17/9/2025 11:07:30","21/10/2025 13:26:52","2022",
"2505",,"互联网和相关服务","部委政策-国家广播电视总局政策数量","3","17/9/2025 11:07:30","17/9/2025 11:07:30","2022",
"2506","21","通信传输设备业","部委政策-国家广播电视总局政策数量","2","17/9/2025 11:07:30","21/10/2025 13:26:53","2022",
"2507","3","信息传输、软件和信息技术服务业","部委政策-中国证券监督管理委员会国家保密局政策数量","1","17/9/2025 11:07:30","21/10/2025 13:26:52","2022",
"2508",,"互联网和相关服务","部委政策-中国证券监督管理委员会国家保密局政策数量","1","17/9/2025 11:07:30","17/9/2025 11:07:30","2022",
"2509","21","通信传输设备业","部委政策-中国证券监督管理委员会国家保密局政策数量","1","17/9/2025 11:07:30","21/10/2025 13:26:53","2022",
"2510","3","信息传输、软件和信息技术服务业","部委政策-国家密码管理局政策数量","1","17/9/2025 11:07:30","21/10/2025 13:26:52","2022",
"2511",,"互联网和相关服务","部委政策-国家密码管理局政策数量","1","17/9/2025 11:07:31","17/9/2025 11:07:31","2022",
"2512","21","通信传输设备业","部委政策-国家密码管理局政策数量","1","17/9/2025 11:07:31","21/10/2025 13:26:53","2022",
"2513","7","金融业","部委政策-中国人民银行政策数量","3","17/9/2025 11:07:31","21/10/2025 13:26:52","2022",
"2514","5","专用设备制造业","地方政策-湖南省第十三届人民代表大会常务委员会政策数量","1","17/9/2025 11:07:31","21/10/2025 13:26:53","2022",
"2515","27","铁路、船舶、航空航天和其他运输设备制造业","地方政策-湖南省第十三届人民代表大会常务委员会政策数量","1","17/9/2025 11:07:31","21/10/2025 13:26:53","2022",
"2516","3","信息传输、软件和信息技术服务业","地方政策-湖南省第十三届人民代表大会常务委员会政策数量","1","17/9/2025 11:07:31","21/10/2025 13:26:52","2022",
"2517","12","汽车制造业","地方政策-湖南省第十三届人民代表大会常务委员会政策数量","1","17/9/2025 11:07:31","21/10/2025 13:26:53","2022",
"2518","29","金属冶炼和压延加工业","地方政策-湖南省第十三届人民代表大会常务委员会政策数量","1","17/9/2025 11:07:31","21/10/2025 13:26:53","2022",
"2519","1","医药制造业","地方政策-湖南省第十三届人民代表大会常务委员会政策数量","1","17/9/2025 11:07:31","21/10/2025 13:26:53","2022",
"2520","32","仪器仪表制造业","地方政策-湖南省第十三届人民代表大会常务委员会政策数量","1","17/9/2025 11:07:31","21/10/2025 13:26:53","2022",
"2521","2","化学原料和化学制品制造业","地方政策-湖南省第十三届人民代表大会常务委员会政策数量","1","17/9/2025 11:07:31","21/10/2025 13:26:53","2022",
"2522","22","非金属矿物制品业","地方政策-湖南省第十三届人民代表大会常务委员会政策数量","1","17/9/2025 11:07:31","21/10/2025 13:26:53","2022",
"2523","23","橡胶和塑料制品业","地方政策-湖南省第十三届人民代表大会常务委员会政策数量","1","17/9/2025 11:07:31","21/10/2025 13:26:53","2022",
"2524","25","其他制造业","地方政策-湖南省第十三届人民代表大会常务委员会政策数量","1","17/9/2025 11:07:31","21/10/2025 13:26:53","2022",
"2525","26","金属制品业","地方政策-湖南省第十三届人民代表大会常务委员会政策数量","1","17/9/2025 11:07:31","21/10/2025 13:26:53","2022",
"2526","18","通用设备制造业","地方政策-湖南省第十三届人民代表大会常务委员会政策数量","1","17/9/2025 11:07:31","21/10/2025 13:26:53","2022",
"2527","13","电力、热力、燃气及水生产和供应业","地方政策-湖南省第十三届人民代表大会常务委员会政策数量","1","17/9/2025 11:07:32","21/10/2025 13:26:53","2022",
"2528",,"互联网和相关服务","地方政策-湖南省第十三届人民代表大会常务委员会政策数量","1","17/9/2025 11:07:32","17/9/2025 11:07:32","2022",
"2529","21","通信传输设备业","地方政策-湖南省第十三届人民代表大会常务委员会政策数量","1","17/9/2025 11:07:32","21/10/2025 13:26:53","2022",
"2530","19","半导体业","地方政策-湖南省第十三届人民代表大会常务委员会政策数量","1","17/9/2025 11:07:32","21/10/2025 13:26:53","2022",
"2531","30","科学研究和技术服务业","地方政策-湖南省第十三届人民代表大会常务委员会政策数量","1","17/9/2025 11:07:32","21/10/2025 13:26:53","2022",
"2532",,"电气机械和器材制造业","地方政策-湖南省第十三届人民代表大会常务委员会政策数量","1","17/9/2025 11:07:32","17/9/2025 11:07:32","2022",
"2533","30","科学研究和技术服务业","地方政策-西安市人民政府政策数量","1","17/9/2025 11:07:32","21/10/2025 13:26:53","2022",
"2534",,"互联网和相关服务","部委政策-国家发展改革委政策数量","2","17/9/2025 11:07:32","17/9/2025 11:07:32","2022",
"2535","3","信息传输、软件和信息技术服务业","部委政策-市场监管总局政策数量","1","17/9/2025 11:07:32","21/10/2025 13:26:52","2022",
"2536",,"互联网和相关服务","部委政策-市场监管总局政策数量","2","17/9/2025 11:07:32","17/9/2025 11:07:32","2022",
"2537","3","信息传输、软件和信息技术服务业","部委政策-人力资源社会保障部政策数量","1","17/9/2025 11:07:32","21/10/2025 13:26:52","2022",
"2538",,"互联网和相关服务","部委政策-人力资源社会保障部政策数量","1","17/9/2025 11:07:32","17/9/2025 11:07:32","2022",
"2539","3","信息传输、软件和信息技术服务业","部委政策-人民银行政策数量","1","17/9/2025 11:07:32","21/10/2025 13:26:52","2022",
"2540",,"互联网和相关服务","部委政策-人民银行政策数量","2","17/9/2025 11:07:32","17/9/2025 11:07:32","2022",
"2541","3","信息传输、软件和信息技术服务业","部委政策-税务总局政策数量","3","17/9/2025 11:07:32","21/10/2025 13:26:52","2022",
"2542",,"互联网和相关服务","部委政策-税务总局政策数量","3","17/9/2025 11:07:32","17/9/2025 11:07:32","2022",
"2543","3","信息传输、软件和信息技术服务业","部委政策-中央网信办信息化发展局等政策数量","1","17/9/2025 11:07:33","21/10/2025 13:26:52","2022",
"2544",,"互联网和相关服务","部委政策-中央网信办信息化发展局等政策数量","1","17/9/2025 11:07:33","17/9/2025 11:07:33","2022",
"2545","21","通信传输设备业","部委政策-中央网信办信息化发展局等政策数量","1","17/9/2025 11:07:33","21/10/2025 13:26:53","2022",
"2546",,"电信、广播电视和卫星传输服务","部委政策-中央网信办信息化发展局等政策数量","1","17/9/2025 11:07:33","17/9/2025 11:07:33","2022",
"2547","17","交通运输、仓储和邮政业","国务院政策-国务院政策数量","1","17/9/2025 11:07:33","21/10/2025 13:26:53","2022",
"2548","19","半导体业","地方政策-上海市人民政府政策数量","1","17/9/2025 11:07:33","21/10/2025 13:26:53","2022",
"2549","7","金融业","地方政策-北京市科学技术委员会、中关村科技园区管理委员会等政策数量","1","17/9/2025 11:07:33","21/10/2025 13:26:52","2022",
"2550","3","信息传输、软件和信息技术服务业","地方政策-北京市科学技术委员会、中关村科技园区管理委员会等政策数量","1","17/9/2025 11:07:33","21/10/2025 13:26:52","2022",
"2551","30","科学研究和技术服务业","地方政策-北京市科学技术委员会、中关村科技园区管理委员会等政策数量","1","17/9/2025 11:07:33","21/10/2025 13:26:53","2022",
"2552","3","信息传输、软件和信息技术服务业","部委政策-国家知识产权局政策数量","2","17/9/2025 11:07:33","21/10/2025 13:26:52","2022",
"2553",,"互联网和相关服务","部委政策-国家知识产权局政策数量","2","17/9/2025 11:07:33","17/9/2025 11:07:33","2022",
"2554","30","科学研究和技术服务业","部委政策-国家知识产权局政策数量","2","17/9/2025 11:07:33","21/10/2025 13:26:53","2022",
"2555","28","水利、环境和公共设施管理业","部委政策-住房和城乡建设部办公厅政策数量","1","17/9/2025 11:07:33","21/10/2025 13:26:52","2022",
"2556",,"互联网和相关服务","地方政策-山东省人民政府办公厅政策数量","3","17/9/2025 11:07:33","17/9/2025 11:07:33","2022",
"2557","1","医药制造业","地方政策-黑龙江省人民政府政策数量","1","17/9/2025 11:07:33","21/10/2025 13:26:53","2022",
"2558","2","化学原料和化学制品制造业","地方政策-黑龙江省人民政府政策数量","1","17/9/2025 11:07:33","21/10/2025 13:26:53","2022",
"2559","34","农、林、牧、渔业","地方政策-黑龙江省人民政府政策数量","1","17/9/2025 11:07:33","21/10/2025 13:26:53","2022",
"2560","30","科学研究和技术服务业","地方政策-黑龙江省人民政府政策数量","1","17/9/2025 11:07:33","21/10/2025 13:26:53","2022",
"2561","13","电力、热力、燃气及水生产和供应业","地方政策-黑龙江省人民政府政策数量","1","17/9/2025 11:07:33","21/10/2025 13:26:53","2022",
"2562","28","水利、环境和公共设施管理业","地方政策-黑龙江省人民政府政策数量","1","17/9/2025 11:07:34","21/10/2025 13:26:52","2022",
"2563","5","专用设备制造业","地方政策-黑龙江省人民政府政策数量","1","17/9/2025 11:07:34","21/10/2025 13:26:53","2022",
"2564","32","仪器仪表制造业","地方政策-黑龙江省人民政府政策数量","1","17/9/2025 11:07:34","21/10/2025 13:26:53","2022",
"2565","1","医药制造业","地方政策-黑龙江省人民政府办公厅政策数量","1","17/9/2025 11:07:34","21/10/2025 13:26:53","2022",
"2566","34","农、林、牧、渔业","地方政策-黑龙江省人民政府办公厅政策数量","1","17/9/2025 11:07:34","21/10/2025 13:26:53","2022",
"2567","31","教育","地方政策-黑龙江省人民政府办公厅政策数量","1","17/9/2025 11:07:34","21/10/2025 13:26:53","2022",
"2568","35","卫生和社会工作","地方政策-黑龙江省人民政府办公厅政策数量","1","17/9/2025 11:07:34","21/10/2025 13:26:53","2022",
"2569","12","汽车制造业","地方政策-海南省工业和信息化厅政策数量","3","17/9/2025 11:07:34","21/10/2025 13:26:53","2022",
"2570","17","交通运输、仓储和邮政业","地方政策-海南省工业和信息化厅政策数量","2","17/9/2025 11:07:34","21/10/2025 13:26:53","2022",
"2571","1","医药制造业","部委政策-国家发展和改革委员会政策数量","1","17/9/2025 11:07:34","21/10/2025 13:26:53","2022",
"2572","1","医药制造业","部委政策-科学技术部政策数量","1","17/9/2025 11:07:34","21/10/2025 13:26:53","2022",
"2573","1","医药制造业","部委政策-国家卫生健康委员会政策数量","1","17/9/2025 11:07:34","21/10/2025 13:26:53","2022",
"2574","1","医药制造业","部委政策-应急管理部政策数量","1","17/9/2025 11:07:34","21/10/2025 13:26:53","2022",
"2575","1","医药制造业","部委政策-国家医疗保障局政策数量","1","17/9/2025 11:07:34","21/10/2025 13:26:53","2022",
"2576","1","医药制造业","部委政策-国家中医药管理局政策数量","2","17/9/2025 11:07:34","21/10/2025 13:26:53","2022",
"2577","3","信息传输、软件和信息技术服务业","部委政策-国家发展改革委办公厅政策数量","1","17/9/2025 11:07:34","21/10/2025 13:26:52","2022",
"2578",,"电信、广播电视和卫星传输服务","部委政策-国家发展改革委办公厅政策数量","1","17/9/2025 11:07:34","17/9/2025 11:07:34","2022",
"2579",,"互联网和相关服务","部委政策-国家发展改革委办公厅政策数量","1","17/9/2025 11:07:34","17/9/2025 11:07:34","2022",
"2580","34","农、林、牧、渔业","部委政策-农业农村部科技教育司政策数量","1","17/9/2025 11:07:35","21/10/2025 13:26:53","2022",
"2581",,"互联网和相关服务","部委政策-科技部政策数量","2","17/9/2025 11:07:35","17/9/2025 11:07:35","2022",
"2582",,"电信、广播电视和卫星传输服务","部委政策-科技部政策数量","2","17/9/2025 11:07:35","17/9/2025 11:07:35","2022",
"2583","3","信息传输、软件和信息技术服务业","部委政策-浙江省人民政府政策数量","1","17/9/2025 11:07:35","21/10/2025 13:26:52","2022",
"2584",,"互联网和相关服务","部委政策-浙江省人民政府政策数量","1","17/9/2025 11:07:35","17/9/2025 11:07:35","2022",
"2585","30","科学研究和技术服务业","部委政策-浙江省人民政府政策数量","1","17/9/2025 11:07:35","21/10/2025 13:26:53","2022",
"2586",,"电信、广播电视和卫星传输服务","部委政策-浙江省人民政府政策数量","1","17/9/2025 11:07:35","17/9/2025 11:07:35","2022",
"2587","7","金融业","部委政策-国家发展改革委政策数量","2","17/9/2025 11:07:35","21/10/2025 13:26:52","2022",
"2588","1","医药制造业","部委政策-国家发展改革委政策数量","2","17/9/2025 11:07:35","21/10/2025 13:26:53","2022",
"2589","31","教育","部委政策-国家发展改革委政策数量","1","17/9/2025 11:07:35","21/10/2025 13:26:53","2022",
"2590","33","文化、体育和娱乐业","部委政策-国家发展改革委政策数量","1","17/9/2025 11:07:35","21/10/2025 13:26:53","2022",
"2591","20","租赁和商务服务业","部委政策-国家发展改革委政策数量","1","17/9/2025 11:07:35","21/10/2025 13:26:53","2022",
"2592","35","卫生和社会工作","部委政策-国家发展改革委政策数量","3","17/9/2025 11:07:35","21/10/2025 13:26:53","2022",
"2593","31","教育","部委政策-商务部政策数量","1","17/9/2025 11:07:35","21/10/2025 13:26:53","2022",
"2594","33","文化、体育和娱乐业","部委政策-商务部政策数量","1","17/9/2025 11:07:35","21/10/2025 13:26:53","2022",
"2595","30","科学研究和技术服务业","部委政策-商务部政策数量","1","17/9/2025 11:07:35","21/10/2025 13:26:53","2022",
"2596","35","卫生和社会工作","部委政策-商务部政策数量","1","17/9/2025 11:07:35","21/10/2025 13:26:53","2022",
"2597",,"电信、广播电视和卫星传输服务","部委政策-商务部政策数量","2","17/9/2025 11:07:35","17/9/2025 11:07:35","2022",
"2598","3","信息传输、软件和信息技术服务业","地方政策-河南省人民政府政策数量","1","17/9/2025 11:07:35","21/10/2025 13:26:52","2022",
"2599",,"互联网和相关服务","地方政策-河南省人民政府政策数量","1","17/9/2025 11:07:35","17/9/2025 11:07:35","2022",
"2600","21","通信传输设备业","地方政策-河南省人民政府政策数量","1","17/9/2025 11:07:36","21/10/2025 13:26:53","2022",
"2601","19","半导体业","地方政策-河南省人民政府政策数量","1","17/9/2025 11:07:36","21/10/2025 13:26:53","2022",
"2602","3","信息传输、软件和信息技术服务业","地方政策-广州市人民政府办公厅政策数量","3","17/9/2025 11:07:36","21/10/2025 13:26:52","2022",
"2603",,"互联网和相关服务","地方政策-广州市人民政府办公厅政策数量","3","17/9/2025 11:07:36","17/9/2025 11:07:36","2022",
"2604","30","科学研究和技术服务业","地方政策-广州市人民政府办公厅政策数量","3","17/9/2025 11:07:36","21/10/2025 13:26:53","2022",
"2605","30","科学研究和技术服务业","部委政策-税务总局政策数量","3","17/9/2025 11:07:36","21/10/2025 13:26:53","2022",
"2606","1","医药制造业","部委政策-国家药监局政策数量","2","17/9/2025 11:07:36","21/10/2025 13:26:53","2022",
"2607","7","金融业","部委政策-银保监会办公厅政策数量","1","17/9/2025 11:07:36","21/10/2025 13:26:52","2022",
"2608","7","金融业","部委政策-国家发展改革委办公厅政策数量","1","17/9/2025 11:07:36","21/10/2025 13:26:52","2022",
"2609","17","交通运输、仓储和邮政业","部委政策-科学技术部政策数量","1","17/9/2025 11:07:36","21/10/2025 13:26:53","2022",
"2610","12","汽车制造业","部委政策-国家市场监督管理总局办公厅政策数量","2","17/9/2025 11:07:36","21/10/2025 13:26:53","2022",
"2611","12","汽车制造业","部委政策-应急管理部办公厅政策数量","1","17/9/2025 11:07:36","21/10/2025 13:26:53","2022",
"2612","12","汽车制造业","部委政策-交通运输部办公厅政策数量","1","17/9/2025 11:07:36","21/10/2025 13:26:53","2022",
"2613","12","汽车制造业","部委政策-公安部办公厅政策数量","1","17/9/2025 11:07:36","21/10/2025 13:26:53","2022",
"2614","12","汽车制造业","部委政策-工业和信息化部办公厅政策数量","5","17/9/2025 11:07:36","21/10/2025 13:26:53","2022",
"2615","7","金融业","地方政策-深圳市地方金融监督管理局政策数量","1","17/9/2025 11:07:36","21/10/2025 13:26:52","2022",
"2616","32","仪器仪表制造业","部委政策-财政部政策数量","1","17/9/2025 11:07:37","21/10/2025 13:26:53","2022",
"2617","27","铁路、船舶、航空航天和其他运输设备制造业","部委政策-财政部政策数量","2","17/9/2025 11:07:37","21/10/2025 13:26:53","2022",
"2618","19","半导体业","部委政策-财政部政策数量","1","17/9/2025 11:07:37","21/10/2025 13:26:53","2022",
"2619","1","医药制造业","部委政策-财政部政策数量","1","17/9/2025 11:07:37","21/10/2025 13:26:53","2022",
"2620",,"互联网和相关服务","部委政策-财政部政策数量","3","17/9/2025 11:07:37","17/9/2025 11:07:37","2022",
"2621","5","专用设备制造业","部委政策-税务总局政策数量","2","17/9/2025 11:07:37","21/10/2025 13:26:53","2022",
"2622","18","通用设备制造业","部委政策-税务总局政策数量","2","17/9/2025 11:07:37","21/10/2025 13:26:53","2022",
"2623","32","仪器仪表制造业","部委政策-税务总局政策数量","2","17/9/2025 11:07:37","21/10/2025 13:26:53","2022",
"2624","27","铁路、船舶、航空航天和其他运输设备制造业","部委政策-税务总局政策数量","2","17/9/2025 11:07:37","21/10/2025 13:26:53","2022",
"2625","19","半导体业","部委政策-税务总局政策数量","1","17/9/2025 11:07:37","21/10/2025 13:26:53","2022",
"2626","21","通信传输设备业","部委政策-税务总局政策数量","1","17/9/2025 11:07:37","21/10/2025 13:26:53","2022",
"2627","1","医药制造业","部委政策-税务总局政策数量","1","17/9/2025 11:07:37","21/10/2025 13:26:53","2022",
"2628","2","化学原料和化学制品制造业","部委政策-税务总局政策数量","1","17/9/2025 11:07:37","21/10/2025 13:26:53","2022",
"2629",,"电信、广播电视和卫星传输服务","部委政策-税务总局政策数量","2","17/9/2025 11:07:37","17/9/2025 11:07:37","2022",
"2630","5","专用设备制造业","部委政策-科技部政策数量","2","17/9/2025 11:07:37","21/10/2025 13:26:53","2022",
"2631","18","通用设备制造业","部委政策-科技部政策数量","1","17/9/2025 11:07:37","21/10/2025 13:26:53","2022",
"2632","32","仪器仪表制造业","部委政策-科技部政策数量","1","17/9/2025 11:07:37","21/10/2025 13:26:53","2022",
"2633","12","汽车制造业","部委政策-科技部政策数量","1","17/9/2025 11:07:37","21/10/2025 13:26:53","2022",
"2634","27","铁路、船舶、航空航天和其他运输设备制造业","部委政策-科技部政策数量","1","17/9/2025 11:07:37","21/10/2025 13:26:53","2022",
"2635","19","半导体业","部委政策-科技部政策数量","1","17/9/2025 11:07:38","21/10/2025 13:26:53","2022",
"2636","21","通信传输设备业","部委政策-科技部政策数量","1","17/9/2025 11:07:38","21/10/2025 13:26:53","2022",
"2637","1","医药制造业","部委政策-科技部政策数量","2","17/9/2025 11:07:38","21/10/2025 13:26:53","2022",
"2638","2","化学原料和化学制品制造业","部委政策-科技部政策数量","2","17/9/2025 11:07:38","21/10/2025 13:26:53","2022",
"2639","21","通信传输设备业","国务院政策-国务院政策数量","1","17/9/2025 11:07:38","21/10/2025 13:26:53","2022",
"2640","2","化学原料和化学制品制造业","地方政策-云南省人民政府办公厅政策数量","2","17/9/2025 11:07:38","21/10/2025 13:26:53","2022",
"2641","46","废弃资源综合利用业","地方政策-云南省人民政府办公厅政策数量","1","17/9/2025 11:07:38","21/10/2025 13:26:53","2022",
"2642","13","电力、热力、燃气及水生产和供应业","地方政策-云南省人民政府办公厅政策数量","1","17/9/2025 11:07:38","21/10/2025 13:26:53","2022",
"2643","5","专用设备制造业","地方政策-重庆市人民政府办公厅政策数量","1","17/9/2025 11:07:38","21/10/2025 13:26:53","2022",
"2644","12","汽车制造业","地方政策-重庆市人民政府办公厅政策数量","2","17/9/2025 11:07:38","21/10/2025 13:26:53","2022",
"2645","18","通用设备制造业","地方政策-重庆市人民政府办公厅政策数量","1","17/9/2025 11:07:38","21/10/2025 13:26:53","2022",
"2646","19","半导体业","地方政策-重庆市人民政府办公厅政策数量","1","17/9/2025 11:07:38","21/10/2025 13:26:53","2022",
"2647","21","通信传输设备业","地方政策-重庆市人民政府办公厅政策数量","1","17/9/2025 11:07:38","21/10/2025 13:26:53","2022",
"2648","27","铁路、船舶、航空航天和其他运输设备制造业","地方政策-重庆市人民政府办公厅政策数量","1","17/9/2025 11:07:38","21/10/2025 13:26:53","2022",
"2649","32","仪器仪表制造业","地方政策-重庆市人民政府办公厅政策数量","1","17/9/2025 11:07:38","21/10/2025 13:26:53","2022",
"2650","3","信息传输、软件和信息技术服务业","地方政策-广州市黄埔区工业和信息化局政策数量","2","17/9/2025 11:07:38","21/10/2025 13:26:52","2022",
"2651",,"互联网和相关服务","地方政策-广州市黄埔区工业和信息化局政策数量","2","17/9/2025 11:07:38","17/9/2025 11:07:38","2022",
"2652","3","信息传输、软件和信息技术服务业","地方政策-广州开发区经济和信息化局政策数量","2","17/9/2025 11:07:38","21/10/2025 13:26:52","2022",
"2653",,"互联网和相关服务","地方政策-广州开发区经济和信息化局政策数量","2","17/9/2025 11:07:38","17/9/2025 11:07:38","2022",
"2654","3","信息传输、软件和信息技术服务业","地方政策-广州市黄埔区科学技术局政策数量","2","17/9/2025 11:07:39","21/10/2025 13:26:52","2022",
"2655",,"互联网和相关服务","地方政策-广州市黄埔区科学技术局政策数量","2","17/9/2025 11:07:39","17/9/2025 11:07:39","2022",
"2656","3","信息传输、软件和信息技术服务业","地方政策-广州开发区科技创新局政策数量","2","17/9/2025 11:07:39","21/10/2025 13:26:52","2022",
"2657",,"互联网和相关服务","地方政策-广州开发区科技创新局政策数量","2","17/9/2025 11:07:39","17/9/2025 11:07:39","2022",
"2658","2","化学原料和化学制品制造业","部委政策-科学技术部政策数量","1","17/9/2025 11:07:39","21/10/2025 13:26:53","2022",
"2659","45","石油加工、炼焦和核燃料加工业","部委政策-科学技术部政策数量","1","17/9/2025 11:07:39","21/10/2025 13:26:53","2022",
"2660","43","化学纤维制造业","部委政策-科学技术部政策数量","1","17/9/2025 11:07:39","21/10/2025 13:26:53","2022",
"2661","2","化学原料和化学制品制造业","部委政策-应急管理部政策数量","1","17/9/2025 11:07:39","21/10/2025 13:26:53","2022",
"2662","45","石油加工、炼焦和核燃料加工业","部委政策-应急管理部政策数量","1","17/9/2025 11:07:39","21/10/2025 13:26:53","2022",
"2663","43","化学纤维制造业","部委政策-应急管理部政策数量","1","17/9/2025 11:07:39","21/10/2025 13:26:53","2022",
"2664","2","化学原料和化学制品制造业","部委政策-国家能源局政策数量","1","17/9/2025 11:07:39","21/10/2025 13:26:53","2022",
"2665","43","化学纤维制造业","部委政策-国家能源局政策数量","1","17/9/2025 11:07:39","21/10/2025 13:26:53","2022",
"2666","3","信息传输、软件和信息技术服务业","部委政策-工业互联网专项工作组办公室政策数量","1","17/9/2025 11:07:39","21/10/2025 13:26:52","2022",
"2667",,"互联网和相关服务","部委政策-工业互联网专项工作组办公室政策数量","1","17/9/2025 11:07:39","17/9/2025 11:07:39","2022",
"2668","21","通信传输设备业","部委政策-工业互联网专项工作组办公室政策数量","1","17/9/2025 11:07:39","21/10/2025 13:26:53","2022",
"2669","13","电力、热力、燃气及水生产和供应业","地方政策-广东省人民政府办公厅政策数量","1","17/9/2025 11:07:39","21/10/2025 13:26:53","2022",
"2670","3","信息传输、软件和信息技术服务业","地方政策-陕西省人民政府办公厅政策数量","1","17/9/2025 11:07:39","21/10/2025 13:26:52","2022",
"2671",,"互联网和相关服务","地方政策-陕西省人民政府办公厅政策数量","1","17/9/2025 11:07:39","17/9/2025 11:07:39","2022",
"2672","30","科学研究和技术服务业","地方政策-陕西省人民政府办公厅政策数量","1","17/9/2025 11:07:39","21/10/2025 13:26:53","2022",
"2673","5","专用设备制造业","地方政策-陕西省人民政府办公厅政策数量","1","17/9/2025 11:07:40","21/10/2025 13:26:53","2022",
"2674","18","通用设备制造业","地方政策-陕西省人民政府办公厅政策数量","1","17/9/2025 11:07:40","21/10/2025 13:26:53","2022",
"2675","32","仪器仪表制造业","地方政策-陕西省人民政府办公厅政策数量","1","17/9/2025 11:07:40","21/10/2025 13:26:53","2022",
"2676","12","汽车制造业","地方政策-陕西省人民政府办公厅政策数量","1","17/9/2025 11:07:40","21/10/2025 13:26:53","2022",
"2677","27","铁路、船舶、航空航天和其他运输设备制造业","地方政策-陕西省人民政府办公厅政策数量","1","17/9/2025 11:07:40","21/10/2025 13:26:53","2022",
"2678","19","半导体业","地方政策-陕西省人民政府办公厅政策数量","1","17/9/2025 11:07:40","21/10/2025 13:26:53","2022",
"2679","21","通信传输设备业","地方政策-陕西省人民政府办公厅政策数量","1","17/9/2025 11:07:40","21/10/2025 13:26:53","2022",
"2680","3","信息传输、软件和信息技术服务业","地方政策-广东省工业和信息化厅政策数量","2","17/9/2025 11:07:40","21/10/2025 13:26:52","2022",
"2681",,"互联网和相关服务","地方政策-广东省工业和信息化厅政策数量","1","17/9/2025 11:07:40","17/9/2025 11:07:40","2022",
"2682","21","通信传输设备业","地方政策-广东省工业和信息化厅政策数量","1","17/9/2025 11:07:40","21/10/2025 13:26:53","2022",
"2683","19","半导体业","地方政策-广东省工业和信息化厅政策数量","1","17/9/2025 11:07:40","21/10/2025 13:26:53","2022",
"2684","43","化学纤维制造业","部委政策-国家发展改革委政策数量","2","17/9/2025 11:07:40","21/10/2025 13:26:53","2022",
"2685","3","信息传输、软件和信息技术服务业","地方政策-云南省人民政府办公厅政策数量","2","17/9/2025 11:07:40","21/10/2025 13:26:52","2022",
"2686",,"互联网和相关服务","地方政策-云南省人民政府办公厅政策数量","1","17/9/2025 11:07:40","17/9/2025 11:07:40","2022",
"2687",,"电信、广播电视和卫星传输服务","地方政策-云南省人民政府办公厅政策数量","1","17/9/2025 11:07:40","17/9/2025 11:07:40","2022",
"2688","3","信息传输、软件和信息技术服务业","部委政策-工业和信息化部信息技术发展司政策数量","1","17/9/2025 11:07:41","21/10/2025 13:26:52","2022",
"2689","34","农、林、牧、渔业","地方政策-中共北京市委、北京市人民政府　　　政策数量","1","17/9/2025 11:07:41","21/10/2025 13:26:53","2022",
"2690","9","批发和零售业","地方政策-广东省人民政府政策数量","1","17/9/2025 11:07:41","21/10/2025 13:26:53","2022",
"2691","30","科学研究和技术服务业","地方政策-重庆市人民政府办公厅政策数量","2","17/9/2025 11:07:41","21/10/2025 13:26:53","2022",
"2692","30","科学研究和技术服务业","地方政策-武汉市人民政府政策数量","1","17/9/2025 11:07:41","21/10/2025 13:26:53","2022",
"2693","30","科学研究和技术服务业","地方政策-辽宁省人民政府办公厅政策数量","1","17/9/2025 11:07:41","21/10/2025 13:26:53","2022",
"2694","30","科学研究和技术服务业","地方政策-财政部政策数量","1","17/9/2025 11:07:41","21/10/2025 13:26:53","2022",
"2695","30","科学研究和技术服务业","地方政策-科技部政策数量","1","17/9/2025 11:07:41","21/10/2025 13:26:53","2022",
"2696","30","科学研究和技术服务业","地方政策-民政部政策数量","1","17/9/2025 11:07:41","21/10/2025 13:26:53","2022",
"2697","30","科学研究和技术服务业","地方政策-商务部政策数量","1","17/9/2025 11:07:41","21/10/2025 13:26:53","2022",
"2698","30","科学研究和技术服务业","地方政策-海关总署政策数量","1","17/9/2025 11:07:41","21/10/2025 13:26:53","2022",
"2699","30","科学研究和技术服务业","地方政策-税务总局政策数量","1","17/9/2025 11:07:41","21/10/2025 13:26:53","2022",
"2700","3","信息传输、软件和信息技术服务业","地方政策-武汉市人民政府政策数量","3","17/9/2025 11:07:41","21/10/2025 13:26:52","2022",
"2701",,"互联网和相关服务","地方政策-武汉市人民政府政策数量","2","17/9/2025 11:07:41","17/9/2025 11:07:41","2022",
"2702",,"电信、广播电视和卫星传输服务","地方政策-武汉市人民政府政策数量","1","17/9/2025 11:07:41","17/9/2025 11:07:41","2022",
"2703","17","交通运输、仓储和邮政业","地方政策-重庆市经济和信息化委员会政策数量","2","17/9/2025 11:07:41","21/10/2025 13:26:53","2022",
"2704","13","电力、热力、燃气及水生产和供应业","地方政策-重庆市经济和信息化委员会政策数量","3","17/9/2025 11:07:41","21/10/2025 13:26:53","2022",
"2705","13","电力、热力、燃气及水生产和供应业","地方政策-四川省发展和改革委员会政策数量","3","17/9/2025 11:07:41","21/10/2025 13:26:53","2022",
"2706","13","电力、热力、燃气及水生产和供应业","地方政策-四川省能源局政策数量","3","17/9/2025 11:07:41","21/10/2025 13:26:53","2022",
"2707","3","信息传输、软件和信息技术服务业","地方政策-成都市经济和信息化局政策数量","1","17/9/2025 11:07:41","21/10/2025 13:26:52","2022",
"2708",,"互联网和相关服务","地方政策-成都市经济和信息化局政策数量","1","17/9/2025 11:07:42","17/9/2025 11:07:42","2022",
"2709","21","通信传输设备业","地方政策-成都市经济和信息化局政策数量","1","17/9/2025 11:07:42","21/10/2025 13:26:53","2022",
"2710","19","半导体业","地方政策-成都市经济和信息化局政策数量","1","17/9/2025 11:07:42","21/10/2025 13:26:53","2022",
"2711","5","专用设备制造业","地方政策-成都市经济和信息化局政策数量","1","17/9/2025 11:07:42","21/10/2025 13:26:53","2022",
"2712","18","通用设备制造业","地方政策-成都市经济和信息化局政策数量","1","17/9/2025 11:07:42","21/10/2025 13:26:53","2022",
"2713","32","仪器仪表制造业","地方政策-成都市经济和信息化局政策数量","1","17/9/2025 11:07:42","21/10/2025 13:26:53","2022",
"2714","12","汽车制造业","地方政策-成都市经济和信息化局政策数量","1","17/9/2025 11:07:42","21/10/2025 13:26:53","2022",
"2715","27","铁路、船舶、航空航天和其他运输设备制造业","地方政策-成都市经济和信息化局政策数量","1","17/9/2025 11:07:42","21/10/2025 13:26:53","2022",
"2716","1","医药制造业","地方政策-成都市经济和信息化局政策数量","1","17/9/2025 11:07:42","21/10/2025 13:26:53","2022",
"2717","2","化学原料和化学制品制造业","地方政策-成都市经济和信息化局政策数量","1","17/9/2025 11:07:42","21/10/2025 13:26:53","2022",
"2718","10","食品饮料业","地方政策-成都市经济和信息化局政策数量","1","17/9/2025 11:07:42","21/10/2025 13:26:53","2022",
"2719","6","消费电子及电气业","地方政策-成都市经济和信息化局政策数量","1","17/9/2025 11:07:43","21/10/2025 13:26:53","2022",
"2720","8","商业电气机械和器材制造业","地方政策-成都市经济和信息化局政策数量","1","17/9/2025 11:07:43","21/10/2025 13:26:53","2022",
"2721","22","非金属矿物制品业","地方政策-成都市经济和信息化局政策数量","1","17/9/2025 11:07:43","21/10/2025 13:26:53","2022",
"2722","26","金属制品业","地方政策-成都市经济和信息化局政策数量","1","17/9/2025 11:07:43","21/10/2025 13:26:53","2022",
"2723","29","金属冶炼和压延加工业","地方政策-成都市经济和信息化局政策数量","1","17/9/2025 11:07:43","21/10/2025 13:26:53","2022",
"2724","15","纺织鞋服业","地方政策-成都市经济和信息化局政策数量","1","17/9/2025 11:07:43","21/10/2025 13:26:53","2022",
"2725","38","家具制造业","地方政策-成都市经济和信息化局政策数量","1","17/9/2025 11:07:43","21/10/2025 13:26:53","2022",
"2726","36","造纸和纸制品业","地方政策-成都市经济和信息化局政策数量","1","17/9/2025 11:07:43","21/10/2025 13:26:53","2022",
"2727","39","印刷和记录媒介复制业","地方政策-成都市经济和信息化局政策数量","1","17/9/2025 11:07:43","21/10/2025 13:26:53","2022",
"2728","41","文教、工美、体育和娱乐用品制造业","地方政策-成都市经济和信息化局政策数量","1","17/9/2025 11:07:43","21/10/2025 13:26:53","2022",
"2729","23","橡胶和塑料制品业","地方政策-成都市经济和信息化局政策数量","1","17/9/2025 11:07:43","21/10/2025 13:26:53","2022",
"2730","25","其他制造业","地方政策-成都市经济和信息化局政策数量","1","17/9/2025 11:07:43","21/10/2025 13:26:53","2022",
"2731","13","电力、热力、燃气及水生产和供应业","地方政策-成都市经济和信息化局政策数量","1","17/9/2025 11:07:43","21/10/2025 13:26:53","2022",
"2732","3","信息传输、软件和信息技术服务业","地方政策-海南省人民政府办公厅政策数量","3","17/9/2025 11:07:43","21/10/2025 13:26:52","2022",
"2733",,"互联网和相关服务","地方政策-海南省人民政府办公厅政策数量","3","17/9/2025 11:07:43","17/9/2025 11:07:43","2022",
"2734",,"电信、广播电视和卫星传输服务","地方政策-海南省人民政府办公厅政策数量","2","17/9/2025 11:07:44","17/9/2025 11:07:44","2022",
"2735","1","医药制造业","地方政策-省政府办公厅政策数量","1","17/9/2025 11:07:44","21/10/2025 13:26:53","2022",
"2736","30","科学研究和技术服务业","地方政策-省国有资产监督管理委员会政策数量","1","17/9/2025 11:07:44","21/10/2025 13:26:53","2022",
"2737","30","科学研究和技术服务业","地方政策-省科技厅政策数量","1","17/9/2025 11:07:44","21/10/2025 13:26:53","2022",
"2738","12","汽车制造业","地方政策-广西壮族自治区人民政府办公厅政策数量","1","17/9/2025 11:07:44","21/10/2025 13:26:53","2022",
"2739","5","专用设备制造业","地方政策-广西壮族自治区人民政府办公厅政策数量","1","17/9/2025 11:07:44","21/10/2025 13:26:53","2022",
"2740","18","通用设备制造业","地方政策-广西壮族自治区人民政府办公厅政策数量","1","17/9/2025 11:07:44","21/10/2025 13:26:53","2022",
"2741","3","信息传输、软件和信息技术服务业","地方政策-广西壮族自治区人民政府办公厅政策数量","1","17/9/2025 11:07:44","21/10/2025 13:26:52","2022",
"2742","29","金属冶炼和压延加工业","地方政策-广西壮族自治区人民政府办公厅政策数量","1","17/9/2025 11:07:44","21/10/2025 13:26:53","2022",
"2743","2","化学原料和化学制品制造业","地方政策-广西壮族自治区人民政府办公厅政策数量","1","17/9/2025 11:07:44","21/10/2025 13:26:53","2022",
"2744","38","家具制造业","地方政策-广西壮族自治区人民政府办公厅政策数量","1","17/9/2025 11:07:44","21/10/2025 13:26:53","2022",
"2745","15","纺织鞋服业","地方政策-广西壮族自治区人民政府办公厅政策数量","1","17/9/2025 11:07:44","21/10/2025 13:26:53","2022",
"2746","1","医药制造业","地方政策-广西壮族自治区人民政府办公厅政策数量","1","17/9/2025 11:07:44","21/10/2025 13:26:53","2022",
"2747","22","非金属矿物制品业","地方政策-广西壮族自治区人民政府办公厅政策数量","1","17/9/2025 11:07:44","21/10/2025 13:26:53","2022",
"2748","23","橡胶和塑料制品业","地方政策-广西壮族自治区人民政府办公厅政策数量","1","17/9/2025 11:07:45","21/10/2025 13:26:53","2022",
"2749","26","金属制品业","地方政策-广西壮族自治区人民政府办公厅政策数量","1","17/9/2025 11:07:45","21/10/2025 13:26:53","2022",
"2750","27","铁路、船舶、航空航天和其他运输设备制造业","地方政策-广西壮族自治区人民政府办公厅政策数量","1","17/9/2025 11:07:45","21/10/2025 13:26:53","2022",
"2751","32","仪器仪表制造业","地方政策-广西壮族自治区人民政府办公厅政策数量","1","17/9/2025 11:07:45","21/10/2025 13:26:53","2022",
"2752","36","造纸和纸制品业","地方政策-广西壮族自治区人民政府办公厅政策数量","1","17/9/2025 11:07:45","21/10/2025 13:26:53","2022",
"2753","41","文教、工美、体育和娱乐用品制造业","地方政策-广西壮族自治区人民政府办公厅政策数量","1","17/9/2025 11:07:45","21/10/2025 13:26:53","2022",
"2754","43","化学纤维制造业","地方政策-广西壮族自治区人民政府办公厅政策数量","1","17/9/2025 11:07:45","21/10/2025 13:26:53","2022",
"2755","45","石油加工、炼焦和核燃料加工业","地方政策-广西壮族自治区人民政府办公厅政策数量","1","17/9/2025 11:07:45","21/10/2025 13:26:53","2022",
"2756","46","废弃资源综合利用业","地方政策-广西壮族自治区人民政府办公厅政策数量","1","17/9/2025 11:07:45","21/10/2025 13:26:53","2022",
"2757","47","木材加工和木、竹、藤、棕、草制品业","地方政策-广西壮族自治区人民政府办公厅政策数量","1","17/9/2025 11:07:45","21/10/2025 13:26:53","2022",
"2758","46","废弃资源综合利用业","地方政策-海南省工业和信息化厅政策数量","2","17/9/2025 11:07:45","21/10/2025 13:26:53","2022",
"2759","2","化学原料和化学制品制造业","地方政策-贵州省发展和改革委员会政策数量","1","17/9/2025 11:07:46","21/10/2025 13:26:53","2022",
"2760","29","金属冶炼和压延加工业","地方政策-贵州省发展和改革委员会政策数量","1","17/9/2025 11:07:46","21/10/2025 13:26:53","2022",
"2761","46","废弃资源综合利用业","地方政策-贵州省发展和改革委员会政策数量","1","17/9/2025 11:07:46","21/10/2025 13:26:53","2022",
"2762","2","化学原料和化学制品制造业","地方政策-贵州省科学技术厅政策数量","1","17/9/2025 11:07:46","21/10/2025 13:26:53","2022",
"2763","29","金属冶炼和压延加工业","地方政策-贵州省科学技术厅政策数量","1","17/9/2025 11:07:46","21/10/2025 13:26:53","2022",
"2764","46","废弃资源综合利用业","地方政策-贵州省科学技术厅政策数量","1","17/9/2025 11:07:46","21/10/2025 13:26:53","2022",
"2765","2","化学原料和化学制品制造业","地方政策-贵州省工业和信息化厅政策数量","1","17/9/2025 11:07:46","21/10/2025 13:26:53","2022",
"2766","29","金属冶炼和压延加工业","地方政策-贵州省工业和信息化厅政策数量","1","17/9/2025 11:07:46","21/10/2025 13:26:53","2022",
"2767","46","废弃资源综合利用业","地方政策-贵州省工业和信息化厅政策数量","1","17/9/2025 11:07:46","21/10/2025 13:26:53","2022",
"2768","2","化学原料和化学制品制造业","地方政策-贵州省财政厅政策数量","1","17/9/2025 11:07:46","21/10/2025 13:26:53","2022",
"2769","29","金属冶炼和压延加工业","地方政策-贵州省财政厅政策数量","1","17/9/2025 11:07:46","21/10/2025 13:26:53","2022",
"2770","46","废弃资源综合利用业","地方政策-贵州省财政厅政策数量","1","17/9/2025 11:07:46","21/10/2025 13:26:53","2022",
"2771","2","化学原料和化学制品制造业","地方政策-贵州省自然资源厅政策数量","1","17/9/2025 11:07:46","21/10/2025 13:26:53","2022",
"2772","29","金属冶炼和压延加工业","地方政策-贵州省自然资源厅政策数量","1","17/9/2025 11:07:46","21/10/2025 13:26:53","2022",
"2773","46","废弃资源综合利用业","地方政策-贵州省自然资源厅政策数量","1","17/9/2025 11:07:47","21/10/2025 13:26:53","2022",
"2774","2","化学原料和化学制品制造业","地方政策-贵州省生态环境厅政策数量","1","17/9/2025 11:07:47","21/10/2025 13:26:53","2022",
"2775","29","金属冶炼和压延加工业","地方政策-贵州省生态环境厅政策数量","1","17/9/2025 11:07:47","21/10/2025 13:26:53","2022",
"2776","46","废弃资源综合利用业","地方政策-贵州省生态环境厅政策数量","1","17/9/2025 11:07:47","21/10/2025 13:26:53","2022",
"2777","2","化学原料和化学制品制造业","地方政策-贵州省商务厅政策数量","1","17/9/2025 11:07:47","21/10/2025 13:26:53","2022",
"2778","29","金属冶炼和压延加工业","地方政策-贵州省商务厅政策数量","1","17/9/2025 11:07:47","21/10/2025 13:26:53","2022",
"2779","46","废弃资源综合利用业","地方政策-贵州省商务厅政策数量","1","17/9/2025 11:07:47","21/10/2025 13:26:53","2022",
"2780","2","化学原料和化学制品制造业","地方政策-贵州省能源局政策数量","1","17/9/2025 11:07:47","21/10/2025 13:26:53","2022",
"2781","29","金属冶炼和压延加工业","地方政策-贵州省能源局政策数量","1","17/9/2025 11:07:47","21/10/2025 13:26:53","2022",
"2782","46","废弃资源综合利用业","地方政策-贵州省能源局政策数量","1","17/9/2025 11:07:47","21/10/2025 13:26:53","2022",
"2783","29","金属冶炼和压延加工业","地方政策-甘肃省发展和改革委员会政策数量","1","17/9/2025 11:07:47","21/10/2025 13:26:53","2022",
"2784","22","非金属矿物制品业","地方政策-甘肃省发展和改革委员会政策数量","1","17/9/2025 11:07:47","21/10/2025 13:26:53","2022",
"2785","45","石油加工、炼焦和核燃料加工业","地方政策-甘肃省发展和改革委员会政策数量","1","17/9/2025 11:07:47","21/10/2025 13:26:53","2022",
"2786","2","化学原料和化学制品制造业","地方政策-甘肃省发展和改革委员会政策数量","1","17/9/2025 11:07:47","21/10/2025 13:26:53","2022",
"2787","36","造纸和纸制品业","地方政策-甘肃省发展和改革委员会政策数量","1","17/9/2025 11:07:47","21/10/2025 13:26:53","2022",
"2788","34","农、林、牧、渔业","地方政策-甘肃省发展和改革委员会政策数量","1","17/9/2025 11:07:48","21/10/2025 13:26:53","2022",
"2789","16","建筑业","地方政策-甘肃省发展和改革委员会政策数量","1","17/9/2025 11:07:48","21/10/2025 13:26:53","2022",
"2790","17","交通运输、仓储和邮政业","地方政策-甘肃省发展和改革委员会政策数量","2","17/9/2025 11:07:48","21/10/2025 13:26:53","2022",
"2791","13","电力、热力、燃气及水生产和供应业","地方政策-甘肃省发展和改革委员会政策数量","1","17/9/2025 11:07:48","21/10/2025 13:26:53","2022",
"2792","28","水利、环境和公共设施管理业","地方政策-甘肃省发展和改革委员会政策数量","1","17/9/2025 11:07:48","21/10/2025 13:26:52","2022",
"2793","37","住宿和餐饮业","地方政策-甘肃省发展和改革委员会政策数量","1","17/9/2025 11:07:48","21/10/2025 13:26:53","2022",
"2794","9","批发和零售业","地方政策-甘肃省发展和改革委员会政策数量","1","17/9/2025 11:07:48","21/10/2025 13:26:53","2022",
"2795","30","科学研究和技术服务业","部委政策-贵州省人民政府办公厅政策数量","1","17/9/2025 11:07:48","21/10/2025 13:26:53","2022",
"2796","17","交通运输、仓储和邮政业","地方政策-山东省人民政府政策数量","1","17/9/2025 11:07:48","21/10/2025 13:26:53","2022",
"2797","13","电力、热力、燃气及水生产和供应业","地方政策-山东省人民政府政策数量","1","17/9/2025 11:07:48","21/10/2025 13:26:53","2022",
"2798","28","水利、环境和公共设施管理业","地方政策-山东省人民政府政策数量","2","17/9/2025 11:07:48","21/10/2025 13:26:52","2022",
"2799","30","科学研究和技术服务业","地方政策-湖南省市场监督管理局政策数量","1","17/9/2025 11:07:48","21/10/2025 13:26:53","2022",
"2800","3","信息传输、软件和信息技术服务业","地方政策-省政府办公厅政策数量","1","17/9/2025 11:07:48","21/10/2025 13:26:52","2022",
"2801",,"互联网和相关服务","地方政策-省政府办公厅政策数量","1","17/9/2025 11:07:48","17/9/2025 11:07:48","2022",
"2802",,"电信、广播电视和卫星传输服务","地方政策-省政府办公厅政策数量","1","17/9/2025 11:07:48","17/9/2025 11:07:48","2022",
"2803","1","医药制造业","地方政策-山东省发展和改革委员会政策数量","1","17/9/2025 11:07:49","21/10/2025 13:26:53","2022",
"2804","2","化学原料和化学制品制造业","地方政策-山东省发展和改革委员会政策数量","1","17/9/2025 11:07:49","21/10/2025 13:26:53","2022",
"2805","3","信息传输、软件和信息技术服务业","地方政策-山东省发展和改革委员会政策数量","1","17/9/2025 11:07:49","21/10/2025 13:26:52","2022",
"2806","5","专用设备制造业","地方政策-山东省发展和改革委员会政策数量","1","17/9/2025 11:07:49","21/10/2025 13:26:53","2022",
"2807","7","金融业","地方政策-山东省发展和改革委员会政策数量","1","17/9/2025 11:07:49","21/10/2025 13:26:52","2022",
"2808","9","批发和零售业","地方政策-山东省发展和改革委员会政策数量","1","17/9/2025 11:07:49","21/10/2025 13:26:53","2022",
"2809",,"互联网和相关服务","地方政策-山东省发展和改革委员会政策数量","1","17/9/2025 11:07:49","17/9/2025 11:07:49","2022",
"2810","12","汽车制造业","地方政策-山东省发展和改革委员会政策数量","1","17/9/2025 11:07:49","21/10/2025 13:26:53","2022",
"2811","13","电力、热力、燃气及水生产和供应业","地方政策-山东省发展和改革委员会政策数量","1","17/9/2025 11:07:49","21/10/2025 13:26:53","2022",
"2812","15","纺织鞋服业","地方政策-山东省发展和改革委员会政策数量","1","17/9/2025 11:07:49","21/10/2025 13:26:53","2022",
"2813","17","交通运输、仓储和邮政业","地方政策-山东省发展和改革委员会政策数量","1","17/9/2025 11:07:49","21/10/2025 13:26:53","2022",
"2814","18","通用设备制造业","地方政策-山东省发展和改革委员会政策数量","1","17/9/2025 11:07:49","21/10/2025 13:26:53","2022",
"2815","19","半导体业","地方政策-山东省发展和改革委员会政策数量","1","17/9/2025 11:07:49","21/10/2025 13:26:53","2022",
"2816","21","通信传输设备业","地方政策-山东省发展和改革委员会政策数量","1","17/9/2025 11:07:49","21/10/2025 13:26:53","2022",
"2817","22","非金属矿物制品业","地方政策-山东省发展和改革委员会政策数量","1","17/9/2025 11:07:49","21/10/2025 13:26:53","2022",
"2818","23","橡胶和塑料制品业","地方政策-山东省发展和改革委员会政策数量","1","17/9/2025 11:07:49","21/10/2025 13:26:53","2022",
"2819","26","金属制品业","地方政策-山东省发展和改革委员会政策数量","1","17/9/2025 11:07:49","21/10/2025 13:26:53","2022",
"2820","27","铁路、船舶、航空航天和其他运输设备制造业","地方政策-山东省发展和改革委员会政策数量","1","17/9/2025 11:07:49","21/10/2025 13:26:53","2022",
"2821","28","水利、环境和公共设施管理业","地方政策-山东省发展和改革委员会政策数量","1","17/9/2025 11:07:50","21/10/2025 13:26:52","2022",
"2822","29","金属冶炼和压延加工业","地方政策-山东省发展和改革委员会政策数量","1","17/9/2025 11:07:50","21/10/2025 13:26:53","2022",
"2823","30","科学研究和技术服务业","地方政策-山东省发展和改革委员会政策数量","1","17/9/2025 11:07:50","21/10/2025 13:26:53","2022",
"2824","32","仪器仪表制造业","地方政策-山东省发展和改革委员会政策数量","1","17/9/2025 11:07:50","21/10/2025 13:26:53","2022",
"2825","33","文化、体育和娱乐业","地方政策-山东省发展和改革委员会政策数量","1","17/9/2025 11:07:50","21/10/2025 13:26:53","2022",
"2826","34","农、林、牧、渔业","地方政策-山东省发展和改革委员会政策数量","1","17/9/2025 11:07:50","21/10/2025 13:26:53","2022",
"2827","35","卫生和社会工作","地方政策-山东省发展和改革委员会政策数量","1","17/9/2025 11:07:50","21/10/2025 13:26:53","2022",
"2828","36","造纸和纸制品业","地方政策-山东省发展和改革委员会政策数量","1","17/9/2025 11:07:50","21/10/2025 13:26:53","2022",
"2829","37","住宿和餐饮业","地方政策-山东省发展和改革委员会政策数量","1","17/9/2025 11:07:50","21/10/2025 13:26:53","2022",
"2830","38","家具制造业","地方政策-山东省发展和改革委员会政策数量","1","17/9/2025 11:07:51","21/10/2025 13:26:53","2022",
"2831","39","印刷和记录媒介复制业","地方政策-山东省发展和改革委员会政策数量","1","17/9/2025 11:07:51","21/10/2025 13:26:53","2022",
"2832","41","文教、工美、体育和娱乐用品制造业","地方政策-山东省发展和改革委员会政策数量","1","17/9/2025 11:07:51","21/10/2025 13:26:53","2022",
"2833",,"电信、广播电视和卫星传输服务","地方政策-山东省发展和改革委员会政策数量","1","17/9/2025 11:07:51","17/9/2025 11:07:51","2022",
"2834","43","化学纤维制造业","地方政策-山东省发展和改革委员会政策数量","1","17/9/2025 11:07:51","21/10/2025 13:26:53","2022",
"2835",,"开采辅助活动","地方政策-山东省发展和改革委员会政策数量","1","17/9/2025 11:07:51","17/9/2025 11:07:51","2022",
"2836","45","石油加工、炼焦和核燃料加工业","地方政策-山东省发展和改革委员会政策数量","1","17/9/2025 11:07:51","21/10/2025 13:26:53","2022",
"2837","46","废弃资源综合利用业","地方政策-山东省发展和改革委员会政策数量","1","17/9/2025 11:07:51","21/10/2025 13:26:53","2022",
"2838","47","木材加工和木、竹、藤、棕、草制品业","地方政策-山东省发展和改革委员会政策数量","1","17/9/2025 11:07:51","21/10/2025 13:26:53","2022",
"2839","48","居民服务、修理和其他服务业","地方政策-山东省发展和改革委员会政策数量","1","17/9/2025 11:07:51","21/10/2025 13:26:53","2022",
"2840",,"互联网和相关服务","地方政策-河南省人民政府办公厅政策数量","1","17/9/2025 11:07:51","17/9/2025 11:07:51","2022",
"2841","9","批发和零售业","地方政策-河南省人民政府办公厅政策数量","1","17/9/2025 11:07:51","21/10/2025 13:26:53","2022",
"2842","20","租赁和商务服务业","地方政策-河南省人民政府办公厅政策数量","1","17/9/2025 11:07:51","21/10/2025 13:26:53","2022",
"2843","37","住宿和餐饮业","地方政策-河南省人民政府办公厅政策数量","1","17/9/2025 11:07:51","21/10/2025 13:26:53","2022",
"2844","5","专用设备制造业","地方政策-湖南省工业和信息化厅   政策数量","1","17/9/2025 11:07:52","21/10/2025 13:26:53","2022",
"2845","18","通用设备制造业","地方政策-湖南省工业和信息化厅   政策数量","1","17/9/2025 11:07:52","21/10/2025 13:26:53","2022",
"2846","12","汽车制造业","地方政策-湖南省工业和信息化厅   政策数量","1","17/9/2025 11:07:52","21/10/2025 13:26:53","2022",
"2847","27","铁路、船舶、航空航天和其他运输设备制造业","地方政策-湖南省工业和信息化厅   政策数量","1","17/9/2025 11:07:52","21/10/2025 13:26:53","2022",
"2848","32","仪器仪表制造业","地方政策-湖南省工业和信息化厅   政策数量","1","17/9/2025 11:07:52","21/10/2025 13:26:53","2022",
"2849","26","金属制品业","地方政策-湖南省工业和信息化厅   政策数量","1","17/9/2025 11:07:52","21/10/2025 13:26:53","2022",
"2850","2","化学原料和化学制品制造业","地方政策-湖南省工业和信息化厅   政策数量","1","17/9/2025 11:07:52","21/10/2025 13:26:53","2022",
"2851","1","医药制造业","地方政策-湖南省工业和信息化厅   政策数量","1","17/9/2025 11:07:52","21/10/2025 13:26:53","2022",
"2852","10","食品饮料业","地方政策-湖南省工业和信息化厅   政策数量","1","17/9/2025 11:07:52","21/10/2025 13:26:53","2022",
"2853","15","纺织鞋服业","地方政策-湖南省工业和信息化厅   政策数量","1","17/9/2025 11:07:52","21/10/2025 13:26:53","2022",
"2854","22","非金属矿物制品业","地方政策-湖南省工业和信息化厅   政策数量","1","17/9/2025 11:07:52","21/10/2025 13:26:53","2022",
"2855","29","金属冶炼和压延加工业","地方政策-湖南省工业和信息化厅   政策数量","1","17/9/2025 11:07:52","21/10/2025 13:26:53","2022",
"2856","23","橡胶和塑料制品业","地方政策-湖南省工业和信息化厅   政策数量","1","17/9/2025 11:07:52","21/10/2025 13:26:53","2022",
"2857","36","造纸和纸制品业","地方政策-湖南省工业和信息化厅   政策数量","1","17/9/2025 11:07:52","21/10/2025 13:26:53","2022",
"2858","25","其他制造业","地方政策-湖南省工业和信息化厅   政策数量","1","17/9/2025 11:07:52","21/10/2025 13:26:53","2022",
"2859","30","科学研究和技术服务业","地方政策-广东省科学技术厅政策数量","1","17/9/2025 11:07:52","21/10/2025 13:26:53","2022",
"2860","5","专用设备制造业","地方政策-四川省人民政府办公厅政策数量","2","17/9/2025 11:07:52","21/10/2025 13:26:53","2022",
"2861","1","医药制造业","地方政策-四川省人民政府办公厅政策数量","2","17/9/2025 11:07:52","21/10/2025 13:26:53","2022",
"2862",,"互联网和相关服务","部委政策-发展改革委政策数量","2","17/9/2025 11:07:52","17/9/2025 11:07:52","2022",
"2863","20","租赁和商务服务业","部委政策-发展改革委政策数量","1","17/9/2025 11:07:52","21/10/2025 13:26:53","2022",
"2864",,"电信、广播电视和卫星传输服务","部委政策-发展改革委政策数量","2","17/9/2025 11:07:53","17/9/2025 11:07:53","2022",
"2865","48","居民服务、修理和其他服务业","部委政策-发展改革委政策数量","1","17/9/2025 11:07:53","21/10/2025 13:26:53","2022",
"2866","9","批发和零售业","部委政策-知识产权局政策数量","1","17/9/2025 11:07:53","21/10/2025 13:26:53","2022",
"2867",,"互联网和相关服务","部委政策-知识产权局政策数量","1","17/9/2025 11:07:53","17/9/2025 11:07:53","2022",
"2868","17","交通运输、仓储和邮政业","部委政策-知识产权局政策数量","1","17/9/2025 11:07:53","21/10/2025 13:26:53","2022",
"2869","20","租赁和商务服务业","部委政策-知识产权局政策数量","1","17/9/2025 11:07:53","21/10/2025 13:26:53","2022",
"2870",,"电信、广播电视和卫星传输服务","部委政策-知识产权局政策数量","1","17/9/2025 11:07:53","17/9/2025 11:07:53","2022",
"2871","48","居民服务、修理和其他服务业","部委政策-知识产权局政策数量","1","17/9/2025 11:07:53","21/10/2025 13:26:53","2022",
"2872","9","批发和零售业","部委政策-外汇局政策数量","1","17/9/2025 11:07:53","21/10/2025 13:26:53","2022",
"2873",,"互联网和相关服务","部委政策-外汇局政策数量","1","17/9/2025 11:07:53","17/9/2025 11:07:53","2022",
"2874","17","交通运输、仓储和邮政业","部委政策-外汇局政策数量","1","17/9/2025 11:07:53","21/10/2025 13:26:53","2022",
"2875","20","租赁和商务服务业","部委政策-外汇局政策数量","1","17/9/2025 11:07:53","21/10/2025 13:26:53","2022",
"2876",,"电信、广播电视和卫星传输服务","部委政策-外汇局政策数量","1","17/9/2025 11:07:53","17/9/2025 11:07:53","2022",
"2877","48","居民服务、修理和其他服务业","部委政策-外汇局政策数量","1","17/9/2025 11:07:53","21/10/2025 13:26:53","2022",
"2878",,"电信、广播电视和卫星传输服务","部委政策-市场监管总局政策数量","1","17/9/2025 11:07:53","17/9/2025 11:07:53","2022",
"2879","48","居民服务、修理和其他服务业","部委政策-市场监管总局政策数量","1","17/9/2025 11:07:53","21/10/2025 13:26:53","2022",
"2880","9","批发和零售业","部委政策-银保监局政策数量","1","17/9/2025 11:07:53","21/10/2025 13:26:53","2022",
"2881",,"互联网和相关服务","部委政策-银保监局政策数量","1","17/9/2025 11:07:53","17/9/2025 11:07:53","2022",
"2882","17","交通运输、仓储和邮政业","部委政策-银保监局政策数量","1","17/9/2025 11:07:53","21/10/2025 13:26:53","2022",
"2883","20","租赁和商务服务业","部委政策-银保监局政策数量","1","17/9/2025 11:07:53","21/10/2025 13:26:53","2022",
"2884",,"电信、广播电视和卫星传输服务","部委政策-银保监局政策数量","1","17/9/2025 11:07:54","17/9/2025 11:07:54","2022",
"2885","48","居民服务、修理和其他服务业","部委政策-银保监局政策数量","1","17/9/2025 11:07:54","21/10/2025 13:26:53","2022",
"2886","20","租赁和商务服务业","部委政策-税务总局政策数量","1","17/9/2025 11:07:54","21/10/2025 13:26:53","2022",
"2887","48","居民服务、修理和其他服务业","部委政策-税务总局政策数量","1","17/9/2025 11:07:54","21/10/2025 13:26:53","2022",
"2888",,"互联网和相关服务","部委政策-海关总署政策数量","1","17/9/2025 11:07:54","17/9/2025 11:07:54","2022",
"2889","20","租赁和商务服务业","部委政策-海关总署政策数量","1","17/9/2025 11:07:54","21/10/2025 13:26:53","2022",
"2890",,"电信、广播电视和卫星传输服务","部委政策-海关总署政策数量","1","17/9/2025 11:07:54","17/9/2025 11:07:54","2022",
"2891","48","居民服务、修理和其他服务业","部委政策-海关总署政策数量","1","17/9/2025 11:07:54","21/10/2025 13:26:53","2022",
"2892",,"电信、广播电视和卫星传输服务","部委政策-人民银行政策数量","1","17/9/2025 11:07:54","17/9/2025 11:07:54","2022",
"2893","48","居民服务、修理和其他服务业","部委政策-人民银行政策数量","1","17/9/2025 11:07:54","21/10/2025 13:26:53","2022",
"2894","48","居民服务、修理和其他服务业","部委政策-农业农村部政策数量","1","17/9/2025 11:07:54","21/10/2025 13:26:53","2022",
"2895",,"互联网和相关服务","部委政策-交通运输部政策数量","1","17/9/2025 11:07:54","17/9/2025 11:07:54","2022",
"2896","20","租赁和商务服务业","部委政策-交通运输部政策数量","1","17/9/2025 11:07:54","21/10/2025 13:26:53","2022",
"2897",,"电信、广播电视和卫星传输服务","部委政策-交通运输部政策数量","1","17/9/2025 11:07:54","17/9/2025 11:07:54","2022",
"2898","48","居民服务、修理和其他服务业","部委政策-交通运输部政策数量","1","17/9/2025 11:07:54","21/10/2025 13:26:53","2022",
"2899","20","租赁和商务服务业","部委政策-财政部政策数量","1","17/9/2025 11:07:54","21/10/2025 13:26:53","2022",
"2900","48","居民服务、修理和其他服务业","部委政策-财政部政策数量","1","17/9/2025 11:07:54","21/10/2025 13:26:53","2022",
"2901","48","居民服务、修理和其他服务业","部委政策-工业和信息化部政策数量","1","17/9/2025 11:07:54","21/10/2025 13:26:53","2022",
"2902","9","批发和零售业","部委政策-教育部政策数量","1","17/9/2025 11:07:54","21/10/2025 13:26:53","2022",
"2903",,"互联网和相关服务","部委政策-教育部政策数量","2","17/9/2025 11:07:55","17/9/2025 11:07:55","2022",
"2904","20","租赁和商务服务业","部委政策-教育部政策数量","1","17/9/2025 11:07:55","21/10/2025 13:26:53","2022",
"2905",,"电信、广播电视和卫星传输服务","部委政策-教育部政策数量","2","17/9/2025 11:07:55","17/9/2025 11:07:55","2022",
"2906","48","居民服务、修理和其他服务业","部委政策-教育部政策数量","1","17/9/2025 11:07:55","21/10/2025 13:26:53","2022",
"2907","48","居民服务、修理和其他服务业","部委政策-商务部政策数量","1","17/9/2025 11:07:55","21/10/2025 13:26:53","2022",
"2908","30","科学研究和技术服务业","地方政策-内蒙古自治区科学技术厅政策数量","1","17/9/2025 11:07:55","21/10/2025 13:26:53","2022",
"2909","3","信息传输、软件和信息技术服务业","部委政策-国家药监局政策数量","1","17/9/2025 11:07:55","21/10/2025 13:26:52","2022",
"2910","16","建筑业","地方政策-四川省人民政府办公厅政策数量","1","17/9/2025 11:07:55","21/10/2025 13:26:53","2022",
"2911","3","信息传输、软件和信息技术服务业","部委政策-民政部政策数量","1","17/9/2025 11:07:55","21/10/2025 13:26:52","2022",
"2912",,"互联网和相关服务","部委政策-民政部政策数量","1","17/9/2025 11:07:55","17/9/2025 11:07:55","2022",
"2913",,"电信、广播电视和卫星传输服务","部委政策-民政部政策数量","1","17/9/2025 11:07:55","17/9/2025 11:07:55","2022",
"2914","3","信息传输、软件和信息技术服务业","部委政策-中央政法委政策数量","1","17/9/2025 11:07:55","21/10/2025 13:26:52","2022",
"2915",,"互联网和相关服务","部委政策-中央政法委政策数量","1","17/9/2025 11:07:55","17/9/2025 11:07:55","2022",
"2916",,"电信、广播电视和卫星传输服务","部委政策-中央政法委政策数量","1","17/9/2025 11:07:55","17/9/2025 11:07:55","2022",
"2917","3","信息传输、软件和信息技术服务业","部委政策-发展改革委政策数量","2","17/9/2025 11:07:55","21/10/2025 13:26:52","2022",
"2918","3","信息传输、软件和信息技术服务业","部委政策-公安部政策数量","1","17/9/2025 11:07:55","21/10/2025 13:26:52","2022",
"2919",,"互联网和相关服务","部委政策-公安部政策数量","1","17/9/2025 11:07:55","17/9/2025 11:07:55","2022",
"2920",,"电信、广播电视和卫星传输服务","部委政策-公安部政策数量","1","17/9/2025 11:07:55","17/9/2025 11:07:55","2022",
"2921","3","信息传输、软件和信息技术服务业","部委政策-住房城乡建设部政策数量","2","17/9/2025 11:07:55","21/10/2025 13:26:52","2022",
"2922",,"互联网和相关服务","部委政策-住房城乡建设部政策数量","1","17/9/2025 11:07:56","17/9/2025 11:07:56","2022",
"2923",,"电信、广播电视和卫星传输服务","部委政策-住房城乡建设部政策数量","1","17/9/2025 11:07:56","17/9/2025 11:07:56","2022",
"2924","3","信息传输、软件和信息技术服务业","地方政策-广州市科学技术局政策数量","3","17/9/2025 11:07:56","21/10/2025 13:26:52","2022",
"2925","30","科学研究和技术服务业","地方政策-广州市科学技术局政策数量","3","17/9/2025 11:07:56","21/10/2025 13:26:53","2022",
"2926","28","水利、环境和公共设施管理业","国务院政策-国务院政策数量","1","17/9/2025 11:07:56","21/10/2025 13:26:52","2022",
"2927","3","信息传输、软件和信息技术服务业","地方政策-上海市科学技术委员会政策数量","2","17/9/2025 11:07:56","21/10/2025 13:26:52","2022",
"2928","30","科学研究和技术服务业","地方政策-上海市科学技术委员会政策数量","4","17/9/2025 11:07:56","21/10/2025 13:26:53","2022",
"2929",,"互联网和相关服务","地方政策-上海市科学技术委员会政策数量","2","17/9/2025 11:07:56","17/9/2025 11:07:56","2022",
"2930",,"电信、广播电视和卫星传输服务","地方政策-上海市科学技术委员会政策数量","1","17/9/2025 11:07:56","17/9/2025 11:07:56","2022",
"2931","3","信息传输、软件和信息技术服务业","地方政策-上海市财政局政策数量","2","17/9/2025 11:07:56","21/10/2025 13:26:52","2022",
"2932","30","科学研究和技术服务业","地方政策-上海市财政局政策数量","2","17/9/2025 11:07:56","21/10/2025 13:26:53","2022",
"2933",,"互联网和相关服务","地方政策-上海市财政局政策数量","1","17/9/2025 11:07:56","17/9/2025 11:07:56","2022",
"2934",,"电信、广播电视和卫星传输服务","地方政策-上海市财政局政策数量","1","17/9/2025 11:07:56","17/9/2025 11:07:56","2022",
"2935","19","半导体业","地方政策-合肥市发展和改革委员会政策数量","1","17/9/2025 11:07:56","21/10/2025 13:26:53","2022",
"2936","17","交通运输、仓储和邮政业","地方政策-市规划和自然资源局政策数量","1","17/9/2025 11:07:56","21/10/2025 13:26:53","2022",
"2937","27","铁路、船舶、航空航天和其他运输设备制造业","地方政策-市规划和自然资源局政策数量","1","17/9/2025 11:07:56","21/10/2025 13:26:53","2022",
"2938","1","医药制造业","地方政策-上海市人民政府办公厅政策数量","3","17/9/2025 11:07:56","21/10/2025 13:26:53","2022",
"2939","13","电力、热力、燃气及水生产和供应业","地方政策-湖北省人民政府政策数量","1","17/9/2025 11:07:56","21/10/2025 13:26:53","2022",
"2940","13","电力、热力、燃气及水生产和供应业","地方政策-浙江省人民政府办公厅政策数量","1","17/9/2025 11:07:57","21/10/2025 13:26:53","2022",
"2941","30","科学研究和技术服务业","地方政策-山东省科学技术厅政策数量","2","17/9/2025 11:07:57","21/10/2025 13:26:53","2022",
"2942","21","通信传输设备业","部委政策-工业和信息化部办公厅政策数量","3","17/9/2025 11:07:57","21/10/2025 13:26:53","2022",
"2943","3","信息传输、软件和信息技术服务业","地方政策-海南省工业和信息化厅政策数量","2","17/9/2025 11:07:57","21/10/2025 13:26:52","2022",
"2944","1","医药制造业","地方政策-海南省工业和信息化厅政策数量","1","17/9/2025 11:07:57","21/10/2025 13:26:53","2022",
"2945","2","化学原料和化学制品制造业","地方政策-海南省工业和信息化厅政策数量","1","17/9/2025 11:07:57","21/10/2025 13:26:53","2022",
"2946","5","专用设备制造业","地方政策-海南省工业和信息化厅政策数量","1","17/9/2025 11:07:57","21/10/2025 13:26:53","2022",
"2947","6","消费电子及电气业","地方政策-海南省工业和信息化厅政策数量","1","17/9/2025 11:07:57","21/10/2025 13:26:53","2022",
"2948","8","商业电气机械和器材制造业","地方政策-海南省工业和信息化厅政策数量","1","17/9/2025 11:07:57","21/10/2025 13:26:53","2022",
"2949","10","食品饮料业","地方政策-海南省工业和信息化厅政策数量","1","17/9/2025 11:07:57","21/10/2025 13:26:53","2022",
"2950",,"互联网和相关服务","地方政策-海南省工业和信息化厅政策数量","1","17/9/2025 11:07:57","17/9/2025 11:07:57","2022",
"2951","14","采矿业","地方政策-海南省工业和信息化厅政策数量","1","17/9/2025 11:07:58","21/10/2025 13:26:53","2022",
"2952","18","通用设备制造业","地方政策-海南省工业和信息化厅政策数量","1","17/9/2025 11:07:58","21/10/2025 13:26:53","2022",
"2953","19","半导体业","地方政策-海南省工业和信息化厅政策数量","1","17/9/2025 11:07:58","21/10/2025 13:26:53","2022",
"2954","21","通信传输设备业","地方政策-海南省工业和信息化厅政策数量","1","17/9/2025 11:07:58","21/10/2025 13:26:53","2022",
"2955","22","非金属矿物制品业","地方政策-海南省工业和信息化厅政策数量","1","17/9/2025 11:07:58","21/10/2025 13:26:53","2022",
"2956","23","橡胶和塑料制品业","地方政策-海南省工业和信息化厅政策数量","1","17/9/2025 11:07:58","21/10/2025 13:26:53","2022",
"2957","25","其他制造业","地方政策-海南省工业和信息化厅政策数量","1","17/9/2025 11:07:58","21/10/2025 13:26:53","2022",
"2958","26","金属制品业","地方政策-海南省工业和信息化厅政策数量","1","17/9/2025 11:07:58","21/10/2025 13:26:53","2022",
"2959","27","铁路、船舶、航空航天和其他运输设备制造业","地方政策-海南省工业和信息化厅政策数量","1","17/9/2025 11:07:58","21/10/2025 13:26:53","2022",
"2960","32","仪器仪表制造业","地方政策-海南省工业和信息化厅政策数量","1","17/9/2025 11:07:58","21/10/2025 13:26:53","2022",
"2961","43","化学纤维制造业","地方政策-海南省工业和信息化厅政策数量","1","17/9/2025 11:07:58","21/10/2025 13:26:53","2022",
"2962","45","石油加工、炼焦和核燃料加工业","地方政策-海南省工业和信息化厅政策数量","1","17/9/2025 11:07:58","21/10/2025 13:26:53","2022",
"2963","47","木材加工和木、竹、藤、棕、草制品业","地方政策-海南省工业和信息化厅政策数量","1","17/9/2025 11:07:58","21/10/2025 13:26:53","2022",
"2964","41","文教、工美、体育和娱乐用品制造业","地方政策-海南省工业和信息化厅政策数量","1","17/9/2025 11:07:58","21/10/2025 13:26:53","2022",
"2965",,"电信、广播电视和卫星传输服务","地方政策-海南省工业和信息化厅政策数量","1","17/9/2025 11:07:58","17/9/2025 11:07:58","2022",
"2966",,"开采辅助活动","地方政策-海南省工业和信息化厅政策数量","1","17/9/2025 11:07:58","17/9/2025 11:07:58","2022",
"2967","3","信息传输、软件和信息技术服务业","地方政策-海南省财政厅政策数量","1","17/9/2025 11:07:59","21/10/2025 13:26:52","2022",
"2968","1","医药制造业","地方政策-海南省财政厅政策数量","1","17/9/2025 11:07:59","21/10/2025 13:26:53","2022",
"2969","2","化学原料和化学制品制造业","地方政策-海南省财政厅政策数量","1","17/9/2025 11:07:59","21/10/2025 13:26:53","2022",
"2970","5","专用设备制造业","地方政策-海南省财政厅政策数量","1","17/9/2025 11:07:59","21/10/2025 13:26:53","2022",
"2971","6","消费电子及电气业","地方政策-海南省财政厅政策数量","1","17/9/2025 11:07:59","21/10/2025 13:26:53","2022",
"2972","8","商业电气机械和器材制造业","地方政策-海南省财政厅政策数量","1","17/9/2025 11:07:59","21/10/2025 13:26:53","2022",
"2973","10","食品饮料业","地方政策-海南省财政厅政策数量","1","17/9/2025 11:07:59","21/10/2025 13:26:53","2022",
"2974",,"互联网和相关服务","地方政策-海南省财政厅政策数量","1","17/9/2025 11:07:59","17/9/2025 11:07:59","2022",
"2975","12","汽车制造业","地方政策-海南省财政厅政策数量","1","17/9/2025 11:07:59","21/10/2025 13:26:53","2022",
"2976","14","采矿业","地方政策-海南省财政厅政策数量","1","17/9/2025 11:07:59","21/10/2025 13:26:53","2022",
"2977","18","通用设备制造业","地方政策-海南省财政厅政策数量","1","17/9/2025 11:07:59","21/10/2025 13:26:53","2022",
"2978","19","半导体业","地方政策-海南省财政厅政策数量","1","17/9/2025 11:07:59","21/10/2025 13:26:53","2022",
"2979","21","通信传输设备业","地方政策-海南省财政厅政策数量","1","17/9/2025 11:07:59","21/10/2025 13:26:53","2022",
"2980","22","非金属矿物制品业","地方政策-海南省财政厅政策数量","1","17/9/2025 11:07:59","21/10/2025 13:26:53","2022",
"2981","23","橡胶和塑料制品业","地方政策-海南省财政厅政策数量","1","17/9/2025 11:07:59","21/10/2025 13:26:53","2022",
"2982","25","其他制造业","地方政策-海南省财政厅政策数量","1","17/9/2025 11:07:59","21/10/2025 13:26:53","2022",
"2983","26","金属制品业","地方政策-海南省财政厅政策数量","1","17/9/2025 11:07:59","21/10/2025 13:26:53","2022",
"2984","27","铁路、船舶、航空航天和其他运输设备制造业","地方政策-海南省财政厅政策数量","1","17/9/2025 11:07:59","21/10/2025 13:26:53","2022",
"2985","32","仪器仪表制造业","地方政策-海南省财政厅政策数量","1","17/9/2025 11:07:59","21/10/2025 13:26:53","2022",
"2986","43","化学纤维制造业","地方政策-海南省财政厅政策数量","1","17/9/2025 11:07:59","21/10/2025 13:26:53","2022",
"2987","45","石油加工、炼焦和核燃料加工业","地方政策-海南省财政厅政策数量","1","17/9/2025 11:08:00","21/10/2025 13:26:53","2022",
"2988","46","废弃资源综合利用业","地方政策-海南省财政厅政策数量","1","17/9/2025 11:08:00","21/10/2025 13:26:53","2022",
"2989","47","木材加工和木、竹、藤、棕、草制品业","地方政策-海南省财政厅政策数量","1","17/9/2025 11:08:00","21/10/2025 13:26:53","2022",
"2990","41","文教、工美、体育和娱乐用品制造业","地方政策-海南省财政厅政策数量","1","17/9/2025 11:08:00","21/10/2025 13:26:53","2022",
"2991",,"电信、广播电视和卫星传输服务","地方政策-海南省财政厅政策数量","1","17/9/2025 11:08:00","17/9/2025 11:08:00","2022",
"2992",,"开采辅助活动","地方政策-海南省财政厅政策数量","1","17/9/2025 11:08:00","17/9/2025 11:08:00","2022",
"2993","17","交通运输、仓储和邮政业","地方政策-江苏省人民政府办公厅政策数量","1","17/9/2025 11:08:00","21/10/2025 13:26:53","2022",
"2994","28","水利、环境和公共设施管理业","地方政策-江苏省人民政府办公厅政策数量","1","17/9/2025 11:08:00","21/10/2025 13:26:52","2022",
"2995","13","电力、热力、燃气及水生产和供应业","地方政策-江苏省人民政府办公厅政策数量","1","17/9/2025 11:08:00","21/10/2025 13:26:53","2022",
"2996","16","建筑业","地方政策-江苏省人民政府办公厅政策数量","1","17/9/2025 11:08:00","21/10/2025 13:26:53","2022",
"2997","3","信息传输、软件和信息技术服务业","地方政策-江苏省人民政府办公厅政策数量","2","17/9/2025 11:08:00","21/10/2025 13:26:52","2022",
"2998","34","农、林、牧、渔业","地方政策-江苏省人民政府办公厅政策数量","1","17/9/2025 11:08:00","21/10/2025 13:26:53","2022",
"2999","17","交通运输、仓储和邮政业","地方政策-省发展改革委政策数量","1","17/9/2025 11:08:00","21/10/2025 13:26:53","2022",
"3000","28","水利、环境和公共设施管理业","地方政策-省发展改革委政策数量","1","17/9/2025 11:08:00","21/10/2025 13:26:52","2022",
"3001","13","电力、热力、燃气及水生产和供应业","地方政策-省发展改革委政策数量","1","17/9/2025 11:08:00","21/10/2025 13:26:53","2022",
"3002","16","建筑业","地方政策-省发展改革委政策数量","1","17/9/2025 11:08:00","21/10/2025 13:26:53","2022",
"3003","3","信息传输、软件和信息技术服务业","地方政策-省发展改革委政策数量","1","17/9/2025 11:08:00","21/10/2025 13:26:52","2022",
"3004","34","农、林、牧、渔业","地方政策-省发展改革委政策数量","1","17/9/2025 11:08:00","21/10/2025 13:26:53","2022",
"3005",,"互联网和相关服务","地方政策-广州市科学技术局政策数量","2","17/9/2025 11:08:00","17/9/2025 11:08:00","2022",
"3006","28","水利、环境和公共设施管理业","国务院政策-中共中央办公厅政策数量","1","17/9/2025 11:08:00","21/10/2025 13:26:52","2022",
"3007","16","建筑业","国务院政策-中共中央办公厅政策数量","1","17/9/2025 11:08:00","21/10/2025 13:26:53","2022",
"3008","17","交通运输、仓储和邮政业","国务院政策-中共中央办公厅政策数量","1","17/9/2025 11:08:01","21/10/2025 13:26:53","2022",
"3009","13","电力、热力、燃气及水生产和供应业","国务院政策-中共中央办公厅政策数量","1","17/9/2025 11:08:01","21/10/2025 13:26:53","2022",
"3010","3","信息传输、软件和信息技术服务业","国务院政策-中共中央办公厅政策数量","1","17/9/2025 11:08:01","21/10/2025 13:26:52","2022",
"3011","34","农、林、牧、渔业","国务院政策-中共中央办公厅政策数量","1","17/9/2025 11:08:01","21/10/2025 13:26:53","2022",
"3012","31","教育","国务院政策-中共中央办公厅政策数量","2","17/9/2025 11:08:01","21/10/2025 13:26:53","2022",
"3013","35","卫生和社会工作","国务院政策-中共中央办公厅政策数量","1","17/9/2025 11:08:01","21/10/2025 13:26:53","2022",
"3014","33","文化、体育和娱乐业","国务院政策-中共中央办公厅政策数量","1","17/9/2025 11:08:01","21/10/2025 13:26:53","2022",
"3015","48","居民服务、修理和其他服务业","国务院政策-中共中央办公厅政策数量","1","17/9/2025 11:08:01","21/10/2025 13:26:53","2022",
"3016","28","水利、环境和公共设施管理业","国务院政策-国务院办公厅政策数量","1","17/9/2025 11:08:01","21/10/2025 13:26:52","2022",
"3017","16","建筑业","国务院政策-国务院办公厅政策数量","1","17/9/2025 11:08:01","21/10/2025 13:26:53","2022",
"3018","17","交通运输、仓储和邮政业","国务院政策-国务院办公厅政策数量","2","17/9/2025 11:08:01","21/10/2025 13:26:53","2022",
"3019","13","电力、热力、燃气及水生产和供应业","国务院政策-国务院办公厅政策数量","1","17/9/2025 11:08:01","21/10/2025 13:26:53","2022",
"3020","3","信息传输、软件和信息技术服务业","国务院政策-国务院办公厅政策数量","4","17/9/2025 11:08:01","21/10/2025 13:26:52","2022",
"3021","34","农、林、牧、渔业","国务院政策-国务院办公厅政策数量","2","17/9/2025 11:08:01","21/10/2025 13:26:53","2022",
"3022","31","教育","国务院政策-国务院办公厅政策数量","2","17/9/2025 11:08:01","21/10/2025 13:26:53","2022",
"3023","35","卫生和社会工作","国务院政策-国务院办公厅政策数量","1","17/9/2025 11:08:01","21/10/2025 13:26:53","2022",
"3024","33","文化、体育和娱乐业","国务院政策-国务院办公厅政策数量","1","17/9/2025 11:08:01","21/10/2025 13:26:53","2022",
"3025","48","居民服务、修理和其他服务业","国务院政策-国务院办公厅政策数量","1","17/9/2025 11:08:01","21/10/2025 13:26:53","2022",
"3026","2","化学原料和化学制品制造业","国务院政策-国务院办公厅政策数量","1","17/9/2025 11:08:02","21/10/2025 13:26:53","2022",
"3027","1","医药制造业","国务院政策-国务院办公厅政策数量","1","17/9/2025 11:08:02","21/10/2025 13:26:53","2022",
"3028","15","纺织鞋服业","国务院政策-国务院办公厅政策数量","1","17/9/2025 11:08:02","21/10/2025 13:26:53","2022",
"3029","23","橡胶和塑料制品业","国务院政策-国务院办公厅政策数量","1","17/9/2025 11:08:02","21/10/2025 13:26:53","2022",
"3030","45","石油加工、炼焦和核燃料加工业","国务院政策-国务院办公厅政策数量","1","17/9/2025 11:08:02","21/10/2025 13:26:53","2022",
"3031","43","化学纤维制造业","国务院政策-国务院办公厅政策数量","1","17/9/2025 11:08:02","21/10/2025 13:26:53","2022",
"3032","36","造纸和纸制品业","国务院政策-国务院办公厅政策数量","1","17/9/2025 11:08:02","21/10/2025 13:26:53","2022",
"3033","3","信息传输、软件和信息技术服务业","地方政策-上海市人民代表大会常务委员会政策数量","1","17/9/2025 11:08:02","21/10/2025 13:26:52","2022",
"3034",,"互联网和相关服务","地方政策-上海市人民代表大会常务委员会政策数量","1","17/9/2025 11:08:02","17/9/2025 11:08:02","2022",
"3035","30","科学研究和技术服务业","地方政策-上海市人民代表大会常务委员会政策数量","1","17/9/2025 11:08:02","21/10/2025 13:26:53","2022",
"3036","1","医药制造业","地方政策-广州市黄埔区科学技术局政策数量","1","17/9/2025 11:08:02","21/10/2025 13:26:53","2022",
"3037","3","信息传输、软件和信息技术服务业","地方政策-山东省科学技术厅政策数量","1","17/9/2025 11:08:02","21/10/2025 13:26:52","2022",
"3038","10","食品饮料业","地方政策-河南省人民政府办公厅政策数量","1","17/9/2025 11:08:02","21/10/2025 13:26:53","2022",
"3039","1","医药制造业","地方政策-广东省药品监督管理局办公室政策数量","1","17/9/2025 11:08:02","21/10/2025 13:26:53","2022",
"3040","17","交通运输、仓储和邮政业","地方政策-云南省工业和信息化厅政策数量","2","17/9/2025 11:08:02","21/10/2025 13:26:53","2022",
"3041","12","汽车制造业","地方政策-云南省工业和信息化厅政策数量","1","17/9/2025 11:08:02","21/10/2025 13:26:53","2022",
"3042","3","信息传输、软件和信息技术服务业","地方政策-云南省工业和信息化厅政策数量","5","17/9/2025 11:08:02","21/10/2025 13:26:52","2022",
"3043","17","交通运输、仓储和邮政业","地方政策-云南省交通运输厅政策数量","1","17/9/2025 11:08:02","21/10/2025 13:26:53","2022",
"3044","12","汽车制造业","地方政策-云南省交通运输厅政策数量","1","17/9/2025 11:08:02","21/10/2025 13:26:53","2022",
"3045","3","信息传输、软件和信息技术服务业","地方政策-云南省交通运输厅政策数量","1","17/9/2025 11:08:02","21/10/2025 13:26:52","2022",
"3046","21","通信传输设备业","地方政策-云南省交通运输厅政策数量","1","17/9/2025 11:08:03","21/10/2025 13:26:53","2022",
"3047","17","交通运输、仓储和邮政业","地方政策-云南省公安厅政策数量","1","17/9/2025 11:08:03","21/10/2025 13:26:53","2022",
"3048","12","汽车制造业","地方政策-云南省公安厅政策数量","1","17/9/2025 11:08:03","21/10/2025 13:26:53","2022",
"3049","3","信息传输、软件和信息技术服务业","地方政策-云南省公安厅政策数量","1","17/9/2025 11:08:03","21/10/2025 13:26:52","2022",
"3050","21","通信传输设备业","地方政策-云南省公安厅政策数量","1","17/9/2025 11:08:03","21/10/2025 13:26:53","2022",
"3051","17","交通运输、仓储和邮政业","地方政策-云南省市场监督管理局政策数量","1","17/9/2025 11:08:03","21/10/2025 13:26:53","2022",
"3052","12","汽车制造业","地方政策-云南省市场监督管理局政策数量","1","17/9/2025 11:08:03","21/10/2025 13:26:53","2022",
"3053","3","信息传输、软件和信息技术服务业","地方政策-云南省市场监督管理局政策数量","1","17/9/2025 11:08:03","21/10/2025 13:26:52","2022",
"3054","21","通信传输设备业","地方政策-云南省市场监督管理局政策数量","1","17/9/2025 11:08:03","21/10/2025 13:26:53","2022",
"3055","30","科学研究和技术服务业","地方政策-青海省科学技术厅政策数量","1","17/9/2025 11:08:03","21/10/2025 13:26:53","2022",
"3056","31","教育","地方政策-广西壮族自治区人民政府办公厅政策数量","1","17/9/2025 11:08:03","21/10/2025 13:26:53","2022",
"3057","17","交通运输、仓储和邮政业","地方政策-重庆市人民政府办公厅政策数量","1","17/9/2025 11:08:03","21/10/2025 13:26:53","2022",
"3058","28","水利、环境和公共设施管理业","地方政策-云南省发展和改革委员会政策数量","2","17/9/2025 11:08:03","21/10/2025 13:26:52","2022",
"3059","34","农、林、牧、渔业","地方政策-云南省发展和改革委员会政策数量","2","17/9/2025 11:08:03","21/10/2025 13:26:53","2022",
"3060","33","文化、体育和娱乐业","地方政策-云南省发展和改革委员会政策数量","2","17/9/2025 11:08:03","21/10/2025 13:26:53","2022",
"3061","13","电力、热力、燃气及水生产和供应业","地方政策-陕西省淘汰落后产能工作协调领导小组办公室政策数量","1","17/9/2025 11:08:03","21/10/2025 13:26:53","2022",
"3062","14","采矿业","地方政策-陕西省淘汰落后产能工作协调领导小组办公室政策数量","1","17/9/2025 11:08:03","21/10/2025 13:26:53","2022",
"3063","29","金属冶炼和压延加工业","地方政策-陕西省淘汰落后产能工作协调领导小组办公室政策数量","1","17/9/2025 11:08:03","21/10/2025 13:26:53","2022",
"3064","22","非金属矿物制品业","地方政策-陕西省淘汰落后产能工作协调领导小组办公室政策数量","1","17/9/2025 11:08:03","21/10/2025 13:26:53","2022",
"3065","2","化学原料和化学制品制造业","地方政策-陕西省淘汰落后产能工作协调领导小组办公室政策数量","1","17/9/2025 11:08:03","21/10/2025 13:26:53","2022",
"3066","36","造纸和纸制品业","地方政策-陕西省淘汰落后产能工作协调领导小组办公室政策数量","1","17/9/2025 11:08:04","21/10/2025 13:26:53","2022",
"3067","15","纺织鞋服业","地方政策-陕西省淘汰落后产能工作协调领导小组办公室政策数量","1","17/9/2025 11:08:04","21/10/2025 13:26:53","2022",
"3068","23","橡胶和塑料制品业","地方政策-陕西省淘汰落后产能工作协调领导小组办公室政策数量","1","17/9/2025 11:08:04","21/10/2025 13:26:53","2022",
"3069","25","其他制造业","地方政策-陕西省淘汰落后产能工作协调领导小组办公室政策数量","1","17/9/2025 11:08:04","21/10/2025 13:26:53","2022",
"3070",,"工业制造业","地方政策-宁夏回族自治区工业和信息化厅政策数量","1","17/9/2025 11:08:04","17/9/2025 11:08:04","2022",
"3071","5","专用设备制造业","地方政策-宁夏回族自治区工业和信息化厅政策数量","1","17/9/2025 11:08:04","21/10/2025 13:26:53","2022",
"3072","18","通用设备制造业","地方政策-宁夏回族自治区工业和信息化厅政策数量","1","17/9/2025 11:08:04","21/10/2025 13:26:53","2022",
"3073","32","仪器仪表制造业","地方政策-宁夏回族自治区工业和信息化厅政策数量","1","17/9/2025 11:08:04","21/10/2025 13:26:53","2022",
"3074","12","汽车制造业","部委政策-农业农村部办公厅政策数量","1","17/9/2025 11:08:04","21/10/2025 13:26:53","2022",
"3075","12","汽车制造业","部委政策-国家能源局综合司政策数量","1","17/9/2025 11:08:04","21/10/2025 13:26:53","2022",
"3076","13","电力、热力、燃气及水生产和供应业","国务院政策-国家发展改革委政策数量","1","17/9/2025 11:08:04","21/10/2025 13:26:53","2022",
"3077","13","电力、热力、燃气及水生产和供应业","国务院政策-国家能源局政策数量","1","17/9/2025 11:08:04","21/10/2025 13:26:53","2022",
"3078","3","信息传输、软件和信息技术服务业","部委政策-国家外汇管理局政策数量","1","17/9/2025 11:08:04","21/10/2025 13:26:52","2022",
"3079","30","科学研究和技术服务业","部委政策-国家外汇管理局政策数量","1","17/9/2025 11:08:04","21/10/2025 13:26:53","2022",
"3080","5","专用设备制造业","部委政策-国家外汇管理局政策数量","1","17/9/2025 11:08:04","21/10/2025 13:26:53","2022",
"3081","18","通用设备制造业","部委政策-国家外汇管理局政策数量","1","17/9/2025 11:08:05","21/10/2025 13:26:53","2022",
"3082","32","仪器仪表制造业","部委政策-国家外汇管理局政策数量","1","17/9/2025 11:08:05","21/10/2025 13:26:53","2022",
"3083","27","铁路、船舶、航空航天和其他运输设备制造业","部委政策-国家外汇管理局政策数量","1","17/9/2025 11:08:05","21/10/2025 13:26:53","2022",
"3084","12","汽车制造业","部委政策-国家外汇管理局政策数量","1","17/9/2025 11:08:05","21/10/2025 13:26:53","2022",
"3085","1","医药制造业","部委政策-国家外汇管理局政策数量","1","17/9/2025 11:08:05","21/10/2025 13:26:53","2022",
"3086","2","化学原料和化学制品制造业","部委政策-国家外汇管理局政策数量","1","17/9/2025 11:08:05","21/10/2025 13:26:53","2022",
"3087","19","半导体业","部委政策-国家外汇管理局政策数量","1","17/9/2025 11:08:05","21/10/2025 13:26:53","2022",
"3088","21","通信传输设备业","部委政策-国家外汇管理局政策数量","1","17/9/2025 11:08:05","21/10/2025 13:26:53","2022",
"3089","31","教育","地方政策-广东省人民政府办公厅政策数量","1","17/9/2025 11:08:05","21/10/2025 13:26:53","2022",
"3090","13","电力、热力、燃气及水生产和供应业","地方政策-贵州省能源局政策数量","1","17/9/2025 11:08:05","21/10/2025 13:26:53","2022",
"3091","14","采矿业","地方政策-贵州省能源局政策数量","1","17/9/2025 11:08:05","21/10/2025 13:26:53","2022",
"3092","13","电力、热力、燃气及水生产和供应业","地方政策-贵州省科学技术厅政策数量","1","17/9/2025 11:08:05","21/10/2025 13:26:53","2022",
"3093","14","采矿业","地方政策-贵州省科学技术厅政策数量","1","17/9/2025 11:08:05","21/10/2025 13:26:53","2022",
"3094","21","通信传输设备业","地方政策-北京市经济和信息化局政策数量","2","17/9/2025 11:08:05","21/10/2025 13:26:53","2022",
"3095","27","铁路、船舶、航空航天和其他运输设备制造业","部委政策-工业和信息化部政策数量","3","17/9/2025 11:08:05","21/10/2025 13:26:53","2022",
"3096","15","纺织鞋服业","部委政策-国家发展改革委政策数量","1","17/9/2025 11:08:05","21/10/2025 13:26:53","2022",
"3097","5","专用设备制造业","部委政策-国家发展改革委政策数量","1","17/9/2025 11:08:05","21/10/2025 13:26:53","2022",
"3098","27","铁路、船舶、航空航天和其他运输设备制造业","部委政策-国家发展改革委政策数量","1","17/9/2025 11:08:05","21/10/2025 13:26:53","2022",
"3099","34","农、林、牧、渔业","部委政策-国家发展改革委政策数量","1","17/9/2025 11:08:05","21/10/2025 13:26:53","2022",
"3100",,"电信、广播电视和卫星传输服务","部委政策-中国网信网政策数量","1","17/9/2025 11:08:06","17/9/2025 11:08:06","2022",
"3101","34","农、林、牧、渔业","部委政策-中国网信网政策数量","1","17/9/2025 11:08:06","21/10/2025 13:26:53","2022",
"3102","30","科学研究和技术服务业","地方政策-广东省科技厅政策数量","1","17/9/2025 11:08:06","21/10/2025 13:26:53","2022",
"3103","30","科学研究和技术服务业","地方政策-广东省财政厅政策数量","1","17/9/2025 11:08:06","21/10/2025 13:26:53","2022",
"3104","7","金融业","地方政策-广东省人民政府办公厅政策数量","2","17/9/2025 11:08:06","21/10/2025 13:26:52","2022",
"3105",,"电信、广播电视和卫星传输服务","地方政策-山东省人民政府办公厅政策数量","1","17/9/2025 11:08:06","17/9/2025 11:08:06","2022",
"3106","33","文化、体育和娱乐业","地方政策-北京市科学技术委员会政策数量","1","17/9/2025 11:08:06","21/10/2025 13:26:53","2022",
"3107","33","文化、体育和娱乐业","地方政策-中关村科技园区管理委员会政策数量","1","17/9/2025 11:08:06","21/10/2025 13:26:53","2022",
"3108","33","文化、体育和娱乐业","地方政策-北京市通州区人民政府政策数量","1","17/9/2025 11:08:06","21/10/2025 13:26:53","2022",
"3109","33","文化、体育和娱乐业","地方政策-北京市经济和信息化局政策数量","1","17/9/2025 11:08:06","21/10/2025 13:26:53","2022",
"3111","3","信息传输、软件和信息技术服务业","地方政策-重庆市渝北区人民政府办公室政策数量","1","17/9/2025 11:08:06","21/10/2025 13:26:52","2022",
"3112",,"互联网和相关服务","地方政策-重庆市渝北区人民政府办公室政策数量","1","17/9/2025 11:08:06","17/9/2025 11:08:06","2022",
"3113","30","科学研究和技术服务业","地方政策-重庆市渝北区人民政府办公室政策数量","1","17/9/2025 11:08:06","21/10/2025 13:26:53","2022",
"3114","33","文化、体育和娱乐业","地方政策-重庆市渝北区人民政府办公室政策数量","1","17/9/2025 11:08:06","21/10/2025 13:26:53","2022",
"3115","30","科学研究和技术服务业","地方政策-广州市黄埔区工业和信息化局政策数量","1","17/9/2025 11:08:06","21/10/2025 13:26:53","2022",
"3116","30","科学研究和技术服务业","地方政策-广州开发区经济和信息化局政策数量","1","17/9/2025 11:08:06","21/10/2025 13:26:53","2022",
"3117","30","科学研究和技术服务业","地方政策-广州市黄埔区科学技术局政策数量","1","17/9/2025 11:08:06","21/10/2025 13:26:53","2022",
"3118","30","科学研究和技术服务业","地方政策-广州开发区科技创新局政策数量","1","17/9/2025 11:08:06","21/10/2025 13:26:53","2022",
"3119","3","信息传输、软件和信息技术服务业","地方政策-京市通州区人民政府办公室政策数量","1","17/9/2025 11:08:06","21/10/2025 13:26:52","2022",
"3120",,"互联网和相关服务","地方政策-京市通州区人民政府办公室政策数量","1","17/9/2025 11:08:07","17/9/2025 11:08:07","2022",
"3121","33","文化、体育和娱乐业","地方政策-京市通州区人民政府办公室政策数量","1","17/9/2025 11:08:07","21/10/2025 13:26:53","2022",
"3122","3","信息传输、软件和信息技术服务业","地方政策-厦门市工业和信息化局办公室政策数量","1","17/9/2025 11:08:07","21/10/2025 13:26:52","2022",
"3123",,"互联网和相关服务","地方政策-厦门市工业和信息化局办公室政策数量","1","17/9/2025 11:08:07","17/9/2025 11:08:07","2022",
"3124","33","文化、体育和娱乐业","地方政策-厦门市工业和信息化局办公室政策数量","1","17/9/2025 11:08:07","21/10/2025 13:26:53","2022",
"3125","3","信息传输、软件和信息技术服务业","地方政策-厦门市大数据管理局政策数量","1","17/9/2025 11:08:07","21/10/2025 13:26:52","2022",
"3126",,"互联网和相关服务","地方政策-厦门市大数据管理局政策数量","1","17/9/2025 11:08:07","17/9/2025 11:08:07","2022",
"3127","33","文化、体育和娱乐业","地方政策-厦门市大数据管理局政策数量","1","17/9/2025 11:08:07","21/10/2025 13:26:53","2022",
"3128","34","农、林、牧、渔业","国务院政策-国务院政策数量","2","17/9/2025 11:08:07","21/10/2025 13:26:53","2022",
"3129","7","金融业","部委政策-科技部办公厅政策数量","1","17/9/2025 11:08:07","21/10/2025 13:26:52","2022",
"3130","7","金融业","部委政策-国家开发银行办公室政策数量","1","17/9/2025 11:08:07","21/10/2025 13:26:52","2022",
"3131","30","科学研究和技术服务业","部委政策-国家开发银行办公室政策数量","1","17/9/2025 11:08:07","21/10/2025 13:26:53","2022",
"3132","30","科学研究和技术服务业","部委政策-科技部火炬中心政策数量","1","17/9/2025 11:08:07","21/10/2025 13:26:53","2022",
"3133","27","铁路、船舶、航空航天和其他运输设备制造业","部委政策-国家发展和改革委员会政策数量","1","17/9/2025 11:08:07","21/10/2025 13:26:53","2022",
"3134","27","铁路、船舶、航空航天和其他运输设备制造业","部委政策-生态环境部政策数量","2","17/9/2025 11:08:07","21/10/2025 13:26:53","2022",
"3135","27","铁路、船舶、航空航天和其他运输设备制造业","部委政策-交通运输部政策数量","2","17/9/2025 11:08:07","21/10/2025 13:26:53","2022",
"3136","13","电力、热力、燃气及水生产和供应业","地方政策-重庆市发展和改革委员会政策数量","1","17/9/2025 11:08:07","21/10/2025 13:26:53","2022",
"3137","13","电力、热力、燃气及水生产和供应业","地方政策-重庆市生态环境局政策数量","1","17/9/2025 11:08:07","21/10/2025 13:26:53","2022",
"3138","13","电力、热力、燃气及水生产和供应业","地方政策-重庆市国有资产监督管理委员会政策数量","1","17/9/2025 11:08:07","21/10/2025 13:26:53","2022",
"3139","13","电力、热力、燃气及水生产和供应业","地方政策-重庆市市场监督管理局政策数量","1","17/9/2025 11:08:08","21/10/2025 13:26:53","2022",
"3140","17","交通运输、仓储和邮政业","部委政策-中国民用航空局政策数量","1","17/9/2025 11:08:08","21/10/2025 13:26:53","2022",
"3141","1","医药制造业","部委政策-工业和信息化部办公厅政策数量","3","17/9/2025 11:08:08","21/10/2025 13:26:53","2022",
"3142","17","交通运输、仓储和邮政业","部委政策-交通运输部办公厅政策数量","1","17/9/2025 11:08:08","21/10/2025 13:26:53","2022",
"3143","5","专用设备制造业","地方政策-江西省人民政府政策数量","1","17/9/2025 11:08:08","21/10/2025 13:26:53","2022",
"3144","8","商业电气机械和器材制造业","地方政策-江西省人民政府政策数量","1","17/9/2025 11:08:08","21/10/2025 13:26:53","2022",
"3145","12","汽车制造业","地方政策-江西省人民政府政策数量","1","17/9/2025 11:08:08","21/10/2025 13:26:53","2022",
"3146","46","废弃资源综合利用业","地方政策-江西省人民政府政策数量","1","17/9/2025 11:08:08","21/10/2025 13:26:53","2022",
"3147","30","科学研究和技术服务业","地方政策-江西省科学技术厅政策数量","1","17/9/2025 11:08:08","21/10/2025 13:26:53","2022",
"3148","30","科学研究和技术服务业","地方政策-江西省税务局政策数量","1","17/9/2025 11:08:08","21/10/2025 13:26:53","2022",
"3149","32","仪器仪表制造业","地方政策-山东省人民政府政策数量","1","17/9/2025 11:08:08","21/10/2025 13:26:53","2022",
"3150","30","科学研究和技术服务业","地方政策-海南省人民政府办公厅政策数量","2","17/9/2025 11:08:08","21/10/2025 13:26:53","2022",
"3151","9","批发和零售业","地方政策-重庆市人民政府办公厅政策数量","1","17/9/2025 11:08:08","21/10/2025 13:26:53","2022",
"3152","2","化学原料和化学制品制造业","地方政策-四川省人民政府办公厅政策数量","1","17/9/2025 11:08:08","21/10/2025 13:26:53","2022",
"3153","3","信息传输、软件和信息技术服务业","地方政策-四川省人民政府办公厅政策数量","1","17/9/2025 11:08:08","21/10/2025 13:26:52","2022",
"3154","6","消费电子及电气业","地方政策-四川省人民政府办公厅政策数量","1","17/9/2025 11:08:08","21/10/2025 13:26:53","2022",
"3155","8","商业电气机械和器材制造业","地方政策-四川省人民政府办公厅政策数量","1","17/9/2025 11:08:08","21/10/2025 13:26:53","2022",
"3156","10","食品饮料业","地方政策-四川省人民政府办公厅政策数量","1","17/9/2025 11:08:08","21/10/2025 13:26:53","2022",
"3157",,"互联网和相关服务","地方政策-四川省人民政府办公厅政策数量","1","17/9/2025 11:08:08","17/9/2025 11:08:08","2022",
"3158","12","汽车制造业","地方政策-四川省人民政府办公厅政策数量","2","17/9/2025 11:08:08","21/10/2025 13:26:53","2022",
"3159","14","采矿业","地方政策-四川省人民政府办公厅政策数量","1","17/9/2025 11:08:09","21/10/2025 13:26:53","2022",
"3160","15","纺织鞋服业","地方政策-四川省人民政府办公厅政策数量","1","17/9/2025 11:08:09","21/10/2025 13:26:53","2022",
"3161","18","通用设备制造业","地方政策-四川省人民政府办公厅政策数量","1","17/9/2025 11:08:09","21/10/2025 13:26:53","2022",
"3162","19","半导体业","地方政策-四川省人民政府办公厅政策数量","1","17/9/2025 11:08:09","21/10/2025 13:26:53","2022",
"3163","21","通信传输设备业","地方政策-四川省人民政府办公厅政策数量","1","17/9/2025 11:08:09","21/10/2025 13:26:53","2022",
"3164","22","非金属矿物制品业","地方政策-四川省人民政府办公厅政策数量","1","17/9/2025 11:08:09","21/10/2025 13:26:53","2022",
"3165","23","橡胶和塑料制品业","地方政策-四川省人民政府办公厅政策数量","1","17/9/2025 11:08:09","21/10/2025 13:26:53","2022",
"3166","26","金属制品业","地方政策-四川省人民政府办公厅政策数量","1","17/9/2025 11:08:09","21/10/2025 13:26:53","2022",
"3167","27","铁路、船舶、航空航天和其他运输设备制造业","地方政策-四川省人民政府办公厅政策数量","1","17/9/2025 11:08:09","21/10/2025 13:26:53","2022",
"3168","29","金属冶炼和压延加工业","地方政策-四川省人民政府办公厅政策数量","1","17/9/2025 11:08:09","21/10/2025 13:26:53","2022",
"3169","32","仪器仪表制造业","地方政策-四川省人民政府办公厅政策数量","1","17/9/2025 11:08:09","21/10/2025 13:26:53","2022",
"3170","43","化学纤维制造业","地方政策-四川省人民政府办公厅政策数量","1","17/9/2025 11:08:09","21/10/2025 13:26:53","2022",
"3171","45","石油加工、炼焦和核燃料加工业","地方政策-四川省人民政府办公厅政策数量","1","17/9/2025 11:08:09","21/10/2025 13:26:53","2022",
"3172","46","废弃资源综合利用业","地方政策-四川省人民政府办公厅政策数量","1","17/9/2025 11:08:09","21/10/2025 13:26:53","2022",
"3173","2","化学原料和化学制品制造业","地方政策-贵州省人民政府政策数量","2","17/9/2025 11:08:09","21/10/2025 13:26:53","2022",
"3174","22","非金属矿物制品业","地方政策-贵州省人民政府政策数量","2","17/9/2025 11:08:09","21/10/2025 13:26:53","2022",
"3175","29","金属冶炼和压延加工业","地方政策-贵州省人民政府政策数量","2","17/9/2025 11:08:09","21/10/2025 13:26:53","2022",
"3176","13","电力、热力、燃气及水生产和供应业","地方政策-贵州省人民政府政策数量","2","17/9/2025 11:08:09","21/10/2025 13:26:53","2022",
"3177","17","交通运输、仓储和邮政业","地方政策-贵州省人民政府政策数量","2","17/9/2025 11:08:09","21/10/2025 13:26:53","2022",
"3178","34","农、林、牧、渔业","地方政策-贵州省人民政府政策数量","2","17/9/2025 11:08:10","21/10/2025 13:26:53","2022",
"3179","28","水利、环境和公共设施管理业","地方政策-贵州省人民政府政策数量","2","17/9/2025 11:08:10","21/10/2025 13:26:52","2022",
"3180","36","造纸和纸制品业","地方政策-贵州省人民政府政策数量","1","17/9/2025 11:08:10","21/10/2025 13:26:53","2022",
"3181","45","石油加工、炼焦和核燃料加工业","地方政策-贵州省人民政府政策数量","1","17/9/2025 11:08:10","21/10/2025 13:26:53","2022",
"3182","46","废弃资源综合利用业","地方政策-贵州省人民政府政策数量","2","17/9/2025 11:08:10","21/10/2025 13:26:53","2022",
"3183","47","木材加工和木、竹、藤、棕、草制品业","地方政策-云南省人民政府办公厅政策数量","1","17/9/2025 11:08:10","21/10/2025 13:26:53","2022",
"3184","36","造纸和纸制品业","地方政策-云南省人民政府办公厅政策数量","1","17/9/2025 11:08:10","21/10/2025 13:26:53","2022",
"3185","38","家具制造业","地方政策-云南省人民政府办公厅政策数量","1","17/9/2025 11:08:10","21/10/2025 13:26:53","2022",
"3186","37","住宿和餐饮业","地方政策-云南省人民政府办公厅政策数量","1","17/9/2025 11:08:10","21/10/2025 13:26:53","2022",
"3187","30","科学研究和技术服务业","地方政策-云南省人民政府办公厅政策数量","2","17/9/2025 11:08:10","21/10/2025 13:26:53","2022",
"3188","28","水利、环境和公共设施管理业","地方政策-云南省人民政府办公厅政策数量","1","17/9/2025 11:08:10","21/10/2025 13:26:52","2022",
"3189","30","科学研究和技术服务业","地方政策-云南省统计局政策数量","1","17/9/2025 11:08:10","21/10/2025 13:26:53","2022",
"3190","32","仪器仪表制造业","地方政策-甘肃省人民政府政策数量","1","17/9/2025 11:08:10","21/10/2025 13:26:53","2022",
"3191","1","医药制造业","地方政策-杭州市人民政府办公厅政策数量","1","17/9/2025 11:08:10","21/10/2025 13:26:53","2022",
"3192","12","汽车制造业","部委政策-国家互联网信息办公室政策数量","1","17/9/2025 11:08:10","21/10/2025 13:26:53","2022",
"3193","35","卫生和社会工作","地方政策-海南省人民政府办公厅政策数量","1","17/9/2025 11:08:10","21/10/2025 13:26:53","2022",
"3194","18","通用设备制造业","地方政策-上海市人民政府政策数量","1","17/9/2025 11:08:10","21/10/2025 13:26:53","2022",
"3195","32","仪器仪表制造业","地方政策-上海市人民政府政策数量","1","17/9/2025 11:08:10","21/10/2025 13:26:53","2022",
"3196","22","非金属矿物制品业","地方政策-上海市人民政府政策数量","1","17/9/2025 11:08:10","21/10/2025 13:26:53","2022",
"3197","2","化学原料和化学制品制造业","地方政策-上海市人民政府办公厅政策数量","1","17/9/2025 11:08:11","21/10/2025 13:26:53","2022",
"3198","5","专用设备制造业","地方政策-上海市人民政府办公厅政策数量","1","17/9/2025 11:08:11","21/10/2025 13:26:53","2022",
"3199","18","通用设备制造业","地方政策-上海市人民政府办公厅政策数量","1","17/9/2025 11:08:11","21/10/2025 13:26:53","2022",
"3200","19","半导体业","地方政策-上海市人民政府办公厅政策数量","1","17/9/2025 11:08:11","21/10/2025 13:26:53","2022",
"3201","21","通信传输设备业","地方政策-上海市人民政府办公厅政策数量","1","17/9/2025 11:08:11","21/10/2025 13:26:53","2022",
"3202","32","仪器仪表制造业","地方政策-上海市人民政府办公厅政策数量","1","17/9/2025 11:08:11","21/10/2025 13:26:53","2022",
"3203","43","化学纤维制造业","地方政策-上海市人民政府办公厅政策数量","1","17/9/2025 11:08:11","21/10/2025 13:26:53","2022",
"3204","45","石油加工、炼焦和核燃料加工业","地方政策-上海市人民政府办公厅政策数量","1","17/9/2025 11:08:11","21/10/2025 13:26:53","2022",
"3205","1","医药制造业","地方政策-云南省人民政府政策数量","1","17/9/2025 11:08:11","21/10/2025 13:26:53","2022",
"3206","22","非金属矿物制品业","地方政策-云南省人民政府办公厅政策数量","1","17/9/2025 11:08:11","21/10/2025 13:26:53","2022",
"3207","29","金属冶炼和压延加工业","地方政策-云南省人民政府办公厅政策数量","1","17/9/2025 11:08:11","21/10/2025 13:26:53","2022",
"3208","45","石油加工、炼焦和核燃料加工业","地方政策-云南省人民政府办公厅政策数量","1","17/9/2025 11:08:11","21/10/2025 13:26:53","2022",
"3209",,"电信、广播电视和卫星传输服务","地方政策-云南省工业和信息化厅政策数量","2","17/9/2025 11:08:11","17/9/2025 11:08:11","2022",
"3210","14","采矿业","地方政策-云南省工业和信息化厅政策数量","1","17/9/2025 11:08:11","21/10/2025 13:26:53","2022",
"3211","34","农、林、牧、渔业","地方政策-云南省工业和信息化厅政策数量","1","17/9/2025 11:08:11","21/10/2025 13:26:53","2022",
"3212","28","水利、环境和公共设施管理业","地方政策-云南省工业和信息化厅政策数量","1","17/9/2025 11:08:11","21/10/2025 13:26:52","2022",
"3213","31","教育","地方政策-云南省工业和信息化厅政策数量","1","17/9/2025 11:08:11","21/10/2025 13:26:53","2022",
"3214","35","卫生和社会工作","地方政策-云南省工业和信息化厅政策数量","1","17/9/2025 11:08:11","21/10/2025 13:26:53","2022",
"3215","33","文化、体育和娱乐业","地方政策-云南省工业和信息化厅政策数量","1","17/9/2025 11:08:11","21/10/2025 13:26:53","2022",
"3216","3","信息传输、软件和信息技术服务业","地方政策-云南省通信管理局政策数量","1","17/9/2025 11:08:12","21/10/2025 13:26:52","2022",
"3217",,"电信、广播电视和卫星传输服务","地方政策-云南省通信管理局政策数量","1","17/9/2025 11:08:12","17/9/2025 11:08:12","2022",
"3218","13","电力、热力、燃气及水生产和供应业","地方政策-云南省通信管理局政策数量","1","17/9/2025 11:08:12","21/10/2025 13:26:53","2022",
"3219","14","采矿业","地方政策-云南省通信管理局政策数量","1","17/9/2025 11:08:12","21/10/2025 13:26:53","2022",
"3220","34","农、林、牧、渔业","地方政策-云南省通信管理局政策数量","1","17/9/2025 11:08:12","21/10/2025 13:26:53","2022",
"3221","28","水利、环境和公共设施管理业","地方政策-云南省通信管理局政策数量","1","17/9/2025 11:08:12","21/10/2025 13:26:52","2022",
"3222","31","教育","地方政策-云南省通信管理局政策数量","1","17/9/2025 11:08:12","21/10/2025 13:26:53","2022",
"3223","35","卫生和社会工作","地方政策-云南省通信管理局政策数量","1","17/9/2025 11:08:12","21/10/2025 13:26:53","2022",
"3224","33","文化、体育和娱乐业","地方政策-云南省通信管理局政策数量","1","17/9/2025 11:08:12","21/10/2025 13:26:53","2022",
"3225","17","交通运输、仓储和邮政业","地方政策-云南省通信管理局政策数量","1","17/9/2025 11:08:12","21/10/2025 13:26:53","2022",
"3226","3","信息传输、软件和信息技术服务业","地方政策-中共云南省委网络安全和信息化委员会办公室政策数量","1","17/9/2025 11:08:12","21/10/2025 13:26:52","2022",
"3227",,"电信、广播电视和卫星传输服务","地方政策-中共云南省委网络安全和信息化委员会办公室政策数量","1","17/9/2025 11:08:12","17/9/2025 11:08:12","2022",
"3228","13","电力、热力、燃气及水生产和供应业","地方政策-中共云南省委网络安全和信息化委员会办公室政策数量","1","17/9/2025 11:08:12","21/10/2025 13:26:53","2022",
"3229","14","采矿业","地方政策-中共云南省委网络安全和信息化委员会办公室政策数量","1","17/9/2025 11:08:12","21/10/2025 13:26:53","2022",
"3230","34","农、林、牧、渔业","地方政策-中共云南省委网络安全和信息化委员会办公室政策数量","1","17/9/2025 11:08:12","21/10/2025 13:26:53","2022",
"3231","28","水利、环境和公共设施管理业","地方政策-中共云南省委网络安全和信息化委员会办公室政策数量","1","17/9/2025 11:08:12","21/10/2025 13:26:52","2022",
"3232","31","教育","地方政策-中共云南省委网络安全和信息化委员会办公室政策数量","1","17/9/2025 11:08:12","21/10/2025 13:26:53","2022",
"3233","35","卫生和社会工作","地方政策-中共云南省委网络安全和信息化委员会办公室政策数量","1","17/9/2025 11:08:12","21/10/2025 13:26:53","2022",
"3234","33","文化、体育和娱乐业","地方政策-中共云南省委网络安全和信息化委员会办公室政策数量","1","17/9/2025 11:08:12","21/10/2025 13:26:53","2022",
"3235","17","交通运输、仓储和邮政业","地方政策-中共云南省委网络安全和信息化委员会办公室政策数量","1","17/9/2025 11:08:13","21/10/2025 13:26:53","2022",
"3236","3","信息传输、软件和信息技术服务业","地方政策-云南省发展和改革委员会政策数量","2","17/9/2025 11:08:13","21/10/2025 13:26:52","2022",
"3237",,"电信、广播电视和卫星传输服务","地方政策-云南省发展和改革委员会政策数量","1","17/9/2025 11:08:13","17/9/2025 11:08:13","2022",
"3238","14","采矿业","地方政策-云南省发展和改革委员会政策数量","1","17/9/2025 11:08:13","21/10/2025 13:26:53","2022",
"3239","31","教育","地方政策-云南省发展和改革委员会政策数量","1","17/9/2025 11:08:13","21/10/2025 13:26:53","2022",
"3240","35","卫生和社会工作","地方政策-云南省发展和改革委员会政策数量","1","17/9/2025 11:08:13","21/10/2025 13:26:53","2022",
"3241","3","信息传输、软件和信息技术服务业","地方政策-云南省财政厅政策数量","1","17/9/2025 11:08:13","21/10/2025 13:26:52","2022",
"3242",,"电信、广播电视和卫星传输服务","地方政策-云南省财政厅政策数量","1","17/9/2025 11:08:13","17/9/2025 11:08:13","2022",
"3243","13","电力、热力、燃气及水生产和供应业","地方政策-云南省财政厅政策数量","1","17/9/2025 11:08:13","21/10/2025 13:26:53","2022",
"3244","14","采矿业","地方政策-云南省财政厅政策数量","1","17/9/2025 11:08:13","21/10/2025 13:26:53","2022",
"3245","34","农、林、牧、渔业","地方政策-云南省财政厅政策数量","1","17/9/2025 11:08:13","21/10/2025 13:26:53","2022",
"3246","28","水利、环境和公共设施管理业","地方政策-云南省财政厅政策数量","1","17/9/2025 11:08:13","21/10/2025 13:26:52","2022",
"3247","31","教育","地方政策-云南省财政厅政策数量","1","17/9/2025 11:08:13","21/10/2025 13:26:53","2022",
"3248","35","卫生和社会工作","地方政策-云南省财政厅政策数量","1","17/9/2025 11:08:13","21/10/2025 13:26:53","2022",
"3249","33","文化、体育和娱乐业","地方政策-云南省财政厅政策数量","1","17/9/2025 11:08:13","21/10/2025 13:26:53","2022",
"3250","17","交通运输、仓储和邮政业","地方政策-云南省财政厅政策数量","1","17/9/2025 11:08:13","21/10/2025 13:26:53","2022",
"3251","3","信息传输、软件和信息技术服务业","地方政策-自治区经济和信息化厅政策数量","1","17/9/2025 11:08:13","21/10/2025 13:26:52","2022",
"3252","30","科学研究和技术服务业","地方政策-陕西省科学技术厅政策数量","3","17/9/2025 11:08:14","21/10/2025 13:26:53","2022",
"3253","30","科学研究和技术服务业","地方政策-陕西省教育厅政策数量","1","17/9/2025 11:08:14","21/10/2025 13:26:53","2022",
"3254","34","农、林、牧、渔业","地方政策-中共宁夏回族自治区科学技术厅党组政策数量","1","17/9/2025 11:08:14","21/10/2025 13:26:53","2022",
"3255","10","食品饮料业","地方政策-中共宁夏回族自治区科学技术厅党组政策数量","1","17/9/2025 11:08:14","21/10/2025 13:26:53","2022",
"3256",,"互联网和相关服务","地方政策-四川省科学技术厅政策数量","1","17/9/2025 11:08:14","17/9/2025 11:08:14","2022",
"3257","12","汽车制造业","地方政策-吉林省人民政府政策数量","1","17/9/2025 11:08:14","21/10/2025 13:26:53","2022",
"3258","1","医药制造业","地方政策-吉林省人民政府政策数量","1","17/9/2025 11:08:14","21/10/2025 13:26:53","2022",
"3259","3","信息传输、软件和信息技术服务业","地方政策-吉林省人民政府政策数量","1","17/9/2025 11:08:14","21/10/2025 13:26:52","2022",
"3260","34","农、林、牧、渔业","地方政策-吉林省人民政府政策数量","1","17/9/2025 11:08:14","21/10/2025 13:26:53","2022",
"3261","13","电力、热力、燃气及水生产和供应业","地方政策-吉林省人民政府政策数量","1","17/9/2025 11:08:14","21/10/2025 13:26:53","2022",
"3262","30","科学研究和技术服务业","地方政策-吉林省人民政府政策数量","1","17/9/2025 11:08:14","21/10/2025 13:26:53","2022",
"3263","33","文化、体育和娱乐业","地方政策-吉林省人民政府政策数量","1","17/9/2025 11:08:14","21/10/2025 13:26:53","2022",
"3264","20","租赁和商务服务业","地方政策-吉林省人民政府政策数量","1","17/9/2025 11:08:14","21/10/2025 13:26:53","2022",
"3265","9","批发和零售业","地方政策-吉林省人民政府政策数量","1","17/9/2025 11:08:14","21/10/2025 13:26:53","2022",
"3266",,"互联网和相关服务","地方政策-吉林省人民政府政策数量","1","17/9/2025 11:08:14","17/9/2025 11:08:14","2022",
"3267","12","汽车制造业","地方政策-国家知识产权局政策数量","1","17/9/2025 11:08:15","21/10/2025 13:26:53","2022",
"3268","1","医药制造业","地方政策-国家知识产权局政策数量","1","17/9/2025 11:08:15","21/10/2025 13:26:53","2022",
"3269","3","信息传输、软件和信息技术服务业","地方政策-国家知识产权局政策数量","2","17/9/2025 11:08:15","21/10/2025 13:26:52","2022",
"3270","34","农、林、牧、渔业","地方政策-国家知识产权局政策数量","2","17/9/2025 11:08:15","21/10/2025 13:26:53","2022",
"3271","13","电力、热力、燃气及水生产和供应业","地方政策-国家知识产权局政策数量","2","17/9/2025 11:08:15","21/10/2025 13:26:53","2022",
"3272","30","科学研究和技术服务业","地方政策-国家知识产权局政策数量","3","17/9/2025 11:08:15","21/10/2025 13:26:53","2022",
"3273","33","文化、体育和娱乐业","地方政策-国家知识产权局政策数量","1","17/9/2025 11:08:15","21/10/2025 13:26:53","2022",
"3274","20","租赁和商务服务业","地方政策-国家知识产权局政策数量","1","17/9/2025 11:08:15","21/10/2025 13:26:53","2022",
"3275","9","批发和零售业","地方政策-国家知识产权局政策数量","1","17/9/2025 11:08:15","21/10/2025 13:26:53","2022",
"3276",,"互联网和相关服务","地方政策-国家知识产权局政策数量","1","17/9/2025 11:08:15","17/9/2025 11:08:15","2022",
"3277","3","信息传输、软件和信息技术服务业","部委政策-国家知识产权局办公室政策数量","2","17/9/2025 11:08:15","21/10/2025 13:26:52","2022",
"3278",,"互联网和相关服务","部委政策-国家知识产权局办公室政策数量","2","17/9/2025 11:08:15","17/9/2025 11:08:15","2022",
"3279","21","通信传输设备业","部委政策-国家知识产权局办公室政策数量","2","17/9/2025 11:08:15","21/10/2025 13:26:53","2022",
"3280","13","电力、热力、燃气及水生产和供应业","地方政策-山西省人民政府政策数量","1","17/9/2025 11:08:15","21/10/2025 13:26:53","2022",
"3281","14","采矿业","地方政策-山西省人民政府政策数量","1","17/9/2025 11:08:15","21/10/2025 13:26:53","2022",
"3282","2","化学原料和化学制品制造业","地方政策-山西省人民政府政策数量","1","17/9/2025 11:08:16","21/10/2025 13:26:53","2022",
"3283","34","农、林、牧、渔业","地方政策-山西省人民政府政策数量","1","17/9/2025 11:08:16","21/10/2025 13:26:53","2022",
"3284","30","科学研究和技术服务业","地方政策-山西省人民政府政策数量","1","17/9/2025 11:08:16","21/10/2025 13:26:53","2022",
"3285","31","教育","地方政策-山西省人民政府政策数量","1","17/9/2025 11:08:16","21/10/2025 13:26:53","2022",
"3286","14","采矿业","地方政策-国家知识产权局政策数量","1","17/9/2025 11:08:16","21/10/2025 13:26:53","2022",
"3287","2","化学原料和化学制品制造业","地方政策-国家知识产权局政策数量","1","17/9/2025 11:08:16","21/10/2025 13:26:53","2022",
"3288","31","教育","地方政策-国家知识产权局政策数量","1","17/9/2025 11:08:16","21/10/2025 13:26:53","2022",
"3289","5","专用设备制造业","地方政策-湖南省人民政府政策数量","1","17/9/2025 11:08:16","21/10/2025 13:26:53","2022",
"3290","27","铁路、船舶、航空航天和其他运输设备制造业","地方政策-湖南省人民政府政策数量","1","17/9/2025 11:08:16","21/10/2025 13:26:53","2022",
"3291","3","信息传输、软件和信息技术服务业","地方政策-湖南省人民政府政策数量","2","17/9/2025 11:08:16","21/10/2025 13:26:52","2022",
"3292","30","科学研究和技术服务业","地方政策-湖南省人民政府政策数量","2","17/9/2025 11:08:16","21/10/2025 13:26:53","2022",
"3293","5","专用设备制造业","地方政策-国家知识产权局政策数量","1","17/9/2025 11:08:17","21/10/2025 13:26:53","2022",
"3294","27","铁路、船舶、航空航天和其他运输设备制造业","地方政策-国家知识产权局政策数量","1","17/9/2025 11:08:17","21/10/2025 13:26:53","2022",
"3295","31","教育","部委政策-工业和信息化部办公厅政策数量","1","17/9/2025 11:08:17","21/10/2025 13:26:53","2022",
"3296","30","科学研究和技术服务业","部委政策-工业和信息化部办公厅政策数量","4","17/9/2025 11:08:17","21/10/2025 13:26:53","2022",
"3297","31","教育","部委政策-国家知识产权局办公室政策数量","1","17/9/2025 11:08:17","21/10/2025 13:26:53","2022",
"3298","30","科学研究和技术服务业","部委政策-国家知识产权局办公室政策数量","2","17/9/2025 11:08:17","21/10/2025 13:26:53","2022",
"3299",,"工业制造业","地方政策-河北省人民政府办公厅政策数量","1","17/9/2025 11:08:17","17/9/2025 11:08:17","2022",
"3300","5","专用设备制造业","地方政策-河北省人民政府办公厅政策数量","1","17/9/2025 11:08:17","21/10/2025 13:26:53","2022",
"3301","18","通用设备制造业","地方政策-河北省人民政府办公厅政策数量","1","17/9/2025 11:08:17","21/10/2025 13:26:53","2022",
"3302","12","汽车制造业","地方政策-河北省人民政府办公厅政策数量","1","17/9/2025 11:08:17","21/10/2025 13:26:53","2022",
"3303",,"电气机械和器材制造业","地方政策-河北省人民政府办公厅政策数量","1","17/9/2025 11:08:17","17/9/2025 11:08:17","2022",
"3304","22","非金属矿物制品业","地方政策-河北省人民政府办公厅政策数量","1","17/9/2025 11:08:17","21/10/2025 13:26:53","2022",
"3305","26","金属制品业","地方政策-河北省人民政府办公厅政策数量","1","17/9/2025 11:08:17","21/10/2025 13:26:53","2022",
"3306","27","铁路、船舶、航空航天和其他运输设备制造业","地方政策-河北省人民政府办公厅政策数量","1","17/9/2025 11:08:17","21/10/2025 13:26:53","2022",
"3307","32","仪器仪表制造业","地方政策-河北省人民政府办公厅政策数量","1","17/9/2025 11:08:18","21/10/2025 13:26:53","2022",
"3308","36","造纸和纸制品业","地方政策-河北省人民政府办公厅政策数量","1","17/9/2025 11:08:18","21/10/2025 13:26:53","2022",
"3309","38","家具制造业","地方政策-河北省人民政府办公厅政策数量","1","17/9/2025 11:08:18","21/10/2025 13:26:53","2022",
"3310","39","印刷和记录媒介复制业","地方政策-河北省人民政府办公厅政策数量","1","17/9/2025 11:08:18","21/10/2025 13:26:53","2022",
"3311","41","文教、工美、体育和娱乐用品制造业","地方政策-河北省人民政府办公厅政策数量","1","17/9/2025 11:08:18","21/10/2025 13:26:53","2022",
"3312","43","化学纤维制造业","地方政策-河北省人民政府办公厅政策数量","1","17/9/2025 11:08:18","21/10/2025 13:26:53","2022",
"3313","45","石油加工、炼焦和核燃料加工业","地方政策-河北省人民政府办公厅政策数量","1","17/9/2025 11:08:18","21/10/2025 13:26:53","2022",
"3314","46","废弃资源综合利用业","地方政策-河北省人民政府办公厅政策数量","1","17/9/2025 11:08:18","21/10/2025 13:26:53","2022",
"3315","47","木材加工和木、竹、藤、棕、草制品业","地方政策-河北省人民政府办公厅政策数量","1","17/9/2025 11:08:18","21/10/2025 13:26:53","2022",
"3316","1","医药制造业","地方政策-河北省人民政府办公厅政策数量","1","17/9/2025 11:08:18","21/10/2025 13:26:53","2022",
"3317","2","化学原料和化学制品制造业","地方政策-河北省人民政府办公厅政策数量","1","17/9/2025 11:08:18","21/10/2025 13:26:53","2022",
"3318","23","橡胶和塑料制品业","地方政策-河北省人民政府办公厅政策数量","1","17/9/2025 11:08:19","21/10/2025 13:26:53","2022",
"3319","29","金属冶炼和压延加工业","地方政策-河北省人民政府办公厅政策数量","1","17/9/2025 11:08:19","21/10/2025 13:26:53","2022",
"3320","10","食品饮料业","地方政策-河北省人民政府办公厅政策数量","1","17/9/2025 11:08:19","21/10/2025 13:26:53","2022",
"3321","15","纺织鞋服业","地方政策-河北省人民政府办公厅政策数量","1","17/9/2025 11:08:19","21/10/2025 13:26:53","2022",
"3322","25","其他制造业","地方政策-河北省人民政府办公厅政策数量","1","17/9/2025 11:08:19","21/10/2025 13:26:53","2022",
"3323","14","采矿业","地方政策-河北省人民政府办公厅政策数量","1","17/9/2025 11:08:19","21/10/2025 13:26:53","2022",
"3324","13","电力、热力、燃气及水生产和供应业","地方政策-河北省人民政府办公厅政策数量","1","17/9/2025 11:08:19","21/10/2025 13:26:53","2022",
"3325","5","专用设备制造业","部委政策-国家知识产权局政策数量","1","17/9/2025 11:08:19","21/10/2025 13:26:53","2022",
"3326","18","通用设备制造业","部委政策-国家知识产权局政策数量","1","17/9/2025 11:08:19","21/10/2025 13:26:53","2022",
"3327","32","仪器仪表制造业","部委政策-国家知识产权局政策数量","1","17/9/2025 11:08:19","21/10/2025 13:26:53","2022",
"3328","21","通信传输设备业","部委政策-国家知识产权局政策数量","1","17/9/2025 11:08:19","21/10/2025 13:26:53","2022",
"3329","19","半导体业","部委政策-国家知识产权局政策数量","1","17/9/2025 11:08:19","21/10/2025 13:26:53","2022",
"3330",,"制造业","部委政策-国家发展改革委政策数量","1","17/9/2025 11:08:19","17/9/2025 11:08:19","2022",
"3331",,"制造业","部委政策-商务部政策数量","1","17/9/2025 11:08:20","17/9/2025 11:08:20","2022",
"3332",,"制造业","部委政策-自然资源部政策数量","1","17/9/2025 11:08:20","17/9/2025 11:08:20","2022",
"3333",,"制造业","部委政策-生态环境部政策数量","1","17/9/2025 11:08:20","17/9/2025 11:08:20","2022",
"3334",,"互联网和相关服务","国务院政策-国务院办公厅政策数量","3","17/9/2025 11:08:20","17/9/2025 11:08:20","2022",
"3335",,"电信、广播电视和卫星传输服务","国务院政策-国务院办公厅政策数量","3","17/9/2025 11:08:20","17/9/2025 11:08:20","2022",
"3336","1","医药制造业","部委政策-国家药品监督管理局综合和规划财务司政策数量","1","17/9/2025 11:08:20","21/10/2025 13:26:53","2022",
"3337","3","信息传输、软件和信息技术服务业","部委政策-国家药品监督管理局综合和规划财务司政策数量","1","17/9/2025 11:08:20","21/10/2025 13:26:52","2022",
"3338","30","科学研究和技术服务业","部委政策-国家药品监督管理局综合和规划财务司政策数量","1","17/9/2025 11:08:20","21/10/2025 13:26:53","2022",
"3339","35","卫生和社会工作","部委政策-国家药品监督管理局综合和规划财务司政策数量","1","17/9/2025 11:08:20","21/10/2025 13:26:53","2022",
"3340","13","电力、热力、燃气及水生产和供应业","地方政策-海宁市人民政府办公室政策数量","1","17/9/2025 11:08:20","21/10/2025 13:26:53","2022",
"3341","13","电力、热力、燃气及水生产和供应业","地方政策-通辽市人民政府办公室政策数量","1","17/9/2025 11:08:20","21/10/2025 13:26:53","2022",
"3342","21","通信传输设备业","地方政策-山东省人民政府办公厅政策数量","1","17/9/2025 11:08:20","21/10/2025 13:26:53","2022",
"3343","3","信息传输、软件和信息技术服务业","地方政策-山东省人民政府政策数量","1","17/9/2025 11:08:20","21/10/2025 13:26:52","2022",
"3344",,"互联网和相关服务","地方政策-山东省人民政府政策数量","1","17/9/2025 11:08:20","17/9/2025 11:08:20","2022",
"3345","21","通信传输设备业","地方政策-山东省人民政府政策数量","1","17/9/2025 11:08:20","21/10/2025 13:26:53","2022",
"3346","3","信息传输、软件和信息技术服务业","地方政策-贵州省人民政府办公厅政策数量","2","17/9/2025 11:08:20","21/10/2025 13:26:52","2022",
"3347",,"互联网和相关服务","地方政策-贵州省人民政府办公厅政策数量","2","17/9/2025 11:08:20","17/9/2025 11:08:20","2022",
"3348","21","通信传输设备业","地方政策-贵州省人民政府办公厅政策数量","2","17/9/2025 11:08:21","21/10/2025 13:26:53","2022",
"3349",,"电信、广播电视和卫星传输服务","地方政策-贵州省人民政府办公厅政策数量","2","17/9/2025 11:08:21","17/9/2025 11:08:21","2022",
"3350","13","电力、热力、燃气及水生产和供应业","地方政策-北京市大兴区人民政府政策数量","1","17/9/2025 11:08:21","21/10/2025 13:26:53","2022",
"3351","17","交通运输、仓储和邮政业","地方政策-上海市科学技术委员会政策数量","1","17/9/2025 11:08:21","21/10/2025 13:26:53","2022",
"3352","16","建筑业","地方政策-上海市科学技术委员会政策数量","1","17/9/2025 11:08:21","21/10/2025 13:26:53","2022",
"3353","17","交通运输、仓储和邮政业","地方政策-上海市发展和改革委员会政策数量","1","17/9/2025 11:08:21","21/10/2025 13:26:53","2022",
"3354","16","建筑业","地方政策-上海市发展和改革委员会政策数量","1","17/9/2025 11:08:21","21/10/2025 13:26:53","2022",
"3355","30","科学研究和技术服务业","地方政策-上海市发展和改革委员会政策数量","3","17/9/2025 11:08:21","21/10/2025 13:26:53","2022",
"3356","17","交通运输、仓储和邮政业","地方政策-上海市经济和信息化委员会政策数量","1","17/9/2025 11:08:21","21/10/2025 13:26:53","2022",
"3357","16","建筑业","地方政策-上海市经济和信息化委员会政策数量","1","17/9/2025 11:08:21","21/10/2025 13:26:53","2022",
"3358","30","科学研究和技术服务业","地方政策-上海市经济和信息化委员会政策数量","3","17/9/2025 11:08:21","21/10/2025 13:26:53","2022",
"3359","13","电力、热力、燃气及水生产和供应业","地方政策-上海市生态环境局政策数量","3","17/9/2025 11:08:21","21/10/2025 13:26:53","2022",
"3360","17","交通运输、仓储和邮政业","地方政策-上海市生态环境局政策数量","1","17/9/2025 11:08:21","21/10/2025 13:26:53","2022",
"3361","16","建筑业","地方政策-上海市生态环境局政策数量","1","17/9/2025 11:08:21","21/10/2025 13:26:53","2022",
"3362","30","科学研究和技术服务业","地方政策-上海市生态环境局政策数量","2","17/9/2025 11:08:21","21/10/2025 13:26:53","2022",
"3363","17","交通运输、仓储和邮政业","地方政策-上海市住房和城乡建设管理委员会政策数量","1","17/9/2025 11:08:21","21/10/2025 13:26:53","2022",
"3364","16","建筑业","地方政策-上海市住房和城乡建设管理委员会政策数量","1","17/9/2025 11:08:21","21/10/2025 13:26:53","2022",
"3365","30","科学研究和技术服务业","地方政策-上海市住房和城乡建设管理委员会政策数量","1","17/9/2025 11:08:21","21/10/2025 13:26:53","2022",
"3366","17","交通运输、仓储和邮政业","地方政策-上海市交通委员会政策数量","1","17/9/2025 11:08:22","21/10/2025 13:26:53","2022",
"3367","16","建筑业","地方政策-上海市交通委员会政策数量","1","17/9/2025 11:08:22","21/10/2025 13:26:53","2022",
"3368","30","科学研究和技术服务业","地方政策-上海市交通委员会政策数量","1","17/9/2025 11:08:22","21/10/2025 13:26:53","2022",
"3369",,"互联网和相关服务","地方政策-四川省经济和信息化厅政策数量","1","17/9/2025 11:08:22","17/9/2025 11:08:22","2022",
"3370",,"电信、广播电视和卫星传输服务","地方政策-四川省经济和信息化厅政策数量","1","17/9/2025 11:08:22","17/9/2025 11:08:22","2022",
"3371","30","科学研究和技术服务业","地方政策-中共宁夏回族自治区委员会办公厅政策数量","1","17/9/2025 11:08:22","21/10/2025 13:26:53","2022",
"3372","30","科学研究和技术服务业","地方政策-宁夏回族自治区人民政府办公厅政策数量","1","17/9/2025 11:08:22","21/10/2025 13:26:53","2022",
"3373","1","医药制造业","地方政策-无锡市人民政府政策数量","1","17/9/2025 11:08:22","21/10/2025 13:26:53","2022",
"3374","1","医药制造业","地方政策-合肥市经济和信息化局政策数量","1","17/9/2025 11:08:23","21/10/2025 13:26:53","2022",
"3375","1","医药制造业","地方政策-合肥市财政局政策数量","1","17/9/2025 11:08:23","21/10/2025 13:26:53","2022",
"3376","1","医药制造业","地方政策-区投促局政策数量","1","17/9/2025 11:08:23","21/10/2025 13:26:53","2022",
"3377","1","医药制造业","地方政策-天津高新区政策数量","2","17/9/2025 11:08:23","21/10/2025 13:26:53","2022",
"3378","3","信息传输、软件和信息技术服务业","地方政策-天津高新区政策数量","1","17/9/2025 11:08:23","21/10/2025 13:26:52","2022",
"3379","30","科学研究和技术服务业","地方政策-天津高新区政策数量","1","17/9/2025 11:08:23","21/10/2025 13:26:53","2022",
"3380","1","医药制造业","地方政策-区政府办公室政策数量","1","17/9/2025 11:08:23","21/10/2025 13:26:53","2022",
"3381","1","医药制造业","部委政策-国家卫生健康委政策数量","1","17/9/2025 11:08:23","21/10/2025 13:26:53","2022",
"3382","2","化学原料和化学制品制造业","部委政策-国家卫生健康委政策数量","1","17/9/2025 11:08:23","21/10/2025 13:26:53","2022",
"3383","5","专用设备制造业","部委政策-国家卫生健康委政策数量","1","17/9/2025 11:08:23","21/10/2025 13:26:53","2022",
"3384","1","医药制造业","部委政策-教育部政策数量","1","17/9/2025 11:08:23","21/10/2025 13:26:53","2022",
"3385","2","化学原料和化学制品制造业","部委政策-教育部政策数量","1","17/9/2025 11:08:23","21/10/2025 13:26:53","2022",
"3386","5","专用设备制造业","部委政策-教育部政策数量","1","17/9/2025 11:08:23","21/10/2025 13:26:53","2022",
"3387","1","医药制造业","部委政策-国家疾控局政策数量","1","17/9/2025 11:08:23","21/10/2025 13:26:53","2022",
"3388","2","化学原料和化学制品制造业","部委政策-国家疾控局政策数量","1","17/9/2025 11:08:23","21/10/2025 13:26:53","2022",
"3389","5","专用设备制造业","部委政策-国家疾控局政策数量","1","17/9/2025 11:08:23","21/10/2025 13:26:53","2022",
"3390","30","科学研究和技术服务业","部委政策-国家疾控局政策数量","1","17/9/2025 11:08:23","21/10/2025 13:26:53","2022",
"3391","35","卫生和社会工作","部委政策-国家疾控局政策数量","1","17/9/2025 11:08:24","21/10/2025 13:26:53","2022",
"3392","34","农、林、牧、渔业","部委政策-国家疾控局政策数量","1","17/9/2025 11:08:24","21/10/2025 13:26:53","2022",
"3393","31","教育","部委政策-国家疾控局政策数量","1","17/9/2025 11:08:24","21/10/2025 13:26:53","2022",
"3394","28","水利、环境和公共设施管理业","部委政策-国家疾控局政策数量","1","17/9/2025 11:08:24","21/10/2025 13:26:52","2022",
"3395","2","化学原料和化学制品制造业","部委政策-国家药监局政策数量","1","17/9/2025 11:08:24","21/10/2025 13:26:53","2022",
"3396","5","专用设备制造业","部委政策-国家药监局政策数量","1","17/9/2025 11:08:24","21/10/2025 13:26:53","2022",
"3397","30","科学研究和技术服务业","部委政策-国家药监局政策数量","1","17/9/2025 11:08:24","21/10/2025 13:26:53","2022",
"3398","35","卫生和社会工作","部委政策-国家药监局政策数量","1","17/9/2025 11:08:24","21/10/2025 13:26:53","2022",
"3399","34","农、林、牧、渔业","部委政策-国家药监局政策数量","1","17/9/2025 11:08:24","21/10/2025 13:26:53","2022",
"3400","31","教育","部委政策-国家药监局政策数量","1","17/9/2025 11:08:24","21/10/2025 13:26:53","2022",
"3401","28","水利、环境和公共设施管理业","部委政策-国家药监局政策数量","1","17/9/2025 11:08:24","21/10/2025 13:26:52","2022",
"3402","3","信息传输、软件和信息技术服务业","部委政策-文化和旅游部政策数量","1","17/9/2025 11:08:24","21/10/2025 13:26:52","2022",
"3403",,"互联网和相关服务","部委政策-文化和旅游部政策数量","1","17/9/2025 11:08:24","17/9/2025 11:08:24","2022",
"3404","33","文化、体育和娱乐业","部委政策-文化和旅游部政策数量","1","17/9/2025 11:08:24","21/10/2025 13:26:53","2022",
"3405",,"电信、广播电视和卫星传输服务","部委政策-文化和旅游部政策数量","1","17/9/2025 11:08:24","17/9/2025 11:08:24","2022",
"3406","33","文化、体育和娱乐业","部委政策-国家广播电视总局政策数量","1","17/9/2025 11:08:24","21/10/2025 13:26:53","2022",
"3407",,"电信、广播电视和卫星传输服务","部委政策-国家广播电视总局政策数量","1","17/9/2025 11:08:24","17/9/2025 11:08:24","2022",
"3408","3","信息传输、软件和信息技术服务业","部委政策-国家体育总局政策数量","1","17/9/2025 11:08:24","21/10/2025 13:26:52","2022",
"3409",,"互联网和相关服务","部委政策-国家体育总局政策数量","1","17/9/2025 11:08:24","17/9/2025 11:08:24","2022",
"3410","33","文化、体育和娱乐业","部委政策-国家体育总局政策数量","1","17/9/2025 11:08:25","21/10/2025 13:26:53","2022",
"3411",,"电信、广播电视和卫星传输服务","部委政策-国家体育总局政策数量","1","17/9/2025 11:08:25","17/9/2025 11:08:25","2022",
"3412","3","信息传输、软件和信息技术服务业","部委政策-国家知识产权局保护司政策数量","1","17/9/2025 11:08:25","21/10/2025 13:26:52","2022",
"3413",,"互联网和相关服务","部委政策-国家知识产权局保护司政策数量","1","17/9/2025 11:08:25","17/9/2025 11:08:25","2022",
"3414",,"电信、广播电视和卫星传输服务","部委政策-国家知识产权局保护司政策数量","1","17/9/2025 11:08:25","17/9/2025 11:08:25","2022",
"3415","30","科学研究和技术服务业","部委政策-国家知识产权局保护司政策数量","1","17/9/2025 11:08:25","21/10/2025 13:26:53","2022",
"3416","33","文化、体育和娱乐业","部委政策-国家知识产权局保护司政策数量","1","17/9/2025 11:08:25","21/10/2025 13:26:53","2022",
"3417","41","文教、工美、体育和娱乐用品制造业","部委政策-国家知识产权局保护司政策数量","1","17/9/2025 11:08:25","21/10/2025 13:26:53","2022",
"3418","1","医药制造业","部委政策-国家知识产权局保护司政策数量","1","17/9/2025 11:08:25","21/10/2025 13:26:53","2022",
"3419","34","农、林、牧、渔业","部委政策-国家知识产权局保护司政策数量","1","17/9/2025 11:08:25","21/10/2025 13:26:53","2022",
"3420","24","综合","部委政策-国家知识产权局保护司政策数量","1","17/9/2025 11:08:25","21/10/2025 13:26:53","2022",
"3421","2","化学原料和化学制品制造业","地方政策-省工业和信息化厅政策数量","1","17/9/2025 11:08:25","21/10/2025 13:26:53","2022",
"3422","3","信息传输、软件和信息技术服务业","地方政策-山西省工业和信息化厅政策数量","2","17/9/2025 11:08:25","21/10/2025 13:26:52","2022",
"3423","1","医药制造业","地方政策-上海市发展和改革委员会政策数量","2","17/9/2025 11:08:25","21/10/2025 13:26:53","2022",
"3424","5","专用设备制造业","地方政策-上海市发展和改革委员会政策数量","2","17/9/2025 11:08:26","21/10/2025 13:26:53","2022",
"3425","12","汽车制造业","地方政策-上海市发展和改革委员会政策数量","2","17/9/2025 11:08:26","21/10/2025 13:26:53","2022",
"3426","18","通用设备制造业","地方政策-上海市发展和改革委员会政策数量","2","17/9/2025 11:08:26","21/10/2025 13:26:53","2022",
"3427","19","半导体业","地方政策-上海市发展和改革委员会政策数量","2","17/9/2025 11:08:26","21/10/2025 13:26:53","2022",
"3428","21","通信传输设备业","地方政策-上海市发展和改革委员会政策数量","1","17/9/2025 11:08:26","21/10/2025 13:26:53","2022",
"3429","27","铁路、船舶、航空航天和其他运输设备制造业","地方政策-上海市发展和改革委员会政策数量","1","17/9/2025 11:08:26","21/10/2025 13:26:53","2022",
"3430","32","仪器仪表制造业","地方政策-上海市发展和改革委员会政策数量","1","17/9/2025 11:08:26","21/10/2025 13:26:53","2022",
"3431","1","医药制造业","地方政策-上海市财政局政策数量","1","17/9/2025 11:08:26","21/10/2025 13:26:53","2022",
"3432","5","专用设备制造业","地方政策-上海市财政局政策数量","1","17/9/2025 11:08:26","21/10/2025 13:26:53","2022",
"3433","12","汽车制造业","地方政策-上海市财政局政策数量","1","17/9/2025 11:08:26","21/10/2025 13:26:53","2022",
"3434","18","通用设备制造业","地方政策-上海市财政局政策数量","1","17/9/2025 11:08:26","21/10/2025 13:26:53","2022",
"3435","19","半导体业","地方政策-上海市财政局政策数量","1","17/9/2025 11:08:26","21/10/2025 13:26:53","2022",
"3436","21","通信传输设备业","地方政策-上海市财政局政策数量","1","17/9/2025 11:08:26","21/10/2025 13:26:53","2022",
"3437","27","铁路、船舶、航空航天和其他运输设备制造业","地方政策-上海市财政局政策数量","1","17/9/2025 11:08:26","21/10/2025 13:26:53","2022",
"3438","32","仪器仪表制造业","地方政策-上海市财政局政策数量","1","17/9/2025 11:08:26","21/10/2025 13:26:53","2022",
"3439","28","水利、环境和公共设施管理业","部委政策-气象局政策数量","1","17/9/2025 11:08:26","21/10/2025 13:26:52","2022",
"3440","28","水利、环境和公共设施管理业","部委政策-林草局政策数量","1","17/9/2025 11:08:26","21/10/2025 13:26:52","2022",
"3441","30","科学研究和技术服务业","部委政策-水利部政策数量","1","17/9/2025 11:08:26","21/10/2025 13:26:53","2022",
"3442","28","水利、环境和公共设施管理业","部委政策-应急部政策数量","1","17/9/2025 11:08:27","21/10/2025 13:26:52","2022",
"3443","3","信息传输、软件和信息技术服务业","部委政策-中国证监会政策数量","1","17/9/2025 11:08:27","21/10/2025 13:26:52","2022",
"3444","5","专用设备制造业","部委政策-中国证监会政策数量","1","17/9/2025 11:08:27","21/10/2025 13:26:53","2022",
"3445","18","通用设备制造业","部委政策-中国证监会政策数量","1","17/9/2025 11:08:27","21/10/2025 13:26:53","2022",
"3446","27","铁路、船舶、航空航天和其他运输设备制造业","部委政策-中国证监会政策数量","1","17/9/2025 11:08:27","21/10/2025 13:26:53","2022",
"3447","32","仪器仪表制造业","部委政策-中国证监会政策数量","1","17/9/2025 11:08:27","21/10/2025 13:26:53","2022",
"3448","30","科学研究和技术服务业","部委政策-中国证监会政策数量","1","17/9/2025 11:08:27","21/10/2025 13:26:53","2022",
"3449","21","通信传输设备业","部委政策-中国证监会政策数量","1","17/9/2025 11:08:27","21/10/2025 13:26:53","2022",
"3450","19","半导体业","部委政策-中国证监会政策数量","1","17/9/2025 11:08:27","21/10/2025 13:26:53","2022",
"3451","30","科学研究和技术服务业","部委政策-国务院国资委政策数量","1","17/9/2025 11:08:27","21/10/2025 13:26:53","2022",
"3452","19","半导体业","部委政策-国务院国资委政策数量","1","17/9/2025 11:08:27","21/10/2025 13:26:53","2022",
"3453","1","医药制造业","地方政策-上海市科学技术委员会政策数量","3","17/9/2025 11:08:27","21/10/2025 13:26:53","2022",
"3454","35","卫生和社会工作","地方政策-上海市科学技术委员会政策数量","1","17/9/2025 11:08:27","21/10/2025 13:26:53","2022",
"3455","35","卫生和社会工作","地方政策-上海市经济和信息化委员会政策数量","1","17/9/2025 11:08:27","21/10/2025 13:26:53","2022",
"3456","1","医药制造业","地方政策-上海市卫生健康委员会政策数量","1","17/9/2025 11:08:27","21/10/2025 13:26:53","2022",
"3457","30","科学研究和技术服务业","地方政策-上海市卫生健康委员会政策数量","1","17/9/2025 11:08:27","21/10/2025 13:26:53","2022",
"3458","35","卫生和社会工作","地方政策-上海市卫生健康委员会政策数量","1","17/9/2025 11:08:27","21/10/2025 13:26:53","2022",
"3459","3","信息传输、软件和信息技术服务业","地方政策-横琴粤澳深度财政局政策数量","1","17/9/2025 11:08:27","21/10/2025 13:26:52","2022",
"3460",,"互联网和相关服务","地方政策-横琴粤澳深度财政局政策数量","1","17/9/2025 11:08:28","17/9/2025 11:08:28","2022",
"3461","30","科学研究和技术服务业","地方政策-横琴粤澳深度财政局政策数量","1","17/9/2025 11:08:28","21/10/2025 13:26:53","2022",
"3462","3","信息传输、软件和信息技术服务业","地方政策-国家税务总局横琴粤澳深度合作区税务局政策数量","1","17/9/2025 11:08:28","21/10/2025 13:26:52","2022",
"3463",,"互联网和相关服务","地方政策-国家税务总局横琴粤澳深度合作区税务局政策数量","1","17/9/2025 11:08:28","17/9/2025 11:08:28","2022",
"3464","30","科学研究和技术服务业","地方政策-国家税务总局横琴粤澳深度合作区税务局政策数量","1","17/9/2025 11:08:28","21/10/2025 13:26:53","2022",
"3465","3","信息传输、软件和信息技术服务业","地方政策-横琴粤澳深度合作区经济发展局政策数量","1","17/9/2025 11:08:28","21/10/2025 13:26:52","2022",
"3466",,"互联网和相关服务","地方政策-横琴粤澳深度合作区经济发展局政策数量","1","17/9/2025 11:08:28","17/9/2025 11:08:28","2022",
"3467","30","科学研究和技术服务业","地方政策-横琴粤澳深度合作区经济发展局政策数量","1","17/9/2025 11:08:28","21/10/2025 13:26:53","2022",
"3468","7","金融业","地方政策-辽宁省人民政府办公厅政策数量","1","17/9/2025 11:08:28","21/10/2025 13:26:52","2022",
"3469","21","通信传输设备业","地方政策-广州市人民政府办公厅政策数量","2","17/9/2025 11:08:28","21/10/2025 13:26:53","2022",
"3470","1","医药制造业","部委政策-国家药监局药审中心政策数量","7","17/9/2025 11:08:28","21/10/2025 13:26:53","2022",
"3471",,"互联网和相关服务","部委政策-生态环境部政策数量","1","17/9/2025 11:08:28","17/9/2025 11:08:28","2022",
"3472","8","商业电气机械和器材制造业","部委政策-工业和信息化部办公厅政策数量","1","17/9/2025 11:08:28","21/10/2025 13:26:53","2022",
"3473","8","商业电气机械和器材制造业","部委政策-国家市场监督管理总局办公厅政策数量","1","17/9/2025 11:08:29","21/10/2025 13:26:53","2022",
"3474","7","金融业","部委政策-国家发展和改革委员会政策数量","1","17/9/2025 11:08:29","21/10/2025 13:26:52","2022",
"3475","7","金融业","部委政策-中国银行保险监督管理委员会政策数量","1","17/9/2025 11:08:29","21/10/2025 13:26:52","2022",
"3476","7","金融业","部委政策-中国证券监督管理委员会政策数量","1","17/9/2025 11:08:29","21/10/2025 13:26:52","2022",
"3477","7","金融业","部委政策-国家外汇管理局政策数量","1","17/9/2025 11:08:29","21/10/2025 13:26:52","2022",
"3478",,"互联网和相关服务","地方政策-云南省工业和信息化厅政策数量","1","17/9/2025 11:08:29","17/9/2025 11:08:29","2022",
"3479","3","信息传输、软件和信息技术服务业","地方政策-云南省教育厅政策数量","1","17/9/2025 11:08:29","21/10/2025 13:26:52","2022",
"3480",,"互联网和相关服务","地方政策-云南省教育厅政策数量","1","17/9/2025 11:08:29","17/9/2025 11:08:29","2022",
"3481",,"电信、广播电视和卫星传输服务","地方政策-云南省教育厅政策数量","1","17/9/2025 11:08:29","17/9/2025 11:08:29","2022",
"3482","3","信息传输、软件和信息技术服务业","地方政策-云南省人力资源社会保障厅政策数量","1","17/9/2025 11:08:29","21/10/2025 13:26:52","2022",
"3483",,"互联网和相关服务","地方政策-云南省人力资源社会保障厅政策数量","1","17/9/2025 11:08:29","17/9/2025 11:08:29","2022",
"3484",,"电信、广播电视和卫星传输服务","地方政策-云南省人力资源社会保障厅政策数量","1","17/9/2025 11:08:29","17/9/2025 11:08:29","2022",
"3485","3","信息传输、软件和信息技术服务业","地方政策-山东省工业和信息化厅政策数量","1","17/9/2025 11:08:29","21/10/2025 13:26:52","2022",
"3486",,"互联网和相关服务","地方政策-山东省工业和信息化厅政策数量","1","17/9/2025 11:08:30","17/9/2025 11:08:30","2022",
"3487",,"电信、广播电视和卫星传输服务","地方政策-山东省工业和信息化厅政策数量","1","17/9/2025 11:08:30","17/9/2025 11:08:30","2022",
"3488","2","化学原料和化学制品制造业","地方政策-湖南省发展和改革委员会政策数量","1","17/9/2025 11:08:30","21/10/2025 13:26:53","2022",
"3489","5","专用设备制造业","地方政策-湖南省发展和改革委员会政策数量","1","17/9/2025 11:08:30","21/10/2025 13:26:53","2022",
"3490","12","汽车制造业","地方政策-湖南省发展和改革委员会政策数量","1","17/9/2025 11:08:30","21/10/2025 13:26:53","2022",
"3491","27","铁路、船舶、航空航天和其他运输设备制造业","地方政策-湖南省发展和改革委员会政策数量","1","17/9/2025 11:08:30","21/10/2025 13:26:53","2022",
"3492","13","电力、热力、燃气及水生产和供应业","地方政策-湖南省发展和改革委员会政策数量","1","17/9/2025 11:08:30","21/10/2025 13:26:53","2022",
"3493","2","化学原料和化学制品制造业","地方政策-湖南省能源局政策数量","1","17/9/2025 11:08:30","21/10/2025 13:26:53","2022",
"3494","5","专用设备制造业","地方政策-湖南省能源局政策数量","1","17/9/2025 11:08:30","21/10/2025 13:26:53","2022",
"3495","12","汽车制造业","地方政策-湖南省能源局政策数量","1","17/9/2025 11:08:30","21/10/2025 13:26:53","2022",
"3496","27","铁路、船舶、航空航天和其他运输设备制造业","地方政策-湖南省能源局政策数量","1","17/9/2025 11:08:30","21/10/2025 13:26:53","2022",
"3497","13","电力、热力、燃气及水生产和供应业","地方政策-湖南省能源局政策数量","1","17/9/2025 11:08:30","21/10/2025 13:26:53","2022",
"3498","13","电力、热力、燃气及水生产和供应业","地方政策-湖南省人民政府政策数量","1","17/9/2025 11:08:30","21/10/2025 13:26:53","2022",
"3499","29","金属冶炼和压延加工业","地方政策-湖南省人民政府政策数量","1","17/9/2025 11:08:30","21/10/2025 13:26:53","2022",
"3500","22","非金属矿物制品业","地方政策-湖南省人民政府政策数量","1","17/9/2025 11:08:31","21/10/2025 13:26:53","2022",
"3501","2","化学原料和化学制品制造业","地方政策-湖南省人民政府政策数量","1","17/9/2025 11:08:31","21/10/2025 13:26:53","2022",
"3502","45","石油加工、炼焦和核燃料加工业","地方政策-湖南省人民政府政策数量","1","17/9/2025 11:08:31","21/10/2025 13:26:53","2022",
"3503","17","交通运输、仓储和邮政业","地方政策-湖南省人民政府政策数量","1","17/9/2025 11:08:31","21/10/2025 13:26:53","2022",
"3504","16","建筑业","地方政策-湖南省人民政府政策数量","1","17/9/2025 11:08:31","21/10/2025 13:26:53","2022",
"3505","7","金融业","地方政策-湖南省人民政府政策数量","1","17/9/2025 11:08:31","21/10/2025 13:26:52","2022",
"3506","28","水利、环境和公共设施管理业","地方政策-湖南省人民政府政策数量","1","17/9/2025 11:08:31","21/10/2025 13:26:52","2022",
"3507","31","教育","地方政策-湖南省人民政府政策数量","1","17/9/2025 11:08:31","21/10/2025 13:26:53","2022",
"3508","34","农、林、牧、渔业","地方政策-湖南省人民政府政策数量","1","17/9/2025 11:08:31","21/10/2025 13:26:53","2022",
"3509","14","采矿业","地方政策-湖南省人民政府政策数量","1","17/9/2025 11:08:31","21/10/2025 13:26:53","2022",
"3510",,"制造业","地方政策-湖南省人民政府政策数量","1","17/9/2025 11:08:31","17/9/2025 11:08:31","2022",
"3511","9","批发和零售业","地方政策-湖南省人民政府政策数量","1","17/9/2025 11:08:31","21/10/2025 13:26:53","2022",
"3512","20","租赁和商务服务业","地方政策-湖南省人民政府政策数量","1","17/9/2025 11:08:31","21/10/2025 13:26:53","2022",
"3513","33","文化、体育和娱乐业","地方政策-湖南省人民政府政策数量","1","17/9/2025 11:08:31","21/10/2025 13:26:53","2022",
"3514","35","卫生和社会工作","地方政策-湖南省人民政府政策数量","1","17/9/2025 11:08:31","21/10/2025 13:26:53","2022",
"3515","48","居民服务、修理和其他服务业","地方政策-湖南省人民政府政策数量","1","17/9/2025 11:08:31","21/10/2025 13:26:53","2022",
"3516","1","医药制造业","地方政策-广州市人民政府办公厅秘书处政策数量","1","17/9/2025 11:08:31","21/10/2025 13:26:53","2022",
"3517","2","化学原料和化学制品制造业","地方政策-广州市人民政府办公厅秘书处政策数量","1","17/9/2025 11:08:31","21/10/2025 13:26:53","2022",
"3518","9","批发和零售业","地方政策-广州市人民政府办公厅秘书处政策数量","1","17/9/2025 11:08:31","21/10/2025 13:26:53","2022",
"3519","30","科学研究和技术服务业","地方政策-广州市人民政府办公厅秘书处政策数量","1","17/9/2025 11:08:32","21/10/2025 13:26:53","2022",
"3520","30","科学研究和技术服务业","地方政策-河北省人民政府办公厅政策数量","1","17/9/2025 11:08:32","21/10/2025 13:26:53","2022",
"3521","30","科学研究和技术服务业","地方政策-山东省人民政府政策数量","1","17/9/2025 11:08:32","21/10/2025 13:26:53","2022",
"3522","30","科学研究和技术服务业","部委政策-中国人民银行政策数量","1","17/9/2025 11:08:32","21/10/2025 13:26:53","2022",
"3523","30","科学研究和技术服务业","部委政策-发展改革委政策数量","1","17/9/2025 11:08:32","21/10/2025 13:26:53","2022",
"3524","3","信息传输、软件和信息技术服务业","部委政策-银保监会政策数量","1","17/9/2025 11:08:32","21/10/2025 13:26:52","2022",
"3525","30","科学研究和技术服务业","部委政策-银保监会政策数量","1","17/9/2025 11:08:32","21/10/2025 13:26:53","2022",
"3526","3","信息传输、软件和信息技术服务业","部委政策-证监会政策数量","1","17/9/2025 11:08:32","21/10/2025 13:26:52","2022",
"3527","30","科学研究和技术服务业","部委政策-证监会政策数量","1","17/9/2025 11:08:32","21/10/2025 13:26:53","2022",
"3528","7","金融业","部委政策-外汇局政策数量","1","17/9/2025 11:08:32","21/10/2025 13:26:52","2022",
"3529","3","信息传输、软件和信息技术服务业","部委政策-外汇局政策数量","1","17/9/2025 11:08:32","21/10/2025 13:26:52","2022",
"3530","30","科学研究和技术服务业","部委政策-外汇局政策数量","1","17/9/2025 11:08:32","21/10/2025 13:26:53","2022",
"3531","3","信息传输、软件和信息技术服务业","地方政策-北京市第十五届人民代表大会常务委员会政策数量","1","17/9/2025 11:08:32","21/10/2025 13:26:52","2022",
"3532",,"互联网和相关服务","地方政策-北京市第十五届人民代表大会常务委员会政策数量","1","17/9/2025 11:08:32","17/9/2025 11:08:32","2022",
"3533",,"电信、广播电视和卫星传输服务","地方政策-北京市第十五届人民代表大会常务委员会政策数量","1","17/9/2025 11:08:32","17/9/2025 11:08:32","2022",
"3534","12","汽车制造业","地方政策-上海市第十五届人民代表大会常务委员会政策数量","1","17/9/2025 11:08:32","21/10/2025 13:26:53","2022",
"3535","3","信息传输、软件和信息技术服务业","地方政策-上海市第十五届人民代表大会常务委员会政策数量","1","17/9/2025 11:08:32","21/10/2025 13:26:52","2022",
"3536","17","交通运输、仓储和邮政业","地方政策-上海市第十五届人民代表大会常务委员会政策数量","1","17/9/2025 11:08:32","21/10/2025 13:26:53","2022",
"3537","4","房地产业","部委政策-科技部政策数量","1","17/9/2025 11:08:32","21/10/2025 13:26:52","2022",
"3538","4","房地产业","部委政策-住房城乡建设部政策数量","1","17/9/2025 11:08:32","21/10/2025 13:26:52","2022",
"3539","13","电力、热力、燃气及水生产和供应业","地方政策-深圳市发展和改革委员会政策数量","1","17/9/2025 11:08:33","21/10/2025 13:26:53","2022",
"3540","13","电力、热力、燃气及水生产和供应业","地方政策-安徽省人民政府政策数量","1","17/9/2025 11:08:33","21/10/2025 13:26:53","2022",
"3541","22","非金属矿物制品业","地方政策-安徽省人民政府政策数量","1","17/9/2025 11:08:33","21/10/2025 13:26:53","2022",
"3542","29","金属冶炼和压延加工业","地方政策-安徽省人民政府政策数量","1","17/9/2025 11:08:33","21/10/2025 13:26:53","2022",
"3543","2","化学原料和化学制品制造业","地方政策-安徽省人民政府政策数量","1","17/9/2025 11:08:33","21/10/2025 13:26:53","2022",
"3544","17","交通运输、仓储和邮政业","地方政策-安徽省人民政府政策数量","1","17/9/2025 11:08:33","21/10/2025 13:26:53","2022",
"3545","16","建筑业","地方政策-安徽省人民政府政策数量","1","17/9/2025 11:08:33","21/10/2025 13:26:53","2022",
"3546","34","农、林、牧、渔业","地方政策-安徽省人民政府政策数量","1","17/9/2025 11:08:33","21/10/2025 13:26:53","2022",
"3547","7","金融业","地方政策-安徽省人民政府政策数量","1","17/9/2025 11:08:33","21/10/2025 13:26:52","2022",
"3548","28","水利、环境和公共设施管理业","地方政策-安徽省人民政府政策数量","1","17/9/2025 11:08:33","21/10/2025 13:26:52","2022",
"3549",,"互联网和相关服务","地方政策-安徽省人民政府政策数量","1","17/9/2025 11:08:33","17/9/2025 11:08:33","2022",
"3550","12","汽车制造业","地方政策-安徽省人民政府政策数量","1","17/9/2025 11:08:33","21/10/2025 13:26:53","2022",
"3551","14","采矿业","地方政策-安徽省人民政府政策数量","1","17/9/2025 11:08:33","21/10/2025 13:26:53","2022",
"3552","45","石油加工、炼焦和核燃料加工业","地方政策-安徽省人民政府政策数量","1","17/9/2025 11:08:33","21/10/2025 13:26:53","2022",
"3553","46","废弃资源综合利用业","地方政策-安徽省人民政府政策数量","1","17/9/2025 11:08:33","21/10/2025 13:26:53","2022",
"3554","3","信息传输、软件和信息技术服务业","部委政策-国家中医药管理局政策数量","1","17/9/2025 11:08:33","21/10/2025 13:26:52","2022",
"3555",,"互联网和相关服务","部委政策-国家中医药管理局政策数量","1","17/9/2025 11:08:33","17/9/2025 11:08:33","2022",
"3556","35","卫生和社会工作","部委政策-国家中医药管理局政策数量","1","17/9/2025 11:08:33","21/10/2025 13:26:53","2022",
"3557","13","电力、热力、燃气及水生产和供应业","地方政策-宁夏回族自治区发展改革委政策数量","2","17/9/2025 11:08:34","21/10/2025 13:26:53","2022",
"3558","2","化学原料和化学制品制造业","部委政策-住房城乡建设部政策数量","1","17/9/2025 11:08:34","21/10/2025 13:26:53","2022",
"3559","22","非金属矿物制品业","部委政策-住房城乡建设部政策数量","1","17/9/2025 11:08:34","21/10/2025 13:26:53","2022",
"3560","29","金属冶炼和压延加工业","部委政策-水利部政策数量","1","17/9/2025 11:08:34","21/10/2025 13:26:53","2022",
"3561","2","化学原料和化学制品制造业","部委政策-水利部政策数量","1","17/9/2025 11:08:34","21/10/2025 13:26:53","2022",
"3562","45","石油加工、炼焦和核燃料加工业","部委政策-水利部政策数量","1","17/9/2025 11:08:34","21/10/2025 13:26:53","2022",
"3563","22","非金属矿物制品业","部委政策-水利部政策数量","1","17/9/2025 11:08:34","21/10/2025 13:26:53","2022",
"3564","14","采矿业","部委政策-水利部政策数量","1","17/9/2025 11:08:34","21/10/2025 13:26:53","2022",
"3565","46","废弃资源综合利用业","部委政策-水利部政策数量","1","17/9/2025 11:08:34","21/10/2025 13:26:53","2022",
"3566","30","科学研究和技术服务业","地方政策-市政府办公厅政策数量","1","17/9/2025 11:08:34","21/10/2025 13:26:53","2022",
"3567","5","专用设备制造业","部委政策-工业和信息化部办公厅政策数量","1","17/9/2025 11:08:34","21/10/2025 13:26:53","2022",
"3568","1","医药制造业","部委政策-国家药监局综合司政策数量","1","17/9/2025 11:08:34","21/10/2025 13:26:53","2022",
"3569","2","化学原料和化学制品制造业","部委政策-国家药监局综合司政策数量","1","17/9/2025 11:08:34","21/10/2025 13:26:53","2022",
"3570","5","专用设备制造业","部委政策-国家药监局综合司政策数量","1","17/9/2025 11:08:34","21/10/2025 13:26:53","2022",
"3571","30","科学研究和技术服务业","部委政策-国家药监局综合司政策数量","1","17/9/2025 11:08:34","21/10/2025 13:26:53","2022",
"3572","30","科学研究和技术服务业","地方政策-浙江省科学技术厅政策数量","3","17/9/2025 11:08:34","21/10/2025 13:26:53","2022",
"3573","30","科学研究和技术服务业","地方政策-中共浙江省委人才工作领导小组办公室政策数量","1","17/9/2025 11:08:34","21/10/2025 13:26:53","2022",
"3574","30","科学研究和技术服务业","地方政策-浙江省教育厅政策数量","1","17/9/2025 11:08:34","21/10/2025 13:26:53","2022",
"3575","30","科学研究和技术服务业","地方政策-浙江省财政厅政策数量","2","17/9/2025 11:08:35","21/10/2025 13:26:53","2022",
"3576","30","科学研究和技术服务业","地方政策-浙江省人力资源和社会保障厅政策数量","1","17/9/2025 11:08:35","21/10/2025 13:26:53","2022",
"3577","30","科学研究和技术服务业","地方政策-浙江省科学技术协会政策数量","1","17/9/2025 11:08:35","21/10/2025 13:26:53","2022",
"3578","3","信息传输、软件和信息技术服务业","地方政策-浙江省发展和改革委员会政策数量","1","17/9/2025 11:08:35","21/10/2025 13:26:52","2022",
"3579",,"互联网和相关服务","地方政策-浙江省发展和改革委员会政策数量","1","17/9/2025 11:08:35","17/9/2025 11:08:35","2022",
"3580","3","信息传输、软件和信息技术服务业","地方政策-中共浙江省委网络安全和信息化委员会办公室政策数量","1","17/9/2025 11:08:35","21/10/2025 13:26:52","2022",
"3581",,"互联网和相关服务","地方政策-中共浙江省委网络安全和信息化委员会办公室政策数量","1","17/9/2025 11:08:35","17/9/2025 11:08:35","2022",
"3582","3","信息传输、软件和信息技术服务业","地方政策-浙江省经济和信息化厅政策数量","1","17/9/2025 11:08:35","21/10/2025 13:26:52","2022",
"3583",,"互联网和相关服务","地方政策-浙江省经济和信息化厅政策数量","1","17/9/2025 11:08:35","17/9/2025 11:08:35","2022",
"3584","3","信息传输、软件和信息技术服务业","地方政策-浙江省科学技术厅政策数量","2","17/9/2025 11:08:35","21/10/2025 13:26:52","2022",
"3585",,"互联网和相关服务","地方政策-浙江省科学技术厅政策数量","2","17/9/2025 11:08:35","17/9/2025 11:08:35","2022",
"3586","3","信息传输、软件和信息技术服务业","地方政策-浙江省市场监督管理局政策数量","1","17/9/2025 11:08:35","21/10/2025 13:26:52","2022",
"3587",,"互联网和相关服务","地方政策-浙江省市场监督管理局政策数量","1","17/9/2025 11:08:35","17/9/2025 11:08:35","2022",
"3588","3","信息传输、软件和信息技术服务业","地方政策-深圳市商务局政策数量","1","17/9/2025 11:08:35","21/10/2025 13:26:52","2022",
"3589",,"互联网和相关服务","地方政策-深圳市商务局政策数量","1","17/9/2025 11:08:35","17/9/2025 11:08:35","2022",
"3590",,"电信、广播电视和卫星传输服务","地方政策-深圳市商务局政策数量","1","17/9/2025 11:08:35","17/9/2025 11:08:35","2022",
"3591","20","租赁和商务服务业","地方政策-深圳市商务局政策数量","1","17/9/2025 11:08:35","21/10/2025 13:26:53","2022",
"3592","30","科学研究和技术服务业","地方政策-深圳市商务局政策数量","1","17/9/2025 11:08:35","21/10/2025 13:26:53","2022",
"3593","3","信息传输、软件和信息技术服务业","地方政策-深圳科技创新委员会政策数量","1","17/9/2025 11:08:35","21/10/2025 13:26:52","2022",
"3594","12","汽车制造业","地方政策-深圳市交通运输局政策数量","1","17/9/2025 11:08:35","21/10/2025 13:26:53","2022",
"3595","12","汽车制造业","地方政策-深圳市发展改革委政策数量","1","17/9/2025 11:08:36","21/10/2025 13:26:53","2022",
"3596","12","汽车制造业","地方政策-深圳市公安交警局政策数量","1","17/9/2025 11:08:36","21/10/2025 13:26:53","2022",
"3597",,"电信、广播电视和卫星传输服务","部委政策-国家广播电视总局办公厅政策数量","1","17/9/2025 11:08:36","17/9/2025 11:08:36","2022",
"3598","34","农、林、牧、渔业","部委政策-国家林业和草原局办公室政策数量","1","17/9/2025 11:08:36","21/10/2025 13:26:53","2022",
"3599","34","农、林、牧、渔业","部委政策-国家乡村振兴局综合司政策数量","1","17/9/2025 11:08:36","21/10/2025 13:26:53","2022",
"3600","30","科学研究和技术服务业","地方政策-浙江省发展和改革委员会政策数量","1","17/9/2025 11:08:36","21/10/2025 13:26:53","2022",
"3601","30","科学研究和技术服务业","地方政策-浙江省经济和信息化厅政策数量","1","17/9/2025 11:08:36","21/10/2025 13:26:53","2022",
"3602","30","科学研究和技术服务业","地方政策-浙江省人民政府国有资产监督管理委员会政策数量","1","17/9/2025 11:08:36","21/10/2025 13:26:53","2022",
"3603","30","科学研究和技术服务业","地方政策-国家税务总局浙江省税务局政策数量","1","17/9/2025 11:08:36","21/10/2025 13:26:53","2022",
"3604","30","科学研究和技术服务业","地方政策-中国人民银行杭州中心支行政策数量","1","17/9/2025 11:08:36","21/10/2025 13:26:53","2022",
"3605","3","信息传输、软件和信息技术服务业","国务院政策-中共中央政策数量","1","17/9/2025 11:08:36","21/10/2025 13:26:52","2022",
"3606",,"互联网和相关服务","国务院政策-中共中央政策数量","1","17/9/2025 11:08:36","17/9/2025 11:08:36","2022",
"3607","17","交通运输、仓储和邮政业","地方政策-四川省发展和改革委员会政策数量","1","17/9/2025 11:08:36","21/10/2025 13:26:53","2022",
"3608","17","交通运输、仓储和邮政业","地方政策-四川省能源局政策数量","1","17/9/2025 11:08:36","21/10/2025 13:26:53","2022",
"3609","17","交通运输、仓储和邮政业","地方政策-四川省自然资源厅政策数量","1","17/9/2025 11:08:36","21/10/2025 13:26:53","2022",
"3610","13","电力、热力、燃气及水生产和供应业","地方政策-四川省自然资源厅政策数量","1","17/9/2025 11:08:36","21/10/2025 13:26:53","2022",
"3611","17","交通运输、仓储和邮政业","地方政策-四川省住房和城乡建设厅政策数量","1","17/9/2025 11:08:36","21/10/2025 13:26:53","2022",
"3612","13","电力、热力、燃气及水生产和供应业","地方政策-四川省住房和城乡建设厅政策数量","2","17/9/2025 11:08:36","21/10/2025 13:26:53","2022",
"3613","17","交通运输、仓储和邮政业","地方政策-四川省交通运输厅政策数量","1","17/9/2025 11:08:37","21/10/2025 13:26:53","2022",
"3614","13","电力、热力、燃气及水生产和供应业","地方政策-四川省交通运输厅政策数量","2","17/9/2025 11:08:37","21/10/2025 13:26:53","2022",
"3615","17","交通运输、仓储和邮政业","地方政策-四川省农业农村厅政策数量","1","17/9/2025 11:08:37","21/10/2025 13:26:53","2022",
"3616","13","电力、热力、燃气及水生产和供应业","地方政策-四川省农业农村厅政策数量","2","17/9/2025 11:08:37","21/10/2025 13:26:53","2022",
"3617","17","交通运输、仓储和邮政业","地方政策-四川省文化和旅游厅政策数量","1","17/9/2025 11:08:37","21/10/2025 13:26:53","2022",
"3618","13","电力、热力、燃气及水生产和供应业","地方政策-四川省文化和旅游厅政策数量","1","17/9/2025 11:08:37","21/10/2025 13:26:53","2022",
"3619","17","交通运输、仓储和邮政业","地方政策-四川省应急管理厅政策数量","1","17/9/2025 11:08:37","21/10/2025 13:26:53","2022",
"3620","13","电力、热力、燃气及水生产和供应业","地方政策-四川省应急管理厅政策数量","1","17/9/2025 11:08:37","21/10/2025 13:26:53","2022",
"3621","29","金属冶炼和压延加工业","地方政策-四川省经济和信息化厅政策数量","1","17/9/2025 11:08:37","21/10/2025 13:26:53","2022",
"3622","14","采矿业","地方政策-四川省经济和信息化厅政策数量","1","17/9/2025 11:08:37","21/10/2025 13:26:53","2022",
"3623","2","化学原料和化学制品制造业","地方政策-四川省经济和信息化厅政策数量","1","17/9/2025 11:08:37","21/10/2025 13:26:53","2022",
"3624","29","金属冶炼和压延加工业","地方政策-四川省发展和改革委员会政策数量","1","17/9/2025 11:08:37","21/10/2025 13:26:53","2022",
"3625","14","采矿业","地方政策-四川省发展和改革委员会政策数量","1","17/9/2025 11:08:37","21/10/2025 13:26:53","2022",
"3626","2","化学原料和化学制品制造业","地方政策-四川省发展和改革委员会政策数量","1","17/9/2025 11:08:37","21/10/2025 13:26:53","2022",
"3627","5","专用设备制造业","地方政策-四川省发展和改革委员会政策数量","1","17/9/2025 11:08:37","21/10/2025 13:26:53","2022",
"3628","30","科学研究和技术服务业","地方政策-四川省发展和改革委员会政策数量","1","17/9/2025 11:08:37","21/10/2025 13:26:53","2022",
"3629","29","金属冶炼和压延加工业","地方政策-四川省科学技术厅政策数量","1","17/9/2025 11:08:37","21/10/2025 13:26:53","2022",
"3630","14","采矿业","地方政策-四川省科学技术厅政策数量","1","17/9/2025 11:08:37","21/10/2025 13:26:53","2022",
"3631","2","化学原料和化学制品制造业","地方政策-四川省科学技术厅政策数量","1","17/9/2025 11:08:37","21/10/2025 13:26:53","2022",
"3632","5","专用设备制造业","地方政策-四川省科学技术厅政策数量","1","17/9/2025 11:08:38","21/10/2025 13:26:53","2022",
"3633","29","金属冶炼和压延加工业","地方政策-四川省自然资源厅政策数量","1","17/9/2025 11:08:38","21/10/2025 13:26:53","2022",
"3634","14","采矿业","地方政策-四川省自然资源厅政策数量","1","17/9/2025 11:08:38","21/10/2025 13:26:53","2022",
"3635","2","化学原料和化学制品制造业","地方政策-四川省自然资源厅政策数量","1","17/9/2025 11:08:38","21/10/2025 13:26:53","2022",
"3636","5","专用设备制造业","地方政策-四川省自然资源厅政策数量","1","17/9/2025 11:08:38","21/10/2025 13:26:53","2022",
"3637","30","科学研究和技术服务业","地方政策-四川省自然资源厅政策数量","1","17/9/2025 11:08:38","21/10/2025 13:26:53","2022",
"3638","29","金属冶炼和压延加工业","地方政策-四川省生态环境厅政策数量","1","17/9/2025 11:08:38","21/10/2025 13:26:53","2022",
"3639","14","采矿业","地方政策-四川省生态环境厅政策数量","1","17/9/2025 11:08:38","21/10/2025 13:26:53","2022",
"3640","2","化学原料和化学制品制造业","地方政策-四川省生态环境厅政策数量","1","17/9/2025 11:08:38","21/10/2025 13:26:53","2022",
"3641","5","专用设备制造业","地方政策-四川省生态环境厅政策数量","1","17/9/2025 11:08:38","21/10/2025 13:26:53","2022",
"3642","30","科学研究和技术服务业","地方政策-四川省生态环境厅政策数量","1","17/9/2025 11:08:38","21/10/2025 13:26:53","2022",
"3643","3","信息传输、软件和信息技术服务业","地方政策-贵州省人民政府政策数量","1","17/9/2025 11:08:38","21/10/2025 13:26:52","2022",
"3644","14","采矿业","地方政策-贵州省人民政府政策数量","1","17/9/2025 11:08:38","21/10/2025 13:26:53","2022",
"3645","10","食品饮料业","地方政策-贵州省人民政府政策数量","1","17/9/2025 11:08:38","21/10/2025 13:26:53","2022",
"3646","9","批发和零售业","地方政策-贵州省人民政府政策数量","1","17/9/2025 11:08:38","21/10/2025 13:26:53","2022",
"3647","37","住宿和餐饮业","地方政策-贵州省人民政府政策数量","1","17/9/2025 11:08:38","21/10/2025 13:26:53","2022",
"3648","7","金融业","地方政策-贵州省人民政府政策数量","1","17/9/2025 11:08:38","21/10/2025 13:26:52","2022",
"3649","30","科学研究和技术服务业","地方政策-贵州省人民政府政策数量","1","17/9/2025 11:08:38","21/10/2025 13:26:53","2022",
"3650","31","教育","地方政策-贵州省人民政府政策数量","1","17/9/2025 11:08:38","21/10/2025 13:26:53","2022",
"3651","33","文化、体育和娱乐业","地方政策-贵州省人民政府政策数量","1","17/9/2025 11:08:38","21/10/2025 13:26:53","2022",
"3652","16","建筑业","地方政策-贵州省人民政府政策数量","1","17/9/2025 11:08:38","21/10/2025 13:26:53","2022",
"3653",,"制造业","地方政策-贵州省人民政府政策数量","1","17/9/2025 11:08:39","17/9/2025 11:08:39","2022",
"3654",,"工业设计","地方政策-云南省工业和信息化厅政策数量","1","17/9/2025 11:08:39","17/9/2025 11:08:39","2022",
"3655",,"制造业","地方政策-云南省工业和信息化厅政策数量","1","17/9/2025 11:08:39","17/9/2025 11:08:39","2022",
"3656",,"工业设计","地方政策-云南省发展和改革委员会政策数量","1","17/9/2025 11:08:39","17/9/2025 11:08:39","2022",
"3657",,"制造业","地方政策-云南省发展和改革委员会政策数量","1","17/9/2025 11:08:39","17/9/2025 11:08:39","2022",
"3658",,"工业设计","地方政策-云南省教育厅政策数量","1","17/9/2025 11:08:39","17/9/2025 11:08:39","2022",
"3659",,"制造业","地方政策-云南省教育厅政策数量","1","17/9/2025 11:08:39","17/9/2025 11:08:39","2022",
"3660",,"工业设计","地方政策-云南省财政厅政策数量","1","17/9/2025 11:08:39","17/9/2025 11:08:39","2022",
"3661",,"制造业","地方政策-云南省财政厅政策数量","1","17/9/2025 11:08:39","17/9/2025 11:08:39","2022",
"3662",,"工业设计","地方政策-云南省科学技术厅政策数量","1","17/9/2025 11:08:39","17/9/2025 11:08:39","2022",
"3663",,"制造业","地方政策-云南省科学技术厅政策数量","1","17/9/2025 11:08:39","17/9/2025 11:08:39","2022",
"3664",,"工业设计","地方政策-云南省人力资源和社会保障厅政策数量","1","17/9/2025 11:08:39","17/9/2025 11:08:39","2022",
"3665",,"制造业","地方政策-云南省人力资源和社会保障厅政策数量","1","17/9/2025 11:08:39","17/9/2025 11:08:39","2022",
"3666","28","水利、环境和公共设施管理业","地方政策-西藏自治区人民政府办公厅秘书处政策数量","1","17/9/2025 11:08:39","21/10/2025 13:26:52","2022",
"3667","16","建筑业","地方政策-西藏自治区人民政府办公厅秘书处政策数量","1","17/9/2025 11:08:39","21/10/2025 13:26:53","2022",
"3668","34","农、林、牧、渔业","地方政策-西藏自治区人民政府办公厅秘书处政策数量","1","17/9/2025 11:08:39","21/10/2025 13:26:53","2022",
"3669",,"制造业","地方政策-西藏自治区人民政府办公厅秘书处政策数量","1","17/9/2025 11:08:39","17/9/2025 11:08:39","2022",
"3670","14","采矿业","地方政策-西藏自治区人民政府办公厅秘书处政策数量","1","17/9/2025 11:08:39","21/10/2025 13:26:53","2022",
"3671","13","电力、热力、燃气及水生产和供应业","地方政策-西藏自治区人民政府办公厅秘书处政策数量","1","17/9/2025 11:08:39","21/10/2025 13:26:53","2022",
"3672","17","交通运输、仓储和邮政业","地方政策-西藏自治区人民政府办公厅秘书处政策数量","1","17/9/2025 11:08:40","21/10/2025 13:26:53","2022",
"3673","9","批发和零售业","地方政策-西藏自治区人民政府办公厅秘书处政策数量","1","17/9/2025 11:08:40","21/10/2025 13:26:53","2022",
"3674","37","住宿和餐饮业","地方政策-西藏自治区人民政府办公厅秘书处政策数量","1","17/9/2025 11:08:40","21/10/2025 13:26:53","2022",
"3675","7","金融业","地方政策-西藏自治区人民政府办公厅秘书处政策数量","1","17/9/2025 11:08:40","21/10/2025 13:26:52","2022",
"3676","30","科学研究和技术服务业","地方政策-西藏自治区人民政府办公厅秘书处政策数量","1","17/9/2025 11:08:40","21/10/2025 13:26:53","2022",
"3677","31","教育","地方政策-西藏自治区人民政府办公厅秘书处政策数量","1","17/9/2025 11:08:40","21/10/2025 13:26:53","2022",
"3678","35","卫生和社会工作","地方政策-西藏自治区人民政府办公厅秘书处政策数量","1","17/9/2025 11:08:40","21/10/2025 13:26:53","2022",
"3679","33","文化、体育和娱乐业","地方政策-西藏自治区人民政府办公厅秘书处政策数量","1","17/9/2025 11:08:40","21/10/2025 13:26:53","2022",
"3680","48","居民服务、修理和其他服务业","地方政策-西藏自治区人民政府办公厅秘书处政策数量","1","17/9/2025 11:08:40","21/10/2025 13:26:53","2022",
"3681","32","仪器仪表制造业","地方政策-陕西省人民政府政策数量","1","17/9/2025 11:08:40","21/10/2025 13:26:53","2022",
"3682","3","信息传输、软件和信息技术服务业","地方政策-陕西省发展和改革委员会政策数量","1","17/9/2025 11:08:40","21/10/2025 13:26:52","2022",
"3683","21","通信传输设备业","地方政策-陕西省发展和改革委员会政策数量","1","17/9/2025 11:08:40","21/10/2025 13:26:53","2022",
"3684",,"互联网和相关服务","地方政策-陕西省发展和改革委员会政策数量","1","17/9/2025 11:08:40","17/9/2025 11:08:40","2022",
"3685",,"电信、广播电视和卫星传输服务","地方政策-陕西省发展和改革委员会政策数量","1","17/9/2025 11:08:40","17/9/2025 11:08:40","2022",
"3686","7","金融业","地方政策-省政府办公厅政策数量","1","17/9/2025 11:08:40","21/10/2025 13:26:52","2022",
"3687","30","科学研究和技术服务业","地方政策-省政府办公厅政策数量","1","17/9/2025 11:08:40","21/10/2025 13:26:53","2022",
"3688","12","汽车制造业","地方政策-湖北省发展和改革委员会政策数量","1","17/9/2025 11:08:40","21/10/2025 13:26:53","2022",
"3689","27","铁路、船舶、航空航天和其他运输设备制造业","地方政策-湖北省发展和改革委员会政策数量","1","17/9/2025 11:08:40","21/10/2025 13:26:53","2022",
"3690","13","电力、热力、燃气及水生产和供应业","地方政策-湖北省发展和改革委员会政策数量","1","17/9/2025 11:08:40","21/10/2025 13:26:53","2022",
"3691","2","化学原料和化学制品制造业","地方政策-湖北省发展和改革委员会政策数量","1","17/9/2025 11:08:40","21/10/2025 13:26:53","2022",
"3692","5","专用设备制造业","地方政策-湖北省发展和改革委员会政策数量","1","17/9/2025 11:08:41","21/10/2025 13:26:53","2022",
"3693","18","通用设备制造业","地方政策-湖北省发展和改革委员会政策数量","1","17/9/2025 11:08:41","21/10/2025 13:26:53","2022",
"3694","32","仪器仪表制造业","地方政策-湖北省发展和改革委员会政策数量","1","17/9/2025 11:08:41","21/10/2025 13:26:53","2022",
"3695","12","汽车制造业","地方政策-湖北省能源局政策数量","1","17/9/2025 11:08:41","21/10/2025 13:26:53","2022",
"3696","27","铁路、船舶、航空航天和其他运输设备制造业","地方政策-湖北省能源局政策数量","1","17/9/2025 11:08:41","21/10/2025 13:26:53","2022",
"3697","13","电力、热力、燃气及水生产和供应业","地方政策-湖北省能源局政策数量","1","17/9/2025 11:08:41","21/10/2025 13:26:53","2022",
"3698","2","化学原料和化学制品制造业","地方政策-湖北省能源局政策数量","1","17/9/2025 11:08:41","21/10/2025 13:26:53","2022",
"3699","5","专用设备制造业","地方政策-湖北省能源局政策数量","1","17/9/2025 11:08:41","21/10/2025 13:26:53","2022",
"3700","18","通用设备制造业","地方政策-湖北省能源局政策数量","1","17/9/2025 11:08:41","21/10/2025 13:26:53","2022",
"3701","32","仪器仪表制造业","地方政策-湖北省能源局政策数量","1","17/9/2025 11:08:41","21/10/2025 13:26:53","2022",
"3702","28","水利、环境和公共设施管理业","地方政策-湖南省科学技术厅政策数量","1","17/9/2025 11:08:41","21/10/2025 13:26:52","2022",
"3703","28","水利、环境和公共设施管理业","地方政策-湖南省发展和改革委员会政策数量","1","17/9/2025 11:08:41","21/10/2025 13:26:52","2022",
"3704","28","水利、环境和公共设施管理业","地方政策-湖南省工业和信息化厅政策数量","1","17/9/2025 11:08:41","21/10/2025 13:26:52","2022",
"3705","28","水利、环境和公共设施管理业","地方政策-湖南省生态环境厅政策数量","1","17/9/2025 11:08:41","21/10/2025 13:26:52","2022",
"3706","28","水利、环境和公共设施管理业","地方政策-湖南省住房和城乡建设厅政策数量","1","17/9/2025 11:08:41","21/10/2025 13:26:52","2022",
"3707","28","水利、环境和公共设施管理业","地方政策-湖南省交通运输厅政策数量","1","17/9/2025 11:08:41","21/10/2025 13:26:52","2022",
"3708","28","水利、环境和公共设施管理业","地方政策-湖南省能源局政策数量","1","17/9/2025 11:08:41","21/10/2025 13:26:52","2022",
"3709","17","交通运输、仓储和邮政业","地方政策-广东省发展改革委政策数量","1","17/9/2025 11:08:41","21/10/2025 13:26:53","2022",
"3710","9","批发和零售业","地方政策-广东省发展改革委政策数量","1","17/9/2025 11:08:41","21/10/2025 13:26:53","2022",
"3711","7","金融业","地方政策-广东省发展改革委政策数量","1","17/9/2025 11:08:41","21/10/2025 13:26:52","2022",
"3712","34","农、林、牧、渔业","地方政策-广东省发展改革委政策数量","1","17/9/2025 11:08:42","21/10/2025 13:26:53","2022",
"3713","3","信息传输、软件和信息技术服务业","地方政策-广东省发展改革委政策数量","1","17/9/2025 11:08:42","21/10/2025 13:26:52","2022",
"3714","13","电力、热力、燃气及水生产和供应业","地方政策-福建省发展和改革委员会政策数量","1","17/9/2025 11:08:42","21/10/2025 13:26:53","2022",
"3715","17","交通运输、仓储和邮政业","地方政策-福建省发展和改革委员会政策数量","1","17/9/2025 11:08:42","21/10/2025 13:26:53","2022",
"3716","12","汽车制造业","地方政策-福建省发展和改革委员会政策数量","1","17/9/2025 11:08:42","21/10/2025 13:26:53","2022",
"3717","2","化学原料和化学制品制造业","地方政策-福建省发展和改革委员会政策数量","1","17/9/2025 11:08:42","21/10/2025 13:26:53","2022",
"3718","45","石油加工、炼焦和核燃料加工业","地方政策-福建省发展和改革委员会政策数量","1","17/9/2025 11:08:42","21/10/2025 13:26:53","2022",
"3719","7","金融业","地方政策-重庆市人民政府办公厅政策数量","2","17/9/2025 11:08:42","21/10/2025 13:26:52","2022",
"3720","13","电力、热力、燃气及水生产和供应业","地方政策-四川省生态环境厅政策数量","1","17/9/2025 11:08:42","21/10/2025 13:26:53","2022",
"3721","13","电力、热力、燃气及水生产和供应业","地方政策-四川省机关事务管理局政策数量","1","17/9/2025 11:08:42","21/10/2025 13:26:53","2022",
"3722","13","电力、热力、燃气及水生产和供应业","地方政策-中国民用航空四川安全监督管理局政策数量","1","17/9/2025 11:08:42","21/10/2025 13:26:53","2022",
"3723","27","铁路、船舶、航空航天和其他运输设备制造业","部委政策-商务部政策数量","1","17/9/2025 11:08:42","21/10/2025 13:26:53","2022",
"3724","32","仪器仪表制造业","部委政策-商务部政策数量","1","17/9/2025 11:08:42","21/10/2025 13:26:53","2022",
"3725",,"电气机械和器材制造业","部委政策-商务部政策数量","1","17/9/2025 11:08:42","17/9/2025 11:08:42","2022",
"3726",,"计算机、通信和其他电子设备制造业","部委政策-商务部政策数量","1","17/9/2025 11:08:42","17/9/2025 11:08:42","2022",
"3727","5","专用设备制造业","部委政策-发展改革委政策数量","1","17/9/2025 11:08:42","21/10/2025 13:26:53","2022",
"3728","18","通用设备制造业","部委政策-发展改革委政策数量","1","17/9/2025 11:08:42","21/10/2025 13:26:53","2022",
"3729","27","铁路、船舶、航空航天和其他运输设备制造业","部委政策-发展改革委政策数量","1","17/9/2025 11:08:42","21/10/2025 13:26:53","2022",
"3730","32","仪器仪表制造业","部委政策-发展改革委政策数量","1","17/9/2025 11:08:42","21/10/2025 13:26:53","2022",
"3731",,"电气机械和器材制造业","部委政策-发展改革委政策数量","1","17/9/2025 11:08:42","17/9/2025 11:08:42","2022",
"3732",,"计算机、通信和其他电子设备制造业","部委政策-发展改革委政策数量","1","17/9/2025 11:08:43","17/9/2025 11:08:43","2022",
"3733","25","其他制造业","部委政策-发展改革委政策数量","1","17/9/2025 11:08:43","21/10/2025 13:26:53","2022",
"3734",,"电气机械和器材制造业","部委政策-工业和信息化部政策数量","1","17/9/2025 11:08:43","17/9/2025 11:08:43","2022",
"3735",,"计算机、通信和其他电子设备制造业","部委政策-工业和信息化部政策数量","1","17/9/2025 11:08:43","17/9/2025 11:08:43","2022",
"3736","5","专用设备制造业","部委政策-自然资源部政策数量","1","17/9/2025 11:08:43","21/10/2025 13:26:53","2022",
"3737","18","通用设备制造业","部委政策-自然资源部政策数量","1","17/9/2025 11:08:43","21/10/2025 13:26:53","2022",
"3738","27","铁路、船舶、航空航天和其他运输设备制造业","部委政策-自然资源部政策数量","1","17/9/2025 11:08:43","21/10/2025 13:26:53","2022",
"3739","32","仪器仪表制造业","部委政策-自然资源部政策数量","1","17/9/2025 11:08:43","21/10/2025 13:26:53","2022",
"3740",,"电气机械和器材制造业","部委政策-自然资源部政策数量","1","17/9/2025 11:08:43","17/9/2025 11:08:43","2022",
"3741",,"计算机、通信和其他电子设备制造业","部委政策-自然资源部政策数量","1","17/9/2025 11:08:43","17/9/2025 11:08:43","2022",
"3742","25","其他制造业","部委政策-自然资源部政策数量","1","17/9/2025 11:08:43","21/10/2025 13:26:53","2022",
"3743","5","专用设备制造业","部委政策-生态环境部政策数量","1","17/9/2025 11:08:43","21/10/2025 13:26:53","2022",
"3744","18","通用设备制造业","部委政策-生态环境部政策数量","1","17/9/2025 11:08:43","21/10/2025 13:26:53","2022",
"3745","32","仪器仪表制造业","部委政策-生态环境部政策数量","1","17/9/2025 11:08:43","21/10/2025 13:26:53","2022",
"3746",,"电气机械和器材制造业","部委政策-生态环境部政策数量","1","17/9/2025 11:08:43","17/9/2025 11:08:43","2022",
"3747",,"计算机、通信和其他电子设备制造业","部委政策-生态环境部政策数量","1","17/9/2025 11:08:43","17/9/2025 11:08:43","2022",
"3748","5","专用设备制造业","部委政策-交通运输部政策数量","1","17/9/2025 11:08:43","21/10/2025 13:26:53","2022",
"3749","18","通用设备制造业","部委政策-交通运输部政策数量","1","17/9/2025 11:08:43","21/10/2025 13:26:53","2022",
"3750","32","仪器仪表制造业","部委政策-交通运输部政策数量","1","17/9/2025 11:08:43","21/10/2025 13:26:53","2022",
"3751",,"电气机械和器材制造业","部委政策-交通运输部政策数量","1","17/9/2025 11:08:43","17/9/2025 11:08:43","2022",
"3752",,"计算机、通信和其他电子设备制造业","部委政策-交通运输部政策数量","1","17/9/2025 11:08:44","17/9/2025 11:08:44","2022",
"3753","25","其他制造业","部委政策-交通运输部政策数量","1","17/9/2025 11:08:44","21/10/2025 13:26:53","2022",
"3754","5","专用设备制造业","部委政策-市场监管总局政策数量","1","17/9/2025 11:08:44","21/10/2025 13:26:53","2022",
"3755","18","通用设备制造业","部委政策-市场监管总局政策数量","1","17/9/2025 11:08:44","21/10/2025 13:26:53","2022",
"3756","27","铁路、船舶、航空航天和其他运输设备制造业","部委政策-市场监管总局政策数量","1","17/9/2025 11:08:44","21/10/2025 13:26:53","2022",
"3757","32","仪器仪表制造业","部委政策-市场监管总局政策数量","1","17/9/2025 11:08:44","21/10/2025 13:26:53","2022",
"3758",,"电气机械和器材制造业","部委政策-市场监管总局政策数量","1","17/9/2025 11:08:44","17/9/2025 11:08:44","2022",
"3759",,"计算机、通信和其他电子设备制造业","部委政策-市场监管总局政策数量","1","17/9/2025 11:08:44","17/9/2025 11:08:44","2022",
"3760","25","其他制造业","部委政策-市场监管总局政策数量","1","17/9/2025 11:08:44","21/10/2025 13:26:53","2022",
"3761","5","专用设备制造业","部委政策-海关总署政策数量","1","17/9/2025 11:08:44","21/10/2025 13:26:53","2022",
"3762","18","通用设备制造业","部委政策-海关总署政策数量","1","17/9/2025 11:08:44","21/10/2025 13:26:53","2022",
"3763","27","铁路、船舶、航空航天和其他运输设备制造业","部委政策-海关总署政策数量","1","17/9/2025 11:08:44","21/10/2025 13:26:53","2022",
"3764","32","仪器仪表制造业","部委政策-海关总署政策数量","1","17/9/2025 11:08:44","21/10/2025 13:26:53","2022",
"3765",,"电气机械和器材制造业","部委政策-海关总署政策数量","1","17/9/2025 11:08:44","17/9/2025 11:08:44","2022",
"3766",,"计算机、通信和其他电子设备制造业","部委政策-海关总署政策数量","1","17/9/2025 11:08:44","17/9/2025 11:08:44","2022",
"3767","25","其他制造业","部委政策-海关总署政策数量","1","17/9/2025 11:08:45","21/10/2025 13:26:53","2022",
"3768",,"电气机械和器材制造业","部委政策-税务总局政策数量","1","17/9/2025 11:08:45","17/9/2025 11:08:45","2022",
"3769",,"计算机、通信和其他电子设备制造业","部委政策-税务总局政策数量","1","17/9/2025 11:08:45","17/9/2025 11:08:45","2022",
"3770","25","其他制造业","部委政策-税务总局政策数量","1","17/9/2025 11:08:45","21/10/2025 13:26:53","2022",
"3771","5","专用设备制造业","部委政策-银保监会政策数量","1","17/9/2025 11:08:45","21/10/2025 13:26:53","2022",
"3772","18","通用设备制造业","部委政策-银保监会政策数量","1","17/9/2025 11:08:45","21/10/2025 13:26:53","2022",
"3773","27","铁路、船舶、航空航天和其他运输设备制造业","部委政策-银保监会政策数量","1","17/9/2025 11:08:45","21/10/2025 13:26:53","2022",
"3774","32","仪器仪表制造业","部委政策-银保监会政策数量","1","17/9/2025 11:08:45","21/10/2025 13:26:53","2022",
"3775",,"电气机械和器材制造业","部委政策-银保监会政策数量","1","17/9/2025 11:08:45","17/9/2025 11:08:45","2022",
"3776",,"计算机、通信和其他电子设备制造业","部委政策-银保监会政策数量","1","17/9/2025 11:08:45","17/9/2025 11:08:45","2022",
"3777","25","其他制造业","部委政策-银保监会政策数量","1","17/9/2025 11:08:45","21/10/2025 13:26:53","2022",
"3778","35","卫生和社会工作","部委政策-国家卫生健康委办公厅政策数量","3","17/9/2025 11:08:45","21/10/2025 13:26:53","2022",
"3779","28","水利、环境和公共设施管理业","部委政策-国家知识产权局办公室政策数量","1","17/9/2025 11:08:45","21/10/2025 13:26:52","2022",
"3780","1","医药制造业","地方政策-新疆维吾尔自治区科技厅政策数量","1","17/9/2025 11:08:45","21/10/2025 13:26:53","2022",
"3781","2","化学原料和化学制品制造业","地方政策-新疆维吾尔自治区科技厅政策数量","1","17/9/2025 11:08:45","21/10/2025 13:26:53","2022",
"3782","3","信息传输、软件和信息技术服务业","地方政策-新疆维吾尔自治区科技厅政策数量","1","17/9/2025 11:08:45","21/10/2025 13:26:52","2022",
"3783","5","专用设备制造业","地方政策-新疆维吾尔自治区科技厅政策数量","1","17/9/2025 11:08:45","21/10/2025 13:26:53","2022",
"3784","12","汽车制造业","地方政策-新疆维吾尔自治区科技厅政策数量","1","17/9/2025 11:08:45","21/10/2025 13:26:53","2022",
"3785","14","采矿业","地方政策-新疆维吾尔自治区科技厅政策数量","1","17/9/2025 11:08:45","21/10/2025 13:26:53","2022",
"3786","15","纺织鞋服业","地方政策-新疆维吾尔自治区科技厅政策数量","1","17/9/2025 11:08:46","21/10/2025 13:26:53","2022",
"3787","18","通用设备制造业","地方政策-新疆维吾尔自治区科技厅政策数量","1","17/9/2025 11:08:46","21/10/2025 13:26:53","2022",
"3788","19","半导体业","地方政策-新疆维吾尔自治区科技厅政策数量","1","17/9/2025 11:08:46","21/10/2025 13:26:53","2022",
"3789","21","通信传输设备业","地方政策-新疆维吾尔自治区科技厅政策数量","1","17/9/2025 11:08:46","21/10/2025 13:26:53","2022",
"3790","22","非金属矿物制品业","地方政策-新疆维吾尔自治区科技厅政策数量","1","17/9/2025 11:08:46","21/10/2025 13:26:53","2022",
"3791","23","橡胶和塑料制品业","地方政策-新疆维吾尔自治区科技厅政策数量","1","17/9/2025 11:08:46","21/10/2025 13:26:53","2022",
"3792","26","金属制品业","地方政策-新疆维吾尔自治区科技厅政策数量","1","17/9/2025 11:08:46","21/10/2025 13:26:53","2022",
"3793","27","铁路、船舶、航空航天和其他运输设备制造业","地方政策-新疆维吾尔自治区科技厅政策数量","1","17/9/2025 11:08:46","21/10/2025 13:26:53","2022",
"3794","29","金属冶炼和压延加工业","地方政策-新疆维吾尔自治区科技厅政策数量","1","17/9/2025 11:08:46","21/10/2025 13:26:53","2022",
"3795","30","科学研究和技术服务业","地方政策-新疆维吾尔自治区科技厅政策数量","2","17/9/2025 11:08:46","21/10/2025 13:26:53","2022",
"3796","32","仪器仪表制造业","地方政策-新疆维吾尔自治区科技厅政策数量","1","17/9/2025 11:08:46","21/10/2025 13:26:53","2022",
"3797","34","农、林、牧、渔业","地方政策-新疆维吾尔自治区科技厅政策数量","1","17/9/2025 11:08:46","21/10/2025 13:26:53","2022",
"3798","43","化学纤维制造业","地方政策-新疆维吾尔自治区科技厅政策数量","1","17/9/2025 11:08:46","21/10/2025 13:26:53","2022",
"3799","45","石油加工、炼焦和核燃料加工业","地方政策-新疆维吾尔自治区科技厅政策数量","1","17/9/2025 11:08:46","21/10/2025 13:26:53","2022",
"3800","46","废弃资源综合利用业","地方政策-新疆维吾尔自治区科技厅政策数量","1","17/9/2025 11:08:47","21/10/2025 13:26:53","2022",
"3801","3","信息传输、软件和信息技术服务业","地方政策-贵州省人民代表大会常务委员会政策数量","1","17/9/2025 11:08:47","21/10/2025 13:26:52","2022",
"3802",,"电信、广播电视和卫星传输服务","地方政策-贵州省人民代表大会常务委员会政策数量","1","17/9/2025 11:08:47","17/9/2025 11:08:47","2022",
"3803","1","医药制造业","地方政策-哈尔滨市人民政府政策数量","1","17/9/2025 11:08:47","21/10/2025 13:26:53","2022",
"3804","30","科学研究和技术服务业","地方政策-甘肃省科技厅政策数量","2","17/9/2025 11:08:47","21/10/2025 13:26:53","2022",
"3805","7","金融业","部委政策-中国证监会政策数量","1","17/9/2025 11:08:47","21/10/2025 13:26:52","2022",
"3806","28","水利、环境和公共设施管理业","地方政策-上海市发展和改革委员会政策数量","1","17/9/2025 11:08:47","21/10/2025 13:26:52","2022",
"3807","28","水利、环境和公共设施管理业","地方政策-上海市经济和信息化委员会政策数量","1","17/9/2025 11:08:47","21/10/2025 13:26:52","2022",
"3808","28","水利、环境和公共设施管理业","地方政策-上海市生态环境局政策数量","1","17/9/2025 11:08:47","21/10/2025 13:26:52","2022",
"3809","30","科学研究和技术服务业","地方政策-江西省政府办公厅政策数量","1","17/9/2025 11:08:47","21/10/2025 13:26:53","2022",
"3810","3","信息传输、软件和信息技术服务业","地方政策-上海市互联网信息办公室政策数量","1","17/9/2025 11:08:47","21/10/2025 13:26:52","2022",
"3811","13","电力、热力、燃气及水生产和供应业","地方政策-天津市财政局政策数量","1","17/9/2025 11:08:48","21/10/2025 13:26:53","2022",
"3812","17","交通运输、仓储和邮政业","地方政策-天津市财政局政策数量","1","17/9/2025 11:08:48","21/10/2025 13:26:53","2022",
"3813","28","水利、环境和公共设施管理业","地方政策-天津市财政局政策数量","1","17/9/2025 11:08:48","21/10/2025 13:26:52","2022",
"3814","30","科学研究和技术服务业","地方政策-天津市财政局政策数量","1","17/9/2025 11:08:48","21/10/2025 13:26:53","2022",
"3815","16","建筑业","地方政策-天津市财政局政策数量","1","17/9/2025 11:08:48","21/10/2025 13:26:53","2022",
"3816",,"制造业","地方政策-天津市财政局政策数量","1","17/9/2025 11:08:48","17/9/2025 11:08:48","2022",
"3817","14","采矿业","地方政策-天津市财政局政策数量","1","17/9/2025 11:08:48","21/10/2025 13:26:53","2022",
"3818","34","农、林、牧、渔业","地方政策-天津市财政局政策数量","1","17/9/2025 11:08:48","21/10/2025 13:26:53","2022",
"3819","3","信息传输、软件和信息技术服务业","地方政策-成都市新经济发展委员会政策数量","1","17/9/2025 11:08:48","21/10/2025 13:26:52","2022",
"3820",,"互联网和相关服务","地方政策-成都市新经济发展委员会政策数量","1","17/9/2025 11:08:48","17/9/2025 11:08:48","2022",
"3821","33","文化、体育和娱乐业","地方政策-成都市新经济发展委员会政策数量","1","17/9/2025 11:08:48","21/10/2025 13:26:53","2022",
"3822","3","信息传输、软件和信息技术服务业","部委政策-上海证券交易所政策数量","1","17/9/2025 11:08:49","21/10/2025 13:26:52","2022",
"3823","30","科学研究和技术服务业","部委政策-上海证券交易所政策数量","1","17/9/2025 11:08:49","21/10/2025 13:26:53","2022",
"3824","5","专用设备制造业","部委政策-上海证券交易所政策数量","1","17/9/2025 11:08:49","21/10/2025 13:26:53","2022",
"3825","18","通用设备制造业","部委政策-上海证券交易所政策数量","1","17/9/2025 11:08:49","21/10/2025 13:26:53","2022",
"3826","32","仪器仪表制造业","部委政策-上海证券交易所政策数量","1","17/9/2025 11:08:49","21/10/2025 13:26:53","2022",
"3827","1","医药制造业","部委政策-上海证券交易所政策数量","1","17/9/2025 11:08:49","21/10/2025 13:26:53","2022",
"3828","19","半导体业","部委政策-上海证券交易所政策数量","1","17/9/2025 11:08:49","21/10/2025 13:26:53","2022",
"3829","21","通信传输设备业","部委政策-上海证券交易所政策数量","1","17/9/2025 11:08:49","21/10/2025 13:26:53","2022",
"3830","19","半导体业","地方政策-上海市科学技术委员会政策数量","2","17/9/2025 11:08:49","21/10/2025 13:26:53","2022",
"3831","21","通信传输设备业","地方政策-上海市科学技术委员会政策数量","1","17/9/2025 11:08:49","21/10/2025 13:26:53","2022",
"3832","12","汽车制造业","地方政策-上海市科学技术委员会政策数量","2","17/9/2025 11:08:49","21/10/2025 13:26:53","2022",
"3833","5","专用设备制造业","地方政策-上海市科学技术委员会政策数量","2","17/9/2025 11:08:49","21/10/2025 13:26:53","2022",
"3834","18","通用设备制造业","地方政策-上海市科学技术委员会政策数量","2","17/9/2025 11:08:50","21/10/2025 13:26:53","2022",
"3835","32","仪器仪表制造业","地方政策-上海市科学技术委员会政策数量","1","17/9/2025 11:08:50","21/10/2025 13:26:53","2022",
"3836","3","信息传输、软件和信息技术服务业","地方政策-江苏省科学技术厅政策数量","1","17/9/2025 11:08:50","21/10/2025 13:26:52","2022",
"3837","30","科学研究和技术服务业","地方政策-江苏省科学技术厅政策数量","1","17/9/2025 11:08:50","21/10/2025 13:26:53","2022",
"3838","19","半导体业","地方政策-江苏省科学技术厅政策数量","1","17/9/2025 11:08:50","21/10/2025 13:26:53","2022",
"3839","21","通信传输设备业","地方政策-江苏省科学技术厅政策数量","1","17/9/2025 11:08:50","21/10/2025 13:26:53","2022",
"3840",,"互联网和相关服务","地方政策-江苏省科学技术厅政策数量","1","17/9/2025 11:08:50","17/9/2025 11:08:50","2022",
"3841","1","医药制造业","地方政策-江苏省科学技术厅政策数量","1","17/9/2025 11:08:50","21/10/2025 13:26:53","2022",
"3842","12","汽车制造业","地方政策-江苏省科学技术厅政策数量","1","17/9/2025 11:08:50","21/10/2025 13:26:53","2022",
"3843","5","专用设备制造业","地方政策-江苏省科学技术厅政策数量","1","17/9/2025 11:08:50","21/10/2025 13:26:53","2022",
"3844","18","通用设备制造业","地方政策-江苏省科学技术厅政策数量","1","17/9/2025 11:08:50","21/10/2025 13:26:53","2022",
"3845","32","仪器仪表制造业","地方政策-江苏省科学技术厅政策数量","1","17/9/2025 11:08:50","21/10/2025 13:26:53","2022",
"3846","19","半导体业","地方政策-浙江省科学技术厅政策数量","1","17/9/2025 11:08:50","21/10/2025 13:26:53","2022",
"3847","21","通信传输设备业","地方政策-浙江省科学技术厅政策数量","1","17/9/2025 11:08:51","21/10/2025 13:26:53","2022",
"3848","1","医药制造业","地方政策-浙江省科学技术厅政策数量","1","17/9/2025 11:08:51","21/10/2025 13:26:53","2022",
"3849","12","汽车制造业","地方政策-浙江省科学技术厅政策数量","1","17/9/2025 11:08:51","21/10/2025 13:26:53","2022",
"3850","5","专用设备制造业","地方政策-浙江省科学技术厅政策数量","1","17/9/2025 11:08:51","21/10/2025 13:26:53","2022",
"3851","18","通用设备制造业","地方政策-浙江省科学技术厅政策数量","1","17/9/2025 11:08:51","21/10/2025 13:26:53","2022",
"3852","32","仪器仪表制造业","地方政策-浙江省科学技术厅政策数量","1","17/9/2025 11:08:51","21/10/2025 13:26:53","2022",
"3853","3","信息传输、软件和信息技术服务业","地方政策-安徽省科学技术厅政策数量","1","17/9/2025 11:08:51","21/10/2025 13:26:52","2022",
"3854","30","科学研究和技术服务业","地方政策-安徽省科学技术厅政策数量","1","17/9/2025 11:08:51","21/10/2025 13:26:53","2022",
"3855","19","半导体业","地方政策-安徽省科学技术厅政策数量","1","17/9/2025 11:08:51","21/10/2025 13:26:53","2022",
"3856","21","通信传输设备业","地方政策-安徽省科学技术厅政策数量","1","17/9/2025 11:08:51","21/10/2025 13:26:53","2022",
"3857",,"互联网和相关服务","地方政策-安徽省科学技术厅政策数量","1","17/9/2025 11:08:51","17/9/2025 11:08:51","2022",
"3858","1","医药制造业","地方政策-安徽省科学技术厅政策数量","1","17/9/2025 11:08:51","21/10/2025 13:26:53","2022",
"3859","12","汽车制造业","地方政策-安徽省科学技术厅政策数量","1","17/9/2025 11:08:52","21/10/2025 13:26:53","2022",
"3860","5","专用设备制造业","地方政策-安徽省科学技术厅政策数量","1","17/9/2025 11:08:52","21/10/2025 13:26:53","2022",
"3861","18","通用设备制造业","地方政策-安徽省科学技术厅政策数量","1","17/9/2025 11:08:52","21/10/2025 13:26:53","2022",
"3862","32","仪器仪表制造业","地方政策-安徽省科学技术厅政策数量","1","17/9/2025 11:08:52","21/10/2025 13:26:53","2022",
"3863","3","信息传输、软件和信息技术服务业","地方政策-深圳市工业和信息化局政策数量","3","17/9/2025 11:08:52","21/10/2025 13:26:52","2022",
"3864",,"互联网和相关服务","地方政策-深圳市工业和信息化局政策数量","3","17/9/2025 11:08:52","17/9/2025 11:08:52","2022",
"3865","3","信息传输、软件和信息技术服务业","地方政策-深圳市发展和改革委员会政策数量","1","17/9/2025 11:08:52","21/10/2025 13:26:52","2022",
"3866",,"互联网和相关服务","地方政策-深圳市发展和改革委员会政策数量","1","17/9/2025 11:08:52","17/9/2025 11:08:52","2022",
"3867","30","科学研究和技术服务业","地方政策-深圳市发展和改革委员会政策数量","2","17/9/2025 11:08:52","21/10/2025 13:26:53","2022",
"3868","30","科学研究和技术服务业","地方政策-深圳市工业和信息化局政策数量","1","17/9/2025 11:08:52","21/10/2025 13:26:53","2022",
"3869","30","科学研究和技术服务业","地方政策-深圳市前海深港现代服务业合作区管理局政策数量","2","17/9/2025 11:08:52","21/10/2025 13:26:53","2022",
"3870","3","信息传输、软件和信息技术服务业","地方政策-深圳市前海深港现代服务业合作区管理局政策数量","1","17/9/2025 11:08:52","21/10/2025 13:26:52","2022",
"3871","30","科学研究和技术服务业","地方政策-深圳市科学技术协会政策数量","1","17/9/2025 11:08:52","21/10/2025 13:26:53","2022",
"3872","3","信息传输、软件和信息技术服务业","地方政策-深圳市财政局政策数量","1","17/9/2025 11:08:52","21/10/2025 13:26:52","2022",
"3873","30","科学研究和技术服务业","地方政策-深圳市财政局政策数量","1","17/9/2025 11:08:53","21/10/2025 13:26:53","2022",
"3874","19","半导体业","地方政策-上海市经济和信息化委员会政策数量","1","17/9/2025 11:08:53","21/10/2025 13:26:53","2022",
"3875","46","废弃资源综合利用业","地方政策-上海市经济和信息化委员会政策数量","1","17/9/2025 11:08:53","21/10/2025 13:26:53","2022",
"3876","2","化学原料和化学制品制造业","地方政策-上海市发展和改革委员会政策数量","1","17/9/2025 11:08:53","21/10/2025 13:26:53","2022",
"3877","29","金属冶炼和压延加工业","地方政策-上海市发展和改革委员会政策数量","1","17/9/2025 11:08:53","21/10/2025 13:26:53","2022",
"3878","45","石油加工、炼焦和核燃料加工业","地方政策-上海市发展和改革委员会政策数量","1","17/9/2025 11:08:53","21/10/2025 13:26:53","2022",
"3879","46","废弃资源综合利用业","地方政策-上海市发展和改革委员会政策数量","1","17/9/2025 11:08:53","21/10/2025 13:26:53","2022",
"3880","2","化学原料和化学制品制造业","地方政策-上海市科学技术委员会政策数量","1","17/9/2025 11:08:53","21/10/2025 13:26:53","2022",
"3881","29","金属冶炼和压延加工业","地方政策-上海市科学技术委员会政策数量","1","17/9/2025 11:08:53","21/10/2025 13:26:53","2022",
"3882","45","石油加工、炼焦和核燃料加工业","地方政策-上海市科学技术委员会政策数量","1","17/9/2025 11:08:53","21/10/2025 13:26:53","2022",
"3883","46","废弃资源综合利用业","地方政策-上海市科学技术委员会政策数量","1","17/9/2025 11:08:53","21/10/2025 13:26:53","2022",
"3884","2","化学原料和化学制品制造业","地方政策-上海市生态环境局政策数量","1","17/9/2025 11:08:53","21/10/2025 13:26:53","2022",
"3885","29","金属冶炼和压延加工业","地方政策-上海市生态环境局政策数量","1","17/9/2025 11:08:53","21/10/2025 13:26:53","2022",
"3886","45","石油加工、炼焦和核燃料加工业","地方政策-上海市生态环境局政策数量","1","17/9/2025 11:08:53","21/10/2025 13:26:53","2022",
"3887","5","专用设备制造业","地方政策-上海市生态环境局政策数量","1","17/9/2025 11:08:53","21/10/2025 13:26:53","2022",
"3888","18","通用设备制造业","地方政策-上海市生态环境局政策数量","1","17/9/2025 11:08:54","21/10/2025 13:26:53","2022",
"3889","12","汽车制造业","地方政策-上海市生态环境局政策数量","1","17/9/2025 11:08:54","21/10/2025 13:26:53","2022",
"3890","19","半导体业","地方政策-上海市生态环境局政策数量","1","17/9/2025 11:08:54","21/10/2025 13:26:53","2022",
"3891","1","医药制造业","地方政策-上海市生态环境局政策数量","1","17/9/2025 11:08:54","21/10/2025 13:26:53","2022",
"3892","46","废弃资源综合利用业","地方政策-上海市生态环境局政策数量","1","17/9/2025 11:08:54","21/10/2025 13:26:53","2022",
"3893","30","科学研究和技术服务业","部委政策-国家航天局政策数量","1","17/9/2025 11:08:54","21/10/2025 13:26:53","2022",
"3894","30","科学研究和技术服务业","部委政策-国家原子能机构政策数量","1","17/9/2025 11:08:54","21/10/2025 13:26:53","2022",
"3895","27","铁路、船舶、航空航天和其他运输设备制造业","部委政策-国家航天局政策数量","1","17/9/2025 11:08:54","21/10/2025 13:26:53","2022",
"3896","31","教育","地方政策-北京市科学技术委员会政策数量","1","17/9/2025 11:08:54","21/10/2025 13:26:53","2022",
"3897","31","教育","地方政策-中关村科技园区管理委员会政策数量","1","17/9/2025 11:08:54","21/10/2025 13:26:53","2022",
"3898","3","信息传输、软件和信息技术服务业","地方政策-北京市教育委员会政策数量","1","17/9/2025 11:08:55","21/10/2025 13:26:52","2022",
"3899","30","科学研究和技术服务业","地方政策-北京市教育委员会政策数量","1","17/9/2025 11:08:55","21/10/2025 13:26:53","2022",
"3900","31","教育","地方政策-北京市教育委员会政策数量","1","17/9/2025 11:08:55","21/10/2025 13:26:53","2022",
"3901","31","教育","地方政策-北京市经济和信息化局政策数量","1","17/9/2025 11:08:55","21/10/2025 13:26:53","2022",
"3902","3","信息传输、软件和信息技术服务业","地方政策-北京市财政局政策数量","1","17/9/2025 11:08:55","21/10/2025 13:26:52","2022",
"3903","30","科学研究和技术服务业","地方政策-北京市财政局政策数量","1","17/9/2025 11:08:55","21/10/2025 13:26:53","2022",
"3904","31","教育","地方政策-北京市财政局政策数量","1","17/9/2025 11:08:55","21/10/2025 13:26:53","2022",
"3905","3","信息传输、软件和信息技术服务业","地方政策-北京市人民政府国有资产监督管理委员会政策数量","1","17/9/2025 11:08:55","21/10/2025 13:26:52","2022",
"3906","30","科学研究和技术服务业","地方政策-北京市人民政府国有资产监督管理委员会政策数量","1","17/9/2025 11:08:55","21/10/2025 13:26:53","2022",
"3907","31","教育","地方政策-北京市人民政府国有资产监督管理委员会政策数量","1","17/9/2025 11:08:55","21/10/2025 13:26:53","2022",
"3908","17","交通运输、仓储和邮政业","地方政策-四川省人民政府办公厅政策数量","1","17/9/2025 11:08:55","21/10/2025 13:26:53","2022",
"3909",,"互联网和相关服务","地方政策-江苏省人民政府办公厅政策数量","1","17/9/2025 11:08:55","17/9/2025 11:08:55","2022",
"3910",,"电信、广播电视和卫星传输服务","地方政策-江苏省人民政府办公厅政策数量","1","17/9/2025 11:08:55","17/9/2025 11:08:55","2022",
"3911","30","科学研究和技术服务业","地方政策-江苏省人民政府办公厅政策数量","1","17/9/2025 11:08:55","21/10/2025 13:26:53","2022",
"3912","3","信息传输、软件和信息技术服务业","部委政策-国家卫生健康委办公厅政策数量","1","17/9/2025 11:08:55","21/10/2025 13:26:52","2022",
"3913",,"互联网和相关服务","部委政策-国家卫生健康委办公厅政策数量","1","17/9/2025 11:08:55","17/9/2025 11:08:55","2022",
"3914","3","信息传输、软件和信息技术服务业","部委政策-国家中医药局办公室政策数量","1","17/9/2025 11:08:55","21/10/2025 13:26:52","2022",
"3915",,"互联网和相关服务","部委政策-国家中医药局办公室政策数量","1","17/9/2025 11:08:55","17/9/2025 11:08:55","2022",
"3916","35","卫生和社会工作","部委政策-国家中医药局办公室政策数量","1","17/9/2025 11:08:56","21/10/2025 13:26:53","2022",
"3917","12","汽车制造业","地方政策-青岛市人民政府办公厅政策数量","1","17/9/2025 11:08:56","21/10/2025 13:26:53","2022",
"3918","3","信息传输、软件和信息技术服务业","地方政策-青岛市人民政府办公厅政策数量","1","17/9/2025 11:08:56","21/10/2025 13:26:52","2022",
"3919","30","科学研究和技术服务业","地方政策-青岛市人民政府办公厅政策数量","1","17/9/2025 11:08:56","21/10/2025 13:26:53","2022",
"3920","12","汽车制造业","地方政策-南京市人民政府办公厅政策数量","1","17/9/2025 11:08:56","21/10/2025 13:26:53","2022",
"3921","17","交通运输、仓储和邮政业","地方政策-南京市人民政府办公厅政策数量","1","17/9/2025 11:08:56","21/10/2025 13:26:53","2022",
"3922","13","电力、热力、燃气及水生产和供应业","地方政策-南京市人民政府办公厅政策数量","1","17/9/2025 11:08:56","21/10/2025 13:26:53","2022",
"3923","34","农、林、牧、渔业","地方政策-南京市人民政府办公厅政策数量","1","17/9/2025 11:08:56","21/10/2025 13:26:53","2022",
"3924","3","信息传输、软件和信息技术服务业","地方政策-南京市人民政府办公厅政策数量","1","17/9/2025 11:08:56","21/10/2025 13:26:52","2022",
"3925","3","信息传输、软件和信息技术服务业","地方政策-厦门市科学技术局政策数量","1","17/9/2025 11:08:56","21/10/2025 13:26:52","2022",
"3926","30","科学研究和技术服务业","地方政策-厦门市科学技术局政策数量","1","17/9/2025 11:08:56","21/10/2025 13:26:53","2022",
"3927","30","科学研究和技术服务业","地方政策-湖南省科学技术厅政策数量","1","17/9/2025 11:08:56","21/10/2025 13:26:53","2022",
"3928","12","汽车制造业","地方政策-广州市人民政府办公厅政策数量","1","17/9/2025 11:08:56","21/10/2025 13:26:53","2022",
"3929","1","医药制造业","地方政策-广州市人民政府办公厅政策数量","1","17/9/2025 11:08:56","21/10/2025 13:26:53","2022",
"3930","5","专用设备制造业","地方政策-广州市人民政府办公厅政策数量","1","17/9/2025 11:08:56","21/10/2025 13:26:53","2022",
"3931","18","通用设备制造业","地方政策-广州市人民政府办公厅政策数量","1","17/9/2025 11:08:56","21/10/2025 13:26:53","2022",
"3932","32","仪器仪表制造业","地方政策-广州市人民政府办公厅政策数量","1","17/9/2025 11:08:56","21/10/2025 13:26:53","2022",
"3933","27","铁路、船舶、航空航天和其他运输设备制造业","地方政策-广州市人民政府办公厅政策数量","1","17/9/2025 11:08:57","21/10/2025 13:26:53","2022",
"3934","19","半导体业","地方政策-广州市人民政府办公厅政策数量","1","17/9/2025 11:08:57","21/10/2025 13:26:53","2022",
"3935","2","化学原料和化学制品制造业","地方政策-广州市人民政府办公厅政策数量","1","17/9/2025 11:08:57","21/10/2025 13:26:53","2022",
"3936",,"新材料与精细化工","地方政策-广州市人民政府办公厅政策数量","1","17/9/2025 11:08:57","17/9/2025 11:08:57","2022",
"3937",,"新能源与节能环保","地方政策-广州市人民政府办公厅政策数量","1","17/9/2025 11:08:57","17/9/2025 11:08:57","2022",
"3938",,"数字创意","地方政策-广州市人民政府办公厅政策数量","1","17/9/2025 11:08:57","17/9/2025 11:08:57","2022",
"3939","33","文化、体育和娱乐业","地方政策-广州市人民政府办公厅政策数量","1","17/9/2025 11:08:57","21/10/2025 13:26:53","2022",
"3940","7","金融业","地方政策-广州市人民政府办公厅政策数量","1","17/9/2025 11:08:57","21/10/2025 13:26:52","2022",
"3941","30","科学研究和技术服务业","地方政策-合肥市人民政府办公室政策数量","3","17/9/2025 11:08:57","21/10/2025 13:26:53","2022",
"3942","34","农、林、牧、渔业","地方政策-合肥市人民政府办公室政策数量","1","17/9/2025 11:08:57","21/10/2025 13:26:53","2022",
"3943","3","信息传输、软件和信息技术服务业","地方政策-合肥市人民政府办公室政策数量","2","17/9/2025 11:08:57","21/10/2025 13:26:52","2022",
"3944","5","专用设备制造业","地方政策-合肥市人民政府办公室政策数量","1","17/9/2025 11:08:57","21/10/2025 13:26:53","2022",
"3945","12","汽车制造业","地方政策-合肥市人民政府办公室政策数量","1","17/9/2025 11:08:57","21/10/2025 13:26:53","2022",
"3946","19","半导体业","地方政策-合肥市人民政府办公室政策数量","1","17/9/2025 11:08:57","21/10/2025 13:26:53","2022",
"3947","21","通信传输设备业","地方政策-合肥市人民政府办公室政策数量","1","17/9/2025 11:08:57","21/10/2025 13:26:53","2022",
"3948","32","仪器仪表制造业","地方政策-合肥市人民政府办公室政策数量","1","17/9/2025 11:08:57","21/10/2025 13:26:53","2022",
"3949","7","金融业","地方政策-合肥市人民政府办公室政策数量","1","17/9/2025 11:08:57","21/10/2025 13:26:52","2022",
"3950",,"互联网和相关服务","地方政策-合肥市人民政府办公室政策数量","1","17/9/2025 11:08:57","17/9/2025 11:08:57","2022",
"3951","13","电力、热力、燃气及水生产和供应业","地方政策-吉林省人民政府办公厅政策数量","1","17/9/2025 11:08:58","21/10/2025 13:26:53","2022",
"3952","30","科学研究和技术服务业","地方政策-重庆市科学技术局政策数量","1","17/9/2025 11:08:58","21/10/2025 13:26:53","2022",
"3953","30","科学研究和技术服务业","地方政策-黑龙江省科学技术厅政策数量","3","17/9/2025 11:08:58","21/10/2025 13:26:53","2022",
"3954","30","科学研究和技术服务业","地方政策-黑龙江省教育厅政策数量","1","17/9/2025 11:08:58","21/10/2025 13:26:53","2022",
"3955","30","科学研究和技术服务业","地方政策-黑龙江省财政厅政策数量","1","17/9/2025 11:08:58","21/10/2025 13:26:53","2022",
"3956",,,"发布政策数量","19","17/9/2025 11:10:04","17/9/2025 11:10:04","2022","安徽省"
"3957",,,"地方政策政策数量","19","17/9/2025 11:10:04","17/9/2025 11:10:04","2022","安徽省"
"3958",,,"安徽省人民政府发布政策数量","5","17/9/2025 11:10:04","17/9/2025 11:10:04","2022","安徽省"
"3959",,,"安徽省人民政府办公厅发布政策数量","4","17/9/2025 11:10:05","17/9/2025 11:10:05","2022","安徽省"
"3960",,,"安徽省经济和信息化厅发布政策数量","1","17/9/2025 11:10:05","17/9/2025 11:10:05","2022","安徽省"
"3961",,,"合肥市人民政府办公司发布政策数量","1","17/9/2025 11:10:05","17/9/2025 11:10:05","2022","安徽省"
"3962",,,"合肥市发展和改革委员会发布政策数量","1","17/9/2025 11:10:05","17/9/2025 11:10:05","2022","安徽省"
"3963",,,"合肥市经济和信息化局发布政策数量","1","17/9/2025 11:10:05","17/9/2025 11:10:05","2022","安徽省"
"3964",,,"合肥市财政局发布政策数量","1","17/9/2025 11:10:05","17/9/2025 11:10:05","2022","安徽省"
"3965",,,"合肥市人民政府办公室发布政策数量","6","17/9/2025 11:10:05","17/9/2025 11:10:05","2022","安徽省"
"3966","30","科学研究和技术服务业","政策数量","9","17/9/2025 11:10:05","21/10/2025 13:26:53","2022","安徽省"
"3967","3","信息传输、软件和信息技术服务业","政策数量","7","17/9/2025 11:10:05","21/10/2025 13:26:52","2022","安徽省"
"3968",,"互联网和相关服务","政策数量","5","17/9/2025 11:10:05","17/9/2025 11:10:05","2022","安徽省"
"3969","21","通信传输设备业","政策数量","4","17/9/2025 11:10:05","21/10/2025 13:26:53","2022","安徽省"
"3970","19","半导体业","政策数量","4","17/9/2025 11:10:05","21/10/2025 13:26:53","2022","安徽省"
"3971","34","农、林、牧、渔业","政策数量","3","17/9/2025 11:10:05","21/10/2025 13:26:53","2022","安徽省"
"3972","12","汽车制造业","政策数量","3","17/9/2025 11:10:05","21/10/2025 13:26:53","2022","安徽省"
"3973","2","化学原料和化学制品制造业","政策数量","2","17/9/2025 11:10:05","21/10/2025 13:26:53","2022","安徽省"
"3974","1","医药制造业","政策数量","2","17/9/2025 11:10:05","21/10/2025 13:26:53","2022","安徽省"
"3975","5","专用设备制造业","政策数量","2","17/9/2025 11:10:05","21/10/2025 13:26:53","2022","安徽省"
"3976","7","金融业","政策数量","2","17/9/2025 11:10:06","21/10/2025 13:26:52","2022","安徽省"
"3977","31","教育","政策数量","2","17/9/2025 11:10:06","21/10/2025 13:26:53","2022","安徽省"
"3978","22","非金属矿物制品业","政策数量","2","17/9/2025 11:10:06","21/10/2025 13:26:53","2022","安徽省"
"3979","32","仪器仪表制造业","政策数量","2","17/9/2025 11:10:06","21/10/2025 13:26:53","2022","安徽省"
"3980","29","金属冶炼和压延加工业","政策数量","2","17/9/2025 11:10:06","21/10/2025 13:26:53","2022","安徽省"
"3981",,"电气机械和器材制造业","政策数量","1","17/9/2025 11:10:06","17/9/2025 11:10:06","2022","安徽省"
"3982","13","电力、热力、燃气及水生产和供应业","政策数量","1","17/9/2025 11:10:06","21/10/2025 13:26:53","2022","安徽省"
"3983","17","交通运输、仓储和邮政业","政策数量","1","17/9/2025 11:10:06","21/10/2025 13:26:53","2022","安徽省"
"3984","16","建筑业","政策数量","1","17/9/2025 11:10:06","21/10/2025 13:26:53","2022","安徽省"
"3985","23","橡胶和塑料制品业","政策数量","1","17/9/2025 11:10:06","21/10/2025 13:26:53","2022","安徽省"
"3986","18","通用设备制造业","政策数量","1","17/9/2025 11:10:06","21/10/2025 13:26:53","2022","安徽省"
"3987","28","水利、环境和公共设施管理业","政策数量","1","17/9/2025 11:10:06","21/10/2025 13:26:52","2022","安徽省"
"3988","26","金属制品业","政策数量","1","17/9/2025 11:10:06","21/10/2025 13:26:53","2022","安徽省"
"3989","14","采矿业","政策数量","1","17/9/2025 11:10:06","21/10/2025 13:26:53","2022","安徽省"
"3990","45","石油加工、炼焦和核燃料加工业","政策数量","1","17/9/2025 11:10:07","21/10/2025 13:26:53","2022","安徽省"
"3991","27","铁路、船舶、航空航天和其他运输设备制造业","政策数量","1","17/9/2025 11:10:07","21/10/2025 13:26:53","2022","安徽省"
"3992","25","其他制造业","政策数量","1","17/9/2025 11:10:07","21/10/2025 13:26:53","2022","安徽省"
"3993","46","废弃资源综合利用业","政策数量","1","17/9/2025 11:10:07","21/10/2025 13:26:53","2022","安徽省"
"3994",,,"地方政策-安徽省人民政府政策数量","5","17/9/2025 11:10:07","17/9/2025 11:10:07","2022","安徽省"
"3995",,,"地方政策-安徽省人民政府办公厅政策数量","4","17/9/2025 11:10:07","17/9/2025 11:10:07","2022","安徽省"
"3996",,,"地方政策-安徽省经济和信息化厅政策数量","1","17/9/2025 11:10:07","17/9/2025 11:10:07","2022","安徽省"
"3997",,,"地方政策-合肥市人民政府办公司政策数量","1","17/9/2025 11:10:07","17/9/2025 11:10:07","2022","安徽省"
"3998",,,"地方政策-合肥市发展和改革委员会政策数量","1","17/9/2025 11:10:07","17/9/2025 11:10:07","2022","安徽省"
"3999",,,"地方政策-合肥市经济和信息化局政策数量","1","17/9/2025 11:10:07","17/9/2025 11:10:07","2022","安徽省"
"4000",,,"地方政策-合肥市财政局政策数量","1","17/9/2025 11:10:07","17/9/2025 11:10:07","2022","安徽省"
"4001",,,"地方政策-合肥市人民政府办公室政策数量","6","17/9/2025 11:10:07","17/9/2025 11:10:07","2022","安徽省"
"4002","31","教育","地方政策政策数量","2","17/9/2025 11:10:07","21/10/2025 13:26:53","2022","安徽省"
"4003","3","信息传输、软件和信息技术服务业","地方政策政策数量","7","17/9/2025 11:10:07","21/10/2025 13:26:52","2022","安徽省"
"4004",,"互联网和相关服务","地方政策政策数量","5","17/9/2025 11:10:08","17/9/2025 11:10:08","2022","安徽省"
"4005","19","半导体业","地方政策政策数量","4","17/9/2025 11:10:08","21/10/2025 13:26:53","2022","安徽省"
"4006","21","通信传输设备业","地方政策政策数量","4","17/9/2025 11:10:08","21/10/2025 13:26:53","2022","安徽省"
"4007","30","科学研究和技术服务业","地方政策政策数量","9","17/9/2025 11:10:08","21/10/2025 13:26:53","2022","安徽省"
"4008","5","专用设备制造业","地方政策政策数量","2","17/9/2025 11:10:08","21/10/2025 13:26:53","2022","安徽省"
"4009","18","通用设备制造业","地方政策政策数量","1","17/9/2025 11:10:08","21/10/2025 13:26:53","2022","安徽省"
"4010","32","仪器仪表制造业","地方政策政策数量","2","17/9/2025 11:10:08","21/10/2025 13:26:53","2022","安徽省"
"4011","12","汽车制造业","地方政策政策数量","3","17/9/2025 11:10:08","21/10/2025 13:26:53","2022","安徽省"
"4012","27","铁路、船舶、航空航天和其他运输设备制造业","地方政策政策数量","1","17/9/2025 11:10:08","21/10/2025 13:26:53","2022","安徽省"
"4013",,"电气机械和器材制造业","地方政策政策数量","1","17/9/2025 11:10:08","17/9/2025 11:10:08","2022","安徽省"
"4014","2","化学原料和化学制品制造业","地方政策政策数量","2","17/9/2025 11:10:08","21/10/2025 13:26:53","2022","安徽省"
"4015","1","医药制造业","地方政策政策数量","2","17/9/2025 11:10:08","21/10/2025 13:26:53","2022","安徽省"
"4016","23","橡胶和塑料制品业","地方政策政策数量","1","17/9/2025 11:10:08","21/10/2025 13:26:53","2022","安徽省"
"4017","22","非金属矿物制品业","地方政策政策数量","2","17/9/2025 11:10:08","21/10/2025 13:26:53","2022","安徽省"
"4018","26","金属制品业","地方政策政策数量","1","17/9/2025 11:10:08","21/10/2025 13:26:53","2022","安徽省"
"4019","29","金属冶炼和压延加工业","地方政策政策数量","2","17/9/2025 11:10:08","21/10/2025 13:26:53","2022","安徽省"
"4020","25","其他制造业","地方政策政策数量","1","17/9/2025 11:10:08","21/10/2025 13:26:53","2022","安徽省"
"4021","13","电力、热力、燃气及水生产和供应业","地方政策政策数量","1","17/9/2025 11:10:09","21/10/2025 13:26:53","2022","安徽省"
"4022","17","交通运输、仓储和邮政业","地方政策政策数量","1","17/9/2025 11:10:09","21/10/2025 13:26:53","2022","安徽省"
"4023","16","建筑业","地方政策政策数量","1","17/9/2025 11:10:09","21/10/2025 13:26:53","2022","安徽省"
"4024","34","农、林、牧、渔业","地方政策政策数量","3","17/9/2025 11:10:09","21/10/2025 13:26:53","2022","安徽省"
"4025","7","金融业","地方政策政策数量","2","17/9/2025 11:10:09","21/10/2025 13:26:52","2022","安徽省"
"4026","28","水利、环境和公共设施管理业","地方政策政策数量","1","17/9/2025 11:10:09","21/10/2025 13:26:52","2022","安徽省"
"4027","14","采矿业","地方政策政策数量","1","17/9/2025 11:10:09","21/10/2025 13:26:53","2022","安徽省"
"4028","45","石油加工、炼焦和核燃料加工业","地方政策政策数量","1","17/9/2025 11:10:09","21/10/2025 13:26:53","2022","安徽省"
"4029","46","废弃资源综合利用业","地方政策政策数量","1","17/9/2025 11:10:09","21/10/2025 13:26:53","2022","安徽省"
"4030","31","教育","地方政策-安徽省人民政府政策数量","2","17/9/2025 11:10:09","21/10/2025 13:26:53","2022","安徽省"
"4031","3","信息传输、软件和信息技术服务业","地方政策-安徽省人民政府办公厅政策数量","2","17/9/2025 11:10:09","21/10/2025 13:26:52","2022","安徽省"
"4032",,"互联网和相关服务","地方政策-安徽省人民政府办公厅政策数量","2","17/9/2025 11:10:09","17/9/2025 11:10:09","2022","安徽省"
"4033","19","半导体业","地方政策-安徽省人民政府办公厅政策数量","2","17/9/2025 11:10:09","21/10/2025 13:26:53","2022","安徽省"
"4034","21","通信传输设备业","地方政策-安徽省人民政府办公厅政策数量","2","17/9/2025 11:10:09","21/10/2025 13:26:53","2022","安徽省"
"4035","30","科学研究和技术服务业","地方政策-安徽省人民政府办公厅政策数量","3","17/9/2025 11:10:09","21/10/2025 13:26:53","2022","安徽省"
"4036","3","信息传输、软件和信息技术服务业","地方政策-安徽省经济和信息化厅政策数量","1","17/9/2025 11:10:09","21/10/2025 13:26:52","2022","安徽省"
"4037",,"互联网和相关服务","地方政策-安徽省经济和信息化厅政策数量","1","17/9/2025 11:10:09","17/9/2025 11:10:09","2022","安徽省"
"4038","21","通信传输设备业","地方政策-安徽省经济和信息化厅政策数量","1","17/9/2025 11:10:09","21/10/2025 13:26:53","2022","安徽省"
"4039","3","信息传输、软件和信息技术服务业","地方政策-安徽省人民政府政策数量","2","17/9/2025 11:10:09","21/10/2025 13:26:52","2022","安徽省"
"4040","30","科学研究和技术服务业","地方政策-安徽省人民政府政策数量","3","17/9/2025 11:10:09","21/10/2025 13:26:53","2022","安徽省"
"4041","34","农、林、牧、渔业","地方政策-合肥市人民政府办公司政策数量","1","17/9/2025 11:10:09","21/10/2025 13:26:53","2022","安徽省"
"4042","5","专用设备制造业","地方政策-安徽省人民政府办公厅政策数量","1","17/9/2025 11:10:10","21/10/2025 13:26:53","2022","安徽省"
"4043","18","通用设备制造业","地方政策-安徽省人民政府办公厅政策数量","1","17/9/2025 11:10:10","21/10/2025 13:26:53","2022","安徽省"
"4044","32","仪器仪表制造业","地方政策-安徽省人民政府办公厅政策数量","1","17/9/2025 11:10:10","21/10/2025 13:26:53","2022","安徽省"
"4045","12","汽车制造业","地方政策-安徽省人民政府办公厅政策数量","1","17/9/2025 11:10:10","21/10/2025 13:26:53","2022","安徽省"
"4046","27","铁路、船舶、航空航天和其他运输设备制造业","地方政策-安徽省人民政府办公厅政策数量","1","17/9/2025 11:10:10","21/10/2025 13:26:53","2022","安徽省"
"4047",,"电气机械和器材制造业","地方政策-安徽省人民政府办公厅政策数量","1","17/9/2025 11:10:10","17/9/2025 11:10:10","2022","安徽省"
"4048","2","化学原料和化学制品制造业","地方政策-安徽省人民政府办公厅政策数量","1","17/9/2025 11:10:10","21/10/2025 13:26:53","2022","安徽省"
"4049","1","医药制造业","地方政策-安徽省人民政府办公厅政策数量","1","17/9/2025 11:10:10","21/10/2025 13:26:53","2022","安徽省"
"4050","23","橡胶和塑料制品业","地方政策-安徽省人民政府办公厅政策数量","1","17/9/2025 11:10:10","21/10/2025 13:26:53","2022","安徽省"
"4051","22","非金属矿物制品业","地方政策-安徽省人民政府办公厅政策数量","1","17/9/2025 11:10:10","21/10/2025 13:26:53","2022","安徽省"
"4052","26","金属制品业","地方政策-安徽省人民政府办公厅政策数量","1","17/9/2025 11:10:10","21/10/2025 13:26:53","2022","安徽省"
"4053","29","金属冶炼和压延加工业","地方政策-安徽省人民政府办公厅政策数量","1","17/9/2025 11:10:10","21/10/2025 13:26:53","2022","安徽省"
"4054","25","其他制造业","地方政策-安徽省人民政府办公厅政策数量","1","17/9/2025 11:10:10","21/10/2025 13:26:53","2022","安徽省"
"4055","19","半导体业","地方政策-合肥市发展和改革委员会政策数量","1","17/9/2025 11:10:10","21/10/2025 13:26:53","2022","安徽省"
"4056","1","医药制造业","地方政策-合肥市经济和信息化局政策数量","1","17/9/2025 11:10:10","21/10/2025 13:26:53","2022","安徽省"
"4057","1","医药制造业","地方政策-合肥市财政局政策数量","1","17/9/2025 11:10:10","21/10/2025 13:26:53","2022","安徽省"
"4058","13","电力、热力、燃气及水生产和供应业","地方政策-安徽省人民政府政策数量","1","17/9/2025 11:10:10","21/10/2025 13:26:53","2022","安徽省"
"4059","22","非金属矿物制品业","地方政策-安徽省人民政府政策数量","1","17/9/2025 11:10:10","21/10/2025 13:26:53","2022","安徽省"
"4060","29","金属冶炼和压延加工业","地方政策-安徽省人民政府政策数量","1","17/9/2025 11:10:10","21/10/2025 13:26:53","2022","安徽省"
"4061","2","化学原料和化学制品制造业","地方政策-安徽省人民政府政策数量","1","17/9/2025 11:10:11","21/10/2025 13:26:53","2022","安徽省"
"4062","17","交通运输、仓储和邮政业","地方政策-安徽省人民政府政策数量","1","17/9/2025 11:10:11","21/10/2025 13:26:53","2022","安徽省"
"4063","16","建筑业","地方政策-安徽省人民政府政策数量","1","17/9/2025 11:10:11","21/10/2025 13:26:53","2022","安徽省"
"4064","34","农、林、牧、渔业","地方政策-安徽省人民政府政策数量","1","17/9/2025 11:10:11","21/10/2025 13:26:53","2022","安徽省"
"4065","7","金融业","地方政策-安徽省人民政府政策数量","1","17/9/2025 11:10:11","21/10/2025 13:26:52","2022","安徽省"
"4066","28","水利、环境和公共设施管理业","地方政策-安徽省人民政府政策数量","1","17/9/2025 11:10:11","21/10/2025 13:26:52","2022","安徽省"
"4067",,"互联网和相关服务","地方政策-安徽省人民政府政策数量","1","17/9/2025 11:10:11","17/9/2025 11:10:11","2022","安徽省"
"4068","12","汽车制造业","地方政策-安徽省人民政府政策数量","1","17/9/2025 11:10:11","21/10/2025 13:26:53","2022","安徽省"
"4069","14","采矿业","地方政策-安徽省人民政府政策数量","1","17/9/2025 11:10:11","21/10/2025 13:26:53","2022","安徽省"
"4070","45","石油加工、炼焦和核燃料加工业","地方政策-安徽省人民政府政策数量","1","17/9/2025 11:10:11","21/10/2025 13:26:53","2022","安徽省"
"4071","46","废弃资源综合利用业","地方政策-安徽省人民政府政策数量","1","17/9/2025 11:10:11","21/10/2025 13:26:53","2022","安徽省"
"4072","30","科学研究和技术服务业","地方政策-合肥市人民政府办公室政策数量","3","17/9/2025 11:10:11","21/10/2025 13:26:53","2022","安徽省"
"4073","34","农、林、牧、渔业","地方政策-合肥市人民政府办公室政策数量","1","17/9/2025 11:10:11","21/10/2025 13:26:53","2022","安徽省"
"4074","3","信息传输、软件和信息技术服务业","地方政策-合肥市人民政府办公室政策数量","2","17/9/2025 11:10:11","21/10/2025 13:26:52","2022","安徽省"
"4075","5","专用设备制造业","地方政策-合肥市人民政府办公室政策数量","1","17/9/2025 11:10:11","21/10/2025 13:26:53","2022","安徽省"
"4076","12","汽车制造业","地方政策-合肥市人民政府办公室政策数量","1","17/9/2025 11:10:11","21/10/2025 13:26:53","2022","安徽省"
"4077","19","半导体业","地方政策-合肥市人民政府办公室政策数量","1","17/9/2025 11:10:11","21/10/2025 13:26:53","2022","安徽省"
"4078","21","通信传输设备业","地方政策-合肥市人民政府办公室政策数量","1","17/9/2025 11:10:11","21/10/2025 13:26:53","2022","安徽省"
"4079","32","仪器仪表制造业","地方政策-合肥市人民政府办公室政策数量","1","17/9/2025 11:10:12","21/10/2025 13:26:53","2022","安徽省"
"4080","7","金融业","地方政策-合肥市人民政府办公室政策数量","1","17/9/2025 11:10:12","21/10/2025 13:26:52","2022","安徽省"
"4081",,"互联网和相关服务","地方政策-合肥市人民政府办公室政策数量","1","17/9/2025 11:10:12","17/9/2025 11:10:12","2022","安徽省"
"4082",,,"发布政策数量","26","17/9/2025 11:10:12","17/9/2025 11:10:12","2022","山东省"
"4083",,,"地方政策政策数量","26","17/9/2025 11:10:12","17/9/2025 11:10:12","2022","山东省"
"4084",,,"山东省人民政府办公厅发布政策数量","8","17/9/2025 11:10:12","17/9/2025 11:10:12","2022","山东省"
"4085",,,"山东省工业和信息化厅发布政策数量","3","17/9/2025 11:10:12","17/9/2025 11:10:12","2022","山东省"
"4086",,,"山东省能源局发布政策数量","2","17/9/2025 11:10:12","17/9/2025 11:10:12","2022","山东省"
"4087",,,"山东省教育厅发布政策数量","1","17/9/2025 11:10:12","17/9/2025 11:10:12","2022","山东省"
"4088",,,"山东省财政厅发布政策数量","1","17/9/2025 11:10:12","17/9/2025 11:10:12","2022","山东省"
"4089",,,"山东省人民政府发布政策数量","7","17/9/2025 11:10:12","17/9/2025 11:10:12","2022","山东省"
"4090",,,"中共山东省委发布政策数量","1","17/9/2025 11:10:12","17/9/2025 11:10:12","2022","山东省"
"4091",,,"山东省发展和改革委员会发布政策数量","1","17/9/2025 11:10:12","17/9/2025 11:10:12","2022","山东省"
"4092",,,"山东省科学技术厅发布政策数量","2","17/9/2025 11:10:12","17/9/2025 11:10:12","2022","山东省"
"4093",,,"青岛市人民政府办公厅发布政策数量","2","17/9/2025 11:10:12","17/9/2025 11:10:12","2022","山东省"
"4094","3","信息传输、软件和信息技术服务业","政策数量","10","17/9/2025 11:10:12","21/10/2025 13:26:52","2022","山东省"
"4095","30","科学研究和技术服务业","政策数量","9","17/9/2025 11:10:12","21/10/2025 13:26:53","2022","山东省"
"4096",,"互联网和相关服务","政策数量","6","17/9/2025 11:10:13","17/9/2025 11:10:13","2022","山东省"
"4097","21","通信传输设备业","政策数量","4","17/9/2025 11:10:13","21/10/2025 13:26:53","2022","山东省"
"4098","13","电力、热力、燃气及水生产和供应业","政策数量","4","17/9/2025 11:10:13","21/10/2025 13:26:53","2022","山东省"
"4099","28","水利、环境和公共设施管理业","政策数量","4","17/9/2025 11:10:13","21/10/2025 13:26:52","2022","山东省"
"4100","17","交通运输、仓储和邮政业","政策数量","3","17/9/2025 11:10:13","21/10/2025 13:26:53","2022","山东省"
"4101",,"电信、广播电视和卫星传输服务","政策数量","3","17/9/2025 11:10:13","17/9/2025 11:10:13","2022","山东省"
"4102","27","铁路、船舶、航空航天和其他运输设备制造业","政策数量","3","17/9/2025 11:10:13","21/10/2025 13:26:53","2022","山东省"
"4103","32","仪器仪表制造业","政策数量","3","17/9/2025 11:10:13","21/10/2025 13:26:53","2022","山东省"
"4104","12","汽车制造业","政策数量","3","17/9/2025 11:10:13","21/10/2025 13:26:53","2022","山东省"
"4105","19","半导体业","政策数量","2","17/9/2025 11:10:13","21/10/2025 13:26:53","2022","山东省"
"4106","43","化学纤维制造业","政策数量","2","17/9/2025 11:10:13","21/10/2025 13:26:53","2022","山东省"
"4107","34","农、林、牧、渔业","政策数量","2","17/9/2025 11:10:13","21/10/2025 13:26:53","2022","山东省"
"4108","45","石油加工、炼焦和核燃料加工业","政策数量","2","17/9/2025 11:10:13","21/10/2025 13:26:53","2022","山东省"
"4109","22","非金属矿物制品业","政策数量","2","17/9/2025 11:10:13","21/10/2025 13:26:53","2022","山东省"
"4110","46","废弃资源综合利用业","政策数量","2","17/9/2025 11:10:13","21/10/2025 13:26:53","2022","山东省"
"4111","7","金融业","政策数量","2","17/9/2025 11:10:13","21/10/2025 13:26:52","2022","山东省"
"4112","23","橡胶和塑料制品业","政策数量","2","17/9/2025 11:10:13","21/10/2025 13:26:53","2022","山东省"
"4113","2","化学原料和化学制品制造业","政策数量","2","17/9/2025 11:10:13","21/10/2025 13:26:53","2022","山东省"
"4114","26","金属制品业","政策数量","2","17/9/2025 11:10:13","21/10/2025 13:26:53","2022","山东省"
"4115","5","专用设备制造业","政策数量","2","17/9/2025 11:10:13","21/10/2025 13:26:53","2022","山东省"
"4116","18","通用设备制造业","政策数量","2","17/9/2025 11:10:14","21/10/2025 13:26:53","2022","山东省"
"4117","1","医药制造业","政策数量","2","17/9/2025 11:10:14","21/10/2025 13:26:53","2022","山东省"
"4118","9","批发和零售业","政策数量","2","17/9/2025 11:10:14","21/10/2025 13:26:53","2022","山东省"
"4119","38","家具制造业","政策数量","1","17/9/2025 11:10:14","21/10/2025 13:26:53","2022","山东省"
"4120","8","商业电气机械和器材制造业","政策数量","1","17/9/2025 11:10:14","21/10/2025 13:26:53","2022","山东省"
"4121","39","印刷和记录媒介复制业","政策数量","1","17/9/2025 11:10:14","21/10/2025 13:26:53","2022","山东省"
"4122","15","纺织鞋服业","政策数量","1","17/9/2025 11:10:14","21/10/2025 13:26:53","2022","山东省"
"4123","41","文教、工美、体育和娱乐用品制造业","政策数量","1","17/9/2025 11:10:14","21/10/2025 13:26:53","2022","山东省"
"4124","29","金属冶炼和压延加工业","政策数量","1","17/9/2025 11:10:14","21/10/2025 13:26:53","2022","山东省"
"4125","33","文化、体育和娱乐业","政策数量","1","17/9/2025 11:10:14","21/10/2025 13:26:53","2022","山东省"
"4126",,"开采辅助活动","政策数量","1","17/9/2025 11:10:14","17/9/2025 11:10:14","2022","山东省"
"4127","31","教育","政策数量","1","17/9/2025 11:10:14","21/10/2025 13:26:53","2022","山东省"
"4128","35","卫生和社会工作","政策数量","1","17/9/2025 11:10:14","21/10/2025 13:26:53","2022","山东省"
"4129","47","木材加工和木、竹、藤、棕、草制品业","政策数量","1","17/9/2025 11:10:14","21/10/2025 13:26:53","2022","山东省"
"4130","4","房地产业","政策数量","1","17/9/2025 11:10:14","21/10/2025 13:26:52","2022","山东省"
"4131","36","造纸和纸制品业","政策数量","1","17/9/2025 11:10:14","21/10/2025 13:26:53","2022","山东省"
"4132","48","居民服务、修理和其他服务业","政策数量","1","17/9/2025 11:10:14","21/10/2025 13:26:53","2022","山东省"
"4133","16","建筑业","政策数量","1","17/9/2025 11:10:14","21/10/2025 13:26:53","2022","山东省"
"4134","25","其他制造业","政策数量","1","17/9/2025 11:10:15","21/10/2025 13:26:53","2022","山东省"
"4135","37","住宿和餐饮业","政策数量","1","17/9/2025 11:10:15","21/10/2025 13:26:53","2022","山东省"
"4136",,,"地方政策-山东省人民政府办公厅政策数量","8","17/9/2025 11:10:15","17/9/2025 11:10:15","2022","山东省"
"4137",,,"地方政策-山东省工业和信息化厅政策数量","3","17/9/2025 11:10:15","17/9/2025 11:10:15","2022","山东省"
"4138",,,"地方政策-山东省能源局政策数量","2","17/9/2025 11:10:15","17/9/2025 11:10:15","2022","山东省"
"4139",,,"地方政策-山东省教育厅政策数量","1","17/9/2025 11:10:15","17/9/2025 11:10:15","2022","山东省"
"4140",,,"地方政策-山东省财政厅政策数量","1","17/9/2025 11:10:15","17/9/2025 11:10:15","2022","山东省"
"4141",,,"地方政策-山东省人民政府政策数量","7","17/9/2025 11:10:15","17/9/2025 11:10:15","2022","山东省"
"4142",,,"地方政策-中共山东省委政策数量","1","17/9/2025 11:10:15","17/9/2025 11:10:15","2022","山东省"
"4143",,,"地方政策-山东省发展和改革委员会政策数量","1","17/9/2025 11:10:15","17/9/2025 11:10:15","2022","山东省"
"4144",,,"地方政策-山东省科学技术厅政策数量","2","17/9/2025 11:10:15","17/9/2025 11:10:15","2022","山东省"
"4145",,,"地方政策-青岛市人民政府办公厅政策数量","2","17/9/2025 11:10:15","17/9/2025 11:10:15","2022","山东省"
"4146","4","房地产业","地方政策政策数量","1","17/9/2025 11:10:15","21/10/2025 13:26:52","2022","山东省"
"4147","16","建筑业","地方政策政策数量","1","17/9/2025 11:10:15","21/10/2025 13:26:53","2022","山东省"
"4148","17","交通运输、仓储和邮政业","地方政策政策数量","3","17/9/2025 11:10:15","21/10/2025 13:26:53","2022","山东省"
"4149","8","商业电气机械和器材制造业","地方政策政策数量","1","17/9/2025 11:10:15","21/10/2025 13:26:53","2022","山东省"
"4150","3","信息传输、软件和信息技术服务业","地方政策政策数量","10","17/9/2025 11:10:15","21/10/2025 13:26:52","2022","山东省"
"4151","7","金融业","地方政策政策数量","2","17/9/2025 11:10:15","21/10/2025 13:26:52","2022","山东省"
"4152","30","科学研究和技术服务业","地方政策政策数量","9","17/9/2025 11:10:15","21/10/2025 13:26:53","2022","山东省"
"4153","2","化学原料和化学制品制造业","地方政策政策数量","2","17/9/2025 11:10:16","21/10/2025 13:26:53","2022","山东省"
"4154","5","专用设备制造业","地方政策政策数量","2","17/9/2025 11:10:16","21/10/2025 13:26:53","2022","山东省"
"4155","18","通用设备制造业","地方政策政策数量","2","17/9/2025 11:10:16","21/10/2025 13:26:53","2022","山东省"
"4156","12","汽车制造业","地方政策政策数量","3","17/9/2025 11:10:16","21/10/2025 13:26:53","2022","山东省"
"4157","19","半导体业","地方政策政策数量","2","17/9/2025 11:10:16","21/10/2025 13:26:53","2022","山东省"
"4158","21","通信传输设备业","地方政策政策数量","4","17/9/2025 11:10:16","21/10/2025 13:26:53","2022","山东省"
"4159","22","非金属矿物制品业","地方政策政策数量","2","17/9/2025 11:10:16","21/10/2025 13:26:53","2022","山东省"
"4160","23","橡胶和塑料制品业","地方政策政策数量","2","17/9/2025 11:10:16","21/10/2025 13:26:53","2022","山东省"
"4161","26","金属制品业","地方政策政策数量","2","17/9/2025 11:10:16","21/10/2025 13:26:53","2022","山东省"
"4162","27","铁路、船舶、航空航天和其他运输设备制造业","地方政策政策数量","3","17/9/2025 11:10:16","21/10/2025 13:26:53","2022","山东省"
"4163","32","仪器仪表制造业","地方政策政策数量","3","17/9/2025 11:10:16","21/10/2025 13:26:53","2022","山东省"
"4164","25","其他制造业","地方政策政策数量","1","17/9/2025 11:10:16","21/10/2025 13:26:53","2022","山东省"
"4165","43","化学纤维制造业","地方政策政策数量","2","17/9/2025 11:10:16","21/10/2025 13:26:53","2022","山东省"
"4166","45","石油加工、炼焦和核燃料加工业","地方政策政策数量","2","17/9/2025 11:10:16","21/10/2025 13:26:53","2022","山东省"
"4167","46","废弃资源综合利用业","地方政策政策数量","2","17/9/2025 11:10:16","21/10/2025 13:26:53","2022","山东省"
"4168","13","电力、热力、燃气及水生产和供应业","地方政策政策数量","4","17/9/2025 11:10:17","21/10/2025 13:26:53","2022","山东省"
"4169","31","教育","地方政策政策数量","1","17/9/2025 11:10:17","21/10/2025 13:26:53","2022","山东省"
"4170","1","医药制造业","地方政策政策数量","2","17/9/2025 11:10:17","21/10/2025 13:26:53","2022","山东省"
"4171","9","批发和零售业","地方政策政策数量","2","17/9/2025 11:10:17","21/10/2025 13:26:53","2022","山东省"
"4172","34","农、林、牧、渔业","地方政策政策数量","2","17/9/2025 11:10:17","21/10/2025 13:26:53","2022","山东省"
"4173",,"互联网和相关服务","地方政策政策数量","6","17/9/2025 11:10:17","17/9/2025 11:10:17","2022","山东省"
"4174","28","水利、环境和公共设施管理业","地方政策政策数量","4","17/9/2025 11:10:17","21/10/2025 13:26:52","2022","山东省"
"4175","15","纺织鞋服业","地方政策政策数量","1","17/9/2025 11:10:17","21/10/2025 13:26:53","2022","山东省"
"4176","29","金属冶炼和压延加工业","地方政策政策数量","1","17/9/2025 11:10:17","21/10/2025 13:26:53","2022","山东省"
"4177","33","文化、体育和娱乐业","地方政策政策数量","1","17/9/2025 11:10:17","21/10/2025 13:26:53","2022","山东省"
"4178","35","卫生和社会工作","地方政策政策数量","1","17/9/2025 11:10:17","21/10/2025 13:26:53","2022","山东省"
"4179","36","造纸和纸制品业","地方政策政策数量","1","17/9/2025 11:10:17","21/10/2025 13:26:53","2022","山东省"
"4180","37","住宿和餐饮业","地方政策政策数量","1","17/9/2025 11:10:17","21/10/2025 13:26:53","2022","山东省"
"4181","38","家具制造业","地方政策政策数量","1","17/9/2025 11:10:17","21/10/2025 13:26:53","2022","山东省"
"4182","39","印刷和记录媒介复制业","地方政策政策数量","1","17/9/2025 11:10:17","21/10/2025 13:26:53","2022","山东省"
"4183","41","文教、工美、体育和娱乐用品制造业","地方政策政策数量","1","17/9/2025 11:10:17","21/10/2025 13:26:53","2022","山东省"
"4184",,"电信、广播电视和卫星传输服务","地方政策政策数量","3","17/9/2025 11:10:17","17/9/2025 11:10:17","2022","山东省"
"4185",,"开采辅助活动","地方政策政策数量","1","17/9/2025 11:10:17","17/9/2025 11:10:17","2022","山东省"
"4186","47","木材加工和木、竹、藤、棕、草制品业","地方政策政策数量","1","17/9/2025 11:10:18","21/10/2025 13:26:53","2022","山东省"
"4187","48","居民服务、修理和其他服务业","地方政策政策数量","1","17/9/2025 11:10:18","21/10/2025 13:26:53","2022","山东省"
"4188","30","科学研究和技术服务业","地方政策-山东省人民政府办公厅政策数量","3","17/9/2025 11:10:18","21/10/2025 13:26:53","2022","山东省"
"4189","4","房地产业","地方政策-山东省人民政府办公厅政策数量","1","17/9/2025 11:10:18","21/10/2025 13:26:52","2022","山东省"
"4190","16","建筑业","地方政策-山东省人民政府办公厅政策数量","1","17/9/2025 11:10:18","21/10/2025 13:26:53","2022","山东省"
"4191","17","交通运输、仓储和邮政业","地方政策-山东省人民政府办公厅政策数量","1","17/9/2025 11:10:18","21/10/2025 13:26:53","2022","山东省"
"4192","8","商业电气机械和器材制造业","地方政策-山东省人民政府办公厅政策数量","1","17/9/2025 11:10:18","21/10/2025 13:26:53","2022","山东省"
"4193","3","信息传输、软件和信息技术服务业","地方政策-山东省人民政府办公厅政策数量","5","17/9/2025 11:10:18","21/10/2025 13:26:52","2022","山东省"
"4194","7","金融业","地方政策-山东省人民政府办公厅政策数量","1","17/9/2025 11:10:18","21/10/2025 13:26:52","2022","山东省"
"4195","2","化学原料和化学制品制造业","地方政策-山东省工业和信息化厅政策数量","1","17/9/2025 11:10:18","21/10/2025 13:26:53","2022","山东省"
"4196","5","专用设备制造业","地方政策-山东省工业和信息化厅政策数量","1","17/9/2025 11:10:18","21/10/2025 13:26:53","2022","山东省"
"4197","18","通用设备制造业","地方政策-山东省工业和信息化厅政策数量","1","17/9/2025 11:10:18","21/10/2025 13:26:53","2022","山东省"
"4198","12","汽车制造业","地方政策-山东省工业和信息化厅政策数量","1","17/9/2025 11:10:18","21/10/2025 13:26:53","2022","山东省"
"4199","19","半导体业","地方政策-山东省工业和信息化厅政策数量","1","17/9/2025 11:10:18","21/10/2025 13:26:53","2022","山东省"
"4200","21","通信传输设备业","地方政策-山东省工业和信息化厅政策数量","1","17/9/2025 11:10:19","21/10/2025 13:26:53","2022","山东省"
"4201","22","非金属矿物制品业","地方政策-山东省工业和信息化厅政策数量","1","17/9/2025 11:10:19","21/10/2025 13:26:53","2022","山东省"
"4202","23","橡胶和塑料制品业","地方政策-山东省工业和信息化厅政策数量","1","17/9/2025 11:10:19","21/10/2025 13:26:53","2022","山东省"
"4203","26","金属制品业","地方政策-山东省工业和信息化厅政策数量","1","17/9/2025 11:10:19","21/10/2025 13:26:53","2022","山东省"
"4204","27","铁路、船舶、航空航天和其他运输设备制造业","地方政策-山东省工业和信息化厅政策数量","1","17/9/2025 11:10:19","21/10/2025 13:26:53","2022","山东省"
"4205","32","仪器仪表制造业","地方政策-山东省工业和信息化厅政策数量","1","17/9/2025 11:10:19","21/10/2025 13:26:53","2022","山东省"
"4206","25","其他制造业","地方政策-山东省工业和信息化厅政策数量","1","17/9/2025 11:10:19","21/10/2025 13:26:53","2022","山东省"
"4207","43","化学纤维制造业","地方政策-山东省工业和信息化厅政策数量","1","17/9/2025 11:10:19","21/10/2025 13:26:53","2022","山东省"
"4208","45","石油加工、炼焦和核燃料加工业","地方政策-山东省工业和信息化厅政策数量","1","17/9/2025 11:10:19","21/10/2025 13:26:53","2022","山东省"
"4209","46","废弃资源综合利用业","地方政策-山东省工业和信息化厅政策数量","1","17/9/2025 11:10:19","21/10/2025 13:26:53","2022","山东省"
"4210","13","电力、热力、燃气及水生产和供应业","地方政策-山东省能源局政策数量","2","17/9/2025 11:10:19","21/10/2025 13:26:53","2022","山东省"
"4211","30","科学研究和技术服务业","地方政策-山东省教育厅政策数量","1","17/9/2025 11:10:19","21/10/2025 13:26:53","2022","山东省"
"4212","28","水利、环境和公共设施管理业","地方政策-山东省人民政府办公厅政策数量","1","17/9/2025 11:10:19","21/10/2025 13:26:52","2022","山东省"
"4213","31","教育","地方政策-山东省人民政府办公厅政策数量","1","17/9/2025 11:10:20","21/10/2025 13:26:53","2022","山东省"
"4214","1","医药制造业","地方政策-山东省人民政府办公厅政策数量","1","17/9/2025 11:10:20","21/10/2025 13:26:53","2022","山东省"
"4215","9","批发和零售业","地方政策-山东省人民政府办公厅政策数量","1","17/9/2025 11:10:20","21/10/2025 13:26:53","2022","山东省"
"4216","27","铁路、船舶、航空航天和其他运输设备制造业","地方政策-山东省人民政府办公厅政策数量","1","17/9/2025 11:10:20","21/10/2025 13:26:53","2022","山东省"
"4217","34","农、林、牧、渔业","地方政策-山东省人民政府办公厅政策数量","1","17/9/2025 11:10:20","21/10/2025 13:26:53","2022","山东省"
"4218",,"互联网和相关服务","地方政策-山东省人民政府办公厅政策数量","3","17/9/2025 11:10:20","17/9/2025 11:10:20","2022","山东省"
"4219","17","交通运输、仓储和邮政业","地方政策-山东省人民政府政策数量","1","17/9/2025 11:10:20","21/10/2025 13:26:53","2022","山东省"
"4220","13","电力、热力、燃气及水生产和供应业","地方政策-山东省人民政府政策数量","1","17/9/2025 11:10:20","21/10/2025 13:26:53","2022","山东省"
"4221","28","水利、环境和公共设施管理业","地方政策-山东省人民政府政策数量","2","17/9/2025 11:10:20","21/10/2025 13:26:52","2022","山东省"
"4222","1","医药制造业","地方政策-山东省发展和改革委员会政策数量","1","17/9/2025 11:10:20","21/10/2025 13:26:53","2022","山东省"
"4223","2","化学原料和化学制品制造业","地方政策-山东省发展和改革委员会政策数量","1","17/9/2025 11:10:20","21/10/2025 13:26:53","2022","山东省"
"4224","3","信息传输、软件和信息技术服务业","地方政策-山东省发展和改革委员会政策数量","1","17/9/2025 11:10:20","21/10/2025 13:26:52","2022","山东省"
"4225","5","专用设备制造业","地方政策-山东省发展和改革委员会政策数量","1","17/9/2025 11:10:20","21/10/2025 13:26:53","2022","山东省"
"4226","7","金融业","地方政策-山东省发展和改革委员会政策数量","1","17/9/2025 11:10:20","21/10/2025 13:26:52","2022","山东省"
"4227","9","批发和零售业","地方政策-山东省发展和改革委员会政策数量","1","17/9/2025 11:10:21","21/10/2025 13:26:53","2022","山东省"
"4228",,"互联网和相关服务","地方政策-山东省发展和改革委员会政策数量","1","17/9/2025 11:10:21","17/9/2025 11:10:21","2022","山东省"
"4229","12","汽车制造业","地方政策-山东省发展和改革委员会政策数量","1","17/9/2025 11:10:21","21/10/2025 13:26:53","2022","山东省"
"4230","13","电力、热力、燃气及水生产和供应业","地方政策-山东省发展和改革委员会政策数量","1","17/9/2025 11:10:21","21/10/2025 13:26:53","2022","山东省"
"4231","15","纺织鞋服业","地方政策-山东省发展和改革委员会政策数量","1","17/9/2025 11:10:21","21/10/2025 13:26:53","2022","山东省"
"4232","17","交通运输、仓储和邮政业","地方政策-山东省发展和改革委员会政策数量","1","17/9/2025 11:10:21","21/10/2025 13:26:53","2022","山东省"
"4233","18","通用设备制造业","地方政策-山东省发展和改革委员会政策数量","1","17/9/2025 11:10:21","21/10/2025 13:26:53","2022","山东省"
"4234","19","半导体业","地方政策-山东省发展和改革委员会政策数量","1","17/9/2025 11:10:21","21/10/2025 13:26:53","2022","山东省"
"4235","21","通信传输设备业","地方政策-山东省发展和改革委员会政策数量","1","17/9/2025 11:10:21","21/10/2025 13:26:53","2022","山东省"
"4236","22","非金属矿物制品业","地方政策-山东省发展和改革委员会政策数量","1","17/9/2025 11:10:21","21/10/2025 13:26:53","2022","山东省"
"4237","23","橡胶和塑料制品业","地方政策-山东省发展和改革委员会政策数量","1","17/9/2025 11:10:21","21/10/2025 13:26:53","2022","山东省"
"4238","26","金属制品业","地方政策-山东省发展和改革委员会政策数量","1","17/9/2025 11:10:21","21/10/2025 13:26:53","2022","山东省"
"4239","27","铁路、船舶、航空航天和其他运输设备制造业","地方政策-山东省发展和改革委员会政策数量","1","17/9/2025 11:10:21","21/10/2025 13:26:53","2022","山东省"
"4240","28","水利、环境和公共设施管理业","地方政策-山东省发展和改革委员会政策数量","1","17/9/2025 11:10:22","21/10/2025 13:26:52","2022","山东省"
"4241","29","金属冶炼和压延加工业","地方政策-山东省发展和改革委员会政策数量","1","17/9/2025 11:10:22","21/10/2025 13:26:53","2022","山东省"
"4242","30","科学研究和技术服务业","地方政策-山东省发展和改革委员会政策数量","1","17/9/2025 11:10:22","21/10/2025 13:26:53","2022","山东省"
"4243","32","仪器仪表制造业","地方政策-山东省发展和改革委员会政策数量","1","17/9/2025 11:10:22","21/10/2025 13:26:53","2022","山东省"
"4244","33","文化、体育和娱乐业","地方政策-山东省发展和改革委员会政策数量","1","17/9/2025 11:10:22","21/10/2025 13:26:53","2022","山东省"
"4245","34","农、林、牧、渔业","地方政策-山东省发展和改革委员会政策数量","1","17/9/2025 11:10:22","21/10/2025 13:26:53","2022","山东省"
"4246","35","卫生和社会工作","地方政策-山东省发展和改革委员会政策数量","1","17/9/2025 11:10:22","21/10/2025 13:26:53","2022","山东省"
"4247","36","造纸和纸制品业","地方政策-山东省发展和改革委员会政策数量","1","17/9/2025 11:10:22","21/10/2025 13:26:53","2022","山东省"
"4248","37","住宿和餐饮业","地方政策-山东省发展和改革委员会政策数量","1","17/9/2025 11:10:22","21/10/2025 13:26:53","2022","山东省"
"4249","38","家具制造业","地方政策-山东省发展和改革委员会政策数量","1","17/9/2025 11:10:22","21/10/2025 13:26:53","2022","山东省"
"4250","39","印刷和记录媒介复制业","地方政策-山东省发展和改革委员会政策数量","1","17/9/2025 11:10:22","21/10/2025 13:26:53","2022","山东省"
"4251","41","文教、工美、体育和娱乐用品制造业","地方政策-山东省发展和改革委员会政策数量","1","17/9/2025 11:10:22","21/10/2025 13:26:53","2022","山东省"
"4252",,"电信、广播电视和卫星传输服务","地方政策-山东省发展和改革委员会政策数量","1","17/9/2025 11:10:22","17/9/2025 11:10:22","2022","山东省"
"4253","43","化学纤维制造业","地方政策-山东省发展和改革委员会政策数量","1","17/9/2025 11:10:22","21/10/2025 13:26:53","2022","山东省"
"4254",,"开采辅助活动","地方政策-山东省发展和改革委员会政策数量","1","17/9/2025 11:10:22","17/9/2025 11:10:22","2022","山东省"
"4255","45","石油加工、炼焦和核燃料加工业","地方政策-山东省发展和改革委员会政策数量","1","17/9/2025 11:10:22","21/10/2025 13:26:53","2022","山东省"
"4256","46","废弃资源综合利用业","地方政策-山东省发展和改革委员会政策数量","1","17/9/2025 11:10:22","21/10/2025 13:26:53","2022","山东省"
"4257","47","木材加工和木、竹、藤、棕、草制品业","地方政策-山东省发展和改革委员会政策数量","1","17/9/2025 11:10:22","21/10/2025 13:26:53","2022","山东省"
"4258","48","居民服务、修理和其他服务业","地方政策-山东省发展和改革委员会政策数量","1","17/9/2025 11:10:22","21/10/2025 13:26:53","2022","山东省"
"4259","30","科学研究和技术服务业","地方政策-山东省科学技术厅政策数量","2","17/9/2025 11:10:22","21/10/2025 13:26:53","2022","山东省"
"4260","3","信息传输、软件和信息技术服务业","地方政策-山东省科学技术厅政策数量","1","17/9/2025 11:10:22","21/10/2025 13:26:52","2022","山东省"
"4261",,"电信、广播电视和卫星传输服务","地方政策-山东省人民政府办公厅政策数量","1","17/9/2025 11:10:23","17/9/2025 11:10:23","2022","山东省"
"4262","32","仪器仪表制造业","地方政策-山东省人民政府政策数量","1","17/9/2025 11:10:23","21/10/2025 13:26:53","2022","山东省"
"4263","21","通信传输设备业","地方政策-山东省人民政府办公厅政策数量","1","17/9/2025 11:10:23","21/10/2025 13:26:53","2022","山东省"
"4264","3","信息传输、软件和信息技术服务业","地方政策-山东省人民政府政策数量","1","17/9/2025 11:10:23","21/10/2025 13:26:52","2022","山东省"
"4265",,"互联网和相关服务","地方政策-山东省人民政府政策数量","1","17/9/2025 11:10:23","17/9/2025 11:10:23","2022","山东省"
"4266","21","通信传输设备业","地方政策-山东省人民政府政策数量","1","17/9/2025 11:10:23","21/10/2025 13:26:53","2022","山东省"
"4267","3","信息传输、软件和信息技术服务业","地方政策-山东省工业和信息化厅政策数量","1","17/9/2025 11:10:23","21/10/2025 13:26:52","2022","山东省"
"4268",,"互联网和相关服务","地方政策-山东省工业和信息化厅政策数量","1","17/9/2025 11:10:23","17/9/2025 11:10:23","2022","山东省"
"4269",,"电信、广播电视和卫星传输服务","地方政策-山东省工业和信息化厅政策数量","1","17/9/2025 11:10:23","17/9/2025 11:10:23","2022","山东省"
"4270","30","科学研究和技术服务业","地方政策-山东省人民政府政策数量","1","17/9/2025 11:10:23","21/10/2025 13:26:53","2022","山东省"
"4271","12","汽车制造业","地方政策-青岛市人民政府办公厅政策数量","1","17/9/2025 11:10:23","21/10/2025 13:26:53","2022","山东省"
"4272","3","信息传输、软件和信息技术服务业","地方政策-青岛市人民政府办公厅政策数量","1","17/9/2025 11:10:24","21/10/2025 13:26:52","2022","山东省"
"4273","30","科学研究和技术服务业","地方政策-青岛市人民政府办公厅政策数量","1","17/9/2025 11:10:24","21/10/2025 13:26:53","2022","山东省"
"4274",,,"发布政策数量","14","17/9/2025 11:10:24","17/9/2025 11:10:24","2022","湖南省"
"4275",,,"地方政策政策数量","14","17/9/2025 11:10:24","17/9/2025 11:10:24","2022","湖南省"
"4276",,,"湖南省人民政府办公厅发布政策数量","3","17/9/2025 11:10:24","17/9/2025 11:10:24","2022","湖南省"
"4277",,,"湖南省工业和信息化厅发布政策数量","3","17/9/2025 11:10:24","17/9/2025 11:10:24","2022","湖南省"
"4278",,,"湖南省发展和改革委员会发布政策数量","3","17/9/2025 11:10:24","17/9/2025 11:10:24","2022","湖南省"
"4279",,,"湖南省教育厅发布政策数量","1","17/9/2025 11:10:24","17/9/2025 11:10:24","2022","湖南省"
"4280",,,"湖南省财政厅发布政策数量","1","17/9/2025 11:10:24","17/9/2025 11:10:24","2022","湖南省"
"4281",,,"湖南省人力资源和社会保障厅发布政策数量","2","17/9/2025 11:10:25","17/9/2025 11:10:25","2022","湖南省"
"4282",,,"湖南省文化和旅游厅发布政策数量","1","17/9/2025 11:10:25","17/9/2025 11:10:25","2022","湖南省"
"4283",,,"湖南省人民政府国有资产监督管理委员会发布政策数量","1","17/9/2025 11:10:25","17/9/2025 11:10:25","2022","湖南省"
"4284",,,"湖南省文物局发布政策数量","1","17/9/2025 11:10:25","17/9/2025 11:10:25","2022","湖南省"
"4285",,,"湖南省第十三届人民代表大会常务委员会发布政策数量","1","17/9/2025 11:10:25","17/9/2025 11:10:25","2022","湖南省"
"4286",,,"湖南省市场监督管理局发布政策数量","1","17/9/2025 11:10:25","17/9/2025 11:10:25","2022","湖南省"
"4287",,,"湖南省工业和信息化厅   发布政策数量","1","17/9/2025 11:10:25","17/9/2025 11:10:25","2022","湖南省"
"4288",,,"海南省工业和信息化厅发布政策数量","1","17/9/2025 11:10:25","17/9/2025 11:10:25","2022","湖南省"
"4289",,,"湖南省人民政府发布政策数量","2","17/9/2025 11:10:25","17/9/2025 11:10:25","2022","湖南省"
"4290",,,"国家知识产权局发布政策数量","1","17/9/2025 11:10:25","17/9/2025 11:10:25","2022","湖南省"
"4291",,,"湖南省能源局发布政策数量","2","17/9/2025 11:10:25","17/9/2025 11:10:25","2022","湖南省"
"4292",,,"湖南省科学技术厅发布政策数量","2","17/9/2025 11:10:25","17/9/2025 11:10:25","2022","湖南省"
"4293",,,"湖南省生态环境厅发布政策数量","1","17/9/2025 11:10:25","17/9/2025 11:10:25","2022","湖南省"
"4294",,,"湖南省住房和城乡建设厅发布政策数量","1","17/9/2025 11:10:25","17/9/2025 11:10:25","2022","湖南省"
"4295",,,"湖南省交通运输厅发布政策数量","1","17/9/2025 11:10:25","17/9/2025 11:10:25","2022","湖南省"
"4296","30","科学研究和技术服务业","政策数量","7","17/9/2025 11:10:26","21/10/2025 13:26:53","2022","湖南省"
"4297","3","信息传输、软件和信息技术服务业","政策数量","6","17/9/2025 11:10:26","21/10/2025 13:26:52","2022","湖南省"
"4298","5","专用设备制造业","政策数量","5","17/9/2025 11:10:26","21/10/2025 13:26:53","2022","湖南省"
"4299","12","汽车制造业","政策数量","5","17/9/2025 11:10:26","21/10/2025 13:26:53","2022","湖南省"
"4300","27","铁路、船舶、航空航天和其他运输设备制造业","政策数量","5","17/9/2025 11:10:26","21/10/2025 13:26:53","2022","湖南省"
"4301","2","化学原料和化学制品制造业","政策数量","5","17/9/2025 11:10:26","21/10/2025 13:26:53","2022","湖南省"
"4302","13","电力、热力、燃气及水生产和供应业","政策数量","4","17/9/2025 11:10:26","21/10/2025 13:26:53","2022","湖南省"
"4303","22","非金属矿物制品业","政策数量","4","17/9/2025 11:10:26","21/10/2025 13:26:53","2022","湖南省"
"4304","32","仪器仪表制造业","政策数量","4","17/9/2025 11:10:26","21/10/2025 13:26:53","2022","湖南省"
"4305","29","金属冶炼和压延加工业","政策数量","4","17/9/2025 11:10:27","21/10/2025 13:26:53","2022","湖南省"
"4306","18","通用设备制造业","政策数量","3","17/9/2025 11:10:27","21/10/2025 13:26:53","2022","湖南省"
"4307","17","交通运输、仓储和邮政业","政策数量","3","17/9/2025 11:10:27","21/10/2025 13:26:53","2022","湖南省"
"4308","28","水利、环境和公共设施管理业","政策数量","3","17/9/2025 11:10:27","21/10/2025 13:26:52","2022","湖南省"
"4309","33","文化、体育和娱乐业","政策数量","3","17/9/2025 11:10:27","21/10/2025 13:26:53","2022","湖南省"
"4310",,"互联网和相关服务","政策数量","3","17/9/2025 11:10:27","17/9/2025 11:10:27","2022","湖南省"
"4311","23","橡胶和塑料制品业","政策数量","3","17/9/2025 11:10:27","21/10/2025 13:26:53","2022","湖南省"
"4312","25","其他制造业","政策数量","3","17/9/2025 11:10:27","21/10/2025 13:26:53","2022","湖南省"
"4313","20","租赁和商务服务业","政策数量","2","17/9/2025 11:10:27","21/10/2025 13:26:53","2022","湖南省"
"4314","16","建筑业","政策数量","2","17/9/2025 11:10:27","21/10/2025 13:26:53","2022","湖南省"
"4315","21","通信传输设备业","政策数量","2","17/9/2025 11:10:28","21/10/2025 13:26:53","2022","湖南省"
"4316","34","农、林、牧、渔业","政策数量","2","17/9/2025 11:10:28","21/10/2025 13:26:53","2022","湖南省"
"4317","35","卫生和社会工作","政策数量","2","17/9/2025 11:10:28","21/10/2025 13:26:53","2022","湖南省"
"4318","1","医药制造业","政策数量","2","17/9/2025 11:10:28","21/10/2025 13:26:53","2022","湖南省"
"4319","36","造纸和纸制品业","政策数量","2","17/9/2025 11:10:28","21/10/2025 13:26:53","2022","湖南省"
"4320",,"电气机械和器材制造业","政策数量","2","17/9/2025 11:10:28","17/9/2025 11:10:28","2022","湖南省"
"4321","31","教育","政策数量","2","17/9/2025 11:10:28","21/10/2025 13:26:53","2022","湖南省"
"4322","48","居民服务、修理和其他服务业","政策数量","2","17/9/2025 11:10:28","21/10/2025 13:26:53","2022","湖南省"
"4323","26","金属制品业","政策数量","2","17/9/2025 11:10:28","21/10/2025 13:26:53","2022","湖南省"
"4324","45","石油加工、炼焦和核燃料加工业","政策数量","2","17/9/2025 11:10:28","21/10/2025 13:26:53","2022","湖南省"
"4325","7","金融业","政策数量","2","17/9/2025 11:10:28","21/10/2025 13:26:52","2022","湖南省"
"4326","9","批发和零售业","政策数量","2","17/9/2025 11:10:28","21/10/2025 13:26:53","2022","湖南省"
"4327","46","废弃资源综合利用业","政策数量","1","17/9/2025 11:10:29","21/10/2025 13:26:53","2022","湖南省"
"4328","4","房地产业","政策数量","1","17/9/2025 11:10:29","21/10/2025 13:26:52","2022","湖南省"
"4329",,"开采辅助活动","政策数量","1","17/9/2025 11:10:29","17/9/2025 11:10:29","2022","湖南省"
"4330","14","采矿业","政策数量","1","17/9/2025 11:10:29","21/10/2025 13:26:53","2022","湖南省"
"4331","47","木材加工和木、竹、藤、棕、草制品业","政策数量","1","17/9/2025 11:10:29","21/10/2025 13:26:53","2022","湖南省"
"4332","24","综合","政策数量","1","17/9/2025 11:10:29","21/10/2025 13:26:53","2022","湖南省"
"4333",,"制造业","政策数量","1","17/9/2025 11:10:29","17/9/2025 11:10:29","2022","湖南省"
"4334","39","印刷和记录媒介复制业","政策数量","1","17/9/2025 11:10:29","21/10/2025 13:26:53","2022","湖南省"
"4335",,"计算机、通信和其他电子设备制造业","政策数量","1","17/9/2025 11:10:29","17/9/2025 11:10:29","2022","湖南省"
"4336","19","半导体业","政策数量","1","17/9/2025 11:10:29","21/10/2025 13:26:53","2022","湖南省"
"4337","38","家具制造业","政策数量","1","17/9/2025 11:10:29","21/10/2025 13:26:53","2022","湖南省"
"4338",,"电信、广播电视和卫星传输服务","政策数量","1","17/9/2025 11:10:29","17/9/2025 11:10:29","2022","湖南省"
"4339","10","食品饮料业","政策数量","1","17/9/2025 11:10:30","21/10/2025 13:26:53","2022","湖南省"
"4340","37","住宿和餐饮业","政策数量","1","17/9/2025 11:10:30","21/10/2025 13:26:53","2022","湖南省"
"4341","15","纺织鞋服业","政策数量","1","17/9/2025 11:10:30","21/10/2025 13:26:53","2022","湖南省"
"4342",,,"地方政策-湖南省人民政府办公厅政策数量","3","17/9/2025 11:10:30","17/9/2025 11:10:30","2022","湖南省"
"4343",,,"地方政策-湖南省工业和信息化厅政策数量","3","17/9/2025 11:10:30","17/9/2025 11:10:30","2022","湖南省"
"4344",,,"地方政策-湖南省发展和改革委员会政策数量","3","17/9/2025 11:10:30","17/9/2025 11:10:30","2022","湖南省"
"4345",,,"地方政策-湖南省教育厅政策数量","1","17/9/2025 11:10:30","17/9/2025 11:10:30","2022","湖南省"
"4346",,,"地方政策-湖南省财政厅政策数量","1","17/9/2025 11:10:30","17/9/2025 11:10:30","2022","湖南省"
"4347",,,"地方政策-湖南省人力资源和社会保障厅政策数量","2","17/9/2025 11:10:30","17/9/2025 11:10:30","2022","湖南省"
"4348",,,"地方政策-湖南省文化和旅游厅政策数量","1","17/9/2025 11:10:30","17/9/2025 11:10:30","2022","湖南省"
"4349",,,"地方政策-湖南省人民政府国有资产监督管理委员会政策数量","1","17/9/2025 11:10:30","17/9/2025 11:10:30","2022","湖南省"
"4350",,,"地方政策-湖南省文物局政策数量","1","17/9/2025 11:10:30","17/9/2025 11:10:30","2022","湖南省"
"4351",,,"地方政策-湖南省第十三届人民代表大会常务委员会政策数量","1","17/9/2025 11:10:30","17/9/2025 11:10:30","2022","湖南省"
"4352",,,"地方政策-湖南省市场监督管理局政策数量","1","17/9/2025 11:10:31","17/9/2025 11:10:31","2022","湖南省"
"4353",,,"地方政策-湖南省工业和信息化厅   政策数量","1","17/9/2025 11:10:31","17/9/2025 11:10:31","2022","湖南省"
"4354",,,"地方政策-海南省工业和信息化厅政策数量","1","17/9/2025 11:10:31","17/9/2025 11:10:31","2022","湖南省"
"4355",,,"地方政策-湖南省人民政府政策数量","2","17/9/2025 11:10:31","17/9/2025 11:10:31","2022","湖南省"
"4356",,,"地方政策-国家知识产权局政策数量","1","17/9/2025 11:10:31","17/9/2025 11:10:31","2022","湖南省"
"4357",,,"地方政策-湖南省能源局政策数量","2","17/9/2025 11:10:31","17/9/2025 11:10:31","2022","湖南省"
"4358",,,"地方政策-湖南省科学技术厅政策数量","2","17/9/2025 11:10:31","17/9/2025 11:10:31","2022","湖南省"
"4359",,,"地方政策-湖南省生态环境厅政策数量","1","17/9/2025 11:10:31","17/9/2025 11:10:31","2022","湖南省"
"4360",,,"地方政策-湖南省住房和城乡建设厅政策数量","1","17/9/2025 11:10:31","17/9/2025 11:10:31","2022","湖南省"
"4361",,,"地方政策-湖南省交通运输厅政策数量","1","17/9/2025 11:10:31","17/9/2025 11:10:31","2022","湖南省"
"4362","2","化学原料和化学制品制造业","地方政策政策数量","5","17/9/2025 11:10:31","21/10/2025 13:26:53","2022","湖南省"
"4363","45","石油加工、炼焦和核燃料加工业","地方政策政策数量","2","17/9/2025 11:10:31","21/10/2025 13:26:53","2022","湖南省"
"4364","22","非金属矿物制品业","地方政策政策数量","4","17/9/2025 11:10:31","21/10/2025 13:26:53","2022","湖南省"
"4365","29","金属冶炼和压延加工业","地方政策政策数量","4","17/9/2025 11:10:31","21/10/2025 13:26:53","2022","湖南省"
"4366","13","电力、热力、燃气及水生产和供应业","地方政策政策数量","4","17/9/2025 11:10:31","21/10/2025 13:26:53","2022","湖南省"
"4367","17","交通运输、仓储和邮政业","地方政策政策数量","3","17/9/2025 11:10:31","21/10/2025 13:26:53","2022","湖南省"
"4368","16","建筑业","地方政策政策数量","2","17/9/2025 11:10:31","21/10/2025 13:26:53","2022","湖南省"
"4369","34","农、林、牧、渔业","地方政策政策数量","2","17/9/2025 11:10:31","21/10/2025 13:26:53","2022","湖南省"
"4370","36","造纸和纸制品业","地方政策政策数量","2","17/9/2025 11:10:31","21/10/2025 13:26:53","2022","湖南省"
"4371","39","印刷和记录媒介复制业","地方政策政策数量","1","17/9/2025 11:10:32","21/10/2025 13:26:53","2022","湖南省"
"4372","38","家具制造业","地方政策政策数量","1","17/9/2025 11:10:32","21/10/2025 13:26:53","2022","湖南省"
"4373","23","橡胶和塑料制品业","地方政策政策数量","3","17/9/2025 11:10:32","21/10/2025 13:26:53","2022","湖南省"
"4374","18","通用设备制造业","地方政策政策数量","3","17/9/2025 11:10:32","21/10/2025 13:26:53","2022","湖南省"
"4375","5","专用设备制造业","地方政策政策数量","5","17/9/2025 11:10:32","21/10/2025 13:26:53","2022","湖南省"
"4376","12","汽车制造业","地方政策政策数量","5","17/9/2025 11:10:32","21/10/2025 13:26:53","2022","湖南省"
"4377","27","铁路、船舶、航空航天和其他运输设备制造业","地方政策政策数量","5","17/9/2025 11:10:32","21/10/2025 13:26:53","2022","湖南省"
"4378",,"电气机械和器材制造业","地方政策政策数量","2","17/9/2025 11:10:32","17/9/2025 11:10:32","2022","湖南省"
"4379",,"计算机、通信和其他电子设备制造业","地方政策政策数量","1","17/9/2025 11:10:32","17/9/2025 11:10:32","2022","湖南省"
"4380","32","仪器仪表制造业","地方政策政策数量","4","17/9/2025 11:10:32","21/10/2025 13:26:53","2022","湖南省"
"4381","25","其他制造业","地方政策政策数量","3","17/9/2025 11:10:32","21/10/2025 13:26:53","2022","湖南省"
"4382","46","废弃资源综合利用业","地方政策政策数量","1","17/9/2025 11:10:32","21/10/2025 13:26:53","2022","湖南省"
"4383","47","木材加工和木、竹、藤、棕、草制品业","地方政策政策数量","1","17/9/2025 11:10:32","21/10/2025 13:26:53","2022","湖南省"
"4384","28","水利、环境和公共设施管理业","地方政策政策数量","3","17/9/2025 11:10:32","21/10/2025 13:26:52","2022","湖南省"
"4385","35","卫生和社会工作","地方政策政策数量","2","17/9/2025 11:10:32","21/10/2025 13:26:53","2022","湖南省"
"4386","31","教育","地方政策政策数量","2","17/9/2025 11:10:32","21/10/2025 13:26:53","2022","湖南省"
"4387","7","金融业","地方政策政策数量","2","17/9/2025 11:10:32","21/10/2025 13:26:52","2022","湖南省"
"4388","9","批发和零售业","地方政策政策数量","2","17/9/2025 11:10:33","21/10/2025 13:26:53","2022","湖南省"
"4389","37","住宿和餐饮业","地方政策政策数量","1","17/9/2025 11:10:33","21/10/2025 13:26:53","2022","湖南省"
"4390","4","房地产业","地方政策政策数量","1","17/9/2025 11:10:33","21/10/2025 13:26:52","2022","湖南省"
"4391","20","租赁和商务服务业","地方政策政策数量","2","17/9/2025 11:10:33","21/10/2025 13:26:53","2022","湖南省"
"4392","30","科学研究和技术服务业","地方政策政策数量","7","17/9/2025 11:10:33","21/10/2025 13:26:53","2022","湖南省"
"4393","33","文化、体育和娱乐业","地方政策政策数量","3","17/9/2025 11:10:33","21/10/2025 13:26:53","2022","湖南省"
"4394","48","居民服务、修理和其他服务业","地方政策政策数量","2","17/9/2025 11:10:33","21/10/2025 13:26:53","2022","湖南省"
"4395",,"互联网和相关服务","地方政策政策数量","3","17/9/2025 11:10:33","17/9/2025 11:10:33","2022","湖南省"
"4396",,"电信、广播电视和卫星传输服务","地方政策政策数量","1","17/9/2025 11:10:33","17/9/2025 11:10:33","2022","湖南省"
"4397","3","信息传输、软件和信息技术服务业","地方政策政策数量","6","17/9/2025 11:10:33","21/10/2025 13:26:52","2022","湖南省"
"4398",,"开采辅助活动","地方政策政策数量","1","17/9/2025 11:10:33","17/9/2025 11:10:33","2022","湖南省"
"4399","24","综合","地方政策政策数量","1","17/9/2025 11:10:33","21/10/2025 13:26:53","2022","湖南省"
"4400","21","通信传输设备业","地方政策政策数量","2","17/9/2025 11:10:33","21/10/2025 13:26:53","2022","湖南省"
"4401","1","医药制造业","地方政策政策数量","2","17/9/2025 11:10:33","21/10/2025 13:26:53","2022","湖南省"
"4402","26","金属制品业","地方政策政策数量","2","17/9/2025 11:10:33","21/10/2025 13:26:53","2022","湖南省"
"4403","19","半导体业","地方政策政策数量","1","17/9/2025 11:10:33","21/10/2025 13:26:53","2022","湖南省"
"4404","10","食品饮料业","地方政策政策数量","1","17/9/2025 11:10:33","21/10/2025 13:26:53","2022","湖南省"
"4405","15","纺织鞋服业","地方政策政策数量","1","17/9/2025 11:10:33","21/10/2025 13:26:53","2022","湖南省"
"4406","14","采矿业","地方政策政策数量","1","17/9/2025 11:10:33","21/10/2025 13:26:53","2022","湖南省"
"4407",,"制造业","地方政策政策数量","1","17/9/2025 11:10:33","17/9/2025 11:10:33","2022","湖南省"
"4408","2","化学原料和化学制品制造业","地方政策-湖南省人民政府办公厅政策数量","1","17/9/2025 11:10:34","21/10/2025 13:26:53","2022","湖南省"
"4409","45","石油加工、炼焦和核燃料加工业","地方政策-湖南省人民政府办公厅政策数量","1","17/9/2025 11:10:34","21/10/2025 13:26:53","2022","湖南省"
"4410","22","非金属矿物制品业","地方政策-湖南省人民政府办公厅政策数量","1","17/9/2025 11:10:34","21/10/2025 13:26:53","2022","湖南省"
"4411","29","金属冶炼和压延加工业","地方政策-湖南省人民政府办公厅政策数量","1","17/9/2025 11:10:34","21/10/2025 13:26:53","2022","湖南省"
"4412","13","电力、热力、燃气及水生产和供应业","地方政策-湖南省人民政府办公厅政策数量","1","17/9/2025 11:10:34","21/10/2025 13:26:53","2022","湖南省"
"4413","17","交通运输、仓储和邮政业","地方政策-湖南省人民政府办公厅政策数量","1","17/9/2025 11:10:34","21/10/2025 13:26:53","2022","湖南省"
"4414","16","建筑业","地方政策-湖南省人民政府办公厅政策数量","1","17/9/2025 11:10:34","21/10/2025 13:26:53","2022","湖南省"
"4415","34","农、林、牧、渔业","地方政策-湖南省人民政府办公厅政策数量","1","17/9/2025 11:10:34","21/10/2025 13:26:53","2022","湖南省"
"4416","36","造纸和纸制品业","地方政策-湖南省人民政府办公厅政策数量","1","17/9/2025 11:10:34","21/10/2025 13:26:53","2022","湖南省"
"4417","39","印刷和记录媒介复制业","地方政策-湖南省人民政府办公厅政策数量","1","17/9/2025 11:10:34","21/10/2025 13:26:53","2022","湖南省"
"4418","38","家具制造业","地方政策-湖南省人民政府办公厅政策数量","1","17/9/2025 11:10:34","21/10/2025 13:26:53","2022","湖南省"
"4419","23","橡胶和塑料制品业","地方政策-湖南省人民政府办公厅政策数量","1","17/9/2025 11:10:34","21/10/2025 13:26:53","2022","湖南省"
"4420","18","通用设备制造业","地方政策-湖南省人民政府办公厅政策数量","1","17/9/2025 11:10:34","21/10/2025 13:26:53","2022","湖南省"
"4421","5","专用设备制造业","地方政策-湖南省人民政府办公厅政策数量","1","17/9/2025 11:10:34","21/10/2025 13:26:53","2022","湖南省"
"4422","12","汽车制造业","地方政策-湖南省人民政府办公厅政策数量","1","17/9/2025 11:10:34","21/10/2025 13:26:53","2022","湖南省"
"4423","27","铁路、船舶、航空航天和其他运输设备制造业","地方政策-湖南省人民政府办公厅政策数量","1","17/9/2025 11:10:34","21/10/2025 13:26:53","2022","湖南省"
"4424",,"电气机械和器材制造业","地方政策-湖南省人民政府办公厅政策数量","1","17/9/2025 11:10:34","17/9/2025 11:10:34","2022","湖南省"
"4425",,"计算机、通信和其他电子设备制造业","地方政策-湖南省人民政府办公厅政策数量","1","17/9/2025 11:10:35","17/9/2025 11:10:35","2022","湖南省"
"4426","32","仪器仪表制造业","地方政策-湖南省人民政府办公厅政策数量","2","17/9/2025 11:10:35","21/10/2025 13:26:53","2022","湖南省"
"4427","25","其他制造业","地方政策-湖南省人民政府办公厅政策数量","1","17/9/2025 11:10:35","21/10/2025 13:26:53","2022","湖南省"
"4428","46","废弃资源综合利用业","地方政策-湖南省人民政府办公厅政策数量","1","17/9/2025 11:10:35","21/10/2025 13:26:53","2022","湖南省"
"4429","47","木材加工和木、竹、藤、棕、草制品业","地方政策-湖南省人民政府办公厅政策数量","1","17/9/2025 11:10:35","21/10/2025 13:26:53","2022","湖南省"
"4430","28","水利、环境和公共设施管理业","地方政策-湖南省人民政府办公厅政策数量","1","17/9/2025 11:10:35","21/10/2025 13:26:52","2022","湖南省"
"4431","35","卫生和社会工作","地方政策-湖南省人民政府办公厅政策数量","1","17/9/2025 11:10:35","21/10/2025 13:26:53","2022","湖南省"
"4432","31","教育","地方政策-湖南省人民政府办公厅政策数量","1","17/9/2025 11:10:35","21/10/2025 13:26:53","2022","湖南省"
"4433","7","金融业","地方政策-湖南省人民政府办公厅政策数量","1","17/9/2025 11:10:35","21/10/2025 13:26:52","2022","湖南省"
"4434","9","批发和零售业","地方政策-湖南省人民政府办公厅政策数量","1","17/9/2025 11:10:35","21/10/2025 13:26:53","2022","湖南省"
"4435","37","住宿和餐饮业","地方政策-湖南省人民政府办公厅政策数量","1","17/9/2025 11:10:35","21/10/2025 13:26:53","2022","湖南省"
"4436","4","房地产业","地方政策-湖南省人民政府办公厅政策数量","1","17/9/2025 11:10:35","21/10/2025 13:26:52","2022","湖南省"
"4437","20","租赁和商务服务业","地方政策-湖南省人民政府办公厅政策数量","1","17/9/2025 11:10:35","21/10/2025 13:26:53","2022","湖南省"
"4438","30","科学研究和技术服务业","地方政策-湖南省人民政府办公厅政策数量","1","17/9/2025 11:10:35","21/10/2025 13:26:53","2022","湖南省"
"4439","33","文化、体育和娱乐业","地方政策-湖南省人民政府办公厅政策数量","1","17/9/2025 11:10:35","21/10/2025 13:26:53","2022","湖南省"
"4440","48","居民服务、修理和其他服务业","地方政策-湖南省人民政府办公厅政策数量","1","17/9/2025 11:10:35","21/10/2025 13:26:53","2022","湖南省"
"4441",,"互联网和相关服务","地方政策-湖南省人民政府办公厅政策数量","1","17/9/2025 11:10:35","17/9/2025 11:10:35","2022","湖南省"
"4442",,"电信、广播电视和卫星传输服务","地方政策-湖南省人民政府办公厅政策数量","1","17/9/2025 11:10:35","17/9/2025 11:10:35","2022","湖南省"
"4443","3","信息传输、软件和信息技术服务业","地方政策-湖南省人民政府办公厅政策数量","1","17/9/2025 11:10:35","21/10/2025 13:26:52","2022","湖南省"
"4444",,"开采辅助活动","地方政策-湖南省人民政府办公厅政策数量","1","17/9/2025 11:10:36","17/9/2025 11:10:36","2022","湖南省"
"4445","24","综合","地方政策-湖南省人民政府办公厅政策数量","1","17/9/2025 11:10:36","21/10/2025 13:26:53","2022","湖南省"
"4446","33","文化、体育和娱乐业","地方政策-湖南省工业和信息化厅政策数量","1","17/9/2025 11:10:36","21/10/2025 13:26:53","2022","湖南省"
"4447","33","文化、体育和娱乐业","地方政策-湖南省发展和改革委员会政策数量","1","17/9/2025 11:10:36","21/10/2025 13:26:53","2022","湖南省"
"4448","33","文化、体育和娱乐业","地方政策-湖南省教育厅政策数量","1","17/9/2025 11:10:36","21/10/2025 13:26:53","2022","湖南省"
"4449","33","文化、体育和娱乐业","地方政策-湖南省财政厅政策数量","1","17/9/2025 11:10:36","21/10/2025 13:26:53","2022","湖南省"
"4450","33","文化、体育和娱乐业","地方政策-湖南省人力资源和社会保障厅政策数量","1","17/9/2025 11:10:36","21/10/2025 13:26:53","2022","湖南省"
"4451","33","文化、体育和娱乐业","地方政策-湖南省文化和旅游厅政策数量","1","17/9/2025 11:10:36","21/10/2025 13:26:53","2022","湖南省"
"4452","33","文化、体育和娱乐业","地方政策-湖南省人民政府国有资产监督管理委员会政策数量","1","17/9/2025 11:10:36","21/10/2025 13:26:53","2022","湖南省"
"4453","33","文化、体育和娱乐业","地方政策-湖南省文物局政策数量","1","17/9/2025 11:10:36","21/10/2025 13:26:53","2022","湖南省"
"4454","3","信息传输、软件和信息技术服务业","地方政策-湖南省人力资源和社会保障厅政策数量","1","17/9/2025 11:10:36","21/10/2025 13:26:52","2022","湖南省"
"4455",,"互联网和相关服务","地方政策-湖南省人力资源和社会保障厅政策数量","1","17/9/2025 11:10:36","17/9/2025 11:10:36","2022","湖南省"
"4456","21","通信传输设备业","地方政策-湖南省人力资源和社会保障厅政策数量","1","17/9/2025 11:10:36","21/10/2025 13:26:53","2022","湖南省"
"4457","30","科学研究和技术服务业","地方政策-湖南省人力资源和社会保障厅政策数量","1","17/9/2025 11:10:36","21/10/2025 13:26:53","2022","湖南省"
"4458","3","信息传输、软件和信息技术服务业","地方政策-湖南省工业和信息化厅政策数量","1","17/9/2025 11:10:36","21/10/2025 13:26:52","2022","湖南省"
"4459",,"互联网和相关服务","地方政策-湖南省工业和信息化厅政策数量","1","17/9/2025 11:10:36","17/9/2025 11:10:36","2022","湖南省"
"4460","21","通信传输设备业","地方政策-湖南省工业和信息化厅政策数量","1","17/9/2025 11:10:36","21/10/2025 13:26:53","2022","湖南省"
"4461","30","科学研究和技术服务业","地方政策-湖南省工业和信息化厅政策数量","1","17/9/2025 11:10:36","21/10/2025 13:26:53","2022","湖南省"
"4462","5","专用设备制造业","地方政策-湖南省第十三届人民代表大会常务委员会政策数量","1","17/9/2025 11:10:36","21/10/2025 13:26:53","2022","湖南省"
"4463","27","铁路、船舶、航空航天和其他运输设备制造业","地方政策-湖南省第十三届人民代表大会常务委员会政策数量","1","17/9/2025 11:10:37","21/10/2025 13:26:53","2022","湖南省"
"4464","3","信息传输、软件和信息技术服务业","地方政策-湖南省第十三届人民代表大会常务委员会政策数量","1","17/9/2025 11:10:37","21/10/2025 13:26:52","2022","湖南省"
"4465","12","汽车制造业","地方政策-湖南省第十三届人民代表大会常务委员会政策数量","1","17/9/2025 11:10:37","21/10/2025 13:26:53","2022","湖南省"
"4466","29","金属冶炼和压延加工业","地方政策-湖南省第十三届人民代表大会常务委员会政策数量","1","17/9/2025 11:10:37","21/10/2025 13:26:53","2022","湖南省"
"4467","1","医药制造业","地方政策-湖南省第十三届人民代表大会常务委员会政策数量","1","17/9/2025 11:10:37","21/10/2025 13:26:53","2022","湖南省"
"4468","32","仪器仪表制造业","地方政策-湖南省第十三届人民代表大会常务委员会政策数量","1","17/9/2025 11:10:37","21/10/2025 13:26:53","2022","湖南省"
"4469","2","化学原料和化学制品制造业","地方政策-湖南省第十三届人民代表大会常务委员会政策数量","1","17/9/2025 11:10:37","21/10/2025 13:26:53","2022","湖南省"
"4470","22","非金属矿物制品业","地方政策-湖南省第十三届人民代表大会常务委员会政策数量","1","17/9/2025 11:10:37","21/10/2025 13:26:53","2022","湖南省"
"4471","23","橡胶和塑料制品业","地方政策-湖南省第十三届人民代表大会常务委员会政策数量","1","17/9/2025 11:10:37","21/10/2025 13:26:53","2022","湖南省"
"4472","25","其他制造业","地方政策-湖南省第十三届人民代表大会常务委员会政策数量","1","17/9/2025 11:10:37","21/10/2025 13:26:53","2022","湖南省"
"4473","26","金属制品业","地方政策-湖南省第十三届人民代表大会常务委员会政策数量","1","17/9/2025 11:10:37","21/10/2025 13:26:53","2022","湖南省"
"4474","18","通用设备制造业","地方政策-湖南省第十三届人民代表大会常务委员会政策数量","1","17/9/2025 11:10:37","21/10/2025 13:26:53","2022","湖南省"
"4475","13","电力、热力、燃气及水生产和供应业","地方政策-湖南省第十三届人民代表大会常务委员会政策数量","1","17/9/2025 11:10:37","21/10/2025 13:26:53","2022","湖南省"
"4476",,"互联网和相关服务","地方政策-湖南省第十三届人民代表大会常务委员会政策数量","1","17/9/2025 11:10:37","17/9/2025 11:10:37","2022","湖南省"
"4477","21","通信传输设备业","地方政策-湖南省第十三届人民代表大会常务委员会政策数量","1","17/9/2025 11:10:37","21/10/2025 13:26:53","2022","湖南省"
"4478","19","半导体业","地方政策-湖南省第十三届人民代表大会常务委员会政策数量","1","17/9/2025 11:10:37","21/10/2025 13:26:53","2022","湖南省"
"4479","30","科学研究和技术服务业","地方政策-湖南省第十三届人民代表大会常务委员会政策数量","1","17/9/2025 11:10:37","21/10/2025 13:26:53","2022","湖南省"
"4480",,"电气机械和器材制造业","地方政策-湖南省第十三届人民代表大会常务委员会政策数量","1","17/9/2025 11:10:37","17/9/2025 11:10:37","2022","湖南省"
"4481","30","科学研究和技术服务业","地方政策-湖南省市场监督管理局政策数量","1","17/9/2025 11:10:37","21/10/2025 13:26:53","2022","湖南省"
"4482","5","专用设备制造业","地方政策-湖南省工业和信息化厅   政策数量","1","17/9/2025 11:10:37","21/10/2025 13:26:53","2022","湖南省"
"4483","18","通用设备制造业","地方政策-湖南省工业和信息化厅   政策数量","1","17/9/2025 11:10:37","21/10/2025 13:26:53","2022","湖南省"
"4484","12","汽车制造业","地方政策-湖南省工业和信息化厅   政策数量","1","17/9/2025 11:10:38","21/10/2025 13:26:53","2022","湖南省"
"4485","27","铁路、船舶、航空航天和其他运输设备制造业","地方政策-湖南省工业和信息化厅   政策数量","1","17/9/2025 11:10:38","21/10/2025 13:26:53","2022","湖南省"
"4486","32","仪器仪表制造业","地方政策-湖南省工业和信息化厅   政策数量","1","17/9/2025 11:10:38","21/10/2025 13:26:53","2022","湖南省"
"4487","26","金属制品业","地方政策-湖南省工业和信息化厅   政策数量","1","17/9/2025 11:10:38","21/10/2025 13:26:53","2022","湖南省"
"4488","2","化学原料和化学制品制造业","地方政策-湖南省工业和信息化厅   政策数量","1","17/9/2025 11:10:38","21/10/2025 13:26:53","2022","湖南省"
"4489","1","医药制造业","地方政策-湖南省工业和信息化厅   政策数量","1","17/9/2025 11:10:38","21/10/2025 13:26:53","2022","湖南省"
"4490","10","食品饮料业","地方政策-湖南省工业和信息化厅   政策数量","1","17/9/2025 11:10:38","21/10/2025 13:26:53","2022","湖南省"
"4491","15","纺织鞋服业","地方政策-湖南省工业和信息化厅   政策数量","1","17/9/2025 11:10:38","21/10/2025 13:26:53","2022","湖南省"
"4492","22","非金属矿物制品业","地方政策-湖南省工业和信息化厅   政策数量","1","17/9/2025 11:10:38","21/10/2025 13:26:53","2022","湖南省"
"4493","29","金属冶炼和压延加工业","地方政策-湖南省工业和信息化厅   政策数量","1","17/9/2025 11:10:38","21/10/2025 13:26:53","2022","湖南省"
"4494","23","橡胶和塑料制品业","地方政策-湖南省工业和信息化厅   政策数量","1","17/9/2025 11:10:38","21/10/2025 13:26:53","2022","湖南省"
"4495","36","造纸和纸制品业","地方政策-湖南省工业和信息化厅   政策数量","1","17/9/2025 11:10:38","21/10/2025 13:26:53","2022","湖南省"
"4496","25","其他制造业","地方政策-湖南省工业和信息化厅   政策数量","1","17/9/2025 11:10:38","21/10/2025 13:26:53","2022","湖南省"
"4497","17","交通运输、仓储和邮政业","地方政策-海南省工业和信息化厅政策数量","1","17/9/2025 11:10:38","21/10/2025 13:26:53","2022","湖南省"
"4498","12","汽车制造业","地方政策-海南省工业和信息化厅政策数量","1","17/9/2025 11:10:38","21/10/2025 13:26:53","2022","湖南省"
"4499","3","信息传输、软件和信息技术服务业","地方政策-海南省工业和信息化厅政策数量","1","17/9/2025 11:10:38","21/10/2025 13:26:52","2022","湖南省"
"4500","5","专用设备制造业","地方政策-湖南省人民政府政策数量","1","17/9/2025 11:10:38","21/10/2025 13:26:53","2022","湖南省"
"4501","27","铁路、船舶、航空航天和其他运输设备制造业","地方政策-湖南省人民政府政策数量","1","17/9/2025 11:10:38","21/10/2025 13:26:53","2022","湖南省"
"4502","3","信息传输、软件和信息技术服务业","地方政策-湖南省人民政府政策数量","2","17/9/2025 11:10:39","21/10/2025 13:26:52","2022","湖南省"
"4503","30","科学研究和技术服务业","地方政策-湖南省人民政府政策数量","2","17/9/2025 11:10:39","21/10/2025 13:26:53","2022","湖南省"
"4504","5","专用设备制造业","地方政策-国家知识产权局政策数量","1","17/9/2025 11:10:39","21/10/2025 13:26:53","2022","湖南省"
"4505","27","铁路、船舶、航空航天和其他运输设备制造业","地方政策-国家知识产权局政策数量","1","17/9/2025 11:10:39","21/10/2025 13:26:53","2022","湖南省"
"4506","3","信息传输、软件和信息技术服务业","地方政策-国家知识产权局政策数量","1","17/9/2025 11:10:39","21/10/2025 13:26:52","2022","湖南省"
"4507","30","科学研究和技术服务业","地方政策-国家知识产权局政策数量","1","17/9/2025 11:10:39","21/10/2025 13:26:53","2022","湖南省"
"4508","2","化学原料和化学制品制造业","地方政策-湖南省发展和改革委员会政策数量","1","17/9/2025 11:10:39","21/10/2025 13:26:53","2022","湖南省"
"4509","5","专用设备制造业","地方政策-湖南省发展和改革委员会政策数量","1","17/9/2025 11:10:39","21/10/2025 13:26:53","2022","湖南省"
"4510","12","汽车制造业","地方政策-湖南省发展和改革委员会政策数量","1","17/9/2025 11:10:39","21/10/2025 13:26:53","2022","湖南省"
"4511","27","铁路、船舶、航空航天和其他运输设备制造业","地方政策-湖南省发展和改革委员会政策数量","1","17/9/2025 11:10:39","21/10/2025 13:26:53","2022","湖南省"
"4512","13","电力、热力、燃气及水生产和供应业","地方政策-湖南省发展和改革委员会政策数量","1","17/9/2025 11:10:39","21/10/2025 13:26:53","2022","湖南省"
"4513","2","化学原料和化学制品制造业","地方政策-湖南省能源局政策数量","1","17/9/2025 11:10:39","21/10/2025 13:26:53","2022","湖南省"
"4514","5","专用设备制造业","地方政策-湖南省能源局政策数量","1","17/9/2025 11:10:39","21/10/2025 13:26:53","2022","湖南省"
"4515","12","汽车制造业","地方政策-湖南省能源局政策数量","1","17/9/2025 11:10:39","21/10/2025 13:26:53","2022","湖南省"
"4516","27","铁路、船舶、航空航天和其他运输设备制造业","地方政策-湖南省能源局政策数量","1","17/9/2025 11:10:39","21/10/2025 13:26:53","2022","湖南省"
"4517","13","电力、热力、燃气及水生产和供应业","地方政策-湖南省能源局政策数量","1","17/9/2025 11:10:39","21/10/2025 13:26:53","2022","湖南省"
"4518","13","电力、热力、燃气及水生产和供应业","地方政策-湖南省人民政府政策数量","1","17/9/2025 11:10:39","21/10/2025 13:26:53","2022","湖南省"
"4519","29","金属冶炼和压延加工业","地方政策-湖南省人民政府政策数量","1","17/9/2025 11:10:39","21/10/2025 13:26:53","2022","湖南省"
"4520","22","非金属矿物制品业","地方政策-湖南省人民政府政策数量","1","17/9/2025 11:10:39","21/10/2025 13:26:53","2022","湖南省"
"4521","2","化学原料和化学制品制造业","地方政策-湖南省人民政府政策数量","1","17/9/2025 11:10:39","21/10/2025 13:26:53","2022","湖南省"
"4522","45","石油加工、炼焦和核燃料加工业","地方政策-湖南省人民政府政策数量","1","17/9/2025 11:10:40","21/10/2025 13:26:53","2022","湖南省"
"4523","17","交通运输、仓储和邮政业","地方政策-湖南省人民政府政策数量","1","17/9/2025 11:10:40","21/10/2025 13:26:53","2022","湖南省"
"4524","16","建筑业","地方政策-湖南省人民政府政策数量","1","17/9/2025 11:10:40","21/10/2025 13:26:53","2022","湖南省"
"4525","7","金融业","地方政策-湖南省人民政府政策数量","1","17/9/2025 11:10:40","21/10/2025 13:26:52","2022","湖南省"
"4526","28","水利、环境和公共设施管理业","地方政策-湖南省人民政府政策数量","1","17/9/2025 11:10:40","21/10/2025 13:26:52","2022","湖南省"
"4527","31","教育","地方政策-湖南省人民政府政策数量","1","17/9/2025 11:10:40","21/10/2025 13:26:53","2022","湖南省"
"4528","34","农、林、牧、渔业","地方政策-湖南省人民政府政策数量","1","17/9/2025 11:10:40","21/10/2025 13:26:53","2022","湖南省"
"4529","14","采矿业","地方政策-湖南省人民政府政策数量","1","17/9/2025 11:10:40","21/10/2025 13:26:53","2022","湖南省"
"4530",,"制造业","地方政策-湖南省人民政府政策数量","1","17/9/2025 11:10:40","17/9/2025 11:10:40","2022","湖南省"
"4531","9","批发和零售业","地方政策-湖南省人民政府政策数量","1","17/9/2025 11:10:40","21/10/2025 13:26:53","2022","湖南省"
"4532","20","租赁和商务服务业","地方政策-湖南省人民政府政策数量","1","17/9/2025 11:10:40","21/10/2025 13:26:53","2022","湖南省"
"4533","33","文化、体育和娱乐业","地方政策-湖南省人民政府政策数量","1","17/9/2025 11:10:40","21/10/2025 13:26:53","2022","湖南省"
"4534","35","卫生和社会工作","地方政策-湖南省人民政府政策数量","1","17/9/2025 11:10:40","21/10/2025 13:26:53","2022","湖南省"
"4535","48","居民服务、修理和其他服务业","地方政策-湖南省人民政府政策数量","1","17/9/2025 11:10:40","21/10/2025 13:26:53","2022","湖南省"
"4536","28","水利、环境和公共设施管理业","地方政策-湖南省科学技术厅政策数量","1","17/9/2025 11:10:40","21/10/2025 13:26:52","2022","湖南省"
"4537","28","水利、环境和公共设施管理业","地方政策-湖南省发展和改革委员会政策数量","1","17/9/2025 11:10:40","21/10/2025 13:26:52","2022","湖南省"
"4538","28","水利、环境和公共设施管理业","地方政策-湖南省工业和信息化厅政策数量","1","17/9/2025 11:10:40","21/10/2025 13:26:52","2022","湖南省"
"4539","28","水利、环境和公共设施管理业","地方政策-湖南省生态环境厅政策数量","1","17/9/2025 11:10:40","21/10/2025 13:26:52","2022","湖南省"
"4540","28","水利、环境和公共设施管理业","地方政策-湖南省住房和城乡建设厅政策数量","1","17/9/2025 11:10:40","21/10/2025 13:26:52","2022","湖南省"
"4541","28","水利、环境和公共设施管理业","地方政策-湖南省交通运输厅政策数量","1","17/9/2025 11:10:41","21/10/2025 13:26:52","2022","湖南省"
"4542","28","水利、环境和公共设施管理业","地方政策-湖南省能源局政策数量","1","17/9/2025 11:10:41","21/10/2025 13:26:52","2022","湖南省"
"4543","30","科学研究和技术服务业","地方政策-湖南省科学技术厅政策数量","1","17/9/2025 11:10:41","21/10/2025 13:26:53","2022","湖南省"
"4544",,,"发布政策数量","8","17/9/2025 11:10:41","17/9/2025 11:10:41","2022","宁夏回族自治区"
"4545",,,"地方政策政策数量","8","17/9/2025 11:10:41","17/9/2025 11:10:41","2022","宁夏回族自治区"
"4546",,,"宁夏回族自治区人民政府办公厅发布政策数量","2","17/9/2025 11:10:41","17/9/2025 11:10:41","2022","宁夏回族自治区"
"4547",,,"宁夏回族自治区人民政府  发布政策数量","1","17/9/2025 11:10:41","17/9/2025 11:10:41","2022","宁夏回族自治区"
"4548",,,"宁夏回族自治区工业和信息化厅发布政策数量","1","17/9/2025 11:10:41","17/9/2025 11:10:41","2022","宁夏回族自治区"
"4549",,,"中共宁夏回族自治区科学技术厅党组发布政策数量","1","17/9/2025 11:10:41","17/9/2025 11:10:41","2022","宁夏回族自治区"
"4550",,,"中共宁夏回族自治区委员会办公厅发布政策数量","1","17/9/2025 11:10:41","17/9/2025 11:10:41","2022","宁夏回族自治区"
"4551",,,"宁夏回族自治区发展改革委发布政策数量","2","17/9/2025 11:10:41","17/9/2025 11:10:41","2022","宁夏回族自治区"
"4552",,,"中共宁夏区委人才工作领导小组办公室发布政策数量","1","17/9/2025 11:10:41","17/9/2025 11:10:41","2022","宁夏回族自治区"
"4553",,,"中共宁夏回族自治区委员会宣传部发布政策数量","1","17/9/2025 11:10:41","17/9/2025 11:10:41","2022","宁夏回族自治区"
"4554",,,"宁夏回族自治区科学技术厅发布政策数量","1","17/9/2025 11:10:41","17/9/2025 11:10:41","2022","宁夏回族自治区"
"4555","13","电力、热力、燃气及水生产和供应业","政策数量","4","17/9/2025 11:10:41","21/10/2025 13:26:53","2022","宁夏回族自治区"
"4556","22","非金属矿物制品业","政策数量","1","17/9/2025 11:10:42","21/10/2025 13:26:53","2022","宁夏回族自治区"
"4557","5","专用设备制造业","政策数量","1","17/9/2025 11:10:42","21/10/2025 13:26:53","2022","宁夏回族自治区"
"4558","36","造纸和纸制品业","政策数量","1","17/9/2025 11:10:42","21/10/2025 13:26:53","2022","宁夏回族自治区"
"4559","18","通用设备制造业","政策数量","1","17/9/2025 11:10:42","21/10/2025 13:26:53","2022","宁夏回族自治区"
"4560","45","石油加工、炼焦和核燃料加工业","政策数量","1","17/9/2025 11:10:42","21/10/2025 13:26:53","2022","宁夏回族自治区"
"4561","32","仪器仪表制造业","政策数量","1","17/9/2025 11:10:42","21/10/2025 13:26:53","2022","宁夏回族自治区"
"4562","17","交通运输、仓储和邮政业","政策数量","1","17/9/2025 11:10:42","21/10/2025 13:26:53","2022","宁夏回族自治区"
"4563","34","农、林、牧、渔业","政策数量","1","17/9/2025 11:10:42","21/10/2025 13:26:53","2022","宁夏回族自治区"
"4564","16","建筑业","政策数量","1","17/9/2025 11:10:42","21/10/2025 13:26:53","2022","宁夏回族自治区"
"4565","10","食品饮料业","政策数量","1","17/9/2025 11:10:42","21/10/2025 13:26:53","2022","宁夏回族自治区"
"4566","14","采矿业","政策数量","1","17/9/2025 11:10:42","21/10/2025 13:26:53","2022","宁夏回族自治区"
"4567","30","科学研究和技术服务业","政策数量","1","17/9/2025 11:10:42","21/10/2025 13:26:53","2022","宁夏回族自治区"
"4568","2","化学原料和化学制品制造业","政策数量","1","17/9/2025 11:10:42","21/10/2025 13:26:53","2022","宁夏回族自治区"
"4569",,"制造业","政策数量","1","17/9/2025 11:10:42","17/9/2025 11:10:42","2022","宁夏回族自治区"
"4570","29","金属冶炼和压延加工业","政策数量","1","17/9/2025 11:10:42","21/10/2025 13:26:53","2022","宁夏回族自治区"
"4571",,"工业制造业","政策数量","1","17/9/2025 11:10:42","17/9/2025 11:10:42","2022","宁夏回族自治区"
"4572",,,"地方政策-宁夏回族自治区人民政府办公厅政策数量","2","17/9/2025 11:10:42","17/9/2025 11:10:42","2022","宁夏回族自治区"
"4573",,,"地方政策-宁夏回族自治区人民政府  政策数量","1","17/9/2025 11:10:42","17/9/2025 11:10:42","2022","宁夏回族自治区"
"4574",,,"地方政策-宁夏回族自治区工业和信息化厅政策数量","1","17/9/2025 11:10:43","17/9/2025 11:10:43","2022","宁夏回族自治区"
"4575",,,"地方政策-中共宁夏回族自治区科学技术厅党组政策数量","1","17/9/2025 11:10:43","17/9/2025 11:10:43","2022","宁夏回族自治区"
"4576",,,"地方政策-中共宁夏回族自治区委员会办公厅政策数量","1","17/9/2025 11:10:43","17/9/2025 11:10:43","2022","宁夏回族自治区"
"4577",,,"地方政策-宁夏回族自治区发展改革委政策数量","2","17/9/2025 11:10:43","17/9/2025 11:10:43","2022","宁夏回族自治区"
"4578",,,"地方政策-中共宁夏区委人才工作领导小组办公室政策数量","1","17/9/2025 11:10:43","17/9/2025 11:10:43","2022","宁夏回族自治区"
"4579",,,"地方政策-中共宁夏回族自治区委员会宣传部政策数量","1","17/9/2025 11:10:43","17/9/2025 11:10:43","2022","宁夏回族自治区"
"4580",,,"地方政策-宁夏回族自治区科学技术厅政策数量","1","17/9/2025 11:10:43","17/9/2025 11:10:43","2022","宁夏回族自治区"
"4581","13","电力、热力、燃气及水生产和供应业","地方政策政策数量","4","17/9/2025 11:10:43","21/10/2025 13:26:53","2022","宁夏回族自治区"
"4582","2","化学原料和化学制品制造业","地方政策政策数量","1","17/9/2025 11:10:43","21/10/2025 13:26:53","2022","宁夏回族自治区"
"4583","29","金属冶炼和压延加工业","地方政策政策数量","1","17/9/2025 11:10:43","21/10/2025 13:26:53","2022","宁夏回族自治区"
"4584","22","非金属矿物制品业","地方政策政策数量","1","17/9/2025 11:10:43","21/10/2025 13:26:53","2022","宁夏回族自治区"
"4585","36","造纸和纸制品业","地方政策政策数量","1","17/9/2025 11:10:43","21/10/2025 13:26:53","2022","宁夏回族自治区"
"4586","45","石油加工、炼焦和核燃料加工业","地方政策政策数量","1","17/9/2025 11:10:43","21/10/2025 13:26:53","2022","宁夏回族自治区"
"4587","17","交通运输、仓储和邮政业","地方政策政策数量","1","17/9/2025 11:10:43","21/10/2025 13:26:53","2022","宁夏回族自治区"
"4588","16","建筑业","地方政策政策数量","1","17/9/2025 11:10:43","21/10/2025 13:26:53","2022","宁夏回族自治区"
"4589","14","采矿业","地方政策政策数量","1","17/9/2025 11:10:43","21/10/2025 13:26:53","2022","宁夏回族自治区"
"4590",,"制造业","地方政策政策数量","1","17/9/2025 11:10:43","17/9/2025 11:10:43","2022","宁夏回族自治区"
"4591",,"工业制造业","地方政策政策数量","1","17/9/2025 11:10:43","17/9/2025 11:10:43","2022","宁夏回族自治区"
"4592","5","专用设备制造业","地方政策政策数量","1","17/9/2025 11:10:43","21/10/2025 13:26:53","2022","宁夏回族自治区"
"4593","18","通用设备制造业","地方政策政策数量","1","17/9/2025 11:10:44","21/10/2025 13:26:53","2022","宁夏回族自治区"
"4594","32","仪器仪表制造业","地方政策政策数量","1","17/9/2025 11:10:44","21/10/2025 13:26:53","2022","宁夏回族自治区"
"4595","34","农、林、牧、渔业","地方政策政策数量","1","17/9/2025 11:10:44","21/10/2025 13:26:53","2022","宁夏回族自治区"
"4596","10","食品饮料业","地方政策政策数量","1","17/9/2025 11:10:44","21/10/2025 13:26:53","2022","宁夏回族自治区"
"4597","30","科学研究和技术服务业","地方政策政策数量","1","17/9/2025 11:10:44","21/10/2025 13:26:53","2022","宁夏回族自治区"
"4598","13","电力、热力、燃气及水生产和供应业","地方政策-宁夏回族自治区人民政府办公厅政策数量","1","17/9/2025 11:10:44","21/10/2025 13:26:53","2022","宁夏回族自治区"
"4599","13","电力、热力、燃气及水生产和供应业","地方政策-宁夏回族自治区人民政府  政策数量","1","17/9/2025 11:10:44","21/10/2025 13:26:53","2022","宁夏回族自治区"
"4600","2","化学原料和化学制品制造业","地方政策-宁夏回族自治区人民政府  政策数量","1","17/9/2025 11:10:44","21/10/2025 13:26:53","2022","宁夏回族自治区"
"4601","29","金属冶炼和压延加工业","地方政策-宁夏回族自治区人民政府  政策数量","1","17/9/2025 11:10:44","21/10/2025 13:26:53","2022","宁夏回族自治区"
"4602","22","非金属矿物制品业","地方政策-宁夏回族自治区人民政府  政策数量","1","17/9/2025 11:10:44","21/10/2025 13:26:53","2022","宁夏回族自治区"
"4603","36","造纸和纸制品业","地方政策-宁夏回族自治区人民政府  政策数量","1","17/9/2025 11:10:44","21/10/2025 13:26:53","2022","宁夏回族自治区"
"4604","45","石油加工、炼焦和核燃料加工业","地方政策-宁夏回族自治区人民政府  政策数量","1","17/9/2025 11:10:44","21/10/2025 13:26:53","2022","宁夏回族自治区"
"4605","17","交通运输、仓储和邮政业","地方政策-宁夏回族自治区人民政府  政策数量","1","17/9/2025 11:10:44","21/10/2025 13:26:53","2022","宁夏回族自治区"
"4606","16","建筑业","地方政策-宁夏回族自治区人民政府  政策数量","1","17/9/2025 11:10:44","21/10/2025 13:26:53","2022","宁夏回族自治区"
"4607","14","采矿业","地方政策-宁夏回族自治区人民政府  政策数量","1","17/9/2025 11:10:44","21/10/2025 13:26:53","2022","宁夏回族自治区"
"4608",,"制造业","地方政策-宁夏回族自治区人民政府  政策数量","1","17/9/2025 11:10:44","17/9/2025 11:10:44","2022","宁夏回族自治区"
"4609",,"工业制造业","地方政策-宁夏回族自治区工业和信息化厅政策数量","1","17/9/2025 11:10:44","17/9/2025 11:10:44","2022","宁夏回族自治区"
"4610","5","专用设备制造业","地方政策-宁夏回族自治区工业和信息化厅政策数量","1","17/9/2025 11:10:44","21/10/2025 13:26:53","2022","宁夏回族自治区"
"4611","18","通用设备制造业","地方政策-宁夏回族自治区工业和信息化厅政策数量","1","17/9/2025 11:10:45","21/10/2025 13:26:53","2022","宁夏回族自治区"
"4612","32","仪器仪表制造业","地方政策-宁夏回族自治区工业和信息化厅政策数量","1","17/9/2025 11:10:45","21/10/2025 13:26:53","2022","宁夏回族自治区"
"4613","34","农、林、牧、渔业","地方政策-中共宁夏回族自治区科学技术厅党组政策数量","1","17/9/2025 11:10:45","21/10/2025 13:26:53","2022","宁夏回族自治区"
"4614","10","食品饮料业","地方政策-中共宁夏回族自治区科学技术厅党组政策数量","1","17/9/2025 11:10:45","21/10/2025 13:26:53","2022","宁夏回族自治区"
"4615","30","科学研究和技术服务业","地方政策-中共宁夏回族自治区委员会办公厅政策数量","1","17/9/2025 11:10:45","21/10/2025 13:26:53","2022","宁夏回族自治区"
"4616","30","科学研究和技术服务业","地方政策-宁夏回族自治区人民政府办公厅政策数量","1","17/9/2025 11:10:45","21/10/2025 13:26:53","2022","宁夏回族自治区"
"4617","13","电力、热力、燃气及水生产和供应业","地方政策-宁夏回族自治区发展改革委政策数量","2","17/9/2025 11:10:45","21/10/2025 13:26:53","2022","宁夏回族自治区"
"4618",,,"发布政策数量","4","17/9/2025 11:10:45","17/9/2025 11:10:45","2022","山西省"
"4619",,,"地方政策政策数量","4","17/9/2025 11:10:45","17/9/2025 11:10:45","2022","山西省"
"4620",,,"山西省工业和信息化厅发布政策数量","2","17/9/2025 11:10:45","17/9/2025 11:10:45","2022","山西省"
"4621",,,"山西省人民政府发布政策数量","2","17/9/2025 11:10:45","17/9/2025 11:10:45","2022","山西省"
"4622",,,"国家知识产权局发布政策数量","1","17/9/2025 11:10:45","17/9/2025 11:10:45","2022","山西省"
"4623","3","信息传输、软件和信息技术服务业","政策数量","2","17/9/2025 11:10:45","21/10/2025 13:26:52","2022","山西省"
"4624","2","化学原料和化学制品制造业","政策数量","1","17/9/2025 11:10:45","21/10/2025 13:26:53","2022","山西省"
"4625","34","农、林、牧、渔业","政策数量","1","17/9/2025 11:10:45","21/10/2025 13:26:53","2022","山西省"
"4626","30","科学研究和技术服务业","政策数量","1","17/9/2025 11:10:45","21/10/2025 13:26:53","2022","山西省"
"4627","31","教育","政策数量","1","17/9/2025 11:10:46","21/10/2025 13:26:53","2022","山西省"
"4628","13","电力、热力、燃气及水生产和供应业","政策数量","1","17/9/2025 11:10:46","21/10/2025 13:26:53","2022","山西省"
"4629","14","采矿业","政策数量","1","17/9/2025 11:10:46","21/10/2025 13:26:53","2022","山西省"
"4630",,,"地方政策-山西省工业和信息化厅政策数量","2","17/9/2025 11:10:46","17/9/2025 11:10:46","2022","山西省"
"4631",,,"地方政策-山西省人民政府政策数量","2","17/9/2025 11:10:46","17/9/2025 11:10:46","2022","山西省"
"4632",,,"地方政策-国家知识产权局政策数量","1","17/9/2025 11:10:46","17/9/2025 11:10:46","2022","山西省"
"4633","13","电力、热力、燃气及水生产和供应业","地方政策政策数量","1","17/9/2025 11:10:46","21/10/2025 13:26:53","2022","山西省"
"4634","14","采矿业","地方政策政策数量","1","17/9/2025 11:10:46","21/10/2025 13:26:53","2022","山西省"
"4635","2","化学原料和化学制品制造业","地方政策政策数量","1","17/9/2025 11:10:46","21/10/2025 13:26:53","2022","山西省"
"4636","34","农、林、牧、渔业","地方政策政策数量","1","17/9/2025 11:10:46","21/10/2025 13:26:53","2022","山西省"
"4637","30","科学研究和技术服务业","地方政策政策数量","1","17/9/2025 11:10:46","21/10/2025 13:26:53","2022","山西省"
"4638","31","教育","地方政策政策数量","1","17/9/2025 11:10:46","21/10/2025 13:26:53","2022","山西省"
"4639","3","信息传输、软件和信息技术服务业","地方政策政策数量","2","17/9/2025 11:10:46","21/10/2025 13:26:52","2022","山西省"
"4640","13","电力、热力、燃气及水生产和供应业","地方政策-山西省人民政府政策数量","1","17/9/2025 11:10:46","21/10/2025 13:26:53","2022","山西省"
"4641","14","采矿业","地方政策-山西省人民政府政策数量","1","17/9/2025 11:10:46","21/10/2025 13:26:53","2022","山西省"
"4642","2","化学原料和化学制品制造业","地方政策-山西省人民政府政策数量","1","17/9/2025 11:10:46","21/10/2025 13:26:53","2022","山西省"
"4643","34","农、林、牧、渔业","地方政策-山西省人民政府政策数量","1","17/9/2025 11:10:46","21/10/2025 13:26:53","2022","山西省"
"4644","30","科学研究和技术服务业","地方政策-山西省人民政府政策数量","1","17/9/2025 11:10:46","21/10/2025 13:26:53","2022","山西省"
"4645","31","教育","地方政策-山西省人民政府政策数量","1","17/9/2025 11:10:46","21/10/2025 13:26:53","2022","山西省"
"4646","13","电力、热力、燃气及水生产和供应业","地方政策-国家知识产权局政策数量","1","17/9/2025 11:10:47","21/10/2025 13:26:53","2022","山西省"
"4647","14","采矿业","地方政策-国家知识产权局政策数量","1","17/9/2025 11:10:47","21/10/2025 13:26:53","2022","山西省"
"4648","2","化学原料和化学制品制造业","地方政策-国家知识产权局政策数量","1","17/9/2025 11:10:47","21/10/2025 13:26:53","2022","山西省"
"4649","34","农、林、牧、渔业","地方政策-国家知识产权局政策数量","1","17/9/2025 11:10:47","21/10/2025 13:26:53","2022","山西省"
"4650","30","科学研究和技术服务业","地方政策-国家知识产权局政策数量","1","17/9/2025 11:10:47","21/10/2025 13:26:53","2022","山西省"
"4651","31","教育","地方政策-国家知识产权局政策数量","1","17/9/2025 11:10:47","21/10/2025 13:26:53","2022","山西省"
"4652","3","信息传输、软件和信息技术服务业","地方政策-山西省工业和信息化厅政策数量","2","17/9/2025 11:10:47","21/10/2025 13:26:52","2022","山西省"
"4653",,,"发布政策数量","12","17/9/2025 11:10:47","17/9/2025 11:10:47","2022","江西省"
"4654",,,"地方政策政策数量","12","17/9/2025 11:10:47","17/9/2025 11:10:47","2022","江西省"
"4655",,,"江西省政府办公厅发布政策数量","2","17/9/2025 11:10:47","17/9/2025 11:10:47","2022","江西省"
"4656",,,"江西省人民政府发布政策数量","4","17/9/2025 11:10:47","17/9/2025 11:10:47","2022","江西省"
"4657",,,"江西省人民政府办公厅发布政策数量","1","17/9/2025 11:10:47","17/9/2025 11:10:47","2022","江西省"
"4658",,,"省政府办公厅发布政策数量","3","17/9/2025 11:10:47","17/9/2025 11:10:47","2022","江西省"
"4659",,,"省国有资产监督管理委员会发布政策数量","1","17/9/2025 11:10:47","17/9/2025 11:10:47","2022","江西省"
"4660",,,"江西省科学技术厅发布政策数量","1","17/9/2025 11:10:47","17/9/2025 11:10:47","2022","江西省"
"4661",,,"江西省税务局发布政策数量","1","17/9/2025 11:10:47","17/9/2025 11:10:47","2022","江西省"
"4662","30","科学研究和技术服务业","政策数量","5","17/9/2025 11:10:47","21/10/2025 13:26:53","2022","江西省"
"4663","34","农、林、牧、渔业","政策数量","3","17/9/2025 11:10:48","21/10/2025 13:26:53","2022","江西省"
"4664","3","信息传输、软件和信息技术服务业","政策数量","3","17/9/2025 11:10:48","21/10/2025 13:26:52","2022","江西省"
"4665","13","电力、热力、燃气及水生产和供应业","政策数量","2","17/9/2025 11:10:48","21/10/2025 13:26:53","2022","江西省"
"4666","8","商业电气机械和器材制造业","政策数量","2","17/9/2025 11:10:48","21/10/2025 13:26:53","2022","江西省"
"4667","12","汽车制造业","政策数量","2","17/9/2025 11:10:48","21/10/2025 13:26:53","2022","江西省"
"4668","7","金融业","政策数量","2","17/9/2025 11:10:48","21/10/2025 13:26:52","2022","江西省"
"4669","2","化学原料和化学制品制造业","政策数量","2","17/9/2025 11:10:48","21/10/2025 13:26:53","2022","江西省"
"4670",,"互联网和相关服务","政策数量","2","17/9/2025 11:10:48","17/9/2025 11:10:48","2022","江西省"
"4671","1","医药制造业","政策数量","2","17/9/2025 11:10:48","21/10/2025 13:26:53","2022","江西省"
"4672","14","采矿业","政策数量","2","17/9/2025 11:10:48","21/10/2025 13:26:53","2022","江西省"
"4673","5","专用设备制造业","政策数量","2","17/9/2025 11:10:48","21/10/2025 13:26:53","2022","江西省"
"4674","6","消费电子及电气业","政策数量","1","17/9/2025 11:10:48","21/10/2025 13:26:53","2022","江西省"
"4675","48","居民服务、修理和其他服务业","政策数量","1","17/9/2025 11:10:48","21/10/2025 13:26:53","2022","江西省"
"4676","29","金属冶炼和压延加工业","政策数量","1","17/9/2025 11:10:48","21/10/2025 13:26:53","2022","江西省"
"4677","31","教育","政策数量","1","17/9/2025 11:10:48","21/10/2025 13:26:53","2022","江西省"
"4678","24","综合","政策数量","1","17/9/2025 11:10:48","21/10/2025 13:26:53","2022","江西省"
"4679","22","非金属矿物制品业","政策数量","1","17/9/2025 11:10:48","21/10/2025 13:26:53","2022","江西省"
"4680",,"电信、广播电视和卫星传输服务","政策数量","1","17/9/2025 11:10:48","17/9/2025 11:10:48","2022","江西省"
"4681","18","通用设备制造业","政策数量","1","17/9/2025 11:10:48","21/10/2025 13:26:53","2022","江西省"
"4682","9","批发和零售业","政策数量","1","17/9/2025 11:10:48","21/10/2025 13:26:53","2022","江西省"
"4683","46","废弃资源综合利用业","政策数量","1","17/9/2025 11:10:49","21/10/2025 13:26:53","2022","江西省"
"4684","19","半导体业","政策数量","1","17/9/2025 11:10:49","21/10/2025 13:26:53","2022","江西省"
"4685","17","交通运输、仓储和邮政业","政策数量","1","17/9/2025 11:10:49","21/10/2025 13:26:53","2022","江西省"
"4686","21","通信传输设备业","政策数量","1","17/9/2025 11:10:49","21/10/2025 13:26:53","2022","江西省"
"4687","16","建筑业","政策数量","1","17/9/2025 11:10:49","21/10/2025 13:26:53","2022","江西省"
"4688","20","租赁和商务服务业","政策数量","1","17/9/2025 11:10:49","21/10/2025 13:26:53","2022","江西省"
"4689","27","铁路、船舶、航空航天和其他运输设备制造业","政策数量","1","17/9/2025 11:10:49","21/10/2025 13:26:53","2022","江西省"
"4690","33","文化、体育和娱乐业","政策数量","1","17/9/2025 11:10:49","21/10/2025 13:26:53","2022","江西省"
"4691","32","仪器仪表制造业","政策数量","1","17/9/2025 11:10:49","21/10/2025 13:26:53","2022","江西省"
"4692","28","水利、环境和公共设施管理业","政策数量","1","17/9/2025 11:10:49","21/10/2025 13:26:52","2022","江西省"
"4693","35","卫生和社会工作","政策数量","1","17/9/2025 11:10:49","21/10/2025 13:26:53","2022","江西省"
"4694",,,"地方政策-江西省政府办公厅政策数量","2","17/9/2025 11:10:49","17/9/2025 11:10:49","2022","江西省"
"4695",,,"地方政策-江西省人民政府政策数量","4","17/9/2025 11:10:50","17/9/2025 11:10:50","2022","江西省"
"4696",,,"地方政策-江西省人民政府办公厅政策数量","1","17/9/2025 11:10:50","17/9/2025 11:10:50","2022","江西省"
"4697",,,"地方政策-省政府办公厅政策数量","3","17/9/2025 11:10:50","17/9/2025 11:10:50","2022","江西省"
"4698",,,"地方政策-省国有资产监督管理委员会政策数量","1","17/9/2025 11:10:50","17/9/2025 11:10:50","2022","江西省"
"4699",,,"地方政策-江西省科学技术厅政策数量","1","17/9/2025 11:10:50","17/9/2025 11:10:50","2022","江西省"
"4700",,,"地方政策-江西省税务局政策数量","1","17/9/2025 11:10:50","17/9/2025 11:10:50","2022","江西省"
"4701","34","农、林、牧、渔业","地方政策政策数量","3","17/9/2025 11:10:50","21/10/2025 13:26:53","2022","江西省"
"4702","1","医药制造业","地方政策政策数量","2","17/9/2025 11:10:50","21/10/2025 13:26:53","2022","江西省"
"4703","3","信息传输、软件和信息技术服务业","地方政策政策数量","3","17/9/2025 11:10:50","21/10/2025 13:26:52","2022","江西省"
"4704","5","专用设备制造业","地方政策政策数量","2","17/9/2025 11:10:50","21/10/2025 13:26:53","2022","江西省"
"4705","6","消费电子及电气业","地方政策政策数量","1","17/9/2025 11:10:51","21/10/2025 13:26:53","2022","江西省"
"4706","8","商业电气机械和器材制造业","地方政策政策数量","2","17/9/2025 11:10:51","21/10/2025 13:26:53","2022","江西省"
"4707","12","汽车制造业","地方政策政策数量","2","17/9/2025 11:10:51","21/10/2025 13:26:53","2022","江西省"
"4708","18","通用设备制造业","地方政策政策数量","1","17/9/2025 11:10:51","21/10/2025 13:26:53","2022","江西省"
"4709","19","半导体业","地方政策政策数量","1","17/9/2025 11:10:51","21/10/2025 13:26:53","2022","江西省"
"4710","21","通信传输设备业","地方政策政策数量","1","17/9/2025 11:10:51","21/10/2025 13:26:53","2022","江西省"
"4711","27","铁路、船舶、航空航天和其他运输设备制造业","地方政策政策数量","1","17/9/2025 11:10:51","21/10/2025 13:26:53","2022","江西省"
"4712","32","仪器仪表制造业","地方政策政策数量","1","17/9/2025 11:10:51","21/10/2025 13:26:53","2022","江西省"
"4713","13","电力、热力、燃气及水生产和供应业","地方政策政策数量","2","17/9/2025 11:10:52","21/10/2025 13:26:53","2022","江西省"
"4714","29","金属冶炼和压延加工业","地方政策政策数量","1","17/9/2025 11:10:52","21/10/2025 13:26:53","2022","江西省"
"4715","22","非金属矿物制品业","地方政策政策数量","1","17/9/2025 11:10:52","21/10/2025 13:26:53","2022","江西省"
"4716","2","化学原料和化学制品制造业","地方政策政策数量","2","17/9/2025 11:10:52","21/10/2025 13:26:53","2022","江西省"
"4717","17","交通运输、仓储和邮政业","地方政策政策数量","1","17/9/2025 11:10:52","21/10/2025 13:26:53","2022","江西省"
"4718","16","建筑业","地方政策政策数量","1","17/9/2025 11:10:52","21/10/2025 13:26:53","2022","江西省"
"4719","14","采矿业","地方政策政策数量","2","17/9/2025 11:10:52","21/10/2025 13:26:53","2022","江西省"
"4720","28","水利、环境和公共设施管理业","地方政策政策数量","1","17/9/2025 11:10:52","21/10/2025 13:26:52","2022","江西省"
"4721","30","科学研究和技术服务业","地方政策政策数量","5","17/9/2025 11:10:52","21/10/2025 13:26:53","2022","江西省"
"4722","31","教育","地方政策政策数量","1","17/9/2025 11:10:52","21/10/2025 13:26:53","2022","江西省"
"4723","7","金融业","地方政策政策数量","2","17/9/2025 11:10:52","21/10/2025 13:26:52","2022","江西省"
"4724","9","批发和零售业","地方政策政策数量","1","17/9/2025 11:10:52","21/10/2025 13:26:53","2022","江西省"
"4725",,"互联网和相关服务","地方政策政策数量","2","17/9/2025 11:10:53","17/9/2025 11:10:53","2022","江西省"
"4726","20","租赁和商务服务业","地方政策政策数量","1","17/9/2025 11:10:53","21/10/2025 13:26:53","2022","江西省"
"4727","33","文化、体育和娱乐业","地方政策政策数量","1","17/9/2025 11:10:53","21/10/2025 13:26:53","2022","江西省"
"4728","35","卫生和社会工作","地方政策政策数量","1","17/9/2025 11:10:53","21/10/2025 13:26:53","2022","江西省"
"4729","48","居民服务、修理和其他服务业","地方政策政策数量","1","17/9/2025 11:10:53","21/10/2025 13:26:53","2022","江西省"
"4730","24","综合","地方政策政策数量","1","17/9/2025 11:10:53","21/10/2025 13:26:53","2022","江西省"
"4731",,"电信、广播电视和卫星传输服务","地方政策政策数量","1","17/9/2025 11:10:53","17/9/2025 11:10:53","2022","江西省"
"4732","46","废弃资源综合利用业","地方政策政策数量","1","17/9/2025 11:10:53","21/10/2025 13:26:53","2022","江西省"
"4733","34","农、林、牧、渔业","地方政策-江西省政府办公厅政策数量","1","17/9/2025 11:10:53","21/10/2025 13:26:53","2022","江西省"
"4734","34","农、林、牧、渔业","地方政策-江西省人民政府政策数量","2","17/9/2025 11:10:53","21/10/2025 13:26:53","2022","江西省"
"4735","1","医药制造业","地方政策-江西省人民政府办公厅政策数量","1","17/9/2025 11:10:53","21/10/2025 13:26:53","2022","江西省"
"4736","3","信息传输、软件和信息技术服务业","地方政策-江西省人民政府办公厅政策数量","1","17/9/2025 11:10:53","21/10/2025 13:26:52","2022","江西省"
"4737","5","专用设备制造业","地方政策-江西省人民政府办公厅政策数量","1","17/9/2025 11:10:53","21/10/2025 13:26:53","2022","江西省"
"4738","6","消费电子及电气业","地方政策-江西省人民政府办公厅政策数量","1","17/9/2025 11:10:53","21/10/2025 13:26:53","2022","江西省"
"4739","8","商业电气机械和器材制造业","地方政策-江西省人民政府办公厅政策数量","1","17/9/2025 11:10:53","21/10/2025 13:26:53","2022","江西省"
"4740","12","汽车制造业","地方政策-江西省人民政府办公厅政策数量","1","17/9/2025 11:10:54","21/10/2025 13:26:53","2022","江西省"
"4741","18","通用设备制造业","地方政策-江西省人民政府办公厅政策数量","1","17/9/2025 11:10:54","21/10/2025 13:26:53","2022","江西省"
"4742","19","半导体业","地方政策-江西省人民政府办公厅政策数量","1","17/9/2025 11:10:54","21/10/2025 13:26:53","2022","江西省"
"4743","21","通信传输设备业","地方政策-江西省人民政府办公厅政策数量","1","17/9/2025 11:10:54","21/10/2025 13:26:53","2022","江西省"
"4744","27","铁路、船舶、航空航天和其他运输设备制造业","地方政策-江西省人民政府办公厅政策数量","1","17/9/2025 11:10:54","21/10/2025 13:26:53","2022","江西省"
"4745","32","仪器仪表制造业","地方政策-江西省人民政府办公厅政策数量","1","17/9/2025 11:10:54","21/10/2025 13:26:53","2022","江西省"
"4746","13","电力、热力、燃气及水生产和供应业","地方政策-江西省人民政府政策数量","2","17/9/2025 11:10:54","21/10/2025 13:26:53","2022","江西省"
"4747","29","金属冶炼和压延加工业","地方政策-江西省人民政府政策数量","1","17/9/2025 11:10:54","21/10/2025 13:26:53","2022","江西省"
"4748","22","非金属矿物制品业","地方政策-江西省人民政府政策数量","1","17/9/2025 11:10:54","21/10/2025 13:26:53","2022","江西省"
"4749","2","化学原料和化学制品制造业","地方政策-江西省人民政府政策数量","2","17/9/2025 11:10:54","21/10/2025 13:26:53","2022","江西省"
"4750","17","交通运输、仓储和邮政业","地方政策-江西省人民政府政策数量","1","17/9/2025 11:10:54","21/10/2025 13:26:53","2022","江西省"
"4751","16","建筑业","地方政策-江西省人民政府政策数量","1","17/9/2025 11:10:54","21/10/2025 13:26:53","2022","江西省"
"4752","14","采矿业","地方政策-江西省人民政府政策数量","2","17/9/2025 11:10:54","21/10/2025 13:26:53","2022","江西省"
"4753","28","水利、环境和公共设施管理业","地方政策-江西省人民政府政策数量","1","17/9/2025 11:10:54","21/10/2025 13:26:52","2022","江西省"
"4754","30","科学研究和技术服务业","地方政策-江西省人民政府政策数量","1","17/9/2025 11:10:54","21/10/2025 13:26:53","2022","江西省"
"4755","31","教育","地方政策-江西省人民政府政策数量","1","17/9/2025 11:10:54","21/10/2025 13:26:53","2022","江西省"
"4756","7","金融业","地方政策-江西省人民政府政策数量","1","17/9/2025 11:10:54","21/10/2025 13:26:52","2022","江西省"
"4757","9","批发和零售业","地方政策-江西省人民政府政策数量","1","17/9/2025 11:10:54","21/10/2025 13:26:53","2022","江西省"
"4758","3","信息传输、软件和信息技术服务业","地方政策-江西省人民政府政策数量","1","17/9/2025 11:10:55","21/10/2025 13:26:52","2022","江西省"
"4759",,"互联网和相关服务","地方政策-江西省人民政府政策数量","1","17/9/2025 11:10:55","17/9/2025 11:10:55","2022","江西省"
"4760","20","租赁和商务服务业","地方政策-江西省人民政府政策数量","1","17/9/2025 11:10:55","21/10/2025 13:26:53","2022","江西省"
"4761","33","文化、体育和娱乐业","地方政策-江西省人民政府政策数量","1","17/9/2025 11:10:55","21/10/2025 13:26:53","2022","江西省"
"4762","35","卫生和社会工作","地方政策-江西省人民政府政策数量","1","17/9/2025 11:10:55","21/10/2025 13:26:53","2022","江西省"
"4763","48","居民服务、修理和其他服务业","地方政策-江西省人民政府政策数量","1","17/9/2025 11:10:55","21/10/2025 13:26:53","2022","江西省"
"4764","24","综合","地方政策-江西省人民政府政策数量","1","17/9/2025 11:10:55","21/10/2025 13:26:53","2022","江西省"
"4765","1","医药制造业","地方政策-省政府办公厅政策数量","1","17/9/2025 11:10:55","21/10/2025 13:26:53","2022","江西省"
"4766","30","科学研究和技术服务业","地方政策-省国有资产监督管理委员会政策数量","1","17/9/2025 11:10:55","21/10/2025 13:26:53","2022","江西省"
"4767","3","信息传输、软件和信息技术服务业","地方政策-省政府办公厅政策数量","1","17/9/2025 11:10:56","21/10/2025 13:26:52","2022","江西省"
"4768",,"互联网和相关服务","地方政策-省政府办公厅政策数量","1","17/9/2025 11:10:56","17/9/2025 11:10:56","2022","江西省"
"4769",,"电信、广播电视和卫星传输服务","地方政策-省政府办公厅政策数量","1","17/9/2025 11:10:56","17/9/2025 11:10:56","2022","江西省"
"4770","5","专用设备制造业","地方政策-江西省人民政府政策数量","1","17/9/2025 11:10:56","21/10/2025 13:26:53","2022","江西省"
"4771","8","商业电气机械和器材制造业","地方政策-江西省人民政府政策数量","1","17/9/2025 11:10:56","21/10/2025 13:26:53","2022","江西省"
"4772","12","汽车制造业","地方政策-江西省人民政府政策数量","1","17/9/2025 11:10:56","21/10/2025 13:26:53","2022","江西省"
"4773","46","废弃资源综合利用业","地方政策-江西省人民政府政策数量","1","17/9/2025 11:10:56","21/10/2025 13:26:53","2022","江西省"
"4774","30","科学研究和技术服务业","地方政策-江西省科学技术厅政策数量","1","17/9/2025 11:10:56","21/10/2025 13:26:53","2022","江西省"
"4775","30","科学研究和技术服务业","地方政策-江西省税务局政策数量","1","17/9/2025 11:10:56","21/10/2025 13:26:53","2022","江西省"
"4776","7","金融业","地方政策-省政府办公厅政策数量","1","17/9/2025 11:10:56","21/10/2025 13:26:52","2022","江西省"
"4777","30","科学研究和技术服务业","地方政策-省政府办公厅政策数量","1","17/9/2025 11:10:56","21/10/2025 13:26:53","2022","江西省"
"4778","30","科学研究和技术服务业","地方政策-江西省政府办公厅政策数量","1","17/9/2025 11:10:56","21/10/2025 13:26:53","2022","江西省"
"4779",,,"发布政策数量","16","17/9/2025 11:10:56","17/9/2025 11:10:56","2022","河南省"
"4780",,,"地方政策政策数量","16","17/9/2025 11:10:57","17/9/2025 11:10:57","2022","河南省"
"4781",,,"河南省人民政府办公厅发布政策数量","9","17/9/2025 11:10:57","17/9/2025 11:10:57","2022","河南省"
"4782",,,"河南省工业和信息化厅办公室发布政策数量","1","17/9/2025 11:10:57","17/9/2025 11:10:57","2022","河南省"
"4783",,,"河南省发展和改革委员会发布政策数量","1","17/9/2025 11:10:57","17/9/2025 11:10:57","2022","河南省"
"4784",,,"河南省人民政府发布政策数量","3","17/9/2025 11:10:57","17/9/2025 11:10:57","2022","河南省"
"4785",,,"厅数字化与未来产业处发布政策数量","1","17/9/2025 11:10:57","17/9/2025 11:10:57","2022","河南省"
"4786",,,"河南省工业和信息化厅发布政策数量","1","17/9/2025 11:10:57","17/9/2025 11:10:57","2022","河南省"
"4787","3","信息传输、软件和信息技术服务业","政策数量","5","17/9/2025 11:10:57","21/10/2025 13:26:52","2022","河南省"
"4788","17","交通运输、仓储和邮政业","政策数量","4","17/9/2025 11:10:57","21/10/2025 13:26:53","2022","河南省"
"4789","30","科学研究和技术服务业","政策数量","4","17/9/2025 11:10:57","21/10/2025 13:26:53","2022","河南省"
"4790","2","化学原料和化学制品制造业","政策数量","3","17/9/2025 11:10:57","21/10/2025 13:26:53","2022","河南省"
"4791","7","金融业","政策数量","3","17/9/2025 11:10:57","21/10/2025 13:26:52","2022","河南省"
"4792","34","农、林、牧、渔业","政策数量","3","17/9/2025 11:10:57","21/10/2025 13:26:53","2022","河南省"
"4793","1","医药制造业","政策数量","3","17/9/2025 11:10:57","21/10/2025 13:26:53","2022","河南省"
"4794","5","专用设备制造业","政策数量","2","17/9/2025 11:10:57","21/10/2025 13:26:53","2022","河南省"
"4795","31","教育","政策数量","2","17/9/2025 11:10:57","21/10/2025 13:26:53","2022","河南省"
"4796","18","通用设备制造业","政策数量","2","17/9/2025 11:10:58","21/10/2025 13:26:53","2022","河南省"
"4797","10","食品饮料业","政策数量","2","17/9/2025 11:10:58","21/10/2025 13:26:53","2022","河南省"
"4798","22","非金属矿物制品业","政策数量","2","17/9/2025 11:10:58","21/10/2025 13:26:53","2022","河南省"
"4799","33","文化、体育和娱乐业","政策数量","2","17/9/2025 11:10:58","21/10/2025 13:26:53","2022","河南省"
"4800",,"互联网和相关服务","政策数量","2","17/9/2025 11:10:58","17/9/2025 11:10:58","2022","河南省"
"4801","13","电力、热力、燃气及水生产和供应业","政策数量","2","17/9/2025 11:10:58","21/10/2025 13:26:53","2022","河南省"
"4802",,"制造业","政策数量","1","17/9/2025 11:10:58","17/9/2025 11:10:58","2022","河南省"
"4803","20","租赁和商务服务业","政策数量","1","17/9/2025 11:10:58","21/10/2025 13:26:53","2022","河南省"
"4804","29","金属冶炼和压延加工业","政策数量","1","17/9/2025 11:10:58","21/10/2025 13:26:53","2022","河南省"
"4805","37","住宿和餐饮业","政策数量","1","17/9/2025 11:10:58","21/10/2025 13:26:53","2022","河南省"
"4806","27","铁路、船舶、航空航天和其他运输设备制造业","政策数量","1","17/9/2025 11:10:59","21/10/2025 13:26:53","2022","河南省"
"4807","35","卫生和社会工作","政策数量","1","17/9/2025 11:10:59","21/10/2025 13:26:53","2022","河南省"
"4808","46","废弃资源综合利用业","政策数量","1","17/9/2025 11:10:59","21/10/2025 13:26:53","2022","河南省"
"4809","21","通信传输设备业","政策数量","1","17/9/2025 11:10:59","21/10/2025 13:26:53","2022","河南省"
"4810","16","建筑业","政策数量","1","17/9/2025 11:10:59","21/10/2025 13:26:53","2022","河南省"
"4811","19","半导体业","政策数量","1","17/9/2025 11:10:59","21/10/2025 13:26:53","2022","河南省"
"4812","12","汽车制造业","政策数量","1","17/9/2025 11:10:59","21/10/2025 13:26:53","2022","河南省"
"4813","28","水利、环境和公共设施管理业","政策数量","1","17/9/2025 11:10:59","21/10/2025 13:26:52","2022","河南省"
"4814","14","采矿业","政策数量","1","17/9/2025 11:11:00","21/10/2025 13:26:53","2022","河南省"
"4815","9","批发和零售业","政策数量","1","17/9/2025 11:11:00","21/10/2025 13:26:53","2022","河南省"
"4816",,,"地方政策-河南省人民政府办公厅政策数量","9","17/9/2025 11:11:00","17/9/2025 11:11:00","2022","河南省"
"4817",,,"地方政策-河南省工业和信息化厅办公室政策数量","1","17/9/2025 11:11:00","17/9/2025 11:11:00","2022","河南省"
"4818",,,"地方政策-河南省发展和改革委员会政策数量","1","17/9/2025 11:11:00","17/9/2025 11:11:00","2022","河南省"
"4819",,,"地方政策-河南省人民政府政策数量","3","17/9/2025 11:11:00","17/9/2025 11:11:00","2022","河南省"
"4820",,,"地方政策-厅数字化与未来产业处政策数量","1","17/9/2025 11:11:00","17/9/2025 11:11:00","2022","河南省"
"4821",,,"地方政策-河南省工业和信息化厅政策数量","1","17/9/2025 11:11:00","17/9/2025 11:11:00","2022","河南省"
"4822","30","科学研究和技术服务业","地方政策政策数量","4","17/9/2025 11:11:00","21/10/2025 13:26:53","2022","河南省"
"4823","13","电力、热力、燃气及水生产和供应业","地方政策政策数量","2","17/9/2025 11:11:01","21/10/2025 13:26:53","2022","河南省"
"4824","12","汽车制造业","地方政策政策数量","1","17/9/2025 11:11:01","21/10/2025 13:26:53","2022","河南省"
"4825","17","交通运输、仓储和邮政业","地方政策政策数量","4","17/9/2025 11:11:01","21/10/2025 13:26:53","2022","河南省"
"4826","2","化学原料和化学制品制造业","地方政策政策数量","3","17/9/2025 11:11:01","21/10/2025 13:26:53","2022","河南省"
"4827","5","专用设备制造业","地方政策政策数量","2","17/9/2025 11:11:01","21/10/2025 13:26:53","2022","河南省"
"4828","18","通用设备制造业","地方政策政策数量","2","17/9/2025 11:11:01","21/10/2025 13:26:53","2022","河南省"
"4829","22","非金属矿物制品业","地方政策政策数量","2","17/9/2025 11:11:01","21/10/2025 13:26:53","2022","河南省"
"4830","46","废弃资源综合利用业","地方政策政策数量","1","17/9/2025 11:11:01","21/10/2025 13:26:53","2022","河南省"
"4831","28","水利、环境和公共设施管理业","地方政策政策数量","1","17/9/2025 11:11:01","21/10/2025 13:26:52","2022","河南省"
"4832","3","信息传输、软件和信息技术服务业","地方政策政策数量","5","17/9/2025 11:11:01","21/10/2025 13:26:52","2022","河南省"
"4833","7","金融业","地方政策政策数量","3","17/9/2025 11:11:01","21/10/2025 13:26:52","2022","河南省"
"4834","31","教育","地方政策政策数量","2","17/9/2025 11:11:01","21/10/2025 13:26:53","2022","河南省"
"4835","35","卫生和社会工作","地方政策政策数量","1","17/9/2025 11:11:01","21/10/2025 13:26:53","2022","河南省"
"4836","33","文化、体育和娱乐业","地方政策政策数量","2","17/9/2025 11:11:01","21/10/2025 13:26:53","2022","河南省"
"4837","34","农、林、牧、渔业","地方政策政策数量","3","17/9/2025 11:11:02","21/10/2025 13:26:53","2022","河南省"
"4838","16","建筑业","地方政策政策数量","1","17/9/2025 11:11:02","21/10/2025 13:26:53","2022","河南省"
"4839","14","采矿业","地方政策政策数量","1","17/9/2025 11:11:02","21/10/2025 13:26:53","2022","河南省"
"4840",,"制造业","地方政策政策数量","1","17/9/2025 11:11:02","17/9/2025 11:11:02","2022","河南省"
"4841","29","金属冶炼和压延加工业","地方政策政策数量","1","17/9/2025 11:11:02","21/10/2025 13:26:53","2022","河南省"
"4842","1","医药制造业","地方政策政策数量","3","17/9/2025 11:11:02","21/10/2025 13:26:53","2022","河南省"
"4843","27","铁路、船舶、航空航天和其他运输设备制造业","地方政策政策数量","1","17/9/2025 11:11:02","21/10/2025 13:26:53","2022","河南省"
"4844","10","食品饮料业","地方政策政策数量","2","17/9/2025 11:11:02","21/10/2025 13:26:53","2022","河南省"
"4845",,"互联网和相关服务","地方政策政策数量","2","17/9/2025 11:11:02","17/9/2025 11:11:02","2022","河南省"
"4846","21","通信传输设备业","地方政策政策数量","1","17/9/2025 11:11:02","21/10/2025 13:26:53","2022","河南省"
"4847","19","半导体业","地方政策政策数量","1","17/9/2025 11:11:02","21/10/2025 13:26:53","2022","河南省"
"4848","9","批发和零售业","地方政策政策数量","1","17/9/2025 11:11:02","21/10/2025 13:26:53","2022","河南省"
"4849","20","租赁和商务服务业","地方政策政策数量","1","17/9/2025 11:11:02","21/10/2025 13:26:53","2022","河南省"
"4850","37","住宿和餐饮业","地方政策政策数量","1","17/9/2025 11:11:02","21/10/2025 13:26:53","2022","河南省"
"4851","30","科学研究和技术服务业","地方政策-河南省人民政府办公厅政策数量","4","17/9/2025 11:11:03","21/10/2025 13:26:53","2022","河南省"
"4852","13","电力、热力、燃气及水生产和供应业","地方政策-河南省人民政府办公厅政策数量","2","17/9/2025 11:11:03","21/10/2025 13:26:53","2022","河南省"
"4853","12","汽车制造业","地方政策-河南省人民政府办公厅政策数量","1","17/9/2025 11:11:03","21/10/2025 13:26:53","2022","河南省"
"4854","17","交通运输、仓储和邮政业","地方政策-河南省人民政府办公厅政策数量","3","17/9/2025 11:11:03","21/10/2025 13:26:53","2022","河南省"
"4855","2","化学原料和化学制品制造业","地方政策-河南省人民政府办公厅政策数量","2","17/9/2025 11:11:03","21/10/2025 13:26:53","2022","河南省"
"4856","5","专用设备制造业","地方政策-河南省人民政府办公厅政策数量","2","17/9/2025 11:11:03","21/10/2025 13:26:53","2022","河南省"
"4857","18","通用设备制造业","地方政策-河南省人民政府办公厅政策数量","2","17/9/2025 11:11:03","21/10/2025 13:26:53","2022","河南省"
"4858","22","非金属矿物制品业","地方政策-河南省工业和信息化厅办公室政策数量","1","17/9/2025 11:11:03","21/10/2025 13:26:53","2022","河南省"
"4859","2","化学原料和化学制品制造业","地方政策-河南省工业和信息化厅办公室政策数量","1","17/9/2025 11:11:03","21/10/2025 13:26:53","2022","河南省"
"4860","46","废弃资源综合利用业","地方政策-河南省工业和信息化厅办公室政策数量","1","17/9/2025 11:11:03","21/10/2025 13:26:53","2022","河南省"
"4861","1","医药制造业","地方政策-河南省发展和改革委员会政策数量","1","17/9/2025 11:11:03","21/10/2025 13:26:53","2022","河南省"
"4862","28","水利、环境和公共设施管理业","地方政策-河南省人民政府办公厅政策数量","1","17/9/2025 11:11:03","21/10/2025 13:26:52","2022","河南省"
"4863","3","信息传输、软件和信息技术服务业","地方政策-河南省人民政府办公厅政策数量","4","17/9/2025 11:11:03","21/10/2025 13:26:52","2022","河南省"
"4864","7","金融业","地方政策-河南省人民政府办公厅政策数量","2","17/9/2025 11:11:03","21/10/2025 13:26:52","2022","河南省"
"4865","31","教育","地方政策-河南省人民政府办公厅政策数量","2","17/9/2025 11:11:03","21/10/2025 13:26:53","2022","河南省"
"4866","35","卫生和社会工作","地方政策-河南省人民政府办公厅政策数量","1","17/9/2025 11:11:03","21/10/2025 13:26:53","2022","河南省"
"4867","33","文化、体育和娱乐业","地方政策-河南省人民政府办公厅政策数量","2","17/9/2025 11:11:04","21/10/2025 13:26:53","2022","河南省"
"4868","34","农、林、牧、渔业","地方政策-河南省人民政府办公厅政策数量","3","17/9/2025 11:11:04","21/10/2025 13:26:53","2022","河南省"
"4869","16","建筑业","地方政策-河南省人民政府办公厅政策数量","1","17/9/2025 11:11:04","21/10/2025 13:26:53","2022","河南省"
"4870","14","采矿业","地方政策-河南省人民政府办公厅政策数量","1","17/9/2025 11:11:04","21/10/2025 13:26:53","2022","河南省"
"4871",,"制造业","地方政策-河南省人民政府办公厅政策数量","1","17/9/2025 11:11:04","17/9/2025 11:11:04","2022","河南省"
"4872","17","交通运输、仓储和邮政业","地方政策-河南省人民政府政策数量","1","17/9/2025 11:11:04","21/10/2025 13:26:53","2022","河南省"
"4873","22","非金属矿物制品业","地方政策-河南省人民政府办公厅政策数量","1","17/9/2025 11:11:04","21/10/2025 13:26:53","2022","河南省"
"4874","29","金属冶炼和压延加工业","地方政策-河南省人民政府办公厅政策数量","1","17/9/2025 11:11:04","21/10/2025 13:26:53","2022","河南省"
"4875","1","医药制造业","地方政策-河南省人民政府办公厅政策数量","2","17/9/2025 11:11:04","21/10/2025 13:26:53","2022","河南省"
"4876","27","铁路、船舶、航空航天和其他运输设备制造业","地方政策-河南省人民政府办公厅政策数量","1","17/9/2025 11:11:04","21/10/2025 13:26:53","2022","河南省"
"4877","10","食品饮料业","地方政策-厅数字化与未来产业处政策数量","1","17/9/2025 11:11:04","21/10/2025 13:26:53","2022","河南省"
"4878","7","金融业","地方政策-河南省工业和信息化厅政策数量","1","17/9/2025 11:11:04","21/10/2025 13:26:52","2022","河南省"
"4879","3","信息传输、软件和信息技术服务业","地方政策-河南省人民政府政策数量","1","17/9/2025 11:11:04","21/10/2025 13:26:52","2022","河南省"
"4880",,"互联网和相关服务","地方政策-河南省人民政府政策数量","1","17/9/2025 11:11:04","17/9/2025 11:11:04","2022","河南省"
"4881","21","通信传输设备业","地方政策-河南省人民政府政策数量","1","17/9/2025 11:11:04","21/10/2025 13:26:53","2022","河南省"
"4882","19","半导体业","地方政策-河南省人民政府政策数量","1","17/9/2025 11:11:04","21/10/2025 13:26:53","2022","河南省"
"4883",,"互联网和相关服务","地方政策-河南省人民政府办公厅政策数量","1","17/9/2025 11:11:04","17/9/2025 11:11:04","2022","河南省"
"4884","9","批发和零售业","地方政策-河南省人民政府办公厅政策数量","1","17/9/2025 11:11:04","21/10/2025 13:26:53","2022","河南省"
"4885","20","租赁和商务服务业","地方政策-河南省人民政府办公厅政策数量","1","17/9/2025 11:11:04","21/10/2025 13:26:53","2022","河南省"
"4886","37","住宿和餐饮业","地方政策-河南省人民政府办公厅政策数量","1","17/9/2025 11:11:05","21/10/2025 13:26:53","2022","河南省"
"4887","10","食品饮料业","地方政策-河南省人民政府办公厅政策数量","1","17/9/2025 11:11:05","21/10/2025 13:26:53","2022","河南省"
"4888",,,"发布政策数量","59","17/9/2025 11:11:05","17/9/2025 11:11:05","2022","广东省"
"4889",,,"地方政策政策数量","59","17/9/2025 11:11:05","17/9/2025 11:11:05","2022","广东省"
"4890",,,"广东省人民政府办公厅发布政策数量","5","17/9/2025 11:11:05","17/9/2025 11:11:05","2022","广东省"
"4891",,,"深圳市人民代表大会常务委员会发布政策数量","2","17/9/2025 11:11:05","17/9/2025 11:11:05","2022","广东省"
"4892",,,"广东省人民政府发布政策数量","3","17/9/2025 11:11:05","17/9/2025 11:11:05","2022","广东省"
"4893",,,"中共广东省委发布政策数量","1","17/9/2025 11:11:05","17/9/2025 11:11:05","2022","广东省"
"4894",,,"广东省发展和改革委员会发布政策数量","2","17/9/2025 11:11:05","17/9/2025 11:11:05","2022","广东省"
"4895",,,"广东省科学技术厅发布政策数量","3","17/9/2025 11:11:05","17/9/2025 11:11:05","2022","广东省"
"4896",,,"广东省工业和信息化厅发布政策数量","4","17/9/2025 11:11:05","17/9/2025 11:11:05","2022","广东省"
"4897",,,"广东省财政厅发布政策数量","2","17/9/2025 11:11:05","17/9/2025 11:11:05","2022","广东省"
"4898",,,"广东省住房和城乡建设厅发布政策数量","1","17/9/2025 11:11:05","17/9/2025 11:11:05","2022","广东省"
"4899",,,"广东省应急管理厅发布政策数量","1","17/9/2025 11:11:05","17/9/2025 11:11:05","2022","广东省"
"4900",,,"广东省市场监督管理局发布政策数量","1","17/9/2025 11:11:05","17/9/2025 11:11:05","2022","广东省"
"4901",,,"广东省能源局发布政策数量","2","17/9/2025 11:11:06","17/9/2025 11:11:06","2022","广东省"
"4902",,,"深圳市商务局发布政策数量","2","17/9/2025 11:11:06","17/9/2025 11:11:06","2022","广东省"
"4903",,,"深圳市科技创新委员会发布政策数量","5","17/9/2025 11:11:06","17/9/2025 11:11:06","2022","广东省"
"4904",,,"横琴粤澳深度合作区执行委员会发布政策数量","1","17/9/2025 11:11:06","17/9/2025 11:11:06","2022","广东省"
"4905",,,"深圳市发展和改革委员会发布政策数量","4","17/9/2025 11:11:06","17/9/2025 11:11:06","2022","广东省"
"4906",,,"广州市人民政府发布政策数量","1","17/9/2025 11:11:06","17/9/2025 11:11:06","2022","广东省"
"4907",,,"广州市科学技术局发布政策数量","3","17/9/2025 11:11:06","17/9/2025 11:11:06","2022","广东省"
"4908",,,"深圳市人民政府发布政策数量","2","17/9/2025 11:11:06","17/9/2025 11:11:06","2022","广东省"
"4909",,,"深圳市工业和信息化局发布政策数量","5","17/9/2025 11:11:06","17/9/2025 11:11:06","2022","广东省"
"4910",,,"深圳市规划和自然资源局发布政策数量","1","17/9/2025 11:11:06","17/9/2025 11:11:06","2022","广东省"
"4911",,,"广州南沙开发区管委会办公室秘书处发布政策数量","1","17/9/2025 11:11:06","17/9/2025 11:11:06","2022","广东省"
"4912",,,"广州市人民政府办公厅发布政策数量","3","17/9/2025 11:11:06","17/9/2025 11:11:06","2022","广东省"
"4913",,,"深圳市地方金融监督管理局发布政策数量","1","17/9/2025 11:11:06","17/9/2025 11:11:06","2022","广东省"
"4914",,,"广州市黄埔区工业和信息化局发布政策数量","2","17/9/2025 11:11:06","17/9/2025 11:11:06","2022","广东省"
"4915",,,"广州开发区经济和信息化局发布政策数量","2","17/9/2025 11:11:06","17/9/2025 11:11:06","2022","广东省"
"4916",,,"广州市黄埔区科学技术局发布政策数量","3","17/9/2025 11:11:06","17/9/2025 11:11:06","2022","广东省"
"4917",,,"广州开发区科技创新局发布政策数量","2","17/9/2025 11:11:06","17/9/2025 11:11:06","2022","广东省"
"4918",,,"省科技厅发布政策数量","1","17/9/2025 11:11:06","17/9/2025 11:11:06","2022","广东省"
"4919",,,"市规划和自然资源局发布政策数量","1","17/9/2025 11:11:06","17/9/2025 11:11:06","2022","广东省"
"4920",,,"广东省药品监督管理局办公室发布政策数量","1","17/9/2025 11:11:06","17/9/2025 11:11:06","2022","广东省"
"4921",,,"广东省科技厅发布政策数量","1","17/9/2025 11:11:07","17/9/2025 11:11:07","2022","广东省"
"4922",,,"横琴粤澳深度财政局发布政策数量","1","17/9/2025 11:11:07","17/9/2025 11:11:07","2022","广东省"
"4923",,,"国家税务总局横琴粤澳深度合作区税务局发布政策数量","1","17/9/2025 11:11:07","17/9/2025 11:11:07","2022","广东省"
"4924",,,"横琴粤澳深度合作区经济发展局发布政策数量","1","17/9/2025 11:11:07","17/9/2025 11:11:07","2022","广东省"
"4925",,,"广州市人民政府办公厅秘书处发布政策数量","1","17/9/2025 11:11:07","17/9/2025 11:11:07","2022","广东省"
"4926",,,"市政府办公厅发布政策数量","1","17/9/2025 11:11:07","17/9/2025 11:11:07","2022","广东省"
"4927",,,"深圳科技创新委员会发布政策数量","1","17/9/2025 11:11:07","17/9/2025 11:11:07","2022","广东省"
"4928",,,"深圳市交通运输局发布政策数量","1","17/9/2025 11:11:07","17/9/2025 11:11:07","2022","广东省"
"4929",,,"深圳市发展改革委发布政策数量","1","17/9/2025 11:11:07","17/9/2025 11:11:07","2022","广东省"
"4930",,,"深圳市公安交警局发布政策数量","1","17/9/2025 11:11:07","17/9/2025 11:11:07","2022","广东省"
"4931",,,"广东省发展改革委发布政策数量","1","17/9/2025 11:11:07","17/9/2025 11:11:07","2022","广东省"
"4932",,,"深圳市前海深港现代服务业合作区管理局发布政策数量","2","17/9/2025 11:11:07","17/9/2025 11:11:07","2022","广东省"
"4933",,,"深圳市科学技术协会发布政策数量","1","17/9/2025 11:11:07","17/9/2025 11:11:07","2022","广东省"
"4934",,,"深圳市财政局发布政策数量","1","17/9/2025 11:11:07","17/9/2025 11:11:07","2022","广东省"
"4935","30","科学研究和技术服务业","政策数量","28","17/9/2025 11:11:08","21/10/2025 13:26:53","2022","广东省"
"4936","3","信息传输、软件和信息技术服务业","政策数量","27","17/9/2025 11:11:08","21/10/2025 13:26:52","2022","广东省"
"4937",,"互联网和相关服务","政策数量","17","17/9/2025 11:11:08","17/9/2025 11:11:08","2022","广东省"
"4938","21","通信传输设备业","政策数量","11","17/9/2025 11:11:08","21/10/2025 13:26:53","2022","广东省"
"4939","12","汽车制造业","政策数量","10","17/9/2025 11:11:08","21/10/2025 13:26:53","2022","广东省"
"4940","19","半导体业","政策数量","10","17/9/2025 11:11:08","21/10/2025 13:26:53","2022","广东省"
"4941","1","医药制造业","政策数量","7","17/9/2025 11:11:08","21/10/2025 13:26:53","2022","广东省"
"4942","5","专用设备制造业","政策数量","7","17/9/2025 11:11:08","21/10/2025 13:26:53","2022","广东省"
"4943","7","金融业","政策数量","7","17/9/2025 11:11:08","21/10/2025 13:26:52","2022","广东省"
"4944","13","电力、热力、燃气及水生产和供应业","政策数量","5","17/9/2025 11:11:08","21/10/2025 13:26:53","2022","广东省"
"4945","32","仪器仪表制造业","政策数量","5","17/9/2025 11:11:08","21/10/2025 13:26:53","2022","广东省"
"4946","18","通用设备制造业","政策数量","5","17/9/2025 11:11:08","21/10/2025 13:26:53","2022","广东省"
"4947","17","交通运输、仓储和邮政业","政策数量","5","17/9/2025 11:11:09","21/10/2025 13:26:53","2022","广东省"
"4948","9","批发和零售业","政策数量","4","17/9/2025 11:11:09","21/10/2025 13:26:53","2022","广东省"
"4949","2","化学原料和化学制品制造业","政策数量","4","17/9/2025 11:11:09","21/10/2025 13:26:53","2022","广东省"
"4950","27","铁路、船舶、航空航天和其他运输设备制造业","政策数量","4","17/9/2025 11:11:09","21/10/2025 13:26:53","2022","广东省"
"4951","20","租赁和商务服务业","政策数量","3","17/9/2025 11:11:09","21/10/2025 13:26:53","2022","广东省"
"4952","25","其他制造业","政策数量","3","17/9/2025 11:11:09","21/10/2025 13:26:53","2022","广东省"
"4953","33","文化、体育和娱乐业","政策数量","3","17/9/2025 11:11:09","21/10/2025 13:26:53","2022","广东省"
"4954","15","纺织鞋服业","政策数量","2","17/9/2025 11:11:09","21/10/2025 13:26:53","2022","广东省"
"4955","31","教育","政策数量","2","17/9/2025 11:11:09","21/10/2025 13:26:53","2022","广东省"
"4956","24","综合","政策数量","2","17/9/2025 11:11:09","21/10/2025 13:26:53","2022","广东省"
"4957","6","消费电子及电气业","政策数量","1","17/9/2025 11:11:09","21/10/2025 13:26:53","2022","广东省"
"4958","41","文教、工美、体育和娱乐用品制造业","政策数量","1","17/9/2025 11:11:10","21/10/2025 13:26:53","2022","广东省"
"4959","34","农、林、牧、渔业","政策数量","1","17/9/2025 11:11:10","21/10/2025 13:26:53","2022","广东省"
"4960","38","家具制造业","政策数量","1","17/9/2025 11:11:10","21/10/2025 13:26:53","2022","广东省"
"4961",,"新材料与精细化工","政策数量","1","17/9/2025 11:11:10","17/9/2025 11:11:10","2022","广东省"
"4962",,"制造业（对应“其他制造业”）","政策数量","1","17/9/2025 11:11:10","17/9/2025 11:11:10","2022","广东省"
"4963",,"新能源与节能环保","政策数量","1","17/9/2025 11:11:10","17/9/2025 11:11:10","2022","广东省"
"4964",,"数字创意","政策数量","1","17/9/2025 11:11:10","17/9/2025 11:11:10","2022","广东省"
"4965","28","水利、环境和公共设施管理业","政策数量","1","17/9/2025 11:11:10","21/10/2025 13:26:52","2022","广东省"
"4966","35","卫生和社会工作","政策数量","1","17/9/2025 11:11:10","21/10/2025 13:26:53","2022","广东省"
"4967","26","金属制品业","政策数量","1","17/9/2025 11:11:10","21/10/2025 13:26:53","2022","广东省"
"4968",,"电气机械和器材制造业","政策数量","1","17/9/2025 11:11:10","17/9/2025 11:11:10","2022","广东省"
"4969","22","非金属矿物制品业","政策数量","1","17/9/2025 11:11:10","21/10/2025 13:26:53","2022","广东省"
"4970",,"电信、广播电视和卫星传输服务","政策数量","1","17/9/2025 11:11:10","17/9/2025 11:11:10","2022","广东省"
"4971",,,"地方政策-广东省人民政府办公厅政策数量","5","17/9/2025 11:11:10","17/9/2025 11:11:10","2022","广东省"
"4972",,,"地方政策-深圳市人民代表大会常务委员会政策数量","2","17/9/2025 11:11:11","17/9/2025 11:11:11","2022","广东省"
"4973",,,"地方政策-广东省人民政府政策数量","3","17/9/2025 11:11:11","17/9/2025 11:11:11","2022","广东省"
"4974",,,"地方政策-中共广东省委政策数量","1","17/9/2025 11:11:11","17/9/2025 11:11:11","2022","广东省"
"4975",,,"地方政策-广东省发展和改革委员会政策数量","2","17/9/2025 11:11:11","17/9/2025 11:11:11","2022","广东省"
"4976",,,"地方政策-广东省科学技术厅政策数量","3","17/9/2025 11:11:11","17/9/2025 11:11:11","2022","广东省"
"4977",,,"地方政策-广东省工业和信息化厅政策数量","4","17/9/2025 11:11:11","17/9/2025 11:11:11","2022","广东省"
"4978",,,"地方政策-广东省财政厅政策数量","2","17/9/2025 11:11:11","17/9/2025 11:11:11","2022","广东省"
"4979",,,"地方政策-广东省住房和城乡建设厅政策数量","1","17/9/2025 11:11:11","17/9/2025 11:11:11","2022","广东省"
"4980",,,"地方政策-广东省应急管理厅政策数量","1","17/9/2025 11:11:11","17/9/2025 11:11:11","2022","广东省"
"4981",,,"地方政策-广东省市场监督管理局政策数量","1","17/9/2025 11:11:11","17/9/2025 11:11:11","2022","广东省"
"4982",,,"地方政策-广东省能源局政策数量","2","17/9/2025 11:11:11","17/9/2025 11:11:11","2022","广东省"
"4983",,,"地方政策-深圳市商务局政策数量","2","17/9/2025 11:11:11","17/9/2025 11:11:11","2022","广东省"
"4984",,,"地方政策-深圳市科技创新委员会政策数量","5","17/9/2025 11:11:12","17/9/2025 11:11:12","2022","广东省"
"4985",,,"地方政策-横琴粤澳深度合作区执行委员会政策数量","1","17/9/2025 11:11:12","17/9/2025 11:11:12","2022","广东省"
"4986",,,"地方政策-深圳市发展和改革委员会政策数量","4","17/9/2025 11:11:12","17/9/2025 11:11:12","2022","广东省"
"4987",,,"地方政策-广州市人民政府政策数量","1","17/9/2025 11:11:12","17/9/2025 11:11:12","2022","广东省"
"4988",,,"地方政策-广州市科学技术局政策数量","3","17/9/2025 11:11:12","17/9/2025 11:11:12","2022","广东省"
"4989",,,"地方政策-深圳市人民政府政策数量","2","17/9/2025 11:11:12","17/9/2025 11:11:12","2022","广东省"
"4990",,,"地方政策-深圳市工业和信息化局政策数量","5","17/9/2025 11:11:12","17/9/2025 11:11:12","2022","广东省"
"4991",,,"地方政策-深圳市规划和自然资源局政策数量","1","17/9/2025 11:11:12","17/9/2025 11:11:12","2022","广东省"
"4992",,,"地方政策-广州南沙开发区管委会办公室秘书处政策数量","1","17/9/2025 11:11:12","17/9/2025 11:11:12","2022","广东省"
"4993",,,"地方政策-广州市人民政府办公厅政策数量","3","17/9/2025 11:11:12","17/9/2025 11:11:12","2022","广东省"
"4994",,,"地方政策-深圳市地方金融监督管理局政策数量","1","17/9/2025 11:11:12","17/9/2025 11:11:12","2022","广东省"
"4995",,,"地方政策-广州市黄埔区工业和信息化局政策数量","2","17/9/2025 11:11:13","17/9/2025 11:11:13","2022","广东省"
"4996",,,"地方政策-广州开发区经济和信息化局政策数量","2","17/9/2025 11:11:13","17/9/2025 11:11:13","2022","广东省"
"4997",,,"地方政策-广州市黄埔区科学技术局政策数量","3","17/9/2025 11:11:13","17/9/2025 11:11:13","2022","广东省"
"4998",,,"地方政策-广州开发区科技创新局政策数量","2","17/9/2025 11:11:13","17/9/2025 11:11:13","2022","广东省"
"4999",,,"地方政策-省科技厅政策数量","1","17/9/2025 11:11:13","17/9/2025 11:11:13","2022","广东省"
"5000",,,"地方政策-市规划和自然资源局政策数量","1","17/9/2025 11:11:13","17/9/2025 11:11:13","2022","广东省"
"5001",,,"地方政策-广东省药品监督管理局办公室政策数量","1","17/9/2025 11:11:13","17/9/2025 11:11:13","2022","广东省"
"5002",,,"地方政策-广东省科技厅政策数量","1","17/9/2025 11:11:13","17/9/2025 11:11:13","2022","广东省"
"5003",,,"地方政策-横琴粤澳深度财政局政策数量","1","17/9/2025 11:11:13","17/9/2025 11:11:13","2022","广东省"
"5004",,,"地方政策-国家税务总局横琴粤澳深度合作区税务局政策数量","1","17/9/2025 11:11:13","17/9/2025 11:11:13","2022","广东省"
"5005",,,"地方政策-横琴粤澳深度合作区经济发展局政策数量","1","17/9/2025 11:11:13","17/9/2025 11:11:13","2022","广东省"
"5006",,,"地方政策-广州市人民政府办公厅秘书处政策数量","1","17/9/2025 11:11:13","17/9/2025 11:11:13","2022","广东省"
"5007",,,"地方政策-市政府办公厅政策数量","1","17/9/2025 11:11:13","17/9/2025 11:11:13","2022","广东省"
"5008",,,"地方政策-深圳科技创新委员会政策数量","1","17/9/2025 11:11:13","17/9/2025 11:11:13","2022","广东省"
"5009",,,"地方政策-深圳市交通运输局政策数量","1","17/9/2025 11:11:13","17/9/2025 11:11:13","2022","广东省"
"5010",,,"地方政策-深圳市发展改革委政策数量","1","17/9/2025 11:11:13","17/9/2025 11:11:13","2022","广东省"
"5011",,,"地方政策-深圳市公安交警局政策数量","1","17/9/2025 11:11:13","17/9/2025 11:11:13","2022","广东省"
"5012",,,"地方政策-广东省发展改革委政策数量","1","17/9/2025 11:11:14","17/9/2025 11:11:14","2022","广东省"
"5013",,,"地方政策-深圳市前海深港现代服务业合作区管理局政策数量","2","17/9/2025 11:11:14","17/9/2025 11:11:14","2022","广东省"
"5014",,,"地方政策-深圳市科学技术协会政策数量","1","17/9/2025 11:11:14","17/9/2025 11:11:14","2022","广东省"
"5015",,,"地方政策-深圳市财政局政策数量","1","17/9/2025 11:11:14","17/9/2025 11:11:14","2022","广东省"
"5016","6","消费电子及电气业","地方政策政策数量","1","17/9/2025 11:11:14","21/10/2025 13:26:53","2022","广东省"
"5017","12","汽车制造业","地方政策政策数量","10","17/9/2025 11:11:14","21/10/2025 13:26:53","2022","广东省"
"5018","15","纺织鞋服业","地方政策政策数量","2","17/9/2025 11:11:14","21/10/2025 13:26:53","2022","广东省"
"5019","5","专用设备制造业","地方政策政策数量","7","17/9/2025 11:11:14","21/10/2025 13:26:53","2022","广东省"
"5020","18","通用设备制造业","地方政策政策数量","5","17/9/2025 11:11:14","21/10/2025 13:26:53","2022","广东省"
"5021","21","通信传输设备业","地方政策政策数量","11","17/9/2025 11:11:14","21/10/2025 13:26:53","2022","广东省"
"5022","19","半导体业","地方政策政策数量","10","17/9/2025 11:11:14","21/10/2025 13:26:53","2022","广东省"
"5023","25","其他制造业","地方政策政策数量","3","17/9/2025 11:11:14","21/10/2025 13:26:53","2022","广东省"
"5024","30","科学研究和技术服务业","地方政策政策数量","28","17/9/2025 11:11:14","21/10/2025 13:26:53","2022","广东省"
"5025",,"制造业（对应“其他制造业”）","地方政策政策数量","1","17/9/2025 11:11:14","17/9/2025 11:11:14","2022","广东省"
"5026","3","信息传输、软件和信息技术服务业","地方政策政策数量","27","17/9/2025 11:11:15","21/10/2025 13:26:52","2022","广东省"
"5027","7","金融业","地方政策政策数量","7","17/9/2025 11:11:15","21/10/2025 13:26:52","2022","广东省"
"5028","17","交通运输、仓储和邮政业","地方政策政策数量","5","17/9/2025 11:11:15","21/10/2025 13:26:53","2022","广东省"
"5029","31","教育","地方政策政策数量","2","17/9/2025 11:11:15","21/10/2025 13:26:53","2022","广东省"
"5030","35","卫生和社会工作","地方政策政策数量","1","17/9/2025 11:11:15","21/10/2025 13:26:53","2022","广东省"
"5031","33","文化、体育和娱乐业","地方政策政策数量","3","17/9/2025 11:11:15","21/10/2025 13:26:53","2022","广东省"
"5032","13","电力、热力、燃气及水生产和供应业","地方政策政策数量","5","17/9/2025 11:11:15","21/10/2025 13:26:53","2022","广东省"
"5033",,"互联网和相关服务","地方政策政策数量","17","17/9/2025 11:11:15","17/9/2025 11:11:15","2022","广东省"
"5034","1","医药制造业","地方政策政策数量","7","17/9/2025 11:11:15","21/10/2025 13:26:53","2022","广东省"
"5035","32","仪器仪表制造业","地方政策政策数量","5","17/9/2025 11:11:15","21/10/2025 13:26:53","2022","广东省"
"5036","2","化学原料和化学制品制造业","地方政策政策数量","4","17/9/2025 11:11:15","21/10/2025 13:26:53","2022","广东省"
"5037","27","铁路、船舶、航空航天和其他运输设备制造业","地方政策政策数量","4","17/9/2025 11:11:15","21/10/2025 13:26:53","2022","广东省"
"5038","26","金属制品业","地方政策政策数量","1","17/9/2025 11:11:15","21/10/2025 13:26:53","2022","广东省"
"5039","22","非金属矿物制品业","地方政策政策数量","1","17/9/2025 11:11:15","21/10/2025 13:26:53","2022","广东省"
"5040","41","文教、工美、体育和娱乐用品制造业","地方政策政策数量","1","17/9/2025 11:11:15","21/10/2025 13:26:53","2022","广东省"
"5041","38","家具制造业","地方政策政策数量","1","17/9/2025 11:11:16","21/10/2025 13:26:53","2022","广东省"
"5042","9","批发和零售业","地方政策政策数量","4","17/9/2025 11:11:16","21/10/2025 13:26:53","2022","广东省"
"5043","20","租赁和商务服务业","地方政策政策数量","3","17/9/2025 11:11:16","21/10/2025 13:26:53","2022","广东省"
"5044","28","水利、环境和公共设施管理业","地方政策政策数量","1","17/9/2025 11:11:16","21/10/2025 13:26:52","2022","广东省"
"5045","24","综合","地方政策政策数量","2","17/9/2025 11:11:16","21/10/2025 13:26:53","2022","广东省"
"5046",,"电气机械和器材制造业","地方政策政策数量","1","17/9/2025 11:11:16","17/9/2025 11:11:16","2022","广东省"
"5047",,"电信、广播电视和卫星传输服务","地方政策政策数量","1","17/9/2025 11:11:16","17/9/2025 11:11:16","2022","广东省"
"5048","34","农、林、牧、渔业","地方政策政策数量","1","17/9/2025 11:11:16","21/10/2025 13:26:53","2022","广东省"
"5049",,"新材料与精细化工","地方政策政策数量","1","17/9/2025 11:11:16","17/9/2025 11:11:16","2022","广东省"
"5050",,"新能源与节能环保","地方政策政策数量","1","17/9/2025 11:11:16","17/9/2025 11:11:16","2022","广东省"
"5051",,"数字创意","地方政策政策数量","1","17/9/2025 11:11:16","17/9/2025 11:11:16","2022","广东省"
"5052","6","消费电子及电气业","地方政策-广东省人民政府办公厅政策数量","1","17/9/2025 11:11:16","21/10/2025 13:26:53","2022","广东省"
"5053","12","汽车制造业","地方政策-广东省人民政府办公厅政策数量","1","17/9/2025 11:11:16","21/10/2025 13:26:53","2022","广东省"
"5054","15","纺织鞋服业","地方政策-广东省人民政府办公厅政策数量","1","17/9/2025 11:11:17","21/10/2025 13:26:53","2022","广东省"
"5055","5","专用设备制造业","地方政策-广东省人民政府办公厅政策数量","1","17/9/2025 11:11:17","21/10/2025 13:26:53","2022","广东省"
"5056","18","通用设备制造业","地方政策-广东省人民政府办公厅政策数量","1","17/9/2025 11:11:17","21/10/2025 13:26:53","2022","广东省"
"5057","21","通信传输设备业","地方政策-广东省人民政府办公厅政策数量","1","17/9/2025 11:11:17","21/10/2025 13:26:53","2022","广东省"
"5058","19","半导体业","地方政策-广东省人民政府办公厅政策数量","1","17/9/2025 11:11:17","21/10/2025 13:26:53","2022","广东省"
"5059","25","其他制造业","地方政策-广东省人民政府办公厅政策数量","1","17/9/2025 11:11:17","21/10/2025 13:26:53","2022","广东省"
"5060","3","信息传输、软件和信息技术服务业","地方政策-深圳市人民代表大会常务委员会政策数量","2","17/9/2025 11:11:17","21/10/2025 13:26:52","2022","广东省"
"5061","30","科学研究和技术服务业","地方政策-广东省人民政府政策数量","1","17/9/2025 11:11:17","21/10/2025 13:26:53","2022","广东省"
"5062",,"制造业（对应“其他制造业”）","地方政策-广东省人民政府政策数量","1","17/9/2025 11:11:17","17/9/2025 11:11:17","2022","广东省"
"5063","3","信息传输、软件和信息技术服务业","地方政策-广东省人民政府政策数量","1","17/9/2025 11:11:17","21/10/2025 13:26:52","2022","广东省"
"5064","19","半导体业","地方政策-广东省人民政府政策数量","1","17/9/2025 11:11:17","21/10/2025 13:26:53","2022","广东省"
"5065","7","金融业","地方政策-广东省人民政府政策数量","1","17/9/2025 11:11:17","21/10/2025 13:26:52","2022","广东省"
"5066","17","交通运输、仓储和邮政业","地方政策-广东省人民政府政策数量","1","17/9/2025 11:11:17","21/10/2025 13:26:53","2022","广东省"
"5067","31","教育","地方政策-广东省人民政府政策数量","1","17/9/2025 11:11:17","21/10/2025 13:26:53","2022","广东省"
"5068","35","卫生和社会工作","地方政策-广东省人民政府政策数量","1","17/9/2025 11:11:17","21/10/2025 13:26:53","2022","广东省"
"5069","33","文化、体育和娱乐业","地方政策-广东省人民政府政策数量","1","17/9/2025 11:11:17","21/10/2025 13:26:53","2022","广东省"
"5070","30","科学研究和技术服务业","地方政策-中共广东省委政策数量","1","17/9/2025 11:11:17","21/10/2025 13:26:53","2022","广东省"
"5071",,"制造业（对应“其他制造业”）","地方政策-中共广东省委政策数量","1","17/9/2025 11:11:17","17/9/2025 11:11:17","2022","广东省"
"5072","3","信息传输、软件和信息技术服务业","地方政策-中共广东省委政策数量","1","17/9/2025 11:11:18","21/10/2025 13:26:52","2022","广东省"
"5073","19","半导体业","地方政策-中共广东省委政策数量","1","17/9/2025 11:11:18","21/10/2025 13:26:53","2022","广东省"
"5074","7","金融业","地方政策-中共广东省委政策数量","1","17/9/2025 11:11:18","21/10/2025 13:26:52","2022","广东省"
"5075","17","交通运输、仓储和邮政业","地方政策-中共广东省委政策数量","1","17/9/2025 11:11:18","21/10/2025 13:26:53","2022","广东省"
"5076","31","教育","地方政策-中共广东省委政策数量","1","17/9/2025 11:11:18","21/10/2025 13:26:53","2022","广东省"
"5077","35","卫生和社会工作","地方政策-中共广东省委政策数量","1","17/9/2025 11:11:18","21/10/2025 13:26:53","2022","广东省"
"5078","33","文化、体育和娱乐业","地方政策-中共广东省委政策数量","1","17/9/2025 11:11:18","21/10/2025 13:26:53","2022","广东省"
"5079","12","汽车制造业","地方政策-广东省发展和改革委员会政策数量","2","17/9/2025 11:11:18","21/10/2025 13:26:53","2022","广东省"
"5080","13","电力、热力、燃气及水生产和供应业","地方政策-广东省发展和改革委员会政策数量","2","17/9/2025 11:11:18","21/10/2025 13:26:53","2022","广东省"
"5081","17","交通运输、仓储和邮政业","地方政策-广东省发展和改革委员会政策数量","2","17/9/2025 11:11:18","21/10/2025 13:26:53","2022","广东省"
"5082","12","汽车制造业","地方政策-广东省科学技术厅政策数量","1","17/9/2025 11:11:18","21/10/2025 13:26:53","2022","广东省"
"5083","13","电力、热力、燃气及水生产和供应业","地方政策-广东省科学技术厅政策数量","1","17/9/2025 11:11:18","21/10/2025 13:26:53","2022","广东省"
"5084","17","交通运输、仓储和邮政业","地方政策-广东省科学技术厅政策数量","1","17/9/2025 11:11:18","21/10/2025 13:26:53","2022","广东省"
"5085","12","汽车制造业","地方政策-广东省工业和信息化厅政策数量","2","17/9/2025 11:11:18","21/10/2025 13:26:53","2022","广东省"
"5086","13","电力、热力、燃气及水生产和供应业","地方政策-广东省工业和信息化厅政策数量","2","17/9/2025 11:11:18","21/10/2025 13:26:53","2022","广东省"
"5087","17","交通运输、仓储和邮政业","地方政策-广东省工业和信息化厅政策数量","2","17/9/2025 11:11:18","21/10/2025 13:26:53","2022","广东省"
"5088","12","汽车制造业","地方政策-广东省财政厅政策数量","1","17/9/2025 11:11:18","21/10/2025 13:26:53","2022","广东省"
"5089","13","电力、热力、燃气及水生产和供应业","地方政策-广东省财政厅政策数量","1","17/9/2025 11:11:18","21/10/2025 13:26:53","2022","广东省"
"5090","17","交通运输、仓储和邮政业","地方政策-广东省财政厅政策数量","1","17/9/2025 11:11:18","21/10/2025 13:26:53","2022","广东省"
"5091","12","汽车制造业","地方政策-广东省住房和城乡建设厅政策数量","1","17/9/2025 11:11:18","21/10/2025 13:26:53","2022","广东省"
"5092","13","电力、热力、燃气及水生产和供应业","地方政策-广东省住房和城乡建设厅政策数量","1","17/9/2025 11:11:19","21/10/2025 13:26:53","2022","广东省"
"5093","17","交通运输、仓储和邮政业","地方政策-广东省住房和城乡建设厅政策数量","1","17/9/2025 11:11:19","21/10/2025 13:26:53","2022","广东省"
"5094","12","汽车制造业","地方政策-广东省应急管理厅政策数量","1","17/9/2025 11:11:19","21/10/2025 13:26:53","2022","广东省"
"5095","13","电力、热力、燃气及水生产和供应业","地方政策-广东省应急管理厅政策数量","1","17/9/2025 11:11:19","21/10/2025 13:26:53","2022","广东省"
"5096","17","交通运输、仓储和邮政业","地方政策-广东省应急管理厅政策数量","1","17/9/2025 11:11:19","21/10/2025 13:26:53","2022","广东省"
"5097","12","汽车制造业","地方政策-广东省市场监督管理局政策数量","1","17/9/2025 11:11:19","21/10/2025 13:26:53","2022","广东省"
"5098","13","电力、热力、燃气及水生产和供应业","地方政策-广东省市场监督管理局政策数量","1","17/9/2025 11:11:19","21/10/2025 13:26:53","2022","广东省"
"5099","17","交通运输、仓储和邮政业","地方政策-广东省市场监督管理局政策数量","1","17/9/2025 11:11:19","21/10/2025 13:26:53","2022","广东省"
"5100","12","汽车制造业","地方政策-广东省能源局政策数量","2","17/9/2025 11:11:19","21/10/2025 13:26:53","2022","广东省"
"5101","13","电力、热力、燃气及水生产和供应业","地方政策-广东省能源局政策数量","2","17/9/2025 11:11:19","21/10/2025 13:26:53","2022","广东省"
"5102","17","交通运输、仓储和邮政业","地方政策-广东省能源局政策数量","2","17/9/2025 11:11:19","21/10/2025 13:26:53","2022","广东省"
"5103","3","信息传输、软件和信息技术服务业","地方政策-深圳市科技创新委员会政策数量","3","17/9/2025 11:11:19","21/10/2025 13:26:52","2022","广东省"
"5104","30","科学研究和技术服务业","地方政策-深圳市科技创新委员会政策数量","5","17/9/2025 11:11:19","21/10/2025 13:26:53","2022","广东省"
"5105",,"互联网和相关服务","地方政策-深圳市科技创新委员会政策数量","1","17/9/2025 11:11:19","17/9/2025 11:11:19","2022","广东省"
"5106","21","通信传输设备业","地方政策-深圳市科技创新委员会政策数量","1","17/9/2025 11:11:19","21/10/2025 13:26:53","2022","广东省"
"5107","19","半导体业","地方政策-深圳市科技创新委员会政策数量","1","17/9/2025 11:11:19","21/10/2025 13:26:53","2022","广东省"
"5108","19","半导体业","地方政策-横琴粤澳深度合作区执行委员会政策数量","1","17/9/2025 11:11:19","21/10/2025 13:26:53","2022","广东省"
"5109","1","医药制造业","地方政策-深圳市发展和改革委员会政策数量","1","17/9/2025 11:11:19","21/10/2025 13:26:53","2022","广东省"
"5110","5","专用设备制造业","地方政策-深圳市发展和改革委员会政策数量","1","17/9/2025 11:11:19","21/10/2025 13:26:53","2022","广东省"
"5111","12","汽车制造业","地方政策-广州市人民政府政策数量","1","17/9/2025 11:11:19","21/10/2025 13:26:53","2022","广东省"
"5112","3","信息传输、软件和信息技术服务业","地方政策-深圳市人民政府政策数量","1","17/9/2025 11:11:19","21/10/2025 13:26:52","2022","广东省"
"5113","5","专用设备制造业","地方政策-深圳市人民政府政策数量","2","17/9/2025 11:11:20","21/10/2025 13:26:53","2022","广东省"
"5114","21","通信传输设备业","地方政策-深圳市人民政府政策数量","2","17/9/2025 11:11:20","21/10/2025 13:26:53","2022","广东省"
"5115","19","半导体业","地方政策-深圳市人民政府政策数量","2","17/9/2025 11:11:20","21/10/2025 13:26:53","2022","广东省"
"5116","12","汽车制造业","地方政策-深圳市人民政府政策数量","2","17/9/2025 11:11:20","21/10/2025 13:26:53","2022","广东省"
"5117","32","仪器仪表制造业","地方政策-深圳市人民政府政策数量","2","17/9/2025 11:11:20","21/10/2025 13:26:53","2022","广东省"
"5118","30","科学研究和技术服务业","地方政策-深圳市人民政府政策数量","1","17/9/2025 11:11:20","21/10/2025 13:26:53","2022","广东省"
"5119","1","医药制造业","地方政策-深圳市人民政府政策数量","1","17/9/2025 11:11:20","21/10/2025 13:26:53","2022","广东省"
"5120","2","化学原料和化学制品制造业","地方政策-深圳市人民政府政策数量","1","17/9/2025 11:11:20","21/10/2025 13:26:53","2022","广东省"
"5121",,"互联网和相关服务","地方政策-深圳市人民政府政策数量","1","17/9/2025 11:11:20","17/9/2025 11:11:20","2022","广东省"
"5122","13","电力、热力、燃气及水生产和供应业","地方政策-深圳市人民政府政策数量","1","17/9/2025 11:11:20","21/10/2025 13:26:53","2022","广东省"
"5123","27","铁路、船舶、航空航天和其他运输设备制造业","地方政策-深圳市人民政府政策数量","1","17/9/2025 11:11:20","21/10/2025 13:26:53","2022","广东省"
"5124","18","通用设备制造业","地方政策-深圳市人民政府政策数量","1","17/9/2025 11:11:20","21/10/2025 13:26:53","2022","广东省"
"5125","26","金属制品业","地方政策-深圳市人民政府政策数量","1","17/9/2025 11:11:20","21/10/2025 13:26:53","2022","广东省"
"5126","22","非金属矿物制品业","地方政策-深圳市人民政府政策数量","1","17/9/2025 11:11:20","21/10/2025 13:26:53","2022","广东省"
"5127","41","文教、工美、体育和娱乐用品制造业","地方政策-深圳市人民政府政策数量","1","17/9/2025 11:11:20","21/10/2025 13:26:53","2022","广东省"
"5128","38","家具制造业","地方政策-深圳市人民政府政策数量","1","17/9/2025 11:11:20","21/10/2025 13:26:53","2022","广东省"
"5129","15","纺织鞋服业","地方政策-深圳市人民政府政策数量","1","17/9/2025 11:11:20","21/10/2025 13:26:53","2022","广东省"
"5130","9","批发和零售业","地方政策-深圳市人民政府政策数量","1","17/9/2025 11:11:20","21/10/2025 13:26:53","2022","广东省"
"5131","33","文化、体育和娱乐业","地方政策-深圳市人民政府政策数量","1","17/9/2025 11:11:21","21/10/2025 13:26:53","2022","广东省"
"5132","20","租赁和商务服务业","地方政策-深圳市人民政府政策数量","1","17/9/2025 11:11:21","21/10/2025 13:26:53","2022","广东省"
"5133","28","水利、环境和公共设施管理业","地方政策-深圳市人民政府政策数量","1","17/9/2025 11:11:21","21/10/2025 13:26:52","2022","广东省"
"5134","24","综合","地方政策-深圳市人民政府政策数量","1","17/9/2025 11:11:21","21/10/2025 13:26:53","2022","广东省"
"5135","5","专用设备制造业","地方政策-深圳市工业和信息化局政策数量","2","17/9/2025 11:11:21","21/10/2025 13:26:53","2022","广东省"
"5136","21","通信传输设备业","地方政策-深圳市工业和信息化局政策数量","3","17/9/2025 11:11:21","21/10/2025 13:26:53","2022","广东省"
"5137","19","半导体业","地方政策-深圳市工业和信息化局政策数量","2","17/9/2025 11:11:21","21/10/2025 13:26:53","2022","广东省"
"5138","12","汽车制造业","地方政策-深圳市工业和信息化局政策数量","2","17/9/2025 11:11:21","21/10/2025 13:26:53","2022","广东省"
"5139","32","仪器仪表制造业","地方政策-深圳市工业和信息化局政策数量","2","17/9/2025 11:11:21","21/10/2025 13:26:53","2022","广东省"
"5140","1","医药制造业","地方政策-深圳市工业和信息化局政策数量","1","17/9/2025 11:11:21","21/10/2025 13:26:53","2022","广东省"
"5141","2","化学原料和化学制品制造业","地方政策-深圳市工业和信息化局政策数量","1","17/9/2025 11:11:21","21/10/2025 13:26:53","2022","广东省"
"5142","18","通用设备制造业","地方政策-深圳市工业和信息化局政策数量","2","17/9/2025 11:11:21","21/10/2025 13:26:53","2022","广东省"
"5143","27","铁路、船舶、航空航天和其他运输设备制造业","地方政策-深圳市工业和信息化局政策数量","1","17/9/2025 11:11:21","21/10/2025 13:26:53","2022","广东省"
"5144",,"电气机械和器材制造业","地方政策-深圳市工业和信息化局政策数量","1","17/9/2025 11:11:22","17/9/2025 11:11:22","2022","广东省"
"5145","25","其他制造业","地方政策-深圳市工业和信息化局政策数量","2","17/9/2025 11:11:22","21/10/2025 13:26:53","2022","广东省"
"5146","5","专用设备制造业","地方政策-深圳市规划和自然资源局政策数量","1","17/9/2025 11:11:22","21/10/2025 13:26:53","2022","广东省"
"5147","21","通信传输设备业","地方政策-深圳市规划和自然资源局政策数量","1","17/9/2025 11:11:22","21/10/2025 13:26:53","2022","广东省"
"5148","19","半导体业","地方政策-深圳市规划和自然资源局政策数量","1","17/9/2025 11:11:22","21/10/2025 13:26:53","2022","广东省"
"5149","12","汽车制造业","地方政策-深圳市规划和自然资源局政策数量","1","17/9/2025 11:11:22","21/10/2025 13:26:53","2022","广东省"
"5150","32","仪器仪表制造业","地方政策-深圳市规划和自然资源局政策数量","1","17/9/2025 11:11:22","21/10/2025 13:26:53","2022","广东省"
"5151","1","医药制造业","地方政策-深圳市规划和自然资源局政策数量","1","17/9/2025 11:11:22","21/10/2025 13:26:53","2022","广东省"
"5152","2","化学原料和化学制品制造业","地方政策-深圳市规划和自然资源局政策数量","1","17/9/2025 11:11:22","21/10/2025 13:26:53","2022","广东省"
"5153","18","通用设备制造业","地方政策-深圳市规划和自然资源局政策数量","1","17/9/2025 11:11:22","21/10/2025 13:26:53","2022","广东省"
"5154","27","铁路、船舶、航空航天和其他运输设备制造业","地方政策-深圳市规划和自然资源局政策数量","1","17/9/2025 11:11:22","21/10/2025 13:26:53","2022","广东省"
"5155",,"电气机械和器材制造业","地方政策-深圳市规划和自然资源局政策数量","1","17/9/2025 11:11:22","17/9/2025 11:11:22","2022","广东省"
"5156","25","其他制造业","地方政策-深圳市规划和自然资源局政策数量","1","17/9/2025 11:11:22","21/10/2025 13:26:53","2022","广东省"
"5157","3","信息传输、软件和信息技术服务业","地方政策-广州南沙开发区管委会办公室秘书处政策数量","1","17/9/2025 11:11:22","21/10/2025 13:26:52","2022","广东省"
"5158","30","科学研究和技术服务业","地方政策-广州南沙开发区管委会办公室秘书处政策数量","1","17/9/2025 11:11:22","21/10/2025 13:26:53","2022","广东省"
"5159","7","金融业","地方政策-广州南沙开发区管委会办公室秘书处政策数量","1","17/9/2025 11:11:22","21/10/2025 13:26:52","2022","广东省"
"5160","20","租赁和商务服务业","地方政策-广州南沙开发区管委会办公室秘书处政策数量","1","17/9/2025 11:11:22","21/10/2025 13:26:53","2022","广东省"
"5161","24","综合","地方政策-广州南沙开发区管委会办公室秘书处政策数量","1","17/9/2025 11:11:23","21/10/2025 13:26:53","2022","广东省"
"5162","12","汽车制造业","地方政策-深圳市人民代表大会常务委员会政策数量","1","17/9/2025 11:11:23","21/10/2025 13:26:53","2022","广东省"
"5163",,"互联网和相关服务","地方政策-深圳市人民代表大会常务委员会政策数量","1","17/9/2025 11:11:23","17/9/2025 11:11:23","2022","广东省"
"5164","21","通信传输设备业","地方政策-深圳市人民代表大会常务委员会政策数量","1","17/9/2025 11:11:23","21/10/2025 13:26:53","2022","广东省"
"5165","3","信息传输、软件和信息技术服务业","地方政策-广州市人民政府办公厅政策数量","3","17/9/2025 11:11:23","21/10/2025 13:26:52","2022","广东省"
"5166",,"互联网和相关服务","地方政策-广州市人民政府办公厅政策数量","3","17/9/2025 11:11:23","17/9/2025 11:11:23","2022","广东省"
"5167","30","科学研究和技术服务业","地方政策-广州市人民政府办公厅政策数量","3","17/9/2025 11:11:23","21/10/2025 13:26:53","2022","广东省"
"5168","7","金融业","地方政策-深圳市地方金融监督管理局政策数量","1","17/9/2025 11:11:23","21/10/2025 13:26:52","2022","广东省"
"5169","3","信息传输、软件和信息技术服务业","地方政策-广州市黄埔区工业和信息化局政策数量","2","17/9/2025 11:11:23","21/10/2025 13:26:52","2022","广东省"
"5170",,"互联网和相关服务","地方政策-广州市黄埔区工业和信息化局政策数量","2","17/9/2025 11:11:23","17/9/2025 11:11:23","2022","广东省"
"5171","3","信息传输、软件和信息技术服务业","地方政策-广州开发区经济和信息化局政策数量","2","17/9/2025 11:11:23","21/10/2025 13:26:52","2022","广东省"
"5172",,"互联网和相关服务","地方政策-广州开发区经济和信息化局政策数量","2","17/9/2025 11:11:23","17/9/2025 11:11:23","2022","广东省"
"5173","3","信息传输、软件和信息技术服务业","地方政策-广州市黄埔区科学技术局政策数量","2","17/9/2025 11:11:24","21/10/2025 13:26:52","2022","广东省"
"5174",,"互联网和相关服务","地方政策-广州市黄埔区科学技术局政策数量","2","17/9/2025 11:11:24","17/9/2025 11:11:24","2022","广东省"
"5175","3","信息传输、软件和信息技术服务业","地方政策-广州开发区科技创新局政策数量","2","17/9/2025 11:11:24","21/10/2025 13:26:52","2022","广东省"
"5176",,"互联网和相关服务","地方政策-广州开发区科技创新局政策数量","2","17/9/2025 11:11:24","17/9/2025 11:11:24","2022","广东省"
"5177","13","电力、热力、燃气及水生产和供应业","地方政策-广东省人民政府办公厅政策数量","1","17/9/2025 11:11:24","21/10/2025 13:26:53","2022","广东省"
"5178","3","信息传输、软件和信息技术服务业","地方政策-广东省工业和信息化厅政策数量","2","17/9/2025 11:11:24","21/10/2025 13:26:52","2022","广东省"
"5179",,"互联网和相关服务","地方政策-广东省工业和信息化厅政策数量","1","17/9/2025 11:11:24","17/9/2025 11:11:24","2022","广东省"
"5180","21","通信传输设备业","地方政策-广东省工业和信息化厅政策数量","1","17/9/2025 11:11:24","21/10/2025 13:26:53","2022","广东省"
"5181","19","半导体业","地方政策-广东省工业和信息化厅政策数量","1","17/9/2025 11:11:24","21/10/2025 13:26:53","2022","广东省"
"5182","9","批发和零售业","地方政策-广东省人民政府政策数量","1","17/9/2025 11:11:24","21/10/2025 13:26:53","2022","广东省"
"5183","30","科学研究和技术服务业","地方政策-省科技厅政策数量","1","17/9/2025 11:11:24","21/10/2025 13:26:53","2022","广东省"
"5184","30","科学研究和技术服务业","地方政策-广东省科学技术厅政策数量","1","17/9/2025 11:11:24","21/10/2025 13:26:53","2022","广东省"
"5185","3","信息传输、软件和信息技术服务业","地方政策-广州市科学技术局政策数量","3","17/9/2025 11:11:24","21/10/2025 13:26:52","2022","广东省"
"5186","30","科学研究和技术服务业","地方政策-广州市科学技术局政策数量","3","17/9/2025 11:11:24","21/10/2025 13:26:53","2022","广东省"
"5187","17","交通运输、仓储和邮政业","地方政策-市规划和自然资源局政策数量","1","17/9/2025 11:11:24","21/10/2025 13:26:53","2022","广东省"
"5188","27","铁路、船舶、航空航天和其他运输设备制造业","地方政策-市规划和自然资源局政策数量","1","17/9/2025 11:11:25","21/10/2025 13:26:53","2022","广东省"
"5189",,"互联网和相关服务","地方政策-广州市科学技术局政策数量","2","17/9/2025 11:11:25","17/9/2025 11:11:25","2022","广东省"
"5190","1","医药制造业","地方政策-广州市黄埔区科学技术局政策数量","1","17/9/2025 11:11:25","21/10/2025 13:26:53","2022","广东省"
"5191","1","医药制造业","地方政策-广东省药品监督管理局办公室政策数量","1","17/9/2025 11:11:25","21/10/2025 13:26:53","2022","广东省"
"5192","31","教育","地方政策-广东省人民政府办公厅政策数量","1","17/9/2025 11:11:25","21/10/2025 13:26:53","2022","广东省"
"5193","30","科学研究和技术服务业","地方政策-广东省科技厅政策数量","1","17/9/2025 11:11:25","21/10/2025 13:26:53","2022","广东省"
"5194","30","科学研究和技术服务业","地方政策-广东省财政厅政策数量","1","17/9/2025 11:11:25","21/10/2025 13:26:53","2022","广东省"
"5195","7","金融业","地方政策-广东省人民政府办公厅政策数量","2","17/9/2025 11:11:25","21/10/2025 13:26:52","2022","广东省"
"5196","30","科学研究和技术服务业","地方政策-广州市黄埔区工业和信息化局政策数量","1","17/9/2025 11:11:25","21/10/2025 13:26:53","2022","广东省"
"5197","30","科学研究和技术服务业","地方政策-广州开发区经济和信息化局政策数量","1","17/9/2025 11:11:25","21/10/2025 13:26:53","2022","广东省"
"5198","30","科学研究和技术服务业","地方政策-广州市黄埔区科学技术局政策数量","1","17/9/2025 11:11:25","21/10/2025 13:26:53","2022","广东省"
"5199","30","科学研究和技术服务业","地方政策-广州开发区科技创新局政策数量","1","17/9/2025 11:11:25","21/10/2025 13:26:53","2022","广东省"
"5200","3","信息传输、软件和信息技术服务业","地方政策-横琴粤澳深度财政局政策数量","1","17/9/2025 11:11:25","21/10/2025 13:26:52","2022","广东省"
"5201",,"互联网和相关服务","地方政策-横琴粤澳深度财政局政策数量","1","17/9/2025 11:11:25","17/9/2025 11:11:25","2022","广东省"
"5202","30","科学研究和技术服务业","地方政策-横琴粤澳深度财政局政策数量","1","17/9/2025 11:11:25","21/10/2025 13:26:53","2022","广东省"
"5203","3","信息传输、软件和信息技术服务业","地方政策-国家税务总局横琴粤澳深度合作区税务局政策数量","1","17/9/2025 11:11:25","21/10/2025 13:26:52","2022","广东省"
"5204",,"互联网和相关服务","地方政策-国家税务总局横琴粤澳深度合作区税务局政策数量","1","17/9/2025 11:11:25","17/9/2025 11:11:25","2022","广东省"
"5205","30","科学研究和技术服务业","地方政策-国家税务总局横琴粤澳深度合作区税务局政策数量","1","17/9/2025 11:11:25","21/10/2025 13:26:53","2022","广东省"
"5206","3","信息传输、软件和信息技术服务业","地方政策-横琴粤澳深度合作区经济发展局政策数量","1","17/9/2025 11:11:25","21/10/2025 13:26:52","2022","广东省"
"5207",,"互联网和相关服务","地方政策-横琴粤澳深度合作区经济发展局政策数量","1","17/9/2025 11:11:25","17/9/2025 11:11:25","2022","广东省"
"5208","30","科学研究和技术服务业","地方政策-横琴粤澳深度合作区经济发展局政策数量","1","17/9/2025 11:11:26","21/10/2025 13:26:53","2022","广东省"
"5209","21","通信传输设备业","地方政策-广州市人民政府办公厅政策数量","2","17/9/2025 11:11:26","21/10/2025 13:26:53","2022","广东省"
"5210","1","医药制造业","地方政策-广州市人民政府办公厅秘书处政策数量","1","17/9/2025 11:11:26","21/10/2025 13:26:53","2022","广东省"
"5211","2","化学原料和化学制品制造业","地方政策-广州市人民政府办公厅秘书处政策数量","1","17/9/2025 11:11:26","21/10/2025 13:26:53","2022","广东省"
"5212","9","批发和零售业","地方政策-广州市人民政府办公厅秘书处政策数量","1","17/9/2025 11:11:26","21/10/2025 13:26:53","2022","广东省"
"5213","30","科学研究和技术服务业","地方政策-广州市人民政府办公厅秘书处政策数量","1","17/9/2025 11:11:26","21/10/2025 13:26:53","2022","广东省"
"5214","13","电力、热力、燃气及水生产和供应业","地方政策-深圳市发展和改革委员会政策数量","1","17/9/2025 11:11:26","21/10/2025 13:26:53","2022","广东省"
"5215","30","科学研究和技术服务业","地方政策-市政府办公厅政策数量","1","17/9/2025 11:11:26","21/10/2025 13:26:53","2022","广东省"
"5216","3","信息传输、软件和信息技术服务业","地方政策-深圳市商务局政策数量","1","17/9/2025 11:11:26","21/10/2025 13:26:52","2022","广东省"
"5217",,"互联网和相关服务","地方政策-深圳市商务局政策数量","1","17/9/2025 11:11:26","17/9/2025 11:11:26","2022","广东省"
"5218",,"电信、广播电视和卫星传输服务","地方政策-深圳市商务局政策数量","1","17/9/2025 11:11:26","17/9/2025 11:11:26","2022","广东省"
"5219","20","租赁和商务服务业","地方政策-深圳市商务局政策数量","1","17/9/2025 11:11:26","21/10/2025 13:26:53","2022","广东省"
"5220","30","科学研究和技术服务业","地方政策-深圳市商务局政策数量","1","17/9/2025 11:11:26","21/10/2025 13:26:53","2022","广东省"
"5221","3","信息传输、软件和信息技术服务业","地方政策-深圳科技创新委员会政策数量","1","17/9/2025 11:11:26","21/10/2025 13:26:52","2022","广东省"
"5222","12","汽车制造业","地方政策-深圳市交通运输局政策数量","1","17/9/2025 11:11:26","21/10/2025 13:26:53","2022","广东省"
"5223","12","汽车制造业","地方政策-深圳市发展改革委政策数量","1","17/9/2025 11:11:26","21/10/2025 13:26:53","2022","广东省"
"5224","12","汽车制造业","地方政策-深圳市公安交警局政策数量","1","17/9/2025 11:11:26","21/10/2025 13:26:53","2022","广东省"
"5225","17","交通运输、仓储和邮政业","地方政策-广东省发展改革委政策数量","1","17/9/2025 11:11:27","21/10/2025 13:26:53","2022","广东省"
"5226","9","批发和零售业","地方政策-广东省发展改革委政策数量","1","17/9/2025 11:11:27","21/10/2025 13:26:53","2022","广东省"
"5227","7","金融业","地方政策-广东省发展改革委政策数量","1","17/9/2025 11:11:27","21/10/2025 13:26:52","2022","广东省"
"5228","34","农、林、牧、渔业","地方政策-广东省发展改革委政策数量","1","17/9/2025 11:11:27","21/10/2025 13:26:53","2022","广东省"
"5229","3","信息传输、软件和信息技术服务业","地方政策-广东省发展改革委政策数量","1","17/9/2025 11:11:27","21/10/2025 13:26:52","2022","广东省"
"5230","3","信息传输、软件和信息技术服务业","地方政策-深圳市工业和信息化局政策数量","3","17/9/2025 11:11:27","21/10/2025 13:26:52","2022","广东省"
"5231",,"互联网和相关服务","地方政策-深圳市工业和信息化局政策数量","3","17/9/2025 11:11:27","17/9/2025 11:11:27","2022","广东省"
"5232","3","信息传输、软件和信息技术服务业","地方政策-深圳市发展和改革委员会政策数量","1","17/9/2025 11:11:27","21/10/2025 13:26:52","2022","广东省"
"5233",,"互联网和相关服务","地方政策-深圳市发展和改革委员会政策数量","1","17/9/2025 11:11:27","17/9/2025 11:11:27","2022","广东省"
"5234","30","科学研究和技术服务业","地方政策-深圳市发展和改革委员会政策数量","2","17/9/2025 11:11:27","21/10/2025 13:26:53","2022","广东省"
"5235","30","科学研究和技术服务业","地方政策-深圳市工业和信息化局政策数量","1","17/9/2025 11:11:27","21/10/2025 13:26:53","2022","广东省"
"5236","30","科学研究和技术服务业","地方政策-深圳市前海深港现代服务业合作区管理局政策数量","2","17/9/2025 11:11:28","21/10/2025 13:26:53","2022","广东省"
"5237","3","信息传输、软件和信息技术服务业","地方政策-深圳市前海深港现代服务业合作区管理局政策数量","1","17/9/2025 11:11:28","21/10/2025 13:26:52","2022","广东省"
"5238","30","科学研究和技术服务业","地方政策-深圳市科学技术协会政策数量","1","17/9/2025 11:11:28","21/10/2025 13:26:53","2022","广东省"
"5239","3","信息传输、软件和信息技术服务业","地方政策-深圳市财政局政策数量","1","17/9/2025 11:11:28","21/10/2025 13:26:52","2022","广东省"
"5240","30","科学研究和技术服务业","地方政策-深圳市财政局政策数量","1","17/9/2025 11:11:28","21/10/2025 13:26:53","2022","广东省"
"5241","12","汽车制造业","地方政策-广州市人民政府办公厅政策数量","1","17/9/2025 11:11:28","21/10/2025 13:26:53","2022","广东省"
"5242","1","医药制造业","地方政策-广州市人民政府办公厅政策数量","1","17/9/2025 11:11:28","21/10/2025 13:26:53","2022","广东省"
"5243","5","专用设备制造业","地方政策-广州市人民政府办公厅政策数量","1","17/9/2025 11:11:28","21/10/2025 13:26:53","2022","广东省"
"5244","18","通用设备制造业","地方政策-广州市人民政府办公厅政策数量","1","17/9/2025 11:11:28","21/10/2025 13:26:53","2022","广东省"
"5245","32","仪器仪表制造业","地方政策-广州市人民政府办公厅政策数量","1","17/9/2025 11:11:28","21/10/2025 13:26:53","2022","广东省"
"5246","27","铁路、船舶、航空航天和其他运输设备制造业","地方政策-广州市人民政府办公厅政策数量","1","17/9/2025 11:11:28","21/10/2025 13:26:53","2022","广东省"
"5247","19","半导体业","地方政策-广州市人民政府办公厅政策数量","1","17/9/2025 11:11:28","21/10/2025 13:26:53","2022","广东省"
"5248","2","化学原料和化学制品制造业","地方政策-广州市人民政府办公厅政策数量","1","17/9/2025 11:11:28","21/10/2025 13:26:53","2022","广东省"
"5249",,"新材料与精细化工","地方政策-广州市人民政府办公厅政策数量","1","17/9/2025 11:11:28","17/9/2025 11:11:28","2022","广东省"
"5250",,"新能源与节能环保","地方政策-广州市人民政府办公厅政策数量","1","17/9/2025 11:11:28","17/9/2025 11:11:28","2022","广东省"
"5251",,"数字创意","地方政策-广州市人民政府办公厅政策数量","1","17/9/2025 11:11:28","17/9/2025 11:11:28","2022","广东省"
"5252","33","文化、体育和娱乐业","地方政策-广州市人民政府办公厅政策数量","1","17/9/2025 11:11:28","21/10/2025 13:26:53","2022","广东省"
"5253","7","金融业","地方政策-广州市人民政府办公厅政策数量","1","17/9/2025 11:11:29","21/10/2025 13:26:52","2022","广东省"
"5254",,,"发布政策数量","15","17/9/2025 11:11:29","17/9/2025 11:11:29","2022","重庆市"
"5255",,,"地方政策政策数量","14","17/9/2025 11:11:29","17/9/2025 11:11:29","2022","重庆市"
"5256",,,"部委政策政策数量","1","17/9/2025 11:11:29","17/9/2025 11:11:29","2022","重庆市"
"5257",,,"人民银行发布政策数量","1","17/9/2025 11:11:29","17/9/2025 11:11:29","2022","重庆市"
"5258",,,"发展改革委发布政策数量","1","17/9/2025 11:11:29","17/9/2025 11:11:29","2022","重庆市"
"5259",,,"财政部发布政策数量","1","17/9/2025 11:11:29","17/9/2025 11:11:29","2022","重庆市"
"5260",,,"生态环境部发布政策数量","1","17/9/2025 11:11:29","17/9/2025 11:11:29","2022","重庆市"
"5261",,,"银保监会发布政策数量","1","17/9/2025 11:11:29","17/9/2025 11:11:29","2022","重庆市"
"5262",,,"证监会发布政策数量","1","17/9/2025 11:11:29","17/9/2025 11:11:29","2022","重庆市"
"5263",,,"重庆市人民政府办公厅发布政策数量","7","17/9/2025 11:11:30","17/9/2025 11:11:30","2022","重庆市"
"5264",,,"重庆市经济和信息化委员会发布政策数量","5","17/9/2025 11:11:30","17/9/2025 11:11:30","2022","重庆市"
"5265",,,"重庆市渝北区人民政府办公室发布政策数量","1","17/9/2025 11:11:30","17/9/2025 11:11:30","2022","重庆市"
"5266",,,"重庆市发展和改革委员会发布政策数量","1","17/9/2025 11:11:30","17/9/2025 11:11:30","2022","重庆市"
"5267",,,"重庆市财政局发布政策数量","1","17/9/2025 11:11:30","17/9/2025 11:11:30","2022","重庆市"
"5268",,,"重庆市生态环境局发布政策数量","1","17/9/2025 11:11:30","17/9/2025 11:11:30","2022","重庆市"
"5269",,,"重庆市国有资产监督管理委员会发布政策数量","1","17/9/2025 11:11:30","17/9/2025 11:11:30","2022","重庆市"
"5270",,,"重庆市市场监督管理局发布政策数量","1","17/9/2025 11:11:30","17/9/2025 11:11:30","2022","重庆市"
"5271",,,"重庆市科学技术局发布政策数量","1","17/9/2025 11:11:30","17/9/2025 11:11:30","2022","重庆市"
"5272","3","信息传输、软件和信息技术服务业","政策数量","7","17/9/2025 11:11:30","21/10/2025 13:26:52","2022","重庆市"
"5273","12","汽车制造业","政策数量","4","17/9/2025 11:11:30","21/10/2025 13:26:53","2022","重庆市"
"5274","30","科学研究和技术服务业","政策数量","4","17/9/2025 11:11:30","21/10/2025 13:26:53","2022","重庆市"
"5275","13","电力、热力、燃气及水生产和供应业","政策数量","4","17/9/2025 11:11:30","21/10/2025 13:26:53","2022","重庆市"
"5276",,"互联网和相关服务","政策数量","4","17/9/2025 11:11:30","17/9/2025 11:11:30","2022","重庆市"
"5277","17","交通运输、仓储和邮政业","政策数量","3","17/9/2025 11:11:31","21/10/2025 13:26:53","2022","重庆市"
"5278","21","通信传输设备业","政策数量","3","17/9/2025 11:11:31","21/10/2025 13:26:53","2022","重庆市"
"5279","18","通用设备制造业","政策数量","2","17/9/2025 11:11:31","21/10/2025 13:26:53","2022","重庆市"
"5280","5","专用设备制造业","政策数量","2","17/9/2025 11:11:31","21/10/2025 13:26:53","2022","重庆市"
"5281","27","铁路、船舶、航空航天和其他运输设备制造业","政策数量","2","17/9/2025 11:11:31","21/10/2025 13:26:53","2022","重庆市"
"5282","32","仪器仪表制造业","政策数量","2","17/9/2025 11:11:31","21/10/2025 13:26:53","2022","重庆市"
"5283","19","半导体业","政策数量","2","17/9/2025 11:11:31","21/10/2025 13:26:53","2022","重庆市"
"5284",,"电信、广播电视和卫星传输服务","政策数量","2","17/9/2025 11:11:31","17/9/2025 11:11:31","2022","重庆市"
"5285","8","商业电气机械和器材制造业","政策数量","1","17/9/2025 11:11:31","21/10/2025 13:26:53","2022","重庆市"
"5286","25","其他制造业","政策数量","1","17/9/2025 11:11:31","21/10/2025 13:26:53","2022","重庆市"
"5287","7","金融业","政策数量","1","17/9/2025 11:11:31","21/10/2025 13:26:52","2022","重庆市"
"5288","33","文化、体育和娱乐业","政策数量","1","17/9/2025 11:11:31","21/10/2025 13:26:53","2022","重庆市"
"5289","9","批发和零售业","政策数量","1","17/9/2025 11:11:31","21/10/2025 13:26:53","2022","重庆市"
"5290","6","消费电子及电气业","政策数量","1","17/9/2025 11:11:31","21/10/2025 13:26:53","2022","重庆市"
"5291",,,"部委政策-人民银行政策数量","1","17/9/2025 11:11:31","17/9/2025 11:11:31","2022","重庆市"
"5292",,,"部委政策-发展改革委政策数量","1","17/9/2025 11:11:31","17/9/2025 11:11:31","2022","重庆市"
"5293",,,"部委政策-财政部政策数量","1","17/9/2025 11:11:31","17/9/2025 11:11:31","2022","重庆市"
"5294",,,"部委政策-生态环境部政策数量","1","17/9/2025 11:11:32","17/9/2025 11:11:32","2022","重庆市"
"5295",,,"部委政策-银保监会政策数量","1","17/9/2025 11:11:32","17/9/2025 11:11:32","2022","重庆市"
"5296",,,"部委政策-证监会政策数量","1","17/9/2025 11:11:32","17/9/2025 11:11:32","2022","重庆市"
"5297",,,"地方政策-重庆市人民政府办公厅政策数量","7","17/9/2025 11:11:32","17/9/2025 11:11:32","2022","重庆市"
"5298",,,"地方政策-重庆市经济和信息化委员会政策数量","5","17/9/2025 11:11:32","17/9/2025 11:11:32","2022","重庆市"
"5299",,,"地方政策-重庆市渝北区人民政府办公室政策数量","1","17/9/2025 11:11:32","17/9/2025 11:11:32","2022","重庆市"
"5300",,,"地方政策-重庆市发展和改革委员会政策数量","1","17/9/2025 11:11:32","17/9/2025 11:11:32","2022","重庆市"
"5301",,,"地方政策-重庆市财政局政策数量","1","17/9/2025 11:11:32","17/9/2025 11:11:32","2022","重庆市"
"5302",,,"地方政策-重庆市生态环境局政策数量","1","17/9/2025 11:11:32","17/9/2025 11:11:32","2022","重庆市"
"5303",,,"地方政策-重庆市国有资产监督管理委员会政策数量","1","17/9/2025 11:11:32","17/9/2025 11:11:32","2022","重庆市"
"5304",,,"地方政策-重庆市市场监督管理局政策数量","1","17/9/2025 11:11:33","17/9/2025 11:11:33","2022","重庆市"
"5305",,,"地方政策-重庆市科学技术局政策数量","1","17/9/2025 11:11:33","17/9/2025 11:11:33","2022","重庆市"
"5306","7","金融业","部委政策政策数量","1","17/9/2025 11:11:33","21/10/2025 13:26:52","2022","重庆市"
"5307","3","信息传输、软件和信息技术服务业","地方政策政策数量","7","17/9/2025 11:11:33","21/10/2025 13:26:52","2022","重庆市"
"5308",,"互联网和相关服务","地方政策政策数量","4","17/9/2025 11:11:33","17/9/2025 11:11:33","2022","重庆市"
"5309",,"电信、广播电视和卫星传输服务","地方政策政策数量","2","17/9/2025 11:11:33","17/9/2025 11:11:33","2022","重庆市"
"5310","12","汽车制造业","地方政策政策数量","4","17/9/2025 11:11:33","21/10/2025 13:26:53","2022","重庆市"
"5311","18","通用设备制造业","地方政策政策数量","2","17/9/2025 11:11:33","21/10/2025 13:26:53","2022","重庆市"
"5312","5","专用设备制造业","地方政策政策数量","2","17/9/2025 11:11:33","21/10/2025 13:26:53","2022","重庆市"
"5313","27","铁路、船舶、航空航天和其他运输设备制造业","地方政策政策数量","2","17/9/2025 11:11:33","21/10/2025 13:26:53","2022","重庆市"
"5314","32","仪器仪表制造业","地方政策政策数量","2","17/9/2025 11:11:34","21/10/2025 13:26:53","2022","重庆市"
"5315","21","通信传输设备业","地方政策政策数量","3","17/9/2025 11:11:34","21/10/2025 13:26:53","2022","重庆市"
"5316","19","半导体业","地方政策政策数量","2","17/9/2025 11:11:34","21/10/2025 13:26:53","2022","重庆市"
"5317","6","消费电子及电气业","地方政策政策数量","1","17/9/2025 11:11:34","21/10/2025 13:26:53","2022","重庆市"
"5318","8","商业电气机械和器材制造业","地方政策政策数量","1","17/9/2025 11:11:34","21/10/2025 13:26:53","2022","重庆市"
"5319","25","其他制造业","地方政策政策数量","1","17/9/2025 11:11:34","21/10/2025 13:26:53","2022","重庆市"
"5320","30","科学研究和技术服务业","地方政策政策数量","4","17/9/2025 11:11:34","21/10/2025 13:26:53","2022","重庆市"
"5321","17","交通运输、仓储和邮政业","地方政策政策数量","3","17/9/2025 11:11:34","21/10/2025 13:26:53","2022","重庆市"
"5322","13","电力、热力、燃气及水生产和供应业","地方政策政策数量","4","17/9/2025 11:11:34","21/10/2025 13:26:53","2022","重庆市"
"5323","33","文化、体育和娱乐业","地方政策政策数量","1","17/9/2025 11:11:34","21/10/2025 13:26:53","2022","重庆市"
"5324","9","批发和零售业","地方政策政策数量","1","17/9/2025 11:11:34","21/10/2025 13:26:53","2022","重庆市"
"5325","7","金融业","部委政策-人民银行政策数量","1","17/9/2025 11:11:34","21/10/2025 13:26:52","2022","重庆市"
"5326","7","金融业","部委政策-发展改革委政策数量","1","17/9/2025 11:11:34","21/10/2025 13:26:52","2022","重庆市"
"5327","7","金融业","部委政策-财政部政策数量","1","17/9/2025 11:11:34","21/10/2025 13:26:52","2022","重庆市"
"5328","7","金融业","部委政策-生态环境部政策数量","1","17/9/2025 11:11:35","21/10/2025 13:26:52","2022","重庆市"
"5329","7","金融业","部委政策-银保监会政策数量","1","17/9/2025 11:11:35","21/10/2025 13:26:52","2022","重庆市"
"5330","7","金融业","部委政策-证监会政策数量","1","17/9/2025 11:11:35","21/10/2025 13:26:52","2022","重庆市"
"5331","3","信息传输、软件和信息技术服务业","地方政策-重庆市人民政府办公厅政策数量","4","17/9/2025 11:11:35","21/10/2025 13:26:52","2022","重庆市"
"5332",,"互联网和相关服务","地方政策-重庆市人民政府办公厅政策数量","2","17/9/2025 11:11:35","17/9/2025 11:11:35","2022","重庆市"
"5333",,"电信、广播电视和卫星传输服务","地方政策-重庆市人民政府办公厅政策数量","2","17/9/2025 11:11:35","17/9/2025 11:11:35","2022","重庆市"
"5334","3","信息传输、软件和信息技术服务业","地方政策-重庆市经济和信息化委员会政策数量","2","17/9/2025 11:11:35","21/10/2025 13:26:52","2022","重庆市"
"5335","12","汽车制造业","地方政策-重庆市经济和信息化委员会政策数量","2","17/9/2025 11:11:35","21/10/2025 13:26:53","2022","重庆市"
"5336","18","通用设备制造业","地方政策-重庆市经济和信息化委员会政策数量","1","17/9/2025 11:11:35","21/10/2025 13:26:53","2022","重庆市"
"5337","5","专用设备制造业","地方政策-重庆市经济和信息化委员会政策数量","1","17/9/2025 11:11:35","21/10/2025 13:26:53","2022","重庆市"
"5338","27","铁路、船舶、航空航天和其他运输设备制造业","地方政策-重庆市经济和信息化委员会政策数量","1","17/9/2025 11:11:35","21/10/2025 13:26:53","2022","重庆市"
"5339","32","仪器仪表制造业","地方政策-重庆市经济和信息化委员会政策数量","1","17/9/2025 11:11:35","21/10/2025 13:26:53","2022","重庆市"
"5340","21","通信传输设备业","地方政策-重庆市经济和信息化委员会政策数量","2","17/9/2025 11:11:35","21/10/2025 13:26:53","2022","重庆市"
"5341","19","半导体业","地方政策-重庆市经济和信息化委员会政策数量","1","17/9/2025 11:11:35","21/10/2025 13:26:53","2022","重庆市"
"5342","6","消费电子及电气业","地方政策-重庆市经济和信息化委员会政策数量","1","17/9/2025 11:11:35","21/10/2025 13:26:53","2022","重庆市"
"5343","8","商业电气机械和器材制造业","地方政策-重庆市经济和信息化委员会政策数量","1","17/9/2025 11:11:36","21/10/2025 13:26:53","2022","重庆市"
"5344","25","其他制造业","地方政策-重庆市经济和信息化委员会政策数量","1","17/9/2025 11:11:36","21/10/2025 13:26:53","2022","重庆市"
"5345",,"互联网和相关服务","地方政策-重庆市经济和信息化委员会政策数量","1","17/9/2025 11:11:36","17/9/2025 11:11:36","2022","重庆市"
"5346","5","专用设备制造业","地方政策-重庆市人民政府办公厅政策数量","1","17/9/2025 11:11:36","21/10/2025 13:26:53","2022","重庆市"
"5347","12","汽车制造业","地方政策-重庆市人民政府办公厅政策数量","2","17/9/2025 11:11:36","21/10/2025 13:26:53","2022","重庆市"
"5348","18","通用设备制造业","地方政策-重庆市人民政府办公厅政策数量","1","17/9/2025 11:11:36","21/10/2025 13:26:53","2022","重庆市"
"5349","19","半导体业","地方政策-重庆市人民政府办公厅政策数量","1","17/9/2025 11:11:36","21/10/2025 13:26:53","2022","重庆市"
"5350","21","通信传输设备业","地方政策-重庆市人民政府办公厅政策数量","1","17/9/2025 11:11:36","21/10/2025 13:26:53","2022","重庆市"
"5351","27","铁路、船舶、航空航天和其他运输设备制造业","地方政策-重庆市人民政府办公厅政策数量","1","17/9/2025 11:11:36","21/10/2025 13:26:53","2022","重庆市"
"5352","32","仪器仪表制造业","地方政策-重庆市人民政府办公厅政策数量","1","17/9/2025 11:11:36","21/10/2025 13:26:53","2022","重庆市"
"5353","30","科学研究和技术服务业","地方政策-重庆市人民政府办公厅政策数量","2","17/9/2025 11:11:36","21/10/2025 13:26:53","2022","重庆市"
"5354","17","交通运输、仓储和邮政业","地方政策-重庆市经济和信息化委员会政策数量","2","17/9/2025 11:11:36","21/10/2025 13:26:53","2022","重庆市"
"5355","13","电力、热力、燃气及水生产和供应业","地方政策-重庆市经济和信息化委员会政策数量","3","17/9/2025 11:11:36","21/10/2025 13:26:53","2022","重庆市"
"5356","13","电力、热力、燃气及水生产和供应业","地方政策-重庆市人民政府办公厅政策数量","1","17/9/2025 11:11:36","21/10/2025 13:26:53","2022","重庆市"
"5357","17","交通运输、仓储和邮政业","地方政策-重庆市人民政府办公厅政策数量","1","17/9/2025 11:11:36","21/10/2025 13:26:53","2022","重庆市"
"5358","3","信息传输、软件和信息技术服务业","地方政策-重庆市渝北区人民政府办公室政策数量","1","17/9/2025 11:11:36","21/10/2025 13:26:52","2022","重庆市"
"5359",,"互联网和相关服务","地方政策-重庆市渝北区人民政府办公室政策数量","1","17/9/2025 11:11:36","17/9/2025 11:11:36","2022","重庆市"
"5360","30","科学研究和技术服务业","地方政策-重庆市渝北区人民政府办公室政策数量","1","17/9/2025 11:11:36","21/10/2025 13:26:53","2022","重庆市"
"5361","33","文化、体育和娱乐业","地方政策-重庆市渝北区人民政府办公室政策数量","1","17/9/2025 11:11:37","21/10/2025 13:26:53","2022","重庆市"
"5362","13","电力、热力、燃气及水生产和供应业","地方政策-重庆市发展和改革委员会政策数量","1","17/9/2025 11:11:37","21/10/2025 13:26:53","2022","重庆市"
"5363","13","电力、热力、燃气及水生产和供应业","地方政策-重庆市财政局政策数量","1","17/9/2025 11:11:37","21/10/2025 13:26:53","2022","重庆市"
"5364","13","电力、热力、燃气及水生产和供应业","地方政策-重庆市生态环境局政策数量","1","17/9/2025 11:11:37","21/10/2025 13:26:53","2022","重庆市"
"5365","13","电力、热力、燃气及水生产和供应业","地方政策-重庆市国有资产监督管理委员会政策数量","1","17/9/2025 11:11:37","21/10/2025 13:26:53","2022","重庆市"
"5366","13","电力、热力、燃气及水生产和供应业","地方政策-重庆市市场监督管理局政策数量","1","17/9/2025 11:11:37","21/10/2025 13:26:53","2022","重庆市"
"5367","9","批发和零售业","地方政策-重庆市人民政府办公厅政策数量","1","17/9/2025 11:11:37","21/10/2025 13:26:53","2022","重庆市"
"5368","30","科学研究和技术服务业","地方政策-重庆市科学技术局政策数量","1","17/9/2025 11:11:37","21/10/2025 13:26:53","2022","重庆市"
"5369",,,"发布政策数量","10","17/9/2025 11:11:37","17/9/2025 11:11:37","2022","福建省"
"5370",,,"地方政策政策数量","10","17/9/2025 11:11:37","17/9/2025 11:11:37","2022","福建省"
"5371",,,"福建省工业和信息化厅发布政策数量","7","17/9/2025 11:11:37","17/9/2025 11:11:37","2022","福建省"
"5372",,,"福建省教育厅发布政策数量","1","17/9/2025 11:11:37","17/9/2025 11:11:37","2022","福建省"
"5373",,,"福建省发展和改革委员会发布政策数量","3","17/9/2025 11:11:37","17/9/2025 11:11:37","2022","福建省"
"5374",,,"福建省科学技术厅发布政策数量","1","17/9/2025 11:11:37","17/9/2025 11:11:37","2022","福建省"
"5375",,,"福建省财政厅发布政策数量","2","17/9/2025 11:11:37","17/9/2025 11:11:37","2022","福建省"
"5376",,,"福建省生态环境厅发布政策数量","1","17/9/2025 11:11:37","17/9/2025 11:11:37","2022","福建省"
"5377",,,"福建省文化和旅游厅发布政策数量","1","17/9/2025 11:11:37","17/9/2025 11:11:37","2022","福建省"
"5378",,,"福建省海洋与渔业局发布政策数量","1","17/9/2025 11:11:37","17/9/2025 11:11:37","2022","福建省"
"5379",,,"福建省地方金融监督管理局发布政策数量","1","17/9/2025 11:11:37","17/9/2025 11:11:37","2022","福建省"
"5380",,,"厦门市工业和信息化局办公室发布政策数量","1","17/9/2025 11:11:38","17/9/2025 11:11:38","2022","福建省"
"5381",,,"厦门市大数据管理局发布政策数量","1","17/9/2025 11:11:38","17/9/2025 11:11:38","2022","福建省"
"5382",,,"福建省市场监督管理局发布政策数量","1","17/9/2025 11:11:38","17/9/2025 11:11:38","2022","福建省"
"5383",,,"厦门市科学技术局发布政策数量","1","17/9/2025 11:11:38","17/9/2025 11:11:38","2022","福建省"
"5384","3","信息传输、软件和信息技术服务业","政策数量","4","17/9/2025 11:11:38","21/10/2025 13:26:52","2022","福建省"
"5385",,"互联网和相关服务","政策数量","2","17/9/2025 11:11:38","17/9/2025 11:11:38","2022","福建省"
"5386","30","科学研究和技术服务业","政策数量","2","17/9/2025 11:11:38","21/10/2025 13:26:53","2022","福建省"
"5387","12","汽车制造业","政策数量","2","17/9/2025 11:11:38","21/10/2025 13:26:53","2022","福建省"
"5388","33","文化、体育和娱乐业","政策数量","2","17/9/2025 11:11:38","21/10/2025 13:26:53","2022","福建省"
"5389","2","化学原料和化学制品制造业","政策数量","2","17/9/2025 11:11:38","21/10/2025 13:26:53","2022","福建省"
"5390","5","专用设备制造业","政策数量","1","17/9/2025 11:11:38","21/10/2025 13:26:53","2022","福建省"
"5391","45","石油加工、炼焦和核燃料加工业","政策数量","1","17/9/2025 11:11:38","21/10/2025 13:26:53","2022","福建省"
"5392","18","通用设备制造业","政策数量","1","17/9/2025 11:11:38","21/10/2025 13:26:53","2022","福建省"
"5393","32","仪器仪表制造业","政策数量","1","17/9/2025 11:11:38","21/10/2025 13:26:53","2022","福建省"
"5394","27","铁路、船舶、航空航天和其他运输设备制造业","政策数量","1","17/9/2025 11:11:38","21/10/2025 13:26:53","2022","福建省"
"5395","34","农、林、牧、渔业","政策数量","1","17/9/2025 11:11:38","21/10/2025 13:26:53","2022","福建省"
"5396","21","通信传输设备业","政策数量","1","17/9/2025 11:11:38","21/10/2025 13:26:53","2022","福建省"
"5397","28","水利、环境和公共设施管理业","政策数量","1","17/9/2025 11:11:38","21/10/2025 13:26:52","2022","福建省"
"5398","15","纺织鞋服业","政策数量","1","17/9/2025 11:11:38","21/10/2025 13:26:53","2022","福建省"
"5399","19","半导体业","政策数量","1","17/9/2025 11:11:38","21/10/2025 13:26:53","2022","福建省"
"5400","13","电力、热力、燃气及水生产和供应业","政策数量","1","17/9/2025 11:11:39","21/10/2025 13:26:53","2022","福建省"
"5401","25","其他制造业","政策数量","1","17/9/2025 11:11:39","21/10/2025 13:26:53","2022","福建省"
"5402","17","交通运输、仓储和邮政业","政策数量","1","17/9/2025 11:11:39","21/10/2025 13:26:53","2022","福建省"
"5403",,,"地方政策-福建省工业和信息化厅政策数量","7","17/9/2025 11:11:39","17/9/2025 11:11:39","2022","福建省"
"5404",,,"地方政策-福建省教育厅政策数量","1","17/9/2025 11:11:39","17/9/2025 11:11:39","2022","福建省"
"5405",,,"地方政策-福建省发展和改革委员会政策数量","3","17/9/2025 11:11:39","17/9/2025 11:11:39","2022","福建省"
"5406",,,"地方政策-福建省科学技术厅政策数量","1","17/9/2025 11:11:39","17/9/2025 11:11:39","2022","福建省"
"5407",,,"地方政策-福建省财政厅政策数量","2","17/9/2025 11:11:39","17/9/2025 11:11:39","2022","福建省"
"5408",,,"地方政策-福建省生态环境厅政策数量","1","17/9/2025 11:11:39","17/9/2025 11:11:39","2022","福建省"
"5409",,,"地方政策-福建省文化和旅游厅政策数量","1","17/9/2025 11:11:39","17/9/2025 11:11:39","2022","福建省"
"5410",,,"地方政策-福建省海洋与渔业局政策数量","1","17/9/2025 11:11:39","17/9/2025 11:11:39","2022","福建省"
"5411",,,"地方政策-福建省地方金融监督管理局政策数量","1","17/9/2025 11:11:39","17/9/2025 11:11:39","2022","福建省"
"5412",,,"地方政策-厦门市工业和信息化局办公室政策数量","1","17/9/2025 11:11:39","17/9/2025 11:11:39","2022","福建省"
"5413",,,"地方政策-厦门市大数据管理局政策数量","1","17/9/2025 11:11:39","17/9/2025 11:11:39","2022","福建省"
"5414",,,"地方政策-福建省市场监督管理局政策数量","1","17/9/2025 11:11:39","17/9/2025 11:11:39","2022","福建省"
"5415",,,"地方政策-厦门市科学技术局政策数量","1","17/9/2025 11:11:39","17/9/2025 11:11:39","2022","福建省"
"5416","15","纺织鞋服业","地方政策政策数量","1","17/9/2025 11:11:39","21/10/2025 13:26:53","2022","福建省"
"5417","2","化学原料和化学制品制造业","地方政策政策数量","2","17/9/2025 11:11:39","21/10/2025 13:26:53","2022","福建省"
"5418","5","专用设备制造业","地方政策政策数量","1","17/9/2025 11:11:39","21/10/2025 13:26:53","2022","福建省"
"5419","18","通用设备制造业","地方政策政策数量","1","17/9/2025 11:11:39","21/10/2025 13:26:53","2022","福建省"
"5420","32","仪器仪表制造业","地方政策政策数量","1","17/9/2025 11:11:40","21/10/2025 13:26:53","2022","福建省"
"5421","12","汽车制造业","地方政策政策数量","2","17/9/2025 11:11:40","21/10/2025 13:26:53","2022","福建省"
"5422","27","铁路、船舶、航空航天和其他运输设备制造业","地方政策政策数量","1","17/9/2025 11:11:40","21/10/2025 13:26:53","2022","福建省"
"5423","21","通信传输设备业","地方政策政策数量","1","17/9/2025 11:11:40","21/10/2025 13:26:53","2022","福建省"
"5424","19","半导体业","地方政策政策数量","1","17/9/2025 11:11:40","21/10/2025 13:26:53","2022","福建省"
"5425","25","其他制造业","地方政策政策数量","1","17/9/2025 11:11:40","21/10/2025 13:26:53","2022","福建省"
"5426","3","信息传输、软件和信息技术服务业","地方政策政策数量","4","17/9/2025 11:11:40","21/10/2025 13:26:52","2022","福建省"
"5427",,"互联网和相关服务","地方政策政策数量","2","17/9/2025 11:11:40","17/9/2025 11:11:40","2022","福建省"
"5428","30","科学研究和技术服务业","地方政策政策数量","2","17/9/2025 11:11:40","21/10/2025 13:26:53","2022","福建省"
"5429","33","文化、体育和娱乐业","地方政策政策数量","2","17/9/2025 11:11:40","21/10/2025 13:26:53","2022","福建省"
"5430","34","农、林、牧、渔业","地方政策政策数量","1","17/9/2025 11:11:40","21/10/2025 13:26:53","2022","福建省"
"5431","28","水利、环境和公共设施管理业","地方政策政策数量","1","17/9/2025 11:11:40","21/10/2025 13:26:52","2022","福建省"
"5432","13","电力、热力、燃气及水生产和供应业","地方政策政策数量","1","17/9/2025 11:11:40","21/10/2025 13:26:53","2022","福建省"
"5433","17","交通运输、仓储和邮政业","地方政策政策数量","1","17/9/2025 11:11:40","21/10/2025 13:26:53","2022","福建省"
"5434","45","石油加工、炼焦和核燃料加工业","地方政策政策数量","1","17/9/2025 11:11:40","21/10/2025 13:26:53","2022","福建省"
"5435","15","纺织鞋服业","地方政策-福建省工业和信息化厅政策数量","1","17/9/2025 11:11:40","21/10/2025 13:26:53","2022","福建省"
"5436","2","化学原料和化学制品制造业","地方政策-福建省工业和信息化厅政策数量","1","17/9/2025 11:11:40","21/10/2025 13:26:53","2022","福建省"
"5437","5","专用设备制造业","地方政策-福建省工业和信息化厅政策数量","1","17/9/2025 11:11:40","21/10/2025 13:26:53","2022","福建省"
"5438","18","通用设备制造业","地方政策-福建省工业和信息化厅政策数量","1","17/9/2025 11:11:40","21/10/2025 13:26:53","2022","福建省"
"5439","32","仪器仪表制造业","地方政策-福建省工业和信息化厅政策数量","1","17/9/2025 11:11:40","21/10/2025 13:26:53","2022","福建省"
"5440","12","汽车制造业","地方政策-福建省工业和信息化厅政策数量","1","17/9/2025 11:11:41","21/10/2025 13:26:53","2022","福建省"
"5441","27","铁路、船舶、航空航天和其他运输设备制造业","地方政策-福建省工业和信息化厅政策数量","1","17/9/2025 11:11:41","21/10/2025 13:26:53","2022","福建省"
"5442","21","通信传输设备业","地方政策-福建省工业和信息化厅政策数量","1","17/9/2025 11:11:41","21/10/2025 13:26:53","2022","福建省"
"5443","19","半导体业","地方政策-福建省工业和信息化厅政策数量","1","17/9/2025 11:11:41","21/10/2025 13:26:53","2022","福建省"
"5444","25","其他制造业","地方政策-福建省工业和信息化厅政策数量","1","17/9/2025 11:11:41","21/10/2025 13:26:53","2022","福建省"
"5445","3","信息传输、软件和信息技术服务业","地方政策-福建省教育厅政策数量","1","17/9/2025 11:11:41","21/10/2025 13:26:52","2022","福建省"
"5446",,"互联网和相关服务","地方政策-福建省教育厅政策数量","1","17/9/2025 11:11:41","17/9/2025 11:11:41","2022","福建省"
"5447","30","科学研究和技术服务业","地方政策-福建省教育厅政策数量","1","17/9/2025 11:11:41","21/10/2025 13:26:53","2022","福建省"
"5448","33","文化、体育和娱乐业","地方政策-福建省教育厅政策数量","1","17/9/2025 11:11:41","21/10/2025 13:26:53","2022","福建省"
"5449","34","农、林、牧、渔业","地方政策-福建省教育厅政策数量","1","17/9/2025 11:11:41","21/10/2025 13:26:53","2022","福建省"
"5450","28","水利、环境和公共设施管理业","地方政策-福建省教育厅政策数量","1","17/9/2025 11:11:41","21/10/2025 13:26:52","2022","福建省"
"5451","3","信息传输、软件和信息技术服务业","地方政策-福建省发展和改革委员会政策数量","1","17/9/2025 11:11:41","21/10/2025 13:26:52","2022","福建省"
"5452",,"互联网和相关服务","地方政策-福建省发展和改革委员会政策数量","1","17/9/2025 11:11:41","17/9/2025 11:11:41","2022","福建省"
"5453","30","科学研究和技术服务业","地方政策-福建省发展和改革委员会政策数量","1","17/9/2025 11:11:41","21/10/2025 13:26:53","2022","福建省"
"5454","33","文化、体育和娱乐业","地方政策-福建省发展和改革委员会政策数量","1","17/9/2025 11:11:41","21/10/2025 13:26:53","2022","福建省"
"5455","34","农、林、牧、渔业","地方政策-福建省发展和改革委员会政策数量","1","17/9/2025 11:11:41","21/10/2025 13:26:53","2022","福建省"
"5456","28","水利、环境和公共设施管理业","地方政策-福建省发展和改革委员会政策数量","1","17/9/2025 11:11:41","21/10/2025 13:26:52","2022","福建省"
"5457","3","信息传输、软件和信息技术服务业","地方政策-福建省科学技术厅政策数量","1","17/9/2025 11:11:41","21/10/2025 13:26:52","2022","福建省"
"5458",,"互联网和相关服务","地方政策-福建省科学技术厅政策数量","1","17/9/2025 11:11:41","17/9/2025 11:11:41","2022","福建省"
"5459","30","科学研究和技术服务业","地方政策-福建省科学技术厅政策数量","1","17/9/2025 11:11:41","21/10/2025 13:26:53","2022","福建省"
"5460","33","文化、体育和娱乐业","地方政策-福建省科学技术厅政策数量","1","17/9/2025 11:11:42","21/10/2025 13:26:53","2022","福建省"
"5461","34","农、林、牧、渔业","地方政策-福建省科学技术厅政策数量","1","17/9/2025 11:11:42","21/10/2025 13:26:53","2022","福建省"
"5462","28","水利、环境和公共设施管理业","地方政策-福建省科学技术厅政策数量","1","17/9/2025 11:11:42","21/10/2025 13:26:52","2022","福建省"
"5463","3","信息传输、软件和信息技术服务业","地方政策-福建省工业和信息化厅政策数量","2","17/9/2025 11:11:42","21/10/2025 13:26:52","2022","福建省"
"5464",,"互联网和相关服务","地方政策-福建省工业和信息化厅政策数量","1","17/9/2025 11:11:42","17/9/2025 11:11:42","2022","福建省"
"5465","30","科学研究和技术服务业","地方政策-福建省工业和信息化厅政策数量","1","17/9/2025 11:11:42","21/10/2025 13:26:53","2022","福建省"
"5466","33","文化、体育和娱乐业","地方政策-福建省工业和信息化厅政策数量","1","17/9/2025 11:11:42","21/10/2025 13:26:53","2022","福建省"
"5467","34","农、林、牧、渔业","地方政策-福建省工业和信息化厅政策数量","1","17/9/2025 11:11:42","21/10/2025 13:26:53","2022","福建省"
"5468","28","水利、环境和公共设施管理业","地方政策-福建省工业和信息化厅政策数量","1","17/9/2025 11:11:42","21/10/2025 13:26:52","2022","福建省"
"5469","3","信息传输、软件和信息技术服务业","地方政策-福建省财政厅政策数量","1","17/9/2025 11:11:42","21/10/2025 13:26:52","2022","福建省"
"5470",,"互联网和相关服务","地方政策-福建省财政厅政策数量","1","17/9/2025 11:11:42","17/9/2025 11:11:42","2022","福建省"
"5471","30","科学研究和技术服务业","地方政策-福建省财政厅政策数量","1","17/9/2025 11:11:42","21/10/2025 13:26:53","2022","福建省"
"5472","33","文化、体育和娱乐业","地方政策-福建省财政厅政策数量","1","17/9/2025 11:11:42","21/10/2025 13:26:53","2022","福建省"
"5473","34","农、林、牧、渔业","地方政策-福建省财政厅政策数量","1","17/9/2025 11:11:42","21/10/2025 13:26:53","2022","福建省"
"5474","28","水利、环境和公共设施管理业","地方政策-福建省财政厅政策数量","1","17/9/2025 11:11:42","21/10/2025 13:26:52","2022","福建省"
"5475","3","信息传输、软件和信息技术服务业","地方政策-福建省生态环境厅政策数量","1","17/9/2025 11:11:42","21/10/2025 13:26:52","2022","福建省"
"5476",,"互联网和相关服务","地方政策-福建省生态环境厅政策数量","1","17/9/2025 11:11:42","17/9/2025 11:11:42","2022","福建省"
"5477","30","科学研究和技术服务业","地方政策-福建省生态环境厅政策数量","1","17/9/2025 11:11:42","21/10/2025 13:26:53","2022","福建省"
"5478","33","文化、体育和娱乐业","地方政策-福建省生态环境厅政策数量","1","17/9/2025 11:11:42","21/10/2025 13:26:53","2022","福建省"
"5479","34","农、林、牧、渔业","地方政策-福建省生态环境厅政策数量","1","17/9/2025 11:11:42","21/10/2025 13:26:53","2022","福建省"
"5480","28","水利、环境和公共设施管理业","地方政策-福建省生态环境厅政策数量","1","17/9/2025 11:11:43","21/10/2025 13:26:52","2022","福建省"
"5481","3","信息传输、软件和信息技术服务业","地方政策-福建省文化和旅游厅政策数量","1","17/9/2025 11:11:43","21/10/2025 13:26:52","2022","福建省"
"5482",,"互联网和相关服务","地方政策-福建省文化和旅游厅政策数量","1","17/9/2025 11:11:43","17/9/2025 11:11:43","2022","福建省"
"5483","30","科学研究和技术服务业","地方政策-福建省文化和旅游厅政策数量","1","17/9/2025 11:11:43","21/10/2025 13:26:53","2022","福建省"
"5484","33","文化、体育和娱乐业","地方政策-福建省文化和旅游厅政策数量","1","17/9/2025 11:11:43","21/10/2025 13:26:53","2022","福建省"
"5485","34","农、林、牧、渔业","地方政策-福建省文化和旅游厅政策数量","1","17/9/2025 11:11:43","21/10/2025 13:26:53","2022","福建省"
"5486","28","水利、环境和公共设施管理业","地方政策-福建省文化和旅游厅政策数量","1","17/9/2025 11:11:43","21/10/2025 13:26:52","2022","福建省"
"5487","3","信息传输、软件和信息技术服务业","地方政策-福建省海洋与渔业局政策数量","1","17/9/2025 11:11:43","21/10/2025 13:26:52","2022","福建省"
"5488",,"互联网和相关服务","地方政策-福建省海洋与渔业局政策数量","1","17/9/2025 11:11:43","17/9/2025 11:11:43","2022","福建省"
"5489","30","科学研究和技术服务业","地方政策-福建省海洋与渔业局政策数量","1","17/9/2025 11:11:43","21/10/2025 13:26:53","2022","福建省"
"5490","33","文化、体育和娱乐业","地方政策-福建省海洋与渔业局政策数量","1","17/9/2025 11:11:43","21/10/2025 13:26:53","2022","福建省"
"5491","34","农、林、牧、渔业","地方政策-福建省海洋与渔业局政策数量","1","17/9/2025 11:11:43","21/10/2025 13:26:53","2022","福建省"
"5492","28","水利、环境和公共设施管理业","地方政策-福建省海洋与渔业局政策数量","1","17/9/2025 11:11:43","21/10/2025 13:26:52","2022","福建省"
"5493","3","信息传输、软件和信息技术服务业","地方政策-福建省地方金融监督管理局政策数量","1","17/9/2025 11:11:43","21/10/2025 13:26:52","2022","福建省"
"5494",,"互联网和相关服务","地方政策-福建省地方金融监督管理局政策数量","1","17/9/2025 11:11:43","17/9/2025 11:11:43","2022","福建省"
"5495","30","科学研究和技术服务业","地方政策-福建省地方金融监督管理局政策数量","1","17/9/2025 11:11:43","21/10/2025 13:26:53","2022","福建省"
"5496","33","文化、体育和娱乐业","地方政策-福建省地方金融监督管理局政策数量","1","17/9/2025 11:11:43","21/10/2025 13:26:53","2022","福建省"
"5497","34","农、林、牧、渔业","地方政策-福建省地方金融监督管理局政策数量","1","17/9/2025 11:11:43","21/10/2025 13:26:53","2022","福建省"
"5498","28","水利、环境和公共设施管理业","地方政策-福建省地方金融监督管理局政策数量","1","17/9/2025 11:11:43","21/10/2025 13:26:52","2022","福建省"
"5499","3","信息传输、软件和信息技术服务业","地方政策-厦门市工业和信息化局办公室政策数量","1","17/9/2025 11:11:43","21/10/2025 13:26:52","2022","福建省"
"5500",,"互联网和相关服务","地方政策-厦门市工业和信息化局办公室政策数量","1","17/9/2025 11:11:43","17/9/2025 11:11:43","2022","福建省"
"5501","33","文化、体育和娱乐业","地方政策-厦门市工业和信息化局办公室政策数量","1","17/9/2025 11:11:44","21/10/2025 13:26:53","2022","福建省"
"5502","3","信息传输、软件和信息技术服务业","地方政策-厦门市大数据管理局政策数量","1","17/9/2025 11:11:44","21/10/2025 13:26:52","2022","福建省"
"5503",,"互联网和相关服务","地方政策-厦门市大数据管理局政策数量","1","17/9/2025 11:11:44","17/9/2025 11:11:44","2022","福建省"
"5504","33","文化、体育和娱乐业","地方政策-厦门市大数据管理局政策数量","1","17/9/2025 11:11:44","21/10/2025 13:26:53","2022","福建省"
"5505","13","电力、热力、燃气及水生产和供应业","地方政策-福建省发展和改革委员会政策数量","1","17/9/2025 11:11:44","21/10/2025 13:26:53","2022","福建省"
"5506","17","交通运输、仓储和邮政业","地方政策-福建省发展和改革委员会政策数量","1","17/9/2025 11:11:44","21/10/2025 13:26:53","2022","福建省"
"5507","12","汽车制造业","地方政策-福建省发展和改革委员会政策数量","1","17/9/2025 11:11:44","21/10/2025 13:26:53","2022","福建省"
"5508","2","化学原料和化学制品制造业","地方政策-福建省发展和改革委员会政策数量","1","17/9/2025 11:11:44","21/10/2025 13:26:53","2022","福建省"
"5509","45","石油加工、炼焦和核燃料加工业","地方政策-福建省发展和改革委员会政策数量","1","17/9/2025 11:11:44","21/10/2025 13:26:53","2022","福建省"
"5510","3","信息传输、软件和信息技术服务业","地方政策-厦门市科学技术局政策数量","1","17/9/2025 11:11:44","21/10/2025 13:26:52","2022","福建省"
"5511","30","科学研究和技术服务业","地方政策-厦门市科学技术局政策数量","1","17/9/2025 11:11:44","21/10/2025 13:26:53","2022","福建省"
"5512",,,"发布政策数量","23","17/9/2025 11:11:44","17/9/2025 11:11:44","2022","四川省"
"5513",,,"地方政策政策数量","23","17/9/2025 11:11:44","17/9/2025 11:11:44","2022","四川省"
"5514",,,"四川省科学技术厅发布政策数量","5","17/9/2025 11:11:44","17/9/2025 11:11:44","2022","四川省"
"5515",,,"四川省发展和改革委员会发布政策数量","5","17/9/2025 11:11:44","17/9/2025 11:11:44","2022","四川省"
"5516",,,"四川省经济和信息化厅发布政策数量","7","17/9/2025 11:11:44","17/9/2025 11:11:44","2022","四川省"
"5517",,,"重庆市经济信息委发布政策数量","1","17/9/2025 11:11:44","17/9/2025 11:11:44","2022","四川省"
"5518",,,"重庆市财政局发布政策数量","1","17/9/2025 11:11:45","17/9/2025 11:11:45","2022","四川省"
"5519",,,"四川省财政厅发布政策数量","6","17/9/2025 11:11:45","17/9/2025 11:11:45","2022","四川省"
"5520",,,"四川省人民政府发布政策数量","2","17/9/2025 11:11:45","17/9/2025 11:11:45","2022","四川省"
"5521",,,"重庆市人民政府办公厅发布政策数量","4","17/9/2025 11:11:45","17/9/2025 11:11:45","2022","四川省"
"5522",,,"四川省人民政府办公厅发布政策数量","6","17/9/2025 11:11:45","17/9/2025 11:11:45","2022","四川省"
"5523",,,"中共四川省军民融合发展委员会办公室发布政策数量","1","17/9/2025 11:11:45","17/9/2025 11:11:45","2022","四川省"
"5524",,,"四川省教育厅发布政策数量","1","17/9/2025 11:11:45","17/9/2025 11:11:45","2022","四川省"
"5525",,,"四川省人力资源和社会保障厅发布政策数量","1","17/9/2025 11:11:45","17/9/2025 11:11:45","2022","四川省"
"5526",,,"四川省卫生健康委员会发布政策数量","1","17/9/2025 11:11:45","17/9/2025 11:11:45","2022","四川省"
"5527",,,"四川省政府国有资产监督管理委员会发布政策数量","1","17/9/2025 11:11:45","17/9/2025 11:11:45","2022","四川省"
"5528",,,"中国科学院成都分院发布政策数量","1","17/9/2025 11:11:45","17/9/2025 11:11:45","2022","四川省"
"5529",,,"四川省能源局发布政策数量","3","17/9/2025 11:11:45","17/9/2025 11:11:45","2022","四川省"
"5530",,,"成都市经济和信息化局发布政策数量","1","17/9/2025 11:11:45","17/9/2025 11:11:45","2022","四川省"
"5531",,,"四川省经济和信息化厅办公室发布政策数量","1","17/9/2025 11:11:45","17/9/2025 11:11:45","2022","四川省"
"5532",,,"四川省统计局发布政策数量","1","17/9/2025 11:11:45","17/9/2025 11:11:45","2022","四川省"
"5533",,,"国家税务总局四川省税务局发布政策数量","1","17/9/2025 11:11:45","17/9/2025 11:11:45","2022","四川省"
"5534",,,"四川省自然资源厅发布政策数量","2","17/9/2025 11:11:45","17/9/2025 11:11:45","2022","四川省"
"5535",,,"四川省住房和城乡建设厅发布政策数量","2","17/9/2025 11:11:45","17/9/2025 11:11:45","2022","四川省"
"5536",,,"四川省交通运输厅发布政策数量","2","17/9/2025 11:11:45","17/9/2025 11:11:45","2022","四川省"
"5537",,,"四川省农业农村厅发布政策数量","2","17/9/2025 11:11:45","17/9/2025 11:11:45","2022","四川省"
"5538",,,"四川省文化和旅游厅发布政策数量","1","17/9/2025 11:11:46","17/9/2025 11:11:46","2022","四川省"
"5539",,,"四川省应急管理厅发布政策数量","1","17/9/2025 11:11:46","17/9/2025 11:11:46","2022","四川省"
"5540",,,"四川省生态环境厅发布政策数量","2","17/9/2025 11:11:46","17/9/2025 11:11:46","2022","四川省"
"5541",,,"四川省机关事务管理局发布政策数量","1","17/9/2025 11:11:46","17/9/2025 11:11:46","2022","四川省"
"5542",,,"中国民用航空四川安全监督管理局发布政策数量","1","17/9/2025 11:11:46","17/9/2025 11:11:46","2022","四川省"
"5543",,,"成都市新经济发展委员会发布政策数量","1","17/9/2025 11:11:46","17/9/2025 11:11:46","2022","四川省"
"5544","13","电力、热力、燃气及水生产和供应业","政策数量","10","17/9/2025 11:11:46","21/10/2025 13:26:53","2022","四川省"
"5545","3","信息传输、软件和信息技术服务业","政策数量","9","17/9/2025 11:11:46","21/10/2025 13:26:52","2022","四川省"
"5546","30","科学研究和技术服务业","政策数量","7","17/9/2025 11:11:46","21/10/2025 13:26:53","2022","四川省"
"5547","5","专用设备制造业","政策数量","6","17/9/2025 11:11:46","21/10/2025 13:26:53","2022","四川省"
"5548",,"互联网和相关服务","政策数量","5","17/9/2025 11:11:46","17/9/2025 11:11:46","2022","四川省"
"5549","17","交通运输、仓储和邮政业","政策数量","4","17/9/2025 11:11:46","21/10/2025 13:26:53","2022","四川省"
"5550","1","医药制造业","政策数量","4","17/9/2025 11:11:46","21/10/2025 13:26:53","2022","四川省"
"5551","32","仪器仪表制造业","政策数量","4","17/9/2025 11:11:46","21/10/2025 13:26:53","2022","四川省"
"5552","18","通用设备制造业","政策数量","4","17/9/2025 11:11:46","21/10/2025 13:26:53","2022","四川省"
"5553","29","金属冶炼和压延加工业","政策数量","4","17/9/2025 11:11:46","21/10/2025 13:26:53","2022","四川省"
"5554","12","汽车制造业","政策数量","4","17/9/2025 11:11:46","21/10/2025 13:26:53","2022","四川省"
"5555","22","非金属矿物制品业","政策数量","4","17/9/2025 11:11:46","21/10/2025 13:26:53","2022","四川省"
"5556","2","化学原料和化学制品制造业","政策数量","4","17/9/2025 11:11:46","21/10/2025 13:26:53","2022","四川省"
"5557","33","文化、体育和娱乐业","政策数量","4","17/9/2025 11:11:46","21/10/2025 13:26:53","2022","四川省"
"5558","27","铁路、船舶、航空航天和其他运输设备制造业","政策数量","4","17/9/2025 11:11:47","21/10/2025 13:26:53","2022","四川省"
"5559","15","纺织鞋服业","政策数量","3","17/9/2025 11:11:47","21/10/2025 13:26:53","2022","四川省"
"5560","25","其他制造业","政策数量","3","17/9/2025 11:11:47","21/10/2025 13:26:53","2022","四川省"
"5561","46","废弃资源综合利用业","政策数量","3","17/9/2025 11:11:47","21/10/2025 13:26:53","2022","四川省"
"5562","23","橡胶和塑料制品业","政策数量","3","17/9/2025 11:11:47","21/10/2025 13:26:53","2022","四川省"
"5563","34","农、林、牧、渔业","政策数量","3","17/9/2025 11:11:47","21/10/2025 13:26:53","2022","四川省"
"5564","19","半导体业","政策数量","3","17/9/2025 11:11:47","21/10/2025 13:26:53","2022","四川省"
"5565","21","通信传输设备业","政策数量","3","17/9/2025 11:11:47","21/10/2025 13:26:53","2022","四川省"
"5566","31","教育","政策数量","3","17/9/2025 11:11:47","21/10/2025 13:26:53","2022","四川省"
"5567","14","采矿业","政策数量","3","17/9/2025 11:11:47","21/10/2025 13:26:53","2022","四川省"
"5568","35","卫生和社会工作","政策数量","3","17/9/2025 11:11:47","21/10/2025 13:26:53","2022","四川省"
"5569","26","金属制品业","政策数量","3","17/9/2025 11:11:47","21/10/2025 13:26:53","2022","四川省"
"5570","37","住宿和餐饮业","政策数量","3","17/9/2025 11:11:47","21/10/2025 13:26:53","2022","四川省"
"5571","38","家具制造业","政策数量","2","17/9/2025 11:11:47","21/10/2025 13:26:53","2022","四川省"
"5572","10","食品饮料业","政策数量","2","17/9/2025 11:11:47","21/10/2025 13:26:53","2022","四川省"
"5573","6","消费电子及电气业","政策数量","2","17/9/2025 11:11:47","21/10/2025 13:26:53","2022","四川省"
"5574","45","石油加工、炼焦和核燃料加工业","政策数量","2","17/9/2025 11:11:47","21/10/2025 13:26:53","2022","四川省"
"5575","8","商业电气机械和器材制造业","政策数量","2","17/9/2025 11:11:47","21/10/2025 13:26:53","2022","四川省"
"5576","9","批发和零售业","政策数量","2","17/9/2025 11:11:47","21/10/2025 13:26:53","2022","四川省"
"5577","43","化学纤维制造业","政策数量","2","17/9/2025 11:11:47","21/10/2025 13:26:53","2022","四川省"
"5578","16","建筑业","政策数量","2","17/9/2025 11:11:47","21/10/2025 13:26:53","2022","四川省"
"5579","36","造纸和纸制品业","政策数量","2","17/9/2025 11:11:48","21/10/2025 13:26:53","2022","四川省"
"5580",,"公共管理、社会保障和社会组织","政策数量","1","17/9/2025 11:11:48","17/9/2025 11:11:48","2022","四川省"
"5581","7","金融业","政策数量","1","17/9/2025 11:11:48","21/10/2025 13:26:52","2022","四川省"
"5582","48","居民服务、修理和其他服务业","政策数量","1","17/9/2025 11:11:48","21/10/2025 13:26:53","2022","四川省"
"5583",,"电气机械和器材制造业","政策数量","1","17/9/2025 11:11:48","17/9/2025 11:11:48","2022","四川省"
"5584","39","印刷和记录媒介复制业","政策数量","1","17/9/2025 11:11:48","21/10/2025 13:26:53","2022","四川省"
"5585","41","文教、工美、体育和娱乐用品制造业","政策数量","1","17/9/2025 11:11:48","21/10/2025 13:26:53","2022","四川省"
"5586","28","水利、环境和公共设施管理业","政策数量","1","17/9/2025 11:11:48","21/10/2025 13:26:52","2022","四川省"
"5587",,"电信、广播电视和卫星传输服务","政策数量","1","17/9/2025 11:11:48","17/9/2025 11:11:48","2022","四川省"
"5588",,,"地方政策-四川省科学技术厅政策数量","5","17/9/2025 11:11:48","17/9/2025 11:11:48","2022","四川省"
"5589",,,"地方政策-四川省发展和改革委员会政策数量","5","17/9/2025 11:11:48","17/9/2025 11:11:48","2022","四川省"
"5590",,,"地方政策-四川省经济和信息化厅政策数量","7","17/9/2025 11:11:48","17/9/2025 11:11:48","2022","四川省"
"5591",,,"地方政策-重庆市经济信息委政策数量","1","17/9/2025 11:11:48","17/9/2025 11:11:48","2022","四川省"
"5592",,,"地方政策-重庆市财政局政策数量","1","17/9/2025 11:11:48","17/9/2025 11:11:48","2022","四川省"
"5593",,,"地方政策-四川省财政厅政策数量","6","17/9/2025 11:11:48","17/9/2025 11:11:48","2022","四川省"
"5594",,,"地方政策-四川省人民政府政策数量","2","17/9/2025 11:11:48","17/9/2025 11:11:48","2022","四川省"
"5595",,,"地方政策-重庆市人民政府办公厅政策数量","4","17/9/2025 11:11:48","17/9/2025 11:11:48","2022","四川省"
"5596",,,"地方政策-四川省人民政府办公厅政策数量","6","17/9/2025 11:11:48","17/9/2025 11:11:48","2022","四川省"
"5597",,,"地方政策-中共四川省军民融合发展委员会办公室政策数量","1","17/9/2025 11:11:48","17/9/2025 11:11:48","2022","四川省"
"5598",,,"地方政策-四川省教育厅政策数量","1","17/9/2025 11:11:48","17/9/2025 11:11:48","2022","四川省"
"5599",,,"地方政策-四川省人力资源和社会保障厅政策数量","1","17/9/2025 11:11:48","17/9/2025 11:11:48","2022","四川省"
"5600",,,"地方政策-四川省卫生健康委员会政策数量","1","17/9/2025 11:11:49","17/9/2025 11:11:49","2022","四川省"
"5601",,,"地方政策-四川省政府国有资产监督管理委员会政策数量","1","17/9/2025 11:11:49","17/9/2025 11:11:49","2022","四川省"
"5602",,,"地方政策-中国科学院成都分院政策数量","1","17/9/2025 11:11:49","17/9/2025 11:11:49","2022","四川省"
"5603",,,"地方政策-四川省能源局政策数量","3","17/9/2025 11:11:49","17/9/2025 11:11:49","2022","四川省"
"5604",,,"地方政策-成都市经济和信息化局政策数量","1","17/9/2025 11:11:49","17/9/2025 11:11:49","2022","四川省"
"5605",,,"地方政策-四川省经济和信息化厅办公室政策数量","1","17/9/2025 11:11:49","17/9/2025 11:11:49","2022","四川省"
"5606",,,"地方政策-四川省统计局政策数量","1","17/9/2025 11:11:49","17/9/2025 11:11:49","2022","四川省"
"5607",,,"地方政策-国家税务总局四川省税务局政策数量","1","17/9/2025 11:11:49","17/9/2025 11:11:49","2022","四川省"
"5608",,,"地方政策-四川省自然资源厅政策数量","2","17/9/2025 11:11:49","17/9/2025 11:11:49","2022","四川省"
"5609",,,"地方政策-四川省住房和城乡建设厅政策数量","2","17/9/2025 11:11:49","17/9/2025 11:11:49","2022","四川省"
"5610",,,"地方政策-四川省交通运输厅政策数量","2","17/9/2025 11:11:49","17/9/2025 11:11:49","2022","四川省"
"5611",,,"地方政策-四川省农业农村厅政策数量","2","17/9/2025 11:11:49","17/9/2025 11:11:49","2022","四川省"
"5612",,,"地方政策-四川省文化和旅游厅政策数量","1","17/9/2025 11:11:49","17/9/2025 11:11:49","2022","四川省"
"5613",,,"地方政策-四川省应急管理厅政策数量","1","17/9/2025 11:11:49","17/9/2025 11:11:49","2022","四川省"
"5614",,,"地方政策-四川省生态环境厅政策数量","2","17/9/2025 11:11:49","17/9/2025 11:11:49","2022","四川省"
"5615",,,"地方政策-四川省机关事务管理局政策数量","1","17/9/2025 11:11:49","17/9/2025 11:11:49","2022","四川省"
"5616",,,"地方政策-中国民用航空四川安全监督管理局政策数量","1","17/9/2025 11:11:49","17/9/2025 11:11:49","2022","四川省"
"5617",,,"地方政策-成都市新经济发展委员会政策数量","1","17/9/2025 11:11:50","17/9/2025 11:11:50","2022","四川省"
"5618","3","信息传输、软件和信息技术服务业","地方政策政策数量","9","17/9/2025 11:11:50","21/10/2025 13:26:52","2022","四川省"
"5619","9","批发和零售业","地方政策政策数量","2","17/9/2025 11:11:50","21/10/2025 13:26:53","2022","四川省"
"5620","37","住宿和餐饮业","地方政策政策数量","3","17/9/2025 11:11:50","21/10/2025 13:26:53","2022","四川省"
"5621","17","交通运输、仓储和邮政业","地方政策政策数量","4","17/9/2025 11:11:50","21/10/2025 13:26:53","2022","四川省"
"5622","30","科学研究和技术服务业","地方政策政策数量","7","17/9/2025 11:11:50","21/10/2025 13:26:53","2022","四川省"
"5623","13","电力、热力、燃气及水生产和供应业","地方政策政策数量","10","17/9/2025 11:11:50","21/10/2025 13:26:53","2022","四川省"
"5624","34","农、林、牧、渔业","地方政策政策数量","3","17/9/2025 11:11:50","21/10/2025 13:26:53","2022","四川省"
"5625","48","居民服务、修理和其他服务业","地方政策政策数量","1","17/9/2025 11:11:50","21/10/2025 13:26:53","2022","四川省"
"5626","31","教育","地方政策政策数量","3","17/9/2025 11:11:50","21/10/2025 13:26:53","2022","四川省"
"5627","35","卫生和社会工作","地方政策政策数量","3","17/9/2025 11:11:50","21/10/2025 13:26:53","2022","四川省"
"5628","33","文化、体育和娱乐业","地方政策政策数量","4","17/9/2025 11:11:50","21/10/2025 13:26:53","2022","四川省"
"5629","1","医药制造业","地方政策政策数量","4","17/9/2025 11:11:50","21/10/2025 13:26:53","2022","四川省"
"5630","5","专用设备制造业","地方政策政策数量","6","17/9/2025 11:11:50","21/10/2025 13:26:53","2022","四川省"
"5631","18","通用设备制造业","地方政策政策数量","4","17/9/2025 11:11:50","21/10/2025 13:26:53","2022","四川省"
"5632","19","半导体业","地方政策政策数量","3","17/9/2025 11:11:50","21/10/2025 13:26:53","2022","四川省"
"5633","21","通信传输设备业","地方政策政策数量","3","17/9/2025 11:11:50","21/10/2025 13:26:53","2022","四川省"
"5634","22","非金属矿物制品业","地方政策政策数量","4","17/9/2025 11:11:50","21/10/2025 13:26:53","2022","四川省"
"5635","26","金属制品业","地方政策政策数量","3","17/9/2025 11:11:50","21/10/2025 13:26:53","2022","四川省"
"5636","27","铁路、船舶、航空航天和其他运输设备制造业","地方政策政策数量","4","17/9/2025 11:11:50","21/10/2025 13:26:53","2022","四川省"
"5637","32","仪器仪表制造业","地方政策政策数量","4","17/9/2025 11:11:50","21/10/2025 13:26:53","2022","四川省"
"5638","25","其他制造业","地方政策政策数量","3","17/9/2025 11:11:50","21/10/2025 13:26:53","2022","四川省"
"5639","46","废弃资源综合利用业","地方政策政策数量","3","17/9/2025 11:11:51","21/10/2025 13:26:53","2022","四川省"
"5640","29","金属冶炼和压延加工业","地方政策政策数量","4","17/9/2025 11:11:51","21/10/2025 13:26:53","2022","四川省"
"5641","45","石油加工、炼焦和核燃料加工业","地方政策政策数量","2","17/9/2025 11:11:51","21/10/2025 13:26:53","2022","四川省"
"5642","2","化学原料和化学制品制造业","地方政策政策数量","4","17/9/2025 11:11:51","21/10/2025 13:26:53","2022","四川省"
"5643","43","化学纤维制造业","地方政策政策数量","2","17/9/2025 11:11:51","21/10/2025 13:26:53","2022","四川省"
"5644","36","造纸和纸制品业","地方政策政策数量","2","17/9/2025 11:11:51","21/10/2025 13:26:53","2022","四川省"
"5645","15","纺织鞋服业","地方政策政策数量","3","17/9/2025 11:11:51","21/10/2025 13:26:53","2022","四川省"
"5646","38","家具制造业","地方政策政策数量","2","17/9/2025 11:11:51","21/10/2025 13:26:53","2022","四川省"
"5647","23","橡胶和塑料制品业","地方政策政策数量","3","17/9/2025 11:11:51","21/10/2025 13:26:53","2022","四川省"
"5648","12","汽车制造业","地方政策政策数量","4","17/9/2025 11:11:51","21/10/2025 13:26:53","2022","四川省"
"5649",,"电气机械和器材制造业","地方政策政策数量","1","17/9/2025 11:11:51","17/9/2025 11:11:51","2022","四川省"
"5650","14","采矿业","地方政策政策数量","3","17/9/2025 11:11:51","21/10/2025 13:26:53","2022","四川省"
"5651","16","建筑业","地方政策政策数量","2","17/9/2025 11:11:51","21/10/2025 13:26:53","2022","四川省"
"5652","28","水利、环境和公共设施管理业","地方政策政策数量","1","17/9/2025 11:11:51","21/10/2025 13:26:52","2022","四川省"
"5653",,"公共管理、社会保障和社会组织","地方政策政策数量","1","17/9/2025 11:11:51","17/9/2025 11:11:51","2022","四川省"
"5654",,"互联网和相关服务","地方政策政策数量","5","17/9/2025 11:11:51","17/9/2025 11:11:51","2022","四川省"
"5655","10","食品饮料业","地方政策政策数量","2","17/9/2025 11:11:51","21/10/2025 13:26:53","2022","四川省"
"5656","6","消费电子及电气业","地方政策政策数量","2","17/9/2025 11:11:51","21/10/2025 13:26:53","2022","四川省"
"5657","8","商业电气机械和器材制造业","地方政策政策数量","2","17/9/2025 11:11:51","21/10/2025 13:26:53","2022","四川省"
"5658","39","印刷和记录媒介复制业","地方政策政策数量","1","17/9/2025 11:11:51","21/10/2025 13:26:53","2022","四川省"
"5659","41","文教、工美、体育和娱乐用品制造业","地方政策政策数量","1","17/9/2025 11:11:52","21/10/2025 13:26:53","2022","四川省"
"5660",,"电信、广播电视和卫星传输服务","地方政策政策数量","1","17/9/2025 11:11:52","17/9/2025 11:11:52","2022","四川省"
"5661","7","金融业","地方政策政策数量","1","17/9/2025 11:11:52","21/10/2025 13:26:52","2022","四川省"
"5662","3","信息传输、软件和信息技术服务业","地方政策-四川省科学技术厅政策数量","2","17/9/2025 11:11:52","21/10/2025 13:26:52","2022","四川省"
"5663","3","信息传输、软件和信息技术服务业","地方政策-四川省发展和改革委员会政策数量","1","17/9/2025 11:11:52","21/10/2025 13:26:52","2022","四川省"
"5664","3","信息传输、软件和信息技术服务业","地方政策-四川省经济和信息化厅政策数量","3","17/9/2025 11:11:52","21/10/2025 13:26:52","2022","四川省"
"5665","9","批发和零售业","地方政策-四川省经济和信息化厅政策数量","1","17/9/2025 11:11:52","21/10/2025 13:26:53","2022","四川省"
"5666","37","住宿和餐饮业","地方政策-四川省经济和信息化厅政策数量","1","17/9/2025 11:11:52","21/10/2025 13:26:53","2022","四川省"
"5667","17","交通运输、仓储和邮政业","地方政策-四川省经济和信息化厅政策数量","2","17/9/2025 11:11:52","21/10/2025 13:26:53","2022","四川省"
"5668","30","科学研究和技术服务业","地方政策-四川省经济和信息化厅政策数量","3","17/9/2025 11:11:52","21/10/2025 13:26:53","2022","四川省"
"5669","13","电力、热力、燃气及水生产和供应业","地方政策-四川省经济和信息化厅政策数量","4","17/9/2025 11:11:52","21/10/2025 13:26:53","2022","四川省"
"5670","34","农、林、牧、渔业","地方政策-四川省经济和信息化厅政策数量","1","17/9/2025 11:11:52","21/10/2025 13:26:53","2022","四川省"
"5671","48","居民服务、修理和其他服务业","地方政策-四川省经济和信息化厅政策数量","1","17/9/2025 11:11:52","21/10/2025 13:26:53","2022","四川省"
"5672","31","教育","地方政策-四川省经济和信息化厅政策数量","1","17/9/2025 11:11:52","21/10/2025 13:26:53","2022","四川省"
"5673","35","卫生和社会工作","地方政策-四川省经济和信息化厅政策数量","1","17/9/2025 11:11:52","21/10/2025 13:26:53","2022","四川省"
"5674","33","文化、体育和娱乐业","地方政策-四川省经济和信息化厅政策数量","1","17/9/2025 11:11:52","21/10/2025 13:26:53","2022","四川省"
"5675","9","批发和零售业","地方政策-重庆市经济信息委政策数量","1","17/9/2025 11:11:53","21/10/2025 13:26:53","2022","四川省"
"5676","37","住宿和餐饮业","地方政策-重庆市经济信息委政策数量","1","17/9/2025 11:11:53","21/10/2025 13:26:53","2022","四川省"
"5677","17","交通运输、仓储和邮政业","地方政策-重庆市经济信息委政策数量","1","17/9/2025 11:11:53","21/10/2025 13:26:53","2022","四川省"
"5678","30","科学研究和技术服务业","地方政策-重庆市经济信息委政策数量","1","17/9/2025 11:11:53","21/10/2025 13:26:53","2022","四川省"
"5679","13","电力、热力、燃气及水生产和供应业","地方政策-重庆市经济信息委政策数量","1","17/9/2025 11:11:53","21/10/2025 13:26:53","2022","四川省"
"5680","34","农、林、牧、渔业","地方政策-重庆市经济信息委政策数量","1","17/9/2025 11:11:53","21/10/2025 13:26:53","2022","四川省"
"5681","48","居民服务、修理和其他服务业","地方政策-重庆市经济信息委政策数量","1","17/9/2025 11:11:53","21/10/2025 13:26:53","2022","四川省"
"5682","31","教育","地方政策-重庆市经济信息委政策数量","1","17/9/2025 11:11:53","21/10/2025 13:26:53","2022","四川省"
"5683","35","卫生和社会工作","地方政策-重庆市经济信息委政策数量","1","17/9/2025 11:11:53","21/10/2025 13:26:53","2022","四川省"
"5684","33","文化、体育和娱乐业","地方政策-重庆市经济信息委政策数量","1","17/9/2025 11:11:53","21/10/2025 13:26:53","2022","四川省"
"5685","9","批发和零售业","地方政策-重庆市财政局政策数量","1","17/9/2025 11:11:53","21/10/2025 13:26:53","2022","四川省"
"5686","37","住宿和餐饮业","地方政策-重庆市财政局政策数量","1","17/9/2025 11:11:53","21/10/2025 13:26:53","2022","四川省"
"5687","17","交通运输、仓储和邮政业","地方政策-重庆市财政局政策数量","1","17/9/2025 11:11:53","21/10/2025 13:26:53","2022","四川省"
"5688","30","科学研究和技术服务业","地方政策-重庆市财政局政策数量","1","17/9/2025 11:11:53","21/10/2025 13:26:53","2022","四川省"
"5689","13","电力、热力、燃气及水生产和供应业","地方政策-重庆市财政局政策数量","1","17/9/2025 11:11:53","21/10/2025 13:26:53","2022","四川省"
"5690","34","农、林、牧、渔业","地方政策-重庆市财政局政策数量","1","17/9/2025 11:11:53","21/10/2025 13:26:53","2022","四川省"
"5691","48","居民服务、修理和其他服务业","地方政策-重庆市财政局政策数量","1","17/9/2025 11:11:53","21/10/2025 13:26:53","2022","四川省"
"5692","31","教育","地方政策-重庆市财政局政策数量","1","17/9/2025 11:11:53","21/10/2025 13:26:53","2022","四川省"
"5693","35","卫生和社会工作","地方政策-重庆市财政局政策数量","1","17/9/2025 11:11:53","21/10/2025 13:26:53","2022","四川省"
"5694","33","文化、体育和娱乐业","地方政策-重庆市财政局政策数量","1","17/9/2025 11:11:53","21/10/2025 13:26:53","2022","四川省"
"5695","9","批发和零售业","地方政策-四川省财政厅政策数量","1","17/9/2025 11:11:53","21/10/2025 13:26:53","2022","四川省"
"5696","37","住宿和餐饮业","地方政策-四川省财政厅政策数量","1","17/9/2025 11:11:54","21/10/2025 13:26:53","2022","四川省"
"5697","17","交通运输、仓储和邮政业","地方政策-四川省财政厅政策数量","2","17/9/2025 11:11:54","21/10/2025 13:26:53","2022","四川省"
"5698","30","科学研究和技术服务业","地方政策-四川省财政厅政策数量","3","17/9/2025 11:11:54","21/10/2025 13:26:53","2022","四川省"
"5699","13","电力、热力、燃气及水生产和供应业","地方政策-四川省财政厅政策数量","4","17/9/2025 11:11:54","21/10/2025 13:26:53","2022","四川省"
"5700","34","农、林、牧、渔业","地方政策-四川省财政厅政策数量","1","17/9/2025 11:11:54","21/10/2025 13:26:53","2022","四川省"
"5701","48","居民服务、修理和其他服务业","地方政策-四川省财政厅政策数量","1","17/9/2025 11:11:54","21/10/2025 13:26:53","2022","四川省"
"5702","31","教育","地方政策-四川省财政厅政策数量","1","17/9/2025 11:11:54","21/10/2025 13:26:53","2022","四川省"
"5703","35","卫生和社会工作","地方政策-四川省财政厅政策数量","1","17/9/2025 11:11:54","21/10/2025 13:26:53","2022","四川省"
"5704","33","文化、体育和娱乐业","地方政策-四川省财政厅政策数量","1","17/9/2025 11:11:54","21/10/2025 13:26:53","2022","四川省"
"5705","1","医药制造业","地方政策-四川省人民政府政策数量","1","17/9/2025 11:11:54","21/10/2025 13:26:53","2022","四川省"
"5706","35","卫生和社会工作","地方政策-四川省人民政府政策数量","2","17/9/2025 11:11:54","21/10/2025 13:26:53","2022","四川省"
"5707","30","科学研究和技术服务业","地方政策-四川省人民政府政策数量","2","17/9/2025 11:11:54","21/10/2025 13:26:53","2022","四川省"
"5708","31","教育","地方政策-四川省人民政府政策数量","2","17/9/2025 11:11:54","21/10/2025 13:26:53","2022","四川省"
"5709","33","文化、体育和娱乐业","地方政策-四川省人民政府政策数量","2","17/9/2025 11:11:54","21/10/2025 13:26:53","2022","四川省"
"5710","34","农、林、牧、渔业","地方政策-四川省人民政府政策数量","2","17/9/2025 11:11:54","21/10/2025 13:26:53","2022","四川省"
"5711","9","批发和零售业","地方政策-四川省人民政府政策数量","1","17/9/2025 11:11:54","21/10/2025 13:26:53","2022","四川省"
"5712","37","住宿和餐饮业","地方政策-四川省人民政府政策数量","2","17/9/2025 11:11:55","21/10/2025 13:26:53","2022","四川省"
"5713","3","信息传输、软件和信息技术服务业","地方政策-四川省人民政府政策数量","2","17/9/2025 11:11:55","21/10/2025 13:26:52","2022","四川省"
"5714","5","专用设备制造业","地方政策-四川省经济和信息化厅政策数量","2","17/9/2025 11:11:55","21/10/2025 13:26:53","2022","四川省"
"5715","18","通用设备制造业","地方政策-四川省经济和信息化厅政策数量","1","17/9/2025 11:11:55","21/10/2025 13:26:53","2022","四川省"
"5716","19","半导体业","地方政策-四川省经济和信息化厅政策数量","1","17/9/2025 11:11:55","21/10/2025 13:26:53","2022","四川省"
"5717","21","通信传输设备业","地方政策-四川省经济和信息化厅政策数量","1","17/9/2025 11:11:55","21/10/2025 13:26:53","2022","四川省"
"5718","22","非金属矿物制品业","地方政策-四川省经济和信息化厅政策数量","1","17/9/2025 11:11:55","21/10/2025 13:26:53","2022","四川省"
"5719","26","金属制品业","地方政策-四川省经济和信息化厅政策数量","1","17/9/2025 11:11:55","21/10/2025 13:26:53","2022","四川省"
"5720","27","铁路、船舶、航空航天和其他运输设备制造业","地方政策-四川省经济和信息化厅政策数量","1","17/9/2025 11:11:55","21/10/2025 13:26:53","2022","四川省"
"5721","32","仪器仪表制造业","地方政策-四川省经济和信息化厅政策数量","1","17/9/2025 11:11:55","21/10/2025 13:26:53","2022","四川省"
"5722","25","其他制造业","地方政策-四川省经济和信息化厅政策数量","1","17/9/2025 11:11:55","21/10/2025 13:26:53","2022","四川省"
"5723","46","废弃资源综合利用业","地方政策-四川省经济和信息化厅政策数量","1","17/9/2025 11:11:55","21/10/2025 13:26:53","2022","四川省"
"5724","3","信息传输、软件和信息技术服务业","地方政策-四川省财政厅政策数量","1","17/9/2025 11:11:55","21/10/2025 13:26:52","2022","四川省"
"5725","5","专用设备制造业","地方政策-四川省财政厅政策数量","1","17/9/2025 11:11:55","21/10/2025 13:26:53","2022","四川省"
"5726","18","通用设备制造业","地方政策-四川省财政厅政策数量","1","17/9/2025 11:11:55","21/10/2025 13:26:53","2022","四川省"
"5727","19","半导体业","地方政策-四川省财政厅政策数量","1","17/9/2025 11:11:55","21/10/2025 13:26:53","2022","四川省"
"5728","21","通信传输设备业","地方政策-四川省财政厅政策数量","1","17/9/2025 11:11:56","21/10/2025 13:26:53","2022","四川省"
"5729","22","非金属矿物制品业","地方政策-四川省财政厅政策数量","1","17/9/2025 11:11:56","21/10/2025 13:26:53","2022","四川省"
"5730","26","金属制品业","地方政策-四川省财政厅政策数量","1","17/9/2025 11:11:56","21/10/2025 13:26:53","2022","四川省"
"5731","27","铁路、船舶、航空航天和其他运输设备制造业","地方政策-四川省财政厅政策数量","1","17/9/2025 11:11:56","21/10/2025 13:26:53","2022","四川省"
"5732","32","仪器仪表制造业","地方政策-四川省财政厅政策数量","1","17/9/2025 11:11:56","21/10/2025 13:26:53","2022","四川省"
"5733","25","其他制造业","地方政策-四川省财政厅政策数量","1","17/9/2025 11:11:56","21/10/2025 13:26:53","2022","四川省"
"5734","46","废弃资源综合利用业","地方政策-四川省财政厅政策数量","1","17/9/2025 11:11:56","21/10/2025 13:26:53","2022","四川省"
"5735","13","电力、热力、燃气及水生产和供应业","地方政策-重庆市人民政府办公厅政策数量","1","17/9/2025 11:11:56","21/10/2025 13:26:53","2022","四川省"
"5736","13","电力、热力、燃气及水生产和供应业","地方政策-四川省人民政府办公厅政策数量","3","17/9/2025 11:11:56","21/10/2025 13:26:53","2022","四川省"
"5737","13","电力、热力、燃气及水生产和供应业","地方政策-四川省人民政府政策数量","1","17/9/2025 11:11:56","21/10/2025 13:26:53","2022","四川省"
"5738","29","金属冶炼和压延加工业","地方政策-四川省人民政府政策数量","1","17/9/2025 11:11:56","21/10/2025 13:26:53","2022","四川省"
"5739","22","非金属矿物制品业","地方政策-四川省人民政府政策数量","1","17/9/2025 11:11:56","21/10/2025 13:26:53","2022","四川省"
"5740","45","石油加工、炼焦和核燃料加工业","地方政策-四川省人民政府政策数量","1","17/9/2025 11:11:56","21/10/2025 13:26:53","2022","四川省"
"5741","2","化学原料和化学制品制造业","地方政策-四川省人民政府政策数量","1","17/9/2025 11:11:56","21/10/2025 13:26:53","2022","四川省"
"5742","43","化学纤维制造业","地方政策-四川省人民政府政策数量","1","17/9/2025 11:11:56","21/10/2025 13:26:53","2022","四川省"
"5743","36","造纸和纸制品业","地方政策-四川省人民政府政策数量","1","17/9/2025 11:11:56","21/10/2025 13:26:53","2022","四川省"
"5744","15","纺织鞋服业","地方政策-四川省人民政府政策数量","1","17/9/2025 11:11:56","21/10/2025 13:26:53","2022","四川省"
"5745","38","家具制造业","地方政策-四川省人民政府政策数量","1","17/9/2025 11:11:56","21/10/2025 13:26:53","2022","四川省"
"5746","23","橡胶和塑料制品业","地方政策-四川省人民政府政策数量","1","17/9/2025 11:11:56","21/10/2025 13:26:53","2022","四川省"
"5747","12","汽车制造业","地方政策-四川省人民政府政策数量","1","17/9/2025 11:11:56","21/10/2025 13:26:53","2022","四川省"
"5748","27","铁路、船舶、航空航天和其他运输设备制造业","地方政策-四川省人民政府政策数量","1","17/9/2025 11:11:57","21/10/2025 13:26:53","2022","四川省"
"5749","18","通用设备制造业","地方政策-四川省人民政府政策数量","1","17/9/2025 11:11:57","21/10/2025 13:26:53","2022","四川省"
"5750","5","专用设备制造业","地方政策-四川省人民政府政策数量","1","17/9/2025 11:11:57","21/10/2025 13:26:53","2022","四川省"
"5751",,"电气机械和器材制造业","地方政策-四川省人民政府政策数量","1","17/9/2025 11:11:57","17/9/2025 11:11:57","2022","四川省"
"5752","32","仪器仪表制造业","地方政策-四川省人民政府政策数量","1","17/9/2025 11:11:57","21/10/2025 13:26:53","2022","四川省"
"5753","25","其他制造业","地方政策-四川省人民政府政策数量","1","17/9/2025 11:11:57","21/10/2025 13:26:53","2022","四川省"
"5754","46","废弃资源综合利用业","地方政策-四川省人民政府政策数量","1","17/9/2025 11:11:57","21/10/2025 13:26:53","2022","四川省"
"5755","14","采矿业","地方政策-四川省人民政府政策数量","1","17/9/2025 11:11:57","21/10/2025 13:26:53","2022","四川省"
"5756","16","建筑业","地方政策-四川省人民政府政策数量","1","17/9/2025 11:11:57","21/10/2025 13:26:53","2022","四川省"
"5757","17","交通运输、仓储和邮政业","地方政策-四川省人民政府政策数量","1","17/9/2025 11:11:57","21/10/2025 13:26:53","2022","四川省"
"5758","28","水利、环境和公共设施管理业","地方政策-四川省人民政府政策数量","1","17/9/2025 11:11:57","21/10/2025 13:26:52","2022","四川省"
"5759",,"公共管理、社会保障和社会组织","地方政策-四川省人民政府政策数量","1","17/9/2025 11:11:57","17/9/2025 11:11:57","2022","四川省"
"5760","30","科学研究和技术服务业","地方政策-四川省科学技术厅政策数量","3","17/9/2025 11:11:57","21/10/2025 13:26:53","2022","四川省"
"5761","30","科学研究和技术服务业","地方政策-中共四川省军民融合发展委员会办公室政策数量","1","17/9/2025 11:11:57","21/10/2025 13:26:53","2022","四川省"
"5762","30","科学研究和技术服务业","地方政策-四川省教育厅政策数量","1","17/9/2025 11:11:57","21/10/2025 13:26:53","2022","四川省"
"5763","30","科学研究和技术服务业","地方政策-四川省人力资源和社会保障厅政策数量","1","17/9/2025 11:11:57","21/10/2025 13:26:53","2022","四川省"
"5764","30","科学研究和技术服务业","地方政策-四川省卫生健康委员会政策数量","1","17/9/2025 11:11:57","21/10/2025 13:26:53","2022","四川省"
"5765","30","科学研究和技术服务业","地方政策-四川省政府国有资产监督管理委员会政策数量","1","17/9/2025 11:11:57","21/10/2025 13:26:53","2022","四川省"
"5766","30","科学研究和技术服务业","地方政策-中国科学院成都分院政策数量","1","17/9/2025 11:11:57","21/10/2025 13:26:53","2022","四川省"
"5767","13","电力、热力、燃气及水生产和供应业","地方政策-四川省发展和改革委员会政策数量","3","17/9/2025 11:11:57","21/10/2025 13:26:53","2022","四川省"
"5768","13","电力、热力、燃气及水生产和供应业","地方政策-四川省能源局政策数量","3","17/9/2025 11:11:58","21/10/2025 13:26:53","2022","四川省"
"5769","3","信息传输、软件和信息技术服务业","地方政策-成都市经济和信息化局政策数量","1","17/9/2025 11:11:58","21/10/2025 13:26:52","2022","四川省"
"5770",,"互联网和相关服务","地方政策-成都市经济和信息化局政策数量","1","17/9/2025 11:11:58","17/9/2025 11:11:58","2022","四川省"
"5771","21","通信传输设备业","地方政策-成都市经济和信息化局政策数量","1","17/9/2025 11:11:58","21/10/2025 13:26:53","2022","四川省"
"5772","19","半导体业","地方政策-成都市经济和信息化局政策数量","1","17/9/2025 11:11:58","21/10/2025 13:26:53","2022","四川省"
"5773","5","专用设备制造业","地方政策-成都市经济和信息化局政策数量","1","17/9/2025 11:11:58","21/10/2025 13:26:53","2022","四川省"
"5774","18","通用设备制造业","地方政策-成都市经济和信息化局政策数量","1","17/9/2025 11:11:58","21/10/2025 13:26:53","2022","四川省"
"5775","32","仪器仪表制造业","地方政策-成都市经济和信息化局政策数量","1","17/9/2025 11:11:58","21/10/2025 13:26:53","2022","四川省"
"5776","12","汽车制造业","地方政策-成都市经济和信息化局政策数量","1","17/9/2025 11:11:58","21/10/2025 13:26:53","2022","四川省"
"5777","27","铁路、船舶、航空航天和其他运输设备制造业","地方政策-成都市经济和信息化局政策数量","1","17/9/2025 11:11:58","21/10/2025 13:26:53","2022","四川省"
"5778","1","医药制造业","地方政策-成都市经济和信息化局政策数量","1","17/9/2025 11:11:58","21/10/2025 13:26:53","2022","四川省"
"5779","2","化学原料和化学制品制造业","地方政策-成都市经济和信息化局政策数量","1","17/9/2025 11:11:58","21/10/2025 13:26:53","2022","四川省"
"5780","10","食品饮料业","地方政策-成都市经济和信息化局政策数量","1","17/9/2025 11:11:58","21/10/2025 13:26:53","2022","四川省"
"5781","6","消费电子及电气业","地方政策-成都市经济和信息化局政策数量","1","17/9/2025 11:11:59","21/10/2025 13:26:53","2022","四川省"
"5782","8","商业电气机械和器材制造业","地方政策-成都市经济和信息化局政策数量","1","17/9/2025 11:11:59","21/10/2025 13:26:53","2022","四川省"
"5783","22","非金属矿物制品业","地方政策-成都市经济和信息化局政策数量","1","17/9/2025 11:11:59","21/10/2025 13:26:53","2022","四川省"
"5784","26","金属制品业","地方政策-成都市经济和信息化局政策数量","1","17/9/2025 11:11:59","21/10/2025 13:26:53","2022","四川省"
"5785","29","金属冶炼和压延加工业","地方政策-成都市经济和信息化局政策数量","1","17/9/2025 11:11:59","21/10/2025 13:26:53","2022","四川省"
"5786","15","纺织鞋服业","地方政策-成都市经济和信息化局政策数量","1","17/9/2025 11:11:59","21/10/2025 13:26:53","2022","四川省"
"5787","38","家具制造业","地方政策-成都市经济和信息化局政策数量","1","17/9/2025 11:11:59","21/10/2025 13:26:53","2022","四川省"
"5788","36","造纸和纸制品业","地方政策-成都市经济和信息化局政策数量","1","17/9/2025 11:11:59","21/10/2025 13:26:53","2022","四川省"
"5789","39","印刷和记录媒介复制业","地方政策-成都市经济和信息化局政策数量","1","17/9/2025 11:11:59","21/10/2025 13:26:53","2022","四川省"
"5790","41","文教、工美、体育和娱乐用品制造业","地方政策-成都市经济和信息化局政策数量","1","17/9/2025 11:11:59","21/10/2025 13:26:53","2022","四川省"
"5791","23","橡胶和塑料制品业","地方政策-成都市经济和信息化局政策数量","1","17/9/2025 11:11:59","21/10/2025 13:26:53","2022","四川省"
"5792","25","其他制造业","地方政策-成都市经济和信息化局政策数量","1","17/9/2025 11:11:59","21/10/2025 13:26:53","2022","四川省"
"5793","13","电力、热力、燃气及水生产和供应业","地方政策-成都市经济和信息化局政策数量","1","17/9/2025 11:11:59","21/10/2025 13:26:53","2022","四川省"
"5794","5","专用设备制造业","地方政策-四川省人民政府办公厅政策数量","2","17/9/2025 11:11:59","21/10/2025 13:26:53","2022","四川省"
"5795","1","医药制造业","地方政策-四川省人民政府办公厅政策数量","2","17/9/2025 11:11:59","21/10/2025 13:26:53","2022","四川省"
"5796","16","建筑业","地方政策-四川省人民政府办公厅政策数量","1","17/9/2025 11:12:00","21/10/2025 13:26:53","2022","四川省"
"5797","2","化学原料和化学制品制造业","地方政策-四川省人民政府办公厅政策数量","1","17/9/2025 11:12:00","21/10/2025 13:26:53","2022","四川省"
"5798","3","信息传输、软件和信息技术服务业","地方政策-四川省人民政府办公厅政策数量","1","17/9/2025 11:12:00","21/10/2025 13:26:52","2022","四川省"
"5799","6","消费电子及电气业","地方政策-四川省人民政府办公厅政策数量","1","17/9/2025 11:12:00","21/10/2025 13:26:53","2022","四川省"
"5800","8","商业电气机械和器材制造业","地方政策-四川省人民政府办公厅政策数量","1","17/9/2025 11:12:00","21/10/2025 13:26:53","2022","四川省"
"5801","10","食品饮料业","地方政策-四川省人民政府办公厅政策数量","1","17/9/2025 11:12:00","21/10/2025 13:26:53","2022","四川省"
"5802",,"互联网和相关服务","地方政策-四川省人民政府办公厅政策数量","1","17/9/2025 11:12:00","17/9/2025 11:12:00","2022","四川省"
"5803","12","汽车制造业","地方政策-四川省人民政府办公厅政策数量","2","17/9/2025 11:12:00","21/10/2025 13:26:53","2022","四川省"
"5804","14","采矿业","地方政策-四川省人民政府办公厅政策数量","1","17/9/2025 11:12:00","21/10/2025 13:26:53","2022","四川省"
"5805","15","纺织鞋服业","地方政策-四川省人民政府办公厅政策数量","1","17/9/2025 11:12:00","21/10/2025 13:26:53","2022","四川省"
"5806","18","通用设备制造业","地方政策-四川省人民政府办公厅政策数量","1","17/9/2025 11:12:00","21/10/2025 13:26:53","2022","四川省"
"5807","19","半导体业","地方政策-四川省人民政府办公厅政策数量","1","17/9/2025 11:12:00","21/10/2025 13:26:53","2022","四川省"
"5808","21","通信传输设备业","地方政策-四川省人民政府办公厅政策数量","1","17/9/2025 11:12:00","21/10/2025 13:26:53","2022","四川省"
"5809","22","非金属矿物制品业","地方政策-四川省人民政府办公厅政策数量","1","17/9/2025 11:12:00","21/10/2025 13:26:53","2022","四川省"
"5810","23","橡胶和塑料制品业","地方政策-四川省人民政府办公厅政策数量","1","17/9/2025 11:12:00","21/10/2025 13:26:53","2022","四川省"
"5811","26","金属制品业","地方政策-四川省人民政府办公厅政策数量","1","17/9/2025 11:12:00","21/10/2025 13:26:53","2022","四川省"
"5812","27","铁路、船舶、航空航天和其他运输设备制造业","地方政策-四川省人民政府办公厅政策数量","1","17/9/2025 11:12:00","21/10/2025 13:26:53","2022","四川省"
"5813","29","金属冶炼和压延加工业","地方政策-四川省人民政府办公厅政策数量","1","17/9/2025 11:12:00","21/10/2025 13:26:53","2022","四川省"
"5814","32","仪器仪表制造业","地方政策-四川省人民政府办公厅政策数量","1","17/9/2025 11:12:01","21/10/2025 13:26:53","2022","四川省"
"5815","43","化学纤维制造业","地方政策-四川省人民政府办公厅政策数量","1","17/9/2025 11:12:01","21/10/2025 13:26:53","2022","四川省"
"5816","45","石油加工、炼焦和核燃料加工业","地方政策-四川省人民政府办公厅政策数量","1","17/9/2025 11:12:01","21/10/2025 13:26:53","2022","四川省"
"5817","46","废弃资源综合利用业","地方政策-四川省人民政府办公厅政策数量","1","17/9/2025 11:12:01","21/10/2025 13:26:53","2022","四川省"
"5818",,"互联网和相关服务","地方政策-四川省科学技术厅政策数量","1","17/9/2025 11:12:01","17/9/2025 11:12:01","2022","四川省"
"5819",,"互联网和相关服务","地方政策-四川省经济和信息化厅政策数量","1","17/9/2025 11:12:01","17/9/2025 11:12:01","2022","四川省"
"5820",,"电信、广播电视和卫星传输服务","地方政策-四川省经济和信息化厅政策数量","1","17/9/2025 11:12:01","17/9/2025 11:12:01","2022","四川省"
"5821","17","交通运输、仓储和邮政业","地方政策-四川省发展和改革委员会政策数量","1","17/9/2025 11:12:01","21/10/2025 13:26:53","2022","四川省"
"5822","17","交通运输、仓储和邮政业","地方政策-四川省能源局政策数量","1","17/9/2025 11:12:01","21/10/2025 13:26:53","2022","四川省"
"5823","17","交通运输、仓储和邮政业","地方政策-四川省自然资源厅政策数量","1","17/9/2025 11:12:01","21/10/2025 13:26:53","2022","四川省"
"5824","13","电力、热力、燃气及水生产和供应业","地方政策-四川省自然资源厅政策数量","1","17/9/2025 11:12:01","21/10/2025 13:26:53","2022","四川省"
"5825","17","交通运输、仓储和邮政业","地方政策-四川省住房和城乡建设厅政策数量","1","17/9/2025 11:12:02","21/10/2025 13:26:53","2022","四川省"
"5826","13","电力、热力、燃气及水生产和供应业","地方政策-四川省住房和城乡建设厅政策数量","2","17/9/2025 11:12:02","21/10/2025 13:26:53","2022","四川省"
"5827","17","交通运输、仓储和邮政业","地方政策-四川省交通运输厅政策数量","1","17/9/2025 11:12:02","21/10/2025 13:26:53","2022","四川省"
"5828","13","电力、热力、燃气及水生产和供应业","地方政策-四川省交通运输厅政策数量","2","17/9/2025 11:12:02","21/10/2025 13:26:53","2022","四川省"
"5829","17","交通运输、仓储和邮政业","地方政策-四川省农业农村厅政策数量","1","17/9/2025 11:12:02","21/10/2025 13:26:53","2022","四川省"
"5830","13","电力、热力、燃气及水生产和供应业","地方政策-四川省农业农村厅政策数量","2","17/9/2025 11:12:02","21/10/2025 13:26:53","2022","四川省"
"5831","17","交通运输、仓储和邮政业","地方政策-四川省文化和旅游厅政策数量","1","17/9/2025 11:12:02","21/10/2025 13:26:53","2022","四川省"
"5832","13","电力、热力、燃气及水生产和供应业","地方政策-四川省文化和旅游厅政策数量","1","17/9/2025 11:12:02","21/10/2025 13:26:53","2022","四川省"
"5833","17","交通运输、仓储和邮政业","地方政策-四川省应急管理厅政策数量","1","17/9/2025 11:12:02","21/10/2025 13:26:53","2022","四川省"
"5834","13","电力、热力、燃气及水生产和供应业","地方政策-四川省应急管理厅政策数量","1","17/9/2025 11:12:02","21/10/2025 13:26:53","2022","四川省"
"5835","29","金属冶炼和压延加工业","地方政策-四川省经济和信息化厅政策数量","1","17/9/2025 11:12:02","21/10/2025 13:26:53","2022","四川省"
"5836","14","采矿业","地方政策-四川省经济和信息化厅政策数量","1","17/9/2025 11:12:03","21/10/2025 13:26:53","2022","四川省"
"5837","2","化学原料和化学制品制造业","地方政策-四川省经济和信息化厅政策数量","1","17/9/2025 11:12:03","21/10/2025 13:26:53","2022","四川省"
"5838","29","金属冶炼和压延加工业","地方政策-四川省发展和改革委员会政策数量","1","17/9/2025 11:12:03","21/10/2025 13:26:53","2022","四川省"
"5839","14","采矿业","地方政策-四川省发展和改革委员会政策数量","1","17/9/2025 11:12:03","21/10/2025 13:26:53","2022","四川省"
"5840","2","化学原料和化学制品制造业","地方政策-四川省发展和改革委员会政策数量","1","17/9/2025 11:12:03","21/10/2025 13:26:53","2022","四川省"
"5841","5","专用设备制造业","地方政策-四川省发展和改革委员会政策数量","1","17/9/2025 11:12:03","21/10/2025 13:26:53","2022","四川省"
"5842","30","科学研究和技术服务业","地方政策-四川省发展和改革委员会政策数量","1","17/9/2025 11:12:03","21/10/2025 13:26:53","2022","四川省"
"5843","29","金属冶炼和压延加工业","地方政策-四川省科学技术厅政策数量","1","17/9/2025 11:12:03","21/10/2025 13:26:53","2022","四川省"
"5844","14","采矿业","地方政策-四川省科学技术厅政策数量","1","17/9/2025 11:12:03","21/10/2025 13:26:53","2022","四川省"
"5845","2","化学原料和化学制品制造业","地方政策-四川省科学技术厅政策数量","1","17/9/2025 11:12:03","21/10/2025 13:26:53","2022","四川省"
"5846","5","专用设备制造业","地方政策-四川省科学技术厅政策数量","1","17/9/2025 11:12:03","21/10/2025 13:26:53","2022","四川省"
"5847","29","金属冶炼和压延加工业","地方政策-四川省自然资源厅政策数量","1","17/9/2025 11:12:03","21/10/2025 13:26:53","2022","四川省"
"5848","14","采矿业","地方政策-四川省自然资源厅政策数量","1","17/9/2025 11:12:03","21/10/2025 13:26:53","2022","四川省"
"5849","2","化学原料和化学制品制造业","地方政策-四川省自然资源厅政策数量","1","17/9/2025 11:12:04","21/10/2025 13:26:53","2022","四川省"
"5850","5","专用设备制造业","地方政策-四川省自然资源厅政策数量","1","17/9/2025 11:12:04","21/10/2025 13:26:53","2022","四川省"
"5851","30","科学研究和技术服务业","地方政策-四川省自然资源厅政策数量","1","17/9/2025 11:12:04","21/10/2025 13:26:53","2022","四川省"
"5852","29","金属冶炼和压延加工业","地方政策-四川省生态环境厅政策数量","1","17/9/2025 11:12:04","21/10/2025 13:26:53","2022","四川省"
"5853","14","采矿业","地方政策-四川省生态环境厅政策数量","1","17/9/2025 11:12:04","21/10/2025 13:26:53","2022","四川省"
"5854","2","化学原料和化学制品制造业","地方政策-四川省生态环境厅政策数量","1","17/9/2025 11:12:04","21/10/2025 13:26:53","2022","四川省"
"5855","5","专用设备制造业","地方政策-四川省生态环境厅政策数量","1","17/9/2025 11:12:04","21/10/2025 13:26:53","2022","四川省"
"5856","30","科学研究和技术服务业","地方政策-四川省生态环境厅政策数量","1","17/9/2025 11:12:04","21/10/2025 13:26:53","2022","四川省"
"5857","7","金融业","地方政策-重庆市人民政府办公厅政策数量","2","17/9/2025 11:12:04","21/10/2025 13:26:52","2022","四川省"
"5858","13","电力、热力、燃气及水生产和供应业","地方政策-四川省生态环境厅政策数量","1","17/9/2025 11:12:04","21/10/2025 13:26:53","2022","四川省"
"5859","13","电力、热力、燃气及水生产和供应业","地方政策-四川省机关事务管理局政策数量","1","17/9/2025 11:12:04","21/10/2025 13:26:53","2022","四川省"
"5860","13","电力、热力、燃气及水生产和供应业","地方政策-中国民用航空四川安全监督管理局政策数量","1","17/9/2025 11:12:04","21/10/2025 13:26:53","2022","四川省"
"5861","3","信息传输、软件和信息技术服务业","地方政策-成都市新经济发展委员会政策数量","1","17/9/2025 11:12:04","21/10/2025 13:26:52","2022","四川省"
"5862",,"互联网和相关服务","地方政策-成都市新经济发展委员会政策数量","1","17/9/2025 11:12:04","17/9/2025 11:12:04","2022","四川省"
"5863","33","文化、体育和娱乐业","地方政策-成都市新经济发展委员会政策数量","1","17/9/2025 11:12:04","21/10/2025 13:26:53","2022","四川省"
"5864","17","交通运输、仓储和邮政业","地方政策-四川省人民政府办公厅政策数量","1","17/9/2025 11:12:05","21/10/2025 13:26:53","2022","四川省"
"5865",,,"发布政策数量","3","17/9/2025 11:12:05","17/9/2025 11:12:05","2022","新疆维吾尔自治区"
"5866",,,"地方政策政策数量","3","17/9/2025 11:12:05","17/9/2025 11:12:05","2022","新疆维吾尔自治区"
"5867",,,"自治区科学技术厅发布政策数量","1","17/9/2025 11:12:05","17/9/2025 11:12:05","2022","新疆维吾尔自治区"
"5868",,,"新疆维吾尔自治区科技厅发布政策数量","2","17/9/2025 11:12:05","17/9/2025 11:12:05","2022","新疆维吾尔自治区"
"5869","30","科学研究和技术服务业","政策数量","3","17/9/2025 11:12:05","21/10/2025 13:26:53","2022","新疆维吾尔自治区"
"5870","3","信息传输、软件和信息技术服务业","政策数量","1","17/9/2025 11:12:05","21/10/2025 13:26:52","2022","新疆维吾尔自治区"
"5871","22","非金属矿物制品业","政策数量","1","17/9/2025 11:12:05","21/10/2025 13:26:53","2022","新疆维吾尔自治区"
"5872","45","石油加工、炼焦和核燃料加工业","政策数量","1","17/9/2025 11:12:05","21/10/2025 13:26:53","2022","新疆维吾尔自治区"
"5873","5","专用设备制造业","政策数量","1","17/9/2025 11:12:05","21/10/2025 13:26:53","2022","新疆维吾尔自治区"
"5874","23","橡胶和塑料制品业","政策数量","1","17/9/2025 11:12:06","21/10/2025 13:26:53","2022","新疆维吾尔自治区"
"5875","46","废弃资源综合利用业","政策数量","1","17/9/2025 11:12:06","21/10/2025 13:26:53","2022","新疆维吾尔自治区"
"5876","12","汽车制造业","政策数量","1","17/9/2025 11:12:06","21/10/2025 13:26:53","2022","新疆维吾尔自治区"
"5877","26","金属制品业","政策数量","1","17/9/2025 11:12:06","21/10/2025 13:26:53","2022","新疆维吾尔自治区"
"5878","14","采矿业","政策数量","1","17/9/2025 11:12:06","21/10/2025 13:26:53","2022","新疆维吾尔自治区"
"5879","27","铁路、船舶、航空航天和其他运输设备制造业","政策数量","1","17/9/2025 11:12:06","21/10/2025 13:26:53","2022","新疆维吾尔自治区"
"5880","15","纺织鞋服业","政策数量","1","17/9/2025 11:12:06","21/10/2025 13:26:53","2022","新疆维吾尔自治区"
"5881","29","金属冶炼和压延加工业","政策数量","1","17/9/2025 11:12:06","21/10/2025 13:26:53","2022","新疆维吾尔自治区"
"5882","18","通用设备制造业","政策数量","1","17/9/2025 11:12:06","21/10/2025 13:26:53","2022","新疆维吾尔自治区"
"5883","32","仪器仪表制造业","政策数量","1","17/9/2025 11:12:06","21/10/2025 13:26:53","2022","新疆维吾尔自治区"
"5884","1","医药制造业","政策数量","1","17/9/2025 11:12:07","21/10/2025 13:26:53","2022","新疆维吾尔自治区"
"5885","19","半导体业","政策数量","1","17/9/2025 11:12:07","21/10/2025 13:26:53","2022","新疆维吾尔自治区"
"5886","34","农、林、牧、渔业","政策数量","1","17/9/2025 11:12:07","21/10/2025 13:26:53","2022","新疆维吾尔自治区"
"5887","2","化学原料和化学制品制造业","政策数量","1","17/9/2025 11:12:07","21/10/2025 13:26:53","2022","新疆维吾尔自治区"
"5888","21","通信传输设备业","政策数量","1","17/9/2025 11:12:07","21/10/2025 13:26:53","2022","新疆维吾尔自治区"
"5889","43","化学纤维制造业","政策数量","1","17/9/2025 11:12:07","21/10/2025 13:26:53","2022","新疆维吾尔自治区"
"5890",,,"地方政策-自治区科学技术厅政策数量","1","17/9/2025 11:12:07","17/9/2025 11:12:07","2022","新疆维吾尔自治区"
"5891",,,"地方政策-新疆维吾尔自治区科技厅政策数量","2","17/9/2025 11:12:07","17/9/2025 11:12:07","2022","新疆维吾尔自治区"
"5892","1","医药制造业","地方政策政策数量","1","17/9/2025 11:12:07","21/10/2025 13:26:53","2022","新疆维吾尔自治区"
"5893","2","化学原料和化学制品制造业","地方政策政策数量","1","17/9/2025 11:12:07","21/10/2025 13:26:53","2022","新疆维吾尔自治区"
"5894","3","信息传输、软件和信息技术服务业","地方政策政策数量","1","17/9/2025 11:12:07","21/10/2025 13:26:52","2022","新疆维吾尔自治区"
"5895","5","专用设备制造业","地方政策政策数量","1","17/9/2025 11:12:07","21/10/2025 13:26:53","2022","新疆维吾尔自治区"
"5896","12","汽车制造业","地方政策政策数量","1","17/9/2025 11:12:07","21/10/2025 13:26:53","2022","新疆维吾尔自治区"
"5897","14","采矿业","地方政策政策数量","1","17/9/2025 11:12:07","21/10/2025 13:26:53","2022","新疆维吾尔自治区"
"5898","15","纺织鞋服业","地方政策政策数量","1","17/9/2025 11:12:07","21/10/2025 13:26:53","2022","新疆维吾尔自治区"
"5899","18","通用设备制造业","地方政策政策数量","1","17/9/2025 11:12:08","21/10/2025 13:26:53","2022","新疆维吾尔自治区"
"5900","19","半导体业","地方政策政策数量","1","17/9/2025 11:12:08","21/10/2025 13:26:53","2022","新疆维吾尔自治区"
"5901","21","通信传输设备业","地方政策政策数量","1","17/9/2025 11:12:08","21/10/2025 13:26:53","2022","新疆维吾尔自治区"
"5902","22","非金属矿物制品业","地方政策政策数量","1","17/9/2025 11:12:08","21/10/2025 13:26:53","2022","新疆维吾尔自治区"
"5903","23","橡胶和塑料制品业","地方政策政策数量","1","17/9/2025 11:12:08","21/10/2025 13:26:53","2022","新疆维吾尔自治区"
"5904","26","金属制品业","地方政策政策数量","1","17/9/2025 11:12:08","21/10/2025 13:26:53","2022","新疆维吾尔自治区"
"5905","27","铁路、船舶、航空航天和其他运输设备制造业","地方政策政策数量","1","17/9/2025 11:12:08","21/10/2025 13:26:53","2022","新疆维吾尔自治区"
"5906","29","金属冶炼和压延加工业","地方政策政策数量","1","17/9/2025 11:12:08","21/10/2025 13:26:53","2022","新疆维吾尔自治区"
"5907","30","科学研究和技术服务业","地方政策政策数量","3","17/9/2025 11:12:08","21/10/2025 13:26:53","2022","新疆维吾尔自治区"
"5908","32","仪器仪表制造业","地方政策政策数量","1","17/9/2025 11:12:08","21/10/2025 13:26:53","2022","新疆维吾尔自治区"
"5909","34","农、林、牧、渔业","地方政策政策数量","1","17/9/2025 11:12:08","21/10/2025 13:26:53","2022","新疆维吾尔自治区"
"5910","43","化学纤维制造业","地方政策政策数量","1","17/9/2025 11:12:08","21/10/2025 13:26:53","2022","新疆维吾尔自治区"
"5911","45","石油加工、炼焦和核燃料加工业","地方政策政策数量","1","17/9/2025 11:12:08","21/10/2025 13:26:53","2022","新疆维吾尔自治区"
"5912","46","废弃资源综合利用业","地方政策政策数量","1","17/9/2025 11:12:08","21/10/2025 13:26:53","2022","新疆维吾尔自治区"
"5913","30","科学研究和技术服务业","地方政策-自治区科学技术厅政策数量","1","17/9/2025 11:12:08","21/10/2025 13:26:53","2022","新疆维吾尔自治区"
"5914","1","医药制造业","地方政策-新疆维吾尔自治区科技厅政策数量","1","17/9/2025 11:12:09","21/10/2025 13:26:53","2022","新疆维吾尔自治区"
"5915","2","化学原料和化学制品制造业","地方政策-新疆维吾尔自治区科技厅政策数量","1","17/9/2025 11:12:09","21/10/2025 13:26:53","2022","新疆维吾尔自治区"
"5916","3","信息传输、软件和信息技术服务业","地方政策-新疆维吾尔自治区科技厅政策数量","1","17/9/2025 11:12:09","21/10/2025 13:26:52","2022","新疆维吾尔自治区"
"5917","5","专用设备制造业","地方政策-新疆维吾尔自治区科技厅政策数量","1","17/9/2025 11:12:09","21/10/2025 13:26:53","2022","新疆维吾尔自治区"
"5918","12","汽车制造业","地方政策-新疆维吾尔自治区科技厅政策数量","1","17/9/2025 11:12:09","21/10/2025 13:26:53","2022","新疆维吾尔自治区"
"5919","14","采矿业","地方政策-新疆维吾尔自治区科技厅政策数量","1","17/9/2025 11:12:09","21/10/2025 13:26:53","2022","新疆维吾尔自治区"
"5920","15","纺织鞋服业","地方政策-新疆维吾尔自治区科技厅政策数量","1","17/9/2025 11:12:09","21/10/2025 13:26:53","2022","新疆维吾尔自治区"
"5921","18","通用设备制造业","地方政策-新疆维吾尔自治区科技厅政策数量","1","17/9/2025 11:12:09","21/10/2025 13:26:53","2022","新疆维吾尔自治区"
"5922","19","半导体业","地方政策-新疆维吾尔自治区科技厅政策数量","1","17/9/2025 11:12:09","21/10/2025 13:26:53","2022","新疆维吾尔自治区"
"5923","21","通信传输设备业","地方政策-新疆维吾尔自治区科技厅政策数量","1","17/9/2025 11:12:09","21/10/2025 13:26:53","2022","新疆维吾尔自治区"
"5924","22","非金属矿物制品业","地方政策-新疆维吾尔自治区科技厅政策数量","1","17/9/2025 11:12:09","21/10/2025 13:26:53","2022","新疆维吾尔自治区"
"5925","23","橡胶和塑料制品业","地方政策-新疆维吾尔自治区科技厅政策数量","1","17/9/2025 11:12:09","21/10/2025 13:26:53","2022","新疆维吾尔自治区"
"5926","26","金属制品业","地方政策-新疆维吾尔自治区科技厅政策数量","1","17/9/2025 11:12:09","21/10/2025 13:26:53","2022","新疆维吾尔自治区"
"5927","27","铁路、船舶、航空航天和其他运输设备制造业","地方政策-新疆维吾尔自治区科技厅政策数量","1","17/9/2025 11:12:09","21/10/2025 13:26:53","2022","新疆维吾尔自治区"
"5928","29","金属冶炼和压延加工业","地方政策-新疆维吾尔自治区科技厅政策数量","1","17/9/2025 11:12:09","21/10/2025 13:26:53","2022","新疆维吾尔自治区"
"5929","30","科学研究和技术服务业","地方政策-新疆维吾尔自治区科技厅政策数量","2","17/9/2025 11:12:09","21/10/2025 13:26:53","2022","新疆维吾尔自治区"
"5930","32","仪器仪表制造业","地方政策-新疆维吾尔自治区科技厅政策数量","1","17/9/2025 11:12:09","21/10/2025 13:26:53","2022","新疆维吾尔自治区"
"5931","34","农、林、牧、渔业","地方政策-新疆维吾尔自治区科技厅政策数量","1","17/9/2025 11:12:09","21/10/2025 13:26:53","2022","新疆维吾尔自治区"
"5932","43","化学纤维制造业","地方政策-新疆维吾尔自治区科技厅政策数量","1","17/9/2025 11:12:09","21/10/2025 13:26:53","2022","新疆维吾尔自治区"
"5933","45","石油加工、炼焦和核燃料加工业","地方政策-新疆维吾尔自治区科技厅政策数量","1","17/9/2025 11:12:09","21/10/2025 13:26:53","2022","新疆维吾尔自治区"
"5934","46","废弃资源综合利用业","地方政策-新疆维吾尔自治区科技厅政策数量","1","17/9/2025 11:12:09","21/10/2025 13:26:53","2022","新疆维吾尔自治区"
"5935",,,"发布政策数量","15","17/9/2025 11:12:10","17/9/2025 11:12:10","2022","北京市"
"5936",,,"地方政策政策数量","15","17/9/2025 11:12:10","17/9/2025 11:12:10","2022","北京市"
"5937",,,"北京市科学技术委员会发布政策数量","3","17/9/2025 11:12:10","17/9/2025 11:12:10","2022","北京市"
"5938",,,"北京市通州区人民政府发布政策数量","2","17/9/2025 11:12:10","17/9/2025 11:12:10","2022","北京市"
"5939",,,"中关村科技园区管理委员会发布政策数量","3","17/9/2025 11:12:10","17/9/2025 11:12:10","2022","北京市"
"5940",,,"北京市经济和信息化局发布政策数量","7","17/9/2025 11:12:10","17/9/2025 11:12:10","2022","北京市"
"5941",,,"北京市城市管理委员会发布政策数量","1","17/9/2025 11:12:10","17/9/2025 11:12:10","2022","北京市"
"5942",,,"北京市人民政府办公厅发布政策数量","1","17/9/2025 11:12:10","17/9/2025 11:12:10","2022","北京市"
"5943",,,"北京市科学技术委员会、中关村科技园区管理委员会等发布政策数量","1","17/9/2025 11:12:10","17/9/2025 11:12:10","2022","北京市"
"5944",,,"中共北京市委、北京市人民政府　　　发布政策数量","1","17/9/2025 11:12:10","17/9/2025 11:12:10","2022","北京市"
"5945",,,"京市通州区人民政府办公室发布政策数量","1","17/9/2025 11:12:10","17/9/2025 11:12:10","2022","北京市"
"5946",,,"北京市人民政府发布政策数量","1","17/9/2025 11:12:10","17/9/2025 11:12:10","2022","北京市"
"5947",,,"北京市大兴区人民政府发布政策数量","1","17/9/2025 11:12:10","17/9/2025 11:12:10","2022","北京市"
"5948",,,"北京市第十五届人民代表大会常务委员会发布政策数量","1","17/9/2025 11:12:10","17/9/2025 11:12:10","2022","北京市"
"5949",,,"北京市教育委员会发布政策数量","1","17/9/2025 11:12:10","17/9/2025 11:12:10","2022","北京市"
"5950",,,"北京市财政局发布政策数量","1","17/9/2025 11:12:10","17/9/2025 11:12:10","2022","北京市"
"5951",,,"北京市人民政府国有资产监督管理委员会发布政策数量","1","17/9/2025 11:12:10","17/9/2025 11:12:10","2022","北京市"
"5952","3","信息传输、软件和信息技术服务业","政策数量","10","17/9/2025 11:12:10","21/10/2025 13:26:52","2022","北京市"
"5953",,"互联网和相关服务","政策数量","7","17/9/2025 11:12:11","17/9/2025 11:12:11","2022","北京市"
"5954","30","科学研究和技术服务业","政策数量","6","17/9/2025 11:12:11","21/10/2025 13:26:53","2022","北京市"
"5955","21","通信传输设备业","政策数量","2","17/9/2025 11:12:11","21/10/2025 13:26:53","2022","北京市"
"5956","33","文化、体育和娱乐业","政策数量","2","17/9/2025 11:12:11","21/10/2025 13:26:53","2022","北京市"
"5957","13","电力、热力、燃气及水生产和供应业","政策数量","2","17/9/2025 11:12:11","21/10/2025 13:26:53","2022","北京市"
"5958",,"电信、广播电视和卫星传输服务","政策数量","1","17/9/2025 11:12:11","17/9/2025 11:12:11","2022","北京市"
"5959","31","教育","政策数量","1","17/9/2025 11:12:11","21/10/2025 13:26:53","2022","北京市"
"5960","17","交通运输、仓储和邮政业","政策数量","1","17/9/2025 11:12:11","21/10/2025 13:26:53","2022","北京市"
"5961","7","金融业","政策数量","1","17/9/2025 11:12:11","21/10/2025 13:26:52","2022","北京市"
"5962","34","农、林、牧、渔业","政策数量","1","17/9/2025 11:12:11","21/10/2025 13:26:53","2022","北京市"
"5963",,,"地方政策-北京市科学技术委员会政策数量","3","17/9/2025 11:12:11","17/9/2025 11:12:11","2022","北京市"
"5964",,,"地方政策-北京市通州区人民政府政策数量","2","17/9/2025 11:12:11","17/9/2025 11:12:11","2022","北京市"
"5965",,,"地方政策-中关村科技园区管理委员会政策数量","3","17/9/2025 11:12:11","17/9/2025 11:12:11","2022","北京市"
"5966",,,"地方政策-北京市经济和信息化局政策数量","7","17/9/2025 11:12:11","17/9/2025 11:12:11","2022","北京市"
"5967",,,"地方政策-北京市城市管理委员会政策数量","1","17/9/2025 11:12:11","17/9/2025 11:12:11","2022","北京市"
"5968",,,"地方政策-北京市人民政府办公厅政策数量","1","17/9/2025 11:12:11","17/9/2025 11:12:11","2022","北京市"
"5969",,,"地方政策-北京市科学技术委员会、中关村科技园区管理委员会等政策数量","1","17/9/2025 11:12:11","17/9/2025 11:12:11","2022","北京市"
"5970",,,"地方政策-中共北京市委、北京市人民政府　　　政策数量","1","17/9/2025 11:12:11","17/9/2025 11:12:11","2022","北京市"
"5971",,,"地方政策-京市通州区人民政府办公室政策数量","1","17/9/2025 11:12:11","17/9/2025 11:12:11","2022","北京市"
"5972",,,"地方政策-北京市人民政府政策数量","1","17/9/2025 11:12:11","17/9/2025 11:12:11","2022","北京市"
"5973",,,"地方政策-北京市大兴区人民政府政策数量","1","17/9/2025 11:12:12","17/9/2025 11:12:12","2022","北京市"
"5974",,,"地方政策-北京市第十五届人民代表大会常务委员会政策数量","1","17/9/2025 11:12:12","17/9/2025 11:12:12","2022","北京市"
"5975",,,"地方政策-北京市教育委员会政策数量","1","17/9/2025 11:12:12","17/9/2025 11:12:12","2022","北京市"
"5976",,,"地方政策-北京市财政局政策数量","1","17/9/2025 11:12:12","17/9/2025 11:12:12","2022","北京市"
"5977",,,"地方政策-北京市人民政府国有资产监督管理委员会政策数量","1","17/9/2025 11:12:12","17/9/2025 11:12:12","2022","北京市"
"5978","17","交通运输、仓储和邮政业","地方政策政策数量","1","17/9/2025 11:12:12","21/10/2025 13:26:53","2022","北京市"
"5979","13","电力、热力、燃气及水生产和供应业","地方政策政策数量","2","17/9/2025 11:12:12","21/10/2025 13:26:53","2022","北京市"
"5980","30","科学研究和技术服务业","地方政策政策数量","6","17/9/2025 11:12:12","21/10/2025 13:26:53","2022","北京市"
"5981","7","金融业","地方政策政策数量","1","17/9/2025 11:12:12","21/10/2025 13:26:52","2022","北京市"
"5982","3","信息传输、软件和信息技术服务业","地方政策政策数量","10","17/9/2025 11:12:12","21/10/2025 13:26:52","2022","北京市"
"5983","34","农、林、牧、渔业","地方政策政策数量","1","17/9/2025 11:12:12","21/10/2025 13:26:53","2022","北京市"
"5984",,"互联网和相关服务","地方政策政策数量","7","17/9/2025 11:12:12","17/9/2025 11:12:12","2022","北京市"
"5985","21","通信传输设备业","地方政策政策数量","2","17/9/2025 11:12:12","21/10/2025 13:26:53","2022","北京市"
"5986","33","文化、体育和娱乐业","地方政策政策数量","2","17/9/2025 11:12:12","21/10/2025 13:26:53","2022","北京市"
"5987",,"电信、广播电视和卫星传输服务","地方政策政策数量","1","17/9/2025 11:12:12","17/9/2025 11:12:12","2022","北京市"
"5988","31","教育","地方政策政策数量","1","17/9/2025 11:12:12","21/10/2025 13:26:53","2022","北京市"
"5989","3","信息传输、软件和信息技术服务业","地方政策-北京市科学技术委员会政策数量","3","17/9/2025 11:12:12","21/10/2025 13:26:52","2022","北京市"
"5990",,"互联网和相关服务","地方政策-北京市科学技术委员会政策数量","2","17/9/2025 11:12:12","17/9/2025 11:12:12","2022","北京市"
"5991","30","科学研究和技术服务业","地方政策-北京市科学技术委员会政策数量","2","17/9/2025 11:12:12","21/10/2025 13:26:53","2022","北京市"
"5992","3","信息传输、软件和信息技术服务业","地方政策-北京市通州区人民政府政策数量","2","17/9/2025 11:12:12","21/10/2025 13:26:52","2022","北京市"
"5993",,"互联网和相关服务","地方政策-北京市通州区人民政府政策数量","2","17/9/2025 11:12:12","17/9/2025 11:12:12","2022","北京市"
"5994","30","科学研究和技术服务业","地方政策-北京市通州区人民政府政策数量","1","17/9/2025 11:12:13","21/10/2025 13:26:53","2022","北京市"
"5995","3","信息传输、软件和信息技术服务业","地方政策-中关村科技园区管理委员会政策数量","3","17/9/2025 11:12:13","21/10/2025 13:26:52","2022","北京市"
"5996",,"互联网和相关服务","地方政策-中关村科技园区管理委员会政策数量","2","17/9/2025 11:12:13","17/9/2025 11:12:13","2022","北京市"
"5997","30","科学研究和技术服务业","地方政策-中关村科技园区管理委员会政策数量","2","17/9/2025 11:12:13","21/10/2025 13:26:53","2022","北京市"
"5998","3","信息传输、软件和信息技术服务业","地方政策-北京市经济和信息化局政策数量","7","17/9/2025 11:12:13","21/10/2025 13:26:52","2022","北京市"
"5999",,"互联网和相关服务","地方政策-北京市经济和信息化局政策数量","5","17/9/2025 11:12:13","17/9/2025 11:12:13","2022","北京市"
"6000","30","科学研究和技术服务业","地方政策-北京市经济和信息化局政策数量","4","17/9/2025 11:12:13","21/10/2025 13:26:53","2022","北京市"
"6001","17","交通运输、仓储和邮政业","地方政策-北京市城市管理委员会政策数量","1","17/9/2025 11:12:13","21/10/2025 13:26:53","2022","北京市"
"6002","13","电力、热力、燃气及水生产和供应业","地方政策-北京市城市管理委员会政策数量","1","17/9/2025 11:12:13","21/10/2025 13:26:53","2022","北京市"
"6003","30","科学研究和技术服务业","地方政策-北京市人民政府办公厅政策数量","1","17/9/2025 11:12:13","21/10/2025 13:26:53","2022","北京市"
"6004","7","金融业","地方政策-北京市科学技术委员会、中关村科技园区管理委员会等政策数量","1","17/9/2025 11:12:13","21/10/2025 13:26:52","2022","北京市"
"6005","3","信息传输、软件和信息技术服务业","地方政策-北京市科学技术委员会、中关村科技园区管理委员会等政策数量","1","17/9/2025 11:12:13","21/10/2025 13:26:52","2022","北京市"
"6006","30","科学研究和技术服务业","地方政策-北京市科学技术委员会、中关村科技园区管理委员会等政策数量","1","17/9/2025 11:12:13","21/10/2025 13:26:53","2022","北京市"
"6007","34","农、林、牧、渔业","地方政策-中共北京市委、北京市人民政府　　　政策数量","1","17/9/2025 11:12:13","21/10/2025 13:26:53","2022","北京市"
"6008","21","通信传输设备业","地方政策-北京市经济和信息化局政策数量","2","17/9/2025 11:12:13","21/10/2025 13:26:53","2022","北京市"
"6009","33","文化、体育和娱乐业","地方政策-北京市科学技术委员会政策数量","1","17/9/2025 11:12:13","21/10/2025 13:26:53","2022","北京市"
"6010","33","文化、体育和娱乐业","地方政策-中关村科技园区管理委员会政策数量","1","17/9/2025 11:12:13","21/10/2025 13:26:53","2022","北京市"
"6011","33","文化、体育和娱乐业","地方政策-北京市通州区人民政府政策数量","1","17/9/2025 11:12:13","21/10/2025 13:26:53","2022","北京市"
"6012","33","文化、体育和娱乐业","地方政策-北京市经济和信息化局政策数量","1","17/9/2025 11:12:13","21/10/2025 13:26:53","2022","北京市"
"6013","3","信息传输、软件和信息技术服务业","地方政策-京市通州区人民政府办公室政策数量","1","17/9/2025 11:12:13","21/10/2025 13:26:52","2022","北京市"
"6014",,"互联网和相关服务","地方政策-京市通州区人民政府办公室政策数量","1","17/9/2025 11:12:14","17/9/2025 11:12:14","2022","北京市"
"6015","33","文化、体育和娱乐业","地方政策-京市通州区人民政府办公室政策数量","1","17/9/2025 11:12:14","21/10/2025 13:26:53","2022","北京市"
"6016","13","电力、热力、燃气及水生产和供应业","地方政策-北京市大兴区人民政府政策数量","1","17/9/2025 11:12:14","21/10/2025 13:26:53","2022","北京市"
"6017","3","信息传输、软件和信息技术服务业","地方政策-北京市第十五届人民代表大会常务委员会政策数量","1","17/9/2025 11:12:14","21/10/2025 13:26:52","2022","北京市"
"6018",,"互联网和相关服务","地方政策-北京市第十五届人民代表大会常务委员会政策数量","1","17/9/2025 11:12:14","17/9/2025 11:12:14","2022","北京市"
"6019",,"电信、广播电视和卫星传输服务","地方政策-北京市第十五届人民代表大会常务委员会政策数量","1","17/9/2025 11:12:14","17/9/2025 11:12:14","2022","北京市"
"6020","31","教育","地方政策-北京市科学技术委员会政策数量","1","17/9/2025 11:12:14","21/10/2025 13:26:53","2022","北京市"
"6021","31","教育","地方政策-中关村科技园区管理委员会政策数量","1","17/9/2025 11:12:14","21/10/2025 13:26:53","2022","北京市"
"6022","3","信息传输、软件和信息技术服务业","地方政策-北京市教育委员会政策数量","1","17/9/2025 11:12:14","21/10/2025 13:26:52","2022","北京市"
"6023","30","科学研究和技术服务业","地方政策-北京市教育委员会政策数量","1","17/9/2025 11:12:14","21/10/2025 13:26:53","2022","北京市"
"6024","31","教育","地方政策-北京市教育委员会政策数量","1","17/9/2025 11:12:14","21/10/2025 13:26:53","2022","北京市"
"6025","31","教育","地方政策-北京市经济和信息化局政策数量","1","17/9/2025 11:12:14","21/10/2025 13:26:53","2022","北京市"
"6026","3","信息传输、软件和信息技术服务业","地方政策-北京市财政局政策数量","1","17/9/2025 11:12:14","21/10/2025 13:26:52","2022","北京市"
"6027","30","科学研究和技术服务业","地方政策-北京市财政局政策数量","1","17/9/2025 11:12:14","21/10/2025 13:26:53","2022","北京市"
"6028","31","教育","地方政策-北京市财政局政策数量","1","17/9/2025 11:12:14","21/10/2025 13:26:53","2022","北京市"
"6029","3","信息传输、软件和信息技术服务业","地方政策-北京市人民政府国有资产监督管理委员会政策数量","1","17/9/2025 11:12:14","21/10/2025 13:26:52","2022","北京市"
"6030","30","科学研究和技术服务业","地方政策-北京市人民政府国有资产监督管理委员会政策数量","1","17/9/2025 11:12:14","21/10/2025 13:26:53","2022","北京市"
"6031","31","教育","地方政策-北京市人民政府国有资产监督管理委员会政策数量","1","17/9/2025 11:12:14","21/10/2025 13:26:53","2022","北京市"
"6032",,,"发布政策数量","7","17/9/2025 11:12:15","17/9/2025 11:12:15","2022","黑龙江省"
"6033",,,"地方政策政策数量","7","17/9/2025 11:12:15","17/9/2025 11:12:15","2022","黑龙江省"
"6034",,,"黑龙江省人民政府办公厅发布政策数量","2","17/9/2025 11:12:15","17/9/2025 11:12:15","2022","黑龙江省"
"6035",,,"黑龙江省人民政府发布政策数量","1","17/9/2025 11:12:15","17/9/2025 11:12:15","2022","黑龙江省"
"6036",,,"哈尔滨市人民政府发布政策数量","1","17/9/2025 11:12:15","17/9/2025 11:12:15","2022","黑龙江省"
"6037",,,"黑龙江省科学技术厅发布政策数量","3","17/9/2025 11:12:15","17/9/2025 11:12:15","2022","黑龙江省"
"6038",,,"黑龙江省教育厅发布政策数量","1","17/9/2025 11:12:15","17/9/2025 11:12:15","2022","黑龙江省"
"6039",,,"黑龙江省财政厅发布政策数量","1","17/9/2025 11:12:15","17/9/2025 11:12:15","2022","黑龙江省"
"6040","30","科学研究和技术服务业","政策数量","6","17/9/2025 11:12:15","21/10/2025 13:26:53","2022","黑龙江省"
"6041","1","医药制造业","政策数量","3","17/9/2025 11:12:15","21/10/2025 13:26:53","2022","黑龙江省"
"6042","34","农、林、牧、渔业","政策数量","2","17/9/2025 11:12:15","21/10/2025 13:26:53","2022","黑龙江省"
"6043","13","电力、热力、燃气及水生产和供应业","政策数量","1","17/9/2025 11:12:15","21/10/2025 13:26:53","2022","黑龙江省"
"6044","28","水利、环境和公共设施管理业","政策数量","1","17/9/2025 11:12:15","21/10/2025 13:26:52","2022","黑龙江省"
"6045","5","专用设备制造业","政策数量","1","17/9/2025 11:12:15","21/10/2025 13:26:53","2022","黑龙江省"
"6046","32","仪器仪表制造业","政策数量","1","17/9/2025 11:12:15","21/10/2025 13:26:53","2022","黑龙江省"
"6047","31","教育","政策数量","1","17/9/2025 11:12:15","21/10/2025 13:26:53","2022","黑龙江省"
"6048","35","卫生和社会工作","政策数量","1","17/9/2025 11:12:15","21/10/2025 13:26:53","2022","黑龙江省"
"6049","2","化学原料和化学制品制造业","政策数量","1","17/9/2025 11:12:15","21/10/2025 13:26:53","2022","黑龙江省"
"6050",,,"地方政策-黑龙江省人民政府办公厅政策数量","2","17/9/2025 11:12:15","17/9/2025 11:12:15","2022","黑龙江省"
"6051",,,"地方政策-黑龙江省人民政府政策数量","1","17/9/2025 11:12:15","17/9/2025 11:12:15","2022","黑龙江省"
"6052",,,"地方政策-哈尔滨市人民政府政策数量","1","17/9/2025 11:12:15","17/9/2025 11:12:15","2022","黑龙江省"
"6053",,,"地方政策-黑龙江省科学技术厅政策数量","3","17/9/2025 11:12:16","17/9/2025 11:12:16","2022","黑龙江省"
"6054",,,"地方政策-黑龙江省教育厅政策数量","1","17/9/2025 11:12:16","17/9/2025 11:12:16","2022","黑龙江省"
"6055",,,"地方政策-黑龙江省财政厅政策数量","1","17/9/2025 11:12:16","17/9/2025 11:12:16","2022","黑龙江省"
"6056","1","医药制造业","地方政策政策数量","3","17/9/2025 11:12:16","21/10/2025 13:26:53","2022","黑龙江省"
"6057","2","化学原料和化学制品制造业","地方政策政策数量","1","17/9/2025 11:12:16","21/10/2025 13:26:53","2022","黑龙江省"
"6058","34","农、林、牧、渔业","地方政策政策数量","2","17/9/2025 11:12:16","21/10/2025 13:26:53","2022","黑龙江省"
"6059","30","科学研究和技术服务业","地方政策政策数量","6","17/9/2025 11:12:16","21/10/2025 13:26:53","2022","黑龙江省"
"6060","13","电力、热力、燃气及水生产和供应业","地方政策政策数量","1","17/9/2025 11:12:16","21/10/2025 13:26:53","2022","黑龙江省"
"6061","28","水利、环境和公共设施管理业","地方政策政策数量","1","17/9/2025 11:12:16","21/10/2025 13:26:52","2022","黑龙江省"
"6062","5","专用设备制造业","地方政策政策数量","1","17/9/2025 11:12:16","21/10/2025 13:26:53","2022","黑龙江省"
"6063","32","仪器仪表制造业","地方政策政策数量","1","17/9/2025 11:12:16","21/10/2025 13:26:53","2022","黑龙江省"
"6064","31","教育","地方政策政策数量","1","17/9/2025 11:12:16","21/10/2025 13:26:53","2022","黑龙江省"
"6065","35","卫生和社会工作","地方政策政策数量","1","17/9/2025 11:12:16","21/10/2025 13:26:53","2022","黑龙江省"
"6066","30","科学研究和技术服务业","地方政策-黑龙江省人民政府办公厅政策数量","2","17/9/2025 11:12:16","21/10/2025 13:26:53","2022","黑龙江省"
"6067","1","医药制造业","地方政策-黑龙江省人民政府政策数量","1","17/9/2025 11:12:16","21/10/2025 13:26:53","2022","黑龙江省"
"6068","2","化学原料和化学制品制造业","地方政策-黑龙江省人民政府政策数量","1","17/9/2025 11:12:16","21/10/2025 13:26:53","2022","黑龙江省"
"6069","34","农、林、牧、渔业","地方政策-黑龙江省人民政府政策数量","1","17/9/2025 11:12:16","21/10/2025 13:26:53","2022","黑龙江省"
"6070","30","科学研究和技术服务业","地方政策-黑龙江省人民政府政策数量","1","17/9/2025 11:12:16","21/10/2025 13:26:53","2022","黑龙江省"
"6071","13","电力、热力、燃气及水生产和供应业","地方政策-黑龙江省人民政府政策数量","1","17/9/2025 11:12:16","21/10/2025 13:26:53","2022","黑龙江省"
"6072","28","水利、环境和公共设施管理业","地方政策-黑龙江省人民政府政策数量","1","17/9/2025 11:12:16","21/10/2025 13:26:52","2022","黑龙江省"
"6073","5","专用设备制造业","地方政策-黑龙江省人民政府政策数量","1","17/9/2025 11:12:17","21/10/2025 13:26:53","2022","黑龙江省"
"6074","32","仪器仪表制造业","地方政策-黑龙江省人民政府政策数量","1","17/9/2025 11:12:17","21/10/2025 13:26:53","2022","黑龙江省"
"6075","1","医药制造业","地方政策-黑龙江省人民政府办公厅政策数量","1","17/9/2025 11:12:17","21/10/2025 13:26:53","2022","黑龙江省"
"6076","34","农、林、牧、渔业","地方政策-黑龙江省人民政府办公厅政策数量","1","17/9/2025 11:12:17","21/10/2025 13:26:53","2022","黑龙江省"
"6077","31","教育","地方政策-黑龙江省人民政府办公厅政策数量","1","17/9/2025 11:12:17","21/10/2025 13:26:53","2022","黑龙江省"
"6078","35","卫生和社会工作","地方政策-黑龙江省人民政府办公厅政策数量","1","17/9/2025 11:12:17","21/10/2025 13:26:53","2022","黑龙江省"
"6079","1","医药制造业","地方政策-哈尔滨市人民政府政策数量","1","17/9/2025 11:12:17","21/10/2025 13:26:53","2022","黑龙江省"
"6080","30","科学研究和技术服务业","地方政策-黑龙江省科学技术厅政策数量","3","17/9/2025 11:12:17","21/10/2025 13:26:53","2022","黑龙江省"
"6081","30","科学研究和技术服务业","地方政策-黑龙江省教育厅政策数量","1","17/9/2025 11:12:17","21/10/2025 13:26:53","2022","黑龙江省"
"6082","30","科学研究和技术服务业","地方政策-黑龙江省财政厅政策数量","1","17/9/2025 11:12:17","21/10/2025 13:26:53","2022","黑龙江省"
"6083",,,"发布政策数量","14","17/9/2025 11:12:17","17/9/2025 11:12:17","2022","贵州省"
"6084",,,"地方政策政策数量","14","17/9/2025 11:12:17","17/9/2025 11:12:17","2022","贵州省"
"6085",,,"贵州省科技厅发布政策数量","1","17/9/2025 11:12:17","17/9/2025 11:12:17","2022","贵州省"
"6086",,,"贵州省工业和信息化厅发布政策数量","2","17/9/2025 11:12:17","17/9/2025 11:12:17","2022","贵州省"
"6087",,,"贵州省发展和改革委员会发布政策数量","2","17/9/2025 11:12:17","17/9/2025 11:12:17","2022","贵州省"
"6088",,,"贵州省发展改革委发布政策数量","1","17/9/2025 11:12:17","17/9/2025 11:12:17","2022","贵州省"
"6089",,,"贵州省住房和城乡建设厅发布政策数量","1","17/9/2025 11:12:18","17/9/2025 11:12:18","2022","贵州省"
"6090",,,"贵州省大数据发展管理局发布政策数量","1","17/9/2025 11:12:18","17/9/2025 11:12:18","2022","贵州省"
"6091",,,"贵州省通信管理局发布政策数量","1","17/9/2025 11:12:18","17/9/2025 11:12:18","2022","贵州省"
"6092",,,"贵州省人民政府发布政策数量","4","17/9/2025 11:12:18","17/9/2025 11:12:18","2022","贵州省"
"6093",,,"贵州省科学技术厅发布政策数量","2","17/9/2025 11:12:18","17/9/2025 11:12:18","2022","贵州省"
"6094",,,"贵州省财政厅发布政策数量","1","17/9/2025 11:12:18","17/9/2025 11:12:18","2022","贵州省"
"6095",,,"贵州省自然资源厅发布政策数量","1","17/9/2025 11:12:18","17/9/2025 11:12:18","2022","贵州省"
"6096",,,"贵州省生态环境厅发布政策数量","1","17/9/2025 11:12:18","17/9/2025 11:12:18","2022","贵州省"
"6097",,,"贵州省商务厅发布政策数量","1","17/9/2025 11:12:18","17/9/2025 11:12:18","2022","贵州省"
"6098",,,"贵州省能源局发布政策数量","2","17/9/2025 11:12:18","17/9/2025 11:12:18","2022","贵州省"
"6099",,,"贵州省人民政府办公厅发布政策数量","2","17/9/2025 11:12:18","17/9/2025 11:12:18","2022","贵州省"
"6100",,,"省工业和信息化厅发布政策数量","1","17/9/2025 11:12:18","17/9/2025 11:12:18","2022","贵州省"
"6101",,,"贵州省人民代表大会常务委员会发布政策数量","1","17/9/2025 11:12:18","17/9/2025 11:12:18","2022","贵州省"
"6102","2","化学原料和化学制品制造业","政策数量","4","17/9/2025 11:12:18","21/10/2025 13:26:53","2022","贵州省"
"6103","3","信息传输、软件和信息技术服务业","政策数量","4","17/9/2025 11:12:18","21/10/2025 13:26:52","2022","贵州省"
"6104",,"电信、广播电视和卫星传输服务","政策数量","3","17/9/2025 11:12:18","17/9/2025 11:12:18","2022","贵州省"
"6105","29","金属冶炼和压延加工业","政策数量","3","17/9/2025 11:12:18","21/10/2025 13:26:53","2022","贵州省"
"6106","46","废弃资源综合利用业","政策数量","3","17/9/2025 11:12:18","21/10/2025 13:26:53","2022","贵州省"
"6107","17","交通运输、仓储和邮政业","政策数量","3","17/9/2025 11:12:18","21/10/2025 13:26:53","2022","贵州省"
"6108","13","电力、热力、燃气及水生产和供应业","政策数量","3","17/9/2025 11:12:18","21/10/2025 13:26:53","2022","贵州省"
"6109","21","通信传输设备业","政策数量","2","17/9/2025 11:12:19","21/10/2025 13:26:53","2022","贵州省"
"6110","34","农、林、牧、渔业","政策数量","2","17/9/2025 11:12:19","21/10/2025 13:26:53","2022","贵州省"
"6111","28","水利、环境和公共设施管理业","政策数量","2","17/9/2025 11:12:19","21/10/2025 13:26:52","2022","贵州省"
"6112","14","采矿业","政策数量","2","17/9/2025 11:12:19","21/10/2025 13:26:53","2022","贵州省"
"6113",,"互联网和相关服务","政策数量","2","17/9/2025 11:12:19","17/9/2025 11:12:19","2022","贵州省"
"6114","22","非金属矿物制品业","政策数量","2","17/9/2025 11:12:19","21/10/2025 13:26:53","2022","贵州省"
"6115","30","科学研究和技术服务业","政策数量","1","17/9/2025 11:12:19","21/10/2025 13:26:53","2022","贵州省"
"6116","31","教育","政策数量","1","17/9/2025 11:12:19","21/10/2025 13:26:53","2022","贵州省"
"6117","36","造纸和纸制品业","政策数量","1","17/9/2025 11:12:19","21/10/2025 13:26:53","2022","贵州省"
"6118","33","文化、体育和娱乐业","政策数量","1","17/9/2025 11:12:19","21/10/2025 13:26:53","2022","贵州省"
"6119","45","石油加工、炼焦和核燃料加工业","政策数量","1","17/9/2025 11:12:19","21/10/2025 13:26:53","2022","贵州省"
"6120","16","建筑业","政策数量","1","17/9/2025 11:12:19","21/10/2025 13:26:53","2022","贵州省"
"6121","10","食品饮料业","政策数量","1","17/9/2025 11:12:19","21/10/2025 13:26:53","2022","贵州省"
"6122",,"制造业","政策数量","1","17/9/2025 11:12:19","17/9/2025 11:12:19","2022","贵州省"
"6123","9","批发和零售业","政策数量","1","17/9/2025 11:12:19","21/10/2025 13:26:53","2022","贵州省"
"6124","37","住宿和餐饮业","政策数量","1","17/9/2025 11:12:19","21/10/2025 13:26:53","2022","贵州省"
"6125","7","金融业","政策数量","1","17/9/2025 11:12:19","21/10/2025 13:26:52","2022","贵州省"
"6126",,,"地方政策-贵州省科技厅政策数量","1","17/9/2025 11:12:19","17/9/2025 11:12:19","2022","贵州省"
"6127",,,"地方政策-贵州省工业和信息化厅政策数量","2","17/9/2025 11:12:19","17/9/2025 11:12:19","2022","贵州省"
"6128",,,"地方政策-贵州省发展和改革委员会政策数量","2","17/9/2025 11:12:19","17/9/2025 11:12:19","2022","贵州省"
"6129",,,"地方政策-贵州省发展改革委政策数量","1","17/9/2025 11:12:19","17/9/2025 11:12:19","2022","贵州省"
"6130",,,"地方政策-贵州省住房和城乡建设厅政策数量","1","17/9/2025 11:12:20","17/9/2025 11:12:20","2022","贵州省"
"6131",,,"地方政策-贵州省大数据发展管理局政策数量","1","17/9/2025 11:12:20","17/9/2025 11:12:20","2022","贵州省"
"6132",,,"地方政策-贵州省通信管理局政策数量","1","17/9/2025 11:12:20","17/9/2025 11:12:20","2022","贵州省"
"6133",,,"地方政策-贵州省人民政府政策数量","4","17/9/2025 11:12:20","17/9/2025 11:12:20","2022","贵州省"
"6134",,,"地方政策-贵州省科学技术厅政策数量","2","17/9/2025 11:12:20","17/9/2025 11:12:20","2022","贵州省"
"6135",,,"地方政策-贵州省财政厅政策数量","1","17/9/2025 11:12:20","17/9/2025 11:12:20","2022","贵州省"
"6136",,,"地方政策-贵州省自然资源厅政策数量","1","17/9/2025 11:12:20","17/9/2025 11:12:20","2022","贵州省"
"6137",,,"地方政策-贵州省生态环境厅政策数量","1","17/9/2025 11:12:20","17/9/2025 11:12:20","2022","贵州省"
"6138",,,"地方政策-贵州省商务厅政策数量","1","17/9/2025 11:12:20","17/9/2025 11:12:20","2022","贵州省"
"6139",,,"地方政策-贵州省能源局政策数量","2","17/9/2025 11:12:20","17/9/2025 11:12:20","2022","贵州省"
"6140",,,"地方政策-贵州省人民政府办公厅政策数量","2","17/9/2025 11:12:20","17/9/2025 11:12:20","2022","贵州省"
"6141",,,"地方政策-省工业和信息化厅政策数量","1","17/9/2025 11:12:20","17/9/2025 11:12:20","2022","贵州省"
"6142",,,"地方政策-贵州省人民代表大会常务委员会政策数量","1","17/9/2025 11:12:20","17/9/2025 11:12:20","2022","贵州省"
"6143","17","交通运输、仓储和邮政业","地方政策政策数量","3","17/9/2025 11:12:20","21/10/2025 13:26:53","2022","贵州省"
"6144","2","化学原料和化学制品制造业","地方政策政策数量","4","17/9/2025 11:12:20","21/10/2025 13:26:53","2022","贵州省"
"6145","29","金属冶炼和压延加工业","地方政策政策数量","3","17/9/2025 11:12:20","21/10/2025 13:26:53","2022","贵州省"
"6146","46","废弃资源综合利用业","地方政策政策数量","3","17/9/2025 11:12:20","21/10/2025 13:26:53","2022","贵州省"
"6147","13","电力、热力、燃气及水生产和供应业","地方政策政策数量","3","17/9/2025 11:12:20","21/10/2025 13:26:53","2022","贵州省"
"6148","14","采矿业","地方政策政策数量","2","17/9/2025 11:12:20","21/10/2025 13:26:53","2022","贵州省"
"6149","22","非金属矿物制品业","地方政策政策数量","2","17/9/2025 11:12:20","21/10/2025 13:26:53","2022","贵州省"
"6150","34","农、林、牧、渔业","地方政策政策数量","2","17/9/2025 11:12:20","21/10/2025 13:26:53","2022","贵州省"
"6151","28","水利、环境和公共设施管理业","地方政策政策数量","2","17/9/2025 11:12:21","21/10/2025 13:26:52","2022","贵州省"
"6152","36","造纸和纸制品业","地方政策政策数量","1","17/9/2025 11:12:21","21/10/2025 13:26:53","2022","贵州省"
"6153","45","石油加工、炼焦和核燃料加工业","地方政策政策数量","1","17/9/2025 11:12:21","21/10/2025 13:26:53","2022","贵州省"
"6154","3","信息传输、软件和信息技术服务业","地方政策政策数量","4","17/9/2025 11:12:21","21/10/2025 13:26:52","2022","贵州省"
"6155",,"互联网和相关服务","地方政策政策数量","2","17/9/2025 11:12:21","17/9/2025 11:12:21","2022","贵州省"
"6156","21","通信传输设备业","地方政策政策数量","2","17/9/2025 11:12:21","21/10/2025 13:26:53","2022","贵州省"
"6157",,"电信、广播电视和卫星传输服务","地方政策政策数量","3","17/9/2025 11:12:21","17/9/2025 11:12:21","2022","贵州省"
"6158","10","食品饮料业","地方政策政策数量","1","17/9/2025 11:12:21","21/10/2025 13:26:53","2022","贵州省"
"6159","9","批发和零售业","地方政策政策数量","1","17/9/2025 11:12:21","21/10/2025 13:26:53","2022","贵州省"
"6160","37","住宿和餐饮业","地方政策政策数量","1","17/9/2025 11:12:21","21/10/2025 13:26:53","2022","贵州省"
"6161","7","金融业","地方政策政策数量","1","17/9/2025 11:12:21","21/10/2025 13:26:52","2022","贵州省"
"6162","30","科学研究和技术服务业","地方政策政策数量","1","17/9/2025 11:12:21","21/10/2025 13:26:53","2022","贵州省"
"6163","31","教育","地方政策政策数量","1","17/9/2025 11:12:21","21/10/2025 13:26:53","2022","贵州省"
"6164","33","文化、体育和娱乐业","地方政策政策数量","1","17/9/2025 11:12:21","21/10/2025 13:26:53","2022","贵州省"
"6165","16","建筑业","地方政策政策数量","1","17/9/2025 11:12:21","21/10/2025 13:26:53","2022","贵州省"
"6166",,"制造业","地方政策政策数量","1","17/9/2025 11:12:21","17/9/2025 11:12:21","2022","贵州省"
"6167","17","交通运输、仓储和邮政业","地方政策-贵州省发展和改革委员会政策数量","1","17/9/2025 11:12:21","21/10/2025 13:26:53","2022","贵州省"
"6168","3","信息传输、软件和信息技术服务业","地方政策-贵州省发展改革委政策数量","1","17/9/2025 11:12:21","21/10/2025 13:26:52","2022","贵州省"
"6169",,"互联网和相关服务","地方政策-贵州省发展改革委政策数量","1","17/9/2025 11:12:21","17/9/2025 11:12:21","2022","贵州省"
"6170","21","通信传输设备业","地方政策-贵州省发展改革委政策数量","1","17/9/2025 11:12:21","21/10/2025 13:26:53","2022","贵州省"
"6171",,"电信、广播电视和卫星传输服务","地方政策-贵州省发展改革委政策数量","1","17/9/2025 11:12:21","17/9/2025 11:12:21","2022","贵州省"
"6172","3","信息传输、软件和信息技术服务业","地方政策-贵州省住房和城乡建设厅政策数量","1","17/9/2025 11:12:22","21/10/2025 13:26:52","2022","贵州省"
"6173",,"互联网和相关服务","地方政策-贵州省住房和城乡建设厅政策数量","1","17/9/2025 11:12:22","17/9/2025 11:12:22","2022","贵州省"
"6174","21","通信传输设备业","地方政策-贵州省住房和城乡建设厅政策数量","1","17/9/2025 11:12:22","21/10/2025 13:26:53","2022","贵州省"
"6175",,"电信、广播电视和卫星传输服务","地方政策-贵州省住房和城乡建设厅政策数量","1","17/9/2025 11:12:22","17/9/2025 11:12:22","2022","贵州省"
"6176","3","信息传输、软件和信息技术服务业","地方政策-贵州省大数据发展管理局政策数量","1","17/9/2025 11:12:22","21/10/2025 13:26:52","2022","贵州省"
"6177",,"互联网和相关服务","地方政策-贵州省大数据发展管理局政策数量","1","17/9/2025 11:12:22","17/9/2025 11:12:22","2022","贵州省"
"6178","21","通信传输设备业","地方政策-贵州省大数据发展管理局政策数量","1","17/9/2025 11:12:22","21/10/2025 13:26:53","2022","贵州省"
"6179",,"电信、广播电视和卫星传输服务","地方政策-贵州省大数据发展管理局政策数量","1","17/9/2025 11:12:22","17/9/2025 11:12:22","2022","贵州省"
"6180","3","信息传输、软件和信息技术服务业","地方政策-贵州省通信管理局政策数量","1","17/9/2025 11:12:22","21/10/2025 13:26:52","2022","贵州省"
"6181",,"互联网和相关服务","地方政策-贵州省通信管理局政策数量","1","17/9/2025 11:12:22","17/9/2025 11:12:22","2022","贵州省"
"6182","21","通信传输设备业","地方政策-贵州省通信管理局政策数量","1","17/9/2025 11:12:22","21/10/2025 13:26:53","2022","贵州省"
"6183",,"电信、广播电视和卫星传输服务","地方政策-贵州省通信管理局政策数量","1","17/9/2025 11:12:22","17/9/2025 11:12:22","2022","贵州省"
"6184","2","化学原料和化学制品制造业","地方政策-贵州省发展和改革委员会政策数量","1","17/9/2025 11:12:22","21/10/2025 13:26:53","2022","贵州省"
"6185","29","金属冶炼和压延加工业","地方政策-贵州省发展和改革委员会政策数量","1","17/9/2025 11:12:22","21/10/2025 13:26:53","2022","贵州省"
"6186","46","废弃资源综合利用业","地方政策-贵州省发展和改革委员会政策数量","1","17/9/2025 11:12:22","21/10/2025 13:26:53","2022","贵州省"
"6187","2","化学原料和化学制品制造业","地方政策-贵州省科学技术厅政策数量","1","17/9/2025 11:12:22","21/10/2025 13:26:53","2022","贵州省"
"6188","29","金属冶炼和压延加工业","地方政策-贵州省科学技术厅政策数量","1","17/9/2025 11:12:22","21/10/2025 13:26:53","2022","贵州省"
"6189","46","废弃资源综合利用业","地方政策-贵州省科学技术厅政策数量","1","17/9/2025 11:12:22","21/10/2025 13:26:53","2022","贵州省"
"6190","2","化学原料和化学制品制造业","地方政策-贵州省工业和信息化厅政策数量","1","17/9/2025 11:12:22","21/10/2025 13:26:53","2022","贵州省"
"6191","29","金属冶炼和压延加工业","地方政策-贵州省工业和信息化厅政策数量","1","17/9/2025 11:12:22","21/10/2025 13:26:53","2022","贵州省"
"6192","46","废弃资源综合利用业","地方政策-贵州省工业和信息化厅政策数量","1","17/9/2025 11:12:22","21/10/2025 13:26:53","2022","贵州省"
"6193","2","化学原料和化学制品制造业","地方政策-贵州省财政厅政策数量","1","17/9/2025 11:12:23","21/10/2025 13:26:53","2022","贵州省"
"6194","29","金属冶炼和压延加工业","地方政策-贵州省财政厅政策数量","1","17/9/2025 11:12:23","21/10/2025 13:26:53","2022","贵州省"
"6195","46","废弃资源综合利用业","地方政策-贵州省财政厅政策数量","1","17/9/2025 11:12:23","21/10/2025 13:26:53","2022","贵州省"
"6196","2","化学原料和化学制品制造业","地方政策-贵州省自然资源厅政策数量","1","17/9/2025 11:12:23","21/10/2025 13:26:53","2022","贵州省"
"6197","29","金属冶炼和压延加工业","地方政策-贵州省自然资源厅政策数量","1","17/9/2025 11:12:23","21/10/2025 13:26:53","2022","贵州省"
"6198","46","废弃资源综合利用业","地方政策-贵州省自然资源厅政策数量","1","17/9/2025 11:12:23","21/10/2025 13:26:53","2022","贵州省"
"6199","2","化学原料和化学制品制造业","地方政策-贵州省生态环境厅政策数量","1","17/9/2025 11:12:23","21/10/2025 13:26:53","2022","贵州省"
"6200","29","金属冶炼和压延加工业","地方政策-贵州省生态环境厅政策数量","1","17/9/2025 11:12:23","21/10/2025 13:26:53","2022","贵州省"
"6201","46","废弃资源综合利用业","地方政策-贵州省生态环境厅政策数量","1","17/9/2025 11:12:23","21/10/2025 13:26:53","2022","贵州省"
"6202","2","化学原料和化学制品制造业","地方政策-贵州省商务厅政策数量","1","17/9/2025 11:12:23","21/10/2025 13:26:53","2022","贵州省"
"6203","29","金属冶炼和压延加工业","地方政策-贵州省商务厅政策数量","1","17/9/2025 11:12:23","21/10/2025 13:26:53","2022","贵州省"
"6204","46","废弃资源综合利用业","地方政策-贵州省商务厅政策数量","1","17/9/2025 11:12:23","21/10/2025 13:26:53","2022","贵州省"
"6205","2","化学原料和化学制品制造业","地方政策-贵州省能源局政策数量","1","17/9/2025 11:12:23","21/10/2025 13:26:53","2022","贵州省"
"6206","29","金属冶炼和压延加工业","地方政策-贵州省能源局政策数量","1","17/9/2025 11:12:23","21/10/2025 13:26:53","2022","贵州省"
"6207","46","废弃资源综合利用业","地方政策-贵州省能源局政策数量","1","17/9/2025 11:12:24","21/10/2025 13:26:53","2022","贵州省"
"6208","13","电力、热力、燃气及水生产和供应业","地方政策-贵州省能源局政策数量","1","17/9/2025 11:12:24","21/10/2025 13:26:53","2022","贵州省"
"6209","14","采矿业","地方政策-贵州省能源局政策数量","1","17/9/2025 11:12:24","21/10/2025 13:26:53","2022","贵州省"
"6210","13","电力、热力、燃气及水生产和供应业","地方政策-贵州省科学技术厅政策数量","1","17/9/2025 11:12:24","21/10/2025 13:26:53","2022","贵州省"
"6211","14","采矿业","地方政策-贵州省科学技术厅政策数量","1","17/9/2025 11:12:24","21/10/2025 13:26:53","2022","贵州省"
"6212","2","化学原料和化学制品制造业","地方政策-贵州省人民政府政策数量","2","17/9/2025 11:12:24","21/10/2025 13:26:53","2022","贵州省"
"6213","22","非金属矿物制品业","地方政策-贵州省人民政府政策数量","2","17/9/2025 11:12:24","21/10/2025 13:26:53","2022","贵州省"
"6214","29","金属冶炼和压延加工业","地方政策-贵州省人民政府政策数量","2","17/9/2025 11:12:24","21/10/2025 13:26:53","2022","贵州省"
"6215","13","电力、热力、燃气及水生产和供应业","地方政策-贵州省人民政府政策数量","2","17/9/2025 11:12:24","21/10/2025 13:26:53","2022","贵州省"
"6216","17","交通运输、仓储和邮政业","地方政策-贵州省人民政府政策数量","2","17/9/2025 11:12:24","21/10/2025 13:26:53","2022","贵州省"
"6217","34","农、林、牧、渔业","地方政策-贵州省人民政府政策数量","2","17/9/2025 11:12:24","21/10/2025 13:26:53","2022","贵州省"
"6218","28","水利、环境和公共设施管理业","地方政策-贵州省人民政府政策数量","2","17/9/2025 11:12:24","21/10/2025 13:26:52","2022","贵州省"
"6219","36","造纸和纸制品业","地方政策-贵州省人民政府政策数量","1","17/9/2025 11:12:24","21/10/2025 13:26:53","2022","贵州省"
"6220","45","石油加工、炼焦和核燃料加工业","地方政策-贵州省人民政府政策数量","1","17/9/2025 11:12:24","21/10/2025 13:26:53","2022","贵州省"
"6221","46","废弃资源综合利用业","地方政策-贵州省人民政府政策数量","2","17/9/2025 11:12:24","21/10/2025 13:26:53","2022","贵州省"
"6222","3","信息传输、软件和信息技术服务业","地方政策-贵州省人民政府办公厅政策数量","1","17/9/2025 11:12:24","21/10/2025 13:26:52","2022","贵州省"
"6223",,"互联网和相关服务","地方政策-贵州省人民政府办公厅政策数量","1","17/9/2025 11:12:24","17/9/2025 11:12:24","2022","贵州省"
"6224","21","通信传输设备业","地方政策-贵州省人民政府办公厅政策数量","1","17/9/2025 11:12:24","21/10/2025 13:26:53","2022","贵州省"
"6225",,"电信、广播电视和卫星传输服务","地方政策-贵州省人民政府办公厅政策数量","1","17/9/2025 11:12:25","17/9/2025 11:12:25","2022","贵州省"
"6226","2","化学原料和化学制品制造业","地方政策-省工业和信息化厅政策数量","1","17/9/2025 11:12:25","21/10/2025 13:26:53","2022","贵州省"
"6227","3","信息传输、软件和信息技术服务业","地方政策-贵州省人民政府政策数量","1","17/9/2025 11:12:25","21/10/2025 13:26:52","2022","贵州省"
"6228","14","采矿业","地方政策-贵州省人民政府政策数量","1","17/9/2025 11:12:25","21/10/2025 13:26:53","2022","贵州省"
"6229","10","食品饮料业","地方政策-贵州省人民政府政策数量","1","17/9/2025 11:12:25","21/10/2025 13:26:53","2022","贵州省"
"6230","9","批发和零售业","地方政策-贵州省人民政府政策数量","1","17/9/2025 11:12:25","21/10/2025 13:26:53","2022","贵州省"
"6231","37","住宿和餐饮业","地方政策-贵州省人民政府政策数量","1","17/9/2025 11:12:25","21/10/2025 13:26:53","2022","贵州省"
"6232","7","金融业","地方政策-贵州省人民政府政策数量","1","17/9/2025 11:12:25","21/10/2025 13:26:52","2022","贵州省"
"6233","30","科学研究和技术服务业","地方政策-贵州省人民政府政策数量","1","17/9/2025 11:12:25","21/10/2025 13:26:53","2022","贵州省"
"6234","31","教育","地方政策-贵州省人民政府政策数量","1","17/9/2025 11:12:25","21/10/2025 13:26:53","2022","贵州省"
"6235","33","文化、体育和娱乐业","地方政策-贵州省人民政府政策数量","1","17/9/2025 11:12:25","21/10/2025 13:26:53","2022","贵州省"
"6236","16","建筑业","地方政策-贵州省人民政府政策数量","1","17/9/2025 11:12:25","21/10/2025 13:26:53","2022","贵州省"
"6237",,"制造业","地方政策-贵州省人民政府政策数量","1","17/9/2025 11:12:25","17/9/2025 11:12:25","2022","贵州省"
"6238","3","信息传输、软件和信息技术服务业","地方政策-贵州省人民代表大会常务委员会政策数量","1","17/9/2025 11:12:25","21/10/2025 13:26:52","2022","贵州省"
"6239",,"电信、广播电视和卫星传输服务","地方政策-贵州省人民代表大会常务委员会政策数量","1","17/9/2025 11:12:25","17/9/2025 11:12:25","2022","贵州省"
"6240",,,"发布政策数量","7","17/9/2025 11:12:25","17/9/2025 11:12:25","2022","甘肃省"
"6241",,,"地方政策政策数量","7","17/9/2025 11:12:25","17/9/2025 11:12:25","2022","甘肃省"
"6242",,,"甘肃省人民政府办公厅发布政策数量","2","17/9/2025 11:12:26","17/9/2025 11:12:26","2022","甘肃省"
"6243",,,"甘肃省发展和改革委员会发布政策数量","2","17/9/2025 11:12:26","17/9/2025 11:12:26","2022","甘肃省"
"6244",,,"甘肃省人民政府发布政策数量","1","17/9/2025 11:12:26","17/9/2025 11:12:26","2022","甘肃省"
"6245",,,"甘肃省科技厅发布政策数量","2","17/9/2025 11:12:26","17/9/2025 11:12:26","2022","甘肃省"
"6246","17","交通运输、仓储和邮政业","政策数量","3","17/9/2025 11:12:26","21/10/2025 13:26:53","2022","甘肃省"
"6247","34","农、林、牧、渔业","政策数量","3","17/9/2025 11:12:26","21/10/2025 13:26:53","2022","甘肃省"
"6248","30","科学研究和技术服务业","政策数量","2","17/9/2025 11:12:26","21/10/2025 13:26:53","2022","甘肃省"
"6249","9","批发和零售业","政策数量","2","17/9/2025 11:12:26","21/10/2025 13:26:53","2022","甘肃省"
"6250","29","金属冶炼和压延加工业","政策数量","1","17/9/2025 11:12:26","21/10/2025 13:26:53","2022","甘肃省"
"6251","37","住宿和餐饮业","政策数量","1","17/9/2025 11:12:26","21/10/2025 13:26:53","2022","甘肃省"
"6252","22","非金属矿物制品业","政策数量","1","17/9/2025 11:12:26","21/10/2025 13:26:53","2022","甘肃省"
"6253","32","仪器仪表制造业","政策数量","1","17/9/2025 11:12:26","21/10/2025 13:26:53","2022","甘肃省"
"6254","45","石油加工、炼焦和核燃料加工业","政策数量","1","17/9/2025 11:12:26","21/10/2025 13:26:53","2022","甘肃省"
"6255","2","化学原料和化学制品制造业","政策数量","1","17/9/2025 11:12:26","21/10/2025 13:26:53","2022","甘肃省"
"6256","36","造纸和纸制品业","政策数量","1","17/9/2025 11:12:26","21/10/2025 13:26:53","2022","甘肃省"
"6257","16","建筑业","政策数量","1","17/9/2025 11:12:26","21/10/2025 13:26:53","2022","甘肃省"
"6258","10","食品饮料业","政策数量","1","17/9/2025 11:12:26","21/10/2025 13:26:53","2022","甘肃省"
"6259","13","电力、热力、燃气及水生产和供应业","政策数量","1","17/9/2025 11:12:26","21/10/2025 13:26:53","2022","甘肃省"
"6260","1","医药制造业","政策数量","1","17/9/2025 11:12:26","21/10/2025 13:26:53","2022","甘肃省"
"6261","28","水利、环境和公共设施管理业","政策数量","1","17/9/2025 11:12:26","21/10/2025 13:26:52","2022","甘肃省"
"6262",,,"地方政策-甘肃省人民政府办公厅政策数量","2","17/9/2025 11:12:27","17/9/2025 11:12:27","2022","甘肃省"
"6263",,,"地方政策-甘肃省发展和改革委员会政策数量","2","17/9/2025 11:12:27","17/9/2025 11:12:27","2022","甘肃省"
"6264",,,"地方政策-甘肃省人民政府政策数量","1","17/9/2025 11:12:27","17/9/2025 11:12:27","2022","甘肃省"
"6265",,,"地方政策-甘肃省科技厅政策数量","2","17/9/2025 11:12:27","17/9/2025 11:12:27","2022","甘肃省"
"6266","17","交通运输、仓储和邮政业","地方政策政策数量","3","17/9/2025 11:12:27","21/10/2025 13:26:53","2022","甘肃省"
"6267","34","农、林、牧、渔业","地方政策政策数量","3","17/9/2025 11:12:27","21/10/2025 13:26:53","2022","甘肃省"
"6268","9","批发和零售业","地方政策政策数量","2","17/9/2025 11:12:27","21/10/2025 13:26:53","2022","甘肃省"
"6269","10","食品饮料业","地方政策政策数量","1","17/9/2025 11:12:27","21/10/2025 13:26:53","2022","甘肃省"
"6270","1","医药制造业","地方政策政策数量","1","17/9/2025 11:12:27","21/10/2025 13:26:53","2022","甘肃省"
"6271","29","金属冶炼和压延加工业","地方政策政策数量","1","17/9/2025 11:12:27","21/10/2025 13:26:53","2022","甘肃省"
"6272","22","非金属矿物制品业","地方政策政策数量","1","17/9/2025 11:12:27","21/10/2025 13:26:53","2022","甘肃省"
"6273","45","石油加工、炼焦和核燃料加工业","地方政策政策数量","1","17/9/2025 11:12:27","21/10/2025 13:26:53","2022","甘肃省"
"6274","2","化学原料和化学制品制造业","地方政策政策数量","1","17/9/2025 11:12:27","21/10/2025 13:26:53","2022","甘肃省"
"6275","36","造纸和纸制品业","地方政策政策数量","1","17/9/2025 11:12:27","21/10/2025 13:26:53","2022","甘肃省"
"6276","16","建筑业","地方政策政策数量","1","17/9/2025 11:12:27","21/10/2025 13:26:53","2022","甘肃省"
"6277","13","电力、热力、燃气及水生产和供应业","地方政策政策数量","1","17/9/2025 11:12:27","21/10/2025 13:26:53","2022","甘肃省"
"6278","28","水利、环境和公共设施管理业","地方政策政策数量","1","17/9/2025 11:12:28","21/10/2025 13:26:52","2022","甘肃省"
"6279","37","住宿和餐饮业","地方政策政策数量","1","17/9/2025 11:12:28","21/10/2025 13:26:53","2022","甘肃省"
"6280","32","仪器仪表制造业","地方政策政策数量","1","17/9/2025 11:12:28","21/10/2025 13:26:53","2022","甘肃省"
"6281","30","科学研究和技术服务业","地方政策政策数量","2","17/9/2025 11:12:28","21/10/2025 13:26:53","2022","甘肃省"
"6282","17","交通运输、仓储和邮政业","地方政策-甘肃省人民政府办公厅政策数量","1","17/9/2025 11:12:28","21/10/2025 13:26:53","2022","甘肃省"
"6283","34","农、林、牧、渔业","地方政策-甘肃省人民政府办公厅政策数量","2","17/9/2025 11:12:28","21/10/2025 13:26:53","2022","甘肃省"
"6284","9","批发和零售业","地方政策-甘肃省人民政府办公厅政策数量","1","17/9/2025 11:12:28","21/10/2025 13:26:53","2022","甘肃省"
"6285","10","食品饮料业","地方政策-甘肃省人民政府办公厅政策数量","1","17/9/2025 11:12:28","21/10/2025 13:26:53","2022","甘肃省"
"6286","1","医药制造业","地方政策-甘肃省人民政府办公厅政策数量","1","17/9/2025 11:12:28","21/10/2025 13:26:53","2022","甘肃省"
"6287","29","金属冶炼和压延加工业","地方政策-甘肃省发展和改革委员会政策数量","1","17/9/2025 11:12:28","21/10/2025 13:26:53","2022","甘肃省"
"6288","22","非金属矿物制品业","地方政策-甘肃省发展和改革委员会政策数量","1","17/9/2025 11:12:28","21/10/2025 13:26:53","2022","甘肃省"
"6289","45","石油加工、炼焦和核燃料加工业","地方政策-甘肃省发展和改革委员会政策数量","1","17/9/2025 11:12:28","21/10/2025 13:26:53","2022","甘肃省"
"6290","2","化学原料和化学制品制造业","地方政策-甘肃省发展和改革委员会政策数量","1","17/9/2025 11:12:28","21/10/2025 13:26:53","2022","甘肃省"
"6291","36","造纸和纸制品业","地方政策-甘肃省发展和改革委员会政策数量","1","17/9/2025 11:12:28","21/10/2025 13:26:53","2022","甘肃省"
"6292","34","农、林、牧、渔业","地方政策-甘肃省发展和改革委员会政策数量","1","17/9/2025 11:12:28","21/10/2025 13:26:53","2022","甘肃省"
"6293","16","建筑业","地方政策-甘肃省发展和改革委员会政策数量","1","17/9/2025 11:12:28","21/10/2025 13:26:53","2022","甘肃省"
"6294","17","交通运输、仓储和邮政业","地方政策-甘肃省发展和改革委员会政策数量","2","17/9/2025 11:12:28","21/10/2025 13:26:53","2022","甘肃省"
"6295","13","电力、热力、燃气及水生产和供应业","地方政策-甘肃省发展和改革委员会政策数量","1","17/9/2025 11:12:28","21/10/2025 13:26:53","2022","甘肃省"
"6296","28","水利、环境和公共设施管理业","地方政策-甘肃省发展和改革委员会政策数量","1","17/9/2025 11:12:28","21/10/2025 13:26:52","2022","甘肃省"
"6297","37","住宿和餐饮业","地方政策-甘肃省发展和改革委员会政策数量","1","17/9/2025 11:12:28","21/10/2025 13:26:53","2022","甘肃省"
"6298","9","批发和零售业","地方政策-甘肃省发展和改革委员会政策数量","1","17/9/2025 11:12:28","21/10/2025 13:26:53","2022","甘肃省"
"6299","32","仪器仪表制造业","地方政策-甘肃省人民政府政策数量","1","17/9/2025 11:12:29","21/10/2025 13:26:53","2022","甘肃省"
"6300","30","科学研究和技术服务业","地方政策-甘肃省科技厅政策数量","2","17/9/2025 11:12:29","21/10/2025 13:26:53","2022","甘肃省"
"6301",,,"发布政策数量","33","17/9/2025 11:12:29","17/9/2025 11:12:29","2022","云南省"
"6302",,,"地方政策政策数量","33","17/9/2025 11:12:29","17/9/2025 11:12:29","2022","云南省"
"6303",,,"云南省发展和改革委员会发布政策数量","12","17/9/2025 11:12:29","17/9/2025 11:12:29","2022","云南省"
"6304",,,"云南省工业和信息化厅发布政策数量","12","17/9/2025 11:12:29","17/9/2025 11:12:29","2022","云南省"
"6305",,,"昆明市人民政府大健康发展管理办公室发布政策数量","1","17/9/2025 11:12:29","17/9/2025 11:12:29","2022","云南省"
"6306",,,"云南省人民政府办公厅发布政策数量","9","17/9/2025 11:12:29","17/9/2025 11:12:29","2022","云南省"
"6307",,,"云南省科学技术厅发布政策数量","7","17/9/2025 11:12:29","17/9/2025 11:12:29","2022","云南省"
"6308",,,"云南省人民政府发布政策数量","2","17/9/2025 11:12:29","17/9/2025 11:12:29","2022","云南省"
"6309",,,"云南省交通运输厅发布政策数量","1","17/9/2025 11:12:29","17/9/2025 11:12:29","2022","云南省"
"6310",,,"云南省公安厅发布政策数量","1","17/9/2025 11:12:29","17/9/2025 11:12:29","2022","云南省"
"6311",,,"云南省市场监督管理局发布政策数量","1","17/9/2025 11:12:29","17/9/2025 11:12:29","2022","云南省"
"6312",,,"云南省统计局发布政策数量","1","17/9/2025 11:12:29","17/9/2025 11:12:29","2022","云南省"
"6313",,,"云南省财政厅发布政策数量","6","17/9/2025 11:12:29","17/9/2025 11:12:29","2022","云南省"
"6314",,,"云南省商务厅发布政策数量","1","17/9/2025 11:12:29","17/9/2025 11:12:29","2022","云南省"
"6315",,,"云南省自然资源厅发布政策数量","2","17/9/2025 11:12:29","17/9/2025 11:12:29","2022","云南省"
"6316",,,"中国银行保险监督管理委员会云南监管局发布政策数量","1","17/9/2025 11:12:30","17/9/2025 11:12:30","2022","云南省"
"6317",,,"中国人民银行昆明中心支行发布政策数量","1","17/9/2025 11:12:30","17/9/2025 11:12:30","2022","云南省"
"6318",,,"云南省通信管理局发布政策数量","1","17/9/2025 11:12:30","17/9/2025 11:12:30","2022","云南省"
"6319",,,"中共云南省委网络安全和信息化委员会办公室发布政策数量","1","17/9/2025 11:12:30","17/9/2025 11:12:30","2022","云南省"
"6320",,,"云南省教育厅发布政策数量","2","17/9/2025 11:12:30","17/9/2025 11:12:30","2022","云南省"
"6321",,,"云南省人力资源社会保障厅发布政策数量","1","17/9/2025 11:12:30","17/9/2025 11:12:30","2022","云南省"
"6322",,,"云南省发展改革委发布政策数量","1","17/9/2025 11:12:30","17/9/2025 11:12:30","2022","云南省"
"6323",,,"云南省科技厅发布政策数量","1","17/9/2025 11:12:30","17/9/2025 11:12:30","2022","云南省"
"6324",,,"云南省生态环境厅发布政策数量","1","17/9/2025 11:12:30","17/9/2025 11:12:30","2022","云南省"
"6325",,,"云南省住房城乡建设厅发布政策数量","1","17/9/2025 11:12:30","17/9/2025 11:12:30","2022","云南省"
"6326",,,"云南省水利厅发布政策数量","1","17/9/2025 11:12:30","17/9/2025 11:12:30","2022","云南省"
"6327",,,"云南省应急管理厅发布政策数量","1","17/9/2025 11:12:30","17/9/2025 11:12:30","2022","云南省"
"6328",,,"云南省国资委发布政策数量","1","17/9/2025 11:12:30","17/9/2025 11:12:30","2022","云南省"
"6329",,,"云南省林草局发布政策数量","1","17/9/2025 11:12:31","17/9/2025 11:12:31","2022","云南省"
"6330",,,"省地方金融监督管理局发布政策数量","1","17/9/2025 11:12:31","17/9/2025 11:12:31","2022","云南省"
"6331",,,"昆明海关发布政策数量","1","17/9/2025 11:12:31","17/9/2025 11:12:31","2022","云南省"
"6332",,,"云南省税务局发布政策数量","1","17/9/2025 11:12:31","17/9/2025 11:12:31","2022","云南省"
"6333",,,"人民银行昆明中心支行发布政策数量","1","17/9/2025 11:12:31","17/9/2025 11:12:31","2022","云南省"
"6334",,,"云南银保监局发布政策数量","1","17/9/2025 11:12:31","17/9/2025 11:12:31","2022","云南省"
"6335",,,"云南证监局发布政策数量","1","17/9/2025 11:12:31","17/9/2025 11:12:31","2022","云南省"
"6336",,,"云南省人力资源和社会保障厅发布政策数量","1","17/9/2025 11:12:31","17/9/2025 11:12:31","2022","云南省"
"6337","3","信息传输、软件和信息技术服务业","政策数量","8","17/9/2025 11:12:31","21/10/2025 13:26:52","2022","云南省"
"6338","30","科学研究和技术服务业","政策数量","7","17/9/2025 11:12:31","21/10/2025 13:26:53","2022","云南省"
"6339","17","交通运输、仓储和邮政业","政策数量","6","17/9/2025 11:12:31","21/10/2025 13:26:53","2022","云南省"
"6340","1","医药制造业","政策数量","6","17/9/2025 11:12:31","21/10/2025 13:26:53","2022","云南省"
"6341","13","电力、热力、燃气及水生产和供应业","政策数量","5","17/9/2025 11:12:32","21/10/2025 13:26:53","2022","云南省"
"6342","29","金属冶炼和压延加工业","政策数量","4","17/9/2025 11:12:32","21/10/2025 13:26:53","2022","云南省"
"6343","33","文化、体育和娱乐业","政策数量","4","17/9/2025 11:12:32","21/10/2025 13:26:53","2022","云南省"
"6344","34","农、林、牧、渔业","政策数量","4","17/9/2025 11:12:32","21/10/2025 13:26:53","2022","云南省"
"6345","9","批发和零售业","政策数量","3","17/9/2025 11:12:32","21/10/2025 13:26:53","2022","云南省"
"6346","28","水利、环境和公共设施管理业","政策数量","3","17/9/2025 11:12:32","21/10/2025 13:26:52","2022","云南省"
"6347","2","化学原料和化学制品制造业","政策数量","3","17/9/2025 11:12:32","21/10/2025 13:26:53","2022","云南省"
"6348",,"电信、广播电视和卫星传输服务","政策数量","3","17/9/2025 11:12:32","17/9/2025 11:12:32","2022","云南省"
"6349","22","非金属矿物制品业","政策数量","2","17/9/2025 11:12:32","21/10/2025 13:26:53","2022","云南省"
"6350","20","租赁和商务服务业","政策数量","2","17/9/2025 11:12:32","21/10/2025 13:26:53","2022","云南省"
"6351","21","通信传输设备业","政策数量","2","17/9/2025 11:12:32","21/10/2025 13:26:53","2022","云南省"
"6352","35","卫生和社会工作","政策数量","2","17/9/2025 11:12:32","21/10/2025 13:26:53","2022","云南省"
"6353","10","食品饮料业","政策数量","2","17/9/2025 11:12:32","21/10/2025 13:26:53","2022","云南省"
"6354",,"互联网和相关服务","政策数量","2","17/9/2025 11:12:32","17/9/2025 11:12:32","2022","云南省"
"6355","12","汽车制造业","政策数量","1","17/9/2025 11:12:32","21/10/2025 13:26:53","2022","云南省"
"6356","31","教育","政策数量","1","17/9/2025 11:12:32","21/10/2025 13:26:53","2022","云南省"
"6357",,"工业设计","政策数量","1","17/9/2025 11:12:32","17/9/2025 11:12:32","2022","云南省"
"6358","7","金融业","政策数量","1","17/9/2025 11:12:33","21/10/2025 13:26:52","2022","云南省"
"6359","5","专用设备制造业","政策数量","1","17/9/2025 11:12:33","21/10/2025 13:26:53","2022","云南省"
"6360","26","金属制品业","政策数量","1","17/9/2025 11:12:33","21/10/2025 13:26:53","2022","云南省"
"6361","47","木材加工和木、竹、藤、棕、草制品业","政策数量","1","17/9/2025 11:12:33","21/10/2025 13:26:53","2022","云南省"
"6362",,"制造业","政策数量","1","17/9/2025 11:12:33","17/9/2025 11:12:33","2022","云南省"
"6363","19","半导体业","政策数量","1","17/9/2025 11:12:33","21/10/2025 13:26:53","2022","云南省"
"6364","27","铁路、船舶、航空航天和其他运输设备制造业","政策数量","1","17/9/2025 11:12:33","21/10/2025 13:26:53","2022","云南省"
"6365","36","造纸和纸制品业","政策数量","1","17/9/2025 11:12:33","21/10/2025 13:26:53","2022","云南省"
"6366","38","家具制造业","政策数量","1","17/9/2025 11:12:34","21/10/2025 13:26:53","2022","云南省"
"6367","46","废弃资源综合利用业","政策数量","1","17/9/2025 11:12:34","21/10/2025 13:26:53","2022","云南省"
"6368","37","住宿和餐饮业","政策数量","1","17/9/2025 11:12:34","21/10/2025 13:26:53","2022","云南省"
"6369","45","石油加工、炼焦和核燃料加工业","政策数量","1","17/9/2025 11:12:34","21/10/2025 13:26:53","2022","云南省"
"6370","23","橡胶和塑料制品业","政策数量","1","17/9/2025 11:12:34","21/10/2025 13:26:53","2022","云南省"
"6371","14","采矿业","政策数量","1","17/9/2025 11:12:34","21/10/2025 13:26:53","2022","云南省"
"6372",,,"地方政策-云南省发展和改革委员会政策数量","12","17/9/2025 11:12:34","17/9/2025 11:12:34","2022","云南省"
"6373",,,"地方政策-云南省工业和信息化厅政策数量","12","17/9/2025 11:12:34","17/9/2025 11:12:34","2022","云南省"
"6374",,,"地方政策-昆明市人民政府大健康发展管理办公室政策数量","1","17/9/2025 11:12:34","17/9/2025 11:12:34","2022","云南省"
"6375",,,"地方政策-云南省人民政府办公厅政策数量","9","17/9/2025 11:12:34","17/9/2025 11:12:34","2022","云南省"
"6376",,,"地方政策-云南省科学技术厅政策数量","7","17/9/2025 11:12:34","17/9/2025 11:12:34","2022","云南省"
"6377",,,"地方政策-云南省人民政府政策数量","2","17/9/2025 11:12:34","17/9/2025 11:12:34","2022","云南省"
"6378",,,"地方政策-云南省交通运输厅政策数量","1","17/9/2025 11:12:34","17/9/2025 11:12:34","2022","云南省"
"6379",,,"地方政策-云南省公安厅政策数量","1","17/9/2025 11:12:34","17/9/2025 11:12:34","2022","云南省"
"6380",,,"地方政策-云南省市场监督管理局政策数量","1","17/9/2025 11:12:34","17/9/2025 11:12:34","2022","云南省"
"6381",,,"地方政策-云南省统计局政策数量","1","17/9/2025 11:12:34","17/9/2025 11:12:34","2022","云南省"
"6382",,,"地方政策-云南省财政厅政策数量","6","17/9/2025 11:12:35","17/9/2025 11:12:35","2022","云南省"
"6383",,,"地方政策-云南省商务厅政策数量","1","17/9/2025 11:12:35","17/9/2025 11:12:35","2022","云南省"
"6384",,,"地方政策-云南省自然资源厅政策数量","2","17/9/2025 11:12:35","17/9/2025 11:12:35","2022","云南省"
"6385",,,"地方政策-中国银行保险监督管理委员会云南监管局政策数量","1","17/9/2025 11:12:35","17/9/2025 11:12:35","2022","云南省"
"6386",,,"地方政策-中国人民银行昆明中心支行政策数量","1","17/9/2025 11:12:35","17/9/2025 11:12:35","2022","云南省"
"6387",,,"地方政策-云南省通信管理局政策数量","1","17/9/2025 11:12:35","17/9/2025 11:12:35","2022","云南省"
"6388",,,"地方政策-中共云南省委网络安全和信息化委员会办公室政策数量","1","17/9/2025 11:12:35","17/9/2025 11:12:35","2022","云南省"
"6389",,,"地方政策-云南省教育厅政策数量","2","17/9/2025 11:12:35","17/9/2025 11:12:35","2022","云南省"
"6390",,,"地方政策-云南省人力资源社会保障厅政策数量","1","17/9/2025 11:12:35","17/9/2025 11:12:35","2022","云南省"
"6391",,,"地方政策-云南省发展改革委政策数量","1","17/9/2025 11:12:35","17/9/2025 11:12:35","2022","云南省"
"6392",,,"地方政策-云南省科技厅政策数量","1","17/9/2025 11:12:35","17/9/2025 11:12:35","2022","云南省"
"6393",,,"地方政策-云南省生态环境厅政策数量","1","17/9/2025 11:12:35","17/9/2025 11:12:35","2022","云南省"
"6394",,,"地方政策-云南省住房城乡建设厅政策数量","1","17/9/2025 11:12:35","17/9/2025 11:12:35","2022","云南省"
"6395",,,"地方政策-云南省水利厅政策数量","1","17/9/2025 11:12:35","17/9/2025 11:12:35","2022","云南省"
"6396",,,"地方政策-云南省应急管理厅政策数量","1","17/9/2025 11:12:35","17/9/2025 11:12:35","2022","云南省"
"6397",,,"地方政策-云南省国资委政策数量","1","17/9/2025 11:12:35","17/9/2025 11:12:35","2022","云南省"
"6398",,,"地方政策-云南省林草局政策数量","1","17/9/2025 11:12:35","17/9/2025 11:12:35","2022","云南省"
"6399",,,"地方政策-省地方金融监督管理局政策数量","1","17/9/2025 11:12:36","17/9/2025 11:12:36","2022","云南省"
"6400",,,"地方政策-昆明海关政策数量","1","17/9/2025 11:12:36","17/9/2025 11:12:36","2022","云南省"
"6401",,,"地方政策-云南省税务局政策数量","1","17/9/2025 11:12:36","17/9/2025 11:12:36","2022","云南省"
"6402",,,"地方政策-人民银行昆明中心支行政策数量","1","17/9/2025 11:12:36","17/9/2025 11:12:36","2022","云南省"
"6403",,,"地方政策-云南银保监局政策数量","1","17/9/2025 11:12:36","17/9/2025 11:12:36","2022","云南省"
"6404",,,"地方政策-云南证监局政策数量","1","17/9/2025 11:12:36","17/9/2025 11:12:36","2022","云南省"
"6405",,,"地方政策-云南省人力资源和社会保障厅政策数量","1","17/9/2025 11:12:36","17/9/2025 11:12:36","2022","云南省"
"6406","17","交通运输、仓储和邮政业","地方政策政策数量","6","17/9/2025 11:12:36","21/10/2025 13:26:53","2022","云南省"
"6407","9","批发和零售业","地方政策政策数量","3","17/9/2025 11:12:36","21/10/2025 13:26:53","2022","云南省"
"6408","7","金融业","地方政策政策数量","1","17/9/2025 11:12:36","21/10/2025 13:26:52","2022","云南省"
"6409","1","医药制造业","地方政策政策数量","6","17/9/2025 11:12:36","21/10/2025 13:26:53","2022","云南省"
"6410","30","科学研究和技术服务业","地方政策政策数量","7","17/9/2025 11:12:37","21/10/2025 13:26:53","2022","云南省"
"6411","35","卫生和社会工作","地方政策政策数量","2","17/9/2025 11:12:37","21/10/2025 13:26:53","2022","云南省"
"6412","2","化学原料和化学制品制造业","地方政策政策数量","3","17/9/2025 11:12:37","21/10/2025 13:26:53","2022","云南省"
"6413","29","金属冶炼和压延加工业","地方政策政策数量","4","17/9/2025 11:12:37","21/10/2025 13:26:53","2022","云南省"
"6414","22","非金属矿物制品业","地方政策政策数量","2","17/9/2025 11:12:37","21/10/2025 13:26:53","2022","云南省"
"6415","5","专用设备制造业","地方政策政策数量","1","17/9/2025 11:12:37","21/10/2025 13:26:53","2022","云南省"
"6416","19","半导体业","地方政策政策数量","1","17/9/2025 11:12:37","21/10/2025 13:26:53","2022","云南省"
"6417","21","通信传输设备业","地方政策政策数量","2","17/9/2025 11:12:37","21/10/2025 13:26:53","2022","云南省"
"6418","34","农、林、牧、渔业","地方政策政策数量","4","17/9/2025 11:12:37","21/10/2025 13:26:53","2022","云南省"
"6419","10","食品饮料业","地方政策政策数量","2","17/9/2025 11:12:38","21/10/2025 13:26:53","2022","云南省"
"6420","23","橡胶和塑料制品业","地方政策政策数量","1","17/9/2025 11:12:38","21/10/2025 13:26:53","2022","云南省"
"6421","33","文化、体育和娱乐业","地方政策政策数量","4","17/9/2025 11:12:38","21/10/2025 13:26:53","2022","云南省"
"6422","20","租赁和商务服务业","地方政策政策数量","2","17/9/2025 11:12:38","21/10/2025 13:26:53","2022","云南省"
"6423","26","金属制品业","地方政策政策数量","1","17/9/2025 11:12:38","21/10/2025 13:26:53","2022","云南省"
"6424","27","铁路、船舶、航空航天和其他运输设备制造业","地方政策政策数量","1","17/9/2025 11:12:38","21/10/2025 13:26:53","2022","云南省"
"6425","13","电力、热力、燃气及水生产和供应业","地方政策政策数量","5","17/9/2025 11:12:38","21/10/2025 13:26:53","2022","云南省"
"6426","46","废弃资源综合利用业","地方政策政策数量","1","17/9/2025 11:12:38","21/10/2025 13:26:53","2022","云南省"
"6427","12","汽车制造业","地方政策政策数量","1","17/9/2025 11:12:38","21/10/2025 13:26:53","2022","云南省"
"6428","3","信息传输、软件和信息技术服务业","地方政策政策数量","8","17/9/2025 11:12:38","21/10/2025 13:26:52","2022","云南省"
"6429","28","水利、环境和公共设施管理业","地方政策政策数量","3","17/9/2025 11:12:39","21/10/2025 13:26:52","2022","云南省"
"6430","47","木材加工和木、竹、藤、棕、草制品业","地方政策政策数量","1","17/9/2025 11:12:39","21/10/2025 13:26:53","2022","云南省"
"6431","36","造纸和纸制品业","地方政策政策数量","1","17/9/2025 11:12:39","21/10/2025 13:26:53","2022","云南省"
"6432","38","家具制造业","地方政策政策数量","1","17/9/2025 11:12:39","21/10/2025 13:26:53","2022","云南省"
"6433","37","住宿和餐饮业","地方政策政策数量","1","17/9/2025 11:12:39","21/10/2025 13:26:53","2022","云南省"
"6434","45","石油加工、炼焦和核燃料加工业","地方政策政策数量","1","17/9/2025 11:12:39","21/10/2025 13:26:53","2022","云南省"
"6435",,"电信、广播电视和卫星传输服务","地方政策政策数量","3","17/9/2025 11:12:39","17/9/2025 11:12:39","2022","云南省"
"6436","14","采矿业","地方政策政策数量","1","17/9/2025 11:12:39","21/10/2025 13:26:53","2022","云南省"
"6437","31","教育","地方政策政策数量","1","17/9/2025 11:12:39","21/10/2025 13:26:53","2022","云南省"
"6438",,"互联网和相关服务","地方政策政策数量","2","17/9/2025 11:12:39","17/9/2025 11:12:39","2022","云南省"
"6439",,"工业设计","地方政策政策数量","1","17/9/2025 11:12:39","17/9/2025 11:12:39","2022","云南省"
"6440",,"制造业","地方政策政策数量","1","17/9/2025 11:12:39","17/9/2025 11:12:39","2022","云南省"
"6441","17","交通运输、仓储和邮政业","地方政策-云南省发展和改革委员会政策数量","3","17/9/2025 11:12:39","21/10/2025 13:26:53","2022","云南省"
"6442","9","批发和零售业","地方政策-云南省发展和改革委员会政策数量","1","17/9/2025 11:12:39","21/10/2025 13:26:53","2022","云南省"
"6443","7","金融业","地方政策-云南省发展和改革委员会政策数量","1","17/9/2025 11:12:39","21/10/2025 13:26:52","2022","云南省"
"6444","1","医药制造业","地方政策-昆明市人民政府大健康发展管理办公室政策数量","1","17/9/2025 11:12:39","21/10/2025 13:26:53","2022","云南省"
"6445","30","科学研究和技术服务业","地方政策-昆明市人民政府大健康发展管理办公室政策数量","1","17/9/2025 11:12:39","21/10/2025 13:26:53","2022","云南省"
"6446","35","卫生和社会工作","地方政策-昆明市人民政府大健康发展管理办公室政策数量","1","17/9/2025 11:12:40","21/10/2025 13:26:53","2022","云南省"
"6447","2","化学原料和化学制品制造业","地方政策-云南省发展和改革委员会政策数量","1","17/9/2025 11:12:40","21/10/2025 13:26:53","2022","云南省"
"6448","29","金属冶炼和压延加工业","地方政策-云南省发展和改革委员会政策数量","3","17/9/2025 11:12:40","21/10/2025 13:26:53","2022","云南省"
"6449","22","非金属矿物制品业","地方政策-云南省发展和改革委员会政策数量","1","17/9/2025 11:12:40","21/10/2025 13:26:53","2022","云南省"
"6450","5","专用设备制造业","地方政策-云南省发展和改革委员会政策数量","1","17/9/2025 11:12:40","21/10/2025 13:26:53","2022","云南省"
"6451","19","半导体业","地方政策-云南省发展和改革委员会政策数量","1","17/9/2025 11:12:40","21/10/2025 13:26:53","2022","云南省"
"6452","21","通信传输设备业","地方政策-云南省发展和改革委员会政策数量","1","17/9/2025 11:12:40","21/10/2025 13:26:53","2022","云南省"
"6453","30","科学研究和技术服务业","地方政策-云南省发展和改革委员会政策数量","1","17/9/2025 11:12:40","21/10/2025 13:26:53","2022","云南省"
"6454","2","化学原料和化学制品制造业","地方政策-云南省工业和信息化厅政策数量","1","17/9/2025 11:12:40","21/10/2025 13:26:53","2022","云南省"
"6455","29","金属冶炼和压延加工业","地方政策-云南省工业和信息化厅政策数量","3","17/9/2025 11:12:40","21/10/2025 13:26:53","2022","云南省"
"6456","22","非金属矿物制品业","地方政策-云南省工业和信息化厅政策数量","1","17/9/2025 11:12:40","21/10/2025 13:26:53","2022","云南省"
"6457","5","专用设备制造业","地方政策-云南省工业和信息化厅政策数量","1","17/9/2025 11:12:40","21/10/2025 13:26:53","2022","云南省"
"6458","19","半导体业","地方政策-云南省工业和信息化厅政策数量","1","17/9/2025 11:12:40","21/10/2025 13:26:53","2022","云南省"
"6459","21","通信传输设备业","地方政策-云南省工业和信息化厅政策数量","2","17/9/2025 11:12:40","21/10/2025 13:26:53","2022","云南省"
"6460","30","科学研究和技术服务业","地方政策-云南省工业和信息化厅政策数量","1","17/9/2025 11:12:40","21/10/2025 13:26:53","2022","云南省"
"6461","34","农、林、牧、渔业","地方政策-云南省人民政府办公厅政策数量","2","17/9/2025 11:12:40","21/10/2025 13:26:53","2022","云南省"
"6462","10","食品饮料业","地方政策-云南省人民政府办公厅政策数量","2","17/9/2025 11:12:41","21/10/2025 13:26:53","2022","云南省"
"6463","23","橡胶和塑料制品业","地方政策-云南省人民政府办公厅政策数量","1","17/9/2025 11:12:41","21/10/2025 13:26:53","2022","云南省"
"6464","1","医药制造业","地方政策-云南省人民政府办公厅政策数量","2","17/9/2025 11:12:41","21/10/2025 13:26:53","2022","云南省"
"6465","9","批发和零售业","地方政策-云南省人民政府办公厅政策数量","2","17/9/2025 11:12:41","21/10/2025 13:26:53","2022","云南省"
"6466","33","文化、体育和娱乐业","地方政策-云南省人民政府办公厅政策数量","2","17/9/2025 11:12:41","21/10/2025 13:26:53","2022","云南省"
"6467","20","租赁和商务服务业","地方政策-云南省人民政府办公厅政策数量","2","17/9/2025 11:12:41","21/10/2025 13:26:53","2022","云南省"
"6468","17","交通运输、仓储和邮政业","地方政策-云南省人民政府办公厅政策数量","2","17/9/2025 11:12:41","21/10/2025 13:26:53","2022","云南省"
"6469","1","医药制造业","地方政策-云南省发展和改革委员会政策数量","2","17/9/2025 11:12:41","21/10/2025 13:26:53","2022","云南省"
"6470","1","医药制造业","地方政策-云南省科学技术厅政策数量","1","17/9/2025 11:12:41","21/10/2025 13:26:53","2022","云南省"
"6471","26","金属制品业","地方政策-云南省发展和改革委员会政策数量","1","17/9/2025 11:12:41","21/10/2025 13:26:53","2022","云南省"
"6472","27","铁路、船舶、航空航天和其他运输设备制造业","地方政策-云南省发展和改革委员会政策数量","1","17/9/2025 11:12:41","21/10/2025 13:26:53","2022","云南省"
"6473","13","电力、热力、燃气及水生产和供应业","地方政策-云南省发展和改革委员会政策数量","4","17/9/2025 11:12:41","21/10/2025 13:26:53","2022","云南省"
"6474","26","金属制品业","地方政策-云南省工业和信息化厅政策数量","1","17/9/2025 11:12:41","21/10/2025 13:26:53","2022","云南省"
"6475","27","铁路、船舶、航空航天和其他运输设备制造业","地方政策-云南省工业和信息化厅政策数量","1","17/9/2025 11:12:41","21/10/2025 13:26:53","2022","云南省"
"6476","13","电力、热力、燃气及水生产和供应业","地方政策-云南省工业和信息化厅政策数量","3","17/9/2025 11:12:41","21/10/2025 13:26:53","2022","云南省"
"6477","2","化学原料和化学制品制造业","地方政策-云南省人民政府办公厅政策数量","2","17/9/2025 11:12:41","21/10/2025 13:26:53","2022","云南省"
"6478","46","废弃资源综合利用业","地方政策-云南省人民政府办公厅政策数量","1","17/9/2025 11:12:41","21/10/2025 13:26:53","2022","云南省"
"6479","13","电力、热力、燃气及水生产和供应业","地方政策-云南省人民政府办公厅政策数量","1","17/9/2025 11:12:41","21/10/2025 13:26:53","2022","云南省"
"6480","3","信息传输、软件和信息技术服务业","地方政策-云南省人民政府办公厅政策数量","2","17/9/2025 11:12:41","21/10/2025 13:26:52","2022","云南省"
"6481",,"互联网和相关服务","地方政策-云南省人民政府办公厅政策数量","1","17/9/2025 11:12:42","17/9/2025 11:12:42","2022","云南省"
"6482",,"电信、广播电视和卫星传输服务","地方政策-云南省人民政府办公厅政策数量","1","17/9/2025 11:12:42","17/9/2025 11:12:42","2022","云南省"
"6483","30","科学研究和技术服务业","地方政策-云南省科学技术厅政策数量","3","17/9/2025 11:12:42","21/10/2025 13:26:53","2022","云南省"
"6484","17","交通运输、仓储和邮政业","地方政策-云南省工业和信息化厅政策数量","2","17/9/2025 11:12:42","21/10/2025 13:26:53","2022","云南省"
"6485","12","汽车制造业","地方政策-云南省工业和信息化厅政策数量","1","17/9/2025 11:12:42","21/10/2025 13:26:53","2022","云南省"
"6486","3","信息传输、软件和信息技术服务业","地方政策-云南省工业和信息化厅政策数量","5","17/9/2025 11:12:42","21/10/2025 13:26:52","2022","云南省"
"6487","17","交通运输、仓储和邮政业","地方政策-云南省交通运输厅政策数量","1","17/9/2025 11:12:42","21/10/2025 13:26:53","2022","云南省"
"6488","12","汽车制造业","地方政策-云南省交通运输厅政策数量","1","17/9/2025 11:12:42","21/10/2025 13:26:53","2022","云南省"
"6489","3","信息传输、软件和信息技术服务业","地方政策-云南省交通运输厅政策数量","1","17/9/2025 11:12:42","21/10/2025 13:26:52","2022","云南省"
"6490","21","通信传输设备业","地方政策-云南省交通运输厅政策数量","1","17/9/2025 11:12:42","21/10/2025 13:26:53","2022","云南省"
"6491","17","交通运输、仓储和邮政业","地方政策-云南省公安厅政策数量","1","17/9/2025 11:12:42","21/10/2025 13:26:53","2022","云南省"
"6492","12","汽车制造业","地方政策-云南省公安厅政策数量","1","17/9/2025 11:12:42","21/10/2025 13:26:53","2022","云南省"
"6493","3","信息传输、软件和信息技术服务业","地方政策-云南省公安厅政策数量","1","17/9/2025 11:12:42","21/10/2025 13:26:52","2022","云南省"
"6494","21","通信传输设备业","地方政策-云南省公安厅政策数量","1","17/9/2025 11:12:42","21/10/2025 13:26:53","2022","云南省"
"6495","17","交通运输、仓储和邮政业","地方政策-云南省市场监督管理局政策数量","1","17/9/2025 11:12:42","21/10/2025 13:26:53","2022","云南省"
"6496","12","汽车制造业","地方政策-云南省市场监督管理局政策数量","1","17/9/2025 11:12:42","21/10/2025 13:26:53","2022","云南省"
"6497","3","信息传输、软件和信息技术服务业","地方政策-云南省市场监督管理局政策数量","1","17/9/2025 11:12:42","21/10/2025 13:26:52","2022","云南省"
"6498","21","通信传输设备业","地方政策-云南省市场监督管理局政策数量","1","17/9/2025 11:12:42","21/10/2025 13:26:53","2022","云南省"
"6499","28","水利、环境和公共设施管理业","地方政策-云南省发展和改革委员会政策数量","2","17/9/2025 11:12:42","21/10/2025 13:26:52","2022","云南省"
"6500","34","农、林、牧、渔业","地方政策-云南省发展和改革委员会政策数量","2","17/9/2025 11:12:42","21/10/2025 13:26:53","2022","云南省"
"6501","33","文化、体育和娱乐业","地方政策-云南省发展和改革委员会政策数量","2","17/9/2025 11:12:43","21/10/2025 13:26:53","2022","云南省"
"6502","47","木材加工和木、竹、藤、棕、草制品业","地方政策-云南省人民政府办公厅政策数量","1","17/9/2025 11:12:43","21/10/2025 13:26:53","2022","云南省"
"6503","36","造纸和纸制品业","地方政策-云南省人民政府办公厅政策数量","1","17/9/2025 11:12:43","21/10/2025 13:26:53","2022","云南省"
"6504","38","家具制造业","地方政策-云南省人民政府办公厅政策数量","1","17/9/2025 11:12:43","21/10/2025 13:26:53","2022","云南省"
"6505","37","住宿和餐饮业","地方政策-云南省人民政府办公厅政策数量","1","17/9/2025 11:12:43","21/10/2025 13:26:53","2022","云南省"
"6506","30","科学研究和技术服务业","地方政策-云南省人民政府办公厅政策数量","2","17/9/2025 11:12:43","21/10/2025 13:26:53","2022","云南省"
"6507","28","水利、环境和公共设施管理业","地方政策-云南省人民政府办公厅政策数量","1","17/9/2025 11:12:43","21/10/2025 13:26:52","2022","云南省"
"6508","30","科学研究和技术服务业","地方政策-云南省统计局政策数量","1","17/9/2025 11:12:43","21/10/2025 13:26:53","2022","云南省"
"6509","30","科学研究和技术服务业","地方政策-云南省财政厅政策数量","2","17/9/2025 11:12:43","21/10/2025 13:26:53","2022","云南省"
"6510","1","医药制造业","地方政策-云南省人民政府政策数量","1","17/9/2025 11:12:43","21/10/2025 13:26:53","2022","云南省"
"6511","22","非金属矿物制品业","地方政策-云南省人民政府办公厅政策数量","1","17/9/2025 11:12:43","21/10/2025 13:26:53","2022","云南省"
"6512","29","金属冶炼和压延加工业","地方政策-云南省人民政府办公厅政策数量","1","17/9/2025 11:12:43","21/10/2025 13:26:53","2022","云南省"
"6513","45","石油加工、炼焦和核燃料加工业","地方政策-云南省人民政府办公厅政策数量","1","17/9/2025 11:12:43","21/10/2025 13:26:53","2022","云南省"
"6514",,"电信、广播电视和卫星传输服务","地方政策-云南省工业和信息化厅政策数量","2","17/9/2025 11:12:43","17/9/2025 11:12:43","2022","云南省"
"6515","14","采矿业","地方政策-云南省工业和信息化厅政策数量","1","17/9/2025 11:12:43","21/10/2025 13:26:53","2022","云南省"
"6516","34","农、林、牧、渔业","地方政策-云南省工业和信息化厅政策数量","1","17/9/2025 11:12:43","21/10/2025 13:26:53","2022","云南省"
"6517","28","水利、环境和公共设施管理业","地方政策-云南省工业和信息化厅政策数量","1","17/9/2025 11:12:43","21/10/2025 13:26:52","2022","云南省"
"6518","31","教育","地方政策-云南省工业和信息化厅政策数量","1","17/9/2025 11:12:43","21/10/2025 13:26:53","2022","云南省"
"6519","35","卫生和社会工作","地方政策-云南省工业和信息化厅政策数量","1","17/9/2025 11:12:44","21/10/2025 13:26:53","2022","云南省"
"6520","33","文化、体育和娱乐业","地方政策-云南省工业和信息化厅政策数量","1","17/9/2025 11:12:44","21/10/2025 13:26:53","2022","云南省"
"6521","3","信息传输、软件和信息技术服务业","地方政策-云南省通信管理局政策数量","1","17/9/2025 11:12:44","21/10/2025 13:26:52","2022","云南省"
"6522",,"电信、广播电视和卫星传输服务","地方政策-云南省通信管理局政策数量","1","17/9/2025 11:12:44","17/9/2025 11:12:44","2022","云南省"
"6523","13","电力、热力、燃气及水生产和供应业","地方政策-云南省通信管理局政策数量","1","17/9/2025 11:12:44","21/10/2025 13:26:53","2022","云南省"
"6524","14","采矿业","地方政策-云南省通信管理局政策数量","1","17/9/2025 11:12:44","21/10/2025 13:26:53","2022","云南省"
"6525","34","农、林、牧、渔业","地方政策-云南省通信管理局政策数量","1","17/9/2025 11:12:44","21/10/2025 13:26:53","2022","云南省"
"6526","28","水利、环境和公共设施管理业","地方政策-云南省通信管理局政策数量","1","17/9/2025 11:12:44","21/10/2025 13:26:52","2022","云南省"
"6527","31","教育","地方政策-云南省通信管理局政策数量","1","17/9/2025 11:12:44","21/10/2025 13:26:53","2022","云南省"
"6528","35","卫生和社会工作","地方政策-云南省通信管理局政策数量","1","17/9/2025 11:12:44","21/10/2025 13:26:53","2022","云南省"
"6529","33","文化、体育和娱乐业","地方政策-云南省通信管理局政策数量","1","17/9/2025 11:12:44","21/10/2025 13:26:53","2022","云南省"
"6530","17","交通运输、仓储和邮政业","地方政策-云南省通信管理局政策数量","1","17/9/2025 11:12:44","21/10/2025 13:26:53","2022","云南省"
"6531","3","信息传输、软件和信息技术服务业","地方政策-中共云南省委网络安全和信息化委员会办公室政策数量","1","17/9/2025 11:12:44","21/10/2025 13:26:52","2022","云南省"
"6532",,"电信、广播电视和卫星传输服务","地方政策-中共云南省委网络安全和信息化委员会办公室政策数量","1","17/9/2025 11:12:44","17/9/2025 11:12:44","2022","云南省"
"6533","13","电力、热力、燃气及水生产和供应业","地方政策-中共云南省委网络安全和信息化委员会办公室政策数量","1","17/9/2025 11:12:44","21/10/2025 13:26:53","2022","云南省"
"6534","14","采矿业","地方政策-中共云南省委网络安全和信息化委员会办公室政策数量","1","17/9/2025 11:12:44","21/10/2025 13:26:53","2022","云南省"
"6535","34","农、林、牧、渔业","地方政策-中共云南省委网络安全和信息化委员会办公室政策数量","1","17/9/2025 11:12:44","21/10/2025 13:26:53","2022","云南省"
"6536","28","水利、环境和公共设施管理业","地方政策-中共云南省委网络安全和信息化委员会办公室政策数量","1","17/9/2025 11:12:44","21/10/2025 13:26:52","2022","云南省"
"6537","31","教育","地方政策-中共云南省委网络安全和信息化委员会办公室政策数量","1","17/9/2025 11:12:45","21/10/2025 13:26:53","2022","云南省"
"6538","35","卫生和社会工作","地方政策-中共云南省委网络安全和信息化委员会办公室政策数量","1","17/9/2025 11:12:45","21/10/2025 13:26:53","2022","云南省"
"6539","33","文化、体育和娱乐业","地方政策-中共云南省委网络安全和信息化委员会办公室政策数量","1","17/9/2025 11:12:45","21/10/2025 13:26:53","2022","云南省"
"6540","17","交通运输、仓储和邮政业","地方政策-中共云南省委网络安全和信息化委员会办公室政策数量","1","17/9/2025 11:12:45","21/10/2025 13:26:53","2022","云南省"
"6541","3","信息传输、软件和信息技术服务业","地方政策-云南省发展和改革委员会政策数量","2","17/9/2025 11:12:45","21/10/2025 13:26:52","2022","云南省"
"6542",,"电信、广播电视和卫星传输服务","地方政策-云南省发展和改革委员会政策数量","1","17/9/2025 11:12:45","17/9/2025 11:12:45","2022","云南省"
"6543","14","采矿业","地方政策-云南省发展和改革委员会政策数量","1","17/9/2025 11:12:45","21/10/2025 13:26:53","2022","云南省"
"6544","31","教育","地方政策-云南省发展和改革委员会政策数量","1","17/9/2025 11:12:45","21/10/2025 13:26:53","2022","云南省"
"6545","35","卫生和社会工作","地方政策-云南省发展和改革委员会政策数量","1","17/9/2025 11:12:45","21/10/2025 13:26:53","2022","云南省"
"6546","3","信息传输、软件和信息技术服务业","地方政策-云南省财政厅政策数量","1","17/9/2025 11:12:45","21/10/2025 13:26:52","2022","云南省"
"6547",,"电信、广播电视和卫星传输服务","地方政策-云南省财政厅政策数量","1","17/9/2025 11:12:45","17/9/2025 11:12:45","2022","云南省"
"6548","13","电力、热力、燃气及水生产和供应业","地方政策-云南省财政厅政策数量","1","17/9/2025 11:12:45","21/10/2025 13:26:53","2022","云南省"
"6549","14","采矿业","地方政策-云南省财政厅政策数量","1","17/9/2025 11:12:45","21/10/2025 13:26:53","2022","云南省"
"6550","34","农、林、牧、渔业","地方政策-云南省财政厅政策数量","1","17/9/2025 11:12:45","21/10/2025 13:26:53","2022","云南省"
"6551","28","水利、环境和公共设施管理业","地方政策-云南省财政厅政策数量","1","17/9/2025 11:12:45","21/10/2025 13:26:52","2022","云南省"
"6552","31","教育","地方政策-云南省财政厅政策数量","1","17/9/2025 11:12:45","21/10/2025 13:26:53","2022","云南省"
"6553","35","卫生和社会工作","地方政策-云南省财政厅政策数量","1","17/9/2025 11:12:45","21/10/2025 13:26:53","2022","云南省"
"6554","33","文化、体育和娱乐业","地方政策-云南省财政厅政策数量","1","17/9/2025 11:12:45","21/10/2025 13:26:53","2022","云南省"
"6555","17","交通运输、仓储和邮政业","地方政策-云南省财政厅政策数量","1","17/9/2025 11:12:45","21/10/2025 13:26:53","2022","云南省"
"6556",,"互联网和相关服务","地方政策-云南省工业和信息化厅政策数量","1","17/9/2025 11:12:46","17/9/2025 11:12:46","2022","云南省"
"6557","3","信息传输、软件和信息技术服务业","地方政策-云南省教育厅政策数量","1","17/9/2025 11:12:46","21/10/2025 13:26:52","2022","云南省"
"6558",,"互联网和相关服务","地方政策-云南省教育厅政策数量","1","17/9/2025 11:12:46","17/9/2025 11:12:46","2022","云南省"
"6559",,"电信、广播电视和卫星传输服务","地方政策-云南省教育厅政策数量","1","17/9/2025 11:12:46","17/9/2025 11:12:46","2022","云南省"
"6560","3","信息传输、软件和信息技术服务业","地方政策-云南省人力资源社会保障厅政策数量","1","17/9/2025 11:12:46","21/10/2025 13:26:52","2022","云南省"
"6561",,"互联网和相关服务","地方政策-云南省人力资源社会保障厅政策数量","1","17/9/2025 11:12:46","17/9/2025 11:12:46","2022","云南省"
"6562",,"电信、广播电视和卫星传输服务","地方政策-云南省人力资源社会保障厅政策数量","1","17/9/2025 11:12:46","17/9/2025 11:12:46","2022","云南省"
"6563",,"工业设计","地方政策-云南省工业和信息化厅政策数量","1","17/9/2025 11:12:46","17/9/2025 11:12:46","2022","云南省"
"6564",,"制造业","地方政策-云南省工业和信息化厅政策数量","1","17/9/2025 11:12:46","17/9/2025 11:12:46","2022","云南省"
"6565",,"工业设计","地方政策-云南省发展和改革委员会政策数量","1","17/9/2025 11:12:46","17/9/2025 11:12:46","2022","云南省"
"6566",,"制造业","地方政策-云南省发展和改革委员会政策数量","1","17/9/2025 11:12:46","17/9/2025 11:12:46","2022","云南省"
"6567",,"工业设计","地方政策-云南省教育厅政策数量","1","17/9/2025 11:12:46","17/9/2025 11:12:46","2022","云南省"
"6568",,"制造业","地方政策-云南省教育厅政策数量","1","17/9/2025 11:12:46","17/9/2025 11:12:46","2022","云南省"
"6569",,"工业设计","地方政策-云南省财政厅政策数量","1","17/9/2025 11:12:46","17/9/2025 11:12:46","2022","云南省"
"6570",,"制造业","地方政策-云南省财政厅政策数量","1","17/9/2025 11:12:46","17/9/2025 11:12:46","2022","云南省"
"6571",,"工业设计","地方政策-云南省科学技术厅政策数量","1","17/9/2025 11:12:46","17/9/2025 11:12:46","2022","云南省"
"6572",,"制造业","地方政策-云南省科学技术厅政策数量","1","17/9/2025 11:12:46","17/9/2025 11:12:46","2022","云南省"
"6573",,"工业设计","地方政策-云南省人力资源和社会保障厅政策数量","1","17/9/2025 11:12:46","17/9/2025 11:12:46","2022","云南省"
"6574",,"制造业","地方政策-云南省人力资源和社会保障厅政策数量","1","17/9/2025 11:12:46","17/9/2025 11:12:46","2022","云南省"
"6575",,,"发布政策数量","12","17/9/2025 11:12:47","17/9/2025 11:12:47","2022","陕西省"
"6576",,,"地方政策政策数量","12","17/9/2025 11:12:47","17/9/2025 11:12:47","2022","陕西省"
"6577",,,"陕西省工业和信息化厅发布政策数量","2","17/9/2025 11:12:47","17/9/2025 11:12:47","2022","陕西省"
"6578",,,"陕西省科学技术厅发布政策数量","4","17/9/2025 11:12:47","17/9/2025 11:12:47","2022","陕西省"
"6579",,,"陕西省财政厅发布政策数量","2","17/9/2025 11:12:47","17/9/2025 11:12:47","2022","陕西省"
"6580",,,"陕西省商务厅发布政策数量","1","17/9/2025 11:12:47","17/9/2025 11:12:47","2022","陕西省"
"6581",,,"陕西省人民政府国有资产监督管理委员会发布政策数量","1","17/9/2025 11:12:47","17/9/2025 11:12:47","2022","陕西省"
"6582",,,"中国证券监督管理委员会陕西监管局发布政策数量","1","17/9/2025 11:12:47","17/9/2025 11:12:47","2022","陕西省"
"6583",,,"西安市人民政府发布政策数量","2","17/9/2025 11:12:47","17/9/2025 11:12:47","2022","陕西省"
"6584",,,"陕西省人民政府办公厅发布政策数量","1","17/9/2025 11:12:47","17/9/2025 11:12:47","2022","陕西省"
"6585",,,"陕西省淘汰落后产能工作协调领导小组办公室发布政策数量","1","17/9/2025 11:12:47","17/9/2025 11:12:47","2022","陕西省"
"6586",,,"省政府办公厅发布政策数量","1","17/9/2025 11:12:47","17/9/2025 11:12:47","2022","陕西省"
"6587",,,"陕西省教育厅发布政策数量","1","17/9/2025 11:12:47","17/9/2025 11:12:47","2022","陕西省"
"6588",,,"陕西省人民政府发布政策数量","1","17/9/2025 11:12:47","17/9/2025 11:12:47","2022","陕西省"
"6589",,,"陕西省发展和改革委员会发布政策数量","1","17/9/2025 11:12:47","17/9/2025 11:12:47","2022","陕西省"
"6590","30","科学研究和技术服务业","政策数量","5","17/9/2025 11:12:47","21/10/2025 13:26:53","2022","陕西省"
"6591","32","仪器仪表制造业","政策数量","2","17/9/2025 11:12:47","21/10/2025 13:26:53","2022","陕西省"
"6592","3","信息传输、软件和信息技术服务业","政策数量","2","17/9/2025 11:12:48","21/10/2025 13:26:52","2022","陕西省"
"6593","21","通信传输设备业","政策数量","2","17/9/2025 11:12:48","21/10/2025 13:26:53","2022","陕西省"
"6594",,"互联网和相关服务","政策数量","2","17/9/2025 11:12:48","17/9/2025 11:12:48","2022","陕西省"
"6595","5","专用设备制造业","政策数量","1","17/9/2025 11:12:48","21/10/2025 13:26:53","2022","陕西省"
"6596","14","采矿业","政策数量","1","17/9/2025 11:12:48","21/10/2025 13:26:53","2022","陕西省"
"6597",,"电信、广播电视和卫星传输服务","政策数量","1","17/9/2025 11:12:48","17/9/2025 11:12:48","2022","陕西省"
"6598","18","通用设备制造业","政策数量","1","17/9/2025 11:12:48","21/10/2025 13:26:53","2022","陕西省"
"6599","29","金属冶炼和压延加工业","政策数量","1","17/9/2025 11:12:48","21/10/2025 13:26:53","2022","陕西省"
"6600","22","非金属矿物制品业","政策数量","1","17/9/2025 11:12:48","21/10/2025 13:26:53","2022","陕西省"
"6601","12","汽车制造业","政策数量","1","17/9/2025 11:12:48","21/10/2025 13:26:53","2022","陕西省"
"6602","2","化学原料和化学制品制造业","政策数量","1","17/9/2025 11:12:48","21/10/2025 13:26:53","2022","陕西省"
"6603",,"制造业","政策数量","1","17/9/2025 11:12:48","17/9/2025 11:12:48","2022","陕西省"
"6604","27","铁路、船舶、航空航天和其他运输设备制造业","政策数量","1","17/9/2025 11:12:48","21/10/2025 13:26:53","2022","陕西省"
"6605","36","造纸和纸制品业","政策数量","1","17/9/2025 11:12:48","21/10/2025 13:26:53","2022","陕西省"
"6606","19","半导体业","政策数量","1","17/9/2025 11:12:48","21/10/2025 13:26:53","2022","陕西省"
"6607","15","纺织鞋服业","政策数量","1","17/9/2025 11:12:48","21/10/2025 13:26:53","2022","陕西省"
"6608","23","橡胶和塑料制品业","政策数量","1","17/9/2025 11:12:49","21/10/2025 13:26:53","2022","陕西省"
"6609","13","电力、热力、燃气及水生产和供应业","政策数量","1","17/9/2025 11:12:49","21/10/2025 13:26:53","2022","陕西省"
"6610","25","其他制造业","政策数量","1","17/9/2025 11:12:49","21/10/2025 13:26:53","2022","陕西省"
"6611",,,"地方政策-陕西省工业和信息化厅政策数量","2","17/9/2025 11:12:49","17/9/2025 11:12:49","2022","陕西省"
"6612",,,"地方政策-陕西省科学技术厅政策数量","4","17/9/2025 11:12:49","17/9/2025 11:12:49","2022","陕西省"
"6613",,,"地方政策-陕西省财政厅政策数量","2","17/9/2025 11:12:49","17/9/2025 11:12:49","2022","陕西省"
"6614",,,"地方政策-陕西省商务厅政策数量","1","17/9/2025 11:12:49","17/9/2025 11:12:49","2022","陕西省"
"6615",,,"地方政策-陕西省人民政府国有资产监督管理委员会政策数量","1","17/9/2025 11:12:49","17/9/2025 11:12:49","2022","陕西省"
"6616",,,"地方政策-中国证券监督管理委员会陕西监管局政策数量","1","17/9/2025 11:12:49","17/9/2025 11:12:49","2022","陕西省"
"6617",,,"地方政策-西安市人民政府政策数量","2","17/9/2025 11:12:49","17/9/2025 11:12:49","2022","陕西省"
"6618",,,"地方政策-陕西省人民政府办公厅政策数量","1","17/9/2025 11:12:49","17/9/2025 11:12:49","2022","陕西省"
"6619",,,"地方政策-陕西省淘汰落后产能工作协调领导小组办公室政策数量","1","17/9/2025 11:12:49","17/9/2025 11:12:49","2022","陕西省"
"6620",,,"地方政策-省政府办公厅政策数量","1","17/9/2025 11:12:49","17/9/2025 11:12:49","2022","陕西省"
"6621",,,"地方政策-陕西省教育厅政策数量","1","17/9/2025 11:12:49","17/9/2025 11:12:49","2022","陕西省"
"6622",,,"地方政策-陕西省人民政府政策数量","1","17/9/2025 11:12:49","17/9/2025 11:12:49","2022","陕西省"
"6623",,,"地方政策-陕西省发展和改革委员会政策数量","1","17/9/2025 11:12:49","17/9/2025 11:12:49","2022","陕西省"
"6624",,"制造业","地方政策政策数量","1","17/9/2025 11:12:49","17/9/2025 11:12:49","2022","陕西省"
"6625","3","信息传输、软件和信息技术服务业","地方政策政策数量","2","17/9/2025 11:12:49","21/10/2025 13:26:52","2022","陕西省"
"6626",,"互联网和相关服务","地方政策政策数量","2","17/9/2025 11:12:49","17/9/2025 11:12:49","2022","陕西省"
"6627","30","科学研究和技术服务业","地方政策政策数量","5","17/9/2025 11:12:49","21/10/2025 13:26:53","2022","陕西省"
"6628","5","专用设备制造业","地方政策政策数量","1","17/9/2025 11:12:50","21/10/2025 13:26:53","2022","陕西省"
"6629","18","通用设备制造业","地方政策政策数量","1","17/9/2025 11:12:50","21/10/2025 13:26:53","2022","陕西省"
"6630","32","仪器仪表制造业","地方政策政策数量","2","17/9/2025 11:12:50","21/10/2025 13:26:53","2022","陕西省"
"6631","12","汽车制造业","地方政策政策数量","1","17/9/2025 11:12:50","21/10/2025 13:26:53","2022","陕西省"
"6632","27","铁路、船舶、航空航天和其他运输设备制造业","地方政策政策数量","1","17/9/2025 11:12:50","21/10/2025 13:26:53","2022","陕西省"
"6633","19","半导体业","地方政策政策数量","1","17/9/2025 11:12:50","21/10/2025 13:26:53","2022","陕西省"
"6634","21","通信传输设备业","地方政策政策数量","2","17/9/2025 11:12:50","21/10/2025 13:26:53","2022","陕西省"
"6635","13","电力、热力、燃气及水生产和供应业","地方政策政策数量","1","17/9/2025 11:12:50","21/10/2025 13:26:53","2022","陕西省"
"6636","14","采矿业","地方政策政策数量","1","17/9/2025 11:12:50","21/10/2025 13:26:53","2022","陕西省"
"6637","29","金属冶炼和压延加工业","地方政策政策数量","1","17/9/2025 11:12:50","21/10/2025 13:26:53","2022","陕西省"
"6638","22","非金属矿物制品业","地方政策政策数量","1","17/9/2025 11:12:50","21/10/2025 13:26:53","2022","陕西省"
"6639","2","化学原料和化学制品制造业","地方政策政策数量","1","17/9/2025 11:12:50","21/10/2025 13:26:53","2022","陕西省"
"6640","36","造纸和纸制品业","地方政策政策数量","1","17/9/2025 11:12:50","21/10/2025 13:26:53","2022","陕西省"
"6641","15","纺织鞋服业","地方政策政策数量","1","17/9/2025 11:12:50","21/10/2025 13:26:53","2022","陕西省"
"6642","23","橡胶和塑料制品业","地方政策政策数量","1","17/9/2025 11:12:50","21/10/2025 13:26:53","2022","陕西省"
"6643","25","其他制造业","地方政策政策数量","1","17/9/2025 11:12:50","21/10/2025 13:26:53","2022","陕西省"
"6644",,"电信、广播电视和卫星传输服务","地方政策政策数量","1","17/9/2025 11:12:50","17/9/2025 11:12:50","2022","陕西省"
"6645",,"制造业","地方政策-陕西省工业和信息化厅政策数量","1","17/9/2025 11:12:50","17/9/2025 11:12:50","2022","陕西省"
"6646",,"制造业","地方政策-陕西省科学技术厅政策数量","1","17/9/2025 11:12:50","17/9/2025 11:12:50","2022","陕西省"
"6647",,"制造业","地方政策-陕西省财政厅政策数量","1","17/9/2025 11:12:50","17/9/2025 11:12:50","2022","陕西省"
"6648",,"制造业","地方政策-陕西省商务厅政策数量","1","17/9/2025 11:12:50","17/9/2025 11:12:50","2022","陕西省"
"6649",,"制造业","地方政策-陕西省人民政府国有资产监督管理委员会政策数量","1","17/9/2025 11:12:51","17/9/2025 11:12:51","2022","陕西省"
"6650",,"制造业","地方政策-中国证券监督管理委员会陕西监管局政策数量","1","17/9/2025 11:12:51","17/9/2025 11:12:51","2022","陕西省"
"6651","30","科学研究和技术服务业","地方政策-西安市人民政府政策数量","1","17/9/2025 11:12:51","21/10/2025 13:26:53","2022","陕西省"
"6652","3","信息传输、软件和信息技术服务业","地方政策-陕西省人民政府办公厅政策数量","1","17/9/2025 11:12:51","21/10/2025 13:26:52","2022","陕西省"
"6653",,"互联网和相关服务","地方政策-陕西省人民政府办公厅政策数量","1","17/9/2025 11:12:51","17/9/2025 11:12:51","2022","陕西省"
"6654","30","科学研究和技术服务业","地方政策-陕西省人民政府办公厅政策数量","1","17/9/2025 11:12:51","21/10/2025 13:26:53","2022","陕西省"
"6655","5","专用设备制造业","地方政策-陕西省人民政府办公厅政策数量","1","17/9/2025 11:12:51","21/10/2025 13:26:53","2022","陕西省"
"6656","18","通用设备制造业","地方政策-陕西省人民政府办公厅政策数量","1","17/9/2025 11:12:51","21/10/2025 13:26:53","2022","陕西省"
"6657","32","仪器仪表制造业","地方政策-陕西省人民政府办公厅政策数量","1","17/9/2025 11:12:51","21/10/2025 13:26:53","2022","陕西省"
"6658","12","汽车制造业","地方政策-陕西省人民政府办公厅政策数量","1","17/9/2025 11:12:51","21/10/2025 13:26:53","2022","陕西省"
"6659","27","铁路、船舶、航空航天和其他运输设备制造业","地方政策-陕西省人民政府办公厅政策数量","1","17/9/2025 11:12:51","21/10/2025 13:26:53","2022","陕西省"
"6660","19","半导体业","地方政策-陕西省人民政府办公厅政策数量","1","17/9/2025 11:12:51","21/10/2025 13:26:53","2022","陕西省"
"6661","21","通信传输设备业","地方政策-陕西省人民政府办公厅政策数量","1","17/9/2025 11:12:51","21/10/2025 13:26:53","2022","陕西省"
"6662","13","电力、热力、燃气及水生产和供应业","地方政策-陕西省淘汰落后产能工作协调领导小组办公室政策数量","1","17/9/2025 11:12:51","21/10/2025 13:26:53","2022","陕西省"
"6663","14","采矿业","地方政策-陕西省淘汰落后产能工作协调领导小组办公室政策数量","1","17/9/2025 11:12:52","21/10/2025 13:26:53","2022","陕西省"
"6664","29","金属冶炼和压延加工业","地方政策-陕西省淘汰落后产能工作协调领导小组办公室政策数量","1","17/9/2025 11:12:52","21/10/2025 13:26:53","2022","陕西省"
"6665","22","非金属矿物制品业","地方政策-陕西省淘汰落后产能工作协调领导小组办公室政策数量","1","17/9/2025 11:12:52","21/10/2025 13:26:53","2022","陕西省"
"6666","2","化学原料和化学制品制造业","地方政策-陕西省淘汰落后产能工作协调领导小组办公室政策数量","1","17/9/2025 11:12:52","21/10/2025 13:26:53","2022","陕西省"
"6667","36","造纸和纸制品业","地方政策-陕西省淘汰落后产能工作协调领导小组办公室政策数量","1","17/9/2025 11:12:52","21/10/2025 13:26:53","2022","陕西省"
"6668","15","纺织鞋服业","地方政策-陕西省淘汰落后产能工作协调领导小组办公室政策数量","1","17/9/2025 11:12:52","21/10/2025 13:26:53","2022","陕西省"
"6669","23","橡胶和塑料制品业","地方政策-陕西省淘汰落后产能工作协调领导小组办公室政策数量","1","17/9/2025 11:12:52","21/10/2025 13:26:53","2022","陕西省"
"6670","25","其他制造业","地方政策-陕西省淘汰落后产能工作协调领导小组办公室政策数量","1","17/9/2025 11:12:52","21/10/2025 13:26:53","2022","陕西省"
"6671","30","科学研究和技术服务业","地方政策-陕西省科学技术厅政策数量","3","17/9/2025 11:12:52","21/10/2025 13:26:53","2022","陕西省"
"6672","30","科学研究和技术服务业","地方政策-陕西省教育厅政策数量","1","17/9/2025 11:12:52","21/10/2025 13:26:53","2022","陕西省"
"6673","32","仪器仪表制造业","地方政策-陕西省人民政府政策数量","1","17/9/2025 11:12:52","21/10/2025 13:26:53","2022","陕西省"
"6674","3","信息传输、软件和信息技术服务业","地方政策-陕西省发展和改革委员会政策数量","1","17/9/2025 11:12:52","21/10/2025 13:26:52","2022","陕西省"
"6675","21","通信传输设备业","地方政策-陕西省发展和改革委员会政策数量","1","17/9/2025 11:12:52","21/10/2025 13:26:53","2022","陕西省"
"6676",,"互联网和相关服务","地方政策-陕西省发展和改革委员会政策数量","1","17/9/2025 11:12:52","17/9/2025 11:12:52","2022","陕西省"
"6677",,"电信、广播电视和卫星传输服务","地方政策-陕西省发展和改革委员会政策数量","1","17/9/2025 11:12:52","17/9/2025 11:12:52","2022","陕西省"
"6678",,,"发布政策数量","12","17/9/2025 11:12:52","17/9/2025 11:12:52","2022","浙江省"
"6679",,,"地方政策政策数量","12","17/9/2025 11:12:52","17/9/2025 11:12:52","2022","浙江省"
"6680",,,"浙江省人民政府发布政策数量","1","17/9/2025 11:12:52","17/9/2025 11:12:52","2022","浙江省"
"6681",,,"浙江省数字化改革数字经济组发布政策数量","1","17/9/2025 11:12:53","17/9/2025 11:12:53","2022","浙江省"
"6682",,,"浙江省科学技术厅办公室发布政策数量","1","17/9/2025 11:12:53","17/9/2025 11:12:53","2022","浙江省"
"6683",,,"杭州市人民政府办公厅发布政策数量","2","17/9/2025 11:12:53","17/9/2025 11:12:53","2022","浙江省"
"6684",,,"浙江省人民政府办公厅发布政策数量","2","17/9/2025 11:12:53","17/9/2025 11:12:53","2022","浙江省"
"6685",,,"海宁市人民政府办公室发布政策数量","1","17/9/2025 11:12:53","17/9/2025 11:12:53","2022","浙江省"
"6686",,,"区投促局发布政策数量","1","17/9/2025 11:12:53","17/9/2025 11:12:53","2022","浙江省"
"6687",,,"浙江省科学技术厅发布政策数量","3","17/9/2025 11:12:53","17/9/2025 11:12:53","2022","浙江省"
"6688",,,"中共浙江省委人才工作领导小组办公室发布政策数量","1","17/9/2025 11:12:53","17/9/2025 11:12:53","2022","浙江省"
"6689",,,"浙江省教育厅发布政策数量","1","17/9/2025 11:12:53","17/9/2025 11:12:53","2022","浙江省"
"6690",,,"浙江省财政厅发布政策数量","2","17/9/2025 11:12:53","17/9/2025 11:12:53","2022","浙江省"
"6691",,,"浙江省人力资源和社会保障厅发布政策数量","1","17/9/2025 11:12:53","17/9/2025 11:12:53","2022","浙江省"
"6692",,,"浙江省科学技术协会发布政策数量","1","17/9/2025 11:12:53","17/9/2025 11:12:53","2022","浙江省"
"6693",,,"浙江省发展和改革委员会发布政策数量","2","17/9/2025 11:12:53","17/9/2025 11:12:53","2022","浙江省"
"6694",,,"中共浙江省委网络安全和信息化委员会办公室发布政策数量","1","17/9/2025 11:12:53","17/9/2025 11:12:53","2022","浙江省"
"6695",,,"浙江省经济和信息化厅发布政策数量","2","17/9/2025 11:12:53","17/9/2025 11:12:53","2022","浙江省"
"6696",,,"浙江省市场监督管理局发布政策数量","1","17/9/2025 11:12:53","17/9/2025 11:12:53","2022","浙江省"
"6697",,,"浙江省人民政府国有资产监督管理委员会发布政策数量","1","17/9/2025 11:12:53","17/9/2025 11:12:53","2022","浙江省"
"6698",,,"国家税务总局浙江省税务局发布政策数量","1","17/9/2025 11:12:53","17/9/2025 11:12:53","2022","浙江省"
"6699",,,"中国人民银行杭州中心支行发布政策数量","1","17/9/2025 11:12:53","17/9/2025 11:12:53","2022","浙江省"
"6700","30","科学研究和技术服务业","政策数量","3","17/9/2025 11:12:53","21/10/2025 13:26:53","2022","浙江省"
"6701","13","电力、热力、燃气及水生产和供应业","政策数量","2","17/9/2025 11:12:54","21/10/2025 13:26:53","2022","浙江省"
"6702","1","医药制造业","政策数量","2","17/9/2025 11:12:54","21/10/2025 13:26:53","2022","浙江省"
"6703","3","信息传输、软件和信息技术服务业","政策数量","2","17/9/2025 11:12:54","21/10/2025 13:26:52","2022","浙江省"
"6704",,"互联网和相关服务","政策数量","1","17/9/2025 11:12:54","17/9/2025 11:12:54","2022","浙江省"
"6705","19","半导体业","政策数量","1","17/9/2025 11:12:54","21/10/2025 13:26:53","2022","浙江省"
"6706",,,"地方政策-浙江省人民政府政策数量","1","17/9/2025 11:12:54","17/9/2025 11:12:54","2022","浙江省"
"6707",,,"地方政策-浙江省数字化改革数字经济组政策数量","1","17/9/2025 11:12:54","17/9/2025 11:12:54","2022","浙江省"
"6708",,,"地方政策-浙江省科学技术厅办公室政策数量","1","17/9/2025 11:12:54","17/9/2025 11:12:54","2022","浙江省"
"6709",,,"地方政策-杭州市人民政府办公厅政策数量","2","17/9/2025 11:12:54","17/9/2025 11:12:54","2022","浙江省"
"6710",,,"地方政策-浙江省人民政府办公厅政策数量","2","17/9/2025 11:12:54","17/9/2025 11:12:54","2022","浙江省"
"6711",,,"地方政策-海宁市人民政府办公室政策数量","1","17/9/2025 11:12:54","17/9/2025 11:12:54","2022","浙江省"
"6712",,,"地方政策-区投促局政策数量","1","17/9/2025 11:12:54","17/9/2025 11:12:54","2022","浙江省"
"6713",,,"地方政策-浙江省科学技术厅政策数量","3","17/9/2025 11:12:54","17/9/2025 11:12:54","2022","浙江省"
"6714",,,"地方政策-中共浙江省委人才工作领导小组办公室政策数量","1","17/9/2025 11:12:54","17/9/2025 11:12:54","2022","浙江省"
"6715",,,"地方政策-浙江省教育厅政策数量","1","17/9/2025 11:12:54","17/9/2025 11:12:54","2022","浙江省"
"6716",,,"地方政策-浙江省财政厅政策数量","2","17/9/2025 11:12:54","17/9/2025 11:12:54","2022","浙江省"
"6717",,,"地方政策-浙江省人力资源和社会保障厅政策数量","1","17/9/2025 11:12:54","17/9/2025 11:12:54","2022","浙江省"
"6718",,,"地方政策-浙江省科学技术协会政策数量","1","17/9/2025 11:12:54","17/9/2025 11:12:54","2022","浙江省"
"6719",,,"地方政策-浙江省发展和改革委员会政策数量","2","17/9/2025 11:12:55","17/9/2025 11:12:55","2022","浙江省"
"6720",,,"地方政策-中共浙江省委网络安全和信息化委员会办公室政策数量","1","17/9/2025 11:12:55","17/9/2025 11:12:55","2022","浙江省"
"6721",,,"地方政策-浙江省经济和信息化厅政策数量","2","17/9/2025 11:12:55","17/9/2025 11:12:55","2022","浙江省"
"6722",,,"地方政策-浙江省市场监督管理局政策数量","1","17/9/2025 11:12:55","17/9/2025 11:12:55","2022","浙江省"
"6723",,,"地方政策-浙江省人民政府国有资产监督管理委员会政策数量","1","17/9/2025 11:12:55","17/9/2025 11:12:55","2022","浙江省"
"6724",,,"地方政策-国家税务总局浙江省税务局政策数量","1","17/9/2025 11:12:55","17/9/2025 11:12:55","2022","浙江省"
"6725",,,"地方政策-中国人民银行杭州中心支行政策数量","1","17/9/2025 11:12:55","17/9/2025 11:12:55","2022","浙江省"
"6726","3","信息传输、软件和信息技术服务业","地方政策政策数量","2","17/9/2025 11:12:55","21/10/2025 13:26:52","2022","浙江省"
"6727","19","半导体业","地方政策政策数量","1","17/9/2025 11:12:55","21/10/2025 13:26:53","2022","浙江省"
"6728","13","电力、热力、燃气及水生产和供应业","地方政策政策数量","2","17/9/2025 11:12:55","21/10/2025 13:26:53","2022","浙江省"
"6729","1","医药制造业","地方政策政策数量","2","17/9/2025 11:12:55","21/10/2025 13:26:53","2022","浙江省"
"6730",,"互联网和相关服务","地方政策政策数量","1","17/9/2025 11:12:55","17/9/2025 11:12:55","2022","浙江省"
"6731","30","科学研究和技术服务业","地方政策政策数量","3","17/9/2025 11:12:55","21/10/2025 13:26:53","2022","浙江省"
"6732","3","信息传输、软件和信息技术服务业","地方政策-浙江省数字化改革数字经济组政策数量","1","17/9/2025 11:12:56","21/10/2025 13:26:52","2022","浙江省"
"6733","30","科学研究和技术服务业","地方政策-浙江省科学技术厅办公室政策数量","1","17/9/2025 11:12:56","21/10/2025 13:26:53","2022","浙江省"
"6734","19","半导体业","地方政策-杭州市人民政府办公厅政策数量","1","17/9/2025 11:12:56","21/10/2025 13:26:53","2022","浙江省"
"6735","13","电力、热力、燃气及水生产和供应业","地方政策-浙江省人民政府办公厅政策数量","1","17/9/2025 11:12:56","21/10/2025 13:26:53","2022","浙江省"
"6736","1","医药制造业","地方政策-杭州市人民政府办公厅政策数量","1","17/9/2025 11:12:56","21/10/2025 13:26:53","2022","浙江省"
"6737","13","电力、热力、燃气及水生产和供应业","地方政策-海宁市人民政府办公室政策数量","1","17/9/2025 11:12:56","21/10/2025 13:26:53","2022","浙江省"
"6738","1","医药制造业","地方政策-区投促局政策数量","1","17/9/2025 11:12:56","21/10/2025 13:26:53","2022","浙江省"
"6739","30","科学研究和技术服务业","地方政策-浙江省科学技术厅政策数量","2","17/9/2025 11:12:56","21/10/2025 13:26:53","2022","浙江省"
"6740","30","科学研究和技术服务业","地方政策-中共浙江省委人才工作领导小组办公室政策数量","1","17/9/2025 11:12:56","21/10/2025 13:26:53","2022","浙江省"
"6741","30","科学研究和技术服务业","地方政策-浙江省教育厅政策数量","1","17/9/2025 11:12:56","21/10/2025 13:26:53","2022","浙江省"
"6742","30","科学研究和技术服务业","地方政策-浙江省财政厅政策数量","2","17/9/2025 11:12:56","21/10/2025 13:26:53","2022","浙江省"
"6743","30","科学研究和技术服务业","地方政策-浙江省人力资源和社会保障厅政策数量","1","17/9/2025 11:12:56","21/10/2025 13:26:53","2022","浙江省"
"6744","30","科学研究和技术服务业","地方政策-浙江省科学技术协会政策数量","1","17/9/2025 11:12:56","21/10/2025 13:26:53","2022","浙江省"
"6745","3","信息传输、软件和信息技术服务业","地方政策-浙江省发展和改革委员会政策数量","1","17/9/2025 11:12:56","21/10/2025 13:26:52","2022","浙江省"
"6746",,"互联网和相关服务","地方政策-浙江省发展和改革委员会政策数量","1","17/9/2025 11:12:56","17/9/2025 11:12:56","2022","浙江省"
"6747","3","信息传输、软件和信息技术服务业","地方政策-中共浙江省委网络安全和信息化委员会办公室政策数量","1","17/9/2025 11:12:56","21/10/2025 13:26:52","2022","浙江省"
"6748",,"互联网和相关服务","地方政策-中共浙江省委网络安全和信息化委员会办公室政策数量","1","17/9/2025 11:12:56","17/9/2025 11:12:56","2022","浙江省"
"6749","3","信息传输、软件和信息技术服务业","地方政策-浙江省经济和信息化厅政策数量","1","17/9/2025 11:12:56","21/10/2025 13:26:52","2022","浙江省"
"6750",,"互联网和相关服务","地方政策-浙江省经济和信息化厅政策数量","1","17/9/2025 11:12:56","17/9/2025 11:12:56","2022","浙江省"
"6751","3","信息传输、软件和信息技术服务业","地方政策-浙江省科学技术厅政策数量","1","17/9/2025 11:12:56","21/10/2025 13:26:52","2022","浙江省"
"6752",,"互联网和相关服务","地方政策-浙江省科学技术厅政策数量","1","17/9/2025 11:12:57","17/9/2025 11:12:57","2022","浙江省"
"6753","3","信息传输、软件和信息技术服务业","地方政策-浙江省市场监督管理局政策数量","1","17/9/2025 11:12:57","21/10/2025 13:26:52","2022","浙江省"
"6754",,"互联网和相关服务","地方政策-浙江省市场监督管理局政策数量","1","17/9/2025 11:12:57","17/9/2025 11:12:57","2022","浙江省"
"6755","30","科学研究和技术服务业","地方政策-浙江省发展和改革委员会政策数量","1","17/9/2025 11:12:57","21/10/2025 13:26:53","2022","浙江省"
"6756","30","科学研究和技术服务业","地方政策-浙江省经济和信息化厅政策数量","1","17/9/2025 11:12:57","21/10/2025 13:26:53","2022","浙江省"
"6757","30","科学研究和技术服务业","地方政策-浙江省人民政府国有资产监督管理委员会政策数量","1","17/9/2025 11:12:57","21/10/2025 13:26:53","2022","浙江省"
"6758","30","科学研究和技术服务业","地方政策-国家税务总局浙江省税务局政策数量","1","17/9/2025 11:12:57","21/10/2025 13:26:53","2022","浙江省"
"6759","30","科学研究和技术服务业","地方政策-中国人民银行杭州中心支行政策数量","1","17/9/2025 11:12:57","21/10/2025 13:26:53","2022","浙江省"
"6760",,,"发布政策数量","9","17/9/2025 11:12:57","17/9/2025 11:12:57","2022","湖北省"
"6761",,,"地方政策政策数量","9","17/9/2025 11:12:57","17/9/2025 11:12:57","2022","湖北省"
"6762",,,"湖北省人民政府办公厅发布政策数量","2","17/9/2025 11:12:57","17/9/2025 11:12:57","2022","湖北省"
"6763",,,"湖北省科技厅发布政策数量","1","17/9/2025 11:12:57","17/9/2025 11:12:57","2022","湖北省"
"6764",,,"武汉市人民政府发布政策数量","4","17/9/2025 11:12:57","17/9/2025 11:12:57","2022","湖北省"
"6765",,,"湖北省人民政府发布政策数量","1","17/9/2025 11:12:57","17/9/2025 11:12:57","2022","湖北省"
"6766",,,"湖北省发展和改革委员会发布政策数量","1","17/9/2025 11:12:57","17/9/2025 11:12:57","2022","湖北省"
"6767",,,"湖北省能源局发布政策数量","1","17/9/2025 11:12:58","17/9/2025 11:12:58","2022","湖北省"
"6768","3","信息传输、软件和信息技术服务业","政策数量","5","17/9/2025 11:12:58","21/10/2025 13:26:52","2022","湖北省"
"6769",,"互联网和相关服务","政策数量","2","17/9/2025 11:12:58","17/9/2025 11:12:58","2022","湖北省"
"6770","30","科学研究和技术服务业","政策数量","2","17/9/2025 11:12:58","21/10/2025 13:26:53","2022","湖北省"
"6771","13","电力、热力、燃气及水生产和供应业","政策数量","2","17/9/2025 11:12:58","21/10/2025 13:26:53","2022","湖北省"
"6772","12","汽车制造业","政策数量","2","17/9/2025 11:12:58","21/10/2025 13:26:53","2022","湖北省"
"6773","2","化学原料和化学制品制造业","政策数量","2","17/9/2025 11:12:58","21/10/2025 13:26:53","2022","湖北省"
"6774","27","铁路、船舶、航空航天和其他运输设备制造业","政策数量","2","17/9/2025 11:12:58","21/10/2025 13:26:53","2022","湖北省"
"6775","34","农、林、牧、渔业","政策数量","1","17/9/2025 11:12:58","21/10/2025 13:26:53","2022","湖北省"
"6776","21","通信传输设备业","政策数量","1","17/9/2025 11:12:58","21/10/2025 13:26:53","2022","湖北省"
"6777",,"电信、广播电视和卫星传输服务","政策数量","1","17/9/2025 11:12:58","17/9/2025 11:12:58","2022","湖北省"
"6778","5","专用设备制造业","政策数量","1","17/9/2025 11:12:58","21/10/2025 13:26:53","2022","湖北省"
"6779","18","通用设备制造业","政策数量","1","17/9/2025 11:12:58","21/10/2025 13:26:53","2022","湖北省"
"6780","1","医药制造业","政策数量","1","17/9/2025 11:12:58","21/10/2025 13:26:53","2022","湖北省"
"6781","32","仪器仪表制造业","政策数量","1","17/9/2025 11:12:58","21/10/2025 13:26:53","2022","湖北省"
"6782",,,"地方政策-湖北省人民政府办公厅政策数量","2","17/9/2025 11:12:58","17/9/2025 11:12:58","2022","湖北省"
"6783",,,"地方政策-湖北省科技厅政策数量","1","17/9/2025 11:12:58","17/9/2025 11:12:58","2022","湖北省"
"6784",,,"地方政策-武汉市人民政府政策数量","4","17/9/2025 11:12:58","17/9/2025 11:12:58","2022","湖北省"
"6785",,,"地方政策-湖北省人民政府政策数量","1","17/9/2025 11:12:59","17/9/2025 11:12:59","2022","湖北省"
"6786",,,"地方政策-湖北省发展和改革委员会政策数量","1","17/9/2025 11:12:59","17/9/2025 11:12:59","2022","湖北省"
"6787",,,"地方政策-湖北省能源局政策数量","1","17/9/2025 11:12:59","17/9/2025 11:12:59","2022","湖北省"
"6788","3","信息传输、软件和信息技术服务业","地方政策政策数量","5","17/9/2025 11:12:59","21/10/2025 13:26:52","2022","湖北省"
"6789","21","通信传输设备业","地方政策政策数量","1","17/9/2025 11:12:59","21/10/2025 13:26:53","2022","湖北省"
"6790","30","科学研究和技术服务业","地方政策政策数量","2","17/9/2025 11:12:59","21/10/2025 13:26:53","2022","湖北省"
"6791","12","汽车制造业","地方政策政策数量","2","17/9/2025 11:12:59","21/10/2025 13:26:53","2022","湖北省"
"6792","2","化学原料和化学制品制造业","地方政策政策数量","2","17/9/2025 11:12:59","21/10/2025 13:26:53","2022","湖北省"
"6793","1","医药制造业","地方政策政策数量","1","17/9/2025 11:12:59","21/10/2025 13:26:53","2022","湖北省"
"6794","27","铁路、船舶、航空航天和其他运输设备制造业","地方政策政策数量","2","17/9/2025 11:12:59","21/10/2025 13:26:53","2022","湖北省"
"6795","34","农、林、牧、渔业","地方政策政策数量","1","17/9/2025 11:13:00","21/10/2025 13:26:53","2022","湖北省"
"6796",,"互联网和相关服务","地方政策政策数量","2","17/9/2025 11:13:00","17/9/2025 11:13:00","2022","湖北省"
"6797",,"电信、广播电视和卫星传输服务","地方政策政策数量","1","17/9/2025 11:13:00","17/9/2025 11:13:00","2022","湖北省"
"6798","13","电力、热力、燃气及水生产和供应业","地方政策政策数量","2","17/9/2025 11:13:00","21/10/2025 13:26:53","2022","湖北省"
"6799","5","专用设备制造业","地方政策政策数量","1","17/9/2025 11:13:00","21/10/2025 13:26:53","2022","湖北省"
"6800","18","通用设备制造业","地方政策政策数量","1","17/9/2025 11:13:00","21/10/2025 13:26:53","2022","湖北省"
"6801","32","仪器仪表制造业","地方政策政策数量","1","17/9/2025 11:13:00","21/10/2025 13:26:53","2022","湖北省"
"6802","3","信息传输、软件和信息技术服务业","地方政策-湖北省人民政府办公厅政策数量","1","17/9/2025 11:13:00","21/10/2025 13:26:52","2022","湖北省"
"6803","21","通信传输设备业","地方政策-湖北省人民政府办公厅政策数量","1","17/9/2025 11:13:00","21/10/2025 13:26:53","2022","湖北省"
"6804","30","科学研究和技术服务业","地方政策-湖北省人民政府办公厅政策数量","1","17/9/2025 11:13:00","21/10/2025 13:26:53","2022","湖北省"
"6805","3","信息传输、软件和信息技术服务业","地方政策-湖北省科技厅政策数量","1","17/9/2025 11:13:00","21/10/2025 13:26:52","2022","湖北省"
"6806","12","汽车制造业","地方政策-湖北省科技厅政策数量","1","17/9/2025 11:13:00","21/10/2025 13:26:53","2022","湖北省"
"6807","2","化学原料和化学制品制造业","地方政策-湖北省科技厅政策数量","1","17/9/2025 11:13:00","21/10/2025 13:26:53","2022","湖北省"
"6808","1","医药制造业","地方政策-湖北省科技厅政策数量","1","17/9/2025 11:13:00","21/10/2025 13:26:53","2022","湖北省"
"6809","27","铁路、船舶、航空航天和其他运输设备制造业","地方政策-湖北省科技厅政策数量","1","17/9/2025 11:13:00","21/10/2025 13:26:53","2022","湖北省"
"6810","34","农、林、牧、渔业","地方政策-湖北省科技厅政策数量","1","17/9/2025 11:13:00","21/10/2025 13:26:53","2022","湖北省"
"6811","30","科学研究和技术服务业","地方政策-武汉市人民政府政策数量","1","17/9/2025 11:13:00","21/10/2025 13:26:53","2022","湖北省"
"6812","3","信息传输、软件和信息技术服务业","地方政策-武汉市人民政府政策数量","3","17/9/2025 11:13:00","21/10/2025 13:26:52","2022","湖北省"
"6813",,"互联网和相关服务","地方政策-武汉市人民政府政策数量","2","17/9/2025 11:13:00","17/9/2025 11:13:00","2022","湖北省"
"6814",,"电信、广播电视和卫星传输服务","地方政策-武汉市人民政府政策数量","1","17/9/2025 11:13:01","17/9/2025 11:13:01","2022","湖北省"
"6815","13","电力、热力、燃气及水生产和供应业","地方政策-湖北省人民政府政策数量","1","17/9/2025 11:13:01","21/10/2025 13:26:53","2022","湖北省"
"6816","12","汽车制造业","地方政策-湖北省发展和改革委员会政策数量","1","17/9/2025 11:13:01","21/10/2025 13:26:53","2022","湖北省"
"6817","27","铁路、船舶、航空航天和其他运输设备制造业","地方政策-湖北省发展和改革委员会政策数量","1","17/9/2025 11:13:01","21/10/2025 13:26:53","2022","湖北省"
"6818","13","电力、热力、燃气及水生产和供应业","地方政策-湖北省发展和改革委员会政策数量","1","17/9/2025 11:13:01","21/10/2025 13:26:53","2022","湖北省"
"6819","2","化学原料和化学制品制造业","地方政策-湖北省发展和改革委员会政策数量","1","17/9/2025 11:13:01","21/10/2025 13:26:53","2022","湖北省"
"6820","5","专用设备制造业","地方政策-湖北省发展和改革委员会政策数量","1","17/9/2025 11:13:01","21/10/2025 13:26:53","2022","湖北省"
"6821","18","通用设备制造业","地方政策-湖北省发展和改革委员会政策数量","1","17/9/2025 11:13:01","21/10/2025 13:26:53","2022","湖北省"
"6822","32","仪器仪表制造业","地方政策-湖北省发展和改革委员会政策数量","1","17/9/2025 11:13:01","21/10/2025 13:26:53","2022","湖北省"
"6823","12","汽车制造业","地方政策-湖北省能源局政策数量","1","17/9/2025 11:13:01","21/10/2025 13:26:53","2022","湖北省"
"6824","27","铁路、船舶、航空航天和其他运输设备制造业","地方政策-湖北省能源局政策数量","1","17/9/2025 11:13:01","21/10/2025 13:26:53","2022","湖北省"
"6825","13","电力、热力、燃气及水生产和供应业","地方政策-湖北省能源局政策数量","1","17/9/2025 11:13:01","21/10/2025 13:26:53","2022","湖北省"
"6826","2","化学原料和化学制品制造业","地方政策-湖北省能源局政策数量","1","17/9/2025 11:13:01","21/10/2025 13:26:53","2022","湖北省"
"6827","5","专用设备制造业","地方政策-湖北省能源局政策数量","1","17/9/2025 11:13:01","21/10/2025 13:26:53","2022","湖北省"
"6828","18","通用设备制造业","地方政策-湖北省能源局政策数量","1","17/9/2025 11:13:01","21/10/2025 13:26:53","2022","湖北省"
"6829","32","仪器仪表制造业","地方政策-湖北省能源局政策数量","1","17/9/2025 11:13:01","21/10/2025 13:26:53","2022","湖北省"
"6830",,,"发布政策数量","30","17/9/2025 11:13:02","17/9/2025 11:13:02","2022","上海市"
"6831",,,"地方政策政策数量","30","17/9/2025 11:13:02","17/9/2025 11:13:02","2022","上海市"
"6832",,,"上海市经济和信息化委员会发布政策数量","10","17/9/2025 11:13:02","17/9/2025 11:13:02","2022","上海市"
"6833",,,"中国（上海）自由贸易试验区临港新片区管委会发布政策数量","1","17/9/2025 11:13:02","17/9/2025 11:13:02","2022","上海市"
"6834",,,"上海市发展和改革委员会发布政策数量","7","17/9/2025 11:13:02","17/9/2025 11:13:02","2022","上海市"
"6835",,,"上海市人民政府发布政策数量","6","17/9/2025 11:13:02","17/9/2025 11:13:02","2022","上海市"
"6836",,,"上海市人民政府办公厅发布政策数量","7","17/9/2025 11:13:02","17/9/2025 11:13:02","2022","上海市"
"6837",,,"上海市科学技术委员会发布政策数量","6","17/9/2025 11:13:02","17/9/2025 11:13:02","2022","上海市"
"6838",,,"上海市规划和自然资源局发布政策数量","1","17/9/2025 11:13:02","17/9/2025 11:13:02","2022","上海市"
"6839",,,"上海市住房和城乡建设管理委员会发布政策数量","2","17/9/2025 11:13:02","17/9/2025 11:13:02","2022","上海市"
"6840",,,"上海市交通委员会发布政策数量","2","17/9/2025 11:13:03","17/9/2025 11:13:03","2022","上海市"
"6841",,,"上海市应急管理局发布政策数量","1","17/9/2025 11:13:03","17/9/2025 11:13:03","2022","上海市"
"6842",,,"上海市市场监督管理局发布政策数量","1","17/9/2025 11:13:03","17/9/2025 11:13:03","2022","上海市"
"6843",,,"财政部发布政策数量","1","17/9/2025 11:13:03","17/9/2025 11:13:03","2022","上海市"
"6844",,,"科技部发布政策数量","1","17/9/2025 11:13:03","17/9/2025 11:13:03","2022","上海市"
"6845",,,"民政部发布政策数量","1","17/9/2025 11:13:03","17/9/2025 11:13:03","2022","上海市"
"6846",,,"商务部发布政策数量","1","17/9/2025 11:13:03","17/9/2025 11:13:03","2022","上海市"
"6847",,,"海关总署发布政策数量","1","17/9/2025 11:13:03","17/9/2025 11:13:03","2022","上海市"
"6848",,,"税务总局发布政策数量","1","17/9/2025 11:13:03","17/9/2025 11:13:03","2022","上海市"
"6849",,,"上海市财政局发布政策数量","2","17/9/2025 11:13:03","17/9/2025 11:13:03","2022","上海市"
"6850",,,"上海市人民代表大会常务委员会发布政策数量","1","17/9/2025 11:13:03","17/9/2025 11:13:03","2022","上海市"
"6851",,,"上海市生态环境局发布政策数量","3","17/9/2025 11:13:03","17/9/2025 11:13:03","2022","上海市"
"6852",,,"区政府办公室发布政策数量","1","17/9/2025 11:13:03","17/9/2025 11:13:03","2022","上海市"
"6853",,,"上海市卫生健康委员会发布政策数量","1","17/9/2025 11:13:03","17/9/2025 11:13:03","2022","上海市"
"6854",,,"上海市第十五届人民代表大会常务委员会发布政策数量","1","17/9/2025 11:13:03","17/9/2025 11:13:03","2022","上海市"
"6855",,,"上海市互联网信息办公室发布政策数量","1","17/9/2025 11:13:03","17/9/2025 11:13:03","2022","上海市"
"6856",,,"江苏省科学技术厅发布政策数量","1","17/9/2025 11:13:04","17/9/2025 11:13:04","2022","上海市"
"6857",,,"浙江省科学技术厅发布政策数量","1","17/9/2025 11:13:04","17/9/2025 11:13:04","2022","上海市"
"6858",,,"安徽省科学技术厅发布政策数量","1","17/9/2025 11:13:04","17/9/2025 11:13:04","2022","上海市"
"6859","3","信息传输、软件和信息技术服务业","政策数量","15","17/9/2025 11:13:04","21/10/2025 13:26:52","2022","上海市"
"6860","30","科学研究和技术服务业","政策数量","13","17/9/2025 11:13:04","21/10/2025 13:26:53","2022","上海市"
"6861","1","医药制造业","政策数量","11","17/9/2025 11:13:04","21/10/2025 13:26:53","2022","上海市"
"6862","12","汽车制造业","政策数量","7","17/9/2025 11:13:04","21/10/2025 13:26:53","2022","上海市"
"6863","13","电力、热力、燃气及水生产和供应业","政策数量","7","17/9/2025 11:13:04","21/10/2025 13:26:53","2022","上海市"
"6864","5","专用设备制造业","政策数量","7","17/9/2025 11:13:04","21/10/2025 13:26:53","2022","上海市"
"6865",,"互联网和相关服务","政策数量","7","17/9/2025 11:13:04","17/9/2025 11:13:04","2022","上海市"
"6866","18","通用设备制造业","政策数量","6","17/9/2025 11:13:04","21/10/2025 13:26:53","2022","上海市"
"6867","19","半导体业","政策数量","5","17/9/2025 11:13:04","21/10/2025 13:26:53","2022","上海市"
"6868","32","仪器仪表制造业","政策数量","5","17/9/2025 11:13:04","21/10/2025 13:26:53","2022","上海市"
"6869","2","化学原料和化学制品制造业","政策数量","4","17/9/2025 11:13:04","21/10/2025 13:26:53","2022","上海市"
"6870","45","石油加工、炼焦和核燃料加工业","政策数量","4","17/9/2025 11:13:04","21/10/2025 13:26:53","2022","上海市"
"6871","17","交通运输、仓储和邮政业","政策数量","4","17/9/2025 11:13:05","21/10/2025 13:26:53","2022","上海市"
"6872","27","铁路、船舶、航空航天和其他运输设备制造业","政策数量","4","17/9/2025 11:13:05","21/10/2025 13:26:53","2022","上海市"
"6873","21","通信传输设备业","政策数量","3","17/9/2025 11:13:05","21/10/2025 13:26:53","2022","上海市"
"6874","29","金属冶炼和压延加工业","政策数量","3","17/9/2025 11:13:05","21/10/2025 13:26:53","2022","上海市"
"6875",,"电信、广播电视和卫星传输服务","政策数量","3","17/9/2025 11:13:05","17/9/2025 11:13:05","2022","上海市"
"6876","7","金融业","政策数量","2","17/9/2025 11:13:05","21/10/2025 13:26:52","2022","上海市"
"6877","22","非金属矿物制品业","政策数量","2","17/9/2025 11:13:05","21/10/2025 13:26:53","2022","上海市"
"6878","20","租赁和商务服务业","政策数量","2","17/9/2025 11:13:05","21/10/2025 13:26:53","2022","上海市"
"6879","9","批发和零售业","政策数量","2","17/9/2025 11:13:05","21/10/2025 13:26:53","2022","上海市"
"6880","33","文化、体育和娱乐业","政策数量","2","17/9/2025 11:13:05","21/10/2025 13:26:53","2022","上海市"
"6881","43","化学纤维制造业","政策数量","2","17/9/2025 11:13:06","21/10/2025 13:26:53","2022","上海市"
"6882","36","造纸和纸制品业","政策数量","1","17/9/2025 11:13:06","21/10/2025 13:26:53","2022","上海市"
"6883","41","文教、工美、体育和娱乐用品制造业","政策数量","1","17/9/2025 11:13:06","21/10/2025 13:26:53","2022","上海市"
"6884","16","建筑业","政策数量","1","17/9/2025 11:13:06","21/10/2025 13:26:53","2022","上海市"
"6885","35","卫生和社会工作","政策数量","1","17/9/2025 11:13:06","21/10/2025 13:26:53","2022","上海市"
"6886","26","金属制品业","政策数量","1","17/9/2025 11:13:06","21/10/2025 13:26:53","2022","上海市"
"6887","28","水利、环境和公共设施管理业","政策数量","1","17/9/2025 11:13:06","21/10/2025 13:26:52","2022","上海市"
"6888","23","橡胶和塑料制品业","政策数量","1","17/9/2025 11:13:06","21/10/2025 13:26:53","2022","上海市"
"6889","25","其他制造业","政策数量","1","17/9/2025 11:13:06","21/10/2025 13:26:53","2022","上海市"
"6890","46","废弃资源综合利用业","政策数量","1","17/9/2025 11:13:06","21/10/2025 13:26:53","2022","上海市"
"6891","34","农、林、牧、渔业","政策数量","1","17/9/2025 11:13:06","21/10/2025 13:26:53","2022","上海市"
"6892","15","纺织鞋服业","政策数量","1","17/9/2025 11:13:06","21/10/2025 13:26:53","2022","上海市"
"6893","38","家具制造业","政策数量","1","17/9/2025 11:13:06","21/10/2025 13:26:53","2022","上海市"
"6895",,,"地方政策-上海市经济和信息化委员会政策数量","10","17/9/2025 11:13:06","17/9/2025 11:13:06","2022","上海市"
"6896",,,"地方政策-中国（上海）自由贸易试验区临港新片区管委会政策数量","1","17/9/2025 11:13:07","17/9/2025 11:13:07","2022","上海市"
"6897",,,"地方政策-上海市发展和改革委员会政策数量","7","17/9/2025 11:13:07","17/9/2025 11:13:07","2022","上海市"
"6898",,,"地方政策-上海市人民政府政策数量","6","17/9/2025 11:13:07","17/9/2025 11:13:07","2022","上海市"
"6899",,,"地方政策-上海市人民政府办公厅政策数量","7","17/9/2025 11:13:07","17/9/2025 11:13:07","2022","上海市"
"6900",,,"地方政策-上海市科学技术委员会政策数量","6","17/9/2025 11:13:07","17/9/2025 11:13:07","2022","上海市"
"6901",,,"地方政策-上海市规划和自然资源局政策数量","1","17/9/2025 11:13:07","17/9/2025 11:13:07","2022","上海市"
"6902",,,"地方政策-上海市住房和城乡建设管理委员会政策数量","2","17/9/2025 11:13:07","17/9/2025 11:13:07","2022","上海市"
"6903",,,"地方政策-上海市交通委员会政策数量","2","17/9/2025 11:13:07","17/9/2025 11:13:07","2022","上海市"
"6904",,,"地方政策-上海市应急管理局政策数量","1","17/9/2025 11:13:07","17/9/2025 11:13:07","2022","上海市"
"6905",,,"地方政策-上海市市场监督管理局政策数量","1","17/9/2025 11:13:07","17/9/2025 11:13:07","2022","上海市"
"6906",,,"地方政策-财政部政策数量","1","17/9/2025 11:13:07","17/9/2025 11:13:07","2022","上海市"
"6907",,,"地方政策-科技部政策数量","1","17/9/2025 11:13:07","17/9/2025 11:13:07","2022","上海市"
"6908",,,"地方政策-民政部政策数量","1","17/9/2025 11:13:07","17/9/2025 11:13:07","2022","上海市"
"6909",,,"地方政策-商务部政策数量","1","17/9/2025 11:13:08","17/9/2025 11:13:08","2022","上海市"
"6910",,,"地方政策-海关总署政策数量","1","17/9/2025 11:13:08","17/9/2025 11:13:08","2022","上海市"
"6911",,,"地方政策-税务总局政策数量","1","17/9/2025 11:13:08","17/9/2025 11:13:08","2022","上海市"
"6912",,,"地方政策-上海市财政局政策数量","2","17/9/2025 11:13:08","17/9/2025 11:13:08","2022","上海市"
"6913",,,"地方政策-上海市人民代表大会常务委员会政策数量","1","17/9/2025 11:13:08","17/9/2025 11:13:08","2022","上海市"
"6914",,,"地方政策-上海市生态环境局政策数量","3","17/9/2025 11:13:08","17/9/2025 11:13:08","2022","上海市"
"6915",,,"地方政策-区政府办公室政策数量","1","17/9/2025 11:13:08","17/9/2025 11:13:08","2022","上海市"
"6916",,,"地方政策-上海市卫生健康委员会政策数量","1","17/9/2025 11:13:08","17/9/2025 11:13:08","2022","上海市"
"6917",,,"地方政策-上海市第十五届人民代表大会常务委员会政策数量","1","17/9/2025 11:13:08","17/9/2025 11:13:08","2022","上海市"
"6918",,,"地方政策-上海市互联网信息办公室政策数量","1","17/9/2025 11:13:09","17/9/2025 11:13:09","2022","上海市"
"6919",,,"地方政策-江苏省科学技术厅政策数量","1","17/9/2025 11:13:09","17/9/2025 11:13:09","2022","上海市"
"6920",,,"地方政策-浙江省科学技术厅政策数量","1","17/9/2025 11:13:09","17/9/2025 11:13:09","2022","上海市"
"6921",,,"地方政策-安徽省科学技术厅政策数量","1","17/9/2025 11:13:09","17/9/2025 11:13:09","2022","上海市"
"6922","3","信息传输、软件和信息技术服务业","地方政策政策数量","15","17/9/2025 11:13:09","21/10/2025 13:26:52","2022","上海市"
"6923","1","医药制造业","地方政策政策数量","11","17/9/2025 11:13:09","21/10/2025 13:26:53","2022","上海市"
"6924","12","汽车制造业","地方政策政策数量","7","17/9/2025 11:13:09","21/10/2025 13:26:53","2022","上海市"
"6925","5","专用设备制造业","地方政策政策数量","7","17/9/2025 11:13:09","21/10/2025 13:26:53","2022","上海市"
"6926","18","通用设备制造业","地方政策政策数量","6","17/9/2025 11:13:09","21/10/2025 13:26:53","2022","上海市"
"6927","27","铁路、船舶、航空航天和其他运输设备制造业","地方政策政策数量","4","17/9/2025 11:13:10","21/10/2025 13:26:53","2022","上海市"
"6928","32","仪器仪表制造业","地方政策政策数量","5","17/9/2025 11:13:10","21/10/2025 13:26:53","2022","上海市"
"6929","2","化学原料和化学制品制造业","地方政策政策数量","4","17/9/2025 11:13:10","21/10/2025 13:26:53","2022","上海市"
"6930","22","非金属矿物制品业","地方政策政策数量","2","17/9/2025 11:13:10","21/10/2025 13:26:53","2022","上海市"
"6931","29","金属冶炼和压延加工业","地方政策政策数量","3","17/9/2025 11:13:10","21/10/2025 13:26:53","2022","上海市"
"6932","26","金属制品业","地方政策政策数量","1","17/9/2025 11:13:10","21/10/2025 13:26:53","2022","上海市"
"6933","23","橡胶和塑料制品业","地方政策政策数量","1","17/9/2025 11:13:10","21/10/2025 13:26:53","2022","上海市"
"6934","43","化学纤维制造业","地方政策政策数量","2","17/9/2025 11:13:10","21/10/2025 13:26:53","2022","上海市"
"6935","15","纺织鞋服业","地方政策政策数量","1","17/9/2025 11:13:10","21/10/2025 13:26:53","2022","上海市"
"6936","38","家具制造业","地方政策政策数量","1","17/9/2025 11:13:10","21/10/2025 13:26:53","2022","上海市"
"6937","36","造纸和纸制品业","地方政策政策数量","1","17/9/2025 11:13:11","21/10/2025 13:26:53","2022","上海市"
"6938","41","文教、工美、体育和娱乐用品制造业","地方政策政策数量","1","17/9/2025 11:13:11","21/10/2025 13:26:53","2022","上海市"
"6939","45","石油加工、炼焦和核燃料加工业","地方政策政策数量","4","17/9/2025 11:13:11","21/10/2025 13:26:53","2022","上海市"
"6940","13","电力、热力、燃气及水生产和供应业","地方政策政策数量","7","17/9/2025 11:13:11","21/10/2025 13:26:53","2022","上海市"
"6941","25","其他制造业","地方政策政策数量","1","17/9/2025 11:13:11","21/10/2025 13:26:53","2022","上海市"
"6942",,"互联网和相关服务","地方政策政策数量","7","17/9/2025 11:13:11","17/9/2025 11:13:11","2022","上海市"
"6943",,"电信、广播电视和卫星传输服务","地方政策政策数量","3","17/9/2025 11:13:11","17/9/2025 11:13:11","2022","上海市"
"6944","30","科学研究和技术服务业","地方政策政策数量","13","17/9/2025 11:13:11","21/10/2025 13:26:53","2022","上海市"
"6945","7","金融业","地方政策政策数量","2","17/9/2025 11:13:11","21/10/2025 13:26:52","2022","上海市"
"6946","20","租赁和商务服务业","地方政策政策数量","2","17/9/2025 11:13:11","21/10/2025 13:26:53","2022","上海市"
"6947","9","批发和零售业","地方政策政策数量","2","17/9/2025 11:13:11","21/10/2025 13:26:53","2022","上海市"
"6948","17","交通运输、仓储和邮政业","地方政策政策数量","4","17/9/2025 11:13:11","21/10/2025 13:26:53","2022","上海市"
"6949","33","文化、体育和娱乐业","地方政策政策数量","2","17/9/2025 11:13:11","21/10/2025 13:26:53","2022","上海市"
"6950","34","农、林、牧、渔业","地方政策政策数量","1","17/9/2025 11:13:12","21/10/2025 13:26:53","2022","上海市"
"6951","19","半导体业","地方政策政策数量","5","17/9/2025 11:13:12","21/10/2025 13:26:53","2022","上海市"
"6953","21","通信传输设备业","地方政策政策数量","3","17/9/2025 11:13:12","21/10/2025 13:26:53","2022","上海市"
"6954","16","建筑业","地方政策政策数量","1","17/9/2025 11:13:12","21/10/2025 13:26:53","2022","上海市"
"6955","35","卫生和社会工作","地方政策政策数量","1","17/9/2025 11:13:12","21/10/2025 13:26:53","2022","上海市"
"6956","28","水利、环境和公共设施管理业","地方政策政策数量","1","17/9/2025 11:13:12","21/10/2025 13:26:52","2022","上海市"
"6957","46","废弃资源综合利用业","地方政策政策数量","1","17/9/2025 11:13:12","21/10/2025 13:26:53","2022","上海市"
"6958","3","信息传输、软件和信息技术服务业","地方政策-上海市经济和信息化委员会政策数量","3","17/9/2025 11:13:12","21/10/2025 13:26:52","2022","上海市"
"6959","1","医药制造业","地方政策-上海市经济和信息化委员会政策数量","3","17/9/2025 11:13:12","21/10/2025 13:26:53","2022","上海市"
"6960","12","汽车制造业","地方政策-上海市经济和信息化委员会政策数量","2","17/9/2025 11:13:12","21/10/2025 13:26:53","2022","上海市"
"6961","5","专用设备制造业","地方政策-上海市经济和信息化委员会政策数量","2","17/9/2025 11:13:12","21/10/2025 13:26:53","2022","上海市"
"6962","18","通用设备制造业","地方政策-上海市经济和信息化委员会政策数量","2","17/9/2025 11:13:12","21/10/2025 13:26:53","2022","上海市"
"6963","27","铁路、船舶、航空航天和其他运输设备制造业","地方政策-上海市经济和信息化委员会政策数量","1","17/9/2025 11:13:12","21/10/2025 13:26:53","2022","上海市"
"6964","32","仪器仪表制造业","地方政策-上海市经济和信息化委员会政策数量","1","17/9/2025 11:13:12","21/10/2025 13:26:53","2022","上海市"
"6965","2","化学原料和化学制品制造业","地方政策-上海市经济和信息化委员会政策数量","2","17/9/2025 11:13:12","21/10/2025 13:26:53","2022","上海市"
"6966","22","非金属矿物制品业","地方政策-上海市经济和信息化委员会政策数量","1","17/9/2025 11:13:12","21/10/2025 13:26:53","2022","上海市"
"6967","29","金属冶炼和压延加工业","地方政策-上海市经济和信息化委员会政策数量","2","17/9/2025 11:13:12","21/10/2025 13:26:53","2022","上海市"
"6968","26","金属制品业","地方政策-上海市经济和信息化委员会政策数量","1","17/9/2025 11:13:12","21/10/2025 13:26:53","2022","上海市"
"6969","23","橡胶和塑料制品业","地方政策-上海市经济和信息化委员会政策数量","1","17/9/2025 11:13:12","21/10/2025 13:26:53","2022","上海市"
"6970","43","化学纤维制造业","地方政策-上海市经济和信息化委员会政策数量","1","17/9/2025 11:13:13","21/10/2025 13:26:53","2022","上海市"
"6971","15","纺织鞋服业","地方政策-上海市经济和信息化委员会政策数量","1","17/9/2025 11:13:13","21/10/2025 13:26:53","2022","上海市"
"6972","38","家具制造业","地方政策-上海市经济和信息化委员会政策数量","1","17/9/2025 11:13:13","21/10/2025 13:26:53","2022","上海市"
"6973","36","造纸和纸制品业","地方政策-上海市经济和信息化委员会政策数量","1","17/9/2025 11:13:13","21/10/2025 13:26:53","2022","上海市"
"6974","41","文教、工美、体育和娱乐用品制造业","地方政策-上海市经济和信息化委员会政策数量","1","17/9/2025 11:13:13","21/10/2025 13:26:53","2022","上海市"
"6975","45","石油加工、炼焦和核燃料加工业","地方政策-上海市经济和信息化委员会政策数量","2","17/9/2025 11:13:13","21/10/2025 13:26:53","2022","上海市"
"6976","13","电力、热力、燃气及水生产和供应业","地方政策-上海市经济和信息化委员会政策数量","5","17/9/2025 11:13:13","21/10/2025 13:26:53","2022","上海市"
"6977","25","其他制造业","地方政策-上海市经济和信息化委员会政策数量","1","17/9/2025 11:13:13","21/10/2025 13:26:53","2022","上海市"
"6978",,"互联网和相关服务","地方政策-上海市经济和信息化委员会政策数量","1","17/9/2025 11:13:13","17/9/2025 11:13:13","2022","上海市"
"6979",,"电信、广播电视和卫星传输服务","地方政策-上海市经济和信息化委员会政策数量","1","17/9/2025 11:13:13","17/9/2025 11:13:13","2022","上海市"
"6980","3","信息传输、软件和信息技术服务业","地方政策-上海市发展和改革委员会政策数量","2","17/9/2025 11:13:13","21/10/2025 13:26:52","2022","上海市"
"6981",,"互联网和相关服务","地方政策-上海市发展和改革委员会政策数量","1","17/9/2025 11:13:13","17/9/2025 11:13:13","2022","上海市"
"6982",,"电信、广播电视和卫星传输服务","地方政策-上海市发展和改革委员会政策数量","1","17/9/2025 11:13:13","17/9/2025 11:13:13","2022","上海市"
"6983","3","信息传输、软件和信息技术服务业","地方政策-上海市人民政府政策数量","4","17/9/2025 11:13:13","21/10/2025 13:26:52","2022","上海市"
"6984",,"互联网和相关服务","地方政策-上海市人民政府政策数量","1","17/9/2025 11:13:13","17/9/2025 11:13:13","2022","上海市"
"6985","30","科学研究和技术服务业","地方政策-上海市人民政府政策数量","3","17/9/2025 11:13:13","21/10/2025 13:26:53","2022","上海市"
"6986","7","金融业","地方政策-上海市人民政府政策数量","1","17/9/2025 11:13:13","21/10/2025 13:26:52","2022","上海市"
"6987","20","租赁和商务服务业","地方政策-上海市人民政府政策数量","2","17/9/2025 11:13:13","21/10/2025 13:26:53","2022","上海市"
"6988","9","批发和零售业","地方政策-上海市人民政府政策数量","1","17/9/2025 11:13:13","21/10/2025 13:26:53","2022","上海市"
"6989","17","交通运输、仓储和邮政业","地方政策-上海市人民政府政策数量","1","17/9/2025 11:13:14","21/10/2025 13:26:53","2022","上海市"
"6990","33","文化、体育和娱乐业","地方政策-上海市人民政府政策数量","2","17/9/2025 11:13:14","21/10/2025 13:26:53","2022","上海市"
"6991","3","信息传输、软件和信息技术服务业","地方政策-上海市人民政府办公厅政策数量","3","17/9/2025 11:13:14","21/10/2025 13:26:52","2022","上海市"
"6992",,"互联网和相关服务","地方政策-上海市人民政府办公厅政策数量","2","17/9/2025 11:13:14","17/9/2025 11:13:14","2022","上海市"
"6993","7","金融业","地方政策-上海市人民政府办公厅政策数量","1","17/9/2025 11:13:14","21/10/2025 13:26:52","2022","上海市"
"6994","9","批发和零售业","地方政策-上海市人民政府办公厅政策数量","1","17/9/2025 11:13:14","21/10/2025 13:26:53","2022","上海市"
"6995","30","科学研究和技术服务业","地方政策-上海市人民政府办公厅政策数量","2","17/9/2025 11:13:14","21/10/2025 13:26:53","2022","上海市"
"6996",,"电信、广播电视和卫星传输服务","地方政策-上海市人民政府办公厅政策数量","1","17/9/2025 11:13:14","17/9/2025 11:13:14","2022","上海市"
"6997","13","电力、热力、燃气及水生产和供应业","地方政策-上海市发展和改革委员会政策数量","4","17/9/2025 11:13:14","21/10/2025 13:26:53","2022","上海市"
"6998","13","电力、热力、燃气及水生产和供应业","地方政策-上海市科学技术委员会政策数量","3","17/9/2025 11:13:14","21/10/2025 13:26:53","2022","上海市"
"6999","13","电力、热力、燃气及水生产和供应业","地方政策-上海市规划和自然资源局政策数量","1","17/9/2025 11:13:14","21/10/2025 13:26:53","2022","上海市"
"7000","13","电力、热力、燃气及水生产和供应业","地方政策-上海市住房和城乡建设管理委员会政策数量","2","17/9/2025 11:13:14","21/10/2025 13:26:53","2022","上海市"
"7001","13","电力、热力、燃气及水生产和供应业","地方政策-上海市交通委员会政策数量","2","17/9/2025 11:13:14","21/10/2025 13:26:53","2022","上海市"
"7002","13","电力、热力、燃气及水生产和供应业","地方政策-上海市应急管理局政策数量","1","17/9/2025 11:13:14","21/10/2025 13:26:53","2022","上海市"
"7003","13","电力、热力、燃气及水生产和供应业","地方政策-上海市市场监督管理局政策数量","1","17/9/2025 11:13:14","21/10/2025 13:26:53","2022","上海市"
"7004","1","医药制造业","地方政策-上海市人民政府政策数量","2","17/9/2025 11:13:14","21/10/2025 13:26:53","2022","上海市"
"7005","2","化学原料和化学制品制造业","地方政策-上海市人民政府政策数量","1","17/9/2025 11:13:14","21/10/2025 13:26:53","2022","上海市"
"7006","5","专用设备制造业","地方政策-上海市人民政府政策数量","2","17/9/2025 11:13:14","21/10/2025 13:26:53","2022","上海市"
"7007","27","铁路、船舶、航空航天和其他运输设备制造业","地方政策-上海市人民政府政策数量","2","17/9/2025 11:13:14","21/10/2025 13:26:53","2022","上海市"
"7008","34","农、林、牧、渔业","地方政策-上海市人民政府政策数量","1","17/9/2025 11:13:15","21/10/2025 13:26:53","2022","上海市"
"7009","45","石油加工、炼焦和核燃料加工业","地方政策-上海市人民政府政策数量","1","17/9/2025 11:13:15","21/10/2025 13:26:53","2022","上海市"
"7010","12","汽车制造业","地方政策-上海市人民政府办公厅政策数量","2","17/9/2025 11:13:15","21/10/2025 13:26:53","2022","上海市"
"7011","13","电力、热力、燃气及水生产和供应业","地方政策-上海市人民政府办公厅政策数量","1","17/9/2025 11:13:15","21/10/2025 13:26:53","2022","上海市"
"7012","17","交通运输、仓储和邮政业","地方政策-上海市人民政府办公厅政策数量","1","17/9/2025 11:13:15","21/10/2025 13:26:53","2022","上海市"
"7013","19","半导体业","地方政策-上海市人民政府政策数量","1","17/9/2025 11:13:15","21/10/2025 13:26:53","2022","上海市"
"7014","30","科学研究和技术服务业","地方政策-财政部政策数量","1","17/9/2025 11:13:15","21/10/2025 13:26:53","2022","上海市"
"7015","30","科学研究和技术服务业","地方政策-科技部政策数量","1","17/9/2025 11:13:15","21/10/2025 13:26:53","2022","上海市"
"7016","30","科学研究和技术服务业","地方政策-民政部政策数量","1","17/9/2025 11:13:15","21/10/2025 13:26:53","2022","上海市"
"7017","30","科学研究和技术服务业","地方政策-商务部政策数量","1","17/9/2025 11:13:15","21/10/2025 13:26:53","2022","上海市"
"7018","30","科学研究和技术服务业","地方政策-海关总署政策数量","1","17/9/2025 11:13:15","21/10/2025 13:26:53","2022","上海市"
"7019","30","科学研究和技术服务业","地方政策-税务总局政策数量","1","17/9/2025 11:13:15","21/10/2025 13:26:53","2022","上海市"
"7020","3","信息传输、软件和信息技术服务业","地方政策-上海市科学技术委员会政策数量","2","17/9/2025 11:13:15","21/10/2025 13:26:52","2022","上海市"
"7021","30","科学研究和技术服务业","地方政策-上海市科学技术委员会政策数量","4","17/9/2025 11:13:15","21/10/2025 13:26:53","2022","上海市"
"7022",,"互联网和相关服务","地方政策-上海市科学技术委员会政策数量","2","17/9/2025 11:13:15","17/9/2025 11:13:15","2022","上海市"
"7023",,"电信、广播电视和卫星传输服务","地方政策-上海市科学技术委员会政策数量","1","17/9/2025 11:13:15","17/9/2025 11:13:15","2022","上海市"
"7024","3","信息传输、软件和信息技术服务业","地方政策-上海市财政局政策数量","2","17/9/2025 11:13:15","21/10/2025 13:26:52","2022","上海市"
"7025","30","科学研究和技术服务业","地方政策-上海市财政局政策数量","2","17/9/2025 11:13:15","21/10/2025 13:26:53","2022","上海市"
"7026",,"互联网和相关服务","地方政策-上海市财政局政策数量","1","17/9/2025 11:13:15","17/9/2025 11:13:15","2022","上海市"
"7027",,"电信、广播电视和卫星传输服务","地方政策-上海市财政局政策数量","1","17/9/2025 11:13:15","17/9/2025 11:13:15","2022","上海市"
"7028","1","医药制造业","地方政策-上海市人民政府办公厅政策数量","3","17/9/2025 11:13:15","21/10/2025 13:26:53","2022","上海市"
"7029","3","信息传输、软件和信息技术服务业","地方政策-上海市人民代表大会常务委员会政策数量","1","17/9/2025 11:13:16","21/10/2025 13:26:52","2022","上海市"
"7030",,"互联网和相关服务","地方政策-上海市人民代表大会常务委员会政策数量","1","17/9/2025 11:13:16","17/9/2025 11:13:16","2022","上海市"
"7031","30","科学研究和技术服务业","地方政策-上海市人民代表大会常务委员会政策数量","1","17/9/2025 11:13:16","21/10/2025 13:26:53","2022","上海市"
"7033","18","通用设备制造业","地方政策-上海市人民政府政策数量","1","17/9/2025 11:13:16","21/10/2025 13:26:53","2022","上海市"
"7034","32","仪器仪表制造业","地方政策-上海市人民政府政策数量","1","17/9/2025 11:13:16","21/10/2025 13:26:53","2022","上海市"
"7035","13","电力、热力、燃气及水生产和供应业","地方政策-上海市人民政府政策数量","1","17/9/2025 11:13:16","21/10/2025 13:26:53","2022","上海市"
"7036","22","非金属矿物制品业","地方政策-上海市人民政府政策数量","1","17/9/2025 11:13:16","21/10/2025 13:26:53","2022","上海市"
"7037","29","金属冶炼和压延加工业","地方政策-上海市人民政府政策数量","1","17/9/2025 11:13:16","21/10/2025 13:26:53","2022","上海市"
"7038","2","化学原料和化学制品制造业","地方政策-上海市人民政府办公厅政策数量","1","17/9/2025 11:13:16","21/10/2025 13:26:53","2022","上海市"
"7039","5","专用设备制造业","地方政策-上海市人民政府办公厅政策数量","1","17/9/2025 11:13:16","21/10/2025 13:26:53","2022","上海市"
"7040","18","通用设备制造业","地方政策-上海市人民政府办公厅政策数量","1","17/9/2025 11:13:16","21/10/2025 13:26:53","2022","上海市"
"7041","19","半导体业","地方政策-上海市人民政府办公厅政策数量","1","17/9/2025 11:13:16","21/10/2025 13:26:53","2022","上海市"
"7042","21","通信传输设备业","地方政策-上海市人民政府办公厅政策数量","1","17/9/2025 11:13:16","21/10/2025 13:26:53","2022","上海市"
"7043","32","仪器仪表制造业","地方政策-上海市人民政府办公厅政策数量","1","17/9/2025 11:13:16","21/10/2025 13:26:53","2022","上海市"
"7044","43","化学纤维制造业","地方政策-上海市人民政府办公厅政策数量","1","17/9/2025 11:13:16","21/10/2025 13:26:53","2022","上海市"
"7045","45","石油加工、炼焦和核燃料加工业","地方政策-上海市人民政府办公厅政策数量","1","17/9/2025 11:13:16","21/10/2025 13:26:53","2022","上海市"
"7046","17","交通运输、仓储和邮政业","地方政策-上海市科学技术委员会政策数量","1","17/9/2025 11:13:16","21/10/2025 13:26:53","2022","上海市"
"7047","16","建筑业","地方政策-上海市科学技术委员会政策数量","1","17/9/2025 11:13:16","21/10/2025 13:26:53","2022","上海市"
"7048","17","交通运输、仓储和邮政业","地方政策-上海市发展和改革委员会政策数量","1","17/9/2025 11:13:16","21/10/2025 13:26:53","2022","上海市"
"7049","16","建筑业","地方政策-上海市发展和改革委员会政策数量","1","17/9/2025 11:13:16","21/10/2025 13:26:53","2022","上海市"
"7050","30","科学研究和技术服务业","地方政策-上海市发展和改革委员会政策数量","3","17/9/2025 11:13:17","21/10/2025 13:26:53","2022","上海市"
"7051","17","交通运输、仓储和邮政业","地方政策-上海市经济和信息化委员会政策数量","1","17/9/2025 11:13:17","21/10/2025 13:26:53","2022","上海市"
"7052","16","建筑业","地方政策-上海市经济和信息化委员会政策数量","1","17/9/2025 11:13:17","21/10/2025 13:26:53","2022","上海市"
"7053","30","科学研究和技术服务业","地方政策-上海市经济和信息化委员会政策数量","3","17/9/2025 11:13:17","21/10/2025 13:26:53","2022","上海市"
"7054","13","电力、热力、燃气及水生产和供应业","地方政策-上海市生态环境局政策数量","3","17/9/2025 11:13:17","21/10/2025 13:26:53","2022","上海市"
"7055","17","交通运输、仓储和邮政业","地方政策-上海市生态环境局政策数量","1","17/9/2025 11:13:17","21/10/2025 13:26:53","2022","上海市"
"7056","16","建筑业","地方政策-上海市生态环境局政策数量","1","17/9/2025 11:13:17","21/10/2025 13:26:53","2022","上海市"
"7057","30","科学研究和技术服务业","地方政策-上海市生态环境局政策数量","2","17/9/2025 11:13:17","21/10/2025 13:26:53","2022","上海市"
"7058","17","交通运输、仓储和邮政业","地方政策-上海市住房和城乡建设管理委员会政策数量","1","17/9/2025 11:13:17","21/10/2025 13:26:53","2022","上海市"
"7059","16","建筑业","地方政策-上海市住房和城乡建设管理委员会政策数量","1","17/9/2025 11:13:17","21/10/2025 13:26:53","2022","上海市"
"7060","30","科学研究和技术服务业","地方政策-上海市住房和城乡建设管理委员会政策数量","1","17/9/2025 11:13:17","21/10/2025 13:26:53","2022","上海市"
"7061","17","交通运输、仓储和邮政业","地方政策-上海市交通委员会政策数量","1","17/9/2025 11:13:17","21/10/2025 13:26:53","2022","上海市"
"7062","16","建筑业","地方政策-上海市交通委员会政策数量","1","17/9/2025 11:13:17","21/10/2025 13:26:53","2022","上海市"
"7063","30","科学研究和技术服务业","地方政策-上海市交通委员会政策数量","1","17/9/2025 11:13:17","21/10/2025 13:26:53","2022","上海市"
"7064","1","医药制造业","地方政策-区政府办公室政策数量","1","17/9/2025 11:13:17","21/10/2025 13:26:53","2022","上海市"
"7065","1","医药制造业","地方政策-上海市发展和改革委员会政策数量","2","17/9/2025 11:13:17","21/10/2025 13:26:53","2022","上海市"
"7066","5","专用设备制造业","地方政策-上海市发展和改革委员会政策数量","2","17/9/2025 11:13:17","21/10/2025 13:26:53","2022","上海市"
"7067","12","汽车制造业","地方政策-上海市发展和改革委员会政策数量","2","17/9/2025 11:13:17","21/10/2025 13:26:53","2022","上海市"
"7068","18","通用设备制造业","地方政策-上海市发展和改革委员会政策数量","2","17/9/2025 11:13:17","21/10/2025 13:26:53","2022","上海市"
"7069","19","半导体业","地方政策-上海市发展和改革委员会政策数量","2","17/9/2025 11:13:17","21/10/2025 13:26:53","2022","上海市"
"7070","21","通信传输设备业","地方政策-上海市发展和改革委员会政策数量","1","17/9/2025 11:13:17","21/10/2025 13:26:53","2022","上海市"
"7071","27","铁路、船舶、航空航天和其他运输设备制造业","地方政策-上海市发展和改革委员会政策数量","1","17/9/2025 11:13:18","21/10/2025 13:26:53","2022","上海市"
"7072","32","仪器仪表制造业","地方政策-上海市发展和改革委员会政策数量","1","17/9/2025 11:13:18","21/10/2025 13:26:53","2022","上海市"
"7073","1","医药制造业","地方政策-上海市财政局政策数量","1","17/9/2025 11:13:18","21/10/2025 13:26:53","2022","上海市"
"7074","5","专用设备制造业","地方政策-上海市财政局政策数量","1","17/9/2025 11:13:18","21/10/2025 13:26:53","2022","上海市"
"7075","12","汽车制造业","地方政策-上海市财政局政策数量","1","17/9/2025 11:13:18","21/10/2025 13:26:53","2022","上海市"
"7076","18","通用设备制造业","地方政策-上海市财政局政策数量","1","17/9/2025 11:13:18","21/10/2025 13:26:53","2022","上海市"
"7077","19","半导体业","地方政策-上海市财政局政策数量","1","17/9/2025 11:13:18","21/10/2025 13:26:53","2022","上海市"
"7078","21","通信传输设备业","地方政策-上海市财政局政策数量","1","17/9/2025 11:13:18","21/10/2025 13:26:53","2022","上海市"
"7079","27","铁路、船舶、航空航天和其他运输设备制造业","地方政策-上海市财政局政策数量","1","17/9/2025 11:13:18","21/10/2025 13:26:53","2022","上海市"
"7080","32","仪器仪表制造业","地方政策-上海市财政局政策数量","1","17/9/2025 11:13:18","21/10/2025 13:26:53","2022","上海市"
"7081","1","医药制造业","地方政策-上海市科学技术委员会政策数量","3","17/9/2025 11:13:18","21/10/2025 13:26:53","2022","上海市"
"7082","35","卫生和社会工作","地方政策-上海市科学技术委员会政策数量","1","17/9/2025 11:13:18","21/10/2025 13:26:53","2022","上海市"
"7083","35","卫生和社会工作","地方政策-上海市经济和信息化委员会政策数量","1","17/9/2025 11:13:18","21/10/2025 13:26:53","2022","上海市"
"7084","1","医药制造业","地方政策-上海市卫生健康委员会政策数量","1","17/9/2025 11:13:18","21/10/2025 13:26:53","2022","上海市"
"7085","30","科学研究和技术服务业","地方政策-上海市卫生健康委员会政策数量","1","17/9/2025 11:13:18","21/10/2025 13:26:53","2022","上海市"
"7086","35","卫生和社会工作","地方政策-上海市卫生健康委员会政策数量","1","17/9/2025 11:13:18","21/10/2025 13:26:53","2022","上海市"
"7087","12","汽车制造业","地方政策-上海市第十五届人民代表大会常务委员会政策数量","1","17/9/2025 11:13:18","21/10/2025 13:26:53","2022","上海市"
"7088","3","信息传输、软件和信息技术服务业","地方政策-上海市第十五届人民代表大会常务委员会政策数量","1","17/9/2025 11:13:18","21/10/2025 13:26:52","2022","上海市"
"7089","17","交通运输、仓储和邮政业","地方政策-上海市第十五届人民代表大会常务委员会政策数量","1","17/9/2025 11:13:18","21/10/2025 13:26:53","2022","上海市"
"7090","28","水利、环境和公共设施管理业","地方政策-上海市发展和改革委员会政策数量","1","17/9/2025 11:13:19","21/10/2025 13:26:52","2022","上海市"
"7091","28","水利、环境和公共设施管理业","地方政策-上海市经济和信息化委员会政策数量","1","17/9/2025 11:13:19","21/10/2025 13:26:52","2022","上海市"
"7092","28","水利、环境和公共设施管理业","地方政策-上海市生态环境局政策数量","1","17/9/2025 11:13:19","21/10/2025 13:26:52","2022","上海市"
"7093","3","信息传输、软件和信息技术服务业","地方政策-上海市互联网信息办公室政策数量","1","17/9/2025 11:13:19","21/10/2025 13:26:52","2022","上海市"
"7094","19","半导体业","地方政策-上海市科学技术委员会政策数量","2","17/9/2025 11:13:19","21/10/2025 13:26:53","2022","上海市"
"7095","21","通信传输设备业","地方政策-上海市科学技术委员会政策数量","1","17/9/2025 11:13:19","21/10/2025 13:26:53","2022","上海市"
"7096","12","汽车制造业","地方政策-上海市科学技术委员会政策数量","2","17/9/2025 11:13:19","21/10/2025 13:26:53","2022","上海市"
"7097","5","专用设备制造业","地方政策-上海市科学技术委员会政策数量","2","17/9/2025 11:13:19","21/10/2025 13:26:53","2022","上海市"
"7098","18","通用设备制造业","地方政策-上海市科学技术委员会政策数量","2","17/9/2025 11:13:19","21/10/2025 13:26:53","2022","上海市"
"7099","32","仪器仪表制造业","地方政策-上海市科学技术委员会政策数量","1","17/9/2025 11:13:19","21/10/2025 13:26:53","2022","上海市"
"7100","3","信息传输、软件和信息技术服务业","地方政策-江苏省科学技术厅政策数量","1","17/9/2025 11:13:19","21/10/2025 13:26:52","2022","上海市"
"7101","30","科学研究和技术服务业","地方政策-江苏省科学技术厅政策数量","1","17/9/2025 11:13:19","21/10/2025 13:26:53","2022","上海市"
"7102","19","半导体业","地方政策-江苏省科学技术厅政策数量","1","17/9/2025 11:13:19","21/10/2025 13:26:53","2022","上海市"
"7103","21","通信传输设备业","地方政策-江苏省科学技术厅政策数量","1","17/9/2025 11:13:19","21/10/2025 13:26:53","2022","上海市"
"7104",,"互联网和相关服务","地方政策-江苏省科学技术厅政策数量","1","17/9/2025 11:13:19","17/9/2025 11:13:19","2022","上海市"
"7105","1","医药制造业","地方政策-江苏省科学技术厅政策数量","1","17/9/2025 11:13:19","21/10/2025 13:26:53","2022","上海市"
"7106","12","汽车制造业","地方政策-江苏省科学技术厅政策数量","1","17/9/2025 11:13:19","21/10/2025 13:26:53","2022","上海市"
"7107","5","专用设备制造业","地方政策-江苏省科学技术厅政策数量","1","17/9/2025 11:13:20","21/10/2025 13:26:53","2022","上海市"
"7108","18","通用设备制造业","地方政策-江苏省科学技术厅政策数量","1","17/9/2025 11:13:20","21/10/2025 13:26:53","2022","上海市"
"7109","32","仪器仪表制造业","地方政策-江苏省科学技术厅政策数量","1","17/9/2025 11:13:20","21/10/2025 13:26:53","2022","上海市"
"7110","3","信息传输、软件和信息技术服务业","地方政策-浙江省科学技术厅政策数量","1","17/9/2025 11:13:20","21/10/2025 13:26:52","2022","上海市"
"7111","30","科学研究和技术服务业","地方政策-浙江省科学技术厅政策数量","1","17/9/2025 11:13:20","21/10/2025 13:26:53","2022","上海市"
"7112","19","半导体业","地方政策-浙江省科学技术厅政策数量","1","17/9/2025 11:13:20","21/10/2025 13:26:53","2022","上海市"
"7113","21","通信传输设备业","地方政策-浙江省科学技术厅政策数量","1","17/9/2025 11:13:20","21/10/2025 13:26:53","2022","上海市"
"7114",,"互联网和相关服务","地方政策-浙江省科学技术厅政策数量","1","17/9/2025 11:13:20","17/9/2025 11:13:20","2022","上海市"
"7115","1","医药制造业","地方政策-浙江省科学技术厅政策数量","1","17/9/2025 11:13:20","21/10/2025 13:26:53","2022","上海市"
"7116","12","汽车制造业","地方政策-浙江省科学技术厅政策数量","1","17/9/2025 11:13:20","21/10/2025 13:26:53","2022","上海市"
"7117","5","专用设备制造业","地方政策-浙江省科学技术厅政策数量","1","17/9/2025 11:13:20","21/10/2025 13:26:53","2022","上海市"
"7118","18","通用设备制造业","地方政策-浙江省科学技术厅政策数量","1","17/9/2025 11:13:20","21/10/2025 13:26:53","2022","上海市"
"7119","32","仪器仪表制造业","地方政策-浙江省科学技术厅政策数量","1","17/9/2025 11:13:20","21/10/2025 13:26:53","2022","上海市"
"7120","3","信息传输、软件和信息技术服务业","地方政策-安徽省科学技术厅政策数量","1","17/9/2025 11:13:20","21/10/2025 13:26:52","2022","上海市"
"7121","30","科学研究和技术服务业","地方政策-安徽省科学技术厅政策数量","1","17/9/2025 11:13:20","21/10/2025 13:26:53","2022","上海市"
"7122","19","半导体业","地方政策-安徽省科学技术厅政策数量","1","17/9/2025 11:13:20","21/10/2025 13:26:53","2022","上海市"
"7123","21","通信传输设备业","地方政策-安徽省科学技术厅政策数量","1","17/9/2025 11:13:20","21/10/2025 13:26:53","2022","上海市"
"7124",,"互联网和相关服务","地方政策-安徽省科学技术厅政策数量","1","17/9/2025 11:13:20","17/9/2025 11:13:20","2022","上海市"
"7125","1","医药制造业","地方政策-安徽省科学技术厅政策数量","1","17/9/2025 11:13:20","21/10/2025 13:26:53","2022","上海市"
"7126","12","汽车制造业","地方政策-安徽省科学技术厅政策数量","1","17/9/2025 11:13:20","21/10/2025 13:26:53","2022","上海市"
"7127","5","专用设备制造业","地方政策-安徽省科学技术厅政策数量","1","17/9/2025 11:13:20","21/10/2025 13:26:53","2022","上海市"
"7128","18","通用设备制造业","地方政策-安徽省科学技术厅政策数量","1","17/9/2025 11:13:21","21/10/2025 13:26:53","2022","上海市"
"7129","32","仪器仪表制造业","地方政策-安徽省科学技术厅政策数量","1","17/9/2025 11:13:21","21/10/2025 13:26:53","2022","上海市"
"7130","19","半导体业","地方政策-上海市经济和信息化委员会政策数量","1","17/9/2025 11:13:21","21/10/2025 13:26:53","2022","上海市"
"7131","46","废弃资源综合利用业","地方政策-上海市经济和信息化委员会政策数量","1","17/9/2025 11:13:21","21/10/2025 13:26:53","2022","上海市"
"7132","2","化学原料和化学制品制造业","地方政策-上海市发展和改革委员会政策数量","1","17/9/2025 11:13:21","21/10/2025 13:26:53","2022","上海市"
"7133","29","金属冶炼和压延加工业","地方政策-上海市发展和改革委员会政策数量","1","17/9/2025 11:13:21","21/10/2025 13:26:53","2022","上海市"
"7134","45","石油加工、炼焦和核燃料加工业","地方政策-上海市发展和改革委员会政策数量","1","17/9/2025 11:13:21","21/10/2025 13:26:53","2022","上海市"
"7135","46","废弃资源综合利用业","地方政策-上海市发展和改革委员会政策数量","1","17/9/2025 11:13:21","21/10/2025 13:26:53","2022","上海市"
"7136","2","化学原料和化学制品制造业","地方政策-上海市科学技术委员会政策数量","1","17/9/2025 11:13:21","21/10/2025 13:26:53","2022","上海市"
"7137","29","金属冶炼和压延加工业","地方政策-上海市科学技术委员会政策数量","1","17/9/2025 11:13:21","21/10/2025 13:26:53","2022","上海市"
"7138","45","石油加工、炼焦和核燃料加工业","地方政策-上海市科学技术委员会政策数量","1","17/9/2025 11:13:21","21/10/2025 13:26:53","2022","上海市"
"7139","46","废弃资源综合利用业","地方政策-上海市科学技术委员会政策数量","1","17/9/2025 11:13:21","21/10/2025 13:26:53","2022","上海市"
"7140","2","化学原料和化学制品制造业","地方政策-上海市生态环境局政策数量","1","17/9/2025 11:13:21","21/10/2025 13:26:53","2022","上海市"
"7141","29","金属冶炼和压延加工业","地方政策-上海市生态环境局政策数量","1","17/9/2025 11:13:21","21/10/2025 13:26:53","2022","上海市"
"7142","45","石油加工、炼焦和核燃料加工业","地方政策-上海市生态环境局政策数量","1","17/9/2025 11:13:21","21/10/2025 13:26:53","2022","上海市"
"7143","5","专用设备制造业","地方政策-上海市生态环境局政策数量","1","17/9/2025 11:13:21","21/10/2025 13:26:53","2022","上海市"
"7144","18","通用设备制造业","地方政策-上海市生态环境局政策数量","1","17/9/2025 11:13:21","21/10/2025 13:26:53","2022","上海市"
"7145","12","汽车制造业","地方政策-上海市生态环境局政策数量","1","17/9/2025 11:13:21","21/10/2025 13:26:53","2022","上海市"
"7146","19","半导体业","地方政策-上海市生态环境局政策数量","1","17/9/2025 11:13:21","21/10/2025 13:26:53","2022","上海市"
"7147","1","医药制造业","地方政策-上海市生态环境局政策数量","1","17/9/2025 11:13:21","21/10/2025 13:26:53","2022","上海市"
"7148","46","废弃资源综合利用业","地方政策-上海市生态环境局政策数量","1","17/9/2025 11:13:22","21/10/2025 13:26:53","2022","上海市"
"7149",,,"发布政策数量","7","17/9/2025 11:13:22","17/9/2025 11:13:22","2022","海南省"
"7150",,,"地方政策政策数量","7","17/9/2025 11:13:22","17/9/2025 11:13:22","2022","海南省"
"7151",,,"海南省人民政府办公厅发布政策数量","4","17/9/2025 11:13:22","17/9/2025 11:13:22","2022","海南省"
"7152",,,"海南省工业和信息化厅发布政策数量","3","17/9/2025 11:13:22","17/9/2025 11:13:22","2022","海南省"
"7153",,,"海南省财政厅发布政策数量","1","17/9/2025 11:13:22","17/9/2025 11:13:22","2022","海南省"
"7154","3","信息传输、软件和信息技术服务业","政策数量","4","17/9/2025 11:13:22","21/10/2025 13:26:52","2022","海南省"
"7155",,"互联网和相关服务","政策数量","4","17/9/2025 11:13:22","17/9/2025 11:13:22","2022","海南省"
"7156",,"电信、广播电视和卫星传输服务","政策数量","3","17/9/2025 11:13:22","17/9/2025 11:13:22","2022","海南省"
"7157","12","汽车制造业","政策数量","2","17/9/2025 11:13:22","21/10/2025 13:26:53","2022","海南省"
"7158","30","科学研究和技术服务业","政策数量","2","17/9/2025 11:13:22","21/10/2025 13:26:53","2022","海南省"
"7159","46","废弃资源综合利用业","政策数量","2","17/9/2025 11:13:22","21/10/2025 13:26:53","2022","海南省"
"7160","2","化学原料和化学制品制造业","政策数量","1","17/9/2025 11:13:22","21/10/2025 13:26:53","2022","海南省"
"7161","21","通信传输设备业","政策数量","1","17/9/2025 11:13:22","21/10/2025 13:26:53","2022","海南省"
"7162","45","石油加工、炼焦和核燃料加工业","政策数量","1","17/9/2025 11:13:22","21/10/2025 13:26:53","2022","海南省"
"7163","5","专用设备制造业","政策数量","1","17/9/2025 11:13:22","21/10/2025 13:26:53","2022","海南省"
"7164","22","非金属矿物制品业","政策数量","1","17/9/2025 11:13:22","21/10/2025 13:26:53","2022","海南省"
"7165","47","木材加工和木、竹、藤、棕、草制品业","政策数量","1","17/9/2025 11:13:22","21/10/2025 13:26:53","2022","海南省"
"7166","6","消费电子及电气业","政策数量","1","17/9/2025 11:13:23","21/10/2025 13:26:53","2022","海南省"
"7167","23","橡胶和塑料制品业","政策数量","1","17/9/2025 11:13:23","21/10/2025 13:26:53","2022","海南省"
"7168","41","文教、工美、体育和娱乐用品制造业","政策数量","1","17/9/2025 11:13:23","21/10/2025 13:26:53","2022","海南省"
"7169","8","商业电气机械和器材制造业","政策数量","1","17/9/2025 11:13:23","21/10/2025 13:26:53","2022","海南省"
"7170","25","其他制造业","政策数量","1","17/9/2025 11:13:23","21/10/2025 13:26:53","2022","海南省"
"7171",,"开采辅助活动","政策数量","1","17/9/2025 11:13:23","17/9/2025 11:13:23","2022","海南省"
"7172","10","食品饮料业","政策数量","1","17/9/2025 11:13:23","21/10/2025 13:26:53","2022","海南省"
"7173","26","金属制品业","政策数量","1","17/9/2025 11:13:23","21/10/2025 13:26:53","2022","海南省"
"7174","17","交通运输、仓储和邮政业","政策数量","1","17/9/2025 11:13:23","21/10/2025 13:26:53","2022","海南省"
"7175","14","采矿业","政策数量","1","17/9/2025 11:13:23","21/10/2025 13:26:53","2022","海南省"
"7176","27","铁路、船舶、航空航天和其他运输设备制造业","政策数量","1","17/9/2025 11:13:23","21/10/2025 13:26:53","2022","海南省"
"7177","35","卫生和社会工作","政策数量","1","17/9/2025 11:13:23","21/10/2025 13:26:53","2022","海南省"
"7178","18","通用设备制造业","政策数量","1","17/9/2025 11:13:23","21/10/2025 13:26:53","2022","海南省"
"7179","32","仪器仪表制造业","政策数量","1","17/9/2025 11:13:23","21/10/2025 13:26:53","2022","海南省"
"7180","1","医药制造业","政策数量","1","17/9/2025 11:13:23","21/10/2025 13:26:53","2022","海南省"
"7181","19","半导体业","政策数量","1","17/9/2025 11:13:23","21/10/2025 13:26:53","2022","海南省"
"7182","43","化学纤维制造业","政策数量","1","17/9/2025 11:13:23","21/10/2025 13:26:53","2022","海南省"
"7183",,,"地方政策-海南省人民政府办公厅政策数量","4","17/9/2025 11:13:23","17/9/2025 11:13:23","2022","海南省"
"7184",,,"地方政策-海南省工业和信息化厅政策数量","3","17/9/2025 11:13:23","17/9/2025 11:13:23","2022","海南省"
"7185",,,"地方政策-海南省财政厅政策数量","1","17/9/2025 11:13:23","17/9/2025 11:13:23","2022","海南省"
"7186","12","汽车制造业","地方政策政策数量","2","17/9/2025 11:13:24","21/10/2025 13:26:53","2022","海南省"
"7187","17","交通运输、仓储和邮政业","地方政策政策数量","1","17/9/2025 11:13:24","21/10/2025 13:26:53","2022","海南省"
"7188","3","信息传输、软件和信息技术服务业","地方政策政策数量","4","17/9/2025 11:13:24","21/10/2025 13:26:52","2022","海南省"
"7189",,"互联网和相关服务","地方政策政策数量","4","17/9/2025 11:13:24","17/9/2025 11:13:24","2022","海南省"
"7190",,"电信、广播电视和卫星传输服务","地方政策政策数量","3","17/9/2025 11:13:24","17/9/2025 11:13:24","2022","海南省"
"7191","46","废弃资源综合利用业","地方政策政策数量","2","17/9/2025 11:13:24","21/10/2025 13:26:53","2022","海南省"
"7192","1","医药制造业","地方政策政策数量","1","17/9/2025 11:13:24","21/10/2025 13:26:53","2022","海南省"
"7193","2","化学原料和化学制品制造业","地方政策政策数量","1","17/9/2025 11:13:24","21/10/2025 13:26:53","2022","海南省"
"7194","5","专用设备制造业","地方政策政策数量","1","17/9/2025 11:13:24","21/10/2025 13:26:53","2022","海南省"
"7195","6","消费电子及电气业","地方政策政策数量","1","17/9/2025 11:13:24","21/10/2025 13:26:53","2022","海南省"
"7196","8","商业电气机械和器材制造业","地方政策政策数量","1","17/9/2025 11:13:24","21/10/2025 13:26:53","2022","海南省"
"7197","10","食品饮料业","地方政策政策数量","1","17/9/2025 11:13:24","21/10/2025 13:26:53","2022","海南省"
"7198","14","采矿业","地方政策政策数量","1","17/9/2025 11:13:24","21/10/2025 13:26:53","2022","海南省"
"7199","18","通用设备制造业","地方政策政策数量","1","17/9/2025 11:13:24","21/10/2025 13:26:53","2022","海南省"
"7200","19","半导体业","地方政策政策数量","1","17/9/2025 11:13:24","21/10/2025 13:26:53","2022","海南省"
"7201","21","通信传输设备业","地方政策政策数量","1","17/9/2025 11:13:24","21/10/2025 13:26:53","2022","海南省"
"7202","22","非金属矿物制品业","地方政策政策数量","1","17/9/2025 11:13:24","21/10/2025 13:26:53","2022","海南省"
"7203","23","橡胶和塑料制品业","地方政策政策数量","1","17/9/2025 11:13:24","21/10/2025 13:26:53","2022","海南省"
"7204","25","其他制造业","地方政策政策数量","1","17/9/2025 11:13:25","21/10/2025 13:26:53","2022","海南省"
"7205","26","金属制品业","地方政策政策数量","1","17/9/2025 11:13:25","21/10/2025 13:26:53","2022","海南省"
"7206","27","铁路、船舶、航空航天和其他运输设备制造业","地方政策政策数量","1","17/9/2025 11:13:25","21/10/2025 13:26:53","2022","海南省"
"7207","32","仪器仪表制造业","地方政策政策数量","1","17/9/2025 11:13:25","21/10/2025 13:26:53","2022","海南省"
"7208","43","化学纤维制造业","地方政策政策数量","1","17/9/2025 11:13:25","21/10/2025 13:26:53","2022","海南省"
"7209","45","石油加工、炼焦和核燃料加工业","地方政策政策数量","1","17/9/2025 11:13:25","21/10/2025 13:26:53","2022","海南省"
"7210","47","木材加工和木、竹、藤、棕、草制品业","地方政策政策数量","1","17/9/2025 11:13:25","21/10/2025 13:26:53","2022","海南省"
"7211","41","文教、工美、体育和娱乐用品制造业","地方政策政策数量","1","17/9/2025 11:13:25","21/10/2025 13:26:53","2022","海南省"
"7212",,"开采辅助活动","地方政策政策数量","1","17/9/2025 11:13:25","17/9/2025 11:13:25","2022","海南省"
"7213","30","科学研究和技术服务业","地方政策政策数量","2","17/9/2025 11:13:25","21/10/2025 13:26:53","2022","海南省"
"7214","35","卫生和社会工作","地方政策政策数量","1","17/9/2025 11:13:25","21/10/2025 13:26:53","2022","海南省"
"7215","12","汽车制造业","地方政策-海南省工业和信息化厅政策数量","2","17/9/2025 11:13:25","21/10/2025 13:26:53","2022","海南省"
"7216","17","交通运输、仓储和邮政业","地方政策-海南省工业和信息化厅政策数量","1","17/9/2025 11:13:25","21/10/2025 13:26:53","2022","海南省"
"7217","3","信息传输、软件和信息技术服务业","地方政策-海南省人民政府办公厅政策数量","3","17/9/2025 11:13:25","21/10/2025 13:26:52","2022","海南省"
"7218",,"互联网和相关服务","地方政策-海南省人民政府办公厅政策数量","3","17/9/2025 11:13:25","17/9/2025 11:13:25","2022","海南省"
"7219",,"电信、广播电视和卫星传输服务","地方政策-海南省人民政府办公厅政策数量","2","17/9/2025 11:13:25","17/9/2025 11:13:25","2022","海南省"
"7220","46","废弃资源综合利用业","地方政策-海南省工业和信息化厅政策数量","2","17/9/2025 11:13:25","21/10/2025 13:26:53","2022","海南省"
"7221","3","信息传输、软件和信息技术服务业","地方政策-海南省工业和信息化厅政策数量","1","17/9/2025 11:13:25","21/10/2025 13:26:52","2022","海南省"
"7222","1","医药制造业","地方政策-海南省工业和信息化厅政策数量","1","17/9/2025 11:13:25","21/10/2025 13:26:53","2022","海南省"
"7223","2","化学原料和化学制品制造业","地方政策-海南省工业和信息化厅政策数量","1","17/9/2025 11:13:26","21/10/2025 13:26:53","2022","海南省"
"7224","5","专用设备制造业","地方政策-海南省工业和信息化厅政策数量","1","17/9/2025 11:13:26","21/10/2025 13:26:53","2022","海南省"
"7225","6","消费电子及电气业","地方政策-海南省工业和信息化厅政策数量","1","17/9/2025 11:13:26","21/10/2025 13:26:53","2022","海南省"
"7226","8","商业电气机械和器材制造业","地方政策-海南省工业和信息化厅政策数量","1","17/9/2025 11:13:26","21/10/2025 13:26:53","2022","海南省"
"7227","10","食品饮料业","地方政策-海南省工业和信息化厅政策数量","1","17/9/2025 11:13:26","21/10/2025 13:26:53","2022","海南省"
"7228",,"互联网和相关服务","地方政策-海南省工业和信息化厅政策数量","1","17/9/2025 11:13:26","17/9/2025 11:13:26","2022","海南省"
"7229","14","采矿业","地方政策-海南省工业和信息化厅政策数量","1","17/9/2025 11:13:26","21/10/2025 13:26:53","2022","海南省"
"7230","18","通用设备制造业","地方政策-海南省工业和信息化厅政策数量","1","17/9/2025 11:13:26","21/10/2025 13:26:53","2022","海南省"
"7231","19","半导体业","地方政策-海南省工业和信息化厅政策数量","1","17/9/2025 11:13:26","21/10/2025 13:26:53","2022","海南省"
"7232","21","通信传输设备业","地方政策-海南省工业和信息化厅政策数量","1","17/9/2025 11:13:26","21/10/2025 13:26:53","2022","海南省"
"7233","22","非金属矿物制品业","地方政策-海南省工业和信息化厅政策数量","1","17/9/2025 11:13:26","21/10/2025 13:26:53","2022","海南省"
"7234","23","橡胶和塑料制品业","地方政策-海南省工业和信息化厅政策数量","1","17/9/2025 11:13:26","21/10/2025 13:26:53","2022","海南省"
"7235","25","其他制造业","地方政策-海南省工业和信息化厅政策数量","1","17/9/2025 11:13:26","21/10/2025 13:26:53","2022","海南省"
"7236","26","金属制品业","地方政策-海南省工业和信息化厅政策数量","1","17/9/2025 11:13:26","21/10/2025 13:26:53","2022","海南省"
"7237","27","铁路、船舶、航空航天和其他运输设备制造业","地方政策-海南省工业和信息化厅政策数量","1","17/9/2025 11:13:26","21/10/2025 13:26:53","2022","海南省"
"7238","32","仪器仪表制造业","地方政策-海南省工业和信息化厅政策数量","1","17/9/2025 11:13:26","21/10/2025 13:26:53","2022","海南省"
"7239","43","化学纤维制造业","地方政策-海南省工业和信息化厅政策数量","1","17/9/2025 11:13:26","21/10/2025 13:26:53","2022","海南省"
"7240","45","石油加工、炼焦和核燃料加工业","地方政策-海南省工业和信息化厅政策数量","1","17/9/2025 11:13:27","21/10/2025 13:26:53","2022","海南省"
"7241","47","木材加工和木、竹、藤、棕、草制品业","地方政策-海南省工业和信息化厅政策数量","1","17/9/2025 11:13:27","21/10/2025 13:26:53","2022","海南省"
"7242","41","文教、工美、体育和娱乐用品制造业","地方政策-海南省工业和信息化厅政策数量","1","17/9/2025 11:13:27","21/10/2025 13:26:53","2022","海南省"
"7243",,"电信、广播电视和卫星传输服务","地方政策-海南省工业和信息化厅政策数量","1","17/9/2025 11:13:27","17/9/2025 11:13:27","2022","海南省"
"7244",,"开采辅助活动","地方政策-海南省工业和信息化厅政策数量","1","17/9/2025 11:13:27","17/9/2025 11:13:27","2022","海南省"
"7245","3","信息传输、软件和信息技术服务业","地方政策-海南省财政厅政策数量","1","17/9/2025 11:13:27","21/10/2025 13:26:52","2022","海南省"
"7246","1","医药制造业","地方政策-海南省财政厅政策数量","1","17/9/2025 11:13:27","21/10/2025 13:26:53","2022","海南省"
"7247","2","化学原料和化学制品制造业","地方政策-海南省财政厅政策数量","1","17/9/2025 11:13:27","21/10/2025 13:26:53","2022","海南省"
"7248","5","专用设备制造业","地方政策-海南省财政厅政策数量","1","17/9/2025 11:13:27","21/10/2025 13:26:53","2022","海南省"
"7249","6","消费电子及电气业","地方政策-海南省财政厅政策数量","1","17/9/2025 11:13:27","21/10/2025 13:26:53","2022","海南省"
"7250","8","商业电气机械和器材制造业","地方政策-海南省财政厅政策数量","1","17/9/2025 11:13:27","21/10/2025 13:26:53","2022","海南省"
"7251","10","食品饮料业","地方政策-海南省财政厅政策数量","1","17/9/2025 11:13:27","21/10/2025 13:26:53","2022","海南省"
"7252",,"互联网和相关服务","地方政策-海南省财政厅政策数量","1","17/9/2025 11:13:27","17/9/2025 11:13:27","2022","海南省"
"7253","12","汽车制造业","地方政策-海南省财政厅政策数量","1","17/9/2025 11:13:27","21/10/2025 13:26:53","2022","海南省"
"7254","14","采矿业","地方政策-海南省财政厅政策数量","1","17/9/2025 11:13:28","21/10/2025 13:26:53","2022","海南省"
"7255","18","通用设备制造业","地方政策-海南省财政厅政策数量","1","17/9/2025 11:13:28","21/10/2025 13:26:53","2022","海南省"
"7256","19","半导体业","地方政策-海南省财政厅政策数量","1","17/9/2025 11:13:28","21/10/2025 13:26:53","2022","海南省"
"7257","21","通信传输设备业","地方政策-海南省财政厅政策数量","1","17/9/2025 11:13:28","21/10/2025 13:26:53","2022","海南省"
"7258","22","非金属矿物制品业","地方政策-海南省财政厅政策数量","1","17/9/2025 11:13:28","21/10/2025 13:26:53","2022","海南省"
"7259","23","橡胶和塑料制品业","地方政策-海南省财政厅政策数量","1","17/9/2025 11:13:28","21/10/2025 13:26:53","2022","海南省"
"7260","25","其他制造业","地方政策-海南省财政厅政策数量","1","17/9/2025 11:13:28","21/10/2025 13:26:53","2022","海南省"
"7261","26","金属制品业","地方政策-海南省财政厅政策数量","1","17/9/2025 11:13:28","21/10/2025 13:26:53","2022","海南省"
"7262","27","铁路、船舶、航空航天和其他运输设备制造业","地方政策-海南省财政厅政策数量","1","17/9/2025 11:13:28","21/10/2025 13:26:53","2022","海南省"
"7263","32","仪器仪表制造业","地方政策-海南省财政厅政策数量","1","17/9/2025 11:13:28","21/10/2025 13:26:53","2022","海南省"
"7264","43","化学纤维制造业","地方政策-海南省财政厅政策数量","1","17/9/2025 11:13:28","21/10/2025 13:26:53","2022","海南省"
"7265","45","石油加工、炼焦和核燃料加工业","地方政策-海南省财政厅政策数量","1","17/9/2025 11:13:28","21/10/2025 13:26:53","2022","海南省"
"7266","46","废弃资源综合利用业","地方政策-海南省财政厅政策数量","1","17/9/2025 11:13:28","21/10/2025 13:26:53","2022","海南省"
"7267","47","木材加工和木、竹、藤、棕、草制品业","地方政策-海南省财政厅政策数量","1","17/9/2025 11:13:28","21/10/2025 13:26:53","2022","海南省"
"7268","41","文教、工美、体育和娱乐用品制造业","地方政策-海南省财政厅政策数量","1","17/9/2025 11:13:28","21/10/2025 13:26:53","2022","海南省"
"7269",,"电信、广播电视和卫星传输服务","地方政策-海南省财政厅政策数量","1","17/9/2025 11:13:28","17/9/2025 11:13:28","2022","海南省"
"7270",,"开采辅助活动","地方政策-海南省财政厅政策数量","1","17/9/2025 11:13:28","17/9/2025 11:13:28","2022","海南省"
"7271","30","科学研究和技术服务业","地方政策-海南省人民政府办公厅政策数量","2","17/9/2025 11:13:28","21/10/2025 13:26:53","2022","海南省"
"7272","35","卫生和社会工作","地方政策-海南省人民政府办公厅政策数量","1","17/9/2025 11:13:28","21/10/2025 13:26:53","2022","海南省"
"7273",,,"发布政策数量","6","17/9/2025 11:13:29","17/9/2025 11:13:29","2022","江苏省"
"7274",,,"地方政策政策数量","6","17/9/2025 11:13:29","17/9/2025 11:13:29","2022","江苏省"
"7275",,,"南京市财政局发布政策数量","1","17/9/2025 11:13:29","17/9/2025 11:13:29","2022","江苏省"
"7276",,,"南京市交通运输局发布政策数量","1","17/9/2025 11:13:29","17/9/2025 11:13:29","2022","江苏省"
"7277",,,"江苏省人民政府办公厅发布政策数量","2","17/9/2025 11:13:29","17/9/2025 11:13:29","2022","江苏省"
"7278",,,"省发展改革委发布政策数量","1","17/9/2025 11:13:29","17/9/2025 11:13:29","2022","江苏省"
"7279",,,"无锡市人民政府发布政策数量","1","17/9/2025 11:13:29","17/9/2025 11:13:29","2022","江苏省"
"7280",,,"南京市人民政府办公厅发布政策数量","2","17/9/2025 11:13:29","17/9/2025 11:13:29","2022","江苏省"
"7281","3","信息传输、软件和信息技术服务业","政策数量","3","17/9/2025 11:13:29","21/10/2025 13:26:52","2022","江苏省"
"7282","17","交通运输、仓储和邮政业","政策数量","3","17/9/2025 11:13:29","21/10/2025 13:26:53","2022","江苏省"
"7283","34","农、林、牧、渔业","政策数量","2","17/9/2025 11:13:29","21/10/2025 13:26:53","2022","江苏省"
"7284","13","电力、热力、燃气及水生产和供应业","政策数量","2","17/9/2025 11:13:29","21/10/2025 13:26:53","2022","江苏省"
"7285","16","建筑业","政策数量","1","17/9/2025 11:13:29","21/10/2025 13:26:53","2022","江苏省"
"7286","1","医药制造业","政策数量","1","17/9/2025 11:13:29","21/10/2025 13:26:53","2022","江苏省"
"7287",,"互联网和相关服务","政策数量","1","17/9/2025 11:13:29","17/9/2025 11:13:29","2022","江苏省"
"7288",,"电信、广播电视和卫星传输服务","政策数量","1","17/9/2025 11:13:29","17/9/2025 11:13:29","2022","江苏省"
"7289","28","水利、环境和公共设施管理业","政策数量","1","17/9/2025 11:13:29","21/10/2025 13:26:52","2022","江苏省"
"7290","30","科学研究和技术服务业","政策数量","1","17/9/2025 11:13:29","21/10/2025 13:26:53","2022","江苏省"
"7291","12","汽车制造业","政策数量","1","17/9/2025 11:13:30","21/10/2025 13:26:53","2022","江苏省"
"7292",,,"地方政策-南京市财政局政策数量","1","17/9/2025 11:13:30","17/9/2025 11:13:30","2022","江苏省"
"7293",,,"地方政策-南京市交通运输局政策数量","1","17/9/2025 11:13:30","17/9/2025 11:13:30","2022","江苏省"
"7294",,,"地方政策-江苏省人民政府办公厅政策数量","2","17/9/2025 11:13:30","17/9/2025 11:13:30","2022","江苏省"
"7295",,,"地方政策-省发展改革委政策数量","1","17/9/2025 11:13:30","17/9/2025 11:13:30","2022","江苏省"
"7296",,,"地方政策-无锡市人民政府政策数量","1","17/9/2025 11:13:30","17/9/2025 11:13:30","2022","江苏省"
"7297",,,"地方政策-南京市人民政府办公厅政策数量","2","17/9/2025 11:13:30","17/9/2025 11:13:30","2022","江苏省"
"7298","17","交通运输、仓储和邮政业","地方政策政策数量","3","17/9/2025 11:13:30","21/10/2025 13:26:53","2022","江苏省"
"7299","28","水利、环境和公共设施管理业","地方政策政策数量","1","17/9/2025 11:13:30","21/10/2025 13:26:52","2022","江苏省"
"7300","13","电力、热力、燃气及水生产和供应业","地方政策政策数量","2","17/9/2025 11:13:30","21/10/2025 13:26:53","2022","江苏省"
"7301","16","建筑业","地方政策政策数量","1","17/9/2025 11:13:30","21/10/2025 13:26:53","2022","江苏省"
"7302","3","信息传输、软件和信息技术服务业","地方政策政策数量","3","17/9/2025 11:13:30","21/10/2025 13:26:52","2022","江苏省"
"7303","34","农、林、牧、渔业","地方政策政策数量","2","17/9/2025 11:13:30","21/10/2025 13:26:53","2022","江苏省"
"7304","1","医药制造业","地方政策政策数量","1","17/9/2025 11:13:30","21/10/2025 13:26:53","2022","江苏省"
"7305",,"互联网和相关服务","地方政策政策数量","1","17/9/2025 11:13:30","17/9/2025 11:13:30","2022","江苏省"
"7306",,"电信、广播电视和卫星传输服务","地方政策政策数量","1","17/9/2025 11:13:30","17/9/2025 11:13:30","2022","江苏省"
"7307","30","科学研究和技术服务业","地方政策政策数量","1","17/9/2025 11:13:30","21/10/2025 13:26:53","2022","江苏省"
"7308","12","汽车制造业","地方政策政策数量","1","17/9/2025 11:13:30","21/10/2025 13:26:53","2022","江苏省"
"7309","17","交通运输、仓储和邮政业","地方政策-南京市财政局政策数量","1","17/9/2025 11:13:30","21/10/2025 13:26:53","2022","江苏省"
"7310","17","交通运输、仓储和邮政业","地方政策-南京市交通运输局政策数量","1","17/9/2025 11:13:31","21/10/2025 13:26:53","2022","江苏省"
"7311","17","交通运输、仓储和邮政业","地方政策-江苏省人民政府办公厅政策数量","1","17/9/2025 11:13:31","21/10/2025 13:26:53","2022","江苏省"
"7312","28","水利、环境和公共设施管理业","地方政策-江苏省人民政府办公厅政策数量","1","17/9/2025 11:13:31","21/10/2025 13:26:52","2022","江苏省"
"7313","13","电力、热力、燃气及水生产和供应业","地方政策-江苏省人民政府办公厅政策数量","1","17/9/2025 11:13:31","21/10/2025 13:26:53","2022","江苏省"
"7314","16","建筑业","地方政策-江苏省人民政府办公厅政策数量","1","17/9/2025 11:13:31","21/10/2025 13:26:53","2022","江苏省"
"7315","3","信息传输、软件和信息技术服务业","地方政策-江苏省人民政府办公厅政策数量","2","17/9/2025 11:13:31","21/10/2025 13:26:52","2022","江苏省"
"7316","34","农、林、牧、渔业","地方政策-江苏省人民政府办公厅政策数量","1","17/9/2025 11:13:31","21/10/2025 13:26:53","2022","江苏省"
"7317","17","交通运输、仓储和邮政业","地方政策-省发展改革委政策数量","1","17/9/2025 11:13:31","21/10/2025 13:26:53","2022","江苏省"
"7318","28","水利、环境和公共设施管理业","地方政策-省发展改革委政策数量","1","17/9/2025 11:13:31","21/10/2025 13:26:52","2022","江苏省"
"7319","13","电力、热力、燃气及水生产和供应业","地方政策-省发展改革委政策数量","1","17/9/2025 11:13:31","21/10/2025 13:26:53","2022","江苏省"
"7320","16","建筑业","地方政策-省发展改革委政策数量","1","17/9/2025 11:13:31","21/10/2025 13:26:53","2022","江苏省"
"7321","3","信息传输、软件和信息技术服务业","地方政策-省发展改革委政策数量","1","17/9/2025 11:13:31","21/10/2025 13:26:52","2022","江苏省"
"7322","34","农、林、牧、渔业","地方政策-省发展改革委政策数量","1","17/9/2025 11:13:31","21/10/2025 13:26:53","2022","江苏省"
"7323","1","医药制造业","地方政策-无锡市人民政府政策数量","1","17/9/2025 11:13:31","21/10/2025 13:26:53","2022","江苏省"
"7324",,"互联网和相关服务","地方政策-江苏省人民政府办公厅政策数量","1","17/9/2025 11:13:31","17/9/2025 11:13:31","2022","江苏省"
"7325",,"电信、广播电视和卫星传输服务","地方政策-江苏省人民政府办公厅政策数量","1","17/9/2025 11:13:32","17/9/2025 11:13:32","2022","江苏省"
"7326","30","科学研究和技术服务业","地方政策-江苏省人民政府办公厅政策数量","1","17/9/2025 11:13:32","21/10/2025 13:26:53","2022","江苏省"
"7327","12","汽车制造业","地方政策-南京市人民政府办公厅政策数量","1","17/9/2025 11:13:32","21/10/2025 13:26:53","2022","江苏省"
"7328","17","交通运输、仓储和邮政业","地方政策-南京市人民政府办公厅政策数量","1","17/9/2025 11:13:32","21/10/2025 13:26:53","2022","江苏省"
"7329","13","电力、热力、燃气及水生产和供应业","地方政策-南京市人民政府办公厅政策数量","1","17/9/2025 11:13:32","21/10/2025 13:26:53","2022","江苏省"
"7330","34","农、林、牧、渔业","地方政策-南京市人民政府办公厅政策数量","1","17/9/2025 11:13:32","21/10/2025 13:26:53","2022","江苏省"
"7331","3","信息传输、软件和信息技术服务业","地方政策-南京市人民政府办公厅政策数量","1","17/9/2025 11:13:32","21/10/2025 13:26:52","2022","江苏省"
"7332",,,"发布政策数量","4","17/9/2025 11:13:32","17/9/2025 11:13:32","2022","内蒙古自治区"
"7333",,,"地方政策政策数量","4","17/9/2025 11:13:32","17/9/2025 11:13:32","2022","内蒙古自治区"
"7334",,,"自治区人民政府办公厅发布政策数量","2","17/9/2025 11:13:32","17/9/2025 11:13:32","2022","内蒙古自治区"
"7335",,,"内蒙古自治区科学技术厅发布政策数量","1","17/9/2025 11:13:33","17/9/2025 11:13:33","2022","内蒙古自治区"
"7336",,,"通辽市人民政府办公室发布政策数量","1","17/9/2025 11:13:33","17/9/2025 11:13:33","2022","内蒙古自治区"
"7337","13","电力、热力、燃气及水生产和供应业","政策数量","3","17/9/2025 11:13:33","21/10/2025 13:26:53","2022","内蒙古自治区"
"7338","30","科学研究和技术服务业","政策数量","2","17/9/2025 11:13:33","21/10/2025 13:26:53","2022","内蒙古自治区"
"7339","17","交通运输、仓储和邮政业","政策数量","1","17/9/2025 11:13:33","21/10/2025 13:26:53","2022","内蒙古自治区"
"7340","9","批发和零售业","政策数量","1","17/9/2025 11:13:33","21/10/2025 13:26:53","2022","内蒙古自治区"
"7341","14","采矿业","政策数量","1","17/9/2025 11:13:33","21/10/2025 13:26:53","2022","内蒙古自治区"
"7342","7","金融业","政策数量","1","17/9/2025 11:13:33","21/10/2025 13:26:52","2022","内蒙古自治区"
"7343","2","化学原料和化学制品制造业","政策数量","1","17/9/2025 11:13:33","21/10/2025 13:26:53","2022","内蒙古自治区"
"7344","28","水利、环境和公共设施管理业","政策数量","1","17/9/2025 11:13:33","21/10/2025 13:26:52","2022","内蒙古自治区"
"7345","29","金属冶炼和压延加工业","政策数量","1","17/9/2025 11:13:33","21/10/2025 13:26:53","2022","内蒙古自治区"
"7346","25","其他制造业","政策数量","1","17/9/2025 11:13:33","21/10/2025 13:26:53","2022","内蒙古自治区"
"7347","3","信息传输、软件和信息技术服务业","政策数量","1","17/9/2025 11:13:33","21/10/2025 13:26:52","2022","内蒙古自治区"
"7348","34","农、林、牧、渔业","政策数量","1","17/9/2025 11:13:33","21/10/2025 13:26:53","2022","内蒙古自治区"
"7349",,,"地方政策-自治区人民政府办公厅政策数量","2","17/9/2025 11:13:33","17/9/2025 11:13:33","2022","内蒙古自治区"
"7350",,,"地方政策-内蒙古自治区科学技术厅政策数量","1","17/9/2025 11:13:33","17/9/2025 11:13:33","2022","内蒙古自治区"
"7351",,,"地方政策-通辽市人民政府办公室政策数量","1","17/9/2025 11:13:33","17/9/2025 11:13:33","2022","内蒙古自治区"
"7352","13","电力、热力、燃气及水生产和供应业","地方政策政策数量","3","17/9/2025 11:13:33","21/10/2025 13:26:53","2022","内蒙古自治区"
"7353","14","采矿业","地方政策政策数量","1","17/9/2025 11:13:34","21/10/2025 13:26:53","2022","内蒙古自治区"
"7354","2","化学原料和化学制品制造业","地方政策政策数量","1","17/9/2025 11:13:34","21/10/2025 13:26:53","2022","内蒙古自治区"
"7355","29","金属冶炼和压延加工业","地方政策政策数量","1","17/9/2025 11:13:34","21/10/2025 13:26:53","2022","内蒙古自治区"
"7356","3","信息传输、软件和信息技术服务业","地方政策政策数量","1","17/9/2025 11:13:34","21/10/2025 13:26:52","2022","内蒙古自治区"
"7357","34","农、林、牧、渔业","地方政策政策数量","1","17/9/2025 11:13:34","21/10/2025 13:26:53","2022","内蒙古自治区"
"7358","30","科学研究和技术服务业","地方政策政策数量","2","17/9/2025 11:13:34","21/10/2025 13:26:53","2022","内蒙古自治区"
"7359","17","交通运输、仓储和邮政业","地方政策政策数量","1","17/9/2025 11:13:34","21/10/2025 13:26:53","2022","内蒙古自治区"
"7360","9","批发和零售业","地方政策政策数量","1","17/9/2025 11:13:34","21/10/2025 13:26:53","2022","内蒙古自治区"
"7361","7","金融业","地方政策政策数量","1","17/9/2025 11:13:34","21/10/2025 13:26:52","2022","内蒙古自治区"
"7362","28","水利、环境和公共设施管理业","地方政策政策数量","1","17/9/2025 11:13:34","21/10/2025 13:26:52","2022","内蒙古自治区"
"7363","25","其他制造业","地方政策政策数量","1","17/9/2025 11:13:34","21/10/2025 13:26:53","2022","内蒙古自治区"
"7364","13","电力、热力、燃气及水生产和供应业","地方政策-自治区人民政府办公厅政策数量","2","17/9/2025 11:13:34","21/10/2025 13:26:53","2022","内蒙古自治区"
"7365","14","采矿业","地方政策-自治区人民政府办公厅政策数量","1","17/9/2025 11:13:34","21/10/2025 13:26:53","2022","内蒙古自治区"
"7366","2","化学原料和化学制品制造业","地方政策-自治区人民政府办公厅政策数量","1","17/9/2025 11:13:35","21/10/2025 13:26:53","2022","内蒙古自治区"
"7367","29","金属冶炼和压延加工业","地方政策-自治区人民政府办公厅政策数量","1","17/9/2025 11:13:35","21/10/2025 13:26:53","2022","内蒙古自治区"
"7368","3","信息传输、软件和信息技术服务业","地方政策-自治区人民政府办公厅政策数量","1","17/9/2025 11:13:35","21/10/2025 13:26:52","2022","内蒙古自治区"
"7369","34","农、林、牧、渔业","地方政策-自治区人民政府办公厅政策数量","1","17/9/2025 11:13:35","21/10/2025 13:26:53","2022","内蒙古自治区"
"7370","30","科学研究和技术服务业","地方政策-自治区人民政府办公厅政策数量","1","17/9/2025 11:13:35","21/10/2025 13:26:53","2022","内蒙古自治区"
"7371","17","交通运输、仓储和邮政业","地方政策-自治区人民政府办公厅政策数量","1","17/9/2025 11:13:35","21/10/2025 13:26:53","2022","内蒙古自治区"
"7372","9","批发和零售业","地方政策-自治区人民政府办公厅政策数量","1","17/9/2025 11:13:35","21/10/2025 13:26:53","2022","内蒙古自治区"
"7373","7","金融业","地方政策-自治区人民政府办公厅政策数量","1","17/9/2025 11:13:35","21/10/2025 13:26:52","2022","内蒙古自治区"
"7374","28","水利、环境和公共设施管理业","地方政策-自治区人民政府办公厅政策数量","1","17/9/2025 11:13:35","21/10/2025 13:26:52","2022","内蒙古自治区"
"7375","25","其他制造业","地方政策-自治区人民政府办公厅政策数量","1","17/9/2025 11:13:35","21/10/2025 13:26:53","2022","内蒙古自治区"
"7376","30","科学研究和技术服务业","地方政策-内蒙古自治区科学技术厅政策数量","1","17/9/2025 11:13:35","21/10/2025 13:26:53","2022","内蒙古自治区"
"7377","13","电力、热力、燃气及水生产和供应业","地方政策-通辽市人民政府办公室政策数量","1","17/9/2025 11:13:35","21/10/2025 13:26:53","2022","内蒙古自治区"
"7378",,,"发布政策数量","4","17/9/2025 11:13:36","17/9/2025 11:13:36","2022","广西壮族自治区"
"7379",,,"地方政策政策数量","4","17/9/2025 11:13:36","17/9/2025 11:13:36","2022","广西壮族自治区"
"7380",,,"广西壮族自治区科学技术厅发布政策数量","1","17/9/2025 11:13:36","17/9/2025 11:13:36","2022","广西壮族自治区"
"7381",,,"广西壮族自治区高级人民法院发布政策数量","1","17/9/2025 11:13:36","17/9/2025 11:13:36","2022","广西壮族自治区"
"7382",,,"广西壮族自治区市场监督管理局发布政策数量","1","17/9/2025 11:13:36","17/9/2025 11:13:36","2022","广西壮族自治区"
"7383",,,"广西壮族自治区人民政府办公厅发布政策数量","2","17/9/2025 11:13:36","17/9/2025 11:13:36","2022","广西壮族自治区"
"7384",,,"广西壮族自治区工业和信息化厅发布政策数量","1","17/9/2025 11:13:36","17/9/2025 11:13:36","2022","广西壮族自治区"
"7385","18","通用设备制造业","政策数量","1","17/9/2025 11:13:36","21/10/2025 13:26:53","2022","广西壮族自治区"
"7386","23","橡胶和塑料制品业","政策数量","1","17/9/2025 11:13:36","21/10/2025 13:26:53","2022","广西壮族自治区"
"7387","46","废弃资源综合利用业","政策数量","1","17/9/2025 11:13:36","21/10/2025 13:26:53","2022","广西壮族自治区"
"7388","3","信息传输、软件和信息技术服务业","政策数量","1","17/9/2025 11:13:36","21/10/2025 13:26:52","2022","广西壮族自治区"
"7389","26","金属制品业","政策数量","1","17/9/2025 11:13:36","21/10/2025 13:26:53","2022","广西壮族自治区"
"7390","47","木材加工和木、竹、藤、棕、草制品业","政策数量","1","17/9/2025 11:13:36","21/10/2025 13:26:53","2022","广西壮族自治区"
"7391","29","金属冶炼和压延加工业","政策数量","1","17/9/2025 11:13:36","21/10/2025 13:26:53","2022","广西壮族自治区"
"7392","27","铁路、船舶、航空航天和其他运输设备制造业","政策数量","1","17/9/2025 11:13:37","21/10/2025 13:26:53","2022","广西壮族自治区"
"7393","31","教育","政策数量","1","17/9/2025 11:13:37","21/10/2025 13:26:53","2022","广西壮族自治区"
"7394","2","化学原料和化学制品制造业","政策数量","1","17/9/2025 11:13:37","21/10/2025 13:26:53","2022","广西壮族自治区"
"7395","32","仪器仪表制造业","政策数量","1","17/9/2025 11:13:37","21/10/2025 13:26:53","2022","广西壮族自治区"
"7396","38","家具制造业","政策数量","1","17/9/2025 11:13:37","21/10/2025 13:26:53","2022","广西壮族自治区"
"7397","36","造纸和纸制品业","政策数量","1","17/9/2025 11:13:37","21/10/2025 13:26:53","2022","广西壮族自治区"
"7398","30","科学研究和技术服务业","政策数量","1","17/9/2025 11:13:37","21/10/2025 13:26:53","2022","广西壮族自治区"
"7399","15","纺织鞋服业","政策数量","1","17/9/2025 11:13:37","21/10/2025 13:26:53","2022","广西壮族自治区"
"7400","41","文教、工美、体育和娱乐用品制造业","政策数量","1","17/9/2025 11:13:37","21/10/2025 13:26:53","2022","广西壮族自治区"
"7401","12","汽车制造业","政策数量","1","17/9/2025 11:13:37","21/10/2025 13:26:53","2022","广西壮族自治区"
"7402","1","医药制造业","政策数量","1","17/9/2025 11:13:38","21/10/2025 13:26:53","2022","广西壮族自治区"
"7403","43","化学纤维制造业","政策数量","1","17/9/2025 11:13:38","21/10/2025 13:26:53","2022","广西壮族自治区"
"7404","5","专用设备制造业","政策数量","1","17/9/2025 11:13:38","21/10/2025 13:26:53","2022","广西壮族自治区"
"7405","22","非金属矿物制品业","政策数量","1","17/9/2025 11:13:38","21/10/2025 13:26:53","2022","广西壮族自治区"
"7406","45","石油加工、炼焦和核燃料加工业","政策数量","1","17/9/2025 11:13:38","21/10/2025 13:26:53","2022","广西壮族自治区"
"7407",,,"地方政策-广西壮族自治区科学技术厅政策数量","1","17/9/2025 11:13:38","17/9/2025 11:13:38","2022","广西壮族自治区"
"7408",,,"地方政策-广西壮族自治区高级人民法院政策数量","1","17/9/2025 11:13:38","17/9/2025 11:13:38","2022","广西壮族自治区"
"7409",,,"地方政策-广西壮族自治区市场监督管理局政策数量","1","17/9/2025 11:13:38","17/9/2025 11:13:38","2022","广西壮族自治区"
"7410",,,"地方政策-广西壮族自治区人民政府办公厅政策数量","2","17/9/2025 11:13:38","17/9/2025 11:13:38","2022","广西壮族自治区"
"7411",,,"地方政策-广西壮族自治区工业和信息化厅政策数量","1","17/9/2025 11:13:38","17/9/2025 11:13:38","2022","广西壮族自治区"
"7412","30","科学研究和技术服务业","地方政策政策数量","1","17/9/2025 11:13:38","21/10/2025 13:26:53","2022","广西壮族自治区"
"7413","12","汽车制造业","地方政策政策数量","1","17/9/2025 11:13:38","21/10/2025 13:26:53","2022","广西壮族自治区"
"7414","5","专用设备制造业","地方政策政策数量","1","17/9/2025 11:13:38","21/10/2025 13:26:53","2022","广西壮族自治区"
"7415","18","通用设备制造业","地方政策政策数量","1","17/9/2025 11:13:39","21/10/2025 13:26:53","2022","广西壮族自治区"
"7416","3","信息传输、软件和信息技术服务业","地方政策政策数量","1","17/9/2025 11:13:39","21/10/2025 13:26:52","2022","广西壮族自治区"
"7417","29","金属冶炼和压延加工业","地方政策政策数量","1","17/9/2025 11:13:39","21/10/2025 13:26:53","2022","广西壮族自治区"
"7418","2","化学原料和化学制品制造业","地方政策政策数量","1","17/9/2025 11:13:39","21/10/2025 13:26:53","2022","广西壮族自治区"
"7419","38","家具制造业","地方政策政策数量","1","17/9/2025 11:13:39","21/10/2025 13:26:53","2022","广西壮族自治区"
"7420","15","纺织鞋服业","地方政策政策数量","1","17/9/2025 11:13:39","21/10/2025 13:26:53","2022","广西壮族自治区"
"7421","1","医药制造业","地方政策政策数量","1","17/9/2025 11:13:39","21/10/2025 13:26:53","2022","广西壮族自治区"
"7422","22","非金属矿物制品业","地方政策政策数量","1","17/9/2025 11:13:39","21/10/2025 13:26:53","2022","广西壮族自治区"
"7423","23","橡胶和塑料制品业","地方政策政策数量","1","17/9/2025 11:13:39","21/10/2025 13:26:53","2022","广西壮族自治区"
"7424","26","金属制品业","地方政策政策数量","1","17/9/2025 11:13:39","21/10/2025 13:26:53","2022","广西壮族自治区"
"7425","27","铁路、船舶、航空航天和其他运输设备制造业","地方政策政策数量","1","17/9/2025 11:13:40","21/10/2025 13:26:53","2022","广西壮族自治区"
"7426","32","仪器仪表制造业","地方政策政策数量","1","17/9/2025 11:13:40","21/10/2025 13:26:53","2022","广西壮族自治区"
"7427","36","造纸和纸制品业","地方政策政策数量","1","17/9/2025 11:13:40","21/10/2025 13:26:53","2022","广西壮族自治区"
"7428","41","文教、工美、体育和娱乐用品制造业","地方政策政策数量","1","17/9/2025 11:13:40","21/10/2025 13:26:53","2022","广西壮族自治区"
"7429","43","化学纤维制造业","地方政策政策数量","1","17/9/2025 11:13:40","21/10/2025 13:26:53","2022","广西壮族自治区"
"7430","45","石油加工、炼焦和核燃料加工业","地方政策政策数量","1","17/9/2025 11:13:40","21/10/2025 13:26:53","2022","广西壮族自治区"
"7431","46","废弃资源综合利用业","地方政策政策数量","1","17/9/2025 11:13:40","21/10/2025 13:26:53","2022","广西壮族自治区"
"7432","47","木材加工和木、竹、藤、棕、草制品业","地方政策政策数量","1","17/9/2025 11:13:40","21/10/2025 13:26:53","2022","广西壮族自治区"
"7433","31","教育","地方政策政策数量","1","17/9/2025 11:13:40","21/10/2025 13:26:53","2022","广西壮族自治区"
"7434","30","科学研究和技术服务业","地方政策-广西壮族自治区科学技术厅政策数量","1","17/9/2025 11:13:40","21/10/2025 13:26:53","2022","广西壮族自治区"
"7435","30","科学研究和技术服务业","地方政策-广西壮族自治区高级人民法院政策数量","1","17/9/2025 11:13:40","21/10/2025 13:26:53","2022","广西壮族自治区"
"7436","30","科学研究和技术服务业","地方政策-广西壮族自治区市场监督管理局政策数量","1","17/9/2025 11:13:41","21/10/2025 13:26:53","2022","广西壮族自治区"
"7437","12","汽车制造业","地方政策-广西壮族自治区人民政府办公厅政策数量","1","17/9/2025 11:13:41","21/10/2025 13:26:53","2022","广西壮族自治区"
"7438","5","专用设备制造业","地方政策-广西壮族自治区人民政府办公厅政策数量","1","17/9/2025 11:13:41","21/10/2025 13:26:53","2022","广西壮族自治区"
"7439","18","通用设备制造业","地方政策-广西壮族自治区人民政府办公厅政策数量","1","17/9/2025 11:13:41","21/10/2025 13:26:53","2022","广西壮族自治区"
"7440","3","信息传输、软件和信息技术服务业","地方政策-广西壮族自治区人民政府办公厅政策数量","1","17/9/2025 11:13:41","21/10/2025 13:26:52","2022","广西壮族自治区"
"7441","29","金属冶炼和压延加工业","地方政策-广西壮族自治区人民政府办公厅政策数量","1","17/9/2025 11:13:41","21/10/2025 13:26:53","2022","广西壮族自治区"
"7442","2","化学原料和化学制品制造业","地方政策-广西壮族自治区人民政府办公厅政策数量","1","17/9/2025 11:13:41","21/10/2025 13:26:53","2022","广西壮族自治区"
"7443","38","家具制造业","地方政策-广西壮族自治区人民政府办公厅政策数量","1","17/9/2025 11:13:41","21/10/2025 13:26:53","2022","广西壮族自治区"
"7444","15","纺织鞋服业","地方政策-广西壮族自治区人民政府办公厅政策数量","1","17/9/2025 11:13:41","21/10/2025 13:26:53","2022","广西壮族自治区"
"7445","1","医药制造业","地方政策-广西壮族自治区人民政府办公厅政策数量","1","17/9/2025 11:13:41","21/10/2025 13:26:53","2022","广西壮族自治区"
"7446","22","非金属矿物制品业","地方政策-广西壮族自治区人民政府办公厅政策数量","1","17/9/2025 11:13:41","21/10/2025 13:26:53","2022","广西壮族自治区"
"7447","23","橡胶和塑料制品业","地方政策-广西壮族自治区人民政府办公厅政策数量","1","17/9/2025 11:13:41","21/10/2025 13:26:53","2022","广西壮族自治区"
"7448","26","金属制品业","地方政策-广西壮族自治区人民政府办公厅政策数量","1","17/9/2025 11:13:41","21/10/2025 13:26:53","2022","广西壮族自治区"
"7449","27","铁路、船舶、航空航天和其他运输设备制造业","地方政策-广西壮族自治区人民政府办公厅政策数量","1","17/9/2025 11:13:42","21/10/2025 13:26:53","2022","广西壮族自治区"
"7450","32","仪器仪表制造业","地方政策-广西壮族自治区人民政府办公厅政策数量","1","17/9/2025 11:13:42","21/10/2025 13:26:53","2022","广西壮族自治区"
"7451","36","造纸和纸制品业","地方政策-广西壮族自治区人民政府办公厅政策数量","1","17/9/2025 11:13:42","21/10/2025 13:26:53","2022","广西壮族自治区"
"7452","41","文教、工美、体育和娱乐用品制造业","地方政策-广西壮族自治区人民政府办公厅政策数量","1","17/9/2025 11:13:42","21/10/2025 13:26:53","2022","广西壮族自治区"
"7453","43","化学纤维制造业","地方政策-广西壮族自治区人民政府办公厅政策数量","1","17/9/2025 11:13:42","21/10/2025 13:26:53","2022","广西壮族自治区"
"7454","45","石油加工、炼焦和核燃料加工业","地方政策-广西壮族自治区人民政府办公厅政策数量","1","17/9/2025 11:13:42","21/10/2025 13:26:53","2022","广西壮族自治区"
"7455","46","废弃资源综合利用业","地方政策-广西壮族自治区人民政府办公厅政策数量","1","17/9/2025 11:13:42","21/10/2025 13:26:53","2022","广西壮族自治区"
"7456","47","木材加工和木、竹、藤、棕、草制品业","地方政策-广西壮族自治区人民政府办公厅政策数量","1","17/9/2025 11:13:42","21/10/2025 13:26:53","2022","广西壮族自治区"
"7457","31","教育","地方政策-广西壮族自治区人民政府办公厅政策数量","1","17/9/2025 11:13:42","21/10/2025 13:26:53","2022","广西壮族自治区"
"7458",,,"发布政策数量","4","17/9/2025 11:13:43","17/9/2025 11:13:43","2022","吉林省"
"7459",,,"地方政策政策数量","4","17/9/2025 11:13:43","17/9/2025 11:13:43","2022","吉林省"
"7460",,,"吉林市人民政府办公室发布政策数量","2","17/9/2025 11:13:43","17/9/2025 11:13:43","2022","吉林省"
"7461",,,"吉林省人民政府发布政策数量","1","17/9/2025 11:13:43","17/9/2025 11:13:43","2022","吉林省"
"7462",,,"国家知识产权局发布政策数量","1","17/9/2025 11:13:43","17/9/2025 11:13:43","2022","吉林省"
"7463",,,"吉林省人民政府办公厅发布政策数量","1","17/9/2025 11:13:43","17/9/2025 11:13:43","2022","吉林省"
"7464","13","电力、热力、燃气及水生产和供应业","政策数量","3","17/9/2025 11:13:43","21/10/2025 13:26:53","2022","吉林省"
"7465","3","信息传输、软件和信息技术服务业","政策数量","1","17/9/2025 11:13:43","21/10/2025 13:26:52","2022","吉林省"
"7466","34","农、林、牧、渔业","政策数量","1","17/9/2025 11:13:43","21/10/2025 13:26:53","2022","吉林省"
"7467","30","科学研究和技术服务业","政策数量","1","17/9/2025 11:13:43","21/10/2025 13:26:53","2022","吉林省"
"7468","33","文化、体育和娱乐业","政策数量","1","17/9/2025 11:13:43","21/10/2025 13:26:53","2022","吉林省"
"7469","20","租赁和商务服务业","政策数量","1","17/9/2025 11:13:43","21/10/2025 13:26:53","2022","吉林省"
"7470","9","批发和零售业","政策数量","1","17/9/2025 11:13:44","21/10/2025 13:26:53","2022","吉林省"
"7471","12","汽车制造业","政策数量","1","17/9/2025 11:13:44","21/10/2025 13:26:53","2022","吉林省"
"7472",,"互联网和相关服务","政策数量","1","17/9/2025 11:13:44","17/9/2025 11:13:44","2022","吉林省"
"7473","1","医药制造业","政策数量","1","17/9/2025 11:13:44","21/10/2025 13:26:53","2022","吉林省"
"7474",,,"地方政策-吉林市人民政府办公室政策数量","2","17/9/2025 11:13:44","17/9/2025 11:13:44","2022","吉林省"
"7475",,,"地方政策-吉林省人民政府政策数量","1","17/9/2025 11:13:44","17/9/2025 11:13:44","2022","吉林省"
"7476",,,"地方政策-国家知识产权局政策数量","1","17/9/2025 11:13:44","17/9/2025 11:13:44","2022","吉林省"
"7477",,,"地方政策-吉林省人民政府办公厅政策数量","1","17/9/2025 11:13:44","17/9/2025 11:13:44","2022","吉林省"
"7478","12","汽车制造业","地方政策政策数量","1","17/9/2025 11:13:44","21/10/2025 13:26:53","2022","吉林省"
"7479","1","医药制造业","地方政策政策数量","1","17/9/2025 11:13:44","21/10/2025 13:26:53","2022","吉林省"
"7480","3","信息传输、软件和信息技术服务业","地方政策政策数量","1","17/9/2025 11:13:44","21/10/2025 13:26:52","2022","吉林省"
"7481","34","农、林、牧、渔业","地方政策政策数量","1","17/9/2025 11:13:44","21/10/2025 13:26:53","2022","吉林省"
"7482","13","电力、热力、燃气及水生产和供应业","地方政策政策数量","3","17/9/2025 11:13:44","21/10/2025 13:26:53","2022","吉林省"
"7483","30","科学研究和技术服务业","地方政策政策数量","1","17/9/2025 11:13:44","21/10/2025 13:26:53","2022","吉林省"
"7484","33","文化、体育和娱乐业","地方政策政策数量","1","17/9/2025 11:13:44","21/10/2025 13:26:53","2022","吉林省"
"7485","20","租赁和商务服务业","地方政策政策数量","1","17/9/2025 11:13:44","21/10/2025 13:26:53","2022","吉林省"
"7486","9","批发和零售业","地方政策政策数量","1","17/9/2025 11:13:44","21/10/2025 13:26:53","2022","吉林省"
"7487",,"互联网和相关服务","地方政策政策数量","1","17/9/2025 11:13:44","17/9/2025 11:13:44","2022","吉林省"
"7488","13","电力、热力、燃气及水生产和供应业","地方政策-吉林市人民政府办公室政策数量","1","17/9/2025 11:13:44","21/10/2025 13:26:53","2022","吉林省"
"7489","12","汽车制造业","地方政策-吉林省人民政府政策数量","1","17/9/2025 11:13:45","21/10/2025 13:26:53","2022","吉林省"
"7490","1","医药制造业","地方政策-吉林省人民政府政策数量","1","17/9/2025 11:13:45","21/10/2025 13:26:53","2022","吉林省"
"7491","3","信息传输、软件和信息技术服务业","地方政策-吉林省人民政府政策数量","1","17/9/2025 11:13:45","21/10/2025 13:26:52","2022","吉林省"
"7492","34","农、林、牧、渔业","地方政策-吉林省人民政府政策数量","1","17/9/2025 11:13:45","21/10/2025 13:26:53","2022","吉林省"
"7493","13","电力、热力、燃气及水生产和供应业","地方政策-吉林省人民政府政策数量","1","17/9/2025 11:13:45","21/10/2025 13:26:53","2022","吉林省"
"7494","30","科学研究和技术服务业","地方政策-吉林省人民政府政策数量","1","17/9/2025 11:13:45","21/10/2025 13:26:53","2022","吉林省"
"7495","33","文化、体育和娱乐业","地方政策-吉林省人民政府政策数量","1","17/9/2025 11:13:45","21/10/2025 13:26:53","2022","吉林省"
"7496","20","租赁和商务服务业","地方政策-吉林省人民政府政策数量","1","17/9/2025 11:13:45","21/10/2025 13:26:53","2022","吉林省"
"7497","9","批发和零售业","地方政策-吉林省人民政府政策数量","1","17/9/2025 11:13:45","21/10/2025 13:26:53","2022","吉林省"
"7498",,"互联网和相关服务","地方政策-吉林省人民政府政策数量","1","17/9/2025 11:13:45","17/9/2025 11:13:45","2022","吉林省"
"7499","12","汽车制造业","地方政策-国家知识产权局政策数量","1","17/9/2025 11:13:45","21/10/2025 13:26:53","2022","吉林省"
"7500","1","医药制造业","地方政策-国家知识产权局政策数量","1","17/9/2025 11:13:45","21/10/2025 13:26:53","2022","吉林省"
"7501","3","信息传输、软件和信息技术服务业","地方政策-国家知识产权局政策数量","1","17/9/2025 11:13:45","21/10/2025 13:26:52","2022","吉林省"
"7502","34","农、林、牧、渔业","地方政策-国家知识产权局政策数量","1","17/9/2025 11:13:45","21/10/2025 13:26:53","2022","吉林省"
"7503","13","电力、热力、燃气及水生产和供应业","地方政策-国家知识产权局政策数量","1","17/9/2025 11:13:45","21/10/2025 13:26:53","2022","吉林省"
"7504","30","科学研究和技术服务业","地方政策-国家知识产权局政策数量","1","17/9/2025 11:13:45","21/10/2025 13:26:53","2022","吉林省"
"7505","33","文化、体育和娱乐业","地方政策-国家知识产权局政策数量","1","17/9/2025 11:13:45","21/10/2025 13:26:53","2022","吉林省"
"7506","20","租赁和商务服务业","地方政策-国家知识产权局政策数量","1","17/9/2025 11:13:45","21/10/2025 13:26:53","2022","吉林省"
"7507","9","批发和零售业","地方政策-国家知识产权局政策数量","1","17/9/2025 11:13:46","21/10/2025 13:26:53","2022","吉林省"
"7508",,"互联网和相关服务","地方政策-国家知识产权局政策数量","1","17/9/2025 11:13:46","17/9/2025 11:13:46","2022","吉林省"
"7509","13","电力、热力、燃气及水生产和供应业","地方政策-吉林省人民政府办公厅政策数量","1","17/9/2025 11:13:46","21/10/2025 13:26:53","2022","吉林省"
"7510",,,"发布政策数量","3","17/9/2025 11:13:46","17/9/2025 11:13:46","2022","辽宁省"
"7511",,,"地方政策政策数量","3","17/9/2025 11:13:46","17/9/2025 11:13:46","2022","辽宁省"
"7512",,,"辽宁省人民政府发布政策数量","1","17/9/2025 11:13:46","17/9/2025 11:13:46","2022","辽宁省"
"7513",,,"辽宁省人民政府办公厅发布政策数量","2","17/9/2025 11:13:46","17/9/2025 11:13:46","2022","辽宁省"
"7514","29","金属冶炼和压延加工业","政策数量","1","17/9/2025 11:13:46","21/10/2025 13:26:53","2022","辽宁省"
"7515","23","橡胶和塑料制品业","政策数量","1","17/9/2025 11:13:46","21/10/2025 13:26:53","2022","辽宁省"
"7516","27","铁路、船舶、航空航天和其他运输设备制造业","政策数量","1","17/9/2025 11:13:46","21/10/2025 13:26:53","2022","辽宁省"
"7517","28","水利、环境和公共设施管理业","政策数量","1","17/9/2025 11:13:46","21/10/2025 13:26:52","2022","辽宁省"
"7518","22","非金属矿物制品业","政策数量","1","17/9/2025 11:13:46","21/10/2025 13:26:53","2022","辽宁省"
"7519","38","家具制造业","政策数量","1","17/9/2025 11:13:46","21/10/2025 13:26:53","2022","辽宁省"
"7520",,"电气机械和器材制造业","政策数量","1","17/9/2025 11:13:46","17/9/2025 11:13:46","2022","辽宁省"
"7521","34","农、林、牧、渔业","政策数量","1","17/9/2025 11:13:46","21/10/2025 13:26:53","2022","辽宁省"
"7522","45","石油加工、炼焦和核燃料加工业","政策数量","1","17/9/2025 11:13:46","21/10/2025 13:26:53","2022","辽宁省"
"7523","41","文教、工美、体育和娱乐用品制造业","政策数量","1","17/9/2025 11:13:47","21/10/2025 13:26:53","2022","辽宁省"
"7524",,"计算机、通信和其他电子设备制造业","政策数量","1","17/9/2025 11:13:47","17/9/2025 11:13:47","2022","辽宁省"
"7525","30","科学研究和技术服务业","政策数量","1","17/9/2025 11:13:47","21/10/2025 13:26:53","2022","辽宁省"
"7526","17","交通运输、仓储和邮政业","政策数量","1","17/9/2025 11:13:47","21/10/2025 13:26:53","2022","辽宁省"
"7527","39","印刷和记录媒介复制业","政策数量","1","17/9/2025 11:13:47","21/10/2025 13:26:53","2022","辽宁省"
"7528","32","仪器仪表制造业","政策数量","1","17/9/2025 11:13:47","21/10/2025 13:26:53","2022","辽宁省"
"7529","7","金融业","政策数量","1","17/9/2025 11:13:47","21/10/2025 13:26:52","2022","辽宁省"
"7530","2","化学原料和化学制品制造业","政策数量","1","17/9/2025 11:13:47","21/10/2025 13:26:53","2022","辽宁省"
"7531","1","医药制造业","政策数量","1","17/9/2025 11:13:47","21/10/2025 13:26:53","2022","辽宁省"
"7532","25","其他制造业","政策数量","1","17/9/2025 11:13:47","21/10/2025 13:26:53","2022","辽宁省"
"7533","43","化学纤维制造业","政策数量","1","17/9/2025 11:13:47","21/10/2025 13:26:53","2022","辽宁省"
"7534","18","通用设备制造业","政策数量","1","17/9/2025 11:13:47","21/10/2025 13:26:53","2022","辽宁省"
"7535","46","废弃资源综合利用业","政策数量","1","17/9/2025 11:13:47","21/10/2025 13:26:53","2022","辽宁省"
"7536","36","造纸和纸制品业","政策数量","1","17/9/2025 11:13:47","21/10/2025 13:26:53","2022","辽宁省"
"7537","5","专用设备制造业","政策数量","1","17/9/2025 11:13:47","21/10/2025 13:26:53","2022","辽宁省"
"7538","14","采矿业","政策数量","1","17/9/2025 11:13:47","21/10/2025 13:26:53","2022","辽宁省"
"7539","13","电力、热力、燃气及水生产和供应业","政策数量","1","17/9/2025 11:13:47","21/10/2025 13:26:53","2022","辽宁省"
"7540","15","纺织鞋服业","政策数量","1","17/9/2025 11:13:47","21/10/2025 13:26:53","2022","辽宁省"
"7541","12","汽车制造业","政策数量","1","17/9/2025 11:13:47","21/10/2025 13:26:53","2022","辽宁省"
"7542","16","建筑业","政策数量","1","17/9/2025 11:13:47","21/10/2025 13:26:53","2022","辽宁省"
"7543",,,"地方政策-辽宁省人民政府政策数量","1","17/9/2025 11:13:47","17/9/2025 11:13:47","2022","辽宁省"
"7544",,,"地方政策-辽宁省人民政府办公厅政策数量","2","17/9/2025 11:13:48","17/9/2025 11:13:48","2022","辽宁省"
"7545","13","电力、热力、燃气及水生产和供应业","地方政策政策数量","1","17/9/2025 11:13:48","21/10/2025 13:26:53","2022","辽宁省"
"7546","29","金属冶炼和压延加工业","地方政策政策数量","1","17/9/2025 11:13:48","21/10/2025 13:26:53","2022","辽宁省"
"7547","22","非金属矿物制品业","地方政策政策数量","1","17/9/2025 11:13:48","21/10/2025 13:26:53","2022","辽宁省"
"7548","45","石油加工、炼焦和核燃料加工业","地方政策政策数量","1","17/9/2025 11:13:48","21/10/2025 13:26:53","2022","辽宁省"
"7549","17","交通运输、仓储和邮政业","地方政策政策数量","1","17/9/2025 11:13:48","21/10/2025 13:26:53","2022","辽宁省"
"7550","2","化学原料和化学制品制造业","地方政策政策数量","1","17/9/2025 11:13:48","21/10/2025 13:26:53","2022","辽宁省"
"7551","43","化学纤维制造业","地方政策政策数量","1","17/9/2025 11:13:48","21/10/2025 13:26:53","2022","辽宁省"
"7552","36","造纸和纸制品业","地方政策政策数量","1","17/9/2025 11:13:48","21/10/2025 13:26:53","2022","辽宁省"
"7553","15","纺织鞋服业","地方政策政策数量","1","17/9/2025 11:13:48","21/10/2025 13:26:53","2022","辽宁省"
"7554","23","橡胶和塑料制品业","地方政策政策数量","1","17/9/2025 11:13:48","21/10/2025 13:26:53","2022","辽宁省"
"7555","38","家具制造业","地方政策政策数量","1","17/9/2025 11:13:48","21/10/2025 13:26:53","2022","辽宁省"
"7556","41","文教、工美、体育和娱乐用品制造业","地方政策政策数量","1","17/9/2025 11:13:48","21/10/2025 13:26:53","2022","辽宁省"
"7557","39","印刷和记录媒介复制业","地方政策政策数量","1","17/9/2025 11:13:48","21/10/2025 13:26:53","2022","辽宁省"
"7558","1","医药制造业","地方政策政策数量","1","17/9/2025 11:13:48","21/10/2025 13:26:53","2022","辽宁省"
"7559","18","通用设备制造业","地方政策政策数量","1","17/9/2025 11:13:48","21/10/2025 13:26:53","2022","辽宁省"
"7560","5","专用设备制造业","地方政策政策数量","1","17/9/2025 11:13:48","21/10/2025 13:26:53","2022","辽宁省"
"7561","12","汽车制造业","地方政策政策数量","1","17/9/2025 11:13:48","21/10/2025 13:26:53","2022","辽宁省"
"7562","27","铁路、船舶、航空航天和其他运输设备制造业","地方政策政策数量","1","17/9/2025 11:13:48","21/10/2025 13:26:53","2022","辽宁省"
"7563",,"电气机械和器材制造业","地方政策政策数量","1","17/9/2025 11:13:48","17/9/2025 11:13:48","2022","辽宁省"
"7564",,"计算机、通信和其他电子设备制造业","地方政策政策数量","1","17/9/2025 11:13:49","17/9/2025 11:13:49","2022","辽宁省"
"7565","32","仪器仪表制造业","地方政策政策数量","1","17/9/2025 11:13:49","21/10/2025 13:26:53","2022","辽宁省"
"7566","25","其他制造业","地方政策政策数量","1","17/9/2025 11:13:49","21/10/2025 13:26:53","2022","辽宁省"
"7567","46","废弃资源综合利用业","地方政策政策数量","1","17/9/2025 11:13:49","21/10/2025 13:26:53","2022","辽宁省"
"7568","14","采矿业","地方政策政策数量","1","17/9/2025 11:13:49","21/10/2025 13:26:53","2022","辽宁省"
"7569","16","建筑业","地方政策政策数量","1","17/9/2025 11:13:49","21/10/2025 13:26:53","2022","辽宁省"
"7570","28","水利、环境和公共设施管理业","地方政策政策数量","1","17/9/2025 11:13:49","21/10/2025 13:26:52","2022","辽宁省"
"7571","34","农、林、牧、渔业","地方政策政策数量","1","17/9/2025 11:13:49","21/10/2025 13:26:53","2022","辽宁省"
"7572","30","科学研究和技术服务业","地方政策政策数量","1","17/9/2025 11:13:49","21/10/2025 13:26:53","2022","辽宁省"
"7573","7","金融业","地方政策政策数量","1","17/9/2025 11:13:49","21/10/2025 13:26:52","2022","辽宁省"
"7574","13","电力、热力、燃气及水生产和供应业","地方政策-辽宁省人民政府政策数量","1","17/9/2025 11:13:49","21/10/2025 13:26:53","2022","辽宁省"
"7575","29","金属冶炼和压延加工业","地方政策-辽宁省人民政府政策数量","1","17/9/2025 11:13:49","21/10/2025 13:26:53","2022","辽宁省"
"7576","22","非金属矿物制品业","地方政策-辽宁省人民政府政策数量","1","17/9/2025 11:13:49","21/10/2025 13:26:53","2022","辽宁省"
"7577","45","石油加工、炼焦和核燃料加工业","地方政策-辽宁省人民政府政策数量","1","17/9/2025 11:13:49","21/10/2025 13:26:53","2022","辽宁省"
"7578","17","交通运输、仓储和邮政业","地方政策-辽宁省人民政府政策数量","1","17/9/2025 11:13:49","21/10/2025 13:26:53","2022","辽宁省"
"7579","2","化学原料和化学制品制造业","地方政策-辽宁省人民政府政策数量","1","17/9/2025 11:13:49","21/10/2025 13:26:53","2022","辽宁省"
"7580","43","化学纤维制造业","地方政策-辽宁省人民政府政策数量","1","17/9/2025 11:13:49","21/10/2025 13:26:53","2022","辽宁省"
"7581","36","造纸和纸制品业","地方政策-辽宁省人民政府政策数量","1","17/9/2025 11:13:49","21/10/2025 13:26:53","2022","辽宁省"
"7582","15","纺织鞋服业","地方政策-辽宁省人民政府政策数量","1","17/9/2025 11:13:49","21/10/2025 13:26:53","2022","辽宁省"
"7583","23","橡胶和塑料制品业","地方政策-辽宁省人民政府政策数量","1","17/9/2025 11:13:50","21/10/2025 13:26:53","2022","辽宁省"
"7584","38","家具制造业","地方政策-辽宁省人民政府政策数量","1","17/9/2025 11:13:50","21/10/2025 13:26:53","2022","辽宁省"
"7585","41","文教、工美、体育和娱乐用品制造业","地方政策-辽宁省人民政府政策数量","1","17/9/2025 11:13:50","21/10/2025 13:26:53","2022","辽宁省"
"7586","39","印刷和记录媒介复制业","地方政策-辽宁省人民政府政策数量","1","17/9/2025 11:13:50","21/10/2025 13:26:53","2022","辽宁省"
"7587","1","医药制造业","地方政策-辽宁省人民政府政策数量","1","17/9/2025 11:13:50","21/10/2025 13:26:53","2022","辽宁省"
"7588","18","通用设备制造业","地方政策-辽宁省人民政府政策数量","1","17/9/2025 11:13:50","21/10/2025 13:26:53","2022","辽宁省"
"7589","5","专用设备制造业","地方政策-辽宁省人民政府政策数量","1","17/9/2025 11:13:50","21/10/2025 13:26:53","2022","辽宁省"
"7590","12","汽车制造业","地方政策-辽宁省人民政府政策数量","1","17/9/2025 11:13:50","21/10/2025 13:26:53","2022","辽宁省"
"7591","27","铁路、船舶、航空航天和其他运输设备制造业","地方政策-辽宁省人民政府政策数量","1","17/9/2025 11:13:50","21/10/2025 13:26:53","2022","辽宁省"
"7592",,"电气机械和器材制造业","地方政策-辽宁省人民政府政策数量","1","17/9/2025 11:13:50","17/9/2025 11:13:50","2022","辽宁省"
"7593",,"计算机、通信和其他电子设备制造业","地方政策-辽宁省人民政府政策数量","1","17/9/2025 11:13:50","17/9/2025 11:13:50","2022","辽宁省"
"7594","32","仪器仪表制造业","地方政策-辽宁省人民政府政策数量","1","17/9/2025 11:13:50","21/10/2025 13:26:53","2022","辽宁省"
"7595","25","其他制造业","地方政策-辽宁省人民政府政策数量","1","17/9/2025 11:13:50","21/10/2025 13:26:53","2022","辽宁省"
"7596","46","废弃资源综合利用业","地方政策-辽宁省人民政府政策数量","1","17/9/2025 11:13:50","21/10/2025 13:26:53","2022","辽宁省"
"7597","14","采矿业","地方政策-辽宁省人民政府政策数量","1","17/9/2025 11:13:50","21/10/2025 13:26:53","2022","辽宁省"
"7598","16","建筑业","地方政策-辽宁省人民政府政策数量","1","17/9/2025 11:13:50","21/10/2025 13:26:53","2022","辽宁省"
"7599","28","水利、环境和公共设施管理业","地方政策-辽宁省人民政府政策数量","1","17/9/2025 11:13:50","21/10/2025 13:26:52","2022","辽宁省"
"7600","34","农、林、牧、渔业","地方政策-辽宁省人民政府政策数量","1","17/9/2025 11:13:50","21/10/2025 13:26:53","2022","辽宁省"
"7601","30","科学研究和技术服务业","地方政策-辽宁省人民政府办公厅政策数量","1","17/9/2025 11:13:50","21/10/2025 13:26:53","2022","辽宁省"
"7602","7","金融业","地方政策-辽宁省人民政府办公厅政策数量","1","17/9/2025 11:13:51","21/10/2025 13:26:52","2022","辽宁省"
"7603",,,"发布政策数量","5","17/9/2025 11:13:51","17/9/2025 11:13:51","2022","天津市"
"7604",,,"地方政策政策数量","5","17/9/2025 11:13:51","17/9/2025 11:13:51","2022","天津市"
"7605",,,"天津市人民政府办公厅发布政策数量","1","17/9/2025 11:13:51","17/9/2025 11:13:51","2022","天津市"
"7606",,,"天津高新区发布政策数量","3","17/9/2025 11:13:51","17/9/2025 11:13:51","2022","天津市"
"7607",,,"天津市财政局发布政策数量","1","17/9/2025 11:13:51","17/9/2025 11:13:51","2022","天津市"
"7608","30","科学研究和技术服务业","政策数量","2","17/9/2025 11:13:51","21/10/2025 13:26:53","2022","天津市"
"7609","1","医药制造业","政策数量","2","17/9/2025 11:13:51","21/10/2025 13:26:53","2022","天津市"
"7610","3","信息传输、软件和信息技术服务业","政策数量","1","17/9/2025 11:13:51","21/10/2025 13:26:52","2022","天津市"
"7611","34","农、林、牧、渔业","政策数量","1","17/9/2025 11:13:51","21/10/2025 13:26:53","2022","天津市"
"7612","13","电力、热力、燃气及水生产和供应业","政策数量","1","17/9/2025 11:13:51","21/10/2025 13:26:53","2022","天津市"
"7613","5","专用设备制造业","政策数量","1","17/9/2025 11:13:51","21/10/2025 13:26:53","2022","天津市"
"7614","17","交通运输、仓储和邮政业","政策数量","1","17/9/2025 11:13:51","21/10/2025 13:26:53","2022","天津市"
"7615","18","通用设备制造业","政策数量","1","17/9/2025 11:13:52","21/10/2025 13:26:53","2022","天津市"
"7616","28","水利、环境和公共设施管理业","政策数量","1","17/9/2025 11:13:52","21/10/2025 13:26:52","2022","天津市"
"7617","32","仪器仪表制造业","政策数量","1","17/9/2025 11:13:52","21/10/2025 13:26:53","2022","天津市"
"7618","16","建筑业","政策数量","1","17/9/2025 11:13:52","21/10/2025 13:26:53","2022","天津市"
"7619","27","铁路、船舶、航空航天和其他运输设备制造业","政策数量","1","17/9/2025 11:13:52","21/10/2025 13:26:53","2022","天津市"
"7620",,"制造业","政策数量","1","17/9/2025 11:13:52","17/9/2025 11:13:52","2022","天津市"
"7621","14","采矿业","政策数量","1","17/9/2025 11:13:52","21/10/2025 13:26:53","2022","天津市"
"7622",,,"地方政策-天津市人民政府办公厅政策数量","1","17/9/2025 11:13:52","17/9/2025 11:13:52","2022","天津市"
"7623",,,"地方政策-天津高新区政策数量","3","17/9/2025 11:13:52","17/9/2025 11:13:52","2022","天津市"
"7624",,,"地方政策-天津市财政局政策数量","1","17/9/2025 11:13:52","17/9/2025 11:13:52","2022","天津市"
"7625","5","专用设备制造业","地方政策政策数量","1","17/9/2025 11:13:52","21/10/2025 13:26:53","2022","天津市"
"7626","18","通用设备制造业","地方政策政策数量","1","17/9/2025 11:13:52","21/10/2025 13:26:53","2022","天津市"
"7627","32","仪器仪表制造业","地方政策政策数量","1","17/9/2025 11:13:52","21/10/2025 13:26:53","2022","天津市"
"7628","27","铁路、船舶、航空航天和其他运输设备制造业","地方政策政策数量","1","17/9/2025 11:13:52","21/10/2025 13:26:53","2022","天津市"
"7629","1","医药制造业","地方政策政策数量","2","17/9/2025 11:13:52","21/10/2025 13:26:53","2022","天津市"
"7630","3","信息传输、软件和信息技术服务业","地方政策政策数量","1","17/9/2025 11:13:52","21/10/2025 13:26:52","2022","天津市"
"7631","30","科学研究和技术服务业","地方政策政策数量","2","17/9/2025 11:13:52","21/10/2025 13:26:53","2022","天津市"
"7632","13","电力、热力、燃气及水生产和供应业","地方政策政策数量","1","17/9/2025 11:13:52","21/10/2025 13:26:53","2022","天津市"
"7633","17","交通运输、仓储和邮政业","地方政策政策数量","1","17/9/2025 11:13:52","21/10/2025 13:26:53","2022","天津市"
"7634","28","水利、环境和公共设施管理业","地方政策政策数量","1","17/9/2025 11:13:52","21/10/2025 13:26:52","2022","天津市"
"7635","16","建筑业","地方政策政策数量","1","17/9/2025 11:13:53","21/10/2025 13:26:53","2022","天津市"
"7636",,"制造业","地方政策政策数量","1","17/9/2025 11:13:53","17/9/2025 11:13:53","2022","天津市"
"7637","14","采矿业","地方政策政策数量","1","17/9/2025 11:13:53","21/10/2025 13:26:53","2022","天津市"
"7638","34","农、林、牧、渔业","地方政策政策数量","1","17/9/2025 11:13:53","21/10/2025 13:26:53","2022","天津市"
"7639","5","专用设备制造业","地方政策-天津市人民政府办公厅政策数量","1","17/9/2025 11:13:53","21/10/2025 13:26:53","2022","天津市"
"7640","18","通用设备制造业","地方政策-天津市人民政府办公厅政策数量","1","17/9/2025 11:13:53","21/10/2025 13:26:53","2022","天津市"
"7641","32","仪器仪表制造业","地方政策-天津市人民政府办公厅政策数量","1","17/9/2025 11:13:53","21/10/2025 13:26:53","2022","天津市"
"7642","27","铁路、船舶、航空航天和其他运输设备制造业","地方政策-天津市人民政府办公厅政策数量","1","17/9/2025 11:13:53","21/10/2025 13:26:53","2022","天津市"
"7643","1","医药制造业","地方政策-天津高新区政策数量","2","17/9/2025 11:13:53","21/10/2025 13:26:53","2022","天津市"
"7644","3","信息传输、软件和信息技术服务业","地方政策-天津高新区政策数量","1","17/9/2025 11:13:53","21/10/2025 13:26:52","2022","天津市"
"7645","30","科学研究和技术服务业","地方政策-天津高新区政策数量","1","17/9/2025 11:13:53","21/10/2025 13:26:53","2022","天津市"
"7646","13","电力、热力、燃气及水生产和供应业","地方政策-天津市财政局政策数量","1","17/9/2025 11:13:53","21/10/2025 13:26:53","2022","天津市"
"7647","17","交通运输、仓储和邮政业","地方政策-天津市财政局政策数量","1","17/9/2025 11:13:53","21/10/2025 13:26:53","2022","天津市"
"7648","28","水利、环境和公共设施管理业","地方政策-天津市财政局政策数量","1","17/9/2025 11:13:53","21/10/2025 13:26:52","2022","天津市"
"7649","30","科学研究和技术服务业","地方政策-天津市财政局政策数量","1","17/9/2025 11:13:53","21/10/2025 13:26:53","2022","天津市"
"7650","16","建筑业","地方政策-天津市财政局政策数量","1","17/9/2025 11:13:53","21/10/2025 13:26:53","2022","天津市"
"7651",,"制造业","地方政策-天津市财政局政策数量","1","17/9/2025 11:13:53","17/9/2025 11:13:53","2022","天津市"
"7652","14","采矿业","地方政策-天津市财政局政策数量","1","17/9/2025 11:13:53","21/10/2025 13:26:53","2022","天津市"
"7653","34","农、林、牧、渔业","地方政策-天津市财政局政策数量","1","17/9/2025 11:13:53","21/10/2025 13:26:53","2022","天津市"
"7654",,,"发布政策数量","1","17/9/2025 11:13:54","17/9/2025 11:13:54","2022","青海省"
"7655",,,"地方政策政策数量","1","17/9/2025 11:13:54","17/9/2025 11:13:54","2022","青海省"
"7656",,,"青海省科学技术厅发布政策数量","1","17/9/2025 11:13:54","17/9/2025 11:13:54","2022","青海省"
"7657","30","科学研究和技术服务业","政策数量","1","17/9/2025 11:13:54","21/10/2025 13:26:53","2022","青海省"
"7658",,,"地方政策-青海省科学技术厅政策数量","1","17/9/2025 11:13:54","17/9/2025 11:13:54","2022","青海省"
"7659","30","科学研究和技术服务业","地方政策政策数量","1","17/9/2025 11:13:54","21/10/2025 13:26:53","2022","青海省"
"7660","30","科学研究和技术服务业","地方政策-青海省科学技术厅政策数量","1","17/9/2025 11:13:54","21/10/2025 13:26:53","2022","青海省"
"7661",,,"发布政策数量","2","17/9/2025 11:13:54","17/9/2025 11:13:54","2022","西藏自治区"
"7662",,,"地方政策政策数量","2","17/9/2025 11:13:54","17/9/2025 11:13:54","2022","西藏自治区"
"7663",,,"自治区经济和信息化厅发布政策数量","1","17/9/2025 11:13:54","17/9/2025 11:13:54","2022","西藏自治区"
"7664",,,"西藏自治区人民政府办公厅秘书处发布政策数量","1","17/9/2025 11:13:54","17/9/2025 11:13:54","2022","西藏自治区"
"7665","34","农、林、牧、渔业","政策数量","1","17/9/2025 11:13:54","21/10/2025 13:26:53","2022","西藏自治区"
"7666","30","科学研究和技术服务业","政策数量","1","17/9/2025 11:13:54","21/10/2025 13:26:53","2022","西藏自治区"
"7667",,"制造业","政策数量","1","17/9/2025 11:13:54","17/9/2025 11:13:54","2022","西藏自治区"
"7668","31","教育","政策数量","1","17/9/2025 11:13:54","21/10/2025 13:26:53","2022","西藏自治区"
"7669","14","采矿业","政策数量","1","17/9/2025 11:13:55","21/10/2025 13:26:53","2022","西藏自治区"
"7670","35","卫生和社会工作","政策数量","1","17/9/2025 11:13:55","21/10/2025 13:26:53","2022","西藏自治区"
"7671","13","电力、热力、燃气及水生产和供应业","政策数量","1","17/9/2025 11:13:55","21/10/2025 13:26:53","2022","西藏自治区"
"7672","33","文化、体育和娱乐业","政策数量","1","17/9/2025 11:13:55","21/10/2025 13:26:53","2022","西藏自治区"
"7673","17","交通运输、仓储和邮政业","政策数量","1","17/9/2025 11:13:55","21/10/2025 13:26:53","2022","西藏自治区"
"7674","48","居民服务、修理和其他服务业","政策数量","1","17/9/2025 11:13:55","21/10/2025 13:26:53","2022","西藏自治区"
"7675","3","信息传输、软件和信息技术服务业","政策数量","1","17/9/2025 11:13:55","21/10/2025 13:26:52","2022","西藏自治区"
"7676","9","批发和零售业","政策数量","1","17/9/2025 11:13:55","21/10/2025 13:26:53","2022","西藏自治区"
"7677","28","水利、环境和公共设施管理业","政策数量","1","17/9/2025 11:13:55","21/10/2025 13:26:52","2022","西藏自治区"
"7678","37","住宿和餐饮业","政策数量","1","17/9/2025 11:13:55","21/10/2025 13:26:53","2022","西藏自治区"
"7679","16","建筑业","政策数量","1","17/9/2025 11:13:55","21/10/2025 13:26:53","2022","西藏自治区"
"7680","7","金融业","政策数量","1","17/9/2025 11:13:55","21/10/2025 13:26:52","2022","西藏自治区"
"7681",,,"地方政策-自治区经济和信息化厅政策数量","1","17/9/2025 11:13:55","17/9/2025 11:13:55","2022","西藏自治区"
"7682",,,"地方政策-西藏自治区人民政府办公厅秘书处政策数量","1","17/9/2025 11:13:55","17/9/2025 11:13:55","2022","西藏自治区"
"7683","3","信息传输、软件和信息技术服务业","地方政策政策数量","1","17/9/2025 11:13:55","21/10/2025 13:26:52","2022","西藏自治区"
"7684","28","水利、环境和公共设施管理业","地方政策政策数量","1","17/9/2025 11:13:55","21/10/2025 13:26:52","2022","西藏自治区"
"7685","16","建筑业","地方政策政策数量","1","17/9/2025 11:13:55","21/10/2025 13:26:53","2022","西藏自治区"
"7686","34","农、林、牧、渔业","地方政策政策数量","1","17/9/2025 11:13:55","21/10/2025 13:26:53","2022","西藏自治区"
"7687",,"制造业","地方政策政策数量","1","17/9/2025 11:13:55","17/9/2025 11:13:55","2022","西藏自治区"
"7688","14","采矿业","地方政策政策数量","1","17/9/2025 11:13:55","21/10/2025 13:26:53","2022","西藏自治区"
"7689","13","电力、热力、燃气及水生产和供应业","地方政策政策数量","1","17/9/2025 11:13:56","21/10/2025 13:26:53","2022","西藏自治区"
"7690","17","交通运输、仓储和邮政业","地方政策政策数量","1","17/9/2025 11:13:56","21/10/2025 13:26:53","2022","西藏自治区"
"7691","9","批发和零售业","地方政策政策数量","1","17/9/2025 11:13:56","21/10/2025 13:26:53","2022","西藏自治区"
"7692","37","住宿和餐饮业","地方政策政策数量","1","17/9/2025 11:13:56","21/10/2025 13:26:53","2022","西藏自治区"
"7693","7","金融业","地方政策政策数量","1","17/9/2025 11:13:56","21/10/2025 13:26:52","2022","西藏自治区"
"7694","30","科学研究和技术服务业","地方政策政策数量","1","17/9/2025 11:13:56","21/10/2025 13:26:53","2022","西藏自治区"
"7695","31","教育","地方政策政策数量","1","17/9/2025 11:13:56","21/10/2025 13:26:53","2022","西藏自治区"
"7696","35","卫生和社会工作","地方政策政策数量","1","17/9/2025 11:13:56","21/10/2025 13:26:53","2022","西藏自治区"
"7697","33","文化、体育和娱乐业","地方政策政策数量","1","17/9/2025 11:13:56","21/10/2025 13:26:53","2022","西藏自治区"
"7698","48","居民服务、修理和其他服务业","地方政策政策数量","1","17/9/2025 11:13:56","21/10/2025 13:26:53","2022","西藏自治区"
"7699","3","信息传输、软件和信息技术服务业","地方政策-自治区经济和信息化厅政策数量","1","17/9/2025 11:13:56","21/10/2025 13:26:52","2022","西藏自治区"
"7700","28","水利、环境和公共设施管理业","地方政策-西藏自治区人民政府办公厅秘书处政策数量","1","17/9/2025 11:13:56","21/10/2025 13:26:52","2022","西藏自治区"
"7701","16","建筑业","地方政策-西藏自治区人民政府办公厅秘书处政策数量","1","17/9/2025 11:13:56","21/10/2025 13:26:53","2022","西藏自治区"
"7702","34","农、林、牧、渔业","地方政策-西藏自治区人民政府办公厅秘书处政策数量","1","17/9/2025 11:13:56","21/10/2025 13:26:53","2022","西藏自治区"
"7703",,"制造业","地方政策-西藏自治区人民政府办公厅秘书处政策数量","1","17/9/2025 11:13:56","17/9/2025 11:13:56","2022","西藏自治区"
"7704","14","采矿业","地方政策-西藏自治区人民政府办公厅秘书处政策数量","1","17/9/2025 11:13:56","21/10/2025 13:26:53","2022","西藏自治区"
"7705","13","电力、热力、燃气及水生产和供应业","地方政策-西藏自治区人民政府办公厅秘书处政策数量","1","17/9/2025 11:13:56","21/10/2025 13:26:53","2022","西藏自治区"
"7706","17","交通运输、仓储和邮政业","地方政策-西藏自治区人民政府办公厅秘书处政策数量","1","17/9/2025 11:13:57","21/10/2025 13:26:53","2022","西藏自治区"
"7707","9","批发和零售业","地方政策-西藏自治区人民政府办公厅秘书处政策数量","1","17/9/2025 11:13:57","21/10/2025 13:26:53","2022","西藏自治区"
"7708","37","住宿和餐饮业","地方政策-西藏自治区人民政府办公厅秘书处政策数量","1","17/9/2025 11:13:57","21/10/2025 13:26:53","2022","西藏自治区"
"7709","7","金融业","地方政策-西藏自治区人民政府办公厅秘书处政策数量","1","17/9/2025 11:13:57","21/10/2025 13:26:52","2022","西藏自治区"
"7710","30","科学研究和技术服务业","地方政策-西藏自治区人民政府办公厅秘书处政策数量","1","17/9/2025 11:13:57","21/10/2025 13:26:53","2022","西藏自治区"
"7711","31","教育","地方政策-西藏自治区人民政府办公厅秘书处政策数量","1","17/9/2025 11:13:57","21/10/2025 13:26:53","2022","西藏自治区"
"7712","35","卫生和社会工作","地方政策-西藏自治区人民政府办公厅秘书处政策数量","1","17/9/2025 11:13:57","21/10/2025 13:26:53","2022","西藏自治区"
"7713","33","文化、体育和娱乐业","地方政策-西藏自治区人民政府办公厅秘书处政策数量","1","17/9/2025 11:13:57","21/10/2025 13:26:53","2022","西藏自治区"
"7714","48","居民服务、修理和其他服务业","地方政策-西藏自治区人民政府办公厅秘书处政策数量","1","17/9/2025 11:13:57","21/10/2025 13:26:53","2022","西藏自治区"
"7715",,,"发布政策数量","2","17/9/2025 11:13:57","17/9/2025 11:13:57","2022","河北省"
"7716",,,"地方政策政策数量","2","17/9/2025 11:13:57","17/9/2025 11:13:57","2022","河北省"
"7717",,,"河北省人民政府办公厅发布政策数量","2","17/9/2025 11:13:57","17/9/2025 11:13:57","2022","河北省"
"7718",,"电气机械和器材制造业","政策数量","1","17/9/2025 11:13:57","17/9/2025 11:13:57","2022","河北省"
"7719","41","文教、工美、体育和娱乐用品制造业","政策数量","1","17/9/2025 11:13:57","21/10/2025 13:26:53","2022","河北省"
"7720","29","金属冶炼和压延加工业","政策数量","1","17/9/2025 11:13:58","21/10/2025 13:26:53","2022","河北省"
"7721","22","非金属矿物制品业","政策数量","1","17/9/2025 11:13:58","21/10/2025 13:26:53","2022","河北省"
"7722","43","化学纤维制造业","政策数量","1","17/9/2025 11:13:58","21/10/2025 13:26:53","2022","河北省"
"7723","10","食品饮料业","政策数量","1","17/9/2025 11:13:58","21/10/2025 13:26:53","2022","河北省"
"7724","26","金属制品业","政策数量","1","17/9/2025 11:13:58","21/10/2025 13:26:53","2022","河北省"
"7725","45","石油加工、炼焦和核燃料加工业","政策数量","1","17/9/2025 11:13:58","21/10/2025 13:26:53","2022","河北省"
"7726","15","纺织鞋服业","政策数量","1","17/9/2025 11:13:58","21/10/2025 13:26:53","2022","河北省"
"7727","27","铁路、船舶、航空航天和其他运输设备制造业","政策数量","1","17/9/2025 11:13:58","21/10/2025 13:26:53","2022","河北省"
"7728","46","废弃资源综合利用业","政策数量","1","17/9/2025 11:13:58","21/10/2025 13:26:53","2022","河北省"
"7729","25","其他制造业","政策数量","1","17/9/2025 11:13:58","21/10/2025 13:26:53","2022","河北省"
"7730",,"工业制造业","政策数量","1","17/9/2025 11:13:58","17/9/2025 11:13:58","2022","河北省"
"7731","32","仪器仪表制造业","政策数量","1","17/9/2025 11:13:58","21/10/2025 13:26:53","2022","河北省"
"7732","47","木材加工和木、竹、藤、棕、草制品业","政策数量","1","17/9/2025 11:13:58","21/10/2025 13:26:53","2022","河北省"
"7733","14","采矿业","政策数量","1","17/9/2025 11:13:59","21/10/2025 13:26:53","2022","河北省"
"7734","5","专用设备制造业","政策数量","1","17/9/2025 11:13:59","21/10/2025 13:26:53","2022","河北省"
"7735","36","造纸和纸制品业","政策数量","1","17/9/2025 11:13:59","21/10/2025 13:26:53","2022","河北省"
"7736","1","医药制造业","政策数量","1","17/9/2025 11:13:59","21/10/2025 13:26:53","2022","河北省"
"7737","13","电力、热力、燃气及水生产和供应业","政策数量","1","17/9/2025 11:13:59","21/10/2025 13:26:53","2022","河北省"
"7738","18","通用设备制造业","政策数量","1","17/9/2025 11:13:59","21/10/2025 13:26:53","2022","河北省"
"7739","38","家具制造业","政策数量","1","17/9/2025 11:13:59","21/10/2025 13:26:53","2022","河北省"
"7740","2","化学原料和化学制品制造业","政策数量","1","17/9/2025 11:13:59","21/10/2025 13:26:53","2022","河北省"
"7741","30","科学研究和技术服务业","政策数量","1","17/9/2025 11:13:59","21/10/2025 13:26:53","2022","河北省"
"7742","12","汽车制造业","政策数量","1","17/9/2025 11:13:59","21/10/2025 13:26:53","2022","河北省"
"7743","39","印刷和记录媒介复制业","政策数量","1","17/9/2025 11:13:59","21/10/2025 13:26:53","2022","河北省"
"7744","23","橡胶和塑料制品业","政策数量","1","17/9/2025 11:13:59","21/10/2025 13:26:53","2022","河北省"
"7745",,,"地方政策-河北省人民政府办公厅政策数量","2","17/9/2025 11:13:59","17/9/2025 11:13:59","2022","河北省"
"7746",,"工业制造业","地方政策政策数量","1","17/9/2025 11:13:59","17/9/2025 11:13:59","2022","河北省"
"7747","5","专用设备制造业","地方政策政策数量","1","17/9/2025 11:13:59","21/10/2025 13:26:53","2022","河北省"
"7748","18","通用设备制造业","地方政策政策数量","1","17/9/2025 11:13:59","21/10/2025 13:26:53","2022","河北省"
"7749","12","汽车制造业","地方政策政策数量","1","17/9/2025 11:14:00","21/10/2025 13:26:53","2022","河北省"
"7750",,"电气机械和器材制造业","地方政策政策数量","1","17/9/2025 11:14:00","17/9/2025 11:14:00","2022","河北省"
"7751","22","非金属矿物制品业","地方政策政策数量","1","17/9/2025 11:14:00","21/10/2025 13:26:53","2022","河北省"
"7752","26","金属制品业","地方政策政策数量","1","17/9/2025 11:14:00","21/10/2025 13:26:53","2022","河北省"
"7753","27","铁路、船舶、航空航天和其他运输设备制造业","地方政策政策数量","1","17/9/2025 11:14:00","21/10/2025 13:26:53","2022","河北省"
"7754","32","仪器仪表制造业","地方政策政策数量","1","17/9/2025 11:14:00","21/10/2025 13:26:53","2022","河北省"
"7755","36","造纸和纸制品业","地方政策政策数量","1","17/9/2025 11:14:00","21/10/2025 13:26:53","2022","河北省"
"7756","38","家具制造业","地方政策政策数量","1","17/9/2025 11:14:00","21/10/2025 13:26:53","2022","河北省"
"7757","39","印刷和记录媒介复制业","地方政策政策数量","1","17/9/2025 11:14:00","21/10/2025 13:26:53","2022","河北省"
"7758","41","文教、工美、体育和娱乐用品制造业","地方政策政策数量","1","17/9/2025 11:14:00","21/10/2025 13:26:53","2022","河北省"
"7759","43","化学纤维制造业","地方政策政策数量","1","17/9/2025 11:14:00","21/10/2025 13:26:53","2022","河北省"
"7760","45","石油加工、炼焦和核燃料加工业","地方政策政策数量","1","17/9/2025 11:14:00","21/10/2025 13:26:53","2022","河北省"
"7761","46","废弃资源综合利用业","地方政策政策数量","1","17/9/2025 11:14:00","21/10/2025 13:26:53","2022","河北省"
"7762","47","木材加工和木、竹、藤、棕、草制品业","地方政策政策数量","1","17/9/2025 11:14:00","21/10/2025 13:26:53","2022","河北省"
"7763","1","医药制造业","地方政策政策数量","1","17/9/2025 11:14:00","21/10/2025 13:26:53","2022","河北省"
"7764","2","化学原料和化学制品制造业","地方政策政策数量","1","17/9/2025 11:14:00","21/10/2025 13:26:53","2022","河北省"
"7765","23","橡胶和塑料制品业","地方政策政策数量","1","17/9/2025 11:14:00","21/10/2025 13:26:53","2022","河北省"
"7766","29","金属冶炼和压延加工业","地方政策政策数量","1","17/9/2025 11:14:00","21/10/2025 13:26:53","2022","河北省"
"7767","10","食品饮料业","地方政策政策数量","1","17/9/2025 11:14:00","21/10/2025 13:26:53","2022","河北省"
"7768","15","纺织鞋服业","地方政策政策数量","1","17/9/2025 11:14:00","21/10/2025 13:26:53","2022","河北省"
"7769","25","其他制造业","地方政策政策数量","1","17/9/2025 11:14:01","21/10/2025 13:26:53","2022","河北省"
"7770","14","采矿业","地方政策政策数量","1","17/9/2025 11:14:01","21/10/2025 13:26:53","2022","河北省"
"7771","13","电力、热力、燃气及水生产和供应业","地方政策政策数量","1","17/9/2025 11:14:01","21/10/2025 13:26:53","2022","河北省"
"7772","30","科学研究和技术服务业","地方政策政策数量","1","17/9/2025 11:14:01","21/10/2025 13:26:53","2022","河北省"
"7773",,"工业制造业","地方政策-河北省人民政府办公厅政策数量","1","17/9/2025 11:14:01","17/9/2025 11:14:01","2022","河北省"
"7774","5","专用设备制造业","地方政策-河北省人民政府办公厅政策数量","1","17/9/2025 11:14:01","21/10/2025 13:26:53","2022","河北省"
"7775","18","通用设备制造业","地方政策-河北省人民政府办公厅政策数量","1","17/9/2025 11:14:01","21/10/2025 13:26:53","2022","河北省"
"7776","12","汽车制造业","地方政策-河北省人民政府办公厅政策数量","1","17/9/2025 11:14:01","21/10/2025 13:26:53","2022","河北省"
"7777",,"电气机械和器材制造业","地方政策-河北省人民政府办公厅政策数量","1","17/9/2025 11:14:01","17/9/2025 11:14:01","2022","河北省"
"7778","22","非金属矿物制品业","地方政策-河北省人民政府办公厅政策数量","1","17/9/2025 11:14:01","21/10/2025 13:26:53","2022","河北省"
"7779","26","金属制品业","地方政策-河北省人民政府办公厅政策数量","1","17/9/2025 11:14:01","21/10/2025 13:26:53","2022","河北省"
"7780","27","铁路、船舶、航空航天和其他运输设备制造业","地方政策-河北省人民政府办公厅政策数量","1","17/9/2025 11:14:01","21/10/2025 13:26:53","2022","河北省"
"7781","32","仪器仪表制造业","地方政策-河北省人民政府办公厅政策数量","1","17/9/2025 11:14:01","21/10/2025 13:26:53","2022","河北省"
"7782","36","造纸和纸制品业","地方政策-河北省人民政府办公厅政策数量","1","17/9/2025 11:14:01","21/10/2025 13:26:53","2022","河北省"
"7783","38","家具制造业","地方政策-河北省人民政府办公厅政策数量","1","17/9/2025 11:14:01","21/10/2025 13:26:53","2022","河北省"
"7784","39","印刷和记录媒介复制业","地方政策-河北省人民政府办公厅政策数量","1","17/9/2025 11:14:01","21/10/2025 13:26:53","2022","河北省"
"7785","41","文教、工美、体育和娱乐用品制造业","地方政策-河北省人民政府办公厅政策数量","1","17/9/2025 11:14:01","21/10/2025 13:26:53","2022","河北省"
"7786","43","化学纤维制造业","地方政策-河北省人民政府办公厅政策数量","1","17/9/2025 11:14:01","21/10/2025 13:26:53","2022","河北省"
"7787","45","石油加工、炼焦和核燃料加工业","地方政策-河北省人民政府办公厅政策数量","1","17/9/2025 11:14:01","21/10/2025 13:26:53","2022","河北省"
"7788","46","废弃资源综合利用业","地方政策-河北省人民政府办公厅政策数量","1","17/9/2025 11:14:02","21/10/2025 13:26:53","2022","河北省"
"7789","47","木材加工和木、竹、藤、棕、草制品业","地方政策-河北省人民政府办公厅政策数量","1","17/9/2025 11:14:02","21/10/2025 13:26:53","2022","河北省"
"7790","1","医药制造业","地方政策-河北省人民政府办公厅政策数量","1","17/9/2025 11:14:02","21/10/2025 13:26:53","2022","河北省"
"7791","2","化学原料和化学制品制造业","地方政策-河北省人民政府办公厅政策数量","1","17/9/2025 11:14:02","21/10/2025 13:26:53","2022","河北省"
"7792","23","橡胶和塑料制品业","地方政策-河北省人民政府办公厅政策数量","1","17/9/2025 11:14:02","21/10/2025 13:26:53","2022","河北省"
"7793","29","金属冶炼和压延加工业","地方政策-河北省人民政府办公厅政策数量","1","17/9/2025 11:14:02","21/10/2025 13:26:53","2022","河北省"
"7794","10","食品饮料业","地方政策-河北省人民政府办公厅政策数量","1","17/9/2025 11:14:02","21/10/2025 13:26:53","2022","河北省"
"7795","15","纺织鞋服业","地方政策-河北省人民政府办公厅政策数量","1","17/9/2025 11:14:02","21/10/2025 13:26:53","2022","河北省"
"7796","25","其他制造业","地方政策-河北省人民政府办公厅政策数量","1","17/9/2025 11:14:02","21/10/2025 13:26:53","2022","河北省"
"7797","14","采矿业","地方政策-河北省人民政府办公厅政策数量","1","17/9/2025 11:14:02","21/10/2025 13:26:53","2022","河北省"
"7798","13","电力、热力、燃气及水生产和供应业","地方政策-河北省人民政府办公厅政策数量","1","17/9/2025 11:14:02","21/10/2025 13:26:53","2022","河北省"
"7799","30","科学研究和技术服务业","地方政策-河北省人民政府办公厅政策数量","1","17/9/2025 11:14:02","21/10/2025 13:26:53","2022","河北省"
