行业,省份,企业总数,中外合资经营企业企业数量,中央国有企业企业数量,国有企业（其他）企业数量,国有企业（院所）企业数量,地方国有企业企业数量,外资企业企业数量,民营企业企业数量,集体企业企业数量,深交所企业数量,港交所企业数量,北交所企业数量,上交所企业数量,民营企业-深交所企业数量,地方国有企业-深交所企业数量,中央国有企业-深交所企业数量,外资企业-深交所企业数量,民营企业-港交所企业数量,外资企业-港交所企业数量,中央国有企业-港交所企业数量,国有企业（其他）-港交所企业数量,国有企业（院所）-深交所企业数量,集体企业-深交所企业数量,地方国有企业-港交所企业数量,中外合资经营企业-深交所企业数量,中外合资经营企业-港交所企业数量,国有企业（院所）-港交所企业数量,集体企业-港交所企业数量,民营企业-北交所企业数量,中央国有企业-北交所企业数量,地方国有企业-北交所企业数量,地方国有企业-上交所企业数量,中央国有企业-上交所企业数量,外资企业-上交所企业数量,民营企业-上交所企业数量,国有企业（其他）-上交所企业数量,中外合资经营企业-上交所企业数量,集体企业-上交所企业数量,国有企业（院所）-上交所企业数量,中外合资经营企业-北交所企业数量,外资企业-北交所企业数量,集体企业-北交所企业数量,总资产合计,总资产均值,总资产最大值,总资产最小值,总资产中位数,净利润金额合计,净利润金额均值,净利润金额最大值,净利润金额最小值,净利润金额中位数,雇员总数合计,雇员总数均值,雇员总数最大值,雇员总数最小值,雇员总数中位数,营业收入金额合计,营业收入金额均值,营业收入金额最大值,营业收入金额最小值,营业收入金额中位数,资产负债率均值,资产负债率最大值,资产负债率最小值,资产负债率中位数,研发投入金额合计,研发投入金额均值,研发投入金额最大值,研发投入金额最小值,研发投入金额中位数,营业收入同比增减幅均值,营业收入同比增减幅最大值,营业收入同比增减幅最小值,营业收入同比增减幅中位数,营业利润金额合计,营业利润金额均值,营业利润金额最大值,营业利润金额最小值,营业利润金额中位数,营业利润同比增减幅均值,营业利润同比增减幅最大值,营业利润同比增减幅最小值,营业利润同比增减幅中位数,净利润同比增减幅均值,净利润同比增减幅最大值,净利润同比增减幅最小值,净利润同比增减幅中位数,研发投入同比增减幅均值,研发投入同比增减幅最大值,研发投入同比增减幅最小值,研发投入同比增减幅中位数,研发投入占比均值,研发投入占比最大值,研发投入占比最小值,研发投入占比中位数,研发投入占比增减幅均值,研发投入占比增减幅最大值,研发投入占比增减幅最小值,研发投入占比增减幅中位数,资本化研发投入合计,资本化研发投入均值,资本化研发投入最大值,资本化研发投入最小值,资本化研发投入中位数,资本化研发投入同比增减幅均值,资本化研发投入同比增减幅最大值,资本化研发投入同比增减幅最小值,资本化研发投入同比增减幅中位数,研发人员数量合计,研发人员数量均值,研发人员数量最大值,研发人员数量最小值,研发人员数量中位数,研发人员同比增减幅均值,研发人员同比增减幅最大值,研发人员同比增减幅最小值,研发人员同比增减幅中位数,雇员同比增减幅均值,雇员同比增减幅最大值,雇员同比增减幅最小值,雇员同比增减幅中位数,政府奖励资金、补贴合计,政府奖励资金、补贴均值,政府奖励资金、补贴最大值,政府奖励资金、补贴最小值,政府奖励资金、补贴中位数,公司市值合计,公司市值均值,公司市值最大值,公司市值最小值,公司市值中位数,累计中国专利申请数合计,累计中国专利申请数均值,累计中国专利申请数最大值,累计中国专利申请数最小值,累计中国专利申请数中位数,累计PCT专利申请数合计,累计PCT专利申请数均值,累计PCT专利申请数最大值,累计PCT专利申请数最小值,累计PCT专利申请数中位数,累计中国发明专利授权数合计,累计中国发明专利授权数均值,累计中国发明专利授权数最大值,累计中国发明专利授权数最小值,累计中国发明专利授权数中位数,累计中国发明专利失效数合计,累计中国发明专利失效数均值,累计中国发明专利失效数最大值,累计中国发明专利失效数最小值,累计中国发明专利失效数中位数,累计PCT发明专利失效数合计,累计PCT发明专利失效数均值,累计PCT发明专利失效数最大值,累计PCT发明专利失效数最小值,累计PCT发明专利失效数中位数,年度中国专利申请数合计,年度中国专利申请数均值,年度中国专利申请数最大值,年度中国专利申请数最小值,年度中国专利申请数中位数,年度PCT专利申请数合计,年度PCT专利申请数均值,年度PCT专利申请数最大值,年度PCT专利申请数最小值,年度PCT专利申请数中位数,年度中国发明专利申请数合计,年度中国发明专利申请数均值,年度中国发明专利申请数最大值,年度中国发明专利申请数最小值,年度中国发明专利申请数中位数,年度PCT发明专利申请数合计,年度PCT发明专利申请数均值,年度PCT发明专利申请数最大值,年度PCT发明专利申请数最小值,年度PCT发明专利申请数中位数,年度中国专利授权数合计,年度中国专利授权数均值,年度中国专利授权数最大值,年度中国专利授权数最小值,年度中国专利授权数中位数,年度中国发明专利授权数合计,年度中国发明专利授权数均值,年度中国发明专利授权数最大值,年度中国发明专利授权数最小值,年度中国发明专利授权数中位数,研发人员占比均值,研发人员占比最大值,研发人员占比最小值,研发人员占比中位数,国家科技进步奖合计,国家科技进步奖均值,国家科技进步奖最大值,国家科技进步奖最小值,国家科技进步奖中位数,国家技术发明奖合计,国家技术发明奖均值,国家技术发明奖最大值,国家技术发明奖最小值,国家技术发明奖中位数,省/部级科技进步奖合计,省/部级科技进步奖均值,省/部级科技进步奖最大值,省/部级科技进步奖最小值,省/部级科技进步奖中位数,省/部级技术发明奖合计,省/部级技术发明奖均值,省/部级技术发明奖最大值,省/部级技术发明奖最小值,省/部级技术发明奖中位数,国际行业奖项合计,国际行业奖项均值,国际行业奖项最大值,国际行业奖项最小值,国际行业奖项中位数,国家自然科学奖合计,国家自然科学奖均值,国家自然科学奖最大值,国家自然科学奖最小值,国家自然科学奖中位数,省/部级自然科学奖合计,省/部级自然科学奖均值,省/部级自然科学奖最大值,省/部级自然科学奖最小值,省/部级自然科学奖中位数,省/部级科学技术奖合计,省/部级科学技术奖均值,省/部级科学技术奖最大值,省/部级科学技术奖最小值,省/部级科学技术奖中位数,省级企业科技创新奖合计,省级企业科技创新奖均值,省级企业科技创新奖最大值,省级企业科技创新奖最小值,省级企业科技创新奖中位数,总负债合计,总负债均值,总负债最大值,总负债最小值,总负债中位数,累计所有专利被引用数合计,累计所有专利被引用数均值,累计所有专利被引用数最大值,累计所有专利被引用数最小值,累计所有专利被引用数中位数,累计核心专利被引次数合计,累计核心专利被引次数均值,累计核心专利被引次数最大值,累计核心专利被引次数最小值,累计核心专利被引次数中位数,累计中国发明专利申请数合计,累计中国发明专利申请数均值,累计中国发明专利申请数最大值,累计中国发明专利申请数最小值,累计中国发明专利申请数中位数,累计PCT发明专利申请数合计,累计PCT发明专利申请数均值,累计PCT发明专利申请数最大值,累计PCT发明专利申请数最小值,累计PCT发明专利申请数中位数,参与起草国家标准合计,参与起草国家标准均值,参与起草国家标准最大值,参与起草国家标准最小值,参与起草国家标准中位数,参与起草行业标准合计,参与起草行业标准均值,参与起草行业标准最大值,参与起草行业标准最小值,参与起草行业标准中位数
医药制造业,广东省,51,1,2,,,4,3,41,,24,19,1,7,20,2,1,1,15,1,1,,,,1,,1,,,1,,,1,,1,5,,,,,,,,551778439965.97,10819185097.372,74665261323,35785754,4098441374,32602813961,639270861.983333,5427559651,-2694311022,121127912.5,217090,4256.66666666667,24221,77,1899,332137693420.58,6642753868.4116,70788132286,25330914,1725250683,33.3750980392157,69.86,-37.12,35.37,19689690752,418929590.47234,1758669649,2483489,256270791.9,17.4366,275.25,-67.92,9.935,41078210715,805455112.1,6329253782,-1777534688,138162326,9.54411764705882,905.98,-1042.35,6.06,30.4723529411765,2879.06,-1415.18,10.79,24.896170212766,171.45,-23.06,15.04,17.304347826087,155.9,0.62,7.525,-4.654130435,70.44,-332.7,0.295,3541250110,147552087.899167,605202666,1463030.86,102025050.8,230.151904761905,2303.96,-72.95,19.1,18232,467.48717948718,1714,45,339,4.68257142857143,47.23,-66.5,6.89,7.51901960784314,44.75,-59.1,6.68,3170681790,64707791.6418367,480559233,3145,19950203.21,6718.4,131.733333333333,608,0.74,86,17352,377.217391304348,2179,19,173.5,751,20.8611111111111,110,1,11.5,4571,99.3695652173913,557,4,47,2981,64.804347826087,335,2,29,0,0,0,0,0,1493,37.325,198,1,17,117,5.85,18,1,4,764,20.6486486486486,94,1,11,117,5.85,18,1,4,1394,32.4186046511628,189,1,11,572,13.6190476190476,76,1,6,16.7848717948718,34.18,2,16.76,0,0,0,0,0,0,0,0,0,0,2,1,1,1,1,0,0,0,0,0,0,0,0,0,0,0,0,0,0,0,0,0,0,0,0,0,0,0,0,0,0,0,0,0,0,2.28062E+11,4471803403.28039,41027403823,-17536238.2,1453374478,38514,837.260869565217,3508,41,437,0,0,0,0,0,9362,203.521739130435,1028,7,99.5,758,21.0555555555556,117,1,11.5,13,1.85714285714286,4,1,1,0,0,0,0,0
化学原料和化学制品制造业,广东省,41,1,,,,2,3,35,,24,9,2,6,20,2,,1,7,2,,,,,,1,,,,2,,,,,,6,,,,,,,,176926240169.03,4315274150.46415,25530971665,244224133,2389787103,10701596812,261014556.396098,5844040773,-1238701362,57800080.03,60157,1467.24390243902,9026,94,979,101800752670.91,2482945187.09537,22316919996,117356612,1350730257,44.1624390243902,166.3,8.53,43.12,3666153616,94003938.8635897,893924512.9,7065989,52925118.77,17.9456097560976,318.15,-69.63,-2.98,11690448652,285132893.943415,6871671152,-1178378733,56962800.97,23.0212195121951,1908.41,-716.23,-10.2,-24.52853659,169.17,-751.76,-5.02,19.7766666666667,193.88,-59.81,9.28,4.59564102564102,15.94,1.34,4.04,-1.108157895,4.5,-54.61,0.235,94675831.17,15779305.2,48147354.75,1971856.1,10472312.81,62.576,406.03,-83.23,-23.82,6043,188.84375,827,20,133,10.9171428571429,78,-54.24,6.625,11.4039024390244,185.83,-56.46,4.9,480488994.4,12012224.86,71305330.2,63765.48,6786308.11,3346.18,81.6141463414634,796,0.83,39,11270,288.974358974359,1316,8,224,272,15.1111111111111,148,1,3.5,2736,72,343,3,42,2625,69.0789473684211,600,1,29.5,0,0,0,0,0,1206,34.4571428571429,191,1,21,34,11.3333333333333,30,1,3,650,20.9677419354839,94,1,10,34,11.3333333333333,30,1,3,809,22.4722222222222,105,1,18,310,10,39,1,5,15.36375,37.76,5.88,13.82,0,0,0,0,0,0,0,0,0,0,0,0,0,0,0,0,0,0,0,0,0,0,0,0,0,0,0,0,0,0,0,0,0,0,0,0,0,0,0,0,0,0,0,0,0,71340521738,1740012725.32171,12693267998,69673783.7,838632123.6,36295,955.131578947368,4904,37,480.5,0,0,0,0,0,6791,178.710526315789,947,6,106,271,15.0555555555556,147,1,3.5,23,2.09090909090909,5,1,1,8,2,4,1,1.5
食品饮料业,广东省,27,,2,,,5,1,19,,15,5,1,6,11,3,1,,3,1,1,,,,,,,,,1,,,2,,,4,,,,,,,,245516772393.33,9093213792.34555,44470390850,251985537.2,5846690969,16837224137,623600893.945556,6203168417,-554569858.7,143582380.8,123338,4568.07407407407,36085,81,2913,243363346085.41,9013457262.42259,104715469233.98,154066540.8,4112348854,37.73,84.85,5.2,35.44,3343649197,139318716.560417,751337521.4,1203220.45,76778839,19.0485185185185,320.53,-25.8,5.77,22160360343,820754086.778148,7352286492,-516517777,177539253.1,8.34333333333333,404.26,-285.12,-2.57,10.8403703703704,376.99,-300.05,-0.6,11.9954166666667,168.04,-57.4,7.545,2.74041666666667,16.39,0.06,2.205,0.312608695652174,6.95,-0.68,-0.06,7847056.65,3923528.325,5081999.5,2765057.15,3923528.325,-29.07,6.96,-65.1,-29.07,8610,410,3386,3,280,10.566,50.88,-25,7.97,8.93925925925926,246.5,-53.19,3,821456137.1,30424301.3722222,144182135.5,655840.4,17452025.39,6195.73,229.471481481482,2601,4.72,62,8626,345.04,2355,6,218,44,7.33333333333333,16,1,5.5,1187,51.6086956521739,349,1,19,958,39.9166666666667,265,1,15.5,0,0,0,0,0,976,40.6666666666667,370,1,17,3,3,3,3,3,475,27.9411764705882,252,1,8,3,3,3,3,3,781,31.24,211,1,16,173,11.5333333333333,74,1,7,9.73476190476191,37.08,0.18,8.58,0,0,0,0,0,0,0,0,0,0,2,1,1,1,1,0,0,0,0,0,0,0,0,0,0,0,0,0,0,0,0,0,0,0,0,0,0,0,0,0,0,0,0,0,0,112498907772.49,4166626213.79593,25110559551,18927925.72,2174113668,13819,575.791666666667,3243,13,253.5,0,0,0,0,0,3278,136.583333333333,1009,5,50,44,7.33333333333333,16,1,5.5,7,1.75,4,1,1,0,0,0,0,0
专用设备制造业,广东省,80,,2,,,6,7,65,,51,14,1,14,42,5,1,3,10,3,,,,,1,,,,,1,,,,1,1,12,,,,,,,,3.64435E+11,4555441194.9575,46745268521,167218929.5,2371506611,26113107914,326413848.92675,9610718461,-1371767624,120476359.4,201718,2521.475,18352,44,1508,193831414372.47,2422892679.65588,30365624245,65582523.5,1183673361,36.18025,93.99,2.65,35.565,14960008422,196842216.085263,3190973748,5232928.75,85430395.55,12.426875,356.34,-65.65,5.795,27691506071,346143825.884625,10990571944,-1524711796,138162034.4,-637.98875,296.71,-48361.76,0.415,-208.624125,539.4,-13720.81,1.41,20.9253947368421,295.83,-42.43,13.79,9.16157894736842,28.47,1.51,7.615,0.929733333333333,7.94,-6.35,0.57,442473986.1,40224907.8236364,268351431,2590817,7382081.47,-22.19272727,184.83,-109,-39.21,38441,573.746268656716,6529,3,300,11.497619047619,177.48,-78.59,9.49,9.30282051282051,80.2,-34.8,5.685,1962708556,24844412.0964557,151561243,395610.26,13846018.94,9445.66,118.07075,3632,0.28,46.5,58294,767.026315789474,10345,1,397,2355,46.1764705882353,1136,1,8,8117,109.689189189189,1624,1,44.5,4352,58.8108108108108,1038,1,26,0,0,0,0,0,7184,101.183098591549,1065,1,55,141,7.83333333333333,41,1,2.5,2046,29.2285714285714,228,1,14,141,7.83333333333333,41,1,2.5,7162,100.87323943662,1376,3,49,1289,19.8307692307692,264,1,8,21.3870149253731,40.09,6.34,20.8,0,0,0,0,0,0,0,0,0,0,1,1,1,1,1,0,0,0,0,0,0,0,0,0,0,0,0,0,0,0,0,0,0,0,0,0,0,0,0,0,0,0,0,0,0,155158804687.28,1939485059,16536351945,33662569.5,870660956.8,126114,1659.39473684211,26674,13,701,0,0,0,0,0,21948,292.64,4172,1,124,2344,45.9607843137255,1133,1,8,81,6.23076923076923,51,1,2,6,3,3,3,3
信息传输、软件和信息技术服务业,广东省,125,4,3,,,9,8,101,,63,44,1,17,49,8,3,3,38,5,,,,,,,1,,,1,,,1,,,13,,3,,,,,,2262247330030.01,18097978640.2401,1578131781573.0,94163102,1964486388,195910779228.16,1567286233.82528,1.88709E+11,-2589913425,22256445.42,361555,2915.76612903226,108411,10,860,963596138481.57,7708769107.85256,5.54552E+11,25361462.5,832507993,35.83088,112.22,-9.1,32.01,95343037042,787958983.819587,61401027752,1116399.17,83703701.55,-3.6332,304.82,-83.04,-3.36,119852759759.58,958822078.07664,1.10827E+11,-2391962636,20472768.18,-169.77792,1126.3,-14385.3,-12.52,-40.66408,1908.11,-1562.96,-9.27,12.2295041322314,293.52,-77.54,4.76,17.3930578512397,221.6,1.16,10.88,3.47107438016529,151.82,-19.11,0.44,1898661722,63288724.0573333,480506743,330709.69,23109566.46,59.9068,1220.3,-109,1.01,73141,746.336734693878,5572,5,307,-0.857291667,72.52,-88,0.455,0.757666666666666,174,-70.66,-0.385,12843635178,111683784.155391,11119084146,140033,8103571.11,38747.03,309.97624,29295,0.12,40,84637,762.495495495495,42882,1,112,9378,203.869565217391,6876,1,4.5,28804,271.735849056604,20650,1,27.5,9683,94.9313725490196,3470,1,20,0,0,0,0,0,7198,83.6976744186046,2104,1,17,645,58.6363636363636,618,1,1,5722,71.525,1903,1,13,642,58.3636363636364,615,1,1,8116,86.3404255319149,4513,1,13.5,6477,72.7752808988764,4349,1,7,39.1725510204082,83.16,3.78,38.52,0,0,0,0,0,0,0,0,0,0,1,1,1,1,1,0,0,0,0,0,0,0,0,0,0,0,0,0,0,0,0,0,0,0,0,0,0,0,0,0,0,0,0,0,0,1071017915736.88,8568143325.89504,7.95271E+11,-152184384,511988341.9,393470,3577,254837,2,304,0,0,0,0,0,70596,636,39856,1,74,9363,203.54347826087,6870,1,4.5,72,4.5,25,1,2.5,35,3.5,14,1,1.5
电力、热力、燃气及水生产和供应业,广东省,25,,4,,,10,1,10,,12,10,,3,4,7,1,,5,1,3,,,,1,,,,,,,,2,,,1,,,,,,,,1732230472275.23,69289218891.0092,4.09016E+11,331309536,20096353329,47138266686,1885530667.4292,15242705267,-4488129051,208487632.3,187718,7508.72,56121,69,4405,586531825370.98,23461273014.8392,88661586886,256740834,7077688490,54.5032,78.5,14.02,57.17,9227798491,576737405.70375,3852534248,7050753,123655563.4,17.8924,117.85,-21.69,18.17,64642939818,2585717593,18845559006,-4062682791,411021665.9,-8.1552,498.94,-784.4,2.9,45.8272,1241.96,-308.52,-2.89,27.259375,119.2,-25.25,8.485,2.126875,4.6,0.62,1.955,0.221875,1.89,-0.9,-0.005,2152254627,1076127313,1982740987,169513639.7,1076127313,-32.4575,53.47,-108,-37.65,13890,992.142857142857,4748,55,288.5,-6.996428571,31.62,-65.58,-0.825,0.4248,19.73,-31.21,2.72,1696188494,70674520.5958333,615026309.5,290092,24022401.32,5820.85,232.834,1417,1.1,104,23161,1052.77272727273,6719,4,366,536,89.3333333333333,209,2,57,3341,167.05,1339,1,28.5,1995,95,637,1,12,0,0,0,0,0,3440,181.052631578947,1078,2,33,76,19,36,1,19.5,1923,106.833333333333,755,1,14,76,19,36,1,19.5,2627,125.095238095238,739,2,33,734,52.4285714285714,309,1,12,14.9785714285714,24.92,2.47,15.925,0,0,0,0,0,0,0,0,0,0,7,1.75,3,1,1.5,0,0,0,0,0,0,0,0,0,0,0,0,0,0,0,0,0,0,0,0,1,1,1,1,1,0,0,0,0,0,1065436711924.81,42617468476.9924,251085674168.77,260244935,9536175541,30484,1385.63636363636,8407,6,373,0,0,0,0,0,11019,524.714285714286,4203,2,46,520,86.6666666666667,204,2,53.5,50,5.55555555555556,35,1,1,1,1,1,1,1
商业电气机械和器材制造业,广东省,62,,1,,,3,3,55,,40,12,3,7,37,2,,1,9,2,1,,,,,,,,,3,,,1,,,6,,,,,,,,528645822066.44,8526545517.20064,83637831017,53166146,3630679862,22289836986,359513499.767419,4324499950,-460147800.2,91217633.95,280305,4521.04838709677,44893,27,1965.5,339990833745.88,5483723124.93355,52162277037,27441522.5,2354416303,47.7101612903226,94.43,3.78,51.355,17381149432,294595753.082712,2741807773,2582590.21,117344941,24.6701612903226,369.83,-54.46,11.03,23951899008,386320951.749839,4469635715,-468017889.4,105262347.8,-89.66935484,1030.52,-5411.16,2.025,-53.54903226,500.74,-3287.79,2.315,34.2606896551724,297.8,-26.6,20.36,6.0728813559322,15.56,0.57,5.07,0.386315789473684,7.37,-2.23,0.1,233452196.5,25939132.9488889,107816674.9,4000452,15224775.32,-12.645,56.69,-72.67,-6.665,41746,818.549019607843,8361,31,381,13.1240816326531,159.24,-72.63,7.43,10.2367741935484,104.23,-73.66,3.48,2749633699,45827228.3083333,1021112391,247101,13175818.88,7350.81,118.561451612903,1701,0.44,42.5,66966,1217.56363636364,19112,19,600,1364,34.974358974359,350,1,8,12420,225.818181818182,7075,1,46,17232,325.132075471698,13330,2,49,0,0,0,0,0,8371,160.980769230769,2161,4,74,195,19.5,84,1,12.5,2907,57,675,1,22,195,19.5,84,1,12.5,6624,122.666666666667,1234,1,61,1039,20.78,157,1,7,17.0664705882353,38.88,3.3,15.26,0,0,0,0,0,0,0,0,0,0,4,1,1,1,1,0,0,0,0,0,0,0,0,0,0,0,0,0,0,0,0,0,0,0,0,2,1,1,1,1,0,0,0,0,0,300489030257.75,4846597262.22177,50477604303,4825792.78,1731659771,142945,2599,50984,48,1027,0,0,0,0,0,34174,621.345454545455,17747,4,154,1370,35.1282051282051,356,1,8,69,3.28571428571429,14,1,2,23,2.55555555555556,6,1,2
批发和零售业,广东省,43,2,3,,,6,7,24,1,23,18,,2,10,5,3,2,12,5,,,,1,1,2,,,,,,,,,,2,,,,,,,,470933492615.69,10951941688.737,74959912958,31111977.5,4117144108,13345692560,310364943.245116,4711369599,-992137534.2,81319540.81,223904,5207.06976744186,39470,33,2255,619810113028.43,14414188675.0798,1.1588E+11,38354891.2,3970535358,48.1667441860465,97.79,5.4,45.03,1362889372,54515574.87,291155690.6,281028,20171652,6.46883720930233,396.54,-51.29,-3.48,19843369772,461473715.626744,6390951709,-854586000.9,99124880.7,-39.75837209,203.71,-499.82,-24.57,-1170.085581,310.77,-48331.04,-21.99,6.50047619047619,95.08,-88.99,13.27,0.9332,6.9,0,0.44,0.048,1.33,-1.7,0.035,78994732.54,19748683.14,29209910.11,13646262.08,18069280.18,2.735,41.84,-44.83,6.965,4055,184.318181818182,796,2,137,9.40111111111111,196.34,-103,2.735,-1.090232558,60.8,-65.21,-0.21,782228418.7,19555710.47,173705478,51013,6891616.21,4403.81,102.414186046512,1293,0.43,48,3984,159.36,1026,2,71,103,17.1666666666667,64,2,8,496,26.1052631578947,132,1,10,401,26.7333333333333,95,1,17,0,0,0,0,0,440,27.5,101,1,16.5,1,1,1,1,1,97,6.92857142857143,26,1,5,1,1,1,1,1,463,30.8666666666667,109,3,18,43,3.90909090909091,9,1,4,8.04636363636364,32.01,0.11,5.875,0,0,0,0,0,0,0,0,0,0,0,0,0,0,0,0,0,0,0,0,0,0,0,0,0,0,0,0,0,0,0,0,0,0,0,0,0,0,0,0,0,0,0,0,0,286003128590.55,6651235548.61744,46328994242,6145375.29,1783176276,7217,300.708333333333,1566,2,69.5,0,0,0,0,0,1188,59.4,222,2,26,103,17.1666666666667,64,2,8,7,1.75,3,1,1.5,1,1,1,1,1
金融业,广东省,38,2,8,1,,8,1,18,,8,26,,4,3,4,1,,15,1,4,1,,,4,,1,,,,,,,3,,,,1,,,,,,56687952104015.3,1491788213263.56,11137168884837.0,55705646,84697881374,649826689468.71,17100702354.4397,1.39294E+11,-447369177.8,869783618.2,1185457,31196.2368421053,344260,26,3012.5,3714224320179.69,97742745267.8866,1221351299521.0,29501939,7110381103,68.9013157894737,92.82,11.98,75.145,1744994709,218124338.7,1048844052,760473,12881258.13,1.09421052631579,287.29,-75.45,-5.53,731178404800.26,19241536968.4279,1.65156E+11,-578007059.4,1055429834,-62.28842105,276.9,-460.18,-31.845,-64.01945946,136.45,-677.48,-26.15,11.22875,67.89,-52.57,12.795,4.27625,16.02,0.02,1.985,0.795,4.7,-0.74,0.045,0,0,0,0,0,0,0,0,0,13520,2704,10822,85,603,-12.5725,8,-39.38,-9.455,1.11918918918919,50,-37.1,1.59,5083925377,203357015.1,1364715834,10381,62453280.61,47659.9,1254.20789473684,8412,0.26,208,5747,229.88,2890,1,36,23,2.55555555555556,7,1,2,398,26.5333333333333,88,1,11,582,29.1,187,1,18,0,0,0,0,0,2551,150.058823529412,2023,1,17,2,2,2,2,2,2336,146,1904,1,17,2,2,2,2,2,270,16.875,155,1,9,101,8.41666666666667,62,1,4,23.694,64.25,7.01,15.59,0,0,0,0,0,0,0,0,0,0,0,0,0,0,0,0,0,0,0,0,0,0,0,0,0,0,0,0,0,0,0,0,0,0,0,0,0,0,0,0,0,0,0,0,0,50494361130762.6,1328798977125.33,9961870823227.0,40212322,67683216413.905,6991,332.904761904762,1338,1,209,0,0,0,0,0,4467,194.217391304348,2690,1,20,23,2.55555555555556,7,1,2,11,5.5,6,5,5.5,13,1.85714285714286,3,1,2
汽车制造业,广东省,27,2,,,,4,1,20,,15,9,,3,12,2,,,6,1,,,,,1,1,1,,,,,,1,,,2,,,,,,,,1625248014621.61,60194370911.9115,4.93861E+11,804278791.5,3964132277,42132273721,1560454582.27185,17713197982,-9138979148,78418185.65,1464092,54225.6296296296,570173,144,5830,1240718516293.31,45952537640.493,4.24061E+11,477110153.1,2882869348,52.5474074074074,139.3,15.22,48.39,67621151297,2504487085.06704,20223281761,12784869.43,187296404.6,24.5692592592593,105.65,-19.18,18.03,36596548442,1355427720.08222,21541895137,-8705529354,73105847.79,-33.89518519,375.8,-1003.1,22.12,-63.9962963,348.44,-2016.13,12.76,32.6544444444444,253.4,-46.93,26.77,6.87259259259259,19.45,1.21,5.33,-0.198148148,2.59,-8.21,-0.13,12086483163,1510810395.37375,5107009357,14945517.34,122300290.1,64.8488888888889,450.3,-102,18.6,107333,4666.65217391304,69609,18,624,13.3269565217391,72.53,-57.16,12.61,10.8596296296296,97.85,-65.58,3.28,5942454387,228555937.946538,1710496238,814912.69,22346203.97,19360.43,717.052962962963,7211,1.12,56,109835,4224.42307692308,28390,23,755.5,5930,329.444444444444,2468,1,15,21312,852.48,7848,5,63,10487,403.346153846154,3121,3,31,0,0,0,0,0,11398,474.916666666667,2588,3,98.5,446,89.2,194,1,29,2751,125.045454545455,893,1,39,443,88.6,193,1,29,13476,518.307692307692,3427,3,79,4012,174.434782608696,1377,1,25,20.1552173913043,52.04,5.13,13.29,0,0,0,0,0,0,0,0,0,0,2,1,1,1,1,0,0,0,0,0,0,0,0,0,0,0,0,0,0,0,0,0,0,0,0,0,0,0,0,0,0,0,0,0,0,1015519402575.23,37611829725.0085,3.72471E+11,122904312.5,2780874751,311879,11995.3461538462,113557,66,886,0,0,0,0,0,46170,1775.76923076923,13391,18,207,5918,328.777777777778,2468,1,15,52,7.42857142857143,22,1,4,4,2,3,1,2
金属冶炼和压延加工业,广东省,12,,1,,,2,,9,,9,2,,1,7,1,1,,1,,,,,,1,,,,,,,,,,,1,,,,,,,,114975069772.87,9581255814.40583,32652179591,2226421587,4232181102,6265011020,522084251.703333,5693937987,-1297688210,61005760.37,39848,3320.66666666667,9748,497,2237.5,151894439991.36,12657869999,55339416897,1369638965,5107115589,53.2466666666667,84.71,29.42,53.78,3145954691,285995880.992727,1301446793,15733905.06,89470289.27,29.4125,317.3,-28.5,8.515,7578342583,631528548.6,6754708751,-1424041852,72945891.95,38.6616666666667,1310.33,-351.28,-42.395,-24.59083333,552.29,-361.45,-49.33,14.6436363636364,120.15,-40.84,8.56,2.96545454545455,5.38,0.1,3.48,0.013,1.18,-1.24,0.055,0,0,0,0,0,0,0,0,0,3475,347.5,901,15,242.5,11.503,77.01,-32.6,4.88,5.56666666666667,26.4,-7.43,0.465,243493319,20291109.9191667,53180913.69,1858153.25,14283212.53,867.55,72.2958333333333,295,4.55,49,6239,567.181818181818,2015,25,287,51,12.75,40,2,4.5,768,69.8181818181818,387,2,30,517,47,274,3,21,0,0,0,0,0,843,84.3,367,14,34.5,1,1,1,1,1,459,45.9,330,2,14,1,1,1,1,1,733,66.6363636363636,267,1,22,263,29.2222222222222,202,1,7,14.288,23.84,0.66,14.205,0,0,0,0,0,0,0,0,0,0,1,1,1,1,1,0,0,0,0,0,0,0,0,0,0,0,0,0,0,0,0,0,0,0,0,0,0,0,0,0,0,0,0,0,0,58266312775,4855526064.54583,17357045053,984980149.4,2729430323,7407,673.363636363636,2331,39,475,0,0,0,0,0,2193,199.363636363636,1234,4,82,51,12.75,40,2,4.5,19,2.71428571428571,6,1,3,5,2.5,4,1,2.5
交通运输、仓储和邮政业,广东省,30,,7,,,13,1,9,,11,11,,8,4,5,2,,3,1,2,,,,5,,,,,,,,3,3,,2,,,,,,,,1649507952704.21,54983598423.4737,3.12246E+11,160803639,23019299442.525,-45749683384,-1524989446,8231681371,-33716052246,149426642.9,544096,18136.5333333333,162896,188,3315,582214003288.29,19407133442.943,2.6749E+11,179488674,4037473853,49.1653333333333,82.3,16.65,50.23,5575629931,278781496.6,3528149953,944598.73,30758462.32,18.775,589.68,-66.96,-1.9,-21516894383,-717229812.8,11033965886,-32199088941,180233480.9,-394.5703333,711.3,-12302.14,-14.12,-191.118,314.52,-5514.85,-11.205,12.0115789473684,158.44,-69.76,5.89,1.1555,4.83,0.15,0.815,-0.045263158,0.58,-2.14,0.05,1822058246,260294035.115714,1266412775,2165868.02,3698823.74,-53.06,47.57,-103,-72.87,9581,598.8125,5656,8,106,7.032,103.32,-77.54,6.92,6.66466666666667,127.21,-18.37,1.63,7976595089,275055003.083793,4688008342,238028,18461031.17,6855,228.5,2202,1.48,102.5,6385,255.4,3861,1,45,18,9,17,1,9,458,24.1052631578947,286,1,5,541,30.0555555555556,363,1,4.5,0,0,0,0,0,508,28.2222222222222,139,1,12,0,0,0,0,0,141,10.0714285714286,41,1,9,0,0,0,0,0,684,40.2352941176471,231,3,12,159,11.3571428571429,117,1,2,5.455625,16.79,0.85,4.835,0,0,0,0,0,0,0,0,0,0,1,1,1,1,1,0,0,0,0,0,0,0,0,0,0,0,0,0,0,0,0,0,0,0,0,0,0,0,0,0,0,0,0,0,0,1019026376760.99,33967545892.033,2.56887E+11,35199231,10644229682.925,8770,398.636363636364,5289,2,50,0,0,0,0,0,2840,142,2185,1,14.5,18,9,17,1,9,11,2.75,6,1,2,2,2,2,2,2
消费电子及电气业,广东省,150,2,4,,,9,9,126,,101,33,5,11,85,6,4,5,27,4,,,,,2,1,,,,4,,1,,,,10,,1,,,,,,2771917534749.94,18479450231.6663,4.22555E+11,33232629.27,2643940427,1.22393E+11,815954964.2,29810243692,-5695574263,99569429.4,1632878,10958.9127516779,236996,28,1718,2451793250263.18,16345288335.0879,5.1185E+11,56347637.5,1550077410,39.7449333333333,279.76,-93.48,39.715,100841704059.05,725479885.316906,12618552614,4339411.66,123428481.1,-4.272533333,98.42,-85.62,-4.87,138797926513.77,925319510.1,34763290354,-5319567689,109166221.7,16.4732666666667,1253.8,-544.94,-13.265,24.3491333333333,3807.7,-558.56,-12.72,10.5888405797101,112.44,-45.95,8.41,8.64107913669065,120.6,1.3,5.86,1.67775362318841,56.52,-7.12,0.56,5851925498,344230911.648235,4287428372,2703217.38,62337788.76,13.7005882352941,253.68,-101,12.46,194392,1593.37704918033,31619,23,370,3.49126050420168,56.62,-45.86,3.76,-4.359121622,74.2,-66.2,-4.265,13558455651,92866134.5936301,1876975453,23180,14856558.06,28204.14,189.289530201342,5008,0.16,48,513208,3718.89855072464,175304,2,496,28471,284.71,12016,1,10,85461,633.044444444444,27577,1,42,58528,436.776119402985,15736,1,30.5,0,0,0,0,0,50793,387.732824427481,11197,2,57,1424,39.5555555555556,573,1,5.5,20987,167.896,6927,1,18,1423,39.5277777777778,574,1,5.5,51611,390.992424242424,15142,1,53.5,14472,121.613445378151,4285,1,9,18.767868852459,78.26,3.83,15.8,0,0,0,0,0,0,0,0,0,0,7,1.4,3,1,1,3,1,1,1,1,0,0,0,0,0,0,0,0,0,0,0,0,0,0,0,1,1,1,1,1,0,0,0,0,0,1621157084122.47,10807713894.1498,2.70631E+11,-331226347.5,1057052313,996685,7275.07299270073,263793,6,630,0,0,0,0,0,228392,1691.79259259259,67715,1,133,28514,288.020202020202,12061,1,10,130,5.90909090909091,50,1,2,2,2,2,2,2
房地产业,广东省,62,,8,,,16,6,32,,17,38,,7,4,7,5,1,26,4,2,,,,6,,,,,,,,3,1,1,2,,,,,,,,11586407918636.2,186877547074.778,1757163116848.0,354182519.1,18276426880.625,70559018502,1138048685.51968,37550973261,-15779218562,98965201.39,1432892,23111.1612903226,227708,41,5642,2715588547789.96,43799815286.9348,503838390573.74,54078443.5,3613605937,60.7048387096774,99.36,24.25,67.77,5578957806,265664657.4,2164009322,1460354.94,48259594.08,47.6935483870968,3147.7,-78.13,-1.6,193442178450.17,3120035136.29306,80080947264,-10697248126,180387881.6,-86.07032258,211.51,-1576.43,-20.025,-264.9316129,402.39,-8591.15,-30.24,52.445,543.8,-79.72,16.88,1.7447619047619,26.8,0,0.29,0.74375,9.05,-0.49,0.025,331873139,165936569.5,316382312,15490827.04,165936569.5,46.29,46.29,46.29,46.29,2121,212.1,1115,7,81.5,7.37333333333333,23.37,-18.15,10.88,-8.320666667,89.48,-82.56,-5.475,3130352744,63884749.8708163,549185094.5,1462.81,10633933.36,10420.22,168.068064516129,1574,0.51,46.5,8977,289.58064516129,3906,1,49,129,32.25,126,1,1,1413,58.875,1055,1,8.5,1102,55.1,626,1,14,0,0,0,0,0,920,51.1111111111111,157,1,20.5,33,33,33,33,33,341,20.0588235294118,85,1,7,33,33,33,33,33,1434,68.2857142857143,538,1,20,515,30.2941176470588,400,1,4,4.414,28.76,0.39,0.97,0,0,0,0,0,0,0,0,0,0,0,0,0,0,0,0,0,0,0,0,0,0,0,0,0,0,0,0,0,0,0,0,0,0,0,0,0,0,0,0,0,0,0,0,0,8803157761180.59,141986415502.913,1434894926335.0,204501829,9770399368,11287,403.107142857143,4633,4,70,0,0,0,0,0,4262,163.923076923077,2816,1,27,126,31.5,123,1,1,4,1.33333333333333,2,1,1,1,1,1,1,1
采矿业,广东省,6,,,,,1,1,4,,2,4,,,1,1,,,3,1,,,,,,,,,,,,,,,,,,,,,,,,34659677999,5776613000,15332819941,491201822,3833696296,3920814306,653469050.966667,2487676867,-28267891,295535478,14599,2433.16666666667,8412,31,1374,27539749730,4589958288,10168819522,1534520698,3393212417,59.2016666666667,119.52,14.8,57.22,523293576.6,261646788.3,459025296.7,64268279.89,261646788.3,39.8316666666667,224.06,-24.9,6.765,4862790683,810465113.776667,2694740879,-6529628,552992335.8,372.388333333333,2397.28,-100.33,-3.085,452.728333333333,2714,-124.5,3.89,47.145,82.51,11.78,47.145,3.335,4.54,2.13,3.335,-0.975,-0.32,-1.63,-0.975,164517118.8,164517118.8,164517118.8,164517118.8,164517118.8,7.91,7.91,7.91,7.91,1282,641,1119,163,641,19.43,21.2,17.66,19.43,15.1133333333333,57.6,-22.5,11.085,59471813.61,9911968.935,17613598.03,630072,10193941.29,416.37,83.274,222,3.99,7.19,1292,323,998,2,146,4,4,4,4,4,171,57,140,1,30,156,52,145,1,10,0,0,0,0,0,170,56.6666666666667,129,3,38,0,0,0,0,0,47,15.6666666666667,35,1,11,0,0,0,0,0,148,49.3333333333333,110,7,31,17,8.5,16,1,8.5,14.935,16.58,13.29,14.935,0,0,0,0,0,0,0,0,0,0,0,0,0,0,0,0,0,0,0,0,0,0,0,0,0,0,0,0,0,0,0,0,0,0,0,0,0,0,0,0,0,0,0,0,0,22148591513,3691431919,8204231419,72818125,3092582141,2638,659.5,1792,5,420.5,0,0,0,0,0,432,108,343,1,44,4,4,4,4,4,2,2,2,2,2,0,0,0,0,0
非金属矿物制品业,广东省,15,,1,,,,,14,,10,2,1,2,10,,,,1,,1,,,,,,,,,1,,,,,,2,,,,,,,,2.26913E+11,15127524738.2533,69186791858,650783868.3,10078635566,6598993504,439932900.245333,2514902762,-346785181.3,152077297.6,100457,6697.13333333333,19633,529,4049,117395066429.31,7826337762,30767270473,237129071.3,6228589552,49.3266666666667,97.19,6.16,52.96,3192827827,245602140.563846,1219205243,7910236.44,54990004.81,-12.864,62.77,-75.44,-10.88,8120907248,541393816.519333,3190428591,-446989097.5,173681839.7,-160.3393333,172.82,-1936.18,-42.17,-100.6353333,104.38,-986.81,-33.71,-2.296153846,43.45,-60.29,-1.73,3.57538461538461,5.44,0.3,3.91,0.0323076923076923,1.06,-2.09,0.1,47823581,47823581,47823581,47823581,47823581,21.2,21.2,21.2,21.2,6402,492.461538461538,1956,84,170,99.9507692307692,1029.9,-27.62,-3.6,-9.158666667,19.73,-46.68,-5.54,636153263.9,42410217.59,188750197,1165425.88,21694592.47,1228.78,81.9186666666667,200,9.22,64,18423,1228.2,4364,15,347,76,15.2,29,1,17,1915,127.666666666667,558,1,38,1190,85,360,3,43,0,0,0,0,0,2471,190.076923076923,898,1,69,6,3,5,1,3,909,75.75,291,2,39.5,6,3,5,1,3,2379,183,897,3,39,394,35.8181818181818,126,1,10,10.3246153846154,33.8,1.72,10.2,0,0,0,0,0,0,0,0,0,0,3,1.5,2,1,1.5,0,0,0,0,0,0,0,0,0,0,0,0,0,0,0,0,0,0,0,0,0,0,0,0,0,0,0,0,0,0,109146014871.23,7276400991.41533,36362870193,68717710.23,3905342439,22219,1481.26666666667,6250,4,564,0,0,0,0,0,5122,341.466666666667,1802,1,106,76,15.2,29,1,17,32,3.2,7,1,2.5,0,0,0,0,0
通用设备制造业,广东省,20,,,,,3,,17,,16,2,,2,14,2,,,2,,,,,,,,,,,,,,1,,,1,,,,,,,,153602942360.75,7680147118.0375,68940835909,356599612,2525548942,6816293526,340814676.3,3439323455,-543667557.5,80791831.56,70784,3539.2,28251,242,1341,73246881032,3662344052,30747781282,86256894.57,1228482504,36.9745,65.55,5.81,32.11,3143451914,157172595.7,1098026111,5948738.21,51272594.87,-6.0985,51.34,-63.38,-5.745,7812225852,390611292.6,3864928178,-574669901.9,94460542.46,-113.0735,155.25,-1806.81,-22.73,-145.0335,149.35,-2195.7,-20.72,-5.0725,47.65,-64,-2.74,5.146,10.9,0.43,3.805,0.1555,1.9,-2.1,0.165,300265321.2,60053064.24,254231643.1,286555.57,8808344.53,-1.1675,51.89,-98.9,21.17,9284,515.777777777778,2487,31,242,5.34058823529412,37.29,-43,7.1,-7.951052632,26.26,-56.48,-3.53,529317608.6,27858821.5036842,135538316.8,1365843.48,10218045.88,1691.68,84.584,385,0.77,46,15002,789.578947368421,2169,63,549,495,41.25,356,1,6,1859,97.8421052631579,509,1,44,1059,55.7368421052632,241,3,25,0,0,0,0,0,1578,87.6666666666667,327,3,53.5,5,5,5,5,5,585,36.5625,142,2,21,5,5,5,5,5,1306,68.7368421052632,244,4,56,221,12.2777777777778,45,1,4.5,17.8777777777778,45.64,8.7,15.095,0,0,0,0,0,0,0,0,0,0,0,0,0,0,0,1,1,1,1,1,0,0,0,0,0,0,0,0,0,0,0,0,0,0,0,0,0,0,0,0,0,0,0,0,0,73761137875,3688056894,40577931360,101011831.1,793049345.3,29518,1553.57894736842,7720,62,728,0,0,0,0,0,4922,259.052631578947,914,12,136,494,41.1666666666667,355,1,6,32,5.33333333333333,20,1,2,0,0,0,0,0
半导体业,广东省,54,2,2,1,,7,8,34,,25,7,1,21,18,4,2,,3,3,,1,,,,1,,,,1,,,3,,5,12,,1,,,,,,438598660555.49,8122197417.69426,83501869482,267492241.2,3464126266,21328700082,394975927.446667,5011534520,-747632184.3,90873461.66,255939,4739.61111111111,35386,124,1587,276408174237.14,5118669893.28037,42376879241,173369281,2190104223,36.285,71.36,4.48,36.42,14027003197,269750061.475769,1933333294,2664581.23,129130850.9,-1.990185185,45.45,-42.53,-0.925,25562691329,473383172.767778,5816420363,-983354965.8,97389644.8,-62.945,243.2,-1403.1,-26.835,-61.38888889,285.9,-1444.23,-21,12.5732692307692,125.87,-33.18,8.865,9.39615384615385,57.12,0.1,5.43,1.65235294117647,22.49,-5.35,0.4,733005626.5,122167604.4,485809564.1,177864,39516793.6,15.73,124.42,-106,-1.29,34371,731.297872340426,5419,44,411,7.66866666666667,74.06,-33.44,6.48,0.962115384615384,39.22,-33.9,1.165,1644953797,30462107.3425926,189467882,344087,15720452.32,6430.6,119.085185185185,560,1.12,67,36857,752.183673469388,4067,56,425,3134,97.9375,1600,1,15.5,9146,186.65306122449,931,4,54,5201,106.142857142857,674,1,49,0,0,0,0,0,3593,73.3265306122449,630,1,51,186,15.5,69,1,12,2033,44.195652173913,226,1,23.5,186,15.5,69,1,12,3473,70.8775510204082,632,1,35,1389,30.195652173913,246,1,12,25.1825531914894,86.19,3.38,15.85,0,0,0,0,0,0,0,0,0,0,1,1,1,1,1,0,0,0,0,0,0,0,0,0,0,0,0,0,0,0,0,0,0,0,0,0,0,0,0,0,0,0,0,0,0,177443712536.26,3285994676.59741,27976684573,40480911,1246690772,102729,2096.51020408163,13878,46,648,0,0,0,0,0,21323,435.163265306122,2063,15,207,3132,97.875,1601,1,15.5,19,2.375,5,1,1.5,0,0,0,0,0
建筑业,广东省,22,,,,,9,2,11,,19,3,,,9,9,,1,2,1,,,,,,,,,,,,,,,,,,,,,,,,292978004816.85,13317182037.1295,107892125994.81,68968384.72,5353380082,-7224716114,-328396187,1970661816,-5559706237,-71152908.34,47849,2174.95454545455,14938,12,1333,1.62088E+11,7367652719.68636,82574650294,36493959.21,2071164409,75.6536363636364,149.4,10.14,75.575,4341865737,255403866.872353,2828611668,2416231.5,67002972.8,10.2813636363636,470.9,-77.83,-17.035,-6099896809,-277268036.8,2806109616,-5617801644,-88950227.1,-78.59227273,378.3,-1129.92,11.325,-134.8204545,383.86,-1846.31,-12.22,1.51764705882353,472.04,-94.01,-25.42,3.37764705882353,12.11,0.1,3.1,0.156470588235294,4.03,-2.66,-0.05,8299823.12,2766607.70666667,5771429.65,169805.38,2358588.09,-81.42,-43.78,-102,-98.48,4076,239.764705882353,772,30,235,-23.13588235,17.3,-52.34,-20.71,15.9372727272727,565.94,-41.45,-11.545,93870184.21,4470008.77190476,24581779.47,-15202005.48,3005290.61,834.97,37.9531818181818,240,0.9,23.5,9366,492.947368421053,3479,60,293,27,3.85714285714286,6,1,4,894,47.0526315789474,419,4,21,716,39.7777777777778,238,3,19.5,0,0,0,0,0,1320,77.6470588235294,724,1,31,0,0,0,0,0,407,27.1333333333333,228,1,9,0,0,0,0,0,1342,70.6315789473684,665,1,29,208,13,92,1,4,14.5205882352941,55.82,2.94,11.08,0,0,0,0,0,0,0,0,0,0,0,0,0,0,0,0,0,0,0,0,0,0,0,0,0,0,0,0,0,0,0,0,0,0,0,0,0,0,0,0,0,0,0,0,0,247639719094.03,11256350867.9105,96790413467,6982061,4330586709,12889,678.368421052632,4948,25,496,0,0,0,0,0,2736,144,1143,7,78,27,3.85714285714286,6,1,4,3,1.5,2,1,1.5,2,2,2,2,2
铁路、船舶、航空航天和其他运输设备制造业,广东省,9,,2,,,,,7,,6,2,,1,6,,,,1,,1,,,,,,,,,,,,,1,,,,,,,,,,1.08056E+11,12006241926.2667,46479794888,530868828,1916183761,277936807.5,30881867.4977778,710054690.9,-1212457342,29406367.03,21389,2376.55555555556,7506,345,718,30772573856,3419174873,12795190596,44317137,680513438.1,50.4555555555555,76.52,18.19,50.15,1629521975,181057997.204444,576256971.8,42864246.48,56584502.17,-17.69333333,20.4,-87.55,-1.44,290734884.9,32303876.0955556,694843775.7,-1218837270,29745435.43,69.6555555555556,563.1,-317.6,-23.12,76.17,585.52,-343.69,-19.25,0.0711111111111108,19.65,-27.49,-1.54,41.2766666666667,308.8,3.1,7.2,30.2166666666667,263.31,-0.76,1.04,39578009.72,13192669.9066667,26227485.17,4082236.01,9268288.54,61.0733333333333,166.73,4.59,11.9,3929,436.555555555556,1189,122,198,-2.082222222,10.62,-7.73,-6.61,-1.305555556,6.16,-16.82,0.59,289976388,36247048.5,129177750.1,1237574.89,10560949.61,715,79.4444444444444,303,21,35,9165,1018.33333333333,3444,35,589,112,16,80,2,3,1521,190.125,689,3,35,1575,175,737,1,11,0,0,0,0,0,1336,148.444444444444,503,6,22,6,3,3,3,3,905,129.285714285714,376,3,9,6,3,3,3,3,677,75.2222222222222,250,4,27,329,47,151,1,11,25.9444444444444,55.77,15.71,20.45,0,0,0,0,0,0,0,0,0,0,0,0,0,0,0,0,0,0,0,0,0,0,0,0,0,0,0,0,0,0,0,0,0,0,0,0,0,0,0,0,0,0,0,0,0,62773553779,6974839308.74556,27729097374,261630812.1,843842122.7,14147,1571.88888888889,5059,10,525,0,0,0,0,0,5140,571.111111111111,2249,5,94,112,16,80,2,3,2,1,1,1,1,0,0,0,0,0
水利、环境和公共设施管理业,广东省,13,,2,,,3,,8,,7,3,,3,6,,1,,1,,1,,,,1,,,,,,,,2,,,1,,,,,,,,194502203663.44,14961707974.1108,33288156618,1584991310,10253014904,1858632016,142971693.565385,1171347443,-1540690564,108708889,104972,8074.76923076923,61751,360,1704,44552884566,3427144966.60923,12875018658,283742288.5,2789655878,64.8823076923077,79.07,37.76,65.56,504425647.3,42035470.6041667,140863373,8703495.64,23215430.7,5.04461538461538,82.45,-46.42,3.4,2547659921,195973840.101538,1398714230,-1744888821,152210867,-479.0923077,178.54,-3993.81,-10.51,-259.0130769,143.7,-3103.27,-5.9,91.9633333333333,1027.75,-56.99,8.45,1.93416666666667,3.86,0.1,1.015,-0.290909091,0.8,-2.77,0,52537586.08,26268793.04,49159884,3377702.08,26268793.04,51.69,51.69,51.69,51.69,1191,119.1,286,5,90.5,16.2133333333333,79.53,-45.55,12.23,-0.615384615,29.56,-30.15,-0.77,338312719.1,26024055.3161538,153990448.7,2576250.44,9946631.3,597.2,45.9384615384615,152,9.2,33,3332,256.307692307692,678,31,207,3,1,1,1,1,301,23.1538461538462,109,2,11,315,26.25,108,1,20,0,0,0,0,0,251,20.9166666666667,84,1,10.5,0,0,0,0,0,68,6.8,24,1,4.5,0,0,0,0,0,353,27.1538461538462,108,1,9,38,5.42857142857143,10,1,6,7.909,23.82,0.24,4.575,0,0,0,0,0,0,0,0,0,0,0,0,0,0,0,0,0,0,0,0,0,0,0,0,0,0,0,0,0,0,0,0,0,0,0,0,0,0,0,0,0,0,0,0,0,133133255473.75,10241019651.8269,24847966205,597737382.8,7313962743,6004,461.846153846154,2026,60,279,0,0,0,0,0,947,72.8461538461538,253,8,42,3,1,1,1,1,1,1,1,1,1,0,0,0,0,0
科学研究和技术服务业,广东省,24,,2,,,8,1,13,,21,,2,1,13,6,1,1,,,,,,,,,,,,,,2,,1,,,,,,,,,,71050429507,2960434562.77667,15367088695,529082293.7,1738922779,2242413655,93433902.2916666,924594268.7,-822572663.4,71058528.26,47415,1975.625,12112,361,1165.5,27698595947,1154108164.44583,5130718871,114264673.6,581037764.1,44.5608333333333,228.6,12.09,35.37,1781523361,74230140.03,434967994.3,5773335.79,43245399.57,0.106666666666666,38.15,-43.92,1.88,3198933209,133288883.68875,1022469649,-636064672.9,77823300.08,-39.00958333,313.86,-604.98,2.075,-43.53166667,191.1,-572.82,1.02,26.7941666666667,467.57,-49.63,7.895,6.54791666666667,12,1.16,5.98,0.624347826086957,5.79,-2.61,0.69,65103884.85,21701294.95,55134674.08,4397816.47,5571394.3,471.006666666667,1371.79,-28.96,70.19,7841,326.708333333333,1644,23,170,5.80304347826087,214.17,-88.5,3.54,-1.399565217,34.39,-38.52,1.44,342493474.9,14270561.4520833,96961540,569242.43,5725518.885,1539.88,64.1616666666667,322,7.88,30.5,6632,276.333333333333,1302,8,121,35,5,11,1,4,1061,44.2083333333333,248,2,12.5,688,34.4,139,1,12,0,0,0,0,0,1053,43.875,215,2,15,9,3,4,2,3,666,31.7142857142857,177,1,7,9,3,4,2,3,862,37.4782608695652,152,1,16,335,20.9375,130,1,4.5,17.1870833333333,79.37,3.85,12.105,0,0,0,0,0,0,0,0,0,0,4,1.33333333333333,2,1,1,0,0,0,0,0,0,0,0,0,0,0,0,0,0,0,0,0,0,0,0,0,0,0,0,0,0,0,0,0,0,30960415901,1290017329.2075,8315383995,173431949.6,714468574.3,11592,483,2190,5,145,0,0,0,0,0,3266,136.083333333333,717,4,35,35,5,11,1,4,73,9.125,43,1,3.5,0,0,0,0,0
纺织鞋服业,广东省,33,,,,,,8,25,,11,20,,2,9,,,2,14,6,,,,,,,,,,,,,,,,2,,,,,,,,84596631264,2563534280.71576,17104986811,717976.3,950264422.1,2599734063,78779820.0781818,3228026521,-2035326089,564713.5,255155,8230.8064516129,155459,63,1123,68862967887,2086756602.63879,20569272060,53391739.49,981923903.7,724.302424242424,22671.83,0.49,36,1205877331,66993185.0366667,290850414.5,2741144,44337172.17,-2.262727273,132.69,-72.29,-7.07,4518498011,136924182.149091,4104802191,-1994001627,3772581.71,-301.2081818,345.06,-7217.76,-28.26,-278.3560606,1663.67,-7740.11,-25.9,7.85764705882353,54.7,-43.71,5.44,3.32,7.16,1.48,3.05,0.177058823529412,2.01,-2.19,0.13,5094918,5094918,5094918,5094918,5094918,-107,-107,-107,-107,4746,395.5,2826,40,168.5,6.72545454545455,65.51,-16.72,0.99,-6.800967742,17.68,-56.1,-5.74,271610726.6,8761636.34322581,41536131.8,-127604.2,4239619,1329.29,40.2815151515152,563,0.53,10,2813,156.277777777778,648,18,126.5,22,7.33333333333333,18,1,3,167,9.82352941176471,29,1,9,120,7.5,17,1,5.5,0,0,0,0,0,327,21.8,80,4,19,2,2,2,2,2,43,4.3,8,1,4,2,2,2,2,2,295,18.4375,58,1,9,31,3.44444444444444,7,1,3,8.63,20.56,1.89,6.045,0,0,0,0,0,0,0,0,0,0,0,0,0,0,0,0,0,0,0,0,0,0,0,0,0,0,0,0,0,0,0,0,0,0,0,0,0,0,0,0,0,0,0,0,0,32886790664,996569414.067273,5522406178,1151627,373824225.5,2128,118.222222222222,341,3,75.5,0,0,0,0,0,418,24.5882352941176,61,3,21,22,7.33333333333333,18,1,3,14,3.5,5,1,4,0,0,0,0,0
通信传输设备业,广东省,38,,,,,4,,34,,24,6,1,7,20,4,,,6,,,,,,,,,,,1,,,,,,7,,,,,,,,1563968480609.58,41157065279.1995,1063804914366.0,280263939.8,2781239748,52333228690,1377190228.69289,35562047956,-1282774557,78023885.82,443164,11662.2105263158,207089,152,1850.5,968776468613.38,25494117595.089,6.42338E+11,149856387,1484284874,45.4260526315789,86.59,5.42,46.875,213987008721.23,5631237071.61132,1.615E+11,17515938.97,114243713.5,8.64763157894737,86.65,-61.79,5.49,61066455649,1607011990.77184,42216024945,-1368549650,72956141.77,-4.115263158,932.32,-972.42,9.89,-9.292368421,655.82,-831.21,13.2,9.70842105263158,84.2,-43.62,8.34,13.6857894736842,87.2,1.69,10.81,1.27973684210526,54.46,-14.25,0.09,4269190058,284612670.6,1821407214,1502926.68,30125697.57,25.6964285714286,289.93,-108,4.195,207206,5920.17142857143,114091,47,381,2.90114285714286,45.6,-38.45,6.39,-1.085789474,49.67,-50.8,0.38,7621708539,211714126.073889,6552005523,1876754.6,20644825.33,5770.45,160.290277777778,2035,1.76,50.5,282424,7845.11111111111,108994,76,752,133668,4773.85714285714,65106,1,10,124445,3456.80555555556,57963,6,84.5,109188,3033,38892,3,71,0,0,0,0,0,5762,164.628571428571,1970,4,62,7883,1313.83333333333,5098,3,702,3381,99.4411764705882,1434,2,19.5,7889,1314.83333333333,5094,3,705,14511,403.083333333333,7068,1,52,11745,335.571428571429,6418,1,13,32.804,84.9,5.5,27.37,0,0,0,0,0,0,0,0,0,0,4,1.33333333333333,2,1,1,2,1,1,1,1,0,0,0,0,0,0,0,0,0,0,0,0,0,0,0,3,1.5,2,1,1.5,0,0,0,0,0,9.33551E+11,24567120607.7237,6.26728E+11,42084684.7,937277799.7,1857125,51586.8055555556,771138,89,1044,0,0,0,0,0,249954,6943.16666666667,101967,29,277.5,133646,4773.07142857143,65107,1,10,102,14.5714285714286,74,1,3,222,22.2,109,1,3.5
金属制品业,广东省,20,,,,,3,1,16,,12,4,1,3,9,2,,1,3,,,,,,1,,,,,1,,,,,,3,,,,,,,,404128393115.68,20206419655.784,1.459E+11,337629296.7,5096160016,14513456096,725672804.8,4601146663,-45454125.94,230103556.7,184835,9241.75,62160,66,2876.5,354574900277.92,17728745013.896,1.41537E+11,180678217.5,3284736557,44.279,70.63,7.9,50.225,7389980567,388946345.627368,2520394844,9460627.79,132503393.6,17.1675,93.7,-28.4,3.455,22124295496,1106214774.7775,7505209564,-65002596.91,263044834.7,-1.844,337.16,-309.28,-20.53,0.752,296.7,-227.58,-19.425,23.3868421052632,98.04,-26.17,11.9,4.49842105263158,10.28,1.73,4.25,0.118947368421053,2.4,-3.11,0.17,47523874.17,15841291.39,21389852,4744197.17,21389825,-58.97,-56.51,-63.82,-56.58,17712,1041.88235294118,4986,110,364,8.23235294117647,101.94,-29.65,4.65,13.725,91.45,-13.51,4.685,1445321133,72266056.64,559247364,971465.01,13522584.43,2140.93,107.0465,318,0.96,79,32989,1832.72222222222,11275,75,630,568,71,238,2,18.5,3744,208,1466,8,41.5,3510,195,1406,7,30.5,0,0,0,0,0,2850,158.333333333333,877,2,62,2,2,2,2,2,901,50.0555555555556,285,2,11.5,2,2,2,2,2,2845,158.055555555556,837,4,66.5,404,25.25,127,1,4,13.3352941176471,24.4,7.12,12.07,0,0,0,0,0,0,0,0,0,0,2,1,1,1,1,1,1,1,1,1,0,0,0,0,0,0,0,0,0,0,0,0,0,0,0,1,1,1,1,1,0,0,0,0,0,218439103554.69,10921955177.7345,83243881475,26655632.5,2287185495,61418,3412.11111111111,23799,125,931.5,0,0,0,0,0,10340,574.444444444444,3869,20,163,568,71,237,2,18.5,19,3.8,5,2,4,0,0,0,0,0
文化、体育和娱乐业,广东省,3,,,,,1,,2,,2,,,1,2,,,,,,,,,,,,,,,,,,1,,,,,,,,,,,21661664533,7220554844.31667,14817872144,2332723748,4511068641,413979730.7,137993243.556667,1062013957,-383381129.5,-264653096.9,10110,3370,7151,491,2468,10268581865,3422860621.62333,9054589348,357993017.4,855999499.9,55.93,96.79,25.38,45.62,16984761.51,8492380.755,9492939.5,7491822.01,8492380.755,-21.08666667,19.11,-45.22,-37.15,498308568.5,166102856.163333,1120669012,-372608246,-249752197.4,-138.8833333,32.55,-441,-8.2,-534.2566667,29.08,-1623.12,-8.73,-20.955,-4.89,-37.02,-20.955,1.305,2.61,0,1.305,0.175,0.36,-0.01,0.175,0,0,0,0,0,0,0,0,0,41,20.5,22,19,20.5,-44.1,-15.35,-72.85,-44.1,-10.26333333,14.71,-27.73,-17.77,162303689.4,54101229.81,95669763.63,3283107.1,63350818.7,241,80.3333333333333,182,20,39,495,165,465,4,26,1,1,1,1,1,13,4.33333333333333,7,1,5,8,8,8,8,8,0,0,0,0,0,6,2,4,1,1,0,0,0,0,0,4,4,4,4,4,0,0,0,0,0,72,36,67,5,36,5,2.5,4,1,2.5,2.11,3.88,0.34,2.11,0,0,0,0,0,0,0,0,0,0,0,0,0,0,0,0,0,0,0,0,0,0,0,0,0,0,0,0,0,0,0,0,0,0,0,0,0,0,0,0,0,0,0,0,0,11723996321,3907998774,6770091230,591360860.9,4362544231,281,93.6666666666667,257,11,13,0,0,0,0,0,21,7,12,1,8,1,1,1,1,1,1,1,1,1,1,0,0,0,0,0
橡胶和塑料制品业,广东省,23,,,,,3,1,19,,16,,1,6,12,3,,1,,,,,,,,,,,,1,,,,,,6,,,,,,,,115385951008.44,5016780478.62783,55428698924,267234058.9,2132476339,3289732896,143031865.063478,2000419871,-204022572.6,38874766.1,45460,1976.52173913043,10314,181,1316,76195390534,3312843066.69304,40412377511,144829348.9,1750699912,43.4965217391304,85.06,10.44,45.59,2853561781,124067903.503043,1453703556,5351640.42,47327864.7,-0.815217391,55.7,-32.87,-3.26,3489893476,151734498.940435,2042388403,-235933221.2,39414005.5,-54.6226087,362.57,-563.96,-43.52,-74.56347826,379.55,-864.44,-36.1,7.5404347826087,57.22,-33.71,7.19,4.37391304347826,8.91,0.44,3.94,0.31,1.51,-0.76,0.25,10248785.38,10248785.38,10248785.38,10248785.38,10248785.38,-4.63,-4.63,-4.63,-4.63,5237,227.695652173913,1186,20,136,-0.583043478,45.84,-69.85,2.09,4.21695652173913,33.05,-22.47,1.74,561933593.7,24431895.3786957,310720643.9,383153.1,10190813.17,990.35,43.0586956521739,230,3.35,29,13479,586.04347826087,6110,40,232,682,42.625,575,1,5,3233,140.565217391304,2104,4,35,2394,108.818181818182,1510,4,49,0,0,0,0,0,1648,71.6521739130435,911,3,24,113,18.8333333333333,99,1,2,1097,49.8636363636364,821,1,8.5,113,18.8333333333333,99,1,2,1261,54.8260869565217,600,3,26,613,29.1904761904762,455,1,7,12.4413043478261,20.7,1.83,12.76,0,0,0,0,0,0,0,0,0,0,3,1.5,2,1,1.5,0,0,0,0,0,0,0,0,0,0,0,0,0,0,0,0,0,0,0,0,0,0,0,0,0,0,0,0,0,0,63941312869,2780057081.25739,37141538038,34683015.64,1081210619,47129,2049.08695652174,28620,89,520,0,0,0,0,0,7768,337.739130434783,5096,9,124,678,42.375,571,1,5,24,3,12,1,1,1,1,1,1,1
租赁和商务服务业,广东省,24,,,,,7,2,15,,17,6,,1,9,7,,1,5,1,,,,,,,,,,,,,,,,1,,,,,,,,171857498511.26,7160729104.63583,51951699390,54686195.12,3696383410,1688733754,70363906.41,2839203845,-1200497617,1859100.615,57664,2402.66666666667,11218,11,880,148814756119.69,6200614838.32042,85397779274,11205062.03,1203902141,57.0008333333333,95.14,19.12,56.525,1504938221,83607678.9227778,718380274,689576.01,15193698.61,-5.54125,85.38,-64.69,-8.725,2304554668,96023111.15,3506819536,-1530663197,-134994.89,160.34,5836.72,-757.09,-32.205,-84.48166667,1691.4,-1759.49,-33.805,24.5616666666667,411.04,-83.74,2.385,1.84611111111111,11.9,0.07,0.84,-0.098333333,2.87,-5,0.05,58362294.65,14590573.66,44595329,689552,6538706.825,-7.2875,44.46,-102,14.195,2420,161.333333333333,652,2,61,-9.080769231,19.5,-41.9,-7.66,16.19625,624.98,-54.18,-8.545,1084933720,47171031.2886956,715042677.4,144163,5322556.32,1965.88,81.9116666666667,983,0.69,39.5,1881,104.5,731,1,15.5,39,19.5,25,14,19.5,126,12.6,58,2,5,165,11.7857142857143,39,1,7,0,0,0,0,0,205,20.5,114,2,8,4,4,4,4,4,70,8.75,48,2,2.5,4,4,4,4,4,132,16.5,53,1,6.5,8,1.6,3,1,1,11.5733333333333,63.17,0.21,6.31,0,0,0,0,0,0,0,0,0,0,0,0,0,0,0,0,0,0,0,0,0,0,0,0,0,0,0,0,0,0,0,0,0,0,0,0,0,0,0,0,0,0,0,0,0,105024005406.98,4376000225.29083,41360962107,25433487.03,1441625868,3335,208.4375,1368,2,32.5,0,0,0,0,0,474,26.3333333333333,185,1,8,39,19.5,25,14,19.5,0,0,0,0,0,0,0,0,0,0
农、林、牧、渔业,广东省,2,,,,,,,2,,2,,,,2,,,,,,,,,,,,,,,,,,,,,,,,,,,,,102800548142.48,51400274071,98084400447,4716147696,51400274071,5684293476,2842146738,5641395333,42898142.38,2842146738,50947,25473.5,49349,1598,25473.5,84924872276,42462436138,83708100807,1216771469,42462436138,45.205,56.23,34.18,45.205,545982304.3,272991152.2,531745602.4,14236701.9,272991152.2,22.23,28.8,15.66,22.23,6182644378,3091322189,6118044418,64599960.56,3091322189,37.91,148.14,-72.32,37.91,32.495,144.69,-79.7,32.495,11.97,35.75,-11.81,11.97,0.875,1.13,0.62,0.875,-0.01,0.19,-0.21,-0.01,0,0,0,0,0,0,0,0,0,1770,885,1665,105,885,55.665,111,0.33,55.665,31.275,50.32,12.23,31.275,271200838.2,135600419.1,252145255.8,19055582.46,135600419.1,1258,629,1207,51,629,1532,766,1472,60,766,11,11,11,11,11,277,138.5,275,2,138.5,266,133,262,4,133,0,0,0,0,0,119,119,119,119,119,1,1,1,1,1,58,58,58,58,58,1,1,1,1,1,127,63.5,120,7,63.5,56,28,55,1,28,5.095,6.86,3.33,5.095,0,0,0,0,0,0,0,0,0,0,1,1,1,1,1,0,0,0,0,0,0,0,0,0,0,0,0,0,0,0,0,0,0,0,0,0,0,0,0,0,0,0,0,0,0,56779561455,28389780728,55169330054,1610231401,28389780728,2893,1446.5,2804,89,1446.5,0,0,0,0,0,766,383,760,6,383,11,11,11,11,11,1,1,1,1,1,0,0,0,0,0
仪器仪表制造业,广东省,12,,,,,1,1,10,,7,,,5,6,1,,,,,,,,,,,,,,,,,,,1,4,,,,,,,,26072616176,2172718014.62667,8797290850,494314977.7,1497163992,854109228,71175768.9958333,324862071.8,-119273675.5,76217149.93,14725,1227.08333333333,3294,325,1152,10300046642,858337220.2,3538818936,128126219.9,522278375.6,24.4158333333333,92.14,4.46,12.575,1092661983,91055165.2858333,233996299.8,9760489.6,73416637.5,-0.08,30.9,-39.66,7.445,912747108.9,76062259.08,357088422.6,-147772187.1,80624314.47,-56.08416667,75.61,-332.8,-11.98,-60.5775,82.04,-375.56,-9.585,20.8383333333333,50.44,-47.05,20.42,13.3266666666667,27.76,6.6,11.49,2.73666666666667,16.21,-2.42,1.46,0,0,0,0,0,-106,-106,-106,-106,3918,326.5,1062,50,205.5,6.92833333333333,32.2,-52.34,12.955,11.095,35.43,-17.84,13.96,130942755.3,10911896.2758333,33559870.39,787143.31,6354151.25,750,62.5,202,15,43,6585,548.75,1813,77,373.5,93,11.625,26,2,7.5,863,71.9166666666667,291,6,42,605,50.4166666666667,358,5,23.5,0,0,0,0,0,810,67.5,179,9,50,8,8,8,8,8,261,21.75,78,1,9,8,8,8,8,8,817,68.0833333333333,174,11,43.5,147,16.3333333333333,46,2,11,26.8666666666667,54.75,10.36,22.28,0,0,0,0,0,0,0,0,0,0,2,2,2,2,2,0,0,0,0,0,0,0,0,0,0,0,0,0,0,0,0,0,0,0,0,0,0,0,0,0,0,0,0,0,0,11453409485,954450790.4,8103409814,31846273.75,169036001.5,11992,999.333333333333,5630,98,649,0,0,0,0,0,2260,188.333333333333,800,24,129,93,11.625,26,2,7.5,23,7.66666666666667,19,1,3,0,0,0,0,0
造纸和纸制品业,广东省,8,,1,,,,3,4,,4,2,,2,3,,,1,,2,,,,,,,,,,,,,,1,,1,,,,,,,,160052135026.01,20006516878.2512,1.07081E+11,917353364.5,7869059246,5721021301,715127662.6,3310508987,-277222863.2,281695761.3,61282,7660.25,21873,612,3970.5,105762455478.25,13220306934.7812,64538128754,675508552.5,6107807070,40.46,55.61,27.5,40.61,1500714156,250119026.073333,671287191.4,31718016.29,179119437.7,6.77625,55.41,-30.86,7.075,6435348193,804418524.2,3587118443,-274315907.8,320741460.8,-582.465,52.88,-4588.54,-20.235,-409.81125,47.69,-3220.47,-19.585,12.8316666666667,54.51,-3.87,6.54,3.67,4.19,2.31,3.93,-0.041666667,0.35,-0.47,0,23800479.24,23800479.24,23800479.24,23800479.24,23800479.24,0,0,0,0,4194,699,2461,73,421.5,2.16666666666667,17.94,-17.09,2.635,-3.01375,3.56,-20.5,-0.655,129268467.9,18466923.99,59150619.61,1790650.5,16015906.25,768.71,96.08875,226,0.71,56,4504,643.428571428571,1786,50,457,16,5.33333333333333,8,4,4,292,41.7142857142857,103,1,16,240,40,101,2,20,0,0,0,0,0,656,93.7142857142857,279,3,51,1,1,1,1,1,107,21.4,41,3,17,1,1,1,1,1,670,95.7142857142857,246,5,56,42,8.4,18,1,7,10.595,13.98,6.28,11.075,0,0,0,0,0,0,0,0,0,0,0,0,0,0,0,0,0,0,0,0,0,0,0,0,0,0,0,0,0,0,0,0,0,0,0,0,0,0,0,0,0,0,0,0,0,80384637684,10048079710.4837,59575427432,457395552.8,2576434723,4139,591.285714285714,1685,32,390,0,0,0,0,0,1005,143.571428571429,425,1,77,16,5.33333333333333,8,4,4,14,2.8,6,1,2,0,0,0,0,0
其他制造业,广东省,14,,3,,,,1,10,,9,3,,2,7,,2,,1,1,1,,,,,,,,,,,,,,,2,,,,,,,,35512051798,2536575128,8327894666,677430176.2,2025125039,1531062698,109361621.262857,660049925.7,-213455554,86339047.82,22687,1620.5,6133,246,880.5,19061725542,1361551824.43929,5340859857,182100791,805937338.8,27.99,48.78,12.27,27.955,923331366.9,71025489.7592308,285059290.4,2760833,59840250.55,9.18642857142857,47.76,-33.38,9.895,1799090805,128506486.075714,724264028.2,-188344798.2,102661456.1,21.085,380.64,-687,36.115,19.9928571428571,253.69,-686.19,37.99,13.8176923076923,76.74,-57.26,10.64,5.95384615384615,15.69,0.3,5.3,0.0169230769230769,1.37,-2.56,-0.08,920720.34,920720.34,920720.34,920720.34,920720.34,-88.23,-88.23,-88.23,-88.23,3017,251.416666666667,750,22,237,6.72454545454545,58.16,-13.9,3.32,-2.073571429,14.4,-21.77,1.99,134282016.6,10329385.8938462,59006766.51,1708657,4555424.76,672,48,109,2.05,44.5,7834,652.833333333333,3373,102,330.5,62,7.75,18,1,5,854,71.1666666666667,403,2,28.5,862,78.3636363636364,430,1,25,0,0,0,0,0,913,76.0833333333333,300,1,34.5,1,1,1,1,1,228,25.3333333333333,108,2,9,1,1,1,1,1,908,75.6666666666667,299,10,27.5,108,9.81818181818182,42,1,7,17.505,35.21,5.55,12.35,0,0,0,0,0,0,0,0,0,0,1,1,1,1,1,0,0,0,0,0,0,0,0,0,0,0,0,0,0,0,0,0,0,0,0,0,0,0,0,0,0,0,0,0,0,12072867677,862347691.227857,3528789457,82805142.7,524825698.7,13672,1139.33333333333,7069,55,270,0,0,0,0,0,2617,218.083333333333,1319,4,88.5,62,7.75,18,1,5,19,6.33333333333333,8,5,6,0,0,0,0,0
教育,广东省,11,,,,,,1,10,,1,10,,,1,,,,9,1,,,,,,,,,,,,,,,,,,,,,,,,35713642053,3246694732.05182,7373883188,209283671,2336607696,1307651553,118877413.887273,704232268,-703539581,54073877,19677,1788.81818181818,5806,16,1340,8688505293,789864117.566364,1713967264,81599228,567203358.2,45.0427272727273,67.34,8,50.56,140709828.6,28141965.73,55725194,6817747,23999091.64,-17.38454545,119.48,-88.8,-25.59,1575597177,143236106.964545,731833884,-606539683,49013363,51.1727272727273,130.23,-85.1,71.15,52.6890909090909,297.34,-321.34,101.26,-45.27,-13.58,-69.5,-60.83,6.84,11.33,4,6.28,1.92,5.86,-2.35,1.33,7263721.5,7263721.5,7263721.5,7263721.5,7263721.5,-35.95,-35.95,-35.95,-35.95,27,27,27,27,27,-41.3,-41.3,-41.3,-41.3,-27.07454545,18.38,-98.7,-3.67,65741172.3,5976470.20909091,12161177,2259,4785517,187.99,17.09,48,0.39,9.69,1851,462.75,985,3,431.5,18,18,18,18,18,213,71,118,2,93,245,122.5,159,86,122.5,0,0,0,0,0,181,90.5,176,5,90.5,0,0,0,0,0,139,69.5,138,1,69.5,0,0,0,0,0,153,51,140,2,11,66,33,64,2,33,3.66,3.66,3.66,3.66,0,0,0,0,0,0,0,0,0,0,0,0,0,0,0,0,0,0,0,0,0,0,0,0,0,0,0,0,0,0,0,0,0,0,0,0,0,0,0,0,0,0,0,0,0,17249146031,1568104185,3771935646,76305661,798587588,2699,899.666666666667,2292,49,358,0,0,0,0,0,797,265.666666666667,578,3,216,18,18,18,18,18,0,0,0,0,0,0,0,0,0,0
综合,广东省,6,,,,,1,1,4,,3,2,,1,2,1,,,1,1,,,,,,,,,,,,,,,,1,,,,,,,,81705068745,13617511457,52293308327,234712919.3,1959840804,3829748246,638291374.341667,2468018466,-128669964.1,97838602.89,34550,5758.33333333333,17175,26,4041.5,46622934648,7770489107.97333,31998759378,78251998.82,1097373943,71.4316666666667,126.27,43.79,63.18,2055667500,513916875.1,1521115565,5079526.59,264736204.4,31.385,82.28,-8.51,24.435,4540896734,756816122.308333,2874225944,-127327760.7,138094642,64.4033333333333,134.6,-3.27,64.775,103.268333333333,310.82,-23.7,76.695,13.1075,87.32,-26.11,-4.39,5.4425,6.46,4.1,5.605,-0.505,0.15,-1.36,-0.405,50453208.73,25226604.37,37832742.86,12620465.87,25226604.37,41.51,161.2,-78.18,41.51,1775,443.75,1550,27,99,-23.6825,24.87,-87.31,-16.145,0.830000000000001,58.24,-61.44,0.79,305236176.7,50872696.1116667,215336750.4,82370,11768361.79,563.33,93.8883333333333,310,1.13,20.185,1741,435.25,1155,39,273.5,15,15,15,15,15,489,122.25,429,7,26.5,271,67.75,199,5,33.5,0,0,0,0,0,121,40.3333333333333,88,1,32,0,0,0,0,0,55,18.3333333333333,40,1,14,0,0,0,0,0,221,73.6666666666667,181,4,36,142,47.3333333333333,134,2,6,11.31,28.04,0.97,8.115,0,0,0,0,0,0,0,0,0,0,0,0,0,0,0,0,0,0,0,0,0,0,0,0,0,0,0,0,0,0,0,0,0,0,0,0,0,0,0,0,0,0,0,0,0,51365862186,8560977031.03667,33450797134,172994508,1477609047,4423,1105.75,3611,168,322,0,0,0,0,0,910,227.5,766,13,65.5,15,15,15,15,15,0,0,0,0,0,0,0,0,0,0
废弃资源综合利用业,广东省,5,,,,,2,1,2,,2,3,,,1,1,,,1,1,,,,,1,,,,,,,,,,,,,,,,,,,70301805523,14060361104.668,44129676179,743984593,11705976682,178494509,35698901.8,1332490969,-568691419,-78032457,20723,4144.6,10325,126,4950,37680726182,7536145236,29391750547,183104808.7,3878472882,49.526,59.23,33.7,52.7,1830898277,457724569.3,1476492999,22327645,166038816.6,-0.758,52.2,-37.82,-3.48,487808559.6,97561711.91,1551674655,-556475566.4,-75163857,-264.018,34.8,-610.97,-343.57,-343.06,38.78,-787.26,-461.06,12.16,48.2,-1.2,0.82,4.995,6.4,4.2,4.69,0.6175,2.5,-0.17,0.07,345440736.2,172720368.1,339010072.4,6430663.77,172720368.1,28.625,77.22,-19.97,28.625,2149,1074.5,1566,583,1074.5,26.135,48.68,3.59,26.135,6.694,47.95,-5.82,-3.7,158315256.2,31663051.24,84090066.9,10263,27148938,443.96,88.792,354,2.33,23,5475,1368.75,3278,111,1043,107,26.75,86,1,10,865,216.25,627,6,116,851,212.75,572,5,137,0,0,0,0,0,660,165,455,5,100,20,20,20,20,20,322,80.5,271,3,24,20,20,20,20,20,541,135.25,250,11,140,102,34,72,15,15,13.45,15.09,11.81,13.45,0,0,0,0,0,0,0,0,0,0,0,0,0,0,0,0,0,0,0,0,0,0,0,0,0,0,0,0,0,0,0,0,0,0,0,0,0,0,0,0,0,0,0,0,0,38246481758,7649296352,23258154364,250732825,6929485996,12383,3095.75,7906,189,2144,0,0,0,0,0,2608,652,1868,50,345,107,26.75,86,1,10,12,12,12,12,12,3,1.5,2,1,1.5
印刷和记录媒介复制业,广东省,11,,,,,,5,6,,3,6,1,1,2,,,1,3,3,,,,,,,,,,1,,,,,1,,,,,,,,,22742557573,2067505233.91364,9436790160,35539261,589679067.7,367520678,33410970.7309091,304161025.3,-302832565.7,38720811.05,16541,1654.1,5743,139,925.5,15277193731,1388835793.70091,5188643024,37014118,487450941.3,83.4236363636364,635.08,4.58,27.44,596924301.9,99487383.6566667,229584049.2,8203064.24,86493411.95,-5.951818182,78.98,-72.81,-1.6,776326776,70575161.4518182,484369302,-307270404.5,49594844.95,-27.94,945.43,-714.98,-59.5,-95.10272727,745.46,-1137.63,-67.01,-1.911666667,13.94,-20.9,0.28,4.34666666666667,5.47,3.8,4.22,-0.295,0.35,-1.7,-0.1,0,0,0,0,0,0,0,0,0,1252,250.4,516,28,162,13.768,45.66,-23.19,16.63,-0.638,29.32,-22.59,-3.015,170375347.8,21296918.47,113772189,260944,5238145.56,233.71,21.2463636363636,89,0.39,5.35,2310,288.75,871,41,235,1,1,1,1,1,241,30.125,95,3,17.5,259,32.375,104,1,17.5,0,0,0,0,0,213,26.625,70,3,24,0,0,0,0,0,65,13,28,6,10,0,0,0,0,0,224,28,66,3,23,21,5.25,7,3,5.5,12.298,20.78,2.73,12.21,0,0,0,0,0,0,0,0,0,0,1,1,1,1,1,0,0,0,0,0,0,0,0,0,0,0,0,0,0,0,0,0,0,0,0,0,0,0,0,0,0,0,0,0,0,7271088735,661008066.776364,2159944894,1617182,217025862.5,3907,488.375,1447,27,337,0,0,0,0,0,695,86.875,280,3,64,1,1,1,1,1,5,1,1,1,1,0,0,0,0,0
卫生和社会工作,广东省,5,,,,,,,5,,1,3,,1,1,,,,3,,,,,,,,,,,,,,,,,1,,,,,,,,34397902182,6879580436,14375557285,546376679,2865882306,3694445331,738889066.2,2842985913,-76106747,90380262.73,24737,4947.4,14478,815,3843,29213225267,5842645053,15476082725,670092645,4175275767,63.326,128.08,28.82,44.33,1226389204,408796401.4,632619997.2,1096436,592672770.9,8.376,29.52,-5.59,4.17,4531972092,906394418.4,3347231606,-94173738,121526282.9,58.646,273.2,-46.37,20.56,60.666,298.32,-58.58,20.27,20.9133333333333,31.27,9.34,22.13,4.15666666666667,8.4,0.02,4.05,0.0566666666666667,0.4,-0.27,0.04,56887965.46,56887965.46,56887965.46,56887965.46,56887965.46,3.3,3.3,3.3,3.3,2355,1177.5,1557,798,1177.5,8.45,20.03,-3.13,8.45,0.792,16.46,-19.54,2.67,162019460.8,40504865.21,78828050.98,905978.43,41142715.72,617.47,123.494,355,3.3,8.18,3510,1170,2663,50,797,112,56,99,13,56,534,178,342,3,189,400,133.333333333333,293,4,103,0,0,0,0,0,577,192.333333333333,515,8,54,1,1,1,1,1,191,63.6666666666667,153,6,32,1,1,1,1,1,549,183,484,9,56,68,34,36,32,34,14.375,17.94,10.81,14.375,0,0,0,0,0,0,0,0,0,0,0,0,0,0,0,0,0,0,0,0,0,0,0,0,0,0,0,0,0,0,0,0,0,0,0,0,0,0,0,0,0,0,0,0,0,13316215996,2663243199,5015885122,672254525,2271408985,6633,2211,4544,31,2058,0,0,0,0,0,1604,534.666666666667,905,15,684,112,56,99,13,56,6,3,3,3,3,0,0,0,0,0
文教、工美、体育和娱乐用品制造业,广东省,14,,,,,1,1,12,,10,3,,1,8,1,,1,3,,,,,,,,,,,,,,,,,1,,,,,,,,36693445867,2620960419.05714,7773494224,397258609,987657193.9,-276146560.6,-19724754.33,1087172489,-885912365.8,-33668969.07,17522,1251.57142857143,3433,63,802.5,28031569678,2002254977.03286,11118023846,84959688.43,425307196.2,53.8207142857143,259.36,3.3,42.01,775994170.6,64666180.8833333,225352081.5,924597.7,33519695.94,19.7857142857143,195.82,-40.36,-6.81,56074696.9699998,4005335.49785713,1408552590,-907247946.7,-35121952.29,-148.2521429,120.75,-656.99,-41.71,-435.4135714,129.3,-4062,-53.435,181.89,2220.81,-65.48,-10.445,10.1158333333333,72.81,0.13,4.45,5.02083333333333,70.28,-11.29,0.065,52240983.25,26120491.63,50953124.8,1287858.45,26120491.63,61.26,139.86,-17.34,61.26,2085,208.5,621,14,118,1.951,107.84,-30.72,-15.44,38.5328571428571,569.76,-82.2,2.925,158914477.9,12224190.6069231,60431366.99,142977.92,3107934.24,748.63,53.4735714285714,197,0.5,33.5,17439,1341.46153846154,12474,72,351,343,68.6,201,1,19,348,31.6363636363636,197,2,9,262,20.1538461538462,85,2,5,0,0,0,0,0,1475,163.888888888889,1017,1,40,16,16,16,16,16,63,9,21,1,7,16,16,16,16,16,1535,153.5,1042,1,22.5,48,8,39,1,2,14.372,23.13,1.61,14.27,0,0,0,0,0,0,0,0,0,0,0,0,0,0,0,0,0,0,0,0,0,0,0,0,0,0,0,0,0,0,0,0,0,0,0,0,0,0,0,0,0,0,0,0,0,16039868353,1145704882.34643,4696744369,27103446.76,685565367.4,5477,421.307692307692,2841,42,129,0,0,0,0,0,965,74.2307692307692,445,2,25,345,69,207,1,19,5,1.66666666666667,3,1,1,1,1,1,1,1
石油加工、炼焦和核燃料加工业,广东省,2,,,,,,,2,,1,1,,,1,,,,1,,,,,,,,,,,,,,,,,,,,,,,,,4589830838,2294915419,2893301591,1696529247,2294915419,-124425119.3,-62212559.66,1434670,-125859789.3,-62212559.66,920,460,747,173,460,6655690818,3327845409,6059336872,596353946.7,3327845409,51.685,64.38,38.99,51.685,52296214,52296214,52296214,52296214,52296214,-27.395,8.73,-63.52,-27.395,-105152058.8,-52576029.4,47511874.5,-152663933.3,-52576029.4,282.075,800.99,-236.84,282.075,-67.355,118.71,-253.42,-67.355,22.3,22.3,22.3,22.3,0.85,0.85,0.85,0.85,0,0,0,0,0,0,0,0,0,0,0,0,0,82,82,82,82,82,-11.86,-11.86,-11.86,-11.86,-12.195,0.86,-25.25,-12.195,1892517.3,1892517.3,1892517.3,1892517.3,1892517.3,25.46,12.73,18,7.46,12.73,34,34,34,34,34,0,0,0,0,0,6,6,6,6,6,4,4,4,4,4,0,0,0,0,0,4,4,4,4,4,0,0,0,0,0,3,3,3,3,3,0,0,0,0,0,3,3,3,3,3,1,1,1,1,1,11.03,11.03,11.03,11.03,0,0,0,0,0,0,0,0,0,0,0,0,0,0,0,0,0,0,0,0,0,0,0,0,0,0,0,0,0,0,0,0,0,0,0,0,0,0,0,0,0,0,0,0,0,2522251513,1261125756,1861655836,660595676.7,1261125756,38,38,38,38,38,0,0,0,0,0,11,11,11,11,11,0,0,0,0,0,0,0,0,0,0,0,0,0,0,0
化学纤维制造业,广东省,2,,,,,,,2,,2,,,,2,,,,,,,,,,,,,,,,,,,,,,,,,,,,,4384747872,2192373936,3147872302,1236875569,2192373936,-5588840.75,-2794420.375,49618513.69,-55207354.44,-2794420.375,2719,1359.5,2417,302,1359.5,3308063514,1654031757,2913674799,394388714.8,1654031757,41.49,54.98,28,41.49,127756376,63878188.02,113019728.1,14736647.94,63878188.02,-6.415,-0.55,-12.28,-6.415,1937179.23,968589.615000002,60897145.2,-58959965.97,968589.615000002,-119.575,-22.62,-216.53,-119.575,-111.69,-28.25,-195.13,-111.69,-12.87,-11.2,-14.54,-12.87,3.79,3.81,3.77,3.79,-0.29,-0.1,-0.48,-0.29,0,0,0,0,0,0,0,0,0,490,245,454,36,245,7.765,20,-4.47,7.765,1.99,6.28,-2.3,1.99,6863166.41,3431583.205,3687881.9,3175284.51,3431583.205,54,27,29,25,27,236,118,196,40,118,5,2.5,4,1,2.5,59,29.5,46,13,29.5,29,14.5,21,8,14.5,0,0,0,0,0,49,24.5,36,13,24.5,1,1,1,1,1,25,12.5,13,12,12.5,1,1,1,1,1,15,7.5,14,1,7.5,6,3,5,1,3,15.205,18.64,11.77,15.205,0,0,0,0,0,0,0,0,0,0,0,0,0,0,0,0,0,0,0,0,0,0,0,0,0,0,0,0,0,0,0,0,0,0,0,0,0,0,0,0,0,0,0,0,0,2074909637,1037454818,1728362480,346547157,1037454818,778,389,671,107,389,0,0,0,0,0,135,67.5,99,36,67.5,5,2.5,4,1,2.5,1,1,1,1,1,0,0,0,0,0
家具制造业,广东省,13,,,,,,1,12,,6,4,1,2,6,,,,3,1,,,,,,,,,,1,,,,,,2,,,,,,,,89030339875,6848487682.72384,28611032392,77514037.93,4381360775,6216388841,478183756.961538,2682519513,-251333975.5,46005970.6,93126,7163.53846153846,25851,28,2152,67783845822,5214141986.32846,22479555834,85655805.09,1461540440,45.4861538461538,72.85,23.97,47.8,2144204603,194927691.208182,1123242484,73369.93,52130541.49,-12.41230769,15.34,-74.81,-10.35,7569270784,582251598.786154,3056076244,-266595117.1,34473971.2,578.722307692308,6559.7,-268.39,52.28,2016.34230769231,26106.55,-401.07,3.22,-9.811818182,23.72,-89.67,-8.9,4.33545454545455,16.77,0.05,3.27,1.24636363636364,10.93,-0.75,0.37,47736486.61,47736486.61,47736486.61,47736486.61,47736486.61,-33.18,-33.18,-33.18,-33.18,7138,793.111111111111,3025,52,436,-12.04555556,8.58,-55.55,-4.26,13.6484615384615,306.94,-28.46,-13.73,505142756.3,45922068.7554545,226866244.5,377675,22572405.77,1220.82,93.9092307692308,586,0.21,32,8118,811.8,2254,181,577,11,5.5,10,1,5.5,272,27.2,61,4,19,142,15.7777777777778,38,3,14,0,0,0,0,0,1713,171.3,864,5,103.5,0,0,0,0,0,312,34.6666666666667,219,1,9,0,0,0,0,0,1430,143,588,5,83,68,7.55555555555556,35,1,4,11.4222222222222,15.2,7.2,11.16,0,0,0,0,0,0,0,0,0,0,0,0,0,0,0,0,0,0,0,0,0,0,0,0,0,0,0,0,0,0,0,0,0,0,0,0,0,0,0,0,0,0,0,0,0,39342933310,3026379485.39077,12097290851,33077811.8,1454481156,4531,453.1,1055,5,330,0,0,0,0,0,1037,103.7,317,5,73,11,5.5,10,1,5.5,15,3,6,1,2,0,0,0,0,0
住宿和餐饮业,广东省,6,,,,,,2,4,,,6,,,,,,,4,2,,,,,,,,,,,,,,,,,,,,,,,,23098779547,3849796591.21167,5826027846,753104196,4119128852,-2188349082,-364724847,55610661,-1601152138,-159875586.5,14579,2915.8,9714,278,1077,7730472194,1288412032,4005721477,298428944,764283711.3,45.125,67.32,31.49,42.75,3082554,3082554,3082554,3082554,3082554,-4.71,19.73,-30.8,-6.835,-2301508105,-383584684.1,94331223,-1616474926,-158933221.6,-273.6233333,40.01,-812.09,-202.07,-313.5266667,54.45,-793.9,-284.31,69.74,69.74,69.74,69.74,0.01,0.01,0.01,0.01,0.01,0.01,0.01,0.01,0,0,0,0,0,0,0,0,0,0,0,0,0,0,0,0,0,0,0.336,35.25,-33,-4.53,74857092.78,18714273.2,38202156,8753484.78,13950726,294.22,49.0366666666667,179,3.4,8.775,36,18,33,3,18,0,0,0,0,0,2,2,2,2,2,0,0,0,0,0,0,0,0,0,0,5,5,5,5,5,0,0,0,0,0,0,0,0,0,0,0,0,0,0,0,6,6,6,6,6,1,1,1,1,1,0,0,0,0,0,0,0,0,0,0,0,0,0,0,0,0,0,0,0,0,0,0,0,0,0,0,0,0,0,0,0,0,0,0,0,0,0,0,0,0,0,0,0,0,0,0,0,0,0,9603611070,1600601844.91667,2492240246,507363944,1771080349,10,10,10,10,10,0,0,0,0,0,5,5,5,5,5,0,0,0,0,0,0,0,0,0,0,0,0,0,0,0
木材加工和木、竹、藤、棕、草制品业,广东省,0,,,,,,,,,,,,,,,,,,,,,,,,,,,,,,,,,,,,,,,,,,0,0,0,0,0,0,0,0,0,0,0,0,0,0,0,0,0,0,0,0,0,0,0,0,0,0,0,0,0,0,0,0,0,0,0,0,0,0,0,0,0,0,0,0,0,0,0,0,0,0,0,0,0,0,0,0,0,0,0,0,0,0,0,0,0,0,0,0,0,0,0,0,0,0,0,0,0,0,0,0,0,0,0,0,0,0,0,0,0,0,0,0,0,0,0,0,0,0,0,0,0,0,0,0,0,0,0,0,0,0,0,0,0,0,0,0,0,0,0,0,0,0,0,0,0,0,0,0,0,0,0,0,0,0,0,0,0,0,0,0,0,0,0,0,0,0,0,0,0,0,0,0,0,0,0,0,0,0,0,0,0,0,0,0,0,0,0,0,0,0,0,0,0,0,0,0,0,0,0,0,0,0,0,0,0,0,0,0,0,0,0,0,0,0,0,0,0,0,0,0,0,0,0,0,0,0,0,0,0,0,0,0,0,0,0,0,0,0,0,0,0,0,0,0,0,0,0,0,0
居民服务、修理和其他服务业,广东省,0,,,,,,,,,,,,,,,,,,,,,,,,,,,,,,,,,,,,,,,,,,0,0,0,0,0,0,0,0,0,0,0,0,0,0,0,0,0,0,0,0,0,0,0,0,0,0,0,0,0,0,0,0,0,0,0,0,0,0,0,0,0,0,0,0,0,0,0,0,0,0,0,0,0,0,0,0,0,0,0,0,0,0,0,0,0,0,0,0,0,0,0,0,0,0,0,0,0,0,0,0,0,0,0,0,0,0,0,0,0,0,0,0,0,0,0,0,0,0,0,0,0,0,0,0,0,0,0,0,0,0,0,0,0,0,0,0,0,0,0,0,0,0,0,0,0,0,0,0,0,0,0,0,0,0,0,0,0,0,0,0,0,0,0,0,0,0,0,0,0,0,0,0,0,0,0,0,0,0,0,0,0,0,0,0,0,0,0,0,0,0,0,0,0,0,0,0,0,0,0,0,0,0,0,0,0,0,0,0,0,0,0,0,0,0,0,0,0,0,0,0,0,0,0,0,0,0,0,0,0,0,0,0,0,0,0,0,0,0,0,0,0,0,0,0,0,0,0,0,0
医药制造业,北京市,55,2,7,,1,5,4,36,,8,26,2,19,4,2,1,1,18,2,2,,,,2,,1,1,,2,,,1,4,1,12,,1,,,,,,813813599815.91,14796610905.7438,2.15534E+11,178626558,3424803059,-24334000148,-442436366.3,6657923495,-13642054864,-17691,218570,4047.59259259259,67076,13,1046,436768989791.61,8088314625.77056,2.18183E+11,1827659.18,1006607429,32.1050909090909,303,-11.85,25.95,57722993168,1131823395.45235,11152030158,16938786.6,282852091.6,12.8909433962264,668.31,-91.5,3.64,-19578930734,-355980558.8,8361082577,-13425285925,-8850390.82,-838.3609091,322.61,-37231.11,-18.45,-86.21927273,347.45,-1247.32,-18.6,25.4007843137255,192.01,-34.09,15.8,282.87,10936.99,1,15.44,178.910204081633,9710.55,-971.32,1.03,1362483964,71709682.3326316,247687027.2,755806.01,42476145.51,114.56,785.17,-82.63,32.8,17818,434.585365853659,3319,6,260,11.7948780487805,79.66,-39.19,10.42,1.92849056603774,38.07,-65.72,3.03,2100494331,42009886.62,398851743,11257,14069457.9,10588.71,192.522,1455,0.56,49,12669,263.9375,3052,1,94,1469,44.5151515151515,366,1,13,3982,88.4888888888889,974,3,30,2424,53.8666666666667,584,1,19,0,0,0,0,0,933,23.9230769230769,257,1,8,314,14.952380952381,69,1,6,529,13.5641025641026,115,1,6,314,14.952380952381,69,1,6,1008,23.4418604651163,214,1,10,479,12.2820512820513,105,1,6,23.6282926829268,86.2,2.76,19.15,0,0,0,0,0,0,0,0,0,0,1,1,1,1,1,1,1,1,1,1,0,0,0,0,0,0,0,0,0,0,0,0,0,0,0,0,0,0,0,0,0,0,0,0,0,283892118882.76,5161674888.77746,1.34977E+11,-26840843.5,892275186.4,40642,864.723404255319,6522,2,326,0,0,0,0,0,8446,175.958333333333,1984,1,75.5,1482,44.9090909090909,367,1,13,2,1,1,1,1,0,0,0,0,0
化学原料和化学制品制造业,北京市,7,,1,,,1,1,4,,2,3,1,1,1,1,,,2,,1,,,,,,,,,1,,,,,1,,,,,,,,,55773676321,7967668045.87572,20821883326,314393141,3195230459,1743975447,249139349.625714,1124944967,-994083003.7,186839484.2,15574,2224.85714285714,5021,186,1946,43420298755,6202899822.16714,23002789772,62791683,2122311789,35.9271428571429,53.27,5.95,39.92,659600754.8,109933459.1,281918510.6,5745247,68225427.66,11.1571428571429,50.35,-12.14,10.91,2163481211,309068744.491429,1446058835,-1017154714,209437381.1,-77.34571429,100.65,-639.57,3.02,-241.4342857,136.69,-1838.14,6.25,8.715,43.59,-16.65,4.395,6.85333333333333,19.08,1.2,4.57,0.403333333333333,3.66,-0.7,-0.08,62781563.01,62781563.01,62781563.01,62781563.01,62781563.01,43.97,43.97,43.97,43.97,902,225.5,491,88,161.5,36.6175,90.14,-4.5,30.415,19.6214285714286,60.83,0.12,21.16,73677484.82,10525354.9742857,27315708.18,831076,10261794.4,312.39,44.6271428571429,80,0.39,57,2601,371.571428571429,856,40,324,87,14.5,58,1,5.5,971,138.714285714286,498,1,113,555,92.5,175,9,87,0,0,0,0,0,172,24.5714285714286,45,3,23,6,3,5,1,3,98,16.3333333333333,32,9,12,6,3,5,1,3,154,22,45,3,12,68,11.3333333333333,17,7,11,17.155,34.98,7.06,13.29,0,0,0,0,0,0,0,0,0,0,0,0,0,0,0,0,0,0,0,0,0,0,0,0,0,0,0,0,0,0,0,0,0,0,0,0,0,0,0,0,0,0,0,0,0,27070015738,3867145105.38571,11090114377,77801818.26,1095281843,9911,1415.85714285714,3377,21,1343,0,0,0,0,0,1627,232.428571428571,675,5,259,87,14.5,58,1,5.5,0,0,0,0,0,1,1,1,1,1
食品饮料业,北京市,12,,2,,,3,1,6,,4,5,1,2,2,2,,,3,1,1,,,,,,,,,1,,,1,1,,,,,,,,,,154456379029.59,12871364919.1325,35515740291,997461045.1,9094250587,5677144343,473095361.915833,4948101952,-689143913.5,104964028.4,88413,7367.75,23771,264,6198.5,109672387287.05,9139365607.25417,32396721370,311948523,7098862155,40.2741666666667,65.09,5.29,33.225,1976784866,197678486.6,746596848.4,721041,67487412.79,-1.193333333,29.74,-31.64,-0.615,8208289632,684024136.026667,6663107344,-373922692.7,115637965.6,2934.15083333333,35217.32,-329.71,8.745,41.61,1293.34,-750.62,4.395,6.33,54.71,-47,10.47,3.068,10.7,0.07,2.305,0.211,2.37,-1.49,0.105,104302601.2,104302601.2,104302601.2,104302601.2,104302601.2,90.48,90.48,90.48,90.48,5289,755.571428571429,2823,26,99,7.13142857142857,35.63,-25.72,6.4,3.62833333333333,38.4,-18.96,0.725,1353976397,123088763.328182,900721494,2097828.72,25139155,1500.34,125.028333333333,366,3.05,57.5,4878,406.5,2938,17,144.5,97,24.25,80,1,8,1027,85.5833333333333,644,1,25.5,749,62.4166666666667,500,1,16,0,0,0,0,0,568,56.8,222,4,13.5,4,1.33333333333333,2,1,1,196,24.5,75,2,12,4,1.33333333333333,2,1,1,486,44.1818181818182,202,2,9,79,8.77777777777778,44,1,4,8.85857142857143,19.35,1.1,8.54,0,0,0,0,0,0,0,0,0,0,2,2,2,2,2,0,0,0,0,0,0,0,0,0,0,0,0,0,0,0,0,0,0,0,0,0,0,0,0,0,0,0,0,0,0,70664918071,5888743172.58833,18212762163,93988630.2,3903286345,13376,1114.66666666667,8481,4,366.5,0,0,0,0,0,2169,180.75,1271,6,83.5,97,24.25,80,1,8,15,3,7,1,2,0,0,0,0,0
专用设备制造业,北京市,38,,5,,,4,1,28,,5,12,1,20,4,1,,,9,1,1,,,,1,,,,,1,,,2,4,,14,,,,,,,,449406130880.94,11826477128.4458,1.58921E+11,317823542,3094079391,18817314191,495192478.711316,4422161888,-352710863,141993071.4,128135,3371.97368421053,26313,152,1206,213837829470.71,5627311301.86079,80034467972,113656384,1227693221,29.3315789473684,58.61,3.97,27.25,19752664759,519806967.330263,7826347871,18495235,113510215.8,22.8447368421053,360.53,-54.36,8.485,21812727619,574019147.858421,4767842495,-275091589,126029556.8,-36.21368421,274.74,-1728.19,-1.6,-28.79184211,292.97,-2119.11,4.855,38.5068421052632,184.49,-43.68,26.105,15.1513157894737,116.5,1.29,9.815,2.60921052631579,54.73,-5.5,0.62,3271661416,297423765.132727,1977806987,3401986.2,9109261,9.23222222222222,105.75,-94.33,9.78,25107,809.903225806452,7469,19,185,40.3933333333333,288.8,-3.51,35.12,28.3638888888889,208.69,-25.48,18.305,2133590159,56147109.4407895,880533287,102053,10680700.23,7185.04,189.08,1689,1.89,64,55331,1729.09375,14245,3,378.5,1702,70.9166666666667,767,1,11.5,10292,321.625,2952,1,46,5547,191.275862068966,1360,2,39,0,0,0,0,0,9225,307.5,3066,4,56,248,17.7142857142857,76,1,7,5168,172.266666666667,2258,1,26,248,17.7142857142857,76,1,7,7125,222.65625,1835,1,41,1979,68.2413793103448,676,1,7,22.4287096774194,41.42,4.84,22.61,0,0,0,0,0,0,0,0,0,0,22,4.4,11,1,1,0,0,0,0,0,0,0,0,0,0,0,0,0,0,0,0,0,0,0,0,2,1,1,1,1,0,0,0,0,0,2.11822E+11,5574260017.75263,92827665798,68593892,826219740.3,109268,3414.625,27280,23,673,0,0,0,0,0,28769,899.03125,9101,1,171.5,1693,70.5416666666667,765,1,11.5,41,3.41666666666667,11,1,1.5,2,1,1,1,1
信息传输、软件和信息技术服务业,北京市,197,,15,3,2,7,3,167,,77,78,5,37,69,4,4,,67,3,5,,,,3,,,,,5,,,,6,,26,3,,,2,,,,10297490896006.5,52271527390.8959,1935538557267.0,25241238.97,2766241379,349873280126.28,1776006498.10294,1.25594E+11,-13689352993,21669256.1,3836316,19473.6852791878,450682,9,1322,6795352136452.24,34494173281.4835,1046236593774.0,5802352.15,1255059482,34.823959390863,184.4,0,28,266930457462.82,1427435601.40545,23315073992,1656498.05,163861661.1,55.6218781725888,10054.42,-61.3,3.01,465572434233.58,2363311848.90142,1.61306E+11,-12557941587,21290227.86,-196.4391371,461.47,-11076.97,-15.06,-168.8104569,379.91,-15942,-13.75,13.2109340659341,227.05,-67.74,6.965,18.8149732620321,215.4,0.37,12.16,0.830222222222223,161.69,-472,0.6,16046865832,276670100.553103,4055287084,39048,44708400.24,76.4907272727273,2829.46,-102,7.71,346042,2122.95705521472,39771,5,487,5.03843537414966,198.34,-90.03,3.97,1.49952380952381,179.59,-71.91,-0.15,13626223463,85163896.6423125,2773006818,40,7264071.025,82641.24,419.498680203046,12926,0.22,54,204160,1193.91812865497,28658,1,103,7356,138.792452830189,1314,1,29,61902,391.784810126582,8667,1,32,29215,188.483870967742,3738,1,24,0,0,0,0,0,25180,179.857142857143,3898,1,23,1128,45.12,249,1,10,22263,159.021428571429,3525,1,16,1115,44.6,246,1,10,17477,125.73381294964,2788,1,14,13332,101,2319,1,9,36.4837423312883,91.34,1.55,35.61,0,0,0,0,0,0,0,0,0,0,24,1.33333333333333,4,1,1,2,1,1,1,1,0,0,0,0,0,0,0,0,0,0,1,1,1,1,1,5,1.25,2,1,1,0,0,0,0,0,4145330327831.64,21042285928.0794,6.34115E+11,558094,806460581,753588,4512.50299401198,128594,1,374,0,0,0,0,0,174692,1039.83333333333,24783,1,83,7343,138.547169811321,1316,1,29,229,4.40384615384615,26,1,2.5,374,12.4666666666667,98,1,2
电力、热力、燃气及水生产和供应业,北京市,27,,13,,,7,1,6,,5,13,,9,3,1,1,,3,1,5,,,,4,,,,,,,,2,7,,,,,,,,,,4732757458589.5,175287313281.093,5.78454E+11,1268653794,104883290549.48,74763506959,2769018776.26704,25101921432,-10972600334,927941070.9,394480,14610.3703703704,71955,95,5729,1273958679379.0,47183654791.8148,2.46725E+11,169234056,22157343897,61.0307407407407,83.15,17.24,64.2,9440705660,496879245.25579,1987120268,2001,111144554.2,12.2788888888889,87.29,-89.5,12.99,104813360705.73,3881976322.43444,30388062443,-10813936893,1975487624,25.0733333333333,159.02,-69.33,24.06,33.8340740740741,296.04,-72.47,16.88,15.3368421052632,169.2,-99.96,9.11,1.14388888888889,3.67,0.05,0.615,-0.042352941,0.9,-1.16,-0.06,836592837.9,104574104.7,516239489.8,3931,9825738.055,-5.6075,99.67,-99.27,-4.6,20585,1583.46153846154,13028,33,175,33.9230769230769,276.79,-6,6.68,15.8651851851852,303.31,-10.82,1.08,7079086258,294961927.400833,1804434153,9635.48,77674051.61,16059.67,594.802592592593,5397,2.68,235,23184,1104,5699,73,666,127,11.5454545454545,43,1,3,1749,83.2857142857143,376,11,66,1215,57.8571428571429,266,1,30,0,0,0,0,0,4988,237.52380952381,1069,2,112,37,6.16666666666667,15,1,2,2248,112.4,520,1,47,37,6.16666666666667,15,1,2,4114,195.904761904762,899,4,97,491,25.8421052631579,99,3,9,8.09461538461539,23.34,0.64,4.37,0,0,0,0,0,0,0,0,0,0,14,1.75,5,1,1,1,1,1,1,1,0,0,0,0,0,0,0,0,0,0,0,0,0,0,0,1,1,1,1,1,0,0,0,0,0,3152968136573.49,116776597650.87,3.76906E+11,457875254,66384410417,24849,1183.28571428571,3643,152,643,0,0,0,0,0,8809,419.47619047619,2463,17,262,127,11.5454545454545,43,1,3,44,4,16,1,3,1,1,1,1,1
商业电气机械和器材制造业,北京市,12,,2,,,,,10,,7,1,,4,6,,1,,1,,,,,,,,,,,,,,,1,,3,,,,,,,,87993400302,7332783358.48167,26415364045,1672162040,3849052656,4653805272,387817106,2258592032,-194722390.5,58012040.98,21831,1819.25,4582,320,1589.5,51803137187,4316928098.88167,21264167216,451836691,1797850502,39.7525,69.46,6.67,37.55,3085514817,257126234.719167,860340419.5,25576594.74,118841324.9,29.1925,151.5,-6.73,18.18,5321438147,443453178.915833,2538767181,-232686154.7,70878209,-1.144166667,100.61,-82.42,0.445,-4.5525,102.07,-86.98,3.125,32.3483333333333,159.21,-4.64,27.485,8.21916666666667,21.64,3.59,6.02,-0.239166667,1.6,-4.59,0.37,157049270.6,26174878.44,58535322.84,6871573.95,20487917.34,-3.924285714,132.49,-105,-18.88,5054,459.454545454545,1039,75,370,26.8472727272727,58.5,6.33,24.38,14.7766666666667,32.36,-15.92,21.035,288001025,24000085.42,116723611.2,4202478.07,16661734.14,1305,108.75,387,25,61.5,7902,658.5,2155,198,365.5,68,8.5,26,1,3.5,1864,155.333333333333,1012,13,71,867,72.25,300,5,38,0,0,0,0,0,1453,121.083333333333,582,16,42.5,11,5.5,10,1,5.5,721,60.0833333333333,227,7,22.5,11,5.5,10,1,5.5,963,80.25,396,13,40.5,196,17.8181818181818,72,2,10,23.9509090909091,35.41,16.38,23.03,0,0,0,0,0,0,0,0,0,0,5,1.66666666666667,3,1,1,1,1,1,1,1,0,0,0,0,0,0,0,0,0,0,0,0,0,0,0,0,0,0,0,0,0,0,0,0,0,42588138061,3549011505.11167,15232693442,110789116.7,1337579042,25442,2120.16666666667,12835,332,903.5,0,0,0,0,0,4134,344.5,1762,57,157.5,68,8.5,26,1,3.5,19,4.75,10,2,3.5,0,0,0,0,0
批发和零售业,北京市,27,,6,,1,7,1,11,1,6,10,,11,3,,2,,8,1,,,1,,1,,,,,,,,6,4,,,,,1,,,,,3.19978E+11,11851022218.8963,42584473391,181459233,6244021099,-16123139658,-597153320.7,2128708621,-20206371591,80531638.1,86080,3310.76923076923,14931,27,1675.5,476442132710.35,17646004915.1982,78645374259,31781187.22,10799848133,90.7192592592593,947.59,19,57.5,1317493523,87832901.5653333,265616054.7,9753022.92,46426035.63,168.036666666667,4539.86,-66,1.26,-11287830692,-418067803.4,2694929703,-20285451731,157497436.8,-100.7077778,1675.29,-2932.43,-21.7,-370.5022222,1327.27,-8972.78,-22.1,40.7115384615385,327.68,-76.67,14.35,1.25733333333333,6.57,0.01,0.55,-0.376923077,3.95,-8.49,0.04,157113665,78556832.5,125243794.2,31869870.8,78556832.5,26.555,51.24,1.87,26.555,2439,174.214285714286,564,5,133,64.2183333333333,408,-12.42,15.35,-10.79692308,48.97,-97.06,-5.305,514364265.9,23380193.91,85471854.21,67496,13670703.94,2045.22,75.7488888888889,291,0.2,44,1457,76.6842105263158,378,3,29,15,3.75,11,1,1.5,202,16.8333333333333,84,1,7,170,14.1666666666667,127,1,3,0,0,0,0,0,191,17.3636363636364,62,1,8,0,0,0,0,0,73,9.125,35,1,5,0,0,0,0,0,128,11.6363636363636,34,1,9,38,4.75,16,1,2.5,9.06428571428571,31.49,0.35,6.16,0,0,0,0,0,0,0,0,0,0,1,1,1,1,1,0,0,0,0,0,0,0,0,0,0,0,0,0,0,0,0,0,0,0,0,0,0,0,0,0,0,0,0,0,0,214900846579.33,7959290614.04926,42091197932,135616699.2,4557576385,1471,98.0666666666667,715,1,41,0,0,0,0,0,475,33.9285714285714,230,1,10.5,15,3.75,11,1,1.5,13,4.33333333333333,8,1,4,2,2,2,2,2
金融业,北京市,52,,32,,1,6,,13,,2,31,,19,1,,1,,10,,18,,,,2,,,1,,,,,4,13,,2,,,,,,,,379539262038582.0,7298831962280.43,39609657845935.0,76721197.42,1082456668888.75,3079392297035.5,59219082635.2981,3.61038E+11,-33381475662,8793737204,5031786,96765.1153846154,452273,30,32536.5,13049797420031.4,250957642692.911,9.17989E+11,7387306.04,1.18142E+11,77.0636538461539,142.78,0,87.67,1144567345,143070918.16125,404234450.5,5570309.74,81019198,-3.402941176,75.37,-99.89,-2.24,3577442146614.85,68796964357.9779,4.20378E+11,-37116298626,9479869373,-21.24865385,233.82,-636.07,1.83,-46.22615385,379.62,-1788.77,2.65,12.1975,86.05,-29.77,14.69,19.62625,75.48,0.4,10.97,-1.68125,21.33,-38.5,0.255,0,0,0,0,0,0,0,0,0,2624,374.857142857143,789,11,440,3.14,20.35,-27.58,16.65,112.954423076923,6044.61,-99.6,0,6298447444,196826482.6,805568969,510,88733803.05,141915.44,2729.14307692308,16386,0.3,887.5,91682,2083.68181818182,23981,1,188.5,1235,137.222222222222,1177,1,9,16685,463.472222222222,10978,2,28,10075,272.297297297297,5015,1,17,0,0,0,0,0,27473,784.942857142857,4534,4,86,34,34,34,34,34,24367,696.2,4140,1,70,34,34,34,34,34,6042,172.628571428571,1085,1,22,2961,98.7,711,1,13.5,21.6014285714286,42.87,4.37,16.86,0,0,0,0,0,0,0,0,0,0,2,2,2,2,2,0,0,0,0,0,0,0,0,0,0,0,0,0,0,0,0,0,0,0,0,0,0,0,0,0,0,0,0,0,0,311148050019024.0,5983616346519.7,36095831331341.0,10409082.3,7.42933E+11,231515,5261.70454545455,139528,2,217.5,0,0,0,0,0,77361,1886.85365853659,18968,2,136,1230,136.666666666667,1172,1,9,32,3.2,7,1,2,19,1.9,3,1,2
汽车制造业,北京市,7,1,,,,3,,3,,1,3,,3,,,,,2,,,,,,1,1,,,,,,,2,,,1,,,,,,,,434197797844.37,62028256835,1.73375E+11,2982072639,48514616393,6966108394,995158342.032857,16335399166,-5395825759,-388351014.4,87614,12516.2857142857,19418,979,18859,3.41596E+11,48799473881.6429,1.90463E+11,1020681664,45286803589,53.22,79.87,24.3,47.76,20256673074,2893810439.20571,6780038784,213472249.6,1894512524,25.4271428571429,67.66,-15.52,9.4,13462443016,1923206145.19714,26008855737,-5424902102,-409515510.1,-32.81428571,174.05,-257.26,-2.97,-90.46,326.99,-537.25,2.9,35.48,103.35,-9.97,10.79,11.4114285714286,20.95,1.43,14.9,0.405714285714286,2.8,-3.71,0.46,2340371880,780123959.883333,1424829519,23334677,892207683.2,-1.525,6.13,-9.18,-1.525,18747,2678.14285714286,4836,402,3053,13.6671428571429,41.69,-12.26,16.3,17.6285714285714,62.95,-9.4,4.2,744137165.1,148827433,378218216,10080641.34,81625272.4,6084,869.142857142857,2648,50,274,29109,4158.42857142857,10376,137,1204,410,82,103,69,84,3596,513.714285714286,1447,2,137,2816,402.285714285714,1238,8,159,0,0,0,0,0,1263,180.428571428571,567,12,78,126,42,59,8,59,357,51,126,4,29,126,42,59,8,59,1971,281.571428571429,616,41,246,540,77.1428571428571,151,1,93,27.1457142857143,53.03,6.81,24.9,0,0,0,0,0,0,0,0,0,0,2,2,2,2,2,0,0,0,0,0,0,0,0,0,0,0,0,0,0,0,0,0,0,0,0,1,1,1,1,1,0,0,0,0,0,239554521018.06,34222074431.1514,94438373152,1190183311,34777503582,56103,8014.71428571429,21587,193,1967,0,0,0,0,0,8583,1226.14285714286,3115,17,665,413,82.6,106,69,84,41,10.25,17,4,10,2,2,2,2,2
金属冶炼和压延加工业,北京市,8,,5,,,1,,2,,2,4,,2,,1,1,,2,,2,,,,,,,,,,,,,2,,,,,,,,,,659248602611.57,82406075326.4463,2.12348E+11,4480671463,37523973791,27256384412,3407048051,10843496689,9941727,1160381670,178738,22342.25,67377,640,10320,795737418433.57,99467177304.1963,2.90988E+11,1346133291,38070031373,51.95125,68.71,29.04,52.975,17609530617,2934921769.55167,6665568942,190930727.9,2575535915,4.4,43.73,-11.89,0.17,37488468861,4686058607.58375,16393178562,19156401.23,1462867475,-0.03375,102.56,-81.22,14.7,5.01375,103.3,-81.81,15.445,53.156,160.39,0.07,2.63,3.00666666666667,7.5,0.79,1.945,-0.082,1.3,-3,0.56,284145818,284145818,284145818,284145818,284145818,3.195,110.39,-104,3.195,4102,820.4,2344,209,365,12.065,20.18,2.07,13.005,14.35125,31.19,2.14,12.2,615519978.7,87931425.5257143,242045745,7823503.2,67816646.75,2151,268.875,844,18,158.5,15105,2517.5,4901,224,2661.5,93,18.6,64,6,7,3767,627.833333333333,1176,71,704,2893,482.166666666667,968,62,381.5,0,0,0,0,0,1953,325.5,969,29,239,3,1.5,2,1,1.5,1031,171.833333333333,531,26,119,3,1.5,2,1,1.5,1523,253.833333333333,730,15,195,490,81.6666666666667,215,9,68.5,9.634,19,1.36,12.51,0,0,0,0,0,0,0,0,0,0,11,3.66666666666667,7,2,2,0,0,0,0,0,0,0,0,0,0,0,0,0,0,0,0,0,0,0,0,0,0,0,0,0,0,0,0,0,0,383991354621.76,47998919328,1.24593E+11,1608430466,17042117471,41490,6915,12860,1029,6780.5,0,0,0,0,0,8150,1358.33333333333,2562,175,1458,93,18.6,64,6,7,65,10.8333333333333,23,1,12,22,11,14,8,11
交通运输、仓储和邮政业,北京市,10,,7,,,1,,2,,1,5,,4,,,1,,1,,3,,,,1,,,,,,,,,3,,1,,,,,,,,1215525556608.6,121552555660.86,2.95011E+11,5356329557,78164128566.765,-86891268777,-8689126878,4275940967,-45175938358,-521839143.6,637044,63704.4,390002,72,18303,498295979142.76,49829597914.276,1.37402E+11,1126990288,36116574386,33.632,92.68,-92.7,50.32,3895465497,649244249.541667,3122866612,4626471.01,246671998.9,10.289,91,-34.08,-2.565,-75030210993,-7503021099,5247928773,-46084570565,-291016403.8,8.529,205,-118.9,3.6,-15.958,111.77,-146,7.06,10.7216666666667,93.12,-62.51,1.155,0.623333333333333,2.24,0.01,0.36,-0.013333333,0.2,-0.49,0.07,161034541.3,53678180.4366667,67936943.16,25161255,67936343.15,-38.75333333,-32.23,-51.79,-32.24,8209,1368.16666666667,4667,25,737,12.852,27.77,5.42,5.86,5.301,31.73,-2.7,-1.305,1741942296,193549144.012222,696243312,3981908.65,19637078.1,6371.98,637.198,2588,3.98,258,707,88.375,315,9,67.5,0,0,0,0,0,93,15.5,27,1,14.5,41,8.2,17,1,9,0,0,0,0,0,93,18.6,32,9,15,0,0,0,0,0,52,13,15,9,14,0,0,0,0,0,66,13.2,35,4,11,19,3.8,5,3,4,2.35833333333333,5.53,0.72,2.2,0,0,0,0,0,0,0,0,0,0,0,0,0,0,0,0,0,0,0,0,0,0,0,0,0,0,0,0,0,0,0,0,0,0,0,0,0,0,0,0,0,0,0,0,0,248003713836.01,24800371383.601,2.73451E+11,-2.73451E+11,28917895344,2194,274.25,689,19,114,0,0,0,0,0,310,38.75,93,1,39,0,0,0,0,0,2,1,1,1,1,1,1,1,1,1
消费电子及电气业,北京市,16,,2,,1,1,,12,,5,3,,8,4,1,,,2,,,,,,,,,1,,,,,,2,,6,,,,,,,,1083113275906.88,67694579744,4.20562E+11,620413374,6787095921,16074045296,1004627830.97187,11296572247,-1737174800,198067689.6,244357,15272.3125,88317,29,1604,9.46326E+11,59145403877.7437,4.16332E+11,110892710.7,4285718364,32.488125,84.49,4.54,24.64,48760651545,3250710102.97467,16028154872,9747351.28,386384268.4,-2.05625,62.38,-65.15,-8.85,25590276742,1599392296.40438,17936679206,-549921766.8,203959496.1,-15.665,117.65,-215.75,-9.53,-14.790625,122.2,-211.63,-11.915,15.3106666666667,49.85,-17.8,15.01,10.8913333333333,43.62,1.46,7.07,3.28733333333333,31.53,-0.29,1.36,3607731209,721546241.8,2036269563,6567124.04,700098649,123.2275,502.46,-8.7,-0.425,48992,3499.42857142857,21038,42,488,15.3830769230769,96.47,-19.58,6.93,4.8425,62.67,-21.75,-0.035,7361685037,460105314.8,5458661621,206059,28269662.17,6420.98,401.31125,2479,1.98,117.5,160492,10030.75,85294,93,1360,32056,2671.33333333333,24907,1,57.5,57251,3578.1875,33734,6,184,28073,1754.5625,14253,2,131.5,0,0,0,0,0,12516,834.4,5521,15,288,1020,127.5,478,3,86.5,8691,579.4,4811,4,77,1015,126.875,471,3,91,12180,812,6405,8,148,7523,578.692307692308,5029,3,53,31.4921428571429,54.55,7.21,27.445,0,0,0,0,0,0,0,0,0,0,0,0,0,0,0,0,0,0,0,0,0,0,0,0,0,0,0,0,0,0,0,0,0,0,0,2,1,1,1,1,0,0,0,0,0,623669303789.09,38979331486.8181,2.20933E+11,90029523.06,1179307225,788454,49278.375,377743,112,2023.5,0,0,0,0,0,120472,7529.5,66687,29,575.5,32120,2676.66666666667,24961,1,57.5,64,9.14285714285714,26,1,5,15,3,6,1,1
房地产业,北京市,36,,4,1,,13,3,15,,2,24,,10,1,1,,,13,2,3,1,,,5,,,,,,,,7,1,1,1,,,,,,,,2826604393803.24,78516788716.7567,7.86774E+11,246079563,20620893203.045,8975618268.55001,249322729.681945,32822763663,-15649803218,-664173,324811,9022.52777777778,98569,67,2019,742512593259.86,20625349812.7739,2.50565E+11,21521563,4527178114,2298.88472222222,80518.87,26.6,70.91,5194031548,649253943.5,2545547215,3027773.93,23289779.64,4.02583333333333,193.01,-58.61,-13.405,45719116186,1269975449.61167,45822270197,-8129760518,65414227.5,-45.385,533.51,-609.76,-28.525,-117.9766667,678.29,-1769.89,-32.105,42.6471428571429,136.47,-20.3,44.82,1.3825,4.2,0,0.57,0.12,0.3,-0.09,0.08,0,0,0,0,0,0,0,0,0,4139,591.285714285714,1908,8,72,192.8025,802,-42.8,6.005,-0.028888889,111.29,-38.84,-3.38,2204080091,81632595.9674074,668378535,6327,12581726,5465.26,151.812777777778,1345,0.29,28.5,1858,132.714285714286,757,1,14,1,1,1,1,1,109,15.5714285714286,52,1,3,114,14.25,56,1,3.5,0,0,0,0,0,474,79,178,3,67,0,0,0,0,0,190,38,53,1,49,0,0,0,0,0,312,44.5714285714286,136,2,18,30,15,15,15,15,7.44142857142857,28.03,1.91,2.78,0,0,0,0,0,0,0,0,0,0,0,0,0,0,0,0,0,0,0,0,0,0,0,0,0,0,0,0,0,0,0,0,0,0,0,0,0,0,0,0,0,0,0,0,0,2176236578107.84,60451016058.5511,5.53595E+11,203470464,23447682621,1370,124.545454545455,622,3,26,0,0,0,0,0,609,55.3636363636364,228,1,8,1,1,1,1,1,3,3,3,3,3,1,1,1,1,1
采矿业,北京市,25,,16,,,1,1,7,,4,11,,10,3,,1,,3,1,7,,,,,,,,,,,,1,8,,1,,,,,,,,12469259374591.0,498770374983.641,2673751852239.0,1990443510,71200509156,997240670246.05,39889626809.842,1.63977E+11,-196702249.3,2281850866,2054395,82175.8,398482,92,21487,15494618486960.7,619784739478.429,3318168582439.0,463806512.7,57150989142,49.9956,89.58,24.49,45,1.40035E+11,6088469694.36957,28718073221,10062241.97,1838962722,27.2044,326.22,-13.6,12.23,1348982352165.36,53959294086.6144,2.42564E+11,-185710161.2,2882271801,31.4068,119.63,-47.04,29.98,41.9472,152.92,-49.55,37.55,109.367619047619,1737.79,-25.48,19.69,2.28782608695652,12.1,0.3,1.59,0.43952380952381,9.3,-1.53,0.05,33697835159,4212229394.91375,9737004196,1250247.31,1727508117,-12.08,98.36,-105,-7.5,45039,2649.35294117647,9364,28,2386,3.41066666666666,48.16,-24.85,2.27,10.4868,257.41,-37.43,-0.21,17771955300,772693708.687391,9277002159,2675691.6,76624550.32,58557.72,2342.3088,13198,4.72,293,297514,13523.3636363636,74430,24,3655,1647,117.642857142857,506,2,23.5,104634,4756.09090909091,33532,5,335,43337,1969.86363636364,11243,3,546.5,0,0,0,0,0,11789,561.380952380952,2284,6,285,346,34.6,119,2,5,5842,292.1,925,2,166,334,33.4,114,2,5,20930,951.363636363636,5773,1,303,13116,655.8,3886,1,48.5,9.63529411764706,32.97,1.7,5.1,0,0,0,0,0,0,0,0,0,0,127,11.5454545454545,60,1,4,12,4,6,2,4,0,0,0,0,0,0,0,0,0,0,0,0,0,0,0,9,3,4,1,4,0,0,0,0,0,5433202390152.02,217328095606.081,1135648876745.0,610193860,48642243615,770841,35038.2272727273,195455,56,6707.5,0,0,0,0,0,198173,9007.86363636364,59386,15,1256.5,1657,118.357142857143,505,2,23.5,224,24.8888888888889,88,2,4,67,11.1666666666667,26,1,9.5
非金属矿物制品业,北京市,11,,4,,1,1,,4,1,6,2,1,2,2,,3,,1,,1,,1,,,,,,,1,,,1,,,,,,1,,,,,885974651672.47,80543150152.0427,4.82467E+11,851739925.4,11712919705,22866854714,2078804974.01636,14904750252,-362045734.9,261003107.1,238227,21657,150463,364,4168,409093095368.93,37190281397.1755,2.30168E+11,181529732.5,4818996686,51.5445454545455,75.22,19,60.16,2493990780,249399078,861119613,11515377.7,157808212,16.2236363636364,181.98,-63.22,-2.25,27893472545,2535770231.39182,17432864758,-390216979.6,353099633,-113.17,106.61,-1162.4,-37.27,-131.93,116.91,-1375.46,-34.64,61.234,317.48,-40.96,18.875,3.347,8.28,0.4,2.86,0.636666666666667,1.98,-0.34,0.14,0,0,0,0,0,-101,-101,-101,-101,5885,653.888888888889,3216,54,271,66.85,445.67,-4.19,23.34,12.4618181818182,106.9,-7.65,-1.58,2183594546,198508595.097273,1335416926,2873073.84,40282710.42,1985,180.454545454545,680,13,43,25169,2516.9,8746,94,1192,197,28.1428571428571,100,2,15,3752,375.2,1058,8,295.5,3025,302.5,874,1,228.5,0,0,0,0,0,3594,359.4,1610,10,110,13,3.25,7,1,2.5,1319,131.9,467,1,60,13,3.25,7,1,2.5,3305,330.5,1618,7,109,743,92.875,256,1,46,10.8522222222222,25.23,4,7.22,0,0,0,0,0,0,0,0,0,0,2,2,2,2,2,1,1,1,1,1,0,0,0,0,0,0,0,0,0,0,0,0,0,0,0,0,0,0,0,0,0,0,0,0,0,530684558228.82,48244050748.0745,2.90129E+11,162452755,4094327221,47914,4791.4,13052,56,3842,0,0,0,0,0,9185,918.5,2807,32,632.5,199,28.4285714285714,102,2,15,42,5.25,15,1,3.5,7,1.75,3,1,1.5
通用设备制造业,北京市,1,,1,,,,,,,,,1,,,,,,,,,,,,,,,,,,1,,,,,,,,,,,,,900936528.1,900936528.1,900936528.1,900936528.1,900936528.1,116882608.6,116882608.6,116882608.6,116882608.6,116882608.6,252,252,252,252,252,517605575,517605575,517605575,517605575,517605575,35.13,35.13,35.13,35.13,59771159.81,59771159.81,59771159.81,59771159.81,59771159.81,27.08,27.08,27.08,27.08,128710725.1,128710725.1,128710725.1,128710725.1,128710725.1,19.63,19.63,19.63,19.63,24.74,24.74,24.74,24.74,48.3,48.3,48.3,48.3,11.59,11.59,11.59,11.59,1.68,1.68,1.68,1.68,0,0,0,0,0,0,0,0,0,118,118,118,118,118,20.2,20.2,20.2,20.2,0,0,0,0,13600240.69,13600240.69,13600240.69,13600240.69,13600240.69,121,121,121,121,121,399,399,399,399,399,6,6,6,6,6,61,61,61,61,61,136,136,136,136,136,0,0,0,0,0,56,56,56,56,56,2,2,2,2,2,12,12,12,12,12,2,2,2,2,2,39,39,39,39,39,8,8,8,8,8,46.3,46.3,46.3,46.3,0,0,0,0,0,0,0,0,0,0,0,0,0,0,0,0,0,0,0,0,0,0,0,0,0,0,0,0,0,0,0,0,0,0,0,0,0,0,0,0,0,0,0,0,0,316322410.2,316322410.2,316322410.2,316322410.2,316322410.2,752,752,752,752,752,0,0,0,0,0,233,233,233,233,233,6,6,6,6,6,0,0,0,0,0,1,1,1,1,1
半导体业,北京市,10,,2,,,1,1,6,,3,2,,5,3,,,,1,,1,,,,,,,,,,,,1,1,1,2,,,,,,,,86483569565,8648356956,17824622664,3481708430,5970511996,6014723194,601472319.4,2052883074,-149234385.9,475341523.3,13078,1307.8,3743,421,980,32405987269,3240598727,8129998768,738654104.8,2681387681,19.822,59.25,8.71,14.935,4675258068,467525806.8,1029444828,84704931,458131405.8,5.747,52.62,-38.5,-0.885,6245216777,624521677.7,2221568647,-171557544.8,538268879.9,85.143,1107.19,-187.8,-16.09,6.263,331.23,-184.03,-16.96,26.46,65.51,5.43,20.135,19.602,53.81,7.2,12.53,5.239,27.04,-2.15,1.83,359511202.7,89877800.67,163757349.8,13094171.89,91329840.5,20.845,107.86,-66.9,21.21,5510,612.222222222222,1184,85,617,24.4585714285714,70.72,-3.44,15.03,16.476,56.33,2.41,10.255,702811985.6,78090220.6222222,196245182,16216579.78,62231952.49,2885,288.5,704,28,238.5,8516,851.6,1527,98,802.5,108,18,48,1,8.5,2402,240.2,641,8,156,1572,157.2,776,3,71,0,0,0,0,0,966,96.6,357,13,49.5,29,9.66666666666667,20,3,6,768,76.8,343,8,44,29,9.66666666666667,20,3,6,661,66.1,154,5,55.5,387,38.7,143,5,19,47.3222222222222,72.05,10.83,53.93,0,0,0,0,0,0,0,0,0,0,1,1,1,1,1,0,0,0,0,0,0,0,0,0,0,0,0,0,0,0,0,0,0,0,0,0,0,0,0,0,0,0,0,0,0,14834820197,1483482020,3300807208,477825318.5,1311180917,20392,2039.2,5778,24,1143,0,0,0,0,0,6596,659.6,1384,92,578.5,108,18,48,1,8.5,11,5.5,6,5,5.5,0,0,0,0,0
建筑业,北京市,30,,17,,,3,,10,,9,7,,14,6,1,2,,,,6,,,,1,,,,,,,,1,9,,4,,,,,,,,16180686323567.5,539356210785.582,2652903255775.0,1516419505,47391265937.855,322751888805.15,10758396293.505,69211712126,-776460710.5,675068709.9,2526752,84225.0666666667,382437,83,12260,10848027414934.2,361600913831.139,2055052234125.0,132922635.3,23697391486.245,67.853,128.26,22.18,72.07,291206274614.29,10400224093.3675,49753217954,11634912.82,913973051.5,-1.133666667,36.62,-57.99,7.445,399135165757.59,13304505525.253,86733067253,-899403944.8,813421136.9,-98.31566667,163.1,-1603.29,8.605,-90.082,150.91,-1278.13,9.975,8.74571428571429,43.73,-53.1,17.7,3.80428571428571,10.57,0.4,3.255,0.562142857142857,4.29,-1.37,0.1,424186374.5,32629721.1153846,234710698,2245342.9,12134266,-28.38111111,64.47,-85.35,-41.41,223419,8936.76,35029,58,2473,7.20708333333333,193.5,-55.25,0.72,3.055,183.01,-52.4,-0.16,10428822049,347627401.6,1480002376,2695.46,44312690.88,14346.9,478.23,2400,3.9,146.5,196621,6554.03333333333,53649,24,272,646,35.8888888888889,165,1,6.5,19672,678.344827586207,5144,1,57,13469,448.966666666667,3414,1,30,0,0,0,0,0,32556,1122.62068965517,9486,6,34,44,6.28571428571429,14,1,2,12446,444.5,3938,1,18,44,6.28571428571429,14,1,2,28163,971.137931034483,8047,1,33,4196,161.384615384615,1258,1,8,17.9236,66.03,4.96,13.36,0,0,0,0,0,0,0,0,0,0,252,28,63,5,21,18,3.6,9,1,3,0,0,0,0,0,0,0,0,0,0,0,0,0,0,0,21,3.5,5,2,3,3,1,1,1,1,11910380642883.8,397012688096.125,1972516839765.0,514609259.9,36931253656,262845,8761.5,67199,16,615,0,0,0,0,0,68188,2272.93333333333,19690,3,133.5,646,35.8888888888889,163,1,6.5,195,16.25,47,1,14.5,37,5.28571428571429,17,1,4
铁路、船舶、航空航天和其他运输设备制造业,北京市,22,,11,,,2,,9,,10,4,,8,7,1,2,,1,,3,,,,,,,,,,,,1,6,,1,,,,,,,,1622460682046.43,73748212820.2923,4.4214E+11,1240928584,6242129941,42042988410,1911044927.74227,14352153568,-2432715370,213349114.2,465125,21142.0454545455,157211,134,1855.5,704917778119.76,32041717187.2618,2.22939E+11,183770144.1,2120324717,42.09,62.02,12.42,49.985,42759143527,1943597433.03864,13292402969,29074726.31,191438143,10.3127272727273,188.74,-22.49,-1.055,46850257158,2129557143.53136,15979799953,-2576752680,231195303,-381.0090909,114.89,-2612.36,-14.12,-332.0990909,117.86,-2214.2,-4.185,7.89363636363636,73.7,-38.04,3.56,9.09090909090909,19.1,4.2,7.795,-0.028636364,4.3,-5.71,0.05,1505547008,150554700.8,353771542.9,8477053.56,162707594,-22.40909091,35.99,-103,-21.3,97808,4657.52380952381,36371,69,349,2.64238095238095,55.51,-49.3,2.06,20.6690909090909,332.9,-11.41,-1.27,4355178632,197962665.081364,1972136793,189272.15,32133620.26,7147,324.863636363636,1751,22,99,129469,5884.95454545455,53058,38,424,3546,354.6,1739,1,9,27290,1240.45454545455,11278,4,54,18016,818.909090909091,7379,3,38.5,0,0,0,0,0,11668,555.619047619048,4367,4,63,235,47,119,1,1,7067,353.35,2668,2,28,232,46.4,119,1,1,10705,563.421052631579,4249,4,63,4734,278.470588235294,1999,1,24,28.3614285714286,54.57,12.3,25.12,0,0,0,0,0,0,0,0,0,0,31,6.2,20,1,2,2,1,1,1,1,0,0,0,0,0,0,0,0,0,0,0,0,0,0,0,7,3.5,5,2,3.5,2,1,1,1,1,9.13216E+11,41509806785.3136,2.51154E+11,196869838.9,2464984208,239573,10889.6818181818,92495,36,707.5,0,0,0,0,0,65435,2974.31818181818,26556,16,155,3544,354.4,1737,1,9,92,15.3333333333333,65,1,3,4,2,3,1,2
水利、环境和公共设施管理业,北京市,16,,2,,,6,,8,,6,3,2,5,1,3,2,,1,,,,,,2,,,,,2,,,1,,,4,,,,,,,,207794304498.63,12987144031.1644,72650035201,301720811.7,4634074935,-1647153004,-102947062.7,1370132740,-6110904212,142617312.1,79141,4946.3125,51344,114,1047.5,44510815931,2781925995.69063,8774239050,53482492.2,1516128586,53.5325,85.1,5.38,57.92,1438301553,102735825.182143,350779027,8439393.78,47450262.92,-8.24375,19.92,-69.13,1.745,-343573524.4,-21473345.27,1392334175,-5594798661,166094799.6,-34.98133333,196,-371.65,-11.53,-41.524375,184.32,-420.34,-11.18,32.2271428571429,177.1,-33.41,22.64,5.77714285714286,15.7,1.8,3.95,2.19428571428571,7.75,0.17,1.11,132492556,16561569.49,54471445.6,739838.08,8903875.45,62.8683333333333,265.04,-105,77.96,2802,200.142857142857,553,36,125,24.1061538461538,94.8,-34.36,2.96,4.730625,39.06,-21.42,4.79,261585094.3,16349068.39,60140350.39,1677544.49,12140884.67,768.98,48.06125,198,3.21,24,6452,403.25,1348,3,219.5,48,9.6,25,2,3,947,63.1333333333333,181,1,61,676,52,221,1,25,0,0,0,0,0,741,49.4,185,1,29,1,1,1,1,1,304,25.3333333333333,73,2,14,1,1,1,1,1,655,43.6666666666667,202,1,24,157,14.2727272727273,51,1,10,16.8371428571429,47.93,2.99,15.385,0,0,0,0,0,0,0,0,0,0,1,1,1,1,1,0,0,0,0,0,0,0,0,0,0,0,0,0,0,0,0,0,0,0,0,1,1,1,1,1,0,0,0,0,0,133666664645.33,8354166540.33313,43204325582,16079737.74,2678133694,15561,972.5625,2939,5,546.5,0,0,0,0,0,2544,159,583,1,92.5,48,9.6,25,2,3,7,2.33333333333333,4,1,2,0,0,0,0,0
科学研究和技术服务业,北京市,28,1,7,,1,1,1,17,,11,6,1,10,9,,1,,3,1,1,,,,1,1,,,,,1,,,4,,5,,,,1,,,,162747391696.13,5812406846.29036,23861890624,309599699,3233811634,11711125496,418254481.996429,3294571411,-495244744.1,174318303.9,88884,3174.42857142857,19462,175,1865,75432916399,2694032728.51821,10433189314,186603644.1,1147723719,31.59,70.73,3.02,34.74,3904389592,139442485.421429,442055993.8,14187944.79,84153713.54,22.0907142857143,237.82,-40.48,10.55,13712015769,489714848.902857,3810082454,-498342284.1,193983855.9,19.9664285714286,442.43,-73.09,9.145,21.0775,493.39,-75.1,5.905,42.5577777777778,307.76,-35.17,27.04,8.53892857142857,27.58,2.73,7.11,1.2362962962963,8.57,-3.38,0.56,454213927,64887703.86,254085244.2,-1390891.62,17818628.7,72.7833333333333,404.7,-106.38,43.665,28086,1276.63636363636,17449,38,253,23.7171428571429,97.5,-17.53,24.49,20.7203571428571,84.43,-34.91,18.41,424387148.1,15156683.8621429,59872105.46,46936,10858908.04,2700.97,96.4632142857143,428,2.4,70.5,10989,422.653846153846,2030,10,148.5,63,5.72727272727273,11,1,7,1249,48.0384615384615,182,5,33,1063,40.8846153846154,229,1,24,0,0,0,0,0,1986,76.3846153846154,618,2,33,8,1.6,3,1,1,754,32.7826086956522,217,1,17,8,1.6,3,1,1,1407,54.1153846153846,402,1,13.5,211,8.11538461538461,60,1,4,35.935,89.39,5.98,27.115,0,0,0,0,0,0,0,0,0,0,2,1,1,1,1,0,0,0,0,0,0,0,0,0,0,0,0,0,0,0,0,0,0,0,0,1,1,1,1,1,0,0,0,0,0,66661418467,2380764945.26607,16874815421,40479453.42,923716711.5,17768,683.384615384615,2997,32,292.5,0,0,0,0,0,4208,161.846153846154,546,9,84.5,63,5.72727272727273,11,1,7,96,10.6666666666667,35,1,3,14,4.66666666666667,7,1,6
纺织鞋服业,北京市,7,,1,,,,,6,,3,2,,2,3,,,,2,,,,,,,,,,,,,,,1,,1,,,,,,,,89146819935,12735259990.6571,33646597911,2373966154,7110248016,4864110991,694872998.688572,4063779886,34655995.69,165966524.6,36093,5156.14285714286,16287,476,4614,52378646298,7482663757,25803308639,1138955179,3300393345,25.54,49.15,8.68,21.5,1282538860,183219837.2,534159758,11287992.92,115690747.2,-1.861428571,14.33,-12.39,-5.81,5817576964,831082423.378571,4886756681,50448080.94,220180902.1,19.1142857142857,184.97,-74.66,-13.6,18.2042857142857,164.68,-84.62,-0.02,12.5357142857143,34.5,-3.06,6.58,2.78857142857143,5.1,0.9,2.64,0.388571428571429,1.61,-0.03,0.2,150997.34,150997.34,150997.34,150997.34,150997.34,0,0,0,0,1672,334.4,711,48,344,-1.59,6.2,-8.1,-2.31,-3.731428571,14.78,-24.85,-6.42,619701725.2,88528817.8785714,461720833,3109575.31,16428863.61,1456,208,1029,17,74,10272,1712,7023,24,423.5,26,8.66666666666667,18,3,5,766,153.2,590,2,42,1092,182,986,2,21,0,0,0,0,0,622,124.4,423,29,58,1,1,1,1,1,100,20,72,1,5,1,1,1,1,1,573,114.6,376,32,51,53,13.25,34,2,8.5,9.126,23.57,4.35,5.45,0,0,0,0,0,0,0,0,0,0,0,0,0,0,0,1,1,1,1,1,0,0,0,0,0,0,0,0,0,0,0,0,0,0,0,1,1,1,1,1,0,0,0,0,0,26060226817,3722889545.23143,10643934703,510476929.9,911371519,9813,1635.5,7628,39,536.5,0,0,0,0,0,2342,390.333333333333,1836,2,100.5,26,8.66666666666667,18,3,5,14,3.5,9,1,2,0,0,0,0,0
通信传输设备业,北京市,10,,2,,1,1,,6,,4,1,,5,2,1,,,,,1,,1,,,,,,,,,,,1,,4,,,,,,,,402227507433.72,40222750743.372,3.0556E+11,902089688.5,3253963778,12653781737,1265378174,8787005525,-253328882.4,65710802.38,52609,5260.9,23495,83,1746,175579645967.12,17557964596.712,92170058196,204704876.4,1250566239,42.16,68.1,8.84,46.405,6637715968,737523996.496667,5298850412,23066530.57,195391101,1.429,30.15,-35.68,7.93,17734134344,1773413434,13312082375,-135460250,62543771.49,31.741,227.92,-84.91,1.955,150.014,1498.1,-159.13,9.295,2.57777777777778,12.95,-19.57,8.53,13.6555555555556,19.99,7.17,14.17,0.0055555555555556,4.73,-3.37,-0.1,239896792.7,47979358.54,70897663.26,25641654.46,43685959,8.288,25.98,-19.94,10.96,11241,1249,7278,20,542,8.41555555555556,42.84,-19.73,3.66,0.792999999999999,11.53,-21.67,2.47,863281743.5,95920193.7222222,717386776.3,1592024.11,4336807.01,2739,273.9,1414,33,50,6708,670.8,1672,24,601.5,54,10.8,40,2,3,2363,236.3,1008,3,76,1201,120.1,480,2,47.5,0,0,0,0,0,779,86.5555555555556,339,6,36,0,0,0,0,0,570,63.3333333333333,307,4,25,0,0,0,0,0,411,41.1,122,5,30,205,22.7777777777778,89,3,20,38.2622222222222,56.32,21.13,39.49,0,0,0,0,0,0,0,0,0,0,3,1.5,2,1,1.5,0,0,0,0,0,0,0,0,0,0,0,0,0,0,0,0,0,0,0,0,0,0,0,0,0,0,0,0,0,0,1.59047E+11,15904729647,1.11969E+11,79884153.48,1680229945,26155,2615.5,11330,28,1179,0,0,0,0,0,4527,452.7,1503,13,271.5,54,10.8,40,2,3,25,5,11,1,2,30,5,12,1,4
金属制品业,北京市,4,,2,,,,,2,,3,,,1,2,,1,,,,,,,,,,,,,,,,,1,,,,,,,,,,30595060475,7648765119,17035912730,1202460226,6178343759,836945894.8,209236473.7,556114159,-68047368.8,174439552.3,10418,2604.5,5506,94,2409,24472147811,6118036953,14067048527,218524130.7,5093287577,31.765,50.48,11.74,32.42,587573702.1,146893425.5,447747880.4,4286836.6,67769492.52,8.1025,18.01,-0.04,7.22,1121108296,280277073.9,809070164,-52468552.57,182253342.1,-63.6875,12,-199.07,-33.84,-58.1625,12.05,-176.25,-34.225,-4.7375,19.16,-15.95,-11.08,2.8925,6.06,0.33,2.59,-0.2575,0.02,-0.67,-0.19,22291995.52,22291995.52,22291995.52,22291995.52,22291995.52,0,0,0,0,1032,258,881,11,70,1.9825,14.25,-15.32,4.5,0.5475,5.6,-3.31,-0.05,112010856.9,28002714.24,50766896,163832.39,30540064.28,279,69.75,119,26,67,2022,505.5,1360,35,313.5,38,12.6666666666667,34,1,3,786,196.5,579,15,96,382,95.5,249,14,59.5,0,0,0,0,0,146,48.6666666666667,105,18,23,1,1,1,1,1,100,33.3333333333333,73,6,21,1,1,1,1,1,122,40.6666666666667,84,17,21,64,32,50,14,32,10.635,16.15,1.6,12.395,0,0,0,0,0,0,0,0,0,0,1,1,1,1,1,0,0,0,0,0,0,0,0,0,0,0,0,0,0,0,0,0,0,0,0,1,1,1,1,1,0,0,0,0,0,13708645824,3427161456,8597507478,140883838.3,2485127254,10098,2524.5,7526,154,1209,0,0,0,0,0,1305,326.25,904,26,187.5,38,12.6666666666667,34,1,3,22,7.33333333333333,12,5,5,0,0,0,0,0
文化、体育和娱乐业,北京市,20,,3,1,1,,1,14,,8,9,,3,7,,1,,7,1,1,,,,,,,,,,,,,1,,,1,,,1,,,,149071756491.91,7453587824.5955,26706896591,302036918,4862898686,-2469652327,-123482616.4,679383113.5,-1958122379,-73076437.81,34500,1725,10841,22,612,39714250125,1985712506.2515,9695310328,4090959,967228947.5,40.6575,125.82,7.06,34.705,660443319.5,60040301.7754546,195636497,7694995.2,37391515.89,-17.7765,152.41,-92.49,-19.9,-1761187480,-88059374.01,724232334.1,-1766876881,-57657193.07,-186.8235,328.36,-2386.22,-100.05,-179.168,273.22,-1786.57,-96.96,22.8318181818182,312.35,-51.34,-1.62,4.86272727272727,13.09,0.3,1.6,1.70454545454545,8.37,-0.3,0.78,121982847,24396569.39,57284816.2,2433646.95,24189177.49,326.204,1644.71,-44.16,-0.99,993,124.125,200,44,112,-4.6125,45.7,-55.06,-2.475,4.3478947368421,152.2,-45.76,-6.39,542279058.1,30126614.3388889,155306304.6,13577,2339873.435,2080.1,104.005,270,0.91,71,759,63.25,279,1,37.5,2,2,2,2,2,121,13.4444444444444,49,2,3,125,12.5,42,1,4.5,0,0,0,0,0,71,8.875,20,1,5,0,0,0,0,0,25,4.16666666666667,11,1,3.5,0,0,0,0,0,116,12.8888888888889,61,1,5,20,5,9,1,5,14.4875,37.76,1.6,7.1,0,0,0,0,0,0,0,0,0,0,0,0,0,0,0,0,0,0,0,0,0,0,0,0,0,0,0,0,0,0,0,0,0,0,0,1,1,1,1,1,0,0,0,0,0,60961585718,3048079285.9075,19489870322,26458219,1681917391,1425,129.545454545455,539,11,53,0,0,0,0,0,293,26.6363636363636,116,1,12,2,2,2,2,2,6,3,5,1,3,0,0,0,0,0
橡胶和塑料制品业,北京市,0,,,,,,,,,,,,,,,,,,,,,,,,,,,,,,,,,,,,,,,,,,0,0,0,0,0,0,0,0,0,0,0,0,0,0,0,0,0,0,0,0,0,0,0,0,0,0,0,0,0,0,0,0,0,0,0,0,0,0,0,0,0,0,0,0,0,0,0,0,0,0,0,0,0,0,0,0,0,0,0,0,0,0,0,0,0,0,0,0,0,0,0,0,0,0,0,0,0,0,0,0,0,0,0,0,0,0,0,0,0,0,0,0,0,0,0,0,0,0,0,0,0,0,0,0,0,0,0,0,0,0,0,0,0,0,0,0,0,0,0,0,0,0,0,0,0,0,0,0,0,0,0,0,0,0,0,0,0,0,0,0,0,0,0,0,0,0,0,0,0,0,0,0,0,0,0,0,0,0,0,0,0,0,0,0,0,0,0,0,0,0,0,0,0,0,0,0,0,0,0,0,0,0,0,0,0,0,0,0,0,0,0,0,0,0,0,0,0,0,0,0,0,0,0,0,0,0,0,0,0,0,0,0,0,0,0,0,0,0,0,0,0,0,0,0,0,0,0,0,0
租赁和商务服务业,北京市,30,,3,,,1,,26,,9,17,,4,8,1,,,16,,1,,,,,,,,,,,,,2,,2,,,,,,,,238395455186.42,7946515172.88067,75907686746,75989698,1384294393,9368472294,312282409.8,6271836414,-2177344418,-24354035.4,62840,2166.89655172414,16895,15,607,197158729572.89,6571957652.42967,54432849150,4976623,1081756467,46.9716666666667,89.47,7.63,43.07,1148228011,54677524.3404762,400287939,235237,31875936.52,-4.737,172.98,-74.63,-8.12,12219240179,407308005.960667,7732181836,-2209217059,-40747972.5,-200.8263333,225.01,-1980.04,-49.52,-205.75,567.9,-2611.72,-51.58,7.97578947368421,174.06,-92.57,10.73,4.00714285714286,20.45,0,1.07,0.171052631578947,4.16,-3.73,0.1,106696928,17782821.3316667,65120931.8,1014461.93,10370830.71,90.8966666666666,453.03,-108,18.28,1888,134.857142857143,399,2,85.5,-10.65538462,145.61,-93.97,0.73,-6.740344828,53.86,-45.09,-8.06,1026649666,44636942.0165217,296134531,272955.5,8473860.49,5228.68,174.289333333333,2279,0.29,24,671,37.2777777777778,384,1,11,3,3,3,3,3,34,4.25,14,1,2,36,3.27272727272727,11,1,3,0,0,0,0,0,151,18.875,52,1,14.5,0,0,0,0,0,64,12.8,50,1,4,0,0,0,0,0,58,9.66666666666667,31,1,4.5,18,3.6,14,1,1,11.6664285714286,42.57,0.28,10.41,0,0,0,0,0,0,0,0,0,0,0,0,0,0,0,0,0,0,0,0,0,0,0,0,0,0,0,0,0,0,0,0,0,0,0,0,0,0,0,0,0,0,0,0,0,86894296662,2896476555,21780163788,11347953,548315463.5,347,26.6923076923077,91,3,10,0,0,0,0,0,186,11.625,50,1,5,3,3,3,3,3,0,0,0,0,0,1,1,1,1,1
农、林、牧、渔业,北京市,3,,2,,,,,1,,1,1,,1,,,1,,1,,,,,,,,,,,,,,,1,,,,,,,,,,9410989942,3136996647.23667,5270527275,135959438,4004503229,573439322.4,191146440.796667,306905328.1,2325212,264208782.3,2437,812.333333333333,1272,63,1102,9274603477,3091534492.37667,5248260514,52580171,3973762792,99.83,227.9,35.5,36.09,164451058.1,54817019.3533333,90956426.11,7434421,66060210.95,268.693333333333,753.4,13.28,39.4,465709057.9,155236352.616667,274638065.3,-12896187,203967179.5,214.616666666667,438.21,90.63,115.01,201.606666666667,399.22,-98.19,303.79,483.873333333333,1103.55,70.38,277.69,5.83333333333333,14.12,1.67,1.71,3.54,9.84,0.36,0.42,20865427.5,20865427.5,20865427.5,20865427.5,20865427.5,17.97,17.97,17.97,17.97,178,89,174,4,89,52.16,102,2.32,52.16,12.8433333333333,20.7,1.21,16.62,36702699.27,18351349.64,34621520.77,2081178.5,18351349.64,131.86,43.9533333333333,93,1.86,37,164,54.6666666666667,135,9,20,2,2,2,2,2,30,10,15,4,11,40,13.3333333333333,34,1,5,0,0,0,0,0,22,22,22,22,22,0,0,0,0,0,6,6,6,6,6,0,0,0,0,0,9,9,9,9,9,1,1,1,1,1,8.085,15.84,0.33,8.085,0,0,0,0,0,0,0,0,0,0,0,0,0,0,0,0,0,0,0,0,0,0,0,0,0,0,0,0,0,0,0,0,0,0,0,0,0,0,0,0,0,0,0,0,0,3631021554,1210340518.08667,1900226391,308591577,1422203587,270,90,188,30,52,0,0,0,0,0,69,23,49,5,15,2,2,2,2,2,0,0,0,0,0,0,0,0,0,0
仪器仪表制造业,北京市,8,,,,,,,8,,5,,1,2,5,,,,,,,,,,,,,,,1,,,,,,2,,,,,,,,14428181839,1803522729.92875,3456756811,697378543.7,1541869189,273530903.5,34191362.94,283807781.3,-402412741.4,68203928.41,6961,870.125,1945,263,638,5349671921,668708990.2,1504773423,298849715.3,542151142.3,28.005,55.12,13.41,24.405,506491913.2,63311489.15,96948145.32,21683570.66,62096749.79,8.83375,59.1,-17.42,7.69,387080523.4,48385065.42,325668137.7,-372252940.8,73998457.8,14.9525,114.6,-89.59,21.425,14.71,114.2,-92.21,20.745,8.79625,22.33,-6.47,11.095,10.74875,22.46,6.41,9.38,0.0375,2.75,-2.9,0.08,40690562.04,20345281.02,33561992,7128570.04,20345281.02,-9.035,-6.53,-11.54,-9.035,1634,204.25,378,58,168,6.18,22.53,-14.8,4.57,10.07875,36.64,-7.55,9.54,62015054.76,7751881.845,21209664.39,205349.1,6314456.56,278.58,34.8225,51,9.58,37,2555,319.375,627,94,273,20,5,12,1,3.5,323,40.375,85,8,38,223,27.875,73,4,30.5,0,0,0,0,0,256,32,55,2,33.5,0,0,0,0,0,93,11.625,25,1,12,0,0,0,0,0,212,30.2857142857143,55,10,28,29,4.83333333333333,8,2,5,25.25375,38.19,14.7,22.995,0,0,0,0,0,0,0,0,0,0,0,0,0,0,0,0,0,0,0,0,0,0,0,0,0,0,0,0,0,0,0,0,0,0,0,0,0,0,0,0,0,0,0,0,0,4391438444,548929805.4,1139608374,121384681.1,491340242.1,5308,663.5,1149,228,619.5,0,0,0,0,0,923,115.375,250,37,112,20,5,12,1,3.5,7,1.75,3,1,1.5,0,0,0,0,0
造纸和纸制品业,北京市,0,,,,,,,,,,,,,,,,,,,,,,,,,,,,,,,,,,,,,,,,,,0,0,0,0,0,0,0,0,0,0,0,0,0,0,0,0,0,0,0,0,0,0,0,0,0,0,0,0,0,0,0,0,0,0,0,0,0,0,0,0,0,0,0,0,0,0,0,0,0,0,0,0,0,0,0,0,0,0,0,0,0,0,0,0,0,0,0,0,0,0,0,0,0,0,0,0,0,0,0,0,0,0,0,0,0,0,0,0,0,0,0,0,0,0,0,0,0,0,0,0,0,0,0,0,0,0,0,0,0,0,0,0,0,0,0,0,0,0,0,0,0,0,0,0,0,0,0,0,0,0,0,0,0,0,0,0,0,0,0,0,0,0,0,0,0,0,0,0,0,0,0,0,0,0,0,0,0,0,0,0,0,0,0,0,0,0,0,0,0,0,0,0,0,0,0,0,0,0,0,0,0,0,0,0,0,0,0,0,0,0,0,0,0,0,0,0,0,0,0,0,0,0,0,0,0,0,0,0,0,0,0,0,0,0,0,0,0,0,0,0,0,0,0,0,0,0,0,0,0
其他制造业,北京市,4,,,,,,,4,,2,1,,1,2,,,,1,,,,,,,,,,,,,,,,,1,,,,,,,,24871601683,6217900421,16378883641,482112348,4005302847,1847008251,461752062.8,1408731756,-243262985.7,340769740.4,2796,699,1484,196,558,8187659657,2046914914.2125,5332771333,124103724.3,1365392300,41.97,91.66,5.13,35.545,466245584.7,116561396.2,317114821,16115279.61,66507742.05,-33.1675,4.15,-57.52,-39.65,1652903228,413225806.9,1063419625,-222983040.3,406233321.5,-3.6975,84.1,-53.77,-22.56,92.1925,343.61,-55.82,40.49,4.2475,76.27,-61.08,0.899999999999999,9.455,15,3.92,9.45,1.8175,4.01,-1.14,2.2,1562863.32,1562863.32,1562863.32,1562863.32,1562863.32,-53.23,-53.23,-53.23,-53.23,469,117.25,237,58,87,-10.7625,31.46,-25,-24.755,-7.4775,14.62,-42.79,-0.87,25158183.76,8386061.25333333,20889235.06,1257410.87,3011537.83,384,96,200,11,86.5,1337,334.25,625,118,297,205,102.5,132,73,102.5,184,46,122,6,28,240,60,150,19,35.5,0,0,0,0,0,101,33.6666666666667,63,11,27,8,8,8,8,8,19,6.33333333333333,12,3,4,8,8,8,8,8,130,32.5,71,1,29,15,3.75,7,1,3.5,19.0825,29.9,15.11,15.66,0,0,0,0,0,0,0,0,0,0,1,1,1,1,1,0,0,0,0,0,0,0,0,0,0,0,0,0,0,0,0,0,0,0,0,0,0,0,0,0,0,0,0,0,0,3839781620,959945405,1324691308,441804669.1,1036642821,4467,1116.75,3192,335,470,0,0,0,0,0,566,141.5,273,60,116.5,211,105.5,138,73,105.5,0,0,0,0,0,0,0,0,0,0
教育,北京市,18,,,,1,1,,16,,1,15,,2,,1,,,15,,,,,,,,,,,,,,,,,1,,,,1,,,,79458105356,4414339186.41945,31751427696,117877814.7,1730344544,760995327.8,42277518.2122222,643005721,-886993629.4,11062534.47,51621,2867.83333333333,11726,65,655.5,22773015215,1265167512,6853682145,71862667.43,593936799,55.7933333333333,217.62,16,41.115,1187772309,118777230.9,445112982,2490219,36145288.69,-9.091666667,206.2,-95.3,-2.27,875799070.2,48655503.8977778,747645229,-609770330,-24541489.49,-3.942941176,438.96,-851.77,10.3,-172.1661111,393.4,-3281.41,13.07,-45.45777778,-19.79,-89.27,-35.85,14.802,44.42,0.75,10.56,-1.275555556,10.82,-12.12,-1.2,936130.17,936130.17,936130.17,936130.17,936130.17,0,0,0,0,2385,340.714285714286,988,51,203,-24.825,-8.97,-57.88,-16.05,45.7166666666667,1263.62,-94.06,-17.7,319393990.4,26616165.8666667,152448533.4,3696,2986098.085,550.67,30.5927777777778,277,0.4,7.345,773,96.625,550,2,41,6,6,6,6,6,328,82,306,2,10,81,11.5714285714286,50,1,6,0,0,0,0,0,88,29.3333333333333,78,2,8,0,0,0,0,0,81,27,75,2,4,0,0,0,0,0,163,40.75,136,3,12,112,28,101,1,5,30.86,57.57,8.5,35.97,0,0,0,0,0,0,0,0,0,0,0,0,0,0,0,0,0,0,0,0,0,0,0,0,0,0,0,0,0,0,0,0,0,0,0,0,0,0,0,0,0,0,0,0,0,32644095187,1813560843.72167,6919469716,30298132.02,573252740.5,1172,167.428571428571,836,5,60,0,0,0,0,0,578,72.25,443,1,14.5,6,6,6,6,6,1,1,1,1,1,0,0,0,0,0
综合,北京市,3,,1,,,,,2,,1,2,,,1,,,,1,,1,,,,,,,,,,,,,,,,,,,,,,,10129700899489.8,3376566966496.61,10122371910214.0,2308111457,5020877819,1.05601E+11,35200338253,1.05574E+11,-292816836.1,319664348,162178,54059.3333333333,161490,103,585,662528845062.92,220842948354.307,6.61825E+11,276177718,427804321.9,45.9533333333333,88.3,-25.73,75.29,15276874766,15276874766,15276874766,15276874766,15276874766,-21.03,12.4,-45.44,-30.05,1.26942E+11,42313852470.8333,1.26883E+11,-258917130.5,317659482,432.386666666667,1249.76,21.3,26.1,53.6933333333333,112.19,22.01,26.88,12.05,12.05,12.05,12.05,2.39,2.39,2.39,2.39,-0.02,-0.02,-0.02,-0.02,0,0,0,0,0,0,0,0,0,0,0,0,0,0,0,0,0,0,9.86,18.14,-0.91,12.35,1882618,1882618,1882618,1882618,1882618,2526.06,842.02,2506,6.06,14,715,357.5,707,8,357.5,4,4,4,4,4,35,17.5,31,4,17.5,20,10,16,4,10,0,0,0,0,0,157,157,157,157,157,0,0,0,0,0,48,48,48,48,48,0,0,0,0,0,111,111,111,111,111,6,6,6,6,6,0,0,0,0,0,0,0,0,0,0,0,0,0,0,3,3,3,3,3,0,0,0,0,0,0,0,0,0,0,0,0,0,0,0,0,0,0,0,0,0,0,0,0,0,0,0,0,0,0,8938371223010.47,2979457074336.82,8937927327078.0,-1292416793,1736312725,623,311.5,496,127,311.5,0,0,0,0,0,136,68,132,4,68,4,4,4,4,4,0,0,0,0,0,0,0,0,0,0
废弃资源综合利用业,北京市,3,,1,,,,,2,,1,2,,,1,,,,1,,1,,,,,,,,,,,,,,,,,,,,,,,20778042129,6926014042.97667,18348260864,161691789.9,2268089475,246215659,82071886.3166667,238128174,-103362468,111449953,1649,549.666666666667,1000,111,538,6118448219,2039482740,5322724924,43510795.2,752212500.2,50.6666666666667,78.93,10.58,62.49,62245056.37,20748352.1233333,38029529,6455598.07,17759929.3,28.0833333333333,87.37,-3.79,0.67,317898208.2,105966069.4,296796918,-102508196.6,123609486.8,39.0666666666667,177.44,-32.4,-27.84,49.8433333333333,150.79,-28.7,27.44,38.1133333333333,184.42,-36.5,-33.58,5.98666666666667,14.88,0.76,2.32,1.24666666666667,5.2,-1.03,-0.43,50400134,50400134,50400134,50400134,50400134,0,0,0,0,362,120.666666666667,306,22,34,-10.20333333,17.22,-46.32,-1.51,-1.77,0.88,-3.24,-2.95,98154577.87,32718192.6233333,92014573,1579136.59,4560868.28,60.43,20.1433333333333,35,0.43,25,2750,916.666666666667,2492,123,135,12,12,12,12,12,292,97.3333333333333,279,6,7,259,86.3333333333333,249,4,6,0,0,0,0,0,106,35.3333333333333,80,10,16,0,0,0,0,0,58,19.3333333333333,52,2,4,0,0,0,0,0,114,38,87,10,17,53,26.5,50,3,26.5,18.68,30.68,6.43,18.93,0,0,0,0,0,0,0,0,0,0,1,1,1,1,1,0,0,0,0,0,0,0,0,0,0,0,0,0,0,0,0,0,0,0,0,0,0,0,0,0,0,0,0,0,0,11818491902,3939497301,11451589859,127589793.3,239312249.4,4164,1388,3848,107,209,0,0,0,0,0,946,315.333333333333,910,16,20,12,12,12,12,12,1,1,1,1,1,0,0,0,0,0
印刷和记录媒介复制业,北京市,3,,,,,1,,2,,1,2,,,1,,,,1,,,,,,1,,,,,,,,,,,,,,,,,,,4232253775,1410751258,2721405483,705107911,805740381,157272876.8,52424292.27,182393659,-28174295,3053512.81,5577,1859,3468,324,1785,6334180566,2111393522,3937013229,158396636,2238770701,19.2166666666667,46.63,0.1,10.92,60323636.76,30161818.38,39989404.76,20334232,30161818.38,-2.933333333,13.68,-15.53,-6.95,220067871.8,73355957.2766667,227480525,-27644377,20231723.83,-19.89,55.48,-77.9,-37.25,-24.61666667,58.03,-95.8,-36.08,3.995,12.53,-4.54,3.995,1.165,1.78,0.55,1.165,0.09,0.09,0.09,0.09,19065989.91,19065989.91,19065989.91,19065989.91,19065989.91,653.28,653.28,653.28,653.28,244,244,244,244,244,8.14,8.14,8.14,8.14,6.44333333333333,13.89,1.43,4.01,36147517.84,12049172.6133333,20566753,154024,15426740.84,75.95,25.3166666666667,49,0.95,26,545,272.5,326,219,272.5,2,2,2,2,2,41,20.5,35,6,20.5,12,6,10,2,6,0,0,0,0,0,35,17.5,31,4,17.5,0,0,0,0,0,2,2,2,2,2,0,0,0,0,0,40,20,37,3,20,5,2.5,3,2,2.5,6.98,6.98,6.98,6.98,0,0,0,0,0,0,0,0,0,0,0,0,0,0,0,0,0,0,0,0,0,0,0,0,0,0,0,0,0,0,0,0,0,0,0,0,0,0,0,0,0,0,0,0,0,1346875793,448958597.623333,1268603850,823028,77448915,475,237.5,379,96,237.5,0,0,0,0,0,133,66.5,121,12,66.5,2,2,2,2,2,4,4,4,4,4,0,0,0,0,0
卫生和社会工作,北京市,4,,1,,,,2,1,,,4,,,,,,,1,2,1,,,,,,,,,,,,,,,,,,,,,,,20445068469,5111267117,11103176572,901386768,4220252565,-1429807961,-357451990.3,159347444,-768991183,-410082111,13251,3312.75,9667,913,1335.5,7871952605,1967988151,5620463477,472082185,889703471.5,61.2525,81.71,36.94,63.18,7695865,7695865,7695865,7695865,7695865,34.4625,113.62,-2.71,13.47,-1099258929,-274814732.3,242419654,-537987256,-401845663.5,-144.4375,-10.35,-529.22,-19.09,-100.62,-45.88,-246.96,-54.82,-27.22,-27.22,-27.22,-27.22,1.27,1.27,1.27,1.27,-0.47,-0.47,-0.47,-0.47,0,0,0,0,0,0,0,0,0,0,0,0,0,0,0,0,0,0,-0.756666667,14.32,-11.09,-5.5,16317776,8158888,11507531,4810245,8158888,89.43,22.3575,72,2.04,7.695,1,1,1,1,1,0,0,0,0,0,0,0,0,0,0,1,1,1,1,1,0,0,0,0,0,0,0,0,0,0,0,0,0,0,0,0,0,0,0,0,0,0,0,0,0,0,0,0,0,0,0,0,0,0,0,0,0,0,0,0,0,0,0,0,0,0,0,0,0,0,0,0,0,0,0,0,0,0,0,0,0,0,0,0,0,0,0,0,0,0,0,0,0,0,0,0,0,0,0,0,0,0,0,0,10626499663,2656624916,4105048313,540038976,2990706187,0,0,0,0,0,0,0,0,0,0,1,1,1,1,1,0,0,0,0,0,0,0,0,0,0,0,0,0,0,0
文教、工美、体育和娱乐用品制造业,北京市,2,,,,,1,,1,,1,1,,,,1,,,1,,,,,,,,,,,,,,,,,,,,,,,,,13359033471,6679516735,8580061262,4778972209,6679516735,-2862364013,-1431182007,854560576,-3716924589,-1431182007,5290,2645,4172,1118,2645,6440681038,3220340519,4617321578,1823359460,3220340519,98.375,177.86,18.89,98.375,1693459.69,1693459.69,1693459.69,1693459.69,1693459.69,-17.69,2.88,-38.26,-17.69,-2489036823,-1244518412,583386277,-3072423100,-1244518412,-86.48,-49.27,-123.69,-86.48,-163.2,-163.2,-163.2,-163.2,-39.83,-39.83,-39.83,-39.83,0.02,0.02,0.02,0.02,-0.05,-0.05,-0.05,-0.05,0,0,0,0,0,0,0,0,0,7,7,7,7,7,-36.33,-36.33,-36.33,-36.33,-6.93,3.09,-16.95,-6.93,13211078.82,6605539.41,11601621,1609457.82,6605539.41,246,123,212,34,123,267,133.5,227,40,133.5,0,0,0,0,0,4,4,4,4,4,5,5,5,5,5,0,0,0,0,0,13,6.5,12,1,6.5,0,0,0,0,0,0,0,0,0,0,0,0,0,0,0,25,12.5,22,3,12.5,0,0,0,0,0,0.62,0.62,0.62,0.62,0,0,0,0,0,0,0,0,0,0,0,0,0,0,0,0,0,0,0,0,0,0,0,0,0,0,0,0,0,0,0,0,0,0,0,0,0,0,0,0,0,0,0,0,0,9826618188,4913309094,8211879617,1614738571,4913309094,38,19,34,4,19,0,0,0,0,0,6,6,6,6,6,0,0,0,0,0,0,0,0,0,0,0,0,0,0,0
石油加工、炼焦和核燃料加工业,北京市,0,,,,,,,,,,,,,,,,,,,,,,,,,,,,,,,,,,,,,,,,,,0,0,0,0,0,0,0,0,0,0,0,0,0,0,0,0,0,0,0,0,0,0,0,0,0,0,0,0,0,0,0,0,0,0,0,0,0,0,0,0,0,0,0,0,0,0,0,0,0,0,0,0,0,0,0,0,0,0,0,0,0,0,0,0,0,0,0,0,0,0,0,0,0,0,0,0,0,0,0,0,0,0,0,0,0,0,0,0,0,0,0,0,0,0,0,0,0,0,0,0,0,0,0,0,0,0,0,0,0,0,0,0,0,0,0,0,0,0,0,0,0,0,0,0,0,0,0,0,0,0,0,0,0,0,0,0,0,0,0,0,0,0,0,0,0,0,0,0,0,0,0,0,0,0,0,0,0,0,0,0,0,0,0,0,0,0,0,0,0,0,0,0,0,0,0,0,0,0,0,0,0,0,0,0,0,0,0,0,0,0,0,0,0,0,0,0,0,0,0,0,0,0,0,0,0,0,0,0,0,0,0,0,0,0,0,0,0,0,0,0,0,0,0,0,0,0,0,0,0
化学纤维制造业,北京市,1,,1,,,,,,,,,,1,,,,,,,,,,,,,,,,,,,,1,,,,,,,,,,1490895101,1490895101,1490895101,1490895101,1490895101,171493357,171493357,171493357,171493357,171493357,925,925,925,925,925,616358134.9,616358134.9,616358134.9,616358134.9,616358134.9,16.53,16.53,16.53,16.53,30435459.42,30435459.42,30435459.42,30435459.42,30435459.42,86.28,86.28,86.28,86.28,200514150.2,200514150.2,200514150.2,200514150.2,200514150.2,246.65,246.65,246.65,246.65,222.45,222.45,222.45,222.45,36.58,36.58,36.58,36.58,4.99,4.99,4.99,4.99,-1.8,-1.8,-1.8,-1.8,0,0,0,0,0,0,0,0,0,78,78,78,78,78,4,4,4,4,38.56,38.56,38.56,38.56,18138738.25,18138738.25,18138738.25,18138738.25,18138738.25,42,42,42,42,42,112,112,112,112,112,4,4,4,4,4,35,35,35,35,35,22,22,22,22,22,0,0,0,0,0,18,18,18,18,18,0,0,0,0,0,8,8,8,8,8,0,0,0,0,0,14,14,14,14,14,5,5,5,5,5,8.4,8.4,8.4,8.4,0,0,0,0,0,0,0,0,0,0,0,0,0,0,0,0,0,0,0,0,0,0,0,0,0,0,0,0,0,0,0,0,0,0,0,0,0,0,0,0,0,0,0,0,0,247348586.4,247348586.4,247348586.4,247348586.4,247348586.4,462,462,462,462,462,0,0,0,0,0,70,70,70,70,70,4,4,4,4,4,0,0,0,0,0,0,0,0,0,0
家具制造业,北京市,1,,,,,,,1,,,,,1,,,,,,,,,,,,,,,,,,,,,,1,,,,,,,,7625831267,7625831267,7625831267,7625831267,7625831267,37480088.5,37480088.5,37480088.5,37480088.5,37480088.5,3940,3940,3940,3940,3940,4852507916,4852507916,4852507916,4852507916,4852507916,69.25,69.25,69.25,69.25,98192073.95,98192073.95,98192073.95,98192073.95,98192073.95,-4.39,-4.39,-4.39,-4.39,45581745.89,45581745.89,45581745.89,45581745.89,45581745.89,-80.36,-80.36,-80.36,-80.36,-80.49,-80.49,-80.49,-80.49,-3.01,-3.01,-3.01,-3.01,2.07,2.07,2.07,2.07,0.04,0.04,0.04,0.04,0,0,0,0,0,0,0,0,0,201,201,201,201,201,-1.98,-1.98,-1.98,-1.98,-10.06,-10.06,-10.06,-10.06,21277115.1,21277115.1,21277115.1,21277115.1,21277115.1,32,32,32,32,32,1479,1479,1479,1479,1479,0,0,0,0,0,7,7,7,7,7,1,1,1,1,1,0,0,0,0,0,145,145,145,145,145,0,0,0,0,0,2,2,2,2,2,0,0,0,0,0,180,180,180,180,180,1,1,1,1,1,5.1,5.1,5.1,5.1,0,0,0,0,0,0,0,0,0,0,0,0,0,0,0,0,0,0,0,0,0,0,0,0,0,0,0,0,0,0,0,0,0,0,0,0,0,0,0,0,0,0,0,0,0,5277884550,5277884550,5277884550,5277884550,5277884550,23,23,23,23,23,0,0,0,0,0,13,13,13,13,13,0,0,0,0,0,0,0,0,0,0,0,0,0,0,0
住宿和餐饮业,北京市,5,,,,,2,2,1,,1,3,,1,,1,,,1,2,,,,,,,,,,,,,1,,,,,,,,,,,55142505531,11028501106,25448136038,1506685387,4310136488,168876724.7,33775344.94,1637307978,-674872853.1,-295665865.1,162509,32501.8,117843,2168,12501,42109130996,8421826199,31038609761,537514385,4724837777,59.43,65.29,49.12,59.67,63449983.75,31724991.88,60018040.1,3431943.65,31724991.88,-23.536,-17.24,-28.67,-24.11,541042322,108208464.4,2117643682,-744716141.8,-298775357.2,-3686.75,154.27,-18528.4,-64.26,-1330.996,134.37,-6774.3,-16.92,11.835,17.67,6,11.835,0.815,1.14,0.49,0.815,0.21,0.23,0.19,0.21,0,0,0,0,0,0,0,0,0,169,84.5,108,61,84.5,6.725,16.6,-3.15,6.725,-11.708,-4.38,-22.51,-6.79,134439373.6,26887874.72,87860367,1277792,15793723.06,1199,239.8,889,18,38,247,82.3333333333333,236,5,6,0,0,0,0,0,12,12,12,12,12,6,6,6,6,6,0,0,0,0,0,8,8,8,8,8,0,0,0,0,0,0,0,0,0,0,0,0,0,0,0,31,31,31,31,31,2,2,2,2,2,1.48,2.09,0.87,1.48,0,0,0,0,0,0,0,0,0,0,0,0,0,0,0,0,0,0,0,0,0,0,0,0,0,0,0,0,0,0,0,0,0,0,0,0,0,0,0,0,0,0,0,0,0,33806216446,6761243289,14838168176,741106041.5,2788719463,162,54,156,3,3,0,0,0,0,0,46,46,46,46,46,0,0,0,0,0,0,0,0,0,0,0,0,0,0,0
木材加工和木、竹、藤、棕、草制品业,北京市,0,,,,,,,,,,,,,,,,,,,,,,,,,,,,,,,,,,,,,,,,,,0,0,0,0,0,0,0,0,0,0,0,0,0,0,0,0,0,0,0,0,0,0,0,0,0,0,0,0,0,0,0,0,0,0,0,0,0,0,0,0,0,0,0,0,0,0,0,0,0,0,0,0,0,0,0,0,0,0,0,0,0,0,0,0,0,0,0,0,0,0,0,0,0,0,0,0,0,0,0,0,0,0,0,0,0,0,0,0,0,0,0,0,0,0,0,0,0,0,0,0,0,0,0,0,0,0,0,0,0,0,0,0,0,0,0,0,0,0,0,0,0,0,0,0,0,0,0,0,0,0,0,0,0,0,0,0,0,0,0,0,0,0,0,0,0,0,0,0,0,0,0,0,0,0,0,0,0,0,0,0,0,0,0,0,0,0,0,0,0,0,0,0,0,0,0,0,0,0,0,0,0,0,0,0,0,0,0,0,0,0,0,0,0,0,0,0,0,0,0,0,0,0,0,0,0,0,0,0,0,0,0,0,0,0,0,0,0,0,0,0,0,0,0,0,0,0,0,0,0
居民服务、修理和其他服务业,北京市,1,,,,,,,1,,1,,,,1,,,,,,,,,,,,,,,,,,,,,,,,,,,,,194025963.6,194025963.6,194025963.6,194025963.6,194025963.6,-32549520.66,-32549520.66,-32549520.66,-32549520.66,-32549520.66,659,659,659,659,659,292648939.6,292648939.6,292648939.6,292648939.6,292648939.6,35.72,35.72,35.72,35.72,6750059.69,6750059.69,6750059.69,6750059.69,6750059.69,-6.25,-6.25,-6.25,-6.25,-42841313.5,-42841313.5,-42841313.5,-42841313.5,-42841313.5,-799.61,-799.61,-799.61,-799.61,-601.14,-601.14,-601.14,-601.14,7.22,7.22,7.22,7.22,2.37,2.37,2.37,2.37,0.22,0.22,0.22,0.22,1248893.43,1248893.43,1248893.43,1248893.43,1248893.43,0,0,0,0,36,36,36,36,36,144,144,144,144,7.03,7.03,7.03,7.03,99236.87,99236.87,99236.87,99236.87,99236.87,16,16,16,16,16,37,37,37,37,37,0,0,0,0,0,0,0,0,0,0,5,5,5,5,5,0,0,0,0,0,0,0,0,0,0,0,0,0,0,0,0,0,0,0,0,0,0,0,0,0,0,0,0,0,0,0,0,0,0,0,5.5,5.5,5.5,5.5,0,0,0,0,0,0,0,0,0,0,0,0,0,0,0,0,0,0,0,0,0,0,0,0,0,0,0,0,0,0,0,0,0,0,0,0,0,0,0,0,0,0,0,0,0,69291305.3,69291305.3,69291305.3,69291305.3,69291305.3,40,40,40,40,40,0,0,0,0,0,6,6,6,6,6,0,0,0,0,0,0,0,0,0,0,0,0,0,0,0
医药制造业,江苏省,53,1,,,,4,5,43,,10,21,2,20,8,2,,,18,3,,,,,,,,,,1,,1,1,,2,16,,1,,,,,,2.93998E+11,5547124037.72264,49564324797,198621170.6,2309603726,5633423300,106291005.669623,4549902221,-2876304086,41333074.2,111842,2110.22641509434,20661,78,657,116440171800.22,2425836912.50458,21275225978,26016.38,643169976,29.5415094339623,85.57,3.57,26.92,27219880971,523459249.434615,6345564533,3762222,177072709.8,51.2410638297872,650.36,-32.55,10.69,7978733276,150542137.276792,5357775987,-2901303078,47566072.2,-3.796730769,113.62,-301.8,-3.275,-6.730754717,102.91,-471.03,2.16,18.5636538461538,91.86,-43.84,19.005,19959.9472340426,934642.8,1.76,14.13,-70384.19065,205.01,-3234076.58,0.17,1972995756,131533050.418667,1459005117,2216926.78,21789250.72,55.582,462.2,-53.99,-11.5,23513,489.854166666667,5017,15,174,10.6546511627907,69.21,-17.98,4.12,16.902641509434,388.48,-41.5,4.75,1218860163,25933194.9655319,242338784.5,131076,11266682.36,8784.37,165.742830188679,3059,0.08,49,9297,189.734693877551,1772,1,100,1874,50.6486486486486,957,1,9,3028,63.0833333333333,774,1,24,1716,39,314,1,17,0,0,0,0,0,978,22.2272727272727,153,1,10,357,14.875,163,1,5,577,13.7380952380952,153,1,6,360,15,166,1,5,911,19.804347826087,215,1,9,535,13.7179487179487,203,1,6,28.273125,80.8,2.59,18.88,0,0,0,0,0,0,0,0,0,0,1,1,1,1,1,0,0,0,0,0,0,0,0,0,0,0,0,0,0,0,1,1,1,1,1,1,1,1,1,1,1,1,1,1,1,80491704573,1518711407.03943,13351367322,99889389.12,597416081.7,31736,661.166666666667,12094,2,256,0,0,0,0,0,6956,141.959183673469,1720,1,75,1877,50.7297297297297,957,1,9,2,1,1,1,1,0,0,0,0,0
化学原料和化学制品制造业,江苏省,55,,1,,,4,3,47,,29,3,,23,27,1,,1,2,1,,,,,,,,,,,,,3,1,1,18,,,,,,,,250743006622.33,4558963756.76964,18786582764,747684911.7,2883846045,14563647417,264793589.403273,1863627997,-767919646,131123409.6,79120,1438.54545454545,5053,147,1037,1.77885E+11,3234277633.97455,22837132957,267536381.1,1764817813,37.9394545454545,86.4,7.6,37.7,5506225415,100113189.358182,615547564.5,398653.57,61075748.11,11.4263636363636,248.1,-75.51,8.16,17876287657,325023411.953636,2212135547,-754070616.4,149073847.2,-15.93740741,194.55,-592.46,1.295,-10.34036364,196.16,-406.15,6.18,14.777962962963,199,-92.9,9.44,4.06872727272727,16.56,0.07,3.7,0.185,1.9,-2.62,0.145,34128627.51,8532156.878,15342422.85,802561.41,8991821.625,19.466,244.77,-105,-28.27,9990,188.490566037736,758,8,137,11.0544680851064,208.5,-73.37,2.89,7.74418181818182,65.31,-38.36,6.03,697542601.7,12682592.7585455,47145256.98,804705.05,9311023.16,3298.77,59.9776363636364,342,4.14,39,17293,320.240740740741,1907,38,194,459,15.3,104,1,6,4887,90.5,1052,2,37.5,4286,79.3703703703704,1071,1,37,0,0,0,0,0,1435,27.5961538461538,146,1,23,27,3,6,1,3,793,16.1836734693878,93,1,9,27,3,6,1,3,1312,25.2307692307692,208,1,17.5,655,13.1,148,1,6,14.7111320754717,32.31,1.72,14.21,0,0,0,0,0,0,0,0,0,0,1,1,1,1,1,0,0,0,0,0,0,0,0,0,0,0,0,0,0,0,0,0,0,0,0,4,1.33333333333333,2,1,1,0,0,0,0,0,111296762853.07,2023577506.41945,9081206778,57431132.25,1117954540,47614,881.740740740741,10634,25,449.5,0,0,0,0,0,11632,215.407407407407,1614,6,107,461,15.3666666666667,106,1,6,13,1.08333333333333,2,1,1,5,1.25,2,1,1
食品饮料业,江苏省,11,,,,,6,,5,,2,2,,7,1,1,,,2,,,,,,,,,,,,,,5,,,2,,,,,,,,129192133703.57,11744739427.5973,67972809184,436988971,4902990537,14073584490,1279416771.81273,9389430868,-21738265,129479372.6,65565,5960.45454545455,19641,292,3323,87118429608,7919857237.11454,30104861302,274858237,4222224248,45.4818181818182,143.03,6.93,37.4,685727648.2,62338877.1054545,260559960.1,4297.23,29010146.09,4.28181818181818,25.3,-73.53,12.92,18530359054,1684578095.84364,12509230113,-16546727.72,163537812.2,7.99727272727273,147.88,-105.64,11.85,3.29545454545455,147.81,-103.85,9.44,4.87181818181818,51.69,-99.48,15.04,1.038,3.87,0,0.48,-0.005454545,0.33,-0.28,0.01,6980144.7,6980144.7,6980144.7,6980144.7,6980144.7,-43.02,-43.02,-43.02,-43.02,1726,172.6,581,12,131.5,2.27444444444445,71.48,-18.54,-1.39,1.22818181818182,15.35,-15.75,1.64,279696587,25426962.4518182,108300294.9,434078,12844923.41,3272.85,297.531818181818,1971,2.09,78,3173,288.454545454545,751,38,240,18,9,10,8,9,321,29.1818181818182,77,1,16,473,43,237,6,15,0,0,0,0,0,319,31.9,61,1,34.5,4,2,2,2,2,69,9.85714285714286,19,3,12,4,2,2,2,2,312,31.2,82,2,27.5,31,3.44444444444444,16,1,1,4.542,10.4,0.56,3.285,0,0,0,0,0,0,0,0,0,0,0,0,0,0,0,0,0,0,0,0,0,0,0,0,0,0,0,0,0,0,0,0,0,0,0,1,1,1,1,1,0,0,0,0,0,48046559206,4367869018.73909,20448295264,90990232.85,1869310803,4430,402.727272727273,1185,41,227,0,0,0,0,0,962,87.4545454545455,275,9,63,18,9,10,8,9,3,1.5,2,1,1.5,0,0,0,0,0
专用设备制造业,江苏省,63,,,,,3,6,54,,26,4,2,31,21,3,,2,2,2,,,,,,,,,,2,,,,,2,29,,,,,,,,441299544015.25,7004754666.90873,175158937750.84,221817337,2135990926,24995791716,396758598.659524,8807970999,-1345967315,81376391.85,137100,2176.19047619048,27440,141,776,236463960178.98,3753396193.31714,93817160647,59290701.72,823040763,37.7452380952381,75.84,5.13,36.76,14740997886,233984093.430317,5750491971,3711314,52025336.97,26.842380952381,408.22,-47.93,11.2,30189931631,479205263.983175,10316240294,-707475496.1,95525948.02,19.3,621.13,-504.84,6.45,4.37888888888889,608.03,-577.8,5.95,22.9322222222222,187,-36.8,16.66,10.9431746031746,145.77,0.33,6.19,-1.845079365,19.56,-175.82,0.14,1965615382,245701922.72375,1668241308,2361279.66,47953830.23,214.976666666667,1111.95,-69.53,78.795,29770,488.032786885246,5768,46,165,26.6543859649123,280.29,-32.66,15.57,17.0284126984127,121.63,-24.09,10.85,1529911839,24675997.4062903,376937284.2,538905,7824677.605,6426.14,102.002222222222,808,1.03,44,52584,834.666666666667,16918,64,344,948,20.1702127659574,199,1,6,6565,104.206349206349,2381,2,34,4241,68.4032258064516,1234,4,26.5,0,0,0,0,0,6783,109.403225806452,2188,5,42.5,100,5.55555555555556,23,1,3.5,2893,48.2166666666667,1251,1,18,100,5.55555555555556,23,1,3.5,5397,85.6666666666667,1484,3,34,1146,20.1052631578947,443,1,5,21.1175409836066,53.46,4.75,19.51,0,0,0,0,0,0,0,0,0,0,1,1,1,1,1,0,0,0,0,0,0,0,0,0,0,0,0,0,0,0,0,0,0,0,0,12,1.71428571428571,5,1,1,1,1,1,1,1,244101289128.46,3874623636.95968,1.20497E+11,35044119.2,802803634.5,89384,1418.79365079365,27306,80,435,0,0,0,0,0,20295,322.142857142857,6883,15,126,938,19.9574468085106,195,1,6,50,2.94117647058824,29,1,1,1,1,1,1,1
信息传输、软件和信息技术服务业,江苏省,43,3,,,,6,3,31,,14,11,2,16,12,1,,,8,1,,,,,2,1,,,,2,,,3,,2,9,,2,,,,,,177568006242.47,4129488517.26674,36926588239,166921722,2496471752,2301183640,53515898.6065116,573059895.5,-515194311.7,42864694.72,96880,2253.02325581395,17454,57,745,140743411747.92,3273102598.78884,80354712249,84970683,811598875.9,31.1527906976744,82.55,5.26,32.07,6316477759,150392327.589524,655634826,2336408,99788655.76,3.2453488372093,93.78,-56.97,1.09,2440556929,56757137.875814,663129541,-517377167.7,44058387.08,48.763023255814,5171.01,-1490.7,-15.8,-107.1232558,381.06,-1707.13,-18.4,22.37,271.3,-54.78,9.18,13.7978571428571,41.83,0.16,10.27,2.81463414634146,14.89,-7.27,0.39,192326422.1,24040802.76,117201437,2002777.09,11084295.99,-40.90222222,61.54,-105,-52.79,24982,693.944444444444,7052,12,246,6.2,94.09,-47.35,-1.23,2.68804878048781,65.39,-53.21,1.45,647256001.6,16181400.04,65941184.76,9547,12874464.01,3231.39,76.9378571428571,261,0.43,59.5,7113,177.825,782,2,145,85,5,12,1,4,1433,37.7105263157895,164,2,21,1133,30.6216216216216,105,1,24,0,0,0,0,0,1104,33.4545454545455,152,1,17,7,1.75,2,1,2,780,24.375,141,1,12,7,1.75,2,1,2,702,21.9375,107,2,10.5,277,8.93548387096774,73,1,5,34.1441666666667,93.68,5.11,26.155,0,0,0,0,0,0,0,0,0,0,2,1,1,1,1,0,0,0,0,0,0,0,0,0,0,0,0,0,0,0,0,0,0,0,0,2,1,1,1,1,0,0,0,0,0,67365471850,1566638880.2393,19415078966,25357381.4,745295735,21393,548.538461538462,3836,2,351,0,0,0,0,0,4334,108.35,375,1,84,85,5,12,1,4,5,1,1,1,1,3,1,1,1,1
电力、热力、燃气及水生产和供应业,江苏省,8,,,,,4,1,3,,3,3,,2,1,2,,,2,1,,,,,,,,,,,,,2,,,,,,,,,,,155755356565.95,19469419570.7438,82834683485,302948237,10658063421.825,1676673728,209584216.03375,655684312.6,-178623689,183702917.6,12961,1620.125,4787,48,815.5,53116559494,6639569936.7875,31556920772,37140468,1619545829,75.52625,159.1,40.33,57.55,119675182.8,19945863.7916667,95924059.08,428044.9,5850509.935,18.03125,103.16,-51.85,9.395,1944605405,243075675.6,721584376.8,-173817315,131930495,38.74375,186.44,-52.79,25.975,9.61,133.56,-114.72,9.32,24.3583333333333,206.74,-80.93,7.355,1.81166666666667,9.12,0.02,0.395,0.68,2.83,-0.1,0.11,74061774.02,74061774.02,74061774.02,74061774.02,74061774.02,375.46,375.46,375.46,375.46,246,49.2,90,1,51,9.13,78.59,-50,3.965,-6.77375,51.67,-91.75,-0.675,221686872.7,27710859.09,182172935.2,34077,7327082.27,720.16,90.02,285,1,47.5,449,74.8333333333333,194,3,62.5,0,0,0,0,0,33,6.6,19,1,5,82,13.6666666666667,36,1,5.5,0,0,0,0,0,56,14,35,4,8.5,0,0,0,0,0,12,4,8,2,2,0,0,0,0,0,39,13,28,4,7,2,2,2,2,2,2.164,5.04,0.14,1.7,0,0,0,0,0,0,0,0,0,0,0,0,0,0,0,0,0,0,0,0,0,0,0,0,0,0,0,0,0,0,0,0,0,0,0,0,0,0,0,0,0,0,0,0,0,91815239893,11476904987,44680721115,195823095,7453958596,1014,169,415,17,103.5,0,0,0,0,0,125,20.8333333333333,51,3,13,0,0,0,0,0,0,0,0,0,0,0,0,0,0,0
商业电气机械和器材制造业,江苏省,63,1,3,,,3,1,55,,27,6,4,26,24,2,,1,5,,,,,,1,,,,,3,,,,3,,23,,,,,1,,,745830470760.14,11838578900.9546,90460671887,240723147.3,3433084520,39094751777,620551615.511587,16422534993,-1288389454,87111043.61,172470,2737.61904761905,23063,104,1154,474745642732.84,7535645122.74349,85051709577,183180782.4,1752415188,44.1485714285714,89.71,8.7,40.98,21309794600,361182959.314915,4620734445,7632197.71,84931839.51,18.1104761904762,196.86,-70.04,8.31,45123539141,716246653.029683,18302665599,-1269477942,89509186.09,126.005396825397,3321.7,-604.41,14.72,35.4015873015873,1064.94,-467.45,20.14,22.581186440678,299.72,-60.3,9.39,4.68949152542373,12.37,1.04,4.2,0.117627118644068,6.61,-3.07,0.04,803733436,89303715.1122222,318916673.3,531972.1,26896575.9,-2.491111111,132.65,-94.76,5.01,22052,400.945454545455,3389,27,167,18.3694117647059,263.99,-59.72,8.04,8.58112903225806,59.35,-43,4.615,2268706527,36011214.7198413,530985156.4,24590.55,12416211.25,8271.68,131.296507936508,1850,0.89,52,63169,1002.68253968254,16106,72,384,1188,33,411,1,7.5,12001,190.492063492063,5973,2,35,9601,154.854838709677,3464,4,51,0,0,0,0,0,7997,128.983870967742,1650,3,43,92,6.57142857142857,34,1,3,3561,59.35,1486,1,13,92,6.57142857142857,34,1,3,7359,118.693548387097,1829,2,35.5,2514,50.28,1561,1,7.5,16.52,42.11,4.91,14.94,0,0,0,0,0,0,0,0,0,0,25,8.33333333333333,22,1,2,1,1,1,1,1,0,0,0,0,0,0,0,0,0,0,0,0,0,0,0,19,4.75,16,1,1,0,0,0,0,0,390317855921.13,6195521522.55762,61180540136,81164651.02,1264195400,150572,2390.03174603175,64088,11,580,0,0,0,0,0,32284,512.444444444444,13403,8,147,1196,33.2222222222222,412,1,7.5,107,7.64285714285714,26,1,2,68,9.71428571428571,22,1,6
批发和零售业,江苏省,22,,1,,,7,1,13,,7,3,,12,6,1,,,2,1,,,,,,,,,,,,,6,1,,5,,,,,,,,444075257825.92,20185238992.0873,1.39922E+11,238439568,7220205831,-9048537348,-411297152.2,2878211183,-16802100198,94307130.35,144404,6563.81818181818,35514,28,2053.5,512027107703.21,23273959441.055,141144569867.21,27338787,5486114324,64.9463636363636,298.46,1.31,58.685,2226885384,148459025.572667,965078165,1175714.3,34756623.26,-8.481363636,15.87,-54.62,-1.81,-8459471879,-384521449,3683450305,-19367789312,112008800.1,-32.28863636,247.44,-266.7,-31.405,-37.145,294.41,-331,-39.65,42.6578571428571,328.59,-50.97,22.89,0.804,4.53,0,0.31,0.1,0.58,-0.06,0.04,65933351.84,16483337.96,45638115.07,3884343.67,8205446.55,37.7425,277.31,-105,-10.67,3824,254.933333333333,1868,7,56,7.30307692307692,60.75,-60.67,10.29,0.565454545454546,117.2,-26.9,-7.63,690843774.4,34542188.72,221649779,1151865.73,15305286.28,1366.76,62.1254545454545,185,1.84,43,2373,124.894736842105,1007,3,39,105,35,81,10,14,388,25.8666666666667,141,1,3,323,29.3636363636364,129,1,6,0,0,0,0,0,124,8.26666666666667,48,1,5,5,5,5,5,5,40,4,14,1,3,5,5,5,5,5,189,11.8125,45,1,5.5,102,10.2,42,1,2,3.708,15.01,0.33,2.4,0,0,0,0,0,0,0,0,0,0,0,0,0,0,0,0,0,0,0,0,0,0,0,0,0,0,0,0,0,0,0,0,0,0,0,0,0,0,0,0,0,0,0,0,0,316545588337.82,14388435833.5373,1.24834E+11,14890549,3615801248,5704,316.888888888889,2201,1,30.5,0,0,0,0,0,923,57.6875,375,3,6,105,35,81,10,14,8,2.66666666666667,6,1,1,0,0,0,0,0
金融业,江苏省,20,,,,,16,,4,,4,5,,11,1,3,,,2,,,,,,3,,,,,,,,10,,,1,,,,,,,,8988454435785.0,449422721789.25,2980294410292.0,897808765,1.74515E+11,89517498509,4475874925,26351950435,-9785118,1657749603,103252,5162.6,17556,23,2298,263361095196.99,13168054759.8495,70570475671,51909964,4413168130,78.128,92.72,1.92,83.885,51305713.6,10261142.72,23418905.79,1648130.9,11176847,3.1495,69.71,-26.76,3.785,103500694832.85,5175034741.6425,32673995298,-11281425,1860250803,-20.392,34.26,-273.08,-4.215,-21.1535,29.98,-316.51,-4.025,68.7975,93.94,27.88,76.685,0.304,0.88,0.1,0.17,0.1325,0.4,0,0.065,0,0,0,0,0,0,0,0,0,7508,1501.6,3663,7,112,26.074,66.2,15.7,16.09,8.811,21.9,-1.17,8.57,1806919261,95101013.7447369,568225197,35179.26,43434877.71,6085.26,304.263,1162,3.26,153.5,231,17.7692307692308,76,2,8,12,6,6,6,6,25,4.16666666666667,8,1,3,27,3.85714285714286,8,1,3,0,0,0,0,0,48,4.8,12,1,3.5,0,0,0,0,0,36,4,10,1,3,0,0,0,0,0,26,5.2,8,2,4,12,3,4,2,3,10.84,21.88,1.02,6.97,0,0,0,0,0,0,0,0,0,0,0,0,0,0,0,0,0,0,0,0,0,0,0,0,0,0,0,0,0,0,0,0,0,0,0,0,0,0,0,0,0,0,0,0,0,8022376709308.95,401118835465.447,2764863745461.0,17618235,1.60143E+11,354,50.5714285714286,147,1,15,0,0,0,0,0,185,15.4166666666667,62,2,5,12,6,6,6,6,0,0,0,0,0,3,3,3,3,3
汽车制造业,江苏省,37,,2,,,3,5,27,,16,2,2,17,14,2,,,,2,,,,,,,,,,2,,,1,2,3,11,,,,,,,,181245664419.23,4898531471,28528929884,530915626,3342224755,5353442819,144687643.758649,941423102.2,-249064627.8,87387263.61,103536,2798.27027027027,7769,382,2148,103208386129.19,2789415841.32946,12729669553,142294471.3,1545291308,45.4737837837838,105.39,9.85,45.13,4416188052,119356433.827568,581483580.8,8198726,75656769.16,12.7613513513514,72.69,-53.62,9.4,6089160222,164571897.893243,1053987445,-268372590,102834457.7,1.96189189189189,428.5,-396.17,6.1,82.7475675675676,3986.06,-1015.44,11.77,14.9816216216216,92.38,-47.93,13.9,5.21918918918919,18.19,1.34,4.48,0.269189189189189,2.83,-1.7,0.15,38182920.15,12727640.05,33171067.05,1635451.86,3376401.24,-21.9,-21.9,-21.9,-21.9,12840,366.857142857143,1534,62,242,15.1052941176471,93.77,-19.22,8.125,13.3043243243243,70.26,-21.03,8.76,655210400.5,17708389.2037838,111914911.8,120593,10575730.36,2280.96,61.6475675675676,357,2.4,48,19267,520.72972972973,2848,78,301,117,7.3125,25,1,2.5,1474,39.8378378378378,195,1,26,1913,51.7027027027027,193,1,31,0,0,0,0,0,2155,58.2432432432432,434,3,30,15,3.75,8,1,3,535,15.7352941176471,112,1,7,15,3.75,8,1,3,2125,57.4324324324324,363,3,35,185,7.11538461538461,49,1,4,14.0457142857143,32.82,5.17,12.65,0,0,0,0,0,0,0,0,0,0,2,1,1,1,1,1,1,1,1,1,0,0,0,0,0,0,0,0,0,0,0,0,0,0,0,2,1,1,1,1,0,0,0,0,0,84254448836,2277147265.84568,10094291885,142743442,1635568544,23970,647.837837837838,2399,66,431,0,0,0,0,0,6010,162.432432432432,984,19,90,117,7.3125,25,1,2.5,11,2.75,6,1,2,0,0,0,0,0
金属冶炼和压延加工业,江苏省,18,,,,,1,1,16,,9,2,1,6,8,1,,,2,,,,,,,,,,,1,,,,,1,5,,,,,,,,197836744107.36,10990930228.1867,74674874981,994873876.3,6009973302,7368456926,409358718.1,2323536554,-371700496.9,213681746.4,53989,2999.38888888889,14317,216,1647,215695661813.12,11983092322.9511,70666958615,951598399.1,5076913677,41.5216666666667,72.59,11.68,39.35,5993967248,352586308.689412,2446574822,4682994.35,99699776.5,13.2116666666667,55.39,-11.8,10.365,8818383001,489910166.716111,2756409285,-361712690,257460370.1,-28.46277778,223.69,-385.59,-8.955,-33.03055556,226.56,-465.16,-0.35,17.4552941176471,60.75,-41.67,15.89,3.67764705882353,6.42,0.01,3.72,0.00375,1.59,-2.6,0.05,135343417.5,135343417.5,135343417.5,135343417.5,135343417.5,-5.8,-5.8,-5.8,-5.8,5961,372.5625,2413,35,152.5,12.415,89.08,-29.06,6.335,12.7222222222222,65.5,-7.32,6.655,692186180.1,38454787.7855555,209033448.5,761347.86,23790762.9,1408,78.2222222222222,209,13,59,10309,572.722222222222,4222,48,251,146,20.8571428571429,131,1,2,1454,80.7777777777778,789,4,42.5,1613,89.6111111111111,871,4,40,0,0,0,0,0,1270,74.7058823529412,633,6,34,13,13,13,13,13,565,33.2352941176471,342,2,11,13,13,13,13,13,1145,67.3529411764706,563,4,28,230,15.3333333333333,121,1,7,12.67,19.3,2.2,12.665,0,0,0,0,0,0,0,0,0,0,1,1,1,1,1,1,1,1,1,1,0,0,0,0,0,0,0,0,0,0,0,0,0,0,0,2,2,2,2,2,1,1,1,1,1,103383399371.92,5743522187.32889,43928243009,367817518.7,1887383197,17895,994.166666666667,9985,122,435,0,0,0,0,0,4318,239.888888888889,2363,10,99.5,147,21,132,1,2,17,2.125,9,1,1,7,2.33333333333333,3,2,2
交通运输、仓储和邮政业,江苏省,14,,1,,,7,,6,,5,4,,5,4,1,,,2,,,,,,2,,,,,,,,4,1,,,,,,,,,,202734911872.02,14481065133.7157,78458374387,651674225.2,3707019887,9914837382,708202670.147857,3747984033,-315136856,169838880.6,28425,2030.35714285714,4799,95,1768.5,50295187716,3592513408.31714,13255680941,385476652,1441304795,30.9964285714286,94.13,-167.04,43.735,219677716.3,27459714.54,62298264.84,12039331.46,22557697.68,8.25071428571429,62.2,-28.31,-1.545,12248407744,874886267.421429,4620367049,-301724835,209640056.8,-40.49071429,333.13,-841.34,3.33,-38.21,377.6,-876.36,5.85,26.39625,117.25,-68.86,23.335,2.3425,4.56,0.67,1.86,-0.14625,0.91,-2.56,0.245,7692902.8,7692902.8,7692902.8,7692902.8,7692902.8,1318.41,1318.41,1318.41,1318.41,878,146.333333333333,231,60,145,20.8066666666667,46.32,-16,28.435,12.0328571428571,98.22,-22.17,-0.11,276952203.9,21304015.6815385,100517842.2,502052.27,6476153,1222.98,87.3557142857143,455,0.7,36,1160,89.2307692307692,585,13,26,14,4.66666666666667,9,1,4,72,6,27,1,4,74,8.22222222222222,46,1,3,0,0,0,0,0,139,11.5833333333333,59,4,7,0,0,0,0,0,47,5.22222222222222,15,2,4,0,0,0,0,0,100,8.33333333333333,38,1,5.5,19,3.8,7,1,4,9.44166666666666,16.31,4.02,8.335,0,0,0,0,0,0,0,0,0,0,0,0,0,0,0,0,0,0,0,0,0,0,0,0,0,0,0,0,0,0,0,0,0,0,0,0,0,0,0,0,0,0,0,0,0,97148284239,6939163159.92214,40508066253,-1082349818,1224598989,1433,110.230769230769,785,5,29,0,0,0,0,0,330,25.3846153846154,158,2,12,14,4.66666666666667,9,1,4,1,1,1,1,1,0,0,0,0,0
消费电子及电气业,江苏省,43,,1,,,3,5,33,1,23,4,,16,18,2,1,2,2,2,,,,,,,,,,,,,1,,1,13,,,1,,,,,264688421548.41,6155544687.17233,40531358900,125620295.7,2417775504,4671168852,108631833.762791,2367257605,-2598685415,90767587.57,164549,3826.72093023256,30033,120,1580,203875352704.51,4741287272.19791,61882800301,107135289.6,1547753705,44.2388372093023,237.94,3.18,40.68,8983231311,213886459.795238,1270643604,755165.21,85132353.93,-1.599069767,64.5,-66.84,-3.93,5780052363,134419822.389767,2846538674,-3181961336,101764764.5,-176.874186,434.25,-6013.47,-19.41,-45.92,1266.78,-1371.22,-15.57,8.58285714285714,92.13,-61.58,6.17,7.17833333333333,43.8,0.25,4.965,0.925238095238095,14.79,-9.94,0.41,158740144.2,158740144.2,158740144.2,158740144.2,158740144.2,-5.2,-5.2,-5.2,-5.2,21678,541.95,3945,4,274.5,4.15138888888889,68.28,-53.21,1.6,-5.213571429,30.13,-41.76,-0.71,1264659217,30110933.7447619,317921980.8,166557.5,14471877.82,3105.32,72.2167441860465,449,0.47,46,33471,796.928571428571,7648,12,329.5,1494,57.4615384615385,814,1,11,6091,145.02380952381,2761,2,28,3563,84.8333333333333,1094,1,32.5,0,0,0,0,0,3958,104.157894736842,1156,3,46,82,8.2,28,1,4.5,1948,54.1111111111111,1103,1,16.5,82,8.2,28,1,4.5,3777,96.8461538461538,1030,4,45,1571,49.09375,979,1,8.5,16.90825,43.56,3.13,15.33,0,0,0,0,0,0,0,0,0,0,0,0,0,0,0,0,0,0,0,0,0,0,0,0,0,0,0,0,0,0,0,0,0,0,0,4,1,1,1,1,0,0,0,0,0,140613007077.04,3270069932.02419,26597980744,75015073.96,914725276.7,76744,1827.2380952381,25559,50,407.5,0,0,0,0,0,14807,352.547619047619,5850,9,116.5,1496,57.5384615384615,819,1,11,14,2.33333333333333,5,1,2,2,1,1,1,1
房地产业,江苏省,15,,,,,7,1,7,,1,7,,7,1,,,,5,1,,,,,1,,,,,,,,6,,,1,,,,,,,,1089483288722.21,72632219248.1473,4.57907E+11,1060978488,31493964093,-3663614927,-244240995.1,2479891602,-9629895252,93856578,70995,4733,22276,116,2109,239658372943.17,15977224862.878,1.15457E+11,521967219,4741899490,66.226,89.82,37.1,70.61,151680286.1,25280047.6883333,70979421.7,3513962.01,18823565.64,12.638,117.82,-35.66,12.9,2260445852,150696390.104667,3032694570,-8957949991,150787566,-84.55,68.74,-771.16,-31.51,-124.54,49.92,-1214.05,-32.15,-25.70333333,6.74,-94.11,-17.24,0.261666666666667,0.69,0.03,0.26,-0.062,0.03,-0.12,-0.09,0,0,0,0,0,0,0,0,0,385,77,138,23,52,-8.136,27.73,-49.6,-8.71,-7.298571429,32.25,-51.98,-1.09,516315778.3,34421051.8833333,277870966,32024.74,6108252,872.28,58.152,322,1.55,32,2517,279.666666666667,948,1,65,7,3.5,6,1,3.5,282,40.2857142857143,191,3,9,248,35.4285714285714,103,1,7,0,0,0,0,0,341,48.7142857142857,199,1,24,0,0,0,0,0,58,9.66666666666667,23,1,7,0,0,0,0,0,369,46.125,246,1,24.5,8,1.6,3,1,1,3.412,6.42,0.57,3.15,0,0,0,0,0,0,0,0,0,0,0,0,0,0,0,0,0,0,0,0,0,0,0,0,0,0,0,0,0,0,0,0,0,0,0,0,0,0,0,0,0,0,0,0,0,867637690999.55,57842512733.3033,3.68446E+11,661940216,18114153649,4321,540.125,2344,1,189.5,0,0,0,0,0,666,83.25,319,1,43.5,7,3.5,6,1,3.5,0,0,0,0,0,0,0,0,0,0
采矿业,江苏省,0,,,,,,,,,,,,,,,,,,,,,,,,,,,,,,,,,,,,,,,,,,0,0,0,0,0,0,0,0,0,0,0,0,0,0,0,0,0,0,0,0,0,0,0,0,0,0,0,0,0,0,0,0,0,0,0,0,0,0,0,0,0,0,0,0,0,0,0,0,0,0,0,0,0,0,0,0,0,0,0,0,0,0,0,0,0,0,0,0,0,0,0,0,0,0,0,0,0,0,0,0,0,0,0,0,0,0,0,0,0,0,0,0,0,0,0,0,0,0,0,0,0,0,0,0,0,0,0,0,0,0,0,0,0,0,0,0,0,0,0,0,0,0,0,0,0,0,0,0,0,0,0,0,0,0,0,0,0,0,0,0,0,0,0,0,0,0,0,0,0,0,0,0,0,0,0,0,0,0,0,0,0,0,0,0,0,0,0,0,0,0,0,0,0,0,0,0,0,0,0,0,0,0,0,0,0,0,0,0,0,0,0,0,0,0,0,0,0,0,0,0,0,0,0,0,0,0,0,0,0,0,0,0,0,0,0,0,0,0,0,0,0,0,0,0,0,0,0,0,0
非金属矿物制品业,江苏省,13,,1,,,1,,11,,8,3,,2,6,1,1,,3,,,,,,,,,,,,,,,,,2,,,,,,,,79982312533,6152485579,46888591540,402291479,2385523433,5626064353,432774180.964615,3731132171,-337871026.3,39722870.45,34772,2674.76923076923,20758,140,1013,38687670794,2975974676.45769,22108987012,319554827.5,1442222209,35.1261538461538,61.48,5.56,34.78,1900005411,190000541.1,1232827221,28753276.99,75435274.05,10.5730769230769,100.63,-34.63,3.35,6149942409,473072492.984615,4060017631,-336136579.2,42664145.62,-99.40615385,286.69,-1514.05,-0.97,-101.4615385,421.26,-1703.34,8.82,19.747,90.62,-5.89,12.315,4.811,7.21,3.11,4.825,-0.178,0.76,-2.48,0.08,225150763.9,225150763.9,225150763.9,225150763.9,225150763.9,36.3,36.3,36.3,36.3,4106,410.6,2471,73,194,1.942,35.13,-22.51,3.9,6.58416666666667,46.39,-26.6,6.065,383351367,29488566.6884615,280834928.3,41127,6392278.51,1204.38,92.6446153846154,416,0.92,55,4614,419.454545454545,2481,43,145,91,11.375,44,1,2.5,864,78.5454545454545,575,3,31,682,62,321,2,36,0,0,0,0,0,627,62.7,358,6,21.5,20,6.66666666666667,12,2,6,354,35.4,233,2,7.5,20,6.66666666666667,12,2,6,489,48.9,250,7,18,188,26.8571428571429,137,4,5,13.014,16.67,10.71,12.39,0,0,0,0,0,0,0,0,0,0,3,3,3,3,3,0,0,0,0,0,0,0,0,0,0,0,0,0,0,0,0,0,0,0,0,2,1,1,1,1,0,0,0,0,0,35624393429,2740337956,24343332688,114317049.5,528023773.3,11077,1007,6698,82,441,0,0,0,0,0,2294,208.545454545455,1353,12,93,91,11.375,44,1,2.5,35,7,26,1,3,2,2,2,2,2
通用设备制造业,江苏省,42,,1,,,4,5,32,,20,4,3,15,14,3,1,2,2,2,,,,,,,,,,2,,1,,,1,14,,,,,,,,155776099619.14,3708954752.83667,16201023275,268006677,3013357564,7322372593,174342204.597143,2348855468,-335781321.8,81478466.64,71755,1708.45238095238,6991,213,1345.5,85846229936,2043957855.61286,13369591730,165846047.5,1480143755,37.2126190476191,73.28,2.09,35.4,4058497845,96630901.06,649950372.7,4880245,63128137.21,-1.003095238,34.54,-79.07,0.635,8132850855,193639306.061905,2617884216,-364885602.3,84418706.74,-76.4952381,427.6,-3410.14,-11.935,-48.49619048,355.91,-2332.28,-7.3,9.10804878048781,54.32,-35.15,6.4,5.1347619047619,10.22,1.56,4.32,0.395609756097561,3.28,-1.9,0.28,66418729.85,22139576.6166667,33414880.85,10875454.87,22128394.13,-11.36333333,5.28,-19.87,-19.5,8773,230.868421052632,1201,48,184,10.4024324324324,69.78,-33.29,6.6,3.9847619047619,57.73,-20.43,2.745,564348698.7,13436873.7792857,99248261.8,632505.29,8848194.77,3011.3,71.697619047619,864,1.19,41.5,21877,533.585365853659,2894,1,372,265,9.46428571428571,51,1,4.5,1831,45.775,259,3,39,3014,73.5121951219512,916,1,33,0,0,0,0,0,1865,46.625,163,3,38,17,2.83333333333333,7,1,2.5,572,15.4594594594595,54,1,13,17,2.83333333333333,7,1,2.5,1802,45.05,133,3,36,191,5.61764705882353,21,1,4,14.7115789473684,38.92,4.5,13.76,0,0,0,0,0,0,0,0,0,0,2,1,1,1,1,1,1,1,1,1,0,0,0,0,0,0,0,0,0,0,0,0,0,0,0,3,1.5,2,1,1.5,0,0,0,0,0,66738032827,1589000781.58571,6255631412,5429984,1054563393,31140,759.512195121951,5776,49,497,0,0,0,0,0,7117,173.585365853659,1152,1,125,265,9.46428571428571,51,1,4.5,29,2.23076923076923,9,1,1,1,1,1,1,1
半导体业,江苏省,23,,,1,,2,1,19,,11,,,12,9,1,,1,,,,,,,,,,,,,,,1,,,10,1,,,,,,,163705832288.34,7117644882.10174,39407722855,1167483814,3496017852,9997016450,434652889.109565,3230985650,-63402969.12,173658643.4,69601,3026.13043478261,20172,116,1053,95600954729,4156563249.09348,33762006194,292651672.9,1126152290,28.3495652173913,71.86,1.51,26.42,5612271630,244011809.993043,1323143555,33190097.4,114922711.1,10.2908695652174,68.14,-21.67,2.89,10572826951,459688128.302174,3245655802,-77797499.25,173980483.7,-77.07652174,93.66,-1383.07,-6.1,-35.41086957,93.58,-517.35,-6.74,26.0260869565217,69.53,-7.7,21.06,9.45826086956522,30.64,3.08,6.48,1.61909090909091,10.61,-8.47,0.97,22206352.76,11103176.38,13415744.78,8790607.98,11103176.38,-89,-89,-89,-89,10457,454.652173913043,2807,54,194,22.6721739130435,127.79,-9.3,15.66,16.7209090909091,103.1,-13.5,12.94,957647371.7,41636842.2473913,190593270.5,5674499.63,12264824.77,3659,159.086956521739,558,23,114,8938,388.608695652174,2014,114,289,318,19.875,66,1,9,1571,68.304347826087,331,7,46,1175,51.0869565217391,278,4,28,0,0,0,0,0,1015,44.1304347826087,170,1,25,35,4.375,8,1,3.5,571,25.9545454545455,95,2,17,35,4.375,8,1,3.5,929,40.3913043478261,160,3,22,276,13.1428571428571,95,1,5,26.4147826086957,62.12,7.58,20.17,0,0,0,0,0,0,0,0,0,0,1,1,1,1,1,0,0,0,0,0,0,0,0,0,0,0,0,0,0,0,0,0,0,0,0,4,1,1,1,1,1,1,1,1,1,60804891340,2643690927.83348,21067497749,49412387.78,723291903.3,15728,683.826086956522,2663,90,452,0,0,0,0,0,4362,189.652173913043,854,29,142,318,19.875,66,1,9,3,3,3,3,3,0,0,0,0,0
建筑业,江苏省,11,,1,,,1,2,7,,3,,1,7,3,,,,,,,,,,,,,,,1,,,1,1,2,3,,,,,,,,139499766261.27,12681796932.8427,50067644973,641457898.6,3362444648,3471525621,315593238.307273,2824413171,-652705610.9,79168402.2,40240,3658.18181818182,13749,226,700,110712678058.43,10064788914.4027,42825725192,195751162.6,2086396493,61.5545454545455,88.68,35.82,62.37,3564405079,324036825.394545,1362712638,7663702.9,84557970.76,2.52545454545455,44.9,-54.75,1.89,4095367537,372306139.7,3156732334,-587497120,97042194.66,32.1427272727273,656.3,-279.93,-5.38,9.44727272727273,494.37,-362.43,-1.09,29.9609090909091,307.04,-70.5,16.9,3.59090909090909,4.87,1.15,3.56,-0.670909091,2.62,-11.79,0.1,0,0,0,0,0,0,0,0,0,7240,658.181818181818,2431,22,119,-8.669090909,52.68,-61.4,1.14,-1.487272727,26,-35.43,6.87,149465148.3,13587740.75,66585589,612613.02,3786387.15,881.63,80.1481818181818,336,2.63,36,8651,786.454545454545,4632,8,187,36,18,29,7,18,924,84,535,2,12,828,75.2727272727273,493,1,14,0,0,0,0,0,892,89.2,587,3,19.5,2,2,2,2,2,377,41.8888888888889,305,1,5,2,2,2,2,2,815,81.5,477,2,24.5,167,23.8571428571429,132,1,5,20.7254545454545,37.15,8.74,18.5,0,0,0,0,0,0,0,0,0,0,3,3,3,3,3,0,0,0,0,0,0,0,0,0,0,0,0,0,0,0,0,0,0,0,0,0,0,0,0,0,0,0,0,0,0,90378852834,8216259348.50727,31209525974,443231150.1,1702065854,12798,1163.45454545455,7806,30,249,0,0,0,0,0,3102,282,1816,8,35,36,18,29,7,18,5,5,5,5,5,6,3,4,2,3
铁路、船舶、航空航天和其他运输设备制造业,江苏省,14,,3,,1,1,,9,,3,2,,9,1,1,1,,2,,,,,,,,,,,,,,,2,,6,,,,1,,,,77248604298,5517757450,24952604872,319283634.1,2379695350,4575167547,326797681.950714,2183007223,-50196437.65,121391590.9,37791,2699.35714285714,11876,72,1063,56184467990,4013176285.01214,31059438113,116868111.7,1123436109,33.6971428571429,73.36,15,28.9,2720613945,194329567.487857,1105840137,1724689.92,58342363.76,2.65214285714286,24.61,-23.64,7.775,5448118434,389151316.717857,2707596959,-43433264.12,138597080.1,466.203571428572,6566.16,-73.69,-17.79,105.285,1539.93,-122.99,-11.215,34.9007692307692,305.19,-24.61,12.35,6.09357142857143,12.55,1.42,5.225,0.71,8.8,-5.72,0.45,14063962.05,7031981.025,13776060.09,287901.96,7031981.025,-52.39,-35.37,-69.41,-52.39,4652,332.285714285714,1078,11,138.5,-1.498461538,27.8,-45,-3.73,5.43857142857143,91.28,-37.33,-1.69,313228096.2,24094468.9376923,166633482,1064121.51,8724884.47,1659.2,118.514285714286,502,6.2,44.5,9328,666.285714285714,2330,49,329.5,40,5,20,1,3,998,71.2857142857143,319,3,28.5,916,65.4285714285714,345,4,27.5,0,0,0,0,0,924,66,279,1,30.5,2,1,1,1,1,287,20.5,116,1,7,2,1,1,1,1,956,68.2857142857143,350,2,29,135,12.2727272727273,53,2,5,15.7428571428571,24.19,8.22,14.81,0,0,0,0,0,0,0,0,0,0,1,1,1,1,1,0,0,0,0,0,0,0,0,0,0,0,0,0,0,0,0,0,0,0,0,0,0,0,0,0,0,0,0,0,0,35217076597,2515505471.18714,18310010251,93877021.74,851022292.9,12745,910.357142857143,3277,40,502.5,0,0,0,0,0,2903,207.357142857143,907,8,69.5,40,5,20,1,3,8,2,3,1,2,0,0,0,0,0
水利、环境和公共设施管理业,江苏省,13,,,,1,1,,11,,7,1,,5,6,,,,1,,,,1,,,,,,,,,,1,,,4,,,,,,,,91674104137,7051854164.36923,26467785542,1252605746,2877339143,78881695.25,6067822.71153846,874796213,-704781208.7,27269574.22,31117,2393.61538461538,17957,90,819,25029476942,1925344380.18769,8839291520,132926584.8,859861420.6,43.2723076923077,82.65,10.51,45.37,783148321.8,71195301.9781818,243686817.7,4560634.09,52234464.95,7.1,308.64,-67.47,-11.94,911167383,70089798.6953846,947559275.7,-502980256.2,39627022.99,-64.29923077,85.08,-370.06,-48.66,-79.72230769,32.84,-351.85,-65.06,-14.11636364,31.57,-70.08,-17.74,5.11363636363636,15.72,1.32,4.55,-0.174545455,1.81,-3.7,0.1,30131380.81,30131380.81,30131380.81,30131380.81,30131380.81,-41.8,-41.8,-41.8,-41.8,2270,206.363636363636,1006,13,107,-12.97,6.05,-35,-6.04,-4.343846154,17.31,-28.44,-2.54,233270828.7,17943909.8992308,67058424.98,123066,11346628.16,544.93,41.9176923076923,114,3.93,32,4834,371.846153846154,1457,2,250,32,4.57142857142857,9,2,4,533,48.4545454545455,145,14,42,752,62.6666666666667,225,2,47,0,0,0,0,0,631,57.3636363636364,146,1,42,3,1.5,2,1,1.5,244,24.4,81,5,18.5,3,1.5,2,1,1.5,540,49.0909090909091,141,13,40,80,7.27272727272727,13,2,7,13.3718181818182,30.43,1.63,12.68,0,0,0,0,0,0,0,0,0,0,0,0,0,0,0,1,1,1,1,1,0,0,0,0,0,0,0,0,0,0,0,0,0,0,0,1,1,1,1,1,0,0,0,0,0,50398390539,3876799272.24077,16029688067,131974911,1046408455,9243,770.25,2205,7,686.5,0,0,0,0,0,2054,171.166666666667,568,2,132,32,4.57142857142857,9,2,4,9,3,7,1,1,1,1,1,1,1
科学研究和技术服务业,江苏省,20,,2,,,2,,16,,10,1,,9,6,2,2,,1,,,,,,,,,,,,,,,,,9,,,,,,,,229034583265.54,11451729163.277,64690388805,1250447164,3552499852,16860980538,843049026.9,8902617452,-4387437016,139682489.2,135497,6774.85,44397,93,2246.5,112746993135.22,5637349657,39354754462,264554197,1740539693,38.856,104.06,5.99,41.48,5443718184,272185909.2,1613958724,12590515.87,89636115.63,9.861,90.97,-47.22,3.615,12170364510,608518225.5,10652262207,-3589258153,167639951.8,-25.717,138.38,-314.59,-7.43,-26.1185,129.31,-437.94,4.38,22.3635,71.93,-24.02,15.49,6.8795,16.09,1.16,6.045,0.847,5.56,-1.24,0.44,36172679.56,18086339.78,34838559.01,1334120.55,18086339.78,133.35,133.35,133.35,133.35,44752,2355.36842105263,36666,20,444,14.3138888888889,108.58,-21.04,3.725,7.84315789473684,72.1,-18.84,2.2,674918140.2,35522007.3794737,342679098.8,2278319.07,14207298.77,4516,225.8,1839,18,42.5,12221,611.05,2232,51,492.5,1031,79.3076923076923,466,1,8,1744,87.2,306,2,47.5,1670,83.5,297,1,39,0,0,0,0,0,1379,68.95,249,4,57,206,51.5,98,3,52.5,626,31.3,111,1,26,206,51.5,98,3,52.5,1262,63.1,212,4,61,349,17.45,77,1,6,21.4457894736842,82.65,4.4,18,0,0,0,0,0,0,0,0,0,0,2,1,1,1,1,0,0,0,0,0,0,0,0,0,0,0,0,0,0,0,0,0,0,0,0,6,1.2,2,1,1,0,0,0,0,0,92490476092,4624523805,25951711167,138910174.1,1399167457,27235,1361.75,5425,66,873,0,0,0,0,0,5316,265.8,856,17,168,1034,79.5384615384615,469,1,8,24,2.66666666666667,10,1,1,5,2.5,4,1,2.5
纺织鞋服业,江苏省,16,,,,,1,1,14,,6,4,1,5,6,,,,3,,,,,,1,,,,,1,,,,,1,4,,,,,,,,71978396564,4498649785.25125,32748651586,1718568,1309208887,3239709250,202481828.12875,2062023115,-156332930.9,60672683.88,64849,4053.0625,24382,96,2256,44147471702,2759216981.37438,18561770470,73852801.5,1220980344,1286.45375,20024.92,14.95,33.87,697749060.9,53673004.6876923,194033427.3,113097,34084026.42,-4.909375,30.23,-54.62,-6.845,4171228202,260701762.629375,2806012515,-159015242,51274560.81,-506.321875,104.25,-4633.88,-19.445,-1252.24875,41.9,-19056.44,-17.465,36.35,349.94,-88.22,12.1,2.47769230769231,5.36,0.09,2.14,0.290769230769231,1.01,-0.48,0.32,0,0,0,0,0,0,0,0,0,2843,236.916666666667,967,28,170,19.5291666666667,104,-7.39,5.235,-4.069333333,11.39,-56.92,-1.43,255402194.8,17026812.99,42854434.03,407694.74,12738120.4,765.04,47.815,294,0.34,26,6310,450.714285714286,1128,7,402.5,16,3.2,5,2,3,380,29.2307692307692,79,3,29,890,68.4615384615385,248,1,47,0,0,0,0,0,385,32.0833333333333,163,7,23.5,0,0,0,0,0,151,13.7272727272727,72,3,10,0,0,0,0,0,302,23.2307692307692,85,1,16,61,5.54545454545455,16,1,6,6.66666666666667,12.45,0.71,7.61,0,0,0,0,0,0,0,0,0,0,0,0,0,0,0,0,0,0,0,0,0,0,0,0,0,0,0,0,0,0,0,0,0,0,0,1,1,1,1,1,0,0,0,0,0,32926369442,2057898090.11625,18226557759,46340942.5,476688458.7,5489,392.071428571429,1321,17,302,0,0,0,0,0,1589,122.230769230769,404,4,91,16,3.2,5,2,3,8,2.66666666666667,6,1,1,0,0,0,0,0
通信传输设备业,江苏省,18,,4,,,,1,13,,8,4,,6,8,,,,2,1,1,,,,,,,,,,,,,3,,3,,,,,,,,60990227526,3388345973.67444,8325143221,592977311,2429997406,751453560.1,41747420.0038889,553198573,-941073571.7,55641593.41,21237,1179.83333333333,3149,128,792,27846726578,1547040365.42556,4154297587,175769182.6,1092918801,27.7133333333333,47.92,8.97,30.04,1868883200,109934305.898235,345075493.6,12833195.15,61931112.62,6.30444444444444,44.52,-25.26,0.565,1052204530,58455807.2088889,624268868,-959965069.2,56608897.21,-95.38722222,91.79,-1165.78,-6.025,-216.0544444,86.42,-2894.54,-11.27,18.9117647058823,75.03,-23.92,23.11,7.63,17.69,1.64,6.15,0.936470588235294,6.75,-0.4,0.5,22792034.2,11396017.1,13114763.32,9677270.88,11396017.1,-59.1,30.7,-106,-102,4529,301.933333333333,936,34,190,6.77533333333333,26.42,-12.41,3.02,4.33,44.63,-22.37,3.78,232116804.6,12895378.0305556,34485498.44,466069,9368225.7,1536.49,85.3605555555555,426,1.89,35,12696,705.333333333333,2849,105,273.5,51,4.63636363636364,22,1,2,1579,87.7222222222222,405,13,35,1593,88.5,459,9,32,0,0,0,0,0,890,52.3529411764706,177,8,31,3,1,1,1,1,510,30,117,2,20,3,1,1,1,1,662,38.9411764705882,138,3,30,187,13.3571428571429,37,1,6,23.8893333333333,46.49,13.8,19.8,0,0,0,0,0,0,0,0,0,0,1,1,1,1,1,0,0,0,0,0,0,0,0,0,0,0,0,0,0,0,0,0,0,0,0,4,2,3,1,2,0,0,0,0,0,18657819484,1036545526.86167,3064062168,75834521.5,719215625.2,25332,1407.33333333333,7125,178,506.5,0,0,0,0,0,4614,256.333333333333,1177,42,119.5,51,4.63636363636364,22,1,2,2,1,1,1,1,12,6,7,5,6
金属制品业,江苏省,31,,1,,,3,,27,,17,2,1,11,15,1,1,,2,,,,,,,,,,,1,,,2,,,9,,,,,,,,85874109627,2770132568.62193,10463520753,447814994,1928043969,2695929141,86965456.1483871,485611256.2,-144017830.1,65424616.84,33911,1093.90322580645,3889,170,820,50597592501,1632180403.26742,6223360140,220061558.5,1353086851,38.6470967741935,90.53,6.06,36.3,1935857782,64528592.7213333,230581912,2251978.32,42088734.82,1.6941935483871,60.5,-30.03,-3.23,2979138988,96101257.6874194,515782124.3,-205962865.3,76148868.87,16.3777419354839,1289.2,-262.09,-26.4,-12.85612903,235.85,-231.06,-18.77,11.5186206896552,69.44,-71.13,8.07,4.08033333333333,8.8,0.14,3.76,0.4075,4.39,-0.87,0.155,0,0,0,0,0,0,0,0,0,4375,150.862068965517,506,8,116,12.3503571428571,123.73,-26.12,6.06,4.43290322580645,76,-35.13,3.37,261732865.5,8442995.66225807,28438323.11,540114.54,5779816.2,1302.41,42.0132258064516,135,2.78,34,8369,269.967741935484,965,54,196,120,10,32,1,3.5,1017,32.8064516129032,95,2,27,1131,37.7,125,3,31,0,0,0,0,0,820,27.3333333333333,79,1,19.5,13,2.6,6,1,2,279,10.3333333333333,37,1,7,13,2.6,6,1,2,779,25.9666666666667,68,1,15.5,114,4.56,20,1,3,13.0320689655172,20.83,4.25,13.3,0,0,0,0,0,0,0,0,0,0,0,0,0,0,0,0,0,0,0,0,0,0,0,0,0,0,0,0,0,0,0,0,0,0,0,1,1,1,1,1,0,0,0,0,0,37213476626,1200434729.8629,6695292512,50610015.52,738553913.7,13639,439.967741935484,1145,46,452,0,0,0,0,0,2839,91.5806451612903,306,7,89,120,10,32,1,3.5,5,1.66666666666667,3,1,1,1,1,1,1,1
文化、体育和娱乐业,江苏省,5,,,,,3,,2,,3,1,,1,1,2,,,1,,,,,,,,,,,,,,1,,,,,,,,,,,41531316906,8306263381,29702316700,2492560536,2760244126,1910404714,382080942.7,2107301295,-374341676.1,50007445,9398,1879.6,7129,65,497,16562829505,3312565901,13595816024,632440974.7,697538358.7,40.762,95.48,13.34,27.38,187811903.7,62603967.9066667,108143342.6,21986428.63,57682132.5,-4.922,36.26,-42.4,6.1,2025956990,405191398,2175128733,-356888524.7,77936976,-63.156,-13.42,-107.8,-68.35,-63.2,-15.1,-108.24,-70.45,33.25,69.52,-0.77,31,6.41333333333333,15.5,0.43,3.31,-0.33,0.12,-1,-0.11,44389915.3,44389915.3,44389915.3,44389915.3,44389915.3,0.04,0.04,0.04,0.04,393,131,233,77,83,-1.96,40,-27.8,-18.08,-0.49,18.14,-16,-0.2,197822360.7,39564472.15,149747026.8,925761.8,21459883,520.77,104.154,297,4.77,58,392,130.666666666667,236,37,119,0,0,0,0,0,19,6.33333333333333,15,2,2,94,31.3333333333333,70,4,20,0,0,0,0,0,26,13,18,8,13,0,0,0,0,0,10,5,8,2,5,0,0,0,0,0,28,9.33333333333333,13,3,12,0,0,0,0,0,11.98,17.04,3.3,15.6,0,0,0,0,0,0,0,0,0,0,0,0,0,0,0,0,0,0,0,0,0,0,0,0,0,0,0,0,0,0,0,0,0,0,0,0,0,0,0,0,0,0,0,0,0,16703826618,3340765324,12149404486,520328650.1,732825988.6,529,176.333333333333,377,63,89,0,0,0,0,0,146,48.6666666666667,100,22,24,0,0,0,0,0,4,4,4,4,4,0,0,0,0,0
橡胶和塑料制品业,江苏省,14,1,,,,1,,12,,7,,4,3,6,1,,,,,,,,,,,,,,3,,,,,,3,,,,,1,,,30171646649,2155117618,12248285087,414616059.3,1242063310,1056775064,75483933.1107143,698512806,-187738265.7,34977547.9,10324,737.428571428571,2371,212,471.5,16581712806,1184408057.57429,6061699466,176071143.4,550543672.2,29.7921428571429,80.29,4.02,26.59,685667656.7,48976261.1928571,253136892.7,9342069.92,21432613.33,3.28357142857143,80.43,-26.3,-1.545,1158322826,82737344.6928571,742404632.9,-189496592.6,43070288.94,-1233.072857,87.2,-16953.99,-33.965,-86.38428571,91.1,-867.06,-31.585,3.79,51.34,-20.19,-1.315,4.55571428571429,9.56,2.12,4.34,-0.015,1.15,-1.8,0.075,0,0,0,0,0,0,0,0,0,1524,108.857142857143,393,31,57.5,6.68461538461538,40,-11.49,4.47,5.90615384615385,47.28,-18.79,3.08,72006548.42,5143324.88714286,12888684.86,686442.43,4716073.2,407.27,29.0907142857143,141,4.25,21,2631,187.928571428571,466,88,135,32,4,19,1,1.5,377,26.9285714285714,57,2,26,351,25.0714285714286,58,2,18.5,0,0,0,0,0,286,20.4285714285714,86,5,15,1,1,1,1,1,96,6.85714285714286,33,1,5,1,1,1,1,1,235,16.7857142857143,59,2,12,38,4.75,20,1,2.5,14.9078571428571,28.51,4.37,13.99,0,0,0,0,0,0,0,0,0,0,0,0,0,0,0,1,1,1,1,1,0,0,0,0,0,0,0,0,0,0,0,0,0,0,0,0,0,0,0,0,0,0,0,0,0,8866728209,633337729.244286,2528123730,37249362.25,333291633.8,5328,380.571428571429,874,77,327,0,0,0,0,0,1040,74.2857142857143,184,20,66,32,4,19,1,1.5,5,1.66666666666667,2,1,2,0,0,0,0,0
租赁和商务服务业,江苏省,5,,,,,,,5,,2,2,,1,2,,,,2,,,,,,,,,,,,,,,,,1,,,,,,,,37239226641,7447845328,25034744865,102125243,4670204560,-1005739052,-201147810.3,174264514,-721144380.5,-163574692,7385,1477,6135,79,461,12106787635,2421357527,6584662953,20535287,1745901376,30.988,48.2,13.24,36.15,35467720.03,17733860.02,26964630.81,8503089.22,17733860.02,-15.358,5.8,-31.98,-14.89,-762898955.1,-152579791,233765730.1,-668446596.2,-24190523,-190.93,-38.99,-595.91,-107.7,-79.09,40.25,-166.76,-98.34,-36.03,-25.04,-47.02,-36.03,0.655,0.84,0.47,0.655,-0.29,-0.14,-0.44,-0.29,0,0,0,0,0,0,0,0,0,53,53,53,53,53,-36.9,-36.9,-36.9,-36.9,1.416,18.99,-12.83,-1.74,132836376.8,26567275.36,93335784,20032,7523679.59,525.85,105.17,331,0.85,77,430,143.333333333333,166,103,161,14,14,14,14,14,20,10,18,2,10,72,24,52,6,14,0,0,0,0,0,21,10.5,19,2,10.5,0,0,0,0,0,11,11,11,11,11,0,0,0,0,0,16,8,9,7,8,3,3,3,3,3,9.6,9.6,9.6,9.6,0,0,0,0,0,0,0,0,0,0,0,0,0,0,0,0,0,0,0,0,0,0,0,0,0,0,0,0,0,0,0,0,0,0,0,0,0,0,0,0,0,0,0,0,0,12962722217,2592544443,9044445882,16380681,979849765.9,1056,352,710,60,286,0,0,0,0,0,132,44,110,8,14,14,14,14,14,14,2,2,2,2,2,0,0,0,0,0
农、林、牧、渔业,江苏省,2,,,,,,,2,,2,,,,2,,,,,,,,,,,,,,,,,,,,,,,,,,,,,15636412914,7818206457,13656044402,1980368512,7818206457,968125360.9,484062680.4,890459657.7,77665703.18,484062680.4,8829,4414.5,6639,2190,4414.5,15199003356,7599501678,14447406868,751596487.9,7599501678,30.42,37.69,23.15,30.42,97914176.14,48957088.07,83872500.91,14041675.23,48957088.07,29.875,30.02,29.73,29.875,996290488.5,498145244.2,915365449.8,80925038.64,498145244.2,353.145,371.65,334.64,353.145,346.555,373.01,320.1,346.555,72.285,81.77,62.8,72.285,1.17,1.83,0.51,1.17,0.265,0.34,0.19,0.265,0,0,0,0,0,0,0,0,0,418,209,331,87,209,57.34,85.18,29.5,57.34,12.745,20.16,5.33,12.745,45018754.71,22509377.36,30883221.73,14135532.98,22509377.36,181,90.5,154,27,90.5,612,306,330,282,306,0,0,0,0,0,34,17,19,15,17,127,63.5,67,60,63.5,0,0,0,0,0,76,38,59,17,38,0,0,0,0,0,39,19.5,29,10,19.5,0,0,0,0,0,74,37,59,15,37,19,9.5,10,9,9.5,4.5,5.03,3.97,4.5,0,0,0,0,0,0,0,0,0,0,0,0,0,0,0,0,0,0,0,0,0,0,0,0,0,0,0,0,0,0,0,0,0,0,0,1,1,1,1,1,0,0,0,0,0,5599063466,2799531733,5141237202,457826264.3,2799531733,477,238.5,281,196,238.5,0,0,0,0,0,240,120,123,117,120,0,0,0,0,0,0,0,0,0,0,0,0,0,0,0
仪器仪表制造业,江苏省,14,,,,,1,,13,,7,,3,4,6,1,,,,,,,,,,,,,,3,,,,,,4,,,,,,,,48496018226,3464001301.82714,21300520496,313689452.5,1475753500,1563208541,111657752.921429,864157913.8,-270089705.3,88059018.75,16562,1183,3593,148,824,16113605681,1150971834.33929,4943935152,97859190.18,716548589.1,34.1021428571429,68.83,8,31.2,1183844865,84560347.5271429,401621750.1,8693901.06,47729913.97,12.5928571428571,42.8,-37.29,14.04,2171520124,155108580.255714,1144352198,-97642759.22,90137207.74,167.485714285714,1831.52,-39.5,13.985,192.492857142857,2478.84,-46.15,3.615,19.6842857142857,57.7,-40.63,21.685,8.50357142857143,19.95,2.9,8.155,0.315,2.71,-1.66,0.4,94043133.83,94043133.83,94043133.83,94043133.83,94043133.83,108.42,108.42,108.42,108.42,4484,320.285714285714,1102,29,216,11.7092857142857,42.24,-35.79,12.45,8.99285714285714,28,-19.05,10.205,173440650.6,12388617.8964286,41492130.5,1133534.38,7481384.59,878.74,62.7671428571429,241,3.75,37.5,5211,372.214285714286,851,37,281.5,107,17.8333333333333,63,1,4,1103,78.7857142857143,388,3,43,630,45,123,4,28,0,0,0,0,0,473,33.7857142857143,82,3,36,11,11,11,11,11,214,17.8333333333333,50,2,15,11,11,11,11,11,415,29.6428571428571,64,2,33.5,111,10.0909090909091,31,1,7,25.4007142857143,39.46,11.63,26.39,0,0,0,0,0,0,0,0,0,0,3,1,1,1,1,1,1,1,1,1,0,0,0,0,0,0,0,0,0,0,0,0,0,0,0,1,1,1,1,1,0,0,0,0,0,18652028448,1332287746.31357,6432923312,38164213.31,558837576.2,14855,1061.07142857143,3578,78,684.5,0,0,0,0,0,2438,174.142857142857,559,19,112.5,107,17.8333333333333,63,1,4,6,2,4,1,1,0,0,0,0,0
造纸和纸制品业,江苏省,1,,,,,,,1,,,,1,,,,,,,,,,,,,,,,,1,,,,,,,,,,,,,,402930745.2,402930745.2,402930745.2,402930745.2,402930745.2,26731407.41,26731407.41,26731407.41,26731407.41,26731407.41,354,354,354,354,354,300913343.4,300913343.4,300913343.4,300913343.4,300913343.4,20.85,20.85,20.85,20.85,9130167.8,9130167.8,9130167.8,9130167.8,9130167.8,-22.87,-22.87,-22.87,-22.87,30650561.57,30650561.57,30650561.57,30650561.57,30650561.57,-29.45,-29.45,-29.45,-29.45,-26.76,-26.76,-26.76,-26.76,-11.02,-11.02,-11.02,-11.02,3,3,3,3,0.4,0.4,0.4,0.4,0,0,0,0,0,0,0,0,0,52,52,52,52,52,23.82,23.82,23.82,23.82,-1.63,-1.63,-1.63,-1.63,818653.1,818653.1,818653.1,818653.1,818653.1,3.58,3.58,3.58,3.58,3.58,62,62,62,62,62,0,0,0,0,0,0,0,0,0,0,2,2,2,2,2,0,0,0,0,0,13,13,13,13,13,0,0,0,0,0,3,3,3,3,3,0,0,0,0,0,8,8,8,8,8,0,0,0,0,0,14.87,14.87,14.87,14.87,0,0,0,0,0,0,0,0,0,0,0,0,0,0,0,0,0,0,0,0,0,0,0,0,0,0,0,0,0,0,0,0,0,0,0,0,0,0,0,0,0,0,0,0,0,83964421.09,83964421.09,83964421.09,83964421.09,83964421.09,30,30,30,30,30,0,0,0,0,0,5,5,5,5,5,0,0,0,0,0,0,0,0,0,0,0,0,0,0,0
其他制造业,江苏省,3,,,,,,,3,,1,1,,1,1,,,,1,,,,,,,,,,,,,,,,,1,,,,,,,,4550264491,1516754830.39667,2272601691,805553964,1472108836,374543823.8,124847941.273333,185374398.8,81912533.03,107256892,2472,824,1157,355,960,1844032556,614677518.826667,1033728918,348009968,462293670.7,10.6666666666667,14.17,3.85,13.98,124525046.9,62262523.43,92256698.66,32268348.2,62262523.43,7.14666666666667,8.63,5.18,7.63,430789425.3,143596475.103333,214478374.7,82317562.61,133993488,16.5966666666667,39.9,2.19,7.7,17.9666666666667,54.35,-1.03,0.58,-1.1,5.85,-8.05,-1.1,7.9,8.9,6.9,7.9,-0.845,-0.12,-1.57,-0.845,0,0,0,0,0,0,0,0,0,343,171.5,265,78,171.5,-4.565,-4.3,-4.83,-4.565,-3.56,-3.3,-3.82,-3.56,11553003.52,3851001.17333333,5297839.31,2497355,3757809.21,122.2,40.7333333333333,61,8.2,53,983,327.666666666667,615,160,208,6,3,4,2,3,277,92.3333333333333,209,18,50,184,61.3333333333333,150,15,19,0,0,0,0,0,62,20.6666666666667,28,14,20,0,0,0,0,0,32,16,24,8,16,0,0,0,0,0,88,29.3333333333333,50,17,21,60,30,45,15,30,22.665,23.1,22.23,22.665,0,0,0,0,0,0,0,0,0,0,0,0,0,0,0,0,0,0,0,0,0,0,0,0,0,0,0,0,0,0,0,0,0,0,0,0,0,0,0,0,0,0,0,0,0,487445526,162481841.993333,316598359.4,57174930.59,113672236,2317,772.333333333333,1778,195,344,0,0,0,0,0,597,199,450,36,111,6,3,4,2,3,0,0,0,0,0,0,0,0,0,0
教育,江苏省,3,,,,,,,3,,2,1,,,2,,,,1,,,,,,,,,,,,,,,,,,,,,,,,,3231733815,1077244605,1841481158,293319394.4,1096933263,118465555.3,39488518.4333333,180783638.8,-140518139.8,78200056.3,2902,967.333333333333,1443,71,1388,1673566630,557855543.4,802812978.4,76104576.64,794649075.2,32.6433333333333,38.21,27.37,32.35,82435976.27,41217988.14,66850731.6,15585244.67,41217988.14,-11.75333333,20.92,-48.83,-7.35,164264991.3,54754997.0966667,199398221,-135095285,99962055.28,-1114.926667,166.48,-3639.16,127.9,-402.62,134.21,-1456.45,114.38,-9.19,-7.27,-11.11,-9.19,5.14,8.37,1.91,5.14,-3,-3,-3,-3,0,0,0,0,0,0,0,0,0,211,70.3333333333333,143,33,35,-18.72,-17.01,-20.43,-18.72,-11.3,-9.6,-13,-11.3,13801932.23,4600644.07666667,12363289.68,1829.01,1436813.54,101.57,33.8566666666667,59,1.57,41,108,54,103,5,54,0,0,0,0,0,16,8,14,2,8,5,2.5,3,2,2.5,0,0,0,0,0,11,11,11,11,11,0,0,0,0,0,0,0,0,0,0,0,0,0,0,0,8,4,6,2,4,2,2,2,2,2,19.7133333333333,46.47,2.57,10.1,0,0,0,0,0,0,0,0,0,0,0,0,0,0,0,0,0,0,0,0,0,0,0,0,0,0,0,0,0,0,0,0,0,0,0,0,0,0,0,0,0,0,0,0,0,970406998.1,323468999.373333,503275327.8,112156238.9,354975431.5,179,89.5,168,11,89.5,0,0,0,0,0,20,10,16,4,10,0,0,0,0,0,1,1,1,1,1,0,0,0,0,0
综合,江苏省,5,,,,,2,,3,,1,1,,3,,1,,,1,,,,,,,,,,,,,,1,,,2,,,,,,,,75576924608,15115384921.522,55229825511,551299924.5,6304378109,186789558.5,37357911.7,408690769,-425630074.7,29587666.53,16301,3260.2,8444,429,2950,29633866183,5926773237,21718340555,286405780.8,3073270971,49.254,74.56,15.13,48.51,1076788702,215357740.4,744814736,12960615.19,84885368.88,2.506,17.93,-20.99,2,1341717537,268343507.4,1662303237,-488563926.5,-23919534.08,-113.63,183.08,-492.76,36.45,-140.378,116.5,-570.7,38.8,3.5325,11.59,-9.76,6.15,4.314,5.8,2.73,4.5,0.0175,0.66,-0.69,0.05,1338687.48,1338687.48,1338687.48,1338687.48,1338687.48,-35.34,-35.34,-35.34,-35.34,1220,305,749,86,192.5,-4.8,6.24,-11.23,-9.41,-1.884,5.5,-8.35,-3.01,124203792.7,24840758.55,67334463,2507134.5,14422828.1,215,43,73,12,45,2523,841,1385,95,1043,42,21,31,11,21,331,110.333333333333,178,28,125,336,112,220,17,99,0,0,0,0,0,233,77.6666666666667,136,12,85,2,2,2,2,2,73,24.3333333333333,43,1,29,2,2,2,2,2,211,70.3333333333333,120,7,84,31,15.5,16,15,15.5,17.11,25.25,7.49,17.85,0,0,0,0,0,0,0,0,0,0,0,0,0,0,0,0,0,0,0,0,0,0,0,0,0,0,0,0,0,0,0,0,0,0,0,0,0,0,0,0,0,0,0,0,0,44697507071,8939501414,37109528585,410905874.4,3063162229,5321,1773.66666666667,2596,323,2402,0,0,0,0,0,951,317,488,47,416,42,21,31,11,21,12,6,6,6,6,0,0,0,0,0
废弃资源综合利用业,江苏省,1,,,,,,,1,,1,,,,1,,,,,,,,,,,,,,,,,,,,,,,,,,,,,1697863692,1697863692,1697863692,1697863692,1697863692,144204255.2,144204255.2,144204255.2,144204255.2,144204255.2,134,134,134,134,134,2569262413,2569262413,2569262413,2569262413,2569262413,14.18,14.18,14.18,14.18,59077653.35,59077653.35,59077653.35,59077653.35,59077653.35,14.89,14.89,14.89,14.89,166360812.4,166360812.4,166360812.4,166360812.4,166360812.4,-38.7,-38.7,-38.7,-38.7,-41.44,-41.44,-41.44,-41.44,-6.62,-6.62,-6.62,-6.62,2.3,2.3,2.3,2.3,-0.51,-0.51,-0.51,-0.51,0,0,0,0,0,0,0,0,0,21,21,21,21,21,-16,-16,-16,-16,3.73,3.73,3.73,3.73,5064799.74,5064799.74,5064799.74,5064799.74,5064799.74,40,40,40,40,40,66,66,66,66,66,1,1,1,1,1,13,13,13,13,13,14,14,14,14,14,0,0,0,0,0,7,7,7,7,7,0,0,0,0,0,5,5,5,5,5,0,0,0,0,0,6,6,6,6,6,0,0,0,0,0,15.31,15.31,15.31,15.31,0,0,0,0,0,0,0,0,0,0,0,0,0,0,0,0,0,0,0,0,0,0,0,0,0,0,0,0,0,0,0,0,0,0,0,0,0,0,0,0,0,0,0,0,0,240127005.1,240127005.1,240127005.1,240127005.1,240127005.1,274,274,274,274,274,0,0,0,0,0,34,34,34,34,34,1,1,1,1,1,0,0,0,0,0,0,0,0,0,0
印刷和记录媒介复制业,江苏省,1,,,,,,1,,,,1,,,,,,,,1,,,,,,,,,,,,,,,,,,,,,,,,818338364,818338364,818338364,818338364,818338364,4531607,4531607,4531607,4531607,4531607,3007,3007,3007,3007,3007,792366102,792366102,792366102,792366102,792366102,32.45,32.45,32.45,32.45,0,0,0,0,0,-8.91,-8.91,-8.91,-8.91,12030713.5,12030713.5,12030713.5,12030713.5,12030713.5,-96.09,-96.09,-96.09,-96.09,-98.41,-98.41,-98.41,-98.41,0,0,0,0,0,0,0,0,0,0,0,0,0,0,0,0,0,0,0,0,0,0,0,0,0,0,0,0,0,0,0,0,0,0,9198284.5,9198284.5,9198284.5,9198284.5,9198284.5,0.81,0.81,0.81,0.81,0.81,0,0,0,0,0,0,0,0,0,0,0,0,0,0,0,0,0,0,0,0,0,0,0,0,0,0,0,0,0,0,0,0,0,0,0,0,0,0,0,0,0,0,0,0,0,0,0,0,0,0,0,0,0,0,0,0,0,0,0,0,0,0,0,0,0,0,0,0,0,0,0,0,0,0,0,0,0,0,0,0,0,0,0,0,0,0,0,0,0,0,0,0,0,0,0,0,0,0,0,0,0,0,0,0,265502878,265502878,265502878,265502878,265502878,0,0,0,0,0,0,0,0,0,0,0,0,0,0,0,0,0,0,0,0,0,0,0,0,0,0,0,0,0,0
卫生和社会工作,江苏省,1,,,,,,,1,,1,,,,1,,,,,,,,,,,,,,,,,,,,,,,,,,,,,18279838295,18279838295,18279838295,18279838295,18279838295,-472712319,-472712319,-472712319,-472712319,-472712319,36827,36827,36827,36827,36827,8532842663,8532842663,8532842663,8532842663,8532842663,55.13,55.13,55.13,55.13,104377036.4,104377036.4,104377036.4,104377036.4,104377036.4,-6.8,-6.8,-6.8,-6.8,-379206930.3,-379206930.3,-379206930.3,-379206930.3,-379206930.3,-193.91,-193.91,-193.91,-193.91,-393.52,-393.52,-393.52,-393.52,-24.39,-24.39,-24.39,-24.39,1.28,1.28,1.28,1.28,-0.28,-0.28,-0.28,-0.28,48022847.5,48022847.5,48022847.5,48022847.5,48022847.5,-38.24,-38.24,-38.24,-38.24,326,326,326,326,326,5.97,5.97,5.97,5.97,5.19,5.19,5.19,5.19,27960806.11,27960806.11,27960806.11,27960806.11,27960806.11,271,271,271,271,271,1,1,1,1,1,0,0,0,0,0,0,0,0,0,0,1,1,1,1,1,0,0,0,0,0,0,0,0,0,0,0,0,0,0,0,0,0,0,0,0,0,0,0,0,0,0,0,0,0,0,0,0,0,0,0,0.88,0.88,0.88,0.88,0,0,0,0,0,0,0,0,0,0,0,0,0,0,0,0,0,0,0,0,0,0,0,0,0,0,0,0,0,0,0,0,0,0,0,0,0,0,0,0,0,0,0,0,0,10083106400,10083106400,10083106400,10083106400,10083106400,2,2,2,2,2,0,0,0,0,0,1,1,1,1,1,0,0,0,0,0,0,0,0,0,0,0,0,0,0,0
文教、工美、体育和娱乐用品制造业,江苏省,3,,,,,,,3,,1,1,,1,1,,,,1,,,,,,,,,,,,,,,,,1,,,,,,,,14162714718,4720904905.92333,10054162805,1278102999,2830448914,521097106.5,173699035.483333,447037607.5,34439141,39620357.97,12149,4049.66666666667,7350,803,3996,10061919643,3353973214,7116731876,474436426.2,2470751341,36.7366666666667,52.57,19.14,38.5,447577151.8,149192383.943333,349275781,19016587.99,79284782.84,-5.856666667,7.3,-13.35,-11.52,614510746.7,204836915.6,481146487.6,46824029.6,86540229.5,10.9033333333333,22.45,-6.73,16.99,-2.106666667,43.59,-67.49,17.58,3.07,6.88,0.42,1.91,4.1,4.99,3.24,4.07,0.373333333333333,0.6,-0.06,0.58,0,0,0,0,0,0,0,0,0,414,207,343,71,207,-9.18,-5.99,-12.37,-9.18,-11.83,8.14,-27,-16.63,50781941.45,16927313.8166667,37345929.2,3237451.79,10198560.46,132.42,44.14,89,8.42,35,10853,3617.66666666667,10427,77,349,109,54.5,105,4,54.5,509,169.666666666667,468,20,21,274,91.3333333333333,249,6,19,0,0,0,0,0,413,137.666666666667,390,5,18,2,2,2,2,2,112,37.3333333333333,104,4,4,2,2,2,2,2,541,180.333333333333,510,6,25,57,19,51,3,3,8.665,8.7,8.63,8.665,0,0,0,0,0,0,0,0,0,0,0,0,0,0,0,0,0,0,0,0,0,0,0,0,0,0,0,0,0,0,0,0,0,0,0,0,0,0,0,0,0,0,0,0,0,6317873891,2105957963.80667,5284283420,492467609.4,541122862.5,7438,2479.33333333333,6907,206,325,0,0,0,0,0,1304,434.666666666667,1155,42,107,113,56.5,109,4,56.5,9,4.5,8,1,4.5,0,0,0,0,0
石油加工、炼焦和核燃料加工业,江苏省,2,,,,,1,,1,,1,1,,,,1,,,1,,,,,,,,,,,,,,,,,,,,,,,,,1817299718,908649859,1469828280,347471438,908649859,-15516482.62,-7758241.31,11458931,-26975413.62,-7758241.31,719,359.5,660,59,359.5,978818640.9,489409320.5,721630971.9,257187669,489409320.5,34.04,54.54,13.54,34.04,33875050.47,16937525.24,24959923.47,8915127,16937525.24,7.525,45.08,-30.03,7.525,-2347403.17,-1173701.585,26205219,-28552622.17,-1173701.585,-3.38,105.19,-111.95,-3.38,-64.13,-1.77,-126.49,-64.13,4.275,15.53,-6.98,4.275,3.455,3.49,3.42,3.455,0,0.89,-0.89,0,0,0,0,0,0,0,0,0,0,89,89,89,89,89,1.17,1.17,1.17,1.17,-8,-8,-8,-8,681257,340628.5,623210,58047,340628.5,19.1,9.55,18,1.1,9.55,271,135.5,142,129,135.5,0,0,0,0,0,38,19,23,15,19,28,14,19,9,14,0,0,0,0,0,28,14,17,11,14,0,0,0,0,0,9,4.5,7,2,4.5,0,0,0,0,0,42,21,25,17,21,11,5.5,8,3,5.5,13.39,13.39,13.39,13.39,0,0,0,0,0,0,0,0,0,0,0,0,0,0,0,0,0,0,0,0,0,0,0,0,0,0,0,0,0,0,0,0,0,0,0,0,0,0,0,0,0,0,0,0,0,848911972.4,424455986.2,801911133.4,47000839,424455986.2,461,230.5,246,215,230.5,0,0,0,0,0,110,55,56,54,55,0,0,0,0,0,0,0,0,0,0,0,0,0,0,0
化学纤维制造业,江苏省,11,,2,,,1,,7,1,7,,,4,5,,1,,,,,,,1,,,,,,,,,1,1,,2,,,,,,,,207819508016.76,18892682546.9782,166511735631.73,1429770504,2708038818,2743508147,249409831.587273,822389986.2,-188782191.1,83540874.87,40028,3638.90909090909,27405,366,1127,94352929020,8577539001.80727,63822363720,519895062.8,1994804487,35.7854545454545,99.06,6.13,33.5,2064426843,206442684.3,1601837438,9604032.39,45334252.17,22.9763636363636,93.54,-33.2,21.03,2977762927,270705720.609091,1055853802,-180503382.4,94604483.32,-2.828181818,156.13,-275.66,-17.34,3.70636363636364,192.98,-237.41,-18.56,24.098,160.72,-11.68,7.46,3.6,7.73,0.27,3.53,-0.155,2.77,-4.06,-0.135,143922.5,143922.5,143922.5,143922.5,143922.5,-91.62,-91.62,-91.62,-91.62,3545,354.5,2532,40,111,26.23,122.55,-12.5,8.255,13.4863636363636,97.73,-16.4,5.49,300285398.9,27298672.6281818,113129074.4,547591.3,8840646.9,1805,164.090909090909,789,17,34,1770,160.909090909091,512,24,124,21,7,17,2,2,196,19.6,56,1,16,283,25.7272727272727,93,3,23,0,0,0,0,0,310,28.1818181818182,120,1,11,4,2,2,2,2,136,15.1111111111111,50,1,9,4,2,2,2,2,208,26,100,4,12.5,39,5.57142857142857,16,2,4,11.378,19.4,5.33,10.08,0,0,0,0,0,0,0,0,0,0,0,0,0,0,0,1,1,1,1,1,0,0,0,0,0,0,0,0,0,0,0,0,0,0,0,0,0,0,0,0,0,0,0,0,0,143907817873.39,13082528897.5809,130814145126.88,134062481.5,952576273.1,3347,304.272727272727,680,57,229,0,0,0,0,0,785,71.3636363636364,169,11,72,21,7,17,2,2,8,1.6,3,1,1,0,0,0,0,0
家具制造业,江苏省,5,,,,,,,5,,1,1,,3,1,,,,1,,,,,,,,,,,,,,,,,3,,,,,,,,15546513893,3109302779,9075677314,364149432,2201903235,447474801.6,89494960.32,334117284.7,-91279189.65,51972665.72,13879,2775.8,7510,265,2275,11653602643,2330720529,8017242009,236879868.7,1462659269,39.832,66.23,13.34,37.56,268094472.7,53618894.54,97456964.64,10781654,53604623.79,-10.342,-1.5,-24.08,-8.53,564363842.6,112872768.5,386991416.8,-104789516.8,96819452.82,55.542,175.56,-44.05,12.47,53.95,180.8,-34.79,11.91,-8.658,14.31,-23.96,-14.23,3.922,6.68,1.14,3.91,0.256,1.75,-0.51,-0.36,0,0,0,0,0,0,0,0,0,1035,258.75,374,139,261,-4.48,-1.8,-6.3,-4.91,6.488,83.12,-17.85,-14.97,47154655.27,9430931.054,26555093.9,254035,6662675.45,136.61,27.322,49,1.61,25,2031,507.75,711,251,534.5,3,3,3,3,3,66,16.5,22,9,17.5,83,20.75,41,5,18.5,0,0,0,0,0,464,116,218,50,98,0,0,0,0,0,26,6.5,10,2,7,0,0,0,0,0,429,107.25,191,54,92,14,3.5,7,1,3,9.6375,12.19,5,10.68,0,0,0,0,0,0,0,0,0,0,0,0,0,0,0,0,0,0,0,0,0,0,0,0,0,0,0,0,0,0,0,0,0,0,0,0,0,0,0,0,0,0,0,0,0,8006674119,1601334824,6014479525,103944344,414779470.8,957,239.25,290,201,233,0,0,0,0,0,220,55,72,34,57,3,3,3,3,3,0,0,0,0,0,0,0,0,0,0
住宿和餐饮业,江苏省,1,,,,,1,,,,,,,1,,,,,,,,,,,,,,,,,,,1,,,,,,,,,,,4100516971,4100516971,4100516971,4100516971,4100516971,84706484.23,84706484.23,84706484.23,84706484.23,84706484.23,1589,1589,1589,1589,1589,1414841440,1414841440,1414841440,1414841440,1414841440,43.21,43.21,43.21,43.21,3208069.41,3208069.41,3208069.41,3208069.41,3208069.41,2.9,2.9,2.9,2.9,119754907.3,119754907.3,119754907.3,119754907.3,119754907.3,-15.64,-15.64,-15.64,-15.64,4.89,4.89,4.89,4.89,80.16,80.16,80.16,80.16,0.24,0.24,0.24,0.24,0.1,0.1,0.1,0.1,0,0,0,0,0,0,0,0,0,14,14,14,14,14,0,0,0,0,-3.22,-3.22,-3.22,-3.22,11579989.69,11579989.69,11579989.69,11579989.69,11579989.69,33,33,33,33,33,11,11,11,11,11,0,0,0,0,0,0,0,0,0,0,1,1,1,1,1,0,0,0,0,0,1,1,1,1,1,0,0,0,0,0,0,0,0,0,0,0,0,0,0,0,1,1,1,1,1,0,0,0,0,0,0.86,0.86,0.86,0.86,0,0,0,0,0,0,0,0,0,0,0,0,0,0,0,0,0,0,0,0,0,0,0,0,0,0,0,0,0,0,0,0,0,0,0,0,0,0,0,0,0,0,0,0,0,1775174004,1775174004,1775174004,1775174004,1775174004,1,1,1,1,1,0,0,0,0,0,3,3,3,3,3,0,0,0,0,0,0,0,0,0,0,0,0,0,0,0
木材加工和木、竹、藤、棕、草制品业,江苏省,2,,,,,,,2,,2,,,,2,,,,,,,,,,,,,,,,,,,,,,,,,,,,,13950963887,6975481944,9549628983,4401334904,6975481944,388810822.4,194405411.2,427733897,-38923074.67,194405411.2,8976,4488,6541,2435,4488,9335884239,4667942120,7362967612,1972916627,4667942120,44.785,58.9,30.67,44.785,168022960.3,84011480.17,130442739.2,37580221.14,84011480.17,-9.395,-2.96,-15.83,-9.395,478094823.8,239047411.9,498039742.9,-19944919.14,239047411.9,-74.8,-34.65,-114.95,-74.8,-97.04,-30.56,-163.52,-97.04,-4.455,7.43,-16.34,-4.455,1.83,1.9,1.76,1.83,0.04,0.16,-0.08,0.04,0,0,0,0,0,0,0,0,0,711,355.5,563,148,355.5,2.945,9.32,-3.43,2.945,-9.425,-6.48,-12.37,-9.425,55846602.61,27923301.31,28790332.14,27056270.47,27923301.31,79,39.5,43,36,39.5,1257,628.5,1039,218,628.5,7,7,7,7,7,132,66,109,23,66,195,97.5,169,26,97.5,0,0,0,0,0,92,46,85,7,46,0,0,0,0,0,33,16.5,28,5,16.5,0,0,0,0,0,72,36,67,5,36,12,6,10,2,6,7.195,8.67,5.72,7.195,0,0,0,0,0,0,0,0,0,0,0,0,0,0,0,0,0,0,0,0,0,0,0,0,0,0,0,0,0,0,0,0,0,0,0,0,0,0,0,0,0,0,0,0,0,5523603856,2761801928,2927836306,2595767550,2761801928,2598,1299,2021,577,1299,0,0,0,0,0,442,221,373,69,221,7,7,7,7,7,7,3.5,5,2,3.5,0,0,0,0,0
居民服务、修理和其他服务业,江苏省,0,,,,,,,,,,,,,,,,,,,,,,,,,,,,,,,,,,,,,,,,,,0,0,0,0,0,0,0,0,0,0,0,0,0,0,0,0,0,0,0,0,0,0,0,0,0,0,0,0,0,0,0,0,0,0,0,0,0,0,0,0,0,0,0,0,0,0,0,0,0,0,0,0,0,0,0,0,0,0,0,0,0,0,0,0,0,0,0,0,0,0,0,0,0,0,0,0,0,0,0,0,0,0,0,0,0,0,0,0,0,0,0,0,0,0,0,0,0,0,0,0,0,0,0,0,0,0,0,0,0,0,0,0,0,0,0,0,0,0,0,0,0,0,0,0,0,0,0,0,0,0,0,0,0,0,0,0,0,0,0,0,0,0,0,0,0,0,0,0,0,0,0,0,0,0,0,0,0,0,0,0,0,0,0,0,0,0,0,0,0,0,0,0,0,0,0,0,0,0,0,0,0,0,0,0,0,0,0,0,0,0,0,0,0,0,0,0,0,0,0,0,0,0,0,0,0,0,0,0,0,0,0,0,0,0,0,0,0,0,0,0,0,0,0,0,0,0,0,0,0
医药制造业,上海市,54,2,1,,,3,9,39,,5,28,,21,4,,,,22,5,,,,,1,1,,,,,,,2,1,4,13,,1,,,,,,478855377833.24,8867692182.09704,107163972957.38,981517314,3411626564,-14135715002,-261772500,3947466807,-2979238082,-101420956.1,140490,2650.75471698113,38367,22,765,160133198188.25,3268024452.82143,43951501772,6930233.7,825493358.9,28.8098148148148,119.2,2.64,19.88,40798081761,755520032.606111,5885006374,4083386.5,233654741,729.097555555555,23523.81,-88.19,13.1,-12241919936,-226702221,4656651459,-2758363315,-100044996.6,22.1135185185185,1735.26,-821.88,7.95,115.350740740741,3676.04,-827.87,6.94,3.55462962962963,172.33,-87.55,-1.545,555.857959183674,6339.07,1.53,22.65,-25288.09444,114.67,-1129314,-0.76,4335183209,361265267.386667,1583003526,130963.84,52379056.85,-9.803,171.4,-108,-12.695,22764,517.363636363636,3648,28,207,29.8433333333333,339.63,-77.6,9.59,10.6711320754717,99.19,-58.7,5.24,1394413415,27341439.5103922,378360152,41123,10545346,5489.03,101.648703703704,767,2.7,56,11230,244.130434782609,2459,1,97.5,949,27.1142857142857,115,1,11,2748,61.0666666666667,596,1,19,2786,73.3157894736842,875,1,15,0,0,0,0,0,938,27.5882352941176,214,1,9.5,175,7.29166666666667,30,1,3,448,14.9333333333333,81,1,4,175,7.29166666666667,30,1,3,844,24.8235294117647,208,1,12,210,7.24137931034483,39,1,3,32.8702272727273,93.26,5.65,30.24,0,0,0,0,0,0,0,0,0,0,4,1.33333333333333,2,1,1,1,1,1,1,1,0,0,0,0,0,0,0,0,0,0,0,0,0,0,0,0,0,0,0,0,0,0,0,0,0,182546514847.48,3380491015.69407,53055021973,35415025.86,897613400.2,36447,792.326086956522,8015,1,289,0,0,0,0,0,7158,155.608695652174,1709,1,53.5,951,27.1714285714286,118,1,11,4,2,3,1,2,0,0,0,0,0
化学原料和化学制品制造业,上海市,24,,1,1,,3,2,17,,8,2,,14,6,1,,1,2,,,,,,,,,,,,,,2,1,1,9,1,,,,,,,230472528900.23,9603022037.50958,70257212825,181346259,2731849287,6289788361,262074515.050417,2180469503,-901058237,59338282.92,69166,2881.91666666667,26313,90,982,1.78005E+11,7416867170.57083,87449081810,62198683,2163068226,42.8125,88.83,12.4,40.275,3778337694,164275551.893913,1027966593,23953785.91,97791070.2,-0.8,33.5,-34.02,-1.665,7810352949,325431372.880417,2684278068,-607979611,57629653.59,6.32583333333333,950.05,-171.34,-39.59,-10.775,563.01,-207.51,-33.735,-2.193913043,35.31,-47.72,-1.19,4.30695652173913,10.37,1.16,3.43,-0.414347826,2.12,-12.92,0.15,72614475.29,12102412.5483333,28363249.39,950442.37,10333427.77,-32.758,76.91,-105,-22.72,5533,251.5,999,64,168,8.97409090909091,43.5,-39.55,10.565,2.56869565217391,22.64,-36.17,2.99,1763040673,73460028.0433333,760840377.3,169056,7462594.935,1628.6,67.8583333333333,208,0.6,37.5,12398,539.04347826087,3030,4,287,216,16.6153846153846,74,1,11,2958,128.608695652174,748,1,93,1932,84,523,1,44,0,0,0,0,0,939,42.6818181818182,241,3,25,23,3.83333333333333,11,1,3,563,25.5909090909091,170,3,16,23,3.83333333333333,11,1,3,954,43.3636363636364,174,2,29,454,22.7,88,2,16,15.2231818181818,26.7,3.69,15.035,0,0,0,0,0,0,0,0,0,0,1,1,1,1,1,1,1,1,1,1,0,0,0,0,0,0,0,0,0,0,0,0,0,0,0,1,1,1,1,1,0,0,0,0,0,115589251258.16,4816218802.42333,43714217665,31242658,1369418086,28866,1255.04347826087,8810,3,848,0,0,0,0,0,6420,279.130434782609,1262,1,200,216,16.6153846153846,74,1,11,26,3.71428571428571,16,1,2,4,2,3,1,2
食品饮料业,上海市,20,1,1,,,3,5,10,,4,5,,11,3,,,,2,3,,,,,,1,,,,,,,3,1,2,5,,,,,,,,422252930002.36,21112646500.118,2.27943E+11,887048332.8,4026847383,15063962040,753198102,3362712838,2184273.38,248451474.5,226249,11312.45,64369,397,2374.5,476535031143.98,23826751557.199,2.57485E+11,483311182.5,3328343976,35.084,71.25,11.87,30.47,799599205.4,53306613.69,243946338,3974193,43314250,9.43,80.9,-11.57,6.045,20132685854,1006634293,4779952824,4671855.25,320149920.8,19.859,619,-57.25,-18.685,23.3825,756.63,-56.41,-21.67,7.94133333333333,31.89,-12.27,8.79,1.47266666666667,4.46,0.04,0.84,-0.01,0.5,-0.75,0,0,0,0,0,0,0,0,0,0,1549,110.642857142857,323,13,90,9.83583333333333,45.47,-26.66,10.025,6.3945,22.27,-6.52,4.48,1393445267,73339224.5857895,418510236,2064476.9,22285440.84,5168,258.4,2160,19,85,7112,355.6,1618,14,156,56,11.2,30,1,4,1385,76.9444444444444,569,1,17,972,51.1578947368421,371,1,20,0,0,0,0,0,343,20.1764705882353,84,2,6,4,4,4,4,4,142,10.9230769230769,75,1,4,4,4,4,4,4,448,26.3529411764706,133,1,14,209,16.0769230769231,82,1,3,5.27571428571429,14.3,0.94,2.07,0,0,0,0,0,0,0,0,0,0,1,1,1,1,1,0,0,0,0,0,0,0,0,0,0,0,0,0,0,0,0,0,0,0,0,0,0,0,0,0,0,0,0,0,0,232179785049.64,11608989252.482,1.3466E+11,105381500.4,961568712.2,13737,686.85,5216,6,188,0,0,0,0,0,3235,161.75,1219,1,43.5,56,11.2,30,1,4,10,2.5,4,2,2,0,0,0,0,0
专用设备制造业,上海市,48,2,1,,,2,6,37,,7,13,1,27,6,,,,10,3,,,,,,1,,,,1,,,2,1,3,20,,1,,,,,,327612524156.35,6825260919.92396,78213176031,313864998,2800317002,4123729747,85911036.4016667,1650088180,-3952604366,95207413.52,92793,1933.1875,9434,178,1155.5,132083804660.12,2751745930.41917,30191749128,21603387,1111462216,36.2279166666667,109.68,3.6,32.045,12383754127,257994877.650208,2898627962,7219599,103343317.2,42.379375,905.7,-34.19,15.705,6043815672,125912826.503333,1928249245,-3407104313,126896163.5,-497.7325,163.4,-21115.55,-9.19,-279.8608333,153.02,-8146.41,-3.765,60.3465957446808,1609.93,-59.25,24.49,91.3095833333333,3493.6,0.2,9.175,-316.23,13.81,-14702.18,0.28,875638299.6,54727393.724375,171996448,4329634,23652538.11,-0.855454545,101.46,-85.65,-8.9,14366,368.358974358974,3087,69,195,20.0655555555556,109,-38.85,15.785,19.9445652173913,125.44,-22.84,18.35,1612014409,33583633.5227083,335555799.2,1212723.45,13475067.44,6353.08,132.355833333333,1131,5.8,54.5,36185,753.854166666667,6393,16,362,1366,42.6875,409,1,8,6124,130.297872340426,1676,1,36,3420,72.7659574468085,785,2,23,0,0,0,0,0,3873,82.4042553191489,729,1,39,272,18.1333333333333,92,1,8,1733,41.2619047619048,399,1,11,272,18.1333333333333,92,1,8,3359,71.468085106383,605,3,32,887,21.6341463414634,350,1,7,23.2638461538461,51.11,3.7,20.93,0,0,0,0,0,0,0,0,0,0,7,1.16666666666667,2,1,1,0,0,0,0,0,0,0,0,0,0,0,0,0,0,0,0,0,0,0,0,0,0,0,0,0,0,0,0,0,0,167268547782.94,3484761412.14458,60090849736,54474266,912188885.5,75948,1582.25,14807,13,690.5,0,0,0,0,0,17113,356.520833333333,4041,3,136.5,1370,42.8125,406,1,8,12,1.71428571428571,4,1,1,0,0,0,0,0
信息传输、软件和信息技术服务业,上海市,73,2,5,,,4,5,57,,19,26,1,27,16,,1,1,24,1,,,,,1,1,,,,1,,,3,4,3,16,,1,,,,,,1282711003966.55,17571383615.9801,2.3712E+11,46872082.82,3541304591,11162661611,152913172.755616,31538043731,-7507650716,2594500.23,280077,3889.95833333333,32228,72,1584,543753593453.96,7448679362.38301,1.30558E+11,36002654.5,1995205771,38.933698630137,97.63,0.03,35.7,56866765356,836275961.114265,10384743345,2400397,139680762,0.0604109589041096,73.4,-65.93,0.89,13076870004,179135205.530959,30401999528,-8357943953,35806392,-114.2067123,375.14,-3974.8,-20.04,-258.5313699,456.36,-12994.19,-11.63,1519.80409090909,99540.03,-43.55,11.81,16.1580882352941,104.4,0.18,13.485,2.148,28.55,-8.56,0.57,1370850191,85678136.92,311742014.3,1389285.37,41102314.67,21.7993333333333,141.04,-29.35,22.2,53992,930.896551724138,7100,8,375,3.39566037735849,79.94,-75,6.37,-1.379444444,54.44,-64.86,-1.2,3487718833,54495606.7596875,618007746,13115,14355166.34,19105.44,261.718356164384,6632,0.52,92,52344,758.608695652174,18158,1,146,1801,90.05,497,1,9,11670,176.818181818182,3787,1,23,5089,79.515625,997,1,22.5,0,0,0,0,0,10107,171.305084745763,4134,1,20,349,49.8571428571429,164,1,4,8934,156.736842105263,3787,1,13,345,49.2857142857143,162,1,4,5495,105.673076923077,2119,2,11.5,4076,84.9166666666667,1695,1,7,39.6568965517241,85.71,2.07,36.145,0,0,0,0,0,0,0,0,0,0,5,1.25,2,1,1,4,1,1,1,1,0,0,0,0,0,0,0,0,0,0,0,0,0,0,0,0,0,0,0,0,0,0,0,0,0,518360582426.48,7100829896.25315,1.19349E+11,21493426.43,1047161264,158672,2299.59420289855,50248,5,341,0,0,0,0,0,43755,634.130434782609,16054,1,111,1797,89.85,495,1,9,43,2.6875,15,1,1.5,12,1.71428571428571,3,1,2
电力、热力、燃气及水生产和供应业,上海市,4,,1,,,1,,,2,,1,,3,,,,,,,,,,,,,,,1,,,,1,1,,,,,1,,,,,297713588956.75,74428397239.1875,160985051613.63,23245965583,56741285880,2125753175,531438293.8,1586623869,-256060429,397594867.6,15354,3838.5,6753,2655,2973,78935450205,19733862551.2475,39161140971,5768499934,17002904650.005,62.1475,72.67,57.5,59.21,1491174185,497058061.613333,1472415399,419838.38,18338947.46,12.41,27.83,4.04,8.885,3286983394,821745848.4,2481161083,-300539783.4,553181047.2,-7.5475,344.94,-168.64,-103.245,-43.6475,197.33,-169.21,-101.355,42.32,87.19,-8.62,48.39,1.24333333333333,3.73,0,0,0.585,1.17,0,0.585,1275122669,1275122669,1275122669,1275122669,1275122669,117.37,117.37,117.37,117.37,165,82.5,115,50,82.5,-46.265,-41.85,-50.68,-46.265,0.405,3.59,-1.48,-0.245,302554240.9,75638560.21,132009194,32331765.67,69106640.62,774,193.5,346,35,196.5,1136,284,925,14,98.5,0,0,0,0,0,209,52.25,189,1,9.5,101,25.25,84,2,7.5,0,0,0,0,0,169,84.5,142,27,84.5,0,0,0,0,0,90,45,77,13,45,0,0,0,0,0,127,63.5,98,29,63.5,30,15,28,2,15,1.725,1.84,1.61,1.725,0,0,0,0,0,0,0,0,0,0,1,1,1,1,1,1,1,1,1,1,0,0,0,0,0,0,0,0,0,0,0,0,0,0,0,0,0,0,0,0,0,0,0,0,0,196396367309.88,49099091827,116925630256.15,13725598657,32872569198.365,2135,533.75,1812,36,143.5,0,0,0,0,0,530,132.5,453,3,37,0,0,0,0,0,0,0,0,0,0,0,0,0,0,0
商业电气机械和器材制造业,上海市,17,,1,,,2,1,13,,8,,1,8,7,1,,,,,,,,,,,,,,1,,,1,1,1,5,,,,,,,,132580738883.98,7798866993.17529,35697337480,365243929.9,5704546738,7058784321,415222607.116471,3324348831,-1059700385,270141504.7,43318,2548.11764705882,11212,153,2041,88168006055,5186353297.32765,20644132163,132950060.8,3126680537,43.1388235294118,68.25,14.84,46.73,3823358066,224903415.632353,921441745,14449549.9,169988424.4,17.5523529411765,193.57,-27.34,6.95,8277388102,486905182.453529,3683712346,-1004568703,297918011.7,-31.03,319.49,-551.37,-6.68,-49.95882353,303.55,-725.33,-2.57,16.8076470588235,146.16,-44.02,4.41,5.34117647058823,10.82,0.43,5.66,-0.098823529,2.39,-3.04,0,27046113.26,9015371.08666667,13605496.61,335510.55,13105106.1,-33.195,5.51,-71.9,-33.195,8834,519.647058823529,2971,47,289,28.36875,280.4,-34.72,4.14,3.698125,64.79,-57.21,2.385,604456187.7,35556246.3329412,166738222.7,3436416.33,16669902.13,2739.3,161.135294117647,773,6.3,90,13075,769.117647058824,2343,60,446,124,10.3333333333333,30,1,7,1539,90.5294117647059,416,6,39,1337,78.6470588235294,262,5,36,0,0,0,0,0,1375,85.9375,222,6,65.5,5,1.25,2,1,1,473,31.5333333333333,81,1,15,5,1.25,2,1,1,1293,80.8125,397,7,45,225,15,68,1,5,21.7188235294118,44.52,3.2,19.18,0,0,0,0,0,0,0,0,0,0,3,1,1,1,1,0,0,0,0,0,0,0,0,0,0,0,0,0,0,0,0,0,0,0,0,2,1,1,1,1,0,0,0,0,0,66550016736,3914706866.81941,21728053664,70669291.63,2267707489,24462,1438.94117647059,5363,148,744,0,0,0,0,0,4730,278.235294117647,940,10,156,124,10.3333333333333,30,1,7,51,6.375,20,1,4.5,1,1,1,1,1
批发和零售业,上海市,41,,2,,,15,8,16,,4,17,,20,3,1,,,7,7,1,,,,2,,,,,,,,12,1,1,6,,,,,,,,1325220780356.41,32322458057.4734,3.64775E+11,13514285.76,3213565060,35768706488,872407475.308537,14345476461,-2467934614,52299024.06,860368,20984.5853658537,400077,23,1008,1518799193559.16,37043882769.7356,5.52148E+11,18688802.08,3241536284,61.6775609756098,520.03,5.1,52.96,7240125025,344767858.347619,2800235364,345679.53,17768142.04,-1.52195122,89.95,-80.76,-1.82,53635999984,1308195121.56927,20604411442,-2623650396,58098803.31,147.685121951219,6432.83,-349.74,3.5,-23.04875,224.17,-436.37,-0.93,147.86,2221.3,-49.1,11.31,1.0052380952381,4.13,0.03,0.4,0.193888888888889,1.36,-0.37,0.055,1376076196,688038098,688038537,688037659,688038098,33.3,33.3,33.3,33.3,5910,328.333333333333,1538,2,54.5,30.6641176470588,157.31,-34.01,12.5,0.449756097560975,71.38,-46.56,-4.69,32647707759,837120711.776154,29571598298,2008,17076957.74,5582.29,136.153414634146,1694,0.32,38,9144,326.571428571429,2477,1,30.5,195,39,89,1,10,1443,80.1666666666667,555,1,4.5,1225,81.6666666666667,508,1,6,0,0,0,0,0,791,56.5,345,1,17,24,6,10,1,6.5,255,23.1818181818182,61,1,14,24,6,10,1,6.5,843,60.2142857142857,363,1,4,191,17.3636363636364,69,1,4,7.88555555555556,41.65,0.3,3.245,0,0,0,0,0,0,0,0,0,0,1,1,1,1,1,0,0,0,0,0,0,0,0,0,0,0,0,0,0,0,0,0,0,0,0,0,0,0,0,0,0,0,0,0,0,837530517860.97,20427573606.3651,2.54706E+11,18083129,1283311232,14236,677.904761904762,5683,1,34,0,0,0,0,0,3376,153.454545454545,1277,1,10,195,39,89,1,10,7,1.75,4,1,1,0,0,0,0,0
金融业,上海市,42,,8,,,12,2,20,,1,26,,15,1,,,,17,2,3,,,,4,,,,,,,,8,5,,2,,,,,,,,49407138515341.2,1176360440841.46,12992419984856.0,2863964,59444344073,411609859691.01,9800234754.54786,92030054139,-1635811853,2645799144,711510,17353.9024390244,104590,12,4109,2154444570447.82,52547428547.5078,4.55372E+11,1084337.9,11134287886,3258.60547619047,134285.28,3.2,74.695,5440666694,388619049.549286,1345003755,9457372,239443972,-13.34707317,83.78,-93.57,-6.03,454099959616.63,10811903800.396,98215061894,-2016280978,2957267879,-44.48439024,371.34,-961.05,-25.91,5.69928571428571,1185.77,-283.26,-12.45,10.915,50.8,-40.57,13.15,9.91714285714285,94.88,0.3,3.275,6.97785714285714,89.72,-1.46,0.53,523290323.5,74755760.5042857,187261241,6150456,41493864.35,0.688333333333334,44.67,-61.36,0.32,8025,535,2120,5,349,0.393333333333333,48.5,-42.77,0.4,-0.307317073,77.22,-50,2.1,7784246413,228948423.914118,819745967.9,22347,178506180,26088.64,621.158095238095,3954,0.26,241,7699,274.964285714286,3574,1,62,81,27,44,2,35,1080,43.2,617,1,5,1120,50.9090909090909,731,1,14,0,0,0,0,0,814,38.7619047619048,385,1,16,4,2,3,1,2,740,35.2380952380952,381,1,12,4,2,3,1,2,376,20.8888888888889,157,1,6.5,269,16.8125,83,1,4,14.998,38.09,0.64,11.95,0,0,0,0,0,0,0,0,0,0,3,3,3,3,3,0,0,0,0,0,0,0,0,0,0,0,0,0,0,0,0,0,0,0,0,0,0,0,0,0,0,0,0,0,0,44405835055827.7,1057281787043.52,11956679423373.0,3251364.5,42725097566,21535,769.107142857143,11161,2,114,0,0,0,0,0,4532,167.851851851852,1899,1,28,81,27,44,2,35,15,3.75,9,1,2.5,19,2.71428571428571,6,2,2
汽车制造业,上海市,22,,1,,,2,1,18,,3,6,,13,2,,,1,6,,,,,,,,,,,,,,2,1,,10,,,,,,,,1428409468627.13,64927703119.415,990107356825.74,303533469,5013047878,3565190052,162054093.251818,22842639918,-14437179293,96508913.92,370857,16857.1363636364,215907,64,1994.5,1031503512293.84,46886523286.0836,720987593891.01,20406413,3472951720,41.285,71.25,0.1,43.42,53117664393,2529412590.15952,20866154583,12618856,169234832,10.4040909090909,36.36,-37.5,14.505,6003224054.12001,272873820.641818,26022250924,-15640662929,99510165.63,-31.43909091,77.74,-243.81,-20.915,-31.63954545,81.81,-254.4,-16.505,23.1214285714286,133.94,-16.02,12.73,7.84952380952381,37.4,1.19,4.62,0.661428571428571,9.25,-6.1,0.17,2840364555,1420182278,2835274135,5090420.56,1420182278,103.495,209.96,-2.97,103.495,73035,3651.75,34816,122,531,30.7941176470588,111.32,-3.3,17.83,13.5795238095238,76.01,-18.92,2.83,5091473467,254573673.3,3659336975,1999348,17068679.21,5842.41,265.564090909091,1657,0.41,48.5,29546,1343,11550,64,418,888,80.7272727272727,441,1,19,3592,171.047619047619,1494,2,27,2420,115.238095238095,825,2,23,0,0,0,0,0,1990,94.7619047619048,717,1,32,70,17.5,61,1,4,611,35.9411764705882,158,1,6,70,17.5,61,1,4,2173,103.47619047619,790,2,28,582,44.7692307692308,284,1,9,21.5555,72.8,6.92,16.535,0,0,0,0,0,0,0,0,0,0,8,4,7,1,4,1,1,1,1,1,0,0,0,0,0,0,0,0,0,0,0,0,0,0,0,0,0,0,0,0,0,0,0,0,0,932910113131.47,42405005142.3395,653807192798.09,4765902,1295180526,53912,2450.54545454545,18462,62,449,0,0,0,0,0,9770,465.238095238095,3286,10,66,889,80.8181818181818,444,1,19,87,17.4,66,1,2,2,2,2,2,2
金属冶炼和压延加工业,上海市,6,,1,,,,,5,,1,1,,4,1,,,,1,,,,,,,,,,,,,,,1,,3,,,,,,,,423630499195.16,70605083199.1933,3.98249E+11,1358574063,5940331777,14258086983,2376347830.43167,14028998590,-792685950,137990107.8,50830,8471.66666666667,44487,431,1627,391233407230.44,65205567872,367778230294.73,872399278,5943127056,41.3866666666667,58.32,31.83,39.435,17725514661,3545102932,17246037327,39976020.3,106346127,10.885,32.56,-2.72,4.2,16186839594,2697806599,15604388258,-706887110.4,238952590.5,-141.12,85.71,-894.59,-10.31,-200.5583333,73.58,-1188.94,-31.27,23.148,51.6,-9.59,23.82,3.844,4.95,2.02,4.52,0.102,1.55,-1.44,-0.03,0,0,0,0,0,0,0,0,0,8643,2160.75,8047,123,236.5,19.3725,62.6,1.97,6.46,1.23833333333333,6.46,-3.19,0.36,893080778.4,148846796.4,802001528,578989.1,21082194.35,1539.52,256.586666666667,1256,3.52,57,23358,3893,22579,9,190.5,461,230.5,460,1,230.5,7592,1265.33333333333,7506,7,19.5,4503,750.5,4396,8,20,0,0,0,0,0,841,168.2,748,17,20,48,48,48,48,48,660,132,624,2,7,48,48,48,48,48,1134,226.8,1036,15,28,873,291,857,8,8,15.805,18.15,13.93,15.57,0,0,0,0,0,0,0,0,0,0,7,7,7,7,7,1,1,1,1,1,0,0,0,0,0,0,0,0,0,0,0,0,0,0,0,0,0,0,0,0,0,0,0,0,0,192851915264.87,32141985877.4783,1.82373E+11,432918026.9,2750084710,89200,14866.6666666667,87826,111,281,0,0,0,0,0,13541,2256.83333333333,13250,8,77.5,469,234.5,468,1,234.5,25,25,25,25,25,11,11,11,11,11
交通运输、仓储和邮政业,上海市,29,,9,,,7,,12,1,,8,,21,,,,,5,,3,,,,,,,,,,,,7,6,,7,,,1,,,,,1686263654912.59,58147022583.1928,2.87984E+11,773645864.5,20130415183,-34072518874,-1174914444,17910170970,-40154055264,511657789.6,399155,13763.9655172414,80169,360,5516,503688206574.94,17368558847.4117,46111069682,343138103.2,14208973888,52.4013793103448,89.45,22.65,50.87,2223632863,111181643.2,630912553,247927.88,71114214,4.1751724137931,47.04,-31.36,3.98,-14738128496,-508211327.4,20588397099,-40144075123,706043145.2,-1973.667586,347.85,-57571.74,14.08,-288.4944828,360.52,-8240.83,13.18,33.0236842105263,398.51,-98.52,9.99,0.834,6.78,0.01,0.42,0.001578947368421,1.09,-1.68,0.02,203483135.6,25435391.95,98906634,448352.99,13004526.14,-28.89857143,63.51,-96.86,-42.14,7860,413.684210526316,2011,7,156,35.7723529411765,492.9,-36,2.38,-1.212413793,49.34,-26,-0.17,3442051846,137682073.8,619505882,320043,38431792.42,10903.63,375.98724137931,1483,1.63,155,1593,66.375,525,1,23,4,2,2,2,2,141,10.0714285714286,65,1,3,195,12.1875,95,1,2,0,0,0,0,0,193,10.1578947368421,43,1,7,2,1,1,1,1,93,5.8125,28,1,4,2,1,1,1,1,145,12.0833333333333,55,1,5,15,2.5,8,1,1,4.63894736842105,28.45,0.65,3.6,0,0,0,0,0,0,0,0,0,0,1,1,1,1,1,0,0,0,0,0,0,0,0,0,0,0,0,0,0,0,0,0,0,0,0,0,0,0,0,0,0,0,0,0,0,1090837333971.67,37615080481.7817,2.55641E+11,416101819.4,10794357811,3415,162.619047619048,1476,1,26,0,0,0,0,0,523,23.7727272727273,207,1,10,4,2,2,2,2,5,1.25,2,1,1,1,1,1,1,1
消费电子及电气业,上海市,12,,,,,1,1,10,,2,1,1,8,2,,,,1,,,,,,,,,,,1,,,1,,1,6,,,,,,,,69566966326,5797247193.87167,30893268210,478060094.6,3152480303,109332780.2,9111065.018,822539461.4,-1601791754,71773144.67,21797,1816.41666666667,6267,290,964.5,26070144772,2172512064.3075,7269979964,202063175.8,1207710988,30.0266666666667,48.8,7.03,32.565,2246614280,187217856.6,439782635.4,10733880.56,117657603.8,-0.444166667,35.73,-23.24,-7.89,414109374.4,34509114.5341667,1048147263,-1603277710,71770016.45,-2.858333333,273.43,-137.89,-14,-8.051666667,171.13,-129.76,-5.29,16.5175,52,-32.6,12.245,12.155,38.49,1.99,7.925,2.82416666666667,13.7,-1.3,0.58,259847392,259847392,259847392,259847392,259847392,1.9,1.9,1.9,1.9,3854,321.166666666667,957,53,216.5,10.6172727272727,54.13,-19,6.4,4.83,49.84,-34.1,0.78,252222890.3,21018574.1941667,68617096.37,1816626.1,13930847.95,1365.73,113.810833333333,352,5.04,61.5,13810,1255.45454545455,7890,97,641,867,123.857142857143,840,2,4,1352,122.909090909091,587,1,28,1014,92.1818181818182,552,1,28,0,0,0,0,0,1814,164.909090909091,1003,9,36,144,72,140,4,72,566,51.4545454545455,248,2,10,153,76.5,149,4,76.5,1619,147.181818181818,895,4,87,250,31.25,71,3,24.5,27.9558333333333,85.49,4.56,18.045,0,0,0,0,0,0,0,0,0,0,0,0,0,0,0,0,0,0,0,0,0,0,0,0,0,0,0,0,0,0,0,0,0,0,0,0,0,0,0,0,0,0,0,0,0,25979411769,2164950980.7225,15088138540,59681080.27,812841076.3,19978,1816.18181818182,8501,26,718,0,0,0,0,0,4915,446.818181818182,1823,9,161,875,125,848,2,4,6,2,3,1,2,0,0,0,0,0
房地产业,上海市,50,,2,,,14,9,25,,2,31,,17,2,,,,21,7,1,,,,2,,,,,,,,12,1,2,2,,,,,,,,4585703844616.82,91714076892.3364,1365321101716.24,36708291,34588118920,-40820505138,-816410102.8,4596807036,-14617292312,67437571.73,229328,4680.16326530612,70111,61,1065,994216986742.06,19884339734.8412,435519600682.94,11925658,5116523444,65.4026,187.92,-57.17,69.845,1865685021,310947503.563333,1595680482,4031598.68,68783915.89,-8.739,158.19,-73.35,-13.015,-2474008492,-49480169.85,10141322663,-13157520494,277119773.4,-87.5148,391.8,-650.95,-53.57,-203.2176,248.91,-3411.06,-68.24,13.49,53.72,-8.32,4.355,2.55666666666667,9.35,0.36,1.28,0.648333333333333,1.3,0.01,0.69,0,0,0,0,0,0,0,0,0,150,75,139,11,75,68.82,68.82,68.82,68.82,-15.97081633,86.5,-84.2,-14.9,2403321439,55891196.2604651,880131109.5,608,20370561.37,2921.99,58.4398,388,0.47,25,7081,472.066666666667,5617,2,30,25,6.25,11,2,6,577,64.1111111111111,386,1,2,760,76,472,1,31.5,0,0,0,0,0,914,114.25,775,3,14.5,0,0,0,0,0,213,26.625,171,1,6,0,0,0,0,0,1071,133.875,863,1,17,86,14.3333333333333,73,1,3,13.72,22.23,5.21,13.72,0,0,0,0,0,0,0,0,0,0,3,3,3,3,3,0,0,0,0,0,0,0,0,0,0,0,0,0,0,0,0,0,0,0,0,0,0,0,0,0,0,0,0,0,0,3644454923550.31,72889098471.0062,1201051544227.9,-16582853781,24677468545,10867,776.214285714286,6946,3,86,0,0,0,0,0,2236,186.333333333333,1571,2,38,25,6.25,11,2,6,3,1.5,2,1,1.5,0,0,0,0,0
采矿业,上海市,5,,1,,,,,4,,1,2,,2,1,,,,2,,,,,,,,,,,,,,,1,,1,,,,,,,,50924888569,10184977713.856,19340219349,7154518097,7801025537,1251472083,250294416.7,1722179858,-1197383992,145753179,21418,4283.6,13948,405,2446,26138970293,5227794059,12633873233,2045084895,3736071268,54.918,71.2,37.21,56.91,432378996.3,86475799.26,148975275,34818928.16,55067582,22.54,73.96,-25.86,24.4,2610771890,522154377.9,2262027890,-1175468582,695195259,-180.54,441.68,-1659.81,51.06,-22.072,585.05,-1186.75,205.2,12.778,135.2,-44.34,-11.89,2.42,4.67,0.25,2.54,-0.286,1.17,-2.57,-0.12,65650052.06,32825026.03,40377918.06,25272134,32825026.03,-52.19,-52.19,-52.19,-52.19,311,103.666666666667,138,72,101,-4.993333333,34.64,-35.37,-14.25,3.116,11.16,-6.52,3.52,45386202.76,9077240.552,14015693,3771719,11299129.4,218.71,43.742,100,2.71,33,2454,490.8,769,209,501,12,6,11,1,6,231,46.2,92,13,34,267,53.4,128,14,37,0,0,0,0,0,166,33.2,65,1,37,0,0,0,0,0,48,12,24,1,11.5,0,0,0,0,0,151,37.75,79,14,29,30,10,15,7,8,8.83,17.93,4.11,4.45,0,0,0,0,0,0,0,0,0,0,0,0,0,0,0,0,0,0,0,0,0,0,0,0,0,0,0,0,0,0,0,0,0,0,0,0,0,0,0,0,0,0,0,0,0,26051764304,5210352861,7202767762,3178295863,4856695733,4879,975.8,1556,578,944,0,0,0,0,0,672,134.4,260,52,116,12,6,11,1,6,0,0,0,0,0,0,0,0,0,0
非金属矿物制品业,上海市,4,,,,,1,2,1,,1,1,,2,,,,1,1,,,,,,,,,,,,,,1,,1,,,,,,,,,14604035131,3651008783,7847680230,1661146269,2547604316,-353522068.5,-88380517.13,52371137.44,-280887556.6,-62502824.69,5919,1479.75,3545,204,1085,6619827156,1654956789,4756045143,89069314,887356349.8,44.185,59.19,31.96,42.795,294302172.6,98100724.2133333,222789765.3,35392282.45,36120124.93,-7.09,2.3,-24.21,-3.225,-358709236.8,-89677309.19,43901365.19,-292028264.5,-55291168.71,-196.3225,64.1,-708.8,-70.295,-189.7475,64.53,-682.94,-70.29,7.54666666666667,28.28,-11.14,5.5,4.54333333333333,5.9,3.06,4.67,0.816666666666667,2.49,-0.19,0.15,0,0,0,0,0,0,0,0,0,870,290,470,182,218,14.9,44.09,-10.82,11.43,10.65,26.93,1.93,3.09,94031515.49,23507878.87,74306655.78,1217446,9253706.855,154.75,38.6875,71,0.75,41.5,1508,502.666666666667,923,144,441,2,1,1,1,1,107,35.6666666666667,58,10,39,122,40.6666666666667,68,9,45,0,0,0,0,0,85,28.3333333333333,48,14,23,0,0,0,0,0,30,10,20,4,6,0,0,0,0,0,86,28.6666666666667,36,19,31,13,4.33333333333333,7,1,5,17.1066666666667,23.13,13.3,14.89,0,0,0,0,0,0,0,0,0,0,0,0,0,0,0,0,0,0,0,0,0,0,0,0,0,0,0,0,0,0,0,0,0,0,0,0,0,0,0,0,0,0,0,0,0,6511635885,1627908971,3409269706,531397599,1285484290,1991,663.666666666667,1263,226,502,0,0,0,0,0,308,102.666666666667,166,36,106,2,1,1,1,1,0,0,0,0,0,1,1,1,1,1
通用设备制造业,上海市,12,,,,,6,2,4,,5,1,,6,3,,,2,,,,,,,1,,,,,,,,5,,,1,,,,,,,,700116944906.23,58343078742.1858,2.88021E+11,959025575.7,12877676125.515,-4415661217,-367971768.1,1533911874,-2313009785,-35813354.16,110664,9222,41798,417,2062.5,303053534536.58,25254461211.3817,1.17623E+11,303934594.5,6597384015,47.3158333333333,76.36,17.52,51.93,13154525986,1096210498.83833,5064008716,13993642.13,343257130.7,-15.82666667,9.54,-59.3,-10.94,-3614311802,-301192650.1,1629543652,-2024453789,-40471456.38,-64.09416667,81.38,-298.8,-44.83,-63.98333333,77.47,-306.38,-44.575,-6.978333333,13.44,-36.81,-6.725,5.00333333333333,7.52,3.3,4.855,0.5275,2.57,-0.95,0.25,217479274.3,54369818.58,79779411.43,36000148,50849857.45,-15.8875,11.48,-50.63,-12.2,11949,995.75,3791,47,446.5,11.9641666666667,41.12,-8.08,7.795,0.643333333333333,12.9,-14.42,1.035,2466523519,205543626.6,1012712445,1907538.24,38108078.15,1526,127.166666666667,622,20,67,33277,3025.18181818182,12491,131,1057,283,47.1666666666667,109,10,25,5539,503.545454545455,2200,5,110,4726,429.636363636364,1946,1,115,0,0,0,0,0,3128,284.363636363636,1144,7,72,10,2.5,3,1,3,1831,166.454545454545,725,3,23,10,2.5,3,1,3,2508,228,846,2,80,866,86.6,315,1,25,14.5358333333333,29.78,9.03,13.47,0,0,0,0,0,0,0,0,0,0,6,3,4,2,3,0,0,0,0,0,0,0,0,0,0,0,0,0,0,0,0,0,0,0,0,0,0,0,0,0,0,0,0,0,0,464436201232.73,38703016769.3942,1.93827E+11,168158804.5,7647729978,79130,7193.63636363636,33470,151,1290,0,0,0,0,0,16047,1458.81818181818,6355,43,359,291,48.5,109,10,25,59,7.375,37,1,2.5,3,1.5,2,1,1.5
半导体业,上海市,27,4,3,,1,3,2,14,,2,4,1,20,1,,,1,1,,,,,,2,,1,,,,1,,1,2,1,12,,3,,1,,,,877139265755.91,32486639472.4411,3.05104E+11,1145467027,4976019377,58137427514,2153238056.08111,16665152685,-425475069.5,312387556.7,91483,3388.25925925926,21695,126,1259,247438863786.89,9164402362.47741,49516065533,275492997.3,3538903167,24.8666666666667,63.33,1.84,23.23,22003461800,814943029.632963,4953025198,34787845,281106666.8,25.2677777777778,183.97,-36.14,10.44,61260657270,2268913232.23704,20435411982,-274582178,363416782.2,70.1537037037037,1307.4,-565.5,26.75,95.3522222222223,2119.8,-511.84,30.84,35.6162962962963,114.17,-28.84,32.19,14.0833333333333,40.35,0.27,12.62,1.70296296296296,20.45,-7.38,0.76,937478330.2,468739165.1,722128096.2,215350234,468739165.1,54.125,66.52,41.73,54.125,17564,675.538461538462,2325,59,422.5,22.5116666666667,61.9,-42.61,23.385,22.8276923076923,132.09,-32.72,20.4,4384125725,162375026.838519,1938975260,4137810.4,27362377.52,9586,355.037037037037,2113,28,146,46556,1790.61538461538,15240,36,350,269,14.1578947368421,76,1,8,24404,938.615384615385,8949,3,112.5,11536,443.692307692308,3966,2,58,0,0,0,0,0,1352,52,368,1,30,13,4.33333333333333,10,1,2,958,39.9166666666667,366,2,18,13,4.33333333333333,10,1,2,1390,55.6,266,1,26,950,38,256,1,11,42.5284615384615,89.3,10.71,44.585,0,0,0,0,0,0,0,0,0,0,0,0,0,0,0,0,0,0,0,0,0,0,0,0,0,0,0,0,0,0,0,0,0,0,0,0,0,0,0,0,0,0,0,0,0,293623358164.98,10874939191.2956,1.03399E+11,41662710.9,957716500.1,150887,5803.34615384615,52458,20,1050.5,0,0,0,0,0,39927,1535.65384615385,13449,24,216,269,14.1578947368421,76,1,8,14,7,8,6,7,0,0,0,0,0
建筑业,上海市,13,,2,,,4,1,6,,1,2,,10,1,,,,2,,,,,,,,,,,,,,4,2,1,3,,,,,,,,809818326817.25,62293717447.4808,366803680475.26,726764698.1,6031799419,7063825349,543371180.709231,2993361576,-1194229432,156793055.4,120506,10042.1666666667,51310,58,1269,4.94491E+11,38037756274.4385,286036641495.86,109277236,2754618751,63.9684615384615,100.41,15.72,72.1,15741265044,1311772086.97667,10184895027,7880268,72957544.67,43.5338461538462,688.42,-61.83,1.78,8672225954,667094304.119231,3833680190,-1092912833,190715227.2,-285.1292308,547.63,-4224.64,4.9,-735.7492308,444.73,-10066.22,6.67,52.685,609.49,-55.88,5.625,3.75583333333333,8.46,0.99,3.355,0.617272727272727,4.9,-1.23,0.17,263482298.5,87827432.8233333,208368968.6,6479039.96,48634289.92,12.005,45.4,-21.39,12.005,21744,2174.4,9961,27,348,7.892,90,-21.88,-0.68,4.6925,89.81,-56.37,4.885,984621718.4,82051809.87,626498382.8,1154591,16362798.4,1262.7,97.1307692307692,252,3.8,70,22431,2039.18181818182,15183,22,369,93,15.5,70,1,5,3092,281.090909090909,2158,1,41,3002,300.2,2112,4,97,0,0,0,0,0,2798,279.8,1741,3,33.5,15,5,13,1,1,1410,141,990,1,6.5,15,5,13,1,1,1895,172.272727272727,1075,4,35,451,50.1111111111111,322,1,4,17.4666666666667,32.22,4.4,16.68,0,0,0,0,0,0,0,0,0,0,22,5.5,13,1,4,5,1.66666666666667,2,1,2,0,0,0,0,0,0,0,0,0,0,0,0,0,0,0,0,0,0,0,0,0,0,0,0,0,660607533815.52,50815964139.6554,315723510031.08,293050457.5,6121511385,43345,3940.45454545455,29514,6,926,0,0,0,0,0,10983,998.454545454545,8104,11,168,93,15.5,70,1,5,28,4.66666666666667,12,1,4,1,1,1,1,1
铁路、船舶、航空航天和其他运输设备制造业,上海市,3,,1,,,1,,1,,,,,3,,,,,,,,,,,,,,,,,,,1,1,,1,,,,,,,,166378636280.66,55459545426.8867,162437558370.41,920114319,3020963591,470898010,156966003.326667,872450670.1,-314712574.8,-86840085.3,18286,6095.33333333333,15978,621,1687,62095093823,20698364608,59557720688,927482017.3,1609891118,45.1133333333333,68.96,29.5,36.88,3125215737,1041738579.13333,3078484641,20439940.84,26291155.56,2.12333333333333,28.45,-21.78,-0.3,45405573,15135191,411958451.9,-301974916.6,-64577962.31,-176.8833333,65.1,-334.77,-260.98,-203.1233333,270.28,-462.51,-417.14,-11.98,-2.24,-25.66,-8.04,3.06,5.12,1.25,2.81,-0.653333333,0.15,-2.01,-0.1,6239382,6239382,6239382,6239382,6239382,-78.56,-78.56,-78.56,-78.56,4276,1425.33333333333,4010,112,154,3.61,10.67,-7.1,7.26,-7.243333333,10.54,-19.18,-13.09,789361067.3,263120355.8,781702532.2,-263022.78,7921557.87,1568,522.666666666667,1477,37,54,8877,2959,8105,274,498,191,191,191,191,191,1564,521.333333333333,1519,21,24,1456,485.333333333333,1373,22,61,0,0,0,0,0,1451,483.666666666667,1412,16,23,3,3,3,3,3,1212,404,1204,3,5,3,3,3,3,3,728,242.666666666667,713,7,8,440,220,439,1,220,17.8233333333333,25.1,9.23,19.14,0,0,0,0,0,0,0,0,0,0,0,0,0,0,0,0,0,0,0,0,0,0,0,0,0,0,0,0,0,0,0,0,0,0,0,1,1,1,1,1,0,0,0,0,0,113188535920.01,37729511973.3367,111958232430.32,339256978.4,891046511.3,10647,3549,9697,176,774,0,0,0,0,0,5189,1729.66666666667,5039,57,93,199,199,199,199,199,25,8.33333333333333,15,2,8,3,3,3,3,3
水利、环境和公共设施管理业,上海市,6,,,,,1,,5,,2,,,4,2,,,,,,,,,,,,,,,,,,1,,,3,,,,,,,,40324209850,6720701642,29000774020,709003408.7,2745376199,284707342.3,47451223.72,623751098.2,-408659516.1,33222197.45,6095,1015.83333333333,3064,89,701,8246752402,1374458733.63833,6285510257,154074934.3,434304143.8,38.795,97.38,6.86,26.755,235428789.9,39238131.66,102271481,16524395.85,30070821.88,2.03333333333333,93.5,-55.38,-1.75,469615418.7,78269236.4483333,727609573,-335579241.3,35361504.38,-45.64333333,74.64,-280.2,-17.915,-48.72166667,70.52,-286.23,-16.82,-9.328333333,9.95,-57.12,-2.29,7.055,12.01,1.69,6.21,-2.033333333,5.61,-22,-0.08,592424.48,592424.48,592424.48,592424.48,592424.48,0,0,0,0,817,136.166666666667,437,25,94.5,12.304,23.65,-10.72,21.65,-7.875,9.1,-50.77,-1.55,49227636.93,8204606.155,25395736.2,32028.93,2533890.495,235,39.1666666666667,108,16,27,1260,210,409,76,177.5,5,2.5,4,1,2.5,178,29.6666666666667,62,13,16.5,133,22.1666666666667,37,4,24.5,0,0,0,0,0,139,23.1666666666667,67,1,17,0,0,0,0,0,68,11.3333333333333,30,1,8,0,0,0,0,0,105,21,44,1,23,22,5.5,13,2,3.5,15.0116666666667,28.02,9.71,13.3,0,0,0,0,0,0,0,0,0,0,0,0,0,0,0,1,1,1,1,1,0,0,0,0,0,0,0,0,0,0,0,0,0,0,0,0,0,0,0,0,0,0,0,0,0,22090105798,3681684299.72667,16966810036,48860888.58,637287360.6,2422,403.666666666667,700,93,380,0,0,0,0,0,536,89.3333333333333,180,43,69,5,2.5,4,1,2.5,4,1.33333333333333,2,1,1,1,1,1,1,1
科学研究和技术服务业,上海市,18,1,1,,,2,,14,,9,,,9,6,1,1,,,,,,,,,1,,,,,,,1,,,8,,,,,,,,53968531498,2998251749.87778,15523545960,795955592.2,2191631532,1598708932,88817162.8661111,443970534,-178613272.1,73010079.7,35032,1946.22222222222,10901,202,875.5,24759746636,1375541479.79833,8039662491,133938244.5,493521066,28.4316666666667,72.83,6.2,19.875,1544841071,85824503.9622222,375266970.1,16079808.17,40430594.56,3.71555555555556,42.13,-60.77,9.345,1735284554,96404697.4538889,439538500.9,-180811781.7,81556614.83,-107.2905556,80.58,-1178.3,-8.68,-141.5616667,74.43,-1820.81,-3.45,35.6433333333333,94.87,-21.1,35.105,9.60777777777778,21.7,3.78,7.585,2.54555555555556,12.08,-0.7,2.36,54834147.99,18278049.33,24678443.94,6141475.63,24014228.42,42.0033333333333,104.84,9.93,11.24,13908,772.666666666667,3497,43,285,29.81,129.7,-46.2,20.73,20.1116666666667,121.67,-50.58,13.64,248131003.6,13785055.7533333,67081336.81,3726120.82,9403725.785,905,50.2777777777778,102,16,48.5,4910,288.823529411765,2018,33,112,50,10,16,2,11,686,40.3529411764706,159,1,29,695,40.8823529411765,233,1,22,0,0,0,0,0,562,35.125,265,2,14,7,3.5,6,1,3.5,239,17.0714285714286,118,1,5,7,3.5,6,1,3.5,497,31.0625,184,2,16.5,114,8.14285714285714,20,2,6.5,39.6855555555556,96.01,14.62,26.62,0,0,0,0,0,0,0,0,0,0,4,4,4,4,4,1,1,1,1,1,0,0,0,0,0,0,0,0,0,0,0,0,0,0,0,1,1,1,1,1,0,0,0,0,0,22466532945,1248140719.19278,10638649133,131566038.7,303313352.1,9019,530.529411764706,3255,26,167,0,0,0,0,0,2139,125.823529411765,816,6,58,50,10,16,2,11,15,7.5,13,2,7.5,2,2,2,2,2
纺织鞋服业,上海市,13,,,,,3,2,8,,2,5,,6,2,,,,3,2,,,,,,,,,,,,,3,,,3,,,,,,,,75712778147,5824059857.46692,26151244683,49344551,1702889233,1689324530,129948040.789231,2156384433,-822819611.4,37433150,64939,4995.30769230769,30243,55,1472,66188044170,5091388013.07538,23805397642,96070285,1439350721,46.1438461538461,95.1,17.16,39.8,490652557.5,70093222.4971429,184841028.7,24270406.82,56581930.75,-6.263076923,18.15,-45.46,-3.52,3021088872,232391451.706923,2826375293,-820422861.8,42261068.5,-45.33307692,358.98,-269.46,-57.1,-43.48,359.19,-267.86,-69.43,0.802857142857143,30.93,-26.39,6.87,2.58857142857143,4.17,1.36,2.54,0.411666666666667,0.93,-0.02,0.325,4569040.32,4569040.32,4569040.32,4569040.32,4569040.32,-47.81,-47.81,-47.81,-47.81,1331,190.142857142857,419,59,146,-8.52,8.62,-42.71,0.82,-3.270769231,20.4,-58.99,-3.5,643866310.6,49528177.7346154,309581445,304699.73,15410648.69,689.54,53.0415384615385,336,0.28,37,5032,503.2,2493,19,300.5,3,1.5,2,1,1.5,237,29.625,58,4,25.5,385,42.7777777777778,144,1,39,0,0,0,0,0,455,65,258,12,35,0,0,0,0,0,49,8.16666666666667,14,3,8.5,0,0,0,0,0,427,53.375,234,6,33.5,24,4.8,14,1,3,8.22571428571429,12.46,4.45,8.45,0,0,0,0,0,0,0,0,0,0,0,0,0,0,0,0,0,0,0,0,0,0,0,0,0,0,0,0,0,0,0,0,0,0,0,0,0,0,0,0,0,0,0,0,0,38938019287,2995232252.82231,16049885423,46929434,748992470.2,4018,446.444444444444,1159,4,311,0,0,0,0,0,676,75.1111111111111,230,1,59,3,1.5,2,1,1.5,3,1.5,2,1,1.5,0,0,0,0,0
通信传输设备业,上海市,7,,,,,,3,4,,3,,,4,3,,,,,,,,,,,,,,,,,,,,3,1,,,,,,,,71747025559,10249575079.8171,38574489213,1959661232,5231848245,4211813304,601687614.787143,3059980264,-251504308.7,171465250.6,34892,4984.57142857143,23787,509,1260,92311239262,13187319894.6171,68516054346,400615891.2,2236249614,37.9842857142857,63.75,10.21,35.76,5498831830,785547404.215714,2034462191,113362170.6,407992901.7,8.75714285714286,29.61,-45.03,17.5,4597471309,656781615.537143,3460808169,-247488159.4,179327714.8,44.4757142857143,171.6,-72.69,56.66,46.0585714285714,159.94,-63.55,57.32,14.9571428571429,30.58,-9.19,21.14,21.3185714285714,49.82,2.92,11.36,3.25833333333333,19.72,-1.18,0.43,200293140.1,100146570,137619234.9,62673905.16,100146570,3.485,17.07,-10.1,3.485,10023,1431.85714285714,4521,294,578,16.9242857142857,50.83,6.71,12.48,13.1028571428571,44.41,-4.09,11.02,235054778.5,33579254.07,68213035.62,10485207.37,21579304.96,1283,183.285714285714,336,56,164,3081,440.142857142857,874,90,476,94,13.4285714285714,46,1,7,554,79.1428571428571,200,22,61,610,87.1428571428571,219,6,70,0,0,0,0,0,391,55.8571428571429,169,14,37,16,5.33333333333333,8,2,6,219,31.2857142857143,99,5,16,16,5.33333333333333,8,2,6,288,41.1428571428571,91,3,18,103,14.7142857142857,31,3,13,53.4585714285714,89.23,11.45,58.2,0,0,0,0,0,0,0,0,0,0,1,1,1,1,1,0,0,0,0,0,0,0,0,0,0,0,0,0,0,0,0,0,0,0,0,0,0,0,0,0,0,0,0,0,0,35922199418,5131742774.04857,22824677060,272119146.8,1438159956,9572,1367.42857142857,4354,254,735,0,0,0,0,0,1745,249.285714285714,501,89,217,94,13.4285714285714,46,1,7,1,1,1,1,1,2,1,1,1,1
金属制品业,上海市,3,,1,,,,1,1,,,1,,2,,,,,,1,,,,,,,,,,,,,,1,,1,,,,,,,,11537016929,3845672310,8299354269,699456774.2,2538205886,341681664.9,113893888.3,280415671.8,-9267188.7,70533181.78,1823,607.666666666667,1367,222,234,10977428759,3659142920,8543375666,152405418.6,2281647674,41.6733333333333,63.72,8.96,52.34,14761694.99,14761694.99,14761694.99,14761694.99,14761694.99,5.86,22.6,-2.92,-2.1,477815860.5,159271953.483333,332987245.6,-10326622.65,155155237.5,-33.44333333,123.1,-230.46,7.03,-192.7633333,33.99,-609.07,-3.21,-70.94,-70.94,-70.94,-70.94,0.1,0.1,0.1,0.1,-0.55,-0.55,-0.55,-0.55,0,0,0,0,0,0,0,0,0,79,79,79,79,79,11.24,11.24,11.24,11.24,-1.836666667,1.34,-3.84,-3.01,15443277.01,5147759.00333333,14631596.51,75281,736399.5,100.3,33.4333333333333,82,2.3,16,301,150.5,236,65,150.5,0,0,0,0,0,17,8.5,13,4,8.5,16,8,10,6,8,0,0,0,0,0,10,10,10,10,10,0,0,0,0,0,5,5,5,5,5,0,0,0,0,0,24,24,24,24,24,0,0,0,0,0,5.74,5.74,5.74,5.74,0,0,0,0,0,0,0,0,0,0,0,0,0,0,0,0,0,0,0,0,0,0,0,0,0,0,0,0,0,0,0,0,0,0,0,0,0,0,0,0,0,0,0,0,0,6024554261,2008184753.66333,4344407856,62536490.79,1617609914,412,206,303,109,206,0,0,0,0,0,46,23,40,6,23,0,0,0,0,0,3,3,3,3,3,0,0,0,0,0
文化、体育和娱乐业,上海市,11,,,1,,2,1,7,,2,5,,4,2,,,,4,1,,,,,,,,,,,,,2,,,1,1,,,,,,,38431514915,3493774083.20545,10210980756,808788158.3,2905965066,-2503205119,-227564101.8,84557162,-1408856397,-64091536.7,9684,880.363636363636,3067,99,420,11652106131,1059282375.56636,3310083356,258304446,873426645,35.9427272727273,73.75,10.34,32.95,136909980.5,34227495.14,71803329.03,8801759,28152446.26,-22.43909091,6.04,-67.71,-22.49,-2446045419,-222367765.3,104355985,-1418381742,-61460582.71,-339.1527273,135.81,-1388.87,-219.44,-559.5645455,121.03,-2550.48,-254.1,-10.365,11,-27.64,-12.41,3.6675,5.19,0.28,4.6,0.295,0.9,-0.05,0.165,0,0,0,0,0,0,0,0,0,252,126,185,67,126,-20.995,-10.64,-31.35,-20.995,-8.493636364,9.2,-28.58,-5.61,194222770.6,17656615.5072727,54088392,475830.29,12304141,940.8,85.5272727272727,392,5.8,50,304,50.6666666666667,199,2,17.5,0,0,0,0,0,11,3.66666666666667,5,3,3,19,4.75,12,2,2.5,0,0,0,0,0,34,17,21,13,17,0,0,0,0,0,3,3,3,3,3,0,0,0,0,0,47,11.75,28,1,9,4,1.33333333333333,2,1,1,13.77,15.66,11.88,13.77,0,0,0,0,0,0,0,0,0,0,0,0,0,0,0,0,0,0,0,0,0,0,0,0,0,0,0,0,0,0,0,0,0,0,0,0,0,0,0,0,0,0,0,0,0,17107407233,1555218839.32364,7534596296,152592094.5,902297627,412,68.6666666666667,195,10,36.5,0,0,0,0,0,48,8,28,2,3,0,0,0,0,0,0,0,0,0,0,0,0,0,0,0
橡胶和塑料制品业,上海市,10,,,,,,1,9,,7,,,3,7,,,,,,,,,,,,,,,,,,,,1,2,,,,,,,,32369872067,3236987207,8608273640,345052463.9,1623072378,679628087.1,67962808.71,363498504.8,-355783818.6,48148818.11,11714,1171.4,3499,102,642.5,21569159606,2156915961,6758480597,129529881.5,1076456122,35.749,73.15,10.2,28.025,1056549786,105654978.6,357708446.8,5058279.76,45271779.71,-2.078,70.9,-35.5,-8.225,749033013.6,74903301.36,424207431.5,-371781283.4,44977089.5,13.982,512.2,-669.82,-5.45,51.509,930.1,-678.57,-3.165,2.012,88.81,-45.82,1.225,4.747,5.96,3.15,4.92,0.148,1.31,-1.4,0.425,14334.77,14334.77,14334.77,14334.77,14334.77,-24.7,-24.7,-24.7,-24.7,1966,196.6,572,14,102.5,13.4455555555556,102.5,-36.55,-1.81,6.362,121.05,-37.8,-7.17,145375434.9,14537543.49,57079855.3,729101.95,7083969.965,495,49.5,142,15,29.5,3088,308.8,1418,126,196.5,21,7,9,3,9,595,59.5,310,2,29,1082,120.222222222222,723,11,52,0,0,0,0,0,292,29.2,84,7,20.5,0,0,0,0,0,144,16,77,1,6,0,0,0,0,0,230,23,47,10,20,60,12,32,1,5,16.893,27.4,10.04,16.235,0,0,0,0,0,0,0,0,0,0,0,0,0,0,0,0,0,0,0,0,0,0,0,0,0,0,0,0,0,0,0,0,0,0,0,0,0,0,0,0,0,0,0,0,0,15000184149,1500018415,5500139473,74981384.33,411929098.4,12606,1260.6,7934,80,492,0,0,0,0,0,2190,219,1355,10,104,21,7,9,3,9,3,1,1,1,1,0,0,0,0,0
租赁和商务服务业,上海市,15,1,,,,3,,11,,3,7,,5,2,1,,,6,,,,,,,,1,,,,,,2,,,3,,,,,,,,296323729026.83,19754915268.4553,1.29482E+11,612171855,3153041812,991517440.5,66101162.7006667,857803132.4,-711242641,48481436.76,50815,3387.66666666667,18146,73,872,45322313936,3021487595.71867,14138384017,36482481,881744023.9,52.2073333333333,143.21,-47.1,51.89,369689512.7,30807459.3883333,90655359,588433,27139439.96,-7.291333333,19.05,-45.86,-8.89,2929922789,195328185.920667,1678627860,-621244693,59733020.01,-58.10933333,116.21,-465.99,-41.34,-67.49733333,117.91,-476.73,-31.29,633.741,6330.19,-23.68,-3.3,1.43,3.83,0.05,0.745,0.069,0.98,-0.91,0.085,20270115.1,10135057.55,12522418.6,7747696.5,10135057.55,5122.29,10251.79,-7.21,5122.29,670,83.75,202,6,92.5,12.96,63.68,-49.14,21.87,-5.741333333,33.27,-28.28,-8.43,387963412.7,27711672.3342857,159811717.7,17660,5501646.675,723.49,48.2326666666667,196,0.5,22,589,65.4444444444444,160,2,37,10,3.33333333333333,6,1,3,54,7.71428571428571,27,1,3,37,6.16666666666667,15,2,5,0,0,0,0,0,31,6.2,11,1,8,0,0,0,0,0,10,3.33333333333333,8,1,1,0,0,0,0,0,41,8.2,14,1,9,2,2,2,2,2,4.45875,13.3,0.46,2.765,0,0,0,0,0,0,0,0,0,0,0,0,0,0,0,0,0,0,0,0,0,0,0,0,0,0,0,0,0,0,0,0,0,0,0,0,0,0,0,0,0,0,0,0,0,164232157601.39,10948810506.7593,71479789296,-357650623,1635421739,1074,119.333333333333,411,11,81,0,0,0,0,0,211,23.4444444444444,61,1,5,10,3.33333333333333,6,1,3,0,0,0,0,0,0,0,0,0,0
农、林、牧、渔业,上海市,2,,,,,1,,1,,1,,,1,1,,,,,,,,,,,,,,,,,,1,,,,,,,,,,,7506480216,3753240108,4072031984,3434448232,3753240108,-284402171.7,-142201085.8,109712491.4,-394114663.1,-142201085.8,3230,1615,2042,1188,1615,4261350259,2130675130,2320433991,1940916269,2130675130,49.045,60.05,38.04,49.045,7973076.62,3986538.31,7493048.62,480028,3986538.31,5.23,12.4,-1.94,5.23,-254550194,-127275097,120577529.6,-375127723.6,-127275097,-29.58,-9.11,-50.05,-29.58,-28.81,-13.1,-44.52,-28.81,-44.74,-44.74,-44.74,-44.74,0.21,0.37,0.05,0.21,-0.32,-0.32,-0.32,-0.32,0,0,0,0,0,0,0,0,0,19,19,19,19,19,35.73,35.73,35.73,35.73,9.535,19.56,-0.49,9.535,86958156.92,43479078.46,72662757.17,14295399.75,43479078.46,61,30.5,38,23,30.5,156,156,156,156,156,0,0,0,0,0,25,25,25,25,25,39,39,39,39,39,0,0,0,0,0,10,10,10,10,10,0,0,0,0,0,0,0,0,0,0,0,0,0,0,0,12,12,12,12,12,0,0,0,0,0,0.94,0.94,0.94,0.94,0,0,0,0,0,0,0,0,0,0,1,1,1,1,1,1,1,1,1,1,0,0,0,0,0,0,0,0,0,0,0,0,0,0,0,0,0,0,0,0,0,0,0,0,0,3753553164,1876776582,2446197867,1307355297,1876776582,487,487,487,487,487,0,0,0,0,0,63,63,63,63,63,0,0,0,0,0,0,0,0,0,0,0,0,0,0,0
仪器仪表制造业,上海市,7,,,,,,,7,,3,1,2,1,3,,,,1,,,,,,,,,,,2,,,,,,1,,,,,,,,6003851489,857693069.848571,1576654581,130132062.4,894013998.7,406772927.6,58110418.2271429,170586478.1,-15202008.56,64957166.7,2752,393.142857142857,768,24,336,2751807774,393115396.218571,1018588464,100467724.2,317996248.5,23.3214285714286,45.99,4.52,23.52,494496554.7,70642364.95,224643877.1,8683722.75,46534476.55,-18.96571429,0.32,-39.7,-22.87,425589970.4,60798567.1957143,184075231.4,-20112932.38,69463592.05,-56.12857143,24.4,-172.42,-47.79,-48.14285714,21.4,-161.94,-45.1,1051.41714285714,7292.5,-8.74,15.5,20.6314285714286,70.63,5.83,11.84,9.80857142857143,31.4,-0.15,1.98,156871283.5,156871283.5,156871283.5,156871283.5,156871283.5,109.26,109.26,109.26,109.26,854,142.333333333333,402,23,103,25.5966666666667,104.06,0.7,10.06,1.31285714285714,18.83,-36.87,8.89,55768573.94,9294762.32333333,19382888.58,905997.17,8299976.64,224.96,32.1371428571429,81,0.96,16,2302,328.857142857143,1223,4,179,9,4.5,7,2,4.5,171,28.5,86,4,14,108,18,39,2,14,0,0,0,0,0,399,66.5,254,4,36,3,3,3,3,3,196,39.2,124,1,30,3,3,3,3,3,255,42.5,136,3,27,33,11,21,3,9,46.3133333333333,95.88,15.71,39.925,0,0,0,0,0,0,0,0,0,0,0,0,0,0,0,0,0,0,0,0,0,0,0,0,0,0,0,0,0,0,0,0,0,0,0,0,0,0,0,0,0,0,0,0,0,1302677280,186096754.345714,429600823.5,30626444.6,167143651,2515,359.285714285714,937,12,137,0,0,0,0,0,747,106.714285714286,302,1,31,9,4.5,7,2,4.5,0,0,0,0,0,0,0,0,0,0
造纸和纸制品业,上海市,4,,,,,,1,3,,2,1,,1,1,,,1,1,,,,,,,,,,,,,,,,,1,,,,,,,,7485012466,1871253116.5025,2907120222,1000062303,1788914971,104735877.3,26183969.33,104922286.5,-57714864.09,28764227.47,5058,1264.5,1764,897,1198.5,5504644824,1376161206,2178401646,793039709.2,1266601735,40.62,64.12,26.88,35.74,135544788.8,45181596.2766667,67386715.8,28479901.49,39678171.54,-2.2925,8.89,-9.26,-4.4,156338992.4,39084748.1,117618913,-43756186.5,41238132.94,-53.4575,54.11,-204.3,-31.82,-33.8225,68.55,-129.76,-37.04,42.2166666666667,108.41,4.4,13.84,3.94,4.72,3.51,3.59,0.91,1.64,0.17,0.92,0,0,0,0,0,0,0,0,0,278,139,196,82,139,14.305,27.36,1.25,14.305,-3.15,2.31,-13.44,-0.735,21094521.25,5273630.313,9614184.5,3236216,4122060.375,111,27.75,42,18,25.5,942,235.5,601,1,170,3,3,3,3,3,47,23.5,27,20,23.5,183,91.5,145,38,91.5,0,0,0,0,0,86,28.6666666666667,39,15,32,0,0,0,0,0,18,6,8,5,5,0,0,0,0,0,88,29.3333333333333,52,18,18,3,3,3,3,3,12.14,15.17,9.11,12.14,0,0,0,0,0,0,0,0,0,0,0,0,0,0,0,0,0,0,0,0,0,0,0,0,0,0,0,0,0,0,0,0,0,0,0,0,0,0,0,0,0,0,0,0,0,3006123462,751530865.6,1080155374,268399068.2,828784510.1,1394,348.5,1061,1,166,0,0,0,0,0,288,96,199,5,84,3,3,3,3,3,2,1,1,1,1,0,0,0,0,0
其他制造业,上海市,1,,,,,,1,,,,1,,,,,,,,1,,,,,,,,,,,,,,,,,,,,,,,,193800963,193800963,193800963,193800963,193800963,-44242572,-44242572,-44242572,-44242572,-44242572,170,170,170,170,170,88186913,88186913,88186913,88186913,88186913,58.71,58.71,58.71,58.71,4270184,4270184,4270184,4270184,4270184,-38.7,-38.7,-38.7,-38.7,-37811676,-37811676,-37811676,-37811676,-37811676,9,9,9,9,-0.77,-0.77,-0.77,-0.77,-59.36,-59.36,-59.36,-59.36,4.82,4.82,4.82,4.82,-2.48,-2.48,-2.48,-2.48,0,0,0,0,0,0,0,0,0,0,0,0,0,0,0,0,0,0,-30.28,-30.28,-30.28,-30.28,348068,348068,348068,348068,348068,1.8,1.8,1.8,1.8,1.8,86,86,86,86,86,0,0,0,0,0,5,5,5,5,5,4,4,4,4,4,0,0,0,0,0,5,5,5,5,5,0,0,0,0,0,0,0,0,0,0,0,0,0,0,0,7,7,7,7,7,0,0,0,0,0,0,0,0,0,0,0,0,0,0,0,0,0,0,0,0,0,0,0,0,0,0,0,0,0,0,0,0,0,0,0,0,0,0,0,0,0,0,0,0,0,0,0,0,0,0,0,0,0,0,113895476,113895476,113895476,113895476,113895476,109,109,109,109,109,0,0,0,0,0,11,11,11,11,11,0,0,0,0,0,0,0,0,0,0,0,0,0,0,0
教育,上海市,5,,,,,,,4,,,3,,2,,,,,2,,,,,,,,,,,,,,,,,2,,,,,,,,7413682235,1482736447,3474447984,157520925.8,1230019216,488007929.4,97601585.88,224930245,-33488355,112069926.9,5012,1002.4,1985,162,715,2108344632,421668926.4,790113555,34216374,450910817.2,46.332,65.47,14.82,45.1,43091060.96,21545530.48,28188038.66,14903022.3,21545530.48,-33.328,15.56,-86.31,-25.06,613100815.3,122620163.1,305302181,-35665388,129544365.3,23.248,263.34,-183.25,25.41,11.852,200.2,-203.1,25.64,-28.205,-13.45,-42.96,-28.205,4.095,6.26,1.93,4.095,0.365,0.37,0.36,0.365,0,0,0,0,0,-105,-105,-105,-105,209,104.5,168,41,104.5,-36.615,-27.86,-45.37,-36.615,-17.954,10.9,-41.6,-19.11,30102656.95,7525664.238,11371752,1415,9364744.975,89.47,17.894,47,1.1,13,236,78.6666666666667,200,7,29,0,0,0,0,0,6,6,6,6,6,10,10,10,10,10,0,0,0,0,0,72,72,72,72,72,0,0,0,0,0,12,12,12,12,12,0,0,0,0,0,140,140,140,140,140,0,0,0,0,0,6.96,8.22,5.7,6.96,0,0,0,0,0,0,0,0,0,0,0,0,0,0,0,0,0,0,0,0,0,0,0,0,0,0,0,0,0,0,0,0,0,0,0,0,0,0,0,0,0,0,0,0,0,3388020742,677604148.4,1513601184,89150643,805599086.5,77,38.5,56,21,38.5,0,0,0,0,0,61,30.5,51,10,30.5,0,0,0,0,0,0,0,0,0,0,0,0,0,0,0
综合,上海市,3,,,,,,2,1,,,2,,1,,,,,1,1,,,,,,,,,,,,,,,1,,,,,,,,,834465639329.48,278155213109.827,8.23146E+11,3358943967,7960583949,5327003857,1775667952.41667,4612910945,47904239.25,666188673,112307,37435.6666666667,108033,126,4148,182123451017.88,60707817006,1.75393E+11,243736117.9,6486273743,59.0666666666667,75.74,36.87,64.59,5227751429,2613875715,4911664717,316086712,2613875715,183.046666666667,488.87,8.77,51.5,13359840293,4453280097.70667,12535642355,42607379.12,781590559,-14.78666667,74.59,-69.78,-49.17,-19.31666667,75.07,-73,-60.02,28.315,39.45,17.18,28.315,3.84,4.88,2.8,3.84,-0.14,0.2,-0.48,-0.14,0,0,0,0,0,0,0,0,0,525,525,525,525,525,30.27,30.27,30.27,30.27,42.52,111.78,3.28,12.5,792959048.5,264319682.833333,788803682,848443.5,3306923,559,186.333333333333,405,70,84,32,32,32,32,32,0,0,0,0,0,8,8,8,8,8,13,13,13,13,13,0,0,0,0,0,4,4,4,4,4,0,0,0,0,0,3,3,3,3,3,0,0,0,0,0,2,2,2,2,2,0,0,0,0,0,12.51,12.51,12.51,12.51,0,0,0,0,0,0,0,0,0,0,0,0,0,0,0,0,0,0,0,0,0,0,0,0,0,0,0,0,0,0,0,0,0,0,0,0,0,0,0,0,0,0,0,0,0,629775746925.72,209925248975.24,6.23399E+11,1239057360,5137938448,194,194,194,194,194,0,0,0,0,0,24,24,24,24,24,0,0,0,0,0,0,0,0,0,0,0,0,0,0,0
废弃资源综合利用业,上海市,0,,,,,,,,,,,,,,,,,,,,,,,,,,,,,,,,,,,,,,,,,,0,0,0,0,0,0,0,0,0,0,0,0,0,0,0,0,0,0,0,0,0,0,0,0,0,0,0,0,0,0,0,0,0,0,0,0,0,0,0,0,0,0,0,0,0,0,0,0,0,0,0,0,0,0,0,0,0,0,0,0,0,0,0,0,0,0,0,0,0,0,0,0,0,0,0,0,0,0,0,0,0,0,0,0,0,0,0,0,0,0,0,0,0,0,0,0,0,0,0,0,0,0,0,0,0,0,0,0,0,0,0,0,0,0,0,0,0,0,0,0,0,0,0,0,0,0,0,0,0,0,0,0,0,0,0,0,0,0,0,0,0,0,0,0,0,0,0,0,0,0,0,0,0,0,0,0,0,0,0,0,0,0,0,0,0,0,0,0,0,0,0,0,0,0,0,0,0,0,0,0,0,0,0,0,0,0,0,0,0,0,0,0,0,0,0,0,0,0,0,0,0,0,0,0,0,0,0,0,0,0,0,0,0,0,0,0,0,0,0,0,0,0,0,0,0,0,0,0,0
印刷和记录媒介复制业,上海市,2,,,,,,,2,,,,,2,,,,,,,,,,,,,,,,,,,,,,2,,,,,,,,3252747651,1626373825,2060752955,1191994695,1626373825,-63487962.18,-31743981.09,18056058.67,-81544020.85,-31743981.09,1725,862.5,963,762,862.5,1177424013,588712006.4,663082943.1,514341069.8,588712006.4,45.085,47.23,42.94,45.085,39931585.72,19965792.86,27918229.38,12013356.34,19965792.86,-17.97,2.3,-38.24,-17.97,-53044406.56,-26522203.28,3973826.99,-57018233.55,-26522203.28,-5.795,116.4,-127.99,-5.795,42.28,222.76,-138.2,42.28,-27.515,-19.71,-35.32,-27.515,3.33,4.28,2.38,3.33,-0.51,0.13,-1.15,-0.51,0,0,0,0,0,0,0,0,0,129,64.5,105,24,64.5,-4.47,-4.47,-4.47,-4.47,-8.505,-3.8,-13.21,-8.505,10396330.51,5198165.255,5313105.64,5083224.87,5198165.255,51,25.5,32,19,25.5,452,226,234,218,226,6,3,4,2,3,37,18.5,19,18,18.5,50,25,29,21,25,0,0,0,0,0,17,8.5,14,3,8.5,0,0,0,0,0,0,0,0,0,0,0,0,0,0,0,49,24.5,45,4,24.5,4,2,3,1,2,7.12,11.1,3.14,7.12,0,0,0,0,0,0,0,0,0,0,0,0,0,0,0,0,0,0,0,0,0,0,0,0,0,0,0,0,0,0,0,0,0,0,0,0,0,0,0,0,0,0,0,0,0,1448088361,724044180.3,884484950.4,563603410.3,724044180.3,581,290.5,291,290,290.5,0,0,0,0,0,92,46,47,45,46,6,3,4,2,3,0,0,0,0,0,0,0,0,0,0
卫生和社会工作,上海市,3,,,,,,,3,,,3,,,,,,,3,,,,,,,,,,,,,,,,,,,,,,,,,14583126512,4861042171,7241946578,2774326192,4566853742,646810545.7,215603515.236667,481877855,-102257233.3,267189924,17122,5707.33333333333,8732,2573,5817,6804710232,2268236743.90667,3195641846,1234043449,2375024937,54.3466666666667,80.15,31.71,51.18,0,0,0,0,0,11.43,38.05,-5.28,1.52,1048586859,349528952.833333,666825482,-49910591.5,431671968,3.26333333333333,12.6,-15.11,12.3,40.7766666666667,112.83,3.2,6.3,0,0,0,0,0,0,0,0,0,0,0,0,0,0,0,0,0,0,0,0,0,0,0,0,0,0,0,0,0,0,10.4366666666667,14.51,3.45,13.35,38101256.21,12700418.7366667,19631156,4738743.21,13731357,264.72,88.24,242,8.72,14,76,38,46,30,38,0,0,0,0,0,5,5,5,5,5,11,11,11,11,11,0,0,0,0,0,4,2,2,2,2,0,0,0,0,0,2,2,2,2,2,0,0,0,0,0,23,11.5,18,5,11.5,1,1,1,1,1,0,0,0,0,0,0,0,0,0,0,0,0,0,0,0,0,0,0,0,0,0,0,0,0,0,0,0,0,0,0,0,0,0,0,0,0,0,0,0,0,0,0,0,0,0,0,0,0,0,7383190684,2461063561.26333,3662037151,1419269394,2301884139,95,47.5,79,16,47.5,0,0,0,0,0,15,15,15,15,15,0,0,0,0,0,0,0,0,0,0,0,0,0,0,0
文教、工美、体育和娱乐用品制造业,上海市,2,,,,,1,,1,,,,,2,,,,,,,,,,,,,,,,,,,1,,,1,,,,,,,,39027374459,19513687230,26004868992,13022505467,19513687230,3623223104,1811611552,2267850320,1355372784,1811611552,7784,3892,5578,2206,3892,83006462833,41503231417,63010110376,19996352457,41503231417,49.165,53.98,44.35,49.165,214859300,107429650,183558017.9,31301282.13,107429650,10.42,13.54,7.3,10.42,4625766644,2312883322,3017270484,1608496160,2312883322,-8.18,-6.61,-9.75,-8.18,-9.5,-7.31,-11.69,-9.5,-0.545,1.68,-2.77,-0.545,0.535,0.98,0.09,0.535,-0.11,-0.11,-0.11,-0.11,0,0,0,0,0,0,0,0,0,473,236.5,420,53,236.5,-10.25,-4.66,-15.84,-10.25,-0.705,0.89,-2.3,-0.705,264939522.8,132469761.4,137681073.9,127258448.9,132469761.4,689,344.5,410,279,344.5,6497,3248.5,3930,2567,3248.5,0,0,0,0,0,80,40,59,21,40,38,19,29,9,19,0,0,0,0,0,448,224,246,202,224,0,0,0,0,0,9,4.5,8,1,4.5,0,0,0,0,0,599,299.5,326,273,299.5,14,7,12,2,7,5.05,7.7,2.4,5.05,0,0,0,0,0,0,0,0,0,0,1,1,1,1,1,1,1,1,1,1,0,0,0,0,0,0,0,0,0,0,0,0,0,0,0,0,0,0,0,0,0,0,0,0,0,19793731481,9896865741,14023312908,5770418573,9896865741,953,476.5,648,305,476.5,0,0,0,0,0,179,89.5,139,40,89.5,0,0,0,0,0,5,2.5,3,2,2.5,0,0,0,0,0
石油加工、炼焦和核燃料加工业,上海市,2,,2,,,,,,,,1,,1,,,,,,,1,,,,,,,,,,,,,1,,,,,,,,,,82379503051,41189751526,41242761352,41136741699,41189751526,-5710514971,-2855257486,-2842303586,-2868211385,-2855257486,15944,7972,8005,7939,7972,1.64961E+11,82480747566,82518357983,82443137148,82480747566,36,36.01,35.99,36,261031895,130515947.5,130519626,130512269,130515947.5,-7.595,-7.56,-7.63,-7.595,-7370045760,-3685022880,-3526681269,-3843364491,-3685022880,-232.175,-220.33,-244.02,-232.175,-243,-240.83,-245.17,-243,38.455,38.47,38.44,38.455,0.145,0.15,0.14,0.145,0.05,0.09,0.01,0.05,0,0,0,0,0,0,0,0,0,351,175.5,177,174,175.5,5.965,5.99,5.94,5.965,-3.17,-2.75,-3.59,-3.17,86111456,43055728,43055972,43055484,43055728,389,194.5,268,121,194.5,1105,1105,1105,1105,1105,1,1,1,1,1,385,385,385,385,385,445,445,445,445,445,0,0,0,0,0,31,31,31,31,31,0,0,0,0,0,1,1,1,1,1,0,0,0,0,0,54,54,54,54,54,18,18,18,18,18,2.22,2.23,2.21,2.22,0,0,0,0,0,0,0,0,0,0,0,0,0,0,0,0,0,0,0,0,0,0,0,0,0,0,0,0,0,0,0,0,0,0,0,0,0,0,0,0,0,0,0,0,0,29652715818,14826357909,14871370424,14781345394,14826357909,3466,3466,3466,3466,3466,0,0,0,0,0,920,920,920,920,920,1,1,1,1,1,14,14,14,14,14,0,0,0,0,0
化学纤维制造业,上海市,1,,,,,,1,,,,,,1,,,,,,,,,,,,,,,,,,,,,1,,,,,,,,,17827214279,17827214279,17827214279,17827214279,17827214279,612655627.4,612655627.4,612655627.4,612655627.4,612655627.4,2322,2322,2322,2322,2322,2441109753,2441109753,2441109753,2441109753,2441109753,15.66,15.66,15.66,15.66,187710062.5,187710062.5,187710062.5,187710062.5,187710062.5,11,11,11,11,708286221.3,708286221.3,708286221.3,708286221.3,708286221.3,-4.13,-4.13,-4.13,-4.13,-5.22,-5.22,-5.22,-5.22,40.59,40.59,40.59,40.59,7.65,7.65,7.65,7.65,1.68,1.68,1.68,1.68,0,0,0,0,0,0,0,0,0,436,436,436,436,436,15.56,15.56,15.56,15.56,14.2,14.2,14.2,14.2,36224035.68,36224035.68,36224035.68,36224035.68,36224035.68,362,362,362,362,362,784,784,784,784,784,58,58,58,58,58,296,296,296,296,296,38,38,38,38,38,0,0,0,0,0,35,35,35,35,35,19,19,19,19,19,12,12,12,12,12,19,19,19,19,19,87,87,87,87,87,78,78,78,78,78,18.51,18.51,18.51,18.51,0,0,0,0,0,0,0,0,0,0,0,0,0,0,0,0,0,0,0,0,0,0,0,0,0,0,0,0,0,0,0,0,0,0,0,0,0,0,0,0,0,0,0,0,0,2789065494,2789065494,2789065494,2789065494,2789065494,2582,2582,2582,2582,2582,0,0,0,0,0,664,664,664,664,664,58,58,58,58,58,0,0,0,0,0,0,0,0,0,0
家具制造业,上海市,0,,,,,,,,,,,,,,,,,,,,,,,,,,,,,,,,,,,,,,,,,,0,0,0,0,0,0,0,0,0,0,0,0,0,0,0,0,0,0,0,0,0,0,0,0,0,0,0,0,0,0,0,0,0,0,0,0,0,0,0,0,0,0,0,0,0,0,0,0,0,0,0,0,0,0,0,0,0,0,0,0,0,0,0,0,0,0,0,0,0,0,0,0,0,0,0,0,0,0,0,0,0,0,0,0,0,0,0,0,0,0,0,0,0,0,0,0,0,0,0,0,0,0,0,0,0,0,0,0,0,0,0,0,0,0,0,0,0,0,0,0,0,0,0,0,0,0,0,0,0,0,0,0,0,0,0,0,0,0,0,0,0,0,0,0,0,0,0,0,0,0,0,0,0,0,0,0,0,0,0,0,0,0,0,0,0,0,0,0,0,0,0,0,0,0,0,0,0,0,0,0,0,0,0,0,0,0,0,0,0,0,0,0,0,0,0,0,0,0,0,0,0,0,0,0,0,0,0,0,0,0,0,0,0,0,0,0,0,0,0,0,0,0,0,0,0,0,0,0,0
住宿和餐饮业,上海市,8,,,,,1,3,4,,,7,,1,,,,,4,3,,,,,,,,,,,,,1,,,,,,,,,,,295627336372.75,36953417046.5938,79480128939,378334932,42680565735.875,-1604129226,-200516153.2,2970592477,-1849004335,-285715649,477535,68219.2857142857,400069,699,14089,119159898732.27,14894987341.5338,64311354391,325606797,12258249477.635,71.4725,108.98,24.45,78.175,66811114.45,33405557.23,40324098,26487016.45,33405557.23,-5.3325,48.78,-52.99,-0.935,3981909589,497738698.7,4227384455,-443144702,-134748794,-212.61,148.36,-833.6,-164.5,-245.07375,80.82,-972.6,-165.325,24.465,44.8,4.13,24.465,0.15,0.26,0.04,0.15,0.02,0.02,0.02,0.02,14525935.84,14525935.84,14525935.84,14525935.84,14525935.84,4361.76,4361.76,4361.76,4361.76,72,72,72,72,72,-4,-4,-4,-4,-5.958571429,37.01,-29.56,-10,461867948.5,76977991.4166667,295714693,3800558,33704098.5,4064.95,508.11875,1708,0.92,245.5,29,9.66666666666667,13,3,13,0,0,0,0,0,0,0,0,0,0,1,1,1,1,1,0,0,0,0,0,0,0,0,0,0,0,0,0,0,0,0,0,0,0,0,0,0,0,0,0,0,0,0,0,0,0,0,0,0,0,0.27,0.27,0.27,0.27,0,0,0,0,0,0,0,0,0,0,0,0,0,0,0,0,0,0,0,0,0,0,0,0,0,0,0,0,0,0,0,0,0,0,0,0,0,0,0,0,0,0,0,0,0,205959645633.75,25744955704.2188,52704071311,408479186,30819987906.375,25,12.5,20,5,12.5,0,0,0,0,0,3,1.5,2,1,1.5,0,0,0,0,0,1,1,1,1,1,0,0,0,0,0
木材加工和木、竹、藤、棕、草制品业,上海市,1,,,,,,1,,,,,,1,,,,,,,,,,,,,,,,,,,,,1,,,,,,,,,1413452685,1413452685,1413452685,1413452685,1413452685,8299851.91,8299851.91,8299851.91,8299851.91,8299851.91,504,504,504,504,504,526578206.3,526578206.3,526578206.3,526578206.3,526578206.3,23.61,23.61,23.61,23.61,21105602.57,21105602.57,21105602.57,21105602.57,21105602.57,-32.61,-32.61,-32.61,-32.61,170268.64,170268.64,170268.64,170268.64,170268.64,-99.42,-99.42,-99.42,-99.42,-57.33,-57.33,-57.33,-57.33,-15.46,-15.46,-15.46,-15.46,4.09,4.09,4.09,4.09,0.8,0.8,0.8,0.8,0,0,0,0,0,0,0,0,0,37,37,37,37,37,-33.97,-33.97,-33.97,-33.97,-11.18,-11.18,-11.18,-11.18,7593176.82,7593176.82,7593176.82,7593176.82,7593176.82,18,18,18,18,18,153,153,153,153,153,0,0,0,0,0,10,10,10,10,10,12,12,12,12,12,0,0,0,0,0,22,22,22,22,22,0,0,0,0,0,8,8,8,8,8,0,0,0,0,0,21,21,21,21,21,2,2,2,2,2,7.36,7.36,7.36,7.36,0,0,0,0,0,0,0,0,0,0,0,0,0,0,0,0,0,0,0,0,0,0,0,0,0,0,0,0,0,0,0,0,0,0,0,0,0,0,0,0,0,0,0,0,0,333830104.8,333830104.8,333830104.8,333830104.8,333830104.8,151,151,151,151,151,0,0,0,0,0,40,40,40,40,40,0,0,0,0,0,2,2,2,2,2,0,0,0,0,0
居民服务、修理和其他服务业,上海市,1,,,,,,,1,,,1,,,,,,,1,,,,,,,,,,,,,,,,,,,,,,,,,7815895296,7815895296,7815895296,7815895296,7815895296,810721398,810721398,810721398,810721398,810721398,2409,2409,2409,2409,2409,2171620314,2171620314,2171620314,2171620314,2171620314,21.78,21.78,21.78,21.78,0,0,0,0,0,-6.66,-6.66,-6.66,-6.66,1030325851,1030325851,1030325851,1030325851,1030325851,-5.85,-5.85,-5.85,-5.85,-8.88,-8.88,-8.88,-8.88,0,0,0,0,0,0,0,0,0,0,0,0,0,0,0,0,0,0,0,0,0,0,0,0,0,0,0,0,0,0,-2.54,-2.54,-2.54,-2.54,26597984,26597984,26597984,26597984,26597984,112,112,112,112,112,0,0,0,0,0,0,0,0,0,0,0,0,0,0,0,0,0,0,0,0,0,0,0,0,0,0,0,0,0,0,0,0,0,0,0,0,0,0,0,0,0,0,0,0,0,0,0,0,0,0,0,0,0,0,0,0,0,0,0,0,0,0,0,0,0,0,0,0,0,0,0,0,0,0,0,0,0,0,0,0,0,0,0,0,0,0,0,0,0,0,0,0,0,0,0,0,0,0,0,0,0,0,0,0,1701880353,1701880353,1701880353,1701880353,1701880353,0,0,0,0,0,0,0,0,0,0,0,0,0,0,0,0,0,0,0,0,0,0,0,0,0,0,0,0,0,0
医药制造业,浙江省,45,,,,,5,1,39,,21,4,,20,19,2,,,3,1,,,,,,,,,,,,,3,,,17,,,,,,,,276057104658.98,6134602325.75511,38267632655,1150798,4131851659,19254822603,427884946.723778,3638276767,-1257989344,205206099.8,120392,2675.37777777778,11593,277,1607,142310403086.36,3162453401.91911,15933946272,54090514,1805157543,1531.50955555556,67466.37,4.4,32.61,10630620683,236236015.173333,1201909102,1584832.54,119838628.2,20.1764444444444,286.93,-44.64,9.53,23141212739,514249171.986667,4312659928,-1458933374,228649405.3,17.6948888888889,1110.06,-409.02,-4.52,32.8351111111111,975.39,-396.34,-3.75,25.1504444444444,360.58,-41.63,13.57,18.2488888888889,490.85,1.47,6.08,4.64886363636364,212.35,-15.35,0.31,1242530913,77658182.08,315707555.8,667627.9,17602390.23,30.0371428571429,256.82,-94.96,19.3,18096,430.857142857143,2628,20,265.5,11.6475,104,-64.27,8.735,6.94822222222222,57.53,-28.37,6.64,1387618642,31536787.3165909,175766798.9,897068.5,20508486.61,4176.3,92.8066666666667,475,3.91,59,11199,254.522727272727,1137,15,177.5,911,26.0285714285714,218,1,7,3550,80.6818181818182,603,2,34.5,1897,44.1162790697674,237,1,20,0,0,0,0,0,1115,26.547619047619,258,2,12,95,6.78571428571429,27,1,2,731,18.7435897435897,172,1,11,95,6.78571428571429,27,1,2,992,24.1951219512195,142,1,14,520,13.3333333333333,106,1,5,17.0497619047619,59.77,2.49,16.31,0,0,0,0,0,0,0,0,0,0,1,1,1,1,1,0,0,0,0,0,0,0,0,0,0,0,0,0,0,0,0,0,0,0,0,0,0,0,0,0,0,0,0,0,0,100028239008.89,2222849755.75311,14605494254,98864099.42,1222405970,29254,664.863636363636,3609,25,299.5,0,0,0,0,0,7269,165.204545454545,971,5,89.5,905,25.8571428571429,218,1,7,4,1,1,1,1,0,0,0,0,0
化学原料和化学制品制造业,浙江省,47,,,,,5,,42,,19,4,1,23,19,,,,4,,,,,,,,,,,1,,,5,,,18,,,,,,,,4.01645E+11,8545634018.46383,65162185603,278154576,2978942219,27132907918,577295913.142979,5141244246,-354452357,180399752.5,96707,2057.59574468085,16766,155,990,256842114650.55,5464725843.62872,37042627750,150819668,2008862398,34.7082978723404,67.07,7.35,32.84,7499262441,163027444.377174,1240803935,6938187.09,49860786.53,19.6325531914894,119.37,-14.28,10.83,32258113026,686342830.332553,6411196789,-364481713,219948159.5,94.0774468085106,4347.74,-208.24,-13.42,41.9768085106383,1628.71,-264.74,-2.52,22.3739130434783,175.92,-20.74,13.14,3.52913043478261,7.08,0.26,3.46,0.0313636363636364,1.07,-2.08,0.095,27361152.2,9120384.06666667,21178830.4,1384419.91,4797901.89,-40.21,18.16,-107,-31.79,11473,260.75,1910,10,130.5,16.6907142857143,176,-41.34,6.41,9.45702127659574,125.91,-24,6.96,1535191450,32663647.8742553,309700230.5,349650,12847571.87,4582.2,97.4936170212766,827,0.3,45,10204,217.106382978723,1115,35,135,148,6.16666666666667,32,1,2,3318,70.5957446808511,387,3,38,1711,36.4042553191489,235,1,17,0,0,0,0,0,1369,31.8372093023256,283,2,12,9,1.8,3,1,2,708,18.1538461538462,108,1,10,9,1.8,3,1,2,1158,24.6382978723404,216,1,12,464,10.7906976744186,65,1,8,13.2438636363636,25.02,3.57,13.165,0,0,0,0,0,0,0,0,0,0,0,0,0,0,0,0,0,0,0,0,0,0,0,0,0,0,0,0,0,0,0,0,0,0,0,0,0,0,0,0,0,0,0,0,0,182309417957.04,3878923786,37569863672,95995659,779537879.4,27242,579.617021276596,3659,31,311,0,0,0,0,0,6374,135.617021276596,722,6,68,148,6.16666666666667,32,1,2,12,1.33333333333333,4,1,1,11,1.83333333333333,4,1,1
食品饮料业,浙江省,17,,,,,1,2,14,,7,2,,8,7,,,,2,,,,,,,,,,,,,,1,,2,5,,,,,,,,90647100274,5332182369.04647,39255081463,1078937042,2637056602,10050672051,591216002.998824,8495251146,-164628364.4,129289025.1,57924,3407.29411764706,20045,56,2093,66732932243,3925466602.54706,33239140715,444559329.1,1619966277,29.8494117647059,62.24,3.8,29.49,695737417.3,43483588.579375,277169195,4888404.17,21024065.22,13.4,161.06,-14.81,4.09,13093622678,770213098.677059,11050325384,-142717333,168843423.6,-31.68294118,448.3,-884.72,-17.9,-53.70294118,155.63,-731.82,-3.87,16.086875,128.88,-18.56,7.595,1.628125,5.09,0.33,1.15,0.006,0.43,-0.73,0,831828.29,831828.29,831828.29,831828.29,831828.29,-0.37,-0.37,-0.37,-0.37,1352,90.1333333333333,189,33,82,3.88363636363636,17.2,-8.08,3.7,-4.980625,17,-28.96,-4.72,716276029.3,44767251.828125,412528842,2624597,15564363.73,5275.76,310.338823529412,4486,0.76,46,3537,221.0625,534,20,181.5,57,9.5,36,1,5,316,19.75,62,2,14,349,21.8125,98,2,14,0,0,0,0,0,313,20.8666666666667,81,2,12,12,4,10,1,1,98,6.53333333333333,37,1,3,12,4,10,1,1,354,23.6,99,2,18,60,5,17,1,3,4.76,13.85,0.9,3.91,0,0,0,0,0,0,0,0,0,0,0,0,0,0,0,0,0,0,0,0,0,0,0,0,0,0,0,0,0,0,0,0,0,0,0,0,0,0,0,0,0,0,0,0,0,33120036027,1948237413.38176,15171033166,60951849,777831079.5,3601,225.0625,567,28,197,0,0,0,0,0,968,60.5,279,4,47,57,9.5,36,1,5,5,1.66666666666667,3,1,1,0,0,0,0,0
专用设备制造业,浙江省,55,,,,,3,3,49,,25,10,1,19,22,2,,1,8,2,,,,,,,,,,1,,,1,,,18,,,,,,,,228055159966.45,4146457453.93546,28889218333,252710799,2220888425,9396746189,170849930.701636,3079210378,-1692226739,76948189.43,98432,1789.67272727273,8483,262,1020,109506067210.23,2027890133.52278,12803233210,63262413.4,831232294.8,36.7456363636364,127.6,3.56,33.6,6822071727,128718334.464151,796335497,14945945.27,63270666.22,12.2712962962963,89.53,-50.2,7.93,12720785199,231287003.613455,3447939441,-1156340231,79612639.12,-71.33345455,279.78,-3848.49,3.25,-2193.218364,218.44,-120721.31,4.99,24.7245283018868,127.29,-51.4,19.16,15.1942307692308,208.68,1.88,5.335,2.84903846153846,67.61,-24.6,0.585,54443211.85,13610802.96,22445945.75,3828787.52,14084239.29,-24.98,42.12,-106,-11.06,14873,316.446808510638,1793,35,161,16.945,93.56,-62.92,12.005,13.0165384615385,97.04,-24.63,6.98,1408432765,25607868.46,321070421,1424418.32,11513697.98,4378.79,79.6143636363636,929,2.72,38,25767,495.519230769231,3758,78,331,322,10.3870967741935,73,1,3,3410,65.5769230769231,988,1,36,2175,41.8269230769231,552,1,16.5,0,0,0,0,0,2833,54.4807692307692,277,3,30.5,44,4,10,1,1,947,19.3265306122449,110,1,11,44,4,10,1,1,2711,52.1346153846154,354,2,29,408,8.68085106382979,102,1,5,18.2510638297872,55.21,2.77,15.53,0,0,0,0,0,0,0,0,0,0,1,1,1,1,1,0,0,0,0,0,0,0,0,0,0,0,0,0,0,0,0,0,0,0,0,0,0,0,0,0,0,0,0,0,0,100748670772.61,1831794014.04745,17673813447,57019393.2,567950329.6,40379,776.519230769231,5540,67,545,0,0,0,0,0,8847,170.134615384615,1784,5,99.5,322,10.3870967741935,73,1,3,17,1.21428571428571,2,1,1,2,2,2,2,2
信息传输、软件和信息技术服务业,浙江省,59,,,,,2,2,55,,25,15,2,17,24,1,,,15,,,,,,,,,,,2,,,1,,2,14,,,,,,,,4115693929492.25,69757524228.6822,1753044233578.0,95810747,3318715452,1.6241E+11,2752710484.77966,65573092757,-7084221542,30633183.42,647855,10980.593220339,235270,126,1339,2057259102386.37,34868798345.5317,8.68687E+11,84949421,1123701223,32.4325423728814,86.8,2.66,28.36,160881312013.91,2773815724.37776,56744023472,6605929,166039226.2,-5.134915254,79.44,-85.1,-8.5,231832009416.82,3929356091.81051,1.00351E+11,-6940342955,38510808.1,-59.73050847,882.91,-765.48,-25.55,-83.10305085,684.18,-2364.5,-33.5,2.83789473684211,88.69,-55.18,2.34,18.4631034482759,69.69,0.98,15.74,1.89350877192982,25.01,-17.12,0.37,612616831,43758345.0742857,151083578.7,887279.44,27602960.06,12.4823076923077,328.1,-89.2,-18.58,58203,1187.81632653061,15276,28,492,1.05061224489796,137.72,-57.51,0.4,-4.63137931,88.18,-56.54,-4.21,4670580302,81940005.2966667,1857006317,8605,8029076.6,45996.02,779.593559322034,15900,0.2,66,83346,1488.32142857143,24890,1,158,11313,665.470588235294,5356,1,16,21203,400.056603773585,6868,1,35,13373,257.173076923077,4899,1,21,0,0,0,0,0,12679,301.880952380952,3369,1,26,379,37.9,128,2,7.5,11824,288.390243902439,3264,1,20,389,38.9,129,2,7.5,6684,142.212765957447,1799,1,18,5613,119.425531914894,1677,1,6,39.6420408163265,77.92,5.39,37.9,0,0,0,0,0,0,0,0,0,0,3,1,1,1,1,3,1,1,1,1,0,0,0,0,0,0,0,0,0,0,0,0,0,0,0,0,0,0,0,0,0,0,0,0,0,1476556277757.33,25026377589.1073,6.30123E+11,15905608.39,573386371,351226,6886.78431372549,134084,1,561,0,0,0,0,0,70105,1274.63636363636,21676,1,110,11309,665.235294117647,5357,1,16,66,6.6,25,1,2.5,27,4.5,16,1,1
电力、热力、燃气及水生产和供应业,浙江省,13,,,1,,7,,5,,2,3,,8,1,1,,,1,,,,,,2,,,,,,,,4,,,3,1,,,,,,,217647059635.63,16742081510.4331,120991905128.15,1096438824,4683790322,-198155008.5,-15242692.96,1149578953,-3599007239,206097019.4,18611,1431.61538461538,9367,182,796,113763829264.07,8751063789.54385,80194562278,442363338.2,2579452784,45.8561538461539,79.63,12.8,47.96,595584445.7,59558444.57,275809787,1566391.26,17689074.64,22.9823076923077,58,4.3,18.71,830087538.6,63852887.5846154,1276948659,-3172220323,240479518.4,2.41076923076923,70.34,-48.29,7.82,-9.433076923,65.08,-79.9,-5.87,387.032,3084.1,-32.89,11.98,1.231,3.26,0.03,0.82,0.192,1.26,-0.22,-0.05,14623521.53,14623521.53,14623521.53,14623521.53,14623521.53,-29,-29,-29,-29,805,89.4444444444444,221,28,55,106.915555555556,319.5,-9.69,56.68,3.85769230769231,15.03,-3.81,2.54,785208407.1,60400646.7015385,492530729.4,745098,11266777.31,1467.2,112.861538461538,686,1.7,43,2313,192.75,1115,1,66.5,1,1,1,1,1,216,21.6,97,2,9.5,164,18.2222222222222,84,1,6,0,0,0,0,0,459,45.9,225,6,20.5,0,0,0,0,0,191,21.2222222222222,101,2,7,0,0,0,0,0,409,40.9,224,1,20,86,9.55555555555556,48,1,4,11.0511111111111,20.7,4.16,10.44,0,0,0,0,0,0,0,0,0,0,0,0,0,0,0,0,0,0,0,0,0,0,0,0,0,0,0,0,0,0,0,0,0,0,0,0,0,0,0,0,0,0,0,0,0,112253108478.62,8634854498.35538,53434098572,170173864.2,1861386958,2605,260.5,1094,10,67,0,0,0,0,0,849,84.9,515,6,21.5,1,1,1,1,1,1,1,1,1,1,0,0,0,0,0
商业电气机械和器材制造业,浙江省,49,1,,,,6,1,41,,17,4,3,25,12,4,,1,4,,,,,,,,,,,3,,,2,,,22,,1,,,,,,517012184693.89,10551269075.3855,104335449389.99,252739436.2,3491897589,22713242607,463535563.416122,4715007204,-484526343.5,143697647.4,191088,3981,32423,134,1304,4.26743E+11,8709032472.35102,74598634382,120403661.8,2133587297,47.1165306122449,106,5.33,48.16,13792831110,281486349.181429,1622375853,5805621.83,86473044.92,17.6785714285714,196.63,-47.59,6.1,27705541813,565419220.676531,5996801072,-479461862.9,141613062.7,27.0920408163265,625.77,-316,21.6,143.470204081633,6511.63,-522.71,20.63,17.4491836734694,219.36,-46.5,8.5,4.38326530612245,14.51,1.5,3.6,0.0957142857142857,4.14,-2.1,0.09,245364037.3,245364037.3,245364037.3,245364037.3,245364037.3,-22.04,-22.04,-22.04,-22.04,20040,426.382978723404,2532,17,174,12.45,116.25,-77.94,6.625,8.1825,148.37,-30.6,1.625,2891773461,59015784.9163265,664091854,1303329.93,11312564.87,5470.33,111.639387755102,595,1.59,47,35317,735.770833333333,6965,40,302,486,19.44,178,1,7,4132,86.0833333333333,633,2,36,2729,56.8541666666667,286,1,21.5,0,0,0,0,0,4103,87.2978723404255,831,2,33,67,6.7,23,1,2.5,1341,29.1521739130435,166,1,13.5,67,6.7,23,1,2.5,3909,81.4375,790,1,32.5,647,16.5897435897436,114,1,7,15.61,49.35,3.91,13.42,0,0,0,0,0,0,0,0,0,0,4,1,1,1,1,0,0,0,0,0,0,0,0,0,0,0,0,0,0,0,0,0,0,0,0,0,0,0,0,0,0,0,0,0,0,299573051651.38,6113735747.98735,62806058674,62741126.74,1445007809,62152,1294.83333333333,8506,9,496,0,0,0,0,0,11324,235.916666666667,1431,5,104.5,486,19.44,178,1,7,139,6.31818181818182,29,1,3,9,1.28571428571429,2,1,1
批发和零售业,浙江省,20,,,,,7,,12,1,6,5,,9,2,3,,,5,,,,,1,,,,,,,,,4,,,5,,,,,,,,287635291901.52,14381764595.076,145050819337.57,103008612.3,4012068456,14373530998,718676549.9,6052301534,-113122911.4,166930085,64760,3238,24218,25,1076.5,963797959218.78,48189897960.939,5.76549E+11,41774740.57,2491414140,45.3135,80.46,2.67,44.475,2299048537,229904853.7,1196300500,859376.53,43739779.81,-5.773,28.52,-72.38,2.55,18041457655,902072882.8,7593098228,-115275433.1,211976716.9,-56.069,301.44,-1443.64,4.255,-193.923,904.84,-2756.96,3.825,58.607,370.28,-20.79,32.355,0.953,3.12,0.08,0.205,0.186666666666667,0.55,-0.09,0.07,317574851.5,105858283.8,227798683.2,13285572.13,76490596.17,287.155,460.43,113.88,287.155,3529,392.111111111111,1540,6,98,38.92375,106.14,-14.11,29.405,-4.961578947,15.4,-48.49,-1.9,703746605.1,39097033.6161111,283053876.8,105542.7,16796899.08,1664.09,83.2045,766,0.42,32,1800,138.461538461538,1025,1,38,6,3,5,1,3,167,18.5555555555556,96,1,5,96,9.6,54,1,4.5,0,0,0,0,0,363,36.3,249,1,6.5,0,0,0,0,0,78,9.75,53,1,2,0,0,0,0,0,307,30.7,204,1,11,40,8,26,1,3,5.43,13.3,0.83,4.3,0,0,0,0,0,0,0,0,0,0,1,1,1,1,1,0,0,0,0,0,0,0,0,0,0,0,0,0,0,0,0,0,0,0,0,0,0,0,0,0,0,0,0,0,0,174736972870.36,8736848644,99069681495,12180690,1596125151,1721,156.454545454545,799,2,66,0,0,0,0,0,426,38.7272727272727,269,1,13,6,3,5,1,3,0,0,0,0,0,2,2,2,2,2
金融业,浙江省,14,,,,,10,,4,,3,3,,8,2,1,,,2,,,,,,1,,,,,,,,8,,,,,,,,,,,9805857309211.05,700418379229.361,2621930777416.0,1136506876,96949580330.165,70976150703,5069725050.22143,23132024165,-134817815,1533915905,101187,7227.64285714286,27018,94,3293,304485508320.67,21748964880.0479,61152055858,250455959,11818415921.025,73.2164285714286,95.02,19.71,86.345,1319543995,164942999.39375,1067072307,3207321.3,36016409.66,-1.578571429,12.13,-35.14,1.91,79240798976,5660057069.71143,25392012386,-119752518,1552123888,-22.82642857,80.66,-320.82,-3.25,-11.93142857,62.54,-196.74,4.885,13.8857142857143,98.71,-42.58,6.38,5.48375,29.91,0.06,0.86,0.485714285714286,6.33,-4.13,0.2,2815205.79,2815205.79,2815205.79,2815205.79,2815205.79,0,0,0,0,3657,609.5,3198,32,109.5,14.946,44.92,-13.17,9.62,11.1121428571429,56.31,-20.31,10.465,1266224764,90444626.0292857,323006886,1434799,46582307.26,5917.22,422.658571428571,1675,1.31,281.5,522,58,128,8,19,11,11,11,11,11,100,12.5,35,1,4,61,7.625,15,1,7.5,0,0,0,0,0,91,15.1666666666667,22,3,17.5,0,0,0,0,0,67,13.4,21,2,18,0,0,0,0,0,77,11,20,1,11,52,8.66666666666667,19,1,6,19.2216666666667,60.9,2,4.125,0,0,0,0,0,0,0,0,0,0,0,0,0,0,0,0,0,0,0,0,0,0,0,0,0,0,0,0,0,0,0,0,0,0,0,0,0,0,0,0,0,0,0,0,0,9088364726841.26,649168909060.09,2456000936745.0,425286514,74486424238.385,1462,182.75,399,1,99,0,0,0,0,0,391,43.4444444444444,117,4,11,11,11,11,11,11,3,1,1,1,1,2,1,1,1,1
汽车制造业,浙江省,47,,,,,,2,45,,21,7,,19,21,,,,6,1,,,,,,,,,,,,,,,1,18,,,,,,,,510955741541.99,10871398756.2126,1.57826E+11,493607646,3138537398,8381431684,178328333.704468,4649665546,-5108832757,109512252.3,284025,6043.08510638298,49019,457,2234,389223974550.14,8281361160.64128,1.47965E+11,239703225.3,1835340071,41.4310638297872,75.5,6.4,43.56,19142240905,416135671.845652,6764844391,18815729.33,95779016.23,15.5870212765957,296.49,-40.9,10.12,9899850179,210635110.188298,4681948261,-5226808956,118120108.7,44.838085106383,6701.54,-2255.08,-3.6,-39.73574468,563.54,-1264.68,-2.34,25.1121739130435,593.95,-83.8,11.92,6.28565217391304,54.1,2.02,4.59,0.0065217391304347,26.2,-37.45,0.065,5964838586,852119798.002857,4799257381,1471831.43,77231480.69,-6.775714286,110.39,-108,13.52,26135,607.790697674419,4944,57,278,26.0680487804878,680.36,-20.54,6.66,9.13617021276596,167.24,-24.57,3.18,1797632242,38247494.5048936,324463111,1412135.24,13822501.5,5456.47,116.095106382979,888,3.47,48,60131,1279.3829787234,30203,2,370,753,41.8333333333333,604,1,5.5,6355,138.152173913043,4067,2,27,4277,95.0444444444445,2002,1,21,0,0,0,0,0,7499,170.431818181818,4335,2,38,107,15.2857142857143,90,1,3,3130,78.25,2092,1,9.5,107,15.2857142857143,90,1,3,6036,134.133333333333,3201,1,39,1268,32.5128205128205,863,1,7,14.7332558139535,67.96,4.22,12.36,0,0,0,0,0,0,0,0,0,0,0,0,0,0,0,0,0,0,0,0,0,0,0,0,0,0,0,0,0,0,0,0,0,0,0,0,0,0,0,0,0,0,0,0,0,268385384972.69,5710327339.84447,81630575673,68798349.57,1436443891,102601,2183,63922,1,432,0,0,0,0,0,16990,369.347826086957,9365,2,96.5,751,41.7222222222222,602,1,5.5,44,6.28571428571429,31,1,2,0,0,0,0,0
金属冶炼和压延加工业,浙江省,9,,,,,1,,8,,3,,,6,3,,,,,,,,,,,,,,,,,,1,,,5,,,,,,,,234852390065.61,26094710007,110592404599.81,559783440.7,15423341724,15697061203,1744117911.41556,6499356178,56231098.3,537065331.7,62314,6923.77777777778,29713,82,3509,350569329303.23,38952147700.3589,101189759670.34,270612164.8,39555126015,43.7711111111111,70.42,11.72,54.4,5033572569,629196571.10625,1708617105,15060968.95,525010450.7,30.9044444444444,115.35,-27.3,24.64,17979392027,1997710225.24778,7670807830,63112705.37,614012287.2,409.79,3023.8,-73.5,13.4,840.333333333333,6943.57,-70.76,8.21,44.695,132.83,1.05,33.04,2.3525,5.59,0.45,2.16,0.0825,0.44,-0.5,0.115,0,0,0,0,0,0,0,0,0,4967,620.875,1491,50,544.5,28.95,86.56,5.09,23.475,19.5833333333333,104.24,-11.88,8.57,756829849.3,84092205.4722222,195079679.3,48269.56,90723906.56,1807,200.777777777778,735,15,128,4430,492.222222222222,1683,20,386,52,10.4,32,3,4,816,90.6666666666667,317,1,76,428,47.5555555555556,110,1,47,0,0,0,0,0,665,83.125,217,5,66.5,0,0,0,0,0,362,45.25,116,2,40.5,0,0,0,0,0,475,59.375,193,1,25,163,20.375,77,1,9.5,10.68625,14.79,5.02,11.615,0,0,0,0,0,0,0,0,0,0,0,0,0,0,0,0,0,0,0,0,0,0,0,0,0,0,0,0,0,0,0,0,0,0,0,0,0,0,0,0,0,0,0,0,0,136046864491.54,15116318276.8378,77913563168,133207393.3,8424277899,10121,1124.55555555556,2968,25,808,0,0,0,0,0,1942,215.777777777778,541,1,161,52,10.4,32,3,4,11,2.2,5,1,1,14,4.66666666666667,10,2,2
交通运输、仓储和邮政业,浙江省,8,,,,,4,,4,,2,3,,3,2,,,,2,,,,,,1,,,,,,,,3,,,,,,,,,,,3.79504E+11,47437959191.9875,1.86406E+11,4102671446,14061170477,12008231620,1501028952.4975,6503218159,-1503292911,471815797.4,64471,8058.875,18229,805,6384.5,1.46559E+11,18319827679.625,47433791608,2073369847,12581941930,48.26625,89.66,26,42.43,971246498.4,161874416.401667,365113005.5,1582924,161250214,7.07375,33.34,-32.29,12.4,15343761890,1917970236.25625,7542266383,-1426180468,692181966.9,23.4475,158.55,-58.69,2.485,-25.595,441.07,-818.19,14.51,1.73,29.52,-21.7,0.32,0.776666666666667,1.8,0.03,0.71,-0.066,0.24,-0.54,0.02,119807260.3,39935753.43,61336630.04,1582187,56888443.25,17,39.9,-2.94,14.04,2228,557,899,374,477.5,-0.29,6.3,-8.37,1.2,12.4925,99.64,-17.11,3.28,637829893.7,91118556.24,349954996,7901695,54763896.75,1590,198.75,667,3,148,2392,341.714285714286,1309,2,110,9,4.5,7,2,4.5,85,14.1666666666667,28,5,11,73,10.4285714285714,26,1,5,0,0,0,0,0,523,87.1666666666667,225,2,68,0,0,0,0,0,323,53.8333333333333,200,1,28,0,0,0,0,0,318,53,118,2,46.5,41,6.83333333333333,19,1,4.5,6.14,12.4,2.07,5.045,0,0,0,0,0,0,0,0,0,0,0,0,0,0,0,0,0,0,0,0,0,0,0,0,0,0,0,0,0,0,0,0,0,0,0,0,0,0,0,0,0,0,0,0,0,213458607857.12,26682325982,1.36196E+11,1086130211,9555565312,1607,229.571428571429,946,24,104,0,0,0,0,0,1033,147.571428571429,643,1,53,9,4.5,7,2,4.5,1,1,1,1,1,2,1,1,1,1
消费电子及电气业,浙江省,37,,2,,,3,4,28,,20,3,1,13,15,2,1,2,3,,,,,,,,,,,1,,,1,1,2,9,,,,,,,,386742802136.54,10452508165.8524,119233247694.48,252219703,2750233399,34142556977,922771810.182162,13556905995,-98102765.28,209713166.2,209963,5674.67567567568,58200,149,2387,285151922389.07,7706808713.21811,83166337547,113111989.5,1938037779,35.9078378378378,83.9,4.99,34.46,22739493400,631652594.432778,9814446578,7179926.64,92546522.62,-1.211891892,106.3,-80.59,-1.87,38545671703,1041774910.89487,14782698526,-93826898.61,239869072.7,1.28891891891892,469.79,-344.18,-17.25,-4.014324324,561.1,-675.13,-14.11,11.0391666666667,119.67,-81.76,10.76,5.46555555555556,14,2,4.585,0.651764705882353,2.94,-1.34,0.335,2131994.57,2131994.57,2131994.57,2131994.57,2131994.57,0,0,0,0,53757,1581.08823529412,27947,16,285.5,7.5658064516129,67.85,-28.18,6.1,1.53918918918919,82.28,-55.97,1.48,2288000182,61837842.7440541,726261391.9,3018246.34,14348947.87,8505.1,229.867567567568,3103,1.09,51,57924,1609,12328,84,523,2129,92.5652173913043,935,1,13,7982,221.722222222222,3098,4,29.5,2609,72.4722222222222,601,2,21.5,0,0,0,0,0,8855,253,1918,6,74,175,19.4444444444444,94,1,7,3946,116.058823529412,1473,1,16,175,19.4444444444444,94,1,7,8351,231.972222222222,1714,3,63,2759,86.21875,1301,1,5.5,16.28,51.8,7.55,13.845,0,0,0,0,0,0,0,0,0,0,1,1,1,1,1,0,0,0,0,0,0,0,0,0,0,0,0,0,0,0,0,0,0,0,0,0,0,0,0,0,0,0,0,0,0,157253797810.92,4250102643.53838,46263133290,34299745.67,1233799028,90831,2523.08333333333,29159,73,467,0,0,0,0,0,24069,668.583333333333,7746,16,106,2129,92.5652173913043,932,1,13,59,3.93333333333333,22,1,1,10,3.33333333333333,7,1,2
房地产业,浙江省,21,,1,,,4,,16,,6,10,,5,4,2,,,8,,1,,,,1,,,,,,,,1,,,4,,,,,,,,1359965203903.48,64760247804.9276,5.35077E+11,529979994,15179732838,12297928184,585615627.812381,8894969656,-3497562209,125064868,93506,4452.66666666667,44418,37,1070,276019663157.47,13143793483.689,1.27153E+11,119226637.4,5238027440,64.5695238095238,109.61,32.15,65.02,75925128.02,25308376.0066667,38142363.58,3096589.3,34686175.14,14.4547619047619,305.55,-90.44,5.62,21938850249,1044707154.72143,13256362835,-3083761934,197272559.1,-158.4219048,487.32,-3035.66,-24.98,-73.27571429,64.1,-678.2,-29.18,41.6333333333333,82.6,9.11,33.19,1.33666666666667,3.65,0.16,0.2,0.776666666666667,2.25,0.01,0.07,0,0,0,0,0,0,0,0,0,322,107.333333333333,255,20,47,70.7833333333333,236.37,-17.52,-6.5,-8.597142857,43,-84.73,-4.76,374913120.6,20828506.6988889,145000598,84061,6461551.94,1228.73,58.5109523809524,279,2.31,26,637,70.7777777777778,447,1,18,0,0,0,0,0,69,13.8,36,2,12,63,9,40,1,1,0,0,0,0,0,52,17.3333333333333,34,2,16,0,0,0,0,0,14,4.66666666666667,11,1,2,0,0,0,0,0,42,14,28,2,12,8,4,6,2,4,19.65,51.51,0.26,7.18,0,0,0,0,0,0,0,0,0,0,0,0,0,0,0,0,0,0,0,0,0,0,0,0,0,0,0,0,0,0,0,0,0,0,0,0,0,0,0,0,0,0,0,0,0,1065848748013.26,50754702286.3457,4.23664E+11,181973734,9871860854,1071,133.875,733,2,42,0,0,0,0,0,200,22.2222222222222,144,1,9,0,0,0,0,0,5,2.5,4,1,2.5,0,0,0,0,0
采矿业,浙江省,3,,,,,1,,2,,1,2,,,1,,,,1,,,,,,1,,,,,,,,,,,,,,,,,,,23155371162,7718457054,20840382991,238167842.2,2076820329,3118591296,1039530432,3028113235,14055062.42,76422999,7193,2397.66666666667,6692,138,363,21924125713,7308041904.37333,18289547762,168538995.1,3466038956,61.5233333333333,84.56,42.27,57.74,1867999.84,1867999.84,1867999.84,1867999.84,1867999.84,51.6866666666667,74.3,33.77,46.99,18351199299,6117066433.07667,18289578436,-40790764.77,102411628,360.533333333333,1175.89,-59.03,-35.26,88.86,156.26,-37.04,147.36,11.8,11.8,11.8,11.8,1.1,1.1,1.1,1.1,-0.28,-0.28,-0.28,-0.28,0,0,0,0,0,0,0,0,0,12,12,12,12,12,-20,-20,-20,-20,15.2633333333333,38.18,1.1,6.51,111895400.6,37298466.8533333,100646281,308742.56,10940377,181,60.3333333333333,154,11,16,187,62.3333333333333,90,13,84,1,1,1,1,1,28,9.33333333333333,22,1,5,40,13.3333333333333,36,2,2,0,0,0,0,0,16,8,12,4,8,0,0,0,0,0,10,5,9,1,5,0,0,0,0,0,13,4.33333333333333,11,1,1,6,3,5,1,3,9.24,9.24,9.24,9.24,0,0,0,0,0,0,0,0,0,0,0,0,0,0,0,0,0,0,0,0,0,0,0,0,0,0,0,0,0,0,0,0,0,0,0,0,0,0,0,0,0,0,0,0,0,10213330742,3404443580.76333,8812591521,201423484.3,1199315737,611,203.666666666667,562,14,35,0,0,0,0,0,68,22.6666666666667,47,3,18,1,1,1,1,1,0,0,0,0,0,0,0,0,0,0
非金属矿物制品业,浙江省,10,,2,,,2,,6,,1,2,,7,1,,,,1,,1,,,,,,,,,,,,2,1,,4,,,,,,,,154555098112.55,15455509811.255,48633668016,1208534031,8507434317,12923544460,1292354446,6820296872,72513075.06,345200564.6,45010,4501,14147,681,2714,77112023697,7711202370,20192200339,703748240.8,4984886804,39.009,59.3,19.74,38.785,2350826706,261202967.374444,577048019.8,28637187.55,140887984,25.089,77.42,-9.99,4.84,14679123291,1467912329,8124223740,83535263.04,402548997.2,-15.425,11.12,-64.52,-8.785,-12.898,11.13,-67.07,0.135,22.0233333333333,73.85,3.62,12.13,3.52777777777778,6.21,0.99,3.36,-0.006666667,1.2,-1.38,0.13,18787267,18787267,18787267,18787267,18787267,-35.86,-35.86,-35.86,-35.86,3775,471.875,1306,52,322.5,9.58571428571429,54.15,-27.27,2.89,12.831,42.4,-3.76,6.055,502409209.8,50240920.98,228579041.4,3031554.33,27242419.44,2296,229.6,767,26,76,3314,331.4,1035,84,260,55,7.85714285714286,34,1,2,618,68.6666666666667,218,12,18,483,48.3,152,2,15,0,0,0,0,0,246,27.3333333333333,98,4,22,0,0,0,0,0,97,10.7777777777778,36,1,5,0,0,0,0,0,282,31.3333333333333,118,12,18,98,12.25,49,1,6,10.07625,13.89,3.82,10.275,0,0,0,0,0,0,0,0,0,0,0,0,0,0,0,0,0,0,0,0,0,0,0,0,0,0,0,0,0,0,0,0,0,0,0,0,0,0,0,0,0,0,0,0,0,73188951017,7318895102,19836192364,238455812.3,2647535951,7637,763.7,2557,107,336.5,0,0,0,0,0,1326,132.6,395,2,54.5,55,7.85714285714286,34,1,2,9,2.25,4,1,2,0,0,0,0,0
通用设备制造业,浙江省,62,,,,,5,2,55,,35,2,5,20,31,4,,,1,1,,,,,,,,,,5,,,1,,1,18,,,,,,,,317749902350.87,5124998425.01403,57309886259,17829651,2178445271,13608391802,219490190.352419,2650613553,-1528917961,80126041.3,138669,2236.59677419355,14817,11,1516.5,192162030886.06,3099387594.93645,33008427141,32213226,1079392475,39.7275806451613,109,7.73,40.5,7275021031,119262639.850164,988953821.9,8006670.89,49990470.36,6.01951612903226,292.9,-49.1,1.18,15911841992,256642612.771935,3363698055,-1820416220,84555406.48,-56.7766129,328.65,-2084.61,-5.155,-74.3633871,159.52,-3103.89,-0.65,10.5349180327869,288.2,-31.71,5.4,4.92245901639344,32.75,0.54,4.36,0.508688524590164,21.52,-1.64,0.2,70640687.15,17660171.79,56104102.12,1214525.82,6661029.605,-66.638,-32.55,-105,-70.61,17100,285,2247,30,179,13.4042307692308,224.19,-25,7.51,11.6661666666667,468.19,-24.6,2.37,1244907842,20408325.2844262,128743017,1989339.11,11230473.64,4759.13,76.7601612903226,1085,0.2,38.5,30344,489.41935483871,5179,11,283.5,681,24.3214285714286,322,1,3,3651,59.8524590163934,1224,2,30,2283,38.05,532,1,23,0,0,0,0,0,3330,54.5901639344262,322,3,33,186,37.2,112,1,2,992,18.0363636363636,139,1,10,184,36.8,110,1,2,3209,52.6065573770492,436,4,32,446,8.57692307692308,144,1,4,13.3745,41.9,2.58,12.345,0,0,0,0,0,0,0,0,0,0,2,1,1,1,1,0,0,0,0,0,0,0,0,0,0,0,0,0,0,0,0,0,0,0,0,0,0,0,0,0,0,0,0,0,0,166985398923.09,2693312885.85629,34403853785,17829382,877569050.6,49919,805.145161290323,11286,33,536.5,0,0,0,0,0,10107,163.016129032258,2850,3,81.5,692,24.7142857142857,326,1,3,67,2.48148148148148,10,1,1,0,0,0,0,0
半导体业,浙江省,13,,,,,,3,10,,4,2,,7,4,,,,1,1,,,,,,,,,,,,,,,2,5,,,,,,,,73094407145,5622646703.46692,18541658091,367245310,4288309819,2935818344,225832180.291538,1047549299,-307524186.5,101978251.3,22095,1699.61538461538,7616,173,1025,25574979121,1967306086,8282200476,180828036.2,1702799939,36.3723076923077,64.6,6.5,35.78,2214423628,170340279.063846,743176288.3,15510442.49,121728115.4,191.140769230769,2390.79,-40.6,14.62,3284662595,252666353.480769,1193572538,-322512566,109195493.7,-204.3815385,167.5,-2564.3,-31.13,-150.4315385,133.9,-1828.2,-30.97,16.8392307692308,71.4,-19.4,18.33,9.89846153846154,21.06,4.3,8.55,-25.93384615,3.09,-350.35,0.64,32096915.07,32096915.07,32096915.07,32096915.07,32096915.07,-21.53,-21.53,-21.53,-21.53,6225,478.846153846154,3352,67,228,23.539,67.21,-12.92,22.385,10.335,37.09,-25.17,9.775,506866100.8,42238841.7333333,149356732,550594.44,27923438.27,1795.17,138.09,427,3.24,102,6606,600.545454545455,1902,112,305,54,7.71428571428571,32,1,3,1427,129.727272727273,509,10,40,811,73.7272727272727,385,8,26,0,0,0,0,0,877,79.7272727272727,270,8,43,3,1.5,2,1,1.5,536,48.7272727272727,220,4,14,3,1.5,2,1,1.5,609,55.3636363636364,146,4,32,253,28.1111111111111,95,1,5,27.0238461538462,62.97,11.82,18.73,0,0,0,0,0,0,0,0,0,0,0,0,0,0,0,0,0,0,0,0,0,0,0,0,0,0,0,0,0,0,0,0,0,0,0,0,0,0,0,0,0,0,0,0,0,31027588234,2386737556.47154,8850052859,150391997,1099120451,14716,1337.81818181818,6854,165,370,0,0,0,0,0,3780,343.636363636364,1329,41,93,54,7.71428571428571,32,1,3,5,1.66666666666667,3,1,1,0,0,0,0,0
建筑业,浙江省,17,,,,,5,,12,,6,4,,7,3,3,,,4,,,,,,,,,,,,,,2,,,5,,,,,,,,396016642774.87,23295096633.8159,111119823053.82,1240009855,8544682723,4987443096,293379005.661765,1750174056,-784555959.7,103056351.2,63420,3730.58823529412,21367,279,1526,2.5087E+11,14757071310.6529,98535102132,326914860.9,5840778829,63.4217647058824,90.78,36.8,65.65,3465950999,216621937.468125,1060773143,1447865,77718598.96,-14.27882353,18.4,-57.9,-12.24,6869568771,404092280.618824,2151614484,-681435936.2,131923612.2,-87.06764706,127.51,-540.4,-16.46,-135.2064706,124.22,-1231.68,-18.57,8.93928571428572,146.26,-43.92,-5.75,2.841875,6.06,0,2.845,0.582857142857143,2.8,-0.49,0.015,9768970.81,9768970.81,9768970.81,9768970.81,9768970.81,0,0,0,0,9257,712.076923076923,3746,50,237,1.25230769230769,69.28,-45.18,0.4,-4.168235294,6.31,-17.44,-1.12,297409771.2,17494692.4247059,51775550.89,757581.31,16842214,856.9,50.4058823529412,168,1.19,34,15705,1047,7237,61,359,13,3.25,6,2,2.5,982,65.4666666666667,196,1,33,712,47.4666666666667,144,1,25,0,0,0,0,0,2425,161.666666666667,918,4,33,0,0,0,0,0,637,45.5,255,1,10.5,0,0,0,0,0,3116,207.733333333333,1625,8,40,222,18.5,47,1,9,17.2553846153846,32.3,6.83,15.99,0,0,0,0,0,0,0,0,0,0,1,1,1,1,1,0,0,0,0,0,0,0,0,0,0,0,0,0,0,0,0,0,0,0,0,0,0,0,0,0,0,0,0,0,0,307044965070.33,18061468533.5488,1.00889E+11,520027428.1,4851893656,15575,1038.33333333333,3726,60,438,0,0,0,0,0,4337,289.133333333333,1988,7,90,13,3.25,6,2,2.5,5,1.66666666666667,2,1,2,2,2,2,2,2
铁路、船舶、航空航天和其他运输设备制造业,浙江省,6,,1,,,,,5,,4,,,2,3,,1,,,,,,,,,,,,,,,,,,,2,,,,,,,,36343267694,6057211282.27167,9854576419,1154583386,7020634132,1768398196,294733032.6,739935223.7,73576464.96,239914373.7,14553,2425.5,5250,600,2004,26426603044,4404433841,11378021589,606680006.5,3208732514,38.38,58.43,18.23,39.97,1703069761,283844960.186667,752150562.2,22102518.8,255843773.6,14.0866666666667,44.75,-35.97,27.62,1990299723,331716620.6,780941852.2,82482311.53,285227512.6,22.2883333333333,92.77,-61.16,20.305,19.0883333333333,79.86,-60.88,21.33,47.3733333333333,98.48,15.15,36.175,6.05166666666667,9.97,0.97,6.13,0.916666666666667,1.8,-0.56,1.08,250142411,125071205.5,218596580.7,31545830.37,125071205.5,46.46,84.55,8.37,46.46,3026,504.333333333333,1215,101,473,28.1166666666667,58.77,3.98,21.59,11.8433333333333,32.21,-7.25,11.145,128306279.9,21384379.9883333,40947330.39,3723706.74,16970730.74,681,113.5,240,34,71.5,4006,667.666666666667,1493,98,690,27,9,16,2,9,365,60.8333333333333,136,13,42,224,37.3333333333333,86,12,28.5,0,0,0,0,0,777,129.5,393,4,116,6,3,5,1,3,201,33.5,86,1,20,6,3,5,1,3,698,116.333333333333,424,9,77.5,84,16.8,31,2,19,20.345,30,12.54,19.595,0,0,0,0,0,0,0,0,0,0,0,0,0,0,0,0,0,0,0,0,0,0,0,0,0,0,0,0,0,0,0,0,0,0,0,0,0,0,0,0,0,0,0,0,0,15319679774,2553279962,5259118548,214886581.9,2508028590,4714,785.666666666667,1599,158,696.5,0,0,0,0,0,1332,222,440,48,220.5,27,9,16,2,9,8,2,5,1,1,0,0,0,0,0
水利、环境和公共设施管理业,浙江省,7,,,,,,,7,,3,,,4,3,,,,,,,,,,,,,,,,,,,,,4,,,,,,,,78627384481,11232483497.2771,29271272326,766063236.8,11305796447,2181545907,311649415.238571,1682046408,-564790513.1,7823385.09,25648,3664,17177,175,1362,22680413111,3240059015.82857,12255979766,203154961,1354513481,55.8885714285714,85.48,39.4,47.64,685135580.8,97876511.54,364233491.3,18242530.9,59899366.2,-11.61428571,29.45,-51.64,3.76,2376654580,339522082.825714,1776091254,-581014011.9,13962182.16,-269.8885714,112.86,-1431.42,-32.38,-328.3585714,103.44,-1858.8,-40.28,12.2385714285714,66.15,-36.73,15.3,5.33714285714286,12.06,1.84,4.35,1.70714285714286,5.95,-0.61,0.54,23461987.83,23461987.83,23461987.83,23461987.83,23461987.83,-14.07,-14.07,-14.07,-14.07,2630,375.714285714286,1419,60,284,9.61,57.23,-16.59,0.58,14.26,28.65,-14.74,21.2,182264689.3,26037812.7628571,80268974.86,4241829.1,11531676.65,621,88.7142857142857,290,12,52,5028,718.285714285714,1906,80,572,12,6,10,2,6,838,119.714285714286,544,7,34,376,53.7142857142857,110,2,36,0,0,0,0,0,554,79.1428571428571,243,11,49,0,0,0,0,0,181,25.8571428571429,115,3,11,0,0,0,0,0,503,71.8571428571429,156,9,41,153,21.8571428571429,65,1,10,18.6057142857143,33.77,8.2,17.36,0,0,0,0,0,0,0,0,0,0,0,0,0,0,0,0,0,0,0,0,0,0,0,0,0,0,0,0,0,0,0,0,0,0,0,0,0,0,0,0,0,0,0,0,0,40960765639,5851537948.45143,11533836946,364000457.4,8218169549,9012,1287.42857142857,4613,81,649,0,0,0,0,0,1684,240.571428571429,884,37,112,12,6,10,2,6,2,2,2,2,2,1,1,1,1,1
科学研究和技术服务业,浙江省,6,,,,,,1,5,,4,2,,,3,,,1,2,,,,,,,,,,,,,,,,,,,,,,,,,62524207342,10420701223.6217,27446591365,1105934778,2656005342,-796209498.3,-132701583,2281264626,-5637363547,133624905.5,22698,3783,9238,318,1605,17942683355,2990447225.82667,7085473825,92814817,1553499338,27.9133333333333,60.37,13.92,17.335,767418806.2,127903134.373333,234617259,10682897.2,125473011,24.36,62.28,-10.78,35.94,3018339901,503056650.2,2594918943,-2460488612,140388835.2,-15.844,58.53,-82.57,-29.61,-13.626,74.8,-80.63,-32.88,32.416,107.63,-3.7,10.79,13.0966666666667,39.33,1.84,3.395,0.99,5.61,-0.71,0.24,0,0,0,0,0,0,0,0,0,2139,427.8,932,36,334,21.335,70.13,-5.1,10.155,14.518,72.67,-15.77,10.82,129637200.5,25927440.11,50181595,1668401.77,31633226.13,1094,182.333333333333,535,24,75.5,3352,558.666666666667,3026,29,72.5,3,3,3,3,3,35,5.83333333333333,21,2,2.5,53,8.83333333333333,26,1,7,0,0,0,0,0,382,63.6666666666667,306,3,4,0,0,0,0,0,69,17.25,60,3,3,0,0,0,0,0,861,143.5,827,1,5,12,2,6,1,1,23.312,70.82,5.24,14.13,0,0,0,0,0,0,0,0,0,0,0,0,0,0,0,0,0,0,0,0,0,0,0,0,0,0,0,0,0,0,0,0,0,0,0,0,0,0,0,0,0,0,0,0,0,11846175427,1974362571,4765508957,168964821.7,849391229.5,449,74.8333333333333,139,35,65.5,0,0,0,0,0,260,43.3333333333333,118,12,22,3,3,3,3,3,0,0,0,0,0,0,0,0,0,0
纺织鞋服业,浙江省,42,,,,,1,2,38,1,11,7,,24,11,,,,7,,,,,,,,,,,,,,1,,2,20,,,1,,,,,225656202874.86,5372766735.11571,77777064305,245890734,2279324943,16020369853,381437377.450476,5065511285,-609497123.6,100331900.6,268251,6386.92857142857,94355,247,2381,143956578644.19,3427537586.76643,27781494165,78998161,1512629982,53.8811904761905,489.73,2.14,38.23,2539746641,65121708.7492308,295360003.4,212043,47331011.79,-4.98547619,55.57,-99.97,0.16,18994347922,452246379.098571,5947705462,-706223588.5,107081594.7,-82.74761905,173.5,-1184.64,-9.54,-83.47642857,176.7,-1188.64,-7.835,0.946052631578947,42.39,-89.31,7.94,3.51769230769231,13.13,0.23,2.8,0.305263157894737,3.37,-1.7,0.12,0,0,0,0,0,-103,-103,-103,-103,10184,290.971428571429,923,3,205,11.5206060606061,89.15,-11.21,5.46,-0.828333333,31.44,-29.08,-1.605,1283719787,30564756.8404762,230333384,-382028,13054103.97,2923.88,69.6161904761905,1032,0.33,32,12795,319.875,1661,7,231,37,2.84615384615385,15,1,1,1030,27.1052631578947,238,2,16,803,22.9428571428571,157,1,12,0,0,0,0,0,1145,30.9459459459459,248,1,17,1,1,1,1,1,253,9.03571428571429,50,1,6.5,1,1,1,1,1,1187,32.0810810810811,265,1,19,126,5.47826086956522,43,1,3,9.72885714285714,28.91,1.25,8.41,0,0,0,0,0,0,0,0,0,0,1,1,1,1,1,0,0,0,0,0,0,0,0,0,0,0,0,0,0,0,0,0,0,0,0,0,0,0,0,0,0,0,0,0,0,1.09918E+11,2617092856.49286,39666561476,24357531.88,1056142134,13271,340.282051282051,1811,11,279,0,0,0,0,0,2475,65.1315789473684,492,4,49,37,2.84615384615385,15,1,1,10,1.11111111111111,2,1,1,0,0,0,0,0
通信传输设备业,浙江省,9,,1,,,,1,7,,5,2,,2,4,,,1,2,,,,,,,,,,,,,,,1,,1,,,,,,,,17161598170,1906844241,4556155110,193989766.8,1417791758,726327324.3,80703036.0311111,217222298.3,-37487697.76,107721229,12013,1334.77777777778,6610,110,463,11413342555,1268149172.73222,5010778807,51956103.5,508720351.7,32.9733333333333,69.74,3.7,25.78,693601642,77066849.1111111,199272751.5,3622581.2,43282199.59,2.86777777777778,31.64,-45.1,6.36,786863196.1,87429244.0066667,226304227.9,-31786012,105770870.1,75.7844444444444,635.4,-122.08,14.02,95.33,842.82,-158.99,13,14.38,97.1,-27.99,8.98,13.0933333333333,33.84,3.99,6.96,0.788888888888889,11.69,-9.35,-0.04,1647501.84,1647501.84,1647501.84,1647501.84,1647501.84,-15.83,-15.83,-15.83,-15.83,2162,270.25,816,75,163,9.58375,61.78,-37.1,8.58,0.835555555555556,52.5,-35.37,-3.61,67388972.97,9626996.13857143,22333736.9,1117059.5,9433730.74,610.37,67.8188888888889,143,2.02,79,2939,326.555555555556,1111,37,97,122,30.5,111,1,5,542,60.2222222222222,207,12,18,498,55.3333333333333,260,4,20,0,0,0,0,0,165,23.5714285714286,91,1,5,0,0,0,0,0,62,12.4,20,4,16,0,0,0,0,0,163,23.2857142857143,84,1,12,39,7.8,21,1,6,29.87625,53.63,12.23,28.805,0,0,0,0,0,0,0,0,0,0,0,0,0,0,0,0,0,0,0,0,0,0,0,0,0,0,0,0,0,0,0,0,0,0,0,0,0,0,0,0,0,0,0,0,0,5453634242,605959360.173333,2918026822,53461550.72,216174476.6,14308,1589.77777777778,9568,93,290,0,0,0,0,0,1072,119.111111111111,330,15,67,124,31,113,1,5,0,0,0,0,0,2,2,2,2,2
金属制品业,浙江省,17,1,,,,,,16,,8,3,,6,8,,,,3,,,,,,,,,,,,,,,,,5,,1,,,,,,94621759356,5565985844.47176,18579596938,568828003.7,3768656277,4899264617,288192036.280588,1444644061,-50668515.32,199819162.6,50476,2969.17647058824,10567,287,2058,75497942477,4441055439.79412,12610123128,502064769.1,2427890154,40.4005882352941,64.49,11.3,41.27,2922387005,171905118,514639314,6634415.62,101947789,10.2282352941176,119.04,-16.78,4.2,5461077876,321239875.081176,1687074410,-58190946.23,229938193.4,9.77235294117648,236.35,-136.95,-13.06,12.8117647058824,326.22,-138.9,-21.86,10.6294117647059,57.5,-16.62,6.53,3.9464705882353,7.23,0.97,3.41,0.0270588235294118,1.12,-1.21,0.01,26846553.5,26846553.5,26846553.5,26846553.5,26846553.5,11.57,11.57,11.57,11.57,6528,408,1128,50,226,54.0661538461538,612.28,-18.11,8.45,3.50647058823529,48.02,-14.33,2.7,397003130.3,23353125.3088235,69890642.52,2392697.73,16762462.05,972.68,57.2164705882353,265,1.63,39,11097,739.8,3751,62,234,316,35.1111111111111,280,1,4,1026,68.4,376,2,35,675,45,193,1,19,0,0,0,0,0,1189,84.9285714285714,333,7,32.5,3,3,3,3,3,390,27.8571428571429,153,3,8.5,3,3,3,3,3,1164,77.6,352,1,23,160,13.3333333333333,78,1,6.5,14.0125,22.62,5.55,13.495,0,0,0,0,0,0,0,0,0,0,1,1,1,1,1,0,0,0,0,0,0,0,0,0,0,0,0,0,0,0,0,0,0,0,0,0,0,0,0,0,0,0,0,0,0,43885324181,2581489657.73059,11289536485,144916566.7,1429714141,17050,1136.66666666667,5620,45,396,0,0,0,0,0,2847,189.8,964,12,78,324,36,288,1,4,16,2.66666666666667,5,1,2,3,1.5,2,1,1.5
文化、体育和娱乐业,浙江省,14,,,,,7,,7,,9,1,,4,5,4,,,1,,,,,,,,,,,,,,3,,,1,,,,,,,,95373237100,6812374078.56286,27110797270,399705127,3745868565,601162665.7,42940190.41,1417322208,-992512077.9,33239664.13,33773,2412.35714285714,12248,58,537.5,31150169771,2225012126.48357,11784531704,219772574.6,464228673.9,41.4585714285714,96.19,16.32,36.255,644611913.3,58601083.0227273,506007546.9,39517,14688702.24,-8.77,46.02,-71.21,-2.845,1029180201,73512871.4935714,1424119003,-921816842.8,35151649.89,-251.855,219.34,-3242.03,-20.455,-239.9578571,239.34,-2429.53,-26.615,13.2436363636364,118.2,-94.38,1.47,2.51181818181818,7.33,0.06,2.41,0.0945454545454545,1.4,-1.16,0.06,10867467.15,5433733.575,10261660.74,605806.41,5433733.575,-78.46,-78.46,-78.46,-78.46,1816,201.777777777778,889,24,78,37.92125,104,-19.38,21.23,13.7507142857143,201.76,-39.55,-3.535,367443999.1,26245999.9335714,72886099.5,666597.95,19643203.29,1328.76,94.9114285714286,329,6.76,69,739,67.1818181818182,282,1,31,0,0,0,0,0,65,8.125,38,1,4,73,9.125,24,1,7,0,0,0,0,0,57,11.4,22,1,13,0,0,0,0,0,18,4.5,11,1,3,0,0,0,0,0,77,12.8333333333333,28,1,9.5,14,3.5,6,1,3.5,9.23,18.85,1.11,7.2,0,0,0,0,0,0,0,0,0,0,0,0,0,0,0,0,0,0,0,0,0,0,0,0,0,0,0,0,0,0,0,0,0,0,0,0,0,0,0,0,0,0,0,0,0,39626066490,2830433320.74214,12169778999,102238179,1775074598,1123,112.3,516,3,46.5,0,0,0,0,0,199,22.1111111111111,79,1,12,0,0,0,0,0,1,1,1,1,1,1,1,1,1,1
橡胶和塑料制品业,浙江省,24,,,,,2,,22,,17,,,7,15,2,,,,,,,,,,,,,,,,,,,,7,,,,,,,,88110233866,3671259744.40542,20194681178,333870028.3,2592923744,5479594192,228316424.677083,1579203093,-22509093.14,106364161.2,42373,1765.54166666667,7202,210,1054.5,62316506633,2596521109.69625,18877441094,242772038.4,1634706772,31.13,79.41,5.3,30.33,1978689930,82445413.7491667,644809108.8,11673537.93,47604030.02,4.735,60.03,-22.21,-1.8,6164676720,256861530.013333,1698958841,-30301902.8,114237127.9,-27.97041667,228.54,-472.03,-16.93,-23.92833333,149.63,-317.65,-18.24,4.95166666666667,66.77,-33.7,0.045,3.77583333333333,6.51,1.05,3.66,-0.02375,1.25,-2.12,0.005,0,0,0,0,0,0,0,0,0,5141,214.208333333333,886,34,137,0.417272727272727,37.79,-20.52,-2.63,0.505833333333333,23.03,-27.76,1.835,289015828.5,12042326.19,56574996.09,778909.08,8153080.855,1898,79.0833333333333,694,13,33,8058,335.75,1974,20,193.5,102,8.5,23,1,4,1019,42.4583333333333,180,5,25.5,627,26.125,126,1,12.5,0,0,0,0,0,964,45.9047619047619,301,1,17,17,3.4,6,1,3,353,19.6111111111111,74,1,7,17,3.4,6,1,3,991,47.1904761904762,327,4,21,172,9.05263157894737,42,1,3,13.00625,35.1,3.93,12.015,0,0,0,0,0,0,0,0,0,0,1,1,1,1,1,0,0,0,0,0,0,0,0,0,0,0,0,0,0,0,0,0,0,0,0,0,0,0,0,0,0,0,0,0,0,28713356786,1196389866,6184184224,58459811.58,640082287.7,12777,532.375,2387,85,306.5,0,0,0,0,0,2573,107.208333333333,418,18,49,102,8.5,23,1,4,17,2.42857142857143,6,1,2,1,1,1,1,1
租赁和商务服务业,浙江省,15,,1,,,5,,9,,8,2,,5,6,2,,,2,,,,,,,,,,,,,,3,1,,1,,,,,,,,132367226102.56,8824481740.17066,41104401301,210754414,2857336517,4360911784,290727452.264667,1193171377,-407036825.6,134185065.3,22972,1531.46666666667,5130,75,1013,73283706990,4885580466.02867,36900626437,26293924,1616603319,40.34,67.58,20.41,39.15,848505471.2,65269651.6269231,380697381.2,3095208.16,15542350.87,16.814,91.79,-12.54,11.86,5628925061,375261670.720667,1581901281,-375455516.1,169592199.1,-38.86266667,202.35,-564.83,-27.19,-64.43466667,182.12,-734.1,-16.92,2.92692307692308,55.32,-52.36,2.8,1.67769230769231,7.6,0.16,1,-1.246363636,0.3,-8.4,-0.03,33528353.3,16764176.65,31921727,1606626.3,16764176.65,-38.56,11.68,-88.8,-38.56,2512,193.230769230769,981,14,111,3.05181818181818,88.85,-42.67,-4.72,0.389285714285715,40.95,-23.5,-4.13,366627162.2,24441810.81,95148974.92,391043,15400631.42,1135.63,75.7086666666667,460,1.72,40,1966,151.230769230769,614,3,26,127,127,127,127,127,460,51.1111111111111,220,1,6,220,24.4444444444444,108,1,3,0,0,0,0,0,165,20.625,46,1,19,7,7,7,7,7,99,16.5,42,2,5.5,7,7,7,7,7,165,18.3333333333333,49,1,10,80,13.3333333333333,38,1,4,11.4261538461538,39.88,0.83,6.25,0,0,0,0,0,0,0,0,0,0,0,0,0,0,0,0,0,0,0,0,0,0,0,0,0,0,0,0,0,0,0,0,0,0,0,0,0,0,0,0,0,0,0,0,0,65632161720,4375477447.99533,22703895310,82447157,848685396.6,6048,465.230769230769,3335,3,24,0,0,0,0,0,1008,84,457,2,8.5,122,122,122,122,122,2,2,2,2,2,9,4.5,7,2,4.5
农、林、牧、渔业,浙江省,1,,,,,,,1,,1,,,,1,,,,,,,,,,,,,,,,,,,,,,,,,,,,,19551583163,19551583163,19551583163,19551583163,19551583163,476913523.8,476913523.8,476913523.8,476913523.8,476913523.8,10546,10546,10546,10546,10546,9570940833,9570940833,9570940833,9570940833,9570940833,79.64,79.64,79.64,79.64,31050950.24,31050950.24,31050950.24,31050950.24,31050950.24,-8.93,-8.93,-8.93,-8.93,510506716.9,510506716.9,510506716.9,510506716.9,510506716.9,115.47,115.47,115.47,115.47,111.64,111.64,111.64,111.64,-64.1,-64.1,-64.1,-64.1,0.34,0.34,0.34,0.34,-0.5,-0.5,-0.5,-0.5,0,0,0,0,0,0,0,0,0,178,178,178,178,178,-42.26,-42.26,-42.26,-42.26,-6.2,-6.2,-6.2,-6.2,75338217.8,75338217.8,75338217.8,75338217.8,75338217.8,83,83,83,83,83,247,247,247,247,247,0,0,0,0,0,18,18,18,18,18,71,71,71,71,71,0,0,0,0,0,14,14,14,14,14,0,0,0,0,0,5,5,5,5,5,0,0,0,0,0,9,9,9,9,9,1,1,1,1,1,1.69,1.69,1.69,1.69,0,0,0,0,0,0,0,0,0,0,0,0,0,0,0,0,0,0,0,0,0,0,0,0,0,0,0,0,0,0,0,0,0,0,0,0,0,0,0,0,0,0,0,0,0,15565953351,15565953351,15565953351,15565953351,15565953351,601,601,601,601,601,0,0,0,0,0,124,124,124,124,124,0,0,0,0,0,0,0,0,0,0,0,0,0,0,0
仪器仪表制造业,浙江省,20,,,,,,2,18,,10,,1,9,10,,,,,,,,,,,,,,,1,,,,,2,7,,,,,,,,65261237408,3263061870,16227739295,636618070.7,1919846148,3359265419,167963270.9,965004676.7,-443027199.7,91890864.73,33300,1665,8130,290,883,29018287848,1450914392,9098209642,190225718,836608772.8,28.677,65.5,8.91,26.67,2144610580,107230529,566320678.6,15980044.76,65693572.82,12.487,54.53,-21.62,14.83,3797609806,189880490.3,1152341599,-487261961.1,88438571.25,3.3045,123.31,-77.9,-3.295,5.4345,119.69,-99.29,-0.155,20.6015,50.3,-3.87,19.945,8.859,22.28,3.58,7.66,0.935,6.86,-1.83,0.49,6139198.63,6139198.63,6139198.63,6139198.63,6139198.63,410.61,410.61,410.61,410.61,7104,355.2,1729,47,238.5,19.2075,139,-21.29,10.645,10.458,47.1,-3.1,8.065,396158764.7,19807938.24,81469221.86,1298541.52,9554322.965,1223,61.15,176,11,47.5,10232,511.6,2312,98,288,74,10.5714285714286,23,2,8,1426,71.3,428,3,26.5,1062,53.1,406,1,18,0,0,0,0,0,1064,53.2,247,4,23.5,3,3,3,3,3,450,23.6842105263158,122,1,10,3,3,3,3,3,909,45.45,239,6,22.5,239,12.5789473684211,69,1,7,25.604,45.8,5.82,26.065,0,0,0,0,0,0,0,0,0,0,1,1,1,1,1,1,1,1,1,1,0,0,0,0,0,0,0,0,0,0,0,0,0,0,0,0,0,0,0,0,0,0,0,0,0,23742524779,1187126238.9715,6738694136,56916869.93,460866505.9,17225,861.25,5356,107,317.5,0,0,0,0,0,3997,199.85,1210,16,98.5,74,10.5714285714286,23,2,8,77,5.92307692307692,17,1,4,1,1,1,1,1
造纸和纸制品业,浙江省,13,,,,,1,,12,,3,1,,9,3,,,,1,,,,,,,,,,,,,,1,,,8,,,,,,,,55174397944,4244184457,13263648521,1041801768,2752822217,2160898799,166222984.521538,714813776.8,-366737451,127183127,19722,1517.07692307692,4169,260,1166,38941477481,2995498267.75769,7738302671,323860416,2562875838,34.8261538461538,66.43,9.25,30.49,1229215548,94555042.1469231,215332877.9,45880464,95846529.43,7.15923076923077,61.56,-34.81,6.18,2455220636,188863125.814615,801065743.6,-318941098,131874255.7,-102.9969231,31.8,-800.67,-49.85,-220.3107692,34.59,-2325.55,-47.49,9.44538461538462,67.47,-34.2,4.97,4.96230769230769,14.16,1.01,3.69,0.742307692307692,8.68,-1.25,0.13,0,0,0,0,0,0,0,0,0,2149,179.083333333333,262,81,179,51.4758333333333,504.25,-22.12,2.11,4.09,46.57,-18.27,2.51,260023038.6,20001772.1969231,100648400.4,2719687.14,9681322.66,601.96,46.3046153846154,142,3.96,36,2487,191.307692307692,435,45,192,16,4,12,1,1.5,383,29.4615384615385,58,4,18,287,22.0769230769231,47,2,15,0,0,0,0,0,276,21.2307692307692,52,2,16,0,0,0,0,0,135,10.3846153846154,27,1,6,0,0,0,0,0,270,20.7692307692308,42,2,18,58,4.83333333333333,19,1,2.5,12.845,20.56,6.48,12.165,0,0,0,0,0,0,0,0,0,0,0,0,0,0,0,0,0,0,0,0,0,0,0,0,0,0,0,0,0,0,0,0,0,0,0,0,0,0,0,0,0,0,0,0,0,21191828593,1630140660.98846,6351818825,254869128.1,744420893.9,3900,300,617,39,259,0,0,0,0,0,933,71.7692307692308,148,17,48,16,4,12,1,1.5,10,1.66666666666667,4,1,1,0,0,0,0,0
其他制造业,浙江省,7,,,,,1,,6,,4,1,,2,3,1,,,1,,,,,,,,,,,,,,,,,2,,,,,,,,15790314171,2255759167.23143,5640239196,893943382.7,1205290073,40307822.49,5758260.35571429,94001658.9,-162470559.4,17381755.09,6024,860.571428571429,2470,51,794,9701598708,1385942672.60857,3473585324,353591412.5,682659449,38.2442857142857,69.99,13.59,34.91,322104841.7,46014977.38,218283011.7,917453.55,21344686.56,6.36142857142857,45.45,-9.21,0.89,-22704066.9,-3243438.129,106229832.6,-213495928.9,12098996.19,4.03428571428571,150.98,-206.23,51.7,2.25428571428571,129.2,-211.83,41.21,-13.61571429,37.42,-97.06,-0.28,3.38714285714286,6.63,0.02,3.63,-2.018571429,2.28,-14.17,-0.27,20536846.59,20536846.59,20536846.59,20536846.59,20536846.59,65.2,65.2,65.2,65.2,941,134.428571428571,458,3,90,14.0683333333333,32.33,-5.39,14.61,17.2371428571429,54.56,-2.26,14.89,39686413.69,6614402.28166667,26690462.74,1388049.84,3066180.88,168.69,24.0985714285714,49,0.69,22,3485,497.857142857143,1624,53,251,7,2.33333333333333,3,2,2,224,32,139,4,13,100,14.2857142857143,40,3,8,0,0,0,0,0,346,57.6666666666667,154,2,38.5,0,0,0,0,0,66,13.2,39,1,10,0,0,0,0,0,310,51.6666666666667,148,5,38,31,5.16666666666667,23,1,1.5,17.12,48.62,5.82,11.87,0,0,0,0,0,0,0,0,0,0,0,0,0,0,0,0,0,0,0,0,0,0,0,0,0,0,0,0,0,0,0,0,0,0,0,0,0,0,0,0,0,0,0,0,0,7313605098,1044800728.22143,3943316886,122299158.4,449009312.2,3437,491,1676,66,260,0,0,0,0,0,513,73.2857142857143,293,7,41,7,2.33333333333333,3,2,2,0,0,0,0,0,0,0,0,0,0
教育,浙江省,3,,,,,,,3,,,3,,,,,,,3,,,,,,,,,,,,,,,,,,,,,,,,,6411466151,2137155383.66667,3526383421,608922788,2276159942,-281034102,-93678034,472943328,-745886346,-8091084,7488,2496,5065,275,2148,5881713748,1960571249.33333,5013180449,49182725,819350574,81.7766666666667,169.9,17.11,58.32,803796128,803796128,803796128,803796128,803796128,29.0966666666667,42.86,19.6,24.83,-343278414,-114426138,474823112,-774688134,-43413392,-1073.773333,17.82,-3255.01,15.87,46.55,96.67,15.62,27.36,32.35,32.35,32.35,32.35,16,16,16,16,0.92,0.92,0.92,0.92,0,0,0,0,0,0,0,0,0,1120,1120,1120,1120,1120,-8.41,-8.41,-8.41,-8.41,-19.25333333,8.65,-49.61,-16.8,107307961,35769320.3333333,87468145,7919271,11920545,60.52,20.1733333333333,43,0.52,17,190,190,190,190,190,0,0,0,0,0,48,48,48,48,48,5,5,5,5,5,0,0,0,0,0,73,73,73,73,73,0,0,0,0,0,63,63,63,63,63,0,0,0,0,0,25,25,25,25,25,16,16,16,16,16,22.18,22.18,22.18,22.18,0,0,0,0,0,0,0,0,0,0,0,0,0,0,0,0,0,0,0,0,0,0,0,0,0,0,0,0,0,0,0,0,0,0,0,0,0,0,0,0,0,0,0,0,0,4715059183,1571686394.33333,3753435895,355432822,606190466,519,519,519,519,519,0,0,0,0,0,153,153,153,153,153,0,0,0,0,0,0,0,0,0,0,0,0,0,0,0
综合,浙江省,0,,,,,,,,,,,,,,,,,,,,,,,,,,,,,,,,,,,,,,,,,,0,0,0,0,0,0,0,0,0,0,0,0,0,0,0,0,0,0,0,0,0,0,0,0,0,0,0,0,0,0,0,0,0,0,0,0,0,0,0,0,0,0,0,0,0,0,0,0,0,0,0,0,0,0,0,0,0,0,0,0,0,0,0,0,0,0,0,0,0,0,0,0,0,0,0,0,0,0,0,0,0,0,0,0,0,0,0,0,0,0,0,0,0,0,0,0,0,0,0,0,0,0,0,0,0,0,0,0,0,0,0,0,0,0,0,0,0,0,0,0,0,0,0,0,0,0,0,0,0,0,0,0,0,0,0,0,0,0,0,0,0,0,0,0,0,0,0,0,0,0,0,0,0,0,0,0,0,0,0,0,0,0,0,0,0,0,0,0,0,0,0,0,0,0,0,0,0,0,0,0,0,0,0,0,0,0,0,0,0,0,0,0,0,0,0,0,0,0,0,0,0,0,0,0,0,0,0,0,0,0,0,0,0,0,0,0,0,0,0,0,0,0,0,0,0,0,0,0,0
废弃资源综合利用业,浙江省,3,,,,,,,3,,3,,,,3,,,,,,,,,,,,,,,,,,,,,,,,,,,,,26699626636,8899875545.18333,24620913512,846805517.7,1231907606,1628867146,542955715.5,1482048714,55257965.34,91560467.57,7240,2413.33333333333,6417,239,584,17966735809,5988911936,16779748628,386933784.8,800053396.7,32.5633333333333,55.95,5.54,36.2,701382704.3,233794234.773333,658567188.4,17147934.9,25667581.02,14.87,51.68,-25.86,18.79,1687763369,562587789.556667,1530581747,53680873,103500749,-11.83333333,10.2,-39.1,-6.6,-11.32,7.01,-36.14,-4.83,1.28666666666667,10.27,-3.5,-2.91,3.89,4.47,3.24,3.96,-0.326666667,1.07,-1.2,-0.85,0,0,0,0,0,0,0,0,0,895,298.333333333333,798,41,56,-4.88,5.16,-18.8,-1,14.4866666666667,21.29,5.69,16.48,286695156.5,95565052.1633333,269162030.8,5684522.16,11848603.5,263,87.6666666666667,210,25,28,702,234,540,44,118,0,0,0,0,0,77,25.6666666666667,63,6,8,61,20.3333333333333,55,2,4,0,0,0,0,0,36,12,24,1,11,0,0,0,0,0,16,8,15,1,8,0,0,0,0,0,73,24.3333333333333,45,5,23,11,5.5,7,4,5.5,13.1733333333333,17.57,9.55,12.4,0,0,0,0,0,0,0,0,0,0,2,2,2,2,2,0,0,0,0,0,0,0,0,0,0,0,0,0,0,0,0,0,0,0,0,0,0,0,0,0,0,0,0,0,0,14276833169,4758944389.50333,13784064339,46813291.5,445955538.4,1240,413.333333333333,974,122,144,0,0,0,0,0,218,72.6666666666667,189,10,19,0,0,0,0,0,1,1,1,1,1,0,0,0,0,0
印刷和记录媒介复制业,浙江省,1,,,,,,,1,,,1,,,,,,,1,,,,,,,,,,,,,,,,,,,,,,,,,580958453,580958453,580958453,580958453,580958453,12058553,12058553,12058553,12058553,12058553,349,349,349,349,349,448793296,448793296,448793296,448793296,448793296,60.9,60.9,60.9,60.9,15686466,15686466,15686466,15686466,15686466,-9.34,-9.34,-9.34,-9.34,21805372,21805372,21805372,21805372,21805372,48.75,48.75,48.75,48.75,-11.3,-11.3,-11.3,-11.3,-4.2,-4.2,-4.2,-4.2,3.5,3.5,3.5,3.5,0.16,0.16,0.16,0.16,5093418,5093418,5093418,5093418,5093418,-44.15,-44.15,-44.15,-44.15,0,0,0,0,0,0,0,0,0,-16.75,-16.75,-16.75,-16.75,3631467,3631467,3631467,3631467,3631467,0.71,0.71,0.71,0.71,0.71,0,0,0,0,0,0,0,0,0,0,0,0,0,0,0,0,0,0,0,0,0,0,0,0,0,0,0,0,0,0,0,0,0,0,0,0,0,0,0,0,0,0,0,0,0,0,0,0,0,0,0,0,0,0,0,0,0,0,0,0,0,0,0,0,0,0,0,0,0,0,0,0,0,0,0,0,0,0,0,0,0,0,0,0,0,0,0,0,0,0,0,0,0,0,0,0,0,0,0,0,0,0,0,0,353807739,353807739,353807739,353807739,353807739,0,0,0,0,0,0,0,0,0,0,0,0,0,0,0,0,0,0,0,0,0,0,0,0,0,0,0,0,0,0
卫生和社会工作,浙江省,4,,,,,,1,3,,2,1,,1,2,,,,1,,,,,,,,,,,,,,,,1,,,,,,,,,28852773176,7213193294,21055995286,302657111,3747060390,2384020476,596005119,1862460055,-73869259.47,297714840.2,21937,5484.25,13130,323,4242,23875274890,5968818722,20282440683,164524641,1714154783,37.07,54.85,18.53,37.45,696899123.9,232299707.956667,640868147.6,2000763,54030213.32,9.99,55.08,-12.64,-1.24,3455811135,863952783.7,2822607106,-78601366.73,355902698,-0.705,53.56,-35.2,-10.59,5.7175,29.72,-21.62,7.385,21.115,50.83,-8.6,21.115,2.11333333333333,3.17,1.26,1.91,-0.065,-0.02,-0.11,-0.065,2395281.94,2395281.94,2395281.94,2395281.94,2395281.94,0,0,0,0,1240,620,950,290,620,4.675,4.93,4.42,4.675,2.7175,18.04,-18.41,5.62,92440583.39,23110145.85,81898265.48,221043,5160637.455,530.7,132.675,314,2.7,107,849,212.25,637,3,104.5,2,2,2,2,2,84,28,71,1,12,100,33.3333333333333,76,10,14,0,0,0,0,0,149,37.25,114,1,17,0,0,0,0,0,30,10,18,1,11,0,0,0,0,0,145,72.5,114,31,72.5,18,9,16,2,9,6.125,7.24,5.01,6.125,0,0,0,0,0,0,0,0,0,0,0,0,0,0,0,0,0,0,0,0,0,0,0,0,0,0,0,0,0,0,0,0,0,0,0,0,0,0,0,0,0,0,0,0,0,13661314377,3415328594.1275,11553902282,136775436,985318329.1,975,325,723,72,180,0,0,0,0,0,268,89.3333333333333,209,15,44,2,2,2,2,2,1,1,1,1,1,0,0,0,0,0
文教、工美、体育和娱乐用品制造业,浙江省,4,,,,,1,,3,,3,,,1,2,1,,,,,,,,,,,,,,,,,,,,1,,,,,,,,5838748715,1459687178.6975,2338436774,729853561.2,1385229190,254880563.8,63720140.96,129233121.5,8324226.86,58661607.75,5155,1288.75,2260,394,1250.5,3784382872,946095718,1886696550,199817747.7,848934287.4,26.365,41.54,10.74,26.59,112507081.6,28126770.41,64846033.21,9311391.73,19174828.35,-14.665,1.78,-28.43,-16.005,292496300.3,73124075.08,156941856.2,5871825.38,64841309.38,369.4575,1396.47,-47.91,64.635,134.04,448.17,-45.97,66.98,-11.5275,5.63,-27.28,-12.23,3.96,5.19,1,4.825,0.125,0.7,-0.3,0.05,3644194,3644194,3644194,3644194,3644194,-24.74,-24.74,-24.74,-24.74,550,137.5,335,44,85.5,2.72,15.77,-8.81,1.2,-9.14,2.12,-17.28,-10.7,27983440.52,6995860.13,9963734.42,1978186.89,8020759.605,83,20.75,30,17,18,1482,370.5,507,127,424,0,0,0,0,0,41,10.25,24,4,6.5,28,7,13,4,5.5,0,0,0,0,0,158,39.5,56,10,46,0,0,0,0,0,5,2.5,4,1,2.5,0,0,0,0,0,193,48.25,74,8,55.5,7,2.33333333333333,4,1,2,9.9675,14.9,6.22,9.375,0,0,0,0,0,0,0,0,0,0,0,0,0,0,0,0,0,0,0,0,0,0,0,0,0,0,0,0,0,0,0,0,0,0,0,0,0,0,0,0,0,0,0,0,0,1565161848,391290462,566110834.2,78241302.63,460404855.5,656,164,290,93,136.5,0,0,0,0,0,125,31.25,66,14,22.5,0,0,0,0,0,0,0,0,0,0,0,0,0,0,0
石油加工、炼焦和核燃料加工业,浙江省,1,,,,,,,1,,1,,,,1,,,,,,,,,,,,,,,,,,,,,,,,,,,,,2270483761,2270483761,2270483761,2270483761,2270483761,151762036.4,151762036.4,151762036.4,151762036.4,151762036.4,380,380,380,380,380,2965211276,2965211276,2965211276,2965211276,2965211276,55.81,55.81,55.81,55.81,75284288.11,75284288.11,75284288.11,75284288.11,75284288.11,109.35,109.35,109.35,109.35,161461196.8,161461196.8,161461196.8,161461196.8,161461196.8,259.08,259.08,259.08,259.08,258.85,258.85,258.85,258.85,146.78,146.78,146.78,146.78,2.57,2.57,2.57,2.57,0.44,0.44,0.44,0.44,0,0,0,0,0,0,0,0,0,62,62,62,62,62,24,24,24,24,13.09,13.09,13.09,13.09,3443691.7,3443691.7,3443691.7,3443691.7,3443691.7,33,33,33,33,33,68,68,68,68,68,0,0,0,0,0,7,7,7,7,7,5,5,5,5,5,0,0,0,0,0,12,12,12,12,12,0,0,0,0,0,5,5,5,5,5,0,0,0,0,0,13,13,13,13,13,3,3,3,3,3,16.22,16.22,16.22,16.22,0,0,0,0,0,0,0,0,0,0,0,0,0,0,0,0,0,0,0,0,0,0,0,0,0,0,0,0,0,0,0,0,0,0,0,0,0,0,0,0,0,0,0,0,0,1268579290,1268579290,1268579290,1268579290,1268579290,52,52,52,52,52,0,0,0,0,0,21,21,21,21,21,0,0,0,0,0,0,0,0,0,0,0,0,0,0,0
化学纤维制造业,浙江省,10,,,,,2,,8,,5,,,5,4,1,,,,,,,,,,,,,,,,,1,,,4,,,,,,,,549035862141.93,54903586214.193,362587447552.63,761219012.8,6543654712,10686138627,1068613863,6369771778,-205050517.4,287310216.5,80395,8039.5,27565,365,3588.5,449525027558.56,44952502755.856,289094860541.79,605431873.6,6292726563,46.417,73.2,18.12,54.255,8751304555,875130455.5,4367115143,19025336.03,170533067.6,5.718,63.37,-24.36,4.15,11317883235,1131788324,5628424164,-529202938.5,246437080.8,2.282,301.75,-110.91,-41.835,-10.179,153.84,-100.1,-43.055,7.802,34.4,-18.57,7.515,2.957,4.69,1.54,2.935,0.094,0.73,-0.7,0.11,16336962.1,16336962.1,16336962.1,16336962.1,16336962.1,-16.36,-16.36,-16.36,-16.36,9741,974.1,2736,42,392,15.671,58.65,-5.12,8.085,4.029,25.46,-14.56,2.64,2869360299,286936029.9,2359470443,2467752.41,36776472.13,2241,224.1,1172,20,71,4337,433.7,1600,44,248,37,5.28571428571429,11,1,4,483,48.3,194,5,35,403,40.3,139,2,32.5,0,0,0,0,0,693,69.3,283,7,24,0,0,0,0,0,272,30.2222222222222,116,3,13,0,0,0,0,0,607,60.7,243,5,25.5,75,7.5,21,1,6,13.732,20.83,7.4,13.58,0,0,0,0,0,0,0,0,0,0,1,1,1,1,1,0,0,0,0,0,0,0,0,0,0,0,0,0,0,0,0,0,0,0,0,0,0,0,0,0,0,0,0,0,0,365644586483.79,36564458648.379,265421615453.32,138296767.3,3089273012,6272,627.2,1623,31,577.5,0,0,0,0,0,1470,147,389,18,89.5,37,5.28571428571429,11,1,4,17,2.125,4,1,1.5,1,1,1,1,1
家具制造业,浙江省,15,,,,,,1,14,,4,3,,8,4,,,,2,1,,,,,,,,,,,,,,,,8,,,,,,,,71128488489,4741899233,16105667827,366908636,4142537909,3129718807,208647920.5,1847564660,-306285937.3,101655629,78047,5203.13333333333,19565,218,2955,62261651553,4150776770.18333,18010407742,132019135,3208303988,47.8426666666667,111.1,6.13,48.78,1663709372,127977644,301239460.3,731039,150611795.6,-7.802666667,27.87,-73.76,0.81,3737250947,249150063.149333,2052043519,-276087273.2,134748901.2,-28.276,104.32,-191.82,-27.43,-37.75666667,85.17,-216.41,-41.9,-0.575384615,21.07,-41.1,1.85,3.41615384615385,5.95,0.1,3.56,0.29,1.72,-0.44,0.085,6841105.3,6841105.3,6841105.3,6841105.3,6841105.3,191.38,191.38,191.38,191.38,6391,532.583333333333,1365,33,507.5,-4.4625,41.42,-42.15,-5.265,-14.44466667,15.8,-67.21,-7.64,675961669.7,48282976.41,320241358.1,3662555,17705326.08,844.61,56.3073333333333,311,4.66,31,16084,1237.23076923077,4948,40,1119,183,22.875,64,1,16,298,22.9230769230769,57,1,18,269,22.4166666666667,71,5,21,0,0,0,0,0,1808,139.076923076923,603,6,60,24,8,20,1,3,197,17.9090909090909,69,1,7,24,8,20,1,3,1993,153.307692307692,640,1,121,68,6.18181818181818,14,2,4,11.5125,24.63,6.85,9.215,0,0,0,0,0,0,0,0,0,0,0,0,0,0,0,0,0,0,0,0,0,0,0,0,0,0,0,0,0,0,0,0,0,0,0,0,0,0,0,0,0,0,0,0,0,36076085277,2405072351.78067,7032109104,45888048.11,1606292721,8150,626.923076923077,1555,22,675,0,0,0,0,0,1262,97.0769230769231,257,3,72,183,22.875,64,1,16,5,1.25,2,1,1,0,0,0,0,0
住宿和餐饮业,浙江省,2,,,,,,,2,,1,1,,,1,,,,1,,,,,,,,,,,,,,,,,,,,,,,,,2400618249,1200309124,2022214628,378403621,1200309124,-7983667.36,-3991833.68,32731153.64,-40714821,-3991833.68,878,439,693,185,439,418417128.4,209208564.2,341939873.4,76477255,209208564.2,64.555,76.61,52.5,64.555,1608386,1608386,1608386,1608386,1608386,11.03,23.29,-1.23,11.03,9409190.02,4704595.01,41951936.02,-32542746,4704595.01,39.185,76.21,2.16,39.185,33.135,70.36,-4.09,33.135,0,0,0,0,2.1,2.1,2.1,2.1,0,0,0,0,0,0,0,0,0,0,0,0,0,0,0,0,0,0,0,0,0,0,20.93,20.93,20.93,20.93,1706116.62,853058.31,1146075.62,560041,853058.31,79.7,39.85,71,8.7,39.85,0,0,0,0,0,0,0,0,0,0,0,0,0,0,0,0,0,0,0,0,0,0,0,0,0,0,0,0,0,0,0,0,0,0,0,0,0,0,0,0,0,0,0,0,0,0,0,0,0,0,0,0,0,0,0,0,0,0,0,0,0,0,0,0,0,0,0,0,0,0,0,0,0,0,0,0,0,0,0,0,0,0,0,0,0,0,0,0,0,0,0,0,0,0,0,0,0,0,0,0,0,0,0,0,1352558008,676279004,1062358076,290199932,676279004,0,0,0,0,0,0,0,0,0,0,0,0,0,0,0,0,0,0,0,0,0,0,0,0,0,0,0,0,0,0
木材加工和木、竹、藤、棕、草制品业,浙江省,2,,,,,,,2,,2,,,,2,,,,,,,,,,,,,,,,,,,,,,,,,,,,,6663912252,3331956126,5256446938,1407465314,3331956126,446424288.2,223212144.1,461842751.1,-15418462.88,223212144.1,5552,2776,4166,1386,2776,9872635496,4936317748,8917384021,955251474.9,4936317748,45.245,52.89,37.6,45.245,101012012.6,50506006.28,70943737.13,30068275.42,50506006.28,-3.75,-2.1,-5.4,-3.75,574545804.4,287272902.2,601767535.1,-27221730.72,287272902.2,-86.985,-36.22,-137.75,-86.985,-80.155,-37.37,-122.94,-80.155,-2.42,0.45,-5.29,-2.42,1.98,3.16,0.8,1.98,-0.035,0.03,-0.1,-0.035,0,0,0,0,0,0,0,0,0,395,197.5,306,89,197.5,0.83,2.3,-0.64,0.83,0.82,1.4,0.24,0.82,84138658.12,42069329.06,71490695.22,12647962.9,42069329.06,108,54,92,16,54,1572,786,929,643,786,0,0,0,0,0,154,77,108,46,77,100,50,90,10,50,0,0,0,0,0,176,88,94,82,88,0,0,0,0,0,33,33,33,33,33,0,0,0,0,0,144,72,85,59,72,17,8.5,12,5,8.5,6.83,7.23,6.43,6.83,0,0,0,0,0,0,0,0,0,0,0,0,0,0,0,0,0,0,0,0,0,0,0,0,0,0,0,0,0,0,0,0,0,0,0,0,0,0,0,0,0,0,0,0,0,3307349152,1653674576,2778103014,529246138.3,1653674576,1887,943.5,1261,626,943.5,0,0,0,0,0,346,173,263,83,173,0,0,0,0,0,12,12,12,12,12,0,0,0,0,0
居民服务、修理和其他服务业,浙江省,1,,,,,,,1,,,1,,,,,,,1,,,,,,,,,,,,,,,,,,,,,,,,,1143692211,1143692211,1143692211,1143692211,1143692211,90555151,90555151,90555151,90555151,90555151,268,268,268,268,268,292264276.2,292264276.2,292264276.2,292264276.2,292264276.2,24.47,24.47,24.47,24.47,0,0,0,0,0,13.22,13.22,13.22,13.22,125334417.3,125334417.3,125334417.3,125334417.3,125334417.3,39.89,39.89,39.89,39.89,53.07,53.07,53.07,53.07,0,0,0,0,0,0,0,0,0,0,0,0,0,0,0,0,0,0,0,0,0,0,0,0,0,0,0,0,0,0,-13.61,-13.61,-13.61,-13.61,3053320.5,3053320.5,3053320.5,3053320.5,3053320.5,3.87,3.87,3.87,3.87,3.87,0,0,0,0,0,0,0,0,0,0,0,0,0,0,0,0,0,0,0,0,0,0,0,0,0,0,0,0,0,0,0,0,0,0,0,0,0,0,0,0,0,0,0,0,0,0,0,0,0,0,0,0,0,0,0,0,0,0,0,0,0,0,0,0,0,0,0,0,0,0,0,0,0,0,0,0,0,0,0,0,0,0,0,0,0,0,0,0,0,0,0,0,0,0,0,0,0,0,0,0,0,0,0,0,279690155,279690155,279690155,279690155,279690155,0,0,0,0,0,0,0,0,0,0,0,0,0,0,0,0,0,0,0,0,0,0,0,0,0,0,0,0,0,0
医药制造业,山东省,22,,1,,,5,2,14,,10,5,,7,6,3,1,,4,,,,,,1,,,,,,,,1,,2,4,,,,,,,,206780717707.69,9399123532.16773,33402210737,1099994405,6418133724,5445862966,247539225.716818,2950153469,-1718119532,319132637.5,89814,4082.45454545455,12136,611,3379,96048282324,4365831014.71591,14951227378,357082603,3544334123,32.29,59.85,0,32.4,7337560973,333525498.781364,982088069.2,27289644.47,281420560.1,10.21,227.12,-59.2,7.525,7260418878,330019039.913636,3385737756,-1376590740,359179607.3,-7.654545455,997.38,-460.59,12.04,-25.32954545,509.8,-469.52,20.14,3.55,72.8,-47.3,0.65,20.1195454545455,128.12,1.76,4.97,3.2,77.95,-68.39,-0.415,1133456579,141682072.4,542105128,37538.23,78934667.49,-7.84,125.84,-99.96,-8.585,10817,515.095238095238,1274,37,441,2.3205,69.8,-54.86,2.55,11.0745454545455,92.03,-16.1,3.55,946775501.7,43035250.0790909,141226629,3764711.69,29142025.86,3183,144.681818181818,439,31,114.5,8702,395.545454545455,2133,30,238,279,16.4117647058824,60,1,7,1890,85.9090909090909,268,5,54,1765,84.0476190476191,207,5,67,0,0,0,0,0,828,37.6363636363636,219,2,29,71,7.1,22,1,2.5,444,22.2,144,1,15,71,7.1,22,1,2.5,832,39.6190476190476,224,3,20,345,17.25,130,2,6.5,14.2447619047619,38.21,3.4,12.6,0,0,0,0,0,0,0,0,0,0,6,2,3,1,2,1,1,1,1,1,0,0,0,0,0,0,0,0,0,0,0,0,0,0,0,0,0,0,0,0,0,0,0,0,0,71348536907,3243115313.94182,13207985917,1040654,2082769352,18385,835.681818181818,3911,59,648,0,0,0,0,0,4834,219.727272727273,703,29,172,279,16.4117647058824,60,1,7,7,3.5,6,1,3.5,0,0,0,0,0
化学原料和化学制品制造业,山东省,41,,2,,1,5,,32,1,25,4,1,11,20,1,2,,4,,,,1,1,,,,,,1,,,4,,,7,,,,,,,,544109686731.85,13270967969.0695,200843104094.19,784025842.6,4959696331,48250347293,1176837738.85537,17041921771,-985814163.5,460003461.4,133939,3266.80487804878,24378,351,1880,454905556400.18,11095257473.1751,165565462711.66,444208264.6,3517199914,33.9387804878049,77.47,7.18,30.47,13013618074,325340451.85625,3420091372,8599056.5,129257391.6,24.580243902439,337.3,-25.9,13.75,58310553614,1422208624.73195,19838503328,-856226108.3,512179745.4,-913.3863415,241.39,-38101.1,-10.67,-75.6504878,1236.3,-4870.08,-4.59,103.985128205128,2766.85,-28.02,24.79,3.70825,7.37,0.3,3.985,0.253589743589744,2.46,-1.64,0.35,401195439.2,100298859.8,381648018.3,500132.22,9523644.365,-16.644,108.36,-101,-27.63,15177,399.394736842105,3283,41,253,26.675,483.84,-22.51,9.575,9.79358974358974,63.24,-52.51,9.12,1600157118,40003927.95,610585093.1,319073.35,11451040.26,6700.29,163.421707317073,2754,1.84,62,20022,488.341463414634,5073,2,183,508,19.5384615384615,211,1,6,6530,159.268292682927,2678,1,46,3176,79.4,739,1,29,0,0,0,0,0,2337,59.9230769230769,971,1,35,28,4.66666666666667,12,1,4,1694,45.7837837837838,955,1,10,28,4.66666666666667,12,1,4,2714,71.4210526315789,1365,1,30.5,1899,52.75,1344,1,8.5,14.1468421052632,29.84,3.6,13.555,0,0,0,0,0,0,0,0,0,0,5,1,1,1,1,0,0,0,0,0,0,0,0,0,0,0,0,0,0,0,0,0,0,0,0,0,0,0,0,0,0,0,0,0,0,243367254908.62,5935786705.08829,119506239400.72,115853976.1,1769230615,51944,1266.92682926829,14943,17,406,0,0,0,0,0,13702,334.19512195122,4930,2,99,507,19.5,210,1,6,33,3,15,1,2,9,2.25,4,1,2
食品饮料业,山东省,30,,,,,5,1,23,1,11,6,1,12,8,2,,,4,1,,,,1,1,,,,,1,,,2,,,10,,,,,,,,199298249078.69,6643274969.28967,50311638078,550836305.7,2609812343,8566780496,285559349.859667,3804725562,-769029506.2,107012419.4,119714,3990.46666666667,31795,254,1646.5,136881041782.93,4562701392.76433,32171514392,215620578.1,1702120472,31.839,68.4,5.15,31.8,1026295141,38010931.1422222,117037307.2,1421953.94,22894295,5.374,54.01,-59.78,8.1,11205046537,373501551.2,5000928221,-1000862925,123598882,-42.73333333,681.52,-1677.17,12.21,278.566666666667,10353.94,-1739.62,16.84,26.0492592592593,240.03,-42.27,5.45,2.11,8.8,0.01,1.61,0.120769230769231,1.59,-0.5,0.08,8505033.29,8505033.29,8505033.29,8505033.29,8505033.29,0,0,0,0,3845,160.208333333333,758,13,96.5,8.52523809523809,28.5,-7.2,6.11,8.61827586206897,214.77,-29.89,1.09,1352242756,45074758.52,543276776,100046,9041652.915,3227.03,107.567666666667,1163,0.87,34,5508,189.931034482759,1416,1,76,62,12.4,28,2,12,981,37.7307692307692,366,1,11,1445,55.5769230769231,650,1,18,0,0,0,0,0,510,22.1739130434783,99,1,10,9,4.5,7,2,4.5,200,10,82,1,2,9,4.5,7,2,4.5,459,20.8636363636364,75,2,9.5,133,8.86666666666667,52,1,3,7.55,17.42,1,7.26,0,0,0,0,0,0,0,0,0,0,2,1,1,1,1,0,0,0,0,0,0,0,0,0,0,0,0,0,0,0,0,0,0,0,0,0,0,0,0,0,0,0,0,0,0,81391247106,2713041570.19433,24039373693,95073291.51,837377733.3,10315,382.037037037037,3758,10,109,0,0,0,0,0,2829,104.777777777778,1220,1,27,62,12.4,28,2,12,6,1.5,2,1,1.5,0,0,0,0,0
专用设备制造业,山东省,32,,1,,,5,2,22,2,18,3,,11,15,3,,,1,1,,,,,1,,,,,,,,1,1,1,6,,,2,,,,,1.85077E+11,5783671393.95625,29225857992,327729138,4038605128,5796814945,181150467,2288031022,-1617925406,73513285.04,85458,2670.5625,12709,43,1806,90667470899,2833358465.60906,11409053862,165301659.4,1918285181,38.25125,82.6,12.25,34.435,4384077533,137002422.896563,401273808.4,542019,59706001.51,4.2371875,129.94,-48.53,3.085,6787826439,212119576.205312,2577415814,-1689697783,81824165.19,13.991875,320.59,-348.49,0.485,11.45125,364.29,-558.75,-6.945,10.3506451612903,92.27,-41.41,6.72,5.7534375,18.07,0.35,4.555,0.451333333333333,8.56,-2.31,0.09,169938602.3,42484650.59,105063114.6,1263123.9,31806181.9,-44.065,6.88,-109,-26.64,13643,454.766666666667,1440,32,251,10.206,78.6,-28.32,6.97,9.4858064516129,73.48,-41.01,5,538719202.7,16834975.09,66122612.68,227741.24,8768695.465,2396.73,74.8978125,284,1.92,46,27365,882.741935483871,4485,63,323,760,42.2222222222222,362,1,6.5,2443,78.8064516129032,541,3,37,1762,58.7333333333333,265,1,16,0,0,0,0,0,3758,121.225806451613,713,2,46,132,13.2,37,1,5.5,1056,37.7142857142857,219,1,14,132,13.2,37,1,5.5,3395,113.166666666667,574,4,40.5,311,11.5185185185185,63,1,6,16.9193333333333,33.38,8.29,14.81,0,0,0,0,0,0,0,0,0,0,4,1,1,1,1,3,1,1,1,1,0,0,0,0,0,0,0,0,0,0,0,0,0,0,0,0,0,0,0,0,0,0,0,0,0,85174386410,2661699575.32156,16574277716,67082691,1276834670,40032,1291.35483870968,6488,65,534,0,0,0,0,0,7358,237.354838709677,1031,14,81,761,42.2777777777778,363,1,6.5,11,1.83333333333333,3,1,2,8,2.66666666666667,5,1,2
信息传输、软件和信息技术服务业,山东省,17,,,,2,6,,9,,8,2,2,5,4,3,,,1,,,,1,,1,,,,,2,,,2,,,2,,,,1,,,,51615851239,3036226543.47353,9563714252,271429260.4,1863498912,684295586.7,40252681.5705882,493968744.4,-446916331.7,61149301.23,36446,2143.88235294118,7719,187,1174,39674117994,2333771646.72059,14737136914,71427049.09,694285545.7,31.2858823529412,61.01,2.3,31.75,3656151243,215067720.193529,735799813,17273836,103829136.6,13.5970588235294,116.37,-49.25,4.72,782448130.1,46026360.5929412,536264709.5,-446233600.1,61622054,-31.31764706,193.66,-454.84,-17.1,-36.34941176,131.63,-481.37,-14.75,25.1347058823529,92.73,-37.79,23.1,18.7170588235294,72.1,0.33,13.98,4.25764705882353,42.53,-11.37,1.31,118935728.4,19822621.3933333,61125640.99,1273408.93,13483807.55,-14.60833333,25.95,-48.31,-21.625,9833,655.533333333333,1643,70,443,23.4546666666667,185.5,-18.53,6.53,16.63,63.3,-9.54,6.17,292282679.7,17193098.8052941,58594931,2111575.85,7314682.79,959.44,56.4376470588235,138,7.44,54,7229,425.235294117647,1312,4,281,35,7,23,1,4,1210,71.1764705882353,203,1,38,1885,110.882352941176,451,1,45,0,0,0,0,0,1326,88.4,292,3,59,0,0,0,0,0,1064,70.9333333333333,243,1,27,0,0,0,0,0,659,43.9333333333333,158,1,26,381,27.2142857142857,109,1,14,39.0913333333333,54.27,11.83,43.63,0,0,0,0,0,0,0,0,0,0,4,1.33333333333333,2,1,1,0,0,0,0,0,0,0,0,0,0,0,0,0,0,0,0,0,0,0,0,0,0,0,0,0,0,0,0,0,0,20442257019,1202485707.00176,5001424912,23839269.49,429702831.8,18417,1083.35294117647,4197,37,842,0,0,0,0,0,5674,333.764705882353,1049,3,142,35,7,23,1,4,26,8.66666666666667,14,4,8,0,0,0,0,0
电力、热力、燃气及水生产和供应业,山东省,4,,2,,,,1,1,,2,1,,1,1,,,1,,,1,,,,,,,,,,,,,1,,,,,,,,,,458947243982.04,114736810995.51,2.26802E+11,1726427706,115209205195.69,-1189444800,-297361200,182111097.9,-922104496,-224725700.8,52480,13120,24737,949,13397,222821183522.25,55705295880.5625,1.07059E+11,4645248247,55558696174.325,50.2875,68.44,8.18,62.265,23518960.45,11759480.23,22975665.63,543294.82,11759480.23,3.84,5.66,2.16,3.77,-5076264235,-1269066059,235326635.2,-4183990568,-563800151.2,37.3375,84.35,-6.08,35.54,59.8175,90.8,-1.06,74.765,-25.235,-14.67,-35.8,-25.235,0.245,0.47,0.02,0.245,-0.08,-0.06,-0.1,-0.08,1134784.28,1134784.28,1134784.28,1134784.28,1134784.28,17.37,17.37,17.37,17.37,125,62.5,120,5,62.5,15.71,15.71,15.71,15.71,-4.33,-1.21,-13.06,-1.525,1455739274,363934818.5,757983245,16368829.4,340693599.9,1090,272.5,639,31,210,4938,1646,2439,61,2438,2,1,1,1,1,200,66.6666666666667,98,4,98,269,89.6666666666667,132,7,130,0,0,0,0,0,1148,382.666666666667,574,2,572,0,0,0,0,0,174,87,87,87,87,0,0,0,0,0,1021,340.333333333333,509,7,505,60,30,30,30,30,3.265,6.03,0.5,3.265,0,0,0,0,0,0,0,0,0,0,1,1,1,1,1,0,0,0,0,0,0,0,0,0,0,0,0,0,0,0,0,0,0,0,0,0,0,0,0,0,0,0,0,0,0,310809897757.74,77702474439.435,1.53774E+11,140198643.9,78448071783.425,4236,1412,2068,104,2064,0,0,0,0,0,952,317.333333333333,472,9,471,2,1,1,1,1,1,1,1,1,1,0,0,0,0,0
商业电气机械和器材制造业,山东省,11,,1,,,5,,5,,9,,,2,4,4,1,,,,,,,,,,,,,,,,1,,,1,,,,,,,,70054215640,6368565058.15273,22003229770,779536639.7,4173228806,852224940.1,77474994.5554546,777765173.3,-981598994.9,128063433.6,21907,1991.54545454545,8300,389,1132,37686048462,3426004405.66818,11629625108,310046090.3,2146533419,44.2972727272727,73.83,24.95,44.3,1706410309,170641030.9,597170527,37341712.62,81400030.37,7.05454545454546,38.28,-47.55,9.52,1208442189,109858380.825455,880566431.3,-972376068.5,139361733.9,142.26,1664.94,-522.12,19.23,101.551818181818,1384.52,-565.96,0.8,16.956,51.38,-24.52,13.715,5.612,12.03,2.93,4.315,0.36,2.93,-0.52,0.135,23813367.09,11906683.55,17017968.65,6795398.44,11906683.55,29.35,41.51,17.19,29.35,3453,345.3,1112,84,192.5,3.702,37.44,-31.25,4.125,1.70181818181818,22.13,-31.29,1.76,324763749.5,29523977.2263636,183089376.6,2381556.35,9575423.75,816,74.1818181818182,211,17,61,6595,599.545454545455,2189,93,490,54,7.71428571428571,19,1,5,890,80.9090909090909,279,8,59,663,60.2727272727273,123,12,60,0,0,0,0,0,595,59.5,215,12,42,6,6,6,6,6,180,18,36,3,12.5,6,6,6,6,6,612,55.6363636363636,247,12,36,107,10.7,41,1,7,18.442,31.84,9.59,13.175,0,0,0,0,0,0,0,0,0,0,5,1.25,2,1,1,1,1,1,1,1,0,0,0,0,0,0,0,0,0,0,0,0,0,0,0,0,0,0,0,0,0,0,0,0,0,36286428935,3298766266.85182,14762720389,209739728.5,1807489398,13930,1266.36363636364,3502,158,1157,0,0,0,0,0,2219,201.727272727273,495,17,160,54,7.71428571428571,19,1,5,15,5,12,1,2,1,1,1,1,1
批发和零售业,山东省,10,,1,,,2,,7,,4,1,,5,3,,1,,1,,,,,,,,,,,,,,2,,,3,,,,,,,,112953639339.59,11295363933.959,30493650951,245397065.5,9564168739,-446274681.1,-44627468.11,485405911.4,-1739479895,13930074.4,63422,6342.2,24053,51,3880,128968202779.34,12896820277.934,55874287873,20825290.74,7841557139,65.532,85.7,42.01,69.915,41386162.33,8277232.466,22677539.76,51014.86,4900992.77,23.127,199.63,-41.58,5.4,412077776.5,41207777.65,674250081.7,-1716615964,89803990.52,-35.427,144.56,-444.95,13.19,-97.866,117.53,-556.33,-5.18,60.845,96.1,25.59,60.845,0.08,0.12,0,0.1,0.17,0.17,0.17,0.17,0,0,0,0,0,-104,-104,-104,-104,194,48.5,71,30,46.5,23.065,25,21.13,23.065,28.771,309,-38.89,-3,175709397.6,19523266.3977778,43933460.1,342783.37,16900497.37,602.81,60.281,143,0.81,57,435,54.375,203,3,31.5,0,0,0,0,0,12,3,4,2,3,23,7.66666666666667,16,2,5,0,0,0,0,0,49,9.8,24,2,7,0,0,0,0,0,16,5.33333333333333,12,1,3,0,0,0,0,0,20,5,9,1,5,3,1.5,2,1,1.5,2.84,8.24,0.72,1.2,0,0,0,0,0,0,0,0,0,0,0,0,0,0,0,0,0,0,0,0,0,0,0,0,0,0,0,0,0,0,0,0,0,0,0,0,0,0,0,0,0,0,0,0,0,82466888526,8246688853,22963322364,103223499.2,7244422666,250,41.6666666666667,94,2,33.5,0,0,0,0,0,51,10.2,18,5,7,0,0,0,0,0,0,0,0,0,0,0,0,0,0,0
金融业,山东省,12,3,,,,6,,3,,3,6,,3,1,1,,,2,,,,,,3,1,1,,,,,,2,,,,,1,,,,,,2598556381143.21,216546365095.267,5.29614E+11,137504088.6,113876472234.38,14439718720,1203309893,3630906767,-1547200752,593609030.3,34327,2860.58333333333,9762,12,1996,67780776396,5648398033.01917,11649297389,19647091.49,5369272529,64.6058333333333,93.06,2.94,85.78,207507719.5,103753859.8,202971142.4,4536577.15,103753859.8,18.4858333333333,225.6,-65.14,0.585,14896212063,1241351005.22583,3851899635,-1441919403,694892050.4,-93.26416667,16.05,-365.66,-14.21,-58.46083333,92.21,-382.98,-12.75,10.875,31.25,-9.5,10.875,3.045,3.95,2.14,3.045,0.6,1,0.2,0.6,0,0,0,0,0,0,0,0,0,378,126,339,11,28,-18.71,-0.51,-52.18,-3.44,-1.096666667,33.51,-71.44,6.55,579715668.9,64412852.1022222,159170716,61624.12,82430328.4,1395.32,116.276666666667,480,0.59,110.5,87,10.875,52,1,2.5,1,1,1,1,1,18,3.6,8,1,3,13,4.33333333333333,6,2,5,0,0,0,0,0,3,1.5,2,1,1.5,0,0,0,0,0,3,1.5,2,1,1.5,0,0,0,0,0,6,2,3,1,2,3,1.5,2,1,1.5,3.63666666666667,3.88,3.49,3.54,0,0,0,0,0,0,0,0,0,0,0,0,0,0,0,0,0,0,0,0,0,0,0,0,0,0,0,0,0,0,0,0,0,0,0,0,0,0,0,0,0,0,0,0,0,2366252165763.03,197187680480.252,4.93021E+11,26945428.11,92820561833,234,39,110,3,6,0,0,0,0,0,35,5,14,1,1,1,1,1,1,1,0,0,0,0,0,0,0,0,0,0
汽车制造业,山东省,18,,,,,7,,11,,8,3,2,5,4,4,,,1,,,,,,2,,,,,2,,,1,,,4,,,,,,,,874911876206.56,48606215344.8089,2.93666E+11,509103782.2,9615686547,16277205943,904289219.076667,5682692117,-691854549.6,197805616.8,244306,13572.5555555556,87586,568,4562.5,5.24964E+11,29164687165.0222,175157573704.89,337750851.1,6560286267,47.8861111111111,75.82,12.98,47.525,22692860040,1260714446.69111,8850906270,13615262.78,215792858.3,-2.041111111,46.17,-48.66,1.32,17859318727,992184373.748333,5834034868,-687482292.6,187874390.6,17.7338888888889,382.44,-86.11,7.985,20.9438888888889,483.9,-75.2,-6.39,-7.206111111,29.12,-57.44,-5.03,3.78555555555555,6.05,1.5,4.13,-0.280555556,0.88,-3.64,-0.05,1119710550,1119710550,1119710550,1119710550,1119710550,13.85,13.85,13.85,13.85,26755,1672.1875,13918,67,530,3.35071428571429,33.85,-57.36,4.635,8.58722222222222,105.9,-16.44,-0.245,1584666558,88037031.0077778,721488358.4,2023083,26428143.03,3772.59,209.588333333333,1055,7.59,68,46364,2575.77777777778,14387,62,717.5,372,33.8181818181818,166,1,2,7006,412.117647058824,2847,7,72,3725,219.117647058824,1015,2,61,0,0,0,0,0,8028,446,2653,3,75,31,7.75,14,1,8,4089,255.5625,1572,1,34,31,7.75,14,1,8,6823,379.055555555556,2459,4,62,2021,118.882352941176,879,2,8,13.119375,30.07,5.8,12.545,0,0,0,0,0,0,0,0,0,0,9,4.5,7,2,4.5,1,1,1,1,1,0,0,0,0,0,0,0,0,0,0,0,0,0,0,0,1,1,1,1,1,0,0,0,0,0,5.34399E+11,29688807399,189555463787.07,65955328.3,5765388999,63413,3522.94444444444,19860,51,989,0,0,0,0,0,17733,985.166666666667,6499,4,238,375,34.0909090909091,168,1,2,72,7.2,20,1,4,6,2,3,1,2
金属冶炼和压延加工业,山东省,9,,1,,,2,,5,1,2,4,,3,1,1,,,4,,,,,,,,,,,,,,1,1,,,,,1,,,,,3.61641E+11,40182311672.1667,1.85742E+11,746048742,15070104599,14751537696,1639059744.05333,9808973376,-1328790477,226701948.5,92788,10309.7777777778,46665,194,3209,342397010327.81,38044112258.6456,1.31699E+11,1447385159,14460204744,39.9955555555556,58.73,20,46.55,7345804167,816200462.996667,3146944897,25100882,378844212,13.7388888888889,54.67,-24.37,15.04,17697745203,1966416133.67889,12606535928,-1676522378,252282950.7,-273.8477778,415.24,-3026.52,17.53,-187.0277778,299.73,-2149.3,9.1,17.48875,57.55,-2.17,10.95,2.72,5.14,0.74,2.61,0.00875,1.23,-0.59,-0.18,0,0,0,0,0,0,0,0,0,5294,882.333333333333,2198,118,461.5,6.37666666666667,17,-15.15,13.385,0.881111111111111,30.97,-22.7,-1.3,375198494.7,41688721.6377778,214673423.2,4107947,9585929,1315.38,146.153333333333,559,0.67,88,7990,887.777777777778,5458,66,199,40,20,23,17,20,1373,152.555555555556,1054,3,27,1508,188.5,1241,2,31.5,0,0,0,0,0,1399,155.444444444444,621,8,33,6,3,4,2,3,697,87.125,457,1,18,6,3,4,2,3,791,87.8888888888889,330,9,17,180,25.7142857142857,142,2,5,14.3416666666667,21.97,11.31,13.215,0,0,0,0,0,0,0,0,0,0,2,1,1,1,1,0,0,0,0,0,0,0,0,0,0,0,0,0,0,0,0,0,0,0,0,0,0,0,0,0,0,0,0,0,0,160145718898.03,17793968766.4478,89436071847,342571481,4607801516,15221,1691.22222222222,11459,37,529,0,0,0,0,0,4133,459.222222222222,3196,5,94,40,20,23,17,20,19,4.75,10,1,4,18,6,9,1,8
交通运输、仓储和邮政业,山东省,9,,,,,7,,1,1,,3,,6,,,,,,,,,,,3,,,,,,,,4,,,1,,,1,,,,,315375540009.22,35041726667.6911,1.37046E+11,2904245435,10412580996,16628326844,1847591871.60889,5246867824,102162243.2,780052157,34339,3815.44444444444,10241,338,1533,87671021470,9741224608,19262779718,833499247,8459456909,31.6422222222222,61.83,-12.04,28.16,468899942,78149990.3266667,175974276.6,2957037.37,69418201.5,11.5033333333333,46.95,-25.6,14,21461673770,2384630418.91778,6560467668,116130616.6,1041523494,1.19,19.14,-25.04,1.8,3.53333333333333,18.78,-10.46,-0.82,52.694,177.25,-8.56,30.63,0.51,0.92,0.06,0.5,0.06,0.19,-0.09,0.03,36089439,36089439,36089439,36089439,36089439,19.84,19.84,19.84,19.84,1145,286.25,548,19,289,6.155,15.1,-0.5,5.01,-0.7,11.56,-17.16,1.04,757886555.7,84209617.3022222,221968557.2,64054,33177750.9,1284.44,142.715555555556,418,8.44,92,3470,433.75,1049,1,240,28,14,14,14,14,194,38.8,76,2,56,117,23.4,54,1,26,0,0,0,0,0,618,103,283,1,86.5,2,1,1,1,1,189,47.25,105,4,40,2,1,1,1,1,581,96.8333333333333,206,1,101.5,71,23.6666666666667,33,19,19,3.17,5.59,0.61,3.24,0,0,0,0,0,0,0,0,0,0,0,0,0,0,0,0,0,0,0,0,0,0,0,0,0,0,0,0,0,0,0,0,0,0,0,0,0,0,0,0,0,0,0,0,0,144334293637.74,16037143737.5267,84792163385,-350635752,4684574932,2836,354.5,1116,1,130,0,0,0,0,0,773,128.833333333333,353,2,109.5,28,14,14,14,14,5,1.66666666666667,2,1,2,1,1,1,1,1
消费电子及电气业,山东省,13,,,,,3,1,6,3,5,1,2,5,4,1,,,,,,,,,,,,,1,1,,,2,,1,1,,,1,,,,1,6.51441E+11,50110863740.0077,2.36018E+11,410651854.1,7074765318,36408747798,2800672907.51615,14733305371,-118628255.7,286531570.2,345317,26562.8461538462,109563,328,2833,734030992228.33,56463922479.1023,2.43579E+11,117809908.5,9566754805,48.3592307692308,73.81,15.05,52.99,32112462421,2470189417.02077,10240292398,6258769.32,390135867.8,3.82846153846154,48.64,-50.01,3.66,42789036386,3291464337.41615,17845209067,-120051069,304459235.7,-14.37153846,45.48,-79.1,-14.54,-12.45769231,34.84,-69.5,-10.82,6.97384615384615,29.62,-41.89,13.68,6.45846153846154,20.29,2.61,4.56,-0.13,1.61,-3.2,0.22,1412583132,470861043.8,741067857,74238334.9,597276939.6,140.62,654.79,-104,5.845,46731,3894.25,24690,16,703.5,4.67083333333333,25.59,-20,3.47,-1.005384615,19.6,-20.39,0.86,2888763842,222212603.250769,1070001125,736889.05,52182900.04,6398.35,492.180769230769,2147,5.35,114,270006,22500.5,89254,71,6414.5,19906,1990.6,7874,1,352.5,45493,3791.08333333333,14686,2,609.5,31053,2587.75,16455,1,277.5,0,0,0,0,0,46197,3849.75,17780,8,796,5743,717.875,2647,1,111.5,24695,2245,8729,1,257,5740,717.5,2648,1,111,41328,3444,15888,6,748,15143,1514.3,4963,9,329.5,23.6016666666667,44,1.97,21.295,0,0,0,0,0,0,0,0,0,0,12,3,7,1,2,1,1,1,1,1,0,0,0,0,0,0,0,0,0,0,0,0,0,0,0,3,1.5,2,1,1.5,0,0,0,0,0,381098865498.19,29315297346.0146,141267431886.65,70172566.34,3748297950,380293,31691.0833333333,93453,41,8588,0,0,0,0,0,155483,12956.9166666667,50671,5,1340,19897,1989.7,7873,1,354,62,12.4,32,2,4,5,2.5,4,1,2.5
房地产业,山东省,4,,,,,3,,1,,,2,,2,,,,,1,,,,,,1,,,,,,,,2,,,,,,,,,,,64057430778,16014357695,58473898082,727001363,2428265666,216326170.5,54081542.63,80695524.14,-7765933,71698289.68,7047,1761.75,4646,23,1189,15344303770,3836075942.5025,12951410751,48455418,1172218801,58.1675,90.49,21.81,60.185,174576983.8,58192327.9366667,150332660.5,5122873.29,19121449.98,34.7475,92.59,4.72,20.84,698359397.4,174589849.3,310847600.7,-8233484,197872640.3,-95.65,71.35,-391.71,-31.12,-46.4025,97.14,-201,-40.875,14.1,16.14,12.06,14.1,1.07333333333333,1.19,0.86,1.17,-0.055,0.13,-0.24,-0.055,16413217.31,16413217.31,16413217.31,16413217.31,16413217.31,54.4,54.4,54.4,54.4,439,219.5,366,73,219.5,57.705,107.7,7.71,57.705,10.9525,43.71,-14.2,7.15,33567505.91,8391876.478,27512196.9,20057,3017626.005,137.18,34.295,107,0.98,14.6,595,198.333333333333,529,17,49,12,12,12,12,12,135,45,118,2,15,122,61,121,1,61,0,0,0,0,0,112,37.3333333333333,105,1,6,1,1,1,1,1,49,24.5,47,2,24.5,1,1,1,1,1,89,29.6666666666667,84,2,3,30,15,29,1,15,8.84,9.96,7.72,8.84,0,0,0,0,0,0,0,0,0,0,2,2,2,2,2,0,0,0,0,0,0,0,0,0,0,0,0,0,0,0,0,0,0,0,0,0,0,0,0,0,0,0,0,0,0,56585217904,14146304476.0275,52906984620,159005629,1759613828,1215,405,1095,2,118,0,0,0,0,0,329,109.666666666667,308,4,17,12,12,12,12,12,0,0,0,0,0,0,0,0,0,0
采矿业,山东省,10,,,,,6,,4,,2,5,,3,1,1,,,2,,,,,,3,,,,,,,,2,,,1,,,,,,,,869737846048.92,86973784604.892,3.08604E+11,446856974.8,38603021835,85435125403,8543512540,39438389113,-35003511.22,955826976,173455,17345.5,64295,101,4591.5,475539370394.06,47553937039.406,2.00829E+11,128988433.5,8621258247,52.883,80.57,12.03,56.515,5410713543,901785590.5,2117006525,25079419.3,515807881.3,9.5,94.01,-98.58,23.52,117603453762.63,11760345376.263,54096446442,-25172020.5,1320762332,1986.492,16004.93,-129.11,145.715,280.523,820.47,-158.82,155.35,67.4033333333333,201.49,-10.5,56.065,1.32,1.88,0.77,1.325,0.21,0.9,-0.29,0.25,232496163.8,232496163.8,232496163.8,232496163.8,232496163.8,50.79,50.79,50.79,50.79,9070,2267.5,3518,156,2698,-6.6775,4.98,-41.56,4.935,5.86,77.33,-14.29,-1.92,469000721.1,58625090.14,176636784,582099.8,25075165.02,4422.92,442.292,1300,1.12,237.5,3902,487.75,1511,2,84,0,0,0,0,0,369,52.7142857142857,155,1,4,401,50.125,166,1,4,0,0,0,0,0,557,92.8333333333333,219,3,61,0,0,0,0,0,142,35.5,54,6,41,0,0,0,0,0,530,88.3333333333333,207,4,55,52,8.66666666666667,22,1,3,7.0925,11.1,5.4,5.935,0,0,0,0,0,0,0,0,0,0,4,2,3,1,2,0,0,0,0,0,0,0,0,0,0,0,0,0,0,0,0,0,0,0,0,0,0,0,0,0,0,0,0,0,0,487845410023.78,48784541002.378,1.69386E+11,212174523,20132836461.355,5846,730.75,2403,3,99,0,0,0,0,0,1218,152.25,508,1,10,0,0,0,0,0,4,2,2,2,2,0,0,0,0,0
非金属矿物制品业,山东省,10,,,,,3,2,5,,4,1,,5,2,,,2,1,,,,,,,,,,,,,,3,,,2,,,,,,,,93538809641,9353880964,31457258916,1639980620,6915123156,3471044758,347104475.8,1174708174,-648774722.2,471313782,44514,4451.4,17432,920,2836,67592364824,6759236482,21488964114,768109974.7,3778632074,42.927,77.95,12.74,42.105,1241194781,137910531.194444,327962180.1,25962136.01,127283991,15.288,100.19,-27.56,3.81,4825276844,482527684.4,1472873368,-635244828.3,533913025.2,-225.788,51.55,-2190.75,-6.795,-513.624,53.92,-5086.23,-4.2,16.7777777777778,81.3,-20.11,3.59,3.53222222222222,5.49,1.1,3.49,0.0855555555555556,2.4,-0.54,-0.17,21270820.2,10635410.1,19688958.5,1581861.7,10635410.1,149.045,315.39,-17.3,149.045,2761,306.777777777778,560,123,295,8.48111111111111,47.38,-23.14,3.14,-0.144,34.71,-53.32,0.255,313895392,31389539.2,202191992,1942689.41,9884965.145,752,75.2,182,16,69.5,3143,314.3,606,111,270.5,32,10.6666666666667,25,2,5,427,42.7,120,3,30,437,43.7,126,6,29,0,0,0,0,0,237,23.7,41,4,23,16,16,16,16,16,70,10,25,2,8,16,16,16,16,16,253,25.3,48,2,28.5,98,12.25,37,1,5.5,11.6822222222222,22.2,4.51,11.43,0,0,0,0,0,0,0,0,0,0,0,0,0,0,0,0,0,0,0,0,0,0,0,0,0,0,0,0,0,0,0,0,0,0,0,0,0,0,0,0,0,0,0,0,0,41480914164,4148091416,12022324474,208740317.2,2021508711,5898,589.8,2348,59,374.5,0,0,0,0,0,1170,117,244,15,101.5,32,10.6666666666667,25,2,5,9,1.8,4,1,1,1,1,1,1,1
通用设备制造业,山东省,17,,,,,5,,12,,9,,3,5,4,5,,,,,,,,,,,,,,3,,,,,,5,,,,,,,,63364909345,3727347608.54882,15774292767,498291326.9,2221503287,2825091042,166181825.984118,833915988.7,11602149.45,90523669.49,28509,1677,5130,344,820,34864109751,2050829985.37294,6101677069,254460676.3,1606910096,42.1029411764706,86.36,19.53,37.65,1325001105,77941241.4629412,225789880.4,11045711.48,58774832.98,7.35,51.51,-45.09,9.19,3272493451,192499614.791176,1054248125,11280198.7,98846786.11,8.84,136.51,-82.63,10.87,8.62176470588235,114.79,-85.92,5.68,4.17058823529412,36.5,-49.77,9.59,4.27764705882353,8.14,1.58,4.09,-0.191764706,0.8,-2,0,0,0,0,0,0,-104,-104,-104,-104,4152,244.235294117647,926,41,176,14.114375,151.59,-75.58,13.44,11.8964705882353,193.18,-61.2,4.5,176620486.3,10389440.3723529,41070585.19,874333.49,7249334.02,808.41,47.5535294117647,188,5.87,30,6450,379.411764705882,1209,64,336,51,8.5,30,2,4.5,579,34.0588235294118,99,2,28,610,35.8823529411765,115,2,32,0,0,0,0,0,1213,71.3529411764706,426,2,23,0,0,0,0,0,400,26.6666666666667,90,2,11,0,0,0,0,0,1096,64.4705882352941,323,2,44,152,12.6666666666667,36,1,16,15.7235294117647,36.93,8.84,13.11,0,0,0,0,0,0,0,0,0,0,0,0,0,0,0,0,0,0,0,0,0,0,0,0,0,0,0,0,0,0,0,0,0,0,0,0,0,0,0,0,0,0,0,0,0,30729779941,1807634114.19529,8830488858,135762473.8,656787455,8910,524.117647058824,1485,84,468,0,0,0,0,0,1948,114.588235294118,292,5,112,51,8.5,30,2,4.5,12,2,4,1,1.5,1,1,1,1,1
半导体业,山东省,2,1,,,,,,1,,,,,2,,,,,,,,,,,,,,,,,,,,,,1,,1,,,,,,8449141039,4224570519,5865726980,2583414058,4224570519,-53922597.49,-26961298.75,121305446.7,-175228044.2,-26961298.75,1344,672,698,646,672,1345568781,672784390.4,928529688.4,417039092.5,672784390.4,12.62,14.8,10.44,12.62,174231308,87115654.02,127558954.2,46672353.8,87115654.02,21.7,58.9,-15.5,21.7,-52361613.71,-26180806.86,126664663.2,-179026276.9,-26180806.86,-130.56,53.62,-314.74,-130.56,-120.25,59.3,-299.8,-120.25,62.6,72.91,52.29,62.6,17.78,30.56,5,17.78,7.71,15.63,-0.21,7.71,0,0,0,0,0,0,0,0,0,261,130.5,146,115,130.5,63.39,79.79,46.99,63.39,26.075,39.07,13.08,26.075,66004289.24,33002144.62,53005318.45,12998970.79,33002144.62,404,202,319,85,202,1256,628,713,543,628,36,18,26,10,18,437,218.5,289,148,218.5,403,201.5,380,23,201.5,0,0,0,0,0,85,42.5,71,14,42.5,0,0,0,0,0,72,36,60,12,36,0,0,0,0,0,102,51,63,39,51,75,37.5,46,29,37.5,19.55,20.56,18.54,19.55,0,0,0,0,0,0,0,0,0,0,0,0,0,0,0,0,0,0,0,0,0,0,0,0,0,0,0,0,0,0,0,0,0,0,0,0,0,0,0,0,0,0,0,0,0,997024596.2,498512298.1,614604598.9,382419997.3,498512298.1,5799,2899.5,4572,1227,2899.5,0,0,0,0,0,867,433.5,664,203,433.5,36,18,26,10,18,0,0,0,0,0,0,0,0,0,0
建筑业,山东省,4,,,,,3,,1,,3,,,1,,3,,,,,,,,,,,,,,,,,,,,1,,,,,,,,123721060181.95,30930265045.4875,103050084736.44,1166443963,9752265741,2024664325,506166081.3,3173047596,-1385029919,118323324.2,32910,8227.5,28070,293,2273.5,72723862802,18180965700.5575,65018929544,700262226.8,3502335516,72.7975,88.48,42.83,79.94,1912323435,478080858.6,1682697649,19063531.5,105281127.2,110.5,451.29,-34.16,12.435,2640778919,660194729.7,3879075956,-1521323877,141513420,-39.5325,102.29,-298.51,19.045,-22.105,108.27,-250.21,26.76,37.5625,159.72,-26.5,8.515,3.5625,6.96,2.05,2.62,-0.585,1.59,-3.31,-0.31,0,0,0,0,0,-102,-102,-102,-102,2658,664.5,1923,99,318,27.8,73.66,-11.43,24.485,18.6325,59.6,-6.45,10.69,57222574.14,14305643.54,31545661,165022.37,12755945.39,218,54.5,107,24,43.5,4063,1015.75,2255,456,676,6,6,6,6,6,292,73,201,22,34.5,207,51.75,81,11,57.5,0,0,0,0,0,961,240.25,695,36,115,0,0,0,0,0,283,70.75,233,4,23,0,0,0,0,0,874,218.5,636,49,94.5,114,38,97,6,11,17.15,33.39,6.88,14.165,0,0,0,0,0,0,0,0,0,0,1,1,1,1,1,1,1,1,1,1,0,0,0,0,0,0,0,0,0,0,0,0,0,0,0,0,0,0,0,0,0,0,0,0,0,97209714273,24302428568.145,80097772692,500103243.7,8305919169,4168,1042,1799,543,913,0,0,0,0,0,976,244,670,76,115,6,6,6,6,6,1,1,1,1,1,1,1,1,1,1
铁路、船舶、航空航天和其他运输设备制造业,山东省,3,,1,,,,,2,,1,,,2,1,,,,,,,,,,,,,,,,,,,1,,1,,,,,,,,64976162769,21658720922.8633,58794220603,1736811387,4445130778,2142780912,714260304.113333,2312845578,-112223743.1,-57840922.95,19677,6559,16366,1046,2265,43165284383,14388428127.6133,41597705780,770728200.5,796850402,56.0866666666667,76.53,43.5,48.23,866307431.4,288769143.803333,739972162,59931890.33,66403379.06,21.8966666666667,29.55,14.06,22.08,2380811192,793603730.533333,2598775886,-141407192.2,-76557501.96,-716.04,44.25,-2231,38.63,-358.2,46.1,-1157.09,36.39,6.75,11.64,3.49,5.12,5.94333333333333,8.3,1.76,7.77,-0.956666667,-0.15,-1.95,-0.77,0,0,0,0,0,0,0,0,0,3740,1246.66666666667,3284,200,256,8.35666666666667,19.01,-8.3,14.36,9.42333333333333,15.76,-1.92,14.43,145130399.1,48376799.6833333,116143798.6,4241548.23,24745052.22,1300,433.333333333333,1249,24,27,3994,1331.33333333333,3021,380,593,4,1.33333333333333,2,1,1,677,225.666666666667,632,19,26,627,209,594,12,21,0,0,0,0,0,529,176.333333333333,435,42,52,0,0,0,0,0,268,89.3333333333333,251,8,9,0,0,0,0,0,299,99.6666666666667,176,51,72,21,7,14,2,5,17.0366666666667,20.09,11.26,19.76,0,0,0,0,0,0,0,0,0,0,1,1,1,1,1,0,0,0,0,0,0,0,0,0,0,0,0,0,0,0,0,0,0,0,0,0,0,0,0,0,0,0,0,0,0,47751621824,15917207274.8267,44980812799,837338338.2,1933470688,8712,2904,7597,552,563,0,0,0,0,0,1750,583.333333333333,1572,77,101,4,1.33333333333333,2,1,1,4,4,4,4,4,1,1,1,1,1
水利、环境和公共设施管理业,山东省,1,,,,,,,1,,1,,,,1,,,,,,,,,,,,,,,,,,,,,,,,,,,,,1322091586,1322091586,1322091586,1322091586,1322091586,52434962.11,52434962.11,52434962.11,52434962.11,52434962.11,369,369,369,369,369,453340991,453340991,453340991,453340991,453340991,36.31,36.31,36.31,36.31,17434416.93,17434416.93,17434416.93,17434416.93,17434416.93,12.76,12.76,12.76,12.76,56795862.81,56795862.81,56795862.81,56795862.81,56795862.81,-31.77,-31.77,-31.77,-31.77,-32.87,-32.87,-32.87,-32.87,19.14,19.14,19.14,19.14,3.81,3.81,3.81,3.81,0.28,0.28,0.28,0.28,0,0,0,0,0,0,0,0,0,78,78,78,78,78,30,30,30,30,7.75,7.75,7.75,7.75,2391836.07,2391836.07,2391836.07,2391836.07,2391836.07,21,21,21,21,21,103,103,103,103,103,0,0,0,0,0,28,28,28,28,28,36,36,36,36,36,0,0,0,0,0,20,20,20,20,20,0,0,0,0,0,12,12,12,12,12,0,0,0,0,0,5,5,5,5,5,1,1,1,1,1,21.63,21.63,21.63,21.63,0,0,0,0,0,0,0,0,0,0,0,0,0,0,0,0,0,0,0,0,0,0,0,0,0,0,0,0,0,0,0,0,0,0,0,0,0,0,0,0,0,0,0,0,0,480633188,480633188,480633188,480633188,480633188,415,415,415,415,415,0,0,0,0,0,84,84,84,84,84,0,0,0,0,0,0,0,0,0,0,0,0,0,0,0
科学研究和技术服务业,山东省,1,,,,,,,1,,1,,,,1,,,,,,,,,,,,,,,,,,,,,,,,,,,,,3345863063,3345863063,3345863063,3345863063,3345863063,278428112.6,278428112.6,278428112.6,278428112.6,278428112.6,729,729,729,729,729,2609854498,2609854498,2609854498,2609854498,2609854498,18.88,18.88,18.88,18.88,101810523.2,101810523.2,101810523.2,101810523.2,101810523.2,-0.81,-0.81,-0.81,-0.81,316799303.7,316799303.7,316799303.7,316799303.7,316799303.7,-27.44,-27.44,-27.44,-27.44,-27.5,-27.5,-27.5,-27.5,-1.1,-1.1,-1.1,-1.1,3.9,3.9,3.9,3.9,-0.09,-0.09,-0.09,-0.09,0,0,0,0,0,0,0,0,0,252,252,252,252,252,-1.59,-1.59,-1.59,-1.59,-9.32,-9.32,-9.32,-9.32,6468017.56,6468017.56,6468017.56,6468017.56,6468017.56,40,40,40,40,40,228,228,228,228,228,2,2,2,2,2,60,60,60,60,60,39,39,39,39,39,0,0,0,0,0,23,23,23,23,23,1,1,1,1,1,5,5,5,5,5,1,1,1,1,1,23,23,23,23,23,8,8,8,8,8,35.31,35.31,35.31,35.31,0,0,0,0,0,0,0,0,0,0,1,1,1,1,1,0,0,0,0,0,0,0,0,0,0,0,0,0,0,0,0,0,0,0,0,0,0,0,0,0,0,0,0,0,0,630121504.9,630121504.9,630121504.9,630121504.9,630121504.9,724,724,724,724,724,0,0,0,0,0,117,117,117,117,117,2,2,2,2,2,0,0,0,0,0,0,0,0,0,0
纺织鞋服业,山东省,11,,,,,2,,8,1,7,2,,2,5,1,,,2,,,,,1,,,,,,,,,1,,,1,,,,,,,,66224509754,6020409977.59182,25504126598,506096175,3203906220,-495189104.1,-45017191.28,973765094.6,-1562651721,84659253.9,89760,8160,38084,138,2073,39679143805,3607194891.34818,16573632573,469047875,1706807311,39.0672727272727,66.1,6.3,41.92,1384398951,153822105.667778,535465322,869027.75,59845673.3,4.44,32.49,-15.36,3.97,-63420446.78,-5765495.162,1082334442,-1469713625,89115845.6,-721.7936364,193.42,-7949.9,10.1,-342.6509091,194.42,-3713.9,11.65,1.58555555555555,84.6,-72.95,-1.88,3.95333333333333,6.59,0.07,3.96,0.198888888888889,2.84,-0.8,-0.02,0,0,0,0,0,0,0,0,0,3254,464.857142857143,1476,107,324,-13.33625,19.2,-101,-3.98,-5.306363636,16.47,-17.39,-5,161091337,14644666.9972727,59984342.26,267023.4,6778649,309.1,28.1,52,3.1,25,2589,258.9,1078,14,152,7,2.33333333333333,4,1,2,337,37.4444444444444,105,4,32,492,49.2,248,3,19.5,0,0,0,0,0,249,27.6666666666667,77,2,18,0,0,0,0,0,106,13.25,53,1,8,0,0,0,0,0,228,25.3333333333333,69,5,10,49,6.125,24,1,3.5,9.60428571428571,18.23,2.88,9.23,0,0,0,0,0,0,0,0,0,0,0,0,0,0,0,0,0,0,0,0,0,0,0,0,0,0,0,0,0,0,0,0,0,0,0,0,0,0,0,0,0,0,0,0,0,24451276135,2222843285.00636,8187262354,85393452.67,1391383844,4684,468.4,1650,13,332,0,0,0,0,0,1133,113.3,531,4,65,7,2.33333333333333,4,1,2,12,4,7,1,4,3,1.5,2,1,1.5
通信传输设备业,山东省,1,,,,,,,1,,1,,,,1,,,,,,,,,,,,,,,,,,,,,,,,,,,,,16556931346,16556931346,16556931346,16556931346,16556931346,1233682551,1233682551,1233682551,1233682551,1233682551,5630,5630,5630,5630,5630,9641791543,9641791543,9641791543,9641791543,9641791543,27.16,27.16,27.16,27.16,792163974.5,792163974.5,792163974.5,792163974.5,792163974.5,25.28,25.28,25.28,25.28,1327392703,1327392703,1327392703,1327392703,1327392703,37.82,37.82,37.82,37.82,39.13,39.13,39.13,39.13,40,40,40,40,8.28,8.28,8.28,8.28,0.84,0.84,0.84,0.84,25149810.76,25149810.76,25149810.76,25149810.76,25149810.76,1.66,1.66,1.66,1.66,1238,1238,1238,1238,1238,9.69,9.69,9.69,9.69,0.94,0.94,0.94,0.94,107184519.5,107184519.5,107184519.5,107184519.5,107184519.5,1187,1187,1187,1187,1187,555,555,555,555,555,48,48,48,48,48,88,88,88,88,88,152,152,152,152,152,0,0,0,0,0,60,60,60,60,60,24,24,24,24,24,11,11,11,11,11,24,24,24,24,24,76,76,76,76,76,20,20,20,20,20,21.83,21.83,21.83,21.83,0,0,0,0,0,0,0,0,0,0,0,0,0,0,0,0,0,0,0,0,0,0,0,0,0,0,0,0,0,0,0,0,0,0,0,0,0,0,0,0,0,0,0,0,0,4487982314,4487982314,4487982314,4487982314,4487982314,1371,1371,1371,1371,1371,0,0,0,0,0,355,355,355,355,355,48,48,48,48,48,0,0,0,0,0,5,5,5,5,5
金属制品业,山东省,7,,,,,,1,6,,4,,1,2,3,,,1,,,,,,,,,,,,1,,,,,,2,,,,,,,,37848116376,5406873767.98286,13036168948,503112125.4,5049047272,91422959.6600001,13060422.8085714,821734619.3,-841878123.3,42162569.57,16753,2393.28571428571,4632,449,2186,17227702621,2461100374.38429,5213027327,251650456.1,2467171719,48.8971428571429,71.59,21.83,43.89,612106415.5,87443773.6442857,240990230.1,199161.79,70666915.95,13.5657142857143,44.43,-25.48,23.12,376396164.2,53770880.6057143,1078298541,-804917412.1,52784580.81,-54.58571429,111.45,-372.75,-41.81,-48.87,102.6,-343.46,-36.99,-6.738571429,42.84,-96.22,3.4,3.26857142857143,5.6,0.01,3.2,-0.14,0.84,-0.72,-0.3,0,0,0,0,0,0,0,0,0,2004,286.285714285714,641,2,275,-1.397142857,53.1,-95.59,1.89,18.6042857142857,73.12,-5.14,-1.12,86753121.48,12393303.0685714,23681235.52,5972212.96,10552915,275,39.2857142857143,88,13,33,2277,325.285714285714,708,101,289,26,6.5,19,1,3,236,33.7142857142857,62,10,34,239,34.1428571428571,78,7,18,0,0,0,0,0,180,25.7142857142857,72,1,8,1,1,1,1,1,58,19.3333333333333,25,9,24,1,1,1,1,1,223,31.8571428571429,71,4,29,42,10.5,21,3,9,11.7914285714286,18.04,0.16,13.87,0,0,0,0,0,0,0,0,0,0,0,0,0,0,0,0,0,0,0,0,0,0,0,0,0,0,0,0,0,0,0,0,0,0,0,0,0,0,0,0,0,0,0,0,0,19240767461,2748681066,5151456231,110022278.2,2533600412,3911,558.714285714286,1114,229,540,0,0,0,0,0,619,88.4285714285714,177,20,83,26,6.5,19,1,3,3,3,3,3,3,2,2,2,2,2
文化、体育和娱乐业,山东省,3,,,,,2,,1,,1,,,2,1,,,,,,,,,,,,,,,,,,2,,,,,,,,,,,25702186317,8567395438.91667,20566338347,1041889545,4093958425,2036681118,678893705.833333,1666052605,36670001.35,333958511.1,11700,3900,9223,695,1782,14202388443,4734129481,11215007625,432963564.8,2554417253,28.5533333333333,35.07,24.14,26.45,32834576.67,10944858.89,20721561.16,4672845.19,7440170.32,4.65,5.76,2.9,5.29,2028194398,676064799.433333,1667504585,52978976.09,307710837,6.52333333333333,10.54,-0.37,9.4,10.6933333333333,19.98,2.9,9.2,130.706666666667,344.31,10.6,37.21,0.483333333333333,1.09,0.1,0.26,0.1,0.28,0.01,0.01,3701838.91,3701838.91,3701838.91,3701838.91,3701838.91,0,0,0,0,433,216.5,391,42,216.5,3.275,7.64,-1.09,3.275,0.0666666666666667,3.9,-5.3,1.6,74443102.76,24814367.5866667,55965460.55,1694999.91,16782642.3,302,100.666666666667,198,47,57,49,16.3333333333333,25,9,15,0,0,0,0,0,4,2,3,1,2,6,3,5,1,3,0,0,0,0,0,0,0,0,0,0,0,0,0,0,0,0,0,0,0,0,0,0,0,0,0,1,1,1,1,1,0,0,0,0,0,29.305,56.26,2.35,29.305,0,0,0,0,0,0,0,0,0,0,0,0,0,0,0,0,0,0,0,0,0,0,0,0,0,0,0,0,0,0,0,0,0,0,0,0,0,0,0,0,0,0,0,0,0,8539948128,2846649375.99667,7205536912,251169185.3,1083242030,30,10,21,2,7,0,0,0,0,0,7,3.5,5,2,3.5,0,0,0,0,0,0,0,0,0,0,0,0,0,0,0
橡胶和塑料制品业,山东省,5,,,,,1,,4,,4,,,1,3,1,,,,,,,,,,,,,,,,,,,,1,,,,,,,,33438642748,6687728550,12753182806,688042118,4944565192,1851516998,370303399.7,800858613.7,11386691.13,166306092.7,10522,2104.4,3964,597,1683,27540170803,5508034161,13406456623,464379230.8,4525690327,35.422,53.78,8.57,37.1,774800310.8,154960062.2,386388164.6,17454101.54,121406217.6,16.648,37.23,-10.72,21.51,2000250559,400050111.9,864760454.2,11630550.99,177173204.5,100.564,494.28,-34.88,18.75,51.338,259.84,-32.75,10.9,22.848,58.32,1.42,11.56,3.05,3.77,1.98,2.95,0.178,0.53,-0.13,0.06,2727685.72,2727685.72,2727685.72,2727685.72,2727685.72,147.51,147.51,147.51,147.51,1303,260.6,541,92,213,14.2925,38.47,-3.13,10.915,19.47,49.6,4.51,11.2,97148388.59,19429677.72,40956242.49,3592720.86,13897146.19,396,79.2,207,14,66,1078,215.6,317,49,251,3,1.5,2,1,1.5,122,24.4,41,13,19,126,25.2,50,7,27,0,0,0,0,0,344,68.8,167,5,56,0,0,0,0,0,85,17,30,3,14,0,0,0,0,0,166,33.2,81,1,26,32,6.4,16,1,7,13.21,18.16,7.64,13.8,0,0,0,0,0,0,0,0,0,0,0,0,0,0,0,0,0,0,0,0,0,0,0,0,0,0,0,0,0,0,0,0,0,0,0,0,0,0,0,0,0,0,0,0,0,14056717954,2811343591,6851752670,58864274.87,1837164586,1792,358.4,554,185,303,0,0,0,0,0,424,84.8,137,34,88,3,1.5,2,1,1.5,16,3.2,12,1,1,0,0,0,0,0
租赁和商务服务业,山东省,3,,1,,,,,2,,1,,1,1,,,1,,,,,,,,,,,,,1,,,,,,1,,,,,,,,10156658282,3385552760.68333,5573857547,604749044.5,3978051691,313089911.3,104363303.8,398412715.3,-135589602.2,50266798.17,3804,1268,2798,230,776,16685596498,5561865499,12278681327,423280940.1,3983634231,43.3633333333333,54.73,22.88,52.48,20107309.58,6702436.52666667,16475264.08,1276912.7,2355132.8,-4.576666667,3.05,-12.03,-4.75,454496979.8,151498993.253333,517813678.1,-131384296.4,68067598.1,-28.58333333,19.44,-61.49,-43.7,-25.85333333,21.13,-55,-43.69,35.735,51.11,20.36,35.735,1.29333333333333,3.84,0,0.04,1.64,1.64,1.64,1.64,366159.77,366159.77,366159.77,366159.77,366159.77,0,0,0,0,76,25.3333333333333,61,5,10,-44.45,-44.45,-44.45,-44.45,2.37666666666667,16.02,-8.49,-0.4,45469490.58,22734745.29,36647135.5,8822355.08,22734745.29,100.4,33.4666666666667,63,5.4,32,161,53.6666666666667,92,13,56,2,2,2,2,2,8,2.66666666666667,6,1,1,15,5,8,3,4,0,0,0,0,0,18,9,13,5,9,2,2,2,2,2,5,2.5,3,2,2.5,2,2,2,2,2,29,14.5,27,2,14.5,2,2,2,2,2,9.08333333333333,25.82,0.19,1.24,0,0,0,0,0,0,0,0,0,0,0,0,0,0,0,0,0,0,0,0,0,0,0,0,0,0,0,0,0,0,0,0,0,0,0,0,0,0,0,0,0,0,0,0,0,5240056678,1746685559,2924447240,137934267.9,2177675170,170,56.6666666666667,81,16,73,0,0,0,0,0,41,13.6666666666667,21,3,17,2,2,2,2,2,0,0,0,0,0,0,0,0,0,0
农、林、牧、渔业,山东省,5,,,,,,,5,,4,,,1,4,,,,,,,,,,,,,,,,,,,,,1,,,,,,,,23131046385,4626209277,6612259862,2001960207,4627689346,-2087101575,-417420314.9,288940891.4,-1582200472,-387180224.4,16187,3237.4,6012,755,3520,6868327010,1373665402,2111604418,629308736.1,1325796145,61.936,153.61,22.45,49.15,210122309,42024461.8,98034570.67,14295637.2,27137029.96,13.83,61.77,-9.36,1.06,-1296194754,-259238950.8,298947059.7,-816551966.7,-387378388.6,-621.446,17.6,-1939.7,-6.35,-837.49,21.06,-2951.04,-54.99,120.982,359.68,-23.85,65.23,3.044,4.67,1.05,4,0.396,1.7,-2.32,0.98,5777470.74,2888735.37,3460866.13,2316604.61,2888735.37,-10.335,66.5,-87.17,-10.335,621,124.2,176,72,122,47.2675,183.62,-4.1,4.775,-1.486,5.45,-11.81,-0.73,105930156.3,21186031.27,41909437.98,5023545.93,18803106.08,380,76,130,22,64,1033,206.6,616,56,119,0,0,0,0,0,190,38,88,10,27,223,44.6,128,4,20,0,0,0,0,0,48,9.6,21,2,7,0,0,0,0,0,22,4.4,7,1,5,0,0,0,0,0,46,9.2,24,2,5,17,3.4,8,1,3,7.648,21.53,1.73,5.06,0,0,0,0,0,0,0,0,0,0,0,0,0,0,0,0,0,0,0,0,0,0,0,0,0,0,0,0,0,0,0,0,0,0,0,0,0,0,0,0,0,0,0,0,0,11812043249,2362408650,3247121281,1040807249,3082789401,2345,469,1410,41,207,0,0,0,0,0,414,82.8,198,22,55,0,0,0,0,0,2,1,1,1,1,0,0,0,0,0
仪器仪表制造业,山东省,1,,,,,,,1,,,,1,,,,,,,,,,,,,,,,,1,,,,,,,,,,,,,,602266793.6,602266793.6,602266793.6,602266793.6,602266793.6,39326366.34,39326366.34,39326366.34,39326366.34,39326366.34,506,506,506,506,506,287367012.5,287367012.5,287367012.5,287367012.5,287367012.5,17.94,17.94,17.94,17.94,44844592.21,44844592.21,44844592.21,44844592.21,44844592.21,16.39,16.39,16.39,16.39,42278737.95,42278737.95,42278737.95,42278737.95,42278737.95,-23.36,-23.36,-23.36,-23.36,-23.19,-23.19,-23.19,-23.19,34.73,34.73,34.73,34.73,15.69,15.69,15.69,15.69,2.17,2.17,2.17,2.17,0,0,0,0,0,0,0,0,0,119,119,119,119,119,13.22,13.22,13.22,13.22,5.27,5.27,5.27,5.27,12249725.4,12249725.4,12249725.4,12249725.4,12249725.4,11,11,11,11,11,211,211,211,211,211,0,0,0,0,0,27,27,27,27,27,16,16,16,16,16,0,0,0,0,0,13,13,13,13,13,0,0,0,0,0,5,5,5,5,5,0,0,0,0,0,14,14,14,14,14,5,5,5,5,5,21.93,21.93,21.93,21.93,0,0,0,0,0,0,0,0,0,0,0,0,0,0,0,0,0,0,0,0,0,0,0,0,0,0,0,0,0,0,0,0,0,0,0,0,0,0,0,0,0,0,0,0,0,108084702.9,108084702.9,108084702.9,108084702.9,108084702.9,248,248,248,248,248,0,0,0,0,0,82,82,82,82,82,0,0,0,0,0,1,1,1,1,1,0,0,0,0,0
造纸和纸制品业,山东省,8,,,,,2,2,4,,4,2,,2,3,1,,,,1,,,,,1,,,,,,,,,,1,1,,,,,,,,263544407292.23,32943050911.5287,84301050125,1130321216,19094804901,4115340362,514417545.25125,2817133820,-129481379.7,272718191.1,51952,6494,15015,521,6255,142934899071.02,17866862383.8775,39766960944,896340523.5,16768128484.745,53.29375,76.05,17.56,61.515,4750460283,593807535.3,1290288365,10102086.22,624128260,4.31125,29.42,-15.75,-0.575,4226175368,528271921,3032595192,-118842124.2,191302930.4,-68.455,7.5,-122.81,-91.475,-66.12125,7.83,-131.04,-84.83,14.9414285714286,45.17,-18.07,21.3,3.045,4.08,0.68,3.345,0.142857142857143,0.91,-0.35,0,0,0,0,0,0,0,0,0,0,6029,861.285714285714,1555,28,734,-6.318333333,13.12,-27.85,0.575,1.3325,15.78,-11.76,-0.49,747267214.3,93408401.79,314939794.6,4559509,21400016.66,715.31,89.41375,291,2.31,70.5,1426,203.714285714286,348,42,198,4,4,4,4,4,163,23.2857142857143,56,3,16,138,19.7142857142857,58,5,7,0,0,0,0,0,130,18.5714285714286,45,3,10,0,0,0,0,0,51,8.5,16,2,9,0,0,0,0,0,103,14.7142857142857,30,4,11,14,2,5,1,1,11.8,18.73,5.28,11.76,0,0,0,0,0,0,0,0,0,0,0,0,0,0,0,1,1,1,1,1,0,0,0,0,0,0,0,0,0,0,0,0,0,0,0,0,0,0,0,0,0,0,0,0,0,171102974239.56,21387871779.945,60572794836,504143904,11284185409,2059,294.142857142857,674,24,333,0,0,0,0,0,365,52.1428571428571,117,20,25,4,4,4,4,4,4,1.33333333333333,2,1,1,0,0,0,0,0
其他制造业,山东省,1,,,,,,,1,,1,,,,1,,,,,,,,,,,,,,,,,,,,,,,,,,,,,1739553236,1739553236,1739553236,1739553236,1739553236,80642922.54,80642922.54,80642922.54,80642922.54,80642922.54,1781,1781,1781,1781,1781,1031339569,1031339569,1031339569,1031339569,1031339569,21.8,21.8,21.8,21.8,36874001.9,36874001.9,36874001.9,36874001.9,36874001.9,2.94,2.94,2.94,2.94,92909623.61,92909623.61,92909623.61,92909623.61,92909623.61,-46.39,-46.39,-46.39,-46.39,-46,-46,-46,-46,11.03,11.03,11.03,11.03,3.53,3.53,3.53,3.53,0.29,0.29,0.29,0.29,0,0,0,0,0,0,0,0,0,193,193,193,193,193,3.71,3.71,3.71,3.71,0.9,0.9,0.9,0.9,8197498.13,8197498.13,8197498.13,8197498.13,8197498.13,26,26,26,26,26,245,245,245,245,245,0,0,0,0,0,25,25,25,25,25,16,16,16,16,16,0,0,0,0,0,29,29,29,29,29,0,0,0,0,0,5,5,5,5,5,0,0,0,0,0,25,25,25,25,25,3,3,3,3,3,10.71,10.71,10.71,10.71,0,0,0,0,0,0,0,0,0,0,0,0,0,0,0,0,0,0,0,0,0,0,0,0,0,0,0,0,0,0,0,0,0,0,0,0,0,0,0,0,0,0,0,0,0,379590540.6,379590540.6,379590540.6,379590540.6,379590540.6,223,223,223,223,223,0,0,0,0,0,55,55,55,55,55,0,0,0,0,0,3,3,3,3,3,0,0,0,0,0
教育,山东省,0,,,,,,,,,,,,,,,,,,,,,,,,,,,,,,,,,,,,,,,,,,0,0,0,0,0,0,0,0,0,0,0,0,0,0,0,0,0,0,0,0,0,0,0,0,0,0,0,0,0,0,0,0,0,0,0,0,0,0,0,0,0,0,0,0,0,0,0,0,0,0,0,0,0,0,0,0,0,0,0,0,0,0,0,0,0,0,0,0,0,0,0,0,0,0,0,0,0,0,0,0,0,0,0,0,0,0,0,0,0,0,0,0,0,0,0,0,0,0,0,0,0,0,0,0,0,0,0,0,0,0,0,0,0,0,0,0,0,0,0,0,0,0,0,0,0,0,0,0,0,0,0,0,0,0,0,0,0,0,0,0,0,0,0,0,0,0,0,0,0,0,0,0,0,0,0,0,0,0,0,0,0,0,0,0,0,0,0,0,0,0,0,0,0,0,0,0,0,0,0,0,0,0,0,0,0,0,0,0,0,0,0,0,0,0,0,0,0,0,0,0,0,0,0,0,0,0,0,0,0,0,0,0,0,0,0,0,0,0,0,0,0,0,0,0,0,0,0,0,0
综合,山东省,1,,,,,,,1,,,,,1,,,,,,,,,,,,,,,,,,,,,,1,,,,,,,,449456005.9,449456005.9,449456005.9,449456005.9,449456005.9,-1218988.69,-1218988.69,-1218988.69,-1218988.69,-1218988.69,13,13,13,13,13,94301240.26,94301240.26,94301240.26,94301240.26,94301240.26,87.23,87.23,87.23,87.23,0,0,0,0,0,-58.08,-58.08,-58.08,-58.08,-2822421.33,-2822421.33,-2822421.33,-2822421.33,-2822421.33,-188.75,-188.75,-188.75,-188.75,-149.94,-149.94,-149.94,-149.94,0,0,0,0,0,0,0,0,0,0,0,0,0,0,0,0,0,0,0,0,0,0,0,0,0,0,0,0,0,0,8.3,8.3,8.3,8.3,744.43,744.43,744.43,744.43,744.43,26,26,26,26,26,0,0,0,0,0,0,0,0,0,0,0,0,0,0,0,0,0,0,0,0,0,0,0,0,0,0,0,0,0,0,0,0,0,0,0,0,0,0,0,0,0,0,0,0,0,0,0,0,0,0,0,0,0,0,0,0,0,0,0,0,0,0,0,0,0,0,0,0,0,0,0,0,0,0,0,0,0,0,0,0,0,0,0,0,0,0,0,0,0,0,0,0,0,0,0,0,0,0,0,0,0,0,0,0,392320309.6,392320309.6,392320309.6,392320309.6,392320309.6,0,0,0,0,0,0,0,0,0,0,0,0,0,0,0,0,0,0,0,0,0,0,0,0,0,0,0,0,0,0
废弃资源综合利用业,山东省,3,,,,,,,3,,1,1,,1,1,,,,1,,,,,,,,,,,,,,,,,1,,,,,,,,6239224397,2079741465.82667,2921942081,757782199,2559500118,313679233.6,104559744.523333,230771751.7,2690932.83,80216549,3882,1294,2988,191,703,2642089931,880696643.5,2056051082,222803795,363235053.2,46.39,70.11,28.9,40.16,107197896.2,53598948.12,90719227.54,16478668.7,53598948.12,5.84333333333333,27.5,-13.36,3.39,358600787.2,119533595.7,248001994.2,1795240.01,108803553,-32.87,-4.15,-87.28,-7.18,-29.07,-3.78,-77.13,-6.3,-11.735,-6.13,-17.34,-11.735,4.45,4.5,4.4,4.45,-1.445,-0.41,-2.48,-1.445,2267230.26,2267230.26,2267230.26,2267230.26,2267230.26,-43.22,-43.22,-43.22,-43.22,522,261,374,148,261,7.135,13.47,0.8,7.135,14.4533333333333,20.67,5.92,16.77,28403832.11,9467944.03666667,19219081.55,986019,8198731.56,109.51,36.5033333333333,58,6.51,45,1219,609.5,957,262,609.5,0,0,0,0,0,42,21,26,16,21,190,95,153,37,95,0,0,0,0,0,61,30.5,36,25,30.5,0,0,0,0,0,32,16,27,5,16,0,0,0,0,0,41,20.5,21,20,20.5,9,4.5,8,1,4.5,16.425,20.2,12.65,16.425,0,0,0,0,0,0,0,0,0,0,0,0,0,0,0,0,0,0,0,0,0,0,0,0,0,0,0,0,0,0,0,0,0,0,0,0,0,0,0,0,0,0,0,0,0,2943991888,981330629.3,1795290227,304172521,844529140.2,1015,507.5,646,369,507.5,0,0,0,0,0,309,154.5,237,72,154.5,0,0,0,0,0,0,0,0,0,0,0,0,0,0,0
印刷和记录媒介复制业,山东省,3,,,,,,,3,,1,2,,,1,,,,2,,,,,,,,,,,,,,,,,,,,,,,,,14795993381,4931997793.71333,12104481295,450304345,2241207741,358671177.7,119557059.216667,235464264,-13233324,136440237.7,5773,1924.33333333333,4201,144,1428,10853859407,3617953135.73333,9538228571,250655322,1064975514,40.89,63.43,28.59,30.65,165057315.6,82528657.8,91845636,73211679.59,82528657.8,-13.67,19.45,-49.1,-11.36,560840196.1,186946732.033333,358871943,51141824,150826429.1,-20.95333333,21.64,-51.95,-32.55,-80.43,-27.66,-156.55,-57.08,-1.81,-1.81,-1.81,-1.81,3.905,6.86,0.95,3.905,0.63,0.63,0.63,0.63,0,0,0,0,0,-106,-106,-106,-106,307,307,307,307,307,-1.66,-1.66,-1.66,-1.66,-17.17,0.73,-47.84,-4.4,252656923.2,84218974.4033333,246037938,135036,6483949.21,83.09,27.6966666666667,58,1.09,24,609,203,426,10,173,0,0,0,0,0,65,32.5,46,19,32.5,62,31,52,10,31,0,0,0,0,0,71,35.5,45,26,35.5,0,0,0,0,0,12,6,8,4,6,0,0,0,0,0,46,23,34,12,23,3,1.5,2,1,1.5,21.3,21.3,21.3,21.3,0,0,0,0,0,0,0,0,0,0,0,0,0,0,0,0,0,0,0,0,0,0,0,0,0,0,0,0,0,0,0,0,0,0,0,0,0,0,0,0,0,0,0,0,0,8494303750,2831434583,7678499639,128422433,687381677.7,975,325,742,1,232,0,0,0,0,0,153,76.5,103,50,76.5,0,0,0,0,0,1,1,1,1,1,0,0,0,0,0
卫生和社会工作,山东省,1,,,,,,,,1,1,,,,,,,,,,,,,1,,,,,,,,,,,,,,,,,,,,2027850336,2027850336,2027850336,2027850336,2027850336,-595837636.5,-595837636.5,-595837636.5,-595837636.5,-595837636.5,2093,2093,2093,2093,2093,1156245475,1156245475,1156245475,1156245475,1156245475,35.06,35.06,35.06,35.06,28032623.2,28032623.2,28032623.2,28032623.2,28032623.2,6.04,6.04,6.04,6.04,-554899721,-554899721,-554899721,-554899721,-554899721,-70.6,-70.6,-70.6,-70.6,-67.28,-67.28,-67.28,-67.28,-2.8,-2.8,-2.8,-2.8,2.44,2.44,2.44,2.44,-0.27,-0.27,-0.27,-0.27,0,0,0,0,0,0,0,0,0,113,113,113,113,113,147.3,147.3,147.3,147.3,17.12,17.12,17.12,17.12,6459987.56,6459987.56,6459987.56,6459987.56,6459987.56,73,73,73,73,73,104,104,104,104,104,2,2,2,2,2,8,8,8,8,8,14,14,14,14,14,0,0,0,0,0,13,13,13,13,13,0,0,0,0,0,0,0,0,0,0,0,0,0,0,0,21,21,21,21,21,0,0,0,0,0,5.26,5.26,5.26,5.26,0,0,0,0,0,0,0,0,0,0,0,0,0,0,0,0,0,0,0,0,0,0,0,0,0,0,0,0,0,0,0,0,0,0,0,0,0,0,0,0,0,0,0,0,0,710518144.3,710518144.3,710518144.3,710518144.3,710518144.3,343,343,343,343,343,0,0,0,0,0,25,25,25,25,25,2,2,2,2,2,0,0,0,0,0,0,0,0,0,0
文教、工美、体育和娱乐用品制造业,山东省,3,,,,,,,3,,2,1,,,2,,,,1,,,,,,,,,,,,,,,,,,,,,,,,,3539203127,1179734375.73333,2029942952,246886969.8,1262373206,84785524.14,28261841.38,65701875.21,-46580351.5,65664000.43,2629,876.333333333333,1443,109,1077,1513747695,504582565.086667,824693320.3,121923304.5,567131070.5,36.0733333333333,51.8,13.59,42.83,63467191.43,31733595.72,39891574.83,23575616.6,31733595.72,-23.73666667,-4.58,-53,-13.63,72658019.37,24219339.79,72477363.61,-48406427.26,48587083.02,3.56,42.04,-52.98,21.62,90.1166666666667,273.6,-48.8,45.55,-22.72,-14.42,-31.02,-22.72,4.5,4.87,4.13,4.5,0.41,1.38,-0.56,0.41,0,0,0,0,0,0,0,0,0,253,126.5,163,90,126.5,-13.865,-4.66,-23.07,-13.865,-9.92,-4.18,-15.66,-9.92,27525236,9175078.66666667,20703518.69,2225984.21,4595733.1,49.55,16.5166666666667,31,0.55,18,687,343.5,458,229,343.5,3,3,3,3,3,31,15.5,28,3,15.5,11,5.5,8,3,5.5,0,0,0,0,0,67,33.5,35,32,33.5,1,1,1,1,1,8,4,5,3,4,1,1,1,1,1,97,48.5,53,44,48.5,5,5,5,5,5,9.87,11.35,8.39,9.87,0,0,0,0,0,0,0,0,0,0,0,0,0,0,0,0,0,0,0,0,0,0,0,0,0,0,0,0,0,0,0,0,0,0,0,0,0,0,0,0,0,0,0,0,0,1168863185,389621061.696667,869816524.5,127884940.5,171161720.1,582,291,354,228,291,0,0,0,0,0,80,40,60,20,40,3,3,3,3,3,0,0,0,0,0,0,0,0,0,0
石油加工、炼焦和核燃料加工业,山东省,2,,,,,,,2,,,,,2,,,,,,,,,,,,,,,,,,,,,,2,,,,,,,,17639825977,8819912989,16325868690,1313957287,8819912989,288125010.5,144062505.3,249171030.9,38953979.58,144062505.3,3201,1600.5,2895,306,1600.5,17592216518,8796108259,16800612429,791604088.9,8796108259,30.56,46.68,14.44,30.56,713455293.1,356727646.6,686637550.3,26817742.8,356727646.6,5.85,40.24,-28.54,5.85,286500132.3,143250066.1,243050193.9,43449938.38,143250066.1,-72.095,-65.87,-78.32,-72.095,-68.165,-63.01,-73.32,-68.165,12.405,56.31,-31.5,12.405,3.695,4.04,3.35,3.695,0.135,0.46,-0.19,0.135,0,0,0,0,0,0,0,0,0,651,325.5,640,11,325.5,19.07,19.07,19.07,19.07,-1.935,-0.71,-3.16,-1.935,115186479.6,57593239.79,111321094,3865385.61,57593239.79,95,47.5,69,26,47.5,366,183,279,87,183,0,0,0,0,0,39,19.5,20,19,19.5,38,19,26,12,19,0,0,0,0,0,69,34.5,62,7,34.5,0,0,0,0,0,11,11,11,11,11,0,0,0,0,0,128,64,119,9,64,1,1,1,1,1,13.065,22.48,3.65,13.065,0,0,0,0,0,0,0,0,0,0,0,0,0,0,0,0,0,0,0,0,0,0,0,0,0,0,0,0,0,0,0,0,0,0,0,0,0,0,0,0,0,0,0,0,0,7808636851,3904318425,7618377636,190259214.9,3904318425,586,293,358,228,293,0,0,0,0,0,102,51,57,45,51,0,0,0,0,0,2,2,2,2,2,0,0,0,0,0
化学纤维制造业,山东省,3,,,,,1,,2,,3,,,,2,1,,,,,,,,,,,,,,,,,,,,,,,,,,,,17530860011,5843620003.61667,10033183000,1167568318,6330108693,1494115497,498038498.893333,906150223.3,103130530.2,484834743.2,5717,1905.66666666667,2605,941,2171,7252189754,2417396584.69667,3750128794,990958872.1,2511102088,31.42,54.17,18.99,21.1,378448378.6,126149459.543333,192387182.2,11778389.75,174282806.7,-8.543333333,-3.65,-14.83,-7.15,1716589883,572196627.6,1048753857,145171928.4,522664097.4,-22.65333333,23.05,-59.39,-31.62,-23.52,19.82,-56.91,-33.47,182.233333333333,573.7,-17.26,-9.74,4.48666666666667,7.67,1.13,4.66,0.03,1.09,-1.2,0.2,0,0,0,0,0,0,0,0,0,706,235.333333333333,346,68,292,12.4233333333333,22.34,3.08,11.85,13.9866666666667,21.85,9.47,10.64,176093894.2,58697964.74,107980973.1,1420429.49,66692491.64,489,163,255,24,210,1235,411.666666666667,792,130,313,10,5,9,1,5,128,42.6666666666667,86,5,37,257,85.6666666666667,99,70,88,0,0,0,0,0,206,68.6666666666667,144,3,59,0,0,0,0,0,42,21,26,16,21,0,0,0,0,0,214,71.3333333333333,179,1,34,11,5.5,7,4,5.5,11.27,15.6,7.11,11.1,0,0,0,0,0,0,0,0,0,0,0,0,0,0,0,0,0,0,0,0,0,0,0,0,0,0,0,0,0,0,0,0,0,0,0,0,0,0,0,0,0,0,0,0,0,6987153267,2329051089,5430160785,221049663.5,1335942818,3099,1033,1333,847,919,0,0,0,0,0,509,169.666666666667,216,90,203,10,5,9,1,5,11,5.5,7,4,5.5,0,0,0,0,0
家具制造业,山东省,0,,,,,,,,,,,,,,,,,,,,,,,,,,,,,,,,,,,,,,,,,,0,0,0,0,0,0,0,0,0,0,0,0,0,0,0,0,0,0,0,0,0,0,0,0,0,0,0,0,0,0,0,0,0,0,0,0,0,0,0,0,0,0,0,0,0,0,0,0,0,0,0,0,0,0,0,0,0,0,0,0,0,0,0,0,0,0,0,0,0,0,0,0,0,0,0,0,0,0,0,0,0,0,0,0,0,0,0,0,0,0,0,0,0,0,0,0,0,0,0,0,0,0,0,0,0,0,0,0,0,0,0,0,0,0,0,0,0,0,0,0,0,0,0,0,0,0,0,0,0,0,0,0,0,0,0,0,0,0,0,0,0,0,0,0,0,0,0,0,0,0,0,0,0,0,0,0,0,0,0,0,0,0,0,0,0,0,0,0,0,0,0,0,0,0,0,0,0,0,0,0,0,0,0,0,0,0,0,0,0,0,0,0,0,0,0,0,0,0,0,0,0,0,0,0,0,0,0,0,0,0,0,0,0,0,0,0,0,0,0,0,0,0,0,0,0,0,0,0,0
住宿和餐饮业,山东省,0,,,,,,,,,,,,,,,,,,,,,,,,,,,,,,,,,,,,,,,,,,0,0,0,0,0,0,0,0,0,0,0,0,0,0,0,0,0,0,0,0,0,0,0,0,0,0,0,0,0,0,0,0,0,0,0,0,0,0,0,0,0,0,0,0,0,0,0,0,0,0,0,0,0,0,0,0,0,0,0,0,0,0,0,0,0,0,0,0,0,0,0,0,0,0,0,0,0,0,0,0,0,0,0,0,0,0,0,0,0,0,0,0,0,0,0,0,0,0,0,0,0,0,0,0,0,0,0,0,0,0,0,0,0,0,0,0,0,0,0,0,0,0,0,0,0,0,0,0,0,0,0,0,0,0,0,0,0,0,0,0,0,0,0,0,0,0,0,0,0,0,0,0,0,0,0,0,0,0,0,0,0,0,0,0,0,0,0,0,0,0,0,0,0,0,0,0,0,0,0,0,0,0,0,0,0,0,0,0,0,0,0,0,0,0,0,0,0,0,0,0,0,0,0,0,0,0,0,0,0,0,0,0,0,0,0,0,0,0,0,0,0,0,0,0,0,0,0,0,0
木材加工和木、竹、藤、棕、草制品业,山东省,2,,,,,1,,1,,,1,,1,,,,,1,,,,,,,,,,,,,,1,,,,,,,,,,,7283443132,3641721566,7135365298,148077834,3641721566,-247755921.5,-123877960.7,-51770511,-195985410.5,-123877960.7,592,296,560,32,296,506161273.6,253080636.8,446673531.6,59487742,253080636.8,58.34,82.36,34.32,58.34,16555921.07,16555921.07,16555921.07,16555921.07,16555921.07,-65.375,-65.21,-65.54,-65.375,-244752933,-122376466.5,-51770817,-192982116,-122376466.5,-373.865,56.55,-804.28,-373.865,-380.47,56.57,-817.51,-380.47,-66.6,-66.6,-66.6,-66.6,3.74,3.74,3.74,3.74,-0.18,-0.18,-0.18,-0.18,0,0,0,0,0,0,0,0,0,56,56,56,56,56,-3.48,-3.48,-3.48,-3.48,-48.695,-24.07,-73.32,-48.695,6088850.32,6088850.32,6088850.32,6088850.32,6088850.32,36.4,18.2,35,1.4,18.2,73,73,73,73,73,0,0,0,0,0,6,6,6,6,6,14,14,14,14,14,0,0,0,0,0,4,4,4,4,4,0,0,0,0,0,1,1,1,1,1,0,0,0,0,0,2,2,2,2,2,0,0,0,0,0,9.97,9.97,9.97,9.97,0,0,0,0,0,0,0,0,0,0,0,0,0,0,0,0,0,0,0,0,0,0,0,0,0,0,0,0,0,0,0,0,0,0,0,0,0,0,0,0,0,0,0,0,0,2572569612,1286284806,2450559818,122009794,1286284806,134,134,134,134,134,0,0,0,0,0,24,24,24,24,24,0,0,0,0,0,2,2,2,2,2,0,0,0,0,0
居民服务、修理和其他服务业,山东省,0,,,,,,,,,,,,,,,,,,,,,,,,,,,,,,,,,,,,,,,,,,0,0,0,0,0,0,0,0,0,0,0,0,0,0,0,0,0,0,0,0,0,0,0,0,0,0,0,0,0,0,0,0,0,0,0,0,0,0,0,0,0,0,0,0,0,0,0,0,0,0,0,0,0,0,0,0,0,0,0,0,0,0,0,0,0,0,0,0,0,0,0,0,0,0,0,0,0,0,0,0,0,0,0,0,0,0,0,0,0,0,0,0,0,0,0,0,0,0,0,0,0,0,0,0,0,0,0,0,0,0,0,0,0,0,0,0,0,0,0,0,0,0,0,0,0,0,0,0,0,0,0,0,0,0,0,0,0,0,0,0,0,0,0,0,0,0,0,0,0,0,0,0,0,0,0,0,0,0,0,0,0,0,0,0,0,0,0,0,0,0,0,0,0,0,0,0,0,0,0,0,0,0,0,0,0,0,0,0,0,0,0,0,0,0,0,0,0,0,0,0,0,0,0,0,0,0,0,0,0,0,0,0,0,0,0,0,0,0,0,0,0,0,0,0,0,0,0,0,0
医药制造业,四川省,15,1,,,,,,14,,6,2,2,5,6,,,,2,,,,,,,,,,,2,,,,,,4,,1,,,,,,90599558671,6039970578,34205959070,440475645.8,3059910942,4351088312,290072554.123333,1704222228,-303599275,117947227,37720,2514.66666666667,18488,161,891,36382939884,2425529325.58133,19038287881,1650733.44,1170510598,23.55,50.63,8.64,18.95,4514741557,300982770.478667,1814893809,13004409.22,219253846.6,2.94571428571429,28.55,-18.15,3.315,5359811600,357320773.3,2195149606,-303592919,154329129,19.156,223.19,-66.3,-3.97,16.3166666666667,229.22,-75.33,1.54,37.5666666666667,243.83,-57.79,28.01,1062.24733333333,15273.8,0.76,9.55,15.3971428571429,183.21,-15.67,1.335,295680727.3,42240103.9014286,97269599.75,2427692.65,34352582.94,247.255714285714,1354.44,-68.58,14.38,6284,483.384615384615,2553,33,182,12.8492307692308,53.14,-23.27,11.52,18.344,88.63,-3.2,11.35,516038659.2,34402577.28,178423666,2345803.39,11648463.89,1404.6,93.64,431,6.6,66,6666,476.142857142857,3948,3,210.5,291,24.25,157,1,11,1224,94.1538461538462,470,3,38,547,39.0714285714286,210,1,20.5,0,0,0,0,0,406,29,173,1,11.5,50,8.33333333333333,25,3,5,189,15.75,64,1,8.5,50,8.33333333333333,25,3,5,432,36,196,1,18,112,11.2,44,1,3.5,26.0453846153846,72.85,12.57,17.37,0,0,0,0,0,0,0,0,0,0,3,1,1,1,1,0,0,0,0,0,0,0,0,0,0,0,0,0,0,0,0,0,0,0,0,0,0,0,0,0,0,0,0,0,0,31264577754,2084305183.56667,17334981394,50225320.45,593091588,12854,918.142857142857,5682,2,431,0,0,0,0,0,2638,188.428571428571,1087,3,83,291,24.25,157,1,11,0,0,0,0,0,0,0,0,0,0
化学原料和化学制品制造业,四川省,19,,3,,1,4,,11,,14,1,,4,7,4,2,,1,,,,1,,,,,,,,,,,1,,3,,,,,,,,166609544464.49,8768923392.8679,24102668419,1291648512,5845529426,17038017166,896737745.598421,4631102837,-88223462.43,366547078.4,67919,3574.68421052632,11945,550,2982,129805366527.65,6831861396.19211,20501707488,447478244.7,3640277786,35.4410526315789,81.88,12.31,34.84,3005810491,166989471.706111,726488418.9,259837.82,111009355.3,24.7068421052632,173.81,-53.5,12.56,20676605426,1088242391,5520389628,-120501883.2,467599096,-56.12684211,370.03,-1392.85,13.66,-39.94421053,371.73,-944.32,-6.49,29.9976470588235,138.16,-29.43,18.2,3.81277777777778,20.73,0.06,2.39,0.638823529411765,10.81,-0.95,0.03,201557777.3,33592962.8833333,84601492.66,1936476.1,30520940.3,61.764,228.83,-105,50.37,8740,485.555555555556,2825,2,300.5,13.1076470588235,102.45,-4.64,9.13,10.4136842105263,34.9,-3.63,4.71,526300075.9,27700003.9957895,115607726.5,2122280.74,19362535.33,1853.66,97.5610526315789,341,7.66,72,9610,505.789473684211,3082,20,283,87,12.4285714285714,32,1,8,2609,153.470588235294,1203,2,77,1946,108.111111111111,733,2,56,0,0,0,0,0,1035,60.8823529411765,285,7,42,15,5,9,1,5,560,35,198,1,24.5,15,5,9,1,5,845,49.7058823529412,216,1,33,341,22.7333333333333,118,2,13,13.1816666666667,37.97,0.25,11.875,0,0,0,0,0,0,0,0,0,0,1,1,1,1,1,0,0,0,0,0,0,0,0,0,0,0,0,0,0,0,0,0,0,0,0,1,1,1,1,1,0,0,0,0,0,65439539313,3444186279.60789,10945577286,264070103.6,3317787852,27139,1428.36842105263,12830,1,737,0,0,0,0,0,5647,313.722222222222,2313,3,178.5,87,12.4285714285714,32,1,8,31,4.42857142857143,21,1,1,17,8.5,16,1,8.5
食品饮料业,四川省,9,,,,,2,1,6,,4,1,,4,2,2,,,1,,,,,,,,,,,,,,,,1,3,,,,,,,,379077038605.45,42119670956.1611,152811933002.11,3171598415,9490452960,40223114504,4469234944.85555,27969708657,-1899224403,362135082.4,142428,15825.3333333333,77353,1879,8872,270213530530.64,30023725614.5156,141507739722.08,2436472030,6055527138,42.3744444444444,71.95,16.57,33.25,1071064559,133883069.9,302130173.8,31973408.58,83995723.6,25.0233333333333,86.11,0.82,21.76,55295701541,6143966837.88333,37174496725,-587014466.4,405810793.2,46.3166666666667,113.68,-2.19,33.59,42.6722222222222,84.75,1.4,33.86,35.30625,132.58,1.03,21.98,1.105,2.69,0.2,1.045,0.0942857142857143,0.65,-0.28,-0.05,49481775.04,16493925.0133333,25191845.88,6507659.12,17782270.04,6.565,22.3,-9.17,6.565,4943,617.875,2570,50,265.5,23.90375,116.9,-8.13,0.735,12.8688888888889,33.86,-3.52,8.25,547666377.7,60851819.7411111,222118646.5,3204483.93,34931336.59,11244,1249.33333333333,6343,87,284,8047,1005.875,4046,136,330.5,23,11.5,22,1,11.5,840,105,611,7,34,757,94.625,640,3,19,0,0,0,0,0,871,108.875,370,5,38.5,0,0,0,0,0,199,24.875,79,1,9,0,0,0,0,0,981,122.625,478,5,36.5,161,26.8333333333333,98,4,13.5,5.2975,13.33,1.49,3.86,0,0,0,0,0,0,0,0,0,0,4,2,3,1,2,0,0,0,0,0,0,0,0,0,0,0,0,0,0,0,0,0,0,0,0,0,0,0,0,0,0,0,0,0,0,163679206682.75,18186578520.3056,92963650105,796920139.6,3589003561,9976,1247,7476,76,361.5,0,0,0,0,0,2271,283.875,1599,13,82.5,23,11.5,22,1,11.5,16,4,10,1,2.5,0,0,0,0,0
专用设备制造业,四川省,9,,2,,,,,7,,6,1,2,,5,,1,,,,1,,,,,,,,,2,,,,,,,,,,,,,,33629322373,3736591374.81444,12322446172,611825999.5,2305027694,279670157,31074461.8877778,373082193.9,-625112656,70017067.68,10075,1119.44444444444,2414,402,1065,10730823648,1192313738.70889,4476103841,338619953.4,713733777.9,41.7344444444444,74.05,15.3,43.8,385676550,42852950.0011111,123584511,14998871.28,32682002.88,11.2133333333333,52.48,-28.34,16.69,760413846.1,84490427.3488889,592614891.3,-433204556,75001488.32,-112.8677778,177.03,-1240.23,7.3,-122.4911111,146.26,-1273.65,8.08,23.8722222222222,115.85,-18.19,15.88,4.41555555555555,7.44,2.77,4.06,0.441111111111111,2.6,-0.53,0.32,19988392,19988392,19988392,19988392,19988392,0,0,0,0,1632,204,592,76,174,5.0575,65.02,-27.52,4.02,0.882222222222222,24.92,-15.09,-2.3,48217201.72,5357466.85777778,14207954.13,658478.79,3772461,387.8,43.0888888888889,131,6.31,35,3314,368.222222222222,817,33,373,17,5.66666666666667,9,3,5,343,42.875,127,6,21.5,301,37.625,76,3,41.5,0,0,0,0,0,467,51.8888888888889,160,2,51,3,3,3,3,3,96,13.7142857142857,23,1,19,3,3,3,3,3,559,62.1111111111111,169,1,41,33,6.6,13,2,6,17.60875,25.76,11.45,16.69,0,0,0,0,0,0,0,0,0,0,0,0,0,0,0,0,0,0,0,0,0,0,0,0,0,0,0,0,0,0,0,0,0,0,0,0,0,0,0,0,0,0,0,0,0,17089860881,1898873431.17889,9128493898,93872697.71,970598943,6426,714,2078,6,342,0,0,0,0,0,913,114.125,254,8,103.5,17,5.66666666666667,9,3,5,3,1.5,2,1,1.5,0,0,0,0,0
信息传输、软件和信息技术服务业,四川省,17,,2,,2,3,,10,,13,2,,2,8,2,1,,1,,,,2,,1,,,,,,,,,1,,1,,,,,,,,62211895904,3659523288.47353,13689772022,661208717,1751185469,1396939120,82172889.3888235,801589918.7,-476441956.3,49504056.85,31651,1861.82352941176,13759,239,795,55858078853,3285769344.27412,32904511851,102726633.8,554716418.7,35.3358823529412,87.53,5.27,30.1,2356388823,147274301.440625,599089768.9,23355893.2,62588391.65,-3.011764706,23.26,-39.39,0.56,1626965936,95703878.6170588,890084810.7,-435007749.4,53353729.24,-43.62058824,111.85,-361.32,-18.24,-54.04529412,135.98,-559.23,-16.14,14.02125,88.77,-47.59,12.24,14.16875,29.7,0.03,13.915,1.856,19.46,-14.3,0.9,676270595.5,84533824.43,290720368.3,11953453.1,63828689.52,21.27625,89.64,-48.18,18.695,6645,443,1275,50,303,-2.133571429,33.04,-34.1,2.405,20.4570588235294,298.38,-32.36,3.68,226446283.2,13320369.5982353,65651079.03,2395466,10353937.18,1313.77,77.2805882352941,248,3.23,43,5012,294.823529411765,1834,1,104,31,10.3333333333333,21,3,7,1018,67.8666666666667,323,2,21,1026,68.4,499,2,30,0,0,0,0,0,742,53,323,1,20.5,1,1,1,1,1,539,44.9166666666667,262,1,17.5,1,1,1,1,1,443,36.9166666666667,135,6,24,227,18.9166666666667,89,2,9,43.3366666666667,79.17,3.35,44.08,0,0,0,0,0,0,0,0,0,0,7,1.75,3,1,1.5,0,0,0,0,0,0,0,0,0,0,0,0,0,0,0,0,0,0,0,0,0,0,0,0,0,0,0,0,0,0,33578625106,1975213241.51765,11432541114,60074576,386566450.8,17614,1174.26666666667,7075,24,557,0,0,0,0,0,3317,221.133333333333,1514,5,78,31,10.3333333333333,21,3,7,7,1.75,3,1,1.5,2,1,1,1,1
电力、热力、燃气及水生产和供应业,四川省,13,,2,,,8,,3,,4,2,,7,2,2,,,,,,,,,2,,,,,,,,4,2,,1,,,,,,,,163700388083.64,12592337544.8954,54713887600,969877546.4,5817841240,8244969490,634228422.334615,3572315971,-65371947.5,215385929.2,26097,2007.46153846154,4699,231,1593,35972661221,2767127786.26692,7629673536,1187298082,2377118264,51.6676923076923,74.4,30.01,54.64,112232981.5,12470331.2744444,43219334.4,41918.3,4676844,8.94461538461538,23.2,-13.74,10.3,9198846789,707603599.1,3597095930,66001548.92,254017720.3,6.95461538461538,59.08,-18.29,8.28,-12.39230769,91.14,-236.41,-0.9,27.63125,203.23,-99.21,2.34,0.5325,2.05,0,0.31,0.0575,0.42,-0.3,-0.025,0,0,0,0,0,-105,-105,-105,-105,873,97,289,18,52,65.1833333333333,224,-9.04,38.6,-1.01,20.82,-20.8,-2.16,141835478.5,10910421.4230769,32581352,391112.44,7489306.53,1426.53,109.733076923077,679,5.53,40,817,74.2727272727273,246,15,42,0,0,0,0,0,89,9.88888888888889,37,1,4,100,12.5,26,2,15.5,0,0,0,0,0,122,13.5555555555556,30,4,11,0,0,0,0,0,34,4.85714285714286,14,1,4,0,0,0,0,0,92,10.2222222222222,29,1,7,18,3.6,11,1,2,4.21,10.57,1.08,3.6,0,0,0,0,0,0,0,0,0,0,1,1,1,1,1,0,0,0,0,0,0,0,0,0,0,0,0,0,0,0,0,0,0,0,0,0,0,0,0,0,0,0,0,0,0,79122150365,6086319258.87538,22603158621,721582303.6,3170225793,1381,125.545454545455,374,2,74,0,0,0,0,0,267,24.2727272727273,76,3,11,0,0,0,0,0,1,1,1,1,1,3,3,3,3,3
商业电气机械和器材制造业,四川省,8,,,,,1,,7,,1,1,1,5,1,,,,1,,,,,,,,,,,,,1,,,,5,,,,,,,,1.62029E+11,20253614073,145574907916.43,392471822,2557947891,32992440257,4124055032.0875,32380405372,-77445459.84,96437716.71,47850,5981.25,41235,135,995.5,151570932186.13,18946366523.2663,1.42423E+11,433075436.5,1096977827,46.695,72,22.45,44.225,4907783637,701111948.184286,4400582700,30324238.91,87913329.88,37.16875,125.31,-26.63,29.785,40252238690,5031529836.27875,39573834314,-75299212.26,95006587.04,54.3025,266.21,-71.6,1.095,50.01375,273.3,-67.61,2.05,33.2342857142857,114.19,-15.1,20.58,7.24714285714286,21.1,3,5.04,-0.012857143,2.05,-2.44,-0.05,0,0,0,0,0,-101,-101,-101,-101,5172,738.857142857143,3542,180,287,11.62,21.5,-11.18,17.53,3.04875,28.8,-39.39,-0.06,453535600.1,56691950.01,387946129.4,2024221.82,8455818.915,1925.59,240.69875,1542,0.59,36,6091,761.375,3970,18,334.5,77,19.25,68,2,3.5,531,75.8571428571429,340,12,37,831,118.714285714286,597,8,27,0,0,0,0,0,923,131.857142857143,775,6,14,24,12,23,1,12,233,38.8333333333333,188,1,11.5,24,12,23,1,12,842,120.285714285714,675,7,25,61,8.71428571428571,32,1,4,25.7371428571429,58.4,8.69,24.04,0,0,0,0,0,0,0,0,0,0,4,1.33333333333333,2,1,1,0,0,0,0,0,0,0,0,0,0,0,0,0,0,0,0,0,0,0,0,0,0,0,0,0,0,0,0,0,0,80212870058,10026608757.2138,72333406148,256969429,978080854.9,9200,1150,6471,12,308.5,0,0,0,0,0,2083,297.571428571429,1503,33,86,77,19.25,68,2,3.5,17,5.66666666666667,10,1,6,0,0,0,0,0
批发和零售业,四川省,6,,,,,,2,4,,4,1,,1,4,,,,,1,,,,,,,,,,,,,,,1,,,,,,,,,36036073295,6006012216,20505803305,1424339493,2160947346,918275012.1,153045835.351667,485660597.4,-65703940.21,64435886.09,22037,3672.83333333333,15526,236,1568.5,25858453480,4309742246.64333,10020022762,2271503839,3445007608,54.9616666666667,75.85,36.06,53.515,64184308.53,16046077.13,29600380.37,5605697.71,14489115.23,1.35166666666667,16.73,-23.23,9.69,1142976519,190496086.5,555291808.7,-59597763.78,90119626.45,29.6666666666667,406.37,-152.3,-17.785,31.5666666666667,430.03,-177.82,-9.655,9.9325,55.67,-56.91,20.485,0.505,0.8,0.25,0.485,-0.0475,0.37,-0.71,0.075,0,0,0,0,0,0,0,0,0,294,98,149,33,112,10.92,26.99,-2.62,8.39,12.965,92.5,-19.91,3.13,62903466.28,10483911.0466667,33775944.79,42039,8352428.515,229.46,38.2433333333333,79,5.46,28,166,41.5,77,3,43,1,1,1,1,1,15,3.75,10,1,2,15,7.5,10,5,7.5,0,0,0,0,0,39,13,17,6,16,0,0,0,0,0,9,4.5,5,4,4.5,0,0,0,0,0,17,5.66666666666667,12,2,3,2,1,1,1,1,6.76666666666667,10.22,3.03,7.05,0,0,0,0,0,0,0,0,0,0,1,1,1,1,1,0,0,0,0,0,0,0,0,0,0,0,0,0,0,0,0,0,0,0,0,0,0,0,0,0,0,0,0,0,0,20635762313,3439293719,12795651664,771642693.4,1103033949,197,65.6666666666667,127,12,58,0,0,0,0,0,56,14,21,3,16,1,1,1,1,1,0,0,0,0,0,0,0,0,0,0
金融业,四川省,5,,,,,3,,2,,1,2,,2,,1,,,1,,,,,,1,,,,,,,,1,,,1,,,,,,,,1266303411333.62,253260682266.724,9.1765E+11,95694948.62,102180414127.06,12447865545,2489573109,10043049765,-25476105.56,807520246,18662,3732.4,7285,63,4320,33306297226,6661259445,20241324324,54320251,3901999269,74.646,93.33,40.39,77.03,138870672.1,138870672.1,138870672.1,138870672.1,138870672.1,6.818,71.36,-34.1,3.3,14493633925,2898726785,11698134471,-41271525.44,1010930425,-9.312,44.62,-79.41,8.2,-67.94,28.29,-254.62,-48.2,48.7,48.7,48.7,48.7,2.44,2.44,2.44,2.44,1.15,1.15,1.15,1.15,0,0,0,0,0,0,0,0,0,271,271,271,271,271,33.8,33.8,33.8,33.8,-4.092,25.56,-58.24,4.17,213461360.4,71153786.8133333,111801948,25643411.41,76016001.03,1068.3,213.66,457,0.3,215,14,3.5,9,1,2,0,0,0,0,0,1,1,1,1,1,2,2,2,2,2,0,0,0,0,0,1,1,1,1,1,0,0,0,0,0,0,0,0,0,0,0,0,0,0,0,2,1,1,1,1,1,1,1,1,1,4.96,4.96,4.96,4.96,0,0,0,0,0,0,0,0,0,0,0,0,0,0,0,0,0,0,0,0,0,0,0,0,0,0,0,0,0,0,0,0,0,0,0,0,0,0,0,0,0,0,0,0,0,1140851823266.0,2.2817E+11,8.56224E+11,38587558.53,75306726329,14,7,12,2,7,0,0,0,0,0,7,2.33333333333333,3,1,3,0,0,0,0,0,0,0,0,0,0,0,0,0,0,0
汽车制造业,四川省,6,,1,,,1,,4,,4,1,,1,3,,1,,,,,,,,1,,,,,,,,,,,1,,,,,,,,26295635859,4382605976.45333,8333412091,1257080893,4434516126,1001726969,166954494.858333,645983366,-115821183,108761527.2,13533,2255.5,3904,991,2240,14009534581,2334922430.09833,7346735726,907009238.6,1498037719,41.3666666666667,59.7,20.62,42.635,435020841.7,72503473.61,181011706.1,9718886,54534294.13,44.9833333333333,170.56,1.9,18.555,1145351220,190891869.978333,733595510.1,-110735339,120906130.1,54.73,179.17,-2.44,37.28,36.64,70.59,-1.13,39.2,24.1966666666667,43.49,7.11,24.11,3.635,6.8,0.51,3.885,-0.35,1.2,-2.2,-0.18,0,0,0,0,0,-101,-101,-101,-101,1431,286.2,397,188,249,12.066,34.7,2.73,5.98,10.7466666666667,23.22,-11.6,14.255,141365039.1,23560839.8466667,65644939.85,4040645.8,11788047.25,355,59.1666666666667,147,3,45,1675,279.166666666667,587,135,263.5,4,2,3,1,2,110,18.3333333333333,44,4,16.5,168,28,58,6,29,0,0,0,0,0,179,29.8333333333333,55,10,25,0,0,0,0,0,60,10,27,4,6,0,0,0,0,0,152,25.3333333333333,42,11,24.5,10,3.33333333333333,6,2,2,12.044,18.06,7.85,10.23,0,0,0,0,0,0,0,0,0,0,0,0,0,0,0,0,0,0,0,0,0,0,0,0,0,0,0,0,0,0,0,0,0,0,0,0,0,0,0,0,0,0,0,0,0,11481554111,1913592351.87833,3503373273,259986737.8,1904434778,2512,418.666666666667,819,108,445.5,0,0,0,0,0,462,77,208,18,59.5,4,2,3,1,2,1,1,1,1,1,0,0,0,0,0
金属冶炼和压延加工业,四川省,5,,1,1,,,,3,,2,1,,2,1,,1,,1,,,,,,,,,,,,,,,,,1,1,,,,,,,173228323251.17,34645664650.234,72558025526,2349987654,15540916847,65092165228,13018433045.616,31108339888,60257046.4,1644945444,12564,2512.8,3393,2095,2193,115403602944.96,23080720588.992,40448840900,2940252020,16757942579,38.15,82.4,23.19,25.02,1119971466,223994293.2,576258448.5,2671053.32,26703208.44,182.374,422.88,1.15,57.86,78281582232,15656316446.498,39911474918,73215653.22,1912310058,263.84,906.5,-76.17,45.64,341.454,1109.06,-80.3,46.61,595.456,2879.53,-14.32,41.27,1.384,3.86,0.01,0.08,-0.338,0.08,-0.93,-0.12,116293931,116293931,116293931,116293931,116293931,0,0,0,0,755,188.75,361,42,176,20.645,33.9,7.04,20.82,20.61,48.75,-0.81,23.55,134089132.5,26817826.5,41579937.69,6602888.17,27031782.85,2597,519.4,1113,96,334,2855,571,1791,88,391,54,18,23,8,23,854,170.8,587,23,101,774,154.8,677,12,34,0,0,0,0,0,210,42,92,12,43,2,1,1,1,1,69,13.8,45,3,7,2,1,1,1,1,181,36.2,74,12,30,54,10.8,17,2,13,7.215,13.3,1.94,6.81,0,0,0,0,0,0,0,0,0,0,0,0,0,0,0,0,0,0,0,0,0,0,0,0,0,0,0,0,0,0,0,0,0,0,0,0,0,0,0,0,0,0,0,0,0,45800593811,9160118762,17799733126,1936445813,5523620466,15180,3036,10374,263,2050,0,0,0,0,0,1415,283,946,37,180,54,18,23,8,23,3,1.5,2,1,1.5,0,0,0,0,0
交通运输、仓储和邮政业,四川省,4,,,,,3,,1,,1,2,,1,1,,,,,,,,,,2,,,,,,,,1,,,,,,,,,,,88286240973,22071560243.2775,40257342582,2719485837,22654706277,2267662702,566915675.6,816878158,62191026.92,694296758.7,12904,3226,4158,2197,3274.5,22996786041,5749196510,9907501027,729603917.4,6179840549,45.9975,53.5,28.3,51.095,2119629.17,2119629.17,2119629.17,2119629.17,2119629.17,5.08,10.55,-3.94,6.855,2904079655,726019913.8,1088976385,73915345.27,870593962.4,-29.5275,4.34,-52.63,-34.91,-36.9125,-15.55,-58.28,-36.91,-13.03,-13.03,-13.03,-13.03,0.28,0.28,0.28,0.28,-0.09,-0.09,-0.09,-0.09,0,0,0,0,0,0,0,0,0,598,299,588,10,299,-23,-23,-23,-23,18.755,75.4,-1.21,0.415,97699154.06,24424788.52,36145929.6,2149775,29701724.73,218,54.5,105,21,46,202,67.3333333333333,140,31,31,2,1,1,1,1,3,1,1,1,1,57,57,57,57,57,0,0,0,0,0,6,2,2,2,2,0,0,0,0,0,0,0,0,0,0,0,0,0,0,0,9,3,5,2,2,0,0,0,0,0,7.3,14.14,0.46,7.3,0,0,0,0,0,0,0,0,0,0,0,0,0,0,0,0,0,0,0,0,0,0,0,0,0,0,0,0,0,0,0,0,0,0,0,0,0,0,0,0,0,0,0,0,0,45700026516,11425006628.9925,21536763318,1331927225,11415667987,250,83.3333333333333,164,43,43,0,0,0,0,0,63,21,57,3,3,2,1,1,1,1,2,2,2,2,2,0,0,0,0,0
消费电子及电气业,四川省,8,,,,,3,1,4,,3,1,,4,2,1,,,,1,,,,,,,,,,,,,2,,,2,,,,,,,,113349692718.27,14168711589.7838,85537784899,550582211.3,3860141719,3129321337,391165167.08125,1134374259,-84884942,316341923,63941,7992.625,47342,252,2806.5,116435114632.17,14554389329.0212,92481696488,112471359.6,3069229747,42.8575,78.77,8.7,42.5,3969262473,567037496.145714,2582640377,14156519.07,325416257.5,-1.3325,16.72,-45.92,3.67,3626998394,453374799.3,1518943367,-83088364.71,313285608.1,14.51125,124.96,-62.16,4.775,16.9375,94.21,-60.89,18.57,10.6,43.42,-13.81,9.08,5.83571428571429,12.53,0.8,5.14,1.505,6.9,-0.41,0.085,452668553.1,226334276.6,450594505,2074048.08,226334276.6,-52.39,-34.1,-70.68,-52.39,6110,872.857142857143,3028,78,661,20.5857142857143,105.64,-3.74,5.45,-6.86875,14.83,-29.3,-7.01,611604976.9,76450622.11,351294374.5,632586.24,36360938.71,728.08,91.01,238,3.08,78,21919,3131.28571428571,14416,50,1193,422,105.5,174,17,115.5,4047,578.142857142857,2617,11,171,5848,835.428571428571,4338,4,90,0,0,0,0,0,977,139.571428571429,339,1,149,16,8,11,5,8,440,62.8571428571429,183,1,50,16,8,11,5,8,1268,181.142857142857,598,3,136,574,82,384,2,57,17.8657142857143,31.75,5.59,17.5,0,0,0,0,0,0,0,0,0,0,2,2,2,2,2,0,0,0,0,0,0,0,0,0,0,0,0,0,0,0,0,0,0,0,0,0,0,0,0,0,0,0,0,0,0,74005053465,9250631683.17375,62700886659,75838767.7,1354042163,59714,8530.57142857143,42410,76,1077,0,0,0,0,0,10619,1517,7122,28,574,411,102.75,170,17,112,9,4.5,6,3,4.5,1,1,1,1,1
房地产业,四川省,4,,,,,,1,3,,,4,,,,,,,3,1,,,,,,,,,,,,,,,,,,,,,,,,56996534080,14249133520,54023902683,450121534,1261254932,-4761791844,-1190447961,222278694,-5097883697,56906579.5,10530,2632.5,4408,911,2605.5,15962715912,3990678978,13978845987,267279943,858294991,48.575,89.94,33.64,35.36,0,0,0,0,0,7.055,23.12,-7.18,6.14,-4118295417,-1029573854,246903151,-4498142483,66471957.5,-110.55,24.42,-467.86,0.62,-216.2625,34,-907.64,4.295,0,0,0,0,0,0,0,0,0,0,0,0,0,0,0,0,0,0,0,0,0,0,0,0,0,0,0,0,0,0,5.945,27.45,-5.74,1.035,9497133,2374283.25,4525632,168046,2401727.5,20.53,5.1325,9.87,1.46,4.6,0,0,0,0,0,0,0,0,0,0,0,0,0,0,0,0,0,0,0,0,0,0,0,0,0,0,0,0,0,0,0,0,0,0,0,0,0,0,0,0,0,0,0,0,0,0,0,0,0,0,0,0,0,0,0,0,0,0,0,0,0,0,0,0,0,0,0,0,0,0,0,0,0,0,0,0,0,0,0,0,0,0,0,0,0,0,0,0,0,0,0,0,0,0,0,0,0,0,0,0,0,0,0,0,49627524886,12406881222,48582278817,151477347,446884361,0,0,0,0,0,0,0,0,0,0,0,0,0,0,0,0,0,0,0,0,0,0,0,0,0,0,0,0,0,0
采矿业,四川省,2,,,,,,,2,,1,1,,,1,,,,1,,,,,,,,,,,,,,,,,,,,,,,,,19762082887,9881041443,13216175148,6545907739,9881041443,1632078868,816039434.2,1094742976,537335892,816039434.2,11072,5536,9837,1235,5536,6280186784,3140093392,4284250738,1995936046,3140093392,52.79,88.94,16.64,52.79,61143917.83,61143917.83,61143917.83,61143917.83,61143917.83,18.785,50.89,-13.32,18.785,1910488085,955244042.4,1294325721,616162364,955244042.4,-7.345,7.66,-22.35,-7.345,-20.21,-16.66,-23.76,-20.21,-21.33,-21.33,-21.33,-21.33,3.02,3.02,3.02,3.02,-0.32,-0.32,-0.32,-0.32,0,0,0,0,0,0,0,0,0,149,149,149,149,149,5.96,5.96,5.96,5.96,12.46,18.37,6.55,12.46,66328371.39,33164185.7,51790468,14537903.39,33164185.7,134,67,120,14,67,81,40.5,80,1,40.5,0,0,0,0,0,8,8,8,8,8,10,10,10,10,10,0,0,0,0,0,9,9,9,9,9,0,0,0,0,0,6,6,6,6,6,0,0,0,0,0,8,8,8,8,8,0,0,0,0,0,11.67,11.67,11.67,11.67,0,0,0,0,0,0,0,0,0,0,0,0,0,0,0,0,0,0,0,0,0,0,0,0,0,0,0,0,0,0,0,0,0,0,0,0,0,0,0,0,0,0,0,0,0,12845670683,6422835341,11756047599,1089623084,6422835341,249,124.5,247,2,124.5,0,0,0,0,0,30,15,29,1,15,0,0,0,0,0,0,0,0,0,0,0,0,0,0,0
非金属矿物制品业,四川省,5,,,,,1,,4,,2,1,1,1,2,,,,1,,,,,,,,,,,1,,,1,,,,,,,,,,,10503807967,2100761593,7210719279,292240317,843166968.7,1008260273,201652054.6,823402466.3,-61884236,61397144.59,2516,503.2,1382,29,371,3107447252,621489450.4,1219586008,72289782,465607539.2,28.328,57.32,7.65,31.11,112053832.1,28013458.02,49208890.57,1944287.83,30450326.83,12.45,54.08,-4.09,-0.33,1177778232,235555646.5,936977542.9,-60758384,71075276.92,-23.018,2.64,-63.9,-18.44,-26.2,1.3,-80.63,-16.42,29.78,33.37,23.73,32.24,3.0825,4.9,0.57,3.43,0.286666666666667,0.96,-0.74,0.64,1942484.49,1942484.49,1942484.49,1942484.49,1942484.49,-107,-107,-107,-107,316,79,183,29,52,12.9333333333333,18.81,7.49,12.5,16.34,77,-19.46,4.97,24106604.05,6026651.013,19359897.52,83076,2331815.265,214.24,42.848,128,0.52,19,135,33.75,90,2,21.5,2,2,2,2,2,22,7.33333333333333,15,1,6,11,3.66666666666667,8,1,2,0,0,0,0,0,9,3,4,2,3,0,0,0,0,0,1,1,1,1,1,0,0,0,0,0,8,4,7,1,4,5,2.5,4,1,2.5,12.4525,18.01,8.56,11.62,0,0,0,0,0,0,0,0,0,0,0,0,0,0,0,0,0,0,0,0,0,0,0,0,0,0,0,0,0,0,0,0,0,0,0,0,0,0,0,0,0,0,0,0,0,1572007172,314401434.4,694044932.9,91042773,302825552.6,204,68,114,2,88,0,0,0,0,0,44,14.6666666666667,33,2,9,2,2,2,2,2,0,0,0,0,0,0,0,0,0,0
通用设备制造业,四川省,10,,2,,,3,,5,,7,1,1,1,4,3,,,,,1,,,,,,,,,1,,,,1,,,,,,,,,,265804876355.67,26580487635.567,1.15344E+11,895572382.8,3029195546,5330591487,533059148.7,3013736273,-764927801,77284819.17,43797,4379.7,17431,370,1386.5,117625774565.01,11762577456.501,55353168000,238993857.9,1064585913,51.493,89.62,14.09,49.83,6674224936,667422493.6,3104652919,19053090.44,51744323.62,3.44,32.02,-55.11,15.255,6067530108,606753010.8,3323258579,-778289981.7,87160336.96,11.9777777777778,78.35,-98.22,24.9,7.782,70.9,-78.87,15.765,27.567,114.27,-1.8,14.73,5.529,12.67,2.18,5.05,0.766,4.81,-1.85,0.405,869510687.2,289836895.733333,369237815.3,131035720.5,369237151.3,46.21,65.49,7.66,65.48,11408,1140.8,5808,83,158,8.224,40.74,-33.92,6.765,2.589,22.33,-15.5,2.02,241663892.2,26851543.5766667,154533512.6,1939320.05,11181163.63,1135.16,113.516,554,7.16,34,3779,377.9,1136,107,374.5,28,14,14,14,14,588,58.8,146,1,32.5,247,24.7,86,2,9,0,0,0,0,0,293,29.3,98,9,19,0,0,0,0,0,88,8.8,30,1,5,0,0,0,0,0,314,31.4,110,9,20.5,20,3.33333333333333,6,1,3,17.467,33.83,5.1,15.99,0,0,0,0,0,0,0,0,0,0,13,6.5,12,1,6.5,0,0,0,0,0,0,0,0,0,0,0,0,0,0,0,0,0,0,0,0,0,0,0,0,0,0,0,0,0,0,176194027785.45,17619402778.545,76708794153,353388237.2,1394941084,9914,991.4,2352,97,519.5,0,0,0,0,0,1194,119.4,348,19,87,28,14,14,14,14,38,9.5,29,1,4,4,4,4,4,4
半导体业,四川省,3,,,,,,1,2,,2,1,,,2,,,,,1,,,,,,,,,,,,,,,,,,,,,,,,6928341639,2309447213.12667,3880199291,442269506,2605872843,574998333.1,191666111,308407890.6,-10645368.2,277235810.7,1674,558,984,100,590,2860632504,953544168.143333,1182368009,817983347,860281148.7,40.5333333333333,47.63,34.23,39.74,194482890,64827629.9966667,146270589.4,255314.4,47956986.15,7.75333333333333,49.02,-42.84,17.08,646897015.1,215632338.4,343312354.5,-13959489.6,317544150.2,-10.45,115.45,-182,35.2,-4.746666667,125.3,-177.09,37.55,34.93,42.86,27,34.93,5.98333333333333,12.36,0.04,5.55,-0.585,1,-2.17,-0.585,20737498.31,20737498.31,20737498.31,20737498.31,20737498.31,8.8,8.8,8.8,8.8,503,251.5,414,89,251.5,11.69,17.42,5.96,11.69,4.67666666666667,16.01,-9.31,7.33,123824098.1,61912049.03,120250937.8,3573160.22,61912049.03,215.66,71.8866666666667,110,0.66,105,637,318.5,404,233,318.5,0,0,0,0,0,205,102.5,129,76,102.5,103,51.5,78,25,51.5,0,0,0,0,0,47,23.5,31,16,23.5,0,0,0,0,0,36,18,22,14,18,0,0,0,0,0,40,20,21,19,20,33,16.5,19,14,16.5,28.38,41.87,14.89,28.38,0,0,0,0,0,0,0,0,0,0,0,0,0,0,0,0,0,0,0,0,0,0,0,0,0,0,0,0,0,0,0,0,0,0,0,0,0,0,0,0,0,0,0,0,0,2643809494,881269831.166667,1540701027,210546448.6,892562017.9,1972,986,1275,697,986,0,0,0,0,0,375,187.5,265,110,187.5,0,0,0,0,0,2,2,2,2,2,0,0,0,0,0
建筑业,四川省,4,,1,,,2,,1,,2,,,2,1,1,,,,,,,,,,,,,,,,,1,1,,,,,,,,,,2.58104E+11,64526032151.325,208327604391.19,7681249135,21047637540,12000322229,3000080557,11365483235,10596000,312121496.6,26073,6518.25,16354,588,4565.5,152715637837.71,38178909459.4275,135151188460.29,1338672880,8112888249,68.5075,85.54,50.6,68.945,4868473550,1217118387.4375,4427558590,4852966.74,218030996.4,8.66,58.93,-25.2,0.455,14338774671,3584693667.8075,13615394050,43414887.86,339982866.5,14.165,106.74,-57.2,3.56,6.7275,99.6,-86.54,6.925,36.2275,91.2,-16.52,35.115,2.0225,4.22,0.32,1.775,0.1625,0.5,-0.04,0.095,0,0,0,0,0,0,0,0,0,5293,1323.25,4086,70,568.5,31.865,76.64,-8.14,29.48,1.3675,18.93,-7.23,-3.115,330191356.6,82547839.14,199344387.8,1139446.37,64853761.21,1163,290.75,857,25,140.5,5837,1459.25,3701,18,1059,5,5,5,5,5,964,321.333333333333,837,3,124,662,331,550,112,331,0,0,0,0,0,977,244.25,711,2,132,5,5,5,5,5,381,95.25,208,1,86,5,5,5,5,5,650,216.666666666667,490,4,156,93,46.5,62,31,46.5,14.26,24.93,6.89,12.61,0,0,0,0,0,0,0,0,0,0,7,3.5,5,2,3.5,0,0,0,0,0,0,0,0,0,0,0,0,0,0,0,0,0,0,0,0,0,0,0,0,0,0,0,0,0,0,193020459129.87,48255114782.4675,162328586705.59,4602885430,13044493497.375,11165,2791.25,8875,5,1142.5,0,0,0,0,0,2426,606.5,1794,2,315,5,5,5,5,5,9,4.5,6,3,4.5,0,0,0,0,0
铁路、船舶、航空航天和其他运输设备制造业,四川省,6,,2,,,,,4,,2,,,4,2,,,,,,,,,,,,,,,,,,,2,,2,,,,,,,,25520916324,4253486054,7792957490,949711054.6,4277790725,677117522.3,112852920.388333,370090826.9,-26342344.74,59271335.15,8267,1377.83333333333,4207,552,839.5,8702411163,1450401860,3801353709,287302945.8,735440747.8,33.34,65.84,12.45,27.73,820637784.7,136772964.1,493437804.2,16607945.05,49105965.2,9.325,21.2,-8.6,10.23,773935367.1,128989227.843333,405954456.4,-28930336.59,66118194.13,-9.941666667,70.5,-97.5,-4.51,-13.17333333,79.56,-99.63,-17.175,107.625,633.44,-47.26,15.615,8.08166666666667,13.78,4.11,6.6,0.343333333333333,11.05,-6.76,0.025,18157650.64,6052550.21333333,13696848,1994813,2465989.64,-4.705,85.84,-95.25,-4.705,1306,217.666666666667,362,119,189.5,33.9733333333333,130.75,8.12,15.505,10.5,37.24,-1.7,8.115,49652717.97,8275452.995,18072345.22,746867.96,7403546.34,630,105,341,27,71,1358,226.333333333333,335,71,239.5,5,5,5,5,5,239,39.8333333333333,119,4,28,125,20.8333333333333,60,2,16.5,0,0,0,0,0,248,41.3333333333333,80,21,35,5,5,5,5,5,139,23.1666666666667,62,2,17,5,5,5,5,5,173,28.8333333333333,49,19,27,44,7.33333333333333,19,1,4.5,21.2733333333333,34.12,8.61,20.95,0,0,0,0,0,0,0,0,0,0,0,0,0,0,0,0,0,0,0,0,0,0,0,0,0,0,0,0,0,0,0,0,0,0,0,0,0,0,0,0,0,0,0,0,0,9939573883,1656595647.15167,4218601205,267698843.6,1172469982,2337,389.5,816,47,335,0,0,0,0,0,654,109,237,18,99,5,5,5,5,5,1,1,1,1,1,0,0,0,0,0
水利、环境和公共设施管理业,四川省,1,,,,,1,,,,1,,,,,1,,,,,,,,,,,,,,,,,,,,,,,,,,,,3081011626,3081011626,3081011626,3081011626,3081011626,-203184259.2,-203184259.2,-203184259.2,-203184259.2,-203184259.2,1986,1986,1986,1986,1986,431097438.4,431097438.4,431097438.4,431097438.4,431097438.4,25.86,25.86,25.86,25.86,2261745.4,2261745.4,2261745.4,2261745.4,2261745.4,-31.47,-31.47,-31.47,-31.47,-197234311.1,-197234311.1,-197234311.1,-197234311.1,-197234311.1,-2355.4,-2355.4,-2355.4,-2355.4,-655.47,-655.47,-655.47,-655.47,443,443,443,443,0.55,0.55,0.55,0.55,0.49,0.49,0.49,0.49,0,0,0,0,0,0,0,0,0,0,0,0,0,0,0,0,0,0,1.56,1.56,1.56,1.56,5220640.44,5220640.44,5220640.44,5220640.44,5220640.44,60,60,60,60,60,13,13,13,13,13,0,0,0,0,0,0,0,0,0,0,6,6,6,6,6,0,0,0,0,0,0,0,0,0,0,0,0,0,0,0,0,0,0,0,0,0,0,0,0,0,0,0,0,0,0,0,0,0,0,0,0,0,0,0,0,0,0,0,0,0,0,0,0,0,0,0,0,0,0,0,0,0,0,0,0,0,0,0,0,0,0,0,0,0,0,0,0,0,0,0,0,0,0,0,0,0,0,0,0,796170881.9,796170881.9,796170881.9,796170881.9,796170881.9,39,39,39,39,39,0,0,0,0,0,7,7,7,7,7,0,0,0,0,0,0,0,0,0,0,0,0,0,0,0
科学研究和技术服务业,四川省,4,,,,,,1,3,,2,,,2,2,,,,,,,,,,,,,,,,,,,,1,1,,,,,,,,6949153912,1737288478,3200867020,346552685.4,1700867103,-118389827.4,-29597456.85,97425545.94,-252241932.6,18213279.63,2617,654.25,1433,191,496.5,2047330753,511832688.2,1368000026,106851138.6,286239794.1,15.87,27.2,3.74,16.27,231467650.6,77155883.5266667,122776268.9,21330252.15,87361129.53,2.15,9.32,-3.8,1.54,-153495562.6,-38373890.66,106397627.7,-286895901.9,13501355.77,-59.33,-1.4,-157.92,-39,-50.635,0.34,-128.6,-37.14,13.69,30.34,-7.82,18.55,14.7233333333333,26.5,8.76,8.91,1.32,2.89,-0.4,1.47,16035209.12,16035209.12,16035209.12,16035209.12,16035209.12,213.09,213.09,213.09,213.09,641,213.666666666667,420,76,145,8.99666666666666,9.29,8.51,9.19,4.13,25.5,-13.33,2.175,27895073.97,6973768.493,15252307.6,299946.71,6171409.83,247,61.75,82,40,62.5,260,86.6666666666667,121,51,88,68,34,48,20,34,93,31,48,16,29,9,3,4,2,3,0,0,0,0,0,29,9.66666666666667,12,8,9,12,6,8,4,6,25,8.33333333333333,12,4,9,12,6,8,4,6,45,15,18,10,17,34,11.3333333333333,18,6,10,36.54,84,9.96,15.66,0,0,0,0,0,0,0,0,0,0,1,1,1,1,1,0,0,0,0,0,0,0,0,0,0,0,0,0,0,0,0,0,0,0,0,0,0,0,0,0,0,0,0,0,0,1320205110,330051277.5,871537732.9,41939372.26,203364002.4,662,220.666666666667,347,48,267,0,0,0,0,0,225,75,124,50,51,68,34,48,20,34,0,0,0,0,0,0,0,0,0,0
纺织鞋服业,四川省,2,,,,,,1,1,,,1,,1,,,,,,1,,,,,,,,,,,,,,,,1,,,,,,,,1331663747,665831873.5,667684432,663979315.1,665831873.5,70277236.81,35138618.41,53000246,17276990.81,35138618.41,656,328,333,323,328,544516205.1,272258102.5,326757718.1,217758487,272258102.5,32.455,44.05,20.86,32.455,20176745.22,10088372.61,12011187.22,8165558,10088372.61,-8.44,1.97,-18.85,-8.44,82553606.8,41276803.4,64442173,18111433.8,41276803.4,-3.85,8.36,-16.06,-3.85,-4.87,4.58,-14.32,-4.87,2.925,15.84,-9.99,2.925,3.71,3.79,3.63,3.71,0.38,0.46,0.3,0.38,0,0,0,0,0,0,0,0,0,36,36,36,36,36,0,0,0,0,1.515,5.84,-2.81,1.515,6821969.29,3410984.645,5813337,1008632.29,3410984.645,23.65,11.825,19,4.65,11.825,327,327,327,327,327,0,0,0,0,0,5,5,5,5,5,7,7,7,7,7,0,0,0,0,0,13,13,13,13,13,0,0,0,0,0,3,3,3,3,3,0,0,0,0,0,11,11,11,11,11,0,0,0,0,0,10.68,10.68,10.68,10.68,0,0,0,0,0,0,0,0,0,0,0,0,0,0,0,0,0,0,0,0,0,0,0,0,0,0,0,0,0,0,0,0,0,0,0,0,0,0,0,0,0,0,0,0,0,433028649.4,216514324.7,294335521,138693128.4,216514324.7,286,286,286,286,286,0,0,0,0,0,18,18,18,18,18,0,0,0,0,0,2,2,2,2,2,0,0,0,0,0
通信传输设备业,四川省,8,,2,,,,,6,,6,1,,1,5,,1,,,,1,,,,,,,,,,,,,,,1,,,,,,,,18308355972,2288544496,5876063614,558226346.1,1956007698,1360801068,170100133.49875,903583608.8,1586367.82,51559661.16,7929,991.125,2756,166,541.5,9640482090,1205060261.2125,3310579819,304018767,516742071.4,27.6875,42.64,17.1,24.865,622549279,77818659.87,187246295.9,10986019.28,70457833.99,9.06875,24.73,-6.3,7.465,1524402687,190550335.89125,1027770378,521507.78,59908203.21,5.935,103.83,-87,-0.76,5.09,104.74,-79.7,1.065,22.51375,72.66,-10.57,18.775,7.48125,16.76,3.6,6.17,0.93875,3.6,-0.68,0.75,0,0,0,0,0,0,0,0,0,1610,230,449,24,240,5.24714285714286,19.27,-3.09,4.37,5.31125,26.69,-6.39,3.64,61293110.23,7661638.779,19246575.13,1056177.72,4470050.495,790.09,98.76125,482,3.09,47,1746,218.25,520,30,195,7,2.33333333333333,4,1,2,315,39.375,123,1,33.5,248,31,94,1,18.5,0,0,0,0,0,171,28.5,80,16,19,0,0,0,0,0,107,17.8333333333333,70,3,8.5,0,0,0,0,0,134,22.3333333333333,43,10,19.5,50,8.33333333333333,34,1,2.5,24.66,43.01,14.61,22.44,0,0,0,0,0,0,0,0,0,0,1,1,1,1,1,0,0,0,0,0,0,0,0,0,0,0,0,0,0,0,0,0,0,0,0,0,0,0,0,0,0,0,0,0,0,4812964651,601620581.4,1072683532,174419151.5,560247510.9,3774,471.75,869,30,555,0,0,0,0,0,820,102.5,350,4,84.5,7,2.33333333333333,4,1,2,6,3,4,2,3,13,6.5,12,1,6.5
金属制品业,四川省,1,,,,,1,,,,,,,1,,,,,,,,,,,,,,,,,,,1,,,,,,,,,,,3139167987,3139167987,3139167987,3139167987,3139167987,78681458.96,78681458.96,78681458.96,78681458.96,78681458.96,2015,2015,2015,2015,2015,3340026125,3340026125,3340026125,3340026125,3340026125,24.51,24.51,24.51,24.51,213181746.7,213181746.7,213181746.7,213181746.7,213181746.7,-3.01,-3.01,-3.01,-3.01,80937765.63,80937765.63,80937765.63,80937765.63,80937765.63,-25.69,-25.69,-25.69,-25.69,-20.6,-20.6,-20.6,-20.6,6.1,6.1,6.1,6.1,6.36,6.36,6.36,6.36,0.57,0.57,0.57,0.57,147420302.4,147420302.4,147420302.4,147420302.4,147420302.4,-5.9,-5.9,-5.9,-5.9,317,317,317,317,317,-5.64,-5.64,-5.64,-5.64,1.32,1.32,1.32,1.32,11447093.04,11447093.04,11447093.04,11447093.04,11447093.04,36,36,36,36,36,236,236,236,236,236,0,0,0,0,0,102,102,102,102,102,51,51,51,51,51,0,0,0,0,0,13,13,13,13,13,0,0,0,0,0,8,8,8,8,8,0,0,0,0,0,15,15,15,15,15,9,9,9,9,9,15.7,15.7,15.7,15.7,0,0,0,0,0,0,0,0,0,0,0,0,0,0,0,0,0,0,0,0,0,0,0,0,0,0,0,0,0,0,0,0,0,0,0,0,0,0,0,0,0,0,0,0,0,771267315.5,771267315.5,771267315.5,771267315.5,771267315.5,1134,1134,1134,1134,1134,0,0,0,0,0,171,171,171,171,171,0,0,0,0,0,1,1,1,1,1,0,0,0,0,0
文化、体育和娱乐业,四川省,3,,,,,3,,,,,1,,2,,,,,,,,,,,1,,,,,,,,2,,,,,,,,,,,45164899941,15054966647,20651369935,3862194401,20651335604,2835121804,945040601.233333,1391236459,52653755.2,1391231589,16500,5500,7948,612,7940,22367696726,7455898908.64667,10930386613,506953034.3,10930357078,31.4166666666667,38.65,17,38.6,77223163.29,25741054.43,42489700.36,17366591.98,17366870.95,-4.076666667,4.41,-21.04,4.4,2896710473,965570157.736667,1414678898,67353862.85,1414677712,-12.22333333,4.32,-45.29,4.3,-9.523333333,6.77,-42.1,6.76,-26.85333333,7.1,-43.85,-43.81,2.84666666666667,8.32,0.1,0.12,0.656666666666667,2.25,-0.18,-0.1,20416904.05,10208452.03,10208816,10208088.05,10208452.03,-62.4,-62.4,-62.4,-62.4,278,92.6666666666667,208,35,35,66.7866666666667,94.42,11.52,94.42,-9.136666667,6.26,-39.93,6.26,125231518.9,41743839.63,97255535.9,3924927.28,24051055.71,264,88,138,61,65,243,81,96,51,96,0,0,0,0,0,17,5.66666666666667,7,3,7,100,33.3333333333333,40,20,40,0,0,0,0,0,2,2,2,2,2,0,0,0,0,0,2,2,2,2,2,0,0,0,0,0,0,0,0,0,0,0,0,0,0,0,11.3633333333333,33.2,0.41,0.48,0,0,0,0,0,0,0,0,0,0,0,0,0,0,0,0,0,0,0,0,0,0,0,0,0,0,0,0,0,0,0,0,0,0,0,0,0,0,0,0,0,0,0,0,0,16635237490,5545079163.39667,7989351738,656534837.6,7989350914,651,217,266,124,261,0,0,0,0,0,145,48.3333333333333,60,25,60,0,0,0,0,0,0,0,0,0,0,0,0,0,0,0
橡胶和塑料制品业,四川省,1,,,,,,,1,,1,,,,1,,,,,,,,,,,,,,,,,,,,,,,,,,,,,972958793.7,972958793.7,972958793.7,972958793.7,972958793.7,47594606.65,47594606.65,47594606.65,47594606.65,47594606.65,742,742,742,742,742,305022692.7,305022692.7,305022692.7,305022692.7,305022692.7,11.58,11.58,11.58,11.58,25572504,25572504,25572504,25572504,25572504,-2.16,-2.16,-2.16,-2.16,50995862.8,50995862.8,50995862.8,50995862.8,50995862.8,-31.87,-31.87,-31.87,-31.87,-27.3,-27.3,-27.3,-27.3,-1.5,-1.5,-1.5,-1.5,8.35,8.35,8.35,8.35,0.09,0.09,0.09,0.09,0,0,0,0,0,0,0,0,0,92,92,92,92,92,-10.67,-10.67,-10.67,-10.67,4.74,4.74,4.74,4.74,3556890.86,3556890.86,3556890.86,3556890.86,3556890.86,22,22,22,22,22,149,149,149,149,149,0,0,0,0,0,22,22,22,22,22,8,8,8,8,8,0,0,0,0,0,7,7,7,7,7,0,0,0,0,0,2,2,2,2,2,0,0,0,0,0,13,13,13,13,13,4,4,4,4,4,12.21,12.21,12.21,12.21,0,0,0,0,0,0,0,0,0,0,0,0,0,0,0,0,0,0,0,0,0,0,0,0,0,0,0,0,0,0,0,0,0,0,0,0,0,0,0,0,0,0,0,0,0,112234587,112234587,112234587,112234587,112234587,261,261,261,261,261,0,0,0,0,0,49,49,49,49,49,0,0,0,0,0,2,2,2,2,2,1,1,1,1,1
租赁和商务服务业,四川省,2,,,,,,,2,,1,1,,,1,,,,1,,,,,,,,,,,,,,,,,,,,,,,,,9195427125,4597713563,7067540227,2127886898,4597713563,811273801.2,405636900.6,804416857.2,6856944,405636900.6,32748,16374,31971,777,16374,5120940642,2560470321,3638204142,1482736500,2560470321,22.56,31.87,13.25,22.56,32607396,32607396,32607396,32607396,32607396,-13.37,-3.54,-23.2,-13.37,953739048.3,476869524.1,942293216.3,11445832,476869524.1,-52.145,-14.09,-90.2,-52.145,-53.69,-14.08,-93.3,-53.69,79.71,79.71,79.71,79.71,0.9,0.9,0.9,0.9,0.57,0.57,0.57,0.57,0,0,0,0,0,0,0,0,0,48,48,48,48,48,-36,-36,-36,-36,-25.63,-9.14,-42.12,-25.63,27746410.76,13873205.38,26083639,1662771.76,13873205.38,104.43,52.215,99,5.43,52.215,0,0,0,0,0,0,0,0,0,0,0,0,0,0,0,0,0,0,0,0,0,0,0,0,0,0,0,0,0,0,0,0,0,0,0,0,0,0,0,0,0,0,0,0,0,0,0,0,0,0,0,0,0,0,0,0.16,0.16,0.16,0.16,0,0,0,0,0,0,0,0,0,0,0,0,0,0,0,0,0,0,0,0,0,0,0,0,0,0,0,0,0,0,0,0,0,0,0,0,0,0,0,0,0,0,0,0,0,1612183752,806091875.8,933886420.6,678297331,806091875.8,0,0,0,0,0,0,0,0,0,0,0,0,0,0,0,0,0,0,0,0,0,0,0,0,0,0,0,0,0,0
农、林、牧、渔业,四川省,1,,,,,,,1,,,,,1,,,,,,,,,,,,,,,,,,,,,,1,,,,,,,,7253938482,7253938482,7253938482,7253938482,7253938482,161371074.6,161371074.6,161371074.6,161371074.6,161371074.6,3565,3565,3565,3565,3565,3967934936,3967934936,3967934936,3967934936,3967934936,48.82,48.82,48.82,48.82,15076129.19,15076129.19,15076129.19,15076129.19,15076129.19,33.05,33.05,33.05,33.05,160449064.1,160449064.1,160449064.1,160449064.1,160449064.1,-45.89,-45.89,-45.89,-45.89,-39.44,-39.44,-39.44,-39.44,1.28,1.28,1.28,1.28,0.32,0.32,0.32,0.32,-0.15,-0.15,-0.15,-0.15,0,0,0,0,0,0,0,0,0,49,49,49,49,49,-2,-2,-2,-2,1.26,1.26,1.26,1.26,12219854.57,12219854.57,12219854.57,12219854.57,12219854.57,166,166,166,166,166,248,248,248,248,248,0,0,0,0,0,13,13,13,13,13,56,56,56,56,56,0,0,0,0,0,27,27,27,27,27,0,0,0,0,0,9,9,9,9,9,0,0,0,0,0,23,23,23,23,23,1,1,1,1,1,1.38,1.38,1.38,1.38,0,0,0,0,0,0,0,0,0,0,0,0,0,0,0,0,0,0,0,0,0,0,0,0,0,0,0,0,0,0,0,0,0,0,0,0,0,0,0,0,0,0,0,0,0,3543605864,3543605864,3543605864,3543605864,3543605864,403,403,403,403,403,0,0,0,0,0,87,87,87,87,87,0,0,0,0,0,0,0,0,0,0,0,0,0,0,0
仪器仪表制造业,四川省,3,,,,,,,3,,,,1,2,,,,,,,,,,,,,,,,1,,,,,,2,,,,,,,,2611638111,870546037.1,1043134685,556481966.6,1012021460,127274905.6,42424968.5433333,81260740.33,1371635.8,44642529.5,1100,366.666666666667,767,119,214,857627525.9,285875842,367903980.7,220365315.9,269358229.3,22.73,28.16,12.22,27.81,98928994.62,32976331.54,50401786.13,13650132.65,34877075.84,27.0533333333333,35.26,20.31,25.59,129859330.2,43286443.4133333,90149179.83,-8063585.11,47773735.52,-27.58,58.05,-130.49,-10.3,-12.86333333,60.21,-95.3,-3.5,49.4433333333333,83.92,30.47,33.94,11.5333333333333,15.89,5.01,13.7,1.86333333333333,4.12,0.14,1.33,0,0,0,0,0,0,0,0,0,296,98.6666666666667,198,39,59,14.3166666666667,22.25,9.24,11.46,17.4066666666667,25.78,12.44,14,13483565.69,4494521.89666667,6698140.62,3344552.67,3440872.4,79.2,26.4,56,5.2,18,1136,378.666666666667,1020,55,61,9,9,9,9,9,225,75,200,5,20,325,108.333333333333,320,1,4,0,0,0,0,0,194,64.6666666666667,177,8,9,0,0,0,0,0,179,89.5,170,9,89.5,0,0,0,0,0,130,43.3333333333333,108,8,14,73,24.3333333333333,65,1,7,31.6266666666667,51.7,18.18,25,0,0,0,0,0,0,0,0,0,0,0,0,0,0,0,0,0,0,0,0,0,0,0,0,0,0,0,0,0,0,0,0,0,0,0,0,0,0,0,0,0,0,0,0,0,572048135.7,190682711.893333,293200001,123844480.4,155003654.3,2152,717.333333333333,1988,70,94,0,0,0,0,0,817,272.333333333333,774,7,36,9,9,9,9,9,3,3,3,3,3,0,0,0,0,0
造纸和纸制品业,四川省,1,,,,,1,,,,,,,1,,,,,,,,,,,,,,,,,,,1,,,,,,,,,,,2854287333,2854287333,2854287333,2854287333,2854287333,29592631.8,29592631.8,29592631.8,29592631.8,29592631.8,1136,1136,1136,1136,1136,2301745691,2301745691,2301745691,2301745691,2301745691,76.97,76.97,76.97,76.97,7595277.1,7595277.1,7595277.1,7595277.1,7595277.1,8.79,8.79,8.79,8.79,26243591.75,26243591.75,26243591.75,26243591.75,26243591.75,-11.38,-11.38,-11.38,-11.38,4.44,4.44,4.44,4.44,50.9,50.9,50.9,50.9,0.38,0.38,0.38,0.38,0.01,0.01,0.01,0.01,0,0,0,0,0,0,0,0,0,52,52,52,52,52,-1.87,-1.87,-1.87,-1.87,-4.67,-4.67,-4.67,-4.67,12202591.52,12202591.52,12202591.52,12202591.52,12202591.52,22,22,22,22,22,23,23,23,23,23,0,0,0,0,0,4,4,4,4,4,7,7,7,7,7,0,0,0,0,0,12,12,12,12,12,0,0,0,0,0,4,4,4,4,4,0,0,0,0,0,7,7,7,7,7,0,0,0,0,0,4.58,4.58,4.58,4.58,0,0,0,0,0,0,0,0,0,0,0,0,0,0,0,0,0,0,0,0,0,0,0,0,0,0,0,0,0,0,0,0,0,0,0,0,0,0,0,0,0,0,0,0,0,2196375976,2196375976,2196375976,2196375976,2196375976,57,57,57,57,57,0,0,0,0,0,11,11,11,11,11,0,0,0,0,0,0,0,0,0,0,0,0,0,0,0
其他制造业,四川省,1,,,,,,,1,,,,,1,,,,,,,,,,,,,,,,,,,,,,1,,,,,,,,2751633276,2751633276,2751633276,2751633276,2751633276,120091191.8,120091191.8,120091191.8,120091191.8,120091191.8,1721,1721,1721,1721,1721,1141249919,1141249919,1141249919,1141249919,1141249919,36.11,36.11,36.11,36.11,66754830.8,66754830.8,66754830.8,66754830.8,66754830.8,13.34,13.34,13.34,13.34,130272915.2,130272915.2,130272915.2,130272915.2,130272915.2,51.44,51.44,51.44,51.44,52,52,52,52,51.55,51.55,51.55,51.55,5.83,5.83,5.83,5.83,1.44,1.44,1.44,1.44,12621108.78,12621108.78,12621108.78,12621108.78,12621108.78,145.93,145.93,145.93,145.93,266,266,266,266,266,35.1,35.1,35.1,35.1,21.1,21.1,21.1,21.1,10687946.57,10687946.57,10687946.57,10687946.57,10687946.57,68,68,68,68,68,222,222,222,222,222,0,0,0,0,0,9,9,9,9,9,7,7,7,7,7,0,0,0,0,0,38,38,38,38,38,0,0,0,0,0,9,9,9,9,9,0,0,0,0,0,34,34,34,34,34,1,1,1,1,1,15.5,15.5,15.5,15.5,0,0,0,0,0,0,0,0,0,0,0,0,0,0,0,1,1,1,1,1,0,0,0,0,0,0,0,0,0,0,0,0,0,0,0,0,0,0,0,0,0,0,0,0,0,995219704.2,995219704.2,995219704.2,995219704.2,995219704.2,369,369,369,369,369,0,0,0,0,0,29,29,29,29,29,0,0,0,0,0,0,0,0,0,0,0,0,0,0,0
教育,四川省,4,,,,,,,4,,,4,,,,,,,4,,,,,,,,,,,,,,,,,,,,,,,,,35819234420,8954808605,22313078659,1408898477,6048628642,630966307,157741576.8,445905867,3891392,90584524,18086,4521.5,12605,838,2321.5,4764385659,1191096415,3042696678,286197998,717745491.5,68.88,79.85,54.89,70.39,0,0,0,0,0,82.1875,157.2,26.24,72.655,833142601,208285650.3,589443161,4422179,119638630.5,81.7125,130.8,-12.32,104.185,74.7425,112.79,-26.3,106.24,0,0,0,0,0,0,0,0,0,0,0,0,0,0,0,0,0,0,0,0,0,0,0,0,0,0,0,0,0,0,-10.3625,26.21,-65.86,-0.9,3288624,1644312,3094593,194031,1644312,88.34,22.085,41,3.71,21.815,0,0,0,0,0,0,0,0,0,0,0,0,0,0,0,0,0,0,0,0,0,0,0,0,0,0,0,0,0,0,0,0,0,0,0,0,0,0,0,0,0,0,0,0,0,0,0,0,0,0,0,0,0,0,0,0,0,0,0,0,0,0,0,0,0,0,0,0,0,0,0,0,0,0,0,0,0,0,0,0,0,0,0,0,0,0,0,0,0,0,0,0,0,0,0,0,0,0,0,0,0,0,0,0,24457432674,6114358169,14265218735,772222596,4709995672,0,0,0,0,0,0,0,0,0,0,0,0,0,0,0,0,0,0,0,0,0,0,0,0,0,0,0,0,0,0
综合,四川省,1,,,,,,,1,,,,,1,,,,,,,,,,,,,,,,,,,,,,1,,,,,,,,21706616529,21706616529,21706616529,21706616529,21706616529,610257552.2,610257552.2,610257552.2,610257552.2,610257552.2,575,575,575,575,575,5019303567,5019303567,5019303567,5019303567,5019303567,70.46,70.46,70.46,70.46,0,0,0,0,0,51.3,51.3,51.3,51.3,791519685.6,791519685.6,791519685.6,791519685.6,791519685.6,3.5,3.5,3.5,3.5,3.92,3.92,3.92,3.92,0,0,0,0,0,0,0,0,0,0,0,0,0,0,0,0,0,0,0,0,0,0,0,0,0,0,0,0,0,0,-18.32,-18.32,-18.32,-18.32,169850848.6,169850848.6,169850848.6,169850848.6,169850848.6,86,86,86,86,86,0,0,0,0,0,0,0,0,0,0,0,0,0,0,0,0,0,0,0,0,0,0,0,0,0,0,0,0,0,0,0,0,0,0,0,0,0,0,0,0,0,0,0,0,0,0,0,0,0,0,0,0,0,0,0,0,0,0,0,0,0,0,0,0,0,0,0,0,0,0,0,0,0,0,0,0,0,0,0,0,0,0,0,0,0,0,0,0,0,0,0,0,0,0,0,0,0,0,0,0,0,0,0,0,15296247938,15296247938,15296247938,15296247938,15296247938,0,0,0,0,0,0,0,0,0,0,0,0,0,0,0,0,0,0,0,0,0,0,0,0,0,0,0,0,0,0
废弃资源综合利用业,四川省,1,,,,,1,,,,1,,,,,1,,,,,,,,,,,,,,,,,,,,,,,,,,,,5582936537,5582936537,5582936537,5582936537,5582936537,79579434.04,79579434.04,79579434.04,79579434.04,79579434.04,1555,1555,1555,1555,1555,1790877615,1790877615,1790877615,1790877615,1790877615,73.5,73.5,73.5,73.5,23626194.82,23626194.82,23626194.82,23626194.82,23626194.82,118.67,118.67,118.67,118.67,105825921.6,105825921.6,105825921.6,105825921.6,105825921.6,22.3,22.3,22.3,22.3,-4.73,-4.73,-4.73,-4.73,91.38,91.38,91.38,91.38,1.38,1.38,1.38,1.38,-0.14,-0.14,-0.14,-0.14,7896020.1,7896020.1,7896020.1,7896020.1,7896020.1,126.9,126.9,126.9,126.9,89,89,89,89,89,71.19,71.19,71.19,71.19,126.36,126.36,126.36,126.36,2137263.3,2137263.3,2137263.3,2137263.3,2137263.3,36,36,36,36,36,0,0,0,0,0,0,0,0,0,0,0,0,0,0,0,0,0,0,0,0,0,0,0,0,0,0,0,0,0,0,0,0,0,0,0,0,0,0,0,0,0,0,0,0,0,0,0,0,0,0,0,0,0,0,0,5.77,5.77,5.77,5.77,0,0,0,0,0,0,0,0,0,0,0,0,0,0,0,0,0,0,0,0,0,0,0,0,0,0,0,0,0,0,0,0,0,0,0,0,0,0,0,0,0,0,0,0,0,4103509528,4103509528,4103509528,4103509528,4103509528,0,0,0,0,0,0,0,0,0,0,0,0,0,0,0,0,0,0,0,0,0,0,0,0,0,0,0,0,0,0
印刷和记录媒介复制业,四川省,1,,,,,,,1,,1,,,,1,,,,,,,,,,,,,,,,,,,,,,,,,,,,,2020532717,2020532717,2020532717,2020532717,2020532717,-40070636.83,-40070636.83,-40070636.83,-40070636.83,-40070636.83,346,346,346,346,346,184629326.3,184629326.3,184629326.3,184629326.3,184629326.3,11.16,11.16,11.16,11.16,12791879.7,12791879.7,12791879.7,12791879.7,12791879.7,-52.2,-52.2,-52.2,-52.2,-38095101.31,-38095101.31,-38095101.31,-38095101.31,-38095101.31,-157.44,-157.44,-157.44,-157.44,-175.74,-175.74,-175.74,-175.74,22.59,22.59,22.59,22.59,6.96,6.96,6.96,6.96,4.25,4.25,4.25,4.25,0,0,0,0,0,0,0,0,0,43,43,43,43,43,22.84,22.84,22.84,22.84,-26.56,-26.56,-26.56,-26.56,462254.2,462254.2,462254.2,462254.2,462254.2,40,40,40,40,40,87,87,87,87,87,0,0,0,0,0,10,10,10,10,10,7,7,7,7,7,0,0,0,0,0,5,5,5,5,5,0,0,0,0,0,3,3,3,3,3,0,0,0,0,0,0,0,0,0,0,0,0,0,0,0,12.59,12.59,12.59,12.59,0,0,0,0,0,0,0,0,0,0,0,0,0,0,0,0,0,0,0,0,0,0,0,0,0,0,0,0,0,0,0,0,0,0,0,0,0,0,0,0,0,0,0,0,0,225121539,225121539,225121539,225121539,225121539,67,67,67,67,67,0,0,0,0,0,27,27,27,27,27,0,0,0,0,0,0,0,0,0,0,0,0,0,0,0
卫生和社会工作,四川省,2,,,,,1,,1,,2,,,,1,1,,,,,,,,,,,,,,,,,,,,,,,,,,,,4289093396,2144546698,3676962909,612130487.4,2144546698,27166022.73,13583011.37,20568784.87,6597237.86,13583011.37,4352,2176,3974,378,2176,2609403521,1304701760,1725644171,883759349.5,1304701760,53.84,63.9,43.78,53.84,19158035.14,9579017.57,12514026.5,6644008.64,9579017.57,98.955,196.92,0.99,98.955,85734657.33,42867328.67,67537900.23,18196757.1,42867328.67,406.2,865.2,-52.8,406.2,213.5,505.08,-78.08,213.5,20.84,20.84,20.84,20.84,0.92,1.48,0.36,0.92,-2.1,-2.1,-2.1,-2.1,0,0,0,0,0,0,0,0,0,78,39,40,38,39,5.59,5.59,5.59,5.59,0.619999999999999,20.4,-19.16,0.619999999999999,13836687.09,6918343.545,9553304,4283383.09,6918343.545,177,88.5,142,35,88.5,41,41,41,41,41,0,0,0,0,0,1,1,1,1,1,0,0,0,0,0,0,0,0,0,0,4,4,4,4,4,0,0,0,0,0,0,0,0,0,0,0,0,0,0,0,5,5,5,5,5,0,0,0,0,0,5.63,10.19,1.07,5.63,0,0,0,0,0,0,0,0,0,0,0,0,0,0,0,0,0,0,0,0,0,0,0,0,0,0,0,0,0,0,0,0,0,0,0,0,0,0,0,0,0,0,0,0,0,2001144045,1000572022,1609441930,391702115,1000572022,16,16,16,16,16,0,0,0,0,0,1,1,1,1,1,0,0,0,0,0,0,0,0,0,0,0,0,0,0,0
文教、工美、体育和娱乐用品制造业,四川省,0,,,,,,,,,,,,,,,,,,,,,,,,,,,,,,,,,,,,,,,,,,0,0,0,0,0,0,0,0,0,0,0,0,0,0,0,0,0,0,0,0,0,0,0,0,0,0,0,0,0,0,0,0,0,0,0,0,0,0,0,0,0,0,0,0,0,0,0,0,0,0,0,0,0,0,0,0,0,0,0,0,0,0,0,0,0,0,0,0,0,0,0,0,0,0,0,0,0,0,0,0,0,0,0,0,0,0,0,0,0,0,0,0,0,0,0,0,0,0,0,0,0,0,0,0,0,0,0,0,0,0,0,0,0,0,0,0,0,0,0,0,0,0,0,0,0,0,0,0,0,0,0,0,0,0,0,0,0,0,0,0,0,0,0,0,0,0,0,0,0,0,0,0,0,0,0,0,0,0,0,0,0,0,0,0,0,0,0,0,0,0,0,0,0,0,0,0,0,0,0,0,0,0,0,0,0,0,0,0,0,0,0,0,0,0,0,0,0,0,0,0,0,0,0,0,0,0,0,0,0,0,0,0,0,0,0,0,0,0,0,0,0,0,0,0,0,0,0,0,0
石油加工、炼焦和核燃料加工业,四川省,0,,,,,,,,,,,,,,,,,,,,,,,,,,,,,,,,,,,,,,,,,,0,0,0,0,0,0,0,0,0,0,0,0,0,0,0,0,0,0,0,0,0,0,0,0,0,0,0,0,0,0,0,0,0,0,0,0,0,0,0,0,0,0,0,0,0,0,0,0,0,0,0,0,0,0,0,0,0,0,0,0,0,0,0,0,0,0,0,0,0,0,0,0,0,0,0,0,0,0,0,0,0,0,0,0,0,0,0,0,0,0,0,0,0,0,0,0,0,0,0,0,0,0,0,0,0,0,0,0,0,0,0,0,0,0,0,0,0,0,0,0,0,0,0,0,0,0,0,0,0,0,0,0,0,0,0,0,0,0,0,0,0,0,0,0,0,0,0,0,0,0,0,0,0,0,0,0,0,0,0,0,0,0,0,0,0,0,0,0,0,0,0,0,0,0,0,0,0,0,0,0,0,0,0,0,0,0,0,0,0,0,0,0,0,0,0,0,0,0,0,0,0,0,0,0,0,0,0,0,0,0,0,0,0,0,0,0,0,0,0,0,0,0,0,0,0,0,0,0,0
化学纤维制造业,四川省,0,,,,,,,,,,,,,,,,,,,,,,,,,,,,,,,,,,,,,,,,,,0,0,0,0,0,0,0,0,0,0,0,0,0,0,0,0,0,0,0,0,0,0,0,0,0,0,0,0,0,0,0,0,0,0,0,0,0,0,0,0,0,0,0,0,0,0,0,0,0,0,0,0,0,0,0,0,0,0,0,0,0,0,0,0,0,0,0,0,0,0,0,0,0,0,0,0,0,0,0,0,0,0,0,0,0,0,0,0,0,0,0,0,0,0,0,0,0,0,0,0,0,0,0,0,0,0,0,0,0,0,0,0,0,0,0,0,0,0,0,0,0,0,0,0,0,0,0,0,0,0,0,0,0,0,0,0,0,0,0,0,0,0,0,0,0,0,0,0,0,0,0,0,0,0,0,0,0,0,0,0,0,0,0,0,0,0,0,0,0,0,0,0,0,0,0,0,0,0,0,0,0,0,0,0,0,0,0,0,0,0,0,0,0,0,0,0,0,0,0,0,0,0,0,0,0,0,0,0,0,0,0,0,0,0,0,0,0,0,0,0,0,0,0,0,0,0,0,0,0
家具制造业,四川省,2,,,,,,,2,,2,,,,2,,,,,,,,,,,,,,,,,,,,,,,,,,,,,8766799187,4383399593,7898969918,867829268.9,4383399593,-1471923498,-735961748.8,36888659.1,-1508812157,-735961748.8,4902,2451,4757,145,2451,4434737271,2217368635,4112032161,322705110.1,2217368635,36.865,64.13,9.6,36.865,236618427.4,118309213.7,229782140.7,6836286.72,118309213.7,-32.43,-31.76,-33.1,-32.43,-1562553394,-781276697,47450690.2,-1610004084,-781276697,-1325.665,-46.57,-2604.76,-1325.665,-1217.06,-46.15,-2387.97,-1217.06,-11.68,-8.35,-15.01,-11.68,3.87,5.56,2.18,3.87,1,1.56,0.44,1,0,0,0,0,0,0,0,0,0,678,339,636,42,339,-12.625,-2.38,-22.87,-12.625,-17.625,-4.54,-30.71,-17.625,24151750.1,12075875.05,23886021.05,265729.05,12075875.05,45,22.5,26,19,22.5,1479,739.5,1193,286,739.5,6,6,6,6,6,131,131,131,131,131,101,50.5,94,7,50.5,0,0,0,0,0,200,100,152,48,100,2,2,2,2,2,65,32.5,63,2,32.5,2,2,2,2,2,234,117,178,56,117,49,49,49,49,49,20.835,28.39,13.28,20.835,0,0,0,0,0,0,0,0,0,0,0,0,0,0,0,0,0,0,0,0,0,0,0,0,0,0,0,0,0,0,0,0,0,0,0,0,0,0,0,0,0,0,0,0,0,5147316201,2573658100,5063659202,83656998.4,2573658100,1612,806,1529,83,806,0,0,0,0,0,418,209,396,22,209,6,6,6,6,6,1,1,1,1,1,0,0,0,0,0
住宿和餐饮业,四川省,0,,,,,,,,,,,,,,,,,,,,,,,,,,,,,,,,,,,,,,,,,,0,0,0,0,0,0,0,0,0,0,0,0,0,0,0,0,0,0,0,0,0,0,0,0,0,0,0,0,0,0,0,0,0,0,0,0,0,0,0,0,0,0,0,0,0,0,0,0,0,0,0,0,0,0,0,0,0,0,0,0,0,0,0,0,0,0,0,0,0,0,0,0,0,0,0,0,0,0,0,0,0,0,0,0,0,0,0,0,0,0,0,0,0,0,0,0,0,0,0,0,0,0,0,0,0,0,0,0,0,0,0,0,0,0,0,0,0,0,0,0,0,0,0,0,0,0,0,0,0,0,0,0,0,0,0,0,0,0,0,0,0,0,0,0,0,0,0,0,0,0,0,0,0,0,0,0,0,0,0,0,0,0,0,0,0,0,0,0,0,0,0,0,0,0,0,0,0,0,0,0,0,0,0,0,0,0,0,0,0,0,0,0,0,0,0,0,0,0,0,0,0,0,0,0,0,0,0,0,0,0,0,0,0,0,0,0,0,0,0,0,0,0,0,0,0,0,0,0,0
木材加工和木、竹、藤、棕、草制品业,四川省,1,,,,,,,1,,,,,1,,,,,,,,,,,,,,,,,,,,,,1,,,,,,,,5067260625,5067260625,5067260625,5067260625,5067260625,-194791292.1,-194791292.1,-194791292.1,-194791292.1,-194791292.1,502,502,502,502,502,680248707.4,680248707.4,680248707.4,680248707.4,680248707.4,68.31,68.31,68.31,68.31,0,0,0,0,0,-46.18,-46.18,-46.18,-46.18,-183884420.4,-183884420.4,-183884420.4,-183884420.4,-183884420.4,-423.1,-423.1,-423.1,-423.1,-559.9,-559.9,-559.9,-559.9,0,0,0,0,0,0,0,0,0,0,0,0,0,0,0,0,0,0,0,0,0,0,0,0,0,0,0,0,0,0,-8.43,-8.43,-8.43,-8.43,896317.5,896317.5,896317.5,896317.5,896317.5,25,25,25,25,25,14,14,14,14,14,0,0,0,0,0,1,1,1,1,1,3,3,3,3,3,0,0,0,0,0,0,0,0,0,0,0,0,0,0,0,0,0,0,0,0,0,0,0,0,0,0,0,0,0,0,0,0,0,0,0,0,0,0,0,0,0,0,0,0,0,0,0,0,0,0,0,0,0,0,0,0,0,0,0,0,0,0,0,0,0,0,0,0,0,0,0,0,0,0,0,0,0,0,0,0,0,0,0,0,3463672857,3463672857,3463672857,3463672857,3463672857,74,74,74,74,74,0,0,0,0,0,3,3,3,3,3,0,0,0,0,0,0,0,0,0,0,0,0,0,0,0
居民服务、修理和其他服务业,四川省,0,,,,,,,,,,,,,,,,,,,,,,,,,,,,,,,,,,,,,,,,,,0,0,0,0,0,0,0,0,0,0,0,0,0,0,0,0,0,0,0,0,0,0,0,0,0,0,0,0,0,0,0,0,0,0,0,0,0,0,0,0,0,0,0,0,0,0,0,0,0,0,0,0,0,0,0,0,0,0,0,0,0,0,0,0,0,0,0,0,0,0,0,0,0,0,0,0,0,0,0,0,0,0,0,0,0,0,0,0,0,0,0,0,0,0,0,0,0,0,0,0,0,0,0,0,0,0,0,0,0,0,0,0,0,0,0,0,0,0,0,0,0,0,0,0,0,0,0,0,0,0,0,0,0,0,0,0,0,0,0,0,0,0,0,0,0,0,0,0,0,0,0,0,0,0,0,0,0,0,0,0,0,0,0,0,0,0,0,0,0,0,0,0,0,0,0,0,0,0,0,0,0,0,0,0,0,0,0,0,0,0,0,0,0,0,0,0,0,0,0,0,0,0,0,0,0,0,0,0,0,0,0,0,0,0,0,0,0,0,0,0,0,0,0,0,0,0,0,0,0
医药制造业,安徽省,4,,,,,,,4,,4,,,,4,,,,,,,,,,,,,,,,,,,,,,,,,,,,,10942803474,2735700868.4275,4469231657,1037691870,2717939973,1080570939,270142734.8,737713436.5,60972991.92,140942255.4,9238,2309.5,4650,683,1952.5,7467934921,1866983730,4004029254,428310473.7,1517797597,32.885,60.7,17.62,26.61,327453307.4,81863326.84,196610575.2,14980762.95,57930984.6,12.16,14.3,7.4,13.47,1241246509,310311627.2,841995535.7,60877290.68,169186841.1,64.555,185,-1.8,37.51,91.605,265.71,9.75,45.48,4.86,28.43,-13.54,2.275,4.71,8.46,2.08,4.15,-0.375,0.58,-1.34,-0.37,56573042.27,28286521.14,40602594.6,15970447.67,28286521.14,-28.15,-22.59,-33.71,-28.15,883,220.75,472,81,165,2.66333333333333,14.01,-4.78,-1.24,1.5575,10.42,-9,2.405,98705849.79,24676462.45,46958167.43,7328778.58,22209451.89,270,67.5,169,26,37.5,1053,263.25,468,74,255.5,8,4,7,1,4,349,87.25,168,22,79.5,233,58.25,122,20,45.5,0,0,0,0,0,67,16.75,28,7,16,5,2.5,4,1,2.5,35,8.75,16,2,8.5,5,2.5,4,1,2.5,39,9.75,19,4,8,17,4.25,9,2,3,12.1525,17.63,3.5,13.74,0,0,0,0,0,0,0,0,0,0,0,0,0,0,0,0,0,0,0,0,0,0,0,0,0,0,0,0,0,0,0,0,0,0,0,0,0,0,0,0,0,0,0,0,0,4143510456,1035877614.0025,2714475887,183488709.8,622772929.9,3129,782.25,1442,183,752,0,0,0,0,0,698,174.5,310,52,168,8,4,7,1,4,0,0,0,0,0,0,0,0,0,0
化学原料和化学制品制造业,安徽省,14,,3,,,4,,7,,9,,1,4,5,1,3,,,,,,,,,,,,,,,1,2,,,2,,,,,,,,90771407428,6483671959.14643,18100257330,616161985.1,4758857976,6873787737,490984838.344286,2377538482,20783805.89,344871417.3,33459,2389.92857142857,8281,272,1335,68194578103,4871041293.06286,19918022073,254832912.9,2738315975,32.8992857142857,72.52,12.37,29.855,1852577654,132326975.267143,406180044.8,15414688.21,125324246.5,13.6314285714286,63.2,-32.22,9.81,7937788552,566984896.578572,2716277949,12591286.22,369629098.4,1.41,87.5,-83.58,-9.955,5.01714285714286,89.87,-72.26,-5.215,15.6257142857143,48.77,-30.44,12.775,3.71571428571429,6.04,0.63,3.535,0.0123076923076923,0.86,-0.51,0.02,921538.8,921538.8,921538.8,921538.8,921538.8,1017.5,1017.5,1017.5,1017.5,4212,300.857142857143,1155,47,244,15.0964285714286,57.04,-25.94,18.355,5.79071428571429,47.07,-22.35,3.615,767901972.9,54850140.9185714,485712138,6679725.2,20268691.56,1067.5,76.25,179,6.5,47.5,6719,479.928571428571,1070,80,400.5,20,2.5,9,1,1,861,61.5,236,6,43.5,1535,109.642857142857,362,12,87,0,0,0,0,0,853,60.9285714285714,206,8,40.5,1,1,1,1,1,378,27,117,1,12,1,1,1,1,1,697,49.7857142857143,180,4,35.5,177,13.6153846153846,56,1,8,15.1564285714286,27.11,5.5,15.4,0,0,0,0,0,0,0,0,0,0,2,1,1,1,1,0,0,0,0,0,0,0,0,0,0,0,0,0,0,0,0,0,0,0,0,0,0,0,0,0,0,0,0,0,0,32376647876,2312617705.46214,6156810257,76095480.2,1616807433,9537,681.214285714286,1820,146,550.5,0,0,0,0,0,3310,236.428571428571,630,25,222.5,20,2.5,9,1,1,3,1.5,2,1,1.5,3,1,1,1,1
食品饮料业,安徽省,7,,1,,,2,,4,,3,1,,3,2,1,,,,,1,,,,,,,,,,,,1,,,2,,,,,,,,102488906230.53,14641272318.6471,29789887445,3394506967,10340818555,9577533683,1368219097.57429,3251833423,-186084353.7,1550151891,43169,6167,11362,2638,5234,54968341093,7852620156.09857,16713241221,1185759955,6883361676,34.7542857142857,59.6,22.8,31.98,759235347,126539224.493333,288636220.8,27247739.97,73711455.86,22.6985714285714,73.7,-2.13,20.22,12326079482,1760868497.36429,4452731094,-171971636.5,1947910715,8.97714285714286,43.52,-42.58,9.05,6.14142857142857,44.07,-43.87,5.27,11.455,32.55,-12.12,16.725,1.80833333333333,3.32,0.7,1.685,-0.065,0.24,-0.59,0,64041812.02,32020906.01,61668560.2,2373251.82,32020906.01,174.915,331.13,18.7,174.915,2399,399.833333333333,1055,50,311,10.2083333333333,20.26,4.6,8.35,6.93142857142857,24.87,-2.39,5.29,372400387.3,53200055.3228571,111150404.6,2041340.83,46721470.58,2543,363.285714285714,1169,60,215,5294,756.285714285714,2985,83,437,49,24.5,48,1,24.5,354,59,175,1,31,640,106.666666666667,265,3,86,0,0,0,0,0,369,52.7142857142857,204,5,25,0,0,0,0,0,113,22.6,69,7,10,0,0,0,0,0,565,80.7142857142857,358,10,39,103,20.6,70,1,14,6.22,13.32,0.94,5.805,0,0,0,0,0,0,0,0,0,0,0,0,0,0,0,0,0,0,0,0,0,0,0,0,0,0,0,0,0,0,0,0,0,0,0,0,0,0,0,0,0,0,0,0,0,40780614637,5825802090.94286,17178095819,839740727,3275805345,4208,601.142857142857,1512,20,432,0,0,0,0,0,1402,200.285714285714,669,5,142,49,24.5,48,1,24.5,5,1.66666666666667,3,1,1,0,0,0,0,0
专用设备制造业,安徽省,16,,,,,3,,13,,4,,2,10,4,,,,,,,,,,,,,,,1,,1,2,,,8,,,,,,,,57881476612,3617592288.22312,14961700851,736958853.1,1453233281,3432728761,214545547.586875,1029968221,-176078864.5,65871757.22,30506,1906.625,8717,381,953,31794483837,1987155239.82063,15773510272,268903647.1,615651538.1,36.570625,65.24,10.24,36.21,1901807657,118862978.569375,616018622,13091998.64,65902303.16,14.94875,64.08,-12.68,10.33,3706694486,231668405.4,1151561158,-220179868.8,62409529.08,10.53,112.1,-113.65,15.12,18.71,157.4,-91.16,15.275,17.809375,63.47,-14.29,12.675,7.820625,20.43,2.2,6.87,0.12875,1.63,-1.95,0.005,93718412.41,93718412.41,93718412.41,93718412.41,93718412.41,30.51,30.51,30.51,30.51,5509,344.3125,1396,43,172,7.59,72.64,-25.81,2.5,11.6325,66.18,-10.3,4.03,487831817.5,30489488.594375,104015928.7,5631636.41,21678167.64,1246.9,77.93125,277,4.3,54,12322,770.125,4880,87,511,68,6.8,42,1,2.5,1174,73.375,311,1,51,1187,74.1875,225,3,38,0,0,0,0,0,1540,96.25,482,14,56,4,4,4,4,4,496,31,118,2,20.5,4,4,4,4,4,1314,82.125,457,3,57.5,162,10.125,38,1,8,20.851875,46.6,2.81,17.585,0,0,0,0,0,0,0,0,0,0,1,1,1,1,1,0,0,0,0,0,0,0,0,0,0,0,0,0,0,0,0,0,0,0,0,0,0,0,0,0,0,0,0,0,0,25757683962,1609855248,7490353554,121151374.8,510297612.4,16866,1054.125,4289,90,682,0,0,0,0,0,4250,265.625,972,31,183,68,6.8,42,1,2.5,15,3.75,7,2,3,2,1,1,1,1
信息传输、软件和信息技术服务业,安徽省,5,,,,1,,,4,,5,,,,4,,,,,,,,1,,,,,,,,,,,,,,,,,,,,,64113787988,12822757597.546,32859158545,2668653934,7434962600,2361099428,472219885.6,2909731118,-883972212.5,-65112117.91,28505,5701,15029,1245,3979,41024943497,8204988699,18820290515,983455131.3,2415005083,42.132,61.77,27.92,41.21,4747192105,949438421,3355144247,76734116.2,286115662.2,5.64,39.59,-12.86,1.12,2486005624,497201124.8,3308897834,-943450394.6,-76083587.6,-153.758,1.44,-501.09,-79.83,-153.9,2.1,-517.6,-69.08,-1.942,18.21,-27.6,-0.7,9.656,17.8,5.16,7.8,-0.506,1.8,-2.2,-0.09,1412511107,1412511107,1412511107,1412511107,1412511107,-38.5,25,-102,-38.5,13455,2691,9285,347,1405,-6.206,10.98,-32.97,-3.65,-1.898,8.72,-11.18,-6.02,1192208683,238441736.5,1065290477,9374002.05,44774842.64,2478,495.6,1570,28,54,7169,1433.8,4891,212,304,57,19,51,2,4,1111,222.2,854,27,43,698,139.6,346,23,62,0,0,0,0,0,1495,299,1312,23,53,5,5,5,5,5,907,181.4,782,7,32,5,5,5,5,5,846,169.2,699,26,31,290,58,215,3,26,41.638,61.65,8.63,46.52,0,0,0,0,0,0,0,0,0,0,0,0,0,0,0,0,0,0,0,0,0,0,0,0,0,0,0,0,0,0,0,0,0,0,0,0,0,0,0,0,0,0,0,0,0,27193404865,5438680973,16012046070,828340569.9,3064491837,18018,3603.6,14339,214,754,0,0,0,0,0,4104,820.8,3119,95,245,57,19,51,2,4,9,4.5,7,2,4.5,1,1,1,1,1
电力、热力、燃气及水生产和供应业,安徽省,3,,,,,2,,1,,1,1,,1,,1,,,1,,,,,,,,,,,,,,1,,,,,,,,,,,68309445450,22769815150,45190781437,6005250342,17113413671,1266196100,422065366.503333,835913783.7,181832753.9,248449561.9,5074,1691.33333333333,3640,375,1059,32190052343,10730017447.6033,24275696769,1987088415,5927267159,50.8966666666667,62.48,41.06,49.15,212364707.2,106182353.6,207600215.8,4764491.49,106182353.6,13.25,20,4.28,15.47,1701409153,567136384.2,1091889083,277101330.2,332418739.9,37.6666666666667,112.07,-19.05,19.98,38.2433333333333,105.2,-18.43,27.96,-49.725,-42.55,-56.9,-49.725,0.405,0.8,0.01,0.405,-0.71,-0.02,-1.4,-0.71,0,0,0,0,0,0,0,0,0,734,367,708,26,367,-36.32,-36.1,-36.54,-36.32,12.89,31.65,1.78,5.24,67808447.03,22602815.6766667,49889293.57,3061110.24,14858043.22,395,131.666666666667,197,42,156,321,160.5,255,66,160.5,0,0,0,0,0,12,6,8,4,6,31,15.5,24,7,15.5,0,0,0,0,0,123,61.5,96,27,61.5,0,0,0,0,0,21,10.5,11,10,10.5,0,0,0,0,0,143,71.5,128,15,71.5,3,3,3,3,3,10.86,19.27,2.45,10.86,0,0,0,0,0,0,0,0,0,0,0,0,0,0,0,0,0,0,0,0,0,0,0,0,0,0,0,0,0,0,0,0,0,0,0,0,0,0,0,0,0,0,0,0,0,38184197720,12728065907,28215400831,2950260711,7018536178,161,80.5,143,18,80.5,0,0,0,0,0,69,34.5,52,17,34.5,0,0,0,0,0,0,0,0,0,0,0,0,0,0,0
商业电气机械和器材制造业,安徽省,5,,,,,,,5,,2,1,,2,2,,,,1,,,,,,,,,,,,,,,,,2,,,,,,,,191503266592.45,38300653318,72627302554,2986685800,43406017177,8351297303,1670259461,3729758193,146897272.2,413424962.7,41272,8254.4,19501,712,8458,99086402899,19817280579.842,40257276267,602980456.8,17631957721,47.89,67.94,24.34,50.58,4741056672,948211334.3,2415915081,39884149,482248176.5,52.978,127.58,-4.3,42.68,9558367963,1911673593,4563912224,163394138.4,491214846.2,100.622,406.32,-37.1,33.2,92.34,370.32,-35.83,35.79,51.952,109.02,-39.03,64.48,4.95,10.43,0.66,4.2,-0.02,0.86,-0.71,-0.3,622420612.9,622420612.9,622420612.9,622420612.9,622420612.9,19.18,19.18,19.18,19.18,6712,1678,3642,101,1484.5,35.565,67.78,6.65,33.915,37.454,71.41,2.12,37.38,1249165031,249833006.1,921330962.2,20681595,120680906.5,3126,625.2,1730,62,498,12353,2470.6,6827,152,502,157,52.3333333333333,115,3,39,2117,423.4,1099,20,87,1421,284.2,1070,16,65,0,0,0,0,0,2588,517.6,1391,38,51,55,18.3333333333333,49,1,5,1113,222.6,681,3,30,55,18.3333333333333,49,1,5,1880,376,942,26,49,532,133,305,8,109.5,19.73,39.44,11.82,13.83,0,0,0,0,0,0,0,0,0,0,2,2,2,2,2,0,0,0,0,0,0,0,0,0,0,0,0,0,0,0,0,0,0,0,0,1,1,1,1,1,0,0,0,0,0,109402849524.87,21880569904.974,48129589876,728312487.8,13168785045,24904,4980.8,14743,274,771,0,0,0,0,0,5750,1150,2939,61,219,154,51.3333333333333,112,3,39,9,3,4,2,3,5,2.5,4,1,2.5
批发和零售业,安徽省,5,,,,,1,,3,1,4,,,1,2,1,,,,,,,,1,,,,,,,,,,,,1,,,,,,,,37362002848,7472400570,13061744316,2121758133,6046944677,1577440674,315488134.8,512043964.7,129058611.3,227846874.5,17552,3510.4,7619,1217,2737,37806904361,7561380872,18249372540,2579347105,6301892838,50.996,62.98,30.26,53.27,358366577.6,89591644.39,137323068.8,38439126.48,91302191.14,18.416,108.79,-25.33,-0.51,1937045225,387409044.9,619485478.1,177529557.8,318673025.4,231.712,1206.53,-62.03,0.73,206.062,1093.9,-68.69,-7.74,-12.52,6,-33.2,-10.36,1.845,3.11,0.56,1.855,-0.126666667,-0.01,-0.28,-0.09,650496,650496,650496,650496,650496,-11.55,-11.55,-11.55,-11.55,826,206.5,319,93,207,2.61,44.13,-41.96,5.66,-13.404,6.89,-40.77,-6.84,215120413.9,43024082.78,94556875.5,11685313.25,42316344.33,295,59,78,36,59,1346,336.5,735,4,303.5,6,6,6,6,6,155,51.6666666666667,84,24,47,346,115.333333333333,215,16,115,0,0,0,0,0,199,66.3333333333333,129,5,65,2,2,2,2,2,73,24.3333333333333,42,5,26,2,2,2,2,2,104,34.6666666666667,79,4,21,29,9.66666666666667,19,4,6,8.41,13.68,3.9,8.03,0,0,0,0,0,0,0,0,0,0,0,0,0,0,0,1,1,1,1,1,0,0,0,0,0,0,0,0,0,0,0,0,0,0,0,0,0,0,0,0,0,0,0,0,0,21210736411,4242147282,7862111081,641533555.3,3217921465,2660,886.666666666667,1497,236,927,0,0,0,0,0,640,213.333333333333,291,78,271,6,6,6,6,6,6,6,6,6,6,2,1,1,1,1
金融业,安徽省,4,,,,,3,,,1,1,1,,2,,1,,,,,,,,,1,,,,,,,,1,,,,,,1,,,,,1787653215460.75,446913303865.188,1580235820555.0,4047868544,101684763181.005,16476418332,4119104583,13683034527,-92028224.06,1442706015,18840,4710,11186,220,3717,45042818585,11260704646.365,36229686431,313024108.5,4250054023,72.2175,92.27,49.37,73.615,9592749.58,9592749.58,9592749.58,9592749.58,9592749.58,-10.1675,2.05,-20.85,-10.935,20476570110,5119142527,17093115474,-47195854.47,1715325245,16.36,75.81,-23.03,6.33,12.985,62.13,-17.02,3.415,27.2,27.2,27.2,27.2,3.01,3.01,3.01,3.01,1.11,1.11,1.11,1.11,0,0,0,0,0,0,0,0,0,38,38,38,38,38,0,0,0,0,2.565,7.47,-6.19,4.49,264641931.3,66160482.82,231967441,8386833.39,12143828.45,852,213,318,33,250.5,13,4.33333333333333,9,2,2,0,0,0,0,0,4,4,4,4,4,3,3,3,3,3,0,0,0,0,0,5,1.66666666666667,2,1,2,0,0,0,0,0,5,1.66666666666667,2,1,2,0,0,0,0,0,1,1,1,1,1,1,1,1,1,1,16.54,16.54,16.54,16.54,0,0,0,0,0,0,0,0,0,0,0,0,0,0,0,0,0,0,0,0,0,0,0,0,0,0,0,0,0,0,0,0,0,0,0,0,0,0,0,0,0,0,0,0,0,1609614514194.21,402403628548.552,1457414450432.0,1999354834,75100354464,36,12,34,1,1,0,0,0,0,0,13,4.33333333333333,9,2,2,0,0,0,0,0,0,0,0,0,0,0,0,0,0,0
汽车制造业,安徽省,6,,,,,2,2,2,,1,,1,4,,1,,,,,,,,,,,,,,,,,1,,1,2,,,,,,1,,72752837276,12125472879.3283,47082632821,661275691.9,6422443288,-2649026988,-441504498,700690388.9,-1727224221,-108153282.4,34174,5695.66666666667,21414,920,2911,50494825780,8415804297,36494626446,380950831.1,3296055245,65.06,97.7,22.93,62.6,2581271688,430211948.013333,1832853447,15432068.22,138860623,0.0566666666666655,58.66,-35.56,-5.735,-2257321012,-376220168.6,748143980.5,-1512293544,-104935448.7,-142.0633333,58,-943.54,7.915,-2207.296667,62.16,-13339.1,6.075,5.07,58.02,-43.36,8.495,4.90333333333333,6.81,2.97,5.08,0.0833333333333333,0.6,-0.76,0.105,335920972.5,167960486.2,295881127.7,40039844.76,167960486.2,-48.165,-29.55,-66.78,-48.165,6261,1043.5,4054,74,509.5,16.535,77.52,-40.77,2.405,10.0183333333333,101.71,-24.5,-5.12,1437756201,239626033.461667,1204841438,5000538.89,54052238.25,741.89,123.648333333333,322,4.89,51,27815,4635.83333333333,20405,322,1735,53,17.6666666666667,47,1,5,4603,767.166666666667,3867,62,125,3853,642.166666666667,2839,59,254,0,0,0,0,0,899,149.833333333333,526,6,90,2,2,2,2,2,592,98.6666666666667,449,2,41,2,2,2,2,2,837,139.5,499,3,85,484,96.8,389,6,29,15.7983333333333,21.3,7.96,16.28,0,0,0,0,0,0,0,0,0,0,0,0,0,0,0,0,0,0,0,0,0,0,0,0,0,0,0,0,0,0,0,0,0,0,0,0,0,0,0,0,0,0,0,0,0,51415727804,8569287967.30333,33015439492,151485202.9,3685159939,44212,7368.66666666667,33893,882,2181.5,0,0,0,0,0,9965,1660.83333333333,7382,218,603,53,17.6666666666667,47,1,5,18,9,17,1,9,3,1.5,2,1,1.5
金属冶炼和压延加工业,安徽省,7,,2,,,1,,4,,3,1,,3,2,1,,,,,1,,,,,,,,,,,,,1,,2,,,,,,,,295224509374.75,42174929910.6786,96892273605,2166215827,14627574746,4224297219,603471031.318571,5250841668,-819857418,137223461.6,62662,8951.71428571429,18743,941,7292,3.81195E+11,54456499057.4857,121848080696.28,3093450117,40595841166,56.4085714285714,65.6,45.3,54.94,12726611461,1818087351.51714,3980009785,67624147.76,1054672236,6.29142857142857,62.52,-10.21,-4.79,7016232487,1002318926.68429,7343886771,-483959478,164970650.1,-18.47571429,62.15,-104.53,-1.24,-20.87285714,55.39,-113.35,0.11,14.34,79.71,-13.82,-1.25,3.15285714285714,4.26,0.94,3.74,0.0628571428571429,1.34,-0.63,-0.04,82650361.21,82650361.21,82650361.21,82650361.21,82650361.21,135.59,135.59,135.59,135.59,7914,1130.57142857143,2083,118,1220,11.6128571428571,104.16,-17.15,-0.9,10.52,27.81,0.3,6.59,902110677.4,128872953.914286,299320044.5,6612840.64,166748107,797,113.857142857143,303,30,95,13170,1881.42857142857,4859,187,1246,41,10.25,17,2,11,2907,415.285714285714,1208,21,147,2199,314.142857142857,787,27,156,0,0,0,0,0,1585,226.428571428571,545,29,130,8,4,4,4,4,1079,154.142857142857,404,5,58,8,4,4,4,4,1371,195.857142857143,513,9,99,612,87.4285714285714,268,1,13,13.2357142857143,16.82,9.92,12.25,0,0,0,0,0,0,0,0,0,0,1,1,1,1,1,0,0,0,0,0,0,0,0,0,0,0,0,0,0,0,0,0,0,0,0,1,1,1,1,1,0,0,0,0,0,180223689663.89,25746241380.5557,63561333814,982796892.5,7931146908,27748,3964,11283,251,2106,0,0,0,0,0,7464,1066.28571428571,2861,66,552,41,10.25,17,2,11,7,2.33333333333333,4,1,2,12,12,12,12,12
交通运输、仓储和邮政业,安徽省,4,,,,,3,,1,,,2,,2,,,,,1,,,,,,1,,,,,,,,2,,,,,,,,,,,61704406316,15426101579.0725,21345582326,813155669,19772834160.645,3441915685,860478921.3,1415620421,87453395,969420934.7,11798,2949.5,7630,214,1977,35957000951,8989250238,25356890128,187379387,5206365718,32.9725,36.64,23.08,36.085,155190192.9,77595096.45,151419706.9,3770486,77595096.45,21.5575,32.76,11.32,21.075,5020990092,1255247523.0525,2194602614,107686367,1359350556,7.0775,17.02,-6.77,9.03,-2.3175,10,-8.5,-5.385,37.25,49.51,24.99,37.25,1.315,2.03,0.6,1.315,0.12,0.14,0.1,0.12,230165.62,230165.62,230165.62,230165.62,230165.62,19,19,19,19,405,405,405,405,405,-3.55,-3.55,-3.55,-3.55,-2.345,0.4,-4.19,-2.795,49750238.67,16583412.89,30321808.25,1389749,18038681.42,374.2,93.55,156,2.2,108,127,42.3333333333333,89,19,19,0,0,0,0,0,7,2.33333333333333,5,1,1,8,2.66666666666667,6,1,1,0,0,0,0,0,9,3,7,1,1,0,0,0,0,0,4,1.33333333333333,2,1,1,0,0,0,0,0,6,2,2,2,2,0,0,0,0,0,5.25,5.25,5.25,5.25,0,0,0,0,0,0,0,0,0,0,0,0,0,0,0,0,0,0,0,0,0,0,0,0,0,0,0,0,0,0,0,0,0,0,0,0,0,0,0,0,0,0,0,0,0,22298800255,5574700063.6675,7808392664,187189484,7151609053,158,52.6666666666667,126,16,16,0,0,0,0,0,25,8.33333333333333,19,3,3,0,0,0,0,0,0,0,0,0,0,0,0,0,0,0
消费电子及电气业,安徽省,16,,1,,,4,1,10,,10,1,3,2,6,4,,,1,,,,,,,,,,,3,,,,1,1,,,,,,,,,75507215426,4719200964.09937,16205274815,422418755.1,3277747581,1579583731,98723983.161875,712398963.4,-371898990.4,81800312.84,54038,3377.375,16121,306,1583,66532982123,4158311382.6825,20215278406,236769611.4,1789754010,40.860625,65.8,8.92,46.075,2439930058,152495628.6,655919990.7,9730483.71,60274422.36,-4.525625,49.62,-42.93,-8.51,1665307058,104081691.126875,732973882.9,-410247123,87527637.99,-17.0775,254.2,-530.7,2.18,4.4525,321.96,-314.09,-3.75,10.983125,98.67,-32.38,4.275,4.48,12.4,0.05,4.395,0.870666666666667,4.23,-0.6,0.66,224289839.4,56072459.84,135758568.2,3671604.24,42429833.45,119.265,448.47,-26.74,27.665,5712,357,1538,26,165.5,10.93875,86.98,-26.3,9.915,-9.555,14,-55.51,-9.745,477526822.9,29845426.430625,102875562.2,94669,19114943.4,823.65,51.478125,145,4.9,32.5,16457,1028.5625,6490,66,567,105,13.125,49,1,5,1597,106.466666666667,745,4,46,2481,155.0625,906,8,62.5,0,0,0,0,0,1786,111.625,783,3,24.5,4,4,4,4,4,669,44.6,406,3,14,4,4,4,4,4,1546,96.625,728,1,21.5,327,25.1538461538462,246,2,4,12.964375,57.18,1.87,10.695,0,0,0,0,0,0,0,0,0,0,1,1,1,1,1,0,0,0,0,0,0,0,0,0,0,0,0,0,0,0,0,0,0,0,0,0,0,0,0,0,0,0,0,0,0,35122504043,2195156502.67125,10666009967,67245185.98,1179668750,28255,1765.9375,10299,39,767,0,0,0,0,0,6596,412.25,3064,29,173.5,105,13.125,49,1,5,12,3,8,1,1.5,0,0,0,0,0
房地产业,安徽省,1,,,,,1,,,,1,,,,,1,,,,,,,,,,,,,,,,,,,,,,,,,,,,33448948031,33448948031,33448948031,33448948031,33448948031,403333459,403333459,403333459,403333459,403333459,574,574,574,574,574,4025885753,4025885753,4025885753,4025885753,4025885753,71.81,71.81,71.81,71.81,0,0,0,0,0,-46.76,-46.76,-46.76,-46.76,541912581,541912581,541912581,541912581,541912581,-51.76,-51.76,-51.76,-51.76,-55.2,-55.2,-55.2,-55.2,0,0,0,0,0,0,0,0,0,0,0,0,0,0,0,0,0,0,0,0,0,0,0,0,0,0,0,0,0,0,0.83,0.83,0.83,0.83,38499879.14,38499879.14,38499879.14,38499879.14,38499879.14,51,51,51,51,51,0,0,0,0,0,0,0,0,0,0,0,0,0,0,0,0,0,0,0,0,0,0,0,0,0,0,0,0,0,0,0,0,0,0,0,0,0,0,0,0,0,0,0,0,0,0,0,0,0,0,0,0,0,0,0,0,0,0,0,0,0,0,0,0,0,0,0,0,0,0,0,0,0,0,0,0,0,0,0,0,0,0,0,0,0,0,0,0,0,0,0,0,0,0,0,0,0,0,0,0,0,0,0,0,24042621932,24042621932,24042621932,24042621932,24042621932,0,0,0,0,0,0,0,0,0,0,0,0,0,0,0,0,0,0,0,0,0,0,0,0,0,0,0,0,0,0
采矿业,安徽省,3,,1,,,2,,,,,,,3,,,,,,,,,,,,,,,,,,,2,1,,,,,,,,,,1.38575E+11,46191502881.7667,84035426084,20833122704,33705959858,11980496103,3993498700.88667,7138807007,2335370610,2506318485,75200,25066.6666666667,44075,15546,15579,89450564738,29816854912.7633,69061604264,8386114076,12002846399,53.6,63.14,42.87,54.79,2312746850,1156373425,2018356848,294390002.8,1156373425,8.92666666666667,24.23,-3.84,6.39,14826698712,4942232903.83667,8632707570,2947852905,3246138237,40.8933333333333,86.04,-2.29,38.93,37.8266666666667,81.22,-5.1,37.36,12.885,21.67,4.1,12.885,3.24,3.55,2.93,3.24,-0.145,0.34,-0.63,-0.145,0,0,0,0,0,0,0,0,0,9201,4600.5,7440,1761,4600.5,3.285,4.37,2.2,3.285,-1.91,3.37,-8.63,-0.47,327243477.1,109081159,307572490.4,1277658.2,18393328.49,491,163.666666666667,281,93,117,3556,1185.33333333333,2504,381,671,4,4,4,4,4,150,50,102,16,32,337,112.333333333333,162,20,155,0,0,0,0,0,868,289.333333333333,745,57,66,1,1,1,1,1,509,169.666666666667,476,10,23,1,1,1,1,1,431,143.666666666667,336,33,62,57,19,50,3,4,14.105,16.91,11.3,14.105,0,0,0,0,0,0,0,0,0,0,0,0,0,0,0,0,0,0,0,0,0,0,0,0,0,0,0,0,0,0,0,0,0,0,0,0,0,0,0,0,0,0,0,0,0,76263318153,25421106051,46032985686,8935383946,21294948521,2348,782.666666666667,1043,329,976,0,0,0,0,0,1473,491,1174,74,225,4,4,4,4,4,4,4,4,4,4,2,2,2,2,2
非金属矿物制品业,安徽省,5,,,,,2,,3,,1,2,,2,1,,,,1,,,,,,1,,,,,,,,1,,,1,,,,,,,,493735218866.17,98747043773.234,2.43976E+11,160304449,2826074563,32530005921,6506001184,16357378111,-114679710.2,150100783.9,109012,21802.4,52349,133,2602,267378607389.07,53475721477.814,1.32022E+11,92295264,2119488355,34.06,56.99,19.65,22,4141619734,828323946.9,2011317163,5406581,105321808.2,6.576,30.19,-21.4,17.35,26350342904,5270068581,19473620760,-113498703.1,157284549.5,-199.504,-1.9,-738.1,-84.4,-384.73,-1.54,-1683.22,-52.77,89.638,245.2,9.14,52.64,2.912,5.8,0.78,1.51,0.594,1.86,-0.87,0.75,0,0,0,0,0,0,0,0,0,11743,3914.33333333333,11458,56,229,113.3,307,10.2,22.7,10.144,17.53,3.62,11.96,1413232147,282646429.5,693176308,563037,20183533.8,2270.3,454.06,1191,0.3,34,1337,334.25,623,197,258.5,0,0,0,0,0,116,29,64,10,21,75,18.75,44,8,11.5,0,0,0,0,0,173,43.25,49,26,49,0,0,0,0,0,40,10,12,4,12,0,0,0,0,0,192,48,57,39,48,19,4.75,9,2,4,12.71,21.85,2.1,14.18,0,0,0,0,0,0,0,0,0,0,0,0,0,0,0,0,0,0,0,0,0,0,0,0,0,0,0,0,0,0,0,0,0,0,0,0,0,0,0,0,0,0,0,0,0,99064089591,19812817918.138,47982884678,35417959,1608968753,1587,396.75,1018,124,222.5,0,0,0,0,0,310,77.5,136,30,72,0,0,0,0,0,6,3,4,2,3,0,0,0,0,0
通用设备制造业,安徽省,6,,1,,,1,,4,,1,,,5,1,,,,,,,,,,,,,,,,,,1,1,,3,,,,,,,,16796663181,2799443863.49167,5623761586,1147764597,2369333524,167553832,27925638.6583333,92179608.19,-35858671,26652035.51,8569,1428.16666666667,2787,396,1401.5,10879027286,1813171214,4936269307,584781766.7,1408637704,46.3416666666667,55.8,40.05,44.705,437911188.5,72985198.0783333,174033434.3,25563927.9,49874305.18,2.69333333333333,43.71,-21.52,-2.095,187989231.3,31331538.5433333,93814795.8,-41697747.51,34562740.96,-242.7066667,7.21,-1133.3,-53.43,-188.465,3.78,-770.84,-58.315,2.10833333333333,41.57,-30.03,0.0149999999999999,4.69166666666667,7.09,1.43,5.16,-0.006666667,0.22,-0.28,-0.015,420397,420397,420397,420397,420397,0,0,0,0,1523,253.833333333333,420,116,231,14.3366666666667,61.74,-6.8,4.885,9.91666666666667,26.4,-5.9,11.665,113203340.2,18867223.36,35934567.54,3641559.11,19751876.12,164,27.3333333333333,39,18,24.5,3561,593.5,1112,229,542,6,2,3,1,2,449,74.8333333333333,133,13,75,513,85.5,161,12,100.5,0,0,0,0,0,385,64.1666666666667,117,20,60.5,0,0,0,0,0,162,27,61,6,25,0,0,0,0,0,371,61.8333333333333,105,23,58.5,67,11.1666666666667,20,2,13.5,22.3433333333333,44.68,7.18,21.32,0,0,0,0,0,0,0,0,0,0,0,0,0,0,0,0,0,0,0,0,0,0,0,0,0,0,0,0,0,0,0,0,0,0,0,0,0,0,0,0,0,0,0,0,0,7805896699,1300982783.24167,2480401860,487573211.9,1253877016,5228,871.333333333333,1359,150,923.5,0,0,0,0,0,1380,230,422,42,231.5,6,2,3,1,2,9,3,6,1,2,0,0,0,0,0
半导体业,安徽省,3,1,,,,1,1,,,,,,3,,,,,,,,,,,,,,,,,,,1,,1,,,1,,,,,,6927912800,2309304266.75333,3195635762,1807753383,1924523656,280219084,93406361.34,177226487.7,21205921.12,81786675.18,2986,995.333333333333,1743,147,1096,2413412485,804470828.303333,1040487908,433271132.7,939653444.3,16.2566666666667,33.16,6.46,9.15,174304680.6,58101560.19,65140912.77,44382170.9,64781596.9,-0.876666667,18.08,-24.79,4.08,261648497,87216165.65,169242646.4,13577171.48,78828679.09,-7.116666667,45.2,-90.85,24.3,1.09333333333333,62.58,-85.6,26.3,22.6566666666667,37.6,7.45,22.92,8.73333333333333,14.96,4.25,6.99,2.24666666666667,6.75,-0.63,0.62,0,0,0,0,0,0,0,0,0,471,157,219,86,166,9.44,28.32,-5.85,5.85,9.40666666666667,29.76,-2.4,0.86,55819547.46,18606515.82,29790110.99,10283827.6,15745608.87,219,73,108,46,65,1016,338.666666666667,442,229,345,0,0,0,0,0,99,33,46,23,30,172,57.3333333333333,82,34,56,0,0,0,0,0,174,58,84,40,50,0,0,0,0,0,73,24.3333333333333,50,5,18,0,0,0,0,0,123,41,84,16,23,27,9,16,3,8,29.0533333333333,59.73,12.54,14.89,0,0,0,0,0,0,0,0,0,0,0,0,0,0,0,0,0,0,0,0,0,0,0,0,0,0,0,0,0,0,0,0,0,0,0,0,0,0,0,0,0,0,0,0,0,1046415844,348805281.373333,638552385,115941588.8,291921870.3,977,325.666666666667,550,160,267,0,0,0,0,0,432,144,227,95,110,0,0,0,0,0,0,0,0,0,0,0,0,0,0,0
建筑业,安徽省,3,,1,,,1,,1,,1,,,2,,,1,,,,,,,,,,,,,,,,1,,,1,,,,,,,,170430385059.15,56810128353,149062001560.84,9620434933,11747948565,2317132238,772377412.7,1832489322,183188863.5,301454052.3,20728,6909.33333333333,18085,1306,1337,92852698506,30950899502,80119518768,6234034163,6499145576,75.8033333333333,84.59,66.48,76.34,1704044243,568014747.7,1474468641,1800675.89,227774926.6,14.2966666666667,26.74,3.83,12.32,2866878369,955626122.843333,2272463359,241689211.5,352725798.2,19.7966666666667,25.9,14.39,19.1,21.5766666666667,29.6,13.43,21.7,16.45,22.97,11.45,14.93,1.84666666666667,3.61,0.07,1.86,0.2,0.3,0.1,0.2,0,0,0,0,0,0,0,0,0,2466,822,2188,35,243,-0.94,13.4,-20.44,4.22,5.03666666666667,10.02,-1.09,6.18,54004507.76,18001502.5866667,45359941.6,4024868.07,4619698.09,197,65.6666666666667,91,42,64,3041,1013.66666666667,2514,114,413,4,4,4,4,4,320,106.666666666667,221,27,72,268,89.3333333333333,164,3,101,0,0,0,0,0,658,219.333333333333,554,39,65,2,2,2,2,2,298,99.3333333333333,228,19,51,2,2,2,2,2,507,169,467,12,28,61,20.3333333333333,46,7,8,10.9933333333333,18.3,2.63,12.05,0,0,0,0,0,0,0,0,0,0,0,0,0,0,0,0,0,0,0,0,0,0,0,0,0,0,0,0,0,0,0,0,0,0,0,0,0,0,0,0,0,0,0,0,0,141234793634.99,47078264544.9967,1.2608E+11,7347978052,7807019726,4442,1480.66666666667,3029,286,1127,0,0,0,0,0,1261,420.333333333333,947,48,266,4,4,4,4,4,3,1.5,2,1,1.5,0,0,0,0,0
铁路、船舶、航空航天和其他运输设备制造业,安徽省,2,,1,,,,,1,,,,,2,,,,,,,,,,,,,,,,,,,,1,,1,,,,,,,,4414898794,2207449397,3602269084,812629709.9,2207449397,295053617.7,147526808.8,243980458.3,51073159.4,147526808.8,1573,786.5,1353,220,786.5,1416494863,708247431.5,1114923627,301571235.8,708247431.5,32.175,34.4,29.95,32.175,160806205.5,80403102.73,138620980.7,22185224.76,80403102.73,18.66,20.4,16.92,18.66,325271119.1,162635559.5,267765586,57505533.1,162635559.5,-3.71,5.03,-12.45,-3.71,-2.63,5.59,-10.85,-2.63,39.39,60.1,18.68,39.39,9.855,12.4,7.31,9.855,1,1.85,0.15,1,6610219.17,6610219.17,6610219.17,6610219.17,6610219.17,195.87,195.87,195.87,195.87,302,151,219,83,151,18.255,25.78,10.73,18.255,7.97,17.9,-1.96,7.97,41599122.04,20799561.02,34639688.35,6959433.69,20799561.02,134,67,119,15,67,1462,731,1242,220,731,1,1,1,1,1,154,77,85,69,77,199,99.5,177,22,99.5,0,0,0,0,0,114,57,103,11,57,0,0,0,0,0,63,31.5,52,11,31.5,0,0,0,0,0,102,51,87,15,51,18,9,15,3,9,26.585,37.23,15.94,26.585,0,0,0,0,0,0,0,0,0,0,0,0,0,0,0,0,0,0,0,0,0,0,0,0,0,0,0,0,0,0,0,0,0,0,0,1,1,1,1,1,0,0,0,0,0,1484874229,742437114.3,1241389901,243484327.2,742437114.3,2440,1220,1570,870,1220,0,0,0,0,0,683,341.5,560,123,341.5,1,1,1,1,1,0,0,0,0,0,0,0,0,0,0
水利、环境和公共设施管理业,安徽省,11,,1,,1,2,,7,,8,,,3,6,,1,,,,,,1,,,,,,,,,,2,,,1,,,,,,,,46848230775,4258930070.43273,15005979648,1183809190,2699236875,1381318313,125574392.131818,556863268.9,-137877581.8,43481526.8,126039,11458.0909090909,77480,436,1026,16963919440,1542174494.52091,5393508342,211082282.4,938261154.8,42.58,71.9,15.86,40.5,284794775.8,31643863.9733333,75629927.34,9129695.17,23963559.75,-2.568181818,32.69,-32.27,-6.66,1697060777,154278252.491818,692965745.7,-142313791.4,51015597.81,-62.89090909,46.66,-281.54,-31.97,-80.2,11.25,-427.63,-29.57,14.26,105.44,-36.76,3.78,3.32555555555556,9.21,0.36,2.9,0.375555555555556,3.73,-0.37,-0.2,0,0,0,0,0,0,0,0,0,1189,132.111111111111,310,52,83,7.5,70.78,-15.51,0.16,0.159090909090909,17.24,-12.93,-0.2,135622695.9,12329335.9936364,25810684.97,2766054.76,8793610.38,386,35.0909090909091,77,15,28,2212,221.2,457,5,178.5,4,4,4,4,4,176,19.5555555555556,64,6,15,220,24.4444444444444,70,3,24,0,0,0,0,0,237,23.7,86,2,10.5,0,0,0,0,0,74,8.22222222222222,28,1,6,0,0,0,0,0,322,32.2,78,2,24,22,3.14285714285714,6,1,2,12.9044444444444,41.33,0.03,11.49,0,0,0,0,0,0,0,0,0,0,0,0,0,0,0,0,0,0,0,0,0,0,0,0,0,0,0,0,0,0,0,0,0,0,0,0,0,0,0,0,0,0,0,0,0,23917022341,2174274758.24818,10801969224,233986116.5,991313760.9,3400,377.777777777778,957,120,271,0,0,0,0,0,697,77.4444444444444,175,23,70,4,4,4,4,4,0,0,0,0,0,1,1,1,1,1
科学研究和技术服务业,安徽省,3,,,,,2,,1,,2,,,1,1,1,,,,,,,,,,,,,,,,,1,,,,,,,,,,,8682949308,2894316435.88667,5624880795,1317109211,1740959302,622914674,207638224.663333,444468102.1,88078051.14,90368520.79,4347,1449,2154,933,1260,3931089950,1310363316.50333,2798194849,509141144.9,623753956.1,31.35,43.24,21.77,29.04,184434044.5,61478014.8466667,126992843.7,16475433.95,40965766.87,19.2333333333333,29.42,9.58,18.7,707500884.5,235833628.2,506281284.5,100019498.2,101200101.9,16.58,37.56,0.14,12.04,15.54,32.58,0.23,13.81,26.9,39.99,15.24,25.47,4.75666666666667,6.52,3.2,4.55,0.263333333333333,0.36,0.21,0.22,0,0,0,0,0,0,0,0,0,710,236.666666666667,425,98,187,30.8933333333333,45.6,12.8,34.28,15.9366666666667,36.7,3.34,7.77,41369361.84,13789787.28,17894425.99,6973589.02,16501346.83,155,51.6666666666667,76,20,59,1042,347.333333333333,676,73,293,0,0,0,0,0,84,28,62,2,20,88,29.3333333333333,54,3,31,0,0,0,0,0,222,74,154,11,57,0,0,0,0,0,103,34.3333333333333,74,1,28,0,0,0,0,0,162,54,115,12,35,28,14,21,7,14,14.7966666666667,19.51,10.44,14.44,0,0,0,0,0,0,0,0,0,0,0,0,0,0,0,0,0,0,0,0,0,0,0,0,0,0,0,0,0,0,0,0,0,0,0,0,0,0,0,0,0,0,0,0,0,3192955095,1064318365,2431291183,378786903.3,382877009.1,1298,432.666666666667,1024,61,213,0,0,0,0,0,395,131.666666666667,262,17,116,0,0,0,0,0,1,1,1,1,1,1,1,1,1,1
纺织鞋服业,安徽省,5,,,,,1,,4,,4,,,1,3,1,,,,,,,,,,,,,,,,,,,,1,,,,,,,,33945858299,6789171660,18144071839,1883754506,3516347520,-356963725.9,-71392745.18,162891773.5,-365221981.9,-25240086.27,31535,6307,13634,612,4294,23710017103,4742003421,14459679941,807589362.2,2740998954,42.108,62.61,16.02,44.34,421988464.6,84397692.93,139278656.3,29091682.82,71215458.06,-0.304,19.73,-13.4,-0.19,-430970424.7,-86194084.95,139147464.6,-397232659.7,-31929035.6,-109.052,-47.99,-159.38,-132.51,-102.414,-30.07,-153.57,-126.47,-6.952,1.73,-14.19,-9.3,2.696,3.6,0.91,3.29,-0.184,0.02,-0.65,-0.1,0,0,0,0,0,0,0,0,0,1479,295.8,727,76,161,-3.64,9.07,-11.32,-6.155,-6.286,9.34,-17.69,-6.97,198403741.3,39680748.27,55883195.4,6882669.35,44425762.98,173,34.6,53,21,35,1484,296.8,717,43,208,0,0,0,0,0,124,31,78,5,20.5,388,77.6,185,1,15,0,0,0,0,0,101,20.2,49,1,19,0,0,0,0,0,34,8.5,16,3,7.5,0,0,0,0,0,86,17.2,27,7,17,4,2,2,2,2,7.93,12.4,1.26,8.44,0,0,0,0,0,0,0,0,0,0,0,0,0,0,0,0,0,0,0,0,0,0,0,0,0,0,0,0,0,0,0,0,0,0,0,0,0,0,0,0,0,0,0,0,0,17551755986,3510351197,11365357074,303085828.1,1749054757,1939,387.8,894,87,211,0,0,0,0,0,712,142.4,368,10,33,0,0,0,0,0,2,2,2,2,2,0,0,0,0,0
通信传输设备业,安徽省,2,,,,1,,,1,,1,,,1,1,,,,,,,,,,,,,,,,,,,,,,,,,1,,,,8467387141,4233693571,6524662166,1942724975,4233693571,20584171.07,10292085.54,106171120.7,-85586949.63,10292085.54,5068,2534,4656,412,2534,2727186878,1363593439,2592463046,134723831.6,1363593439,21.445,27.59,15.3,21.445,401351311.8,200675655.9,265606915.5,135744396.4,200675655.9,-7.63,9.54,-24.8,-7.63,22459750.07,11229875.04,101286317.1,-78826567.03,11229875.04,34.935,137.87,-68,34.935,5.62,145.65,-134.41,5.62,26.78,49.16,4.4,26.78,56.995,103.79,10.2,56.995,24.72,49.94,-0.5,24.72,76356977.67,38178488.84,51387420.3,24969557.37,38178488.84,47.875,86.46,9.29,47.875,905,452.5,689,216,452.5,13.75,21.59,5.91,13.75,2.7,6.37,-0.97,2.7,86343217.47,43171608.74,55588753.27,30754464.2,43171608.74,200,100,121,79,100,5098,2549,4234,864,2549,326,163,293,33,163,607,303.5,405,202,303.5,749,374.5,728,21,374.5,0,0,0,0,0,336,168,284,52,168,6,3,4,2,3,86,43,79,7,43,6,3,4,2,3,667,333.5,529,138,333.5,150,75,95,55,75,32.82,50.93,14.71,32.82,0,0,0,0,0,0,0,0,0,0,0,0,0,0,0,0,0,0,0,0,0,0,0,0,0,0,0,0,0,0,0,0,0,0,0,0,0,0,0,0,0,0,0,0,0,2096987680,1048493840,1799774743,297212936.9,1048493840,8507,4253.5,5890,2617,4253.5,0,0,0,0,0,2539,1269.5,1986,553,1269.5,328,164,295,33,164,0,0,0,0,0,3,3,3,3,3
金属制品业,安徽省,6,,,,,,1,5,,5,,,1,4,,,1,,,,,,,,,,,,,,,,,,1,,,,,,,,60915595624,10152599270.5833,21908704721,1104068782,7769351660,2118720172,353120028.6,1162671274,17031639.01,83703880.45,35277,5879.5,21055,736,2424,44722718838,7453786473,19847651692,702372196.3,3869224534,52.8233333333333,71.2,31.16,53.35,1319551736,219925289.366667,596532226.8,7495548.62,113141538.5,-10.05333333,3.11,-20.75,-13.68,2414897244,402482873.981667,1409405102,36272869.82,85633659.5,-33.06833333,4,-81.3,-36.14,-32.43666667,1.92,-89.64,-34.47,-10.51833333,7.42,-20.8,-10.785,3.24833333333333,5.16,0.27,3.865,0.005,0.36,-0.6,0.08,3026049.11,3026049.11,3026049.11,3026049.11,3026049.11,53.1,53.1,53.1,53.1,2995,499.166666666667,1277,27,195.5,-3.624,3.48,-18.4,-0.4,2.015,11.37,-14.1,5.085,368494663.4,61415777.2266667,258390886.3,9548408.47,24776050.25,384,64,194,23,33.5,5108,851.333333333333,1890,72,799.5,8,8,8,8,8,454,75.6666666666667,227,3,42.5,769,128.166666666667,325,6,96,0,0,0,0,0,478,95.6,180,11,97,0,0,0,0,0,220,44,136,3,21,0,0,0,0,0,379,75.8,151,18,71,67,16.75,48,2,8.5,10.925,26.6,0.98,8.005,0,0,0,0,0,0,0,0,0,0,0,0,0,0,0,0,0,0,0,0,0,0,0,0,0,0,0,0,0,0,0,0,0,0,0,0,0,0,0,0,0,0,0,0,0,37348485881,6224747646.77833,13901429804,344293674.8,4992958190,7958,1326.33333333333,3433,43,911,0,0,0,0,0,1726,287.666666666667,778,12,228.5,8,8,8,8,8,11,3.66666666666667,5,2,4,0,0,0,0,0
文化、体育和娱乐业,安徽省,2,,,,,2,,,,,,,2,,,,,,,,,,,,,,,,,,,2,,,,,,,,,,,25191952956,12595976478.055,17505407824,7686545132,12595976478.055,1080737680,540368840.1,731842054.6,348895625.5,540368840.1,8816,4408,6560,2256,4408,19332686826,9666343413,11686598423,7646088402,9666343413,33.025,35.28,30.77,33.025,67312315.58,33656157.79,34088365.01,33223950.57,33656157.79,6.23,15.56,-3.1,6.23,1138401210,569200605.1,787959069,350442141.1,569200605.1,1.405,11.66,-8.85,1.405,3.68,10.76,-3.4,3.68,1.825,2.15,1.5,1.825,0.31,0.4,0.22,0.31,-0.005,0,-0.01,-0.005,0,0,0,0,0,-103,-103,-103,-103,589,294.5,514,75,294.5,14.605,33.95,-4.74,14.605,-4.4,-3.24,-5.56,-4.4,63746783.96,31873391.98,36044846.48,27701937.48,31873391.98,239,119.5,185,54,119.5,450,225,289,161,225,0,0,0,0,0,30,15,21,9,15,210,105,106,104,105,0,0,0,0,0,34,17,18,16,17,0,0,0,0,0,23,11.5,16,7,11.5,0,0,0,0,0,7,3.5,6,1,3.5,4,2,3,1,2,12.105,23.04,1.17,12.105,0,0,0,0,0,0,0,0,0,0,0,0,0,0,0,0,0,0,0,0,0,0,0,0,0,0,0,0,0,0,0,0,0,0,0,0,0,0,0,0,0,0,0,0,0,8530478799,4265239400,6168532840,2361945960,4265239400,775,387.5,549,226,387.5,0,0,0,0,0,301,150.5,159,142,150.5,0,0,0,0,0,2,2,2,2,2,0,0,0,0,0
橡胶和塑料制品业,安徽省,8,,,,,3,,4,1,5,,,3,2,2,,,,,,,,1,,,,,,,,,1,,,2,,,,,,,,57966648340,7245831042.44625,21124346228,2290765541,4386049100,3183611796,397951474.5,1359910034,-82837007.83,192664164.6,42429,5303.625,21408,1392,3159.5,44887757172,5610969647,14851852019,1709346558,4241723956,43.55125,72.39,20.94,42.89,1950699752,243837468.98125,657632273.4,55693094.18,135655481.5,13.58375,28.88,-4.51,14.36,3594124374,449265546.69875,1586399105,-90988022.58,185412057.3,12.90625,40.74,-30.97,12.13,13.68625,46.16,-17.23,10.74,14.98125,55.72,1.93,11.16,4.23,6.64,2.42,4.045,0.09125,1.1,-0.53,0.07,0,0,0,0,0,0,0,0,0,6287,785.875,3146,183,463,10.49875,25,3.08,9.385,6.37875,16.26,-3.37,5.24,271029996.7,33878749.59,101712079.8,17861768.74,21774867.99,482,60.25,176,20,44,5493,686.625,1380,407,568,5,1.25,2,1,1,713,89.125,150,26,90,1010,126.25,392,51,66,0,0,0,0,0,516,64.5,100,14,68,0,0,0,0,0,251,31.375,97,5,21,0,0,0,0,0,418,52.25,93,14,52,140,17.5,79,4,8,15.26375,23.19,5.08,15.275,0,0,0,0,0,0,0,0,0,0,0,0,0,0,0,0,0,0,0,0,0,0,0,0,0,0,0,0,0,0,0,0,0,0,0,0,0,0,0,0,0,0,0,0,0,26571928064,3321491007.9375,9921911104,772570632.4,1886814831,10838,1354.75,2877,423,1188.5,0,0,0,0,0,2472,309,727,98,219.5,5,1.25,2,1,1,10,2.5,4,1,2.5,4,1.33333333333333,2,1,1
租赁和商务服务业,安徽省,0,,,,,,,,,,,,,,,,,,,,,,,,,,,,,,,,,,,,,,,,,,0,0,0,0,0,0,0,0,0,0,0,0,0,0,0,0,0,0,0,0,0,0,0,0,0,0,0,0,0,0,0,0,0,0,0,0,0,0,0,0,0,0,0,0,0,0,0,0,0,0,0,0,0,0,0,0,0,0,0,0,0,0,0,0,0,0,0,0,0,0,0,0,0,0,0,0,0,0,0,0,0,0,0,0,0,0,0,0,0,0,0,0,0,0,0,0,0,0,0,0,0,0,0,0,0,0,0,0,0,0,0,0,0,0,0,0,0,0,0,0,0,0,0,0,0,0,0,0,0,0,0,0,0,0,0,0,0,0,0,0,0,0,0,0,0,0,0,0,0,0,0,0,0,0,0,0,0,0,0,0,0,0,0,0,0,0,0,0,0,0,0,0,0,0,0,0,0,0,0,0,0,0,0,0,0,0,0,0,0,0,0,0,0,0,0,0,0,0,0,0,0,0,0,0,0,0,0,0,0,0,0,0,0,0,0,0,0,0,0,0,0,0,0,0,0,0,0,0,0
农、林、牧、渔业,安徽省,2,,1,,,1,,,,2,,,,,1,1,,,,,,,,,,,,,,,,,,,,,,,,,,,8002091226,4001045613,5078103066,2923988161,4001045613,362245949.3,181122974.7,307361051.2,54884898.17,181122974.7,2711,1355.5,1423,1288,1355.5,6495799110,3247899555,3490542025,3005257084,3247899555,43.785,56.86,30.71,43.785,202716169.5,101358084.8,113844244.7,88871924.88,101358084.8,26.64,38.42,14.86,26.64,382014419.8,191007209.9,319562738,62451681.8,191007209.9,-13.52,41.17,-68.21,-13.52,-12.985,44.62,-70.59,-12.985,31.785,36.7,26.87,31.785,3.095,3.24,2.95,3.095,0.11,0.24,-0.02,0.11,40544055.99,20272028,23250090.92,17293965.07,20272028,-15.925,-8.89,-22.96,-15.925,457,228.5,243,214,228.5,24.025,27.04,21.01,24.025,22.105,36.67,7.54,22.105,49454227.51,24727113.76,34373059.89,15081167.62,24727113.76,152,76,98,54,76,521,260.5,325,196,260.5,1,1,1,1,1,79,39.5,59,20,39.5,236,118,178,58,118,0,0,0,0,0,60,30,47,13,30,0,0,0,0,0,20,10,13,7,10,0,0,0,0,0,47,23.5,34,13,23.5,6,3,5,1,3,16.82,17.1,16.54,16.82,0,0,0,0,0,0,0,0,0,0,1,1,1,1,1,0,0,0,0,0,0,0,0,0,0,0,0,0,0,0,0,0,0,0,0,0,0,0,0,0,0,0,0,0,0,3784787242,1892393621,2885035464,899751778.2,1892393621,1006,503,752,254,503,0,0,0,0,0,342,171,244,98,171,1,1,1,1,1,1,1,1,1,1,0,0,0,0,0
仪器仪表制造业,安徽省,4,,,,,,,4,,2,,,2,2,,,,,,,,,,,,,,,,,,,,,2,,,,,,,,6944812339,1736203084.6825,2711215044,1000003134,1616797081,442026310,110506577.5,200922694.3,50827950.43,95137832.62,4383,1095.75,1829,653,950.5,2633887378,658471844.5,763952167,547037523.8,661448843.5,24.0525,28.3,17.37,25.27,325295807.4,81323951.85,134229060.1,45283377.39,72891684.95,17.0525,37.71,-11.82,21.16,454635612.3,113658903.1,230428510.1,37460659.77,93373221.21,7.2875,37.21,-61.1,26.52,2.225,42.84,-55.29,10.675,32.155,56.77,8.44,31.705,12.735,19.84,5.95,12.575,0.9325,2.05,-0.95,1.315,0,0,0,0,0,0,0,0,0,1290,322.5,423,232,317.5,31.13,59,7.72,28.9,12.0575,27.99,-7.1,13.67,84916695.74,21229173.94,34846430.04,12766393.55,18651936.08,194,48.5,65,33,48,1377,344.25,438,131,404,1,1,1,1,1,155,38.75,53,20,41,168,42,79,6,41.5,0,0,0,0,0,174,43.5,56,29,44.5,0,0,0,0,0,53,13.25,27,2,12,0,0,0,0,0,128,32,47,19,31,24,8,11,6,7,31.795,35.85,20.84,35.245,0,0,0,0,0,0,0,0,0,0,0,0,0,0,0,0,0,0,0,0,0,0,0,0,0,0,0,0,0,0,0,0,0,0,0,0,0,0,0,0,0,0,0,0,0,1655798801,413949700.3,720702683.3,239245927.9,347925095,2222,555.5,888,299,517.5,0,0,0,0,0,594,148.5,219,88,143.5,1,1,1,1,1,0,0,0,0,0,0,0,0,0,0
造纸和纸制品业,安徽省,2,,,,,,,2,,1,,,1,1,,,,,,,,,,,,,,,,,,,,,1,,,,,,,,54567740717,27283870358.605,52517261111,2050479606,27283870358.605,-2321989903,-1160994952,31292874.49,-2353282778,-1160994952,15519,7759.5,14954,565,7759.5,34655092992,17327546495.775,34014102796,640990195.9,17327546495.775,51.55,73.1,30,51.55,864435246.3,432217623.1,830923334.4,33511911.9,432217623.1,-6.115,2.94,-15.17,-6.115,-2142871682,-1071435841,31629295.83,-2174500978,-1071435841,-138.725,-42.87,-234.58,-138.725,-148.29,-39.11,-257.47,-148.29,-7.63,-4.5,-10.76,-7.63,3.81,5.22,2.4,3.81,0.075,0.27,-0.12,0.075,0,0,0,0,0,0,0,0,0,1249,624.5,1149,100,624.5,15.23,28.56,1.9,15.23,0.095,1.01,-0.82,0.095,260781560.8,130390780.4,251363716.4,9417844.45,130390780.4,122,61,101,21,61,853,426.5,525,328,426.5,4,4,4,4,4,57,28.5,35,22,28.5,64,32,39,25,32,0,0,0,0,0,137,68.5,75,62,68.5,0,0,0,0,0,39,19.5,20,19,19.5,0,0,0,0,0,110,55,57,53,55,12,6,9,3,6,13.02,18.39,7.65,13.02,0,0,0,0,0,0,0,0,0,0,0,0,0,0,0,0,0,0,0,0,0,0,0,0,0,0,0,0,0,0,0,0,0,0,0,0,0,0,0,0,0,0,0,0,0,39004896685,19502448342,38389852687,615043997.4,19502448342,674,337,383,291,337,0,0,0,0,0,198,99,120,78,99,4,4,4,4,4,1,1,1,1,1,0,0,0,0,0
其他制造业,安徽省,2,,1,,,1,,,,,,,2,,,,,,,,,,,,,,,,,,,1,1,,,,,,,,,,11625538221,5812769111,7448764954,4176773267,5812769111,149083313.1,74541656.53,79988150.1,69095162.95,74541656.53,6332,3166,3411,2921,3166,4435178791,2217589396,2720686718,1714492073,2217589396,50.125,63.06,37.19,50.125,290276933.1,145138466.5,170649486.5,119627446.6,145138466.5,-6.19,1.03,-13.41,-6.19,141054004.5,70527002.27,73725733.62,67328270.92,70527002.27,-57.7,-49.26,-66.14,-57.7,-52.405,-41.47,-63.34,-52.405,7.54,8.36,6.72,7.54,6.595,6.97,6.22,6.595,0.795,1.25,0.34,0.795,140927600.1,140927600.1,140927600.1,140927600.1,140927600.1,58.27,58.27,58.27,58.27,1623,811.5,1105,518,811.5,-7.405,-4.02,-10.79,-7.405,-6.595,-6.57,-6.62,-6.595,84742227.55,42371113.78,50252964.81,34489262.74,42371113.78,166,83,99,67,83,1927,963.5,1589,338,963.5,0,0,0,0,0,342,171,310,32,171,291,145.5,250,41,145.5,0,0,0,0,0,85,42.5,59,26,42.5,0,0,0,0,0,61,30.5,52,9,30.5,0,0,0,0,0,77,38.5,54,23,38.5,43,21.5,39,4,21.5,26.315,37.62,15.01,26.315,0,0,0,0,0,0,0,0,0,0,0,0,0,0,0,0,0,0,0,0,0,0,0,0,0,0,0,0,0,0,0,0,0,0,0,0,0,0,0,0,0,0,0,0,0,6243483074,3121741537,4693542455,1549940619,3121741537,5075,2537.5,4663,412,2537.5,0,0,0,0,0,866,433,759,107,433,0,0,0,0,0,0,0,0,0,0,0,0,0,0,0
教育,安徽省,3,,,,,,,3,,1,2,,,1,,,,2,,,,,,,,,,,,,,,,,,,,,,,,,21692177283,7230725761.09333,9472839393,4191919119,8027418771,-499984254.2,-166661418.1,366574834,-1102069537,235510449,36619,12206.3333333333,22660,2292,11667,9269317642,3089772547.48667,4824812428,625478777,3819026437,50.9866666666667,90.26,22.87,39.83,613734884.1,306867442.1,592207193.1,21527691,306867442.1,-9.086666667,10.65,-30.18,-7.73,-524006670.3,-174668890.1,498024211,-1277222744,255191863,9.50333333333334,54.13,-31.9,6.28,13.7566666666667,53.46,-33.57,21.38,-32.245,-30.1,-34.39,-32.245,6.37,12.2,0.54,6.37,-0.45,-0.15,-0.75,-0.45,0,0,0,0,0,0,0,0,0,1699,1699,1699,1699,1699,-30.99,-30.99,-30.99,-30.99,-9.123333333,15.19,-37.31,-5.25,73583155.11,24527718.37,43503139,2633191,27446825.11,366,122,295,11,60,112,112,112,112,112,0,0,0,0,0,0,0,0,0,0,4,4,4,4,4,0,0,0,0,0,19,19,19,19,19,0,0,0,0,0,0,0,0,0,0,0,0,0,0,0,33,33,33,33,33,0,0,0,0,0,7.42,7.42,7.42,7.42,0,0,0,0,0,0,0,0,0,0,0,0,0,0,0,0,0,0,0,0,0,0,0,0,0,0,0,0,0,0,0,0,0,0,0,0,0,0,0,0,0,0,0,0,0,11978799651,3992933217,7247524900,957517432,3773757319,19,19,19,19,19,0,0,0,0,0,5,5,5,5,5,0,0,0,0,0,0,0,0,0,0,0,0,0,0,0
综合,安徽省,0,,,,,,,,,,,,,,,,,,,,,,,,,,,,,,,,,,,,,,,,,,0,0,0,0,0,0,0,0,0,0,0,0,0,0,0,0,0,0,0,0,0,0,0,0,0,0,0,0,0,0,0,0,0,0,0,0,0,0,0,0,0,0,0,0,0,0,0,0,0,0,0,0,0,0,0,0,0,0,0,0,0,0,0,0,0,0,0,0,0,0,0,0,0,0,0,0,0,0,0,0,0,0,0,0,0,0,0,0,0,0,0,0,0,0,0,0,0,0,0,0,0,0,0,0,0,0,0,0,0,0,0,0,0,0,0,0,0,0,0,0,0,0,0,0,0,0,0,0,0,0,0,0,0,0,0,0,0,0,0,0,0,0,0,0,0,0,0,0,0,0,0,0,0,0,0,0,0,0,0,0,0,0,0,0,0,0,0,0,0,0,0,0,0,0,0,0,0,0,0,0,0,0,0,0,0,0,0,0,0,0,0,0,0,0,0,0,0,0,0,0,0,0,0,0,0,0,0,0,0,0,0,0,0,0,0,0,0,0,0,0,0,0,0,0,0,0,0,0,0
废弃资源综合利用业,安徽省,2,,,,,,,2,,,2,,,,,,,2,,,,,,,,,,,,,,,,,,,,,,,,,83916451214,41958225607,75379889967,8536561247,41958225607,16549995173,8274997587,16189529836,360465337,8274997587,9243,4621.5,5559,3684,4621.5,9625922486,4812961243,7896324967,1729597519,4812961243,48.905,60.38,37.43,48.905,60551670,30275835,60549748,1922,30275835,10.04,18.2,1.88,10.04,2532449882,1266224941,2034883234,497566648,1266224941,-52.33,-32.7,-71.96,-52.33,37.21,118.69,-44.27,37.21,-15.585,68.71,-99.88,-15.585,0.7,0.7,0.7,0.7,0.11,0.26,-0.04,0.11,0,0,0,0,0,0,0,0,0,0,0,0,0,0,0,0,0,0,-7.38,7,-21.76,-7.38,301679939,150839969.5,252034748,49645191,150839969.5,214,107,175,39,107,160,80,154,6,80,2,2,2,2,2,7,7,7,7,7,1,1,1,1,1,0,0,0,0,0,27,27,27,27,27,2,2,2,2,2,12,12,12,12,12,2,2,2,2,2,34,17,30,4,17,3,3,3,3,3,0,0,0,0,0,0,0,0,0,0,0,0,0,0,0,0,0,0,0,0,0,0,0,0,0,0,0,0,0,0,0,0,0,0,0,0,0,0,0,0,0,0,0,0,0,0,0,0,0,33356342590,16678171295,28207407421,5148935169,16678171295,68,68,68,68,68,0,0,0,0,0,54,27,52,2,27,2,2,2,2,2,0,0,0,0,0,0,0,0,0,0
印刷和记录媒介复制业,安徽省,1,,,,,,,1,,,,,1,,,,,,,,,,,,,,,,,,,,,,1,,,,,,,,1878738541,1878738541,1878738541,1878738541,1878738541,161928921.9,161928921.9,161928921.9,161928921.9,161928921.9,965,965,965,965,965,827897492.4,827897492.4,827897492.4,827897492.4,827897492.4,23.25,23.25,23.25,23.25,38441185.94,38441185.94,38441185.94,38441185.94,38441185.94,17.68,17.68,17.68,17.68,196663335,196663335,196663335,196663335,196663335,21,21,21,21,17.16,17.16,17.16,17.16,-2.57,-2.57,-2.57,-2.57,4.63,4.63,4.63,4.63,-0.95,-0.95,-0.95,-0.95,0,0,0,0,0,0,0,0,0,122,122,122,122,122,-0.78,-0.78,-0.78,-0.78,-3.52,-3.52,-3.52,-3.52,6825744.88,6825744.88,6825744.88,6825744.88,6825744.88,46,46,46,46,46,183,183,183,183,183,0,0,0,0,0,33,33,33,33,33,23,23,23,23,23,0,0,0,0,0,24,24,24,24,24,0,0,0,0,0,8,8,8,8,8,0,0,0,0,0,24,24,24,24,24,13,13,13,13,13,13.1,13.1,13.1,13.1,0,0,0,0,0,0,0,0,0,0,0,0,0,0,0,0,0,0,0,0,0,0,0,0,0,0,0,0,0,0,0,0,0,0,0,0,0,0,0,0,0,0,0,0,0,436405722,436405722,436405722,436405722,436405722,230,230,230,230,230,0,0,0,0,0,73,73,73,73,73,0,0,0,0,0,0,0,0,0,0,0,0,0,0,0
卫生和社会工作,安徽省,0,,,,,,,,,,,,,,,,,,,,,,,,,,,,,,,,,,,,,,,,,,0,0,0,0,0,0,0,0,0,0,0,0,0,0,0,0,0,0,0,0,0,0,0,0,0,0,0,0,0,0,0,0,0,0,0,0,0,0,0,0,0,0,0,0,0,0,0,0,0,0,0,0,0,0,0,0,0,0,0,0,0,0,0,0,0,0,0,0,0,0,0,0,0,0,0,0,0,0,0,0,0,0,0,0,0,0,0,0,0,0,0,0,0,0,0,0,0,0,0,0,0,0,0,0,0,0,0,0,0,0,0,0,0,0,0,0,0,0,0,0,0,0,0,0,0,0,0,0,0,0,0,0,0,0,0,0,0,0,0,0,0,0,0,0,0,0,0,0,0,0,0,0,0,0,0,0,0,0,0,0,0,0,0,0,0,0,0,0,0,0,0,0,0,0,0,0,0,0,0,0,0,0,0,0,0,0,0,0,0,0,0,0,0,0,0,0,0,0,0,0,0,0,0,0,0,0,0,0,0,0,0,0,0,0,0,0,0,0,0,0,0,0,0,0,0,0,0,0,0
文教、工美、体育和娱乐用品制造业,安徽省,0,,,,,,,,,,,,,,,,,,,,,,,,,,,,,,,,,,,,,,,,,,0,0,0,0,0,0,0,0,0,0,0,0,0,0,0,0,0,0,0,0,0,0,0,0,0,0,0,0,0,0,0,0,0,0,0,0,0,0,0,0,0,0,0,0,0,0,0,0,0,0,0,0,0,0,0,0,0,0,0,0,0,0,0,0,0,0,0,0,0,0,0,0,0,0,0,0,0,0,0,0,0,0,0,0,0,0,0,0,0,0,0,0,0,0,0,0,0,0,0,0,0,0,0,0,0,0,0,0,0,0,0,0,0,0,0,0,0,0,0,0,0,0,0,0,0,0,0,0,0,0,0,0,0,0,0,0,0,0,0,0,0,0,0,0,0,0,0,0,0,0,0,0,0,0,0,0,0,0,0,0,0,0,0,0,0,0,0,0,0,0,0,0,0,0,0,0,0,0,0,0,0,0,0,0,0,0,0,0,0,0,0,0,0,0,0,0,0,0,0,0,0,0,0,0,0,0,0,0,0,0,0,0,0,0,0,0,0,0,0,0,0,0,0,0,0,0,0,0,0
石油加工、炼焦和核燃料加工业,安徽省,0,,,,,,,,,,,,,,,,,,,,,,,,,,,,,,,,,,,,,,,,,,0,0,0,0,0,0,0,0,0,0,0,0,0,0,0,0,0,0,0,0,0,0,0,0,0,0,0,0,0,0,0,0,0,0,0,0,0,0,0,0,0,0,0,0,0,0,0,0,0,0,0,0,0,0,0,0,0,0,0,0,0,0,0,0,0,0,0,0,0,0,0,0,0,0,0,0,0,0,0,0,0,0,0,0,0,0,0,0,0,0,0,0,0,0,0,0,0,0,0,0,0,0,0,0,0,0,0,0,0,0,0,0,0,0,0,0,0,0,0,0,0,0,0,0,0,0,0,0,0,0,0,0,0,0,0,0,0,0,0,0,0,0,0,0,0,0,0,0,0,0,0,0,0,0,0,0,0,0,0,0,0,0,0,0,0,0,0,0,0,0,0,0,0,0,0,0,0,0,0,0,0,0,0,0,0,0,0,0,0,0,0,0,0,0,0,0,0,0,0,0,0,0,0,0,0,0,0,0,0,0,0,0,0,0,0,0,0,0,0,0,0,0,0,0,0,0,0,0,0
化学纤维制造业,安徽省,0,,,,,,,,,,,,,,,,,,,,,,,,,,,,,,,,,,,,,,,,,,0,0,0,0,0,0,0,0,0,0,0,0,0,0,0,0,0,0,0,0,0,0,0,0,0,0,0,0,0,0,0,0,0,0,0,0,0,0,0,0,0,0,0,0,0,0,0,0,0,0,0,0,0,0,0,0,0,0,0,0,0,0,0,0,0,0,0,0,0,0,0,0,0,0,0,0,0,0,0,0,0,0,0,0,0,0,0,0,0,0,0,0,0,0,0,0,0,0,0,0,0,0,0,0,0,0,0,0,0,0,0,0,0,0,0,0,0,0,0,0,0,0,0,0,0,0,0,0,0,0,0,0,0,0,0,0,0,0,0,0,0,0,0,0,0,0,0,0,0,0,0,0,0,0,0,0,0,0,0,0,0,0,0,0,0,0,0,0,0,0,0,0,0,0,0,0,0,0,0,0,0,0,0,0,0,0,0,0,0,0,0,0,0,0,0,0,0,0,0,0,0,0,0,0,0,0,0,0,0,0,0,0,0,0,0,0,0,0,0,0,0,0,0,0,0,0,0,0,0
家具制造业,安徽省,1,,,,,,,1,,,,,1,,,,,,,,,,,,,,,,,,,,,,1,,,,,,,,5777424963,5777424963,5777424963,5777424963,5777424963,536712986.1,536712986.1,536712986.1,536712986.1,536712986.1,5157,5157,5157,5157,5157,5388777208,5388777208,5388777208,5388777208,5388777208,50.15,50.15,50.15,50.15,278873761.3,278873761.3,278873761.3,278873761.3,278873761.3,4.52,4.52,4.52,4.52,576319619.4,576319619.4,576319619.4,576319619.4,576319619.4,4.42,4.42,4.42,4.42,6.13,6.13,6.13,6.13,-0.98,-0.98,-0.98,-0.98,5.19,5.19,5.19,5.19,-0.26,-0.26,-0.26,-0.26,0,0,0,0,0,0,0,0,0,973,973,973,973,973,13.24,13.24,13.24,13.24,-2.87,-2.87,-2.87,-2.87,27111557.51,27111557.51,27111557.51,27111557.51,27111557.51,100,100,100,100,100,715,715,715,715,715,2,2,2,2,2,27,27,27,27,27,82,82,82,82,82,0,0,0,0,0,61,61,61,61,61,0,0,0,0,0,7,7,7,7,7,0,0,0,0,0,37,37,37,37,37,4,4,4,4,4,18.94,18.94,18.94,18.94,0,0,0,0,0,0,0,0,0,0,0,0,0,0,0,0,0,0,0,0,0,0,0,0,0,0,0,0,0,0,0,0,0,0,0,0,0,0,0,0,0,0,0,0,0,2898810241,2898810241,2898810241,2898810241,2898810241,468,468,468,468,468,0,0,0,0,0,143,143,143,143,143,2,2,2,2,2,0,0,0,0,0,0,0,0,0,0
住宿和餐饮业,安徽省,1,,,,,,,1,,,,,1,,,,,,,,,,,,,,,,,,,,,,1,,,,,,,,2901657074,2901657074,2901657074,2901657074,2901657074,93598141.46,93598141.46,93598141.46,93598141.46,93598141.46,5793,5793,5793,5793,5793,1670467334,1670467334,1670467334,1670467334,1670467334,31.54,31.54,31.54,31.54,2219674.68,2219674.68,2219674.68,2219674.68,2219674.68,3.81,3.81,3.81,3.81,124019009.3,124019009.3,124019009.3,124019009.3,124019009.3,-36.57,-36.57,-36.57,-36.57,-35.02,-35.02,-35.02,-35.02,14.07,14.07,14.07,14.07,0.19,0.19,0.19,0.19,0.05,0.05,0.05,0.05,0,0,0,0,0,0,0,0,0,19,19,19,19,19,26.66,26.66,26.66,26.66,17.32,17.32,17.32,17.32,8763728.21,8763728.21,8763728.21,8763728.21,8763728.21,87,87,87,87,87,0,0,0,0,0,0,0,0,0,0,0,0,0,0,0,0,0,0,0,0,0,0,0,0,0,0,0,0,0,0,0,0,0,0,0,0,0,0,0,0,0,0,0,0,0,0,0,0,0,0,0,0,0,0,0,0.38,0.38,0.38,0.38,0,0,0,0,0,0,0,0,0,0,0,0,0,0,0,0,0,0,0,0,0,0,0,0,0,0,0,0,0,0,0,0,0,0,0,0,0,0,0,0,0,0,0,0,0,915577672.3,915577672.3,915577672.3,915577672.3,915577672.3,0,0,0,0,0,0,0,0,0,0,0,0,0,0,0,0,0,0,0,0,0,0,0,0,0,0,0,0,0,0
木材加工和木、竹、藤、棕、草制品业,安徽省,0,,,,,,,,,,,,,,,,,,,,,,,,,,,,,,,,,,,,,,,,,,0,0,0,0,0,0,0,0,0,0,0,0,0,0,0,0,0,0,0,0,0,0,0,0,0,0,0,0,0,0,0,0,0,0,0,0,0,0,0,0,0,0,0,0,0,0,0,0,0,0,0,0,0,0,0,0,0,0,0,0,0,0,0,0,0,0,0,0,0,0,0,0,0,0,0,0,0,0,0,0,0,0,0,0,0,0,0,0,0,0,0,0,0,0,0,0,0,0,0,0,0,0,0,0,0,0,0,0,0,0,0,0,0,0,0,0,0,0,0,0,0,0,0,0,0,0,0,0,0,0,0,0,0,0,0,0,0,0,0,0,0,0,0,0,0,0,0,0,0,0,0,0,0,0,0,0,0,0,0,0,0,0,0,0,0,0,0,0,0,0,0,0,0,0,0,0,0,0,0,0,0,0,0,0,0,0,0,0,0,0,0,0,0,0,0,0,0,0,0,0,0,0,0,0,0,0,0,0,0,0,0,0,0,0,0,0,0,0,0,0,0,0,0,0,0,0,0,0,0
居民服务、修理和其他服务业,安徽省,0,,,,,,,,,,,,,,,,,,,,,,,,,,,,,,,,,,,,,,,,,,0,0,0,0,0,0,0,0,0,0,0,0,0,0,0,0,0,0,0,0,0,0,0,0,0,0,0,0,0,0,0,0,0,0,0,0,0,0,0,0,0,0,0,0,0,0,0,0,0,0,0,0,0,0,0,0,0,0,0,0,0,0,0,0,0,0,0,0,0,0,0,0,0,0,0,0,0,0,0,0,0,0,0,0,0,0,0,0,0,0,0,0,0,0,0,0,0,0,0,0,0,0,0,0,0,0,0,0,0,0,0,0,0,0,0,0,0,0,0,0,0,0,0,0,0,0,0,0,0,0,0,0,0,0,0,0,0,0,0,0,0,0,0,0,0,0,0,0,0,0,0,0,0,0,0,0,0,0,0,0,0,0,0,0,0,0,0,0,0,0,0,0,0,0,0,0,0,0,0,0,0,0,0,0,0,0,0,0,0,0,0,0,0,0,0,0,0,0,0,0,0,0,0,0,0,0,0,0,0,0,0,0,0,0,0,0,0,0,0,0,0,0,0,0,0,0,0,0,0
医药制造业,香港特别行政区,10,,1,,,1,2,6,,,10,,,,,,,6,2,1,,,,1,,,,,,,,,,,,,,,,,,,53666312369,5366631237,19199941599,140244759.1,3331865689,-664636948.3,-66463694.83,1800822095,-2999820873,76291231.36,24215,2421.5,10184,19,1243.5,20750928005,2305658667.25222,8206835937,8709535.71,1485711321,45.238,73.58,11.52,41.51,3476505013,347650501.3,2255821486,6607325.72,99013436.87,12.4788888888889,41.48,-12.49,15,332818791.900001,33281879.1900001,2160124945,-2995627313,138041152.2,-4.905,55.75,-96,-2.585,-49.427,55.76,-423.2,-12.97,65.825,498.07,-29.32,12.535,115.312222222222,710.46,0.46,3.03,-4.662222222,9.28,-62.1,0.29,156817503.2,156817503.2,156817503.2,156817503.2,156817503.2,0,0,0,0,2517,503.4,1410,6,306,-11.48666667,16.61,-33.3,-17.77,2.22111111111111,29.55,-26.93,1.44,134898927.4,16862365.93,83552219,1857445,7624263,1346.36,134.636,908,0.8,32.5,1743,348.6,915,10,68,131,26.2,79,5,17,428,85.6,292,5,25,249,49.8,141,1,24,0,0,0,0,0,158,52.6666666666667,91,3,64,23,7.66666666666667,15,2,6,42,14,30,3,9,23,7.66666666666667,15,2,6,199,49.75,99,3,48.5,67,16.75,59,1,3.5,34.872,83.26,6.86,30.81,0,0,0,0,0,0,0,0,0,0,2,2,2,2,2,0,0,0,0,0,0,0,0,0,0,0,0,0,0,0,0,0,0,0,0,0,0,0,0,0,0,0,0,0,0,23673039381,2367303938,7111315113,87599486.75,1180050331,4218,843.6,1763,132,754,0,0,0,0,0,947,189.4,587,10,64,131,26.2,79,5,17,0,0,0,0,0,0,0,0,0,0
化学原料和化学制品制造业,香港特别行政区,7,,,,,1,1,5,,,7,,,,,,,5,1,,,,,1,,,,,,,,,,,,,,,,,,,24658107620,3522586803,6875422409,1062726923,3742841897,-3027615834,-432516547.7,154604347,-1304162595,-88170802.27,9822,1403.14285714286,3506,234,1007,7250588030,1035798290.02857,2882441256,317239177,710484279,97.2585714285714,239.16,27.09,69.24,211601784.9,70533928.3033333,161752771.7,8779296.2,41069717,-10.35,66.81,-80.5,-8.7,-2984178765,-426311252.1,211986862,-1350704397,-93278680.28,-74.78857143,85.88,-291.46,-102.15,-76.53714286,83.2,-265.82,-86.12,62.9466666666667,185.38,-20.71,24.17,9.41666666666667,22.75,2.74,2.76,4.45666666666667,11.67,0.75,0.95,0,0,0,0,0,0,0,0,0,0,0,0,0,0,0,0,0,0,-28.72333333,-5.44,-72.02,-23.42,47817375.74,6831053.67714286,15508663.5,853910.76,5099252.5,46.15,6.59285714285714,13,0.42,7.22,43,14.3333333333333,26,3,14,1,1,1,1,1,15,5,9,2,4,32,10.6666666666667,19,1,12,0,0,0,0,0,0,0,0,0,0,0,0,0,0,0,0,0,0,0,0,0,0,0,0,0,0,0,0,0,0,0,0,0,0,0,0,0,0,0,0,0,0,0,0,0,0,0,0,0,0,0,0,0,0,0,0,0,0,0,0,0,0,0,0,0,0,0,0,0,0,0,0,0,0,0,0,0,0,0,0,0,0,0,0,23401504518,3343072074,11703933684,637356543.4,2520239929,326,108.666666666667,154,85,87,0,0,0,0,0,41,13.6666666666667,24,3,14,1,1,1,1,1,2,2,2,2,2,0,0,0,0,0
食品饮料业,香港特别行政区,13,,3,,,1,3,6,,,13,,,,,,,6,3,3,,,,1,,,,,,,,,,,,,,,,,,,220792992346.41,16984076334.3392,1.33441E+11,68530060.28,1461390209,16962849725,1304834594.26077,11089386659,-182377136.7,-20696697,159447,12265.1538461538,104079,47,1676,270885509187.29,20837346860.5608,1.89096E+11,41349417.76,3031129537,4161.47384615385,52539.1,-58.06,47.57,1684670280,421167570,1223182484,2706454.04,229390671,6.30230769230769,83.7,-48.98,5.95,22315416103,1716570469.48615,14691642927,-188742335.5,-19026279,-54.26846154,18.95,-351.92,-11.09,-77.05692308,122.21,-610.47,-5.29,6.74333333333333,62.37,-48.1,5.96,1.175,2.77,0.36,0.785,-0.093333333,0.98,-1.23,-0.03,0,0,0,0,0,0,0,0,0,115,57.5,111,4,57.5,0,0,0,0,1.77181818181818,67.81,-22.7,-2.8,656544821.5,59685892.8609091,315875342,20041,1185983,2181.72,167.824615384615,1548,1.08,8.9,215,43,123,1,36,0,0,0,0,0,0,0,0,0,0,13,13,13,13,13,0,0,0,0,0,38,19,23,15,19,0,0,0,0,0,5,2.5,4,1,2.5,0,0,0,0,0,36,12,22,1,13,0,0,0,0,0,1.635,2.8,0.47,1.635,0,0,0,0,0,0,0,0,0,0,0,0,0,0,0,0,0,0,0,0,0,0,0,0,0,0,0,0,0,0,0,0,0,0,0,0,0,0,0,0,0,0,0,0,0,873252417194.78,67173262861.1369,7.67878E+11,-565252871.2,1174146054,49,9.8,37,1,4,0,0,0,0,0,20,6.66666666666667,13,1,6,0,0,0,0,0,1,1,1,1,1,0,0,0,0,0
专用设备制造业,香港特别行政区,6,,,,,,1,5,,,6,,,,,,,5,1,,,,,,,,,,,,,,,,,,,,,,,,10218728110,1703121352,3734089323,236806429.7,1169983917,629390275.2,104898379.198333,269361953,-3739384,92966982.1,3873,645.5,2301,23,322,5989083357,998180559.5,2382384810,198784230,611307606,41.0166666666667,62.39,22.26,38.37,234675091.2,58668772.8,121125591.4,12032971,50758264.4,21.16,108.57,-52.35,6.55,710400486.3,118400081.051667,297342871.6,-3695174,115930897,29.535,110.29,-86.7,42.85,55.5116666666667,189.5,-64.7,63.34,25.9025,45.79,4.11,26.855,3.86,5.09,2.6,3.875,-0.9575,1.14,-4.31,-0.33,0,0,0,0,0,0,0,0,0,93,93,93,93,93,29.18,29.18,29.18,29.18,50.736,216.45,-9.8,16.43,39389749.71,7877949.942,33946610.23,367093,2311204.2,65.33,10.8883333333333,40,1.9,5.28,2,2,2,2,2,1,1,1,1,1,0,0,0,0,0,1,1,1,1,1,0,0,0,0,0,0,0,0,0,0,0,0,0,0,0,0,0,0,0,0,0,0,0,0,0,0,0,0,0,0,0,0,0,0,0,10.91,10.91,10.91,10.91,0,0,0,0,0,0,0,0,0,0,0,0,0,0,0,0,0,0,0,0,0,0,0,0,0,0,0,0,0,0,0,0,0,0,0,0,0,0,0,0,0,0,0,0,0,3020422095,503403682.498333,927873498,147611547.8,470351258.7,13,13,13,13,13,0,0,0,0,0,1,1,1,1,1,1,1,1,1,1,2,2,2,2,2,0,0,0,0,0
信息传输、软件和信息技术服务业,香港特别行政区,19,,2,,,,3,14,,,19,,,,,,,14,3,2,,,,,,,,,,,,,,,,,,,,,,,38355476351,2018709281.62789,11077498891,16795609.5,582311991.5,-288751226.7,-15197432.98,1050499434,-1064755058,-18302600.27,7703,405.421052631579,2509,12,114,83653648844,4402823623.38632,54836745038,1105234.7,230621374.7,42.5878947368421,86.28,2.5,41.04,1183685583,197280930.6,1120088865,6976299.24,14451531.9,72.6268421052632,1506.47,-92.23,-0.66,451798115.3,23778848.1752632,1283944819,-1133425922,-18302704.22,-20.95315789,1341.43,-609.08,-7.71,-98.92052632,400.68,-963.24,-4.96,54.9633333333333,290.7,-53.32,12.915,17.655,37.95,0.06,19.28,6.672,12.82,-0.06,7.7,0,0,0,0,0,0,0,0,0,35,35,35,35,35,0,0,0,0,11.3123529411765,416.95,-63.31,-1.88,31341396.15,2238671.15357143,10975473,116793,785725.37,214.13,11.27,109,0.38,2.07,123,24.6,61,1,8,7,3.5,6,1,3.5,21,7,12,1,8,47,11.75,26,1,10,0,0,0,0,0,10,10,10,10,10,0,0,0,0,0,4,4,4,4,4,0,0,0,0,0,15,7.5,9,6,7.5,9,9,9,9,9,47.3,47.3,47.3,47.3,0,0,0,0,0,0,0,0,0,0,0,0,0,0,0,0,0,0,0,0,0,0,0,0,0,0,0,0,0,0,0,0,0,0,0,0,0,0,0,0,0,0,0,0,0,18903529810,994922621.571579,6617100187,4122624.3,153262079.7,470,117.5,253,4,106.5,0,0,0,0,0,91,18.2,50,1,8,7,3.5,6,1,3.5,0,0,0,0,0,0,0,0,0,0
电力、热力、燃气及水生产和供应业,香港特别行政区,11,,4,,,1,1,5,,,11,,,,,,,5,1,4,,,,1,,,,,,,,,,,,,,,,,,,508760330046.62,46250939095.1473,1.38892E+11,29934477.73,8083786844,22450593769,2040963069.89273,8203006792,-162029269,521839062.7,55746,5574.6,30978,30,303.5,301748523069.28,27431683915.3891,1.71944E+11,32956737,1835356432,253.156363636364,1759.1,41.9,82.06,13650727.2,13650727.2,13650727.2,13650727.2,13650727.2,27.9354545454545,361.3,-49.31,-11,31070926024,2824629638.55364,11392057459,-156922525,522335526,-18.6,983.93,-1442.19,11.86,38.6063636363636,942.91,-578.11,7.24,8.54,8.54,8.54,8.54,0.78,0.78,0.78,0.78,0.17,0.17,0.17,0.17,0,0,0,0,0,0,0,0,0,0,0,0,0,0,0,0,0,0,-1.802,33.63,-46.5,0.415,598798685.7,85542669.3842857,292008136,700383,38227709.4,1555.92,141.447272727273,494,0.32,14,284,56.8,125,2,60,0,0,0,0,0,19,4.75,14,1,2,16,5.33333333333333,11,2,3,0,0,0,0,0,51,17,27,3,21,0,0,0,0,0,19,9.5,14,5,9.5,0,0,0,0,0,27,9,11,7,9,2,1,1,1,1,0,0,0,0,0,0,0,0,0,0,0,0,0,0,0,0,0,0,0,0,0,0,0,0,0,0,0,0,0,0,0,0,0,0,0,0,0,0,0,0,0,0,0,0,0,0,0,0,0,293654133421.69,26695830311.0627,79388818580,82595323,6630392725,272,54.4,181,1,29,0,0,0,0,0,75,18.75,35,2,19,0,0,0,0,0,6,2,4,1,1,0,0,0,0,0
商业电气机械和器材制造业,香港特别行政区,9,,,,,1,1,7,,,9,,,,,,,7,1,,,,,1,,,,,,,,,,,,,,,,,,,74550609703,8283401078,44653274653,99864073.2,1553144503,1699771916,188863546.213333,2006521789,-226646666.4,-19562502.5,24206,2689.55555555556,18407,57,345,58952503550,6550278172,50195096735,81017808.71,411924583.1,42.7944444444444,92.21,6.45,37.6,532206700.6,133051675.2,469256016.6,2075657.5,30437513.25,40.3866666666667,391.76,-43.08,-1.64,2336156820,259572980,2393011054,-192422693.6,3810128.6,72.08,362.3,-137.76,76.98,-37.76222222,200.35,-602.16,21.63,-0.73,53,-42.27,-6.825,6.4475,21.85,0.72,1.61,1.7675,13.6,-5.7,-0.415,0,0,0,0,0,0,0,0,0,226,226,226,226,226,42.9,42.9,42.9,42.9,-4.53125,72.22,-41.93,-14.695,525926042.7,75132291.8185714,400179345.4,4791.62,12739939,206.26,25.7825,180,0.32,2.405,4418,736.333333333333,3862,14,66,46,15.3333333333333,40,2,4,391,97.75,315,4,36,360,72,234,1,12,0,0,0,0,0,232,116,224,8,116,5,5,5,5,5,7,3.5,5,2,3.5,5,5,5,5,5,330,82.5,318,1,5.5,55,27.5,53,2,27.5,1.26,1.26,1.26,1.26,0,0,0,0,0,0,0,0,0,0,0,0,0,0,0,0,0,0,0,0,0,0,0,0,0,0,0,0,0,0,0,0,0,0,0,0,0,0,0,0,0,0,0,0,0,41267358679,4585262075.44667,31700714426,37569603,707073860.6,6843,1140.5,5250,1,164,0,0,0,0,0,1064,212.8,902,3,19,46,15.3333333333333,40,2,4,1,1,1,1,1,0,0,0,0,0
批发和零售业,香港特别行政区,23,,2,,,,7,14,,,23,,,,,,,14,7,2,,,,,,,,,,,,,,,,,,,,,,,89839659518,3906072152.94478,14448657127,110089685.3,1050971852,2119652383,92158799.2743478,2337478186,-414862535.2,-12580330.5,53390,2321.30434782609,25873,21,289,54187868341,2355994275.69739,18638059423,22874968.72,798408198,53.64,241.15,8.63,44.12,4151538.22,4151538.22,4151538.22,4151538.22,4151538.22,160.479130434783,2852.88,-82.11,3.55,1519716972,66074650.973913,1352758037,-211591653,-4728281.21,16.6791304347826,1162.34,-573.4,1.12,16.5008695652174,707.89,-534.14,-0.7,51.04,51.04,51.04,51.04,3.92,3.92,3.92,3.92,3.46,3.46,3.46,3.46,0,0,0,0,0,0,0,0,0,0,0,0,0,0,0,0,0,0,13.495,210.24,-44.2,-3.64,216612238.2,11400644.1147368,119390216.5,16567.84,581016.29,231.64,10.0713043478261,106,0.22,2.71,2945,589,1566,2,188,2,2,2,2,2,91,30.3333333333333,71,2,18,102,51,76,26,51,0,0,0,0,0,243,60.75,154,1,44,0,0,0,0,0,60,20,51,1,8,0,0,0,0,0,265,88.3333333333333,152,37,76,11,5.5,10,1,5.5,0,0,0,0,0,0,0,0,0,0,0,0,0,0,0,0,0,0,0,0,0,0,0,0,0,0,0,0,0,0,0,0,0,0,0,0,0,0,0,0,0,0,0,0,0,0,0,0,0,42348233025,1841227522.83435,7303838161,41632166.27,305968641,1912,637.333333333333,1499,20,393,0,0,0,0,0,368,92,311,2,27.5,2,2,2,2,2,0,0,0,0,0,0,0,0,0,0
金融业,香港特别行政区,49,,9,,,5,4,31,,,49,,,,,,,31,4,9,,,,5,,,,,,,,,,,,,,,,,,,3602814969365.33,73526836109.4965,3162700428426.0,14335854.4,1044887224,3201335400,65333375.5167347,24921847164,-6608791584,-45268075.69,34280,699.591836734694,14853,2,50,81591420937,1813142687.49889,61402612976,-1027290111,65160985.79,40.8955102040816,111.72,0.18,31.26,75727042.38,25242347.46,36394395,7785376.78,31547270.6,-17.86133333,301.89,-183.35,-30.53,10222906897,208630753.007959,31534647501,-6024854910,-45187709.4,-1044.456122,225.77,-29917.58,-82.59,-494.8604082,1497.38,-4184.42,-82.9,165.64,301.85,29.43,165.64,2.185,4.1,0.27,2.185,0.83,0.83,0.83,0.83,0,0,0,0,0,0,0,0,0,0,0,0,0,0,0,0,0,0,24.579512195122,1176.29,-37.61,-7.8,77094559.15,2658433.07413793,26482566,36953,512328.27,3169.36,64.6808163265306,2337,0.1,3.31,27,27,27,27,27,0,0,0,0,0,8,8,8,8,8,9,9,9,9,9,0,0,0,0,0,10,10,10,10,10,0,0,0,0,0,10,10,10,10,10,0,0,0,0,0,8,8,8,8,8,8,8,8,8,8,0,0,0,0,0,0,0,0,0,0,0,0,0,0,0,0,0,0,0,0,0,0,0,0,0,0,0,0,0,0,0,0,0,0,0,0,0,0,0,0,0,0,0,0,0,0,0,0,0,3175682025440.55,64809837253.8888,2877893435439.0,660869.5,398016410,19,9.5,16,3,9.5,0,0,0,0,0,27,27,27,27,27,0,0,0,0,0,0,0,0,0,0,0,0,0,0,0
汽车制造业,香港特别行政区,4,,1,,,1,1,1,,,4,,,,,,,1,1,1,,,,1,,,,,,,,,,,,,,,,,,,28886903656,7221725914,22415790271,928698071.5,2771207657,777352929.5,194338232.4,440292922.4,-69853551.72,203456779.4,16095,4023.75,12612,62,1710.5,32794096026,8198524007,25805891834,31194956.76,3478504618,49.745,105.67,5.34,43.985,2478151572,619537893.1,1941631513,257499,268131280.1,11.2075,52,-24.71,8.77,973837744,243459436,580145338.8,-69962595.5,231827500.4,35.565,103.82,-21.99,30.215,44.9575,100.37,-46.02,62.74,-6.02,61.4,-96.18,5.35,6.21,9.59,0.88,7.185,-3.8625,0.31,-15.44,-0.16,1332419415,666209707.5,1029629903,302789512,666209707.5,25.45,48.88,2.02,25.45,913,913,913,913,913,30.82,30.82,30.82,30.82,36.825,148.14,-30.36,14.76,21873815.5,7291271.83333333,20381835,36067.5,1455913,145.25,36.3125,95,1.38,24.435,761,253.666666666667,532,13,216,32,32,32,32,32,165,82.5,125,40,82.5,116,58,109,7,58,0,0,0,0,0,71,35.5,55,16,35.5,0,0,0,0,0,32,16,16,16,16,0,0,0,0,0,54,27,31,23,27,19,9.5,17,2,9.5,67.4,67.4,67.4,67.4,0,0,0,0,0,0,0,0,0,0,0,0,0,0,0,0,0,0,0,0,0,0,0,0,0,0,0,0,0,0,0,0,0,0,0,0,0,0,0,0,0,0,0,0,0,12066902806,3016725702,9127723394,78576705.5,1430301354,1933,644.333333333333,1269,5,659,0,0,0,0,0,375,187.5,216,159,187.5,32,32,32,32,32,0,0,0,0,0,0,0,0,0,0
金属冶炼和压延加工业,香港特别行政区,6,,1,,,2,,3,,,6,,,,,,,3,,1,,,,2,,,,,,,,,,,,,,,,,,,42136071655,7022678609.12333,23223777851,1198599177,4374133585,682562445.2,113760407.538333,441921245.7,-6416422,21139593.75,11153,1858.83333333333,5433,22,1369.5,56759983668,9459997278,33658580769,329484051.7,2623205684,48.495,81.6,22.32,47.185,109271645.8,54635822.89,88687481.77,20584164,54635822.89,-3.996666667,1.56,-7.72,-4.96,956708452.7,159451408.8,486753565.7,4833926,56431533,20.23,192.35,-86.5,-17.72,1.50166666666667,196.29,-106.94,-51.715,12.475,21.9,3.05,12.475,2.13,4.17,0.09,2.13,0.205,0.37,0.04,0.205,0,0,0,0,0,0,0,0,0,0,0,0,0,0,0,0,0,0,15.804,69.23,-4.1,3.2,92559705.5,15426617.5833333,59523752.5,102907,8076760.5,79.81,13.3016666666667,57,0.42,5.8,1422,355.5,1083,1,169,1,1,1,1,1,111,37,58,7,46,374,187,349,25,187,0,0,0,0,0,66,33,36,30,33,0,0,0,0,0,16,8,11,5,8,0,0,0,0,0,182,91,163,19,91,19,9.5,13,6,9.5,0,0,0,0,0,0,0,0,0,0,0,0,0,0,0,0,0,0,0,0,0,0,0,0,0,0,0,0,0,0,0,0,0,0,0,0,0,0,0,0,0,0,0,0,0,0,0,0,0,27591288195,4598548032.53833,18950134319,267381322,2225982324,1859,619.666666666667,1033,94,732,0,0,0,0,0,548,182.666666666667,438,7,103,1,1,1,1,1,0,0,0,0,0,0,0,0,0,0
交通运输、仓储和邮政业,香港特别行政区,11,,5,,,2,1,3,,,11,,,,,,,3,1,5,,,,2,,,,,,,,,,,,,,,,,,,649680497311.09,59061863391.9173,1.93934E+11,110955307.5,12220051947,14077298470,1279754406.33636,7749135026,-85469845.5,134811750,21909,2434.33333333333,11126,30,206,2.06514E+11,18774043472.5909,1.33206E+11,6393571.21,5755817549,60.0636363636364,215.07,12.04,41.45,86331636.5,43165818.25,78837440.5,7494196,43165818.25,-8.933636364,24.29,-59.97,-9.1,83707114659,7609737696.24273,67738980187,-85469179.5,198230225.8,-31.58636364,66.16,-124.37,-38.59,-32.03636364,65.9,-120.99,-16.26,46.05,46.05,46.05,46.05,1.88,3.53,0.23,1.88,1.37,1.37,1.37,1.37,0,0,0,0,0,0,0,0,0,0,0,0,0,0,0,0,0,0,8.195,67.5,-9.8,0.865,268391665.7,29821296.1922222,157912726,22412.37,759528.29,1825.58,165.961818181818,648,1.1,49,325,81.25,215,2,54,0,0,0,0,0,36,9,23,1,6,89,22.25,59,1,14.5,0,0,0,0,0,34,11.3333333333333,17,3,14,0,0,0,0,0,31,15.5,17,14,15.5,0,0,0,0,0,10,5,8,2,5,5,2.5,4,1,2.5,0,0,0,0,0,0,0,0,0,0,0,0,0,0,0,0,0,0,0,0,0,0,0,0,0,0,0,0,0,0,0,0,0,0,0,0,0,0,0,0,0,0,0,0,0,0,0,0,0,326227504396.05,29657045854.1864,1.13375E+11,57791367.23,4834262321,700,175,391,8,150.5,0,0,0,0,0,196,49,97,1,49,0,0,0,0,0,0,0,0,0,0,0,0,0,0,0
消费电子及电气业,香港特别行政区,11,,,,,1,4,6,,,11,,,,,,,6,4,,,,,1,,,,,,,,,,,,,,,,,,,15208708541,1382609867.36364,8283109633,1248602,468347222.8,123014277.4,11183116.1236364,559576954,-400069094,-2325811.8,15370,1397.27272727273,5739,19,876,15355186895,1395926081,10722399725,25922052.6,237897662.1,1558.50363636364,16555.12,8.25,69.64,241422250.2,80474083.4066667,163204446.2,4370757,73847047,-4.524545455,66.96,-45.55,1.2,360868356.6,32806214.2318182,670466469,-298033274.8,1121369.24,-20.73909091,321.97,-332.99,-5.03,-20.65363636,658.35,-593.07,-6.74,14.8233333333333,36.69,-1.51,9.29,2.46,3.89,1.57,1.92,-0.2,0.45,-1.03,-0.02,0,0,0,0,0,0,0,0,0,0,0,0,0,0,0,0,0,0,-9.748888889,53.81,-95.89,-4.07,76116792.02,8457421.33555556,55416369,115847.73,2185426.5,123.24,11.2036363636364,82,0.51,1.01,353,117.666666666667,309,4,40,1,1,1,1,1,11,5.5,7,4,5.5,18,9,13,5,9,0,0,0,0,0,62,31,47,15,31,0,0,0,0,0,13,6.5,9,4,6.5,0,0,0,0,0,41,20.5,36,5,20.5,2,2,2,2,2,0,0,0,0,0,0,0,0,0,0,0,0,0,0,0,0,0,0,0,0,0,0,0,0,0,0,0,0,0,0,0,0,0,0,0,0,0,0,0,0,0,0,0,0,0,0,0,0,0,8669067098,788097008.915455,4167322281,38621442,202873851.7,385,192.5,361,24,192.5,0,0,0,0,0,71,35.5,46,25,35.5,1,1,1,1,1,0,0,0,0,0,0,0,0,0,0
房地产业,香港特别行政区,47,,9,,,3,16,19,,,47,,,,,,,19,16,9,,,,3,,,,,,,,,,,,,,,,,,,4236474227472.32,90137749520.6877,1081331092943.0,1729717.79,11831946032,86497465421,1840371604.69192,32369778386,-1996066123,45505909.27,196501,4271.76086956522,57483,8,406,6.66937E+11,14190138571.2383,2.07061E+11,10767968.5,871722984,52.0725531914894,82.6,13.35,55.34,9597970.77,4798985.385,8973999,623971.77,4798985.385,8.84255319148937,256.5,-85.36,-1.96,140619972188.41,2991914301.88106,55509387274,-1635596392,104035893.8,-45.2506383,682.81,-2015.66,-34.46,-64.21170213,740.55,-1377.33,-32.5,-34.65,-17.61,-51.69,-34.65,6.29,12.38,0.2,6.29,-1.465,0.19,-3.12,-1.465,476966.57,476966.57,476966.57,476966.57,476966.57,-94.67,-94.67,-94.67,-94.67,0,0,0,0,0,0,0,0,0,11.6428571428571,528.65,-40.81,-8.2,529098102.6,19596226.0233333,164605661,33059,2714533.73,6840.77,145.54829787234,2187,0.23,11,323,64.6,159,1,6,0,0,0,0,0,24,8,15,1,8,20,6.66666666666667,13,1,6,0,0,0,0,0,69,34.5,50,19,34.5,0,0,0,0,0,22,11,17,5,11,0,0,0,0,0,36,18,25,11,18,3,1.5,2,1,1.5,0,0,0,0,0,0,0,0,0,0,0,0,0,0,0,0,0,0,0,0,0,0,0,0,0,0,0,0,0,0,0,0,0,0,0,0,0,0,0,0,0,0,0,0,0,0,0,0,0,2475947477008.31,52679733553.3683,7.39625E+11,855614.29,5542939666,363,72.6,199,3,20,0,0,0,0,0,108,27,57,1,25,0,0,0,0,0,1,1,1,1,1,0,0,0,0,0
采矿业,香港特别行政区,23,,3,,,2,2,16,,,23,,,,,,,16,2,3,,,,2,,,,,,,,,,,,,,,,,,,216201487124.41,9400064657.58304,84248574066,127327914,1421561347,19247797363,836860754.898696,17222862373,-670881581,22400780,17475,759.782608695652,4294,19,239,124708930762.66,5422127424.46348,51536467581,137351,517631174.2,65.225652173913,695.67,-75.75,43,291162142.3,58232428.46,170515324.8,256026,14108939.74,50.2639130434782,1005.79,-99.74,1.26,31249530450,1358675236.93957,24874163257,-595055944,29242349,290.60347826087,6753.93,-454.94,-17.82,-11.09304348,725.99,-279.73,-35.78,-23.6675,-0.09,-43.95,-25.315,2.63,4.84,0.04,2.3,-0.4975,-0.01,-0.94,-0.52,0,0,0,0,0,0,0,0,0,20,10,16,4,10,-46.6,-46.6,-46.6,-46.6,-1.828947368,28.31,-35.74,-0.08,130187962.1,8136747.63,46100839.5,42067.21,2863225.98,731.21,31.7917391304348,297,0.23,3.94,4180,836,4113,1,11,4,4,4,4,4,722,144.4,693,1,7,506,168.666666666667,484,4,18,0,0,0,0,0,739,739,739,739,739,0,0,0,0,0,225,225,225,225,225,0,0,0,0,0,645,322.5,643,2,322.5,86,43,84,2,43,3.825,6.7,0.95,3.825,0,0,0,0,0,0,0,0,0,0,0,0,0,0,0,0,0,0,0,0,0,0,0,0,0,0,0,0,0,0,0,0,0,0,0,0,0,0,0,0,0,0,0,0,0,105142134149.98,4571397136.95565,55829632788,-3018752778,423545795.8,8743,1748.6,8517,3,28,0,0,0,0,0,1690,338,1652,1,11,4,4,4,4,4,0,0,0,0,0,0,0,0,0,0
非金属矿物制品业,香港特别行政区,0,,,,,,,,,,,,,,,,,,,,,,,,,,,,,,,,,,,,,,,,,,0,0,0,0,0,0,0,0,0,0,0,0,0,0,0,0,0,0,0,0,0,0,0,0,0,0,0,0,0,0,0,0,0,0,0,0,0,0,0,0,0,0,0,0,0,0,0,0,0,0,0,0,0,0,0,0,0,0,0,0,0,0,0,0,0,0,0,0,0,0,0,0,0,0,0,0,0,0,0,0,0,0,0,0,0,0,0,0,0,0,0,0,0,0,0,0,0,0,0,0,0,0,0,0,0,0,0,0,0,0,0,0,0,0,0,0,0,0,0,0,0,0,0,0,0,0,0,0,0,0,0,0,0,0,0,0,0,0,0,0,0,0,0,0,0,0,0,0,0,0,0,0,0,0,0,0,0,0,0,0,0,0,0,0,0,0,0,0,0,0,0,0,0,0,0,0,0,0,0,0,0,0,0,0,0,0,0,0,0,0,0,0,0,0,0,0,0,0,0,0,0,0,0,0,0,0,0,0,0,0,0,0,0,0,0,0,0,0,0,0,0,0,0,0,0,0,0,0,0
通用设备制造业,香港特别行政区,1,,,,,,,,1,,1,,,,,,,,,,,,,,,,,1,,,,,,,,,,,,,,,364169179.5,364169179.5,364169179.5,364169179.5,364169179.5,-2306066.71,-2306066.71,-2306066.71,-2306066.71,-2306066.71,316,316,316,316,316,193041618.8,193041618.8,193041618.8,193041618.8,193041618.8,52.84,52.84,52.84,52.84,0,0,0,0,0,-46,-46,-46,-46,-1318859,-1318859,-1318859,-1318859,-1318859,88.77,88.77,88.77,88.77,-118.14,-118.14,-118.14,-118.14,0,0,0,0,0,0,0,0,0,0,0,0,0,0,0,0,0,0,0,0,0,0,0,0,0,0,0,0,0,0,-93.48,-93.48,-93.48,-93.48,1826711,1826711,1826711,1826711,1826711,1,1,1,1,1,0,0,0,0,0,0,0,0,0,0,0,0,0,0,0,0,0,0,0,0,0,0,0,0,0,0,0,0,0,0,0,0,0,0,0,0,0,0,0,0,0,0,0,0,0,0,0,0,0,0,0,0,0,0,0,0,0,0,0,0,0,0,0,0,0,0,0,0,0,0,0,0,0,0,0,0,0,0,0,0,0,0,0,0,0,0,0,0,0,0,0,0,0,0,0,0,0,0,0,0,0,0,0,0,192346218,192346218,192346218,192346218,192346218,0,0,0,0,0,0,0,0,0,0,0,0,0,0,0,0,0,0,0,0,0,0,0,0,0,0,0,0,0,0
半导体业,香港特别行政区,5,,2,,,,1,2,,,4,,1,,,,,2,1,1,,,,,,,,,,,,,1,,,,,,,,,,28826087152,5765217430,26458276883,286154583.2,621520661,2697474561,539494912.2,2599359235,-49445811,-1919488,10625,2125,9479,141,336,11947712301,2389542460,10060197189,155406092,226200876.5,61.846,97.4,21.72,69.54,1111740065,277935016.2,921101776.4,106450,95265919.15,12.134,77.2,-28.32,8.79,2636832099,527366419.9,2536849823,-52978743.28,2923977.5,-94.316,101.7,-578.89,7.99,-93.308,95.64,-574.89,15.1,-16.56,29.19,-65,-15.215,6.78,14.15,0.06,6.455,-0.735,1.42,-3.95,-0.205,0,0,0,0,0,0,0,0,0,1604,802,1418,186,802,29.085,71.9,-13.73,29.085,11.68,89.16,-16.93,-9.33,131167574.1,26233514.82,116439428.4,328793.78,963880.78,709.53,141.906,695,0.6,2.96,104,34.6666666666667,75,2,27,0,0,0,0,0,27,13.5,18,9,13.5,37,12.3333333333333,32,2,3,0,0,0,0,0,8,8,8,8,8,0,0,0,0,0,6,6,6,6,6,0,0,0,0,0,6,6,6,6,6,6,6,6,6,6,39.445,63.93,14.96,39.445,0,0,0,0,0,0,0,0,0,0,0,0,0,0,0,0,0,0,0,0,0,0,0,0,0,0,0,0,0,0,0,0,0,0,0,0,0,0,0,0,1,1,1,1,1,7251702009,1450340402,5762336526,198979242.5,355131795.5,408,136,336,22,50,0,0,0,0,0,61,20.3333333333333,34,2,25,0,0,0,0,0,0,0,0,0,0,0,0,0,0,0
建筑业,香港特别行政区,14,,2,,,2,5,5,,,14,,,,,,,5,5,2,,,,2,,,,,,,,,,,,,,,,,,,230547571745.46,16467683696.1043,196410680308.24,37490464.5,1799471592,7415395417,529671101.199286,7268919249,-216621826,-187808.1,15696,1207.38461538462,4962,10,308,120412660491.16,8600904320.79714,87520224941,25258539.5,1496106166,68.36,118.15,19.24,68.355,336117150.5,112039050.166667,311541524,9183637,15391989.5,0.848571428571428,36.36,-58.84,-1.065,9728771957,694912282.651429,9250803798,-204274790.5,1069754.51,-23.03857143,147.6,-160.8,-11.92,-44.38285714,49.32,-211.37,-29.895,63.97,63.97,63.97,63.97,0.36,0.6,0.11,0.37,0.22,0.22,0.22,0.22,0,0,0,0,0,0,0,0,0,0,0,0,0,0,0,0,0,0,0.0676923076923075,42.19,-81.45,1.16,55847418.98,5077038.08909091,25747045,102967,2585871.26,514.55,36.7535714285714,411,0.15,3.325,35,17.5,26,9,17.5,0,0,0,0,0,1,1,1,1,1,1,1,1,1,1,0,0,0,0,0,17,8.5,11,6,8.5,0,0,0,0,0,6,6,6,6,6,0,0,0,0,0,11,11,11,11,11,1,1,1,1,1,0,0,0,0,0,0,0,0,0,0,0,0,0,0,0,0,0,0,0,0,0,0,0,0,0,0,0,0,0,0,0,0,0,0,0,0,0,0,0,0,0,0,0,0,0,0,0,0,0,163065288952.81,11647520639.4864,138224358630.76,16786250.76,1381035375,5,5,5,5,5,0,0,0,0,0,12,6,9,3,6,0,0,0,0,0,0,0,0,0,0,0,0,0,0,0
铁路、船舶、航空航天和其他运输设备制造业,香港特别行政区,3,,2,,,,,1,,,2,,1,,,,,,,2,,,,,,,,,,,,,,,1,,,,,,,,25755956027,8585318675.69333,13101864014,3261216237,9392875776,275340458.8,91780152.92,448604624.3,-216890981.5,43626816,11551,3850.33333333333,7484,532,3535,15417188633,5139062878,10124330607,1429422383,3863435643,36.3466666666667,47.31,25.83,35.9,749425558.6,249808519.533333,583129999.9,32822849,133472709.7,10.0733333333333,21.5,-1.98,10.7,309293289.3,103097763.086667,565446947.8,-279554219.7,23400561.22,22.09,218.79,-163.25,10.73,12.9933333333333,195.9,-166.86,9.94,54.3933333333333,132.71,14.61,15.86,3.83,5.73,2.3,3.46,0.606666666666667,1.14,0.24,0.44,0,0,0,0,0,0,0,0,0,1385,1385,1385,1385,1385,-0.45,-0.45,-0.45,-0.45,5.03666666666667,9.92,0.4,4.79,34271857.57,11423952.5233333,24149831.15,122744.7,9999281.72,286.73,95.5766666666667,268,7.73,11,2209,1104.5,2208,1,1104.5,167,167,167,167,167,199,199,199,199,199,107,107,107,107,107,0,0,0,0,0,158,158,158,158,158,1,1,1,1,1,12,12,12,12,12,1,1,1,1,1,324,324,324,324,324,48,48,48,48,48,39.07,39.07,39.07,39.07,0,0,0,0,0,0,0,0,0,0,0,0,0,0,0,0,0,0,0,0,0,0,0,0,0,0,0,0,0,0,0,0,0,0,0,0,0,0,0,0,0,0,0,0,0,9993365890,3331121963,4704202696,841903878.3,4447259315,2759,2759,2759,2759,2759,0,0,0,0,0,518,518,518,518,518,163,163,163,163,163,0,0,0,0,0,0,0,0,0,0
水利、环境和公共设施管理业,香港特别行政区,3,,1,,,,,2,,,3,,,,,,,2,,1,,,,,,,,,,,,,,,,,,,,,,,164998829495.22,54999609832,1.63581E+11,602570337.7,815732807,4763352652,1587784217.16667,4733216367,3917275,26219009.5,8060,4030,7404,656,4030,34493453650,11497817883,32030997816,505468014.8,1956987819,36.3433333333333,67.13,3.6,38.3,6308651.76,6308651.76,6308651.76,6308651.76,6308651.76,-19.87666667,-16.21,-22.62,-20.8,9168220185,3056073395,9097395422,32686064.22,38138699.5,-43.51333333,-17.12,-75.87,-37.55,-65.47333333,-29.72,-91.03,-75.67,-2.22,-2.22,-2.22,-2.22,1.27,1.27,1.27,1.27,0.12,0.12,0.12,0.12,0,0,0,0,0,0,0,0,0,0,0,0,0,0,0,0,0,0,0.67,0.67,0.67,0.67,211331139.5,70443713.1666667,207363155.5,1097980.76,2870003.24,176.95,58.9833333333333,172,2.42,2.53,235,117.5,190,45,117.5,0,0,0,0,0,27,27,27,27,27,42,21,28,14,21,0,0,0,0,0,19,19,19,19,19,0,0,0,0,0,13,13,13,13,13,0,0,0,0,0,13,13,13,13,13,5,5,5,5,5,0,0,0,0,0,0,0,0,0,0,0,0,0,0,0,0,0,0,0,0,0,0,0,0,0,0,0,0,0,0,0,0,0,0,0,0,0,0,0,0,0,0,0,0,0,0,0,0,0,110189678784.23,36729892928.0767,109855099841.29,22169013.72,312409929.2,782,391,731,51,391,0,0,0,0,0,102,51,74,28,51,0,0,0,0,0,1,1,1,1,1,0,0,0,0,0
科学研究和技术服务业,香港特别行政区,2,,,,,1,,1,,,2,,,,,,,1,,,,,,1,,,,,,,,,,,,,,,,,,,14356010714,7178005357,13640060333,715950380.7,7178005357,36574181.2,18287090.6,46131694.2,-9557513,18287090.6,2728,1364,1595,1133,1364,6510937267,3255468634,5925046619,585890647.7,3255468634,40.96,42.58,39.34,40.96,0,0,0,0,0,-3.87,10.4,-18.14,-3.87,402349881.8,201174940.9,410847261,-8497379.22,201174940.9,-140.475,-77.11,-203.84,-140.475,-223.555,-95.6,-351.51,-223.555,0,0,0,0,0,0,0,0,0,0,0,0,0,0,0,0,0,0,0,0,0,0,0,0,0,0,0,0,0,0,-42.06,-22.02,-62.1,-42.06,10941598,10941598,10941598,10941598,10941598,48.04,24.02,46,2.04,24.02,6738,6738,6738,6738,6738,10,10,10,10,10,490,490,490,490,490,830,830,830,830,830,0,0,0,0,0,1018,1018,1018,1018,1018,0,0,0,0,0,322,322,322,322,322,0,0,0,0,0,765,765,765,765,765,54,54,54,54,54,0,0,0,0,0,0,0,0,0,0,0,0,0,0,0,0,0,0,0,0,0,0,0,0,0,0,0,0,0,0,0,0,0,0,0,0,0,0,0,0,0,0,0,0,0,0,0,0,0,6084995689,3042497844,5802992483,282003205.3,3042497844,9640,9640,9640,9640,9640,0,0,0,0,0,2143,2143,2143,2143,2143,10,10,10,10,10,0,0,0,0,0,0,0,0,0,0
纺织鞋服业,香港特别行政区,19,,1,,,1,8,9,,,19,,,,,,,9,8,1,,,,1,,,,,,,,,,,,,,,,,,,52162752818,2745408043.03474,13866915984,28681468.73,1450462183,575045756.7,30265566.1421053,787595404.6,-130111232.8,-5156435,109085,6060.27777777778,42525,30,780,35303064059,1858056003.09632,10960090312,61508991.7,350657164,38.6026315789474,74.17,18.2,35.6,567257920.5,94542986.75,270521113.6,4599731,76883262.85,12.6515789473684,111.11,-41.4,10.27,962821960.7,50674840.0368421,890330572.2,-117174901,-5156538,8.41947368421053,243.15,-284.99,16.96,-35.37894737,173.08,-764.34,15.23,36.89,177.28,-8.38,3.83,2.28833333333333,3.52,0.91,2.295,0.442,1.9,-0.27,0.21,0,0,0,0,0,0,0,0,0,0,0,0,0,0,0,0,0,0,-3.843529412,49.6,-50.34,-2.7,79655945.29,4425330.29388889,23005754.4,1302,3142055.995,180.84,9.5178947368421,54,0.31,3.99,1267,316.75,960,10,148.5,0,0,0,0,0,63,21,37,6,20,56,18.6666666666667,30,12,14,0,0,0,0,0,68,22.6666666666667,41,5,22,0,0,0,0,0,11,3.66666666666667,6,2,3,0,0,0,0,0,66,22,41,1,24,5,1.66666666666667,2,1,2,0,0,0,0,0,0,0,0,0,0,0,0,0,0,0,0,0,0,0,0,0,0,0,0,0,0,0,0,0,0,0,0,0,0,0,0,0,0,0,0,0,0,0,0,0,0,0,0,0,24440940069,1286365266.76895,10280405989,18463941.29,345917281,907,181.4,556,2,91,0,0,0,0,0,166,41.5,96,1,34.5,0,0,0,0,0,0,0,0,0,0,0,0,0,0,0
通信传输设备业,香港特别行政区,1,,1,,,,,,,,1,,,,,,,,,1,,,,,,,,,,,,,,,,,,,,,,,5289793152,5289793152,5289793152,5289793152,5289793152,55718137,55718137,55718137,55718137,55718137,778,778,778,778,778,1738874431,1738874431,1738874431,1738874431,1738874431,43.31,43.31,43.31,43.31,15210257,15210257,15210257,15210257,15210257,7.4,7.4,7.4,7.4,72103584,72103584,72103584,72103584,72103584,32.63,32.63,32.63,32.63,22.27,22.27,22.27,22.27,33.07,33.07,33.07,33.07,0.89,0.89,0.89,0.89,0.18,0.18,0.18,0.18,0,0,0,0,0,0,0,0,0,153,153,153,153,153,0,0,0,0,-4.08,-4.08,-4.08,-4.08,5347595,5347595,5347595,5347595,5347595,3.39,3.39,3.39,3.39,3.39,56,56,56,56,56,0,0,0,0,0,13,13,13,13,13,11,11,11,11,11,0,0,0,0,0,4,4,4,4,4,0,0,0,0,0,1,1,1,1,1,0,0,0,0,0,3,3,3,3,3,1,1,1,1,1,20.44,20.44,20.44,20.44,0,0,0,0,0,0,0,0,0,0,0,0,0,0,0,0,0,0,0,0,0,0,0,0,0,0,0,0,0,0,0,0,0,0,0,0,0,0,0,0,0,0,0,0,0,2292142734,2292142734,2292142734,2292142734,2292142734,125,125,125,125,125,0,0,0,0,0,24,24,24,24,24,0,0,0,0,0,0,0,0,0,0,0,0,0,0,0
金属制品业,香港特别行政区,2,,,,,,1,1,,,2,,,,,,,1,1,,,,,,,,,,,,,,,,,,,,,,,,254550176.1,127275088,211490131.1,43060045,127275088,-166888679.5,-83444339.74,-12106556.5,-154782123,-83444339.74,362,181,228,134,181,178517507.1,89258753.56,114238379.1,64279128,89258753.56,120.86,153.09,88.63,120.86,0,0,0,0,0,-10.9,-7.29,-14.51,-10.9,-156642286.5,-78321143.26,-12106316.5,-144535970,-78321143.26,-46.425,1.64,-94.49,-46.425,-38.04,9.7,-85.78,-38.04,0,0,0,0,0,0,0,0,0,0,0,0,0,0,0,0,0,0,0,0,0,0,0,0,0,0,0,0,0,0,-29.28,-21.3,-37.26,-29.28,1197321.72,598660.86,757859.72,439462,598660.86,13.3,6.65,13,0.3,6.65,0,0,0,0,0,0,0,0,0,0,0,0,0,0,0,0,0,0,0,0,0,0,0,0,0,0,0,0,0,0,0,0,0,0,0,0,0,0,0,0,0,0,0,0,0,0,0,0,0,0,0,0,0,0,0,0,0,0,0,0,0,0,0,0,0,0,0,0,0,0,0,0,0,0,0,0,0,0,0,0,0,0,0,0,0,0,0,0,0,0,0,0,0,0,0,0,0,0,0,0,0,0,0,0,359769531.8,179884765.9,321613314.3,38156217.5,179884765.9,0,0,0,0,0,0,0,0,0,0,0,0,0,0,0,0,0,0,0,0,0,0,0,0,0,0,0,0,0,0
文化、体育和娱乐业,香港特别行政区,7,,,,,,,7,,,7,,,,,,,7,,,,,,,,,,,,,,,,,,,,,,,,,19852274917,2836039273.92286,8630589178,65987096.5,533128364,-161511808.9,-23073115.56,749263811.8,-518901653.5,-80478102.73,7372,1053.14285714286,5809,32,74,7479939162,1068562737.40143,5922254261,3329565.73,111026117.5,70.0014285714286,323.53,0.07,19.23,458869821.3,458869821.3,458869821.3,458869821.3,458869821.3,74.5814285714286,414.48,-45.57,7.62,-186807086.6,-26686726.65,747662782.7,-530250235.8,-78307997.29,-134.3257143,76.69,-758.26,-80.07,-155.1571429,78.72,-877.39,-79.87,8599.64,8599.64,8599.64,8599.64,417.31,417.31,417.31,417.31,408.2,408.2,408.2,408.2,0,0,0,0,0,0,0,0,0,0,0,0,0,0,0,0,0,0,8.90714285714286,105,-56.15,-5.43,56755036.85,9459172.80833333,45397297.79,664039,1711365.53,24.81,4.962,18,0.22,2.38,0,0,0,0,0,0,0,0,0,0,0,0,0,0,0,0,0,0,0,0,0,0,0,0,0,0,0,0,0,0,0,0,0,0,0,0,0,0,0,0,0,0,0,0,0,0,0,0,0,0,0,0,0,0,0,0,0,0,0,0,0,0,0,0,0,0,0,0,0,0,0,0,0,0,0,0,0,0,0,0,0,0,0,0,0,0,0,0,0,0,0,0,0,0,0,0,0,0,0,0,0,0,0,0,8301134939,1185876419.81857,4321323536,6530.11,214804760.7,0,0,0,0,0,0,0,0,0,0,0,0,0,0,0,0,0,0,0,0,0,0,0,0,0,0,0,0,0,0
橡胶和塑料制品业,香港特别行政区,2,,,,,,1,1,,,2,,,,,,,1,1,,,,,,,,,,,,,,,,,,,,,,,,1548134648,774067323.8,1334192796,213941851.5,774067323.8,56367959.26,28183979.63,44519654,11848305.26,28183979.63,1182,591,664,518,591,1149896715,574948357.3,926628197,223268517.5,574948357.3,34.12,51.55,16.69,34.12,41166115,41166115,41166115,41166115,41166115,-22.085,-8.47,-35.7,-22.085,83132292.7,41566146.35,59386412,23745880.7,41566146.35,-25.86,-2.16,-49.56,-25.86,-32.67,-7.31,-58.03,-32.67,-31.33,-31.33,-31.33,-31.33,4.43,4.43,4.43,4.43,0.25,0.25,0.25,0.25,0,0,0,0,0,0,0,0,0,0,0,0,0,0,0,0,0,0,-0.87,8.26,-10,-0.87,9323408.74,4661704.37,7518621,1804787.74,4661704.37,12.32,6.16,11,1.32,6.16,334,167,297,37,167,0,0,0,0,0,58,58,58,58,58,62,31,61,1,31,0,0,0,0,0,30,30,30,30,30,0,0,0,0,0,21,21,21,21,21,0,0,0,0,0,31,31,31,31,31,6,6,6,6,6,0,0,0,0,0,0,0,0,0,0,0,0,0,0,0,0,0,0,0,0,0,0,0,0,0,0,0,0,0,0,0,0,0,0,0,0,0,0,0,0,0,0,0,0,0,0,0,0,0,723864269,361932134.5,688271251,35593018,361932134.5,742,371,724,18,371,0,0,0,0,0,176,88,175,1,88,0,0,0,0,0,0,0,0,0,0,0,0,0,0,0
租赁和商务服务业,香港特别行政区,7,,1,,,,1,5,,,7,,,,,,,5,1,1,,,,,,,,,,,,,,,,,,,,,,,51631078495,7375868356.39429,47488654853,54601710.76,250402928,-251726460.5,-35960922.93,185115305,-271724159.5,-25797312.5,2742,391.714285714286,1188,22,165,7169287273,1024183896,3579768280,36921299.78,317845969,134.704285714286,634.17,21.87,40.69,30683588.76,30683588.76,30683588.76,30683588.76,30683588.76,66.9028571428571,444.32,-34.07,7.98,205897371,29413910.1414286,449264711.3,-272081161.8,-2587411.74,-43.82,92.27,-133.1,-41.49,-45.96,95.54,-138.4,-56.74,0,0,0,0,2.16,2.16,2.16,2.16,0,0,0,0,0,0,0,0,0,0,0,0,0,0,0,0,0,0,0,0,0,0,3.61666666666667,43.56,-30.37,4.35,194335705.8,48583926.44,181944511,490049.76,5950572.5,55.27,9.21166666666667,28,0.3,4.79,0,0,0,0,0,0,0,0,0,0,0,0,0,0,0,0,0,0,0,0,0,0,0,0,0,0,0,0,0,0,0,0,0,0,0,0,0,0,0,0,0,0,0,0,0,0,0,0,0,0,0,0,0,0,0,0,0,0,0,0,0,0,0,0,0,0,0,0,0,0,0,0,0,0,0,0,0,0,0,0,0,0,0,0,0,0,0,0,0,0,0,0,0,0,0,0,0,0,0,0,0,0,0,0,45679024179,6525574883,42119405512,14611397.21,205347845.2,0,0,0,0,0,0,0,0,0,0,0,0,0,0,0,0,0,0,0,0,0,0,0,0,0,0,0,0,0,0
农、林、牧、渔业,香港特别行政区,1,,,,,,,1,,,1,,,,,,,1,,,,,,,,,,,,,,,,,,,,,,,,,202255650.7,202255650.7,202255650.7,202255650.7,202255650.7,-24861173,-24861173,-24861173,-24861173,-24861173,29,29,29,29,29,10735534.24,10735534.24,10735534.24,10735534.24,10735534.24,96.06,96.06,96.06,96.06,0,0,0,0,0,-86.23,-86.23,-86.23,-86.23,-12957914.28,-12957914.28,-12957914.28,-12957914.28,-12957914.28,-251.45,-251.45,-251.45,-251.45,-434.79,-434.79,-434.79,-434.79,0,0,0,0,0,0,0,0,0,0,0,0,0,0,0,0,0,0,0,0,0,0,0,0,0,0,0,0,0,0,-87.04,-87.04,-87.04,-87.04,84910.74,84910.74,84910.74,84910.74,84910.74,0.29,0.29,0.29,0.29,0.29,0,0,0,0,0,0,0,0,0,0,0,0,0,0,0,0,0,0,0,0,0,0,0,0,0,0,0,0,0,0,0,0,0,0,0,0,0,0,0,0,0,0,0,0,0,0,0,0,0,0,0,0,0,0,0,0,0,0,0,0,0,0,0,0,0,0,0,0,0,0,0,0,0,0,0,0,0,0,0,0,0,0,0,0,0,0,0,0,0,0,0,0,0,0,0,0,0,0,0,0,0,0,0,0,194262243.2,194262243.2,194262243.2,194262243.2,194262243.2,0,0,0,0,0,0,0,0,0,0,0,0,0,0,0,0,0,0,0,0,0,0,0,0,0,0,0,0,0,0
仪器仪表制造业,香港特别行政区,0,,,,,,,,,,,,,,,,,,,,,,,,,,,,,,,,,,,,,,,,,,0,0,0,0,0,0,0,0,0,0,0,0,0,0,0,0,0,0,0,0,0,0,0,0,0,0,0,0,0,0,0,0,0,0,0,0,0,0,0,0,0,0,0,0,0,0,0,0,0,0,0,0,0,0,0,0,0,0,0,0,0,0,0,0,0,0,0,0,0,0,0,0,0,0,0,0,0,0,0,0,0,0,0,0,0,0,0,0,0,0,0,0,0,0,0,0,0,0,0,0,0,0,0,0,0,0,0,0,0,0,0,0,0,0,0,0,0,0,0,0,0,0,0,0,0,0,0,0,0,0,0,0,0,0,0,0,0,0,0,0,0,0,0,0,0,0,0,0,0,0,0,0,0,0,0,0,0,0,0,0,0,0,0,0,0,0,0,0,0,0,0,0,0,0,0,0,0,0,0,0,0,0,0,0,0,0,0,0,0,0,0,0,0,0,0,0,0,0,0,0,0,0,0,0,0,0,0,0,0,0,0,0,0,0,0,0,0,0,0,0,0,0,0,0,0,0,0,0,0
造纸和纸制品业,香港特别行政区,3,,,,,,1,2,,,3,,,,,,,2,1,,,,,,,,,,,,,,,,,,,,,,,,65049859072,21683286357,43192073797,1012070003,20845715272,1845284891,615094963.586667,1130477156,108856443.7,605951291.5,24398,8132.66666666667,12127,2200,10071,42796026102,14265342034.1633,25035421182,1095467209,16665137712,40.7433333333333,50.55,28.57,43.11,35050849.79,35050849.79,35050849.79,35050849.79,35050849.79,-1.586666667,7.52,-7.28,-5,2066914686,688971561.926667,1251940559,122774909.7,692199216.9,-35.64,12.5,-60.27,-59.15,-34.48333333,10.1,-58.1,-55.45,14.4,14.4,14.4,14.4,3.2,3.2,3.2,3.2,0.55,0.55,0.55,0.55,0,0,0,0,0,0,0,0,0,0,0,0,0,0,0,0,0,0,11.59,45.22,-14.22,3.77,251272812.8,83757604.2566667,144049471.5,6257479.71,100965861.6,331.19,110.396666666667,218,6.19,107,1025,341.666666666667,995,2,28,0,0,0,0,0,85,28.3333333333333,76,2,7,133,44.3333333333333,129,2,2,0,0,0,0,0,62,31,55,7,31,0,0,0,0,0,26,13,24,2,13,0,0,0,0,0,71,35.5,68,3,35.5,5,5,5,5,5,0,0,0,0,0,0,0,0,0,0,0,0,0,0,0,0,0,0,0,0,0,0,0,0,0,0,0,0,0,0,0,0,0,0,0,0,0,0,0,0,0,0,0,0,0,0,0,0,0,29475322818,9825107605.85667,18640149109,288711981.5,10546461727,1475,491.666666666667,1371,2,102,0,0,0,0,0,271,90.3333333333333,256,2,13,0,0,0,0,0,6,3,4,2,3,0,0,0,0,0
其他制造业,香港特别行政区,8,,1,,,,2,5,,,8,,,,,,,5,2,1,,,,,,,,,,,,,,,,,,,,,,,12238642557,1529830320,5467498094,56917099.32,863432559.7,514243778.9,64280472.36,398360794.6,-228346761.5,915762.75,8539,1067.375,4105,47,149.5,11561301385,1445162673.1475,7144241106,19070857,206779844.4,40.0975,82.33,11.01,34.005,17109032.78,8554516.39,11080150.78,6028882,8554516.39,-0.5825,37.83,-24,1.915,597655753.8,74706969.23,601358956,-189862552,287090.11,-38.01625,157.29,-270.7,-65.78,-56.44625,104.41,-319.76,-35.935,-59.42,-59.42,-59.42,-59.42,8.535,13.7,3.37,8.535,-19.89,-19.89,-19.89,-19.89,0,0,0,0,0,0,0,0,0,48,48,48,48,48,0,0,0,0,4.79285714285714,27,-8.87,-2.7,24085177.61,3010647.201,11820096.21,4292.2,616177.5,93.96,11.745,69,0.2,1.47,6,6,6,6,6,0,0,0,0,0,0,0,0,0,0,3,3,3,3,3,0,0,0,0,0,0,0,0,0,0,0,0,0,0,0,0,0,0,0,0,0,0,0,0,0,0,0,0,0,0,0,0,0,0,0,39.33,39.33,39.33,39.33,0,0,0,0,0,0,0,0,0,0,0,0,0,0,0,0,0,0,0,0,0,0,0,0,0,0,0,0,0,0,0,0,0,0,0,0,0,0,0,0,0,0,0,0,0,5696410650,712051331.21625,3547082673,20476644.71,202700274.6,90,90,90,90,90,0,0,0,0,0,3,3,3,3,3,0,0,0,0,0,0,0,0,0,0,0,0,0,0,0
教育,香港特别行政区,2,,,,,,,2,,,2,,,,,,,2,,,,,,,,,,,,,,,,,,,,,,,,,33689258201,16844629100,33576066144,113192056.8,16844629100,1932929974,966464987.1,1936001433,-3071458.72,966464987.1,13677,6838.5,13611,66,6838.5,4769394691,2384697345,4756004158,13390532.5,2384697345,99.845,149.09,50.6,99.845,0,0,0,0,0,30.895,32.62,29.17,30.895,1967589165,983794582.4,1969007924,-1418759.28,983794582.4,64.345,98.35,30.34,64.345,63.545,95.5,31.59,63.545,0,0,0,0,0,0,0,0,0,0,0,0,0,0,0,0,0,0,0,0,0,0,0,0,0,0,0,0,0,0,1.16,23.79,-21.47,1.16,59089828,29544914,59000531,89297,29544914,149.55,74.775,149,0.55,74.775,0,0,0,0,0,0,0,0,0,0,0,0,0,0,0,0,0,0,0,0,0,0,0,0,0,0,0,0,0,0,0,0,0,0,0,0,0,0,0,0,0,0,0,0,0,0,0,0,0,0,0,0,0,0,0,0,0,0,0,0,0,0,0,0,0,0,0,0,0,0,0,0,0,0,0,0,0,0,0,0,0,0,0,0,0,0,0,0,0,0,0,0,0,0,0,0,0,0,0,0,0,0,0,0,17157572204,8578786102,16999016194,158556009.5,8578786102,0,0,0,0,0,0,0,0,0,0,0,0,0,0,0,0,0,0,0,0,0,0,0,0,0,0,0,0,0,0
综合,香港特别行政区,10,,,,,1,2,7,,,10,,,,,,,7,2,,,,,1,,,,,,,,,,,,,,,,,,,248392949819.45,24839294981.945,1.71325E+11,106759043.8,1705363607,7155010512,715501051.2,7054153394,-408854940,1423903.9,104885,10488.5,101294,40,110,74431291071,7443129107,69257134307,38374337,114846442.6,58.862,208.55,11.59,35.03,0,0,0,0,0,8.113,77.68,-51,10.805,9906365186,990636518.6,9226985775,-132778257.3,47129327.89,-192.888,383.68,-1356.64,-39.89,-194.944,431.79,-2573.56,-23.76,0,0,0,0,0,0,0,0,0,0,0,0,0,0,0,0,0,0,0,0,0,0,0,0,0,0,0,0,0,0,-0.653333333,53.88,-41.17,-6,44816695.2,4979632.8,19993221,176751.5,823977,243.25,24.325,109,0.44,2.67,0,0,0,0,0,0,0,0,0,0,0,0,0,0,0,0,0,0,0,0,0,0,0,0,0,0,0,0,0,0,0,0,0,0,0,0,0,0,0,0,0,0,0,0,0,0,0,0,0,0,0,0,0,0,0,0,0,0,0,0,0,0,0,0,0,0,0,0,0,0,0,0,0,0,0,0,0,0,0,0,0,0,0,0,0,0,0,0,0,0,0,0,0,0,0,0,0,0,0,0,0,0,0,0,138420261052.55,13842026105.255,1.01659E+11,41006445.78,506240376.6,0,0,0,0,0,0,0,0,0,0,0,0,0,0,0,0,0,0,0,0,0,0,0,0,0,0,0,0,0,0
废弃资源综合利用业,香港特别行政区,3,,1,,,1,,1,,,3,,,,,,,1,,1,,,,1,,,,,,,,,,,,,,,,,,,94289175274,31429725091.3333,40545228351,20137984973,33605961950,4471224308,1490408102.66667,3053344447,296090343,1121789518,13706,4568.66666666667,6451,3584,3671,19800184323,6600061440.90667,8303882682,4588952817,6907348824,65.2366666666667,66.87,63.44,65.4,90620700,45310350,79137579,11483121,45310350,-9.703333333,14.29,-41.94,-1.46,2079386721,693128906.833333,1485956352,155584147,437846221.5,-46.22,4.11,-81.94,-60.83,125.18,438.73,-68.17,4.98,165.6,165.6,165.6,165.6,0.965,1.75,0.18,0.965,1.39,1.39,1.39,1.39,0,0,0,0,0,0,0,0,0,0,0,0,0,0,0,0,0,0,-9.243333333,7.03,-29,-5.76,230856894.2,76952298.07,116383710.2,37247547,77225637,74,24.6666666666667,31,18,25,141,70.5,140,1,70.5,0,0,0,0,0,9,4.5,8,1,4.5,5,5,5,5,5,0,0,0,0,0,26,26,26,26,26,0,0,0,0,0,9,9,9,9,9,0,0,0,0,0,34,34,34,34,34,7,7,7,7,7,0,0,0,0,0,0,0,0,0,0,0,0,0,0,0,0,0,0,0,0,0,0,0,0,0,0,0,0,0,0,0,0,0,0,0,0,0,0,0,0,0,0,0,0,0,0,0,0,0,61174707750,20391569250,25730618849,13453948174,21990140727,150,75,149,1,75,0,0,0,0,0,49,24.5,48,1,24.5,0,0,0,0,0,0,0,0,0,0,0,0,0,0,0
印刷和记录媒介复制业,香港特别行政区,4,,,,,,1,3,,,4,,,,,,,3,1,,,,,,,,,,,,,,,,,,,,,,,,14957742921,3739435730,11105027635,349035187,1751840050,-3043845170,-760961292.6,8080018.7,-2828395744,-111764722.5,3896,974,2136,504,628,3148795156,787198789.1,1641176857,277507229.5,615055534.9,93.0675,149.69,22.57,100.005,58238338.5,19412779.5,32738193.5,8094272,17405873,-12.13,14.75,-53.22,-5.025,-3010112669,-752528167.3,16198049.5,-2805221377,-110544670.9,-30.5275,19.81,-67.47,-37.225,-37.56,-8.36,-69.02,-36.43,57.81,206.35,-28.6,-4.32,3.5,6.23,0.46,3.81,0.58,2.78,-1.2,0.16,0,0,0,0,0,0,0,0,0,0,0,0,0,0,0,0,0,0,-12.17,1.34,-32.22,-8.9,23968678.28,5992169.57,18931000.5,290093,2373792.39,16.34,4.085,13,0.44,1.45,237,79,197,3,37,1,1,1,1,1,25,12.5,24,1,12.5,39,39,39,39,39,0,0,0,0,0,17,8.5,12,5,8.5,0,0,0,0,0,0,0,0,0,0,0,0,0,0,0,18,6,10,1,7,1,1,1,1,1,0,0,0,0,0,0,0,0,0,0,0,0,0,0,0,0,0,0,0,0,0,0,0,0,0,0,0,0,0,0,0,0,0,0,0,0,0,0,0,0,0,0,0,0,0,0,0,0,0,16402545703,4100636426,14772105957,494363662,568038042,487,162.333333333333,461,4,22,0,0,0,0,0,54,27,51,3,27,1,1,1,1,1,0,0,0,0,0,0,0,0,0,0
卫生和社会工作,香港特别行政区,3,,,,,,,3,,,3,,,,,,,3,,,,,,,,,,,,,,,,,,,,,,,,,3621356687,1207118896,2073049837,286263324.2,1262043526,486128347.5,162042782.496667,605556917,-84799238.22,-34629331.29,549,183,268,112,169,1778489864,592829954.666667,1589074492,46530298,142885074,27.47,43.74,11.26,27.41,23825111,23825111,23825111,23825111,23825111,50.53,207.91,-40.76,-15.56,608210670.4,202736890.146667,730978349.7,-88138393,-34629286.28,41.19,365.21,-124.78,-116.86,63.1533333333333,458.3,-155.96,-112.88,0,0,0,0,1.5,1.5,1.5,1.5,-3.1,-3.1,-3.1,-3.1,0,0,0,0,0,0,0,0,0,0,0,0,0,0,0,0,0,0,4.39,23.28,-9.27,-0.84,3075319.76,1537659.88,2884810.26,190509.5,1537659.88,16.47,5.49,7.58,3.6,5.29,28,14,27,1,14,3,3,3,3,3,4,4,4,4,4,15,15,15,15,15,0,0,0,0,0,0,0,0,0,0,0,0,0,0,0,0,0,0,0,0,0,0,0,0,0,2,2,2,2,2,2,2,2,2,2,0,0,0,0,0,0,0,0,0,0,0,0,0,0,0,0,0,0,0,0,0,0,0,0,0,0,0,0,0,0,0,0,0,0,0,0,0,0,0,0,0,0,0,0,0,0,0,0,0,864480106.2,288160035.383333,552686263.7,78549988.7,233243853.7,63,63,63,63,63,0,0,0,0,0,27,27,27,27,27,3,3,3,3,3,0,0,0,0,0,0,0,0,0,0
文教、工美、体育和娱乐用品制造业,香港特别行政区,7,,,,,,1,6,,,7,,,,,,,6,1,,,,,,,,,,,,,,,,,,,,,,,,7375817591,1053688227,2535563223,67128475.71,419352507,-246387703.3,-35198243.32,167035657.2,-252472789.2,-34851189,9373,1339,4605,153,750,4357568386,622509769.414286,1513385087,151253689,411464566,52.2828571428571,121.26,26.26,47.3,10520016.05,5260008.025,10246315.33,273700.72,5260008.025,-11.33428571,21.12,-46,-11.12,349457843,49922548.9971429,245519421,-45417976.73,-4796861.27,-156.7571429,298.51,-1360.68,27.96,-336.7985714,104.12,-1535.9,-54.13,-36.95,-6.66,-67.24,-36.95,0.365,0.66,0.07,0.365,-0.075,0,-0.15,-0.075,0,0,0,0,0,0,0,0,0,0,0,0,0,0,0,0,0,0,-23.24428571,6.27,-78.46,-17.88,3584630.62,716926.124,1317825.7,31876.2,675454.72,28.51,4.07285714285714,18,0.3,1.7,5,5,5,5,5,1,1,1,1,1,1,1,1,1,1,2,2,2,2,2,0,0,0,0,0,1,1,1,1,1,0,0,0,0,0,1,1,1,1,1,0,0,0,0,0,0,0,0,0,0,0,0,0,0,0,0,0,0,0,0,0,0,0,0,0,0,0,0,0,0,0,0,0,0,0,0,0,0,0,0,0,0,0,0,0,0,0,0,0,0,0,0,0,0,0,0,0,0,0,0,0,0,0,0,2928911760,418415965.714286,850975419,34384772.74,369552544.5,442,442,442,442,442,0,0,0,0,0,4,4,4,4,4,1,1,1,1,1,0,0,0,0,0,0,0,0,0,0
石油加工、炼焦和核燃料加工业,香港特别行政区,2,,1,,,,,1,,,2,,,,,,,1,,1,,,,,,,,,,,,,,,,,,,,,,,10800370583,5400185292,10676269247,124101336.8,5400185292,1179323261,589661630.6,1201653023,-22329761.23,589661630.6,502,251,297,205,251,5106525044,2553262522,5034639251,71885792.5,2553262522,32.125,37.53,26.72,32.125,0,0,0,0,0,10.395,39.44,-18.65,10.395,1587278568,793639283.8,1609480121,-22201553,793639283.8,23.085,45.1,1.07,23.085,18.805,29.98,7.63,18.805,0,0,0,0,0,0,0,0,0,0,0,0,0,0,0,0,0,0,0,0,0,0,0,0,0,0,0,0,0,0,-0.93,15.06,-16.92,-0.93,369912.74,369912.74,369912.74,369912.74,369912.74,31.2,15.6,29,2.2,15.6,0,0,0,0,0,0,0,0,0,0,0,0,0,0,0,0,0,0,0,0,0,0,0,0,0,0,0,0,0,0,0,0,0,0,0,0,0,0,0,0,0,0,0,0,0,0,0,0,0,0,0,0,0,0,0,0,0,0,0,0,0,0,0,0,0,0,0,0,0,0,0,0,0,0,0,0,0,0,0,0,0,0,0,0,0,0,0,0,0,0,0,0,0,0,0,0,0,0,0,0,0,0,0,0,4044556720,2022278360,4011352224,33204496.29,2022278360,0,0,0,0,0,0,0,0,0,0,0,0,0,0,0,0,0,0,0,0,0,0,0,0,0,0,0,0,0,0
化学纤维制造业,香港特别行政区,0,,,,,,,,,,,,,,,,,,,,,,,,,,,,,,,,,,,,,,,,,,0,0,0,0,0,0,0,0,0,0,0,0,0,0,0,0,0,0,0,0,0,0,0,0,0,0,0,0,0,0,0,0,0,0,0,0,0,0,0,0,0,0,0,0,0,0,0,0,0,0,0,0,0,0,0,0,0,0,0,0,0,0,0,0,0,0,0,0,0,0,0,0,0,0,0,0,0,0,0,0,0,0,0,0,0,0,0,0,0,0,0,0,0,0,0,0,0,0,0,0,0,0,0,0,0,0,0,0,0,0,0,0,0,0,0,0,0,0,0,0,0,0,0,0,0,0,0,0,0,0,0,0,0,0,0,0,0,0,0,0,0,0,0,0,0,0,0,0,0,0,0,0,0,0,0,0,0,0,0,0,0,0,0,0,0,0,0,0,0,0,0,0,0,0,0,0,0,0,0,0,0,0,0,0,0,0,0,0,0,0,0,0,0,0,0,0,0,0,0,0,0,0,0,0,0,0,0,0,0,0,0,0,0,0,0,0,0,0,0,0,0,0,0,0,0,0,0,0,0
家具制造业,香港特别行政区,2,,,,,,,2,,,2,,,,,,,2,,,,,,,,,,,,,,,,,,,,,,,,,2336837523,1168418761,1920718458,416119065,1168418761,-27951377,-13975688.5,3962955.26,-31914332.26,-13975688.5,2997,1498.5,2479,518,1498.5,2962774356,1481387178,2705160884,257613471.8,1481387178,39.325,60.31,18.34,39.325,63873480.74,63873480.74,63873480.74,63873480.74,63873480.74,-13.29,-3.17,-23.41,-13.29,46197417.79,23098708.9,42234534.5,3962883.29,23098708.9,-17.6,34.3,-69.5,-17.6,-141.675,-60,-223.35,-141.675,14.22,14.22,14.22,14.22,2.34,2.34,2.34,2.34,0.71,0.71,0.71,0.71,0,0,0,0,0,0,0,0,0,0,0,0,0,0,0,0,0,0,-11.68,0.54,-23.9,-11.68,14170596.97,7085298.485,10277032.73,3893564.24,7085298.485,2.49,1.245,1.6,0.89,1.245,128,64,120,8,64,0,0,0,0,0,2,2,2,2,2,7,7,7,7,7,0,0,0,0,0,14,7,13,1,7,0,0,0,0,0,1,1,1,1,1,0,0,0,0,0,20,20,20,20,20,1,1,1,1,1,0,0,0,0,0,0,0,0,0,0,0,0,0,0,0,0,0,0,0,0,0,0,0,0,0,0,0,0,0,0,0,0,0,0,0,0,0,0,0,0,0,0,0,0,0,0,0,0,0,1235944860,617972430,1159496985,76447875.5,617972430,78,39,74,4,39,0,0,0,0,0,16,16,16,16,16,0,0,0,0,0,0,0,0,0,0,0,0,0,0,0
住宿和餐饮业,香港特别行政区,10,,1,,,1,2,6,,,10,,,,,,,6,2,1,,,,1,,,,,,,,,,,,,,,,,,,123995940517.44,12399594051.744,62515410525,18331615.74,2981282554,-9573544516,-957354451.6,559009220.5,-7373830129,-16857338.28,31860,3540,16963,7,386,16561801115,1656180112,9072926363,16219113.21,332569618.1,81.168,262.36,2.85,73.085,0,0,0,0,0,2118.032,21217.83,-88.79,3.085,-6382234765,-638223476.5,594391966.2,-4994262918,-16253374.48,-28.291,540.08,-595.12,14.75,-91.828,715.82,-822.84,19.37,0,0,0,0,0,0,0,0,0,0,0,0,0,0,0,0,0,0,0,0,0,0,0,0,0,0,0,0,0,0,-18.82857143,-1.74,-41.94,-20.32,128132747,16016593.38,92677610,102923,4390819.61,608.63,60.863,386,0.49,10.335,41,41,41,41,41,0,0,0,0,0,1,1,1,1,1,1,1,1,1,1,0,0,0,0,0,0,0,0,0,0,0,0,0,0,0,0,0,0,0,0,0,0,0,0,0,0,0,0,0,0,0,0,0,0,0,0,0,0,0,0,0,0,0,0,0,0,0,0,0,0,0,0,0,0,0,0,0,0,0,0,0,0,0,0,0,0,0,0,0,0,0,0,0,0,0,0,0,0,0,0,0,0,0,0,94796067807,9479606781,64628179290,10224525.27,1419482887,2,2,2,2,2,0,0,0,0,0,1,1,1,1,1,0,0,0,0,0,0,0,0,0,0,0,0,0,0,0
木材加工和木、竹、藤、棕、草制品业,香港特别行政区,0,,,,,,,,,,,,,,,,,,,,,,,,,,,,,,,,,,,,,,,,,,0,0,0,0,0,0,0,0,0,0,0,0,0,0,0,0,0,0,0,0,0,0,0,0,0,0,0,0,0,0,0,0,0,0,0,0,0,0,0,0,0,0,0,0,0,0,0,0,0,0,0,0,0,0,0,0,0,0,0,0,0,0,0,0,0,0,0,0,0,0,0,0,0,0,0,0,0,0,0,0,0,0,0,0,0,0,0,0,0,0,0,0,0,0,0,0,0,0,0,0,0,0,0,0,0,0,0,0,0,0,0,0,0,0,0,0,0,0,0,0,0,0,0,0,0,0,0,0,0,0,0,0,0,0,0,0,0,0,0,0,0,0,0,0,0,0,0,0,0,0,0,0,0,0,0,0,0,0,0,0,0,0,0,0,0,0,0,0,0,0,0,0,0,0,0,0,0,0,0,0,0,0,0,0,0,0,0,0,0,0,0,0,0,0,0,0,0,0,0,0,0,0,0,0,0,0,0,0,0,0,0,0,0,0,0,0,0,0,0,0,0,0,0,0,0,0,0,0,0
居民服务、修理和其他服务业,香港特别行政区,1,,,,,,,1,,,1,,,,,,,1,,,,,,,,,,,,,,,,,,,,,,,,,284785772,284785772,284785772,284785772,284785772,626085,626085,626085,626085,626085,211,211,211,211,211,77969327,77969327,77969327,77969327,77969327,54.04,54.04,54.04,54.04,0,0,0,0,0,7.08,7.08,7.08,7.08,9749448,9749448,9749448,9749448,9749448,176.47,176.47,176.47,176.47,109.56,109.56,109.56,109.56,0,0,0,0,0,0,0,0,0,0,0,0,0,0,0,0,0,0,0,0,0,0,0,0,0,0,0,0,0,0,27.44,27.44,27.44,27.44,93032,93032,93032,93032,93032,0.93,0.93,0.93,0.93,0.93,0,0,0,0,0,0,0,0,0,0,0,0,0,0,0,0,0,0,0,0,0,0,0,0,0,0,0,0,0,0,0,0,0,0,0,0,0,0,0,0,0,0,0,0,0,0,0,0,0,0,0,0,0,0,0,0,0,0,0,0,0,0,0,0,0,0,0,0,0,0,0,0,0,0,0,0,0,0,0,0,0,0,0,0,0,0,0,0,0,0,0,0,0,0,0,0,0,0,0,0,0,0,0,0,153978639,153978639,153978639,153978639,153978639,0,0,0,0,0,0,0,0,0,0,0,0,0,0,0,0,0,0,0,0,0,0,0,0,0,0,0,0,0,0
医药制造业,湖南省,11,,,,,2,,9,,6,,,5,6,,,,,,,,,,,,,,,,,,2,,,3,,,,,,,,39000559287,3545505389.76636,9173767799,1166754536,2299673074,3424847586,311349780.6,1936709000,-100885572.6,173383370.8,20803,1891.18181818182,5138,365,1532,23597387597,2145217054.29818,6450350116,350526688.2,1792004634,33.5727272727273,85.32,13.79,32.48,1195317292,108665208.356364,337155563,13103279.44,70395417.74,10.1354545454545,42.94,-19.83,9.86,4138352144,376213831.282727,2339805513,-73458941.45,196001586.4,44.1945454545455,237.02,-46.41,25.64,48.6154545454546,291.79,-48.74,32.02,22.3263636363636,79.86,-37.38,20.89,5.48818181818182,9.26,2.51,5.02,-0.044545455,1.51,-5.82,0.58,57096419.39,9516069.89833333,27013138.49,870414.67,7453002.13,-15.935,11.78,-74.6,-0.46,3019,274.454545454545,547,72,282,7.265,44.01,-22.76,0.075,-2.390909091,48.48,-43.09,0.08,243628566.5,22148051.5,45960980.79,4082326.78,19580582.66,614,55.8181818181818,113,21,48,3606,327.818181818182,1064,42,222,88,11,34,2,8,967,87.9090909090909,193,13,62,813,73.9090909090909,232,8,47,0,0,0,0,0,269,24.4545454545455,135,1,13,18,18,18,18,18,121,11,46,1,6,18,18,18,18,18,257,23.3636363636364,83,1,12,124,12.4,32,1,8,17.3518181818182,33.21,5.5,17.8,0,0,0,0,0,0,0,0,0,0,1,1,1,1,1,0,0,0,0,0,0,0,0,0,0,0,0,0,0,0,0,0,0,0,0,0,0,0,0,0,0,0,0,0,0,10811239031,982839911.9,1805696800,350344340.9,804562399.3,6802,618.363636363636,1412,96,304,0,0,0,0,0,2143,194.818181818182,500,23,148,88,11,34,2,8,0,0,0,0,0,0,0,0,0,0
化学原料和化学制品制造业,湖南省,9,,,,,3,,6,,7,,,2,5,2,,,,,,,,,,,,,,,,,1,,,1,,,,,,,,29110286695,3234476299,5134441932,1410535938,3649043728,2276061105,252895678.3,656551499.5,-109823137,201792472.2,14944,1660.44444444444,5036,643,859,27016004775,3001778308.31556,6263412069,499091379.2,3044482151,39.8622222222222,69.92,10.4,44.13,1029430648,114381183.1,253232952.6,35205566.64,88834297.44,37.5955555555556,189.43,-5.78,12.28,2596971052,288552339.1,782949807.9,-123195229.8,223246011.5,-5.065555556,962.62,-1147.35,-16.45,39.1566666666667,1160.73,-1000.7,-14.57,55.1655555555556,143.25,6.56,34.64,5.08444444444444,14.99,1.86,4.01,0.777777777777778,3.33,-0.56,0.41,0,0,0,0,0,0,0,0,0,2308,256.444444444444,914,67,190,37.8422222222222,147,-19.24,25.17,12.7922222222222,58.02,-4.7,7.31,71898988.02,7988776.44666667,15917579.79,98706.23,8206926.4,524,58.2222222222222,146,17,59,1992,221.333333333333,523,60,135,37,7.4,23,1,5,561,62.3333333333333,259,4,35,356,39.5555555555556,121,5,28,0,0,0,0,0,317,35.2222222222222,122,6,26,1,1,1,1,1,133,14.7777777777778,41,1,7,1,1,1,1,1,231,25.6666666666667,64,3,21,85,10.625,26,2,6.5,16.4566666666667,29.7,10.42,15.52,0,0,0,0,0,0,0,0,0,0,0,0,0,0,0,0,0,0,0,0,0,0,0,0,0,0,0,0,0,0,0,0,0,0,0,0,0,0,0,0,0,0,0,0,0,12343221685,1371469076.12111,2707339944,146653661.7,1290054155,5497,610.777777777778,2454,70,543,0,0,0,0,0,1141,126.777777777778,405,11,102,37,7.4,23,1,5,3,1.5,2,1,1.5,0,0,0,0,0
食品饮料业,湖南省,14,,1,,1,3,,9,,9,2,,3,6,1,1,,2,,,,1,,,,,,,,,,2,,,1,,,,,,,,82575194654,5898228189.58214,18432066804,651511814,4634298677,939537678.7,67109834.1957143,1048809203,-1322214260,132321185.5,47056,3361.14285714286,12076,21,2658.5,82711580640,5907970045.74857,26538539318,72947432,5273709740,45.72,101.51,13.9,42.14,839367806.9,69947317.2441667,241445297,6343724.39,34034681.65,10.7614285714286,34.73,-18.88,17.365,1646101501,117578678.612143,1421323594,-1482805904,172017583.3,4.75071428571429,146.13,-238.4,33.825,-0.645714286,121.36,-308.07,31.315,13.8258333333333,64.39,-46.3,6.015,1.33916666666667,3.73,0.03,0.95,-0.031818182,0.31,-0.63,0.02,1506372.74,1506372.74,1506372.74,1506372.74,1506372.74,-75.11,-75.11,-75.11,-75.11,2847,258.818181818182,836,27,119,35.13375,106.71,-0.18,26.18,0.0764285714285712,28.49,-19.2,-0.5,292458406.8,20889886.1978571,48291856.46,1043677,17243837.19,1243.3,88.8071428571428,297,0.3,51.5,2493,207.75,729,26,138.5,1,1,1,1,1,202,16.8333333333333,48,4,6.5,246,20.5,75,1,11.5,0,0,0,0,0,287,23.9166666666667,78,2,13.5,0,0,0,0,0,66,7.33333333333333,18,1,5,0,0,0,0,0,320,29.0909090909091,105,3,17,24,3.42857142857143,7,1,2,6.63636363636364,13.08,2.28,6.25,0,0,0,0,0,0,0,0,0,0,0,0,0,0,0,0,0,0,0,0,0,0,0,0,0,0,0,0,0,0,0,0,0,0,0,0,0,0,0,0,0,0,0,0,0,41539598245,2967114160.34143,11209708716,90535121,1747989654,3031,252.583333333333,935,17,138.5,0,0,0,0,0,630,52.5,176,10,31,1,1,1,1,1,7,1.75,3,1,1.5,0,0,0,0,0
专用设备制造业,湖南省,11,1,2,,,2,,6,,7,1,1,2,4,2,1,,,,,,,,,,1,,,1,,,,1,,1,,,,,,,,331721402815.56,30156491165.0509,123553014598.09,326894988.8,11047565344,7751869063,704715369.372727,2426003661,-1169696827,490699755.5,86600,7872.72727272727,25256,130,4925,121738961039.36,11067178276.3055,41631434933,196770430.3,6445555245,41.8181818181818,76.91,13.58,38.43,8814275570,801297779.088182,3443701878,2719211.32,320445901.5,-4.92,67.32,-37.93,-10.64,7553819069,686710824.4,2386306741,-1314720491,375734958.5,-174.4327273,166.76,-1406.32,-27.9,-100.9354545,357.52,-856.11,-29.7,21.2827272727273,67.9,-35.1,17.15,7.39181818181818,17.76,1.1,7.76,1.19909090909091,2.97,-0.48,0.85,160420135.5,40105033.87,94485015.48,1897782,32018669,-10.02,3.8,-29.6,-4.26,15392,1539.2,7518,12,783.5,11.6133333333333,49.86,-13.56,6.17,3.20727272727273,20.49,-14.82,3.1,1938151566,176195596.939091,788003265,398000.42,30371836.92,1826.4,166.036363636364,539,7.4,104,41065,3733.18181818182,13766,37,1187,1878,268.285714285714,875,15,31,7796,708.727272727273,3028,1,165,2594,235.818181818182,885,1,87,0,0,0,0,0,5857,532.454545454545,1787,2,187,60,15,27,1,16,2808,280.8,927,5,56.5,60,15,27,1,16,4656,465.6,1429,32,207.5,936,93.6,302,2,16,20.077,30.6,7.52,20.875,0,0,0,0,0,0,0,0,0,0,0,0,0,0,0,0,0,0,0,0,0,0,0,0,0,0,0,0,0,0,0,0,0,0,0,0,0,0,0,0,0,0,0,0,0,173878213750.83,15807110340.9845,66578093933,74534890.32,5236459589,79916,7265.09090909091,30663,48,1566,0,0,0,0,0,16107,1464.27272727273,5638,2,368,1884,269.142857142857,878,15,31,15,3.75,9,1,2.5,0,0,0,0,0
信息传输、软件和信息技术服务业,湖南省,7,,1,,,2,,4,,5,,,2,3,2,,,,,,,,,,,,,,,,,,1,,1,,,,,,,,27763097826,3966156832,17661144262,678955630,1466449764,-1004882268,-143554609.7,432106834.4,-1015266603,-39382887.03,9413,1344.71428571429,4029,208,673,8333896889,1190556698.37571,3725681470,242027607.4,585787077.5,48.4057142857143,105.63,9.81,41.06,587918884.4,83988412.0557143,275684144.6,28312376.46,46941014.43,2.09571428571428,26.49,-44.49,8.2,-915190680.3,-130741525.8,551697450.7,-1015193743,-42378457.26,-389.8514286,57.45,-1840.01,-30.91,-310.6671429,56.04,-1114.1,-31.43,13.0842857142857,125.48,-47.42,3.35,9.23,16.1,2.53,8.77,-0.291428571,4.94,-8.56,0.1,92673658.98,46336829.49,86240623.55,6433035.43,46336829.49,-15.685,-8.64,-22.73,-15.685,2431,347.285714285714,1120,91,241,4.4,51.65,-59.39,1.64,-3.877142857,14.2,-30.3,0.75,124142276.1,17734610.8771429,63648276.2,1862342.27,8064375.44,534.17,76.31,244,6.17,46,649,129.8,418,19,70,0,0,0,0,0,103,25.75,48,2,26.5,92,18.4,72,4,5,0,0,0,0,0,60,12,21,4,15,0,0,0,0,0,46,9.2,15,3,9,0,0,0,0,0,31,7.75,20,1,5,21,10.5,20,1,10.5,31.3242857142857,44.68,10.08,27.93,0,0,0,0,0,0,0,0,0,0,1,1,1,1,1,0,0,0,0,0,0,0,0,0,0,0,0,0,0,0,0,0,0,0,0,0,0,0,0,0,0,0,0,0,0,10647236044,1521033720.53857,6321140240,144533047.3,552864563.2,1371,274.2,708,50,156,0,0,0,0,0,321,64.2,130,8,54,0,0,0,0,0,1,1,1,1,1,0,0,0,0,0
电力、热力、燃气及水生产和供应业,湖南省,3,,1,,,2,,,,1,,,2,,1,,,,,,,,,,,,,,,,,1,1,,,,,,,,,,40387023364,13462341121,21473737428,3352460710,15560825226,155777656.9,51925885.6333333,66753708.1,41538204.2,47485744.6,7923,2641,4903,272,2748,14128522460,4709507486.54667,9702434828,412018232.5,4014069399,57.71,92.95,5.1,75.08,42631415.45,14210471.8166667,32574052.51,1079669.94,8977693,1.60333333333333,17.6,-13.86,1.07,304826961.1,101608987.036667,182781185.3,48893923.71,73151852.13,12.3333333333333,108.22,-47.6,-23.62,1.11666666666667,106.84,-60.18,-43.31,-17.65333333,3.87,-41.71,-15.12,0.856666666666667,2.17,0.09,0.31,0.0233333333333333,0.36,-0.27,-0.02,36732686.57,36732686.57,36732686.57,36732686.57,36732686.57,1.52,1.52,1.52,1.52,48,24,36,12,24,44,44,44,44,-6.956666667,-3.09,-13.97,-3.81,81072261.54,27024087.18,39460134.81,8209841.71,33402285.02,155,51.6666666666667,73,28,54,590,196.666666666667,548,12,30,0,0,0,0,0,55,27.5,52,3,27.5,59,29.5,58,1,29.5,0,0,0,0,0,39,19.5,34,5,19.5,0,0,0,0,0,24,12,23,1,12,0,0,0,0,0,30,10,22,3,5,6,3,5,1,3,6.755,13.11,0.4,6.755,0,0,0,0,0,0,0,0,0,0,0,0,0,0,0,0,0,0,0,0,0,0,0,0,0,0,0,0,0,0,0,0,0,0,0,0,0,0,0,0,0,0,0,0,0,31815923880,10605307959.9533,19965880189,170947438.3,11679096253,847,282.333333333333,817,11,19,0,0,0,0,0,145,48.3333333333333,140,1,4,0,0,0,0,0,0,0,0,0,0,0,0,0,0,0
商业电气机械和器材制造业,湖南省,8,,1,,,1,,6,,6,,,2,5,1,,,,,,,,,,,,,,,,,,1,,1,,,,,,,,59449250785,7431156348.08375,17657246003,2219753719,6651921279,2216830322,277103790.24625,1489496162,-437189197.6,154884187.3,18266,2283.25,4214,638,2145,47187750794,5898468849.23625,17975325525,988912278.8,3400588748,49.2125,61.77,24,53.96,1808816200,226102025.03625,660521093.8,59763266.12,125699780.2,37.8825,168.77,-23.3,10.7,2445242460,305655307.5,1646691215,-479992858.1,185688381.4,-105.3075,497.3,-1270.3,-17.42,331.9825,3771.49,-1068.68,-10.15,33.74125,131.55,-39.91,11.81,4.9425,8.8,1.5,3.84,0.355,2.72,-1.63,0.06,30217865.75,30217865.75,30217865.75,30217865.75,30217865.75,-84.355,-62.71,-106,-84.355,2930,366.25,826,72,291,8.86142857142857,58.38,-40.6,6.66,16.06,104.07,-30.97,6.135,228086323.1,28510790.39,62504319.1,13276025.42,25806639.45,674,84.25,213,32,64,3948,493.5,765,258,485.5,33,5.5,10,1,5,685,85.625,189,13,81.5,402,50.25,129,9,40.5,0,0,0,0,0,409,51.125,90,9,47,4,2,2,2,2,156,19.5,42,2,19,4,2,2,2,2,413,51.625,87,26,53,120,15,40,4,8.5,15.795,30.92,3.32,16.155,0,0,0,0,0,0,0,0,0,0,1,1,1,1,1,0,0,0,0,0,0,0,0,0,0,0,0,0,0,0,0,0,0,0,0,0,0,0,0,0,0,0,0,0,0,31279079266,3909884908.31125,9535953109,534248448,3583910620,8782,1097.75,2286,340,970,0,0,0,0,0,1628,203.5,324,99,203.5,33,5.5,10,1,5,22,5.5,9,1,6,0,0,0,0,0
批发和零售业,湖南省,12,,,,,1,,11,,7,1,1,3,6,1,,,1,,,,,,,,,,,1,,,,,,3,,,,,,,,119345804763.12,9945483730,27905646371,770034374.9,4581438558,148827830.3,12402319.1891667,1427199091,-2519798592,79676585.28,100175,8347.91666666667,35932,67,2328,87082788443,7256899037,20175540489,5142332.7,3643185042,52.1941666666667,93.09,0.9,55.21,241597024.3,26844113.8133333,111084397,524022.35,10446964.87,1.38083333333333,111.81,-86.09,-0.82,1982149363,165179113.6,1885535646,-1703790132,110326725.3,-32.73916667,595.5,-960.79,-0.22,-93.1375,391.52,-1416.11,-5.325,6.36,106.82,-72.86,-1.845,0.397777777777778,1.3,0.01,0.15,-0.16625,0.07,-0.82,-0.075,142658930.8,35664732.7,108847192,1769674.54,16021032.13,-38.7875,21.97,-88.66,-44.23,1189,169.857142857143,385,38,70,-10.49428571,73.66,-107,8.55,-0.181818182,98.98,-57.55,-4.8,166337414.3,15121583.1209091,39327972,843340.72,12799603.2,939.15,78.2625,371,0.45,36,432,48,200,5,24,0,0,0,0,0,80,13.3333333333333,37,2,9.5,85,17,45,3,12,0,0,0,0,0,28,7,10,4,7,0,0,0,0,0,4,1.33333333333333,2,1,1,0,0,0,0,0,18,3,5,1,3,5,2.5,3,2,2.5,4.86428571428571,15.59,0.43,1.51,0,0,0,0,0,0,0,0,0,0,0,0,0,0,0,0,0,0,0,0,0,0,0,0,0,0,0,0,0,0,0,0,0,0,0,0,0,0,0,0,0,0,0,0,0,74543153287,6211929441,22719812695,7642606.4,1996911732,1333,166.625,949,3,31.5,0,0,0,0,0,161,23,72,5,12,0,0,0,0,0,0,0,0,0,0,0,0,0,0,0
金融业,湖南省,4,,1,,1,1,,1,,,,,4,,,,,,,,,,,,,,,,,,,1,1,,1,,,,1,,,,1240219985915.55,310054996478.888,9.04733E+11,990099596.5,167248209453.045,12618020967,3154505242,7143683326,90243900.12,2692046871,19800,4950,8894,79,5413.5,42010406428,10502601607,22867622399,329316684.2,9406733672,62.825,93.11,20.44,68.875,95708392.02,95708392.02,95708392.02,95708392.02,95708392.02,-0.4075,13.88,-15.34,-0.085,15277296959,3819324239.7575,8724271845,114235978.8,3219394568,-1.3875,26.09,-23.83,-3.905,7.03,25.4,-23.73,13.225,24.8,24.8,24.8,24.8,0.86,0.86,0.86,0.86,0.22,0.22,0.22,0.22,51674873.75,51674873.75,51674873.75,51674873.75,51674873.75,7.49,7.49,7.49,7.49,275,137.5,253,22,137.5,10,10,10,10,3.0425,11.49,-3.04,1.86,620698384.5,155174596.1,527083081.5,1890431.16,45862435.92,1113,278.25,537,18,279,86,21.5,39,5,21,0,0,0,0,0,5,1.66666666666667,3,1,1,3,3,3,3,3,0,0,0,0,0,49,24.5,35,14,24.5,0,0,0,0,0,39,19.5,35,4,19.5,0,0,0,0,0,13,6.5,12,1,6.5,1,1,1,1,1,1.93,3.12,0.74,1.93,0,0,0,0,0,0,0,0,0,0,0,0,0,0,0,0,0,0,0,0,0,0,0,0,0,0,0,0,0,0,0,0,0,0,0,0,0,0,0,0,0,0,0,0,0,1075015146315.22,268753786578.805,8.42561E+11,202783559.3,116125539185.46,78,19.5,49,6,11.5,0,0,0,0,0,45,15,37,1,7,0,0,0,0,0,0,0,0,0,0,1,1,1,1,1
汽车制造业,湖南省,2,,1,,,,,1,,,,,2,,,,,,,,,,,,,,,,,,,,1,,1,,,,,,,,3827833165,1913916582,2767066390,1060766774,1913916582,146575868.9,73287934.44,174375217.1,-27799348.22,73287934.44,3745,1872.5,2790,955,1872.5,1955001443,977500721.4,1624398262,330603180.5,977500721.4,35.62,42.87,28.37,35.62,157202291.8,78601145.92,117524074.3,39678217.58,78601145.92,-20.84,0.12,-41.8,-20.84,149385473.4,74692736.69,180038111.8,-30652638.42,74692736.69,-282.005,-15.59,-548.42,-282.005,-209.355,-7.6,-411.11,-209.355,6.95,12.11,1.79,6.95,9.61,12,7.22,9.61,2.955,5.16,0.75,2.955,28287429,28287429,28287429,28287429,28287429,79.26,79.26,79.26,79.26,502,251,339,163,251,11.11,33.81,-11.59,11.11,0.825,1.96,-0.31,0.825,20042492.36,10021246.18,12572931.46,7469560.9,10021246.18,77,38.5,42,35,38.5,1676,838,1033,643,838,4,2,2,2,2,118,59,64,54,59,168,84,95,73,84,0,0,0,0,0,97,48.5,59,38,48.5,0,0,0,0,0,53,26.5,32,21,26.5,0,0,0,0,0,67,33.5,38,29,33.5,21,10.5,20,1,10.5,14.6,17.4,11.8,14.6,0,0,0,0,0,0,0,0,0,0,0,0,0,0,0,0,0,0,0,0,0,0,0,0,0,0,0,0,0,0,0,0,0,0,0,0,0,0,0,0,0,0,0,0,0,1486671298,743335649.2,1186398709,300272589.2,743335649.2,1959,979.5,987,972,979.5,0,0,0,0,0,604,302,381,223,302,4,2,2,2,2,0,0,0,0,0,0,0,0,0,0
金属冶炼和压延加工业,湖南省,3,,1,,,2,,,,2,,,1,,2,,,,,,,,,,,,,,,,,,1,,,,,,,,,,129298399581.15,43099466527,119689988847.53,4112345625,5496065109,7611807575,2537269191.77667,7674825220,-167037035.1,104019390,25654,8551.33333333333,23899,362,1393,1.87169E+11,62389829940.2667,168098566292.44,3393724550,15677198979,63.6666666666667,83.92,51.85,55.23,6528100583,2176033528,6453289365,4564385.47,70246832.87,21.3233333333333,70.57,-4.8,-1.8,8698301555,2899433851.70667,8713581313,-156948435.1,141668677.6,-1175.04,-27.05,-3441.87,-56.2,-432.6166667,-26.65,-1214.37,-56.83,20.8166666666667,60.07,-3.63,6.01,1.48,3.88,0.14,0.42,0.0933333333333333,0.27,-0.04,0.05,12028999.64,12028999.64,12028999.64,12028999.64,12028999.64,62.7,62.7,62.7,62.7,3732,1244,3376,99,257,6.56,24.22,-8.39,3.85,-1.183333333,2.47,-4.94,-1.08,208730974.1,69576991.35,184432035.9,7520153.78,16778784.41,484,161.333333333333,336,61,87,3478,1159.33333333333,2716,202,560,5,2.5,3,2,2.5,651,217,376,111,164,604,201.333333333333,353,66,185,0,0,0,0,0,1049,349.666666666667,1014,2,33,0,0,0,0,0,575,191.666666666667,542,2,31,0,0,0,0,0,412,137.333333333333,396,2,14,94,31.3333333333333,80,2,12,19.9266666666667,27.29,14.19,18.3,0,0,0,0,0,0,0,0,0,0,2,1,1,1,1,1,1,1,1,1,0,0,0,0,0,0,0,0,0,0,0,0,0,0,0,0,0,0,0,0,0,0,0,0,0,68985109342,22995036447.3033,62097457556,2272106617,4615545168,8176,2725.33333333333,4675,1167,2334,0,0,0,0,0,2018,672.666666666667,1419,175,424,5,2.5,3,2,2.5,12,6,10,2,6,4,4,4,4,4
交通运输、仓储和邮政业,湖南省,4,,,,,2,,2,,2,1,1,,,2,,,1,,,,,,,,,,,1,,,,,,,,,,,,,,64081154653,16020288663.1875,57905390624,866887930.5,2654438049,633767979.7,158441994.9,456571813.4,34960076.64,71118044.84,5113,1278.25,3478,457,589,18814835856,4703708964.1125,15874456551,409889512,1265244897,56.6075,76.22,44.5,52.855,14645182.52,7322591.26,13250833.64,1394348.88,7322591.26,-9.475,17.4,-52.89,-1.205,793583765.7,198395941.4,596724092.9,57088373.23,69885649.8,-22.0175,30.58,-65.92,-26.365,-16.175,26.79,-35.31,-28.09,5.045,20.39,-10.3,5.045,0.065,0.07,0.06,0.065,0.04,0.08,0,0.04,0,0,0,0,0,0,0,0,0,88,44,85,3,44,6.22,6.22,6.22,6.22,-5.4825,4.4,-12.48,-6.925,7422966.79,2474322.26333333,5141947.3,723871.87,1557147.62,97.48,24.37,61,5.01,15.735,140,70,136,4,70,0,0,0,0,0,14,14,14,14,14,4,4,4,4,4,0,0,0,0,0,16,8,12,4,8,0,0,0,0,0,1,1,1,1,1,0,0,0,0,0,14,7,10,4,7,3,3,3,3,3,1.515,2.41,0.62,1.515,0,0,0,0,0,0,0,0,0,0,0,0,0,0,0,0,0,0,0,0,0,0,0,0,0,0,0,0,0,0,0,0,0,0,0,0,0,0,0,0,0,0,0,0,0,47199026001,11799756500.1875,44148821977,405137504.5,1322533260,160,160,160,160,160,0,0,0,0,0,28,28,28,28,28,0,0,0,0,0,0,0,0,0,0,0,0,0,0,0
消费电子及电气业,湖南省,5,,,,,1,,4,,5,,,,4,1,,,,,,,,,,,,,,,,,,,,,,,,,,,,96618725188,19323745037.572,78345619920,592588239,5756222217,4709612582,941922516.5,2519823988,-5906358.95,941930800.6,139137,27827.4,128974,973,3213,64669971817,12933994363.314,46698550405,379296283.4,2158187944,36.768,62.48,18.22,31.48,3461576777,692315355.3,2104977016,27674562.66,184608973.2,-5.484,13.38,-34.29,3.17,5409102238,1081820448,2966130386,-5813119.39,1095387206,24.63,95.18,-30.02,16.6,20.462,95.25,-33.29,15.76,11.372,48.18,-41.33,12.56,6.658,8.51,4.53,7.3,0.826,2.38,-0.86,1.32,2862004.13,2862004.13,2862004.13,2862004.13,2862004.13,0,0,0,0,20937,4187.4,18270,128,399,-0.542,43.8,-49.3,1.95,-12.326,15.4,-49.89,-11.71,575189627,115037925.4,467842640,5339016.6,43354946.97,1206,241.2,586,18,186,3130,626,1790,218,433,72,24,65,3,4,254,50.8,89,4,49,190,38,88,9,29,0,0,0,0,0,747,149.4,590,5,48,21,21,21,21,21,169,33.8,151,1,6,21,21,21,21,21,646,129.2,462,8,38,53,10.6,30,1,7,20.744,50.38,9.92,14.19,0,0,0,0,0,0,0,0,0,0,0,0,0,0,0,0,0,0,0,0,0,0,0,0,0,0,0,0,0,0,0,0,0,0,0,0,0,0,0,0,0,0,0,0,0,39081875237,7816375047,33964578686,370009733.4,1050920954,3853,770.6,1522,104,525,0,0,0,0,0,855,171,505,32,102,72,24,65,3,4,0,0,0,0,0,0,0,0,0,0
房地产业,湖南省,2,,,,,,1,1,,,2,,,,,,,1,1,,,,,,,,,,,,,,,,,,,,,,,,10293389645,5146694823,8448143485,1845246160,5146694823,487436568.3,243718284.1,1220273259,-732836691,243718284.1,189,94.5,100,89,94.5,1838140751,919070375.5,1793762685,44378066,919070375.5,87.585,97.35,77.82,87.585,0,0,0,0,0,-55.06,-18.49,-91.63,-55.06,540089308,270044654,1219536554,-679447246,270044654,192.91,469.34,-83.52,192.91,206.115,462.55,-50.32,206.115,0,0,0,0,0,0,0,0,0,0,0,0,0,0,0,0,0,0,0,0,0,0,0,0,0,0,0,0,0,0,-29.795,-11.69,-47.9,-29.795,0,0,0,0,0,3.34,1.67,2.13,1.21,1.67,0,0,0,0,0,0,0,0,0,0,0,0,0,0,0,0,0,0,0,0,0,0,0,0,0,0,0,0,0,0,0,0,0,0,0,0,0,0,0,0,0,0,0,0,0,0,0,0,0,0,0,0,0,0,0,0,0,0,0,0,0,0,0,0,0,0,0,0,0,0,0,0,0,0,0,0,0,0,0,0,0,0,0,0,0,0,0,0,0,0,0,0,0,0,0,0,0,0,0,0,0,0,0,0,9657822547,4828911273,8220817549,1437004998,4828911273,0,0,0,0,0,0,0,0,0,0,0,0,0,0,0,0,0,0,0,0,0,0,0,0,0,0,0,0,0,0
采矿业,湖南省,3,,,,,2,,1,,2,1,,,,2,,,1,,,,,,,,,,,,,,,,,,,,,,,,,12581846202,4193948734.11333,7316452123,256351216.5,5009042863,544874037.4,181624679.1,432835094.5,-53118677,165157619.8,6887,2295.66666666667,5080,480,1327,23205835222,7735278407.47333,21040892260,178030219.7,1986912743,70.46,142.9,19.38,49.1,386043847.9,193021924,301668397.4,84375450.54,193021924,36.92,80.12,6.04,24.6,681840307.5,227280102.506667,496559888.2,-7999970.28,193280389.6,65.8,85.4,31.03,80.97,42.4366666666667,71.95,18.72,36.64,21.115,39.28,2.95,21.115,2.89,4.29,1.49,2.89,0.19,0.41,-0.03,0.19,0,0,0,0,0,0,0,0,0,897,448.5,726,171,448.5,-1.78,6.09,-9.65,-1.78,-0.633333333,2.42,-5.06,0.74,27745506.92,9248502.30666667,22878336.43,145065.23,4722105.26,194.7,64.9,144,1.7,49,862,431,523,339,431,0,0,0,0,0,71,35.5,48,23,35.5,142,71,71,71,71,0,0,0,0,0,50,25,27,23,25,0,0,0,0,0,14,7,7,7,7,0,0,0,0,0,98,49,72,26,49,5,2.5,3,2,2.5,13.755,14.18,13.33,13.755,0,0,0,0,0,0,0,0,0,0,0,0,0,0,0,0,0,0,0,0,0,0,0,0,0,0,0,0,0,0,0,0,0,0,0,0,0,0,0,0,0,0,0,0,0,4236121329,1412040442.85333,2459459713,363757023.2,1412904593,1637,818.5,903,734,818.5,0,0,0,0,0,301,150.5,179,122,150.5,0,0,0,0,0,0,0,0,0,0,0,0,0,0,0
非金属矿物制品业,湖南省,5,,,,,1,,4,,3,,,2,2,1,,,,,,,,,,,,,,,,,,,,2,,,,,,,,37361145460,7472229092,24434092438,1531863130,2685953343,2162383739,432476747.7,1324177121,24315605.15,172904975.2,19414,3882.8,12041,633,885,17342770947,3468554189,13312624592,557413738.6,1379901560,30.652,50.82,12.47,21.48,833544051.7,166708810.3,499805326.2,38016351.93,77393899.61,32.462,131.46,-8.62,14.68,2353146804,470629360.8,1420597939,29663681.63,192707128.3,38.822,225.24,-71.05,8.7,37.712,211.81,-68.61,11.98,61.456,131.61,-22.77,55.19,7.498,11.57,3.76,5.91,1.638,5.79,-0.64,0.6,22428237.78,22428237.78,22428237.78,22428237.78,22428237.78,24.14,24.14,24.14,24.14,2500,500,1587,115,140,36.766,128.4,-4.67,17.16,16.284,50.33,-5.2,7.09,431782884.9,86356576.98,260652657.4,2433879.88,23828580.53,525,105,234,33,46,2674,534.8,1731,87,157,9,3,5,2,2,175,35,58,15,36,97,19.4,38,5,20,0,0,0,0,0,243,48.6,119,13,32,2,2,2,2,2,84,16.8,35,6,15,2,2,2,2,2,187,37.4,117,9,17,29,5.8,12,1,6,14.862,22.03,10.6,13.25,0,0,0,0,0,0,0,0,0,0,0,0,0,0,0,0,0,0,0,0,0,0,0,0,0,0,0,0,0,0,0,0,0,0,0,0,0,0,0,0,0,0,0,0,0,14112847593,2822569519,11509295119,401626342.6,779465110.8,2223,444.6,618,224,506,0,0,0,0,0,466,93.2,203,43,75,9,3,5,2,2,2,2,2,2,2,3,1.5,2,1,1.5
通用设备制造业,湖南省,5,,,,,2,,3,,4,,,1,3,1,,,,,,,,,,,,,,,,,1,,,,,,,,,,,22213133562,4442626712,14046178902,778623978.8,2236225862,527257593.5,105451518.7,281893393.3,35854066.98,52193541.16,8234,1646.8,4397,519,1013,7500409400,1500081880,4451608489,300828025.6,803813649.9,39.364,50.78,22.61,41.37,812899757.4,162579951.5,635213962.4,17920555.12,38133221.06,7.546,75.96,-19.87,-10.57,569594271.2,113918854.2,316200581.6,35681200.8,56990868.88,419.122,2090.27,-51.42,-25.27,328.632,1575.64,-44.69,-1.53,66.074,291.05,-33.4,19.15,8.15,14.22,4.58,5.97,2.446,10.21,-1.82,1.94,455553474,455553474,455553474,455553474,455553474,0,0,0,0,1330,266,485,117,149,13.5,36.77,-10.9,11.6,2.134,34.45,-13.2,-6.13,74125798.06,14825159.61,28319920.38,5573243.82,11155967.35,410,82,256,24,41,2364,472.8,914,130,371,19,6.33333333333333,15,1,3,283,56.6,120,3,49,329,65.8,143,12,60,0,0,0,0,0,161,32.2,76,16,24,1,1,1,1,1,65,13,30,3,7,1,1,1,1,1,134,26.8,57,14,20,25,5,13,1,3,19.582,26.14,10.96,23.01,0,0,0,0,0,0,0,0,0,0,0,0,0,0,0,1,1,1,1,1,0,0,0,0,0,0,0,0,0,0,0,0,0,0,0,0,0,0,0,0,0,0,0,0,0,10350366305,2070073261,7131346707,225626904.3,978323928.7,5806,1161.2,3062,265,876,0,0,0,0,0,851,170.2,270,20,161,19,6.33333333333333,15,1,3,3,3,3,3,3,0,0,0,0,0
半导体业,湖南省,3,,,,,,,3,,3,,,,3,,,,,,,,,,,,,,,,,,,,,,,,,,,,,20141158417,6713719472.18333,8490324465,3948647868,7702186083,748638015.4,249546005.126667,306791707.9,152884156.1,288962151.4,7431,2477,5416,714,1301,9326322235,3108774078,4567488768,1153938866,3604894601,40.14,52.96,16.59,50.87,1115146052,371715350.733333,506725563.6,293041540.9,315378947.7,21.2366666666667,55.25,2.96,5.5,751657783.3,250552594.4,355707068.3,109536972.5,286413742.5,-30.9,-6.05,-56.45,-30.2,-28.79333333,-1.27,-47.65,-37.46,33.38,50.42,15.7,34.02,15.9166666666667,27.35,6.4,14,1.12333333333333,2.4,-0.43,1.4,29540818.02,14770409.01,26550961,2989857.02,14770409.01,-52.9,-21.3,-84.5,-52.9,2165,721.666666666667,897,514,754,17.16,26.2,7.48,17.8,6.01,8.71,1.27,8.05,154791897.5,51597299.1666667,92701173.49,28619090.24,33471633.77,717,239,411,123,183,1910,636.666666666667,978,351,581,34,17,20,14,17,401,133.666666666667,200,95,106,300,100,176,53,71,0,0,0,0,0,194,64.6666666666667,77,51,66,4,4,4,4,4,169,56.3333333333333,76,45,48,4,4,4,4,4,154,51.3333333333333,67,31,56,112,37.3333333333333,62,24,26,51.62,72.52,13.84,68.5,0,0,0,0,0,0,0,0,0,0,0,0,0,0,0,0,0,0,0,0,0,0,0,0,0,0,0,0,0,0,0,0,0,0,0,0,0,0,0,0,0,0,0,0,0,9063801123,3021267041,4494278304,654304450.7,3915218368,3475,1158.33333333333,1379,723,1373,0,0,0,0,0,1462,487.333333333333,588,324,550,34,17,20,14,17,0,0,0,0,0,0,0,0,0,0
建筑业,湖南省,3,,,,,,,3,,,2,,1,,,,,2,,,,,,,,,,,,,,,,,1,,,,,,,,19494606602,6498202200.74667,9423407228,4329579083,5741620292,-915338405.4,-305112801.8,25532166.3,-809070352,-131800219.7,4628,1542.66666666667,2860,632,1136,6802747567,2267582522,3219869938,1350596155,2232281474,68.01,83.4,56.35,64.28,235535416.4,117767708.2,126460937,109074479.4,117767708.2,52.73,207.21,-27.09,-21.93,-398170610.3,-132723536.8,-420950.33,-317325116,-80424544,-442.64,-108.65,-1062.68,-156.59,-967.2466667,-17.59,-2664.88,-219.27,33.535,67.84,-0.77,33.535,4.51,5.69,3.33,4.51,-0.655,1.5,-2.81,-0.655,57893198,57893198,57893198,57893198,57893198,0,0,0,0,361,361,361,361,361,67.22,67.22,67.22,67.22,5.68333333333333,44.89,-18.02,-9.82,39131608.56,13043869.52,21380272,3220580.06,14530756.5,69.58,23.1933333333333,56,5.82,7.76,1854,927,1760,94,927,18,18,18,18,18,71,35.5,54,17,35.5,83,41.5,68,15,41.5,0,0,0,0,0,132,66,128,4,66,0,0,0,0,0,14,7,13,1,7,0,0,0,0,0,174,87,167,7,87,5,5,5,5,5,32.1,32.1,32.1,32.1,0,0,0,0,0,0,0,0,0,0,0,0,0,0,0,0,0,0,0,0,0,0,0,0,0,0,0,0,0,0,0,0,0,0,0,0,0,0,0,0,0,0,0,0,0,12902400646,4300800215.48667,6053104958,3236875031,3612420658,2515,1257.5,2098,417,1257.5,0,0,0,0,0,460,230,421,39,230,18,18,18,18,18,0,0,0,0,0,0,0,0,0,0
铁路、船舶、航空航天和其他运输设备制造业,湖南省,3,,2,,,,,1,,1,1,,1,1,,,,,,1,,,,,,,,,,,,,1,,,,,,,,,,103825647992.53,34608549330.8433,48509589646,6806480087,48509578260,3986796393,1328932131.07333,2591977583,-1197156558,2591975368,18035,6011.66666666667,7997,2042,7996,37753946510,12584648836.6667,18033757180,1686444971,18033744359,37.29,57.38,27.22,27.27,3719581730,1239860576.53667,1846667094,111002099.6,1761912536,14.92,19.28,6.25,19.23,4754619827,1584873275.71667,2931297491,-1107972032,2931294368,28.3566666666667,39.47,6.15,39.45,17.98,27.38,-0.75,27.31,-12.09666667,3.48,-38.44,-1.33,8.84666666666667,10.25,6.54,9.75,-2.756666667,-1.5,-4.74,-2.03,169507712,84753856,84753971,84753741,84753856,-41.35333333,-11.01,-102,-11.05,6025,2008.33333333333,2826,379,2820,5.06,8.34,3.42,3.42,-0.883333333,3.39,-9.34,3.3,939887205.9,313295735.306667,488035450,27508734.92,424343021,974,324.666666666667,518,73,383,13559,4519.66666666667,6526,509,6524,305,101.666666666667,153,1,151,4332,1444,2158,17,2157,2006,668.666666666667,983,41,982,0,0,0,0,0,800,266.666666666667,385,33,382,20,10,10,10,10,550,183.333333333333,275,5,270,20,10,10,10,10,1077,359,525,29,523,668,334,338,330,334,29.6733333333333,35.3,18.42,35.3,0,0,0,0,0,0,0,0,0,0,0,0,0,0,0,0,0,0,0,0,0,0,0,0,0,0,0,0,0,0,0,0,0,0,0,0,0,0,0,0,0,0,0,0,0,30332403173,10110801057.7367,13213888170,3904707972,13213807031,40768,13589.3333333333,20161,465,20142,0,0,0,0,0,8755,2918.33333333333,4345,69,4341,302,100.666666666667,151,1,150,12,12,12,12,12,0,0,0,0,0
水利、环境和公共设施管理业,湖南省,6,,,,,1,1,4,,5,,,1,3,1,,1,,,,,,,,,,,,,,,,,,1,,,,,,,,21105128532,3517521422.05167,9776705892,1371267421,2548966927,257812118.1,42968686.35,587436983.7,-382427325.4,72497054.84,4069,678.166666666667,985,281,708.5,4292501236,715416872.668333,1570581367,132460528.1,630768886.7,49.0233333333333,70.48,33.06,44.025,183006296.7,36601259.35,50993054.2,17469009.11,40857409.06,-4.04,42.5,-33.35,-16.21,297039453.4,49506575.56,618807696.2,-398183723.5,80798237.49,-69.08,43.37,-449.08,11.405,-83.395,45.71,-490.6,7.8,8.956,29.82,-12.26,6.38,4.648,5.74,3.26,5.19,0.194,2.55,-1.38,-0.18,0,0,0,0,0,0,0,0,0,521,104.2,140,65,116,-13.015,5.03,-46.22,-5.435,-1.296666667,7.53,-9.1,-2.615,45571499.11,7595249.85166667,11903781,703053.35,8199112.795,261,43.5,74,21,34.5,1111,222.2,315,113,230,12,4,10,1,1,173,34.6,46,18,34,120,24,38,15,22,0,0,0,0,0,114,22.8,36,12,19,1,1,1,1,1,38,7.6,12,4,8,1,1,1,1,1,147,29.4,57,7,30,38,7.6,19,1,6,17.508,22.69,12.49,15.84,0,0,0,0,0,0,0,0,0,0,0,0,0,0,0,0,0,0,0,0,0,0,0,0,0,0,0,0,0,0,0,0,0,0,0,0,0,0,0,0,0,0,0,0,0,10413559883,1735593313.89167,4237148843,453738789.1,1376014780,2366,473.2,890,239,362,0,0,0,0,0,453,90.6,129,73,84,12,4,10,1,1,0,0,0,0,0,0,0,0,0,0
科学研究和技术服务业,湖南省,1,,,,,1,,,,1,,,,,1,,,,,,,,,,,,,,,,,,,,,,,,,,,,553069889.4,553069889.4,553069889.4,553069889.4,553069889.4,-29761648.23,-29761648.23,-29761648.23,-29761648.23,-29761648.23,511,511,511,511,511,200343818.1,200343818.1,200343818.1,200343818.1,200343818.1,85.59,85.59,85.59,85.59,9985763.64,9985763.64,9985763.64,9985763.64,9985763.64,27.98,27.98,27.98,27.98,-26149592.04,-26149592.04,-26149592.04,-26149592.04,-26149592.04,14.76,14.76,14.76,14.76,10.07,10.07,10.07,10.07,16.8,16.8,16.8,16.8,4.96,4.96,4.96,4.96,-0.43,-0.43,-0.43,-0.43,0,0,0,0,0,0,0,0,0,29,29,29,29,29,-6.47,-6.47,-6.47,-6.47,-5,-5,-5,-5,6829907.33,6829907.33,6829907.33,6829907.33,6829907.33,37,37,37,37,37,30,30,30,30,30,0,0,0,0,0,8,8,8,8,8,4,4,4,4,4,0,0,0,0,0,5,5,5,5,5,0,0,0,0,0,1,1,1,1,1,0,0,0,0,0,10,10,10,10,10,3,3,3,3,3,5.63,5.63,5.63,5.63,0,0,0,0,0,0,0,0,0,0,0,0,0,0,0,0,0,0,0,0,0,0,0,0,0,0,0,0,0,0,0,0,0,0,0,0,0,0,0,0,0,0,0,0,0,473186874.5,473186874.5,473186874.5,473186874.5,473186874.5,46,46,46,46,46,0,0,0,0,0,14,14,14,14,14,0,0,0,0,0,0,0,0,0,0,0,0,0,0,0
纺织鞋服业,湖南省,2,,,,,1,,1,,1,,,1,1,,,,,,,,,,,,,,,,,,1,,,,,,,,,,,3745656540,1872828270,2769740158,975916382.3,1872828270,-670871871.8,-335435935.9,-222709748.3,-448162123.4,-335435935.9,4077,2038.5,2980,1097,2038.5,2943325908,1471662954,2032797675,910528233.1,1471662954,58.035,58.77,57.3,58.035,89335149.7,44667574.85,74275860.52,15059289.18,44667574.85,-9.815,-2.18,-17.45,-9.815,-642105968.6,-321052984.3,-226973692.9,-415132275.7,-321052984.3,-138.975,-137.56,-140.39,-138.975,-178.1,-166.4,-189.8,-178.1,-4.055,6.1,-14.21,-4.055,2.625,3.63,1.62,2.625,0.165,0.17,0.16,0.165,0,0,0,0,0,0,0,0,0,386,193,305,81,193,-11.46,-11.46,-11.46,-11.46,-18.775,-2.65,-34.9,-18.775,24632844.78,12316422.39,14283100.73,10349744.05,12316422.39,44,22,26,18,22,1289,644.5,1089,200,644.5,2,2,2,2,2,57,28.5,45,12,28.5,61,30.5,41,20,30.5,0,0,0,0,0,91,45.5,76,15,45.5,0,0,0,0,0,10,5,8,2,5,0,0,0,0,0,98,49,93,5,49,2,2,2,2,2,8.86,10.32,7.4,8.86,0,0,0,0,0,0,0,0,0,0,0,0,0,0,0,0,0,0,0,0,0,0,0,0,0,0,0,0,0,0,0,0,0,0,0,0,0,0,0,0,0,0,0,0,0,2187407079,1093703539,1627532791,559874287.7,1093703539,929,464.5,623,306,464.5,0,0,0,0,0,132,66,81,51,66,2,2,2,2,2,2,2,2,2,2,0,0,0,0,0
通信传输设备业,湖南省,1,,,,,,1,,,,,,1,,,,,,,,,,,,,,,,,,,,,1,,,,,,,,,3918220009,3918220009,3918220009,3918220009,3918220009,402253547,402253547,402253547,402253547,402253547,759,759,759,759,759,2003618333,2003618333,2003618333,2003618333,2003618333,29.8,29.8,29.8,29.8,198512609.4,198512609.4,198512609.4,198512609.4,198512609.4,9.79,9.79,9.79,9.79,457293309.8,457293309.8,457293309.8,457293309.8,457293309.8,15.41,15.41,15.41,15.41,17.59,17.59,17.59,17.59,12.26,12.26,12.26,12.26,9.92,9.92,9.92,9.92,0.23,0.23,0.23,0.23,0,0,0,0,0,0,0,0,0,375,375,375,375,375,2.2,2.2,2.2,2.2,1.9,1.9,1.9,1.9,18399606.09,18399606.09,18399606.09,18399606.09,18399606.09,145,145,145,145,145,536,536,536,536,536,4,4,4,4,4,43,43,43,43,43,30,30,30,30,30,0,0,0,0,0,67,67,67,67,67,0,0,0,0,0,28,28,28,28,28,0,0,0,0,0,55,55,55,55,55,7,7,7,7,7,49.55,49.55,49.55,49.55,0,0,0,0,0,0,0,0,0,0,0,0,0,0,0,0,0,0,0,0,0,0,0,0,0,0,0,0,0,0,0,0,0,0,0,0,0,0,0,0,0,0,0,0,0,1168361783,1168361783,1168361783,1168361783,1168361783,821,821,821,821,821,0,0,0,0,0,163,163,163,163,163,4,4,4,4,4,12,12,12,12,12,0,0,0,0,0
金属制品业,湖南省,6,,,,,,,6,,2,,1,3,2,,,,,,,,,,,,,,,1,,,,,,3,,,,,,,,14030368225,2338394704,5384534746,278225799.9,1931177378,977001758.9,162833626.478333,449311229.7,-39004577.7,152286169.3,9539,1589.83333333333,4671,161,886.5,6916128229,1152688038.11167,3444879648,251273937.6,789699205.3,33.13,60.56,13.04,30.89,347477171.5,57912861.9133333,191601203,7742933.26,40354678.15,29.8716666666667,85.66,-2.67,15.27,1092387192,182064531.961667,507983223.5,-44155063.49,169013161.3,-144.0316667,91.37,-922.09,-4.755,-147.1383333,99.11,-951.86,-3.05,24.83,66.88,-13.99,23.985,4.475,6.9,2.4,4.5,-0.045,1.7,-1.37,-0.15,0,0,0,0,0,0,0,0,0,1270,211.666666666667,623,18,161,70.88,172.4,11.18,37.34,84.8516666666667,370.95,-9.73,27.455,55513250.4,9252208.4,20834964.77,1320895.2,6794225.635,308.54,51.4233333333333,84,4.54,56,1309,218.166666666667,675,68,121.5,16,4,12,1,1.5,195,32.5,72,6,20,192,32,137,1,12,0,0,0,0,0,149,24.8333333333333,71,6,18.5,0,0,0,0,0,53,10.6,30,2,5,0,0,0,0,0,156,26,59,5,17,53,10.6,22,1,8,13.5366666666667,20.27,9.35,12.28,0,0,0,0,0,0,0,0,0,0,0,0,0,0,0,0,0,0,0,0,0,0,0,0,0,0,0,0,0,0,0,0,0,0,0,0,0,0,0,0,0,0,0,0,0,5032003959,838667326.463333,1988380391,36234412.96,742053669.8,1682,280.333333333333,894,34,159.5,0,0,0,0,0,522,87,281,15,36,16,4,12,1,1.5,0,0,0,0,0,0,0,0,0,0
文化、体育和娱乐业,湖南省,3,,,,,3,,,,1,,,2,,1,,,,,,,,,,,,,,,,,2,,,,,,,,,,,54805365453,18268455151,29049601263,937031735.2,24818732455,3262328911,1087442970.18333,1766168439,12186445.94,1483974025,17649,5883,13111,417,4121,26381221154,8793740385,13704302979,212232836,12464685339,36.8733333333333,37.72,35.22,37.68,495392457.3,165130819.1,341258461.6,9106496.72,145027499,-7.67,10,-22.31,-10.7,3264998576,1088332859,1725050063,11832781,1528115732,-24.08333333,-8.7,-44.32,-19.23,-23.81333333,-9.35,-45.64,-16.45,45.1566666666667,122.53,-7.63,20.57,2.61666666666667,4.28,1.15,2.42,0.706666666666667,1.51,0.01,0.6,106528629.2,106528629.2,106528629.2,106528629.2,106528629.2,9.4,9.4,9.4,9.4,939,313,530,98,311,107.446666666667,324.05,-10.05,8.34,4.44,7.56,2.5,3.26,125367268.3,41789089.4166667,56615520.48,22603699.49,46148048.28,875,291.666666666667,648,24,203,987,329,821,7,159,0,0,0,0,0,131,43.6666666666667,99,2,30,106,35.3333333333333,63,4,39,0,0,0,0,0,341,113.666666666667,313,5,23,0,0,0,0,0,277,92.3333333333333,255,5,17,0,0,0,0,0,149,74.5,139,10,74.5,73,36.5,67,6,36.5,13.03,23.83,2.35,12.91,0,0,0,0,0,0,0,0,0,0,0,0,0,0,0,0,0,0,0,0,0,0,0,0,0,0,0,0,0,0,0,0,0,0,0,0,0,0,0,0,0,0,0,0,0,19967806788,6655935595.94667,10243377688,352782194.8,9371646905,1129,376.333333333333,656,20,453,0,0,0,0,0,805,268.333333333333,691,7,107,0,0,0,0,0,1,1,1,1,1,0,0,0,0,0
橡胶和塑料制品业,湖南省,1,,1,,,,,,,,,,1,,,,,,,,,,,,,,,,,,,,1,,,,,,,,,,17257010677,17257010677,17257010677,17257010677,17257010677,250677545.1,250677545.1,250677545.1,250677545.1,250677545.1,6388,6388,6388,6388,6388,15034842726,15034842726,15034842726,15034842726,15034842726,63.37,63.37,63.37,63.37,740688610.8,740688610.8,740688610.8,740688610.8,740688610.8,7.07,7.07,7.07,7.07,246328625.2,246328625.2,246328625.2,246328625.2,246328625.2,18.64,18.64,18.64,18.64,15.07,15.07,15.07,15.07,13.29,13.29,13.29,13.29,4.97,4.97,4.97,4.97,0.24,0.24,0.24,0.24,62896400.4,62896400.4,62896400.4,62896400.4,62896400.4,97.9,97.9,97.9,97.9,1084,1084,1084,1084,1084,-16.06,-16.06,-16.06,-16.06,1.11,1.11,1.11,1.11,84359028.85,84359028.85,84359028.85,84359028.85,84359028.85,99,99,99,99,99,2806,2806,2806,2806,2806,40,40,40,40,40,969,969,969,969,969,479,479,479,479,479,0,0,0,0,0,292,292,292,292,292,1,1,1,1,1,243,243,243,243,243,1,1,1,1,1,239,239,239,239,239,186,186,186,186,186,17.07,17.07,17.07,17.07,0,0,0,0,0,0,0,0,0,0,0,0,0,0,0,0,0,0,0,0,0,0,0,0,0,0,0,0,0,0,0,0,0,0,0,0,0,0,0,0,0,0,0,0,0,10928454244,10928454244,10928454244,10928454244,10928454244,8914,8914,8914,8914,8914,0,0,0,0,0,1912,1912,1912,1912,1912,40,40,40,40,40,2,2,2,2,2,0,0,0,0,0
租赁和商务服务业,湖南省,0,,,,,,,,,,,,,,,,,,,,,,,,,,,,,,,,,,,,,,,,,,0,0,0,0,0,0,0,0,0,0,0,0,0,0,0,0,0,0,0,0,0,0,0,0,0,0,0,0,0,0,0,0,0,0,0,0,0,0,0,0,0,0,0,0,0,0,0,0,0,0,0,0,0,0,0,0,0,0,0,0,0,0,0,0,0,0,0,0,0,0,0,0,0,0,0,0,0,0,0,0,0,0,0,0,0,0,0,0,0,0,0,0,0,0,0,0,0,0,0,0,0,0,0,0,0,0,0,0,0,0,0,0,0,0,0,0,0,0,0,0,0,0,0,0,0,0,0,0,0,0,0,0,0,0,0,0,0,0,0,0,0,0,0,0,0,0,0,0,0,0,0,0,0,0,0,0,0,0,0,0,0,0,0,0,0,0,0,0,0,0,0,0,0,0,0,0,0,0,0,0,0,0,0,0,0,0,0,0,0,0,0,0,0,0,0,0,0,0,0,0,0,0,0,0,0,0,0,0,0,0,0,0,0,0,0,0,0,0,0,0,0,0,0,0,0,0,0,0,0
农、林、牧、渔业,湖南省,4,,1,,,1,,2,,2,,,2,1,,1,,,,,,,,,,,,,,,,1,,,1,,,,,,,,30633858378,7658464595,14604783803,2161875052,6933599762,-782090864.9,-195522716.2,113225864.9,-772196981.7,-61559874.02,14919,3729.75,6545,1697,3338.5,13538741737,3384685434,4932231909,1094716318,3755896755,58.71,71.13,49.44,57.135,460821197.2,115205299.3,422691563.9,947615.32,18591009,39.87,142.29,-15.24,16.215,-690147520,-172536880,124954643.3,-732772982.5,-41164590.39,2.39999999999999,288.58,-438.66,79.84,-24.105,298.62,-540.83,72.895,102.1925,165.93,44.75,99.045,3.065,11.47,0.01,0.39,0.855,3.6,-0.37,0.095,67538856.42,67538856.42,67538856.42,67538856.42,67538856.42,-40,-40,-40,-40,528,176,459,25,44,32.2466666666667,91.3,1.32,4.12,15.71,79.1,-7.09,-4.585,146288355.2,36572088.79,98189673.36,10657330.57,18720675.62,369,92.25,204,30,67.5,400,100,239,19,71,2,2,2,2,2,92,23,68,5,9.5,65,16.25,45,3,8.5,0,0,0,0,0,46,11.5,34,2,5,0,0,0,0,0,21,7,16,1,4,0,0,0,0,0,55,13.75,30,2,11.5,16,5.33333333333333,14,1,1,6.30333333333333,17.5,0.37,1.04,0,0,0,0,0,0,0,0,0,0,1,1,1,1,1,0,0,0,0,0,0,0,0,0,0,0,0,0,0,0,0,0,0,0,0,0,0,0,0,0,0,0,0,0,0,19060343137,4765085784,8850367714,1160503651,4524735886,663,165.75,455,47,80.5,0,0,0,0,0,200,50,148,10,21,2,2,2,2,2,1,1,1,1,1,0,0,0,0,0
仪器仪表制造业,湖南省,3,,,,,,,3,,2,1,,,2,,,,1,,,,,,,,,,,,,,,,,,,,,,,,,16465501129,5488500376.27333,13026002392,1070234387,2369264350,666743766.1,222247922.023333,511168141,58304478.65,97271146.42,6066,2022,4527,539,1000,6767995591,2255998530.36667,5855843477,393637320.4,518514793.7,33.0633333333333,52.99,13.69,32.51,692414929.1,230804976.366667,577449968,44649733.54,70315227.56,-4.326666667,27.54,-42.86,2.34,755882085.6,251960695.193333,582433612,63243520.28,110204953.3,-16.18,23.25,-78.1,6.31,-16.65333333,19.47,-77.1,7.67,14.4533333333333,28.71,6.9,7.75,11.5666666666667,13.55,9.8,11.35,2.28666666666667,6.34,0.08,0.44,123769312,123769312,123769312,123769312,123769312,-16.16,-16.16,-16.16,-16.16,288,144,178,110,144,15.42,26.46,4.38,15.42,10.9833333333333,26.31,2.28,4.36,43936243.91,14645414.6366667,30989514,3544156.83,9402573.08,95,31.6666666666667,33,29,33,2859,953,981,919,959,53,17.6666666666667,20,15,18,428,142.666666666667,187,89,152,268,89.3333333333333,159,52,57,0,0,0,0,0,146,48.6666666666667,74,26,46,0,0,0,0,0,52,17.3333333333333,44,2,6,0,0,0,0,0,163,54.3333333333333,66,46,51,40,13.3333333333333,22,5,13,19.72,22.25,17.19,19.72,0,0,0,0,0,0,0,0,0,0,0,0,0,0,0,0,0,0,0,0,0,0,0,0,0,0,0,0,0,0,0,0,0,0,0,0,0,0,0,0,0,0,0,0,0,7569528246,2523176082,6897576393,323590538.6,348361314.3,6024,2008,2689,1526,1809,0,0,0,0,0,1018,339.333333333333,453,252,313,53,17.6666666666667,20,15,18,5,5,5,5,5,1,1,1,1,1
造纸和纸制品业,湖南省,1,,1,,,,,,,,,,1,,,,,,,,,,,,,,,,,,,,1,,,,,,,,,,16620760080,16620760080,16620760080,16620760080,16620760080,621141494.5,621141494.5,621141494.5,621141494.5,621141494.5,3879,3879,3879,3879,3879,9781491250,9781491250,9781491250,9781491250,9781491250,44.4,44.4,44.4,44.4,302240912.8,302240912.8,302240912.8,302240912.8,302240912.8,24.76,24.76,24.76,24.76,735107856.6,735107856.6,735107856.6,735107856.6,735107856.6,114.6,114.6,114.6,114.6,104.6,104.6,104.6,104.6,21.8,21.8,21.8,21.8,3.01,3.01,3.01,3.01,0,0,0,0,0,0,0,0,0,0,0,0,0,422,422,422,422,422,6.54,6.54,6.54,6.54,2.95,2.95,2.95,2.95,72995677.47,72995677.47,72995677.47,72995677.47,72995677.47,134,134,134,134,134,428,428,428,428,428,0,0,0,0,0,127,127,127,127,127,144,144,144,144,144,0,0,0,0,0,64,64,64,64,64,0,0,0,0,0,28,28,28,28,28,0,0,0,0,0,52,52,52,52,52,18,18,18,18,18,10.88,10.88,10.88,10.88,0,0,0,0,0,0,0,0,0,0,0,0,0,0,0,0,0,0,0,0,0,0,0,0,0,0,0,0,0,0,0,0,0,0,0,0,0,0,0,0,0,0,0,0,0,7379767768,7379767768,7379767768,7379767768,7379767768,1221,1221,1221,1221,1221,0,0,0,0,0,281,281,281,281,281,0,0,0,0,0,0,0,0,0,0,0,0,0,0,0
其他制造业,湖南省,0,,,,,,,,,,,,,,,,,,,,,,,,,,,,,,,,,,,,,,,,,,0,0,0,0,0,0,0,0,0,0,0,0,0,0,0,0,0,0,0,0,0,0,0,0,0,0,0,0,0,0,0,0,0,0,0,0,0,0,0,0,0,0,0,0,0,0,0,0,0,0,0,0,0,0,0,0,0,0,0,0,0,0,0,0,0,0,0,0,0,0,0,0,0,0,0,0,0,0,0,0,0,0,0,0,0,0,0,0,0,0,0,0,0,0,0,0,0,0,0,0,0,0,0,0,0,0,0,0,0,0,0,0,0,0,0,0,0,0,0,0,0,0,0,0,0,0,0,0,0,0,0,0,0,0,0,0,0,0,0,0,0,0,0,0,0,0,0,0,0,0,0,0,0,0,0,0,0,0,0,0,0,0,0,0,0,0,0,0,0,0,0,0,0,0,0,0,0,0,0,0,0,0,0,0,0,0,0,0,0,0,0,0,0,0,0,0,0,0,0,0,0,0,0,0,0,0,0,0,0,0,0,0,0,0,0,0,0,0,0,0,0,0,0,0,0,0,0,0,0
教育,湖南省,1,,,,,,,1,,1,,,,1,,,,,,,,,,,,,,,,,,,,,,,,,,,,,863760808.1,863760808.1,863760808.1,863760808.1,863760808.1,33447984.62,33447984.62,33447984.62,33447984.62,33447984.62,888,888,888,888,888,658805068.2,658805068.2,658805068.2,658805068.2,658805068.2,90.47,90.47,90.47,90.47,41875304.9,41875304.9,41875304.9,41875304.9,41875304.9,-29.21,-29.21,-29.21,-29.21,-12191501.37,-12191501.37,-12191501.37,-12191501.37,-12191501.37,97.45,97.45,97.45,97.45,100.2,100.2,100.2,100.2,-42.2,-42.2,-42.2,-42.2,6.32,6.32,6.32,6.32,-1.4,-1.4,-1.4,-1.4,3893089.4,3893089.4,3893089.4,3893089.4,3893089.4,5.43,5.43,5.43,5.43,125,125,125,125,125,-56.21,-56.21,-56.21,-56.21,-81.6,-81.6,-81.6,-81.6,2005257.6,2005257.6,2005257.6,2005257.6,2005257.6,21,21,21,21,21,1101,1101,1101,1101,1101,0,0,0,0,0,126,126,126,126,126,133,133,133,133,133,0,0,0,0,0,39,39,39,39,39,0,0,0,0,0,6,6,6,6,6,0,0,0,0,0,26,26,26,26,26,1,1,1,1,1,14.54,14.54,14.54,14.54,0,0,0,0,0,0,0,0,0,0,0,0,0,0,0,0,0,0,0,0,0,0,0,0,0,0,0,0,0,0,0,0,0,0,0,0,0,0,0,0,0,0,0,0,0,781334033.1,781334033.1,781334033.1,781334033.1,781334033.1,2254,2254,2254,2254,2254,0,0,0,0,0,357,357,357,357,357,0,0,0,0,0,0,0,0,0,0,0,0,0,0,0
综合,湖南省,0,,,,,,,,,,,,,,,,,,,,,,,,,,,,,,,,,,,,,,,,,,0,0,0,0,0,0,0,0,0,0,0,0,0,0,0,0,0,0,0,0,0,0,0,0,0,0,0,0,0,0,0,0,0,0,0,0,0,0,0,0,0,0,0,0,0,0,0,0,0,0,0,0,0,0,0,0,0,0,0,0,0,0,0,0,0,0,0,0,0,0,0,0,0,0,0,0,0,0,0,0,0,0,0,0,0,0,0,0,0,0,0,0,0,0,0,0,0,0,0,0,0,0,0,0,0,0,0,0,0,0,0,0,0,0,0,0,0,0,0,0,0,0,0,0,0,0,0,0,0,0,0,0,0,0,0,0,0,0,0,0,0,0,0,0,0,0,0,0,0,0,0,0,0,0,0,0,0,0,0,0,0,0,0,0,0,0,0,0,0,0,0,0,0,0,0,0,0,0,0,0,0,0,0,0,0,0,0,0,0,0,0,0,0,0,0,0,0,0,0,0,0,0,0,0,0,0,0,0,0,0,0,0,0,0,0,0,0,0,0,0,0,0,0,0,0,0,0,0,0
废弃资源综合利用业,湖南省,0,,,,,,,,,,,,,,,,,,,,,,,,,,,,,,,,,,,,,,,,,,0,0,0,0,0,0,0,0,0,0,0,0,0,0,0,0,0,0,0,0,0,0,0,0,0,0,0,0,0,0,0,0,0,0,0,0,0,0,0,0,0,0,0,0,0,0,0,0,0,0,0,0,0,0,0,0,0,0,0,0,0,0,0,0,0,0,0,0,0,0,0,0,0,0,0,0,0,0,0,0,0,0,0,0,0,0,0,0,0,0,0,0,0,0,0,0,0,0,0,0,0,0,0,0,0,0,0,0,0,0,0,0,0,0,0,0,0,0,0,0,0,0,0,0,0,0,0,0,0,0,0,0,0,0,0,0,0,0,0,0,0,0,0,0,0,0,0,0,0,0,0,0,0,0,0,0,0,0,0,0,0,0,0,0,0,0,0,0,0,0,0,0,0,0,0,0,0,0,0,0,0,0,0,0,0,0,0,0,0,0,0,0,0,0,0,0,0,0,0,0,0,0,0,0,0,0,0,0,0,0,0,0,0,0,0,0,0,0,0,0,0,0,0,0,0,0,0,0,0
印刷和记录媒介复制业,湖南省,0,,,,,,,,,,,,,,,,,,,,,,,,,,,,,,,,,,,,,,,,,,0,0,0,0,0,0,0,0,0,0,0,0,0,0,0,0,0,0,0,0,0,0,0,0,0,0,0,0,0,0,0,0,0,0,0,0,0,0,0,0,0,0,0,0,0,0,0,0,0,0,0,0,0,0,0,0,0,0,0,0,0,0,0,0,0,0,0,0,0,0,0,0,0,0,0,0,0,0,0,0,0,0,0,0,0,0,0,0,0,0,0,0,0,0,0,0,0,0,0,0,0,0,0,0,0,0,0,0,0,0,0,0,0,0,0,0,0,0,0,0,0,0,0,0,0,0,0,0,0,0,0,0,0,0,0,0,0,0,0,0,0,0,0,0,0,0,0,0,0,0,0,0,0,0,0,0,0,0,0,0,0,0,0,0,0,0,0,0,0,0,0,0,0,0,0,0,0,0,0,0,0,0,0,0,0,0,0,0,0,0,0,0,0,0,0,0,0,0,0,0,0,0,0,0,0,0,0,0,0,0,0,0,0,0,0,0,0,0,0,0,0,0,0,0,0,0,0,0,0
卫生和社会工作,湖南省,1,,,,,,,1,,1,,,,1,,,,,,,,,,,,,,,,,,,,,,,,,,,,,26578838999,26578838999,26578838999,26578838999,26578838999,2688995719,2688995719,2688995719,2688995719,2688995719,32313,32313,32313,32313,32313,16109971851,16109971851,16109971851,16109971851,16109971851,33.78,33.78,33.78,33.78,271718248.9,271718248.9,271718248.9,271718248.9,271718248.9,7.36,7.36,7.36,7.36,3534494313,3534494313,3534494313,3534494313,3534494313,1.11,1.11,1.11,1.11,8.86,8.86,8.86,8.86,22.06,22.06,22.06,22.06,1.6,1.6,1.6,1.6,0.24,0.24,0.24,0.24,0,0,0,0,0,0,0,0,0,832,832,832,832,832,45,45,45,45,19.82,19.82,19.82,19.82,56558691.21,56558691.21,56558691.21,56558691.21,56558691.21,1733,1733,1733,1733,1733,717,717,717,717,717,2,2,2,2,2,60,60,60,60,60,21,21,21,21,21,0,0,0,0,0,158,158,158,158,158,1,1,1,1,1,21,21,21,21,21,1,1,1,1,1,176,176,176,176,176,19,19,19,19,19,2.52,2.52,2.52,2.52,0,0,0,0,0,0,0,0,0,0,0,0,0,0,0,0,0,0,0,0,0,0,0,0,0,0,0,0,0,0,0,0,0,0,0,0,0,0,0,0,0,0,0,0,0,8963370878,8963370878,8963370878,8963370878,8963370878,400,400,400,400,400,0,0,0,0,0,141,141,141,141,141,2,2,2,2,2,0,0,0,0,0,0,0,0,0,0
文教、工美、体育和娱乐用品制造业,湖南省,0,,,,,,,,,,,,,,,,,,,,,,,,,,,,,,,,,,,,,,,,,,0,0,0,0,0,0,0,0,0,0,0,0,0,0,0,0,0,0,0,0,0,0,0,0,0,0,0,0,0,0,0,0,0,0,0,0,0,0,0,0,0,0,0,0,0,0,0,0,0,0,0,0,0,0,0,0,0,0,0,0,0,0,0,0,0,0,0,0,0,0,0,0,0,0,0,0,0,0,0,0,0,0,0,0,0,0,0,0,0,0,0,0,0,0,0,0,0,0,0,0,0,0,0,0,0,0,0,0,0,0,0,0,0,0,0,0,0,0,0,0,0,0,0,0,0,0,0,0,0,0,0,0,0,0,0,0,0,0,0,0,0,0,0,0,0,0,0,0,0,0,0,0,0,0,0,0,0,0,0,0,0,0,0,0,0,0,0,0,0,0,0,0,0,0,0,0,0,0,0,0,0,0,0,0,0,0,0,0,0,0,0,0,0,0,0,0,0,0,0,0,0,0,0,0,0,0,0,0,0,0,0,0,0,0,0,0,0,0,0,0,0,0,0,0,0,0,0,0,0
石油加工、炼焦和核燃料加工业,湖南省,1,,1,,,,,,,1,,,,,,1,,,,,,,,,,,,,,,,,,,,,,,,,,,1386747576,1386747576,1386747576,1386747576,1386747576,91250560.4,91250560.4,91250560.4,91250560.4,91250560.4,695,695,695,695,695,3221927025,3221927025,3221927025,3221927025,3221927025,22.12,22.12,22.12,22.12,38795119.54,38795119.54,38795119.54,38795119.54,38795119.54,65.01,65.01,65.01,65.01,103400473.4,103400473.4,103400473.4,103400473.4,103400473.4,16.39,16.39,16.39,16.39,25.65,25.65,25.65,25.65,228.9,228.9,228.9,228.9,1.2,1.2,1.2,1.2,0.57,0.57,0.57,0.57,0,0,0,0,0,0,0,0,0,73,73,73,73,73,189.75,189.75,189.75,189.75,8.98,8.98,8.98,8.98,1596097.96,1596097.96,1596097.96,1596097.96,1596097.96,60,60,60,60,60,38,38,38,38,38,0,0,0,0,0,8,8,8,8,8,5,5,5,5,5,0,0,0,0,0,16,16,16,16,16,0,0,0,0,0,10,10,10,10,10,0,0,0,0,0,6,6,6,6,6,1,1,1,1,1,10.4,10.4,10.4,10.4,0,0,0,0,0,0,0,0,0,0,0,0,0,0,0,0,0,0,0,0,0,0,0,0,0,0,0,0,0,0,0,0,0,0,0,0,0,0,0,0,0,0,0,0,0,307518774.6,307518774.6,307518774.6,307518774.6,307518774.6,81,81,81,81,81,0,0,0,0,0,24,24,24,24,24,0,0,0,0,0,0,0,0,0,0,0,0,0,0,0
化学纤维制造业,湖南省,0,,,,,,,,,,,,,,,,,,,,,,,,,,,,,,,,,,,,,,,,,,0,0,0,0,0,0,0,0,0,0,0,0,0,0,0,0,0,0,0,0,0,0,0,0,0,0,0,0,0,0,0,0,0,0,0,0,0,0,0,0,0,0,0,0,0,0,0,0,0,0,0,0,0,0,0,0,0,0,0,0,0,0,0,0,0,0,0,0,0,0,0,0,0,0,0,0,0,0,0,0,0,0,0,0,0,0,0,0,0,0,0,0,0,0,0,0,0,0,0,0,0,0,0,0,0,0,0,0,0,0,0,0,0,0,0,0,0,0,0,0,0,0,0,0,0,0,0,0,0,0,0,0,0,0,0,0,0,0,0,0,0,0,0,0,0,0,0,0,0,0,0,0,0,0,0,0,0,0,0,0,0,0,0,0,0,0,0,0,0,0,0,0,0,0,0,0,0,0,0,0,0,0,0,0,0,0,0,0,0,0,0,0,0,0,0,0,0,0,0,0,0,0,0,0,0,0,0,0,0,0,0,0,0,0,0,0,0,0,0,0,0,0,0,0,0,0,0,0,0
家具制造业,湖南省,0,,,,,,,,,,,,,,,,,,,,,,,,,,,,,,,,,,,,,,,,,,0,0,0,0,0,0,0,0,0,0,0,0,0,0,0,0,0,0,0,0,0,0,0,0,0,0,0,0,0,0,0,0,0,0,0,0,0,0,0,0,0,0,0,0,0,0,0,0,0,0,0,0,0,0,0,0,0,0,0,0,0,0,0,0,0,0,0,0,0,0,0,0,0,0,0,0,0,0,0,0,0,0,0,0,0,0,0,0,0,0,0,0,0,0,0,0,0,0,0,0,0,0,0,0,0,0,0,0,0,0,0,0,0,0,0,0,0,0,0,0,0,0,0,0,0,0,0,0,0,0,0,0,0,0,0,0,0,0,0,0,0,0,0,0,0,0,0,0,0,0,0,0,0,0,0,0,0,0,0,0,0,0,0,0,0,0,0,0,0,0,0,0,0,0,0,0,0,0,0,0,0,0,0,0,0,0,0,0,0,0,0,0,0,0,0,0,0,0,0,0,0,0,0,0,0,0,0,0,0,0,0,0,0,0,0,0,0,0,0,0,0,0,0,0,0,0,0,0,0
住宿和餐饮业,湖南省,1,,,,,1,,,,1,,,,,1,,,,,,,,,,,,,,,,,,,,,,,,,,,,5295914040,5295914040,5295914040,5295914040,5295914040,-377926769,-377926769,-377926769,-377926769,-377926769,2816,2816,2816,2816,2816,473583544,473583544,473583544,473583544,473583544,73.81,73.81,73.81,73.81,0,0,0,0,0,-20.23,-20.23,-20.23,-20.23,-365501096.1,-365501096.1,-365501096.1,-365501096.1,-365501096.1,-100587.28,-100587.28,-100587.28,-100587.28,-5438.07,-5438.07,-5438.07,-5438.07,0,0,0,0,0,0,0,0,0,0,0,0,0,0,0,0,0,0,0,0,0,0,0,0,0,0,0,0,0,0,-16.1,-16.1,-16.1,-16.1,3267328.19,3267328.19,3267328.19,3267328.19,3267328.19,43,43,43,43,43,0,0,0,0,0,0,0,0,0,0,0,0,0,0,0,0,0,0,0,0,0,0,0,0,0,0,0,0,0,0,0,0,0,0,0,0,0,0,0,0,0,0,0,0,0,0,0,0,0,0,0,0,0,0,0,0,0,0,0,0,0,0,0,0,0,0,0,0,0,0,0,0,0,0,0,0,0,0,0,0,0,0,0,0,0,0,0,0,0,0,0,0,0,0,0,0,0,0,0,0,0,0,0,0,3911904516,3911904516,3911904516,3911904516,3911904516,0,0,0,0,0,0,0,0,0,0,0,0,0,0,0,0,0,0,0,0,0,0,0,0,0,0,0,0,0,0
木材加工和木、竹、藤、棕、草制品业,湖南省,0,,,,,,,,,,,,,,,,,,,,,,,,,,,,,,,,,,,,,,,,,,0,0,0,0,0,0,0,0,0,0,0,0,0,0,0,0,0,0,0,0,0,0,0,0,0,0,0,0,0,0,0,0,0,0,0,0,0,0,0,0,0,0,0,0,0,0,0,0,0,0,0,0,0,0,0,0,0,0,0,0,0,0,0,0,0,0,0,0,0,0,0,0,0,0,0,0,0,0,0,0,0,0,0,0,0,0,0,0,0,0,0,0,0,0,0,0,0,0,0,0,0,0,0,0,0,0,0,0,0,0,0,0,0,0,0,0,0,0,0,0,0,0,0,0,0,0,0,0,0,0,0,0,0,0,0,0,0,0,0,0,0,0,0,0,0,0,0,0,0,0,0,0,0,0,0,0,0,0,0,0,0,0,0,0,0,0,0,0,0,0,0,0,0,0,0,0,0,0,0,0,0,0,0,0,0,0,0,0,0,0,0,0,0,0,0,0,0,0,0,0,0,0,0,0,0,0,0,0,0,0,0,0,0,0,0,0,0,0,0,0,0,0,0,0,0,0,0,0,0
居民服务、修理和其他服务业,湖南省,0,,,,,,,,,,,,,,,,,,,,,,,,,,,,,,,,,,,,,,,,,,0,0,0,0,0,0,0,0,0,0,0,0,0,0,0,0,0,0,0,0,0,0,0,0,0,0,0,0,0,0,0,0,0,0,0,0,0,0,0,0,0,0,0,0,0,0,0,0,0,0,0,0,0,0,0,0,0,0,0,0,0,0,0,0,0,0,0,0,0,0,0,0,0,0,0,0,0,0,0,0,0,0,0,0,0,0,0,0,0,0,0,0,0,0,0,0,0,0,0,0,0,0,0,0,0,0,0,0,0,0,0,0,0,0,0,0,0,0,0,0,0,0,0,0,0,0,0,0,0,0,0,0,0,0,0,0,0,0,0,0,0,0,0,0,0,0,0,0,0,0,0,0,0,0,0,0,0,0,0,0,0,0,0,0,0,0,0,0,0,0,0,0,0,0,0,0,0,0,0,0,0,0,0,0,0,0,0,0,0,0,0,0,0,0,0,0,0,0,0,0,0,0,0,0,0,0,0,0,0,0,0,0,0,0,0,0,0,0,0,0,0,0,0,0,0,0,0,0,0
医药制造业,河南省,9,,,,,1,,8,,4,1,,4,4,,,,1,,,,,,,,,,,,,,1,,,3,,,,,,,,48347204936,5371911660,14740927672,1350266477,3600186694,3903250095,433694454.987778,1247607368,-75715695.21,286536245.9,19859,2206.55555555556,5508,771,1716,18878671803,2097630200.33444,4516974350,491758993,1825649495,29.8655555555556,55.12,11.31,24.41,1429577459,158841939.845556,571698515.5,15176422,113887553.2,18.9588888888889,56.11,-0.26,17.9,4458713124,495412569.334444,1424464669,-70779081.71,329293404.5,-1.676666667,312.5,-290.7,-16.02,-131.9222222,334.06,-1218.9,-14.2,36.0122222222222,116.19,-7.39,29.7,6.26444444444444,12.82,3.06,6.3,0.495555555555556,2.87,-0.51,0.33,24352700.57,4870540.114,9655375.2,1636453.36,3218181.91,442.612,1831.34,-44.48,-35.58,4262,532.75,1725,141,260,19.18875,75.9,-10.36,4.76,3.79222222222222,20.35,-15.87,8.7,173701036,19300115.1088889,54728388.66,1735543.79,12112769.93,1246.75,138.527777777778,401,8.75,82,4266,474,1987,32,270,42,8.4,21,1,2,600,66.6666666666667,304,6,32,643,71.4444444444444,187,11,59,0,0,0,0,0,595,66.1111111111111,329,3,19,8,8,8,8,8,206,22.8888888888889,148,1,6,8,8,8,8,8,551,61.2222222222222,337,3,17,102,11.3333333333333,39,1,4,20.145,31.3,9.62,20.48,0,0,0,0,0,0,0,0,0,0,2,1,1,1,1,0,0,0,0,0,0,0,0,0,0,0,0,0,0,0,0,0,0,0,0,0,0,0,0,0,0,0,0,0,0,12408388245,1378709805.00778,2560132902,174586524.4,1578943216,6429,714.333333333333,2460,101,375,0,0,0,0,0,1926,214,783,27,126,42,8.4,21,1,2,2,1,1,1,1,0,0,0,0,0
化学原料和化学制品制造业,河南省,9,,,,,1,,8,,6,1,1,1,6,,,,1,,,,,,,,,,,,,1,,,,1,,,,,,,,122691819286.11,13632424365.1233,59188996562,2167100971,3396396404,8998487375,999831930.592222,3536881120,-47961408.2,422204322.4,38390,4265.55555555556,15994,624,1049,69283679776,7698186641.81333,24112996263,853781512.5,1804725072,38.9555555555556,65.65,16.08,38.23,1831789908,228973738.5,1013670216,9403747.98,71573789.09,41.4022222222222,183.73,-2.79,21.73,10496417260,1166268584.42556,4085609724,-31202889,484635871.3,34.1633333333333,182.54,-124.49,0.25,29.2311111111111,197.48,-158.51,2.18,4.57,121.81,-61.15,-8.38,3.445,4.65,0.9,4.115,-1.26125,-0.31,-3.92,-0.845,3658233.32,1829116.66,3294024.4,364208.92,1829116.66,-94.29,-89,-99.58,-94.29,3876,484.5,1878,34,145.5,19.82125,86.53,-4.25,14.62,15.8811111111111,48.32,-5.3,7.03,229397650.6,25488627.84,129987054.8,3322210,8812565.85,1067,118.555555555556,397,37,61,4342,482.444444444444,1600,68,177,20,4,9,1,4,702,78,287,4,36,621,69,265,5,39,0,0,0,0,0,750,83.3333333333333,296,3,24,0,0,0,0,0,305,33.8888888888889,142,2,7,0,0,0,0,0,623,69.2222222222222,276,7,18,95,10.5555555555556,44,1,5,14.1975,23.25,5.43,12.135,0,0,0,0,0,0,0,0,0,0,1,1,1,1,1,0,0,0,0,0,0,0,0,0,0,0,0,0,0,0,0,0,0,0,0,0,0,0,0,0,0,0,0,0,0,69173883375,7685987041.62445,35921832658,484714401.8,829672925.3,7588,843.111111111111,2641,49,321,0,0,0,0,0,1937,215.222222222222,814,12,129,20,4,9,1,4,4,2,2,2,2,2,2,2,2,2
食品饮料业,河南省,8,,,,,,1,7,,6,1,,1,5,,,1,1,,,,,,,,,,,,,,,,,1,,,,,,,,64443494484,8055436810.44125,36411953392,1586964637,3868088237,6864280483,858035060.3,5717179103,-203151689.3,124930038.5,65982,8247.75,43638,1010,2334.5,81638625231,10204828153.825,62575670420,881653000.4,1612832937,32.82125,51.48,11.87,35.815,1039505973,148500853.275714,793575192.8,15847357.79,38650207.03,4.1075,16.87,-6.81,6.845,8761619975,1095202497,7140764469,-230783940.2,135314159.5,-46.1275,44.57,-396.24,8.065,-59.4775,25.2,-462.8,7.855,12.5614285714286,76.2,-17.2,9.13,2.10571428571429,3.85,1.03,1.23,-0.022857143,0.31,-0.47,0.05,7995493.35,7995493.35,7995493.35,7995493.35,7995493.35,78.35,78.35,78.35,78.35,1122,140.25,264,73,135.5,12.0357142857143,73.89,-9.96,3.8,-0.875714286,5.27,-6.7,-1.05,603643940.1,75455492.52,345973431,610742,22338840.2,1379,172.375,845,35,55,3356,419.5,2069,53,91,0,0,0,0,0,119,14.875,45,1,12,127,15.875,53,1,14,0,0,0,0,0,249,35.5714285714286,165,6,10,0,0,0,0,0,15,3,7,1,3,0,0,0,0,0,281,46.8333333333333,204,3,21,5,2.5,3,2,2.5,5.95375,13.53,0.67,4.88,0,0,0,0,0,0,0,0,0,0,0,0,0,0,0,0,0,0,0,0,0,0,0,0,0,0,0,0,0,0,0,0,0,0,0,0,0,0,0,0,0,0,0,0,0,23280821693,2910102711.5675,14229523712,215051545.5,1144898923,1508,188.5,441,25,206.5,0,0,0,0,0,288,36,75,5,35.5,0,0,0,0,0,13,6.5,11,2,6.5,0,0,0,0,0
专用设备制造业,河南省,8,,3,,,2,,3,,2,2,,4,2,,,,,,1,,,,1,,,,,,,,1,2,,1,,,,,,,,143110153587.56,17888769198.445,44469555238,2295155642,12986185610,6886075306,860759413.21375,2628009814,17592993.34,403703779.9,42412,6058.85714285714,15553,1609,7094,101123284186.98,12640410523.3725,32043340119,488520746.6,10695356049.985,51.39625,90,18.06,53.93,4756728203,594591025.34875,1457400962,26790484.02,528787155,28.93125,143.41,-11.95,13.125,7663013532,957876691.55375,3090074448,23641080.22,361742970.8,11.89875,105.63,-42.03,17.625,19.9075,106.1,-38.2,26.96,12.46625,34.7,-5.5,11.875,6.59,18.93,2.35,4.44,0.165,5.8,-3.76,-0.28,149790755.7,74895377.83,78997790.66,70792965,74895377.83,5.865,11.65,0.08,5.865,6605,943.571428571429,1801,161,1141,76.9085714285714,535.55,-12.67,-2.3,8.12714285714286,47,-7.45,-1.22,806626445.6,100828305.7,315109771,5365259.44,42156700.12,797,99.625,209,34,86,10861,1357.625,2673,246,1380,19,3.8,5,2,4,1169,146.125,539,12,118,1067,133.375,429,25,67,0,0,0,0,0,1188,148.5,322,8,141,2,2,2,2,2,420,60,144,10,62,2,2,2,2,2,1000,125,268,4,118.5,130,18.5714285714286,54,6,14,16.6357142857143,25.47,10.38,16.01,0,0,0,0,0,0,0,0,0,0,6,2,3,1,2,1,1,1,1,1,0,0,0,0,0,0,0,0,0,0,0,0,0,0,0,0,0,0,0,0,0,0,0,0,0,80976669832,10122083728.9712,25831344156,428216670.7,6488975272,17503,2187.875,6928,444,1792,0,0,0,0,0,3199,399.875,1214,41,288,19,3.8,5,2,4,15,3.75,8,1,3,0,0,0,0,0
信息传输、软件和信息技术服务业,河南省,3,,,,,,,3,,2,,1,,2,,,,,,,,,,,,,,,1,,,,,,,,,,,,,,4169419977,1389806658.88667,2702080526,475306045.3,992033405,181461376.1,60487125.3566667,117073563.6,19428614.64,44959197.8,3829,1276.33333333333,2888,371,570,1747928067,582642688.9,1069703201,301289740.3,376935125.6,22.4933333333333,26.51,19.02,21.95,286629489.4,95543163.1266667,227117650,24529210.52,34982628.91,-3.05,12.3,-26.73,5.28,199326475.4,66442158.46,130405680.7,20169907.3,48750887.4,-24.44,15.82,-57.81,-31.33,-20.08666667,26.56,-55.03,-31.79,7.15,31.31,-18,8.14,13.13,21.24,6.55,11.6,0.993333333333333,1.69,0.59,0.7,108555939.8,108555939.8,108555939.8,108555939.8,108555939.8,31.87,31.87,31.87,31.87,1691,563.666666666667,1365,120,206,9.80333333333333,14.9,4.2,10.31,-0.15,4.15,-8.7,4.1,12738644.44,4246214.81333333,7365002.64,1655641,3718000.8,79.85,26.6166666666667,50,5.85,24,673,224.333333333333,391,16,266,0,0,0,0,0,43,14.3333333333333,20,4,19,114,38,100,4,10,0,0,0,0,0,62,20.6666666666667,28,8,26,0,0,0,0,0,32,10.6666666666667,14,8,10,0,0,0,0,0,61,30.5,38,23,30.5,9,4.5,6,3,4.5,38.2133333333333,47.21,32.8,34.63,0,0,0,0,0,0,0,0,0,0,0,0,0,0,0,0,0,0,0,0,0,0,0,0,0,0,0,0,0,0,0,0,0,0,0,0,0,0,0,0,0,0,0,0,0,858633023,286211007.676667,515032914.8,126233932.9,217366175.3,865,288.333333333333,413,89,363,0,0,0,0,0,355,118.333333333333,214,15,126,0,0,0,0,0,2,1,1,1,1,0,0,0,0,0
电力、热力、燃气及水生产和供应业,河南省,5,,,,,3,,2,,2,1,,2,,2,,,1,,,,,,,,,,,,,,1,,,1,,,,,,,,87042666740,17408533348.046,30806911799,6247456550,15958795573,-716092821,-143218564.2,597611265.3,-2373943030,469278514,9383,2345.75,3702,1631,2025,35755200846,7151040169,13097586153,4144286575,6216760067,63.702,86.84,40.62,63.5,173728074.7,57909358.2233333,88303225.6,3850197.11,81574651.96,11.166,24.15,-1.4,10.03,-205689796.2,-41137959.23,936801448,-2660723719,608253736.3,-12.104,38.9,-42.89,-8.21,-15.008,41.94,-54.37,-11.16,33.405,78.02,-11.21,33.405,1.17333333333333,2.17,0.05,1.3,0.275,0.69,-0.14,0.275,1139392,569696,790384.4,349007.6,569696,-7.83,-7.83,-7.83,-7.83,490,163.333333333333,321,33,136,13.075,31.1,-4.95,13.075,7.3525,14.52,1.57,6.66,132269498.2,26453899.64,35979606.32,16331633.38,23413116,326,65.2,74,50,66,978,244.5,519,18,220.5,0,0,0,0,0,102,34,86,1,15,135,45,116,1,18,0,0,0,0,0,131,43.6666666666667,97,4,30,0,0,0,0,0,38,19,32,6,19,0,0,0,0,0,172,43,129,1,21,6,6,6,6,6,7.49,14.23,0.83,7.41,0,0,0,0,0,0,0,0,0,0,0,0,0,0,0,0,0,0,0,0,0,0,0,0,0,0,0,0,0,0,0,0,0,0,0,0,0,0,0,0,0,0,0,0,0,62664025701,12532805140,26769220921,2542069689,10136026245,1720,430,1427,2,145.5,0,0,0,0,0,261,87,162,5,94,0,0,0,0,0,1,1,1,1,1,0,0,0,0,0
商业电气机械和器材制造业,河南省,10,,2,,,1,,7,,8,,,2,6,1,1,,,,,,,,,,,,,,,,,1,,1,,,,,,,,70205341616,7020534162,19399391494,848357014.5,4470718444,2342423810,234242381,995408743.2,32299512.9,88621043.91,35257,3525.7,14096,319,2045,47683915328,4768391533,15029759843,200446205.5,2537475924,34.653,51.7,6.34,40.92,1830411958,183041195.8,698774661.5,14449958.78,93728759.78,32.755,131.54,-19.75,19.67,2602651282,260265128.2,1090766870,28354872.47,104215899.9,93.198,404.27,-66.21,19.875,90.019,379.23,-65.75,36.155,25.646,84.56,-9.3,24.62,4.46,7.82,2,4.095,0.123,2.38,-1.68,-0.27,185209578.4,61736526.1233333,131971083.1,4861501.26,48376994.04,39.495,67.97,11.02,39.495,4704,470.4,2518,49,225.5,20.0255555555556,86.38,-6.47,2.96,12.505,57.68,-14.38,4.25,131206257.7,13120625.77,50102353.78,1465479.6,8642346.5,773,77.3,235,22,46,15240,1524,8184,74,399.5,171,57,113,2,56,4027,402.7,2872,5,25,2613,261.3,2006,5,18,0,0,0,0,0,870,87,447,21,25.5,1,1,1,1,1,552,55.2,384,2,8.5,1,1,1,1,1,869,86.9,441,8,28,463,57.875,345,1,4,15.628,44.54,4.4,10.93,0,0,0,0,0,0,0,0,0,0,16,4,12,1,1.5,1,1,1,1,1,0,0,0,0,0,0,0,0,0,0,0,0,0,0,0,2,2,2,2,2,0,0,0,0,0,31273134029,3127313403,8301876990,69251266.97,1953820823,40090,4009,28667,78,286.5,0,0,0,0,0,9060,906,6397,18,55,174,58,116,2,56,19,4.75,15,1,1.5,0,0,0,0,0
批发和零售业,河南省,1,,,,,,1,,,,1,,,,,,,,1,,,,,,,,,,,,,,,,,,,,,,,,10802591471,10802591471,10802591471,10802591471,10802591471,-1622800558,-1622800558,-1622800558,-1622800558,-1622800558,3921,3921,3921,3921,3921,16321691423,16321691423,16321691423,16321691423,16321691423,55.73,55.73,55.73,55.73,0,0,0,0,0,-9.24,-9.24,-9.24,-9.24,-1382303864,-1382303864,-1382303864,-1382303864,-1382303864,-237.76,-237.76,-237.76,-237.76,-338.71,-338.71,-338.71,-338.71,0,0,0,0,0,0,0,0,0,0,0,0,0,0,0,0,0,0,0,0,0,0,0,0,0,0,0,0,0,0,-13.78,-13.78,-13.78,-13.78,9920459,9920459,9920459,9920459,9920459,12,12,12,12,12,26,26,26,26,26,0,0,0,0,0,1,1,1,1,1,0,0,0,0,0,0,0,0,0,0,4,4,4,4,4,0,0,0,0,0,0,0,0,0,0,0,0,0,0,0,0,0,0,0,0,0,0,0,0,0,0,0,0,0,0,0,0,0,0,0,0,0,0,0,0,0,0,0,0,0,0,0,0,0,0,0,0,0,0,0,0,0,0,0,0,0,0,0,0,0,0,0,0,0,0,0,0,0,0,6026704253,6026704253,6026704253,6026704253,6026704253,14,14,14,14,14,0,0,0,0,0,1,1,1,1,1,0,0,0,0,0,0,0,0,0,0,0,0,0,0,0
金融业,河南省,6,,1,,,5,,,,2,3,,1,,1,1,,,,,,,,3,,,,,,,,1,,,,,,,,,,,2727427549461.48,454571258243.58,1326736054524.0,50182644204,354406253437.785,10339442756,1723240459.40667,3825127765,107643133.1,1849539368,39781,6630.16666666667,19601,2743,4402.5,78307148527,13051191421,25611160354,1881040505,15163602350,82.8733333333333,92.97,71.61,84.955,24050399.49,24050399.49,24050399.49,24050399.49,24050399.49,-13.79333333,32.84,-57.46,-1.755,11270560897,1878426816,4307731821,115541648,1911248375,-48.17333333,-6.33,-83.79,-44.095,-41.51833333,5.23,-80.42,-35.055,2.41,2.41,2.41,2.41,0.1,0.1,0.1,0.1,0.07,0.07,0.07,0.07,0,0,0,0,0,0,0,0,0,0,0,0,0,0,0,0,0,0,11.938,45.21,0.7,6.52,410296383.2,68382730.54,120347351,2833839.11,70403187.27,753,125.5,180,48,141.5,279,69.75,225,6,24,0,0,0,0,0,46,23,34,12,23,46,23,43,3,23,0,0,0,0,0,36,18,24,12,18,0,0,0,0,0,29,14.5,17,12,14.5,0,0,0,0,0,14,7,11,3,7,14,7,11,3,7,0,0,0,0,0,0,0,0,0,0,0,0,0,0,1,1,1,1,1,0,0,0,0,0,0,0,0,0,0,0,0,0,0,0,0,0,0,0,0,0,0,0,0,0,0,0,0,0,0,2475298136709.12,412549689451.52,1233101012428.0,35975230809,3.15679E+11,980,245,921,12,23.5,0,0,0,0,0,168,84,126,42,84,0,0,0,0,0,3,3,3,3,3,1,1,1,1,1
汽车制造业,河南省,6,,1,,,,,5,,3,,1,2,3,,,,,,,,,,,,,,,1,,,,1,,1,,,,,,,,51637186291,8606197715.22667,29997518814,339402739.5,4843388253,1190848128,198474688.001667,767805380.4,19297460.69,79741232.19,30846,5141,13068,165,4927,33581134931,5596855822,21798972780,160395426.8,2779794688,38.2866666666667,59.25,12.97,41.395,2319771378,386628562.921667,1694313748,6336556.46,163593599.3,-7.221666667,21.02,-46.47,-6.105,1139631443,189938573.883333,705801353.8,20723528.41,85140253.19,6.935,178.79,-72.6,-20.865,8.19166666666666,173.56,-69,-19.99,-11.30666667,8.57,-42.17,-8.13,5.61333333333333,7.71,3.96,5.59,-0.101666667,1.08,-1.97,0.02,0,0,0,0,0,0,0,0,0,4946,824.333333333333,2829,24,600.5,-8.176666667,6.75,-24.8,-7.31,-4.756666667,9.91,-17.17,-3.745,505944838.5,84324139.7566667,407098629,2912372.91,21801385.01,536.89,89.4816666666667,329,5.89,44,8758,1459.66666666667,5467,62,777,52,26,44,8,26,1095,182.5,710,3,99.5,823,137.166666666667,445,3,97,0,0,0,0,0,422,70.3333333333333,186,3,55.5,2,2,2,2,2,84,14,36,1,10.5,2,2,2,2,2,486,81,240,11,57.5,138,27.6,116,1,5,13.89,21.66,10.45,12.925,0,0,0,0,0,0,0,0,0,0,8,2,4,1,1.5,0,0,0,0,0,0,0,0,0,0,0,0,0,0,0,0,0,0,0,0,0,0,0,0,0,0,0,0,0,0,24687059063,4114509843.84333,15401591196,43991957.4,1947766144,16958,2826.33333333333,11712,15,1397,0,0,0,0,0,2806,467.666666666667,1889,12,227.5,52,26,44,8,26,22,11,20,2,11,1,1,1,1,1
金属冶炼和压延加工业,河南省,7,,,,,3,1,3,,2,1,,4,1,1,,,,1,,,,,,,,,,,,,2,,,2,,,,,,,,169350111941.34,24192873134.4771,60477361734,1445290113,18954569490,9179344394,1311334913.48429,8583091452,-3130771614,424518191.8,55643,7949,23062,1171,5966,162407939606.96,23201134229.5657,42703881874,1382816349,27112305006,54.0085714285714,80.91,32.45,57.44,3194679589,532446598.176667,1115769544,43683324.5,422142053,7.63142857142857,35.79,-24.57,12.85,11892709812,1698958545,10901749877,-3235179604,443205608.1,-46.35,106.97,-401.39,-7.43,-27.81,183.52,-407.99,-8.17,15.922,91.52,-19.81,4.38,2.40666666666667,3.59,0.42,3.01,-0.31,0.36,-1.5,-0.05,24167338.69,12083669.35,12468375.69,11698963,12083669.35,46.515,103.03,-10,46.515,5410,1082,2557,181,620,13.156,22.25,-5.14,19.82,-7.554285714,7.8,-26.3,-3.31,558807188.5,79829598.3614286,328352426.8,439077.4,47942963.26,726.18,103.74,295,1.18,69,2307,384.5,864,30,307,0,0,0,0,0,233,46.6,84,10,57,211,35.1666666666667,72,5,34.5,0,0,0,0,0,564,112.8,263,1,61,0,0,0,0,0,145,36.25,98,7,20,0,0,0,0,0,460,92,198,1,60,61,15.25,35,1,12.5,9.7,19.21,4.77,7.03,0,0,0,0,0,0,0,0,0,0,2,1,1,1,1,0,0,0,0,0,0,0,0,0,0,0,0,0,0,0,0,0,0,0,0,0,0,0,0,0,0,0,0,0,0,102719695230.67,14674242176,39276980499,830760049.3,9455456206,3675,612.5,1166,75,577,0,0,0,0,0,639,106.5,282,5,87.5,0,0,0,0,0,4,4,4,4,4,2,2,2,2,2
交通运输、仓储和邮政业,河南省,2,,,,,2,,,,1,,,1,,1,,,,,,,,,,,,,,,,,1,,,,,,,,,,,75217141091,37608570545.365,49709792023,25507349068,37608570545.365,1292265161,646132580.4,1152710683,139554478,646132580.4,7225,3612.5,3759,3466,3612.5,13766299218,6883149609,7410506675,6355792544,6883149609,72.785,74.6,70.97,72.785,77829500.76,38914750.38,77329452.76,500048,38914750.38,22.475,32.14,12.81,22.475,1672595184,836297591.9,1489143573,183451610.6,836297591.9,-34.565,12.25,-81.38,-34.565,-32.96,15.34,-81.26,-32.96,332.15,629.09,35.21,332.15,0.65,1.23,0.07,0.65,1.01,1.01,1.01,1.01,450092,450092,450092,450092,450092,0,0,0,0,0,0,0,0,0,0,0,0,0,-6.35,7.68,-20.38,-6.35,83423494.58,41711747.29,69265379.46,14158115.12,41711747.29,167,83.5,85,82,83.5,351,175.5,311,40,175.5,0,0,0,0,0,15,7.5,10,5,7.5,9,4.5,6,3,4.5,0,0,0,0,0,140,70,125,15,70,0,0,0,0,0,19,9.5,12,7,9.5,0,0,0,0,0,91,45.5,87,4,45.5,5,5,5,5,5,0,0,0,0,0,0,0,0,0,0,0,0,0,0,0,0,0,0,0,0,0,0,0,0,0,0,0,0,0,0,0,0,0,0,0,0,0,0,0,0,0,0,0,0,0,0,0,0,0,55174594655,27587297327.285,37085948158,18088646497,27587297327.285,228,114,132,96,114,0,0,0,0,0,65,32.5,47,18,32.5,0,0,0,0,0,0,0,0,0,0,0,0,0,0,0
消费电子及电气业,河南省,2,,,,,,,2,,2,,,,2,,,,,,,,,,,,,,,,,,,,,,,,,,,,,3231765662,1615882831,2454449965,777315696.3,1615882831,93604024.76,46802012.38,102629686.9,-9025662.18,46802012.38,1440,720,867,573,720,981249871.2,490624935.6,651853322.5,329396548.7,490624935.6,24.67,25.92,23.42,24.67,147770597.4,73885298.71,90183301.4,57587296.01,73885298.71,15.005,41.51,-11.5,15.005,97918806.91,48959403.46,114789721.3,-16870914.42,48959403.46,25.04,67.75,-17.67,25.04,31.83,76.1,-12.44,31.83,-10.335,-4.54,-16.13,-10.335,15.645,17.45,13.84,15.645,-5.51,1.04,-12.06,-5.51,0,0,0,0,0,0,0,0,0,558,279,286,272,279,-12.185,2.53,-26.9,-12.185,-7.685,-0.64,-14.73,-7.685,21453879.68,10726939.84,13821383.35,7632496.33,10726939.84,54,27,34,20,27,1042,521,662,380,521,0,0,0,0,0,143,71.5,104,39,71.5,137,68.5,109,28,68.5,0,0,0,0,0,62,31,43,19,31,0,0,0,0,0,23,11.5,12,11,11.5,0,0,0,0,0,84,42,50,34,42,23,11.5,15,8,11.5,41.2,50.31,32.09,41.2,0,0,0,0,0,0,0,0,0,0,1,1,1,1,1,0,0,0,0,0,0,0,0,0,0,0,0,0,0,0,0,0,0,0,0,0,0,0,0,0,0,0,0,0,0,818463947.9,409231973.9,635950618,182513329.9,409231973.9,2127,1063.5,1466,661,1063.5,0,0,0,0,0,362,181,248,114,181,0,0,0,0,0,2,2,2,2,2,0,0,0,0,0
房地产业,河南省,5,,,,,,,5,,,5,,,,,,,5,,,,,,,,,,,,,,,,,,,,,,,,,1.56082E+11,31216404867,1.38957E+11,591336858,5334800165,-7056671909,-1411334382,571166882,-7818512415,65705512,11420,2284,6080,576,1832,31206450922,6241290184,24082538324,321068548,2861779681,57.39,97.6,30.06,42.64,3218137,3218137,3218137,3218137,3218137,-7.352,13.93,-42.6,1.1,-5985741952,-1197148390,759417955,-7042325822,77771396,-88.042,-8.08,-311.4,-38.67,-171.222,-12.56,-729.92,-25.83,-21.07,-21.07,-21.07,-21.07,1,1,1,1,-0.47,-0.47,-0.47,-0.47,0,0,0,0,0,0,0,0,0,0,0,0,0,0,0,0,0,0,0.4925,2.13,-1.4,0.62,58283757,14570939.25,32809675,1924647,11774717.5,45.84,9.168,31,2.8,4.2,0,0,0,0,0,0,0,0,0,0,0,0,0,0,0,0,0,0,0,0,0,0,0,0,0,0,0,0,0,0,0,0,0,0,0,0,0,0,0,0,0,0,0,0,0,0,0,0,0,0,0,0,0,0,0,0,0,0,0,0,0,0,0,0,0,0,0,0,0,0,0,0,0,0,0,0,0,0,0,0,0,0,0,0,0,0,0,0,0,0,0,0,0,0,0,0,0,0,0,0,0,0,0,0,1.46652E+11,29330316237,1.35629E+11,177833188,2275684779,0,0,0,0,0,0,0,0,0,0,0,0,0,0,0,0,0,0,0,0,0,0,0,0,0,0,0,0,0,0
采矿业,河南省,8,,,,,4,,4,,1,3,,4,1,,,,2,,,,,,1,,,,,,,,3,,,1,,,,,,,,459964402662.78,57495550332.8475,165019277366.79,1414395228,18109599162.125,23677741602,2959717700.25125,7191708508,149978435.9,1207585543,126406,15800.75,53693,667,12776,418126546609.11,52265818326.1387,172990814160.33,513790841.4,11287541747,55.54625,80.66,18.9,62.46,1806567836,225820979.48875,660408019.7,12669383.55,139451851.3,30.985,89.91,-0.5,22.28,32113900845,4014237605.60875,9889055702,162301568.1,1412736225,50.95625,114.21,8,51.305,551.84625,4059.5,12.41,47.7,34.56625,144.67,-17.68,30.215,2.245,12.5,0.12,0.44,0.18,1.65,-0.3,0,0,0,0,0,0,0,0,0,0,2755,459.166666666667,884,65,406,8.85,17.99,1.19,7.37,7.53625,26.4,-17.83,8.895,372351783.7,46543972.97,96677273.23,987084,38451839.06,2303,287.875,1091,10,77.5,1946,243.25,400,18,344,5,5,5,5,5,186,23.25,69,2,12.5,198,28.2857142857143,62,1,28,0,0,0,0,0,322,40.25,72,2,40,0,0,0,0,0,115,23,51,7,20,0,0,0,0,0,241,30.125,65,1,36,20,2.85714285714286,14,1,1,6.83666666666667,20.64,1.89,4.65,0,0,0,0,0,0,0,0,0,0,6,2,3,1,2,0,0,0,0,0,0,0,0,0,0,0,0,0,0,0,0,0,0,0,0,0,0,0,0,0,0,0,0,0,0,287694216523.07,35961777065.3837,102981863654.65,267280106,12435434490,3578,447.25,991,10,556,0,0,0,0,0,588,73.5,203,3,78.5,5,5,5,5,5,4,1.33333333333333,2,1,1,0,0,0,0,0
非金属矿物制品业,河南省,10,,3,,,,,7,,2,2,3,3,2,,,,1,,1,,,,,,,,,3,,,,2,,1,,,,,,,,84715549813,8471554981,32343580717,358622483.7,6865735331,2548085032,254808503.2,539280227,13934883.98,231867476.3,24867,2486.7,7292,159,2617,32781388114,3278138811,11055468819,108363331.5,2548872831,39.399,65.8,9.14,48.65,1344909718,134490971.8,444346726,7036846.13,111019685.3,22.797,96.73,-13.05,6.99,2820484817,282048481.7,687883288,15555665.3,242320830.9,17.467,165.86,-52.64,11.26,21.063,179.99,-57.96,18.625,21.546,70.83,-3.91,11.095,4.464,6.42,3.13,4.065,0.067,0.9,-0.79,0.025,76926643.31,38463321.66,38463571.17,38463072.14,38463321.66,129.23,129.26,129.2,129.23,2139,237.666666666667,571,20,325,11.835,63.25,-23.47,12.195,4.798,51.2,-11.83,-3.755,468468397.5,46846839.75,153719821.9,1018712.74,20964098.7,590.6,59.06,169,3.43,50,4003,400.3,909,47,306.5,6,3,4,2,3,475,47.5,260,4,18.5,391,39.1,151,1,24,0,0,0,0,0,560,56,162,3,43,0,0,0,0,0,157,17.4444444444444,70,3,7,0,0,0,0,0,524,52.4,207,3,34,67,8.375,41,1,5,12.9588888888889,16.1,10.9,13.24,0,0,0,0,0,0,0,0,0,0,4,1,1,1,1,0,0,0,0,0,0,0,0,0,0,0,0,0,0,0,0,0,0,0,0,0,0,0,0,0,0,0,0,0,0,42452353626,4245235363,15753467923,32678641.9,3593529989,7593,759.3,3140,38,480,0,0,0,0,0,1140,114,498,10,64,6,3,4,2,3,10,3.33333333333333,8,1,1,6,3,3,3,3
通用设备制造业,河南省,4,,1,,,,,3,,3,,,1,2,,1,,,,,,,,,,,,,,,,,,,1,,,,,,,,25250998359,6312749589.6825,9179861155,4730710000,5670213602,1065309379,266327344.8,417687738,80863092.45,283379274.4,15113,3778.25,9183,1841,2044.5,11975834945,2993958736,3585286149,2301100100,3044724348,47.0275,56.91,39.23,45.985,825524664.3,206381166.1,412799898.2,123493536.1,144615615,2.4775,7.11,-4.59,3.695,1148431662,287107915.6,481221533.1,106297745.8,280456191.8,-7.8325,80.31,-68.57,-21.535,-8.245,81.21,-73.6,-20.295,6.3975,21.64,-8.58,6.265,6.675,12.04,4.44,5.11,0.22,0.55,-0.14,0.235,2259389.07,2259389.07,2259389.07,2259389.07,2259389.07,-88.02,-88.02,-88.02,-88.02,1581,395.25,492,323,383,-0.4775,8.42,-9.35,-0.49,1.6075,16.98,-16.1,2.775,209543748.8,52385937.2,92359164.34,11821525.07,52681529.7,330,82.5,126,61,71.5,3955,988.75,2026,174,877.5,7,3.5,6,1,3.5,849,212.25,692,15,71,527,131.75,409,8,55,0,0,0,0,0,287,71.75,141,9,68.5,1,1,1,1,1,148,37,109,7,16,1,1,1,1,1,294,73.5,109,10,87.5,99,24.75,59,3,18.5,16.1975,27.07,4.62,16.55,0,0,0,0,0,0,0,0,0,0,7,2.33333333333333,3,2,2,0,0,0,0,0,0,0,0,0,0,0,0,0,0,0,0,0,0,0,0,0,0,0,0,0,0,0,0,0,0,12280898345,3070224586,5224955238,2058982217,2498480445,9712,2428,6780,231,1350.5,0,0,0,0,0,1603,400.75,1113,62,214,7,3.5,6,1,3.5,10,5,9,1,5,0,0,0,0,0
半导体业,河南省,0,,,,,,,,,,,,,,,,,,,,,,,,,,,,,,,,,,,,,,,,,,0,0,0,0,0,0,0,0,0,0,0,0,0,0,0,0,0,0,0,0,0,0,0,0,0,0,0,0,0,0,0,0,0,0,0,0,0,0,0,0,0,0,0,0,0,0,0,0,0,0,0,0,0,0,0,0,0,0,0,0,0,0,0,0,0,0,0,0,0,0,0,0,0,0,0,0,0,0,0,0,0,0,0,0,0,0,0,0,0,0,0,0,0,0,0,0,0,0,0,0,0,0,0,0,0,0,0,0,0,0,0,0,0,0,0,0,0,0,0,0,0,0,0,0,0,0,0,0,0,0,0,0,0,0,0,0,0,0,0,0,0,0,0,0,0,0,0,0,0,0,0,0,0,0,0,0,0,0,0,0,0,0,0,0,0,0,0,0,0,0,0,0,0,0,0,0,0,0,0,0,0,0,0,0,0,0,0,0,0,0,0,0,0,0,0,0,0,0,0,0,0,0,0,0,0,0,0,0,0,0,0,0,0,0,0,0,0,0,0,0,0,0,0,0,0,0,0,0,0
建筑业,河南省,2,,,,,1,,1,,1,1,,,,1,,,1,,,,,,,,,,,,,,,,,,,,,,,,,21308143393,10654071696.285,18614712841,2693430552,10654071696.285,-421812137.5,-210906068.7,303476353,-725288490.5,-210906068.7,1945,972.5,1035,910,972.5,4850538353,2425269176,4244862776,605675577,2425269176,47.675,76.2,19.15,47.675,138375083.8,138375083.8,138375083.8,138375083.8,138375083.8,-24.235,4.96,-53.43,-24.235,-321979130.2,-160989565.1,403561597,-725540727.2,-160989565.1,-23.03,14.09,-60.15,-23.03,-26.52,7.56,-60.6,-26.52,-27.7,-27.7,-27.7,-27.7,3.21,3.21,3.21,3.21,-1.4,-1.4,-1.4,-1.4,0,0,0,0,0,0,0,0,0,183,183,183,183,183,-7.8,-7.8,-7.8,-7.8,-19.56,-12.78,-26.34,-19.56,13723182.4,6861591.2,9404772,4318410.4,6861591.2,57,28.5,44,13,28.5,1456,1456,1456,1456,1456,1,1,1,1,1,95,95,95,95,95,974,974,974,974,974,0,0,0,0,0,26,26,26,26,26,0,0,0,0,0,6,6,6,6,6,0,0,0,0,0,23,23,23,23,23,1,1,1,1,1,18.26,18.26,18.26,18.26,0,0,0,0,0,0,0,0,0,0,0,0,0,0,0,0,0,0,0,0,0,0,0,0,0,0,0,0,0,0,0,0,0,0,0,0,0,0,0,0,0,0,0,0,0,14713312290,7356656145,14197809932,515502358,7356656145,3400,3400,3400,3400,3400,0,0,0,0,0,1065,1065,1065,1065,1065,1,1,1,1,1,0,0,0,0,0,0,0,0,0,0
铁路、船舶、航空航天和其他运输设备制造业,河南省,2,,1,,,,,1,,1,,,1,,,1,,,,,,,,,,,,,,,,,,,1,,,,,,,,36605897507,18302948753,31810775996,4795121511,18302948753,3264320792,1632160396,2902056778,362264014.5,1632160396,16940,8470,15949,991,8470,16905349334,8452674667,15838171125,1067178209,8452674667,24.695,41.85,7.54,24.695,1739368956,869684478.2,1597423805,141945151.3,869684478.2,11.635,23.03,0.24,11.635,3418904369,1709452184,3020584676,398319692.2,1709452184,10.23,34.43,-13.97,10.23,14.21,36.57,-8.15,14.21,22.96,23.66,22.26,22.96,11.66,13.3,10.02,11.66,1.25,2.51,-0.01,1.25,0,0,0,0,0,0,0,0,0,4980,2490,4607,373,2490,12.8,12.82,12.78,12.8,10.175,10.8,9.55,10.175,106963486,53481743.01,102364785.2,4598700.82,53481743.01,1028,514,963,65,514,6718,3359,6045,673,3359,34,34,34,34,34,1659,829.5,1566,93,829.5,877,438.5,784,93,438.5,0,0,0,0,0,682,341,647,35,341,4,4,4,4,4,366,183,356,10,183,4,4,4,4,4,548,274,520,28,274,195,97.5,183,12,97.5,33.055,37.27,28.84,33.055,0,0,0,0,0,0,0,0,0,0,2,1,1,1,1,1,1,1,1,1,0,0,0,0,0,0,0,0,0,0,0,0,0,0,0,0,0,0,0,0,0,0,0,0,0,13669416023,6834708012,13309186121,360229902.7,6834708012,10793,5396.5,9220,1573,5396.5,0,0,0,0,0,3267,1633.5,2992,275,1633.5,34,34,34,34,34,1,1,1,1,1,0,0,0,0,0
水利、环境和公共设施管理业,河南省,1,,,,,,,1,,1,,,,1,,,,,,,,,,,,,,,,,,,,,,,,,,,,,1878971382,1878971382,1878971382,1878971382,1878971382,35698166.23,35698166.23,35698166.23,35698166.23,35698166.23,1001,1001,1001,1001,1001,444953713.5,444953713.5,444953713.5,444953713.5,444953713.5,20.16,20.16,20.16,20.16,6156479.8,6156479.8,6156479.8,6156479.8,6156479.8,-10.84,-10.84,-10.84,-10.84,62788412.57,62788412.57,62788412.57,62788412.57,62788412.57,-51.57,-51.57,-51.57,-51.57,-66.96,-66.96,-66.96,-66.96,-6.2,-6.2,-6.2,-6.2,1.36,1.36,1.36,1.36,0.01,0.01,0.01,0.01,0,0,0,0,0,0,0,0,0,75,75,75,75,75,25,25,25,25,21.22,21.22,21.22,21.22,832973.11,832973.11,832973.11,832973.11,832973.11,44,44,44,44,44,74,74,74,74,74,0,0,0,0,0,7,7,7,7,7,3,3,3,3,3,0,0,0,0,0,11,11,11,11,11,0,0,0,0,0,1,1,1,1,1,0,0,0,0,0,6,6,6,6,6,0,0,0,0,0,7.42,7.42,7.42,7.42,0,0,0,0,0,0,0,0,0,0,0,0,0,0,0,0,0,0,0,0,0,0,0,0,0,0,0,0,0,0,0,0,0,0,0,0,0,0,0,0,0,0,0,0,0,378186054.3,378186054.3,378186054.3,378186054.3,378186054.3,86,86,86,86,86,0,0,0,0,0,14,14,14,14,14,0,0,0,0,0,0,0,0,0,0,0,0,0,0,0
科学研究和技术服务业,河南省,2,,,,,1,,1,,2,,,,1,1,,,,,,,,,,,,,,,,,,,,,,,,,,,,7618480035,3809240018,6478880940,1139599095,3809240018,314663704.5,157331852.3,245653983.7,69009720.86,157331852.3,3821,1910.5,3714,107,1910.5,2667276151,1333638075,2511287769,155988381.8,1333638075,31.175,54.41,7.94,31.175,141752284.7,70876142.37,131154323.4,10597961.33,70876142.37,15.37,22.34,8.4,15.37,380342516.3,190171258.1,299151254.8,81191261.47,190171258.1,-6.38,7.41,-20.17,-6.38,-8.16,7.4,-23.72,-8.16,11.645,17.54,5.75,11.645,6,6.76,5.24,6,-0.22,-0.16,-0.28,-0.22,0,0,0,0,0,0,0,0,0,554,277,545,9,277,15.265,18.03,12.5,15.265,16.05,29.19,2.91,16.05,7945164.96,3972582.48,6419387.82,1525777.14,3972582.48,55,27.5,32,23,27.5,862,431,689,173,431,0,0,0,0,0,140,70,98,42,70,57,28.5,44,13,28.5,0,0,0,0,0,135,67.5,107,28,67.5,0,0,0,0,0,74,37,52,22,37,0,0,0,0,0,101,50.5,76,25,50.5,44,22,25,19,22,11.61,14.62,8.6,11.61,0,0,0,0,0,0,0,0,0,0,2,2,2,2,2,0,0,0,0,0,0,0,0,0,0,0,0,0,0,0,0,0,0,0,0,0,0,0,0,0,0,0,0,0,0,3616488497,1808244248,3526157981,90330516.02,1808244248,1617,808.5,1251,366,808.5,0,0,0,0,0,387,193.5,273,114,193.5,0,0,0,0,0,0,0,0,0,0,0,0,0,0,0
纺织鞋服业,河南省,2,,,,,1,,1,,1,,,1,,1,,,,,,,,,,,,,,,,,,,,1,,,,,,,,12011312063,6005656031,6758029401,5253282662,6005656031,-1374036811,-687018405.4,34737289.95,-1408774101,-687018405.4,16866,8433,9011,7855,8433,4698806768,2349403384,3440872867,1257933901,2349403384,67.88,89.66,46.1,67.88,136520998.1,68260499.07,101181593,35339405.13,68260499.07,-27.365,-19.6,-35.13,-27.365,-1378741083,-689370541.5,46243734.77,-1424984818,-689370541.5,-351.145,-33.89,-668.4,-351.145,-187.065,-42.27,-331.86,-187.065,-28.43,-18.92,-37.94,-28.43,2.925,2.98,2.87,2.925,-0.07,0.03,-0.17,-0.07,0,0,0,0,0,0,0,0,0,960,480,597,363,480,-7.755,-1.68,-13.83,-7.755,-5.655,-3.51,-7.8,-5.655,12270204.48,6135102.24,10984448.85,1285755.63,6135102.24,43,21.5,28,15,21.5,796,398,550,246,398,2,2,2,2,2,33,16.5,24,9,16.5,82,41,48,34,41,0,0,0,0,0,32,16,17,15,16,0,0,0,0,0,1,1,1,1,1,0,0,0,0,0,55,27.5,28,27,27.5,4,2,2,2,2,5.615,6.58,4.65,5.615,0,0,0,0,0,0,0,0,0,0,0,0,0,0,0,0,0,0,0,0,0,0,0,0,0,0,0,0,0,0,0,0,0,0,0,0,0,0,0,0,0,0,0,0,0,8481217818,4240608909,6056597495,2424620323,4240608909,729,364.5,427,302,364.5,0,0,0,0,0,117,58.5,73,44,58.5,2,2,2,2,2,1,1,1,1,1,0,0,0,0,0
通信传输设备业,河南省,1,,,,,,,1,,,,,1,,,,,,,,,,,,,,,,,,,,,,1,,,,,,,,1574814680,1574814680,1574814680,1574814680,1574814680,64291436.29,64291436.29,64291436.29,64291436.29,64291436.29,1909,1909,1909,1909,1909,903268147.4,903268147.4,903268147.4,903268147.4,903268147.4,23.5,23.5,23.5,23.5,80349432.52,80349432.52,80349432.52,80349432.52,80349432.52,10.54,10.54,10.54,10.54,63814861.89,63814861.89,63814861.89,63814861.89,63814861.89,18.46,18.46,18.46,18.46,22.84,22.84,22.84,22.84,0.42,0.42,0.42,0.42,8.9,8.9,8.9,8.9,-0.86,-0.86,-0.86,-0.86,0,0,0,0,0,0,0,0,0,252,252,252,252,252,10.25,10.25,10.25,10.25,-1.04,-1.04,-1.04,-1.04,20833310.85,20833310.85,20833310.85,20833310.85,20833310.85,81,81,81,81,81,353,353,353,353,353,2,2,2,2,2,43,43,43,43,43,47,47,47,47,47,0,0,0,0,0,43,43,43,43,43,0,0,0,0,0,19,19,19,19,19,0,0,0,0,0,37,37,37,37,37,1,1,1,1,1,13.61,13.61,13.61,13.61,0,0,0,0,0,0,0,0,0,0,0,0,0,0,0,0,0,0,0,0,0,0,0,0,0,0,0,0,0,0,0,0,0,0,0,0,0,0,0,0,0,0,0,0,0,370138898.3,370138898.3,370138898.3,370138898.3,370138898.3,578,578,578,578,578,0,0,0,0,0,127,127,127,127,127,2,2,2,2,2,0,0,0,0,0,1,1,1,1,1
金属制品业,河南省,1,,,,,,,1,,1,,,,1,,,,,,,,,,,,,,,,,,,,,,,,,,,,,8041375597,8041375597,8041375597,8041375597,8041375597,189578851.3,189578851.3,189578851.3,189578851.3,189578851.3,4607,4607,4607,4607,4607,4417412052,4417412052,4417412052,4417412052,4417412052,53.33,53.33,53.33,53.33,147949816.5,147949816.5,147949816.5,147949816.5,147949816.5,30.03,30.03,30.03,30.03,184586980.9,184586980.9,184586980.9,184586980.9,184586980.9,23.78,23.78,23.78,23.78,34.37,34.37,34.37,34.37,42.56,42.56,42.56,42.56,3.31,3.31,3.31,3.31,0.3,0.3,0.3,0.3,0,0,0,0,0,0,0,0,0,538,538,538,538,538,45.59,45.59,45.59,45.59,26.5,26.5,26.5,26.5,19275949.41,19275949.41,19275949.41,19275949.41,19275949.41,50,50,50,50,50,475,475,475,475,475,1,1,1,1,1,35,35,35,35,35,20,20,20,20,20,0,0,0,0,0,65,65,65,65,65,1,1,1,1,1,16,16,16,16,16,1,1,1,1,1,72,72,72,72,72,0,0,0,0,0,11.61,11.61,11.61,11.61,0,0,0,0,0,0,0,0,0,0,0,0,0,0,0,0,0,0,0,0,0,0,0,0,0,0,0,0,0,0,0,0,0,0,0,0,0,0,0,0,0,0,0,0,0,4293263433,4293263433,4293263433,4293263433,4293263433,600,600,600,600,600,0,0,0,0,0,98,98,98,98,98,1,1,1,1,1,0,0,0,0,0,0,0,0,0,0
文化、体育和娱乐业,河南省,1,,,,,1,,,,1,,,,,1,,,,,,,,,,,,,,,,,,,,,,,,,,,,15801233901,15801233901,15801233901,15801233901,15801233901,1038736067,1038736067,1038736067,1038736067,1038736067,13851,13851,13851,13851,13851,9628854506,9628854506,9628854506,9628854506,9628854506,37.41,37.41,37.41,37.41,24213984.38,24213984.38,24213984.38,24213984.38,24213984.38,3.99,3.99,3.99,3.99,1082716332,1082716332,1082716332,1082716332,1082716332,5.8,5.8,5.8,5.8,6.1,6.1,6.1,6.1,-13,-13,-13,-13,0.26,0.26,0.26,0.26,-0.01,-0.01,-0.01,-0.01,0,0,0,0,0,0,0,0,0,191,191,191,191,191,-9.9,-9.9,-9.9,-9.9,-0.81,-0.81,-0.81,-0.81,17299331.71,17299331.71,17299331.71,17299331.71,17299331.71,126,126,126,126,126,92,92,92,92,92,0,0,0,0,0,5,5,5,5,5,7,7,7,7,7,0,0,0,0,0,20,20,20,20,20,0,0,0,0,0,3,3,3,3,3,0,0,0,0,0,15,15,15,15,15,0,0,0,0,0,1.3,1.3,1.3,1.3,0,0,0,0,0,0,0,0,0,0,0,0,0,0,0,0,0,0,0,0,0,0,0,0,0,0,0,0,0,0,0,0,0,0,0,0,0,0,0,0,0,0,0,0,0,5913247891,5913247891,5913247891,5913247891,5913247891,101,101,101,101,101,0,0,0,0,0,11,11,11,11,11,0,0,0,0,0,3,3,3,3,3,0,0,0,0,0
橡胶和塑料制品业,河南省,1,,,,,,,1,,,,1,,,,,,,,,,,,,,,,,1,,,,,,,,,,,,,,671336322.5,671336322.5,671336322.5,671336322.5,671336322.5,83087451.31,83087451.31,83087451.31,83087451.31,83087451.31,581,581,581,581,581,374810369.9,374810369.9,374810369.9,374810369.9,374810369.9,28.44,28.44,28.44,28.44,17512482.68,17512482.68,17512482.68,17512482.68,17512482.68,13.08,13.08,13.08,13.08,95516960.96,95516960.96,95516960.96,95516960.96,95516960.96,185.97,185.97,185.97,185.97,170.69,170.69,170.69,170.69,28.84,28.84,28.84,28.84,4.64,4.64,4.64,4.64,0.54,0.54,0.54,0.54,0,0,0,0,0,0,0,0,0,74,74,74,74,74,4.25,4.25,4.25,4.25,-7.78,-7.78,-7.78,-7.78,12915017.4,12915017.4,12915017.4,12915017.4,12915017.4,9.92,9.92,9.92,9.92,9.92,67,67,67,67,67,0,0,0,0,0,17,17,17,17,17,15,15,15,15,15,0,0,0,0,0,7,7,7,7,7,0,0,0,0,0,1,1,1,1,1,0,0,0,0,0,1,1,1,1,1,0,0,0,0,0,12.68,12.68,12.68,12.68,0,0,0,0,0,0,0,0,0,0,0,0,0,0,0,0,0,0,0,0,0,0,0,0,0,0,0,0,0,0,0,0,0,0,0,0,0,0,0,0,0,0,0,0,0,191259845.2,191259845.2,191259845.2,191259845.2,191259845.2,154,154,154,154,154,0,0,0,0,0,34,34,34,34,34,0,0,0,0,0,0,0,0,0,0,0,0,0,0,0
租赁和商务服务业,河南省,0,,,,,,,,,,,,,,,,,,,,,,,,,,,,,,,,,,,,,,,,,,0,0,0,0,0,0,0,0,0,0,0,0,0,0,0,0,0,0,0,0,0,0,0,0,0,0,0,0,0,0,0,0,0,0,0,0,0,0,0,0,0,0,0,0,0,0,0,0,0,0,0,0,0,0,0,0,0,0,0,0,0,0,0,0,0,0,0,0,0,0,0,0,0,0,0,0,0,0,0,0,0,0,0,0,0,0,0,0,0,0,0,0,0,0,0,0,0,0,0,0,0,0,0,0,0,0,0,0,0,0,0,0,0,0,0,0,0,0,0,0,0,0,0,0,0,0,0,0,0,0,0,0,0,0,0,0,0,0,0,0,0,0,0,0,0,0,0,0,0,0,0,0,0,0,0,0,0,0,0,0,0,0,0,0,0,0,0,0,0,0,0,0,0,0,0,0,0,0,0,0,0,0,0,0,0,0,0,0,0,0,0,0,0,0,0,0,0,0,0,0,0,0,0,0,0,0,0,0,0,0,0,0,0,0,0,0,0,0,0,0,0,0,0,0,0,0,0,0,0
农、林、牧、渔业,河南省,3,,,,,1,,2,,2,,1,,2,,,,,,,,,,,,,,,,,1,,,,,,,,,,,,197189802351.34,65729934117.1133,1.92948E+11,713332914.4,3528799263,14442358571,4814119523.75333,14933494035,-552855038.7,61719575.37,143509,47836.3333333333,140457,220,2832,128162128370.74,42720709456.9133,1.24826E+11,437541245.2,2898361806,49.0633333333333,61.45,31.43,54.31,1159359504,386453168.156667,1142405803,3800365.37,13153335.97,26.1033333333333,58.26,-9.2,29.25,14400757951,4800252650.24667,14853668723,-513156160.1,60245387.75,77.9533333333333,93.7,63.68,76.48,75.9066666666667,95.5,54.02,78.2,122.806666666667,307.23,19.8,41.39,1.37,3.04,0.12,0.95,-0.066666667,0.1,-0.2,-0.1,0,0,0,0,0,0,0,0,0,6166,3083,6139,27,3083,32.46,32.46,32.46,32.46,3.44,7.64,0.58,2.1,410406502.3,136802167.433333,399787736,2960491.72,7658274.58,2365,788.333333333333,2300,10,55,1938,646,1853,4,81,1,1,1,1,1,36,18,30,6,18,57,28.5,49,8,28.5,0,0,0,0,0,379,189.5,375,4,189.5,0,0,0,0,0,40,20,38,2,20,0,0,0,0,0,572,286,569,3,286,7,3.5,5,2,3.5,8.165,12,4.33,8.165,0,0,0,0,0,0,0,0,0,0,2,2,2,2,2,0,0,0,0,0,0,0,0,0,0,0,0,0,0,0,0,0,0,0,0,0,0,0,0,0,0,0,0,0,0,107269438068.37,35756479356.1233,104877213043.91,224380466.7,2167844558,1619,809.5,1572,47,809.5,0,0,0,0,0,317,105.666666666667,297,2,18,1,1,1,1,1,1,1,1,1,1,0,0,0,0,0
仪器仪表制造业,河南省,4,,,,,,,4,,4,,,,4,,,,,,,,,,,,,,,,,,,,,,,,,,,,,11961466690,2990366672.5225,6089670245,656007717.4,2607894364,602328329.2,150582082.3,276237702.8,12944980.9,156572822.8,5588,1397,2964,386,1119,4326456133,1081614033,2395065806,195218022.5,868086152.2,26.4925,48.72,16.44,20.405,367006868,91751717.01,180423894.9,12333354.99,87124809.08,0.545,15.82,-11.08,-1.28,691091854.3,172772963.6,328421793.3,11832077.76,175418991.6,-34.11,-14.72,-44.27,-38.725,-33.265,-15.09,-43.67,-37.15,8.43,41.65,-17.18,4.625,8.9725,14.38,6.3,7.605,0.74,2.62,-0.4,0.37,0,0,0,0,0,0,0,0,0,2031,507.75,933,83,507.5,9.085,34.43,-4.89,3.4,5.91,20.3,-6.81,5.075,187820907.3,46955226.84,150661902.4,3066766.55,17046119.19,221,55.25,80,25,58,2555,638.75,1241,201,556.5,3,1.5,2,1,1.5,206,51.5,107,14,42.5,160,40,73,15,36,0,0,0,0,0,250,62.5,151,10,44.5,0,0,0,0,0,60,15,41,4,7.5,0,0,0,0,0,232,58,144,11,38.5,11,3.66666666666667,9,1,1,36.3875,50,21.83,36.86,0,0,0,0,0,0,0,0,0,0,2,2,2,2,2,1,1,1,1,1,0,0,0,0,0,0,0,0,0,0,0,0,0,0,0,0,0,0,0,0,0,0,0,0,0,4040252480,1010063120.0075,2970585857,128678892.9,470493864.9,5545,1386.25,2588,630,1163.5,0,0,0,0,0,579,144.75,316,48,107.5,3,1.5,2,1,1.5,8,4,6,2,4,0,0,0,0,0
造纸和纸制品业,河南省,0,,,,,,,,,,,,,,,,,,,,,,,,,,,,,,,,,,,,,,,,,,0,0,0,0,0,0,0,0,0,0,0,0,0,0,0,0,0,0,0,0,0,0,0,0,0,0,0,0,0,0,0,0,0,0,0,0,0,0,0,0,0,0,0,0,0,0,0,0,0,0,0,0,0,0,0,0,0,0,0,0,0,0,0,0,0,0,0,0,0,0,0,0,0,0,0,0,0,0,0,0,0,0,0,0,0,0,0,0,0,0,0,0,0,0,0,0,0,0,0,0,0,0,0,0,0,0,0,0,0,0,0,0,0,0,0,0,0,0,0,0,0,0,0,0,0,0,0,0,0,0,0,0,0,0,0,0,0,0,0,0,0,0,0,0,0,0,0,0,0,0,0,0,0,0,0,0,0,0,0,0,0,0,0,0,0,0,0,0,0,0,0,0,0,0,0,0,0,0,0,0,0,0,0,0,0,0,0,0,0,0,0,0,0,0,0,0,0,0,0,0,0,0,0,0,0,0,0,0,0,0,0,0,0,0,0,0,0,0,0,0,0,0,0,0,0,0,0,0,0
其他制造业,河南省,1,,1,,,,,,,1,,,,,,1,,,,,,,,,,,,,,,,,,,,,,,,,,,3638171820,3638171820,3638171820,3638171820,3638171820,-188767715.6,-188767715.6,-188767715.6,-188767715.6,-188767715.6,3642,3642,3642,3642,3642,3285119676,3285119676,3285119676,3285119676,3285119676,60.31,60.31,60.31,60.31,193431929.2,193431929.2,193431929.2,193431929.2,193431929.2,-20.48,-20.48,-20.48,-20.48,-191938058,-191938058,-191938058,-191938058,-191938058,-218.39,-218.39,-218.39,-218.39,-218.06,-218.06,-218.06,-218.06,-0.66,-0.66,-0.66,-0.66,5.81,5.81,5.81,5.81,1.13,1.13,1.13,1.13,0,0,0,0,0,0,0,0,0,376,376,376,376,376,8.41,8.41,8.41,8.41,5.44,5.44,5.44,5.44,42197534.67,42197534.67,42197534.67,42197534.67,42197534.67,46,46,46,46,46,799,799,799,799,799,2,2,2,2,2,81,81,81,81,81,47,47,47,47,47,0,0,0,0,0,105,105,105,105,105,0,0,0,0,0,53,53,53,53,53,0,0,0,0,0,63,63,63,63,63,4,4,4,4,4,10.16,10.16,10.16,10.16,0,0,0,0,0,0,0,0,0,0,1,1,1,1,1,0,0,0,0,0,0,0,0,0,0,0,0,0,0,0,0,0,0,0,0,0,0,0,0,0,0,0,0,0,0,2196464951,2196464951,2196464951,2196464951,2196464951,1776,1776,1776,1776,1776,0,0,0,0,0,245,245,245,245,245,2,2,2,2,2,0,0,0,0,0,0,0,0,0,0
教育,河南省,3,,,,,,,3,,,3,,,,,,,3,,,,,,,,,,,,,,,,,,,,,,,,,17668463664,5889487888,11492810536,305222461,5870430667,1678555986,559518662,1134955995,-8667254,552267245,13431,4477,7373,292,5766,3737303864,1245767954.66667,2380375943,47734976,1309192945,46.65,55.41,35.17,49.37,0,0,0,0,0,0.666666666666667,25.65,-28.99,5.34,1826926737,608975579,1145924173,-10246758,691249322,-257.7333333,-2,-736.23,-34.97,-43.75,33.01,-155.24,-9.02,0,0,0,0,0,0,0,0,0,0,0,0,0,0,0,0,0,0,0,0,0,0,0,0,0,0,0,0,0,0,-2.683333333,16.91,-30.27,5.31,11734427,3911475.66666667,11502291,92039,140097,89.99,29.9966666666667,60,0.99,29,0,0,0,0,0,0,0,0,0,0,0,0,0,0,0,0,0,0,0,0,0,0,0,0,0,0,0,0,0,0,0,0,0,0,0,0,0,0,0,0,0,0,0,0,0,0,0,0,0,0,0,0,0,0,0,0,0,0,0,0,0,0,0,0,0,0,0,0,0,0,0,0,0,0,0,0,0,0,0,0,0,0,0,0,0,0,0,0,0,0,0,0,0,0,0,0,0,0,0,0,0,0,0,0,9031709553,3010569851,5669747567,107215867,3254746119,0,0,0,0,0,0,0,0,0,0,0,0,0,0,0,0,0,0,0,0,0,0,0,0,0,0,0,0,0,0
综合,河南省,0,,,,,,,,,,,,,,,,,,,,,,,,,,,,,,,,,,,,,,,,,,0,0,0,0,0,0,0,0,0,0,0,0,0,0,0,0,0,0,0,0,0,0,0,0,0,0,0,0,0,0,0,0,0,0,0,0,0,0,0,0,0,0,0,0,0,0,0,0,0,0,0,0,0,0,0,0,0,0,0,0,0,0,0,0,0,0,0,0,0,0,0,0,0,0,0,0,0,0,0,0,0,0,0,0,0,0,0,0,0,0,0,0,0,0,0,0,0,0,0,0,0,0,0,0,0,0,0,0,0,0,0,0,0,0,0,0,0,0,0,0,0,0,0,0,0,0,0,0,0,0,0,0,0,0,0,0,0,0,0,0,0,0,0,0,0,0,0,0,0,0,0,0,0,0,0,0,0,0,0,0,0,0,0,0,0,0,0,0,0,0,0,0,0,0,0,0,0,0,0,0,0,0,0,0,0,0,0,0,0,0,0,0,0,0,0,0,0,0,0,0,0,0,0,0,0,0,0,0,0,0,0,0,0,0,0,0,0,0,0,0,0,0,0,0,0,0,0,0,0
废弃资源综合利用业,河南省,0,,,,,,,,,,,,,,,,,,,,,,,,,,,,,,,,,,,,,,,,,,0,0,0,0,0,0,0,0,0,0,0,0,0,0,0,0,0,0,0,0,0,0,0,0,0,0,0,0,0,0,0,0,0,0,0,0,0,0,0,0,0,0,0,0,0,0,0,0,0,0,0,0,0,0,0,0,0,0,0,0,0,0,0,0,0,0,0,0,0,0,0,0,0,0,0,0,0,0,0,0,0,0,0,0,0,0,0,0,0,0,0,0,0,0,0,0,0,0,0,0,0,0,0,0,0,0,0,0,0,0,0,0,0,0,0,0,0,0,0,0,0,0,0,0,0,0,0,0,0,0,0,0,0,0,0,0,0,0,0,0,0,0,0,0,0,0,0,0,0,0,0,0,0,0,0,0,0,0,0,0,0,0,0,0,0,0,0,0,0,0,0,0,0,0,0,0,0,0,0,0,0,0,0,0,0,0,0,0,0,0,0,0,0,0,0,0,0,0,0,0,0,0,0,0,0,0,0,0,0,0,0,0,0,0,0,0,0,0,0,0,0,0,0,0,0,0,0,0,0
印刷和记录媒介复制业,河南省,0,,,,,,,,,,,,,,,,,,,,,,,,,,,,,,,,,,,,,,,,,,0,0,0,0,0,0,0,0,0,0,0,0,0,0,0,0,0,0,0,0,0,0,0,0,0,0,0,0,0,0,0,0,0,0,0,0,0,0,0,0,0,0,0,0,0,0,0,0,0,0,0,0,0,0,0,0,0,0,0,0,0,0,0,0,0,0,0,0,0,0,0,0,0,0,0,0,0,0,0,0,0,0,0,0,0,0,0,0,0,0,0,0,0,0,0,0,0,0,0,0,0,0,0,0,0,0,0,0,0,0,0,0,0,0,0,0,0,0,0,0,0,0,0,0,0,0,0,0,0,0,0,0,0,0,0,0,0,0,0,0,0,0,0,0,0,0,0,0,0,0,0,0,0,0,0,0,0,0,0,0,0,0,0,0,0,0,0,0,0,0,0,0,0,0,0,0,0,0,0,0,0,0,0,0,0,0,0,0,0,0,0,0,0,0,0,0,0,0,0,0,0,0,0,0,0,0,0,0,0,0,0,0,0,0,0,0,0,0,0,0,0,0,0,0,0,0,0,0,0
卫生和社会工作,河南省,1,,,,,,,1,,,1,,,,,,,1,,,,,,,,,,,,,,,,,,,,,,,,,935035647,935035647,935035647,935035647,935035647,49343116,49343116,49343116,49343116,49343116,1849,1849,1849,1849,1849,727782518,727782518,727782518,727782518,727782518,40.62,40.62,40.62,40.62,0,0,0,0,0,19.92,19.92,19.92,19.92,61561439,61561439,61561439,61561439,61561439,-7.52,-7.52,-7.52,-7.52,33.21,33.21,33.21,33.21,0,0,0,0,0,0,0,0,0,0,0,0,0,0,0,0,0,0,0,0,0,0,0,0,0,0,0,0,0,0,7.43,7.43,7.43,7.43,0,0,0,0,0,11,11,11,11,11,0,0,0,0,0,0,0,0,0,0,0,0,0,0,0,0,0,0,0,0,0,0,0,0,0,0,0,0,0,0,0,0,0,0,0,0,0,0,0,0,0,0,0,0,0,0,0,0,0,0,0,0,0,0,0,0,0,0,0,0,0,0,0,0,0,0,0,0,0,0,0,0,0,0,0,0,0,0,0,0,0,0,0,0,0,0,0,0,0,0,0,0,0,0,0,0,0,0,0,0,0,0,0,0,380365339,380365339,380365339,380365339,380365339,0,0,0,0,0,0,0,0,0,0,0,0,0,0,0,0,0,0,0,0,0,0,0,0,0,0,0,0,0,0
文教、工美、体育和娱乐用品制造业,河南省,0,,,,,,,,,,,,,,,,,,,,,,,,,,,,,,,,,,,,,,,,,,0,0,0,0,0,0,0,0,0,0,0,0,0,0,0,0,0,0,0,0,0,0,0,0,0,0,0,0,0,0,0,0,0,0,0,0,0,0,0,0,0,0,0,0,0,0,0,0,0,0,0,0,0,0,0,0,0,0,0,0,0,0,0,0,0,0,0,0,0,0,0,0,0,0,0,0,0,0,0,0,0,0,0,0,0,0,0,0,0,0,0,0,0,0,0,0,0,0,0,0,0,0,0,0,0,0,0,0,0,0,0,0,0,0,0,0,0,0,0,0,0,0,0,0,0,0,0,0,0,0,0,0,0,0,0,0,0,0,0,0,0,0,0,0,0,0,0,0,0,0,0,0,0,0,0,0,0,0,0,0,0,0,0,0,0,0,0,0,0,0,0,0,0,0,0,0,0,0,0,0,0,0,0,0,0,0,0,0,0,0,0,0,0,0,0,0,0,0,0,0,0,0,0,0,0,0,0,0,0,0,0,0,0,0,0,0,0,0,0,0,0,0,0,0,0,0,0,0,0
石油加工、炼焦和核燃料加工业,河南省,0,,,,,,,,,,,,,,,,,,,,,,,,,,,,,,,,,,,,,,,,,,0,0,0,0,0,0,0,0,0,0,0,0,0,0,0,0,0,0,0,0,0,0,0,0,0,0,0,0,0,0,0,0,0,0,0,0,0,0,0,0,0,0,0,0,0,0,0,0,0,0,0,0,0,0,0,0,0,0,0,0,0,0,0,0,0,0,0,0,0,0,0,0,0,0,0,0,0,0,0,0,0,0,0,0,0,0,0,0,0,0,0,0,0,0,0,0,0,0,0,0,0,0,0,0,0,0,0,0,0,0,0,0,0,0,0,0,0,0,0,0,0,0,0,0,0,0,0,0,0,0,0,0,0,0,0,0,0,0,0,0,0,0,0,0,0,0,0,0,0,0,0,0,0,0,0,0,0,0,0,0,0,0,0,0,0,0,0,0,0,0,0,0,0,0,0,0,0,0,0,0,0,0,0,0,0,0,0,0,0,0,0,0,0,0,0,0,0,0,0,0,0,0,0,0,0,0,0,0,0,0,0,0,0,0,0,0,0,0,0,0,0,0,0,0,0,0,0,0,0
化学纤维制造业,河南省,2,,,,,2,,,,1,,,1,,1,,,,,,,,,,,,,,,,,1,,,,,,,,,,,38539447181,19269723590.605,27353859238,11185587943,19269723590.605,5800031.88999999,2900015.94499999,440487533.2,-434687501.3,2900015.94499999,18604,9302,10212,8392,9302,20833261289,10416630644.345,13558838923,7274422365,10416630644.345,56.395,62.04,50.75,56.395,858459644.7,429229822.4,474772574.8,383687069.9,429229822.4,-7.86,1.03,-16.75,-7.86,-127407022.8,-63703511.38,493147686.3,-620554709.1,-63703511.38,-105.09,-80.01,-130.17,-105.09,-106.225,-79.6,-132.85,-106.225,126.985,276.4,-22.43,126.985,4.65,6.5,2.8,4.65,2.06,5,-0.88,2.06,0,0,0,0,0,-101,-101,-101,-101,2018,1009,1085,933,1009,1.315,2.75,-0.12,1.315,-2.9,-0.76,-5.04,-2.9,49709790.79,24854895.4,27858683.03,21851107.76,24854895.4,121,60.5,74,47,60.5,800,400,599,201,400,5,5,5,5,5,103,51.5,81,22,51.5,80,40,48,32,40,0,0,0,0,0,138,69,80,58,69,2,2,2,2,2,40,20,25,15,20,2,2,2,2,2,126,63,66,60,63,14,14,14,14,14,10.96,12.9,9.02,10.96,0,0,0,0,0,0,0,0,0,0,1,1,1,1,1,0,0,0,0,0,0,0,0,0,0,0,0,0,0,0,0,0,0,0,0,0,0,0,0,0,0,0,0,0,0,22652665276,11326332638,16977368381,5675296895,11326332638,1024,512,572,452,512,0,0,0,0,0,262,131,193,69,131,5,5,5,5,5,8,4,5,3,4,1,1,1,1,1
家具制造业,河南省,0,,,,,,,,,,,,,,,,,,,,,,,,,,,,,,,,,,,,,,,,,,0,0,0,0,0,0,0,0,0,0,0,0,0,0,0,0,0,0,0,0,0,0,0,0,0,0,0,0,0,0,0,0,0,0,0,0,0,0,0,0,0,0,0,0,0,0,0,0,0,0,0,0,0,0,0,0,0,0,0,0,0,0,0,0,0,0,0,0,0,0,0,0,0,0,0,0,0,0,0,0,0,0,0,0,0,0,0,0,0,0,0,0,0,0,0,0,0,0,0,0,0,0,0,0,0,0,0,0,0,0,0,0,0,0,0,0,0,0,0,0,0,0,0,0,0,0,0,0,0,0,0,0,0,0,0,0,0,0,0,0,0,0,0,0,0,0,0,0,0,0,0,0,0,0,0,0,0,0,0,0,0,0,0,0,0,0,0,0,0,0,0,0,0,0,0,0,0,0,0,0,0,0,0,0,0,0,0,0,0,0,0,0,0,0,0,0,0,0,0,0,0,0,0,0,0,0,0,0,0,0,0,0,0,0,0,0,0,0,0,0,0,0,0,0,0,0,0,0,0
住宿和餐饮业,河南省,0,,,,,,,,,,,,,,,,,,,,,,,,,,,,,,,,,,,,,,,,,,0,0,0,0,0,0,0,0,0,0,0,0,0,0,0,0,0,0,0,0,0,0,0,0,0,0,0,0,0,0,0,0,0,0,0,0,0,0,0,0,0,0,0,0,0,0,0,0,0,0,0,0,0,0,0,0,0,0,0,0,0,0,0,0,0,0,0,0,0,0,0,0,0,0,0,0,0,0,0,0,0,0,0,0,0,0,0,0,0,0,0,0,0,0,0,0,0,0,0,0,0,0,0,0,0,0,0,0,0,0,0,0,0,0,0,0,0,0,0,0,0,0,0,0,0,0,0,0,0,0,0,0,0,0,0,0,0,0,0,0,0,0,0,0,0,0,0,0,0,0,0,0,0,0,0,0,0,0,0,0,0,0,0,0,0,0,0,0,0,0,0,0,0,0,0,0,0,0,0,0,0,0,0,0,0,0,0,0,0,0,0,0,0,0,0,0,0,0,0,0,0,0,0,0,0,0,0,0,0,0,0,0,0,0,0,0,0,0,0,0,0,0,0,0,0,0,0,0,0
木材加工和木、竹、藤、棕、草制品业,河南省,0,,,,,,,,,,,,,,,,,,,,,,,,,,,,,,,,,,,,,,,,,,0,0,0,0,0,0,0,0,0,0,0,0,0,0,0,0,0,0,0,0,0,0,0,0,0,0,0,0,0,0,0,0,0,0,0,0,0,0,0,0,0,0,0,0,0,0,0,0,0,0,0,0,0,0,0,0,0,0,0,0,0,0,0,0,0,0,0,0,0,0,0,0,0,0,0,0,0,0,0,0,0,0,0,0,0,0,0,0,0,0,0,0,0,0,0,0,0,0,0,0,0,0,0,0,0,0,0,0,0,0,0,0,0,0,0,0,0,0,0,0,0,0,0,0,0,0,0,0,0,0,0,0,0,0,0,0,0,0,0,0,0,0,0,0,0,0,0,0,0,0,0,0,0,0,0,0,0,0,0,0,0,0,0,0,0,0,0,0,0,0,0,0,0,0,0,0,0,0,0,0,0,0,0,0,0,0,0,0,0,0,0,0,0,0,0,0,0,0,0,0,0,0,0,0,0,0,0,0,0,0,0,0,0,0,0,0,0,0,0,0,0,0,0,0,0,0,0,0,0
居民服务、修理和其他服务业,河南省,0,,,,,,,,,,,,,,,,,,,,,,,,,,,,,,,,,,,,,,,,,,0,0,0,0,0,0,0,0,0,0,0,0,0,0,0,0,0,0,0,0,0,0,0,0,0,0,0,0,0,0,0,0,0,0,0,0,0,0,0,0,0,0,0,0,0,0,0,0,0,0,0,0,0,0,0,0,0,0,0,0,0,0,0,0,0,0,0,0,0,0,0,0,0,0,0,0,0,0,0,0,0,0,0,0,0,0,0,0,0,0,0,0,0,0,0,0,0,0,0,0,0,0,0,0,0,0,0,0,0,0,0,0,0,0,0,0,0,0,0,0,0,0,0,0,0,0,0,0,0,0,0,0,0,0,0,0,0,0,0,0,0,0,0,0,0,0,0,0,0,0,0,0,0,0,0,0,0,0,0,0,0,0,0,0,0,0,0,0,0,0,0,0,0,0,0,0,0,0,0,0,0,0,0,0,0,0,0,0,0,0,0,0,0,0,0,0,0,0,0,0,0,0,0,0,0,0,0,0,0,0,0,0,0,0,0,0,0,0,0,0,0,0,0,0,0,0,0,0,0
医药制造业,河北省,7,,,,,1,,6,,2,4,,1,2,,,,4,,,,,,,,,,,,,,1,,,,,,,,,,,103508205507.49,14786886501,41769785675,501539226,9412006646,9751799370,1393114195.67429,6232053143,-678784044.9,722779563,61627,8803.85714285714,24890,197,5002,66178301979,9454043139.87428,30936975286,399658783,5522002034,36.5442857142857,70.69,15.66,33.02,6043997080,863428154.235714,3986513997,3000194,222371534,10.3385714285714,24.15,-21.23,11.07,12127887384,1732555340.58571,7582267283,-567638598.6,917020369,-61.73428571,80.39,-516.23,10.79,-275.5057143,75.66,-2011.44,9.55,-2.844285714,20.62,-71.49,6.8,6.05714285714286,12.86,0.72,5.8,-0.184285714,1.58,-2.15,-0.5,474230452.6,118557613.1,391793283.2,354488.29,41041340.56,-21.51,3.77,-62.8,-5.5,4956,991.2,2004,48,761,-4.07,-4.06,-4.08,-4.07,2.81142857142857,12.47,-4.71,0.3,479888373.2,68555481.8857143,195006944,62063,49060498.73,1522.79,217.541428571429,744,2.79,96,3561,508.714285714286,1143,23,374,187,37.4,107,4,9,1368,195.428571428571,459,1,130,724,103.428571428571,217,7,98,0,0,0,0,0,254,42.3333333333333,59,12,50.5,54,10.8,32,1,6,166,27.6666666666667,51,12,24.5,54,10.8,32,1,6,217,36.1666666666667,53,1,44.5,102,20.4,35,10,20,9.064,16.61,1.1,8.09,0,0,0,0,0,0,0,0,0,0,5,1.66666666666667,3,1,1,0,0,0,0,0,0,0,0,0,0,0,0,0,0,0,0,0,0,0,0,0,0,0,0,0,0,0,0,0,0,39230154576,5604307796.63571,14992683075,78600196,3794051660,10622,1517.42857142857,3585,22,690,0,0,0,0,0,2515,359.285714285714,759,7,275,181,36.2,101,4,9,0,0,0,0,0,0,0,0,0,0
化学原料和化学制品制造业,河北省,9,,3,,,2,,4,,3,1,,5,2,,1,,1,,,,,,,,,,,,,,2,2,,1,,,,,,,,56362457167,6262495240.77556,27606571878,1401244188,3379988884,3370754140,374528237.802222,1324254620,40913605.29,202131238,26300,3287.5,17623,199,1266,47281615310,5253512812.25333,23679855680,659524695.8,3130788864,32.9511111111111,66.57,10.49,31,1106942152,138367769,328979914.2,8514856.85,107688730.8,368.764444444444,3080.02,-7.4,18.2,4060202852,451133650.252222,1710222209,43840362.6,276227873,959.487777777778,8057.44,-40.72,6.42,854.617777777778,7223.82,-39.58,7.64,146.06,634.1,-6.92,52.945,3.37875,5.14,1.2,4.195,-1.79,0.78,-16.02,0.215,0,0,0,0,0,0,0,0,0,2927,365.875,1570,28,144,116.14875,848.64,-3.27,10.335,1.46875,5.81,-4.92,2.27,108015030.4,12001670.0411111,51314947.9,151872.54,4637613.7,422,46.8888888888889,116,17,33,1732,192.444444444444,857,7,100,5,2.5,3,2,2.5,367,45.875,182,1,15,205,29.2857142857143,98,2,5,0,0,0,0,0,194,24.25,103,5,11.5,0,0,0,0,0,76,10.8571428571429,30,2,5,0,0,0,0,0,167,20.875,84,5,12,41,6.83333333333333,19,1,3.5,11.1485714285714,14.5,5.8,11.84,0,0,0,0,0,0,0,0,0,0,1,1,1,1,1,0,0,0,0,0,0,0,0,0,0,0,0,0,0,0,0,0,0,0,0,0,0,0,0,0,0,0,0,0,0,24423357865,2713706429,13030981245,146454252,1036946798,4479,497.666666666667,2191,2,163,0,0,0,0,0,786,98.25,309,9,26,5,2.5,3,2,2.5,9,3,5,1,3,6,3,4,2,3
食品饮料业,河北省,6,,,,,1,,5,,3,,,3,3,,,,,,,,,,,,,,,,,,1,,,2,,,,,,,,41789730733,6964955122,15064180693,2487407481,5753886729,4047969846,674661641.1,1474228652,101762851.3,654642058.9,16141,2690.16666666667,7093,1251,1924,23264207315,3877367886,6295879862,1073898378,3672563764,30.3966666666667,53.53,13.39,25.155,244436981,40739496.83,129026486.2,2943533.52,25873029.8,17.5233333333333,83.45,-15.38,11.07,5151362710,858560451.588333,1945411383,132489491.6,825875888.5,28.6166666666667,113.45,-30.26,16.26,29.1483333333333,124.54,-31.92,15.15,6.36833333333333,124.93,-82.05,6.355,0.951666666666667,2.07,0.26,0.645,-0.145,0.39,-1,0.05,3023647.7,3023647.7,3023647.7,3023647.7,3023647.7,36712.14,36712.14,36712.14,36712.14,913,152.166666666667,288,20,110.5,0.384000000000001,43.18,-60.76,8.48,7.275,27.63,-10.01,5.7,257700198.5,42950033.08,146585771.8,213780.8,21712189.36,928,154.666666666667,311,52,125,1683,280.5,709,46,238.5,27,27,27,27,27,339,56.5,271,2,13.5,109,21.8,65,4,14,0,0,0,0,0,173,28.8333333333333,88,3,19,1,1,1,1,1,84,21,45,3,18,1,1,1,1,1,161,26.8333333333333,93,5,15.5,49,12.25,44,1,2,7.68666666666667,14.87,0.98,7.04,0,0,0,0,0,0,0,0,0,0,2,2,2,2,2,0,0,0,0,0,0,0,0,0,0,0,0,0,0,0,0,0,0,0,0,0,0,0,0,0,0,0,0,0,0,13817412243,2302902041,4571123422,331276198.8,2282754296,2580,430,1828,16,181,0,0,0,0,0,661,110.166666666667,473,3,51,27,27,27,27,27,3,1.5,2,1,1.5,0,0,0,0,0
专用设备制造业,河北省,8,,1,,,3,,4,,6,2,,,2,3,1,,2,,,,,,,,,,,,,,,,,,,,,,,,,23741601200,2967700149.95375,6816630606,858097718,2781870189,205064110.6,25633013.83,196205011.6,-315049661.3,43247389.55,11852,1481.5,3355,382,1400.5,12048572291,1506071536.3425,4227809549,328912319.2,898670257.3,43.11125,80.96,9.85,37.74,322434061.1,40304257.64,93253073.06,15650711,40383165.5,-21.1875,12.39,-67.92,-14.67,167707548.9,20963443.61,219273020.9,-333026064.4,25738191.97,-133.2275,86.29,-590.73,-21.565,-177.37125,82.79,-861.52,-32.755,1.4675,57.75,-75.94,-2.04,4.5725,13.1,0.92,4.225,0.88375,5.8,-0.9,0.235,0,0,0,0,0,0,0,0,0,1553,258.833333333333,601,72,155.5,29.5733333333333,86.51,-6.44,30.025,3.9075,12.11,-8.94,3.475,60101211.37,7512651.421,23076681.04,3575772.54,5206139.6,340,42.5,92,5,37.5,2681,383,850,59,308,9,3,6,1,2,297,42.4285714285714,82,7,38,141,20.1428571428571,51,7,11,0,0,0,0,0,360,51.4285714285714,169,9,33,0,0,0,0,0,106,15.1428571428571,32,6,13,0,0,0,0,0,330,47.1428571428571,159,5,34,31,5.16666666666667,14,1,4,15.8916666666667,34.3,7.41,13.095,0,0,0,0,0,0,0,0,0,0,1,1,1,1,1,0,0,0,0,0,0,0,0,0,0,0,0,0,0,0,0,0,0,0,0,0,0,0,0,0,0,0,0,0,0,10376052007,1297006500.8625,2782088967,138252933.5,1228802022,4764,595.5,1449,3,396.5,0,0,0,0,0,727,103.857142857143,230,40,92,9,3,6,1,2,3,1.5,2,1,1.5,0,0,0,0,0
信息传输、软件和信息技术服务业,河北省,4,,,,,1,,3,,3,,1,,2,1,,,,,,,,,,,,,,1,,,,,,,,,,,,,,19842789014,4960697253,16556665006,494700062.8,1395711973,-291011725.4,-72752931.35,41076262.45,-232516023.4,-49785982.23,9308,2327,4579,403,2163,11731194596,2932798648.8925,9663477347,238864328.2,914426460.3,45.4525,79.87,12.2,44.87,503192446.3,125798111.6,390709478.2,21422102.08,45530433,-17.6725,-11.12,-22.51,-18.53,-266803296.4,-66700824.1,40973780.79,-218693732.2,-44541672.48,-93.625,97,-240.87,-115.315,-95.565,96.05,-271.25,-103.53,-0.81,14.32,-9.4,-4.08,6.725,9.97,3.93,6.5,1.085,1.53,0.59,1.11,120571497.5,120571497.5,120571497.5,120571497.5,120571497.5,21.19,21.19,21.19,21.19,2878,719.5,2116,90,336,-4.2975,11.16,-12.4,-7.975,19.5575,71.37,-9.71,8.285,525251640.1,131312910,495900263.6,6153475.28,11598950.6,173,43.25,124,4,22.5,455,113.75,282,36,68.5,0,0,0,0,0,63,15.75,39,5,9.5,43,10.75,25,2,8,0,0,0,0,0,52,13,18,3,15.5,0,0,0,0,0,39,13,16,8,15,0,0,0,0,0,24,6,13,1,5,11,3.66666666666667,4,3,4,28.9925,46.21,13.64,28.06,0,0,0,0,0,0,0,0,0,0,0,0,0,0,0,0,0,0,0,0,0,0,0,0,0,0,0,0,0,0,0,0,0,0,0,0,0,0,0,0,0,0,0,0,0,11958680985,2989670246.3725,10613414691,126719602,609273346,977,244.25,607,58,156,0,0,0,0,0,186,46.5,92,15,39.5,0,0,0,0,0,0,0,0,0,0,0,0,0,0,0
电力、热力、燃气及水生产和供应业,河北省,8,,1,,,4,,3,,2,3,,3,,1,1,,2,,,,,,1,,,,,,,,2,,,1,,,,,,,,479362142048.62,59920267756.0775,1.36197E+11,657723257.5,61799225758.225,25102580835,3137822604.4125,11074002858,-12762665.9,2147370071,52456,7493.71428571429,38956,123,2569,326315871244.81,40789483905.6012,1.54044E+11,213482078.4,18433164815.555,58.37375,67.49,39.3,62.205,3277910236,468272890.8,1709474916,818244.54,427153920.7,12.7275,32.86,-22.49,17.18,32563812754,4070476594.3075,14704657988,-13963527.66,2611456787,139.88375,1229.86,-183.94,5.355,30.10375,403.14,-219.97,3.92,171.947142857143,498.06,-10.5,90.72,2.14714285714286,5.08,0.34,2.3,0.907142857142857,1.89,-0.08,0.86,418898449.9,104724612.5,360893149,5730268.44,26137516.23,819.7875,3135.53,-61.23,102.425,5983,997.166666666667,4545,20,157.5,79.93,169.34,17.66,23.74,3.55,24.16,-7.5,3.04,1421060370,177632546.2,916008185,830277,18770927.93,2356.35,294.54375,1015,4.35,187.5,5074,724.857142857143,4178,6,60,48,48,48,48,48,964,160.666666666667,897,1,11,467,77.8333333333333,410,2,4.5,0,0,0,0,0,459,76.5,296,4,26,0,0,0,0,0,76,15.2,36,3,14,0,0,0,0,0,656,109.333333333333,445,3,26,109,21.8,74,4,7,10.4166666666667,19.64,2.92,8.905,0,0,0,0,0,0,0,0,0,0,1,1,1,1,1,1,1,1,1,1,0,0,0,0,0,0,0,0,0,0,0,0,0,0,0,0,0,0,0,0,0,0,0,0,0,289835158109.36,36229394764,84635205799,410325536.3,38186008360.555,9431,1571.83333333333,8790,39,129,0,0,0,0,0,1880,313.333333333333,1582,4,51.5,48,48,48,48,48,2,2,2,2,2,0,0,0,0,0
商业电气机械和器材制造业,河北省,8,,1,,,,,7,,3,1,1,3,3,,,,1,,,,,,,,,,,1,,,,1,,2,,,,,,,,103416463096.68,12927057887.085,72435853713,1179790288,5051434627,7110495349,888811918.60875,5540451460,-306147176,119423853.2,47342,5917.75,32553,62,2358,96253842582,12031730322.7387,72989413949,195207876,4113737674,54.6075,84.1,26.52,56.465,5605038852,800719835.988572,4608267389,56857548.7,212385010.1,30.54375,102.7,-57.82,34.82,8718646213,1089830777,6466804673,-3977784,135426252,31.2075,143.14,-136.34,34.975,-60.35375,163.39,-916.2,31.68,42.5657142857143,94,-1,34.38,5.32142857142857,8.9,2.25,4.9,-0.142857143,1.08,-1.77,-0.11,9947676.39,9947676.39,9947676.39,9947676.39,9947676.39,8.85,8.85,8.85,8.85,4563,651.857142857143,2273,99,299,12.4433333333333,26.03,-1.44,10.705,12.42875,52.6,-22.5,6.76,426917682,53364710.25,339786763.1,176079,14103185.2,1760.77,220.09625,1377,0.77,43.5,6132,876,2453,84,392,36,12,20,4,12,674,96.2857142857143,253,7,50,507,72.4285714285714,232,1,35,0,0,0,0,0,748,106.857142857143,249,10,83,6,3,4,2,3,326,46.5714285714286,103,1,35,6,3,4,2,3,657,93.8571428571429,216,1,54,166,33.2,58,5,31,15.6728571428571,41.64,3.24,10.33,0,0,0,0,0,0,0,0,0,0,7,1.75,3,1,1.5,0,0,0,0,0,0,0,0,0,0,0,0,0,0,0,0,0,0,0,0,0,0,0,0,0,0,0,0,0,0,60147652686,7518456585.72125,42242144543,313502153,3129323452,9224,1317.71428571429,5015,86,512,0,0,0,0,0,2130,304.285714285714,773,15,183,36,12,20,4,12,27,9,14,4,9,0,0,0,0,0
批发和零售业,河北省,0,,,,,,,,,,,,,,,,,,,,,,,,,,,,,,,,,,,,,,,,,,0,0,0,0,0,0,0,0,0,0,0,0,0,0,0,0,0,0,0,0,0,0,0,0,0,0,0,0,0,0,0,0,0,0,0,0,0,0,0,0,0,0,0,0,0,0,0,0,0,0,0,0,0,0,0,0,0,0,0,0,0,0,0,0,0,0,0,0,0,0,0,0,0,0,0,0,0,0,0,0,0,0,0,0,0,0,0,0,0,0,0,0,0,0,0,0,0,0,0,0,0,0,0,0,0,0,0,0,0,0,0,0,0,0,0,0,0,0,0,0,0,0,0,0,0,0,0,0,0,0,0,0,0,0,0,0,0,0,0,0,0,0,0,0,0,0,0,0,0,0,0,0,0,0,0,0,0,0,0,0,0,0,0,0,0,0,0,0,0,0,0,0,0,0,0,0,0,0,0,0,0,0,0,0,0,0,0,0,0,0,0,0,0,0,0,0,0,0,0,0,0,0,0,0,0,0,0,0,0,0,0,0,0,0,0,0,0,0,0,0,0,0,0,0,0,0,0,0,0
金融业,河北省,1,,,,,1,,,,,,,1,,,,,,,,,,,,,,,,,,,1,,,,,,,,,,,43843430999,43843430999,43843430999,43843430999,43843430999,302463029,302463029,302463029,302463029,302463029,2432,2432,2432,2432,2432,1643674173,1643674173,1643674173,1643674173,1643674173,74.59,74.59,74.59,74.59,0,0,0,0,0,-34.8,-34.8,-34.8,-34.8,351115711.9,351115711.9,351115711.9,351115711.9,351115711.9,-62.1,-62.1,-62.1,-62.1,-55.57,-55.57,-55.57,-55.57,0,0,0,0,0,0,0,0,0,0,0,0,0,0,0,0,0,0,0,0,0,0,0,0,0,0,0,0,0,0,10.19,10.19,10.19,10.19,10973279.71,10973279.71,10973279.71,10973279.71,10973279.71,230,230,230,230,230,0,0,0,0,0,0,0,0,0,0,0,0,0,0,0,0,0,0,0,0,0,0,0,0,0,0,0,0,0,0,0,0,0,0,0,0,0,0,0,0,0,0,0,0,0,0,0,0,0,0,0,0,0,0,0,0,0,0,0,0,0,0,0,0,0,0,0,0,0,0,0,0,0,0,0,0,0,0,0,0,0,0,0,0,0,0,0,0,0,0,0,0,0,0,0,0,0,0,0,0,0,0,0,0,32699777152,32699777152,32699777152,32699777152,32699777152,0,0,0,0,0,0,0,0,0,0,0,0,0,0,0,0,0,0,0,0,0,0,0,0,0,0,0,0,0,0
汽车制造业,河北省,6,,1,,,,,5,,2,2,,2,2,,,,2,,,,,,,,,,,,,,,1,,1,,,,,,,,408151527629.75,68025254604.9583,185357386198.04,1018412145,17407180342,17689972911,2948328819,8252805727,20412623,553502466.1,197365,32894.1666666667,87399,817,10405,3.13858E+11,52309612594,137339910224.78,517017731.2,19030176426.795,50.4,64.94,16.4,58.745,25695098728,4282516455,12180766754,21129949,644146759.6,2.84833333333333,14.66,-11.64,3.295,17287157828,2881192971,7967006709,31407731,629690022.3,1.40166666666667,25.08,-35.16,0.465,2.51333333333333,22.77,-44.1,8.33,18.1066666666667,34.32,-15.36,20.405,5.47,8.88,3.15,4.195,0.87,2.23,-0.17,0.425,15233889436,7616944718,7616945082,7616944354,7616944718,-13.43333333,31.39,-103,31.31,51387,8564.5,23882,37,1764.5,13.8083333333333,26.6,4.82,12.86,8.915,15.89,0.24,10.54,2857765708,476294284.7,1814566294,4691062.98,89460344.49,2704.04,450.673333333333,1743,9.04,111,40353,8070.6,18485,98,1771,823,205.75,411,1,205.5,4827,965.4,2309,3,111,2418,483.6,1077,1,192,0,0,0,0,0,8289,1657.8,3975,29,179,210,105,108,102,105,2352,470.4,1142,9,33,214,107,107,107,107,6525,1305,3069,17,236,823,164.6,396,1,20,17.44,27.3,4.57,16.915,0,0,0,0,0,0,0,0,0,0,2,1,1,1,1,0,0,0,0,0,0,0,0,0,0,0,0,0,0,0,0,0,0,0,0,0,0,0,0,0,0,0,0,0,0,2.61483E+11,43580533834.5167,1.20141E+11,167503544.3,10206760418.215,57422,11484.4,26626,29,2099,0,0,0,0,0,12107,2421.4,5672,17,399,832,208,416,1,207.5,37,12.3333333333333,31,1,5,0,0,0,0,0
金属冶炼和压延加工业,河北省,1,,,,,1,,,,1,,,,,1,,,,,,,,,,,,,,,,,,,,,,,,,,,,253231002524.32,253231002524.32,253231002524.32,253231002524.32,253231002524.32,1579840775,1579840775,1579840775,1579840775,1579840775,27501,27501,27501,27501,27501,143470172729.39,143470172729.39,143470172729.39,143470172729.39,143470172729.39,73.7,73.7,73.7,73.7,3062942710,3062942710,3062942710,3062942710,3062942710,-4.17,-4.17,-4.17,-4.17,916785244.6,916785244.6,916785244.6,916785244.6,916785244.6,-71.99,-71.99,-71.99,-71.99,-47.37,-47.37,-47.37,-47.37,-17.25,-17.25,-17.25,-17.25,2.18,2.18,2.18,2.18,-0.36,-0.36,-0.36,-0.36,0,0,0,0,0,0,0,0,0,651,651,651,651,651,37.33,37.33,37.33,37.33,-17.57,-17.57,-17.57,-17.57,66390356.83,66390356.83,66390356.83,66390356.83,66390356.83,230,230,230,230,230,5889,5889,5889,5889,5889,6,6,6,6,6,793,793,793,793,793,891,891,891,891,891,0,0,0,0,0,612,612,612,612,612,0,0,0,0,0,326,326,326,326,326,0,0,0,0,0,539,539,539,539,539,159,159,159,159,159,2.39,2.39,2.39,2.39,0,0,0,0,0,0,0,0,0,0,2,2,2,2,2,0,0,0,0,0,0,0,0,0,0,0,0,0,0,0,0,0,0,0,0,0,0,0,0,0,0,0,0,0,0,1.86774E+11,1.86774E+11,1.86774E+11,1.86774E+11,1.86774E+11,10833,10833,10833,10833,10833,0,0,0,0,0,2471,2471,2471,2471,2471,6,6,6,6,6,8,8,8,8,8,3,3,3,3,3
交通运输、仓储和邮政业,河北省,4,,,,,3,,1,,,2,,2,,,,,1,,,,,,1,,,,,,,,2,,,,,,,,,,,80535216661,20133804165.1525,27940688258,1318969195,25637779603.695,4592625594,1148156398.4225,1810572295,67923678,1357064811,25414,6353.5,10561,757,7048,19792233056,4948058264,6919426977,333432912,6269686583,30.4325,40.27,11.98,34.74,331875753.6,110625251.206667,143999330.3,43880779.08,143995644.3,-0.9875,4.95,-7.46,-0.72,5657213874,1414303469,2211697088,116383348,1664566719,14.3825,30.24,-13.94,20.615,10.925,36.1,-15.83,11.715,104.17,169.27,-21.04,164.28,1.62333333333333,2.09,0.72,2.06,0.806666666666667,1.29,-0.15,1.28,0,0,0,0,0,0,0,0,0,407,135.666666666667,319,44,44,25.37,25.77,24.58,25.76,-3.105,-1.16,-4.4,-3.43,243788635.1,60947158.77,83739716.22,3761888,78143515.44,483,120.75,200,41,121,526,175.333333333333,302,111,113,0,0,0,0,0,51,17,19,16,16,29,9.66666666666667,11,7,11,0,0,0,0,0,64,21.3333333333333,34,15,15,0,0,0,0,0,19,6.33333333333333,7,5,7,0,0,0,0,0,74,24.6666666666667,48,13,13,7,2.33333333333333,5,1,1,3.25333333333333,8.86,0.45,0.45,0,0,0,0,0,0,0,0,0,0,0,0,0,0,0,0,0,0,0,0,0,0,0,0,0,0,0,0,0,0,0,0,0,0,0,0,0,0,0,0,0,0,0,0,0,22759085256,5689771314,9715626000,530380567,6256539345,983,327.666666666667,349,315,319,0,0,0,0,0,117,39,41,38,38,0,0,0,0,0,0,0,0,0,0,0,0,0,0,0
消费电子及电气业,河北省,2,,1,,,,,1,,2,,,,1,,1,,,,,,,,,,,,,,,,,,,,,,,,,,,62936922096,31468461048.135,58595170080,4341752017,31468461048.135,-1267447052,-633723526.1,527762025.7,-1795209078,-633723526.1,3974,1987,3489,485,1987,8404446753,4202223376,5892594544,2511852208,4202223376,46.36,59.69,33.03,46.36,480244452.1,240122226.1,305290769.5,174953682.6,240122226.1,73.17,141.73,4.61,73.17,-1298302892,-649151446,555431390.8,-1853734283,-649151446,189.245,340.09,38.4,189.245,187.05,336.84,37.26,187.05,50.135,112.4,-12.13,50.135,7.565,12.14,2.99,7.565,-1.115,-0.53,-1.7,-1.115,74853296.86,74853296.86,74853296.86,74853296.86,74853296.86,104.58,104.58,104.58,104.58,738,369,559,179,369,-4.53,11.16,-20.22,-4.53,0.235,6.8,-6.33,0.235,131983760.2,65991880.09,111953727.4,20030032.77,65991880.09,371,185.5,277,94,185.5,4767,2383.5,4622,145,2383.5,27,13.5,26,1,13.5,551,275.5,538,13,275.5,461,230.5,457,4,230.5,0,0,0,0,0,329,164.5,297,32,164.5,0,0,0,0,0,73,36.5,51,22,36.5,0,0,0,0,0,624,312,596,28,312,96,48,92,4,48,25.36,34.92,15.8,25.36,0,0,0,0,0,0,0,0,0,0,1,1,1,1,1,0,0,0,0,0,0,0,0,0,0,0,0,0,0,0,0,0,0,0,0,0,0,0,0,0,0,0,0,0,0,36399450876,18199725437.775,34962863283,1436587592,18199725437.775,7296,3648,7138,158,3648,0,0,0,0,0,1480,740,1422,58,740,27,13.5,26,1,13.5,3,1.5,2,1,1.5,0,0,0,0,0
房地产业,河北省,4,,,,,,1,3,,1,2,,1,1,,,,1,1,,,,,,,,,,,,,,,,1,,,,,,,,663804806007.43,165951201501.857,408602674420.12,1682408517,126759861535.155,-17129274114,-4282318529,1064978412,-18436420014,121083743.9,35806,8951.5,15980,29,9898.5,65700600360,16425150090.0325,31941771484,54168161,16852330357.405,64.375,94.06,25.8,68.82,11532060.81,11532060.81,11532060.81,11532060.81,11532060.81,-24.855,-17.63,-32.7,-24.545,-10519546014,-2629886503,6719493018,-17598615303,179788135.8,-72.9225,117,-332.5,-38.095,-71.0075,107.63,-267.52,-62.07,-4.23,-4.23,-4.23,-4.23,0.03,0.03,0.03,0.03,0.03,0.03,0.03,0.03,0,0,0,0,0,0,0,0,0,50,50,50,50,50,-21.81,-21.81,-21.81,-21.81,-24.83,-15.17,-40.81,-21.67,111587369.4,37195789.8033333,86999306.92,5609021.19,18979041.3,160.58,40.145,86,1,36.79,109,36.3333333333333,80,1,28,0,0,0,0,0,2,1,1,1,1,3,1.5,2,1,1.5,0,0,0,0,0,6,6,6,6,6,0,0,0,0,0,2,2,2,2,2,0,0,0,0,0,8,8,8,8,8,1,1,1,1,1,0.4,0.4,0.4,0.4,0,0,0,0,0,0,0,0,0,0,0,0,0,0,0,0,0,0,0,0,0,0,0,0,0,0,0,0,0,0,0,0,0,0,0,0,0,0,0,0,0,0,0,0,0,611102453381.54,152775613345.385,384266200452.46,434652567,113200800181.04,86,43,48,38,43,0,0,0,0,0,5,2.5,4,1,2.5,0,0,0,0,0,0,0,0,0,0,0,0,0,0,0
采矿业,河北省,2,,,,,2,,,,2,,,,,2,,,,,,,,,,,,,,,,,,,,,,,,,,,,66926625468,33463312734,51486456814,15440168653,33463312734,6187765013,3093882506,5220502260,967262753.2,3093882506,45490,22745,41411,4079,22745,41089482002,20544741000.925,36036375176,5053106826,20544741000.925,37.105,51.51,22.7,37.105,759461367.9,759461367.9,759461367.9,759461367.9,759461367.9,-4.235,14.6,-23.07,-4.235,8537375515,4268687757,7235313666,1302061849,4268687757,-1.36,50.85,-53.57,-1.36,-1.75,48.63,-52.13,-1.75,130.4,130.4,130.4,130.4,2.12,2.12,2.12,2.12,1.06,1.06,1.06,1.06,0,0,0,0,0,0,0,0,0,2568,2568,2568,2568,2568,25.8,25.8,25.8,25.8,2.175,2.65,1.7,2.175,129295727.2,64647863.58,129214156,81571.2,64647863.58,309,154.5,221,88,154.5,166,83,120,46,83,1,1,1,1,1,6,6,6,6,6,6,3,3,3,3,0,0,0,0,0,46,46,46,46,46,0,0,0,0,0,0,0,0,0,0,0,0,0,0,0,23,23,23,23,23,3,3,3,3,3,6.14,6.14,6.14,6.14,0,0,0,0,0,0,0,0,0,0,1,1,1,1,1,0,0,0,0,0,0,0,0,0,0,0,0,0,0,0,0,0,0,0,0,0,0,0,0,0,0,0,0,0,0,30068712748,15034356374.065,26554648854,3514063894,15034356374.065,272,136,183,89,136,0,0,0,0,0,15,7.5,12,3,7.5,1,1,1,1,1,0,0,0,0,0,0,0,0,0,0
非金属矿物制品业,河北省,2,,,,,1,,1,,1,,,1,,1,,,,,,,,,,,,,,,,,,,,1,,,,,,,,68000199808,34000099904,62018996296,5981203513,34000099904,1529040199,764520099.5,1406874222,122165977.2,764520099.5,31047,15523.5,22332,8715,15523.5,37963090130,18981545064.885,34543638091,3419452039,18981545064.885,39.54,47.48,31.6,39.54,254581416.9,127290708.5,141659664.3,112921752.7,127290708.5,-8.56,-4.95,-12.17,-8.56,1880481216,940240607.9,1733423878,147057337.9,940240607.9,-62.08,-58.89,-65.27,-62.08,-57.49,-48.63,-66.35,-57.49,-0.96,13.27,-15.19,-0.96,2.215,4.11,0.32,2.215,-0.08,0,-0.16,-0.08,0,0,0,0,0,0,0,0,0,1425,712.5,808,617,712.5,4.505,4.78,4.23,4.505,-6.725,-2.28,-11.17,-6.725,206152112.5,103076056.2,158000149.9,48151962.63,103076056.2,227,113.5,198,29,113.5,3854,1927,2362,1492,1927,5,5,5,5,5,210,105,164,46,105,126,63,101,25,63,0,0,0,0,0,617,308.5,433,184,308.5,1,1,1,1,1,95,47.5,78,17,47.5,1,1,1,1,1,670,335,418,252,335,56,28,51,5,28,5.945,9.16,2.73,5.945,0,0,0,0,0,0,0,0,0,0,1,1,1,1,1,0,0,0,0,0,0,0,0,0,0,0,0,0,0,0,0,0,0,0,0,0,0,0,0,0,0,0,0,0,0,31306154020,15653077010.215,29416044164,1890109857,15653077010.215,3026,1513,2279,747,1513,0,0,0,0,0,664,332,475,189,332,5,5,5,5,5,5,2.5,3,2,2.5,0,0,0,0,0
通用设备制造业,河北省,2,,,,,,,2,,2,,,,2,,,,,,,,,,,,,,,,,,,,,,,,,,,,,5729598549,2864799274,3870559007,1859039542,2864799274,271733778.2,135866889.1,143914534.8,127819243.4,135866889.1,3235,1617.5,1780,1455,1617.5,2461461049,1230730525,1453898556,1007562493,1230730525,11.12,12.28,9.96,11.12,105136041.8,52568020.9,55360583.89,49775457.91,52568020.9,6.665,21.44,-8.11,6.665,272392507.4,136196253.7,140966365.2,131426142.2,136196253.7,-26.08,-2.34,-49.82,-26.08,-15.405,6.51,-37.32,-15.405,28.43,69.08,-12.22,28.43,4.385,4.91,3.86,4.385,0.62,1.34,-0.1,0.62,0,0,0,0,0,0,0,0,0,346,173,181,165,173,11.865,30,-6.27,11.865,18.73,42.98,-5.52,18.73,21137119.62,10568559.81,12068318.52,9068801.1,10568559.81,126,63,85,41,63,743,371.5,559,184,371.5,1,1,1,1,1,61,30.5,46,15,30.5,47,23.5,44,3,23.5,0,0,0,0,0,47,23.5,27,20,23.5,0,0,0,0,0,11,5.5,6,5,5.5,0,0,0,0,0,45,22.5,34,11,22.5,7,3.5,5,2,3.5,10.835,11.61,10.06,10.835,0,0,0,0,0,0,0,0,0,0,0,0,0,0,0,0,0,0,0,0,0,0,0,0,0,0,0,0,0,0,0,0,0,0,0,0,0,0,0,0,0,0,0,0,0,613629232,306814616,386256637.9,227372594,306814616,1004,502,822,182,502,0,0,0,0,0,147,73.5,115,32,73.5,1,1,1,1,1,1,1,1,1,1,0,0,0,0,0
半导体业,河北省,1,,,,1,,,,,1,,,,,,,,,,,,1,,,,,,,,,,,,,,,,,,,,,15328722434,15328722434,15328722434,15328722434,15328722434,2640418944,2640418944,2640418944,2640418944,2640418944,2232,2232,2232,2232,2232,7119908411,7119908411,7119908411,7119908411,7119908411,36.28,36.28,36.28,36.28,1249462863,1249462863,1249462863,1249462863,1249462863,33.29,33.29,33.29,33.29,2881921742,2881921742,2881921742,2881921742,2881921742,34.63,34.63,34.63,34.63,33.04,33.04,33.04,33.04,44.35,44.35,44.35,44.35,17.59,17.59,17.59,17.59,1.3,1.3,1.3,1.3,3832873.93,3832873.93,3832873.93,3832873.93,3832873.93,-98.18,-98.18,-98.18,-98.18,1122,1122,1122,1122,1122,15.3,15.3,15.3,15.3,8.26,8.26,8.26,8.26,169682934.3,169682934.3,169682934.3,169682934.3,169682934.3,790,790,790,790,790,867,867,867,867,867,5,5,5,5,5,207,207,207,207,207,121,121,121,121,121,0,0,0,0,0,96,96,96,96,96,1,1,1,1,1,83,83,83,83,83,1,1,1,1,1,69,69,69,69,69,28,28,28,28,28,50.23,50.23,50.23,50.23,0,0,0,0,0,0,0,0,0,0,1,1,1,1,1,0,0,0,0,0,0,0,0,0,0,0,0,0,0,0,0,0,0,0,0,0,0,0,0,0,0,0,0,0,0,5553595590,5553595590,5553595590,5553595590,5553595590,2002,2002,2002,2002,2002,0,0,0,0,0,555,555,555,555,555,5,5,5,5,5,6,6,6,6,6,0,0,0,0,0
建筑业,河北省,4,,,,,,,4,,,2,1,1,,,,,2,,,,,,,,,,,1,,,,,,1,,,,,,,,80329585788,20082396447.1025,67631844596,1076504653,5810618270,92815905.11,23203976.28,315437929,-347349571,62363773.56,10863,2715.75,9103,424,668,45251775575,11312943894,40006029376,659911398.7,2292917400,68.115,90.81,18.52,81.565,185410233.2,61803411.0566667,150123794,596808.66,34689630.51,-6.385,12.44,-33.66,-2.16,253180203.4,63295050.84,439906534,-366091325,89682497.18,-175.44,186.87,-857.27,-15.68,-192.0525,189.02,-932.83,-12.2,52.645,96.49,8.8,52.645,1.89666666666667,5.27,0.07,0.35,0.045,0.28,-0.19,0.045,0,0,0,0,0,0,0,0,0,110,55,106,4,55,1.04,1.04,1.04,1.04,-0.075,5.53,-5.76,-0.035,10612594.72,3537531.57333333,6345915.54,2039018.18,2227661,52.97,13.2425,30,1.71,10.63,1602,534,1391,68,143,0,0,0,0,0,61,20.3333333333333,43,8,10,63,21,52,3,8,0,0,0,0,0,253,84.3333333333333,222,11,20,0,0,0,0,0,27,9,21,2,4,0,0,0,0,0,320,106.666666666667,299,9,12,9,4.5,8,1,4.5,12.16,23.86,0.46,12.16,0,0,0,0,0,0,0,0,0,0,2,2,2,2,2,0,0,0,0,0,0,0,0,0,0,0,0,0,0,0,0,0,0,0,0,0,0,0,0,0,0,0,0,0,0,71163832240,17790958059.8975,61464303468,199733017.4,4749897877,1488,496,1130,166,192,0,0,0,0,0,273,91,227,20,26,0,0,0,0,0,1,1,1,1,1,0,0,0,0,0
铁路、船舶、航空航天和其他运输设备制造业,河北省,2,,1,,,,,1,,,1,,1,,,,,1,,,,,,,,,,,,,,,1,,,,,,,,,,89463207404,44731603702.235,85867784970,3595422434,44731603702.235,532094247.1,266047123.6,369939768,162154479.1,266047123.6,27014,13507,25647,1367,13507,39556315094,19778157546.935,38298051204,1258263890,19778157546.935,39,46.8,31.2,39,2589148729,1294574364,2546270378,42878350.81,1294574364,13.995,35.74,-7.75,13.995,609714597.9,304857298.9,424385264.2,185329333.7,304857298.9,-19.785,-4.07,-35.5,-19.785,-38.48,-34.77,-42.19,-38.48,26.935,57.83,-3.96,26.935,5.05,6.63,3.47,5.05,0.51,0.91,0.11,0.51,337200265,337200265,337200265,337200265,337200265,158.79,158.79,158.79,158.79,4003,4003,4003,4003,4003,10.06,10.06,10.06,10.06,6.46,12.61,0.31,6.46,185336388.7,92668194.36,180625158.1,4711230.62,92668194.36,540,270,505,35,270,11381,5690.5,11299,82,5690.5,9,9,9,9,9,2790,1395,2781,9,1395,1263,631.5,1259,4,631.5,0,0,0,0,0,1479,739.5,1467,12,739.5,4,4,4,4,4,904,452,903,1,452,4,4,4,4,4,1063,531.5,1054,9,531.5,373,373,373,373,373,15.69,15.69,15.69,15.69,0,0,0,0,0,0,0,0,0,0,0,0,0,0,0,0,0,0,0,0,0,0,0,0,0,0,0,0,0,0,0,0,0,0,0,0,0,0,0,0,0,0,0,0,0,41334763517,20667381758,40212602939,1122160578,20667381758,19787,9893.5,19632,155,9893.5,0,0,0,0,0,6345,3172.5,6331,14,3172.5,9,9,9,9,9,10,10,10,10,10,1,1,1,1,1
水利、环境和公共设施管理业,河北省,1,,,,,,,1,,1,,,,1,,,,,,,,,,,,,,,,,,,,,,,,,,,,,832310649.2,832310649.2,832310649.2,832310649.2,832310649.2,-86795825.03,-86795825.03,-86795825.03,-86795825.03,-86795825.03,250,250,250,250,250,186793543.5,186793543.5,186793543.5,186793543.5,186793543.5,52.38,52.38,52.38,52.38,7543545.78,7543545.78,7543545.78,7543545.78,7543545.78,5.84,5.84,5.84,5.84,-29020376.47,-29020376.47,-29020376.47,-29020376.47,-29020376.47,88.67,88.67,88.67,88.67,67.45,67.45,67.45,67.45,13.89,13.89,13.89,13.89,4.03,4.03,4.03,4.03,0.23,0.23,0.23,0.23,0,0,0,0,0,0,0,0,0,44,44,44,44,44,10,10,10,10,-3.01,-3.01,-3.01,-3.01,3726849.04,3726849.04,3726849.04,3726849.04,3726849.04,21,21,21,21,21,187,187,187,187,187,2,2,2,2,2,34,34,34,34,34,29,29,29,29,29,0,0,0,0,0,21,21,21,21,21,0,0,0,0,0,10,10,10,10,10,0,0,0,0,0,18,18,18,18,18,2,2,2,2,2,17.18,17.18,17.18,17.18,0,0,0,0,0,0,0,0,0,0,0,0,0,0,0,0,0,0,0,0,0,0,0,0,0,0,0,0,0,0,0,0,0,0,0,0,0,0,0,0,0,0,0,0,0,435544998.9,435544998.9,435544998.9,435544998.9,435544998.9,655,655,655,655,655,0,0,0,0,0,75,75,75,75,75,2,2,2,2,2,0,0,0,0,0,0,0,0,0,0
科学研究和技术服务业,河北省,0,,,,,,,,,,,,,,,,,,,,,,,,,,,,,,,,,,,,,,,,,,0,0,0,0,0,0,0,0,0,0,0,0,0,0,0,0,0,0,0,0,0,0,0,0,0,0,0,0,0,0,0,0,0,0,0,0,0,0,0,0,0,0,0,0,0,0,0,0,0,0,0,0,0,0,0,0,0,0,0,0,0,0,0,0,0,0,0,0,0,0,0,0,0,0,0,0,0,0,0,0,0,0,0,0,0,0,0,0,0,0,0,0,0,0,0,0,0,0,0,0,0,0,0,0,0,0,0,0,0,0,0,0,0,0,0,0,0,0,0,0,0,0,0,0,0,0,0,0,0,0,0,0,0,0,0,0,0,0,0,0,0,0,0,0,0,0,0,0,0,0,0,0,0,0,0,0,0,0,0,0,0,0,0,0,0,0,0,0,0,0,0,0,0,0,0,0,0,0,0,0,0,0,0,0,0,0,0,0,0,0,0,0,0,0,0,0,0,0,0,0,0,0,0,0,0,0,0,0,0,0,0,0,0,0,0,0,0,0,0,0,0,0,0,0,0,0,0,0,0
纺织鞋服业,河北省,1,,,,,,,1,,1,,,,1,,,,,,,,,,,,,,,,,,,,,,,,,,,,,1650966081,1650966081,1650966081,1650966081,1650966081,-322406279.6,-322406279.6,-322406279.6,-322406279.6,-322406279.6,972,972,972,972,972,318248803.5,318248803.5,318248803.5,318248803.5,318248803.5,26.2,26.2,26.2,26.2,10878638.2,10878638.2,10878638.2,10878638.2,10878638.2,-23.36,-23.36,-23.36,-23.36,-319019797.9,-319019797.9,-319019797.9,-319019797.9,-319019797.9,-1725,-1725,-1725,-1725,-2283.37,-2283.37,-2283.37,-2283.37,-8.29,-8.29,-8.29,-8.29,3.45,3.45,3.45,3.45,0.55,0.55,0.55,0.55,0,0,0,0,0,0,0,0,0,81,81,81,81,81,-4.72,-4.72,-4.72,-4.72,-6.8,-6.8,-6.8,-6.8,4337854.2,4337854.2,4337854.2,4337854.2,4337854.2,17,17,17,17,17,80,80,80,80,80,0,0,0,0,0,2,2,2,2,2,19,19,19,19,19,0,0,0,0,0,2,2,2,2,2,0,0,0,0,0,0,0,0,0,0,0,0,0,0,0,2,2,2,2,2,0,0,0,0,0,8.38,8.38,8.38,8.38,0,0,0,0,0,0,0,0,0,0,0,0,0,0,0,0,0,0,0,0,0,0,0,0,0,0,0,0,0,0,0,0,0,0,0,0,0,0,0,0,0,0,0,0,0,433500345,433500345,433500345,433500345,433500345,122,122,122,122,122,0,0,0,0,0,22,22,22,22,22,0,0,0,0,0,0,0,0,0,0,0,0,0,0,0
通信传输设备业,河北省,0,,,,,,,,,,,,,,,,,,,,,,,,,,,,,,,,,,,,,,,,,,0,0,0,0,0,0,0,0,0,0,0,0,0,0,0,0,0,0,0,0,0,0,0,0,0,0,0,0,0,0,0,0,0,0,0,0,0,0,0,0,0,0,0,0,0,0,0,0,0,0,0,0,0,0,0,0,0,0,0,0,0,0,0,0,0,0,0,0,0,0,0,0,0,0,0,0,0,0,0,0,0,0,0,0,0,0,0,0,0,0,0,0,0,0,0,0,0,0,0,0,0,0,0,0,0,0,0,0,0,0,0,0,0,0,0,0,0,0,0,0,0,0,0,0,0,0,0,0,0,0,0,0,0,0,0,0,0,0,0,0,0,0,0,0,0,0,0,0,0,0,0,0,0,0,0,0,0,0,0,0,0,0,0,0,0,0,0,0,0,0,0,0,0,0,0,0,0,0,0,0,0,0,0,0,0,0,0,0,0,0,0,0,0,0,0,0,0,0,0,0,0,0,0,0,0,0,0,0,0,0,0,0,0,0,0,0,0,0,0,0,0,0,0,0,0,0,0,0,0
金属制品业,河北省,2,,1,,,,,1,,2,,,,1,,1,,,,,,,,,,,,,,,,,,,,,,,,,,,60395933563,30197966782,55916813718,4479119845,30197966782,1927364630,963682315.2,1918280442,9084188.47,963682315.2,17372,8686,14988,2384,8686,49932696510,24966348254.815,47760081404,2172615106,24966348254.815,47.585,50.67,44.5,47.585,1560342243,780171121.5,1427752413,132589829.7,780171121.5,-11.14,-10.4,-11.88,-11.14,2203674883,1101837441,2189225254,14449628.71,1101837441,-39.825,-26.77,-52.88,-39.825,-37.055,-12.05,-62.06,-37.055,29.025,43.49,14.56,29.025,4.5,6.1,2.9,4.5,1.47,2.3,0.64,1.47,0,0,0,0,0,0,0,0,0,1167,583.5,1015,152,583.5,4.84,6.29,3.39,4.84,-3.07,-2.1,-4.04,-3.07,288952717.8,144476358.9,281459143.2,7493574.55,144476358.9,199,99.5,160,39,99.5,5979,2989.5,5348,631,2989.5,13,13,13,13,13,635,317.5,590,45,317.5,829,414.5,803,26,414.5,0,0,0,0,0,567,283.5,468,99,283.5,0,0,0,0,0,195,97.5,161,34,97.5,0,0,0,0,0,507,253.5,442,65,253.5,99,49.5,96,3,49.5,6.585,6.71,6.46,6.585,0,0,0,0,0,0,0,0,0,0,1,1,1,1,1,0,0,0,0,0,0,0,0,0,0,0,0,0,0,0,0,0,0,0,0,0,0,0,0,0,0,0,0,0,0,30319745201,15159872600.405,28326439937,1993305264,15159872600.405,8238,4119,7197,1041,4119,0,0,0,0,0,2081,1040.5,1916,165,1040.5,13,13,13,13,13,1,1,1,1,1,2,2,2,2,2
文化、体育和娱乐业,河北省,0,,,,,,,,,,,,,,,,,,,,,,,,,,,,,,,,,,,,,,,,,,0,0,0,0,0,0,0,0,0,0,0,0,0,0,0,0,0,0,0,0,0,0,0,0,0,0,0,0,0,0,0,0,0,0,0,0,0,0,0,0,0,0,0,0,0,0,0,0,0,0,0,0,0,0,0,0,0,0,0,0,0,0,0,0,0,0,0,0,0,0,0,0,0,0,0,0,0,0,0,0,0,0,0,0,0,0,0,0,0,0,0,0,0,0,0,0,0,0,0,0,0,0,0,0,0,0,0,0,0,0,0,0,0,0,0,0,0,0,0,0,0,0,0,0,0,0,0,0,0,0,0,0,0,0,0,0,0,0,0,0,0,0,0,0,0,0,0,0,0,0,0,0,0,0,0,0,0,0,0,0,0,0,0,0,0,0,0,0,0,0,0,0,0,0,0,0,0,0,0,0,0,0,0,0,0,0,0,0,0,0,0,0,0,0,0,0,0,0,0,0,0,0,0,0,0,0,0,0,0,0,0,0,0,0,0,0,0,0,0,0,0,0,0,0,0,0,0,0,0
橡胶和塑料制品业,河北省,3,,,,,,,3,,1,,2,,1,,,,,,,,,,,,,,,2,,,,,,,,,,,,,,7988090881,2662696960.33667,7012424169,465652775.2,510013936.3,378377968.3,126125989.446667,294948302.3,40794920.63,42634745.39,3184,1061.33333333333,2169,506,509,3554316171,1184772056.97333,2834615615,335517113.9,384183442,19.4533333333333,25.48,14.83,18.05,67777005.68,22592335.2266667,33094213.4,15442899.63,19239892.65,-1.126666667,5.96,-7.54,-1.8,441224285.9,147074761.953333,345298580.4,47206340.01,48719365.47,-3.136666667,12.25,-19.76,-1.9,-3.146666667,12.32,-18.2,-3.56,-2.813333333,9.1,-22.74,5.2,3.65,5.78,1.1,4.07,0.14,0.65,-0.39,0.16,0,0,0,0,0,0,0,0,0,318,106,133,68,117,15.56,21.5,9.62,15.56,-1.64,3.5,-10.02,1.6,43705221.54,14568407.18,30378866.92,3220416.65,10105937.97,89.4,29.8,76,6.16,7.24,138,46,63,34,41,1,1,1,1,1,18,9,13,5,9,5,1.66666666666667,2,1,2,0,0,0,0,0,29,9.66666666666667,23,2,4,0,0,0,0,0,7,3.5,6,1,3.5,0,0,0,0,0,35,11.6666666666667,18,4,13,6,3,3,3,3,13.8933333333333,22.25,6.05,13.38,0,0,0,0,0,0,0,0,0,0,0,0,0,0,0,0,0,0,0,0,0,0,0,0,0,0,0,0,0,0,0,0,0,0,0,0,0,0,0,0,0,0,0,0,0,1945338801,648446266.9,1784042923,69320189.75,91975687.73,294,98,133,60,101,0,0,0,0,0,39,13,18,10,11,1,1,1,1,1,3,1.5,2,1,1.5,0,0,0,0,0
租赁和商务服务业,河北省,0,,,,,,,,,,,,,,,,,,,,,,,,,,,,,,,,,,,,,,,,,,0,0,0,0,0,0,0,0,0,0,0,0,0,0,0,0,0,0,0,0,0,0,0,0,0,0,0,0,0,0,0,0,0,0,0,0,0,0,0,0,0,0,0,0,0,0,0,0,0,0,0,0,0,0,0,0,0,0,0,0,0,0,0,0,0,0,0,0,0,0,0,0,0,0,0,0,0,0,0,0,0,0,0,0,0,0,0,0,0,0,0,0,0,0,0,0,0,0,0,0,0,0,0,0,0,0,0,0,0,0,0,0,0,0,0,0,0,0,0,0,0,0,0,0,0,0,0,0,0,0,0,0,0,0,0,0,0,0,0,0,0,0,0,0,0,0,0,0,0,0,0,0,0,0,0,0,0,0,0,0,0,0,0,0,0,0,0,0,0,0,0,0,0,0,0,0,0,0,0,0,0,0,0,0,0,0,0,0,0,0,0,0,0,0,0,0,0,0,0,0,0,0,0,0,0,0,0,0,0,0,0,0,0,0,0,0,0,0,0,0,0,0,0,0,0,0,0,0,0
农、林、牧、渔业,河北省,0,,,,,,,,,,,,,,,,,,,,,,,,,,,,,,,,,,,,,,,,,,0,0,0,0,0,0,0,0,0,0,0,0,0,0,0,0,0,0,0,0,0,0,0,0,0,0,0,0,0,0,0,0,0,0,0,0,0,0,0,0,0,0,0,0,0,0,0,0,0,0,0,0,0,0,0,0,0,0,0,0,0,0,0,0,0,0,0,0,0,0,0,0,0,0,0,0,0,0,0,0,0,0,0,0,0,0,0,0,0,0,0,0,0,0,0,0,0,0,0,0,0,0,0,0,0,0,0,0,0,0,0,0,0,0,0,0,0,0,0,0,0,0,0,0,0,0,0,0,0,0,0,0,0,0,0,0,0,0,0,0,0,0,0,0,0,0,0,0,0,0,0,0,0,0,0,0,0,0,0,0,0,0,0,0,0,0,0,0,0,0,0,0,0,0,0,0,0,0,0,0,0,0,0,0,0,0,0,0,0,0,0,0,0,0,0,0,0,0,0,0,0,0,0,0,0,0,0,0,0,0,0,0,0,0,0,0,0,0,0,0,0,0,0,0,0,0,0,0,0
仪器仪表制造业,河北省,2,,,,,,,2,,2,,,,2,,,,,,,,,,,,,,,,,,,,,,,,,,,,,3525475411,1762737705,2332378069,1193097342,1762737705,-22593465.98,-11296732.99,108544142.2,-131137608.1,-11296732.99,2714,1357,2203,511,1357,1515638206,757819103.1,1008139691,507498515.4,757819103.1,16.77,16.96,16.58,16.77,116321010.1,58160505.06,82647299.51,33673710.61,58160505.06,-6.16,-3.03,-9.29,-6.16,-12304795.98,-6152397.99,124687433.8,-136992229.8,-6152397.99,-126.605,-30.01,-223.2,-126.605,-151.495,-30.09,-272.9,-151.495,4.155,8,0.31,4.155,7.435,8.2,6.67,7.435,0.815,1.34,0.29,0.815,0,0,0,0,0,0,0,0,0,302,151,178,124,151,15.6,15.6,15.6,15.6,-0.125,1.51,-1.76,-0.125,33135785.9,16567892.95,26871336.08,6264449.82,16567892.95,57,28.5,31,26,28.5,759,379.5,565,194,379.5,4,4,4,4,4,46,23,37,9,23,44,22,36,8,22,0,0,0,0,0,116,58,89,27,58,3,3,3,3,3,58,29,47,11,29,3,3,3,3,3,113,56.5,102,11,56.5,18,9,15,3,9,16.08,24.36,7.8,16.08,0,0,0,0,0,0,0,0,0,0,1,1,1,1,1,0,0,0,0,0,0,0,0,0,0,0,0,0,0,0,0,0,0,0,0,0,0,0,0,0,0,0,0,0,0,591455933.2,295727966.6,394366664,197089269.3,295727966.6,1248,624,968,280,624,0,0,0,0,0,215,107.5,164,51,107.5,4,4,4,4,4,0,0,0,0,0,0,0,0,0,0
造纸和纸制品业,河北省,1,,,,,,,1,,,1,,,,,,,1,,,,,,,,,,,,,,,,,,,,,,,,,1374040311,1374040311,1374040311,1374040311,1374040311,-111379330.9,-111379330.9,-111379330.9,-111379330.9,-111379330.9,385,385,385,385,385,674440869.4,674440869.4,674440869.4,674440869.4,674440869.4,11.32,11.32,11.32,11.32,978194.78,978194.78,978194.78,978194.78,978194.78,-35,-35,-35,-35,-35650298.07,-35650298.07,-35650298.07,-35650298.07,-35650298.07,-474.64,-474.64,-474.64,-474.64,-2005.41,-2005.41,-2005.41,-2005.41,49.58,49.58,49.58,49.58,0.16,0.16,0.16,0.16,0.08,0.08,0.08,0.08,0,0,0,0,0,0,0,0,0,0,0,0,0,0,0,0,0,0,3.85,3.85,3.85,3.85,0,0,0,0,0,0.33,0.33,0.33,0.33,0.33,0,0,0,0,0,0,0,0,0,0,0,0,0,0,0,0,0,0,0,0,0,0,0,0,0,0,0,0,0,0,0,0,0,0,0,0,0,0,0,0,0,0,0,0,0,0,0,0,0,0,0,0,0,0,0,0,0,0,0,0,0,0,0,0,0,0,0,0,0,0,0,0,0,0,0,0,0,0,0,0,0,0,0,0,0,0,0,0,0,0,0,0,0,0,0,0,0,0,0,0,0,0,0,0,155408474.2,155408474.2,155408474.2,155408474.2,155408474.2,0,0,0,0,0,0,0,0,0,0,0,0,0,0,0,0,0,0,0,0,0,0,0,0,0,0,0,0,0,0
其他制造业,河北省,2,1,,,,,,1,,2,,,,1,,,,,,,,,,,1,,,,,,,,,,,,,,,,,,8984919930,4492459965,8057808600,927111330.9,4492459965,626508793.4,313254396.7,599617453,26891340.37,313254396.7,5143,2571.5,4978,165,2571.5,4750277657,2375138829,4602376922,147900735.7,2375138829,16.06,25.6,6.52,16.06,264110284.8,132055142.4,254162456,9947828.79,132055142.4,-9.77,19.15,-38.69,-9.77,717442056.6,358721028.3,686022001.7,31420054.89,358721028.3,-28.485,9.26,-66.23,-28.485,-29.25,8.18,-66.68,-29.25,15.775,34.22,-2.67,15.775,6.125,6.7,5.55,6.125,1.54,2.41,0.67,1.54,26292264.15,26292264.15,26292264.15,26292264.15,26292264.15,769.25,769.25,769.25,769.25,407,203.5,380,27,203.5,0.805,17.29,-15.68,0.805,-2.725,11.54,-16.99,-2.725,12608911.17,6304455.585,12065530.96,543380.21,6304455.585,166,83,135,31,83,756,378,680,76,378,4,4,4,4,4,43,21.5,30,13,21.5,18,9,14,4,9,0,0,0,0,0,174,174,174,174,174,0,0,0,0,0,67,67,67,67,67,0,0,0,0,0,118,59,116,2,59,8,4,6,2,4,12.215,16.63,7.8,12.215,0,0,0,0,0,0,0,0,0,0,0,0,0,0,0,0,0,0,0,0,0,0,0,0,0,0,0,0,0,0,0,0,0,0,0,0,0,0,0,0,0,0,0,0,0,2123867119,1061933559,2062725603,61141515.4,1061933559,637,318.5,480,157,318.5,0,0,0,0,0,178,89,153,25,89,4,4,4,4,4,0,0,0,0,0,0,0,0,0,0
教育,河北省,1,,,,,,,1,,,1,,,,,,,1,,,,,,,,,,,,,,,,,,,,,,,,,1955463279,1955463279,1955463279,1955463279,1955463279,26718819,26718819,26718819,26718819,26718819,1207,1207,1207,1207,1207,311900453,311900453,311900453,311900453,311900453,62.8,62.8,62.8,62.8,0,0,0,0,0,1.06,1.06,1.06,1.06,27414164,27414164,27414164,27414164,27414164,-3.48,-3.48,-3.48,-3.48,-7,-7,-7,-7,0,0,0,0,0,0,0,0,0,0,0,0,0,0,0,0,0,0,0,0,0,0,0,0,0,0,0,0,0,0,-9.63,-9.63,-9.63,-9.63,750027,750027,750027,750027,750027,2.75,2.75,2.75,2.75,2.75,0,0,0,0,0,0,0,0,0,0,0,0,0,0,0,0,0,0,0,0,0,0,0,0,0,0,0,0,0,0,0,0,0,0,0,0,0,0,0,0,0,0,0,0,0,0,0,0,0,0,0,0,0,0,0,0,0,0,0,0,0,0,0,0,0,0,0,0,0,0,0,0,0,0,0,0,0,0,0,0,0,0,0,0,0,0,0,0,0,0,0,0,0,0,0,0,0,0,0,0,0,0,0,0,1229607853,1229607853,1229607853,1229607853,1229607853,0,0,0,0,0,0,0,0,0,0,0,0,0,0,0,0,0,0,0,0,0,0,0,0,0,0,0,0,0,0
综合,河北省,1,,,,,,1,,,,1,,,,,,,,1,,,,,,,,,,,,,,,,,,,,,,,,302298889,302298889,302298889,302298889,302298889,22030293,22030293,22030293,22030293,22030293,57,57,57,57,57,45738342,45738342,45738342,45738342,45738342,30.46,30.46,30.46,30.46,0,0,0,0,0,4.06,4.06,4.06,4.06,28518688,28518688,28518688,28518688,28518688,14.42,14.42,14.42,14.42,21.42,21.42,21.42,21.42,0,0,0,0,0,0,0,0,0,0,0,0,0,0,0,0,0,0,0,0,0,0,0,0,0,0,0,0,0,0,0,0,0,0,86019,86019,86019,86019,86019,3.31,3.31,3.31,3.31,3.31,0,0,0,0,0,0,0,0,0,0,0,0,0,0,0,0,0,0,0,0,0,0,0,0,0,0,0,0,0,0,0,0,0,0,0,0,0,0,0,0,0,0,0,0,0,0,0,0,0,0,0,0,0,0,0,0,0,0,0,0,0,0,0,0,0,0,0,0,0,0,0,0,0,0,0,0,0,0,0,0,0,0,0,0,0,0,0,0,0,0,0,0,0,0,0,0,0,0,0,0,0,0,0,0,92098743,92098743,92098743,92098743,92098743,0,0,0,0,0,0,0,0,0,0,0,0,0,0,0,0,0,0,0,0,0,0,0,0,0,0,0,0,0,0
废弃资源综合利用业,河北省,0,,,,,,,,,,,,,,,,,,,,,,,,,,,,,,,,,,,,,,,,,,0,0,0,0,0,0,0,0,0,0,0,0,0,0,0,0,0,0,0,0,0,0,0,0,0,0,0,0,0,0,0,0,0,0,0,0,0,0,0,0,0,0,0,0,0,0,0,0,0,0,0,0,0,0,0,0,0,0,0,0,0,0,0,0,0,0,0,0,0,0,0,0,0,0,0,0,0,0,0,0,0,0,0,0,0,0,0,0,0,0,0,0,0,0,0,0,0,0,0,0,0,0,0,0,0,0,0,0,0,0,0,0,0,0,0,0,0,0,0,0,0,0,0,0,0,0,0,0,0,0,0,0,0,0,0,0,0,0,0,0,0,0,0,0,0,0,0,0,0,0,0,0,0,0,0,0,0,0,0,0,0,0,0,0,0,0,0,0,0,0,0,0,0,0,0,0,0,0,0,0,0,0,0,0,0,0,0,0,0,0,0,0,0,0,0,0,0,0,0,0,0,0,0,0,0,0,0,0,0,0,0,0,0,0,0,0,0,0,0,0,0,0,0,0,0,0,0,0,0
印刷和记录媒介复制业,河北省,0,,,,,,,,,,,,,,,,,,,,,,,,,,,,,,,,,,,,,,,,,,0,0,0,0,0,0,0,0,0,0,0,0,0,0,0,0,0,0,0,0,0,0,0,0,0,0,0,0,0,0,0,0,0,0,0,0,0,0,0,0,0,0,0,0,0,0,0,0,0,0,0,0,0,0,0,0,0,0,0,0,0,0,0,0,0,0,0,0,0,0,0,0,0,0,0,0,0,0,0,0,0,0,0,0,0,0,0,0,0,0,0,0,0,0,0,0,0,0,0,0,0,0,0,0,0,0,0,0,0,0,0,0,0,0,0,0,0,0,0,0,0,0,0,0,0,0,0,0,0,0,0,0,0,0,0,0,0,0,0,0,0,0,0,0,0,0,0,0,0,0,0,0,0,0,0,0,0,0,0,0,0,0,0,0,0,0,0,0,0,0,0,0,0,0,0,0,0,0,0,0,0,0,0,0,0,0,0,0,0,0,0,0,0,0,0,0,0,0,0,0,0,0,0,0,0,0,0,0,0,0,0,0,0,0,0,0,0,0,0,0,0,0,0,0,0,0,0,0,0
卫生和社会工作,河北省,0,,,,,,,,,,,,,,,,,,,,,,,,,,,,,,,,,,,,,,,,,,0,0,0,0,0,0,0,0,0,0,0,0,0,0,0,0,0,0,0,0,0,0,0,0,0,0,0,0,0,0,0,0,0,0,0,0,0,0,0,0,0,0,0,0,0,0,0,0,0,0,0,0,0,0,0,0,0,0,0,0,0,0,0,0,0,0,0,0,0,0,0,0,0,0,0,0,0,0,0,0,0,0,0,0,0,0,0,0,0,0,0,0,0,0,0,0,0,0,0,0,0,0,0,0,0,0,0,0,0,0,0,0,0,0,0,0,0,0,0,0,0,0,0,0,0,0,0,0,0,0,0,0,0,0,0,0,0,0,0,0,0,0,0,0,0,0,0,0,0,0,0,0,0,0,0,0,0,0,0,0,0,0,0,0,0,0,0,0,0,0,0,0,0,0,0,0,0,0,0,0,0,0,0,0,0,0,0,0,0,0,0,0,0,0,0,0,0,0,0,0,0,0,0,0,0,0,0,0,0,0,0,0,0,0,0,0,0,0,0,0,0,0,0,0,0,0,0,0,0
文教、工美、体育和娱乐用品制造业,河北省,0,,,,,,,,,,,,,,,,,,,,,,,,,,,,,,,,,,,,,,,,,,0,0,0,0,0,0,0,0,0,0,0,0,0,0,0,0,0,0,0,0,0,0,0,0,0,0,0,0,0,0,0,0,0,0,0,0,0,0,0,0,0,0,0,0,0,0,0,0,0,0,0,0,0,0,0,0,0,0,0,0,0,0,0,0,0,0,0,0,0,0,0,0,0,0,0,0,0,0,0,0,0,0,0,0,0,0,0,0,0,0,0,0,0,0,0,0,0,0,0,0,0,0,0,0,0,0,0,0,0,0,0,0,0,0,0,0,0,0,0,0,0,0,0,0,0,0,0,0,0,0,0,0,0,0,0,0,0,0,0,0,0,0,0,0,0,0,0,0,0,0,0,0,0,0,0,0,0,0,0,0,0,0,0,0,0,0,0,0,0,0,0,0,0,0,0,0,0,0,0,0,0,0,0,0,0,0,0,0,0,0,0,0,0,0,0,0,0,0,0,0,0,0,0,0,0,0,0,0,0,0,0,0,0,0,0,0,0,0,0,0,0,0,0,0,0,0,0,0,0
石油加工、炼焦和核燃料加工业,河北省,1,,,,,1,,,,,,,1,,,,,,,,,,,,,,,,,,,1,,,,,,,,,,,29053507543,29053507543,29053507543,29053507543,29053507543,1538650542,1538650542,1538650542,1538650542,1538650542,14712,14712,14712,14712,14712,26003957120,26003957120,26003957120,26003957120,26003957120,45.87,45.87,45.87,45.87,300042130.4,300042130.4,300042130.4,300042130.4,300042130.4,16.32,16.32,16.32,16.32,2251697807,2251697807,2251697807,2251697807,2251697807,-17.85,-17.85,-17.85,-17.85,-25.7,-25.7,-25.7,-25.7,55.8,55.8,55.8,55.8,1.11,1.11,1.11,1.11,0.23,0.23,0.23,0.23,0,0,0,0,0,0,0,0,0,224,224,224,224,224,16.56,16.56,16.56,16.56,19.27,19.27,19.27,19.27,23571243.55,23571243.55,23571243.55,23571243.55,23571243.55,95,95,95,95,95,327,327,327,327,327,1,1,1,1,1,57,57,57,57,57,53,53,53,53,53,0,0,0,0,0,16,16,16,16,16,0,0,0,0,0,6,6,6,6,6,0,0,0,0,0,22,22,22,22,22,7,7,7,7,7,1.5,1.5,1.5,1.5,0,0,0,0,0,0,0,0,0,0,1,1,1,1,1,0,0,0,0,0,0,0,0,0,0,0,0,0,0,0,0,0,0,0,0,0,0,0,0,0,0,0,0,0,0,13316942353,13316942353,13316942353,13316942353,13316942353,731,731,731,731,731,0,0,0,0,0,130,130,130,130,130,1,1,1,1,1,0,0,0,0,0,0,0,0,0,0
化学纤维制造业,河北省,0,,,,,,,,,,,,,,,,,,,,,,,,,,,,,,,,,,,,,,,,,,0,0,0,0,0,0,0,0,0,0,0,0,0,0,0,0,0,0,0,0,0,0,0,0,0,0,0,0,0,0,0,0,0,0,0,0,0,0,0,0,0,0,0,0,0,0,0,0,0,0,0,0,0,0,0,0,0,0,0,0,0,0,0,0,0,0,0,0,0,0,0,0,0,0,0,0,0,0,0,0,0,0,0,0,0,0,0,0,0,0,0,0,0,0,0,0,0,0,0,0,0,0,0,0,0,0,0,0,0,0,0,0,0,0,0,0,0,0,0,0,0,0,0,0,0,0,0,0,0,0,0,0,0,0,0,0,0,0,0,0,0,0,0,0,0,0,0,0,0,0,0,0,0,0,0,0,0,0,0,0,0,0,0,0,0,0,0,0,0,0,0,0,0,0,0,0,0,0,0,0,0,0,0,0,0,0,0,0,0,0,0,0,0,0,0,0,0,0,0,0,0,0,0,0,0,0,0,0,0,0,0,0,0,0,0,0,0,0,0,0,0,0,0,0,0,0,0,0,0
家具制造业,河北省,0,,,,,,,,,,,,,,,,,,,,,,,,,,,,,,,,,,,,,,,,,,0,0,0,0,0,0,0,0,0,0,0,0,0,0,0,0,0,0,0,0,0,0,0,0,0,0,0,0,0,0,0,0,0,0,0,0,0,0,0,0,0,0,0,0,0,0,0,0,0,0,0,0,0,0,0,0,0,0,0,0,0,0,0,0,0,0,0,0,0,0,0,0,0,0,0,0,0,0,0,0,0,0,0,0,0,0,0,0,0,0,0,0,0,0,0,0,0,0,0,0,0,0,0,0,0,0,0,0,0,0,0,0,0,0,0,0,0,0,0,0,0,0,0,0,0,0,0,0,0,0,0,0,0,0,0,0,0,0,0,0,0,0,0,0,0,0,0,0,0,0,0,0,0,0,0,0,0,0,0,0,0,0,0,0,0,0,0,0,0,0,0,0,0,0,0,0,0,0,0,0,0,0,0,0,0,0,0,0,0,0,0,0,0,0,0,0,0,0,0,0,0,0,0,0,0,0,0,0,0,0,0,0,0,0,0,0,0,0,0,0,0,0,0,0,0,0,0,0,0
住宿和餐饮业,河北省,0,,,,,,,,,,,,,,,,,,,,,,,,,,,,,,,,,,,,,,,,,,0,0,0,0,0,0,0,0,0,0,0,0,0,0,0,0,0,0,0,0,0,0,0,0,0,0,0,0,0,0,0,0,0,0,0,0,0,0,0,0,0,0,0,0,0,0,0,0,0,0,0,0,0,0,0,0,0,0,0,0,0,0,0,0,0,0,0,0,0,0,0,0,0,0,0,0,0,0,0,0,0,0,0,0,0,0,0,0,0,0,0,0,0,0,0,0,0,0,0,0,0,0,0,0,0,0,0,0,0,0,0,0,0,0,0,0,0,0,0,0,0,0,0,0,0,0,0,0,0,0,0,0,0,0,0,0,0,0,0,0,0,0,0,0,0,0,0,0,0,0,0,0,0,0,0,0,0,0,0,0,0,0,0,0,0,0,0,0,0,0,0,0,0,0,0,0,0,0,0,0,0,0,0,0,0,0,0,0,0,0,0,0,0,0,0,0,0,0,0,0,0,0,0,0,0,0,0,0,0,0,0,0,0,0,0,0,0,0,0,0,0,0,0,0,0,0,0,0,0
木材加工和木、竹、藤、棕、草制品业,河北省,0,,,,,,,,,,,,,,,,,,,,,,,,,,,,,,,,,,,,,,,,,,0,0,0,0,0,0,0,0,0,0,0,0,0,0,0,0,0,0,0,0,0,0,0,0,0,0,0,0,0,0,0,0,0,0,0,0,0,0,0,0,0,0,0,0,0,0,0,0,0,0,0,0,0,0,0,0,0,0,0,0,0,0,0,0,0,0,0,0,0,0,0,0,0,0,0,0,0,0,0,0,0,0,0,0,0,0,0,0,0,0,0,0,0,0,0,0,0,0,0,0,0,0,0,0,0,0,0,0,0,0,0,0,0,0,0,0,0,0,0,0,0,0,0,0,0,0,0,0,0,0,0,0,0,0,0,0,0,0,0,0,0,0,0,0,0,0,0,0,0,0,0,0,0,0,0,0,0,0,0,0,0,0,0,0,0,0,0,0,0,0,0,0,0,0,0,0,0,0,0,0,0,0,0,0,0,0,0,0,0,0,0,0,0,0,0,0,0,0,0,0,0,0,0,0,0,0,0,0,0,0,0,0,0,0,0,0,0,0,0,0,0,0,0,0,0,0,0,0,0
居民服务、修理和其他服务业,河北省,0,,,,,,,,,,,,,,,,,,,,,,,,,,,,,,,,,,,,,,,,,,0,0,0,0,0,0,0,0,0,0,0,0,0,0,0,0,0,0,0,0,0,0,0,0,0,0,0,0,0,0,0,0,0,0,0,0,0,0,0,0,0,0,0,0,0,0,0,0,0,0,0,0,0,0,0,0,0,0,0,0,0,0,0,0,0,0,0,0,0,0,0,0,0,0,0,0,0,0,0,0,0,0,0,0,0,0,0,0,0,0,0,0,0,0,0,0,0,0,0,0,0,0,0,0,0,0,0,0,0,0,0,0,0,0,0,0,0,0,0,0,0,0,0,0,0,0,0,0,0,0,0,0,0,0,0,0,0,0,0,0,0,0,0,0,0,0,0,0,0,0,0,0,0,0,0,0,0,0,0,0,0,0,0,0,0,0,0,0,0,0,0,0,0,0,0,0,0,0,0,0,0,0,0,0,0,0,0,0,0,0,0,0,0,0,0,0,0,0,0,0,0,0,0,0,0,0,0,0,0,0,0,0,0,0,0,0,0,0,0,0,0,0,0,0,0,0,0,0,0
医药制造业,辽宁省,5,,,,,1,,4,,2,2,,1,2,,,,2,,,,,,,,,,,,,,1,,,,,,,,,,,47948516159,9589703232,21988783844,310640709.6,10055787426,2946931172,589386234.3,1908010294,-243834776,357040007.5,15418,3083.6,6698,73,1765,18742316799,3748463360,8808948742,9079933.8,1814995063,25.264,65.8,4.05,13.6,1513518434,302703686.7,693173872,155086899.6,190196798.1,5.646,21.54,-13.05,7.46,3809596807,761919361.4,2274035544,-250271155.2,696359420.9,63.274,270.61,-17.94,21.61,64.238,278.1,-20,17.29,7.672,61.36,-14.98,-2.69,388.686,1899.51,1.75,15.29,-84.72,3.73,-427.31,-0.06,165404553.8,55134851.2566667,91667681.84,29151289.1,44585582.83,6.43,51.6,-56.8,24.49,1779,355.8,750,44,199,-2.49,11.08,-24.1,1.53,2.046,37.89,-29.15,-1.45,144248693.1,36062173.28,72667432.73,12495612.24,29542824.07,565.39,113.078,184,3.39,134,766,153.2,268,24,124,46,9.2,23,2,6,275,55,154,8,36,129,25.8,54,2,19,0,0,0,0,0,95,23.75,60,3,16,10,2.5,4,1,2.5,46,11.5,29,2,7.5,10,2.5,4,1,2.5,74,18.5,31,5,19,10,2.5,4,2,2,20.994,60.2,10.85,11.36,0,0,0,0,0,0,0,0,0,0,0,0,0,0,0,0,0,0,0,0,0,0,0,0,0,0,0,0,0,0,0,0,0,0,0,0,0,0,0,0,0,0,0,0,0,16364388266,3272877653,9097075259,42250872.27,406167002.4,2382,476.4,1022,238,411,0,0,0,0,0,537,107.4,209,24,102,46,9.2,23,2,6,0,0,0,0,0,0,0,0,0,0
化学原料和化学制品制造业,辽宁省,9,,1,,,1,,7,,6,,,3,4,1,1,,,,,,,,,,,,,,,,,,,3,,,,,,,,36948085970,4105342885.58111,11972461397,1477203171,2994487155,1256458734,139606525.983333,402562971.9,-118722258.4,110106072.2,15563,1729.22222222222,4565,590,892,22536549437,2504061048.57778,6944901691,680661669.8,1208556130,29.9977777777778,55.86,11.86,24.91,969940186.5,107771131.834444,343639530.5,24098576.85,49552949.54,0.0666666666666664,24.82,-28.36,-10.26,1381060717,153451190.831111,461624982,-151087887.8,121328953.2,-255.7655556,52.46,-2079.78,-20.73,-120.7222222,60.76,-872.25,-17.9,10.16,34,-46.7,15.98,4.46444444444444,7.55,2.61,3.63,0.38,1.44,-1.15,0.4,64884606.1,32442303.05,64375261.64,509344.46,32442303.05,41.14,171.32,-89.04,41.14,2290,254.444444444444,719,70,151,0.102222222222222,14.6,-11.27,0.68,6.31111111111111,54.33,-14.1,-0.21,220012754.6,24445861.62,124349924.6,4316884.49,10907197.87,599,66.5555555555556,229,16,41,3116,346.222222222222,1835,16,136,22,5.5,14,2,3,769,85.4444444444444,356,9,24,588,65.3333333333333,385,4,12,0,0,0,0,0,291,36.375,180,3,14.5,5,2.5,3,2,2.5,165,20.625,99,2,5.5,5,2.5,3,2,2.5,321,40.125,167,5,18.5,141,20.1428571428571,57,2,7,13.5288888888889,19.26,7.87,13.5,0,0,0,0,0,0,0,0,0,0,0,0,0,0,0,0,0,0,0,0,0,0,0,0,0,0,0,0,0,0,0,0,0,0,0,0,0,0,0,0,0,0,0,0,0,12800336281,1422259586.74333,5230705754,254690012.5,825641646.2,8737,970.777777777778,5086,79,238,0,0,0,0,0,1863,207,1047,10,50,22,5.5,14,2,3,30,30,30,30,30,6,1.5,2,1,1.5
食品饮料业,辽宁省,3,,,,,,,3,,,,1,2,,,,,,,,,,,,,,,,1,,,,,,2,,,,,,,,22458433403,7486144468,15393367629,443022493.8,6622043281,1209392959,403130986.246667,640058104.1,32246270.93,537088583.8,19769,6589.66666666667,11055,347,8367,39861655916,13287218639,32811791414,363599533.3,6686264969,33.2133333333333,45.7,24.1,29.84,127552642.9,42517547.6266667,90105763.03,5869369.87,31577509.98,7.53333333333333,11.37,5.55,5.68,1505961138,501987046.053333,812345662.5,37021128.98,656594346.7,55.9133333333333,210.1,-26.1,-16.26,682.23,2087.48,-24.6,-16.19,19.6733333333333,52.97,-7.43,13.48,0.783333333333333,1.62,0.24,0.49,0.07,0.15,-0.04,0.1,0,0,0,0,0,0,0,0,0,411,137,252,52,107,26.94,62.5,3.65,14.67,-4.81,6.7,-15.67,-5.46,69631038.82,23210346.2733333,43999456.09,891999.51,24739583.22,252.25,84.0833333333333,161,7.25,84,510,170,336,86,88,0,0,0,0,0,78,26,64,1,13,100,33.3333333333333,59,2,39,0,0,0,0,0,40,20,21,19,20,0,0,0,0,0,8,8,8,8,8,0,0,0,0,0,80,26.6666666666667,41,6,33,7,3.5,5,2,3.5,6.38,15.15,0.97,3.02,0,0,0,0,0,0,0,0,0,0,4,4,4,4,4,0,0,0,0,0,0,0,0,0,0,0,0,0,0,0,0,0,0,0,0,0,0,0,0,0,0,0,0,0,0,8764606193,2921535397.61333,7036596305,132122872.2,1595887016,1481,493.666666666667,1204,30,247,0,0,0,0,0,207,69,156,4,47,0,0,0,0,0,0,0,0,0,0,0,0,0,0,0
专用设备制造业,辽宁省,12,,,,,1,,11,,5,1,2,4,4,1,,,1,,,,,,,,,,,2,,,,,,4,,,,,,,,81997803921,6833150326.71333,24953257496,433993063.7,3665765938,2753245176,229437098,1669076567,-295635526.1,140899781.6,23899,1991.58333333333,6443,318,902,39594891168,3299574263.98333,15536741217,203940977.5,1475821707,57.4408333333333,77.01,35.02,59.85,2832642208,236053517.374167,859979786,8909299.94,128387187.5,66.7616666666667,413.92,-36.53,26.235,3033973279,252831106.5,1920930413,-339186073.3,134052690.6,101.011666666667,539.46,-19.07,29.955,102.875,447.1,-33.32,27.965,30.3533333333333,216.45,-32.02,20.475,9.06583333333333,22.26,4.04,6.775,-1.923333333,5.12,-15.84,-1.57,7230741.22,7230741.22,7230741.22,7230741.22,7230741.22,-78.22,-54.44,-102,-78.22,3686,335.090909090909,722,32,292,24.53,97.08,-19.78,14.79,21.2054545454545,109.86,-27.07,17.6,636939968.4,53078330.7,340565741,2617284.6,13837156.19,1526.29,127.190833333333,530,5.29,58.5,15232,1269.33333333333,9365,75,414.5,515,103,464,6,8,2488,226.181818181818,1626,5,41,1572,142.909090909091,963,3,40,0,0,0,0,0,2248,187.333333333333,1438,2,42,76,25.3333333333333,66,2,8,874,79.4545454545455,460,3,18,76,25.3333333333333,66,2,8,1981,165.083333333333,1462,3,32.5,243,24.3,176,1,6.5,25.3145454545455,50.47,10.15,23.78,0,0,0,0,0,0,0,0,0,0,0,0,0,0,0,0,0,0,0,0,0,0,0,0,0,0,0,0,0,0,0,0,0,0,0,1,1,1,1,1,0,0,0,0,0,50092933987,4174411166,15005605423,152042701.4,2001173054,31389,2615.75,20616,62,701.5,0,0,0,0,0,6261,521.75,3614,7,174,517,103.4,466,6,8,2,2,2,2,2,0,0,0,0,0
信息传输、软件和信息技术服务业,辽宁省,4,,,,,1,,3,,3,,,1,2,1,,,,,,,,,,,,,,,,,,,,1,,,,,,,,29449063036,7362265759,18872185574,1527161225,4524858118,-1565904090,-391476022.6,-214707952.4,-741980146.2,-304607995.9,21139,5284.75,17984,927,1114,16071050368,4017762592,9465802156,705149858.5,2950049177,38.25,50.65,13.14,44.605,1273996439,318499109.8,969114041,66546196.12,119168101.1,6.075,30.92,-13.7,3.54,-1525887959,-381471989.7,-204004911.9,-737739572.4,-292071737.3,-358.66,13.24,-1110.28,-168.8,-210.635,45.58,-553.23,-167.445,-6.4525,4.23,-24.43,-2.805,8.01,14.69,3.26,7.045,-0.1875,2.54,-1.25,-1.02,72210741.67,24070247.2233333,48570495,3838122.92,19802123.75,-6.44,40.52,-53.4,-6.44,5429,1357.25,4544,122,381.5,1.17,13.35,-13.1,3.26,15.885,65.16,-5.1,1.74,140594315.9,35148578.98,71542738,9078104.7,29986736.61,369,92.25,125,31,106.5,3126,781.5,2480,17,314.5,42,21,33,9,21,1156,385.333333333333,1022,15,119,634,158.5,501,4,64.5,0,0,0,0,0,261,65.25,235,4,11,0,0,0,0,0,237,59.25,215,3,9.5,0,0,0,0,0,176,44,138,1,18.5,145,48.3333333333333,118,1,26,26.93,39.9,13.3,27.26,0,0,0,0,0,0,0,0,0,0,0,0,0,0,0,0,0,0,0,0,0,0,0,0,0,0,0,0,0,0,0,0,0,0,0,0,0,0,0,0,0,0,0,0,0,13450209632,3362552407.9175,9560083894,363331719.8,1763397009,14504,3626,12485,87,966,0,0,0,0,0,2539,634.75,2206,12,160.5,42,21,33,9,21,15,15,15,15,15,3,3,3,3,3
电力、热力、燃气及水生产和供应业,辽宁省,6,,2,,,3,,1,,1,,,5,,1,,,,,,,,,,,,,,,,,2,2,,1,,,,,,,,463038826239.66,77173137707,414919441759.47,2673225205,11110564949.225,3427675330,571279221.596667,6827529149,-2411768986,-14655165.6,47908,7984.66666666667,39284,652,2097,211926450477.23,35321075079.5383,194674155516.93,806969779.7,3659943623,82.64,132.39,30.9,78.43,1500231762,500077253.863333,1462680832,15887422.25,21663507.62,15.775,48.36,-0.58,12.085,9321604878,1553600812.94333,12238419921,-2360083409,29492669.41,30.6683333333333,878.04,-696.23,-8.29,-67.495,293.79,-736.23,-8.12,9.83666666666667,24.16,-4.34,9.69,0.613333333333333,0.76,0.43,0.65,-0.03,0,-0.06,-0.03,860904056,860904056,860904056,860904056,860904056,2.77,2.77,2.77,2.77,974,324.666666666667,776,81,117,17.5066666666667,52.86,-9.04,8.7,-5.073333333,25.13,-48.1,-2.91,410387364,68397894,284853717.8,2241592.38,34172268.87,950,158.333333333333,686,14,38,3919,783.8,3599,4,101,2,2,2,2,2,349,87.25,327,3,9.5,255,63.75,237,1,8.5,0,0,0,0,0,905,226.25,834,12,29.5,0,0,0,0,0,402,201,400,2,201,0,0,0,0,0,618,154.5,560,4,27,84,84,84,84,84,5.97666666666667,12.39,1.9,3.64,0,0,0,0,0,0,0,0,0,0,3,3,3,3,3,0,0,0,0,0,0,0,0,0,0,0,0,0,0,0,0,0,0,0,0,0,0,0,0,0,0,0,0,0,0,342750260868.75,57125043478.125,3.04498E+11,2232069500,6244713906,4292,858.4,3999,4,88,0,0,0,0,0,1450,362.5,1380,3,33.5,2,2,2,2,2,0,0,0,0,0,0,0,0,0,0
商业电气机械和器材制造业,辽宁省,5,,,,,,,5,,3,2,,,3,,,,2,,,,,,,,,,,,,,,,,,,,,,,,,16619512678,3323902536,7737029164,1640099553,2135434131,1347894334,269578866.9,1112011921,-76131148.18,148983320.2,6696,1339.2,3021,536,1068,12248289672,2449657934,6869365989,903712231.5,1597553475,47.406,84.41,7.56,49.02,325653113.1,65130622.63,98203883,42854925.49,56960173.56,112.252,399.9,-3.3,51.9,164823265.7,32964653.15,205021032.5,-118542194,-10212593.17,-43.052,88.82,-203.34,16.03,51.048,265.7,-110.15,13.73,31.9,85.68,-0.13,28.9,3.754,4.77,1.48,4.29,-3.54,0.45,-16.24,-0.67,0,0,0,0,0,0,0,0,0,565,141.25,226,72,133.5,17.48,50.6,-18.16,20,11.124,42.33,-23.02,9.72,84949362.78,16989872.56,37470353,1768868.65,9570810.17,151.37,30.274,51,7.55,40,702,175.5,339,99,132,4,2,3,1,2,40,10,26,3,5.5,71,17.75,26,7,19,0,0,0,0,0,170,56.6666666666667,127,15,28,0,0,0,0,0,76,25.3333333333333,70,1,5,0,0,0,0,0,78,26,35,18,25,8,2.66666666666667,6,1,1,15.085,20.7,12.5,13.57,0,0,0,0,0,0,0,0,0,0,0,0,0,0,0,0,0,0,0,0,0,0,0,0,0,0,0,0,0,0,0,0,0,0,0,0,0,0,0,0,0,0,0,0,0,9600226237,1920045247,6531597627,229633245.5,804178789.1,1188,297,691,46,225.5,0,0,0,0,0,271,67.75,196,19,28,4,2,3,1,2,1,1,1,1,1,0,0,0,0,0
批发和零售业,辽宁省,10,,,,,2,1,7,,2,3,,5,2,,,,2,1,,,,,,,,,,,,,2,,,3,,,,,,,,293812965975.54,29381296597.554,126290094376.95,240021465.3,3096027064,5251235100,525123510,6614433243,-2718995851,-102582758.1,96691,9669.1,42755,244,2406.5,3.43497E+11,34349681983,1.79857E+11,79509170.11,3611199952,61.585,112.81,27.72,59.795,303130080.2,303130080.2,303130080.2,303130080.2,303130080.2,-16.826,7.42,-54.42,-15.96,10037255075,1003725508,10168848624,-2289414118,-74414167.45,-38.013,79.76,-179.74,-28.38,-50.358,79.76,-230.8,-29.415,-2.64,-2.64,-2.64,-2.64,2.02,2.02,2.02,2.02,0.37,0.37,0.37,0.37,91667104.89,91667104.89,91667104.89,91667104.89,91667104.89,24.41,24.41,24.41,24.41,181,181,181,181,181,9.42,9.42,9.42,9.42,-17.263,4.27,-43.17,-12.17,406661293.3,50832661.67,196316371.8,50799.1,11830145.83,1192.22,119.222,664,0.47,33,292,97.3333333333333,260,1,31,2,2,2,2,2,40,20,27,13,20,32,10.6666666666667,27,1,4,0,0,0,0,0,59,59,59,59,59,0,0,0,0,0,27,27,27,27,27,0,0,0,0,0,36,18,26,10,18,4,2,2,2,2,5.49,5.49,5.49,5.49,0,0,0,0,0,0,0,0,0,0,0,0,0,0,0,0,0,0,0,0,0,0,0,0,0,0,0,0,0,0,0,0,0,0,0,0,0,0,0,0,0,0,0,0,0,1.61577E+11,16157736379,82215765317,204962609.9,2035898540,440,146.666666666667,388,9,43,0,0,0,0,0,164,54.6666666666667,147,1,16,2,2,2,2,2,0,0,0,0,0,1,1,1,1,1
金融业,辽宁省,1,,,,,1,,,,,1,,,,,,,,,,,,,1,,,,,,,,,,,,,,,,,,,1082413466167.0,1082413466167.0,1082413466167.0,1082413466167.0,1082413466167.0,1019265871,1019265871,1019265871,1019265871,1019265871,8557,8557,8557,8557,8557,16153190163,16153190163,16153190163,16153190163,16153190163,92.44,92.44,92.44,92.44,0,0,0,0,0,-89.55,-89.55,-89.55,-89.55,1191246136,1191246136,1191246136,1191246136,1191246136,1048.94,1048.94,1048.94,1048.94,139.54,139.54,139.54,139.54,0,0,0,0,0,0,0,0,0,0,0,0,0,0,0,0,0,0,0,0,0,0,0,0,0,0,0,0,0,0,5.66,5.66,5.66,5.66,8458383,8458383,8458383,8458383,8458383,434,434,434,434,434,2,2,2,2,2,0,0,0,0,0,0,0,0,0,0,0,0,0,0,0,0,0,0,0,0,0,0,0,0,0,0,0,0,0,0,0,0,0,0,0,0,0,0,0,0,0,0,0,0,0,0,0,0,0,0,0,0,0,0,0,0,0,0,0,0,0,0,0,0,0,0,0,0,0,0,0,0,0,0,0,0,0,0,0,0,0,0,0,0,0,0,0,0,0,0,0,0,0,0,0,0,0,0,0,1000976923861.0,1000976923861.0,1000976923861.0,1000976923861.0,1000976923861.0,0,0,0,0,0,0,0,0,0,0,2,2,2,2,2,0,0,0,0,0,0,0,0,0,0,0,0,0,0,0
汽车制造业,辽宁省,3,,,,,1,,2,,1,,,2,1,,,,,,,,,,,,,,,,,,1,,,1,,,,,,,,9370787314,3123595771.45333,4412745676,932613235.4,4025428403,60485337.49,20161779.1633333,352548407.2,-338980622.9,46917553.17,7939,2646.33333333333,4116,1234,2589,7878944130,2626314710.07333,5631241292,576142781.4,1671560057,49.7833333333333,71.21,33.34,44.8,356964298.6,118988099.526667,243784953.3,28546040.81,84633304.5,-3.886666667,12.46,-32.6,8.48,114868935.9,38289645.2866667,405450364.4,-340326238.1,49744809.6,3.64,23.74,-7.52,-5.3,6.52,27.87,-5.01,-3.3,37.8766666666667,102.42,5.2,6.01,4.80333333333333,5.08,4.37,4.96,1.2,2.04,-0.3,1.86,0,0,0,0,0,0,0,0,0,561,187,345,66,150,5.93,10.9,-3.11,10,-3.276666667,-2.28,-4.22,-3.33,46256777.31,15418925.77,21322393.74,4167714.42,20766669.15,127,42.3333333333333,69,24,34,573,191,224,138,211,0,0,0,0,0,69,23,49,3,17,59,19.6666666666667,49,5,5,0,0,0,0,0,87,29,36,16,35,0,0,0,0,0,28,9.33333333333333,24,1,3,0,0,0,0,0,83,27.6666666666667,41,20,22,7,7,7,7,7,6.48,8.21,5.36,5.87,0,0,0,0,0,0,0,0,0,0,0,0,0,0,0,0,0,0,0,0,0,0,0,0,0,0,0,0,0,0,0,0,0,0,0,0,0,0,0,0,0,0,0,0,0,5257746528,1752582176,3143193084,311000097.1,1803553346,950,316.666666666667,442,140,368,0,0,0,0,0,208,69.3333333333333,158,16,34,0,0,0,0,0,1,1,1,1,1,0,0,0,0,0
金属冶炼和压延加工业,辽宁省,9,,3,,,1,,5,,3,2,,4,1,,2,,1,,1,,,,,,,,,,,,1,,,3,,,,,,,,282486705082.16,31387411675.7956,96991095226,459369254,11787669837,-821689587.3,-91298843.03,644308847.8,-1206059982,65837652.9,99918,11102,29394,882,6783,383507401372.14,42611933485.7933,1.31072E+11,1053910117,18656949120,52.0322222222222,76.05,39.35,48.61,8228258013,914250890.321111,2621009183,11491854,382637824.8,1.90111111111111,81.5,-19.69,-4.1,-744308300.8,-82700922.31,775434407.6,-1094180875,45073211.96,83.8133333333333,1544.37,-173.39,-97.56,416.742222222222,4579.89,-195.71,-97.37,438.207777777778,3806.39,-17.9,23.81,2.04,4.9,0,2,0.318888888888889,1.21,-0.24,0.05,0,0,0,0,0,-103,-103,-103,-103,8404,1050.5,2188,78,942,102.088571428571,356.87,-10.91,20.96,5.76888888888889,76.85,-12.99,-2.1,371017241.1,41224137.8977778,89000149,6036568,32042860.56,1000,111.111111111111,242,14,63,20453,2272.55555555556,9048,47,182,27,6.75,11,2,7,4752,528,2235,2,25,3905,433.888888888889,1735,5,29,0,0,0,0,0,1590,176.666666666667,607,2,16,2,2,2,2,2,970,138.571428571429,404,1,10,2,2,2,2,2,1469,163.222222222222,595,2,30,606,86.5714285714286,279,1,16,9.595,13.41,5.78,8.915,0,0,0,0,0,0,0,0,0,0,1,1,1,1,1,0,0,0,0,0,0,0,0,0,0,0,0,0,0,0,0,0,0,0,0,0,0,0,0,0,0,0,0,0,0,124425790301.63,13825087811.2922,38328094529,349416236,5733232951,52059,5784.33333333333,24272,33,336,0,0,0,0,0,10008,1112,4489,14,45,27,6.75,11,2,7,14,3.5,7,1,3,9,4.5,8,1,4.5
交通运输、仓储和邮政业,辽宁省,5,,3,,,1,,1,,,1,,4,,,,,,,1,,,,,,,,,,,,1,2,,1,,,,,,,,181563160935.89,36312632187.178,57609373698,9411969955,39257301362,7295125112,1459025022,3964128232,125809588.1,1431366329,43103,8620.6,17223,1575,11002,92460984147,18492196829.354,53539324664,2957976673,11980771931,35.286,61.73,27.53,28.81,197372321.7,49343080.43,150553696,7907348,19455638.85,-3.894,18.52,-32.91,-2.94,9464968020,1892993604,5102328353,159771429.7,1862981973,1.706,78.95,-34.96,-2.3,4.814,81.29,-31.18,0.79,18.325,106.09,-40.67,3.94,0.1325,0.26,0.01,0.13,-0.01,0.04,-0.09,0.02,128503462,32125865.5,100870954,94986,13768761,-21.37,12.4,-98.94,0.53,840,210,632,10,99,-12.68,42.83,-53.97,-19.79,43.776,207.2,-1.53,1.71,276517462.6,55303492.53,107638805.7,18160876.09,28154902.61,1114,222.8,509,57,149,370,74,212,34,38,0,0,0,0,0,21,10.5,11,10,10.5,31,15.5,28,3,15.5,0,0,0,0,0,38,7.6,14,1,10,0,0,0,0,0,23,5.75,14,1,4,0,0,0,0,0,48,9.6,13,7,10,9,4.5,5,4,4.5,1.4825,3.67,0.46,0.9,0,0,0,0,0,0,0,0,0,0,0,0,0,0,0,0,0,0,0,0,0,0,0,0,0,0,0,0,0,0,0,0,0,0,0,0,0,0,0,0,0,0,0,0,0,57433737974,11486747594.756,15867378612,2717962429,12063555297,371,74.2,295,8,26,0,0,0,0,0,125,25,97,1,1,0,0,0,0,0,2,2,2,2,2,2,1,1,1,1
消费电子及电气业,辽宁省,1,,,,,,1,,,1,,,,,,,1,,,,,,,,,,,,,,,,,,,,,,,,,,1257308224,1257308224,1257308224,1257308224,1257308224,124636854.8,124636854.8,124636854.8,124636854.8,124636854.8,2447,2447,2447,2447,2447,884683379.6,884683379.6,884683379.6,884683379.6,884683379.6,25.81,25.81,25.81,25.81,33102732.57,33102732.57,33102732.57,33102732.57,33102732.57,44.92,44.92,44.92,44.92,139145085.3,139145085.3,139145085.3,139145085.3,139145085.3,163.77,163.77,163.77,163.77,177.04,177.04,177.04,177.04,50.3,50.3,50.3,50.3,3.78,3.78,3.78,3.78,0.19,0.19,0.19,0.19,0,0,0,0,0,0,0,0,0,202,202,202,202,202,23.65,23.65,23.65,23.65,16.23,16.23,16.23,16.23,5082096.88,5082096.88,5082096.88,5082096.88,5082096.88,29,29,29,29,29,419,419,419,419,419,0,0,0,0,0,32,32,32,32,32,43,43,43,43,43,0,0,0,0,0,36,36,36,36,36,0,0,0,0,0,14,14,14,14,14,0,0,0,0,0,28,28,28,28,28,6,6,6,6,6,8.32,8.32,8.32,8.32,0,0,0,0,0,0,0,0,0,0,0,0,0,0,0,0,0,0,0,0,0,0,0,0,0,0,0,0,0,0,0,0,0,0,0,0,0,0,0,0,0,0,0,0,0,325126095.5,325126095.5,325126095.5,325126095.5,325126095.5,416,416,416,416,416,0,0,0,0,0,124,124,124,124,124,0,0,0,0,0,0,0,0,0,0,0,0,0,0,0
房地产业,辽宁省,1,,,,,1,,,,1,,,,,1,,,,,,,,,,,,,,,,,,,,,,,,,,,,5399237606,5399237606,5399237606,5399237606,5399237606,-740358241.2,-740358241.2,-740358241.2,-740358241.2,-740358241.2,159,159,159,159,159,64213919,64213919,64213919,64213919,64213919,16.94,16.94,16.94,16.94,0,0,0,0,0,80.75,80.75,80.75,80.75,-352677477.8,-352677477.8,-352677477.8,-352677477.8,-352677477.8,0,0,0,0,-1749.37,-1749.37,-1749.37,-1749.37,0,0,0,0,0,0,0,0,0,0,0,0,0,0,0,0,0,0,0,0,0,0,0,0,0,0,0,0,0,0,11.55,11.55,11.55,11.55,2065942.17,2065942.17,2065942.17,2065942.17,2065942.17,12,12,12,12,12,0,0,0,0,0,0,0,0,0,0,0,0,0,0,0,0,0,0,0,0,0,0,0,0,0,0,0,0,0,0,0,0,0,0,0,0,0,0,0,0,0,0,0,0,0,0,0,0,0,0,0,0,0,0,0,0,0,0,0,0,0,0,0,0,0,0,0,0,0,0,0,0,0,0,0,0,0,0,0,0,0,0,0,0,0,0,0,0,0,0,0,0,0,0,0,0,0,0,0,0,0,0,0,0,917346034.3,917346034.3,917346034.3,917346034.3,917346034.3,0,0,0,0,0,0,0,0,0,0,0,0,0,0,0,0,0,0,0,0,0,0,0,0,0,0,0,0,0,0
采矿业,辽宁省,1,,,,,1,,,,,,,1,,,,,,,,,,,,,,,,,,,1,,,,,,,,,,,14932001260,14932001260,14932001260,14932001260,14932001260,193380928.7,193380928.7,193380928.7,193380928.7,193380928.7,15288,15288,15288,15288,15288,6619125144,6619125144,6619125144,6619125144,6619125144,64.55,64.55,64.55,64.55,1298198.74,1298198.74,1298198.74,1298198.74,1298198.74,11.95,11.95,11.95,11.95,659806427.2,659806427.2,659806427.2,659806427.2,659806427.2,154.84,154.84,154.84,154.84,633.6,633.6,633.6,633.6,62.37,62.37,62.37,62.37,0,0,0,0,0.03,0.03,0.03,0.03,0,0,0,0,0,0,0,0,0,8,8,8,8,8,33.37,33.37,33.37,33.37,-1.99,-1.99,-1.99,-1.99,30348087.26,30348087.26,30348087.26,30348087.26,30348087.26,62,62,62,62,62,0,0,0,0,0,0,0,0,0,0,0,0,0,0,0,0,0,0,0,0,0,0,0,0,0,0,0,0,0,0,0,0,0,0,0,0,0,0,0,0,0,0,0,0,0,0,0,0,0,0,0,0,0,0,0,0,0,0,0,0,0,0,0,0,0,0,0,0,0,0,0,0,0,0,0,0,0,0,0,0,0,0,0,0,0,0,0,0,0,0,0,0,0,0,0,0,0,0,0,0,0,0,0,0,9637278842,9637278842,9637278842,9637278842,9637278842,0,0,0,0,0,0,0,0,0,0,0,0,0,0,0,0,0,0,0,0,0,0,0,0,0,0,0,0,0,0
非金属矿物制品业,辽宁省,0,,,,,,,,,,,,,,,,,,,,,,,,,,,,,,,,,,,,,,,,,,0,0,0,0,0,0,0,0,0,0,0,0,0,0,0,0,0,0,0,0,0,0,0,0,0,0,0,0,0,0,0,0,0,0,0,0,0,0,0,0,0,0,0,0,0,0,0,0,0,0,0,0,0,0,0,0,0,0,0,0,0,0,0,0,0,0,0,0,0,0,0,0,0,0,0,0,0,0,0,0,0,0,0,0,0,0,0,0,0,0,0,0,0,0,0,0,0,0,0,0,0,0,0,0,0,0,0,0,0,0,0,0,0,0,0,0,0,0,0,0,0,0,0,0,0,0,0,0,0,0,0,0,0,0,0,0,0,0,0,0,0,0,0,0,0,0,0,0,0,0,0,0,0,0,0,0,0,0,0,0,0,0,0,0,0,0,0,0,0,0,0,0,0,0,0,0,0,0,0,0,0,0,0,0,0,0,0,0,0,0,0,0,0,0,0,0,0,0,0,0,0,0,0,0,0,0,0,0,0,0,0,0,0,0,0,0,0,0,0,0,0,0,0,0,0,0,0,0,0
通用设备制造业,辽宁省,7,,1,,1,1,,4,,5,,,2,2,1,1,,,,,,1,,,,,,,,,,,,,2,,,,,,,,37425096397,5346442342.47429,12040344257,1336343898,4230057800,-680605937.1,-97229419.58,234642349.2,-923802692.4,19888640.33,17308,2472.57142857143,4113,700,2156,15022656873,2146093838.96571,4035383667,315449143.2,1670283813,50.6214285714286,72.91,22.8,59.75,1023998674,146285524.844286,351075491.6,47610878.29,114379267.7,23.53,83.14,-1.61,10.12,-539556586.5,-77079512.35,273269595.2,-912208062.4,36101502.3,-551.5557143,117.06,-3345,100.07,-651.9428571,108.19,-3938.26,93.27,38.6942857142857,64.23,8.5,42.57,10.2042857142857,36.23,2.68,6.12,1.36714285714286,5.63,-0.99,1.2,205616923.7,51404230.93,89159442.39,1243906.43,57606787.44,-1.6625,55.1,-26.57,-17.59,4266,609.428571428571,2532,182,303,7.65428571428571,48,-7.36,0.69,9.54142857142857,69.27,-13.14,1,376586412.2,53798058.8814286,205192740.3,11878363.42,22276102.82,857,122.428571428571,251,27,93,5689,812.714285714286,2631,188,515,54,13.5,27,2,12.5,908,129.714285714286,648,15,43,1043,149,676,25,40,0,0,0,0,0,445,63.5714285714286,143,17,61,2,1,1,1,1,189,27,78,3,15,2,1,1,1,1,549,78.4285714285714,275,20,48,191,31.8333333333333,168,3,5,22.1742857142857,64.79,7.18,14.11,0,0,0,0,0,0,0,0,0,0,2,1,1,1,1,0,0,0,0,0,0,0,0,0,0,0,0,0,0,0,0,0,0,0,0,0,0,0,0,0,0,0,0,0,0,20597786291,2942540899,7674712996,304859035.7,2631936745,13431,1918.71428571429,8121,412,1090,0,0,0,0,0,2862,408.857142857143,1793,52,161,54,13.5,27,2,12.5,7,3.5,6,1,3.5,0,0,0,0,0
半导体业,辽宁省,1,1,,,,,,,,,,,1,,,,,,,,,,,,,,,,,,,,,,,,1,,,,,,1759657901,1759657901,1759657901,1759657901,1759657901,158292096.7,158292096.7,158292096.7,158292096.7,158292096.7,402,402,402,402,402,539230444.6,539230444.6,539230444.6,539230444.6,539230444.6,8.3,8.3,8.3,8.3,39375162.69,39375162.69,39375162.69,39375162.69,39375162.69,13.78,13.78,13.78,13.78,177574435,177574435,177574435,177574435,177574435,-29.83,-29.83,-29.83,-29.83,-27.55,-27.55,-27.55,-27.55,12.6,12.6,12.6,12.6,7.3,7.3,7.3,7.3,-0.02,-0.02,-0.02,-0.02,0,0,0,0,0,0,0,0,0,91,91,91,91,91,21.35,21.35,21.35,21.35,11.24,11.24,11.24,11.24,2170694.69,2170694.69,2170694.69,2170694.69,2170694.69,51,51,51,51,51,58,58,58,58,58,0,0,0,0,0,5,5,5,5,5,1,1,1,1,1,0,0,0,0,0,13,13,13,13,13,0,0,0,0,0,5,5,5,5,5,0,0,0,0,0,11,11,11,11,11,1,1,1,1,1,22.49,22.49,22.49,22.49,0,0,0,0,0,0,0,0,0,0,0,0,0,0,0,0,0,0,0,0,0,0,0,0,0,0,0,0,0,0,0,0,0,0,0,0,0,0,0,0,0,0,0,0,0,145994239.1,145994239.1,145994239.1,145994239.1,145994239.1,36,36,36,36,36,0,0,0,0,0,15,15,15,15,15,0,0,0,0,0,0,0,0,0,0,0,0,0,0,0
建筑业,辽宁省,2,,,,,,,2,,,2,,,,,,,2,,,,,,,,,,,,,,,,,,,,,,,,,6648018088,3324009044,5899037935,748980153,3324009044,-3694661,-1847330.5,72129668,-75824329,-1847330.5,2564,1282,2515,49,1282,3293034128,1646517064,3263606961,29427167,1646517064,53.11,82.8,23.42,53.11,72867466,72867466,72867466,72867466,72867466,-15.29,6.88,-37.46,-15.29,-114574476,-57287238,-38749848,-75824628,-57287238,-41.63,95.32,-178.58,-41.63,-33.595,108.25,-175.44,-33.595,-18.25,-18.25,-18.25,-18.25,2.24,2.24,2.24,2.24,-0.66,-0.66,-0.66,-0.66,0,0,0,0,0,0,0,0,0,0,0,0,0,0,0,0,0,0,-5.65,-2,-9.3,-5.65,10842751,10842751,10842751,10842751,10842751,3.82,1.91,2.42,1.4,1.91,0,0,0,0,0,0,0,0,0,0,0,0,0,0,0,0,0,0,0,0,0,0,0,0,0,0,0,0,0,0,0,0,0,0,0,0,0,0,0,0,0,0,0,0,0,0,0,0,0,0,0,0,0,0,0,0,0,0,0,0,0,0,0,0,0,0,0,0,0,0,0,0,0,0,0,0,0,0,0,0,0,0,0,0,0,0,0,0,0,0,0,0,0,0,0,0,0,0,0,0,0,0,0,0,5063196644,2531598322,4887562933,175633711,2531598322,0,0,0,0,0,0,0,0,0,0,0,0,0,0,0,0,0,0,0,0,0,0,0,0,0,0,0,0,0,0
铁路、船舶、航空航天和其他运输设备制造业,辽宁省,0,,,,,,,,,,,,,,,,,,,,,,,,,,,,,,,,,,,,,,,,,,0,0,0,0,0,0,0,0,0,0,0,0,0,0,0,0,0,0,0,0,0,0,0,0,0,0,0,0,0,0,0,0,0,0,0,0,0,0,0,0,0,0,0,0,0,0,0,0,0,0,0,0,0,0,0,0,0,0,0,0,0,0,0,0,0,0,0,0,0,0,0,0,0,0,0,0,0,0,0,0,0,0,0,0,0,0,0,0,0,0,0,0,0,0,0,0,0,0,0,0,0,0,0,0,0,0,0,0,0,0,0,0,0,0,0,0,0,0,0,0,0,0,0,0,0,0,0,0,0,0,0,0,0,0,0,0,0,0,0,0,0,0,0,0,0,0,0,0,0,0,0,0,0,0,0,0,0,0,0,0,0,0,0,0,0,0,0,0,0,0,0,0,0,0,0,0,0,0,0,0,0,0,0,0,0,0,0,0,0,0,0,0,0,0,0,0,0,0,0,0,0,0,0,0,0,0,0,0,0,0,0,0,0,0,0,0,0,0,0,0,0,0,0,0,0,0,0,0,0
水利、环境和公共设施管理业,辽宁省,2,,,,,2,,,,1,,,1,,1,,,,,,,,,,,,,,,,,1,,,,,,,,,,,6340193831,3170096916,4305013509,2035180322,3170096916,-130417308.4,-65208654.2,-36124867.8,-94292440.6,-65208654.2,594,297,455,139,297,379049555.5,189524777.8,221839052.3,157210503.2,189524777.8,59.05,84.92,33.18,59.05,181829.55,181829.55,181829.55,181829.55,181829.55,35.505,94.18,-23.17,35.505,-159593238.5,-79796619.23,-35900242.31,-123692996.2,-79796619.23,39.185,69.76,8.61,39.185,64.11,74.46,53.76,64.11,-8.6,-8.6,-8.6,-8.6,0.18,0.18,0.18,0.18,0.03,0.03,0.03,0.03,91047,91047,91047,91047,91047,-19.4,-19.4,-19.4,-19.4,114,114,114,114,114,-1.6,-1.6,-1.6,-1.6,-9.93,-7.74,-12.12,-9.93,6828408.55,3414204.275,3931995.45,2896413.1,3414204.275,55,27.5,34,21,27.5,13,13,13,13,13,0,0,0,0,0,3,3,3,3,3,0,0,0,0,0,0,0,0,0,0,0,0,0,0,0,0,0,0,0,0,0,0,0,0,0,0,0,0,0,0,1,1,1,1,1,1,1,1,1,1,25.79,25.79,25.79,25.79,0,0,0,0,0,0,0,0,0,0,0,0,0,0,0,0,0,0,0,0,0,0,0,0,0,0,0,0,0,0,0,0,0,0,0,0,0,0,0,0,0,0,0,0,0,3155688174,1577844087,1729121196,1426566978,1577844087,4,4,4,4,4,0,0,0,0,0,3,3,3,3,3,0,0,0,0,0,0,0,0,0,0,0,0,0,0,0
科学研究和技术服务业,辽宁省,0,,,,,,,,,,,,,,,,,,,,,,,,,,,,,,,,,,,,,,,,,,0,0,0,0,0,0,0,0,0,0,0,0,0,0,0,0,0,0,0,0,0,0,0,0,0,0,0,0,0,0,0,0,0,0,0,0,0,0,0,0,0,0,0,0,0,0,0,0,0,0,0,0,0,0,0,0,0,0,0,0,0,0,0,0,0,0,0,0,0,0,0,0,0,0,0,0,0,0,0,0,0,0,0,0,0,0,0,0,0,0,0,0,0,0,0,0,0,0,0,0,0,0,0,0,0,0,0,0,0,0,0,0,0,0,0,0,0,0,0,0,0,0,0,0,0,0,0,0,0,0,0,0,0,0,0,0,0,0,0,0,0,0,0,0,0,0,0,0,0,0,0,0,0,0,0,0,0,0,0,0,0,0,0,0,0,0,0,0,0,0,0,0,0,0,0,0,0,0,0,0,0,0,0,0,0,0,0,0,0,0,0,0,0,0,0,0,0,0,0,0,0,0,0,0,0,0,0,0,0,0,0,0,0,0,0,0,0,0,0,0,0,0,0,0,0,0,0,0,0
纺织鞋服业,辽宁省,1,,,,,1,,,,,,,1,,,,,,,,,,,,,,,,,,,1,,,,,,,,,,,1458647421,1458647421,1458647421,1458647421,1458647421,-81823739.04,-81823739.04,-81823739.04,-81823739.04,-81823739.04,871,871,871,871,871,936096750.6,936096750.6,936096750.6,936096750.6,936096750.6,32.17,32.17,32.17,32.17,32882716.26,32882716.26,32882716.26,32882716.26,32882716.26,19.84,19.84,19.84,19.84,81213159.71,81213159.71,81213159.71,81213159.71,81213159.71,1604.6,1604.6,1604.6,1604.6,-2236.22,-2236.22,-2236.22,-2236.22,4.77,4.77,4.77,4.77,3.53,3.53,3.53,3.53,-0.55,-0.55,-0.55,-0.55,0,0,0,0,0,0,0,0,0,85,85,85,85,85,-30.3,-30.3,-30.3,-30.3,-11.82,-11.82,-11.82,-11.82,1464615,1464615,1464615,1464615,1464615,24,24,24,24,24,42,42,42,42,42,0,0,0,0,0,13,13,13,13,13,3,3,3,3,3,0,0,0,0,0,4,4,4,4,4,0,0,0,0,0,0,0,0,0,0,0,0,0,0,0,8,8,8,8,8,1,1,1,1,1,9.6,9.6,9.6,9.6,0,0,0,0,0,0,0,0,0,0,0,0,0,0,0,0,0,0,0,0,0,0,0,0,0,0,0,0,0,0,0,0,0,0,0,0,0,0,0,0,0,0,0,0,0,468306376.6,468306376.6,468306376.6,468306376.6,468306376.6,137,137,137,137,137,0,0,0,0,0,20,20,20,20,20,0,0,0,0,0,0,0,0,0,0,0,0,0,0,0
通信传输设备业,辽宁省,1,,,,,,,1,,1,,,,1,,,,,,,,,,,,,,,,,,,,,,,,,,,,,580050750.5,580050750.5,580050750.5,580050750.5,580050750.5,-53182280.04,-53182280.04,-53182280.04,-53182280.04,-53182280.04,99,99,99,99,99,190618147.1,190618147.1,190618147.1,190618147.1,190618147.1,39.6,39.6,39.6,39.6,15475739.84,15475739.84,15475739.84,15475739.84,15475739.84,-66.08,-66.08,-66.08,-66.08,-53659667.22,-53659667.22,-53659667.22,-53659667.22,-53659667.22,-584,-584,-584,-584,-326.9,-326.9,-326.9,-326.9,-28.1,-28.1,-28.1,-28.1,8.14,8.14,8.14,8.14,4.27,4.27,4.27,4.27,0,0,0,0,0,0,0,0,0,47,47,47,47,47,-11.3,-11.3,-11.3,-11.3,-39.23,-39.23,-39.23,-39.23,943537.94,943537.94,943537.94,943537.94,943537.94,24,24,24,24,24,202,202,202,202,202,0,0,0,0,0,37,37,37,37,37,31,31,31,31,31,0,0,0,0,0,2,2,2,2,2,0,0,0,0,0,0,0,0,0,0,0,0,0,0,0,1,1,1,1,1,0,0,0,0,0,47.4,47.4,47.4,47.4,0,0,0,0,0,0,0,0,0,0,0,0,0,0,0,0,0,0,0,0,0,0,0,0,0,0,0,0,0,0,0,0,0,0,0,0,0,0,0,0,0,0,0,0,0,230215507,230215507,230215507,230215507,230215507,603,603,603,603,603,0,0,0,0,0,70,70,70,70,70,0,0,0,0,0,0,0,0,0,0,0,0,0,0,0
金属制品业,辽宁省,1,,,,,,,1,,1,,,,1,,,,,,,,,,,,,,,,,,,,,,,,,,,,,11259172601,11259172601,11259172601,11259172601,11259172601,450279801.1,450279801.1,450279801.1,450279801.1,450279801.1,1399,1399,1399,1399,1399,5106112531,5106112531,5106112531,5106112531,5106112531,42.28,42.28,42.28,42.28,303229908.2,303229908.2,303229908.2,303229908.2,303229908.2,15.22,15.22,15.22,15.22,523007526.3,523007526.3,523007526.3,523007526.3,523007526.3,-22.3,-22.3,-22.3,-22.3,-22,-22,-22,-22,24.8,24.8,24.8,24.8,5.93,5.93,5.93,5.93,0.45,0.45,0.45,0.45,0,0,0,0,0,-107,-107,-107,-107,271,271,271,271,271,89.75,89.75,89.75,89.75,11.91,11.91,11.91,11.91,25924356.21,25924356.21,25924356.21,25924356.21,25924356.21,190,190,190,190,190,226,226,226,226,226,0,0,0,0,0,20,20,20,20,20,9,9,9,9,9,0,0,0,0,0,50,50,50,50,50,0,0,0,0,0,2,2,2,2,2,0,0,0,0,0,42,42,42,42,42,6,6,6,6,6,19.81,19.81,19.81,19.81,0,0,0,0,0,0,0,0,0,0,0,0,0,0,0,0,0,0,0,0,0,0,0,0,0,0,0,0,0,0,0,0,0,0,0,0,0,0,0,0,0,0,0,0,0,4752074609,4752074609,4752074609,4752074609,4752074609,293,293,293,293,293,0,0,0,0,0,31,31,31,31,31,0,0,0,0,0,0,0,0,0,0,0,0,0,0,0
文化、体育和娱乐业,辽宁省,2,,,,,2,,,,,,,2,,,,,,,,,,,,,,,,,,,2,,,,,,,,,,,9226222659,4613111329,5022453546,4203769113,4613111329,-1224173104,-612086551.9,73703259.61,-1297876363,-612086551.9,2739,1369.5,2094,645,1369.5,3410885109,1705442554,2611159222,799725886.6,1705442554,62.565,84.2,40.93,62.565,83594434.54,41797217.27,68710474.19,14883960.35,41797217.27,-2.925,3.09,-8.94,-2.925,-1225986758,-612993379,74475283.86,-1300462042,-612993379,-55.535,-29.77,-81.3,-55.535,-57.35,-30.9,-83.8,-57.35,15.86,40.82,-9.1,15.86,4.51,8.5,0.52,4.51,2.3,2.3,2.3,2.3,0,0,0,0,0,0,0,0,0,156,78,103,53,78,-23.715,-3.68,-43.75,-23.715,-25.425,-6.27,-44.58,-25.425,80830897.64,40415448.82,68480594.3,12350303.34,40415448.82,79,39.5,42,37,39.5,124,62,69,55,62,0,0,0,0,0,8,4,4,4,4,26,26,26,26,26,0,0,0,0,0,5,5,5,5,5,0,0,0,0,0,0,0,0,0,0,0,0,0,0,0,24,24,24,24,24,2,2,2,2,2,9.305,16.02,2.59,9.305,0,0,0,0,0,0,0,0,0,0,0,0,0,0,0,0,0,0,0,0,0,0,0,0,0,0,0,0,0,0,0,0,0,0,0,0,0,0,0,0,0,0,0,0,0,5953864922,2976932461,4232589826,1721275097,2976932461,142,71,111,31,71,0,0,0,0,0,45,22.5,39,6,22.5,0,0,0,0,0,0,0,0,0,0,0,0,0,0,0
橡胶和塑料制品业,辽宁省,0,,,,,,,,,,,,,,,,,,,,,,,,,,,,,,,,,,,,,,,,,,0,0,0,0,0,0,0,0,0,0,0,0,0,0,0,0,0,0,0,0,0,0,0,0,0,0,0,0,0,0,0,0,0,0,0,0,0,0,0,0,0,0,0,0,0,0,0,0,0,0,0,0,0,0,0,0,0,0,0,0,0,0,0,0,0,0,0,0,0,0,0,0,0,0,0,0,0,0,0,0,0,0,0,0,0,0,0,0,0,0,0,0,0,0,0,0,0,0,0,0,0,0,0,0,0,0,0,0,0,0,0,0,0,0,0,0,0,0,0,0,0,0,0,0,0,0,0,0,0,0,0,0,0,0,0,0,0,0,0,0,0,0,0,0,0,0,0,0,0,0,0,0,0,0,0,0,0,0,0,0,0,0,0,0,0,0,0,0,0,0,0,0,0,0,0,0,0,0,0,0,0,0,0,0,0,0,0,0,0,0,0,0,0,0,0,0,0,0,0,0,0,0,0,0,0,0,0,0,0,0,0,0,0,0,0,0,0,0,0,0,0,0,0,0,0,0,0,0,0
租赁和商务服务业,辽宁省,0,,,,,,,,,,,,,,,,,,,,,,,,,,,,,,,,,,,,,,,,,,0,0,0,0,0,0,0,0,0,0,0,0,0,0,0,0,0,0,0,0,0,0,0,0,0,0,0,0,0,0,0,0,0,0,0,0,0,0,0,0,0,0,0,0,0,0,0,0,0,0,0,0,0,0,0,0,0,0,0,0,0,0,0,0,0,0,0,0,0,0,0,0,0,0,0,0,0,0,0,0,0,0,0,0,0,0,0,0,0,0,0,0,0,0,0,0,0,0,0,0,0,0,0,0,0,0,0,0,0,0,0,0,0,0,0,0,0,0,0,0,0,0,0,0,0,0,0,0,0,0,0,0,0,0,0,0,0,0,0,0,0,0,0,0,0,0,0,0,0,0,0,0,0,0,0,0,0,0,0,0,0,0,0,0,0,0,0,0,0,0,0,0,0,0,0,0,0,0,0,0,0,0,0,0,0,0,0,0,0,0,0,0,0,0,0,0,0,0,0,0,0,0,0,0,0,0,0,0,0,0,0,0,0,0,0,0,0,0,0,0,0,0,0,0,0,0,0,0,0
农、林、牧、渔业,辽宁省,1,,,,,,,,1,1,,,,,,,,,,,,,1,,,,,,,,,,,,,,,,,,,,2434835363,2434835363,2434835363,2434835363,2434835363,28266007.52,28266007.52,28266007.52,28266007.52,28266007.52,1817,1817,1817,1817,1817,2020594823,2020594823,2020594823,2020594823,2020594823,94.89,94.89,94.89,94.89,22629155.46,22629155.46,22629155.46,22629155.46,22629155.46,-2.91,-2.91,-2.91,-2.91,56081429.22,56081429.22,56081429.22,56081429.22,56081429.22,893.42,893.42,893.42,893.42,18.14,18.14,18.14,18.14,25,25,25,25,1.14,1.14,1.14,1.14,0.21,0.21,0.21,0.21,0,0,0,0,0,0,0,0,0,62,62,62,62,62,10.7,10.7,10.7,10.7,-8,-8,-8,-8,14084936.35,14084936.35,14084936.35,14084936.35,14084936.35,30,30,30,30,30,162,162,162,162,162,2,2,2,2,2,52,52,52,52,52,50,50,50,50,50,0,0,0,0,0,10,10,10,10,10,0,0,0,0,0,4,4,4,4,4,0,0,0,0,0,2,2,2,2,2,1,1,1,1,1,3.43,3.43,3.43,3.43,0,0,0,0,0,0,0,0,0,0,0,0,0,0,0,0,0,0,0,0,0,0,0,0,0,0,0,0,0,0,0,0,0,0,0,0,0,0,0,0,0,0,0,0,0,2309158001,2309158001,2309158001,2309158001,2309158001,614,614,614,614,614,0,0,0,0,0,98,98,98,98,98,2,2,2,2,2,0,0,0,0,0,0,0,0,0,0
仪器仪表制造业,辽宁省,0,,,,,,,,,,,,,,,,,,,,,,,,,,,,,,,,,,,,,,,,,,0,0,0,0,0,0,0,0,0,0,0,0,0,0,0,0,0,0,0,0,0,0,0,0,0,0,0,0,0,0,0,0,0,0,0,0,0,0,0,0,0,0,0,0,0,0,0,0,0,0,0,0,0,0,0,0,0,0,0,0,0,0,0,0,0,0,0,0,0,0,0,0,0,0,0,0,0,0,0,0,0,0,0,0,0,0,0,0,0,0,0,0,0,0,0,0,0,0,0,0,0,0,0,0,0,0,0,0,0,0,0,0,0,0,0,0,0,0,0,0,0,0,0,0,0,0,0,0,0,0,0,0,0,0,0,0,0,0,0,0,0,0,0,0,0,0,0,0,0,0,0,0,0,0,0,0,0,0,0,0,0,0,0,0,0,0,0,0,0,0,0,0,0,0,0,0,0,0,0,0,0,0,0,0,0,0,0,0,0,0,0,0,0,0,0,0,0,0,0,0,0,0,0,0,0,0,0,0,0,0,0,0,0,0,0,0,0,0,0,0,0,0,0,0,0,0,0,0,0
造纸和纸制品业,辽宁省,0,,,,,,,,,,,,,,,,,,,,,,,,,,,,,,,,,,,,,,,,,,0,0,0,0,0,0,0,0,0,0,0,0,0,0,0,0,0,0,0,0,0,0,0,0,0,0,0,0,0,0,0,0,0,0,0,0,0,0,0,0,0,0,0,0,0,0,0,0,0,0,0,0,0,0,0,0,0,0,0,0,0,0,0,0,0,0,0,0,0,0,0,0,0,0,0,0,0,0,0,0,0,0,0,0,0,0,0,0,0,0,0,0,0,0,0,0,0,0,0,0,0,0,0,0,0,0,0,0,0,0,0,0,0,0,0,0,0,0,0,0,0,0,0,0,0,0,0,0,0,0,0,0,0,0,0,0,0,0,0,0,0,0,0,0,0,0,0,0,0,0,0,0,0,0,0,0,0,0,0,0,0,0,0,0,0,0,0,0,0,0,0,0,0,0,0,0,0,0,0,0,0,0,0,0,0,0,0,0,0,0,0,0,0,0,0,0,0,0,0,0,0,0,0,0,0,0,0,0,0,0,0,0,0,0,0,0,0,0,0,0,0,0,0,0,0,0,0,0,0
其他制造业,辽宁省,0,,,,,,,,,,,,,,,,,,,,,,,,,,,,,,,,,,,,,,,,,,0,0,0,0,0,0,0,0,0,0,0,0,0,0,0,0,0,0,0,0,0,0,0,0,0,0,0,0,0,0,0,0,0,0,0,0,0,0,0,0,0,0,0,0,0,0,0,0,0,0,0,0,0,0,0,0,0,0,0,0,0,0,0,0,0,0,0,0,0,0,0,0,0,0,0,0,0,0,0,0,0,0,0,0,0,0,0,0,0,0,0,0,0,0,0,0,0,0,0,0,0,0,0,0,0,0,0,0,0,0,0,0,0,0,0,0,0,0,0,0,0,0,0,0,0,0,0,0,0,0,0,0,0,0,0,0,0,0,0,0,0,0,0,0,0,0,0,0,0,0,0,0,0,0,0,0,0,0,0,0,0,0,0,0,0,0,0,0,0,0,0,0,0,0,0,0,0,0,0,0,0,0,0,0,0,0,0,0,0,0,0,0,0,0,0,0,0,0,0,0,0,0,0,0,0,0,0,0,0,0,0,0,0,0,0,0,0,0,0,0,0,0,0,0,0,0,0,0,0
教育,辽宁省,2,,,,,,,2,,1,1,,,1,,,,1,,,,,,,,,,,,,,,,,,,,,,,,,8688525237,4344262618,5993622159,2694903078,4344262618,-224506219.5,-112253109.7,385414378,-609920597.5,-112253109.7,3739,1869.5,3351,388,1869.5,1702252050,851126025.2,1548389274,153862776.4,851126025.2,60.925,71.01,50.84,60.925,41507532,41507532,41507532,41507532,41507532,-20.36,13.5,-54.22,-20.36,-12365629.25,-6182814.625,597786757,-610152386.3,-6182814.625,-484.145,33.94,-1002.23,-484.145,-56.95,27.92,-141.82,-56.95,-9.92,-9.92,-9.92,-9.92,2.66,2.66,2.66,2.66,-0.7,-0.7,-0.7,-0.7,0,0,0,0,0,0,0,0,0,150,150,150,150,150,-42.05,-42.05,-42.05,-42.05,-6.85,3.2,-16.9,-6.85,96560562.36,48280281.18,95320322,1240240.36,48280281.18,51,25.5,33,18,25.5,24,12,18,6,12,0,0,0,0,0,0,0,0,0,0,10,5,7,3,5,0,0,0,0,0,0,0,0,0,0,0,0,0,0,0,0,0,0,0,0,0,0,0,0,0,0,0,0,0,0,0,0,0,0,0,4.62,4.62,4.62,4.62,0,0,0,0,0,0,0,0,0,0,0,0,0,0,0,0,0,0,0,0,0,0,0,0,0,0,0,0,0,0,0,0,0,0,0,0,0,0,0,0,0,0,0,0,0,5627159701,2813579850,4257860445,1369299256,2813579850,110,55,75,35,55,0,0,0,0,0,11,5.5,7,4,5.5,0,0,0,0,0,0,0,0,0,0,0,0,0,0,0
综合,辽宁省,0,,,,,,,,,,,,,,,,,,,,,,,,,,,,,,,,,,,,,,,,,,0,0,0,0,0,0,0,0,0,0,0,0,0,0,0,0,0,0,0,0,0,0,0,0,0,0,0,0,0,0,0,0,0,0,0,0,0,0,0,0,0,0,0,0,0,0,0,0,0,0,0,0,0,0,0,0,0,0,0,0,0,0,0,0,0,0,0,0,0,0,0,0,0,0,0,0,0,0,0,0,0,0,0,0,0,0,0,0,0,0,0,0,0,0,0,0,0,0,0,0,0,0,0,0,0,0,0,0,0,0,0,0,0,0,0,0,0,0,0,0,0,0,0,0,0,0,0,0,0,0,0,0,0,0,0,0,0,0,0,0,0,0,0,0,0,0,0,0,0,0,0,0,0,0,0,0,0,0,0,0,0,0,0,0,0,0,0,0,0,0,0,0,0,0,0,0,0,0,0,0,0,0,0,0,0,0,0,0,0,0,0,0,0,0,0,0,0,0,0,0,0,0,0,0,0,0,0,0,0,0,0,0,0,0,0,0,0,0,0,0,0,0,0,0,0,0,0,0,0
废弃资源综合利用业,辽宁省,0,,,,,,,,,,,,,,,,,,,,,,,,,,,,,,,,,,,,,,,,,,0,0,0,0,0,0,0,0,0,0,0,0,0,0,0,0,0,0,0,0,0,0,0,0,0,0,0,0,0,0,0,0,0,0,0,0,0,0,0,0,0,0,0,0,0,0,0,0,0,0,0,0,0,0,0,0,0,0,0,0,0,0,0,0,0,0,0,0,0,0,0,0,0,0,0,0,0,0,0,0,0,0,0,0,0,0,0,0,0,0,0,0,0,0,0,0,0,0,0,0,0,0,0,0,0,0,0,0,0,0,0,0,0,0,0,0,0,0,0,0,0,0,0,0,0,0,0,0,0,0,0,0,0,0,0,0,0,0,0,0,0,0,0,0,0,0,0,0,0,0,0,0,0,0,0,0,0,0,0,0,0,0,0,0,0,0,0,0,0,0,0,0,0,0,0,0,0,0,0,0,0,0,0,0,0,0,0,0,0,0,0,0,0,0,0,0,0,0,0,0,0,0,0,0,0,0,0,0,0,0,0,0,0,0,0,0,0,0,0,0,0,0,0,0,0,0,0,0,0
印刷和记录媒介复制业,辽宁省,0,,,,,,,,,,,,,,,,,,,,,,,,,,,,,,,,,,,,,,,,,,0,0,0,0,0,0,0,0,0,0,0,0,0,0,0,0,0,0,0,0,0,0,0,0,0,0,0,0,0,0,0,0,0,0,0,0,0,0,0,0,0,0,0,0,0,0,0,0,0,0,0,0,0,0,0,0,0,0,0,0,0,0,0,0,0,0,0,0,0,0,0,0,0,0,0,0,0,0,0,0,0,0,0,0,0,0,0,0,0,0,0,0,0,0,0,0,0,0,0,0,0,0,0,0,0,0,0,0,0,0,0,0,0,0,0,0,0,0,0,0,0,0,0,0,0,0,0,0,0,0,0,0,0,0,0,0,0,0,0,0,0,0,0,0,0,0,0,0,0,0,0,0,0,0,0,0,0,0,0,0,0,0,0,0,0,0,0,0,0,0,0,0,0,0,0,0,0,0,0,0,0,0,0,0,0,0,0,0,0,0,0,0,0,0,0,0,0,0,0,0,0,0,0,0,0,0,0,0,0,0,0,0,0,0,0,0,0,0,0,0,0,0,0,0,0,0,0,0,0
卫生和社会工作,辽宁省,1,,,,,,,1,,1,,,,1,,,,,,,,,,,,,,,,,,,,,,,,,,,,,2606440692,2606440692,2606440692,2606440692,2606440692,32105326.51,32105326.51,32105326.51,32105326.51,32105326.51,3042,3042,3042,3042,3042,955318328.2,955318328.2,955318328.2,955318328.2,955318328.2,16.5,16.5,16.5,16.5,1257237.27,1257237.27,1257237.27,1257237.27,1257237.27,-0.71,-0.71,-0.71,-0.71,71132896.52,71132896.52,71132896.52,71132896.52,71132896.52,-45.02,-45.02,-45.02,-45.02,-62.89,-62.89,-62.89,-62.89,2.23,2.23,2.23,2.23,0.11,0.11,0.11,0.11,0,0,0,0,0,0,0,0,0,0,0,0,0,7,7,7,7,7,134.38,134.38,134.38,134.38,8.5,8.5,8.5,8.5,4860492.02,4860492.02,4860492.02,4860492.02,4860492.02,66,66,66,66,66,29,29,29,29,29,0,0,0,0,0,9,9,9,9,9,0,0,0,0,0,0,0,0,0,0,7,7,7,7,7,0,0,0,0,0,4,4,4,4,4,0,0,0,0,0,2,2,2,2,2,0,0,0,0,0,0.27,0.27,0.27,0.27,0,0,0,0,0,0,0,0,0,0,0,0,0,0,0,0,0,0,0,0,0,0,0,0,0,0,0,0,0,0,0,0,0,0,0,0,0,0,0,0,0,0,0,0,0,430230012,430230012,430230012,430230012,430230012,48,48,48,48,48,0,0,0,0,0,18,18,18,18,18,0,0,0,0,0,0,0,0,0,0,0,0,0,0,0
文教、工美、体育和娱乐用品制造业,辽宁省,1,,,,,,,1,,1,,,,1,,,,,,,,,,,,,,,,,,,,,,,,,,,,,3119166504,3119166504,3119166504,3119166504,3119166504,46914581.95,46914581.95,46914581.95,46914581.95,46914581.95,467,467,467,467,467,4205831907,4205831907,4205831907,4205831907,4205831907,58.09,58.09,58.09,58.09,0,0,0,0,0,14.28,14.28,14.28,14.28,67983900.52,67983900.52,67983900.52,67983900.52,67983900.52,15.61,15.61,15.61,15.61,40.16,40.16,40.16,40.16,0,0,0,0,0,0,0,0,0,0,0,0,0,0,0,0,0,0,0,0,0,0,0,0,0,0,0,0,0,0,-21.72,-21.72,-21.72,-21.72,10240286.8,10240286.8,10240286.8,10240286.8,10240286.8,37,37,37,37,37,406,406,406,406,406,0,0,0,0,0,0,0,0,0,0,2,2,2,2,2,0,0,0,0,0,6,6,6,6,6,0,0,0,0,0,0,0,0,0,0,0,0,0,0,0,21,21,21,21,21,0,0,0,0,0,0,0,0,0,0,0,0,0,0,0,0,0,0,0,0,0,0,0,0,0,0,0,0,0,0,0,0,0,0,0,0,0,0,0,0,0,0,0,0,0,0,0,0,0,0,0,0,0,0,1811103902,1811103902,1811103902,1811103902,1811103902,18,18,18,18,18,0,0,0,0,0,2,2,2,2,2,0,0,0,0,0,0,0,0,0,0,0,0,0,0,0
石油加工、炼焦和核燃料加工业,辽宁省,2,,2,,,,,,,2,,,,,,2,,,,,,,,,,,,,,,,,,,,,,,,,,,39450720667,19725360334,32633220165,6817500502,19725360334,-1171481619,-585740809.6,600787318.3,-1772268938,-585740809.6,10768,5384,8296,2472,5384,54976467928,27488233964.205,49062122604,5914345325,27488233964.205,62.14,70.57,53.71,62.14,346714016.3,173357008.2,202234631.1,144479385.2,173357008.2,-7.215,27.23,-41.66,-7.215,-968285968.8,-484142984.4,794410618.2,-1762696587,-484142984.4,-484.335,-29.43,-939.24,-484.335,-896.615,-35.9,-1757.33,-896.615,2.95,15.8,-9.9,2.95,1.875,3.48,0.27,1.875,0.59,1.2,-0.02,0.59,0,0,0,0,0,0,0,0,0,469,234.5,320,149,234.5,91.295,171.22,11.37,91.295,-1.28,2.97,-5.53,-1.28,26739641.81,13369820.91,16590040.71,10149601.1,13369820.91,142,71,108,34,71,874,437,488,386,437,0,0,0,0,0,116,58,73,43,58,175,87.5,111,64,87.5,0,0,0,0,0,88,44,72,16,44,0,0,0,0,0,46,23,39,7,23,0,0,0,0,0,71,35.5,47,24,35.5,22,11,13,9,11,7.385,13,1.77,7.385,0,0,0,0,0,0,0,0,0,0,0,0,0,0,0,0,0,0,0,0,0,0,0,0,0,0,0,0,0,0,0,0,0,0,0,0,0,0,0,0,0,0,0,0,0,22339130786,11169565393,17530418196,4808712590,11169565393,1509,754.5,1056,453,754.5,0,0,0,0,0,421,210.5,255,166,210.5,0,0,0,0,0,0,0,0,0,0,0,0,0,0,0
化学纤维制造业,辽宁省,1,,,,,,,1,,,,,1,,,,,,,,,,,,,,,,,,,,,,1,,,,,,,,241430437184.96,241430437184.96,241430437184.96,241430437184.96,241430437184.96,2318039491,2318039491,2318039491,2318039491,2318039491,38518,38518,38518,38518,38518,222372520232.46,222372520232.46,222372520232.46,222372520232.46,222372520232.46,78.09,78.09,78.09,78.09,1184717518,1184717518,1184717518,1184717518,1184717518,12.39,12.39,12.39,12.39,2324922284,2324922284,2324922284,2324922284,2324922284,-88.28,-88.28,-88.28,-88.28,-85.07,-85.07,-85.07,-85.07,16.23,16.23,16.23,16.23,0.51,0.51,0.51,0.51,0.08,0.08,0.08,0.08,0,0,0,0,0,0,0,0,0,3126,3126,3126,3126,3126,-2.82,-2.82,-2.82,-2.82,8.11,8.11,8.11,8.11,1594253576,1594253576,1594253576,1594253576,1594253576,1008,1008,1008,1008,1008,547,547,547,547,547,0,0,0,0,0,35,35,35,35,35,96,96,96,96,96,0,0,0,0,0,114,114,114,114,114,0,0,0,0,0,26,26,26,26,26,0,0,0,0,0,76,76,76,76,76,10,10,10,10,10,8.1,8.1,8.1,8.1,0,0,0,0,0,0,0,0,0,0,0,0,0,0,0,0,0,0,0,0,0,0,0,0,0,0,0,0,0,0,0,0,0,0,0,0,0,0,0,0,0,0,0,0,0,188510019650.46,188510019650.46,188510019650.46,188510019650.46,188510019650.46,586,586,586,586,586,0,0,0,0,0,238,238,238,238,238,0,0,0,0,0,1,1,1,1,1,0,0,0,0,0
家具制造业,辽宁省,0,,,,,,,,,,,,,,,,,,,,,,,,,,,,,,,,,,,,,,,,,,0,0,0,0,0,0,0,0,0,0,0,0,0,0,0,0,0,0,0,0,0,0,0,0,0,0,0,0,0,0,0,0,0,0,0,0,0,0,0,0,0,0,0,0,0,0,0,0,0,0,0,0,0,0,0,0,0,0,0,0,0,0,0,0,0,0,0,0,0,0,0,0,0,0,0,0,0,0,0,0,0,0,0,0,0,0,0,0,0,0,0,0,0,0,0,0,0,0,0,0,0,0,0,0,0,0,0,0,0,0,0,0,0,0,0,0,0,0,0,0,0,0,0,0,0,0,0,0,0,0,0,0,0,0,0,0,0,0,0,0,0,0,0,0,0,0,0,0,0,0,0,0,0,0,0,0,0,0,0,0,0,0,0,0,0,0,0,0,0,0,0,0,0,0,0,0,0,0,0,0,0,0,0,0,0,0,0,0,0,0,0,0,0,0,0,0,0,0,0,0,0,0,0,0,0,0,0,0,0,0,0,0,0,0,0,0,0,0,0,0,0,0,0,0,0,0,0,0,0
住宿和餐饮业,辽宁省,0,,,,,,,,,,,,,,,,,,,,,,,,,,,,,,,,,,,,,,,,,,0,0,0,0,0,0,0,0,0,0,0,0,0,0,0,0,0,0,0,0,0,0,0,0,0,0,0,0,0,0,0,0,0,0,0,0,0,0,0,0,0,0,0,0,0,0,0,0,0,0,0,0,0,0,0,0,0,0,0,0,0,0,0,0,0,0,0,0,0,0,0,0,0,0,0,0,0,0,0,0,0,0,0,0,0,0,0,0,0,0,0,0,0,0,0,0,0,0,0,0,0,0,0,0,0,0,0,0,0,0,0,0,0,0,0,0,0,0,0,0,0,0,0,0,0,0,0,0,0,0,0,0,0,0,0,0,0,0,0,0,0,0,0,0,0,0,0,0,0,0,0,0,0,0,0,0,0,0,0,0,0,0,0,0,0,0,0,0,0,0,0,0,0,0,0,0,0,0,0,0,0,0,0,0,0,0,0,0,0,0,0,0,0,0,0,0,0,0,0,0,0,0,0,0,0,0,0,0,0,0,0,0,0,0,0,0,0,0,0,0,0,0,0,0,0,0,0,0,0
木材加工和木、竹、藤、棕、草制品业,辽宁省,0,,,,,,,,,,,,,,,,,,,,,,,,,,,,,,,,,,,,,,,,,,0,0,0,0,0,0,0,0,0,0,0,0,0,0,0,0,0,0,0,0,0,0,0,0,0,0,0,0,0,0,0,0,0,0,0,0,0,0,0,0,0,0,0,0,0,0,0,0,0,0,0,0,0,0,0,0,0,0,0,0,0,0,0,0,0,0,0,0,0,0,0,0,0,0,0,0,0,0,0,0,0,0,0,0,0,0,0,0,0,0,0,0,0,0,0,0,0,0,0,0,0,0,0,0,0,0,0,0,0,0,0,0,0,0,0,0,0,0,0,0,0,0,0,0,0,0,0,0,0,0,0,0,0,0,0,0,0,0,0,0,0,0,0,0,0,0,0,0,0,0,0,0,0,0,0,0,0,0,0,0,0,0,0,0,0,0,0,0,0,0,0,0,0,0,0,0,0,0,0,0,0,0,0,0,0,0,0,0,0,0,0,0,0,0,0,0,0,0,0,0,0,0,0,0,0,0,0,0,0,0,0,0,0,0,0,0,0,0,0,0,0,0,0,0,0,0,0,0,0
居民服务、修理和其他服务业,辽宁省,0,,,,,,,,,,,,,,,,,,,,,,,,,,,,,,,,,,,,,,,,,,0,0,0,0,0,0,0,0,0,0,0,0,0,0,0,0,0,0,0,0,0,0,0,0,0,0,0,0,0,0,0,0,0,0,0,0,0,0,0,0,0,0,0,0,0,0,0,0,0,0,0,0,0,0,0,0,0,0,0,0,0,0,0,0,0,0,0,0,0,0,0,0,0,0,0,0,0,0,0,0,0,0,0,0,0,0,0,0,0,0,0,0,0,0,0,0,0,0,0,0,0,0,0,0,0,0,0,0,0,0,0,0,0,0,0,0,0,0,0,0,0,0,0,0,0,0,0,0,0,0,0,0,0,0,0,0,0,0,0,0,0,0,0,0,0,0,0,0,0,0,0,0,0,0,0,0,0,0,0,0,0,0,0,0,0,0,0,0,0,0,0,0,0,0,0,0,0,0,0,0,0,0,0,0,0,0,0,0,0,0,0,0,0,0,0,0,0,0,0,0,0,0,0,0,0,0,0,0,0,0,0,0,0,0,0,0,0,0,0,0,0,0,0,0,0,0,0,0,0
医药制造业,吉林省,11,,,,,2,,9,,7,2,,2,6,1,,,2,,,,,,,,,,,,,,1,,,1,,,,,,,,93048886899,8458989718.12636,31172522419,1017004346,4283554984,6766475559,615134141.770909,4215215793,-1189258535,111371113.3,25247,2295.18181818182,8842,183,1254,23437846846,2130713350,12627163120,62289558.29,841587357,34.8745454545455,119.43,2.92,20.03,2508657103,228059736.7,1662892266,756141.28,29634512.68,-4.762727273,24.5,-41.89,-5.48,7247551818,658868347.057273,4967869759,-1137871889,112348367.3,-5.171818182,38.23,-36.1,-12.67,1.00363636363636,39.1,-25.43,1.64,-2.234,59.77,-60.64,-8.155,6.49727272727273,14.52,1.2,4.6,0.108,3.08,-4.66,-0.04,633588983.2,126717796.6,304561579.7,7757375.69,44340308.77,-9.074,46.67,-38.56,-34.86,2729,303.222222222222,1142,50,244,-0.242222222,17.3,-15.33,-1.79,1.69090909090909,17.09,-14.44,2.19,244503330.3,22227575.4854545,82482514.96,243750,12744872.5,1323.47,120.315454545455,553,1.18,28,1185,107.727272727273,246,3,87,34,6.8,17,2,5,382,38.2,120,7,30,283,25.7272727272727,101,3,17,0,0,0,0,0,120,13.3333333333333,38,1,9,5,1.66666666666667,3,1,1,29,3.625,10,1,3.5,5,1.66666666666667,3,1,1,77,9.625,27,1,9,24,3,9,1,2,12.1855555555556,18.71,5.19,12.61,0,0,0,0,0,0,0,0,0,0,0,0,0,0,0,0,0,0,0,0,0,0,0,0,0,0,0,0,0,0,0,0,0,0,0,0,0,0,0,0,0,0,0,0,0,26315937921,2392357992.85455,8741710300,71713743.38,760547761,3015,274.090909090909,755,7,228,0,0,0,0,0,671,61,188,3,58,34,6.8,17,2,5,0,0,0,0,0,0,0,0,0,0
化学原料和化学制品制造业,吉林省,1,,,,,,,1,,1,,,,1,,,,,,,,,,,,,,,,,,,,,,,,,,,,,3084130361,3084130361,3084130361,3084130361,3084130361,-146071787.3,-146071787.3,-146071787.3,-146071787.3,-146071787.3,1344,1344,1344,1344,1344,2509990729,2509990729,2509990729,2509990729,2509990729,39.19,39.19,39.19,39.19,86238879.92,86238879.92,86238879.92,86238879.92,86238879.92,-4.2,-4.2,-4.2,-4.2,-166300071.6,-166300071.6,-166300071.6,-166300071.6,-166300071.6,-219.24,-219.24,-219.24,-219.24,-230.11,-230.11,-230.11,-230.11,-6.18,-6.18,-6.18,-6.18,3.41,3.41,3.41,3.41,-0.05,-0.05,-0.05,-0.05,0,0,0,0,0,0,0,0,0,170,170,170,170,170,4.29,4.29,4.29,4.29,28.9,28.9,28.9,28.9,15144588.18,15144588.18,15144588.18,15144588.18,15144588.18,29,29,29,29,29,119,119,119,119,119,0,0,0,0,0,8,8,8,8,8,15,15,15,15,15,0,0,0,0,0,19,19,19,19,19,0,0,0,0,0,8,8,8,8,8,0,0,0,0,0,8,8,8,8,8,1,1,1,1,1,12.7,12.7,12.7,12.7,0,0,0,0,0,0,0,0,0,0,0,0,0,0,0,0,0,0,0,0,0,0,0,0,0,0,0,0,0,0,0,0,0,0,0,0,0,0,0,0,0,0,0,0,0,1207219789,1207219789,1207219789,1207219789,1207219789,205,205,205,205,205,0,0,0,0,0,34,34,34,34,34,0,0,0,0,0,0,0,0,0,0,0,0,0,0,0
食品饮料业,吉林省,4,,,,,1,1,2,,,1,1,2,,,,,1,,,,,,,,,,,1,,,1,,1,,,,,,,,,6999211857,1749802964.2875,4897374721,549094864.7,776371135.9,64883939.31,16220984.83,80140192.6,-51740032.03,18241889.37,3701,925.25,2106,265,665,2540633586,635158396.6,1269005305,146119317,562754482.2,37.64,64.9,6.46,39.6,21167857.59,7055952.53,15624452.7,1284159.72,4259245.17,-3.61,21.06,-29.81,-2.845,149601425,37400356.24,95940229.44,-27554328,40607761.76,-97.0725,12.17,-261.04,-69.71,-235.9325,11.25,-654.37,-150.305,22.1166666666667,70.87,-13.42,8.9,0.943333333333333,1.4,0.14,1.29,0.015,0.02,0.01,0.015,0,0,0,0,0,0,0,0,0,131,43.6666666666667,86,15,30,15.5666666666667,32.32,7.19,7.19,0.3075,12.4,-18.82,3.825,96711961.14,32237320.38,77142673.51,696367.04,18872920.59,70.2,17.55,44,2.2,12,311,77.75,249,3,29.5,0,0,0,0,0,23,7.66666666666667,19,1,3,22,7.33333333333333,20,1,1,0,0,0,0,0,29,14.5,25,4,14.5,0,0,0,0,0,1,1,1,1,1,0,0,0,0,0,52,13,43,1,4,6,3,5,1,3,3.62333333333333,4.44,2.39,4.04,0,0,0,0,0,0,0,0,0,0,2,2,2,2,2,0,0,0,0,0,0,0,0,0,0,0,0,0,0,0,0,0,0,0,0,0,0,0,0,0,0,0,0,0,0,3824193401,956048350.4,3081605210,39368155,351610018.2,287,71.75,243,2,21,0,0,0,0,0,63,15.75,54,1,4,0,0,0,0,0,1,1,1,1,1,0,0,0,0,0
专用设备制造业,吉林省,2,,1,,,,,1,,1,,,1,,,1,,,,,,,,,,,,,,,,,,,1,,,,,,,,5073647637,2536823818,2925268969,2148378668,2536823818,374091816.1,187045908.1,261715632.9,112376183.2,187045908.1,2247,1123.5,1872,375,1123.5,1678849036,839424517.9,1220002623,458846413.1,839424517.9,28.32,34.36,22.28,28.32,211402663.2,105701331.6,114349861.8,97052801.39,105701331.6,23.805,34.61,13,23.805,408612728.1,204306364,292189743.7,116422984.4,204306364,6.6,26.95,-13.75,6.6,3.625,24.69,-17.44,3.625,14.04,15.6,12.48,14.04,15.22,21.13,9.31,15.22,-0.845,-0.18,-1.51,-0.845,23890377.9,11945188.95,13477523.7,10412854.2,11945188.95,-17.12,-11.14,-23.1,-17.12,398,199,301,97,199,4.395,25.92,-17.13,4.395,24.915,33.1,16.73,24.915,38739065.6,19369532.8,31482568.24,7256497.36,19369532.8,160,80,89,71,80,1237,618.5,730,507,618.5,20,20,20,20,20,364,182,238,126,182,358,179,222,136,179,0,0,0,0,0,114,57,111,3,57,1,1,1,1,1,116,58,113,3,58,1,1,1,1,1,121,60.5,92,29,60.5,108,54,90,18,54,20.905,25.67,16.14,20.905,0,0,0,0,0,0,0,0,0,0,1,1,1,1,1,0,0,0,0,0,0,0,0,0,0,0,0,0,0,0,0,0,0,0,0,0,0,0,0,0,0,0,0,0,0,1483933066,741966533.1,1005439431,478493635.2,741966533.1,3332,1666,1714,1618,1666,0,0,0,0,0,997,498.5,705,292,498.5,20,20,20,20,20,0,0,0,0,0,0,0,0,0,0
信息传输、软件和信息技术服务业,吉林省,6,,1,,1,2,,2,,4,,,2,1,1,1,,,,,,1,,,,,,,,,,1,,,1,,,,,,,,21952355516,3658725919.38667,14690704082,567510118.8,1612489368,-502138672.8,-83689778.8,73160275.7,-428119937,-7799551.33,12133,2022.16666666667,6329,134,1371,4944735409,824122568.213333,1812991143,157705748.7,509415342.9,44.44,70.82,22.08,45.035,391313263.8,65218877.3,151495715.3,3582525.51,58156584.34,-12.55,46.64,-51.78,-16.435,-456055361.3,-76009226.89,78011528.17,-444411422.7,-5163491.17,-695.6616667,73.49,-4073.09,-65.38,-308.5983333,81.04,-1751.45,-63.32,16.2883333333333,89.14,-32.95,11.235,7.83,23.58,1.03,5.14,3.284,11.17,0.65,1.4,99042704.1,19808540.82,66965448.8,924786.12,7709436.68,184.146666666667,550.81,-6.44,8.07,2550,425,844,20,420,-13.04833333,12.36,-74.45,-1.8,4.33333333333333,14.98,-3.8,3.745,60203620.27,10033936.7116667,34642309.11,1012731.3,2456639.035,239.75,39.9583333333333,63,9.75,43.5,500,100,227,37,46,0,0,0,0,0,80,16,34,3,10,30,6,14,1,6,0,0,0,0,0,113,28.25,81,1,15.5,0,0,0,0,0,92,23,76,1,7.5,0,0,0,0,0,31,6.2,11,1,7,8,2.66666666666667,5,1,2,23.365,47.13,2.38,19.205,0,0,0,0,0,0,0,0,0,0,0,0,0,0,0,0,0,0,0,0,0,0,0,0,0,0,0,0,0,0,0,0,0,0,0,0,0,0,0,0,0,0,0,0,0,10482529228,1747088205,7672588401,307328319.8,640682159.3,1265,253,735,77,148,0,0,0,0,0,244,48.8,138,9,30,0,0,0,0,0,0,0,0,0,0,0,0,0,0,0
电力、热力、燃气及水生产和供应业,吉林省,4,,1,,,2,,1,,2,1,,1,1,,1,,,,,,,,1,,,,,,,,1,,,,,,,,,,,83514822797,20878705699.155,71519016398,2895871129,4549967635,1040561100,260140275,1180634142,-156368876.1,8147917.2,9296,2324,4516,823,1978.5,19764307840,4941076960.0025,14954721166,1258804509,1775391082,71.86,79.27,66.09,71.04,109295686,27323921.51,89584706.72,1974156.81,8868411.245,-4.18,13.45,-36.12,2.975,1339702057,334925514.2,1454245654,-157448495,21452448.91,-54.075,76.5,-353.7,30.45,-84.17,76.8,-457.27,21.895,-2.955,11.79,-20.36,-1.625,0.5,1.02,0.16,0.41,0.01,0.2,-0.07,-0.045,27503786.53,27503786.53,27503786.53,27503786.53,27503786.53,49.2,49.2,49.2,49.2,299,299,299,299,299,4.26,4.26,4.26,4.26,-6.875,-1.2,-15.95,-5.175,49259062.41,16419687.47,25427825.4,11904300.46,11926936.55,208.77,52.1925,159,7.77,21,712,178,475,58,89.5,8,8,8,8,8,53,13.25,31,3,9.5,32,8,20,1,5.5,0,0,0,0,0,170,56.6666666666667,133,8,29,0,0,0,0,0,41,41,41,41,41,0,0,0,0,0,161,53.6666666666667,140,7,14,14,14,14,14,14,6.51,6.51,6.51,6.51,0,0,0,0,0,0,0,0,0,0,0,0,0,0,0,0,0,0,0,0,0,0,0,0,0,0,0,0,0,0,0,0,0,0,0,0,0,0,0,0,0,0,0,0,0,60002645097,15000661274.1725,51580537970,2127070743,3147518192,685,171.25,386,27,136,0,0,0,0,0,155,38.75,107,8,20,8,8,8,8,8,0,0,0,0,0,0,0,0,0,0
商业电气机械和器材制造业,吉林省,2,,,,,1,,1,,2,,,,1,1,,,,,,,,,,,,,,,,,,,,,,,,,,,,5120126031,2560063015,3484723824,1635402207,2560063015,-234234771.6,-117117385.8,45975948.37,-280210720,-117117385.8,2393,1196.5,1483,910,1196.5,1666558865,833279432.3,1165904407,500654457.7,833279432.3,44.49,65.21,23.77,44.49,72621422.12,36310711.06,58053118.28,14568303.84,36310711.06,102.185,195.85,8.52,102.185,-32783572.39,-16391786.2,41253402.8,-74036975.19,-16391786.2,71.895,151.24,-7.45,71.895,-107.685,61.14,-276.51,-107.685,18.315,47.83,-11.2,18.315,3.965,4.96,2.97,3.965,-2.04,-1.1,-2.98,-2.04,0,0,0,0,0,0,0,0,0,220,110,189,31,110,-25.655,4.46,-55.77,-25.655,6.53,8.96,4.1,6.53,30148529.36,15074264.68,27585930.28,2562599.08,15074264.68,85,42.5,58,27,42.5,450,225,348,102,225,0,0,0,0,0,41,20.5,32,9,20.5,28,14,22,6,14,0,0,0,0,0,64,32,38,26,32,0,0,0,0,0,15,7.5,14,1,7.5,0,0,0,0,0,56,28,31,25,28,6,3,3,3,3,11.27,20.54,2,11.27,0,0,0,0,0,0,0,0,0,0,0,0,0,0,0,0,0,0,0,0,0,0,0,0,0,0,0,0,0,0,0,0,0,0,0,0,0,0,0,0,0,0,0,0,0,1893693184,946846591.9,1066651517,827041667.1,946846591.9,902,451,724,178,451,0,0,0,0,0,134,67,116,18,67,0,0,0,0,0,0,0,0,0,0,0,0,0,0,0
批发和零售业,吉林省,1,,,,,1,,,,,,,1,,,,,,,,,,,,,,,,,,,1,,,,,,,,,,,21284081294,21284081294,21284081294,21284081294,21284081294,-16611686.3,-16611686.3,-16611686.3,-16611686.3,-16611686.3,9992,9992,9992,9992,9992,6920362692,6920362692,6920362692,6920362692,6920362692,79.55,79.55,79.55,79.55,0,0,0,0,0,-17.16,-17.16,-17.16,-17.16,117757449.8,117757449.8,117757449.8,117757449.8,117757449.8,-67.33,-67.33,-67.33,-67.33,-107.5,-107.5,-107.5,-107.5,0,0,0,0,0,0,0,0,0,0,0,0,0,0,0,0,0,0,0,0,0,0,0,0,0,0,0,0,0,0,-7.79,-7.79,-7.79,-7.79,26059424.19,26059424.19,26059424.19,26059424.19,26059424.19,20,20,20,20,20,0,0,0,0,0,0,0,0,0,0,0,0,0,0,0,0,0,0,0,0,0,0,0,0,0,0,0,0,0,0,0,0,0,0,0,0,0,0,0,0,0,0,0,0,0,0,0,0,0,0,0,0,0,0,0,0,0,0,0,0,0,0,0,0,0,0,0,0,0,0,0,0,0,0,0,0,0,0,0,0,0,0,0,0,0,0,0,0,0,0,0,0,0,0,0,0,0,0,0,0,0,0,0,0,16933291432,16933291432,16933291432,16933291432,16933291432,0,0,0,0,0,0,0,0,0,0,0,0,0,0,0,0,0,0,0,0,0,0,0,0,0,0,0,0,0,0
金融业,吉林省,2,,,,,1,,1,,1,1,,,1,,,,,,,,,,1,,,,,,,,,,,,,,,,,,,345899742594.17,172949871297.085,2.67001E+11,78898951708,172949871297.085,1944500796,972250398.2,1672028254,272472542.4,972250398.2,10242,5121,6608,3634,5121,11674497741,5837248871,6597066354,5077431387,5837248871,84.73,93.09,76.37,84.73,0,0,0,0,0,-14.215,3.67,-32.1,-14.215,2201953780,1100976890,1970009488,231944292.5,1100976890,-37.11,14.6,-88.82,-37.11,-27.235,29.6,-84.07,-27.235,0,0,0,0,0,0,0,0,0,0,0,0,0,0,0,0,0,0,0,0,0,0,0,0,0,0,0,0,0,0,3.71,7.9,-0.48,3.71,70729456.01,35364728.01,47209564,23519892.01,35364728.01,267,133.5,164,103,133.5,4,2,3,1,2,0,0,0,0,0,0,0,0,0,0,0,0,0,0,0,0,0,0,0,0,0,0,0,0,0,0,0,0,0,0,0,0,0,0,0,0,0,0,0,0,0,0,0,0,0,0,0,0,0,0,0,0,0,0,0,0,0,0,0,0,0,0,0,0,0,0,0,0,0,0,0,0,0,0,0,0,0,0,0,0,0,0,0,0,0,0,0,0,0,0,0,0,0,0,0,0,0,0,0,308622962661.11,154311481330.555,2.48381E+11,60241523495,154311481330.555,7,7,7,7,7,0,0,0,0,0,0,0,0,0,0,0,0,0,0,0,0,0,0,0,0,0,0,0,0,0
汽车制造业,吉林省,5,,2,,,2,1,,,2,,,3,,1,1,,,,,,,,,,,,,,,,1,1,1,,,,,,,,,101195311652.46,20239062330.492,56772886251,1061625655,15259012257,1732101142,346420228.4,826322155.3,-1660576.9,367743313.4,47640,9528,20313,733,8083,76518823593,15303764718.596,38331733448,550634655.4,12570521780,49.098,58.23,41.8,47.53,3937811812,787562362.3,2895650259,33977273.59,368038912.5,-21.202,10.89,-61.12,-2.79,1478508707,295701741.5,894435471.5,-2134717.44,83849140,-64.668,-18.67,-100.8,-65.3,-62.486,-15.3,-101.36,-65.39,-3.576,16.65,-37.18,6.17,4.588,7.59,1.81,3.85,1.204,4.11,-0.16,0.54,10846811.81,10846811.81,10846811.81,10846811.81,10846811.81,50.95,50.95,50.95,50.95,5192,1038.4,2906,95,657,11.614,20.26,3.76,8.49,-0.23,5.13,-2.74,-0.98,1766811155,353362231.1,1635847597,11344724.1,20463202,634,126.8,380,24,83,8752,1750.4,5597,328,954,2,1,1,1,1,683,136.6,549,11,44,567,113.4,374,19,32,0,0,0,0,0,2068,413.6,1531,43,180,0,0,0,0,0,1191,238.2,1065,8,42,0,0,0,0,0,1632,326.4,1056,29,226,304,60.8,287,2,6,11.258,14.22,4.58,12.73,0,0,0,0,0,0,0,0,0,0,4,4,4,4,4,0,0,0,0,0,0,0,0,0,0,0,0,0,0,0,0,0,0,0,0,0,0,0,0,0,0,0,0,0,0,54852359810,10970471962,33053445200,444695400.5,6788287726,7061,1412.2,3996,273,1158,0,0,0,0,0,3220,644,2518,61,190,2,1,1,1,1,19,19,19,19,19,1,1,1,1,1
金属冶炼和压延加工业,吉林省,2,,,,,,,2,,1,,,1,1,,,,,,,,,,,,,,,,,,,,,1,,,,,,,,15850325617,7925162808,13972307942,1878017674,7925162808,-52804565.89,-26402282.95,353383563,-406188128.9,-26402282.95,3137,1568.5,2422,715,1568.5,5217399733,2608699866,4709338945,508060787.6,2608699866,38.82,44.52,33.12,38.82,252606502.6,126303251.3,236072257.7,16534244.97,126303251.3,22.175,38.44,5.91,22.175,43394443.47,21697221.74,425195394,-381800950.5,21697221.74,5.465,14.9,-3.97,5.465,-1.52,9.66,-12.7,-1.52,539.1,1041.33,36.87,539.1,4.115,5,3.23,4.115,1.975,2.83,1.12,1.975,78156329.65,78156329.65,78156329.65,78156329.65,78156329.65,405.64,405.64,405.64,405.64,217,108.5,193,24,108.5,54.655,95.04,14.27,54.655,-1.945,18.01,-21.9,-1.945,50516349.21,25258174.61,39016722.12,11499627.09,25258174.61,176,88,125,51,88,402,201,353,49,201,0,0,0,0,0,43,21.5,39,4,21.5,43,21.5,38,5,21.5,0,0,0,0,0,57,28.5,49,8,28.5,0,0,0,0,0,5,5,5,5,5,0,0,0,0,0,80,40,72,8,40,8,8,8,8,8,5.755,8.13,3.38,5.755,0,0,0,0,0,0,0,0,0,0,0,0,0,0,0,0,0,0,0,0,0,0,0,0,0,0,0,0,0,0,0,0,0,0,0,0,0,0,0,0,0,0,0,0,0,6847489578,3423744789,6224683847,622805731.2,3423744789,928,464,843,85,464,0,0,0,0,0,93,46.5,84,9,46.5,0,0,0,0,0,0,0,0,0,0,0,0,0,0,0
交通运输、仓储和邮政业,吉林省,1,,,,,1,,,,,,,1,,,,,,,,,,,,,,,,,,,1,,,,,,,,,,,6031528702,6031528702,6031528702,6031528702,6031528702,426953006,426953006,426953006,426953006,426953006,923,923,923,923,923,1459146102,1459146102,1459146102,1459146102,1459146102,20.24,20.24,20.24,20.24,8019215.65,8019215.65,8019215.65,8019215.65,8019215.65,14.79,14.79,14.79,14.79,545270422.9,545270422.9,545270422.9,545270422.9,545270422.9,18.15,18.15,18.15,18.15,30.04,30.04,30.04,30.04,211.81,211.81,211.81,211.81,0.56,0.56,0.56,0.56,0.36,0.36,0.36,0.36,0,0,0,0,0,0,0,0,0,12,12,12,12,12,33.35,33.35,33.35,33.35,-11.95,-11.95,-11.95,-11.95,1244449.8,1244449.8,1244449.8,1244449.8,1244449.8,45,45,45,45,45,15,15,15,15,15,0,0,0,0,0,1,1,1,1,1,0,0,0,0,0,0,0,0,0,0,4,4,4,4,4,0,0,0,0,0,0,0,0,0,0,0,0,0,0,0,4,4,4,4,4,1,1,1,1,1,1.3,1.3,1.3,1.3,0,0,0,0,0,0,0,0,0,0,0,0,0,0,0,0,0,0,0,0,0,0,0,0,0,0,0,0,0,0,0,0,0,0,0,0,0,0,0,0,0,0,0,0,0,1220226730,1220226730,1220226730,1220226730,1220226730,3,3,3,3,3,0,0,0,0,0,1,1,1,1,1,0,0,0,0,0,0,0,0,0,0,0,0,0,0,0
消费电子及电气业,吉林省,0,,,,,,,,,,,,,,,,,,,,,,,,,,,,,,,,,,,,,,,,,,0,0,0,0,0,0,0,0,0,0,0,0,0,0,0,0,0,0,0,0,0,0,0,0,0,0,0,0,0,0,0,0,0,0,0,0,0,0,0,0,0,0,0,0,0,0,0,0,0,0,0,0,0,0,0,0,0,0,0,0,0,0,0,0,0,0,0,0,0,0,0,0,0,0,0,0,0,0,0,0,0,0,0,0,0,0,0,0,0,0,0,0,0,0,0,0,0,0,0,0,0,0,0,0,0,0,0,0,0,0,0,0,0,0,0,0,0,0,0,0,0,0,0,0,0,0,0,0,0,0,0,0,0,0,0,0,0,0,0,0,0,0,0,0,0,0,0,0,0,0,0,0,0,0,0,0,0,0,0,0,0,0,0,0,0,0,0,0,0,0,0,0,0,0,0,0,0,0,0,0,0,0,0,0,0,0,0,0,0,0,0,0,0,0,0,0,0,0,0,0,0,0,0,0,0,0,0,0,0,0,0,0,0,0,0,0,0,0,0,0,0,0,0,0,0,0,0,0,0
房地产业,吉林省,3,,,,,,,3,,2,,,1,2,,,,,,,,,,,,,,,,,,,,,1,,,,,,,,28169252023,9389750674.21667,15392544066,3585785249,9190922708,675521026.5,225173675.5,362229249.1,142548634.4,170743143,2093,697.666666666667,994,549,550,3664971344,1221657115,2239157406,307194447.9,1118619490,41.2466666666667,54.79,32.46,36.49,2846816.14,2846816.14,2846816.14,2846816.14,2846816.14,-11.21666667,12.91,-25.2,-21.36,816845055.6,272281685.186667,428369139.7,165328004.8,223147911.1,16.7166666666667,64.99,-52.16,37.32,11.8666666666667,68.02,-40.87,8.45,0,0,0,0,0.21,0.21,0.21,0.21,0,0,0,0,0,0,0,0,0,0,0,0,0,183,183,183,183,183,15.71,15.71,15.71,15.71,-1.803333333,1.84,-6.24,-1.01,1549559.79,516519.93,970016,112331.39,467212.4,192,64,83,40,69,34,11.3333333333333,22,1,11,0,0,0,0,0,0,0,0,0,0,0,0,0,0,0,0,0,0,0,0,11,5.5,9,2,5.5,0,0,0,0,0,0,0,0,0,0,0,0,0,0,0,18,18,18,18,18,0,0,0,0,0,33.31,33.31,33.31,33.31,0,0,0,0,0,0,0,0,0,0,0,0,0,0,0,0,0,0,0,0,0,0,0,0,0,0,0,0,0,0,0,0,0,0,0,0,0,0,0,0,0,0,0,0,0,10559337182,3519779061,5613108982,1962216434,2984011766,4,4,4,4,4,0,0,0,0,0,0,0,0,0,0,0,0,0,0,0,0,0,0,0,0,0,0,0,0,0
采矿业,吉林省,1,,,,,,,1,,,1,,,,,,,1,,,,,,,,,,,,,,,,,,,,,,,,,1555452627,1555452627,1555452627,1555452627,1555452627,18951134,18951134,18951134,18951134,18951134,1622,1622,1622,1622,1622,6089364399,6089364399,6089364399,6089364399,6089364399,69.92,69.92,69.92,69.92,0,0,0,0,0,4.48,4.48,4.48,4.48,86956933,86956933,86956933,86956933,86956933,-70.33,-70.33,-70.33,-70.33,-89.55,-89.55,-89.55,-89.55,0,0,0,0,0,0,0,0,0,0,0,0,0,0,0,0,0,0,0,0,0,0,0,0,0,0,0,0,0,0,-8.35,-8.35,-8.35,-8.35,2345858,2345858,2345858,2345858,2345858,19,19,19,19,19,0,0,0,0,0,0,0,0,0,0,0,0,0,0,0,0,0,0,0,0,0,0,0,0,0,0,0,0,0,0,0,0,0,0,0,0,0,0,0,0,0,0,0,0,0,0,0,0,0,0,0,0,0,0,0,0,0,0,0,0,0,0,0,0,0,0,0,0,0,0,0,0,0,0,0,0,0,0,0,0,0,0,0,0,0,0,0,0,0,0,0,0,0,0,0,0,0,0,0,0,0,0,0,0,1087837993,1087837993,1087837993,1087837993,1087837993,0,0,0,0,0,0,0,0,0,0,0,0,0,0,0,0,0,0,0,0,0,0,0,0,0,0,0,0,0,0
非金属矿物制品业,吉林省,1,,,,,1,,,,,,,1,,,,,,,,,,,,,,,,,,,1,,,,,,,,,,,53690807707,53690807707,53690807707,53690807707,53690807707,-4419949041,-4419949041,-4419949041,-4419949041,-4419949041,17071,17071,17071,17071,17071,12967722760,12967722760,12967722760,12967722760,12967722760,77.97,77.97,77.97,77.97,238166655,238166655,238166655,238166655,238166655,-34.04,-34.04,-34.04,-34.04,-4330735991,-4330735991,-4330735991,-4330735991,-4330735991,-202.41,-202.41,-202.41,-202.41,-175.25,-175.25,-175.25,-175.25,2.31,2.31,2.31,2.31,1.83,1.83,1.83,1.83,0.63,0.63,0.63,0.63,38310432,38310432,38310432,38310432,38310432,6.05,6.05,6.05,6.05,232,232,232,232,232,-1.62,-1.62,-1.62,-1.62,-8.13,-8.13,-8.13,-8.13,57542600.95,57542600.95,57542600.95,57542600.95,57542600.95,69,69,69,69,69,480,480,480,480,480,0,0,0,0,0,42,42,42,42,42,31,31,31,31,31,0,0,0,0,0,72,72,72,72,72,0,0,0,0,0,12,12,12,12,12,0,0,0,0,0,48,48,48,48,48,1,1,1,1,1,1.32,1.32,1.32,1.32,0,0,0,0,0,0,0,0,0,0,2,2,2,2,2,0,0,0,0,0,0,0,0,0,0,0,0,0,0,0,0,0,0,0,0,0,0,0,0,0,0,0,0,0,0,41870079763,41870079763,41870079763,41870079763,41870079763,480,480,480,480,480,0,0,0,0,0,104,104,104,104,104,0,0,0,0,0,0,0,0,0,0,0,0,0,0,0
通用设备制造业,吉林省,0,,,,,,,,,,,,,,,,,,,,,,,,,,,,,,,,,,,,,,,,,,0,0,0,0,0,0,0,0,0,0,0,0,0,0,0,0,0,0,0,0,0,0,0,0,0,0,0,0,0,0,0,0,0,0,0,0,0,0,0,0,0,0,0,0,0,0,0,0,0,0,0,0,0,0,0,0,0,0,0,0,0,0,0,0,0,0,0,0,0,0,0,0,0,0,0,0,0,0,0,0,0,0,0,0,0,0,0,0,0,0,0,0,0,0,0,0,0,0,0,0,0,0,0,0,0,0,0,0,0,0,0,0,0,0,0,0,0,0,0,0,0,0,0,0,0,0,0,0,0,0,0,0,0,0,0,0,0,0,0,0,0,0,0,0,0,0,0,0,0,0,0,0,0,0,0,0,0,0,0,0,0,0,0,0,0,0,0,0,0,0,0,0,0,0,0,0,0,0,0,0,0,0,0,0,0,0,0,0,0,0,0,0,0,0,0,0,0,0,0,0,0,0,0,0,0,0,0,0,0,0,0,0,0,0,0,0,0,0,0,0,0,0,0,0,0,0,0,0,0
半导体业,吉林省,1,,,,,,,1,,,,,1,,,,,,,,,,,,,,,,,,,,,,1,,,,,,,,6902149776,6902149776,6902149776,6902149776,6902149776,59751165.5,59751165.5,59751165.5,59751165.5,59751165.5,2329,2329,2329,2329,2329,1953143467,1953143467,1953143467,1953143467,1953143467,52.9,52.9,52.9,52.9,105251382.2,105251382.2,105251382.2,105251382.2,105251382.2,-11.63,-11.63,-11.63,-11.63,52624618.57,52624618.57,52624618.57,52624618.57,52624618.57,-55.52,-55.52,-55.52,-55.52,-48.45,-48.45,-48.45,-48.45,-6.15,-6.15,-6.15,-6.15,5.36,5.36,5.36,5.36,0.3,0.3,0.3,0.3,0,0,0,0,0,0,0,0,0,709,709,709,709,709,0.55,0.55,0.55,0.55,0.3,0.3,0.3,0.3,11229687.11,11229687.11,11229687.11,11229687.11,11229687.11,66,66,66,66,66,210,210,210,210,210,0,0,0,0,0,37,37,37,37,37,26,26,26,26,26,0,0,0,0,0,36,36,36,36,36,0,0,0,0,0,19,19,19,19,19,0,0,0,0,0,30,30,30,30,30,7,7,7,7,7,30.18,30.18,30.18,30.18,0,0,0,0,0,0,0,0,0,0,0,0,0,0,0,0,0,0,0,0,0,0,0,0,0,0,0,0,0,0,0,0,0,0,0,0,0,0,0,0,0,0,0,0,0,3657125671,3657125671,3657125671,3657125671,3657125671,288,288,288,288,288,0,0,0,0,0,116,116,116,116,116,0,0,0,0,0,0,0,0,0,0,0,0,0,0,0
建筑业,吉林省,2,,1,,,,,1,,1,1,,,,,1,,1,,,,,,,,,,,,,,,,,,,,,,,,,29124582555,14562291277.555,26674270377,2450312178,14562291277.555,558320276.3,279160138.1,664326271.3,-106005995,279160138.1,2479,1239.5,1923,556,1239.5,19371336633,9685668317,18717887800,653448833,9685668317,77.12,79.69,74.55,77.12,356950082.7,178475041.3,328305251.7,28644831,178475041.3,-4.57,18,-27.14,-4.57,745439786.8,372719893.4,826624701.8,-81184915,372719893.4,-116.01,-1.1,-230.92,-116.01,-239.61,0.23,-479.45,-239.61,-3.305,19.82,-26.43,-3.305,3.025,4.31,1.74,3.025,0.05,0.05,0.05,0.05,0,0,0,0,0,0,0,0,0,877,877,877,877,877,37.08,37.08,37.08,37.08,10.275,18.31,2.24,10.275,23836751.19,11918375.6,22016582.19,1820169,11918375.6,163,81.5,126,37,81.5,713,713,713,713,713,7,7,7,7,7,67,67,67,67,67,73,73,73,73,73,0,0,0,0,0,154,154,154,154,154,1,1,1,1,1,92,92,92,92,92,1,1,1,1,1,81,81,81,81,81,8,8,8,8,8,45.51,45.51,45.51,45.51,0,0,0,0,0,0,0,0,0,0,1,1,1,1,1,0,0,0,0,0,0,0,0,0,0,0,0,0,0,0,0,0,0,0,0,0,0,0,0,0,0,0,0,0,0,21827589819,10913794909.375,19875926704,1951663115,10913794909.375,1652,1652,1652,1652,1652,0,0,0,0,0,307,307,307,307,307,7,7,7,7,7,0,0,0,0,0,2,2,2,2,2
铁路、船舶、航空航天和其他运输设备制造业,吉林省,1,,,,,,,1,,1,,,,1,,,,,,,,,,,,,,,,,,,,,,,,,,,,,1363534668,1363534668,1363534668,1363534668,1363534668,49920648.81,49920648.81,49920648.81,49920648.81,49920648.81,685,685,685,685,685,422635730.6,422635730.6,422635730.6,422635730.6,422635730.6,16.11,16.11,16.11,16.11,19549047.06,19549047.06,19549047.06,19549047.06,19549047.06,3.42,3.42,3.42,3.42,56819767.18,56819767.18,56819767.18,56819767.18,56819767.18,-34.94,-34.94,-34.94,-34.94,-33.71,-33.71,-33.71,-33.71,16.5,16.5,16.5,16.5,4.64,4.64,4.64,4.64,0.57,0.57,0.57,0.57,0,0,0,0,0,0,0,0,0,85,85,85,85,85,25,25,25,25,-2.95,-2.95,-2.95,-2.95,1166607.31,1166607.31,1166607.31,1166607.31,1166607.31,18,18,18,18,18,119,119,119,119,119,0,0,0,0,0,4,4,4,4,4,4,4,4,4,4,0,0,0,0,0,11,11,11,11,11,0,0,0,0,0,1,1,1,1,1,0,0,0,0,0,11,11,11,11,11,0,0,0,0,0,12.37,12.37,12.37,12.37,0,0,0,0,0,0,0,0,0,0,0,0,0,0,0,0,0,0,0,0,0,0,0,0,0,0,0,0,0,0,0,0,0,0,0,0,0,0,0,0,0,0,0,0,0,220540849.4,220540849.4,220540849.4,220540849.4,220540849.4,111,111,111,111,111,0,0,0,0,0,10,10,10,10,10,0,0,0,0,0,0,0,0,0,0,0,0,0,0,0
水利、环境和公共设施管理业,吉林省,2,,,,,1,,1,,1,,,1,1,,,,,,,,,,,,,,,,,,1,,,,,,,,,,,8951594941,4475797470,7881296001,1070298939,4475797470,-525302644.3,-262651322.2,-57385470.37,-467917173.9,-262651322.2,2376,1188,1233,1143,1188,5804900269,2902450135,5610241792,194658477.1,2902450135,21.825,28.35,15.3,21.825,117475725.4,117475725.4,117475725.4,117475725.4,117475725.4,-17.35,1.1,-35.8,-17.35,-501943370.8,-250971685.4,-73152095.31,-428791275.5,-250971685.4,-155.17,-14.13,-296.21,-155.17,-27985.96,-11.1,-55960.82,-27985.96,-60.42,-60.42,-60.42,-60.42,2.08,2.08,2.08,2.08,-1.34,-1.34,-1.34,-1.34,0,0,0,0,0,0,0,0,0,69,69,69,69,69,-83.07,-83.07,-83.07,-83.07,-25.225,12.78,-63.23,-25.225,92340708.67,46170354.34,87968640.77,4372067.9,46170354.34,84,42,50,34,42,175,175,175,175,175,0,0,0,0,0,22,22,22,22,22,18,18,18,18,18,0,0,0,0,0,1,1,1,1,1,0,0,0,0,0,0,0,0,0,0,0,0,0,0,0,17,17,17,17,17,1,1,1,1,1,6.06,6.06,6.06,6.06,0,0,0,0,0,0,0,0,0,0,0,0,0,0,0,0,0,0,0,0,0,0,0,0,0,0,0,0,0,0,0,0,0,0,0,0,0,0,0,0,0,0,0,0,0,2398996289,1199498145,2234910055,164086233.8,1199498145,239,239,239,239,239,0,0,0,0,0,47,47,47,47,47,0,0,0,0,0,0,0,0,0,0,0,0,0,0,0
科学研究和技术服务业,吉林省,0,,,,,,,,,,,,,,,,,,,,,,,,,,,,,,,,,,,,,,,,,,0,0,0,0,0,0,0,0,0,0,0,0,0,0,0,0,0,0,0,0,0,0,0,0,0,0,0,0,0,0,0,0,0,0,0,0,0,0,0,0,0,0,0,0,0,0,0,0,0,0,0,0,0,0,0,0,0,0,0,0,0,0,0,0,0,0,0,0,0,0,0,0,0,0,0,0,0,0,0,0,0,0,0,0,0,0,0,0,0,0,0,0,0,0,0,0,0,0,0,0,0,0,0,0,0,0,0,0,0,0,0,0,0,0,0,0,0,0,0,0,0,0,0,0,0,0,0,0,0,0,0,0,0,0,0,0,0,0,0,0,0,0,0,0,0,0,0,0,0,0,0,0,0,0,0,0,0,0,0,0,0,0,0,0,0,0,0,0,0,0,0,0,0,0,0,0,0,0,0,0,0,0,0,0,0,0,0,0,0,0,0,0,0,0,0,0,0,0,0,0,0,0,0,0,0,0,0,0,0,0,0,0,0,0,0,0,0,0,0,0,0,0,0,0,0,0,0,0,0
纺织鞋服业,吉林省,0,,,,,,,,,,,,,,,,,,,,,,,,,,,,,,,,,,,,,,,,,,0,0,0,0,0,0,0,0,0,0,0,0,0,0,0,0,0,0,0,0,0,0,0,0,0,0,0,0,0,0,0,0,0,0,0,0,0,0,0,0,0,0,0,0,0,0,0,0,0,0,0,0,0,0,0,0,0,0,0,0,0,0,0,0,0,0,0,0,0,0,0,0,0,0,0,0,0,0,0,0,0,0,0,0,0,0,0,0,0,0,0,0,0,0,0,0,0,0,0,0,0,0,0,0,0,0,0,0,0,0,0,0,0,0,0,0,0,0,0,0,0,0,0,0,0,0,0,0,0,0,0,0,0,0,0,0,0,0,0,0,0,0,0,0,0,0,0,0,0,0,0,0,0,0,0,0,0,0,0,0,0,0,0,0,0,0,0,0,0,0,0,0,0,0,0,0,0,0,0,0,0,0,0,0,0,0,0,0,0,0,0,0,0,0,0,0,0,0,0,0,0,0,0,0,0,0,0,0,0,0,0,0,0,0,0,0,0,0,0,0,0,0,0,0,0,0,0,0,0
通信传输设备业,吉林省,0,,,,,,,,,,,,,,,,,,,,,,,,,,,,,,,,,,,,,,,,,,0,0,0,0,0,0,0,0,0,0,0,0,0,0,0,0,0,0,0,0,0,0,0,0,0,0,0,0,0,0,0,0,0,0,0,0,0,0,0,0,0,0,0,0,0,0,0,0,0,0,0,0,0,0,0,0,0,0,0,0,0,0,0,0,0,0,0,0,0,0,0,0,0,0,0,0,0,0,0,0,0,0,0,0,0,0,0,0,0,0,0,0,0,0,0,0,0,0,0,0,0,0,0,0,0,0,0,0,0,0,0,0,0,0,0,0,0,0,0,0,0,0,0,0,0,0,0,0,0,0,0,0,0,0,0,0,0,0,0,0,0,0,0,0,0,0,0,0,0,0,0,0,0,0,0,0,0,0,0,0,0,0,0,0,0,0,0,0,0,0,0,0,0,0,0,0,0,0,0,0,0,0,0,0,0,0,0,0,0,0,0,0,0,0,0,0,0,0,0,0,0,0,0,0,0,0,0,0,0,0,0,0,0,0,0,0,0,0,0,0,0,0,0,0,0,0,0,0,0
金属制品业,吉林省,1,,,,,,,1,,1,,,,1,,,,,,,,,,,,,,,,,,,,,,,,,,,,,1614418668,1614418668,1614418668,1614418668,1614418668,-51795611.19,-51795611.19,-51795611.19,-51795611.19,-51795611.19,413,413,413,413,413,165831987.1,165831987.1,165831987.1,165831987.1,165831987.1,26.71,26.71,26.71,26.71,14874450.8,14874450.8,14874450.8,14874450.8,14874450.8,-57.89,-57.89,-57.89,-57.89,-61592438.71,-61592438.71,-61592438.71,-61592438.71,-61592438.71,-394.87,-394.87,-394.87,-394.87,-352.59,-352.59,-352.59,-352.59,-28.35,-28.35,-28.35,-28.35,8.9,8.9,8.9,8.9,3.7,3.7,3.7,3.7,0,0,0,0,0,0,0,0,0,62,62,62,62,62,-27.05,-27.05,-27.05,-27.05,-28.1,-28.1,-28.1,-28.1,14085550.8,14085550.8,14085550.8,14085550.8,14085550.8,37,37,37,37,37,106,106,106,106,106,0,0,0,0,0,2,2,2,2,2,3,3,3,3,3,0,0,0,0,0,7,7,7,7,7,0,0,0,0,0,2,2,2,2,2,0,0,0,0,0,6,6,6,6,6,0,0,0,0,0,15.01,15.01,15.01,15.01,0,0,0,0,0,0,0,0,0,0,0,0,0,0,0,0,0,0,0,0,0,0,0,0,0,0,0,0,0,0,0,0,0,0,0,0,0,0,0,0,0,0,0,0,0,431704080.6,431704080.6,431704080.6,431704080.6,431704080.6,31,31,31,31,31,0,0,0,0,0,21,21,21,21,21,0,0,0,0,0,0,0,0,0,0,0,0,0,0,0
文化、体育和娱乐业,吉林省,0,,,,,,,,,,,,,,,,,,,,,,,,,,,,,,,,,,,,,,,,,,0,0,0,0,0,0,0,0,0,0,0,0,0,0,0,0,0,0,0,0,0,0,0,0,0,0,0,0,0,0,0,0,0,0,0,0,0,0,0,0,0,0,0,0,0,0,0,0,0,0,0,0,0,0,0,0,0,0,0,0,0,0,0,0,0,0,0,0,0,0,0,0,0,0,0,0,0,0,0,0,0,0,0,0,0,0,0,0,0,0,0,0,0,0,0,0,0,0,0,0,0,0,0,0,0,0,0,0,0,0,0,0,0,0,0,0,0,0,0,0,0,0,0,0,0,0,0,0,0,0,0,0,0,0,0,0,0,0,0,0,0,0,0,0,0,0,0,0,0,0,0,0,0,0,0,0,0,0,0,0,0,0,0,0,0,0,0,0,0,0,0,0,0,0,0,0,0,0,0,0,0,0,0,0,0,0,0,0,0,0,0,0,0,0,0,0,0,0,0,0,0,0,0,0,0,0,0,0,0,0,0,0,0,0,0,0,0,0,0,0,0,0,0,0,0,0,0,0,0
橡胶和塑料制品业,吉林省,0,,,,,,,,,,,,,,,,,,,,,,,,,,,,,,,,,,,,,,,,,,0,0,0,0,0,0,0,0,0,0,0,0,0,0,0,0,0,0,0,0,0,0,0,0,0,0,0,0,0,0,0,0,0,0,0,0,0,0,0,0,0,0,0,0,0,0,0,0,0,0,0,0,0,0,0,0,0,0,0,0,0,0,0,0,0,0,0,0,0,0,0,0,0,0,0,0,0,0,0,0,0,0,0,0,0,0,0,0,0,0,0,0,0,0,0,0,0,0,0,0,0,0,0,0,0,0,0,0,0,0,0,0,0,0,0,0,0,0,0,0,0,0,0,0,0,0,0,0,0,0,0,0,0,0,0,0,0,0,0,0,0,0,0,0,0,0,0,0,0,0,0,0,0,0,0,0,0,0,0,0,0,0,0,0,0,0,0,0,0,0,0,0,0,0,0,0,0,0,0,0,0,0,0,0,0,0,0,0,0,0,0,0,0,0,0,0,0,0,0,0,0,0,0,0,0,0,0,0,0,0,0,0,0,0,0,0,0,0,0,0,0,0,0,0,0,0,0,0,0
租赁和商务服务业,吉林省,0,,,,,,,,,,,,,,,,,,,,,,,,,,,,,,,,,,,,,,,,,,0,0,0,0,0,0,0,0,0,0,0,0,0,0,0,0,0,0,0,0,0,0,0,0,0,0,0,0,0,0,0,0,0,0,0,0,0,0,0,0,0,0,0,0,0,0,0,0,0,0,0,0,0,0,0,0,0,0,0,0,0,0,0,0,0,0,0,0,0,0,0,0,0,0,0,0,0,0,0,0,0,0,0,0,0,0,0,0,0,0,0,0,0,0,0,0,0,0,0,0,0,0,0,0,0,0,0,0,0,0,0,0,0,0,0,0,0,0,0,0,0,0,0,0,0,0,0,0,0,0,0,0,0,0,0,0,0,0,0,0,0,0,0,0,0,0,0,0,0,0,0,0,0,0,0,0,0,0,0,0,0,0,0,0,0,0,0,0,0,0,0,0,0,0,0,0,0,0,0,0,0,0,0,0,0,0,0,0,0,0,0,0,0,0,0,0,0,0,0,0,0,0,0,0,0,0,0,0,0,0,0,0,0,0,0,0,0,0,0,0,0,0,0,0,0,0,0,0,0
农、林、牧、渔业,吉林省,0,,,,,,,,,,,,,,,,,,,,,,,,,,,,,,,,,,,,,,,,,,0,0,0,0,0,0,0,0,0,0,0,0,0,0,0,0,0,0,0,0,0,0,0,0,0,0,0,0,0,0,0,0,0,0,0,0,0,0,0,0,0,0,0,0,0,0,0,0,0,0,0,0,0,0,0,0,0,0,0,0,0,0,0,0,0,0,0,0,0,0,0,0,0,0,0,0,0,0,0,0,0,0,0,0,0,0,0,0,0,0,0,0,0,0,0,0,0,0,0,0,0,0,0,0,0,0,0,0,0,0,0,0,0,0,0,0,0,0,0,0,0,0,0,0,0,0,0,0,0,0,0,0,0,0,0,0,0,0,0,0,0,0,0,0,0,0,0,0,0,0,0,0,0,0,0,0,0,0,0,0,0,0,0,0,0,0,0,0,0,0,0,0,0,0,0,0,0,0,0,0,0,0,0,0,0,0,0,0,0,0,0,0,0,0,0,0,0,0,0,0,0,0,0,0,0,0,0,0,0,0,0,0,0,0,0,0,0,0,0,0,0,0,0,0,0,0,0,0,0
仪器仪表制造业,吉林省,1,,,,1,,,,,1,,,,,,,,,,,,1,,,,,,,,,,,,,,,,,,,,,1931040277,1931040277,1931040277,1931040277,1931040277,103851404.4,103851404.4,103851404.4,103851404.4,103851404.4,1648,1648,1648,1648,1648,627065840.7,627065840.7,627065840.7,627065840.7,627065840.7,30.36,30.36,30.36,30.36,47485235.2,47485235.2,47485235.2,47485235.2,47485235.2,14.6,14.6,14.6,14.6,101975580.8,101975580.8,101975580.8,101975580.8,101975580.8,69.78,69.78,69.78,69.78,79.91,79.91,79.91,79.91,-14.39,-14.39,-14.39,-14.39,7.59,7.59,7.59,7.59,-2.52,-2.52,-2.52,-2.52,0,0,0,0,0,0,0,0,0,330,330,330,330,330,14.91,14.91,14.91,14.91,28.56,28.56,28.56,28.56,15761220.21,15761220.21,15761220.21,15761220.21,15761220.21,106,106,106,106,106,421,421,421,421,421,0,0,0,0,0,56,56,56,56,56,44,44,44,44,44,0,0,0,0,0,54,54,54,54,54,0,0,0,0,0,36,36,36,36,36,0,0,0,0,0,50,50,50,50,50,7,7,7,7,7,20,20,20,20,0,0,0,0,0,0,0,0,0,0,1,1,1,1,1,0,0,0,0,0,0,0,0,0,0,0,0,0,0,0,0,0,0,0,0,0,0,0,0,0,0,0,0,0,0,585276316.4,585276316.4,585276316.4,585276316.4,585276316.4,730,730,730,730,730,0,0,0,0,0,214,214,214,214,214,0,0,0,0,0,0,0,0,0,0,0,0,0,0,0
造纸和纸制品业,吉林省,0,,,,,,,,,,,,,,,,,,,,,,,,,,,,,,,,,,,,,,,,,,0,0,0,0,0,0,0,0,0,0,0,0,0,0,0,0,0,0,0,0,0,0,0,0,0,0,0,0,0,0,0,0,0,0,0,0,0,0,0,0,0,0,0,0,0,0,0,0,0,0,0,0,0,0,0,0,0,0,0,0,0,0,0,0,0,0,0,0,0,0,0,0,0,0,0,0,0,0,0,0,0,0,0,0,0,0,0,0,0,0,0,0,0,0,0,0,0,0,0,0,0,0,0,0,0,0,0,0,0,0,0,0,0,0,0,0,0,0,0,0,0,0,0,0,0,0,0,0,0,0,0,0,0,0,0,0,0,0,0,0,0,0,0,0,0,0,0,0,0,0,0,0,0,0,0,0,0,0,0,0,0,0,0,0,0,0,0,0,0,0,0,0,0,0,0,0,0,0,0,0,0,0,0,0,0,0,0,0,0,0,0,0,0,0,0,0,0,0,0,0,0,0,0,0,0,0,0,0,0,0,0,0,0,0,0,0,0,0,0,0,0,0,0,0,0,0,0,0,0
其他制造业,吉林省,0,,,,,,,,,,,,,,,,,,,,,,,,,,,,,,,,,,,,,,,,,,0,0,0,0,0,0,0,0,0,0,0,0,0,0,0,0,0,0,0,0,0,0,0,0,0,0,0,0,0,0,0,0,0,0,0,0,0,0,0,0,0,0,0,0,0,0,0,0,0,0,0,0,0,0,0,0,0,0,0,0,0,0,0,0,0,0,0,0,0,0,0,0,0,0,0,0,0,0,0,0,0,0,0,0,0,0,0,0,0,0,0,0,0,0,0,0,0,0,0,0,0,0,0,0,0,0,0,0,0,0,0,0,0,0,0,0,0,0,0,0,0,0,0,0,0,0,0,0,0,0,0,0,0,0,0,0,0,0,0,0,0,0,0,0,0,0,0,0,0,0,0,0,0,0,0,0,0,0,0,0,0,0,0,0,0,0,0,0,0,0,0,0,0,0,0,0,0,0,0,0,0,0,0,0,0,0,0,0,0,0,0,0,0,0,0,0,0,0,0,0,0,0,0,0,0,0,0,0,0,0,0,0,0,0,0,0,0,0,0,0,0,0,0,0,0,0,0,0,0
教育,吉林省,0,,,,,,,,,,,,,,,,,,,,,,,,,,,,,,,,,,,,,,,,,,0,0,0,0,0,0,0,0,0,0,0,0,0,0,0,0,0,0,0,0,0,0,0,0,0,0,0,0,0,0,0,0,0,0,0,0,0,0,0,0,0,0,0,0,0,0,0,0,0,0,0,0,0,0,0,0,0,0,0,0,0,0,0,0,0,0,0,0,0,0,0,0,0,0,0,0,0,0,0,0,0,0,0,0,0,0,0,0,0,0,0,0,0,0,0,0,0,0,0,0,0,0,0,0,0,0,0,0,0,0,0,0,0,0,0,0,0,0,0,0,0,0,0,0,0,0,0,0,0,0,0,0,0,0,0,0,0,0,0,0,0,0,0,0,0,0,0,0,0,0,0,0,0,0,0,0,0,0,0,0,0,0,0,0,0,0,0,0,0,0,0,0,0,0,0,0,0,0,0,0,0,0,0,0,0,0,0,0,0,0,0,0,0,0,0,0,0,0,0,0,0,0,0,0,0,0,0,0,0,0,0,0,0,0,0,0,0,0,0,0,0,0,0,0,0,0,0,0,0
综合,吉林省,0,,,,,,,,,,,,,,,,,,,,,,,,,,,,,,,,,,,,,,,,,,0,0,0,0,0,0,0,0,0,0,0,0,0,0,0,0,0,0,0,0,0,0,0,0,0,0,0,0,0,0,0,0,0,0,0,0,0,0,0,0,0,0,0,0,0,0,0,0,0,0,0,0,0,0,0,0,0,0,0,0,0,0,0,0,0,0,0,0,0,0,0,0,0,0,0,0,0,0,0,0,0,0,0,0,0,0,0,0,0,0,0,0,0,0,0,0,0,0,0,0,0,0,0,0,0,0,0,0,0,0,0,0,0,0,0,0,0,0,0,0,0,0,0,0,0,0,0,0,0,0,0,0,0,0,0,0,0,0,0,0,0,0,0,0,0,0,0,0,0,0,0,0,0,0,0,0,0,0,0,0,0,0,0,0,0,0,0,0,0,0,0,0,0,0,0,0,0,0,0,0,0,0,0,0,0,0,0,0,0,0,0,0,0,0,0,0,0,0,0,0,0,0,0,0,0,0,0,0,0,0,0,0,0,0,0,0,0,0,0,0,0,0,0,0,0,0,0,0,0
废弃资源综合利用业,吉林省,0,,,,,,,,,,,,,,,,,,,,,,,,,,,,,,,,,,,,,,,,,,0,0,0,0,0,0,0,0,0,0,0,0,0,0,0,0,0,0,0,0,0,0,0,0,0,0,0,0,0,0,0,0,0,0,0,0,0,0,0,0,0,0,0,0,0,0,0,0,0,0,0,0,0,0,0,0,0,0,0,0,0,0,0,0,0,0,0,0,0,0,0,0,0,0,0,0,0,0,0,0,0,0,0,0,0,0,0,0,0,0,0,0,0,0,0,0,0,0,0,0,0,0,0,0,0,0,0,0,0,0,0,0,0,0,0,0,0,0,0,0,0,0,0,0,0,0,0,0,0,0,0,0,0,0,0,0,0,0,0,0,0,0,0,0,0,0,0,0,0,0,0,0,0,0,0,0,0,0,0,0,0,0,0,0,0,0,0,0,0,0,0,0,0,0,0,0,0,0,0,0,0,0,0,0,0,0,0,0,0,0,0,0,0,0,0,0,0,0,0,0,0,0,0,0,0,0,0,0,0,0,0,0,0,0,0,0,0,0,0,0,0,0,0,0,0,0,0,0,0
印刷和记录媒介复制业,吉林省,0,,,,,,,,,,,,,,,,,,,,,,,,,,,,,,,,,,,,,,,,,,0,0,0,0,0,0,0,0,0,0,0,0,0,0,0,0,0,0,0,0,0,0,0,0,0,0,0,0,0,0,0,0,0,0,0,0,0,0,0,0,0,0,0,0,0,0,0,0,0,0,0,0,0,0,0,0,0,0,0,0,0,0,0,0,0,0,0,0,0,0,0,0,0,0,0,0,0,0,0,0,0,0,0,0,0,0,0,0,0,0,0,0,0,0,0,0,0,0,0,0,0,0,0,0,0,0,0,0,0,0,0,0,0,0,0,0,0,0,0,0,0,0,0,0,0,0,0,0,0,0,0,0,0,0,0,0,0,0,0,0,0,0,0,0,0,0,0,0,0,0,0,0,0,0,0,0,0,0,0,0,0,0,0,0,0,0,0,0,0,0,0,0,0,0,0,0,0,0,0,0,0,0,0,0,0,0,0,0,0,0,0,0,0,0,0,0,0,0,0,0,0,0,0,0,0,0,0,0,0,0,0,0,0,0,0,0,0,0,0,0,0,0,0,0,0,0,0,0,0
卫生和社会工作,吉林省,0,,,,,,,,,,,,,,,,,,,,,,,,,,,,,,,,,,,,,,,,,,0,0,0,0,0,0,0,0,0,0,0,0,0,0,0,0,0,0,0,0,0,0,0,0,0,0,0,0,0,0,0,0,0,0,0,0,0,0,0,0,0,0,0,0,0,0,0,0,0,0,0,0,0,0,0,0,0,0,0,0,0,0,0,0,0,0,0,0,0,0,0,0,0,0,0,0,0,0,0,0,0,0,0,0,0,0,0,0,0,0,0,0,0,0,0,0,0,0,0,0,0,0,0,0,0,0,0,0,0,0,0,0,0,0,0,0,0,0,0,0,0,0,0,0,0,0,0,0,0,0,0,0,0,0,0,0,0,0,0,0,0,0,0,0,0,0,0,0,0,0,0,0,0,0,0,0,0,0,0,0,0,0,0,0,0,0,0,0,0,0,0,0,0,0,0,0,0,0,0,0,0,0,0,0,0,0,0,0,0,0,0,0,0,0,0,0,0,0,0,0,0,0,0,0,0,0,0,0,0,0,0,0,0,0,0,0,0,0,0,0,0,0,0,0,0,0,0,0,0
文教、工美、体育和娱乐用品制造业,吉林省,0,,,,,,,,,,,,,,,,,,,,,,,,,,,,,,,,,,,,,,,,,,0,0,0,0,0,0,0,0,0,0,0,0,0,0,0,0,0,0,0,0,0,0,0,0,0,0,0,0,0,0,0,0,0,0,0,0,0,0,0,0,0,0,0,0,0,0,0,0,0,0,0,0,0,0,0,0,0,0,0,0,0,0,0,0,0,0,0,0,0,0,0,0,0,0,0,0,0,0,0,0,0,0,0,0,0,0,0,0,0,0,0,0,0,0,0,0,0,0,0,0,0,0,0,0,0,0,0,0,0,0,0,0,0,0,0,0,0,0,0,0,0,0,0,0,0,0,0,0,0,0,0,0,0,0,0,0,0,0,0,0,0,0,0,0,0,0,0,0,0,0,0,0,0,0,0,0,0,0,0,0,0,0,0,0,0,0,0,0,0,0,0,0,0,0,0,0,0,0,0,0,0,0,0,0,0,0,0,0,0,0,0,0,0,0,0,0,0,0,0,0,0,0,0,0,0,0,0,0,0,0,0,0,0,0,0,0,0,0,0,0,0,0,0,0,0,0,0,0,0
石油加工、炼焦和核燃料加工业,吉林省,0,,,,,,,,,,,,,,,,,,,,,,,,,,,,,,,,,,,,,,,,,,0,0,0,0,0,0,0,0,0,0,0,0,0,0,0,0,0,0,0,0,0,0,0,0,0,0,0,0,0,0,0,0,0,0,0,0,0,0,0,0,0,0,0,0,0,0,0,0,0,0,0,0,0,0,0,0,0,0,0,0,0,0,0,0,0,0,0,0,0,0,0,0,0,0,0,0,0,0,0,0,0,0,0,0,0,0,0,0,0,0,0,0,0,0,0,0,0,0,0,0,0,0,0,0,0,0,0,0,0,0,0,0,0,0,0,0,0,0,0,0,0,0,0,0,0,0,0,0,0,0,0,0,0,0,0,0,0,0,0,0,0,0,0,0,0,0,0,0,0,0,0,0,0,0,0,0,0,0,0,0,0,0,0,0,0,0,0,0,0,0,0,0,0,0,0,0,0,0,0,0,0,0,0,0,0,0,0,0,0,0,0,0,0,0,0,0,0,0,0,0,0,0,0,0,0,0,0,0,0,0,0,0,0,0,0,0,0,0,0,0,0,0,0,0,0,0,0,0,0
化学纤维制造业,吉林省,2,,,,,2,,,,1,,1,,,1,,,,,,,,,,,,,,,,1,,,,,,,,,,,,14057269768,7028634884,10514167543,3543102225,7028634884,543080897.5,271540448.7,629560983.3,-86480085.82,271540448.7,5561,2780.5,4853,708,2780.5,5753322527,2876661264,3669645727,2083676800,2876661264,58.41,58.82,58,58.41,72560467.96,36280233.98,67672637.16,4887830.8,36280233.98,37.35,72.2,2.5,37.35,648890386.5,324445193.3,670099942.5,-21209555.99,324445193.3,84.23,84.37,84.09,84.23,67.475,99.96,34.99,67.475,32.975,71.39,-5.44,32.975,1.715,3.26,0.17,1.715,-0.08,-0.08,-0.08,-0.08,0,0,0,0,0,0,0,0,0,124,124,124,124,124,76.45,76.45,76.45,76.45,19.945,45.02,-5.13,19.945,22357380.73,11178690.37,16051805.4,6305575.33,11178690.37,208,104,117,91,104,98,49,59,39,49,0,0,0,0,0,26,13,18,8,13,8,8,8,8,8,0,0,0,0,0,11,5.5,9,2,5.5,0,0,0,0,0,3,3,3,3,3,0,0,0,0,0,11,5.5,10,1,5.5,4,4,4,4,4,17,17,17,17,0,0,0,0,0,0,0,0,0,0,0,0,0,0,0,0,0,0,0,0,0,0,0,0,0,0,0,0,0,0,0,0,0,0,0,0,0,0,0,0,0,0,0,0,0,8240630763,4120315382,6183622239,2057008525,4120315382,405,202.5,306,99,202.5,0,0,0,0,0,55,27.5,31,24,27.5,0,0,0,0,0,2,2,2,2,2,0,0,0,0,0
家具制造业,吉林省,0,,,,,,,,,,,,,,,,,,,,,,,,,,,,,,,,,,,,,,,,,,0,0,0,0,0,0,0,0,0,0,0,0,0,0,0,0,0,0,0,0,0,0,0,0,0,0,0,0,0,0,0,0,0,0,0,0,0,0,0,0,0,0,0,0,0,0,0,0,0,0,0,0,0,0,0,0,0,0,0,0,0,0,0,0,0,0,0,0,0,0,0,0,0,0,0,0,0,0,0,0,0,0,0,0,0,0,0,0,0,0,0,0,0,0,0,0,0,0,0,0,0,0,0,0,0,0,0,0,0,0,0,0,0,0,0,0,0,0,0,0,0,0,0,0,0,0,0,0,0,0,0,0,0,0,0,0,0,0,0,0,0,0,0,0,0,0,0,0,0,0,0,0,0,0,0,0,0,0,0,0,0,0,0,0,0,0,0,0,0,0,0,0,0,0,0,0,0,0,0,0,0,0,0,0,0,0,0,0,0,0,0,0,0,0,0,0,0,0,0,0,0,0,0,0,0,0,0,0,0,0,0,0,0,0,0,0,0,0,0,0,0,0,0,0,0,0,0,0,0
住宿和餐饮业,吉林省,0,,,,,,,,,,,,,,,,,,,,,,,,,,,,,,,,,,,,,,,,,,0,0,0,0,0,0,0,0,0,0,0,0,0,0,0,0,0,0,0,0,0,0,0,0,0,0,0,0,0,0,0,0,0,0,0,0,0,0,0,0,0,0,0,0,0,0,0,0,0,0,0,0,0,0,0,0,0,0,0,0,0,0,0,0,0,0,0,0,0,0,0,0,0,0,0,0,0,0,0,0,0,0,0,0,0,0,0,0,0,0,0,0,0,0,0,0,0,0,0,0,0,0,0,0,0,0,0,0,0,0,0,0,0,0,0,0,0,0,0,0,0,0,0,0,0,0,0,0,0,0,0,0,0,0,0,0,0,0,0,0,0,0,0,0,0,0,0,0,0,0,0,0,0,0,0,0,0,0,0,0,0,0,0,0,0,0,0,0,0,0,0,0,0,0,0,0,0,0,0,0,0,0,0,0,0,0,0,0,0,0,0,0,0,0,0,0,0,0,0,0,0,0,0,0,0,0,0,0,0,0,0,0,0,0,0,0,0,0,0,0,0,0,0,0,0,0,0,0,0
木材加工和木、竹、藤、棕、草制品业,吉林省,0,,,,,,,,,,,,,,,,,,,,,,,,,,,,,,,,,,,,,,,,,,0,0,0,0,0,0,0,0,0,0,0,0,0,0,0,0,0,0,0,0,0,0,0,0,0,0,0,0,0,0,0,0,0,0,0,0,0,0,0,0,0,0,0,0,0,0,0,0,0,0,0,0,0,0,0,0,0,0,0,0,0,0,0,0,0,0,0,0,0,0,0,0,0,0,0,0,0,0,0,0,0,0,0,0,0,0,0,0,0,0,0,0,0,0,0,0,0,0,0,0,0,0,0,0,0,0,0,0,0,0,0,0,0,0,0,0,0,0,0,0,0,0,0,0,0,0,0,0,0,0,0,0,0,0,0,0,0,0,0,0,0,0,0,0,0,0,0,0,0,0,0,0,0,0,0,0,0,0,0,0,0,0,0,0,0,0,0,0,0,0,0,0,0,0,0,0,0,0,0,0,0,0,0,0,0,0,0,0,0,0,0,0,0,0,0,0,0,0,0,0,0,0,0,0,0,0,0,0,0,0,0,0,0,0,0,0,0,0,0,0,0,0,0,0,0,0,0,0,0
居民服务、修理和其他服务业,吉林省,0,,,,,,,,,,,,,,,,,,,,,,,,,,,,,,,,,,,,,,,,,,0,0,0,0,0,0,0,0,0,0,0,0,0,0,0,0,0,0,0,0,0,0,0,0,0,0,0,0,0,0,0,0,0,0,0,0,0,0,0,0,0,0,0,0,0,0,0,0,0,0,0,0,0,0,0,0,0,0,0,0,0,0,0,0,0,0,0,0,0,0,0,0,0,0,0,0,0,0,0,0,0,0,0,0,0,0,0,0,0,0,0,0,0,0,0,0,0,0,0,0,0,0,0,0,0,0,0,0,0,0,0,0,0,0,0,0,0,0,0,0,0,0,0,0,0,0,0,0,0,0,0,0,0,0,0,0,0,0,0,0,0,0,0,0,0,0,0,0,0,0,0,0,0,0,0,0,0,0,0,0,0,0,0,0,0,0,0,0,0,0,0,0,0,0,0,0,0,0,0,0,0,0,0,0,0,0,0,0,0,0,0,0,0,0,0,0,0,0,0,0,0,0,0,0,0,0,0,0,0,0,0,0,0,0,0,0,0,0,0,0,0,0,0,0,0,0,0,0,0
医药制造业,新疆维吾尔自治区,2,,,,,1,,1,,2,,,,1,1,,,,,,,,,,,,,,,,,,,,,,,,,,,,16064712641,8032356320,10390318975,5674393666,8032356320,258102624,129051312,411515749.4,-153413125.4,129051312,3864,1932,2775,1089,1932,4391508088,2195754044,3820651691,570856397.1,2195754044,23.54,40.22,6.86,23.54,86868415.85,43434207.93,51487244.07,35381171.78,43434207.93,-1.98,18.27,-22.23,-1.98,426300979.9,213150490,545125652.8,-118824672.9,213150490,-36.855,144.72,-218.43,-36.855,104.575,268.56,-59.41,104.575,-22.725,-22.16,-23.29,-22.725,4.995,9.04,0.95,4.995,-0.3,-0.16,-0.44,-0.3,0,0,0,0,0,-105,-105,-105,-105,336,168,206,130,168,5.725,10.95,0.5,5.725,-0.8,0.88,-2.48,-0.8,9748153.3,4874076.65,6318994.07,3429159.23,4874076.65,256,128,192,64,128,380,190,248,132,190,12,6,11,1,6,84,42,55,29,42,68,34,40,28,34,0,0,0,0,0,39,19.5,20,19,19.5,4,4,4,4,4,24,12,13,11,12,4,4,4,4,4,60,30,47,13,30,24,12,17,7,12,11.685,18.66,4.71,11.685,0,0,0,0,0,0,0,0,0,0,0,0,0,0,0,0,0,0,0,0,0,0,0,0,0,0,0,0,0,0,0,0,0,0,0,0,0,0,0,0,0,0,0,0,0,4570300913,2285150457,4179917520,390383393.4,2285150457,621,310.5,395,226,310.5,0,0,0,0,0,248,124,149,99,124,12,6,11,1,6,0,0,0,0,0,0,0,0,0,0
化学原料和化学制品制造业,新疆维吾尔自治区,3,,,,,3,,,,1,,,2,,1,,,,,,,,,,,,,,,,,2,,,,,,,,,,,108859511508.12,36286503836,80465159349,8343022857,20051329303,3219266095,1073088698,1257926159,802298155.7,1159041780,34726,11575.3333333333,23127,4736,6863,70210871060,23403623687,51662088389,6902516373,11646266298,49.9133333333333,58.96,45.21,45.57,1662951806,554317268.553333,1241638834,66255738.8,355057233,48.8666666666667,166.89,-17.26,-3.03,3964918846,1321639615.32667,1500881393,982210061.1,1481827392,128.4,491.7,-58.44,-48.06,144.7,545.33,-61.41,-49.82,76.6633333333333,164.34,-4.9,70.55,2.14,3.04,0.98,2.4,0.406666666666667,1.21,0,0.01,45279081.63,15093027.21,23332526.27,8386426.3,13560129.06,25.0566666666667,47.58,-10.49,38.08,2723,907.666666666667,1264,376,1083,151.903333333333,369.79,-9.93,95.85,23.22,57.7,0.2,11.76,171890247.7,57296749.2233333,84784444.47,31771351.13,55334452.07,330,110,161,80,89,2557,852.333333333333,1878,308,371,0,0,0,0,0,138,46,72,29,37,163,54.3333333333333,103,4,56,0,0,0,0,0,449,149.666666666667,341,47,61,0,0,0,0,0,49,16.3333333333333,33,4,12,0,0,0,0,0,471,157,342,62,67,30,10,14,4,12,9.69,15.71,5.42,7.94,0,0,0,0,0,0,0,0,0,0,0,0,0,0,0,0,0,0,0,0,0,0,0,0,0,0,0,0,0,0,0,0,0,0,0,0,0,0,0,0,0,0,0,0,0,60354589703,20118196567.7067,47452485380,3777351238,9124753086,1748,582.666666666667,821,448,479,0,0,0,0,0,444,148,281,63,100,0,0,0,0,0,1,1,1,1,1,0,0,0,0,0
食品饮料业,新疆维吾尔自治区,8,,2,,,5,,1,,3,,,5,1,2,,,,,,,,,,,,,,,,,3,2,,,,,,,,,,58500970065,7312621258.13875,19940686873,825368222.7,4309625149,344987031.6,43123378.95,783252171.8,-921182066.2,185185521.3,19890,2486.25,6385,228,2210.5,51341103855,6417637981.85375,26438740555,146398292,2016459805,45.4375,87.89,11.21,47.89,258842155.3,36977450.76,181062106,865582.19,15861024.21,19.4175,236.78,-44.33,-4.35,929513041.5,116189130.19125,989760449.2,-920465164.8,235653679.4,-819.18875,145.19,-5456.72,17.8,-950.6025,133.55,-5590.66,-2.2,37.1414285714286,165.89,-14.88,26.73,0.622857142857143,1,0.06,0.6,0.191428571428571,0.66,0,0.14,0,0,0,0,0,0,0,0,0,1029,147,427,17,75,-16.58666667,5.67,-77.18,-1.285,6.62375,48.35,-10.63,3.225,249425130.5,31178141.31,72326910.73,1158924.61,24480528.14,671,83.875,178,16,78,1137,142.125,380,15,75.5,2,2,2,2,2,123,20.5,53,1,15,131,16.375,57,2,6.5,0,0,0,0,0,199,28.4285714285714,81,2,8,0,0,0,0,0,51,8.5,25,1,4.5,0,0,0,0,0,194,27.7142857142857,66,2,8,25,8.33333333333333,12,6,7,5.97857142857143,13.12,0.66,6.53,0,0,0,0,0,0,0,0,0,0,1,1,1,1,1,0,0,0,0,0,0,0,0,0,0,0,0,0,0,0,0,0,0,0,0,0,0,0,0,0,0,0,0,0,0,26543289392,3317911174,9696027606,155542421,1164012196,1157,144.625,523,6,54.5,0,0,0,0,0,375,46.875,162,6,12.5,2,2,2,2,2,0,0,0,0,0,0,0,0,0,0
专用设备制造业,新疆维吾尔自治区,4,,,,,1,,3,,1,1,,2,1,,,,,,,,,,1,,,,,,,,,,,2,,,,,,,,16066159614,4016539904,9860246667,1029414657,2588249145,-225039320.7,-56259830.17,162651821.5,-371871557,-7909792.6,5705,1426.25,3256,382,1033.5,9278761861,2319690465.2625,5109349455,582286901.2,1793562752,63.705,95.1,43.93,57.895,398469921.3,99617480.33,262584371,6762395.45,64561577.44,50.035,119.68,-6.6,43.53,-54803448.53,-13700862.13,192844481.4,-255089734,3720902.055,66.4575,141.03,-32.45,78.625,64.0925,136.15,-25.6,72.91,29.135,142.83,-37.1,5.405,4.06,6.31,0.44,4.745,-0.7925,0.65,-2.43,-0.695,13865776,13865776,13865776,13865776,13865776,-75.02,-75.02,-75.02,-75.02,417,139,309,38,70,-18.82,15.19,-60.48,-11.17,-9.135,-0.74,-27.12,-4.34,39664876.46,9916219.115,15468667,3420874.09,10387667.69,174,43.5,81,1,46,882,220.5,573,61,124,0,0,0,0,0,101,25.25,61,3,18.5,86,21.5,50,3,16.5,0,0,0,0,0,72,18,50,4,9,0,0,0,0,0,6,6,6,6,6,0,0,0,0,0,83,27.6666666666667,56,13,14,10,10,10,10,10,6.73666666666667,9.39,4.97,5.85,0,0,0,0,0,0,0,0,0,0,1,1,1,1,1,0,0,0,0,0,0,0,0,0,0,0,0,0,0,0,0,0,0,0,0,0,0,0,0,0,0,0,0,0,0,10379506911,2594876727.6925,5835003138,582615562.1,1980944105,1892,473,1156,37,349.5,0,0,0,0,0,251,62.75,169,11,35.5,0,0,0,0,0,0,0,0,0,0,0,0,0,0,0
信息传输、软件和信息技术服务业,新疆维吾尔自治区,3,,,,,,,3,,3,,,,3,,,,,,,,,,,,,,,,,,,,,,,,,,,,,5410014557,1803338186,2791968097,879078212.3,1738968247,-275032566.8,-91677522.27,125340438.7,-339499951.5,-60873053.99,10036,3345.33333333333,8532,368,1136,3046250468,1015416823,2110737140,178765443.4,756747884.5,50.8633333333333,66.58,33.81,52.2,133173034.6,44391011.5266667,87220512.01,16908316.26,29044206.31,10.3633333333333,29.91,-21.82,23,-270450403,-90150134.34,135542128.4,-331957766.7,-74034764.78,23.9533333333333,38.81,14.23,18.82,27.8333333333333,37.33,17.41,28.76,-2.11,37.75,-26.03,-18.05,5.81333333333333,9.47,3.87,4.1,-1.586666667,0.24,-4.79,-0.21,907699.18,907699.18,907699.18,907699.18,907699.18,-86.74,-86.74,-86.74,-86.74,1348,449.333333333333,1103,122,123,13.4533333333333,67.42,-20.35,-6.71,12.6933333333333,51.57,-11.3,-2.19,14051116.77,4683705.59,7103984.16,3026260.9,3920871.71,114,38,57,22,35,130,43.3333333333333,61,14,55,0,0,0,0,0,31,15.5,21,10,15.5,15,15,15,15,15,0,0,0,0,0,10,3.33333333333333,6,1,3,0,0,0,0,0,8,2.66666666666667,4,1,3,0,0,0,0,0,6,3,4,2,3,4,2,2,2,2,19.1666666666667,33.59,11,12.91,0,0,0,0,0,0,0,0,0,0,0,0,0,0,0,0,0,0,0,0,0,0,0,0,0,0,0,0,0,0,0,0,0,0,0,0,0,0,0,0,0,0,0,0,0,2561626745,853875581.6,1157947758,458971019.4,944707967.6,366,122,203,18,145,0,0,0,0,0,73,24.3333333333333,60,1,12,0,0,0,0,0,0,0,0,0,0,0,0,0,0,0
电力、热力、燃气及水生产和供应业,新疆维吾尔自治区,7,,,,,2,,5,,2,,,5,1,1,,,,,,,,,,,,,,,,,1,,,4,,,,,,,,51470142504,7352877501,21809433884,940969340.4,2661167610,1988561369,284080195.501429,1588904247,-275792706.2,144685717,7204,1029.14285714286,3038,178,813,16364217118,2337745302.55429,8142649828,583070567.2,1057098255,40.72,71.65,24.51,30.01,4369247.85,1456415.95,2376226.51,893434.75,1099586.59,10.5371428571429,30.56,-5.76,9.16,2545327836,363618262.3,2022176498,-262439638.5,175415382.3,-14.45571429,132.81,-254.82,-0.95,-7.818571429,133.98,-198.61,-5.94,757.353333333333,1929.16,-54.66,397.56,0.223333333333333,0.48,0.09,0.1,-0.096666667,0.07,-0.42,0.06,0,0,0,0,0,0,0,0,0,128,64,116,12,64,1.71,1.71,1.71,1.71,3.11857142857143,24.17,-7.34,-0.8,70325497.35,11720916.23,55828688.48,494301.44,3283913.48,389,55.5714285714286,113,19,29,191,38.2,148,2,3,0,0,0,0,0,15,15,15,15,15,10,10,10,10,10,0,0,0,0,0,24,8,13,3,8,0,0,0,0,0,10,10,10,10,10,0,0,0,0,0,27,9,13,3,11,6,6,6,6,6,5.26,6.82,3.7,5.26,0,0,0,0,0,0,0,0,0,0,0,0,0,0,0,0,0,0,0,0,0,0,0,0,0,0,0,0,0,0,0,0,0,0,0,0,0,0,0,0,0,0,0,0,0,28044749603,4006392800.36571,15627696176,230828618.9,946819894.1,165,55,154,3,8,0,0,0,0,0,59,59,59,59,59,0,0,0,0,0,0,0,0,0,0,0,0,0,0,0
商业电气机械和器材制造业,新疆维吾尔自治区,3,,,,,,,3,,,1,,2,,,,,1,,,,,,,,,,,,,,,,,2,,,,,,,,302539711604.15,100846570534.717,171013865524.37,52264807759,79261038321,56432029584,18810676528.0867,22884991229,14426290679,19120747676,36850,12283.3333333333,24626,4097,8127,164991812955.26,54997270985.0867,96510317369,30940315038,37541180549,40.0766666666667,54.4,12.89,52.94,6064914910,2021638303.23333,4636426173,325349295.7,1103139441,104.266666666667,188.66,57.5,66.64,66053799312,22017933104.1267,26678296534,16848351477,22527151301,175.806666666667,233.06,130.01,164.35,177.05,237.05,132.2,161.9,88.08,199.58,-3.51,68.17,3.06333333333333,4.8,0.8,3.59,-0.066666667,0.3,-0.65,0.15,23639825,23639825,23639825,23639825,23639825,-37.62,-37.62,-37.62,-37.62,4183,1394.33333333333,2620,447,1116,156.956666666667,379.14,44.83,46.9,47.6266666666667,69.58,32.55,40.75,544769945.5,181589981.836667,423474235.4,28317956.74,92977753.34,1940,646.666666666667,866,212,862,6178,2059.33333333333,4175,366,1637,32,16,25,7,16,781,260.333333333333,480,32,269,507,169,355,17,135,0,0,0,0,0,906,302,482,107,317,0,0,0,0,0,437,145.666666666667,234,21,182,0,0,0,0,0,618,206,343,119,156,83,27.6666666666667,51,4,28,11.7833333333333,13.72,10.69,10.94,0,0,0,0,0,0,0,0,0,0,6,3,3,3,3,0,0,0,0,0,0,0,0,0,0,0,0,0,0,0,0,0,0,0,0,2,2,2,2,2,0,0,0,0,0,140434857647.21,46811619215.7367,90594147739,6723315352,43117394556,11701,3900.33333333333,7968,271,3462,0,0,0,0,0,2539,846.333333333333,1614,92,833,32,16,25,7,16,35,11.6666666666667,22,1,12,1,1,1,1,1
批发和零售业,新疆维吾尔自治区,3,,,,,,,3,,1,,,2,1,,,,,,,,,,,,,,,,,,,,,2,,,,,,,,11576484814,3858828271.27333,4254840772,3077532529,4244111512,-58730661.31,-19576887.1,314429239,-216763970.6,-156395929.7,6764,2254.66666666667,3351,637,2776,4959106956,1653035652,1907483741,1440204380,1611418835,58.8266666666667,91.8,15.17,69.51,27081058.64,27081058.64,27081058.64,27081058.64,27081058.64,-1.136666667,43.95,-27,-20.36,78070635.09,26023545.03,362330074.7,-142938697.2,-141320742.4,-291.37,163.57,-757.51,-280.17,123.343333333333,1140.37,-403.22,-367.12,50.42,50.42,50.42,50.42,1.69,1.69,1.69,1.69,0.05,0.05,0.05,0.05,0,0,0,0,0,105,105,105,105,88,88,88,88,88,12.89,12.89,12.89,12.89,4.24666666666667,15.51,-4.18,1.41,8731140.72,2910380.24,4369583.49,937191.9,3424365.33,84,28,34,21,29,48,48,48,48,48,0,0,0,0,0,3,3,3,3,3,2,2,2,2,2,0,0,0,0,0,7,7,7,7,7,0,0,0,0,0,0,0,0,0,0,0,0,0,0,0,7,7,7,7,7,0,0,0,0,0,13.99,13.99,13.99,13.99,0,0,0,0,0,0,0,0,0,0,0,0,0,0,0,0,0,0,0,0,0,0,0,0,0,0,0,0,0,0,0,0,0,0,0,0,0,0,0,0,0,0,0,0,0,7323594198,2441198065.87333,3906510273,465848963.3,2951234961,34,34,34,34,34,0,0,0,0,0,3,3,3,3,3,0,0,0,0,0,0,0,0,0,0,0,0,0,0,0
金融业,新疆维吾尔自治区,3,,3,,,,,,,2,1,,,,,2,,,,1,,,,,,,,,,,,,,,,,,,,,,,2250007478604.08,750002492868.027,1023773423596.68,6.13117E+11,6.13117E+11,17115597305,5705199102,10836513251,3139540485,3139543569,27945,9315,11864,4260,11821,78394857022,26131619007.2667,32431465740,20609626597,25353764684,81.57,82.86,80.91,80.94,0,0,0,0,0,-20.43333333,4.71,-39.91,-26.1,18444204412,6148068137.25333,13014266896,2304525958,3125411558,-51.59666667,-3.53,-79.3,-71.96,-46.85333333,-6.46,-67.09,-67.01,0,0,0,0,0,0,0,0,0,0,0,0,0,0,0,0,0,0,0,0,0,0,0,0,0,0,0,0,0,0,1.95333333333333,3.27,-0.63,3.22,724986956.1,241662318.686667,307551592.1,147559125,269876239,2332,777.333333333333,1072,349,911,32,10.6666666666667,24,4,4,0,0,0,0,0,5,1.66666666666667,3,1,1,4,1.33333333333333,2,1,1,0,0,0,0,0,4,2,2,2,2,0,0,0,0,0,4,2,2,2,2,0,0,0,0,0,0,0,0,0,0,0,0,0,0,0,0,0,0,0,0,0,0,0,0,0,0,0,0,0,0,0,0,0,0,0,0,0,0,0,0,0,0,0,0,0,0,0,0,0,0,0,0,0,0,0,0,0,0,0,0,0,0,0,0,1840962292869.57,613654097623.19,848087608382.19,4.96437E+11,496437369109.38,169,56.3333333333333,93,38,38,0,0,0,0,0,10,3.33333333333333,4,3,3,0,0,0,0,0,0,0,0,0,0,3,3,3,3,3
汽车制造业,新疆维吾尔自治区,0,,,,,,,,,,,,,,,,,,,,,,,,,,,,,,,,,,,,,,,,,,0,0,0,0,0,0,0,0,0,0,0,0,0,0,0,0,0,0,0,0,0,0,0,0,0,0,0,0,0,0,0,0,0,0,0,0,0,0,0,0,0,0,0,0,0,0,0,0,0,0,0,0,0,0,0,0,0,0,0,0,0,0,0,0,0,0,0,0,0,0,0,0,0,0,0,0,0,0,0,0,0,0,0,0,0,0,0,0,0,0,0,0,0,0,0,0,0,0,0,0,0,0,0,0,0,0,0,0,0,0,0,0,0,0,0,0,0,0,0,0,0,0,0,0,0,0,0,0,0,0,0,0,0,0,0,0,0,0,0,0,0,0,0,0,0,0,0,0,0,0,0,0,0,0,0,0,0,0,0,0,0,0,0,0,0,0,0,0,0,0,0,0,0,0,0,0,0,0,0,0,0,0,0,0,0,0,0,0,0,0,0,0,0,0,0,0,0,0,0,0,0,0,0,0,0,0,0,0,0,0,0,0,0,0,0,0,0,0,0,0,0,0,0,0,0,0,0,0,0
金属冶炼和压延加工业,新疆维吾尔自治区,3,,1,,,1,,1,,1,1,,1,1,,,,,,,,,,1,,,,,,,,,1,,,,,,,,,,37781447903,12593815967.6033,29695244781,256736803.5,7829466319,-656935724.6,-218978574.9,743238110.4,-1406066284,5892448.69,9050,3016.66666666667,6869,208,1973,26137422055,8712474018.32333,23044368801,229327741.6,2863725513,49.8633333333333,89.91,27.38,32.3,571150868.8,285575434.4,477057540.3,94093328.54,285575434.4,11.39,39.32,-25.35,20.2,-853494185.8,-284498061.9,844127253.2,-1705365083,7743643.92,-22.7,96.18,-211.56,47.28,-30.13333333,76.2,-211.1,44.5,24.405,36.15,12.66,24.405,2.67,3.28,2.06,2.67,0.535,0.7,0.37,0.535,0,0,0,0,0,0,0,0,0,828,828,828,828,828,-48.77,-48.77,-48.77,-48.77,-5.315,-4.81,-5.82,-5.315,63318085.24,21106028.4133333,34003735.58,700103.65,28614246.01,110,36.6666666666667,63,21,26,3342,1114,3176,15,151,3,3,3,3,3,144,72,130,14,72,339,113,329,1,9,0,0,0,0,0,268,89.3333333333333,224,1,43,3,3,3,3,3,173,86.5,169,4,86.5,3,3,3,3,3,171,57,139,1,31,39,19.5,37,2,19.5,12.01,12.01,12.01,12.01,0,0,0,0,0,0,0,0,0,0,0,0,0,0,0,0,0,0,0,0,0,0,0,0,0,0,0,0,0,0,0,0,0,0,0,0,0,0,0,0,0,0,0,0,0,28930629531,9643543177,26707908195,82928673.6,2139792663,3111,1037,2966,25,120,0,0,0,0,0,766,255.333333333333,735,1,30,3,3,3,3,3,1,1,1,1,1,0,0,0,0,0
交通运输、仓储和邮政业,新疆维吾尔自治区,1,,,,,,,1,,1,,,,1,,,,,,,,,,,,,,,,,,,,,,,,,,,,,1108552763,1108552763,1108552763,1108552763,1108552763,12134246.37,12134246.37,12134246.37,12134246.37,12134246.37,196,196,196,196,196,1241226536,1241226536,1241226536,1241226536,1241226536,48.17,48.17,48.17,48.17,0,0,0,0,0,-4.61,-4.61,-4.61,-4.61,17128136.03,17128136.03,17128136.03,17128136.03,17128136.03,-70.39,-70.39,-70.39,-70.39,-76.63,-76.63,-76.63,-76.63,0,0,0,0,0,0,0,0,0,0,0,0,0,0,0,0,0,0,0,0,0,0,0,0,0,0,0,0,0,0,-8.56,-8.56,-8.56,-8.56,1591886.44,1591886.44,1591886.44,1591886.44,1591886.44,17,17,17,17,17,0,0,0,0,0,0,0,0,0,0,0,0,0,0,0,0,0,0,0,0,0,0,0,0,0,0,0,0,0,0,0,0,0,0,0,0,0,0,0,0,0,0,0,0,0,0,0,0,0,0,0,0,0,0,0,0,0,0,0,0,0,0,0,0,0,0,0,0,0,0,0,0,0,0,0,0,0,0,0,0,0,0,0,0,0,0,0,0,0,0,0,0,0,0,0,0,0,0,0,0,0,0,0,0,533293967.3,533293967.3,533293967.3,533293967.3,533293967.3,0,0,0,0,0,0,0,0,0,0,0,0,0,0,0,0,0,0,0,0,0,0,0,0,0,0,0,0,0,0
消费电子及电气业,新疆维吾尔自治区,0,,,,,,,,,,,,,,,,,,,,,,,,,,,,,,,,,,,,,,,,,,0,0,0,0,0,0,0,0,0,0,0,0,0,0,0,0,0,0,0,0,0,0,0,0,0,0,0,0,0,0,0,0,0,0,0,0,0,0,0,0,0,0,0,0,0,0,0,0,0,0,0,0,0,0,0,0,0,0,0,0,0,0,0,0,0,0,0,0,0,0,0,0,0,0,0,0,0,0,0,0,0,0,0,0,0,0,0,0,0,0,0,0,0,0,0,0,0,0,0,0,0,0,0,0,0,0,0,0,0,0,0,0,0,0,0,0,0,0,0,0,0,0,0,0,0,0,0,0,0,0,0,0,0,0,0,0,0,0,0,0,0,0,0,0,0,0,0,0,0,0,0,0,0,0,0,0,0,0,0,0,0,0,0,0,0,0,0,0,0,0,0,0,0,0,0,0,0,0,0,0,0,0,0,0,0,0,0,0,0,0,0,0,0,0,0,0,0,0,0,0,0,0,0,0,0,0,0,0,0,0,0,0,0,0,0,0,0,0,0,0,0,0,0,0,0,0,0,0,0
房地产业,新疆维吾尔自治区,0,,,,,,,,,,,,,,,,,,,,,,,,,,,,,,,,,,,,,,,,,,0,0,0,0,0,0,0,0,0,0,0,0,0,0,0,0,0,0,0,0,0,0,0,0,0,0,0,0,0,0,0,0,0,0,0,0,0,0,0,0,0,0,0,0,0,0,0,0,0,0,0,0,0,0,0,0,0,0,0,0,0,0,0,0,0,0,0,0,0,0,0,0,0,0,0,0,0,0,0,0,0,0,0,0,0,0,0,0,0,0,0,0,0,0,0,0,0,0,0,0,0,0,0,0,0,0,0,0,0,0,0,0,0,0,0,0,0,0,0,0,0,0,0,0,0,0,0,0,0,0,0,0,0,0,0,0,0,0,0,0,0,0,0,0,0,0,0,0,0,0,0,0,0,0,0,0,0,0,0,0,0,0,0,0,0,0,0,0,0,0,0,0,0,0,0,0,0,0,0,0,0,0,0,0,0,0,0,0,0,0,0,0,0,0,0,0,0,0,0,0,0,0,0,0,0,0,0,0,0,0,0,0,0,0,0,0,0,0,0,0,0,0,0,0,0,0,0,0,0
采矿业,新疆维吾尔自治区,6,,1,,,1,,4,,2,1,,3,2,,,,1,,,,,,,,,,,,,,1,1,,1,,,,,,,,1.78034E+11,29672310794.6333,107058858205.99,307008182.9,4112077683,11955914934,1992652489,11156314563,-331137766,211083496.7,52487,8747.83333333333,41517,716,1662,150287271888.34,25047878648.0567,83589656237,196712828.9,3211511447,53.6433333333333,76.14,23.44,59.33,2821390657,705347664.4,2340082976,34642504.05,223332588.5,24.27,136.91,-41.47,5.38,15317622325,2552937054.23833,13736890601,-293995418.1,280992010.4,241.153333333333,1593.27,-823.46,101.23,22.8066666666667,1175.1,-1222.58,93.79,32.435,97.2,-22.36,27.45,2.4275,5.16,0.65,1.95,0.425,1.21,-0.78,0.635,44947344.98,22473672.49,30045476.74,14901868.24,22473672.49,-21.19,-21.19,-21.19,-21.19,14494,3623.5,13172,119,601.5,65.8475,143.54,17.33,51.26,307.808,1518.25,-25.53,3.09,99369842.97,16561640.5,48915513.18,1250073.69,8953436.115,836.59,139.431666666667,458,3.59,64.5,6097,1219.4,5321,67,153,15,15,15,15,15,1147,229.4,1105,3,8,503,125.75,447,15,20.5,0,0,0,0,0,335,67,193,6,41,2,2,2,2,2,88,29.3333333333333,81,3,4,2,2,2,2,2,351,70.2,211,10,43,94,23.5,90,1,1.5,17.7425,31.73,11.08,14.08,0,0,0,0,0,0,0,0,0,0,4,4,4,4,4,0,0,0,0,0,0,0,0,0,0,0,0,0,0,0,0,0,0,0,0,0,0,0,0,0,0,0,0,0,0,117853039015.17,19642173169.195,81533648698,200128425.3,1429022989,13228,2645.6,12582,37,250,0,0,0,0,0,2490,498,2351,3,52,15,15,15,15,15,15,15,15,15,15,2,2,2,2,2
非金属矿物制品业,新疆维吾尔自治区,4,,3,,,1,,,,3,,,1,,,3,,,,,,,,,,,,,,,,1,,,,,,,,,,,3.35283E+11,83820873000,288836550147.58,4266303379,21090319236.525,6104544228,1526136057,5074073839,-106112128.4,568291258.7,77655,19413.75,67934,849,4436,161797756299.11,40449439074.7775,132580532355.38,619980595.2,14298621674,62.8275,78.17,38.11,67.515,4534262789,1133565697,3749112327,27682191.3,378734135.3,-20.0325,-4.33,-46.16,-14.82,7862340175,1965585044,6603923110,-87389219.53,672903142.5,-145.0775,-10.54,-477.04,-46.365,-217.9125,35.04,-813.66,-46.515,-0.866666667,35.48,-35.93,-2.15,3.16,4.49,2.61,2.77,0.683333333333333,1.2,0.11,0.74,51814773.09,51814773.09,51814773.09,51814773.09,51814773.09,-14.35,-14.35,-14.35,-14.35,10364,2591,8901,198,632.5,7.74333333333333,26.97,-4,0.26,-3.8025,-0.86,-6.85,-3.75,700673119.9,175168280,637410861.2,3324958.48,29968650.11,884,221,703,20,80.5,7566,1891.5,5338,16,1106,3,3,3,3,3,821,205.25,400,1,210,645,161.25,315,1,164.5,0,0,0,0,0,1552,517.333333333333,1212,55,285,0,0,0,0,0,387,129,236,5,146,0,0,0,0,0,1579,526.333333333333,1315,42,222,285,95,159,3,123,15.385,22.85,7,15.845,0,0,0,0,0,0,0,0,0,0,3,3,3,3,3,0,0,0,0,0,0,0,0,0,0,0,0,0,0,0,0,0,0,0,0,0,0,0,0,0,0,0,0,0,0,221130674614.43,55282668653.6075,191534737862.74,3333322525,13131307113,10121,2530.25,4854,11,2628,0,0,0,0,0,2203,550.75,1127,1,537.5,3,3,3,3,3,9,4.5,5,4,4.5,0,0,0,0,0
通用设备制造业,新疆维吾尔自治区,2,2,,,,,,,,1,1,,,,,,,,,,,,,,1,1,,,,,,,,,,,,,,,,,2.73645E+11,1.36822E+11,1.36822E+11,1.36822E+11,1.36822E+11,4873749611,2436874805,2436876664,2436872947,2436874805,22536,11268,11271,11265,11268,92690391030,46345195515,46436825302,46253565728,46345195515,70.54,70.56,70.52,70.54,3810180475,1905090237,2221521503,1588658972,1905090237,-8.38,-8.18,-8.58,-8.38,5547132018,2773566009,2775345397,2771786621,2773566009,-36.005,-35.98,-36.03,-36.005,-30.24,-30.24,-30.24,-30.24,-14.885,-0.77,-29,-14.885,4.105,4.75,3.46,4.105,-0.315,0.3,-0.93,-0.315,632872862.7,632872862.7,632872862.7,632872862.7,632872862.7,-3.2,-3.2,-3.2,-3.2,6903,3451.5,3452,3451,3451.5,6.675,6.69,6.66,6.675,3.835,3.84,3.83,3.835,372528554.1,186264277,222236667,150291887.1,186264277,602,301,401,201,301,11690,5845,5847,5843,5845,658,329,329,329,329,3531,1765.5,1767,1764,1765.5,826,413,413,413,413,0,0,0,0,0,651,325.5,326,325,325.5,56,28,28,28,28,136,68,68,68,68,56,28,28,28,28,1130,565,569,561,565,605,302.5,305,300,302.5,30.855,30.89,30.82,30.855,0,0,0,0,0,0,0,0,0,0,6,6,6,6,6,1,1,1,1,1,0,0,0,0,0,0,0,0,0,0,0,0,0,0,0,3,3,3,3,3,0,0,0,0,0,192952104115.76,96476052058,96476079789,96476024327,96476052058,31438,15719,15723,15715,15719,0,0,0,0,0,6637,3318.5,3319,3318,3318.5,654,327,329,325,327,17,17,17,17,17,1,1,1,1,1
半导体业,新疆维吾尔自治区,0,,,,,,,,,,,,,,,,,,,,,,,,,,,,,,,,,,,,,,,,,,0,0,0,0,0,0,0,0,0,0,0,0,0,0,0,0,0,0,0,0,0,0,0,0,0,0,0,0,0,0,0,0,0,0,0,0,0,0,0,0,0,0,0,0,0,0,0,0,0,0,0,0,0,0,0,0,0,0,0,0,0,0,0,0,0,0,0,0,0,0,0,0,0,0,0,0,0,0,0,0,0,0,0,0,0,0,0,0,0,0,0,0,0,0,0,0,0,0,0,0,0,0,0,0,0,0,0,0,0,0,0,0,0,0,0,0,0,0,0,0,0,0,0,0,0,0,0,0,0,0,0,0,0,0,0,0,0,0,0,0,0,0,0,0,0,0,0,0,0,0,0,0,0,0,0,0,0,0,0,0,0,0,0,0,0,0,0,0,0,0,0,0,0,0,0,0,0,0,0,0,0,0,0,0,0,0,0,0,0,0,0,0,0,0,0,0,0,0,0,0,0,0,0,0,0,0,0,0,0,0,0,0,0,0,0,0,0,0,0,0,0,0,0,0,0,0,0,0,0
建筑业,新疆维吾尔自治区,2,,,,,2,,,,2,,,,,2,,,,,,,,,,,,,,,,,,,,,,,,,,,,69770222159,34885111079.285,51156007674,18614214485,34885111079.285,395528885.7,197764442.9,347266817.5,48262068.22,197764442.9,6272,3136,3641,2631,3136,19563010022,9781505011,11658047576,7904962446,9781505011,82.565,89.13,76,82.565,120048672.5,60024336.24,115383370.1,4665302.37,60024336.24,-18.6,-5.3,-31.9,-18.6,621897109.2,310948554.6,441912114.5,179984994.8,310948554.6,13.025,35.1,-9.05,13.025,1.695,33.21,-29.82,1.695,-5.715,83.37,-94.8,-5.715,0.75,1.41,0.09,0.75,0.13,0.93,-0.67,0.13,0,0,0,0,0,0,0,0,0,796,398,637,159,398,4.58,13.44,-4.28,4.58,6.62,13.86,-0.62,6.62,30323333.38,15161666.69,17349304.3,12974029.08,15161666.69,166,83,103,63,83,581,290.5,300,281,290.5,0,0,0,0,0,47,23.5,37,10,23.5,48,24,30,18,24,0,0,0,0,0,159,79.5,117,42,79.5,0,0,0,0,0,61,30.5,58,3,30.5,0,0,0,0,0,114,57,68,46,57,4,2,3,1,2,11.595,17.46,5.73,11.595,0,0,0,0,0,0,0,0,0,0,1,1,1,1,1,0,0,0,0,0,0,0,0,0,0,0,0,0,0,0,0,0,0,0,0,0,0,0,0,0,0,0,0,0,0,59762691461,29881345730.425,45609363390,14153328070,29881345730.425,862,431,469,393,431,0,0,0,0,0,190,95,134,56,95,0,0,0,0,0,0,0,0,0,0,0,0,0,0,0
铁路、船舶、航空航天和其他运输设备制造业,新疆维吾尔自治区,0,,,,,,,,,,,,,,,,,,,,,,,,,,,,,,,,,,,,,,,,,,0,0,0,0,0,0,0,0,0,0,0,0,0,0,0,0,0,0,0,0,0,0,0,0,0,0,0,0,0,0,0,0,0,0,0,0,0,0,0,0,0,0,0,0,0,0,0,0,0,0,0,0,0,0,0,0,0,0,0,0,0,0,0,0,0,0,0,0,0,0,0,0,0,0,0,0,0,0,0,0,0,0,0,0,0,0,0,0,0,0,0,0,0,0,0,0,0,0,0,0,0,0,0,0,0,0,0,0,0,0,0,0,0,0,0,0,0,0,0,0,0,0,0,0,0,0,0,0,0,0,0,0,0,0,0,0,0,0,0,0,0,0,0,0,0,0,0,0,0,0,0,0,0,0,0,0,0,0,0,0,0,0,0,0,0,0,0,0,0,0,0,0,0,0,0,0,0,0,0,0,0,0,0,0,0,0,0,0,0,0,0,0,0,0,0,0,0,0,0,0,0,0,0,0,0,0,0,0,0,0,0,0,0,0,0,0,0,0,0,0,0,0,0,0,0,0,0,0,0
水利、环境和公共设施管理业,新疆维吾尔自治区,1,,,,,1,,,,1,,,,,1,,,,,,,,,,,,,,,,,,,,,,,,,,,,683120628,683120628,683120628,683120628,683120628,-9511299.95,-9511299.95,-9511299.95,-9511299.95,-9511299.95,461,461,461,461,461,102273639.6,102273639.6,102273639.6,102273639.6,102273639.6,10.27,10.27,10.27,10.27,0,0,0,0,0,-31.51,-31.51,-31.51,-31.51,-7837831.73,-7837831.73,-7837831.73,-7837831.73,-7837831.73,-129.42,-129.42,-129.42,-129.42,-134.25,-134.25,-134.25,-134.25,0,0,0,0,0,0,0,0,0,0,0,0,0,0,0,0,0,0,0,0,0,0,0,0,0,0,0,0,0,0,-11.23,-11.23,-11.23,-11.23,1745889.13,1745889.13,1745889.13,1745889.13,1745889.13,42,42,42,42,42,0,0,0,0,0,0,0,0,0,0,0,0,0,0,0,0,0,0,0,0,0,0,0,0,0,0,0,0,0,0,0,0,0,0,0,0,0,0,0,0,0,0,0,0,0,0,0,0,0,0,0,0,0,0,0,0,0,0,0,0,0,0,0,0,0,0,0,0,0,0,0,0,0,0,0,0,0,0,0,0,0,0,0,0,0,0,0,0,0,0,0,0,0,0,0,0,0,0,0,0,0,0,0,0,69871036.35,69871036.35,69871036.35,69871036.35,69871036.35,0,0,0,0,0,0,0,0,0,0,0,0,0,0,0,0,0,0,0,0,0,0,0,0,0,0,0,0,0,0
科学研究和技术服务业,新疆维吾尔自治区,1,,,,,,,1,,,,,1,,,,,,,,,,,,,,,,,,,,,,1,,,,,,,,1001325387,1001325387,1001325387,1001325387,1001325387,-34727949.46,-34727949.46,-34727949.46,-34727949.46,-34727949.46,739,739,739,739,739,349887387.4,349887387.4,349887387.4,349887387.4,349887387.4,33.35,33.35,33.35,33.35,27688394.15,27688394.15,27688394.15,27688394.15,27688394.15,24.38,24.38,24.38,24.38,-30740734.29,-30740734.29,-30740734.29,-30740734.29,-30740734.29,-145.36,-145.36,-145.36,-145.36,-150,-150,-150,-150,425.24,425.24,425.24,425.24,7.92,7.92,7.92,7.92,6.02,6.02,6.02,6.02,206167.78,206167.78,206167.78,206167.78,206167.78,0,0,0,0,574,574,574,574,574,-2.79,-2.79,-2.79,-2.79,1.24,1.24,1.24,1.24,2321136.47,2321136.47,2321136.47,2321136.47,2321136.47,25,25,25,25,25,133,133,133,133,133,9,9,9,9,9,67,67,67,67,67,33,33,33,33,33,0,0,0,0,0,13,13,13,13,13,0,0,0,0,0,11,11,11,11,11,0,0,0,0,0,7,7,7,7,7,7,7,7,7,7,77.91,77.91,77.91,77.91,0,0,0,0,0,0,0,0,0,0,0,0,0,0,0,0,0,0,0,0,0,0,0,0,0,0,0,0,0,0,0,0,0,0,0,0,0,0,0,0,0,0,0,0,0,334305406.4,334305406.4,334305406.4,334305406.4,334305406.4,515,515,515,515,515,0,0,0,0,0,134,134,134,134,134,9,9,9,9,9,0,0,0,0,0,0,0,0,0,0
纺织鞋服业,新疆维吾尔自治区,1,,,,,,,1,,,1,,,,,,,1,,,,,,,,,,,,,,,,,,,,,,,,,1156198739,1156198739,1156198739,1156198739,1156198739,-1073776527,-1073776527,-1073776527,-1073776527,-1073776527,424,424,424,424,424,197847473,197847473,197847473,197847473,197847473,320.59,320.59,320.59,320.59,0,0,0,0,0,-54,-54,-54,-54,-942027863,-942027863,-942027863,-942027863,-942027863,-30.03,-30.03,-30.03,-30.03,-30.57,-30.57,-30.57,-30.57,0,0,0,0,0,0,0,0,0,0,0,0,0,0,0,0,0,0,0,0,0,0,0,0,0,0,0,0,0,0,-18.83,-18.83,-18.83,-18.83,2837197,2837197,2837197,2837197,2837197,1.27,1.27,1.27,1.27,1.27,2,2,2,2,2,0,0,0,0,0,0,0,0,0,0,0,0,0,0,0,0,0,0,0,0,0,0,0,0,0,0,0,0,0,0,0,0,0,0,0,0,0,0,0,0,0,0,0,0,0,0,0,0,0,0,0,0,0,0,0,0,0,0,0,0,0,0,0,0,0,0,0,0,0,0,0,0,0,0,0,0,0,0,0,0,0,0,0,0,0,0,0,0,0,0,0,0,0,0,0,0,0,0,0,3729404512,3729404512,3729404512,3729404512,3729404512,0,0,0,0,0,0,0,0,0,0,0,0,0,0,0,0,0,0,0,0,0,0,0,0,0,0,0,0,0,0
通信传输设备业,新疆维吾尔自治区,0,,,,,,,,,,,,,,,,,,,,,,,,,,,,,,,,,,,,,,,,,,0,0,0,0,0,0,0,0,0,0,0,0,0,0,0,0,0,0,0,0,0,0,0,0,0,0,0,0,0,0,0,0,0,0,0,0,0,0,0,0,0,0,0,0,0,0,0,0,0,0,0,0,0,0,0,0,0,0,0,0,0,0,0,0,0,0,0,0,0,0,0,0,0,0,0,0,0,0,0,0,0,0,0,0,0,0,0,0,0,0,0,0,0,0,0,0,0,0,0,0,0,0,0,0,0,0,0,0,0,0,0,0,0,0,0,0,0,0,0,0,0,0,0,0,0,0,0,0,0,0,0,0,0,0,0,0,0,0,0,0,0,0,0,0,0,0,0,0,0,0,0,0,0,0,0,0,0,0,0,0,0,0,0,0,0,0,0,0,0,0,0,0,0,0,0,0,0,0,0,0,0,0,0,0,0,0,0,0,0,0,0,0,0,0,0,0,0,0,0,0,0,0,0,0,0,0,0,0,0,0,0,0,0,0,0,0,0,0,0,0,0,0,0,0,0,0,0,0,0
金属制品业,新疆维吾尔自治区,1,,,,,,,1,,,,,1,,,,,,,,,,,,,,,,,,,,,,1,,,,,,,,14341434103,14341434103,14341434103,14341434103,14341434103,1562734175,1562734175,1562734175,1562734175,1562734175,2665,2665,2665,2665,2665,7735421670,7735421670,7735421670,7735421670,7735421670,40.93,40.93,40.93,40.93,582618041,582618041,582618041,582618041,582618041,-5.92,-5.92,-5.92,-5.92,1628815245,1628815245,1628815245,1628815245,1628815245,80.86,80.86,80.86,80.86,81.91,81.91,81.91,81.91,16.1,16.1,16.1,16.1,7.59,7.59,7.59,7.59,1.47,1.47,1.47,1.47,0,0,0,0,0,0,0,0,0,497,497,497,497,497,17.38,17.38,17.38,17.38,1.39,1.39,1.39,1.39,120829219.9,120829219.9,120829219.9,120829219.9,120829219.9,102,102,102,102,102,328,328,328,328,328,2,2,2,2,2,92,92,92,92,92,71,71,71,71,71,0,0,0,0,0,26,26,26,26,26,0,0,0,0,0,16,16,16,16,16,0,0,0,0,0,22,22,22,22,22,14,14,14,14,14,18.53,18.53,18.53,18.53,0,0,0,0,0,0,0,0,0,0,1,1,1,1,1,0,0,0,0,0,0,0,0,0,0,0,0,0,0,0,0,0,0,0,0,0,0,0,0,0,0,0,0,0,0,5871308851,5871308851,5871308851,5871308851,5871308851,711,711,711,711,711,0,0,0,0,0,184,184,184,184,184,2,2,2,2,2,1,1,1,1,1,0,0,0,0,0
文化、体育和娱乐业,新疆维吾尔自治区,1,,,,,,,1,,1,,,,1,,,,,,,,,,,,,,,,,,,,,,,,,,,,,15900332799,15900332799,15900332799,15900332799,15900332799,-78213864.59,-78213864.59,-78213864.59,-78213864.59,-78213864.59,1570,1570,1570,1570,1570,2011545387,2011545387,2011545387,2011545387,2011545387,57.7,57.7,57.7,57.7,0,0,0,0,0,-35.6,-35.6,-35.6,-35.6,-54967470.89,-54967470.89,-54967470.89,-54967470.89,-54967470.89,-103.69,-103.69,-103.69,-103.69,-126.95,-126.95,-126.95,-126.95,0,0,0,0,0,0,0,0,0,0,0,0,0,0,0,0,0,0,0,0,0,0,0,0,0,0,0,0,0,0,-9.24,-9.24,-9.24,-9.24,103660987.4,103660987.4,103660987.4,103660987.4,103660987.4,123,123,123,123,123,0,0,0,0,0,0,0,0,0,0,0,0,0,0,0,0,0,0,0,0,0,0,0,0,0,0,0,0,0,0,0,0,0,0,0,0,0,0,0,0,0,0,0,0,0,0,0,0,0,0,0,0,0,0,0,0,0,0,0,0,0,0,0,0,0,0,0,0,0,0,0,0,0,0,0,0,0,0,0,0,0,0,0,0,0,0,0,0,0,0,0,0,0,0,0,0,0,0,0,0,0,0,0,0,9174445493,9174445493,9174445493,9174445493,9174445493,0,0,0,0,0,0,0,0,0,0,0,0,0,0,0,0,0,0,0,0,0,0,0,0,0,0,0,0,0,0
橡胶和塑料制品业,新疆维吾尔自治区,0,,,,,,,,,,,,,,,,,,,,,,,,,,,,,,,,,,,,,,,,,,0,0,0,0,0,0,0,0,0,0,0,0,0,0,0,0,0,0,0,0,0,0,0,0,0,0,0,0,0,0,0,0,0,0,0,0,0,0,0,0,0,0,0,0,0,0,0,0,0,0,0,0,0,0,0,0,0,0,0,0,0,0,0,0,0,0,0,0,0,0,0,0,0,0,0,0,0,0,0,0,0,0,0,0,0,0,0,0,0,0,0,0,0,0,0,0,0,0,0,0,0,0,0,0,0,0,0,0,0,0,0,0,0,0,0,0,0,0,0,0,0,0,0,0,0,0,0,0,0,0,0,0,0,0,0,0,0,0,0,0,0,0,0,0,0,0,0,0,0,0,0,0,0,0,0,0,0,0,0,0,0,0,0,0,0,0,0,0,0,0,0,0,0,0,0,0,0,0,0,0,0,0,0,0,0,0,0,0,0,0,0,0,0,0,0,0,0,0,0,0,0,0,0,0,0,0,0,0,0,0,0,0,0,0,0,0,0,0,0,0,0,0,0,0,0,0,0,0,0
租赁和商务服务业,新疆维吾尔自治区,1,,,,,1,,,,1,,,,,1,,,,,,,,,,,,,,,,,,,,,,,,,,,,2.63644E+11,2.63644E+11,2.63644E+11,2.63644E+11,2.63644E+11,-2370448757,-2370448757,-2370448757,-2370448757,-2370448757,590,590,590,590,590,31921714321,31921714321,31921714321,31921714321,31921714321,83.54,83.54,83.54,83.54,0,0,0,0,0,19.11,19.11,19.11,19.11,-2058024663,-2058024663,-2058024663,-2058024663,-2058024663,-29.87,-29.87,-29.87,-29.87,-100.96,-100.96,-100.96,-100.96,0,0,0,0,0,0,0,0,0,0,0,0,0,0,0,0,0,0,0,0,0,0,0,0,0,0,0,0,0,0,0,0,0,0,725017,725017,725017,725017,725017,134,134,134,134,134,0,0,0,0,0,0,0,0,0,0,0,0,0,0,0,0,0,0,0,0,0,0,0,0,0,0,0,0,0,0,0,0,0,0,0,0,0,0,0,0,0,0,0,0,0,0,0,0,0,0,0,0,0,0,0,0,0,0,0,0,0,0,0,0,0,0,0,0,0,0,0,0,0,0,0,0,0,0,0,0,0,0,0,0,0,0,0,0,0,0,0,0,0,0,0,0,0,0,0,0,0,0,0,0,2.20372E+11,2.20372E+11,2.20372E+11,2.20372E+11,2.20372E+11,0,0,0,0,0,0,0,0,0,0,0,0,0,0,0,0,0,0,0,0,0,0,0,0,0,0,0,0,0,0
农、林、牧、渔业,新疆维吾尔自治区,5,,,1,,3,,1,,2,,,3,1,1,,,,,,,,,,,,,,,,,2,,,,1,,,,,,,8565448778,1713089756,2636849437,332144949.5,1895063719,-312920597.9,-62584119.57,63534235.91,-306104296.4,-32046637.28,2969,593.8,981,108,664,5383166017,1076633203,2010593409,76350605.2,1324231759,66.516,82,38.6,71.4,65120056.38,13024011.28,26075963,416214.55,13192106.58,96.338,478.26,-29.22,17.47,-329177245.2,-65835449.03,69819667.87,-307096170.8,-28240763.67,-44.3,75.83,-221.2,-0.43,-35.44,39.96,-137.33,-5.44,612.206,3118.99,-62.62,1.17,1.226,2.06,0.07,1.28,0.05,1.01,-0.64,-0.03,26073,26073,26073,26073,26073,0,0,0,0,329,65.8,116,18,55,-0.63,3.78,-7.47,1.8,5.482,24.46,-8.33,-0.26,38670417.17,7734083.434,16157094.54,2266921.63,3439707.46,109,21.8,30,16,20,228,45.6,93,13,26,0,0,0,0,0,29,7.25,13,1,7.5,44,8.8,24,1,5,0,0,0,0,0,22,7.33333333333333,10,5,7,0,0,0,0,0,8,4,6,2,4,0,0,0,0,0,12,4,10,1,1,2,1,1,1,1,11.666,16.8,5.6,11.59,0,0,0,0,0,0,0,0,0,0,0,0,0,0,0,0,0,0,0,0,0,0,0,0,0,0,0,0,0,0,0,0,0,0,0,0,0,0,0,0,0,0,0,0,0,5949397351,1189879470,2060683314,237978583.2,1306876947,332,66.4,174,10,51,0,0,0,0,0,72,14.4,33,2,6,0,0,0,0,0,2,1,1,1,1,0,0,0,0,0
仪器仪表制造业,新疆维吾尔自治区,0,,,,,,,,,,,,,,,,,,,,,,,,,,,,,,,,,,,,,,,,,,0,0,0,0,0,0,0,0,0,0,0,0,0,0,0,0,0,0,0,0,0,0,0,0,0,0,0,0,0,0,0,0,0,0,0,0,0,0,0,0,0,0,0,0,0,0,0,0,0,0,0,0,0,0,0,0,0,0,0,0,0,0,0,0,0,0,0,0,0,0,0,0,0,0,0,0,0,0,0,0,0,0,0,0,0,0,0,0,0,0,0,0,0,0,0,0,0,0,0,0,0,0,0,0,0,0,0,0,0,0,0,0,0,0,0,0,0,0,0,0,0,0,0,0,0,0,0,0,0,0,0,0,0,0,0,0,0,0,0,0,0,0,0,0,0,0,0,0,0,0,0,0,0,0,0,0,0,0,0,0,0,0,0,0,0,0,0,0,0,0,0,0,0,0,0,0,0,0,0,0,0,0,0,0,0,0,0,0,0,0,0,0,0,0,0,0,0,0,0,0,0,0,0,0,0,0,0,0,0,0,0,0,0,0,0,0,0,0,0,0,0,0,0,0,0,0,0,0,0
造纸和纸制品业,新疆维吾尔自治区,0,,,,,,,,,,,,,,,,,,,,,,,,,,,,,,,,,,,,,,,,,,0,0,0,0,0,0,0,0,0,0,0,0,0,0,0,0,0,0,0,0,0,0,0,0,0,0,0,0,0,0,0,0,0,0,0,0,0,0,0,0,0,0,0,0,0,0,0,0,0,0,0,0,0,0,0,0,0,0,0,0,0,0,0,0,0,0,0,0,0,0,0,0,0,0,0,0,0,0,0,0,0,0,0,0,0,0,0,0,0,0,0,0,0,0,0,0,0,0,0,0,0,0,0,0,0,0,0,0,0,0,0,0,0,0,0,0,0,0,0,0,0,0,0,0,0,0,0,0,0,0,0,0,0,0,0,0,0,0,0,0,0,0,0,0,0,0,0,0,0,0,0,0,0,0,0,0,0,0,0,0,0,0,0,0,0,0,0,0,0,0,0,0,0,0,0,0,0,0,0,0,0,0,0,0,0,0,0,0,0,0,0,0,0,0,0,0,0,0,0,0,0,0,0,0,0,0,0,0,0,0,0,0,0,0,0,0,0,0,0,0,0,0,0,0,0,0,0,0,0
其他制造业,新疆维吾尔自治区,0,,,,,,,,,,,,,,,,,,,,,,,,,,,,,,,,,,,,,,,,,,0,0,0,0,0,0,0,0,0,0,0,0,0,0,0,0,0,0,0,0,0,0,0,0,0,0,0,0,0,0,0,0,0,0,0,0,0,0,0,0,0,0,0,0,0,0,0,0,0,0,0,0,0,0,0,0,0,0,0,0,0,0,0,0,0,0,0,0,0,0,0,0,0,0,0,0,0,0,0,0,0,0,0,0,0,0,0,0,0,0,0,0,0,0,0,0,0,0,0,0,0,0,0,0,0,0,0,0,0,0,0,0,0,0,0,0,0,0,0,0,0,0,0,0,0,0,0,0,0,0,0,0,0,0,0,0,0,0,0,0,0,0,0,0,0,0,0,0,0,0,0,0,0,0,0,0,0,0,0,0,0,0,0,0,0,0,0,0,0,0,0,0,0,0,0,0,0,0,0,0,0,0,0,0,0,0,0,0,0,0,0,0,0,0,0,0,0,0,0,0,0,0,0,0,0,0,0,0,0,0,0,0,0,0,0,0,0,0,0,0,0,0,0,0,0,0,0,0,0
教育,新疆维吾尔自治区,0,,,,,,,,,,,,,,,,,,,,,,,,,,,,,,,,,,,,,,,,,,0,0,0,0,0,0,0,0,0,0,0,0,0,0,0,0,0,0,0,0,0,0,0,0,0,0,0,0,0,0,0,0,0,0,0,0,0,0,0,0,0,0,0,0,0,0,0,0,0,0,0,0,0,0,0,0,0,0,0,0,0,0,0,0,0,0,0,0,0,0,0,0,0,0,0,0,0,0,0,0,0,0,0,0,0,0,0,0,0,0,0,0,0,0,0,0,0,0,0,0,0,0,0,0,0,0,0,0,0,0,0,0,0,0,0,0,0,0,0,0,0,0,0,0,0,0,0,0,0,0,0,0,0,0,0,0,0,0,0,0,0,0,0,0,0,0,0,0,0,0,0,0,0,0,0,0,0,0,0,0,0,0,0,0,0,0,0,0,0,0,0,0,0,0,0,0,0,0,0,0,0,0,0,0,0,0,0,0,0,0,0,0,0,0,0,0,0,0,0,0,0,0,0,0,0,0,0,0,0,0,0,0,0,0,0,0,0,0,0,0,0,0,0,0,0,0,0,0,0
综合,新疆维吾尔自治区,0,,,,,,,,,,,,,,,,,,,,,,,,,,,,,,,,,,,,,,,,,,0,0,0,0,0,0,0,0,0,0,0,0,0,0,0,0,0,0,0,0,0,0,0,0,0,0,0,0,0,0,0,0,0,0,0,0,0,0,0,0,0,0,0,0,0,0,0,0,0,0,0,0,0,0,0,0,0,0,0,0,0,0,0,0,0,0,0,0,0,0,0,0,0,0,0,0,0,0,0,0,0,0,0,0,0,0,0,0,0,0,0,0,0,0,0,0,0,0,0,0,0,0,0,0,0,0,0,0,0,0,0,0,0,0,0,0,0,0,0,0,0,0,0,0,0,0,0,0,0,0,0,0,0,0,0,0,0,0,0,0,0,0,0,0,0,0,0,0,0,0,0,0,0,0,0,0,0,0,0,0,0,0,0,0,0,0,0,0,0,0,0,0,0,0,0,0,0,0,0,0,0,0,0,0,0,0,0,0,0,0,0,0,0,0,0,0,0,0,0,0,0,0,0,0,0,0,0,0,0,0,0,0,0,0,0,0,0,0,0,0,0,0,0,0,0,0,0,0,0
废弃资源综合利用业,新疆维吾尔自治区,0,,,,,,,,,,,,,,,,,,,,,,,,,,,,,,,,,,,,,,,,,,0,0,0,0,0,0,0,0,0,0,0,0,0,0,0,0,0,0,0,0,0,0,0,0,0,0,0,0,0,0,0,0,0,0,0,0,0,0,0,0,0,0,0,0,0,0,0,0,0,0,0,0,0,0,0,0,0,0,0,0,0,0,0,0,0,0,0,0,0,0,0,0,0,0,0,0,0,0,0,0,0,0,0,0,0,0,0,0,0,0,0,0,0,0,0,0,0,0,0,0,0,0,0,0,0,0,0,0,0,0,0,0,0,0,0,0,0,0,0,0,0,0,0,0,0,0,0,0,0,0,0,0,0,0,0,0,0,0,0,0,0,0,0,0,0,0,0,0,0,0,0,0,0,0,0,0,0,0,0,0,0,0,0,0,0,0,0,0,0,0,0,0,0,0,0,0,0,0,0,0,0,0,0,0,0,0,0,0,0,0,0,0,0,0,0,0,0,0,0,0,0,0,0,0,0,0,0,0,0,0,0,0,0,0,0,0,0,0,0,0,0,0,0,0,0,0,0,0,0
印刷和记录媒介复制业,新疆维吾尔自治区,0,,,,,,,,,,,,,,,,,,,,,,,,,,,,,,,,,,,,,,,,,,0,0,0,0,0,0,0,0,0,0,0,0,0,0,0,0,0,0,0,0,0,0,0,0,0,0,0,0,0,0,0,0,0,0,0,0,0,0,0,0,0,0,0,0,0,0,0,0,0,0,0,0,0,0,0,0,0,0,0,0,0,0,0,0,0,0,0,0,0,0,0,0,0,0,0,0,0,0,0,0,0,0,0,0,0,0,0,0,0,0,0,0,0,0,0,0,0,0,0,0,0,0,0,0,0,0,0,0,0,0,0,0,0,0,0,0,0,0,0,0,0,0,0,0,0,0,0,0,0,0,0,0,0,0,0,0,0,0,0,0,0,0,0,0,0,0,0,0,0,0,0,0,0,0,0,0,0,0,0,0,0,0,0,0,0,0,0,0,0,0,0,0,0,0,0,0,0,0,0,0,0,0,0,0,0,0,0,0,0,0,0,0,0,0,0,0,0,0,0,0,0,0,0,0,0,0,0,0,0,0,0,0,0,0,0,0,0,0,0,0,0,0,0,0,0,0,0,0,0
卫生和社会工作,新疆维吾尔自治区,1,,,,,,,1,,1,,,,1,,,,,,,,,,,,,,,,,,,,,,,,,,,,,1557452616,1557452616,1557452616,1557452616,1557452616,-77801048.12,-77801048.12,-77801048.12,-77801048.12,-77801048.12,1558,1558,1558,1558,1558,767441794,767441794,767441794,767441794,767441794,82.38,82.38,82.38,82.38,855630.8,855630.8,855630.8,855630.8,855630.8,-26.51,-26.51,-26.51,-26.51,-285121424.2,-285121424.2,-285121424.2,-285121424.2,-285121424.2,-620.55,-620.55,-620.55,-620.55,-287.41,-287.41,-287.41,-287.41,-78.34,-78.34,-78.34,-78.34,0.12,0.12,0.12,0.12,-0.23,-0.23,-0.23,-0.23,0,0,0,0,0,0,0,0,0,34,34,34,34,34,-20.95,-20.95,-20.95,-20.95,-4.45,-4.45,-4.45,-4.45,2649144.97,2649144.97,2649144.97,2649144.97,2649144.97,32,32,32,32,32,56,56,56,56,56,0,0,0,0,0,1,1,1,1,1,0,0,0,0,0,0,0,0,0,0,5,5,5,5,5,0,0,0,0,0,0,0,0,0,0,0,0,0,0,0,0,0,0,0,0,0,0,0,0,0,2.19,2.19,2.19,2.19,0,0,0,0,0,0,0,0,0,0,0,0,0,0,0,0,0,0,0,0,0,0,0,0,0,0,0,0,0,0,0,0,0,0,0,0,0,0,0,0,0,0,0,0,0,1282675443,1282675443,1282675443,1282675443,1282675443,110,110,110,110,110,0,0,0,0,0,3,3,3,3,3,0,0,0,0,0,0,0,0,0,0,0,0,0,0,0
文教、工美、体育和娱乐用品制造业,新疆维吾尔自治区,0,,,,,,,,,,,,,,,,,,,,,,,,,,,,,,,,,,,,,,,,,,0,0,0,0,0,0,0,0,0,0,0,0,0,0,0,0,0,0,0,0,0,0,0,0,0,0,0,0,0,0,0,0,0,0,0,0,0,0,0,0,0,0,0,0,0,0,0,0,0,0,0,0,0,0,0,0,0,0,0,0,0,0,0,0,0,0,0,0,0,0,0,0,0,0,0,0,0,0,0,0,0,0,0,0,0,0,0,0,0,0,0,0,0,0,0,0,0,0,0,0,0,0,0,0,0,0,0,0,0,0,0,0,0,0,0,0,0,0,0,0,0,0,0,0,0,0,0,0,0,0,0,0,0,0,0,0,0,0,0,0,0,0,0,0,0,0,0,0,0,0,0,0,0,0,0,0,0,0,0,0,0,0,0,0,0,0,0,0,0,0,0,0,0,0,0,0,0,0,0,0,0,0,0,0,0,0,0,0,0,0,0,0,0,0,0,0,0,0,0,0,0,0,0,0,0,0,0,0,0,0,0,0,0,0,0,0,0,0,0,0,0,0,0,0,0,0,0,0,0
石油加工、炼焦和核燃料加工业,新疆维吾尔自治区,0,,,,,,,,,,,,,,,,,,,,,,,,,,,,,,,,,,,,,,,,,,0,0,0,0,0,0,0,0,0,0,0,0,0,0,0,0,0,0,0,0,0,0,0,0,0,0,0,0,0,0,0,0,0,0,0,0,0,0,0,0,0,0,0,0,0,0,0,0,0,0,0,0,0,0,0,0,0,0,0,0,0,0,0,0,0,0,0,0,0,0,0,0,0,0,0,0,0,0,0,0,0,0,0,0,0,0,0,0,0,0,0,0,0,0,0,0,0,0,0,0,0,0,0,0,0,0,0,0,0,0,0,0,0,0,0,0,0,0,0,0,0,0,0,0,0,0,0,0,0,0,0,0,0,0,0,0,0,0,0,0,0,0,0,0,0,0,0,0,0,0,0,0,0,0,0,0,0,0,0,0,0,0,0,0,0,0,0,0,0,0,0,0,0,0,0,0,0,0,0,0,0,0,0,0,0,0,0,0,0,0,0,0,0,0,0,0,0,0,0,0,0,0,0,0,0,0,0,0,0,0,0,0,0,0,0,0,0,0,0,0,0,0,0,0,0,0,0,0,0
化学纤维制造业,新疆维吾尔自治区,0,,,,,,,,,,,,,,,,,,,,,,,,,,,,,,,,,,,,,,,,,,0,0,0,0,0,0,0,0,0,0,0,0,0,0,0,0,0,0,0,0,0,0,0,0,0,0,0,0,0,0,0,0,0,0,0,0,0,0,0,0,0,0,0,0,0,0,0,0,0,0,0,0,0,0,0,0,0,0,0,0,0,0,0,0,0,0,0,0,0,0,0,0,0,0,0,0,0,0,0,0,0,0,0,0,0,0,0,0,0,0,0,0,0,0,0,0,0,0,0,0,0,0,0,0,0,0,0,0,0,0,0,0,0,0,0,0,0,0,0,0,0,0,0,0,0,0,0,0,0,0,0,0,0,0,0,0,0,0,0,0,0,0,0,0,0,0,0,0,0,0,0,0,0,0,0,0,0,0,0,0,0,0,0,0,0,0,0,0,0,0,0,0,0,0,0,0,0,0,0,0,0,0,0,0,0,0,0,0,0,0,0,0,0,0,0,0,0,0,0,0,0,0,0,0,0,0,0,0,0,0,0,0,0,0,0,0,0,0,0,0,0,0,0,0,0,0,0,0,0
家具制造业,新疆维吾尔自治区,0,,,,,,,,,,,,,,,,,,,,,,,,,,,,,,,,,,,,,,,,,,0,0,0,0,0,0,0,0,0,0,0,0,0,0,0,0,0,0,0,0,0,0,0,0,0,0,0,0,0,0,0,0,0,0,0,0,0,0,0,0,0,0,0,0,0,0,0,0,0,0,0,0,0,0,0,0,0,0,0,0,0,0,0,0,0,0,0,0,0,0,0,0,0,0,0,0,0,0,0,0,0,0,0,0,0,0,0,0,0,0,0,0,0,0,0,0,0,0,0,0,0,0,0,0,0,0,0,0,0,0,0,0,0,0,0,0,0,0,0,0,0,0,0,0,0,0,0,0,0,0,0,0,0,0,0,0,0,0,0,0,0,0,0,0,0,0,0,0,0,0,0,0,0,0,0,0,0,0,0,0,0,0,0,0,0,0,0,0,0,0,0,0,0,0,0,0,0,0,0,0,0,0,0,0,0,0,0,0,0,0,0,0,0,0,0,0,0,0,0,0,0,0,0,0,0,0,0,0,0,0,0,0,0,0,0,0,0,0,0,0,0,0,0,0,0,0,0,0,0
住宿和餐饮业,新疆维吾尔自治区,0,,,,,,,,,,,,,,,,,,,,,,,,,,,,,,,,,,,,,,,,,,0,0,0,0,0,0,0,0,0,0,0,0,0,0,0,0,0,0,0,0,0,0,0,0,0,0,0,0,0,0,0,0,0,0,0,0,0,0,0,0,0,0,0,0,0,0,0,0,0,0,0,0,0,0,0,0,0,0,0,0,0,0,0,0,0,0,0,0,0,0,0,0,0,0,0,0,0,0,0,0,0,0,0,0,0,0,0,0,0,0,0,0,0,0,0,0,0,0,0,0,0,0,0,0,0,0,0,0,0,0,0,0,0,0,0,0,0,0,0,0,0,0,0,0,0,0,0,0,0,0,0,0,0,0,0,0,0,0,0,0,0,0,0,0,0,0,0,0,0,0,0,0,0,0,0,0,0,0,0,0,0,0,0,0,0,0,0,0,0,0,0,0,0,0,0,0,0,0,0,0,0,0,0,0,0,0,0,0,0,0,0,0,0,0,0,0,0,0,0,0,0,0,0,0,0,0,0,0,0,0,0,0,0,0,0,0,0,0,0,0,0,0,0,0,0,0,0,0,0
木材加工和木、竹、藤、棕、草制品业,新疆维吾尔自治区,0,,,,,,,,,,,,,,,,,,,,,,,,,,,,,,,,,,,,,,,,,,0,0,0,0,0,0,0,0,0,0,0,0,0,0,0,0,0,0,0,0,0,0,0,0,0,0,0,0,0,0,0,0,0,0,0,0,0,0,0,0,0,0,0,0,0,0,0,0,0,0,0,0,0,0,0,0,0,0,0,0,0,0,0,0,0,0,0,0,0,0,0,0,0,0,0,0,0,0,0,0,0,0,0,0,0,0,0,0,0,0,0,0,0,0,0,0,0,0,0,0,0,0,0,0,0,0,0,0,0,0,0,0,0,0,0,0,0,0,0,0,0,0,0,0,0,0,0,0,0,0,0,0,0,0,0,0,0,0,0,0,0,0,0,0,0,0,0,0,0,0,0,0,0,0,0,0,0,0,0,0,0,0,0,0,0,0,0,0,0,0,0,0,0,0,0,0,0,0,0,0,0,0,0,0,0,0,0,0,0,0,0,0,0,0,0,0,0,0,0,0,0,0,0,0,0,0,0,0,0,0,0,0,0,0,0,0,0,0,0,0,0,0,0,0,0,0,0,0,0
居民服务、修理和其他服务业,新疆维吾尔自治区,0,,,,,,,,,,,,,,,,,,,,,,,,,,,,,,,,,,,,,,,,,,0,0,0,0,0,0,0,0,0,0,0,0,0,0,0,0,0,0,0,0,0,0,0,0,0,0,0,0,0,0,0,0,0,0,0,0,0,0,0,0,0,0,0,0,0,0,0,0,0,0,0,0,0,0,0,0,0,0,0,0,0,0,0,0,0,0,0,0,0,0,0,0,0,0,0,0,0,0,0,0,0,0,0,0,0,0,0,0,0,0,0,0,0,0,0,0,0,0,0,0,0,0,0,0,0,0,0,0,0,0,0,0,0,0,0,0,0,0,0,0,0,0,0,0,0,0,0,0,0,0,0,0,0,0,0,0,0,0,0,0,0,0,0,0,0,0,0,0,0,0,0,0,0,0,0,0,0,0,0,0,0,0,0,0,0,0,0,0,0,0,0,0,0,0,0,0,0,0,0,0,0,0,0,0,0,0,0,0,0,0,0,0,0,0,0,0,0,0,0,0,0,0,0,0,0,0,0,0,0,0,0,0,0,0,0,0,0,0,0,0,0,0,0,0,0,0,0,0,0
医药制造业,山西省,5,,,,,1,,4,,3,,,2,3,,,,,,,,,,,,,,,,,,1,,,1,,,,,,,,22968317966,4593663593,7982322124,1584321126,4131063502,119450839.7,23890167.94,587696325.2,-417859485.5,-56998779.75,13334,2666.8,4369,1219,2099,10675558338,2135111668,3728552178,828996322.6,2405181783,30.416,53.98,14.02,27.2,565822982.1,113164596.4,202668167.6,32192604.8,98063907,-0.18,21.99,-26.8,-1.65,237710097,47542019.39,663427387.1,-428246499.9,-5920161.6,-32.48,44.07,-107.14,-39.2,-31.64,50.1,-108.19,-31.41,1.836,54.69,-21.43,-14.86,5.234,7.01,3.2,5.47,-0.094,0.89,-1.1,-0.27,99245351.14,19849070.23,45038446.04,3230176.31,22698861.03,-32.082,-13.44,-67.95,-23.2,1250,250,356,161,207,-2.01,2.7,-9.06,-1.4,3.046,28.63,-10.42,2.11,102312059.6,20462411.93,28389390,10378278.03,23064206.23,451,90.2,174,18,59,1069,213.8,457,39,145,30,10,15,3,12,283,56.6,112,2,54,,,,,,,,,,,,,,,,,,,,,,,,,,,,,,,,,,,,,,,,,,,,,,,,,,,,,,,,,,,,,,,,,,,,,,,,,,,,,,,,,,,,,,,,,,,,,,,,,,,,,,,,,,,,,,,,,,,,,,,,,,,,
化学原料和化学制品制造业,山西省,5,,,,,2,,3,,4,,,1,3,1,,,,,,,,,,,,,,,,,1,,,,,,,,,,,41306298597,8261259719,24739237782,1719785406,3353568824,973196507.8,194639301.6,610039729.3,13788697.67,125799880.7,18336,3667.2,7417,967,2022,34273520049,6854704010,17035641726,963857342.3,4504029573,44.724,72.61,25.86,41.63,535195177.6,107039035.5,218614165.5,28606357.35,106648804.1,15.298,30.68,-9,19.85,1197639201,239527840.2,765555577.9,32700036.48,134059553.5,-28.264,39.4,-95.36,-30.7,-22.854,49.91,-97.27,-27.11,30.292,91.92,-3.72,21.4,2.414,4.09,1,2.6,0.042,0.47,-0.81,0.07,0,0,0,0,0,0,0,0,0,1323,264.6,659,112,183,-5.508,13.01,-51.86,9.36,9.98,27.5,-0.37,8.5,112838070.1,22567614.02,95808859.73,2207459.3,5693504.38,260,52,96,27,32,1012,202.4,621,54,110,0,0,0,0,0,79,15.8,21,8,16,,,,,,,,,,,,,,,,,,,,,,,,,,,,,,,,,,,,,,,,,,,,,,,,,,,,,,,,,,,,,,,,,,,,,,,,,,,,,,,,,,,,,,,,,,,,,,,,,,,,,,,,,,,,,,,,,,,,,,,,,,,,
食品饮料业,山西省,3,,,,,1,,2,,,1,1,1,,,,,1,,,,,,,,,,,1,,,1,,,,,,,,,,,37450643254,12483547751.2633,36686492163,330837132,433313959.1,8174523904,2724841301.19667,8156974229,-598088,18147762.5,14329,4776.33333333333,13721,170,438,26432997485,8810999162,26213896306,62119648,156981531.1,26.8666666666667,40.7,17.33,22.57,68479165.26,34239582.63,57998655.42,10480509.84,34239582.63,-2.54,31.27,-26.67,-12.22,10889107944,3629702647.92333,10872640261,887057,15580625.78,-32.38666667,54.62,-92.5,-59.28,-34.55333333,51.35,-106.72,-48.29,85.06,151.22,18.9,85.06,3.47,6.65,0.29,3.47,0.9,1.7,0.1,0.9,0,0,0,0,0,0,0,0,0,495,247.5,444,51,247.5,19.735,23.57,15.9,19.735,11.2833333333333,19.74,1.71,12.4,18440197.49,6146732.49666667,9123509.22,493091,8823597.27,2258.49,752.83,2253,1.49,4,405,202.5,339,66,202.5,0,0,0,0,0,28,14,16,12,14,,,,,,,,,,,,,,,,,,,,,,,,,,,,,,,,,,,,,,,,,,,,,,,,,,,,,,,,,,,,,,,,,,,,,,,,,,,,,,,,,,,,,,,,,,,,,,,,,,,,,,,,,,,,,,,,,,,,,,,,,,,,
专用设备制造业,山西省,2,,,,,2,,,,1,,,1,,1,,,,,,,,,,,,,,,,,1,,,,,,,,,,,35061714745,17530857372,31586399194,3475315551,17530857372,275236380.3,137618190.2,229640264.6,45596115.72,137618190.2,6130,3065,5526,604,3065,9182906088,4591453044,8039617112,1143288976,4591453044,66.085,79.7,52.47,66.085,814760507.7,407380253.9,763629433.4,51131074.34,407380253.9,-7.715,-3.38,-12.05,-7.715,263944211.1,131972105.6,212081738.7,51862472.45,131972105.6,-16.135,5.78,-38.05,-16.135,-2.455,32.3,-37.21,-2.455,21.885,49.41,-5.64,21.885,6.97,9.5,4.44,6.97,1.82,3.34,0.3,1.82,425469687.9,212734843.9,418569686.3,6900001.53,212734843.9,147.1,147.1,147.1,147.1,1083,541.5,891,192,541.5,5.885,17.56,-5.79,5.885,-1.545,-0.52,-2.57,-1.545,64112769.03,32056384.52,62367710.8,1745058.23,32056384.52,124,62,84,40,62,2348,1174,1958,390,1174,4,4,4,4,4,586,293,561,25,293,,,,,,,,,,,,,,,,,,,,,,,,,,,,,,,,,,,,,,,,,,,,,,,,,,,,,,,,,,,,,,,,,,,,,,,,,,,,,,,,,,,,,,,,,,,,,,,,,,,,,,,,,,,,,,,,,,,,,,,,,,,,
信息传输、软件和信息技术服务业,山西省,1,,,,,,,1,,,,1,,,,,,,,,,,,,,,,,1,,,,,,,,,,,,,,896431965.9,896431965.9,896431965.9,896431965.9,896431965.9,56737089.1,56737089.1,56737089.1,56737089.1,56737089.1,491,491,491,491,491,346552994.3,346552994.3,346552994.3,346552994.3,346552994.3,30.12,30.12,30.12,30.12,38986440,38986440,38986440,38986440,38986440,31.57,31.57,31.57,31.57,48530556.3,48530556.3,48530556.3,48530556.3,48530556.3,11.09,11.09,11.09,11.09,41.62,41.62,41.62,41.62,34.07,34.07,34.07,34.07,11.29,11.29,11.29,11.29,0.2,0.2,0.2,0.2,0,0,0,0,0,0,0,0,0,212,212,212,212,212,16.6,16.6,16.6,16.6,11.86,11.86,11.86,11.86,12048695.6,12048695.6,12048695.6,12048695.6,12048695.6,9.1,9.1,9.1,9.1,9.1,223,223,223,223,223,1,1,1,1,1,26,26,26,26,26,,,,,,,,,,,,,,,,,,,,,,,,,,,,,,,,,,,,,,,,,,,,,,,,,,,,,,,,,,,,,,,,,,,,,,,,,,,,,,,,,,,,,,,,,,,,,,,,,,,,,,,,,,,,,,,,,,,,,,,,,,,,
电力、热力、燃气及水生产和供应业,山西省,4,,,,,3,,1,,1,,,3,,1,,,,,,,,,,,,,,,,,2,,,1,,,,,,,,207965775466.93,51991443866.7325,103861092933.45,10031592372,47036545080.525,1592499964,398124990.9,1629149488,-799617506.7,381483991.2,26976,6744,8789,4494,6846.5,82331979205,20582994801.2225,35555614633,11118448201,17828958185.595,64.5275,86.72,34.31,68.54,183581164.7,45895291.16,149397579.1,1200748,16491418.77,32.0075,41.94,22.44,31.825,3045708134,761427033.5,2759061215,-789560229.5,538103574.3,-114.9775,243.33,-726.64,11.7,63.325,362.43,-206.46,48.665,-12.0575,24.09,-42.65,-14.835,0.1775,0.44,0.03,0.12,-0.0775,-0.06,-0.09,-0.08,13450901.38,13450901.38,13450901.38,13450901.38,13450901.38,0,0,0,0,499,124.75,327,10,81,9.845,59.7,-30.97,5.325,4.5175,18.15,-3.05,1.485,333333251.3,83333312.83,261395637.3,15249959.4,28343827.3,587,146.75,313,58,108,189,63,67,58,64,0,0,0,0,0,14,4.66666666666667,7,3,4,,,,,,,,,,,,,,,,,,,,,,,,,,,,,,,,,,,,,,,,,,,,,,,,,,,,,,,,,,,,,,,,,,,,,,,,,,,,,,,,,,,,,,,,,,,,,,,,,,,,,,,,,,,,,,,,,,,,,,,,,,,,
商业电气机械和器材制造业,山西省,0,,,,,,,,,,,,,,,,,,,,,,,,,,,,,,,,,,,,,,,,,,0,0,0,0,0,0,0,0,0,0,0,0,0,0,0,0,0,0,0,0,0,0,0,0,0,0,0,0,0,0,0,0,0,0,0,0,0,0,0,0,0,0,0,0,0,0,0,0,0,0,0,0,0,0,0,0,0,0,0,0,0,0,0,0,0,0,0,0,0,0,0,0,0,0,0,0,0,0,0,0,0,0,0,0,0,0,0,0,0,0,0,0,0,0,0,0,0,0,0,0,0,0,0,0,0,,,,,,,,,,,,,,,,,,,,,,,,,,,,,,,,,,,,,,,,,,,,,,,,,,,,,,,,,,,,,,,,,,,,,,,,,,,,,,,,,,,,,,,,,,,,,,,,,,,,,,,,,,,,,,,,,,,,,,,,,,,,
批发和零售业,山西省,2,,,,,1,,1,,1,,,1,1,,,,,,,,,,,,,,,,,,1,,,,,,,,,,,49265268201,24632634100,45276138130,3989130071,24632634100,11008749232,5504374616,10994675476,14073755.8,5504374616,15573,7786.5,14555,1018,7786.5,53645082686,26822541343.185,46390589059,7254493627,26822541343.185,61.145,63.6,58.69,61.145,335618281.5,335618281.5,335618281.5,335618281.5,335618281.5,-10.6,-3.43,-17.77,-10.6,15652662585,7826331292,15554210301,98452283.97,7826331292,-25.36,38.77,-89.49,-25.36,-28.675,40.64,-97.99,-28.675,61.9,61.9,61.9,61.9,0.74,0.74,0.74,0.74,0.23,0.23,0.23,0.23,294602.28,294602.28,294602.28,294602.28,294602.28,-67.19,-67.19,-67.19,-67.19,790,790,790,790,790,4.72,4.72,4.72,4.72,-4.195,-0.67,-7.72,-4.195,49854007.02,24927003.51,29020495.21,20833511.81,24927003.51,338,169,284,54,169,395,197.5,316,79,197.5,0,0,0,0,0,10,10,10,10,10,,,,,,,,,,,,,,,,,,,,,,,,,,,,,,,,,,,,,,,,,,,,,,,,,,,,,,,,,,,,,,,,,,,,,,,,,,,,,,,,,,,,,,,,,,,,,,,,,,,,,,,,,,,,,,,,,,,,,,,,,,,,
金融业,山西省,2,,,,,2,,,,1,1,,,,1,,,,,,,,,1,,,,,,,,,,,,,,,,,,,4.19329E+11,2.09664E+11,3.3642E+11,82909299448,2.09664E+11,2402303242,1201151621,1835375137,566928105,1201151621,7362,3681,4409,2953,3681,9420729437,4710364719,5260172681,4160556756,4710364719,85.75,93.09,78.41,85.75,0,0,0,0,0,0.855,4.12,-2.41,0.855,2525349773,1262674887,1856326343,669023430,1262674887,-12.485,9.73,-34.7,-12.485,-10.48,9.22,-30.18,-10.48,0,0,0,0,0,0,0,0,0,0,0,0,0,0,0,0,0,0,0,0,0,0,0,0,0,0,0,0,0,0,2.925,6.35,-0.5,2.925,57006355,28503177.5,38228213,18778142,28503177.5,274,137,209,65,137,5,5,5,5,5,0,0,0,0,0,0,0,0,0,0,,,,,,,,,,,,,,,,,,,,,,,,,,,,,,,,,,,,,,,,,,,,,,,,,,,,,,,,,,,,,,,,,,,,,,,,,,,,,,,,,,,,,,,,,,,,,,,,,,,,,,,,,,,,,,,,,,,,,,,,,,,,
汽车制造业,山西省,0,,,,,,,,,,,,,,,,,,,,,,,,,,,,,,,,,,,,,,,,,,0,0,0,0,0,0,0,0,0,0,0,0,0,0,0,0,0,0,0,0,0,0,0,0,0,0,0,0,0,0,0,0,0,0,0,0,0,0,0,0,0,0,0,0,0,0,0,0,0,0,0,0,0,0,0,0,0,0,0,0,0,0,0,0,0,0,0,0,0,0,0,0,0,0,0,0,0,0,0,0,0,0,0,0,0,0,0,0,0,0,0,0,0,0,0,0,0,0,0,0,0,0,0,0,0,,,,,,,,,,,,,,,,,,,,,,,,,,,,,,,,,,,,,,,,,,,,,,,,,,,,,,,,,,,,,,,,,,,,,,,,,,,,,,,,,,,,,,,,,,,,,,,,,,,,,,,,,,,,,,,,,,,,,,,,,,,,
金属冶炼和压延加工业,山西省,4,,2,,,1,,1,,2,,,2,,,2,,,,,,,,,,,,,,,,1,,,1,,,,,,,,82517741100,20629435275,72859308959,1070492085,4293970028,235943817.5,58985954.37,425448028.2,-297538070.1,54016929.66,18245,4561.25,15141,317,1393.5,114464505570.29,28616126392.5725,97654301402,327902026.7,8241151071,41.56,58.47,7.61,50.08,3532683083,1177561027.62333,3397859892,17199089.4,117624101,9.5925,27.37,-3.77,7.385,455611805.5,113902951.4,556402569.2,-285705348.7,92457292.48,-40.21,111.59,-189.63,-41.4,-45.575,100.03,-201.82,-40.255,6.03,11.36,1.03,5.7,1.62,3.4,0.49,0.97,0.02,0.15,-0.09,0,0,0,0,0,0,0,0,0,0,3358,1119.33333333333,2731,53,574,-4.22,2.8,-15.8,0.34,9.52,40.92,-11.4,4.28,97684842.22,24421210.56,88342143.16,570518.29,4386090.385,563,140.75,293,21,124.5,4444,1111,4279,18,73.5,9,4.5,8,1,4.5,995,248.75,973,1,10.5,,,,,,,,,,,,,,,,,,,,,,,,,,,,,,,,,,,,,,,,,,,,,,,,,,,,,,,,,,,,,,,,,,,,,,,,,,,,,,,,,,,,,,,,,,,,,,,,,,,,,,,,,,,,,,,,,,,,,,,,,,,,
交通运输、仓储和邮政业,山西省,2,,1,,,1,,,,1,,,1,,1,,,,,,,,,,,,,,,,,,1,,,,,,,,,,215023487979.45,107511743989.725,2.02297E+11,12726457346,107511743989.725,13290694019,6645347010,12852989668,437704351.5,6645347010,93022,46511,92412,610,46511,77371135402,38685567701.085,75757633104,1613502298,38685567701.085,47.54,64.38,30.7,47.54,17717792,8858896,17202699,515093,8858896,-3.31,-2.86,-3.76,-3.31,17427583819,8713791910,16900515640,527068179.4,8713791910,1.41,10.02,-7.2,1.41,0.595,7.8,-6.61,0.595,132.98,132.98,132.98,132.98,0.03,0.04,0.02,0.03,0.09,0.09,0.09,0.09,0,0,0,0,0,0,0,0,0,0,0,0,0,0,0,0,0,0,-2.575,-2.04,-3.11,-2.575,189654836.5,94827418.26,188375650,1279186.52,94827418.26,1198,599,1127,71,599,58,29,46,12,29,0,0,0,0,0,6,6,6,6,6,,,,,,,,,,,,,,,,,,,,,,,,,,,,,,,,,,,,,,,,,,,,,,,,,,,,,,,,,,,,,,,,,,,,,,,,,,,,,,,,,,,,,,,,,,,,,,,,,,,,,,,,,,,,,,,,,,,,,,,,,,,,
消费电子及电气业,山西省,0,,,,,,,,,,,,,,,,,,,,,,,,,,,,,,,,,,,,,,,,,,0,0,0,0,0,0,0,0,0,0,0,0,0,0,0,0,0,0,0,0,0,0,0,0,0,0,0,0,0,0,0,0,0,0,0,0,0,0,0,0,0,0,0,0,0,0,0,0,0,0,0,0,0,0,0,0,0,0,0,0,0,0,0,0,0,0,0,0,0,0,0,0,0,0,0,0,0,0,0,0,0,0,0,0,0,0,0,0,0,0,0,0,0,0,0,0,0,0,0,0,0,0,0,0,0,,,,,,,,,,,,,,,,,,,,,,,,,,,,,,,,,,,,,,,,,,,,,,,,,,,,,,,,,,,,,,,,,,,,,,,,,,,,,,,,,,,,,,,,,,,,,,,,,,,,,,,,,,,,,,,,,,,,,,,,,,,,
房地产业,山西省,1,,,,,,,1,,,1,,,,,,,1,,,,,,,,,,,,,,,,,,,,,,,,,12690964278,12690964278,12690964278,12690964278,12690964278,50904757,50904757,50904757,50904757,50904757,236,236,236,236,236,1195888455,1195888455,1195888455,1195888455,1195888455,-86.16,-86.16,-86.16,-86.16,0,0,0,0,0,-23.79,-23.79,-23.79,-23.79,110609814,110609814,110609814,110609814,110609814,-61.34,-61.34,-61.34,-61.34,-55.11,-55.11,-55.11,-55.11,0,0,0,0,0,0,0,0,0,0,0,0,0,0,0,0,0,0,0,0,0,0,0,0,0,0,0,0,0,0,-19.17,-19.17,-19.17,-19.17,0,0,0,0,0,2.6,2.6,2.6,2.6,2.6,0,0,0,0,0,0,0,0,0,0,0,0,0,0,0,,,,,,,,,,,,,,,,,,,,,,,,,,,,,,,,,,,,,,,,,,,,,,,,,,,,,,,,,,,,,,,,,,,,,,,,,,,,,,,,,,,,,,,,,,,,,,,,,,,,,,,,,,,,,,,,,,,,,,,,,,,,
采矿业,山西省,8,,,,,6,,2,,2,2,,4,,2,,,2,,,,,,,,,,,,,,4,,,,,,,,,,,373879767239.85,46734970904.9812,95737789680,9309728895,36279044025.785,49353613927,6169201740.92625,15643971721,549149470.9,3853251376,139993,17499.125,38379,534,12507,196879002514.03,24609875314.2537,65183408560,2501774465,15118628398.715,44.15875,57.63,18.5,49.705,3206951944,534491990.7,1589779033,11245607.29,159865326.9,18.5825,47.56,-11.96,20.175,67459156529,8432394566.14625,20456859577,692402692.8,5542087331,57.64875,145.92,-27.14,59.215,76.18625,187.43,-30.4,80.425,-5.64,102.89,-70.64,-13.08,1.535,3.42,0.07,1.235,-0.223333333,0.52,-0.71,-0.215,1736436.64,1736436.64,1736436.64,1736436.64,1736436.64,0,0,0,0,10647,1774.5,4375,68,963.5,3.71666666666667,109.93,-79.16,-1.73,6.02625,32.35,-3.93,-0.485,637914308.8,91130615.5485714,178219815.7,16429840.25,83286697.7,1789,223.625,518,57,138,2276,379.333333333333,1036,102,303,11,11,11,11,11,208,34.6666666666667,110,3,25.5,,,,,,,,,,,,,,,,,,,,,,,,,,,,,,,,,,,,,,,,,,,,,,,,,,,,,,,,,,,,,,,,,,,,,,,,,,,,,,,,,,,,,,,,,,,,,,,,,,,,,,,,,,,,,,,,,,,,,,,,,,,,
非金属矿物制品业,山西省,1,,,,,1,,,,1,,,,,1,,,,,,,,,,,,,,,,,,,,,,,,,,,,4954435410,4954435410,4954435410,4954435410,4954435410,241531130.1,241531130.1,241531130.1,241531130.1,241531130.1,4298,4298,4298,4298,4298,4732209621,4732209621,4732209621,4732209621,4732209621,44.9,44.9,44.9,44.9,223024090.5,223024090.5,223024090.5,223024090.5,223024090.5,25.8,25.8,25.8,25.8,269048915.3,269048915.3,269048915.3,269048915.3,269048915.3,89.25,89.25,89.25,89.25,143.69,143.69,143.69,143.69,29.04,29.04,29.04,29.04,4.7,4.7,4.7,4.7,0.14,0.14,0.14,0.14,0,0,0,0,0,0,0,0,0,741,741,741,741,741,52.58,52.58,52.58,52.58,1.39,1.39,1.39,1.39,55873721.86,55873721.86,55873721.86,55873721.86,55873721.86,86,86,86,86,86,1912,1912,1912,1912,1912,48,48,48,48,48,201,201,201,201,201,,,,,,,,,,,,,,,,,,,,,,,,,,,,,,,,,,,,,,,,,,,,,,,,,,,,,,,,,,,,,,,,,,,,,,,,,,,,,,,,,,,,,,,,,,,,,,,,,,,,,,,,,,,,,,,,,,,,,,,,,,,,
通用设备制造业,山西省,0,,,,,,,,,,,,,,,,,,,,,,,,,,,,,,,,,,,,,,,,,,0,0,0,0,0,0,0,0,0,0,0,0,0,0,0,0,0,0,0,0,0,0,0,0,0,0,0,0,0,0,0,0,0,0,0,0,0,0,0,0,0,0,0,0,0,0,0,0,0,0,0,0,0,0,0,0,0,0,0,0,0,0,0,0,0,0,0,0,0,0,0,0,0,0,0,0,0,0,0,0,0,0,0,0,0,0,0,0,0,0,0,0,0,0,0,0,0,0,0,0,0,0,0,0,0,,,,,,,,,,,,,,,,,,,,,,,,,,,,,,,,,,,,,,,,,,,,,,,,,,,,,,,,,,,,,,,,,,,,,,,,,,,,,,,,,,,,,,,,,,,,,,,,,,,,,,,,,,,,,,,,,,,,,,,,,,,,
半导体业,山西省,0,,,,,,,,,,,,,,,,,,,,,,,,,,,,,,,,,,,,,,,,,,0,0,0,0,0,0,0,0,0,0,0,0,0,0,0,0,0,0,0,0,0,0,0,0,0,0,0,0,0,0,0,0,0,0,0,0,0,0,0,0,0,0,0,0,0,0,0,0,0,0,0,0,0,0,0,0,0,0,0,0,0,0,0,0,0,0,0,0,0,0,0,0,0,0,0,0,0,0,0,0,0,0,0,0,0,0,0,0,0,0,0,0,0,0,0,0,0,0,0,0,0,0,0,0,0,,,,,,,,,,,,,,,,,,,,,,,,,,,,,,,,,,,,,,,,,,,,,,,,,,,,,,,,,,,,,,,,,,,,,,,,,,,,,,,,,,,,,,,,,,,,,,,,,,,,,,,,,,,,,,,,,,,,,,,,,,,,
建筑业,山西省,1,,,,,,,1,,,,,1,,,,,,,,,,,,,,,,,,,,,,1,,,,,,,,847426249.2,847426249.2,847426249.2,847426249.2,847426249.2,-19613551.89,-19613551.89,-19613551.89,-19613551.89,-19613551.89,80,80,80,80,80,119469966.5,119469966.5,119469966.5,119469966.5,119469966.5,27.14,27.14,27.14,27.14,4144756.77,4144756.77,4144756.77,4144756.77,4144756.77,-79.73,-79.73,-79.73,-79.73,-16555729.7,-16555729.7,-16555729.7,-16555729.7,-16555729.7,-182.22,-182.22,-182.22,-182.22,-254.62,-254.62,-254.62,-254.62,42.1,42.1,42.1,42.1,3.41,3.41,3.41,3.41,2.9,2.9,2.9,2.9,0,0,0,0,0,0,0,0,0,14,14,14,14,14,-48.14,-48.14,-48.14,-48.14,-58.59,-58.59,-58.59,-58.59,1915368.97,1915368.97,1915368.97,1915368.97,1915368.97,16,16,16,16,16,13,13,13,13,13,0,0,0,0,0,0,0,0,0,0,,,,,,,,,,,,,,,,,,,,,,,,,,,,,,,,,,,,,,,,,,,,,,,,,,,,,,,,,,,,,,,,,,,,,,,,,,,,,,,,,,,,,,,,,,,,,,,,,,,,,,,,,,,,,,,,,,,,,,,,,,,,
铁路、船舶、航空航天和其他运输设备制造业,山西省,1,,1,,,,,,,,,,1,,,,,,,,,,,,,,,,,,,,1,,,,,,,,,,3947225912,3947225912,3947225912,3947225912,3947225912,10518569.28,10518569.28,10518569.28,10518569.28,10518569.28,1281,1281,1281,1281,1281,1245268499,1245268499,1245268499,1245268499,1245268499,17.9,17.9,17.9,17.9,82486165.09,82486165.09,82486165.09,82486165.09,82486165.09,3.12,3.12,3.12,3.12,10821926.54,10821926.54,10821926.54,10821926.54,10821926.54,1272.62,1272.62,1272.62,1272.62,-2.69,-2.69,-2.69,-2.69,6.78,6.78,6.78,6.78,6.61,6.61,6.61,6.61,0.28,0.28,0.28,0.28,0,0,0,0,0,0,0,0,0,100,100,100,100,100,1.82,1.82,1.82,1.82,1.09,1.09,1.09,1.09,21037424.9,21037424.9,21037424.9,21037424.9,21037424.9,53,53,53,53,53,207,207,207,207,207,0,0,0,0,0,18,18,18,18,18,,,,,,,,,,,,,,,,,,,,,,,,,,,,,,,,,,,,,,,,,,,,,,,,,,,,,,,,,,,,,,,,,,,,,,,,,,,,,,,,,,,,,,,,,,,,,,,,,,,,,,,,,,,,,,,,,,,,,,,,,,,,
水利、环境和公共设施管理业,山西省,0,,,,,,,,,,,,,,,,,,,,,,,,,,,,,,,,,,,,,,,,,,0,0,0,0,0,0,0,0,0,0,0,0,0,0,0,0,0,0,0,0,0,0,0,0,0,0,0,0,0,0,0,0,0,0,0,0,0,0,0,0,0,0,0,0,0,0,0,0,0,0,0,0,0,0,0,0,0,0,0,0,0,0,0,0,0,0,0,0,0,0,0,0,0,0,0,0,0,0,0,0,0,0,0,0,0,0,0,0,0,0,0,0,0,0,0,0,0,0,0,0,0,0,0,0,0,,,,,,,,,,,,,,,,,,,,,,,,,,,,,,,,,,,,,,,,,,,,,,,,,,,,,,,,,,,,,,,,,,,,,,,,,,,,,,,,,,,,,,,,,,,,,,,,,,,,,,,,,,,,,,,,,,,,,,,,,,,,
科学研究和技术服务业,山西省,0,,,,,,,,,,,,,,,,,,,,,,,,,,,,,,,,,,,,,,,,,,0,0,0,0,0,0,0,0,0,0,0,0,0,0,0,0,0,0,0,0,0,0,0,0,0,0,0,0,0,0,0,0,0,0,0,0,0,0,0,0,0,0,0,0,0,0,0,0,0,0,0,0,0,0,0,0,0,0,0,0,0,0,0,0,0,0,0,0,0,0,0,0,0,0,0,0,0,0,0,0,0,0,0,0,0,0,0,0,0,0,0,0,0,0,0,0,0,0,0,0,0,0,0,0,0,,,,,,,,,,,,,,,,,,,,,,,,,,,,,,,,,,,,,,,,,,,,,,,,,,,,,,,,,,,,,,,,,,,,,,,,,,,,,,,,,,,,,,,,,,,,,,,,,,,,,,,,,,,,,,,,,,,,,,,,,,,,
纺织鞋服业,山西省,0,,,,,,,,,,,,,,,,,,,,,,,,,,,,,,,,,,,,,,,,,,0,0,0,0,0,0,0,0,0,0,0,0,0,0,0,0,0,0,0,0,0,0,0,0,0,0,0,0,0,0,0,0,0,0,0,0,0,0,0,0,0,0,0,0,0,0,0,0,0,0,0,0,0,0,0,0,0,0,0,0,0,0,0,0,0,0,0,0,0,0,0,0,0,0,0,0,0,0,0,0,0,0,0,0,0,0,0,0,0,0,0,0,0,0,0,0,0,0,0,0,0,0,0,0,0,,,,,,,,,,,,,,,,,,,,,,,,,,,,,,,,,,,,,,,,,,,,,,,,,,,,,,,,,,,,,,,,,,,,,,,,,,,,,,,,,,,,,,,,,,,,,,,,,,,,,,,,,,,,,,,,,,,,,,,,,,,,
通信传输设备业,山西省,1,,,,,1,,,,,1,,,,,,,,,,,,,1,,,,,,,,,,,,,,,,,,,150643811,150643811,150643811,150643811,150643811,12418763,12418763,12418763,12418763,12418763,351,351,351,351,351,15535954,15535954,15535954,15535954,15535954,169,169,169,169,1886646,1886646,1886646,1886646,1886646,-15.63,-15.63,-15.63,-15.63,20711183,20711183,20711183,20711183,20711183,168.63,168.63,168.63,168.63,132.66,132.66,132.66,132.66,152.57,152.57,152.57,152.57,12.16,12.16,12.16,12.16,8.13,8.13,8.13,8.13,0,0,0,0,0,0,0,0,0,0,0,0,0,0,0,0,0,0,-7.18,-7.18,-7.18,-7.18,2250443,2250443,2250443,2250443,2250443,0.61,0.61,0.61,0.61,0.61,25,25,25,25,25,0,0,0,0,0,4,4,4,4,4,,,,,,,,,,,,,,,,,,,,,,,,,,,,,,,,,,,,,,,,,,,,,,,,,,,,,,,,,,,,,,,,,,,,,,,,,,,,,,,,,,,,,,,,,,,,,,,,,,,,,,,,,,,,,,,,,,,,,,,,,,,,
金属制品业,山西省,1,,,,,,,1,,,,,1,,,,,,,,,,,,,,,,,,,,,,1,,,,,,,,5099888927,5099888927,5099888927,5099888927,5099888927,199438548.3,199438548.3,199438548.3,199438548.3,199438548.3,5620,5620,5620,5620,5620,3225784805,3225784805,3225784805,3225784805,3225784805,50.26,50.26,50.26,50.26,103642612.3,103642612.3,103642612.3,103642612.3,103642612.3,-1.77,-1.77,-1.77,-1.77,234601022.9,234601022.9,234601022.9,234601022.9,234601022.9,-33.64,-33.64,-33.64,-33.64,-35.46,-35.46,-35.46,-35.46,5.42,5.42,5.42,5.42,3.27,3.27,3.27,3.27,0.23,0.23,0.23,0.23,0,0,0,0,0,0,0,0,0,403,403,403,403,403,-14.3,-14.3,-14.3,-14.3,1.95,1.95,1.95,1.95,37074042,37074042,37074042,37074042,37074042,51,51,51,51,51,172,172,172,172,172,0,0,0,0,0,6,6,6,6,6,,,,,,,,,,,,,,,,,,,,,,,,,,,,,,,,,,,,,,,,,,,,,,,,,,,,,,,,,,,,,,,,,,,,,,,,,,,,,,,,,,,,,,,,,,,,,,,,,,,,,,,,,,,,,,,,,,,,,,,,,,,,
文化、体育和娱乐业,山西省,0,,,,,,,,,,,,,,,,,,,,,,,,,,,,,,,,,,,,,,,,,,0,0,0,0,0,0,0,0,0,0,0,0,0,0,0,0,0,0,0,0,0,0,0,0,0,0,0,0,0,0,0,0,0,0,0,0,0,0,0,0,0,0,0,0,0,0,0,0,0,0,0,0,0,0,0,0,0,0,0,0,0,0,0,0,0,0,0,0,0,0,0,0,0,0,0,0,0,0,0,0,0,0,0,0,0,0,0,0,0,0,0,0,0,0,0,0,0,0,0,0,,,,,,,,,,,,,,,,,,,,,,,,,,,,,,,,,,,,,,,,,,,,,,,,,,,,,,,,,,,,,,,,,,,,,,,,,,,,,,,,,,,,,,,,,,,,,,,,,,,,,,,,,,,,,,,,,,,,,,,,,,,,,,,,,
橡胶和塑料制品业,山西省,0,,,,,,,,,,,,,,,,,,,,,,,,,,,,,,,,,,,,,,,,,,0,0,0,0,0,0,0,0,0,0,0,0,0,0,0,0,0,0,0,0,0,0,0,0,0,0,0,0,0,0,0,0,0,0,0,0,0,0,0,0,0,0,0,0,0,0,0,0,0,0,0,0,0,0,0,0,0,0,0,0,0,0,0,0,0,0,0,0,0,0,0,0,0,0,0,0,0,0,0,0,0,0,0,0,0,0,0,0,0,0,0,0,0,0,0,0,0,0,0,0,0,0,0,0,0,,,,,,,,,,,,,,,,,,,,,,,,,,,,,,,,,,,,,,,,,,,,,,,,,,,,,,,,,,,,,,,,,,,,,,,,,,,,,,,,,,,,,,,,,,,,,,,,,,,,,,,,,,,,,,,,,,,,,,,,,,,,
租赁和商务服务业,山西省,1,,,,,,,1,,,,,1,,,,,,,,,,,,,,,,,,,,,,1,,,,,,,,701390837.4,701390837.4,701390837.4,701390837.4,701390837.4,43583376.4,43583376.4,43583376.4,43583376.4,43583376.4,388,388,388,388,388,588598202.3,588598202.3,588598202.3,588598202.3,588598202.3,16.02,16.02,16.02,16.02,541801.13,541801.13,541801.13,541801.13,541801.13,26.4,26.4,26.4,26.4,38990027.98,38990027.98,38990027.98,38990027.98,38990027.98,-5.84,-5.84,-5.84,-5.84,22.35,22.35,22.35,22.35,0,0,0,0,0.03,0.03,0.03,0.03,0,0,0,0,370256.98,370256.98,370256.98,370256.98,370256.98,0,0,0,0,5,5,5,5,5,0,0,0,0,-9.99,-9.99,-9.99,-9.99,2757606.13,2757606.13,2757606.13,2757606.13,2757606.13,15,15,15,15,15,76,76,76,76,76,0,0,0,0,0,2,2,2,2,2,,,,,,,,,,,,,,,,,,,,,,,,,,,,,,,,,,,,,,,,,,,,,,,,,,,,,,,,,,,,,,,,,,,,,,,,,,,,,,,,,,,,,,,,,,,,,,,,,,,,,,,,,,,,,,,,,,,,,,,,,,,,
农、林、牧、渔业,山西省,0,,,,,,,,,,,,,,,,,,,,,,,,,,,,,,,,,,,,,,,,,,0,0,0,0,0,0,0,0,0,0,0,0,0,0,0,0,0,0,0,0,0,0,0,0,0,0,0,0,0,0,0,0,0,0,0,0,0,0,0,0,0,0,0,0,0,0,0,0,0,0,0,0,0,0,0,0,0,0,0,0,0,0,0,0,0,0,0,0,0,0,0,0,0,0,0,0,0,0,0,0,0,0,0,0,0,0,0,0,0,0,0,0,0,0,0,0,0,0,0,0,,,,,,,,,,,,,,,,,,,,,,,,,,,,,,,,,,,,,,,,,,,,,,,,,,,,,,,,,,,,,,,,,,,,,,,,,,,,,,,,,,,,,,,,,,,,,,,,,,,,,,,,,,,,,,,,,,,,,,,,,,,,,,,,,
仪器仪表制造业,山西省,0,,,,,,,,,,,,,,,,,,,,,,,,,,,,,,,,,,,,,,,,,,0,0,0,0,0,0,0,0,0,0,0,0,0,0,0,0,0,0,0,0,0,0,0,0,0,0,0,0,0,0,0,0,0,0,0,0,0,0,0,0,0,0,0,0,0,0,0,0,0,0,0,0,0,0,0,0,0,0,0,0,0,0,0,0,0,0,0,0,0,0,0,0,0,0,0,0,0,0,0,0,0,0,0,0,0,0,0,0,0,0,0,0,0,0,0,0,0,0,0,0,,,,,,,,,,,,,,,,,,,,,,,,,,,,,,,,,,,,,,,,,,,,,,,,,,,,,,,,,,,,,,,,,,,,,,,,,,,,,,,,,,,,,,,,,,,,,,,,,,,,,,,,,,,,,,,,,,,,,,,,,,,,,,,,,
造纸和纸制品业,山西省,0,,,,,,,,,,,,,,,,,,,,,,,,,,,,,,,,,,,,,,,,,,0,0,0,0,0,0,0,0,0,0,0,0,0,0,0,0,0,0,0,0,0,0,0,0,0,0,0,0,0,0,0,0,0,0,0,0,0,0,0,0,0,0,0,0,0,0,0,0,0,0,0,0,0,0,0,0,0,0,0,0,0,0,0,0,0,0,0,0,0,0,0,0,0,0,0,0,0,0,0,0,0,0,0,0,0,0,0,0,0,0,0,0,0,0,0,0,0,0,0,0,,,,,,,,,,,,,,,,,,,,,,,,,,,,,,,,,,,,,,,,,,,,,,,,,,,,,,,,,,,,,,,,,,,,,,,,,,,,,,,,,,,,,,,,,,,,,,,,,,,,,,,,,,,,,,,,,,,,,,,,,,,,,,,,,
其他制造业,山西省,0,,,,,,,,,,,,,,,,,,,,,,,,,,,,,,,,,,,,,,,,,,0,0,0,0,0,0,0,0,0,0,0,0,0,0,0,0,0,0,0,0,0,0,0,0,0,0,0,0,0,0,0,0,0,0,0,0,0,0,0,0,0,0,0,0,0,0,0,0,0,0,0,0,0,0,0,0,0,0,0,0,0,0,0,0,0,0,0,0,0,0,0,0,0,0,0,0,0,0,0,0,0,0,0,0,0,0,0,0,0,0,0,0,0,0,0,0,0,0,0,0,0,0,0,0,0,,,,,,,,,,,,,,,,,,,,,,,,,,,,,,,,,,,,,,,,,,,,,,,,,,,,,,,,,,,,,,,,,,,,,,,,,,,,,,,,,,,,,,,,,,,,,,,,,,,,,,,,,,,,,,,,,,,,,,,,,,,,
教育,山西省,0,,,,,,,,,,,,,,,,,,,,,,,,,,,,,,,,,,,,,,,,,,0,0,0,0,0,0,0,0,0,0,0,0,0,0,0,0,0,0,0,0,0,0,0,0,0,0,0,0,0,0,0,0,0,0,0,0,0,0,0,0,0,0,0,0,0,0,0,0,0,0,0,0,0,0,0,0,0,0,0,0,0,0,0,0,0,0,0,0,0,0,0,0,0,0,0,0,0,0,0,0,0,0,0,0,0,0,0,0,0,0,0,0,0,0,0,0,0,0,0,0,0,0,0,0,0,,,,,,,,,,,,,,,,,,,,,,,,,,,,,,,,,,,,,,,,,,,,,,,,,,,,,,,,,,,,,,,,,,,,,,,,,,,,,,,,,,,,,,,,,,,,,,,,,,,,,,,,,,,,,,,,,,,,,,,,,,,,
综合,山西省,0,,,,,,,,,,,,,,,,,,,,,,,,,,,,,,,,,,,,,,,,,,0,0,0,0,0,0,0,0,0,0,0,0,0,0,0,0,0,0,0,0,0,0,0,0,0,0,0,0,0,0,0,0,0,0,0,0,0,0,0,0,0,0,0,0,0,0,0,0,0,0,0,0,0,0,0,0,0,0,0,0,0,0,0,0,0,0,0,0,0,0,0,0,0,0,0,0,0,0,0,0,0,0,0,0,0,0,0,0,0,0,0,0,0,0,0,0,0,0,0,0,0,0,0,0,0,,,,,,,,,,,,,,,,,,,,,,,,,,,,,,,,,,,,,,,,,,,,,,,,,,,,,,,,,,,,,,,,,,,,,,,,,,,,,,,,,,,,,,,,,,,,,,,,,,,,,,,,,,,,,,,,,,,,,,,,,,,,
废弃资源综合利用业,山西省,0,,,,,,,,,,,,,,,,,,,,,,,,,,,,,,,,,,,,,,,,,,0,0,0,0,0,0,0,0,0,0,0,0,0,0,0,0,0,0,0,0,0,0,0,0,0,0,0,0,0,0,0,0,0,0,0,0,0,0,0,0,0,0,0,0,0,0,0,0,0,0,0,0,0,0,0,0,0,0,0,0,0,0,0,0,0,0,0,0,0,0,0,0,0,0,0,0,0,0,0,0,0,0,0,0,0,0,0,0,0,0,0,0,0,0,0,0,0,0,0,0,,,,,,,,,,,,,,,,,,,,,,,,,,,,,,,,,,,,,,,,,,,,,,,,,,,,,,,,,,,,,,,,,,,,,,,,,,,,,,,,,,,,,,,,,,,,,,,,,,,,,,,,,,,,,,,,,,,,,,,,,,,,,,,,,
印刷和记录媒介复制业,山西省,0,,,,,,,,,,,,,,,,,,,,,,,,,,,,,,,,,,,,,,,,,,0,0,0,0,0,0,0,0,0,0,0,0,0,0,0,0,0,0,0,0,0,0,0,0,0,0,0,0,0,0,0,0,0,0,0,0,0,0,0,0,0,0,0,0,0,0,0,0,0,0,0,0,0,0,0,0,0,0,0,0,0,0,0,0,0,0,0,0,0,0,0,0,0,0,0,0,0,0,0,0,0,0,0,0,0,0,0,0,0,0,0,0,0,0,0,0,0,0,0,0,,,,,,,,,,,,,,,,,,,,,,,,,,,,,,,,,,,,,,,,,,,,,,,,,,,,,,,,,,,,,,,,,,,,,,,,,,,,,,,,,,,,,,,,,,,,,,,,,,,,,,,,,,,,,,,,,,,,,,,,,,,,,,,,,
卫生和社会工作,山西省,0,,,,,,,,,,,,,,,,,,,,,,,,,,,,,,,,,,,,,,,,,,0,0,0,0,0,0,0,0,0,0,0,0,0,0,0,0,0,0,0,0,0,0,0,0,0,0,0,0,0,0,0,0,0,0,0,0,0,0,0,0,0,0,0,0,0,0,0,0,0,0,0,0,0,0,0,0,0,0,0,0,0,0,0,0,0,0,0,0,0,0,0,0,0,0,0,0,0,0,0,0,0,0,0,0,0,0,0,0,0,0,0,0,0,0,0,0,0,0,0,0,,,,,,,,,,,,,,,,,,,,,,,,,,,,,,,,,,,,,,,,,,,,,,,,,,,,,,,,,,,,,,,,,,,,,,,,,,,,,,,,,,,,,,,,,,,,,,,,,,,,,,,,,,,,,,,,,,,,,,,,,,,,,,,,,
文教、工美、体育和娱乐用品制造业,山西省,0,,,,,,,,,,,,,,,,,,,,,,,,,,,,,,,,,,,,,,,,,,0,0,0,0,0,0,0,0,0,0,0,0,0,0,0,0,0,0,0,0,0,0,0,0,0,0,0,0,0,0,0,0,0,0,0,0,0,0,0,0,0,0,0,0,0,0,0,0,0,0,0,0,0,0,0,0,0,0,0,0,0,0,0,0,0,0,0,0,0,0,0,0,0,0,0,0,0,0,0,0,0,0,0,0,0,0,0,0,0,0,0,0,0,0,0,0,0,0,0,0,,,,,,,,,,,,,,,,,,,,,,,,,,,,,,,,,,,,,,,,,,,,,,,,,,,,,,,,,,,,,,,,,,,,,,,,,,,,,,,,,,,,,,,,,,,,,,,,,,,,,,,,,,,,,,,,,,,,,,,,,,,,,,,,,
石油加工、炼焦和核燃料加工业,山西省,2,,,,,1,,1,,1,,,1,1,,,,,,,,,,,,,,,,,,1,,,,,,,,,,,60021657941,30010828971,36564635405,23457022536,30010828971,4802405866,2401202933,2573242871,2229162994,2401202933,11661,5830.5,5987,5674,5830.5,36674594723,18337297362,24600054778,12074539945,18337297362,46.1,54.71,37.49,46.1,204052534.6,102026267.3,112058591.1,91993943.5,102026267.3,11.555,15.53,7.58,11.555,5514014783,2757007391,2936832845,2577181938,2757007391,61.21,151.17,-28.75,61.21,56.375,141.4,-28.65,56.375,-17.905,22.15,-57.96,-17.905,0.575,0.75,0.4,0.575,-0.38,0,-0.76,-0.38,0,0,0,0,0,0,0,0,0,569,284.5,368,201,284.5,33.13,33.5,32.76,33.13,14.24,35.79,-7.31,14.24,46375728.34,23187864.17,33636658.89,12739069.45,23187864.17,455,227.5,323,132,227.5,152,76,81,71,76,0,0,0,0,0,,,,,,,,,,,,,,,,,,,,,,,,,,,,,,,,,,,,,,,,,,,,,,,,,,,,,,,,,,,,,,,,,,,,,,,,,,,,,,,,,,,,,,,,,,,,,,,,,,,,,,,,,,,,,,,,,,,,,,,,,,,,,,,,,
化学纤维制造业,山西省,0,,,,,,,,,,,,,,,,,,,,,,,,,,,,,,,,,,,,,,,,,,0,0,0,0,0,0,0,0,0,0,0,0,0,0,0,0,0,0,0,0,0,0,0,0,0,0,0,0,0,0,0,0,0,0,0,0,0,0,0,0,0,0,0,0,0,0,0,0,0,0,0,0,0,0,0,0,0,0,0,0,0,0,0,0,0,0,0,0,0,0,0,0,0,0,0,0,0,0,0,0,0,0,0,0,0,0,0,0,0,0,0,0,0,0,0,0,0,0,0,0,,,,,,,,,,,,,,,,,,,,,,,,,,,,,,,,,,,,,,,,,,,,,,,,,,,,,,,,,,,,,,,,,,,,,,,,,,,,,,,,,,,,,,,,,,,,,,,,,,,,,,,,,,,,,,,,,,,,,,,,,,,,,,,,,
家具制造业,山西省,0,,,,,,,,,,,,,,,,,,,,,,,,,,,,,,,,,,,,,,,,,,0,0,0,0,0,0,0,0,0,0,0,0,0,0,0,0,0,0,0,0,0,0,0,0,0,0,0,0,0,0,0,0,0,0,0,0,0,0,0,0,0,0,0,0,0,0,0,0,0,0,0,0,0,0,0,0,0,0,0,0,0,0,0,0,0,0,0,0,0,0,0,0,0,0,0,0,0,0,0,0,0,0,0,0,0,0,0,0,0,0,0,0,0,0,0,0,0,0,0,0,,,,,,,,,,,,,,,,,,,,,,,,,,,,,,,,,,,,,,,,,,,,,,,,,,,,,,,,,,,,,,,,,,,,,,,,,,,,,,,,,,,,,,,,,,,,,,,,,,,,,,,,,,,,,,,,,,,,,,,,,,,,,,,,,
住宿和餐饮业,山西省,0,,,,,,,,,,,,,,,,,,,,,,,,,,,,,,,,,,,,,,,,,,0,0,0,0,0,0,0,0,0,0,0,0,0,0,0,0,0,0,0,0,0,0,0,0,0,0,0,0,0,0,0,0,0,0,0,0,0,0,0,0,0,0,0,0,0,0,0,0,0,0,0,0,0,0,0,0,0,0,0,0,0,0,0,0,0,0,0,0,0,0,0,0,0,0,0,0,0,0,0,0,0,0,0,0,0,0,0,0,0,0,0,0,0,0,0,0,0,0,0,0,,,,,,,,,,,,,,,,,,,,,,,,,,,,,,,,,,,,,,,,,,,,,,,,,,,,,,,,,,,,,,,,,,,,,,,,,,,,,,,,,,,,,,,,,,,,,,,,,,,,,,,,,,,,,,,,,,,,,,,,,,,,,,,,,
木材加工和木、竹、藤、棕、草制品业,山西省,0,,,,,,,,,,,,,,,,,,,,,,,,,,,,,,,,,,,,,,,,,,0,0,0,0,0,0,0,0,0,0,0,0,0,0,0,0,0,0,0,0,0,0,0,0,0,0,0,0,0,0,0,0,0,0,0,0,0,0,0,0,0,0,0,0,0,0,0,0,0,0,0,0,0,0,0,0,0,0,0,0,0,0,0,0,0,0,0,0,0,0,0,0,0,0,0,0,0,0,0,0,0,0,0,0,0,0,0,0,0,0,0,0,0,0,0,0,0,0,0,0,,,,,,,,,,,,,,,,,,,,,,,,,,,,,,,,,,,,,,,,,,,,,,,,,,,,,,,,,,,,,,,,,,,,,,,,,,,,,,,,,,,,,,,,,,,,,,,,,,,,,,,,,,,,,,,,,,,,,,,,,,,,,,,,,
居民服务、修理和其他服务业,山西省,0,,,,,,,,,,,,,,,,,,,,,,,,,,,,,,,,,,,,,,,,,,0,0,0,0,0,0,0,0,0,0,0,0,0,0,0,0,0,0,0,0,0,0,0,0,0,0,0,0,0,0,0,0,0,0,0,0,0,0,0,0,0,0,0,0,0,0,0,0,0,0,0,0,0,0,0,0,0,0,0,0,0,0,0,0,0,0,0,0,0,0,0,0,0,0,0,0,0,0,0,0,0,0,0,0,0,0,0,0,0,0,0,0,0,0,0,0,0,0,0,0,,,,,,,,,,,,,,,,,,,,,,,,,,,,,,,,,,,,,,,,,,,,,,,,,,,,,,,,,,,,,,,,,,,,,,,,,,,,,,,,,,,,,,,,,,,,,,,,,,,,,,,,,,,,,,,,,,,,,,,,,,,,,,,,,
医药制造业,福建省,8,,,,,2,1,5,,4,2,,2,2,1,,1,2,,,,,,,,,,,,,,1,,,1,,,,,,,,,,,,,,,,,,,,,,,,,,,,,,,,,,,,,,,,,,,,,,,,,,,,,,,,,,,,,,,,,,,,,,,,,,,,,,,,,,,,,,,,,,,,,,,,,,,,,,,,,,,,,,,,,,,,,,,,,,,,,,,,,,,,,,,,,,,,,,,,,,,,,,,,,,,,,,,,,,,,,,,,,,,,,,,,,,,,,,,,,,,,,,,,,,,,,,,,,,,,,,,,,,,,,,,,,,,,,,,,,,,,,,,,,,,,
化学原料和化学制品制造业,福建省,5,,,,,,,5,,3,,,2,3,,,,,,,,,,,,,,,,,,,,,2,,,,,,,,,,,,,,,,,,,,,,,,,,,,,,,,,,,,,,,,,,,,,,,,,,,,,,,,,,,,,,,,,,,,,,,,,,,,,,,,,,,,,,,,,,,,,,,,,,,,,,,,,,,,,,,,,,,,,,,,,,,,,,,,,,,,,,,,,,,,,,,,,,,,,,,,,,,,,,,,,,,,,,,,,,,,,,,,,,,,,,,,,,,,,,,,,,,,,,,,,,,,,,,,,,,,,,,,,,,,,,,,,,,,,,,,,,,,
食品饮料业,福建省,15,,,,,1,2,12,,2,8,,5,2,,,,7,1,,,,,,,,,,,,,1,,1,3,,,,,,,,,,,,,,,,,,,,,,,,,,,,,,,,,,,,,,,,,,,,,,,,,,,,,,,,,,,,,,,,,,,,,,,,,,,,,,,,,,,,,,,,,,,,,,,,,,,,,,,,,,,,,,,,,,,,,,,,,,,,,,,,,,,,,,,,,,,,,,,,,,,,,,,,,,,,,,,,,,,,,,,,,,,,,,,,,,,,,,,,,,,,,,,,,,,,,,,,,,,,,,,,,,,,,,,,,,,,,,,,,,,,,,,,,,,,
专用设备制造业,福建省,8,,,,,2,,6,,3,1,,4,3,,,,1,,,,,,,,,,,,,,2,,,2,,,,,,,,,,,,,,,,,,,,,,,,,,,,,,,,,,,,,,,,,,,,,,,,,,,,,,,,,,,,,,,,,,,,,,,,,,,,,,,,,,,,,,,,,,,,,,,,,,,,,,,,,,,,,,,,,,,,,,,,,,,,,,,,,,,,,,,,,,,,,,,,,,,,,,,,,,,,,,,,,,,,,,,,,,,,,,,,,,,,,,,,,,,,,,,,,,,,,,,,,,,,,,,,,,,,,,,,,,,,,,,,,,,,,,,,,,,,
信息传输、软件和信息技术服务业,福建省,27,,1,,,,,26,,16,6,,5,15,,1,,6,,,,,,,,,,,,,,,,,5,,,,,,,,,,,,,,,,,,,,,,,,,,,,,,,,,,,,,,,,,,,,,,,,,,,,,,,,,,,,,,,,,,,,,,,,,,,,,,,,,,,,,,,,,,,,,,,,,,,,,,,,,,,,,,,,,,,,,,,,,,,,,,,,,,,,,,,,,,,,,,,,,,,,,,,,,,,,,,,,,,,,,,,,,,,,,,,,,,,,,,,,,,,,,,,,,,,,,,,,,,,,,,,,,,,,,,,,,,,,,,,,,,,,,,,,,,,,
电力、热力、燃气及水生产和供应业,福建省,4,,,,,4,,,,1,,,3,,1,,,,,,,,,,,,,,,,,3,,,,,,,,,,,,,,,,,,,,,,,,,,,,,,,,,,,,,,,,,,,,,,,,,,,,,,,,,,,,,,,,,,,,,,,,,,,,,,,,,,,,,,,,,,,,,,,,,,,,,,,,,,,,,,,,,,,,,,,,,,,,,,,,,,,,,,,,,,,,,,,,,,,,,,,,,,,,,,,,,,,,,,,,,,,,,,,,,,,,,,,,,,,,,,,,,,,,,,,,,,,,,,,,,,,,,,,,,,,,,,,,,,,,,,,,,,,,,,,
商业电气机械和器材制造业,福建省,10,,,,,2,2,6,,5,2,,3,3,1,,1,2,,,,,,,,,,,,,,1,,1,1,,,,,,,,,,,,,,,,,,,,,,,,,,,,,,,,,,,,,,,,,,,,,,,,,,,,,,,,,,,,,,,,,,,,,,,,,,,,,,,,,,,,,,,,,,,,,,,,,,,,,,,,,,,,,,,,,,,,,,,,,,,,,,,,,,,,,,,,,,,,,,,,,,,,,,,,,,,,,,,,,,,,,,,,,,,,,,,,,,,,,,,,,,,,,,,,,,,,,,,,,,,,,,,,,,,,,,,,,,,,,,,,,,,,,,,,,,,,
批发和零售业,福建省,12,,,,,5,,7,,6,1,,5,3,3,,,1,,,,,,,,,,,,,,2,,,3,,,,,,,,,,,,,,,,,,,,,,,,,,,,,,,,,,,,,,,,,,,,,,,,,,,,,,,,,,,,,,,,,,,,,,,,,,,,,,,,,,,,,,,,,,,,,,,,,,,,,,,,,,,,,,,,,,,,,,,,,,,,,,,,,,,,,,,,,,,,,,,,,,,,,,,,,,,,,,,,,,,,,,,,,,,,,,,,,,,,,,,,,,,,,,,,,,,,,,,,,,,,,,,,,,,,,,,,,,,,,,,,,,,,,,,,,,,,
金融业,福建省,8,,,,,3,,5,,1,4,,3,1,,,,4,,,,,,,,,,,,,,3,,,,,,,,,,,,,,,,,,,,,,,,,,,,,,,,,,,,,,,,,,,,,,,,,,,,,,,,,,,,,,,,,,,,,,,,,,,,,,,,,,,,,,,,,,,,,,,,,,,,,,,,,,,,,,,,,,,,,,,,,,,,,,,,,,,,,,,,,,,,,,,,,,,,,,,,,,,,,,,,,,,,,,,,,,,,,,,,,,,,,,,,,,,,,,,,,,,,,,,,,,,,,,,,,,,,,,,,,,,,,,,,,,,,,,,,,,,,,,,
汽车制造业,福建省,5,,,,,1,2,2,,1,1,,3,1,,,,,1,,,,,,,,,,,,,1,,1,1,,,,,,,,,,,,,,,,,,,,,,,,,,,,,,,,,,,,,,,,,,,,,,,,,,,,,,,,,,,,,,,,,,,,,,,,,,,,,,,,,,,,,,,,,,,,,,,,,,,,,,,,,,,,,,,,,,,,,,,,,,,,,,,,,,,,,,,,,,,,,,,,,,,,,,,,,,,,,,,,,,,,,,,,,,,,,,,,,,,,,,,,,,,,,,,,,,,,,,,,,,,,,,,,,,,,,,,,,,,,,,,,,,,,,,,,,,,,
金属冶炼和压延加工业,福建省,3,,,,,3,,,,2,,,1,,2,,,,,,,,,,,,,,,,,1,,,,,,,,,,,,,,,,,,,,,,,,,,,,,,,,,,,,,,,,,,,,,,,,,,,,,,,,,,,,,,,,,,,,,,,,,,,,,,,,,,,,,,,,,,,,,,,,,,,,,,,,,,,,,,,,,,,,,,,,,,,,,,,,,,,,,,,,,,,,,,,,,,,,,,,,,,,,,,,,,,,,,,,,,,,,,,,,,,,,,,,,,,,,,,,,,,,,,,,,,,,,,,,,,,,,,,,,,,,,,,,,,,,,,,,,,,,,,,,
交通运输、仓储和邮政业,福建省,8,,,,,4,1,3,,2,2,1,3,,2,,,1,1,,,,,,,,,,1,,,2,,,1,,,,,,,,,,,,,,,,,,,,,,,,,,,,,,,,,,,,,,,,,,,,,,,,,,,,,,,,,,,,,,,,,,,,,,,,,,,,,,,,,,,,,,,,,,,,,,,,,,,,,,,,,,,,,,,,,,,,,,,,,,,,,,,,,,,,,,,,,,,,,,,,,,,,,,,,,,,,,,,,,,,,,,,,,,,,,,,,,,,,,,,,,,,,,,,,,,,,,,,,,,,,,,,,,,,,,,,,,,,,,,,,,,,,,,,,,,,,
消费电子及电气业,福建省,17,,,,1,4,2,9,1,10,1,,6,5,2,,2,1,,,,1,,,,,,,,,,2,,,3,,,1,,,,,,,,,,,,,,,,,,,,,,,,,,,,,,,,,,,,,,,,,,,,,,,,,,,,,,,,,,,,,,,,,,,,,,,,,,,,,,,,,,,,,,,,,,,,,,,,,,,,,,,,,,,,,,,,,,,,,,,,,,,,,,,,,,,,,,,,,,,,,,,,,,,,,,,,,,,,,,,,,,,,,,,,,,,,,,,,,,,,,,,,,,,,,,,,,,,,,,,,,,,,,,,,,,,,,,,,,,,,,,,,,,,,,,,,,
房地产业,福建省,6,,,,,3,1,2,,3,2,,1,2,1,,,,,,,,,2,,,,,,,,,,1,,,,,,,,,,,,,,,,,,,,,,,,,,,,,,,,,,,,,,,,,,,,,,,,,,,,,,,,,,,,,,,,,,,,,,,,,,,,,,,,,,,,,,,,,,,,,,,,,,,,,,,,,,,,,,,,,,,,,,,,,,,,,,,,,,,,,,,,,,,,,,,,,,,,,,,,,,,,,,,,,,,,,,,,,,,,,,,,,,,,,,,,,,,,,,,,,,,,,,,,,,,,,,,,,,,,,,,,,,,,,,,,,,,,,,,,,,,,,
采矿业,福建省,4,,,,,3,,1,,,1,,3,,,,,,,,,,,1,,,,,,,,2,,,1,,,,,,,,,,,,,,,,,,,,,,,,,,,,,,,,,,,,,,,,,,,,,,,,,,,,,,,,,,,,,,,,,,,,,,,,,,,,,,,,,,,,,,,,,,,,,,,,,,,,,,,,,,,,,,,,,,,,,,,,,,,,,,,,,,,,,,,,,,,,,,,,,,,,,,,,,,,,,,,,,,,,,,,,,,,,,,,,,,,,,,,,,,,,,,,,,,,,,,,,,,,,,,,,,,,,,,,,,,,,,,,,,,,,,,,,,,,,
非金属矿物制品业,福建省,5,,,,,1,,4,,,1,,4,,,,,1,,,,,,,,,,,,,,1,,,3,,,,,,,,,,,,,,,,,,,,,,,,,,,,,,,,,,,,,,,,,,,,,,,,,,,,,,,,,,,,,,,,,,,,,,,,,,,,,,,,,,,,,,,,,,,,,,,,,,,,,,,,,,,,,,,,,,,,,,,,,,,,,,,,,,,,,,,,,,,,,,,,,,,,,,,,,,,,,,,,,,,,,,,,,,,,,,,,,,,,,,,,,,,,,,,,,,,,,,,,,,,,,,,,,,,,,,,,,,,,,,,,,,,,,,,,,,,,
通用设备制造业,福建省,5,,1,,,1,1,2,,4,,,1,2,,1,1,,,,,,,,,,,,,,,1,,,,,,,,,,,,,,,,,,,,,,,,,,,,,,,,,,,,,,,,,,,,,,,,,,,,,,,,,,,,,,,,,,,,,,,,,,,,,,,,,,,,,,,,,,,,,,,,,,,,,,,,,,,,,,,,,,,,,,,,,,,,,,,,,,,,,,,,,,,,,,,,,,,,,,,,,,,,,,,,,,,,,,,,,,,,,,,,,,,,,,,,,,,,,,,,,,,,,,,,,,,,,,,,,,,,,,,,,,,,,,,,,,,,,,,,,,,,,,,
半导体业,福建省,3,,,,,,,3,,2,,,1,2,,,,,,,,,,,,,,,,,,,,,1,,,,,,,,,,,,,,,,,,,,,,,,,,,,,,,,,,,,,,,,,,,,,,,,,,,,,,,,,,,,,,,,,,,,,,,,,,,,,,,,,,,,,,,,,,,,,,,,,,,,,,,,,,,,,,,,,,,,,,,,,,,,,,,,,,,,,,,,,,,,,,,,,,,,,,,,,,,,,,,,,,,,,,,,,,,,,,,,,,,,,,,,,,,,,,,,,,,,,,,,,,,,,,,,,,,,,,,,,,,,,,,,,,,,,,,,,,,,
建筑业,福建省,4,1,,,,,,3,,2,2,,,1,,,,2,,,,,,,1,,,,,,,,,,,,,,,,,,,,,,,,,,,,,,,,,,,,,,,,,,,,,,,,,,,,,,,,,,,,,,,,,,,,,,,,,,,,,,,,,,,,,,,,,,,,,,,,,,,,,,,,,,,,,,,,,,,,,,,,,,,,,,,,,,,,,,,,,,,,,,,,,,,,,,,,,,,,,,,,,,,,,,,,,,,,,,,,,,,,,,,,,,,,,,,,,,,,,,,,,,,,,,,,,,,,,,,,,,,,,,,,,,,,,,,,,,,,,,,,,,,,,,
铁路、船舶、航空航天和其他运输设备制造业,福建省,0,,,,,,,,,,,,,,,,,,,,,,,,,,,,,,,,,,,,,,,,,,,,,,,,,,,,,,,,,,,,,,,,,,,,,,,,,,,,,,,,,,,,,,,,,,,,,,,,,,,,,,,,,,,,,,,,,,,,,,,,,,,,,,,,,,,,,,,,,,,,,,,,,,,,,,,,,,,,,,,,,,,,,,,,,,,,,,,,,,,,,,,,,,,,,,,,,,,,,,,,,,,,,,,,,,,,,,,,,,,,,,,,,,,,,,,,,,,,,,,,,,,,,,,,,,,,,,,,,,,,,,,,,,,,,,
水利、环境和公共设施管理业,福建省,2,,,,,,,2,,2,,,,2,,,,,,,,,,,,,,,,,,,,,,,,,,,,,,,,,,,,,,,,,,,,,,,,,,,,,,,,,,,,,,,,,,,,,,,,,,,,,,,,,,,,,,,,,,,,,,,,,,,,,,,,,,,,,,,,,,,,,,,,,,,,,,,,,,,,,,,,,,,,,,,,,,,,,,,,,,,,,,,,,,,,,,,,,,,,,,,,,,,,,,,,,,,,,,,,,,,,,,,,,,,,,,,,,,,,,,,,,,,,,,,,,,,,,,,,,,,,,,,,,,,,,,,,,,,,,,,,,
科学研究和技术服务业,福建省,3,,,,,2,,1,,2,,,1,1,1,,,,,,,,,,,,,,,,,1,,,,,,,,,,,,,,,,,,,,,,,,,,,,,,,,,,,,,,,,,,,,,,,,,,,,,,,,,,,,,,,,,,,,,,,,,,,,,,,,,,,,,,,,,,,,,,,,,,,,,,,,,,,,,,,,,,,,,,,,,,,,,,,,,,,,,,,,,,,,,,,,,,,,,,,,,,,,,,,,,,,,,,,,,,,,,,,,,,,,,,,,,,,,,,,,,,,,,,,,,,,,,,,,,,,,,,,,,,,,,,,,,,,,,,,,,,,,,,,
纺织鞋服业,福建省,17,,1,,,,3,13,,5,9,,3,4,,,1,7,1,1,,,,,,,,,,,,,,1,2,,,,,,,,,,,,,,,,,,,,,,,,,,,,,,,,,,,,,,,,,,,,,,,,,,,,,,,,,,,,,,,,,,,,,,,,,,,,,,,,,,,,,,,,,,,,,,,,,,,,,,,,,,,,,,,,,,,,,,,,,,,,,,,,,,,,,,,,,,,,,,,,,,,,,,,,,,,,,,,,,,,,,,,,,,,,,,,,,,,,,,,,,,,,,,,,,,,,,,,,,,,,,,,,,,,,,,,,,,,,,,,,,,,,,,,,,,,,
通信传输设备业,福建省,3,,,,,2,,1,,3,,,,1,2,,,,,,,,,,,,,,,,,,,,,,,,,,,,,,,,,,,,,,,,,,,,,,,,,,,,,,,,,,,,,,,,,,,,,,,,,,,,,,,,,,,,,,,,,,,,,,,,,,,,,,,,,,,,,,,,,,,,,,,,,,,,,,,,,,,,,,,,,,,,,,,,,,,,,,,,,,,,,,,,,,,,,,,,,,,,,,,,,,,,,,,,,,,,,,,,,,,,,,,,,,,,,,,,,,,,,,,,,,,,,,,,,,,,,,,,,,,,,,,,,,,,,,,,,,,,,,,,
金属制品业,福建省,2,,,,,,1,1,,2,,,,1,,,1,,,,,,,,,,,,,,,,,,,,,,,,,,,,,,,,,,,,,,,,,,,,,,,,,,,,,,,,,,,,,,,,,,,,,,,,,,,,,,,,,,,,,,,,,,,,,,,,,,,,,,,,,,,,,,,,,,,,,,,,,,,,,,,,,,,,,,,,,,,,,,,,,,,,,,,,,,,,,,,,,,,,,,,,,,,,,,,,,,,,,,,,,,,,,,,,,,,,,,,,,,,,,,,,,,,,,,,,,,,,,,,,,,,,,,,,,,,,,,,,,,,,,,,,,,,,,,
文化、体育和娱乐业,福建省,1,,,,,,,1,,,1,,,,,,,1,,,,,,,,,,,,,,,,,,,,,,,,,,,,,,,,,,,,,,,,,,,,,,,,,,,,,,,,,,,,,,,,,,,,,,,,,,,,,,,,,,,,,,,,,,,,,,,,,,,,,,,,,,,,,,,,,,,,,,,,,,,,,,,,,,,,,,,,,,,,,,,,,,,,,,,,,,,,,,,,,,,,,,,,,,,,,,,,,,,,,,,,,,,,,,,,,,,,,,,,,,,,,,,,,,,,,,,,,,,,,,,,,,,,,,,,,,,,,,,,,,,,,,,,,,,,,
橡胶和塑料制品业,福建省,7,,,,,,2,5,,4,,,3,3,,,1,,,,,,,,,,,,,,,,,1,2,,,,,,,,,,,,,,,,,,,,,,,,,,,,,,,,,,,,,,,,,,,,,,,,,,,,,,,,,,,,,,,,,,,,,,,,,,,,,,,,,,,,,,,,,,,,,,,,,,,,,,,,,,,,,,,,,,,,,,,,,,,,,,,,,,,,,,,,,,,,,,,,,,,,,,,,,,,,,,,,,,,,,,,,,,,,,,,,,,,,,,,,,,,,,,,,,,,,,,,,,,,,,,,,,,,,,,,,,,,,,,,,,,,,,,,,,,,,
租赁和商务服务业,福建省,4,,,,,1,,3,,,3,,1,,,,,3,,,,,,,,,,,,,,1,,,,,,,,,,,,,,,,,,,,,,,,,,,,,,,,,,,,,,,,,,,,,,,,,,,,,,,,,,,,,,,,,,,,,,,,,,,,,,,,,,,,,,,,,,,,,,,,,,,,,,,,,,,,,,,,,,,,,,,,,,,,,,,,,,,,,,,,,,,,,,,,,,,,,,,,,,,,,,,,,,,,,,,,,,,,,,,,,,,,,,,,,,,,,,,,,,,,,,,,,,,,,,,,,,,,,,,,,,,,,,,,,,,,,,,,,,,,,,,
农、林、牧、渔业,福建省,4,,,,,1,,3,,4,,,,3,1,,,,,,,,,,,,,,,,,,,,,,,,,,,,,,,,,,,,,,,,,,,,,,,,,,,,,,,,,,,,,,,,,,,,,,,,,,,,,,,,,,,,,,,,,,,,,,,,,,,,,,,,,,,,,,,,,,,,,,,,,,,,,,,,,,,,,,,,,,,,,,,,,,,,,,,,,,,,,,,,,,,,,,,,,,,,,,,,,,,,,,,,,,,,,,,,,,,,,,,,,,,,,,,,,,,,,,,,,,,,,,,,,,,,,,,,,,,,,,,,,,,,,,,,,,,,,,,,
仪器仪表制造业,福建省,3,,,,,,,3,,1,1,,1,1,,,,1,,,,,,,,,,,,,,,,,1,,,,,,,,,,,,,,,,,,,,,,,,,,,,,,,,,,,,,,,,,,,,,,,,,,,,,,,,,,,,,,,,,,,,,,,,,,,,,,,,,,,,,,,,,,,,,,,,,,,,,,,,,,,,,,,,,,,,,,,,,,,,,,,,,,,,,,,,,,,,,,,,,,,,,,,,,,,,,,,,,,,,,,,,,,,,,,,,,,,,,,,,,,,,,,,,,,,,,,,,,,,,,,,,,,,,,,,,,,,,,,,,,,,,,,,,,,,,
造纸和纸制品业,福建省,3,,,,,1,,2,,1,1,,1,1,,,,1,,,,,,,,,,,,,,1,,,,,,,,,,,,,,,,,,,,,,,,,,,,,,,,,,,,,,,,,,,,,,,,,,,,,,,,,,,,,,,,,,,,,,,,,,,,,,,,,,,,,,,,,,,,,,,,,,,,,,,,,,,,,,,,,,,,,,,,,,,,,,,,,,,,,,,,,,,,,,,,,,,,,,,,,,,,,,,,,,,,,,,,,,,,,,,,,,,,,,,,,,,,,,,,,,,,,,,,,,,,,,,,,,,,,,,,,,,,,,,,,,,,,,,,,,,,,,,
其他制造业,福建省,4,,,,,,1,3,,2,1,,1,2,,,,1,,,,,,,,,,,,,,,,1,,,,,,,,,,,,,,,,,,,,,,,,,,,,,,,,,,,,,,,,,,,,,,,,,,,,,,,,,,,,,,,,,,,,,,,,,,,,,,,,,,,,,,,,,,,,,,,,,,,,,,,,,,,,,,,,,,,,,,,,,,,,,,,,,,,,,,,,,,,,,,,,,,,,,,,,,,,,,,,,,,,,,,,,,,,,,,,,,,,,,,,,,,,,,,,,,,,,,,,,,,,,,,,,,,,,,,,,,,,,,,,,,,,,,,,,,,,,,
教育,福建省,1,,,,,,,1,,1,,,,1,,,,,,,,,,,,,,,,,,,,,,,,,,,,,,,,,,,,,,,,,,,,,,,,,,,,,,,,,,,,,,,,,,,,,,,,,,,,,,,,,,,,,,,,,,,,,,,,,,,,,,,,,,,,,,,,,,,,,,,,,,,,,,,,,,,,,,,,,,,,,,,,,,,,,,,,,,,,,,,,,,,,,,,,,,,,,,,,,,,,,,,,,,,,,,,,,,,,,,,,,,,,,,,,,,,,,,,,,,,,,,,,,,,,,,,,,,,,,,,,,,,,,,,,,,,,,,,,,
综合,福建省,0,,,,,,,,,,,,,,,,,,,,,,,,,,,,,,,,,,,,,,,,,,,,,,,,,,,,,,,,,,,,,,,,,,,,,,,,,,,,,,,,,,,,,,,,,,,,,,,,,,,,,,,,,,,,,,,,,,,,,,,,,,,,,,,,,,,,,,,,,,,,,,,,,,,,,,,,,,,,,,,,,,,,,,,,,,,,,,,,,,,,,,,,,,,,,,,,,,,,,,,,,,,,,,,,,,,,,,,,,,,,,,,,,,,,,,,,,,,,,,,,,,,,,,,,,,,,,,,,,,,,,,,,,,,,,,
废弃资源综合利用业,福建省,1,,,,,,,1,,,,,1,,,,,,,,,,,,,,,,,,,,,,1,,,,,,,,,,,,,,,,,,,,,,,,,,,,,,,,,,,,,,,,,,,,,,,,,,,,,,,,,,,,,,,,,,,,,,,,,,,,,,,,,,,,,,,,,,,,,,,,,,,,,,,,,,,,,,,,,,,,,,,,,,,,,,,,,,,,,,,,,,,,,,,,,,,,,,,,,,,,,,,,,,,,,,,,,,,,,,,,,,,,,,,,,,,,,,,,,,,,,,,,,,,,,,,,,,,,,,,,,,,,,,,,,,,,,,,,,,,,
印刷和记录媒介复制业,福建省,2,,,,,,,2,,1,1,,,1,,,,1,,,,,,,,,,,,,,,,,,,,,,,,,,,,,,,,,,,,,,,,,,,,,,,,,,,,,,,,,,,,,,,,,,,,,,,,,,,,,,,,,,,,,,,,,,,,,,,,,,,,,,,,,,,,,,,,,,,,,,,,,,,,,,,,,,,,,,,,,,,,,,,,,,,,,,,,,,,,,,,,,,,,,,,,,,,,,,,,,,,,,,,,,,,,,,,,,,,,,,,,,,,,,,,,,,,,,,,,,,,,,,,,,,,,,,,,,,,,,,,,,,,,,,,,,,,,,
卫生和社会工作,福建省,1,,,,,,,1,,1,,,,1,,,,,,,,,,,,,,,,,,,,,,,,,,,,,,,,,,,,,,,,,,,,,,,,,,,,,,,,,,,,,,,,,,,,,,,,,,,,,,,,,,,,,,,,,,,,,,,,,,,,,,,,,,,,,,,,,,,,,,,,,,,,,,,,,,,,,,,,,,,,,,,,,,,,,,,,,,,,,,,,,,,,,,,,,,,,,,,,,,,,,,,,,,,,,,,,,,,,,,,,,,,,,,,,,,,,,,,,,,,,,,,,,,,,,,,,,,,,,,,,,,,,,,,,,,,,,,,,,
文教、工美、体育和娱乐用品制造业,福建省,3,,,,,,,3,,1,1,,1,1,,,,1,,,,,,,,,,,,,,,,,1,,,,,,,,,,,,,,,,,,,,,,,,,,,,,,,,,,,,,,,,,,,,,,,,,,,,,,,,,,,,,,,,,,,,,,,,,,,,,,,,,,,,,,,,,,,,,,,,,,,,,,,,,,,,,,,,,,,,,,,,,,,,,,,,,,,,,,,,,,,,,,,,,,,,,,,,,,,,,,,,,,,,,,,,,,,,,,,,,,,,,,,,,,,,,,,,,,,,,,,,,,,,,,,,,,,,,,,,,,,,,,,,,,,,,,,,,,,,
石油加工、炼焦和核燃料加工业,福建省,0,,,,,,,,,,,,,,,,,,,,,,,,,,,,,,,,,,,,,,,,,,,,,,,,,,,,,,,,,,,,,,,,,,,,,,,,,,,,,,,,,,,,,,,,,,,,,,,,,,,,,,,,,,,,,,,,,,,,,,,,,,,,,,,,,,,,,,,,,,,,,,,,,,,,,,,,,,,,,,,,,,,,,,,,,,,,,,,,,,,,,,,,,,,,,,,,,,,,,,,,,,,,,,,,,,,,,,,,,,,,,,,,,,,,,,,,,,,,,,,,,,,,,,,,,,,,,,,,,,,,,,,,,,,,,,
化学纤维制造业,福建省,0,,,,,,,,,,,,,,,,,,,,,,,,,,,,,,,,,,,,,,,,,,,,,,,,,,,,,,,,,,,,,,,,,,,,,,,,,,,,,,,,,,,,,,,,,,,,,,,,,,,,,,,,,,,,,,,,,,,,,,,,,,,,,,,,,,,,,,,,,,,,,,,,,,,,,,,,,,,,,,,,,,,,,,,,,,,,,,,,,,,,,,,,,,,,,,,,,,,,,,,,,,,,,,,,,,,,,,,,,,,,,,,,,,,,,,,,,,,,,,,,,,,,,,,,,,,,,,,,,,,,,,,,,,,,,,
家具制造业,福建省,3,,1,,,,,2,,1,,1,1,,,1,,,,,,,,,,,,,1,,,,,,1,,,,,,,,,,,,,,,,,,,,,,,,,,,,,,,,,,,,,,,,,,,,,,,,,,,,,,,,,,,,,,,,,,,,,,,,,,,,,,,,,,,,,,,,,,,,,,,,,,,,,,,,,,,,,,,,,,,,,,,,,,,,,,,,,,,,,,,,,,,,,,,,,,,,,,,,,,,,,,,,,,,,,,,,,,,,,,,,,,,,,,,,,,,,,,,,,,,,,,,,,,,,,,,,,,,,,,,,,,,,,,,,,,,,,,,,,,,,
住宿和餐饮业,福建省,0,,,,,,,,,,,,,,,,,,,,,,,,,,,,,,,,,,,,,,,,,,,,,,,,,,,,,,,,,,,,,,,,,,,,,,,,,,,,,,,,,,,,,,,,,,,,,,,,,,,,,,,,,,,,,,,,,,,,,,,,,,,,,,,,,,,,,,,,,,,,,,,,,,,,,,,,,,,,,,,,,,,,,,,,,,,,,,,,,,,,,,,,,,,,,,,,,,,,,,,,,,,,,,,,,,,,,,,,,,,,,,,,,,,,,,,,,,,,,,,,,,,,,,,,,,,,,,,,,,,,,,,,,,,,,,
木材加工和木、竹、藤、棕、草制品业,福建省,1,,,,,,,1,,,1,,,,,,,1,,,,,,,,,,,,,,,,,,,,,,,,,,,,,,,,,,,,,,,,,,,,,,,,,,,,,,,,,,,,,,,,,,,,,,,,,,,,,,,,,,,,,,,,,,,,,,,,,,,,,,,,,,,,,,,,,,,,,,,,,,,,,,,,,,,,,,,,,,,,,,,,,,,,,,,,,,,,,,,,,,,,,,,,,,,,,,,,,,,,,,,,,,,,,,,,,,,,,,,,,,,,,,,,,,,,,,,,,,,,,,,,,,,,,,,,,,,,,,,,,,,,,,,,,,,,,
居民服务、修理和其他服务业,福建省,0,,,,,,,,,,,,,,,,,,,,,,,,,,,,,,,,,,,,,,,,,,,,,,,,,,,,,,,,,,,,,,,,,,,,,,,,,,,,,,,,,,,,,,,,,,,,,,,,,,,,,,,,,,,,,,,,,,,,,,,,,,,,,,,,,,,,,,,,,,,,,,,,,,,,,,,,,,,,,,,,,,,,,,,,,,,,,,,,,,,,,,,,,,,,,,,,,,,,,,,,,,,,,,,,,,,,,,,,,,,,,,,,,,,,,,,,,,,,,,,,,,,,,,,,,,,,,,,,,,,,,,,,,,,,,,
医药制造业,湖北省,13,,,,,1,,12,,7,1,,5,6,1,,,1,,,,,,,,,,,,,,,,,5,,,,,,,,,,,,,,,,,,,,,,,,,,,,,,,,,,,,,,,,,,,,,,,,,,,,,,,,,,,,,,,,,,,,,,,,,,,,,,,,,,,,,,,,,,,,,,,,,,,,,,,,,,,,,,,,,,,,,,,,,,,,,,,,,,,,,,,,,,,,,,,,,,,,,,,,,,,,,,,,,,,,,,,,,,,,,,,,,,,,,,,,,,,,,,,,,,,,,,,,,,,,,,,,,,,,,,,,,,,,,,,,,,,,,,,,,,,,
化学原料和化学制品制造业,湖北省,11,,1,,,4,,6,,9,,,2,5,3,1,,,,,,,,,,,,,,,,1,,,1,,,,,,,,,,,,,,,,,,,,,,,,,,,,,,,,,,,,,,,,,,,,,,,,,,,,,,,,,,,,,,,,,,,,,,,,,,,,,,,,,,,,,,,,,,,,,,,,,,,,,,,,,,,,,,,,,,,,,,,,,,,,,,,,,,,,,,,,,,,,,,,,,,,,,,,,,,,,,,,,,,,,,,,,,,,,,,,,,,,,,,,,,,,,,,,,,,,,,,,,,,,,,,,,,,,,,,,,,,,,,,,,,,,,,,,,,,,,
食品饮料业,湖北省,5,,,,,1,1,3,,,2,,3,,,,,1,1,,,,,,,,,,,,,1,,,2,,,,,,,,,,,,,,,,,,,,,,,,,,,,,,,,,,,,,,,,,,,,,,,,,,,,,,,,,,,,,,,,,,,,,,,,,,,,,,,,,,,,,,,,,,,,,,,,,,,,,,,,,,,,,,,,,,,,,,,,,,,,,,,,,,,,,,,,,,,,,,,,,,,,,,,,,,,,,,,,,,,,,,,,,,,,,,,,,,,,,,,,,,,,,,,,,,,,,,,,,,,,,,,,,,,,,,,,,,,,,,,,,,,,,,,,,,,,
专用设备制造业,湖北省,12,,4,,,1,,7,,7,1,1,3,4,1,2,,1,,,,,,,,,,,1,,,,2,,1,,,,,,,,,,,,,,,,,,,,,,,,,,,,,,,,,,,,,,,,,,,,,,,,,,,,,,,,,,,,,,,,,,,,,,,,,,,,,,,,,,,,,,,,,,,,,,,,,,,,,,,,,,,,,,,,,,,,,,,,,,,,,,,,,,,,,,,,,,,,,,,,,,,,,,,,,,,,,,,,,,,,,,,,,,,,,,,,,,,,,,,,,,,,,,,,,,,,,,,,,,,,,,,,,,,,,,,,,,,,,,,,,,,,,,,,,,,,
信息传输、软件和信息技术服务业,湖北省,9,,,,,,,9,,4,3,,2,4,,,,3,,,,,,,,,,,,,,,,,2,,,,,,,,,,,,,,,,,,,,,,,,,,,,,,,,,,,,,,,,,,,,,,,,,,,,,,,,,,,,,,,,,,,,,,,,,,,,,,,,,,,,,,,,,,,,,,,,,,,,,,,,,,,,,,,,,,,,,,,,,,,,,,,,,,,,,,,,,,,,,,,,,,,,,,,,,,,,,,,,,,,,,,,,,,,,,,,,,,,,,,,,,,,,,,,,,,,,,,,,,,,,,,,,,,,,,,,,,,,,,,,,,,,,,,,,,,,,
电力、热力、燃气及水生产和供应业,湖北省,5,,2,,,2,,1,,2,,,3,,,2,,,,,,,,,,,,,,,,2,,,1,,,,,,,,,,,,,,,,,,,,,,,,,,,,,,,,,,,,,,,,,,,,,,,,,,,,,,,,,,,,,,,,,,,,,,,,,,,,,,,,,,,,,,,,,,,,,,,,,,,,,,,,,,,,,,,,,,,,,,,,,,,,,,,,,,,,,,,,,,,,,,,,,,,,,,,,,,,,,,,,,,,,,,,,,,,,,,,,,,,,,,,,,,,,,,,,,,,,,,,,,,,,,,,,,,,,,,,,,,,,,,,,,,,,,,,,,,,,
商业电气机械和器材制造业,湖北省,6,,,,,,,6,,2,,,4,2,,,,,,,,,,,,,,,,,,,,,4,,,,,,,,,,,,,,,,,,,,,,,,,,,,,,,,,,,,,,,,,,,,,,,,,,,,,,,,,,,,,,,,,,,,,,,,,,,,,,,,,,,,,,,,,,,,,,,,,,,,,,,,,,,,,,,,,,,,,,,,,,,,,,,,,,,,,,,,,,,,,,,,,,,,,,,,,,,,,,,,,,,,,,,,,,,,,,,,,,,,,,,,,,,,,,,,,,,,,,,,,,,,,,,,,,,,,,,,,,,,,,,,,,,,,,,,,,,,
批发和零售业,湖北省,10,,,,,2,1,7,,4,1,,5,1,2,,1,1,,,,,,,,,,,,,,,,,5,,,,,,,,,,,,,,,,,,,,,,,,,,,,,,,,,,,,,,,,,,,,,,,,,,,,,,,,,,,,,,,,,,,,,,,,,,,,,,,,,,,,,,,,,,,,,,,,,,,,,,,,,,,,,,,,,,,,,,,,,,,,,,,,,,,,,,,,,,,,,,,,,,,,,,,,,,,,,,,,,,,,,,,,,,,,,,,,,,,,,,,,,,,,,,,,,,,,,,,,,,,,,,,,,,,,,,,,,,,,,,,,,,,,,,,,,,,,
金融业,湖北省,5,,,,,2,,3,,2,2,,1,1,1,,,2,,,,,,,,,,,,,,1,,,,,,,,,,,,,,,,,,,,,,,,,,,,,,,,,,,,,,,,,,,,,,,,,,,,,,,,,,,,,,,,,,,,,,,,,,,,,,,,,,,,,,,,,,,,,,,,,,,,,,,,,,,,,,,,,,,,,,,,,,,,,,,,,,,,,,,,,,,,,,,,,,,,,,,,,,,,,,,,,,,,,,,,,,,,,,,,,,,,,,,,,,,,,,,,,,,,,,,,,,,,,,,,,,,,,,,,,,,,,,,,,,,,,,,,,,,,,,,
汽车制造业,湖北省,7,,2,,,,,5,,1,2,1,3,1,,,,1,,1,,,,,,,,,1,,,,1,,2,,,,,,,,,,,,,,,,,,,,,,,,,,,,,,,,,,,,,,,,,,,,,,,,,,,,,,,,,,,,,,,,,,,,,,,,,,,,,,,,,,,,,,,,,,,,,,,,,,,,,,,,,,,,,,,,,,,,,,,,,,,,,,,,,,,,,,,,,,,,,,,,,,,,,,,,,,,,,,,,,,,,,,,,,,,,,,,,,,,,,,,,,,,,,,,,,,,,,,,,,,,,,,,,,,,,,,,,,,,,,,,,,,,,,,,,,,,,
金属冶炼和压延加工业,湖北省,1,,1,,,,,,,1,,,,,,1,,,,,,,,,,,,,,,,,,,,,,,,,,,,,,,,,,,,,,,,,,,,,,,,,,,,,,,,,,,,,,,,,,,,,,,,,,,,,,,,,,,,,,,,,,,,,,,,,,,,,,,,,,,,,,,,,,,,,,,,,,,,,,,,,,,,,,,,,,,,,,,,,,,,,,,,,,,,,,,,,,,,,,,,,,,,,,,,,,,,,,,,,,,,,,,,,,,,,,,,,,,,,,,,,,,,,,,,,,,,,,,,,,,,,,,,,,,,,,,,,,,,,,,,,,,,,,,
交通运输、仓储和邮政业,湖北省,4,,,,,2,,2,,2,1,,1,1,1,,,1,,,,,,,,,,,,,,1,,,,,,,,,,,,,,,,,,,,,,,,,,,,,,,,,,,,,,,,,,,,,,,,,,,,,,,,,,,,,,,,,,,,,,,,,,,,,,,,,,,,,,,,,,,,,,,,,,,,,,,,,,,,,,,,,,,,,,,,,,,,,,,,,,,,,,,,,,,,,,,,,,,,,,,,,,,,,,,,,,,,,,,,,,,,,,,,,,,,,,,,,,,,,,,,,,,,,,,,,,,,,,,,,,,,,,,,,,,,,,,,,,,,,,,,,,,,,,,
消费电子及电气业,湖北省,7,,1,,,1,,5,,5,,1,1,4,,1,,,,,,,,,,,,,,,1,,,,1,,,,,,,,,,,,,,,,,,,,,,,,,,,,,,,,,,,,,,,,,,,,,,,,,,,,,,,,,,,,,,,,,,,,,,,,,,,,,,,,,,,,,,,,,,,,,,,,,,,,,,,,,,,,,,,,,,,,,,,,,,,,,,,,,,,,,,,,,,,,,,,,,,,,,,,,,,,,,,,,,,,,,,,,,,,,,,,,,,,,,,,,,,,,,,,,,,,,,,,,,,,,,,,,,,,,,,,,,,,,,,,,,,,,,,,,,,,,
房地产业,湖北省,5,,2,,,,1,1,1,4,1,,,1,,1,1,,,1,,,1,,,,,,,,,,,,,,,,,,,,,,,,,,,,,,,,,,,,,,,,,,,,,,,,,,,,,,,,,,,,,,,,,,,,,,,,,,,,,,,,,,,,,,,,,,,,,,,,,,,,,,,,,,,,,,,,,,,,,,,,,,,,,,,,,,,,,,,,,,,,,,,,,,,,,,,,,,,,,,,,,,,,,,,,,,,,,,,,,,,,,,,,,,,,,,,,,,,,,,,,,,,,,,,,,,,,,,,,,,,,,,,,,,,,,,,,,,,,,,,,,,,,,,,,
采矿业,湖北省,1,,,,,,,1,,,1,,,,,,,1,,,,,,,,,,,,,,,,,,,,,,,,,,,,,,,,,,,,,,,,,,,,,,,,,,,,,,,,,,,,,,,,,,,,,,,,,,,,,,,,,,,,,,,,,,,,,,,,,,,,,,,,,,,,,,,,,,,,,,,,,,,,,,,,,,,,,,,,,,,,,,,,,,,,,,,,,,,,,,,,,,,,,,,,,,,,,,,,,,,,,,,,,,,,,,,,,,,,,,,,,,,,,,,,,,,,,,,,,,,,,,,,,,,,,,,,,,,,,,,,,,,,,,,,,,,,,
非金属矿物制品业,湖北省,5,,,,,,2,3,,1,2,,2,1,,,,1,1,,,,,,,,,,,,,,,1,1,,,,,,,,,,,,,,,,,,,,,,,,,,,,,,,,,,,,,,,,,,,,,,,,,,,,,,,,,,,,,,,,,,,,,,,,,,,,,,,,,,,,,,,,,,,,,,,,,,,,,,,,,,,,,,,,,,,,,,,,,,,,,,,,,,,,,,,,,,,,,,,,,,,,,,,,,,,,,,,,,,,,,,,,,,,,,,,,,,,,,,,,,,,,,,,,,,,,,,,,,,,,,,,,,,,,,,,,,,,,,,,,,,,,,,,,,,,,
通用设备制造业,湖北省,6,,,,,,,6,,3,,1,2,3,,,,,,,,,,,,,,,1,,,,,,2,,,,,,,,,,,,,,,,,,,,,,,,,,,,,,,,,,,,,,,,,,,,,,,,,,,,,,,,,,,,,,,,,,,,,,,,,,,,,,,,,,,,,,,,,,,,,,,,,,,,,,,,,,,,,,,,,,,,,,,,,,,,,,,,,,,,,,,,,,,,,,,,,,,,,,,,,,,,,,,,,,,,,,,,,,,,,,,,,,,,,,,,,,,,,,,,,,,,,,,,,,,,,,,,,,,,,,,,,,,,,,,,,,,,,,,,,,,,
半导体业,湖北省,5,,,,,1,,4,,3,,,2,2,1,,,,,,,,,,,,,,,,,,,,2,,,,,,,,,,,,,,,,,,,,,,,,,,,,,,,,,,,,,,,,,,,,,,,,,,,,,,,,,,,,,,,,,,,,,,,,,,,,,,,,,,,,,,,,,,,,,,,,,,,,,,,,,,,,,,,,,,,,,,,,,,,,,,,,,,,,,,,,,,,,,,,,,,,,,,,,,,,,,,,,,,,,,,,,,,,,,,,,,,,,,,,,,,,,,,,,,,,,,,,,,,,,,,,,,,,,,,,,,,,,,,,,,,,,,,,,,,,,
建筑业,湖北省,4,,,,,1,,3,,3,,,1,3,,,,,,,,,,,,,,,,,,1,,,,,,,,,,,,,,,,,,,,,,,,,,,,,,,,,,,,,,,,,,,,,,,,,,,,,,,,,,,,,,,,,,,,,,,,,,,,,,,,,,,,,,,,,,,,,,,,,,,,,,,,,,,,,,,,,,,,,,,,,,,,,,,,,,,,,,,,,,,,,,,,,,,,,,,,,,,,,,,,,,,,,,,,,,,,,,,,,,,,,,,,,,,,,,,,,,,,,,,,,,,,,,,,,,,,,,,,,,,,,,,,,,,,,,,,,,,,,,,
铁路、船舶、航空航天和其他运输设备制造业,湖北省,3,,2,,,,,1,,1,,,2,,,1,,,,,,,,,,,,,,,,,1,,1,,,,,,,,,,,,,,,,,,,,,,,,,,,,,,,,,,,,,,,,,,,,,,,,,,,,,,,,,,,,,,,,,,,,,,,,,,,,,,,,,,,,,,,,,,,,,,,,,,,,,,,,,,,,,,,,,,,,,,,,,,,,,,,,,,,,,,,,,,,,,,,,,,,,,,,,,,,,,,,,,,,,,,,,,,,,,,,,,,,,,,,,,,,,,,,,,,,,,,,,,,,,,,,,,,,,,,,,,,,,,,,,,,,,,,,,,,,,
水利、环境和公共设施管理业,湖北省,4,,,,,,,4,,3,,,1,3,,,,,,,,,,,,,,,,,,,,,1,,,,,,,,,,,,,,,,,,,,,,,,,,,,,,,,,,,,,,,,,,,,,,,,,,,,,,,,,,,,,,,,,,,,,,,,,,,,,,,,,,,,,,,,,,,,,,,,,,,,,,,,,,,,,,,,,,,,,,,,,,,,,,,,,,,,,,,,,,,,,,,,,,,,,,,,,,,,,,,,,,,,,,,,,,,,,,,,,,,,,,,,,,,,,,,,,,,,,,,,,,,,,,,,,,,,,,,,,,,,,,,,,,,,,,,,,,,,
科学研究和技术服务业,湖北省,1,,,,,,,1,,1,,,,1,,,,,,,,,,,,,,,,,,,,,,,,,,,,,,,,,,,,,,,,,,,,,,,,,,,,,,,,,,,,,,,,,,,,,,,,,,,,,,,,,,,,,,,,,,,,,,,,,,,,,,,,,,,,,,,,,,,,,,,,,,,,,,,,,,,,,,,,,,,,,,,,,,,,,,,,,,,,,,,,,,,,,,,,,,,,,,,,,,,,,,,,,,,,,,,,,,,,,,,,,,,,,,,,,,,,,,,,,,,,,,,,,,,,,,,,,,,,,,,,,,,,,,,,,,,,,,,,,
纺织鞋服业,湖北省,1,,,,,,,1,,,,,1,,,,,,,,,,,,,,,,,,,,,,1,,,,,,,,,,,,,,,,,,,,,,,,,,,,,,,,,,,,,,,,,,,,,,,,,,,,,,,,,,,,,,,,,,,,,,,,,,,,,,,,,,,,,,,,,,,,,,,,,,,,,,,,,,,,,,,,,,,,,,,,,,,,,,,,,,,,,,,,,,,,,,,,,,,,,,,,,,,,,,,,,,,,,,,,,,,,,,,,,,,,,,,,,,,,,,,,,,,,,,,,,,,,,,,,,,,,,,,,,,,,,,,,,,,,,,,,,,,,
通信传输设备业,湖北省,11,,7,,,1,,3,,5,1,,5,2,1,2,,,,1,,,,,,,,,,,,,4,,1,,,,,,,,,,,,,,,,,,,,,,,,,,,,,,,,,,,,,,,,,,,,,,,,,,,,,,,,,,,,,,,,,,,,,,,,,,,,,,,,,,,,,,,,,,,,,,,,,,,,,,,,,,,,,,,,,,,,,,,,,,,,,,,,,,,,,,,,,,,,,,,,,,,,,,,,,,,,,,,,,,,,,,,,,,,,,,,,,,,,,,,,,,,,,,,,,,,,,,,,,,,,,,,,,,,,,,,,,,,,,,,,,,,,,,,,,,,,
金属制品业,湖北省,1,,,,,,,1,,,,1,,,,,,,,,,,,,,,,,1,,,,,,,,,,,,,,,,,,,,,,,,,,,,,,,,,,,,,,,,,,,,,,,,,,,,,,,,,,,,,,,,,,,,,,,,,,,,,,,,,,,,,,,,,,,,,,,,,,,,,,,,,,,,,,,,,,,,,,,,,,,,,,,,,,,,,,,,,,,,,,,,,,,,,,,,,,,,,,,,,,,,,,,,,,,,,,,,,,,,,,,,,,,,,,,,,,,,,,,,,,,,,,,,,,,,,,,,,,,,,,,,,,,,,,,,,,,,,,,,,,
文化、体育和娱乐业,湖北省,3,,,,,3,,,,1,,,2,,1,,,,,,,,,,,,,,,,,2,,,,,,,,,,,,,,,,,,,,,,,,,,,,,,,,,,,,,,,,,,,,,,,,,,,,,,,,,,,,,,,,,,,,,,,,,,,,,,,,,,,,,,,,,,,,,,,,,,,,,,,,,,,,,,,,,,,,,,,,,,,,,,,,,,,,,,,,,,,,,,,,,,,,,,,,,,,,,,,,,,,,,,,,,,,,,,,,,,,,,,,,,,,,,,,,,,,,,,,,,,,,,,,,,,,,,,,,,,,,,,,,,,,,,,,,,,,,,,,
橡胶和塑料制品业,湖北省,2,,,,,,,2,,2,,,,2,,,,,,,,,,,,,,,,,,,,,,,,,,,,,,,,,,,,,,,,,,,,,,,,,,,,,,,,,,,,,,,,,,,,,,,,,,,,,,,,,,,,,,,,,,,,,,,,,,,,,,,,,,,,,,,,,,,,,,,,,,,,,,,,,,,,,,,,,,,,,,,,,,,,,,,,,,,,,,,,,,,,,,,,,,,,,,,,,,,,,,,,,,,,,,,,,,,,,,,,,,,,,,,,,,,,,,,,,,,,,,,,,,,,,,,,,,,,,,,,,,,,,,,,,,,,,,,,,
租赁和商务服务业,湖北省,0,,,,,,,,,,,,,,,,,,,,,,,,,,,,,,,,,,,,,,,,,,,,,,,,,,,,,,,,,,,,,,,,,,,,,,,,,,,,,,,,,,,,,,,,,,,,,,,,,,,,,,,,,,,,,,,,,,,,,,,,,,,,,,,,,,,,,,,,,,,,,,,,,,,,,,,,,,,,,,,,,,,,,,,,,,,,,,,,,,,,,,,,,,,,,,,,,,,,,,,,,,,,,,,,,,,,,,,,,,,,,,,,,,,,,,,,,,,,,,,,,,,,,,,,,,,,,,,,,,,,,,,,,,,,,,
农、林、牧、渔业,湖北省,0,,,,,,,,,,,,,,,,,,,,,,,,,,,,,,,,,,,,,,,,,,,,,,,,,,,,,,,,,,,,,,,,,,,,,,,,,,,,,,,,,,,,,,,,,,,,,,,,,,,,,,,,,,,,,,,,,,,,,,,,,,,,,,,,,,,,,,,,,,,,,,,,,,,,,,,,,,,,,,,,,,,,,,,,,,,,,,,,,,,,,,,,,,,,,,,,,,,,,,,,,,,,,,,,,,,,,,,,,,,,,,,,,,,,,,,,,,,,,,,,,,,,,,,,,,,,,,,,,,,,,,,,,,,,,,
仪器仪表制造业,湖北省,2,,1,,,,,1,,2,,,,1,,1,,,,,,,,,,,,,,,,,,,,,,,,,,,,,,,,,,,,,,,,,,,,,,,,,,,,,,,,,,,,,,,,,,,,,,,,,,,,,,,,,,,,,,,,,,,,,,,,,,,,,,,,,,,,,,,,,,,,,,,,,,,,,,,,,,,,,,,,,,,,,,,,,,,,,,,,,,,,,,,,,,,,,,,,,,,,,,,,,,,,,,,,,,,,,,,,,,,,,,,,,,,,,,,,,,,,,,,,,,,,,,,,,,,,,,,,,,,,,,,,,,,,,,,,,,,,,,,
造纸和纸制品业,湖北省,1,,,,,,,1,,,1,,,,,,,1,,,,,,,,,,,,,,,,,,,,,,,,,,,,,,,,,,,,,,,,,,,,,,,,,,,,,,,,,,,,,,,,,,,,,,,,,,,,,,,,,,,,,,,,,,,,,,,,,,,,,,,,,,,,,,,,,,,,,,,,,,,,,,,,,,,,,,,,,,,,,,,,,,,,,,,,,,,,,,,,,,,,,,,,,,,,,,,,,,,,,,,,,,,,,,,,,,,,,,,,,,,,,,,,,,,,,,,,,,,,,,,,,,,,,,,,,,,,,,,,,,,,,,,,,,,,,
其他制造业,湖北省,3,,,,,,,3,,2,,,1,2,,,,,,,,,,,,,,,,,,,,,1,,,,,,,,,,,,,,,,,,,,,,,,,,,,,,,,,,,,,,,,,,,,,,,,,,,,,,,,,,,,,,,,,,,,,,,,,,,,,,,,,,,,,,,,,,,,,,,,,,,,,,,,,,,,,,,,,,,,,,,,,,,,,,,,,,,,,,,,,,,,,,,,,,,,,,,,,,,,,,,,,,,,,,,,,,,,,,,,,,,,,,,,,,,,,,,,,,,,,,,,,,,,,,,,,,,,,,,,,,,,,,,,,,,,,,,,,,,,
教育,湖北省,0,,,,,,,,,,,,,,,,,,,,,,,,,,,,,,,,,,,,,,,,,,,,,,,,,,,,,,,,,,,,,,,,,,,,,,,,,,,,,,,,,,,,,,,,,,,,,,,,,,,,,,,,,,,,,,,,,,,,,,,,,,,,,,,,,,,,,,,,,,,,,,,,,,,,,,,,,,,,,,,,,,,,,,,,,,,,,,,,,,,,,,,,,,,,,,,,,,,,,,,,,,,,,,,,,,,,,,,,,,,,,,,,,,,,,,,,,,,,,,,,,,,,,,,,,,,,,,,,,,,,,,,,,,,,,,
综合,湖北省,0,,,,,,,,,,,,,,,,,,,,,,,,,,,,,,,,,,,,,,,,,,,,,,,,,,,,,,,,,,,,,,,,,,,,,,,,,,,,,,,,,,,,,,,,,,,,,,,,,,,,,,,,,,,,,,,,,,,,,,,,,,,,,,,,,,,,,,,,,,,,,,,,,,,,,,,,,,,,,,,,,,,,,,,,,,,,,,,,,,,,,,,,,,,,,,,,,,,,,,,,,,,,,,,,,,,,,,,,,,,,,,,,,,,,,,,,,,,,,,,,,,,,,,,,,,,,,,,,,,,,,,,,,,,,,,
废弃资源综合利用业,湖北省,0,,,,,,,,,,,,,,,,,,,,,,,,,,,,,,,,,,,,,,,,,,,,,,,,,,,,,,,,,,,,,,,,,,,,,,,,,,,,,,,,,,,,,,,,,,,,,,,,,,,,,,,,,,,,,,,,,,,,,,,,,,,,,,,,,,,,,,,,,,,,,,,,,,,,,,,,,,,,,,,,,,,,,,,,,,,,,,,,,,,,,,,,,,,,,,,,,,,,,,,,,,,,,,,,,,,,,,,,,,,,,,,,,,,,,,,,,,,,,,,,,,,,,,,,,,,,,,,,,,,,,,,,,,,,,,
印刷和记录媒介复制业,湖北省,1,,,,,,,1,,,1,,,,,,,1,,,,,,,,,,,,,,,,,,,,,,,,,,,,,,,,,,,,,,,,,,,,,,,,,,,,,,,,,,,,,,,,,,,,,,,,,,,,,,,,,,,,,,,,,,,,,,,,,,,,,,,,,,,,,,,,,,,,,,,,,,,,,,,,,,,,,,,,,,,,,,,,,,,,,,,,,,,,,,,,,,,,,,,,,,,,,,,,,,,,,,,,,,,,,,,,,,,,,,,,,,,,,,,,,,,,,,,,,,,,,,,,,,,,,,,,,,,,,,,,,,,,,,,,,,,,,
卫生和社会工作,湖北省,0,,,,,,,,,,,,,,,,,,,,,,,,,,,,,,,,,,,,,,,,,,,,,,,,,,,,,,,,,,,,,,,,,,,,,,,,,,,,,,,,,,,,,,,,,,,,,,,,,,,,,,,,,,,,,,,,,,,,,,,,,,,,,,,,,,,,,,,,,,,,,,,,,,,,,,,,,,,,,,,,,,,,,,,,,,,,,,,,,,,,,,,,,,,,,,,,,,,,,,,,,,,,,,,,,,,,,,,,,,,,,,,,,,,,,,,,,,,,,,,,,,,,,,,,,,,,,,,,,,,,,,,,,,,,,,
文教、工美、体育和娱乐用品制造业,湖北省,0,,,,,,,,,,,,,,,,,,,,,,,,,,,,,,,,,,,,,,,,,,,,,,,,,,,,,,,,,,,,,,,,,,,,,,,,,,,,,,,,,,,,,,,,,,,,,,,,,,,,,,,,,,,,,,,,,,,,,,,,,,,,,,,,,,,,,,,,,,,,,,,,,,,,,,,,,,,,,,,,,,,,,,,,,,,,,,,,,,,,,,,,,,,,,,,,,,,,,,,,,,,,,,,,,,,,,,,,,,,,,,,,,,,,,,,,,,,,,,,,,,,,,,,,,,,,,,,,,,,,,,,,,,,,,,
石油加工、炼焦和核燃料加工业,湖北省,0,,,,,,,,,,,,,,,,,,,,,,,,,,,,,,,,,,,,,,,,,,,,,,,,,,,,,,,,,,,,,,,,,,,,,,,,,,,,,,,,,,,,,,,,,,,,,,,,,,,,,,,,,,,,,,,,,,,,,,,,,,,,,,,,,,,,,,,,,,,,,,,,,,,,,,,,,,,,,,,,,,,,,,,,,,,,,,,,,,,,,,,,,,,,,,,,,,,,,,,,,,,,,,,,,,,,,,,,,,,,,,,,,,,,,,,,,,,,,,,,,,,,,,,,,,,,,,,,,,,,,,,,,,,,,,
化学纤维制造业,湖北省,0,,,,,,,,,,,,,,,,,,,,,,,,,,,,,,,,,,,,,,,,,,,,,,,,,,,,,,,,,,,,,,,,,,,,,,,,,,,,,,,,,,,,,,,,,,,,,,,,,,,,,,,,,,,,,,,,,,,,,,,,,,,,,,,,,,,,,,,,,,,,,,,,,,,,,,,,,,,,,,,,,,,,,,,,,,,,,,,,,,,,,,,,,,,,,,,,,,,,,,,,,,,,,,,,,,,,,,,,,,,,,,,,,,,,,,,,,,,,,,,,,,,,,,,,,,,,,,,,,,,,,,,,,,,,,,
家具制造业,湖北省,0,,,,,,,,,,,,,,,,,,,,,,,,,,,,,,,,,,,,,,,,,,,,,,,,,,,,,,,,,,,,,,,,,,,,,,,,,,,,,,,,,,,,,,,,,,,,,,,,,,,,,,,,,,,,,,,,,,,,,,,,,,,,,,,,,,,,,,,,,,,,,,,,,,,,,,,,,,,,,,,,,,,,,,,,,,,,,,,,,,,,,,,,,,,,,,,,,,,,,,,,,,,,,,,,,,,,,,,,,,,,,,,,,,,,,,,,,,,,,,,,,,,,,,,,,,,,,,,,,,,,,,,,,,,,,,
住宿和餐饮业,湖北省,0,,,,,,,,,,,,,,,,,,,,,,,,,,,,,,,,,,,,,,,,,,,,,,,,,,,,,,,,,,,,,,,,,,,,,,,,,,,,,,,,,,,,,,,,,,,,,,,,,,,,,,,,,,,,,,,,,,,,,,,,,,,,,,,,,,,,,,,,,,,,,,,,,,,,,,,,,,,,,,,,,,,,,,,,,,,,,,,,,,,,,,,,,,,,,,,,,,,,,,,,,,,,,,,,,,,,,,,,,,,,,,,,,,,,,,,,,,,,,,,,,,,,,,,,,,,,,,,,,,,,,,,,,,,,,,
木材加工和木、竹、藤、棕、草制品业,湖北省,0,,,,,,,,,,,,,,,,,,,,,,,,,,,,,,,,,,,,,,,,,,,,,,,,,,,,,,,,,,,,,,,,,,,,,,,,,,,,,,,,,,,,,,,,,,,,,,,,,,,,,,,,,,,,,,,,,,,,,,,,,,,,,,,,,,,,,,,,,,,,,,,,,,,,,,,,,,,,,,,,,,,,,,,,,,,,,,,,,,,,,,,,,,,,,,,,,,,,,,,,,,,,,,,,,,,,,,,,,,,,,,,,,,,,,,,,,,,,,,,,,,,,,,,,,,,,,,,,,,,,,,,,,,,,,,
居民服务、修理和其他服务业,湖北省,0,,,,,,,,,,,,,,,,,,,,,,,,,,,,,,,,,,,,,,,,,,,,,,,,,,,,,,,,,,,,,,,,,,,,,,,,,,,,,,,,,,,,,,,,,,,,,,,,,,,,,,,,,,,,,,,,,,,,,,,,,,,,,,,,,,,,,,,,,,,,,,,,,,,,,,,,,,,,,,,,,,,,,,,,,,,,,,,,,,,,,,,,,,,,,,,,,,,,,,,,,,,,,,,,,,,,,,,,,,,,,,,,,,,,,,,,,,,,,,,,,,,,,,,,,,,,,,,,,,,,,,,,,,,,,,
医药制造业,陕西省,5,,,,,,,5,,2,1,,2,2,,,,1,,,,,,,,,,,,,,,,,2,,,,,,,,,,,,,,,,,,,,,,,,,,,,,,,,,,,,,,,,,,,,,,,,,,,,,,,,,,,,,,,,,,,,,,,,,,,,,,,,,,,,,,,,,,,,,,,,,,,,,,,,,,,,,,,,,,,,,,,,,,,,,,,,,,,,,,,,,,,,,,,,,,,,,,,,,,,,,,,,,,,,,,,,,,,,,,,,,,,,,,,,,,,,,,,,,,,,,,,,,,,,,,,,,,,,,,,,,,,,,,,,,,,,,,,,,,,,
化学原料和化学制品制造业,陕西省,8,,,,,3,,5,,3,1,,4,2,1,,,1,,,,,,,,,,,,,,2,,,2,,,,,,,,,,,,,,,,,,,,,,,,,,,,,,,,,,,,,,,,,,,,,,,,,,,,,,,,,,,,,,,,,,,,,,,,,,,,,,,,,,,,,,,,,,,,,,,,,,,,,,,,,,,,,,,,,,,,,,,,,,,,,,,,,,,,,,,,,,,,,,,,,,,,,,,,,,,,,,,,,,,,,,,,,,,,,,,,,,,,,,,,,,,,,,,,,,,,,,,,,,,,,,,,,,,,,,,,,,,,,,,,,,,,,,,,,,,,
食品饮料业,陕西省,0,,,,,,,,,,,,,,,,,,,,,,,,,,,,,,,,,,,,,,,,,,,,,,,,,,,,,,,,,,,,,,,,,,,,,,,,,,,,,,,,,,,,,,,,,,,,,,,,,,,,,,,,,,,,,,,,,,,,,,,,,,,,,,,,,,,,,,,,,,,,,,,,,,,,,,,,,,,,,,,,,,,,,,,,,,,,,,,,,,,,,,,,,,,,,,,,,,,,,,,,,,,,,,,,,,,,,,,,,,,,,,,,,,,,,,,,,,,,,,,,,,,,,,,,,,,,,,,,,,,,,,,,,,,,,,
专用设备制造业,陕西省,7,,2,,,2,1,2,,1,,1,5,,,1,,,,,,,,,,,,,1,,,2,1,1,1,,,,,,,,,,,,,,,,,,,,,,,,,,,,,,,,,,,,,,,,,,,,,,,,,,,,,,,,,,,,,,,,,,,,,,,,,,,,,,,,,,,,,,,,,,,,,,,,,,,,,,,,,,,,,,,,,,,,,,,,,,,,,,,,,,,,,,,,,,,,,,,,,,,,,,,,,,,,,,,,,,,,,,,,,,,,,,,,,,,,,,,,,,,,,,,,,,,,,,,,,,,,,,,,,,,,,,,,,,,,,,,,,,,,,,,,,,,,
信息传输、软件和信息技术服务业,陕西省,3,,,,,1,,2,,1,,1,1,1,,,,,,,,,,,,,,,1,,,1,,,,,,,,,,,,,,,,,,,,,,,,,,,,,,,,,,,,,,,,,,,,,,,,,,,,,,,,,,,,,,,,,,,,,,,,,,,,,,,,,,,,,,,,,,,,,,,,,,,,,,,,,,,,,,,,,,,,,,,,,,,,,,,,,,,,,,,,,,,,,,,,,,,,,,,,,,,,,,,,,,,,,,,,,,,,,,,,,,,,,,,,,,,,,,,,,,,,,,,,,,,,,,,,,,,,,,,,,,,,,,,,,,,,,,,,,,,,,,,
电力、热力、燃气及水生产和供应业,陕西省,2,,,,,1,,1,,2,,,,1,1,,,,,,,,,,,,,,,,,,,,,,,,,,,,,,,,,,,,,,,,,,,,,,,,,,,,,,,,,,,,,,,,,,,,,,,,,,,,,,,,,,,,,,,,,,,,,,,,,,,,,,,,,,,,,,,,,,,,,,,,,,,,,,,,,,,,,,,,,,,,,,,,,,,,,,,,,,,,,,,,,,,,,,,,,,,,,,,,,,,,,,,,,,,,,,,,,,,,,,,,,,,,,,,,,,,,,,,,,,,,,,,,,,,,,,,,,,,,,,,,,,,,,,,,,,,,,,,,
商业电气机械和器材制造业,陕西省,6,,3,,,,,3,,2,1,,3,2,,,,,,1,,,,,,,,,,,,,2,,1,,,,,,,,,,,,,,,,,,,,,,,,,,,,,,,,,,,,,,,,,,,,,,,,,,,,,,,,,,,,,,,,,,,,,,,,,,,,,,,,,,,,,,,,,,,,,,,,,,,,,,,,,,,,,,,,,,,,,,,,,,,,,,,,,,,,,,,,,,,,,,,,,,,,,,,,,,,,,,,,,,,,,,,,,,,,,,,,,,,,,,,,,,,,,,,,,,,,,,,,,,,,,,,,,,,,,,,,,,,,,,,,,,,,,,,,,,,,
批发和零售业,陕西省,2,,,,,,1,1,,1,1,,,1,,,,,1,,,,,,,,,,,,,,,,,,,,,,,,,,,,,,,,,,,,,,,,,,,,,,,,,,,,,,,,,,,,,,,,,,,,,,,,,,,,,,,,,,,,,,,,,,,,,,,,,,,,,,,,,,,,,,,,,,,,,,,,,,,,,,,,,,,,,,,,,,,,,,,,,,,,,,,,,,,,,,,,,,,,,,,,,,,,,,,,,,,,,,,,,,,,,,,,,,,,,,,,,,,,,,,,,,,,,,,,,,,,,,,,,,,,,,,,,,,,,,,,,,,,,,,,,,,,
金融业,陕西省,3,,,,,3,,,,2,,,1,,2,,,,,,,,,,,,,,,,,1,,,,,,,,,,,,,,,,,,,,,,,,,,,,,,,,,,,,,,,,,,,,,,,,,,,,,,,,,,,,,,,,,,,,,,,,,,,,,,,,,,,,,,,,,,,,,,,,,,,,,,,,,,,,,,,,,,,,,,,,,,,,,,,,,,,,,,,,,,,,,,,,,,,,,,,,,,,,,,,,,,,,,,,,,,,,,,,,,,,,,,,,,,,,,,,,,,,,,,,,,,,,,,,,,,,,,,,,,,,,,,,,,,,,,,,,,,,,,,,
汽车制造业,陕西省,1,,,,,,,1,,,1,,,,,,,1,,,,,,,,,,,,,,,,,,,,,,,,,,,,,,,,,,,,,,,,,,,,,,,,,,,,,,,,,,,,,,,,,,,,,,,,,,,,,,,,,,,,,,,,,,,,,,,,,,,,,,,,,,,,,,,,,,,,,,,,,,,,,,,,,,,,,,,,,,,,,,,,,,,,,,,,,,,,,,,,,,,,,,,,,,,,,,,,,,,,,,,,,,,,,,,,,,,,,,,,,,,,,,,,,,,,,,,,,,,,,,,,,,,,,,,,,,,,,,,,,,,,,,,,,,,,,
金属冶炼和压延加工业,陕西省,4,,,,,3,,1,,1,,,3,,1,,,,,,,,,,,,,,,,,2,,,1,,,,,,,,,,,,,,,,,,,,,,,,,,,,,,,,,,,,,,,,,,,,,,,,,,,,,,,,,,,,,,,,,,,,,,,,,,,,,,,,,,,,,,,,,,,,,,,,,,,,,,,,,,,,,,,,,,,,,,,,,,,,,,,,,,,,,,,,,,,,,,,,,,,,,,,,,,,,,,,,,,,,,,,,,,,,,,,,,,,,,,,,,,,,,,,,,,,,,,,,,,,,,,,,,,,,,,,,,,,,,,,,,,,,,,,,,,,,
交通运输、仓储和邮政业,陕西省,1,,,,,1,,,,,1,,,,,,,,,,,,,1,,,,,,,,,,,,,,,,,,,,,,,,,,,,,,,,,,,,,,,,,,,,,,,,,,,,,,,,,,,,,,,,,,,,,,,,,,,,,,,,,,,,,,,,,,,,,,,,,,,,,,,,,,,,,,,,,,,,,,,,,,,,,,,,,,,,,,,,,,,,,,,,,,,,,,,,,,,,,,,,,,,,,,,,,,,,,,,,,,,,,,,,,,,,,,,,,,,,,,,,,,,,,,,,,,,,,,,,,,,,,,,,,,,,,,,,,,,,,,,,,,,,,,,
消费电子及电气业,陕西省,4,,1,,,1,,2,,2,,,2,1,,1,,,,,,,,,,,,,,,,1,,,1,,,,,,,,,,,,,,,,,,,,,,,,,,,,,,,,,,,,,,,,,,,,,,,,,,,,,,,,,,,,,,,,,,,,,,,,,,,,,,,,,,,,,,,,,,,,,,,,,,,,,,,,,,,,,,,,,,,,,,,,,,,,,,,,,,,,,,,,,,,,,,,,,,,,,,,,,,,,,,,,,,,,,,,,,,,,,,,,,,,,,,,,,,,,,,,,,,,,,,,,,,,,,,,,,,,,,,,,,,,,,,,,,,,,,,,,,,,,
房地产业,陕西省,2,,,,,1,,1,,,1,,1,,,,,1,,,,,,,,,,,,,,1,,,,,,,,,,,,,,,,,,,,,,,,,,,,,,,,,,,,,,,,,,,,,,,,,,,,,,,,,,,,,,,,,,,,,,,,,,,,,,,,,,,,,,,,,,,,,,,,,,,,,,,,,,,,,,,,,,,,,,,,,,,,,,,,,,,,,,,,,,,,,,,,,,,,,,,,,,,,,,,,,,,,,,,,,,,,,,,,,,,,,,,,,,,,,,,,,,,,,,,,,,,,,,,,,,,,,,,,,,,,,,,,,,,,,,,,,,,,,,,
采矿业,陕西省,4,,,,,2,,2,,1,1,,2,1,,,,1,,,,,,,,,,,,,,2,,,,,,,,,,,,,,,,,,,,,,,,,,,,,,,,,,,,,,,,,,,,,,,,,,,,,,,,,,,,,,,,,,,,,,,,,,,,,,,,,,,,,,,,,,,,,,,,,,,,,,,,,,,,,,,,,,,,,,,,,,,,,,,,,,,,,,,,,,,,,,,,,,,,,,,,,,,,,,,,,,,,,,,,,,,,,,,,,,,,,,,,,,,,,,,,,,,,,,,,,,,,,,,,,,,,,,,,,,,,,,,,,,,,,,,,,,,,,,,
非金属矿物制品业,陕西省,2,,,,,,,2,,1,1,,,1,,,,1,,,,,,,,,,,,,,,,,,,,,,,,,,,,,,,,,,,,,,,,,,,,,,,,,,,,,,,,,,,,,,,,,,,,,,,,,,,,,,,,,,,,,,,,,,,,,,,,,,,,,,,,,,,,,,,,,,,,,,,,,,,,,,,,,,,,,,,,,,,,,,,,,,,,,,,,,,,,,,,,,,,,,,,,,,,,,,,,,,,,,,,,,,,,,,,,,,,,,,,,,,,,,,,,,,,,,,,,,,,,,,,,,,,,,,,,,,,,,,,,,,,,,,,,,,,,,
通用设备制造业,陕西省,3,,,,,2,,1,,1,,,2,,1,,,,,,,,,,,,,,,,,1,,,1,,,,,,,,,,,,,,,,,,,,,,,,,,,,,,,,,,,,,,,,,,,,,,,,,,,,,,,,,,,,,,,,,,,,,,,,,,,,,,,,,,,,,,,,,,,,,,,,,,,,,,,,,,,,,,,,,,,,,,,,,,,,,,,,,,,,,,,,,,,,,,,,,,,,,,,,,,,,,,,,,,,,,,,,,,,,,,,,,,,,,,,,,,,,,,,,,,,,,,,,,,,,,,,,,,,,,,,,,,,,,,,,,,,,,,,,,,,,
半导体业,陕西省,3,,,,,1,1,1,,1,,,2,,1,,,,,,,,,,,,,,,,,,,1,1,,,,,,,,,,,,,,,,,,,,,,,,,,,,,,,,,,,,,,,,,,,,,,,,,,,,,,,,,,,,,,,,,,,,,,,,,,,,,,,,,,,,,,,,,,,,,,,,,,,,,,,,,,,,,,,,,,,,,,,,,,,,,,,,,,,,,,,,,,,,,,,,,,,,,,,,,,,,,,,,,,,,,,,,,,,,,,,,,,,,,,,,,,,,,,,,,,,,,,,,,,,,,,,,,,,,,,,,,,,,,,,,,,,,,,,,,,,,
建筑业,陕西省,1,,,,,1,,,,,,,1,,,,,,,,,,,,,,,,,,,1,,,,,,,,,,,,,,,,,,,,,,,,,,,,,,,,,,,,,,,,,,,,,,,,,,,,,,,,,,,,,,,,,,,,,,,,,,,,,,,,,,,,,,,,,,,,,,,,,,,,,,,,,,,,,,,,,,,,,,,,,,,,,,,,,,,,,,,,,,,,,,,,,,,,,,,,,,,,,,,,,,,,,,,,,,,,,,,,,,,,,,,,,,,,,,,,,,,,,,,,,,,,,,,,,,,,,,,,,,,,,,,,,,,,,,,,,,,,,,,
铁路、船舶、航空航天和其他运输设备制造业,陕西省,6,,4,,,1,,1,,4,,,2,1,1,2,,,,,,,,,,,,,,,,,2,,,,,,,,,,,,,,,,,,,,,,,,,,,,,,,,,,,,,,,,,,,,,,,,,,,,,,,,,,,,,,,,,,,,,,,,,,,,,,,,,,,,,,,,,,,,,,,,,,,,,,,,,,,,,,,,,,,,,,,,,,,,,,,,,,,,,,,,,,,,,,,,,,,,,,,,,,,,,,,,,,,,,,,,,,,,,,,,,,,,,,,,,,,,,,,,,,,,,,,,,,,,,,,,,,,,,,,,,,,,,,,,,,,,,,,,,,,,,,
水利、环境和公共设施管理业,陕西省,3,,,,,2,,1,,2,,,1,1,1,,,,,,,,,,,,,,,,,1,,,,,,,,,,,,,,,,,,,,,,,,,,,,,,,,,,,,,,,,,,,,,,,,,,,,,,,,,,,,,,,,,,,,,,,,,,,,,,,,,,,,,,,,,,,,,,,,,,,,,,,,,,,,,,,,,,,,,,,,,,,,,,,,,,,,,,,,,,,,,,,,,,,,,,,,,,,,,,,,,,,,,,,,,,,,,,,,,,,,,,,,,,,,,,,,,,,,,,,,,,,,,,,,,,,,,,,,,,,,,,,,,,,,,,,,,,,,,,,
科学研究和技术服务业,陕西省,1,,,,,,,1,,1,,,,1,,,,,,,,,,,,,,,,,,,,,,,,,,,,,,,,,,,,,,,,,,,,,,,,,,,,,,,,,,,,,,,,,,,,,,,,,,,,,,,,,,,,,,,,,,,,,,,,,,,,,,,,,,,,,,,,,,,,,,,,,,,,,,,,,,,,,,,,,,,,,,,,,,,,,,,,,,,,,,,,,,,,,,,,,,,,,,,,,,,,,,,,,,,,,,,,,,,,,,,,,,,,,,,,,,,,,,,,,,,,,,,,,,,,,,,,,,,,,,,,,,,,,,,,,,,,,,,,,
纺织鞋服业,陕西省,0,,,,,,,,,,,,,,,,,,,,,,,,,,,,,,,,,,,,,,,,,,,,,,,,,,,,,,,,,,,,,,,,,,,,,,,,,,,,,,,,,,,,,,,,,,,,,,,,,,,,,,,,,,,,,,,,,,,,,,,,,,,,,,,,,,,,,,,,,,,,,,,,,,,,,,,,,,,,,,,,,,,,,,,,,,,,,,,,,,,,,,,,,,,,,,,,,,,,,,,,,,,,,,,,,,,,,,,,,,,,,,,,,,,,,,,,,,,,,,,,,,,,,,,,,,,,,,,,,,,,,,,,,,,,,,
通信传输设备业,陕西省,4,,1,,,1,,2,,2,1,1,,1,1,,,1,,,,,,,,,,,,1,,,,,,,,,,,,,,,,,,,,,,,,,,,,,,,,,,,,,,,,,,,,,,,,,,,,,,,,,,,,,,,,,,,,,,,,,,,,,,,,,,,,,,,,,,,,,,,,,,,,,,,,,,,,,,,,,,,,,,,,,,,,,,,,,,,,,,,,,,,,,,,,,,,,,,,,,,,,,,,,,,,,,,,,,,,,,,,,,,,,,,,,,,,,,,,,,,,,,,,,,,,,,,,,,,,,,,,,,,,,,,,,,,,,,,,,,,,,,,,,,
金属制品业,陕西省,0,,,,,,,,,,,,,,,,,,,,,,,,,,,,,,,,,,,,,,,,,,,,,,,,,,,,,,,,,,,,,,,,,,,,,,,,,,,,,,,,,,,,,,,,,,,,,,,,,,,,,,,,,,,,,,,,,,,,,,,,,,,,,,,,,,,,,,,,,,,,,,,,,,,,,,,,,,,,,,,,,,,,,,,,,,,,,,,,,,,,,,,,,,,,,,,,,,,,,,,,,,,,,,,,,,,,,,,,,,,,,,,,,,,,,,,,,,,,,,,,,,,,,,,,,,,,,,,,,,,,,,,,,,,,,,
文化、体育和娱乐业,陕西省,1,,,,,,,1,,1,,,,1,,,,,,,,,,,,,,,,,,,,,,,,,,,,,,,,,,,,,,,,,,,,,,,,,,,,,,,,,,,,,,,,,,,,,,,,,,,,,,,,,,,,,,,,,,,,,,,,,,,,,,,,,,,,,,,,,,,,,,,,,,,,,,,,,,,,,,,,,,,,,,,,,,,,,,,,,,,,,,,,,,,,,,,,,,,,,,,,,,,,,,,,,,,,,,,,,,,,,,,,,,,,,,,,,,,,,,,,,,,,,,,,,,,,,,,,,,,,,,,,,,,,,,,,,,,,,,,,,
橡胶和塑料制品业,陕西省,0,,,,,,,,,,,,,,,,,,,,,,,,,,,,,,,,,,,,,,,,,,,,,,,,,,,,,,,,,,,,,,,,,,,,,,,,,,,,,,,,,,,,,,,,,,,,,,,,,,,,,,,,,,,,,,,,,,,,,,,,,,,,,,,,,,,,,,,,,,,,,,,,,,,,,,,,,,,,,,,,,,,,,,,,,,,,,,,,,,,,,,,,,,,,,,,,,,,,,,,,,,,,,,,,,,,,,,,,,,,,,,,,,,,,,,,,,,,,,,,,,,,,,,,,,,,,,,,,,,,,,,,,,,,,,,
租赁和商务服务业,陕西省,1,,,,,,,1,,,,,1,,,,,,,,,,,,,,,,,,,,,,1,,,,,,,,,,,,,,,,,,,,,,,,,,,,,,,,,,,,,,,,,,,,,,,,,,,,,,,,,,,,,,,,,,,,,,,,,,,,,,,,,,,,,,,,,,,,,,,,,,,,,,,,,,,,,,,,,,,,,,,,,,,,,,,,,,,,,,,,,,,,,,,,,,,,,,,,,,,,,,,,,,,,,,,,,,,,,,,,,,,,,,,,,,,,,,,,,,,,,,,,,,,,,,,,,,,,,,,,,,,,,,,,,,,,,,,,,,,,
农、林、牧、渔业,陕西省,0,,,,,,,,,,,,,,,,,,,,,,,,,,,,,,,,,,,,,,,,,,,,,,,,,,,,,,,,,,,,,,,,,,,,,,,,,,,,,,,,,,,,,,,,,,,,,,,,,,,,,,,,,,,,,,,,,,,,,,,,,,,,,,,,,,,,,,,,,,,,,,,,,,,,,,,,,,,,,,,,,,,,,,,,,,,,,,,,,,,,,,,,,,,,,,,,,,,,,,,,,,,,,,,,,,,,,,,,,,,,,,,,,,,,,,,,,,,,,,,,,,,,,,,,,,,,,,,,,,,,,,,,,,,,,,
仪器仪表制造业,陕西省,0,,,,,,,,,,,,,,,,,,,,,,,,,,,,,,,,,,,,,,,,,,,,,,,,,,,,,,,,,,,,,,,,,,,,,,,,,,,,,,,,,,,,,,,,,,,,,,,,,,,,,,,,,,,,,,,,,,,,,,,,,,,,,,,,,,,,,,,,,,,,,,,,,,,,,,,,,,,,,,,,,,,,,,,,,,,,,,,,,,,,,,,,,,,,,,,,,,,,,,,,,,,,,,,,,,,,,,,,,,,,,,,,,,,,,,,,,,,,,,,,,,,,,,,,,,,,,,,,,,,,,,,,,,,,,,
造纸和纸制品业,陕西省,1,,,,,1,,,,1,,,,,1,,,,,,,,,,,,,,,,,,,,,,,,,,,,,,,,,,,,,,,,,,,,,,,,,,,,,,,,,,,,,,,,,,,,,,,,,,,,,,,,,,,,,,,,,,,,,,,,,,,,,,,,,,,,,,,,,,,,,,,,,,,,,,,,,,,,,,,,,,,,,,,,,,,,,,,,,,,,,,,,,,,,,,,,,,,,,,,,,,,,,,,,,,,,,,,,,,,,,,,,,,,,,,,,,,,,,,,,,,,,,,,,,,,,,,,,,,,,,,,,,,,,,,,,,,,,,,,,
其他制造业,陕西省,1,,,,,,,1,,,,,1,,,,,,,,,,,,,,,,,,,,,,1,,,,,,,,,,,,,,,,,,,,,,,,,,,,,,,,,,,,,,,,,,,,,,,,,,,,,,,,,,,,,,,,,,,,,,,,,,,,,,,,,,,,,,,,,,,,,,,,,,,,,,,,,,,,,,,,,,,,,,,,,,,,,,,,,,,,,,,,,,,,,,,,,,,,,,,,,,,,,,,,,,,,,,,,,,,,,,,,,,,,,,,,,,,,,,,,,,,,,,,,,,,,,,,,,,,,,,,,,,,,,,,,,,,,,,,,,,,,
教育,陕西省,1,,,,,1,,,,,,,1,,,,,,,,,,,,,,,,,,,1,,,,,,,,,,,,,,,,,,,,,,,,,,,,,,,,,,,,,,,,,,,,,,,,,,,,,,,,,,,,,,,,,,,,,,,,,,,,,,,,,,,,,,,,,,,,,,,,,,,,,,,,,,,,,,,,,,,,,,,,,,,,,,,,,,,,,,,,,,,,,,,,,,,,,,,,,,,,,,,,,,,,,,,,,,,,,,,,,,,,,,,,,,,,,,,,,,,,,,,,,,,,,,,,,,,,,,,,,,,,,,,,,,,,,,,,,,,,,,,
综合,陕西省,1,,,,,,,1,,,1,,,,,,,1,,,,,,,,,,,,,,,,,,,,,,,,,,,,,,,,,,,,,,,,,,,,,,,,,,,,,,,,,,,,,,,,,,,,,,,,,,,,,,,,,,,,,,,,,,,,,,,,,,,,,,,,,,,,,,,,,,,,,,,,,,,,,,,,,,,,,,,,,,,,,,,,,,,,,,,,,,,,,,,,,,,,,,,,,,,,,,,,,,,,,,,,,,,,,,,,,,,,,,,,,,,,,,,,,,,,,,,,,,,,,,,,,,,,,,,,,,,,,,,,,,,,,,,,,,,,,
废弃资源综合利用业,陕西省,2,,,,,,,1,1,,1,,1,,,,,1,,,,,,,,,,,,,,,,,,,,1,,,,,,,,,,,,,,,,,,,,,,,,,,,,,,,,,,,,,,,,,,,,,,,,,,,,,,,,,,,,,,,,,,,,,,,,,,,,,,,,,,,,,,,,,,,,,,,,,,,,,,,,,,,,,,,,,,,,,,,,,,,,,,,,,,,,,,,,,,,,,,,,,,,,,,,,,,,,,,,,,,,,,,,,,,,,,,,,,,,,,,,,,,,,,,,,,,,,,,,,,,,,,,,,,,,,,,,,,,,,,,,,,,,,,,,,,
印刷和记录媒介复制业,陕西省,1,,,,,,1,,,1,,,,,,,1,,,,,,,,,,,,,,,,,,,,,,,,,,,,,,,,,,,,,,,,,,,,,,,,,,,,,,,,,,,,,,,,,,,,,,,,,,,,,,,,,,,,,,,,,,,,,,,,,,,,,,,,,,,,,,,,,,,,,,,,,,,,,,,,,,,,,,,,,,,,,,,,,,,,,,,,,,,,,,,,,,,,,,,,,,,,,,,,,,,,,,,,,,,,,,,,,,,,,,,,,,,,,,,,,,,,,,,,,,,,,,,,,,,,,,,,,,,,,,,,,,,,,,,,,,,,,,
卫生和社会工作,陕西省,1,,,,,,,1,,1,,,,1,,,,,,,,,,,,,,,,,,,,,,,,,,,,,,,,,,,,,,,,,,,,,,,,,,,,,,,,,,,,,,,,,,,,,,,,,,,,,,,,,,,,,,,,,,,,,,,,,,,,,,,,,,,,,,,,,,,,,,,,,,,,,,,,,,,,,,,,,,,,,,,,,,,,,,,,,,,,,,,,,,,,,,,,,,,,,,,,,,,,,,,,,,,,,,,,,,,,,,,,,,,,,,,,,,,,,,,,,,,,,,,,,,,,,,,,,,,,,,,,,,,,,,,,,,,,,,,,,
文教、工美、体育和娱乐用品制造业,陕西省,0,,,,,,,,,,,,,,,,,,,,,,,,,,,,,,,,,,,,,,,,,,,,,,,,,,,,,,,,,,,,,,,,,,,,,,,,,,,,,,,,,,,,,,,,,,,,,,,,,,,,,,,,,,,,,,,,,,,,,,,,,,,,,,,,,,,,,,,,,,,,,,,,,,,,,,,,,,,,,,,,,,,,,,,,,,,,,,,,,,,,,,,,,,,,,,,,,,,,,,,,,,,,,,,,,,,,,,,,,,,,,,,,,,,,,,,,,,,,,,,,,,,,,,,,,,,,,,,,,,,,,,,,,,,,,,
石油加工、炼焦和核燃料加工业,陕西省,1,,,,,,,1,,,,,1,,,,,,,,,,,,,,,,,,,,,,1,,,,,,,,,,,,,,,,,,,,,,,,,,,,,,,,,,,,,,,,,,,,,,,,,,,,,,,,,,,,,,,,,,,,,,,,,,,,,,,,,,,,,,,,,,,,,,,,,,,,,,,,,,,,,,,,,,,,,,,,,,,,,,,,,,,,,,,,,,,,,,,,,,,,,,,,,,,,,,,,,,,,,,,,,,,,,,,,,,,,,,,,,,,,,,,,,,,,,,,,,,,,,,,,,,,,,,,,,,,,,,,,,,,,,,,,,,,,
化学纤维制造业,陕西省,0,,,,,,,,,,,,,,,,,,,,,,,,,,,,,,,,,,,,,,,,,,,,,,,,,,,,,,,,,,,,,,,,,,,,,,,,,,,,,,,,,,,,,,,,,,,,,,,,,,,,,,,,,,,,,,,,,,,,,,,,,,,,,,,,,,,,,,,,,,,,,,,,,,,,,,,,,,,,,,,,,,,,,,,,,,,,,,,,,,,,,,,,,,,,,,,,,,,,,,,,,,,,,,,,,,,,,,,,,,,,,,,,,,,,,,,,,,,,,,,,,,,,,,,,,,,,,,,,,,,,,,,,,,,,,,
家具制造业,陕西省,0,,,,,,,,,,,,,,,,,,,,,,,,,,,,,,,,,,,,,,,,,,,,,,,,,,,,,,,,,,,,,,,,,,,,,,,,,,,,,,,,,,,,,,,,,,,,,,,,,,,,,,,,,,,,,,,,,,,,,,,,,,,,,,,,,,,,,,,,,,,,,,,,,,,,,,,,,,,,,,,,,,,,,,,,,,,,,,,,,,,,,,,,,,,,,,,,,,,,,,,,,,,,,,,,,,,,,,,,,,,,,,,,,,,,,,,,,,,,,,,,,,,,,,,,,,,,,,,,,,,,,,,,,,,,,,
住宿和餐饮业,陕西省,1,,,,,1,,,,1,,,,,1,,,,,,,,,,,,,,,,,,,,,,,,,,,,,,,,,,,,,,,,,,,,,,,,,,,,,,,,,,,,,,,,,,,,,,,,,,,,,,,,,,,,,,,,,,,,,,,,,,,,,,,,,,,,,,,,,,,,,,,,,,,,,,,,,,,,,,,,,,,,,,,,,,,,,,,,,,,,,,,,,,,,,,,,,,,,,,,,,,,,,,,,,,,,,,,,,,,,,,,,,,,,,,,,,,,,,,,,,,,,,,,,,,,,,,,,,,,,,,,,,,,,,,,,,,,,,,,,
木材加工和木、竹、藤、棕、草制品业,陕西省,0,,,,,,,,,,,,,,,,,,,,,,,,,,,,,,,,,,,,,,,,,,,,,,,,,,,,,,,,,,,,,,,,,,,,,,,,,,,,,,,,,,,,,,,,,,,,,,,,,,,,,,,,,,,,,,,,,,,,,,,,,,,,,,,,,,,,,,,,,,,,,,,,,,,,,,,,,,,,,,,,,,,,,,,,,,,,,,,,,,,,,,,,,,,,,,,,,,,,,,,,,,,,,,,,,,,,,,,,,,,,,,,,,,,,,,,,,,,,,,,,,,,,,,,,,,,,,,,,,,,,,,,,,,,,,,
居民服务、修理和其他服务业,陕西省,0,,,,,,,,,,,,,,,,,,,,,,,,,,,,,,,,,,,,,,,,,,,,,,,,,,,,,,,,,,,,,,,,,,,,,,,,,,,,,,,,,,,,,,,,,,,,,,,,,,,,,,,,,,,,,,,,,,,,,,,,,,,,,,,,,,,,,,,,,,,,,,,,,,,,,,,,,,,,,,,,,,,,,,,,,,,,,,,,,,,,,,,,,,,,,,,,,,,,,,,,,,,,,,,,,,,,,,,,,,,,,,,,,,,,,,,,,,,,,,,,,,,,,,,,,,,,,,,,,,,,,,,,,,,,,,
医药制造业,天津市,8,,,,,4,,4,,3,1,,4,1,2,,,1,,,,,,,,,,,,,,2,,,2,,,,,,,,,,,,,,,,,,,,,,,,,,,,,,,,,,,,,,,,,,,,,,,,,,,,,,,,,,,,,,,,,,,,,,,,,,,,,,,,,,,,,,,,,,,,,,,,,,,,,,,,,,,,,,,,,,,,,,,,,,,,,,,,,,,,,,,,,,,,,,,,,,,,,,,,,,,,,,,,,,,,,,,,,,,,,,,,,,,,,,,,,,,,,,,,,,,,,,,,,,,,,,,,,,,,,,,,,,,,,,,,,,,,,,,,,,,,
化学原料和化学制品制造业,天津市,4,,,,,2,,2,,1,1,,2,1,,,,,,,,,,1,,,,,,,,1,,,1,,,,,,,,,,,,,,,,,,,,,,,,,,,,,,,,,,,,,,,,,,,,,,,,,,,,,,,,,,,,,,,,,,,,,,,,,,,,,,,,,,,,,,,,,,,,,,,,,,,,,,,,,,,,,,,,,,,,,,,,,,,,,,,,,,,,,,,,,,,,,,,,,,,,,,,,,,,,,,,,,,,,,,,,,,,,,,,,,,,,,,,,,,,,,,,,,,,,,,,,,,,,,,,,,,,,,,,,,,,,,,,,,,,,,,,,,,,,
食品饮料业,天津市,2,,,,,1,,1,,1,1,,,,1,,,1,,,,,,,,,,,,,,,,,,,,,,,,,,,,,,,,,,,,,,,,,,,,,,,,,,,,,,,,,,,,,,,,,,,,,,,,,,,,,,,,,,,,,,,,,,,,,,,,,,,,,,,,,,,,,,,,,,,,,,,,,,,,,,,,,,,,,,,,,,,,,,,,,,,,,,,,,,,,,,,,,,,,,,,,,,,,,,,,,,,,,,,,,,,,,,,,,,,,,,,,,,,,,,,,,,,,,,,,,,,,,,,,,,,,,,,,,,,,,,,,,,,,,,,,,,,,,
专用设备制造业,天津市,10,,,,1,2,,7,,6,,,4,5,1,,,,,,,,,,,,,,,,,1,,,2,,,,1,,,,,,,,,,,,,,,,,,,,,,,,,,,,,,,,,,,,,,,,,,,,,,,,,,,,,,,,,,,,,,,,,,,,,,,,,,,,,,,,,,,,,,,,,,,,,,,,,,,,,,,,,,,,,,,,,,,,,,,,,,,,,,,,,,,,,,,,,,,,,,,,,,,,,,,,,,,,,,,,,,,,,,,,,,,,,,,,,,,,,,,,,,,,,,,,,,,,,,,,,,,,,,,,,,,,,,,,,,,,,,,,,,,,,,,,
信息传输、软件和信息技术服务业,天津市,1,,,,,,,1,,,,,1,,,,,,,,,,,,,,,,,,,,,,1,,,,,,,,,,,,,,,,,,,,,,,,,,,,,,,,,,,,,,,,,,,,,,,,,,,,,,,,,,,,,,,,,,,,,,,,,,,,,,,,,,,,,,,,,,,,,,,,,,,,,,,,,,,,,,,,,,,,,,,,,,,,,,,,,,,,,,,,,,,,,,,,,,,,,,,,,,,,,,,,,,,,,,,,,,,,,,,,,,,,,,,,,,,,,,,,,,,,,,,,,,,,,,,,,,,,,,,,,,,,,,,,,,,,,,,,,,,,
电力、热力、燃气及水生产和供应业,天津市,7,,1,,,6,,,,1,4,,2,,,1,,,,,,,,4,,,,,,,,2,,,,,,,,,,,,,,,,,,,,,,,,,,,,,,,,,,,,,,,,,,,,,,,,,,,,,,,,,,,,,,,,,,,,,,,,,,,,,,,,,,,,,,,,,,,,,,,,,,,,,,,,,,,,,,,,,,,,,,,,,,,,,,,,,,,,,,,,,,,,,,,,,,,,,,,,,,,,,,,,,,,,,,,,,,,,,,,,,,,,,,,,,,,,,,,,,,,,,,,,,,,,,,,,,,,,,,,,,,,,,,,,,,,,,,,,,,,,,,,
商业电气机械和器材制造业,天津市,3,,,,,1,,2,,2,,,1,2,,,,,,,,,,,,,,,,,,1,,,,,,,,,,,,,,,,,,,,,,,,,,,,,,,,,,,,,,,,,,,,,,,,,,,,,,,,,,,,,,,,,,,,,,,,,,,,,,,,,,,,,,,,,,,,,,,,,,,,,,,,,,,,,,,,,,,,,,,,,,,,,,,,,,,,,,,,,,,,,,,,,,,,,,,,,,,,,,,,,,,,,,,,,,,,,,,,,,,,,,,,,,,,,,,,,,,,,,,,,,,,,,,,,,,,,,,,,,,,,,,,,,,,,,,,,,,,,,,
批发和零售业,天津市,4,,2,,,2,,,,2,,,2,,1,1,,,,,,,,,,,,,,,,1,1,,,,,,,,,,,,,,,,,,,,,,,,,,,,,,,,,,,,,,,,,,,,,,,,,,,,,,,,,,,,,,,,,,,,,,,,,,,,,,,,,,,,,,,,,,,,,,,,,,,,,,,,,,,,,,,,,,,,,,,,,,,,,,,,,,,,,,,,,,,,,,,,,,,,,,,,,,,,,,,,,,,,,,,,,,,,,,,,,,,,,,,,,,,,,,,,,,,,,,,,,,,,,,,,,,,,,,,,,,,,,,,,,,,,,,,,,,,,,,
金融业,天津市,3,,,,,2,,1,,,3,,,,,,,1,,,,,,2,,,,,,,,,,,,,,,,,,,,,,,,,,,,,,,,,,,,,,,,,,,,,,,,,,,,,,,,,,,,,,,,,,,,,,,,,,,,,,,,,,,,,,,,,,,,,,,,,,,,,,,,,,,,,,,,,,,,,,,,,,,,,,,,,,,,,,,,,,,,,,,,,,,,,,,,,,,,,,,,,,,,,,,,,,,,,,,,,,,,,,,,,,,,,,,,,,,,,,,,,,,,,,,,,,,,,,,,,,,,,,,,,,,,,,,,,,,,,,,,,,,,,,,
汽车制造业,天津市,2,,,,,,,2,,2,,,,2,,,,,,,,,,,,,,,,,,,,,,,,,,,,,,,,,,,,,,,,,,,,,,,,,,,,,,,,,,,,,,,,,,,,,,,,,,,,,,,,,,,,,,,,,,,,,,,,,,,,,,,,,,,,,,,,,,,,,,,,,,,,,,,,,,,,,,,,,,,,,,,,,,,,,,,,,,,,,,,,,,,,,,,,,,,,,,,,,,,,,,,,,,,,,,,,,,,,,,,,,,,,,,,,,,,,,,,,,,,,,,,,,,,,,,,,,,,,,,,,,,,,,,,,,,,,,,,,,
金属冶炼和压延加工业,天津市,0,,,,,,,,,,,,,,,,,,,,,,,,,,,,,,,,,,,,,,,,,,,,,,,,,,,,,,,,,,,,,,,,,,,,,,,,,,,,,,,,,,,,,,,,,,,,,,,,,,,,,,,,,,,,,,,,,,,,,,,,,,,,,,,,,,,,,,,,,,,,,,,,,,,,,,,,,,,,,,,,,,,,,,,,,,,,,,,,,,,,,,,,,,,,,,,,,,,,,,,,,,,,,,,,,,,,,,,,,,,,,,,,,,,,,,,,,,,,,,,,,,,,,,,,,,,,,,,,,,,,,,,,,,,,,,
交通运输、仓储和邮政业,天津市,8,,4,,,3,,1,,1,4,,3,,,1,,1,,1,,,,2,,,,,,,,1,2,,,,,,,,,,,,,,,,,,,,,,,,,,,,,,,,,,,,,,,,,,,,,,,,,,,,,,,,,,,,,,,,,,,,,,,,,,,,,,,,,,,,,,,,,,,,,,,,,,,,,,,,,,,,,,,,,,,,,,,,,,,,,,,,,,,,,,,,,,,,,,,,,,,,,,,,,,,,,,,,,,,,,,,,,,,,,,,,,,,,,,,,,,,,,,,,,,,,,,,,,,,,,,,,,,,,,,,,,,,,,,,,,,,,,,,,,,,,,,
消费电子及电气业,天津市,2,,,,,,,2,,1,,1,,1,,,,,,,,,,,,,,,1,,,,,,,,,,,,,,,,,,,,,,,,,,,,,,,,,,,,,,,,,,,,,,,,,,,,,,,,,,,,,,,,,,,,,,,,,,,,,,,,,,,,,,,,,,,,,,,,,,,,,,,,,,,,,,,,,,,,,,,,,,,,,,,,,,,,,,,,,,,,,,,,,,,,,,,,,,,,,,,,,,,,,,,,,,,,,,,,,,,,,,,,,,,,,,,,,,,,,,,,,,,,,,,,,,,,,,,,,,,,,,,,,,,,,,,,,,,,,,,,,,
房地产业,天津市,7,,,,,5,1,1,,2,2,,3,,2,,,1,1,,,,,,,,,,,,,3,,,,,,,,,,,,,,,,,,,,,,,,,,,,,,,,,,,,,,,,,,,,,,,,,,,,,,,,,,,,,,,,,,,,,,,,,,,,,,,,,,,,,,,,,,,,,,,,,,,,,,,,,,,,,,,,,,,,,,,,,,,,,,,,,,,,,,,,,,,,,,,,,,,,,,,,,,,,,,,,,,,,,,,,,,,,,,,,,,,,,,,,,,,,,,,,,,,,,,,,,,,,,,,,,,,,,,,,,,,,,,,,,,,,,,,,,,,,,,,
采矿业,天津市,4,,3,,,,,1,,,1,,3,,,,,,,1,,,,,,,,,,,,,2,,1,,,,,,,,,,,,,,,,,,,,,,,,,,,,,,,,,,,,,,,,,,,,,,,,,,,,,,,,,,,,,,,,,,,,,,,,,,,,,,,,,,,,,,,,,,,,,,,,,,,,,,,,,,,,,,,,,,,,,,,,,,,,,,,,,,,,,,,,,,,,,,,,,,,,,,,,,,,,,,,,,,,,,,,,,,,,,,,,,,,,,,,,,,,,,,,,,,,,,,,,,,,,,,,,,,,,,,,,,,,,,,,,,,,,,,,,,,,,
非金属矿物制品业,天津市,0,,,,,,,,,,,,,,,,,,,,,,,,,,,,,,,,,,,,,,,,,,,,,,,,,,,,,,,,,,,,,,,,,,,,,,,,,,,,,,,,,,,,,,,,,,,,,,,,,,,,,,,,,,,,,,,,,,,,,,,,,,,,,,,,,,,,,,,,,,,,,,,,,,,,,,,,,,,,,,,,,,,,,,,,,,,,,,,,,,,,,,,,,,,,,,,,,,,,,,,,,,,,,,,,,,,,,,,,,,,,,,,,,,,,,,,,,,,,,,,,,,,,,,,,,,,,,,,,,,,,,,,,,,,,,,
通用设备制造业,天津市,1,,,,,,,1,,,,,1,,,,,,,,,,,,,,,,,,,,,,1,,,,,,,,,,,,,,,,,,,,,,,,,,,,,,,,,,,,,,,,,,,,,,,,,,,,,,,,,,,,,,,,,,,,,,,,,,,,,,,,,,,,,,,,,,,,,,,,,,,,,,,,,,,,,,,,,,,,,,,,,,,,,,,,,,,,,,,,,,,,,,,,,,,,,,,,,,,,,,,,,,,,,,,,,,,,,,,,,,,,,,,,,,,,,,,,,,,,,,,,,,,,,,,,,,,,,,,,,,,,,,,,,,,,,,,,,,,,
半导体业,天津市,3,,1,,,,,2,,1,,,2,1,,,,,,,,,,,,,,,,,,,1,,1,,,,,,,,,,,,,,,,,,,,,,,,,,,,,,,,,,,,,,,,,,,,,,,,,,,,,,,,,,,,,,,,,,,,,,,,,,,,,,,,,,,,,,,,,,,,,,,,,,,,,,,,,,,,,,,,,,,,,,,,,,,,,,,,,,,,,,,,,,,,,,,,,,,,,,,,,,,,,,,,,,,,,,,,,,,,,,,,,,,,,,,,,,,,,,,,,,,,,,,,,,,,,,,,,,,,,,,,,,,,,,,,,,,,,,,,,,,,
建筑业,天津市,0,,,,,,,,,,,,,,,,,,,,,,,,,,,,,,,,,,,,,,,,,,,,,,,,,,,,,,,,,,,,,,,,,,,,,,,,,,,,,,,,,,,,,,,,,,,,,,,,,,,,,,,,,,,,,,,,,,,,,,,,,,,,,,,,,,,,,,,,,,,,,,,,,,,,,,,,,,,,,,,,,,,,,,,,,,,,,,,,,,,,,,,,,,,,,,,,,,,,,,,,,,,,,,,,,,,,,,,,,,,,,,,,,,,,,,,,,,,,,,,,,,,,,,,,,,,,,,,,,,,,,,,,,,,,,,
铁路、船舶、航空航天和其他运输设备制造业,天津市,1,,,,,,,1,,,,,1,,,,,,,,,,,,,,,,,,,,,,1,,,,,,,,,,,,,,,,,,,,,,,,,,,,,,,,,,,,,,,,,,,,,,,,,,,,,,,,,,,,,,,,,,,,,,,,,,,,,,,,,,,,,,,,,,,,,,,,,,,,,,,,,,,,,,,,,,,,,,,,,,,,,,,,,,,,,,,,,,,,,,,,,,,,,,,,,,,,,,,,,,,,,,,,,,,,,,,,,,,,,,,,,,,,,,,,,,,,,,,,,,,,,,,,,,,,,,,,,,,,,,,,,,,,,,,,,,,,
水利、环境和公共设施管理业,天津市,1,,,,,,,1,,1,,,,1,,,,,,,,,,,,,,,,,,,,,,,,,,,,,,,,,,,,,,,,,,,,,,,,,,,,,,,,,,,,,,,,,,,,,,,,,,,,,,,,,,,,,,,,,,,,,,,,,,,,,,,,,,,,,,,,,,,,,,,,,,,,,,,,,,,,,,,,,,,,,,,,,,,,,,,,,,,,,,,,,,,,,,,,,,,,,,,,,,,,,,,,,,,,,,,,,,,,,,,,,,,,,,,,,,,,,,,,,,,,,,,,,,,,,,,,,,,,,,,,,,,,,,,,,,,,,,,,,
科学研究和技术服务业,天津市,5,,1,,,1,2,1,,1,1,1,2,,,,1,,1,,,,,,,,,,,,1,,1,,1,,,,,,,,,,,,,,,,,,,,,,,,,,,,,,,,,,,,,,,,,,,,,,,,,,,,,,,,,,,,,,,,,,,,,,,,,,,,,,,,,,,,,,,,,,,,,,,,,,,,,,,,,,,,,,,,,,,,,,,,,,,,,,,,,,,,,,,,,,,,,,,,,,,,,,,,,,,,,,,,,,,,,,,,,,,,,,,,,,,,,,,,,,,,,,,,,,,,,,,,,,,,,,,,,,,,,,,,,,,,,,,,,,,,,,,,,,,,
纺织鞋服业,天津市,0,,,,,,,,,,,,,,,,,,,,,,,,,,,,,,,,,,,,,,,,,,,,,,,,,,,,,,,,,,,,,,,,,,,,,,,,,,,,,,,,,,,,,,,,,,,,,,,,,,,,,,,,,,,,,,,,,,,,,,,,,,,,,,,,,,,,,,,,,,,,,,,,,,,,,,,,,,,,,,,,,,,,,,,,,,,,,,,,,,,,,,,,,,,,,,,,,,,,,,,,,,,,,,,,,,,,,,,,,,,,,,,,,,,,,,,,,,,,,,,,,,,,,,,,,,,,,,,,,,,,,,,,,,,,,,
通信传输设备业,天津市,2,,,,,1,,1,,1,,,1,1,,,,,,,,,,,,,,,,,,1,,,,,,,,,,,,,,,,,,,,,,,,,,,,,,,,,,,,,,,,,,,,,,,,,,,,,,,,,,,,,,,,,,,,,,,,,,,,,,,,,,,,,,,,,,,,,,,,,,,,,,,,,,,,,,,,,,,,,,,,,,,,,,,,,,,,,,,,,,,,,,,,,,,,,,,,,,,,,,,,,,,,,,,,,,,,,,,,,,,,,,,,,,,,,,,,,,,,,,,,,,,,,,,,,,,,,,,,,,,,,,,,,,,,,,,,,,,,,,,
金属制品业,天津市,4,,,,,,,4,,2,,,2,2,,,,,,,,,,,,,,,,,,,,,2,,,,,,,,,,,,,,,,,,,,,,,,,,,,,,,,,,,,,,,,,,,,,,,,,,,,,,,,,,,,,,,,,,,,,,,,,,,,,,,,,,,,,,,,,,,,,,,,,,,,,,,,,,,,,,,,,,,,,,,,,,,,,,,,,,,,,,,,,,,,,,,,,,,,,,,,,,,,,,,,,,,,,,,,,,,,,,,,,,,,,,,,,,,,,,,,,,,,,,,,,,,,,,,,,,,,,,,,,,,,,,,,,,,,,,,,,,,,
文化、体育和娱乐业,天津市,2,,1,,,,,1,,,,,2,,,,,,,,,,,,,,,,,,,,1,,1,,,,,,,,,,,,,,,,,,,,,,,,,,,,,,,,,,,,,,,,,,,,,,,,,,,,,,,,,,,,,,,,,,,,,,,,,,,,,,,,,,,,,,,,,,,,,,,,,,,,,,,,,,,,,,,,,,,,,,,,,,,,,,,,,,,,,,,,,,,,,,,,,,,,,,,,,,,,,,,,,,,,,,,,,,,,,,,,,,,,,,,,,,,,,,,,,,,,,,,,,,,,,,,,,,,,,,,,,,,,,,,,,,,,,,,,,,,,
橡胶和塑料制品业,天津市,0,,,,,,,,,,,,,,,,,,,,,,,,,,,,,,,,,,,,,,,,,,,,,,,,,,,,,,,,,,,,,,,,,,,,,,,,,,,,,,,,,,,,,,,,,,,,,,,,,,,,,,,,,,,,,,,,,,,,,,,,,,,,,,,,,,,,,,,,,,,,,,,,,,,,,,,,,,,,,,,,,,,,,,,,,,,,,,,,,,,,,,,,,,,,,,,,,,,,,,,,,,,,,,,,,,,,,,,,,,,,,,,,,,,,,,,,,,,,,,,,,,,,,,,,,,,,,,,,,,,,,,,,,,,,,,
租赁和商务服务业,天津市,1,1,,,,,,,,1,,,,,,,,,,,,,,,1,,,,,,,,,,,,,,,,,,,,,,,,,,,,,,,,,,,,,,,,,,,,,,,,,,,,,,,,,,,,,,,,,,,,,,,,,,,,,,,,,,,,,,,,,,,,,,,,,,,,,,,,,,,,,,,,,,,,,,,,,,,,,,,,,,,,,,,,,,,,,,,,,,,,,,,,,,,,,,,,,,,,,,,,,,,,,,,,,,,,,,,,,,,,,,,,,,,,,,,,,,,,,,,,,,,,,,,,,,,,,,,,,,,,,,,,,,,,,,,,,,,,,,
农、林、牧、渔业,天津市,0,,,,,,,,,,,,,,,,,,,,,,,,,,,,,,,,,,,,,,,,,,,,,,,,,,,,,,,,,,,,,,,,,,,,,,,,,,,,,,,,,,,,,,,,,,,,,,,,,,,,,,,,,,,,,,,,,,,,,,,,,,,,,,,,,,,,,,,,,,,,,,,,,,,,,,,,,,,,,,,,,,,,,,,,,,,,,,,,,,,,,,,,,,,,,,,,,,,,,,,,,,,,,,,,,,,,,,,,,,,,,,,,,,,,,,,,,,,,,,,,,,,,,,,,,,,,,,,,,,,,,,,,,,,,,,
仪器仪表制造业,天津市,0,,,,,,,,,,,,,,,,,,,,,,,,,,,,,,,,,,,,,,,,,,,,,,,,,,,,,,,,,,,,,,,,,,,,,,,,,,,,,,,,,,,,,,,,,,,,,,,,,,,,,,,,,,,,,,,,,,,,,,,,,,,,,,,,,,,,,,,,,,,,,,,,,,,,,,,,,,,,,,,,,,,,,,,,,,,,,,,,,,,,,,,,,,,,,,,,,,,,,,,,,,,,,,,,,,,,,,,,,,,,,,,,,,,,,,,,,,,,,,,,,,,,,,,,,,,,,,,,,,,,,,,,,,,,,,
造纸和纸制品业,天津市,1,,,,,,,1,,1,,,,1,,,,,,,,,,,,,,,,,,,,,,,,,,,,,,,,,,,,,,,,,,,,,,,,,,,,,,,,,,,,,,,,,,,,,,,,,,,,,,,,,,,,,,,,,,,,,,,,,,,,,,,,,,,,,,,,,,,,,,,,,,,,,,,,,,,,,,,,,,,,,,,,,,,,,,,,,,,,,,,,,,,,,,,,,,,,,,,,,,,,,,,,,,,,,,,,,,,,,,,,,,,,,,,,,,,,,,,,,,,,,,,,,,,,,,,,,,,,,,,,,,,,,,,,,,,,,,,,,
其他制造业,天津市,0,,,,,,,,,,,,,,,,,,,,,,,,,,,,,,,,,,,,,,,,,,,,,,,,,,,,,,,,,,,,,,,,,,,,,,,,,,,,,,,,,,,,,,,,,,,,,,,,,,,,,,,,,,,,,,,,,,,,,,,,,,,,,,,,,,,,,,,,,,,,,,,,,,,,,,,,,,,,,,,,,,,,,,,,,,,,,,,,,,,,,,,,,,,,,,,,,,,,,,,,,,,,,,,,,,,,,,,,,,,,,,,,,,,,,,,,,,,,,,,,,,,,,,,,,,,,,,,,,,,,,,,,,,,,,,
教育,天津市,0,,,,,,,,,,,,,,,,,,,,,,,,,,,,,,,,,,,,,,,,,,,,,,,,,,,,,,,,,,,,,,,,,,,,,,,,,,,,,,,,,,,,,,,,,,,,,,,,,,,,,,,,,,,,,,,,,,,,,,,,,,,,,,,,,,,,,,,,,,,,,,,,,,,,,,,,,,,,,,,,,,,,,,,,,,,,,,,,,,,,,,,,,,,,,,,,,,,,,,,,,,,,,,,,,,,,,,,,,,,,,,,,,,,,,,,,,,,,,,,,,,,,,,,,,,,,,,,,,,,,,,,,,,,,,,
综合,天津市,1,,,,,1,,,,,1,,,,,,,,,,,,,1,,,,,,,,,,,,,,,,,,,,,,,,,,,,,,,,,,,,,,,,,,,,,,,,,,,,,,,,,,,,,,,,,,,,,,,,,,,,,,,,,,,,,,,,,,,,,,,,,,,,,,,,,,,,,,,,,,,,,,,,,,,,,,,,,,,,,,,,,,,,,,,,,,,,,,,,,,,,,,,,,,,,,,,,,,,,,,,,,,,,,,,,,,,,,,,,,,,,,,,,,,,,,,,,,,,,,,,,,,,,,,,,,,,,,,,,,,,,,,,,,,,,,,,
废弃资源综合利用业,天津市,0,,,,,,,,,,,,,,,,,,,,,,,,,,,,,,,,,,,,,,,,,,,,,,,,,,,,,,,,,,,,,,,,,,,,,,,,,,,,,,,,,,,,,,,,,,,,,,,,,,,,,,,,,,,,,,,,,,,,,,,,,,,,,,,,,,,,,,,,,,,,,,,,,,,,,,,,,,,,,,,,,,,,,,,,,,,,,,,,,,,,,,,,,,,,,,,,,,,,,,,,,,,,,,,,,,,,,,,,,,,,,,,,,,,,,,,,,,,,,,,,,,,,,,,,,,,,,,,,,,,,,,,,,,,,,,
印刷和记录媒介复制业,天津市,1,,,,,,,1,,1,,,,1,,,,,,,,,,,,,,,,,,,,,,,,,,,,,,,,,,,,,,,,,,,,,,,,,,,,,,,,,,,,,,,,,,,,,,,,,,,,,,,,,,,,,,,,,,,,,,,,,,,,,,,,,,,,,,,,,,,,,,,,,,,,,,,,,,,,,,,,,,,,,,,,,,,,,,,,,,,,,,,,,,,,,,,,,,,,,,,,,,,,,,,,,,,,,,,,,,,,,,,,,,,,,,,,,,,,,,,,,,,,,,,,,,,,,,,,,,,,,,,,,,,,,,,,,,,,,,,,,
卫生和社会工作,天津市,0,,,,,,,,,,,,,,,,,,,,,,,,,,,,,,,,,,,,,,,,,,,,,,,,,,,,,,,,,,,,,,,,,,,,,,,,,,,,,,,,,,,,,,,,,,,,,,,,,,,,,,,,,,,,,,,,,,,,,,,,,,,,,,,,,,,,,,,,,,,,,,,,,,,,,,,,,,,,,,,,,,,,,,,,,,,,,,,,,,,,,,,,,,,,,,,,,,,,,,,,,,,,,,,,,,,,,,,,,,,,,,,,,,,,,,,,,,,,,,,,,,,,,,,,,,,,,,,,,,,,,,,,,,,,,,
文教、工美、体育和娱乐用品制造业,天津市,0,,,,,,,,,,,,,,,,,,,,,,,,,,,,,,,,,,,,,,,,,,,,,,,,,,,,,,,,,,,,,,,,,,,,,,,,,,,,,,,,,,,,,,,,,,,,,,,,,,,,,,,,,,,,,,,,,,,,,,,,,,,,,,,,,,,,,,,,,,,,,,,,,,,,,,,,,,,,,,,,,,,,,,,,,,,,,,,,,,,,,,,,,,,,,,,,,,,,,,,,,,,,,,,,,,,,,,,,,,,,,,,,,,,,,,,,,,,,,,,,,,,,,,,,,,,,,,,,,,,,,,,,,,,,,,
石油加工、炼焦和核燃料加工业,天津市,0,,,,,,,,,,,,,,,,,,,,,,,,,,,,,,,,,,,,,,,,,,,,,,,,,,,,,,,,,,,,,,,,,,,,,,,,,,,,,,,,,,,,,,,,,,,,,,,,,,,,,,,,,,,,,,,,,,,,,,,,,,,,,,,,,,,,,,,,,,,,,,,,,,,,,,,,,,,,,,,,,,,,,,,,,,,,,,,,,,,,,,,,,,,,,,,,,,,,,,,,,,,,,,,,,,,,,,,,,,,,,,,,,,,,,,,,,,,,,,,,,,,,,,,,,,,,,,,,,,,,,,,,,,,,,,
化学纤维制造业,天津市,0,,,,,,,,,,,,,,,,,,,,,,,,,,,,,,,,,,,,,,,,,,,,,,,,,,,,,,,,,,,,,,,,,,,,,,,,,,,,,,,,,,,,,,,,,,,,,,,,,,,,,,,,,,,,,,,,,,,,,,,,,,,,,,,,,,,,,,,,,,,,,,,,,,,,,,,,,,,,,,,,,,,,,,,,,,,,,,,,,,,,,,,,,,,,,,,,,,,,,,,,,,,,,,,,,,,,,,,,,,,,,,,,,,,,,,,,,,,,,,,,,,,,,,,,,,,,,,,,,,,,,,,,,,,,,,
家具制造业,天津市,0,,,,,,,,,,,,,,,,,,,,,,,,,,,,,,,,,,,,,,,,,,,,,,,,,,,,,,,,,,,,,,,,,,,,,,,,,,,,,,,,,,,,,,,,,,,,,,,,,,,,,,,,,,,,,,,,,,,,,,,,,,,,,,,,,,,,,,,,,,,,,,,,,,,,,,,,,,,,,,,,,,,,,,,,,,,,,,,,,,,,,,,,,,,,,,,,,,,,,,,,,,,,,,,,,,,,,,,,,,,,,,,,,,,,,,,,,,,,,,,,,,,,,,,,,,,,,,,,,,,,,,,,,,,,,,
住宿和餐饮业,天津市,0,,,,,,,,,,,,,,,,,,,,,,,,,,,,,,,,,,,,,,,,,,,,,,,,,,,,,,,,,,,,,,,,,,,,,,,,,,,,,,,,,,,,,,,,,,,,,,,,,,,,,,,,,,,,,,,,,,,,,,,,,,,,,,,,,,,,,,,,,,,,,,,,,,,,,,,,,,,,,,,,,,,,,,,,,,,,,,,,,,,,,,,,,,,,,,,,,,,,,,,,,,,,,,,,,,,,,,,,,,,,,,,,,,,,,,,,,,,,,,,,,,,,,,,,,,,,,,,,,,,,,,,,,,,,,,
木材加工和木、竹、藤、棕、草制品业,天津市,0,,,,,,,,,,,,,,,,,,,,,,,,,,,,,,,,,,,,,,,,,,,,,,,,,,,,,,,,,,,,,,,,,,,,,,,,,,,,,,,,,,,,,,,,,,,,,,,,,,,,,,,,,,,,,,,,,,,,,,,,,,,,,,,,,,,,,,,,,,,,,,,,,,,,,,,,,,,,,,,,,,,,,,,,,,,,,,,,,,,,,,,,,,,,,,,,,,,,,,,,,,,,,,,,,,,,,,,,,,,,,,,,,,,,,,,,,,,,,,,,,,,,,,,,,,,,,,,,,,,,,,,,,,,,,,
居民服务、修理和其他服务业,天津市,0,,,,,,,,,,,,,,,,,,,,,,,,,,,,,,,,,,,,,,,,,,,,,,,,,,,,,,,,,,,,,,,,,,,,,,,,,,,,,,,,,,,,,,,,,,,,,,,,,,,,,,,,,,,,,,,,,,,,,,,,,,,,,,,,,,,,,,,,,,,,,,,,,,,,,,,,,,,,,,,,,,,,,,,,,,,,,,,,,,,,,,,,,,,,,,,,,,,,,,,,,,,,,,,,,,,,,,,,,,,,,,,,,,,,,,,,,,,,,,,,,,,,,,,,,,,,,,,,,,,,,,,,,,,,,,
医药制造业,江西省,6,,2,,,,,4,,4,1,,1,3,,1,,1,,,,,,,,,,,,,,,1,,,,,,,,,,,,,,,,,,,,,,,,,,,,,,,,,,,,,,,,,,,,,,,,,,,,,,,,,,,,,,,,,,,,,,,,,,,,,,,,,,,,,,,,,,,,,,,,,,,,,,,,,,,,,,,,,,,,,,,,,,,,,,,,,,,,,,,,,,,,,,,,,,,,,,,,,,,,,,,,,,,,,,,,,,,,,,,,,,,,,,,,,,,,,,,,,,,,,,,,,,,,,,,,,,,,,,,,,,,,,,,,,,,,,,,,,,,,,,
化学原料和化学制品制造业,江西省,7,,,,,3,1,3,,4,,,3,2,2,,,,,,,,,,,,,,,,,1,,1,1,,,,,,,,,,,,,,,,,,,,,,,,,,,,,,,,,,,,,,,,,,,,,,,,,,,,,,,,,,,,,,,,,,,,,,,,,,,,,,,,,,,,,,,,,,,,,,,,,,,,,,,,,,,,,,,,,,,,,,,,,,,,,,,,,,,,,,,,,,,,,,,,,,,,,,,,,,,,,,,,,,,,,,,,,,,,,,,,,,,,,,,,,,,,,,,,,,,,,,,,,,,,,,,,,,,,,,,,,,,,,,,,,,,,,,,,,,,,
食品饮料业,江西省,4,,,,,,,4,,3,,,1,3,,,,,,,,,,,,,,,,,,,,,1,,,,,,,,,,,,,,,,,,,,,,,,,,,,,,,,,,,,,,,,,,,,,,,,,,,,,,,,,,,,,,,,,,,,,,,,,,,,,,,,,,,,,,,,,,,,,,,,,,,,,,,,,,,,,,,,,,,,,,,,,,,,,,,,,,,,,,,,,,,,,,,,,,,,,,,,,,,,,,,,,,,,,,,,,,,,,,,,,,,,,,,,,,,,,,,,,,,,,,,,,,,,,,,,,,,,,,,,,,,,,,,,,,,,,,,,,,,,
专用设备制造业,江西省,7,,,,,,,7,,7,,,,7,,,,,,,,,,,,,,,,,,,,,,,,,,,,,,,,,,,,,,,,,,,,,,,,,,,,,,,,,,,,,,,,,,,,,,,,,,,,,,,,,,,,,,,,,,,,,,,,,,,,,,,,,,,,,,,,,,,,,,,,,,,,,,,,,,,,,,,,,,,,,,,,,,,,,,,,,,,,,,,,,,,,,,,,,,,,,,,,,,,,,,,,,,,,,,,,,,,,,,,,,,,,,,,,,,,,,,,,,,,,,,,,,,,,,,,,,,,,,,,,,,,,,,,,,,,,,,,,,
信息传输、软件和信息技术服务业,江西省,2,,,,,1,,1,,1,,,1,,1,,,,,,,,,,,,,,,,,,,,1,,,,,,,,,,,,,,,,,,,,,,,,,,,,,,,,,,,,,,,,,,,,,,,,,,,,,,,,,,,,,,,,,,,,,,,,,,,,,,,,,,,,,,,,,,,,,,,,,,,,,,,,,,,,,,,,,,,,,,,,,,,,,,,,,,,,,,,,,,,,,,,,,,,,,,,,,,,,,,,,,,,,,,,,,,,,,,,,,,,,,,,,,,,,,,,,,,,,,,,,,,,,,,,,,,,,,,,,,,,,,,,,,,,,,,,,,,,,
电力、热力、燃气及水生产和供应业,江西省,4,,,,,2,,2,,1,,,3,,1,,,,,,,,,,,,,,,,,1,,,2,,,,,,,,,,,,,,,,,,,,,,,,,,,,,,,,,,,,,,,,,,,,,,,,,,,,,,,,,,,,,,,,,,,,,,,,,,,,,,,,,,,,,,,,,,,,,,,,,,,,,,,,,,,,,,,,,,,,,,,,,,,,,,,,,,,,,,,,,,,,,,,,,,,,,,,,,,,,,,,,,,,,,,,,,,,,,,,,,,,,,,,,,,,,,,,,,,,,,,,,,,,,,,,,,,,,,,,,,,,,,,,,,,,,,,,,,,,,
商业电气机械和器材制造业,江西省,5,,,1,,,1,3,,1,1,,3,1,,,,1,,,,,,,,,,,,,,,,1,1,1,,,,,,,,,,,,,,,,,,,,,,,,,,,,,,,,,,,,,,,,,,,,,,,,,,,,,,,,,,,,,,,,,,,,,,,,,,,,,,,,,,,,,,,,,,,,,,,,,,,,,,,,,,,,,,,,,,,,,,,,,,,,,,,,,,,,,,,,,,,,,,,,,,,,,,,,,,,,,,,,,,,,,,,,,,,,,,,,,,,,,,,,,,,,,,,,,,,,,,,,,,,,,,,,,,,,,,,,,,,,,,,,,,,,,,,,,,,
批发和零售业,江西省,3,,,,,1,,2,,1,,,2,,1,,,,,,,,,,,,,,,,,,,,2,,,,,,,,,,,,,,,,,,,,,,,,,,,,,,,,,,,,,,,,,,,,,,,,,,,,,,,,,,,,,,,,,,,,,,,,,,,,,,,,,,,,,,,,,,,,,,,,,,,,,,,,,,,,,,,,,,,,,,,,,,,,,,,,,,,,,,,,,,,,,,,,,,,,,,,,,,,,,,,,,,,,,,,,,,,,,,,,,,,,,,,,,,,,,,,,,,,,,,,,,,,,,,,,,,,,,,,,,,,,,,,,,,,,,,,,,,,,
金融业,江西省,3,,,,,2,,1,,,2,,1,,,,,,,,,,,2,,,,,,,,,,,1,,,,,,,,,,,,,,,,,,,,,,,,,,,,,,,,,,,,,,,,,,,,,,,,,,,,,,,,,,,,,,,,,,,,,,,,,,,,,,,,,,,,,,,,,,,,,,,,,,,,,,,,,,,,,,,,,,,,,,,,,,,,,,,,,,,,,,,,,,,,,,,,,,,,,,,,,,,,,,,,,,,,,,,,,,,,,,,,,,,,,,,,,,,,,,,,,,,,,,,,,,,,,,,,,,,,,,,,,,,,,,,,,,,,,,,,,,,,
汽车制造业,江西省,1,,1,,,,,,,1,,,,,,1,,,,,,,,,,,,,,,,,,,,,,,,,,,,,,,,,,,,,,,,,,,,,,,,,,,,,,,,,,,,,,,,,,,,,,,,,,,,,,,,,,,,,,,,,,,,,,,,,,,,,,,,,,,,,,,,,,,,,,,,,,,,,,,,,,,,,,,,,,,,,,,,,,,,,,,,,,,,,,,,,,,,,,,,,,,,,,,,,,,,,,,,,,,,,,,,,,,,,,,,,,,,,,,,,,,,,,,,,,,,,,,,,,,,,,,,,,,,,,,,,,,,,,,,,,,,,,,
金属冶炼和压延加工业,江西省,8,,,,,3,,5,,3,2,,3,3,,,,1,,,,,,1,,,,,,,,2,,,1,,,,,,,,,,,,,,,,,,,,,,,,,,,,,,,,,,,,,,,,,,,,,,,,,,,,,,,,,,,,,,,,,,,,,,,,,,,,,,,,,,,,,,,,,,,,,,,,,,,,,,,,,,,,,,,,,,,,,,,,,,,,,,,,,,,,,,,,,,,,,,,,,,,,,,,,,,,,,,,,,,,,,,,,,,,,,,,,,,,,,,,,,,,,,,,,,,,,,,,,,,,,,,,,,,,,,,,,,,,,,,,,,,,,,,,,,,,,
交通运输、仓储和邮政业,江西省,2,,,,,2,,,,,,,2,,,,,,,,,,,,,,,,,,,2,,,,,,,,,,,,,,,,,,,,,,,,,,,,,,,,,,,,,,,,,,,,,,,,,,,,,,,,,,,,,,,,,,,,,,,,,,,,,,,,,,,,,,,,,,,,,,,,,,,,,,,,,,,,,,,,,,,,,,,,,,,,,,,,,,,,,,,,,,,,,,,,,,,,,,,,,,,,,,,,,,,,,,,,,,,,,,,,,,,,,,,,,,,,,,,,,,,,,,,,,,,,,,,,,,,,,,,,,,,,,,,,,,,,,,,,,,,,,,,
消费电子及电气业,江西省,5,1,,,,,,4,,3,,,2,2,,,,,,,,,,,1,,,,,,,,,,2,,,,,,,,,,,,,,,,,,,,,,,,,,,,,,,,,,,,,,,,,,,,,,,,,,,,,,,,,,,,,,,,,,,,,,,,,,,,,,,,,,,,,,,,,,,,,,,,,,,,,,,,,,,,,,,,,,,,,,,,,,,,,,,,,,,,,,,,,,,,,,,,,,,,,,,,,,,,,,,,,,,,,,,,,,,,,,,,,,,,,,,,,,,,,,,,,,,,,,,,,,,,,,,,,,,,,,,,,,,,,,,,,,,,,,,,,,,,
房地产业,江西省,1,,,,,,,1,,,1,,,,,,,1,,,,,,,,,,,,,,,,,,,,,,,,,,,,,,,,,,,,,,,,,,,,,,,,,,,,,,,,,,,,,,,,,,,,,,,,,,,,,,,,,,,,,,,,,,,,,,,,,,,,,,,,,,,,,,,,,,,,,,,,,,,,,,,,,,,,,,,,,,,,,,,,,,,,,,,,,,,,,,,,,,,,,,,,,,,,,,,,,,,,,,,,,,,,,,,,,,,,,,,,,,,,,,,,,,,,,,,,,,,,,,,,,,,,,,,,,,,,,,,,,,,,,,,,,,,,,
采矿业,江西省,2,,,,,1,1,,,,1,,1,,,,,,1,,,,,,,,,,,,,1,,,,,,,,,,,,,,,,,,,,,,,,,,,,,,,,,,,,,,,,,,,,,,,,,,,,,,,,,,,,,,,,,,,,,,,,,,,,,,,,,,,,,,,,,,,,,,,,,,,,,,,,,,,,,,,,,,,,,,,,,,,,,,,,,,,,,,,,,,,,,,,,,,,,,,,,,,,,,,,,,,,,,,,,,,,,,,,,,,,,,,,,,,,,,,,,,,,,,,,,,,,,,,,,,,,,,,,,,,,,,,,,,,,,,,,,,,,,,,,
非金属矿物制品业,江西省,4,,,,,1,1,2,,2,2,,,1,1,,,1,1,,,,,,,,,,,,,,,,,,,,,,,,,,,,,,,,,,,,,,,,,,,,,,,,,,,,,,,,,,,,,,,,,,,,,,,,,,,,,,,,,,,,,,,,,,,,,,,,,,,,,,,,,,,,,,,,,,,,,,,,,,,,,,,,,,,,,,,,,,,,,,,,,,,,,,,,,,,,,,,,,,,,,,,,,,,,,,,,,,,,,,,,,,,,,,,,,,,,,,,,,,,,,,,,,,,,,,,,,,,,,,,,,,,,,,,,,,,,,,,,,,,,,,,,,,,,
通用设备制造业,江西省,1,,,,,1,,,,1,,,,,1,,,,,,,,,,,,,,,,,,,,,,,,,,,,,,,,,,,,,,,,,,,,,,,,,,,,,,,,,,,,,,,,,,,,,,,,,,,,,,,,,,,,,,,,,,,,,,,,,,,,,,,,,,,,,,,,,,,,,,,,,,,,,,,,,,,,,,,,,,,,,,,,,,,,,,,,,,,,,,,,,,,,,,,,,,,,,,,,,,,,,,,,,,,,,,,,,,,,,,,,,,,,,,,,,,,,,,,,,,,,,,,,,,,,,,,,,,,,,,,,,,,,,,,,,,,,,,,,
半导体业,江西省,1,,,,,,,1,,1,,,,1,,,,,,,,,,,,,,,,,,,,,,,,,,,,,,,,,,,,,,,,,,,,,,,,,,,,,,,,,,,,,,,,,,,,,,,,,,,,,,,,,,,,,,,,,,,,,,,,,,,,,,,,,,,,,,,,,,,,,,,,,,,,,,,,,,,,,,,,,,,,,,,,,,,,,,,,,,,,,,,,,,,,,,,,,,,,,,,,,,,,,,,,,,,,,,,,,,,,,,,,,,,,,,,,,,,,,,,,,,,,,,,,,,,,,,,,,,,,,,,,,,,,,,,,,,,,,,,,,
建筑业,江西省,0,,,,,,,,,,,,,,,,,,,,,,,,,,,,,,,,,,,,,,,,,,,,,,,,,,,,,,,,,,,,,,,,,,,,,,,,,,,,,,,,,,,,,,,,,,,,,,,,,,,,,,,,,,,,,,,,,,,,,,,,,,,,,,,,,,,,,,,,,,,,,,,,,,,,,,,,,,,,,,,,,,,,,,,,,,,,,,,,,,,,,,,,,,,,,,,,,,,,,,,,,,,,,,,,,,,,,,,,,,,,,,,,,,,,,,,,,,,,,,,,,,,,,,,,,,,,,,,,,,,,,,,,,,,,,,
铁路、船舶、航空航天和其他运输设备制造业,江西省,2,,1,,,,,1,,1,,,1,1,,,,,,,,,,,,,,,,,,,1,,,,,,,,,,,,,,,,,,,,,,,,,,,,,,,,,,,,,,,,,,,,,,,,,,,,,,,,,,,,,,,,,,,,,,,,,,,,,,,,,,,,,,,,,,,,,,,,,,,,,,,,,,,,,,,,,,,,,,,,,,,,,,,,,,,,,,,,,,,,,,,,,,,,,,,,,,,,,,,,,,,,,,,,,,,,,,,,,,,,,,,,,,,,,,,,,,,,,,,,,,,,,,,,,,,,,,,,,,,,,,,,,,,,,,,,,,,,,,
水利、环境和公共设施管理业,江西省,1,,,,,,,1,,,,,1,,,,,,,,,,,,,,,,,,,,,,1,,,,,,,,,,,,,,,,,,,,,,,,,,,,,,,,,,,,,,,,,,,,,,,,,,,,,,,,,,,,,,,,,,,,,,,,,,,,,,,,,,,,,,,,,,,,,,,,,,,,,,,,,,,,,,,,,,,,,,,,,,,,,,,,,,,,,,,,,,,,,,,,,,,,,,,,,,,,,,,,,,,,,,,,,,,,,,,,,,,,,,,,,,,,,,,,,,,,,,,,,,,,,,,,,,,,,,,,,,,,,,,,,,,,,,,,,,,,
科学研究和技术服务业,江西省,1,,,,,,,1,,,,1,,,,,,,,,,,,,,,,,1,,,,,,,,,,,,,,,,,,,,,,,,,,,,,,,,,,,,,,,,,,,,,,,,,,,,,,,,,,,,,,,,,,,,,,,,,,,,,,,,,,,,,,,,,,,,,,,,,,,,,,,,,,,,,,,,,,,,,,,,,,,,,,,,,,,,,,,,,,,,,,,,,,,,,,,,,,,,,,,,,,,,,,,,,,,,,,,,,,,,,,,,,,,,,,,,,,,,,,,,,,,,,,,,,,,,,,,,,,,,,,,,,,,,,,,,,,,,,,,,,,
纺织鞋服业,江西省,2,,,,,,,2,,,2,,,,,,,2,,,,,,,,,,,,,,,,,,,,,,,,,,,,,,,,,,,,,,,,,,,,,,,,,,,,,,,,,,,,,,,,,,,,,,,,,,,,,,,,,,,,,,,,,,,,,,,,,,,,,,,,,,,,,,,,,,,,,,,,,,,,,,,,,,,,,,,,,,,,,,,,,,,,,,,,,,,,,,,,,,,,,,,,,,,,,,,,,,,,,,,,,,,,,,,,,,,,,,,,,,,,,,,,,,,,,,,,,,,,,,,,,,,,,,,,,,,,,,,,,,,,,,,,,,,,,
通信传输设备业,江西省,1,,,,,,,1,,,1,,,,,,,1,,,,,,,,,,,,,,,,,,,,,,,,,,,,,,,,,,,,,,,,,,,,,,,,,,,,,,,,,,,,,,,,,,,,,,,,,,,,,,,,,,,,,,,,,,,,,,,,,,,,,,,,,,,,,,,,,,,,,,,,,,,,,,,,,,,,,,,,,,,,,,,,,,,,,,,,,,,,,,,,,,,,,,,,,,,,,,,,,,,,,,,,,,,,,,,,,,,,,,,,,,,,,,,,,,,,,,,,,,,,,,,,,,,,,,,,,,,,,,,,,,,,,,,,,,,,,
金属制品业,江西省,2,,,,,,,2,,1,,,1,1,,,,,,,,,,,,,,,,,,,,,1,,,,,,,,,,,,,,,,,,,,,,,,,,,,,,,,,,,,,,,,,,,,,,,,,,,,,,,,,,,,,,,,,,,,,,,,,,,,,,,,,,,,,,,,,,,,,,,,,,,,,,,,,,,,,,,,,,,,,,,,,,,,,,,,,,,,,,,,,,,,,,,,,,,,,,,,,,,,,,,,,,,,,,,,,,,,,,,,,,,,,,,,,,,,,,,,,,,,,,,,,,,,,,,,,,,,,,,,,,,,,,,,,,,,,,,,,,,,
文化、体育和娱乐业,江西省,1,,,,,1,,,,,,,1,,,,,,,,,,,,,,,,,,,1,,,,,,,,,,,,,,,,,,,,,,,,,,,,,,,,,,,,,,,,,,,,,,,,,,,,,,,,,,,,,,,,,,,,,,,,,,,,,,,,,,,,,,,,,,,,,,,,,,,,,,,,,,,,,,,,,,,,,,,,,,,,,,,,,,,,,,,,,,,,,,,,,,,,,,,,,,,,,,,,,,,,,,,,,,,,,,,,,,,,,,,,,,,,,,,,,,,,,,,,,,,,,,,,,,,,,,,,,,,,,,,,,,,,,,,,,,,,,,,
橡胶和塑料制品业,江西省,1,,,,,,,1,,,,,1,,,,,,,,,,,,,,,,,,,,,,1,,,,,,,,,,,,,,,,,,,,,,,,,,,,,,,,,,,,,,,,,,,,,,,,,,,,,,,,,,,,,,,,,,,,,,,,,,,,,,,,,,,,,,,,,,,,,,,,,,,,,,,,,,,,,,,,,,,,,,,,,,,,,,,,,,,,,,,,,,,,,,,,,,,,,,,,,,,,,,,,,,,,,,,,,,,,,,,,,,,,,,,,,,,,,,,,,,,,,,,,,,,,,,,,,,,,,,,,,,,,,,,,,,,,,,,,,,,,
租赁和商务服务业,江西省,0,,,,,,,,,,,,,,,,,,,,,,,,,,,,,,,,,,,,,,,,,,,,,,,,,,,,,,,,,,,,,,,,,,,,,,,,,,,,,,,,,,,,,,,,,,,,,,,,,,,,,,,,,,,,,,,,,,,,,,,,,,,,,,,,,,,,,,,,,,,,,,,,,,,,,,,,,,,,,,,,,,,,,,,,,,,,,,,,,,,,,,,,,,,,,,,,,,,,,,,,,,,,,,,,,,,,,,,,,,,,,,,,,,,,,,,,,,,,,,,,,,,,,,,,,,,,,,,,,,,,,,,,,,,,,,
农、林、牧、渔业,江西省,1,,,,,,,1,,1,,,,1,,,,,,,,,,,,,,,,,,,,,,,,,,,,,,,,,,,,,,,,,,,,,,,,,,,,,,,,,,,,,,,,,,,,,,,,,,,,,,,,,,,,,,,,,,,,,,,,,,,,,,,,,,,,,,,,,,,,,,,,,,,,,,,,,,,,,,,,,,,,,,,,,,,,,,,,,,,,,,,,,,,,,,,,,,,,,,,,,,,,,,,,,,,,,,,,,,,,,,,,,,,,,,,,,,,,,,,,,,,,,,,,,,,,,,,,,,,,,,,,,,,,,,,,,,,,,,,,,
仪器仪表制造业,江西省,2,,1,,,,,1,,1,,,1,1,,,,,,,,,,,,,,,,,,,1,,,,,,,,,,,,,,,,,,,,,,,,,,,,,,,,,,,,,,,,,,,,,,,,,,,,,,,,,,,,,,,,,,,,,,,,,,,,,,,,,,,,,,,,,,,,,,,,,,,,,,,,,,,,,,,,,,,,,,,,,,,,,,,,,,,,,,,,,,,,,,,,,,,,,,,,,,,,,,,,,,,,,,,,,,,,,,,,,,,,,,,,,,,,,,,,,,,,,,,,,,,,,,,,,,,,,,,,,,,,,,,,,,,,,,,,,,,,,,
造纸和纸制品业,江西省,0,,,,,,,,,,,,,,,,,,,,,,,,,,,,,,,,,,,,,,,,,,,,,,,,,,,,,,,,,,,,,,,,,,,,,,,,,,,,,,,,,,,,,,,,,,,,,,,,,,,,,,,,,,,,,,,,,,,,,,,,,,,,,,,,,,,,,,,,,,,,,,,,,,,,,,,,,,,,,,,,,,,,,,,,,,,,,,,,,,,,,,,,,,,,,,,,,,,,,,,,,,,,,,,,,,,,,,,,,,,,,,,,,,,,,,,,,,,,,,,,,,,,,,,,,,,,,,,,,,,,,,,,,,,,,,
其他制造业,江西省,1,,,,,1,,,,1,,,,,1,,,,,,,,,,,,,,,,,,,,,,,,,,,,,,,,,,,,,,,,,,,,,,,,,,,,,,,,,,,,,,,,,,,,,,,,,,,,,,,,,,,,,,,,,,,,,,,,,,,,,,,,,,,,,,,,,,,,,,,,,,,,,,,,,,,,,,,,,,,,,,,,,,,,,,,,,,,,,,,,,,,,,,,,,,,,,,,,,,,,,,,,,,,,,,,,,,,,,,,,,,,,,,,,,,,,,,,,,,,,,,,,,,,,,,,,,,,,,,,,,,,,,,,,,,,,,,,,
教育,江西省,1,,,,,,,1,,,1,,,,,,,1,,,,,,,,,,,,,,,,,,,,,,,,,,,,,,,,,,,,,,,,,,,,,,,,,,,,,,,,,,,,,,,,,,,,,,,,,,,,,,,,,,,,,,,,,,,,,,,,,,,,,,,,,,,,,,,,,,,,,,,,,,,,,,,,,,,,,,,,,,,,,,,,,,,,,,,,,,,,,,,,,,,,,,,,,,,,,,,,,,,,,,,,,,,,,,,,,,,,,,,,,,,,,,,,,,,,,,,,,,,,,,,,,,,,,,,,,,,,,,,,,,,,,,,,,,,,,
综合,江西省,0,,,,,,,,,,,,,,,,,,,,,,,,,,,,,,,,,,,,,,,,,,,,,,,,,,,,,,,,,,,,,,,,,,,,,,,,,,,,,,,,,,,,,,,,,,,,,,,,,,,,,,,,,,,,,,,,,,,,,,,,,,,,,,,,,,,,,,,,,,,,,,,,,,,,,,,,,,,,,,,,,,,,,,,,,,,,,,,,,,,,,,,,,,,,,,,,,,,,,,,,,,,,,,,,,,,,,,,,,,,,,,,,,,,,,,,,,,,,,,,,,,,,,,,,,,,,,,,,,,,,,,,,,,,,,,
废弃资源综合利用业,江西省,1,,,,,,,1,,1,,,,1,,,,,,,,,,,,,,,,,,,,,,,,,,,,,,,,,,,,,,,,,,,,,,,,,,,,,,,,,,,,,,,,,,,,,,,,,,,,,,,,,,,,,,,,,,,,,,,,,,,,,,,,,,,,,,,,,,,,,,,,,,,,,,,,,,,,,,,,,,,,,,,,,,,,,,,,,,,,,,,,,,,,,,,,,,,,,,,,,,,,,,,,,,,,,,,,,,,,,,,,,,,,,,,,,,,,,,,,,,,,,,,,,,,,,,,,,,,,,,,,,,,,,,,,,,,,,,,,,
印刷和记录媒介复制业,江西省,0,,,,,,,,,,,,,,,,,,,,,,,,,,,,,,,,,,,,,,,,,,,,,,,,,,,,,,,,,,,,,,,,,,,,,,,,,,,,,,,,,,,,,,,,,,,,,,,,,,,,,,,,,,,,,,,,,,,,,,,,,,,,,,,,,,,,,,,,,,,,,,,,,,,,,,,,,,,,,,,,,,,,,,,,,,,,,,,,,,,,,,,,,,,,,,,,,,,,,,,,,,,,,,,,,,,,,,,,,,,,,,,,,,,,,,,,,,,,,,,,,,,,,,,,,,,,,,,,,,,,,,,,,,,,,,
卫生和社会工作,江西省,0,,,,,,,,,,,,,,,,,,,,,,,,,,,,,,,,,,,,,,,,,,,,,,,,,,,,,,,,,,,,,,,,,,,,,,,,,,,,,,,,,,,,,,,,,,,,,,,,,,,,,,,,,,,,,,,,,,,,,,,,,,,,,,,,,,,,,,,,,,,,,,,,,,,,,,,,,,,,,,,,,,,,,,,,,,,,,,,,,,,,,,,,,,,,,,,,,,,,,,,,,,,,,,,,,,,,,,,,,,,,,,,,,,,,,,,,,,,,,,,,,,,,,,,,,,,,,,,,,,,,,,,,,,,,,,
文教、工美、体育和娱乐用品制造业,江西省,0,,,,,,,,,,,,,,,,,,,,,,,,,,,,,,,,,,,,,,,,,,,,,,,,,,,,,,,,,,,,,,,,,,,,,,,,,,,,,,,,,,,,,,,,,,,,,,,,,,,,,,,,,,,,,,,,,,,,,,,,,,,,,,,,,,,,,,,,,,,,,,,,,,,,,,,,,,,,,,,,,,,,,,,,,,,,,,,,,,,,,,,,,,,,,,,,,,,,,,,,,,,,,,,,,,,,,,,,,,,,,,,,,,,,,,,,,,,,,,,,,,,,,,,,,,,,,,,,,,,,,,,,,,,,,,
石油加工、炼焦和核燃料加工业,江西省,0,,,,,,,,,,,,,,,,,,,,,,,,,,,,,,,,,,,,,,,,,,,,,,,,,,,,,,,,,,,,,,,,,,,,,,,,,,,,,,,,,,,,,,,,,,,,,,,,,,,,,,,,,,,,,,,,,,,,,,,,,,,,,,,,,,,,,,,,,,,,,,,,,,,,,,,,,,,,,,,,,,,,,,,,,,,,,,,,,,,,,,,,,,,,,,,,,,,,,,,,,,,,,,,,,,,,,,,,,,,,,,,,,,,,,,,,,,,,,,,,,,,,,,,,,,,,,,,,,,,,,,,,,,,,,,
化学纤维制造业,江西省,0,,,,,,,,,,,,,,,,,,,,,,,,,,,,,,,,,,,,,,,,,,,,,,,,,,,,,,,,,,,,,,,,,,,,,,,,,,,,,,,,,,,,,,,,,,,,,,,,,,,,,,,,,,,,,,,,,,,,,,,,,,,,,,,,,,,,,,,,,,,,,,,,,,,,,,,,,,,,,,,,,,,,,,,,,,,,,,,,,,,,,,,,,,,,,,,,,,,,,,,,,,,,,,,,,,,,,,,,,,,,,,,,,,,,,,,,,,,,,,,,,,,,,,,,,,,,,,,,,,,,,,,,,,,,,,
家具制造业,江西省,1,,,,,,,1,,,1,,,,,,,1,,,,,,,,,,,,,,,,,,,,,,,,,,,,,,,,,,,,,,,,,,,,,,,,,,,,,,,,,,,,,,,,,,,,,,,,,,,,,,,,,,,,,,,,,,,,,,,,,,,,,,,,,,,,,,,,,,,,,,,,,,,,,,,,,,,,,,,,,,,,,,,,,,,,,,,,,,,,,,,,,,,,,,,,,,,,,,,,,,,,,,,,,,,,,,,,,,,,,,,,,,,,,,,,,,,,,,,,,,,,,,,,,,,,,,,,,,,,,,,,,,,,,,,,,,,,,
住宿和餐饮业,江西省,0,,,,,,,,,,,,,,,,,,,,,,,,,,,,,,,,,,,,,,,,,,,,,,,,,,,,,,,,,,,,,,,,,,,,,,,,,,,,,,,,,,,,,,,,,,,,,,,,,,,,,,,,,,,,,,,,,,,,,,,,,,,,,,,,,,,,,,,,,,,,,,,,,,,,,,,,,,,,,,,,,,,,,,,,,,,,,,,,,,,,,,,,,,,,,,,,,,,,,,,,,,,,,,,,,,,,,,,,,,,,,,,,,,,,,,,,,,,,,,,,,,,,,,,,,,,,,,,,,,,,,,,,,,,,,,
木材加工和木、竹、藤、棕、草制品业,江西省,0,,,,,,,,,,,,,,,,,,,,,,,,,,,,,,,,,,,,,,,,,,,,,,,,,,,,,,,,,,,,,,,,,,,,,,,,,,,,,,,,,,,,,,,,,,,,,,,,,,,,,,,,,,,,,,,,,,,,,,,,,,,,,,,,,,,,,,,,,,,,,,,,,,,,,,,,,,,,,,,,,,,,,,,,,,,,,,,,,,,,,,,,,,,,,,,,,,,,,,,,,,,,,,,,,,,,,,,,,,,,,,,,,,,,,,,,,,,,,,,,,,,,,,,,,,,,,,,,,,,,,,,,,,,,,,
居民服务、修理和其他服务业,江西省,0,,,,,,,,,,,,,,,,,,,,,,,,,,,,,,,,,,,,,,,,,,,,,,,,,,,,,,,,,,,,,,,,,,,,,,,,,,,,,,,,,,,,,,,,,,,,,,,,,,,,,,,,,,,,,,,,,,,,,,,,,,,,,,,,,,,,,,,,,,,,,,,,,,,,,,,,,,,,,,,,,,,,,,,,,,,,,,,,,,,,,,,,,,,,,,,,,,,,,,,,,,,,,,,,,,,,,,,,,,,,,,,,,,,,,,,,,,,,,,,,,,,,,,,,,,,,,,,,,,,,,,,,,,,,,,
医药制造业,重庆市,8,,1,,1,1,,5,,6,,,2,4,1,,,,,,,1,,,,,,,,,,,1,,1,,,,,,,,,,,,,,,,,,,,,,,,,,,,,,,,,,,,,,,,,,,,,,,,,,,,,,,,,,,,,,,,,,,,,,,,,,,,,,,,,,,,,,,,,,,,,,,,,,,,,,,,,,,,,,,,,,,,,,,,,,,,,,,,,,,,,,,,,,,,,,,,,,,,,,,,,,,,,,,,,,,,,,,,,,,,,,,,,,,,,,,,,,,,,,,,,,,,,,,,,,,,,,,,,,,,,,,,,,,,,,,,,,,,,,,,,,,,
化学原料和化学制品制造业,重庆市,3,,,,,1,,2,,2,,1,,1,1,,,,,,,,,,,,,,1,,,,,,,,,,,,,,,,,,,,,,,,,,,,,,,,,,,,,,,,,,,,,,,,,,,,,,,,,,,,,,,,,,,,,,,,,,,,,,,,,,,,,,,,,,,,,,,,,,,,,,,,,,,,,,,,,,,,,,,,,,,,,,,,,,,,,,,,,,,,,,,,,,,,,,,,,,,,,,,,,,,,,,,,,,,,,,,,,,,,,,,,,,,,,,,,,,,,,,,,,,,,,,,,,,,,,,,,,,,,,,,,,,,,,,,,,,,,,,,,,,
食品饮料业,重庆市,4,,,,,1,1,2,,1,1,,2,,1,,,1,,,,,,,,,,,,,,,,1,1,,,,,,,,,,,,,,,,,,,,,,,,,,,,,,,,,,,,,,,,,,,,,,,,,,,,,,,,,,,,,,,,,,,,,,,,,,,,,,,,,,,,,,,,,,,,,,,,,,,,,,,,,,,,,,,,,,,,,,,,,,,,,,,,,,,,,,,,,,,,,,,,,,,,,,,,,,,,,,,,,,,,,,,,,,,,,,,,,,,,,,,,,,,,,,,,,,,,,,,,,,,,,,,,,,,,,,,,,,,,,,,,,,,,,,,,,,,,
专用设备制造业,重庆市,1,,,,,,,1,,,,,1,,,,,,,,,,,,,,,,,,,,,,1,,,,,,,,,,,,,,,,,,,,,,,,,,,,,,,,,,,,,,,,,,,,,,,,,,,,,,,,,,,,,,,,,,,,,,,,,,,,,,,,,,,,,,,,,,,,,,,,,,,,,,,,,,,,,,,,,,,,,,,,,,,,,,,,,,,,,,,,,,,,,,,,,,,,,,,,,,,,,,,,,,,,,,,,,,,,,,,,,,,,,,,,,,,,,,,,,,,,,,,,,,,,,,,,,,,,,,,,,,,,,,,,,,,,,,,,,,,,
信息传输、软件和信息技术服务业,重庆市,2,,,,,,,2,,2,,,,2,,,,,,,,,,,,,,,,,,,,,,,,,,,,,,,,,,,,,,,,,,,,,,,,,,,,,,,,,,,,,,,,,,,,,,,,,,,,,,,,,,,,,,,,,,,,,,,,,,,,,,,,,,,,,,,,,,,,,,,,,,,,,,,,,,,,,,,,,,,,,,,,,,,,,,,,,,,,,,,,,,,,,,,,,,,,,,,,,,,,,,,,,,,,,,,,,,,,,,,,,,,,,,,,,,,,,,,,,,,,,,,,,,,,,,,,,,,,,,,,,,,,,,,,,,,,,,,,,
电力、热力、燃气及水生产和供应业,重庆市,6,,3,,,2,,1,,1,1,,4,,,1,,1,,,,,,,,,,,,,,2,2,,,,,,,,,,,,,,,,,,,,,,,,,,,,,,,,,,,,,,,,,,,,,,,,,,,,,,,,,,,,,,,,,,,,,,,,,,,,,,,,,,,,,,,,,,,,,,,,,,,,,,,,,,,,,,,,,,,,,,,,,,,,,,,,,,,,,,,,,,,,,,,,,,,,,,,,,,,,,,,,,,,,,,,,,,,,,,,,,,,,,,,,,,,,,,,,,,,,,,,,,,,,,,,,,,,,,,,,,,,,,,,,,,,,,,,,,,,,,,
商业电气机械和器材制造业,重庆市,5,,1,,,1,,3,,1,1,,3,1,,,,,,,,,,1,,,,,,,,,1,,2,,,,,,,,,,,,,,,,,,,,,,,,,,,,,,,,,,,,,,,,,,,,,,,,,,,,,,,,,,,,,,,,,,,,,,,,,,,,,,,,,,,,,,,,,,,,,,,,,,,,,,,,,,,,,,,,,,,,,,,,,,,,,,,,,,,,,,,,,,,,,,,,,,,,,,,,,,,,,,,,,,,,,,,,,,,,,,,,,,,,,,,,,,,,,,,,,,,,,,,,,,,,,,,,,,,,,,,,,,,,,,,,,,,,,,,,,,,,
批发和零售业,重庆市,3,,,,,2,,1,,2,,,1,1,1,,,,,,,,,,,,,,,,,1,,,,,,,,,,,,,,,,,,,,,,,,,,,,,,,,,,,,,,,,,,,,,,,,,,,,,,,,,,,,,,,,,,,,,,,,,,,,,,,,,,,,,,,,,,,,,,,,,,,,,,,,,,,,,,,,,,,,,,,,,,,,,,,,,,,,,,,,,,,,,,,,,,,,,,,,,,,,,,,,,,,,,,,,,,,,,,,,,,,,,,,,,,,,,,,,,,,,,,,,,,,,,,,,,,,,,,,,,,,,,,,,,,,,,,,,,,,,,,,
金融业,重庆市,6,,,,,5,,1,,,3,,3,,,,,1,,,,,,2,,,,,,,,3,,,,,,,,,,,,,,,,,,,,,,,,,,,,,,,,,,,,,,,,,,,,,,,,,,,,,,,,,,,,,,,,,,,,,,,,,,,,,,,,,,,,,,,,,,,,,,,,,,,,,,,,,,,,,,,,,,,,,,,,,,,,,,,,,,,,,,,,,,,,,,,,,,,,,,,,,,,,,,,,,,,,,,,,,,,,,,,,,,,,,,,,,,,,,,,,,,,,,,,,,,,,,,,,,,,,,,,,,,,,,,,,,,,,,,,,,,,,,,,
汽车制造业,重庆市,6,,1,,,2,1,2,,2,1,,3,1,,1,,,,,,,,1,,,,,,,,1,,1,1,,,,,,,,,,,,,,,,,,,,,,,,,,,,,,,,,,,,,,,,,,,,,,,,,,,,,,,,,,,,,,,,,,,,,,,,,,,,,,,,,,,,,,,,,,,,,,,,,,,,,,,,,,,,,,,,,,,,,,,,,,,,,,,,,,,,,,,,,,,,,,,,,,,,,,,,,,,,,,,,,,,,,,,,,,,,,,,,,,,,,,,,,,,,,,,,,,,,,,,,,,,,,,,,,,,,,,,,,,,,,,,,,,,,,,,,,,,,
金属冶炼和压延加工业,重庆市,2,,2,,,,,,,,1,,1,,,,,,,1,,,,,,,,,,,,,1,,,,,,,,,,,,,,,,,,,,,,,,,,,,,,,,,,,,,,,,,,,,,,,,,,,,,,,,,,,,,,,,,,,,,,,,,,,,,,,,,,,,,,,,,,,,,,,,,,,,,,,,,,,,,,,,,,,,,,,,,,,,,,,,,,,,,,,,,,,,,,,,,,,,,,,,,,,,,,,,,,,,,,,,,,,,,,,,,,,,,,,,,,,,,,,,,,,,,,,,,,,,,,,,,,,,,,,,,,,,,,,,,,,,,,,,,,,,,,
交通运输、仓储和邮政业,重庆市,4,,1,,,1,,2,,1,1,,2,1,,,,,,1,,,,,,,,,,,,1,,,1,,,,,,,,,,,,,,,,,,,,,,,,,,,,,,,,,,,,,,,,,,,,,,,,,,,,,,,,,,,,,,,,,,,,,,,,,,,,,,,,,,,,,,,,,,,,,,,,,,,,,,,,,,,,,,,,,,,,,,,,,,,,,,,,,,,,,,,,,,,,,,,,,,,,,,,,,,,,,,,,,,,,,,,,,,,,,,,,,,,,,,,,,,,,,,,,,,,,,,,,,,,,,,,,,,,,,,,,,,,,,,,,,,,,,,,,,,,,
消费电子及电气业,重庆市,1,,,,,,,1,,,,1,,,,,,,,,,,,,,,,,1,,,,,,,,,,,,,,,,,,,,,,,,,,,,,,,,,,,,,,,,,,,,,,,,,,,,,,,,,,,,,,,,,,,,,,,,,,,,,,,,,,,,,,,,,,,,,,,,,,,,,,,,,,,,,,,,,,,,,,,,,,,,,,,,,,,,,,,,,,,,,,,,,,,,,,,,,,,,,,,,,,,,,,,,,,,,,,,,,,,,,,,,,,,,,,,,,,,,,,,,,,,,,,,,,,,,,,,,,,,,,,,,,,,,,,,,,,,,,,,,,,
房地产业,重庆市,10,,1,,,1,1,7,,5,4,,1,3,1,1,,4,,,,,,,,,,,,,,,,1,,,,,,,,,,,,,,,,,,,,,,,,,,,,,,,,,,,,,,,,,,,,,,,,,,,,,,,,,,,,,,,,,,,,,,,,,,,,,,,,,,,,,,,,,,,,,,,,,,,,,,,,,,,,,,,,,,,,,,,,,,,,,,,,,,,,,,,,,,,,,,,,,,,,,,,,,,,,,,,,,,,,,,,,,,,,,,,,,,,,,,,,,,,,,,,,,,,,,,,,,,,,,,,,,,,,,,,,,,,,,,,,,,,,,,,,,,,,,
采矿业,重庆市,1,,,,,,,1,,1,,,,1,,,,,,,,,,,,,,,,,,,,,,,,,,,,,,,,,,,,,,,,,,,,,,,,,,,,,,,,,,,,,,,,,,,,,,,,,,,,,,,,,,,,,,,,,,,,,,,,,,,,,,,,,,,,,,,,,,,,,,,,,,,,,,,,,,,,,,,,,,,,,,,,,,,,,,,,,,,,,,,,,,,,,,,,,,,,,,,,,,,,,,,,,,,,,,,,,,,,,,,,,,,,,,,,,,,,,,,,,,,,,,,,,,,,,,,,,,,,,,,,,,,,,,,,,,,,,,,,,
非金属矿物制品业,重庆市,4,,,,,,,4,,2,,,2,2,,,,,,,,,,,,,,,,,,,,,2,,,,,,,,,,,,,,,,,,,,,,,,,,,,,,,,,,,,,,,,,,,,,,,,,,,,,,,,,,,,,,,,,,,,,,,,,,,,,,,,,,,,,,,,,,,,,,,,,,,,,,,,,,,,,,,,,,,,,,,,,,,,,,,,,,,,,,,,,,,,,,,,,,,,,,,,,,,,,,,,,,,,,,,,,,,,,,,,,,,,,,,,,,,,,,,,,,,,,,,,,,,,,,,,,,,,,,,,,,,,,,,,,,,,,,,,,,,,
通用设备制造业,重庆市,2,,,,,,,2,,1,,,1,1,,,,,,,,,,,,,,,,,,,,,1,,,,,,,,,,,,,,,,,,,,,,,,,,,,,,,,,,,,,,,,,,,,,,,,,,,,,,,,,,,,,,,,,,,,,,,,,,,,,,,,,,,,,,,,,,,,,,,,,,,,,,,,,,,,,,,,,,,,,,,,,,,,,,,,,,,,,,,,,,,,,,,,,,,,,,,,,,,,,,,,,,,,,,,,,,,,,,,,,,,,,,,,,,,,,,,,,,,,,,,,,,,,,,,,,,,,,,,,,,,,,,,,,,,,,,,,,,,,
半导体业,重庆市,0,,,,,,,,,,,,,,,,,,,,,,,,,,,,,,,,,,,,,,,,,,,,,,,,,,,,,,,,,,,,,,,,,,,,,,,,,,,,,,,,,,,,,,,,,,,,,,,,,,,,,,,,,,,,,,,,,,,,,,,,,,,,,,,,,,,,,,,,,,,,,,,,,,,,,,,,,,,,,,,,,,,,,,,,,,,,,,,,,,,,,,,,,,,,,,,,,,,,,,,,,,,,,,,,,,,,,,,,,,,,,,,,,,,,,,,,,,,,,,,,,,,,,,,,,,,,,,,,,,,,,,,,,,,,,,
建筑业,重庆市,2,,,,,1,,1,,,,,2,,,,,,,,,,,,,,,,,,,1,,,1,,,,,,,,,,,,,,,,,,,,,,,,,,,,,,,,,,,,,,,,,,,,,,,,,,,,,,,,,,,,,,,,,,,,,,,,,,,,,,,,,,,,,,,,,,,,,,,,,,,,,,,,,,,,,,,,,,,,,,,,,,,,,,,,,,,,,,,,,,,,,,,,,,,,,,,,,,,,,,,,,,,,,,,,,,,,,,,,,,,,,,,,,,,,,,,,,,,,,,,,,,,,,,,,,,,,,,,,,,,,,,,,,,,,,,,,,,,,
铁路、船舶、航空航天和其他运输设备制造业,重庆市,2,,,,,,,2,,1,,,1,1,,,,,,,,,,,,,,,,,,,,,1,,,,,,,,,,,,,,,,,,,,,,,,,,,,,,,,,,,,,,,,,,,,,,,,,,,,,,,,,,,,,,,,,,,,,,,,,,,,,,,,,,,,,,,,,,,,,,,,,,,,,,,,,,,,,,,,,,,,,,,,,,,,,,,,,,,,,,,,,,,,,,,,,,,,,,,,,,,,,,,,,,,,,,,,,,,,,,,,,,,,,,,,,,,,,,,,,,,,,,,,,,,,,,,,,,,,,,,,,,,,,,,,,,,,,,,,,,,,
水利、环境和公共设施管理业,重庆市,3,,1,,,1,,1,,,,1,2,,,,,,,,,,,,,,,,1,,,1,1,,,,,,,,,,,,,,,,,,,,,,,,,,,,,,,,,,,,,,,,,,,,,,,,,,,,,,,,,,,,,,,,,,,,,,,,,,,,,,,,,,,,,,,,,,,,,,,,,,,,,,,,,,,,,,,,,,,,,,,,,,,,,,,,,,,,,,,,,,,,,,,,,,,,,,,,,,,,,,,,,,,,,,,,,,,,,,,,,,,,,,,,,,,,,,,,,,,,,,,,,,,,,,,,,,,,,,,,,,,,,,,,,,,,,,,,,,,,,,
科学研究和技术服务业,重庆市,2,,1,,,,,1,,,,1,1,,,,,,,,,,,,,,,,1,,,,1,,,,,,,,,,,,,,,,,,,,,,,,,,,,,,,,,,,,,,,,,,,,,,,,,,,,,,,,,,,,,,,,,,,,,,,,,,,,,,,,,,,,,,,,,,,,,,,,,,,,,,,,,,,,,,,,,,,,,,,,,,,,,,,,,,,,,,,,,,,,,,,,,,,,,,,,,,,,,,,,,,,,,,,,,,,,,,,,,,,,,,,,,,,,,,,,,,,,,,,,,,,,,,,,,,,,,,,,,,,,,,,,,,,,,,,,,,,,,,
纺织鞋服业,重庆市,0,,,,,,,,,,,,,,,,,,,,,,,,,,,,,,,,,,,,,,,,,,,,,,,,,,,,,,,,,,,,,,,,,,,,,,,,,,,,,,,,,,,,,,,,,,,,,,,,,,,,,,,,,,,,,,,,,,,,,,,,,,,,,,,,,,,,,,,,,,,,,,,,,,,,,,,,,,,,,,,,,,,,,,,,,,,,,,,,,,,,,,,,,,,,,,,,,,,,,,,,,,,,,,,,,,,,,,,,,,,,,,,,,,,,,,,,,,,,,,,,,,,,,,,,,,,,,,,,,,,,,,,,,,,,,,
通信传输设备业,重庆市,0,,,,,,,,,,,,,,,,,,,,,,,,,,,,,,,,,,,,,,,,,,,,,,,,,,,,,,,,,,,,,,,,,,,,,,,,,,,,,,,,,,,,,,,,,,,,,,,,,,,,,,,,,,,,,,,,,,,,,,,,,,,,,,,,,,,,,,,,,,,,,,,,,,,,,,,,,,,,,,,,,,,,,,,,,,,,,,,,,,,,,,,,,,,,,,,,,,,,,,,,,,,,,,,,,,,,,,,,,,,,,,,,,,,,,,,,,,,,,,,,,,,,,,,,,,,,,,,,,,,,,,,,,,,,,,
金属制品业,重庆市,0,,,,,,,,,,,,,,,,,,,,,,,,,,,,,,,,,,,,,,,,,,,,,,,,,,,,,,,,,,,,,,,,,,,,,,,,,,,,,,,,,,,,,,,,,,,,,,,,,,,,,,,,,,,,,,,,,,,,,,,,,,,,,,,,,,,,,,,,,,,,,,,,,,,,,,,,,,,,,,,,,,,,,,,,,,,,,,,,,,,,,,,,,,,,,,,,,,,,,,,,,,,,,,,,,,,,,,,,,,,,,,,,,,,,,,,,,,,,,,,,,,,,,,,,,,,,,,,,,,,,,,,,,,,,,,
文化、体育和娱乐业,重庆市,1,,,,,,,1,,1,,,,1,,,,,,,,,,,,,,,,,,,,,,,,,,,,,,,,,,,,,,,,,,,,,,,,,,,,,,,,,,,,,,,,,,,,,,,,,,,,,,,,,,,,,,,,,,,,,,,,,,,,,,,,,,,,,,,,,,,,,,,,,,,,,,,,,,,,,,,,,,,,,,,,,,,,,,,,,,,,,,,,,,,,,,,,,,,,,,,,,,,,,,,,,,,,,,,,,,,,,,,,,,,,,,,,,,,,,,,,,,,,,,,,,,,,,,,,,,,,,,,,,,,,,,,,,,,,,,,,,
橡胶和塑料制品业,重庆市,0,,,,,,,,,,,,,,,,,,,,,,,,,,,,,,,,,,,,,,,,,,,,,,,,,,,,,,,,,,,,,,,,,,,,,,,,,,,,,,,,,,,,,,,,,,,,,,,,,,,,,,,,,,,,,,,,,,,,,,,,,,,,,,,,,,,,,,,,,,,,,,,,,,,,,,,,,,,,,,,,,,,,,,,,,,,,,,,,,,,,,,,,,,,,,,,,,,,,,,,,,,,,,,,,,,,,,,,,,,,,,,,,,,,,,,,,,,,,,,,,,,,,,,,,,,,,,,,,,,,,,,,,,,,,,,
租赁和商务服务业,重庆市,0,,,,,,,,,,,,,,,,,,,,,,,,,,,,,,,,,,,,,,,,,,,,,,,,,,,,,,,,,,,,,,,,,,,,,,,,,,,,,,,,,,,,,,,,,,,,,,,,,,,,,,,,,,,,,,,,,,,,,,,,,,,,,,,,,,,,,,,,,,,,,,,,,,,,,,,,,,,,,,,,,,,,,,,,,,,,,,,,,,,,,,,,,,,,,,,,,,,,,,,,,,,,,,,,,,,,,,,,,,,,,,,,,,,,,,,,,,,,,,,,,,,,,,,,,,,,,,,,,,,,,,,,,,,,,,
农、林、牧、渔业,重庆市,0,,,,,,,,,,,,,,,,,,,,,,,,,,,,,,,,,,,,,,,,,,,,,,,,,,,,,,,,,,,,,,,,,,,,,,,,,,,,,,,,,,,,,,,,,,,,,,,,,,,,,,,,,,,,,,,,,,,,,,,,,,,,,,,,,,,,,,,,,,,,,,,,,,,,,,,,,,,,,,,,,,,,,,,,,,,,,,,,,,,,,,,,,,,,,,,,,,,,,,,,,,,,,,,,,,,,,,,,,,,,,,,,,,,,,,,,,,,,,,,,,,,,,,,,,,,,,,,,,,,,,,,,,,,,,,
仪器仪表制造业,重庆市,1,,,,,1,,,,,,,1,,,,,,,,,,,,,,,,,,,1,,,,,,,,,,,,,,,,,,,,,,,,,,,,,,,,,,,,,,,,,,,,,,,,,,,,,,,,,,,,,,,,,,,,,,,,,,,,,,,,,,,,,,,,,,,,,,,,,,,,,,,,,,,,,,,,,,,,,,,,,,,,,,,,,,,,,,,,,,,,,,,,,,,,,,,,,,,,,,,,,,,,,,,,,,,,,,,,,,,,,,,,,,,,,,,,,,,,,,,,,,,,,,,,,,,,,,,,,,,,,,,,,,,,,,,,,,,,,,,
造纸和纸制品业,重庆市,1,,,,,,,1,,1,,,,1,,,,,,,,,,,,,,,,,,,,,,,,,,,,,,,,,,,,,,,,,,,,,,,,,,,,,,,,,,,,,,,,,,,,,,,,,,,,,,,,,,,,,,,,,,,,,,,,,,,,,,,,,,,,,,,,,,,,,,,,,,,,,,,,,,,,,,,,,,,,,,,,,,,,,,,,,,,,,,,,,,,,,,,,,,,,,,,,,,,,,,,,,,,,,,,,,,,,,,,,,,,,,,,,,,,,,,,,,,,,,,,,,,,,,,,,,,,,,,,,,,,,,,,,,,,,,,,,,
其他制造业,重庆市,0,,,,,,,,,,,,,,,,,,,,,,,,,,,,,,,,,,,,,,,,,,,,,,,,,,,,,,,,,,,,,,,,,,,,,,,,,,,,,,,,,,,,,,,,,,,,,,,,,,,,,,,,,,,,,,,,,,,,,,,,,,,,,,,,,,,,,,,,,,,,,,,,,,,,,,,,,,,,,,,,,,,,,,,,,,,,,,,,,,,,,,,,,,,,,,,,,,,,,,,,,,,,,,,,,,,,,,,,,,,,,,,,,,,,,,,,,,,,,,,,,,,,,,,,,,,,,,,,,,,,,,,,,,,,,,
教育,重庆市,0,,,,,,,,,,,,,,,,,,,,,,,,,,,,,,,,,,,,,,,,,,,,,,,,,,,,,,,,,,,,,,,,,,,,,,,,,,,,,,,,,,,,,,,,,,,,,,,,,,,,,,,,,,,,,,,,,,,,,,,,,,,,,,,,,,,,,,,,,,,,,,,,,,,,,,,,,,,,,,,,,,,,,,,,,,,,,,,,,,,,,,,,,,,,,,,,,,,,,,,,,,,,,,,,,,,,,,,,,,,,,,,,,,,,,,,,,,,,,,,,,,,,,,,,,,,,,,,,,,,,,,,,,,,,,,
综合,重庆市,0,,,,,,,,,,,,,,,,,,,,,,,,,,,,,,,,,,,,,,,,,,,,,,,,,,,,,,,,,,,,,,,,,,,,,,,,,,,,,,,,,,,,,,,,,,,,,,,,,,,,,,,,,,,,,,,,,,,,,,,,,,,,,,,,,,,,,,,,,,,,,,,,,,,,,,,,,,,,,,,,,,,,,,,,,,,,,,,,,,,,,,,,,,,,,,,,,,,,,,,,,,,,,,,,,,,,,,,,,,,,,,,,,,,,,,,,,,,,,,,,,,,,,,,,,,,,,,,,,,,,,,,,,,,,,,
废弃资源综合利用业,重庆市,1,,,,,,,1,,1,,,,1,,,,,,,,,,,,,,,,,,,,,,,,,,,,,,,,,,,,,,,,,,,,,,,,,,,,,,,,,,,,,,,,,,,,,,,,,,,,,,,,,,,,,,,,,,,,,,,,,,,,,,,,,,,,,,,,,,,,,,,,,,,,,,,,,,,,,,,,,,,,,,,,,,,,,,,,,,,,,,,,,,,,,,,,,,,,,,,,,,,,,,,,,,,,,,,,,,,,,,,,,,,,,,,,,,,,,,,,,,,,,,,,,,,,,,,,,,,,,,,,,,,,,,,,,,,,,,,,,
印刷和记录媒介复制业,重庆市,0,,,,,,,,,,,,,,,,,,,,,,,,,,,,,,,,,,,,,,,,,,,,,,,,,,,,,,,,,,,,,,,,,,,,,,,,,,,,,,,,,,,,,,,,,,,,,,,,,,,,,,,,,,,,,,,,,,,,,,,,,,,,,,,,,,,,,,,,,,,,,,,,,,,,,,,,,,,,,,,,,,,,,,,,,,,,,,,,,,,,,,,,,,,,,,,,,,,,,,,,,,,,,,,,,,,,,,,,,,,,,,,,,,,,,,,,,,,,,,,,,,,,,,,,,,,,,,,,,,,,,,,,,,,,,,
卫生和社会工作,重庆市,0,,,,,,,,,,,,,,,,,,,,,,,,,,,,,,,,,,,,,,,,,,,,,,,,,,,,,,,,,,,,,,,,,,,,,,,,,,,,,,,,,,,,,,,,,,,,,,,,,,,,,,,,,,,,,,,,,,,,,,,,,,,,,,,,,,,,,,,,,,,,,,,,,,,,,,,,,,,,,,,,,,,,,,,,,,,,,,,,,,,,,,,,,,,,,,,,,,,,,,,,,,,,,,,,,,,,,,,,,,,,,,,,,,,,,,,,,,,,,,,,,,,,,,,,,,,,,,,,,,,,,,,,,,,,,,
文教、工美、体育和娱乐用品制造业,重庆市,0,,,,,,,,,,,,,,,,,,,,,,,,,,,,,,,,,,,,,,,,,,,,,,,,,,,,,,,,,,,,,,,,,,,,,,,,,,,,,,,,,,,,,,,,,,,,,,,,,,,,,,,,,,,,,,,,,,,,,,,,,,,,,,,,,,,,,,,,,,,,,,,,,,,,,,,,,,,,,,,,,,,,,,,,,,,,,,,,,,,,,,,,,,,,,,,,,,,,,,,,,,,,,,,,,,,,,,,,,,,,,,,,,,,,,,,,,,,,,,,,,,,,,,,,,,,,,,,,,,,,,,,,,,,,,,
石油加工、炼焦和核燃料加工业,重庆市,0,,,,,,,,,,,,,,,,,,,,,,,,,,,,,,,,,,,,,,,,,,,,,,,,,,,,,,,,,,,,,,,,,,,,,,,,,,,,,,,,,,,,,,,,,,,,,,,,,,,,,,,,,,,,,,,,,,,,,,,,,,,,,,,,,,,,,,,,,,,,,,,,,,,,,,,,,,,,,,,,,,,,,,,,,,,,,,,,,,,,,,,,,,,,,,,,,,,,,,,,,,,,,,,,,,,,,,,,,,,,,,,,,,,,,,,,,,,,,,,,,,,,,,,,,,,,,,,,,,,,,,,,,,,,,,
化学纤维制造业,重庆市,0,,,,,,,,,,,,,,,,,,,,,,,,,,,,,,,,,,,,,,,,,,,,,,,,,,,,,,,,,,,,,,,,,,,,,,,,,,,,,,,,,,,,,,,,,,,,,,,,,,,,,,,,,,,,,,,,,,,,,,,,,,,,,,,,,,,,,,,,,,,,,,,,,,,,,,,,,,,,,,,,,,,,,,,,,,,,,,,,,,,,,,,,,,,,,,,,,,,,,,,,,,,,,,,,,,,,,,,,,,,,,,,,,,,,,,,,,,,,,,,,,,,,,,,,,,,,,,,,,,,,,,,,,,,,,,
家具制造业,重庆市,0,,,,,,,,,,,,,,,,,,,,,,,,,,,,,,,,,,,,,,,,,,,,,,,,,,,,,,,,,,,,,,,,,,,,,,,,,,,,,,,,,,,,,,,,,,,,,,,,,,,,,,,,,,,,,,,,,,,,,,,,,,,,,,,,,,,,,,,,,,,,,,,,,,,,,,,,,,,,,,,,,,,,,,,,,,,,,,,,,,,,,,,,,,,,,,,,,,,,,,,,,,,,,,,,,,,,,,,,,,,,,,,,,,,,,,,,,,,,,,,,,,,,,,,,,,,,,,,,,,,,,,,,,,,,,,
住宿和餐饮业,重庆市,0,,,,,,,,,,,,,,,,,,,,,,,,,,,,,,,,,,,,,,,,,,,,,,,,,,,,,,,,,,,,,,,,,,,,,,,,,,,,,,,,,,,,,,,,,,,,,,,,,,,,,,,,,,,,,,,,,,,,,,,,,,,,,,,,,,,,,,,,,,,,,,,,,,,,,,,,,,,,,,,,,,,,,,,,,,,,,,,,,,,,,,,,,,,,,,,,,,,,,,,,,,,,,,,,,,,,,,,,,,,,,,,,,,,,,,,,,,,,,,,,,,,,,,,,,,,,,,,,,,,,,,,,,,,,,,
木材加工和木、竹、藤、棕、草制品业,重庆市,0,,,,,,,,,,,,,,,,,,,,,,,,,,,,,,,,,,,,,,,,,,,,,,,,,,,,,,,,,,,,,,,,,,,,,,,,,,,,,,,,,,,,,,,,,,,,,,,,,,,,,,,,,,,,,,,,,,,,,,,,,,,,,,,,,,,,,,,,,,,,,,,,,,,,,,,,,,,,,,,,,,,,,,,,,,,,,,,,,,,,,,,,,,,,,,,,,,,,,,,,,,,,,,,,,,,,,,,,,,,,,,,,,,,,,,,,,,,,,,,,,,,,,,,,,,,,,,,,,,,,,,,,,,,,,,
居民服务、修理和其他服务业,重庆市,0,,,,,,,,,,,,,,,,,,,,,,,,,,,,,,,,,,,,,,,,,,,,,,,,,,,,,,,,,,,,,,,,,,,,,,,,,,,,,,,,,,,,,,,,,,,,,,,,,,,,,,,,,,,,,,,,,,,,,,,,,,,,,,,,,,,,,,,,,,,,,,,,,,,,,,,,,,,,,,,,,,,,,,,,,,,,,,,,,,,,,,,,,,,,,,,,,,,,,,,,,,,,,,,,,,,,,,,,,,,,,,,,,,,,,,,,,,,,,,,,,,,,,,,,,,,,,,,,,,,,,,,,,,,,,,
医药制造业,黑龙江省,5,,,,,1,,4,,3,,,2,3,,,,,,,,,,,,,,,,,,1,,,1,,,,,,,,,,,,,,,,,,,,,,,,,,,,,,,,,,,,,,,,,,,,,,,,,,,,,,,,,,,,,,,,,,,,,,,,,,,,,,,,,,,,,,,,,,,,,,,,,,,,,,,,,,,,,,,,,,,,,,,,,,,,,,,,,,,,,,,,,,,,,,,,,,,,,,,,,,,,,,,,,,,,,,,,,,,,,,,,,,,,,,,,,,,,,,,,,,,,,,,,,,,,,,,,,,,,,,,,,,,,,,,,,,,,,,,,,,,,
化学原料和化学制品制造业,黑龙江省,1,,1,,,,,,,1,,,,,,1,,,,,,,,,,,,,,,,,,,,,,,,,,,,,,,,,,,,,,,,,,,,,,,,,,,,,,,,,,,,,,,,,,,,,,,,,,,,,,,,,,,,,,,,,,,,,,,,,,,,,,,,,,,,,,,,,,,,,,,,,,,,,,,,,,,,,,,,,,,,,,,,,,,,,,,,,,,,,,,,,,,,,,,,,,,,,,,,,,,,,,,,,,,,,,,,,,,,,,,,,,,,,,,,,,,,,,,,,,,,,,,,,,,,,,,,,,,,,,,,,,,,,,,,,,,,,,,
食品饮料业,黑龙江省,2,,,,,,,2,,,1,,1,,,,,1,,,,,,,,,,,,,,,,,1,,,,,,,,,,,,,,,,,,,,,,,,,,,,,,,,,,,,,,,,,,,,,,,,,,,,,,,,,,,,,,,,,,,,,,,,,,,,,,,,,,,,,,,,,,,,,,,,,,,,,,,,,,,,,,,,,,,,,,,,,,,,,,,,,,,,,,,,,,,,,,,,,,,,,,,,,,,,,,,,,,,,,,,,,,,,,,,,,,,,,,,,,,,,,,,,,,,,,,,,,,,,,,,,,,,,,,,,,,,,,,,,,,,,,,,,,,,,
专用设备制造业,黑龙江省,3,,2,,,,,1,,2,,,1,1,,1,,,,,,,,,,,,,,,,,1,,,,,,,,,,,,,,,,,,,,,,,,,,,,,,,,,,,,,,,,,,,,,,,,,,,,,,,,,,,,,,,,,,,,,,,,,,,,,,,,,,,,,,,,,,,,,,,,,,,,,,,,,,,,,,,,,,,,,,,,,,,,,,,,,,,,,,,,,,,,,,,,,,,,,,,,,,,,,,,,,,,,,,,,,,,,,,,,,,,,,,,,,,,,,,,,,,,,,,,,,,,,,,,,,,,,,,,,,,,,,,,,,,,,,,,,,,,,,,
信息传输、软件和信息技术服务业,黑龙江省,1,,,,,,,1,,,,,1,,,,,,,,,,,,,,,,,,,,,,1,,,,,,,,,,,,,,,,,,,,,,,,,,,,,,,,,,,,,,,,,,,,,,,,,,,,,,,,,,,,,,,,,,,,,,,,,,,,,,,,,,,,,,,,,,,,,,,,,,,,,,,,,,,,,,,,,,,,,,,,,,,,,,,,,,,,,,,,,,,,,,,,,,,,,,,,,,,,,,,,,,,,,,,,,,,,,,,,,,,,,,,,,,,,,,,,,,,,,,,,,,,,,,,,,,,,,,,,,,,,,,,,,,,,,,,,,,,,
电力、热力、燃气及水生产和供应业,黑龙江省,2,,1,,,,,1,,,,,2,,,,,,,,,,,,,,,,,,,,1,,1,,,,,,,,,,,,,,,,,,,,,,,,,,,,,,,,,,,,,,,,,,,,,,,,,,,,,,,,,,,,,,,,,,,,,,,,,,,,,,,,,,,,,,,,,,,,,,,,,,,,,,,,,,,,,,,,,,,,,,,,,,,,,,,,,,,,,,,,,,,,,,,,,,,,,,,,,,,,,,,,,,,,,,,,,,,,,,,,,,,,,,,,,,,,,,,,,,,,,,,,,,,,,,,,,,,,,,,,,,,,,,,,,,,,,,,,,,,,
商业电气机械和器材制造业,黑龙江省,2,,1,,,,,1,,1,1,,,1,,,,,,1,,,,,,,,,,,,,,,,,,,,,,,,,,,,,,,,,,,,,,,,,,,,,,,,,,,,,,,,,,,,,,,,,,,,,,,,,,,,,,,,,,,,,,,,,,,,,,,,,,,,,,,,,,,,,,,,,,,,,,,,,,,,,,,,,,,,,,,,,,,,,,,,,,,,,,,,,,,,,,,,,,,,,,,,,,,,,,,,,,,,,,,,,,,,,,,,,,,,,,,,,,,,,,,,,,,,,,,,,,,,,,,,,,,,,,,,,,,,,,,,,,,,,,,,,,,
批发和零售业,黑龙江省,1,,,,,1,,,,,,,1,,,,,,,,,,,,,,,,,,,1,,,,,,,,,,,,,,,,,,,,,,,,,,,,,,,,,,,,,,,,,,,,,,,,,,,,,,,,,,,,,,,,,,,,,,,,,,,,,,,,,,,,,,,,,,,,,,,,,,,,,,,,,,,,,,,,,,,,,,,,,,,,,,,,,,,,,,,,,,,,,,,,,,,,,,,,,,,,,,,,,,,,,,,,,,,,,,,,,,,,,,,,,,,,,,,,,,,,,,,,,,,,,,,,,,,,,,,,,,,,,,,,,,,,,,,,,,,,,,,
金融业,黑龙江省,4,,1,,,2,,1,,,1,,3,,,,,,,,,,,1,,,,,,,,1,1,,1,,,,,,,,,,,,,,,,,,,,,,,,,,,,,,,,,,,,,,,,,,,,,,,,,,,,,,,,,,,,,,,,,,,,,,,,,,,,,,,,,,,,,,,,,,,,,,,,,,,,,,,,,,,,,,,,,,,,,,,,,,,,,,,,,,,,,,,,,,,,,,,,,,,,,,,,,,,,,,,,,,,,,,,,,,,,,,,,,,,,,,,,,,,,,,,,,,,,,,,,,,,,,,,,,,,,,,,,,,,,,,,,,,,,,,,,,,,,
汽车制造业,黑龙江省,3,,1,,,1,1,,,,,,3,,,,,,,,,,,,,,,,,,,1,1,1,,,,,,,,,,,,,,,,,,,,,,,,,,,,,,,,,,,,,,,,,,,,,,,,,,,,,,,,,,,,,,,,,,,,,,,,,,,,,,,,,,,,,,,,,,,,,,,,,,,,,,,,,,,,,,,,,,,,,,,,,,,,,,,,,,,,,,,,,,,,,,,,,,,,,,,,,,,,,,,,,,,,,,,,,,,,,,,,,,,,,,,,,,,,,,,,,,,,,,,,,,,,,,,,,,,,,,,,,,,,,,,,,,,,,,,,,,,,,
金属冶炼和压延加工业,黑龙江省,2,,,,,,,2,,1,1,,,1,,,,1,,,,,,,,,,,,,,,,,,,,,,,,,,,,,,,,,,,,,,,,,,,,,,,,,,,,,,,,,,,,,,,,,,,,,,,,,,,,,,,,,,,,,,,,,,,,,,,,,,,,,,,,,,,,,,,,,,,,,,,,,,,,,,,,,,,,,,,,,,,,,,,,,,,,,,,,,,,,,,,,,,,,,,,,,,,,,,,,,,,,,,,,,,,,,,,,,,,,,,,,,,,,,,,,,,,,,,,,,,,,,,,,,,,,,,,,,,,,,,,,,,,,,,,,,,,,,
交通运输、仓储和邮政业,黑龙江省,2,,,,,1,,1,,,,,2,,,,,,,,,,,,,,,,,,,1,,,1,,,,,,,,,,,,,,,,,,,,,,,,,,,,,,,,,,,,,,,,,,,,,,,,,,,,,,,,,,,,,,,,,,,,,,,,,,,,,,,,,,,,,,,,,,,,,,,,,,,,,,,,,,,,,,,,,,,,,,,,,,,,,,,,,,,,,,,,,,,,,,,,,,,,,,,,,,,,,,,,,,,,,,,,,,,,,,,,,,,,,,,,,,,,,,,,,,,,,,,,,,,,,,,,,,,,,,,,,,,,,,,,,,,,,,,,,,,,
消费电子及电气业,黑龙江省,2,,,,,1,,1,,,,,2,,,,,,,,,,,,,,,,,,,1,,,1,,,,,,,,,,,,,,,,,,,,,,,,,,,,,,,,,,,,,,,,,,,,,,,,,,,,,,,,,,,,,,,,,,,,,,,,,,,,,,,,,,,,,,,,,,,,,,,,,,,,,,,,,,,,,,,,,,,,,,,,,,,,,,,,,,,,,,,,,,,,,,,,,,,,,,,,,,,,,,,,,,,,,,,,,,,,,,,,,,,,,,,,,,,,,,,,,,,,,,,,,,,,,,,,,,,,,,,,,,,,,,,,,,,,,,,,,,,,
房地产业,黑龙江省,0,,,,,,,,,,,,,,,,,,,,,,,,,,,,,,,,,,,,,,,,,,,,,,,,,,,,,,,,,,,,,,,,,,,,,,,,,,,,,,,,,,,,,,,,,,,,,,,,,,,,,,,,,,,,,,,,,,,,,,,,,,,,,,,,,,,,,,,,,,,,,,,,,,,,,,,,,,,,,,,,,,,,,,,,,,,,,,,,,,,,,,,,,,,,,,,,,,,,,,,,,,,,,,,,,,,,,,,,,,,,,,,,,,,,,,,,,,,,,,,,,,,,,,,,,,,,,,,,,,,,,,,,,,,,,,
采矿业,黑龙江省,0,,,,,,,,,,,,,,,,,,,,,,,,,,,,,,,,,,,,,,,,,,,,,,,,,,,,,,,,,,,,,,,,,,,,,,,,,,,,,,,,,,,,,,,,,,,,,,,,,,,,,,,,,,,,,,,,,,,,,,,,,,,,,,,,,,,,,,,,,,,,,,,,,,,,,,,,,,,,,,,,,,,,,,,,,,,,,,,,,,,,,,,,,,,,,,,,,,,,,,,,,,,,,,,,,,,,,,,,,,,,,,,,,,,,,,,,,,,,,,,,,,,,,,,,,,,,,,,,,,,,,,,,,,,,,,
非金属矿物制品业,黑龙江省,0,,,,,,,,,,,,,,,,,,,,,,,,,,,,,,,,,,,,,,,,,,,,,,,,,,,,,,,,,,,,,,,,,,,,,,,,,,,,,,,,,,,,,,,,,,,,,,,,,,,,,,,,,,,,,,,,,,,,,,,,,,,,,,,,,,,,,,,,,,,,,,,,,,,,,,,,,,,,,,,,,,,,,,,,,,,,,,,,,,,,,,,,,,,,,,,,,,,,,,,,,,,,,,,,,,,,,,,,,,,,,,,,,,,,,,,,,,,,,,,,,,,,,,,,,,,,,,,,,,,,,,,,,,,,,,
通用设备制造业,黑龙江省,0,,,,,,,,,,,,,,,,,,,,,,,,,,,,,,,,,,,,,,,,,,,,,,,,,,,,,,,,,,,,,,,,,,,,,,,,,,,,,,,,,,,,,,,,,,,,,,,,,,,,,,,,,,,,,,,,,,,,,,,,,,,,,,,,,,,,,,,,,,,,,,,,,,,,,,,,,,,,,,,,,,,,,,,,,,,,,,,,,,,,,,,,,,,,,,,,,,,,,,,,,,,,,,,,,,,,,,,,,,,,,,,,,,,,,,,,,,,,,,,,,,,,,,,,,,,,,,,,,,,,,,,,,,,,,,
半导体业,黑龙江省,1,,,,,,,1,,,,,1,,,,,,,,,,,,,,,,,,,,,,1,,,,,,,,,,,,,,,,,,,,,,,,,,,,,,,,,,,,,,,,,,,,,,,,,,,,,,,,,,,,,,,,,,,,,,,,,,,,,,,,,,,,,,,,,,,,,,,,,,,,,,,,,,,,,,,,,,,,,,,,,,,,,,,,,,,,,,,,,,,,,,,,,,,,,,,,,,,,,,,,,,,,,,,,,,,,,,,,,,,,,,,,,,,,,,,,,,,,,,,,,,,,,,,,,,,,,,,,,,,,,,,,,,,,,,,,,,,,
建筑业,黑龙江省,2,,,,,1,,1,,1,,,1,1,,,,,,,,,,,,,,,,,,1,,,,,,,,,,,,,,,,,,,,,,,,,,,,,,,,,,,,,,,,,,,,,,,,,,,,,,,,,,,,,,,,,,,,,,,,,,,,,,,,,,,,,,,,,,,,,,,,,,,,,,,,,,,,,,,,,,,,,,,,,,,,,,,,,,,,,,,,,,,,,,,,,,,,,,,,,,,,,,,,,,,,,,,,,,,,,,,,,,,,,,,,,,,,,,,,,,,,,,,,,,,,,,,,,,,,,,,,,,,,,,,,,,,,,,,,,,,,,,,
铁路、船舶、航空航天和其他运输设备制造业,黑龙江省,4,,3,,,,,1,,2,,,2,1,,1,,,,,,,,,,,,,,,,,2,,,,,,,,,,,,,,,,,,,,,,,,,,,,,,,,,,,,,,,,,,,,,,,,,,,,,,,,,,,,,,,,,,,,,,,,,,,,,,,,,,,,,,,,,,,,,,,,,,,,,,,,,,,,,,,,,,,,,,,,,,,,,,,,,,,,,,,,,,,,,,,,,,,,,,,,,,,,,,,,,,,,,,,,,,,,,,,,,,,,,,,,,,,,,,,,,,,,,,,,,,,,,,,,,,,,,,,,,,,,,,,,,,,,,,,,,,,,,,
水利、环境和公共设施管理业,黑龙江省,0,,,,,,,,,,,,,,,,,,,,,,,,,,,,,,,,,,,,,,,,,,,,,,,,,,,,,,,,,,,,,,,,,,,,,,,,,,,,,,,,,,,,,,,,,,,,,,,,,,,,,,,,,,,,,,,,,,,,,,,,,,,,,,,,,,,,,,,,,,,,,,,,,,,,,,,,,,,,,,,,,,,,,,,,,,,,,,,,,,,,,,,,,,,,,,,,,,,,,,,,,,,,,,,,,,,,,,,,,,,,,,,,,,,,,,,,,,,,,,,,,,,,,,,,,,,,,,,,,,,,,,,,,,,,,,
科学研究和技术服务业,黑龙江省,0,,,,,,,,,,,,,,,,,,,,,,,,,,,,,,,,,,,,,,,,,,,,,,,,,,,,,,,,,,,,,,,,,,,,,,,,,,,,,,,,,,,,,,,,,,,,,,,,,,,,,,,,,,,,,,,,,,,,,,,,,,,,,,,,,,,,,,,,,,,,,,,,,,,,,,,,,,,,,,,,,,,,,,,,,,,,,,,,,,,,,,,,,,,,,,,,,,,,,,,,,,,,,,,,,,,,,,,,,,,,,,,,,,,,,,,,,,,,,,,,,,,,,,,,,,,,,,,,,,,,,,,,,,,,,,
纺织鞋服业,黑龙江省,0,,,,,,,,,,,,,,,,,,,,,,,,,,,,,,,,,,,,,,,,,,,,,,,,,,,,,,,,,,,,,,,,,,,,,,,,,,,,,,,,,,,,,,,,,,,,,,,,,,,,,,,,,,,,,,,,,,,,,,,,,,,,,,,,,,,,,,,,,,,,,,,,,,,,,,,,,,,,,,,,,,,,,,,,,,,,,,,,,,,,,,,,,,,,,,,,,,,,,,,,,,,,,,,,,,,,,,,,,,,,,,,,,,,,,,,,,,,,,,,,,,,,,,,,,,,,,,,,,,,,,,,,,,,,,,
通信传输设备业,黑龙江省,0,,,,,,,,,,,,,,,,,,,,,,,,,,,,,,,,,,,,,,,,,,,,,,,,,,,,,,,,,,,,,,,,,,,,,,,,,,,,,,,,,,,,,,,,,,,,,,,,,,,,,,,,,,,,,,,,,,,,,,,,,,,,,,,,,,,,,,,,,,,,,,,,,,,,,,,,,,,,,,,,,,,,,,,,,,,,,,,,,,,,,,,,,,,,,,,,,,,,,,,,,,,,,,,,,,,,,,,,,,,,,,,,,,,,,,,,,,,,,,,,,,,,,,,,,,,,,,,,,,,,,,,,,,,,,,
金属制品业,黑龙江省,0,,,,,,,,,,,,,,,,,,,,,,,,,,,,,,,,,,,,,,,,,,,,,,,,,,,,,,,,,,,,,,,,,,,,,,,,,,,,,,,,,,,,,,,,,,,,,,,,,,,,,,,,,,,,,,,,,,,,,,,,,,,,,,,,,,,,,,,,,,,,,,,,,,,,,,,,,,,,,,,,,,,,,,,,,,,,,,,,,,,,,,,,,,,,,,,,,,,,,,,,,,,,,,,,,,,,,,,,,,,,,,,,,,,,,,,,,,,,,,,,,,,,,,,,,,,,,,,,,,,,,,,,,,,,,,
文化、体育和娱乐业,黑龙江省,1,,,,,1,,,,,,,1,,,,,,,,,,,,,,,,,,,1,,,,,,,,,,,,,,,,,,,,,,,,,,,,,,,,,,,,,,,,,,,,,,,,,,,,,,,,,,,,,,,,,,,,,,,,,,,,,,,,,,,,,,,,,,,,,,,,,,,,,,,,,,,,,,,,,,,,,,,,,,,,,,,,,,,,,,,,,,,,,,,,,,,,,,,,,,,,,,,,,,,,,,,,,,,,,,,,,,,,,,,,,,,,,,,,,,,,,,,,,,,,,,,,,,,,,,,,,,,,,,,,,,,,,,,,,,,,,,,
橡胶和塑料制品业,黑龙江省,0,,,,,,,,,,,,,,,,,,,,,,,,,,,,,,,,,,,,,,,,,,,,,,,,,,,,,,,,,,,,,,,,,,,,,,,,,,,,,,,,,,,,,,,,,,,,,,,,,,,,,,,,,,,,,,,,,,,,,,,,,,,,,,,,,,,,,,,,,,,,,,,,,,,,,,,,,,,,,,,,,,,,,,,,,,,,,,,,,,,,,,,,,,,,,,,,,,,,,,,,,,,,,,,,,,,,,,,,,,,,,,,,,,,,,,,,,,,,,,,,,,,,,,,,,,,,,,,,,,,,,,,,,,,,,,
租赁和商务服务业,黑龙江省,0,,,,,,,,,,,,,,,,,,,,,,,,,,,,,,,,,,,,,,,,,,,,,,,,,,,,,,,,,,,,,,,,,,,,,,,,,,,,,,,,,,,,,,,,,,,,,,,,,,,,,,,,,,,,,,,,,,,,,,,,,,,,,,,,,,,,,,,,,,,,,,,,,,,,,,,,,,,,,,,,,,,,,,,,,,,,,,,,,,,,,,,,,,,,,,,,,,,,,,,,,,,,,,,,,,,,,,,,,,,,,,,,,,,,,,,,,,,,,,,,,,,,,,,,,,,,,,,,,,,,,,,,,,,,,,
农、林、牧、渔业,黑龙江省,2,,1,,,,,1,,,,,2,,,,,,,,,,,,,,,,,,,,1,,1,,,,,,,,,,,,,,,,,,,,,,,,,,,,,,,,,,,,,,,,,,,,,,,,,,,,,,,,,,,,,,,,,,,,,,,,,,,,,,,,,,,,,,,,,,,,,,,,,,,,,,,,,,,,,,,,,,,,,,,,,,,,,,,,,,,,,,,,,,,,,,,,,,,,,,,,,,,,,,,,,,,,,,,,,,,,,,,,,,,,,,,,,,,,,,,,,,,,,,,,,,,,,,,,,,,,,,,,,,,,,,,,,,,,,,,,,,,,
仪器仪表制造业,黑龙江省,0,,,,,,,,,,,,,,,,,,,,,,,,,,,,,,,,,,,,,,,,,,,,,,,,,,,,,,,,,,,,,,,,,,,,,,,,,,,,,,,,,,,,,,,,,,,,,,,,,,,,,,,,,,,,,,,,,,,,,,,,,,,,,,,,,,,,,,,,,,,,,,,,,,,,,,,,,,,,,,,,,,,,,,,,,,,,,,,,,,,,,,,,,,,,,,,,,,,,,,,,,,,,,,,,,,,,,,,,,,,,,,,,,,,,,,,,,,,,,,,,,,,,,,,,,,,,,,,,,,,,,,,,,,,,,,
造纸和纸制品业,黑龙江省,1,,,,,1,,,,,,,1,,,,,,,,,,,,,,,,,,,1,,,,,,,,,,,,,,,,,,,,,,,,,,,,,,,,,,,,,,,,,,,,,,,,,,,,,,,,,,,,,,,,,,,,,,,,,,,,,,,,,,,,,,,,,,,,,,,,,,,,,,,,,,,,,,,,,,,,,,,,,,,,,,,,,,,,,,,,,,,,,,,,,,,,,,,,,,,,,,,,,,,,,,,,,,,,,,,,,,,,,,,,,,,,,,,,,,,,,,,,,,,,,,,,,,,,,,,,,,,,,,,,,,,,,,,,,,,,,,,
其他制造业,黑龙江省,0,,,,,,,,,,,,,,,,,,,,,,,,,,,,,,,,,,,,,,,,,,,,,,,,,,,,,,,,,,,,,,,,,,,,,,,,,,,,,,,,,,,,,,,,,,,,,,,,,,,,,,,,,,,,,,,,,,,,,,,,,,,,,,,,,,,,,,,,,,,,,,,,,,,,,,,,,,,,,,,,,,,,,,,,,,,,,,,,,,,,,,,,,,,,,,,,,,,,,,,,,,,,,,,,,,,,,,,,,,,,,,,,,,,,,,,,,,,,,,,,,,,,,,,,,,,,,,,,,,,,,,,,,,,,,,
教育,黑龙江省,1,,,,,,,1,,,1,,,,,,,1,,,,,,,,,,,,,,,,,,,,,,,,,,,,,,,,,,,,,,,,,,,,,,,,,,,,,,,,,,,,,,,,,,,,,,,,,,,,,,,,,,,,,,,,,,,,,,,,,,,,,,,,,,,,,,,,,,,,,,,,,,,,,,,,,,,,,,,,,,,,,,,,,,,,,,,,,,,,,,,,,,,,,,,,,,,,,,,,,,,,,,,,,,,,,,,,,,,,,,,,,,,,,,,,,,,,,,,,,,,,,,,,,,,,,,,,,,,,,,,,,,,,,,,,,,,,,
综合,黑龙江省,0,,,,,,,,,,,,,,,,,,,,,,,,,,,,,,,,,,,,,,,,,,,,,,,,,,,,,,,,,,,,,,,,,,,,,,,,,,,,,,,,,,,,,,,,,,,,,,,,,,,,,,,,,,,,,,,,,,,,,,,,,,,,,,,,,,,,,,,,,,,,,,,,,,,,,,,,,,,,,,,,,,,,,,,,,,,,,,,,,,,,,,,,,,,,,,,,,,,,,,,,,,,,,,,,,,,,,,,,,,,,,,,,,,,,,,,,,,,,,,,,,,,,,,,,,,,,,,,,,,,,,,,,,,,,,,
废弃资源综合利用业,黑龙江省,0,,,,,,,,,,,,,,,,,,,,,,,,,,,,,,,,,,,,,,,,,,,,,,,,,,,,,,,,,,,,,,,,,,,,,,,,,,,,,,,,,,,,,,,,,,,,,,,,,,,,,,,,,,,,,,,,,,,,,,,,,,,,,,,,,,,,,,,,,,,,,,,,,,,,,,,,,,,,,,,,,,,,,,,,,,,,,,,,,,,,,,,,,,,,,,,,,,,,,,,,,,,,,,,,,,,,,,,,,,,,,,,,,,,,,,,,,,,,,,,,,,,,,,,,,,,,,,,,,,,,,,,,,,,,,,
印刷和记录媒介复制业,黑龙江省,0,,,,,,,,,,,,,,,,,,,,,,,,,,,,,,,,,,,,,,,,,,,,,,,,,,,,,,,,,,,,,,,,,,,,,,,,,,,,,,,,,,,,,,,,,,,,,,,,,,,,,,,,,,,,,,,,,,,,,,,,,,,,,,,,,,,,,,,,,,,,,,,,,,,,,,,,,,,,,,,,,,,,,,,,,,,,,,,,,,,,,,,,,,,,,,,,,,,,,,,,,,,,,,,,,,,,,,,,,,,,,,,,,,,,,,,,,,,,,,,,,,,,,,,,,,,,,,,,,,,,,,,,,,,,,,
卫生和社会工作,黑龙江省,0,,,,,,,,,,,,,,,,,,,,,,,,,,,,,,,,,,,,,,,,,,,,,,,,,,,,,,,,,,,,,,,,,,,,,,,,,,,,,,,,,,,,,,,,,,,,,,,,,,,,,,,,,,,,,,,,,,,,,,,,,,,,,,,,,,,,,,,,,,,,,,,,,,,,,,,,,,,,,,,,,,,,,,,,,,,,,,,,,,,,,,,,,,,,,,,,,,,,,,,,,,,,,,,,,,,,,,,,,,,,,,,,,,,,,,,,,,,,,,,,,,,,,,,,,,,,,,,,,,,,,,,,,,,,,,
文教、工美、体育和娱乐用品制造业,黑龙江省,0,,,,,,,,,,,,,,,,,,,,,,,,,,,,,,,,,,,,,,,,,,,,,,,,,,,,,,,,,,,,,,,,,,,,,,,,,,,,,,,,,,,,,,,,,,,,,,,,,,,,,,,,,,,,,,,,,,,,,,,,,,,,,,,,,,,,,,,,,,,,,,,,,,,,,,,,,,,,,,,,,,,,,,,,,,,,,,,,,,,,,,,,,,,,,,,,,,,,,,,,,,,,,,,,,,,,,,,,,,,,,,,,,,,,,,,,,,,,,,,,,,,,,,,,,,,,,,,,,,,,,,,,,,,,,,
石油加工、炼焦和核燃料加工业,黑龙江省,1,,,,,,,1,,,,,1,,,,,,,,,,,,,,,,,,,,,,1,,,,,,,,,,,,,,,,,,,,,,,,,,,,,,,,,,,,,,,,,,,,,,,,,,,,,,,,,,,,,,,,,,,,,,,,,,,,,,,,,,,,,,,,,,,,,,,,,,,,,,,,,,,,,,,,,,,,,,,,,,,,,,,,,,,,,,,,,,,,,,,,,,,,,,,,,,,,,,,,,,,,,,,,,,,,,,,,,,,,,,,,,,,,,,,,,,,,,,,,,,,,,,,,,,,,,,,,,,,,,,,,,,,,,,,,,,,,
化学纤维制造业,黑龙江省,0,,,,,,,,,,,,,,,,,,,,,,,,,,,,,,,,,,,,,,,,,,,,,,,,,,,,,,,,,,,,,,,,,,,,,,,,,,,,,,,,,,,,,,,,,,,,,,,,,,,,,,,,,,,,,,,,,,,,,,,,,,,,,,,,,,,,,,,,,,,,,,,,,,,,,,,,,,,,,,,,,,,,,,,,,,,,,,,,,,,,,,,,,,,,,,,,,,,,,,,,,,,,,,,,,,,,,,,,,,,,,,,,,,,,,,,,,,,,,,,,,,,,,,,,,,,,,,,,,,,,,,,,,,,,,,
家具制造业,黑龙江省,0,,,,,,,,,,,,,,,,,,,,,,,,,,,,,,,,,,,,,,,,,,,,,,,,,,,,,,,,,,,,,,,,,,,,,,,,,,,,,,,,,,,,,,,,,,,,,,,,,,,,,,,,,,,,,,,,,,,,,,,,,,,,,,,,,,,,,,,,,,,,,,,,,,,,,,,,,,,,,,,,,,,,,,,,,,,,,,,,,,,,,,,,,,,,,,,,,,,,,,,,,,,,,,,,,,,,,,,,,,,,,,,,,,,,,,,,,,,,,,,,,,,,,,,,,,,,,,,,,,,,,,,,,,,,,,
住宿和餐饮业,黑龙江省,0,,,,,,,,,,,,,,,,,,,,,,,,,,,,,,,,,,,,,,,,,,,,,,,,,,,,,,,,,,,,,,,,,,,,,,,,,,,,,,,,,,,,,,,,,,,,,,,,,,,,,,,,,,,,,,,,,,,,,,,,,,,,,,,,,,,,,,,,,,,,,,,,,,,,,,,,,,,,,,,,,,,,,,,,,,,,,,,,,,,,,,,,,,,,,,,,,,,,,,,,,,,,,,,,,,,,,,,,,,,,,,,,,,,,,,,,,,,,,,,,,,,,,,,,,,,,,,,,,,,,,,,,,,,,,,
木材加工和木、竹、藤、棕、草制品业,黑龙江省,1,,,,,,,1,,1,,,,1,,,,,,,,,,,,,,,,,,,,,,,,,,,,,,,,,,,,,,,,,,,,,,,,,,,,,,,,,,,,,,,,,,,,,,,,,,,,,,,,,,,,,,,,,,,,,,,,,,,,,,,,,,,,,,,,,,,,,,,,,,,,,,,,,,,,,,,,,,,,,,,,,,,,,,,,,,,,,,,,,,,,,,,,,,,,,,,,,,,,,,,,,,,,,,,,,,,,,,,,,,,,,,,,,,,,,,,,,,,,,,,,,,,,,,,,,,,,,,,,,,,,,,,,,,,,,,,,,
居民服务、修理和其他服务业,黑龙江省,0,,,,,,,,,,,,,,,,,,,,,,,,,,,,,,,,,,,,,,,,,,,,,,,,,,,,,,,,,,,,,,,,,,,,,,,,,,,,,,,,,,,,,,,,,,,,,,,,,,,,,,,,,,,,,,,,,,,,,,,,,,,,,,,,,,,,,,,,,,,,,,,,,,,,,,,,,,,,,,,,,,,,,,,,,,,,,,,,,,,,,,,,,,,,,,,,,,,,,,,,,,,,,,,,,,,,,,,,,,,,,,,,,,,,,,,,,,,,,,,,,,,,,,,,,,,,,,,,,,,,,,,,,,,,,,
医药制造业,广西壮族自治区,4,,,,,1,1,2,,3,,,1,2,,,1,,,,,,,,,,,,,,,1,,,,,,,,,,,,,,,,,,,,,,,,,,,,,,,,,,,,,,,,,,,,,,,,,,,,,,,,,,,,,,,,,,,,,,,,,,,,,,,,,,,,,,,,,,,,,,,,,,,,,,,,,,,,,,,,,,,,,,,,,,,,,,,,,,,,,,,,,,,,,,,,,,,,,,,,,,,,,,,,,,,,,,,,,,,,,,,,,,,,,,,,,,,,,,,,,,,,,,,,,,,,,,,,,,,,,,,,,,,,,,,,,,,,,,,,,,,,,,,
化学原料和化学制品制造业,广西壮族自治区,4,,,,,3,,1,,,1,,3,,,,,1,,,,,,,,,,,,,,3,,,,,,,,,,,,,,,,,,,,,,,,,,,,,,,,,,,,,,,,,,,,,,,,,,,,,,,,,,,,,,,,,,,,,,,,,,,,,,,,,,,,,,,,,,,,,,,,,,,,,,,,,,,,,,,,,,,,,,,,,,,,,,,,,,,,,,,,,,,,,,,,,,,,,,,,,,,,,,,,,,,,,,,,,,,,,,,,,,,,,,,,,,,,,,,,,,,,,,,,,,,,,,,,,,,,,,,,,,,,,,,,,,,,,,,,,,,,,,,
食品饮料业,广西壮族自治区,5,,,,,1,,4,,4,1,,,3,1,,,1,,,,,,,,,,,,,,,,,,,,,,,,,,,,,,,,,,,,,,,,,,,,,,,,,,,,,,,,,,,,,,,,,,,,,,,,,,,,,,,,,,,,,,,,,,,,,,,,,,,,,,,,,,,,,,,,,,,,,,,,,,,,,,,,,,,,,,,,,,,,,,,,,,,,,,,,,,,,,,,,,,,,,,,,,,,,,,,,,,,,,,,,,,,,,,,,,,,,,,,,,,,,,,,,,,,,,,,,,,,,,,,,,,,,,,,,,,,,,,,,,,,,,,,,,,,,,
专用设备制造业,广西壮族自治区,1,,,,,1,,,,1,,,,,1,,,,,,,,,,,,,,,,,,,,,,,,,,,,,,,,,,,,,,,,,,,,,,,,,,,,,,,,,,,,,,,,,,,,,,,,,,,,,,,,,,,,,,,,,,,,,,,,,,,,,,,,,,,,,,,,,,,,,,,,,,,,,,,,,,,,,,,,,,,,,,,,,,,,,,,,,,,,,,,,,,,,,,,,,,,,,,,,,,,,,,,,,,,,,,,,,,,,,,,,,,,,,,,,,,,,,,,,,,,,,,,,,,,,,,,,,,,,,,,,,,,,,,,,,,,,,,,,
信息传输、软件和信息技术服务业,广西壮族自治区,4,,,,,1,,3,,1,,,3,1,,,,,,,,,,,,,,,,,,1,,,2,,,,,,,,,,,,,,,,,,,,,,,,,,,,,,,,,,,,,,,,,,,,,,,,,,,,,,,,,,,,,,,,,,,,,,,,,,,,,,,,,,,,,,,,,,,,,,,,,,,,,,,,,,,,,,,,,,,,,,,,,,,,,,,,,,,,,,,,,,,,,,,,,,,,,,,,,,,,,,,,,,,,,,,,,,,,,,,,,,,,,,,,,,,,,,,,,,,,,,,,,,,,,,,,,,,,,,,,,,,,,,,,,,,,,,,,,,,,
电力、热力、燃气及水生产和供应业,广西壮族自治区,3,,1,,,2,,,,,,,3,,,,,,,,,,,,,,,,,,,2,1,,,,,,,,,,,,,,,,,,,,,,,,,,,,,,,,,,,,,,,,,,,,,,,,,,,,,,,,,,,,,,,,,,,,,,,,,,,,,,,,,,,,,,,,,,,,,,,,,,,,,,,,,,,,,,,,,,,,,,,,,,,,,,,,,,,,,,,,,,,,,,,,,,,,,,,,,,,,,,,,,,,,,,,,,,,,,,,,,,,,,,,,,,,,,,,,,,,,,,,,,,,,,,,,,,,,,,,,,,,,,,,,,,,,,,,,,,,,,,
商业电气机械和器材制造业,广西壮族自治区,2,,,,,,,2,,1,1,,,1,,,,1,,,,,,,,,,,,,,,,,,,,,,,,,,,,,,,,,,,,,,,,,,,,,,,,,,,,,,,,,,,,,,,,,,,,,,,,,,,,,,,,,,,,,,,,,,,,,,,,,,,,,,,,,,,,,,,,,,,,,,,,,,,,,,,,,,,,,,,,,,,,,,,,,,,,,,,,,,,,,,,,,,,,,,,,,,,,,,,,,,,,,,,,,,,,,,,,,,,,,,,,,,,,,,,,,,,,,,,,,,,,,,,,,,,,,,,,,,,,,,,,,,,,,,,,,,,,,
批发和零售业,广西壮族自治区,3,,,,,1,,2,,,,,3,,,,,,,,,,,,,,,,,,,1,,,2,,,,,,,,,,,,,,,,,,,,,,,,,,,,,,,,,,,,,,,,,,,,,,,,,,,,,,,,,,,,,,,,,,,,,,,,,,,,,,,,,,,,,,,,,,,,,,,,,,,,,,,,,,,,,,,,,,,,,,,,,,,,,,,,,,,,,,,,,,,,,,,,,,,,,,,,,,,,,,,,,,,,,,,,,,,,,,,,,,,,,,,,,,,,,,,,,,,,,,,,,,,,,,,,,,,,,,,,,,,,,,,,,,,,,,,,,,,,
金融业,广西壮族自治区,1,,,,,1,,,,1,,,,,1,,,,,,,,,,,,,,,,,,,,,,,,,,,,,,,,,,,,,,,,,,,,,,,,,,,,,,,,,,,,,,,,,,,,,,,,,,,,,,,,,,,,,,,,,,,,,,,,,,,,,,,,,,,,,,,,,,,,,,,,,,,,,,,,,,,,,,,,,,,,,,,,,,,,,,,,,,,,,,,,,,,,,,,,,,,,,,,,,,,,,,,,,,,,,,,,,,,,,,,,,,,,,,,,,,,,,,,,,,,,,,,,,,,,,,,,,,,,,,,,,,,,,,,,,,,,,,,,
汽车制造业,广西壮族自治区,3,1,,,,,,2,,1,1,,1,1,,,,,,,,,,,,1,,,,,,,,,1,,,,,,,,,,,,,,,,,,,,,,,,,,,,,,,,,,,,,,,,,,,,,,,,,,,,,,,,,,,,,,,,,,,,,,,,,,,,,,,,,,,,,,,,,,,,,,,,,,,,,,,,,,,,,,,,,,,,,,,,,,,,,,,,,,,,,,,,,,,,,,,,,,,,,,,,,,,,,,,,,,,,,,,,,,,,,,,,,,,,,,,,,,,,,,,,,,,,,,,,,,,,,,,,,,,,,,,,,,,,,,,,,,,,,,,,,,,,
金属冶炼和压延加工业,广西壮族自治区,1,,,,,1,,,,,,,1,,,,,,,,,,,,,,,,,,,1,,,,,,,,,,,,,,,,,,,,,,,,,,,,,,,,,,,,,,,,,,,,,,,,,,,,,,,,,,,,,,,,,,,,,,,,,,,,,,,,,,,,,,,,,,,,,,,,,,,,,,,,,,,,,,,,,,,,,,,,,,,,,,,,,,,,,,,,,,,,,,,,,,,,,,,,,,,,,,,,,,,,,,,,,,,,,,,,,,,,,,,,,,,,,,,,,,,,,,,,,,,,,,,,,,,,,,,,,,,,,,,,,,,,,,,,,,,,,,,
交通运输、仓储和邮政业,广西壮族自治区,2,,,,,2,,,,1,,,1,,1,,,,,,,,,,,,,,,,,1,,,,,,,,,,,,,,,,,,,,,,,,,,,,,,,,,,,,,,,,,,,,,,,,,,,,,,,,,,,,,,,,,,,,,,,,,,,,,,,,,,,,,,,,,,,,,,,,,,,,,,,,,,,,,,,,,,,,,,,,,,,,,,,,,,,,,,,,,,,,,,,,,,,,,,,,,,,,,,,,,,,,,,,,,,,,,,,,,,,,,,,,,,,,,,,,,,,,,,,,,,,,,,,,,,,,,,,,,,,,,,,,,,,,,,,,,,,,,,,
消费电子及电气业,广西壮族自治区,1,,,,,,,1,,1,,,,1,,,,,,,,,,,,,,,,,,,,,,,,,,,,,,,,,,,,,,,,,,,,,,,,,,,,,,,,,,,,,,,,,,,,,,,,,,,,,,,,,,,,,,,,,,,,,,,,,,,,,,,,,,,,,,,,,,,,,,,,,,,,,,,,,,,,,,,,,,,,,,,,,,,,,,,,,,,,,,,,,,,,,,,,,,,,,,,,,,,,,,,,,,,,,,,,,,,,,,,,,,,,,,,,,,,,,,,,,,,,,,,,,,,,,,,,,,,,,,,,,,,,,,,,,,,,,,,,,
房地产业,广西壮族自治区,1,,,,,,,1,,1,,,,1,,,,,,,,,,,,,,,,,,,,,,,,,,,,,,,,,,,,,,,,,,,,,,,,,,,,,,,,,,,,,,,,,,,,,,,,,,,,,,,,,,,,,,,,,,,,,,,,,,,,,,,,,,,,,,,,,,,,,,,,,,,,,,,,,,,,,,,,,,,,,,,,,,,,,,,,,,,,,,,,,,,,,,,,,,,,,,,,,,,,,,,,,,,,,,,,,,,,,,,,,,,,,,,,,,,,,,,,,,,,,,,,,,,,,,,,,,,,,,,,,,,,,,,,,,,,,,,,,
采矿业,广西壮族自治区,0,,,,,,,,,,,,,,,,,,,,,,,,,,,,,,,,,,,,,,,,,,,,,,,,,,,,,,,,,,,,,,,,,,,,,,,,,,,,,,,,,,,,,,,,,,,,,,,,,,,,,,,,,,,,,,,,,,,,,,,,,,,,,,,,,,,,,,,,,,,,,,,,,,,,,,,,,,,,,,,,,,,,,,,,,,,,,,,,,,,,,,,,,,,,,,,,,,,,,,,,,,,,,,,,,,,,,,,,,,,,,,,,,,,,,,,,,,,,,,,,,,,,,,,,,,,,,,,,,,,,,,,,,,,,,,
非金属矿物制品业,广西壮族自治区,0,,,,,,,,,,,,,,,,,,,,,,,,,,,,,,,,,,,,,,,,,,,,,,,,,,,,,,,,,,,,,,,,,,,,,,,,,,,,,,,,,,,,,,,,,,,,,,,,,,,,,,,,,,,,,,,,,,,,,,,,,,,,,,,,,,,,,,,,,,,,,,,,,,,,,,,,,,,,,,,,,,,,,,,,,,,,,,,,,,,,,,,,,,,,,,,,,,,,,,,,,,,,,,,,,,,,,,,,,,,,,,,,,,,,,,,,,,,,,,,,,,,,,,,,,,,,,,,,,,,,,,,,,,,,,,
通用设备制造业,广西壮族自治区,0,,,,,,,,,,,,,,,,,,,,,,,,,,,,,,,,,,,,,,,,,,,,,,,,,,,,,,,,,,,,,,,,,,,,,,,,,,,,,,,,,,,,,,,,,,,,,,,,,,,,,,,,,,,,,,,,,,,,,,,,,,,,,,,,,,,,,,,,,,,,,,,,,,,,,,,,,,,,,,,,,,,,,,,,,,,,,,,,,,,,,,,,,,,,,,,,,,,,,,,,,,,,,,,,,,,,,,,,,,,,,,,,,,,,,,,,,,,,,,,,,,,,,,,,,,,,,,,,,,,,,,,,,,,,,,
半导体业,广西壮族自治区,0,,,,,,,,,,,,,,,,,,,,,,,,,,,,,,,,,,,,,,,,,,,,,,,,,,,,,,,,,,,,,,,,,,,,,,,,,,,,,,,,,,,,,,,,,,,,,,,,,,,,,,,,,,,,,,,,,,,,,,,,,,,,,,,,,,,,,,,,,,,,,,,,,,,,,,,,,,,,,,,,,,,,,,,,,,,,,,,,,,,,,,,,,,,,,,,,,,,,,,,,,,,,,,,,,,,,,,,,,,,,,,,,,,,,,,,,,,,,,,,,,,,,,,,,,,,,,,,,,,,,,,,,,,,,,,
建筑业,广西壮族自治区,0,,,,,,,,,,,,,,,,,,,,,,,,,,,,,,,,,,,,,,,,,,,,,,,,,,,,,,,,,,,,,,,,,,,,,,,,,,,,,,,,,,,,,,,,,,,,,,,,,,,,,,,,,,,,,,,,,,,,,,,,,,,,,,,,,,,,,,,,,,,,,,,,,,,,,,,,,,,,,,,,,,,,,,,,,,,,,,,,,,,,,,,,,,,,,,,,,,,,,,,,,,,,,,,,,,,,,,,,,,,,,,,,,,,,,,,,,,,,,,,,,,,,,,,,,,,,,,,,,,,,,,,,,,,,,,
铁路、船舶、航空航天和其他运输设备制造业,广西壮族自治区,0,,,,,,,,,,,,,,,,,,,,,,,,,,,,,,,,,,,,,,,,,,,,,,,,,,,,,,,,,,,,,,,,,,,,,,,,,,,,,,,,,,,,,,,,,,,,,,,,,,,,,,,,,,,,,,,,,,,,,,,,,,,,,,,,,,,,,,,,,,,,,,,,,,,,,,,,,,,,,,,,,,,,,,,,,,,,,,,,,,,,,,,,,,,,,,,,,,,,,,,,,,,,,,,,,,,,,,,,,,,,,,,,,,,,,,,,,,,,,,,,,,,,,,,,,,,,,,,,,,,,,,,,,,,,,,
水利、环境和公共设施管理业,广西壮族自治区,2,,,,,2,,,,2,,,,,2,,,,,,,,,,,,,,,,,,,,,,,,,,,,,,,,,,,,,,,,,,,,,,,,,,,,,,,,,,,,,,,,,,,,,,,,,,,,,,,,,,,,,,,,,,,,,,,,,,,,,,,,,,,,,,,,,,,,,,,,,,,,,,,,,,,,,,,,,,,,,,,,,,,,,,,,,,,,,,,,,,,,,,,,,,,,,,,,,,,,,,,,,,,,,,,,,,,,,,,,,,,,,,,,,,,,,,,,,,,,,,,,,,,,,,,,,,,,,,,,,,,,,,,,,,,,,,,,
科学研究和技术服务业,广西壮族自治区,1,,,,,,,1,,1,,,,1,,,,,,,,,,,,,,,,,,,,,,,,,,,,,,,,,,,,,,,,,,,,,,,,,,,,,,,,,,,,,,,,,,,,,,,,,,,,,,,,,,,,,,,,,,,,,,,,,,,,,,,,,,,,,,,,,,,,,,,,,,,,,,,,,,,,,,,,,,,,,,,,,,,,,,,,,,,,,,,,,,,,,,,,,,,,,,,,,,,,,,,,,,,,,,,,,,,,,,,,,,,,,,,,,,,,,,,,,,,,,,,,,,,,,,,,,,,,,,,,,,,,,,,,,,,,,,,,,
纺织鞋服业,广西壮族自治区,0,,,,,,,,,,,,,,,,,,,,,,,,,,,,,,,,,,,,,,,,,,,,,,,,,,,,,,,,,,,,,,,,,,,,,,,,,,,,,,,,,,,,,,,,,,,,,,,,,,,,,,,,,,,,,,,,,,,,,,,,,,,,,,,,,,,,,,,,,,,,,,,,,,,,,,,,,,,,,,,,,,,,,,,,,,,,,,,,,,,,,,,,,,,,,,,,,,,,,,,,,,,,,,,,,,,,,,,,,,,,,,,,,,,,,,,,,,,,,,,,,,,,,,,,,,,,,,,,,,,,,,,,,,,,,,
通信传输设备业,广西壮族自治区,0,,,,,,,,,,,,,,,,,,,,,,,,,,,,,,,,,,,,,,,,,,,,,,,,,,,,,,,,,,,,,,,,,,,,,,,,,,,,,,,,,,,,,,,,,,,,,,,,,,,,,,,,,,,,,,,,,,,,,,,,,,,,,,,,,,,,,,,,,,,,,,,,,,,,,,,,,,,,,,,,,,,,,,,,,,,,,,,,,,,,,,,,,,,,,,,,,,,,,,,,,,,,,,,,,,,,,,,,,,,,,,,,,,,,,,,,,,,,,,,,,,,,,,,,,,,,,,,,,,,,,,,,,,,,,,
金属制品业,广西壮族自治区,0,,,,,,,,,,,,,,,,,,,,,,,,,,,,,,,,,,,,,,,,,,,,,,,,,,,,,,,,,,,,,,,,,,,,,,,,,,,,,,,,,,,,,,,,,,,,,,,,,,,,,,,,,,,,,,,,,,,,,,,,,,,,,,,,,,,,,,,,,,,,,,,,,,,,,,,,,,,,,,,,,,,,,,,,,,,,,,,,,,,,,,,,,,,,,,,,,,,,,,,,,,,,,,,,,,,,,,,,,,,,,,,,,,,,,,,,,,,,,,,,,,,,,,,,,,,,,,,,,,,,,,,,,,,,,,
文化、体育和娱乐业,广西壮族自治区,0,,,,,,,,,,,,,,,,,,,,,,,,,,,,,,,,,,,,,,,,,,,,,,,,,,,,,,,,,,,,,,,,,,,,,,,,,,,,,,,,,,,,,,,,,,,,,,,,,,,,,,,,,,,,,,,,,,,,,,,,,,,,,,,,,,,,,,,,,,,,,,,,,,,,,,,,,,,,,,,,,,,,,,,,,,,,,,,,,,,,,,,,,,,,,,,,,,,,,,,,,,,,,,,,,,,,,,,,,,,,,,,,,,,,,,,,,,,,,,,,,,,,,,,,,,,,,,,,,,,,,,,,,,,,,,
橡胶和塑料制品业,广西壮族自治区,0,,,,,,,,,,,,,,,,,,,,,,,,,,,,,,,,,,,,,,,,,,,,,,,,,,,,,,,,,,,,,,,,,,,,,,,,,,,,,,,,,,,,,,,,,,,,,,,,,,,,,,,,,,,,,,,,,,,,,,,,,,,,,,,,,,,,,,,,,,,,,,,,,,,,,,,,,,,,,,,,,,,,,,,,,,,,,,,,,,,,,,,,,,,,,,,,,,,,,,,,,,,,,,,,,,,,,,,,,,,,,,,,,,,,,,,,,,,,,,,,,,,,,,,,,,,,,,,,,,,,,,,,,,,,,,
租赁和商务服务业,广西壮族自治区,1,,,,,,,1,,,1,,,,,,,1,,,,,,,,,,,,,,,,,,,,,,,,,,,,,,,,,,,,,,,,,,,,,,,,,,,,,,,,,,,,,,,,,,,,,,,,,,,,,,,,,,,,,,,,,,,,,,,,,,,,,,,,,,,,,,,,,,,,,,,,,,,,,,,,,,,,,,,,,,,,,,,,,,,,,,,,,,,,,,,,,,,,,,,,,,,,,,,,,,,,,,,,,,,,,,,,,,,,,,,,,,,,,,,,,,,,,,,,,,,,,,,,,,,,,,,,,,,,,,,,,,,,,,,,,,,,,
农、林、牧、渔业,广西壮族自治区,1,,,,,1,,,,1,,,,,1,,,,,,,,,,,,,,,,,,,,,,,,,,,,,,,,,,,,,,,,,,,,,,,,,,,,,,,,,,,,,,,,,,,,,,,,,,,,,,,,,,,,,,,,,,,,,,,,,,,,,,,,,,,,,,,,,,,,,,,,,,,,,,,,,,,,,,,,,,,,,,,,,,,,,,,,,,,,,,,,,,,,,,,,,,,,,,,,,,,,,,,,,,,,,,,,,,,,,,,,,,,,,,,,,,,,,,,,,,,,,,,,,,,,,,,,,,,,,,,,,,,,,,,,,,,,,,,,
仪器仪表制造业,广西壮族自治区,2,,,,,,,2,,1,,1,,1,,,,,,,,,,,,,,,1,,,,,,,,,,,,,,,,,,,,,,,,,,,,,,,,,,,,,,,,,,,,,,,,,,,,,,,,,,,,,,,,,,,,,,,,,,,,,,,,,,,,,,,,,,,,,,,,,,,,,,,,,,,,,,,,,,,,,,,,,,,,,,,,,,,,,,,,,,,,,,,,,,,,,,,,,,,,,,,,,,,,,,,,,,,,,,,,,,,,,,,,,,,,,,,,,,,,,,,,,,,,,,,,,,,,,,,,,,,,,,,,,,,,,,,,,,,,,,,,,,
造纸和纸制品业,广西壮族自治区,0,,,,,,,,,,,,,,,,,,,,,,,,,,,,,,,,,,,,,,,,,,,,,,,,,,,,,,,,,,,,,,,,,,,,,,,,,,,,,,,,,,,,,,,,,,,,,,,,,,,,,,,,,,,,,,,,,,,,,,,,,,,,,,,,,,,,,,,,,,,,,,,,,,,,,,,,,,,,,,,,,,,,,,,,,,,,,,,,,,,,,,,,,,,,,,,,,,,,,,,,,,,,,,,,,,,,,,,,,,,,,,,,,,,,,,,,,,,,,,,,,,,,,,,,,,,,,,,,,,,,,,,,,,,,,,
其他制造业,广西壮族自治区,0,,,,,,,,,,,,,,,,,,,,,,,,,,,,,,,,,,,,,,,,,,,,,,,,,,,,,,,,,,,,,,,,,,,,,,,,,,,,,,,,,,,,,,,,,,,,,,,,,,,,,,,,,,,,,,,,,,,,,,,,,,,,,,,,,,,,,,,,,,,,,,,,,,,,,,,,,,,,,,,,,,,,,,,,,,,,,,,,,,,,,,,,,,,,,,,,,,,,,,,,,,,,,,,,,,,,,,,,,,,,,,,,,,,,,,,,,,,,,,,,,,,,,,,,,,,,,,,,,,,,,,,,,,,,,,
教育,广西壮族自治区,0,,,,,,,,,,,,,,,,,,,,,,,,,,,,,,,,,,,,,,,,,,,,,,,,,,,,,,,,,,,,,,,,,,,,,,,,,,,,,,,,,,,,,,,,,,,,,,,,,,,,,,,,,,,,,,,,,,,,,,,,,,,,,,,,,,,,,,,,,,,,,,,,,,,,,,,,,,,,,,,,,,,,,,,,,,,,,,,,,,,,,,,,,,,,,,,,,,,,,,,,,,,,,,,,,,,,,,,,,,,,,,,,,,,,,,,,,,,,,,,,,,,,,,,,,,,,,,,,,,,,,,,,,,,,,,
综合,广西壮族自治区,1,,,,,1,,,,1,,,,,1,,,,,,,,,,,,,,,,,,,,,,,,,,,,,,,,,,,,,,,,,,,,,,,,,,,,,,,,,,,,,,,,,,,,,,,,,,,,,,,,,,,,,,,,,,,,,,,,,,,,,,,,,,,,,,,,,,,,,,,,,,,,,,,,,,,,,,,,,,,,,,,,,,,,,,,,,,,,,,,,,,,,,,,,,,,,,,,,,,,,,,,,,,,,,,,,,,,,,,,,,,,,,,,,,,,,,,,,,,,,,,,,,,,,,,,,,,,,,,,,,,,,,,,,,,,,,,,,
废弃资源综合利用业,广西壮族自治区,0,,,,,,,,,,,,,,,,,,,,,,,,,,,,,,,,,,,,,,,,,,,,,,,,,,,,,,,,,,,,,,,,,,,,,,,,,,,,,,,,,,,,,,,,,,,,,,,,,,,,,,,,,,,,,,,,,,,,,,,,,,,,,,,,,,,,,,,,,,,,,,,,,,,,,,,,,,,,,,,,,,,,,,,,,,,,,,,,,,,,,,,,,,,,,,,,,,,,,,,,,,,,,,,,,,,,,,,,,,,,,,,,,,,,,,,,,,,,,,,,,,,,,,,,,,,,,,,,,,,,,,,,,,,,,,
印刷和记录媒介复制业,广西壮族自治区,0,,,,,,,,,,,,,,,,,,,,,,,,,,,,,,,,,,,,,,,,,,,,,,,,,,,,,,,,,,,,,,,,,,,,,,,,,,,,,,,,,,,,,,,,,,,,,,,,,,,,,,,,,,,,,,,,,,,,,,,,,,,,,,,,,,,,,,,,,,,,,,,,,,,,,,,,,,,,,,,,,,,,,,,,,,,,,,,,,,,,,,,,,,,,,,,,,,,,,,,,,,,,,,,,,,,,,,,,,,,,,,,,,,,,,,,,,,,,,,,,,,,,,,,,,,,,,,,,,,,,,,,,,,,,,,
卫生和社会工作,广西壮族自治区,0,,,,,,,,,,,,,,,,,,,,,,,,,,,,,,,,,,,,,,,,,,,,,,,,,,,,,,,,,,,,,,,,,,,,,,,,,,,,,,,,,,,,,,,,,,,,,,,,,,,,,,,,,,,,,,,,,,,,,,,,,,,,,,,,,,,,,,,,,,,,,,,,,,,,,,,,,,,,,,,,,,,,,,,,,,,,,,,,,,,,,,,,,,,,,,,,,,,,,,,,,,,,,,,,,,,,,,,,,,,,,,,,,,,,,,,,,,,,,,,,,,,,,,,,,,,,,,,,,,,,,,,,,,,,,,
文教、工美、体育和娱乐用品制造业,广西壮族自治区,0,,,,,,,,,,,,,,,,,,,,,,,,,,,,,,,,,,,,,,,,,,,,,,,,,,,,,,,,,,,,,,,,,,,,,,,,,,,,,,,,,,,,,,,,,,,,,,,,,,,,,,,,,,,,,,,,,,,,,,,,,,,,,,,,,,,,,,,,,,,,,,,,,,,,,,,,,,,,,,,,,,,,,,,,,,,,,,,,,,,,,,,,,,,,,,,,,,,,,,,,,,,,,,,,,,,,,,,,,,,,,,,,,,,,,,,,,,,,,,,,,,,,,,,,,,,,,,,,,,,,,,,,,,,,,,
石油加工、炼焦和核燃料加工业,广西壮族自治区,0,,,,,,,,,,,,,,,,,,,,,,,,,,,,,,,,,,,,,,,,,,,,,,,,,,,,,,,,,,,,,,,,,,,,,,,,,,,,,,,,,,,,,,,,,,,,,,,,,,,,,,,,,,,,,,,,,,,,,,,,,,,,,,,,,,,,,,,,,,,,,,,,,,,,,,,,,,,,,,,,,,,,,,,,,,,,,,,,,,,,,,,,,,,,,,,,,,,,,,,,,,,,,,,,,,,,,,,,,,,,,,,,,,,,,,,,,,,,,,,,,,,,,,,,,,,,,,,,,,,,,,,,,,,,,,
化学纤维制造业,广西壮族自治区,1,,,,,,,1,,1,,,,1,,,,,,,,,,,,,,,,,,,,,,,,,,,,,,,,,,,,,,,,,,,,,,,,,,,,,,,,,,,,,,,,,,,,,,,,,,,,,,,,,,,,,,,,,,,,,,,,,,,,,,,,,,,,,,,,,,,,,,,,,,,,,,,,,,,,,,,,,,,,,,,,,,,,,,,,,,,,,,,,,,,,,,,,,,,,,,,,,,,,,,,,,,,,,,,,,,,,,,,,,,,,,,,,,,,,,,,,,,,,,,,,,,,,,,,,,,,,,,,,,,,,,,,,,,,,,,,,,
家具制造业,广西壮族自治区,0,,,,,,,,,,,,,,,,,,,,,,,,,,,,,,,,,,,,,,,,,,,,,,,,,,,,,,,,,,,,,,,,,,,,,,,,,,,,,,,,,,,,,,,,,,,,,,,,,,,,,,,,,,,,,,,,,,,,,,,,,,,,,,,,,,,,,,,,,,,,,,,,,,,,,,,,,,,,,,,,,,,,,,,,,,,,,,,,,,,,,,,,,,,,,,,,,,,,,,,,,,,,,,,,,,,,,,,,,,,,,,,,,,,,,,,,,,,,,,,,,,,,,,,,,,,,,,,,,,,,,,,,,,,,,,
住宿和餐饮业,广西壮族自治区,0,,,,,,,,,,,,,,,,,,,,,,,,,,,,,,,,,,,,,,,,,,,,,,,,,,,,,,,,,,,,,,,,,,,,,,,,,,,,,,,,,,,,,,,,,,,,,,,,,,,,,,,,,,,,,,,,,,,,,,,,,,,,,,,,,,,,,,,,,,,,,,,,,,,,,,,,,,,,,,,,,,,,,,,,,,,,,,,,,,,,,,,,,,,,,,,,,,,,,,,,,,,,,,,,,,,,,,,,,,,,,,,,,,,,,,,,,,,,,,,,,,,,,,,,,,,,,,,,,,,,,,,,,,,,,,
木材加工和木、竹、藤、棕、草制品业,广西壮族自治区,1,,,,,,1,,,,,,1,,,,,,,,,,,,,,,,,,,,,1,,,,,,,,,,,,,,,,,,,,,,,,,,,,,,,,,,,,,,,,,,,,,,,,,,,,,,,,,,,,,,,,,,,,,,,,,,,,,,,,,,,,,,,,,,,,,,,,,,,,,,,,,,,,,,,,,,,,,,,,,,,,,,,,,,,,,,,,,,,,,,,,,,,,,,,,,,,,,,,,,,,,,,,,,,,,,,,,,,,,,,,,,,,,,,,,,,,,,,,,,,,,,,,,,,,,,,,,,,,,,,,,,,,,,,,,,,,,,
居民服务、修理和其他服务业,广西壮族自治区,0,,,,,,,,,,,,,,,,,,,,,,,,,,,,,,,,,,,,,,,,,,,,,,,,,,,,,,,,,,,,,,,,,,,,,,,,,,,,,,,,,,,,,,,,,,,,,,,,,,,,,,,,,,,,,,,,,,,,,,,,,,,,,,,,,,,,,,,,,,,,,,,,,,,,,,,,,,,,,,,,,,,,,,,,,,,,,,,,,,,,,,,,,,,,,,,,,,,,,,,,,,,,,,,,,,,,,,,,,,,,,,,,,,,,,,,,,,,,,,,,,,,,,,,,,,,,,,,,,,,,,,,,,,,,,,
医药制造业,云南省,6,,,,,1,,5,,3,,1,2,2,1,,,,,,,,,,,,,,1,,,,,,2,,,,,,,,,,,,,,,,,,,,,,,,,,,,,,,,,,,,,,,,,,,,,,,,,,,,,,,,,,,,,,,,,,,,,,,,,,,,,,,,,,,,,,,,,,,,,,,,,,,,,,,,,,,,,,,,,,,,,,,,,,,,,,,,,,,,,,,,,,,,,,,,,,,,,,,,,,,,,,,,,,,,,,,,,,,,,,,,,,,,,,,,,,,,,,,,,,,,,,,,,,,,,,,,,,,,,,,,,,,,,,,,,,,,,,,,,,,,
化学原料和化学制品制造业,云南省,3,,,,,1,1,1,,2,,,1,1,,,1,,,,,,,,,,,,,,,1,,,,,,,,,,,,,,,,,,,,,,,,,,,,,,,,,,,,,,,,,,,,,,,,,,,,,,,,,,,,,,,,,,,,,,,,,,,,,,,,,,,,,,,,,,,,,,,,,,,,,,,,,,,,,,,,,,,,,,,,,,,,,,,,,,,,,,,,,,,,,,,,,,,,,,,,,,,,,,,,,,,,,,,,,,,,,,,,,,,,,,,,,,,,,,,,,,,,,,,,,,,,,,,,,,,,,,,,,,,,,,,,,,,,,,,,,,,,,,,
食品饮料业,云南省,1,,,,,1,,,,1,,,,,1,,,,,,,,,,,,,,,,,,,,,,,,,,,,,,,,,,,,,,,,,,,,,,,,,,,,,,,,,,,,,,,,,,,,,,,,,,,,,,,,,,,,,,,,,,,,,,,,,,,,,,,,,,,,,,,,,,,,,,,,,,,,,,,,,,,,,,,,,,,,,,,,,,,,,,,,,,,,,,,,,,,,,,,,,,,,,,,,,,,,,,,,,,,,,,,,,,,,,,,,,,,,,,,,,,,,,,,,,,,,,,,,,,,,,,,,,,,,,,,,,,,,,,,,,,,,,,,,
专用设备制造业,云南省,0,,,,,,,,,,,,,,,,,,,,,,,,,,,,,,,,,,,,,,,,,,,,,,,,,,,,,,,,,,,,,,,,,,,,,,,,,,,,,,,,,,,,,,,,,,,,,,,,,,,,,,,,,,,,,,,,,,,,,,,,,,,,,,,,,,,,,,,,,,,,,,,,,,,,,,,,,,,,,,,,,,,,,,,,,,,,,,,,,,,,,,,,,,,,,,,,,,,,,,,,,,,,,,,,,,,,,,,,,,,,,,,,,,,,,,,,,,,,,,,,,,,,,,,,,,,,,,,,,,,,,,,,,,,,,,
信息传输、软件和信息技术服务业,云南省,1,,,,,1,,,,1,,,,,1,,,,,,,,,,,,,,,,,,,,,,,,,,,,,,,,,,,,,,,,,,,,,,,,,,,,,,,,,,,,,,,,,,,,,,,,,,,,,,,,,,,,,,,,,,,,,,,,,,,,,,,,,,,,,,,,,,,,,,,,,,,,,,,,,,,,,,,,,,,,,,,,,,,,,,,,,,,,,,,,,,,,,,,,,,,,,,,,,,,,,,,,,,,,,,,,,,,,,,,,,,,,,,,,,,,,,,,,,,,,,,,,,,,,,,,,,,,,,,,,,,,,,,,,,,,,,,,,
电力、热力、燃气及水生产和供应业,云南省,4,,2,,,2,,,,,2,,2,,,,,,,,,,,2,,,,,,,,,2,,,,,,,,,,,,,,,,,,,,,,,,,,,,,,,,,,,,,,,,,,,,,,,,,,,,,,,,,,,,,,,,,,,,,,,,,,,,,,,,,,,,,,,,,,,,,,,,,,,,,,,,,,,,,,,,,,,,,,,,,,,,,,,,,,,,,,,,,,,,,,,,,,,,,,,,,,,,,,,,,,,,,,,,,,,,,,,,,,,,,,,,,,,,,,,,,,,,,,,,,,,,,,,,,,,,,,,,,,,,,,,,,,,,,,,,,,,,,,
商业电气机械和器材制造业,云南省,0,,,,,,,,,,,,,,,,,,,,,,,,,,,,,,,,,,,,,,,,,,,,,,,,,,,,,,,,,,,,,,,,,,,,,,,,,,,,,,,,,,,,,,,,,,,,,,,,,,,,,,,,,,,,,,,,,,,,,,,,,,,,,,,,,,,,,,,,,,,,,,,,,,,,,,,,,,,,,,,,,,,,,,,,,,,,,,,,,,,,,,,,,,,,,,,,,,,,,,,,,,,,,,,,,,,,,,,,,,,,,,,,,,,,,,,,,,,,,,,,,,,,,,,,,,,,,,,,,,,,,,,,,,,,,,
批发和零售业,云南省,4,,1,,,,,3,,2,1,,1,2,,,,,,1,,,,,,,,,,,,,,,1,,,,,,,,,,,,,,,,,,,,,,,,,,,,,,,,,,,,,,,,,,,,,,,,,,,,,,,,,,,,,,,,,,,,,,,,,,,,,,,,,,,,,,,,,,,,,,,,,,,,,,,,,,,,,,,,,,,,,,,,,,,,,,,,,,,,,,,,,,,,,,,,,,,,,,,,,,,,,,,,,,,,,,,,,,,,,,,,,,,,,,,,,,,,,,,,,,,,,,,,,,,,,,,,,,,,,,,,,,,,,,,,,,,,,,,,,,,,
金融业,云南省,2,,1,,,,,1,,,,,2,,,,,,,,,,,,,,,,,,,,1,,1,,,,,,,,,,,,,,,,,,,,,,,,,,,,,,,,,,,,,,,,,,,,,,,,,,,,,,,,,,,,,,,,,,,,,,,,,,,,,,,,,,,,,,,,,,,,,,,,,,,,,,,,,,,,,,,,,,,,,,,,,,,,,,,,,,,,,,,,,,,,,,,,,,,,,,,,,,,,,,,,,,,,,,,,,,,,,,,,,,,,,,,,,,,,,,,,,,,,,,,,,,,,,,,,,,,,,,,,,,,,,,,,,,,,,,,,,,,,
汽车制造业,云南省,1,,1,,,,,,,1,,,,,,1,,,,,,,,,,,,,,,,,,,,,,,,,,,,,,,,,,,,,,,,,,,,,,,,,,,,,,,,,,,,,,,,,,,,,,,,,,,,,,,,,,,,,,,,,,,,,,,,,,,,,,,,,,,,,,,,,,,,,,,,,,,,,,,,,,,,,,,,,,,,,,,,,,,,,,,,,,,,,,,,,,,,,,,,,,,,,,,,,,,,,,,,,,,,,,,,,,,,,,,,,,,,,,,,,,,,,,,,,,,,,,,,,,,,,,,,,,,,,,,,,,,,,,,,,,,,,,,
金属冶炼和压延加工业,云南省,7,,2,,,3,,2,,5,,1,1,1,2,2,,,,,,,,,,,,,1,,,1,,,,,,,,,,,,,,,,,,,,,,,,,,,,,,,,,,,,,,,,,,,,,,,,,,,,,,,,,,,,,,,,,,,,,,,,,,,,,,,,,,,,,,,,,,,,,,,,,,,,,,,,,,,,,,,,,,,,,,,,,,,,,,,,,,,,,,,,,,,,,,,,,,,,,,,,,,,,,,,,,,,,,,,,,,,,,,,,,,,,,,,,,,,,,,,,,,,,,,,,,,,,,,,,,,,,,,,,,,,,,,,,,,,,,,,,,,,,,,,
交通运输、仓储和邮政业,云南省,0,,,,,,,,,,,,,,,,,,,,,,,,,,,,,,,,,,,,,,,,,,,,,,,,,,,,,,,,,,,,,,,,,,,,,,,,,,,,,,,,,,,,,,,,,,,,,,,,,,,,,,,,,,,,,,,,,,,,,,,,,,,,,,,,,,,,,,,,,,,,,,,,,,,,,,,,,,,,,,,,,,,,,,,,,,,,,,,,,,,,,,,,,,,,,,,,,,,,,,,,,,,,,,,,,,,,,,,,,,,,,,,,,,,,,,,,,,,,,,,,,,,,,,,,,,,,,,,,,,,,,,,,,,,,,,
消费电子及电气业,云南省,0,,,,,,,,,,,,,,,,,,,,,,,,,,,,,,,,,,,,,,,,,,,,,,,,,,,,,,,,,,,,,,,,,,,,,,,,,,,,,,,,,,,,,,,,,,,,,,,,,,,,,,,,,,,,,,,,,,,,,,,,,,,,,,,,,,,,,,,,,,,,,,,,,,,,,,,,,,,,,,,,,,,,,,,,,,,,,,,,,,,,,,,,,,,,,,,,,,,,,,,,,,,,,,,,,,,,,,,,,,,,,,,,,,,,,,,,,,,,,,,,,,,,,,,,,,,,,,,,,,,,,,,,,,,,,,
房地产业,云南省,3,,,,,1,,2,,2,,,1,2,,,,,,,,,,,,,,,,,,1,,,,,,,,,,,,,,,,,,,,,,,,,,,,,,,,,,,,,,,,,,,,,,,,,,,,,,,,,,,,,,,,,,,,,,,,,,,,,,,,,,,,,,,,,,,,,,,,,,,,,,,,,,,,,,,,,,,,,,,,,,,,,,,,,,,,,,,,,,,,,,,,,,,,,,,,,,,,,,,,,,,,,,,,,,,,,,,,,,,,,,,,,,,,,,,,,,,,,,,,,,,,,,,,,,,,,,,,,,,,,,,,,,,,,,,,,,,,,,,
采矿业,云南省,1,,1,,,,,,,,,,1,,,,,,,,,,,,,,,,,,,,1,,,,,,,,,,,,,,,,,,,,,,,,,,,,,,,,,,,,,,,,,,,,,,,,,,,,,,,,,,,,,,,,,,,,,,,,,,,,,,,,,,,,,,,,,,,,,,,,,,,,,,,,,,,,,,,,,,,,,,,,,,,,,,,,,,,,,,,,,,,,,,,,,,,,,,,,,,,,,,,,,,,,,,,,,,,,,,,,,,,,,,,,,,,,,,,,,,,,,,,,,,,,,,,,,,,,,,,,,,,,,,,,,,,,,,,,,,,,,,
非金属矿物制品业,云南省,2,,,,,1,,1,,,1,,1,,,,,,,,,,,1,,,,,,,,,,,1,,,,,,,,,,,,,,,,,,,,,,,,,,,,,,,,,,,,,,,,,,,,,,,,,,,,,,,,,,,,,,,,,,,,,,,,,,,,,,,,,,,,,,,,,,,,,,,,,,,,,,,,,,,,,,,,,,,,,,,,,,,,,,,,,,,,,,,,,,,,,,,,,,,,,,,,,,,,,,,,,,,,,,,,,,,,,,,,,,,,,,,,,,,,,,,,,,,,,,,,,,,,,,,,,,,,,,,,,,,,,,,,,,,,,,,,,,,,
通用设备制造业,云南省,2,,1,,,1,,,,2,,,,,1,1,,,,,,,,,,,,,,,,,,,,,,,,,,,,,,,,,,,,,,,,,,,,,,,,,,,,,,,,,,,,,,,,,,,,,,,,,,,,,,,,,,,,,,,,,,,,,,,,,,,,,,,,,,,,,,,,,,,,,,,,,,,,,,,,,,,,,,,,,,,,,,,,,,,,,,,,,,,,,,,,,,,,,,,,,,,,,,,,,,,,,,,,,,,,,,,,,,,,,,,,,,,,,,,,,,,,,,,,,,,,,,,,,,,,,,,,,,,,,,,,,,,,,,,,,,,,,,,
半导体业,云南省,0,,,,,,,,,,,,,,,,,,,,,,,,,,,,,,,,,,,,,,,,,,,,,,,,,,,,,,,,,,,,,,,,,,,,,,,,,,,,,,,,,,,,,,,,,,,,,,,,,,,,,,,,,,,,,,,,,,,,,,,,,,,,,,,,,,,,,,,,,,,,,,,,,,,,,,,,,,,,,,,,,,,,,,,,,,,,,,,,,,,,,,,,,,,,,,,,,,,,,,,,,,,,,,,,,,,,,,,,,,,,,,,,,,,,,,,,,,,,,,,,,,,,,,,,,,,,,,,,,,,,,,,,,,,,,,
建筑业,云南省,0,,,,,,,,,,,,,,,,,,,,,,,,,,,,,,,,,,,,,,,,,,,,,,,,,,,,,,,,,,,,,,,,,,,,,,,,,,,,,,,,,,,,,,,,,,,,,,,,,,,,,,,,,,,,,,,,,,,,,,,,,,,,,,,,,,,,,,,,,,,,,,,,,,,,,,,,,,,,,,,,,,,,,,,,,,,,,,,,,,,,,,,,,,,,,,,,,,,,,,,,,,,,,,,,,,,,,,,,,,,,,,,,,,,,,,,,,,,,,,,,,,,,,,,,,,,,,,,,,,,,,,,,,,,,,,
铁路、船舶、航空航天和其他运输设备制造业,云南省,0,,,,,,,,,,,,,,,,,,,,,,,,,,,,,,,,,,,,,,,,,,,,,,,,,,,,,,,,,,,,,,,,,,,,,,,,,,,,,,,,,,,,,,,,,,,,,,,,,,,,,,,,,,,,,,,,,,,,,,,,,,,,,,,,,,,,,,,,,,,,,,,,,,,,,,,,,,,,,,,,,,,,,,,,,,,,,,,,,,,,,,,,,,,,,,,,,,,,,,,,,,,,,,,,,,,,,,,,,,,,,,,,,,,,,,,,,,,,,,,,,,,,,,,,,,,,,,,,,,,,,,,,,,,,,,
水利、环境和公共设施管理业,云南省,2,,1,,,,,1,,2,,,,1,,1,,,,,,,,,,,,,,,,,,,,,,,,,,,,,,,,,,,,,,,,,,,,,,,,,,,,,,,,,,,,,,,,,,,,,,,,,,,,,,,,,,,,,,,,,,,,,,,,,,,,,,,,,,,,,,,,,,,,,,,,,,,,,,,,,,,,,,,,,,,,,,,,,,,,,,,,,,,,,,,,,,,,,,,,,,,,,,,,,,,,,,,,,,,,,,,,,,,,,,,,,,,,,,,,,,,,,,,,,,,,,,,,,,,,,,,,,,,,,,,,,,,,,,,,,,,,,,,
科学研究和技术服务业,云南省,0,,,,,,,,,,,,,,,,,,,,,,,,,,,,,,,,,,,,,,,,,,,,,,,,,,,,,,,,,,,,,,,,,,,,,,,,,,,,,,,,,,,,,,,,,,,,,,,,,,,,,,,,,,,,,,,,,,,,,,,,,,,,,,,,,,,,,,,,,,,,,,,,,,,,,,,,,,,,,,,,,,,,,,,,,,,,,,,,,,,,,,,,,,,,,,,,,,,,,,,,,,,,,,,,,,,,,,,,,,,,,,,,,,,,,,,,,,,,,,,,,,,,,,,,,,,,,,,,,,,,,,,,,,,,,,
纺织鞋服业,云南省,0,,,,,,,,,,,,,,,,,,,,,,,,,,,,,,,,,,,,,,,,,,,,,,,,,,,,,,,,,,,,,,,,,,,,,,,,,,,,,,,,,,,,,,,,,,,,,,,,,,,,,,,,,,,,,,,,,,,,,,,,,,,,,,,,,,,,,,,,,,,,,,,,,,,,,,,,,,,,,,,,,,,,,,,,,,,,,,,,,,,,,,,,,,,,,,,,,,,,,,,,,,,,,,,,,,,,,,,,,,,,,,,,,,,,,,,,,,,,,,,,,,,,,,,,,,,,,,,,,,,,,,,,,,,,,,
通信传输设备业,云南省,0,,,,,,,,,,,,,,,,,,,,,,,,,,,,,,,,,,,,,,,,,,,,,,,,,,,,,,,,,,,,,,,,,,,,,,,,,,,,,,,,,,,,,,,,,,,,,,,,,,,,,,,,,,,,,,,,,,,,,,,,,,,,,,,,,,,,,,,,,,,,,,,,,,,,,,,,,,,,,,,,,,,,,,,,,,,,,,,,,,,,,,,,,,,,,,,,,,,,,,,,,,,,,,,,,,,,,,,,,,,,,,,,,,,,,,,,,,,,,,,,,,,,,,,,,,,,,,,,,,,,,,,,,,,,,,
金属制品业,云南省,0,,,,,,,,,,,,,,,,,,,,,,,,,,,,,,,,,,,,,,,,,,,,,,,,,,,,,,,,,,,,,,,,,,,,,,,,,,,,,,,,,,,,,,,,,,,,,,,,,,,,,,,,,,,,,,,,,,,,,,,,,,,,,,,,,,,,,,,,,,,,,,,,,,,,,,,,,,,,,,,,,,,,,,,,,,,,,,,,,,,,,,,,,,,,,,,,,,,,,,,,,,,,,,,,,,,,,,,,,,,,,,,,,,,,,,,,,,,,,,,,,,,,,,,,,,,,,,,,,,,,,,,,,,,,,,
文化、体育和娱乐业,云南省,0,,,,,,,,,,,,,,,,,,,,,,,,,,,,,,,,,,,,,,,,,,,,,,,,,,,,,,,,,,,,,,,,,,,,,,,,,,,,,,,,,,,,,,,,,,,,,,,,,,,,,,,,,,,,,,,,,,,,,,,,,,,,,,,,,,,,,,,,,,,,,,,,,,,,,,,,,,,,,,,,,,,,,,,,,,,,,,,,,,,,,,,,,,,,,,,,,,,,,,,,,,,,,,,,,,,,,,,,,,,,,,,,,,,,,,,,,,,,,,,,,,,,,,,,,,,,,,,,,,,,,,,,,,,,,,
橡胶和塑料制品业,云南省,2,,,,,,1,1,,2,,,,1,,,1,,,,,,,,,,,,,,,,,,,,,,,,,,,,,,,,,,,,,,,,,,,,,,,,,,,,,,,,,,,,,,,,,,,,,,,,,,,,,,,,,,,,,,,,,,,,,,,,,,,,,,,,,,,,,,,,,,,,,,,,,,,,,,,,,,,,,,,,,,,,,,,,,,,,,,,,,,,,,,,,,,,,,,,,,,,,,,,,,,,,,,,,,,,,,,,,,,,,,,,,,,,,,,,,,,,,,,,,,,,,,,,,,,,,,,,,,,,,,,,,,,,,,,,,,,,,,,
租赁和商务服务业,云南省,0,,,,,,,,,,,,,,,,,,,,,,,,,,,,,,,,,,,,,,,,,,,,,,,,,,,,,,,,,,,,,,,,,,,,,,,,,,,,,,,,,,,,,,,,,,,,,,,,,,,,,,,,,,,,,,,,,,,,,,,,,,,,,,,,,,,,,,,,,,,,,,,,,,,,,,,,,,,,,,,,,,,,,,,,,,,,,,,,,,,,,,,,,,,,,,,,,,,,,,,,,,,,,,,,,,,,,,,,,,,,,,,,,,,,,,,,,,,,,,,,,,,,,,,,,,,,,,,,,,,,,,,,,,,,,,
农、林、牧、渔业,云南省,3,,,,,1,,2,,1,,,2,,1,,,,,,,,,,,,,,,,,,,,2,,,,,,,,,,,,,,,,,,,,,,,,,,,,,,,,,,,,,,,,,,,,,,,,,,,,,,,,,,,,,,,,,,,,,,,,,,,,,,,,,,,,,,,,,,,,,,,,,,,,,,,,,,,,,,,,,,,,,,,,,,,,,,,,,,,,,,,,,,,,,,,,,,,,,,,,,,,,,,,,,,,,,,,,,,,,,,,,,,,,,,,,,,,,,,,,,,,,,,,,,,,,,,,,,,,,,,,,,,,,,,,,,,,,,,,,,,,,
仪器仪表制造业,云南省,0,,,,,,,,,,,,,,,,,,,,,,,,,,,,,,,,,,,,,,,,,,,,,,,,,,,,,,,,,,,,,,,,,,,,,,,,,,,,,,,,,,,,,,,,,,,,,,,,,,,,,,,,,,,,,,,,,,,,,,,,,,,,,,,,,,,,,,,,,,,,,,,,,,,,,,,,,,,,,,,,,,,,,,,,,,,,,,,,,,,,,,,,,,,,,,,,,,,,,,,,,,,,,,,,,,,,,,,,,,,,,,,,,,,,,,,,,,,,,,,,,,,,,,,,,,,,,,,,,,,,,,,,,,,,,,
造纸和纸制品业,云南省,0,,,,,,,,,,,,,,,,,,,,,,,,,,,,,,,,,,,,,,,,,,,,,,,,,,,,,,,,,,,,,,,,,,,,,,,,,,,,,,,,,,,,,,,,,,,,,,,,,,,,,,,,,,,,,,,,,,,,,,,,,,,,,,,,,,,,,,,,,,,,,,,,,,,,,,,,,,,,,,,,,,,,,,,,,,,,,,,,,,,,,,,,,,,,,,,,,,,,,,,,,,,,,,,,,,,,,,,,,,,,,,,,,,,,,,,,,,,,,,,,,,,,,,,,,,,,,,,,,,,,,,,,,,,,,,
其他制造业,云南省,0,,,,,,,,,,,,,,,,,,,,,,,,,,,,,,,,,,,,,,,,,,,,,,,,,,,,,,,,,,,,,,,,,,,,,,,,,,,,,,,,,,,,,,,,,,,,,,,,,,,,,,,,,,,,,,,,,,,,,,,,,,,,,,,,,,,,,,,,,,,,,,,,,,,,,,,,,,,,,,,,,,,,,,,,,,,,,,,,,,,,,,,,,,,,,,,,,,,,,,,,,,,,,,,,,,,,,,,,,,,,,,,,,,,,,,,,,,,,,,,,,,,,,,,,,,,,,,,,,,,,,,,,,,,,,,
教育,云南省,0,,,,,,,,,,,,,,,,,,,,,,,,,,,,,,,,,,,,,,,,,,,,,,,,,,,,,,,,,,,,,,,,,,,,,,,,,,,,,,,,,,,,,,,,,,,,,,,,,,,,,,,,,,,,,,,,,,,,,,,,,,,,,,,,,,,,,,,,,,,,,,,,,,,,,,,,,,,,,,,,,,,,,,,,,,,,,,,,,,,,,,,,,,,,,,,,,,,,,,,,,,,,,,,,,,,,,,,,,,,,,,,,,,,,,,,,,,,,,,,,,,,,,,,,,,,,,,,,,,,,,,,,,,,,,,
综合,云南省,0,,,,,,,,,,,,,,,,,,,,,,,,,,,,,,,,,,,,,,,,,,,,,,,,,,,,,,,,,,,,,,,,,,,,,,,,,,,,,,,,,,,,,,,,,,,,,,,,,,,,,,,,,,,,,,,,,,,,,,,,,,,,,,,,,,,,,,,,,,,,,,,,,,,,,,,,,,,,,,,,,,,,,,,,,,,,,,,,,,,,,,,,,,,,,,,,,,,,,,,,,,,,,,,,,,,,,,,,,,,,,,,,,,,,,,,,,,,,,,,,,,,,,,,,,,,,,,,,,,,,,,,,,,,,,,
废弃资源综合利用业,云南省,0,,,,,,,,,,,,,,,,,,,,,,,,,,,,,,,,,,,,,,,,,,,,,,,,,,,,,,,,,,,,,,,,,,,,,,,,,,,,,,,,,,,,,,,,,,,,,,,,,,,,,,,,,,,,,,,,,,,,,,,,,,,,,,,,,,,,,,,,,,,,,,,,,,,,,,,,,,,,,,,,,,,,,,,,,,,,,,,,,,,,,,,,,,,,,,,,,,,,,,,,,,,,,,,,,,,,,,,,,,,,,,,,,,,,,,,,,,,,,,,,,,,,,,,,,,,,,,,,,,,,,,,,,,,,,,
印刷和记录媒介复制业,云南省,0,,,,,,,,,,,,,,,,,,,,,,,,,,,,,,,,,,,,,,,,,,,,,,,,,,,,,,,,,,,,,,,,,,,,,,,,,,,,,,,,,,,,,,,,,,,,,,,,,,,,,,,,,,,,,,,,,,,,,,,,,,,,,,,,,,,,,,,,,,,,,,,,,,,,,,,,,,,,,,,,,,,,,,,,,,,,,,,,,,,,,,,,,,,,,,,,,,,,,,,,,,,,,,,,,,,,,,,,,,,,,,,,,,,,,,,,,,,,,,,,,,,,,,,,,,,,,,,,,,,,,,,,,,,,,,
卫生和社会工作,云南省,0,,,,,,,,,,,,,,,,,,,,,,,,,,,,,,,,,,,,,,,,,,,,,,,,,,,,,,,,,,,,,,,,,,,,,,,,,,,,,,,,,,,,,,,,,,,,,,,,,,,,,,,,,,,,,,,,,,,,,,,,,,,,,,,,,,,,,,,,,,,,,,,,,,,,,,,,,,,,,,,,,,,,,,,,,,,,,,,,,,,,,,,,,,,,,,,,,,,,,,,,,,,,,,,,,,,,,,,,,,,,,,,,,,,,,,,,,,,,,,,,,,,,,,,,,,,,,,,,,,,,,,,,,,,,,,
文教、工美、体育和娱乐用品制造业,云南省,0,,,,,,,,,,,,,,,,,,,,,,,,,,,,,,,,,,,,,,,,,,,,,,,,,,,,,,,,,,,,,,,,,,,,,,,,,,,,,,,,,,,,,,,,,,,,,,,,,,,,,,,,,,,,,,,,,,,,,,,,,,,,,,,,,,,,,,,,,,,,,,,,,,,,,,,,,,,,,,,,,,,,,,,,,,,,,,,,,,,,,,,,,,,,,,,,,,,,,,,,,,,,,,,,,,,,,,,,,,,,,,,,,,,,,,,,,,,,,,,,,,,,,,,,,,,,,,,,,,,,,,,,,,,,,,
石油加工、炼焦和核燃料加工业,云南省,2,,,,,2,,,,,,,2,,,,,,,,,,,,,,,,,,,2,,,,,,,,,,,,,,,,,,,,,,,,,,,,,,,,,,,,,,,,,,,,,,,,,,,,,,,,,,,,,,,,,,,,,,,,,,,,,,,,,,,,,,,,,,,,,,,,,,,,,,,,,,,,,,,,,,,,,,,,,,,,,,,,,,,,,,,,,,,,,,,,,,,,,,,,,,,,,,,,,,,,,,,,,,,,,,,,,,,,,,,,,,,,,,,,,,,,,,,,,,,,,,,,,,,,,,,,,,,,,,,,,,,,,,,,,,,,,,,
化学纤维制造业,云南省,0,,,,,,,,,,,,,,,,,,,,,,,,,,,,,,,,,,,,,,,,,,,,,,,,,,,,,,,,,,,,,,,,,,,,,,,,,,,,,,,,,,,,,,,,,,,,,,,,,,,,,,,,,,,,,,,,,,,,,,,,,,,,,,,,,,,,,,,,,,,,,,,,,,,,,,,,,,,,,,,,,,,,,,,,,,,,,,,,,,,,,,,,,,,,,,,,,,,,,,,,,,,,,,,,,,,,,,,,,,,,,,,,,,,,,,,,,,,,,,,,,,,,,,,,,,,,,,,,,,,,,,,,,,,,,,
家具制造业,云南省,0,,,,,,,,,,,,,,,,,,,,,,,,,,,,,,,,,,,,,,,,,,,,,,,,,,,,,,,,,,,,,,,,,,,,,,,,,,,,,,,,,,,,,,,,,,,,,,,,,,,,,,,,,,,,,,,,,,,,,,,,,,,,,,,,,,,,,,,,,,,,,,,,,,,,,,,,,,,,,,,,,,,,,,,,,,,,,,,,,,,,,,,,,,,,,,,,,,,,,,,,,,,,,,,,,,,,,,,,,,,,,,,,,,,,,,,,,,,,,,,,,,,,,,,,,,,,,,,,,,,,,,,,,,,,,,
住宿和餐饮业,云南省,0,,,,,,,,,,,,,,,,,,,,,,,,,,,,,,,,,,,,,,,,,,,,,,,,,,,,,,,,,,,,,,,,,,,,,,,,,,,,,,,,,,,,,,,,,,,,,,,,,,,,,,,,,,,,,,,,,,,,,,,,,,,,,,,,,,,,,,,,,,,,,,,,,,,,,,,,,,,,,,,,,,,,,,,,,,,,,,,,,,,,,,,,,,,,,,,,,,,,,,,,,,,,,,,,,,,,,,,,,,,,,,,,,,,,,,,,,,,,,,,,,,,,,,,,,,,,,,,,,,,,,,,,,,,,,,
木材加工和木、竹、藤、棕、草制品业,云南省,0,,,,,,,,,,,,,,,,,,,,,,,,,,,,,,,,,,,,,,,,,,,,,,,,,,,,,,,,,,,,,,,,,,,,,,,,,,,,,,,,,,,,,,,,,,,,,,,,,,,,,,,,,,,,,,,,,,,,,,,,,,,,,,,,,,,,,,,,,,,,,,,,,,,,,,,,,,,,,,,,,,,,,,,,,,,,,,,,,,,,,,,,,,,,,,,,,,,,,,,,,,,,,,,,,,,,,,,,,,,,,,,,,,,,,,,,,,,,,,,,,,,,,,,,,,,,,,,,,,,,,,,,,,,,,,
居民服务、修理和其他服务业,云南省,0,,,,,,,,,,,,,,,,,,,,,,,,,,,,,,,,,,,,,,,,,,,,,,,,,,,,,,,,,,,,,,,,,,,,,,,,,,,,,,,,,,,,,,,,,,,,,,,,,,,,,,,,,,,,,,,,,,,,,,,,,,,,,,,,,,,,,,,,,,,,,,,,,,,,,,,,,,,,,,,,,,,,,,,,,,,,,,,,,,,,,,,,,,,,,,,,,,,,,,,,,,,,,,,,,,,,,,,,,,,,,,,,,,,,,,,,,,,,,,,,,,,,,,,,,,,,,,,,,,,,,,,,,,,,,,
医药制造业,海南省,6,,1,,,,,5,,4,1,,1,3,,1,,1,,,,,,,,,,,,,,,,,1,,,,,,,,,,,,,,,,,,,,,,,,,,,,,,,,,,,,,,,,,,,,,,,,,,,,,,,,,,,,,,,,,,,,,,,,,,,,,,,,,,,,,,,,,,,,,,,,,,,,,,,,,,,,,,,,,,,,,,,,,,,,,,,,,,,,,,,,,,,,,,,,,,,,,,,,,,,,,,,,,,,,,,,,,,,,,,,,,,,,,,,,,,,,,,,,,,,,,,,,,,,,,,,,,,,,,,,,,,,,,,,,,,,,,,,,,,,,
化学原料和化学制品制造业,海南省,1,,1,,,,,,,,1,,,,,,,,,1,,,,,,,,,,,,,,,,,,,,,,,,,,,,,,,,,,,,,,,,,,,,,,,,,,,,,,,,,,,,,,,,,,,,,,,,,,,,,,,,,,,,,,,,,,,,,,,,,,,,,,,,,,,,,,,,,,,,,,,,,,,,,,,,,,,,,,,,,,,,,,,,,,,,,,,,,,,,,,,,,,,,,,,,,,,,,,,,,,,,,,,,,,,,,,,,,,,,,,,,,,,,,,,,,,,,,,,,,,,,,,,,,,,,,,,,,,,,,,,,,,,,,,,,,,,
食品饮料业,海南省,2,,,,,1,,1,,1,,,1,,1,,,,,,,,,,,,,,,,,,,,1,,,,,,,,,,,,,,,,,,,,,,,,,,,,,,,,,,,,,,,,,,,,,,,,,,,,,,,,,,,,,,,,,,,,,,,,,,,,,,,,,,,,,,,,,,,,,,,,,,,,,,,,,,,,,,,,,,,,,,,,,,,,,,,,,,,,,,,,,,,,,,,,,,,,,,,,,,,,,,,,,,,,,,,,,,,,,,,,,,,,,,,,,,,,,,,,,,,,,,,,,,,,,,,,,,,,,,,,,,,,,,,,,,,,,,,,,,,,
专用设备制造业,海南省,0,,,,,,,,,,,,,,,,,,,,,,,,,,,,,,,,,,,,,,,,,,,,,,,,,,,,,,,,,,,,,,,,,,,,,,,,,,,,,,,,,,,,,,,,,,,,,,,,,,,,,,,,,,,,,,,,,,,,,,,,,,,,,,,,,,,,,,,,,,,,,,,,,,,,,,,,,,,,,,,,,,,,,,,,,,,,,,,,,,,,,,,,,,,,,,,,,,,,,,,,,,,,,,,,,,,,,,,,,,,,,,,,,,,,,,,,,,,,,,,,,,,,,,,,,,,,,,,,,,,,,,,,,,,,,,
信息传输、软件和信息技术服务业,海南省,1,,1,,,,,,,1,,,,,,1,,,,,,,,,,,,,,,,,,,,,,,,,,,,,,,,,,,,,,,,,,,,,,,,,,,,,,,,,,,,,,,,,,,,,,,,,,,,,,,,,,,,,,,,,,,,,,,,,,,,,,,,,,,,,,,,,,,,,,,,,,,,,,,,,,,,,,,,,,,,,,,,,,,,,,,,,,,,,,,,,,,,,,,,,,,,,,,,,,,,,,,,,,,,,,,,,,,,,,,,,,,,,,,,,,,,,,,,,,,,,,,,,,,,,,,,,,,,,,,,,,,,,,,,,,,,,,,
电力、热力、燃气及水生产和供应业,海南省,0,,,,,,,,,,,,,,,,,,,,,,,,,,,,,,,,,,,,,,,,,,,,,,,,,,,,,,,,,,,,,,,,,,,,,,,,,,,,,,,,,,,,,,,,,,,,,,,,,,,,,,,,,,,,,,,,,,,,,,,,,,,,,,,,,,,,,,,,,,,,,,,,,,,,,,,,,,,,,,,,,,,,,,,,,,,,,,,,,,,,,,,,,,,,,,,,,,,,,,,,,,,,,,,,,,,,,,,,,,,,,,,,,,,,,,,,,,,,,,,,,,,,,,,,,,,,,,,,,,,,,,,,,,,,,,
商业电气机械和器材制造业,海南省,2,,,1,,,,1,,,1,,1,,,,,,,,1,,,,,,,,,,,,,,1,,,,,,,,,,,,,,,,,,,,,,,,,,,,,,,,,,,,,,,,,,,,,,,,,,,,,,,,,,,,,,,,,,,,,,,,,,,,,,,,,,,,,,,,,,,,,,,,,,,,,,,,,,,,,,,,,,,,,,,,,,,,,,,,,,,,,,,,,,,,,,,,,,,,,,,,,,,,,,,,,,,,,,,,,,,,,,,,,,,,,,,,,,,,,,,,,,,,,,,,,,,,,,,,,,,,,,,,,,,,,,,,,,,,,,,,,,,,
批发和零售业,海南省,1,,,,,,,1,,,1,,,,,,,1,,,,,,,,,,,,,,,,,,,,,,,,,,,,,,,,,,,,,,,,,,,,,,,,,,,,,,,,,,,,,,,,,,,,,,,,,,,,,,,,,,,,,,,,,,,,,,,,,,,,,,,,,,,,,,,,,,,,,,,,,,,,,,,,,,,,,,,,,,,,,,,,,,,,,,,,,,,,,,,,,,,,,,,,,,,,,,,,,,,,,,,,,,,,,,,,,,,,,,,,,,,,,,,,,,,,,,,,,,,,,,,,,,,,,,,,,,,,,,,,,,,,,,,,,,,,,
金融业,海南省,1,,,,,,,1,,1,,,,1,,,,,,,,,,,,,,,,,,,,,,,,,,,,,,,,,,,,,,,,,,,,,,,,,,,,,,,,,,,,,,,,,,,,,,,,,,,,,,,,,,,,,,,,,,,,,,,,,,,,,,,,,,,,,,,,,,,,,,,,,,,,,,,,,,,,,,,,,,,,,,,,,,,,,,,,,,,,,,,,,,,,,,,,,,,,,,,,,,,,,,,,,,,,,,,,,,,,,,,,,,,,,,,,,,,,,,,,,,,,,,,,,,,,,,,,,,,,,,,,,,,,,,,,,,,,,,,,,
汽车制造业,海南省,2,,,,,,,2,,2,,,,2,,,,,,,,,,,,,,,,,,,,,,,,,,,,,,,,,,,,,,,,,,,,,,,,,,,,,,,,,,,,,,,,,,,,,,,,,,,,,,,,,,,,,,,,,,,,,,,,,,,,,,,,,,,,,,,,,,,,,,,,,,,,,,,,,,,,,,,,,,,,,,,,,,,,,,,,,,,,,,,,,,,,,,,,,,,,,,,,,,,,,,,,,,,,,,,,,,,,,,,,,,,,,,,,,,,,,,,,,,,,,,,,,,,,,,,,,,,,,,,,,,,,,,,,,,,,,,,,,
金属冶炼和压延加工业,海南省,1,,1,,,,,,,1,,,,,,1,,,,,,,,,,,,,,,,,,,,,,,,,,,,,,,,,,,,,,,,,,,,,,,,,,,,,,,,,,,,,,,,,,,,,,,,,,,,,,,,,,,,,,,,,,,,,,,,,,,,,,,,,,,,,,,,,,,,,,,,,,,,,,,,,,,,,,,,,,,,,,,,,,,,,,,,,,,,,,,,,,,,,,,,,,,,,,,,,,,,,,,,,,,,,,,,,,,,,,,,,,,,,,,,,,,,,,,,,,,,,,,,,,,,,,,,,,,,,,,,,,,,,,,,,,,,,,,
交通运输、仓储和邮政业,海南省,4,,1,,,2,,1,,1,1,,2,,,1,,,,,,,,1,,,,,,,,1,,,1,,,,,,,,,,,,,,,,,,,,,,,,,,,,,,,,,,,,,,,,,,,,,,,,,,,,,,,,,,,,,,,,,,,,,,,,,,,,,,,,,,,,,,,,,,,,,,,,,,,,,,,,,,,,,,,,,,,,,,,,,,,,,,,,,,,,,,,,,,,,,,,,,,,,,,,,,,,,,,,,,,,,,,,,,,,,,,,,,,,,,,,,,,,,,,,,,,,,,,,,,,,,,,,,,,,,,,,,,,,,,,,,,,,,,,,,,,,,
消费电子及电气业,海南省,0,,,,,,,,,,,,,,,,,,,,,,,,,,,,,,,,,,,,,,,,,,,,,,,,,,,,,,,,,,,,,,,,,,,,,,,,,,,,,,,,,,,,,,,,,,,,,,,,,,,,,,,,,,,,,,,,,,,,,,,,,,,,,,,,,,,,,,,,,,,,,,,,,,,,,,,,,,,,,,,,,,,,,,,,,,,,,,,,,,,,,,,,,,,,,,,,,,,,,,,,,,,,,,,,,,,,,,,,,,,,,,,,,,,,,,,,,,,,,,,,,,,,,,,,,,,,,,,,,,,,,,,,,,,,,,
房地产业,海南省,3,,,,,2,,1,,1,1,,1,,1,,,1,,,,,,,,,,,,,,1,,,,,,,,,,,,,,,,,,,,,,,,,,,,,,,,,,,,,,,,,,,,,,,,,,,,,,,,,,,,,,,,,,,,,,,,,,,,,,,,,,,,,,,,,,,,,,,,,,,,,,,,,,,,,,,,,,,,,,,,,,,,,,,,,,,,,,,,,,,,,,,,,,,,,,,,,,,,,,,,,,,,,,,,,,,,,,,,,,,,,,,,,,,,,,,,,,,,,,,,,,,,,,,,,,,,,,,,,,,,,,,,,,,,,,,,,,,,,,,
采矿业,海南省,3,,,,,1,1,1,,,,,3,,,,,,,,,,,,,,,,,,,1,,1,1,,,,,,,,,,,,,,,,,,,,,,,,,,,,,,,,,,,,,,,,,,,,,,,,,,,,,,,,,,,,,,,,,,,,,,,,,,,,,,,,,,,,,,,,,,,,,,,,,,,,,,,,,,,,,,,,,,,,,,,,,,,,,,,,,,,,,,,,,,,,,,,,,,,,,,,,,,,,,,,,,,,,,,,,,,,,,,,,,,,,,,,,,,,,,,,,,,,,,,,,,,,,,,,,,,,,,,,,,,,,,,,,,,,,,,,,,,,,
非金属矿物制品业,海南省,1,,,,,,,1,,1,,,,1,,,,,,,,,,,,,,,,,,,,,,,,,,,,,,,,,,,,,,,,,,,,,,,,,,,,,,,,,,,,,,,,,,,,,,,,,,,,,,,,,,,,,,,,,,,,,,,,,,,,,,,,,,,,,,,,,,,,,,,,,,,,,,,,,,,,,,,,,,,,,,,,,,,,,,,,,,,,,,,,,,,,,,,,,,,,,,,,,,,,,,,,,,,,,,,,,,,,,,,,,,,,,,,,,,,,,,,,,,,,,,,,,,,,,,,,,,,,,,,,,,,,,,,,,,,,,,,,,
通用设备制造业,海南省,0,,,,,,,,,,,,,,,,,,,,,,,,,,,,,,,,,,,,,,,,,,,,,,,,,,,,,,,,,,,,,,,,,,,,,,,,,,,,,,,,,,,,,,,,,,,,,,,,,,,,,,,,,,,,,,,,,,,,,,,,,,,,,,,,,,,,,,,,,,,,,,,,,,,,,,,,,,,,,,,,,,,,,,,,,,,,,,,,,,,,,,,,,,,,,,,,,,,,,,,,,,,,,,,,,,,,,,,,,,,,,,,,,,,,,,,,,,,,,,,,,,,,,,,,,,,,,,,,,,,,,,,,,,,,,,
半导体业,海南省,0,,,,,,,,,,,,,,,,,,,,,,,,,,,,,,,,,,,,,,,,,,,,,,,,,,,,,,,,,,,,,,,,,,,,,,,,,,,,,,,,,,,,,,,,,,,,,,,,,,,,,,,,,,,,,,,,,,,,,,,,,,,,,,,,,,,,,,,,,,,,,,,,,,,,,,,,,,,,,,,,,,,,,,,,,,,,,,,,,,,,,,,,,,,,,,,,,,,,,,,,,,,,,,,,,,,,,,,,,,,,,,,,,,,,,,,,,,,,,,,,,,,,,,,,,,,,,,,,,,,,,,,,,,,,,,
建筑业,海南省,0,,,,,,,,,,,,,,,,,,,,,,,,,,,,,,,,,,,,,,,,,,,,,,,,,,,,,,,,,,,,,,,,,,,,,,,,,,,,,,,,,,,,,,,,,,,,,,,,,,,,,,,,,,,,,,,,,,,,,,,,,,,,,,,,,,,,,,,,,,,,,,,,,,,,,,,,,,,,,,,,,,,,,,,,,,,,,,,,,,,,,,,,,,,,,,,,,,,,,,,,,,,,,,,,,,,,,,,,,,,,,,,,,,,,,,,,,,,,,,,,,,,,,,,,,,,,,,,,,,,,,,,,,,,,,,
铁路、船舶、航空航天和其他运输设备制造业,海南省,0,,,,,,,,,,,,,,,,,,,,,,,,,,,,,,,,,,,,,,,,,,,,,,,,,,,,,,,,,,,,,,,,,,,,,,,,,,,,,,,,,,,,,,,,,,,,,,,,,,,,,,,,,,,,,,,,,,,,,,,,,,,,,,,,,,,,,,,,,,,,,,,,,,,,,,,,,,,,,,,,,,,,,,,,,,,,,,,,,,,,,,,,,,,,,,,,,,,,,,,,,,,,,,,,,,,,,,,,,,,,,,,,,,,,,,,,,,,,,,,,,,,,,,,,,,,,,,,,,,,,,,,,,,,,,,
水利、环境和公共设施管理业,海南省,0,,,,,,,,,,,,,,,,,,,,,,,,,,,,,,,,,,,,,,,,,,,,,,,,,,,,,,,,,,,,,,,,,,,,,,,,,,,,,,,,,,,,,,,,,,,,,,,,,,,,,,,,,,,,,,,,,,,,,,,,,,,,,,,,,,,,,,,,,,,,,,,,,,,,,,,,,,,,,,,,,,,,,,,,,,,,,,,,,,,,,,,,,,,,,,,,,,,,,,,,,,,,,,,,,,,,,,,,,,,,,,,,,,,,,,,,,,,,,,,,,,,,,,,,,,,,,,,,,,,,,,,,,,,,,,
科学研究和技术服务业,海南省,0,,,,,,,,,,,,,,,,,,,,,,,,,,,,,,,,,,,,,,,,,,,,,,,,,,,,,,,,,,,,,,,,,,,,,,,,,,,,,,,,,,,,,,,,,,,,,,,,,,,,,,,,,,,,,,,,,,,,,,,,,,,,,,,,,,,,,,,,,,,,,,,,,,,,,,,,,,,,,,,,,,,,,,,,,,,,,,,,,,,,,,,,,,,,,,,,,,,,,,,,,,,,,,,,,,,,,,,,,,,,,,,,,,,,,,,,,,,,,,,,,,,,,,,,,,,,,,,,,,,,,,,,,,,,,,
纺织鞋服业,海南省,1,,,,,,,1,,1,,,,1,,,,,,,,,,,,,,,,,,,,,,,,,,,,,,,,,,,,,,,,,,,,,,,,,,,,,,,,,,,,,,,,,,,,,,,,,,,,,,,,,,,,,,,,,,,,,,,,,,,,,,,,,,,,,,,,,,,,,,,,,,,,,,,,,,,,,,,,,,,,,,,,,,,,,,,,,,,,,,,,,,,,,,,,,,,,,,,,,,,,,,,,,,,,,,,,,,,,,,,,,,,,,,,,,,,,,,,,,,,,,,,,,,,,,,,,,,,,,,,,,,,,,,,,,,,,,,,,,
通信传输设备业,海南省,0,,,,,,,,,,,,,,,,,,,,,,,,,,,,,,,,,,,,,,,,,,,,,,,,,,,,,,,,,,,,,,,,,,,,,,,,,,,,,,,,,,,,,,,,,,,,,,,,,,,,,,,,,,,,,,,,,,,,,,,,,,,,,,,,,,,,,,,,,,,,,,,,,,,,,,,,,,,,,,,,,,,,,,,,,,,,,,,,,,,,,,,,,,,,,,,,,,,,,,,,,,,,,,,,,,,,,,,,,,,,,,,,,,,,,,,,,,,,,,,,,,,,,,,,,,,,,,,,,,,,,,,,,,,,,,
金属制品业,海南省,0,,,,,,,,,,,,,,,,,,,,,,,,,,,,,,,,,,,,,,,,,,,,,,,,,,,,,,,,,,,,,,,,,,,,,,,,,,,,,,,,,,,,,,,,,,,,,,,,,,,,,,,,,,,,,,,,,,,,,,,,,,,,,,,,,,,,,,,,,,,,,,,,,,,,,,,,,,,,,,,,,,,,,,,,,,,,,,,,,,,,,,,,,,,,,,,,,,,,,,,,,,,,,,,,,,,,,,,,,,,,,,,,,,,,,,,,,,,,,,,,,,,,,,,,,,,,,,,,,,,,,,,,,,,,,,
文化、体育和娱乐业,海南省,1,,,,,,,1,,1,,,,1,,,,,,,,,,,,,,,,,,,,,,,,,,,,,,,,,,,,,,,,,,,,,,,,,,,,,,,,,,,,,,,,,,,,,,,,,,,,,,,,,,,,,,,,,,,,,,,,,,,,,,,,,,,,,,,,,,,,,,,,,,,,,,,,,,,,,,,,,,,,,,,,,,,,,,,,,,,,,,,,,,,,,,,,,,,,,,,,,,,,,,,,,,,,,,,,,,,,,,,,,,,,,,,,,,,,,,,,,,,,,,,,,,,,,,,,,,,,,,,,,,,,,,,,,,,,,,,,,
橡胶和塑料制品业,海南省,0,,,,,,,,,,,,,,,,,,,,,,,,,,,,,,,,,,,,,,,,,,,,,,,,,,,,,,,,,,,,,,,,,,,,,,,,,,,,,,,,,,,,,,,,,,,,,,,,,,,,,,,,,,,,,,,,,,,,,,,,,,,,,,,,,,,,,,,,,,,,,,,,,,,,,,,,,,,,,,,,,,,,,,,,,,,,,,,,,,,,,,,,,,,,,,,,,,,,,,,,,,,,,,,,,,,,,,,,,,,,,,,,,,,,,,,,,,,,,,,,,,,,,,,,,,,,,,,,,,,,,,,,,,,,,,
租赁和商务服务业,海南省,1,,,,,,,1,,1,,,,1,,,,,,,,,,,,,,,,,,,,,,,,,,,,,,,,,,,,,,,,,,,,,,,,,,,,,,,,,,,,,,,,,,,,,,,,,,,,,,,,,,,,,,,,,,,,,,,,,,,,,,,,,,,,,,,,,,,,,,,,,,,,,,,,,,,,,,,,,,,,,,,,,,,,,,,,,,,,,,,,,,,,,,,,,,,,,,,,,,,,,,,,,,,,,,,,,,,,,,,,,,,,,,,,,,,,,,,,,,,,,,,,,,,,,,,,,,,,,,,,,,,,,,,,,,,,,,,,,
农、林、牧、渔业,海南省,3,,,,,1,,2,,2,,,1,2,,,,,,,,,,,,,,,,,,1,,,,,,,,,,,,,,,,,,,,,,,,,,,,,,,,,,,,,,,,,,,,,,,,,,,,,,,,,,,,,,,,,,,,,,,,,,,,,,,,,,,,,,,,,,,,,,,,,,,,,,,,,,,,,,,,,,,,,,,,,,,,,,,,,,,,,,,,,,,,,,,,,,,,,,,,,,,,,,,,,,,,,,,,,,,,,,,,,,,,,,,,,,,,,,,,,,,,,,,,,,,,,,,,,,,,,,,,,,,,,,,,,,,,,,,,,,,,,,,
仪器仪表制造业,海南省,0,,,,,,,,,,,,,,,,,,,,,,,,,,,,,,,,,,,,,,,,,,,,,,,,,,,,,,,,,,,,,,,,,,,,,,,,,,,,,,,,,,,,,,,,,,,,,,,,,,,,,,,,,,,,,,,,,,,,,,,,,,,,,,,,,,,,,,,,,,,,,,,,,,,,,,,,,,,,,,,,,,,,,,,,,,,,,,,,,,,,,,,,,,,,,,,,,,,,,,,,,,,,,,,,,,,,,,,,,,,,,,,,,,,,,,,,,,,,,,,,,,,,,,,,,,,,,,,,,,,,,,,,,,,,,,
造纸和纸制品业,海南省,0,,,,,,,,,,,,,,,,,,,,,,,,,,,,,,,,,,,,,,,,,,,,,,,,,,,,,,,,,,,,,,,,,,,,,,,,,,,,,,,,,,,,,,,,,,,,,,,,,,,,,,,,,,,,,,,,,,,,,,,,,,,,,,,,,,,,,,,,,,,,,,,,,,,,,,,,,,,,,,,,,,,,,,,,,,,,,,,,,,,,,,,,,,,,,,,,,,,,,,,,,,,,,,,,,,,,,,,,,,,,,,,,,,,,,,,,,,,,,,,,,,,,,,,,,,,,,,,,,,,,,,,,,,,,,,
其他制造业,海南省,0,,,,,,,,,,,,,,,,,,,,,,,,,,,,,,,,,,,,,,,,,,,,,,,,,,,,,,,,,,,,,,,,,,,,,,,,,,,,,,,,,,,,,,,,,,,,,,,,,,,,,,,,,,,,,,,,,,,,,,,,,,,,,,,,,,,,,,,,,,,,,,,,,,,,,,,,,,,,,,,,,,,,,,,,,,,,,,,,,,,,,,,,,,,,,,,,,,,,,,,,,,,,,,,,,,,,,,,,,,,,,,,,,,,,,,,,,,,,,,,,,,,,,,,,,,,,,,,,,,,,,,,,,,,,,,
教育,海南省,0,,,,,,,,,,,,,,,,,,,,,,,,,,,,,,,,,,,,,,,,,,,,,,,,,,,,,,,,,,,,,,,,,,,,,,,,,,,,,,,,,,,,,,,,,,,,,,,,,,,,,,,,,,,,,,,,,,,,,,,,,,,,,,,,,,,,,,,,,,,,,,,,,,,,,,,,,,,,,,,,,,,,,,,,,,,,,,,,,,,,,,,,,,,,,,,,,,,,,,,,,,,,,,,,,,,,,,,,,,,,,,,,,,,,,,,,,,,,,,,,,,,,,,,,,,,,,,,,,,,,,,,,,,,,,,
综合,海南省,1,,,,,,,1,,1,,,,1,,,,,,,,,,,,,,,,,,,,,,,,,,,,,,,,,,,,,,,,,,,,,,,,,,,,,,,,,,,,,,,,,,,,,,,,,,,,,,,,,,,,,,,,,,,,,,,,,,,,,,,,,,,,,,,,,,,,,,,,,,,,,,,,,,,,,,,,,,,,,,,,,,,,,,,,,,,,,,,,,,,,,,,,,,,,,,,,,,,,,,,,,,,,,,,,,,,,,,,,,,,,,,,,,,,,,,,,,,,,,,,,,,,,,,,,,,,,,,,,,,,,,,,,,,,,,,,,,
废弃资源综合利用业,海南省,0,,,,,,,,,,,,,,,,,,,,,,,,,,,,,,,,,,,,,,,,,,,,,,,,,,,,,,,,,,,,,,,,,,,,,,,,,,,,,,,,,,,,,,,,,,,,,,,,,,,,,,,,,,,,,,,,,,,,,,,,,,,,,,,,,,,,,,,,,,,,,,,,,,,,,,,,,,,,,,,,,,,,,,,,,,,,,,,,,,,,,,,,,,,,,,,,,,,,,,,,,,,,,,,,,,,,,,,,,,,,,,,,,,,,,,,,,,,,,,,,,,,,,,,,,,,,,,,,,,,,,,,,,,,,,,
印刷和记录媒介复制业,海南省,0,,,,,,,,,,,,,,,,,,,,,,,,,,,,,,,,,,,,,,,,,,,,,,,,,,,,,,,,,,,,,,,,,,,,,,,,,,,,,,,,,,,,,,,,,,,,,,,,,,,,,,,,,,,,,,,,,,,,,,,,,,,,,,,,,,,,,,,,,,,,,,,,,,,,,,,,,,,,,,,,,,,,,,,,,,,,,,,,,,,,,,,,,,,,,,,,,,,,,,,,,,,,,,,,,,,,,,,,,,,,,,,,,,,,,,,,,,,,,,,,,,,,,,,,,,,,,,,,,,,,,,,,,,,,,,
卫生和社会工作,海南省,0,,,,,,,,,,,,,,,,,,,,,,,,,,,,,,,,,,,,,,,,,,,,,,,,,,,,,,,,,,,,,,,,,,,,,,,,,,,,,,,,,,,,,,,,,,,,,,,,,,,,,,,,,,,,,,,,,,,,,,,,,,,,,,,,,,,,,,,,,,,,,,,,,,,,,,,,,,,,,,,,,,,,,,,,,,,,,,,,,,,,,,,,,,,,,,,,,,,,,,,,,,,,,,,,,,,,,,,,,,,,,,,,,,,,,,,,,,,,,,,,,,,,,,,,,,,,,,,,,,,,,,,,,,,,,,
文教、工美、体育和娱乐用品制造业,海南省,0,,,,,,,,,,,,,,,,,,,,,,,,,,,,,,,,,,,,,,,,,,,,,,,,,,,,,,,,,,,,,,,,,,,,,,,,,,,,,,,,,,,,,,,,,,,,,,,,,,,,,,,,,,,,,,,,,,,,,,,,,,,,,,,,,,,,,,,,,,,,,,,,,,,,,,,,,,,,,,,,,,,,,,,,,,,,,,,,,,,,,,,,,,,,,,,,,,,,,,,,,,,,,,,,,,,,,,,,,,,,,,,,,,,,,,,,,,,,,,,,,,,,,,,,,,,,,,,,,,,,,,,,,,,,,,
石油加工、炼焦和核燃料加工业,海南省,0,,,,,,,,,,,,,,,,,,,,,,,,,,,,,,,,,,,,,,,,,,,,,,,,,,,,,,,,,,,,,,,,,,,,,,,,,,,,,,,,,,,,,,,,,,,,,,,,,,,,,,,,,,,,,,,,,,,,,,,,,,,,,,,,,,,,,,,,,,,,,,,,,,,,,,,,,,,,,,,,,,,,,,,,,,,,,,,,,,,,,,,,,,,,,,,,,,,,,,,,,,,,,,,,,,,,,,,,,,,,,,,,,,,,,,,,,,,,,,,,,,,,,,,,,,,,,,,,,,,,,,,,,,,,,,
化学纤维制造业,海南省,0,,,,,,,,,,,,,,,,,,,,,,,,,,,,,,,,,,,,,,,,,,,,,,,,,,,,,,,,,,,,,,,,,,,,,,,,,,,,,,,,,,,,,,,,,,,,,,,,,,,,,,,,,,,,,,,,,,,,,,,,,,,,,,,,,,,,,,,,,,,,,,,,,,,,,,,,,,,,,,,,,,,,,,,,,,,,,,,,,,,,,,,,,,,,,,,,,,,,,,,,,,,,,,,,,,,,,,,,,,,,,,,,,,,,,,,,,,,,,,,,,,,,,,,,,,,,,,,,,,,,,,,,,,,,,,
家具制造业,海南省,0,,,,,,,,,,,,,,,,,,,,,,,,,,,,,,,,,,,,,,,,,,,,,,,,,,,,,,,,,,,,,,,,,,,,,,,,,,,,,,,,,,,,,,,,,,,,,,,,,,,,,,,,,,,,,,,,,,,,,,,,,,,,,,,,,,,,,,,,,,,,,,,,,,,,,,,,,,,,,,,,,,,,,,,,,,,,,,,,,,,,,,,,,,,,,,,,,,,,,,,,,,,,,,,,,,,,,,,,,,,,,,,,,,,,,,,,,,,,,,,,,,,,,,,,,,,,,,,,,,,,,,,,,,,,,,
住宿和餐饮业,海南省,0,,,,,,,,,,,,,,,,,,,,,,,,,,,,,,,,,,,,,,,,,,,,,,,,,,,,,,,,,,,,,,,,,,,,,,,,,,,,,,,,,,,,,,,,,,,,,,,,,,,,,,,,,,,,,,,,,,,,,,,,,,,,,,,,,,,,,,,,,,,,,,,,,,,,,,,,,,,,,,,,,,,,,,,,,,,,,,,,,,,,,,,,,,,,,,,,,,,,,,,,,,,,,,,,,,,,,,,,,,,,,,,,,,,,,,,,,,,,,,,,,,,,,,,,,,,,,,,,,,,,,,,,,,,,,,
木材加工和木、竹、藤、棕、草制品业,海南省,0,,,,,,,,,,,,,,,,,,,,,,,,,,,,,,,,,,,,,,,,,,,,,,,,,,,,,,,,,,,,,,,,,,,,,,,,,,,,,,,,,,,,,,,,,,,,,,,,,,,,,,,,,,,,,,,,,,,,,,,,,,,,,,,,,,,,,,,,,,,,,,,,,,,,,,,,,,,,,,,,,,,,,,,,,,,,,,,,,,,,,,,,,,,,,,,,,,,,,,,,,,,,,,,,,,,,,,,,,,,,,,,,,,,,,,,,,,,,,,,,,,,,,,,,,,,,,,,,,,,,,,,,,,,,,,
居民服务、修理和其他服务业,海南省,0,,,,,,,,,,,,,,,,,,,,,,,,,,,,,,,,,,,,,,,,,,,,,,,,,,,,,,,,,,,,,,,,,,,,,,,,,,,,,,,,,,,,,,,,,,,,,,,,,,,,,,,,,,,,,,,,,,,,,,,,,,,,,,,,,,,,,,,,,,,,,,,,,,,,,,,,,,,,,,,,,,,,,,,,,,,,,,,,,,,,,,,,,,,,,,,,,,,,,,,,,,,,,,,,,,,,,,,,,,,,,,,,,,,,,,,,,,,,,,,,,,,,,,,,,,,,,,,,,,,,,,,,,,,,,,
医药制造业,贵州省,6,,,,,,1,5,,3,,,3,3,,,,,,,,,,,,,,,,,,,,1,2,,,,,,,,,,,,,,,,,,,,,,,,,,,,,,,,,,,,,,,,,,,,,,,,,,,,,,,,,,,,,,,,,,,,,,,,,,,,,,,,,,,,,,,,,,,,,,,,,,,,,,,,,,,,,,,,,,,,,,,,,,,,,,,,,,,,,,,,,,,,,,,,,,,,,,,,,,,,,,,,,,,,,,,,,,,,,,,,,,,,,,,,,,,,,,,,,,,,,,,,,,,,,,,,,,,,,,,,,,,,,,,,,,,,,,,,,,,,
化学原料和化学制品制造业,贵州省,4,,2,,,1,,1,,3,,,1,1,,2,,,,,,,,,,,,,,,,1,,,,,,,,,,,,,,,,,,,,,,,,,,,,,,,,,,,,,,,,,,,,,,,,,,,,,,,,,,,,,,,,,,,,,,,,,,,,,,,,,,,,,,,,,,,,,,,,,,,,,,,,,,,,,,,,,,,,,,,,,,,,,,,,,,,,,,,,,,,,,,,,,,,,,,,,,,,,,,,,,,,,,,,,,,,,,,,,,,,,,,,,,,,,,,,,,,,,,,,,,,,,,,,,,,,,,,,,,,,,,,,,,,,,,,,,,,,,,,,
食品饮料业,贵州省,1,,,,,1,,,,,,,1,,,,,,,,,,,,,,,,,,,1,,,,,,,,,,,,,,,,,,,,,,,,,,,,,,,,,,,,,,,,,,,,,,,,,,,,,,,,,,,,,,,,,,,,,,,,,,,,,,,,,,,,,,,,,,,,,,,,,,,,,,,,,,,,,,,,,,,,,,,,,,,,,,,,,,,,,,,,,,,,,,,,,,,,,,,,,,,,,,,,,,,,,,,,,,,,,,,,,,,,,,,,,,,,,,,,,,,,,,,,,,,,,,,,,,,,,,,,,,,,,,,,,,,,,,,,,,,,,,,
专用设备制造业,贵州省,0,,,,,,,,,,,,,,,,,,,,,,,,,,,,,,,,,,,,,,,,,,,,,,,,,,,,,,,,,,,,,,,,,,,,,,,,,,,,,,,,,,,,,,,,,,,,,,,,,,,,,,,,,,,,,,,,,,,,,,,,,,,,,,,,,,,,,,,,,,,,,,,,,,,,,,,,,,,,,,,,,,,,,,,,,,,,,,,,,,,,,,,,,,,,,,,,,,,,,,,,,,,,,,,,,,,,,,,,,,,,,,,,,,,,,,,,,,,,,,,,,,,,,,,,,,,,,,,,,,,,,,,,,,,,,,
信息传输、软件和信息技术服务业,贵州省,2,,,,,1,,1,,1,,,1,1,,,,,,,,,,,,,,,,,,1,,,,,,,,,,,,,,,,,,,,,,,,,,,,,,,,,,,,,,,,,,,,,,,,,,,,,,,,,,,,,,,,,,,,,,,,,,,,,,,,,,,,,,,,,,,,,,,,,,,,,,,,,,,,,,,,,,,,,,,,,,,,,,,,,,,,,,,,,,,,,,,,,,,,,,,,,,,,,,,,,,,,,,,,,,,,,,,,,,,,,,,,,,,,,,,,,,,,,,,,,,,,,,,,,,,,,,,,,,,,,,,,,,,,,,,,,,,,,,,
电力、热力、燃气及水生产和供应业,贵州省,2,,1,,,,,1,,1,,,1,,,1,,,,,,,,,,,,,,,,,,,1,,,,,,,,,,,,,,,,,,,,,,,,,,,,,,,,,,,,,,,,,,,,,,,,,,,,,,,,,,,,,,,,,,,,,,,,,,,,,,,,,,,,,,,,,,,,,,,,,,,,,,,,,,,,,,,,,,,,,,,,,,,,,,,,,,,,,,,,,,,,,,,,,,,,,,,,,,,,,,,,,,,,,,,,,,,,,,,,,,,,,,,,,,,,,,,,,,,,,,,,,,,,,,,,,,,,,,,,,,,,,,,,,,,,,,,,,,,,
商业电气机械和器材制造业,贵州省,4,,1,,,1,,2,,2,,,2,2,,,,,,,,,,,,,,,,,,1,1,,,,,,,,,,,,,,,,,,,,,,,,,,,,,,,,,,,,,,,,,,,,,,,,,,,,,,,,,,,,,,,,,,,,,,,,,,,,,,,,,,,,,,,,,,,,,,,,,,,,,,,,,,,,,,,,,,,,,,,,,,,,,,,,,,,,,,,,,,,,,,,,,,,,,,,,,,,,,,,,,,,,,,,,,,,,,,,,,,,,,,,,,,,,,,,,,,,,,,,,,,,,,,,,,,,,,,,,,,,,,,,,,,,,,,,,,,,,,,
批发和零售业,贵州省,1,,1,,,,,,,1,,,,,,1,,,,,,,,,,,,,,,,,,,,,,,,,,,,,,,,,,,,,,,,,,,,,,,,,,,,,,,,,,,,,,,,,,,,,,,,,,,,,,,,,,,,,,,,,,,,,,,,,,,,,,,,,,,,,,,,,,,,,,,,,,,,,,,,,,,,,,,,,,,,,,,,,,,,,,,,,,,,,,,,,,,,,,,,,,,,,,,,,,,,,,,,,,,,,,,,,,,,,,,,,,,,,,,,,,,,,,,,,,,,,,,,,,,,,,,,,,,,,,,,,,,,,,,,,,,,,,,
金融业,贵州省,2,,,,,2,,,,,1,,1,,,,,,,,,,,1,,,,,,,,1,,,,,,,,,,,,,,,,,,,,,,,,,,,,,,,,,,,,,,,,,,,,,,,,,,,,,,,,,,,,,,,,,,,,,,,,,,,,,,,,,,,,,,,,,,,,,,,,,,,,,,,,,,,,,,,,,,,,,,,,,,,,,,,,,,,,,,,,,,,,,,,,,,,,,,,,,,,,,,,,,,,,,,,,,,,,,,,,,,,,,,,,,,,,,,,,,,,,,,,,,,,,,,,,,,,,,,,,,,,,,,,,,,,,,,,,,,,,,,,
汽车制造业,贵州省,2,,1,,,1,,,,1,,,1,,1,,,,,,,,,,,,,,,,,,1,,,,,,,,,,,,,,,,,,,,,,,,,,,,,,,,,,,,,,,,,,,,,,,,,,,,,,,,,,,,,,,,,,,,,,,,,,,,,,,,,,,,,,,,,,,,,,,,,,,,,,,,,,,,,,,,,,,,,,,,,,,,,,,,,,,,,,,,,,,,,,,,,,,,,,,,,,,,,,,,,,,,,,,,,,,,,,,,,,,,,,,,,,,,,,,,,,,,,,,,,,,,,,,,,,,,,,,,,,,,,,,,,,,,,,,,,,,,,,
金属冶炼和压延加工业,贵州省,0,,,,,,,,,,,,,,,,,,,,,,,,,,,,,,,,,,,,,,,,,,,,,,,,,,,,,,,,,,,,,,,,,,,,,,,,,,,,,,,,,,,,,,,,,,,,,,,,,,,,,,,,,,,,,,,,,,,,,,,,,,,,,,,,,,,,,,,,,,,,,,,,,,,,,,,,,,,,,,,,,,,,,,,,,,,,,,,,,,,,,,,,,,,,,,,,,,,,,,,,,,,,,,,,,,,,,,,,,,,,,,,,,,,,,,,,,,,,,,,,,,,,,,,,,,,,,,,,,,,,,,,,,,,,,,
交通运输、仓储和邮政业,贵州省,2,,,,,,,2,,1,1,,,1,,,,1,,,,,,,,,,,,,,,,,,,,,,,,,,,,,,,,,,,,,,,,,,,,,,,,,,,,,,,,,,,,,,,,,,,,,,,,,,,,,,,,,,,,,,,,,,,,,,,,,,,,,,,,,,,,,,,,,,,,,,,,,,,,,,,,,,,,,,,,,,,,,,,,,,,,,,,,,,,,,,,,,,,,,,,,,,,,,,,,,,,,,,,,,,,,,,,,,,,,,,,,,,,,,,,,,,,,,,,,,,,,,,,,,,,,,,,,,,,,,,,,,,,,,,,,,,,,,
消费电子及电气业,贵州省,0,,,,,,,,,,,,,,,,,,,,,,,,,,,,,,,,,,,,,,,,,,,,,,,,,,,,,,,,,,,,,,,,,,,,,,,,,,,,,,,,,,,,,,,,,,,,,,,,,,,,,,,,,,,,,,,,,,,,,,,,,,,,,,,,,,,,,,,,,,,,,,,,,,,,,,,,,,,,,,,,,,,,,,,,,,,,,,,,,,,,,,,,,,,,,,,,,,,,,,,,,,,,,,,,,,,,,,,,,,,,,,,,,,,,,,,,,,,,,,,,,,,,,,,,,,,,,,,,,,,,,,,,,,,,,,
房地产业,贵州省,0,,,,,,,,,,,,,,,,,,,,,,,,,,,,,,,,,,,,,,,,,,,,,,,,,,,,,,,,,,,,,,,,,,,,,,,,,,,,,,,,,,,,,,,,,,,,,,,,,,,,,,,,,,,,,,,,,,,,,,,,,,,,,,,,,,,,,,,,,,,,,,,,,,,,,,,,,,,,,,,,,,,,,,,,,,,,,,,,,,,,,,,,,,,,,,,,,,,,,,,,,,,,,,,,,,,,,,,,,,,,,,,,,,,,,,,,,,,,,,,,,,,,,,,,,,,,,,,,,,,,,,,,,,,,,,
采矿业,贵州省,2,,,,,1,,1,,,1,,1,,,,,1,,,,,,,,,,,,,,1,,,,,,,,,,,,,,,,,,,,,,,,,,,,,,,,,,,,,,,,,,,,,,,,,,,,,,,,,,,,,,,,,,,,,,,,,,,,,,,,,,,,,,,,,,,,,,,,,,,,,,,,,,,,,,,,,,,,,,,,,,,,,,,,,,,,,,,,,,,,,,,,,,,,,,,,,,,,,,,,,,,,,,,,,,,,,,,,,,,,,,,,,,,,,,,,,,,,,,,,,,,,,,,,,,,,,,,,,,,,,,,,,,,,,,,,,,,,,,,
非金属矿物制品业,贵州省,0,,,,,,,,,,,,,,,,,,,,,,,,,,,,,,,,,,,,,,,,,,,,,,,,,,,,,,,,,,,,,,,,,,,,,,,,,,,,,,,,,,,,,,,,,,,,,,,,,,,,,,,,,,,,,,,,,,,,,,,,,,,,,,,,,,,,,,,,,,,,,,,,,,,,,,,,,,,,,,,,,,,,,,,,,,,,,,,,,,,,,,,,,,,,,,,,,,,,,,,,,,,,,,,,,,,,,,,,,,,,,,,,,,,,,,,,,,,,,,,,,,,,,,,,,,,,,,,,,,,,,,,,,,,,,,
通用设备制造业,贵州省,0,,,,,,,,,,,,,,,,,,,,,,,,,,,,,,,,,,,,,,,,,,,,,,,,,,,,,,,,,,,,,,,,,,,,,,,,,,,,,,,,,,,,,,,,,,,,,,,,,,,,,,,,,,,,,,,,,,,,,,,,,,,,,,,,,,,,,,,,,,,,,,,,,,,,,,,,,,,,,,,,,,,,,,,,,,,,,,,,,,,,,,,,,,,,,,,,,,,,,,,,,,,,,,,,,,,,,,,,,,,,,,,,,,,,,,,,,,,,,,,,,,,,,,,,,,,,,,,,,,,,,,,,,,,,,,
半导体业,贵州省,2,,2,,,,,,,1,,,1,,,1,,,,,,,,,,,,,,,,,1,,,,,,,,,,,,,,,,,,,,,,,,,,,,,,,,,,,,,,,,,,,,,,,,,,,,,,,,,,,,,,,,,,,,,,,,,,,,,,,,,,,,,,,,,,,,,,,,,,,,,,,,,,,,,,,,,,,,,,,,,,,,,,,,,,,,,,,,,,,,,,,,,,,,,,,,,,,,,,,,,,,,,,,,,,,,,,,,,,,,,,,,,,,,,,,,,,,,,,,,,,,,,,,,,,,,,,,,,,,,,,,,,,,,,,,,,,,,,,
建筑业,贵州省,0,,,,,,,,,,,,,,,,,,,,,,,,,,,,,,,,,,,,,,,,,,,,,,,,,,,,,,,,,,,,,,,,,,,,,,,,,,,,,,,,,,,,,,,,,,,,,,,,,,,,,,,,,,,,,,,,,,,,,,,,,,,,,,,,,,,,,,,,,,,,,,,,,,,,,,,,,,,,,,,,,,,,,,,,,,,,,,,,,,,,,,,,,,,,,,,,,,,,,,,,,,,,,,,,,,,,,,,,,,,,,,,,,,,,,,,,,,,,,,,,,,,,,,,,,,,,,,,,,,,,,,,,,,,,,,
铁路、船舶、航空航天和其他运输设备制造业,贵州省,3,,2,,,,,1,,1,,,2,,,1,,,,,,,,,,,,,,,,,1,,1,,,,,,,,,,,,,,,,,,,,,,,,,,,,,,,,,,,,,,,,,,,,,,,,,,,,,,,,,,,,,,,,,,,,,,,,,,,,,,,,,,,,,,,,,,,,,,,,,,,,,,,,,,,,,,,,,,,,,,,,,,,,,,,,,,,,,,,,,,,,,,,,,,,,,,,,,,,,,,,,,,,,,,,,,,,,,,,,,,,,,,,,,,,,,,,,,,,,,,,,,,,,,,,,,,,,,,,,,,,,,,,,,,,,,,,,,,,,
水利、环境和公共设施管理业,贵州省,0,,,,,,,,,,,,,,,,,,,,,,,,,,,,,,,,,,,,,,,,,,,,,,,,,,,,,,,,,,,,,,,,,,,,,,,,,,,,,,,,,,,,,,,,,,,,,,,,,,,,,,,,,,,,,,,,,,,,,,,,,,,,,,,,,,,,,,,,,,,,,,,,,,,,,,,,,,,,,,,,,,,,,,,,,,,,,,,,,,,,,,,,,,,,,,,,,,,,,,,,,,,,,,,,,,,,,,,,,,,,,,,,,,,,,,,,,,,,,,,,,,,,,,,,,,,,,,,,,,,,,,,,,,,,,,
科学研究和技术服务业,贵州省,1,,,,,,,1,,,,,1,,,,,,,,,,,,,,,,,,,,,,1,,,,,,,,,,,,,,,,,,,,,,,,,,,,,,,,,,,,,,,,,,,,,,,,,,,,,,,,,,,,,,,,,,,,,,,,,,,,,,,,,,,,,,,,,,,,,,,,,,,,,,,,,,,,,,,,,,,,,,,,,,,,,,,,,,,,,,,,,,,,,,,,,,,,,,,,,,,,,,,,,,,,,,,,,,,,,,,,,,,,,,,,,,,,,,,,,,,,,,,,,,,,,,,,,,,,,,,,,,,,,,,,,,,,,,,,,,,,
纺织鞋服业,贵州省,0,,,,,,,,,,,,,,,,,,,,,,,,,,,,,,,,,,,,,,,,,,,,,,,,,,,,,,,,,,,,,,,,,,,,,,,,,,,,,,,,,,,,,,,,,,,,,,,,,,,,,,,,,,,,,,,,,,,,,,,,,,,,,,,,,,,,,,,,,,,,,,,,,,,,,,,,,,,,,,,,,,,,,,,,,,,,,,,,,,,,,,,,,,,,,,,,,,,,,,,,,,,,,,,,,,,,,,,,,,,,,,,,,,,,,,,,,,,,,,,,,,,,,,,,,,,,,,,,,,,,,,,,,,,,,,
通信传输设备业,贵州省,0,,,,,,,,,,,,,,,,,,,,,,,,,,,,,,,,,,,,,,,,,,,,,,,,,,,,,,,,,,,,,,,,,,,,,,,,,,,,,,,,,,,,,,,,,,,,,,,,,,,,,,,,,,,,,,,,,,,,,,,,,,,,,,,,,,,,,,,,,,,,,,,,,,,,,,,,,,,,,,,,,,,,,,,,,,,,,,,,,,,,,,,,,,,,,,,,,,,,,,,,,,,,,,,,,,,,,,,,,,,,,,,,,,,,,,,,,,,,,,,,,,,,,,,,,,,,,,,,,,,,,,,,,,,,,,
金属制品业,贵州省,1,,,,,1,,,,,,,1,,,,,,,,,,,,,,,,,,,1,,,,,,,,,,,,,,,,,,,,,,,,,,,,,,,,,,,,,,,,,,,,,,,,,,,,,,,,,,,,,,,,,,,,,,,,,,,,,,,,,,,,,,,,,,,,,,,,,,,,,,,,,,,,,,,,,,,,,,,,,,,,,,,,,,,,,,,,,,,,,,,,,,,,,,,,,,,,,,,,,,,,,,,,,,,,,,,,,,,,,,,,,,,,,,,,,,,,,,,,,,,,,,,,,,,,,,,,,,,,,,,,,,,,,,,,,,,,,,,
文化、体育和娱乐业,贵州省,0,,,,,,,,,,,,,,,,,,,,,,,,,,,,,,,,,,,,,,,,,,,,,,,,,,,,,,,,,,,,,,,,,,,,,,,,,,,,,,,,,,,,,,,,,,,,,,,,,,,,,,,,,,,,,,,,,,,,,,,,,,,,,,,,,,,,,,,,,,,,,,,,,,,,,,,,,,,,,,,,,,,,,,,,,,,,,,,,,,,,,,,,,,,,,,,,,,,,,,,,,,,,,,,,,,,,,,,,,,,,,,,,,,,,,,,,,,,,,,,,,,,,,,,,,,,,,,,,,,,,,,,,,,,,,,
橡胶和塑料制品业,贵州省,0,,,,,,,,,,,,,,,,,,,,,,,,,,,,,,,,,,,,,,,,,,,,,,,,,,,,,,,,,,,,,,,,,,,,,,,,,,,,,,,,,,,,,,,,,,,,,,,,,,,,,,,,,,,,,,,,,,,,,,,,,,,,,,,,,,,,,,,,,,,,,,,,,,,,,,,,,,,,,,,,,,,,,,,,,,,,,,,,,,,,,,,,,,,,,,,,,,,,,,,,,,,,,,,,,,,,,,,,,,,,,,,,,,,,,,,,,,,,,,,,,,,,,,,,,,,,,,,,,,,,,,,,,,,,,,
租赁和商务服务业,贵州省,0,,,,,,,,,,,,,,,,,,,,,,,,,,,,,,,,,,,,,,,,,,,,,,,,,,,,,,,,,,,,,,,,,,,,,,,,,,,,,,,,,,,,,,,,,,,,,,,,,,,,,,,,,,,,,,,,,,,,,,,,,,,,,,,,,,,,,,,,,,,,,,,,,,,,,,,,,,,,,,,,,,,,,,,,,,,,,,,,,,,,,,,,,,,,,,,,,,,,,,,,,,,,,,,,,,,,,,,,,,,,,,,,,,,,,,,,,,,,,,,,,,,,,,,,,,,,,,,,,,,,,,,,,,,,,,
农、林、牧、渔业,贵州省,0,,,,,,,,,,,,,,,,,,,,,,,,,,,,,,,,,,,,,,,,,,,,,,,,,,,,,,,,,,,,,,,,,,,,,,,,,,,,,,,,,,,,,,,,,,,,,,,,,,,,,,,,,,,,,,,,,,,,,,,,,,,,,,,,,,,,,,,,,,,,,,,,,,,,,,,,,,,,,,,,,,,,,,,,,,,,,,,,,,,,,,,,,,,,,,,,,,,,,,,,,,,,,,,,,,,,,,,,,,,,,,,,,,,,,,,,,,,,,,,,,,,,,,,,,,,,,,,,,,,,,,,,,,,,,,
仪器仪表制造业,贵州省,0,,,,,,,,,,,,,,,,,,,,,,,,,,,,,,,,,,,,,,,,,,,,,,,,,,,,,,,,,,,,,,,,,,,,,,,,,,,,,,,,,,,,,,,,,,,,,,,,,,,,,,,,,,,,,,,,,,,,,,,,,,,,,,,,,,,,,,,,,,,,,,,,,,,,,,,,,,,,,,,,,,,,,,,,,,,,,,,,,,,,,,,,,,,,,,,,,,,,,,,,,,,,,,,,,,,,,,,,,,,,,,,,,,,,,,,,,,,,,,,,,,,,,,,,,,,,,,,,,,,,,,,,,,,,,,
造纸和纸制品业,贵州省,0,,,,,,,,,,,,,,,,,,,,,,,,,,,,,,,,,,,,,,,,,,,,,,,,,,,,,,,,,,,,,,,,,,,,,,,,,,,,,,,,,,,,,,,,,,,,,,,,,,,,,,,,,,,,,,,,,,,,,,,,,,,,,,,,,,,,,,,,,,,,,,,,,,,,,,,,,,,,,,,,,,,,,,,,,,,,,,,,,,,,,,,,,,,,,,,,,,,,,,,,,,,,,,,,,,,,,,,,,,,,,,,,,,,,,,,,,,,,,,,,,,,,,,,,,,,,,,,,,,,,,,,,,,,,,,
其他制造业,贵州省,0,,,,,,,,,,,,,,,,,,,,,,,,,,,,,,,,,,,,,,,,,,,,,,,,,,,,,,,,,,,,,,,,,,,,,,,,,,,,,,,,,,,,,,,,,,,,,,,,,,,,,,,,,,,,,,,,,,,,,,,,,,,,,,,,,,,,,,,,,,,,,,,,,,,,,,,,,,,,,,,,,,,,,,,,,,,,,,,,,,,,,,,,,,,,,,,,,,,,,,,,,,,,,,,,,,,,,,,,,,,,,,,,,,,,,,,,,,,,,,,,,,,,,,,,,,,,,,,,,,,,,,,,,,,,,,
教育,贵州省,0,,,,,,,,,,,,,,,,,,,,,,,,,,,,,,,,,,,,,,,,,,,,,,,,,,,,,,,,,,,,,,,,,,,,,,,,,,,,,,,,,,,,,,,,,,,,,,,,,,,,,,,,,,,,,,,,,,,,,,,,,,,,,,,,,,,,,,,,,,,,,,,,,,,,,,,,,,,,,,,,,,,,,,,,,,,,,,,,,,,,,,,,,,,,,,,,,,,,,,,,,,,,,,,,,,,,,,,,,,,,,,,,,,,,,,,,,,,,,,,,,,,,,,,,,,,,,,,,,,,,,,,,,,,,,,
综合,贵州省,0,,,,,,,,,,,,,,,,,,,,,,,,,,,,,,,,,,,,,,,,,,,,,,,,,,,,,,,,,,,,,,,,,,,,,,,,,,,,,,,,,,,,,,,,,,,,,,,,,,,,,,,,,,,,,,,,,,,,,,,,,,,,,,,,,,,,,,,,,,,,,,,,,,,,,,,,,,,,,,,,,,,,,,,,,,,,,,,,,,,,,,,,,,,,,,,,,,,,,,,,,,,,,,,,,,,,,,,,,,,,,,,,,,,,,,,,,,,,,,,,,,,,,,,,,,,,,,,,,,,,,,,,,,,,,,
废弃资源综合利用业,贵州省,0,,,,,,,,,,,,,,,,,,,,,,,,,,,,,,,,,,,,,,,,,,,,,,,,,,,,,,,,,,,,,,,,,,,,,,,,,,,,,,,,,,,,,,,,,,,,,,,,,,,,,,,,,,,,,,,,,,,,,,,,,,,,,,,,,,,,,,,,,,,,,,,,,,,,,,,,,,,,,,,,,,,,,,,,,,,,,,,,,,,,,,,,,,,,,,,,,,,,,,,,,,,,,,,,,,,,,,,,,,,,,,,,,,,,,,,,,,,,,,,,,,,,,,,,,,,,,,,,,,,,,,,,,,,,,,
印刷和记录媒介复制业,贵州省,1,,,,,,,1,,,,,1,,,,,,,,,,,,,,,,,,,,,,1,,,,,,,,,,,,,,,,,,,,,,,,,,,,,,,,,,,,,,,,,,,,,,,,,,,,,,,,,,,,,,,,,,,,,,,,,,,,,,,,,,,,,,,,,,,,,,,,,,,,,,,,,,,,,,,,,,,,,,,,,,,,,,,,,,,,,,,,,,,,,,,,,,,,,,,,,,,,,,,,,,,,,,,,,,,,,,,,,,,,,,,,,,,,,,,,,,,,,,,,,,,,,,,,,,,,,,,,,,,,,,,,,,,,,,,,,,,,
卫生和社会工作,贵州省,0,,,,,,,,,,,,,,,,,,,,,,,,,,,,,,,,,,,,,,,,,,,,,,,,,,,,,,,,,,,,,,,,,,,,,,,,,,,,,,,,,,,,,,,,,,,,,,,,,,,,,,,,,,,,,,,,,,,,,,,,,,,,,,,,,,,,,,,,,,,,,,,,,,,,,,,,,,,,,,,,,,,,,,,,,,,,,,,,,,,,,,,,,,,,,,,,,,,,,,,,,,,,,,,,,,,,,,,,,,,,,,,,,,,,,,,,,,,,,,,,,,,,,,,,,,,,,,,,,,,,,,,,,,,,,,
文教、工美、体育和娱乐用品制造业,贵州省,0,,,,,,,,,,,,,,,,,,,,,,,,,,,,,,,,,,,,,,,,,,,,,,,,,,,,,,,,,,,,,,,,,,,,,,,,,,,,,,,,,,,,,,,,,,,,,,,,,,,,,,,,,,,,,,,,,,,,,,,,,,,,,,,,,,,,,,,,,,,,,,,,,,,,,,,,,,,,,,,,,,,,,,,,,,,,,,,,,,,,,,,,,,,,,,,,,,,,,,,,,,,,,,,,,,,,,,,,,,,,,,,,,,,,,,,,,,,,,,,,,,,,,,,,,,,,,,,,,,,,,,,,,,,,,,
石油加工、炼焦和核燃料加工业,贵州省,0,,,,,,,,,,,,,,,,,,,,,,,,,,,,,,,,,,,,,,,,,,,,,,,,,,,,,,,,,,,,,,,,,,,,,,,,,,,,,,,,,,,,,,,,,,,,,,,,,,,,,,,,,,,,,,,,,,,,,,,,,,,,,,,,,,,,,,,,,,,,,,,,,,,,,,,,,,,,,,,,,,,,,,,,,,,,,,,,,,,,,,,,,,,,,,,,,,,,,,,,,,,,,,,,,,,,,,,,,,,,,,,,,,,,,,,,,,,,,,,,,,,,,,,,,,,,,,,,,,,,,,,,,,,,,,
化学纤维制造业,贵州省,0,,,,,,,,,,,,,,,,,,,,,,,,,,,,,,,,,,,,,,,,,,,,,,,,,,,,,,,,,,,,,,,,,,,,,,,,,,,,,,,,,,,,,,,,,,,,,,,,,,,,,,,,,,,,,,,,,,,,,,,,,,,,,,,,,,,,,,,,,,,,,,,,,,,,,,,,,,,,,,,,,,,,,,,,,,,,,,,,,,,,,,,,,,,,,,,,,,,,,,,,,,,,,,,,,,,,,,,,,,,,,,,,,,,,,,,,,,,,,,,,,,,,,,,,,,,,,,,,,,,,,,,,,,,,,,
家具制造业,贵州省,0,,,,,,,,,,,,,,,,,,,,,,,,,,,,,,,,,,,,,,,,,,,,,,,,,,,,,,,,,,,,,,,,,,,,,,,,,,,,,,,,,,,,,,,,,,,,,,,,,,,,,,,,,,,,,,,,,,,,,,,,,,,,,,,,,,,,,,,,,,,,,,,,,,,,,,,,,,,,,,,,,,,,,,,,,,,,,,,,,,,,,,,,,,,,,,,,,,,,,,,,,,,,,,,,,,,,,,,,,,,,,,,,,,,,,,,,,,,,,,,,,,,,,,,,,,,,,,,,,,,,,,,,,,,,,,
住宿和餐饮业,贵州省,0,,,,,,,,,,,,,,,,,,,,,,,,,,,,,,,,,,,,,,,,,,,,,,,,,,,,,,,,,,,,,,,,,,,,,,,,,,,,,,,,,,,,,,,,,,,,,,,,,,,,,,,,,,,,,,,,,,,,,,,,,,,,,,,,,,,,,,,,,,,,,,,,,,,,,,,,,,,,,,,,,,,,,,,,,,,,,,,,,,,,,,,,,,,,,,,,,,,,,,,,,,,,,,,,,,,,,,,,,,,,,,,,,,,,,,,,,,,,,,,,,,,,,,,,,,,,,,,,,,,,,,,,,,,,,,
木材加工和木、竹、藤、棕、草制品业,贵州省,0,,,,,,,,,,,,,,,,,,,,,,,,,,,,,,,,,,,,,,,,,,,,,,,,,,,,,,,,,,,,,,,,,,,,,,,,,,,,,,,,,,,,,,,,,,,,,,,,,,,,,,,,,,,,,,,,,,,,,,,,,,,,,,,,,,,,,,,,,,,,,,,,,,,,,,,,,,,,,,,,,,,,,,,,,,,,,,,,,,,,,,,,,,,,,,,,,,,,,,,,,,,,,,,,,,,,,,,,,,,,,,,,,,,,,,,,,,,,,,,,,,,,,,,,,,,,,,,,,,,,,,,,,,,,,,
居民服务、修理和其他服务业,贵州省,0,,,,,,,,,,,,,,,,,,,,,,,,,,,,,,,,,,,,,,,,,,,,,,,,,,,,,,,,,,,,,,,,,,,,,,,,,,,,,,,,,,,,,,,,,,,,,,,,,,,,,,,,,,,,,,,,,,,,,,,,,,,,,,,,,,,,,,,,,,,,,,,,,,,,,,,,,,,,,,,,,,,,,,,,,,,,,,,,,,,,,,,,,,,,,,,,,,,,,,,,,,,,,,,,,,,,,,,,,,,,,,,,,,,,,,,,,,,,,,,,,,,,,,,,,,,,,,,,,,,,,,,,,,,,,,
医药制造业,甘肃省,4,,,,,2,,2,,3,1,,,1,2,,,1,,,,,,,,,,,,,,,,,,,,,,,,,,,,,,,,,,,,,,,,,,,,,,,,,,,,,,,,,,,,,,,,,,,,,,,,,,,,,,,,,,,,,,,,,,,,,,,,,,,,,,,,,,,,,,,,,,,,,,,,,,,,,,,,,,,,,,,,,,,,,,,,,,,,,,,,,,,,,,,,,,,,,,,,,,,,,,,,,,,,,,,,,,,,,,,,,,,,,,,,,,,,,,,,,,,,,,,,,,,,,,,,,,,,,,,,,,,,,,,,,,,,,,,,,,,,,
化学原料和化学制品制造业,甘肃省,2,,,,,,,2,,2,,,,2,,,,,,,,,,,,,,,,,,,,,,,,,,,,,,,,,,,,,,,,,,,,,,,,,,,,,,,,,,,,,,,,,,,,,,,,,,,,,,,,,,,,,,,,,,,,,,,,,,,,,,,,,,,,,,,,,,,,,,,,,,,,,,,,,,,,,,,,,,,,,,,,,,,,,,,,,,,,,,,,,,,,,,,,,,,,,,,,,,,,,,,,,,,,,,,,,,,,,,,,,,,,,,,,,,,,,,,,,,,,,,,,,,,,,,,,,,,,,,,,,,,,,,,,,,,,,,,,,
食品饮料业,甘肃省,5,,,,,2,,3,,3,,,2,2,1,,,,,,,,,,,,,,,,,1,,,1,,,,,,,,,,,,,,,,,,,,,,,,,,,,,,,,,,,,,,,,,,,,,,,,,,,,,,,,,,,,,,,,,,,,,,,,,,,,,,,,,,,,,,,,,,,,,,,,,,,,,,,,,,,,,,,,,,,,,,,,,,,,,,,,,,,,,,,,,,,,,,,,,,,,,,,,,,,,,,,,,,,,,,,,,,,,,,,,,,,,,,,,,,,,,,,,,,,,,,,,,,,,,,,,,,,,,,,,,,,,,,,,,,,,,,,,,,,,
专用设备制造业,甘肃省,2,,1,,,1,,,,,,,2,,,,,,,,,,,,,,,,,,,1,1,,,,,,,,,,,,,,,,,,,,,,,,,,,,,,,,,,,,,,,,,,,,,,,,,,,,,,,,,,,,,,,,,,,,,,,,,,,,,,,,,,,,,,,,,,,,,,,,,,,,,,,,,,,,,,,,,,,,,,,,,,,,,,,,,,,,,,,,,,,,,,,,,,,,,,,,,,,,,,,,,,,,,,,,,,,,,,,,,,,,,,,,,,,,,,,,,,,,,,,,,,,,,,,,,,,,,,,,,,,,,,,,,,,,,,,,,,,,,,
信息传输、软件和信息技术服务业,甘肃省,0,,,,,,,,,,,,,,,,,,,,,,,,,,,,,,,,,,,,,,,,,,,,,,,,,,,,,,,,,,,,,,,,,,,,,,,,,,,,,,,,,,,,,,,,,,,,,,,,,,,,,,,,,,,,,,,,,,,,,,,,,,,,,,,,,,,,,,,,,,,,,,,,,,,,,,,,,,,,,,,,,,,,,,,,,,,,,,,,,,,,,,,,,,,,,,,,,,,,,,,,,,,,,,,,,,,,,,,,,,,,,,,,,,,,,,,,,,,,,,,,,,,,,,,,,,,,,,,,,,,,,,,,,,,,,,
电力、热力、燃气及水生产和供应业,甘肃省,1,,,,,1,,,,1,,,,,1,,,,,,,,,,,,,,,,,,,,,,,,,,,,,,,,,,,,,,,,,,,,,,,,,,,,,,,,,,,,,,,,,,,,,,,,,,,,,,,,,,,,,,,,,,,,,,,,,,,,,,,,,,,,,,,,,,,,,,,,,,,,,,,,,,,,,,,,,,,,,,,,,,,,,,,,,,,,,,,,,,,,,,,,,,,,,,,,,,,,,,,,,,,,,,,,,,,,,,,,,,,,,,,,,,,,,,,,,,,,,,,,,,,,,,,,,,,,,,,,,,,,,,,,,,,,,,,,
商业电气机械和器材制造业,甘肃省,2,,,,,1,,1,,1,,,1,1,,,,,,,,,,,,,,,,,,1,,,,,,,,,,,,,,,,,,,,,,,,,,,,,,,,,,,,,,,,,,,,,,,,,,,,,,,,,,,,,,,,,,,,,,,,,,,,,,,,,,,,,,,,,,,,,,,,,,,,,,,,,,,,,,,,,,,,,,,,,,,,,,,,,,,,,,,,,,,,,,,,,,,,,,,,,,,,,,,,,,,,,,,,,,,,,,,,,,,,,,,,,,,,,,,,,,,,,,,,,,,,,,,,,,,,,,,,,,,,,,,,,,,,,,,,,,,,,,,
批发和零售业,甘肃省,2,,,,,1,,1,,,,,2,,,,,,,,,,,,,,,,,,,1,,,1,,,,,,,,,,,,,,,,,,,,,,,,,,,,,,,,,,,,,,,,,,,,,,,,,,,,,,,,,,,,,,,,,,,,,,,,,,,,,,,,,,,,,,,,,,,,,,,,,,,,,,,,,,,,,,,,,,,,,,,,,,,,,,,,,,,,,,,,,,,,,,,,,,,,,,,,,,,,,,,,,,,,,,,,,,,,,,,,,,,,,,,,,,,,,,,,,,,,,,,,,,,,,,,,,,,,,,,,,,,,,,,,,,,,,,,,,,,,
金融业,甘肃省,2,,,,,2,,,,1,1,,,,1,,,,,,,,,1,,,,,,,,,,,,,,,,,,,,,,,,,,,,,,,,,,,,,,,,,,,,,,,,,,,,,,,,,,,,,,,,,,,,,,,,,,,,,,,,,,,,,,,,,,,,,,,,,,,,,,,,,,,,,,,,,,,,,,,,,,,,,,,,,,,,,,,,,,,,,,,,,,,,,,,,,,,,,,,,,,,,,,,,,,,,,,,,,,,,,,,,,,,,,,,,,,,,,,,,,,,,,,,,,,,,,,,,,,,,,,,,,,,,,,,,,,,,,,,,,,,,,,,
汽车制造业,甘肃省,1,,,,,,,1,,1,,,,1,,,,,,,,,,,,,,,,,,,,,,,,,,,,,,,,,,,,,,,,,,,,,,,,,,,,,,,,,,,,,,,,,,,,,,,,,,,,,,,,,,,,,,,,,,,,,,,,,,,,,,,,,,,,,,,,,,,,,,,,,,,,,,,,,,,,,,,,,,,,,,,,,,,,,,,,,,,,,,,,,,,,,,,,,,,,,,,,,,,,,,,,,,,,,,,,,,,,,,,,,,,,,,,,,,,,,,,,,,,,,,,,,,,,,,,,,,,,,,,,,,,,,,,,,,,,,,,,,
金属冶炼和压延加工业,甘肃省,2,,1,,,1,,,,,,,2,,,,,,,,,,,,,,,,,,,1,1,,,,,,,,,,,,,,,,,,,,,,,,,,,,,,,,,,,,,,,,,,,,,,,,,,,,,,,,,,,,,,,,,,,,,,,,,,,,,,,,,,,,,,,,,,,,,,,,,,,,,,,,,,,,,,,,,,,,,,,,,,,,,,,,,,,,,,,,,,,,,,,,,,,,,,,,,,,,,,,,,,,,,,,,,,,,,,,,,,,,,,,,,,,,,,,,,,,,,,,,,,,,,,,,,,,,,,,,,,,,,,,,,,,,,,,,,,,,,,
交通运输、仓储和邮政业,甘肃省,0,,,,,,,,,,,,,,,,,,,,,,,,,,,,,,,,,,,,,,,,,,,,,,,,,,,,,,,,,,,,,,,,,,,,,,,,,,,,,,,,,,,,,,,,,,,,,,,,,,,,,,,,,,,,,,,,,,,,,,,,,,,,,,,,,,,,,,,,,,,,,,,,,,,,,,,,,,,,,,,,,,,,,,,,,,,,,,,,,,,,,,,,,,,,,,,,,,,,,,,,,,,,,,,,,,,,,,,,,,,,,,,,,,,,,,,,,,,,,,,,,,,,,,,,,,,,,,,,,,,,,,,,,,,,,,
消费电子及电气业,甘肃省,0,,,,,,,,,,,,,,,,,,,,,,,,,,,,,,,,,,,,,,,,,,,,,,,,,,,,,,,,,,,,,,,,,,,,,,,,,,,,,,,,,,,,,,,,,,,,,,,,,,,,,,,,,,,,,,,,,,,,,,,,,,,,,,,,,,,,,,,,,,,,,,,,,,,,,,,,,,,,,,,,,,,,,,,,,,,,,,,,,,,,,,,,,,,,,,,,,,,,,,,,,,,,,,,,,,,,,,,,,,,,,,,,,,,,,,,,,,,,,,,,,,,,,,,,,,,,,,,,,,,,,,,,,,,,,,
房地产业,甘肃省,0,,,,,,,,,,,,,,,,,,,,,,,,,,,,,,,,,,,,,,,,,,,,,,,,,,,,,,,,,,,,,,,,,,,,,,,,,,,,,,,,,,,,,,,,,,,,,,,,,,,,,,,,,,,,,,,,,,,,,,,,,,,,,,,,,,,,,,,,,,,,,,,,,,,,,,,,,,,,,,,,,,,,,,,,,,,,,,,,,,,,,,,,,,,,,,,,,,,,,,,,,,,,,,,,,,,,,,,,,,,,,,,,,,,,,,,,,,,,,,,,,,,,,,,,,,,,,,,,,,,,,,,,,,,,,,
采矿业,甘肃省,3,,,,,1,,2,,2,,,1,1,1,,,,,,,,,,,,,,,,,,,,1,,,,,,,,,,,,,,,,,,,,,,,,,,,,,,,,,,,,,,,,,,,,,,,,,,,,,,,,,,,,,,,,,,,,,,,,,,,,,,,,,,,,,,,,,,,,,,,,,,,,,,,,,,,,,,,,,,,,,,,,,,,,,,,,,,,,,,,,,,,,,,,,,,,,,,,,,,,,,,,,,,,,,,,,,,,,,,,,,,,,,,,,,,,,,,,,,,,,,,,,,,,,,,,,,,,,,,,,,,,,,,,,,,,,,,,,,,,,
非金属矿物制品业,甘肃省,3,,1,,,,,2,,1,,,2,1,,,,,,,,,,,,,,,,,,,1,,1,,,,,,,,,,,,,,,,,,,,,,,,,,,,,,,,,,,,,,,,,,,,,,,,,,,,,,,,,,,,,,,,,,,,,,,,,,,,,,,,,,,,,,,,,,,,,,,,,,,,,,,,,,,,,,,,,,,,,,,,,,,,,,,,,,,,,,,,,,,,,,,,,,,,,,,,,,,,,,,,,,,,,,,,,,,,,,,,,,,,,,,,,,,,,,,,,,,,,,,,,,,,,,,,,,,,,,,,,,,,,,,,,,,,,,,,,,,,
通用设备制造业,甘肃省,0,,,,,,,,,,,,,,,,,,,,,,,,,,,,,,,,,,,,,,,,,,,,,,,,,,,,,,,,,,,,,,,,,,,,,,,,,,,,,,,,,,,,,,,,,,,,,,,,,,,,,,,,,,,,,,,,,,,,,,,,,,,,,,,,,,,,,,,,,,,,,,,,,,,,,,,,,,,,,,,,,,,,,,,,,,,,,,,,,,,,,,,,,,,,,,,,,,,,,,,,,,,,,,,,,,,,,,,,,,,,,,,,,,,,,,,,,,,,,,,,,,,,,,,,,,,,,,,,,,,,,,,,,,,,,,
半导体业,甘肃省,1,,,,,,,1,,1,,,,1,,,,,,,,,,,,,,,,,,,,,,,,,,,,,,,,,,,,,,,,,,,,,,,,,,,,,,,,,,,,,,,,,,,,,,,,,,,,,,,,,,,,,,,,,,,,,,,,,,,,,,,,,,,,,,,,,,,,,,,,,,,,,,,,,,,,,,,,,,,,,,,,,,,,,,,,,,,,,,,,,,,,,,,,,,,,,,,,,,,,,,,,,,,,,,,,,,,,,,,,,,,,,,,,,,,,,,,,,,,,,,,,,,,,,,,,,,,,,,,,,,,,,,,,,,,,,,,,,
建筑业,甘肃省,0,,,,,,,,,,,,,,,,,,,,,,,,,,,,,,,,,,,,,,,,,,,,,,,,,,,,,,,,,,,,,,,,,,,,,,,,,,,,,,,,,,,,,,,,,,,,,,,,,,,,,,,,,,,,,,,,,,,,,,,,,,,,,,,,,,,,,,,,,,,,,,,,,,,,,,,,,,,,,,,,,,,,,,,,,,,,,,,,,,,,,,,,,,,,,,,,,,,,,,,,,,,,,,,,,,,,,,,,,,,,,,,,,,,,,,,,,,,,,,,,,,,,,,,,,,,,,,,,,,,,,,,,,,,,,,
铁路、船舶、航空航天和其他运输设备制造业,甘肃省,0,,,,,,,,,,,,,,,,,,,,,,,,,,,,,,,,,,,,,,,,,,,,,,,,,,,,,,,,,,,,,,,,,,,,,,,,,,,,,,,,,,,,,,,,,,,,,,,,,,,,,,,,,,,,,,,,,,,,,,,,,,,,,,,,,,,,,,,,,,,,,,,,,,,,,,,,,,,,,,,,,,,,,,,,,,,,,,,,,,,,,,,,,,,,,,,,,,,,,,,,,,,,,,,,,,,,,,,,,,,,,,,,,,,,,,,,,,,,,,,,,,,,,,,,,,,,,,,,,,,,,,,,,,,,,,
水利、环境和公共设施管理业,甘肃省,0,,,,,,,,,,,,,,,,,,,,,,,,,,,,,,,,,,,,,,,,,,,,,,,,,,,,,,,,,,,,,,,,,,,,,,,,,,,,,,,,,,,,,,,,,,,,,,,,,,,,,,,,,,,,,,,,,,,,,,,,,,,,,,,,,,,,,,,,,,,,,,,,,,,,,,,,,,,,,,,,,,,,,,,,,,,,,,,,,,,,,,,,,,,,,,,,,,,,,,,,,,,,,,,,,,,,,,,,,,,,,,,,,,,,,,,,,,,,,,,,,,,,,,,,,,,,,,,,,,,,,,,,,,,,,,
科学研究和技术服务业,甘肃省,1,,,,,1,,,,1,,,,,1,,,,,,,,,,,,,,,,,,,,,,,,,,,,,,,,,,,,,,,,,,,,,,,,,,,,,,,,,,,,,,,,,,,,,,,,,,,,,,,,,,,,,,,,,,,,,,,,,,,,,,,,,,,,,,,,,,,,,,,,,,,,,,,,,,,,,,,,,,,,,,,,,,,,,,,,,,,,,,,,,,,,,,,,,,,,,,,,,,,,,,,,,,,,,,,,,,,,,,,,,,,,,,,,,,,,,,,,,,,,,,,,,,,,,,,,,,,,,,,,,,,,,,,,,,,,,,,,
纺织鞋服业,甘肃省,0,,,,,,,,,,,,,,,,,,,,,,,,,,,,,,,,,,,,,,,,,,,,,,,,,,,,,,,,,,,,,,,,,,,,,,,,,,,,,,,,,,,,,,,,,,,,,,,,,,,,,,,,,,,,,,,,,,,,,,,,,,,,,,,,,,,,,,,,,,,,,,,,,,,,,,,,,,,,,,,,,,,,,,,,,,,,,,,,,,,,,,,,,,,,,,,,,,,,,,,,,,,,,,,,,,,,,,,,,,,,,,,,,,,,,,,,,,,,,,,,,,,,,,,,,,,,,,,,,,,,,,,,,,,,,,
通信传输设备业,甘肃省,0,,,,,,,,,,,,,,,,,,,,,,,,,,,,,,,,,,,,,,,,,,,,,,,,,,,,,,,,,,,,,,,,,,,,,,,,,,,,,,,,,,,,,,,,,,,,,,,,,,,,,,,,,,,,,,,,,,,,,,,,,,,,,,,,,,,,,,,,,,,,,,,,,,,,,,,,,,,,,,,,,,,,,,,,,,,,,,,,,,,,,,,,,,,,,,,,,,,,,,,,,,,,,,,,,,,,,,,,,,,,,,,,,,,,,,,,,,,,,,,,,,,,,,,,,,,,,,,,,,,,,,,,,,,,,,
金属制品业,甘肃省,0,,,,,,,,,,,,,,,,,,,,,,,,,,,,,,,,,,,,,,,,,,,,,,,,,,,,,,,,,,,,,,,,,,,,,,,,,,,,,,,,,,,,,,,,,,,,,,,,,,,,,,,,,,,,,,,,,,,,,,,,,,,,,,,,,,,,,,,,,,,,,,,,,,,,,,,,,,,,,,,,,,,,,,,,,,,,,,,,,,,,,,,,,,,,,,,,,,,,,,,,,,,,,,,,,,,,,,,,,,,,,,,,,,,,,,,,,,,,,,,,,,,,,,,,,,,,,,,,,,,,,,,,,,,,,,
文化、体育和娱乐业,甘肃省,1,,,,,1,,,,,,,1,,,,,,,,,,,,,,,,,,,1,,,,,,,,,,,,,,,,,,,,,,,,,,,,,,,,,,,,,,,,,,,,,,,,,,,,,,,,,,,,,,,,,,,,,,,,,,,,,,,,,,,,,,,,,,,,,,,,,,,,,,,,,,,,,,,,,,,,,,,,,,,,,,,,,,,,,,,,,,,,,,,,,,,,,,,,,,,,,,,,,,,,,,,,,,,,,,,,,,,,,,,,,,,,,,,,,,,,,,,,,,,,,,,,,,,,,,,,,,,,,,,,,,,,,,,,,,,,,,,
橡胶和塑料制品业,甘肃省,1,,,,,,,1,,1,,,,1,,,,,,,,,,,,,,,,,,,,,,,,,,,,,,,,,,,,,,,,,,,,,,,,,,,,,,,,,,,,,,,,,,,,,,,,,,,,,,,,,,,,,,,,,,,,,,,,,,,,,,,,,,,,,,,,,,,,,,,,,,,,,,,,,,,,,,,,,,,,,,,,,,,,,,,,,,,,,,,,,,,,,,,,,,,,,,,,,,,,,,,,,,,,,,,,,,,,,,,,,,,,,,,,,,,,,,,,,,,,,,,,,,,,,,,,,,,,,,,,,,,,,,,,,,,,,,,,,
租赁和商务服务业,甘肃省,0,,,,,,,,,,,,,,,,,,,,,,,,,,,,,,,,,,,,,,,,,,,,,,,,,,,,,,,,,,,,,,,,,,,,,,,,,,,,,,,,,,,,,,,,,,,,,,,,,,,,,,,,,,,,,,,,,,,,,,,,,,,,,,,,,,,,,,,,,,,,,,,,,,,,,,,,,,,,,,,,,,,,,,,,,,,,,,,,,,,,,,,,,,,,,,,,,,,,,,,,,,,,,,,,,,,,,,,,,,,,,,,,,,,,,,,,,,,,,,,,,,,,,,,,,,,,,,,,,,,,,,,,,,,,,,
农、林、牧、渔业,甘肃省,3,,,,,2,,1,,1,,,2,1,,,,,,,,,,,,,,,,,,2,,,,,,,,,,,,,,,,,,,,,,,,,,,,,,,,,,,,,,,,,,,,,,,,,,,,,,,,,,,,,,,,,,,,,,,,,,,,,,,,,,,,,,,,,,,,,,,,,,,,,,,,,,,,,,,,,,,,,,,,,,,,,,,,,,,,,,,,,,,,,,,,,,,,,,,,,,,,,,,,,,,,,,,,,,,,,,,,,,,,,,,,,,,,,,,,,,,,,,,,,,,,,,,,,,,,,,,,,,,,,,,,,,,,,,,,,,,,,,,
仪器仪表制造业,甘肃省,0,,,,,,,,,,,,,,,,,,,,,,,,,,,,,,,,,,,,,,,,,,,,,,,,,,,,,,,,,,,,,,,,,,,,,,,,,,,,,,,,,,,,,,,,,,,,,,,,,,,,,,,,,,,,,,,,,,,,,,,,,,,,,,,,,,,,,,,,,,,,,,,,,,,,,,,,,,,,,,,,,,,,,,,,,,,,,,,,,,,,,,,,,,,,,,,,,,,,,,,,,,,,,,,,,,,,,,,,,,,,,,,,,,,,,,,,,,,,,,,,,,,,,,,,,,,,,,,,,,,,,,,,,,,,,,
造纸和纸制品业,甘肃省,0,,,,,,,,,,,,,,,,,,,,,,,,,,,,,,,,,,,,,,,,,,,,,,,,,,,,,,,,,,,,,,,,,,,,,,,,,,,,,,,,,,,,,,,,,,,,,,,,,,,,,,,,,,,,,,,,,,,,,,,,,,,,,,,,,,,,,,,,,,,,,,,,,,,,,,,,,,,,,,,,,,,,,,,,,,,,,,,,,,,,,,,,,,,,,,,,,,,,,,,,,,,,,,,,,,,,,,,,,,,,,,,,,,,,,,,,,,,,,,,,,,,,,,,,,,,,,,,,,,,,,,,,,,,,,,
其他制造业,甘肃省,0,,,,,,,,,,,,,,,,,,,,,,,,,,,,,,,,,,,,,,,,,,,,,,,,,,,,,,,,,,,,,,,,,,,,,,,,,,,,,,,,,,,,,,,,,,,,,,,,,,,,,,,,,,,,,,,,,,,,,,,,,,,,,,,,,,,,,,,,,,,,,,,,,,,,,,,,,,,,,,,,,,,,,,,,,,,,,,,,,,,,,,,,,,,,,,,,,,,,,,,,,,,,,,,,,,,,,,,,,,,,,,,,,,,,,,,,,,,,,,,,,,,,,,,,,,,,,,,,,,,,,,,,,,,,,,
教育,甘肃省,0,,,,,,,,,,,,,,,,,,,,,,,,,,,,,,,,,,,,,,,,,,,,,,,,,,,,,,,,,,,,,,,,,,,,,,,,,,,,,,,,,,,,,,,,,,,,,,,,,,,,,,,,,,,,,,,,,,,,,,,,,,,,,,,,,,,,,,,,,,,,,,,,,,,,,,,,,,,,,,,,,,,,,,,,,,,,,,,,,,,,,,,,,,,,,,,,,,,,,,,,,,,,,,,,,,,,,,,,,,,,,,,,,,,,,,,,,,,,,,,,,,,,,,,,,,,,,,,,,,,,,,,,,,,,,,
综合,甘肃省,0,,,,,,,,,,,,,,,,,,,,,,,,,,,,,,,,,,,,,,,,,,,,,,,,,,,,,,,,,,,,,,,,,,,,,,,,,,,,,,,,,,,,,,,,,,,,,,,,,,,,,,,,,,,,,,,,,,,,,,,,,,,,,,,,,,,,,,,,,,,,,,,,,,,,,,,,,,,,,,,,,,,,,,,,,,,,,,,,,,,,,,,,,,,,,,,,,,,,,,,,,,,,,,,,,,,,,,,,,,,,,,,,,,,,,,,,,,,,,,,,,,,,,,,,,,,,,,,,,,,,,,,,,,,,,,
废弃资源综合利用业,甘肃省,0,,,,,,,,,,,,,,,,,,,,,,,,,,,,,,,,,,,,,,,,,,,,,,,,,,,,,,,,,,,,,,,,,,,,,,,,,,,,,,,,,,,,,,,,,,,,,,,,,,,,,,,,,,,,,,,,,,,,,,,,,,,,,,,,,,,,,,,,,,,,,,,,,,,,,,,,,,,,,,,,,,,,,,,,,,,,,,,,,,,,,,,,,,,,,,,,,,,,,,,,,,,,,,,,,,,,,,,,,,,,,,,,,,,,,,,,,,,,,,,,,,,,,,,,,,,,,,,,,,,,,,,,,,,,,,
印刷和记录媒介复制业,甘肃省,0,,,,,,,,,,,,,,,,,,,,,,,,,,,,,,,,,,,,,,,,,,,,,,,,,,,,,,,,,,,,,,,,,,,,,,,,,,,,,,,,,,,,,,,,,,,,,,,,,,,,,,,,,,,,,,,,,,,,,,,,,,,,,,,,,,,,,,,,,,,,,,,,,,,,,,,,,,,,,,,,,,,,,,,,,,,,,,,,,,,,,,,,,,,,,,,,,,,,,,,,,,,,,,,,,,,,,,,,,,,,,,,,,,,,,,,,,,,,,,,,,,,,,,,,,,,,,,,,,,,,,,,,,,,,,,
卫生和社会工作,甘肃省,0,,,,,,,,,,,,,,,,,,,,,,,,,,,,,,,,,,,,,,,,,,,,,,,,,,,,,,,,,,,,,,,,,,,,,,,,,,,,,,,,,,,,,,,,,,,,,,,,,,,,,,,,,,,,,,,,,,,,,,,,,,,,,,,,,,,,,,,,,,,,,,,,,,,,,,,,,,,,,,,,,,,,,,,,,,,,,,,,,,,,,,,,,,,,,,,,,,,,,,,,,,,,,,,,,,,,,,,,,,,,,,,,,,,,,,,,,,,,,,,,,,,,,,,,,,,,,,,,,,,,,,,,,,,,,,
文教、工美、体育和娱乐用品制造业,甘肃省,0,,,,,,,,,,,,,,,,,,,,,,,,,,,,,,,,,,,,,,,,,,,,,,,,,,,,,,,,,,,,,,,,,,,,,,,,,,,,,,,,,,,,,,,,,,,,,,,,,,,,,,,,,,,,,,,,,,,,,,,,,,,,,,,,,,,,,,,,,,,,,,,,,,,,,,,,,,,,,,,,,,,,,,,,,,,,,,,,,,,,,,,,,,,,,,,,,,,,,,,,,,,,,,,,,,,,,,,,,,,,,,,,,,,,,,,,,,,,,,,,,,,,,,,,,,,,,,,,,,,,,,,,,,,,,,
石油加工、炼焦和核燃料加工业,甘肃省,0,,,,,,,,,,,,,,,,,,,,,,,,,,,,,,,,,,,,,,,,,,,,,,,,,,,,,,,,,,,,,,,,,,,,,,,,,,,,,,,,,,,,,,,,,,,,,,,,,,,,,,,,,,,,,,,,,,,,,,,,,,,,,,,,,,,,,,,,,,,,,,,,,,,,,,,,,,,,,,,,,,,,,,,,,,,,,,,,,,,,,,,,,,,,,,,,,,,,,,,,,,,,,,,,,,,,,,,,,,,,,,,,,,,,,,,,,,,,,,,,,,,,,,,,,,,,,,,,,,,,,,,,,,,,,,
化学纤维制造业,甘肃省,0,,,,,,,,,,,,,,,,,,,,,,,,,,,,,,,,,,,,,,,,,,,,,,,,,,,,,,,,,,,,,,,,,,,,,,,,,,,,,,,,,,,,,,,,,,,,,,,,,,,,,,,,,,,,,,,,,,,,,,,,,,,,,,,,,,,,,,,,,,,,,,,,,,,,,,,,,,,,,,,,,,,,,,,,,,,,,,,,,,,,,,,,,,,,,,,,,,,,,,,,,,,,,,,,,,,,,,,,,,,,,,,,,,,,,,,,,,,,,,,,,,,,,,,,,,,,,,,,,,,,,,,,,,,,,,
家具制造业,甘肃省,0,,,,,,,,,,,,,,,,,,,,,,,,,,,,,,,,,,,,,,,,,,,,,,,,,,,,,,,,,,,,,,,,,,,,,,,,,,,,,,,,,,,,,,,,,,,,,,,,,,,,,,,,,,,,,,,,,,,,,,,,,,,,,,,,,,,,,,,,,,,,,,,,,,,,,,,,,,,,,,,,,,,,,,,,,,,,,,,,,,,,,,,,,,,,,,,,,,,,,,,,,,,,,,,,,,,,,,,,,,,,,,,,,,,,,,,,,,,,,,,,,,,,,,,,,,,,,,,,,,,,,,,,,,,,,,
住宿和餐饮业,甘肃省,0,,,,,,,,,,,,,,,,,,,,,,,,,,,,,,,,,,,,,,,,,,,,,,,,,,,,,,,,,,,,,,,,,,,,,,,,,,,,,,,,,,,,,,,,,,,,,,,,,,,,,,,,,,,,,,,,,,,,,,,,,,,,,,,,,,,,,,,,,,,,,,,,,,,,,,,,,,,,,,,,,,,,,,,,,,,,,,,,,,,,,,,,,,,,,,,,,,,,,,,,,,,,,,,,,,,,,,,,,,,,,,,,,,,,,,,,,,,,,,,,,,,,,,,,,,,,,,,,,,,,,,,,,,,,,,
木材加工和木、竹、藤、棕、草制品业,甘肃省,0,,,,,,,,,,,,,,,,,,,,,,,,,,,,,,,,,,,,,,,,,,,,,,,,,,,,,,,,,,,,,,,,,,,,,,,,,,,,,,,,,,,,,,,,,,,,,,,,,,,,,,,,,,,,,,,,,,,,,,,,,,,,,,,,,,,,,,,,,,,,,,,,,,,,,,,,,,,,,,,,,,,,,,,,,,,,,,,,,,,,,,,,,,,,,,,,,,,,,,,,,,,,,,,,,,,,,,,,,,,,,,,,,,,,,,,,,,,,,,,,,,,,,,,,,,,,,,,,,,,,,,,,,,,,,,
居民服务、修理和其他服务业,甘肃省,0,,,,,,,,,,,,,,,,,,,,,,,,,,,,,,,,,,,,,,,,,,,,,,,,,,,,,,,,,,,,,,,,,,,,,,,,,,,,,,,,,,,,,,,,,,,,,,,,,,,,,,,,,,,,,,,,,,,,,,,,,,,,,,,,,,,,,,,,,,,,,,,,,,,,,,,,,,,,,,,,,,,,,,,,,,,,,,,,,,,,,,,,,,,,,,,,,,,,,,,,,,,,,,,,,,,,,,,,,,,,,,,,,,,,,,,,,,,,,,,,,,,,,,,,,,,,,,,,,,,,,,,,,,,,,,
医药制造业,内蒙古自治区,4,,,,,,,4,,2,,1,1,2,,,,,,,,,,,,,,,1,,,,,,1,,,,,,,,,,,,,,,,,,,,,,,,,,,,,,,,,,,,,,,,,,,,,,,,,,,,,,,,,,,,,,,,,,,,,,,,,,,,,,,,,,,,,,,,,,,,,,,,,,,,,,,,,,,,,,,,,,,,,,,,,,,,,,,,,,,,,,,,,,,,,,,,,,,,,,,,,,,,,,,,,,,,,,,,,,,,,,,,,,,,,,,,,,,,,,,,,,,,,,,,,,,,,,,,,,,,,,,,,,,,,,,,,,,,,,,,,,,,
化学原料和化学制品制造业,内蒙古自治区,4,,1,,,,,3,,1,,,3,1,,,,,,,,,,,,,,,,,,,1,,2,,,,,,,,,,,,,,,,,,,,,,,,,,,,,,,,,,,,,,,,,,,,,,,,,,,,,,,,,,,,,,,,,,,,,,,,,,,,,,,,,,,,,,,,,,,,,,,,,,,,,,,,,,,,,,,,,,,,,,,,,,,,,,,,,,,,,,,,,,,,,,,,,,,,,,,,,,,,,,,,,,,,,,,,,,,,,,,,,,,,,,,,,,,,,,,,,,,,,,,,,,,,,,,,,,,,,,,,,,,,,,,,,,,,,,,,,,,,
食品饮料业,内蒙古自治区,5,,2,,,,,3,,,3,,2,,,,,1,,2,,,,,,,,,,,,,,,2,,,,,,,,,,,,,,,,,,,,,,,,,,,,,,,,,,,,,,,,,,,,,,,,,,,,,,,,,,,,,,,,,,,,,,,,,,,,,,,,,,,,,,,,,,,,,,,,,,,,,,,,,,,,,,,,,,,,,,,,,,,,,,,,,,,,,,,,,,,,,,,,,,,,,,,,,,,,,,,,,,,,,,,,,,,,,,,,,,,,,,,,,,,,,,,,,,,,,,,,,,,,,,,,,,,,,,,,,,,,,,,,,,,,,,,,,,,,
专用设备制造业,内蒙古自治区,2,,1,,,,,1,,1,,,1,1,,,,,,,,,,,,,,,,,,,1,,,,,,,,,,,,,,,,,,,,,,,,,,,,,,,,,,,,,,,,,,,,,,,,,,,,,,,,,,,,,,,,,,,,,,,,,,,,,,,,,,,,,,,,,,,,,,,,,,,,,,,,,,,,,,,,,,,,,,,,,,,,,,,,,,,,,,,,,,,,,,,,,,,,,,,,,,,,,,,,,,,,,,,,,,,,,,,,,,,,,,,,,,,,,,,,,,,,,,,,,,,,,,,,,,,,,,,,,,,,,,,,,,,,,,,,,,,,,,
信息传输、软件和信息技术服务业,内蒙古自治区,0,,,,,,,,,,,,,,,,,,,,,,,,,,,,,,,,,,,,,,,,,,,,,,,,,,,,,,,,,,,,,,,,,,,,,,,,,,,,,,,,,,,,,,,,,,,,,,,,,,,,,,,,,,,,,,,,,,,,,,,,,,,,,,,,,,,,,,,,,,,,,,,,,,,,,,,,,,,,,,,,,,,,,,,,,,,,,,,,,,,,,,,,,,,,,,,,,,,,,,,,,,,,,,,,,,,,,,,,,,,,,,,,,,,,,,,,,,,,,,,,,,,,,,,,,,,,,,,,,,,,,,,,,,,,,,
电力、热力、燃气及水生产和供应业,内蒙古自治区,1,,1,,,,,,,,,,1,,,,,,,,,,,,,,,,,,,,1,,,,,,,,,,,,,,,,,,,,,,,,,,,,,,,,,,,,,,,,,,,,,,,,,,,,,,,,,,,,,,,,,,,,,,,,,,,,,,,,,,,,,,,,,,,,,,,,,,,,,,,,,,,,,,,,,,,,,,,,,,,,,,,,,,,,,,,,,,,,,,,,,,,,,,,,,,,,,,,,,,,,,,,,,,,,,,,,,,,,,,,,,,,,,,,,,,,,,,,,,,,,,,,,,,,,,,,,,,,,,,,,,,,,,,,,,,,,,,
商业电气机械和器材制造业,内蒙古自治区,0,,,,,,,,,,,,,,,,,,,,,,,,,,,,,,,,,,,,,,,,,,,,,,,,,,,,,,,,,,,,,,,,,,,,,,,,,,,,,,,,,,,,,,,,,,,,,,,,,,,,,,,,,,,,,,,,,,,,,,,,,,,,,,,,,,,,,,,,,,,,,,,,,,,,,,,,,,,,,,,,,,,,,,,,,,,,,,,,,,,,,,,,,,,,,,,,,,,,,,,,,,,,,,,,,,,,,,,,,,,,,,,,,,,,,,,,,,,,,,,,,,,,,,,,,,,,,,,,,,,,,,,,,,,,,,
批发和零售业,内蒙古自治区,0,,,,,,,,,,,,,,,,,,,,,,,,,,,,,,,,,,,,,,,,,,,,,,,,,,,,,,,,,,,,,,,,,,,,,,,,,,,,,,,,,,,,,,,,,,,,,,,,,,,,,,,,,,,,,,,,,,,,,,,,,,,,,,,,,,,,,,,,,,,,,,,,,,,,,,,,,,,,,,,,,,,,,,,,,,,,,,,,,,,,,,,,,,,,,,,,,,,,,,,,,,,,,,,,,,,,,,,,,,,,,,,,,,,,,,,,,,,,,,,,,,,,,,,,,,,,,,,,,,,,,,,,,,,,,,
金融业,内蒙古自治区,1,,,,,1,,,,,1,,,,,,,,,,,,,1,,,,,,,,,,,,,,,,,,,,,,,,,,,,,,,,,,,,,,,,,,,,,,,,,,,,,,,,,,,,,,,,,,,,,,,,,,,,,,,,,,,,,,,,,,,,,,,,,,,,,,,,,,,,,,,,,,,,,,,,,,,,,,,,,,,,,,,,,,,,,,,,,,,,,,,,,,,,,,,,,,,,,,,,,,,,,,,,,,,,,,,,,,,,,,,,,,,,,,,,,,,,,,,,,,,,,,,,,,,,,,,,,,,,,,,,,,,,,,,,,,,,,,,
汽车制造业,内蒙古自治区,0,,,,,,,,,,,,,,,,,,,,,,,,,,,,,,,,,,,,,,,,,,,,,,,,,,,,,,,,,,,,,,,,,,,,,,,,,,,,,,,,,,,,,,,,,,,,,,,,,,,,,,,,,,,,,,,,,,,,,,,,,,,,,,,,,,,,,,,,,,,,,,,,,,,,,,,,,,,,,,,,,,,,,,,,,,,,,,,,,,,,,,,,,,,,,,,,,,,,,,,,,,,,,,,,,,,,,,,,,,,,,,,,,,,,,,,,,,,,,,,,,,,,,,,,,,,,,,,,,,,,,,,,,,,,,,
金属冶炼和压延加工业,内蒙古自治区,3,,,,,2,,1,,,,,3,,,,,,,,,,,,,,,,,,,2,,,1,,,,,,,,,,,,,,,,,,,,,,,,,,,,,,,,,,,,,,,,,,,,,,,,,,,,,,,,,,,,,,,,,,,,,,,,,,,,,,,,,,,,,,,,,,,,,,,,,,,,,,,,,,,,,,,,,,,,,,,,,,,,,,,,,,,,,,,,,,,,,,,,,,,,,,,,,,,,,,,,,,,,,,,,,,,,,,,,,,,,,,,,,,,,,,,,,,,,,,,,,,,,,,,,,,,,,,,,,,,,,,,,,,,,,,,,,,,,
交通运输、仓储和邮政业,内蒙古自治区,0,,,,,,,,,,,,,,,,,,,,,,,,,,,,,,,,,,,,,,,,,,,,,,,,,,,,,,,,,,,,,,,,,,,,,,,,,,,,,,,,,,,,,,,,,,,,,,,,,,,,,,,,,,,,,,,,,,,,,,,,,,,,,,,,,,,,,,,,,,,,,,,,,,,,,,,,,,,,,,,,,,,,,,,,,,,,,,,,,,,,,,,,,,,,,,,,,,,,,,,,,,,,,,,,,,,,,,,,,,,,,,,,,,,,,,,,,,,,,,,,,,,,,,,,,,,,,,,,,,,,,,,,,,,,,,
消费电子及电气业,内蒙古自治区,0,,,,,,,,,,,,,,,,,,,,,,,,,,,,,,,,,,,,,,,,,,,,,,,,,,,,,,,,,,,,,,,,,,,,,,,,,,,,,,,,,,,,,,,,,,,,,,,,,,,,,,,,,,,,,,,,,,,,,,,,,,,,,,,,,,,,,,,,,,,,,,,,,,,,,,,,,,,,,,,,,,,,,,,,,,,,,,,,,,,,,,,,,,,,,,,,,,,,,,,,,,,,,,,,,,,,,,,,,,,,,,,,,,,,,,,,,,,,,,,,,,,,,,,,,,,,,,,,,,,,,,,,,,,,,,
房地产业,内蒙古自治区,0,,,,,,,,,,,,,,,,,,,,,,,,,,,,,,,,,,,,,,,,,,,,,,,,,,,,,,,,,,,,,,,,,,,,,,,,,,,,,,,,,,,,,,,,,,,,,,,,,,,,,,,,,,,,,,,,,,,,,,,,,,,,,,,,,,,,,,,,,,,,,,,,,,,,,,,,,,,,,,,,,,,,,,,,,,,,,,,,,,,,,,,,,,,,,,,,,,,,,,,,,,,,,,,,,,,,,,,,,,,,,,,,,,,,,,,,,,,,,,,,,,,,,,,,,,,,,,,,,,,,,,,,,,,,,,
采矿业,内蒙古自治区,8,,1,,,,1,6,,4,3,,1,3,,1,,2,1,,,,,,,,,,,,,,,,1,,,,,,,,,,,,,,,,,,,,,,,,,,,,,,,,,,,,,,,,,,,,,,,,,,,,,,,,,,,,,,,,,,,,,,,,,,,,,,,,,,,,,,,,,,,,,,,,,,,,,,,,,,,,,,,,,,,,,,,,,,,,,,,,,,,,,,,,,,,,,,,,,,,,,,,,,,,,,,,,,,,,,,,,,,,,,,,,,,,,,,,,,,,,,,,,,,,,,,,,,,,,,,,,,,,,,,,,,,,,,,,,,,,,,,,,,,,,
非金属矿物制品业,内蒙古自治区,0,,,,,,,,,,,,,,,,,,,,,,,,,,,,,,,,,,,,,,,,,,,,,,,,,,,,,,,,,,,,,,,,,,,,,,,,,,,,,,,,,,,,,,,,,,,,,,,,,,,,,,,,,,,,,,,,,,,,,,,,,,,,,,,,,,,,,,,,,,,,,,,,,,,,,,,,,,,,,,,,,,,,,,,,,,,,,,,,,,,,,,,,,,,,,,,,,,,,,,,,,,,,,,,,,,,,,,,,,,,,,,,,,,,,,,,,,,,,,,,,,,,,,,,,,,,,,,,,,,,,,,,,,,,,,,
通用设备制造业,内蒙古自治区,0,,,,,,,,,,,,,,,,,,,,,,,,,,,,,,,,,,,,,,,,,,,,,,,,,,,,,,,,,,,,,,,,,,,,,,,,,,,,,,,,,,,,,,,,,,,,,,,,,,,,,,,,,,,,,,,,,,,,,,,,,,,,,,,,,,,,,,,,,,,,,,,,,,,,,,,,,,,,,,,,,,,,,,,,,,,,,,,,,,,,,,,,,,,,,,,,,,,,,,,,,,,,,,,,,,,,,,,,,,,,,,,,,,,,,,,,,,,,,,,,,,,,,,,,,,,,,,,,,,,,,,,,,,,,,,
半导体业,内蒙古自治区,0,,,,,,,,,,,,,,,,,,,,,,,,,,,,,,,,,,,,,,,,,,,,,,,,,,,,,,,,,,,,,,,,,,,,,,,,,,,,,,,,,,,,,,,,,,,,,,,,,,,,,,,,,,,,,,,,,,,,,,,,,,,,,,,,,,,,,,,,,,,,,,,,,,,,,,,,,,,,,,,,,,,,,,,,,,,,,,,,,,,,,,,,,,,,,,,,,,,,,,,,,,,,,,,,,,,,,,,,,,,,,,,,,,,,,,,,,,,,,,,,,,,,,,,,,,,,,,,,,,,,,,,,,,,,,,
建筑业,内蒙古自治区,0,,,,,,,,,,,,,,,,,,,,,,,,,,,,,,,,,,,,,,,,,,,,,,,,,,,,,,,,,,,,,,,,,,,,,,,,,,,,,,,,,,,,,,,,,,,,,,,,,,,,,,,,,,,,,,,,,,,,,,,,,,,,,,,,,,,,,,,,,,,,,,,,,,,,,,,,,,,,,,,,,,,,,,,,,,,,,,,,,,,,,,,,,,,,,,,,,,,,,,,,,,,,,,,,,,,,,,,,,,,,,,,,,,,,,,,,,,,,,,,,,,,,,,,,,,,,,,,,,,,,,,,,,,,,,,
铁路、船舶、航空航天和其他运输设备制造业,内蒙古自治区,1,,1,,,,,,,,,,1,,,,,,,,,,,,,,,,,,,,1,,,,,,,,,,,,,,,,,,,,,,,,,,,,,,,,,,,,,,,,,,,,,,,,,,,,,,,,,,,,,,,,,,,,,,,,,,,,,,,,,,,,,,,,,,,,,,,,,,,,,,,,,,,,,,,,,,,,,,,,,,,,,,,,,,,,,,,,,,,,,,,,,,,,,,,,,,,,,,,,,,,,,,,,,,,,,,,,,,,,,,,,,,,,,,,,,,,,,,,,,,,,,,,,,,,,,,,,,,,,,,,,,,,,,,,,,,,,,,
水利、环境和公共设施管理业,内蒙古自治区,1,,,,,,,1,,1,,,,1,,,,,,,,,,,,,,,,,,,,,,,,,,,,,,,,,,,,,,,,,,,,,,,,,,,,,,,,,,,,,,,,,,,,,,,,,,,,,,,,,,,,,,,,,,,,,,,,,,,,,,,,,,,,,,,,,,,,,,,,,,,,,,,,,,,,,,,,,,,,,,,,,,,,,,,,,,,,,,,,,,,,,,,,,,,,,,,,,,,,,,,,,,,,,,,,,,,,,,,,,,,,,,,,,,,,,,,,,,,,,,,,,,,,,,,,,,,,,,,,,,,,,,,,,,,,,,,,,
科学研究和技术服务业,内蒙古自治区,0,,,,,,,,,,,,,,,,,,,,,,,,,,,,,,,,,,,,,,,,,,,,,,,,,,,,,,,,,,,,,,,,,,,,,,,,,,,,,,,,,,,,,,,,,,,,,,,,,,,,,,,,,,,,,,,,,,,,,,,,,,,,,,,,,,,,,,,,,,,,,,,,,,,,,,,,,,,,,,,,,,,,,,,,,,,,,,,,,,,,,,,,,,,,,,,,,,,,,,,,,,,,,,,,,,,,,,,,,,,,,,,,,,,,,,,,,,,,,,,,,,,,,,,,,,,,,,,,,,,,,,,,,,,,,,
纺织鞋服业,内蒙古自治区,0,,,,,,,,,,,,,,,,,,,,,,,,,,,,,,,,,,,,,,,,,,,,,,,,,,,,,,,,,,,,,,,,,,,,,,,,,,,,,,,,,,,,,,,,,,,,,,,,,,,,,,,,,,,,,,,,,,,,,,,,,,,,,,,,,,,,,,,,,,,,,,,,,,,,,,,,,,,,,,,,,,,,,,,,,,,,,,,,,,,,,,,,,,,,,,,,,,,,,,,,,,,,,,,,,,,,,,,,,,,,,,,,,,,,,,,,,,,,,,,,,,,,,,,,,,,,,,,,,,,,,,,,,,,,,,
通信传输设备业,内蒙古自治区,0,,,,,,,,,,,,,,,,,,,,,,,,,,,,,,,,,,,,,,,,,,,,,,,,,,,,,,,,,,,,,,,,,,,,,,,,,,,,,,,,,,,,,,,,,,,,,,,,,,,,,,,,,,,,,,,,,,,,,,,,,,,,,,,,,,,,,,,,,,,,,,,,,,,,,,,,,,,,,,,,,,,,,,,,,,,,,,,,,,,,,,,,,,,,,,,,,,,,,,,,,,,,,,,,,,,,,,,,,,,,,,,,,,,,,,,,,,,,,,,,,,,,,,,,,,,,,,,,,,,,,,,,,,,,,,
金属制品业,内蒙古自治区,0,,,,,,,,,,,,,,,,,,,,,,,,,,,,,,,,,,,,,,,,,,,,,,,,,,,,,,,,,,,,,,,,,,,,,,,,,,,,,,,,,,,,,,,,,,,,,,,,,,,,,,,,,,,,,,,,,,,,,,,,,,,,,,,,,,,,,,,,,,,,,,,,,,,,,,,,,,,,,,,,,,,,,,,,,,,,,,,,,,,,,,,,,,,,,,,,,,,,,,,,,,,,,,,,,,,,,,,,,,,,,,,,,,,,,,,,,,,,,,,,,,,,,,,,,,,,,,,,,,,,,,,,,,,,,,
文化、体育和娱乐业,内蒙古自治区,1,,,,,1,,,,,,,1,,,,,,,,,,,,,,,,,,,1,,,,,,,,,,,,,,,,,,,,,,,,,,,,,,,,,,,,,,,,,,,,,,,,,,,,,,,,,,,,,,,,,,,,,,,,,,,,,,,,,,,,,,,,,,,,,,,,,,,,,,,,,,,,,,,,,,,,,,,,,,,,,,,,,,,,,,,,,,,,,,,,,,,,,,,,,,,,,,,,,,,,,,,,,,,,,,,,,,,,,,,,,,,,,,,,,,,,,,,,,,,,,,,,,,,,,,,,,,,,,,,,,,,,,,,,,,,,,,,
橡胶和塑料制品业,内蒙古自治区,0,,,,,,,,,,,,,,,,,,,,,,,,,,,,,,,,,,,,,,,,,,,,,,,,,,,,,,,,,,,,,,,,,,,,,,,,,,,,,,,,,,,,,,,,,,,,,,,,,,,,,,,,,,,,,,,,,,,,,,,,,,,,,,,,,,,,,,,,,,,,,,,,,,,,,,,,,,,,,,,,,,,,,,,,,,,,,,,,,,,,,,,,,,,,,,,,,,,,,,,,,,,,,,,,,,,,,,,,,,,,,,,,,,,,,,,,,,,,,,,,,,,,,,,,,,,,,,,,,,,,,,,,,,,,,,
租赁和商务服务业,内蒙古自治区,0,,,,,,,,,,,,,,,,,,,,,,,,,,,,,,,,,,,,,,,,,,,,,,,,,,,,,,,,,,,,,,,,,,,,,,,,,,,,,,,,,,,,,,,,,,,,,,,,,,,,,,,,,,,,,,,,,,,,,,,,,,,,,,,,,,,,,,,,,,,,,,,,,,,,,,,,,,,,,,,,,,,,,,,,,,,,,,,,,,,,,,,,,,,,,,,,,,,,,,,,,,,,,,,,,,,,,,,,,,,,,,,,,,,,,,,,,,,,,,,,,,,,,,,,,,,,,,,,,,,,,,,,,,,,,,
农、林、牧、渔业,内蒙古自治区,0,,,,,,,,,,,,,,,,,,,,,,,,,,,,,,,,,,,,,,,,,,,,,,,,,,,,,,,,,,,,,,,,,,,,,,,,,,,,,,,,,,,,,,,,,,,,,,,,,,,,,,,,,,,,,,,,,,,,,,,,,,,,,,,,,,,,,,,,,,,,,,,,,,,,,,,,,,,,,,,,,,,,,,,,,,,,,,,,,,,,,,,,,,,,,,,,,,,,,,,,,,,,,,,,,,,,,,,,,,,,,,,,,,,,,,,,,,,,,,,,,,,,,,,,,,,,,,,,,,,,,,,,,,,,,,
仪器仪表制造业,内蒙古自治区,0,,,,,,,,,,,,,,,,,,,,,,,,,,,,,,,,,,,,,,,,,,,,,,,,,,,,,,,,,,,,,,,,,,,,,,,,,,,,,,,,,,,,,,,,,,,,,,,,,,,,,,,,,,,,,,,,,,,,,,,,,,,,,,,,,,,,,,,,,,,,,,,,,,,,,,,,,,,,,,,,,,,,,,,,,,,,,,,,,,,,,,,,,,,,,,,,,,,,,,,,,,,,,,,,,,,,,,,,,,,,,,,,,,,,,,,,,,,,,,,,,,,,,,,,,,,,,,,,,,,,,,,,,,,,,,
造纸和纸制品业,内蒙古自治区,0,,,,,,,,,,,,,,,,,,,,,,,,,,,,,,,,,,,,,,,,,,,,,,,,,,,,,,,,,,,,,,,,,,,,,,,,,,,,,,,,,,,,,,,,,,,,,,,,,,,,,,,,,,,,,,,,,,,,,,,,,,,,,,,,,,,,,,,,,,,,,,,,,,,,,,,,,,,,,,,,,,,,,,,,,,,,,,,,,,,,,,,,,,,,,,,,,,,,,,,,,,,,,,,,,,,,,,,,,,,,,,,,,,,,,,,,,,,,,,,,,,,,,,,,,,,,,,,,,,,,,,,,,,,,,,
其他制造业,内蒙古自治区,0,,,,,,,,,,,,,,,,,,,,,,,,,,,,,,,,,,,,,,,,,,,,,,,,,,,,,,,,,,,,,,,,,,,,,,,,,,,,,,,,,,,,,,,,,,,,,,,,,,,,,,,,,,,,,,,,,,,,,,,,,,,,,,,,,,,,,,,,,,,,,,,,,,,,,,,,,,,,,,,,,,,,,,,,,,,,,,,,,,,,,,,,,,,,,,,,,,,,,,,,,,,,,,,,,,,,,,,,,,,,,,,,,,,,,,,,,,,,,,,,,,,,,,,,,,,,,,,,,,,,,,,,,,,,,,
教育,内蒙古自治区,0,,,,,,,,,,,,,,,,,,,,,,,,,,,,,,,,,,,,,,,,,,,,,,,,,,,,,,,,,,,,,,,,,,,,,,,,,,,,,,,,,,,,,,,,,,,,,,,,,,,,,,,,,,,,,,,,,,,,,,,,,,,,,,,,,,,,,,,,,,,,,,,,,,,,,,,,,,,,,,,,,,,,,,,,,,,,,,,,,,,,,,,,,,,,,,,,,,,,,,,,,,,,,,,,,,,,,,,,,,,,,,,,,,,,,,,,,,,,,,,,,,,,,,,,,,,,,,,,,,,,,,,,,,,,,,
综合,内蒙古自治区,0,,,,,,,,,,,,,,,,,,,,,,,,,,,,,,,,,,,,,,,,,,,,,,,,,,,,,,,,,,,,,,,,,,,,,,,,,,,,,,,,,,,,,,,,,,,,,,,,,,,,,,,,,,,,,,,,,,,,,,,,,,,,,,,,,,,,,,,,,,,,,,,,,,,,,,,,,,,,,,,,,,,,,,,,,,,,,,,,,,,,,,,,,,,,,,,,,,,,,,,,,,,,,,,,,,,,,,,,,,,,,,,,,,,,,,,,,,,,,,,,,,,,,,,,,,,,,,,,,,,,,,,,,,,,,,
废弃资源综合利用业,内蒙古自治区,1,,,,,,,1,,1,,,,1,,,,,,,,,,,,,,,,,,,,,,,,,,,,,,,,,,,,,,,,,,,,,,,,,,,,,,,,,,,,,,,,,,,,,,,,,,,,,,,,,,,,,,,,,,,,,,,,,,,,,,,,,,,,,,,,,,,,,,,,,,,,,,,,,,,,,,,,,,,,,,,,,,,,,,,,,,,,,,,,,,,,,,,,,,,,,,,,,,,,,,,,,,,,,,,,,,,,,,,,,,,,,,,,,,,,,,,,,,,,,,,,,,,,,,,,,,,,,,,,,,,,,,,,,,,,,,,,,
印刷和记录媒介复制业,内蒙古自治区,0,,,,,,,,,,,,,,,,,,,,,,,,,,,,,,,,,,,,,,,,,,,,,,,,,,,,,,,,,,,,,,,,,,,,,,,,,,,,,,,,,,,,,,,,,,,,,,,,,,,,,,,,,,,,,,,,,,,,,,,,,,,,,,,,,,,,,,,,,,,,,,,,,,,,,,,,,,,,,,,,,,,,,,,,,,,,,,,,,,,,,,,,,,,,,,,,,,,,,,,,,,,,,,,,,,,,,,,,,,,,,,,,,,,,,,,,,,,,,,,,,,,,,,,,,,,,,,,,,,,,,,,,,,,,,,
卫生和社会工作,内蒙古自治区,0,,,,,,,,,,,,,,,,,,,,,,,,,,,,,,,,,,,,,,,,,,,,,,,,,,,,,,,,,,,,,,,,,,,,,,,,,,,,,,,,,,,,,,,,,,,,,,,,,,,,,,,,,,,,,,,,,,,,,,,,,,,,,,,,,,,,,,,,,,,,,,,,,,,,,,,,,,,,,,,,,,,,,,,,,,,,,,,,,,,,,,,,,,,,,,,,,,,,,,,,,,,,,,,,,,,,,,,,,,,,,,,,,,,,,,,,,,,,,,,,,,,,,,,,,,,,,,,,,,,,,,,,,,,,,,
文教、工美、体育和娱乐用品制造业,内蒙古自治区,0,,,,,,,,,,,,,,,,,,,,,,,,,,,,,,,,,,,,,,,,,,,,,,,,,,,,,,,,,,,,,,,,,,,,,,,,,,,,,,,,,,,,,,,,,,,,,,,,,,,,,,,,,,,,,,,,,,,,,,,,,,,,,,,,,,,,,,,,,,,,,,,,,,,,,,,,,,,,,,,,,,,,,,,,,,,,,,,,,,,,,,,,,,,,,,,,,,,,,,,,,,,,,,,,,,,,,,,,,,,,,,,,,,,,,,,,,,,,,,,,,,,,,,,,,,,,,,,,,,,,,,,,,,,,,,
石油加工、炼焦和核燃料加工业,内蒙古自治区,0,,,,,,,,,,,,,,,,,,,,,,,,,,,,,,,,,,,,,,,,,,,,,,,,,,,,,,,,,,,,,,,,,,,,,,,,,,,,,,,,,,,,,,,,,,,,,,,,,,,,,,,,,,,,,,,,,,,,,,,,,,,,,,,,,,,,,,,,,,,,,,,,,,,,,,,,,,,,,,,,,,,,,,,,,,,,,,,,,,,,,,,,,,,,,,,,,,,,,,,,,,,,,,,,,,,,,,,,,,,,,,,,,,,,,,,,,,,,,,,,,,,,,,,,,,,,,,,,,,,,,,,,,,,,,,
化学纤维制造业,内蒙古自治区,0,,,,,,,,,,,,,,,,,,,,,,,,,,,,,,,,,,,,,,,,,,,,,,,,,,,,,,,,,,,,,,,,,,,,,,,,,,,,,,,,,,,,,,,,,,,,,,,,,,,,,,,,,,,,,,,,,,,,,,,,,,,,,,,,,,,,,,,,,,,,,,,,,,,,,,,,,,,,,,,,,,,,,,,,,,,,,,,,,,,,,,,,,,,,,,,,,,,,,,,,,,,,,,,,,,,,,,,,,,,,,,,,,,,,,,,,,,,,,,,,,,,,,,,,,,,,,,,,,,,,,,,,,,,,,,
家具制造业,内蒙古自治区,0,,,,,,,,,,,,,,,,,,,,,,,,,,,,,,,,,,,,,,,,,,,,,,,,,,,,,,,,,,,,,,,,,,,,,,,,,,,,,,,,,,,,,,,,,,,,,,,,,,,,,,,,,,,,,,,,,,,,,,,,,,,,,,,,,,,,,,,,,,,,,,,,,,,,,,,,,,,,,,,,,,,,,,,,,,,,,,,,,,,,,,,,,,,,,,,,,,,,,,,,,,,,,,,,,,,,,,,,,,,,,,,,,,,,,,,,,,,,,,,,,,,,,,,,,,,,,,,,,,,,,,,,,,,,,,
住宿和餐饮业,内蒙古自治区,0,,,,,,,,,,,,,,,,,,,,,,,,,,,,,,,,,,,,,,,,,,,,,,,,,,,,,,,,,,,,,,,,,,,,,,,,,,,,,,,,,,,,,,,,,,,,,,,,,,,,,,,,,,,,,,,,,,,,,,,,,,,,,,,,,,,,,,,,,,,,,,,,,,,,,,,,,,,,,,,,,,,,,,,,,,,,,,,,,,,,,,,,,,,,,,,,,,,,,,,,,,,,,,,,,,,,,,,,,,,,,,,,,,,,,,,,,,,,,,,,,,,,,,,,,,,,,,,,,,,,,,,,,,,,,,
木材加工和木、竹、藤、棕、草制品业,内蒙古自治区,0,,,,,,,,,,,,,,,,,,,,,,,,,,,,,,,,,,,,,,,,,,,,,,,,,,,,,,,,,,,,,,,,,,,,,,,,,,,,,,,,,,,,,,,,,,,,,,,,,,,,,,,,,,,,,,,,,,,,,,,,,,,,,,,,,,,,,,,,,,,,,,,,,,,,,,,,,,,,,,,,,,,,,,,,,,,,,,,,,,,,,,,,,,,,,,,,,,,,,,,,,,,,,,,,,,,,,,,,,,,,,,,,,,,,,,,,,,,,,,,,,,,,,,,,,,,,,,,,,,,,,,,,,,,,,,
居民服务、修理和其他服务业,内蒙古自治区,0,,,,,,,,,,,,,,,,,,,,,,,,,,,,,,,,,,,,,,,,,,,,,,,,,,,,,,,,,,,,,,,,,,,,,,,,,,,,,,,,,,,,,,,,,,,,,,,,,,,,,,,,,,,,,,,,,,,,,,,,,,,,,,,,,,,,,,,,,,,,,,,,,,,,,,,,,,,,,,,,,,,,,,,,,,,,,,,,,,,,,,,,,,,,,,,,,,,,,,,,,,,,,,,,,,,,,,,,,,,,,,,,,,,,,,,,,,,,,,,,,,,,,,,,,,,,,,,,,,,,,,,,,,,,,,
医药制造业,宁夏回族自治区,0,,,,,,,,,,,,,,,,,,,,,,,,,,,,,,,,,,,,,,,,,,,,,,,,,,,,,,,,,,,,,,,,,,,,,,,,,,,,,,,,,,,,,,,,,,,,,,,,,,,,,,,,,,,,,,,,,,,,,,,,,,,,,,,,,,,,,,,,,,,,,,,,,,,,,,,,,,,,,,,,,,,,,,,,,,,,,,,,,,,,,,,,,,,,,,,,,,,,,,,,,,,,,,,,,,,,,,,,,,,,,,,,,,,,,,,,,,,,,,,,,,,,,,,,,,,,,,,,,,,,,,,,,,,,,,
化学原料和化学制品制造业,宁夏回族自治区,2,,,,,,,2,,,,,2,,,,,,,,,,,,,,,,,,,,,,2,,,,,,,,,,,,,,,,,,,,,,,,,,,,,,,,,,,,,,,,,,,,,,,,,,,,,,,,,,,,,,,,,,,,,,,,,,,,,,,,,,,,,,,,,,,,,,,,,,,,,,,,,,,,,,,,,,,,,,,,,,,,,,,,,,,,,,,,,,,,,,,,,,,,,,,,,,,,,,,,,,,,,,,,,,,,,,,,,,,,,,,,,,,,,,,,,,,,,,,,,,,,,,,,,,,,,,,,,,,,,,,,,,,,,,,,,,,,
食品饮料业,宁夏回族自治区,0,,,,,,,,,,,,,,,,,,,,,,,,,,,,,,,,,,,,,,,,,,,,,,,,,,,,,,,,,,,,,,,,,,,,,,,,,,,,,,,,,,,,,,,,,,,,,,,,,,,,,,,,,,,,,,,,,,,,,,,,,,,,,,,,,,,,,,,,,,,,,,,,,,,,,,,,,,,,,,,,,,,,,,,,,,,,,,,,,,,,,,,,,,,,,,,,,,,,,,,,,,,,,,,,,,,,,,,,,,,,,,,,,,,,,,,,,,,,,,,,,,,,,,,,,,,,,,,,,,,,,,,,,,,,,,
专用设备制造业,宁夏回族自治区,0,,,,,,,,,,,,,,,,,,,,,,,,,,,,,,,,,,,,,,,,,,,,,,,,,,,,,,,,,,,,,,,,,,,,,,,,,,,,,,,,,,,,,,,,,,,,,,,,,,,,,,,,,,,,,,,,,,,,,,,,,,,,,,,,,,,,,,,,,,,,,,,,,,,,,,,,,,,,,,,,,,,,,,,,,,,,,,,,,,,,,,,,,,,,,,,,,,,,,,,,,,,,,,,,,,,,,,,,,,,,,,,,,,,,,,,,,,,,,,,,,,,,,,,,,,,,,,,,,,,,,,,,,,,,,,
信息传输、软件和信息技术服务业,宁夏回族自治区,0,,,,,,,,,,,,,,,,,,,,,,,,,,,,,,,,,,,,,,,,,,,,,,,,,,,,,,,,,,,,,,,,,,,,,,,,,,,,,,,,,,,,,,,,,,,,,,,,,,,,,,,,,,,,,,,,,,,,,,,,,,,,,,,,,,,,,,,,,,,,,,,,,,,,,,,,,,,,,,,,,,,,,,,,,,,,,,,,,,,,,,,,,,,,,,,,,,,,,,,,,,,,,,,,,,,,,,,,,,,,,,,,,,,,,,,,,,,,,,,,,,,,,,,,,,,,,,,,,,,,,,,,,,,,,,
电力、热力、燃气及水生产和供应业,宁夏回族自治区,3,,1,,,,,2,,1,,1,1,,,1,,,,,,,,,,,,,1,,,,,,1,,,,,,,,,,,,,,,,,,,,,,,,,,,,,,,,,,,,,,,,,,,,,,,,,,,,,,,,,,,,,,,,,,,,,,,,,,,,,,,,,,,,,,,,,,,,,,,,,,,,,,,,,,,,,,,,,,,,,,,,,,,,,,,,,,,,,,,,,,,,,,,,,,,,,,,,,,,,,,,,,,,,,,,,,,,,,,,,,,,,,,,,,,,,,,,,,,,,,,,,,,,,,,,,,,,,,,,,,,,,,,,,,,,,,,,,,,,,
商业电气机械和器材制造业,宁夏回族自治区,0,,,,,,,,,,,,,,,,,,,,,,,,,,,,,,,,,,,,,,,,,,,,,,,,,,,,,,,,,,,,,,,,,,,,,,,,,,,,,,,,,,,,,,,,,,,,,,,,,,,,,,,,,,,,,,,,,,,,,,,,,,,,,,,,,,,,,,,,,,,,,,,,,,,,,,,,,,,,,,,,,,,,,,,,,,,,,,,,,,,,,,,,,,,,,,,,,,,,,,,,,,,,,,,,,,,,,,,,,,,,,,,,,,,,,,,,,,,,,,,,,,,,,,,,,,,,,,,,,,,,,,,,,,,,,,
批发和零售业,宁夏回族自治区,1,,,,,,,1,,,,,1,,,,,,,,,,,,,,,,,,,,,,1,,,,,,,,,,,,,,,,,,,,,,,,,,,,,,,,,,,,,,,,,,,,,,,,,,,,,,,,,,,,,,,,,,,,,,,,,,,,,,,,,,,,,,,,,,,,,,,,,,,,,,,,,,,,,,,,,,,,,,,,,,,,,,,,,,,,,,,,,,,,,,,,,,,,,,,,,,,,,,,,,,,,,,,,,,,,,,,,,,,,,,,,,,,,,,,,,,,,,,,,,,,,,,,,,,,,,,,,,,,,,,,,,,,,,,,,,,,,
金融业,宁夏回族自治区,0,,,,,,,,,,,,,,,,,,,,,,,,,,,,,,,,,,,,,,,,,,,,,,,,,,,,,,,,,,,,,,,,,,,,,,,,,,,,,,,,,,,,,,,,,,,,,,,,,,,,,,,,,,,,,,,,,,,,,,,,,,,,,,,,,,,,,,,,,,,,,,,,,,,,,,,,,,,,,,,,,,,,,,,,,,,,,,,,,,,,,,,,,,,,,,,,,,,,,,,,,,,,,,,,,,,,,,,,,,,,,,,,,,,,,,,,,,,,,,,,,,,,,,,,,,,,,,,,,,,,,,,,,,,,,,
汽车制造业,宁夏回族自治区,0,,,,,,,,,,,,,,,,,,,,,,,,,,,,,,,,,,,,,,,,,,,,,,,,,,,,,,,,,,,,,,,,,,,,,,,,,,,,,,,,,,,,,,,,,,,,,,,,,,,,,,,,,,,,,,,,,,,,,,,,,,,,,,,,,,,,,,,,,,,,,,,,,,,,,,,,,,,,,,,,,,,,,,,,,,,,,,,,,,,,,,,,,,,,,,,,,,,,,,,,,,,,,,,,,,,,,,,,,,,,,,,,,,,,,,,,,,,,,,,,,,,,,,,,,,,,,,,,,,,,,,,,,,,,,,
金属冶炼和压延加工业,宁夏回族自治区,1,,1,,,,,,,1,,,,,,1,,,,,,,,,,,,,,,,,,,,,,,,,,,,,,,,,,,,,,,,,,,,,,,,,,,,,,,,,,,,,,,,,,,,,,,,,,,,,,,,,,,,,,,,,,,,,,,,,,,,,,,,,,,,,,,,,,,,,,,,,,,,,,,,,,,,,,,,,,,,,,,,,,,,,,,,,,,,,,,,,,,,,,,,,,,,,,,,,,,,,,,,,,,,,,,,,,,,,,,,,,,,,,,,,,,,,,,,,,,,,,,,,,,,,,,,,,,,,,,,,,,,,,,,,,,,,,,
交通运输、仓储和邮政业,宁夏回族自治区,1,,,,,1,,,,1,,,,,1,,,,,,,,,,,,,,,,,,,,,,,,,,,,,,,,,,,,,,,,,,,,,,,,,,,,,,,,,,,,,,,,,,,,,,,,,,,,,,,,,,,,,,,,,,,,,,,,,,,,,,,,,,,,,,,,,,,,,,,,,,,,,,,,,,,,,,,,,,,,,,,,,,,,,,,,,,,,,,,,,,,,,,,,,,,,,,,,,,,,,,,,,,,,,,,,,,,,,,,,,,,,,,,,,,,,,,,,,,,,,,,,,,,,,,,,,,,,,,,,,,,,,,,,,,,,,,,,
消费电子及电气业,宁夏回族自治区,0,,,,,,,,,,,,,,,,,,,,,,,,,,,,,,,,,,,,,,,,,,,,,,,,,,,,,,,,,,,,,,,,,,,,,,,,,,,,,,,,,,,,,,,,,,,,,,,,,,,,,,,,,,,,,,,,,,,,,,,,,,,,,,,,,,,,,,,,,,,,,,,,,,,,,,,,,,,,,,,,,,,,,,,,,,,,,,,,,,,,,,,,,,,,,,,,,,,,,,,,,,,,,,,,,,,,,,,,,,,,,,,,,,,,,,,,,,,,,,,,,,,,,,,,,,,,,,,,,,,,,,,,,,,,,,
房地产业,宁夏回族自治区,0,,,,,,,,,,,,,,,,,,,,,,,,,,,,,,,,,,,,,,,,,,,,,,,,,,,,,,,,,,,,,,,,,,,,,,,,,,,,,,,,,,,,,,,,,,,,,,,,,,,,,,,,,,,,,,,,,,,,,,,,,,,,,,,,,,,,,,,,,,,,,,,,,,,,,,,,,,,,,,,,,,,,,,,,,,,,,,,,,,,,,,,,,,,,,,,,,,,,,,,,,,,,,,,,,,,,,,,,,,,,,,,,,,,,,,,,,,,,,,,,,,,,,,,,,,,,,,,,,,,,,,,,,,,,,,
采矿业,宁夏回族自治区,0,,,,,,,,,,,,,,,,,,,,,,,,,,,,,,,,,,,,,,,,,,,,,,,,,,,,,,,,,,,,,,,,,,,,,,,,,,,,,,,,,,,,,,,,,,,,,,,,,,,,,,,,,,,,,,,,,,,,,,,,,,,,,,,,,,,,,,,,,,,,,,,,,,,,,,,,,,,,,,,,,,,,,,,,,,,,,,,,,,,,,,,,,,,,,,,,,,,,,,,,,,,,,,,,,,,,,,,,,,,,,,,,,,,,,,,,,,,,,,,,,,,,,,,,,,,,,,,,,,,,,,,,,,,,,,
非金属矿物制品业,宁夏回族自治区,2,,1,,,,,1,,1,,,1,1,,,,,,,,,,,,,,,,,,,1,,,,,,,,,,,,,,,,,,,,,,,,,,,,,,,,,,,,,,,,,,,,,,,,,,,,,,,,,,,,,,,,,,,,,,,,,,,,,,,,,,,,,,,,,,,,,,,,,,,,,,,,,,,,,,,,,,,,,,,,,,,,,,,,,,,,,,,,,,,,,,,,,,,,,,,,,,,,,,,,,,,,,,,,,,,,,,,,,,,,,,,,,,,,,,,,,,,,,,,,,,,,,,,,,,,,,,,,,,,,,,,,,,,,,,,,,,,,,,
通用设备制造业,宁夏回族自治区,1,,,,,1,,,,1,,,,,1,,,,,,,,,,,,,,,,,,,,,,,,,,,,,,,,,,,,,,,,,,,,,,,,,,,,,,,,,,,,,,,,,,,,,,,,,,,,,,,,,,,,,,,,,,,,,,,,,,,,,,,,,,,,,,,,,,,,,,,,,,,,,,,,,,,,,,,,,,,,,,,,,,,,,,,,,,,,,,,,,,,,,,,,,,,,,,,,,,,,,,,,,,,,,,,,,,,,,,,,,,,,,,,,,,,,,,,,,,,,,,,,,,,,,,,,,,,,,,,,,,,,,,,,,,,,,,,,
半导体业,宁夏回族自治区,0,,,,,,,,,,,,,,,,,,,,,,,,,,,,,,,,,,,,,,,,,,,,,,,,,,,,,,,,,,,,,,,,,,,,,,,,,,,,,,,,,,,,,,,,,,,,,,,,,,,,,,,,,,,,,,,,,,,,,,,,,,,,,,,,,,,,,,,,,,,,,,,,,,,,,,,,,,,,,,,,,,,,,,,,,,,,,,,,,,,,,,,,,,,,,,,,,,,,,,,,,,,,,,,,,,,,,,,,,,,,,,,,,,,,,,,,,,,,,,,,,,,,,,,,,,,,,,,,,,,,,,,,,,,,,,
建筑业,宁夏回族自治区,0,,,,,,,,,,,,,,,,,,,,,,,,,,,,,,,,,,,,,,,,,,,,,,,,,,,,,,,,,,,,,,,,,,,,,,,,,,,,,,,,,,,,,,,,,,,,,,,,,,,,,,,,,,,,,,,,,,,,,,,,,,,,,,,,,,,,,,,,,,,,,,,,,,,,,,,,,,,,,,,,,,,,,,,,,,,,,,,,,,,,,,,,,,,,,,,,,,,,,,,,,,,,,,,,,,,,,,,,,,,,,,,,,,,,,,,,,,,,,,,,,,,,,,,,,,,,,,,,,,,,,,,,,,,,,,
铁路、船舶、航空航天和其他运输设备制造业,宁夏回族自治区,0,,,,,,,,,,,,,,,,,,,,,,,,,,,,,,,,,,,,,,,,,,,,,,,,,,,,,,,,,,,,,,,,,,,,,,,,,,,,,,,,,,,,,,,,,,,,,,,,,,,,,,,,,,,,,,,,,,,,,,,,,,,,,,,,,,,,,,,,,,,,,,,,,,,,,,,,,,,,,,,,,,,,,,,,,,,,,,,,,,,,,,,,,,,,,,,,,,,,,,,,,,,,,,,,,,,,,,,,,,,,,,,,,,,,,,,,,,,,,,,,,,,,,,,,,,,,,,,,,,,,,,,,,,,,,,
水利、环境和公共设施管理业,宁夏回族自治区,0,,,,,,,,,,,,,,,,,,,,,,,,,,,,,,,,,,,,,,,,,,,,,,,,,,,,,,,,,,,,,,,,,,,,,,,,,,,,,,,,,,,,,,,,,,,,,,,,,,,,,,,,,,,,,,,,,,,,,,,,,,,,,,,,,,,,,,,,,,,,,,,,,,,,,,,,,,,,,,,,,,,,,,,,,,,,,,,,,,,,,,,,,,,,,,,,,,,,,,,,,,,,,,,,,,,,,,,,,,,,,,,,,,,,,,,,,,,,,,,,,,,,,,,,,,,,,,,,,,,,,,,,,,,,,,
科学研究和技术服务业,宁夏回族自治区,0,,,,,,,,,,,,,,,,,,,,,,,,,,,,,,,,,,,,,,,,,,,,,,,,,,,,,,,,,,,,,,,,,,,,,,,,,,,,,,,,,,,,,,,,,,,,,,,,,,,,,,,,,,,,,,,,,,,,,,,,,,,,,,,,,,,,,,,,,,,,,,,,,,,,,,,,,,,,,,,,,,,,,,,,,,,,,,,,,,,,,,,,,,,,,,,,,,,,,,,,,,,,,,,,,,,,,,,,,,,,,,,,,,,,,,,,,,,,,,,,,,,,,,,,,,,,,,,,,,,,,,,,,,,,,,
纺织鞋服业,宁夏回族自治区,1,,,,,,,1,,1,,,,1,,,,,,,,,,,,,,,,,,,,,,,,,,,,,,,,,,,,,,,,,,,,,,,,,,,,,,,,,,,,,,,,,,,,,,,,,,,,,,,,,,,,,,,,,,,,,,,,,,,,,,,,,,,,,,,,,,,,,,,,,,,,,,,,,,,,,,,,,,,,,,,,,,,,,,,,,,,,,,,,,,,,,,,,,,,,,,,,,,,,,,,,,,,,,,,,,,,,,,,,,,,,,,,,,,,,,,,,,,,,,,,,,,,,,,,,,,,,,,,,,,,,,,,,,,,,,,,,,
通信传输设备业,宁夏回族自治区,0,,,,,,,,,,,,,,,,,,,,,,,,,,,,,,,,,,,,,,,,,,,,,,,,,,,,,,,,,,,,,,,,,,,,,,,,,,,,,,,,,,,,,,,,,,,,,,,,,,,,,,,,,,,,,,,,,,,,,,,,,,,,,,,,,,,,,,,,,,,,,,,,,,,,,,,,,,,,,,,,,,,,,,,,,,,,,,,,,,,,,,,,,,,,,,,,,,,,,,,,,,,,,,,,,,,,,,,,,,,,,,,,,,,,,,,,,,,,,,,,,,,,,,,,,,,,,,,,,,,,,,,,,,,,,,
金属制品业,宁夏回族自治区,0,,,,,,,,,,,,,,,,,,,,,,,,,,,,,,,,,,,,,,,,,,,,,,,,,,,,,,,,,,,,,,,,,,,,,,,,,,,,,,,,,,,,,,,,,,,,,,,,,,,,,,,,,,,,,,,,,,,,,,,,,,,,,,,,,,,,,,,,,,,,,,,,,,,,,,,,,,,,,,,,,,,,,,,,,,,,,,,,,,,,,,,,,,,,,,,,,,,,,,,,,,,,,,,,,,,,,,,,,,,,,,,,,,,,,,,,,,,,,,,,,,,,,,,,,,,,,,,,,,,,,,,,,,,,,,
文化、体育和娱乐业,宁夏回族自治区,0,,,,,,,,,,,,,,,,,,,,,,,,,,,,,,,,,,,,,,,,,,,,,,,,,,,,,,,,,,,,,,,,,,,,,,,,,,,,,,,,,,,,,,,,,,,,,,,,,,,,,,,,,,,,,,,,,,,,,,,,,,,,,,,,,,,,,,,,,,,,,,,,,,,,,,,,,,,,,,,,,,,,,,,,,,,,,,,,,,,,,,,,,,,,,,,,,,,,,,,,,,,,,,,,,,,,,,,,,,,,,,,,,,,,,,,,,,,,,,,,,,,,,,,,,,,,,,,,,,,,,,,,,,,,,,
橡胶和塑料制品业,宁夏回族自治区,1,,1,,,,,,,1,,,,,,1,,,,,,,,,,,,,,,,,,,,,,,,,,,,,,,,,,,,,,,,,,,,,,,,,,,,,,,,,,,,,,,,,,,,,,,,,,,,,,,,,,,,,,,,,,,,,,,,,,,,,,,,,,,,,,,,,,,,,,,,,,,,,,,,,,,,,,,,,,,,,,,,,,,,,,,,,,,,,,,,,,,,,,,,,,,,,,,,,,,,,,,,,,,,,,,,,,,,,,,,,,,,,,,,,,,,,,,,,,,,,,,,,,,,,,,,,,,,,,,,,,,,,,,,,,,,,,,
租赁和商务服务业,宁夏回族自治区,0,,,,,,,,,,,,,,,,,,,,,,,,,,,,,,,,,,,,,,,,,,,,,,,,,,,,,,,,,,,,,,,,,,,,,,,,,,,,,,,,,,,,,,,,,,,,,,,,,,,,,,,,,,,,,,,,,,,,,,,,,,,,,,,,,,,,,,,,,,,,,,,,,,,,,,,,,,,,,,,,,,,,,,,,,,,,,,,,,,,,,,,,,,,,,,,,,,,,,,,,,,,,,,,,,,,,,,,,,,,,,,,,,,,,,,,,,,,,,,,,,,,,,,,,,,,,,,,,,,,,,,,,,,,,,,
农、林、牧、渔业,宁夏回族自治区,1,,,,,,,1,,1,,,,1,,,,,,,,,,,,,,,,,,,,,,,,,,,,,,,,,,,,,,,,,,,,,,,,,,,,,,,,,,,,,,,,,,,,,,,,,,,,,,,,,,,,,,,,,,,,,,,,,,,,,,,,,,,,,,,,,,,,,,,,,,,,,,,,,,,,,,,,,,,,,,,,,,,,,,,,,,,,,,,,,,,,,,,,,,,,,,,,,,,,,,,,,,,,,,,,,,,,,,,,,,,,,,,,,,,,,,,,,,,,,,,,,,,,,,,,,,,,,,,,,,,,,,,,,,,,,,,,,
仪器仪表制造业,宁夏回族自治区,0,,,,,,,,,,,,,,,,,,,,,,,,,,,,,,,,,,,,,,,,,,,,,,,,,,,,,,,,,,,,,,,,,,,,,,,,,,,,,,,,,,,,,,,,,,,,,,,,,,,,,,,,,,,,,,,,,,,,,,,,,,,,,,,,,,,,,,,,,,,,,,,,,,,,,,,,,,,,,,,,,,,,,,,,,,,,,,,,,,,,,,,,,,,,,,,,,,,,,,,,,,,,,,,,,,,,,,,,,,,,,,,,,,,,,,,,,,,,,,,,,,,,,,,,,,,,,,,,,,,,,,,,,,,,,,
造纸和纸制品业,宁夏回族自治区,1,,1,,,,,,,1,,,,,,1,,,,,,,,,,,,,,,,,,,,,,,,,,,,,,,,,,,,,,,,,,,,,,,,,,,,,,,,,,,,,,,,,,,,,,,,,,,,,,,,,,,,,,,,,,,,,,,,,,,,,,,,,,,,,,,,,,,,,,,,,,,,,,,,,,,,,,,,,,,,,,,,,,,,,,,,,,,,,,,,,,,,,,,,,,,,,,,,,,,,,,,,,,,,,,,,,,,,,,,,,,,,,,,,,,,,,,,,,,,,,,,,,,,,,,,,,,,,,,,,,,,,,,,,,,,,,,,
其他制造业,宁夏回族自治区,0,,,,,,,,,,,,,,,,,,,,,,,,,,,,,,,,,,,,,,,,,,,,,,,,,,,,,,,,,,,,,,,,,,,,,,,,,,,,,,,,,,,,,,,,,,,,,,,,,,,,,,,,,,,,,,,,,,,,,,,,,,,,,,,,,,,,,,,,,,,,,,,,,,,,,,,,,,,,,,,,,,,,,,,,,,,,,,,,,,,,,,,,,,,,,,,,,,,,,,,,,,,,,,,,,,,,,,,,,,,,,,,,,,,,,,,,,,,,,,,,,,,,,,,,,,,,,,,,,,,,,,,,,,,,,,
教育,宁夏回族自治区,0,,,,,,,,,,,,,,,,,,,,,,,,,,,,,,,,,,,,,,,,,,,,,,,,,,,,,,,,,,,,,,,,,,,,,,,,,,,,,,,,,,,,,,,,,,,,,,,,,,,,,,,,,,,,,,,,,,,,,,,,,,,,,,,,,,,,,,,,,,,,,,,,,,,,,,,,,,,,,,,,,,,,,,,,,,,,,,,,,,,,,,,,,,,,,,,,,,,,,,,,,,,,,,,,,,,,,,,,,,,,,,,,,,,,,,,,,,,,,,,,,,,,,,,,,,,,,,,,,,,,,,,,,,,,,,
综合,宁夏回族自治区,0,,,,,,,,,,,,,,,,,,,,,,,,,,,,,,,,,,,,,,,,,,,,,,,,,,,,,,,,,,,,,,,,,,,,,,,,,,,,,,,,,,,,,,,,,,,,,,,,,,,,,,,,,,,,,,,,,,,,,,,,,,,,,,,,,,,,,,,,,,,,,,,,,,,,,,,,,,,,,,,,,,,,,,,,,,,,,,,,,,,,,,,,,,,,,,,,,,,,,,,,,,,,,,,,,,,,,,,,,,,,,,,,,,,,,,,,,,,,,,,,,,,,,,,,,,,,,,,,,,,,,,,,,,,,,,
废弃资源综合利用业,宁夏回族自治区,0,,,,,,,,,,,,,,,,,,,,,,,,,,,,,,,,,,,,,,,,,,,,,,,,,,,,,,,,,,,,,,,,,,,,,,,,,,,,,,,,,,,,,,,,,,,,,,,,,,,,,,,,,,,,,,,,,,,,,,,,,,,,,,,,,,,,,,,,,,,,,,,,,,,,,,,,,,,,,,,,,,,,,,,,,,,,,,,,,,,,,,,,,,,,,,,,,,,,,,,,,,,,,,,,,,,,,,,,,,,,,,,,,,,,,,,,,,,,,,,,,,,,,,,,,,,,,,,,,,,,,,,,,,,,,,
印刷和记录媒介复制业,宁夏回族自治区,0,,,,,,,,,,,,,,,,,,,,,,,,,,,,,,,,,,,,,,,,,,,,,,,,,,,,,,,,,,,,,,,,,,,,,,,,,,,,,,,,,,,,,,,,,,,,,,,,,,,,,,,,,,,,,,,,,,,,,,,,,,,,,,,,,,,,,,,,,,,,,,,,,,,,,,,,,,,,,,,,,,,,,,,,,,,,,,,,,,,,,,,,,,,,,,,,,,,,,,,,,,,,,,,,,,,,,,,,,,,,,,,,,,,,,,,,,,,,,,,,,,,,,,,,,,,,,,,,,,,,,,,,,,,,,,
卫生和社会工作,宁夏回族自治区,0,,,,,,,,,,,,,,,,,,,,,,,,,,,,,,,,,,,,,,,,,,,,,,,,,,,,,,,,,,,,,,,,,,,,,,,,,,,,,,,,,,,,,,,,,,,,,,,,,,,,,,,,,,,,,,,,,,,,,,,,,,,,,,,,,,,,,,,,,,,,,,,,,,,,,,,,,,,,,,,,,,,,,,,,,,,,,,,,,,,,,,,,,,,,,,,,,,,,,,,,,,,,,,,,,,,,,,,,,,,,,,,,,,,,,,,,,,,,,,,,,,,,,,,,,,,,,,,,,,,,,,,,,,,,,,
文教、工美、体育和娱乐用品制造业,宁夏回族自治区,0,,,,,,,,,,,,,,,,,,,,,,,,,,,,,,,,,,,,,,,,,,,,,,,,,,,,,,,,,,,,,,,,,,,,,,,,,,,,,,,,,,,,,,,,,,,,,,,,,,,,,,,,,,,,,,,,,,,,,,,,,,,,,,,,,,,,,,,,,,,,,,,,,,,,,,,,,,,,,,,,,,,,,,,,,,,,,,,,,,,,,,,,,,,,,,,,,,,,,,,,,,,,,,,,,,,,,,,,,,,,,,,,,,,,,,,,,,,,,,,,,,,,,,,,,,,,,,,,,,,,,,,,,,,,,,
石油加工、炼焦和核燃料加工业,宁夏回族自治区,0,,,,,,,,,,,,,,,,,,,,,,,,,,,,,,,,,,,,,,,,,,,,,,,,,,,,,,,,,,,,,,,,,,,,,,,,,,,,,,,,,,,,,,,,,,,,,,,,,,,,,,,,,,,,,,,,,,,,,,,,,,,,,,,,,,,,,,,,,,,,,,,,,,,,,,,,,,,,,,,,,,,,,,,,,,,,,,,,,,,,,,,,,,,,,,,,,,,,,,,,,,,,,,,,,,,,,,,,,,,,,,,,,,,,,,,,,,,,,,,,,,,,,,,,,,,,,,,,,,,,,,,,,,,,,,
化学纤维制造业,宁夏回族自治区,0,,,,,,,,,,,,,,,,,,,,,,,,,,,,,,,,,,,,,,,,,,,,,,,,,,,,,,,,,,,,,,,,,,,,,,,,,,,,,,,,,,,,,,,,,,,,,,,,,,,,,,,,,,,,,,,,,,,,,,,,,,,,,,,,,,,,,,,,,,,,,,,,,,,,,,,,,,,,,,,,,,,,,,,,,,,,,,,,,,,,,,,,,,,,,,,,,,,,,,,,,,,,,,,,,,,,,,,,,,,,,,,,,,,,,,,,,,,,,,,,,,,,,,,,,,,,,,,,,,,,,,,,,,,,,,
家具制造业,宁夏回族自治区,0,,,,,,,,,,,,,,,,,,,,,,,,,,,,,,,,,,,,,,,,,,,,,,,,,,,,,,,,,,,,,,,,,,,,,,,,,,,,,,,,,,,,,,,,,,,,,,,,,,,,,,,,,,,,,,,,,,,,,,,,,,,,,,,,,,,,,,,,,,,,,,,,,,,,,,,,,,,,,,,,,,,,,,,,,,,,,,,,,,,,,,,,,,,,,,,,,,,,,,,,,,,,,,,,,,,,,,,,,,,,,,,,,,,,,,,,,,,,,,,,,,,,,,,,,,,,,,,,,,,,,,,,,,,,,,
住宿和餐饮业,宁夏回族自治区,0,,,,,,,,,,,,,,,,,,,,,,,,,,,,,,,,,,,,,,,,,,,,,,,,,,,,,,,,,,,,,,,,,,,,,,,,,,,,,,,,,,,,,,,,,,,,,,,,,,,,,,,,,,,,,,,,,,,,,,,,,,,,,,,,,,,,,,,,,,,,,,,,,,,,,,,,,,,,,,,,,,,,,,,,,,,,,,,,,,,,,,,,,,,,,,,,,,,,,,,,,,,,,,,,,,,,,,,,,,,,,,,,,,,,,,,,,,,,,,,,,,,,,,,,,,,,,,,,,,,,,,,,,,,,,,
木材加工和木、竹、藤、棕、草制品业,宁夏回族自治区,0,,,,,,,,,,,,,,,,,,,,,,,,,,,,,,,,,,,,,,,,,,,,,,,,,,,,,,,,,,,,,,,,,,,,,,,,,,,,,,,,,,,,,,,,,,,,,,,,,,,,,,,,,,,,,,,,,,,,,,,,,,,,,,,,,,,,,,,,,,,,,,,,,,,,,,,,,,,,,,,,,,,,,,,,,,,,,,,,,,,,,,,,,,,,,,,,,,,,,,,,,,,,,,,,,,,,,,,,,,,,,,,,,,,,,,,,,,,,,,,,,,,,,,,,,,,,,,,,,,,,,,,,,,,,,,
居民服务、修理和其他服务业,宁夏回族自治区,0,,,,,,,,,,,,,,,,,,,,,,,,,,,,,,,,,,,,,,,,,,,,,,,,,,,,,,,,,,,,,,,,,,,,,,,,,,,,,,,,,,,,,,,,,,,,,,,,,,,,,,,,,,,,,,,,,,,,,,,,,,,,,,,,,,,,,,,,,,,,,,,,,,,,,,,,,,,,,,,,,,,,,,,,,,,,,,,,,,,,,,,,,,,,,,,,,,,,,,,,,,,,,,,,,,,,,,,,,,,,,,,,,,,,,,,,,,,,,,,,,,,,,,,,,,,,,,,,,,,,,,,,,,,,,,
医药制造业,西藏自治区,7,,,,,,,7,,5,,,2,5,,,,,,,,,,,,,,,,,,,,,2,,,,,,,,,,,,,,,,,,,,,,,,,,,,,,,,,,,,,,,,,,,,,,,,,,,,,,,,,,,,,,,,,,,,,,,,,,,,,,,,,,,,,,,,,,,,,,,,,,,,,,,,,,,,,,,,,,,,,,,,,,,,,,,,,,,,,,,,,,,,,,,,,,,,,,,,,,,,,,,,,,,,,,,,,,,,,,,,,,,,,,,,,,,,,,,,,,,,,,,,,,,,,,,,,,,,,,,,,,,,,,,,,,,,,,,,,,,,
化学原料和化学制品制造业,西藏自治区,2,,,,,1,1,,,2,,,,,1,,1,,,,,,,,,,,,,,,,,,,,,,,,,,,,,,,,,,,,,,,,,,,,,,,,,,,,,,,,,,,,,,,,,,,,,,,,,,,,,,,,,,,,,,,,,,,,,,,,,,,,,,,,,,,,,,,,,,,,,,,,,,,,,,,,,,,,,,,,,,,,,,,,,,,,,,,,,,,,,,,,,,,,,,,,,,,,,,,,,,,,,,,,,,,,,,,,,,,,,,,,,,,,,,,,,,,,,,,,,,,,,,,,,,,,,,,,,,,,,,,,,,,,,,,,,,,,,,
食品饮料业,西藏自治区,2,,,,,,,2,,1,,,1,1,,,,,,,,,,,,,,,,,,,,,1,,,,,,,,,,,,,,,,,,,,,,,,,,,,,,,,,,,,,,,,,,,,,,,,,,,,,,,,,,,,,,,,,,,,,,,,,,,,,,,,,,,,,,,,,,,,,,,,,,,,,,,,,,,,,,,,,,,,,,,,,,,,,,,,,,,,,,,,,,,,,,,,,,,,,,,,,,,,,,,,,,,,,,,,,,,,,,,,,,,,,,,,,,,,,,,,,,,,,,,,,,,,,,,,,,,,,,,,,,,,,,,,,,,,,,,,,,,,
专用设备制造业,西藏自治区,0,,,,,,,,,,,,,,,,,,,,,,,,,,,,,,,,,,,,,,,,,,,,,,,,,,,,,,,,,,,,,,,,,,,,,,,,,,,,,,,,,,,,,,,,,,,,,,,,,,,,,,,,,,,,,,,,,,,,,,,,,,,,,,,,,,,,,,,,,,,,,,,,,,,,,,,,,,,,,,,,,,,,,,,,,,,,,,,,,,,,,,,,,,,,,,,,,,,,,,,,,,,,,,,,,,,,,,,,,,,,,,,,,,,,,,,,,,,,,,,,,,,,,,,,,,,,,,,,,,,,,,,,,,,,,,
信息传输、软件和信息技术服务业,西藏自治区,2,,,,,,,2,,2,,,,2,,,,,,,,,,,,,,,,,,,,,,,,,,,,,,,,,,,,,,,,,,,,,,,,,,,,,,,,,,,,,,,,,,,,,,,,,,,,,,,,,,,,,,,,,,,,,,,,,,,,,,,,,,,,,,,,,,,,,,,,,,,,,,,,,,,,,,,,,,,,,,,,,,,,,,,,,,,,,,,,,,,,,,,,,,,,,,,,,,,,,,,,,,,,,,,,,,,,,,,,,,,,,,,,,,,,,,,,,,,,,,,,,,,,,,,,,,,,,,,,,,,,,,,,,,,,,,,,,
电力、热力、燃气及水生产和供应业,西藏自治区,0,,,,,,,,,,,,,,,,,,,,,,,,,,,,,,,,,,,,,,,,,,,,,,,,,,,,,,,,,,,,,,,,,,,,,,,,,,,,,,,,,,,,,,,,,,,,,,,,,,,,,,,,,,,,,,,,,,,,,,,,,,,,,,,,,,,,,,,,,,,,,,,,,,,,,,,,,,,,,,,,,,,,,,,,,,,,,,,,,,,,,,,,,,,,,,,,,,,,,,,,,,,,,,,,,,,,,,,,,,,,,,,,,,,,,,,,,,,,,,,,,,,,,,,,,,,,,,,,,,,,,,,,,,,,,,
商业电气机械和器材制造业,西藏自治区,0,,,,,,,,,,,,,,,,,,,,,,,,,,,,,,,,,,,,,,,,,,,,,,,,,,,,,,,,,,,,,,,,,,,,,,,,,,,,,,,,,,,,,,,,,,,,,,,,,,,,,,,,,,,,,,,,,,,,,,,,,,,,,,,,,,,,,,,,,,,,,,,,,,,,,,,,,,,,,,,,,,,,,,,,,,,,,,,,,,,,,,,,,,,,,,,,,,,,,,,,,,,,,,,,,,,,,,,,,,,,,,,,,,,,,,,,,,,,,,,,,,,,,,,,,,,,,,,,,,,,,,,,,,,,,,
批发和零售业,西藏自治区,0,,,,,,,,,,,,,,,,,,,,,,,,,,,,,,,,,,,,,,,,,,,,,,,,,,,,,,,,,,,,,,,,,,,,,,,,,,,,,,,,,,,,,,,,,,,,,,,,,,,,,,,,,,,,,,,,,,,,,,,,,,,,,,,,,,,,,,,,,,,,,,,,,,,,,,,,,,,,,,,,,,,,,,,,,,,,,,,,,,,,,,,,,,,,,,,,,,,,,,,,,,,,,,,,,,,,,,,,,,,,,,,,,,,,,,,,,,,,,,,,,,,,,,,,,,,,,,,,,,,,,,,,,,,,,,
金融业,西藏自治区,1,,,,,,,1,,1,,,,1,,,,,,,,,,,,,,,,,,,,,,,,,,,,,,,,,,,,,,,,,,,,,,,,,,,,,,,,,,,,,,,,,,,,,,,,,,,,,,,,,,,,,,,,,,,,,,,,,,,,,,,,,,,,,,,,,,,,,,,,,,,,,,,,,,,,,,,,,,,,,,,,,,,,,,,,,,,,,,,,,,,,,,,,,,,,,,,,,,,,,,,,,,,,,,,,,,,,,,,,,,,,,,,,,,,,,,,,,,,,,,,,,,,,,,,,,,,,,,,,,,,,,,,,,,,,,,,,,
汽车制造业,西藏自治区,0,,,,,,,,,,,,,,,,,,,,,,,,,,,,,,,,,,,,,,,,,,,,,,,,,,,,,,,,,,,,,,,,,,,,,,,,,,,,,,,,,,,,,,,,,,,,,,,,,,,,,,,,,,,,,,,,,,,,,,,,,,,,,,,,,,,,,,,,,,,,,,,,,,,,,,,,,,,,,,,,,,,,,,,,,,,,,,,,,,,,,,,,,,,,,,,,,,,,,,,,,,,,,,,,,,,,,,,,,,,,,,,,,,,,,,,,,,,,,,,,,,,,,,,,,,,,,,,,,,,,,,,,,,,,,,
金属冶炼和压延加工业,西藏自治区,0,,,,,,,,,,,,,,,,,,,,,,,,,,,,,,,,,,,,,,,,,,,,,,,,,,,,,,,,,,,,,,,,,,,,,,,,,,,,,,,,,,,,,,,,,,,,,,,,,,,,,,,,,,,,,,,,,,,,,,,,,,,,,,,,,,,,,,,,,,,,,,,,,,,,,,,,,,,,,,,,,,,,,,,,,,,,,,,,,,,,,,,,,,,,,,,,,,,,,,,,,,,,,,,,,,,,,,,,,,,,,,,,,,,,,,,,,,,,,,,,,,,,,,,,,,,,,,,,,,,,,,,,,,,,,,
交通运输、仓储和邮政业,西藏自治区,0,,,,,,,,,,,,,,,,,,,,,,,,,,,,,,,,,,,,,,,,,,,,,,,,,,,,,,,,,,,,,,,,,,,,,,,,,,,,,,,,,,,,,,,,,,,,,,,,,,,,,,,,,,,,,,,,,,,,,,,,,,,,,,,,,,,,,,,,,,,,,,,,,,,,,,,,,,,,,,,,,,,,,,,,,,,,,,,,,,,,,,,,,,,,,,,,,,,,,,,,,,,,,,,,,,,,,,,,,,,,,,,,,,,,,,,,,,,,,,,,,,,,,,,,,,,,,,,,,,,,,,,,,,,,,,
消费电子及电气业,西藏自治区,0,,,,,,,,,,,,,,,,,,,,,,,,,,,,,,,,,,,,,,,,,,,,,,,,,,,,,,,,,,,,,,,,,,,,,,,,,,,,,,,,,,,,,,,,,,,,,,,,,,,,,,,,,,,,,,,,,,,,,,,,,,,,,,,,,,,,,,,,,,,,,,,,,,,,,,,,,,,,,,,,,,,,,,,,,,,,,,,,,,,,,,,,,,,,,,,,,,,,,,,,,,,,,,,,,,,,,,,,,,,,,,,,,,,,,,,,,,,,,,,,,,,,,,,,,,,,,,,,,,,,,,,,,,,,,,
房地产业,西藏自治区,1,,,,,1,,,,,,,1,,,,,,,,,,,,,,,,,,,1,,,,,,,,,,,,,,,,,,,,,,,,,,,,,,,,,,,,,,,,,,,,,,,,,,,,,,,,,,,,,,,,,,,,,,,,,,,,,,,,,,,,,,,,,,,,,,,,,,,,,,,,,,,,,,,,,,,,,,,,,,,,,,,,,,,,,,,,,,,,,,,,,,,,,,,,,,,,,,,,,,,,,,,,,,,,,,,,,,,,,,,,,,,,,,,,,,,,,,,,,,,,,,,,,,,,,,,,,,,,,,,,,,,,,,,,,,,,,,,
采矿业,西藏自治区,3,,1,,,,,2,,1,,,2,,,1,,,,,,,,,,,,,,,,,,,2,,,,,,,,,,,,,,,,,,,,,,,,,,,,,,,,,,,,,,,,,,,,,,,,,,,,,,,,,,,,,,,,,,,,,,,,,,,,,,,,,,,,,,,,,,,,,,,,,,,,,,,,,,,,,,,,,,,,,,,,,,,,,,,,,,,,,,,,,,,,,,,,,,,,,,,,,,,,,,,,,,,,,,,,,,,,,,,,,,,,,,,,,,,,,,,,,,,,,,,,,,,,,,,,,,,,,,,,,,,,,,,,,,,,,,,,,,,,
非金属矿物制品业,西藏自治区,1,,,,,1,,,,,,,1,,,,,,,,,,,,,,,,,,,1,,,,,,,,,,,,,,,,,,,,,,,,,,,,,,,,,,,,,,,,,,,,,,,,,,,,,,,,,,,,,,,,,,,,,,,,,,,,,,,,,,,,,,,,,,,,,,,,,,,,,,,,,,,,,,,,,,,,,,,,,,,,,,,,,,,,,,,,,,,,,,,,,,,,,,,,,,,,,,,,,,,,,,,,,,,,,,,,,,,,,,,,,,,,,,,,,,,,,,,,,,,,,,,,,,,,,,,,,,,,,,,,,,,,,,,,,,,,,,,
通用设备制造业,西藏自治区,0,,,,,,,,,,,,,,,,,,,,,,,,,,,,,,,,,,,,,,,,,,,,,,,,,,,,,,,,,,,,,,,,,,,,,,,,,,,,,,,,,,,,,,,,,,,,,,,,,,,,,,,,,,,,,,,,,,,,,,,,,,,,,,,,,,,,,,,,,,,,,,,,,,,,,,,,,,,,,,,,,,,,,,,,,,,,,,,,,,,,,,,,,,,,,,,,,,,,,,,,,,,,,,,,,,,,,,,,,,,,,,,,,,,,,,,,,,,,,,,,,,,,,,,,,,,,,,,,,,,,,,,,,,,,,,
半导体业,西藏自治区,0,,,,,,,,,,,,,,,,,,,,,,,,,,,,,,,,,,,,,,,,,,,,,,,,,,,,,,,,,,,,,,,,,,,,,,,,,,,,,,,,,,,,,,,,,,,,,,,,,,,,,,,,,,,,,,,,,,,,,,,,,,,,,,,,,,,,,,,,,,,,,,,,,,,,,,,,,,,,,,,,,,,,,,,,,,,,,,,,,,,,,,,,,,,,,,,,,,,,,,,,,,,,,,,,,,,,,,,,,,,,,,,,,,,,,,,,,,,,,,,,,,,,,,,,,,,,,,,,,,,,,,,,,,,,,,
建筑业,西藏自治区,0,,,,,,,,,,,,,,,,,,,,,,,,,,,,,,,,,,,,,,,,,,,,,,,,,,,,,,,,,,,,,,,,,,,,,,,,,,,,,,,,,,,,,,,,,,,,,,,,,,,,,,,,,,,,,,,,,,,,,,,,,,,,,,,,,,,,,,,,,,,,,,,,,,,,,,,,,,,,,,,,,,,,,,,,,,,,,,,,,,,,,,,,,,,,,,,,,,,,,,,,,,,,,,,,,,,,,,,,,,,,,,,,,,,,,,,,,,,,,,,,,,,,,,,,,,,,,,,,,,,,,,,,,,,,,,
铁路、船舶、航空航天和其他运输设备制造业,西藏自治区,0,,,,,,,,,,,,,,,,,,,,,,,,,,,,,,,,,,,,,,,,,,,,,,,,,,,,,,,,,,,,,,,,,,,,,,,,,,,,,,,,,,,,,,,,,,,,,,,,,,,,,,,,,,,,,,,,,,,,,,,,,,,,,,,,,,,,,,,,,,,,,,,,,,,,,,,,,,,,,,,,,,,,,,,,,,,,,,,,,,,,,,,,,,,,,,,,,,,,,,,,,,,,,,,,,,,,,,,,,,,,,,,,,,,,,,,,,,,,,,,,,,,,,,,,,,,,,,,,,,,,,,,,,,,,,,
水利、环境和公共设施管理业,西藏自治区,1,,,,,,,1,,,,,1,,,,,,,,,,,,,,,,,,,,,,1,,,,,,,,,,,,,,,,,,,,,,,,,,,,,,,,,,,,,,,,,,,,,,,,,,,,,,,,,,,,,,,,,,,,,,,,,,,,,,,,,,,,,,,,,,,,,,,,,,,,,,,,,,,,,,,,,,,,,,,,,,,,,,,,,,,,,,,,,,,,,,,,,,,,,,,,,,,,,,,,,,,,,,,,,,,,,,,,,,,,,,,,,,,,,,,,,,,,,,,,,,,,,,,,,,,,,,,,,,,,,,,,,,,,,,,,,,,,
科学研究和技术服务业,西藏自治区,1,,,,,,,1,,1,,,,1,,,,,,,,,,,,,,,,,,,,,,,,,,,,,,,,,,,,,,,,,,,,,,,,,,,,,,,,,,,,,,,,,,,,,,,,,,,,,,,,,,,,,,,,,,,,,,,,,,,,,,,,,,,,,,,,,,,,,,,,,,,,,,,,,,,,,,,,,,,,,,,,,,,,,,,,,,,,,,,,,,,,,,,,,,,,,,,,,,,,,,,,,,,,,,,,,,,,,,,,,,,,,,,,,,,,,,,,,,,,,,,,,,,,,,,,,,,,,,,,,,,,,,,,,,,,,,,,,
纺织鞋服业,西藏自治区,0,,,,,,,,,,,,,,,,,,,,,,,,,,,,,,,,,,,,,,,,,,,,,,,,,,,,,,,,,,,,,,,,,,,,,,,,,,,,,,,,,,,,,,,,,,,,,,,,,,,,,,,,,,,,,,,,,,,,,,,,,,,,,,,,,,,,,,,,,,,,,,,,,,,,,,,,,,,,,,,,,,,,,,,,,,,,,,,,,,,,,,,,,,,,,,,,,,,,,,,,,,,,,,,,,,,,,,,,,,,,,,,,,,,,,,,,,,,,,,,,,,,,,,,,,,,,,,,,,,,,,,,,,,,,,,
通信传输设备业,西藏自治区,0,,,,,,,,,,,,,,,,,,,,,,,,,,,,,,,,,,,,,,,,,,,,,,,,,,,,,,,,,,,,,,,,,,,,,,,,,,,,,,,,,,,,,,,,,,,,,,,,,,,,,,,,,,,,,,,,,,,,,,,,,,,,,,,,,,,,,,,,,,,,,,,,,,,,,,,,,,,,,,,,,,,,,,,,,,,,,,,,,,,,,,,,,,,,,,,,,,,,,,,,,,,,,,,,,,,,,,,,,,,,,,,,,,,,,,,,,,,,,,,,,,,,,,,,,,,,,,,,,,,,,,,,,,,,,,
金属制品业,西藏自治区,0,,,,,,,,,,,,,,,,,,,,,,,,,,,,,,,,,,,,,,,,,,,,,,,,,,,,,,,,,,,,,,,,,,,,,,,,,,,,,,,,,,,,,,,,,,,,,,,,,,,,,,,,,,,,,,,,,,,,,,,,,,,,,,,,,,,,,,,,,,,,,,,,,,,,,,,,,,,,,,,,,,,,,,,,,,,,,,,,,,,,,,,,,,,,,,,,,,,,,,,,,,,,,,,,,,,,,,,,,,,,,,,,,,,,,,,,,,,,,,,,,,,,,,,,,,,,,,,,,,,,,,,,,,,,,,
文化、体育和娱乐业,西藏自治区,0,,,,,,,,,,,,,,,,,,,,,,,,,,,,,,,,,,,,,,,,,,,,,,,,,,,,,,,,,,,,,,,,,,,,,,,,,,,,,,,,,,,,,,,,,,,,,,,,,,,,,,,,,,,,,,,,,,,,,,,,,,,,,,,,,,,,,,,,,,,,,,,,,,,,,,,,,,,,,,,,,,,,,,,,,,,,,,,,,,,,,,,,,,,,,,,,,,,,,,,,,,,,,,,,,,,,,,,,,,,,,,,,,,,,,,,,,,,,,,,,,,,,,,,,,,,,,,,,,,,,,,,,,,,,,,
橡胶和塑料制品业,西藏自治区,1,,,,,,,1,,,,,1,,,,,,,,,,,,,,,,,,,,,,1,,,,,,,,,,,,,,,,,,,,,,,,,,,,,,,,,,,,,,,,,,,,,,,,,,,,,,,,,,,,,,,,,,,,,,,,,,,,,,,,,,,,,,,,,,,,,,,,,,,,,,,,,,,,,,,,,,,,,,,,,,,,,,,,,,,,,,,,,,,,,,,,,,,,,,,,,,,,,,,,,,,,,,,,,,,,,,,,,,,,,,,,,,,,,,,,,,,,,,,,,,,,,,,,,,,,,,,,,,,,,,,,,,,,,,,,,,,,
租赁和商务服务业,西藏自治区,0,,,,,,,,,,,,,,,,,,,,,,,,,,,,,,,,,,,,,,,,,,,,,,,,,,,,,,,,,,,,,,,,,,,,,,,,,,,,,,,,,,,,,,,,,,,,,,,,,,,,,,,,,,,,,,,,,,,,,,,,,,,,,,,,,,,,,,,,,,,,,,,,,,,,,,,,,,,,,,,,,,,,,,,,,,,,,,,,,,,,,,,,,,,,,,,,,,,,,,,,,,,,,,,,,,,,,,,,,,,,,,,,,,,,,,,,,,,,,,,,,,,,,,,,,,,,,,,,,,,,,,,,,,,,,,
农、林、牧、渔业,西藏自治区,0,,,,,,,,,,,,,,,,,,,,,,,,,,,,,,,,,,,,,,,,,,,,,,,,,,,,,,,,,,,,,,,,,,,,,,,,,,,,,,,,,,,,,,,,,,,,,,,,,,,,,,,,,,,,,,,,,,,,,,,,,,,,,,,,,,,,,,,,,,,,,,,,,,,,,,,,,,,,,,,,,,,,,,,,,,,,,,,,,,,,,,,,,,,,,,,,,,,,,,,,,,,,,,,,,,,,,,,,,,,,,,,,,,,,,,,,,,,,,,,,,,,,,,,,,,,,,,,,,,,,,,,,,,,,,,
仪器仪表制造业,西藏自治区,0,,,,,,,,,,,,,,,,,,,,,,,,,,,,,,,,,,,,,,,,,,,,,,,,,,,,,,,,,,,,,,,,,,,,,,,,,,,,,,,,,,,,,,,,,,,,,,,,,,,,,,,,,,,,,,,,,,,,,,,,,,,,,,,,,,,,,,,,,,,,,,,,,,,,,,,,,,,,,,,,,,,,,,,,,,,,,,,,,,,,,,,,,,,,,,,,,,,,,,,,,,,,,,,,,,,,,,,,,,,,,,,,,,,,,,,,,,,,,,,,,,,,,,,,,,,,,,,,,,,,,,,,,,,,,,
造纸和纸制品业,西藏自治区,0,,,,,,,,,,,,,,,,,,,,,,,,,,,,,,,,,,,,,,,,,,,,,,,,,,,,,,,,,,,,,,,,,,,,,,,,,,,,,,,,,,,,,,,,,,,,,,,,,,,,,,,,,,,,,,,,,,,,,,,,,,,,,,,,,,,,,,,,,,,,,,,,,,,,,,,,,,,,,,,,,,,,,,,,,,,,,,,,,,,,,,,,,,,,,,,,,,,,,,,,,,,,,,,,,,,,,,,,,,,,,,,,,,,,,,,,,,,,,,,,,,,,,,,,,,,,,,,,,,,,,,,,,,,,,,
其他制造业,西藏自治区,0,,,,,,,,,,,,,,,,,,,,,,,,,,,,,,,,,,,,,,,,,,,,,,,,,,,,,,,,,,,,,,,,,,,,,,,,,,,,,,,,,,,,,,,,,,,,,,,,,,,,,,,,,,,,,,,,,,,,,,,,,,,,,,,,,,,,,,,,,,,,,,,,,,,,,,,,,,,,,,,,,,,,,,,,,,,,,,,,,,,,,,,,,,,,,,,,,,,,,,,,,,,,,,,,,,,,,,,,,,,,,,,,,,,,,,,,,,,,,,,,,,,,,,,,,,,,,,,,,,,,,,,,,,,,,,
教育,西藏自治区,0,,,,,,,,,,,,,,,,,,,,,,,,,,,,,,,,,,,,,,,,,,,,,,,,,,,,,,,,,,,,,,,,,,,,,,,,,,,,,,,,,,,,,,,,,,,,,,,,,,,,,,,,,,,,,,,,,,,,,,,,,,,,,,,,,,,,,,,,,,,,,,,,,,,,,,,,,,,,,,,,,,,,,,,,,,,,,,,,,,,,,,,,,,,,,,,,,,,,,,,,,,,,,,,,,,,,,,,,,,,,,,,,,,,,,,,,,,,,,,,,,,,,,,,,,,,,,,,,,,,,,,,,,,,,,,
综合,西藏自治区,0,,,,,,,,,,,,,,,,,,,,,,,,,,,,,,,,,,,,,,,,,,,,,,,,,,,,,,,,,,,,,,,,,,,,,,,,,,,,,,,,,,,,,,,,,,,,,,,,,,,,,,,,,,,,,,,,,,,,,,,,,,,,,,,,,,,,,,,,,,,,,,,,,,,,,,,,,,,,,,,,,,,,,,,,,,,,,,,,,,,,,,,,,,,,,,,,,,,,,,,,,,,,,,,,,,,,,,,,,,,,,,,,,,,,,,,,,,,,,,,,,,,,,,,,,,,,,,,,,,,,,,,,,,,,,,
废弃资源综合利用业,西藏自治区,0,,,,,,,,,,,,,,,,,,,,,,,,,,,,,,,,,,,,,,,,,,,,,,,,,,,,,,,,,,,,,,,,,,,,,,,,,,,,,,,,,,,,,,,,,,,,,,,,,,,,,,,,,,,,,,,,,,,,,,,,,,,,,,,,,,,,,,,,,,,,,,,,,,,,,,,,,,,,,,,,,,,,,,,,,,,,,,,,,,,,,,,,,,,,,,,,,,,,,,,,,,,,,,,,,,,,,,,,,,,,,,,,,,,,,,,,,,,,,,,,,,,,,,,,,,,,,,,,,,,,,,,,,,,,,,
印刷和记录媒介复制业,西藏自治区,0,,,,,,,,,,,,,,,,,,,,,,,,,,,,,,,,,,,,,,,,,,,,,,,,,,,,,,,,,,,,,,,,,,,,,,,,,,,,,,,,,,,,,,,,,,,,,,,,,,,,,,,,,,,,,,,,,,,,,,,,,,,,,,,,,,,,,,,,,,,,,,,,,,,,,,,,,,,,,,,,,,,,,,,,,,,,,,,,,,,,,,,,,,,,,,,,,,,,,,,,,,,,,,,,,,,,,,,,,,,,,,,,,,,,,,,,,,,,,,,,,,,,,,,,,,,,,,,,,,,,,,,,,,,,,,
卫生和社会工作,西藏自治区,0,,,,,,,,,,,,,,,,,,,,,,,,,,,,,,,,,,,,,,,,,,,,,,,,,,,,,,,,,,,,,,,,,,,,,,,,,,,,,,,,,,,,,,,,,,,,,,,,,,,,,,,,,,,,,,,,,,,,,,,,,,,,,,,,,,,,,,,,,,,,,,,,,,,,,,,,,,,,,,,,,,,,,,,,,,,,,,,,,,,,,,,,,,,,,,,,,,,,,,,,,,,,,,,,,,,,,,,,,,,,,,,,,,,,,,,,,,,,,,,,,,,,,,,,,,,,,,,,,,,,,,,,,,,,,,
文教、工美、体育和娱乐用品制造业,西藏自治区,0,,,,,,,,,,,,,,,,,,,,,,,,,,,,,,,,,,,,,,,,,,,,,,,,,,,,,,,,,,,,,,,,,,,,,,,,,,,,,,,,,,,,,,,,,,,,,,,,,,,,,,,,,,,,,,,,,,,,,,,,,,,,,,,,,,,,,,,,,,,,,,,,,,,,,,,,,,,,,,,,,,,,,,,,,,,,,,,,,,,,,,,,,,,,,,,,,,,,,,,,,,,,,,,,,,,,,,,,,,,,,,,,,,,,,,,,,,,,,,,,,,,,,,,,,,,,,,,,,,,,,,,,,,,,,,
石油加工、炼焦和核燃料加工业,西藏自治区,0,,,,,,,,,,,,,,,,,,,,,,,,,,,,,,,,,,,,,,,,,,,,,,,,,,,,,,,,,,,,,,,,,,,,,,,,,,,,,,,,,,,,,,,,,,,,,,,,,,,,,,,,,,,,,,,,,,,,,,,,,,,,,,,,,,,,,,,,,,,,,,,,,,,,,,,,,,,,,,,,,,,,,,,,,,,,,,,,,,,,,,,,,,,,,,,,,,,,,,,,,,,,,,,,,,,,,,,,,,,,,,,,,,,,,,,,,,,,,,,,,,,,,,,,,,,,,,,,,,,,,,,,,,,,,,
化学纤维制造业,西藏自治区,0,,,,,,,,,,,,,,,,,,,,,,,,,,,,,,,,,,,,,,,,,,,,,,,,,,,,,,,,,,,,,,,,,,,,,,,,,,,,,,,,,,,,,,,,,,,,,,,,,,,,,,,,,,,,,,,,,,,,,,,,,,,,,,,,,,,,,,,,,,,,,,,,,,,,,,,,,,,,,,,,,,,,,,,,,,,,,,,,,,,,,,,,,,,,,,,,,,,,,,,,,,,,,,,,,,,,,,,,,,,,,,,,,,,,,,,,,,,,,,,,,,,,,,,,,,,,,,,,,,,,,,,,,,,,,,
家具制造业,西藏自治区,0,,,,,,,,,,,,,,,,,,,,,,,,,,,,,,,,,,,,,,,,,,,,,,,,,,,,,,,,,,,,,,,,,,,,,,,,,,,,,,,,,,,,,,,,,,,,,,,,,,,,,,,,,,,,,,,,,,,,,,,,,,,,,,,,,,,,,,,,,,,,,,,,,,,,,,,,,,,,,,,,,,,,,,,,,,,,,,,,,,,,,,,,,,,,,,,,,,,,,,,,,,,,,,,,,,,,,,,,,,,,,,,,,,,,,,,,,,,,,,,,,,,,,,,,,,,,,,,,,,,,,,,,,,,,,,
住宿和餐饮业,西藏自治区,0,,,,,,,,,,,,,,,,,,,,,,,,,,,,,,,,,,,,,,,,,,,,,,,,,,,,,,,,,,,,,,,,,,,,,,,,,,,,,,,,,,,,,,,,,,,,,,,,,,,,,,,,,,,,,,,,,,,,,,,,,,,,,,,,,,,,,,,,,,,,,,,,,,,,,,,,,,,,,,,,,,,,,,,,,,,,,,,,,,,,,,,,,,,,,,,,,,,,,,,,,,,,,,,,,,,,,,,,,,,,,,,,,,,,,,,,,,,,,,,,,,,,,,,,,,,,,,,,,,,,,,,,,,,,,,
木材加工和木、竹、藤、棕、草制品业,西藏自治区,0,,,,,,,,,,,,,,,,,,,,,,,,,,,,,,,,,,,,,,,,,,,,,,,,,,,,,,,,,,,,,,,,,,,,,,,,,,,,,,,,,,,,,,,,,,,,,,,,,,,,,,,,,,,,,,,,,,,,,,,,,,,,,,,,,,,,,,,,,,,,,,,,,,,,,,,,,,,,,,,,,,,,,,,,,,,,,,,,,,,,,,,,,,,,,,,,,,,,,,,,,,,,,,,,,,,,,,,,,,,,,,,,,,,,,,,,,,,,,,,,,,,,,,,,,,,,,,,,,,,,,,,,,,,,,,
居民服务、修理和其他服务业,西藏自治区,0,,,,,,,,,,,,,,,,,,,,,,,,,,,,,,,,,,,,,,,,,,,,,,,,,,,,,,,,,,,,,,,,,,,,,,,,,,,,,,,,,,,,,,,,,,,,,,,,,,,,,,,,,,,,,,,,,,,,,,,,,,,,,,,,,,,,,,,,,,,,,,,,,,,,,,,,,,,,,,,,,,,,,,,,,,,,,,,,,,,,,,,,,,,,,,,,,,,,,,,,,,,,,,,,,,,,,,,,,,,,,,,,,,,,,,,,,,,,,,,,,,,,,,,,,,,,,,,,,,,,,,,,,,,,,,
医药制造业,青海省,0,,,,,,,,,,,,,,,,,,,,,,,,,,,,,,,,,,,,,,,,,,,,,,,,,,,,,,,,,,,,,,,,,,,,,,,,,,,,,,,,,,,,,,,,,,,,,,,,,,,,,,,,,,,,,,,,,,,,,,,,,,,,,,,,,,,,,,,,,,,,,,,,,,,,,,,,,,,,,,,,,,,,,,,,,,,,,,,,,,,,,,,,,,,,,,,,,,,,,,,,,,,,,,,,,,,,,,,,,,,,,,,,,,,,,,,,,,,,,,,,,,,,,,,,,,,,,,,,,,,,,,,,,,,,,,
化学原料和化学制品制造业,青海省,3,,,,,2,,1,,2,,,1,1,1,,,,,,,,,,,,,,,,,1,,,,,,,,,,,,,,,,,,,,,,,,,,,,,,,,,,,,,,,,,,,,,,,,,,,,,,,,,,,,,,,,,,,,,,,,,,,,,,,,,,,,,,,,,,,,,,,,,,,,,,,,,,,,,,,,,,,,,,,,,,,,,,,,,,,,,,,,,,,,,,,,,,,,,,,,,,,,,,,,,,,,,,,,,,,,,,,,,,,,,,,,,,,,,,,,,,,,,,,,,,,,,,,,,,,,,,,,,,,,,,,,,,,,,,,,,,,,,,,
食品饮料业,青海省,2,,,,,,,2,,1,,,1,1,,,,,,,,,,,,,,,,,,,,,1,,,,,,,,,,,,,,,,,,,,,,,,,,,,,,,,,,,,,,,,,,,,,,,,,,,,,,,,,,,,,,,,,,,,,,,,,,,,,,,,,,,,,,,,,,,,,,,,,,,,,,,,,,,,,,,,,,,,,,,,,,,,,,,,,,,,,,,,,,,,,,,,,,,,,,,,,,,,,,,,,,,,,,,,,,,,,,,,,,,,,,,,,,,,,,,,,,,,,,,,,,,,,,,,,,,,,,,,,,,,,,,,,,,,,,,,,,,,
专用设备制造业,青海省,0,,,,,,,,,,,,,,,,,,,,,,,,,,,,,,,,,,,,,,,,,,,,,,,,,,,,,,,,,,,,,,,,,,,,,,,,,,,,,,,,,,,,,,,,,,,,,,,,,,,,,,,,,,,,,,,,,,,,,,,,,,,,,,,,,,,,,,,,,,,,,,,,,,,,,,,,,,,,,,,,,,,,,,,,,,,,,,,,,,,,,,,,,,,,,,,,,,,,,,,,,,,,,,,,,,,,,,,,,,,,,,,,,,,,,,,,,,,,,,,,,,,,,,,,,,,,,,,,,,,,,,,,,,,,,,
信息传输、软件和信息技术服务业,青海省,1,,,,,,,1,,1,,,,1,,,,,,,,,,,,,,,,,,,,,,,,,,,,,,,,,,,,,,,,,,,,,,,,,,,,,,,,,,,,,,,,,,,,,,,,,,,,,,,,,,,,,,,,,,,,,,,,,,,,,,,,,,,,,,,,,,,,,,,,,,,,,,,,,,,,,,,,,,,,,,,,,,,,,,,,,,,,,,,,,,,,,,,,,,,,,,,,,,,,,,,,,,,,,,,,,,,,,,,,,,,,,,,,,,,,,,,,,,,,,,,,,,,,,,,,,,,,,,,,,,,,,,,,,,,,,,,,,
电力、热力、燃气及水生产和供应业,青海省,0,,,,,,,,,,,,,,,,,,,,,,,,,,,,,,,,,,,,,,,,,,,,,,,,,,,,,,,,,,,,,,,,,,,,,,,,,,,,,,,,,,,,,,,,,,,,,,,,,,,,,,,,,,,,,,,,,,,,,,,,,,,,,,,,,,,,,,,,,,,,,,,,,,,,,,,,,,,,,,,,,,,,,,,,,,,,,,,,,,,,,,,,,,,,,,,,,,,,,,,,,,,,,,,,,,,,,,,,,,,,,,,,,,,,,,,,,,,,,,,,,,,,,,,,,,,,,,,,,,,,,,,,,,,,,,
商业电气机械和器材制造业,青海省,1,,,,,,,1,,,,,1,,,,,,,,,,,,,,,,,,,,,,1,,,,,,,,,,,,,,,,,,,,,,,,,,,,,,,,,,,,,,,,,,,,,,,,,,,,,,,,,,,,,,,,,,,,,,,,,,,,,,,,,,,,,,,,,,,,,,,,,,,,,,,,,,,,,,,,,,,,,,,,,,,,,,,,,,,,,,,,,,,,,,,,,,,,,,,,,,,,,,,,,,,,,,,,,,,,,,,,,,,,,,,,,,,,,,,,,,,,,,,,,,,,,,,,,,,,,,,,,,,,,,,,,,,,,,,,,,,,
批发和零售业,青海省,0,,,,,,,,,,,,,,,,,,,,,,,,,,,,,,,,,,,,,,,,,,,,,,,,,,,,,,,,,,,,,,,,,,,,,,,,,,,,,,,,,,,,,,,,,,,,,,,,,,,,,,,,,,,,,,,,,,,,,,,,,,,,,,,,,,,,,,,,,,,,,,,,,,,,,,,,,,,,,,,,,,,,,,,,,,,,,,,,,,,,,,,,,,,,,,,,,,,,,,,,,,,,,,,,,,,,,,,,,,,,,,,,,,,,,,,,,,,,,,,,,,,,,,,,,,,,,,,,,,,,,,,,,,,,,,
金融业,青海省,0,,,,,,,,,,,,,,,,,,,,,,,,,,,,,,,,,,,,,,,,,,,,,,,,,,,,,,,,,,,,,,,,,,,,,,,,,,,,,,,,,,,,,,,,,,,,,,,,,,,,,,,,,,,,,,,,,,,,,,,,,,,,,,,,,,,,,,,,,,,,,,,,,,,,,,,,,,,,,,,,,,,,,,,,,,,,,,,,,,,,,,,,,,,,,,,,,,,,,,,,,,,,,,,,,,,,,,,,,,,,,,,,,,,,,,,,,,,,,,,,,,,,,,,,,,,,,,,,,,,,,,,,,,,,,,
汽车制造业,青海省,0,,,,,,,,,,,,,,,,,,,,,,,,,,,,,,,,,,,,,,,,,,,,,,,,,,,,,,,,,,,,,,,,,,,,,,,,,,,,,,,,,,,,,,,,,,,,,,,,,,,,,,,,,,,,,,,,,,,,,,,,,,,,,,,,,,,,,,,,,,,,,,,,,,,,,,,,,,,,,,,,,,,,,,,,,,,,,,,,,,,,,,,,,,,,,,,,,,,,,,,,,,,,,,,,,,,,,,,,,,,,,,,,,,,,,,,,,,,,,,,,,,,,,,,,,,,,,,,,,,,,,,,,,,,,,,
金属冶炼和压延加工业,青海省,1,,,,,1,,,,,,,1,,,,,,,,,,,,,,,,,,,1,,,,,,,,,,,,,,,,,,,,,,,,,,,,,,,,,,,,,,,,,,,,,,,,,,,,,,,,,,,,,,,,,,,,,,,,,,,,,,,,,,,,,,,,,,,,,,,,,,,,,,,,,,,,,,,,,,,,,,,,,,,,,,,,,,,,,,,,,,,,,,,,,,,,,,,,,,,,,,,,,,,,,,,,,,,,,,,,,,,,,,,,,,,,,,,,,,,,,,,,,,,,,,,,,,,,,,,,,,,,,,,,,,,,,,,,,,,,,,,
交通运输、仓储和邮政业,青海省,0,,,,,,,,,,,,,,,,,,,,,,,,,,,,,,,,,,,,,,,,,,,,,,,,,,,,,,,,,,,,,,,,,,,,,,,,,,,,,,,,,,,,,,,,,,,,,,,,,,,,,,,,,,,,,,,,,,,,,,,,,,,,,,,,,,,,,,,,,,,,,,,,,,,,,,,,,,,,,,,,,,,,,,,,,,,,,,,,,,,,,,,,,,,,,,,,,,,,,,,,,,,,,,,,,,,,,,,,,,,,,,,,,,,,,,,,,,,,,,,,,,,,,,,,,,,,,,,,,,,,,,,,,,,,,,
消费电子及电气业,青海省,0,,,,,,,,,,,,,,,,,,,,,,,,,,,,,,,,,,,,,,,,,,,,,,,,,,,,,,,,,,,,,,,,,,,,,,,,,,,,,,,,,,,,,,,,,,,,,,,,,,,,,,,,,,,,,,,,,,,,,,,,,,,,,,,,,,,,,,,,,,,,,,,,,,,,,,,,,,,,,,,,,,,,,,,,,,,,,,,,,,,,,,,,,,,,,,,,,,,,,,,,,,,,,,,,,,,,,,,,,,,,,,,,,,,,,,,,,,,,,,,,,,,,,,,,,,,,,,,,,,,,,,,,,,,,,,
房地产业,青海省,0,,,,,,,,,,,,,,,,,,,,,,,,,,,,,,,,,,,,,,,,,,,,,,,,,,,,,,,,,,,,,,,,,,,,,,,,,,,,,,,,,,,,,,,,,,,,,,,,,,,,,,,,,,,,,,,,,,,,,,,,,,,,,,,,,,,,,,,,,,,,,,,,,,,,,,,,,,,,,,,,,,,,,,,,,,,,,,,,,,,,,,,,,,,,,,,,,,,,,,,,,,,,,,,,,,,,,,,,,,,,,,,,,,,,,,,,,,,,,,,,,,,,,,,,,,,,,,,,,,,,,,,,,,,,,,
采矿业,青海省,1,,,,,1,,,,,,,1,,,,,,,,,,,,,,,,,,,1,,,,,,,,,,,,,,,,,,,,,,,,,,,,,,,,,,,,,,,,,,,,,,,,,,,,,,,,,,,,,,,,,,,,,,,,,,,,,,,,,,,,,,,,,,,,,,,,,,,,,,,,,,,,,,,,,,,,,,,,,,,,,,,,,,,,,,,,,,,,,,,,,,,,,,,,,,,,,,,,,,,,,,,,,,,,,,,,,,,,,,,,,,,,,,,,,,,,,,,,,,,,,,,,,,,,,,,,,,,,,,,,,,,,,,,,,,,,,,,
非金属矿物制品业,青海省,0,,,,,,,,,,,,,,,,,,,,,,,,,,,,,,,,,,,,,,,,,,,,,,,,,,,,,,,,,,,,,,,,,,,,,,,,,,,,,,,,,,,,,,,,,,,,,,,,,,,,,,,,,,,,,,,,,,,,,,,,,,,,,,,,,,,,,,,,,,,,,,,,,,,,,,,,,,,,,,,,,,,,,,,,,,,,,,,,,,,,,,,,,,,,,,,,,,,,,,,,,,,,,,,,,,,,,,,,,,,,,,,,,,,,,,,,,,,,,,,,,,,,,,,,,,,,,,,,,,,,,,,,,,,,,,
通用设备制造业,青海省,1,,,,,,,1,,,,,1,,,,,,,,,,,,,,,,,,,,,,1,,,,,,,,,,,,,,,,,,,,,,,,,,,,,,,,,,,,,,,,,,,,,,,,,,,,,,,,,,,,,,,,,,,,,,,,,,,,,,,,,,,,,,,,,,,,,,,,,,,,,,,,,,,,,,,,,,,,,,,,,,,,,,,,,,,,,,,,,,,,,,,,,,,,,,,,,,,,,,,,,,,,,,,,,,,,,,,,,,,,,,,,,,,,,,,,,,,,,,,,,,,,,,,,,,,,,,,,,,,,,,,,,,,,,,,,,,,,
半导体业,青海省,0,,,,,,,,,,,,,,,,,,,,,,,,,,,,,,,,,,,,,,,,,,,,,,,,,,,,,,,,,,,,,,,,,,,,,,,,,,,,,,,,,,,,,,,,,,,,,,,,,,,,,,,,,,,,,,,,,,,,,,,,,,,,,,,,,,,,,,,,,,,,,,,,,,,,,,,,,,,,,,,,,,,,,,,,,,,,,,,,,,,,,,,,,,,,,,,,,,,,,,,,,,,,,,,,,,,,,,,,,,,,,,,,,,,,,,,,,,,,,,,,,,,,,,,,,,,,,,,,,,,,,,,,,,,,,,
建筑业,青海省,1,,,,,,,1,,,,,1,,,,,,,,,,,,,,,,,,,,,,1,,,,,,,,,,,,,,,,,,,,,,,,,,,,,,,,,,,,,,,,,,,,,,,,,,,,,,,,,,,,,,,,,,,,,,,,,,,,,,,,,,,,,,,,,,,,,,,,,,,,,,,,,,,,,,,,,,,,,,,,,,,,,,,,,,,,,,,,,,,,,,,,,,,,,,,,,,,,,,,,,,,,,,,,,,,,,,,,,,,,,,,,,,,,,,,,,,,,,,,,,,,,,,,,,,,,,,,,,,,,,,,,,,,,,,,,,,,,
铁路、船舶、航空航天和其他运输设备制造业,青海省,0,,,,,,,,,,,,,,,,,,,,,,,,,,,,,,,,,,,,,,,,,,,,,,,,,,,,,,,,,,,,,,,,,,,,,,,,,,,,,,,,,,,,,,,,,,,,,,,,,,,,,,,,,,,,,,,,,,,,,,,,,,,,,,,,,,,,,,,,,,,,,,,,,,,,,,,,,,,,,,,,,,,,,,,,,,,,,,,,,,,,,,,,,,,,,,,,,,,,,,,,,,,,,,,,,,,,,,,,,,,,,,,,,,,,,,,,,,,,,,,,,,,,,,,,,,,,,,,,,,,,,,,,,,,,,,
水利、环境和公共设施管理业,青海省,0,,,,,,,,,,,,,,,,,,,,,,,,,,,,,,,,,,,,,,,,,,,,,,,,,,,,,,,,,,,,,,,,,,,,,,,,,,,,,,,,,,,,,,,,,,,,,,,,,,,,,,,,,,,,,,,,,,,,,,,,,,,,,,,,,,,,,,,,,,,,,,,,,,,,,,,,,,,,,,,,,,,,,,,,,,,,,,,,,,,,,,,,,,,,,,,,,,,,,,,,,,,,,,,,,,,,,,,,,,,,,,,,,,,,,,,,,,,,,,,,,,,,,,,,,,,,,,,,,,,,,,,,,,,,,,
科学研究和技术服务业,青海省,0,,,,,,,,,,,,,,,,,,,,,,,,,,,,,,,,,,,,,,,,,,,,,,,,,,,,,,,,,,,,,,,,,,,,,,,,,,,,,,,,,,,,,,,,,,,,,,,,,,,,,,,,,,,,,,,,,,,,,,,,,,,,,,,,,,,,,,,,,,,,,,,,,,,,,,,,,,,,,,,,,,,,,,,,,,,,,,,,,,,,,,,,,,,,,,,,,,,,,,,,,,,,,,,,,,,,,,,,,,,,,,,,,,,,,,,,,,,,,,,,,,,,,,,,,,,,,,,,,,,,,,,,,,,,,,
纺织鞋服业,青海省,0,,,,,,,,,,,,,,,,,,,,,,,,,,,,,,,,,,,,,,,,,,,,,,,,,,,,,,,,,,,,,,,,,,,,,,,,,,,,,,,,,,,,,,,,,,,,,,,,,,,,,,,,,,,,,,,,,,,,,,,,,,,,,,,,,,,,,,,,,,,,,,,,,,,,,,,,,,,,,,,,,,,,,,,,,,,,,,,,,,,,,,,,,,,,,,,,,,,,,,,,,,,,,,,,,,,,,,,,,,,,,,,,,,,,,,,,,,,,,,,,,,,,,,,,,,,,,,,,,,,,,,,,,,,,,,
通信传输设备业,青海省,0,,,,,,,,,,,,,,,,,,,,,,,,,,,,,,,,,,,,,,,,,,,,,,,,,,,,,,,,,,,,,,,,,,,,,,,,,,,,,,,,,,,,,,,,,,,,,,,,,,,,,,,,,,,,,,,,,,,,,,,,,,,,,,,,,,,,,,,,,,,,,,,,,,,,,,,,,,,,,,,,,,,,,,,,,,,,,,,,,,,,,,,,,,,,,,,,,,,,,,,,,,,,,,,,,,,,,,,,,,,,,,,,,,,,,,,,,,,,,,,,,,,,,,,,,,,,,,,,,,,,,,,,,,,,,,
金属制品业,青海省,0,,,,,,,,,,,,,,,,,,,,,,,,,,,,,,,,,,,,,,,,,,,,,,,,,,,,,,,,,,,,,,,,,,,,,,,,,,,,,,,,,,,,,,,,,,,,,,,,,,,,,,,,,,,,,,,,,,,,,,,,,,,,,,,,,,,,,,,,,,,,,,,,,,,,,,,,,,,,,,,,,,,,,,,,,,,,,,,,,,,,,,,,,,,,,,,,,,,,,,,,,,,,,,,,,,,,,,,,,,,,,,,,,,,,,,,,,,,,,,,,,,,,,,,,,,,,,,,,,,,,,,,,,,,,,,
文化、体育和娱乐业,青海省,0,,,,,,,,,,,,,,,,,,,,,,,,,,,,,,,,,,,,,,,,,,,,,,,,,,,,,,,,,,,,,,,,,,,,,,,,,,,,,,,,,,,,,,,,,,,,,,,,,,,,,,,,,,,,,,,,,,,,,,,,,,,,,,,,,,,,,,,,,,,,,,,,,,,,,,,,,,,,,,,,,,,,,,,,,,,,,,,,,,,,,,,,,,,,,,,,,,,,,,,,,,,,,,,,,,,,,,,,,,,,,,,,,,,,,,,,,,,,,,,,,,,,,,,,,,,,,,,,,,,,,,,,,,,,,,
橡胶和塑料制品业,青海省,0,,,,,,,,,,,,,,,,,,,,,,,,,,,,,,,,,,,,,,,,,,,,,,,,,,,,,,,,,,,,,,,,,,,,,,,,,,,,,,,,,,,,,,,,,,,,,,,,,,,,,,,,,,,,,,,,,,,,,,,,,,,,,,,,,,,,,,,,,,,,,,,,,,,,,,,,,,,,,,,,,,,,,,,,,,,,,,,,,,,,,,,,,,,,,,,,,,,,,,,,,,,,,,,,,,,,,,,,,,,,,,,,,,,,,,,,,,,,,,,,,,,,,,,,,,,,,,,,,,,,,,,,,,,,,,
租赁和商务服务业,青海省,0,,,,,,,,,,,,,,,,,,,,,,,,,,,,,,,,,,,,,,,,,,,,,,,,,,,,,,,,,,,,,,,,,,,,,,,,,,,,,,,,,,,,,,,,,,,,,,,,,,,,,,,,,,,,,,,,,,,,,,,,,,,,,,,,,,,,,,,,,,,,,,,,,,,,,,,,,,,,,,,,,,,,,,,,,,,,,,,,,,,,,,,,,,,,,,,,,,,,,,,,,,,,,,,,,,,,,,,,,,,,,,,,,,,,,,,,,,,,,,,,,,,,,,,,,,,,,,,,,,,,,,,,,,,,,,
农、林、牧、渔业,青海省,0,,,,,,,,,,,,,,,,,,,,,,,,,,,,,,,,,,,,,,,,,,,,,,,,,,,,,,,,,,,,,,,,,,,,,,,,,,,,,,,,,,,,,,,,,,,,,,,,,,,,,,,,,,,,,,,,,,,,,,,,,,,,,,,,,,,,,,,,,,,,,,,,,,,,,,,,,,,,,,,,,,,,,,,,,,,,,,,,,,,,,,,,,,,,,,,,,,,,,,,,,,,,,,,,,,,,,,,,,,,,,,,,,,,,,,,,,,,,,,,,,,,,,,,,,,,,,,,,,,,,,,,,,,,,,,
仪器仪表制造业,青海省,0,,,,,,,,,,,,,,,,,,,,,,,,,,,,,,,,,,,,,,,,,,,,,,,,,,,,,,,,,,,,,,,,,,,,,,,,,,,,,,,,,,,,,,,,,,,,,,,,,,,,,,,,,,,,,,,,,,,,,,,,,,,,,,,,,,,,,,,,,,,,,,,,,,,,,,,,,,,,,,,,,,,,,,,,,,,,,,,,,,,,,,,,,,,,,,,,,,,,,,,,,,,,,,,,,,,,,,,,,,,,,,,,,,,,,,,,,,,,,,,,,,,,,,,,,,,,,,,,,,,,,,,,,,,,,,
造纸和纸制品业,青海省,0,,,,,,,,,,,,,,,,,,,,,,,,,,,,,,,,,,,,,,,,,,,,,,,,,,,,,,,,,,,,,,,,,,,,,,,,,,,,,,,,,,,,,,,,,,,,,,,,,,,,,,,,,,,,,,,,,,,,,,,,,,,,,,,,,,,,,,,,,,,,,,,,,,,,,,,,,,,,,,,,,,,,,,,,,,,,,,,,,,,,,,,,,,,,,,,,,,,,,,,,,,,,,,,,,,,,,,,,,,,,,,,,,,,,,,,,,,,,,,,,,,,,,,,,,,,,,,,,,,,,,,,,,,,,,,
其他制造业,青海省,0,,,,,,,,,,,,,,,,,,,,,,,,,,,,,,,,,,,,,,,,,,,,,,,,,,,,,,,,,,,,,,,,,,,,,,,,,,,,,,,,,,,,,,,,,,,,,,,,,,,,,,,,,,,,,,,,,,,,,,,,,,,,,,,,,,,,,,,,,,,,,,,,,,,,,,,,,,,,,,,,,,,,,,,,,,,,,,,,,,,,,,,,,,,,,,,,,,,,,,,,,,,,,,,,,,,,,,,,,,,,,,,,,,,,,,,,,,,,,,,,,,,,,,,,,,,,,,,,,,,,,,,,,,,,,,
教育,青海省,0,,,,,,,,,,,,,,,,,,,,,,,,,,,,,,,,,,,,,,,,,,,,,,,,,,,,,,,,,,,,,,,,,,,,,,,,,,,,,,,,,,,,,,,,,,,,,,,,,,,,,,,,,,,,,,,,,,,,,,,,,,,,,,,,,,,,,,,,,,,,,,,,,,,,,,,,,,,,,,,,,,,,,,,,,,,,,,,,,,,,,,,,,,,,,,,,,,,,,,,,,,,,,,,,,,,,,,,,,,,,,,,,,,,,,,,,,,,,,,,,,,,,,,,,,,,,,,,,,,,,,,,,,,,,,,
综合,青海省,0,,,,,,,,,,,,,,,,,,,,,,,,,,,,,,,,,,,,,,,,,,,,,,,,,,,,,,,,,,,,,,,,,,,,,,,,,,,,,,,,,,,,,,,,,,,,,,,,,,,,,,,,,,,,,,,,,,,,,,,,,,,,,,,,,,,,,,,,,,,,,,,,,,,,,,,,,,,,,,,,,,,,,,,,,,,,,,,,,,,,,,,,,,,,,,,,,,,,,,,,,,,,,,,,,,,,,,,,,,,,,,,,,,,,,,,,,,,,,,,,,,,,,,,,,,,,,,,,,,,,,,,,,,,,,,
废弃资源综合利用业,青海省,0,,,,,,,,,,,,,,,,,,,,,,,,,,,,,,,,,,,,,,,,,,,,,,,,,,,,,,,,,,,,,,,,,,,,,,,,,,,,,,,,,,,,,,,,,,,,,,,,,,,,,,,,,,,,,,,,,,,,,,,,,,,,,,,,,,,,,,,,,,,,,,,,,,,,,,,,,,,,,,,,,,,,,,,,,,,,,,,,,,,,,,,,,,,,,,,,,,,,,,,,,,,,,,,,,,,,,,,,,,,,,,,,,,,,,,,,,,,,,,,,,,,,,,,,,,,,,,,,,,,,,,,,,,,,,,
印刷和记录媒介复制业,青海省,0,,,,,,,,,,,,,,,,,,,,,,,,,,,,,,,,,,,,,,,,,,,,,,,,,,,,,,,,,,,,,,,,,,,,,,,,,,,,,,,,,,,,,,,,,,,,,,,,,,,,,,,,,,,,,,,,,,,,,,,,,,,,,,,,,,,,,,,,,,,,,,,,,,,,,,,,,,,,,,,,,,,,,,,,,,,,,,,,,,,,,,,,,,,,,,,,,,,,,,,,,,,,,,,,,,,,,,,,,,,,,,,,,,,,,,,,,,,,,,,,,,,,,,,,,,,,,,,,,,,,,,,,,,,,,,
卫生和社会工作,青海省,0,,,,,,,,,,,,,,,,,,,,,,,,,,,,,,,,,,,,,,,,,,,,,,,,,,,,,,,,,,,,,,,,,,,,,,,,,,,,,,,,,,,,,,,,,,,,,,,,,,,,,,,,,,,,,,,,,,,,,,,,,,,,,,,,,,,,,,,,,,,,,,,,,,,,,,,,,,,,,,,,,,,,,,,,,,,,,,,,,,,,,,,,,,,,,,,,,,,,,,,,,,,,,,,,,,,,,,,,,,,,,,,,,,,,,,,,,,,,,,,,,,,,,,,,,,,,,,,,,,,,,,,,,,,,,,
文教、工美、体育和娱乐用品制造业,青海省,0,,,,,,,,,,,,,,,,,,,,,,,,,,,,,,,,,,,,,,,,,,,,,,,,,,,,,,,,,,,,,,,,,,,,,,,,,,,,,,,,,,,,,,,,,,,,,,,,,,,,,,,,,,,,,,,,,,,,,,,,,,,,,,,,,,,,,,,,,,,,,,,,,,,,,,,,,,,,,,,,,,,,,,,,,,,,,,,,,,,,,,,,,,,,,,,,,,,,,,,,,,,,,,,,,,,,,,,,,,,,,,,,,,,,,,,,,,,,,,,,,,,,,,,,,,,,,,,,,,,,,,,,,,,,,,
石油加工、炼焦和核燃料加工业,青海省,0,,,,,,,,,,,,,,,,,,,,,,,,,,,,,,,,,,,,,,,,,,,,,,,,,,,,,,,,,,,,,,,,,,,,,,,,,,,,,,,,,,,,,,,,,,,,,,,,,,,,,,,,,,,,,,,,,,,,,,,,,,,,,,,,,,,,,,,,,,,,,,,,,,,,,,,,,,,,,,,,,,,,,,,,,,,,,,,,,,,,,,,,,,,,,,,,,,,,,,,,,,,,,,,,,,,,,,,,,,,,,,,,,,,,,,,,,,,,,,,,,,,,,,,,,,,,,,,,,,,,,,,,,,,,,,
化学纤维制造业,青海省,0,,,,,,,,,,,,,,,,,,,,,,,,,,,,,,,,,,,,,,,,,,,,,,,,,,,,,,,,,,,,,,,,,,,,,,,,,,,,,,,,,,,,,,,,,,,,,,,,,,,,,,,,,,,,,,,,,,,,,,,,,,,,,,,,,,,,,,,,,,,,,,,,,,,,,,,,,,,,,,,,,,,,,,,,,,,,,,,,,,,,,,,,,,,,,,,,,,,,,,,,,,,,,,,,,,,,,,,,,,,,,,,,,,,,,,,,,,,,,,,,,,,,,,,,,,,,,,,,,,,,,,,,,,,,,,
家具制造业,青海省,0,,,,,,,,,,,,,,,,,,,,,,,,,,,,,,,,,,,,,,,,,,,,,,,,,,,,,,,,,,,,,,,,,,,,,,,,,,,,,,,,,,,,,,,,,,,,,,,,,,,,,,,,,,,,,,,,,,,,,,,,,,,,,,,,,,,,,,,,,,,,,,,,,,,,,,,,,,,,,,,,,,,,,,,,,,,,,,,,,,,,,,,,,,,,,,,,,,,,,,,,,,,,,,,,,,,,,,,,,,,,,,,,,,,,,,,,,,,,,,,,,,,,,,,,,,,,,,,,,,,,,,,,,,,,,,
住宿和餐饮业,青海省,0,,,,,,,,,,,,,,,,,,,,,,,,,,,,,,,,,,,,,,,,,,,,,,,,,,,,,,,,,,,,,,,,,,,,,,,,,,,,,,,,,,,,,,,,,,,,,,,,,,,,,,,,,,,,,,,,,,,,,,,,,,,,,,,,,,,,,,,,,,,,,,,,,,,,,,,,,,,,,,,,,,,,,,,,,,,,,,,,,,,,,,,,,,,,,,,,,,,,,,,,,,,,,,,,,,,,,,,,,,,,,,,,,,,,,,,,,,,,,,,,,,,,,,,,,,,,,,,,,,,,,,,,,,,,,,
木材加工和木、竹、藤、棕、草制品业,青海省,0,,,,,,,,,,,,,,,,,,,,,,,,,,,,,,,,,,,,,,,,,,,,,,,,,,,,,,,,,,,,,,,,,,,,,,,,,,,,,,,,,,,,,,,,,,,,,,,,,,,,,,,,,,,,,,,,,,,,,,,,,,,,,,,,,,,,,,,,,,,,,,,,,,,,,,,,,,,,,,,,,,,,,,,,,,,,,,,,,,,,,,,,,,,,,,,,,,,,,,,,,,,,,,,,,,,,,,,,,,,,,,,,,,,,,,,,,,,,,,,,,,,,,,,,,,,,,,,,,,,,,,,,,,,,,,
居民服务、修理和其他服务业,青海省,0,,,,,,,,,,,,,,,,,,,,,,,,,,,,,,,,,,,,,,,,,,,,,,,,,,,,,,,,,,,,,,,,,,,,,,,,,,,,,,,,,,,,,,,,,,,,,,,,,,,,,,,,,,,,,,,,,,,,,,,,,,,,,,,,,,,,,,,,,,,,,,,,,,,,,,,,,,,,,,,,,,,,,,,,,,,,,,,,,,,,,,,,,,,,,,,,,,,,,,,,,,,,,,,,,,,,,,,,,,,,,,,,,,,,,,,,,,,,,,,,,,,,,,,,,,,,,,,,,,,,,,,,,,,,,,
医药制造业,台湾省,0,,,,,,,,,,,,,,,,,,,,,,,,,,,,,,,,,,,,,,,,,,,,,,,,,,,,,,,,,,,,,,,,,,,,,,,,,,,,,,,,,,,,,,,,,,,,,,,,,,,,,,,,,,,,,,,,,,,,,,,,,,,,,,,,,,,,,,,,,,,,,,,,,,,,,,,,,,,,,,,,,,,,,,,,,,,,,,,,,,,,,,,,,,,,,,,,,,,,,,,,,,,,,,,,,,,,,,,,,,,,,,,,,,,,,,,,,,,,,,,,,,,,,,,,,,,,,,,,,,,,,,,,,,,,,,
化学原料和化学制品制造业,台湾省,0,,,,,,,,,,,,,,,,,,,,,,,,,,,,,,,,,,,,,,,,,,,,,,,,,,,,,,,,,,,,,,,,,,,,,,,,,,,,,,,,,,,,,,,,,,,,,,,,,,,,,,,,,,,,,,,,,,,,,,,,,,,,,,,,,,,,,,,,,,,,,,,,,,,,,,,,,,,,,,,,,,,,,,,,,,,,,,,,,,,,,,,,,,,,,,,,,,,,,,,,,,,,,,,,,,,,,,,,,,,,,,,,,,,,,,,,,,,,,,,,,,,,,,,,,,,,,,,,,,,,,,,,,,,,,,
食品饮料业,台湾省,0,,,,,,,,,,,,,,,,,,,,,,,,,,,,,,,,,,,,,,,,,,,,,,,,,,,,,,,,,,,,,,,,,,,,,,,,,,,,,,,,,,,,,,,,,,,,,,,,,,,,,,,,,,,,,,,,,,,,,,,,,,,,,,,,,,,,,,,,,,,,,,,,,,,,,,,,,,,,,,,,,,,,,,,,,,,,,,,,,,,,,,,,,,,,,,,,,,,,,,,,,,,,,,,,,,,,,,,,,,,,,,,,,,,,,,,,,,,,,,,,,,,,,,,,,,,,,,,,,,,,,,,,,,,,,,
专用设备制造业,台湾省,0,,,,,,,,,,,,,,,,,,,,,,,,,,,,,,,,,,,,,,,,,,,,,,,,,,,,,,,,,,,,,,,,,,,,,,,,,,,,,,,,,,,,,,,,,,,,,,,,,,,,,,,,,,,,,,,,,,,,,,,,,,,,,,,,,,,,,,,,,,,,,,,,,,,,,,,,,,,,,,,,,,,,,,,,,,,,,,,,,,,,,,,,,,,,,,,,,,,,,,,,,,,,,,,,,,,,,,,,,,,,,,,,,,,,,,,,,,,,,,,,,,,,,,,,,,,,,,,,,,,,,,,,,,,,,,
信息传输、软件和信息技术服务业,台湾省,3,,,,,1,1,1,,,3,,,,,,,1,1,,,,,1,,,,,,,,,,,,,,,,,,,,,,,,,,,,,,,,,,,,,,,,,,,,,,,,,,,,,,,,,,,,,,,,,,,,,,,,,,,,,,,,,,,,,,,,,,,,,,,,,,,,,,,,,,,,,,,,,,,,,,,,,,,,,,,,,,,,,,,,,,,,,,,,,,,,,,,,,,,,,,,,,,,,,,,,,,,,,,,,,,,,,,,,,,,,,,,,,,,,,,,,,,,,,,,,,,,,,,,,,,,,,,,,,,,,,,,,,,,,,,,,,,,,,,,
电力、热力、燃气及水生产和供应业,台湾省,0,,,,,,,,,,,,,,,,,,,,,,,,,,,,,,,,,,,,,,,,,,,,,,,,,,,,,,,,,,,,,,,,,,,,,,,,,,,,,,,,,,,,,,,,,,,,,,,,,,,,,,,,,,,,,,,,,,,,,,,,,,,,,,,,,,,,,,,,,,,,,,,,,,,,,,,,,,,,,,,,,,,,,,,,,,,,,,,,,,,,,,,,,,,,,,,,,,,,,,,,,,,,,,,,,,,,,,,,,,,,,,,,,,,,,,,,,,,,,,,,,,,,,,,,,,,,,,,,,,,,,,,,,,,,,,
商业电气机械和器材制造业,台湾省,0,,,,,,,,,,,,,,,,,,,,,,,,,,,,,,,,,,,,,,,,,,,,,,,,,,,,,,,,,,,,,,,,,,,,,,,,,,,,,,,,,,,,,,,,,,,,,,,,,,,,,,,,,,,,,,,,,,,,,,,,,,,,,,,,,,,,,,,,,,,,,,,,,,,,,,,,,,,,,,,,,,,,,,,,,,,,,,,,,,,,,,,,,,,,,,,,,,,,,,,,,,,,,,,,,,,,,,,,,,,,,,,,,,,,,,,,,,,,,,,,,,,,,,,,,,,,,,,,,,,,,,,,,,,,,,
批发和零售业,台湾省,0,,,,,,,,,,,,,,,,,,,,,,,,,,,,,,,,,,,,,,,,,,,,,,,,,,,,,,,,,,,,,,,,,,,,,,,,,,,,,,,,,,,,,,,,,,,,,,,,,,,,,,,,,,,,,,,,,,,,,,,,,,,,,,,,,,,,,,,,,,,,,,,,,,,,,,,,,,,,,,,,,,,,,,,,,,,,,,,,,,,,,,,,,,,,,,,,,,,,,,,,,,,,,,,,,,,,,,,,,,,,,,,,,,,,,,,,,,,,,,,,,,,,,,,,,,,,,,,,,,,,,,,,,,,,,,
金融业,台湾省,0,,,,,,,,,,,,,,,,,,,,,,,,,,,,,,,,,,,,,,,,,,,,,,,,,,,,,,,,,,,,,,,,,,,,,,,,,,,,,,,,,,,,,,,,,,,,,,,,,,,,,,,,,,,,,,,,,,,,,,,,,,,,,,,,,,,,,,,,,,,,,,,,,,,,,,,,,,,,,,,,,,,,,,,,,,,,,,,,,,,,,,,,,,,,,,,,,,,,,,,,,,,,,,,,,,,,,,,,,,,,,,,,,,,,,,,,,,,,,,,,,,,,,,,,,,,,,,,,,,,,,,,,,,,,,,
汽车制造业,台湾省,0,,,,,,,,,,,,,,,,,,,,,,,,,,,,,,,,,,,,,,,,,,,,,,,,,,,,,,,,,,,,,,,,,,,,,,,,,,,,,,,,,,,,,,,,,,,,,,,,,,,,,,,,,,,,,,,,,,,,,,,,,,,,,,,,,,,,,,,,,,,,,,,,,,,,,,,,,,,,,,,,,,,,,,,,,,,,,,,,,,,,,,,,,,,,,,,,,,,,,,,,,,,,,,,,,,,,,,,,,,,,,,,,,,,,,,,,,,,,,,,,,,,,,,,,,,,,,,,,,,,,,,,,,,,,,,
金属冶炼和压延加工业,台湾省,0,,,,,,,,,,,,,,,,,,,,,,,,,,,,,,,,,,,,,,,,,,,,,,,,,,,,,,,,,,,,,,,,,,,,,,,,,,,,,,,,,,,,,,,,,,,,,,,,,,,,,,,,,,,,,,,,,,,,,,,,,,,,,,,,,,,,,,,,,,,,,,,,,,,,,,,,,,,,,,,,,,,,,,,,,,,,,,,,,,,,,,,,,,,,,,,,,,,,,,,,,,,,,,,,,,,,,,,,,,,,,,,,,,,,,,,,,,,,,,,,,,,,,,,,,,,,,,,,,,,,,,,,,,,,,,
交通运输、仓储和邮政业,台湾省,0,,,,,,,,,,,,,,,,,,,,,,,,,,,,,,,,,,,,,,,,,,,,,,,,,,,,,,,,,,,,,,,,,,,,,,,,,,,,,,,,,,,,,,,,,,,,,,,,,,,,,,,,,,,,,,,,,,,,,,,,,,,,,,,,,,,,,,,,,,,,,,,,,,,,,,,,,,,,,,,,,,,,,,,,,,,,,,,,,,,,,,,,,,,,,,,,,,,,,,,,,,,,,,,,,,,,,,,,,,,,,,,,,,,,,,,,,,,,,,,,,,,,,,,,,,,,,,,,,,,,,,,,,,,,,,
消费电子及电气业,台湾省,2,,,,,,1,1,,,2,,,,,,,1,1,,,,,,,,,,,,,,,,,,,,,,,,,,,,,,,,,,,,,,,,,,,,,,,,,,,,,,,,,,,,,,,,,,,,,,,,,,,,,,,,,,,,,,,,,,,,,,,,,,,,,,,,,,,,,,,,,,,,,,,,,,,,,,,,,,,,,,,,,,,,,,,,,,,,,,,,,,,,,,,,,,,,,,,,,,,,,,,,,,,,,,,,,,,,,,,,,,,,,,,,,,,,,,,,,,,,,,,,,,,,,,,,,,,,,,,,,,,,,,,,,,,,,,,,,,,,
房地产业,台湾省,0,,,,,,,,,,,,,,,,,,,,,,,,,,,,,,,,,,,,,,,,,,,,,,,,,,,,,,,,,,,,,,,,,,,,,,,,,,,,,,,,,,,,,,,,,,,,,,,,,,,,,,,,,,,,,,,,,,,,,,,,,,,,,,,,,,,,,,,,,,,,,,,,,,,,,,,,,,,,,,,,,,,,,,,,,,,,,,,,,,,,,,,,,,,,,,,,,,,,,,,,,,,,,,,,,,,,,,,,,,,,,,,,,,,,,,,,,,,,,,,,,,,,,,,,,,,,,,,,,,,,,,,,,,,,,,
采矿业,台湾省,0,,,,,,,,,,,,,,,,,,,,,,,,,,,,,,,,,,,,,,,,,,,,,,,,,,,,,,,,,,,,,,,,,,,,,,,,,,,,,,,,,,,,,,,,,,,,,,,,,,,,,,,,,,,,,,,,,,,,,,,,,,,,,,,,,,,,,,,,,,,,,,,,,,,,,,,,,,,,,,,,,,,,,,,,,,,,,,,,,,,,,,,,,,,,,,,,,,,,,,,,,,,,,,,,,,,,,,,,,,,,,,,,,,,,,,,,,,,,,,,,,,,,,,,,,,,,,,,,,,,,,,,,,,,,,,
非金属矿物制品业,台湾省,0,,,,,,,,,,,,,,,,,,,,,,,,,,,,,,,,,,,,,,,,,,,,,,,,,,,,,,,,,,,,,,,,,,,,,,,,,,,,,,,,,,,,,,,,,,,,,,,,,,,,,,,,,,,,,,,,,,,,,,,,,,,,,,,,,,,,,,,,,,,,,,,,,,,,,,,,,,,,,,,,,,,,,,,,,,,,,,,,,,,,,,,,,,,,,,,,,,,,,,,,,,,,,,,,,,,,,,,,,,,,,,,,,,,,,,,,,,,,,,,,,,,,,,,,,,,,,,,,,,,,,,,,,,,,,,
通用设备制造业,台湾省,0,,,,,,,,,,,,,,,,,,,,,,,,,,,,,,,,,,,,,,,,,,,,,,,,,,,,,,,,,,,,,,,,,,,,,,,,,,,,,,,,,,,,,,,,,,,,,,,,,,,,,,,,,,,,,,,,,,,,,,,,,,,,,,,,,,,,,,,,,,,,,,,,,,,,,,,,,,,,,,,,,,,,,,,,,,,,,,,,,,,,,,,,,,,,,,,,,,,,,,,,,,,,,,,,,,,,,,,,,,,,,,,,,,,,,,,,,,,,,,,,,,,,,,,,,,,,,,,,,,,,,,,,,,,,,,
半导体业,台湾省,7,,,,,,1,6,,,7,,,,,,,6,1,,,,,,,,,,,,,,,,,,,,,,,,,,,,,,,,,,,,,,,,,,,,,,,,,,,,,,,,,,,,,,,,,,,,,,,,,,,,,,,,,,,,,,,,,,,,,,,,,,,,,,,,,,,,,,,,,,,,,,,,,,,,,,,,,,,,,,,,,,,,,,,,,,,,,,,,,,,,,,,,,,,,,,,,,,,,,,,,,,,,,,,,,,,,,,,,,,,,,,,,,,,,,,,,,,,,,,,,,,,,,,,,,,,,,,,,,,,,,,,,,,,,,,,,,,,,
建筑业,台湾省,0,,,,,,,,,,,,,,,,,,,,,,,,,,,,,,,,,,,,,,,,,,,,,,,,,,,,,,,,,,,,,,,,,,,,,,,,,,,,,,,,,,,,,,,,,,,,,,,,,,,,,,,,,,,,,,,,,,,,,,,,,,,,,,,,,,,,,,,,,,,,,,,,,,,,,,,,,,,,,,,,,,,,,,,,,,,,,,,,,,,,,,,,,,,,,,,,,,,,,,,,,,,,,,,,,,,,,,,,,,,,,,,,,,,,,,,,,,,,,,,,,,,,,,,,,,,,,,,,,,,,,,,,,,,,,,
铁路、船舶、航空航天和其他运输设备制造业,台湾省,0,,,,,,,,,,,,,,,,,,,,,,,,,,,,,,,,,,,,,,,,,,,,,,,,,,,,,,,,,,,,,,,,,,,,,,,,,,,,,,,,,,,,,,,,,,,,,,,,,,,,,,,,,,,,,,,,,,,,,,,,,,,,,,,,,,,,,,,,,,,,,,,,,,,,,,,,,,,,,,,,,,,,,,,,,,,,,,,,,,,,,,,,,,,,,,,,,,,,,,,,,,,,,,,,,,,,,,,,,,,,,,,,,,,,,,,,,,,,,,,,,,,,,,,,,,,,,,,,,,,,,,,,,,,,,,
水利、环境和公共设施管理业,台湾省,0,,,,,,,,,,,,,,,,,,,,,,,,,,,,,,,,,,,,,,,,,,,,,,,,,,,,,,,,,,,,,,,,,,,,,,,,,,,,,,,,,,,,,,,,,,,,,,,,,,,,,,,,,,,,,,,,,,,,,,,,,,,,,,,,,,,,,,,,,,,,,,,,,,,,,,,,,,,,,,,,,,,,,,,,,,,,,,,,,,,,,,,,,,,,,,,,,,,,,,,,,,,,,,,,,,,,,,,,,,,,,,,,,,,,,,,,,,,,,,,,,,,,,,,,,,,,,,,,,,,,,,,,,,,,,,
科学研究和技术服务业,台湾省,0,,,,,,,,,,,,,,,,,,,,,,,,,,,,,,,,,,,,,,,,,,,,,,,,,,,,,,,,,,,,,,,,,,,,,,,,,,,,,,,,,,,,,,,,,,,,,,,,,,,,,,,,,,,,,,,,,,,,,,,,,,,,,,,,,,,,,,,,,,,,,,,,,,,,,,,,,,,,,,,,,,,,,,,,,,,,,,,,,,,,,,,,,,,,,,,,,,,,,,,,,,,,,,,,,,,,,,,,,,,,,,,,,,,,,,,,,,,,,,,,,,,,,,,,,,,,,,,,,,,,,,,,,,,,,,
纺织鞋服业,台湾省,0,,,,,,,,,,,,,,,,,,,,,,,,,,,,,,,,,,,,,,,,,,,,,,,,,,,,,,,,,,,,,,,,,,,,,,,,,,,,,,,,,,,,,,,,,,,,,,,,,,,,,,,,,,,,,,,,,,,,,,,,,,,,,,,,,,,,,,,,,,,,,,,,,,,,,,,,,,,,,,,,,,,,,,,,,,,,,,,,,,,,,,,,,,,,,,,,,,,,,,,,,,,,,,,,,,,,,,,,,,,,,,,,,,,,,,,,,,,,,,,,,,,,,,,,,,,,,,,,,,,,,,,,,,,,,,
通信传输设备业,台湾省,1,,,,,,,1,,,1,,,,,,,1,,,,,,,,,,,,,,,,,,,,,,,,,,,,,,,,,,,,,,,,,,,,,,,,,,,,,,,,,,,,,,,,,,,,,,,,,,,,,,,,,,,,,,,,,,,,,,,,,,,,,,,,,,,,,,,,,,,,,,,,,,,,,,,,,,,,,,,,,,,,,,,,,,,,,,,,,,,,,,,,,,,,,,,,,,,,,,,,,,,,,,,,,,,,,,,,,,,,,,,,,,,,,,,,,,,,,,,,,,,,,,,,,,,,,,,,,,,,,,,,,,,,,,,,,,,,,
金属制品业,台湾省,0,,,,,,,,,,,,,,,,,,,,,,,,,,,,,,,,,,,,,,,,,,,,,,,,,,,,,,,,,,,,,,,,,,,,,,,,,,,,,,,,,,,,,,,,,,,,,,,,,,,,,,,,,,,,,,,,,,,,,,,,,,,,,,,,,,,,,,,,,,,,,,,,,,,,,,,,,,,,,,,,,,,,,,,,,,,,,,,,,,,,,,,,,,,,,,,,,,,,,,,,,,,,,,,,,,,,,,,,,,,,,,,,,,,,,,,,,,,,,,,,,,,,,,,,,,,,,,,,,,,,,,,,,,,,,,
文化、体育和娱乐业,台湾省,0,,,,,,,,,,,,,,,,,,,,,,,,,,,,,,,,,,,,,,,,,,,,,,,,,,,,,,,,,,,,,,,,,,,,,,,,,,,,,,,,,,,,,,,,,,,,,,,,,,,,,,,,,,,,,,,,,,,,,,,,,,,,,,,,,,,,,,,,,,,,,,,,,,,,,,,,,,,,,,,,,,,,,,,,,,,,,,,,,,,,,,,,,,,,,,,,,,,,,,,,,,,,,,,,,,,,,,,,,,,,,,,,,,,,,,,,,,,,,,,,,,,,,,,,,,,,,,,,,,,,,,,,,,,,,,
橡胶和塑料制品业,台湾省,0,,,,,,,,,,,,,,,,,,,,,,,,,,,,,,,,,,,,,,,,,,,,,,,,,,,,,,,,,,,,,,,,,,,,,,,,,,,,,,,,,,,,,,,,,,,,,,,,,,,,,,,,,,,,,,,,,,,,,,,,,,,,,,,,,,,,,,,,,,,,,,,,,,,,,,,,,,,,,,,,,,,,,,,,,,,,,,,,,,,,,,,,,,,,,,,,,,,,,,,,,,,,,,,,,,,,,,,,,,,,,,,,,,,,,,,,,,,,,,,,,,,,,,,,,,,,,,,,,,,,,,,,,,,,,,
租赁和商务服务业,台湾省,0,,,,,,,,,,,,,,,,,,,,,,,,,,,,,,,,,,,,,,,,,,,,,,,,,,,,,,,,,,,,,,,,,,,,,,,,,,,,,,,,,,,,,,,,,,,,,,,,,,,,,,,,,,,,,,,,,,,,,,,,,,,,,,,,,,,,,,,,,,,,,,,,,,,,,,,,,,,,,,,,,,,,,,,,,,,,,,,,,,,,,,,,,,,,,,,,,,,,,,,,,,,,,,,,,,,,,,,,,,,,,,,,,,,,,,,,,,,,,,,,,,,,,,,,,,,,,,,,,,,,,,,,,,,,,,
农、林、牧、渔业,台湾省,0,,,,,,,,,,,,,,,,,,,,,,,,,,,,,,,,,,,,,,,,,,,,,,,,,,,,,,,,,,,,,,,,,,,,,,,,,,,,,,,,,,,,,,,,,,,,,,,,,,,,,,,,,,,,,,,,,,,,,,,,,,,,,,,,,,,,,,,,,,,,,,,,,,,,,,,,,,,,,,,,,,,,,,,,,,,,,,,,,,,,,,,,,,,,,,,,,,,,,,,,,,,,,,,,,,,,,,,,,,,,,,,,,,,,,,,,,,,,,,,,,,,,,,,,,,,,,,,,,,,,,,,,,,,,,,
仪器仪表制造业,台湾省,0,,,,,,,,,,,,,,,,,,,,,,,,,,,,,,,,,,,,,,,,,,,,,,,,,,,,,,,,,,,,,,,,,,,,,,,,,,,,,,,,,,,,,,,,,,,,,,,,,,,,,,,,,,,,,,,,,,,,,,,,,,,,,,,,,,,,,,,,,,,,,,,,,,,,,,,,,,,,,,,,,,,,,,,,,,,,,,,,,,,,,,,,,,,,,,,,,,,,,,,,,,,,,,,,,,,,,,,,,,,,,,,,,,,,,,,,,,,,,,,,,,,,,,,,,,,,,,,,,,,,,,,,,,,,,,
造纸和纸制品业,台湾省,0,,,,,,,,,,,,,,,,,,,,,,,,,,,,,,,,,,,,,,,,,,,,,,,,,,,,,,,,,,,,,,,,,,,,,,,,,,,,,,,,,,,,,,,,,,,,,,,,,,,,,,,,,,,,,,,,,,,,,,,,,,,,,,,,,,,,,,,,,,,,,,,,,,,,,,,,,,,,,,,,,,,,,,,,,,,,,,,,,,,,,,,,,,,,,,,,,,,,,,,,,,,,,,,,,,,,,,,,,,,,,,,,,,,,,,,,,,,,,,,,,,,,,,,,,,,,,,,,,,,,,,,,,,,,,,
其他制造业,台湾省,0,,,,,,,,,,,,,,,,,,,,,,,,,,,,,,,,,,,,,,,,,,,,,,,,,,,,,,,,,,,,,,,,,,,,,,,,,,,,,,,,,,,,,,,,,,,,,,,,,,,,,,,,,,,,,,,,,,,,,,,,,,,,,,,,,,,,,,,,,,,,,,,,,,,,,,,,,,,,,,,,,,,,,,,,,,,,,,,,,,,,,,,,,,,,,,,,,,,,,,,,,,,,,,,,,,,,,,,,,,,,,,,,,,,,,,,,,,,,,,,,,,,,,,,,,,,,,,,,,,,,,,,,,,,,,,
教育,台湾省,0,,,,,,,,,,,,,,,,,,,,,,,,,,,,,,,,,,,,,,,,,,,,,,,,,,,,,,,,,,,,,,,,,,,,,,,,,,,,,,,,,,,,,,,,,,,,,,,,,,,,,,,,,,,,,,,,,,,,,,,,,,,,,,,,,,,,,,,,,,,,,,,,,,,,,,,,,,,,,,,,,,,,,,,,,,,,,,,,,,,,,,,,,,,,,,,,,,,,,,,,,,,,,,,,,,,,,,,,,,,,,,,,,,,,,,,,,,,,,,,,,,,,,,,,,,,,,,,,,,,,,,,,,,,,,,
综合,台湾省,0,,,,,,,,,,,,,,,,,,,,,,,,,,,,,,,,,,,,,,,,,,,,,,,,,,,,,,,,,,,,,,,,,,,,,,,,,,,,,,,,,,,,,,,,,,,,,,,,,,,,,,,,,,,,,,,,,,,,,,,,,,,,,,,,,,,,,,,,,,,,,,,,,,,,,,,,,,,,,,,,,,,,,,,,,,,,,,,,,,,,,,,,,,,,,,,,,,,,,,,,,,,,,,,,,,,,,,,,,,,,,,,,,,,,,,,,,,,,,,,,,,,,,,,,,,,,,,,,,,,,,,,,,,,,,,
废弃资源综合利用业,台湾省,0,,,,,,,,,,,,,,,,,,,,,,,,,,,,,,,,,,,,,,,,,,,,,,,,,,,,,,,,,,,,,,,,,,,,,,,,,,,,,,,,,,,,,,,,,,,,,,,,,,,,,,,,,,,,,,,,,,,,,,,,,,,,,,,,,,,,,,,,,,,,,,,,,,,,,,,,,,,,,,,,,,,,,,,,,,,,,,,,,,,,,,,,,,,,,,,,,,,,,,,,,,,,,,,,,,,,,,,,,,,,,,,,,,,,,,,,,,,,,,,,,,,,,,,,,,,,,,,,,,,,,,,,,,,,,,
印刷和记录媒介复制业,台湾省,0,,,,,,,,,,,,,,,,,,,,,,,,,,,,,,,,,,,,,,,,,,,,,,,,,,,,,,,,,,,,,,,,,,,,,,,,,,,,,,,,,,,,,,,,,,,,,,,,,,,,,,,,,,,,,,,,,,,,,,,,,,,,,,,,,,,,,,,,,,,,,,,,,,,,,,,,,,,,,,,,,,,,,,,,,,,,,,,,,,,,,,,,,,,,,,,,,,,,,,,,,,,,,,,,,,,,,,,,,,,,,,,,,,,,,,,,,,,,,,,,,,,,,,,,,,,,,,,,,,,,,,,,,,,,,,
卫生和社会工作,台湾省,0,,,,,,,,,,,,,,,,,,,,,,,,,,,,,,,,,,,,,,,,,,,,,,,,,,,,,,,,,,,,,,,,,,,,,,,,,,,,,,,,,,,,,,,,,,,,,,,,,,,,,,,,,,,,,,,,,,,,,,,,,,,,,,,,,,,,,,,,,,,,,,,,,,,,,,,,,,,,,,,,,,,,,,,,,,,,,,,,,,,,,,,,,,,,,,,,,,,,,,,,,,,,,,,,,,,,,,,,,,,,,,,,,,,,,,,,,,,,,,,,,,,,,,,,,,,,,,,,,,,,,,,,,,,,,,
文教、工美、体育和娱乐用品制造业,台湾省,0,,,,,,,,,,,,,,,,,,,,,,,,,,,,,,,,,,,,,,,,,,,,,,,,,,,,,,,,,,,,,,,,,,,,,,,,,,,,,,,,,,,,,,,,,,,,,,,,,,,,,,,,,,,,,,,,,,,,,,,,,,,,,,,,,,,,,,,,,,,,,,,,,,,,,,,,,,,,,,,,,,,,,,,,,,,,,,,,,,,,,,,,,,,,,,,,,,,,,,,,,,,,,,,,,,,,,,,,,,,,,,,,,,,,,,,,,,,,,,,,,,,,,,,,,,,,,,,,,,,,,,,,,,,,,,
石油加工、炼焦和核燃料加工业,台湾省,0,,,,,,,,,,,,,,,,,,,,,,,,,,,,,,,,,,,,,,,,,,,,,,,,,,,,,,,,,,,,,,,,,,,,,,,,,,,,,,,,,,,,,,,,,,,,,,,,,,,,,,,,,,,,,,,,,,,,,,,,,,,,,,,,,,,,,,,,,,,,,,,,,,,,,,,,,,,,,,,,,,,,,,,,,,,,,,,,,,,,,,,,,,,,,,,,,,,,,,,,,,,,,,,,,,,,,,,,,,,,,,,,,,,,,,,,,,,,,,,,,,,,,,,,,,,,,,,,,,,,,,,,,,,,,,
化学纤维制造业,台湾省,0,,,,,,,,,,,,,,,,,,,,,,,,,,,,,,,,,,,,,,,,,,,,,,,,,,,,,,,,,,,,,,,,,,,,,,,,,,,,,,,,,,,,,,,,,,,,,,,,,,,,,,,,,,,,,,,,,,,,,,,,,,,,,,,,,,,,,,,,,,,,,,,,,,,,,,,,,,,,,,,,,,,,,,,,,,,,,,,,,,,,,,,,,,,,,,,,,,,,,,,,,,,,,,,,,,,,,,,,,,,,,,,,,,,,,,,,,,,,,,,,,,,,,,,,,,,,,,,,,,,,,,,,,,,,,,
家具制造业,台湾省,0,,,,,,,,,,,,,,,,,,,,,,,,,,,,,,,,,,,,,,,,,,,,,,,,,,,,,,,,,,,,,,,,,,,,,,,,,,,,,,,,,,,,,,,,,,,,,,,,,,,,,,,,,,,,,,,,,,,,,,,,,,,,,,,,,,,,,,,,,,,,,,,,,,,,,,,,,,,,,,,,,,,,,,,,,,,,,,,,,,,,,,,,,,,,,,,,,,,,,,,,,,,,,,,,,,,,,,,,,,,,,,,,,,,,,,,,,,,,,,,,,,,,,,,,,,,,,,,,,,,,,,,,,,,,,,
住宿和餐饮业,台湾省,0,,,,,,,,,,,,,,,,,,,,,,,,,,,,,,,,,,,,,,,,,,,,,,,,,,,,,,,,,,,,,,,,,,,,,,,,,,,,,,,,,,,,,,,,,,,,,,,,,,,,,,,,,,,,,,,,,,,,,,,,,,,,,,,,,,,,,,,,,,,,,,,,,,,,,,,,,,,,,,,,,,,,,,,,,,,,,,,,,,,,,,,,,,,,,,,,,,,,,,,,,,,,,,,,,,,,,,,,,,,,,,,,,,,,,,,,,,,,,,,,,,,,,,,,,,,,,,,,,,,,,,,,,,,,,,
木材加工和木、竹、藤、棕、草制品业,台湾省,0,,,,,,,,,,,,,,,,,,,,,,,,,,,,,,,,,,,,,,,,,,,,,,,,,,,,,,,,,,,,,,,,,,,,,,,,,,,,,,,,,,,,,,,,,,,,,,,,,,,,,,,,,,,,,,,,,,,,,,,,,,,,,,,,,,,,,,,,,,,,,,,,,,,,,,,,,,,,,,,,,,,,,,,,,,,,,,,,,,,,,,,,,,,,,,,,,,,,,,,,,,,,,,,,,,,,,,,,,,,,,,,,,,,,,,,,,,,,,,,,,,,,,,,,,,,,,,,,,,,,,,,,,,,,,,
居民服务、修理和其他服务业,台湾省,0,,,,,,,,,,,,,,,,,,,,,,,,,,,,,,,,,,,,,,,,,,,,,,,,,,,,,,,,,,,,,,,,,,,,,,,,,,,,,,,,,,,,,,,,,,,,,,,,,,,,,,,,,,,,,,,,,,,,,,,,,,,,,,,,,,,,,,,,,,,,,,,,,,,,,,,,,,,,,,,,,,,,,,,,,,,,,,,,,,,,,,,,,,,,,,,,,,,,,,,,,,,,,,,,,,,,,,,,,,,,,,,,,,,,,,,,,,,,,,,,,,,,,,,,,,,,,,,,,,,,,,,,,,,,,,
医药制造业,澳门特别行政区,0,,,,,,,,,,,,,,,,,,,,,,,,,,,,,,,,,,,,,,,,,,,,,,,,,,,,,,,,,,,,,,,,,,,,,,,,,,,,,,,,,,,,,,,,,,,,,,,,,,,,,,,,,,,,,,,,,,,,,,,,,,,,,,,,,,,,,,,,,,,,,,,,,,,,,,,,,,,,,,,,,,,,,,,,,,,,,,,,,,,,,,,,,,,,,,,,,,,,,,,,,,,,,,,,,,,,,,,,,,,,,,,,,,,,,,,,,,,,,,,,,,,,,,,,,,,,,,,,,,,,,,,,,,,,,,
化学原料和化学制品制造业,澳门特别行政区,0,,,,,,,,,,,,,,,,,,,,,,,,,,,,,,,,,,,,,,,,,,,,,,,,,,,,,,,,,,,,,,,,,,,,,,,,,,,,,,,,,,,,,,,,,,,,,,,,,,,,,,,,,,,,,,,,,,,,,,,,,,,,,,,,,,,,,,,,,,,,,,,,,,,,,,,,,,,,,,,,,,,,,,,,,,,,,,,,,,,,,,,,,,,,,,,,,,,,,,,,,,,,,,,,,,,,,,,,,,,,,,,,,,,,,,,,,,,,,,,,,,,,,,,,,,,,,,,,,,,,,,,,,,,,,,
食品饮料业,澳门特别行政区,0,,,,,,,,,,,,,,,,,,,,,,,,,,,,,,,,,,,,,,,,,,,,,,,,,,,,,,,,,,,,,,,,,,,,,,,,,,,,,,,,,,,,,,,,,,,,,,,,,,,,,,,,,,,,,,,,,,,,,,,,,,,,,,,,,,,,,,,,,,,,,,,,,,,,,,,,,,,,,,,,,,,,,,,,,,,,,,,,,,,,,,,,,,,,,,,,,,,,,,,,,,,,,,,,,,,,,,,,,,,,,,,,,,,,,,,,,,,,,,,,,,,,,,,,,,,,,,,,,,,,,,,,,,,,,,
专用设备制造业,澳门特别行政区,0,,,,,,,,,,,,,,,,,,,,,,,,,,,,,,,,,,,,,,,,,,,,,,,,,,,,,,,,,,,,,,,,,,,,,,,,,,,,,,,,,,,,,,,,,,,,,,,,,,,,,,,,,,,,,,,,,,,,,,,,,,,,,,,,,,,,,,,,,,,,,,,,,,,,,,,,,,,,,,,,,,,,,,,,,,,,,,,,,,,,,,,,,,,,,,,,,,,,,,,,,,,,,,,,,,,,,,,,,,,,,,,,,,,,,,,,,,,,,,,,,,,,,,,,,,,,,,,,,,,,,,,,,,,,,,
信息传输、软件和信息技术服务业,澳门特别行政区,2,,,,,,2,,,,2,,,,,,,,2,,,,,,,,,,,,,,,,,,,,,,,,,,,,,,,,,,,,,,,,,,,,,,,,,,,,,,,,,,,,,,,,,,,,,,,,,,,,,,,,,,,,,,,,,,,,,,,,,,,,,,,,,,,,,,,,,,,,,,,,,,,,,,,,,,,,,,,,,,,,,,,,,,,,,,,,,,,,,,,,,,,,,,,,,,,,,,,,,,,,,,,,,,,,,,,,,,,,,,,,,,,,,,,,,,,,,,,,,,,,,,,,,,,,,,,,,,,,,,,,,,,,,,,,,,,,
电力、热力、燃气及水生产和供应业,澳门特别行政区,0,,,,,,,,,,,,,,,,,,,,,,,,,,,,,,,,,,,,,,,,,,,,,,,,,,,,,,,,,,,,,,,,,,,,,,,,,,,,,,,,,,,,,,,,,,,,,,,,,,,,,,,,,,,,,,,,,,,,,,,,,,,,,,,,,,,,,,,,,,,,,,,,,,,,,,,,,,,,,,,,,,,,,,,,,,,,,,,,,,,,,,,,,,,,,,,,,,,,,,,,,,,,,,,,,,,,,,,,,,,,,,,,,,,,,,,,,,,,,,,,,,,,,,,,,,,,,,,,,,,,,,,,,,,,,,
商业电气机械和器材制造业,澳门特别行政区,0,,,,,,,,,,,,,,,,,,,,,,,,,,,,,,,,,,,,,,,,,,,,,,,,,,,,,,,,,,,,,,,,,,,,,,,,,,,,,,,,,,,,,,,,,,,,,,,,,,,,,,,,,,,,,,,,,,,,,,,,,,,,,,,,,,,,,,,,,,,,,,,,,,,,,,,,,,,,,,,,,,,,,,,,,,,,,,,,,,,,,,,,,,,,,,,,,,,,,,,,,,,,,,,,,,,,,,,,,,,,,,,,,,,,,,,,,,,,,,,,,,,,,,,,,,,,,,,,,,,,,,,,,,,,,,
批发和零售业,澳门特别行政区,0,,,,,,,,,,,,,,,,,,,,,,,,,,,,,,,,,,,,,,,,,,,,,,,,,,,,,,,,,,,,,,,,,,,,,,,,,,,,,,,,,,,,,,,,,,,,,,,,,,,,,,,,,,,,,,,,,,,,,,,,,,,,,,,,,,,,,,,,,,,,,,,,,,,,,,,,,,,,,,,,,,,,,,,,,,,,,,,,,,,,,,,,,,,,,,,,,,,,,,,,,,,,,,,,,,,,,,,,,,,,,,,,,,,,,,,,,,,,,,,,,,,,,,,,,,,,,,,,,,,,,,,,,,,,,,
金融业,澳门特别行政区,0,,,,,,,,,,,,,,,,,,,,,,,,,,,,,,,,,,,,,,,,,,,,,,,,,,,,,,,,,,,,,,,,,,,,,,,,,,,,,,,,,,,,,,,,,,,,,,,,,,,,,,,,,,,,,,,,,,,,,,,,,,,,,,,,,,,,,,,,,,,,,,,,,,,,,,,,,,,,,,,,,,,,,,,,,,,,,,,,,,,,,,,,,,,,,,,,,,,,,,,,,,,,,,,,,,,,,,,,,,,,,,,,,,,,,,,,,,,,,,,,,,,,,,,,,,,,,,,,,,,,,,,,,,,,,,
汽车制造业,澳门特别行政区,0,,,,,,,,,,,,,,,,,,,,,,,,,,,,,,,,,,,,,,,,,,,,,,,,,,,,,,,,,,,,,,,,,,,,,,,,,,,,,,,,,,,,,,,,,,,,,,,,,,,,,,,,,,,,,,,,,,,,,,,,,,,,,,,,,,,,,,,,,,,,,,,,,,,,,,,,,,,,,,,,,,,,,,,,,,,,,,,,,,,,,,,,,,,,,,,,,,,,,,,,,,,,,,,,,,,,,,,,,,,,,,,,,,,,,,,,,,,,,,,,,,,,,,,,,,,,,,,,,,,,,,,,,,,,,,
金属冶炼和压延加工业,澳门特别行政区,0,,,,,,,,,,,,,,,,,,,,,,,,,,,,,,,,,,,,,,,,,,,,,,,,,,,,,,,,,,,,,,,,,,,,,,,,,,,,,,,,,,,,,,,,,,,,,,,,,,,,,,,,,,,,,,,,,,,,,,,,,,,,,,,,,,,,,,,,,,,,,,,,,,,,,,,,,,,,,,,,,,,,,,,,,,,,,,,,,,,,,,,,,,,,,,,,,,,,,,,,,,,,,,,,,,,,,,,,,,,,,,,,,,,,,,,,,,,,,,,,,,,,,,,,,,,,,,,,,,,,,,,,,,,,,,
交通运输、仓储和邮政业,澳门特别行政区,0,,,,,,,,,,,,,,,,,,,,,,,,,,,,,,,,,,,,,,,,,,,,,,,,,,,,,,,,,,,,,,,,,,,,,,,,,,,,,,,,,,,,,,,,,,,,,,,,,,,,,,,,,,,,,,,,,,,,,,,,,,,,,,,,,,,,,,,,,,,,,,,,,,,,,,,,,,,,,,,,,,,,,,,,,,,,,,,,,,,,,,,,,,,,,,,,,,,,,,,,,,,,,,,,,,,,,,,,,,,,,,,,,,,,,,,,,,,,,,,,,,,,,,,,,,,,,,,,,,,,,,,,,,,,,,
消费电子及电气业,澳门特别行政区,1,,,,,,,1,,,1,,,,,,,1,,,,,,,,,,,,,,,,,,,,,,,,,,,,,,,,,,,,,,,,,,,,,,,,,,,,,,,,,,,,,,,,,,,,,,,,,,,,,,,,,,,,,,,,,,,,,,,,,,,,,,,,,,,,,,,,,,,,,,,,,,,,,,,,,,,,,,,,,,,,,,,,,,,,,,,,,,,,,,,,,,,,,,,,,,,,,,,,,,,,,,,,,,,,,,,,,,,,,,,,,,,,,,,,,,,,,,,,,,,,,,,,,,,,,,,,,,,,,,,,,,,,,,,,,,,,,
房地产业,澳门特别行政区,0,,,,,,,,,,,,,,,,,,,,,,,,,,,,,,,,,,,,,,,,,,,,,,,,,,,,,,,,,,,,,,,,,,,,,,,,,,,,,,,,,,,,,,,,,,,,,,,,,,,,,,,,,,,,,,,,,,,,,,,,,,,,,,,,,,,,,,,,,,,,,,,,,,,,,,,,,,,,,,,,,,,,,,,,,,,,,,,,,,,,,,,,,,,,,,,,,,,,,,,,,,,,,,,,,,,,,,,,,,,,,,,,,,,,,,,,,,,,,,,,,,,,,,,,,,,,,,,,,,,,,,,,,,,,,,
采矿业,澳门特别行政区,0,,,,,,,,,,,,,,,,,,,,,,,,,,,,,,,,,,,,,,,,,,,,,,,,,,,,,,,,,,,,,,,,,,,,,,,,,,,,,,,,,,,,,,,,,,,,,,,,,,,,,,,,,,,,,,,,,,,,,,,,,,,,,,,,,,,,,,,,,,,,,,,,,,,,,,,,,,,,,,,,,,,,,,,,,,,,,,,,,,,,,,,,,,,,,,,,,,,,,,,,,,,,,,,,,,,,,,,,,,,,,,,,,,,,,,,,,,,,,,,,,,,,,,,,,,,,,,,,,,,,,,,,,,,,,,
非金属矿物制品业,澳门特别行政区,0,,,,,,,,,,,,,,,,,,,,,,,,,,,,,,,,,,,,,,,,,,,,,,,,,,,,,,,,,,,,,,,,,,,,,,,,,,,,,,,,,,,,,,,,,,,,,,,,,,,,,,,,,,,,,,,,,,,,,,,,,,,,,,,,,,,,,,,,,,,,,,,,,,,,,,,,,,,,,,,,,,,,,,,,,,,,,,,,,,,,,,,,,,,,,,,,,,,,,,,,,,,,,,,,,,,,,,,,,,,,,,,,,,,,,,,,,,,,,,,,,,,,,,,,,,,,,,,,,,,,,,,,,,,,,,
通用设备制造业,澳门特别行政区,0,,,,,,,,,,,,,,,,,,,,,,,,,,,,,,,,,,,,,,,,,,,,,,,,,,,,,,,,,,,,,,,,,,,,,,,,,,,,,,,,,,,,,,,,,,,,,,,,,,,,,,,,,,,,,,,,,,,,,,,,,,,,,,,,,,,,,,,,,,,,,,,,,,,,,,,,,,,,,,,,,,,,,,,,,,,,,,,,,,,,,,,,,,,,,,,,,,,,,,,,,,,,,,,,,,,,,,,,,,,,,,,,,,,,,,,,,,,,,,,,,,,,,,,,,,,,,,,,,,,,,,,,,,,,,,
半导体业,澳门特别行政区,0,,,,,,,,,,,,,,,,,,,,,,,,,,,,,,,,,,,,,,,,,,,,,,,,,,,,,,,,,,,,,,,,,,,,,,,,,,,,,,,,,,,,,,,,,,,,,,,,,,,,,,,,,,,,,,,,,,,,,,,,,,,,,,,,,,,,,,,,,,,,,,,,,,,,,,,,,,,,,,,,,,,,,,,,,,,,,,,,,,,,,,,,,,,,,,,,,,,,,,,,,,,,,,,,,,,,,,,,,,,,,,,,,,,,,,,,,,,,,,,,,,,,,,,,,,,,,,,,,,,,,,,,,,,,,,
建筑业,澳门特别行政区,0,,,,,,,,,,,,,,,,,,,,,,,,,,,,,,,,,,,,,,,,,,,,,,,,,,,,,,,,,,,,,,,,,,,,,,,,,,,,,,,,,,,,,,,,,,,,,,,,,,,,,,,,,,,,,,,,,,,,,,,,,,,,,,,,,,,,,,,,,,,,,,,,,,,,,,,,,,,,,,,,,,,,,,,,,,,,,,,,,,,,,,,,,,,,,,,,,,,,,,,,,,,,,,,,,,,,,,,,,,,,,,,,,,,,,,,,,,,,,,,,,,,,,,,,,,,,,,,,,,,,,,,,,,,,,,
铁路、船舶、航空航天和其他运输设备制造业,澳门特别行政区,0,,,,,,,,,,,,,,,,,,,,,,,,,,,,,,,,,,,,,,,,,,,,,,,,,,,,,,,,,,,,,,,,,,,,,,,,,,,,,,,,,,,,,,,,,,,,,,,,,,,,,,,,,,,,,,,,,,,,,,,,,,,,,,,,,,,,,,,,,,,,,,,,,,,,,,,,,,,,,,,,,,,,,,,,,,,,,,,,,,,,,,,,,,,,,,,,,,,,,,,,,,,,,,,,,,,,,,,,,,,,,,,,,,,,,,,,,,,,,,,,,,,,,,,,,,,,,,,,,,,,,,,,,,,,,,
水利、环境和公共设施管理业,澳门特别行政区,0,,,,,,,,,,,,,,,,,,,,,,,,,,,,,,,,,,,,,,,,,,,,,,,,,,,,,,,,,,,,,,,,,,,,,,,,,,,,,,,,,,,,,,,,,,,,,,,,,,,,,,,,,,,,,,,,,,,,,,,,,,,,,,,,,,,,,,,,,,,,,,,,,,,,,,,,,,,,,,,,,,,,,,,,,,,,,,,,,,,,,,,,,,,,,,,,,,,,,,,,,,,,,,,,,,,,,,,,,,,,,,,,,,,,,,,,,,,,,,,,,,,,,,,,,,,,,,,,,,,,,,,,,,,,,,
科学研究和技术服务业,澳门特别行政区,0,,,,,,,,,,,,,,,,,,,,,,,,,,,,,,,,,,,,,,,,,,,,,,,,,,,,,,,,,,,,,,,,,,,,,,,,,,,,,,,,,,,,,,,,,,,,,,,,,,,,,,,,,,,,,,,,,,,,,,,,,,,,,,,,,,,,,,,,,,,,,,,,,,,,,,,,,,,,,,,,,,,,,,,,,,,,,,,,,,,,,,,,,,,,,,,,,,,,,,,,,,,,,,,,,,,,,,,,,,,,,,,,,,,,,,,,,,,,,,,,,,,,,,,,,,,,,,,,,,,,,,,,,,,,,,
纺织鞋服业,澳门特别行政区,0,,,,,,,,,,,,,,,,,,,,,,,,,,,,,,,,,,,,,,,,,,,,,,,,,,,,,,,,,,,,,,,,,,,,,,,,,,,,,,,,,,,,,,,,,,,,,,,,,,,,,,,,,,,,,,,,,,,,,,,,,,,,,,,,,,,,,,,,,,,,,,,,,,,,,,,,,,,,,,,,,,,,,,,,,,,,,,,,,,,,,,,,,,,,,,,,,,,,,,,,,,,,,,,,,,,,,,,,,,,,,,,,,,,,,,,,,,,,,,,,,,,,,,,,,,,,,,,,,,,,,,,,,,,,,,
通信传输设备业,澳门特别行政区,0,,,,,,,,,,,,,,,,,,,,,,,,,,,,,,,,,,,,,,,,,,,,,,,,,,,,,,,,,,,,,,,,,,,,,,,,,,,,,,,,,,,,,,,,,,,,,,,,,,,,,,,,,,,,,,,,,,,,,,,,,,,,,,,,,,,,,,,,,,,,,,,,,,,,,,,,,,,,,,,,,,,,,,,,,,,,,,,,,,,,,,,,,,,,,,,,,,,,,,,,,,,,,,,,,,,,,,,,,,,,,,,,,,,,,,,,,,,,,,,,,,,,,,,,,,,,,,,,,,,,,,,,,,,,,,
金属制品业,澳门特别行政区,0,,,,,,,,,,,,,,,,,,,,,,,,,,,,,,,,,,,,,,,,,,,,,,,,,,,,,,,,,,,,,,,,,,,,,,,,,,,,,,,,,,,,,,,,,,,,,,,,,,,,,,,,,,,,,,,,,,,,,,,,,,,,,,,,,,,,,,,,,,,,,,,,,,,,,,,,,,,,,,,,,,,,,,,,,,,,,,,,,,,,,,,,,,,,,,,,,,,,,,,,,,,,,,,,,,,,,,,,,,,,,,,,,,,,,,,,,,,,,,,,,,,,,,,,,,,,,,,,,,,,,,,,,,,,,,
文化、体育和娱乐业,澳门特别行政区,0,,,,,,,,,,,,,,,,,,,,,,,,,,,,,,,,,,,,,,,,,,,,,,,,,,,,,,,,,,,,,,,,,,,,,,,,,,,,,,,,,,,,,,,,,,,,,,,,,,,,,,,,,,,,,,,,,,,,,,,,,,,,,,,,,,,,,,,,,,,,,,,,,,,,,,,,,,,,,,,,,,,,,,,,,,,,,,,,,,,,,,,,,,,,,,,,,,,,,,,,,,,,,,,,,,,,,,,,,,,,,,,,,,,,,,,,,,,,,,,,,,,,,,,,,,,,,,,,,,,,,,,,,,,,,,
橡胶和塑料制品业,澳门特别行政区,0,,,,,,,,,,,,,,,,,,,,,,,,,,,,,,,,,,,,,,,,,,,,,,,,,,,,,,,,,,,,,,,,,,,,,,,,,,,,,,,,,,,,,,,,,,,,,,,,,,,,,,,,,,,,,,,,,,,,,,,,,,,,,,,,,,,,,,,,,,,,,,,,,,,,,,,,,,,,,,,,,,,,,,,,,,,,,,,,,,,,,,,,,,,,,,,,,,,,,,,,,,,,,,,,,,,,,,,,,,,,,,,,,,,,,,,,,,,,,,,,,,,,,,,,,,,,,,,,,,,,,,,,,,,,,,
租赁和商务服务业,澳门特别行政区,0,,,,,,,,,,,,,,,,,,,,,,,,,,,,,,,,,,,,,,,,,,,,,,,,,,,,,,,,,,,,,,,,,,,,,,,,,,,,,,,,,,,,,,,,,,,,,,,,,,,,,,,,,,,,,,,,,,,,,,,,,,,,,,,,,,,,,,,,,,,,,,,,,,,,,,,,,,,,,,,,,,,,,,,,,,,,,,,,,,,,,,,,,,,,,,,,,,,,,,,,,,,,,,,,,,,,,,,,,,,,,,,,,,,,,,,,,,,,,,,,,,,,,,,,,,,,,,,,,,,,,,,,,,,,,,
农、林、牧、渔业,澳门特别行政区,0,,,,,,,,,,,,,,,,,,,,,,,,,,,,,,,,,,,,,,,,,,,,,,,,,,,,,,,,,,,,,,,,,,,,,,,,,,,,,,,,,,,,,,,,,,,,,,,,,,,,,,,,,,,,,,,,,,,,,,,,,,,,,,,,,,,,,,,,,,,,,,,,,,,,,,,,,,,,,,,,,,,,,,,,,,,,,,,,,,,,,,,,,,,,,,,,,,,,,,,,,,,,,,,,,,,,,,,,,,,,,,,,,,,,,,,,,,,,,,,,,,,,,,,,,,,,,,,,,,,,,,,,,,,,,,
仪器仪表制造业,澳门特别行政区,0,,,,,,,,,,,,,,,,,,,,,,,,,,,,,,,,,,,,,,,,,,,,,,,,,,,,,,,,,,,,,,,,,,,,,,,,,,,,,,,,,,,,,,,,,,,,,,,,,,,,,,,,,,,,,,,,,,,,,,,,,,,,,,,,,,,,,,,,,,,,,,,,,,,,,,,,,,,,,,,,,,,,,,,,,,,,,,,,,,,,,,,,,,,,,,,,,,,,,,,,,,,,,,,,,,,,,,,,,,,,,,,,,,,,,,,,,,,,,,,,,,,,,,,,,,,,,,,,,,,,,,,,,,,,,,
造纸和纸制品业,澳门特别行政区,0,,,,,,,,,,,,,,,,,,,,,,,,,,,,,,,,,,,,,,,,,,,,,,,,,,,,,,,,,,,,,,,,,,,,,,,,,,,,,,,,,,,,,,,,,,,,,,,,,,,,,,,,,,,,,,,,,,,,,,,,,,,,,,,,,,,,,,,,,,,,,,,,,,,,,,,,,,,,,,,,,,,,,,,,,,,,,,,,,,,,,,,,,,,,,,,,,,,,,,,,,,,,,,,,,,,,,,,,,,,,,,,,,,,,,,,,,,,,,,,,,,,,,,,,,,,,,,,,,,,,,,,,,,,,,,
其他制造业,澳门特别行政区,0,,,,,,,,,,,,,,,,,,,,,,,,,,,,,,,,,,,,,,,,,,,,,,,,,,,,,,,,,,,,,,,,,,,,,,,,,,,,,,,,,,,,,,,,,,,,,,,,,,,,,,,,,,,,,,,,,,,,,,,,,,,,,,,,,,,,,,,,,,,,,,,,,,,,,,,,,,,,,,,,,,,,,,,,,,,,,,,,,,,,,,,,,,,,,,,,,,,,,,,,,,,,,,,,,,,,,,,,,,,,,,,,,,,,,,,,,,,,,,,,,,,,,,,,,,,,,,,,,,,,,,,,,,,,,,
教育,澳门特别行政区,0,,,,,,,,,,,,,,,,,,,,,,,,,,,,,,,,,,,,,,,,,,,,,,,,,,,,,,,,,,,,,,,,,,,,,,,,,,,,,,,,,,,,,,,,,,,,,,,,,,,,,,,,,,,,,,,,,,,,,,,,,,,,,,,,,,,,,,,,,,,,,,,,,,,,,,,,,,,,,,,,,,,,,,,,,,,,,,,,,,,,,,,,,,,,,,,,,,,,,,,,,,,,,,,,,,,,,,,,,,,,,,,,,,,,,,,,,,,,,,,,,,,,,,,,,,,,,,,,,,,,,,,,,,,,,,
综合,澳门特别行政区,0,,,,,,,,,,,,,,,,,,,,,,,,,,,,,,,,,,,,,,,,,,,,,,,,,,,,,,,,,,,,,,,,,,,,,,,,,,,,,,,,,,,,,,,,,,,,,,,,,,,,,,,,,,,,,,,,,,,,,,,,,,,,,,,,,,,,,,,,,,,,,,,,,,,,,,,,,,,,,,,,,,,,,,,,,,,,,,,,,,,,,,,,,,,,,,,,,,,,,,,,,,,,,,,,,,,,,,,,,,,,,,,,,,,,,,,,,,,,,,,,,,,,,,,,,,,,,,,,,,,,,,,,,,,,,,
废弃资源综合利用业,澳门特别行政区,0,,,,,,,,,,,,,,,,,,,,,,,,,,,,,,,,,,,,,,,,,,,,,,,,,,,,,,,,,,,,,,,,,,,,,,,,,,,,,,,,,,,,,,,,,,,,,,,,,,,,,,,,,,,,,,,,,,,,,,,,,,,,,,,,,,,,,,,,,,,,,,,,,,,,,,,,,,,,,,,,,,,,,,,,,,,,,,,,,,,,,,,,,,,,,,,,,,,,,,,,,,,,,,,,,,,,,,,,,,,,,,,,,,,,,,,,,,,,,,,,,,,,,,,,,,,,,,,,,,,,,,,,,,,,,,
印刷和记录媒介复制业,澳门特别行政区,0,,,,,,,,,,,,,,,,,,,,,,,,,,,,,,,,,,,,,,,,,,,,,,,,,,,,,,,,,,,,,,,,,,,,,,,,,,,,,,,,,,,,,,,,,,,,,,,,,,,,,,,,,,,,,,,,,,,,,,,,,,,,,,,,,,,,,,,,,,,,,,,,,,,,,,,,,,,,,,,,,,,,,,,,,,,,,,,,,,,,,,,,,,,,,,,,,,,,,,,,,,,,,,,,,,,,,,,,,,,,,,,,,,,,,,,,,,,,,,,,,,,,,,,,,,,,,,,,,,,,,,,,,,,,,,
卫生和社会工作,澳门特别行政区,0,,,,,,,,,,,,,,,,,,,,,,,,,,,,,,,,,,,,,,,,,,,,,,,,,,,,,,,,,,,,,,,,,,,,,,,,,,,,,,,,,,,,,,,,,,,,,,,,,,,,,,,,,,,,,,,,,,,,,,,,,,,,,,,,,,,,,,,,,,,,,,,,,,,,,,,,,,,,,,,,,,,,,,,,,,,,,,,,,,,,,,,,,,,,,,,,,,,,,,,,,,,,,,,,,,,,,,,,,,,,,,,,,,,,,,,,,,,,,,,,,,,,,,,,,,,,,,,,,,,,,,,,,,,,,,
文教、工美、体育和娱乐用品制造业,澳门特别行政区,0,,,,,,,,,,,,,,,,,,,,,,,,,,,,,,,,,,,,,,,,,,,,,,,,,,,,,,,,,,,,,,,,,,,,,,,,,,,,,,,,,,,,,,,,,,,,,,,,,,,,,,,,,,,,,,,,,,,,,,,,,,,,,,,,,,,,,,,,,,,,,,,,,,,,,,,,,,,,,,,,,,,,,,,,,,,,,,,,,,,,,,,,,,,,,,,,,,,,,,,,,,,,,,,,,,,,,,,,,,,,,,,,,,,,,,,,,,,,,,,,,,,,,,,,,,,,,,,,,,,,,,,,,,,,,,
石油加工、炼焦和核燃料加工业,澳门特别行政区,0,,,,,,,,,,,,,,,,,,,,,,,,,,,,,,,,,,,,,,,,,,,,,,,,,,,,,,,,,,,,,,,,,,,,,,,,,,,,,,,,,,,,,,,,,,,,,,,,,,,,,,,,,,,,,,,,,,,,,,,,,,,,,,,,,,,,,,,,,,,,,,,,,,,,,,,,,,,,,,,,,,,,,,,,,,,,,,,,,,,,,,,,,,,,,,,,,,,,,,,,,,,,,,,,,,,,,,,,,,,,,,,,,,,,,,,,,,,,,,,,,,,,,,,,,,,,,,,,,,,,,,,,,,,,,,
化学纤维制造业,澳门特别行政区,0,,,,,,,,,,,,,,,,,,,,,,,,,,,,,,,,,,,,,,,,,,,,,,,,,,,,,,,,,,,,,,,,,,,,,,,,,,,,,,,,,,,,,,,,,,,,,,,,,,,,,,,,,,,,,,,,,,,,,,,,,,,,,,,,,,,,,,,,,,,,,,,,,,,,,,,,,,,,,,,,,,,,,,,,,,,,,,,,,,,,,,,,,,,,,,,,,,,,,,,,,,,,,,,,,,,,,,,,,,,,,,,,,,,,,,,,,,,,,,,,,,,,,,,,,,,,,,,,,,,,,,,,,,,,,,
家具制造业,澳门特别行政区,0,,,,,,,,,,,,,,,,,,,,,,,,,,,,,,,,,,,,,,,,,,,,,,,,,,,,,,,,,,,,,,,,,,,,,,,,,,,,,,,,,,,,,,,,,,,,,,,,,,,,,,,,,,,,,,,,,,,,,,,,,,,,,,,,,,,,,,,,,,,,,,,,,,,,,,,,,,,,,,,,,,,,,,,,,,,,,,,,,,,,,,,,,,,,,,,,,,,,,,,,,,,,,,,,,,,,,,,,,,,,,,,,,,,,,,,,,,,,,,,,,,,,,,,,,,,,,,,,,,,,,,,,,,,,,,
住宿和餐饮业,澳门特别行政区,0,,,,,,,,,,,,,,,,,,,,,,,,,,,,,,,,,,,,,,,,,,,,,,,,,,,,,,,,,,,,,,,,,,,,,,,,,,,,,,,,,,,,,,,,,,,,,,,,,,,,,,,,,,,,,,,,,,,,,,,,,,,,,,,,,,,,,,,,,,,,,,,,,,,,,,,,,,,,,,,,,,,,,,,,,,,,,,,,,,,,,,,,,,,,,,,,,,,,,,,,,,,,,,,,,,,,,,,,,,,,,,,,,,,,,,,,,,,,,,,,,,,,,,,,,,,,,,,,,,,,,,,,,,,,,,
木材加工和木、竹、藤、棕、草制品业,澳门特别行政区,0,,,,,,,,,,,,,,,,,,,,,,,,,,,,,,,,,,,,,,,,,,,,,,,,,,,,,,,,,,,,,,,,,,,,,,,,,,,,,,,,,,,,,,,,,,,,,,,,,,,,,,,,,,,,,,,,,,,,,,,,,,,,,,,,,,,,,,,,,,,,,,,,,,,,,,,,,,,,,,,,,,,,,,,,,,,,,,,,,,,,,,,,,,,,,,,,,,,,,,,,,,,,,,,,,,,,,,,,,,,,,,,,,,,,,,,,,,,,,,,,,,,,,,,,,,,,,,,,,,,,,,,,,,,,,,
居民服务、修理和其他服务业,澳门特别行政区,0,,,,,,,,,,,,,,,,,,,,,,,,,,,,,,,,,,,,,,,,,,,,,,,,,,,,,,,,,,,,,,,,,,,,,,,,,,,,,,,,,,,,,,,,,,,,,,,,,,,,,,,,,,,,,,,,,,,,,,,,,,,,,,,,,,,,,,,,,,,,,,,,,,,,,,,,,,,,,,,,,,,,,,,,,,,,,,,,,,,,,,,,,,,,,,,,,,,,,,,,,,,,,,,,,,,,,,,,,,,,,,,,,,,,,,,,,,,,,,,,,,,,,,,,,,,,,,,,,,,,,,,,,,,,,,
